sensor_timestamp,forecasted_value,actual_value
2025-12-08 00:01:00,968.916321,1210.914286
2025-12-08 00:01:01,991.219177,1210.914286
2025-12-08 00:01:02,1011.764954,1210.914286
2025-12-08 00:01:03,1030.626953,1210.914286
2025-12-08 00:01:04,1047.825073,801.000000
2025-12-08 00:01:05,1063.434204,1026.400000
2025-12-08 00:01:06,1077.564087,1181.000000
2025-12-08 00:01:07,1090.343140,1017.900000
2025-12-08 00:01:08,1101.904785,998.600000
2025-12-08 00:01:09,1112.380493,1076.100000
2025-12-08 00:01:10,1121.894531,1009.100000
2025-12-08 00:01:11,1130.561523,1058.500000
2025-12-08 00:01:12,1138.484497,1085.700000
2025-12-08 00:01:13,1145.755493,1110.500000
2025-12-08 00:01:14,1152.455688,1138.400000
2025-12-08 00:01:15,1158.655518,1162.700000
2025-12-08 00:01:16,1164.416016,1179.200000
2025-12-08 00:01:17,1169.790161,1200.000000
2025-12-08 00:01:18,1174.822510,1217.700000
2025-12-08 00:01:19,1179.551880,1231.600000
2025-12-08 00:01:20,1184.011230,1241.700000
2025-12-08 00:01:21,1188.228638,1244.700000
2025-12-08 00:01:22,1192.227783,1240.000000
2025-12-08 00:01:23,1196.029175,1247.000000
2025-12-08 00:01:24,1199.650269,1251.800000
2025-12-08 00:01:25,1203.106445,1247.700000
2025-12-08 00:01:26,1206.410034,1245.200000
2025-12-08 00:01:27,1209.572632,1251.200000
2025-12-08 00:01:28,1212.603882,1250.800000
2025-12-08 00:01:29,1215.512451,1253.000000
2025-12-08 00:01:30,1218.306030,1248.400000
2025-12-08 00:01:31,1220.991089,1245.400000
2025-12-08 00:01:32,1223.573975,1245.500000
2025-12-08 00:01:33,1226.060181,1246.100000
2025-12-08 00:01:34,1228.454468,1248.100000
2025-12-08 00:01:35,1230.761719,1249.200000
2025-12-08 00:01:36,1232.986084,1250.900000
2025-12-08 00:01:37,1235.131348,1243.000000
2025-12-08 00:01:38,1237.201660,1243.800000
2025-12-08 00:01:39,1239.199951,1248.700000
2025-12-08 00:01:40,1241.129639,1249.900000
2025-12-08 00:01:41,1242.993774,1249.900000
2025-12-08 00:01:42,1244.795044,1255.700000
2025-12-08 00:01:43,1246.536499,1259.200000
2025-12-08 00:01:44,1248.220581,1257.600000
2025-12-08 00:01:45,1249.849609,1266.000000
2025-12-08 00:01:46,1251.425903,1267.900000
2025-12-08 00:01:47,1252.951782,1266.500000
2025-12-08 00:01:48,1254.429321,1269.900000
2025-12-08 00:01:49,1255.860474,1267.900000
2025-12-08 00:01:50,1257.247070,1269.700000
2025-12-08 00:01:51,1258.590820,1274.200000
2025-12-08 00:01:52,1259.893677,1274.100000
2025-12-08 00:01:53,1261.157227,1271.600000
2025-12-08 00:01:54,1262.382812,1274.600000
2025-12-08 00:01:55,1263.572144,1273.100000
2025-12-08 00:01:56,1264.726318,1273.500000
2025-12-08 00:01:57,1265.847168,1279.100000
2025-12-08 00:01:58,1266.935669,1277.100000
2025-12-08 00:01:59,1267.992920,1297.100000
2025-12-08 00:02:00,1281.600220,1279.100000
2025-12-08 00:02:01,1282.199829,1272.200000
2025-12-08 00:02:02,1282.843262,1270.800000
2025-12-08 00:02:03,1283.458008,1271.800000
2025-12-08 00:02:04,1284.052612,1271.300000
2025-12-08 00:02:05,1284.631714,1270.700000
2025-12-08 00:02:06,1285.198730,1272.900000
2025-12-08 00:02:07,1285.755615,1276.500000
2025-12-08 00:02:08,1286.302734,1268.700000
2025-12-08 00:02:09,1286.840576,1267.400000
2025-12-08 00:02:10,1287.369385,1270.300000
2025-12-08 00:02:11,1287.888794,1266.600000
2025-12-08 00:02:12,1288.398804,1271.500000
2025-12-08 00:02:13,1288.899048,1267.800000
2025-12-08 00:02:14,1289.389771,1268.800000
2025-12-08 00:02:15,1289.870483,1288.200000
2025-12-08 00:02:16,1290.341309,1267.600000
2025-12-08 00:02:17,1290.802246,1271.800000
2025-12-08 00:02:18,1291.253296,1272.500000
2025-12-08 00:02:19,1291.694336,1277.300000
2025-12-08 00:02:20,1292.125610,1277.500000
2025-12-08 00:02:21,1292.547485,1280.700000
2025-12-08 00:02:22,1292.959717,1274.700000
2025-12-08 00:02:23,1293.362671,1274.900000
2025-12-08 00:02:24,1293.756348,1278.800000
2025-12-08 00:02:25,1294.141357,1271.300000
2025-12-08 00:02:26,1294.517578,1271.400000
2025-12-08 00:02:27,1294.885376,1276.400000
2025-12-08 00:02:28,1295.244995,1275.200000
2025-12-08 00:02:29,1295.596436,1276.900000
2025-12-08 00:02:30,1295.940186,1274.400000
2025-12-08 00:02:31,1296.276367,1268.600000
2025-12-08 00:02:32,1296.605103,1269.600000
2025-12-08 00:02:33,1296.926636,1274.000000
2025-12-08 00:02:34,1297.241333,1270.500000
2025-12-08 00:02:35,1297.549072,1271.800000
2025-12-08 00:02:36,1297.850342,1270.900000
2025-12-08 00:02:37,1298.145142,1269.200000
2025-12-08 00:02:38,1298.433594,1271.100000
2025-12-08 00:02:39,1298.715942,1273.300000
2025-12-08 00:02:40,1298.992432,1272.900000
2025-12-08 00:02:41,1299.263184,1277.500000
2025-12-08 00:02:42,1299.528076,1269.700000
2025-12-08 00:02:43,1299.787842,1266.100000
2025-12-08 00:02:44,1300.041992,1271.000000
2025-12-08 00:02:45,1300.290771,1269.300000
2025-12-08 00:02:46,1300.534668,1272.800000
2025-12-08 00:02:47,1300.773560,1274.300000
2025-12-08 00:02:48,1301.007446,1269.500000
2025-12-08 00:02:49,1301.236694,1268.600000
2025-12-08 00:02:50,1301.461426,1269.200000
2025-12-08 00:02:51,1301.681274,1272.900000
2025-12-08 00:02:52,1301.896851,1269.600000
2025-12-08 00:02:53,1302.108154,1269.100000
2025-12-08 00:02:54,1302.315063,1265.100000
2025-12-08 00:02:55,1302.517822,1269.000000
2025-12-08 00:02:56,1302.716553,1269.000000
2025-12-08 00:02:57,1302.911377,1273.600000
2025-12-08 00:02:58,1303.102295,1269.100000
2025-12-08 00:02:59,1303.289307,1277.400000
2025-12-08 00:03:00,1276.764282,1271.200000
2025-12-08 00:03:01,1277.597778,1273.900000
2025-12-08 00:03:02,1278.413452,1271.900000
2025-12-08 00:03:03,1279.200806,1269.800000
2025-12-08 00:03:04,1279.960327,1285.800000
2025-12-08 00:03:05,1280.692749,1270.100000
2025-12-08 00:03:06,1281.399292,1291.200000
2025-12-08 00:03:07,1282.082397,1266.400000
2025-12-08 00:03:08,1282.743164,1264.300000
2025-12-08 00:03:09,1283.383789,1275.500000
2025-12-08 00:03:10,1284.005737,1272.300000
2025-12-08 00:03:11,1284.610107,1268.300000
2025-12-08 00:03:12,1285.198364,1271.600000
2025-12-08 00:03:13,1285.771729,1267.800000
2025-12-08 00:03:14,1286.330811,1269.100000
2025-12-08 00:03:15,1286.876587,1279.500000
2025-12-08 00:03:16,1287.409668,1265.100000
2025-12-08 00:03:17,1287.930542,1267.300000
2025-12-08 00:03:18,1288.439819,1271.700000
2025-12-08 00:03:19,1288.937744,1273.700000
2025-12-08 00:03:20,1289.424561,1271.500000
2025-12-08 00:03:21,1289.900879,1275.900000
2025-12-08 00:03:22,1290.367065,1274.300000
2025-12-08 00:03:23,1290.822754,1280.400000
2025-12-08 00:03:24,1291.268799,1283.800000
2025-12-08 00:03:25,1291.705200,1263.900000
2025-12-08 00:03:26,1292.132202,1270.200000
2025-12-08 00:03:27,1292.549805,1307.200000
2025-12-08 00:03:28,1292.958496,1400.800000
2025-12-08 00:03:29,1293.358398,1377.400000
2025-12-08 00:03:30,1293.749512,1377.100000
2025-12-08 00:03:31,1294.132324,1377.200000
2025-12-08 00:03:32,1294.506714,1377.500000
2025-12-08 00:03:33,1294.873169,1380.900000
2025-12-08 00:03:34,1295.231567,1385.200000
2025-12-08 00:03:35,1295.582397,1390.800000
2025-12-08 00:03:36,1295.925659,1366.700000
2025-12-08 00:03:37,1296.261475,1379.200000
2025-12-08 00:03:38,1296.590210,1378.300000
2025-12-08 00:03:39,1296.911743,1380.600000
2025-12-08 00:03:40,1297.226685,1381.100000
2025-12-08 00:03:41,1297.534546,1374.500000
2025-12-08 00:03:42,1297.836304,1382.200000
2025-12-08 00:03:43,1298.131470,1373.400000
2025-12-08 00:03:44,1298.420288,1379.100000
2025-12-08 00:03:45,1298.703247,1376.600000
2025-12-08 00:03:46,1298.980103,1376.000000
2025-12-08 00:03:47,1299.251221,1375.100000
2025-12-08 00:03:48,1299.516846,1376.300000
2025-12-08 00:03:49,1299.776611,1374.800000
2025-12-08 00:03:50,1300.031250,1374.600000
2025-12-08 00:03:51,1300.280396,1377.900000
2025-12-08 00:03:52,1300.524658,1382.400000
2025-12-08 00:03:53,1300.763794,1386.400000
2025-12-08 00:03:54,1300.998047,1383.300000
2025-12-08 00:03:55,1301.227417,1376.100000
2025-12-08 00:03:56,1301.452026,1405.400000
2025-12-08 00:03:57,1301.672241,1447.600000
2025-12-08 00:03:58,1301.888062,1438.700000
2025-12-08 00:03:59,1302.099487,1437.000000
2025-12-08 00:04:00,1401.275391,1447.400000
2025-12-08 00:04:01,1400.124634,1447.400000
2025-12-08 00:04:02,1399.149414,1437.700000
2025-12-08 00:04:03,1398.160645,1439.200000
2025-12-08 00:04:04,1397.188721,1441.200000
2025-12-08 00:04:05,1396.249756,1443.600000
2025-12-08 00:04:06,1395.349121,1451.000000
2025-12-08 00:04:07,1394.487061,1440.200000
2025-12-08 00:04:08,1393.660767,1446.800000
2025-12-08 00:04:09,1392.865723,1444.900000
2025-12-08 00:04:10,1392.097168,1443.800000
2025-12-08 00:04:11,1391.349976,1441.100000
2025-12-08 00:04:12,1390.619507,1447.900000
2025-12-08 00:04:13,1389.901733,1434.400000
2025-12-08 00:04:14,1389.193237,1432.200000
2025-12-08 00:04:15,1388.491211,1442.300000
2025-12-08 00:04:16,1387.793091,1448.000000
2025-12-08 00:04:17,1387.097290,1439.500000
2025-12-08 00:04:18,1386.402710,1438.100000
2025-12-08 00:04:19,1385.708130,1444.600000
2025-12-08 00:04:20,1385.013184,1446.100000
2025-12-08 00:04:21,1384.317505,1445.600000
2025-12-08 00:04:22,1383.621094,1448.800000
2025-12-08 00:04:23,1382.923584,1433.700000
2025-12-08 00:04:24,1382.225708,1436.800000
2025-12-08 00:04:25,1381.527222,1446.800000
2025-12-08 00:04:26,1380.828613,1440.700000
2025-12-08 00:04:27,1380.130127,1445.400000
2025-12-08 00:04:28,1379.432739,1446.400000
2025-12-08 00:04:29,1378.736694,1455.500000
2025-12-08 00:04:30,1378.041626,1439.800000
2025-12-08 00:04:31,1377.348145,1435.100000
2025-12-08 00:04:32,1376.656250,1450.000000
2025-12-08 00:04:33,1375.966309,1436.300000
2025-12-08 00:04:34,1375.278564,1436.400000
2025-12-08 00:04:35,1374.593384,1430.800000
2025-12-08 00:04:36,1373.910889,1453.100000
2025-12-08 00:04:37,1373.230835,1519.400000
2025-12-08 00:04:38,1372.554199,1517.600000
2025-12-08 00:04:39,1371.880615,1517.700000
2025-12-08 00:04:40,1371.210083,1519.500000
2025-12-08 00:04:41,1370.543335,1525.400000
2025-12-08 00:04:42,1369.880127,1522.100000
2025-12-08 00:04:43,1369.220459,1521.400000
2025-12-08 00:04:44,1368.564575,1523.200000
2025-12-08 00:04:45,1367.912598,1525.500000
2025-12-08 00:04:46,1367.264771,1525.000000
2025-12-08 00:04:47,1366.620728,1523.200000
2025-12-08 00:04:48,1365.980957,1525.800000
2025-12-08 00:04:49,1365.345215,1522.600000
2025-12-08 00:04:50,1364.713989,1529.200000
2025-12-08 00:04:51,1364.087158,1529.300000
2025-12-08 00:04:52,1363.464600,1528.000000
2025-12-08 00:04:53,1362.846558,1520.600000
2025-12-08 00:04:54,1362.233032,1516.600000
2025-12-08 00:04:55,1361.623901,1515.900000
2025-12-08 00:04:56,1361.019409,1516.200000
2025-12-08 00:04:57,1360.419800,1523.600000
2025-12-08 00:04:58,1359.825195,1520.800000
2025-12-08 00:04:59,1359.234985,1518.000000
2025-12-08 00:05:00,1521.297119,1519.600000
2025-12-08 00:05:01,1521.897705,1523.300000
2025-12-08 00:05:02,1522.492676,1518.200000
2025-12-08 00:05:03,1523.103638,1520.700000
2025-12-08 00:05:04,1523.727661,1521.000000
2025-12-08 00:05:05,1524.362061,1519.300000
2025-12-08 00:05:06,1525.005127,1525.300000
2025-12-08 00:05:07,1525.655762,1533.000000
2025-12-08 00:05:08,1526.313232,1517.400000
2025-12-08 00:05:09,1526.977783,1526.600000
2025-12-08 00:05:10,1527.649414,1537.700000
2025-12-08 00:05:11,1528.328491,1518.000000
2025-12-08 00:05:12,1529.015381,1518.700000
2025-12-08 00:05:13,1529.710938,1518.700000
2025-12-08 00:05:14,1530.415405,1519.600000
2025-12-08 00:05:15,1531.130005,1524.200000
2025-12-08 00:05:16,1531.855469,1526.900000
2025-12-08 00:05:17,1532.592651,1526.400000
2025-12-08 00:05:18,1533.342163,1521.500000
2025-12-08 00:05:19,1534.104736,1528.600000
2025-12-08 00:05:20,1534.881226,1528.600000
2025-12-08 00:05:21,1535.672485,1529.400000
2025-12-08 00:05:22,1536.478882,1526.400000
2025-12-08 00:05:23,1537.301514,1522.600000
2025-12-08 00:05:24,1538.140503,1523.500000
2025-12-08 00:05:25,1538.997192,1521.900000
2025-12-08 00:05:26,1539.871826,1586.500000
2025-12-08 00:05:27,1540.765503,1641.700000
2025-12-08 00:05:28,1541.678711,1661.500000
2025-12-08 00:05:29,1542.611816,1650.500000
2025-12-08 00:05:30,1543.566040,1658.500000
2025-12-08 00:05:31,1544.541504,1678.800000
2025-12-08 00:05:32,1545.539062,1661.600000
2025-12-08 00:05:33,1546.559937,1675.600000
2025-12-08 00:05:34,1547.604248,1655.600000
2025-12-08 00:05:35,1548.672607,1658.700000
2025-12-08 00:05:36,1549.766724,1659.300000
2025-12-08 00:05:37,1550.886597,1659.200000
2025-12-08 00:05:38,1552.034546,1654.400000
2025-12-08 00:05:39,1553.210083,1657.600000
2025-12-08 00:05:40,1554.413696,1660.400000
2025-12-08 00:05:41,1555.646606,1658.500000
2025-12-08 00:05:42,1556.909058,1658.100000
2025-12-08 00:05:43,1558.202271,1660.900000
2025-12-08 00:05:44,1559.527344,1656.000000
2025-12-08 00:05:45,1560.885254,1658.100000
2025-12-08 00:05:46,1562.276733,1664.100000
2025-12-08 00:05:47,1563.702759,1653.000000
2025-12-08 00:05:48,1565.165039,1659.900000
2025-12-08 00:05:49,1566.663940,1659.200000
2025-12-08 00:05:50,1568.200928,1661.000000
2025-12-08 00:05:51,1569.777588,1658.900000
2025-12-08 00:05:52,1571.394897,1658.900000
2025-12-08 00:05:53,1573.054199,1656.000000
2025-12-08 00:05:54,1574.756836,1661.900000
2025-12-08 00:05:55,1576.504517,1656.500000
2025-12-08 00:05:56,1578.298584,1656.900000
2025-12-08 00:05:57,1580.140869,1662.300000
2025-12-08 00:05:58,1582.032959,1659.500000
2025-12-08 00:05:59,1583.976929,1656.200000
2025-12-08 00:06:00,1692.739624,1665.200000
2025-12-08 00:06:01,1699.212524,1662.200000
2025-12-08 00:06:02,1705.441528,1665.400000
2025-12-08 00:06:03,1711.821533,1661.200000
2025-12-08 00:06:04,1718.371948,1657.800000
2025-12-08 00:06:05,1725.110352,1660.200000
2025-12-08 00:06:06,1732.058228,1660.800000
2025-12-08 00:06:07,1739.238403,1662.000000
2025-12-08 00:06:08,1746.674072,1657.400000
2025-12-08 00:06:09,1754.388062,1667.200000
2025-12-08 00:06:10,1762.403809,1669.900000
2025-12-08 00:06:11,1770.744019,1659.000000
2025-12-08 00:06:12,1779.430664,1677.000000
2025-12-08 00:06:13,1788.486694,1662.900000
2025-12-08 00:06:14,1797.934937,1659.600000
2025-12-08 00:06:15,1807.798584,1661.200000
2025-12-08 00:06:16,1818.101685,1656.500000
2025-12-08 00:06:17,1828.867798,1657.600000
2025-12-08 00:06:18,1840.122681,1676.100000
2025-12-08 00:06:19,1851.891846,1667.900000
2025-12-08 00:06:20,1864.202148,1663.400000
2025-12-08 00:06:21,1877.081177,1660.500000
2025-12-08 00:06:22,1890.557495,1662.100000
2025-12-08 00:06:23,1904.660889,1662.500000
2025-12-08 00:06:24,1919.420776,1661.600000
2025-12-08 00:06:25,1934.868164,1660.000000
2025-12-08 00:06:26,1951.034058,1669.500000
2025-12-08 00:06:27,1967.950806,1659.900000
2025-12-08 00:06:28,1985.648926,1663.000000
2025-12-08 00:06:29,2004.157593,1657.200000
2025-12-08 00:06:30,2023.505859,1660.400000
2025-12-08 00:06:31,2043.721802,1660.300000
2025-12-08 00:06:32,2064.829590,1670.600000
2025-12-08 00:06:33,2086.851318,1662.700000
2025-12-08 00:06:34,2109.805420,1660.200000
2025-12-08 00:06:35,2133.704102,1658.200000
2025-12-08 00:06:36,2158.554443,1658.500000
2025-12-08 00:06:37,2184.355225,1659.800000
2025-12-08 00:06:38,2211.097900,1660.900000
2025-12-08 00:06:39,2238.762695,1663.800000
2025-12-08 00:06:40,2267.320557,1656.100000
2025-12-08 00:06:41,2296.728516,1660.800000
2025-12-08 00:06:42,2326.931885,1663.300000
2025-12-08 00:06:43,2357.862061,1661.100000
2025-12-08 00:06:44,2389.436279,1664.500000
2025-12-08 00:06:45,2421.558594,1660.400000
2025-12-08 00:06:46,2454.118896,1660.000000
2025-12-08 00:06:47,2486.995850,1657.300000
2025-12-08 00:06:48,2520.057129,1662.700000
2025-12-08 00:06:49,2553.162354,1663.800000
2025-12-08 00:06:50,2586.166504,1662.000000
2025-12-08 00:06:51,2618.921143,1663.600000
2025-12-08 00:06:52,2651.279541,1658.600000
2025-12-08 00:06:53,2683.098633,1659.800000
2025-12-08 00:06:54,2714.243652,1657.200000
2025-12-08 00:06:55,2744.588623,1661.400000
2025-12-08 00:06:56,2774.023682,1668.600000
2025-12-08 00:06:57,2802.450195,1671.000000
2025-12-08 00:06:58,2829.788330,1661.000000
2025-12-08 00:06:59,2855.974365,1660.300000
2025-12-08 00:07:00,1699.126831,1666.800000
2025-12-08 00:07:01,1705.788574,1664.800000
2025-12-08 00:07:02,1712.181519,1665.600000
2025-12-08 00:07:03,1718.736816,1664.700000
2025-12-08 00:07:04,1725.476685,1660.100000
2025-12-08 00:07:05,1732.421265,1657.100000
2025-12-08 00:07:06,1739.592773,1657.100000
2025-12-08 00:07:07,1747.016113,1661.000000
2025-12-08 00:07:08,1754.715820,1656.300000
2025-12-08 00:07:09,1762.715698,1665.000000
2025-12-08 00:07:10,1771.040405,1657.600000
2025-12-08 00:07:11,1779.712402,1662.000000
2025-12-08 00:07:12,1788.755249,1658.000000
2025-12-08 00:07:13,1798.193115,1662.100000
2025-12-08 00:07:14,1808.048218,1658.800000
2025-12-08 00:07:15,1818.344849,1663.700000
2025-12-08 00:07:16,1829.107910,1661.000000
2025-12-08 00:07:17,1840.361938,1661.000000
2025-12-08 00:07:18,1852.133057,1661.900000
2025-12-08 00:07:19,1864.447754,1668.600000
2025-12-08 00:07:20,1877.333618,1667.300000
2025-12-08 00:07:21,1890.818237,1658.900000
2025-12-08 00:07:22,1904.931519,1657.300000
2025-12-08 00:07:23,1919.702759,1663.700000
2025-12-08 00:07:24,1935.162720,1664.600000
2025-12-08 00:07:25,1951.342285,1660.600000
2025-12-08 00:07:26,1968.272095,1665.200000
2025-12-08 00:07:27,1985.983154,1654.900000
2025-12-08 00:07:28,2004.505371,1660.400000
2025-12-08 00:07:29,2023.868286,1660.300000
2025-12-08 00:07:30,2044.098633,1680.300000
2025-12-08 00:07:31,2065.221924,1660.400000
2025-12-08 00:07:32,2087.259521,1662.400000
2025-12-08 00:07:33,2110.229980,1662.800000
2025-12-08 00:07:34,2134.145508,1659.900000
2025-12-08 00:07:35,2159.012207,1660.100000
2025-12-08 00:07:36,2184.829834,1659.900000
2025-12-08 00:07:37,2211.588867,1663.000000
2025-12-08 00:07:38,2239.270264,1662.100000
2025-12-08 00:07:39,2267.843750,1662.500000
2025-12-08 00:07:40,2297.266602,1661.600000
2025-12-08 00:07:41,2327.483643,1662.900000
2025-12-08 00:07:42,2358.426514,1668.300000
2025-12-08 00:07:43,2390.011719,1656.100000
2025-12-08 00:07:44,2422.142822,1652.500000
2025-12-08 00:07:45,2454.709717,1659.300000
2025-12-08 00:07:46,2487.591309,1660.900000
2025-12-08 00:07:47,2520.654541,1664.100000
2025-12-08 00:07:48,2553.759521,1659.100000
2025-12-08 00:07:49,2586.760498,1659.900000
2025-12-08 00:07:50,2619.509033,1659.100000
2025-12-08 00:07:51,2651.858887,1662.500000
2025-12-08 00:07:52,2683.667236,1657.800000
2025-12-08 00:07:53,2714.798340,1658.800000
2025-12-08 00:07:54,2745.128418,1658.500000
2025-12-08 00:07:55,2774.545410,1663.400000
2025-12-08 00:07:56,2802.953613,1667.000000
2025-12-08 00:07:57,2830.270752,1666.000000
2025-12-08 00:07:58,2856.435059,1665.200000
2025-12-08 00:07:59,2881.400391,1663.300000
2025-12-08 00:08:00,1699.294434,1666.100000
2025-12-08 00:08:01,1705.906982,1667.000000
2025-12-08 00:08:02,1712.287842,1664.300000
2025-12-08 00:08:03,1718.833008,1660.900000
2025-12-08 00:08:04,1725.563965,1670.000000
2025-12-08 00:08:05,1732.500488,1661.100000
2025-12-08 00:08:06,1739.666626,1663.000000
2025-12-08 00:08:07,1747.085938,1661.400000
2025-12-08 00:08:08,1754.783325,1662.500000
2025-12-08 00:08:09,1762.782227,1662.500000
2025-12-08 00:08:10,1771.106689,1664.200000
2025-12-08 00:08:11,1779.779663,1663.600000
2025-12-08 00:08:12,1788.824463,1664.100000
2025-12-08 00:08:13,1798.264160,1664.100000
2025-12-08 00:08:14,1808.122559,1666.400000
2025-12-08 00:08:15,1818.422852,1659.100000
2025-12-08 00:08:16,1829.189941,1660.500000
2025-12-08 00:08:17,1840.448730,1662.700000
2025-12-08 00:08:18,1852.224243,1662.600000
2025-12-08 00:08:19,1864.544067,1666.000000
2025-12-08 00:08:20,1877.434814,1670.300000
2025-12-08 00:08:21,1890.925293,1661.800000
2025-12-08 00:08:22,1905.044312,1662.600000
2025-12-08 00:08:23,1919.821655,1660.800000
2025-12-08 00:08:24,1935.287720,1673.300000
2025-12-08 00:08:25,1951.473633,1663.600000
2025-12-08 00:08:26,1968.410278,1671.300000
2025-12-08 00:08:27,1986.128052,1663.600000
2025-12-08 00:08:28,2004.657593,1666.700000
2025-12-08 00:08:29,2024.027466,1660.900000
2025-12-08 00:08:30,2044.265625,1666.100000
2025-12-08 00:08:31,2065.396484,1662.300000
2025-12-08 00:08:32,2087.442139,1663.400000
2025-12-08 00:08:33,2110.420410,1668.400000
2025-12-08 00:08:34,2134.343750,1680.500000
2025-12-08 00:08:35,2159.218506,1665.100000
2025-12-08 00:08:36,2185.044434,1666.400000
2025-12-08 00:08:37,2211.811279,1665.000000
2025-12-08 00:08:38,2239.500244,1665.500000
2025-12-08 00:08:39,2268.080811,1667.600000
2025-12-08 00:08:40,2297.510498,1667.800000
2025-12-08 00:08:41,2327.733643,1663.800000
2025-12-08 00:08:42,2358.682373,1678.700000
2025-12-08 00:08:43,2390.272217,1664.300000
2025-12-08 00:08:44,2422.407471,1664.600000
2025-12-08 00:08:45,2454.977783,1669.400000
2025-12-08 00:08:46,2487.861084,1667.000000
2025-12-08 00:08:47,2520.925293,1663.100000
2025-12-08 00:08:48,2554.029785,1664.600000
2025-12-08 00:08:49,2587.029297,1663.700000
2025-12-08 00:08:50,2619.775635,1681.200000
2025-12-08 00:08:51,2652.121582,1675.900000
2025-12-08 00:08:52,2683.924561,1664.200000
2025-12-08 00:08:53,2715.050049,1664.900000
2025-12-08 00:08:54,2745.373047,1664.000000
2025-12-08 00:08:55,2774.782471,1665.300000
2025-12-08 00:08:56,2803.181396,1667.100000
2025-12-08 00:08:57,2830.489502,1667.800000
2025-12-08 00:08:58,2856.644531,1667.400000
2025-12-08 00:08:59,2881.599365,1670.100000
2025-12-08 00:09:00,1706.233154,1667.000000
2025-12-08 00:09:01,1713.179688,1669.800000
2025-12-08 00:09:02,1719.897095,1667.800000
2025-12-08 00:09:03,1726.783569,1670.500000
2025-12-08 00:09:04,1733.862305,1670.800000
2025-12-08 00:09:05,1741.155884,1667.700000
2025-12-08 00:09:06,1748.689575,1669.100000
2025-12-08 00:09:07,1756.489624,1665.400000
2025-12-08 00:09:08,1764.582886,1668.600000
2025-12-08 00:09:09,1772.994995,1669.600000
2025-12-08 00:09:10,1781.751709,1668.800000
2025-12-08 00:09:11,1790.878174,1665.300000
2025-12-08 00:09:12,1800.399170,1669.200000
2025-12-08 00:09:13,1810.339844,1667.800000
2025-12-08 00:09:14,1820.724976,1668.100000
2025-12-08 00:09:15,1831.580078,1672.600000
2025-12-08 00:09:16,1842.930420,1672.600000
2025-12-08 00:09:17,1854.803589,1677.400000
2025-12-08 00:09:18,1867.226196,1672.400000
2025-12-08 00:09:19,1880.225708,1674.100000
2025-12-08 00:09:20,1893.831543,1674.400000
2025-12-08 00:09:21,1908.072998,1678.000000
2025-12-08 00:09:22,1922.979370,1666.000000
2025-12-08 00:09:23,1938.581909,1679.300000
2025-12-08 00:09:24,1954.911255,1672.200000
2025-12-08 00:09:25,1971.998413,1671.700000
2025-12-08 00:09:26,1989.873901,1672.400000
2025-12-08 00:09:27,2008.567749,1673.000000
2025-12-08 00:09:28,2028.108643,1674.500000
2025-12-08 00:09:29,2048.523438,1673.500000
2025-12-08 00:09:30,2069.836426,1673.100000
2025-12-08 00:09:31,2092.068359,1691.000000
2025-12-08 00:09:32,2115.237061,1671.800000
2025-12-08 00:09:33,2139.352539,1674.100000
2025-12-08 00:09:34,2164.421143,1669.500000
2025-12-08 00:09:35,2190.438965,1672.900000
2025-12-08 00:09:36,2217.395020,1677.300000
2025-12-08 00:09:37,2245.268311,1676.400000
2025-12-08 00:09:38,2274.025879,1676.400000
2025-12-08 00:09:39,2303.622559,1673.400000
2025-12-08 00:09:40,2334.000000,1674.600000
2025-12-08 00:09:41,2365.086426,1674.000000
2025-12-08 00:09:42,2396.796387,1681.900000
2025-12-08 00:09:43,2429.029541,1672.100000
2025-12-08 00:09:44,2461.674316,1672.700000
2025-12-08 00:09:45,2494.605713,1668.900000
2025-12-08 00:09:46,2527.689941,1674.200000
2025-12-08 00:09:47,2560.784912,1672.600000
2025-12-08 00:09:48,2593.744873,1675.300000
2025-12-08 00:09:49,2626.421143,1668.300000
2025-12-08 00:09:50,2658.667480,1671.200000
2025-12-08 00:09:51,2690.341797,1689.800000
2025-12-08 00:09:52,2721.312744,1674.000000
2025-12-08 00:09:53,2751.457275,1671.600000
2025-12-08 00:09:54,2780.667725,1672.100000
2025-12-08 00:09:55,2808.849854,1669.200000
2025-12-08 00:09:56,2835.927246,1673.900000
2025-12-08 00:09:57,2861.840088,1684.400000
2025-12-08 00:09:58,2886.545898,1674.800000
2025-12-08 00:09:59,2910.018066,1675.100000
2025-12-08 00:10:00,1650.043945,1679.000000
2025-12-08 00:10:01,1645.695557,1674.000000
2025-12-08 00:10:02,1641.535767,1679.100000
2025-12-08 00:10:03,1637.473999,1681.500000
2025-12-08 00:10:04,1633.477417,1678.300000
2025-12-08 00:10:05,1629.549072,1678.200000
2025-12-08 00:10:06,1625.696045,1677.900000
2025-12-08 00:10:07,1621.922485,1674.500000
2025-12-08 00:10:08,1618.230957,1501.000000
2025-12-08 00:10:09,1614.620361,1507.200000
2025-12-08 00:10:10,1611.087769,1512.800000
2025-12-08 00:10:11,1607.629028,1517.500000
2025-12-08 00:10:12,1604.238037,1470.800000
2025-12-08 00:10:13,1600.908691,653.100000
2025-12-08 00:10:14,1597.634277,681.600000
2025-12-08 00:10:15,1594.408569,687.000000
2025-12-08 00:10:16,1591.224854,688.000000
2025-12-08 00:10:17,1588.077637,720.300000
2025-12-08 00:10:18,1584.961304,688.200000
2025-12-08 00:10:19,1581.871826,698.700000
2025-12-08 00:10:20,1578.804443,692.200000
2025-12-08 00:10:21,1575.755737,689.800000
2025-12-08 00:10:22,1572.721802,686.400000
2025-12-08 00:10:23,1569.701416,686.700000
2025-12-08 00:10:24,1566.690430,686.100000
2025-12-08 00:10:25,1563.688110,684.000000
2025-12-08 00:10:26,1560.692383,689.700000
2025-12-08 00:10:27,1557.701904,686.800000
2025-12-08 00:10:28,1554.715576,687.200000
2025-12-08 00:10:29,1551.731934,686.000000
2025-12-08 00:10:30,1548.750854,686.400000
2025-12-08 00:10:31,1545.771362,692.200000
2025-12-08 00:10:32,1542.791748,686.400000
2025-12-08 00:10:33,1539.814087,690.000000
2025-12-08 00:10:34,1536.836304,686.600000
2025-12-08 00:10:35,1533.858521,688.500000
2025-12-08 00:10:36,1530.880371,688.400000
2025-12-08 00:10:37,1527.901245,689.300000
2025-12-08 00:10:38,1524.921265,688.100000
2025-12-08 00:10:39,1521.940063,689.000000
2025-12-08 00:10:40,1518.957886,689.900000
2025-12-08 00:10:41,1515.974121,687.900000
2025-12-08 00:10:42,1512.989014,691.700000
2025-12-08 00:10:43,1510.002075,681.200000
2025-12-08 00:10:44,1507.013672,647.700000
2025-12-08 00:10:45,1504.023804,541.200000
2025-12-08 00:10:46,1501.032471,539.800000
2025-12-08 00:10:47,1498.038940,540.200000
2025-12-08 00:10:48,1495.044067,547.100000
2025-12-08 00:10:49,1492.046997,537.500000
2025-12-08 00:10:50,1489.049072,538.800000
2025-12-08 00:10:51,1486.049316,542.900000
2025-12-08 00:10:52,1483.047241,542.400000
2025-12-08 00:10:53,1480.044800,539.400000
2025-12-08 00:10:54,1477.041504,539.600000
2025-12-08 00:10:55,1474.037598,541.200000
2025-12-08 00:10:56,1471.032837,546.400000
2025-12-08 00:10:57,1468.027588,605.700000
2025-12-08 00:10:58,1465.021729,556.300000
2025-12-08 00:10:59,1462.016602,556.600000
2025-12-08 00:11:00,859.168762,555.800000
2025-12-08 00:11:01,886.272583,570.600000
2025-12-08 00:11:02,912.581299,558.300000
2025-12-08 00:11:03,937.285950,558.000000
2025-12-08 00:11:04,960.206909,557.300000
2025-12-08 00:11:05,981.271606,555.600000
2025-12-08 00:11:06,1000.503418,558.900000
2025-12-08 00:11:07,1017.987427,570.000000
2025-12-08 00:11:08,1033.844116,561.600000
2025-12-08 00:11:09,1048.211060,560.900000
2025-12-08 00:11:10,1061.230469,560.900000
2025-12-08 00:11:11,1073.041016,561.000000
2025-12-08 00:11:12,1083.773438,560.800000
2025-12-08 00:11:13,1093.547729,561.900000
2025-12-08 00:11:14,1102.472290,637.600000
2025-12-08 00:11:15,1110.643555,680.200000
2025-12-08 00:11:16,1118.146851,686.700000
2025-12-08 00:11:17,1125.056885,686.100000
2025-12-08 00:11:18,1131.438965,687.900000
2025-12-08 00:11:19,1137.350098,691.100000
2025-12-08 00:11:20,1142.839600,690.000000
2025-12-08 00:11:21,1147.950684,691.300000
2025-12-08 00:11:22,1152.720581,683.700000
2025-12-08 00:11:23,1157.181519,684.300000
2025-12-08 00:11:24,1161.362305,687.500000
2025-12-08 00:11:25,1165.287720,685.200000
2025-12-08 00:11:26,1168.979370,682.600000
2025-12-08 00:11:27,1172.456421,687.600000
2025-12-08 00:11:28,1175.735840,689.700000
2025-12-08 00:11:29,1178.832886,686.200000
2025-12-08 00:11:30,1181.760498,685.200000
2025-12-08 00:11:31,1184.531128,684.600000
2025-12-08 00:11:32,1187.155273,686.900000
2025-12-08 00:11:33,1189.642822,689.600000
2025-12-08 00:11:34,1192.002808,687.800000
2025-12-08 00:11:35,1194.242920,697.500000
2025-12-08 00:11:36,1196.370728,694.700000
2025-12-08 00:11:37,1198.393311,703.800000
2025-12-08 00:11:38,1200.316406,697.800000
2025-12-08 00:11:39,1202.145996,696.700000
2025-12-08 00:11:40,1203.887573,697.200000
2025-12-08 00:11:41,1205.546021,690.800000
2025-12-08 00:11:42,1207.125610,691.200000
2025-12-08 00:11:43,1208.631348,692.200000
2025-12-08 00:11:44,1210.066895,692.000000
2025-12-08 00:11:45,1211.435913,696.600000
2025-12-08 00:11:46,1212.741943,691.000000
2025-12-08 00:11:47,1213.988403,688.800000
2025-12-08 00:11:48,1215.178467,687.300000
2025-12-08 00:11:49,1216.314941,687.900000
2025-12-08 00:11:50,1217.400513,687.700000
2025-12-08 00:11:51,1218.437988,690.800000
2025-12-08 00:11:52,1219.429565,688.000000
2025-12-08 00:11:53,1220.377686,687.200000
2025-12-08 00:11:54,1221.284302,687.100000
2025-12-08 00:11:55,1222.151733,697.400000
2025-12-08 00:11:56,1222.981689,691.700000
2025-12-08 00:11:57,1223.776001,689.800000
2025-12-08 00:11:58,1224.536621,688.000000
2025-12-08 00:11:59,1225.264771,688.200000
2025-12-08 00:12:00,915.730835,691.500000
2025-12-08 00:12:01,937.903748,702.600000
2025-12-08 00:12:02,959.128174,688.300000
2025-12-08 00:12:03,979.123779,690.400000
2025-12-08 00:12:04,997.746887,688.700000
2025-12-08 00:12:05,1014.940674,688.400000
2025-12-08 00:12:06,1030.718750,690.500000
2025-12-08 00:12:07,1045.140869,689.200000
2025-12-08 00:12:08,1058.295044,687.300000
2025-12-08 00:12:09,1070.282593,687.100000
2025-12-08 00:12:10,1081.209473,687.700000
2025-12-08 00:12:11,1091.180298,685.200000
2025-12-08 00:12:12,1100.293701,689.800000
2025-12-08 00:12:13,1108.641235,688.500000
2025-12-08 00:12:14,1116.305786,687.400000
2025-12-08 00:12:15,1123.361572,687.700000
2025-12-08 00:12:16,1129.874146,691.700000
2025-12-08 00:12:17,1135.901489,689.000000
2025-12-08 00:12:18,1141.494629,688.200000
2025-12-08 00:12:19,1146.697632,693.600000
2025-12-08 00:12:20,1151.549683,693.200000
2025-12-08 00:12:21,1156.084229,687.800000
2025-12-08 00:12:22,1160.330933,690.600000
2025-12-08 00:12:23,1164.315918,687.300000
2025-12-08 00:12:24,1168.061646,687.400000
2025-12-08 00:12:25,1171.588013,686.200000
2025-12-08 00:12:26,1174.912720,685.400000
2025-12-08 00:12:27,1178.051514,686.900000
2025-12-08 00:12:28,1181.018066,690.600000
2025-12-08 00:12:29,1183.824707,691.300000
2025-12-08 00:12:30,1186.482666,687.100000
2025-12-08 00:12:31,1189.002075,687.000000
2025-12-08 00:12:32,1191.391724,684.700000
2025-12-08 00:12:33,1193.660156,689.700000
2025-12-08 00:12:34,1195.814697,688.700000
2025-12-08 00:12:35,1197.862427,687.400000
2025-12-08 00:12:36,1199.809692,695.200000
2025-12-08 00:12:37,1201.662231,685.800000
2025-12-08 00:12:38,1203.425537,687.000000
2025-12-08 00:12:39,1205.104614,684.500000
2025-12-08 00:12:40,1206.704224,684.700000
2025-12-08 00:12:41,1208.228760,684.700000
2025-12-08 00:12:42,1209.682129,687.700000
2025-12-08 00:12:43,1211.068237,690.400000
2025-12-08 00:12:44,1212.390747,713.000000
2025-12-08 00:12:45,1213.652832,694.800000
2025-12-08 00:12:46,1214.857788,700.200000
2025-12-08 00:12:47,1216.008423,692.900000
2025-12-08 00:12:48,1217.107788,693.700000
2025-12-08 00:12:49,1218.158081,693.700000
2025-12-08 00:12:50,1219.162109,693.600000
2025-12-08 00:12:51,1220.122070,695.600000
2025-12-08 00:12:52,1221.040161,696.000000
2025-12-08 00:12:53,1221.918335,693.100000
2025-12-08 00:12:54,1222.758789,697.200000
2025-12-08 00:12:55,1223.562988,691.700000
2025-12-08 00:12:56,1224.333130,693.400000
2025-12-08 00:12:57,1225.070312,694.600000
2025-12-08 00:12:58,1225.776489,689.800000
2025-12-08 00:12:59,1226.453003,683.800000
2025-12-08 00:13:00,916.467468,688.600000
2025-12-08 00:13:01,938.520081,684.900000
2025-12-08 00:13:02,959.649902,688.100000
2025-12-08 00:13:03,979.568848,689.100000
2025-12-08 00:13:04,998.129883,686.700000
2025-12-08 00:13:05,1015.273682,689.100000
2025-12-08 00:13:06,1031.010986,695.100000
2025-12-08 00:13:07,1045.399902,688.800000
2025-12-08 00:13:08,1058.526367,695.900000
2025-12-08 00:13:09,1070.490601,686.300000
2025-12-08 00:13:10,1081.397827,685.100000
2025-12-08 00:13:11,1091.351685,684.500000
2025-12-08 00:13:12,1100.450562,688.200000
2025-12-08 00:13:13,1108.785522,687.000000
2025-12-08 00:13:14,1116.438721,689.000000
2025-12-08 00:13:15,1123.484375,687.300000
2025-12-08 00:13:16,1129.988037,684.800000
2025-12-08 00:13:17,1136.007446,687.500000
2025-12-08 00:13:18,1141.593262,688.800000
2025-12-08 00:13:19,1146.789673,689.400000
2025-12-08 00:13:20,1151.635498,690.800000
2025-12-08 00:13:21,1156.164429,687.400000
2025-12-08 00:13:22,1160.406250,685.100000
2025-12-08 00:13:23,1164.386475,686.800000
2025-12-08 00:13:24,1168.128052,691.300000
2025-12-08 00:13:25,1171.650391,683.300000
2025-12-08 00:13:26,1174.971558,686.500000
2025-12-08 00:13:27,1178.106934,684.800000
2025-12-08 00:13:28,1181.070190,683.700000
2025-12-08 00:13:29,1183.874023,684.800000
2025-12-08 00:13:30,1186.529297,684.100000
2025-12-08 00:13:31,1189.046021,653.700000
2025-12-08 00:13:32,1191.433350,656.200000
2025-12-08 00:13:33,1193.699585,656.400000
2025-12-08 00:13:34,1195.852173,656.900000
2025-12-08 00:13:35,1197.898071,652.900000
2025-12-08 00:13:36,1199.843384,654.300000
2025-12-08 00:13:37,1201.694214,654.300000
2025-12-08 00:13:38,1203.455933,655.000000
2025-12-08 00:13:39,1205.133545,657.500000
2025-12-08 00:13:40,1206.731689,653.500000
2025-12-08 00:13:41,1208.254761,653.900000
2025-12-08 00:13:42,1209.707031,656.900000
2025-12-08 00:13:43,1211.092041,656.000000
2025-12-08 00:13:44,1212.413330,658.000000
2025-12-08 00:13:45,1213.674438,657.000000
2025-12-08 00:13:46,1214.878418,651.600000
2025-12-08 00:13:47,1216.028076,655.400000
2025-12-08 00:13:48,1217.126587,655.800000
2025-12-08 00:13:49,1218.176025,654.300000
2025-12-08 00:13:50,1219.179321,659.000000
2025-12-08 00:13:51,1220.138550,653.300000
2025-12-08 00:13:52,1221.055908,655.400000
2025-12-08 00:13:53,1221.933350,654.800000
2025-12-08 00:13:54,1222.773193,658.200000
2025-12-08 00:13:55,1223.576782,655.400000
2025-12-08 00:13:56,1224.346313,654.400000
2025-12-08 00:13:57,1225.083008,653.500000
2025-12-08 00:13:58,1225.788696,655.700000
2025-12-08 00:13:59,1226.464600,658.700000
2025-12-08 00:14:00,900.664429,666.200000
2025-12-08 00:14:01,924.160156,660.500000
2025-12-08 00:14:02,946.715210,659.900000
2025-12-08 00:14:03,967.943298,659.300000
2025-12-08 00:14:04,987.690430,655.300000
2025-12-08 00:14:05,1005.897034,673.000000
2025-12-08 00:14:06,1022.579956,655.700000
2025-12-08 00:14:07,1037.805664,657.300000
2025-12-08 00:14:08,1051.670654,658.000000
2025-12-08 00:14:09,1064.285400,658.900000
2025-12-08 00:14:10,1075.765381,653.800000
2025-12-08 00:14:11,1086.223877,652.600000
2025-12-08 00:14:12,1095.767944,655.200000
2025-12-08 00:14:13,1104.496216,653.400000
2025-12-08 00:14:14,1112.498047,654.100000
2025-12-08 00:14:15,1119.853394,651.800000
2025-12-08 00:14:16,1126.632935,650.800000
2025-12-08 00:14:17,1132.898804,654.900000
2025-12-08 00:14:18,1138.705811,654.100000
2025-12-08 00:14:19,1144.101562,660.600000
2025-12-08 00:14:20,1149.127319,654.300000
2025-12-08 00:14:21,1153.819580,651.100000
2025-12-08 00:14:22,1158.209839,651.700000
2025-12-08 00:14:23,1162.325562,651.700000
2025-12-08 00:14:24,1166.191040,654.800000
2025-12-08 00:14:25,1169.827637,652.700000
2025-12-08 00:14:26,1173.253662,653.700000
2025-12-08 00:14:27,1176.486084,653.100000
2025-12-08 00:14:28,1179.539429,652.600000
2025-12-08 00:14:29,1182.426514,652.400000
2025-12-08 00:14:30,1185.159424,654.900000
2025-12-08 00:14:31,1187.748779,652.300000
2025-12-08 00:14:32,1190.203735,652.600000
2025-12-08 00:14:33,1192.533203,651.800000
2025-12-08 00:14:34,1194.744873,650.300000
2025-12-08 00:14:35,1196.846313,653.300000
2025-12-08 00:14:36,1198.843872,647.400000
2025-12-08 00:14:37,1200.744019,657.100000
2025-12-08 00:14:38,1202.551880,654.300000
2025-12-08 00:14:39,1204.272949,655.400000
2025-12-08 00:14:40,1205.912231,654.400000
2025-12-08 00:14:41,1207.474121,652.200000
2025-12-08 00:14:42,1208.962769,654.800000
2025-12-08 00:14:43,1210.382324,653.100000
2025-12-08 00:14:44,1211.736450,654.700000
2025-12-08 00:14:45,1213.028442,653.100000
2025-12-08 00:14:46,1214.261719,650.400000
2025-12-08 00:14:47,1215.439209,652.400000
2025-12-08 00:14:48,1216.563965,651.700000
2025-12-08 00:14:49,1217.638550,651.300000
2025-12-08 00:14:50,1218.665405,653.500000
2025-12-08 00:14:51,1219.647095,657.300000
2025-12-08 00:14:52,1220.585938,650.100000
2025-12-08 00:14:53,1221.483765,653.600000
2025-12-08 00:14:54,1222.342773,653.000000
2025-12-08 00:14:55,1223.164795,649.900000
2025-12-08 00:14:56,1223.951660,653.700000
2025-12-08 00:14:57,1224.704834,653.200000
2025-12-08 00:14:58,1225.426270,650.800000
2025-12-08 00:14:59,1226.117310,653.000000
2025-12-08 00:15:00,899.128845,654.000000
2025-12-08 00:15:01,922.739380,656.400000
2025-12-08 00:15:02,945.420715,654.800000
2025-12-08 00:15:03,966.769409,653.600000
2025-12-08 00:15:04,986.629333,652.000000
2025-12-08 00:15:05,1004.939697,654.800000
2025-12-08 00:15:06,1021.716614,655.200000
2025-12-08 00:15:07,1037.026733,785.100000
2025-12-08 00:15:08,1050.966797,755.400000
2025-12-08 00:15:09,1063.648315,753.100000
2025-12-08 00:15:10,1075.187622,752.300000
2025-12-08 00:15:11,1085.698364,659.700000
2025-12-08 00:15:12,1095.288574,754.700000
2025-12-08 00:15:13,1104.057617,750.500000
2025-12-08 00:15:14,1112.095581,806.200000
2025-12-08 00:15:15,1119.483032,769.200000
2025-12-08 00:15:16,1126.291138,762.500000
2025-12-08 00:15:17,1132.582520,763.700000
2025-12-08 00:15:18,1138.412476,755.400000
2025-12-08 00:15:19,1143.828491,758.000000
2025-12-08 00:15:20,1148.872681,758.400000
2025-12-08 00:15:21,1153.581787,761.600000
2025-12-08 00:15:22,1157.987183,759.700000
2025-12-08 00:15:23,1162.116821,758.500000
2025-12-08 00:15:24,1165.994873,760.100000
2025-12-08 00:15:25,1169.642944,756.900000
2025-12-08 00:15:26,1173.079712,758.900000
2025-12-08 00:15:27,1176.322021,762.200000
2025-12-08 00:15:28,1179.384277,759.700000
2025-12-08 00:15:29,1182.279907,760.500000
2025-12-08 00:15:30,1185.020752,758.100000
2025-12-08 00:15:31,1187.617310,756.900000
2025-12-08 00:15:32,1190.079102,761.400000
2025-12-08 00:15:33,1192.414917,762.300000
2025-12-08 00:15:34,1194.632690,761.300000
2025-12-08 00:15:35,1196.739746,760.000000
2025-12-08 00:15:36,1198.742676,757.600000
2025-12-08 00:15:37,1200.647583,768.000000
2025-12-08 00:15:38,1202.460083,757.000000
2025-12-08 00:15:39,1204.185669,758.900000
2025-12-08 00:15:40,1205.829102,775.600000
2025-12-08 00:15:41,1207.394897,765.900000
2025-12-08 00:15:42,1208.887329,775.300000
2025-12-08 00:15:43,1210.310425,760.500000
2025-12-08 00:15:44,1211.667725,758.700000
2025-12-08 00:15:45,1212.962891,759.700000
2025-12-08 00:15:46,1214.199219,1056.100000
2025-12-08 00:15:47,1215.379517,1055.400000
2025-12-08 00:15:48,1216.506958,948.700000
2025-12-08 00:15:49,1217.584106,966.700000
2025-12-08 00:15:50,1218.613403,1063.000000
2025-12-08 00:15:51,1219.597290,968.200000
2025-12-08 00:15:52,1220.538086,1014.700000
2025-12-08 00:15:53,1221.438110,1042.800000
2025-12-08 00:15:54,1222.299072,1068.500000
2025-12-08 00:15:55,1223.123047,1091.400000
2025-12-08 00:15:56,1223.911621,1112.900000
2025-12-08 00:15:57,1224.666626,1134.100000
2025-12-08 00:15:58,1225.389648,1152.100000
2025-12-08 00:15:59,1226.082153,1167.100000
2025-12-08 00:16:00,1137.688843,1178.800000
2025-12-08 00:16:01,1143.521851,1184.000000
2025-12-08 00:16:02,1148.919189,1187.300000
2025-12-08 00:16:03,1153.831421,1193.400000
2025-12-08 00:16:04,1158.329834,1200.400000
2025-12-08 00:16:05,1162.479126,1199.600000
2025-12-08 00:16:06,1166.332153,1199.700000
2025-12-08 00:16:07,1169.930542,1198.500000
2025-12-08 00:16:08,1173.307129,1198.900000
2025-12-08 00:16:09,1176.487183,1198.800000
2025-12-08 00:16:10,1179.491699,1199.100000
2025-12-08 00:16:11,1182.336426,1198.000000
2025-12-08 00:16:12,1185.034790,1197.600000
2025-12-08 00:16:13,1187.597534,1196.100000
2025-12-08 00:16:14,1190.033813,1191.700000
2025-12-08 00:16:15,1192.351562,1194.800000
2025-12-08 00:16:16,1194.557617,1193.100000
2025-12-08 00:16:17,1196.658081,1196.300000
2025-12-08 00:16:18,1198.658691,1193.500000
2025-12-08 00:16:19,1200.564453,1197.700000
2025-12-08 00:16:20,1202.380371,1200.000000
2025-12-08 00:16:21,1204.111084,1196.600000
2025-12-08 00:16:22,1205.760620,1198.600000
2025-12-08 00:16:23,1207.333374,1201.700000
2025-12-08 00:16:24,1208.832886,1207.100000
2025-12-08 00:16:25,1210.263062,1201.500000
2025-12-08 00:16:26,1211.627319,1208.400000
2025-12-08 00:16:27,1212.929077,1212.600000
2025-12-08 00:16:28,1214.171509,1215.500000
2025-12-08 00:16:29,1215.357422,1215.500000
2025-12-08 00:16:30,1216.489746,1217.100000
2025-12-08 00:16:31,1217.571289,1215.300000
2025-12-08 00:16:32,1218.604370,1218.600000
2025-12-08 00:16:33,1219.591797,1222.100000
2025-12-08 00:16:34,1220.535645,1227.100000
2025-12-08 00:16:35,1221.438110,1219.900000
2025-12-08 00:16:36,1222.301147,1219.900000
2025-12-08 00:16:37,1223.126953,1222.300000
2025-12-08 00:16:38,1223.916992,1222.100000
2025-12-08 00:16:39,1224.673340,1222.000000
2025-12-08 00:16:40,1225.397461,1220.900000
2025-12-08 00:16:41,1226.090942,1221.800000
2025-12-08 00:16:42,1226.755127,1223.500000
2025-12-08 00:16:43,1227.391724,1228.200000
2025-12-08 00:16:44,1228.001587,1223.100000
2025-12-08 00:16:45,1228.586304,1223.700000
2025-12-08 00:16:46,1229.146851,1217.600000
2025-12-08 00:16:47,1229.685913,1217.300000
2025-12-08 00:16:48,1230.203125,1219.200000
2025-12-08 00:16:49,1230.698730,1215.000000
2025-12-08 00:16:50,1231.174683,1217.100000
2025-12-08 00:16:51,1231.631958,1217.600000
2025-12-08 00:16:52,1232.070312,1219.000000
2025-12-08 00:16:53,1232.491577,1216.600000
2025-12-08 00:16:54,1232.896240,1217.000000
2025-12-08 00:16:55,1233.285034,1219.000000
2025-12-08 00:16:56,1233.658936,1221.100000
2025-12-08 00:16:57,1234.018066,1224.600000
2025-12-08 00:16:58,1234.363281,1217.700000
2025-12-08 00:16:59,1234.695190,1232.600000
2025-12-08 00:17:00,1226.639526,1225.400000
2025-12-08 00:17:01,1227.297974,1220.700000
2025-12-08 00:17:02,1227.949585,1224.000000
2025-12-08 00:17:03,1228.571899,1225.400000
2025-12-08 00:17:04,1229.162109,1221.300000
2025-12-08 00:17:05,1229.721313,1221.800000
2025-12-08 00:17:06,1230.251343,1221.300000
2025-12-08 00:17:07,1230.754150,1224.800000
2025-12-08 00:17:08,1231.231934,1222.700000
2025-12-08 00:17:09,1231.687012,1221.600000
2025-12-08 00:17:10,1232.120972,1218.000000
2025-12-08 00:17:11,1232.535400,1222.800000
2025-12-08 00:17:12,1232.932251,1219.700000
2025-12-08 00:17:13,1233.312500,1219.900000
2025-12-08 00:17:14,1233.677368,1217.800000
2025-12-08 00:17:15,1234.027954,1221.700000
2025-12-08 00:17:16,1234.364990,1215.500000
2025-12-08 00:17:17,1234.689331,1219.200000
2025-12-08 00:17:18,1235.001587,1221.000000
2025-12-08 00:17:19,1235.302368,1225.600000
2025-12-08 00:17:20,1235.592163,1223.800000
2025-12-08 00:17:21,1235.871582,1221.900000
2025-12-08 00:17:22,1236.140869,1211.000000
2025-12-08 00:17:23,1236.400269,1216.800000
2025-12-08 00:17:24,1236.650391,1219.800000
2025-12-08 00:17:25,1236.891479,1213.800000
2025-12-08 00:17:26,1237.123657,1213.600000
2025-12-08 00:17:27,1237.347534,1218.100000
2025-12-08 00:17:28,1237.563232,1218.100000
2025-12-08 00:17:29,1237.771240,1222.900000
2025-12-08 00:17:30,1237.971558,1218.300000
2025-12-08 00:17:31,1238.164307,1214.600000
2025-12-08 00:17:32,1238.349976,1217.000000
2025-12-08 00:17:33,1238.528687,1218.800000
2025-12-08 00:17:34,1238.700928,1219.400000
2025-12-08 00:17:35,1238.866699,1214.600000
2025-12-08 00:17:36,1239.026245,1222.300000
2025-12-08 00:17:37,1239.179810,1219.400000
2025-12-08 00:17:38,1239.327759,1219.800000
2025-12-08 00:17:39,1239.469971,1219.900000
2025-12-08 00:17:40,1239.606934,1220.900000
2025-12-08 00:17:41,1239.738770,1228.500000
2025-12-08 00:17:42,1239.865601,1219.800000
2025-12-08 00:17:43,1239.987549,1215.300000
2025-12-08 00:17:44,1240.105225,1226.700000
2025-12-08 00:17:45,1240.218384,1228.400000
2025-12-08 00:17:46,1240.327148,1224.600000
2025-12-08 00:17:47,1240.431885,1224.200000
2025-12-08 00:17:48,1240.532471,1219.300000
2025-12-08 00:17:49,1240.629639,1218.600000
2025-12-08 00:17:50,1240.722900,1217.900000
2025-12-08 00:17:51,1240.812866,1221.700000
2025-12-08 00:17:52,1240.899292,1217.300000
2025-12-08 00:17:53,1240.982788,1216.000000
2025-12-08 00:17:54,1241.062988,1217.300000
2025-12-08 00:17:55,1241.140137,1215.900000
2025-12-08 00:17:56,1241.214600,1217.000000
2025-12-08 00:17:57,1241.286011,1219.200000
2025-12-08 00:17:58,1241.355225,1216.100000
2025-12-08 00:17:59,1241.421631,1216.800000
2025-12-08 00:18:00,1223.556396,1290.571186
2025-12-08 00:18:01,1224.343506,1218.600000
2025-12-08 00:18:02,1225.093262,1226.100000
2025-12-08 00:18:03,1225.822510,1219.900000
2025-12-08 00:18:04,1226.528320,1222.900000
2025-12-08 00:18:05,1227.206665,1222.700000
2025-12-08 00:18:06,1227.854980,1219.600000
2025-12-08 00:18:07,1228.472656,1217.600000
2025-12-08 00:18:08,1229.060059,1219.500000
2025-12-08 00:18:09,1229.618164,1218.000000
2025-12-08 00:18:10,1230.148315,1219.500000
2025-12-08 00:18:11,1230.652588,1221.600000
2025-12-08 00:18:12,1231.132568,1219.100000
2025-12-08 00:18:13,1231.589966,1217.700000
2025-12-08 00:18:14,1232.026978,1218.000000
2025-12-08 00:18:15,1232.444580,1254.100000
2025-12-08 00:18:16,1232.844482,1325.900000
2025-12-08 00:18:17,1233.228027,1318.200000
2025-12-08 00:18:18,1233.596191,1316.300000
2025-12-08 00:18:19,1233.949951,1325.400000
2025-12-08 00:18:20,1234.290161,1327.300000
2025-12-08 00:18:21,1234.617676,1318.200000
2025-12-08 00:18:22,1234.932861,1320.100000
2025-12-08 00:18:23,1235.236328,1332.200000
2025-12-08 00:18:24,1235.529053,1320.500000
2025-12-08 00:18:25,1235.810913,1316.800000
2025-12-08 00:18:26,1236.082642,1318.000000
2025-12-08 00:18:27,1236.344482,1322.000000
2025-12-08 00:18:28,1236.596802,1322.300000
2025-12-08 00:18:29,1236.840088,1322.300000
2025-12-08 00:18:30,1237.074463,1317.700000
2025-12-08 00:18:31,1237.300293,1326.400000
2025-12-08 00:18:32,1237.517944,1322.100000
2025-12-08 00:18:33,1237.727539,1320.300000
2025-12-08 00:18:34,1237.929321,1327.100000
2025-12-08 00:18:35,1238.123657,1309.000000
2025-12-08 00:18:36,1238.310913,1313.800000
2025-12-08 00:18:37,1238.491211,1308.700000
2025-12-08 00:18:38,1238.664795,1312.200000
2025-12-08 00:18:39,1238.831909,1310.300000
2025-12-08 00:18:40,1238.992798,1307.100000
2025-12-08 00:18:41,1239.147583,1309.100000
2025-12-08 00:18:42,1239.296631,1309.700000
2025-12-08 00:18:43,1239.440063,1308.700000
2025-12-08 00:18:44,1239.578125,1309.400000
2025-12-08 00:18:45,1239.710938,1304.500000
2025-12-08 00:18:46,1239.838745,1303.100000
2025-12-08 00:18:47,1239.962036,1306.100000
2025-12-08 00:18:48,1240.080444,1307.500000
2025-12-08 00:18:49,1240.194458,1306.100000
2025-12-08 00:18:50,1240.304077,1304.000000
2025-12-08 00:18:51,1240.409668,1308.900000
2025-12-08 00:18:52,1240.511230,1307.600000
2025-12-08 00:18:53,1240.609131,1306.300000
2025-12-08 00:18:54,1240.703125,1306.500000
2025-12-08 00:18:55,1240.793823,1306.400000
2025-12-08 00:18:56,1240.881104,1306.100000
2025-12-08 00:18:57,1240.965088,1308.000000
2025-12-08 00:18:58,1241.045898,1304.700000
2025-12-08 00:18:59,1241.123779,1305.900000
2025-12-08 00:19:00,1295.252197,1303.900000
2025-12-08 00:19:01,1293.616089,1307.400000
2025-12-08 00:19:02,1292.042480,1308.900000
2025-12-08 00:19:03,1290.502808,1305.900000
2025-12-08 00:19:04,1288.998657,1307.900000
2025-12-08 00:19:05,1287.535522,1306.400000
2025-12-08 00:19:06,1286.116943,1307.300000
2025-12-08 00:19:07,1284.744751,1305.600000
2025-12-08 00:19:08,1283.418823,1309.400000
2025-12-08 00:19:09,1282.138428,1309.900000
2025-12-08 00:19:10,1280.901733,1312.100000
2025-12-08 00:19:11,1279.706665,1330.200000
2025-12-08 00:19:12,1278.551147,1380.900000
2025-12-08 00:19:13,1277.432983,1379.900000
2025-12-08 00:19:14,1276.349609,1383.500000
2025-12-08 00:19:15,1275.299683,1386.400000
2025-12-08 00:19:16,1274.281372,1380.800000
2025-12-08 00:19:17,1273.293945,1384.600000
2025-12-08 00:19:18,1272.334961,1384.000000
2025-12-08 00:19:19,1271.403320,1389.200000
2025-12-08 00:19:20,1270.497803,1389.500000
2025-12-08 00:19:21,1269.618042,1389.300000
2025-12-08 00:19:22,1268.762573,1382.700000
2025-12-08 00:19:23,1267.931152,1409.400000
2025-12-08 00:19:24,1267.123413,1389.100000
2025-12-08 00:19:25,1266.338379,1390.400000
2025-12-08 00:19:26,1265.575562,1388.300000
2025-12-08 00:19:27,1264.834839,1387.900000
2025-12-08 00:19:28,1264.115479,1387.500000
2025-12-08 00:19:29,1263.417358,1391.200000
2025-12-08 00:19:30,1262.739990,1392.800000
2025-12-08 00:19:31,1262.082642,1397.300000
2025-12-08 00:19:32,1261.445190,1386.300000
2025-12-08 00:19:33,1260.827393,1384.500000
2025-12-08 00:19:34,1260.228394,1383.300000
2025-12-08 00:19:35,1259.648071,1384.300000
2025-12-08 00:19:36,1259.085693,1388.300000
2025-12-08 00:19:37,1258.541260,1382.500000
2025-12-08 00:19:38,1258.013794,1388.200000
2025-12-08 00:19:39,1257.503540,1387.200000
2025-12-08 00:19:40,1257.009644,1390.400000
2025-12-08 00:19:41,1256.531738,1388.000000
2025-12-08 00:19:42,1256.069336,1398.600000
2025-12-08 00:19:43,1255.622314,1389.900000
2025-12-08 00:19:44,1255.189941,1391.800000
2025-12-08 00:19:45,1254.771851,1390.100000
2025-12-08 00:19:46,1254.367554,1387.000000
2025-12-08 00:19:47,1253.976807,1390.200000
2025-12-08 00:19:48,1253.599121,1388.100000
2025-12-08 00:19:49,1253.234375,1388.400000
2025-12-08 00:19:50,1252.881714,1390.900000
2025-12-08 00:19:51,1252.541016,1397.500000
2025-12-08 00:19:52,1252.212036,1390.600000
2025-12-08 00:19:53,1251.893921,1391.600000
2025-12-08 00:19:54,1251.587036,1390.500000
2025-12-08 00:19:55,1251.290405,1387.300000
2025-12-08 00:19:56,1251.003906,1389.500000
2025-12-08 00:19:57,1250.727295,1394.000000
2025-12-08 00:19:58,1250.460449,1387.700000
2025-12-08 00:19:59,1250.202393,1390.300000
2025-12-08 00:20:00,1345.760376,1391.400000
2025-12-08 00:20:01,1340.298096,1389.000000
2025-12-08 00:20:02,1335.219116,1392.000000
2025-12-08 00:20:03,1330.274170,1392.500000
2025-12-08 00:20:04,1325.536377,1393.000000
2025-12-08 00:20:05,1321.037964,1389.900000
2025-12-08 00:20:06,1316.784790,1389.500000
2025-12-08 00:20:07,1312.769287,1391.800000
2025-12-08 00:20:08,1308.977783,1392.300000
2025-12-08 00:20:09,1305.395020,1394.000000
2025-12-08 00:20:10,1302.005371,1385.800000
2025-12-08 00:20:11,1298.795044,1391.500000
2025-12-08 00:20:12,1295.750244,1391.200000
2025-12-08 00:20:13,1292.859009,1404.700000
2025-12-08 00:20:14,1290.111694,1427.900000
2025-12-08 00:20:15,1287.498779,1488.700000
2025-12-08 00:20:16,1285.011841,1477.500000
2025-12-08 00:20:17,1282.643677,1494.600000
2025-12-08 00:20:18,1280.386719,1488.100000
2025-12-08 00:20:19,1278.234985,1493.000000
2025-12-08 00:20:20,1276.182495,1496.400000
2025-12-08 00:20:21,1274.223633,1493.000000
2025-12-08 00:20:22,1272.353516,1487.700000
2025-12-08 00:20:23,1270.567505,1490.300000
2025-12-08 00:20:24,1268.860229,1491.600000
2025-12-08 00:20:25,1267.228638,1489.100000
2025-12-08 00:20:26,1265.668335,1488.600000
2025-12-08 00:20:27,1264.175659,1488.700000
2025-12-08 00:20:28,1262.747192,1487.800000
2025-12-08 00:20:29,1261.379150,1491.600000
2025-12-08 00:20:30,1260.069092,1494.600000
2025-12-08 00:20:31,1258.813721,1491.500000
2025-12-08 00:20:32,1257.610474,1492.600000
2025-12-08 00:20:33,1256.456787,1493.100000
2025-12-08 00:20:34,1255.350220,1494.700000
2025-12-08 00:20:35,1254.288574,1498.400000
2025-12-08 00:20:36,1253.269653,1491.700000
2025-12-08 00:20:37,1252.291260,1493.700000
2025-12-08 00:20:38,1251.351807,1497.100000
2025-12-08 00:20:39,1250.449219,1494.800000
2025-12-08 00:20:40,1249.581909,1493.600000
2025-12-08 00:20:41,1248.748169,1496.700000
2025-12-08 00:20:42,1247.946533,1495.700000
2025-12-08 00:20:43,1247.175537,1496.600000
2025-12-08 00:20:44,1246.434082,1498.300000
2025-12-08 00:20:45,1245.720825,1502.400000
2025-12-08 00:20:46,1245.034302,1497.200000
2025-12-08 00:20:47,1244.373657,1495.700000
2025-12-08 00:20:48,1243.737671,1495.700000
2025-12-08 00:20:49,1243.125366,1496.700000
2025-12-08 00:20:50,1242.535522,1499.100000
2025-12-08 00:20:51,1241.967407,1497.600000
2025-12-08 00:20:52,1241.419678,1495.400000
2025-12-08 00:20:53,1240.892212,1495.300000
2025-12-08 00:20:54,1240.383911,1496.500000
2025-12-08 00:20:55,1239.893921,1508.000000
2025-12-08 00:20:56,1239.421753,1497.700000
2025-12-08 00:20:57,1238.966309,1499.100000
2025-12-08 00:20:58,1238.527100,1499.900000
2025-12-08 00:20:59,1238.103882,1500.700000
2025-12-08 00:21:00,1418.954712,1501.500000
2025-12-08 00:21:01,1409.242554,1499.800000
2025-12-08 00:21:02,1400.379150,1502.200000
2025-12-08 00:21:03,1391.792358,1496.800000
2025-12-08 00:21:04,1383.602417,1500.000000
2025-12-08 00:21:05,1375.860840,1500.700000
2025-12-08 00:21:06,1368.574707,1499.300000
2025-12-08 00:21:07,1361.727173,1495.700000
2025-12-08 00:21:08,1355.292236,1514.400000
2025-12-08 00:21:09,1349.240234,1497.300000
2025-12-08 00:21:10,1343.542480,1499.500000
2025-12-08 00:21:11,1338.172119,1502.800000
2025-12-08 00:21:12,1333.104126,1498.600000
2025-12-08 00:21:13,1328.316406,1497.700000
2025-12-08 00:21:14,1323.788818,1499.600000
2025-12-08 00:21:15,1319.503418,1505.600000
2025-12-08 00:21:16,1315.443848,1498.900000
2025-12-08 00:21:17,1311.595581,1506.900000
2025-12-08 00:21:18,1307.945557,1500.000000
2025-12-08 00:21:19,1304.481323,1502.800000
2025-12-08 00:21:20,1301.191528,1506.100000
2025-12-08 00:21:21,1298.065796,1495.000000
2025-12-08 00:21:22,1295.094482,1496.600000
2025-12-08 00:21:23,1292.268311,1496.800000
2025-12-08 00:21:24,1289.578979,1500.100000
2025-12-08 00:21:25,1287.018433,1495.000000
2025-12-08 00:21:26,1284.579224,1499.500000
2025-12-08 00:21:27,1282.254517,1500.200000
2025-12-08 00:21:28,1280.037720,1500.300000
2025-12-08 00:21:29,1277.923096,1499.000000
2025-12-08 00:21:30,1275.904541,1494.800000
2025-12-08 00:21:31,1273.976807,1496.100000
2025-12-08 00:21:32,1272.135254,1500.700000
2025-12-08 00:21:33,1270.374756,1495.700000
2025-12-08 00:21:34,1268.691284,1500.300000
2025-12-08 00:21:35,1267.080933,1497.500000
2025-12-08 00:21:36,1265.539307,1495.100000
2025-12-08 00:21:37,1264.063354,1498.400000
2025-12-08 00:21:38,1262.649658,1497.100000
2025-12-08 00:21:39,1261.294800,1498.600000
2025-12-08 00:21:40,1259.996094,1500.500000
2025-12-08 00:21:41,1258.750854,1501.300000
2025-12-08 00:21:42,1257.555908,1502.400000
2025-12-08 00:21:43,1256.409668,1502.300000
2025-12-08 00:21:44,1255.309204,1513.300000
2025-12-08 00:21:45,1254.252563,1503.200000
2025-12-08 00:21:46,1253.237671,1501.500000
2025-12-08 00:21:47,1252.262573,1503.700000
2025-12-08 00:21:48,1251.325684,1505.800000
2025-12-08 00:21:49,1250.425049,1503.600000
2025-12-08 00:21:50,1249.558960,1504.500000
2025-12-08 00:21:51,1248.725952,1504.700000
2025-12-08 00:21:52,1247.924683,1502.100000
2025-12-08 00:21:53,1247.153564,1502.500000
2025-12-08 00:21:54,1246.411499,1500.600000
2025-12-08 00:21:55,1245.697021,1499.900000
2025-12-08 00:21:56,1245.008789,1499.300000
2025-12-08 00:21:57,1244.346191,1497.100000
2025-12-08 00:21:58,1243.707764,1501.200000
2025-12-08 00:21:59,1243.092896,1501.400000
2025-12-08 00:22:00,1420.153931,1508.600000
2025-12-08 00:22:01,1410.361938,1505.200000
2025-12-08 00:22:02,1401.431519,1504.800000
2025-12-08 00:22:03,1392.787109,1503.400000
2025-12-08 00:22:04,1384.544800,1502.900000
2025-12-08 00:22:05,1376.754639,1505.100000
2025-12-08 00:22:06,1369.422241,1502.400000
2025-12-08 00:22:07,1362.530640,1504.700000
2025-12-08 00:22:08,1356.053589,1503.100000
2025-12-08 00:22:09,1349.961426,1499.800000
2025-12-08 00:22:10,1344.225586,1499.900000
2025-12-08 00:22:11,1338.818726,1501.800000
2025-12-08 00:22:12,1333.716431,1501.400000
2025-12-08 00:22:13,1328.896240,1505.600000
2025-12-08 00:22:14,1324.338135,1502.700000
2025-12-08 00:22:15,1320.024292,1497.000000
2025-12-08 00:22:16,1315.938232,1500.300000
2025-12-08 00:22:17,1312.065308,1504.100000
2025-12-08 00:22:18,1308.391968,1503.700000
2025-12-08 00:22:19,1304.906006,1508.400000
2025-12-08 00:22:20,1301.595825,1509.200000
2025-12-08 00:22:21,1298.450806,1500.900000
2025-12-08 00:22:22,1295.461426,1502.200000
2025-12-08 00:22:23,1292.618286,1502.400000
2025-12-08 00:22:24,1289.912842,1502.100000
2025-12-08 00:22:25,1287.337036,1502.200000
2025-12-08 00:22:26,1284.883545,1501.100000
2025-12-08 00:22:27,1282.545166,1501.600000
2025-12-08 00:22:28,1280.315552,1502.100000
2025-12-08 00:22:29,1278.188721,1501.900000
2025-12-08 00:22:30,1276.158569,1503.900000
2025-12-08 00:22:31,1274.219849,1498.700000
2025-12-08 00:22:32,1272.367920,1504.900000
2025-12-08 00:22:33,1270.597656,1501.800000
2025-12-08 00:22:34,1268.904785,1506.200000
2025-12-08 00:22:35,1267.285400,1507.300000
2025-12-08 00:22:36,1265.735352,1505.900000
2025-12-08 00:22:37,1264.251465,1508.000000
2025-12-08 00:22:38,1262.830078,1509.800000
2025-12-08 00:22:39,1261.467896,1504.900000
2025-12-08 00:22:40,1260.162231,1505.300000
2025-12-08 00:22:41,1258.910278,1507.300000
2025-12-08 00:22:42,1257.709106,1500.500000
2025-12-08 00:22:43,1256.556641,1503.100000
2025-12-08 00:22:44,1255.450317,1502.700000
2025-12-08 00:22:45,1254.388062,1514.300000
2025-12-08 00:22:46,1253.367798,1512.900000
2025-12-08 00:22:47,1252.387695,1508.100000
2025-12-08 00:22:48,1251.445679,1504.800000
2025-12-08 00:22:49,1250.540161,1519.500000
2025-12-08 00:22:50,1249.669556,1506.400000
2025-12-08 00:22:51,1248.832397,1506.400000
2025-12-08 00:22:52,1248.026733,1507.000000
2025-12-08 00:22:53,1247.251709,1507.800000
2025-12-08 00:22:54,1246.505737,1505.200000
2025-12-08 00:22:55,1245.787598,1508.900000
2025-12-08 00:22:56,1245.096069,1506.200000
2025-12-08 00:22:57,1244.430176,1508.500000
2025-12-08 00:22:58,1243.788818,1507.100000
2025-12-08 00:22:59,1243.170898,1520.800000
2025-12-08 00:23:00,1426.070679,1508.000000
2025-12-08 00:23:01,1415.877197,1510.800000
2025-12-08 00:23:02,1406.662720,1515.100000
2025-12-08 00:23:03,1397.724609,1512.900000
2025-12-08 00:23:04,1389.193115,1514.800000
2025-12-08 00:23:05,1381.126709,1510.900000
2025-12-08 00:23:06,1373.535034,1510.200000
2025-12-08 00:23:07,1366.401855,1511.500000
2025-12-08 00:23:08,1359.700195,1508.100000
2025-12-08 00:23:09,1353.399902,1509.800000
2025-12-08 00:23:10,1347.470459,1512.000000
2025-12-08 00:23:11,1341.883789,1510.900000
2025-12-08 00:23:12,1336.613770,1531.300000
2025-12-08 00:23:13,1331.637085,1508.300000
2025-12-08 00:23:14,1326.932861,1510.600000
2025-12-08 00:23:15,1322.482300,1512.300000
2025-12-08 00:23:16,1318.268311,1509.500000
2025-12-08 00:23:17,1314.275391,1513.700000
2025-12-08 00:23:18,1310.489624,1509.600000
2025-12-08 00:23:19,1306.897827,1518.000000
2025-12-08 00:23:20,1303.488159,1518.500000
2025-12-08 00:23:21,1300.249878,1518.100000
2025-12-08 00:23:22,1297.172607,1509.100000
2025-12-08 00:23:23,1294.246704,1514.000000
2025-12-08 00:23:24,1291.463257,1511.400000
2025-12-08 00:23:25,1288.814209,1511.900000
2025-12-08 00:23:26,1286.291504,1512.800000
2025-12-08 00:23:27,1283.888184,1517.200000
2025-12-08 00:23:28,1281.597046,1517.600000
2025-12-08 00:23:29,1279.411987,1519.200000
2025-12-08 00:23:30,1277.326904,1528.300000
2025-12-08 00:23:31,1275.336426,1514.300000
2025-12-08 00:23:32,1273.435059,1519.800000
2025-12-08 00:23:33,1271.618286,1521.000000
2025-12-08 00:23:34,1269.881348,1519.500000
2025-12-08 00:23:35,1268.220215,1519.900000
2025-12-08 00:23:36,1266.630249,1518.900000
2025-12-08 00:23:37,1265.108643,1520.100000
2025-12-08 00:23:38,1263.651123,1522.200000
2025-12-08 00:23:39,1262.255127,1524.900000
2025-12-08 00:23:40,1260.916870,1521.500000
2025-12-08 00:23:41,1259.634155,1524.200000
2025-12-08 00:23:42,1258.403687,1521.000000
2025-12-08 00:23:43,1257.223389,1522.900000
2025-12-08 00:23:44,1256.090576,1535.500000
2025-12-08 00:23:45,1255.002930,1520.800000
2025-12-08 00:23:46,1253.958252,1521.300000
2025-12-08 00:23:47,1252.955078,1525.600000
2025-12-08 00:23:48,1251.990967,1522.000000
2025-12-08 00:23:49,1251.064697,1523.200000
2025-12-08 00:23:50,1250.173584,1526.700000
2025-12-08 00:23:51,1249.317017,1525.300000
2025-12-08 00:23:52,1248.493164,1523.300000
2025-12-08 00:23:53,1247.700317,1524.100000
2025-12-08 00:23:54,1246.937256,1527.400000
2025-12-08 00:23:55,1246.203003,1523.100000
2025-12-08 00:23:56,1245.495850,1526.800000
2025-12-08 00:23:57,1244.815063,1525.800000
2025-12-08 00:23:58,1244.159180,1523.900000
2025-12-08 00:23:59,1243.527466,1526.700000
2025-12-08 00:24:00,1435.983032,1535.900000
2025-12-08 00:24:01,1425.202148,1525.000000
2025-12-08 00:24:02,1415.407349,1528.700000
2025-12-08 00:24:03,1405.932739,1529.100000
2025-12-08 00:24:04,1396.906250,1532.200000
2025-12-08 00:24:05,1388.381592,1532.400000
2025-12-08 00:24:06,1380.365234,1530.800000
2025-12-08 00:24:07,1372.837524,1523.700000
2025-12-08 00:24:08,1365.768799,1527.300000
2025-12-08 00:24:09,1359.126709,1533.200000
2025-12-08 00:24:10,1352.878296,1528.000000
2025-12-08 00:24:11,1346.993774,1527.900000
2025-12-08 00:24:12,1341.445435,1527.100000
2025-12-08 00:24:13,1336.208374,1531.200000
2025-12-08 00:24:14,1331.260498,1530.000000
2025-12-08 00:24:15,1326.581665,1538.400000
2025-12-08 00:24:16,1322.153687,1531.300000
2025-12-08 00:24:17,1317.960205,1534.000000
2025-12-08 00:24:18,1313.986206,1537.000000
2025-12-08 00:24:19,1310.217896,1537.600000
2025-12-08 00:24:20,1306.642578,1539.000000
2025-12-08 00:24:21,1303.248413,1534.600000
2025-12-08 00:24:22,1300.024658,1533.700000
2025-12-08 00:24:23,1296.961182,1538.700000
2025-12-08 00:24:24,1294.047974,1533.400000
2025-12-08 00:24:25,1291.276855,1534.900000
2025-12-08 00:24:26,1288.638916,1536.300000
2025-12-08 00:24:27,1286.126953,1534.700000
2025-12-08 00:24:28,1283.733398,1536.500000
2025-12-08 00:24:29,1281.451294,1540.100000
2025-12-08 00:24:30,1279.274902,1533.500000
2025-12-08 00:24:31,1277.197510,1535.700000
2025-12-08 00:24:32,1275.214478,1540.900000
2025-12-08 00:24:33,1273.319946,1537.400000
2025-12-08 00:24:34,1271.509521,1540.300000
2025-12-08 00:24:35,1269.778198,1542.900000
2025-12-08 00:24:36,1268.122559,1541.800000
2025-12-08 00:24:37,1266.537964,1545.800000
2025-12-08 00:24:38,1265.020752,1543.200000
2025-12-08 00:24:39,1263.567871,1542.800000
2025-12-08 00:24:40,1262.175781,1541.700000
2025-12-08 00:24:41,1260.841309,1545.500000
2025-12-08 00:24:42,1259.562012,1544.000000
2025-12-08 00:24:43,1258.334839,1543.400000
2025-12-08 00:24:44,1257.157349,1545.300000
2025-12-08 00:24:45,1256.027100,1545.600000
2025-12-08 00:24:46,1254.942139,1550.500000
2025-12-08 00:24:47,1253.900146,1548.900000
2025-12-08 00:24:48,1252.899048,1546.100000
2025-12-08 00:24:49,1251.937256,1548.300000
2025-12-08 00:24:50,1251.012573,1549.100000
2025-12-08 00:24:51,1250.123657,1548.800000
2025-12-08 00:24:52,1249.268555,1375.700000
2025-12-08 00:24:53,1248.446167,1379.900000
2025-12-08 00:24:54,1247.654785,1388.100000
2025-12-08 00:24:55,1246.892944,1397.600000
2025-12-08 00:24:56,1246.159668,1358.400000
2025-12-08 00:24:57,1245.453491,649.800000
2025-12-08 00:24:58,1244.773560,648.600000
2025-12-08 00:24:59,1244.118652,655.300000
2025-12-08 00:25:00,1138.340210,905.000000
2025-12-08 00:25:01,1140.515503,667.900000
2025-12-08 00:25:02,1141.644165,658.300000
2025-12-08 00:25:03,1144.922241,658.500000
2025-12-08 00:25:04,1148.999756,656.600000
2025-12-08 00:25:05,1153.172241,655.700000
2025-12-08 00:25:06,1157.117310,658.500000
2025-12-08 00:25:07,1160.718262,659.300000
2025-12-08 00:25:08,1163.959229,659.500000
2025-12-08 00:25:09,1166.868652,659.500000
2025-12-08 00:25:10,1169.491699,659.000000
2025-12-08 00:25:11,1171.875854,660.900000
2025-12-08 00:25:12,1174.063721,657.000000
2025-12-08 00:25:13,1176.091064,658.800000
2025-12-08 00:25:14,1177.986938,661.800000
2025-12-08 00:25:15,1179.773438,658.900000
2025-12-08 00:25:16,1181.467529,661.500000
2025-12-08 00:25:17,1183.081543,658.400000
2025-12-08 00:25:18,1184.624634,658.000000
2025-12-08 00:25:19,1186.103027,663.800000
2025-12-08 00:25:20,1187.521606,663.400000
2025-12-08 00:25:21,1188.884155,658.000000
2025-12-08 00:25:22,1190.193115,660.200000
2025-12-08 00:25:23,1191.451050,661.600000
2025-12-08 00:25:24,1192.659668,658.300000
2025-12-08 00:25:25,1193.821045,658.600000
2025-12-08 00:25:26,1194.937012,663.100000
2025-12-08 00:25:27,1196.009277,648.200000
2025-12-08 00:25:28,1197.039673,647.300000
2025-12-08 00:25:29,1198.029907,545.200000
2025-12-08 00:25:30,1198.981567,538.600000
2025-12-08 00:25:31,1199.896851,666.100000
2025-12-08 00:25:32,1200.777222,563.100000
2025-12-08 00:25:33,1201.623901,557.400000
2025-12-08 00:25:34,1202.439087,558.100000
2025-12-08 00:25:35,1203.223755,555.600000
2025-12-08 00:25:36,1203.979370,555.500000
2025-12-08 00:25:37,1204.707520,553.500000
2025-12-08 00:25:38,1205.408936,553.500000
2025-12-08 00:25:39,1206.085205,552.400000
2025-12-08 00:25:40,1206.736938,554.200000
2025-12-08 00:25:41,1207.365479,561.700000
2025-12-08 00:25:42,1207.971436,557.800000
2025-12-08 00:25:43,1208.555786,558.600000
2025-12-08 00:25:44,1209.119263,563.800000
2025-12-08 00:25:45,1209.662476,559.300000
2025-12-08 00:25:46,1210.186279,561.000000
2025-12-08 00:25:47,1210.691162,583.700000
2025-12-08 00:25:48,1211.178467,631.100000
2025-12-08 00:25:49,1211.649048,671.700000
2025-12-08 00:25:50,1212.104004,680.700000
2025-12-08 00:25:51,1212.544678,679.600000
2025-12-08 00:25:52,1212.972534,680.800000
2025-12-08 00:25:53,1213.396729,679.800000
2025-12-08 00:25:54,1213.809082,682.200000
2025-12-08 00:25:55,1214.210938,683.300000
2025-12-08 00:25:56,1214.603149,681.100000
2025-12-08 00:25:57,1214.988037,681.800000
2025-12-08 00:25:58,1215.383789,687.600000
2025-12-08 00:25:59,1215.768677,685.700000
2025-12-08 00:26:00,705.303528,685.700000
2025-12-08 00:26:01,717.566345,686.100000
2025-12-08 00:26:02,724.769653,686.800000
2025-12-08 00:26:03,730.788696,686.300000
2025-12-08 00:26:04,735.727356,687.900000
2025-12-08 00:26:05,739.557800,686.600000
2025-12-08 00:26:06,742.358704,685.200000
2025-12-08 00:26:07,744.284546,686.800000
2025-12-08 00:26:08,745.421997,687.500000
2025-12-08 00:26:09,745.890564,685.700000
2025-12-08 00:26:10,745.817383,687.700000
2025-12-08 00:26:11,745.322266,685.400000
2025-12-08 00:26:12,744.553589,686.100000
2025-12-08 00:26:13,743.545654,688.600000
2025-12-08 00:26:14,742.460144,689.300000
2025-12-08 00:26:15,741.385132,686.700000
2025-12-08 00:26:16,740.318176,692.700000
2025-12-08 00:26:17,739.360229,686.200000
2025-12-08 00:26:18,738.486328,684.300000
2025-12-08 00:26:19,737.738281,690.400000
2025-12-08 00:26:20,737.171387,697.300000
2025-12-08 00:26:21,736.726562,696.800000
2025-12-08 00:26:22,736.350830,687.500000
2025-12-08 00:26:23,736.082825,699.500000
2025-12-08 00:26:24,735.893799,683.900000
2025-12-08 00:26:25,735.728088,687.300000
2025-12-08 00:26:26,735.588684,693.300000
2025-12-08 00:26:27,735.481445,690.400000
2025-12-08 00:26:28,735.275269,690.700000
2025-12-08 00:26:29,735.042908,691.500000
2025-12-08 00:26:30,734.282471,687.300000
2025-12-08 00:26:31,733.500977,687.900000
2025-12-08 00:26:32,733.253052,686.100000
2025-12-08 00:26:33,732.599365,688.000000
2025-12-08 00:26:34,731.935181,688.100000
2025-12-08 00:26:35,731.284729,688.900000
2025-12-08 00:26:36,730.639282,687.000000
2025-12-08 00:26:37,730.005615,687.700000
2025-12-08 00:26:38,729.377869,690.500000
2025-12-08 00:26:39,728.759033,686.700000
2025-12-08 00:26:40,728.144714,686.400000
2025-12-08 00:26:41,727.538635,686.600000
2025-12-08 00:26:42,726.948669,686.800000
2025-12-08 00:26:43,726.353455,690.700000
2025-12-08 00:26:44,725.759644,692.000000
2025-12-08 00:26:45,725.172363,689.500000
2025-12-08 00:26:46,724.578064,687.800000
2025-12-08 00:26:47,723.984009,689.700000
2025-12-08 00:26:48,723.411499,687.200000
2025-12-08 00:26:49,722.882019,696.300000
2025-12-08 00:26:50,722.388123,688.700000
2025-12-08 00:26:51,721.900452,687.900000
2025-12-08 00:26:52,721.407349,688.200000
2025-12-08 00:26:53,720.907410,687.600000
2025-12-08 00:26:54,720.396118,689.400000
2025-12-08 00:26:55,719.874084,697.900000
2025-12-08 00:26:56,719.338806,690.100000
2025-12-08 00:26:57,718.786865,689.600000
2025-12-08 00:26:58,718.220215,688.800000
2025-12-08 00:26:59,717.643005,687.000000
2025-12-08 00:27:00,687.248047,699.500000
2025-12-08 00:27:01,686.992188,694.900000
2025-12-08 00:27:02,686.731140,691.800000
2025-12-08 00:27:03,686.464111,692.700000
2025-12-08 00:27:04,686.181641,702.100000
2025-12-08 00:27:05,685.884399,690.400000
2025-12-08 00:27:06,685.556824,688.800000
2025-12-08 00:27:07,685.192993,693.800000
2025-12-08 00:27:08,684.799377,688.000000
2025-12-08 00:27:09,684.372070,685.600000
2025-12-08 00:27:10,683.902161,688.500000
2025-12-08 00:27:11,683.403748,686.400000
2025-12-08 00:27:12,682.865051,686.000000
2025-12-08 00:27:13,682.299255,686.600000
2025-12-08 00:27:14,681.717102,690.400000
2025-12-08 00:27:15,681.117981,686.900000
2025-12-08 00:27:16,680.495056,685.600000
2025-12-08 00:27:17,679.882202,691.000000
2025-12-08 00:27:18,679.241760,689.500000
2025-12-08 00:27:19,678.591248,695.300000
2025-12-08 00:27:20,677.962280,693.500000
2025-12-08 00:27:21,677.363892,688.500000
2025-12-08 00:27:22,676.774414,687.200000
2025-12-08 00:27:23,676.162048,689.600000
2025-12-08 00:27:24,675.601807,689.500000
2025-12-08 00:27:25,674.997009,688.200000
2025-12-08 00:27:26,674.411072,689.500000
2025-12-08 00:27:27,673.856079,691.200000
2025-12-08 00:27:28,673.301025,693.000000
2025-12-08 00:27:29,672.756226,695.400000
2025-12-08 00:27:30,672.223206,694.300000
2025-12-08 00:27:31,671.682251,695.800000
2025-12-08 00:27:32,671.149658,695.600000
2025-12-08 00:27:33,670.615967,695.600000
2025-12-08 00:27:34,670.094971,693.600000
2025-12-08 00:27:35,669.580688,693.700000
2025-12-08 00:27:36,669.076050,691.300000
2025-12-08 00:27:37,668.570557,692.700000
2025-12-08 00:27:38,668.074036,694.400000
2025-12-08 00:27:39,667.595764,691.900000
2025-12-08 00:27:40,667.109741,693.000000
2025-12-08 00:27:41,666.628784,693.000000
2025-12-08 00:27:42,666.155396,698.400000
2025-12-08 00:27:43,665.690186,690.100000
2025-12-08 00:27:44,665.250122,689.900000
2025-12-08 00:27:45,664.826355,685.000000
2025-12-08 00:27:46,664.402222,685.300000
2025-12-08 00:27:47,663.979553,689.000000
2025-12-08 00:27:48,663.574280,689.400000
2025-12-08 00:27:49,663.166748,690.300000
2025-12-08 00:27:50,662.811157,693.700000
2025-12-08 00:27:51,662.432312,686.700000
2025-12-08 00:27:52,662.058105,688.600000
2025-12-08 00:27:53,661.693848,686.600000
2025-12-08 00:27:54,661.335449,686.700000
2025-12-08 00:27:55,660.995544,689.700000
2025-12-08 00:27:56,660.710510,686.900000
2025-12-08 00:27:57,660.399902,685.700000
2025-12-08 00:27:58,660.096191,687.600000
2025-12-08 00:27:59,659.797241,688.300000
2025-12-08 00:28:00,684.304199,703.200000
2025-12-08 00:28:01,683.741821,687.900000
2025-12-08 00:28:02,683.159485,688.000000
2025-12-08 00:28:03,682.577759,688.200000
2025-12-08 00:28:04,682.017334,688.500000
2025-12-08 00:28:05,681.509888,702.600000
2025-12-08 00:28:06,680.986328,689.900000
2025-12-08 00:28:07,680.472290,689.500000
2025-12-08 00:28:08,679.985046,690.700000
2025-12-08 00:28:09,679.484985,686.900000
2025-12-08 00:28:10,678.976868,690.500000
2025-12-08 00:28:11,678.474304,691.500000
2025-12-08 00:28:12,677.958740,688.900000
2025-12-08 00:28:13,677.433228,688.400000
2025-12-08 00:28:14,676.900269,688.900000
2025-12-08 00:28:15,676.371094,686.400000
2025-12-08 00:28:16,675.822327,689.100000
2025-12-08 00:28:17,675.260803,686.900000
2025-12-08 00:28:18,674.711426,686.900000
2025-12-08 00:28:19,674.153442,693.800000
2025-12-08 00:28:20,673.614075,692.000000
2025-12-08 00:28:21,673.069580,686.900000
2025-12-08 00:28:22,672.508362,687.500000
2025-12-08 00:28:23,671.942688,690.600000
2025-12-08 00:28:24,671.387268,687.500000
2025-12-08 00:28:25,670.835571,687.000000
2025-12-08 00:28:26,670.284302,685.300000
2025-12-08 00:28:27,669.744202,686.800000
2025-12-08 00:28:28,669.218994,688.900000
2025-12-08 00:28:29,668.710938,699.000000
2025-12-08 00:28:30,668.223938,684.800000
2025-12-08 00:28:31,667.745422,686.800000
2025-12-08 00:28:32,667.285217,686.700000
2025-12-08 00:28:33,666.836548,682.300000
2025-12-08 00:28:34,666.399597,686.500000
2025-12-08 00:28:35,665.964966,687.200000
2025-12-08 00:28:36,665.540100,685.100000
2025-12-08 00:28:37,665.113525,686.500000
2025-12-08 00:28:38,664.700867,687.600000
2025-12-08 00:28:39,664.304443,685.900000
2025-12-08 00:28:40,663.906006,690.700000
2025-12-08 00:28:41,663.520813,686.000000
2025-12-08 00:28:42,663.144409,686.500000
2025-12-08 00:28:43,662.802917,689.600000
2025-12-08 00:28:44,662.432251,688.000000
2025-12-08 00:28:45,662.066650,687.600000
2025-12-08 00:28:46,661.682556,686.100000
2025-12-08 00:28:47,661.304199,691.000000
2025-12-08 00:28:48,660.951111,684.000000
2025-12-08 00:28:49,660.609680,687.200000
2025-12-08 00:28:50,660.284119,684.800000
2025-12-08 00:28:51,659.989136,683.900000
2025-12-08 00:28:52,659.670044,688.500000
2025-12-08 00:28:53,659.371460,686.100000
2025-12-08 00:28:54,659.073059,689.800000
2025-12-08 00:28:55,658.785828,687.700000
2025-12-08 00:28:56,658.527222,687.700000
2025-12-08 00:28:57,658.265442,687.200000
2025-12-08 00:28:58,658.007812,687.200000
2025-12-08 00:28:59,657.772461,688.200000
2025-12-08 00:29:00,684.861389,693.200000
2025-12-08 00:29:01,684.580322,689.100000
2025-12-08 00:29:02,684.220886,687.200000
2025-12-08 00:29:03,683.847168,687.600000
2025-12-08 00:29:04,683.466248,689.700000
2025-12-08 00:29:05,683.080139,686.500000
2025-12-08 00:29:06,682.737793,689.900000
2025-12-08 00:29:07,682.344177,688.800000
2025-12-08 00:29:08,681.934692,685.400000
2025-12-08 00:29:09,681.512329,686.300000
2025-12-08 00:29:10,681.056824,692.500000
2025-12-08 00:29:11,680.593018,685.900000
2025-12-08 00:29:12,680.112671,684.800000
2025-12-08 00:29:13,679.603333,686.600000
2025-12-08 00:29:14,679.072998,687.300000
2025-12-08 00:29:15,678.527344,684.600000
2025-12-08 00:29:16,677.957947,685.500000
2025-12-08 00:29:17,677.386169,685.700000
2025-12-08 00:29:18,676.797913,684.700000
2025-12-08 00:29:19,676.203796,691.800000
2025-12-08 00:29:20,675.633423,692.700000
2025-12-08 00:29:21,675.059082,688.500000
2025-12-08 00:29:22,674.468811,689.700000
2025-12-08 00:29:23,673.884460,692.600000
2025-12-08 00:29:24,673.317871,688.100000
2025-12-08 00:29:25,672.747375,685.800000
2025-12-08 00:29:26,672.182800,684.900000
2025-12-08 00:29:27,671.620117,685.900000
2025-12-08 00:29:28,671.072266,686.200000
2025-12-08 00:29:29,670.542847,684.500000
2025-12-08 00:29:30,670.066467,684.100000
2025-12-08 00:29:31,669.545959,684.900000
2025-12-08 00:29:32,669.040833,683.500000
2025-12-08 00:29:33,668.542786,684.800000
2025-12-08 00:29:34,668.033142,687.200000
2025-12-08 00:29:35,667.546753,683.900000
2025-12-08 00:29:36,667.070984,687.500000
2025-12-08 00:29:37,666.594177,686.500000
2025-12-08 00:29:38,666.130737,686.800000
2025-12-08 00:29:39,665.680664,802.600000
2025-12-08 00:29:40,665.232056,788.300000
2025-12-08 00:29:41,664.813782,784.300000
2025-12-08 00:29:42,664.384705,784.900000
2025-12-08 00:29:43,663.966125,786.500000
2025-12-08 00:29:44,663.570923,783.700000
2025-12-08 00:29:45,663.178162,780.500000
2025-12-08 00:29:46,662.792480,782.600000
2025-12-08 00:29:47,662.407898,782.200000
2025-12-08 00:29:48,662.055481,780.600000
2025-12-08 00:29:49,661.677917,774.600000
2025-12-08 00:29:50,661.322998,773.700000
2025-12-08 00:29:51,660.964172,776.500000
2025-12-08 00:29:52,660.608154,776.000000
2025-12-08 00:29:53,660.284729,774.100000
2025-12-08 00:29:54,659.959839,775.100000
2025-12-08 00:29:55,659.665588,776.800000
2025-12-08 00:29:56,659.372620,773.600000
2025-12-08 00:29:57,659.091003,774.600000
2025-12-08 00:29:58,658.817688,825.200000
2025-12-08 00:29:59,658.555054,792.800000
2025-12-08 00:30:00,835.947998,786.200000
2025-12-08 00:30:01,849.015991,785.600000
2025-12-08 00:30:02,864.183838,785.000000
2025-12-08 00:30:03,881.492737,785.900000
2025-12-08 00:30:04,900.858582,791.900000
2025-12-08 00:30:05,922.258606,790.000000
2025-12-08 00:30:06,945.730469,789.900000
2025-12-08 00:30:07,971.374573,790.300000
2025-12-08 00:30:08,999.358154,788.200000
2025-12-08 00:30:09,1029.921631,790.300000
2025-12-08 00:30:10,1063.390381,791.400000
2025-12-08 00:30:11,1100.189941,790.000000
2025-12-08 00:30:12,1140.869995,789.000000
2025-12-08 00:30:13,1186.134888,790.000000
2025-12-08 00:30:14,1236.888916,790.100000
2025-12-08 00:30:15,1294.295288,792.300000
2025-12-08 00:30:16,1359.858032,790.900000
2025-12-08 00:30:17,1435.528442,796.200000
2025-12-08 00:30:18,1523.839844,789.500000
2025-12-08 00:30:19,1628.063477,794.100000
2025-12-08 00:30:20,1752.352173,797.200000
2025-12-08 00:30:21,1901.772705,796.100000
2025-12-08 00:30:22,2082.013184,797.700000
2025-12-08 00:30:23,2298.373291,789.400000
2025-12-08 00:30:24,2553.579346,788.000000
2025-12-08 00:30:25,2844.574463,799.600000
2025-12-08 00:30:26,3160.292236,788.600000
2025-12-08 00:30:27,3483.833740,786.500000
2025-12-08 00:30:28,3798.851807,791.700000
2025-12-08 00:30:29,4093.864258,790.900000
2025-12-08 00:30:30,4361.270996,1070.500000
2025-12-08 00:30:31,4595.464844,1123.400000
2025-12-08 00:30:32,4793.226074,993.000000
2025-12-08 00:30:33,4954.644043,1002.500000
2025-12-08 00:30:34,5082.732422,1077.800000
2025-12-08 00:30:35,5182.153809,1004.700000
2025-12-08 00:30:36,5258.059570,1050.100000
2025-12-08 00:30:37,5315.368652,1077.300000
2025-12-08 00:30:38,5358.376465,1104.500000
2025-12-08 00:30:39,5390.614258,1129.000000
2025-12-08 00:30:40,5414.848633,1153.100000
2025-12-08 00:30:41,5433.172363,1174.700000
2025-12-08 00:30:42,5447.137207,1191.000000
2025-12-08 00:30:43,5457.874512,1207.900000
2025-12-08 00:30:44,5466.210449,1222.800000
2025-12-08 00:30:45,5472.746094,1227.400000
2025-12-08 00:30:46,5477.917480,1233.700000
2025-12-08 00:30:47,5482.047363,1236.400000
2025-12-08 00:30:48,5485.375488,1236.900000
2025-12-08 00:30:49,5488.078125,1237.900000
2025-12-08 00:30:50,5490.291504,1240.200000
2025-12-08 00:30:51,5492.116699,1237.000000
2025-12-08 00:30:52,5493.631836,1249.300000
2025-12-08 00:30:53,5494.897949,1248.200000
2025-12-08 00:30:54,5495.962402,1236.800000
2025-12-08 00:30:55,5496.861328,1238.500000
2025-12-08 00:30:56,5497.625977,1240.200000
2025-12-08 00:30:57,5498.278809,1238.400000
2025-12-08 00:30:58,5498.837402,1241.300000
2025-12-08 00:30:59,5499.320312,1239.600000
2025-12-08 00:31:00,1244.368530,1245.100000
2025-12-08 00:31:01,1248.832642,1274.400000
2025-12-08 00:31:02,1255.524048,1242.000000
2025-12-08 00:31:03,1264.655762,1240.700000
2025-12-08 00:31:04,1276.435303,1242.200000
2025-12-08 00:31:05,1291.103394,1242.800000
2025-12-08 00:31:06,1308.941406,1247.300000
2025-12-08 00:31:07,1330.294067,1247.600000
2025-12-08 00:31:08,1355.584473,1253.000000
2025-12-08 00:31:09,1385.339966,1252.700000
2025-12-08 00:31:10,1420.228516,1253.900000
2025-12-08 00:31:11,1461.099609,1254.300000
2025-12-08 00:31:12,1509.046997,1256.000000
2025-12-08 00:31:13,1565.490356,1259.200000
2025-12-08 00:31:14,1632.284302,1267.400000
2025-12-08 00:31:15,1711.851318,1260.900000
2025-12-08 00:31:16,1807.344360,1261.400000
2025-12-08 00:31:17,1922.786255,1270.600000
2025-12-08 00:31:18,2063.107422,1262.800000
2025-12-08 00:31:19,2233.788818,1269.200000
2025-12-08 00:31:20,2439.763184,1271.100000
2025-12-08 00:31:21,2683.020020,1273.400000
2025-12-08 00:31:22,2959.439941,1264.800000
2025-12-08 00:31:23,3257.307129,1264.000000
2025-12-08 00:31:24,3560.593750,1267.800000
2025-12-08 00:31:25,3855.209229,1265.000000
2025-12-08 00:31:26,4131.790527,1263.500000
2025-12-08 00:31:27,4383.881836,1263.300000
2025-12-08 00:31:28,4606.330078,1264.100000
2025-12-08 00:31:29,4795.952637,1263.000000
2025-12-08 00:31:30,4952.479492,1257.700000
2025-12-08 00:31:31,5078.481445,1264.500000
2025-12-08 00:31:32,5177.550293,1260.000000
2025-12-08 00:31:33,5253.922852,1262.600000
2025-12-08 00:31:34,5312.077637,1263.400000
2025-12-08 00:31:35,5355.995605,1263.700000
2025-12-08 00:31:36,5388.974121,1263.200000
2025-12-08 00:31:37,5413.782227,1261.300000
2025-12-08 00:31:38,5432.512207,1264.300000
2025-12-08 00:31:39,5446.745605,1264.500000
2025-12-08 00:31:40,5457.651855,1268.000000
2025-12-08 00:31:41,5466.086914,1265.200000
2025-12-08 00:31:42,5472.674805,1264.600000
2025-12-08 00:31:43,5477.871094,1267.000000
2025-12-08 00:31:44,5482.012207,1266.500000
2025-12-08 00:31:45,5485.341797,1265.200000
2025-12-08 00:31:46,5488.046387,1269.700000
2025-12-08 00:31:47,5490.261719,1269.100000
2025-12-08 00:31:48,5492.090820,1267.400000
2025-12-08 00:31:49,5493.612793,1270.800000
2025-12-08 00:31:50,5494.886719,1271.300000
2025-12-08 00:31:51,5495.958984,1270.600000
2025-12-08 00:31:52,5496.867676,1270.300000
2025-12-08 00:31:53,5497.641113,1267.300000
2025-12-08 00:31:54,5498.301270,1267.200000
2025-12-08 00:31:55,5498.867676,1268.300000
2025-12-08 00:31:56,5499.353516,1266.900000
2025-12-08 00:31:57,5499.773438,1268.100000
2025-12-08 00:31:58,5500.136230,1268.000000
2025-12-08 00:31:59,5500.450195,1265.100000
2025-12-08 00:32:00,1277.926392,1269.300000
2025-12-08 00:32:01,1281.250244,1272.000000
2025-12-08 00:32:02,1285.777466,1270.400000
2025-12-08 00:32:03,1291.788818,1267.900000
2025-12-08 00:32:04,1299.434326,1268.400000
2025-12-08 00:32:05,1308.852539,1265.600000
2025-12-08 00:32:06,1320.193237,1264.800000
2025-12-08 00:32:07,1333.624634,1268.300000
2025-12-08 00:32:08,1349.342285,1262.100000
2025-12-08 00:32:09,1367.577393,1262.200000
2025-12-08 00:32:10,1388.610107,1264.400000
2025-12-08 00:32:11,1412.783081,1264.300000
2025-12-08 00:32:12,1440.520874,1260.300000
2025-12-08 00:32:13,1472.353149,1284.700000
2025-12-08 00:32:14,1508.950684,1263.000000
2025-12-08 00:32:15,1551.165405,1264.200000
2025-12-08 00:32:16,1600.107300,1264.500000
2025-12-08 00:32:17,1657.217407,1271.300000
2025-12-08 00:32:18,1724.371704,1266.000000
2025-12-08 00:32:19,1804.039062,1269.700000
2025-12-08 00:32:20,1899.414307,1269.600000
2025-12-08 00:32:21,2014.543579,1268.700000
2025-12-08 00:32:22,2154.277832,1269.900000
2025-12-08 00:32:23,2323.798584,1266.900000
2025-12-08 00:32:24,2527.252197,1263.200000
2025-12-08 00:32:25,2765.291016,1268.200000
2025-12-08 00:32:26,3032.380127,1286.500000
2025-12-08 00:32:27,3316.506592,1267.400000
2025-12-08 00:32:28,3603.334229,1274.200000
2025-12-08 00:32:29,3881.525879,1276.700000
2025-12-08 00:32:30,4143.875000,1263.700000
2025-12-08 00:32:31,4384.948242,1265.100000
2025-12-08 00:32:32,4599.815918,1253.700000
2025-12-08 00:32:33,4785.071777,1254.500000
2025-12-08 00:32:34,4939.941895,1257.100000
2025-12-08 00:32:35,5066.051758,1250.000000
2025-12-08 00:32:36,5166.473145,1250.000000
2025-12-08 00:32:37,5244.892578,1253.300000
2025-12-08 00:32:38,5305.130859,1259.000000
2025-12-08 00:32:39,5350.841797,1259.600000
2025-12-08 00:32:40,5385.275879,1253.600000
2025-12-08 00:32:41,5411.159668,1262.600000
2025-12-08 00:32:42,5430.656738,1252.500000
2025-12-08 00:32:43,5445.425293,1258.900000
2025-12-08 00:32:44,5456.701660,1251.600000
2025-12-08 00:32:45,5465.391602,1252.100000
2025-12-08 00:32:46,5472.157227,1256.800000
2025-12-08 00:32:47,5477.478027,1271.400000
2025-12-08 00:32:48,5481.707520,1251.600000
2025-12-08 00:32:49,5485.104492,1260.300000
2025-12-08 00:32:50,5487.857910,1252.000000
2025-12-08 00:32:51,5490.110840,1253.500000
2025-12-08 00:32:52,5491.969238,1253.200000
2025-12-08 00:32:53,5493.514160,1255.700000
2025-12-08 00:32:54,5494.808105,1253.200000
2025-12-08 00:32:55,5495.896973,1267.100000
2025-12-08 00:32:56,5496.817871,1254.900000
2025-12-08 00:32:57,5497.603027,1253.100000
2025-12-08 00:32:58,5498.270996,1254.100000
2025-12-08 00:32:59,5498.843750,1251.800000
2025-12-08 00:33:00,1264.485474,1255.400000
2025-12-08 00:33:01,1267.831543,1251.800000
2025-12-08 00:33:02,1272.492798,1254.100000
2025-12-08 00:33:03,1278.738770,1253.200000
2025-12-08 00:33:04,1286.712036,1317.500000
2025-12-08 00:33:05,1296.554199,1341.500000
2025-12-08 00:33:06,1308.421021,1344.800000
2025-12-08 00:33:07,1322.491699,1329.800000
2025-12-08 00:33:08,1338.974365,1328.100000
2025-12-08 00:33:09,1358.121094,1327.000000
2025-12-08 00:33:10,1380.236816,1336.400000
2025-12-08 00:33:11,1405.691528,1331.000000
2025-12-08 00:33:12,1434.944946,1326.100000
2025-12-08 00:33:13,1468.575195,1329.700000
2025-12-08 00:33:14,1507.302246,1327.300000
2025-12-08 00:33:15,1552.062744,1338.900000
2025-12-08 00:33:16,1604.069824,1329.700000
2025-12-08 00:33:17,1664.895508,1327.700000
2025-12-08 00:33:18,1736.593506,1332.800000
2025-12-08 00:33:19,1821.855835,1341.900000
2025-12-08 00:33:20,1924.152954,1335.700000
2025-12-08 00:33:21,2047.821289,1336.100000
2025-12-08 00:33:22,2197.916016,1338.900000
2025-12-08 00:33:23,2379.495850,1326.300000
2025-12-08 00:33:24,2595.915771,1328.600000
2025-12-08 00:33:25,2846.080322,1333.100000
2025-12-08 00:33:26,3122.104980,1337.500000
2025-12-08 00:33:27,3410.425781,1334.000000
2025-12-08 00:33:28,3697.121094,1331.800000
2025-12-08 00:33:29,3972.173340,1328.200000
2025-12-08 00:33:30,4229.154297,1332.600000
2025-12-08 00:33:31,4462.755371,1333.800000
2025-12-08 00:33:32,4668.384277,1331.000000
2025-12-08 00:33:33,4843.488770,1330.700000
2025-12-08 00:33:34,4988.264648,1333.300000
2025-12-08 00:33:35,5105.025391,1345.800000
2025-12-08 00:33:36,5197.198730,1332.600000
2025-12-08 00:33:37,5268.644531,1330.600000
2025-12-08 00:33:38,5323.214355,1328.800000
2025-12-08 00:33:39,5364.470215,1333.500000
2025-12-08 00:33:40,5395.500000,1330.700000
2025-12-08 00:33:41,5418.829590,1332.500000
2025-12-08 00:33:42,5436.438965,1332.800000
2025-12-08 00:33:43,5449.815430,1331.000000
2025-12-08 00:33:44,5460.067383,1399.200000
2025-12-08 00:33:45,5467.999023,1406.300000
2025-12-08 00:33:46,5474.198730,1408.500000
2025-12-08 00:33:47,5479.095215,1410.300000
2025-12-08 00:33:48,5483.002441,1408.300000
2025-12-08 00:33:49,5486.150879,1410.800000
2025-12-08 00:33:50,5488.711914,1408.000000
2025-12-08 00:33:51,5490.814941,1409.900000
2025-12-08 00:33:52,5492.553711,1416.400000
2025-12-08 00:33:53,5494.001953,1409.600000
2025-12-08 00:33:54,5495.218262,1410.600000
2025-12-08 00:33:55,5496.242676,1418.500000
2025-12-08 00:33:56,5497.111816,1420.100000
2025-12-08 00:33:57,5497.851074,1412.100000
2025-12-08 00:33:58,5498.483398,1413.800000
2025-12-08 00:33:59,5499.026367,1415.400000
2025-12-08 00:34:00,1381.310669,1421.100000
2025-12-08 00:34:01,1364.723022,1415.900000
2025-12-08 00:34:02,1346.138306,1410.100000
2025-12-08 00:34:03,1325.109863,1413.500000
2025-12-08 00:34:04,1301.533203,1413.200000
2025-12-08 00:34:05,1275.267578,1421.400000
2025-12-08 00:34:06,1246.478638,1416.000000
2025-12-08 00:34:07,1215.506226,1418.500000
2025-12-08 00:34:08,1182.870972,1415.300000
2025-12-08 00:34:09,1149.188843,1412.600000
2025-12-08 00:34:10,1115.209961,1414.000000
2025-12-08 00:34:11,1081.738770,1421.700000
2025-12-08 00:34:12,1049.637085,1415.300000
2025-12-08 00:34:13,1019.701355,1421.400000
2025-12-08 00:34:14,992.611816,1417.500000
2025-12-08 00:34:15,968.918823,1415.200000
2025-12-08 00:34:16,948.985046,1413.400000
2025-12-08 00:34:17,933.037354,1414.100000
2025-12-08 00:34:18,921.130981,1413.300000
2025-12-08 00:34:19,913.197876,1422.100000
2025-12-08 00:34:20,909.084473,1420.700000
2025-12-08 00:34:21,908.590027,1422.200000
2025-12-08 00:34:22,911.484741,1417.600000
2025-12-08 00:34:23,917.540100,1425.500000
2025-12-08 00:34:24,926.548340,1498.600000
2025-12-08 00:34:25,938.340210,1510.000000
2025-12-08 00:34:26,952.789368,1505.200000
2025-12-08 00:34:27,969.821655,1504.300000
2025-12-08 00:34:28,989.420105,1505.700000
2025-12-08 00:34:29,1011.631897,1507.500000
2025-12-08 00:34:30,1036.570190,1514.900000
2025-12-08 00:34:31,1064.425293,1521.900000
2025-12-08 00:34:32,1095.468506,1520.900000
2025-12-08 00:34:33,1130.072510,1517.300000
2025-12-08 00:34:34,1168.735474,1510.400000
2025-12-08 00:34:35,1212.109619,1513.300000
2025-12-08 00:34:36,1261.044556,1510.500000
2025-12-08 00:34:37,1316.624756,1511.600000
2025-12-08 00:34:38,1380.283325,1517.500000
2025-12-08 00:34:39,1453.875732,1513.400000
2025-12-08 00:34:40,1539.818359,1514.700000
2025-12-08 00:34:41,1641.224609,1513.700000
2025-12-08 00:34:42,1762.061279,1515.700000
2025-12-08 00:34:43,1907.184570,1514.200000
2025-12-08 00:34:44,2082.102295,1523.000000
2025-12-08 00:34:45,2292.128662,1513.000000
2025-12-08 00:34:46,2540.224854,1515.100000
2025-12-08 00:34:47,2824.052490,1519.800000
2025-12-08 00:34:48,3133.541016,1516.900000
2025-12-08 00:34:49,3452.561523,1518.200000
2025-12-08 00:34:50,3765.010742,1520.100000
2025-12-08 00:34:51,4059.374512,1517.100000
2025-12-08 00:34:52,4328.012695,1515.000000
2025-12-08 00:34:53,4565.108398,1519.900000
2025-12-08 00:34:54,4766.899414,1520.300000
2025-12-08 00:34:55,4932.806152,1520.100000
2025-12-08 00:34:56,5065.278320,1524.800000
2025-12-08 00:34:57,5168.613770,1518.400000
2025-12-08 00:34:58,5247.791992,1519.000000
2025-12-08 00:34:59,5307.696777,1518.700000
2025-12-08 00:35:00,1484.014648,1520.000000
2025-12-08 00:35:01,1468.925781,1520.800000
2025-12-08 00:35:02,1450.003418,1518.300000
2025-12-08 00:35:03,1426.333984,1522.900000
2025-12-08 00:35:04,1397.352539,1519.400000
2025-12-08 00:35:05,1362.707397,1520.700000
2025-12-08 00:35:06,1322.200684,1523.500000
2025-12-08 00:35:07,1276.052734,1521.300000
2025-12-08 00:35:08,1224.780029,1517.600000
2025-12-08 00:35:09,1169.424683,1518.900000
2025-12-08 00:35:10,1111.479004,1522.400000
2025-12-08 00:35:11,1052.819702,1523.300000
2025-12-08 00:35:12,995.539612,1519.800000
2025-12-08 00:35:13,941.791687,1523.300000
2025-12-08 00:35:14,893.322449,1526.500000
2025-12-08 00:35:15,851.445618,1519.800000
2025-12-08 00:35:16,816.841248,1519.100000
2025-12-08 00:35:17,789.636902,1521.000000
2025-12-08 00:35:18,769.525208,1520.300000
2025-12-08 00:35:19,755.923889,1529.500000
2025-12-08 00:35:20,748.096436,1527.600000
2025-12-08 00:35:21,745.282593,1523.700000
2025-12-08 00:35:22,746.743713,1524.200000
2025-12-08 00:35:23,751.817017,1524.800000
2025-12-08 00:35:24,759.934509,1529.500000
2025-12-08 00:35:25,770.639221,1520.800000
2025-12-08 00:35:26,783.553711,1523.000000
2025-12-08 00:35:27,798.400513,1520.700000
2025-12-08 00:35:28,814.986816,1524.300000
2025-12-08 00:35:29,833.188904,1522.000000
2025-12-08 00:35:30,852.942627,1519.000000
2025-12-08 00:35:31,874.239319,1522.300000
2025-12-08 00:35:32,897.117188,1524.500000
2025-12-08 00:35:33,921.658875,1541.100000
2025-12-08 00:35:34,947.998047,1521.600000
2025-12-08 00:35:35,976.321350,1523.300000
2025-12-08 00:35:36,1006.880737,1521.800000
2025-12-08 00:35:37,1039.994629,1522.900000
2025-12-08 00:35:38,1076.072021,1525.700000
2025-12-08 00:35:39,1115.630859,1524.300000
2025-12-08 00:35:40,1159.320190,1524.200000
2025-12-08 00:35:41,1207.969849,1525.900000
2025-12-08 00:35:42,1262.633179,1525.400000
2025-12-08 00:35:43,1324.662842,1526.200000
2025-12-08 00:35:44,1395.800293,1525.900000
2025-12-08 00:35:45,1478.306274,1520.600000
2025-12-08 00:35:46,1575.092896,1525.000000
2025-12-08 00:35:47,1689.903931,1524.400000
2025-12-08 00:35:48,1827.401489,1523.600000
2025-12-08 00:35:49,1993.058350,1526.800000
2025-12-08 00:35:50,2192.542969,1524.900000
2025-12-08 00:35:51,2430.107666,1524.300000
2025-12-08 00:35:52,2705.744385,1526.600000
2025-12-08 00:35:53,3012.123535,1527.500000
2025-12-08 00:35:54,3334.415039,1527.600000
2025-12-08 00:35:55,3655.231689,1527.300000
2025-12-08 00:35:56,3960.740234,1527.100000
2025-12-08 00:35:57,4241.878418,1533.500000
2025-12-08 00:35:58,4492.170898,1528.300000
2025-12-08 00:35:59,4707.100586,1527.900000
2025-12-08 00:36:00,1503.658325,1537.200000
2025-12-08 00:36:01,1494.201294,1529.700000
2025-12-08 00:36:02,1480.950073,1530.800000
2025-12-08 00:36:03,1463.026489,1525.800000
2025-12-08 00:36:04,1439.777466,1528.600000
2025-12-08 00:36:05,1410.713867,1529.800000
2025-12-08 00:36:06,1375.402710,1521.700000
2025-12-08 00:36:07,1333.626099,1524.400000
2025-12-08 00:36:08,1285.515503,1527.500000
2025-12-08 00:36:09,1231.616089,1530.200000
2025-12-08 00:36:10,1172.962646,1527.800000
2025-12-08 00:36:11,1111.161743,1525.900000
2025-12-08 00:36:12,1048.333496,1525.500000
2025-12-08 00:36:13,986.893921,1527.500000
2025-12-08 00:36:14,929.188110,1524.600000
2025-12-08 00:36:15,877.239929,1522.800000
2025-12-08 00:36:16,832.507385,1527.300000
2025-12-08 00:36:17,795.703247,1527.900000
2025-12-08 00:36:18,766.912170,1543.400000
2025-12-08 00:36:19,745.746765,1530.600000
2025-12-08 00:36:20,731.500000,1528.800000
2025-12-08 00:36:21,723.349243,1532.200000
2025-12-08 00:36:22,720.429016,1526.700000
2025-12-08 00:36:23,721.917236,1524.800000
2025-12-08 00:36:24,727.083313,1526.200000
2025-12-08 00:36:25,735.305664,1527.500000
2025-12-08 00:36:26,746.073853,1526.900000
2025-12-08 00:36:27,758.990601,1523.700000
2025-12-08 00:36:28,773.753784,1529.400000
2025-12-08 00:36:29,790.151367,1525.000000
2025-12-08 00:36:30,808.040466,1527.300000
2025-12-08 00:36:31,827.342285,1524.300000
2025-12-08 00:36:32,848.032959,1525.400000
2025-12-08 00:36:33,870.132263,1528.400000
2025-12-08 00:36:34,893.709412,1529.900000
2025-12-08 00:36:35,918.857056,1526.100000
2025-12-08 00:36:36,945.736511,1530.800000
2025-12-08 00:36:37,974.551208,1528.400000
2025-12-08 00:36:38,1005.566467,1526.800000
2025-12-08 00:36:39,1039.119263,1528.100000
2025-12-08 00:36:40,1075.631958,1529.700000
2025-12-08 00:36:41,1115.638428,1528.700000
2025-12-08 00:36:42,1159.809570,1528.900000
2025-12-08 00:36:43,1208.991455,1531.900000
2025-12-08 00:36:44,1264.261353,1531.600000
2025-12-08 00:36:45,1326.997437,1530.500000
2025-12-08 00:36:46,1398.975708,1531.200000
2025-12-08 00:36:47,1482.502441,1531.300000
2025-12-08 00:36:48,1580.554688,1525.100000
2025-12-08 00:36:49,1696.943726,1527.100000
2025-12-08 00:36:50,1836.410278,1526.800000
2025-12-08 00:36:51,2004.485962,1529.100000
2025-12-08 00:36:52,2206.819336,1532.500000
2025-12-08 00:36:53,2447.475586,1526.900000
2025-12-08 00:36:54,2726.012451,1543.200000
2025-12-08 00:36:55,3034.489014,1526.100000
2025-12-08 00:36:56,3357.632080,1524.300000
2025-12-08 00:36:57,3678.093262,1528.900000
2025-12-08 00:36:58,3982.375732,1535.200000
2025-12-08 00:36:59,4261.654785,1535.600000
2025-12-08 00:37:00,1504.830200,1531.800000
2025-12-08 00:37:01,1495.539795,1536.700000
2025-12-08 00:37:02,1482.629639,1535.900000
2025-12-08 00:37:03,1465.041992,1533.400000
2025-12-08 00:37:04,1442.178101,1531.100000
2025-12-08 00:37:05,1413.447144,1532.300000
2025-12-08 00:37:06,1378.421387,1531.000000
2025-12-08 00:37:07,1336.925781,1532.600000
2025-12-08 00:37:08,1288.985352,1527.100000
2025-12-08 00:37:09,1235.101929,1524.900000
2025-12-08 00:37:10,1176.317627,1529.000000
2025-12-08 00:37:11,1114.273560,1530.800000
2025-12-08 00:37:12,1051.086914,1529.800000
2025-12-08 00:37:13,989.165710,1532.600000
2025-12-08 00:37:14,930.903931,1531.100000
2025-12-08 00:37:15,878.381042,1528.400000
2025-12-08 00:37:16,833.058044,1528.500000
2025-12-08 00:37:17,795.682190,1529.800000
2025-12-08 00:37:18,766.380981,1531.800000
2025-12-08 00:37:19,744.751465,1537.200000
2025-12-08 00:37:20,730.147888,1534.300000
2025-12-08 00:37:21,721.710449,1531.600000
2025-12-08 00:37:22,718.559265,1530.700000
2025-12-08 00:37:23,719.867310,1528.800000
2025-12-08 00:37:24,724.890564,1529.200000
2025-12-08 00:37:25,732.996582,1544.200000
2025-12-08 00:37:26,743.668030,1528.400000
2025-12-08 00:37:27,756.497742,1527.600000
2025-12-08 00:37:28,771.178650,1531.500000
2025-12-08 00:37:29,787.494385,1530.700000
2025-12-08 00:37:30,805.296997,1528.700000
2025-12-08 00:37:31,824.506531,1530.900000
2025-12-08 00:37:32,845.091553,1528.800000
2025-12-08 00:37:33,867.070801,1539.100000
2025-12-08 00:37:34,890.505066,1532.200000
2025-12-08 00:37:35,915.496643,1532.900000
2025-12-08 00:37:36,942.191650,1528.800000
2025-12-08 00:37:37,970.792297,1531.800000
2025-12-08 00:37:38,1001.553345,1532.200000
2025-12-08 00:37:39,1034.803345,1532.600000
2025-12-08 00:37:40,1070.956543,1537.200000
2025-12-08 00:37:41,1110.532837,1538.300000
2025-12-08 00:37:42,1154.184204,1528.500000
2025-12-08 00:37:43,1202.735229,1532.000000
2025-12-08 00:37:44,1257.233154,1531.000000
2025-12-08 00:37:45,1319.015991,1533.500000
2025-12-08 00:37:46,1389.807983,1534.700000
2025-12-08 00:37:47,1471.843750,1537.700000
2025-12-08 00:37:48,1568.014771,1631.700000
2025-12-08 00:37:49,1682.025635,1659.200000
2025-12-08 00:37:50,1818.510010,1660.000000
2025-12-08 00:37:51,1982.928833,1666.000000
2025-12-08 00:37:52,2180.983154,1666.800000
2025-12-08 00:37:53,2417.055176,1664.800000
2025-12-08 00:37:54,2691.405273,1673.200000
2025-12-08 00:37:55,2997.070312,1667.100000
2025-12-08 00:37:56,3319.437500,1666.100000
2025-12-08 00:37:57,3641.040527,1664.700000
2025-12-08 00:37:58,3947.769287,1671.500000
2025-12-08 00:37:59,4230.363281,1665.300000
2025-12-08 00:38:00,1674.371948,1679.500000
2025-12-08 00:38:01,1645.249390,1665.900000
2025-12-08 00:38:02,1606.946533,1666.800000
2025-12-08 00:38:03,1558.913818,1663.100000
2025-12-08 00:38:04,1500.157471,1663.300000
2025-12-08 00:38:05,1429.883789,1661.500000
2025-12-08 00:38:06,1347.892700,1664.100000
2025-12-08 00:38:07,1255.123779,1666.000000
2025-12-08 00:38:08,1154.039307,1664.100000
2025-12-08 00:38:09,1048.892334,1664.500000
2025-12-08 00:38:10,945.200562,1662.700000
2025-12-08 00:38:11,848.737549,1664.400000
2025-12-08 00:38:12,764.292908,1664.900000
2025-12-08 00:38:13,694.710022,1668.800000
2025-12-08 00:38:14,640.700928,1664.400000
2025-12-08 00:38:15,601.364441,1661.900000
2025-12-08 00:38:16,574.853699,1665.500000
2025-12-08 00:38:17,559.001709,1666.300000
2025-12-08 00:38:18,551.721558,1665.900000
2025-12-08 00:38:19,551.173096,1669.900000
2025-12-08 00:38:20,555.807495,1667.700000
2025-12-08 00:38:21,564.356750,1661.100000
2025-12-08 00:38:22,575.812866,1666.300000
2025-12-08 00:38:23,589.401855,1667.200000
2025-12-08 00:38:24,604.550659,1664.100000
2025-12-08 00:38:25,620.854919,1664.600000
2025-12-08 00:38:26,638.046448,1662.800000
2025-12-08 00:38:27,655.940430,1665.300000
2025-12-08 00:38:28,674.441162,1665.800000
2025-12-08 00:38:29,693.498108,1662.600000
2025-12-08 00:38:30,713.092834,1663.100000
2025-12-08 00:38:31,733.234619,1661.600000
2025-12-08 00:38:32,753.954773,1664.100000
2025-12-08 00:38:33,775.301453,1673.300000
2025-12-08 00:38:34,797.345825,1663.300000
2025-12-08 00:38:35,820.172668,1664.000000
2025-12-08 00:38:36,843.895691,1663.000000
2025-12-08 00:38:37,868.652466,1666.400000
2025-12-08 00:38:38,894.612854,1674.000000
2025-12-08 00:38:39,921.978821,1665.000000
2025-12-08 00:38:40,950.991943,1665.600000
2025-12-08 00:38:41,981.938354,1664.300000
2025-12-08 00:38:42,1015.157227,1666.500000
2025-12-08 00:38:43,1051.054321,1666.600000
2025-12-08 00:38:44,1090.127930,1666.800000
2025-12-08 00:38:45,1132.992432,1670.500000
2025-12-08 00:38:46,1180.419922,1667.300000
2025-12-08 00:38:47,1233.389038,1667.000000
2025-12-08 00:38:48,1293.151245,1677.000000
2025-12-08 00:38:49,1361.323730,1664.400000
2025-12-08 00:38:50,1439.987305,1662.400000
2025-12-08 00:38:51,1531.842407,1663.900000
2025-12-08 00:38:52,1640.366699,1666.700000
2025-12-08 00:38:53,1769.942871,1667.000000
2025-12-08 00:38:54,1925.850708,1663.100000
2025-12-08 00:38:55,2113.860352,1667.300000
2025-12-08 00:38:56,2339.003662,1665.200000
2025-12-08 00:38:57,2603.120117,1668.400000
2025-12-08 00:38:58,2901.598633,1669.400000
2025-12-08 00:38:59,3221.770508,1668.200000
2025-12-08 00:39:00,1624.612061,1669.700000
2025-12-08 00:39:01,1608.781006,1670.200000
2025-12-08 00:39:02,1586.935181,1667.300000
2025-12-08 00:39:03,1557.159790,1668.400000
2025-12-08 00:39:04,1518.192627,1670.600000
2025-12-08 00:39:05,1468.853027,1664.300000
2025-12-08 00:39:06,1408.314819,1665.800000
2025-12-08 00:39:07,1336.306396,1668.400000
2025-12-08 00:39:08,1253.588623,1666.100000
2025-12-08 00:39:09,1162.315186,1665.200000
2025-12-08 00:39:10,1066.113647,1669.500000
2025-12-08 00:39:11,969.865845,1664.100000
2025-12-08 00:39:12,878.829834,1666.900000
2025-12-08 00:39:13,797.614807,1666.700000
2025-12-08 00:39:14,729.257141,1667.800000
2025-12-08 00:39:15,674.990601,1668.400000
2025-12-08 00:39:16,634.427368,1668.000000
2025-12-08 00:39:17,606.166870,1668.900000
2025-12-08 00:39:18,588.390991,1668.100000
2025-12-08 00:39:19,579.222961,1676.500000
2025-12-08 00:39:20,576.933228,1696.800000
2025-12-08 00:39:21,580.026855,1692.100000
2025-12-08 00:39:22,587.250244,1672.900000
2025-12-08 00:39:23,597.594055,1673.200000
2025-12-08 00:39:24,610.268433,1669.300000
2025-12-08 00:39:25,624.679260,1677.200000
2025-12-08 00:39:26,640.403870,1673.100000
2025-12-08 00:39:27,657.152039,1676.400000
2025-12-08 00:39:28,674.740173,1697.000000
2025-12-08 00:39:29,693.057861,1671.900000
2025-12-08 00:39:30,712.047241,1672.000000
2025-12-08 00:39:31,731.690125,1679.200000
2025-12-08 00:39:32,751.993347,1678.200000
2025-12-08 00:39:33,772.988098,1678.600000
2025-12-08 00:39:34,794.727173,1681.300000
2025-12-08 00:39:35,817.277466,1565.700000
2025-12-08 00:39:36,840.738892,1537.800000
2025-12-08 00:39:37,865.234680,1548.600000
2025-12-08 00:39:38,890.920349,1557.300000
2025-12-08 00:39:39,917.986389,1549.900000
2025-12-08 00:39:40,946.659485,1504.000000
2025-12-08 00:39:41,977.217590,677.200000
2025-12-08 00:39:42,1009.991760,684.100000
2025-12-08 00:39:43,1045.380737,690.400000
2025-12-08 00:39:44,1083.867798,715.300000
2025-12-08 00:39:45,1126.048462,689.800000
2025-12-08 00:39:46,1172.665771,689.500000
2025-12-08 00:39:47,1224.657715,691.200000
2025-12-08 00:39:48,1283.223633,691.500000
2025-12-08 00:39:49,1349.907959,690.400000
2025-12-08 00:39:50,1426.706299,689.300000
2025-12-08 00:39:51,1516.209595,687.500000
2025-12-08 00:39:52,1621.757812,691.400000
2025-12-08 00:39:53,1747.582031,689.000000
2025-12-08 00:39:54,1898.830200,690.000000
2025-12-08 00:39:55,2081.249023,688.600000
2025-12-08 00:39:56,2300.125977,689.900000
2025-12-08 00:39:57,2558.035645,693.200000
2025-12-08 00:39:58,2851.607178,693.400000
2025-12-08 00:39:59,3169.398682,689.900000
2025-12-08 00:40:00,796.663330,690.600000
2025-12-08 00:40:01,807.492737,692.300000
2025-12-08 00:40:02,820.762146,692.700000
2025-12-08 00:40:03,834.929199,692.800000
2025-12-08 00:40:04,849.547180,717.900000
2025-12-08 00:40:05,864.291870,706.900000
2025-12-08 00:40:06,878.935791,706.300000
2025-12-08 00:40:07,893.321716,707.800000
2025-12-08 00:40:08,907.342590,707.600000
2025-12-08 00:40:09,920.927979,707.300000
2025-12-08 00:40:10,934.034119,704.200000
2025-12-08 00:40:11,946.636902,660.400000
2025-12-08 00:40:12,958.726257,660.500000
2025-12-08 00:40:13,970.303040,564.700000
2025-12-08 00:40:14,981.375061,563.900000
2025-12-08 00:40:15,991.955933,565.100000
2025-12-08 00:40:16,1002.062744,562.200000
2025-12-08 00:40:17,1011.714661,560.600000
2025-12-08 00:40:18,1020.932800,562.900000
2025-12-08 00:40:19,1029.738281,565.800000
2025-12-08 00:40:20,1038.153198,601.300000
2025-12-08 00:40:21,1046.198242,651.900000
2025-12-08 00:40:22,1053.894531,662.500000
2025-12-08 00:40:23,1061.261719,661.800000
2025-12-08 00:40:24,1068.318848,661.900000
2025-12-08 00:40:25,1075.084473,663.700000
2025-12-08 00:40:26,1081.575439,663.500000
2025-12-08 00:40:27,1087.808105,667.500000
2025-12-08 00:40:28,1093.797485,671.800000
2025-12-08 00:40:29,1099.558105,671.000000
2025-12-08 00:40:30,1105.103027,678.500000
2025-12-08 00:40:31,1110.444702,674.800000
2025-12-08 00:40:32,1115.594604,671.800000
2025-12-08 00:40:33,1120.563232,678.600000
2025-12-08 00:40:34,1125.360840,680.000000
2025-12-08 00:40:35,1129.996338,677.800000
2025-12-08 00:40:36,1134.477661,682.900000
2025-12-08 00:40:37,1138.813477,682.200000
2025-12-08 00:40:38,1143.011475,682.300000
2025-12-08 00:40:39,1147.078369,687.600000
2025-12-08 00:40:40,1151.020874,686.800000
2025-12-08 00:40:41,1154.845093,686.200000
2025-12-08 00:40:42,1158.554443,688.600000
2025-12-08 00:40:43,1162.157471,686.700000
2025-12-08 00:40:44,1165.659058,686.300000
2025-12-08 00:40:45,1169.064209,696.000000
2025-12-08 00:40:46,1172.376831,688.200000
2025-12-08 00:40:47,1175.601318,688.800000
2025-12-08 00:40:48,1178.741455,689.400000
2025-12-08 00:40:49,1181.801147,687.200000
2025-12-08 00:40:50,1184.783447,688.900000
2025-12-08 00:40:51,1187.692139,687.700000
2025-12-08 00:40:52,1190.530151,688.400000
2025-12-08 00:40:53,1193.300293,688.800000
2025-12-08 00:40:54,1196.005371,689.800000
2025-12-08 00:40:55,1198.648193,689.500000
2025-12-08 00:40:56,1201.230957,687.900000
2025-12-08 00:40:57,1203.756348,706.100000
2025-12-08 00:40:58,1206.226440,695.900000
2025-12-08 00:40:59,1208.643433,694.800000
2025-12-08 00:41:00,816.253113,714.300000
2025-12-08 00:41:01,825.670166,702.800000
2025-12-08 00:41:02,837.727051,694.600000
2025-12-08 00:41:03,850.760254,693.000000
2025-12-08 00:41:04,864.320679,689.200000
2025-12-08 00:41:05,878.083191,705.300000
2025-12-08 00:41:06,891.819641,692.600000
2025-12-08 00:41:07,905.371155,691.200000
2025-12-08 00:41:08,918.627930,691.000000
2025-12-08 00:41:09,931.515991,691.100000
2025-12-08 00:41:10,943.986816,689.300000
2025-12-08 00:41:11,956.011414,693.100000
2025-12-08 00:41:12,967.574341,691.300000
2025-12-08 00:41:13,978.671143,691.100000
2025-12-08 00:41:14,989.304565,692.000000
2025-12-08 00:41:15,999.483887,700.900000
2025-12-08 00:41:16,1009.221741,691.800000
2025-12-08 00:41:17,1018.533936,691.800000
2025-12-08 00:41:18,1027.437988,692.200000
2025-12-08 00:41:19,1035.952393,697.100000
2025-12-08 00:41:20,1044.096313,696.000000
2025-12-08 00:41:21,1051.889282,690.500000
2025-12-08 00:41:22,1059.349854,689.300000
2025-12-08 00:41:23,1066.496582,700.500000
2025-12-08 00:41:24,1073.347168,691.900000
2025-12-08 00:41:25,1079.918457,689.200000
2025-12-08 00:41:26,1086.226440,692.900000
2025-12-08 00:41:27,1092.286621,692.900000
2025-12-08 00:41:28,1098.113037,692.500000
2025-12-08 00:41:29,1103.719116,692.300000
2025-12-08 00:41:30,1109.117676,689.600000
2025-12-08 00:41:31,1114.320190,689.700000
2025-12-08 00:41:32,1119.337769,690.500000
2025-12-08 00:41:33,1124.180542,691.800000
2025-12-08 00:41:34,1128.858154,692.000000
2025-12-08 00:41:35,1133.379517,690.600000
2025-12-08 00:41:36,1137.752808,689.100000
2025-12-08 00:41:37,1141.985962,691.100000
2025-12-08 00:41:38,1146.086060,689.900000
2025-12-08 00:41:39,1150.060181,687.900000
2025-12-08 00:41:40,1153.914185,684.900000
2025-12-08 00:41:41,1157.654297,689.700000
2025-12-08 00:41:42,1161.286011,690.100000
2025-12-08 00:41:43,1164.814453,707.100000
2025-12-08 00:41:44,1168.244507,690.700000
2025-12-08 00:41:45,1171.580688,687.000000
2025-12-08 00:41:46,1174.827515,686.400000
2025-12-08 00:41:47,1177.988647,689.500000
2025-12-08 00:41:48,1181.068115,694.200000
2025-12-08 00:41:49,1184.069702,692.100000
2025-12-08 00:41:50,1186.996338,688.200000
2025-12-08 00:41:51,1189.851440,688.700000
2025-12-08 00:41:52,1192.637939,688.900000
2025-12-08 00:41:53,1195.358765,688.800000
2025-12-08 00:41:54,1198.016479,691.300000
2025-12-08 00:41:55,1200.613647,700.000000
2025-12-08 00:41:56,1203.152832,688.700000
2025-12-08 00:41:57,1205.636108,687.500000
2025-12-08 00:41:58,1208.065674,691.000000
2025-12-08 00:41:59,1210.443726,691.700000
2025-12-08 00:42:00,814.940735,692.600000
2025-12-08 00:42:01,824.151978,701.500000
2025-12-08 00:42:02,836.103699,692.800000
2025-12-08 00:42:03,849.082153,693.600000
2025-12-08 00:42:04,862.623962,693.900000
2025-12-08 00:42:05,876.393494,690.900000
2025-12-08 00:42:06,890.155273,692.300000
2025-12-08 00:42:07,903.744751,687.300000
2025-12-08 00:42:08,917.048096,686.700000
2025-12-08 00:42:09,929.988281,690.600000
2025-12-08 00:42:10,942.514771,688.500000
2025-12-08 00:42:11,954.596558,707.600000
2025-12-08 00:42:12,966.217224,694.500000
2025-12-08 00:42:13,977.371277,695.200000
2025-12-08 00:42:14,988.061096,696.200000
2025-12-08 00:42:15,998.295044,696.800000
2025-12-08 00:42:16,1008.085510,699.300000
2025-12-08 00:42:17,1017.447998,694.500000
2025-12-08 00:42:18,1026.400146,696.300000
2025-12-08 00:42:19,1034.960205,701.500000
2025-12-08 00:42:20,1043.147583,698.000000
2025-12-08 00:42:21,1050.981201,701.700000
2025-12-08 00:42:22,1058.480347,696.500000
2025-12-08 00:42:23,1065.663330,695.200000
2025-12-08 00:42:24,1072.548096,697.300000
2025-12-08 00:42:25,1079.151611,708.900000
2025-12-08 00:42:26,1085.490112,693.200000
2025-12-08 00:42:27,1091.578735,689.300000
2025-12-08 00:42:28,1097.432129,692.100000
2025-12-08 00:42:29,1103.063721,687.700000
2025-12-08 00:42:30,1108.486084,689.900000
2025-12-08 00:42:31,1113.711182,688.200000
2025-12-08 00:42:32,1118.750122,687.700000
2025-12-08 00:42:33,1123.613159,686.200000
2025-12-08 00:42:34,1128.309937,692.500000
2025-12-08 00:42:35,1132.849365,687.800000
2025-12-08 00:42:36,1137.239868,688.800000
2025-12-08 00:42:37,1141.489258,692.300000
2025-12-08 00:42:38,1145.604736,686.600000
2025-12-08 00:42:39,1149.593506,685.900000
2025-12-08 00:42:40,1153.461426,689.400000
2025-12-08 00:42:41,1157.214722,687.100000
2025-12-08 00:42:42,1160.859009,689.300000
2025-12-08 00:42:43,1164.399414,688.900000
2025-12-08 00:42:44,1167.841064,687.100000
2025-12-08 00:42:45,1171.188232,686.700000
2025-12-08 00:42:46,1174.445312,688.700000
2025-12-08 00:42:47,1177.616577,692.900000
2025-12-08 00:42:48,1180.705566,689.700000
2025-12-08 00:42:49,1183.716187,687.800000
2025-12-08 00:42:50,1186.651489,697.000000
2025-12-08 00:42:51,1189.515015,686.900000
2025-12-08 00:42:52,1192.309570,688.400000
2025-12-08 00:42:53,1195.038086,687.700000
2025-12-08 00:42:54,1197.703125,690.000000
2025-12-08 00:42:55,1200.307373,686.800000
2025-12-08 00:42:56,1202.853394,685.300000
2025-12-08 00:42:57,1205.343140,685.500000
2025-12-08 00:42:58,1207.779053,688.200000
2025-12-08 00:42:59,1210.163086,685.700000
2025-12-08 00:43:00,812.875122,687.900000
2025-12-08 00:43:01,822.016052,690.300000
2025-12-08 00:43:02,833.981750,694.500000
2025-12-08 00:43:03,846.999939,699.600000
2025-12-08 00:43:04,860.599182,694.000000
2025-12-08 00:43:05,874.437256,699.100000
2025-12-08 00:43:06,888.274109,690.600000
2025-12-08 00:43:07,901.941956,695.300000
2025-12-08 00:43:08,915.324890,702.100000
2025-12-08 00:43:09,928.344299,686.400000
2025-12-08 00:43:10,940.948364,688.200000
2025-12-08 00:43:11,953.105408,687.800000
2025-12-08 00:43:12,964.798706,689.000000
2025-12-08 00:43:13,976.022034,689.900000
2025-12-08 00:43:14,986.777832,687.600000
2025-12-08 00:43:15,997.074219,688.200000
2025-12-08 00:43:16,1006.923828,686.200000
2025-12-08 00:43:17,1016.342041,686.500000
2025-12-08 00:43:18,1025.346436,689.600000
2025-12-08 00:43:19,1033.955688,692.000000
2025-12-08 00:43:20,1042.189209,686.800000
2025-12-08 00:43:21,1050.066162,696.000000
2025-12-08 00:43:22,1057.605957,684.900000
2025-12-08 00:43:23,1064.826904,688.000000
2025-12-08 00:43:24,1071.747192,686.000000
2025-12-08 00:43:25,1078.384155,692.100000
2025-12-08 00:43:26,1084.754028,682.800000
2025-12-08 00:43:27,1090.872192,684.100000
2025-12-08 00:43:28,1096.753174,689.300000
2025-12-08 00:43:29,1102.410767,684.000000
2025-12-08 00:43:30,1107.857544,686.100000
2025-12-08 00:43:31,1113.105835,700.200000
2025-12-08 00:43:32,1118.166382,684.400000
2025-12-08 00:43:33,1123.049927,689.700000
2025-12-08 00:43:34,1127.765869,688.700000
2025-12-08 00:43:35,1132.323608,687.000000
2025-12-08 00:43:36,1136.731323,695.100000
2025-12-08 00:43:37,1140.997192,687.700000
2025-12-08 00:43:38,1145.128296,688.200000
2025-12-08 00:43:39,1149.131592,691.200000
2025-12-08 00:43:40,1153.013550,688.600000
2025-12-08 00:43:41,1156.780151,685.800000
2025-12-08 00:43:42,1160.437012,686.500000
2025-12-08 00:43:43,1163.989380,686.700000
2025-12-08 00:43:44,1167.442261,691.800000
2025-12-08 00:43:45,1170.800415,689.800000
2025-12-08 00:43:46,1174.067993,688.000000
2025-12-08 00:43:47,1177.249023,687.900000
2025-12-08 00:43:48,1180.347656,689.800000
2025-12-08 00:43:49,1183.367310,692.000000
2025-12-08 00:43:50,1186.311279,687.700000
2025-12-08 00:43:51,1189.183105,687.900000
2025-12-08 00:43:52,1191.985596,689.700000
2025-12-08 00:43:53,1194.721680,685.100000
2025-12-08 00:43:54,1197.394043,687.100000
2025-12-08 00:43:55,1200.005371,683.700000
2025-12-08 00:43:56,1202.558105,698.900000
2025-12-08 00:43:57,1205.054321,688.700000
2025-12-08 00:43:58,1207.496338,684.400000
2025-12-08 00:43:59,1209.886475,684.400000
2025-12-08 00:44:00,813.166504,691.600000
2025-12-08 00:44:01,822.291809,685.900000
2025-12-08 00:44:02,834.252808,694.000000
2025-12-08 00:44:03,847.264893,698.100000
2025-12-08 00:44:04,860.856689,690.800000
2025-12-08 00:44:05,874.686401,693.100000
2025-12-08 00:44:06,888.514160,694.500000
2025-12-08 00:44:07,902.172607,686.600000
2025-12-08 00:44:08,915.545898,691.000000
2025-12-08 00:44:09,928.555664,687.200000
2025-12-08 00:44:10,941.150085,688.100000
2025-12-08 00:44:11,953.297791,684.800000
2025-12-08 00:44:12,964.981873,685.300000
2025-12-08 00:44:13,976.196411,685.400000
2025-12-08 00:44:14,986.943787,804.400000
2025-12-08 00:44:15,997.232178,791.300000
2025-12-08 00:44:16,1007.074219,788.100000
2025-12-08 00:44:17,1016.485352,788.000000
2025-12-08 00:44:18,1025.482910,788.400000
2025-12-08 00:44:19,1034.085938,789.100000
2025-12-08 00:44:20,1042.313477,787.100000
2025-12-08 00:44:21,1050.184937,789.200000
2025-12-08 00:44:22,1057.719360,783.300000
2025-12-08 00:44:23,1064.935547,781.700000
2025-12-08 00:44:24,1071.851318,776.900000
2025-12-08 00:44:25,1078.483887,775.700000
2025-12-08 00:44:26,1084.849731,776.800000
2025-12-08 00:44:27,1090.964111,778.100000
2025-12-08 00:44:28,1096.841431,775.800000
2025-12-08 00:44:29,1102.495605,775.000000
2025-12-08 00:44:30,1107.939331,776.800000
2025-12-08 00:44:31,1113.184570,774.900000
2025-12-08 00:44:32,1118.242432,777.300000
2025-12-08 00:44:33,1123.123291,778.200000
2025-12-08 00:44:34,1127.836792,776.700000
2025-12-08 00:44:35,1132.392212,777.000000
2025-12-08 00:44:36,1136.797607,777.400000
2025-12-08 00:44:37,1141.061401,774.900000
2025-12-08 00:44:38,1145.190430,779.600000
2025-12-08 00:44:39,1149.191895,783.700000
2025-12-08 00:44:40,1153.071899,778.600000
2025-12-08 00:44:41,1156.836914,777.900000
2025-12-08 00:44:42,1160.492065,794.600000
2025-12-08 00:44:43,1164.042969,815.500000
2025-12-08 00:44:44,1167.494385,791.900000
2025-12-08 00:44:45,1170.851074,788.000000
2025-12-08 00:44:46,1174.117310,788.100000
2025-12-08 00:44:47,1177.297119,788.700000
2025-12-08 00:44:48,1180.394409,788.900000
2025-12-08 00:44:49,1183.412842,787.500000
2025-12-08 00:44:50,1186.355713,793.400000
2025-12-08 00:44:51,1189.226440,789.900000
2025-12-08 00:44:52,1192.027954,790.800000
2025-12-08 00:44:53,1194.762939,790.300000
2025-12-08 00:44:54,1197.434448,789.700000
2025-12-08 00:44:55,1200.044800,789.900000
2025-12-08 00:44:56,1202.596680,791.700000
2025-12-08 00:44:57,1205.092041,793.900000
2025-12-08 00:44:58,1207.533447,796.400000
2025-12-08 00:44:59,1209.922485,791.900000
2025-12-08 00:45:00,880.405701,793.800000
2025-12-08 00:45:01,887.802002,791.700000
2025-12-08 00:45:02,897.225098,793.500000
2025-12-08 00:45:03,907.505005,794.300000
2025-12-08 00:45:04,918.285767,788.900000
2025-12-08 00:45:05,929.307312,793.700000
2025-12-08 00:45:06,940.382812,792.800000
2025-12-08 00:45:07,951.378296,785.800000
2025-12-08 00:45:08,962.198364,790.100000
2025-12-08 00:45:09,972.776245,791.200000
2025-12-08 00:45:10,983.065857,790.000000
2025-12-08 00:45:11,993.037292,791.400000
2025-12-08 00:45:12,1002.672485,791.600000
2025-12-08 00:45:13,1011.962341,776.800000
2025-12-08 00:45:14,1020.904846,1056.700000
2025-12-08 00:45:15,1029.503174,1131.500000
2025-12-08 00:45:16,1037.763672,996.100000
2025-12-08 00:45:17,1045.695923,994.600000
2025-12-08 00:45:18,1053.311401,1073.100000
2025-12-08 00:45:19,1060.622314,1008.900000
2025-12-08 00:45:20,1067.642090,1057.600000
2025-12-08 00:45:21,1074.384277,1086.400000
2025-12-08 00:45:22,1080.862671,1105.700000
2025-12-08 00:45:23,1087.090332,1133.400000
2025-12-08 00:45:24,1093.080444,1153.800000
2025-12-08 00:45:25,1098.845581,1174.700000
2025-12-08 00:45:26,1104.397705,1191.800000
2025-12-08 00:45:27,1109.748413,1209.700000
2025-12-08 00:45:28,1114.908325,1225.600000
2025-12-08 00:45:29,1119.887695,1230.700000
2025-12-08 00:45:30,1124.696289,1235.000000
2025-12-08 00:45:31,1129.343018,1238.300000
2025-12-08 00:45:32,1133.836426,1245.100000
2025-12-08 00:45:33,1138.184326,1244.500000
2025-12-08 00:45:34,1142.394409,1243.900000
2025-12-08 00:45:35,1146.473511,1243.300000
2025-12-08 00:45:36,1150.428345,1246.200000
2025-12-08 00:45:37,1154.264648,1242.800000
2025-12-08 00:45:38,1157.988403,1242.200000
2025-12-08 00:45:39,1161.605103,1244.500000
2025-12-08 00:45:40,1165.119873,1244.000000
2025-12-08 00:45:41,1168.537109,1240.700000
2025-12-08 00:45:42,1171.861572,1239.900000
2025-12-08 00:45:43,1175.097412,1238.900000
2025-12-08 00:45:44,1178.248657,1241.900000
2025-12-08 00:45:45,1181.318848,1240.600000
2025-12-08 00:45:46,1184.311523,1237.600000
2025-12-08 00:45:47,1187.230103,1239.400000
2025-12-08 00:45:48,1190.077515,1241.500000
2025-12-08 00:45:49,1192.856934,1243.600000
2025-12-08 00:45:50,1195.571045,1244.600000
2025-12-08 00:45:51,1198.222534,1247.900000
2025-12-08 00:45:52,1200.813965,1249.900000
2025-12-08 00:45:53,1203.347534,1251.200000
2025-12-08 00:45:54,1205.825562,1254.300000
2025-12-08 00:45:55,1208.250244,1257.900000
2025-12-08 00:45:56,1210.623535,1259.500000
2025-12-08 00:45:57,1212.947510,1262.600000
2025-12-08 00:45:58,1215.223755,1276.000000
2025-12-08 00:45:59,1217.454224,1260.800000
2025-12-08 00:46:00,1264.849121,1262.500000
2025-12-08 00:46:01,1266.776611,1266.800000
2025-12-08 00:46:02,1268.593872,1264.700000
2025-12-08 00:46:03,1270.306396,1265.800000
2025-12-08 00:46:04,1271.931641,1265.400000
2025-12-08 00:46:05,1273.483398,1263.900000
2025-12-08 00:46:06,1274.972656,1264.500000
2025-12-08 00:46:07,1276.408325,1263.600000
2025-12-08 00:46:08,1277.797852,1261.300000
2025-12-08 00:46:09,1279.147339,1281.600000
2025-12-08 00:46:10,1280.462158,1264.100000
2025-12-08 00:46:11,1281.746216,1264.200000
2025-12-08 00:46:12,1283.003540,1261.700000
2025-12-08 00:46:13,1284.236938,1262.500000
2025-12-08 00:46:14,1285.448853,1262.900000
2025-12-08 00:46:15,1286.642700,1260.200000
2025-12-08 00:46:16,1287.818726,1260.100000
2025-12-08 00:46:17,1288.977783,1261.300000
2025-12-08 00:46:18,1290.121948,1260.700000
2025-12-08 00:46:19,1291.252441,1286.000000
2025-12-08 00:46:20,1292.369507,1267.900000
2025-12-08 00:46:21,1293.474487,1269.200000
2025-12-08 00:46:22,1294.567871,1263.300000
2025-12-08 00:46:23,1295.649780,1264.400000
2025-12-08 00:46:24,1296.721191,1265.700000
2025-12-08 00:46:25,1297.781982,1264.000000
2025-12-08 00:46:26,1298.832764,1265.200000
2025-12-08 00:46:27,1299.874023,1268.600000
2025-12-08 00:46:28,1300.905518,1268.800000
2025-12-08 00:46:29,1301.927856,1269.000000
2025-12-08 00:46:30,1302.941406,1271.000000
2025-12-08 00:46:31,1303.945801,1266.000000
2025-12-08 00:46:32,1304.941772,1267.100000
2025-12-08 00:46:33,1305.929565,1271.000000
2025-12-08 00:46:34,1306.908936,1271.400000
2025-12-08 00:46:35,1307.880371,1266.100000
2025-12-08 00:46:36,1308.844238,1268.000000
2025-12-08 00:46:37,1309.800293,1266.200000
2025-12-08 00:46:38,1310.749023,1271.100000
2025-12-08 00:46:39,1311.690552,1271.200000
2025-12-08 00:46:40,1312.624878,1270.400000
2025-12-08 00:46:41,1313.552124,1267.300000
2025-12-08 00:46:42,1314.472656,1269.800000
2025-12-08 00:46:43,1315.386597,1268.400000
2025-12-08 00:46:44,1316.293823,1269.500000
2025-12-08 00:46:45,1317.194946,1266.800000
2025-12-08 00:46:46,1318.089478,1264.900000
2025-12-08 00:46:47,1318.978149,1266.600000
2025-12-08 00:46:48,1319.860596,1267.800000
2025-12-08 00:46:49,1320.737183,1260.400000
2025-12-08 00:46:50,1321.608032,1263.400000
2025-12-08 00:46:51,1322.473267,1265.300000
2025-12-08 00:46:52,1323.333008,1261.000000
2025-12-08 00:46:53,1324.187256,1265.400000
2025-12-08 00:46:54,1325.036377,1267.400000
2025-12-08 00:46:55,1325.880127,1261.900000
2025-12-08 00:46:56,1326.718872,1262.400000
2025-12-08 00:46:57,1327.552368,1267.600000
2025-12-08 00:46:58,1328.381226,1262.300000
2025-12-08 00:46:59,1329.205322,1266.300000
2025-12-08 00:47:00,1269.143433,1266.600000
2025-12-08 00:47:01,1269.793823,1275.700000
2025-12-08 00:47:02,1270.597778,1268.300000
2025-12-08 00:47:03,1271.502197,1264.400000
2025-12-08 00:47:04,1272.483398,1265.400000
2025-12-08 00:47:05,1273.523071,1250.800000
2025-12-08 00:47:06,1274.606079,1253.500000
2025-12-08 00:47:07,1275.721191,1252.100000
2025-12-08 00:47:08,1276.858765,1259.100000
2025-12-08 00:47:09,1278.011475,1257.900000
2025-12-08 00:47:10,1279.173584,1257.900000
2025-12-08 00:47:11,1280.340088,1253.100000
2025-12-08 00:47:12,1281.507568,1254.300000
2025-12-08 00:47:13,1282.673218,1261.800000
2025-12-08 00:47:14,1283.834717,1257.000000
2025-12-08 00:47:15,1284.990356,1253.700000
2025-12-08 00:47:16,1286.139160,1249.300000
2025-12-08 00:47:17,1287.280151,1253.900000
2025-12-08 00:47:18,1288.412354,1254.700000
2025-12-08 00:47:19,1289.535767,1258.700000
2025-12-08 00:47:20,1290.649780,1258.900000
2025-12-08 00:47:21,1291.754395,1255.900000
2025-12-08 00:47:22,1292.849365,1249.900000
2025-12-08 00:47:23,1293.934814,1266.500000
2025-12-08 00:47:24,1295.010986,1251.800000
2025-12-08 00:47:25,1296.077515,1250.200000
2025-12-08 00:47:26,1297.135010,1210.200000
2025-12-08 00:47:27,1298.183350,1212.100000
2025-12-08 00:47:28,1299.222778,1209.400000
2025-12-08 00:47:29,1300.253418,1208.000000
2025-12-08 00:47:30,1301.275391,1209.400000
2025-12-08 00:47:31,1302.288818,1205.600000
2025-12-08 00:47:32,1303.293823,1208.400000
2025-12-08 00:47:33,1304.290771,1210.000000
2025-12-08 00:47:34,1305.279663,1209.200000
2025-12-08 00:47:35,1306.260742,1208.000000
2025-12-08 00:47:36,1307.234131,1211.300000
2025-12-08 00:47:37,1308.199951,1209.600000
2025-12-08 00:47:38,1309.158203,1210.000000
2025-12-08 00:47:39,1310.109375,1210.000000
2025-12-08 00:47:40,1311.053223,1207.000000
2025-12-08 00:47:41,1311.990234,1216.900000
2025-12-08 00:47:42,1312.920410,1207.600000
2025-12-08 00:47:43,1313.843872,1207.500000
2025-12-08 00:47:44,1314.760620,1208.800000
2025-12-08 00:47:45,1315.671021,1206.500000
2025-12-08 00:47:46,1316.574951,1208.700000
2025-12-08 00:47:47,1317.472656,1212.200000
2025-12-08 00:47:48,1318.364258,1210.500000
2025-12-08 00:47:49,1319.250122,1206.400000
2025-12-08 00:47:50,1320.129761,1207.200000
2025-12-08 00:47:51,1321.003906,1206.800000
2025-12-08 00:47:52,1321.872192,1205.000000
2025-12-08 00:47:53,1322.735107,1216.500000
2025-12-08 00:47:54,1323.592529,1204.600000
2025-12-08 00:47:55,1324.444702,1211.700000
2025-12-08 00:47:56,1325.291504,1204.000000
2025-12-08 00:47:57,1326.133423,1204.200000
2025-12-08 00:47:58,1326.970215,1217.600000
2025-12-08 00:47:59,1327.802002,1206.100000
2025-12-08 00:48:00,1217.032593,1207.100000
2025-12-08 00:48:01,1218.000488,1221.900000
2025-12-08 00:48:02,1219.263672,1209.500000
2025-12-08 00:48:03,1220.680786,1204.400000
2025-12-08 00:48:04,1222.213135,1276.200000
2025-12-08 00:48:05,1223.830933,1309.700000
2025-12-08 00:48:06,1225.510132,1308.800000
2025-12-08 00:48:07,1227.232056,1298.300000
2025-12-08 00:48:08,1228.981812,1300.300000
2025-12-08 00:48:09,1230.747925,1298.900000
2025-12-08 00:48:10,1232.520752,1299.400000
2025-12-08 00:48:11,1234.293213,1306.700000
2025-12-08 00:48:12,1236.059448,1304.000000
2025-12-08 00:48:13,1237.815063,1300.400000
2025-12-08 00:48:14,1239.556885,1302.200000
2025-12-08 00:48:15,1241.282227,1300.800000
2025-12-08 00:48:16,1242.989258,1299.200000
2025-12-08 00:48:17,1244.676636,1301.800000
2025-12-08 00:48:18,1246.343506,1304.300000
2025-12-08 00:48:19,1247.989624,1317.300000
2025-12-08 00:48:20,1249.614258,1310.000000
2025-12-08 00:48:21,1251.217651,1300.000000
2025-12-08 00:48:22,1252.799927,1297.500000
2025-12-08 00:48:23,1254.360962,1303.600000
2025-12-08 00:48:24,1255.901367,1310.100000
2025-12-08 00:48:25,1257.421143,1307.400000
2025-12-08 00:48:26,1258.920898,1306.500000
2025-12-08 00:48:27,1260.400879,1303.600000
2025-12-08 00:48:28,1261.861694,1298.500000
2025-12-08 00:48:29,1263.303711,1310.700000
2025-12-08 00:48:30,1264.727417,1300.300000
2025-12-08 00:48:31,1266.133179,1300.200000
2025-12-08 00:48:32,1267.521484,1300.700000
2025-12-08 00:48:33,1268.892456,1300.300000
2025-12-08 00:48:34,1270.246948,1301.400000
2025-12-08 00:48:35,1271.584961,1299.500000
2025-12-08 00:48:36,1272.907104,1299.100000
2025-12-08 00:48:37,1274.213623,1298.400000
2025-12-08 00:48:38,1275.505005,1301.000000
2025-12-08 00:48:39,1276.781494,1301.600000
2025-12-08 00:48:40,1278.043335,1304.600000
2025-12-08 00:48:41,1279.291138,1299.600000
2025-12-08 00:48:42,1280.525024,1298.100000
2025-12-08 00:48:43,1281.745483,1298.700000
2025-12-08 00:48:44,1282.952637,1299.500000
2025-12-08 00:48:45,1284.146851,1305.200000
2025-12-08 00:48:46,1285.328491,1298.700000
2025-12-08 00:48:47,1286.497803,1297.600000
2025-12-08 00:48:48,1287.655151,1298.800000
2025-12-08 00:48:49,1288.800537,1297.600000
2025-12-08 00:48:50,1289.934448,1297.600000
2025-12-08 00:48:51,1291.057251,1298.600000
2025-12-08 00:48:52,1292.168701,1297.300000
2025-12-08 00:48:53,1293.269775,1301.300000
2025-12-08 00:48:54,1294.360107,1300.000000
2025-12-08 00:48:55,1295.440063,1298.100000
2025-12-08 00:48:56,1296.510254,1296.900000
2025-12-08 00:48:57,1297.570312,1306.200000
2025-12-08 00:48:58,1298.620850,1307.300000
2025-12-08 00:48:59,1299.661865,1297.900000
2025-12-08 00:49:00,1304.459351,1301.500000
2025-12-08 00:49:01,1305.079712,1302.000000
2025-12-08 00:49:02,1305.818726,1305.900000
2025-12-08 00:49:03,1306.602661,1301.700000
2025-12-08 00:49:04,1307.420898,1302.300000
2025-12-08 00:49:05,1308.265015,1300.300000
2025-12-08 00:49:06,1309.128052,1302.400000
2025-12-08 00:49:07,1310.004150,1299.600000
2025-12-08 00:49:08,1310.889404,1302.600000
2025-12-08 00:49:09,1311.780396,1300.100000
2025-12-08 00:49:10,1312.674683,1298.900000
2025-12-08 00:49:11,1313.569946,1300.300000
2025-12-08 00:49:12,1314.464722,1302.100000
2025-12-08 00:49:13,1315.357910,1297.700000
2025-12-08 00:49:14,1316.248047,1300.100000
2025-12-08 00:49:15,1317.135132,1304.400000
2025-12-08 00:49:16,1318.018311,1301.100000
2025-12-08 00:49:17,1318.896973,1300.700000
2025-12-08 00:49:18,1319.771118,1300.700000
2025-12-08 00:49:19,1320.640747,1301.900000
2025-12-08 00:49:20,1321.505371,1303.900000
2025-12-08 00:49:21,1322.365234,1308.100000
2025-12-08 00:49:22,1323.219971,1298.200000
2025-12-08 00:49:23,1324.070068,1303.100000
2025-12-08 00:49:24,1324.915161,1299.200000
2025-12-08 00:49:25,1325.755493,1299.600000
2025-12-08 00:49:26,1326.591187,1300.600000
2025-12-08 00:49:27,1327.422119,1298.400000
2025-12-08 00:49:28,1328.248413,1299.500000
2025-12-08 00:49:29,1329.070190,1300.300000
2025-12-08 00:49:30,1329.887329,1300.600000
2025-12-08 00:49:31,1330.700317,1299.800000
2025-12-08 00:49:32,1331.509033,1306.500000
2025-12-08 00:49:33,1332.313477,1309.300000
2025-12-08 00:49:34,1333.113770,1306.600000
2025-12-08 00:49:35,1333.909912,1309.100000
2025-12-08 00:49:36,1334.702148,1307.300000
2025-12-08 00:49:37,1335.490356,1302.500000
2025-12-08 00:49:38,1336.274658,1301.400000
2025-12-08 00:49:39,1337.055298,1299.900000
2025-12-08 00:49:40,1337.832520,1303.200000
2025-12-08 00:49:41,1338.605713,1302.400000
2025-12-08 00:49:42,1339.375366,1340.200000
2025-12-08 00:49:43,1340.141602,1392.700000
2025-12-08 00:49:44,1340.904297,1381.900000
2025-12-08 00:49:45,1341.663696,1382.000000
2025-12-08 00:49:46,1342.419800,1378.700000
2025-12-08 00:49:47,1343.172607,1379.900000
2025-12-08 00:49:48,1343.922241,1379.300000
2025-12-08 00:49:49,1344.668701,1377.100000
2025-12-08 00:49:50,1345.412109,1379.200000
2025-12-08 00:49:51,1346.152588,1380.200000
2025-12-08 00:49:52,1346.890015,1381.000000
2025-12-08 00:49:53,1347.624634,1381.400000
2025-12-08 00:49:54,1348.356445,1380.900000
2025-12-08 00:49:55,1349.085449,1380.500000
2025-12-08 00:49:56,1349.811768,1383.500000
2025-12-08 00:49:57,1350.535522,1381.800000
2025-12-08 00:49:58,1351.256592,1396.700000
2025-12-08 00:49:59,1351.975098,1385.900000
2025-12-08 00:50:00,1348.178467,1386.900000
2025-12-08 00:50:01,1339.321411,1384.000000
2025-12-08 00:50:02,1331.763672,1390.000000
2025-12-08 00:50:03,1324.565796,1387.300000
2025-12-08 00:50:04,1317.762329,1384.900000
2025-12-08 00:50:05,1311.362915,1388.300000
2025-12-08 00:50:06,1305.341797,1384.400000
2025-12-08 00:50:07,1299.660278,1384.000000
2025-12-08 00:50:08,1294.280640,1384.500000
2025-12-08 00:50:09,1289.168457,1387.700000
2025-12-08 00:50:10,1284.296387,1387.100000
2025-12-08 00:50:11,1279.641479,1388.700000
2025-12-08 00:50:12,1275.185669,1390.700000
2025-12-08 00:50:13,1270.913818,1390.700000
2025-12-08 00:50:14,1266.813721,1395.200000
2025-12-08 00:50:15,1262.874634,1386.900000
2025-12-08 00:50:16,1259.087524,1404.600000
2025-12-08 00:50:17,1255.444458,1391.200000
2025-12-08 00:50:18,1251.937988,1387.500000
2025-12-08 00:50:19,1248.561646,1389.100000
2025-12-08 00:50:20,1245.309570,1394.600000
2025-12-08 00:50:21,1242.176392,1395.800000
2025-12-08 00:50:22,1239.156982,1390.800000
2025-12-08 00:50:23,1236.247070,1386.500000
2025-12-08 00:50:24,1233.441895,1398.600000
2025-12-08 00:50:25,1230.737305,1382.800000
2025-12-08 00:50:26,1228.130127,1384.900000
2025-12-08 00:50:27,1225.616455,1386.900000
2025-12-08 00:50:28,1223.192749,1387.700000
2025-12-08 00:50:29,1220.855957,1390.800000
2025-12-08 00:50:30,1218.603027,1386.100000
2025-12-08 00:50:31,1216.431030,1386.300000
2025-12-08 00:50:32,1214.337402,1394.700000
2025-12-08 00:50:33,1212.319458,1386.700000
2025-12-08 00:50:34,1210.374390,1385.300000
2025-12-08 00:50:35,1208.500488,1457.900000
2025-12-08 00:50:36,1206.694946,1481.800000
2025-12-08 00:50:37,1204.955688,1477.200000
2025-12-08 00:50:38,1203.280518,1481.400000
2025-12-08 00:50:39,1201.666992,1480.100000
2025-12-08 00:50:40,1200.113159,1486.700000
2025-12-08 00:50:41,1198.616699,1485.500000
2025-12-08 00:50:42,1197.175537,1494.500000
2025-12-08 00:50:43,1195.787964,1486.200000
2025-12-08 00:50:44,1194.451904,1493.200000
2025-12-08 00:50:45,1193.166260,1491.300000
2025-12-08 00:50:46,1191.928833,1488.600000
2025-12-08 00:50:47,1190.738525,1489.400000
2025-12-08 00:50:48,1189.593140,1485.600000
2025-12-08 00:50:49,1188.491577,1486.600000
2025-12-08 00:50:50,1187.432007,1499.100000
2025-12-08 00:50:51,1186.413208,1492.500000
2025-12-08 00:50:52,1185.433472,1490.800000
2025-12-08 00:50:53,1184.491699,1491.900000
2025-12-08 00:50:54,1183.586304,1486.800000
2025-12-08 00:50:55,1182.715942,1486.400000
2025-12-08 00:50:56,1181.879517,1494.300000
2025-12-08 00:50:57,1181.075317,1492.400000
2025-12-08 00:50:58,1180.302734,1492.500000
2025-12-08 00:50:59,1179.560669,1493.700000
2025-12-08 00:51:00,1418.786377,1493.000000
2025-12-08 00:51:01,1403.940308,1500.700000
2025-12-08 00:51:02,1392.584473,1502.200000
2025-12-08 00:51:03,1382.300171,1499.800000
2025-12-08 00:51:04,1372.922241,1501.100000
2025-12-08 00:51:05,1364.336548,1500.500000
2025-12-08 00:51:06,1356.417236,1503.800000
2025-12-08 00:51:07,1349.047485,1496.700000
2025-12-08 00:51:08,1342.130859,1498.100000
2025-12-08 00:51:09,1335.592163,1497.000000
2025-12-08 00:51:10,1329.375122,1495.300000
2025-12-08 00:51:11,1323.437622,1498.900000
2025-12-08 00:51:12,1317.748535,1526.000000
2025-12-08 00:51:13,1312.284424,1593.600000
2025-12-08 00:51:14,1307.026978,1604.100000
2025-12-08 00:51:15,1301.961426,1603.200000
2025-12-08 00:51:16,1297.075684,1610.700000
2025-12-08 00:51:17,1292.360229,1614.200000
2025-12-08 00:51:18,1287.805420,1604.800000
2025-12-08 00:51:19,1283.404175,1612.900000
2025-12-08 00:51:20,1279.148926,1614.100000
2025-12-08 00:51:21,1275.033936,1614.100000
2025-12-08 00:51:22,1271.052979,1611.400000
2025-12-08 00:51:23,1267.201294,1607.000000
2025-12-08 00:51:24,1263.473877,1602.500000
2025-12-08 00:51:25,1259.866211,1604.100000
2025-12-08 00:51:26,1256.374390,1604.900000
2025-12-08 00:51:27,1252.994263,1610.000000
2025-12-08 00:51:28,1249.722534,1618.800000
2025-12-08 00:51:29,1246.555908,1609.900000
2025-12-08 00:51:30,1243.491211,1609.500000
2025-12-08 00:51:31,1240.525024,1606.600000
2025-12-08 00:51:32,1237.655029,1605.700000
2025-12-08 00:51:33,1234.877808,1607.000000
2025-12-08 00:51:34,1232.190430,1605.500000
2025-12-08 00:51:35,1229.590576,1605.000000
2025-12-08 00:51:36,1227.075806,1603.100000
2025-12-08 00:51:37,1224.643677,1599.200000
2025-12-08 00:51:38,1222.292725,1605.400000
2025-12-08 00:51:39,1220.020264,1601.800000
2025-12-08 00:51:40,1217.824463,1622.500000
2025-12-08 00:51:41,1215.703003,1604.000000
2025-12-08 00:51:42,1213.654053,1600.900000
2025-12-08 00:51:43,1211.675659,1613.100000
2025-12-08 00:51:44,1209.766235,1606.300000
2025-12-08 00:51:45,1207.923096,1607.500000
2025-12-08 00:51:46,1206.144897,1606.000000
2025-12-08 00:51:47,1204.430054,1605.200000
2025-12-08 00:51:48,1202.776123,1602.400000
2025-12-08 00:51:49,1201.181519,1606.400000
2025-12-08 00:51:50,1199.644653,1602.800000
2025-12-08 00:51:51,1198.163452,1609.100000
2025-12-08 00:51:52,1196.736450,1605.600000
2025-12-08 00:51:53,1195.362061,1603.900000
2025-12-08 00:51:54,1194.038330,1603.700000
2025-12-08 00:51:55,1192.763550,1604.700000
2025-12-08 00:51:56,1191.536255,1603.500000
2025-12-08 00:51:57,1190.354980,1605.100000
2025-12-08 00:51:58,1189.218506,1599.400000
2025-12-08 00:51:59,1188.125610,1604.900000
2025-12-08 00:52:00,1475.917969,1601.100000
2025-12-08 00:52:01,1454.030029,1607.100000
2025-12-08 00:52:02,1438.889404,1603.200000
2025-12-08 00:52:03,1425.801758,1598.700000
2025-12-08 00:52:04,1414.288940,1603.700000
2025-12-08 00:52:05,1404.051636,1604.800000
2025-12-08 00:52:06,1394.818970,1604.600000
2025-12-08 00:52:07,1386.362061,1602.800000
2025-12-08 00:52:08,1378.503052,1604.000000
2025-12-08 00:52:09,1371.110962,1598.600000
2025-12-08 00:52:10,1364.092407,1606.700000
2025-12-08 00:52:11,1357.382935,1604.600000
2025-12-08 00:52:12,1350.938232,1605.500000
2025-12-08 00:52:13,1344.727051,1601.600000
2025-12-08 00:52:14,1338.728027,1608.200000
2025-12-08 00:52:15,1332.925903,1605.200000
2025-12-08 00:52:16,1327.308594,1600.600000
2025-12-08 00:52:17,1321.866699,1601.700000
2025-12-08 00:52:18,1316.591553,1600.500000
2025-12-08 00:52:19,1311.476562,1601.500000
2025-12-08 00:52:20,1306.515259,1610.900000
2025-12-08 00:52:21,1301.701660,1610.500000
2025-12-08 00:52:22,1297.030762,1607.400000
2025-12-08 00:52:23,1292.497314,1606.200000
2025-12-08 00:52:24,1288.097168,1602.800000
2025-12-08 00:52:25,1283.825439,1601.400000
2025-12-08 00:52:26,1279.678345,1602.700000
2025-12-08 00:52:27,1275.652100,1603.200000
2025-12-08 00:52:28,1271.743408,1608.800000
2025-12-08 00:52:29,1267.948975,1606.000000
2025-12-08 00:52:30,1264.265869,1602.900000
2025-12-08 00:52:31,1260.691528,1604.300000
2025-12-08 00:52:32,1257.222778,1603.400000
2025-12-08 00:52:33,1253.857178,1602.400000
2025-12-08 00:52:34,1250.592651,1603.300000
2025-12-08 00:52:35,1247.426514,1602.900000
2025-12-08 00:52:36,1244.356445,1603.100000
2025-12-08 00:52:37,1241.380249,1603.900000
2025-12-08 00:52:38,1238.496094,1607.100000
2025-12-08 00:52:39,1235.701416,1602.600000
2025-12-08 00:52:40,1232.994629,1607.500000
2025-12-08 00:52:41,1230.373535,1605.100000
2025-12-08 00:52:42,1227.836304,1603.500000
2025-12-08 00:52:43,1225.380981,1600.700000
2025-12-08 00:52:44,1223.005493,1608.100000
2025-12-08 00:52:45,1220.708130,1604.300000
2025-12-08 00:52:46,1218.486938,1604.700000
2025-12-08 00:52:47,1216.340088,1604.000000
2025-12-08 00:52:48,1214.265869,1605.400000
2025-12-08 00:52:49,1212.262085,1603.600000
2025-12-08 00:52:50,1210.327026,1609.000000
2025-12-08 00:52:51,1208.458862,1603.900000
2025-12-08 00:52:52,1206.655762,1606.200000
2025-12-08 00:52:53,1204.915771,1605.900000
2025-12-08 00:52:54,1203.237549,1605.500000
2025-12-08 00:52:55,1201.618530,1606.600000
2025-12-08 00:52:56,1200.057617,1602.900000
2025-12-08 00:52:57,1198.553101,1606.800000
2025-12-08 00:52:58,1197.103882,1602.100000
2025-12-08 00:52:59,1195.708618,1603.400000
2025-12-08 00:53:00,1476.031250,1609.700000
2025-12-08 00:53:01,1454.181396,1606.300000
2025-12-08 00:53:02,1439.022217,1606.700000
2025-12-08 00:53:03,1425.920044,1602.900000
2025-12-08 00:53:04,1414.397095,1602.100000
2025-12-08 00:53:05,1404.151978,1603.600000
2025-12-08 00:53:06,1394.912354,1603.800000
2025-12-08 00:53:07,1386.448853,1600.500000
2025-12-08 00:53:08,1378.582886,1609.300000
2025-12-08 00:53:09,1371.183960,1605.500000
2025-12-08 00:53:10,1364.158569,1605.900000
2025-12-08 00:53:11,1357.442627,1603.200000
2025-12-08 00:53:12,1350.992188,1626.800000
2025-12-08 00:53:13,1344.776367,1609.600000
2025-12-08 00:53:14,1338.773926,1607.300000
2025-12-08 00:53:15,1332.968872,1601.100000
2025-12-08 00:53:16,1327.349121,1610.100000
2025-12-08 00:53:17,1321.905029,1602.000000
2025-12-08 00:53:18,1316.628052,1607.400000
2025-12-08 00:53:19,1311.511475,1604.900000
2025-12-08 00:53:20,1306.548462,1614.300000
2025-12-08 00:53:21,1301.733521,1609.700000
2025-12-08 00:53:22,1297.061157,1607.100000
2025-12-08 00:53:23,1292.526489,1605.600000
2025-12-08 00:53:24,1288.125122,1606.400000
2025-12-08 00:53:25,1283.852417,1603.800000
2025-12-08 00:53:26,1279.704346,1604.600000
2025-12-08 00:53:27,1275.677612,1602.800000
2025-12-08 00:53:28,1271.768188,1603.900000
2025-12-08 00:53:29,1267.973267,1608.000000
2025-12-08 00:53:30,1264.289673,1607.900000
2025-12-08 00:53:31,1260.714600,1606.900000
2025-12-08 00:53:32,1257.245361,1689.500000
2025-12-08 00:53:33,1253.879395,1657.000000
2025-12-08 00:53:34,1250.614136,1633.600000
2025-12-08 00:53:35,1247.447388,1633.700000
2025-12-08 00:53:36,1244.376587,1632.000000
2025-12-08 00:53:37,1241.400146,1631.900000
2025-12-08 00:53:38,1238.515259,1632.800000
2025-12-08 00:53:39,1235.720093,1636.400000
2025-12-08 00:53:40,1233.012939,1631.800000
2025-12-08 00:53:41,1230.391479,1631.900000
2025-12-08 00:53:42,1227.853760,1631.500000
2025-12-08 00:53:43,1225.397949,1633.400000
2025-12-08 00:53:44,1223.022217,1643.900000
2025-12-08 00:53:45,1220.724487,1642.900000
2025-12-08 00:53:46,1218.502930,1635.700000
2025-12-08 00:53:47,1216.355713,1633.300000
2025-12-08 00:53:48,1214.280884,1634.800000
2025-12-08 00:53:49,1212.276611,1632.800000
2025-12-08 00:53:50,1210.341431,1639.300000
2025-12-08 00:53:51,1208.472778,1640.400000
2025-12-08 00:53:52,1206.669189,1635.500000
2025-12-08 00:53:53,1204.928955,1634.500000
2025-12-08 00:53:54,1203.249878,1634.700000
2025-12-08 00:53:55,1201.630615,1635.300000
2025-12-08 00:53:56,1200.069214,1639.100000
2025-12-08 00:53:57,1198.564331,1632.300000
2025-12-08 00:53:58,1197.114624,1641.300000
2025-12-08 00:53:59,1195.718872,1635.200000
2025-12-08 00:54:00,1489.302490,1636.500000
2025-12-08 00:54:01,1465.315308,1636.700000
2025-12-08 00:54:02,1449.087891,1634.600000
2025-12-08 00:54:03,1435.223267,1634.600000
2025-12-08 00:54:04,1423.147461,1635.500000
2025-12-08 00:54:05,1412.503418,1635.400000
2025-12-08 00:54:06,1402.973267,1633.600000
2025-12-08 00:54:07,1394.290527,1635.400000
2025-12-08 00:54:08,1386.249756,1634.800000
2025-12-08 00:54:09,1378.700317,1633.800000
2025-12-08 00:54:10,1371.537598,1634.500000
2025-12-08 00:54:11,1364.689331,1634.000000
2025-12-08 00:54:12,1358.107300,1629.900000
2025-12-08 00:54:13,1351.758667,1631.300000
2025-12-08 00:54:14,1345.621582,1637.800000
2025-12-08 00:54:15,1339.679688,1634.000000
2025-12-08 00:54:16,1333.921509,1634.500000
2025-12-08 00:54:17,1328.337280,1632.000000
2025-12-08 00:54:18,1322.919922,1631.400000
2025-12-08 00:54:19,1317.662476,1633.400000
2025-12-08 00:54:20,1312.558838,1641.600000
2025-12-08 00:54:21,1307.603760,1636.000000
2025-12-08 00:54:22,1302.792358,1638.200000
2025-12-08 00:54:23,1298.119507,1635.300000
2025-12-08 00:54:24,1293.581299,1631.500000
2025-12-08 00:54:25,1289.172974,1630.100000
2025-12-08 00:54:26,1284.890991,1632.500000
2025-12-08 00:54:27,1280.731689,1630.100000
2025-12-08 00:54:28,1276.691406,1630.300000
2025-12-08 00:54:29,1272.766846,1631.600000
2025-12-08 00:54:30,1268.954468,1637.300000
2025-12-08 00:54:31,1265.251831,1629.800000
2025-12-08 00:54:32,1261.656250,1635.200000
2025-12-08 00:54:33,1258.165161,1628.200000
2025-12-08 00:54:34,1254.776978,1631.200000
2025-12-08 00:54:35,1251.489014,1631.500000
2025-12-08 00:54:36,1248.299438,1639.000000
2025-12-08 00:54:37,1245.205688,1631.300000
2025-12-08 00:54:38,1242.205566,1630.000000
2025-12-08 00:54:39,1239.297363,1628.700000
2025-12-08 00:54:40,1236.478882,1630.300000
2025-12-08 00:54:41,1233.748413,1631.100000
2025-12-08 00:54:42,1231.103638,1631.500000
2025-12-08 00:54:43,1228.542847,1638.400000
2025-12-08 00:54:44,1226.064087,1631.500000
2025-12-08 00:54:45,1223.665527,1629.300000
2025-12-08 00:54:46,1221.345581,1629.700000
2025-12-08 00:54:47,1219.102173,1636.000000
2025-12-08 00:54:48,1216.933472,1633.600000
2025-12-08 00:54:49,1214.837402,1631.300000
2025-12-08 00:54:50,1212.812378,1630.300000
2025-12-08 00:54:51,1210.856567,1630.700000
2025-12-08 00:54:52,1208.968140,1636.000000
2025-12-08 00:54:53,1207.145020,1635.400000
2025-12-08 00:54:54,1205.385620,1631.800000
2025-12-08 00:54:55,1203.687988,1631.500000
2025-12-08 00:54:56,1202.050537,1622.600000
2025-12-08 00:54:57,1200.471436,1631.100000
2025-12-08 00:54:58,1198.949951,1633.600000
2025-12-08 00:54:59,1197.484985,1630.800000
2025-12-08 00:55:00,1487.291992,1633.500000
2025-12-08 00:55:01,1463.656982,1637.900000
2025-12-08 00:55:02,1447.627686,1644.000000
2025-12-08 00:55:03,1433.904785,1640.600000
2025-12-08 00:55:04,1421.931641,1637.200000
2025-12-08 00:55:05,1411.361328,1638.900000
2025-12-08 00:55:06,1401.884155,1630.500000
2025-12-08 00:55:07,1393.240845,1639.300000
2025-12-08 00:55:08,1385.230225,1636.800000
2025-12-08 00:55:09,1377.706055,1636.500000
2025-12-08 00:55:10,1370.565430,1639.300000
2025-12-08 00:55:11,1363.737915,1644.400000
2025-12-08 00:55:12,1357.175781,1639.700000
2025-12-08 00:55:13,1350.846558,1640.600000
2025-12-08 00:55:14,1344.728516,1640.100000
2025-12-08 00:55:15,1338.805298,1638.700000
2025-12-08 00:55:16,1333.065674,1637.800000
2025-12-08 00:55:17,1327.500366,1666.800000
2025-12-08 00:55:18,1322.101074,1636.700000
2025-12-08 00:55:19,1316.861816,1643.300000
2025-12-08 00:55:20,1311.776245,1646.100000
2025-12-08 00:55:21,1306.838501,1640.800000
2025-12-08 00:55:22,1302.044312,1641.900000
2025-12-08 00:55:23,1297.388306,1637.900000
2025-12-08 00:55:24,1292.866577,1633.300000
2025-12-08 00:55:25,1288.474609,1636.400000
2025-12-08 00:55:26,1284.208374,1632.900000
2025-12-08 00:55:27,1280.064697,1633.500000
2025-12-08 00:55:28,1276.039551,1641.900000
2025-12-08 00:55:29,1272.130371,1637.100000
2025-12-08 00:55:30,1268.333740,1635.600000
2025-12-08 00:55:31,1264.647217,1641.000000
2025-12-08 00:55:32,1261.067749,1636.500000
2025-12-08 00:55:33,1257.593262,1634.400000
2025-12-08 00:55:34,1254.220947,1638.100000
2025-12-08 00:55:35,1250.948853,1637.700000
2025-12-08 00:55:36,1247.774292,1637.500000
2025-12-08 00:55:37,1244.695679,1637.900000
2025-12-08 00:55:38,1241.710693,1635.500000
2025-12-08 00:55:39,1238.817261,1631.200000
2025-12-08 00:55:40,1236.013306,1650.000000
2025-12-08 00:55:41,1233.296997,1637.900000
2025-12-08 00:55:42,1230.666260,1638.100000
2025-12-08 00:55:43,1228.119385,1638.600000
2025-12-08 00:55:44,1225.654175,1638.800000
2025-12-08 00:55:45,1223.269287,1650.000000
2025-12-08 00:55:46,1220.962280,1641.800000
2025-12-08 00:55:47,1218.731445,1643.400000
2025-12-08 00:55:48,1216.575195,1636.900000
2025-12-08 00:55:49,1214.491455,1638.100000
2025-12-08 00:55:50,1212.478394,1636.200000
2025-12-08 00:55:51,1210.534424,1639.700000
2025-12-08 00:55:52,1208.656982,1641.700000
2025-12-08 00:55:53,1206.845093,1643.300000
2025-12-08 00:55:54,1205.096436,1634.600000
2025-12-08 00:55:55,1203.409424,1636.200000
2025-12-08 00:55:56,1201.782104,1636.200000
2025-12-08 00:55:57,1200.213257,1636.300000
2025-12-08 00:55:58,1198.701416,1641.100000
2025-12-08 00:55:59,1197.245728,1640.800000
2025-12-08 00:56:00,1490.597534,1651.500000
2025-12-08 00:56:01,1466.342285,1643.400000
2025-12-08 00:56:02,1450.039917,1640.400000
2025-12-08 00:56:03,1436.123413,1639.300000
2025-12-08 00:56:04,1424.009399,1639.500000
2025-12-08 00:56:05,1413.337769,1638.100000
2025-12-08 00:56:06,1403.788086,1636.400000
2025-12-08 00:56:07,1395.090942,1638.300000
2025-12-08 00:56:08,1387.038818,1637.300000
2025-12-08 00:56:09,1379.479858,1637.400000
2025-12-08 00:56:10,1372.307983,1636.600000
2025-12-08 00:56:11,1365.450317,1635.200000
2025-12-08 00:56:12,1358.858398,1643.500000
2025-12-08 00:56:13,1352.499146,1642.000000
2025-12-08 00:56:14,1346.350098,1637.400000
2025-12-08 00:56:15,1340.395508,1635.500000
2025-12-08 00:56:16,1334.623413,1638.600000
2025-12-08 00:56:17,1329.025269,1639.300000
2025-12-08 00:56:18,1323.592896,1640.400000
2025-12-08 00:56:19,1318.320435,1638.400000
2025-12-08 00:56:20,1313.201660,1646.000000
2025-12-08 00:56:21,1308.231201,1642.000000
2025-12-08 00:56:22,1303.403931,1645.100000
2025-12-08 00:56:23,1298.715576,1643.400000
2025-12-08 00:56:24,1294.161255,1640.700000
2025-12-08 00:56:25,1289.737061,1640.800000
2025-12-08 00:56:26,1285.438965,1643.600000
2025-12-08 00:56:27,1281.263672,1636.700000
2025-12-08 00:56:28,1277.207642,1641.700000
2025-12-08 00:56:29,1273.267334,1641.500000
2025-12-08 00:56:30,1269.440308,1641.700000
2025-12-08 00:56:31,1265.723755,1638.400000
2025-12-08 00:56:32,1262.114624,1636.400000
2025-12-08 00:56:33,1258.610840,1641.800000
2025-12-08 00:56:34,1255.209717,1643.600000
2025-12-08 00:56:35,1251.909180,1652.300000
2025-12-08 00:56:36,1248.706909,1647.400000
2025-12-08 00:56:37,1245.600586,1640.200000
2025-12-08 00:56:38,1242.588501,1638.400000
2025-12-08 00:56:39,1239.668213,1646.700000
2025-12-08 00:56:40,1236.838135,1641.500000
2025-12-08 00:56:41,1234.095825,1639.200000
2025-12-08 00:56:42,1231.439819,1639.700000
2025-12-08 00:56:43,1228.868164,1640.800000
2025-12-08 00:56:44,1226.378662,1647.300000
2025-12-08 00:56:45,1223.969482,1641.500000
2025-12-08 00:56:46,1221.638916,1645.700000
2025-12-08 00:56:47,1219.385376,1640.500000
2025-12-08 00:56:48,1217.206787,1641.500000
2025-12-08 00:56:49,1215.101318,1644.500000
2025-12-08 00:56:50,1213.067139,1642.400000
2025-12-08 00:56:51,1211.102295,1639.600000
2025-12-08 00:56:52,1209.205078,1639.500000
2025-12-08 00:56:53,1207.373413,1639.800000
2025-12-08 00:56:54,1205.605713,1641.000000
2025-12-08 00:56:55,1203.900146,1643.300000
2025-12-08 00:56:56,1202.254639,1641.000000
2025-12-08 00:56:57,1200.668335,1640.800000
2025-12-08 00:56:58,1199.139526,1641.800000
2025-12-08 00:56:59,1197.667358,1646.200000
2025-12-08 00:57:00,1492.120483,1647.100000
2025-12-08 00:57:01,1467.537354,1649.200000
2025-12-08 00:57:02,1451.101929,1648.100000
2025-12-08 00:57:03,1437.091431,1646.700000
2025-12-08 00:57:04,1424.909058,1649.400000
2025-12-08 00:57:05,1414.188721,1654.400000
2025-12-08 00:57:06,1404.603638,1654.200000
2025-12-08 00:57:07,1395.880981,1643.100000
2025-12-08 00:57:08,1387.809204,1642.000000
2025-12-08 00:57:09,1380.234009,1646.600000
2025-12-08 00:57:10,1373.047729,1650.500000
2025-12-08 00:57:11,1366.176880,1645.700000
2025-12-08 00:57:12,1359.571777,1646.800000
2025-12-08 00:57:13,1353.199341,1662.800000
2025-12-08 00:57:14,1347.037109,1647.300000
2025-12-08 00:57:15,1341.069214,1649.300000
2025-12-08 00:57:16,1335.284180,1646.600000
2025-12-08 00:57:17,1329.672363,1646.400000
2025-12-08 00:57:18,1324.226562,1649.000000
2025-12-08 00:57:19,1318.940308,1647.900000
2025-12-08 00:57:20,1313.807739,1653.600000
2025-12-08 00:57:21,1308.823120,1657.000000
2025-12-08 00:57:22,1303.981934,1655.200000
2025-12-08 00:57:23,1299.279419,1653.600000
2025-12-08 00:57:24,1294.711182,1647.900000
2025-12-08 00:57:25,1290.273315,1647.300000
2025-12-08 00:57:26,1285.961548,1652.400000
2025-12-08 00:57:27,1281.772705,1649.700000
2025-12-08 00:57:28,1277.703247,1650.000000
2025-12-08 00:57:29,1273.750122,1649.200000
2025-12-08 00:57:30,1269.910278,1648.200000
2025-12-08 00:57:31,1266.180542,1654.500000
2025-12-08 00:57:32,1262.558960,1659.000000
2025-12-08 00:57:33,1259.042358,1655.300000
2025-12-08 00:57:34,1255.628906,1674.100000
2025-12-08 00:57:35,1252.315796,1658.400000
2025-12-08 00:57:36,1249.101318,1654.000000
2025-12-08 00:57:37,1245.983276,1657.400000
2025-12-08 00:57:38,1242.959351,1657.700000
2025-12-08 00:57:39,1240.027588,1657.300000
2025-12-08 00:57:40,1237.186279,1656.700000
2025-12-08 00:57:41,1234.433228,1659.100000
2025-12-08 00:57:42,1231.766357,1658.300000
2025-12-08 00:57:43,1229.184082,1660.300000
2025-12-08 00:57:44,1226.684570,1661.100000
2025-12-08 00:57:45,1224.265259,1660.800000
2025-12-08 00:57:46,1221.925171,1658.200000
2025-12-08 00:57:47,1219.661987,1659.200000
2025-12-08 00:57:48,1217.473877,1656.700000
2025-12-08 00:57:49,1215.359375,1656.200000
2025-12-08 00:57:50,1213.316162,1662.300000
2025-12-08 00:57:51,1211.342651,1660.300000
2025-12-08 00:57:52,1209.437134,1656.600000
2025-12-08 00:57:53,1207.597290,1657.800000
2025-12-08 00:57:54,1205.821411,1658.600000
2025-12-08 00:57:55,1204.107788,1659.000000
2025-12-08 00:57:56,1202.454712,1659.700000
2025-12-08 00:57:57,1200.861084,1656.900000
2025-12-08 00:57:58,1199.324951,1668.100000
2025-12-08 00:57:59,1197.845703,1666.100000
2025-12-08 00:58:00,1499.591675,1661.500000
2025-12-08 00:58:01,1473.674561,1671.200000
2025-12-08 00:58:02,1456.594116,1664.700000
2025-12-08 00:58:03,1442.126343,1683.100000
2025-12-08 00:58:04,1429.616577,1665.200000
2025-12-08 00:58:05,1418.665161,1663.600000
2025-12-08 00:58:06,1408.918091,1662.600000
2025-12-08 00:58:07,1400.078735,1666.600000
2025-12-08 00:58:08,1391.918701,1665.000000
2025-12-08 00:58:09,1384.271484,1662.800000
2025-12-08 00:58:10,1377.020508,1663.400000
2025-12-08 00:58:11,1370.087524,1663.800000
2025-12-08 00:58:12,1363.420166,1667.800000
2025-12-08 00:58:13,1356.983765,1674.400000
2025-12-08 00:58:14,1350.755493,1665.700000
2025-12-08 00:58:15,1344.719238,1664.700000
2025-12-08 00:58:16,1338.863892,1667.000000
2025-12-08 00:58:17,1333.180542,1662.400000
2025-12-08 00:58:18,1327.661987,1665.400000
2025-12-08 00:58:19,1322.302246,1681.400000
2025-12-08 00:58:20,1317.095337,1706.500000
2025-12-08 00:58:21,1312.036499,1674.000000
2025-12-08 00:58:22,1307.121216,1688.900000
2025-12-08 00:58:23,1302.344971,1675.500000
2025-12-08 00:58:24,1297.703369,1673.700000
2025-12-08 00:58:25,1293.192383,1674.300000
2025-12-08 00:58:26,1288.808472,1669.600000
2025-12-08 00:58:27,1284.547729,1666.800000
2025-12-08 00:58:28,1280.407227,1672.800000
2025-12-08 00:58:29,1276.383667,1676.300000
2025-12-08 00:58:30,1272.473999,1675.500000
2025-12-08 00:58:31,1268.675537,1675.900000
2025-12-08 00:58:32,1264.985718,1675.300000
2025-12-08 00:58:33,1261.401733,1672.700000
2025-12-08 00:58:34,1257.921753,1677.400000
2025-12-08 00:58:35,1254.543213,1679.600000
2025-12-08 00:58:36,1251.264160,1678.300000
2025-12-08 00:58:37,1248.082275,1680.900000
2025-12-08 00:58:38,1244.996094,1681.800000
2025-12-08 00:58:39,1242.002808,1680.200000
2025-12-08 00:58:40,1239.101074,1699.800000
2025-12-08 00:58:41,1236.288330,1683.900000
2025-12-08 00:58:42,1233.563232,1673.200000
2025-12-08 00:58:43,1230.923706,1681.400000
2025-12-08 00:58:44,1228.367798,1677.300000
2025-12-08 00:58:45,1225.893921,1679.100000
2025-12-08 00:58:46,1223.499756,1693.000000
2025-12-08 00:58:47,1221.183960,1678.300000
2025-12-08 00:58:48,1218.944458,1681.100000
2025-12-08 00:58:49,1216.779663,1679.300000
2025-12-08 00:58:50,1214.687500,1678.600000
2025-12-08 00:58:51,1212.666016,1683.700000
2025-12-08 00:58:52,1210.713501,1680.300000
2025-12-08 00:58:53,1208.828247,1681.300000
2025-12-08 00:58:54,1207.008057,1680.900000
2025-12-08 00:58:55,1205.251221,1684.500000
2025-12-08 00:58:56,1203.556274,1689.500000
2025-12-08 00:58:57,1201.921631,1682.600000
2025-12-08 00:58:58,1200.345947,1694.800000
2025-12-08 00:58:59,1198.828369,1684.600000
2025-12-08 00:59:00,1507.738037,1684.800000
2025-12-08 00:59:01,1480.481323,1692.400000
2025-12-08 00:59:02,1462.713135,1688.100000
2025-12-08 00:59:03,1447.774048,1688.400000
2025-12-08 00:59:04,1434.941895,1691.100000
2025-12-08 00:59:05,1423.775513,1686.800000
2025-12-08 00:59:06,1413.887329,1689.800000
2025-12-08 00:59:07,1404.953735,1701.300000
2025-12-08 00:59:08,1396.725952,1692.300000
2025-12-08 00:59:09,1389.024170,1690.100000
2025-12-08 00:59:10,1381.723022,1693.400000
2025-12-08 00:59:11,1374.738647,1692.100000
2025-12-08 00:59:12,1368.016113,1694.700000
2025-12-08 00:59:13,1361.519775,1701.600000
2025-12-08 00:59:14,1355.226196,1699.700000
2025-12-08 00:59:15,1349.119995,1692.700000
2025-12-08 00:59:16,1343.190186,1695.100000
2025-12-08 00:59:17,1337.428833,1695.400000
2025-12-08 00:59:18,1331.829224,1697.100000
2025-12-08 00:59:19,1326.385986,1699.500000
2025-12-08 00:59:20,1321.094116,1704.400000
2025-12-08 00:59:21,1315.949341,1703.700000
2025-12-08 00:59:22,1310.947388,1704.500000
2025-12-08 00:59:23,1306.083984,1696.200000
2025-12-08 00:59:24,1301.355347,1697.200000
2025-12-08 00:59:25,1296.757690,1699.800000
2025-12-08 00:59:26,1292.287109,1697.600000
2025-12-08 00:59:27,1287.940552,1707.000000
2025-12-08 00:59:28,1283.714478,1706.300000
2025-12-08 00:59:29,1279.605957,1699.700000
2025-12-08 00:59:30,1275.612061,1698.400000
2025-12-08 00:59:31,1271.730469,1700.000000
2025-12-08 00:59:32,1267.958374,1700.900000
2025-12-08 00:59:33,1264.293335,1707.700000
2025-12-08 00:59:34,1260.733032,1702.100000
2025-12-08 00:59:35,1257.275269,1717.700000
2025-12-08 00:59:36,1253.917969,1700.700000
2025-12-08 00:59:37,1250.659058,1701.900000
2025-12-08 00:59:38,1247.496216,1702.200000
2025-12-08 00:59:39,1244.427979,1702.100000
2025-12-08 00:59:40,1241.451782,1707.800000
2025-12-08 00:59:41,1238.566528,1708.900000
2025-12-08 00:59:42,1235.770264,1703.000000
2025-12-08 00:59:43,1233.060791,1711.000000
2025-12-08 00:59:44,1230.436279,1708.700000
2025-12-08 00:59:45,1227.895142,1707.600000
2025-12-08 00:59:46,1225.435303,1702.100000
2025-12-08 00:59:47,1223.054932,1702.800000
2025-12-08 00:59:48,1220.752563,1705.800000
2025-12-08 00:59:49,1218.526001,1710.000000
2025-12-08 00:59:50,1216.373657,1708.300000
2025-12-08 00:59:51,1214.293701,1731.300000
2025-12-08 00:59:52,1212.283936,1706.800000
2025-12-08 00:59:53,1210.342773,1705.300000
2025-12-08 00:59:54,1208.468140,1708.700000
2025-12-08 00:59:55,1206.658325,1707.500000
2025-12-08 00:59:56,1204.911621,1706.700000
2025-12-08 00:59:57,1203.226562,1706.400000
2025-12-08 00:59:58,1201.602173,1711.000000
2025-12-08 00:59:59,1200.037476,1725.600000
