sensor_id,aprt_power,sensor_timestamp
4,675.9,2025-12-08 00:00:00+00
4,678.8,2025-12-08 00:00:01+00
4,658.2,2025-12-08 00:00:02+00
4,661.7,2025-12-08 00:00:03+00
4,666.8,2025-12-08 00:00:04+00
4,674,2025-12-08 00:00:05+00
4,655.6,2025-12-08 00:00:06+00
4,659.9,2025-12-08 00:00:07+00
4,667.9,2025-12-08 00:00:08+00
4,672.6,2025-12-08 00:00:09+00
4,669.8,2025-12-08 00:00:10+00
4,676.3,2025-12-08 00:00:11+00
4,668.6,2025-12-08 00:00:12+00
4,662.9,2025-12-08 00:00:13+00
4,673.4,2025-12-08 00:00:14+00
4,662.7,2025-12-08 00:00:15+00
4,679.3,2025-12-08 00:00:16+00
4,664.2,2025-12-08 00:00:17+00
4,680.7,2025-12-08 00:00:18+00
4,688.8,2025-12-08 00:00:19+00
4,666.8,2025-12-08 00:00:20+00
4,673.8,2025-12-08 00:00:21+00
4,665.1,2025-12-08 00:00:22+00
4,668.2,2025-12-08 00:00:23+00
4,667.8,2025-12-08 00:00:24+00
4,656.3,2025-12-08 00:00:25+00
4,668.5,2025-12-08 00:00:26+00
4,687.7,2025-12-08 00:00:27+00
4,657.8,2025-12-08 00:00:28+00
4,665.9,2025-12-08 00:00:29+00
4,663.3,2025-12-08 00:00:30+00
4,665.4,2025-12-08 00:00:31+00
4,666.2,2025-12-08 00:00:32+00
4,795.7,2025-12-08 00:00:33+00
4,759.7,2025-12-08 00:00:34+00
4,781,2025-12-08 00:00:35+00
4,766.7,2025-12-08 00:00:36+00
4,680.5,2025-12-08 00:00:37+00
4,761.5,2025-12-08 00:00:38+00
4,812.6,2025-12-08 00:00:39+00
4,779.3,2025-12-08 00:00:40+00
4,781.1,2025-12-08 00:00:41+00
4,695.3,2025-12-08 00:00:42+00
4,696.4,2025-12-08 00:00:43+00
4,764.3,2025-12-08 00:00:44+00
4,760.9,2025-12-08 00:00:45+00
4,766.5,2025-12-08 00:00:46+00
4,766.4,2025-12-08 00:00:47+00
4,762.4,2025-12-08 00:00:48+00
4,762.1,2025-12-08 00:00:49+00
4,765.7,2025-12-08 00:00:50+00
4,761.9,2025-12-08 00:00:51+00
4,699.1,2025-12-08 00:00:52+00
4,700.3,2025-12-08 00:00:53+00
4,700,2025-12-08 00:00:54+00
4,701.5,2025-12-08 00:00:55+00
4,710.8,2025-12-08 00:00:56+00
4,708.4,2025-12-08 00:00:57+00
4,702.1,2025-12-08 00:00:58+00
4,702.2,2025-12-08 00:00:59+00
4,1168.9,2025-12-08 00:01:00+00
4,1166.2,2025-12-08 00:01:01+00
4,1167.4,2025-12-08 00:01:02+00
4,1176.5,2025-12-08 00:01:03+00
4,1170.7,2025-12-08 00:01:04+00
4,984.9,2025-12-08 00:01:05+00
4,1132.9,2025-12-08 00:01:06+00
4,976,2025-12-08 00:01:07+00
4,959.5,2025-12-08 00:01:08+00
4,1027.9,2025-12-08 00:01:09+00
4,973.4,2025-12-08 00:01:10+00
4,1019,2025-12-08 00:01:11+00
4,1040.5,2025-12-08 00:01:12+00
4,1063.7,2025-12-08 00:01:13+00
4,1085.8,2025-12-08 00:01:14+00
4,1122.7,2025-12-08 00:01:15+00
4,1135.8,2025-12-08 00:01:16+00
4,1144,2025-12-08 00:01:17+00
4,1160.5,2025-12-08 00:01:18+00
4,1183.9,2025-12-08 00:01:19+00
4,1195.2,2025-12-08 00:01:20+00
4,1199.3,2025-12-08 00:01:21+00
4,1189.3,2025-12-08 00:01:22+00
4,1199.8,2025-12-08 00:01:23+00
4,1203.5,2025-12-08 00:01:24+00
4,1198.3,2025-12-08 00:01:25+00
4,1200.7,2025-12-08 00:01:26+00
4,1200.3,2025-12-08 00:01:27+00
4,1197.4,2025-12-08 00:01:28+00
4,1210.2,2025-12-08 00:01:29+00
4,1196.6,2025-12-08 00:01:30+00
4,1184,2025-12-08 00:01:31+00
4,1197.3,2025-12-08 00:01:32+00
4,1195.3,2025-12-08 00:01:33+00
4,1198.3,2025-12-08 00:01:34+00
4,1204.7,2025-12-08 00:01:35+00
4,1198.4,2025-12-08 00:01:36+00
4,1199.9,2025-12-08 00:01:37+00
4,1194.7,2025-12-08 00:01:38+00
4,1210.5,2025-12-08 00:01:39+00
4,1194.4,2025-12-08 00:01:40+00
4,1210.2,2025-12-08 00:01:41+00
4,1212.7,2025-12-08 00:01:42+00
4,1205.2,2025-12-08 00:01:43+00
4,1207,2025-12-08 00:01:44+00
4,1217.2,2025-12-08 00:01:45+00
4,1229.6,2025-12-08 00:01:46+00
4,1215.4,2025-12-08 00:01:47+00
4,1217.2,2025-12-08 00:01:48+00
4,1217.3,2025-12-08 00:01:49+00
4,1219.2,2025-12-08 00:01:50+00
4,1218.7,2025-12-08 00:01:51+00
4,1209,2025-12-08 00:01:52+00
4,1226.7,2025-12-08 00:01:53+00
4,1232.9,2025-12-08 00:01:54+00
4,1216.9,2025-12-08 00:01:55+00
4,1229.7,2025-12-08 00:01:56+00
4,1231.6,2025-12-08 00:01:57+00
4,1219.1,2025-12-08 00:01:58+00
4,1239.9,2025-12-08 00:01:59+00
4,1234,2025-12-08 00:02:00+00
4,1223.1,2025-12-08 00:02:01+00
4,1222,2025-12-08 00:02:02+00
4,1221.2,2025-12-08 00:02:03+00
4,1215.5,2025-12-08 00:02:04+00
4,1212.4,2025-12-08 00:02:05+00
4,1221.5,2025-12-08 00:02:06+00
4,1223.1,2025-12-08 00:02:07+00
4,1218.8,2025-12-08 00:02:08+00
4,1223.6,2025-12-08 00:02:09+00
4,1214.8,2025-12-08 00:02:10+00
4,1216.3,2025-12-08 00:02:11+00
4,1228.6,2025-12-08 00:02:12+00
4,1217.8,2025-12-08 00:02:13+00
4,1219.2,2025-12-08 00:02:14+00
4,1241.6,2025-12-08 00:02:15+00
4,1220.5,2025-12-08 00:02:16+00
4,1226.3,2025-12-08 00:02:17+00
4,1221.4,2025-12-08 00:02:18+00
4,1233.9,2025-12-08 00:02:19+00
4,1225.8,2025-12-08 00:02:20+00
4,1232.2,2025-12-08 00:02:21+00
4,1221.5,2025-12-08 00:02:22+00
4,1228,2025-12-08 00:02:23+00
4,1222.7,2025-12-08 00:02:24+00
4,1238.8,2025-12-08 00:02:25+00
4,1212.6,2025-12-08 00:02:26+00
4,1215.9,2025-12-08 00:02:27+00
4,1212.1,2025-12-08 00:02:28+00
4,1209.7,2025-12-08 00:02:29+00
4,1215.6,2025-12-08 00:02:30+00
4,1222.3,2025-12-08 00:02:31+00
4,1221.3,2025-12-08 00:02:32+00
4,1225.9,2025-12-08 00:02:33+00
4,1227.2,2025-12-08 00:02:34+00
4,1218.4,2025-12-08 00:02:35+00
4,1214.7,2025-12-08 00:02:36+00
4,1211.4,2025-12-08 00:02:37+00
4,1218.5,2025-12-08 00:02:38+00
4,1221.7,2025-12-08 00:02:39+00
4,1219.4,2025-12-08 00:02:40+00
4,1216.9,2025-12-08 00:02:41+00
4,1224.3,2025-12-08 00:02:42+00
4,1213.2,2025-12-08 00:02:43+00
4,1226,2025-12-08 00:02:44+00
4,1224.4,2025-12-08 00:02:45+00
4,1222.3,2025-12-08 00:02:46+00
4,1220.3,2025-12-08 00:02:47+00
4,1225.8,2025-12-08 00:02:48+00
4,1212.2,2025-12-08 00:02:49+00
4,1228.8,2025-12-08 00:02:50+00
4,1225.1,2025-12-08 00:02:51+00
4,1227.1,2025-12-08 00:02:52+00
4,1226,2025-12-08 00:02:53+00
4,1226.8,2025-12-08 00:02:54+00
4,1223.5,2025-12-08 00:02:55+00
4,1217.1,2025-12-08 00:02:56+00
4,1228.9,2025-12-08 00:02:57+00
4,1211.4,2025-12-08 00:02:58+00
4,1219.7,2025-12-08 00:02:59+00
4,1311.8,2025-12-08 00:03:00+00
4,1315.6,2025-12-08 00:03:01+00
4,1312.1,2025-12-08 00:03:02+00
4,1319.9,2025-12-08 00:03:03+00
4,1312.8,2025-12-08 00:03:04+00
4,1318,2025-12-08 00:03:05+00
4,1319.9,2025-12-08 00:03:06+00
4,1314.3,2025-12-08 00:03:07+00
4,1319,2025-12-08 00:03:08+00
4,1314.9,2025-12-08 00:03:09+00
4,1316.1,2025-12-08 00:03:10+00
4,1306.2,2025-12-08 00:03:11+00
4,1313.2,2025-12-08 00:03:12+00
4,1315.2,2025-12-08 00:03:13+00
4,1308.6,2025-12-08 00:03:14+00
4,1325.3,2025-12-08 00:03:15+00
4,1316.4,2025-12-08 00:03:16+00
4,1316.7,2025-12-08 00:03:17+00
4,1313.8,2025-12-08 00:03:18+00
4,1223.1,2025-12-08 00:03:19+00
4,1229.4,2025-12-08 00:03:20+00
4,1219.5,2025-12-08 00:03:21+00
4,1229.5,2025-12-08 00:03:22+00
4,1324.2,2025-12-08 00:03:23+00
4,1324.2,2025-12-08 00:03:24+00
4,1313.6,2025-12-08 00:03:25+00
4,1315.3,2025-12-08 00:03:26+00
4,1312.1,2025-12-08 00:03:27+00
4,1315.4,2025-12-08 00:03:28+00
4,1321.1,2025-12-08 00:03:29+00
4,1318.9,2025-12-08 00:03:30+00
4,1331.8,2025-12-08 00:03:31+00
4,1316.3,2025-12-08 00:03:32+00
4,1330.7,2025-12-08 00:03:33+00
4,1318.2,2025-12-08 00:03:34+00
4,1344,2025-12-08 00:03:35+00
4,1307.1,2025-12-08 00:03:36+00
4,1324.6,2025-12-08 00:03:37+00
4,1320.3,2025-12-08 00:03:38+00
4,1319.8,2025-12-08 00:03:39+00
4,1337.4,2025-12-08 00:03:40+00
4,1325.3,2025-12-08 00:03:41+00
4,1328,2025-12-08 00:03:42+00
4,1320.4,2025-12-08 00:03:43+00
4,1326.1,2025-12-08 00:03:44+00
4,1318.8,2025-12-08 00:03:45+00
4,1331.8,2025-12-08 00:03:46+00
4,1317.1,2025-12-08 00:03:47+00
4,1319.4,2025-12-08 00:03:48+00
4,1312.5,2025-12-08 00:03:49+00
4,1309.3,2025-12-08 00:03:50+00
4,1321.8,2025-12-08 00:03:51+00
4,1314.2,2025-12-08 00:03:52+00
4,1310.4,2025-12-08 00:03:53+00
4,1317.6,2025-12-08 00:03:54+00
4,1322.1,2025-12-08 00:03:55+00
4,1349,2025-12-08 00:03:56+00
4,1390.8,2025-12-08 00:03:57+00
4,1380.4,2025-12-08 00:03:58+00
4,1374.2,2025-12-08 00:03:59+00
4,1414.8,2025-12-08 00:04:00+00
4,1417.9,2025-12-08 00:04:01+00
4,1412.8,2025-12-08 00:04:02+00
4,1424.9,2025-12-08 00:04:03+00
4,1426.3,2025-12-08 00:04:04+00
4,1411.7,2025-12-08 00:04:05+00
4,1408.3,2025-12-08 00:04:06+00
4,1418,2025-12-08 00:04:07+00
4,1416.6,2025-12-08 00:04:08+00
4,1426.2,2025-12-08 00:04:09+00
4,1416.3,2025-12-08 00:04:10+00
4,1430.2,2025-12-08 00:04:11+00
4,1417.7,2025-12-08 00:04:12+00
4,1378,2025-12-08 00:04:13+00
4,1375.4,2025-12-08 00:04:14+00
4,1381.5,2025-12-08 00:04:15+00
4,1425.1,2025-12-08 00:04:16+00
4,1410.6,2025-12-08 00:04:17+00
4,1420.2,2025-12-08 00:04:18+00
4,1417.5,2025-12-08 00:04:19+00
4,1418.3,2025-12-08 00:04:20+00
4,1420.4,2025-12-08 00:04:21+00
4,1424.6,2025-12-08 00:04:22+00
4,1420.1,2025-12-08 00:04:23+00
4,1378.1,2025-12-08 00:04:24+00
4,1388.1,2025-12-08 00:04:25+00
4,1380.8,2025-12-08 00:04:26+00
4,1382.9,2025-12-08 00:04:27+00
4,1393.5,2025-12-08 00:04:28+00
4,1403.3,2025-12-08 00:04:29+00
4,1377.5,2025-12-08 00:04:30+00
4,1379.8,2025-12-08 00:04:31+00
4,1425.8,2025-12-08 00:04:32+00
4,1416.8,2025-12-08 00:04:33+00
4,1414.1,2025-12-08 00:04:34+00
4,1423.9,2025-12-08 00:04:35+00
4,1421.9,2025-12-08 00:04:36+00
4,1417.6,2025-12-08 00:04:37+00
4,1413.6,2025-12-08 00:04:38+00
4,1406.3,2025-12-08 00:04:39+00
4,1417.6,2025-12-08 00:04:40+00
4,1416.6,2025-12-08 00:04:41+00
4,1420.7,2025-12-08 00:04:42+00
4,1412.4,2025-12-08 00:04:43+00
4,1422.2,2025-12-08 00:04:44+00
4,1426.8,2025-12-08 00:04:45+00
4,1425.2,2025-12-08 00:04:46+00
4,1412.6,2025-12-08 00:04:47+00
4,1467.8,2025-12-08 00:04:48+00
4,1460.8,2025-12-08 00:04:49+00
4,1479,2025-12-08 00:04:50+00
4,1468.1,2025-12-08 00:04:51+00
4,1462.7,2025-12-08 00:04:52+00
4,1465.2,2025-12-08 00:04:53+00
4,1460.7,2025-12-08 00:04:54+00
4,1447.4,2025-12-08 00:04:55+00
4,1451.9,2025-12-08 00:04:56+00
4,1418.6,2025-12-08 00:04:57+00
4,1406.3,2025-12-08 00:04:58+00
4,1418.8,2025-12-08 00:04:59+00
4,674.5,2025-12-08 00:05:00+00
4,679.4,2025-12-08 00:05:01+00
4,673,2025-12-08 00:05:02+00
4,669.3,2025-12-08 00:05:03+00
4,656,2025-12-08 00:05:04+00
4,659.4,2025-12-08 00:05:05+00
4,673.1,2025-12-08 00:05:06+00
4,662.9,2025-12-08 00:05:07+00
4,664.1,2025-12-08 00:05:08+00
4,681.7,2025-12-08 00:05:09+00
4,672,2025-12-08 00:05:10+00
4,666.1,2025-12-08 00:05:11+00
4,659.7,2025-12-08 00:05:12+00
4,667.6,2025-12-08 00:05:13+00
4,661.2,2025-12-08 00:05:14+00
4,669.3,2025-12-08 00:05:15+00
4,668.7,2025-12-08 00:05:16+00
4,654.9,2025-12-08 00:05:17+00
4,665.5,2025-12-08 00:05:18+00
4,679.3,2025-12-08 00:05:19+00
4,679.7,2025-12-08 00:05:20+00
4,671.8,2025-12-08 00:05:21+00
4,660.7,2025-12-08 00:05:22+00
4,668.8,2025-12-08 00:05:23+00
4,669.7,2025-12-08 00:05:24+00
4,662.7,2025-12-08 00:05:25+00
4,661.4,2025-12-08 00:05:26+00
4,680.1,2025-12-08 00:05:27+00
4,670.7,2025-12-08 00:05:28+00
4,666.1,2025-12-08 00:05:29+00
4,666.8,2025-12-08 00:05:30+00
4,661.2,2025-12-08 00:05:31+00
4,660.6,2025-12-08 00:05:32+00
4,802.3,2025-12-08 00:05:33+00
4,762.5,2025-12-08 00:05:34+00
4,773.7,2025-12-08 00:05:35+00
4,763.2,2025-12-08 00:05:36+00
4,682,2025-12-08 00:05:37+00
4,771.9,2025-12-08 00:05:38+00
4,825.3,2025-12-08 00:05:39+00
4,771.2,2025-12-08 00:05:40+00
4,778.6,2025-12-08 00:05:41+00
4,700.8,2025-12-08 00:05:42+00
4,694.9,2025-12-08 00:05:43+00
4,762.2,2025-12-08 00:05:44+00
4,778.8,2025-12-08 00:05:45+00
4,764.6,2025-12-08 00:05:46+00
4,759.5,2025-12-08 00:05:47+00
4,775.9,2025-12-08 00:05:48+00
4,763.3,2025-12-08 00:05:49+00
4,767.3,2025-12-08 00:05:50+00
4,779.7,2025-12-08 00:05:51+00
4,697.9,2025-12-08 00:05:52+00
4,701.7,2025-12-08 00:05:53+00
4,709.1,2025-12-08 00:05:54+00
4,710,2025-12-08 00:05:55+00
4,706.9,2025-12-08 00:05:56+00
4,709.1,2025-12-08 00:05:57+00
4,698.3,2025-12-08 00:05:58+00
4,702.3,2025-12-08 00:05:59+00
4,1168.4,2025-12-08 00:06:00+00
4,1169.6,2025-12-08 00:06:01+00
4,1168.3,2025-12-08 00:06:02+00
4,1169.9,2025-12-08 00:06:03+00
4,1168.5,2025-12-08 00:06:04+00
4,986,2025-12-08 00:06:05+00
4,1138.2,2025-12-08 00:06:06+00
4,969,2025-12-08 00:06:07+00
4,968.2,2025-12-08 00:06:08+00
4,1043.1,2025-12-08 00:06:09+00
4,970.1,2025-12-08 00:06:10+00
4,1013,2025-12-08 00:06:11+00
4,1035.1,2025-12-08 00:06:12+00
4,1067.4,2025-12-08 00:06:13+00
4,1095.4,2025-12-08 00:06:14+00
4,1114.1,2025-12-08 00:06:15+00
4,1133.5,2025-12-08 00:06:16+00
4,1146.5,2025-12-08 00:06:17+00
4,1173.1,2025-12-08 00:06:18+00
4,1184.5,2025-12-08 00:06:19+00
4,1197,2025-12-08 00:06:20+00
4,1205.4,2025-12-08 00:06:21+00
4,1192.2,2025-12-08 00:06:22+00
4,1195.2,2025-12-08 00:06:23+00
4,1210.7,2025-12-08 00:06:24+00
4,1195.7,2025-12-08 00:06:25+00
4,1197.1,2025-12-08 00:06:26+00
4,1191.4,2025-12-08 00:06:27+00
4,1206.3,2025-12-08 00:06:28+00
4,1192,2025-12-08 00:06:29+00
4,1185.1,2025-12-08 00:06:30+00
4,1193.9,2025-12-08 00:06:31+00
4,1206.8,2025-12-08 00:06:32+00
4,1193.7,2025-12-08 00:06:33+00
4,1194.9,2025-12-08 00:06:34+00
4,1210,2025-12-08 00:06:35+00
4,1195.4,2025-12-08 00:06:36+00
4,1191.8,2025-12-08 00:06:37+00
4,1196.3,2025-12-08 00:06:38+00
4,1196.9,2025-12-08 00:06:39+00
4,1196.1,2025-12-08 00:06:40+00
4,1200.8,2025-12-08 00:06:41+00
4,1217.6,2025-12-08 00:06:42+00
4,1197.3,2025-12-08 00:06:43+00
4,1206.9,2025-12-08 00:06:44+00
4,1206.8,2025-12-08 00:06:45+00
4,1212.9,2025-12-08 00:06:46+00
4,1212.1,2025-12-08 00:06:47+00
4,1211,2025-12-08 00:06:48+00
4,1216.5,2025-12-08 00:06:49+00
4,1221.2,2025-12-08 00:06:50+00
4,1221.8,2025-12-08 00:06:51+00
4,1220.3,2025-12-08 00:06:52+00
4,1220.6,2025-12-08 00:06:53+00
4,1224.6,2025-12-08 00:06:54+00
4,1232.5,2025-12-08 00:06:55+00
4,1221.7,2025-12-08 00:06:56+00
4,1225.4,2025-12-08 00:06:57+00
4,1224.9,2025-12-08 00:06:58+00
4,1243.4,2025-12-08 00:06:59+00
4,1232.5,2025-12-08 00:07:00+00
4,1224.3,2025-12-08 00:07:01+00
4,1218.1,2025-12-08 00:07:02+00
4,1215.5,2025-12-08 00:07:03+00
4,1227.9,2025-12-08 00:07:04+00
4,1218.6,2025-12-08 00:07:05+00
4,1218.2,2025-12-08 00:07:06+00
4,1221.1,2025-12-08 00:07:07+00
4,1209.3,2025-12-08 00:07:08+00
4,1206.7,2025-12-08 00:07:09+00
4,1221.6,2025-12-08 00:07:10+00
4,1212.2,2025-12-08 00:07:11+00
4,1234.7,2025-12-08 00:07:12+00
4,1216.2,2025-12-08 00:07:13+00
4,1219.3,2025-12-08 00:07:14+00
4,1246.9,2025-12-08 00:07:15+00
4,1224.8,2025-12-08 00:07:16+00
4,1220.6,2025-12-08 00:07:17+00
4,1231.8,2025-12-08 00:07:18+00
4,1232.5,2025-12-08 00:07:19+00
4,1226.9,2025-12-08 00:07:20+00
4,1239.2,2025-12-08 00:07:21+00
4,1229.4,2025-12-08 00:07:22+00
4,1227.6,2025-12-08 00:07:23+00
4,1233.8,2025-12-08 00:07:24+00
4,1217.4,2025-12-08 00:07:25+00
4,1224.8,2025-12-08 00:07:26+00
4,1230.1,2025-12-08 00:07:27+00
4,1220.3,2025-12-08 00:07:28+00
4,1210.9,2025-12-08 00:07:29+00
4,1225.1,2025-12-08 00:07:30+00
4,1234.9,2025-12-08 00:07:31+00
4,1222.5,2025-12-08 00:07:32+00
4,1219.1,2025-12-08 00:07:33+00
4,1222.2,2025-12-08 00:07:34+00
4,1222.1,2025-12-08 00:07:35+00
4,1220.7,2025-12-08 00:07:36+00
4,1217.4,2025-12-08 00:07:37+00
4,1213.7,2025-12-08 00:07:38+00
4,1226.5,2025-12-08 00:07:39+00
4,1218.9,2025-12-08 00:07:40+00
4,1229.3,2025-12-08 00:07:41+00
4,1216.2,2025-12-08 00:07:42+00
4,1220.4,2025-12-08 00:07:43+00
4,1219.2,2025-12-08 00:07:44+00
4,1212.2,2025-12-08 00:07:45+00
4,1212.4,2025-12-08 00:07:46+00
4,1231.4,2025-12-08 00:07:47+00
4,1217.5,2025-12-08 00:07:48+00
4,1224.6,2025-12-08 00:07:49+00
4,1220.5,2025-12-08 00:07:50+00
4,1216.6,2025-12-08 00:07:51+00
4,1212.9,2025-12-08 00:07:52+00
4,1208,2025-12-08 00:07:53+00
4,1224.5,2025-12-08 00:07:54+00
4,1228.8,2025-12-08 00:07:55+00
4,1213.9,2025-12-08 00:07:56+00
4,1219,2025-12-08 00:07:57+00
4,1223.8,2025-12-08 00:07:58+00
4,1235.7,2025-12-08 00:07:59+00
4,1304.2,2025-12-08 00:08:00+00
4,1320.9,2025-12-08 00:08:01+00
4,1316.4,2025-12-08 00:08:02+00
4,1313.2,2025-12-08 00:08:03+00
4,1312,2025-12-08 00:08:04+00
4,1309.9,2025-12-08 00:08:05+00
4,1313.2,2025-12-08 00:08:06+00
4,1314.2,2025-12-08 00:08:07+00
4,1315,2025-12-08 00:08:08+00
4,1315.3,2025-12-08 00:08:09+00
4,1322.7,2025-12-08 00:08:10+00
4,1320.4,2025-12-08 00:08:11+00
4,1312.5,2025-12-08 00:08:12+00
4,1319.4,2025-12-08 00:08:13+00
4,1316.7,2025-12-08 00:08:14+00
4,1311.6,2025-12-08 00:08:15+00
4,1316.8,2025-12-08 00:08:16+00
4,1314.5,2025-12-08 00:08:17+00
4,1323.3,2025-12-08 00:08:18+00
4,1224.6,2025-12-08 00:08:19+00
4,1214.2,2025-12-08 00:08:20+00
4,1226,2025-12-08 00:08:21+00
4,1218,2025-12-08 00:08:22+00
4,1327,2025-12-08 00:08:23+00
4,1313.3,2025-12-08 00:08:24+00
4,1314.2,2025-12-08 00:08:25+00
4,1308.7,2025-12-08 00:08:26+00
4,1306.3,2025-12-08 00:08:27+00
4,1327.8,2025-12-08 00:08:28+00
4,1312.1,2025-12-08 00:08:29+00
4,1323.6,2025-12-08 00:08:30+00
4,1317.7,2025-12-08 00:08:31+00
4,1331.8,2025-12-08 00:08:32+00
4,1327.4,2025-12-08 00:08:33+00
4,1326.1,2025-12-08 00:08:34+00
4,1338.5,2025-12-08 00:08:35+00
4,1316.6,2025-12-08 00:08:36+00
4,1318.5,2025-12-08 00:08:37+00
4,1313.2,2025-12-08 00:08:38+00
4,1329.2,2025-12-08 00:08:39+00
4,1328.7,2025-12-08 00:08:40+00
4,1314,2025-12-08 00:08:41+00
4,1325.5,2025-12-08 00:08:42+00
4,1316,2025-12-08 00:08:43+00
4,1318.1,2025-12-08 00:08:44+00
4,1314.5,2025-12-08 00:08:45+00
4,1319.7,2025-12-08 00:08:46+00
4,1317.4,2025-12-08 00:08:47+00
4,1321.1,2025-12-08 00:08:48+00
4,1316.3,2025-12-08 00:08:49+00
4,1314.2,2025-12-08 00:08:50+00
4,1316.6,2025-12-08 00:08:51+00
4,1311.2,2025-12-08 00:08:52+00
4,1306.4,2025-12-08 00:08:53+00
4,1311.8,2025-12-08 00:08:54+00
4,1319.2,2025-12-08 00:08:55+00
4,1348.8,2025-12-08 00:08:56+00
4,1395.1,2025-12-08 00:08:57+00
4,1386.2,2025-12-08 00:08:58+00
4,1384.9,2025-12-08 00:08:59+00
4,1406.4,2025-12-08 00:09:00+00
4,1416.9,2025-12-08 00:09:01+00
4,1418.7,2025-12-08 00:09:02+00
4,1413.6,2025-12-08 00:09:03+00
4,1421.2,2025-12-08 00:09:04+00
4,1415.3,2025-12-08 00:09:05+00
4,1415,2025-12-08 00:09:06+00
4,1416.8,2025-12-08 00:09:07+00
4,1417.9,2025-12-08 00:09:08+00
4,1406,2025-12-08 00:09:09+00
4,1418.1,2025-12-08 00:09:10+00
4,1414.9,2025-12-08 00:09:11+00
4,1423.5,2025-12-08 00:09:12+00
4,1387.2,2025-12-08 00:09:13+00
4,1376.8,2025-12-08 00:09:14+00
4,1388.8,2025-12-08 00:09:15+00
4,1416.5,2025-12-08 00:09:16+00
4,1420.7,2025-12-08 00:09:17+00
4,1418.1,2025-12-08 00:09:18+00
4,1418.6,2025-12-08 00:09:19+00
4,1420.3,2025-12-08 00:09:20+00
4,1428.3,2025-12-08 00:09:21+00
4,1411.2,2025-12-08 00:09:22+00
4,1410.5,2025-12-08 00:09:23+00
4,1379,2025-12-08 00:09:24+00
4,1390.8,2025-12-08 00:09:25+00
4,1379.1,2025-12-08 00:09:26+00
4,1386.8,2025-12-08 00:09:27+00
4,1393.1,2025-12-08 00:09:28+00
4,1400.5,2025-12-08 00:09:29+00
4,1386.2,2025-12-08 00:09:30+00
4,1380.3,2025-12-08 00:09:31+00
4,1422.8,2025-12-08 00:09:32+00
4,1421.5,2025-12-08 00:09:33+00
4,1410.2,2025-12-08 00:09:34+00
4,1427.6,2025-12-08 00:09:35+00
4,1410.8,2025-12-08 00:09:36+00
4,1416.8,2025-12-08 00:09:37+00
4,1420.6,2025-12-08 00:09:38+00
4,1435.2,2025-12-08 00:09:39+00
4,1419.7,2025-12-08 00:09:40+00
4,1415.3,2025-12-08 00:09:41+00
4,1422,2025-12-08 00:09:42+00
4,1419.1,2025-12-08 00:09:43+00
4,1412.5,2025-12-08 00:09:44+00
4,1424.8,2025-12-08 00:09:45+00
4,1418.9,2025-12-08 00:09:46+00
4,1420.5,2025-12-08 00:09:47+00
4,1468.4,2025-12-08 00:09:48+00
4,1466.4,2025-12-08 00:09:49+00
4,1471.3,2025-12-08 00:09:50+00
4,1460.9,2025-12-08 00:09:51+00
4,1457.5,2025-12-08 00:09:52+00
4,1449.9,2025-12-08 00:09:53+00
4,1451.5,2025-12-08 00:09:54+00
4,1454.6,2025-12-08 00:09:55+00
4,1453.6,2025-12-08 00:09:56+00
4,1418.3,2025-12-08 00:09:57+00
4,1428.9,2025-12-08 00:09:58+00
4,1420.7,2025-12-08 00:09:59+00
4,680.4,2025-12-08 00:10:00+00
4,675.7,2025-12-08 00:10:01+00
4,662.7,2025-12-08 00:10:02+00
4,668.8,2025-12-08 00:10:03+00
4,665.1,2025-12-08 00:10:04+00
4,676.6,2025-12-08 00:10:05+00
4,667.9,2025-12-08 00:10:06+00
4,667.8,2025-12-08 00:10:07+00
4,672.1,2025-12-08 00:10:08+00
4,676.1,2025-12-08 00:10:09+00
4,673.2,2025-12-08 00:10:10+00
4,661.7,2025-12-08 00:10:11+00
4,666.5,2025-12-08 00:10:12+00
4,675.3,2025-12-08 00:10:13+00
4,668.4,2025-12-08 00:10:14+00
4,661.2,2025-12-08 00:10:15+00
4,658.5,2025-12-08 00:10:16+00
4,664.8,2025-12-08 00:10:17+00
4,667.5,2025-12-08 00:10:18+00
4,681.4,2025-12-08 00:10:19+00
4,671.2,2025-12-08 00:10:20+00
4,675.4,2025-12-08 00:10:21+00
4,670.4,2025-12-08 00:10:22+00
4,676.9,2025-12-08 00:10:23+00
4,677,2025-12-08 00:10:24+00
4,662.8,2025-12-08 00:10:25+00
4,666,2025-12-08 00:10:26+00
4,679.2,2025-12-08 00:10:27+00
4,664.9,2025-12-08 00:10:28+00
4,677,2025-12-08 00:10:29+00
4,664.3,2025-12-08 00:10:30+00
4,646.8,2025-12-08 00:10:31+00
4,665.1,2025-12-08 00:10:32+00
4,790.4,2025-12-08 00:10:33+00
4,773.4,2025-12-08 00:10:34+00
4,772.7,2025-12-08 00:10:35+00
4,760,2025-12-08 00:10:36+00
4,671.8,2025-12-08 00:10:37+00
4,762.1,2025-12-08 00:10:38+00
4,811,2025-12-08 00:10:39+00
4,767.5,2025-12-08 00:10:40+00
4,779.9,2025-12-08 00:10:41+00
4,698.4,2025-12-08 00:10:42+00
4,697,2025-12-08 00:10:43+00
4,767.7,2025-12-08 00:10:44+00
4,766.3,2025-12-08 00:10:45+00
4,765.3,2025-12-08 00:10:46+00
4,764.6,2025-12-08 00:10:47+00
4,759.6,2025-12-08 00:10:48+00
4,765.7,2025-12-08 00:10:49+00
4,759.4,2025-12-08 00:10:50+00
4,770.6,2025-12-08 00:10:51+00
4,706.1,2025-12-08 00:10:52+00
4,696.9,2025-12-08 00:10:53+00
4,694.2,2025-12-08 00:10:54+00
4,696,2025-12-08 00:10:55+00
4,701.7,2025-12-08 00:10:56+00
4,693.5,2025-12-08 00:10:57+00
4,699.2,2025-12-08 00:10:58+00
4,698.3,2025-12-08 00:10:59+00
4,1171.4,2025-12-08 00:11:00+00
4,1165.8,2025-12-08 00:11:01+00
4,1159.6,2025-12-08 00:11:02+00
4,1177.8,2025-12-08 00:11:03+00
4,1159.6,2025-12-08 00:11:04+00
4,981.1,2025-12-08 00:11:05+00
4,1130,2025-12-08 00:11:06+00
4,978.2,2025-12-08 00:11:07+00
4,958.8,2025-12-08 00:11:08+00
4,1027.3,2025-12-08 00:11:09+00
4,968.1,2025-12-08 00:11:10+00
4,1013.8,2025-12-08 00:11:11+00
4,1043.5,2025-12-08 00:11:12+00
4,1056.2,2025-12-08 00:11:13+00
4,1096,2025-12-08 00:11:14+00
4,1120.7,2025-12-08 00:11:15+00
4,1128.7,2025-12-08 00:11:16+00
4,1147.4,2025-12-08 00:11:17+00
4,1170.1,2025-12-08 00:11:18+00
4,1184.2,2025-12-08 00:11:19+00
4,1192.3,2025-12-08 00:11:20+00
4,1197.7,2025-12-08 00:11:21+00
4,1181.4,2025-12-08 00:11:22+00
4,1209.4,2025-12-08 00:11:23+00
4,1205.6,2025-12-08 00:11:24+00
4,1193.4,2025-12-08 00:11:25+00
4,1198.2,2025-12-08 00:11:26+00
4,1194.2,2025-12-08 00:11:27+00
4,1199.2,2025-12-08 00:11:28+00
4,1199.1,2025-12-08 00:11:29+00
4,1201.9,2025-12-08 00:11:30+00
4,1206.1,2025-12-08 00:11:31+00
4,1192.9,2025-12-08 00:11:32+00
4,1194.1,2025-12-08 00:11:33+00
4,1197.2,2025-12-08 00:11:34+00
4,1196.8,2025-12-08 00:11:35+00
4,1202.3,2025-12-08 00:11:36+00
4,1190.4,2025-12-08 00:11:37+00
4,1197.5,2025-12-08 00:11:38+00
4,1202.4,2025-12-08 00:11:39+00
4,1193.1,2025-12-08 00:11:40+00
4,1206.6,2025-12-08 00:11:41+00
4,1206.8,2025-12-08 00:11:42+00
4,1215.8,2025-12-08 00:11:43+00
4,1209.8,2025-12-08 00:11:44+00
4,1214.3,2025-12-08 00:11:45+00
4,1213.7,2025-12-08 00:11:46+00
4,1213.8,2025-12-08 00:11:47+00
4,1218.7,2025-12-08 00:11:48+00
4,1226.7,2025-12-08 00:11:49+00
4,1219.2,2025-12-08 00:11:50+00
4,1222.8,2025-12-08 00:11:51+00
4,1228.1,2025-12-08 00:11:52+00
4,1220.9,2025-12-08 00:11:53+00
4,1223.2,2025-12-08 00:11:54+00
4,1214.6,2025-12-08 00:11:55+00
4,1211.2,2025-12-08 00:11:56+00
4,1223.7,2025-12-08 00:11:57+00
4,1233.8,2025-12-08 00:11:58+00
4,1241.8,2025-12-08 00:11:59+00
4,1228.2,2025-12-08 00:12:00+00
4,1222.3,2025-12-08 00:12:01+00
4,1229.4,2025-12-08 00:12:02+00
4,1218.7,2025-12-08 00:12:03+00
4,1221.2,2025-12-08 00:12:04+00
4,1216.6,2025-12-08 00:12:05+00
4,1226.8,2025-12-08 00:12:06+00
4,1221,2025-12-08 00:12:07+00
4,1211.9,2025-12-08 00:12:08+00
4,1229,2025-12-08 00:12:09+00
4,1223.1,2025-12-08 00:12:10+00
4,1219.6,2025-12-08 00:12:11+00
4,1214.8,2025-12-08 00:12:12+00
4,1221.9,2025-12-08 00:12:13+00
4,1208.9,2025-12-08 00:12:14+00
4,1246.5,2025-12-08 00:12:15+00
4,1221.9,2025-12-08 00:12:16+00
4,1232.3,2025-12-08 00:12:17+00
4,1225.5,2025-12-08 00:12:18+00
4,1242.2,2025-12-08 00:12:19+00
4,1232.1,2025-12-08 00:12:20+00
4,1234.3,2025-12-08 00:12:21+00
4,1218.2,2025-12-08 00:12:22+00
4,1227.3,2025-12-08 00:12:23+00
4,1230.3,2025-12-08 00:12:24+00
4,1220.6,2025-12-08 00:12:25+00
4,1223.4,2025-12-08 00:12:26+00
4,1222.5,2025-12-08 00:12:27+00
4,1214,2025-12-08 00:12:28+00
4,1221.8,2025-12-08 00:12:29+00
4,1218.7,2025-12-08 00:12:30+00
4,1218.6,2025-12-08 00:12:31+00
4,1228.4,2025-12-08 00:12:32+00
4,1238,2025-12-08 00:12:33+00
4,1227.4,2025-12-08 00:12:34+00
4,1216.7,2025-12-08 00:12:35+00
4,1221.9,2025-12-08 00:12:36+00
4,1224.9,2025-12-08 00:12:37+00
4,1217.4,2025-12-08 00:12:38+00
4,1222,2025-12-08 00:12:39+00
4,1224.1,2025-12-08 00:12:40+00
4,1241,2025-12-08 00:12:41+00
4,1219,2025-12-08 00:12:42+00
4,1209,2025-12-08 00:12:43+00
4,1225.4,2025-12-08 00:12:44+00
4,1220.3,2025-12-08 00:12:45+00
4,1215.4,2025-12-08 00:12:46+00
4,1227.5,2025-12-08 00:12:47+00
4,1221.3,2025-12-08 00:12:48+00
4,1221.9,2025-12-08 00:12:49+00
4,1222.4,2025-12-08 00:12:50+00
4,1228.4,2025-12-08 00:12:51+00
4,1226.7,2025-12-08 00:12:52+00
4,1223.6,2025-12-08 00:12:53+00
4,1216.5,2025-12-08 00:12:54+00
4,1219.5,2025-12-08 00:12:55+00
4,1217.9,2025-12-08 00:12:56+00
4,1229.1,2025-12-08 00:12:57+00
4,1214.1,2025-12-08 00:12:58+00
4,1226.3,2025-12-08 00:12:59+00
4,1316.4,2025-12-08 00:13:00+00
4,1318.8,2025-12-08 00:13:01+00
4,1323.9,2025-12-08 00:13:02+00
4,1313.9,2025-12-08 00:13:03+00
4,1315.4,2025-12-08 00:13:04+00
4,1312.1,2025-12-08 00:13:05+00
4,1316.3,2025-12-08 00:13:06+00
4,1312.2,2025-12-08 00:13:07+00
4,1317.8,2025-12-08 00:13:08+00
4,1317.5,2025-12-08 00:13:09+00
4,1315.5,2025-12-08 00:13:10+00
4,1300.4,2025-12-08 00:13:11+00
4,1306.4,2025-12-08 00:13:12+00
4,1316,2025-12-08 00:13:13+00
4,1316.8,2025-12-08 00:13:14+00
4,1325.9,2025-12-08 00:13:15+00
4,1317.2,2025-12-08 00:13:16+00
4,1304.8,2025-12-08 00:13:17+00
4,1313.6,2025-12-08 00:13:18+00
4,1224.6,2025-12-08 00:13:19+00
4,1222.1,2025-12-08 00:13:20+00
4,1229.6,2025-12-08 00:13:21+00
4,1224.3,2025-12-08 00:13:22+00
4,1319,2025-12-08 00:13:23+00
4,1311.9,2025-12-08 00:13:24+00
4,1308.6,2025-12-08 00:13:25+00
4,1309.1,2025-12-08 00:13:26+00
4,1308.7,2025-12-08 00:13:27+00
4,1312.7,2025-12-08 00:13:28+00
4,1321.3,2025-12-08 00:13:29+00
4,1306.7,2025-12-08 00:13:30+00
4,1322.3,2025-12-08 00:13:31+00
4,1316.1,2025-12-08 00:13:32+00
4,1331.3,2025-12-08 00:13:33+00
4,1327.9,2025-12-08 00:13:34+00
4,1342.8,2025-12-08 00:13:35+00
4,1309.2,2025-12-08 00:13:36+00
4,1315.2,2025-12-08 00:13:37+00
4,1319.7,2025-12-08 00:13:38+00
4,1325.8,2025-12-08 00:13:39+00
4,1322.7,2025-12-08 00:13:40+00
4,1329.8,2025-12-08 00:13:41+00
4,1324.9,2025-12-08 00:13:42+00
4,1333.5,2025-12-08 00:13:43+00
4,1329.4,2025-12-08 00:13:44+00
4,1318.9,2025-12-08 00:13:45+00
4,1318.2,2025-12-08 00:13:46+00
4,1305.7,2025-12-08 00:13:47+00
4,1318.8,2025-12-08 00:13:48+00
4,1314.4,2025-12-08 00:13:49+00
4,1313.5,2025-12-08 00:13:50+00
4,1312.3,2025-12-08 00:13:51+00
4,1319.2,2025-12-08 00:13:52+00
4,1311.7,2025-12-08 00:13:53+00
4,1320.5,2025-12-08 00:13:54+00
4,1321.6,2025-12-08 00:13:55+00
4,1342.1,2025-12-08 00:13:56+00
4,1380.8,2025-12-08 00:13:57+00
4,1383.4,2025-12-08 00:13:58+00
4,1375.5,2025-12-08 00:13:59+00
4,1413.3,2025-12-08 00:14:00+00
4,1421.4,2025-12-08 00:14:01+00
4,1431.3,2025-12-08 00:14:02+00
4,1416.1,2025-12-08 00:14:03+00
4,1425.4,2025-12-08 00:14:04+00
4,1416,2025-12-08 00:14:05+00
4,1419.6,2025-12-08 00:14:06+00
4,1418.8,2025-12-08 00:14:07+00
4,1415.3,2025-12-08 00:14:08+00
4,1425.5,2025-12-08 00:14:09+00
4,1421,2025-12-08 00:14:10+00
4,1418.7,2025-12-08 00:14:11+00
4,1427.3,2025-12-08 00:14:12+00
4,1375.9,2025-12-08 00:14:13+00
4,1371,2025-12-08 00:14:14+00
4,1384.4,2025-12-08 00:14:15+00
4,1417.4,2025-12-08 00:14:16+00
4,1414.3,2025-12-08 00:14:17+00
4,1410.5,2025-12-08 00:14:18+00
4,1416.3,2025-12-08 00:14:19+00
4,1416.8,2025-12-08 00:14:20+00
4,1427,2025-12-08 00:14:21+00
4,1410.7,2025-12-08 00:14:22+00
4,1421.3,2025-12-08 00:14:23+00
4,1378.1,2025-12-08 00:14:24+00
4,1385.5,2025-12-08 00:14:25+00
4,1383.3,2025-12-08 00:14:26+00
4,1384.6,2025-12-08 00:14:27+00
4,1388.1,2025-12-08 00:14:28+00
4,1395.8,2025-12-08 00:14:29+00
4,1384.4,2025-12-08 00:14:30+00
4,1388.7,2025-12-08 00:14:31+00
4,1411.2,2025-12-08 00:14:32+00
4,1415.9,2025-12-08 00:14:33+00
4,1420.4,2025-12-08 00:14:34+00
4,1424.6,2025-12-08 00:14:35+00
4,1413.3,2025-12-08 00:14:36+00
4,1424.1,2025-12-08 00:14:37+00
4,1421.8,2025-12-08 00:14:38+00
4,1416.4,2025-12-08 00:14:39+00
4,1419.6,2025-12-08 00:14:40+00
4,1414,2025-12-08 00:14:41+00
4,1423.4,2025-12-08 00:14:42+00
4,1419.9,2025-12-08 00:14:43+00
4,1428,2025-12-08 00:14:44+00
4,1425,2025-12-08 00:14:45+00
4,1426.6,2025-12-08 00:14:46+00
4,1413.3,2025-12-08 00:14:47+00
4,1465.7,2025-12-08 00:14:48+00
4,1460.1,2025-12-08 00:14:49+00
4,1469.5,2025-12-08 00:14:50+00
4,1469.3,2025-12-08 00:14:51+00
4,1467.7,2025-12-08 00:14:52+00
4,1463,2025-12-08 00:14:53+00
4,1456.3,2025-12-08 00:14:54+00
4,1453.4,2025-12-08 00:14:55+00
4,1448.3,2025-12-08 00:14:56+00
4,1425.8,2025-12-08 00:14:57+00
4,1410,2025-12-08 00:14:58+00
4,1432.5,2025-12-08 00:14:59+00
4,676.2,2025-12-08 00:15:00+00
4,687.8,2025-12-08 00:15:01+00
4,664,2025-12-08 00:15:02+00
4,667.6,2025-12-08 00:15:03+00
4,660.7,2025-12-08 00:15:04+00
4,673.5,2025-12-08 00:15:05+00
4,667.4,2025-12-08 00:15:06+00
4,671.1,2025-12-08 00:15:07+00
4,671.7,2025-12-08 00:15:08+00
4,661.2,2025-12-08 00:15:09+00
4,675.5,2025-12-08 00:15:10+00
4,663.3,2025-12-08 00:15:11+00
4,666,2025-12-08 00:15:12+00
4,669,2025-12-08 00:15:13+00
4,661.7,2025-12-08 00:15:14+00
4,663.9,2025-12-08 00:15:15+00
4,664.8,2025-12-08 00:15:16+00
4,676.2,2025-12-08 00:15:17+00
4,666.8,2025-12-08 00:15:18+00
4,673.9,2025-12-08 00:15:19+00
4,665.5,2025-12-08 00:15:20+00
4,664.7,2025-12-08 00:15:21+00
4,662.5,2025-12-08 00:15:22+00
4,668.7,2025-12-08 00:15:23+00
4,669.6,2025-12-08 00:15:24+00
4,664.6,2025-12-08 00:15:25+00
4,658.8,2025-12-08 00:15:26+00
4,681.4,2025-12-08 00:15:27+00
4,663.3,2025-12-08 00:15:28+00
4,664,2025-12-08 00:15:29+00
4,664.6,2025-12-08 00:15:30+00
4,652.3,2025-12-08 00:15:31+00
4,669.3,2025-12-08 00:15:32+00
4,791.8,2025-12-08 00:15:33+00
4,768.5,2025-12-08 00:15:34+00
4,775,2025-12-08 00:15:35+00
4,767.8,2025-12-08 00:15:36+00
4,674.9,2025-12-08 00:15:37+00
4,752.1,2025-12-08 00:15:38+00
4,818,2025-12-08 00:15:39+00
4,773.6,2025-12-08 00:15:40+00
4,770.2,2025-12-08 00:15:41+00
4,700.7,2025-12-08 00:15:42+00
4,700.9,2025-12-08 00:15:43+00
4,762.4,2025-12-08 00:15:44+00
4,763.9,2025-12-08 00:15:45+00
4,757.7,2025-12-08 00:15:46+00
4,761.3,2025-12-08 00:15:47+00
4,760.5,2025-12-08 00:15:48+00
4,768.1,2025-12-08 00:15:49+00
4,767.3,2025-12-08 00:15:50+00
4,774.1,2025-12-08 00:15:51+00
4,703,2025-12-08 00:15:52+00
4,709.2,2025-12-08 00:15:53+00
4,702,2025-12-08 00:15:54+00
4,699.1,2025-12-08 00:15:55+00
4,702.5,2025-12-08 00:15:56+00
4,711.4,2025-12-08 00:15:57+00
4,705.5,2025-12-08 00:15:58+00
4,706.1,2025-12-08 00:15:59+00
4,1170.8,2025-12-08 00:16:00+00
4,1174,2025-12-08 00:16:01+00
4,1170.4,2025-12-08 00:16:02+00
4,1180.3,2025-12-08 00:16:03+00
4,1172.5,2025-12-08 00:16:04+00
4,979.8,2025-12-08 00:16:05+00
4,1133,2025-12-08 00:16:06+00
4,980.2,2025-12-08 00:16:07+00
4,958.2,2025-12-08 00:16:08+00
4,1036,2025-12-08 00:16:09+00
4,965.9,2025-12-08 00:16:10+00
4,1021.6,2025-12-08 00:16:11+00
4,1043.8,2025-12-08 00:16:12+00
4,1069.2,2025-12-08 00:16:13+00
4,1090.3,2025-12-08 00:16:14+00
4,1120.6,2025-12-08 00:16:15+00
4,1123.5,2025-12-08 00:16:16+00
4,1141.3,2025-12-08 00:16:17+00
4,1175.9,2025-12-08 00:16:18+00
4,1180.5,2025-12-08 00:16:19+00
4,1200.5,2025-12-08 00:16:20+00
4,1199.9,2025-12-08 00:16:21+00
4,1196.3,2025-12-08 00:16:22+00
4,1197.3,2025-12-08 00:16:23+00
4,1200.6,2025-12-08 00:16:24+00
4,1199.7,2025-12-08 00:16:25+00
4,1189.5,2025-12-08 00:16:26+00
4,1204.5,2025-12-08 00:16:27+00
4,1199.7,2025-12-08 00:16:28+00
4,1201.4,2025-12-08 00:16:29+00
4,1199,2025-12-08 00:16:30+00
4,1199.6,2025-12-08 00:16:31+00
4,1193.3,2025-12-08 00:16:32+00
4,1185.7,2025-12-08 00:16:33+00
4,1194.5,2025-12-08 00:16:34+00
4,1197.1,2025-12-08 00:16:35+00
4,1199.9,2025-12-08 00:16:36+00
4,1186,2025-12-08 00:16:37+00
4,1200.9,2025-12-08 00:16:38+00
4,1206.5,2025-12-08 00:16:39+00
4,1192.3,2025-12-08 00:16:40+00
4,1198.8,2025-12-08 00:16:41+00
4,1207.2,2025-12-08 00:16:42+00
4,1205.4,2025-12-08 00:16:43+00
4,1203.5,2025-12-08 00:16:44+00
4,1223.6,2025-12-08 00:16:45+00
4,1212.2,2025-12-08 00:16:46+00
4,1229.1,2025-12-08 00:16:47+00
4,1208.9,2025-12-08 00:16:48+00
4,1223.7,2025-12-08 00:16:49+00
4,1214.5,2025-12-08 00:16:50+00
4,1223.4,2025-12-08 00:16:51+00
4,1226.8,2025-12-08 00:16:52+00
4,1221.2,2025-12-08 00:16:53+00
4,1227.2,2025-12-08 00:16:54+00
4,1218.7,2025-12-08 00:16:55+00
4,1233.5,2025-12-08 00:16:56+00
4,1224.5,2025-12-08 00:16:57+00
4,1229.3,2025-12-08 00:16:58+00
4,1253.6,2025-12-08 00:16:59+00
4,1227.3,2025-12-08 00:17:00+00
4,1230.9,2025-12-08 00:17:01+00
4,1222.5,2025-12-08 00:17:02+00
4,1220.8,2025-12-08 00:17:03+00
4,1229.6,2025-12-08 00:17:04+00
4,1222.5,2025-12-08 00:17:05+00
4,1210.3,2025-12-08 00:17:06+00
4,1218.1,2025-12-08 00:17:07+00
4,1218,2025-12-08 00:17:08+00
4,1229.8,2025-12-08 00:17:09+00
4,1225.1,2025-12-08 00:17:10+00
4,1220.9,2025-12-08 00:17:11+00
4,1211.8,2025-12-08 00:17:12+00
4,1210.1,2025-12-08 00:17:13+00
4,1212.6,2025-12-08 00:17:14+00
4,1233.6,2025-12-08 00:17:15+00
4,1211.7,2025-12-08 00:17:16+00
4,1219.4,2025-12-08 00:17:17+00
4,1227.8,2025-12-08 00:17:18+00
4,1221.3,2025-12-08 00:17:19+00
4,1227.3,2025-12-08 00:17:20+00
4,1220.3,2025-12-08 00:17:21+00
4,1217.4,2025-12-08 00:17:22+00
4,1227.6,2025-12-08 00:17:23+00
4,1225.9,2025-12-08 00:17:24+00
4,1217.5,2025-12-08 00:17:25+00
4,1227.6,2025-12-08 00:17:26+00
4,1224.8,2025-12-08 00:17:27+00
4,1221,2025-12-08 00:17:28+00
4,1230.6,2025-12-08 00:17:29+00
4,1217.4,2025-12-08 00:17:30+00
4,1217.1,2025-12-08 00:17:31+00
4,1216,2025-12-08 00:17:32+00
4,1216.8,2025-12-08 00:17:33+00
4,1221.9,2025-12-08 00:17:34+00
4,1215.8,2025-12-08 00:17:35+00
4,1220.4,2025-12-08 00:17:36+00
4,1214,2025-12-08 00:17:37+00
4,1222.6,2025-12-08 00:17:38+00
4,1220,2025-12-08 00:17:39+00
4,1219.8,2025-12-08 00:17:40+00
4,1234.9,2025-12-08 00:17:41+00
4,1220.8,2025-12-08 00:17:42+00
4,1220.1,2025-12-08 00:17:43+00
4,1213.5,2025-12-08 00:17:44+00
4,1216.9,2025-12-08 00:17:45+00
4,1234.6,2025-12-08 00:17:46+00
4,1224.4,2025-12-08 00:17:47+00
4,1226.2,2025-12-08 00:17:48+00
4,1226.8,2025-12-08 00:17:49+00
4,1222.9,2025-12-08 00:17:50+00
4,1216.9,2025-12-08 00:17:51+00
4,1218.8,2025-12-08 00:17:52+00
4,1218.5,2025-12-08 00:17:53+00
4,1218.7,2025-12-08 00:17:54+00
4,1218.6,2025-12-08 00:17:55+00
4,1213.3,2025-12-08 00:17:56+00
4,1227.6,2025-12-08 00:17:57+00
4,1217.8,2025-12-08 00:17:58+00
4,1231.7,2025-12-08 00:17:59+00
4,1318.5,2025-12-08 00:18:00+00
4,1316.9,2025-12-08 00:18:01+00
4,1320.7,2025-12-08 00:18:02+00
4,1324,2025-12-08 00:18:03+00
4,1317.5,2025-12-08 00:18:04+00
4,1309.6,2025-12-08 00:18:05+00
4,1326.2,2025-12-08 00:18:06+00
4,1307.1,2025-12-08 00:18:07+00
4,1318.4,2025-12-08 00:18:08+00
4,1318.5,2025-12-08 00:18:09+00
4,1321.1,2025-12-08 00:18:10+00
4,1318.8,2025-12-08 00:18:11+00
4,1303.7,2025-12-08 00:18:12+00
4,1316,2025-12-08 00:18:13+00
4,1313.6,2025-12-08 00:18:14+00
4,1315.4,2025-12-08 00:18:15+00
4,1309.3,2025-12-08 00:18:16+00
4,1315.6,2025-12-08 00:18:17+00
4,1308.5,2025-12-08 00:18:18+00
4,1217.2,2025-12-08 00:18:19+00
4,1223.1,2025-12-08 00:18:20+00
4,1220.7,2025-12-08 00:18:21+00
4,1227.9,2025-12-08 00:18:22+00
4,1312.8,2025-12-08 00:18:23+00
4,1317.9,2025-12-08 00:18:24+00
4,1304.1,2025-12-08 00:18:25+00
4,1311.5,2025-12-08 00:18:26+00
4,1297.5,2025-12-08 00:18:27+00
4,1316.8,2025-12-08 00:18:28+00
4,1321.4,2025-12-08 00:18:29+00
4,1311.9,2025-12-08 00:18:30+00
4,1318.8,2025-12-08 00:18:31+00
4,1320.5,2025-12-08 00:18:32+00
4,1333.7,2025-12-08 00:18:33+00
4,1333.2,2025-12-08 00:18:34+00
4,1332.9,2025-12-08 00:18:35+00
4,1311.8,2025-12-08 00:18:36+00
4,1315.3,2025-12-08 00:18:37+00
4,1309.5,2025-12-08 00:18:38+00
4,1332.5,2025-12-08 00:18:39+00
4,1319.6,2025-12-08 00:18:40+00
4,1309.8,2025-12-08 00:18:41+00
4,1325,2025-12-08 00:18:42+00
4,1320.5,2025-12-08 00:18:43+00
4,1321.6,2025-12-08 00:18:44+00
4,1321.7,2025-12-08 00:18:45+00
4,1322,2025-12-08 00:18:46+00
4,1311.6,2025-12-08 00:18:47+00
4,1312.9,2025-12-08 00:18:48+00
4,1311.7,2025-12-08 00:18:49+00
4,1317.9,2025-12-08 00:18:50+00
4,1307.6,2025-12-08 00:18:51+00
4,1319.3,2025-12-08 00:18:52+00
4,1314.6,2025-12-08 00:18:53+00
4,1313.6,2025-12-08 00:18:54+00
4,1319.5,2025-12-08 00:18:55+00
4,1350.8,2025-12-08 00:18:56+00
4,1388.6,2025-12-08 00:18:57+00
4,1384.1,2025-12-08 00:18:58+00
4,1375,2025-12-08 00:18:59+00
4,1417.4,2025-12-08 00:19:00+00
4,1416.8,2025-12-08 00:19:01+00
4,1409,2025-12-08 00:19:02+00
4,1420.5,2025-12-08 00:19:03+00
4,1425.2,2025-12-08 00:19:04+00
4,1421,2025-12-08 00:19:05+00
4,1421.2,2025-12-08 00:19:06+00
4,1428.3,2025-12-08 00:19:07+00
4,1421.1,2025-12-08 00:19:08+00
4,1439.2,2025-12-08 00:19:09+00
4,1414.4,2025-12-08 00:19:10+00
4,1427.4,2025-12-08 00:19:11+00
4,1417,2025-12-08 00:19:12+00
4,1374.7,2025-12-08 00:19:13+00
4,1373,2025-12-08 00:19:14+00
4,1387,2025-12-08 00:19:15+00
4,1424,2025-12-08 00:19:16+00
4,1420.7,2025-12-08 00:19:17+00
4,1423.3,2025-12-08 00:19:18+00
4,1415.9,2025-12-08 00:19:19+00
4,1420.7,2025-12-08 00:19:20+00
4,1412.8,2025-12-08 00:19:21+00
4,1419.1,2025-12-08 00:19:22+00
4,1421.1,2025-12-08 00:19:23+00
4,1384,2025-12-08 00:19:24+00
4,1385.3,2025-12-08 00:19:25+00
4,1376.3,2025-12-08 00:19:26+00
4,1388.3,2025-12-08 00:19:27+00
4,1395.3,2025-12-08 00:19:28+00
4,1397.1,2025-12-08 00:19:29+00
4,1382.3,2025-12-08 00:19:30+00
4,1387.4,2025-12-08 00:19:31+00
4,1413.2,2025-12-08 00:19:32+00
4,1423.9,2025-12-08 00:19:33+00
4,1413.5,2025-12-08 00:19:34+00
4,1427.6,2025-12-08 00:19:35+00
4,1412.1,2025-12-08 00:19:36+00
4,1416.9,2025-12-08 00:19:37+00
4,1417.4,2025-12-08 00:19:38+00
4,1418,2025-12-08 00:19:39+00
4,1422.8,2025-12-08 00:19:40+00
4,1417.7,2025-12-08 00:19:41+00
4,1423,2025-12-08 00:19:42+00
4,1420.7,2025-12-08 00:19:43+00
4,1424.5,2025-12-08 00:19:44+00
4,1418.5,2025-12-08 00:19:45+00
4,1417,2025-12-08 00:19:46+00
4,1421.6,2025-12-08 00:19:47+00
4,1459.9,2025-12-08 00:19:48+00
4,1459.7,2025-12-08 00:19:49+00
4,1466.3,2025-12-08 00:19:50+00
4,1472.5,2025-12-08 00:19:51+00
4,1472.3,2025-12-08 00:19:52+00
4,1456.7,2025-12-08 00:19:53+00
4,1448.3,2025-12-08 00:19:54+00
4,1439.1,2025-12-08 00:19:55+00
4,1451.1,2025-12-08 00:19:56+00
4,1417.8,2025-12-08 00:19:57+00
4,1417.2,2025-12-08 00:19:58+00
4,1430.1,2025-12-08 00:19:59+00
4,680.2,2025-12-08 00:20:00+00
4,683.5,2025-12-08 00:20:01+00
4,662.1,2025-12-08 00:20:02+00
4,669.2,2025-12-08 00:20:03+00
4,661.9,2025-12-08 00:20:04+00
4,667.3,2025-12-08 00:20:05+00
4,669.2,2025-12-08 00:20:06+00
4,674.4,2025-12-08 00:20:07+00
4,664.3,2025-12-08 00:20:08+00
4,669.6,2025-12-08 00:20:09+00
4,674.4,2025-12-08 00:20:10+00
4,671.5,2025-12-08 00:20:11+00
4,673,2025-12-08 00:20:12+00
4,670.7,2025-12-08 00:20:13+00
4,670.1,2025-12-08 00:20:14+00
4,668.9,2025-12-08 00:20:15+00
4,677.8,2025-12-08 00:20:16+00
4,660.5,2025-12-08 00:20:17+00
4,675.4,2025-12-08 00:20:18+00
4,685.9,2025-12-08 00:20:19+00
4,671.5,2025-12-08 00:20:20+00
4,666.6,2025-12-08 00:20:21+00
4,663.4,2025-12-08 00:20:22+00
4,670.7,2025-12-08 00:20:23+00
4,661,2025-12-08 00:20:24+00
4,664.1,2025-12-08 00:20:25+00
4,666.2,2025-12-08 00:20:26+00
4,678.7,2025-12-08 00:20:27+00
4,681,2025-12-08 00:20:28+00
4,664,2025-12-08 00:20:29+00
4,668.1,2025-12-08 00:20:30+00
4,661.6,2025-12-08 00:20:31+00
4,669,2025-12-08 00:20:32+00
4,787.6,2025-12-08 00:20:33+00
4,769.4,2025-12-08 00:20:34+00
4,772.6,2025-12-08 00:20:35+00
4,757.2,2025-12-08 00:20:36+00
4,674.2,2025-12-08 00:20:37+00
4,760.4,2025-12-08 00:20:38+00
4,812.6,2025-12-08 00:20:39+00
4,767.8,2025-12-08 00:20:40+00
4,770.8,2025-12-08 00:20:41+00
4,701.9,2025-12-08 00:20:42+00
4,704.8,2025-12-08 00:20:43+00
4,766.1,2025-12-08 00:20:44+00
4,763.8,2025-12-08 00:20:45+00
4,763.5,2025-12-08 00:20:46+00
4,768.8,2025-12-08 00:20:47+00
4,763.9,2025-12-08 00:20:48+00
4,759.8,2025-12-08 00:20:49+00
4,774.5,2025-12-08 00:20:50+00
4,769.6,2025-12-08 00:20:51+00
4,701.1,2025-12-08 00:20:52+00
4,695.7,2025-12-08 00:20:53+00
4,697,2025-12-08 00:20:54+00
4,696.6,2025-12-08 00:20:55+00
4,687.6,2025-12-08 00:20:56+00
4,704.4,2025-12-08 00:20:57+00
4,703.4,2025-12-08 00:20:58+00
4,696,2025-12-08 00:20:59+00
4,1178.8,2025-12-08 00:21:00+00
4,1163.1,2025-12-08 00:21:01+00
4,1171.6,2025-12-08 00:21:02+00
4,1171.4,2025-12-08 00:21:03+00
4,1169,2025-12-08 00:21:04+00
4,989.2,2025-12-08 00:21:05+00
4,1140.7,2025-12-08 00:21:06+00
4,980.1,2025-12-08 00:21:07+00
4,958.4,2025-12-08 00:21:08+00
4,1028.4,2025-12-08 00:21:09+00
4,969,2025-12-08 00:21:10+00
4,1031.1,2025-12-08 00:21:11+00
4,1034.6,2025-12-08 00:21:12+00
4,1073.3,2025-12-08 00:21:13+00
4,1089.5,2025-12-08 00:21:14+00
4,1113.8,2025-12-08 00:21:15+00
4,1129.1,2025-12-08 00:21:16+00
4,1154.8,2025-12-08 00:21:17+00
4,1170.1,2025-12-08 00:21:18+00
4,1176,2025-12-08 00:21:19+00
4,1176,2025-12-08 00:21:20+00
4,1192.2,2025-12-08 00:21:21+00
4,1194.3,2025-12-08 00:21:22+00
4,1202.6,2025-12-08 00:21:23+00
4,1204.8,2025-12-08 00:21:24+00
4,1197.1,2025-12-08 00:21:25+00
4,1198.7,2025-12-08 00:21:26+00
4,1202.8,2025-12-08 00:21:27+00
4,1196.3,2025-12-08 00:21:28+00
4,1205.3,2025-12-08 00:21:29+00
4,1195.7,2025-12-08 00:21:30+00
4,1203.2,2025-12-08 00:21:31+00
4,1194.2,2025-12-08 00:21:32+00
4,1185.4,2025-12-08 00:21:33+00
4,1207.4,2025-12-08 00:21:34+00
4,1202.3,2025-12-08 00:21:35+00
4,1197.3,2025-12-08 00:21:36+00
4,1197.3,2025-12-08 00:21:37+00
4,1203.6,2025-12-08 00:21:38+00
4,1200.7,2025-12-08 00:21:39+00
4,1198.3,2025-12-08 00:21:40+00
4,1203.3,2025-12-08 00:21:41+00
4,1215,2025-12-08 00:21:42+00
4,1207.8,2025-12-08 00:21:43+00
4,1214.3,2025-12-08 00:21:44+00
4,1203.9,2025-12-08 00:21:45+00
4,1205.6,2025-12-08 00:21:46+00
4,1222.4,2025-12-08 00:21:47+00
4,1224.9,2025-12-08 00:21:48+00
4,1221.2,2025-12-08 00:21:49+00
4,1216.2,2025-12-08 00:21:50+00
4,1228.1,2025-12-08 00:21:51+00
4,1219.9,2025-12-08 00:21:52+00
4,1224.7,2025-12-08 00:21:53+00
4,1210.9,2025-12-08 00:21:54+00
4,1225.1,2025-12-08 00:21:55+00
4,1229.4,2025-12-08 00:21:56+00
4,1232.6,2025-12-08 00:21:57+00
4,1221.7,2025-12-08 00:21:58+00
4,1251.5,2025-12-08 00:21:59+00
4,1227.1,2025-12-08 00:22:00+00
4,1230,2025-12-08 00:22:01+00
4,1219.5,2025-12-08 00:22:02+00
4,1228,2025-12-08 00:22:03+00
4,1227.3,2025-12-08 00:22:04+00
4,1232.2,2025-12-08 00:22:05+00
4,1231.6,2025-12-08 00:22:06+00
4,1229.8,2025-12-08 00:22:07+00
4,1217.1,2025-12-08 00:22:08+00
4,1221,2025-12-08 00:22:09+00
4,1223.2,2025-12-08 00:22:10+00
4,1229.6,2025-12-08 00:22:11+00
4,1228.4,2025-12-08 00:22:12+00
4,1227,2025-12-08 00:22:13+00
4,1220.1,2025-12-08 00:22:14+00
4,1235,2025-12-08 00:22:15+00
4,1222.4,2025-12-08 00:22:16+00
4,1223.9,2025-12-08 00:22:17+00
4,1207.5,2025-12-08 00:22:18+00
4,1229.9,2025-12-08 00:22:19+00
4,1232.5,2025-12-08 00:22:20+00
4,1231.4,2025-12-08 00:22:21+00
4,1228.8,2025-12-08 00:22:22+00
4,1234.4,2025-12-08 00:22:23+00
4,1219.9,2025-12-08 00:22:24+00
4,1225.8,2025-12-08 00:22:25+00
4,1225.5,2025-12-08 00:22:26+00
4,1218.2,2025-12-08 00:22:27+00
4,1224.5,2025-12-08 00:22:28+00
4,1222.7,2025-12-08 00:22:29+00
4,1217.4,2025-12-08 00:22:30+00
4,1228.4,2025-12-08 00:22:31+00
4,1224.7,2025-12-08 00:22:32+00
4,1220.6,2025-12-08 00:22:33+00
4,1217.1,2025-12-08 00:22:34+00
4,1233.7,2025-12-08 00:22:35+00
4,1217.7,2025-12-08 00:22:36+00
4,1226.3,2025-12-08 00:22:37+00
4,1229.5,2025-12-08 00:22:38+00
4,1230,2025-12-08 00:22:39+00
4,1223.9,2025-12-08 00:22:40+00
4,1230.7,2025-12-08 00:22:41+00
4,1218.3,2025-12-08 00:22:42+00
4,1215.4,2025-12-08 00:22:43+00
4,1223,2025-12-08 00:22:44+00
4,1217,2025-12-08 00:22:45+00
4,1218.3,2025-12-08 00:22:46+00
4,1223.6,2025-12-08 00:22:47+00
4,1223.1,2025-12-08 00:22:48+00
4,1228.5,2025-12-08 00:22:49+00
4,1222,2025-12-08 00:22:50+00
4,1230.7,2025-12-08 00:22:51+00
4,1213.8,2025-12-08 00:22:52+00
4,1227.3,2025-12-08 00:22:53+00
4,1231.7,2025-12-08 00:22:54+00
4,1212.9,2025-12-08 00:22:55+00
4,1218.7,2025-12-08 00:22:56+00
4,1220.4,2025-12-08 00:22:57+00
4,1220,2025-12-08 00:22:58+00
4,1234.9,2025-12-08 00:22:59+00
4,1313.8,2025-12-08 00:23:00+00
4,1313.4,2025-12-08 00:23:01+00
4,1312.6,2025-12-08 00:23:02+00
4,1312.5,2025-12-08 00:23:03+00
4,1317.6,2025-12-08 00:23:04+00
4,1315.1,2025-12-08 00:23:05+00
4,1326,2025-12-08 00:23:06+00
4,1324.5,2025-12-08 00:23:07+00
4,1317.1,2025-12-08 00:23:08+00
4,1313.2,2025-12-08 00:23:09+00
4,1310.6,2025-12-08 00:23:10+00
4,1314.6,2025-12-08 00:23:11+00
4,1317.6,2025-12-08 00:23:12+00
4,1315,2025-12-08 00:23:13+00
4,1313.9,2025-12-08 00:23:14+00
4,1316.7,2025-12-08 00:23:15+00
4,1315.9,2025-12-08 00:23:16+00
4,1312.8,2025-12-08 00:23:17+00
4,1325.1,2025-12-08 00:23:18+00
4,1221.1,2025-12-08 00:23:19+00
4,1218.8,2025-12-08 00:23:20+00
4,1220.5,2025-12-08 00:23:21+00
4,1231,2025-12-08 00:23:22+00
4,1306.6,2025-12-08 00:23:23+00
4,1307.5,2025-12-08 00:23:24+00
4,1321.8,2025-12-08 00:23:25+00
4,1310.7,2025-12-08 00:23:26+00
4,1308.1,2025-12-08 00:23:27+00
4,1316.1,2025-12-08 00:23:28+00
4,1315.3,2025-12-08 00:23:29+00
4,1314,2025-12-08 00:23:30+00
4,1324.4,2025-12-08 00:23:31+00
4,1318.6,2025-12-08 00:23:32+00
4,1323.3,2025-12-08 00:23:33+00
4,1335.3,2025-12-08 00:23:34+00
4,1324.5,2025-12-08 00:23:35+00
4,1316.8,2025-12-08 00:23:36+00
4,1320.5,2025-12-08 00:23:37+00
4,1319.2,2025-12-08 00:23:38+00
4,1324.4,2025-12-08 00:23:39+00
4,1327.6,2025-12-08 00:23:40+00
4,1315.1,2025-12-08 00:23:41+00
4,1325.1,2025-12-08 00:23:42+00
4,1317.5,2025-12-08 00:23:43+00
4,1328,2025-12-08 00:23:44+00
4,1320.5,2025-12-08 00:23:45+00
4,1317.9,2025-12-08 00:23:46+00
4,1322.6,2025-12-08 00:23:47+00
4,1314.6,2025-12-08 00:23:48+00
4,1315.9,2025-12-08 00:23:49+00
4,1314.7,2025-12-08 00:23:50+00
4,1309.7,2025-12-08 00:23:51+00
4,1318.5,2025-12-08 00:23:52+00
4,1318.1,2025-12-08 00:23:53+00
4,1311.9,2025-12-08 00:23:54+00
4,1320.3,2025-12-08 00:23:55+00
4,1346.3,2025-12-08 00:23:56+00
4,1389.2,2025-12-08 00:23:57+00
4,1389.2,2025-12-08 00:23:58+00
4,1376.5,2025-12-08 00:23:59+00
4,1415,2025-12-08 00:24:00+00
4,1427.3,2025-12-08 00:24:01+00
4,1414.8,2025-12-08 00:24:02+00
4,1417.7,2025-12-08 00:24:03+00
4,1425.8,2025-12-08 00:24:04+00
4,1415.8,2025-12-08 00:24:05+00
4,1416.4,2025-12-08 00:24:06+00
4,1416.9,2025-12-08 00:24:07+00
4,1413.8,2025-12-08 00:24:08+00
4,1415.3,2025-12-08 00:24:09+00
4,1420,2025-12-08 00:24:10+00
4,1417.1,2025-12-08 00:24:11+00
4,1418.9,2025-12-08 00:24:12+00
4,1383.7,2025-12-08 00:24:13+00
4,1371.8,2025-12-08 00:24:14+00
4,1380.5,2025-12-08 00:24:15+00
4,1413.5,2025-12-08 00:24:16+00
4,1418.1,2025-12-08 00:24:17+00
4,1420.8,2025-12-08 00:24:18+00
4,1418.2,2025-12-08 00:24:19+00
4,1411.8,2025-12-08 00:24:20+00
4,1425,2025-12-08 00:24:21+00
4,1418.7,2025-12-08 00:24:22+00
4,1420.1,2025-12-08 00:24:23+00
4,1379.1,2025-12-08 00:24:24+00
4,1386.8,2025-12-08 00:24:25+00
4,1391.3,2025-12-08 00:24:26+00
4,1389.5,2025-12-08 00:24:27+00
4,1384.2,2025-12-08 00:24:28+00
4,1396.4,2025-12-08 00:24:29+00
4,1393.4,2025-12-08 00:24:30+00
4,1364.9,2025-12-08 00:24:31+00
4,1425,2025-12-08 00:24:32+00
4,1419.7,2025-12-08 00:24:33+00
4,1422.9,2025-12-08 00:24:34+00
4,1424.4,2025-12-08 00:24:35+00
4,1419,2025-12-08 00:24:36+00
4,1412.8,2025-12-08 00:24:37+00
4,1412.8,2025-12-08 00:24:38+00
4,1420.2,2025-12-08 00:24:39+00
4,1422.2,2025-12-08 00:24:40+00
4,1410,2025-12-08 00:24:41+00
4,1427,2025-12-08 00:24:42+00
4,1416.3,2025-12-08 00:24:43+00
4,1406.5,2025-12-08 00:24:44+00
4,1420.7,2025-12-08 00:24:45+00
4,1420.4,2025-12-08 00:24:46+00
4,1423.6,2025-12-08 00:24:47+00
4,1468.6,2025-12-08 00:24:48+00
4,1456.1,2025-12-08 00:24:49+00
4,1479.2,2025-12-08 00:24:50+00
4,1476,2025-12-08 00:24:51+00
4,1466.2,2025-12-08 00:24:52+00
4,1455.3,2025-12-08 00:24:53+00
4,1451.8,2025-12-08 00:24:54+00
4,1454.6,2025-12-08 00:24:55+00
4,1462.6,2025-12-08 00:24:56+00
4,1416.5,2025-12-08 00:24:57+00
4,1409.8,2025-12-08 00:24:58+00
4,1411.3,2025-12-08 00:24:59+00
4,675.3,2025-12-08 00:25:00+00
4,683.3,2025-12-08 00:25:01+00
4,668.8,2025-12-08 00:25:02+00
4,666.1,2025-12-08 00:25:03+00
4,670.5,2025-12-08 00:25:04+00
4,664.3,2025-12-08 00:25:05+00
4,672.3,2025-12-08 00:25:06+00
4,666.7,2025-12-08 00:25:07+00
4,667.8,2025-12-08 00:25:08+00
4,677,2025-12-08 00:25:09+00
4,681.4,2025-12-08 00:25:10+00
4,661.5,2025-12-08 00:25:11+00
4,676.6,2025-12-08 00:25:12+00
4,659.8,2025-12-08 00:25:13+00
4,659.3,2025-12-08 00:25:14+00
4,670.6,2025-12-08 00:25:15+00
4,671.7,2025-12-08 00:25:16+00
4,674.1,2025-12-08 00:25:17+00
4,676.1,2025-12-08 00:25:18+00
4,676,2025-12-08 00:25:19+00
4,676.8,2025-12-08 00:25:20+00
4,673.9,2025-12-08 00:25:21+00
4,663.3,2025-12-08 00:25:22+00
4,658.5,2025-12-08 00:25:23+00
4,656.5,2025-12-08 00:25:24+00
4,659.1,2025-12-08 00:25:25+00
4,666.9,2025-12-08 00:25:26+00
4,682.8,2025-12-08 00:25:27+00
4,671.3,2025-12-08 00:25:28+00
4,663.1,2025-12-08 00:25:29+00
4,664.1,2025-12-08 00:25:30+00
4,659.6,2025-12-08 00:25:31+00
4,664.8,2025-12-08 00:25:32+00
4,800.1,2025-12-08 00:25:33+00
4,766,2025-12-08 00:25:34+00
4,772.2,2025-12-08 00:25:35+00
4,760.7,2025-12-08 00:25:36+00
4,679.4,2025-12-08 00:25:37+00
4,756.1,2025-12-08 00:25:38+00
4,815.7,2025-12-08 00:25:39+00
4,772.7,2025-12-08 00:25:40+00
4,778.1,2025-12-08 00:25:41+00
4,703.2,2025-12-08 00:25:42+00
4,701.6,2025-12-08 00:25:43+00
4,760.7,2025-12-08 00:25:44+00
4,765.4,2025-12-08 00:25:45+00
4,768.1,2025-12-08 00:25:46+00
4,757.3,2025-12-08 00:25:47+00
4,771.8,2025-12-08 00:25:48+00
4,763.6,2025-12-08 00:25:49+00
4,761.8,2025-12-08 00:25:50+00
4,762.1,2025-12-08 00:25:51+00
4,708,2025-12-08 00:25:52+00
4,695.1,2025-12-08 00:25:53+00
4,711.4,2025-12-08 00:25:54+00
4,706.9,2025-12-08 00:25:55+00
4,699.6,2025-12-08 00:25:56+00
4,695.6,2025-12-08 00:25:57+00
4,708.7,2025-12-08 00:25:58+00
4,708.2,2025-12-08 00:25:59+00
4,1169.5,2025-12-08 00:26:00+00
4,1166.5,2025-12-08 00:26:01+00
4,1170.1,2025-12-08 00:26:02+00
4,1172.4,2025-12-08 00:26:03+00
4,1161.7,2025-12-08 00:26:04+00
4,989.9,2025-12-08 00:26:05+00
4,1143.2,2025-12-08 00:26:06+00
4,979.2,2025-12-08 00:26:07+00
4,959.3,2025-12-08 00:26:08+00
4,1034.1,2025-12-08 00:26:09+00
4,975.5,2025-12-08 00:26:10+00
4,1012,2025-12-08 00:26:11+00
4,1046.1,2025-12-08 00:26:12+00
4,1068.5,2025-12-08 00:26:13+00
4,1096.6,2025-12-08 00:26:14+00
4,1117.2,2025-12-08 00:26:15+00
4,1133.8,2025-12-08 00:26:16+00
4,1158.4,2025-12-08 00:26:17+00
4,1160.6,2025-12-08 00:26:18+00
4,1179.6,2025-12-08 00:26:19+00
4,1195.9,2025-12-08 00:26:20+00
4,1194.6,2025-12-08 00:26:21+00
4,1196.6,2025-12-08 00:26:22+00
4,1198.2,2025-12-08 00:26:23+00
4,1202.2,2025-12-08 00:26:24+00
4,1201,2025-12-08 00:26:25+00
4,1192.6,2025-12-08 00:26:26+00
4,1206.5,2025-12-08 00:26:27+00
4,1200.8,2025-12-08 00:26:28+00
4,1198.4,2025-12-08 00:26:29+00
4,1200,2025-12-08 00:26:30+00
4,1203.1,2025-12-08 00:26:31+00
4,1196.6,2025-12-08 00:26:32+00
4,1201.1,2025-12-08 00:26:33+00
4,1196.6,2025-12-08 00:26:34+00
4,1198.7,2025-12-08 00:26:35+00
4,1203,2025-12-08 00:26:36+00
4,1197.6,2025-12-08 00:26:37+00
4,1191.1,2025-12-08 00:26:38+00
4,1197.2,2025-12-08 00:26:39+00
4,1198,2025-12-08 00:26:40+00
4,1197.2,2025-12-08 00:26:41+00
4,1206.6,2025-12-08 00:26:42+00
4,1213.3,2025-12-08 00:26:43+00
4,1206.3,2025-12-08 00:26:44+00
4,1217.8,2025-12-08 00:26:45+00
4,1215.3,2025-12-08 00:26:46+00
4,1220.2,2025-12-08 00:26:47+00
4,1215,2025-12-08 00:26:48+00
4,1225.2,2025-12-08 00:26:49+00
4,1217.8,2025-12-08 00:26:50+00
4,1221,2025-12-08 00:26:51+00
4,1225.5,2025-12-08 00:26:52+00
4,1227.2,2025-12-08 00:26:53+00
4,1225.6,2025-12-08 00:26:54+00
4,1220,2025-12-08 00:26:55+00
4,1225.4,2025-12-08 00:26:56+00
4,1230.1,2025-12-08 00:26:57+00
4,1223.5,2025-12-08 00:26:58+00
4,1252.5,2025-12-08 00:26:59+00
4,1223.6,2025-12-08 00:27:00+00
4,1224.5,2025-12-08 00:27:01+00
4,1225.6,2025-12-08 00:27:02+00
4,1227.3,2025-12-08 00:27:03+00
4,1212.4,2025-12-08 00:27:04+00
4,1216.1,2025-12-08 00:27:05+00
4,1225.7,2025-12-08 00:27:06+00
4,1224.8,2025-12-08 00:27:07+00
4,1218.7,2025-12-08 00:27:08+00
4,1210.4,2025-12-08 00:27:09+00
4,1214.6,2025-12-08 00:27:10+00
4,1218.5,2025-12-08 00:27:11+00
4,1211.5,2025-12-08 00:27:12+00
4,1221.5,2025-12-08 00:27:13+00
4,1215.3,2025-12-08 00:27:14+00
4,1238.9,2025-12-08 00:27:15+00
4,1214.2,2025-12-08 00:27:16+00
4,1211.3,2025-12-08 00:27:17+00
4,1230.8,2025-12-08 00:27:18+00
4,1219.5,2025-12-08 00:27:19+00
4,1220.9,2025-12-08 00:27:20+00
4,1236.9,2025-12-08 00:27:21+00
4,1231.2,2025-12-08 00:27:22+00
4,1220.7,2025-12-08 00:27:23+00
4,1225,2025-12-08 00:27:24+00
4,1219.6,2025-12-08 00:27:25+00
4,1224.1,2025-12-08 00:27:26+00
4,1216.1,2025-12-08 00:27:27+00
4,1232.6,2025-12-08 00:27:28+00
4,1228.5,2025-12-08 00:27:29+00
4,1222.7,2025-12-08 00:27:30+00
4,1220.7,2025-12-08 00:27:31+00
4,1222.3,2025-12-08 00:27:32+00
4,1222.5,2025-12-08 00:27:33+00
4,1221.5,2025-12-08 00:27:34+00
4,1225.5,2025-12-08 00:27:35+00
4,1210.7,2025-12-08 00:27:36+00
4,1222.6,2025-12-08 00:27:37+00
4,1218.2,2025-12-08 00:27:38+00
4,1218.9,2025-12-08 00:27:39+00
4,1224.6,2025-12-08 00:27:40+00
4,1225.7,2025-12-08 00:27:41+00
4,1211.6,2025-12-08 00:27:42+00
4,1229.2,2025-12-08 00:27:43+00
4,1216.6,2025-12-08 00:27:44+00
4,1212,2025-12-08 00:27:45+00
4,1216.7,2025-12-08 00:27:46+00
4,1227.5,2025-12-08 00:27:47+00
4,1220.2,2025-12-08 00:27:48+00
4,1224.7,2025-12-08 00:27:49+00
4,1221.2,2025-12-08 00:27:50+00
4,1208.9,2025-12-08 00:27:51+00
4,1229.3,2025-12-08 00:27:52+00
4,1229.7,2025-12-08 00:27:53+00
4,1222.4,2025-12-08 00:27:54+00
4,1214.4,2025-12-08 00:27:55+00
4,1214.5,2025-12-08 00:27:56+00
4,1223,2025-12-08 00:27:57+00
4,1228.5,2025-12-08 00:27:58+00
4,1222.6,2025-12-08 00:27:59+00
4,1318.8,2025-12-08 00:28:00+00
4,1303.5,2025-12-08 00:28:01+00
4,1314.8,2025-12-08 00:28:02+00
4,1316.1,2025-12-08 00:28:03+00
4,1316.2,2025-12-08 00:28:04+00
4,1321,2025-12-08 00:28:05+00
4,1309.2,2025-12-08 00:28:06+00
4,1317.5,2025-12-08 00:28:07+00
4,1312.5,2025-12-08 00:28:08+00
4,1321,2025-12-08 00:28:09+00
4,1314.9,2025-12-08 00:28:10+00
4,1317.4,2025-12-08 00:28:11+00
4,1307.3,2025-12-08 00:28:12+00
4,1320.5,2025-12-08 00:28:13+00
4,1312.1,2025-12-08 00:28:14+00
4,1322.5,2025-12-08 00:28:15+00
4,1318.4,2025-12-08 00:28:16+00
4,1316.5,2025-12-08 00:28:17+00
4,1320.5,2025-12-08 00:28:18+00
4,1226.8,2025-12-08 00:28:19+00
4,1219.5,2025-12-08 00:28:20+00
4,1225.8,2025-12-08 00:28:21+00
4,1227.9,2025-12-08 00:28:22+00
4,1322.5,2025-12-08 00:28:23+00
4,1307.7,2025-12-08 00:28:24+00
4,1313.3,2025-12-08 00:28:25+00
4,1313.9,2025-12-08 00:28:26+00
4,1306.3,2025-12-08 00:28:27+00
4,1319.4,2025-12-08 00:28:28+00
4,1314.5,2025-12-08 00:28:29+00
4,1312.3,2025-12-08 00:28:30+00
4,1313.5,2025-12-08 00:28:31+00
4,1323,2025-12-08 00:28:32+00
4,1331.4,2025-12-08 00:28:33+00
4,1320.8,2025-12-08 00:28:34+00
4,1338.1,2025-12-08 00:28:35+00
4,1303.3,2025-12-08 00:28:36+00
4,1315.1,2025-12-08 00:28:37+00
4,1330.5,2025-12-08 00:28:38+00
4,1323.3,2025-12-08 00:28:39+00
4,1325.1,2025-12-08 00:28:40+00
4,1323.4,2025-12-08 00:28:41+00
4,1315.2,2025-12-08 00:28:42+00
4,1320.1,2025-12-08 00:28:43+00
4,1322.8,2025-12-08 00:28:44+00
4,1321.4,2025-12-08 00:28:45+00
4,1325.1,2025-12-08 00:28:46+00
4,1305.8,2025-12-08 00:28:47+00
4,1312.3,2025-12-08 00:28:48+00
4,1307.7,2025-12-08 00:28:49+00
4,1324,2025-12-08 00:28:50+00
4,1312.4,2025-12-08 00:28:51+00
4,1312,2025-12-08 00:28:52+00
4,1315.7,2025-12-08 00:28:53+00
4,1328.8,2025-12-08 00:28:54+00
4,1318.1,2025-12-08 00:28:55+00
4,1357.5,2025-12-08 00:28:56+00
4,1397.2,2025-12-08 00:28:57+00
4,1380.9,2025-12-08 00:28:58+00
4,1381.7,2025-12-08 00:28:59+00
4,1424.3,2025-12-08 00:29:00+00
4,1416.3,2025-12-08 00:29:01+00
4,1432.2,2025-12-08 00:29:02+00
4,1412.1,2025-12-08 00:29:03+00
4,1413.1,2025-12-08 00:29:04+00
4,1407.2,2025-12-08 00:29:05+00
4,1420.3,2025-12-08 00:29:06+00
4,1416.7,2025-12-08 00:29:07+00
4,1412.6,2025-12-08 00:29:08+00
4,1412.7,2025-12-08 00:29:09+00
4,1412.9,2025-12-08 00:29:10+00
4,1417.7,2025-12-08 00:29:11+00
4,1415,2025-12-08 00:29:12+00
4,1365.2,2025-12-08 00:29:13+00
4,1374.4,2025-12-08 00:29:14+00
4,1387.1,2025-12-08 00:29:15+00
4,1419.5,2025-12-08 00:29:16+00
4,1414.8,2025-12-08 00:29:17+00
4,1416.7,2025-12-08 00:29:18+00
4,1414.8,2025-12-08 00:29:19+00
4,1423.9,2025-12-08 00:29:20+00
4,1417.3,2025-12-08 00:29:21+00
4,1424.9,2025-12-08 00:29:22+00
4,1416.6,2025-12-08 00:29:23+00
4,1381,2025-12-08 00:29:24+00
4,1387.2,2025-12-08 00:29:25+00
4,1378.5,2025-12-08 00:29:26+00
4,1385.6,2025-12-08 00:29:27+00
4,1389,2025-12-08 00:29:28+00
4,1395.4,2025-12-08 00:29:29+00
4,1385,2025-12-08 00:29:30+00
4,1388.7,2025-12-08 00:29:31+00
4,1424.8,2025-12-08 00:29:32+00
4,1426.2,2025-12-08 00:29:33+00
4,1418.2,2025-12-08 00:29:34+00
4,1420.7,2025-12-08 00:29:35+00
4,1416.8,2025-12-08 00:29:36+00
4,1413.5,2025-12-08 00:29:37+00
4,1413.8,2025-12-08 00:29:38+00
4,1416.2,2025-12-08 00:29:39+00
4,1421.7,2025-12-08 00:29:40+00
4,1428.2,2025-12-08 00:29:41+00
4,1415.9,2025-12-08 00:29:42+00
4,1419.7,2025-12-08 00:29:43+00
4,1415.3,2025-12-08 00:29:44+00
4,1423.7,2025-12-08 00:29:45+00
4,1418.2,2025-12-08 00:29:46+00
4,1418.2,2025-12-08 00:29:47+00
4,1462.7,2025-12-08 00:29:48+00
4,1460.4,2025-12-08 00:29:49+00
4,1462.6,2025-12-08 00:29:50+00
4,1466.9,2025-12-08 00:29:51+00
4,1471.9,2025-12-08 00:29:52+00
4,1467.7,2025-12-08 00:29:53+00
4,1452.4,2025-12-08 00:29:54+00
4,1470.4,2025-12-08 00:29:55+00
4,1466.3,2025-12-08 00:29:56+00
4,1420.5,2025-12-08 00:29:57+00
4,1416.4,2025-12-08 00:29:58+00
4,1421.2,2025-12-08 00:29:59+00
4,670,2025-12-08 00:30:00+00
4,673.5,2025-12-08 00:30:01+00
4,672.3,2025-12-08 00:30:02+00
4,672.3,2025-12-08 00:30:03+00
4,671.9,2025-12-08 00:30:04+00
4,657.2,2025-12-08 00:30:05+00
4,663.1,2025-12-08 00:30:06+00
4,669.4,2025-12-08 00:30:07+00
4,662.8,2025-12-08 00:30:08+00
4,676.2,2025-12-08 00:30:09+00
4,669.2,2025-12-08 00:30:10+00
4,671.4,2025-12-08 00:30:11+00
4,669.9,2025-12-08 00:30:12+00
4,659.9,2025-12-08 00:30:13+00
4,657.9,2025-12-08 00:30:14+00
4,661.1,2025-12-08 00:30:15+00
4,674.7,2025-12-08 00:30:16+00
4,673.9,2025-12-08 00:30:17+00
4,671.3,2025-12-08 00:30:18+00
4,677,2025-12-08 00:30:19+00
4,670.9,2025-12-08 00:30:20+00
4,670.5,2025-12-08 00:30:21+00
4,664.8,2025-12-08 00:30:22+00
4,665.5,2025-12-08 00:30:23+00
4,665.2,2025-12-08 00:30:24+00
4,658.2,2025-12-08 00:30:25+00
4,658.1,2025-12-08 00:30:26+00
4,676.7,2025-12-08 00:30:27+00
4,659,2025-12-08 00:30:28+00
4,666,2025-12-08 00:30:29+00
4,670,2025-12-08 00:30:30+00
4,661.6,2025-12-08 00:30:31+00
4,669.9,2025-12-08 00:30:32+00
4,795.5,2025-12-08 00:30:33+00
4,765.9,2025-12-08 00:30:34+00
4,770.3,2025-12-08 00:30:35+00
4,767.4,2025-12-08 00:30:36+00
4,676.2,2025-12-08 00:30:37+00
4,755.4,2025-12-08 00:30:38+00
4,816,2025-12-08 00:30:39+00
4,782.9,2025-12-08 00:30:40+00
4,765.3,2025-12-08 00:30:41+00
4,693.1,2025-12-08 00:30:42+00
4,705.2,2025-12-08 00:30:43+00
4,755.3,2025-12-08 00:30:44+00
4,763.4,2025-12-08 00:30:45+00
4,766.3,2025-12-08 00:30:46+00
4,764.5,2025-12-08 00:30:47+00
4,769.1,2025-12-08 00:30:48+00
4,758,2025-12-08 00:30:49+00
4,759.2,2025-12-08 00:30:50+00
4,765.7,2025-12-08 00:30:51+00
4,711.5,2025-12-08 00:30:52+00
4,714.3,2025-12-08 00:30:53+00
4,706.9,2025-12-08 00:30:54+00
4,709.1,2025-12-08 00:30:55+00
4,696.3,2025-12-08 00:30:56+00
4,702.2,2025-12-08 00:30:57+00
4,704,2025-12-08 00:30:58+00
4,693.8,2025-12-08 00:30:59+00
4,1168.1,2025-12-08 00:31:00+00
4,1166.6,2025-12-08 00:31:01+00
4,1172.9,2025-12-08 00:31:02+00
4,1164.4,2025-12-08 00:31:03+00
4,1170.1,2025-12-08 00:31:04+00
4,984,2025-12-08 00:31:05+00
4,1132.4,2025-12-08 00:31:06+00
4,975.5,2025-12-08 00:31:07+00
4,961.4,2025-12-08 00:31:08+00
4,1030.4,2025-12-08 00:31:09+00
4,972.7,2025-12-08 00:31:10+00
4,1017.5,2025-12-08 00:31:11+00
4,1039.3,2025-12-08 00:31:12+00
4,1065.8,2025-12-08 00:31:13+00
4,1105,2025-12-08 00:31:14+00
4,1114.8,2025-12-08 00:31:15+00
4,1135.4,2025-12-08 00:31:16+00
4,1150.1,2025-12-08 00:31:17+00
4,1167.3,2025-12-08 00:31:18+00
4,1181.4,2025-12-08 00:31:19+00
4,1186.7,2025-12-08 00:31:20+00
4,1194.6,2025-12-08 00:31:21+00
4,1187,2025-12-08 00:31:22+00
4,1192.4,2025-12-08 00:31:23+00
4,1206.7,2025-12-08 00:31:24+00
4,1200,2025-12-08 00:31:25+00
4,1199.1,2025-12-08 00:31:26+00
4,1202.4,2025-12-08 00:31:27+00
4,1198.3,2025-12-08 00:31:28+00
4,1200.3,2025-12-08 00:31:29+00
4,1197.8,2025-12-08 00:31:30+00
4,1208.6,2025-12-08 00:31:31+00
4,1196.2,2025-12-08 00:31:32+00
4,1198.3,2025-12-08 00:31:33+00
4,1204,2025-12-08 00:31:34+00
4,1203.1,2025-12-08 00:31:35+00
4,1205.8,2025-12-08 00:31:36+00
4,1199.4,2025-12-08 00:31:37+00
4,1197.5,2025-12-08 00:31:38+00
4,1184.4,2025-12-08 00:31:39+00
4,1199.3,2025-12-08 00:31:40+00
4,1195.5,2025-12-08 00:31:41+00
4,1214.6,2025-12-08 00:31:42+00
4,1202,2025-12-08 00:31:43+00
4,1201.6,2025-12-08 00:31:44+00
4,1213.2,2025-12-08 00:31:45+00
4,1218.2,2025-12-08 00:31:46+00
4,1214.9,2025-12-08 00:31:47+00
4,1222.3,2025-12-08 00:31:48+00
4,1222.9,2025-12-08 00:31:49+00
4,1211.3,2025-12-08 00:31:50+00
4,1220.6,2025-12-08 00:31:51+00
4,1229.2,2025-12-08 00:31:52+00
4,1224.8,2025-12-08 00:31:53+00
4,1227.5,2025-12-08 00:31:54+00
4,1221.6,2025-12-08 00:31:55+00
4,1217.6,2025-12-08 00:31:56+00
4,1227.1,2025-12-08 00:31:57+00
4,1222.4,2025-12-08 00:31:58+00
4,1247.1,2025-12-08 00:31:59+00
4,1228.8,2025-12-08 00:32:00+00
4,1221.7,2025-12-08 00:32:01+00
4,1216.9,2025-12-08 00:32:02+00
4,1222.9,2025-12-08 00:32:03+00
4,1216.7,2025-12-08 00:32:04+00
4,1224.3,2025-12-08 00:32:05+00
4,1212.6,2025-12-08 00:32:06+00
4,1231.5,2025-12-08 00:32:07+00
4,1205.5,2025-12-08 00:32:08+00
4,1201.5,2025-12-08 00:32:09+00
4,1218.3,2025-12-08 00:32:10+00
4,1221.3,2025-12-08 00:32:11+00
4,1217.4,2025-12-08 00:32:12+00
4,1213.8,2025-12-08 00:32:13+00
4,1217.4,2025-12-08 00:32:14+00
4,1224.8,2025-12-08 00:32:15+00
4,1213,2025-12-08 00:32:16+00
4,1218.8,2025-12-08 00:32:17+00
4,1216.5,2025-12-08 00:32:18+00
4,1226,2025-12-08 00:32:19+00
4,1229.8,2025-12-08 00:32:20+00
4,1231.3,2025-12-08 00:32:21+00
4,1211.5,2025-12-08 00:32:22+00
4,1218.6,2025-12-08 00:32:23+00
4,1219.7,2025-12-08 00:32:24+00
4,1212.4,2025-12-08 00:32:25+00
4,1225.7,2025-12-08 00:32:26+00
4,1214.9,2025-12-08 00:32:27+00
4,1226.4,2025-12-08 00:32:28+00
4,1222.3,2025-12-08 00:32:29+00
4,1221.8,2025-12-08 00:32:30+00
4,1225.7,2025-12-08 00:32:31+00
4,1228.3,2025-12-08 00:32:32+00
4,1219.1,2025-12-08 00:32:33+00
4,1217.3,2025-12-08 00:32:34+00
4,1220.6,2025-12-08 00:32:35+00
4,1220.1,2025-12-08 00:32:36+00
4,1228.8,2025-12-08 00:32:37+00
4,1215.7,2025-12-08 00:32:38+00
4,1217.1,2025-12-08 00:32:39+00
4,1227.7,2025-12-08 00:32:40+00
4,1229.1,2025-12-08 00:32:41+00
4,1223.6,2025-12-08 00:32:42+00
4,1221.2,2025-12-08 00:32:43+00
4,1218.5,2025-12-08 00:32:44+00
4,1227.3,2025-12-08 00:32:45+00
4,1234.6,2025-12-08 00:32:46+00
4,1221.2,2025-12-08 00:32:47+00
4,1212.8,2025-12-08 00:32:48+00
4,1232.8,2025-12-08 00:32:49+00
4,1223.2,2025-12-08 00:32:50+00
4,1224.6,2025-12-08 00:32:51+00
4,1229.1,2025-12-08 00:32:52+00
4,1213.7,2025-12-08 00:32:53+00
4,1227.6,2025-12-08 00:32:54+00
4,1221.5,2025-12-08 00:32:55+00
4,1219.6,2025-12-08 00:32:56+00
4,1204.2,2025-12-08 00:32:57+00
4,1225.8,2025-12-08 00:32:58+00
4,1226.5,2025-12-08 00:32:59+00
4,1314.3,2025-12-08 00:33:00+00
4,1317,2025-12-08 00:33:01+00
4,1316.4,2025-12-08 00:33:02+00
4,1303.8,2025-12-08 00:33:03+00
4,1316.4,2025-12-08 00:33:04+00
4,1314.3,2025-12-08 00:33:05+00
4,1320.6,2025-12-08 00:33:06+00
4,1315.9,2025-12-08 00:33:07+00
4,1315.6,2025-12-08 00:33:08+00
4,1311.5,2025-12-08 00:33:09+00
4,1312.5,2025-12-08 00:33:10+00
4,1309.2,2025-12-08 00:33:11+00
4,1326.1,2025-12-08 00:33:12+00
4,1325.2,2025-12-08 00:33:13+00
4,1311.9,2025-12-08 00:33:14+00
4,1313.8,2025-12-08 00:33:15+00
4,1314.6,2025-12-08 00:33:16+00
4,1327.1,2025-12-08 00:33:17+00
4,1317.3,2025-12-08 00:33:18+00
4,1226.2,2025-12-08 00:33:19+00
4,1219,2025-12-08 00:33:20+00
4,1222.9,2025-12-08 00:33:21+00
4,1224.6,2025-12-08 00:33:22+00
4,1311,2025-12-08 00:33:23+00
4,1318.7,2025-12-08 00:33:24+00
4,1319.3,2025-12-08 00:33:25+00
4,1321.3,2025-12-08 00:33:26+00
4,1310.7,2025-12-08 00:33:27+00
4,1316.2,2025-12-08 00:33:28+00
4,1308.8,2025-12-08 00:33:29+00
4,1315.6,2025-12-08 00:33:30+00
4,1322.5,2025-12-08 00:33:31+00
4,1331,2025-12-08 00:33:32+00
4,1324.5,2025-12-08 00:33:33+00
4,1333.4,2025-12-08 00:33:34+00
4,1339.2,2025-12-08 00:33:35+00
4,1311.8,2025-12-08 00:33:36+00
4,1317.7,2025-12-08 00:33:37+00
4,1315,2025-12-08 00:33:38+00
4,1330.2,2025-12-08 00:33:39+00
4,1324.2,2025-12-08 00:33:40+00
4,1323,2025-12-08 00:33:41+00
4,1325.7,2025-12-08 00:33:42+00
4,1318.6,2025-12-08 00:33:43+00
4,1330.3,2025-12-08 00:33:44+00
4,1326.8,2025-12-08 00:33:45+00
4,1317.2,2025-12-08 00:33:46+00
4,1312.8,2025-12-08 00:33:47+00
4,1311.4,2025-12-08 00:33:48+00
4,1323.2,2025-12-08 00:33:49+00
4,1311,2025-12-08 00:33:50+00
4,1312.9,2025-12-08 00:33:51+00
4,1310.1,2025-12-08 00:33:52+00
4,1310.5,2025-12-08 00:33:53+00
4,1317.1,2025-12-08 00:33:54+00
4,1309.9,2025-12-08 00:33:55+00
4,1358,2025-12-08 00:33:56+00
4,1381.8,2025-12-08 00:33:57+00
4,1373.2,2025-12-08 00:33:58+00
4,1386.4,2025-12-08 00:33:59+00
4,1412.5,2025-12-08 00:34:00+00
4,1415.3,2025-12-08 00:34:01+00
4,1416.2,2025-12-08 00:34:02+00
4,1414.1,2025-12-08 00:34:03+00
4,1417.4,2025-12-08 00:34:04+00
4,1423.4,2025-12-08 00:34:05+00
4,1420.5,2025-12-08 00:34:06+00
4,1420,2025-12-08 00:34:07+00
4,1418.7,2025-12-08 00:34:08+00
4,1426.3,2025-12-08 00:34:09+00
4,1421.2,2025-12-08 00:34:10+00
4,1416.1,2025-12-08 00:34:11+00
4,1416.7,2025-12-08 00:34:12+00
4,1389.7,2025-12-08 00:34:13+00
4,1368.3,2025-12-08 00:34:14+00
4,1386.2,2025-12-08 00:34:15+00
4,1423.4,2025-12-08 00:34:16+00
4,1412.4,2025-12-08 00:34:17+00
4,1418.3,2025-12-08 00:34:18+00
4,1423.4,2025-12-08 00:34:19+00
4,1420.8,2025-12-08 00:34:20+00
4,1420.3,2025-12-08 00:34:21+00
4,1422.8,2025-12-08 00:34:22+00
4,1434.9,2025-12-08 00:34:23+00
4,1388.3,2025-12-08 00:34:24+00
4,1387.5,2025-12-08 00:34:25+00
4,1373,2025-12-08 00:34:26+00
4,1393.3,2025-12-08 00:34:27+00
4,1389.5,2025-12-08 00:34:28+00
4,1401.3,2025-12-08 00:34:29+00
4,1387.7,2025-12-08 00:34:30+00
4,1384.8,2025-12-08 00:34:31+00
4,1417.3,2025-12-08 00:34:32+00
4,1418.8,2025-12-08 00:34:33+00
4,1427.7,2025-12-08 00:34:34+00
4,1420.5,2025-12-08 00:34:35+00
4,1416.3,2025-12-08 00:34:36+00
4,1423.6,2025-12-08 00:34:37+00
4,1421.2,2025-12-08 00:34:38+00
4,1421,2025-12-08 00:34:39+00
4,1426,2025-12-08 00:34:40+00
4,1422.3,2025-12-08 00:34:41+00
4,1431.8,2025-12-08 00:34:42+00
4,1422.7,2025-12-08 00:34:43+00
4,1421.1,2025-12-08 00:34:44+00
4,1417.2,2025-12-08 00:34:45+00
4,1415.7,2025-12-08 00:34:46+00
4,1421.2,2025-12-08 00:34:47+00
4,1467.1,2025-12-08 00:34:48+00
4,1461.9,2025-12-08 00:34:49+00
4,1475,2025-12-08 00:34:50+00
4,1465.3,2025-12-08 00:34:51+00
4,1467.4,2025-12-08 00:34:52+00
4,1460.7,2025-12-08 00:34:53+00
4,1459.2,2025-12-08 00:34:54+00
4,1451.1,2025-12-08 00:34:55+00
4,1451.2,2025-12-08 00:34:56+00
4,1427,2025-12-08 00:34:57+00
4,1417.2,2025-12-08 00:34:58+00
4,1415.6,2025-12-08 00:34:59+00
4,664.1,2025-12-08 00:35:00+00
4,679.4,2025-12-08 00:35:01+00
4,667.1,2025-12-08 00:35:02+00
4,678.2,2025-12-08 00:35:03+00
4,664.9,2025-12-08 00:35:04+00
4,663.8,2025-12-08 00:35:05+00
4,673.1,2025-12-08 00:35:06+00
4,671.3,2025-12-08 00:35:07+00
4,663,2025-12-08 00:35:08+00
4,670.1,2025-12-08 00:35:09+00
4,673.6,2025-12-08 00:35:10+00
4,667.5,2025-12-08 00:35:11+00
4,667.4,2025-12-08 00:35:12+00
4,665.4,2025-12-08 00:35:13+00
4,677.4,2025-12-08 00:35:14+00
4,671.2,2025-12-08 00:35:15+00
4,679.1,2025-12-08 00:35:16+00
4,666.1,2025-12-08 00:35:17+00
4,670.9,2025-12-08 00:35:18+00
4,687.3,2025-12-08 00:35:19+00
4,665.9,2025-12-08 00:35:20+00
4,674.1,2025-12-08 00:35:21+00
4,657.6,2025-12-08 00:35:22+00
4,663.7,2025-12-08 00:35:23+00
4,673.2,2025-12-08 00:35:24+00
4,654.3,2025-12-08 00:35:25+00
4,658.6,2025-12-08 00:35:26+00
4,677,2025-12-08 00:35:27+00
4,665.5,2025-12-08 00:35:28+00
4,668.8,2025-12-08 00:35:29+00
4,658,2025-12-08 00:35:30+00
4,671.8,2025-12-08 00:35:31+00
4,661.6,2025-12-08 00:35:32+00
4,790.8,2025-12-08 00:35:33+00
4,766.2,2025-12-08 00:35:34+00
4,771.6,2025-12-08 00:35:35+00
4,758.6,2025-12-08 00:35:36+00
4,680.6,2025-12-08 00:35:37+00
4,761.7,2025-12-08 00:35:38+00
4,813.4,2025-12-08 00:35:39+00
4,766.2,2025-12-08 00:35:40+00
4,783.7,2025-12-08 00:35:41+00
4,701.7,2025-12-08 00:35:42+00
4,701.5,2025-12-08 00:35:43+00
4,767.8,2025-12-08 00:35:44+00
4,765.6,2025-12-08 00:35:45+00
4,770.5,2025-12-08 00:35:46+00
4,767.6,2025-12-08 00:35:47+00
4,763.2,2025-12-08 00:35:48+00
4,774.3,2025-12-08 00:35:49+00
4,771.3,2025-12-08 00:35:50+00
4,775.4,2025-12-08 00:35:51+00
4,700.5,2025-12-08 00:35:52+00
4,693.4,2025-12-08 00:35:53+00
4,705.5,2025-12-08 00:35:54+00
4,695.5,2025-12-08 00:35:55+00
4,705.3,2025-12-08 00:35:56+00
4,694.4,2025-12-08 00:35:57+00
4,701,2025-12-08 00:35:58+00
4,703.6,2025-12-08 00:35:59+00
4,1167.8,2025-12-08 00:36:00+00
4,1168.1,2025-12-08 00:36:01+00
4,1168.4,2025-12-08 00:36:02+00
4,1167,2025-12-08 00:36:03+00
4,1171,2025-12-08 00:36:04+00
4,993.8,2025-12-08 00:36:05+00
4,1131.5,2025-12-08 00:36:06+00
4,976.5,2025-12-08 00:36:07+00
4,949.8,2025-12-08 00:36:08+00
4,1033.4,2025-12-08 00:36:09+00
4,972.9,2025-12-08 00:36:10+00
4,1013.9,2025-12-08 00:36:11+00
4,1052.1,2025-12-08 00:36:12+00
4,1060.5,2025-12-08 00:36:13+00
4,1094.2,2025-12-08 00:36:14+00
4,1113.8,2025-12-08 00:36:15+00
4,1135.1,2025-12-08 00:36:16+00
4,1143.9,2025-12-08 00:36:17+00
4,1157.5,2025-12-08 00:36:18+00
4,1182.8,2025-12-08 00:36:19+00
4,1183.1,2025-12-08 00:36:20+00
4,1197.5,2025-12-08 00:36:21+00
4,1199.5,2025-12-08 00:36:22+00
4,1188,2025-12-08 00:36:23+00
4,1199.9,2025-12-08 00:36:24+00
4,1192.3,2025-12-08 00:36:25+00
4,1192.9,2025-12-08 00:36:26+00
4,1203.4,2025-12-08 00:36:27+00
4,1201.6,2025-12-08 00:36:28+00
4,1204.7,2025-12-08 00:36:29+00
4,1198.1,2025-12-08 00:36:30+00
4,1193.1,2025-12-08 00:36:31+00
4,1196.2,2025-12-08 00:36:32+00
4,1192.5,2025-12-08 00:36:33+00
4,1196.2,2025-12-08 00:36:34+00
4,1199.8,2025-12-08 00:36:35+00
4,1202,2025-12-08 00:36:36+00
4,1192.5,2025-12-08 00:36:37+00
4,1185.4,2025-12-08 00:36:38+00
4,1193.8,2025-12-08 00:36:39+00
4,1194.2,2025-12-08 00:36:40+00
4,1203.6,2025-12-08 00:36:41+00
4,1197.9,2025-12-08 00:36:42+00
4,1210.9,2025-12-08 00:36:43+00
4,1201.8,2025-12-08 00:36:44+00
4,1220.1,2025-12-08 00:36:45+00
4,1224.4,2025-12-08 00:36:46+00
4,1219.8,2025-12-08 00:36:47+00
4,1216.1,2025-12-08 00:36:48+00
4,1223.9,2025-12-08 00:36:49+00
4,1214.7,2025-12-08 00:36:50+00
4,1223.1,2025-12-08 00:36:51+00
4,1219.9,2025-12-08 00:36:52+00
4,1222,2025-12-08 00:36:53+00
4,1234.6,2025-12-08 00:36:54+00
4,1220.9,2025-12-08 00:36:55+00
4,1230.5,2025-12-08 00:36:56+00
4,1228.1,2025-12-08 00:36:57+00
4,1221.2,2025-12-08 00:36:58+00
4,1247.2,2025-12-08 00:36:59+00
4,1217.3,2025-12-08 00:37:00+00
4,1222.7,2025-12-08 00:37:01+00
4,1214.4,2025-12-08 00:37:02+00
4,1215.1,2025-12-08 00:37:03+00
4,1218.1,2025-12-08 00:37:04+00
4,1222,2025-12-08 00:37:05+00
4,1216.8,2025-12-08 00:37:06+00
4,1220.9,2025-12-08 00:37:07+00
4,1214.8,2025-12-08 00:37:08+00
4,1215.4,2025-12-08 00:37:09+00
4,1215.6,2025-12-08 00:37:10+00
4,1219.6,2025-12-08 00:37:11+00
4,1218.2,2025-12-08 00:37:12+00
4,1215,2025-12-08 00:37:13+00
4,1221.6,2025-12-08 00:37:14+00
4,1241.9,2025-12-08 00:37:15+00
4,1206.9,2025-12-08 00:37:16+00
4,1219.1,2025-12-08 00:37:17+00
4,1222.9,2025-12-08 00:37:18+00
4,1231.3,2025-12-08 00:37:19+00
4,1230.2,2025-12-08 00:37:20+00
4,1225.8,2025-12-08 00:37:21+00
4,1218.7,2025-12-08 00:37:22+00
4,1228.5,2025-12-08 00:37:23+00
4,1240.5,2025-12-08 00:37:24+00
4,1216.2,2025-12-08 00:37:25+00
4,1218,2025-12-08 00:37:26+00
4,1219.3,2025-12-08 00:37:27+00
4,1223.2,2025-12-08 00:37:28+00
4,1220.8,2025-12-08 00:37:29+00
4,1224.5,2025-12-08 00:37:30+00
4,1223.9,2025-12-08 00:37:31+00
4,1224.3,2025-12-08 00:37:32+00
4,1211,2025-12-08 00:37:33+00
4,1224.3,2025-12-08 00:37:34+00
4,1228.8,2025-12-08 00:37:35+00
4,1231,2025-12-08 00:37:36+00
4,1226.5,2025-12-08 00:37:37+00
4,1224,2025-12-08 00:37:38+00
4,1226.1,2025-12-08 00:37:39+00
4,1219.5,2025-12-08 00:37:40+00
4,1222.9,2025-12-08 00:37:41+00
4,1218.5,2025-12-08 00:37:42+00
4,1217.3,2025-12-08 00:37:43+00
4,1223.4,2025-12-08 00:37:44+00
4,1211,2025-12-08 00:37:45+00
4,1217.8,2025-12-08 00:37:46+00
4,1218,2025-12-08 00:37:47+00
4,1222.1,2025-12-08 00:37:48+00
4,1225.4,2025-12-08 00:37:49+00
4,1230.8,2025-12-08 00:37:50+00
4,1218.4,2025-12-08 00:37:51+00
4,1223.1,2025-12-08 00:37:52+00
4,1235.4,2025-12-08 00:37:53+00
4,1222.1,2025-12-08 00:37:54+00
4,1206.6,2025-12-08 00:37:55+00
4,1219,2025-12-08 00:37:56+00
4,1228.2,2025-12-08 00:37:57+00
4,1217.3,2025-12-08 00:37:58+00
4,1217.3,2025-12-08 00:37:59+00
4,1318.1,2025-12-08 00:38:00+00
4,1301.6,2025-12-08 00:38:01+00
4,1323.9,2025-12-08 00:38:02+00
4,1314.4,2025-12-08 00:38:03+00
4,1312,2025-12-08 00:38:04+00
4,1319.5,2025-12-08 00:38:05+00
4,1317.9,2025-12-08 00:38:06+00
4,1320.2,2025-12-08 00:38:07+00
4,1305.6,2025-12-08 00:38:08+00
4,1316,2025-12-08 00:38:09+00
4,1318.4,2025-12-08 00:38:10+00
4,1311.2,2025-12-08 00:38:11+00
4,1317.4,2025-12-08 00:38:12+00
4,1322.9,2025-12-08 00:38:13+00
4,1329.2,2025-12-08 00:38:14+00
4,1319.2,2025-12-08 00:38:15+00
4,1327.4,2025-12-08 00:38:16+00
4,1311.2,2025-12-08 00:38:17+00
4,1320.4,2025-12-08 00:38:18+00
4,1226.4,2025-12-08 00:38:19+00
4,1216.4,2025-12-08 00:38:20+00
4,1230.9,2025-12-08 00:38:21+00
4,1229.3,2025-12-08 00:38:22+00
4,1316.8,2025-12-08 00:38:23+00
4,1306.4,2025-12-08 00:38:24+00
4,1312.2,2025-12-08 00:38:25+00
4,1310.3,2025-12-08 00:38:26+00
4,1303.6,2025-12-08 00:38:27+00
4,1318.7,2025-12-08 00:38:28+00
4,1317.2,2025-12-08 00:38:29+00
4,1311,2025-12-08 00:38:30+00
4,1314.9,2025-12-08 00:38:31+00
4,1315.8,2025-12-08 00:38:32+00
4,1332.1,2025-12-08 00:38:33+00
4,1331,2025-12-08 00:38:34+00
4,1330.1,2025-12-08 00:38:35+00
4,1303.4,2025-12-08 00:38:36+00
4,1307.1,2025-12-08 00:38:37+00
4,1316.6,2025-12-08 00:38:38+00
4,1324.7,2025-12-08 00:38:39+00
4,1325.2,2025-12-08 00:38:40+00
4,1313.6,2025-12-08 00:38:41+00
4,1323.8,2025-12-08 00:38:42+00
4,1322.3,2025-12-08 00:38:43+00
4,1328.4,2025-12-08 00:38:44+00
4,1324,2025-12-08 00:38:45+00
4,1315.5,2025-12-08 00:38:46+00
4,1315.5,2025-12-08 00:38:47+00
4,1324.7,2025-12-08 00:38:48+00
4,1311.4,2025-12-08 00:38:49+00
4,1314.7,2025-12-08 00:38:50+00
4,1316.3,2025-12-08 00:38:51+00
4,1321.8,2025-12-08 00:38:52+00
4,1322.9,2025-12-08 00:38:53+00
4,1318.8,2025-12-08 00:38:54+00
4,1315.2,2025-12-08 00:38:55+00
4,1351.6,2025-12-08 00:38:56+00
4,1393.8,2025-12-08 00:38:57+00
4,1389.6,2025-12-08 00:38:58+00
4,1383.7,2025-12-08 00:38:59+00
4,1419.2,2025-12-08 00:39:00+00
4,1416.8,2025-12-08 00:39:01+00
4,1414.2,2025-12-08 00:39:02+00
4,1420.9,2025-12-08 00:39:03+00
4,1415.2,2025-12-08 00:39:04+00
4,1414.4,2025-12-08 00:39:05+00
4,1417.3,2025-12-08 00:39:06+00
4,1417.7,2025-12-08 00:39:07+00
4,1411.7,2025-12-08 00:39:08+00
4,1409.6,2025-12-08 00:39:09+00
4,1420.3,2025-12-08 00:39:10+00
4,1416.8,2025-12-08 00:39:11+00
4,1419.5,2025-12-08 00:39:12+00
4,1381,2025-12-08 00:39:13+00
4,1381.7,2025-12-08 00:39:14+00
4,1377.3,2025-12-08 00:39:15+00
4,1416.7,2025-12-08 00:39:16+00
4,1419.3,2025-12-08 00:39:17+00
4,1413.7,2025-12-08 00:39:18+00
4,1419.5,2025-12-08 00:39:19+00
4,1411.9,2025-12-08 00:39:20+00
4,1421.3,2025-12-08 00:39:21+00
4,1427,2025-12-08 00:39:22+00
4,1410.4,2025-12-08 00:39:23+00
4,1387.4,2025-12-08 00:39:24+00
4,1387.6,2025-12-08 00:39:25+00
4,1378.3,2025-12-08 00:39:26+00
4,1381.2,2025-12-08 00:39:27+00
4,1390.8,2025-12-08 00:39:28+00
4,1394.9,2025-12-08 00:39:29+00
4,1384.1,2025-12-08 00:39:30+00
4,1373.7,2025-12-08 00:39:31+00
4,1414.3,2025-12-08 00:39:32+00
4,1426.1,2025-12-08 00:39:33+00
4,1417.2,2025-12-08 00:39:34+00
4,1410.4,2025-12-08 00:39:35+00
4,1416.6,2025-12-08 00:39:36+00
4,1413.8,2025-12-08 00:39:37+00
4,1424.2,2025-12-08 00:39:38+00
4,1416.7,2025-12-08 00:39:39+00
4,1429.1,2025-12-08 00:39:40+00
4,1414.8,2025-12-08 00:39:41+00
4,1407.6,2025-12-08 00:39:42+00
4,1413.8,2025-12-08 00:39:43+00
4,1418.5,2025-12-08 00:39:44+00
4,1427.1,2025-12-08 00:39:45+00
4,1411.6,2025-12-08 00:39:46+00
4,1422.8,2025-12-08 00:39:47+00
4,1461.8,2025-12-08 00:39:48+00
4,1457.7,2025-12-08 00:39:49+00
4,1467.8,2025-12-08 00:39:50+00
4,1460.9,2025-12-08 00:39:51+00
4,1470.8,2025-12-08 00:39:52+00
4,1456.3,2025-12-08 00:39:53+00
4,1459.2,2025-12-08 00:39:54+00
4,1456.3,2025-12-08 00:39:55+00
4,1454.8,2025-12-08 00:39:56+00
4,1411,2025-12-08 00:39:57+00
4,1414.8,2025-12-08 00:39:58+00
4,1411.6,2025-12-08 00:39:59+00
4,641.533905,2025-12-08 00:40:00+00
4,643.233905,2025-12-08 00:40:01+00
4,643.633905,2025-12-08 00:40:02+00
4,643.733905,2025-12-08 00:40:03+00
4,668.833905,2025-12-08 00:40:04+00
4,657.833905,2025-12-08 00:40:05+00
4,657.233905,2025-12-08 00:40:06+00
4,658.733905,2025-12-08 00:40:07+00
4,658.533905,2025-12-08 00:40:08+00
4,658.233905,2025-12-08 00:40:09+00
4,655.133905,2025-12-08 00:40:10+00
4,611.333905,2025-12-08 00:40:11+00
4,611.433905,2025-12-08 00:40:12+00
4,515.633905,2025-12-08 00:40:13+00
4,514.833905,2025-12-08 00:40:14+00
4,516.033905,2025-12-08 00:40:15+00
4,513.133905,2025-12-08 00:40:16+00
4,511.533905,2025-12-08 00:40:17+00
4,513.833905,2025-12-08 00:40:18+00
4,516.733905,2025-12-08 00:40:19+00
4,552.233905,2025-12-08 00:40:20+00
4,602.833905,2025-12-08 00:40:21+00
4,613.433905,2025-12-08 00:40:22+00
4,612.733905,2025-12-08 00:40:23+00
4,612.833905,2025-12-08 00:40:24+00
4,614.633905,2025-12-08 00:40:25+00
4,614.433905,2025-12-08 00:40:26+00
4,618.433905,2025-12-08 00:40:27+00
4,622.733905,2025-12-08 00:40:28+00
4,621.933905,2025-12-08 00:40:29+00
4,629.433905,2025-12-08 00:40:30+00
4,625.733905,2025-12-08 00:40:31+00
4,622.733905,2025-12-08 00:40:32+00
4,629.533905,2025-12-08 00:40:33+00
4,630.933905,2025-12-08 00:40:34+00
4,628.733905,2025-12-08 00:40:35+00
4,633.833905,2025-12-08 00:40:36+00
4,633.133905,2025-12-08 00:40:37+00
4,633.233905,2025-12-08 00:40:38+00
4,638.533905,2025-12-08 00:40:39+00
4,637.733905,2025-12-08 00:40:40+00
4,637.133905,2025-12-08 00:40:41+00
4,639.533905,2025-12-08 00:40:42+00
4,637.633905,2025-12-08 00:40:43+00
4,637.233905,2025-12-08 00:40:44+00
4,646.933905,2025-12-08 00:40:45+00
4,639.133905,2025-12-08 00:40:46+00
4,639.733905,2025-12-08 00:40:47+00
4,640.333905,2025-12-08 00:40:48+00
4,638.133905,2025-12-08 00:40:49+00
4,639.833905,2025-12-08 00:40:50+00
4,638.633905,2025-12-08 00:40:51+00
4,639.333905,2025-12-08 00:40:52+00
4,639.733905,2025-12-08 00:40:53+00
4,640.733905,2025-12-08 00:40:54+00
4,640.433905,2025-12-08 00:40:55+00
4,638.833905,2025-12-08 00:40:56+00
4,657.033905,2025-12-08 00:40:57+00
4,646.833905,2025-12-08 00:40:58+00
4,645.733905,2025-12-08 00:40:59+00
4,665.233905,2025-12-08 00:41:00+00
4,653.733905,2025-12-08 00:41:01+00
4,645.533905,2025-12-08 00:41:02+00
4,643.933905,2025-12-08 00:41:03+00
4,640.133905,2025-12-08 00:41:04+00
4,656.233905,2025-12-08 00:41:05+00
4,643.533905,2025-12-08 00:41:06+00
4,642.133905,2025-12-08 00:41:07+00
4,641.933905,2025-12-08 00:41:08+00
4,642.033905,2025-12-08 00:41:09+00
4,640.233905,2025-12-08 00:41:10+00
4,644.033905,2025-12-08 00:41:11+00
4,642.233905,2025-12-08 00:41:12+00
4,642.033905,2025-12-08 00:41:13+00
4,642.933905,2025-12-08 00:41:14+00
4,651.833905,2025-12-08 00:41:15+00
4,642.733905,2025-12-08 00:41:16+00
4,642.733905,2025-12-08 00:41:17+00
4,643.133905,2025-12-08 00:41:18+00
4,648.033905,2025-12-08 00:41:19+00
4,646.933905,2025-12-08 00:41:20+00
4,641.433905,2025-12-08 00:41:21+00
4,640.233905,2025-12-08 00:41:22+00
4,651.433905,2025-12-08 00:41:23+00
4,642.833905,2025-12-08 00:41:24+00
4,640.133905,2025-12-08 00:41:25+00
4,643.833905,2025-12-08 00:41:26+00
4,643.833905,2025-12-08 00:41:27+00
4,643.433905,2025-12-08 00:41:28+00
4,643.233905,2025-12-08 00:41:29+00
4,640.533905,2025-12-08 00:41:30+00
4,640.633905,2025-12-08 00:41:31+00
4,641.433905,2025-12-08 00:41:32+00
4,642.733905,2025-12-08 00:41:33+00
4,642.933905,2025-12-08 00:41:34+00
4,641.533905,2025-12-08 00:41:35+00
4,640.033905,2025-12-08 00:41:36+00
4,642.033905,2025-12-08 00:41:37+00
4,640.833905,2025-12-08 00:41:38+00
4,638.833905,2025-12-08 00:41:39+00
4,635.833905,2025-12-08 00:41:40+00
4,640.633905,2025-12-08 00:41:41+00
4,641.033905,2025-12-08 00:41:42+00
4,658.033905,2025-12-08 00:41:43+00
4,641.633905,2025-12-08 00:41:44+00
4,637.933905,2025-12-08 00:41:45+00
4,637.333905,2025-12-08 00:41:46+00
4,640.433905,2025-12-08 00:41:47+00
4,645.133905,2025-12-08 00:41:48+00
4,643.033905,2025-12-08 00:41:49+00
4,639.133905,2025-12-08 00:41:50+00
4,639.633905,2025-12-08 00:41:51+00
4,639.833905,2025-12-08 00:41:52+00
4,639.733905,2025-12-08 00:41:53+00
4,642.233905,2025-12-08 00:41:54+00
4,650.933905,2025-12-08 00:41:55+00
4,639.633905,2025-12-08 00:41:56+00
4,638.433905,2025-12-08 00:41:57+00
4,641.933905,2025-12-08 00:41:58+00
4,642.633905,2025-12-08 00:41:59+00
4,643.533905,2025-12-08 00:42:00+00
4,652.433905,2025-12-08 00:42:01+00
4,643.733905,2025-12-08 00:42:02+00
4,644.533905,2025-12-08 00:42:03+00
4,644.833905,2025-12-08 00:42:04+00
4,641.833905,2025-12-08 00:42:05+00
4,643.233905,2025-12-08 00:42:06+00
4,638.233905,2025-12-08 00:42:07+00
4,637.633905,2025-12-08 00:42:08+00
4,641.533905,2025-12-08 00:42:09+00
4,639.433905,2025-12-08 00:42:10+00
4,658.533905,2025-12-08 00:42:11+00
4,645.433905,2025-12-08 00:42:12+00
4,646.133905,2025-12-08 00:42:13+00
4,647.133905,2025-12-08 00:42:14+00
4,647.733905,2025-12-08 00:42:15+00
4,650.233905,2025-12-08 00:42:16+00
4,645.433905,2025-12-08 00:42:17+00
4,647.233905,2025-12-08 00:42:18+00
4,652.433905,2025-12-08 00:42:19+00
4,648.933905,2025-12-08 00:42:20+00
4,652.633905,2025-12-08 00:42:21+00
4,647.433905,2025-12-08 00:42:22+00
4,646.133905,2025-12-08 00:42:23+00
4,648.233905,2025-12-08 00:42:24+00
4,659.833905,2025-12-08 00:42:25+00
4,644.133905,2025-12-08 00:42:26+00
4,640.233905,2025-12-08 00:42:27+00
4,643.033905,2025-12-08 00:42:28+00
4,638.633905,2025-12-08 00:42:29+00
4,640.833905,2025-12-08 00:42:30+00
4,639.133905,2025-12-08 00:42:31+00
4,638.633905,2025-12-08 00:42:32+00
4,637.133905,2025-12-08 00:42:33+00
4,643.433905,2025-12-08 00:42:34+00
4,638.733905,2025-12-08 00:42:35+00
4,639.733905,2025-12-08 00:42:36+00
4,643.233905,2025-12-08 00:42:37+00
4,637.533905,2025-12-08 00:42:38+00
4,636.833905,2025-12-08 00:42:39+00
4,640.333905,2025-12-08 00:42:40+00
4,638.033905,2025-12-08 00:42:41+00
4,640.233905,2025-12-08 00:42:42+00
4,639.833905,2025-12-08 00:42:43+00
4,638.033905,2025-12-08 00:42:44+00
4,637.633905,2025-12-08 00:42:45+00
4,639.633905,2025-12-08 00:42:46+00
4,643.833905,2025-12-08 00:42:47+00
4,640.633905,2025-12-08 00:42:48+00
4,638.733905,2025-12-08 00:42:49+00
4,647.933905,2025-12-08 00:42:50+00
4,637.833905,2025-12-08 00:42:51+00
4,639.333905,2025-12-08 00:42:52+00
4,638.633905,2025-12-08 00:42:53+00
4,640.933905,2025-12-08 00:42:54+00
4,637.733905,2025-12-08 00:42:55+00
4,636.233905,2025-12-08 00:42:56+00
4,636.433905,2025-12-08 00:42:57+00
4,639.133905,2025-12-08 00:42:58+00
4,636.633905,2025-12-08 00:42:59+00
4,638.833905,2025-12-08 00:43:00+00
4,641.233905,2025-12-08 00:43:01+00
4,645.433905,2025-12-08 00:43:02+00
4,650.533905,2025-12-08 00:43:03+00
4,644.933905,2025-12-08 00:43:04+00
4,650.033905,2025-12-08 00:43:05+00
4,641.533905,2025-12-08 00:43:06+00
4,646.233905,2025-12-08 00:43:07+00
4,653.033905,2025-12-08 00:43:08+00
4,637.333905,2025-12-08 00:43:09+00
4,639.133905,2025-12-08 00:43:10+00
4,638.733905,2025-12-08 00:43:11+00
4,639.933905,2025-12-08 00:43:12+00
4,640.833905,2025-12-08 00:43:13+00
4,638.533905,2025-12-08 00:43:14+00
4,639.133905,2025-12-08 00:43:15+00
4,637.133905,2025-12-08 00:43:16+00
4,637.433905,2025-12-08 00:43:17+00
4,640.533905,2025-12-08 00:43:18+00
4,642.933905,2025-12-08 00:43:19+00
4,637.733905,2025-12-08 00:43:20+00
4,646.933905,2025-12-08 00:43:21+00
4,635.833905,2025-12-08 00:43:22+00
4,638.933905,2025-12-08 00:43:23+00
4,636.933905,2025-12-08 00:43:24+00
4,643.033905,2025-12-08 00:43:25+00
4,633.733905,2025-12-08 00:43:26+00
4,635.033905,2025-12-08 00:43:27+00
4,640.233905,2025-12-08 00:43:28+00
4,634.933905,2025-12-08 00:43:29+00
4,637.033905,2025-12-08 00:43:30+00
4,651.133905,2025-12-08 00:43:31+00
4,635.333905,2025-12-08 00:43:32+00
4,640.633905,2025-12-08 00:43:33+00
4,639.633905,2025-12-08 00:43:34+00
4,637.933905,2025-12-08 00:43:35+00
4,646.033905,2025-12-08 00:43:36+00
4,638.633905,2025-12-08 00:43:37+00
4,639.133905,2025-12-08 00:43:38+00
4,642.133905,2025-12-08 00:43:39+00
4,639.533905,2025-12-08 00:43:40+00
4,636.733905,2025-12-08 00:43:41+00
4,637.433905,2025-12-08 00:43:42+00
4,637.633905,2025-12-08 00:43:43+00
4,642.733905,2025-12-08 00:43:44+00
4,640.733905,2025-12-08 00:43:45+00
4,638.933905,2025-12-08 00:43:46+00
4,638.833905,2025-12-08 00:43:47+00
4,640.733905,2025-12-08 00:43:48+00
4,642.933905,2025-12-08 00:43:49+00
4,638.633905,2025-12-08 00:43:50+00
4,638.833905,2025-12-08 00:43:51+00
4,640.633905,2025-12-08 00:43:52+00
4,636.033905,2025-12-08 00:43:53+00
4,638.033905,2025-12-08 00:43:54+00
4,634.633905,2025-12-08 00:43:55+00
4,649.833905,2025-12-08 00:43:56+00
4,639.633905,2025-12-08 00:43:57+00
4,635.333905,2025-12-08 00:43:58+00
4,635.333905,2025-12-08 00:43:59+00
4,642.533905,2025-12-08 00:44:00+00
4,636.833905,2025-12-08 00:44:01+00
4,644.933905,2025-12-08 00:44:02+00
4,649.033905,2025-12-08 00:44:03+00
4,641.733905,2025-12-08 00:44:04+00
4,644.033905,2025-12-08 00:44:05+00
4,645.433905,2025-12-08 00:44:06+00
4,637.533905,2025-12-08 00:44:07+00
4,641.933905,2025-12-08 00:44:08+00
4,638.133905,2025-12-08 00:44:09+00
4,639.033905,2025-12-08 00:44:10+00
4,635.733905,2025-12-08 00:44:11+00
4,636.233905,2025-12-08 00:44:12+00
4,636.333905,2025-12-08 00:44:13+00
4,755.333905,2025-12-08 00:44:14+00
4,742.233905,2025-12-08 00:44:15+00
4,739.033905,2025-12-08 00:44:16+00
4,738.933905,2025-12-08 00:44:17+00
4,739.333905,2025-12-08 00:44:18+00
4,740.033905,2025-12-08 00:44:19+00
4,738.033905,2025-12-08 00:44:20+00
4,740.133905,2025-12-08 00:44:21+00
4,734.233905,2025-12-08 00:44:22+00
4,732.633905,2025-12-08 00:44:23+00
4,727.833905,2025-12-08 00:44:24+00
4,726.633905,2025-12-08 00:44:25+00
4,727.733905,2025-12-08 00:44:26+00
4,729.033905,2025-12-08 00:44:27+00
4,726.733905,2025-12-08 00:44:28+00
4,725.933905,2025-12-08 00:44:29+00
4,727.733905,2025-12-08 00:44:30+00
4,725.833905,2025-12-08 00:44:31+00
4,728.233905,2025-12-08 00:44:32+00
4,729.133905,2025-12-08 00:44:33+00
4,727.633905,2025-12-08 00:44:34+00
4,727.933905,2025-12-08 00:44:35+00
4,728.333905,2025-12-08 00:44:36+00
4,725.833905,2025-12-08 00:44:37+00
4,730.533905,2025-12-08 00:44:38+00
4,734.633905,2025-12-08 00:44:39+00
4,729.533905,2025-12-08 00:44:40+00
4,728.833905,2025-12-08 00:44:41+00
4,745.533905,2025-12-08 00:44:42+00
4,766.433905,2025-12-08 00:44:43+00
4,742.833905,2025-12-08 00:44:44+00
4,738.933905,2025-12-08 00:44:45+00
4,739.033905,2025-12-08 00:44:46+00
4,739.633905,2025-12-08 00:44:47+00
4,739.833905,2025-12-08 00:44:48+00
4,738.433905,2025-12-08 00:44:49+00
4,744.333905,2025-12-08 00:44:50+00
4,740.833905,2025-12-08 00:44:51+00
4,741.733905,2025-12-08 00:44:52+00
4,741.233905,2025-12-08 00:44:53+00
4,740.633905,2025-12-08 00:44:54+00
4,740.833905,2025-12-08 00:44:55+00
4,742.633905,2025-12-08 00:44:56+00
4,744.833905,2025-12-08 00:44:57+00
4,747.333905,2025-12-08 00:44:58+00
4,742.833905,2025-12-08 00:44:59+00
4,744.733905,2025-12-08 00:45:00+00
4,742.633905,2025-12-08 00:45:01+00
4,744.433905,2025-12-08 00:45:02+00
4,745.233905,2025-12-08 00:45:03+00
4,739.833905,2025-12-08 00:45:04+00
4,744.633905,2025-12-08 00:45:05+00
4,743.733905,2025-12-08 00:45:06+00
4,736.733905,2025-12-08 00:45:07+00
4,741.033905,2025-12-08 00:45:08+00
4,742.133905,2025-12-08 00:45:09+00
4,740.933905,2025-12-08 00:45:10+00
4,742.333905,2025-12-08 00:45:11+00
4,742.533905,2025-12-08 00:45:12+00
4,727.733905,2025-12-08 00:45:13+00
4,1007.633905,2025-12-08 00:45:14+00
4,1082.433905,2025-12-08 00:45:15+00
4,947.033905,2025-12-08 00:45:16+00
4,945.533905,2025-12-08 00:45:17+00
4,1024.033905,2025-12-08 00:45:18+00
4,959.833905,2025-12-08 00:45:19+00
4,1008.533905,2025-12-08 00:45:20+00
4,1037.333905,2025-12-08 00:45:21+00
4,1056.633905,2025-12-08 00:45:22+00
4,1084.333905,2025-12-08 00:45:23+00
4,1104.733905,2025-12-08 00:45:24+00
4,1125.633905,2025-12-08 00:45:25+00
4,1142.733905,2025-12-08 00:45:26+00
4,1160.633905,2025-12-08 00:45:27+00
4,1176.533905,2025-12-08 00:45:28+00
4,1181.633905,2025-12-08 00:45:29+00
4,1185.933905,2025-12-08 00:45:30+00
4,1189.233905,2025-12-08 00:45:31+00
4,1196.033905,2025-12-08 00:45:32+00
4,1195.433905,2025-12-08 00:45:33+00
4,1194.833905,2025-12-08 00:45:34+00
4,1194.233905,2025-12-08 00:45:35+00
4,1197.133905,2025-12-08 00:45:36+00
4,1193.733905,2025-12-08 00:45:37+00
4,1193.133905,2025-12-08 00:45:38+00
4,1195.433905,2025-12-08 00:45:39+00
4,1194.933905,2025-12-08 00:45:40+00
4,1191.633905,2025-12-08 00:45:41+00
4,1190.833905,2025-12-08 00:45:42+00
4,1189.833905,2025-12-08 00:45:43+00
4,1192.833905,2025-12-08 00:45:44+00
4,1191.533905,2025-12-08 00:45:45+00
4,1188.533905,2025-12-08 00:45:46+00
4,1190.333905,2025-12-08 00:45:47+00
4,1192.433905,2025-12-08 00:45:48+00
4,1194.533905,2025-12-08 00:45:49+00
4,1195.533905,2025-12-08 00:45:50+00
4,1198.833905,2025-12-08 00:45:51+00
4,1200.833905,2025-12-08 00:45:52+00
4,1202.133905,2025-12-08 00:45:53+00
4,1205.233905,2025-12-08 00:45:54+00
4,1208.833905,2025-12-08 00:45:55+00
4,1210.433905,2025-12-08 00:45:56+00
4,1213.533905,2025-12-08 00:45:57+00
4,1226.933905,2025-12-08 00:45:58+00
4,1211.733905,2025-12-08 00:45:59+00
4,1213.433905,2025-12-08 00:46:00+00
4,1217.733905,2025-12-08 00:46:01+00
4,1215.633905,2025-12-08 00:46:02+00
4,1216.733905,2025-12-08 00:46:03+00
4,1216.333905,2025-12-08 00:46:04+00
4,1214.833905,2025-12-08 00:46:05+00
4,1215.433905,2025-12-08 00:46:06+00
4,1214.533905,2025-12-08 00:46:07+00
4,1212.233905,2025-12-08 00:46:08+00
4,1232.533905,2025-12-08 00:46:09+00
4,1215.033905,2025-12-08 00:46:10+00
4,1215.133905,2025-12-08 00:46:11+00
4,1212.633905,2025-12-08 00:46:12+00
4,1213.433905,2025-12-08 00:46:13+00
4,1213.833905,2025-12-08 00:46:14+00
4,1211.133905,2025-12-08 00:46:15+00
4,1211.033905,2025-12-08 00:46:16+00
4,1212.233905,2025-12-08 00:46:17+00
4,1211.633905,2025-12-08 00:46:18+00
4,1236.933905,2025-12-08 00:46:19+00
4,1218.833905,2025-12-08 00:46:20+00
4,1220.133905,2025-12-08 00:46:21+00
4,1214.233905,2025-12-08 00:46:22+00
4,1215.333905,2025-12-08 00:46:23+00
4,1216.633905,2025-12-08 00:46:24+00
4,1214.933905,2025-12-08 00:46:25+00
4,1216.133905,2025-12-08 00:46:26+00
4,1219.533905,2025-12-08 00:46:27+00
4,1219.733905,2025-12-08 00:46:28+00
4,1219.933905,2025-12-08 00:46:29+00
4,1221.933905,2025-12-08 00:46:30+00
4,1216.933905,2025-12-08 00:46:31+00
4,1218.033905,2025-12-08 00:46:32+00
4,1221.933905,2025-12-08 00:46:33+00
4,1222.333905,2025-12-08 00:46:34+00
4,1217.033905,2025-12-08 00:46:35+00
4,1218.933905,2025-12-08 00:46:36+00
4,1217.133905,2025-12-08 00:46:37+00
4,1222.033905,2025-12-08 00:46:38+00
4,1222.133905,2025-12-08 00:46:39+00
4,1221.333905,2025-12-08 00:46:40+00
4,1218.233905,2025-12-08 00:46:41+00
4,1220.733905,2025-12-08 00:46:42+00
4,1219.333905,2025-12-08 00:46:43+00
4,1220.433905,2025-12-08 00:46:44+00
4,1217.733905,2025-12-08 00:46:45+00
4,1215.833905,2025-12-08 00:46:46+00
4,1217.533905,2025-12-08 00:46:47+00
4,1218.733905,2025-12-08 00:46:48+00
4,1211.333905,2025-12-08 00:46:49+00
4,1214.333905,2025-12-08 00:46:50+00
4,1216.233905,2025-12-08 00:46:51+00
4,1211.933905,2025-12-08 00:46:52+00
4,1216.333905,2025-12-08 00:46:53+00
4,1218.333905,2025-12-08 00:46:54+00
4,1212.833905,2025-12-08 00:46:55+00
4,1213.333905,2025-12-08 00:46:56+00
4,1218.533905,2025-12-08 00:46:57+00
4,1213.233905,2025-12-08 00:46:58+00
4,1217.233905,2025-12-08 00:46:59+00
4,1217.533905,2025-12-08 00:47:00+00
4,1226.633905,2025-12-08 00:47:01+00
4,1219.233905,2025-12-08 00:47:02+00
4,1215.333905,2025-12-08 00:47:03+00
4,1216.333905,2025-12-08 00:47:04+00
4,1201.733905,2025-12-08 00:47:05+00
4,1204.433905,2025-12-08 00:47:06+00
4,1203.033905,2025-12-08 00:47:07+00
4,1210.033905,2025-12-08 00:47:08+00
4,1208.833905,2025-12-08 00:47:09+00
4,1208.833905,2025-12-08 00:47:10+00
4,1204.033905,2025-12-08 00:47:11+00
4,1205.233905,2025-12-08 00:47:12+00
4,1212.733905,2025-12-08 00:47:13+00
4,1207.933905,2025-12-08 00:47:14+00
4,1204.633905,2025-12-08 00:47:15+00
4,1200.233905,2025-12-08 00:47:16+00
4,1204.833905,2025-12-08 00:47:17+00
4,1205.633905,2025-12-08 00:47:18+00
4,1209.633905,2025-12-08 00:47:19+00
4,1209.833905,2025-12-08 00:47:20+00
4,1206.833905,2025-12-08 00:47:21+00
4,1200.833905,2025-12-08 00:47:22+00
4,1217.433905,2025-12-08 00:47:23+00
4,1202.733905,2025-12-08 00:47:24+00
4,1201.133905,2025-12-08 00:47:25+00
4,1161.133905,2025-12-08 00:47:26+00
4,1163.033905,2025-12-08 00:47:27+00
4,1160.333905,2025-12-08 00:47:28+00
4,1158.933905,2025-12-08 00:47:29+00
4,1160.333905,2025-12-08 00:47:30+00
4,1156.533905,2025-12-08 00:47:31+00
4,1159.333905,2025-12-08 00:47:32+00
4,1160.933905,2025-12-08 00:47:33+00
4,1160.133905,2025-12-08 00:47:34+00
4,1158.933905,2025-12-08 00:47:35+00
4,1162.233905,2025-12-08 00:47:36+00
4,1160.533905,2025-12-08 00:47:37+00
4,1160.933905,2025-12-08 00:47:38+00
4,1160.933905,2025-12-08 00:47:39+00
4,1157.933905,2025-12-08 00:47:40+00
4,1167.833905,2025-12-08 00:47:41+00
4,1158.533905,2025-12-08 00:47:42+00
4,1158.433905,2025-12-08 00:47:43+00
4,1159.733905,2025-12-08 00:47:44+00
4,1157.433905,2025-12-08 00:47:45+00
4,1159.633905,2025-12-08 00:47:46+00
4,1163.133905,2025-12-08 00:47:47+00
4,1161.433905,2025-12-08 00:47:48+00
4,1157.333905,2025-12-08 00:47:49+00
4,1158.133905,2025-12-08 00:47:50+00
4,1157.733905,2025-12-08 00:47:51+00
4,1155.933905,2025-12-08 00:47:52+00
4,1167.433905,2025-12-08 00:47:53+00
4,1155.533905,2025-12-08 00:47:54+00
4,1162.633905,2025-12-08 00:47:55+00
4,1154.933905,2025-12-08 00:47:56+00
4,1155.133905,2025-12-08 00:47:57+00
4,1168.533905,2025-12-08 00:47:58+00
4,1157.033905,2025-12-08 00:47:59+00
4,1158.033905,2025-12-08 00:48:00+00
4,1172.833905,2025-12-08 00:48:01+00
4,1160.433905,2025-12-08 00:48:02+00
4,1155.333905,2025-12-08 00:48:03+00
4,1227.133905,2025-12-08 00:48:04+00
4,1260.633905,2025-12-08 00:48:05+00
4,1259.733905,2025-12-08 00:48:06+00
4,1249.233905,2025-12-08 00:48:07+00
4,1251.233905,2025-12-08 00:48:08+00
4,1249.833905,2025-12-08 00:48:09+00
4,1250.333905,2025-12-08 00:48:10+00
4,1257.633905,2025-12-08 00:48:11+00
4,1254.933905,2025-12-08 00:48:12+00
4,1251.333905,2025-12-08 00:48:13+00
4,1253.133905,2025-12-08 00:48:14+00
4,1251.733905,2025-12-08 00:48:15+00
4,1250.133905,2025-12-08 00:48:16+00
4,1252.733905,2025-12-08 00:48:17+00
4,1255.233905,2025-12-08 00:48:18+00
4,1268.233905,2025-12-08 00:48:19+00
4,1260.933905,2025-12-08 00:48:20+00
4,1250.933905,2025-12-08 00:48:21+00
4,1248.433905,2025-12-08 00:48:22+00
4,1254.533905,2025-12-08 00:48:23+00
4,1261.033905,2025-12-08 00:48:24+00
4,1258.333905,2025-12-08 00:48:25+00
4,1257.433905,2025-12-08 00:48:26+00
4,1254.533905,2025-12-08 00:48:27+00
4,1249.433905,2025-12-08 00:48:28+00
4,1261.633905,2025-12-08 00:48:29+00
4,1251.233905,2025-12-08 00:48:30+00
4,1251.133905,2025-12-08 00:48:31+00
4,1251.633905,2025-12-08 00:48:32+00
4,1251.233905,2025-12-08 00:48:33+00
4,1252.333905,2025-12-08 00:48:34+00
4,1250.433905,2025-12-08 00:48:35+00
4,1250.033905,2025-12-08 00:48:36+00
4,1249.333905,2025-12-08 00:48:37+00
4,1251.933905,2025-12-08 00:48:38+00
4,1252.533905,2025-12-08 00:48:39+00
4,1255.533905,2025-12-08 00:48:40+00
4,1250.533905,2025-12-08 00:48:41+00
4,1249.033905,2025-12-08 00:48:42+00
4,1249.633905,2025-12-08 00:48:43+00
4,1250.433905,2025-12-08 00:48:44+00
4,1256.133905,2025-12-08 00:48:45+00
4,1249.633905,2025-12-08 00:48:46+00
4,1248.533905,2025-12-08 00:48:47+00
4,1249.733905,2025-12-08 00:48:48+00
4,1248.533905,2025-12-08 00:48:49+00
4,1248.533905,2025-12-08 00:48:50+00
4,1249.533905,2025-12-08 00:48:51+00
4,1248.233905,2025-12-08 00:48:52+00
4,1252.233905,2025-12-08 00:48:53+00
4,1250.933905,2025-12-08 00:48:54+00
4,1249.033905,2025-12-08 00:48:55+00
4,1247.833905,2025-12-08 00:48:56+00
4,1257.133905,2025-12-08 00:48:57+00
4,1258.233905,2025-12-08 00:48:58+00
4,1248.833905,2025-12-08 00:48:59+00
4,1252.433905,2025-12-08 00:49:00+00
4,1252.933905,2025-12-08 00:49:01+00
4,1256.833905,2025-12-08 00:49:02+00
4,1252.633905,2025-12-08 00:49:03+00
4,1253.233905,2025-12-08 00:49:04+00
4,1251.233905,2025-12-08 00:49:05+00
4,1253.333905,2025-12-08 00:49:06+00
4,1250.533905,2025-12-08 00:49:07+00
4,1253.533905,2025-12-08 00:49:08+00
4,1251.033905,2025-12-08 00:49:09+00
4,1249.833905,2025-12-08 00:49:10+00
4,1251.233905,2025-12-08 00:49:11+00
4,1253.033905,2025-12-08 00:49:12+00
4,1248.633905,2025-12-08 00:49:13+00
4,1251.033905,2025-12-08 00:49:14+00
4,1255.333905,2025-12-08 00:49:15+00
4,1252.033905,2025-12-08 00:49:16+00
4,1251.633905,2025-12-08 00:49:17+00
4,1251.633905,2025-12-08 00:49:18+00
4,1252.833905,2025-12-08 00:49:19+00
4,1254.833905,2025-12-08 00:49:20+00
4,1259.033905,2025-12-08 00:49:21+00
4,1249.133905,2025-12-08 00:49:22+00
4,1254.033905,2025-12-08 00:49:23+00
4,1250.133905,2025-12-08 00:49:24+00
4,1250.533905,2025-12-08 00:49:25+00
4,1251.533905,2025-12-08 00:49:26+00
4,1249.333905,2025-12-08 00:49:27+00
4,1250.433905,2025-12-08 00:49:28+00
4,1251.233905,2025-12-08 00:49:29+00
4,1251.533905,2025-12-08 00:49:30+00
4,1250.733905,2025-12-08 00:49:31+00
4,1257.433905,2025-12-08 00:49:32+00
4,1260.233905,2025-12-08 00:49:33+00
4,1257.533905,2025-12-08 00:49:34+00
4,1260.033905,2025-12-08 00:49:35+00
4,1258.233905,2025-12-08 00:49:36+00
4,1253.433905,2025-12-08 00:49:37+00
4,1252.333905,2025-12-08 00:49:38+00
4,1250.833905,2025-12-08 00:49:39+00
4,1254.133905,2025-12-08 00:49:40+00
4,1253.333905,2025-12-08 00:49:41+00
4,1291.133905,2025-12-08 00:49:42+00
4,1343.633905,2025-12-08 00:49:43+00
4,1332.833905,2025-12-08 00:49:44+00
4,1332.933905,2025-12-08 00:49:45+00
4,1329.633905,2025-12-08 00:49:46+00
4,1330.833905,2025-12-08 00:49:47+00
4,1330.233905,2025-12-08 00:49:48+00
4,1328.033905,2025-12-08 00:49:49+00
4,1330.133905,2025-12-08 00:49:50+00
4,1331.133905,2025-12-08 00:49:51+00
4,1331.933905,2025-12-08 00:49:52+00
4,1332.333905,2025-12-08 00:49:53+00
4,1331.833905,2025-12-08 00:49:54+00
4,1331.433905,2025-12-08 00:49:55+00
4,1334.433905,2025-12-08 00:49:56+00
4,1332.733905,2025-12-08 00:49:57+00
4,1347.633905,2025-12-08 00:49:58+00
4,1336.833905,2025-12-08 00:49:59+00
4,1337.833905,2025-12-08 00:50:00+00
4,1334.933905,2025-12-08 00:50:01+00
4,1340.933905,2025-12-08 00:50:02+00
4,1338.233905,2025-12-08 00:50:03+00
4,1335.833905,2025-12-08 00:50:04+00
4,1339.233905,2025-12-08 00:50:05+00
4,1335.333905,2025-12-08 00:50:06+00
4,1334.933905,2025-12-08 00:50:07+00
4,1335.433905,2025-12-08 00:50:08+00
4,1338.633905,2025-12-08 00:50:09+00
4,1338.033905,2025-12-08 00:50:10+00
4,1339.633905,2025-12-08 00:50:11+00
4,1341.633905,2025-12-08 00:50:12+00
4,1341.633905,2025-12-08 00:50:13+00
4,1346.133905,2025-12-08 00:50:14+00
4,1337.833905,2025-12-08 00:50:15+00
4,1355.533905,2025-12-08 00:50:16+00
4,1342.133905,2025-12-08 00:50:17+00
4,1338.433905,2025-12-08 00:50:18+00
4,1340.033905,2025-12-08 00:50:19+00
4,1345.533905,2025-12-08 00:50:20+00
4,1346.733905,2025-12-08 00:50:21+00
4,1341.733905,2025-12-08 00:50:22+00
4,1337.433905,2025-12-08 00:50:23+00
4,1349.533905,2025-12-08 00:50:24+00
4,1333.733905,2025-12-08 00:50:25+00
4,1335.833905,2025-12-08 00:50:26+00
4,1337.833905,2025-12-08 00:50:27+00
4,1338.633905,2025-12-08 00:50:28+00
4,1341.733905,2025-12-08 00:50:29+00
4,1337.033905,2025-12-08 00:50:30+00
4,1337.233905,2025-12-08 00:50:31+00
4,1345.633905,2025-12-08 00:50:32+00
4,1337.633905,2025-12-08 00:50:33+00
4,1336.233905,2025-12-08 00:50:34+00
4,1408.833905,2025-12-08 00:50:35+00
4,1432.733905,2025-12-08 00:50:36+00
4,1428.133905,2025-12-08 00:50:37+00
4,1432.333905,2025-12-08 00:50:38+00
4,1431.033905,2025-12-08 00:50:39+00
4,1437.633905,2025-12-08 00:50:40+00
4,1436.433905,2025-12-08 00:50:41+00
4,1445.433905,2025-12-08 00:50:42+00
4,1437.133905,2025-12-08 00:50:43+00
4,1444.133905,2025-12-08 00:50:44+00
4,1442.233905,2025-12-08 00:50:45+00
4,1439.533905,2025-12-08 00:50:46+00
4,1440.333905,2025-12-08 00:50:47+00
4,1436.533905,2025-12-08 00:50:48+00
4,1437.533905,2025-12-08 00:50:49+00
4,1450.033905,2025-12-08 00:50:50+00
4,1443.433905,2025-12-08 00:50:51+00
4,1441.733905,2025-12-08 00:50:52+00
4,1442.833905,2025-12-08 00:50:53+00
4,1437.733905,2025-12-08 00:50:54+00
4,1437.333905,2025-12-08 00:50:55+00
4,1445.233905,2025-12-08 00:50:56+00
4,1443.333905,2025-12-08 00:50:57+00
4,1443.433905,2025-12-08 00:50:58+00
4,1444.633905,2025-12-08 00:50:59+00
4,1443.933905,2025-12-08 00:51:00+00
4,1451.633905,2025-12-08 00:51:01+00
4,1453.133905,2025-12-08 00:51:02+00
4,1450.733905,2025-12-08 00:51:03+00
4,1452.033905,2025-12-08 00:51:04+00
4,1451.433905,2025-12-08 00:51:05+00
4,1454.733905,2025-12-08 00:51:06+00
4,1447.633905,2025-12-08 00:51:07+00
4,1449.033905,2025-12-08 00:51:08+00
4,1447.933905,2025-12-08 00:51:09+00
4,1446.233905,2025-12-08 00:51:10+00
4,1449.833905,2025-12-08 00:51:11+00
4,1476.933905,2025-12-08 00:51:12+00
4,1544.533905,2025-12-08 00:51:13+00
4,1555.033905,2025-12-08 00:51:14+00
4,1554.133905,2025-12-08 00:51:15+00
4,1561.633905,2025-12-08 00:51:16+00
4,1565.133905,2025-12-08 00:51:17+00
4,1555.733905,2025-12-08 00:51:18+00
4,1563.833905,2025-12-08 00:51:19+00
4,1565.033905,2025-12-08 00:51:20+00
4,1565.033905,2025-12-08 00:51:21+00
4,1562.333905,2025-12-08 00:51:22+00
4,1557.933905,2025-12-08 00:51:23+00
4,1553.433905,2025-12-08 00:51:24+00
4,1555.033905,2025-12-08 00:51:25+00
4,1555.833905,2025-12-08 00:51:26+00
4,1560.933905,2025-12-08 00:51:27+00
4,1569.733905,2025-12-08 00:51:28+00
4,1560.833905,2025-12-08 00:51:29+00
4,1560.433905,2025-12-08 00:51:30+00
4,1557.533905,2025-12-08 00:51:31+00
4,1556.633905,2025-12-08 00:51:32+00
4,1557.933905,2025-12-08 00:51:33+00
4,1556.433905,2025-12-08 00:51:34+00
4,1555.933905,2025-12-08 00:51:35+00
4,1554.033905,2025-12-08 00:51:36+00
4,1550.133905,2025-12-08 00:51:37+00
4,1556.333905,2025-12-08 00:51:38+00
4,1552.733905,2025-12-08 00:51:39+00
4,1573.433905,2025-12-08 00:51:40+00
4,1554.933905,2025-12-08 00:51:41+00
4,1551.833905,2025-12-08 00:51:42+00
4,1564.033905,2025-12-08 00:51:43+00
4,1557.233905,2025-12-08 00:51:44+00
4,1558.433905,2025-12-08 00:51:45+00
4,1556.933905,2025-12-08 00:51:46+00
4,1556.133905,2025-12-08 00:51:47+00
4,1553.333905,2025-12-08 00:51:48+00
4,1557.333905,2025-12-08 00:51:49+00
4,1553.733905,2025-12-08 00:51:50+00
4,1560.033905,2025-12-08 00:51:51+00
4,1556.533905,2025-12-08 00:51:52+00
4,1554.833905,2025-12-08 00:51:53+00
4,1554.633905,2025-12-08 00:51:54+00
4,1555.633905,2025-12-08 00:51:55+00
4,1554.433905,2025-12-08 00:51:56+00
4,1556.033905,2025-12-08 00:51:57+00
4,1550.333905,2025-12-08 00:51:58+00
4,1555.833905,2025-12-08 00:51:59+00
4,1552.033905,2025-12-08 00:52:00+00
4,1558.033905,2025-12-08 00:52:01+00
4,1554.133905,2025-12-08 00:52:02+00
4,1549.633905,2025-12-08 00:52:03+00
4,1554.633905,2025-12-08 00:52:04+00
4,1555.733905,2025-12-08 00:52:05+00
4,1555.533905,2025-12-08 00:52:06+00
4,1553.733905,2025-12-08 00:52:07+00
4,1554.933905,2025-12-08 00:52:08+00
4,1549.533905,2025-12-08 00:52:09+00
4,1557.633905,2025-12-08 00:52:10+00
4,1555.533905,2025-12-08 00:52:11+00
4,1556.433905,2025-12-08 00:52:12+00
4,1552.533905,2025-12-08 00:52:13+00
4,1559.133905,2025-12-08 00:52:14+00
4,1556.133905,2025-12-08 00:52:15+00
4,1551.533905,2025-12-08 00:52:16+00
4,1552.633905,2025-12-08 00:52:17+00
4,1551.433905,2025-12-08 00:52:18+00
4,1552.433905,2025-12-08 00:52:19+00
4,1561.833905,2025-12-08 00:52:20+00
4,1561.433905,2025-12-08 00:52:21+00
4,1558.333905,2025-12-08 00:52:22+00
4,1557.133905,2025-12-08 00:52:23+00
4,1553.733905,2025-12-08 00:52:24+00
4,1552.333905,2025-12-08 00:52:25+00
4,1553.633905,2025-12-08 00:52:26+00
4,1554.133905,2025-12-08 00:52:27+00
4,1559.733905,2025-12-08 00:52:28+00
4,1556.933905,2025-12-08 00:52:29+00
4,1553.833905,2025-12-08 00:52:30+00
4,1555.233905,2025-12-08 00:52:31+00
4,1554.333905,2025-12-08 00:52:32+00
4,1553.333905,2025-12-08 00:52:33+00
4,1554.233905,2025-12-08 00:52:34+00
4,1553.833905,2025-12-08 00:52:35+00
4,1554.033905,2025-12-08 00:52:36+00
4,1554.833905,2025-12-08 00:52:37+00
4,1558.033905,2025-12-08 00:52:38+00
4,1553.533905,2025-12-08 00:52:39+00
4,1558.433905,2025-12-08 00:52:40+00
4,1556.033905,2025-12-08 00:52:41+00
4,1554.433905,2025-12-08 00:52:42+00
4,1551.633905,2025-12-08 00:52:43+00
4,1559.033905,2025-12-08 00:52:44+00
4,1555.233905,2025-12-08 00:52:45+00
4,1555.633905,2025-12-08 00:52:46+00
4,1554.933905,2025-12-08 00:52:47+00
4,1556.333905,2025-12-08 00:52:48+00
4,1554.533905,2025-12-08 00:52:49+00
4,1559.933905,2025-12-08 00:52:50+00
4,1554.833905,2025-12-08 00:52:51+00
4,1557.133905,2025-12-08 00:52:52+00
4,1556.833905,2025-12-08 00:52:53+00
4,1556.433905,2025-12-08 00:52:54+00
4,1557.533905,2025-12-08 00:52:55+00
4,1553.833905,2025-12-08 00:52:56+00
4,1557.733905,2025-12-08 00:52:57+00
4,1553.033905,2025-12-08 00:52:58+00
4,1554.333905,2025-12-08 00:52:59+00
4,1560.633905,2025-12-08 00:53:00+00
4,1557.233905,2025-12-08 00:53:01+00
4,1557.633905,2025-12-08 00:53:02+00
4,1553.833905,2025-12-08 00:53:03+00
4,1553.033905,2025-12-08 00:53:04+00
4,1554.533905,2025-12-08 00:53:05+00
4,1554.733905,2025-12-08 00:53:06+00
4,1551.433905,2025-12-08 00:53:07+00
4,1560.233905,2025-12-08 00:53:08+00
4,1556.433905,2025-12-08 00:53:09+00
4,1556.833905,2025-12-08 00:53:10+00
4,1554.133905,2025-12-08 00:53:11+00
4,1577.733905,2025-12-08 00:53:12+00
4,1560.533905,2025-12-08 00:53:13+00
4,1558.233905,2025-12-08 00:53:14+00
4,1552.033905,2025-12-08 00:53:15+00
4,1561.033905,2025-12-08 00:53:16+00
4,1552.933905,2025-12-08 00:53:17+00
4,1558.333905,2025-12-08 00:53:18+00
4,1555.833905,2025-12-08 00:53:19+00
4,1565.233905,2025-12-08 00:53:20+00
4,1560.633905,2025-12-08 00:53:21+00
4,1558.033905,2025-12-08 00:53:22+00
4,1556.533905,2025-12-08 00:53:23+00
4,1557.333905,2025-12-08 00:53:24+00
4,1554.733905,2025-12-08 00:53:25+00
4,1555.533905,2025-12-08 00:53:26+00
4,1553.733905,2025-12-08 00:53:27+00
4,1554.833905,2025-12-08 00:53:28+00
4,1558.933905,2025-12-08 00:53:29+00
4,1558.833905,2025-12-08 00:53:30+00
4,1557.833905,2025-12-08 00:53:31+00
4,1640.433905,2025-12-08 00:53:32+00
4,1607.933905,2025-12-08 00:53:33+00
4,1584.533905,2025-12-08 00:53:34+00
4,1584.633905,2025-12-08 00:53:35+00
4,1582.933905,2025-12-08 00:53:36+00
4,1582.833905,2025-12-08 00:53:37+00
4,1583.733905,2025-12-08 00:53:38+00
4,1587.333905,2025-12-08 00:53:39+00
4,1582.733905,2025-12-08 00:53:40+00
4,1582.833905,2025-12-08 00:53:41+00
4,1582.433905,2025-12-08 00:53:42+00
4,1584.333905,2025-12-08 00:53:43+00
4,1594.833905,2025-12-08 00:53:44+00
4,1593.833905,2025-12-08 00:53:45+00
4,1586.633905,2025-12-08 00:53:46+00
4,1584.233905,2025-12-08 00:53:47+00
4,1585.733905,2025-12-08 00:53:48+00
4,1583.733905,2025-12-08 00:53:49+00
4,1590.233905,2025-12-08 00:53:50+00
4,1591.333905,2025-12-08 00:53:51+00
4,1586.433905,2025-12-08 00:53:52+00
4,1585.433905,2025-12-08 00:53:53+00
4,1585.633905,2025-12-08 00:53:54+00
4,1586.233905,2025-12-08 00:53:55+00
4,1590.033905,2025-12-08 00:53:56+00
4,1583.233905,2025-12-08 00:53:57+00
4,1592.233905,2025-12-08 00:53:58+00
4,1586.133905,2025-12-08 00:53:59+00
4,1587.433905,2025-12-08 00:54:00+00
4,1587.633905,2025-12-08 00:54:01+00
4,1585.533905,2025-12-08 00:54:02+00
4,1585.533905,2025-12-08 00:54:03+00
4,1586.433905,2025-12-08 00:54:04+00
4,1586.333905,2025-12-08 00:54:05+00
4,1584.533905,2025-12-08 00:54:06+00
4,1586.333905,2025-12-08 00:54:07+00
4,1585.733905,2025-12-08 00:54:08+00
4,1584.733905,2025-12-08 00:54:09+00
4,1585.433905,2025-12-08 00:54:10+00
4,1584.933905,2025-12-08 00:54:11+00
4,1580.833905,2025-12-08 00:54:12+00
4,1582.233905,2025-12-08 00:54:13+00
4,1588.733905,2025-12-08 00:54:14+00
4,1584.933905,2025-12-08 00:54:15+00
4,1585.433905,2025-12-08 00:54:16+00
4,1582.933905,2025-12-08 00:54:17+00
4,1582.333905,2025-12-08 00:54:18+00
4,1584.333905,2025-12-08 00:54:19+00
4,1592.533905,2025-12-08 00:54:20+00
4,1586.933905,2025-12-08 00:54:21+00
4,1589.133905,2025-12-08 00:54:22+00
4,1586.233905,2025-12-08 00:54:23+00
4,1582.433905,2025-12-08 00:54:24+00
4,1581.033905,2025-12-08 00:54:25+00
4,1583.433905,2025-12-08 00:54:26+00
4,1581.033905,2025-12-08 00:54:27+00
4,1581.233905,2025-12-08 00:54:28+00
4,1582.533905,2025-12-08 00:54:29+00
4,1588.233905,2025-12-08 00:54:30+00
4,1580.733905,2025-12-08 00:54:31+00
4,1586.133905,2025-12-08 00:54:32+00
4,1579.133905,2025-12-08 00:54:33+00
4,1582.133905,2025-12-08 00:54:34+00
4,1582.433905,2025-12-08 00:54:35+00
4,1589.933905,2025-12-08 00:54:36+00
4,1582.233905,2025-12-08 00:54:37+00
4,1580.933905,2025-12-08 00:54:38+00
4,1579.633905,2025-12-08 00:54:39+00
4,1581.233905,2025-12-08 00:54:40+00
4,1582.033905,2025-12-08 00:54:41+00
4,1582.433905,2025-12-08 00:54:42+00
4,1589.333905,2025-12-08 00:54:43+00
4,1582.433905,2025-12-08 00:54:44+00
4,1580.233905,2025-12-08 00:54:45+00
4,1580.633905,2025-12-08 00:54:46+00
4,1586.933905,2025-12-08 00:54:47+00
4,1584.533905,2025-12-08 00:54:48+00
4,1582.233905,2025-12-08 00:54:49+00
4,1581.233905,2025-12-08 00:54:50+00
4,1581.633905,2025-12-08 00:54:51+00
4,1586.933905,2025-12-08 00:54:52+00
4,1586.333905,2025-12-08 00:54:53+00
4,1582.733905,2025-12-08 00:54:54+00
4,1582.433905,2025-12-08 00:54:55+00
4,1573.533905,2025-12-08 00:54:56+00
4,1582.033905,2025-12-08 00:54:57+00
4,1584.533905,2025-12-08 00:54:58+00
4,1581.733905,2025-12-08 00:54:59+00
4,1584.433905,2025-12-08 00:55:00+00
4,1588.833905,2025-12-08 00:55:01+00
4,1594.933905,2025-12-08 00:55:02+00
4,1591.533905,2025-12-08 00:55:03+00
4,1588.133905,2025-12-08 00:55:04+00
4,1589.833905,2025-12-08 00:55:05+00
4,1581.433905,2025-12-08 00:55:06+00
4,1590.233905,2025-12-08 00:55:07+00
4,1587.733905,2025-12-08 00:55:08+00
4,1587.433905,2025-12-08 00:55:09+00
4,1590.233905,2025-12-08 00:55:10+00
4,1595.333905,2025-12-08 00:55:11+00
4,1590.633905,2025-12-08 00:55:12+00
4,1591.533905,2025-12-08 00:55:13+00
4,1591.033905,2025-12-08 00:55:14+00
4,1589.633905,2025-12-08 00:55:15+00
4,1588.733905,2025-12-08 00:55:16+00
4,1617.733905,2025-12-08 00:55:17+00
4,1587.633905,2025-12-08 00:55:18+00
4,1594.233905,2025-12-08 00:55:19+00
4,1597.033905,2025-12-08 00:55:20+00
4,1591.733905,2025-12-08 00:55:21+00
4,1592.833905,2025-12-08 00:55:22+00
4,1588.833905,2025-12-08 00:55:23+00
4,1584.233905,2025-12-08 00:55:24+00
4,1587.333905,2025-12-08 00:55:25+00
4,1583.833905,2025-12-08 00:55:26+00
4,1584.433905,2025-12-08 00:55:27+00
4,1592.833905,2025-12-08 00:55:28+00
4,1588.033905,2025-12-08 00:55:29+00
4,1586.533905,2025-12-08 00:55:30+00
4,1591.933905,2025-12-08 00:55:31+00
4,1587.433905,2025-12-08 00:55:32+00
4,1585.333905,2025-12-08 00:55:33+00
4,1589.033905,2025-12-08 00:55:34+00
4,1588.633905,2025-12-08 00:55:35+00
4,1588.433905,2025-12-08 00:55:36+00
4,1588.833905,2025-12-08 00:55:37+00
4,1586.433905,2025-12-08 00:55:38+00
4,1582.133905,2025-12-08 00:55:39+00
4,1600.933905,2025-12-08 00:55:40+00
4,1588.833905,2025-12-08 00:55:41+00
4,1589.033905,2025-12-08 00:55:42+00
4,1589.533905,2025-12-08 00:55:43+00
4,1589.733905,2025-12-08 00:55:44+00
4,1600.933905,2025-12-08 00:55:45+00
4,1592.733905,2025-12-08 00:55:46+00
4,1594.333905,2025-12-08 00:55:47+00
4,1587.833905,2025-12-08 00:55:48+00
4,1589.033905,2025-12-08 00:55:49+00
4,1587.133905,2025-12-08 00:55:50+00
4,1590.633905,2025-12-08 00:55:51+00
4,1592.633905,2025-12-08 00:55:52+00
4,1594.233905,2025-12-08 00:55:53+00
4,1585.533905,2025-12-08 00:55:54+00
4,1587.133905,2025-12-08 00:55:55+00
4,1587.133905,2025-12-08 00:55:56+00
4,1587.233905,2025-12-08 00:55:57+00
4,1592.033905,2025-12-08 00:55:58+00
4,1591.733905,2025-12-08 00:55:59+00
4,1602.433905,2025-12-08 00:56:00+00
4,1594.333905,2025-12-08 00:56:01+00
4,1591.333905,2025-12-08 00:56:02+00
4,1590.233905,2025-12-08 00:56:03+00
4,1590.433905,2025-12-08 00:56:04+00
4,1589.033905,2025-12-08 00:56:05+00
4,1587.333905,2025-12-08 00:56:06+00
4,1589.233905,2025-12-08 00:56:07+00
4,1588.233905,2025-12-08 00:56:08+00
4,1588.333905,2025-12-08 00:56:09+00
4,1587.533905,2025-12-08 00:56:10+00
4,1586.133905,2025-12-08 00:56:11+00
4,1594.433905,2025-12-08 00:56:12+00
4,1592.933905,2025-12-08 00:56:13+00
4,1588.333905,2025-12-08 00:56:14+00
4,1586.433905,2025-12-08 00:56:15+00
4,1589.533905,2025-12-08 00:56:16+00
4,1590.233905,2025-12-08 00:56:17+00
4,1591.333905,2025-12-08 00:56:18+00
4,1589.333905,2025-12-08 00:56:19+00
4,1596.933905,2025-12-08 00:56:20+00
4,1592.933905,2025-12-08 00:56:21+00
4,1596.033905,2025-12-08 00:56:22+00
4,1594.333905,2025-12-08 00:56:23+00
4,1591.633905,2025-12-08 00:56:24+00
4,1591.733905,2025-12-08 00:56:25+00
4,1594.533905,2025-12-08 00:56:26+00
4,1587.633905,2025-12-08 00:56:27+00
4,1592.633905,2025-12-08 00:56:28+00
4,1592.433905,2025-12-08 00:56:29+00
4,1592.633905,2025-12-08 00:56:30+00
4,1589.333905,2025-12-08 00:56:31+00
4,1587.333905,2025-12-08 00:56:32+00
4,1592.733905,2025-12-08 00:56:33+00
4,1594.533905,2025-12-08 00:56:34+00
4,1603.233905,2025-12-08 00:56:35+00
4,1598.333905,2025-12-08 00:56:36+00
4,1591.133905,2025-12-08 00:56:37+00
4,1589.333905,2025-12-08 00:56:38+00
4,1597.633905,2025-12-08 00:56:39+00
4,1592.433905,2025-12-08 00:56:40+00
4,1590.133905,2025-12-08 00:56:41+00
4,1590.633905,2025-12-08 00:56:42+00
4,1591.733905,2025-12-08 00:56:43+00
4,1598.233905,2025-12-08 00:56:44+00
4,1592.433905,2025-12-08 00:56:45+00
4,1596.633905,2025-12-08 00:56:46+00
4,1591.433905,2025-12-08 00:56:47+00
4,1592.433905,2025-12-08 00:56:48+00
4,1595.433905,2025-12-08 00:56:49+00
4,1593.333905,2025-12-08 00:56:50+00
4,1590.533905,2025-12-08 00:56:51+00
4,1590.433905,2025-12-08 00:56:52+00
4,1590.733905,2025-12-08 00:56:53+00
4,1591.933905,2025-12-08 00:56:54+00
4,1594.233905,2025-12-08 00:56:55+00
4,1591.933905,2025-12-08 00:56:56+00
4,1591.733905,2025-12-08 00:56:57+00
4,1592.733905,2025-12-08 00:56:58+00
4,1597.133905,2025-12-08 00:56:59+00
4,1598.033905,2025-12-08 00:57:00+00
4,1600.133905,2025-12-08 00:57:01+00
4,1599.033905,2025-12-08 00:57:02+00
4,1597.633905,2025-12-08 00:57:03+00
4,1600.333905,2025-12-08 00:57:04+00
4,1605.333905,2025-12-08 00:57:05+00
4,1605.133905,2025-12-08 00:57:06+00
4,1594.033905,2025-12-08 00:57:07+00
4,1592.933905,2025-12-08 00:57:08+00
4,1597.533905,2025-12-08 00:57:09+00
4,1601.433905,2025-12-08 00:57:10+00
4,1596.633905,2025-12-08 00:57:11+00
4,1597.733905,2025-12-08 00:57:12+00
4,1613.733905,2025-12-08 00:57:13+00
4,1598.233905,2025-12-08 00:57:14+00
4,1600.233905,2025-12-08 00:57:15+00
4,1597.533905,2025-12-08 00:57:16+00
4,1597.333905,2025-12-08 00:57:17+00
4,1599.933905,2025-12-08 00:57:18+00
4,1598.833905,2025-12-08 00:57:19+00
4,1604.533905,2025-12-08 00:57:20+00
4,1607.933905,2025-12-08 00:57:21+00
4,1606.133905,2025-12-08 00:57:22+00
4,1604.533905,2025-12-08 00:57:23+00
4,1598.833905,2025-12-08 00:57:24+00
4,1598.233905,2025-12-08 00:57:25+00
4,1603.333905,2025-12-08 00:57:26+00
4,1600.633905,2025-12-08 00:57:27+00
4,1600.933905,2025-12-08 00:57:28+00
4,1600.133905,2025-12-08 00:57:29+00
4,1599.133905,2025-12-08 00:57:30+00
4,1605.433905,2025-12-08 00:57:31+00
4,1609.933905,2025-12-08 00:57:32+00
4,1606.233905,2025-12-08 00:57:33+00
4,1625.033905,2025-12-08 00:57:34+00
4,1609.333905,2025-12-08 00:57:35+00
4,1604.933905,2025-12-08 00:57:36+00
4,1608.333905,2025-12-08 00:57:37+00
4,1608.633905,2025-12-08 00:57:38+00
4,1608.233905,2025-12-08 00:57:39+00
4,1607.633905,2025-12-08 00:57:40+00
4,1610.033905,2025-12-08 00:57:41+00
4,1609.233905,2025-12-08 00:57:42+00
4,1611.233905,2025-12-08 00:57:43+00
4,1612.033905,2025-12-08 00:57:44+00
4,1611.733905,2025-12-08 00:57:45+00
4,1609.133905,2025-12-08 00:57:46+00
4,1610.133905,2025-12-08 00:57:47+00
4,1607.633905,2025-12-08 00:57:48+00
4,1607.133905,2025-12-08 00:57:49+00
4,1613.233905,2025-12-08 00:57:50+00
4,1611.233905,2025-12-08 00:57:51+00
4,1607.533905,2025-12-08 00:57:52+00
4,1608.733905,2025-12-08 00:57:53+00
4,1609.533905,2025-12-08 00:57:54+00
4,1609.933905,2025-12-08 00:57:55+00
4,1610.633905,2025-12-08 00:57:56+00
4,1607.833905,2025-12-08 00:57:57+00
4,1619.033905,2025-12-08 00:57:58+00
4,1617.033905,2025-12-08 00:57:59+00
4,1612.433905,2025-12-08 00:58:00+00
4,1622.133905,2025-12-08 00:58:01+00
4,1615.633905,2025-12-08 00:58:02+00
4,1634.033905,2025-12-08 00:58:03+00
4,1616.133905,2025-12-08 00:58:04+00
4,1614.533905,2025-12-08 00:58:05+00
4,1613.533905,2025-12-08 00:58:06+00
4,1617.533905,2025-12-08 00:58:07+00
4,1615.933905,2025-12-08 00:58:08+00
4,1613.733905,2025-12-08 00:58:09+00
4,1614.333905,2025-12-08 00:58:10+00
4,1614.733905,2025-12-08 00:58:11+00
4,1618.733905,2025-12-08 00:58:12+00
4,1625.333905,2025-12-08 00:58:13+00
4,1616.633905,2025-12-08 00:58:14+00
4,1615.633905,2025-12-08 00:58:15+00
4,1617.933905,2025-12-08 00:58:16+00
4,1613.333905,2025-12-08 00:58:17+00
4,1616.333905,2025-12-08 00:58:18+00
4,1632.333905,2025-12-08 00:58:19+00
4,1657.433905,2025-12-08 00:58:20+00
4,1624.933905,2025-12-08 00:58:21+00
4,1639.833905,2025-12-08 00:58:22+00
4,1626.433905,2025-12-08 00:58:23+00
4,1624.633905,2025-12-08 00:58:24+00
4,1625.233905,2025-12-08 00:58:25+00
4,1620.533905,2025-12-08 00:58:26+00
4,1617.733905,2025-12-08 00:58:27+00
4,1623.733905,2025-12-08 00:58:28+00
4,1627.233905,2025-12-08 00:58:29+00
4,1626.433905,2025-12-08 00:58:30+00
4,1626.833905,2025-12-08 00:58:31+00
4,1626.233905,2025-12-08 00:58:32+00
4,1623.633905,2025-12-08 00:58:33+00
4,1628.333905,2025-12-08 00:58:34+00
4,1630.533905,2025-12-08 00:58:35+00
4,1629.233905,2025-12-08 00:58:36+00
4,1631.833905,2025-12-08 00:58:37+00
4,1632.733905,2025-12-08 00:58:38+00
4,1631.133905,2025-12-08 00:58:39+00
4,1650.733905,2025-12-08 00:58:40+00
4,1634.833905,2025-12-08 00:58:41+00
4,1624.133905,2025-12-08 00:58:42+00
4,1632.333905,2025-12-08 00:58:43+00
4,1628.233905,2025-12-08 00:58:44+00
4,1630.033905,2025-12-08 00:58:45+00
4,1643.933905,2025-12-08 00:58:46+00
4,1629.233905,2025-12-08 00:58:47+00
4,1632.033905,2025-12-08 00:58:48+00
4,1630.233905,2025-12-08 00:58:49+00
4,1629.533905,2025-12-08 00:58:50+00
4,1634.633905,2025-12-08 00:58:51+00
4,1631.233905,2025-12-08 00:58:52+00
4,1632.233905,2025-12-08 00:58:53+00
4,1631.833905,2025-12-08 00:58:54+00
4,1635.433905,2025-12-08 00:58:55+00
4,1640.433905,2025-12-08 00:58:56+00
4,1633.533905,2025-12-08 00:58:57+00
4,1645.733905,2025-12-08 00:58:58+00
4,1635.533905,2025-12-08 00:58:59+00
4,1635.733905,2025-12-08 00:59:00+00
4,1643.333905,2025-12-08 00:59:01+00
4,1639.033905,2025-12-08 00:59:02+00
4,1639.333905,2025-12-08 00:59:03+00
4,1642.033905,2025-12-08 00:59:04+00
4,1637.733905,2025-12-08 00:59:05+00
4,1640.733905,2025-12-08 00:59:06+00
4,1652.233905,2025-12-08 00:59:07+00
4,1643.233905,2025-12-08 00:59:08+00
4,1641.033905,2025-12-08 00:59:09+00
4,1644.333905,2025-12-08 00:59:10+00
4,1643.033905,2025-12-08 00:59:11+00
4,1645.633905,2025-12-08 00:59:12+00
4,1652.533905,2025-12-08 00:59:13+00
4,1650.633905,2025-12-08 00:59:14+00
4,1643.633905,2025-12-08 00:59:15+00
4,1646.033905,2025-12-08 00:59:16+00
4,1646.333905,2025-12-08 00:59:17+00
4,1648.033905,2025-12-08 00:59:18+00
4,1650.433905,2025-12-08 00:59:19+00
4,1655.333905,2025-12-08 00:59:20+00
4,1654.633905,2025-12-08 00:59:21+00
4,1655.433905,2025-12-08 00:59:22+00
4,1647.133905,2025-12-08 00:59:23+00
4,1648.133905,2025-12-08 00:59:24+00
4,1650.733905,2025-12-08 00:59:25+00
4,1648.533905,2025-12-08 00:59:26+00
4,1657.933905,2025-12-08 00:59:27+00
4,1657.233905,2025-12-08 00:59:28+00
4,1650.633905,2025-12-08 00:59:29+00
4,1649.333905,2025-12-08 00:59:30+00
4,1650.933905,2025-12-08 00:59:31+00
4,1651.833905,2025-12-08 00:59:32+00
4,1658.633905,2025-12-08 00:59:33+00
4,1653.033905,2025-12-08 00:59:34+00
4,1668.633905,2025-12-08 00:59:35+00
4,1651.633905,2025-12-08 00:59:36+00
4,1652.833905,2025-12-08 00:59:37+00
4,1653.133905,2025-12-08 00:59:38+00
4,1653.033905,2025-12-08 00:59:39+00
4,1658.733905,2025-12-08 00:59:40+00
4,1659.833905,2025-12-08 00:59:41+00
4,1653.933905,2025-12-08 00:59:42+00
4,1661.933905,2025-12-08 00:59:43+00
4,1659.633905,2025-12-08 00:59:44+00
4,1658.533905,2025-12-08 00:59:45+00
4,1653.033905,2025-12-08 00:59:46+00
4,1653.733905,2025-12-08 00:59:47+00
4,1656.733905,2025-12-08 00:59:48+00
4,1660.933905,2025-12-08 00:59:49+00
4,1659.233905,2025-12-08 00:59:50+00
4,1682.233905,2025-12-08 00:59:51+00
4,1657.733905,2025-12-08 00:59:52+00
4,1656.233905,2025-12-08 00:59:53+00
4,1659.633905,2025-12-08 00:59:54+00
4,1658.433905,2025-12-08 00:59:55+00
4,1657.633905,2025-12-08 00:59:56+00
4,1657.333905,2025-12-08 00:59:57+00
4,1661.933905,2025-12-08 00:59:58+00
4,1676.533905,2025-12-08 00:59:59+00
