sensor_id,aprt_power,sensor_timestamp
5,767.7,2025-12-08 00:00:00+00
5,800.9,2025-12-08 00:00:01+00
5,759.5,2025-12-08 00:00:02+00
5,775.5,2025-12-08 00:00:03+00
5,756.1,2025-12-08 00:00:04+00
5,770.6,2025-12-08 00:00:05+00
5,785.4,2025-12-08 00:00:06+00
5,774.5,2025-12-08 00:00:07+00
5,776.3,2025-12-08 00:00:08+00
5,778.2,2025-12-08 00:00:09+00
5,776.4,2025-12-08 00:00:10+00
5,807.4,2025-12-08 00:00:11+00
5,753.6,2025-12-08 00:00:12+00
5,771.4,2025-12-08 00:00:13+00
5,797.8,2025-12-08 00:00:14+00
5,755.1,2025-12-08 00:00:15+00
5,761.7,2025-12-08 00:00:16+00
5,766.8,2025-12-08 00:00:17+00
5,759.6,2025-12-08 00:00:18+00
5,785,2025-12-08 00:00:19+00
5,778.2,2025-12-08 00:00:20+00
5,777.6,2025-12-08 00:00:21+00
5,756.4,2025-12-08 00:00:22+00
5,787.3,2025-12-08 00:00:23+00
5,757.8,2025-12-08 00:00:24+00
5,756.2,2025-12-08 00:00:25+00
5,770.2,2025-12-08 00:00:26+00
5,781.9,2025-12-08 00:00:27+00
5,788.3,2025-12-08 00:00:28+00
5,744.3,2025-12-08 00:00:29+00
5,779.8,2025-12-08 00:00:30+00
5,769.1,2025-12-08 00:00:31+00
5,762.8,2025-12-08 00:00:32+00
5,928.5,2025-12-08 00:00:33+00
5,874.7,2025-12-08 00:00:34+00
5,889.3,2025-12-08 00:00:35+00
5,867.2,2025-12-08 00:00:36+00
5,758.6,2025-12-08 00:00:37+00
5,904.2,2025-12-08 00:00:38+00
5,931.9,2025-12-08 00:00:39+00
5,902,2025-12-08 00:00:40+00
5,922.7,2025-12-08 00:00:41+00
5,814.4,2025-12-08 00:00:42+00
5,792.8,2025-12-08 00:00:43+00
5,879.6,2025-12-08 00:00:44+00
5,871.7,2025-12-08 00:00:45+00
5,888.4,2025-12-08 00:00:46+00
5,872.9,2025-12-08 00:00:47+00
5,876.9,2025-12-08 00:00:48+00
5,879.7,2025-12-08 00:00:49+00
5,881.3,2025-12-08 00:00:50+00
5,888.4,2025-12-08 00:00:51+00
5,802.4,2025-12-08 00:00:52+00
5,834.2,2025-12-08 00:00:53+00
5,810.2,2025-12-08 00:00:54+00
5,834.3,2025-12-08 00:00:55+00
5,817.5,2025-12-08 00:00:56+00
5,793.5,2025-12-08 00:00:57+00
5,805,2025-12-08 00:00:58+00
5,804.8,2025-12-08 00:00:59+00
5,1316.7,2025-12-08 00:01:00+00
5,1355.7,2025-12-08 00:01:01+00
5,1370.2,2025-12-08 00:01:02+00
5,1350.7,2025-12-08 00:01:03+00
5,1315.4,2025-12-08 00:01:04+00
5,1152.9,2025-12-08 00:01:05+00
5,1286.7,2025-12-08 00:01:06+00
5,1122.5,2025-12-08 00:01:07+00
5,1118,2025-12-08 00:01:08+00
5,1199.9,2025-12-08 00:01:09+00
5,1126.9,2025-12-08 00:01:10+00
5,1158.7,2025-12-08 00:01:11+00
5,1208.1,2025-12-08 00:01:12+00
5,1218,2025-12-08 00:01:13+00
5,1266.8,2025-12-08 00:01:14+00
5,1288.8,2025-12-08 00:01:15+00
5,1307,2025-12-08 00:01:16+00
5,1352,2025-12-08 00:01:17+00
5,1330.8,2025-12-08 00:01:18+00
5,1364.8,2025-12-08 00:01:19+00
5,1356.7,2025-12-08 00:01:20+00
5,1385.5,2025-12-08 00:01:21+00
5,1380.1,2025-12-08 00:01:22+00
5,1372.6,2025-12-08 00:01:23+00
5,1399.8,2025-12-08 00:01:24+00
5,1386.4,2025-12-08 00:01:25+00
5,1356.9,2025-12-08 00:01:26+00
5,1425.6,2025-12-08 00:01:27+00
5,1409.1,2025-12-08 00:01:28+00
5,1385.2,2025-12-08 00:01:29+00
5,1399.7,2025-12-08 00:01:30+00
5,1410.6,2025-12-08 00:01:31+00
5,1387.8,2025-12-08 00:01:32+00
5,1388.6,2025-12-08 00:01:33+00
5,1388.2,2025-12-08 00:01:34+00
5,1374.1,2025-12-08 00:01:35+00
5,1379.9,2025-12-08 00:01:36+00
5,1386.6,2025-12-08 00:01:37+00
5,1387.8,2025-12-08 00:01:38+00
5,1386.1,2025-12-08 00:01:39+00
5,1390,2025-12-08 00:01:40+00
5,1388.6,2025-12-08 00:01:41+00
5,1402.4,2025-12-08 00:01:42+00
5,1400,2025-12-08 00:01:43+00
5,1379.7,2025-12-08 00:01:44+00
5,1404.1,2025-12-08 00:01:45+00
5,1412.6,2025-12-08 00:01:46+00
5,1380.8,2025-12-08 00:01:47+00
5,1391.8,2025-12-08 00:01:48+00
5,1404.2,2025-12-08 00:01:49+00
5,1414.8,2025-12-08 00:01:50+00
5,1414.7,2025-12-08 00:01:51+00
5,1430.5,2025-12-08 00:01:52+00
5,1384.3,2025-12-08 00:01:53+00
5,1400,2025-12-08 00:01:54+00
5,1437,2025-12-08 00:01:55+00
5,1420.9,2025-12-08 00:01:56+00
5,1412.7,2025-12-08 00:01:57+00
5,1424.2,2025-12-08 00:01:58+00
5,1442.5,2025-12-08 00:01:59+00
5,1416.8,2025-12-08 00:02:00+00
5,1415.3,2025-12-08 00:02:01+00
5,1402.9,2025-12-08 00:02:02+00
5,1408.6,2025-12-08 00:02:03+00
5,1424.9,2025-12-08 00:02:04+00
5,1400,2025-12-08 00:02:05+00
5,1390.3,2025-12-08 00:02:06+00
5,1409.6,2025-12-08 00:02:07+00
5,1377.2,2025-12-08 00:02:08+00
5,1378,2025-12-08 00:02:09+00
5,1427,2025-12-08 00:02:10+00
5,1420.7,2025-12-08 00:02:11+00
5,1378.9,2025-12-08 00:02:12+00
5,1395.2,2025-12-08 00:02:13+00
5,1397.2,2025-12-08 00:02:14+00
5,1436.7,2025-12-08 00:02:15+00
5,1398.2,2025-12-08 00:02:16+00
5,1437.2,2025-12-08 00:02:17+00
5,1404.8,2025-12-08 00:02:18+00
5,1418.3,2025-12-08 00:02:19+00
5,1424.9,2025-12-08 00:02:20+00
5,1420.3,2025-12-08 00:02:21+00
5,1391,2025-12-08 00:02:22+00
5,1421.1,2025-12-08 00:02:23+00
5,1426.1,2025-12-08 00:02:24+00
5,1399.4,2025-12-08 00:02:25+00
5,1390.9,2025-12-08 00:02:26+00
5,1403.5,2025-12-08 00:02:27+00
5,1435.4,2025-12-08 00:02:28+00
5,1422.8,2025-12-08 00:02:29+00
5,1416.2,2025-12-08 00:02:30+00
5,1396.9,2025-12-08 00:02:31+00
5,1420.7,2025-12-08 00:02:32+00
5,1419.7,2025-12-08 00:02:33+00
5,1415.2,2025-12-08 00:02:34+00
5,1404.7,2025-12-08 00:02:35+00
5,1419.1,2025-12-08 00:02:36+00
5,1413.7,2025-12-08 00:02:37+00
5,1397.7,2025-12-08 00:02:38+00
5,1417.3,2025-12-08 00:02:39+00
5,1410,2025-12-08 00:02:40+00
5,1435.3,2025-12-08 00:02:41+00
5,1398.8,2025-12-08 00:02:42+00
5,1375.8,2025-12-08 00:02:43+00
5,1419.6,2025-12-08 00:02:44+00
5,1406.8,2025-12-08 00:02:45+00
5,1411.1,2025-12-08 00:02:46+00
5,1409.1,2025-12-08 00:02:47+00
5,1411.5,2025-12-08 00:02:48+00
5,1428.8,2025-12-08 00:02:49+00
5,1435.1,2025-12-08 00:02:50+00
5,1423.1,2025-12-08 00:02:51+00
5,1428.8,2025-12-08 00:02:52+00
5,1397.7,2025-12-08 00:02:53+00
5,1398.7,2025-12-08 00:02:54+00
5,1398.5,2025-12-08 00:02:55+00
5,1413.3,2025-12-08 00:02:56+00
5,1395.9,2025-12-08 00:02:57+00
5,1390.6,2025-12-08 00:02:58+00
5,1429,2025-12-08 00:02:59+00
5,1538.6,2025-12-08 00:03:00+00
5,1506.8,2025-12-08 00:03:01+00
5,1548.1,2025-12-08 00:03:02+00
5,1538.3,2025-12-08 00:03:03+00
5,1508.4,2025-12-08 00:03:04+00
5,1519.4,2025-12-08 00:03:05+00
5,1537,2025-12-08 00:03:06+00
5,1515.3,2025-12-08 00:03:07+00
5,1516,2025-12-08 00:03:08+00
5,1525.5,2025-12-08 00:03:09+00
5,1545.4,2025-12-08 00:03:10+00
5,1509.1,2025-12-08 00:03:11+00
5,1519.8,2025-12-08 00:03:12+00
5,1507.1,2025-12-08 00:03:13+00
5,1503.9,2025-12-08 00:03:14+00
5,1543,2025-12-08 00:03:15+00
5,1538,2025-12-08 00:03:16+00
5,1511.4,2025-12-08 00:03:17+00
5,1519.2,2025-12-08 00:03:18+00
5,1423.4,2025-12-08 00:03:19+00
5,1418.3,2025-12-08 00:03:20+00
5,1442.7,2025-12-08 00:03:21+00
5,1429.6,2025-12-08 00:03:22+00
5,1488.6,2025-12-08 00:03:23+00
5,1497.5,2025-12-08 00:03:24+00
5,1528.5,2025-12-08 00:03:25+00
5,1511.7,2025-12-08 00:03:26+00
5,1539.4,2025-12-08 00:03:27+00
5,1529.3,2025-12-08 00:03:28+00
5,1533.6,2025-12-08 00:03:29+00
5,1548,2025-12-08 00:03:30+00
5,1533.5,2025-12-08 00:03:31+00
5,1509.9,2025-12-08 00:03:32+00
5,1530.4,2025-12-08 00:03:33+00
5,1545,2025-12-08 00:03:34+00
5,1534.8,2025-12-08 00:03:35+00
5,1506.4,2025-12-08 00:03:36+00
5,1551.1,2025-12-08 00:03:37+00
5,1505.8,2025-12-08 00:03:38+00
5,1540.1,2025-12-08 00:03:39+00
5,1548.9,2025-12-08 00:03:40+00
5,1521.1,2025-12-08 00:03:41+00
5,1522.2,2025-12-08 00:03:42+00
5,1523.5,2025-12-08 00:03:43+00
5,1549.8,2025-12-08 00:03:44+00
5,1530.8,2025-12-08 00:03:45+00
5,1546.6,2025-12-08 00:03:46+00
5,1500.6,2025-12-08 00:03:47+00
5,1536.3,2025-12-08 00:03:48+00
5,1510.7,2025-12-08 00:03:49+00
5,1504.1,2025-12-08 00:03:50+00
5,1509.3,2025-12-08 00:03:51+00
5,1502.9,2025-12-08 00:03:52+00
5,1524.6,2025-12-08 00:03:53+00
5,1514.7,2025-12-08 00:03:54+00
5,1515.1,2025-12-08 00:03:55+00
5,1578.6,2025-12-08 00:03:56+00
5,1612,2025-12-08 00:03:57+00
5,1599.3,2025-12-08 00:03:58+00
5,1600.2,2025-12-08 00:03:59+00
5,1632.1,2025-12-08 00:04:00+00
5,1645.9,2025-12-08 00:04:01+00
5,1649,2025-12-08 00:04:02+00
5,1657.4,2025-12-08 00:04:03+00
5,1648.2,2025-12-08 00:04:04+00
5,1640.8,2025-12-08 00:04:05+00
5,1653,2025-12-08 00:04:06+00
5,1646.7,2025-12-08 00:04:07+00
5,1623.3,2025-12-08 00:04:08+00
5,1655.9,2025-12-08 00:04:09+00
5,1625,2025-12-08 00:04:10+00
5,1624.1,2025-12-08 00:04:11+00
5,1634.1,2025-12-08 00:04:12+00
5,1591.7,2025-12-08 00:04:13+00
5,1593.3,2025-12-08 00:04:14+00
5,1587,2025-12-08 00:04:15+00
5,1645.6,2025-12-08 00:04:16+00
5,1636.4,2025-12-08 00:04:17+00
5,1618.1,2025-12-08 00:04:18+00
5,1620.2,2025-12-08 00:04:19+00
5,1625.5,2025-12-08 00:04:20+00
5,1640.7,2025-12-08 00:04:21+00
5,1647.2,2025-12-08 00:04:22+00
5,1628.2,2025-12-08 00:04:23+00
5,1580,2025-12-08 00:04:24+00
5,1605.4,2025-12-08 00:04:25+00
5,1609.6,2025-12-08 00:04:26+00
5,1598.1,2025-12-08 00:04:27+00
5,1609.8,2025-12-08 00:04:28+00
5,1609.5,2025-12-08 00:04:29+00
5,1594.4,2025-12-08 00:04:30+00
5,1577.2,2025-12-08 00:04:31+00
5,1636.7,2025-12-08 00:04:32+00
5,1635.2,2025-12-08 00:04:33+00
5,1602.8,2025-12-08 00:04:34+00
5,1644,2025-12-08 00:04:35+00
5,1638.4,2025-12-08 00:04:36+00
5,1643.2,2025-12-08 00:04:37+00
5,1636.5,2025-12-08 00:04:38+00
5,1636.5,2025-12-08 00:04:39+00
5,1643.8,2025-12-08 00:04:40+00
5,1660.4,2025-12-08 00:04:41+00
5,1618.5,2025-12-08 00:04:42+00
5,1639.5,2025-12-08 00:04:43+00
5,1641.6,2025-12-08 00:04:44+00
5,1628.6,2025-12-08 00:04:45+00
5,1616.2,2025-12-08 00:04:46+00
5,1621.5,2025-12-08 00:04:47+00
5,1714.3,2025-12-08 00:04:48+00
5,1698.6,2025-12-08 00:04:49+00
5,1687,2025-12-08 00:04:50+00
5,1698.3,2025-12-08 00:04:51+00
5,1694.8,2025-12-08 00:04:52+00
5,1686.8,2025-12-08 00:04:53+00
5,1696.8,2025-12-08 00:04:54+00
5,1668.9,2025-12-08 00:04:55+00
5,1670.4,2025-12-08 00:04:56+00
5,1627.9,2025-12-08 00:04:57+00
5,1642.7,2025-12-08 00:04:58+00
5,1634.2,2025-12-08 00:04:59+00
5,793.7,2025-12-08 00:05:00+00
5,796.3,2025-12-08 00:05:01+00
5,773.7,2025-12-08 00:05:02+00
5,799.8,2025-12-08 00:05:03+00
5,784.8,2025-12-08 00:05:04+00
5,779.8,2025-12-08 00:05:05+00
5,770.2,2025-12-08 00:05:06+00
5,765.3,2025-12-08 00:05:07+00
5,779.7,2025-12-08 00:05:08+00
5,787.2,2025-12-08 00:05:09+00
5,758.8,2025-12-08 00:05:10+00
5,800.4,2025-12-08 00:05:11+00
5,765.5,2025-12-08 00:05:12+00
5,788.6,2025-12-08 00:05:13+00
5,766.2,2025-12-08 00:05:14+00
5,758.3,2025-12-08 00:05:15+00
5,781.2,2025-12-08 00:05:16+00
5,777.5,2025-12-08 00:05:17+00
5,797.6,2025-12-08 00:05:18+00
5,792.6,2025-12-08 00:05:19+00
5,782.9,2025-12-08 00:05:20+00
5,788,2025-12-08 00:05:21+00
5,797.6,2025-12-08 00:05:22+00
5,767.5,2025-12-08 00:05:23+00
5,774.7,2025-12-08 00:05:24+00
5,746.3,2025-12-08 00:05:25+00
5,783.4,2025-12-08 00:05:26+00
5,787.2,2025-12-08 00:05:27+00
5,749.1,2025-12-08 00:05:28+00
5,763.8,2025-12-08 00:05:29+00
5,761.9,2025-12-08 00:05:30+00
5,754.5,2025-12-08 00:05:31+00
5,757.2,2025-12-08 00:05:32+00
5,916.1,2025-12-08 00:05:33+00
5,865.5,2025-12-08 00:05:34+00
5,899.8,2025-12-08 00:05:35+00
5,883.9,2025-12-08 00:05:36+00
5,778.9,2025-12-08 00:05:37+00
5,884.3,2025-12-08 00:05:38+00
5,943,2025-12-08 00:05:39+00
5,925.3,2025-12-08 00:05:40+00
5,888.6,2025-12-08 00:05:41+00
5,794.5,2025-12-08 00:05:42+00
5,818.6,2025-12-08 00:05:43+00
5,895.2,2025-12-08 00:05:44+00
5,889.1,2025-12-08 00:05:45+00
5,886.5,2025-12-08 00:05:46+00
5,878.2,2025-12-08 00:05:47+00
5,910.3,2025-12-08 00:05:48+00
5,879.8,2025-12-08 00:05:49+00
5,903.1,2025-12-08 00:05:50+00
5,878.5,2025-12-08 00:05:51+00
5,781.2,2025-12-08 00:05:52+00
5,817.7,2025-12-08 00:05:53+00
5,790.3,2025-12-08 00:05:54+00
5,809.3,2025-12-08 00:05:55+00
5,834.8,2025-12-08 00:05:56+00
5,833.3,2025-12-08 00:05:57+00
5,812.7,2025-12-08 00:05:58+00
5,814.7,2025-12-08 00:05:59+00
5,1320.9,2025-12-08 00:06:00+00
5,1353.7,2025-12-08 00:06:01+00
5,1341.5,2025-12-08 00:06:02+00
5,1330.8,2025-12-08 00:06:03+00
5,1373.2,2025-12-08 00:06:04+00
5,1149.5,2025-12-08 00:06:05+00
5,1320.7,2025-12-08 00:06:06+00
5,1123.2,2025-12-08 00:06:07+00
5,1091.2,2025-12-08 00:06:08+00
5,1173.1,2025-12-08 00:06:09+00
5,1133,2025-12-08 00:06:10+00
5,1175.4,2025-12-08 00:06:11+00
5,1208.6,2025-12-08 00:06:12+00
5,1241.8,2025-12-08 00:06:13+00
5,1269.7,2025-12-08 00:06:14+00
5,1286.3,2025-12-08 00:06:15+00
5,1327.8,2025-12-08 00:06:16+00
5,1327.7,2025-12-08 00:06:17+00
5,1359,2025-12-08 00:06:18+00
5,1342.5,2025-12-08 00:06:19+00
5,1371.6,2025-12-08 00:06:20+00
5,1401.4,2025-12-08 00:06:21+00
5,1363.5,2025-12-08 00:06:22+00
5,1391.1,2025-12-08 00:06:23+00
5,1369,2025-12-08 00:06:24+00
5,1396.5,2025-12-08 00:06:25+00
5,1386.3,2025-12-08 00:06:26+00
5,1387.9,2025-12-08 00:06:27+00
5,1368.7,2025-12-08 00:06:28+00
5,1382.3,2025-12-08 00:06:29+00
5,1374.6,2025-12-08 00:06:30+00
5,1383,2025-12-08 00:06:31+00
5,1385.4,2025-12-08 00:06:32+00
5,1384.3,2025-12-08 00:06:33+00
5,1390.7,2025-12-08 00:06:34+00
5,1400.2,2025-12-08 00:06:35+00
5,1375.7,2025-12-08 00:06:36+00
5,1378.1,2025-12-08 00:06:37+00
5,1408.2,2025-12-08 00:06:38+00
5,1380.4,2025-12-08 00:06:39+00
5,1407.1,2025-12-08 00:06:40+00
5,1387.3,2025-12-08 00:06:41+00
5,1369,2025-12-08 00:06:42+00
5,1407.3,2025-12-08 00:06:43+00
5,1401.1,2025-12-08 00:06:44+00
5,1405,2025-12-08 00:06:45+00
5,1402.3,2025-12-08 00:06:46+00
5,1406.7,2025-12-08 00:06:47+00
5,1414.9,2025-12-08 00:06:48+00
5,1415.9,2025-12-08 00:06:49+00
5,1387.4,2025-12-08 00:06:50+00
5,1426.1,2025-12-08 00:06:51+00
5,1412.3,2025-12-08 00:06:52+00
5,1418.1,2025-12-08 00:06:53+00
5,1412.8,2025-12-08 00:06:54+00
5,1412.3,2025-12-08 00:06:55+00
5,1396.7,2025-12-08 00:06:56+00
5,1416.2,2025-12-08 00:06:57+00
5,1382.2,2025-12-08 00:06:58+00
5,1446.3,2025-12-08 00:06:59+00
5,1397.5,2025-12-08 00:07:00+00
5,1439.6,2025-12-08 00:07:01+00
5,1404.1,2025-12-08 00:07:02+00
5,1395.2,2025-12-08 00:07:03+00
5,1399.5,2025-12-08 00:07:04+00
5,1433.2,2025-12-08 00:07:05+00
5,1384,2025-12-08 00:07:06+00
5,1410,2025-12-08 00:07:07+00
5,1417.6,2025-12-08 00:07:08+00
5,1414.5,2025-12-08 00:07:09+00
5,1422.2,2025-12-08 00:07:10+00
5,1415.8,2025-12-08 00:07:11+00
5,1418.7,2025-12-08 00:07:12+00
5,1391.9,2025-12-08 00:07:13+00
5,1405.5,2025-12-08 00:07:14+00
5,1427.5,2025-12-08 00:07:15+00
5,1402.8,2025-12-08 00:07:16+00
5,1410.2,2025-12-08 00:07:17+00
5,1424.7,2025-12-08 00:07:18+00
5,1408.1,2025-12-08 00:07:19+00
5,1427.6,2025-12-08 00:07:20+00
5,1427.6,2025-12-08 00:07:21+00
5,1405.9,2025-12-08 00:07:22+00
5,1397.4,2025-12-08 00:07:23+00
5,1409.2,2025-12-08 00:07:24+00
5,1420.7,2025-12-08 00:07:25+00
5,1421.8,2025-12-08 00:07:26+00
5,1405,2025-12-08 00:07:27+00
5,1411.8,2025-12-08 00:07:28+00
5,1408.3,2025-12-08 00:07:29+00
5,1426.3,2025-12-08 00:07:30+00
5,1405,2025-12-08 00:07:31+00
5,1411.1,2025-12-08 00:07:32+00
5,1400.3,2025-12-08 00:07:33+00
5,1435.9,2025-12-08 00:07:34+00
5,1427.5,2025-12-08 00:07:35+00
5,1425.6,2025-12-08 00:07:36+00
5,1408.4,2025-12-08 00:07:37+00
5,1423.9,2025-12-08 00:07:38+00
5,1421.3,2025-12-08 00:07:39+00
5,1414.5,2025-12-08 00:07:40+00
5,1421.1,2025-12-08 00:07:41+00
5,1390.6,2025-12-08 00:07:42+00
5,1395.8,2025-12-08 00:07:43+00
5,1425.3,2025-12-08 00:07:44+00
5,1373.6,2025-12-08 00:07:45+00
5,1419.8,2025-12-08 00:07:46+00
5,1419.9,2025-12-08 00:07:47+00
5,1427.6,2025-12-08 00:07:48+00
5,1413.5,2025-12-08 00:07:49+00
5,1407.9,2025-12-08 00:07:50+00
5,1395.1,2025-12-08 00:07:51+00
5,1429.6,2025-12-08 00:07:52+00
5,1430.1,2025-12-08 00:07:53+00
5,1411.3,2025-12-08 00:07:54+00
5,1385.6,2025-12-08 00:07:55+00
5,1394.3,2025-12-08 00:07:56+00
5,1427.8,2025-12-08 00:07:57+00
5,1419.6,2025-12-08 00:07:58+00
5,1417.6,2025-12-08 00:07:59+00
5,1523.9,2025-12-08 00:08:00+00
5,1513.3,2025-12-08 00:08:01+00
5,1530.4,2025-12-08 00:08:02+00
5,1522.9,2025-12-08 00:08:03+00
5,1519.4,2025-12-08 00:08:04+00
5,1513,2025-12-08 00:08:05+00
5,1526.7,2025-12-08 00:08:06+00
5,1516.2,2025-12-08 00:08:07+00
5,1513.1,2025-12-08 00:08:08+00
5,1519.5,2025-12-08 00:08:09+00
5,1540.9,2025-12-08 00:08:10+00
5,1493.6,2025-12-08 00:08:11+00
5,1494.2,2025-12-08 00:08:12+00
5,1508,2025-12-08 00:08:13+00
5,1485.9,2025-12-08 00:08:14+00
5,1509.7,2025-12-08 00:08:15+00
5,1506.3,2025-12-08 00:08:16+00
5,1508.3,2025-12-08 00:08:17+00
5,1544.5,2025-12-08 00:08:18+00
5,1417.4,2025-12-08 00:08:19+00
5,1396.3,2025-12-08 00:08:20+00
5,1405.6,2025-12-08 00:08:21+00
5,1409.2,2025-12-08 00:08:22+00
5,1514.5,2025-12-08 00:08:23+00
5,1521.1,2025-12-08 00:08:24+00
5,1527.3,2025-12-08 00:08:25+00
5,1529.4,2025-12-08 00:08:26+00
5,1513.3,2025-12-08 00:08:27+00
5,1495,2025-12-08 00:08:28+00
5,1522.8,2025-12-08 00:08:29+00
5,1494.3,2025-12-08 00:08:30+00
5,1530.3,2025-12-08 00:08:31+00
5,1517.7,2025-12-08 00:08:32+00
5,1524,2025-12-08 00:08:33+00
5,1551.2,2025-12-08 00:08:34+00
5,1536.9,2025-12-08 00:08:35+00
5,1523,2025-12-08 00:08:36+00
5,1533.8,2025-12-08 00:08:37+00
5,1527,2025-12-08 00:08:38+00
5,1504.9,2025-12-08 00:08:39+00
5,1518.7,2025-12-08 00:08:40+00
5,1526.6,2025-12-08 00:08:41+00
5,1525.9,2025-12-08 00:08:42+00
5,1532.9,2025-12-08 00:08:43+00
5,1542,2025-12-08 00:08:44+00
5,1519.6,2025-12-08 00:08:45+00
5,1529.1,2025-12-08 00:08:46+00
5,1517,2025-12-08 00:08:47+00
5,1521.2,2025-12-08 00:08:48+00
5,1509.3,2025-12-08 00:08:49+00
5,1514,2025-12-08 00:08:50+00
5,1521.6,2025-12-08 00:08:51+00
5,1535.5,2025-12-08 00:08:52+00
5,1506.4,2025-12-08 00:08:53+00
5,1509.1,2025-12-08 00:08:54+00
5,1520.1,2025-12-08 00:08:55+00
5,1541,2025-12-08 00:08:56+00
5,1584.3,2025-12-08 00:08:57+00
5,1587.6,2025-12-08 00:08:58+00
5,1579.4,2025-12-08 00:08:59+00
5,1647.1,2025-12-08 00:09:00+00
5,1649.3,2025-12-08 00:09:01+00
5,1655.4,2025-12-08 00:09:02+00
5,1664,2025-12-08 00:09:03+00
5,1644.7,2025-12-08 00:09:04+00
5,1626.7,2025-12-08 00:09:05+00
5,1638.9,2025-12-08 00:09:06+00
5,1632.8,2025-12-08 00:09:07+00
5,1652.3,2025-12-08 00:09:08+00
5,1636.2,2025-12-08 00:09:09+00
5,1635.3,2025-12-08 00:09:10+00
5,1632.6,2025-12-08 00:09:11+00
5,1661,2025-12-08 00:09:12+00
5,1588.1,2025-12-08 00:09:13+00
5,1602.6,2025-12-08 00:09:14+00
5,1626.7,2025-12-08 00:09:15+00
5,1658.8,2025-12-08 00:09:16+00
5,1630.8,2025-12-08 00:09:17+00
5,1641.1,2025-12-08 00:09:18+00
5,1662.1,2025-12-08 00:09:19+00
5,1609.3,2025-12-08 00:09:20+00
5,1635,2025-12-08 00:09:21+00
5,1653.1,2025-12-08 00:09:22+00
5,1636.2,2025-12-08 00:09:23+00
5,1620,2025-12-08 00:09:24+00
5,1586.9,2025-12-08 00:09:25+00
5,1589.9,2025-12-08 00:09:26+00
5,1600.4,2025-12-08 00:09:27+00
5,1619.3,2025-12-08 00:09:28+00
5,1595.3,2025-12-08 00:09:29+00
5,1604.2,2025-12-08 00:09:30+00
5,1582.2,2025-12-08 00:09:31+00
5,1645.1,2025-12-08 00:09:32+00
5,1623.7,2025-12-08 00:09:33+00
5,1643.2,2025-12-08 00:09:34+00
5,1630.3,2025-12-08 00:09:35+00
5,1672.5,2025-12-08 00:09:36+00
5,1648.9,2025-12-08 00:09:37+00
5,1647.4,2025-12-08 00:09:38+00
5,1635.4,2025-12-08 00:09:39+00
5,1622.9,2025-12-08 00:09:40+00
5,1626.2,2025-12-08 00:09:41+00
5,1635.7,2025-12-08 00:09:42+00
5,1609,2025-12-08 00:09:43+00
5,1649.4,2025-12-08 00:09:44+00
5,1664.3,2025-12-08 00:09:45+00
5,1632.9,2025-12-08 00:09:46+00
5,1626.8,2025-12-08 00:09:47+00
5,1677,2025-12-08 00:09:48+00
5,1684.8,2025-12-08 00:09:49+00
5,1697,2025-12-08 00:09:50+00
5,1705.2,2025-12-08 00:09:51+00
5,1687.9,2025-12-08 00:09:52+00
5,1673.1,2025-12-08 00:09:53+00
5,1683.1,2025-12-08 00:09:54+00
5,1661.9,2025-12-08 00:09:55+00
5,1687.9,2025-12-08 00:09:56+00
5,1658.8,2025-12-08 00:09:57+00
5,1647.9,2025-12-08 00:09:58+00
5,1632.7,2025-12-08 00:09:59+00
5,768,2025-12-08 00:10:00+00
5,799.6,2025-12-08 00:10:01+00
5,765.9,2025-12-08 00:10:02+00
5,763.7,2025-12-08 00:10:03+00
5,769.9,2025-12-08 00:10:04+00
5,790.8,2025-12-08 00:10:05+00
5,767.5,2025-12-08 00:10:06+00
5,759.1,2025-12-08 00:10:07+00
5,805.8,2025-12-08 00:10:08+00
5,786,2025-12-08 00:10:09+00
5,783.6,2025-12-08 00:10:10+00
5,785.9,2025-12-08 00:10:11+00
5,782.1,2025-12-08 00:10:12+00
5,763.6,2025-12-08 00:10:13+00
5,785.9,2025-12-08 00:10:14+00
5,782.3,2025-12-08 00:10:15+00
5,793.5,2025-12-08 00:10:16+00
5,750.3,2025-12-08 00:10:17+00
5,769.2,2025-12-08 00:10:18+00
5,792.1,2025-12-08 00:10:19+00
5,780.9,2025-12-08 00:10:20+00
5,801.6,2025-12-08 00:10:21+00
5,765.3,2025-12-08 00:10:22+00
5,819.4,2025-12-08 00:10:23+00
5,776.6,2025-12-08 00:10:24+00
5,787.6,2025-12-08 00:10:25+00
5,755.7,2025-12-08 00:10:26+00
5,792.6,2025-12-08 00:10:27+00
5,795.2,2025-12-08 00:10:28+00
5,773.9,2025-12-08 00:10:29+00
5,761.9,2025-12-08 00:10:30+00
5,762.7,2025-12-08 00:10:31+00
5,744,2025-12-08 00:10:32+00
5,933.5,2025-12-08 00:10:33+00
5,899.1,2025-12-08 00:10:34+00
5,873.4,2025-12-08 00:10:35+00
5,901.5,2025-12-08 00:10:36+00
5,792.2,2025-12-08 00:10:37+00
5,887,2025-12-08 00:10:38+00
5,936.8,2025-12-08 00:10:39+00
5,934.5,2025-12-08 00:10:40+00
5,923.2,2025-12-08 00:10:41+00
5,806.8,2025-12-08 00:10:42+00
5,824.3,2025-12-08 00:10:43+00
5,900.6,2025-12-08 00:10:44+00
5,896.5,2025-12-08 00:10:45+00
5,863.9,2025-12-08 00:10:46+00
5,889.9,2025-12-08 00:10:47+00
5,877.2,2025-12-08 00:10:48+00
5,869.2,2025-12-08 00:10:49+00
5,875.5,2025-12-08 00:10:50+00
5,904.5,2025-12-08 00:10:51+00
5,836.6,2025-12-08 00:10:52+00
5,811.4,2025-12-08 00:10:53+00
5,823.8,2025-12-08 00:10:54+00
5,810,2025-12-08 00:10:55+00
5,817.6,2025-12-08 00:10:56+00
5,789.6,2025-12-08 00:10:57+00
5,814.4,2025-12-08 00:10:58+00
5,801,2025-12-08 00:10:59+00
5,1347.7,2025-12-08 00:11:00+00
5,1349.4,2025-12-08 00:11:01+00
5,1342.9,2025-12-08 00:11:02+00
5,1355,2025-12-08 00:11:03+00
5,1341,2025-12-08 00:11:04+00
5,1138.5,2025-12-08 00:11:05+00
5,1268.5,2025-12-08 00:11:06+00
5,1147.8,2025-12-08 00:11:07+00
5,1087.4,2025-12-08 00:11:08+00
5,1177,2025-12-08 00:11:09+00
5,1112.3,2025-12-08 00:11:10+00
5,1165.2,2025-12-08 00:11:11+00
5,1186.3,2025-12-08 00:11:12+00
5,1211.5,2025-12-08 00:11:13+00
5,1267.8,2025-12-08 00:11:14+00
5,1282.5,2025-12-08 00:11:15+00
5,1309,2025-12-08 00:11:16+00
5,1328.6,2025-12-08 00:11:17+00
5,1338.6,2025-12-08 00:11:18+00
5,1356.6,2025-12-08 00:11:19+00
5,1393.7,2025-12-08 00:11:20+00
5,1370.3,2025-12-08 00:11:21+00
5,1375.4,2025-12-08 00:11:22+00
5,1372.5,2025-12-08 00:11:23+00
5,1393.6,2025-12-08 00:11:24+00
5,1397.1,2025-12-08 00:11:25+00
5,1395.2,2025-12-08 00:11:26+00
5,1374,2025-12-08 00:11:27+00
5,1372.9,2025-12-08 00:11:28+00
5,1384.8,2025-12-08 00:11:29+00
5,1385.3,2025-12-08 00:11:30+00
5,1355.2,2025-12-08 00:11:31+00
5,1376.8,2025-12-08 00:11:32+00
5,1389,2025-12-08 00:11:33+00
5,1384.6,2025-12-08 00:11:34+00
5,1381.1,2025-12-08 00:11:35+00
5,1376.4,2025-12-08 00:11:36+00
5,1389.6,2025-12-08 00:11:37+00
5,1376.6,2025-12-08 00:11:38+00
5,1375.1,2025-12-08 00:11:39+00
5,1404,2025-12-08 00:11:40+00
5,1398.5,2025-12-08 00:11:41+00
5,1374.2,2025-12-08 00:11:42+00
5,1398.7,2025-12-08 00:11:43+00
5,1408.3,2025-12-08 00:11:44+00
5,1402.7,2025-12-08 00:11:45+00
5,1398.6,2025-12-08 00:11:46+00
5,1381.4,2025-12-08 00:11:47+00
5,1432.3,2025-12-08 00:11:48+00
5,1392.2,2025-12-08 00:11:49+00
5,1399.7,2025-12-08 00:11:50+00
5,1419.1,2025-12-08 00:11:51+00
5,1402.8,2025-12-08 00:11:52+00
5,1421.9,2025-12-08 00:11:53+00
5,1419.5,2025-12-08 00:11:54+00
5,1420.7,2025-12-08 00:11:55+00
5,1415.1,2025-12-08 00:11:56+00
5,1431.7,2025-12-08 00:11:57+00
5,1421.4,2025-12-08 00:11:58+00
5,1457.7,2025-12-08 00:11:59+00
5,1414.7,2025-12-08 00:12:00+00
5,1413.1,2025-12-08 00:12:01+00
5,1409,2025-12-08 00:12:02+00
5,1429,2025-12-08 00:12:03+00
5,1412.7,2025-12-08 00:12:04+00
5,1378.9,2025-12-08 00:12:05+00
5,1408.5,2025-12-08 00:12:06+00
5,1418.2,2025-12-08 00:12:07+00
5,1427.3,2025-12-08 00:12:08+00
5,1395.1,2025-12-08 00:12:09+00
5,1411.4,2025-12-08 00:12:10+00
5,1398.7,2025-12-08 00:12:11+00
5,1413,2025-12-08 00:12:12+00
5,1411.2,2025-12-08 00:12:13+00
5,1400.3,2025-12-08 00:12:14+00
5,1414.6,2025-12-08 00:12:15+00
5,1409.7,2025-12-08 00:12:16+00
5,1413.6,2025-12-08 00:12:17+00
5,1395.7,2025-12-08 00:12:18+00
5,1413,2025-12-08 00:12:19+00
5,1422.5,2025-12-08 00:12:20+00
5,1414.6,2025-12-08 00:12:21+00
5,1428.3,2025-12-08 00:12:22+00
5,1435.8,2025-12-08 00:12:23+00
5,1430.1,2025-12-08 00:12:24+00
5,1409.3,2025-12-08 00:12:25+00
5,1405.3,2025-12-08 00:12:26+00
5,1429,2025-12-08 00:12:27+00
5,1405.4,2025-12-08 00:12:28+00
5,1398.2,2025-12-08 00:12:29+00
5,1416.3,2025-12-08 00:12:30+00
5,1402.1,2025-12-08 00:12:31+00
5,1412.2,2025-12-08 00:12:32+00
5,1429.9,2025-12-08 00:12:33+00
5,1435.7,2025-12-08 00:12:34+00
5,1406.9,2025-12-08 00:12:35+00
5,1411.9,2025-12-08 00:12:36+00
5,1446.9,2025-12-08 00:12:37+00
5,1420.3,2025-12-08 00:12:38+00
5,1414.9,2025-12-08 00:12:39+00
5,1402.1,2025-12-08 00:12:40+00
5,1391.3,2025-12-08 00:12:41+00
5,1405.8,2025-12-08 00:12:42+00
5,1390.5,2025-12-08 00:12:43+00
5,1405.4,2025-12-08 00:12:44+00
5,1385.3,2025-12-08 00:12:45+00
5,1404.9,2025-12-08 00:12:46+00
5,1428.6,2025-12-08 00:12:47+00
5,1390.9,2025-12-08 00:12:48+00
5,1384.2,2025-12-08 00:12:49+00
5,1415.4,2025-12-08 00:12:50+00
5,1424.9,2025-12-08 00:12:51+00
5,1395.4,2025-12-08 00:12:52+00
5,1395.1,2025-12-08 00:12:53+00
5,1401.6,2025-12-08 00:12:54+00
5,1407.3,2025-12-08 00:12:55+00
5,1431.8,2025-12-08 00:12:56+00
5,1413.4,2025-12-08 00:12:57+00
5,1416.6,2025-12-08 00:12:58+00
5,1422.2,2025-12-08 00:12:59+00
5,1543,2025-12-08 00:13:00+00
5,1528.6,2025-12-08 00:13:01+00
5,1533.6,2025-12-08 00:13:02+00
5,1548.4,2025-12-08 00:13:03+00
5,1509.6,2025-12-08 00:13:04+00
5,1506.1,2025-12-08 00:13:05+00
5,1511.6,2025-12-08 00:13:06+00
5,1512.8,2025-12-08 00:13:07+00
5,1523.2,2025-12-08 00:13:08+00
5,1511.8,2025-12-08 00:13:09+00
5,1514.3,2025-12-08 00:13:10+00
5,1522.3,2025-12-08 00:13:11+00
5,1528.2,2025-12-08 00:13:12+00
5,1542.4,2025-12-08 00:13:13+00
5,1487.5,2025-12-08 00:13:14+00
5,1521.4,2025-12-08 00:13:15+00
5,1541.9,2025-12-08 00:13:16+00
5,1547.7,2025-12-08 00:13:17+00
5,1534.8,2025-12-08 00:13:18+00
5,1430.5,2025-12-08 00:13:19+00
5,1422.5,2025-12-08 00:13:20+00
5,1400.7,2025-12-08 00:13:21+00
5,1413.5,2025-12-08 00:13:22+00
5,1543.3,2025-12-08 00:13:23+00
5,1545.2,2025-12-08 00:13:24+00
5,1514.9,2025-12-08 00:13:25+00
5,1517,2025-12-08 00:13:26+00
5,1528.7,2025-12-08 00:13:27+00
5,1533.1,2025-12-08 00:13:28+00
5,1512.7,2025-12-08 00:13:29+00
5,1517.8,2025-12-08 00:13:30+00
5,1550.2,2025-12-08 00:13:31+00
5,1529.9,2025-12-08 00:13:32+00
5,1534.9,2025-12-08 00:13:33+00
5,1528.3,2025-12-08 00:13:34+00
5,1533.1,2025-12-08 00:13:35+00
5,1527.6,2025-12-08 00:13:36+00
5,1542.5,2025-12-08 00:13:37+00
5,1528.8,2025-12-08 00:13:38+00
5,1549.5,2025-12-08 00:13:39+00
5,1537.2,2025-12-08 00:13:40+00
5,1544.4,2025-12-08 00:13:41+00
5,1521.5,2025-12-08 00:13:42+00
5,1505.6,2025-12-08 00:13:43+00
5,1522.4,2025-12-08 00:13:44+00
5,1519.6,2025-12-08 00:13:45+00
5,1545.2,2025-12-08 00:13:46+00
5,1518.5,2025-12-08 00:13:47+00
5,1543.5,2025-12-08 00:13:48+00
5,1509.2,2025-12-08 00:13:49+00
5,1522.7,2025-12-08 00:13:50+00
5,1546.7,2025-12-08 00:13:51+00
5,1528,2025-12-08 00:13:52+00
5,1536.4,2025-12-08 00:13:53+00
5,1523.3,2025-12-08 00:13:54+00
5,1516.3,2025-12-08 00:13:55+00
5,1556.5,2025-12-08 00:13:56+00
5,1603.9,2025-12-08 00:13:57+00
5,1595.6,2025-12-08 00:13:58+00
5,1598.7,2025-12-08 00:13:59+00
5,1653.4,2025-12-08 00:14:00+00
5,1626.2,2025-12-08 00:14:01+00
5,1627.1,2025-12-08 00:14:02+00
5,1650.4,2025-12-08 00:14:03+00
5,1648.9,2025-12-08 00:14:04+00
5,1651.5,2025-12-08 00:14:05+00
5,1624,2025-12-08 00:14:06+00
5,1636,2025-12-08 00:14:07+00
5,1627.6,2025-12-08 00:14:08+00
5,1648.4,2025-12-08 00:14:09+00
5,1644,2025-12-08 00:14:10+00
5,1632.4,2025-12-08 00:14:11+00
5,1615.4,2025-12-08 00:14:12+00
5,1610.3,2025-12-08 00:14:13+00
5,1600.7,2025-12-08 00:14:14+00
5,1592.9,2025-12-08 00:14:15+00
5,1655,2025-12-08 00:14:16+00
5,1658.2,2025-12-08 00:14:17+00
5,1640.6,2025-12-08 00:14:18+00
5,1641.7,2025-12-08 00:14:19+00
5,1637.5,2025-12-08 00:14:20+00
5,1639.7,2025-12-08 00:14:21+00
5,1626.1,2025-12-08 00:14:22+00
5,1664.3,2025-12-08 00:14:23+00
5,1587.6,2025-12-08 00:14:24+00
5,1626.9,2025-12-08 00:14:25+00
5,1599.1,2025-12-08 00:14:26+00
5,1609.6,2025-12-08 00:14:27+00
5,1613.7,2025-12-08 00:14:28+00
5,1618.3,2025-12-08 00:14:29+00
5,1594.7,2025-12-08 00:14:30+00
5,1597.6,2025-12-08 00:14:31+00
5,1629.2,2025-12-08 00:14:32+00
5,1640.6,2025-12-08 00:14:33+00
5,1632.8,2025-12-08 00:14:34+00
5,1635.1,2025-12-08 00:14:35+00
5,1665.5,2025-12-08 00:14:36+00
5,1648.3,2025-12-08 00:14:37+00
5,1619.9,2025-12-08 00:14:38+00
5,1642.2,2025-12-08 00:14:39+00
5,1628.8,2025-12-08 00:14:40+00
5,1638.5,2025-12-08 00:14:41+00
5,1622.2,2025-12-08 00:14:42+00
5,1654.4,2025-12-08 00:14:43+00
5,1648.6,2025-12-08 00:14:44+00
5,1635.7,2025-12-08 00:14:45+00
5,1639,2025-12-08 00:14:46+00
5,1648.7,2025-12-08 00:14:47+00
5,1688.8,2025-12-08 00:14:48+00
5,1700.3,2025-12-08 00:14:49+00
5,1714.9,2025-12-08 00:14:50+00
5,1710,2025-12-08 00:14:51+00
5,1708.3,2025-12-08 00:14:52+00
5,1704.9,2025-12-08 00:14:53+00
5,1687.6,2025-12-08 00:14:54+00
5,1705.7,2025-12-08 00:14:55+00
5,1696.7,2025-12-08 00:14:56+00
5,1668.9,2025-12-08 00:14:57+00
5,1603.2,2025-12-08 00:14:58+00
5,1636.6,2025-12-08 00:14:59+00
5,765.1,2025-12-08 00:15:00+00
5,791.5,2025-12-08 00:15:01+00
5,799.3,2025-12-08 00:15:02+00
5,761.8,2025-12-08 00:15:03+00
5,760.7,2025-12-08 00:15:04+00
5,768.3,2025-12-08 00:15:05+00
5,784.3,2025-12-08 00:15:06+00
5,781,2025-12-08 00:15:07+00
5,766.4,2025-12-08 00:15:08+00
5,787.4,2025-12-08 00:15:09+00
5,787.8,2025-12-08 00:15:10+00
5,760.8,2025-12-08 00:15:11+00
5,765.9,2025-12-08 00:15:12+00
5,772.2,2025-12-08 00:15:13+00
5,766.6,2025-12-08 00:15:14+00
5,779.5,2025-12-08 00:15:15+00
5,761,2025-12-08 00:15:16+00
5,768.9,2025-12-08 00:15:17+00
5,792.7,2025-12-08 00:15:18+00
5,779.2,2025-12-08 00:15:19+00
5,801.1,2025-12-08 00:15:20+00
5,809.5,2025-12-08 00:15:21+00
5,759.8,2025-12-08 00:15:22+00
5,749.8,2025-12-08 00:15:23+00
5,753.4,2025-12-08 00:15:24+00
5,760.6,2025-12-08 00:15:25+00
5,772.6,2025-12-08 00:15:26+00
5,769.4,2025-12-08 00:15:27+00
5,799.5,2025-12-08 00:15:28+00
5,774.6,2025-12-08 00:15:29+00
5,759.1,2025-12-08 00:15:30+00
5,786,2025-12-08 00:15:31+00
5,777.6,2025-12-08 00:15:32+00
5,909.4,2025-12-08 00:15:33+00
5,867.1,2025-12-08 00:15:34+00
5,911,2025-12-08 00:15:35+00
5,893.3,2025-12-08 00:15:36+00
5,781.7,2025-12-08 00:15:37+00
5,848.3,2025-12-08 00:15:38+00
5,922.2,2025-12-08 00:15:39+00
5,911.4,2025-12-08 00:15:40+00
5,903.2,2025-12-08 00:15:41+00
5,825,2025-12-08 00:15:42+00
5,805.6,2025-12-08 00:15:43+00
5,886.2,2025-12-08 00:15:44+00
5,867.3,2025-12-08 00:15:45+00
5,881.7,2025-12-08 00:15:46+00
5,882.7,2025-12-08 00:15:47+00
5,890.3,2025-12-08 00:15:48+00
5,891.9,2025-12-08 00:15:49+00
5,901.5,2025-12-08 00:15:50+00
5,889.4,2025-12-08 00:15:51+00
5,829.3,2025-12-08 00:15:52+00
5,813,2025-12-08 00:15:53+00
5,808.2,2025-12-08 00:15:54+00
5,823.3,2025-12-08 00:15:55+00
5,795.8,2025-12-08 00:15:56+00
5,798.4,2025-12-08 00:15:57+00
5,805.8,2025-12-08 00:15:58+00
5,789.3,2025-12-08 00:15:59+00
5,1332.8,2025-12-08 00:16:00+00
5,1351.8,2025-12-08 00:16:01+00
5,1347.9,2025-12-08 00:16:02+00
5,1343.7,2025-12-08 00:16:03+00
5,1353.8,2025-12-08 00:16:04+00
5,1120.7,2025-12-08 00:16:05+00
5,1296.8,2025-12-08 00:16:06+00
5,1130,2025-12-08 00:16:07+00
5,1096.5,2025-12-08 00:16:08+00
5,1202.9,2025-12-08 00:16:09+00
5,1137.1,2025-12-08 00:16:10+00
5,1176.3,2025-12-08 00:16:11+00
5,1198.7,2025-12-08 00:16:12+00
5,1230.8,2025-12-08 00:16:13+00
5,1243,2025-12-08 00:16:14+00
5,1273.6,2025-12-08 00:16:15+00
5,1316.3,2025-12-08 00:16:16+00
5,1323.9,2025-12-08 00:16:17+00
5,1368.4,2025-12-08 00:16:18+00
5,1391,2025-12-08 00:16:19+00
5,1382.2,2025-12-08 00:16:20+00
5,1399.2,2025-12-08 00:16:21+00
5,1373.1,2025-12-08 00:16:22+00
5,1376.1,2025-12-08 00:16:23+00
5,1399.6,2025-12-08 00:16:24+00
5,1376,2025-12-08 00:16:25+00
5,1350.6,2025-12-08 00:16:26+00
5,1373.8,2025-12-08 00:16:27+00
5,1400.6,2025-12-08 00:16:28+00
5,1361.3,2025-12-08 00:16:29+00
5,1388.3,2025-12-08 00:16:30+00
5,1411.5,2025-12-08 00:16:31+00
5,1379.6,2025-12-08 00:16:32+00
5,1386.7,2025-12-08 00:16:33+00
5,1384.5,2025-12-08 00:16:34+00
5,1378,2025-12-08 00:16:35+00
5,1391.5,2025-12-08 00:16:36+00
5,1356,2025-12-08 00:16:37+00
5,1374.9,2025-12-08 00:16:38+00
5,1376.5,2025-12-08 00:16:39+00
5,1408.4,2025-12-08 00:16:40+00
5,1396.1,2025-12-08 00:16:41+00
5,1426.6,2025-12-08 00:16:42+00
5,1392.3,2025-12-08 00:16:43+00
5,1396.6,2025-12-08 00:16:44+00
5,1417.6,2025-12-08 00:16:45+00
5,1421.6,2025-12-08 00:16:46+00
5,1387.8,2025-12-08 00:16:47+00
5,1408.6,2025-12-08 00:16:48+00
5,1420.3,2025-12-08 00:16:49+00
5,1408.6,2025-12-08 00:16:50+00
5,1434.1,2025-12-08 00:16:51+00
5,1412.2,2025-12-08 00:16:52+00
5,1422.3,2025-12-08 00:16:53+00
5,1399.3,2025-12-08 00:16:54+00
5,1410.7,2025-12-08 00:16:55+00
5,1418,2025-12-08 00:16:56+00
5,1425.9,2025-12-08 00:16:57+00
5,1419.3,2025-12-08 00:16:58+00
5,1437.6,2025-12-08 00:16:59+00
5,1428.2,2025-12-08 00:17:00+00
5,1418.2,2025-12-08 00:17:01+00
5,1403.3,2025-12-08 00:17:02+00
5,1397.4,2025-12-08 00:17:03+00
5,1393.5,2025-12-08 00:17:04+00
5,1401.4,2025-12-08 00:17:05+00
5,1400.9,2025-12-08 00:17:06+00
5,1430.1,2025-12-08 00:17:07+00
5,1415.6,2025-12-08 00:17:08+00
5,1422.9,2025-12-08 00:17:09+00
5,1388.8,2025-12-08 00:17:10+00
5,1415.6,2025-12-08 00:17:11+00
5,1391.8,2025-12-08 00:17:12+00
5,1416.9,2025-12-08 00:17:13+00
5,1398.5,2025-12-08 00:17:14+00
5,1403.3,2025-12-08 00:17:15+00
5,1408.6,2025-12-08 00:17:16+00
5,1401.6,2025-12-08 00:17:17+00
5,1397.6,2025-12-08 00:17:18+00
5,1410.1,2025-12-08 00:17:19+00
5,1406.2,2025-12-08 00:17:20+00
5,1431.5,2025-12-08 00:17:21+00
5,1409.4,2025-12-08 00:17:22+00
5,1408.5,2025-12-08 00:17:23+00
5,1423.5,2025-12-08 00:17:24+00
5,1424.7,2025-12-08 00:17:25+00
5,1393.7,2025-12-08 00:17:26+00
5,1400.3,2025-12-08 00:17:27+00
5,1398.2,2025-12-08 00:17:28+00
5,1408.2,2025-12-08 00:17:29+00
5,1407.6,2025-12-08 00:17:30+00
5,1432.2,2025-12-08 00:17:31+00
5,1402.8,2025-12-08 00:17:32+00
5,1398.1,2025-12-08 00:17:33+00
5,1414.7,2025-12-08 00:17:34+00
5,1410.6,2025-12-08 00:17:35+00
5,1400.5,2025-12-08 00:17:36+00
5,1405.8,2025-12-08 00:17:37+00
5,1430.2,2025-12-08 00:17:38+00
5,1409.4,2025-12-08 00:17:39+00
5,1432.8,2025-12-08 00:17:40+00
5,1426,2025-12-08 00:17:41+00
5,1411.8,2025-12-08 00:17:42+00
5,1414.1,2025-12-08 00:17:43+00
5,1407.4,2025-12-08 00:17:44+00
5,1407.8,2025-12-08 00:17:45+00
5,1442.5,2025-12-08 00:17:46+00
5,1409.6,2025-12-08 00:17:47+00
5,1422,2025-12-08 00:17:48+00
5,1421.4,2025-12-08 00:17:49+00
5,1406.5,2025-12-08 00:17:50+00
5,1413.6,2025-12-08 00:17:51+00
5,1413.8,2025-12-08 00:17:52+00
5,1392.3,2025-12-08 00:17:53+00
5,1411.6,2025-12-08 00:17:54+00
5,1410.1,2025-12-08 00:17:55+00
5,1382.8,2025-12-08 00:17:56+00
5,1401.3,2025-12-08 00:17:57+00
5,1401.9,2025-12-08 00:17:58+00
5,1420.3,2025-12-08 00:17:59+00
5,1532.7,2025-12-08 00:18:00+00
5,1515.1,2025-12-08 00:18:01+00
5,1535.7,2025-12-08 00:18:02+00
5,1525.7,2025-12-08 00:18:03+00
5,1539.9,2025-12-08 00:18:04+00
5,1524.4,2025-12-08 00:18:05+00
5,1511.5,2025-12-08 00:18:06+00
5,1498.4,2025-12-08 00:18:07+00
5,1522.6,2025-12-08 00:18:08+00
5,1529.3,2025-12-08 00:18:09+00
5,1513.8,2025-12-08 00:18:10+00
5,1480.6,2025-12-08 00:18:11+00
5,1524.9,2025-12-08 00:18:12+00
5,1536.5,2025-12-08 00:18:13+00
5,1539.1,2025-12-08 00:18:14+00
5,1535.2,2025-12-08 00:18:15+00
5,1506.5,2025-12-08 00:18:16+00
5,1504.1,2025-12-08 00:18:17+00
5,1520.7,2025-12-08 00:18:18+00
5,1407.4,2025-12-08 00:18:19+00
5,1416.3,2025-12-08 00:18:20+00
5,1408.5,2025-12-08 00:18:21+00
5,1424.2,2025-12-08 00:18:22+00
5,1533.8,2025-12-08 00:18:23+00
5,1519.7,2025-12-08 00:18:24+00
5,1531.7,2025-12-08 00:18:25+00
5,1527.9,2025-12-08 00:18:26+00
5,1530.4,2025-12-08 00:18:27+00
5,1533.7,2025-12-08 00:18:28+00
5,1504.5,2025-12-08 00:18:29+00
5,1531.8,2025-12-08 00:18:30+00
5,1521.6,2025-12-08 00:18:31+00
5,1534.5,2025-12-08 00:18:32+00
5,1538.4,2025-12-08 00:18:33+00
5,1521.2,2025-12-08 00:18:34+00
5,1551.7,2025-12-08 00:18:35+00
5,1513.4,2025-12-08 00:18:36+00
5,1528.3,2025-12-08 00:18:37+00
5,1525.8,2025-12-08 00:18:38+00
5,1520.1,2025-12-08 00:18:39+00
5,1545.6,2025-12-08 00:18:40+00
5,1518,2025-12-08 00:18:41+00
5,1549.9,2025-12-08 00:18:42+00
5,1551.7,2025-12-08 00:18:43+00
5,1537.6,2025-12-08 00:18:44+00
5,1531,2025-12-08 00:18:45+00
5,1534.1,2025-12-08 00:18:46+00
5,1496,2025-12-08 00:18:47+00
5,1528.1,2025-12-08 00:18:48+00
5,1558.6,2025-12-08 00:18:49+00
5,1523.1,2025-12-08 00:18:50+00
5,1514.6,2025-12-08 00:18:51+00
5,1539.9,2025-12-08 00:18:52+00
5,1474.5,2025-12-08 00:18:53+00
5,1520.3,2025-12-08 00:18:54+00
5,1524.8,2025-12-08 00:18:55+00
5,1569.7,2025-12-08 00:18:56+00
5,1625.3,2025-12-08 00:18:57+00
5,1602,2025-12-08 00:18:58+00
5,1600.5,2025-12-08 00:18:59+00
5,1641.3,2025-12-08 00:19:00+00
5,1645,2025-12-08 00:19:01+00
5,1654.3,2025-12-08 00:19:02+00
5,1661.9,2025-12-08 00:19:03+00
5,1685.5,2025-12-08 00:19:04+00
5,1648.9,2025-12-08 00:19:05+00
5,1641.4,2025-12-08 00:19:06+00
5,1662.1,2025-12-08 00:19:07+00
5,1622.9,2025-12-08 00:19:08+00
5,1649.3,2025-12-08 00:19:09+00
5,1670.5,2025-12-08 00:19:10+00
5,1653.1,2025-12-08 00:19:11+00
5,1641.1,2025-12-08 00:19:12+00
5,1603.2,2025-12-08 00:19:13+00
5,1593.8,2025-12-08 00:19:14+00
5,1599.7,2025-12-08 00:19:15+00
5,1647.7,2025-12-08 00:19:16+00
5,1635.5,2025-12-08 00:19:17+00
5,1651.8,2025-12-08 00:19:18+00
5,1644.9,2025-12-08 00:19:19+00
5,1611.2,2025-12-08 00:19:20+00
5,1652.8,2025-12-08 00:19:21+00
5,1643.7,2025-12-08 00:19:22+00
5,1637.6,2025-12-08 00:19:23+00
5,1594.1,2025-12-08 00:19:24+00
5,1585.7,2025-12-08 00:19:25+00
5,1598.8,2025-12-08 00:19:26+00
5,1638.3,2025-12-08 00:19:27+00
5,1580.9,2025-12-08 00:19:28+00
5,1612.5,2025-12-08 00:19:29+00
5,1608.2,2025-12-08 00:19:30+00
5,1609.6,2025-12-08 00:19:31+00
5,1616.3,2025-12-08 00:19:32+00
5,1635.5,2025-12-08 00:19:33+00
5,1641.9,2025-12-08 00:19:34+00
5,1651.3,2025-12-08 00:19:35+00
5,1617.3,2025-12-08 00:19:36+00
5,1643.5,2025-12-08 00:19:37+00
5,1652.7,2025-12-08 00:19:38+00
5,1644.7,2025-12-08 00:19:39+00
5,1635.9,2025-12-08 00:19:40+00
5,1643.6,2025-12-08 00:19:41+00
5,1634.6,2025-12-08 00:19:42+00
5,1649.7,2025-12-08 00:19:43+00
5,1633.7,2025-12-08 00:19:44+00
5,1622.2,2025-12-08 00:19:45+00
5,1616.2,2025-12-08 00:19:46+00
5,1623.8,2025-12-08 00:19:47+00
5,1684.5,2025-12-08 00:19:48+00
5,1698.8,2025-12-08 00:19:49+00
5,1696.9,2025-12-08 00:19:50+00
5,1708.7,2025-12-08 00:19:51+00
5,1680.6,2025-12-08 00:19:52+00
5,1692.1,2025-12-08 00:19:53+00
5,1671,2025-12-08 00:19:54+00
5,1676.4,2025-12-08 00:19:55+00
5,1716.9,2025-12-08 00:19:56+00
5,1648.2,2025-12-08 00:19:57+00
5,1687.9,2025-12-08 00:19:58+00
5,1654.1,2025-12-08 00:19:59+00
5,786.8,2025-12-08 00:20:00+00
5,793.6,2025-12-08 00:20:01+00
5,786.3,2025-12-08 00:20:02+00
5,767.7,2025-12-08 00:20:03+00
5,788.8,2025-12-08 00:20:04+00
5,766.6,2025-12-08 00:20:05+00
5,765.7,2025-12-08 00:20:06+00
5,753,2025-12-08 00:20:07+00
5,762.4,2025-12-08 00:20:08+00
5,812.2,2025-12-08 00:20:09+00
5,790.2,2025-12-08 00:20:10+00
5,774,2025-12-08 00:20:11+00
5,776.3,2025-12-08 00:20:12+00
5,757,2025-12-08 00:20:13+00
5,800.2,2025-12-08 00:20:14+00
5,751.9,2025-12-08 00:20:15+00
5,770.8,2025-12-08 00:20:16+00
5,764.9,2025-12-08 00:20:17+00
5,756.1,2025-12-08 00:20:18+00
5,788.7,2025-12-08 00:20:19+00
5,765.2,2025-12-08 00:20:20+00
5,762,2025-12-08 00:20:21+00
5,777.5,2025-12-08 00:20:22+00
5,782.1,2025-12-08 00:20:23+00
5,754.8,2025-12-08 00:20:24+00
5,773,2025-12-08 00:20:25+00
5,767.4,2025-12-08 00:20:26+00
5,814.5,2025-12-08 00:20:27+00
5,794.4,2025-12-08 00:20:28+00
5,763.9,2025-12-08 00:20:29+00
5,780.6,2025-12-08 00:20:30+00
5,786.2,2025-12-08 00:20:31+00
5,763,2025-12-08 00:20:32+00
5,942.6,2025-12-08 00:20:33+00
5,856.3,2025-12-08 00:20:34+00
5,893,2025-12-08 00:20:35+00
5,903.8,2025-12-08 00:20:36+00
5,772.8,2025-12-08 00:20:37+00
5,887.3,2025-12-08 00:20:38+00
5,918.6,2025-12-08 00:20:39+00
5,898.3,2025-12-08 00:20:40+00
5,903.8,2025-12-08 00:20:41+00
5,809.5,2025-12-08 00:20:42+00
5,826,2025-12-08 00:20:43+00
5,897.7,2025-12-08 00:20:44+00
5,893.3,2025-12-08 00:20:45+00
5,896.6,2025-12-08 00:20:46+00
5,903.5,2025-12-08 00:20:47+00
5,887.4,2025-12-08 00:20:48+00
5,864.4,2025-12-08 00:20:49+00
5,876.6,2025-12-08 00:20:50+00
5,896.2,2025-12-08 00:20:51+00
5,831.9,2025-12-08 00:20:52+00
5,804.6,2025-12-08 00:20:53+00
5,827.6,2025-12-08 00:20:54+00
5,797.2,2025-12-08 00:20:55+00
5,789.9,2025-12-08 00:20:56+00
5,806.8,2025-12-08 00:20:57+00
5,824,2025-12-08 00:20:58+00
5,836.5,2025-12-08 00:20:59+00
5,1339.6,2025-12-08 00:21:00+00
5,1338.8,2025-12-08 00:21:01+00
5,1360.3,2025-12-08 00:21:02+00
5,1343.7,2025-12-08 00:21:03+00
5,1336.8,2025-12-08 00:21:04+00
5,1149.3,2025-12-08 00:21:05+00
5,1305.4,2025-12-08 00:21:06+00
5,1139.8,2025-12-08 00:21:07+00
5,1099.4,2025-12-08 00:21:08+00
5,1175,2025-12-08 00:21:09+00
5,1099.8,2025-12-08 00:21:10+00
5,1189.1,2025-12-08 00:21:11+00
5,1198.4,2025-12-08 00:21:12+00
5,1212.5,2025-12-08 00:21:13+00
5,1267.3,2025-12-08 00:21:14+00
5,1283.9,2025-12-08 00:21:15+00
5,1283.2,2025-12-08 00:21:16+00
5,1365.1,2025-12-08 00:21:17+00
5,1334.5,2025-12-08 00:21:18+00
5,1371,2025-12-08 00:21:19+00
5,1383,2025-12-08 00:21:20+00
5,1377.8,2025-12-08 00:21:21+00
5,1389.5,2025-12-08 00:21:22+00
5,1390.7,2025-12-08 00:21:23+00
5,1392.8,2025-12-08 00:21:24+00
5,1368.7,2025-12-08 00:21:25+00
5,1394,2025-12-08 00:21:26+00
5,1406,2025-12-08 00:21:27+00
5,1394.5,2025-12-08 00:21:28+00
5,1376.7,2025-12-08 00:21:29+00
5,1388.8,2025-12-08 00:21:30+00
5,1395.4,2025-12-08 00:21:31+00
5,1375.7,2025-12-08 00:21:32+00
5,1389.3,2025-12-08 00:21:33+00
5,1379.3,2025-12-08 00:21:34+00
5,1367.9,2025-12-08 00:21:35+00
5,1383.7,2025-12-08 00:21:36+00
5,1379.8,2025-12-08 00:21:37+00
5,1376.5,2025-12-08 00:21:38+00
5,1394.3,2025-12-08 00:21:39+00
5,1405.2,2025-12-08 00:21:40+00
5,1388.8,2025-12-08 00:21:41+00
5,1383.3,2025-12-08 00:21:42+00
5,1406.1,2025-12-08 00:21:43+00
5,1403.2,2025-12-08 00:21:44+00
5,1411.2,2025-12-08 00:21:45+00
5,1406.6,2025-12-08 00:21:46+00
5,1421.4,2025-12-08 00:21:47+00
5,1418.8,2025-12-08 00:21:48+00
5,1384.8,2025-12-08 00:21:49+00
5,1418.2,2025-12-08 00:21:50+00
5,1403.4,2025-12-08 00:21:51+00
5,1417.9,2025-12-08 00:21:52+00
5,1410.8,2025-12-08 00:21:53+00
5,1422.2,2025-12-08 00:21:54+00
5,1424,2025-12-08 00:21:55+00
5,1434.5,2025-12-08 00:21:56+00
5,1407.3,2025-12-08 00:21:57+00
5,1404.8,2025-12-08 00:21:58+00
5,1437.2,2025-12-08 00:21:59+00
5,1415.4,2025-12-08 00:22:00+00
5,1416.3,2025-12-08 00:22:01+00
5,1410.5,2025-12-08 00:22:02+00
5,1408.7,2025-12-08 00:22:03+00
5,1417.4,2025-12-08 00:22:04+00
5,1416.9,2025-12-08 00:22:05+00
5,1433.6,2025-12-08 00:22:06+00
5,1423.7,2025-12-08 00:22:07+00
5,1432.8,2025-12-08 00:22:08+00
5,1391.4,2025-12-08 00:22:09+00
5,1405.3,2025-12-08 00:22:10+00
5,1412.5,2025-12-08 00:22:11+00
5,1424,2025-12-08 00:22:12+00
5,1409.7,2025-12-08 00:22:13+00
5,1408.1,2025-12-08 00:22:14+00
5,1444.4,2025-12-08 00:22:15+00
5,1415.8,2025-12-08 00:22:16+00
5,1390.3,2025-12-08 00:22:17+00
5,1428,2025-12-08 00:22:18+00
5,1437.4,2025-12-08 00:22:19+00
5,1374.8,2025-12-08 00:22:20+00
5,1437.5,2025-12-08 00:22:21+00
5,1430.1,2025-12-08 00:22:22+00
5,1439,2025-12-08 00:22:23+00
5,1412.9,2025-12-08 00:22:24+00
5,1416.1,2025-12-08 00:22:25+00
5,1425.2,2025-12-08 00:22:26+00
5,1439.9,2025-12-08 00:22:27+00
5,1423,2025-12-08 00:22:28+00
5,1423.2,2025-12-08 00:22:29+00
5,1431.1,2025-12-08 00:22:30+00
5,1415.7,2025-12-08 00:22:31+00
5,1420.3,2025-12-08 00:22:32+00
5,1438,2025-12-08 00:22:33+00
5,1408.7,2025-12-08 00:22:34+00
5,1434.9,2025-12-08 00:22:35+00
5,1406.2,2025-12-08 00:22:36+00
5,1430.9,2025-12-08 00:22:37+00
5,1417.8,2025-12-08 00:22:38+00
5,1424.6,2025-12-08 00:22:39+00
5,1423.7,2025-12-08 00:22:40+00
5,1426,2025-12-08 00:22:41+00
5,1416.6,2025-12-08 00:22:42+00
5,1386.2,2025-12-08 00:22:43+00
5,1416.1,2025-12-08 00:22:44+00
5,1439.3,2025-12-08 00:22:45+00
5,1401.5,2025-12-08 00:22:46+00
5,1402.7,2025-12-08 00:22:47+00
5,1422.3,2025-12-08 00:22:48+00
5,1435.7,2025-12-08 00:22:49+00
5,1408.7,2025-12-08 00:22:50+00
5,1438.6,2025-12-08 00:22:51+00
5,1403.3,2025-12-08 00:22:52+00
5,1402.5,2025-12-08 00:22:53+00
5,1399.8,2025-12-08 00:22:54+00
5,1423.5,2025-12-08 00:22:55+00
5,1402.5,2025-12-08 00:22:56+00
5,1416.2,2025-12-08 00:22:57+00
5,1408,2025-12-08 00:22:58+00
5,1438.4,2025-12-08 00:22:59+00
5,1519,2025-12-08 00:23:00+00
5,1521.8,2025-12-08 00:23:01+00
5,1521.9,2025-12-08 00:23:02+00
5,1529.4,2025-12-08 00:23:03+00
5,1528.4,2025-12-08 00:23:04+00
5,1514,2025-12-08 00:23:05+00
5,1534.9,2025-12-08 00:23:06+00
5,1505.7,2025-12-08 00:23:07+00
5,1537.5,2025-12-08 00:23:08+00
5,1538.4,2025-12-08 00:23:09+00
5,1486.6,2025-12-08 00:23:10+00
5,1518.6,2025-12-08 00:23:11+00
5,1513.3,2025-12-08 00:23:12+00
5,1533.9,2025-12-08 00:23:13+00
5,1504.4,2025-12-08 00:23:14+00
5,1524.2,2025-12-08 00:23:15+00
5,1531.8,2025-12-08 00:23:16+00
5,1540.9,2025-12-08 00:23:17+00
5,1495.4,2025-12-08 00:23:18+00
5,1428.1,2025-12-08 00:23:19+00
5,1417.6,2025-12-08 00:23:20+00
5,1401.9,2025-12-08 00:23:21+00
5,1408.6,2025-12-08 00:23:22+00
5,1526.5,2025-12-08 00:23:23+00
5,1509.7,2025-12-08 00:23:24+00
5,1506,2025-12-08 00:23:25+00
5,1522.2,2025-12-08 00:23:26+00
5,1534.6,2025-12-08 00:23:27+00
5,1520.1,2025-12-08 00:23:28+00
5,1507.3,2025-12-08 00:23:29+00
5,1516.8,2025-12-08 00:23:30+00
5,1538.6,2025-12-08 00:23:31+00
5,1504.2,2025-12-08 00:23:32+00
5,1537.6,2025-12-08 00:23:33+00
5,1576.8,2025-12-08 00:23:34+00
5,1569.3,2025-12-08 00:23:35+00
5,1507.4,2025-12-08 00:23:36+00
5,1504.6,2025-12-08 00:23:37+00
5,1508,2025-12-08 00:23:38+00
5,1532.6,2025-12-08 00:23:39+00
5,1533.1,2025-12-08 00:23:40+00
5,1538.2,2025-12-08 00:23:41+00
5,1511.7,2025-12-08 00:23:42+00
5,1510.8,2025-12-08 00:23:43+00
5,1533.1,2025-12-08 00:23:44+00
5,1541.9,2025-12-08 00:23:45+00
5,1537.3,2025-12-08 00:23:46+00
5,1506.8,2025-12-08 00:23:47+00
5,1511.5,2025-12-08 00:23:48+00
5,1535.4,2025-12-08 00:23:49+00
5,1539.7,2025-12-08 00:23:50+00
5,1516.4,2025-12-08 00:23:51+00
5,1501.4,2025-12-08 00:23:52+00
5,1525.2,2025-12-08 00:23:53+00
5,1512.4,2025-12-08 00:23:54+00
5,1523.3,2025-12-08 00:23:55+00
5,1564.2,2025-12-08 00:23:56+00
5,1609.7,2025-12-08 00:23:57+00
5,1596.9,2025-12-08 00:23:58+00
5,1606.1,2025-12-08 00:23:59+00
5,1622.7,2025-12-08 00:24:00+00
5,1629.8,2025-12-08 00:24:01+00
5,1646.3,2025-12-08 00:24:02+00
5,1624.6,2025-12-08 00:24:03+00
5,1642.1,2025-12-08 00:24:04+00
5,1627.3,2025-12-08 00:24:05+00
5,1648.7,2025-12-08 00:24:06+00
5,1633.4,2025-12-08 00:24:07+00
5,1671.4,2025-12-08 00:24:08+00
5,1633.8,2025-12-08 00:24:09+00
5,1634.7,2025-12-08 00:24:10+00
5,1625.2,2025-12-08 00:24:11+00
5,1651.1,2025-12-08 00:24:12+00
5,1574.2,2025-12-08 00:24:13+00
5,1607.3,2025-12-08 00:24:14+00
5,1619.1,2025-12-08 00:24:15+00
5,1610.1,2025-12-08 00:24:16+00
5,1633,2025-12-08 00:24:17+00
5,1639.7,2025-12-08 00:24:18+00
5,1644.8,2025-12-08 00:24:19+00
5,1602.4,2025-12-08 00:24:20+00
5,1657.1,2025-12-08 00:24:21+00
5,1618,2025-12-08 00:24:22+00
5,1633.9,2025-12-08 00:24:23+00
5,1578.2,2025-12-08 00:24:24+00
5,1620.1,2025-12-08 00:24:25+00
5,1601,2025-12-08 00:24:26+00
5,1584.7,2025-12-08 00:24:27+00
5,1598.5,2025-12-08 00:24:28+00
5,1602.2,2025-12-08 00:24:29+00
5,1579.6,2025-12-08 00:24:30+00
5,1586.7,2025-12-08 00:24:31+00
5,1652,2025-12-08 00:24:32+00
5,1640.6,2025-12-08 00:24:33+00
5,1640.1,2025-12-08 00:24:34+00
5,1658.5,2025-12-08 00:24:35+00
5,1632.9,2025-12-08 00:24:36+00
5,1629.1,2025-12-08 00:24:37+00
5,1649.2,2025-12-08 00:24:38+00
5,1664.9,2025-12-08 00:24:39+00
5,1623,2025-12-08 00:24:40+00
5,1654.1,2025-12-08 00:24:41+00
5,1643.8,2025-12-08 00:24:42+00
5,1636.9,2025-12-08 00:24:43+00
5,1638.9,2025-12-08 00:24:44+00
5,1646.6,2025-12-08 00:24:45+00
5,1664.1,2025-12-08 00:24:46+00
5,1631.8,2025-12-08 00:24:47+00
5,1687.3,2025-12-08 00:24:48+00
5,1664.5,2025-12-08 00:24:49+00
5,1715.2,2025-12-08 00:24:50+00
5,1696.3,2025-12-08 00:24:51+00
5,1699.9,2025-12-08 00:24:52+00
5,1683.4,2025-12-08 00:24:53+00
5,1690.1,2025-12-08 00:24:54+00
5,1685.8,2025-12-08 00:24:55+00
5,1691.7,2025-12-08 00:24:56+00
5,1632,2025-12-08 00:24:57+00
5,1648.8,2025-12-08 00:24:58+00
5,1645.8,2025-12-08 00:24:59+00
5,768.2,2025-12-08 00:25:00+00
5,781.1,2025-12-08 00:25:01+00
5,762.5,2025-12-08 00:25:02+00
5,786.5,2025-12-08 00:25:03+00
5,778.1,2025-12-08 00:25:04+00
5,749,2025-12-08 00:25:05+00
5,772.9,2025-12-08 00:25:06+00
5,762,2025-12-08 00:25:07+00
5,760.5,2025-12-08 00:25:08+00
5,777.7,2025-12-08 00:25:09+00
5,783,2025-12-08 00:25:10+00
5,772.7,2025-12-08 00:25:11+00
5,748.7,2025-12-08 00:25:12+00
5,778.1,2025-12-08 00:25:13+00
5,768.6,2025-12-08 00:25:14+00
5,752.3,2025-12-08 00:25:15+00
5,745.5,2025-12-08 00:25:16+00
5,774,2025-12-08 00:25:17+00
5,773.9,2025-12-08 00:25:18+00
5,777.3,2025-12-08 00:25:19+00
5,779.4,2025-12-08 00:25:20+00
5,780.6,2025-12-08 00:25:21+00
5,774.7,2025-12-08 00:25:22+00
5,780.4,2025-12-08 00:25:23+00
5,789.3,2025-12-08 00:25:24+00
5,751,2025-12-08 00:25:25+00
5,791.6,2025-12-08 00:25:26+00
5,772.5,2025-12-08 00:25:27+00
5,771.2,2025-12-08 00:25:28+00
5,738,2025-12-08 00:25:29+00
5,746.9,2025-12-08 00:25:30+00
5,780.7,2025-12-08 00:25:31+00
5,783.5,2025-12-08 00:25:32+00
5,939.2,2025-12-08 00:25:33+00
5,868.9,2025-12-08 00:25:34+00
5,878.7,2025-12-08 00:25:35+00
5,898.2,2025-12-08 00:25:36+00
5,791,2025-12-08 00:25:37+00
5,889.3,2025-12-08 00:25:38+00
5,918,2025-12-08 00:25:39+00
5,898.9,2025-12-08 00:25:40+00
5,909.4,2025-12-08 00:25:41+00
5,805.5,2025-12-08 00:25:42+00
5,805.7,2025-12-08 00:25:43+00
5,889.1,2025-12-08 00:25:44+00
5,856.8,2025-12-08 00:25:45+00
5,878.6,2025-12-08 00:25:46+00
5,907.1,2025-12-08 00:25:47+00
5,895.6,2025-12-08 00:25:48+00
5,899.8,2025-12-08 00:25:49+00
5,887.1,2025-12-08 00:25:50+00
5,892.2,2025-12-08 00:25:51+00
5,812.7,2025-12-08 00:25:52+00
5,794.2,2025-12-08 00:25:53+00
5,818.6,2025-12-08 00:25:54+00
5,805.8,2025-12-08 00:25:55+00
5,794.6,2025-12-08 00:25:56+00
5,801.1,2025-12-08 00:25:57+00
5,817.1,2025-12-08 00:25:58+00
5,803.4,2025-12-08 00:25:59+00
5,1381.1,2025-12-08 00:26:00+00
5,1353.2,2025-12-08 00:26:01+00
5,1341.9,2025-12-08 00:26:02+00
5,1351.6,2025-12-08 00:26:03+00
5,1346.5,2025-12-08 00:26:04+00
5,1140.5,2025-12-08 00:26:05+00
5,1312.8,2025-12-08 00:26:06+00
5,1099,2025-12-08 00:26:07+00
5,1083.2,2025-12-08 00:26:08+00
5,1190.3,2025-12-08 00:26:09+00
5,1113.3,2025-12-08 00:26:10+00
5,1169.8,2025-12-08 00:26:11+00
5,1204,2025-12-08 00:26:12+00
5,1221.2,2025-12-08 00:26:13+00
5,1259.2,2025-12-08 00:26:14+00
5,1304,2025-12-08 00:26:15+00
5,1336.9,2025-12-08 00:26:16+00
5,1349.4,2025-12-08 00:26:17+00
5,1344.8,2025-12-08 00:26:18+00
5,1384.7,2025-12-08 00:26:19+00
5,1354.7,2025-12-08 00:26:20+00
5,1371.4,2025-12-08 00:26:21+00
5,1361.3,2025-12-08 00:26:22+00
5,1416.3,2025-12-08 00:26:23+00
5,1382.3,2025-12-08 00:26:24+00
5,1398.3,2025-12-08 00:26:25+00
5,1383.4,2025-12-08 00:26:26+00
5,1389.2,2025-12-08 00:26:27+00
5,1386.7,2025-12-08 00:26:28+00
5,1374.2,2025-12-08 00:26:29+00
5,1369.9,2025-12-08 00:26:30+00
5,1356.7,2025-12-08 00:26:31+00
5,1379.4,2025-12-08 00:26:32+00
5,1395.4,2025-12-08 00:26:33+00
5,1399.2,2025-12-08 00:26:34+00
5,1401.3,2025-12-08 00:26:35+00
5,1411.7,2025-12-08 00:26:36+00
5,1390.4,2025-12-08 00:26:37+00
5,1373,2025-12-08 00:26:38+00
5,1394.4,2025-12-08 00:26:39+00
5,1403.7,2025-12-08 00:26:40+00
5,1361.5,2025-12-08 00:26:41+00
5,1390.6,2025-12-08 00:26:42+00
5,1410.7,2025-12-08 00:26:43+00
5,1403.1,2025-12-08 00:26:44+00
5,1395.4,2025-12-08 00:26:45+00
5,1417.9,2025-12-08 00:26:46+00
5,1431.4,2025-12-08 00:26:47+00
5,1420.2,2025-12-08 00:26:48+00
5,1432.7,2025-12-08 00:26:49+00
5,1414.3,2025-12-08 00:26:50+00
5,1422.5,2025-12-08 00:26:51+00
5,1406,2025-12-08 00:26:52+00
5,1420.1,2025-12-08 00:26:53+00
5,1425.1,2025-12-08 00:26:54+00
5,1395.1,2025-12-08 00:26:55+00
5,1401.9,2025-12-08 00:26:56+00
5,1412.6,2025-12-08 00:26:57+00
5,1423.4,2025-12-08 00:26:58+00
5,1426.4,2025-12-08 00:26:59+00
5,1412.2,2025-12-08 00:27:00+00
5,1409.7,2025-12-08 00:27:01+00
5,1396.7,2025-12-08 00:27:02+00
5,1425.2,2025-12-08 00:27:03+00
5,1401.8,2025-12-08 00:27:04+00
5,1392.2,2025-12-08 00:27:05+00
5,1420.3,2025-12-08 00:27:06+00
5,1424.1,2025-12-08 00:27:07+00
5,1417.8,2025-12-08 00:27:08+00
5,1406,2025-12-08 00:27:09+00
5,1420.7,2025-12-08 00:27:10+00
5,1400.8,2025-12-08 00:27:11+00
5,1418,2025-12-08 00:27:12+00
5,1399.9,2025-12-08 00:27:13+00
5,1415.4,2025-12-08 00:27:14+00
5,1415.7,2025-12-08 00:27:15+00
5,1401.7,2025-12-08 00:27:16+00
5,1413.5,2025-12-08 00:27:17+00
5,1431.6,2025-12-08 00:27:18+00
5,1402.2,2025-12-08 00:27:19+00
5,1443.4,2025-12-08 00:27:20+00
5,1435.2,2025-12-08 00:27:21+00
5,1404.6,2025-12-08 00:27:22+00
5,1393,2025-12-08 00:27:23+00
5,1415.4,2025-12-08 00:27:24+00
5,1429.3,2025-12-08 00:27:25+00
5,1418.9,2025-12-08 00:27:26+00
5,1420.6,2025-12-08 00:27:27+00
5,1402.1,2025-12-08 00:27:28+00
5,1411.6,2025-12-08 00:27:29+00
5,1429.5,2025-12-08 00:27:30+00
5,1407.4,2025-12-08 00:27:31+00
5,1416.6,2025-12-08 00:27:32+00
5,1408.5,2025-12-08 00:27:33+00
5,1402.1,2025-12-08 00:27:34+00
5,1404.8,2025-12-08 00:27:35+00
5,1405.5,2025-12-08 00:27:36+00
5,1374.9,2025-12-08 00:27:37+00
5,1421.4,2025-12-08 00:27:38+00
5,1427.6,2025-12-08 00:27:39+00
5,1407.9,2025-12-08 00:27:40+00
5,1414.1,2025-12-08 00:27:41+00
5,1404.4,2025-12-08 00:27:42+00
5,1388.3,2025-12-08 00:27:43+00
5,1425.7,2025-12-08 00:27:44+00
5,1428.5,2025-12-08 00:27:45+00
5,1391.6,2025-12-08 00:27:46+00
5,1398.5,2025-12-08 00:27:47+00
5,1396.7,2025-12-08 00:27:48+00
5,1399.2,2025-12-08 00:27:49+00
5,1398.8,2025-12-08 00:27:50+00
5,1416.1,2025-12-08 00:27:51+00
5,1398.5,2025-12-08 00:27:52+00
5,1410.8,2025-12-08 00:27:53+00
5,1439.2,2025-12-08 00:27:54+00
5,1392,2025-12-08 00:27:55+00
5,1397.5,2025-12-08 00:27:56+00
5,1413.2,2025-12-08 00:27:57+00
5,1372,2025-12-08 00:27:58+00
5,1436.3,2025-12-08 00:27:59+00
5,1537.5,2025-12-08 00:28:00+00
5,1534.9,2025-12-08 00:28:01+00
5,1520.9,2025-12-08 00:28:02+00
5,1506.7,2025-12-08 00:28:03+00
5,1530.2,2025-12-08 00:28:04+00
5,1519.3,2025-12-08 00:28:05+00
5,1511.8,2025-12-08 00:28:06+00
5,1497.2,2025-12-08 00:28:07+00
5,1525.3,2025-12-08 00:28:08+00
5,1521.6,2025-12-08 00:28:09+00
5,1521.4,2025-12-08 00:28:10+00
5,1511.6,2025-12-08 00:28:11+00
5,1544.2,2025-12-08 00:28:12+00
5,1506.8,2025-12-08 00:28:13+00
5,1513.7,2025-12-08 00:28:14+00
5,1511.1,2025-12-08 00:28:15+00
5,1539.3,2025-12-08 00:28:16+00
5,1519.2,2025-12-08 00:28:17+00
5,1493,2025-12-08 00:28:18+00
5,1422.1,2025-12-08 00:28:19+00
5,1433.3,2025-12-08 00:28:20+00
5,1419.4,2025-12-08 00:28:21+00
5,1415,2025-12-08 00:28:22+00
5,1516.5,2025-12-08 00:28:23+00
5,1514.3,2025-12-08 00:28:24+00
5,1502.2,2025-12-08 00:28:25+00
5,1537.3,2025-12-08 00:28:26+00
5,1524.8,2025-12-08 00:28:27+00
5,1541.7,2025-12-08 00:28:28+00
5,1538.4,2025-12-08 00:28:29+00
5,1522.2,2025-12-08 00:28:30+00
5,1527.2,2025-12-08 00:28:31+00
5,1540.3,2025-12-08 00:28:32+00
5,1529.2,2025-12-08 00:28:33+00
5,1553.2,2025-12-08 00:28:34+00
5,1540.5,2025-12-08 00:28:35+00
5,1531.4,2025-12-08 00:28:36+00
5,1528.5,2025-12-08 00:28:37+00
5,1496.2,2025-12-08 00:28:38+00
5,1525.5,2025-12-08 00:28:39+00
5,1504.3,2025-12-08 00:28:40+00
5,1511.4,2025-12-08 00:28:41+00
5,1549,2025-12-08 00:28:42+00
5,1518.6,2025-12-08 00:28:43+00
5,1540.5,2025-12-08 00:28:44+00
5,1527.5,2025-12-08 00:28:45+00
5,1531.8,2025-12-08 00:28:46+00
5,1508.5,2025-12-08 00:28:47+00
5,1518.4,2025-12-08 00:28:48+00
5,1514.8,2025-12-08 00:28:49+00
5,1511.4,2025-12-08 00:28:50+00
5,1503.7,2025-12-08 00:28:51+00
5,1517.5,2025-12-08 00:28:52+00
5,1520.3,2025-12-08 00:28:53+00
5,1519,2025-12-08 00:28:54+00
5,1524.4,2025-12-08 00:28:55+00
5,1550.5,2025-12-08 00:28:56+00
5,1606.9,2025-12-08 00:28:57+00
5,1599.2,2025-12-08 00:28:58+00
5,1576.8,2025-12-08 00:28:59+00
5,1634.6,2025-12-08 00:29:00+00
5,1652.4,2025-12-08 00:29:01+00
5,1664.2,2025-12-08 00:29:02+00
5,1625.4,2025-12-08 00:29:03+00
5,1646.9,2025-12-08 00:29:04+00
5,1650.4,2025-12-08 00:29:05+00
5,1642.7,2025-12-08 00:29:06+00
5,1624.6,2025-12-08 00:29:07+00
5,1640.9,2025-12-08 00:29:08+00
5,1671.9,2025-12-08 00:29:09+00
5,1633.5,2025-12-08 00:29:10+00
5,1652.5,2025-12-08 00:29:11+00
5,1664.1,2025-12-08 00:29:12+00
5,1581.5,2025-12-08 00:29:13+00
5,1580.2,2025-12-08 00:29:14+00
5,1592.8,2025-12-08 00:29:15+00
5,1633.1,2025-12-08 00:29:16+00
5,1643.4,2025-12-08 00:29:17+00
5,1640.9,2025-12-08 00:29:18+00
5,1659.9,2025-12-08 00:29:19+00
5,1641.8,2025-12-08 00:29:20+00
5,1647.5,2025-12-08 00:29:21+00
5,1646.4,2025-12-08 00:29:22+00
5,1617.8,2025-12-08 00:29:23+00
5,1588.5,2025-12-08 00:29:24+00
5,1606.6,2025-12-08 00:29:25+00
5,1592.8,2025-12-08 00:29:26+00
5,1616.9,2025-12-08 00:29:27+00
5,1606.8,2025-12-08 00:29:28+00
5,1604.5,2025-12-08 00:29:29+00
5,1598.6,2025-12-08 00:29:30+00
5,1615.8,2025-12-08 00:29:31+00
5,1637.5,2025-12-08 00:29:32+00
5,1636.8,2025-12-08 00:29:33+00
5,1652.1,2025-12-08 00:29:34+00
5,1652.3,2025-12-08 00:29:35+00
5,1652.2,2025-12-08 00:29:36+00
5,1638.7,2025-12-08 00:29:37+00
5,1631.3,2025-12-08 00:29:38+00
5,1640.7,2025-12-08 00:29:39+00
5,1628.9,2025-12-08 00:29:40+00
5,1647.1,2025-12-08 00:29:41+00
5,1621.1,2025-12-08 00:29:42+00
5,1656.3,2025-12-08 00:29:43+00
5,1632.6,2025-12-08 00:29:44+00
5,1685.8,2025-12-08 00:29:45+00
5,1658.6,2025-12-08 00:29:46+00
5,1644.4,2025-12-08 00:29:47+00
5,1692.8,2025-12-08 00:29:48+00
5,1693.6,2025-12-08 00:29:49+00
5,1696.6,2025-12-08 00:29:50+00
5,1700.5,2025-12-08 00:29:51+00
5,1676.5,2025-12-08 00:29:52+00
5,1678.7,2025-12-08 00:29:53+00
5,1673.4,2025-12-08 00:29:54+00
5,1665.2,2025-12-08 00:29:55+00
5,1666.4,2025-12-08 00:29:56+00
5,1628,2025-12-08 00:29:57+00
5,1629,2025-12-08 00:29:58+00
5,1633,2025-12-08 00:29:59+00
5,789.8,2025-12-08 00:30:00+00
5,777.7,2025-12-08 00:30:01+00
5,750.5,2025-12-08 00:30:02+00
5,763.8,2025-12-08 00:30:03+00
5,749.9,2025-12-08 00:30:04+00
5,764.2,2025-12-08 00:30:05+00
5,756.1,2025-12-08 00:30:06+00
5,764,2025-12-08 00:30:07+00
5,773.3,2025-12-08 00:30:08+00
5,750.2,2025-12-08 00:30:09+00
5,779.1,2025-12-08 00:30:10+00
5,763.1,2025-12-08 00:30:11+00
5,783.2,2025-12-08 00:30:12+00
5,764.4,2025-12-08 00:30:13+00
5,752.6,2025-12-08 00:30:14+00
5,764.4,2025-12-08 00:30:15+00
5,759.1,2025-12-08 00:30:16+00
5,779.7,2025-12-08 00:30:17+00
5,783.6,2025-12-08 00:30:18+00
5,778.1,2025-12-08 00:30:19+00
5,781.6,2025-12-08 00:30:20+00
5,793.5,2025-12-08 00:30:21+00
5,788.2,2025-12-08 00:30:22+00
5,767,2025-12-08 00:30:23+00
5,761.5,2025-12-08 00:30:24+00
5,756.8,2025-12-08 00:30:25+00
5,771.9,2025-12-08 00:30:26+00
5,757.7,2025-12-08 00:30:27+00
5,752.5,2025-12-08 00:30:28+00
5,788.3,2025-12-08 00:30:29+00
5,763.8,2025-12-08 00:30:30+00
5,769.2,2025-12-08 00:30:31+00
5,772.2,2025-12-08 00:30:32+00
5,913.9,2025-12-08 00:30:33+00
5,873.6,2025-12-08 00:30:34+00
5,901.9,2025-12-08 00:30:35+00
5,912.7,2025-12-08 00:30:36+00
5,788.4,2025-12-08 00:30:37+00
5,873.2,2025-12-08 00:30:38+00
5,931.8,2025-12-08 00:30:39+00
5,898.9,2025-12-08 00:30:40+00
5,909.9,2025-12-08 00:30:41+00
5,823.2,2025-12-08 00:30:42+00
5,813.5,2025-12-08 00:30:43+00
5,863.4,2025-12-08 00:30:44+00
5,877,2025-12-08 00:30:45+00
5,883.8,2025-12-08 00:30:46+00
5,869,2025-12-08 00:30:47+00
5,880.6,2025-12-08 00:30:48+00
5,874.8,2025-12-08 00:30:49+00
5,881.8,2025-12-08 00:30:50+00
5,892.3,2025-12-08 00:30:51+00
5,798.3,2025-12-08 00:30:52+00
5,831.8,2025-12-08 00:30:53+00
5,825.4,2025-12-08 00:30:54+00
5,806.2,2025-12-08 00:30:55+00
5,806.9,2025-12-08 00:30:56+00
5,804.8,2025-12-08 00:30:57+00
5,805.4,2025-12-08 00:30:58+00
5,788.5,2025-12-08 00:30:59+00
5,1352.2,2025-12-08 00:31:00+00
5,1363.2,2025-12-08 00:31:01+00
5,1344.2,2025-12-08 00:31:02+00
5,1331.8,2025-12-08 00:31:03+00
5,1351,2025-12-08 00:31:04+00
5,1129.1,2025-12-08 00:31:05+00
5,1317.3,2025-12-08 00:31:06+00
5,1128.8,2025-12-08 00:31:07+00
5,1101.6,2025-12-08 00:31:08+00
5,1211.1,2025-12-08 00:31:09+00
5,1134.7,2025-12-08 00:31:10+00
5,1182,2025-12-08 00:31:11+00
5,1191.6,2025-12-08 00:31:12+00
5,1230.3,2025-12-08 00:31:13+00
5,1254.5,2025-12-08 00:31:14+00
5,1290,2025-12-08 00:31:15+00
5,1274.9,2025-12-08 00:31:16+00
5,1314.8,2025-12-08 00:31:17+00
5,1367.3,2025-12-08 00:31:18+00
5,1363.9,2025-12-08 00:31:19+00
5,1389.6,2025-12-08 00:31:20+00
5,1373.5,2025-12-08 00:31:21+00
5,1362.9,2025-12-08 00:31:22+00
5,1380.1,2025-12-08 00:31:23+00
5,1390.3,2025-12-08 00:31:24+00
5,1385.5,2025-12-08 00:31:25+00
5,1393.4,2025-12-08 00:31:26+00
5,1389.4,2025-12-08 00:31:27+00
5,1393.8,2025-12-08 00:31:28+00
5,1376.6,2025-12-08 00:31:29+00
5,1375.6,2025-12-08 00:31:30+00
5,1384.7,2025-12-08 00:31:31+00
5,1391,2025-12-08 00:31:32+00
5,1357.1,2025-12-08 00:31:33+00
5,1386.3,2025-12-08 00:31:34+00
5,1385.1,2025-12-08 00:31:35+00
5,1403.3,2025-12-08 00:31:36+00
5,1376.5,2025-12-08 00:31:37+00
5,1358.2,2025-12-08 00:31:38+00
5,1404.5,2025-12-08 00:31:39+00
5,1421.2,2025-12-08 00:31:40+00
5,1380.4,2025-12-08 00:31:41+00
5,1387.9,2025-12-08 00:31:42+00
5,1409.9,2025-12-08 00:31:43+00
5,1396.3,2025-12-08 00:31:44+00
5,1392.2,2025-12-08 00:31:45+00
5,1396.1,2025-12-08 00:31:46+00
5,1425.4,2025-12-08 00:31:47+00
5,1406.2,2025-12-08 00:31:48+00
5,1393.4,2025-12-08 00:31:49+00
5,1412.7,2025-12-08 00:31:50+00
5,1405.9,2025-12-08 00:31:51+00
5,1412.2,2025-12-08 00:31:52+00
5,1385.4,2025-12-08 00:31:53+00
5,1446.6,2025-12-08 00:31:54+00
5,1425.8,2025-12-08 00:31:55+00
5,1416.3,2025-12-08 00:31:56+00
5,1424.9,2025-12-08 00:31:57+00
5,1412.9,2025-12-08 00:31:58+00
5,1440.6,2025-12-08 00:31:59+00
5,1423.7,2025-12-08 00:32:00+00
5,1416.5,2025-12-08 00:32:01+00
5,1417.8,2025-12-08 00:32:02+00
5,1396.7,2025-12-08 00:32:03+00
5,1405.5,2025-12-08 00:32:04+00
5,1397.9,2025-12-08 00:32:05+00
5,1409.7,2025-12-08 00:32:06+00
5,1412,2025-12-08 00:32:07+00
5,1425.8,2025-12-08 00:32:08+00
5,1392.9,2025-12-08 00:32:09+00
5,1396.4,2025-12-08 00:32:10+00
5,1420.6,2025-12-08 00:32:11+00
5,1413.1,2025-12-08 00:32:12+00
5,1419,2025-12-08 00:32:13+00
5,1420.2,2025-12-08 00:32:14+00
5,1440.8,2025-12-08 00:32:15+00
5,1422.3,2025-12-08 00:32:16+00
5,1418.9,2025-12-08 00:32:17+00
5,1425,2025-12-08 00:32:18+00
5,1411.2,2025-12-08 00:32:19+00
5,1375.3,2025-12-08 00:32:20+00
5,1413.7,2025-12-08 00:32:21+00
5,1417.5,2025-12-08 00:32:22+00
5,1425.6,2025-12-08 00:32:23+00
5,1422.9,2025-12-08 00:32:24+00
5,1410.3,2025-12-08 00:32:25+00
5,1403.9,2025-12-08 00:32:26+00
5,1405.6,2025-12-08 00:32:27+00
5,1402.5,2025-12-08 00:32:28+00
5,1399.5,2025-12-08 00:32:29+00
5,1404.1,2025-12-08 00:32:30+00
5,1394.2,2025-12-08 00:32:31+00
5,1440.6,2025-12-08 00:32:32+00
5,1409.6,2025-12-08 00:32:33+00
5,1419.7,2025-12-08 00:32:34+00
5,1425.5,2025-12-08 00:32:35+00
5,1409.4,2025-12-08 00:32:36+00
5,1420.9,2025-12-08 00:32:37+00
5,1412.2,2025-12-08 00:32:38+00
5,1440.8,2025-12-08 00:32:39+00
5,1417.1,2025-12-08 00:32:40+00
5,1424,2025-12-08 00:32:41+00
5,1418.3,2025-12-08 00:32:42+00
5,1427.8,2025-12-08 00:32:43+00
5,1424.9,2025-12-08 00:32:44+00
5,1397.8,2025-12-08 00:32:45+00
5,1402.7,2025-12-08 00:32:46+00
5,1417.4,2025-12-08 00:32:47+00
5,1421.5,2025-12-08 00:32:48+00
5,1405,2025-12-08 00:32:49+00
5,1408,2025-12-08 00:32:50+00
5,1413.9,2025-12-08 00:32:51+00
5,1413.4,2025-12-08 00:32:52+00
5,1411.7,2025-12-08 00:32:53+00
5,1430.1,2025-12-08 00:32:54+00
5,1410.6,2025-12-08 00:32:55+00
5,1408.6,2025-12-08 00:32:56+00
5,1405.2,2025-12-08 00:32:57+00
5,1401.4,2025-12-08 00:32:58+00
5,1446.5,2025-12-08 00:32:59+00
5,1518.6,2025-12-08 00:33:00+00
5,1505.9,2025-12-08 00:33:01+00
5,1497.5,2025-12-08 00:33:02+00
5,1526.5,2025-12-08 00:33:03+00
5,1498,2025-12-08 00:33:04+00
5,1502.3,2025-12-08 00:33:05+00
5,1521.2,2025-12-08 00:33:06+00
5,1525.1,2025-12-08 00:33:07+00
5,1552.8,2025-12-08 00:33:08+00
5,1520.7,2025-12-08 00:33:09+00
5,1539.8,2025-12-08 00:33:10+00
5,1527.7,2025-12-08 00:33:11+00
5,1526,2025-12-08 00:33:12+00
5,1500.4,2025-12-08 00:33:13+00
5,1526.6,2025-12-08 00:33:14+00
5,1524.6,2025-12-08 00:33:15+00
5,1535.5,2025-12-08 00:33:16+00
5,1523.9,2025-12-08 00:33:17+00
5,1520.7,2025-12-08 00:33:18+00
5,1429.5,2025-12-08 00:33:19+00
5,1410.1,2025-12-08 00:33:20+00
5,1402.8,2025-12-08 00:33:21+00
5,1399.4,2025-12-08 00:33:22+00
5,1494.9,2025-12-08 00:33:23+00
5,1505.2,2025-12-08 00:33:24+00
5,1529.1,2025-12-08 00:33:25+00
5,1529.2,2025-12-08 00:33:26+00
5,1529,2025-12-08 00:33:27+00
5,1538.5,2025-12-08 00:33:28+00
5,1519.4,2025-12-08 00:33:29+00
5,1508.3,2025-12-08 00:33:30+00
5,1526.3,2025-12-08 00:33:31+00
5,1508.7,2025-12-08 00:33:32+00
5,1536.9,2025-12-08 00:33:33+00
5,1547.8,2025-12-08 00:33:34+00
5,1568.6,2025-12-08 00:33:35+00
5,1522.3,2025-12-08 00:33:36+00
5,1519.7,2025-12-08 00:33:37+00
5,1520.6,2025-12-08 00:33:38+00
5,1550.8,2025-12-08 00:33:39+00
5,1528.4,2025-12-08 00:33:40+00
5,1549.1,2025-12-08 00:33:41+00
5,1530.7,2025-12-08 00:33:42+00
5,1515.4,2025-12-08 00:33:43+00
5,1542.2,2025-12-08 00:33:44+00
5,1517.6,2025-12-08 00:33:45+00
5,1519.8,2025-12-08 00:33:46+00
5,1538,2025-12-08 00:33:47+00
5,1488.3,2025-12-08 00:33:48+00
5,1517.3,2025-12-08 00:33:49+00
5,1515.9,2025-12-08 00:33:50+00
5,1507.6,2025-12-08 00:33:51+00
5,1522.1,2025-12-08 00:33:52+00
5,1521,2025-12-08 00:33:53+00
5,1531.2,2025-12-08 00:33:54+00
5,1551.9,2025-12-08 00:33:55+00
5,1543.3,2025-12-08 00:33:56+00
5,1608,2025-12-08 00:33:57+00
5,1586.4,2025-12-08 00:33:58+00
5,1581.1,2025-12-08 00:33:59+00
5,1630.8,2025-12-08 00:34:00+00
5,1628.8,2025-12-08 00:34:01+00
5,1635.5,2025-12-08 00:34:02+00
5,1628.1,2025-12-08 00:34:03+00
5,1634.1,2025-12-08 00:34:04+00
5,1633.9,2025-12-08 00:34:05+00
5,1645.8,2025-12-08 00:34:06+00
5,1619.8,2025-12-08 00:34:07+00
5,1641.4,2025-12-08 00:34:08+00
5,1657.5,2025-12-08 00:34:09+00
5,1637.5,2025-12-08 00:34:10+00
5,1628.7,2025-12-08 00:34:11+00
5,1672.1,2025-12-08 00:34:12+00
5,1593.9,2025-12-08 00:34:13+00
5,1603.6,2025-12-08 00:34:14+00
5,1591.9,2025-12-08 00:34:15+00
5,1664,2025-12-08 00:34:16+00
5,1657.7,2025-12-08 00:34:17+00
5,1652.7,2025-12-08 00:34:18+00
5,1644.3,2025-12-08 00:34:19+00
5,1606,2025-12-08 00:34:20+00
5,1641,2025-12-08 00:34:21+00
5,1622.5,2025-12-08 00:34:22+00
5,1660.2,2025-12-08 00:34:23+00
5,1595.2,2025-12-08 00:34:24+00
5,1610.5,2025-12-08 00:34:25+00
5,1600.2,2025-12-08 00:34:26+00
5,1615,2025-12-08 00:34:27+00
5,1600,2025-12-08 00:34:28+00
5,1610.6,2025-12-08 00:34:29+00
5,1607.5,2025-12-08 00:34:30+00
5,1601.1,2025-12-08 00:34:31+00
5,1625.5,2025-12-08 00:34:32+00
5,1652.1,2025-12-08 00:34:33+00
5,1632,2025-12-08 00:34:34+00
5,1646.6,2025-12-08 00:34:35+00
5,1622,2025-12-08 00:34:36+00
5,1651.8,2025-12-08 00:34:37+00
5,1627.4,2025-12-08 00:34:38+00
5,1634.7,2025-12-08 00:34:39+00
5,1650.5,2025-12-08 00:34:40+00
5,1660.2,2025-12-08 00:34:41+00
5,1644.2,2025-12-08 00:34:42+00
5,1673,2025-12-08 00:34:43+00
5,1618.2,2025-12-08 00:34:44+00
5,1649.4,2025-12-08 00:34:45+00
5,1646.1,2025-12-08 00:34:46+00
5,1619.2,2025-12-08 00:34:47+00
5,1692.1,2025-12-08 00:34:48+00
5,1686.6,2025-12-08 00:34:49+00
5,1677.1,2025-12-08 00:34:50+00
5,1675.7,2025-12-08 00:34:51+00
5,1688.3,2025-12-08 00:34:52+00
5,1706.4,2025-12-08 00:34:53+00
5,1686.3,2025-12-08 00:34:54+00
5,1674.4,2025-12-08 00:34:55+00
5,1678.8,2025-12-08 00:34:56+00
5,1628.5,2025-12-08 00:34:57+00
5,1644.2,2025-12-08 00:34:58+00
5,1654.9,2025-12-08 00:34:59+00
5,783.2,2025-12-08 00:35:00+00
5,799.2,2025-12-08 00:35:01+00
5,794.3,2025-12-08 00:35:02+00
5,788.6,2025-12-08 00:35:03+00
5,781.1,2025-12-08 00:35:04+00
5,759.3,2025-12-08 00:35:05+00
5,773.5,2025-12-08 00:35:06+00
5,777,2025-12-08 00:35:07+00
5,765.9,2025-12-08 00:35:08+00
5,787.7,2025-12-08 00:35:09+00
5,786.2,2025-12-08 00:35:10+00
5,782.3,2025-12-08 00:35:11+00
5,764.2,2025-12-08 00:35:12+00
5,760.7,2025-12-08 00:35:13+00
5,763.7,2025-12-08 00:35:14+00
5,777.9,2025-12-08 00:35:15+00
5,759.5,2025-12-08 00:35:16+00
5,762.3,2025-12-08 00:35:17+00
5,771.7,2025-12-08 00:35:18+00
5,793,2025-12-08 00:35:19+00
5,760.4,2025-12-08 00:35:20+00
5,786,2025-12-08 00:35:21+00
5,772,2025-12-08 00:35:22+00
5,764.8,2025-12-08 00:35:23+00
5,768.3,2025-12-08 00:35:24+00
5,772.6,2025-12-08 00:35:25+00
5,768.4,2025-12-08 00:35:26+00
5,769.2,2025-12-08 00:35:27+00
5,767.9,2025-12-08 00:35:28+00
5,783.9,2025-12-08 00:35:29+00
5,792,2025-12-08 00:35:30+00
5,778.5,2025-12-08 00:35:31+00
5,768.4,2025-12-08 00:35:32+00
5,911.8,2025-12-08 00:35:33+00
5,882.7,2025-12-08 00:35:34+00
5,873.2,2025-12-08 00:35:35+00
5,871.1,2025-12-08 00:35:36+00
5,779.8,2025-12-08 00:35:37+00
5,887.8,2025-12-08 00:35:38+00
5,955.3,2025-12-08 00:35:39+00
5,894.4,2025-12-08 00:35:40+00
5,871.9,2025-12-08 00:35:41+00
5,807.5,2025-12-08 00:35:42+00
5,772.5,2025-12-08 00:35:43+00
5,890.4,2025-12-08 00:35:44+00
5,894.9,2025-12-08 00:35:45+00
5,876.6,2025-12-08 00:35:46+00
5,880.9,2025-12-08 00:35:47+00
5,896.5,2025-12-08 00:35:48+00
5,882.1,2025-12-08 00:35:49+00
5,891.2,2025-12-08 00:35:50+00
5,888.4,2025-12-08 00:35:51+00
5,821.2,2025-12-08 00:35:52+00
5,803.7,2025-12-08 00:35:53+00
5,841.4,2025-12-08 00:35:54+00
5,801.7,2025-12-08 00:35:55+00
5,816.4,2025-12-08 00:35:56+00
5,809.2,2025-12-08 00:35:57+00
5,795.6,2025-12-08 00:35:58+00
5,810.7,2025-12-08 00:35:59+00
5,1356.2,2025-12-08 00:36:00+00
5,1333,2025-12-08 00:36:01+00
5,1335.4,2025-12-08 00:36:02+00
5,1338.5,2025-12-08 00:36:03+00
5,1364.8,2025-12-08 00:36:04+00
5,1140.1,2025-12-08 00:36:05+00
5,1279.5,2025-12-08 00:36:06+00
5,1134.1,2025-12-08 00:36:07+00
5,1115.3,2025-12-08 00:36:08+00
5,1195.6,2025-12-08 00:36:09+00
5,1122.5,2025-12-08 00:36:10+00
5,1164.3,2025-12-08 00:36:11+00
5,1200.6,2025-12-08 00:36:12+00
5,1231.9,2025-12-08 00:36:13+00
5,1243.5,2025-12-08 00:36:14+00
5,1270.5,2025-12-08 00:36:15+00
5,1322.2,2025-12-08 00:36:16+00
5,1345,2025-12-08 00:36:17+00
5,1361.1,2025-12-08 00:36:18+00
5,1352.4,2025-12-08 00:36:19+00
5,1385,2025-12-08 00:36:20+00
5,1379.9,2025-12-08 00:36:21+00
5,1414.8,2025-12-08 00:36:22+00
5,1379.6,2025-12-08 00:36:23+00
5,1370,2025-12-08 00:36:24+00
5,1387.6,2025-12-08 00:36:25+00
5,1385.3,2025-12-08 00:36:26+00
5,1401.1,2025-12-08 00:36:27+00
5,1389.3,2025-12-08 00:36:28+00
5,1403.7,2025-12-08 00:36:29+00
5,1387.4,2025-12-08 00:36:30+00
5,1383.9,2025-12-08 00:36:31+00
5,1412.7,2025-12-08 00:36:32+00
5,1377.4,2025-12-08 00:36:33+00
5,1369.8,2025-12-08 00:36:34+00
5,1390.2,2025-12-08 00:36:35+00
5,1380.4,2025-12-08 00:36:36+00
5,1403,2025-12-08 00:36:37+00
5,1385.2,2025-12-08 00:36:38+00
5,1379.4,2025-12-08 00:36:39+00
5,1394.6,2025-12-08 00:36:40+00
5,1377.5,2025-12-08 00:36:41+00
5,1384,2025-12-08 00:36:42+00
5,1402.3,2025-12-08 00:36:43+00
5,1412.5,2025-12-08 00:36:44+00
5,1412.8,2025-12-08 00:36:45+00
5,1390.9,2025-12-08 00:36:46+00
5,1425.7,2025-12-08 00:36:47+00
5,1409.7,2025-12-08 00:36:48+00
5,1394.1,2025-12-08 00:36:49+00
5,1371.3,2025-12-08 00:36:50+00
5,1458.5,2025-12-08 00:36:51+00
5,1423.9,2025-12-08 00:36:52+00
5,1410,2025-12-08 00:36:53+00
5,1424.9,2025-12-08 00:36:54+00
5,1414.5,2025-12-08 00:36:55+00
5,1406.4,2025-12-08 00:36:56+00
5,1439.9,2025-12-08 00:36:57+00
5,1406.8,2025-12-08 00:36:58+00
5,1418.8,2025-12-08 00:36:59+00
5,1402.6,2025-12-08 00:37:00+00
5,1390.5,2025-12-08 00:37:01+00
5,1423.9,2025-12-08 00:37:02+00
5,1398.6,2025-12-08 00:37:03+00
5,1412.5,2025-12-08 00:37:04+00
5,1400.3,2025-12-08 00:37:05+00
5,1397.5,2025-12-08 00:37:06+00
5,1430.3,2025-12-08 00:37:07+00
5,1397.5,2025-12-08 00:37:08+00
5,1420.2,2025-12-08 00:37:09+00
5,1401.4,2025-12-08 00:37:10+00
5,1416.6,2025-12-08 00:37:11+00
5,1403.6,2025-12-08 00:37:12+00
5,1403.3,2025-12-08 00:37:13+00
5,1405.3,2025-12-08 00:37:14+00
5,1439.6,2025-12-08 00:37:15+00
5,1387.3,2025-12-08 00:37:16+00
5,1398.6,2025-12-08 00:37:17+00
5,1410.1,2025-12-08 00:37:18+00
5,1406.8,2025-12-08 00:37:19+00
5,1425.3,2025-12-08 00:37:20+00
5,1399.3,2025-12-08 00:37:21+00
5,1402.6,2025-12-08 00:37:22+00
5,1414.3,2025-12-08 00:37:23+00
5,1444.7,2025-12-08 00:37:24+00
5,1419.4,2025-12-08 00:37:25+00
5,1418.2,2025-12-08 00:37:26+00
5,1410.6,2025-12-08 00:37:27+00
5,1450.9,2025-12-08 00:37:28+00
5,1392.2,2025-12-08 00:37:29+00
5,1422.8,2025-12-08 00:37:30+00
5,1409.9,2025-12-08 00:37:31+00
5,1412.4,2025-12-08 00:37:32+00
5,1403.3,2025-12-08 00:37:33+00
5,1417.3,2025-12-08 00:37:34+00
5,1416.7,2025-12-08 00:37:35+00
5,1404.1,2025-12-08 00:37:36+00
5,1427.2,2025-12-08 00:37:37+00
5,1397.3,2025-12-08 00:37:38+00
5,1390.1,2025-12-08 00:37:39+00
5,1424.8,2025-12-08 00:37:40+00
5,1409.6,2025-12-08 00:37:41+00
5,1436.3,2025-12-08 00:37:42+00
5,1402.5,2025-12-08 00:37:43+00
5,1410.7,2025-12-08 00:37:44+00
5,1397.2,2025-12-08 00:37:45+00
5,1416,2025-12-08 00:37:46+00
5,1412.6,2025-12-08 00:37:47+00
5,1432,2025-12-08 00:37:48+00
5,1412.3,2025-12-08 00:37:49+00
5,1423.5,2025-12-08 00:37:50+00
5,1400.7,2025-12-08 00:37:51+00
5,1377.9,2025-12-08 00:37:52+00
5,1398.4,2025-12-08 00:37:53+00
5,1413.6,2025-12-08 00:37:54+00
5,1408.5,2025-12-08 00:37:55+00
5,1407.3,2025-12-08 00:37:56+00
5,1445.3,2025-12-08 00:37:57+00
5,1405.9,2025-12-08 00:37:58+00
5,1415.6,2025-12-08 00:37:59+00
5,1534.3,2025-12-08 00:38:00+00
5,1523.9,2025-12-08 00:38:01+00
5,1528.5,2025-12-08 00:38:02+00
5,1508.5,2025-12-08 00:38:03+00
5,1523.5,2025-12-08 00:38:04+00
5,1506.8,2025-12-08 00:38:05+00
5,1540.9,2025-12-08 00:38:06+00
5,1516,2025-12-08 00:38:07+00
5,1517.5,2025-12-08 00:38:08+00
5,1494.7,2025-12-08 00:38:09+00
5,1539.9,2025-12-08 00:38:10+00
5,1549,2025-12-08 00:38:11+00
5,1521.2,2025-12-08 00:38:12+00
5,1534.3,2025-12-08 00:38:13+00
5,1510.2,2025-12-08 00:38:14+00
5,1532.2,2025-12-08 00:38:15+00
5,1544.1,2025-12-08 00:38:16+00
5,1511.1,2025-12-08 00:38:17+00
5,1509.8,2025-12-08 00:38:18+00
5,1436.2,2025-12-08 00:38:19+00
5,1396.8,2025-12-08 00:38:20+00
5,1446.6,2025-12-08 00:38:21+00
5,1417.7,2025-12-08 00:38:22+00
5,1517.5,2025-12-08 00:38:23+00
5,1494.2,2025-12-08 00:38:24+00
5,1519.9,2025-12-08 00:38:25+00
5,1540,2025-12-08 00:38:26+00
5,1534,2025-12-08 00:38:27+00
5,1508.4,2025-12-08 00:38:28+00
5,1530.8,2025-12-08 00:38:29+00
5,1537.6,2025-12-08 00:38:30+00
5,1525.6,2025-12-08 00:38:31+00
5,1519.8,2025-12-08 00:38:32+00
5,1542,2025-12-08 00:38:33+00
5,1532.4,2025-12-08 00:38:34+00
5,1542.1,2025-12-08 00:38:35+00
5,1498.3,2025-12-08 00:38:36+00
5,1540.9,2025-12-08 00:38:37+00
5,1519.5,2025-12-08 00:38:38+00
5,1538.7,2025-12-08 00:38:39+00
5,1533.6,2025-12-08 00:38:40+00
5,1477,2025-12-08 00:38:41+00
5,1516.6,2025-12-08 00:38:42+00
5,1530.7,2025-12-08 00:38:43+00
5,1542.1,2025-12-08 00:38:44+00
5,1544.8,2025-12-08 00:38:45+00
5,1523.1,2025-12-08 00:38:46+00
5,1518.8,2025-12-08 00:38:47+00
5,1504,2025-12-08 00:38:48+00
5,1521.1,2025-12-08 00:38:49+00
5,1520.7,2025-12-08 00:38:50+00
5,1512.8,2025-12-08 00:38:51+00
5,1517.1,2025-12-08 00:38:52+00
5,1496.8,2025-12-08 00:38:53+00
5,1537.1,2025-12-08 00:38:54+00
5,1531.3,2025-12-08 00:38:55+00
5,1541.4,2025-12-08 00:38:56+00
5,1621.7,2025-12-08 00:38:57+00
5,1595,2025-12-08 00:38:58+00
5,1610.2,2025-12-08 00:38:59+00
5,1665.8,2025-12-08 00:39:00+00
5,1632.3,2025-12-08 00:39:01+00
5,1642.4,2025-12-08 00:39:02+00
5,1632.5,2025-12-08 00:39:03+00
5,1613.8,2025-12-08 00:39:04+00
5,1617.2,2025-12-08 00:39:05+00
5,1655.9,2025-12-08 00:39:06+00
5,1642.7,2025-12-08 00:39:07+00
5,1625.9,2025-12-08 00:39:08+00
5,1644.6,2025-12-08 00:39:09+00
5,1615.4,2025-12-08 00:39:10+00
5,1656.1,2025-12-08 00:39:11+00
5,1639,2025-12-08 00:39:12+00
5,1604.8,2025-12-08 00:39:13+00
5,1598.6,2025-12-08 00:39:14+00
5,1614.5,2025-12-08 00:39:15+00
5,1622.4,2025-12-08 00:39:16+00
5,1637.5,2025-12-08 00:39:17+00
5,1634.8,2025-12-08 00:39:18+00
5,1658.8,2025-12-08 00:39:19+00
5,1654.9,2025-12-08 00:39:20+00
5,1631.4,2025-12-08 00:39:21+00
5,1656.3,2025-12-08 00:39:22+00
5,1645.1,2025-12-08 00:39:23+00
5,1612.8,2025-12-08 00:39:24+00
5,1614.8,2025-12-08 00:39:25+00
5,1604.9,2025-12-08 00:39:26+00
5,1613.6,2025-12-08 00:39:27+00
5,1592.6,2025-12-08 00:39:28+00
5,1615.1,2025-12-08 00:39:29+00
5,1595.8,2025-12-08 00:39:30+00
5,1599.7,2025-12-08 00:39:31+00
5,1630.3,2025-12-08 00:39:32+00
5,1664.9,2025-12-08 00:39:33+00
5,1633.4,2025-12-08 00:39:34+00
5,1636.3,2025-12-08 00:39:35+00
5,1646.9,2025-12-08 00:39:36+00
5,1624.3,2025-12-08 00:39:37+00
5,1641.6,2025-12-08 00:39:38+00
5,1646.8,2025-12-08 00:39:39+00
5,1634.4,2025-12-08 00:39:40+00
5,1654.4,2025-12-08 00:39:41+00
5,1646.8,2025-12-08 00:39:42+00
5,1649.6,2025-12-08 00:39:43+00
5,1639.4,2025-12-08 00:39:44+00
5,1672.2,2025-12-08 00:39:45+00
5,1640.7,2025-12-08 00:39:46+00
5,1625.7,2025-12-08 00:39:47+00
5,1680.2,2025-12-08 00:39:48+00
5,1718.4,2025-12-08 00:39:49+00
5,1705.7,2025-12-08 00:39:50+00
5,1691.6,2025-12-08 00:39:51+00
5,1714.7,2025-12-08 00:39:52+00
5,1674.9,2025-12-08 00:39:53+00
5,1706.3,2025-12-08 00:39:54+00
5,1687.3,2025-12-08 00:39:55+00
5,1671.4,2025-12-08 00:39:56+00
5,1661.6,2025-12-08 00:39:57+00
5,1643.7,2025-12-08 00:39:58+00
5,1635.5,2025-12-08 00:39:59+00
5,823.434405,2025-12-08 00:40:00+00
5,825.134405,2025-12-08 00:40:01+00
5,825.534405,2025-12-08 00:40:02+00
5,825.634405,2025-12-08 00:40:03+00
5,850.734405,2025-12-08 00:40:04+00
5,839.734405,2025-12-08 00:40:05+00
5,839.134405,2025-12-08 00:40:06+00
5,840.634405,2025-12-08 00:40:07+00
5,840.434405,2025-12-08 00:40:08+00
5,840.134405,2025-12-08 00:40:09+00
5,837.034405,2025-12-08 00:40:10+00
5,793.234405,2025-12-08 00:40:11+00
5,793.334405,2025-12-08 00:40:12+00
5,697.534405,2025-12-08 00:40:13+00
5,696.734405,2025-12-08 00:40:14+00
5,697.934405,2025-12-08 00:40:15+00
5,695.034405,2025-12-08 00:40:16+00
5,693.434405,2025-12-08 00:40:17+00
5,695.734405,2025-12-08 00:40:18+00
5,698.634405,2025-12-08 00:40:19+00
5,734.134405,2025-12-08 00:40:20+00
5,784.734405,2025-12-08 00:40:21+00
5,795.334405,2025-12-08 00:40:22+00
5,794.634405,2025-12-08 00:40:23+00
5,794.734405,2025-12-08 00:40:24+00
5,796.534405,2025-12-08 00:40:25+00
5,796.334405,2025-12-08 00:40:26+00
5,800.334405,2025-12-08 00:40:27+00
5,804.634405,2025-12-08 00:40:28+00
5,803.834405,2025-12-08 00:40:29+00
5,811.334405,2025-12-08 00:40:30+00
5,807.634405,2025-12-08 00:40:31+00
5,804.634405,2025-12-08 00:40:32+00
5,811.434405,2025-12-08 00:40:33+00
5,812.834405,2025-12-08 00:40:34+00
5,810.634405,2025-12-08 00:40:35+00
5,815.734405,2025-12-08 00:40:36+00
5,815.034405,2025-12-08 00:40:37+00
5,815.134405,2025-12-08 00:40:38+00
5,820.434405,2025-12-08 00:40:39+00
5,819.634405,2025-12-08 00:40:40+00
5,819.034405,2025-12-08 00:40:41+00
5,821.434405,2025-12-08 00:40:42+00
5,819.534405,2025-12-08 00:40:43+00
5,819.134405,2025-12-08 00:40:44+00
5,828.834405,2025-12-08 00:40:45+00
5,821.034405,2025-12-08 00:40:46+00
5,821.634405,2025-12-08 00:40:47+00
5,822.234405,2025-12-08 00:40:48+00
5,820.034405,2025-12-08 00:40:49+00
5,821.734405,2025-12-08 00:40:50+00
5,820.534405,2025-12-08 00:40:51+00
5,821.234405,2025-12-08 00:40:52+00
5,821.634405,2025-12-08 00:40:53+00
5,822.634405,2025-12-08 00:40:54+00
5,822.334405,2025-12-08 00:40:55+00
5,820.734405,2025-12-08 00:40:56+00
5,838.934405,2025-12-08 00:40:57+00
5,828.734405,2025-12-08 00:40:58+00
5,827.634405,2025-12-08 00:40:59+00
5,847.134405,2025-12-08 00:41:00+00
5,835.634405,2025-12-08 00:41:01+00
5,827.434405,2025-12-08 00:41:02+00
5,825.834405,2025-12-08 00:41:03+00
5,822.034405,2025-12-08 00:41:04+00
5,838.134405,2025-12-08 00:41:05+00
5,825.434405,2025-12-08 00:41:06+00
5,824.034405,2025-12-08 00:41:07+00
5,823.834405,2025-12-08 00:41:08+00
5,823.934405,2025-12-08 00:41:09+00
5,822.134405,2025-12-08 00:41:10+00
5,825.934405,2025-12-08 00:41:11+00
5,824.134405,2025-12-08 00:41:12+00
5,823.934405,2025-12-08 00:41:13+00
5,824.834405,2025-12-08 00:41:14+00
5,833.734405,2025-12-08 00:41:15+00
5,824.634405,2025-12-08 00:41:16+00
5,824.634405,2025-12-08 00:41:17+00
5,825.034405,2025-12-08 00:41:18+00
5,829.934405,2025-12-08 00:41:19+00
5,828.834405,2025-12-08 00:41:20+00
5,823.334405,2025-12-08 00:41:21+00
5,822.134405,2025-12-08 00:41:22+00
5,833.334405,2025-12-08 00:41:23+00
5,824.734405,2025-12-08 00:41:24+00
5,822.034405,2025-12-08 00:41:25+00
5,825.734405,2025-12-08 00:41:26+00
5,825.734405,2025-12-08 00:41:27+00
5,825.334405,2025-12-08 00:41:28+00
5,825.134405,2025-12-08 00:41:29+00
5,822.434405,2025-12-08 00:41:30+00
5,822.534405,2025-12-08 00:41:31+00
5,823.334405,2025-12-08 00:41:32+00
5,824.634405,2025-12-08 00:41:33+00
5,824.834405,2025-12-08 00:41:34+00
5,823.434405,2025-12-08 00:41:35+00
5,821.934405,2025-12-08 00:41:36+00
5,823.934405,2025-12-08 00:41:37+00
5,822.734405,2025-12-08 00:41:38+00
5,820.734405,2025-12-08 00:41:39+00
5,817.734405,2025-12-08 00:41:40+00
5,822.534405,2025-12-08 00:41:41+00
5,822.934405,2025-12-08 00:41:42+00
5,839.934405,2025-12-08 00:41:43+00
5,823.534405,2025-12-08 00:41:44+00
5,819.834405,2025-12-08 00:41:45+00
5,819.234405,2025-12-08 00:41:46+00
5,822.334405,2025-12-08 00:41:47+00
5,827.034405,2025-12-08 00:41:48+00
5,824.934405,2025-12-08 00:41:49+00
5,821.034405,2025-12-08 00:41:50+00
5,821.534405,2025-12-08 00:41:51+00
5,821.734405,2025-12-08 00:41:52+00
5,821.634405,2025-12-08 00:41:53+00
5,824.134405,2025-12-08 00:41:54+00
5,832.834405,2025-12-08 00:41:55+00
5,821.534405,2025-12-08 00:41:56+00
5,820.334405,2025-12-08 00:41:57+00
5,823.834405,2025-12-08 00:41:58+00
5,824.534405,2025-12-08 00:41:59+00
5,825.434405,2025-12-08 00:42:00+00
5,834.334405,2025-12-08 00:42:01+00
5,825.634405,2025-12-08 00:42:02+00
5,826.434405,2025-12-08 00:42:03+00
5,826.734405,2025-12-08 00:42:04+00
5,823.734405,2025-12-08 00:42:05+00
5,825.134405,2025-12-08 00:42:06+00
5,820.134405,2025-12-08 00:42:07+00
5,819.534405,2025-12-08 00:42:08+00
5,823.434405,2025-12-08 00:42:09+00
5,821.334405,2025-12-08 00:42:10+00
5,840.434405,2025-12-08 00:42:11+00
5,827.334405,2025-12-08 00:42:12+00
5,828.034405,2025-12-08 00:42:13+00
5,829.034405,2025-12-08 00:42:14+00
5,829.634405,2025-12-08 00:42:15+00
5,832.134405,2025-12-08 00:42:16+00
5,827.334405,2025-12-08 00:42:17+00
5,829.134405,2025-12-08 00:42:18+00
5,834.334405,2025-12-08 00:42:19+00
5,830.834405,2025-12-08 00:42:20+00
5,834.534405,2025-12-08 00:42:21+00
5,829.334405,2025-12-08 00:42:22+00
5,828.034405,2025-12-08 00:42:23+00
5,830.134405,2025-12-08 00:42:24+00
5,841.734405,2025-12-08 00:42:25+00
5,826.034405,2025-12-08 00:42:26+00
5,822.134405,2025-12-08 00:42:27+00
5,824.934405,2025-12-08 00:42:28+00
5,820.534405,2025-12-08 00:42:29+00
5,822.734405,2025-12-08 00:42:30+00
5,821.034405,2025-12-08 00:42:31+00
5,820.534405,2025-12-08 00:42:32+00
5,819.034405,2025-12-08 00:42:33+00
5,825.334405,2025-12-08 00:42:34+00
5,820.634405,2025-12-08 00:42:35+00
5,821.634405,2025-12-08 00:42:36+00
5,825.134405,2025-12-08 00:42:37+00
5,819.434405,2025-12-08 00:42:38+00
5,818.734405,2025-12-08 00:42:39+00
5,822.234405,2025-12-08 00:42:40+00
5,819.934405,2025-12-08 00:42:41+00
5,822.134405,2025-12-08 00:42:42+00
5,821.734405,2025-12-08 00:42:43+00
5,819.934405,2025-12-08 00:42:44+00
5,819.534405,2025-12-08 00:42:45+00
5,821.534405,2025-12-08 00:42:46+00
5,825.734405,2025-12-08 00:42:47+00
5,822.534405,2025-12-08 00:42:48+00
5,820.634405,2025-12-08 00:42:49+00
5,829.834405,2025-12-08 00:42:50+00
5,819.734405,2025-12-08 00:42:51+00
5,821.234405,2025-12-08 00:42:52+00
5,820.534405,2025-12-08 00:42:53+00
5,822.834405,2025-12-08 00:42:54+00
5,819.634405,2025-12-08 00:42:55+00
5,818.134405,2025-12-08 00:42:56+00
5,818.334405,2025-12-08 00:42:57+00
5,821.034405,2025-12-08 00:42:58+00
5,818.534405,2025-12-08 00:42:59+00
5,820.734405,2025-12-08 00:43:00+00
5,823.134405,2025-12-08 00:43:01+00
5,827.334405,2025-12-08 00:43:02+00
5,832.434405,2025-12-08 00:43:03+00
5,826.834405,2025-12-08 00:43:04+00
5,831.934405,2025-12-08 00:43:05+00
5,823.434405,2025-12-08 00:43:06+00
5,828.134405,2025-12-08 00:43:07+00
5,834.934405,2025-12-08 00:43:08+00
5,819.234405,2025-12-08 00:43:09+00
5,821.034405,2025-12-08 00:43:10+00
5,820.634405,2025-12-08 00:43:11+00
5,821.834405,2025-12-08 00:43:12+00
5,822.734405,2025-12-08 00:43:13+00
5,820.434405,2025-12-08 00:43:14+00
5,821.034405,2025-12-08 00:43:15+00
5,819.034405,2025-12-08 00:43:16+00
5,819.334405,2025-12-08 00:43:17+00
5,822.434405,2025-12-08 00:43:18+00
5,824.834405,2025-12-08 00:43:19+00
5,819.634405,2025-12-08 00:43:20+00
5,828.834405,2025-12-08 00:43:21+00
5,817.734405,2025-12-08 00:43:22+00
5,820.834405,2025-12-08 00:43:23+00
5,818.834405,2025-12-08 00:43:24+00
5,824.934405,2025-12-08 00:43:25+00
5,815.634405,2025-12-08 00:43:26+00
5,816.934405,2025-12-08 00:43:27+00
5,822.134405,2025-12-08 00:43:28+00
5,816.834405,2025-12-08 00:43:29+00
5,818.934405,2025-12-08 00:43:30+00
5,833.034405,2025-12-08 00:43:31+00
5,817.234405,2025-12-08 00:43:32+00
5,822.534405,2025-12-08 00:43:33+00
5,821.534405,2025-12-08 00:43:34+00
5,819.834405,2025-12-08 00:43:35+00
5,827.934405,2025-12-08 00:43:36+00
5,820.534405,2025-12-08 00:43:37+00
5,821.034405,2025-12-08 00:43:38+00
5,824.034405,2025-12-08 00:43:39+00
5,821.434405,2025-12-08 00:43:40+00
5,818.634405,2025-12-08 00:43:41+00
5,819.334405,2025-12-08 00:43:42+00
5,819.534405,2025-12-08 00:43:43+00
5,824.634405,2025-12-08 00:43:44+00
5,822.634405,2025-12-08 00:43:45+00
5,820.834405,2025-12-08 00:43:46+00
5,820.734405,2025-12-08 00:43:47+00
5,822.634405,2025-12-08 00:43:48+00
5,824.834405,2025-12-08 00:43:49+00
5,820.534405,2025-12-08 00:43:50+00
5,820.734405,2025-12-08 00:43:51+00
5,822.534405,2025-12-08 00:43:52+00
5,817.934405,2025-12-08 00:43:53+00
5,819.934405,2025-12-08 00:43:54+00
5,816.534405,2025-12-08 00:43:55+00
5,831.734405,2025-12-08 00:43:56+00
5,821.534405,2025-12-08 00:43:57+00
5,817.234405,2025-12-08 00:43:58+00
5,817.234405,2025-12-08 00:43:59+00
5,824.434405,2025-12-08 00:44:00+00
5,818.734405,2025-12-08 00:44:01+00
5,826.834405,2025-12-08 00:44:02+00
5,830.934405,2025-12-08 00:44:03+00
5,823.634405,2025-12-08 00:44:04+00
5,825.934405,2025-12-08 00:44:05+00
5,827.334405,2025-12-08 00:44:06+00
5,819.434405,2025-12-08 00:44:07+00
5,823.834405,2025-12-08 00:44:08+00
5,820.034405,2025-12-08 00:44:09+00
5,820.934405,2025-12-08 00:44:10+00
5,817.634405,2025-12-08 00:44:11+00
5,818.134405,2025-12-08 00:44:12+00
5,818.234405,2025-12-08 00:44:13+00
5,937.234405,2025-12-08 00:44:14+00
5,924.134405,2025-12-08 00:44:15+00
5,920.934405,2025-12-08 00:44:16+00
5,920.834405,2025-12-08 00:44:17+00
5,921.234405,2025-12-08 00:44:18+00
5,921.934405,2025-12-08 00:44:19+00
5,919.934405,2025-12-08 00:44:20+00
5,922.034405,2025-12-08 00:44:21+00
5,916.134405,2025-12-08 00:44:22+00
5,914.534405,2025-12-08 00:44:23+00
5,909.734405,2025-12-08 00:44:24+00
5,908.534405,2025-12-08 00:44:25+00
5,909.634405,2025-12-08 00:44:26+00
5,910.934405,2025-12-08 00:44:27+00
5,908.634405,2025-12-08 00:44:28+00
5,907.834405,2025-12-08 00:44:29+00
5,909.634405,2025-12-08 00:44:30+00
5,907.734405,2025-12-08 00:44:31+00
5,910.134405,2025-12-08 00:44:32+00
5,911.034405,2025-12-08 00:44:33+00
5,909.534405,2025-12-08 00:44:34+00
5,909.834405,2025-12-08 00:44:35+00
5,910.234405,2025-12-08 00:44:36+00
5,907.734405,2025-12-08 00:44:37+00
5,912.434405,2025-12-08 00:44:38+00
5,916.534405,2025-12-08 00:44:39+00
5,911.434405,2025-12-08 00:44:40+00
5,910.734405,2025-12-08 00:44:41+00
5,927.434405,2025-12-08 00:44:42+00
5,948.334405,2025-12-08 00:44:43+00
5,924.734405,2025-12-08 00:44:44+00
5,920.834405,2025-12-08 00:44:45+00
5,920.934405,2025-12-08 00:44:46+00
5,921.534405,2025-12-08 00:44:47+00
5,921.734405,2025-12-08 00:44:48+00
5,920.334405,2025-12-08 00:44:49+00
5,926.234405,2025-12-08 00:44:50+00
5,922.734405,2025-12-08 00:44:51+00
5,923.634405,2025-12-08 00:44:52+00
5,923.134405,2025-12-08 00:44:53+00
5,922.534405,2025-12-08 00:44:54+00
5,922.734405,2025-12-08 00:44:55+00
5,924.534405,2025-12-08 00:44:56+00
5,926.734405,2025-12-08 00:44:57+00
5,929.234405,2025-12-08 00:44:58+00
5,924.734405,2025-12-08 00:44:59+00
5,926.634405,2025-12-08 00:45:00+00
5,924.534405,2025-12-08 00:45:01+00
5,926.334405,2025-12-08 00:45:02+00
5,927.134405,2025-12-08 00:45:03+00
5,921.734405,2025-12-08 00:45:04+00
5,926.534405,2025-12-08 00:45:05+00
5,925.634405,2025-12-08 00:45:06+00
5,918.634405,2025-12-08 00:45:07+00
5,922.934405,2025-12-08 00:45:08+00
5,924.034405,2025-12-08 00:45:09+00
5,922.834405,2025-12-08 00:45:10+00
5,924.234405,2025-12-08 00:45:11+00
5,924.434405,2025-12-08 00:45:12+00
5,909.634405,2025-12-08 00:45:13+00
5,1189.534405,2025-12-08 00:45:14+00
5,1264.334405,2025-12-08 00:45:15+00
5,1128.934405,2025-12-08 00:45:16+00
5,1127.434405,2025-12-08 00:45:17+00
5,1205.934405,2025-12-08 00:45:18+00
5,1141.734405,2025-12-08 00:45:19+00
5,1190.434405,2025-12-08 00:45:20+00
5,1219.234405,2025-12-08 00:45:21+00
5,1238.534405,2025-12-08 00:45:22+00
5,1266.234405,2025-12-08 00:45:23+00
5,1286.634405,2025-12-08 00:45:24+00
5,1307.534405,2025-12-08 00:45:25+00
5,1324.634405,2025-12-08 00:45:26+00
5,1342.534405,2025-12-08 00:45:27+00
5,1358.434405,2025-12-08 00:45:28+00
5,1363.534405,2025-12-08 00:45:29+00
5,1367.834405,2025-12-08 00:45:30+00
5,1371.134405,2025-12-08 00:45:31+00
5,1377.934405,2025-12-08 00:45:32+00
5,1377.334405,2025-12-08 00:45:33+00
5,1376.734405,2025-12-08 00:45:34+00
5,1376.134405,2025-12-08 00:45:35+00
5,1379.034405,2025-12-08 00:45:36+00
5,1375.634405,2025-12-08 00:45:37+00
5,1375.034405,2025-12-08 00:45:38+00
5,1377.334405,2025-12-08 00:45:39+00
5,1376.834405,2025-12-08 00:45:40+00
5,1373.534405,2025-12-08 00:45:41+00
5,1372.734405,2025-12-08 00:45:42+00
5,1371.734405,2025-12-08 00:45:43+00
5,1374.734405,2025-12-08 00:45:44+00
5,1373.434405,2025-12-08 00:45:45+00
5,1370.434405,2025-12-08 00:45:46+00
5,1372.234405,2025-12-08 00:45:47+00
5,1374.334405,2025-12-08 00:45:48+00
5,1376.434405,2025-12-08 00:45:49+00
5,1377.434405,2025-12-08 00:45:50+00
5,1380.734405,2025-12-08 00:45:51+00
5,1382.734405,2025-12-08 00:45:52+00
5,1384.034405,2025-12-08 00:45:53+00
5,1387.134405,2025-12-08 00:45:54+00
5,1390.734405,2025-12-08 00:45:55+00
5,1392.334405,2025-12-08 00:45:56+00
5,1395.434405,2025-12-08 00:45:57+00
5,1408.834405,2025-12-08 00:45:58+00
5,1393.634405,2025-12-08 00:45:59+00
5,1395.334405,2025-12-08 00:46:00+00
5,1399.634405,2025-12-08 00:46:01+00
5,1397.534405,2025-12-08 00:46:02+00
5,1398.634405,2025-12-08 00:46:03+00
5,1398.234405,2025-12-08 00:46:04+00
5,1396.734405,2025-12-08 00:46:05+00
5,1397.334405,2025-12-08 00:46:06+00
5,1396.434405,2025-12-08 00:46:07+00
5,1394.134405,2025-12-08 00:46:08+00
5,1414.434405,2025-12-08 00:46:09+00
5,1396.934405,2025-12-08 00:46:10+00
5,1397.034405,2025-12-08 00:46:11+00
5,1394.534405,2025-12-08 00:46:12+00
5,1395.334405,2025-12-08 00:46:13+00
5,1395.734405,2025-12-08 00:46:14+00
5,1393.034405,2025-12-08 00:46:15+00
5,1392.934405,2025-12-08 00:46:16+00
5,1394.134405,2025-12-08 00:46:17+00
5,1393.534405,2025-12-08 00:46:18+00
5,1418.834405,2025-12-08 00:46:19+00
5,1400.734405,2025-12-08 00:46:20+00
5,1402.034405,2025-12-08 00:46:21+00
5,1396.134405,2025-12-08 00:46:22+00
5,1397.234405,2025-12-08 00:46:23+00
5,1398.534405,2025-12-08 00:46:24+00
5,1396.834405,2025-12-08 00:46:25+00
5,1398.034405,2025-12-08 00:46:26+00
5,1401.434405,2025-12-08 00:46:27+00
5,1401.634405,2025-12-08 00:46:28+00
5,1401.834405,2025-12-08 00:46:29+00
5,1403.834405,2025-12-08 00:46:30+00
5,1398.834405,2025-12-08 00:46:31+00
5,1399.934405,2025-12-08 00:46:32+00
5,1403.834405,2025-12-08 00:46:33+00
5,1404.234405,2025-12-08 00:46:34+00
5,1398.934405,2025-12-08 00:46:35+00
5,1400.834405,2025-12-08 00:46:36+00
5,1399.034405,2025-12-08 00:46:37+00
5,1403.934405,2025-12-08 00:46:38+00
5,1404.034405,2025-12-08 00:46:39+00
5,1403.234405,2025-12-08 00:46:40+00
5,1400.134405,2025-12-08 00:46:41+00
5,1402.634405,2025-12-08 00:46:42+00
5,1401.234405,2025-12-08 00:46:43+00
5,1402.334405,2025-12-08 00:46:44+00
5,1399.634405,2025-12-08 00:46:45+00
5,1397.734405,2025-12-08 00:46:46+00
5,1399.434405,2025-12-08 00:46:47+00
5,1400.634405,2025-12-08 00:46:48+00
5,1393.234405,2025-12-08 00:46:49+00
5,1396.234405,2025-12-08 00:46:50+00
5,1398.134405,2025-12-08 00:46:51+00
5,1393.834405,2025-12-08 00:46:52+00
5,1398.234405,2025-12-08 00:46:53+00
5,1400.234405,2025-12-08 00:46:54+00
5,1394.734405,2025-12-08 00:46:55+00
5,1395.234405,2025-12-08 00:46:56+00
5,1400.434405,2025-12-08 00:46:57+00
5,1395.134405,2025-12-08 00:46:58+00
5,1399.134405,2025-12-08 00:46:59+00
5,1399.434405,2025-12-08 00:47:00+00
5,1408.534405,2025-12-08 00:47:01+00
5,1401.134405,2025-12-08 00:47:02+00
5,1397.234405,2025-12-08 00:47:03+00
5,1398.234405,2025-12-08 00:47:04+00
5,1383.634405,2025-12-08 00:47:05+00
5,1386.334405,2025-12-08 00:47:06+00
5,1384.934405,2025-12-08 00:47:07+00
5,1391.934405,2025-12-08 00:47:08+00
5,1390.734405,2025-12-08 00:47:09+00
5,1390.734405,2025-12-08 00:47:10+00
5,1385.934405,2025-12-08 00:47:11+00
5,1387.134405,2025-12-08 00:47:12+00
5,1394.634405,2025-12-08 00:47:13+00
5,1389.834405,2025-12-08 00:47:14+00
5,1386.534405,2025-12-08 00:47:15+00
5,1382.134405,2025-12-08 00:47:16+00
5,1386.734405,2025-12-08 00:47:17+00
5,1387.534405,2025-12-08 00:47:18+00
5,1391.534405,2025-12-08 00:47:19+00
5,1391.734405,2025-12-08 00:47:20+00
5,1388.734405,2025-12-08 00:47:21+00
5,1382.734405,2025-12-08 00:47:22+00
5,1399.334405,2025-12-08 00:47:23+00
5,1384.634405,2025-12-08 00:47:24+00
5,1383.034405,2025-12-08 00:47:25+00
5,1343.034405,2025-12-08 00:47:26+00
5,1344.934405,2025-12-08 00:47:27+00
5,1342.234405,2025-12-08 00:47:28+00
5,1340.834405,2025-12-08 00:47:29+00
5,1342.234405,2025-12-08 00:47:30+00
5,1338.434405,2025-12-08 00:47:31+00
5,1341.234405,2025-12-08 00:47:32+00
5,1342.834405,2025-12-08 00:47:33+00
5,1342.034405,2025-12-08 00:47:34+00
5,1340.834405,2025-12-08 00:47:35+00
5,1344.134405,2025-12-08 00:47:36+00
5,1342.434405,2025-12-08 00:47:37+00
5,1342.834405,2025-12-08 00:47:38+00
5,1342.834405,2025-12-08 00:47:39+00
5,1339.834405,2025-12-08 00:47:40+00
5,1349.734405,2025-12-08 00:47:41+00
5,1340.434405,2025-12-08 00:47:42+00
5,1340.334405,2025-12-08 00:47:43+00
5,1341.634405,2025-12-08 00:47:44+00
5,1339.334405,2025-12-08 00:47:45+00
5,1341.534405,2025-12-08 00:47:46+00
5,1345.034405,2025-12-08 00:47:47+00
5,1343.334405,2025-12-08 00:47:48+00
5,1339.234405,2025-12-08 00:47:49+00
5,1340.034405,2025-12-08 00:47:50+00
5,1339.634405,2025-12-08 00:47:51+00
5,1337.834405,2025-12-08 00:47:52+00
5,1349.334405,2025-12-08 00:47:53+00
5,1337.434405,2025-12-08 00:47:54+00
5,1344.534405,2025-12-08 00:47:55+00
5,1336.834405,2025-12-08 00:47:56+00
5,1337.034405,2025-12-08 00:47:57+00
5,1350.434405,2025-12-08 00:47:58+00
5,1338.934405,2025-12-08 00:47:59+00
5,1339.934405,2025-12-08 00:48:00+00
5,1354.734405,2025-12-08 00:48:01+00
5,1342.334405,2025-12-08 00:48:02+00
5,1337.234405,2025-12-08 00:48:03+00
5,1409.034405,2025-12-08 00:48:04+00
5,1442.534405,2025-12-08 00:48:05+00
5,1441.634405,2025-12-08 00:48:06+00
5,1431.134405,2025-12-08 00:48:07+00
5,1433.134405,2025-12-08 00:48:08+00
5,1431.734405,2025-12-08 00:48:09+00
5,1432.234405,2025-12-08 00:48:10+00
5,1439.534405,2025-12-08 00:48:11+00
5,1436.834405,2025-12-08 00:48:12+00
5,1433.234405,2025-12-08 00:48:13+00
5,1435.034405,2025-12-08 00:48:14+00
5,1433.634405,2025-12-08 00:48:15+00
5,1432.034405,2025-12-08 00:48:16+00
5,1434.634405,2025-12-08 00:48:17+00
5,1437.134405,2025-12-08 00:48:18+00
5,1450.134405,2025-12-08 00:48:19+00
5,1442.834405,2025-12-08 00:48:20+00
5,1432.834405,2025-12-08 00:48:21+00
5,1430.334405,2025-12-08 00:48:22+00
5,1436.434405,2025-12-08 00:48:23+00
5,1442.934405,2025-12-08 00:48:24+00
5,1440.234405,2025-12-08 00:48:25+00
5,1439.334405,2025-12-08 00:48:26+00
5,1436.434405,2025-12-08 00:48:27+00
5,1431.334405,2025-12-08 00:48:28+00
5,1443.534405,2025-12-08 00:48:29+00
5,1433.134405,2025-12-08 00:48:30+00
5,1433.034405,2025-12-08 00:48:31+00
5,1433.534405,2025-12-08 00:48:32+00
5,1433.134405,2025-12-08 00:48:33+00
5,1434.234405,2025-12-08 00:48:34+00
5,1432.334405,2025-12-08 00:48:35+00
5,1431.934405,2025-12-08 00:48:36+00
5,1431.234405,2025-12-08 00:48:37+00
5,1433.834405,2025-12-08 00:48:38+00
5,1434.434405,2025-12-08 00:48:39+00
5,1437.434405,2025-12-08 00:48:40+00
5,1432.434405,2025-12-08 00:48:41+00
5,1430.934405,2025-12-08 00:48:42+00
5,1431.534405,2025-12-08 00:48:43+00
5,1432.334405,2025-12-08 00:48:44+00
5,1438.034405,2025-12-08 00:48:45+00
5,1431.534405,2025-12-08 00:48:46+00
5,1430.434405,2025-12-08 00:48:47+00
5,1431.634405,2025-12-08 00:48:48+00
5,1430.434405,2025-12-08 00:48:49+00
5,1430.434405,2025-12-08 00:48:50+00
5,1431.434405,2025-12-08 00:48:51+00
5,1430.134405,2025-12-08 00:48:52+00
5,1434.134405,2025-12-08 00:48:53+00
5,1432.834405,2025-12-08 00:48:54+00
5,1430.934405,2025-12-08 00:48:55+00
5,1429.734405,2025-12-08 00:48:56+00
5,1439.034405,2025-12-08 00:48:57+00
5,1440.134405,2025-12-08 00:48:58+00
5,1430.734405,2025-12-08 00:48:59+00
5,1434.334405,2025-12-08 00:49:00+00
5,1434.834405,2025-12-08 00:49:01+00
5,1438.734405,2025-12-08 00:49:02+00
5,1434.534405,2025-12-08 00:49:03+00
5,1435.134405,2025-12-08 00:49:04+00
5,1433.134405,2025-12-08 00:49:05+00
5,1435.234405,2025-12-08 00:49:06+00
5,1432.434405,2025-12-08 00:49:07+00
5,1435.434405,2025-12-08 00:49:08+00
5,1432.934405,2025-12-08 00:49:09+00
5,1431.734405,2025-12-08 00:49:10+00
5,1433.134405,2025-12-08 00:49:11+00
5,1434.934405,2025-12-08 00:49:12+00
5,1430.534405,2025-12-08 00:49:13+00
5,1432.934405,2025-12-08 00:49:14+00
5,1437.234405,2025-12-08 00:49:15+00
5,1433.934405,2025-12-08 00:49:16+00
5,1433.534405,2025-12-08 00:49:17+00
5,1433.534405,2025-12-08 00:49:18+00
5,1434.734405,2025-12-08 00:49:19+00
5,1436.734405,2025-12-08 00:49:20+00
5,1440.934405,2025-12-08 00:49:21+00
5,1431.034405,2025-12-08 00:49:22+00
5,1435.934405,2025-12-08 00:49:23+00
5,1432.034405,2025-12-08 00:49:24+00
5,1432.434405,2025-12-08 00:49:25+00
5,1433.434405,2025-12-08 00:49:26+00
5,1431.234405,2025-12-08 00:49:27+00
5,1432.334405,2025-12-08 00:49:28+00
5,1433.134405,2025-12-08 00:49:29+00
5,1433.434405,2025-12-08 00:49:30+00
5,1432.634405,2025-12-08 00:49:31+00
5,1439.334405,2025-12-08 00:49:32+00
5,1442.134405,2025-12-08 00:49:33+00
5,1439.434405,2025-12-08 00:49:34+00
5,1441.934405,2025-12-08 00:49:35+00
5,1440.134405,2025-12-08 00:49:36+00
5,1435.334405,2025-12-08 00:49:37+00
5,1434.234405,2025-12-08 00:49:38+00
5,1432.734405,2025-12-08 00:49:39+00
5,1436.034405,2025-12-08 00:49:40+00
5,1435.234405,2025-12-08 00:49:41+00
5,1473.034405,2025-12-08 00:49:42+00
5,1525.534405,2025-12-08 00:49:43+00
5,1514.734405,2025-12-08 00:49:44+00
5,1514.834405,2025-12-08 00:49:45+00
5,1511.534405,2025-12-08 00:49:46+00
5,1512.734405,2025-12-08 00:49:47+00
5,1512.134405,2025-12-08 00:49:48+00
5,1509.934405,2025-12-08 00:49:49+00
5,1512.034405,2025-12-08 00:49:50+00
5,1513.034405,2025-12-08 00:49:51+00
5,1513.834405,2025-12-08 00:49:52+00
5,1514.234405,2025-12-08 00:49:53+00
5,1513.734405,2025-12-08 00:49:54+00
5,1513.334405,2025-12-08 00:49:55+00
5,1516.334405,2025-12-08 00:49:56+00
5,1514.634405,2025-12-08 00:49:57+00
5,1529.534405,2025-12-08 00:49:58+00
5,1518.734405,2025-12-08 00:49:59+00
5,1519.734405,2025-12-08 00:50:00+00
5,1516.834405,2025-12-08 00:50:01+00
5,1522.834405,2025-12-08 00:50:02+00
5,1520.134405,2025-12-08 00:50:03+00
5,1517.734405,2025-12-08 00:50:04+00
5,1521.134405,2025-12-08 00:50:05+00
5,1517.234405,2025-12-08 00:50:06+00
5,1516.834405,2025-12-08 00:50:07+00
5,1517.334405,2025-12-08 00:50:08+00
5,1520.534405,2025-12-08 00:50:09+00
5,1519.934405,2025-12-08 00:50:10+00
5,1521.534405,2025-12-08 00:50:11+00
5,1523.534405,2025-12-08 00:50:12+00
5,1523.534405,2025-12-08 00:50:13+00
5,1528.034405,2025-12-08 00:50:14+00
5,1519.734405,2025-12-08 00:50:15+00
5,1537.434405,2025-12-08 00:50:16+00
5,1524.034405,2025-12-08 00:50:17+00
5,1520.334405,2025-12-08 00:50:18+00
5,1521.934405,2025-12-08 00:50:19+00
5,1527.434405,2025-12-08 00:50:20+00
5,1528.634405,2025-12-08 00:50:21+00
5,1523.634405,2025-12-08 00:50:22+00
5,1519.334405,2025-12-08 00:50:23+00
5,1531.434405,2025-12-08 00:50:24+00
5,1515.634405,2025-12-08 00:50:25+00
5,1517.734405,2025-12-08 00:50:26+00
5,1519.734405,2025-12-08 00:50:27+00
5,1520.534405,2025-12-08 00:50:28+00
5,1523.634405,2025-12-08 00:50:29+00
5,1518.934405,2025-12-08 00:50:30+00
5,1519.134405,2025-12-08 00:50:31+00
5,1527.534405,2025-12-08 00:50:32+00
5,1519.534405,2025-12-08 00:50:33+00
5,1518.134405,2025-12-08 00:50:34+00
5,1590.734405,2025-12-08 00:50:35+00
5,1614.634405,2025-12-08 00:50:36+00
5,1610.034405,2025-12-08 00:50:37+00
5,1614.234405,2025-12-08 00:50:38+00
5,1612.934405,2025-12-08 00:50:39+00
5,1619.534405,2025-12-08 00:50:40+00
5,1618.334405,2025-12-08 00:50:41+00
5,1627.334405,2025-12-08 00:50:42+00
5,1619.034405,2025-12-08 00:50:43+00
5,1626.034405,2025-12-08 00:50:44+00
5,1624.134405,2025-12-08 00:50:45+00
5,1621.434405,2025-12-08 00:50:46+00
5,1622.234405,2025-12-08 00:50:47+00
5,1618.434405,2025-12-08 00:50:48+00
5,1619.434405,2025-12-08 00:50:49+00
5,1631.934405,2025-12-08 00:50:50+00
5,1625.334405,2025-12-08 00:50:51+00
5,1623.634405,2025-12-08 00:50:52+00
5,1624.734405,2025-12-08 00:50:53+00
5,1619.634405,2025-12-08 00:50:54+00
5,1619.234405,2025-12-08 00:50:55+00
5,1627.134405,2025-12-08 00:50:56+00
5,1625.234405,2025-12-08 00:50:57+00
5,1625.334405,2025-12-08 00:50:58+00
5,1626.534405,2025-12-08 00:50:59+00
5,1625.834405,2025-12-08 00:51:00+00
5,1633.534405,2025-12-08 00:51:01+00
5,1635.034405,2025-12-08 00:51:02+00
5,1632.634405,2025-12-08 00:51:03+00
5,1633.934405,2025-12-08 00:51:04+00
5,1633.334405,2025-12-08 00:51:05+00
5,1636.634405,2025-12-08 00:51:06+00
5,1629.534405,2025-12-08 00:51:07+00
5,1630.934405,2025-12-08 00:51:08+00
5,1629.834405,2025-12-08 00:51:09+00
5,1628.134405,2025-12-08 00:51:10+00
5,1631.734405,2025-12-08 00:51:11+00
5,1658.834405,2025-12-08 00:51:12+00
5,1726.434405,2025-12-08 00:51:13+00
5,1736.934405,2025-12-08 00:51:14+00
5,1736.034405,2025-12-08 00:51:15+00
5,1743.534405,2025-12-08 00:51:16+00
5,1747.034405,2025-12-08 00:51:17+00
5,1737.634405,2025-12-08 00:51:18+00
5,1745.734405,2025-12-08 00:51:19+00
5,1746.934405,2025-12-08 00:51:20+00
5,1746.934405,2025-12-08 00:51:21+00
5,1744.234405,2025-12-08 00:51:22+00
5,1739.834405,2025-12-08 00:51:23+00
5,1735.334405,2025-12-08 00:51:24+00
5,1736.934405,2025-12-08 00:51:25+00
5,1737.734405,2025-12-08 00:51:26+00
5,1742.834405,2025-12-08 00:51:27+00
5,1751.634405,2025-12-08 00:51:28+00
5,1742.734405,2025-12-08 00:51:29+00
5,1742.334405,2025-12-08 00:51:30+00
5,1739.434405,2025-12-08 00:51:31+00
5,1738.534405,2025-12-08 00:51:32+00
5,1739.834405,2025-12-08 00:51:33+00
5,1738.334405,2025-12-08 00:51:34+00
5,1737.834405,2025-12-08 00:51:35+00
5,1735.934405,2025-12-08 00:51:36+00
5,1732.034405,2025-12-08 00:51:37+00
5,1738.234405,2025-12-08 00:51:38+00
5,1734.634405,2025-12-08 00:51:39+00
5,1755.334405,2025-12-08 00:51:40+00
5,1736.834405,2025-12-08 00:51:41+00
5,1733.734405,2025-12-08 00:51:42+00
5,1745.934405,2025-12-08 00:51:43+00
5,1739.134405,2025-12-08 00:51:44+00
5,1740.334405,2025-12-08 00:51:45+00
5,1738.834405,2025-12-08 00:51:46+00
5,1738.034405,2025-12-08 00:51:47+00
5,1735.234405,2025-12-08 00:51:48+00
5,1739.234405,2025-12-08 00:51:49+00
5,1735.634405,2025-12-08 00:51:50+00
5,1741.934405,2025-12-08 00:51:51+00
5,1738.434405,2025-12-08 00:51:52+00
5,1736.734405,2025-12-08 00:51:53+00
5,1736.534405,2025-12-08 00:51:54+00
5,1737.534405,2025-12-08 00:51:55+00
5,1736.334405,2025-12-08 00:51:56+00
5,1737.934405,2025-12-08 00:51:57+00
5,1732.234405,2025-12-08 00:51:58+00
5,1737.734405,2025-12-08 00:51:59+00
5,1733.934405,2025-12-08 00:52:00+00
5,1739.934405,2025-12-08 00:52:01+00
5,1736.034405,2025-12-08 00:52:02+00
5,1731.534405,2025-12-08 00:52:03+00
5,1736.534405,2025-12-08 00:52:04+00
5,1737.634405,2025-12-08 00:52:05+00
5,1737.434405,2025-12-08 00:52:06+00
5,1735.634405,2025-12-08 00:52:07+00
5,1736.834405,2025-12-08 00:52:08+00
5,1731.434405,2025-12-08 00:52:09+00
5,1739.534405,2025-12-08 00:52:10+00
5,1737.434405,2025-12-08 00:52:11+00
5,1738.334405,2025-12-08 00:52:12+00
5,1734.434405,2025-12-08 00:52:13+00
5,1741.034405,2025-12-08 00:52:14+00
5,1738.034405,2025-12-08 00:52:15+00
5,1733.434405,2025-12-08 00:52:16+00
5,1734.534405,2025-12-08 00:52:17+00
5,1733.334405,2025-12-08 00:52:18+00
5,1734.334405,2025-12-08 00:52:19+00
5,1743.734405,2025-12-08 00:52:20+00
5,1743.334405,2025-12-08 00:52:21+00
5,1740.234405,2025-12-08 00:52:22+00
5,1739.034405,2025-12-08 00:52:23+00
5,1735.634405,2025-12-08 00:52:24+00
5,1734.234405,2025-12-08 00:52:25+00
5,1735.534405,2025-12-08 00:52:26+00
5,1736.034405,2025-12-08 00:52:27+00
5,1741.634405,2025-12-08 00:52:28+00
5,1738.834405,2025-12-08 00:52:29+00
5,1735.734405,2025-12-08 00:52:30+00
5,1737.134405,2025-12-08 00:52:31+00
5,1736.234405,2025-12-08 00:52:32+00
5,1735.234405,2025-12-08 00:52:33+00
5,1736.134405,2025-12-08 00:52:34+00
5,1735.734405,2025-12-08 00:52:35+00
5,1735.934405,2025-12-08 00:52:36+00
5,1736.734405,2025-12-08 00:52:37+00
5,1739.934405,2025-12-08 00:52:38+00
5,1735.434405,2025-12-08 00:52:39+00
5,1740.334405,2025-12-08 00:52:40+00
5,1737.934405,2025-12-08 00:52:41+00
5,1736.334405,2025-12-08 00:52:42+00
5,1733.534405,2025-12-08 00:52:43+00
5,1740.934405,2025-12-08 00:52:44+00
5,1737.134405,2025-12-08 00:52:45+00
5,1737.534405,2025-12-08 00:52:46+00
5,1736.834405,2025-12-08 00:52:47+00
5,1738.234405,2025-12-08 00:52:48+00
5,1736.434405,2025-12-08 00:52:49+00
5,1741.834405,2025-12-08 00:52:50+00
5,1736.734405,2025-12-08 00:52:51+00
5,1739.034405,2025-12-08 00:52:52+00
5,1738.734405,2025-12-08 00:52:53+00
5,1738.334405,2025-12-08 00:52:54+00
5,1739.434405,2025-12-08 00:52:55+00
5,1735.734405,2025-12-08 00:52:56+00
5,1739.634405,2025-12-08 00:52:57+00
5,1734.934405,2025-12-08 00:52:58+00
5,1736.234405,2025-12-08 00:52:59+00
5,1742.534405,2025-12-08 00:53:00+00
5,1739.134405,2025-12-08 00:53:01+00
5,1739.534405,2025-12-08 00:53:02+00
5,1735.734405,2025-12-08 00:53:03+00
5,1734.934405,2025-12-08 00:53:04+00
5,1736.434405,2025-12-08 00:53:05+00
5,1736.634405,2025-12-08 00:53:06+00
5,1733.334405,2025-12-08 00:53:07+00
5,1742.134405,2025-12-08 00:53:08+00
5,1738.334405,2025-12-08 00:53:09+00
5,1738.734405,2025-12-08 00:53:10+00
5,1736.034405,2025-12-08 00:53:11+00
5,1759.634405,2025-12-08 00:53:12+00
5,1742.434405,2025-12-08 00:53:13+00
5,1740.134405,2025-12-08 00:53:14+00
5,1733.934405,2025-12-08 00:53:15+00
5,1742.934405,2025-12-08 00:53:16+00
5,1734.834405,2025-12-08 00:53:17+00
5,1740.234405,2025-12-08 00:53:18+00
5,1737.734405,2025-12-08 00:53:19+00
5,1747.134405,2025-12-08 00:53:20+00
5,1742.534405,2025-12-08 00:53:21+00
5,1739.934405,2025-12-08 00:53:22+00
5,1738.434405,2025-12-08 00:53:23+00
5,1739.234405,2025-12-08 00:53:24+00
5,1736.634405,2025-12-08 00:53:25+00
5,1737.434405,2025-12-08 00:53:26+00
5,1735.634405,2025-12-08 00:53:27+00
5,1736.734405,2025-12-08 00:53:28+00
5,1740.834405,2025-12-08 00:53:29+00
5,1740.734405,2025-12-08 00:53:30+00
5,1739.734405,2025-12-08 00:53:31+00
5,1822.334405,2025-12-08 00:53:32+00
5,1789.834405,2025-12-08 00:53:33+00
5,1766.434405,2025-12-08 00:53:34+00
5,1766.534405,2025-12-08 00:53:35+00
5,1764.834405,2025-12-08 00:53:36+00
5,1764.734405,2025-12-08 00:53:37+00
5,1765.634405,2025-12-08 00:53:38+00
5,1769.234405,2025-12-08 00:53:39+00
5,1764.634405,2025-12-08 00:53:40+00
5,1764.734405,2025-12-08 00:53:41+00
5,1764.334405,2025-12-08 00:53:42+00
5,1766.234405,2025-12-08 00:53:43+00
5,1776.734405,2025-12-08 00:53:44+00
5,1775.734405,2025-12-08 00:53:45+00
5,1768.534405,2025-12-08 00:53:46+00
5,1766.134405,2025-12-08 00:53:47+00
5,1767.634405,2025-12-08 00:53:48+00
5,1765.634405,2025-12-08 00:53:49+00
5,1772.134405,2025-12-08 00:53:50+00
5,1773.234405,2025-12-08 00:53:51+00
5,1768.334405,2025-12-08 00:53:52+00
5,1767.334405,2025-12-08 00:53:53+00
5,1767.534405,2025-12-08 00:53:54+00
5,1768.134405,2025-12-08 00:53:55+00
5,1771.934405,2025-12-08 00:53:56+00
5,1765.134405,2025-12-08 00:53:57+00
5,1774.134405,2025-12-08 00:53:58+00
5,1768.034405,2025-12-08 00:53:59+00
5,1769.334405,2025-12-08 00:54:00+00
5,1769.534405,2025-12-08 00:54:01+00
5,1767.434405,2025-12-08 00:54:02+00
5,1767.434405,2025-12-08 00:54:03+00
5,1768.334405,2025-12-08 00:54:04+00
5,1768.234405,2025-12-08 00:54:05+00
5,1766.434405,2025-12-08 00:54:06+00
5,1768.234405,2025-12-08 00:54:07+00
5,1767.634405,2025-12-08 00:54:08+00
5,1766.634405,2025-12-08 00:54:09+00
5,1767.334405,2025-12-08 00:54:10+00
5,1766.834405,2025-12-08 00:54:11+00
5,1762.734405,2025-12-08 00:54:12+00
5,1764.134405,2025-12-08 00:54:13+00
5,1770.634405,2025-12-08 00:54:14+00
5,1766.834405,2025-12-08 00:54:15+00
5,1767.334405,2025-12-08 00:54:16+00
5,1764.834405,2025-12-08 00:54:17+00
5,1764.234405,2025-12-08 00:54:18+00
5,1766.234405,2025-12-08 00:54:19+00
5,1774.434405,2025-12-08 00:54:20+00
5,1768.834405,2025-12-08 00:54:21+00
5,1771.034405,2025-12-08 00:54:22+00
5,1768.134405,2025-12-08 00:54:23+00
5,1764.334405,2025-12-08 00:54:24+00
5,1762.934405,2025-12-08 00:54:25+00
5,1765.334405,2025-12-08 00:54:26+00
5,1762.934405,2025-12-08 00:54:27+00
5,1763.134405,2025-12-08 00:54:28+00
5,1764.434405,2025-12-08 00:54:29+00
5,1770.134405,2025-12-08 00:54:30+00
5,1762.634405,2025-12-08 00:54:31+00
5,1768.034405,2025-12-08 00:54:32+00
5,1761.034405,2025-12-08 00:54:33+00
5,1764.034405,2025-12-08 00:54:34+00
5,1764.334405,2025-12-08 00:54:35+00
5,1771.834405,2025-12-08 00:54:36+00
5,1764.134405,2025-12-08 00:54:37+00
5,1762.834405,2025-12-08 00:54:38+00
5,1761.534405,2025-12-08 00:54:39+00
5,1763.134405,2025-12-08 00:54:40+00
5,1763.934405,2025-12-08 00:54:41+00
5,1764.334405,2025-12-08 00:54:42+00
5,1771.234405,2025-12-08 00:54:43+00
5,1764.334405,2025-12-08 00:54:44+00
5,1762.134405,2025-12-08 00:54:45+00
5,1762.534405,2025-12-08 00:54:46+00
5,1768.834405,2025-12-08 00:54:47+00
5,1766.434405,2025-12-08 00:54:48+00
5,1764.134405,2025-12-08 00:54:49+00
5,1763.134405,2025-12-08 00:54:50+00
5,1763.534405,2025-12-08 00:54:51+00
5,1768.834405,2025-12-08 00:54:52+00
5,1768.234405,2025-12-08 00:54:53+00
5,1764.634405,2025-12-08 00:54:54+00
5,1764.334405,2025-12-08 00:54:55+00
5,1755.434405,2025-12-08 00:54:56+00
5,1763.934405,2025-12-08 00:54:57+00
5,1766.434405,2025-12-08 00:54:58+00
5,1763.634405,2025-12-08 00:54:59+00
5,1766.334405,2025-12-08 00:55:00+00
5,1770.734405,2025-12-08 00:55:01+00
5,1776.834405,2025-12-08 00:55:02+00
5,1773.434405,2025-12-08 00:55:03+00
5,1770.034405,2025-12-08 00:55:04+00
5,1771.734405,2025-12-08 00:55:05+00
5,1763.334405,2025-12-08 00:55:06+00
5,1772.134405,2025-12-08 00:55:07+00
5,1769.634405,2025-12-08 00:55:08+00
5,1769.334405,2025-12-08 00:55:09+00
5,1772.134405,2025-12-08 00:55:10+00
5,1777.234405,2025-12-08 00:55:11+00
5,1772.534405,2025-12-08 00:55:12+00
5,1773.434405,2025-12-08 00:55:13+00
5,1772.934405,2025-12-08 00:55:14+00
5,1771.534405,2025-12-08 00:55:15+00
5,1770.634405,2025-12-08 00:55:16+00
5,1799.634405,2025-12-08 00:55:17+00
5,1769.534405,2025-12-08 00:55:18+00
5,1776.134405,2025-12-08 00:55:19+00
5,1778.934405,2025-12-08 00:55:20+00
5,1773.634405,2025-12-08 00:55:21+00
5,1774.734405,2025-12-08 00:55:22+00
5,1770.734405,2025-12-08 00:55:23+00
5,1766.134405,2025-12-08 00:55:24+00
5,1769.234405,2025-12-08 00:55:25+00
5,1765.734405,2025-12-08 00:55:26+00
5,1766.334405,2025-12-08 00:55:27+00
5,1774.734405,2025-12-08 00:55:28+00
5,1769.934405,2025-12-08 00:55:29+00
5,1768.434405,2025-12-08 00:55:30+00
5,1773.834405,2025-12-08 00:55:31+00
5,1769.334405,2025-12-08 00:55:32+00
5,1767.234405,2025-12-08 00:55:33+00
5,1770.934405,2025-12-08 00:55:34+00
5,1770.534405,2025-12-08 00:55:35+00
5,1770.334405,2025-12-08 00:55:36+00
5,1770.734405,2025-12-08 00:55:37+00
5,1768.334405,2025-12-08 00:55:38+00
5,1764.034405,2025-12-08 00:55:39+00
5,1782.834405,2025-12-08 00:55:40+00
5,1770.734405,2025-12-08 00:55:41+00
5,1770.934405,2025-12-08 00:55:42+00
5,1771.434405,2025-12-08 00:55:43+00
5,1771.634405,2025-12-08 00:55:44+00
5,1782.834405,2025-12-08 00:55:45+00
5,1774.634405,2025-12-08 00:55:46+00
5,1776.234405,2025-12-08 00:55:47+00
5,1769.734405,2025-12-08 00:55:48+00
5,1770.934405,2025-12-08 00:55:49+00
5,1769.034405,2025-12-08 00:55:50+00
5,1772.534405,2025-12-08 00:55:51+00
5,1774.534405,2025-12-08 00:55:52+00
5,1776.134405,2025-12-08 00:55:53+00
5,1767.434405,2025-12-08 00:55:54+00
5,1769.034405,2025-12-08 00:55:55+00
5,1769.034405,2025-12-08 00:55:56+00
5,1769.134405,2025-12-08 00:55:57+00
5,1773.934405,2025-12-08 00:55:58+00
5,1773.634405,2025-12-08 00:55:59+00
5,1784.334405,2025-12-08 00:56:00+00
5,1776.234405,2025-12-08 00:56:01+00
5,1773.234405,2025-12-08 00:56:02+00
5,1772.134405,2025-12-08 00:56:03+00
5,1772.334405,2025-12-08 00:56:04+00
5,1770.934405,2025-12-08 00:56:05+00
5,1769.234405,2025-12-08 00:56:06+00
5,1771.134405,2025-12-08 00:56:07+00
5,1770.134405,2025-12-08 00:56:08+00
5,1770.234405,2025-12-08 00:56:09+00
5,1769.434405,2025-12-08 00:56:10+00
5,1768.034405,2025-12-08 00:56:11+00
5,1776.334405,2025-12-08 00:56:12+00
5,1774.834405,2025-12-08 00:56:13+00
5,1770.234405,2025-12-08 00:56:14+00
5,1768.334405,2025-12-08 00:56:15+00
5,1771.434405,2025-12-08 00:56:16+00
5,1772.134405,2025-12-08 00:56:17+00
5,1773.234405,2025-12-08 00:56:18+00
5,1771.234405,2025-12-08 00:56:19+00
5,1778.834405,2025-12-08 00:56:20+00
5,1774.834405,2025-12-08 00:56:21+00
5,1777.934405,2025-12-08 00:56:22+00
5,1776.234405,2025-12-08 00:56:23+00
5,1773.534405,2025-12-08 00:56:24+00
5,1773.634405,2025-12-08 00:56:25+00
5,1776.434405,2025-12-08 00:56:26+00
5,1769.534405,2025-12-08 00:56:27+00
5,1774.534405,2025-12-08 00:56:28+00
5,1774.334405,2025-12-08 00:56:29+00
5,1774.534405,2025-12-08 00:56:30+00
5,1771.234405,2025-12-08 00:56:31+00
5,1769.234405,2025-12-08 00:56:32+00
5,1774.634405,2025-12-08 00:56:33+00
5,1776.434405,2025-12-08 00:56:34+00
5,1785.134405,2025-12-08 00:56:35+00
5,1780.234405,2025-12-08 00:56:36+00
5,1773.034405,2025-12-08 00:56:37+00
5,1771.234405,2025-12-08 00:56:38+00
5,1779.534405,2025-12-08 00:56:39+00
5,1774.334405,2025-12-08 00:56:40+00
5,1772.034405,2025-12-08 00:56:41+00
5,1772.534405,2025-12-08 00:56:42+00
5,1773.634405,2025-12-08 00:56:43+00
5,1780.134405,2025-12-08 00:56:44+00
5,1774.334405,2025-12-08 00:56:45+00
5,1778.534405,2025-12-08 00:56:46+00
5,1773.334405,2025-12-08 00:56:47+00
5,1774.334405,2025-12-08 00:56:48+00
5,1777.334405,2025-12-08 00:56:49+00
5,1775.234405,2025-12-08 00:56:50+00
5,1772.434405,2025-12-08 00:56:51+00
5,1772.334405,2025-12-08 00:56:52+00
5,1772.634405,2025-12-08 00:56:53+00
5,1773.834405,2025-12-08 00:56:54+00
5,1776.134405,2025-12-08 00:56:55+00
5,1773.834405,2025-12-08 00:56:56+00
5,1773.634405,2025-12-08 00:56:57+00
5,1774.634405,2025-12-08 00:56:58+00
5,1779.034405,2025-12-08 00:56:59+00
5,1779.934405,2025-12-08 00:57:00+00
5,1782.034405,2025-12-08 00:57:01+00
5,1780.934405,2025-12-08 00:57:02+00
5,1779.534405,2025-12-08 00:57:03+00
5,1782.234405,2025-12-08 00:57:04+00
5,1787.234405,2025-12-08 00:57:05+00
5,1787.034405,2025-12-08 00:57:06+00
5,1775.934405,2025-12-08 00:57:07+00
5,1774.834405,2025-12-08 00:57:08+00
5,1779.434405,2025-12-08 00:57:09+00
5,1783.334405,2025-12-08 00:57:10+00
5,1778.534405,2025-12-08 00:57:11+00
5,1779.634405,2025-12-08 00:57:12+00
5,1795.634405,2025-12-08 00:57:13+00
5,1780.134405,2025-12-08 00:57:14+00
5,1782.134405,2025-12-08 00:57:15+00
5,1779.434405,2025-12-08 00:57:16+00
5,1779.234405,2025-12-08 00:57:17+00
5,1781.834405,2025-12-08 00:57:18+00
5,1780.734405,2025-12-08 00:57:19+00
5,1786.434405,2025-12-08 00:57:20+00
5,1789.834405,2025-12-08 00:57:21+00
5,1788.034405,2025-12-08 00:57:22+00
5,1786.434405,2025-12-08 00:57:23+00
5,1780.734405,2025-12-08 00:57:24+00
5,1780.134405,2025-12-08 00:57:25+00
5,1785.234405,2025-12-08 00:57:26+00
5,1782.534405,2025-12-08 00:57:27+00
5,1782.834405,2025-12-08 00:57:28+00
5,1782.034405,2025-12-08 00:57:29+00
5,1781.034405,2025-12-08 00:57:30+00
5,1787.334405,2025-12-08 00:57:31+00
5,1791.834405,2025-12-08 00:57:32+00
5,1788.134405,2025-12-08 00:57:33+00
5,1806.934405,2025-12-08 00:57:34+00
5,1791.234405,2025-12-08 00:57:35+00
5,1786.834405,2025-12-08 00:57:36+00
5,1790.234405,2025-12-08 00:57:37+00
5,1790.534405,2025-12-08 00:57:38+00
5,1790.134405,2025-12-08 00:57:39+00
5,1789.534405,2025-12-08 00:57:40+00
5,1791.934405,2025-12-08 00:57:41+00
5,1791.134405,2025-12-08 00:57:42+00
5,1793.134405,2025-12-08 00:57:43+00
5,1793.934405,2025-12-08 00:57:44+00
5,1793.634405,2025-12-08 00:57:45+00
5,1791.034405,2025-12-08 00:57:46+00
5,1792.034405,2025-12-08 00:57:47+00
5,1789.534405,2025-12-08 00:57:48+00
5,1789.034405,2025-12-08 00:57:49+00
5,1795.134405,2025-12-08 00:57:50+00
5,1793.134405,2025-12-08 00:57:51+00
5,1789.434405,2025-12-08 00:57:52+00
5,1790.634405,2025-12-08 00:57:53+00
5,1791.434405,2025-12-08 00:57:54+00
5,1791.834405,2025-12-08 00:57:55+00
5,1792.534405,2025-12-08 00:57:56+00
5,1789.734405,2025-12-08 00:57:57+00
5,1800.934405,2025-12-08 00:57:58+00
5,1798.934405,2025-12-08 00:57:59+00
5,1794.334405,2025-12-08 00:58:00+00
5,1804.034405,2025-12-08 00:58:01+00
5,1797.534405,2025-12-08 00:58:02+00
5,1815.934405,2025-12-08 00:58:03+00
5,1798.034405,2025-12-08 00:58:04+00
5,1796.434405,2025-12-08 00:58:05+00
5,1795.434405,2025-12-08 00:58:06+00
5,1799.434405,2025-12-08 00:58:07+00
5,1797.834405,2025-12-08 00:58:08+00
5,1795.634405,2025-12-08 00:58:09+00
5,1796.234405,2025-12-08 00:58:10+00
5,1796.634405,2025-12-08 00:58:11+00
5,1800.634405,2025-12-08 00:58:12+00
5,1807.234405,2025-12-08 00:58:13+00
5,1798.534405,2025-12-08 00:58:14+00
5,1797.534405,2025-12-08 00:58:15+00
5,1799.834405,2025-12-08 00:58:16+00
5,1795.234405,2025-12-08 00:58:17+00
5,1798.234405,2025-12-08 00:58:18+00
5,1814.234405,2025-12-08 00:58:19+00
5,1839.334405,2025-12-08 00:58:20+00
5,1806.834405,2025-12-08 00:58:21+00
5,1821.734405,2025-12-08 00:58:22+00
5,1808.334405,2025-12-08 00:58:23+00
5,1806.534405,2025-12-08 00:58:24+00
5,1807.134405,2025-12-08 00:58:25+00
5,1802.434405,2025-12-08 00:58:26+00
5,1799.634405,2025-12-08 00:58:27+00
5,1805.634405,2025-12-08 00:58:28+00
5,1809.134405,2025-12-08 00:58:29+00
5,1808.334405,2025-12-08 00:58:30+00
5,1808.734405,2025-12-08 00:58:31+00
5,1808.134405,2025-12-08 00:58:32+00
5,1805.534405,2025-12-08 00:58:33+00
5,1810.234405,2025-12-08 00:58:34+00
5,1812.434405,2025-12-08 00:58:35+00
5,1811.134405,2025-12-08 00:58:36+00
5,1813.734405,2025-12-08 00:58:37+00
5,1814.634405,2025-12-08 00:58:38+00
5,1813.034405,2025-12-08 00:58:39+00
5,1832.634405,2025-12-08 00:58:40+00
5,1816.734405,2025-12-08 00:58:41+00
5,1806.034405,2025-12-08 00:58:42+00
5,1814.234405,2025-12-08 00:58:43+00
5,1810.134405,2025-12-08 00:58:44+00
5,1811.934405,2025-12-08 00:58:45+00
5,1825.834405,2025-12-08 00:58:46+00
5,1811.134405,2025-12-08 00:58:47+00
5,1813.934405,2025-12-08 00:58:48+00
5,1812.134405,2025-12-08 00:58:49+00
5,1811.434405,2025-12-08 00:58:50+00
5,1816.534405,2025-12-08 00:58:51+00
5,1813.134405,2025-12-08 00:58:52+00
5,1814.134405,2025-12-08 00:58:53+00
5,1813.734405,2025-12-08 00:58:54+00
5,1817.334405,2025-12-08 00:58:55+00
5,1822.334405,2025-12-08 00:58:56+00
5,1815.434405,2025-12-08 00:58:57+00
5,1827.634405,2025-12-08 00:58:58+00
5,1817.434405,2025-12-08 00:58:59+00
5,1817.634405,2025-12-08 00:59:00+00
5,1825.234405,2025-12-08 00:59:01+00
5,1820.934405,2025-12-08 00:59:02+00
5,1821.234405,2025-12-08 00:59:03+00
5,1823.934405,2025-12-08 00:59:04+00
5,1819.634405,2025-12-08 00:59:05+00
5,1822.634405,2025-12-08 00:59:06+00
5,1834.134405,2025-12-08 00:59:07+00
5,1825.134405,2025-12-08 00:59:08+00
5,1822.934405,2025-12-08 00:59:09+00
5,1826.234405,2025-12-08 00:59:10+00
5,1824.934405,2025-12-08 00:59:11+00
5,1827.534405,2025-12-08 00:59:12+00
5,1834.434405,2025-12-08 00:59:13+00
5,1832.534405,2025-12-08 00:59:14+00
5,1825.534405,2025-12-08 00:59:15+00
5,1827.934405,2025-12-08 00:59:16+00
5,1828.234405,2025-12-08 00:59:17+00
5,1829.934405,2025-12-08 00:59:18+00
5,1832.334405,2025-12-08 00:59:19+00
5,1837.234405,2025-12-08 00:59:20+00
5,1836.534405,2025-12-08 00:59:21+00
5,1837.334405,2025-12-08 00:59:22+00
5,1829.034405,2025-12-08 00:59:23+00
5,1830.034405,2025-12-08 00:59:24+00
5,1832.634405,2025-12-08 00:59:25+00
5,1830.434405,2025-12-08 00:59:26+00
5,1839.834405,2025-12-08 00:59:27+00
5,1839.134405,2025-12-08 00:59:28+00
5,1832.534405,2025-12-08 00:59:29+00
5,1831.234405,2025-12-08 00:59:30+00
5,1832.834405,2025-12-08 00:59:31+00
5,1833.734405,2025-12-08 00:59:32+00
5,1840.534405,2025-12-08 00:59:33+00
5,1834.934405,2025-12-08 00:59:34+00
5,1850.534405,2025-12-08 00:59:35+00
5,1833.534405,2025-12-08 00:59:36+00
5,1834.734405,2025-12-08 00:59:37+00
5,1835.034405,2025-12-08 00:59:38+00
5,1834.934405,2025-12-08 00:59:39+00
5,1840.634405,2025-12-08 00:59:40+00
5,1841.734405,2025-12-08 00:59:41+00
5,1835.834405,2025-12-08 00:59:42+00
5,1843.834405,2025-12-08 00:59:43+00
5,1841.534405,2025-12-08 00:59:44+00
5,1840.434405,2025-12-08 00:59:45+00
5,1834.934405,2025-12-08 00:59:46+00
5,1835.634405,2025-12-08 00:59:47+00
5,1838.634405,2025-12-08 00:59:48+00
5,1842.834405,2025-12-08 00:59:49+00
5,1841.134405,2025-12-08 00:59:50+00
5,1864.134405,2025-12-08 00:59:51+00
5,1839.634405,2025-12-08 00:59:52+00
5,1838.134405,2025-12-08 00:59:53+00
5,1841.534405,2025-12-08 00:59:54+00
5,1840.334405,2025-12-08 00:59:55+00
5,1839.534405,2025-12-08 00:59:56+00
5,1839.234405,2025-12-08 00:59:57+00
5,1843.834405,2025-12-08 00:59:58+00
5,1858.434405,2025-12-08 00:59:59+00
