sensor_id,aprt_power,sensor_timestamp
19,744.6,2025-12-08 00:00:00+00
19,755.8,2025-12-08 00:00:01+00
19,740.3,2025-12-08 00:00:02+00
19,740.3,2025-12-08 00:00:03+00
19,738.7,2025-12-08 00:00:04+00
19,740.2,2025-12-08 00:00:05+00
19,739.9,2025-12-08 00:00:06+00
19,739.4,2025-12-08 00:00:07+00
19,738.6,2025-12-08 00:00:08+00
19,745.2,2025-12-08 00:00:09+00
19,747.3,2025-12-08 00:00:10+00
19,739.8,2025-12-08 00:00:11+00
19,739.7,2025-12-08 00:00:12+00
19,738.1,2025-12-08 00:00:13+00
19,740.3,2025-12-08 00:00:14+00
19,738.7,2025-12-08 00:00:15+00
19,739.5,2025-12-08 00:00:16+00
19,739.6,2025-12-08 00:00:17+00
19,741.1,2025-12-08 00:00:18+00
19,753.9,2025-12-08 00:00:19+00
19,742.9,2025-12-08 00:00:20+00
19,746.4,2025-12-08 00:00:21+00
19,740,2025-12-08 00:00:22+00
19,740.6,2025-12-08 00:00:23+00
19,740.7,2025-12-08 00:00:24+00
19,735.8,2025-12-08 00:00:25+00
19,738.2,2025-12-08 00:00:26+00
19,758.7,2025-12-08 00:00:27+00
19,740.1,2025-12-08 00:00:28+00
19,739.1,2025-12-08 00:00:29+00
19,736.4,2025-12-08 00:00:30+00
19,735.4,2025-12-08 00:00:31+00
19,740.3,2025-12-08 00:00:32+00
19,872.1,2025-12-08 00:00:33+00
19,842.3,2025-12-08 00:00:34+00
19,848.6,2025-12-08 00:00:35+00
19,841.7,2025-12-08 00:00:36+00
19,749.4,2025-12-08 00:00:37+00
19,837.7,2025-12-08 00:00:38+00
19,895.3,2025-12-08 00:00:39+00
19,853.5,2025-12-08 00:00:40+00
19,855.8,2025-12-08 00:00:41+00
19,854.5,2025-12-08 00:00:42+00
19,844.3,2025-12-08 00:00:43+00
19,842.1,2025-12-08 00:00:44+00
19,839.5,2025-12-08 00:00:45+00
19,844,2025-12-08 00:00:46+00
19,840.6,2025-12-08 00:00:47+00
19,844.2,2025-12-08 00:00:48+00
19,840.9,2025-12-08 00:00:49+00
19,842.5,2025-12-08 00:00:50+00
19,846.1,2025-12-08 00:00:51+00
19,845.3,2025-12-08 00:00:52+00
19,841.4,2025-12-08 00:00:53+00
19,841.5,2025-12-08 00:00:54+00
19,844.2,2025-12-08 00:00:55+00
19,843.3,2025-12-08 00:00:56+00
19,844.4,2025-12-08 00:00:57+00
19,843.7,2025-12-08 00:00:58+00
19,843.8,2025-12-08 00:00:59+00
19,1255.914286,2025-12-08 00:01:00+00
19,1255.914286,2025-12-08 00:01:01+00
19,1255.914286,2025-12-08 00:01:02+00
19,1255.914286,2025-12-08 00:01:03+00
19,846,2025-12-08 00:01:04+00
19,1071.4,2025-12-08 00:01:05+00
19,1226,2025-12-08 00:01:06+00
19,1062.9,2025-12-08 00:01:07+00
19,1043.6,2025-12-08 00:01:08+00
19,1121.1,2025-12-08 00:01:09+00
19,1054.1,2025-12-08 00:01:10+00
19,1103.5,2025-12-08 00:01:11+00
19,1130.7,2025-12-08 00:01:12+00
19,1155.5,2025-12-08 00:01:13+00
19,1183.4,2025-12-08 00:01:14+00
19,1207.7,2025-12-08 00:01:15+00
19,1224.2,2025-12-08 00:01:16+00
19,1245,2025-12-08 00:01:17+00
19,1262.7,2025-12-08 00:01:18+00
19,1276.6,2025-12-08 00:01:19+00
19,1286.7,2025-12-08 00:01:20+00
19,1289.7,2025-12-08 00:01:21+00
19,1285,2025-12-08 00:01:22+00
19,1292,2025-12-08 00:01:23+00
19,1296.8,2025-12-08 00:01:24+00
19,1292.7,2025-12-08 00:01:25+00
19,1290.2,2025-12-08 00:01:26+00
19,1296.2,2025-12-08 00:01:27+00
19,1295.8,2025-12-08 00:01:28+00
19,1298,2025-12-08 00:01:29+00
19,1293.4,2025-12-08 00:01:30+00
19,1290.4,2025-12-08 00:01:31+00
19,1290.5,2025-12-08 00:01:32+00
19,1291.1,2025-12-08 00:01:33+00
19,1293.1,2025-12-08 00:01:34+00
19,1294.2,2025-12-08 00:01:35+00
19,1295.9,2025-12-08 00:01:36+00
19,1288,2025-12-08 00:01:37+00
19,1288.8,2025-12-08 00:01:38+00
19,1293.7,2025-12-08 00:01:39+00
19,1294.9,2025-12-08 00:01:40+00
19,1294.9,2025-12-08 00:01:41+00
19,1300.7,2025-12-08 00:01:42+00
19,1304.2,2025-12-08 00:01:43+00
19,1302.6,2025-12-08 00:01:44+00
19,1311,2025-12-08 00:01:45+00
19,1312.9,2025-12-08 00:01:46+00
19,1311.5,2025-12-08 00:01:47+00
19,1314.9,2025-12-08 00:01:48+00
19,1312.9,2025-12-08 00:01:49+00
19,1314.7,2025-12-08 00:01:50+00
19,1319.2,2025-12-08 00:01:51+00
19,1319.1,2025-12-08 00:01:52+00
19,1316.6,2025-12-08 00:01:53+00
19,1319.6,2025-12-08 00:01:54+00
19,1318.1,2025-12-08 00:01:55+00
19,1318.5,2025-12-08 00:01:56+00
19,1324.1,2025-12-08 00:01:57+00
19,1322.1,2025-12-08 00:01:58+00
19,1342.1,2025-12-08 00:01:59+00
19,1324.1,2025-12-08 00:02:00+00
19,1317.2,2025-12-08 00:02:01+00
19,1315.8,2025-12-08 00:02:02+00
19,1316.8,2025-12-08 00:02:03+00
19,1316.3,2025-12-08 00:02:04+00
19,1315.7,2025-12-08 00:02:05+00
19,1317.9,2025-12-08 00:02:06+00
19,1321.5,2025-12-08 00:02:07+00
19,1313.7,2025-12-08 00:02:08+00
19,1312.4,2025-12-08 00:02:09+00
19,1315.3,2025-12-08 00:02:10+00
19,1311.6,2025-12-08 00:02:11+00
19,1316.5,2025-12-08 00:02:12+00
19,1312.8,2025-12-08 00:02:13+00
19,1313.8,2025-12-08 00:02:14+00
19,1333.2,2025-12-08 00:02:15+00
19,1312.6,2025-12-08 00:02:16+00
19,1316.8,2025-12-08 00:02:17+00
19,1317.5,2025-12-08 00:02:18+00
19,1322.3,2025-12-08 00:02:19+00
19,1322.5,2025-12-08 00:02:20+00
19,1325.7,2025-12-08 00:02:21+00
19,1319.7,2025-12-08 00:02:22+00
19,1319.9,2025-12-08 00:02:23+00
19,1323.8,2025-12-08 00:02:24+00
19,1316.3,2025-12-08 00:02:25+00
19,1316.4,2025-12-08 00:02:26+00
19,1321.4,2025-12-08 00:02:27+00
19,1320.2,2025-12-08 00:02:28+00
19,1321.9,2025-12-08 00:02:29+00
19,1319.4,2025-12-08 00:02:30+00
19,1313.6,2025-12-08 00:02:31+00
19,1314.6,2025-12-08 00:02:32+00
19,1319,2025-12-08 00:02:33+00
19,1315.5,2025-12-08 00:02:34+00
19,1316.8,2025-12-08 00:02:35+00
19,1315.9,2025-12-08 00:02:36+00
19,1314.2,2025-12-08 00:02:37+00
19,1316.1,2025-12-08 00:02:38+00
19,1318.3,2025-12-08 00:02:39+00
19,1317.9,2025-12-08 00:02:40+00
19,1322.5,2025-12-08 00:02:41+00
19,1314.7,2025-12-08 00:02:42+00
19,1311.1,2025-12-08 00:02:43+00
19,1316,2025-12-08 00:02:44+00
19,1314.3,2025-12-08 00:02:45+00
19,1317.8,2025-12-08 00:02:46+00
19,1319.3,2025-12-08 00:02:47+00
19,1314.5,2025-12-08 00:02:48+00
19,1313.6,2025-12-08 00:02:49+00
19,1314.2,2025-12-08 00:02:50+00
19,1317.9,2025-12-08 00:02:51+00
19,1314.6,2025-12-08 00:02:52+00
19,1314.1,2025-12-08 00:02:53+00
19,1310.1,2025-12-08 00:02:54+00
19,1314,2025-12-08 00:02:55+00
19,1314,2025-12-08 00:02:56+00
19,1318.6,2025-12-08 00:02:57+00
19,1314.1,2025-12-08 00:02:58+00
19,1322.4,2025-12-08 00:02:59+00
19,1316.2,2025-12-08 00:03:00+00
19,1318.9,2025-12-08 00:03:01+00
19,1316.9,2025-12-08 00:03:02+00
19,1314.8,2025-12-08 00:03:03+00
19,1330.8,2025-12-08 00:03:04+00
19,1315.1,2025-12-08 00:03:05+00
19,1336.2,2025-12-08 00:03:06+00
19,1311.4,2025-12-08 00:03:07+00
19,1309.3,2025-12-08 00:03:08+00
19,1320.5,2025-12-08 00:03:09+00
19,1317.3,2025-12-08 00:03:10+00
19,1313.3,2025-12-08 00:03:11+00
19,1316.6,2025-12-08 00:03:12+00
19,1312.8,2025-12-08 00:03:13+00
19,1314.1,2025-12-08 00:03:14+00
19,1324.5,2025-12-08 00:03:15+00
19,1310.1,2025-12-08 00:03:16+00
19,1312.3,2025-12-08 00:03:17+00
19,1316.7,2025-12-08 00:03:18+00
19,1318.7,2025-12-08 00:03:19+00
19,1316.5,2025-12-08 00:03:20+00
19,1320.9,2025-12-08 00:03:21+00
19,1319.3,2025-12-08 00:03:22+00
19,1325.4,2025-12-08 00:03:23+00
19,1328.8,2025-12-08 00:03:24+00
19,1308.9,2025-12-08 00:03:25+00
19,1315.2,2025-12-08 00:03:26+00
19,1352.2,2025-12-08 00:03:27+00
19,1445.8,2025-12-08 00:03:28+00
19,1422.4,2025-12-08 00:03:29+00
19,1422.1,2025-12-08 00:03:30+00
19,1422.2,2025-12-08 00:03:31+00
19,1422.5,2025-12-08 00:03:32+00
19,1425.9,2025-12-08 00:03:33+00
19,1430.2,2025-12-08 00:03:34+00
19,1435.8,2025-12-08 00:03:35+00
19,1411.7,2025-12-08 00:03:36+00
19,1424.2,2025-12-08 00:03:37+00
19,1423.3,2025-12-08 00:03:38+00
19,1425.6,2025-12-08 00:03:39+00
19,1426.1,2025-12-08 00:03:40+00
19,1419.5,2025-12-08 00:03:41+00
19,1427.2,2025-12-08 00:03:42+00
19,1418.4,2025-12-08 00:03:43+00
19,1424.1,2025-12-08 00:03:44+00
19,1421.6,2025-12-08 00:03:45+00
19,1421,2025-12-08 00:03:46+00
19,1420.1,2025-12-08 00:03:47+00
19,1421.3,2025-12-08 00:03:48+00
19,1419.8,2025-12-08 00:03:49+00
19,1419.6,2025-12-08 00:03:50+00
19,1422.9,2025-12-08 00:03:51+00
19,1427.4,2025-12-08 00:03:52+00
19,1431.4,2025-12-08 00:03:53+00
19,1428.3,2025-12-08 00:03:54+00
19,1421.1,2025-12-08 00:03:55+00
19,1450.4,2025-12-08 00:03:56+00
19,1492.6,2025-12-08 00:03:57+00
19,1483.7,2025-12-08 00:03:58+00
19,1482,2025-12-08 00:03:59+00
19,1492.4,2025-12-08 00:04:00+00
19,1492.4,2025-12-08 00:04:01+00
19,1482.7,2025-12-08 00:04:02+00
19,1484.2,2025-12-08 00:04:03+00
19,1486.2,2025-12-08 00:04:04+00
19,1488.6,2025-12-08 00:04:05+00
19,1496,2025-12-08 00:04:06+00
19,1485.2,2025-12-08 00:04:07+00
19,1491.8,2025-12-08 00:04:08+00
19,1489.9,2025-12-08 00:04:09+00
19,1488.8,2025-12-08 00:04:10+00
19,1486.1,2025-12-08 00:04:11+00
19,1492.9,2025-12-08 00:04:12+00
19,1479.4,2025-12-08 00:04:13+00
19,1477.2,2025-12-08 00:04:14+00
19,1487.3,2025-12-08 00:04:15+00
19,1493,2025-12-08 00:04:16+00
19,1484.5,2025-12-08 00:04:17+00
19,1483.1,2025-12-08 00:04:18+00
19,1489.6,2025-12-08 00:04:19+00
19,1491.1,2025-12-08 00:04:20+00
19,1490.6,2025-12-08 00:04:21+00
19,1493.8,2025-12-08 00:04:22+00
19,1478.7,2025-12-08 00:04:23+00
19,1481.8,2025-12-08 00:04:24+00
19,1491.8,2025-12-08 00:04:25+00
19,1485.7,2025-12-08 00:04:26+00
19,1490.4,2025-12-08 00:04:27+00
19,1491.4,2025-12-08 00:04:28+00
19,1500.5,2025-12-08 00:04:29+00
19,1484.8,2025-12-08 00:04:30+00
19,1480.1,2025-12-08 00:04:31+00
19,1495,2025-12-08 00:04:32+00
19,1481.3,2025-12-08 00:04:33+00
19,1481.4,2025-12-08 00:04:34+00
19,1475.8,2025-12-08 00:04:35+00
19,1498.1,2025-12-08 00:04:36+00
19,1564.4,2025-12-08 00:04:37+00
19,1562.6,2025-12-08 00:04:38+00
19,1562.7,2025-12-08 00:04:39+00
19,1564.5,2025-12-08 00:04:40+00
19,1570.4,2025-12-08 00:04:41+00
19,1567.1,2025-12-08 00:04:42+00
19,1566.4,2025-12-08 00:04:43+00
19,1568.2,2025-12-08 00:04:44+00
19,1570.5,2025-12-08 00:04:45+00
19,1570,2025-12-08 00:04:46+00
19,1568.2,2025-12-08 00:04:47+00
19,1570.8,2025-12-08 00:04:48+00
19,1567.6,2025-12-08 00:04:49+00
19,1574.2,2025-12-08 00:04:50+00
19,1574.3,2025-12-08 00:04:51+00
19,1573,2025-12-08 00:04:52+00
19,1565.6,2025-12-08 00:04:53+00
19,1561.6,2025-12-08 00:04:54+00
19,1560.9,2025-12-08 00:04:55+00
19,1561.2,2025-12-08 00:04:56+00
19,1568.6,2025-12-08 00:04:57+00
19,1565.8,2025-12-08 00:04:58+00
19,1563,2025-12-08 00:04:59+00
19,1564.6,2025-12-08 00:05:00+00
19,1568.3,2025-12-08 00:05:01+00
19,1563.2,2025-12-08 00:05:02+00
19,1565.7,2025-12-08 00:05:03+00
19,1566,2025-12-08 00:05:04+00
19,1564.3,2025-12-08 00:05:05+00
19,1570.3,2025-12-08 00:05:06+00
19,1578,2025-12-08 00:05:07+00
19,1562.4,2025-12-08 00:05:08+00
19,1571.6,2025-12-08 00:05:09+00
19,1582.7,2025-12-08 00:05:10+00
19,1563,2025-12-08 00:05:11+00
19,1563.7,2025-12-08 00:05:12+00
19,1563.7,2025-12-08 00:05:13+00
19,1564.6,2025-12-08 00:05:14+00
19,1569.2,2025-12-08 00:05:15+00
19,1571.9,2025-12-08 00:05:16+00
19,1571.4,2025-12-08 00:05:17+00
19,1566.5,2025-12-08 00:05:18+00
19,1573.6,2025-12-08 00:05:19+00
19,1573.6,2025-12-08 00:05:20+00
19,1574.4,2025-12-08 00:05:21+00
19,1571.4,2025-12-08 00:05:22+00
19,1567.6,2025-12-08 00:05:23+00
19,1568.5,2025-12-08 00:05:24+00
19,1566.9,2025-12-08 00:05:25+00
19,1631.5,2025-12-08 00:05:26+00
19,1686.7,2025-12-08 00:05:27+00
19,1706.5,2025-12-08 00:05:28+00
19,1695.5,2025-12-08 00:05:29+00
19,1703.5,2025-12-08 00:05:30+00
19,1723.8,2025-12-08 00:05:31+00
19,1706.6,2025-12-08 00:05:32+00
19,1720.6,2025-12-08 00:05:33+00
19,1700.6,2025-12-08 00:05:34+00
19,1703.7,2025-12-08 00:05:35+00
19,1704.3,2025-12-08 00:05:36+00
19,1704.2,2025-12-08 00:05:37+00
19,1699.4,2025-12-08 00:05:38+00
19,1702.6,2025-12-08 00:05:39+00
19,1705.4,2025-12-08 00:05:40+00
19,1703.5,2025-12-08 00:05:41+00
19,1703.1,2025-12-08 00:05:42+00
19,1705.9,2025-12-08 00:05:43+00
19,1701,2025-12-08 00:05:44+00
19,1703.1,2025-12-08 00:05:45+00
19,1709.1,2025-12-08 00:05:46+00
19,1698,2025-12-08 00:05:47+00
19,1704.9,2025-12-08 00:05:48+00
19,1704.2,2025-12-08 00:05:49+00
19,1706,2025-12-08 00:05:50+00
19,1703.9,2025-12-08 00:05:51+00
19,1703.9,2025-12-08 00:05:52+00
19,1701,2025-12-08 00:05:53+00
19,1706.9,2025-12-08 00:05:54+00
19,1701.5,2025-12-08 00:05:55+00
19,1701.9,2025-12-08 00:05:56+00
19,1707.3,2025-12-08 00:05:57+00
19,1704.5,2025-12-08 00:05:58+00
19,1701.2,2025-12-08 00:05:59+00
19,1710.2,2025-12-08 00:06:00+00
19,1707.2,2025-12-08 00:06:01+00
19,1710.4,2025-12-08 00:06:02+00
19,1706.2,2025-12-08 00:06:03+00
19,1702.8,2025-12-08 00:06:04+00
19,1705.2,2025-12-08 00:06:05+00
19,1705.8,2025-12-08 00:06:06+00
19,1707,2025-12-08 00:06:07+00
19,1702.4,2025-12-08 00:06:08+00
19,1712.2,2025-12-08 00:06:09+00
19,1714.9,2025-12-08 00:06:10+00
19,1704,2025-12-08 00:06:11+00
19,1722,2025-12-08 00:06:12+00
19,1707.9,2025-12-08 00:06:13+00
19,1704.6,2025-12-08 00:06:14+00
19,1706.2,2025-12-08 00:06:15+00
19,1701.5,2025-12-08 00:06:16+00
19,1702.6,2025-12-08 00:06:17+00
19,1721.1,2025-12-08 00:06:18+00
19,1712.9,2025-12-08 00:06:19+00
19,1708.4,2025-12-08 00:06:20+00
19,1705.5,2025-12-08 00:06:21+00
19,1707.1,2025-12-08 00:06:22+00
19,1707.5,2025-12-08 00:06:23+00
19,1706.6,2025-12-08 00:06:24+00
19,1705,2025-12-08 00:06:25+00
19,1714.5,2025-12-08 00:06:26+00
19,1704.9,2025-12-08 00:06:27+00
19,1708,2025-12-08 00:06:28+00
19,1702.2,2025-12-08 00:06:29+00
19,1705.4,2025-12-08 00:06:30+00
19,1705.3,2025-12-08 00:06:31+00
19,1715.6,2025-12-08 00:06:32+00
19,1707.7,2025-12-08 00:06:33+00
19,1705.2,2025-12-08 00:06:34+00
19,1703.2,2025-12-08 00:06:35+00
19,1703.5,2025-12-08 00:06:36+00
19,1704.8,2025-12-08 00:06:37+00
19,1705.9,2025-12-08 00:06:38+00
19,1708.8,2025-12-08 00:06:39+00
19,1701.1,2025-12-08 00:06:40+00
19,1705.8,2025-12-08 00:06:41+00
19,1708.3,2025-12-08 00:06:42+00
19,1706.1,2025-12-08 00:06:43+00
19,1709.5,2025-12-08 00:06:44+00
19,1705.4,2025-12-08 00:06:45+00
19,1705,2025-12-08 00:06:46+00
19,1702.3,2025-12-08 00:06:47+00
19,1707.7,2025-12-08 00:06:48+00
19,1708.8,2025-12-08 00:06:49+00
19,1707,2025-12-08 00:06:50+00
19,1708.6,2025-12-08 00:06:51+00
19,1703.6,2025-12-08 00:06:52+00
19,1704.8,2025-12-08 00:06:53+00
19,1702.2,2025-12-08 00:06:54+00
19,1706.4,2025-12-08 00:06:55+00
19,1713.6,2025-12-08 00:06:56+00
19,1716,2025-12-08 00:06:57+00
19,1706,2025-12-08 00:06:58+00
19,1705.3,2025-12-08 00:06:59+00
19,1711.8,2025-12-08 00:07:00+00
19,1709.8,2025-12-08 00:07:01+00
19,1710.6,2025-12-08 00:07:02+00
19,1709.7,2025-12-08 00:07:03+00
19,1705.1,2025-12-08 00:07:04+00
19,1702.1,2025-12-08 00:07:05+00
19,1702.1,2025-12-08 00:07:06+00
19,1706,2025-12-08 00:07:07+00
19,1701.3,2025-12-08 00:07:08+00
19,1710,2025-12-08 00:07:09+00
19,1702.6,2025-12-08 00:07:10+00
19,1707,2025-12-08 00:07:11+00
19,1703,2025-12-08 00:07:12+00
19,1707.1,2025-12-08 00:07:13+00
19,1703.8,2025-12-08 00:07:14+00
19,1708.7,2025-12-08 00:07:15+00
19,1706,2025-12-08 00:07:16+00
19,1706,2025-12-08 00:07:17+00
19,1706.9,2025-12-08 00:07:18+00
19,1713.6,2025-12-08 00:07:19+00
19,1712.3,2025-12-08 00:07:20+00
19,1703.9,2025-12-08 00:07:21+00
19,1702.3,2025-12-08 00:07:22+00
19,1708.7,2025-12-08 00:07:23+00
19,1709.6,2025-12-08 00:07:24+00
19,1705.6,2025-12-08 00:07:25+00
19,1710.2,2025-12-08 00:07:26+00
19,1699.9,2025-12-08 00:07:27+00
19,1705.4,2025-12-08 00:07:28+00
19,1705.3,2025-12-08 00:07:29+00
19,1725.3,2025-12-08 00:07:30+00
19,1705.4,2025-12-08 00:07:31+00
19,1707.4,2025-12-08 00:07:32+00
19,1707.8,2025-12-08 00:07:33+00
19,1704.9,2025-12-08 00:07:34+00
19,1705.1,2025-12-08 00:07:35+00
19,1704.9,2025-12-08 00:07:36+00
19,1708,2025-12-08 00:07:37+00
19,1707.1,2025-12-08 00:07:38+00
19,1707.5,2025-12-08 00:07:39+00
19,1706.6,2025-12-08 00:07:40+00
19,1707.9,2025-12-08 00:07:41+00
19,1713.3,2025-12-08 00:07:42+00
19,1701.1,2025-12-08 00:07:43+00
19,1697.5,2025-12-08 00:07:44+00
19,1704.3,2025-12-08 00:07:45+00
19,1705.9,2025-12-08 00:07:46+00
19,1709.1,2025-12-08 00:07:47+00
19,1704.1,2025-12-08 00:07:48+00
19,1704.9,2025-12-08 00:07:49+00
19,1704.1,2025-12-08 00:07:50+00
19,1707.5,2025-12-08 00:07:51+00
19,1702.8,2025-12-08 00:07:52+00
19,1703.8,2025-12-08 00:07:53+00
19,1703.5,2025-12-08 00:07:54+00
19,1708.4,2025-12-08 00:07:55+00
19,1712,2025-12-08 00:07:56+00
19,1711,2025-12-08 00:07:57+00
19,1710.2,2025-12-08 00:07:58+00
19,1708.3,2025-12-08 00:07:59+00
19,1711.1,2025-12-08 00:08:00+00
19,1712,2025-12-08 00:08:01+00
19,1709.3,2025-12-08 00:08:02+00
19,1705.9,2025-12-08 00:08:03+00
19,1715,2025-12-08 00:08:04+00
19,1706.1,2025-12-08 00:08:05+00
19,1708,2025-12-08 00:08:06+00
19,1706.4,2025-12-08 00:08:07+00
19,1707.5,2025-12-08 00:08:08+00
19,1707.5,2025-12-08 00:08:09+00
19,1709.2,2025-12-08 00:08:10+00
19,1708.6,2025-12-08 00:08:11+00
19,1709.1,2025-12-08 00:08:12+00
19,1709.1,2025-12-08 00:08:13+00
19,1711.4,2025-12-08 00:08:14+00
19,1704.1,2025-12-08 00:08:15+00
19,1705.5,2025-12-08 00:08:16+00
19,1707.7,2025-12-08 00:08:17+00
19,1707.6,2025-12-08 00:08:18+00
19,1711,2025-12-08 00:08:19+00
19,1715.3,2025-12-08 00:08:20+00
19,1706.8,2025-12-08 00:08:21+00
19,1707.6,2025-12-08 00:08:22+00
19,1705.8,2025-12-08 00:08:23+00
19,1718.3,2025-12-08 00:08:24+00
19,1708.6,2025-12-08 00:08:25+00
19,1716.3,2025-12-08 00:08:26+00
19,1708.6,2025-12-08 00:08:27+00
19,1711.7,2025-12-08 00:08:28+00
19,1705.9,2025-12-08 00:08:29+00
19,1711.1,2025-12-08 00:08:30+00
19,1707.3,2025-12-08 00:08:31+00
19,1708.4,2025-12-08 00:08:32+00
19,1713.4,2025-12-08 00:08:33+00
19,1725.5,2025-12-08 00:08:34+00
19,1710.1,2025-12-08 00:08:35+00
19,1711.4,2025-12-08 00:08:36+00
19,1710,2025-12-08 00:08:37+00
19,1710.5,2025-12-08 00:08:38+00
19,1712.6,2025-12-08 00:08:39+00
19,1712.8,2025-12-08 00:08:40+00
19,1708.8,2025-12-08 00:08:41+00
19,1723.7,2025-12-08 00:08:42+00
19,1709.3,2025-12-08 00:08:43+00
19,1709.6,2025-12-08 00:08:44+00
19,1714.4,2025-12-08 00:08:45+00
19,1712,2025-12-08 00:08:46+00
19,1708.1,2025-12-08 00:08:47+00
19,1709.6,2025-12-08 00:08:48+00
19,1708.7,2025-12-08 00:08:49+00
19,1726.2,2025-12-08 00:08:50+00
19,1720.9,2025-12-08 00:08:51+00
19,1709.2,2025-12-08 00:08:52+00
19,1709.9,2025-12-08 00:08:53+00
19,1709,2025-12-08 00:08:54+00
19,1710.3,2025-12-08 00:08:55+00
19,1712.1,2025-12-08 00:08:56+00
19,1712.8,2025-12-08 00:08:57+00
19,1712.4,2025-12-08 00:08:58+00
19,1715.1,2025-12-08 00:08:59+00
19,1712,2025-12-08 00:09:00+00
19,1714.8,2025-12-08 00:09:01+00
19,1712.8,2025-12-08 00:09:02+00
19,1715.5,2025-12-08 00:09:03+00
19,1715.8,2025-12-08 00:09:04+00
19,1712.7,2025-12-08 00:09:05+00
19,1714.1,2025-12-08 00:09:06+00
19,1710.4,2025-12-08 00:09:07+00
19,1713.6,2025-12-08 00:09:08+00
19,1714.6,2025-12-08 00:09:09+00
19,1713.8,2025-12-08 00:09:10+00
19,1710.3,2025-12-08 00:09:11+00
19,1714.2,2025-12-08 00:09:12+00
19,1712.8,2025-12-08 00:09:13+00
19,1713.1,2025-12-08 00:09:14+00
19,1717.6,2025-12-08 00:09:15+00
19,1717.6,2025-12-08 00:09:16+00
19,1722.4,2025-12-08 00:09:17+00
19,1717.4,2025-12-08 00:09:18+00
19,1719.1,2025-12-08 00:09:19+00
19,1719.4,2025-12-08 00:09:20+00
19,1723,2025-12-08 00:09:21+00
19,1711,2025-12-08 00:09:22+00
19,1724.3,2025-12-08 00:09:23+00
19,1717.2,2025-12-08 00:09:24+00
19,1716.7,2025-12-08 00:09:25+00
19,1717.4,2025-12-08 00:09:26+00
19,1718,2025-12-08 00:09:27+00
19,1719.5,2025-12-08 00:09:28+00
19,1718.5,2025-12-08 00:09:29+00
19,1718.1,2025-12-08 00:09:30+00
19,1736,2025-12-08 00:09:31+00
19,1716.8,2025-12-08 00:09:32+00
19,1719.1,2025-12-08 00:09:33+00
19,1714.5,2025-12-08 00:09:34+00
19,1717.9,2025-12-08 00:09:35+00
19,1722.3,2025-12-08 00:09:36+00
19,1721.4,2025-12-08 00:09:37+00
19,1721.4,2025-12-08 00:09:38+00
19,1718.4,2025-12-08 00:09:39+00
19,1719.6,2025-12-08 00:09:40+00
19,1719,2025-12-08 00:09:41+00
19,1726.9,2025-12-08 00:09:42+00
19,1717.1,2025-12-08 00:09:43+00
19,1717.7,2025-12-08 00:09:44+00
19,1713.9,2025-12-08 00:09:45+00
19,1719.2,2025-12-08 00:09:46+00
19,1717.6,2025-12-08 00:09:47+00
19,1720.3,2025-12-08 00:09:48+00
19,1713.3,2025-12-08 00:09:49+00
19,1716.2,2025-12-08 00:09:50+00
19,1734.8,2025-12-08 00:09:51+00
19,1719,2025-12-08 00:09:52+00
19,1716.6,2025-12-08 00:09:53+00
19,1717.1,2025-12-08 00:09:54+00
19,1714.2,2025-12-08 00:09:55+00
19,1718.9,2025-12-08 00:09:56+00
19,1729.4,2025-12-08 00:09:57+00
19,1719.8,2025-12-08 00:09:58+00
19,1720.1,2025-12-08 00:09:59+00
19,1724,2025-12-08 00:10:00+00
19,1719,2025-12-08 00:10:01+00
19,1724.1,2025-12-08 00:10:02+00
19,1726.5,2025-12-08 00:10:03+00
19,1723.3,2025-12-08 00:10:04+00
19,1723.2,2025-12-08 00:10:05+00
19,1722.9,2025-12-08 00:10:06+00
19,1719.5,2025-12-08 00:10:07+00
19,1546,2025-12-08 00:10:08+00
19,1552.2,2025-12-08 00:10:09+00
19,1557.8,2025-12-08 00:10:10+00
19,1562.5,2025-12-08 00:10:11+00
19,1515.8,2025-12-08 00:10:12+00
19,698.1,2025-12-08 00:10:13+00
19,726.6,2025-12-08 00:10:14+00
19,732,2025-12-08 00:10:15+00
19,733,2025-12-08 00:10:16+00
19,765.3,2025-12-08 00:10:17+00
19,733.2,2025-12-08 00:10:18+00
19,743.7,2025-12-08 00:10:19+00
19,737.2,2025-12-08 00:10:20+00
19,734.8,2025-12-08 00:10:21+00
19,731.4,2025-12-08 00:10:22+00
19,731.7,2025-12-08 00:10:23+00
19,731.1,2025-12-08 00:10:24+00
19,729,2025-12-08 00:10:25+00
19,734.7,2025-12-08 00:10:26+00
19,731.8,2025-12-08 00:10:27+00
19,732.2,2025-12-08 00:10:28+00
19,731,2025-12-08 00:10:29+00
19,731.4,2025-12-08 00:10:30+00
19,737.2,2025-12-08 00:10:31+00
19,731.4,2025-12-08 00:10:32+00
19,735,2025-12-08 00:10:33+00
19,731.6,2025-12-08 00:10:34+00
19,733.5,2025-12-08 00:10:35+00
19,733.4,2025-12-08 00:10:36+00
19,734.3,2025-12-08 00:10:37+00
19,733.1,2025-12-08 00:10:38+00
19,734,2025-12-08 00:10:39+00
19,734.9,2025-12-08 00:10:40+00
19,732.9,2025-12-08 00:10:41+00
19,736.7,2025-12-08 00:10:42+00
19,726.2,2025-12-08 00:10:43+00
19,692.7,2025-12-08 00:10:44+00
19,586.2,2025-12-08 00:10:45+00
19,584.8,2025-12-08 00:10:46+00
19,585.2,2025-12-08 00:10:47+00
19,592.1,2025-12-08 00:10:48+00
19,582.5,2025-12-08 00:10:49+00
19,583.8,2025-12-08 00:10:50+00
19,587.9,2025-12-08 00:10:51+00
19,587.4,2025-12-08 00:10:52+00
19,584.4,2025-12-08 00:10:53+00
19,584.6,2025-12-08 00:10:54+00
19,586.2,2025-12-08 00:10:55+00
19,591.4,2025-12-08 00:10:56+00
19,650.7,2025-12-08 00:10:57+00
19,601.3,2025-12-08 00:10:58+00
19,601.6,2025-12-08 00:10:59+00
19,600.8,2025-12-08 00:11:00+00
19,615.6,2025-12-08 00:11:01+00
19,603.3,2025-12-08 00:11:02+00
19,603,2025-12-08 00:11:03+00
19,602.3,2025-12-08 00:11:04+00
19,600.6,2025-12-08 00:11:05+00
19,603.9,2025-12-08 00:11:06+00
19,615,2025-12-08 00:11:07+00
19,606.6,2025-12-08 00:11:08+00
19,605.9,2025-12-08 00:11:09+00
19,605.9,2025-12-08 00:11:10+00
19,606,2025-12-08 00:11:11+00
19,605.8,2025-12-08 00:11:12+00
19,606.9,2025-12-08 00:11:13+00
19,682.6,2025-12-08 00:11:14+00
19,725.2,2025-12-08 00:11:15+00
19,731.7,2025-12-08 00:11:16+00
19,731.1,2025-12-08 00:11:17+00
19,732.9,2025-12-08 00:11:18+00
19,736.1,2025-12-08 00:11:19+00
19,735,2025-12-08 00:11:20+00
19,736.3,2025-12-08 00:11:21+00
19,728.7,2025-12-08 00:11:22+00
19,729.3,2025-12-08 00:11:23+00
19,732.5,2025-12-08 00:11:24+00
19,730.2,2025-12-08 00:11:25+00
19,727.6,2025-12-08 00:11:26+00
19,732.6,2025-12-08 00:11:27+00
19,734.7,2025-12-08 00:11:28+00
19,731.2,2025-12-08 00:11:29+00
19,730.2,2025-12-08 00:11:30+00
19,729.6,2025-12-08 00:11:31+00
19,731.9,2025-12-08 00:11:32+00
19,734.6,2025-12-08 00:11:33+00
19,732.8,2025-12-08 00:11:34+00
19,742.5,2025-12-08 00:11:35+00
19,739.7,2025-12-08 00:11:36+00
19,748.8,2025-12-08 00:11:37+00
19,742.8,2025-12-08 00:11:38+00
19,741.7,2025-12-08 00:11:39+00
19,742.2,2025-12-08 00:11:40+00
19,735.8,2025-12-08 00:11:41+00
19,736.2,2025-12-08 00:11:42+00
19,737.2,2025-12-08 00:11:43+00
19,737,2025-12-08 00:11:44+00
19,741.6,2025-12-08 00:11:45+00
19,736,2025-12-08 00:11:46+00
19,733.8,2025-12-08 00:11:47+00
19,732.3,2025-12-08 00:11:48+00
19,732.9,2025-12-08 00:11:49+00
19,732.7,2025-12-08 00:11:50+00
19,735.8,2025-12-08 00:11:51+00
19,733,2025-12-08 00:11:52+00
19,732.2,2025-12-08 00:11:53+00
19,732.1,2025-12-08 00:11:54+00
19,742.4,2025-12-08 00:11:55+00
19,736.7,2025-12-08 00:11:56+00
19,734.8,2025-12-08 00:11:57+00
19,733,2025-12-08 00:11:58+00
19,733.2,2025-12-08 00:11:59+00
19,736.5,2025-12-08 00:12:00+00
19,747.6,2025-12-08 00:12:01+00
19,733.3,2025-12-08 00:12:02+00
19,735.4,2025-12-08 00:12:03+00
19,733.7,2025-12-08 00:12:04+00
19,733.4,2025-12-08 00:12:05+00
19,735.5,2025-12-08 00:12:06+00
19,734.2,2025-12-08 00:12:07+00
19,732.3,2025-12-08 00:12:08+00
19,732.1,2025-12-08 00:12:09+00
19,732.7,2025-12-08 00:12:10+00
19,730.2,2025-12-08 00:12:11+00
19,734.8,2025-12-08 00:12:12+00
19,733.5,2025-12-08 00:12:13+00
19,732.4,2025-12-08 00:12:14+00
19,732.7,2025-12-08 00:12:15+00
19,736.7,2025-12-08 00:12:16+00
19,734,2025-12-08 00:12:17+00
19,733.2,2025-12-08 00:12:18+00
19,738.6,2025-12-08 00:12:19+00
19,738.2,2025-12-08 00:12:20+00
19,732.8,2025-12-08 00:12:21+00
19,735.6,2025-12-08 00:12:22+00
19,732.3,2025-12-08 00:12:23+00
19,732.4,2025-12-08 00:12:24+00
19,731.2,2025-12-08 00:12:25+00
19,730.4,2025-12-08 00:12:26+00
19,731.9,2025-12-08 00:12:27+00
19,735.6,2025-12-08 00:12:28+00
19,736.3,2025-12-08 00:12:29+00
19,732.1,2025-12-08 00:12:30+00
19,732,2025-12-08 00:12:31+00
19,729.7,2025-12-08 00:12:32+00
19,734.7,2025-12-08 00:12:33+00
19,733.7,2025-12-08 00:12:34+00
19,732.4,2025-12-08 00:12:35+00
19,740.2,2025-12-08 00:12:36+00
19,730.8,2025-12-08 00:12:37+00
19,732,2025-12-08 00:12:38+00
19,729.5,2025-12-08 00:12:39+00
19,729.7,2025-12-08 00:12:40+00
19,729.7,2025-12-08 00:12:41+00
19,732.7,2025-12-08 00:12:42+00
19,735.4,2025-12-08 00:12:43+00
19,758,2025-12-08 00:12:44+00
19,739.8,2025-12-08 00:12:45+00
19,745.2,2025-12-08 00:12:46+00
19,737.9,2025-12-08 00:12:47+00
19,738.7,2025-12-08 00:12:48+00
19,738.7,2025-12-08 00:12:49+00
19,738.6,2025-12-08 00:12:50+00
19,740.6,2025-12-08 00:12:51+00
19,741,2025-12-08 00:12:52+00
19,738.1,2025-12-08 00:12:53+00
19,742.2,2025-12-08 00:12:54+00
19,736.7,2025-12-08 00:12:55+00
19,738.4,2025-12-08 00:12:56+00
19,739.6,2025-12-08 00:12:57+00
19,734.8,2025-12-08 00:12:58+00
19,728.8,2025-12-08 00:12:59+00
19,733.6,2025-12-08 00:13:00+00
19,729.9,2025-12-08 00:13:01+00
19,733.1,2025-12-08 00:13:02+00
19,734.1,2025-12-08 00:13:03+00
19,731.7,2025-12-08 00:13:04+00
19,734.1,2025-12-08 00:13:05+00
19,740.1,2025-12-08 00:13:06+00
19,733.8,2025-12-08 00:13:07+00
19,740.9,2025-12-08 00:13:08+00
19,731.3,2025-12-08 00:13:09+00
19,730.1,2025-12-08 00:13:10+00
19,729.5,2025-12-08 00:13:11+00
19,733.2,2025-12-08 00:13:12+00
19,732,2025-12-08 00:13:13+00
19,734,2025-12-08 00:13:14+00
19,732.3,2025-12-08 00:13:15+00
19,729.8,2025-12-08 00:13:16+00
19,732.5,2025-12-08 00:13:17+00
19,733.8,2025-12-08 00:13:18+00
19,734.4,2025-12-08 00:13:19+00
19,735.8,2025-12-08 00:13:20+00
19,732.4,2025-12-08 00:13:21+00
19,730.1,2025-12-08 00:13:22+00
19,731.8,2025-12-08 00:13:23+00
19,736.3,2025-12-08 00:13:24+00
19,728.3,2025-12-08 00:13:25+00
19,731.5,2025-12-08 00:13:26+00
19,729.8,2025-12-08 00:13:27+00
19,728.7,2025-12-08 00:13:28+00
19,729.8,2025-12-08 00:13:29+00
19,729.1,2025-12-08 00:13:30+00
19,698.7,2025-12-08 00:13:31+00
19,701.2,2025-12-08 00:13:32+00
19,701.4,2025-12-08 00:13:33+00
19,701.9,2025-12-08 00:13:34+00
19,697.9,2025-12-08 00:13:35+00
19,699.3,2025-12-08 00:13:36+00
19,699.3,2025-12-08 00:13:37+00
19,700,2025-12-08 00:13:38+00
19,702.5,2025-12-08 00:13:39+00
19,698.5,2025-12-08 00:13:40+00
19,698.9,2025-12-08 00:13:41+00
19,701.9,2025-12-08 00:13:42+00
19,701,2025-12-08 00:13:43+00
19,703,2025-12-08 00:13:44+00
19,702,2025-12-08 00:13:45+00
19,696.6,2025-12-08 00:13:46+00
19,700.4,2025-12-08 00:13:47+00
19,700.8,2025-12-08 00:13:48+00
19,699.3,2025-12-08 00:13:49+00
19,704,2025-12-08 00:13:50+00
19,698.3,2025-12-08 00:13:51+00
19,700.4,2025-12-08 00:13:52+00
19,699.8,2025-12-08 00:13:53+00
19,703.2,2025-12-08 00:13:54+00
19,700.4,2025-12-08 00:13:55+00
19,699.4,2025-12-08 00:13:56+00
19,698.5,2025-12-08 00:13:57+00
19,700.7,2025-12-08 00:13:58+00
19,703.7,2025-12-08 00:13:59+00
19,711.2,2025-12-08 00:14:00+00
19,705.5,2025-12-08 00:14:01+00
19,704.9,2025-12-08 00:14:02+00
19,704.3,2025-12-08 00:14:03+00
19,700.3,2025-12-08 00:14:04+00
19,718,2025-12-08 00:14:05+00
19,700.7,2025-12-08 00:14:06+00
19,702.3,2025-12-08 00:14:07+00
19,703,2025-12-08 00:14:08+00
19,703.9,2025-12-08 00:14:09+00
19,698.8,2025-12-08 00:14:10+00
19,697.6,2025-12-08 00:14:11+00
19,700.2,2025-12-08 00:14:12+00
19,698.4,2025-12-08 00:14:13+00
19,699.1,2025-12-08 00:14:14+00
19,696.8,2025-12-08 00:14:15+00
19,695.8,2025-12-08 00:14:16+00
19,699.9,2025-12-08 00:14:17+00
19,699.1,2025-12-08 00:14:18+00
19,705.6,2025-12-08 00:14:19+00
19,699.3,2025-12-08 00:14:20+00
19,696.1,2025-12-08 00:14:21+00
19,696.7,2025-12-08 00:14:22+00
19,696.7,2025-12-08 00:14:23+00
19,699.8,2025-12-08 00:14:24+00
19,697.7,2025-12-08 00:14:25+00
19,698.7,2025-12-08 00:14:26+00
19,698.1,2025-12-08 00:14:27+00
19,697.6,2025-12-08 00:14:28+00
19,697.4,2025-12-08 00:14:29+00
19,699.9,2025-12-08 00:14:30+00
19,697.3,2025-12-08 00:14:31+00
19,697.6,2025-12-08 00:14:32+00
19,696.8,2025-12-08 00:14:33+00
19,695.3,2025-12-08 00:14:34+00
19,698.3,2025-12-08 00:14:35+00
19,692.4,2025-12-08 00:14:36+00
19,702.1,2025-12-08 00:14:37+00
19,699.3,2025-12-08 00:14:38+00
19,700.4,2025-12-08 00:14:39+00
19,699.4,2025-12-08 00:14:40+00
19,697.2,2025-12-08 00:14:41+00
19,699.8,2025-12-08 00:14:42+00
19,698.1,2025-12-08 00:14:43+00
19,699.7,2025-12-08 00:14:44+00
19,698.1,2025-12-08 00:14:45+00
19,695.4,2025-12-08 00:14:46+00
19,697.4,2025-12-08 00:14:47+00
19,696.7,2025-12-08 00:14:48+00
19,696.3,2025-12-08 00:14:49+00
19,698.5,2025-12-08 00:14:50+00
19,702.3,2025-12-08 00:14:51+00
19,695.1,2025-12-08 00:14:52+00
19,698.6,2025-12-08 00:14:53+00
19,698,2025-12-08 00:14:54+00
19,694.9,2025-12-08 00:14:55+00
19,698.7,2025-12-08 00:14:56+00
19,698.2,2025-12-08 00:14:57+00
19,695.8,2025-12-08 00:14:58+00
19,698,2025-12-08 00:14:59+00
19,699,2025-12-08 00:15:00+00
19,701.4,2025-12-08 00:15:01+00
19,699.8,2025-12-08 00:15:02+00
19,698.6,2025-12-08 00:15:03+00
19,697,2025-12-08 00:15:04+00
19,699.8,2025-12-08 00:15:05+00
19,700.2,2025-12-08 00:15:06+00
19,830.1,2025-12-08 00:15:07+00
19,800.4,2025-12-08 00:15:08+00
19,798.1,2025-12-08 00:15:09+00
19,797.3,2025-12-08 00:15:10+00
19,704.7,2025-12-08 00:15:11+00
19,799.7,2025-12-08 00:15:12+00
19,795.5,2025-12-08 00:15:13+00
19,851.2,2025-12-08 00:15:14+00
19,814.2,2025-12-08 00:15:15+00
19,807.5,2025-12-08 00:15:16+00
19,808.7,2025-12-08 00:15:17+00
19,800.4,2025-12-08 00:15:18+00
19,803,2025-12-08 00:15:19+00
19,803.4,2025-12-08 00:15:20+00
19,806.6,2025-12-08 00:15:21+00
19,804.7,2025-12-08 00:15:22+00
19,803.5,2025-12-08 00:15:23+00
19,805.1,2025-12-08 00:15:24+00
19,801.9,2025-12-08 00:15:25+00
19,803.9,2025-12-08 00:15:26+00
19,807.2,2025-12-08 00:15:27+00
19,804.7,2025-12-08 00:15:28+00
19,805.5,2025-12-08 00:15:29+00
19,803.1,2025-12-08 00:15:30+00
19,801.9,2025-12-08 00:15:31+00
19,806.4,2025-12-08 00:15:32+00
19,807.3,2025-12-08 00:15:33+00
19,806.3,2025-12-08 00:15:34+00
19,805,2025-12-08 00:15:35+00
19,802.6,2025-12-08 00:15:36+00
19,813,2025-12-08 00:15:37+00
19,802,2025-12-08 00:15:38+00
19,803.9,2025-12-08 00:15:39+00
19,820.6,2025-12-08 00:15:40+00
19,810.9,2025-12-08 00:15:41+00
19,820.3,2025-12-08 00:15:42+00
19,805.5,2025-12-08 00:15:43+00
19,803.7,2025-12-08 00:15:44+00
19,804.7,2025-12-08 00:15:45+00
19,1101.1,2025-12-08 00:15:46+00
19,1100.4,2025-12-08 00:15:47+00
19,993.7,2025-12-08 00:15:48+00
19,1011.7,2025-12-08 00:15:49+00
19,1108,2025-12-08 00:15:50+00
19,1013.2,2025-12-08 00:15:51+00
19,1059.7,2025-12-08 00:15:52+00
19,1087.8,2025-12-08 00:15:53+00
19,1113.5,2025-12-08 00:15:54+00
19,1136.4,2025-12-08 00:15:55+00
19,1157.9,2025-12-08 00:15:56+00
19,1179.1,2025-12-08 00:15:57+00
19,1197.1,2025-12-08 00:15:58+00
19,1212.1,2025-12-08 00:15:59+00
19,1223.8,2025-12-08 00:16:00+00
19,1229,2025-12-08 00:16:01+00
19,1232.3,2025-12-08 00:16:02+00
19,1238.4,2025-12-08 00:16:03+00
19,1245.4,2025-12-08 00:16:04+00
19,1244.6,2025-12-08 00:16:05+00
19,1244.7,2025-12-08 00:16:06+00
19,1243.5,2025-12-08 00:16:07+00
19,1243.9,2025-12-08 00:16:08+00
19,1243.8,2025-12-08 00:16:09+00
19,1244.1,2025-12-08 00:16:10+00
19,1243,2025-12-08 00:16:11+00
19,1242.6,2025-12-08 00:16:12+00
19,1241.1,2025-12-08 00:16:13+00
19,1236.7,2025-12-08 00:16:14+00
19,1239.8,2025-12-08 00:16:15+00
19,1238.1,2025-12-08 00:16:16+00
19,1241.3,2025-12-08 00:16:17+00
19,1238.5,2025-12-08 00:16:18+00
19,1242.7,2025-12-08 00:16:19+00
19,1245,2025-12-08 00:16:20+00
19,1241.6,2025-12-08 00:16:21+00
19,1243.6,2025-12-08 00:16:22+00
19,1246.7,2025-12-08 00:16:23+00
19,1252.1,2025-12-08 00:16:24+00
19,1246.5,2025-12-08 00:16:25+00
19,1253.4,2025-12-08 00:16:26+00
19,1257.6,2025-12-08 00:16:27+00
19,1260.5,2025-12-08 00:16:28+00
19,1260.5,2025-12-08 00:16:29+00
19,1262.1,2025-12-08 00:16:30+00
19,1260.3,2025-12-08 00:16:31+00
19,1263.6,2025-12-08 00:16:32+00
19,1267.1,2025-12-08 00:16:33+00
19,1272.1,2025-12-08 00:16:34+00
19,1264.9,2025-12-08 00:16:35+00
19,1264.9,2025-12-08 00:16:36+00
19,1267.3,2025-12-08 00:16:37+00
19,1267.1,2025-12-08 00:16:38+00
19,1267,2025-12-08 00:16:39+00
19,1265.9,2025-12-08 00:16:40+00
19,1266.8,2025-12-08 00:16:41+00
19,1268.5,2025-12-08 00:16:42+00
19,1273.2,2025-12-08 00:16:43+00
19,1268.1,2025-12-08 00:16:44+00
19,1268.7,2025-12-08 00:16:45+00
19,1262.6,2025-12-08 00:16:46+00
19,1262.3,2025-12-08 00:16:47+00
19,1264.2,2025-12-08 00:16:48+00
19,1260,2025-12-08 00:16:49+00
19,1262.1,2025-12-08 00:16:50+00
19,1262.6,2025-12-08 00:16:51+00
19,1264,2025-12-08 00:16:52+00
19,1261.6,2025-12-08 00:16:53+00
19,1262,2025-12-08 00:16:54+00
19,1264,2025-12-08 00:16:55+00
19,1266.1,2025-12-08 00:16:56+00
19,1269.6,2025-12-08 00:16:57+00
19,1262.7,2025-12-08 00:16:58+00
19,1277.6,2025-12-08 00:16:59+00
19,1270.4,2025-12-08 00:17:00+00
19,1265.7,2025-12-08 00:17:01+00
19,1269,2025-12-08 00:17:02+00
19,1270.4,2025-12-08 00:17:03+00
19,1266.3,2025-12-08 00:17:04+00
19,1266.8,2025-12-08 00:17:05+00
19,1266.3,2025-12-08 00:17:06+00
19,1269.8,2025-12-08 00:17:07+00
19,1267.7,2025-12-08 00:17:08+00
19,1266.6,2025-12-08 00:17:09+00
19,1263,2025-12-08 00:17:10+00
19,1267.8,2025-12-08 00:17:11+00
19,1264.7,2025-12-08 00:17:12+00
19,1264.9,2025-12-08 00:17:13+00
19,1262.8,2025-12-08 00:17:14+00
19,1266.7,2025-12-08 00:17:15+00
19,1260.5,2025-12-08 00:17:16+00
19,1264.2,2025-12-08 00:17:17+00
19,1266,2025-12-08 00:17:18+00
19,1270.6,2025-12-08 00:17:19+00
19,1268.8,2025-12-08 00:17:20+00
19,1266.9,2025-12-08 00:17:21+00
19,1256,2025-12-08 00:17:22+00
19,1261.8,2025-12-08 00:17:23+00
19,1264.8,2025-12-08 00:17:24+00
19,1258.8,2025-12-08 00:17:25+00
19,1258.6,2025-12-08 00:17:26+00
19,1263.1,2025-12-08 00:17:27+00
19,1263.1,2025-12-08 00:17:28+00
19,1267.9,2025-12-08 00:17:29+00
19,1263.3,2025-12-08 00:17:30+00
19,1259.6,2025-12-08 00:17:31+00
19,1262,2025-12-08 00:17:32+00
19,1263.8,2025-12-08 00:17:33+00
19,1264.4,2025-12-08 00:17:34+00
19,1259.6,2025-12-08 00:17:35+00
19,1267.3,2025-12-08 00:17:36+00
19,1264.4,2025-12-08 00:17:37+00
19,1264.8,2025-12-08 00:17:38+00
19,1264.9,2025-12-08 00:17:39+00
19,1265.9,2025-12-08 00:17:40+00
19,1273.5,2025-12-08 00:17:41+00
19,1264.8,2025-12-08 00:17:42+00
19,1260.3,2025-12-08 00:17:43+00
19,1271.7,2025-12-08 00:17:44+00
19,1273.4,2025-12-08 00:17:45+00
19,1269.6,2025-12-08 00:17:46+00
19,1269.2,2025-12-08 00:17:47+00
19,1264.3,2025-12-08 00:17:48+00
19,1263.6,2025-12-08 00:17:49+00
19,1262.9,2025-12-08 00:17:50+00
19,1266.7,2025-12-08 00:17:51+00
19,1262.3,2025-12-08 00:17:52+00
19,1261,2025-12-08 00:17:53+00
19,1262.3,2025-12-08 00:17:54+00
19,1260.9,2025-12-08 00:17:55+00
19,1262,2025-12-08 00:17:56+00
19,1264.2,2025-12-08 00:17:57+00
19,1261.1,2025-12-08 00:17:58+00
19,1261.8,2025-12-08 00:17:59+00
19,1335.571186,2025-12-08 00:18:00+00
19,1263.6,2025-12-08 00:18:01+00
19,1271.1,2025-12-08 00:18:02+00
19,1264.9,2025-12-08 00:18:03+00
19,1267.9,2025-12-08 00:18:04+00
19,1267.7,2025-12-08 00:18:05+00
19,1264.6,2025-12-08 00:18:06+00
19,1262.6,2025-12-08 00:18:07+00
19,1264.5,2025-12-08 00:18:08+00
19,1263,2025-12-08 00:18:09+00
19,1264.5,2025-12-08 00:18:10+00
19,1266.6,2025-12-08 00:18:11+00
19,1264.1,2025-12-08 00:18:12+00
19,1262.7,2025-12-08 00:18:13+00
19,1263,2025-12-08 00:18:14+00
19,1299.1,2025-12-08 00:18:15+00
19,1370.9,2025-12-08 00:18:16+00
19,1363.2,2025-12-08 00:18:17+00
19,1361.3,2025-12-08 00:18:18+00
19,1370.4,2025-12-08 00:18:19+00
19,1372.3,2025-12-08 00:18:20+00
19,1363.2,2025-12-08 00:18:21+00
19,1365.1,2025-12-08 00:18:22+00
19,1377.2,2025-12-08 00:18:23+00
19,1365.5,2025-12-08 00:18:24+00
19,1361.8,2025-12-08 00:18:25+00
19,1363,2025-12-08 00:18:26+00
19,1367,2025-12-08 00:18:27+00
19,1367.3,2025-12-08 00:18:28+00
19,1367.3,2025-12-08 00:18:29+00
19,1362.7,2025-12-08 00:18:30+00
19,1371.4,2025-12-08 00:18:31+00
19,1367.1,2025-12-08 00:18:32+00
19,1365.3,2025-12-08 00:18:33+00
19,1372.1,2025-12-08 00:18:34+00
19,1354,2025-12-08 00:18:35+00
19,1358.8,2025-12-08 00:18:36+00
19,1353.7,2025-12-08 00:18:37+00
19,1357.2,2025-12-08 00:18:38+00
19,1355.3,2025-12-08 00:18:39+00
19,1352.1,2025-12-08 00:18:40+00
19,1354.1,2025-12-08 00:18:41+00
19,1354.7,2025-12-08 00:18:42+00
19,1353.7,2025-12-08 00:18:43+00
19,1354.4,2025-12-08 00:18:44+00
19,1349.5,2025-12-08 00:18:45+00
19,1348.1,2025-12-08 00:18:46+00
19,1351.1,2025-12-08 00:18:47+00
19,1352.5,2025-12-08 00:18:48+00
19,1351.1,2025-12-08 00:18:49+00
19,1349,2025-12-08 00:18:50+00
19,1353.9,2025-12-08 00:18:51+00
19,1352.6,2025-12-08 00:18:52+00
19,1351.3,2025-12-08 00:18:53+00
19,1351.5,2025-12-08 00:18:54+00
19,1351.4,2025-12-08 00:18:55+00
19,1351.1,2025-12-08 00:18:56+00
19,1353,2025-12-08 00:18:57+00
19,1349.7,2025-12-08 00:18:58+00
19,1350.9,2025-12-08 00:18:59+00
19,1348.9,2025-12-08 00:19:00+00
19,1352.4,2025-12-08 00:19:01+00
19,1353.9,2025-12-08 00:19:02+00
19,1350.9,2025-12-08 00:19:03+00
19,1352.9,2025-12-08 00:19:04+00
19,1351.4,2025-12-08 00:19:05+00
19,1352.3,2025-12-08 00:19:06+00
19,1350.6,2025-12-08 00:19:07+00
19,1354.4,2025-12-08 00:19:08+00
19,1354.9,2025-12-08 00:19:09+00
19,1357.1,2025-12-08 00:19:10+00
19,1375.2,2025-12-08 00:19:11+00
19,1425.9,2025-12-08 00:19:12+00
19,1424.9,2025-12-08 00:19:13+00
19,1428.5,2025-12-08 00:19:14+00
19,1431.4,2025-12-08 00:19:15+00
19,1425.8,2025-12-08 00:19:16+00
19,1429.6,2025-12-08 00:19:17+00
19,1429,2025-12-08 00:19:18+00
19,1434.2,2025-12-08 00:19:19+00
19,1434.5,2025-12-08 00:19:20+00
19,1434.3,2025-12-08 00:19:21+00
19,1427.7,2025-12-08 00:19:22+00
19,1454.4,2025-12-08 00:19:23+00
19,1434.1,2025-12-08 00:19:24+00
19,1435.4,2025-12-08 00:19:25+00
19,1433.3,2025-12-08 00:19:26+00
19,1432.9,2025-12-08 00:19:27+00
19,1432.5,2025-12-08 00:19:28+00
19,1436.2,2025-12-08 00:19:29+00
19,1437.8,2025-12-08 00:19:30+00
19,1442.3,2025-12-08 00:19:31+00
19,1431.3,2025-12-08 00:19:32+00
19,1429.5,2025-12-08 00:19:33+00
19,1428.3,2025-12-08 00:19:34+00
19,1429.3,2025-12-08 00:19:35+00
19,1433.3,2025-12-08 00:19:36+00
19,1427.5,2025-12-08 00:19:37+00
19,1433.2,2025-12-08 00:19:38+00
19,1432.2,2025-12-08 00:19:39+00
19,1435.4,2025-12-08 00:19:40+00
19,1433,2025-12-08 00:19:41+00
19,1443.6,2025-12-08 00:19:42+00
19,1434.9,2025-12-08 00:19:43+00
19,1436.8,2025-12-08 00:19:44+00
19,1435.1,2025-12-08 00:19:45+00
19,1432,2025-12-08 00:19:46+00
19,1435.2,2025-12-08 00:19:47+00
19,1433.1,2025-12-08 00:19:48+00
19,1433.4,2025-12-08 00:19:49+00
19,1435.9,2025-12-08 00:19:50+00
19,1442.5,2025-12-08 00:19:51+00
19,1435.6,2025-12-08 00:19:52+00
19,1436.6,2025-12-08 00:19:53+00
19,1435.5,2025-12-08 00:19:54+00
19,1432.3,2025-12-08 00:19:55+00
19,1434.5,2025-12-08 00:19:56+00
19,1439,2025-12-08 00:19:57+00
19,1432.7,2025-12-08 00:19:58+00
19,1435.3,2025-12-08 00:19:59+00
19,1436.4,2025-12-08 00:20:00+00
19,1434,2025-12-08 00:20:01+00
19,1437,2025-12-08 00:20:02+00
19,1437.5,2025-12-08 00:20:03+00
19,1438,2025-12-08 00:20:04+00
19,1434.9,2025-12-08 00:20:05+00
19,1434.5,2025-12-08 00:20:06+00
19,1436.8,2025-12-08 00:20:07+00
19,1437.3,2025-12-08 00:20:08+00
19,1439,2025-12-08 00:20:09+00
19,1430.8,2025-12-08 00:20:10+00
19,1436.5,2025-12-08 00:20:11+00
19,1436.2,2025-12-08 00:20:12+00
19,1449.7,2025-12-08 00:20:13+00
19,1472.9,2025-12-08 00:20:14+00
19,1533.7,2025-12-08 00:20:15+00
19,1522.5,2025-12-08 00:20:16+00
19,1539.6,2025-12-08 00:20:17+00
19,1533.1,2025-12-08 00:20:18+00
19,1538,2025-12-08 00:20:19+00
19,1541.4,2025-12-08 00:20:20+00
19,1538,2025-12-08 00:20:21+00
19,1532.7,2025-12-08 00:20:22+00
19,1535.3,2025-12-08 00:20:23+00
19,1536.6,2025-12-08 00:20:24+00
19,1534.1,2025-12-08 00:20:25+00
19,1533.6,2025-12-08 00:20:26+00
19,1533.7,2025-12-08 00:20:27+00
19,1532.8,2025-12-08 00:20:28+00
19,1536.6,2025-12-08 00:20:29+00
19,1539.6,2025-12-08 00:20:30+00
19,1536.5,2025-12-08 00:20:31+00
19,1537.6,2025-12-08 00:20:32+00
19,1538.1,2025-12-08 00:20:33+00
19,1539.7,2025-12-08 00:20:34+00
19,1543.4,2025-12-08 00:20:35+00
19,1536.7,2025-12-08 00:20:36+00
19,1538.7,2025-12-08 00:20:37+00
19,1542.1,2025-12-08 00:20:38+00
19,1539.8,2025-12-08 00:20:39+00
19,1538.6,2025-12-08 00:20:40+00
19,1541.7,2025-12-08 00:20:41+00
19,1540.7,2025-12-08 00:20:42+00
19,1541.6,2025-12-08 00:20:43+00
19,1543.3,2025-12-08 00:20:44+00
19,1547.4,2025-12-08 00:20:45+00
19,1542.2,2025-12-08 00:20:46+00
19,1540.7,2025-12-08 00:20:47+00
19,1540.7,2025-12-08 00:20:48+00
19,1541.7,2025-12-08 00:20:49+00
19,1544.1,2025-12-08 00:20:50+00
19,1542.6,2025-12-08 00:20:51+00
19,1540.4,2025-12-08 00:20:52+00
19,1540.3,2025-12-08 00:20:53+00
19,1541.5,2025-12-08 00:20:54+00
19,1553,2025-12-08 00:20:55+00
19,1542.7,2025-12-08 00:20:56+00
19,1544.1,2025-12-08 00:20:57+00
19,1544.9,2025-12-08 00:20:58+00
19,1545.7,2025-12-08 00:20:59+00
19,1546.5,2025-12-08 00:21:00+00
19,1544.8,2025-12-08 00:21:01+00
19,1547.2,2025-12-08 00:21:02+00
19,1541.8,2025-12-08 00:21:03+00
19,1545,2025-12-08 00:21:04+00
19,1545.7,2025-12-08 00:21:05+00
19,1544.3,2025-12-08 00:21:06+00
19,1540.7,2025-12-08 00:21:07+00
19,1559.4,2025-12-08 00:21:08+00
19,1542.3,2025-12-08 00:21:09+00
19,1544.5,2025-12-08 00:21:10+00
19,1547.8,2025-12-08 00:21:11+00
19,1543.6,2025-12-08 00:21:12+00
19,1542.7,2025-12-08 00:21:13+00
19,1544.6,2025-12-08 00:21:14+00
19,1550.6,2025-12-08 00:21:15+00
19,1543.9,2025-12-08 00:21:16+00
19,1551.9,2025-12-08 00:21:17+00
19,1545,2025-12-08 00:21:18+00
19,1547.8,2025-12-08 00:21:19+00
19,1551.1,2025-12-08 00:21:20+00
19,1540,2025-12-08 00:21:21+00
19,1541.6,2025-12-08 00:21:22+00
19,1541.8,2025-12-08 00:21:23+00
19,1545.1,2025-12-08 00:21:24+00
19,1540,2025-12-08 00:21:25+00
19,1544.5,2025-12-08 00:21:26+00
19,1545.2,2025-12-08 00:21:27+00
19,1545.3,2025-12-08 00:21:28+00
19,1544,2025-12-08 00:21:29+00
19,1539.8,2025-12-08 00:21:30+00
19,1541.1,2025-12-08 00:21:31+00
19,1545.7,2025-12-08 00:21:32+00
19,1540.7,2025-12-08 00:21:33+00
19,1545.3,2025-12-08 00:21:34+00
19,1542.5,2025-12-08 00:21:35+00
19,1540.1,2025-12-08 00:21:36+00
19,1543.4,2025-12-08 00:21:37+00
19,1542.1,2025-12-08 00:21:38+00
19,1543.6,2025-12-08 00:21:39+00
19,1545.5,2025-12-08 00:21:40+00
19,1546.3,2025-12-08 00:21:41+00
19,1547.4,2025-12-08 00:21:42+00
19,1547.3,2025-12-08 00:21:43+00
19,1558.3,2025-12-08 00:21:44+00
19,1548.2,2025-12-08 00:21:45+00
19,1546.5,2025-12-08 00:21:46+00
19,1548.7,2025-12-08 00:21:47+00
19,1550.8,2025-12-08 00:21:48+00
19,1548.6,2025-12-08 00:21:49+00
19,1549.5,2025-12-08 00:21:50+00
19,1549.7,2025-12-08 00:21:51+00
19,1547.1,2025-12-08 00:21:52+00
19,1547.5,2025-12-08 00:21:53+00
19,1545.6,2025-12-08 00:21:54+00
19,1544.9,2025-12-08 00:21:55+00
19,1544.3,2025-12-08 00:21:56+00
19,1542.1,2025-12-08 00:21:57+00
19,1546.2,2025-12-08 00:21:58+00
19,1546.4,2025-12-08 00:21:59+00
19,1553.6,2025-12-08 00:22:00+00
19,1550.2,2025-12-08 00:22:01+00
19,1549.8,2025-12-08 00:22:02+00
19,1548.4,2025-12-08 00:22:03+00
19,1547.9,2025-12-08 00:22:04+00
19,1550.1,2025-12-08 00:22:05+00
19,1547.4,2025-12-08 00:22:06+00
19,1549.7,2025-12-08 00:22:07+00
19,1548.1,2025-12-08 00:22:08+00
19,1544.8,2025-12-08 00:22:09+00
19,1544.9,2025-12-08 00:22:10+00
19,1546.8,2025-12-08 00:22:11+00
19,1546.4,2025-12-08 00:22:12+00
19,1550.6,2025-12-08 00:22:13+00
19,1547.7,2025-12-08 00:22:14+00
19,1542,2025-12-08 00:22:15+00
19,1545.3,2025-12-08 00:22:16+00
19,1549.1,2025-12-08 00:22:17+00
19,1548.7,2025-12-08 00:22:18+00
19,1553.4,2025-12-08 00:22:19+00
19,1554.2,2025-12-08 00:22:20+00
19,1545.9,2025-12-08 00:22:21+00
19,1547.2,2025-12-08 00:22:22+00
19,1547.4,2025-12-08 00:22:23+00
19,1547.1,2025-12-08 00:22:24+00
19,1547.2,2025-12-08 00:22:25+00
19,1546.1,2025-12-08 00:22:26+00
19,1546.6,2025-12-08 00:22:27+00
19,1547.1,2025-12-08 00:22:28+00
19,1546.9,2025-12-08 00:22:29+00
19,1548.9,2025-12-08 00:22:30+00
19,1543.7,2025-12-08 00:22:31+00
19,1549.9,2025-12-08 00:22:32+00
19,1546.8,2025-12-08 00:22:33+00
19,1551.2,2025-12-08 00:22:34+00
19,1552.3,2025-12-08 00:22:35+00
19,1550.9,2025-12-08 00:22:36+00
19,1553,2025-12-08 00:22:37+00
19,1554.8,2025-12-08 00:22:38+00
19,1549.9,2025-12-08 00:22:39+00
19,1550.3,2025-12-08 00:22:40+00
19,1552.3,2025-12-08 00:22:41+00
19,1545.5,2025-12-08 00:22:42+00
19,1548.1,2025-12-08 00:22:43+00
19,1547.7,2025-12-08 00:22:44+00
19,1559.3,2025-12-08 00:22:45+00
19,1557.9,2025-12-08 00:22:46+00
19,1553.1,2025-12-08 00:22:47+00
19,1549.8,2025-12-08 00:22:48+00
19,1564.5,2025-12-08 00:22:49+00
19,1551.4,2025-12-08 00:22:50+00
19,1551.4,2025-12-08 00:22:51+00
19,1552,2025-12-08 00:22:52+00
19,1552.8,2025-12-08 00:22:53+00
19,1550.2,2025-12-08 00:22:54+00
19,1553.9,2025-12-08 00:22:55+00
19,1551.2,2025-12-08 00:22:56+00
19,1553.5,2025-12-08 00:22:57+00
19,1552.1,2025-12-08 00:22:58+00
19,1565.8,2025-12-08 00:22:59+00
19,1553,2025-12-08 00:23:00+00
19,1555.8,2025-12-08 00:23:01+00
19,1560.1,2025-12-08 00:23:02+00
19,1557.9,2025-12-08 00:23:03+00
19,1559.8,2025-12-08 00:23:04+00
19,1555.9,2025-12-08 00:23:05+00
19,1555.2,2025-12-08 00:23:06+00
19,1556.5,2025-12-08 00:23:07+00
19,1553.1,2025-12-08 00:23:08+00
19,1554.8,2025-12-08 00:23:09+00
19,1557,2025-12-08 00:23:10+00
19,1555.9,2025-12-08 00:23:11+00
19,1576.3,2025-12-08 00:23:12+00
19,1553.3,2025-12-08 00:23:13+00
19,1555.6,2025-12-08 00:23:14+00
19,1557.3,2025-12-08 00:23:15+00
19,1554.5,2025-12-08 00:23:16+00
19,1558.7,2025-12-08 00:23:17+00
19,1554.6,2025-12-08 00:23:18+00
19,1563,2025-12-08 00:23:19+00
19,1563.5,2025-12-08 00:23:20+00
19,1563.1,2025-12-08 00:23:21+00
19,1554.1,2025-12-08 00:23:22+00
19,1559,2025-12-08 00:23:23+00
19,1556.4,2025-12-08 00:23:24+00
19,1556.9,2025-12-08 00:23:25+00
19,1557.8,2025-12-08 00:23:26+00
19,1562.2,2025-12-08 00:23:27+00
19,1562.6,2025-12-08 00:23:28+00
19,1564.2,2025-12-08 00:23:29+00
19,1573.3,2025-12-08 00:23:30+00
19,1559.3,2025-12-08 00:23:31+00
19,1564.8,2025-12-08 00:23:32+00
19,1566,2025-12-08 00:23:33+00
19,1564.5,2025-12-08 00:23:34+00
19,1564.9,2025-12-08 00:23:35+00
19,1563.9,2025-12-08 00:23:36+00
19,1565.1,2025-12-08 00:23:37+00
19,1567.2,2025-12-08 00:23:38+00
19,1569.9,2025-12-08 00:23:39+00
19,1566.5,2025-12-08 00:23:40+00
19,1569.2,2025-12-08 00:23:41+00
19,1566,2025-12-08 00:23:42+00
19,1567.9,2025-12-08 00:23:43+00
19,1580.5,2025-12-08 00:23:44+00
19,1565.8,2025-12-08 00:23:45+00
19,1566.3,2025-12-08 00:23:46+00
19,1570.6,2025-12-08 00:23:47+00
19,1567,2025-12-08 00:23:48+00
19,1568.2,2025-12-08 00:23:49+00
19,1571.7,2025-12-08 00:23:50+00
19,1570.3,2025-12-08 00:23:51+00
19,1568.3,2025-12-08 00:23:52+00
19,1569.1,2025-12-08 00:23:53+00
19,1572.4,2025-12-08 00:23:54+00
19,1568.1,2025-12-08 00:23:55+00
19,1571.8,2025-12-08 00:23:56+00
19,1570.8,2025-12-08 00:23:57+00
19,1568.9,2025-12-08 00:23:58+00
19,1571.7,2025-12-08 00:23:59+00
19,1580.9,2025-12-08 00:24:00+00
19,1570,2025-12-08 00:24:01+00
19,1573.7,2025-12-08 00:24:02+00
19,1574.1,2025-12-08 00:24:03+00
19,1577.2,2025-12-08 00:24:04+00
19,1577.4,2025-12-08 00:24:05+00
19,1575.8,2025-12-08 00:24:06+00
19,1568.7,2025-12-08 00:24:07+00
19,1572.3,2025-12-08 00:24:08+00
19,1578.2,2025-12-08 00:24:09+00
19,1573,2025-12-08 00:24:10+00
19,1572.9,2025-12-08 00:24:11+00
19,1572.1,2025-12-08 00:24:12+00
19,1576.2,2025-12-08 00:24:13+00
19,1575,2025-12-08 00:24:14+00
19,1583.4,2025-12-08 00:24:15+00
19,1576.3,2025-12-08 00:24:16+00
19,1579,2025-12-08 00:24:17+00
19,1582,2025-12-08 00:24:18+00
19,1582.6,2025-12-08 00:24:19+00
19,1584,2025-12-08 00:24:20+00
19,1579.6,2025-12-08 00:24:21+00
19,1578.7,2025-12-08 00:24:22+00
19,1583.7,2025-12-08 00:24:23+00
19,1578.4,2025-12-08 00:24:24+00
19,1579.9,2025-12-08 00:24:25+00
19,1581.3,2025-12-08 00:24:26+00
19,1579.7,2025-12-08 00:24:27+00
19,1581.5,2025-12-08 00:24:28+00
19,1585.1,2025-12-08 00:24:29+00
19,1578.5,2025-12-08 00:24:30+00
19,1580.7,2025-12-08 00:24:31+00
19,1585.9,2025-12-08 00:24:32+00
19,1582.4,2025-12-08 00:24:33+00
19,1585.3,2025-12-08 00:24:34+00
19,1587.9,2025-12-08 00:24:35+00
19,1586.8,2025-12-08 00:24:36+00
19,1590.8,2025-12-08 00:24:37+00
19,1588.2,2025-12-08 00:24:38+00
19,1587.8,2025-12-08 00:24:39+00
19,1586.7,2025-12-08 00:24:40+00
19,1590.5,2025-12-08 00:24:41+00
19,1589,2025-12-08 00:24:42+00
19,1588.4,2025-12-08 00:24:43+00
19,1590.3,2025-12-08 00:24:44+00
19,1590.6,2025-12-08 00:24:45+00
19,1595.5,2025-12-08 00:24:46+00
19,1593.9,2025-12-08 00:24:47+00
19,1591.1,2025-12-08 00:24:48+00
19,1593.3,2025-12-08 00:24:49+00
19,1594.1,2025-12-08 00:24:50+00
19,1593.8,2025-12-08 00:24:51+00
19,1420.7,2025-12-08 00:24:52+00
19,1424.9,2025-12-08 00:24:53+00
19,1433.1,2025-12-08 00:24:54+00
19,1442.6,2025-12-08 00:24:55+00
19,1403.4,2025-12-08 00:24:56+00
19,694.8,2025-12-08 00:24:57+00
19,693.6,2025-12-08 00:24:58+00
19,700.3,2025-12-08 00:24:59+00
19,950,2025-12-08 00:25:00+00
19,712.9,2025-12-08 00:25:01+00
19,703.3,2025-12-08 00:25:02+00
19,703.5,2025-12-08 00:25:03+00
19,701.6,2025-12-08 00:25:04+00
19,700.7,2025-12-08 00:25:05+00
19,703.5,2025-12-08 00:25:06+00
19,704.3,2025-12-08 00:25:07+00
19,704.5,2025-12-08 00:25:08+00
19,704.5,2025-12-08 00:25:09+00
19,704,2025-12-08 00:25:10+00
19,705.9,2025-12-08 00:25:11+00
19,702,2025-12-08 00:25:12+00
19,703.8,2025-12-08 00:25:13+00
19,706.8,2025-12-08 00:25:14+00
19,703.9,2025-12-08 00:25:15+00
19,706.5,2025-12-08 00:25:16+00
19,703.4,2025-12-08 00:25:17+00
19,703,2025-12-08 00:25:18+00
19,708.8,2025-12-08 00:25:19+00
19,708.4,2025-12-08 00:25:20+00
19,703,2025-12-08 00:25:21+00
19,705.2,2025-12-08 00:25:22+00
19,706.6,2025-12-08 00:25:23+00
19,703.3,2025-12-08 00:25:24+00
19,703.6,2025-12-08 00:25:25+00
19,708.1,2025-12-08 00:25:26+00
19,693.2,2025-12-08 00:25:27+00
19,692.3,2025-12-08 00:25:28+00
19,590.2,2025-12-08 00:25:29+00
19,583.6,2025-12-08 00:25:30+00
19,711.1,2025-12-08 00:25:31+00
19,608.1,2025-12-08 00:25:32+00
19,602.4,2025-12-08 00:25:33+00
19,603.1,2025-12-08 00:25:34+00
19,600.6,2025-12-08 00:25:35+00
19,600.5,2025-12-08 00:25:36+00
19,598.5,2025-12-08 00:25:37+00
19,598.5,2025-12-08 00:25:38+00
19,597.4,2025-12-08 00:25:39+00
19,599.2,2025-12-08 00:25:40+00
19,606.7,2025-12-08 00:25:41+00
19,602.8,2025-12-08 00:25:42+00
19,603.6,2025-12-08 00:25:43+00
19,608.8,2025-12-08 00:25:44+00
19,604.3,2025-12-08 00:25:45+00
19,606,2025-12-08 00:25:46+00
19,628.7,2025-12-08 00:25:47+00
19,676.1,2025-12-08 00:25:48+00
19,716.7,2025-12-08 00:25:49+00
19,725.7,2025-12-08 00:25:50+00
19,724.6,2025-12-08 00:25:51+00
19,725.8,2025-12-08 00:25:52+00
19,724.8,2025-12-08 00:25:53+00
19,727.2,2025-12-08 00:25:54+00
19,728.3,2025-12-08 00:25:55+00
19,726.1,2025-12-08 00:25:56+00
19,726.8,2025-12-08 00:25:57+00
19,732.6,2025-12-08 00:25:58+00
19,730.7,2025-12-08 00:25:59+00
19,730.7,2025-12-08 00:26:00+00
19,731.1,2025-12-08 00:26:01+00
19,731.8,2025-12-08 00:26:02+00
19,731.3,2025-12-08 00:26:03+00
19,732.9,2025-12-08 00:26:04+00
19,731.6,2025-12-08 00:26:05+00
19,730.2,2025-12-08 00:26:06+00
19,731.8,2025-12-08 00:26:07+00
19,732.5,2025-12-08 00:26:08+00
19,730.7,2025-12-08 00:26:09+00
19,732.7,2025-12-08 00:26:10+00
19,730.4,2025-12-08 00:26:11+00
19,731.1,2025-12-08 00:26:12+00
19,733.6,2025-12-08 00:26:13+00
19,734.3,2025-12-08 00:26:14+00
19,731.7,2025-12-08 00:26:15+00
19,737.7,2025-12-08 00:26:16+00
19,731.2,2025-12-08 00:26:17+00
19,729.3,2025-12-08 00:26:18+00
19,735.4,2025-12-08 00:26:19+00
19,742.3,2025-12-08 00:26:20+00
19,741.8,2025-12-08 00:26:21+00
19,732.5,2025-12-08 00:26:22+00
19,744.5,2025-12-08 00:26:23+00
19,728.9,2025-12-08 00:26:24+00
19,732.3,2025-12-08 00:26:25+00
19,738.3,2025-12-08 00:26:26+00
19,735.4,2025-12-08 00:26:27+00
19,735.7,2025-12-08 00:26:28+00
19,736.5,2025-12-08 00:26:29+00
19,732.3,2025-12-08 00:26:30+00
19,732.9,2025-12-08 00:26:31+00
19,731.1,2025-12-08 00:26:32+00
19,733,2025-12-08 00:26:33+00
19,733.1,2025-12-08 00:26:34+00
19,733.9,2025-12-08 00:26:35+00
19,732,2025-12-08 00:26:36+00
19,732.7,2025-12-08 00:26:37+00
19,735.5,2025-12-08 00:26:38+00
19,731.7,2025-12-08 00:26:39+00
19,731.4,2025-12-08 00:26:40+00
19,731.6,2025-12-08 00:26:41+00
19,731.8,2025-12-08 00:26:42+00
19,735.7,2025-12-08 00:26:43+00
19,737,2025-12-08 00:26:44+00
19,734.5,2025-12-08 00:26:45+00
19,732.8,2025-12-08 00:26:46+00
19,734.7,2025-12-08 00:26:47+00
19,732.2,2025-12-08 00:26:48+00
19,741.3,2025-12-08 00:26:49+00
19,733.7,2025-12-08 00:26:50+00
19,732.9,2025-12-08 00:26:51+00
19,733.2,2025-12-08 00:26:52+00
19,732.6,2025-12-08 00:26:53+00
19,734.4,2025-12-08 00:26:54+00
19,742.9,2025-12-08 00:26:55+00
19,735.1,2025-12-08 00:26:56+00
19,734.6,2025-12-08 00:26:57+00
19,733.8,2025-12-08 00:26:58+00
19,732,2025-12-08 00:26:59+00
19,744.5,2025-12-08 00:27:00+00
19,739.9,2025-12-08 00:27:01+00
19,736.8,2025-12-08 00:27:02+00
19,737.7,2025-12-08 00:27:03+00
19,747.1,2025-12-08 00:27:04+00
19,735.4,2025-12-08 00:27:05+00
19,733.8,2025-12-08 00:27:06+00
19,738.8,2025-12-08 00:27:07+00
19,733,2025-12-08 00:27:08+00
19,730.6,2025-12-08 00:27:09+00
19,733.5,2025-12-08 00:27:10+00
19,731.4,2025-12-08 00:27:11+00
19,731,2025-12-08 00:27:12+00
19,731.6,2025-12-08 00:27:13+00
19,735.4,2025-12-08 00:27:14+00
19,731.9,2025-12-08 00:27:15+00
19,730.6,2025-12-08 00:27:16+00
19,736,2025-12-08 00:27:17+00
19,734.5,2025-12-08 00:27:18+00
19,740.3,2025-12-08 00:27:19+00
19,738.5,2025-12-08 00:27:20+00
19,733.5,2025-12-08 00:27:21+00
19,732.2,2025-12-08 00:27:22+00
19,734.6,2025-12-08 00:27:23+00
19,734.5,2025-12-08 00:27:24+00
19,733.2,2025-12-08 00:27:25+00
19,734.5,2025-12-08 00:27:26+00
19,736.2,2025-12-08 00:27:27+00
19,738,2025-12-08 00:27:28+00
19,740.4,2025-12-08 00:27:29+00
19,739.3,2025-12-08 00:27:30+00
19,740.8,2025-12-08 00:27:31+00
19,740.6,2025-12-08 00:27:32+00
19,740.6,2025-12-08 00:27:33+00
19,738.6,2025-12-08 00:27:34+00
19,738.7,2025-12-08 00:27:35+00
19,736.3,2025-12-08 00:27:36+00
19,737.7,2025-12-08 00:27:37+00
19,739.4,2025-12-08 00:27:38+00
19,736.9,2025-12-08 00:27:39+00
19,738,2025-12-08 00:27:40+00
19,738,2025-12-08 00:27:41+00
19,743.4,2025-12-08 00:27:42+00
19,735.1,2025-12-08 00:27:43+00
19,734.9,2025-12-08 00:27:44+00
19,730,2025-12-08 00:27:45+00
19,730.3,2025-12-08 00:27:46+00
19,734,2025-12-08 00:27:47+00
19,734.4,2025-12-08 00:27:48+00
19,735.3,2025-12-08 00:27:49+00
19,738.7,2025-12-08 00:27:50+00
19,731.7,2025-12-08 00:27:51+00
19,733.6,2025-12-08 00:27:52+00
19,731.6,2025-12-08 00:27:53+00
19,731.7,2025-12-08 00:27:54+00
19,734.7,2025-12-08 00:27:55+00
19,731.9,2025-12-08 00:27:56+00
19,730.7,2025-12-08 00:27:57+00
19,732.6,2025-12-08 00:27:58+00
19,733.3,2025-12-08 00:27:59+00
19,748.2,2025-12-08 00:28:00+00
19,732.9,2025-12-08 00:28:01+00
19,733,2025-12-08 00:28:02+00
19,733.2,2025-12-08 00:28:03+00
19,733.5,2025-12-08 00:28:04+00
19,747.6,2025-12-08 00:28:05+00
19,734.9,2025-12-08 00:28:06+00
19,734.5,2025-12-08 00:28:07+00
19,735.7,2025-12-08 00:28:08+00
19,731.9,2025-12-08 00:28:09+00
19,735.5,2025-12-08 00:28:10+00
19,736.5,2025-12-08 00:28:11+00
19,733.9,2025-12-08 00:28:12+00
19,733.4,2025-12-08 00:28:13+00
19,733.9,2025-12-08 00:28:14+00
19,731.4,2025-12-08 00:28:15+00
19,734.1,2025-12-08 00:28:16+00
19,731.9,2025-12-08 00:28:17+00
19,731.9,2025-12-08 00:28:18+00
19,738.8,2025-12-08 00:28:19+00
19,737,2025-12-08 00:28:20+00
19,731.9,2025-12-08 00:28:21+00
19,732.5,2025-12-08 00:28:22+00
19,735.6,2025-12-08 00:28:23+00
19,732.5,2025-12-08 00:28:24+00
19,732,2025-12-08 00:28:25+00
19,730.3,2025-12-08 00:28:26+00
19,731.8,2025-12-08 00:28:27+00
19,733.9,2025-12-08 00:28:28+00
19,744,2025-12-08 00:28:29+00
19,729.8,2025-12-08 00:28:30+00
19,731.8,2025-12-08 00:28:31+00
19,731.7,2025-12-08 00:28:32+00
19,727.3,2025-12-08 00:28:33+00
19,731.5,2025-12-08 00:28:34+00
19,732.2,2025-12-08 00:28:35+00
19,730.1,2025-12-08 00:28:36+00
19,731.5,2025-12-08 00:28:37+00
19,732.6,2025-12-08 00:28:38+00
19,730.9,2025-12-08 00:28:39+00
19,735.7,2025-12-08 00:28:40+00
19,731,2025-12-08 00:28:41+00
19,731.5,2025-12-08 00:28:42+00
19,734.6,2025-12-08 00:28:43+00
19,733,2025-12-08 00:28:44+00
19,732.6,2025-12-08 00:28:45+00
19,731.1,2025-12-08 00:28:46+00
19,736,2025-12-08 00:28:47+00
19,729,2025-12-08 00:28:48+00
19,732.2,2025-12-08 00:28:49+00
19,729.8,2025-12-08 00:28:50+00
19,728.9,2025-12-08 00:28:51+00
19,733.5,2025-12-08 00:28:52+00
19,731.1,2025-12-08 00:28:53+00
19,734.8,2025-12-08 00:28:54+00
19,732.7,2025-12-08 00:28:55+00
19,732.7,2025-12-08 00:28:56+00
19,732.2,2025-12-08 00:28:57+00
19,732.2,2025-12-08 00:28:58+00
19,733.2,2025-12-08 00:28:59+00
19,738.2,2025-12-08 00:29:00+00
19,734.1,2025-12-08 00:29:01+00
19,732.2,2025-12-08 00:29:02+00
19,732.6,2025-12-08 00:29:03+00
19,734.7,2025-12-08 00:29:04+00
19,731.5,2025-12-08 00:29:05+00
19,734.9,2025-12-08 00:29:06+00
19,733.8,2025-12-08 00:29:07+00
19,730.4,2025-12-08 00:29:08+00
19,731.3,2025-12-08 00:29:09+00
19,737.5,2025-12-08 00:29:10+00
19,730.9,2025-12-08 00:29:11+00
19,729.8,2025-12-08 00:29:12+00
19,731.6,2025-12-08 00:29:13+00
19,732.3,2025-12-08 00:29:14+00
19,729.6,2025-12-08 00:29:15+00
19,730.5,2025-12-08 00:29:16+00
19,730.7,2025-12-08 00:29:17+00
19,729.7,2025-12-08 00:29:18+00
19,736.8,2025-12-08 00:29:19+00
19,737.7,2025-12-08 00:29:20+00
19,733.5,2025-12-08 00:29:21+00
19,734.7,2025-12-08 00:29:22+00
19,737.6,2025-12-08 00:29:23+00
19,733.1,2025-12-08 00:29:24+00
19,730.8,2025-12-08 00:29:25+00
19,729.9,2025-12-08 00:29:26+00
19,730.9,2025-12-08 00:29:27+00
19,731.2,2025-12-08 00:29:28+00
19,729.5,2025-12-08 00:29:29+00
19,729.1,2025-12-08 00:29:30+00
19,729.9,2025-12-08 00:29:31+00
19,728.5,2025-12-08 00:29:32+00
19,729.8,2025-12-08 00:29:33+00
19,732.2,2025-12-08 00:29:34+00
19,728.9,2025-12-08 00:29:35+00
19,732.5,2025-12-08 00:29:36+00
19,731.5,2025-12-08 00:29:37+00
19,731.8,2025-12-08 00:29:38+00
19,847.6,2025-12-08 00:29:39+00
19,833.3,2025-12-08 00:29:40+00
19,829.3,2025-12-08 00:29:41+00
19,829.9,2025-12-08 00:29:42+00
19,831.5,2025-12-08 00:29:43+00
19,828.7,2025-12-08 00:29:44+00
19,825.5,2025-12-08 00:29:45+00
19,827.6,2025-12-08 00:29:46+00
19,827.2,2025-12-08 00:29:47+00
19,825.6,2025-12-08 00:29:48+00
19,819.6,2025-12-08 00:29:49+00
19,818.7,2025-12-08 00:29:50+00
19,821.5,2025-12-08 00:29:51+00
19,821,2025-12-08 00:29:52+00
19,819.1,2025-12-08 00:29:53+00
19,820.1,2025-12-08 00:29:54+00
19,821.8,2025-12-08 00:29:55+00
19,818.6,2025-12-08 00:29:56+00
19,819.6,2025-12-08 00:29:57+00
19,870.2,2025-12-08 00:29:58+00
19,837.8,2025-12-08 00:29:59+00
19,831.2,2025-12-08 00:30:00+00
19,830.6,2025-12-08 00:30:01+00
19,830,2025-12-08 00:30:02+00
19,830.9,2025-12-08 00:30:03+00
19,836.9,2025-12-08 00:30:04+00
19,835,2025-12-08 00:30:05+00
19,834.9,2025-12-08 00:30:06+00
19,835.3,2025-12-08 00:30:07+00
19,833.2,2025-12-08 00:30:08+00
19,835.3,2025-12-08 00:30:09+00
19,836.4,2025-12-08 00:30:10+00
19,835,2025-12-08 00:30:11+00
19,834,2025-12-08 00:30:12+00
19,835,2025-12-08 00:30:13+00
19,835.1,2025-12-08 00:30:14+00
19,837.3,2025-12-08 00:30:15+00
19,835.9,2025-12-08 00:30:16+00
19,841.2,2025-12-08 00:30:17+00
19,834.5,2025-12-08 00:30:18+00
19,839.1,2025-12-08 00:30:19+00
19,842.2,2025-12-08 00:30:20+00
19,841.1,2025-12-08 00:30:21+00
19,842.7,2025-12-08 00:30:22+00
19,834.4,2025-12-08 00:30:23+00
19,833,2025-12-08 00:30:24+00
19,844.6,2025-12-08 00:30:25+00
19,833.6,2025-12-08 00:30:26+00
19,831.5,2025-12-08 00:30:27+00
19,836.7,2025-12-08 00:30:28+00
19,835.9,2025-12-08 00:30:29+00
19,1115.5,2025-12-08 00:30:30+00
19,1168.4,2025-12-08 00:30:31+00
19,1038,2025-12-08 00:30:32+00
19,1047.5,2025-12-08 00:30:33+00
19,1122.8,2025-12-08 00:30:34+00
19,1049.7,2025-12-08 00:30:35+00
19,1095.1,2025-12-08 00:30:36+00
19,1122.3,2025-12-08 00:30:37+00
19,1149.5,2025-12-08 00:30:38+00
19,1174,2025-12-08 00:30:39+00
19,1198.1,2025-12-08 00:30:40+00
19,1219.7,2025-12-08 00:30:41+00
19,1236,2025-12-08 00:30:42+00
19,1252.9,2025-12-08 00:30:43+00
19,1267.8,2025-12-08 00:30:44+00
19,1272.4,2025-12-08 00:30:45+00
19,1278.7,2025-12-08 00:30:46+00
19,1281.4,2025-12-08 00:30:47+00
19,1281.9,2025-12-08 00:30:48+00
19,1282.9,2025-12-08 00:30:49+00
19,1285.2,2025-12-08 00:30:50+00
19,1282,2025-12-08 00:30:51+00
19,1294.3,2025-12-08 00:30:52+00
19,1293.2,2025-12-08 00:30:53+00
19,1281.8,2025-12-08 00:30:54+00
19,1283.5,2025-12-08 00:30:55+00
19,1285.2,2025-12-08 00:30:56+00
19,1283.4,2025-12-08 00:30:57+00
19,1286.3,2025-12-08 00:30:58+00
19,1284.6,2025-12-08 00:30:59+00
19,1290.1,2025-12-08 00:31:00+00
19,1319.4,2025-12-08 00:31:01+00
19,1287,2025-12-08 00:31:02+00
19,1285.7,2025-12-08 00:31:03+00
19,1287.2,2025-12-08 00:31:04+00
19,1287.8,2025-12-08 00:31:05+00
19,1292.3,2025-12-08 00:31:06+00
19,1292.6,2025-12-08 00:31:07+00
19,1298,2025-12-08 00:31:08+00
19,1297.7,2025-12-08 00:31:09+00
19,1298.9,2025-12-08 00:31:10+00
19,1299.3,2025-12-08 00:31:11+00
19,1301,2025-12-08 00:31:12+00
19,1304.2,2025-12-08 00:31:13+00
19,1312.4,2025-12-08 00:31:14+00
19,1305.9,2025-12-08 00:31:15+00
19,1306.4,2025-12-08 00:31:16+00
19,1315.6,2025-12-08 00:31:17+00
19,1307.8,2025-12-08 00:31:18+00
19,1314.2,2025-12-08 00:31:19+00
19,1316.1,2025-12-08 00:31:20+00
19,1318.4,2025-12-08 00:31:21+00
19,1309.8,2025-12-08 00:31:22+00
19,1309,2025-12-08 00:31:23+00
19,1312.8,2025-12-08 00:31:24+00
19,1310,2025-12-08 00:31:25+00
19,1308.5,2025-12-08 00:31:26+00
19,1308.3,2025-12-08 00:31:27+00
19,1309.1,2025-12-08 00:31:28+00
19,1308,2025-12-08 00:31:29+00
19,1302.7,2025-12-08 00:31:30+00
19,1309.5,2025-12-08 00:31:31+00
19,1305,2025-12-08 00:31:32+00
19,1307.6,2025-12-08 00:31:33+00
19,1308.4,2025-12-08 00:31:34+00
19,1308.7,2025-12-08 00:31:35+00
19,1308.2,2025-12-08 00:31:36+00
19,1306.3,2025-12-08 00:31:37+00
19,1309.3,2025-12-08 00:31:38+00
19,1309.5,2025-12-08 00:31:39+00
19,1313,2025-12-08 00:31:40+00
19,1310.2,2025-12-08 00:31:41+00
19,1309.6,2025-12-08 00:31:42+00
19,1312,2025-12-08 00:31:43+00
19,1311.5,2025-12-08 00:31:44+00
19,1310.2,2025-12-08 00:31:45+00
19,1314.7,2025-12-08 00:31:46+00
19,1314.1,2025-12-08 00:31:47+00
19,1312.4,2025-12-08 00:31:48+00
19,1315.8,2025-12-08 00:31:49+00
19,1316.3,2025-12-08 00:31:50+00
19,1315.6,2025-12-08 00:31:51+00
19,1315.3,2025-12-08 00:31:52+00
19,1312.3,2025-12-08 00:31:53+00
19,1312.2,2025-12-08 00:31:54+00
19,1313.3,2025-12-08 00:31:55+00
19,1311.9,2025-12-08 00:31:56+00
19,1313.1,2025-12-08 00:31:57+00
19,1313,2025-12-08 00:31:58+00
19,1310.1,2025-12-08 00:31:59+00
19,1314.3,2025-12-08 00:32:00+00
19,1317,2025-12-08 00:32:01+00
19,1315.4,2025-12-08 00:32:02+00
19,1312.9,2025-12-08 00:32:03+00
19,1313.4,2025-12-08 00:32:04+00
19,1310.6,2025-12-08 00:32:05+00
19,1309.8,2025-12-08 00:32:06+00
19,1313.3,2025-12-08 00:32:07+00
19,1307.1,2025-12-08 00:32:08+00
19,1307.2,2025-12-08 00:32:09+00
19,1309.4,2025-12-08 00:32:10+00
19,1309.3,2025-12-08 00:32:11+00
19,1305.3,2025-12-08 00:32:12+00
19,1329.7,2025-12-08 00:32:13+00
19,1308,2025-12-08 00:32:14+00
19,1309.2,2025-12-08 00:32:15+00
19,1309.5,2025-12-08 00:32:16+00
19,1316.3,2025-12-08 00:32:17+00
19,1311,2025-12-08 00:32:18+00
19,1314.7,2025-12-08 00:32:19+00
19,1314.6,2025-12-08 00:32:20+00
19,1313.7,2025-12-08 00:32:21+00
19,1314.9,2025-12-08 00:32:22+00
19,1311.9,2025-12-08 00:32:23+00
19,1308.2,2025-12-08 00:32:24+00
19,1313.2,2025-12-08 00:32:25+00
19,1331.5,2025-12-08 00:32:26+00
19,1312.4,2025-12-08 00:32:27+00
19,1319.2,2025-12-08 00:32:28+00
19,1321.7,2025-12-08 00:32:29+00
19,1308.7,2025-12-08 00:32:30+00
19,1310.1,2025-12-08 00:32:31+00
19,1298.7,2025-12-08 00:32:32+00
19,1299.5,2025-12-08 00:32:33+00
19,1302.1,2025-12-08 00:32:34+00
19,1295,2025-12-08 00:32:35+00
19,1295,2025-12-08 00:32:36+00
19,1298.3,2025-12-08 00:32:37+00
19,1304,2025-12-08 00:32:38+00
19,1304.6,2025-12-08 00:32:39+00
19,1298.6,2025-12-08 00:32:40+00
19,1307.6,2025-12-08 00:32:41+00
19,1297.5,2025-12-08 00:32:42+00
19,1303.9,2025-12-08 00:32:43+00
19,1296.6,2025-12-08 00:32:44+00
19,1297.1,2025-12-08 00:32:45+00
19,1301.8,2025-12-08 00:32:46+00
19,1316.4,2025-12-08 00:32:47+00
19,1296.6,2025-12-08 00:32:48+00
19,1305.3,2025-12-08 00:32:49+00
19,1297,2025-12-08 00:32:50+00
19,1298.5,2025-12-08 00:32:51+00
19,1298.2,2025-12-08 00:32:52+00
19,1300.7,2025-12-08 00:32:53+00
19,1298.2,2025-12-08 00:32:54+00
19,1312.1,2025-12-08 00:32:55+00
19,1299.9,2025-12-08 00:32:56+00
19,1298.1,2025-12-08 00:32:57+00
19,1299.1,2025-12-08 00:32:58+00
19,1296.8,2025-12-08 00:32:59+00
19,1300.4,2025-12-08 00:33:00+00
19,1296.8,2025-12-08 00:33:01+00
19,1299.1,2025-12-08 00:33:02+00
19,1298.2,2025-12-08 00:33:03+00
19,1362.5,2025-12-08 00:33:04+00
19,1386.5,2025-12-08 00:33:05+00
19,1389.8,2025-12-08 00:33:06+00
19,1374.8,2025-12-08 00:33:07+00
19,1373.1,2025-12-08 00:33:08+00
19,1372,2025-12-08 00:33:09+00
19,1381.4,2025-12-08 00:33:10+00
19,1376,2025-12-08 00:33:11+00
19,1371.1,2025-12-08 00:33:12+00
19,1374.7,2025-12-08 00:33:13+00
19,1372.3,2025-12-08 00:33:14+00
19,1383.9,2025-12-08 00:33:15+00
19,1374.7,2025-12-08 00:33:16+00
19,1372.7,2025-12-08 00:33:17+00
19,1377.8,2025-12-08 00:33:18+00
19,1386.9,2025-12-08 00:33:19+00
19,1380.7,2025-12-08 00:33:20+00
19,1381.1,2025-12-08 00:33:21+00
19,1383.9,2025-12-08 00:33:22+00
19,1371.3,2025-12-08 00:33:23+00
19,1373.6,2025-12-08 00:33:24+00
19,1378.1,2025-12-08 00:33:25+00
19,1382.5,2025-12-08 00:33:26+00
19,1379,2025-12-08 00:33:27+00
19,1376.8,2025-12-08 00:33:28+00
19,1373.2,2025-12-08 00:33:29+00
19,1377.6,2025-12-08 00:33:30+00
19,1378.8,2025-12-08 00:33:31+00
19,1376,2025-12-08 00:33:32+00
19,1375.7,2025-12-08 00:33:33+00
19,1378.3,2025-12-08 00:33:34+00
19,1390.8,2025-12-08 00:33:35+00
19,1377.6,2025-12-08 00:33:36+00
19,1375.6,2025-12-08 00:33:37+00
19,1373.8,2025-12-08 00:33:38+00
19,1378.5,2025-12-08 00:33:39+00
19,1375.7,2025-12-08 00:33:40+00
19,1377.5,2025-12-08 00:33:41+00
19,1377.8,2025-12-08 00:33:42+00
19,1376,2025-12-08 00:33:43+00
19,1444.2,2025-12-08 00:33:44+00
19,1451.3,2025-12-08 00:33:45+00
19,1453.5,2025-12-08 00:33:46+00
19,1455.3,2025-12-08 00:33:47+00
19,1453.3,2025-12-08 00:33:48+00
19,1455.8,2025-12-08 00:33:49+00
19,1453,2025-12-08 00:33:50+00
19,1454.9,2025-12-08 00:33:51+00
19,1461.4,2025-12-08 00:33:52+00
19,1454.6,2025-12-08 00:33:53+00
19,1455.6,2025-12-08 00:33:54+00
19,1463.5,2025-12-08 00:33:55+00
19,1465.1,2025-12-08 00:33:56+00
19,1457.1,2025-12-08 00:33:57+00
19,1458.8,2025-12-08 00:33:58+00
19,1460.4,2025-12-08 00:33:59+00
19,1466.1,2025-12-08 00:34:00+00
19,1460.9,2025-12-08 00:34:01+00
19,1455.1,2025-12-08 00:34:02+00
19,1458.5,2025-12-08 00:34:03+00
19,1458.2,2025-12-08 00:34:04+00
19,1466.4,2025-12-08 00:34:05+00
19,1461,2025-12-08 00:34:06+00
19,1463.5,2025-12-08 00:34:07+00
19,1460.3,2025-12-08 00:34:08+00
19,1457.6,2025-12-08 00:34:09+00
19,1459,2025-12-08 00:34:10+00
19,1466.7,2025-12-08 00:34:11+00
19,1460.3,2025-12-08 00:34:12+00
19,1466.4,2025-12-08 00:34:13+00
19,1462.5,2025-12-08 00:34:14+00
19,1460.2,2025-12-08 00:34:15+00
19,1458.4,2025-12-08 00:34:16+00
19,1459.1,2025-12-08 00:34:17+00
19,1458.3,2025-12-08 00:34:18+00
19,1467.1,2025-12-08 00:34:19+00
19,1465.7,2025-12-08 00:34:20+00
19,1467.2,2025-12-08 00:34:21+00
19,1462.6,2025-12-08 00:34:22+00
19,1470.5,2025-12-08 00:34:23+00
19,1543.6,2025-12-08 00:34:24+00
19,1555,2025-12-08 00:34:25+00
19,1550.2,2025-12-08 00:34:26+00
19,1549.3,2025-12-08 00:34:27+00
19,1550.7,2025-12-08 00:34:28+00
19,1552.5,2025-12-08 00:34:29+00
19,1559.9,2025-12-08 00:34:30+00
19,1566.9,2025-12-08 00:34:31+00
19,1565.9,2025-12-08 00:34:32+00
19,1562.3,2025-12-08 00:34:33+00
19,1555.4,2025-12-08 00:34:34+00
19,1558.3,2025-12-08 00:34:35+00
19,1555.5,2025-12-08 00:34:36+00
19,1556.6,2025-12-08 00:34:37+00
19,1562.5,2025-12-08 00:34:38+00
19,1558.4,2025-12-08 00:34:39+00
19,1559.7,2025-12-08 00:34:40+00
19,1558.7,2025-12-08 00:34:41+00
19,1560.7,2025-12-08 00:34:42+00
19,1559.2,2025-12-08 00:34:43+00
19,1568,2025-12-08 00:34:44+00
19,1558,2025-12-08 00:34:45+00
19,1560.1,2025-12-08 00:34:46+00
19,1564.8,2025-12-08 00:34:47+00
19,1561.9,2025-12-08 00:34:48+00
19,1563.2,2025-12-08 00:34:49+00
19,1565.1,2025-12-08 00:34:50+00
19,1562.1,2025-12-08 00:34:51+00
19,1560,2025-12-08 00:34:52+00
19,1564.9,2025-12-08 00:34:53+00
19,1565.3,2025-12-08 00:34:54+00
19,1565.1,2025-12-08 00:34:55+00
19,1569.8,2025-12-08 00:34:56+00
19,1563.4,2025-12-08 00:34:57+00
19,1564,2025-12-08 00:34:58+00
19,1563.7,2025-12-08 00:34:59+00
19,1565,2025-12-08 00:35:00+00
19,1565.8,2025-12-08 00:35:01+00
19,1563.3,2025-12-08 00:35:02+00
19,1567.9,2025-12-08 00:35:03+00
19,1564.4,2025-12-08 00:35:04+00
19,1565.7,2025-12-08 00:35:05+00
19,1568.5,2025-12-08 00:35:06+00
19,1566.3,2025-12-08 00:35:07+00
19,1562.6,2025-12-08 00:35:08+00
19,1563.9,2025-12-08 00:35:09+00
19,1567.4,2025-12-08 00:35:10+00
19,1568.3,2025-12-08 00:35:11+00
19,1564.8,2025-12-08 00:35:12+00
19,1568.3,2025-12-08 00:35:13+00
19,1571.5,2025-12-08 00:35:14+00
19,1564.8,2025-12-08 00:35:15+00
19,1564.1,2025-12-08 00:35:16+00
19,1566,2025-12-08 00:35:17+00
19,1565.3,2025-12-08 00:35:18+00
19,1574.5,2025-12-08 00:35:19+00
19,1572.6,2025-12-08 00:35:20+00
19,1568.7,2025-12-08 00:35:21+00
19,1569.2,2025-12-08 00:35:22+00
19,1569.8,2025-12-08 00:35:23+00
19,1574.5,2025-12-08 00:35:24+00
19,1565.8,2025-12-08 00:35:25+00
19,1568,2025-12-08 00:35:26+00
19,1565.7,2025-12-08 00:35:27+00
19,1569.3,2025-12-08 00:35:28+00
19,1567,2025-12-08 00:35:29+00
19,1564,2025-12-08 00:35:30+00
19,1567.3,2025-12-08 00:35:31+00
19,1569.5,2025-12-08 00:35:32+00
19,1586.1,2025-12-08 00:35:33+00
19,1566.6,2025-12-08 00:35:34+00
19,1568.3,2025-12-08 00:35:35+00
19,1566.8,2025-12-08 00:35:36+00
19,1567.9,2025-12-08 00:35:37+00
19,1570.7,2025-12-08 00:35:38+00
19,1569.3,2025-12-08 00:35:39+00
19,1569.2,2025-12-08 00:35:40+00
19,1570.9,2025-12-08 00:35:41+00
19,1570.4,2025-12-08 00:35:42+00
19,1571.2,2025-12-08 00:35:43+00
19,1570.9,2025-12-08 00:35:44+00
19,1565.6,2025-12-08 00:35:45+00
19,1570,2025-12-08 00:35:46+00
19,1569.4,2025-12-08 00:35:47+00
19,1568.6,2025-12-08 00:35:48+00
19,1571.8,2025-12-08 00:35:49+00
19,1569.9,2025-12-08 00:35:50+00
19,1569.3,2025-12-08 00:35:51+00
19,1571.6,2025-12-08 00:35:52+00
19,1572.5,2025-12-08 00:35:53+00
19,1572.6,2025-12-08 00:35:54+00
19,1572.3,2025-12-08 00:35:55+00
19,1572.1,2025-12-08 00:35:56+00
19,1578.5,2025-12-08 00:35:57+00
19,1573.3,2025-12-08 00:35:58+00
19,1572.9,2025-12-08 00:35:59+00
19,1582.2,2025-12-08 00:36:00+00
19,1574.7,2025-12-08 00:36:01+00
19,1575.8,2025-12-08 00:36:02+00
19,1570.8,2025-12-08 00:36:03+00
19,1573.6,2025-12-08 00:36:04+00
19,1574.8,2025-12-08 00:36:05+00
19,1566.7,2025-12-08 00:36:06+00
19,1569.4,2025-12-08 00:36:07+00
19,1572.5,2025-12-08 00:36:08+00
19,1575.2,2025-12-08 00:36:09+00
19,1572.8,2025-12-08 00:36:10+00
19,1570.9,2025-12-08 00:36:11+00
19,1570.5,2025-12-08 00:36:12+00
19,1572.5,2025-12-08 00:36:13+00
19,1569.6,2025-12-08 00:36:14+00
19,1567.8,2025-12-08 00:36:15+00
19,1572.3,2025-12-08 00:36:16+00
19,1572.9,2025-12-08 00:36:17+00
19,1588.4,2025-12-08 00:36:18+00
19,1575.6,2025-12-08 00:36:19+00
19,1573.8,2025-12-08 00:36:20+00
19,1577.2,2025-12-08 00:36:21+00
19,1571.7,2025-12-08 00:36:22+00
19,1569.8,2025-12-08 00:36:23+00
19,1571.2,2025-12-08 00:36:24+00
19,1572.5,2025-12-08 00:36:25+00
19,1571.9,2025-12-08 00:36:26+00
19,1568.7,2025-12-08 00:36:27+00
19,1574.4,2025-12-08 00:36:28+00
19,1570,2025-12-08 00:36:29+00
19,1572.3,2025-12-08 00:36:30+00
19,1569.3,2025-12-08 00:36:31+00
19,1570.4,2025-12-08 00:36:32+00
19,1573.4,2025-12-08 00:36:33+00
19,1574.9,2025-12-08 00:36:34+00
19,1571.1,2025-12-08 00:36:35+00
19,1575.8,2025-12-08 00:36:36+00
19,1573.4,2025-12-08 00:36:37+00
19,1571.8,2025-12-08 00:36:38+00
19,1573.1,2025-12-08 00:36:39+00
19,1574.7,2025-12-08 00:36:40+00
19,1573.7,2025-12-08 00:36:41+00
19,1573.9,2025-12-08 00:36:42+00
19,1576.9,2025-12-08 00:36:43+00
19,1576.6,2025-12-08 00:36:44+00
19,1575.5,2025-12-08 00:36:45+00
19,1576.2,2025-12-08 00:36:46+00
19,1576.3,2025-12-08 00:36:47+00
19,1570.1,2025-12-08 00:36:48+00
19,1572.1,2025-12-08 00:36:49+00
19,1571.8,2025-12-08 00:36:50+00
19,1574.1,2025-12-08 00:36:51+00
19,1577.5,2025-12-08 00:36:52+00
19,1571.9,2025-12-08 00:36:53+00
19,1588.2,2025-12-08 00:36:54+00
19,1571.1,2025-12-08 00:36:55+00
19,1569.3,2025-12-08 00:36:56+00
19,1573.9,2025-12-08 00:36:57+00
19,1580.2,2025-12-08 00:36:58+00
19,1580.6,2025-12-08 00:36:59+00
19,1576.8,2025-12-08 00:37:00+00
19,1581.7,2025-12-08 00:37:01+00
19,1580.9,2025-12-08 00:37:02+00
19,1578.4,2025-12-08 00:37:03+00
19,1576.1,2025-12-08 00:37:04+00
19,1577.3,2025-12-08 00:37:05+00
19,1576,2025-12-08 00:37:06+00
19,1577.6,2025-12-08 00:37:07+00
19,1572.1,2025-12-08 00:37:08+00
19,1569.9,2025-12-08 00:37:09+00
19,1574,2025-12-08 00:37:10+00
19,1575.8,2025-12-08 00:37:11+00
19,1574.8,2025-12-08 00:37:12+00
19,1577.6,2025-12-08 00:37:13+00
19,1576.1,2025-12-08 00:37:14+00
19,1573.4,2025-12-08 00:37:15+00
19,1573.5,2025-12-08 00:37:16+00
19,1574.8,2025-12-08 00:37:17+00
19,1576.8,2025-12-08 00:37:18+00
19,1582.2,2025-12-08 00:37:19+00
19,1579.3,2025-12-08 00:37:20+00
19,1576.6,2025-12-08 00:37:21+00
19,1575.7,2025-12-08 00:37:22+00
19,1573.8,2025-12-08 00:37:23+00
19,1574.2,2025-12-08 00:37:24+00
19,1589.2,2025-12-08 00:37:25+00
19,1573.4,2025-12-08 00:37:26+00
19,1572.6,2025-12-08 00:37:27+00
19,1576.5,2025-12-08 00:37:28+00
19,1575.7,2025-12-08 00:37:29+00
19,1573.7,2025-12-08 00:37:30+00
19,1575.9,2025-12-08 00:37:31+00
19,1573.8,2025-12-08 00:37:32+00
19,1584.1,2025-12-08 00:37:33+00
19,1577.2,2025-12-08 00:37:34+00
19,1577.9,2025-12-08 00:37:35+00
19,1573.8,2025-12-08 00:37:36+00
19,1576.8,2025-12-08 00:37:37+00
19,1577.2,2025-12-08 00:37:38+00
19,1577.6,2025-12-08 00:37:39+00
19,1582.2,2025-12-08 00:37:40+00
19,1583.3,2025-12-08 00:37:41+00
19,1573.5,2025-12-08 00:37:42+00
19,1577,2025-12-08 00:37:43+00
19,1576,2025-12-08 00:37:44+00
19,1578.5,2025-12-08 00:37:45+00
19,1579.7,2025-12-08 00:37:46+00
19,1582.7,2025-12-08 00:37:47+00
19,1676.7,2025-12-08 00:37:48+00
19,1704.2,2025-12-08 00:37:49+00
19,1705,2025-12-08 00:37:50+00
19,1711,2025-12-08 00:37:51+00
19,1711.8,2025-12-08 00:37:52+00
19,1709.8,2025-12-08 00:37:53+00
19,1718.2,2025-12-08 00:37:54+00
19,1712.1,2025-12-08 00:37:55+00
19,1711.1,2025-12-08 00:37:56+00
19,1709.7,2025-12-08 00:37:57+00
19,1716.5,2025-12-08 00:37:58+00
19,1710.3,2025-12-08 00:37:59+00
19,1724.5,2025-12-08 00:38:00+00
19,1710.9,2025-12-08 00:38:01+00
19,1711.8,2025-12-08 00:38:02+00
19,1708.1,2025-12-08 00:38:03+00
19,1708.3,2025-12-08 00:38:04+00
19,1706.5,2025-12-08 00:38:05+00
19,1709.1,2025-12-08 00:38:06+00
19,1711,2025-12-08 00:38:07+00
19,1709.1,2025-12-08 00:38:08+00
19,1709.5,2025-12-08 00:38:09+00
19,1707.7,2025-12-08 00:38:10+00
19,1709.4,2025-12-08 00:38:11+00
19,1709.9,2025-12-08 00:38:12+00
19,1713.8,2025-12-08 00:38:13+00
19,1709.4,2025-12-08 00:38:14+00
19,1706.9,2025-12-08 00:38:15+00
19,1710.5,2025-12-08 00:38:16+00
19,1711.3,2025-12-08 00:38:17+00
19,1710.9,2025-12-08 00:38:18+00
19,1714.9,2025-12-08 00:38:19+00
19,1712.7,2025-12-08 00:38:20+00
19,1706.1,2025-12-08 00:38:21+00
19,1711.3,2025-12-08 00:38:22+00
19,1712.2,2025-12-08 00:38:23+00
19,1709.1,2025-12-08 00:38:24+00
19,1709.6,2025-12-08 00:38:25+00
19,1707.8,2025-12-08 00:38:26+00
19,1710.3,2025-12-08 00:38:27+00
19,1710.8,2025-12-08 00:38:28+00
19,1707.6,2025-12-08 00:38:29+00
19,1708.1,2025-12-08 00:38:30+00
19,1706.6,2025-12-08 00:38:31+00
19,1709.1,2025-12-08 00:38:32+00
19,1718.3,2025-12-08 00:38:33+00
19,1708.3,2025-12-08 00:38:34+00
19,1709,2025-12-08 00:38:35+00
19,1708,2025-12-08 00:38:36+00
19,1711.4,2025-12-08 00:38:37+00
19,1719,2025-12-08 00:38:38+00
19,1710,2025-12-08 00:38:39+00
19,1710.6,2025-12-08 00:38:40+00
19,1709.3,2025-12-08 00:38:41+00
19,1711.5,2025-12-08 00:38:42+00
19,1711.6,2025-12-08 00:38:43+00
19,1711.8,2025-12-08 00:38:44+00
19,1715.5,2025-12-08 00:38:45+00
19,1712.3,2025-12-08 00:38:46+00
19,1712,2025-12-08 00:38:47+00
19,1722,2025-12-08 00:38:48+00
19,1709.4,2025-12-08 00:38:49+00
19,1707.4,2025-12-08 00:38:50+00
19,1708.9,2025-12-08 00:38:51+00
19,1711.7,2025-12-08 00:38:52+00
19,1712,2025-12-08 00:38:53+00
19,1708.1,2025-12-08 00:38:54+00
19,1712.3,2025-12-08 00:38:55+00
19,1710.2,2025-12-08 00:38:56+00
19,1713.4,2025-12-08 00:38:57+00
19,1714.4,2025-12-08 00:38:58+00
19,1713.2,2025-12-08 00:38:59+00
19,1714.7,2025-12-08 00:39:00+00
19,1715.2,2025-12-08 00:39:01+00
19,1712.3,2025-12-08 00:39:02+00
19,1713.4,2025-12-08 00:39:03+00
19,1715.6,2025-12-08 00:39:04+00
19,1709.3,2025-12-08 00:39:05+00
19,1710.8,2025-12-08 00:39:06+00
19,1713.4,2025-12-08 00:39:07+00
19,1711.1,2025-12-08 00:39:08+00
19,1710.2,2025-12-08 00:39:09+00
19,1714.5,2025-12-08 00:39:10+00
19,1709.1,2025-12-08 00:39:11+00
19,1711.9,2025-12-08 00:39:12+00
19,1711.7,2025-12-08 00:39:13+00
19,1712.8,2025-12-08 00:39:14+00
19,1713.4,2025-12-08 00:39:15+00
19,1713,2025-12-08 00:39:16+00
19,1713.9,2025-12-08 00:39:17+00
19,1713.1,2025-12-08 00:39:18+00
19,1721.5,2025-12-08 00:39:19+00
19,1741.8,2025-12-08 00:39:20+00
19,1737.1,2025-12-08 00:39:21+00
19,1717.9,2025-12-08 00:39:22+00
19,1718.2,2025-12-08 00:39:23+00
19,1714.3,2025-12-08 00:39:24+00
19,1722.2,2025-12-08 00:39:25+00
19,1718.1,2025-12-08 00:39:26+00
19,1721.4,2025-12-08 00:39:27+00
19,1742,2025-12-08 00:39:28+00
19,1716.9,2025-12-08 00:39:29+00
19,1717,2025-12-08 00:39:30+00
19,1724.2,2025-12-08 00:39:31+00
19,1723.2,2025-12-08 00:39:32+00
19,1723.6,2025-12-08 00:39:33+00
19,1726.3,2025-12-08 00:39:34+00
19,1610.7,2025-12-08 00:39:35+00
19,1582.8,2025-12-08 00:39:36+00
19,1593.6,2025-12-08 00:39:37+00
19,1602.3,2025-12-08 00:39:38+00
19,1594.9,2025-12-08 00:39:39+00
19,1549,2025-12-08 00:39:40+00
19,722.2,2025-12-08 00:39:41+00
19,729.1,2025-12-08 00:39:42+00
19,735.4,2025-12-08 00:39:43+00
19,760.3,2025-12-08 00:39:44+00
19,734.8,2025-12-08 00:39:45+00
19,734.5,2025-12-08 00:39:46+00
19,736.2,2025-12-08 00:39:47+00
19,736.5,2025-12-08 00:39:48+00
19,735.4,2025-12-08 00:39:49+00
19,734.3,2025-12-08 00:39:50+00
19,732.5,2025-12-08 00:39:51+00
19,736.4,2025-12-08 00:39:52+00
19,734,2025-12-08 00:39:53+00
19,735,2025-12-08 00:39:54+00
19,733.6,2025-12-08 00:39:55+00
19,734.9,2025-12-08 00:39:56+00
19,738.2,2025-12-08 00:39:57+00
19,738.4,2025-12-08 00:39:58+00
19,734.9,2025-12-08 00:39:59+00
19,735.6,2025-12-08 00:40:00+00
19,737.3,2025-12-08 00:40:01+00
19,737.7,2025-12-08 00:40:02+00
19,737.8,2025-12-08 00:40:03+00
19,762.9,2025-12-08 00:40:04+00
19,751.9,2025-12-08 00:40:05+00
19,751.3,2025-12-08 00:40:06+00
19,752.8,2025-12-08 00:40:07+00
19,752.6,2025-12-08 00:40:08+00
19,752.3,2025-12-08 00:40:09+00
19,749.2,2025-12-08 00:40:10+00
19,705.4,2025-12-08 00:40:11+00
19,705.5,2025-12-08 00:40:12+00
19,609.7,2025-12-08 00:40:13+00
19,608.9,2025-12-08 00:40:14+00
19,610.1,2025-12-08 00:40:15+00
19,607.2,2025-12-08 00:40:16+00
19,605.6,2025-12-08 00:40:17+00
19,607.9,2025-12-08 00:40:18+00
19,610.8,2025-12-08 00:40:19+00
19,646.3,2025-12-08 00:40:20+00
19,696.9,2025-12-08 00:40:21+00
19,707.5,2025-12-08 00:40:22+00
19,706.8,2025-12-08 00:40:23+00
19,706.9,2025-12-08 00:40:24+00
19,708.7,2025-12-08 00:40:25+00
19,708.5,2025-12-08 00:40:26+00
19,712.5,2025-12-08 00:40:27+00
19,716.8,2025-12-08 00:40:28+00
19,716,2025-12-08 00:40:29+00
19,723.5,2025-12-08 00:40:30+00
19,719.8,2025-12-08 00:40:31+00
19,716.8,2025-12-08 00:40:32+00
19,723.6,2025-12-08 00:40:33+00
19,725,2025-12-08 00:40:34+00
19,722.8,2025-12-08 00:40:35+00
19,727.9,2025-12-08 00:40:36+00
19,727.2,2025-12-08 00:40:37+00
19,727.3,2025-12-08 00:40:38+00
19,732.6,2025-12-08 00:40:39+00
19,731.8,2025-12-08 00:40:40+00
19,731.2,2025-12-08 00:40:41+00
19,733.6,2025-12-08 00:40:42+00
19,731.7,2025-12-08 00:40:43+00
19,731.3,2025-12-08 00:40:44+00
19,741,2025-12-08 00:40:45+00
19,733.2,2025-12-08 00:40:46+00
19,733.8,2025-12-08 00:40:47+00
19,734.4,2025-12-08 00:40:48+00
19,732.2,2025-12-08 00:40:49+00
19,733.9,2025-12-08 00:40:50+00
19,732.7,2025-12-08 00:40:51+00
19,733.4,2025-12-08 00:40:52+00
19,733.8,2025-12-08 00:40:53+00
19,734.8,2025-12-08 00:40:54+00
19,734.5,2025-12-08 00:40:55+00
19,732.9,2025-12-08 00:40:56+00
19,751.1,2025-12-08 00:40:57+00
19,740.9,2025-12-08 00:40:58+00
19,739.8,2025-12-08 00:40:59+00
19,759.3,2025-12-08 00:41:00+00
19,747.8,2025-12-08 00:41:01+00
19,739.6,2025-12-08 00:41:02+00
19,738,2025-12-08 00:41:03+00
19,734.2,2025-12-08 00:41:04+00
19,750.3,2025-12-08 00:41:05+00
19,737.6,2025-12-08 00:41:06+00
19,736.2,2025-12-08 00:41:07+00
19,736,2025-12-08 00:41:08+00
19,736.1,2025-12-08 00:41:09+00
19,734.3,2025-12-08 00:41:10+00
19,738.1,2025-12-08 00:41:11+00
19,736.3,2025-12-08 00:41:12+00
19,736.1,2025-12-08 00:41:13+00
19,737,2025-12-08 00:41:14+00
19,745.9,2025-12-08 00:41:15+00
19,736.8,2025-12-08 00:41:16+00
19,736.8,2025-12-08 00:41:17+00
19,737.2,2025-12-08 00:41:18+00
19,742.1,2025-12-08 00:41:19+00
19,741,2025-12-08 00:41:20+00
19,735.5,2025-12-08 00:41:21+00
19,734.3,2025-12-08 00:41:22+00
19,745.5,2025-12-08 00:41:23+00
19,736.9,2025-12-08 00:41:24+00
19,734.2,2025-12-08 00:41:25+00
19,737.9,2025-12-08 00:41:26+00
19,737.9,2025-12-08 00:41:27+00
19,737.5,2025-12-08 00:41:28+00
19,737.3,2025-12-08 00:41:29+00
19,734.6,2025-12-08 00:41:30+00
19,734.7,2025-12-08 00:41:31+00
19,735.5,2025-12-08 00:41:32+00
19,736.8,2025-12-08 00:41:33+00
19,737,2025-12-08 00:41:34+00
19,735.6,2025-12-08 00:41:35+00
19,734.1,2025-12-08 00:41:36+00
19,736.1,2025-12-08 00:41:37+00
19,734.9,2025-12-08 00:41:38+00
19,732.9,2025-12-08 00:41:39+00
19,729.9,2025-12-08 00:41:40+00
19,734.7,2025-12-08 00:41:41+00
19,735.1,2025-12-08 00:41:42+00
19,752.1,2025-12-08 00:41:43+00
19,735.7,2025-12-08 00:41:44+00
19,732,2025-12-08 00:41:45+00
19,731.4,2025-12-08 00:41:46+00
19,734.5,2025-12-08 00:41:47+00
19,739.2,2025-12-08 00:41:48+00
19,737.1,2025-12-08 00:41:49+00
19,733.2,2025-12-08 00:41:50+00
19,733.7,2025-12-08 00:41:51+00
19,733.9,2025-12-08 00:41:52+00
19,733.8,2025-12-08 00:41:53+00
19,736.3,2025-12-08 00:41:54+00
19,745,2025-12-08 00:41:55+00
19,733.7,2025-12-08 00:41:56+00
19,732.5,2025-12-08 00:41:57+00
19,736,2025-12-08 00:41:58+00
19,736.7,2025-12-08 00:41:59+00
19,737.6,2025-12-08 00:42:00+00
19,746.5,2025-12-08 00:42:01+00
19,737.8,2025-12-08 00:42:02+00
19,738.6,2025-12-08 00:42:03+00
19,738.9,2025-12-08 00:42:04+00
19,735.9,2025-12-08 00:42:05+00
19,737.3,2025-12-08 00:42:06+00
19,732.3,2025-12-08 00:42:07+00
19,731.7,2025-12-08 00:42:08+00
19,735.6,2025-12-08 00:42:09+00
19,733.5,2025-12-08 00:42:10+00
19,752.6,2025-12-08 00:42:11+00
19,739.5,2025-12-08 00:42:12+00
19,740.2,2025-12-08 00:42:13+00
19,741.2,2025-12-08 00:42:14+00
19,741.8,2025-12-08 00:42:15+00
19,744.3,2025-12-08 00:42:16+00
19,739.5,2025-12-08 00:42:17+00
19,741.3,2025-12-08 00:42:18+00
19,746.5,2025-12-08 00:42:19+00
19,743,2025-12-08 00:42:20+00
19,746.7,2025-12-08 00:42:21+00
19,741.5,2025-12-08 00:42:22+00
19,740.2,2025-12-08 00:42:23+00
19,742.3,2025-12-08 00:42:24+00
19,753.9,2025-12-08 00:42:25+00
19,738.2,2025-12-08 00:42:26+00
19,734.3,2025-12-08 00:42:27+00
19,737.1,2025-12-08 00:42:28+00
19,732.7,2025-12-08 00:42:29+00
19,734.9,2025-12-08 00:42:30+00
19,733.2,2025-12-08 00:42:31+00
19,732.7,2025-12-08 00:42:32+00
19,731.2,2025-12-08 00:42:33+00
19,737.5,2025-12-08 00:42:34+00
19,732.8,2025-12-08 00:42:35+00
19,733.8,2025-12-08 00:42:36+00
19,737.3,2025-12-08 00:42:37+00
19,731.6,2025-12-08 00:42:38+00
19,730.9,2025-12-08 00:42:39+00
19,734.4,2025-12-08 00:42:40+00
19,732.1,2025-12-08 00:42:41+00
19,734.3,2025-12-08 00:42:42+00
19,733.9,2025-12-08 00:42:43+00
19,732.1,2025-12-08 00:42:44+00
19,731.7,2025-12-08 00:42:45+00
19,733.7,2025-12-08 00:42:46+00
19,737.9,2025-12-08 00:42:47+00
19,734.7,2025-12-08 00:42:48+00
19,732.8,2025-12-08 00:42:49+00
19,742,2025-12-08 00:42:50+00
19,731.9,2025-12-08 00:42:51+00
19,733.4,2025-12-08 00:42:52+00
19,732.7,2025-12-08 00:42:53+00
19,735,2025-12-08 00:42:54+00
19,731.8,2025-12-08 00:42:55+00
19,730.3,2025-12-08 00:42:56+00
19,730.5,2025-12-08 00:42:57+00
19,733.2,2025-12-08 00:42:58+00
19,730.7,2025-12-08 00:42:59+00
19,732.9,2025-12-08 00:43:00+00
19,735.3,2025-12-08 00:43:01+00
19,739.5,2025-12-08 00:43:02+00
19,744.6,2025-12-08 00:43:03+00
19,739,2025-12-08 00:43:04+00
19,744.1,2025-12-08 00:43:05+00
19,735.6,2025-12-08 00:43:06+00
19,740.3,2025-12-08 00:43:07+00
19,747.1,2025-12-08 00:43:08+00
19,731.4,2025-12-08 00:43:09+00
19,733.2,2025-12-08 00:43:10+00
19,732.8,2025-12-08 00:43:11+00
19,734,2025-12-08 00:43:12+00
19,734.9,2025-12-08 00:43:13+00
19,732.6,2025-12-08 00:43:14+00
19,733.2,2025-12-08 00:43:15+00
19,731.2,2025-12-08 00:43:16+00
19,731.5,2025-12-08 00:43:17+00
19,734.6,2025-12-08 00:43:18+00
19,737,2025-12-08 00:43:19+00
19,731.8,2025-12-08 00:43:20+00
19,741,2025-12-08 00:43:21+00
19,729.9,2025-12-08 00:43:22+00
19,733,2025-12-08 00:43:23+00
19,731,2025-12-08 00:43:24+00
19,737.1,2025-12-08 00:43:25+00
19,727.8,2025-12-08 00:43:26+00
19,729.1,2025-12-08 00:43:27+00
19,734.3,2025-12-08 00:43:28+00
19,729,2025-12-08 00:43:29+00
19,731.1,2025-12-08 00:43:30+00
19,745.2,2025-12-08 00:43:31+00
19,729.4,2025-12-08 00:43:32+00
19,734.7,2025-12-08 00:43:33+00
19,733.7,2025-12-08 00:43:34+00
19,732,2025-12-08 00:43:35+00
19,740.1,2025-12-08 00:43:36+00
19,732.7,2025-12-08 00:43:37+00
19,733.2,2025-12-08 00:43:38+00
19,736.2,2025-12-08 00:43:39+00
19,733.6,2025-12-08 00:43:40+00
19,730.8,2025-12-08 00:43:41+00
19,731.5,2025-12-08 00:43:42+00
19,731.7,2025-12-08 00:43:43+00
19,736.8,2025-12-08 00:43:44+00
19,734.8,2025-12-08 00:43:45+00
19,733,2025-12-08 00:43:46+00
19,732.9,2025-12-08 00:43:47+00
19,734.8,2025-12-08 00:43:48+00
19,737,2025-12-08 00:43:49+00
19,732.7,2025-12-08 00:43:50+00
19,732.9,2025-12-08 00:43:51+00
19,734.7,2025-12-08 00:43:52+00
19,730.1,2025-12-08 00:43:53+00
19,732.1,2025-12-08 00:43:54+00
19,728.7,2025-12-08 00:43:55+00
19,743.9,2025-12-08 00:43:56+00
19,733.7,2025-12-08 00:43:57+00
19,729.4,2025-12-08 00:43:58+00
19,729.4,2025-12-08 00:43:59+00
19,736.6,2025-12-08 00:44:00+00
19,730.9,2025-12-08 00:44:01+00
19,739,2025-12-08 00:44:02+00
19,743.1,2025-12-08 00:44:03+00
19,735.8,2025-12-08 00:44:04+00
19,738.1,2025-12-08 00:44:05+00
19,739.5,2025-12-08 00:44:06+00
19,731.6,2025-12-08 00:44:07+00
19,736,2025-12-08 00:44:08+00
19,732.2,2025-12-08 00:44:09+00
19,733.1,2025-12-08 00:44:10+00
19,729.8,2025-12-08 00:44:11+00
19,730.3,2025-12-08 00:44:12+00
19,730.4,2025-12-08 00:44:13+00
19,849.4,2025-12-08 00:44:14+00
19,836.3,2025-12-08 00:44:15+00
19,833.1,2025-12-08 00:44:16+00
19,833,2025-12-08 00:44:17+00
19,833.4,2025-12-08 00:44:18+00
19,834.1,2025-12-08 00:44:19+00
19,832.1,2025-12-08 00:44:20+00
19,834.2,2025-12-08 00:44:21+00
19,828.3,2025-12-08 00:44:22+00
19,826.7,2025-12-08 00:44:23+00
19,821.9,2025-12-08 00:44:24+00
19,820.7,2025-12-08 00:44:25+00
19,821.8,2025-12-08 00:44:26+00
19,823.1,2025-12-08 00:44:27+00
19,820.8,2025-12-08 00:44:28+00
19,820,2025-12-08 00:44:29+00
19,821.8,2025-12-08 00:44:30+00
19,819.9,2025-12-08 00:44:31+00
19,822.3,2025-12-08 00:44:32+00
19,823.2,2025-12-08 00:44:33+00
19,821.7,2025-12-08 00:44:34+00
19,822,2025-12-08 00:44:35+00
19,822.4,2025-12-08 00:44:36+00
19,819.9,2025-12-08 00:44:37+00
19,824.6,2025-12-08 00:44:38+00
19,828.7,2025-12-08 00:44:39+00
19,823.6,2025-12-08 00:44:40+00
19,822.9,2025-12-08 00:44:41+00
19,839.6,2025-12-08 00:44:42+00
19,860.5,2025-12-08 00:44:43+00
19,836.9,2025-12-08 00:44:44+00
19,833,2025-12-08 00:44:45+00
19,833.1,2025-12-08 00:44:46+00
19,833.7,2025-12-08 00:44:47+00
19,833.9,2025-12-08 00:44:48+00
19,832.5,2025-12-08 00:44:49+00
19,838.4,2025-12-08 00:44:50+00
19,834.9,2025-12-08 00:44:51+00
19,835.8,2025-12-08 00:44:52+00
19,835.3,2025-12-08 00:44:53+00
19,834.7,2025-12-08 00:44:54+00
19,834.9,2025-12-08 00:44:55+00
19,836.7,2025-12-08 00:44:56+00
19,838.9,2025-12-08 00:44:57+00
19,841.4,2025-12-08 00:44:58+00
19,836.9,2025-12-08 00:44:59+00
19,838.8,2025-12-08 00:45:00+00
19,836.7,2025-12-08 00:45:01+00
19,838.5,2025-12-08 00:45:02+00
19,839.3,2025-12-08 00:45:03+00
19,833.9,2025-12-08 00:45:04+00
19,838.7,2025-12-08 00:45:05+00
19,837.8,2025-12-08 00:45:06+00
19,830.8,2025-12-08 00:45:07+00
19,835.1,2025-12-08 00:45:08+00
19,836.2,2025-12-08 00:45:09+00
19,835,2025-12-08 00:45:10+00
19,836.4,2025-12-08 00:45:11+00
19,836.6,2025-12-08 00:45:12+00
19,821.8,2025-12-08 00:45:13+00
19,1101.7,2025-12-08 00:45:14+00
19,1176.5,2025-12-08 00:45:15+00
19,1041.1,2025-12-08 00:45:16+00
19,1039.6,2025-12-08 00:45:17+00
19,1118.1,2025-12-08 00:45:18+00
19,1053.9,2025-12-08 00:45:19+00
19,1102.6,2025-12-08 00:45:20+00
19,1131.4,2025-12-08 00:45:21+00
19,1150.7,2025-12-08 00:45:22+00
19,1178.4,2025-12-08 00:45:23+00
19,1198.8,2025-12-08 00:45:24+00
19,1219.7,2025-12-08 00:45:25+00
19,1236.8,2025-12-08 00:45:26+00
19,1254.7,2025-12-08 00:45:27+00
19,1270.6,2025-12-08 00:45:28+00
19,1275.7,2025-12-08 00:45:29+00
19,1280,2025-12-08 00:45:30+00
19,1283.3,2025-12-08 00:45:31+00
19,1290.1,2025-12-08 00:45:32+00
19,1289.5,2025-12-08 00:45:33+00
19,1288.9,2025-12-08 00:45:34+00
19,1288.3,2025-12-08 00:45:35+00
19,1291.2,2025-12-08 00:45:36+00
19,1287.8,2025-12-08 00:45:37+00
19,1287.2,2025-12-08 00:45:38+00
19,1289.5,2025-12-08 00:45:39+00
19,1289,2025-12-08 00:45:40+00
19,1285.7,2025-12-08 00:45:41+00
19,1284.9,2025-12-08 00:45:42+00
19,1283.9,2025-12-08 00:45:43+00
19,1286.9,2025-12-08 00:45:44+00
19,1285.6,2025-12-08 00:45:45+00
19,1282.6,2025-12-08 00:45:46+00
19,1284.4,2025-12-08 00:45:47+00
19,1286.5,2025-12-08 00:45:48+00
19,1288.6,2025-12-08 00:45:49+00
19,1289.6,2025-12-08 00:45:50+00
19,1292.9,2025-12-08 00:45:51+00
19,1294.9,2025-12-08 00:45:52+00
19,1296.2,2025-12-08 00:45:53+00
19,1299.3,2025-12-08 00:45:54+00
19,1302.9,2025-12-08 00:45:55+00
19,1304.5,2025-12-08 00:45:56+00
19,1307.6,2025-12-08 00:45:57+00
19,1321,2025-12-08 00:45:58+00
19,1305.8,2025-12-08 00:45:59+00
19,1307.5,2025-12-08 00:46:00+00
19,1311.8,2025-12-08 00:46:01+00
19,1309.7,2025-12-08 00:46:02+00
19,1310.8,2025-12-08 00:46:03+00
19,1310.4,2025-12-08 00:46:04+00
19,1308.9,2025-12-08 00:46:05+00
19,1309.5,2025-12-08 00:46:06+00
19,1308.6,2025-12-08 00:46:07+00
19,1306.3,2025-12-08 00:46:08+00
19,1326.6,2025-12-08 00:46:09+00
19,1309.1,2025-12-08 00:46:10+00
19,1309.2,2025-12-08 00:46:11+00
19,1306.7,2025-12-08 00:46:12+00
19,1307.5,2025-12-08 00:46:13+00
19,1307.9,2025-12-08 00:46:14+00
19,1305.2,2025-12-08 00:46:15+00
19,1305.1,2025-12-08 00:46:16+00
19,1306.3,2025-12-08 00:46:17+00
19,1305.7,2025-12-08 00:46:18+00
19,1331,2025-12-08 00:46:19+00
19,1312.9,2025-12-08 00:46:20+00
19,1314.2,2025-12-08 00:46:21+00
19,1308.3,2025-12-08 00:46:22+00
19,1309.4,2025-12-08 00:46:23+00
19,1310.7,2025-12-08 00:46:24+00
19,1309,2025-12-08 00:46:25+00
19,1310.2,2025-12-08 00:46:26+00
19,1313.6,2025-12-08 00:46:27+00
19,1313.8,2025-12-08 00:46:28+00
19,1314,2025-12-08 00:46:29+00
19,1316,2025-12-08 00:46:30+00
19,1311,2025-12-08 00:46:31+00
19,1312.1,2025-12-08 00:46:32+00
19,1316,2025-12-08 00:46:33+00
19,1316.4,2025-12-08 00:46:34+00
19,1311.1,2025-12-08 00:46:35+00
19,1313,2025-12-08 00:46:36+00
19,1311.2,2025-12-08 00:46:37+00
19,1316.1,2025-12-08 00:46:38+00
19,1316.2,2025-12-08 00:46:39+00
19,1315.4,2025-12-08 00:46:40+00
19,1312.3,2025-12-08 00:46:41+00
19,1314.8,2025-12-08 00:46:42+00
19,1313.4,2025-12-08 00:46:43+00
19,1314.5,2025-12-08 00:46:44+00
19,1311.8,2025-12-08 00:46:45+00
19,1309.9,2025-12-08 00:46:46+00
19,1311.6,2025-12-08 00:46:47+00
19,1312.8,2025-12-08 00:46:48+00
19,1305.4,2025-12-08 00:46:49+00
19,1308.4,2025-12-08 00:46:50+00
19,1310.3,2025-12-08 00:46:51+00
19,1306,2025-12-08 00:46:52+00
19,1310.4,2025-12-08 00:46:53+00
19,1312.4,2025-12-08 00:46:54+00
19,1306.9,2025-12-08 00:46:55+00
19,1307.4,2025-12-08 00:46:56+00
19,1312.6,2025-12-08 00:46:57+00
19,1307.3,2025-12-08 00:46:58+00
19,1311.3,2025-12-08 00:46:59+00
19,1311.6,2025-12-08 00:47:00+00
19,1320.7,2025-12-08 00:47:01+00
19,1313.3,2025-12-08 00:47:02+00
19,1309.4,2025-12-08 00:47:03+00
19,1310.4,2025-12-08 00:47:04+00
19,1295.8,2025-12-08 00:47:05+00
19,1298.5,2025-12-08 00:47:06+00
19,1297.1,2025-12-08 00:47:07+00
19,1304.1,2025-12-08 00:47:08+00
19,1302.9,2025-12-08 00:47:09+00
19,1302.9,2025-12-08 00:47:10+00
19,1298.1,2025-12-08 00:47:11+00
19,1299.3,2025-12-08 00:47:12+00
19,1306.8,2025-12-08 00:47:13+00
19,1302,2025-12-08 00:47:14+00
19,1298.7,2025-12-08 00:47:15+00
19,1294.3,2025-12-08 00:47:16+00
19,1298.9,2025-12-08 00:47:17+00
19,1299.7,2025-12-08 00:47:18+00
19,1303.7,2025-12-08 00:47:19+00
19,1303.9,2025-12-08 00:47:20+00
19,1300.9,2025-12-08 00:47:21+00
19,1294.9,2025-12-08 00:47:22+00
19,1311.5,2025-12-08 00:47:23+00
19,1296.8,2025-12-08 00:47:24+00
19,1295.2,2025-12-08 00:47:25+00
19,1255.2,2025-12-08 00:47:26+00
19,1257.1,2025-12-08 00:47:27+00
19,1254.4,2025-12-08 00:47:28+00
19,1253,2025-12-08 00:47:29+00
19,1254.4,2025-12-08 00:47:30+00
19,1250.6,2025-12-08 00:47:31+00
19,1253.4,2025-12-08 00:47:32+00
19,1255,2025-12-08 00:47:33+00
19,1254.2,2025-12-08 00:47:34+00
19,1253,2025-12-08 00:47:35+00
19,1256.3,2025-12-08 00:47:36+00
19,1254.6,2025-12-08 00:47:37+00
19,1255,2025-12-08 00:47:38+00
19,1255,2025-12-08 00:47:39+00
19,1252,2025-12-08 00:47:40+00
19,1261.9,2025-12-08 00:47:41+00
19,1252.6,2025-12-08 00:47:42+00
19,1252.5,2025-12-08 00:47:43+00
19,1253.8,2025-12-08 00:47:44+00
19,1251.5,2025-12-08 00:47:45+00
19,1253.7,2025-12-08 00:47:46+00
19,1257.2,2025-12-08 00:47:47+00
19,1255.5,2025-12-08 00:47:48+00
19,1251.4,2025-12-08 00:47:49+00
19,1252.2,2025-12-08 00:47:50+00
19,1251.8,2025-12-08 00:47:51+00
19,1250,2025-12-08 00:47:52+00
19,1261.5,2025-12-08 00:47:53+00
19,1249.6,2025-12-08 00:47:54+00
19,1256.7,2025-12-08 00:47:55+00
19,1249,2025-12-08 00:47:56+00
19,1249.2,2025-12-08 00:47:57+00
19,1262.6,2025-12-08 00:47:58+00
19,1251.1,2025-12-08 00:47:59+00
19,1252.1,2025-12-08 00:48:00+00
19,1266.9,2025-12-08 00:48:01+00
19,1254.5,2025-12-08 00:48:02+00
19,1249.4,2025-12-08 00:48:03+00
19,1321.2,2025-12-08 00:48:04+00
19,1354.7,2025-12-08 00:48:05+00
19,1353.8,2025-12-08 00:48:06+00
19,1343.3,2025-12-08 00:48:07+00
19,1345.3,2025-12-08 00:48:08+00
19,1343.9,2025-12-08 00:48:09+00
19,1344.4,2025-12-08 00:48:10+00
19,1351.7,2025-12-08 00:48:11+00
19,1349,2025-12-08 00:48:12+00
19,1345.4,2025-12-08 00:48:13+00
19,1347.2,2025-12-08 00:48:14+00
19,1345.8,2025-12-08 00:48:15+00
19,1344.2,2025-12-08 00:48:16+00
19,1346.8,2025-12-08 00:48:17+00
19,1349.3,2025-12-08 00:48:18+00
19,1362.3,2025-12-08 00:48:19+00
19,1355,2025-12-08 00:48:20+00
19,1345,2025-12-08 00:48:21+00
19,1342.5,2025-12-08 00:48:22+00
19,1348.6,2025-12-08 00:48:23+00
19,1355.1,2025-12-08 00:48:24+00
19,1352.4,2025-12-08 00:48:25+00
19,1351.5,2025-12-08 00:48:26+00
19,1348.6,2025-12-08 00:48:27+00
19,1343.5,2025-12-08 00:48:28+00
19,1355.7,2025-12-08 00:48:29+00
19,1345.3,2025-12-08 00:48:30+00
19,1345.2,2025-12-08 00:48:31+00
19,1345.7,2025-12-08 00:48:32+00
19,1345.3,2025-12-08 00:48:33+00
19,1346.4,2025-12-08 00:48:34+00
19,1344.5,2025-12-08 00:48:35+00
19,1344.1,2025-12-08 00:48:36+00
19,1343.4,2025-12-08 00:48:37+00
19,1346,2025-12-08 00:48:38+00
19,1346.6,2025-12-08 00:48:39+00
19,1349.6,2025-12-08 00:48:40+00
19,1344.6,2025-12-08 00:48:41+00
19,1343.1,2025-12-08 00:48:42+00
19,1343.7,2025-12-08 00:48:43+00
19,1344.5,2025-12-08 00:48:44+00
19,1350.2,2025-12-08 00:48:45+00
19,1343.7,2025-12-08 00:48:46+00
19,1342.6,2025-12-08 00:48:47+00
19,1343.8,2025-12-08 00:48:48+00
19,1342.6,2025-12-08 00:48:49+00
19,1342.6,2025-12-08 00:48:50+00
19,1343.6,2025-12-08 00:48:51+00
19,1342.3,2025-12-08 00:48:52+00
19,1346.3,2025-12-08 00:48:53+00
19,1345,2025-12-08 00:48:54+00
19,1343.1,2025-12-08 00:48:55+00
19,1341.9,2025-12-08 00:48:56+00
19,1351.2,2025-12-08 00:48:57+00
19,1352.3,2025-12-08 00:48:58+00
19,1342.9,2025-12-08 00:48:59+00
19,1346.5,2025-12-08 00:49:00+00
19,1347,2025-12-08 00:49:01+00
19,1350.9,2025-12-08 00:49:02+00
19,1346.7,2025-12-08 00:49:03+00
19,1347.3,2025-12-08 00:49:04+00
19,1345.3,2025-12-08 00:49:05+00
19,1347.4,2025-12-08 00:49:06+00
19,1344.6,2025-12-08 00:49:07+00
19,1347.6,2025-12-08 00:49:08+00
19,1345.1,2025-12-08 00:49:09+00
19,1343.9,2025-12-08 00:49:10+00
19,1345.3,2025-12-08 00:49:11+00
19,1347.1,2025-12-08 00:49:12+00
19,1342.7,2025-12-08 00:49:13+00
19,1345.1,2025-12-08 00:49:14+00
19,1349.4,2025-12-08 00:49:15+00
19,1346.1,2025-12-08 00:49:16+00
19,1345.7,2025-12-08 00:49:17+00
19,1345.7,2025-12-08 00:49:18+00
19,1346.9,2025-12-08 00:49:19+00
19,1348.9,2025-12-08 00:49:20+00
19,1353.1,2025-12-08 00:49:21+00
19,1343.2,2025-12-08 00:49:22+00
19,1348.1,2025-12-08 00:49:23+00
19,1344.2,2025-12-08 00:49:24+00
19,1344.6,2025-12-08 00:49:25+00
19,1345.6,2025-12-08 00:49:26+00
19,1343.4,2025-12-08 00:49:27+00
19,1344.5,2025-12-08 00:49:28+00
19,1345.3,2025-12-08 00:49:29+00
19,1345.6,2025-12-08 00:49:30+00
19,1344.8,2025-12-08 00:49:31+00
19,1351.5,2025-12-08 00:49:32+00
19,1354.3,2025-12-08 00:49:33+00
19,1351.6,2025-12-08 00:49:34+00
19,1354.1,2025-12-08 00:49:35+00
19,1352.3,2025-12-08 00:49:36+00
19,1347.5,2025-12-08 00:49:37+00
19,1346.4,2025-12-08 00:49:38+00
19,1344.9,2025-12-08 00:49:39+00
19,1348.2,2025-12-08 00:49:40+00
19,1347.4,2025-12-08 00:49:41+00
19,1385.2,2025-12-08 00:49:42+00
19,1437.7,2025-12-08 00:49:43+00
19,1426.9,2025-12-08 00:49:44+00
19,1427,2025-12-08 00:49:45+00
19,1423.7,2025-12-08 00:49:46+00
19,1424.9,2025-12-08 00:49:47+00
19,1424.3,2025-12-08 00:49:48+00
19,1422.1,2025-12-08 00:49:49+00
19,1424.2,2025-12-08 00:49:50+00
19,1425.2,2025-12-08 00:49:51+00
19,1426,2025-12-08 00:49:52+00
19,1426.4,2025-12-08 00:49:53+00
19,1425.9,2025-12-08 00:49:54+00
19,1425.5,2025-12-08 00:49:55+00
19,1428.5,2025-12-08 00:49:56+00
19,1426.8,2025-12-08 00:49:57+00
19,1441.7,2025-12-08 00:49:58+00
19,1430.9,2025-12-08 00:49:59+00
19,1431.9,2025-12-08 00:50:00+00
19,1429,2025-12-08 00:50:01+00
19,1435,2025-12-08 00:50:02+00
19,1432.3,2025-12-08 00:50:03+00
19,1429.9,2025-12-08 00:50:04+00
19,1433.3,2025-12-08 00:50:05+00
19,1429.4,2025-12-08 00:50:06+00
19,1429,2025-12-08 00:50:07+00
19,1429.5,2025-12-08 00:50:08+00
19,1432.7,2025-12-08 00:50:09+00
19,1432.1,2025-12-08 00:50:10+00
19,1433.7,2025-12-08 00:50:11+00
19,1435.7,2025-12-08 00:50:12+00
19,1435.7,2025-12-08 00:50:13+00
19,1440.2,2025-12-08 00:50:14+00
19,1431.9,2025-12-08 00:50:15+00
19,1449.6,2025-12-08 00:50:16+00
19,1436.2,2025-12-08 00:50:17+00
19,1432.5,2025-12-08 00:50:18+00
19,1434.1,2025-12-08 00:50:19+00
19,1439.6,2025-12-08 00:50:20+00
19,1440.8,2025-12-08 00:50:21+00
19,1435.8,2025-12-08 00:50:22+00
19,1431.5,2025-12-08 00:50:23+00
19,1443.6,2025-12-08 00:50:24+00
19,1427.8,2025-12-08 00:50:25+00
19,1429.9,2025-12-08 00:50:26+00
19,1431.9,2025-12-08 00:50:27+00
19,1432.7,2025-12-08 00:50:28+00
19,1435.8,2025-12-08 00:50:29+00
19,1431.1,2025-12-08 00:50:30+00
19,1431.3,2025-12-08 00:50:31+00
19,1439.7,2025-12-08 00:50:32+00
19,1431.7,2025-12-08 00:50:33+00
19,1430.3,2025-12-08 00:50:34+00
19,1502.9,2025-12-08 00:50:35+00
19,1526.8,2025-12-08 00:50:36+00
19,1522.2,2025-12-08 00:50:37+00
19,1526.4,2025-12-08 00:50:38+00
19,1525.1,2025-12-08 00:50:39+00
19,1531.7,2025-12-08 00:50:40+00
19,1530.5,2025-12-08 00:50:41+00
19,1539.5,2025-12-08 00:50:42+00
19,1531.2,2025-12-08 00:50:43+00
19,1538.2,2025-12-08 00:50:44+00
19,1536.3,2025-12-08 00:50:45+00
19,1533.6,2025-12-08 00:50:46+00
19,1534.4,2025-12-08 00:50:47+00
19,1530.6,2025-12-08 00:50:48+00
19,1531.6,2025-12-08 00:50:49+00
19,1544.1,2025-12-08 00:50:50+00
19,1537.5,2025-12-08 00:50:51+00
19,1535.8,2025-12-08 00:50:52+00
19,1536.9,2025-12-08 00:50:53+00
19,1531.8,2025-12-08 00:50:54+00
19,1531.4,2025-12-08 00:50:55+00
19,1539.3,2025-12-08 00:50:56+00
19,1537.4,2025-12-08 00:50:57+00
19,1537.5,2025-12-08 00:50:58+00
19,1538.7,2025-12-08 00:50:59+00
19,1538,2025-12-08 00:51:00+00
19,1545.7,2025-12-08 00:51:01+00
19,1547.2,2025-12-08 00:51:02+00
19,1544.8,2025-12-08 00:51:03+00
19,1546.1,2025-12-08 00:51:04+00
19,1545.5,2025-12-08 00:51:05+00
19,1548.8,2025-12-08 00:51:06+00
19,1541.7,2025-12-08 00:51:07+00
19,1543.1,2025-12-08 00:51:08+00
19,1542,2025-12-08 00:51:09+00
19,1540.3,2025-12-08 00:51:10+00
19,1543.9,2025-12-08 00:51:11+00
19,1571,2025-12-08 00:51:12+00
19,1638.6,2025-12-08 00:51:13+00
19,1649.1,2025-12-08 00:51:14+00
19,1648.2,2025-12-08 00:51:15+00
19,1655.7,2025-12-08 00:51:16+00
19,1659.2,2025-12-08 00:51:17+00
19,1649.8,2025-12-08 00:51:18+00
19,1657.9,2025-12-08 00:51:19+00
19,1659.1,2025-12-08 00:51:20+00
19,1659.1,2025-12-08 00:51:21+00
19,1656.4,2025-12-08 00:51:22+00
19,1652,2025-12-08 00:51:23+00
19,1647.5,2025-12-08 00:51:24+00
19,1649.1,2025-12-08 00:51:25+00
19,1649.9,2025-12-08 00:51:26+00
19,1655,2025-12-08 00:51:27+00
19,1663.8,2025-12-08 00:51:28+00
19,1654.9,2025-12-08 00:51:29+00
19,1654.5,2025-12-08 00:51:30+00
19,1651.6,2025-12-08 00:51:31+00
19,1650.7,2025-12-08 00:51:32+00
19,1652,2025-12-08 00:51:33+00
19,1650.5,2025-12-08 00:51:34+00
19,1650,2025-12-08 00:51:35+00
19,1648.1,2025-12-08 00:51:36+00
19,1644.2,2025-12-08 00:51:37+00
19,1650.4,2025-12-08 00:51:38+00
19,1646.8,2025-12-08 00:51:39+00
19,1667.5,2025-12-08 00:51:40+00
19,1649,2025-12-08 00:51:41+00
19,1645.9,2025-12-08 00:51:42+00
19,1658.1,2025-12-08 00:51:43+00
19,1651.3,2025-12-08 00:51:44+00
19,1652.5,2025-12-08 00:51:45+00
19,1651,2025-12-08 00:51:46+00
19,1650.2,2025-12-08 00:51:47+00
19,1647.4,2025-12-08 00:51:48+00
19,1651.4,2025-12-08 00:51:49+00
19,1647.8,2025-12-08 00:51:50+00
19,1654.1,2025-12-08 00:51:51+00
19,1650.6,2025-12-08 00:51:52+00
19,1648.9,2025-12-08 00:51:53+00
19,1648.7,2025-12-08 00:51:54+00
19,1649.7,2025-12-08 00:51:55+00
19,1648.5,2025-12-08 00:51:56+00
19,1650.1,2025-12-08 00:51:57+00
19,1644.4,2025-12-08 00:51:58+00
19,1649.9,2025-12-08 00:51:59+00
19,1646.1,2025-12-08 00:52:00+00
19,1652.1,2025-12-08 00:52:01+00
19,1648.2,2025-12-08 00:52:02+00
19,1643.7,2025-12-08 00:52:03+00
19,1648.7,2025-12-08 00:52:04+00
19,1649.8,2025-12-08 00:52:05+00
19,1649.6,2025-12-08 00:52:06+00
19,1647.8,2025-12-08 00:52:07+00
19,1649,2025-12-08 00:52:08+00
19,1643.6,2025-12-08 00:52:09+00
19,1651.7,2025-12-08 00:52:10+00
19,1649.6,2025-12-08 00:52:11+00
19,1650.5,2025-12-08 00:52:12+00
19,1646.6,2025-12-08 00:52:13+00
19,1653.2,2025-12-08 00:52:14+00
19,1650.2,2025-12-08 00:52:15+00
19,1645.6,2025-12-08 00:52:16+00
19,1646.7,2025-12-08 00:52:17+00
19,1645.5,2025-12-08 00:52:18+00
19,1646.5,2025-12-08 00:52:19+00
19,1655.9,2025-12-08 00:52:20+00
19,1655.5,2025-12-08 00:52:21+00
19,1652.4,2025-12-08 00:52:22+00
19,1651.2,2025-12-08 00:52:23+00
19,1647.8,2025-12-08 00:52:24+00
19,1646.4,2025-12-08 00:52:25+00
19,1647.7,2025-12-08 00:52:26+00
19,1648.2,2025-12-08 00:52:27+00
19,1653.8,2025-12-08 00:52:28+00
19,1651,2025-12-08 00:52:29+00
19,1647.9,2025-12-08 00:52:30+00
19,1649.3,2025-12-08 00:52:31+00
19,1648.4,2025-12-08 00:52:32+00
19,1647.4,2025-12-08 00:52:33+00
19,1648.3,2025-12-08 00:52:34+00
19,1647.9,2025-12-08 00:52:35+00
19,1648.1,2025-12-08 00:52:36+00
19,1648.9,2025-12-08 00:52:37+00
19,1652.1,2025-12-08 00:52:38+00
19,1647.6,2025-12-08 00:52:39+00
19,1652.5,2025-12-08 00:52:40+00
19,1650.1,2025-12-08 00:52:41+00
19,1648.5,2025-12-08 00:52:42+00
19,1645.7,2025-12-08 00:52:43+00
19,1653.1,2025-12-08 00:52:44+00
19,1649.3,2025-12-08 00:52:45+00
19,1649.7,2025-12-08 00:52:46+00
19,1649,2025-12-08 00:52:47+00
19,1650.4,2025-12-08 00:52:48+00
19,1648.6,2025-12-08 00:52:49+00
19,1654,2025-12-08 00:52:50+00
19,1648.9,2025-12-08 00:52:51+00
19,1651.2,2025-12-08 00:52:52+00
19,1650.9,2025-12-08 00:52:53+00
19,1650.5,2025-12-08 00:52:54+00
19,1651.6,2025-12-08 00:52:55+00
19,1647.9,2025-12-08 00:52:56+00
19,1651.8,2025-12-08 00:52:57+00
19,1647.1,2025-12-08 00:52:58+00
19,1648.4,2025-12-08 00:52:59+00
19,1654.7,2025-12-08 00:53:00+00
19,1651.3,2025-12-08 00:53:01+00
19,1651.7,2025-12-08 00:53:02+00
19,1647.9,2025-12-08 00:53:03+00
19,1647.1,2025-12-08 00:53:04+00
19,1648.6,2025-12-08 00:53:05+00
19,1648.8,2025-12-08 00:53:06+00
19,1645.5,2025-12-08 00:53:07+00
19,1654.3,2025-12-08 00:53:08+00
19,1650.5,2025-12-08 00:53:09+00
19,1650.9,2025-12-08 00:53:10+00
19,1648.2,2025-12-08 00:53:11+00
19,1671.8,2025-12-08 00:53:12+00
19,1654.6,2025-12-08 00:53:13+00
19,1652.3,2025-12-08 00:53:14+00
19,1646.1,2025-12-08 00:53:15+00
19,1655.1,2025-12-08 00:53:16+00
19,1647,2025-12-08 00:53:17+00
19,1652.4,2025-12-08 00:53:18+00
19,1649.9,2025-12-08 00:53:19+00
19,1659.3,2025-12-08 00:53:20+00
19,1654.7,2025-12-08 00:53:21+00
19,1652.1,2025-12-08 00:53:22+00
19,1650.6,2025-12-08 00:53:23+00
19,1651.4,2025-12-08 00:53:24+00
19,1648.8,2025-12-08 00:53:25+00
19,1649.6,2025-12-08 00:53:26+00
19,1647.8,2025-12-08 00:53:27+00
19,1648.9,2025-12-08 00:53:28+00
19,1653,2025-12-08 00:53:29+00
19,1652.9,2025-12-08 00:53:30+00
19,1651.9,2025-12-08 00:53:31+00
19,1734.5,2025-12-08 00:53:32+00
19,1702,2025-12-08 00:53:33+00
19,1678.6,2025-12-08 00:53:34+00
19,1678.7,2025-12-08 00:53:35+00
19,1677,2025-12-08 00:53:36+00
19,1676.9,2025-12-08 00:53:37+00
19,1677.8,2025-12-08 00:53:38+00
19,1681.4,2025-12-08 00:53:39+00
19,1676.8,2025-12-08 00:53:40+00
19,1676.9,2025-12-08 00:53:41+00
19,1676.5,2025-12-08 00:53:42+00
19,1678.4,2025-12-08 00:53:43+00
19,1688.9,2025-12-08 00:53:44+00
19,1687.9,2025-12-08 00:53:45+00
19,1680.7,2025-12-08 00:53:46+00
19,1678.3,2025-12-08 00:53:47+00
19,1679.8,2025-12-08 00:53:48+00
19,1677.8,2025-12-08 00:53:49+00
19,1684.3,2025-12-08 00:53:50+00
19,1685.4,2025-12-08 00:53:51+00
19,1680.5,2025-12-08 00:53:52+00
19,1679.5,2025-12-08 00:53:53+00
19,1679.7,2025-12-08 00:53:54+00
19,1680.3,2025-12-08 00:53:55+00
19,1684.1,2025-12-08 00:53:56+00
19,1677.3,2025-12-08 00:53:57+00
19,1686.3,2025-12-08 00:53:58+00
19,1680.2,2025-12-08 00:53:59+00
19,1681.5,2025-12-08 00:54:00+00
19,1681.7,2025-12-08 00:54:01+00
19,1679.6,2025-12-08 00:54:02+00
19,1679.6,2025-12-08 00:54:03+00
19,1680.5,2025-12-08 00:54:04+00
19,1680.4,2025-12-08 00:54:05+00
19,1678.6,2025-12-08 00:54:06+00
19,1680.4,2025-12-08 00:54:07+00
19,1679.8,2025-12-08 00:54:08+00
19,1678.8,2025-12-08 00:54:09+00
19,1679.5,2025-12-08 00:54:10+00
19,1679,2025-12-08 00:54:11+00
19,1674.9,2025-12-08 00:54:12+00
19,1676.3,2025-12-08 00:54:13+00
19,1682.8,2025-12-08 00:54:14+00
19,1679,2025-12-08 00:54:15+00
19,1679.5,2025-12-08 00:54:16+00
19,1677,2025-12-08 00:54:17+00
19,1676.4,2025-12-08 00:54:18+00
19,1678.4,2025-12-08 00:54:19+00
19,1686.6,2025-12-08 00:54:20+00
19,1681,2025-12-08 00:54:21+00
19,1683.2,2025-12-08 00:54:22+00
19,1680.3,2025-12-08 00:54:23+00
19,1676.5,2025-12-08 00:54:24+00
19,1675.1,2025-12-08 00:54:25+00
19,1677.5,2025-12-08 00:54:26+00
19,1675.1,2025-12-08 00:54:27+00
19,1675.3,2025-12-08 00:54:28+00
19,1676.6,2025-12-08 00:54:29+00
19,1682.3,2025-12-08 00:54:30+00
19,1674.8,2025-12-08 00:54:31+00
19,1680.2,2025-12-08 00:54:32+00
19,1673.2,2025-12-08 00:54:33+00
19,1676.2,2025-12-08 00:54:34+00
19,1676.5,2025-12-08 00:54:35+00
19,1684,2025-12-08 00:54:36+00
19,1676.3,2025-12-08 00:54:37+00
19,1675,2025-12-08 00:54:38+00
19,1673.7,2025-12-08 00:54:39+00
19,1675.3,2025-12-08 00:54:40+00
19,1676.1,2025-12-08 00:54:41+00
19,1676.5,2025-12-08 00:54:42+00
19,1683.4,2025-12-08 00:54:43+00
19,1676.5,2025-12-08 00:54:44+00
19,1674.3,2025-12-08 00:54:45+00
19,1674.7,2025-12-08 00:54:46+00
19,1681,2025-12-08 00:54:47+00
19,1678.6,2025-12-08 00:54:48+00
19,1676.3,2025-12-08 00:54:49+00
19,1675.3,2025-12-08 00:54:50+00
19,1675.7,2025-12-08 00:54:51+00
19,1681,2025-12-08 00:54:52+00
19,1680.4,2025-12-08 00:54:53+00
19,1676.8,2025-12-08 00:54:54+00
19,1676.5,2025-12-08 00:54:55+00
19,1667.6,2025-12-08 00:54:56+00
19,1676.1,2025-12-08 00:54:57+00
19,1678.6,2025-12-08 00:54:58+00
19,1675.8,2025-12-08 00:54:59+00
19,1678.5,2025-12-08 00:55:00+00
19,1682.9,2025-12-08 00:55:01+00
19,1689,2025-12-08 00:55:02+00
19,1685.6,2025-12-08 00:55:03+00
19,1682.2,2025-12-08 00:55:04+00
19,1683.9,2025-12-08 00:55:05+00
19,1675.5,2025-12-08 00:55:06+00
19,1684.3,2025-12-08 00:55:07+00
19,1681.8,2025-12-08 00:55:08+00
19,1681.5,2025-12-08 00:55:09+00
19,1684.3,2025-12-08 00:55:10+00
19,1689.4,2025-12-08 00:55:11+00
19,1684.7,2025-12-08 00:55:12+00
19,1685.6,2025-12-08 00:55:13+00
19,1685.1,2025-12-08 00:55:14+00
19,1683.7,2025-12-08 00:55:15+00
19,1682.8,2025-12-08 00:55:16+00
19,1711.8,2025-12-08 00:55:17+00
19,1681.7,2025-12-08 00:55:18+00
19,1688.3,2025-12-08 00:55:19+00
19,1691.1,2025-12-08 00:55:20+00
19,1685.8,2025-12-08 00:55:21+00
19,1686.9,2025-12-08 00:55:22+00
19,1682.9,2025-12-08 00:55:23+00
19,1678.3,2025-12-08 00:55:24+00
19,1681.4,2025-12-08 00:55:25+00
19,1677.9,2025-12-08 00:55:26+00
19,1678.5,2025-12-08 00:55:27+00
19,1686.9,2025-12-08 00:55:28+00
19,1682.1,2025-12-08 00:55:29+00
19,1680.6,2025-12-08 00:55:30+00
19,1686,2025-12-08 00:55:31+00
19,1681.5,2025-12-08 00:55:32+00
19,1679.4,2025-12-08 00:55:33+00
19,1683.1,2025-12-08 00:55:34+00
19,1682.7,2025-12-08 00:55:35+00
19,1682.5,2025-12-08 00:55:36+00
19,1682.9,2025-12-08 00:55:37+00
19,1680.5,2025-12-08 00:55:38+00
19,1676.2,2025-12-08 00:55:39+00
19,1695,2025-12-08 00:55:40+00
19,1682.9,2025-12-08 00:55:41+00
19,1683.1,2025-12-08 00:55:42+00
19,1683.6,2025-12-08 00:55:43+00
19,1683.8,2025-12-08 00:55:44+00
19,1695,2025-12-08 00:55:45+00
19,1686.8,2025-12-08 00:55:46+00
19,1688.4,2025-12-08 00:55:47+00
19,1681.9,2025-12-08 00:55:48+00
19,1683.1,2025-12-08 00:55:49+00
19,1681.2,2025-12-08 00:55:50+00
19,1684.7,2025-12-08 00:55:51+00
19,1686.7,2025-12-08 00:55:52+00
19,1688.3,2025-12-08 00:55:53+00
19,1679.6,2025-12-08 00:55:54+00
19,1681.2,2025-12-08 00:55:55+00
19,1681.2,2025-12-08 00:55:56+00
19,1681.3,2025-12-08 00:55:57+00
19,1686.1,2025-12-08 00:55:58+00
19,1685.8,2025-12-08 00:55:59+00
19,1696.5,2025-12-08 00:56:00+00
19,1688.4,2025-12-08 00:56:01+00
19,1685.4,2025-12-08 00:56:02+00
19,1684.3,2025-12-08 00:56:03+00
19,1684.5,2025-12-08 00:56:04+00
19,1683.1,2025-12-08 00:56:05+00
19,1681.4,2025-12-08 00:56:06+00
19,1683.3,2025-12-08 00:56:07+00
19,1682.3,2025-12-08 00:56:08+00
19,1682.4,2025-12-08 00:56:09+00
19,1681.6,2025-12-08 00:56:10+00
19,1680.2,2025-12-08 00:56:11+00
19,1688.5,2025-12-08 00:56:12+00
19,1687,2025-12-08 00:56:13+00
19,1682.4,2025-12-08 00:56:14+00
19,1680.5,2025-12-08 00:56:15+00
19,1683.6,2025-12-08 00:56:16+00
19,1684.3,2025-12-08 00:56:17+00
19,1685.4,2025-12-08 00:56:18+00
19,1683.4,2025-12-08 00:56:19+00
19,1691,2025-12-08 00:56:20+00
19,1687,2025-12-08 00:56:21+00
19,1690.1,2025-12-08 00:56:22+00
19,1688.4,2025-12-08 00:56:23+00
19,1685.7,2025-12-08 00:56:24+00
19,1685.8,2025-12-08 00:56:25+00
19,1688.6,2025-12-08 00:56:26+00
19,1681.7,2025-12-08 00:56:27+00
19,1686.7,2025-12-08 00:56:28+00
19,1686.5,2025-12-08 00:56:29+00
19,1686.7,2025-12-08 00:56:30+00
19,1683.4,2025-12-08 00:56:31+00
19,1681.4,2025-12-08 00:56:32+00
19,1686.8,2025-12-08 00:56:33+00
19,1688.6,2025-12-08 00:56:34+00
19,1697.3,2025-12-08 00:56:35+00
19,1692.4,2025-12-08 00:56:36+00
19,1685.2,2025-12-08 00:56:37+00
19,1683.4,2025-12-08 00:56:38+00
19,1691.7,2025-12-08 00:56:39+00
19,1686.5,2025-12-08 00:56:40+00
19,1684.2,2025-12-08 00:56:41+00
19,1684.7,2025-12-08 00:56:42+00
19,1685.8,2025-12-08 00:56:43+00
19,1692.3,2025-12-08 00:56:44+00
19,1686.5,2025-12-08 00:56:45+00
19,1690.7,2025-12-08 00:56:46+00
19,1685.5,2025-12-08 00:56:47+00
19,1686.5,2025-12-08 00:56:48+00
19,1689.5,2025-12-08 00:56:49+00
19,1687.4,2025-12-08 00:56:50+00
19,1684.6,2025-12-08 00:56:51+00
19,1684.5,2025-12-08 00:56:52+00
19,1684.8,2025-12-08 00:56:53+00
19,1686,2025-12-08 00:56:54+00
19,1688.3,2025-12-08 00:56:55+00
19,1686,2025-12-08 00:56:56+00
19,1685.8,2025-12-08 00:56:57+00
19,1686.8,2025-12-08 00:56:58+00
19,1691.2,2025-12-08 00:56:59+00
19,1692.1,2025-12-08 00:57:00+00
19,1694.2,2025-12-08 00:57:01+00
19,1693.1,2025-12-08 00:57:02+00
19,1691.7,2025-12-08 00:57:03+00
19,1694.4,2025-12-08 00:57:04+00
19,1699.4,2025-12-08 00:57:05+00
19,1699.2,2025-12-08 00:57:06+00
19,1688.1,2025-12-08 00:57:07+00
19,1687,2025-12-08 00:57:08+00
19,1691.6,2025-12-08 00:57:09+00
19,1695.5,2025-12-08 00:57:10+00
19,1690.7,2025-12-08 00:57:11+00
19,1691.8,2025-12-08 00:57:12+00
19,1707.8,2025-12-08 00:57:13+00
19,1692.3,2025-12-08 00:57:14+00
19,1694.3,2025-12-08 00:57:15+00
19,1691.6,2025-12-08 00:57:16+00
19,1691.4,2025-12-08 00:57:17+00
19,1694,2025-12-08 00:57:18+00
19,1692.9,2025-12-08 00:57:19+00
19,1698.6,2025-12-08 00:57:20+00
19,1702,2025-12-08 00:57:21+00
19,1700.2,2025-12-08 00:57:22+00
19,1698.6,2025-12-08 00:57:23+00
19,1692.9,2025-12-08 00:57:24+00
19,1692.3,2025-12-08 00:57:25+00
19,1697.4,2025-12-08 00:57:26+00
19,1694.7,2025-12-08 00:57:27+00
19,1695,2025-12-08 00:57:28+00
19,1694.2,2025-12-08 00:57:29+00
19,1693.2,2025-12-08 00:57:30+00
19,1699.5,2025-12-08 00:57:31+00
19,1704,2025-12-08 00:57:32+00
19,1700.3,2025-12-08 00:57:33+00
19,1719.1,2025-12-08 00:57:34+00
19,1703.4,2025-12-08 00:57:35+00
19,1699,2025-12-08 00:57:36+00
19,1702.4,2025-12-08 00:57:37+00
19,1702.7,2025-12-08 00:57:38+00
19,1702.3,2025-12-08 00:57:39+00
19,1701.7,2025-12-08 00:57:40+00
19,1704.1,2025-12-08 00:57:41+00
19,1703.3,2025-12-08 00:57:42+00
19,1705.3,2025-12-08 00:57:43+00
19,1706.1,2025-12-08 00:57:44+00
19,1705.8,2025-12-08 00:57:45+00
19,1703.2,2025-12-08 00:57:46+00
19,1704.2,2025-12-08 00:57:47+00
19,1701.7,2025-12-08 00:57:48+00
19,1701.2,2025-12-08 00:57:49+00
19,1707.3,2025-12-08 00:57:50+00
19,1705.3,2025-12-08 00:57:51+00
19,1701.6,2025-12-08 00:57:52+00
19,1702.8,2025-12-08 00:57:53+00
19,1703.6,2025-12-08 00:57:54+00
19,1704,2025-12-08 00:57:55+00
19,1704.7,2025-12-08 00:57:56+00
19,1701.9,2025-12-08 00:57:57+00
19,1713.1,2025-12-08 00:57:58+00
19,1711.1,2025-12-08 00:57:59+00
19,1706.5,2025-12-08 00:58:00+00
19,1716.2,2025-12-08 00:58:01+00
19,1709.7,2025-12-08 00:58:02+00
19,1728.1,2025-12-08 00:58:03+00
19,1710.2,2025-12-08 00:58:04+00
19,1708.6,2025-12-08 00:58:05+00
19,1707.6,2025-12-08 00:58:06+00
19,1711.6,2025-12-08 00:58:07+00
19,1710,2025-12-08 00:58:08+00
19,1707.8,2025-12-08 00:58:09+00
19,1708.4,2025-12-08 00:58:10+00
19,1708.8,2025-12-08 00:58:11+00
19,1712.8,2025-12-08 00:58:12+00
19,1719.4,2025-12-08 00:58:13+00
19,1710.7,2025-12-08 00:58:14+00
19,1709.7,2025-12-08 00:58:15+00
19,1712,2025-12-08 00:58:16+00
19,1707.4,2025-12-08 00:58:17+00
19,1710.4,2025-12-08 00:58:18+00
19,1726.4,2025-12-08 00:58:19+00
19,1751.5,2025-12-08 00:58:20+00
19,1719,2025-12-08 00:58:21+00
19,1733.9,2025-12-08 00:58:22+00
19,1720.5,2025-12-08 00:58:23+00
19,1718.7,2025-12-08 00:58:24+00
19,1719.3,2025-12-08 00:58:25+00
19,1714.6,2025-12-08 00:58:26+00
19,1711.8,2025-12-08 00:58:27+00
19,1717.8,2025-12-08 00:58:28+00
19,1721.3,2025-12-08 00:58:29+00
19,1720.5,2025-12-08 00:58:30+00
19,1720.9,2025-12-08 00:58:31+00
19,1720.3,2025-12-08 00:58:32+00
19,1717.7,2025-12-08 00:58:33+00
19,1722.4,2025-12-08 00:58:34+00
19,1724.6,2025-12-08 00:58:35+00
19,1723.3,2025-12-08 00:58:36+00
19,1725.9,2025-12-08 00:58:37+00
19,1726.8,2025-12-08 00:58:38+00
19,1725.2,2025-12-08 00:58:39+00
19,1744.8,2025-12-08 00:58:40+00
19,1728.9,2025-12-08 00:58:41+00
19,1718.2,2025-12-08 00:58:42+00
19,1726.4,2025-12-08 00:58:43+00
19,1722.3,2025-12-08 00:58:44+00
19,1724.1,2025-12-08 00:58:45+00
19,1738,2025-12-08 00:58:46+00
19,1723.3,2025-12-08 00:58:47+00
19,1726.1,2025-12-08 00:58:48+00
19,1724.3,2025-12-08 00:58:49+00
19,1723.6,2025-12-08 00:58:50+00
19,1728.7,2025-12-08 00:58:51+00
19,1725.3,2025-12-08 00:58:52+00
19,1726.3,2025-12-08 00:58:53+00
19,1725.9,2025-12-08 00:58:54+00
19,1729.5,2025-12-08 00:58:55+00
19,1734.5,2025-12-08 00:58:56+00
19,1727.6,2025-12-08 00:58:57+00
19,1739.8,2025-12-08 00:58:58+00
19,1729.6,2025-12-08 00:58:59+00
19,1729.8,2025-12-08 00:59:00+00
19,1737.4,2025-12-08 00:59:01+00
19,1733.1,2025-12-08 00:59:02+00
19,1733.4,2025-12-08 00:59:03+00
19,1736.1,2025-12-08 00:59:04+00
19,1731.8,2025-12-08 00:59:05+00
19,1734.8,2025-12-08 00:59:06+00
19,1746.3,2025-12-08 00:59:07+00
19,1737.3,2025-12-08 00:59:08+00
19,1735.1,2025-12-08 00:59:09+00
19,1738.4,2025-12-08 00:59:10+00
19,1737.1,2025-12-08 00:59:11+00
19,1739.7,2025-12-08 00:59:12+00
19,1746.6,2025-12-08 00:59:13+00
19,1744.7,2025-12-08 00:59:14+00
19,1737.7,2025-12-08 00:59:15+00
19,1740.1,2025-12-08 00:59:16+00
19,1740.4,2025-12-08 00:59:17+00
19,1742.1,2025-12-08 00:59:18+00
19,1744.5,2025-12-08 00:59:19+00
19,1749.4,2025-12-08 00:59:20+00
19,1748.7,2025-12-08 00:59:21+00
19,1749.5,2025-12-08 00:59:22+00
19,1741.2,2025-12-08 00:59:23+00
19,1742.2,2025-12-08 00:59:24+00
19,1744.8,2025-12-08 00:59:25+00
19,1742.6,2025-12-08 00:59:26+00
19,1752,2025-12-08 00:59:27+00
19,1751.3,2025-12-08 00:59:28+00
19,1744.7,2025-12-08 00:59:29+00
19,1743.4,2025-12-08 00:59:30+00
19,1745,2025-12-08 00:59:31+00
19,1745.9,2025-12-08 00:59:32+00
19,1752.7,2025-12-08 00:59:33+00
19,1747.1,2025-12-08 00:59:34+00
19,1762.7,2025-12-08 00:59:35+00
19,1745.7,2025-12-08 00:59:36+00
19,1746.9,2025-12-08 00:59:37+00
19,1747.2,2025-12-08 00:59:38+00
19,1747.1,2025-12-08 00:59:39+00
19,1752.8,2025-12-08 00:59:40+00
19,1753.9,2025-12-08 00:59:41+00
19,1748,2025-12-08 00:59:42+00
19,1756,2025-12-08 00:59:43+00
19,1753.7,2025-12-08 00:59:44+00
19,1752.6,2025-12-08 00:59:45+00
19,1747.1,2025-12-08 00:59:46+00
19,1747.8,2025-12-08 00:59:47+00
19,1750.8,2025-12-08 00:59:48+00
19,1755,2025-12-08 00:59:49+00
19,1753.3,2025-12-08 00:59:50+00
19,1776.3,2025-12-08 00:59:51+00
19,1751.8,2025-12-08 00:59:52+00
19,1750.3,2025-12-08 00:59:53+00
19,1753.7,2025-12-08 00:59:54+00
19,1752.5,2025-12-08 00:59:55+00
19,1751.7,2025-12-08 00:59:56+00
19,1751.4,2025-12-08 00:59:57+00
19,1756,2025-12-08 00:59:58+00
19,1770.6,2025-12-08 00:59:59+00
