sensor_id,aprt_power,sensor_timestamp
12,674.6,2025-12-08 00:00:00+00
12,685.8,2025-12-08 00:00:01+00
12,670.3,2025-12-08 00:00:02+00
12,670.3,2025-12-08 00:00:03+00
12,668.7,2025-12-08 00:00:04+00
12,670.2,2025-12-08 00:00:05+00
12,669.9,2025-12-08 00:00:06+00
12,669.4,2025-12-08 00:00:07+00
12,668.6,2025-12-08 00:00:08+00
12,675.2,2025-12-08 00:00:09+00
12,677.3,2025-12-08 00:00:10+00
12,669.8,2025-12-08 00:00:11+00
12,669.7,2025-12-08 00:00:12+00
12,668.1,2025-12-08 00:00:13+00
12,670.3,2025-12-08 00:00:14+00
12,668.7,2025-12-08 00:00:15+00
12,669.5,2025-12-08 00:00:16+00
12,669.6,2025-12-08 00:00:17+00
12,671.1,2025-12-08 00:00:18+00
12,683.9,2025-12-08 00:00:19+00
12,672.9,2025-12-08 00:00:20+00
12,676.4,2025-12-08 00:00:21+00
12,670,2025-12-08 00:00:22+00
12,670.6,2025-12-08 00:00:23+00
12,670.7,2025-12-08 00:00:24+00
12,665.8,2025-12-08 00:00:25+00
12,668.2,2025-12-08 00:00:26+00
12,688.7,2025-12-08 00:00:27+00
12,670.1,2025-12-08 00:00:28+00
12,669.1,2025-12-08 00:00:29+00
12,666.4,2025-12-08 00:00:30+00
12,665.4,2025-12-08 00:00:31+00
12,670.3,2025-12-08 00:00:32+00
12,802.1,2025-12-08 00:00:33+00
12,772.3,2025-12-08 00:00:34+00
12,778.6,2025-12-08 00:00:35+00
12,771.7,2025-12-08 00:00:36+00
12,679.4,2025-12-08 00:00:37+00
12,767.7,2025-12-08 00:00:38+00
12,825.3,2025-12-08 00:00:39+00
12,783.5,2025-12-08 00:00:40+00
12,785.8,2025-12-08 00:00:41+00
12,784.5,2025-12-08 00:00:42+00
12,774.3,2025-12-08 00:00:43+00
12,772.1,2025-12-08 00:00:44+00
12,769.5,2025-12-08 00:00:45+00
12,774,2025-12-08 00:00:46+00
12,770.6,2025-12-08 00:00:47+00
12,774.2,2025-12-08 00:00:48+00
12,770.9,2025-12-08 00:00:49+00
12,772.5,2025-12-08 00:00:50+00
12,776.1,2025-12-08 00:00:51+00
12,775.3,2025-12-08 00:00:52+00
12,771.4,2025-12-08 00:00:53+00
12,771.5,2025-12-08 00:00:54+00
12,774.2,2025-12-08 00:00:55+00
12,773.3,2025-12-08 00:00:56+00
12,774.4,2025-12-08 00:00:57+00
12,773.7,2025-12-08 00:00:58+00
12,773.8,2025-12-08 00:00:59+00
12,1185.914286,2025-12-08 00:01:00+00
12,1185.914286,2025-12-08 00:01:01+00
12,1185.914286,2025-12-08 00:01:02+00
12,1185.914286,2025-12-08 00:01:03+00
12,776,2025-12-08 00:01:04+00
12,1001.4,2025-12-08 00:01:05+00
12,1156,2025-12-08 00:01:06+00
12,992.9,2025-12-08 00:01:07+00
12,973.6,2025-12-08 00:01:08+00
12,1051.1,2025-12-08 00:01:09+00
12,984.1,2025-12-08 00:01:10+00
12,1033.5,2025-12-08 00:01:11+00
12,1060.7,2025-12-08 00:01:12+00
12,1085.5,2025-12-08 00:01:13+00
12,1113.4,2025-12-08 00:01:14+00
12,1137.7,2025-12-08 00:01:15+00
12,1154.2,2025-12-08 00:01:16+00
12,1175,2025-12-08 00:01:17+00
12,1192.7,2025-12-08 00:01:18+00
12,1206.6,2025-12-08 00:01:19+00
12,1216.7,2025-12-08 00:01:20+00
12,1219.7,2025-12-08 00:01:21+00
12,1215,2025-12-08 00:01:22+00
12,1222,2025-12-08 00:01:23+00
12,1226.8,2025-12-08 00:01:24+00
12,1222.7,2025-12-08 00:01:25+00
12,1220.2,2025-12-08 00:01:26+00
12,1226.2,2025-12-08 00:01:27+00
12,1225.8,2025-12-08 00:01:28+00
12,1228,2025-12-08 00:01:29+00
12,1223.4,2025-12-08 00:01:30+00
12,1220.4,2025-12-08 00:01:31+00
12,1220.5,2025-12-08 00:01:32+00
12,1221.1,2025-12-08 00:01:33+00
12,1223.1,2025-12-08 00:01:34+00
12,1224.2,2025-12-08 00:01:35+00
12,1225.9,2025-12-08 00:01:36+00
12,1218,2025-12-08 00:01:37+00
12,1218.8,2025-12-08 00:01:38+00
12,1223.7,2025-12-08 00:01:39+00
12,1224.9,2025-12-08 00:01:40+00
12,1224.9,2025-12-08 00:01:41+00
12,1230.7,2025-12-08 00:01:42+00
12,1234.2,2025-12-08 00:01:43+00
12,1232.6,2025-12-08 00:01:44+00
12,1241,2025-12-08 00:01:45+00
12,1242.9,2025-12-08 00:01:46+00
12,1241.5,2025-12-08 00:01:47+00
12,1244.9,2025-12-08 00:01:48+00
12,1242.9,2025-12-08 00:01:49+00
12,1244.7,2025-12-08 00:01:50+00
12,1249.2,2025-12-08 00:01:51+00
12,1249.1,2025-12-08 00:01:52+00
12,1246.6,2025-12-08 00:01:53+00
12,1249.6,2025-12-08 00:01:54+00
12,1248.1,2025-12-08 00:01:55+00
12,1248.5,2025-12-08 00:01:56+00
12,1254.1,2025-12-08 00:01:57+00
12,1252.1,2025-12-08 00:01:58+00
12,1272.1,2025-12-08 00:01:59+00
12,1254.1,2025-12-08 00:02:00+00
12,1247.2,2025-12-08 00:02:01+00
12,1245.8,2025-12-08 00:02:02+00
12,1246.8,2025-12-08 00:02:03+00
12,1246.3,2025-12-08 00:02:04+00
12,1245.7,2025-12-08 00:02:05+00
12,1247.9,2025-12-08 00:02:06+00
12,1251.5,2025-12-08 00:02:07+00
12,1243.7,2025-12-08 00:02:08+00
12,1242.4,2025-12-08 00:02:09+00
12,1245.3,2025-12-08 00:02:10+00
12,1241.6,2025-12-08 00:02:11+00
12,1246.5,2025-12-08 00:02:12+00
12,1242.8,2025-12-08 00:02:13+00
12,1243.8,2025-12-08 00:02:14+00
12,1263.2,2025-12-08 00:02:15+00
12,1242.6,2025-12-08 00:02:16+00
12,1246.8,2025-12-08 00:02:17+00
12,1247.5,2025-12-08 00:02:18+00
12,1252.3,2025-12-08 00:02:19+00
12,1252.5,2025-12-08 00:02:20+00
12,1255.7,2025-12-08 00:02:21+00
12,1249.7,2025-12-08 00:02:22+00
12,1249.9,2025-12-08 00:02:23+00
12,1253.8,2025-12-08 00:02:24+00
12,1246.3,2025-12-08 00:02:25+00
12,1246.4,2025-12-08 00:02:26+00
12,1251.4,2025-12-08 00:02:27+00
12,1250.2,2025-12-08 00:02:28+00
12,1251.9,2025-12-08 00:02:29+00
12,1249.4,2025-12-08 00:02:30+00
12,1243.6,2025-12-08 00:02:31+00
12,1244.6,2025-12-08 00:02:32+00
12,1249,2025-12-08 00:02:33+00
12,1245.5,2025-12-08 00:02:34+00
12,1246.8,2025-12-08 00:02:35+00
12,1245.9,2025-12-08 00:02:36+00
12,1244.2,2025-12-08 00:02:37+00
12,1246.1,2025-12-08 00:02:38+00
12,1248.3,2025-12-08 00:02:39+00
12,1247.9,2025-12-08 00:02:40+00
12,1252.5,2025-12-08 00:02:41+00
12,1244.7,2025-12-08 00:02:42+00
12,1241.1,2025-12-08 00:02:43+00
12,1246,2025-12-08 00:02:44+00
12,1244.3,2025-12-08 00:02:45+00
12,1247.8,2025-12-08 00:02:46+00
12,1249.3,2025-12-08 00:02:47+00
12,1244.5,2025-12-08 00:02:48+00
12,1243.6,2025-12-08 00:02:49+00
12,1244.2,2025-12-08 00:02:50+00
12,1247.9,2025-12-08 00:02:51+00
12,1244.6,2025-12-08 00:02:52+00
12,1244.1,2025-12-08 00:02:53+00
12,1240.1,2025-12-08 00:02:54+00
12,1244,2025-12-08 00:02:55+00
12,1244,2025-12-08 00:02:56+00
12,1248.6,2025-12-08 00:02:57+00
12,1244.1,2025-12-08 00:02:58+00
12,1252.4,2025-12-08 00:02:59+00
12,1246.2,2025-12-08 00:03:00+00
12,1248.9,2025-12-08 00:03:01+00
12,1246.9,2025-12-08 00:03:02+00
12,1244.8,2025-12-08 00:03:03+00
12,1260.8,2025-12-08 00:03:04+00
12,1245.1,2025-12-08 00:03:05+00
12,1266.2,2025-12-08 00:03:06+00
12,1241.4,2025-12-08 00:03:07+00
12,1239.3,2025-12-08 00:03:08+00
12,1250.5,2025-12-08 00:03:09+00
12,1247.3,2025-12-08 00:03:10+00
12,1243.3,2025-12-08 00:03:11+00
12,1246.6,2025-12-08 00:03:12+00
12,1242.8,2025-12-08 00:03:13+00
12,1244.1,2025-12-08 00:03:14+00
12,1254.5,2025-12-08 00:03:15+00
12,1240.1,2025-12-08 00:03:16+00
12,1242.3,2025-12-08 00:03:17+00
12,1246.7,2025-12-08 00:03:18+00
12,1248.7,2025-12-08 00:03:19+00
12,1246.5,2025-12-08 00:03:20+00
12,1250.9,2025-12-08 00:03:21+00
12,1249.3,2025-12-08 00:03:22+00
12,1255.4,2025-12-08 00:03:23+00
12,1258.8,2025-12-08 00:03:24+00
12,1238.9,2025-12-08 00:03:25+00
12,1245.2,2025-12-08 00:03:26+00
12,1282.2,2025-12-08 00:03:27+00
12,1375.8,2025-12-08 00:03:28+00
12,1352.4,2025-12-08 00:03:29+00
12,1352.1,2025-12-08 00:03:30+00
12,1352.2,2025-12-08 00:03:31+00
12,1352.5,2025-12-08 00:03:32+00
12,1355.9,2025-12-08 00:03:33+00
12,1360.2,2025-12-08 00:03:34+00
12,1365.8,2025-12-08 00:03:35+00
12,1341.7,2025-12-08 00:03:36+00
12,1354.2,2025-12-08 00:03:37+00
12,1353.3,2025-12-08 00:03:38+00
12,1355.6,2025-12-08 00:03:39+00
12,1356.1,2025-12-08 00:03:40+00
12,1349.5,2025-12-08 00:03:41+00
12,1357.2,2025-12-08 00:03:42+00
12,1348.4,2025-12-08 00:03:43+00
12,1354.1,2025-12-08 00:03:44+00
12,1351.6,2025-12-08 00:03:45+00
12,1351,2025-12-08 00:03:46+00
12,1350.1,2025-12-08 00:03:47+00
12,1351.3,2025-12-08 00:03:48+00
12,1349.8,2025-12-08 00:03:49+00
12,1349.6,2025-12-08 00:03:50+00
12,1352.9,2025-12-08 00:03:51+00
12,1357.4,2025-12-08 00:03:52+00
12,1361.4,2025-12-08 00:03:53+00
12,1358.3,2025-12-08 00:03:54+00
12,1351.1,2025-12-08 00:03:55+00
12,1380.4,2025-12-08 00:03:56+00
12,1422.6,2025-12-08 00:03:57+00
12,1413.7,2025-12-08 00:03:58+00
12,1412,2025-12-08 00:03:59+00
12,1422.4,2025-12-08 00:04:00+00
12,1422.4,2025-12-08 00:04:01+00
12,1412.7,2025-12-08 00:04:02+00
12,1414.2,2025-12-08 00:04:03+00
12,1416.2,2025-12-08 00:04:04+00
12,1418.6,2025-12-08 00:04:05+00
12,1426,2025-12-08 00:04:06+00
12,1415.2,2025-12-08 00:04:07+00
12,1421.8,2025-12-08 00:04:08+00
12,1419.9,2025-12-08 00:04:09+00
12,1418.8,2025-12-08 00:04:10+00
12,1416.1,2025-12-08 00:04:11+00
12,1422.9,2025-12-08 00:04:12+00
12,1409.4,2025-12-08 00:04:13+00
12,1407.2,2025-12-08 00:04:14+00
12,1417.3,2025-12-08 00:04:15+00
12,1423,2025-12-08 00:04:16+00
12,1414.5,2025-12-08 00:04:17+00
12,1413.1,2025-12-08 00:04:18+00
12,1419.6,2025-12-08 00:04:19+00
12,1421.1,2025-12-08 00:04:20+00
12,1420.6,2025-12-08 00:04:21+00
12,1423.8,2025-12-08 00:04:22+00
12,1408.7,2025-12-08 00:04:23+00
12,1411.8,2025-12-08 00:04:24+00
12,1421.8,2025-12-08 00:04:25+00
12,1415.7,2025-12-08 00:04:26+00
12,1420.4,2025-12-08 00:04:27+00
12,1421.4,2025-12-08 00:04:28+00
12,1430.5,2025-12-08 00:04:29+00
12,1414.8,2025-12-08 00:04:30+00
12,1410.1,2025-12-08 00:04:31+00
12,1425,2025-12-08 00:04:32+00
12,1411.3,2025-12-08 00:04:33+00
12,1411.4,2025-12-08 00:04:34+00
12,1405.8,2025-12-08 00:04:35+00
12,1428.1,2025-12-08 00:04:36+00
12,1494.4,2025-12-08 00:04:37+00
12,1492.6,2025-12-08 00:04:38+00
12,1492.7,2025-12-08 00:04:39+00
12,1494.5,2025-12-08 00:04:40+00
12,1500.4,2025-12-08 00:04:41+00
12,1497.1,2025-12-08 00:04:42+00
12,1496.4,2025-12-08 00:04:43+00
12,1498.2,2025-12-08 00:04:44+00
12,1500.5,2025-12-08 00:04:45+00
12,1500,2025-12-08 00:04:46+00
12,1498.2,2025-12-08 00:04:47+00
12,1500.8,2025-12-08 00:04:48+00
12,1497.6,2025-12-08 00:04:49+00
12,1504.2,2025-12-08 00:04:50+00
12,1504.3,2025-12-08 00:04:51+00
12,1503,2025-12-08 00:04:52+00
12,1495.6,2025-12-08 00:04:53+00
12,1491.6,2025-12-08 00:04:54+00
12,1490.9,2025-12-08 00:04:55+00
12,1491.2,2025-12-08 00:04:56+00
12,1498.6,2025-12-08 00:04:57+00
12,1495.8,2025-12-08 00:04:58+00
12,1493,2025-12-08 00:04:59+00
12,1494.6,2025-12-08 00:05:00+00
12,1498.3,2025-12-08 00:05:01+00
12,1493.2,2025-12-08 00:05:02+00
12,1495.7,2025-12-08 00:05:03+00
12,1496,2025-12-08 00:05:04+00
12,1494.3,2025-12-08 00:05:05+00
12,1500.3,2025-12-08 00:05:06+00
12,1508,2025-12-08 00:05:07+00
12,1492.4,2025-12-08 00:05:08+00
12,1501.6,2025-12-08 00:05:09+00
12,1512.7,2025-12-08 00:05:10+00
12,1493,2025-12-08 00:05:11+00
12,1493.7,2025-12-08 00:05:12+00
12,1493.7,2025-12-08 00:05:13+00
12,1494.6,2025-12-08 00:05:14+00
12,1499.2,2025-12-08 00:05:15+00
12,1501.9,2025-12-08 00:05:16+00
12,1501.4,2025-12-08 00:05:17+00
12,1496.5,2025-12-08 00:05:18+00
12,1503.6,2025-12-08 00:05:19+00
12,1503.6,2025-12-08 00:05:20+00
12,1504.4,2025-12-08 00:05:21+00
12,1501.4,2025-12-08 00:05:22+00
12,1497.6,2025-12-08 00:05:23+00
12,1498.5,2025-12-08 00:05:24+00
12,1496.9,2025-12-08 00:05:25+00
12,1561.5,2025-12-08 00:05:26+00
12,1616.7,2025-12-08 00:05:27+00
12,1636.5,2025-12-08 00:05:28+00
12,1625.5,2025-12-08 00:05:29+00
12,1633.5,2025-12-08 00:05:30+00
12,1653.8,2025-12-08 00:05:31+00
12,1636.6,2025-12-08 00:05:32+00
12,1650.6,2025-12-08 00:05:33+00
12,1630.6,2025-12-08 00:05:34+00
12,1633.7,2025-12-08 00:05:35+00
12,1634.3,2025-12-08 00:05:36+00
12,1634.2,2025-12-08 00:05:37+00
12,1629.4,2025-12-08 00:05:38+00
12,1632.6,2025-12-08 00:05:39+00
12,1635.4,2025-12-08 00:05:40+00
12,1633.5,2025-12-08 00:05:41+00
12,1633.1,2025-12-08 00:05:42+00
12,1635.9,2025-12-08 00:05:43+00
12,1631,2025-12-08 00:05:44+00
12,1633.1,2025-12-08 00:05:45+00
12,1639.1,2025-12-08 00:05:46+00
12,1628,2025-12-08 00:05:47+00
12,1634.9,2025-12-08 00:05:48+00
12,1634.2,2025-12-08 00:05:49+00
12,1636,2025-12-08 00:05:50+00
12,1633.9,2025-12-08 00:05:51+00
12,1633.9,2025-12-08 00:05:52+00
12,1631,2025-12-08 00:05:53+00
12,1636.9,2025-12-08 00:05:54+00
12,1631.5,2025-12-08 00:05:55+00
12,1631.9,2025-12-08 00:05:56+00
12,1637.3,2025-12-08 00:05:57+00
12,1634.5,2025-12-08 00:05:58+00
12,1631.2,2025-12-08 00:05:59+00
12,1640.2,2025-12-08 00:06:00+00
12,1637.2,2025-12-08 00:06:01+00
12,1640.4,2025-12-08 00:06:02+00
12,1636.2,2025-12-08 00:06:03+00
12,1632.8,2025-12-08 00:06:04+00
12,1635.2,2025-12-08 00:06:05+00
12,1635.8,2025-12-08 00:06:06+00
12,1637,2025-12-08 00:06:07+00
12,1632.4,2025-12-08 00:06:08+00
12,1642.2,2025-12-08 00:06:09+00
12,1644.9,2025-12-08 00:06:10+00
12,1634,2025-12-08 00:06:11+00
12,1652,2025-12-08 00:06:12+00
12,1637.9,2025-12-08 00:06:13+00
12,1634.6,2025-12-08 00:06:14+00
12,1636.2,2025-12-08 00:06:15+00
12,1631.5,2025-12-08 00:06:16+00
12,1632.6,2025-12-08 00:06:17+00
12,1651.1,2025-12-08 00:06:18+00
12,1642.9,2025-12-08 00:06:19+00
12,1638.4,2025-12-08 00:06:20+00
12,1635.5,2025-12-08 00:06:21+00
12,1637.1,2025-12-08 00:06:22+00
12,1637.5,2025-12-08 00:06:23+00
12,1636.6,2025-12-08 00:06:24+00
12,1635,2025-12-08 00:06:25+00
12,1644.5,2025-12-08 00:06:26+00
12,1634.9,2025-12-08 00:06:27+00
12,1638,2025-12-08 00:06:28+00
12,1632.2,2025-12-08 00:06:29+00
12,1635.4,2025-12-08 00:06:30+00
12,1635.3,2025-12-08 00:06:31+00
12,1645.6,2025-12-08 00:06:32+00
12,1637.7,2025-12-08 00:06:33+00
12,1635.2,2025-12-08 00:06:34+00
12,1633.2,2025-12-08 00:06:35+00
12,1633.5,2025-12-08 00:06:36+00
12,1634.8,2025-12-08 00:06:37+00
12,1635.9,2025-12-08 00:06:38+00
12,1638.8,2025-12-08 00:06:39+00
12,1631.1,2025-12-08 00:06:40+00
12,1635.8,2025-12-08 00:06:41+00
12,1638.3,2025-12-08 00:06:42+00
12,1636.1,2025-12-08 00:06:43+00
12,1639.5,2025-12-08 00:06:44+00
12,1635.4,2025-12-08 00:06:45+00
12,1635,2025-12-08 00:06:46+00
12,1632.3,2025-12-08 00:06:47+00
12,1637.7,2025-12-08 00:06:48+00
12,1638.8,2025-12-08 00:06:49+00
12,1637,2025-12-08 00:06:50+00
12,1638.6,2025-12-08 00:06:51+00
12,1633.6,2025-12-08 00:06:52+00
12,1634.8,2025-12-08 00:06:53+00
12,1632.2,2025-12-08 00:06:54+00
12,1636.4,2025-12-08 00:06:55+00
12,1643.6,2025-12-08 00:06:56+00
12,1646,2025-12-08 00:06:57+00
12,1636,2025-12-08 00:06:58+00
12,1635.3,2025-12-08 00:06:59+00
12,1641.8,2025-12-08 00:07:00+00
12,1639.8,2025-12-08 00:07:01+00
12,1640.6,2025-12-08 00:07:02+00
12,1639.7,2025-12-08 00:07:03+00
12,1635.1,2025-12-08 00:07:04+00
12,1632.1,2025-12-08 00:07:05+00
12,1632.1,2025-12-08 00:07:06+00
12,1636,2025-12-08 00:07:07+00
12,1631.3,2025-12-08 00:07:08+00
12,1640,2025-12-08 00:07:09+00
12,1632.6,2025-12-08 00:07:10+00
12,1637,2025-12-08 00:07:11+00
12,1633,2025-12-08 00:07:12+00
12,1637.1,2025-12-08 00:07:13+00
12,1633.8,2025-12-08 00:07:14+00
12,1638.7,2025-12-08 00:07:15+00
12,1636,2025-12-08 00:07:16+00
12,1636,2025-12-08 00:07:17+00
12,1636.9,2025-12-08 00:07:18+00
12,1643.6,2025-12-08 00:07:19+00
12,1642.3,2025-12-08 00:07:20+00
12,1633.9,2025-12-08 00:07:21+00
12,1632.3,2025-12-08 00:07:22+00
12,1638.7,2025-12-08 00:07:23+00
12,1639.6,2025-12-08 00:07:24+00
12,1635.6,2025-12-08 00:07:25+00
12,1640.2,2025-12-08 00:07:26+00
12,1629.9,2025-12-08 00:07:27+00
12,1635.4,2025-12-08 00:07:28+00
12,1635.3,2025-12-08 00:07:29+00
12,1655.3,2025-12-08 00:07:30+00
12,1635.4,2025-12-08 00:07:31+00
12,1637.4,2025-12-08 00:07:32+00
12,1637.8,2025-12-08 00:07:33+00
12,1634.9,2025-12-08 00:07:34+00
12,1635.1,2025-12-08 00:07:35+00
12,1634.9,2025-12-08 00:07:36+00
12,1638,2025-12-08 00:07:37+00
12,1637.1,2025-12-08 00:07:38+00
12,1637.5,2025-12-08 00:07:39+00
12,1636.6,2025-12-08 00:07:40+00
12,1637.9,2025-12-08 00:07:41+00
12,1643.3,2025-12-08 00:07:42+00
12,1631.1,2025-12-08 00:07:43+00
12,1627.5,2025-12-08 00:07:44+00
12,1634.3,2025-12-08 00:07:45+00
12,1635.9,2025-12-08 00:07:46+00
12,1639.1,2025-12-08 00:07:47+00
12,1634.1,2025-12-08 00:07:48+00
12,1634.9,2025-12-08 00:07:49+00
12,1634.1,2025-12-08 00:07:50+00
12,1637.5,2025-12-08 00:07:51+00
12,1632.8,2025-12-08 00:07:52+00
12,1633.8,2025-12-08 00:07:53+00
12,1633.5,2025-12-08 00:07:54+00
12,1638.4,2025-12-08 00:07:55+00
12,1642,2025-12-08 00:07:56+00
12,1641,2025-12-08 00:07:57+00
12,1640.2,2025-12-08 00:07:58+00
12,1638.3,2025-12-08 00:07:59+00
12,1641.1,2025-12-08 00:08:00+00
12,1642,2025-12-08 00:08:01+00
12,1639.3,2025-12-08 00:08:02+00
12,1635.9,2025-12-08 00:08:03+00
12,1645,2025-12-08 00:08:04+00
12,1636.1,2025-12-08 00:08:05+00
12,1638,2025-12-08 00:08:06+00
12,1636.4,2025-12-08 00:08:07+00
12,1637.5,2025-12-08 00:08:08+00
12,1637.5,2025-12-08 00:08:09+00
12,1639.2,2025-12-08 00:08:10+00
12,1638.6,2025-12-08 00:08:11+00
12,1639.1,2025-12-08 00:08:12+00
12,1639.1,2025-12-08 00:08:13+00
12,1641.4,2025-12-08 00:08:14+00
12,1634.1,2025-12-08 00:08:15+00
12,1635.5,2025-12-08 00:08:16+00
12,1637.7,2025-12-08 00:08:17+00
12,1637.6,2025-12-08 00:08:18+00
12,1641,2025-12-08 00:08:19+00
12,1645.3,2025-12-08 00:08:20+00
12,1636.8,2025-12-08 00:08:21+00
12,1637.6,2025-12-08 00:08:22+00
12,1635.8,2025-12-08 00:08:23+00
12,1648.3,2025-12-08 00:08:24+00
12,1638.6,2025-12-08 00:08:25+00
12,1646.3,2025-12-08 00:08:26+00
12,1638.6,2025-12-08 00:08:27+00
12,1641.7,2025-12-08 00:08:28+00
12,1635.9,2025-12-08 00:08:29+00
12,1641.1,2025-12-08 00:08:30+00
12,1637.3,2025-12-08 00:08:31+00
12,1638.4,2025-12-08 00:08:32+00
12,1643.4,2025-12-08 00:08:33+00
12,1655.5,2025-12-08 00:08:34+00
12,1640.1,2025-12-08 00:08:35+00
12,1641.4,2025-12-08 00:08:36+00
12,1640,2025-12-08 00:08:37+00
12,1640.5,2025-12-08 00:08:38+00
12,1642.6,2025-12-08 00:08:39+00
12,1642.8,2025-12-08 00:08:40+00
12,1638.8,2025-12-08 00:08:41+00
12,1653.7,2025-12-08 00:08:42+00
12,1639.3,2025-12-08 00:08:43+00
12,1639.6,2025-12-08 00:08:44+00
12,1644.4,2025-12-08 00:08:45+00
12,1642,2025-12-08 00:08:46+00
12,1638.1,2025-12-08 00:08:47+00
12,1639.6,2025-12-08 00:08:48+00
12,1638.7,2025-12-08 00:08:49+00
12,1656.2,2025-12-08 00:08:50+00
12,1650.9,2025-12-08 00:08:51+00
12,1639.2,2025-12-08 00:08:52+00
12,1639.9,2025-12-08 00:08:53+00
12,1639,2025-12-08 00:08:54+00
12,1640.3,2025-12-08 00:08:55+00
12,1642.1,2025-12-08 00:08:56+00
12,1642.8,2025-12-08 00:08:57+00
12,1642.4,2025-12-08 00:08:58+00
12,1645.1,2025-12-08 00:08:59+00
12,1642,2025-12-08 00:09:00+00
12,1644.8,2025-12-08 00:09:01+00
12,1642.8,2025-12-08 00:09:02+00
12,1645.5,2025-12-08 00:09:03+00
12,1645.8,2025-12-08 00:09:04+00
12,1642.7,2025-12-08 00:09:05+00
12,1644.1,2025-12-08 00:09:06+00
12,1640.4,2025-12-08 00:09:07+00
12,1643.6,2025-12-08 00:09:08+00
12,1644.6,2025-12-08 00:09:09+00
12,1643.8,2025-12-08 00:09:10+00
12,1640.3,2025-12-08 00:09:11+00
12,1644.2,2025-12-08 00:09:12+00
12,1642.8,2025-12-08 00:09:13+00
12,1643.1,2025-12-08 00:09:14+00
12,1647.6,2025-12-08 00:09:15+00
12,1647.6,2025-12-08 00:09:16+00
12,1652.4,2025-12-08 00:09:17+00
12,1647.4,2025-12-08 00:09:18+00
12,1649.1,2025-12-08 00:09:19+00
12,1649.4,2025-12-08 00:09:20+00
12,1653,2025-12-08 00:09:21+00
12,1641,2025-12-08 00:09:22+00
12,1654.3,2025-12-08 00:09:23+00
12,1647.2,2025-12-08 00:09:24+00
12,1646.7,2025-12-08 00:09:25+00
12,1647.4,2025-12-08 00:09:26+00
12,1648,2025-12-08 00:09:27+00
12,1649.5,2025-12-08 00:09:28+00
12,1648.5,2025-12-08 00:09:29+00
12,1648.1,2025-12-08 00:09:30+00
12,1666,2025-12-08 00:09:31+00
12,1646.8,2025-12-08 00:09:32+00
12,1649.1,2025-12-08 00:09:33+00
12,1644.5,2025-12-08 00:09:34+00
12,1647.9,2025-12-08 00:09:35+00
12,1652.3,2025-12-08 00:09:36+00
12,1651.4,2025-12-08 00:09:37+00
12,1651.4,2025-12-08 00:09:38+00
12,1648.4,2025-12-08 00:09:39+00
12,1649.6,2025-12-08 00:09:40+00
12,1649,2025-12-08 00:09:41+00
12,1656.9,2025-12-08 00:09:42+00
12,1647.1,2025-12-08 00:09:43+00
12,1647.7,2025-12-08 00:09:44+00
12,1643.9,2025-12-08 00:09:45+00
12,1649.2,2025-12-08 00:09:46+00
12,1647.6,2025-12-08 00:09:47+00
12,1650.3,2025-12-08 00:09:48+00
12,1643.3,2025-12-08 00:09:49+00
12,1646.2,2025-12-08 00:09:50+00
12,1664.8,2025-12-08 00:09:51+00
12,1649,2025-12-08 00:09:52+00
12,1646.6,2025-12-08 00:09:53+00
12,1647.1,2025-12-08 00:09:54+00
12,1644.2,2025-12-08 00:09:55+00
12,1648.9,2025-12-08 00:09:56+00
12,1659.4,2025-12-08 00:09:57+00
12,1649.8,2025-12-08 00:09:58+00
12,1650.1,2025-12-08 00:09:59+00
12,1654,2025-12-08 00:10:00+00
12,1649,2025-12-08 00:10:01+00
12,1654.1,2025-12-08 00:10:02+00
12,1656.5,2025-12-08 00:10:03+00
12,1653.3,2025-12-08 00:10:04+00
12,1653.2,2025-12-08 00:10:05+00
12,1652.9,2025-12-08 00:10:06+00
12,1649.5,2025-12-08 00:10:07+00
12,1476,2025-12-08 00:10:08+00
12,1482.2,2025-12-08 00:10:09+00
12,1487.8,2025-12-08 00:10:10+00
12,1492.5,2025-12-08 00:10:11+00
12,1445.8,2025-12-08 00:10:12+00
12,628.1,2025-12-08 00:10:13+00
12,656.6,2025-12-08 00:10:14+00
12,662,2025-12-08 00:10:15+00
12,663,2025-12-08 00:10:16+00
12,695.3,2025-12-08 00:10:17+00
12,663.2,2025-12-08 00:10:18+00
12,673.7,2025-12-08 00:10:19+00
12,667.2,2025-12-08 00:10:20+00
12,664.8,2025-12-08 00:10:21+00
12,661.4,2025-12-08 00:10:22+00
12,661.7,2025-12-08 00:10:23+00
12,661.1,2025-12-08 00:10:24+00
12,659,2025-12-08 00:10:25+00
12,664.7,2025-12-08 00:10:26+00
12,661.8,2025-12-08 00:10:27+00
12,662.2,2025-12-08 00:10:28+00
12,661,2025-12-08 00:10:29+00
12,661.4,2025-12-08 00:10:30+00
12,667.2,2025-12-08 00:10:31+00
12,661.4,2025-12-08 00:10:32+00
12,665,2025-12-08 00:10:33+00
12,661.6,2025-12-08 00:10:34+00
12,663.5,2025-12-08 00:10:35+00
12,663.4,2025-12-08 00:10:36+00
12,664.3,2025-12-08 00:10:37+00
12,663.1,2025-12-08 00:10:38+00
12,664,2025-12-08 00:10:39+00
12,664.9,2025-12-08 00:10:40+00
12,662.9,2025-12-08 00:10:41+00
12,666.7,2025-12-08 00:10:42+00
12,656.2,2025-12-08 00:10:43+00
12,622.7,2025-12-08 00:10:44+00
12,516.2,2025-12-08 00:10:45+00
12,514.8,2025-12-08 00:10:46+00
12,515.2,2025-12-08 00:10:47+00
12,522.1,2025-12-08 00:10:48+00
12,512.5,2025-12-08 00:10:49+00
12,513.8,2025-12-08 00:10:50+00
12,517.9,2025-12-08 00:10:51+00
12,517.4,2025-12-08 00:10:52+00
12,514.4,2025-12-08 00:10:53+00
12,514.6,2025-12-08 00:10:54+00
12,516.2,2025-12-08 00:10:55+00
12,521.4,2025-12-08 00:10:56+00
12,580.7,2025-12-08 00:10:57+00
12,531.3,2025-12-08 00:10:58+00
12,531.6,2025-12-08 00:10:59+00
12,530.8,2025-12-08 00:11:00+00
12,545.6,2025-12-08 00:11:01+00
12,533.3,2025-12-08 00:11:02+00
12,533,2025-12-08 00:11:03+00
12,532.3,2025-12-08 00:11:04+00
12,530.6,2025-12-08 00:11:05+00
12,533.9,2025-12-08 00:11:06+00
12,545,2025-12-08 00:11:07+00
12,536.6,2025-12-08 00:11:08+00
12,535.9,2025-12-08 00:11:09+00
12,535.9,2025-12-08 00:11:10+00
12,536,2025-12-08 00:11:11+00
12,535.8,2025-12-08 00:11:12+00
12,536.9,2025-12-08 00:11:13+00
12,612.6,2025-12-08 00:11:14+00
12,655.2,2025-12-08 00:11:15+00
12,661.7,2025-12-08 00:11:16+00
12,661.1,2025-12-08 00:11:17+00
12,662.9,2025-12-08 00:11:18+00
12,666.1,2025-12-08 00:11:19+00
12,665,2025-12-08 00:11:20+00
12,666.3,2025-12-08 00:11:21+00
12,658.7,2025-12-08 00:11:22+00
12,659.3,2025-12-08 00:11:23+00
12,662.5,2025-12-08 00:11:24+00
12,660.2,2025-12-08 00:11:25+00
12,657.6,2025-12-08 00:11:26+00
12,662.6,2025-12-08 00:11:27+00
12,664.7,2025-12-08 00:11:28+00
12,661.2,2025-12-08 00:11:29+00
12,660.2,2025-12-08 00:11:30+00
12,659.6,2025-12-08 00:11:31+00
12,661.9,2025-12-08 00:11:32+00
12,664.6,2025-12-08 00:11:33+00
12,662.8,2025-12-08 00:11:34+00
12,672.5,2025-12-08 00:11:35+00
12,669.7,2025-12-08 00:11:36+00
12,678.8,2025-12-08 00:11:37+00
12,672.8,2025-12-08 00:11:38+00
12,671.7,2025-12-08 00:11:39+00
12,672.2,2025-12-08 00:11:40+00
12,665.8,2025-12-08 00:11:41+00
12,666.2,2025-12-08 00:11:42+00
12,667.2,2025-12-08 00:11:43+00
12,667,2025-12-08 00:11:44+00
12,671.6,2025-12-08 00:11:45+00
12,666,2025-12-08 00:11:46+00
12,663.8,2025-12-08 00:11:47+00
12,662.3,2025-12-08 00:11:48+00
12,662.9,2025-12-08 00:11:49+00
12,662.7,2025-12-08 00:11:50+00
12,665.8,2025-12-08 00:11:51+00
12,663,2025-12-08 00:11:52+00
12,662.2,2025-12-08 00:11:53+00
12,662.1,2025-12-08 00:11:54+00
12,672.4,2025-12-08 00:11:55+00
12,666.7,2025-12-08 00:11:56+00
12,664.8,2025-12-08 00:11:57+00
12,663,2025-12-08 00:11:58+00
12,663.2,2025-12-08 00:11:59+00
12,666.5,2025-12-08 00:12:00+00
12,677.6,2025-12-08 00:12:01+00
12,663.3,2025-12-08 00:12:02+00
12,665.4,2025-12-08 00:12:03+00
12,663.7,2025-12-08 00:12:04+00
12,663.4,2025-12-08 00:12:05+00
12,665.5,2025-12-08 00:12:06+00
12,664.2,2025-12-08 00:12:07+00
12,662.3,2025-12-08 00:12:08+00
12,662.1,2025-12-08 00:12:09+00
12,662.7,2025-12-08 00:12:10+00
12,660.2,2025-12-08 00:12:11+00
12,664.8,2025-12-08 00:12:12+00
12,663.5,2025-12-08 00:12:13+00
12,662.4,2025-12-08 00:12:14+00
12,662.7,2025-12-08 00:12:15+00
12,666.7,2025-12-08 00:12:16+00
12,664,2025-12-08 00:12:17+00
12,663.2,2025-12-08 00:12:18+00
12,668.6,2025-12-08 00:12:19+00
12,668.2,2025-12-08 00:12:20+00
12,662.8,2025-12-08 00:12:21+00
12,665.6,2025-12-08 00:12:22+00
12,662.3,2025-12-08 00:12:23+00
12,662.4,2025-12-08 00:12:24+00
12,661.2,2025-12-08 00:12:25+00
12,660.4,2025-12-08 00:12:26+00
12,661.9,2025-12-08 00:12:27+00
12,665.6,2025-12-08 00:12:28+00
12,666.3,2025-12-08 00:12:29+00
12,662.1,2025-12-08 00:12:30+00
12,662,2025-12-08 00:12:31+00
12,659.7,2025-12-08 00:12:32+00
12,664.7,2025-12-08 00:12:33+00
12,663.7,2025-12-08 00:12:34+00
12,662.4,2025-12-08 00:12:35+00
12,670.2,2025-12-08 00:12:36+00
12,660.8,2025-12-08 00:12:37+00
12,662,2025-12-08 00:12:38+00
12,659.5,2025-12-08 00:12:39+00
12,659.7,2025-12-08 00:12:40+00
12,659.7,2025-12-08 00:12:41+00
12,662.7,2025-12-08 00:12:42+00
12,665.4,2025-12-08 00:12:43+00
12,688,2025-12-08 00:12:44+00
12,669.8,2025-12-08 00:12:45+00
12,675.2,2025-12-08 00:12:46+00
12,667.9,2025-12-08 00:12:47+00
12,668.7,2025-12-08 00:12:48+00
12,668.7,2025-12-08 00:12:49+00
12,668.6,2025-12-08 00:12:50+00
12,670.6,2025-12-08 00:12:51+00
12,671,2025-12-08 00:12:52+00
12,668.1,2025-12-08 00:12:53+00
12,672.2,2025-12-08 00:12:54+00
12,666.7,2025-12-08 00:12:55+00
12,668.4,2025-12-08 00:12:56+00
12,669.6,2025-12-08 00:12:57+00
12,664.8,2025-12-08 00:12:58+00
12,658.8,2025-12-08 00:12:59+00
12,663.6,2025-12-08 00:13:00+00
12,659.9,2025-12-08 00:13:01+00
12,663.1,2025-12-08 00:13:02+00
12,664.1,2025-12-08 00:13:03+00
12,661.7,2025-12-08 00:13:04+00
12,664.1,2025-12-08 00:13:05+00
12,670.1,2025-12-08 00:13:06+00
12,663.8,2025-12-08 00:13:07+00
12,670.9,2025-12-08 00:13:08+00
12,661.3,2025-12-08 00:13:09+00
12,660.1,2025-12-08 00:13:10+00
12,659.5,2025-12-08 00:13:11+00
12,663.2,2025-12-08 00:13:12+00
12,662,2025-12-08 00:13:13+00
12,664,2025-12-08 00:13:14+00
12,662.3,2025-12-08 00:13:15+00
12,659.8,2025-12-08 00:13:16+00
12,662.5,2025-12-08 00:13:17+00
12,663.8,2025-12-08 00:13:18+00
12,664.4,2025-12-08 00:13:19+00
12,665.8,2025-12-08 00:13:20+00
12,662.4,2025-12-08 00:13:21+00
12,660.1,2025-12-08 00:13:22+00
12,661.8,2025-12-08 00:13:23+00
12,666.3,2025-12-08 00:13:24+00
12,658.3,2025-12-08 00:13:25+00
12,661.5,2025-12-08 00:13:26+00
12,659.8,2025-12-08 00:13:27+00
12,658.7,2025-12-08 00:13:28+00
12,659.8,2025-12-08 00:13:29+00
12,659.1,2025-12-08 00:13:30+00
12,628.7,2025-12-08 00:13:31+00
12,631.2,2025-12-08 00:13:32+00
12,631.4,2025-12-08 00:13:33+00
12,631.9,2025-12-08 00:13:34+00
12,627.9,2025-12-08 00:13:35+00
12,629.3,2025-12-08 00:13:36+00
12,629.3,2025-12-08 00:13:37+00
12,630,2025-12-08 00:13:38+00
12,632.5,2025-12-08 00:13:39+00
12,628.5,2025-12-08 00:13:40+00
12,628.9,2025-12-08 00:13:41+00
12,631.9,2025-12-08 00:13:42+00
12,631,2025-12-08 00:13:43+00
12,633,2025-12-08 00:13:44+00
12,632,2025-12-08 00:13:45+00
12,626.6,2025-12-08 00:13:46+00
12,630.4,2025-12-08 00:13:47+00
12,630.8,2025-12-08 00:13:48+00
12,629.3,2025-12-08 00:13:49+00
12,634,2025-12-08 00:13:50+00
12,628.3,2025-12-08 00:13:51+00
12,630.4,2025-12-08 00:13:52+00
12,629.8,2025-12-08 00:13:53+00
12,633.2,2025-12-08 00:13:54+00
12,630.4,2025-12-08 00:13:55+00
12,629.4,2025-12-08 00:13:56+00
12,628.5,2025-12-08 00:13:57+00
12,630.7,2025-12-08 00:13:58+00
12,633.7,2025-12-08 00:13:59+00
12,641.2,2025-12-08 00:14:00+00
12,635.5,2025-12-08 00:14:01+00
12,634.9,2025-12-08 00:14:02+00
12,634.3,2025-12-08 00:14:03+00
12,630.3,2025-12-08 00:14:04+00
12,648,2025-12-08 00:14:05+00
12,630.7,2025-12-08 00:14:06+00
12,632.3,2025-12-08 00:14:07+00
12,633,2025-12-08 00:14:08+00
12,633.9,2025-12-08 00:14:09+00
12,628.8,2025-12-08 00:14:10+00
12,627.6,2025-12-08 00:14:11+00
12,630.2,2025-12-08 00:14:12+00
12,628.4,2025-12-08 00:14:13+00
12,629.1,2025-12-08 00:14:14+00
12,626.8,2025-12-08 00:14:15+00
12,625.8,2025-12-08 00:14:16+00
12,629.9,2025-12-08 00:14:17+00
12,629.1,2025-12-08 00:14:18+00
12,635.6,2025-12-08 00:14:19+00
12,629.3,2025-12-08 00:14:20+00
12,626.1,2025-12-08 00:14:21+00
12,626.7,2025-12-08 00:14:22+00
12,626.7,2025-12-08 00:14:23+00
12,629.8,2025-12-08 00:14:24+00
12,627.7,2025-12-08 00:14:25+00
12,628.7,2025-12-08 00:14:26+00
12,628.1,2025-12-08 00:14:27+00
12,627.6,2025-12-08 00:14:28+00
12,627.4,2025-12-08 00:14:29+00
12,629.9,2025-12-08 00:14:30+00
12,627.3,2025-12-08 00:14:31+00
12,627.6,2025-12-08 00:14:32+00
12,626.8,2025-12-08 00:14:33+00
12,625.3,2025-12-08 00:14:34+00
12,628.3,2025-12-08 00:14:35+00
12,622.4,2025-12-08 00:14:36+00
12,632.1,2025-12-08 00:14:37+00
12,629.3,2025-12-08 00:14:38+00
12,630.4,2025-12-08 00:14:39+00
12,629.4,2025-12-08 00:14:40+00
12,627.2,2025-12-08 00:14:41+00
12,629.8,2025-12-08 00:14:42+00
12,628.1,2025-12-08 00:14:43+00
12,629.7,2025-12-08 00:14:44+00
12,628.1,2025-12-08 00:14:45+00
12,625.4,2025-12-08 00:14:46+00
12,627.4,2025-12-08 00:14:47+00
12,626.7,2025-12-08 00:14:48+00
12,626.3,2025-12-08 00:14:49+00
12,628.5,2025-12-08 00:14:50+00
12,632.3,2025-12-08 00:14:51+00
12,625.1,2025-12-08 00:14:52+00
12,628.6,2025-12-08 00:14:53+00
12,628,2025-12-08 00:14:54+00
12,624.9,2025-12-08 00:14:55+00
12,628.7,2025-12-08 00:14:56+00
12,628.2,2025-12-08 00:14:57+00
12,625.8,2025-12-08 00:14:58+00
12,628,2025-12-08 00:14:59+00
12,629,2025-12-08 00:15:00+00
12,631.4,2025-12-08 00:15:01+00
12,629.8,2025-12-08 00:15:02+00
12,628.6,2025-12-08 00:15:03+00
12,627,2025-12-08 00:15:04+00
12,629.8,2025-12-08 00:15:05+00
12,630.2,2025-12-08 00:15:06+00
12,760.1,2025-12-08 00:15:07+00
12,730.4,2025-12-08 00:15:08+00
12,728.1,2025-12-08 00:15:09+00
12,727.3,2025-12-08 00:15:10+00
12,634.7,2025-12-08 00:15:11+00
12,729.7,2025-12-08 00:15:12+00
12,725.5,2025-12-08 00:15:13+00
12,781.2,2025-12-08 00:15:14+00
12,744.2,2025-12-08 00:15:15+00
12,737.5,2025-12-08 00:15:16+00
12,738.7,2025-12-08 00:15:17+00
12,730.4,2025-12-08 00:15:18+00
12,733,2025-12-08 00:15:19+00
12,733.4,2025-12-08 00:15:20+00
12,736.6,2025-12-08 00:15:21+00
12,734.7,2025-12-08 00:15:22+00
12,733.5,2025-12-08 00:15:23+00
12,735.1,2025-12-08 00:15:24+00
12,731.9,2025-12-08 00:15:25+00
12,733.9,2025-12-08 00:15:26+00
12,737.2,2025-12-08 00:15:27+00
12,734.7,2025-12-08 00:15:28+00
12,735.5,2025-12-08 00:15:29+00
12,733.1,2025-12-08 00:15:30+00
12,731.9,2025-12-08 00:15:31+00
12,736.4,2025-12-08 00:15:32+00
12,737.3,2025-12-08 00:15:33+00
12,736.3,2025-12-08 00:15:34+00
12,735,2025-12-08 00:15:35+00
12,732.6,2025-12-08 00:15:36+00
12,743,2025-12-08 00:15:37+00
12,732,2025-12-08 00:15:38+00
12,733.9,2025-12-08 00:15:39+00
12,750.6,2025-12-08 00:15:40+00
12,740.9,2025-12-08 00:15:41+00
12,750.3,2025-12-08 00:15:42+00
12,735.5,2025-12-08 00:15:43+00
12,733.7,2025-12-08 00:15:44+00
12,734.7,2025-12-08 00:15:45+00
12,1031.1,2025-12-08 00:15:46+00
12,1030.4,2025-12-08 00:15:47+00
12,923.7,2025-12-08 00:15:48+00
12,941.7,2025-12-08 00:15:49+00
12,1038,2025-12-08 00:15:50+00
12,943.2,2025-12-08 00:15:51+00
12,989.7,2025-12-08 00:15:52+00
12,1017.8,2025-12-08 00:15:53+00
12,1043.5,2025-12-08 00:15:54+00
12,1066.4,2025-12-08 00:15:55+00
12,1087.9,2025-12-08 00:15:56+00
12,1109.1,2025-12-08 00:15:57+00
12,1127.1,2025-12-08 00:15:58+00
12,1142.1,2025-12-08 00:15:59+00
12,1153.8,2025-12-08 00:16:00+00
12,1159,2025-12-08 00:16:01+00
12,1162.3,2025-12-08 00:16:02+00
12,1168.4,2025-12-08 00:16:03+00
12,1175.4,2025-12-08 00:16:04+00
12,1174.6,2025-12-08 00:16:05+00
12,1174.7,2025-12-08 00:16:06+00
12,1173.5,2025-12-08 00:16:07+00
12,1173.9,2025-12-08 00:16:08+00
12,1173.8,2025-12-08 00:16:09+00
12,1174.1,2025-12-08 00:16:10+00
12,1173,2025-12-08 00:16:11+00
12,1172.6,2025-12-08 00:16:12+00
12,1171.1,2025-12-08 00:16:13+00
12,1166.7,2025-12-08 00:16:14+00
12,1169.8,2025-12-08 00:16:15+00
12,1168.1,2025-12-08 00:16:16+00
12,1171.3,2025-12-08 00:16:17+00
12,1168.5,2025-12-08 00:16:18+00
12,1172.7,2025-12-08 00:16:19+00
12,1175,2025-12-08 00:16:20+00
12,1171.6,2025-12-08 00:16:21+00
12,1173.6,2025-12-08 00:16:22+00
12,1176.7,2025-12-08 00:16:23+00
12,1182.1,2025-12-08 00:16:24+00
12,1176.5,2025-12-08 00:16:25+00
12,1183.4,2025-12-08 00:16:26+00
12,1187.6,2025-12-08 00:16:27+00
12,1190.5,2025-12-08 00:16:28+00
12,1190.5,2025-12-08 00:16:29+00
12,1192.1,2025-12-08 00:16:30+00
12,1190.3,2025-12-08 00:16:31+00
12,1193.6,2025-12-08 00:16:32+00
12,1197.1,2025-12-08 00:16:33+00
12,1202.1,2025-12-08 00:16:34+00
12,1194.9,2025-12-08 00:16:35+00
12,1194.9,2025-12-08 00:16:36+00
12,1197.3,2025-12-08 00:16:37+00
12,1197.1,2025-12-08 00:16:38+00
12,1197,2025-12-08 00:16:39+00
12,1195.9,2025-12-08 00:16:40+00
12,1196.8,2025-12-08 00:16:41+00
12,1198.5,2025-12-08 00:16:42+00
12,1203.2,2025-12-08 00:16:43+00
12,1198.1,2025-12-08 00:16:44+00
12,1198.7,2025-12-08 00:16:45+00
12,1192.6,2025-12-08 00:16:46+00
12,1192.3,2025-12-08 00:16:47+00
12,1194.2,2025-12-08 00:16:48+00
12,1190,2025-12-08 00:16:49+00
12,1192.1,2025-12-08 00:16:50+00
12,1192.6,2025-12-08 00:16:51+00
12,1194,2025-12-08 00:16:52+00
12,1191.6,2025-12-08 00:16:53+00
12,1192,2025-12-08 00:16:54+00
12,1194,2025-12-08 00:16:55+00
12,1196.1,2025-12-08 00:16:56+00
12,1199.6,2025-12-08 00:16:57+00
12,1192.7,2025-12-08 00:16:58+00
12,1207.6,2025-12-08 00:16:59+00
12,1200.4,2025-12-08 00:17:00+00
12,1195.7,2025-12-08 00:17:01+00
12,1199,2025-12-08 00:17:02+00
12,1200.4,2025-12-08 00:17:03+00
12,1196.3,2025-12-08 00:17:04+00
12,1196.8,2025-12-08 00:17:05+00
12,1196.3,2025-12-08 00:17:06+00
12,1199.8,2025-12-08 00:17:07+00
12,1197.7,2025-12-08 00:17:08+00
12,1196.6,2025-12-08 00:17:09+00
12,1193,2025-12-08 00:17:10+00
12,1197.8,2025-12-08 00:17:11+00
12,1194.7,2025-12-08 00:17:12+00
12,1194.9,2025-12-08 00:17:13+00
12,1192.8,2025-12-08 00:17:14+00
12,1196.7,2025-12-08 00:17:15+00
12,1190.5,2025-12-08 00:17:16+00
12,1194.2,2025-12-08 00:17:17+00
12,1196,2025-12-08 00:17:18+00
12,1200.6,2025-12-08 00:17:19+00
12,1198.8,2025-12-08 00:17:20+00
12,1196.9,2025-12-08 00:17:21+00
12,1186,2025-12-08 00:17:22+00
12,1191.8,2025-12-08 00:17:23+00
12,1194.8,2025-12-08 00:17:24+00
12,1188.8,2025-12-08 00:17:25+00
12,1188.6,2025-12-08 00:17:26+00
12,1193.1,2025-12-08 00:17:27+00
12,1193.1,2025-12-08 00:17:28+00
12,1197.9,2025-12-08 00:17:29+00
12,1193.3,2025-12-08 00:17:30+00
12,1189.6,2025-12-08 00:17:31+00
12,1192,2025-12-08 00:17:32+00
12,1193.8,2025-12-08 00:17:33+00
12,1194.4,2025-12-08 00:17:34+00
12,1189.6,2025-12-08 00:17:35+00
12,1197.3,2025-12-08 00:17:36+00
12,1194.4,2025-12-08 00:17:37+00
12,1194.8,2025-12-08 00:17:38+00
12,1194.9,2025-12-08 00:17:39+00
12,1195.9,2025-12-08 00:17:40+00
12,1203.5,2025-12-08 00:17:41+00
12,1194.8,2025-12-08 00:17:42+00
12,1190.3,2025-12-08 00:17:43+00
12,1201.7,2025-12-08 00:17:44+00
12,1203.4,2025-12-08 00:17:45+00
12,1199.6,2025-12-08 00:17:46+00
12,1199.2,2025-12-08 00:17:47+00
12,1194.3,2025-12-08 00:17:48+00
12,1193.6,2025-12-08 00:17:49+00
12,1192.9,2025-12-08 00:17:50+00
12,1196.7,2025-12-08 00:17:51+00
12,1192.3,2025-12-08 00:17:52+00
12,1191,2025-12-08 00:17:53+00
12,1192.3,2025-12-08 00:17:54+00
12,1190.9,2025-12-08 00:17:55+00
12,1192,2025-12-08 00:17:56+00
12,1194.2,2025-12-08 00:17:57+00
12,1191.1,2025-12-08 00:17:58+00
12,1191.8,2025-12-08 00:17:59+00
12,1265.571186,2025-12-08 00:18:00+00
12,1193.6,2025-12-08 00:18:01+00
12,1201.1,2025-12-08 00:18:02+00
12,1194.9,2025-12-08 00:18:03+00
12,1197.9,2025-12-08 00:18:04+00
12,1197.7,2025-12-08 00:18:05+00
12,1194.6,2025-12-08 00:18:06+00
12,1192.6,2025-12-08 00:18:07+00
12,1194.5,2025-12-08 00:18:08+00
12,1193,2025-12-08 00:18:09+00
12,1194.5,2025-12-08 00:18:10+00
12,1196.6,2025-12-08 00:18:11+00
12,1194.1,2025-12-08 00:18:12+00
12,1192.7,2025-12-08 00:18:13+00
12,1193,2025-12-08 00:18:14+00
12,1229.1,2025-12-08 00:18:15+00
12,1300.9,2025-12-08 00:18:16+00
12,1293.2,2025-12-08 00:18:17+00
12,1291.3,2025-12-08 00:18:18+00
12,1300.4,2025-12-08 00:18:19+00
12,1302.3,2025-12-08 00:18:20+00
12,1293.2,2025-12-08 00:18:21+00
12,1295.1,2025-12-08 00:18:22+00
12,1307.2,2025-12-08 00:18:23+00
12,1295.5,2025-12-08 00:18:24+00
12,1291.8,2025-12-08 00:18:25+00
12,1293,2025-12-08 00:18:26+00
12,1297,2025-12-08 00:18:27+00
12,1297.3,2025-12-08 00:18:28+00
12,1297.3,2025-12-08 00:18:29+00
12,1292.7,2025-12-08 00:18:30+00
12,1301.4,2025-12-08 00:18:31+00
12,1297.1,2025-12-08 00:18:32+00
12,1295.3,2025-12-08 00:18:33+00
12,1302.1,2025-12-08 00:18:34+00
12,1284,2025-12-08 00:18:35+00
12,1288.8,2025-12-08 00:18:36+00
12,1283.7,2025-12-08 00:18:37+00
12,1287.2,2025-12-08 00:18:38+00
12,1285.3,2025-12-08 00:18:39+00
12,1282.1,2025-12-08 00:18:40+00
12,1284.1,2025-12-08 00:18:41+00
12,1284.7,2025-12-08 00:18:42+00
12,1283.7,2025-12-08 00:18:43+00
12,1284.4,2025-12-08 00:18:44+00
12,1279.5,2025-12-08 00:18:45+00
12,1278.1,2025-12-08 00:18:46+00
12,1281.1,2025-12-08 00:18:47+00
12,1282.5,2025-12-08 00:18:48+00
12,1281.1,2025-12-08 00:18:49+00
12,1279,2025-12-08 00:18:50+00
12,1283.9,2025-12-08 00:18:51+00
12,1282.6,2025-12-08 00:18:52+00
12,1281.3,2025-12-08 00:18:53+00
12,1281.5,2025-12-08 00:18:54+00
12,1281.4,2025-12-08 00:18:55+00
12,1281.1,2025-12-08 00:18:56+00
12,1283,2025-12-08 00:18:57+00
12,1279.7,2025-12-08 00:18:58+00
12,1280.9,2025-12-08 00:18:59+00
12,1278.9,2025-12-08 00:19:00+00
12,1282.4,2025-12-08 00:19:01+00
12,1283.9,2025-12-08 00:19:02+00
12,1280.9,2025-12-08 00:19:03+00
12,1282.9,2025-12-08 00:19:04+00
12,1281.4,2025-12-08 00:19:05+00
12,1282.3,2025-12-08 00:19:06+00
12,1280.6,2025-12-08 00:19:07+00
12,1284.4,2025-12-08 00:19:08+00
12,1284.9,2025-12-08 00:19:09+00
12,1287.1,2025-12-08 00:19:10+00
12,1305.2,2025-12-08 00:19:11+00
12,1355.9,2025-12-08 00:19:12+00
12,1354.9,2025-12-08 00:19:13+00
12,1358.5,2025-12-08 00:19:14+00
12,1361.4,2025-12-08 00:19:15+00
12,1355.8,2025-12-08 00:19:16+00
12,1359.6,2025-12-08 00:19:17+00
12,1359,2025-12-08 00:19:18+00
12,1364.2,2025-12-08 00:19:19+00
12,1364.5,2025-12-08 00:19:20+00
12,1364.3,2025-12-08 00:19:21+00
12,1357.7,2025-12-08 00:19:22+00
12,1384.4,2025-12-08 00:19:23+00
12,1364.1,2025-12-08 00:19:24+00
12,1365.4,2025-12-08 00:19:25+00
12,1363.3,2025-12-08 00:19:26+00
12,1362.9,2025-12-08 00:19:27+00
12,1362.5,2025-12-08 00:19:28+00
12,1366.2,2025-12-08 00:19:29+00
12,1367.8,2025-12-08 00:19:30+00
12,1372.3,2025-12-08 00:19:31+00
12,1361.3,2025-12-08 00:19:32+00
12,1359.5,2025-12-08 00:19:33+00
12,1358.3,2025-12-08 00:19:34+00
12,1359.3,2025-12-08 00:19:35+00
12,1363.3,2025-12-08 00:19:36+00
12,1357.5,2025-12-08 00:19:37+00
12,1363.2,2025-12-08 00:19:38+00
12,1362.2,2025-12-08 00:19:39+00
12,1365.4,2025-12-08 00:19:40+00
12,1363,2025-12-08 00:19:41+00
12,1373.6,2025-12-08 00:19:42+00
12,1364.9,2025-12-08 00:19:43+00
12,1366.8,2025-12-08 00:19:44+00
12,1365.1,2025-12-08 00:19:45+00
12,1362,2025-12-08 00:19:46+00
12,1365.2,2025-12-08 00:19:47+00
12,1363.1,2025-12-08 00:19:48+00
12,1363.4,2025-12-08 00:19:49+00
12,1365.9,2025-12-08 00:19:50+00
12,1372.5,2025-12-08 00:19:51+00
12,1365.6,2025-12-08 00:19:52+00
12,1366.6,2025-12-08 00:19:53+00
12,1365.5,2025-12-08 00:19:54+00
12,1362.3,2025-12-08 00:19:55+00
12,1364.5,2025-12-08 00:19:56+00
12,1369,2025-12-08 00:19:57+00
12,1362.7,2025-12-08 00:19:58+00
12,1365.3,2025-12-08 00:19:59+00
12,1366.4,2025-12-08 00:20:00+00
12,1364,2025-12-08 00:20:01+00
12,1367,2025-12-08 00:20:02+00
12,1367.5,2025-12-08 00:20:03+00
12,1368,2025-12-08 00:20:04+00
12,1364.9,2025-12-08 00:20:05+00
12,1364.5,2025-12-08 00:20:06+00
12,1366.8,2025-12-08 00:20:07+00
12,1367.3,2025-12-08 00:20:08+00
12,1369,2025-12-08 00:20:09+00
12,1360.8,2025-12-08 00:20:10+00
12,1366.5,2025-12-08 00:20:11+00
12,1366.2,2025-12-08 00:20:12+00
12,1379.7,2025-12-08 00:20:13+00
12,1402.9,2025-12-08 00:20:14+00
12,1463.7,2025-12-08 00:20:15+00
12,1452.5,2025-12-08 00:20:16+00
12,1469.6,2025-12-08 00:20:17+00
12,1463.1,2025-12-08 00:20:18+00
12,1468,2025-12-08 00:20:19+00
12,1471.4,2025-12-08 00:20:20+00
12,1468,2025-12-08 00:20:21+00
12,1462.7,2025-12-08 00:20:22+00
12,1465.3,2025-12-08 00:20:23+00
12,1466.6,2025-12-08 00:20:24+00
12,1464.1,2025-12-08 00:20:25+00
12,1463.6,2025-12-08 00:20:26+00
12,1463.7,2025-12-08 00:20:27+00
12,1462.8,2025-12-08 00:20:28+00
12,1466.6,2025-12-08 00:20:29+00
12,1469.6,2025-12-08 00:20:30+00
12,1466.5,2025-12-08 00:20:31+00
12,1467.6,2025-12-08 00:20:32+00
12,1468.1,2025-12-08 00:20:33+00
12,1469.7,2025-12-08 00:20:34+00
12,1473.4,2025-12-08 00:20:35+00
12,1466.7,2025-12-08 00:20:36+00
12,1468.7,2025-12-08 00:20:37+00
12,1472.1,2025-12-08 00:20:38+00
12,1469.8,2025-12-08 00:20:39+00
12,1468.6,2025-12-08 00:20:40+00
12,1471.7,2025-12-08 00:20:41+00
12,1470.7,2025-12-08 00:20:42+00
12,1471.6,2025-12-08 00:20:43+00
12,1473.3,2025-12-08 00:20:44+00
12,1477.4,2025-12-08 00:20:45+00
12,1472.2,2025-12-08 00:20:46+00
12,1470.7,2025-12-08 00:20:47+00
12,1470.7,2025-12-08 00:20:48+00
12,1471.7,2025-12-08 00:20:49+00
12,1474.1,2025-12-08 00:20:50+00
12,1472.6,2025-12-08 00:20:51+00
12,1470.4,2025-12-08 00:20:52+00
12,1470.3,2025-12-08 00:20:53+00
12,1471.5,2025-12-08 00:20:54+00
12,1483,2025-12-08 00:20:55+00
12,1472.7,2025-12-08 00:20:56+00
12,1474.1,2025-12-08 00:20:57+00
12,1474.9,2025-12-08 00:20:58+00
12,1475.7,2025-12-08 00:20:59+00
12,1476.5,2025-12-08 00:21:00+00
12,1474.8,2025-12-08 00:21:01+00
12,1477.2,2025-12-08 00:21:02+00
12,1471.8,2025-12-08 00:21:03+00
12,1475,2025-12-08 00:21:04+00
12,1475.7,2025-12-08 00:21:05+00
12,1474.3,2025-12-08 00:21:06+00
12,1470.7,2025-12-08 00:21:07+00
12,1489.4,2025-12-08 00:21:08+00
12,1472.3,2025-12-08 00:21:09+00
12,1474.5,2025-12-08 00:21:10+00
12,1477.8,2025-12-08 00:21:11+00
12,1473.6,2025-12-08 00:21:12+00
12,1472.7,2025-12-08 00:21:13+00
12,1474.6,2025-12-08 00:21:14+00
12,1480.6,2025-12-08 00:21:15+00
12,1473.9,2025-12-08 00:21:16+00
12,1481.9,2025-12-08 00:21:17+00
12,1475,2025-12-08 00:21:18+00
12,1477.8,2025-12-08 00:21:19+00
12,1481.1,2025-12-08 00:21:20+00
12,1470,2025-12-08 00:21:21+00
12,1471.6,2025-12-08 00:21:22+00
12,1471.8,2025-12-08 00:21:23+00
12,1475.1,2025-12-08 00:21:24+00
12,1470,2025-12-08 00:21:25+00
12,1474.5,2025-12-08 00:21:26+00
12,1475.2,2025-12-08 00:21:27+00
12,1475.3,2025-12-08 00:21:28+00
12,1474,2025-12-08 00:21:29+00
12,1469.8,2025-12-08 00:21:30+00
12,1471.1,2025-12-08 00:21:31+00
12,1475.7,2025-12-08 00:21:32+00
12,1470.7,2025-12-08 00:21:33+00
12,1475.3,2025-12-08 00:21:34+00
12,1472.5,2025-12-08 00:21:35+00
12,1470.1,2025-12-08 00:21:36+00
12,1473.4,2025-12-08 00:21:37+00
12,1472.1,2025-12-08 00:21:38+00
12,1473.6,2025-12-08 00:21:39+00
12,1475.5,2025-12-08 00:21:40+00
12,1476.3,2025-12-08 00:21:41+00
12,1477.4,2025-12-08 00:21:42+00
12,1477.3,2025-12-08 00:21:43+00
12,1488.3,2025-12-08 00:21:44+00
12,1478.2,2025-12-08 00:21:45+00
12,1476.5,2025-12-08 00:21:46+00
12,1478.7,2025-12-08 00:21:47+00
12,1480.8,2025-12-08 00:21:48+00
12,1478.6,2025-12-08 00:21:49+00
12,1479.5,2025-12-08 00:21:50+00
12,1479.7,2025-12-08 00:21:51+00
12,1477.1,2025-12-08 00:21:52+00
12,1477.5,2025-12-08 00:21:53+00
12,1475.6,2025-12-08 00:21:54+00
12,1474.9,2025-12-08 00:21:55+00
12,1474.3,2025-12-08 00:21:56+00
12,1472.1,2025-12-08 00:21:57+00
12,1476.2,2025-12-08 00:21:58+00
12,1476.4,2025-12-08 00:21:59+00
12,1483.6,2025-12-08 00:22:00+00
12,1480.2,2025-12-08 00:22:01+00
12,1479.8,2025-12-08 00:22:02+00
12,1478.4,2025-12-08 00:22:03+00
12,1477.9,2025-12-08 00:22:04+00
12,1480.1,2025-12-08 00:22:05+00
12,1477.4,2025-12-08 00:22:06+00
12,1479.7,2025-12-08 00:22:07+00
12,1478.1,2025-12-08 00:22:08+00
12,1474.8,2025-12-08 00:22:09+00
12,1474.9,2025-12-08 00:22:10+00
12,1476.8,2025-12-08 00:22:11+00
12,1476.4,2025-12-08 00:22:12+00
12,1480.6,2025-12-08 00:22:13+00
12,1477.7,2025-12-08 00:22:14+00
12,1472,2025-12-08 00:22:15+00
12,1475.3,2025-12-08 00:22:16+00
12,1479.1,2025-12-08 00:22:17+00
12,1478.7,2025-12-08 00:22:18+00
12,1483.4,2025-12-08 00:22:19+00
12,1484.2,2025-12-08 00:22:20+00
12,1475.9,2025-12-08 00:22:21+00
12,1477.2,2025-12-08 00:22:22+00
12,1477.4,2025-12-08 00:22:23+00
12,1477.1,2025-12-08 00:22:24+00
12,1477.2,2025-12-08 00:22:25+00
12,1476.1,2025-12-08 00:22:26+00
12,1476.6,2025-12-08 00:22:27+00
12,1477.1,2025-12-08 00:22:28+00
12,1476.9,2025-12-08 00:22:29+00
12,1478.9,2025-12-08 00:22:30+00
12,1473.7,2025-12-08 00:22:31+00
12,1479.9,2025-12-08 00:22:32+00
12,1476.8,2025-12-08 00:22:33+00
12,1481.2,2025-12-08 00:22:34+00
12,1482.3,2025-12-08 00:22:35+00
12,1480.9,2025-12-08 00:22:36+00
12,1483,2025-12-08 00:22:37+00
12,1484.8,2025-12-08 00:22:38+00
12,1479.9,2025-12-08 00:22:39+00
12,1480.3,2025-12-08 00:22:40+00
12,1482.3,2025-12-08 00:22:41+00
12,1475.5,2025-12-08 00:22:42+00
12,1478.1,2025-12-08 00:22:43+00
12,1477.7,2025-12-08 00:22:44+00
12,1489.3,2025-12-08 00:22:45+00
12,1487.9,2025-12-08 00:22:46+00
12,1483.1,2025-12-08 00:22:47+00
12,1479.8,2025-12-08 00:22:48+00
12,1494.5,2025-12-08 00:22:49+00
12,1481.4,2025-12-08 00:22:50+00
12,1481.4,2025-12-08 00:22:51+00
12,1482,2025-12-08 00:22:52+00
12,1482.8,2025-12-08 00:22:53+00
12,1480.2,2025-12-08 00:22:54+00
12,1483.9,2025-12-08 00:22:55+00
12,1481.2,2025-12-08 00:22:56+00
12,1483.5,2025-12-08 00:22:57+00
12,1482.1,2025-12-08 00:22:58+00
12,1495.8,2025-12-08 00:22:59+00
12,1483,2025-12-08 00:23:00+00
12,1485.8,2025-12-08 00:23:01+00
12,1490.1,2025-12-08 00:23:02+00
12,1487.9,2025-12-08 00:23:03+00
12,1489.8,2025-12-08 00:23:04+00
12,1485.9,2025-12-08 00:23:05+00
12,1485.2,2025-12-08 00:23:06+00
12,1486.5,2025-12-08 00:23:07+00
12,1483.1,2025-12-08 00:23:08+00
12,1484.8,2025-12-08 00:23:09+00
12,1487,2025-12-08 00:23:10+00
12,1485.9,2025-12-08 00:23:11+00
12,1506.3,2025-12-08 00:23:12+00
12,1483.3,2025-12-08 00:23:13+00
12,1485.6,2025-12-08 00:23:14+00
12,1487.3,2025-12-08 00:23:15+00
12,1484.5,2025-12-08 00:23:16+00
12,1488.7,2025-12-08 00:23:17+00
12,1484.6,2025-12-08 00:23:18+00
12,1493,2025-12-08 00:23:19+00
12,1493.5,2025-12-08 00:23:20+00
12,1493.1,2025-12-08 00:23:21+00
12,1484.1,2025-12-08 00:23:22+00
12,1489,2025-12-08 00:23:23+00
12,1486.4,2025-12-08 00:23:24+00
12,1486.9,2025-12-08 00:23:25+00
12,1487.8,2025-12-08 00:23:26+00
12,1492.2,2025-12-08 00:23:27+00
12,1492.6,2025-12-08 00:23:28+00
12,1494.2,2025-12-08 00:23:29+00
12,1503.3,2025-12-08 00:23:30+00
12,1489.3,2025-12-08 00:23:31+00
12,1494.8,2025-12-08 00:23:32+00
12,1496,2025-12-08 00:23:33+00
12,1494.5,2025-12-08 00:23:34+00
12,1494.9,2025-12-08 00:23:35+00
12,1493.9,2025-12-08 00:23:36+00
12,1495.1,2025-12-08 00:23:37+00
12,1497.2,2025-12-08 00:23:38+00
12,1499.9,2025-12-08 00:23:39+00
12,1496.5,2025-12-08 00:23:40+00
12,1499.2,2025-12-08 00:23:41+00
12,1496,2025-12-08 00:23:42+00
12,1497.9,2025-12-08 00:23:43+00
12,1510.5,2025-12-08 00:23:44+00
12,1495.8,2025-12-08 00:23:45+00
12,1496.3,2025-12-08 00:23:46+00
12,1500.6,2025-12-08 00:23:47+00
12,1497,2025-12-08 00:23:48+00
12,1498.2,2025-12-08 00:23:49+00
12,1501.7,2025-12-08 00:23:50+00
12,1500.3,2025-12-08 00:23:51+00
12,1498.3,2025-12-08 00:23:52+00
12,1499.1,2025-12-08 00:23:53+00
12,1502.4,2025-12-08 00:23:54+00
12,1498.1,2025-12-08 00:23:55+00
12,1501.8,2025-12-08 00:23:56+00
12,1500.8,2025-12-08 00:23:57+00
12,1498.9,2025-12-08 00:23:58+00
12,1501.7,2025-12-08 00:23:59+00
12,1510.9,2025-12-08 00:24:00+00
12,1500,2025-12-08 00:24:01+00
12,1503.7,2025-12-08 00:24:02+00
12,1504.1,2025-12-08 00:24:03+00
12,1507.2,2025-12-08 00:24:04+00
12,1507.4,2025-12-08 00:24:05+00
12,1505.8,2025-12-08 00:24:06+00
12,1498.7,2025-12-08 00:24:07+00
12,1502.3,2025-12-08 00:24:08+00
12,1508.2,2025-12-08 00:24:09+00
12,1503,2025-12-08 00:24:10+00
12,1502.9,2025-12-08 00:24:11+00
12,1502.1,2025-12-08 00:24:12+00
12,1506.2,2025-12-08 00:24:13+00
12,1505,2025-12-08 00:24:14+00
12,1513.4,2025-12-08 00:24:15+00
12,1506.3,2025-12-08 00:24:16+00
12,1509,2025-12-08 00:24:17+00
12,1512,2025-12-08 00:24:18+00
12,1512.6,2025-12-08 00:24:19+00
12,1514,2025-12-08 00:24:20+00
12,1509.6,2025-12-08 00:24:21+00
12,1508.7,2025-12-08 00:24:22+00
12,1513.7,2025-12-08 00:24:23+00
12,1508.4,2025-12-08 00:24:24+00
12,1509.9,2025-12-08 00:24:25+00
12,1511.3,2025-12-08 00:24:26+00
12,1509.7,2025-12-08 00:24:27+00
12,1511.5,2025-12-08 00:24:28+00
12,1515.1,2025-12-08 00:24:29+00
12,1508.5,2025-12-08 00:24:30+00
12,1510.7,2025-12-08 00:24:31+00
12,1515.9,2025-12-08 00:24:32+00
12,1512.4,2025-12-08 00:24:33+00
12,1515.3,2025-12-08 00:24:34+00
12,1517.9,2025-12-08 00:24:35+00
12,1516.8,2025-12-08 00:24:36+00
12,1520.8,2025-12-08 00:24:37+00
12,1518.2,2025-12-08 00:24:38+00
12,1517.8,2025-12-08 00:24:39+00
12,1516.7,2025-12-08 00:24:40+00
12,1520.5,2025-12-08 00:24:41+00
12,1519,2025-12-08 00:24:42+00
12,1518.4,2025-12-08 00:24:43+00
12,1520.3,2025-12-08 00:24:44+00
12,1520.6,2025-12-08 00:24:45+00
12,1525.5,2025-12-08 00:24:46+00
12,1523.9,2025-12-08 00:24:47+00
12,1521.1,2025-12-08 00:24:48+00
12,1523.3,2025-12-08 00:24:49+00
12,1524.1,2025-12-08 00:24:50+00
12,1523.8,2025-12-08 00:24:51+00
12,1350.7,2025-12-08 00:24:52+00
12,1354.9,2025-12-08 00:24:53+00
12,1363.1,2025-12-08 00:24:54+00
12,1372.6,2025-12-08 00:24:55+00
12,1333.4,2025-12-08 00:24:56+00
12,624.8,2025-12-08 00:24:57+00
12,623.6,2025-12-08 00:24:58+00
12,630.3,2025-12-08 00:24:59+00
12,880,2025-12-08 00:25:00+00
12,642.9,2025-12-08 00:25:01+00
12,633.3,2025-12-08 00:25:02+00
12,633.5,2025-12-08 00:25:03+00
12,631.6,2025-12-08 00:25:04+00
12,630.7,2025-12-08 00:25:05+00
12,633.5,2025-12-08 00:25:06+00
12,634.3,2025-12-08 00:25:07+00
12,634.5,2025-12-08 00:25:08+00
12,634.5,2025-12-08 00:25:09+00
12,634,2025-12-08 00:25:10+00
12,635.9,2025-12-08 00:25:11+00
12,632,2025-12-08 00:25:12+00
12,633.8,2025-12-08 00:25:13+00
12,636.8,2025-12-08 00:25:14+00
12,633.9,2025-12-08 00:25:15+00
12,636.5,2025-12-08 00:25:16+00
12,633.4,2025-12-08 00:25:17+00
12,633,2025-12-08 00:25:18+00
12,638.8,2025-12-08 00:25:19+00
12,638.4,2025-12-08 00:25:20+00
12,633,2025-12-08 00:25:21+00
12,635.2,2025-12-08 00:25:22+00
12,636.6,2025-12-08 00:25:23+00
12,633.3,2025-12-08 00:25:24+00
12,633.6,2025-12-08 00:25:25+00
12,638.1,2025-12-08 00:25:26+00
12,623.2,2025-12-08 00:25:27+00
12,622.3,2025-12-08 00:25:28+00
12,520.2,2025-12-08 00:25:29+00
12,513.6,2025-12-08 00:25:30+00
12,641.1,2025-12-08 00:25:31+00
12,538.1,2025-12-08 00:25:32+00
12,532.4,2025-12-08 00:25:33+00
12,533.1,2025-12-08 00:25:34+00
12,530.6,2025-12-08 00:25:35+00
12,530.5,2025-12-08 00:25:36+00
12,528.5,2025-12-08 00:25:37+00
12,528.5,2025-12-08 00:25:38+00
12,527.4,2025-12-08 00:25:39+00
12,529.2,2025-12-08 00:25:40+00
12,536.7,2025-12-08 00:25:41+00
12,532.8,2025-12-08 00:25:42+00
12,533.6,2025-12-08 00:25:43+00
12,538.8,2025-12-08 00:25:44+00
12,534.3,2025-12-08 00:25:45+00
12,536,2025-12-08 00:25:46+00
12,558.7,2025-12-08 00:25:47+00
12,606.1,2025-12-08 00:25:48+00
12,646.7,2025-12-08 00:25:49+00
12,655.7,2025-12-08 00:25:50+00
12,654.6,2025-12-08 00:25:51+00
12,655.8,2025-12-08 00:25:52+00
12,654.8,2025-12-08 00:25:53+00
12,657.2,2025-12-08 00:25:54+00
12,658.3,2025-12-08 00:25:55+00
12,656.1,2025-12-08 00:25:56+00
12,656.8,2025-12-08 00:25:57+00
12,662.6,2025-12-08 00:25:58+00
12,660.7,2025-12-08 00:25:59+00
12,660.7,2025-12-08 00:26:00+00
12,661.1,2025-12-08 00:26:01+00
12,661.8,2025-12-08 00:26:02+00
12,661.3,2025-12-08 00:26:03+00
12,662.9,2025-12-08 00:26:04+00
12,661.6,2025-12-08 00:26:05+00
12,660.2,2025-12-08 00:26:06+00
12,661.8,2025-12-08 00:26:07+00
12,662.5,2025-12-08 00:26:08+00
12,660.7,2025-12-08 00:26:09+00
12,662.7,2025-12-08 00:26:10+00
12,660.4,2025-12-08 00:26:11+00
12,661.1,2025-12-08 00:26:12+00
12,663.6,2025-12-08 00:26:13+00
12,664.3,2025-12-08 00:26:14+00
12,661.7,2025-12-08 00:26:15+00
12,667.7,2025-12-08 00:26:16+00
12,661.2,2025-12-08 00:26:17+00
12,659.3,2025-12-08 00:26:18+00
12,665.4,2025-12-08 00:26:19+00
12,672.3,2025-12-08 00:26:20+00
12,671.8,2025-12-08 00:26:21+00
12,662.5,2025-12-08 00:26:22+00
12,674.5,2025-12-08 00:26:23+00
12,658.9,2025-12-08 00:26:24+00
12,662.3,2025-12-08 00:26:25+00
12,668.3,2025-12-08 00:26:26+00
12,665.4,2025-12-08 00:26:27+00
12,665.7,2025-12-08 00:26:28+00
12,666.5,2025-12-08 00:26:29+00
12,662.3,2025-12-08 00:26:30+00
12,662.9,2025-12-08 00:26:31+00
12,661.1,2025-12-08 00:26:32+00
12,663,2025-12-08 00:26:33+00
12,663.1,2025-12-08 00:26:34+00
12,663.9,2025-12-08 00:26:35+00
12,662,2025-12-08 00:26:36+00
12,662.7,2025-12-08 00:26:37+00
12,665.5,2025-12-08 00:26:38+00
12,661.7,2025-12-08 00:26:39+00
12,661.4,2025-12-08 00:26:40+00
12,661.6,2025-12-08 00:26:41+00
12,661.8,2025-12-08 00:26:42+00
12,665.7,2025-12-08 00:26:43+00
12,667,2025-12-08 00:26:44+00
12,664.5,2025-12-08 00:26:45+00
12,662.8,2025-12-08 00:26:46+00
12,664.7,2025-12-08 00:26:47+00
12,662.2,2025-12-08 00:26:48+00
12,671.3,2025-12-08 00:26:49+00
12,663.7,2025-12-08 00:26:50+00
12,662.9,2025-12-08 00:26:51+00
12,663.2,2025-12-08 00:26:52+00
12,662.6,2025-12-08 00:26:53+00
12,664.4,2025-12-08 00:26:54+00
12,672.9,2025-12-08 00:26:55+00
12,665.1,2025-12-08 00:26:56+00
12,664.6,2025-12-08 00:26:57+00
12,663.8,2025-12-08 00:26:58+00
12,662,2025-12-08 00:26:59+00
12,674.5,2025-12-08 00:27:00+00
12,669.9,2025-12-08 00:27:01+00
12,666.8,2025-12-08 00:27:02+00
12,667.7,2025-12-08 00:27:03+00
12,677.1,2025-12-08 00:27:04+00
12,665.4,2025-12-08 00:27:05+00
12,663.8,2025-12-08 00:27:06+00
12,668.8,2025-12-08 00:27:07+00
12,663,2025-12-08 00:27:08+00
12,660.6,2025-12-08 00:27:09+00
12,663.5,2025-12-08 00:27:10+00
12,661.4,2025-12-08 00:27:11+00
12,661,2025-12-08 00:27:12+00
12,661.6,2025-12-08 00:27:13+00
12,665.4,2025-12-08 00:27:14+00
12,661.9,2025-12-08 00:27:15+00
12,660.6,2025-12-08 00:27:16+00
12,666,2025-12-08 00:27:17+00
12,664.5,2025-12-08 00:27:18+00
12,670.3,2025-12-08 00:27:19+00
12,668.5,2025-12-08 00:27:20+00
12,663.5,2025-12-08 00:27:21+00
12,662.2,2025-12-08 00:27:22+00
12,664.6,2025-12-08 00:27:23+00
12,664.5,2025-12-08 00:27:24+00
12,663.2,2025-12-08 00:27:25+00
12,664.5,2025-12-08 00:27:26+00
12,666.2,2025-12-08 00:27:27+00
12,668,2025-12-08 00:27:28+00
12,670.4,2025-12-08 00:27:29+00
12,669.3,2025-12-08 00:27:30+00
12,670.8,2025-12-08 00:27:31+00
12,670.6,2025-12-08 00:27:32+00
12,670.6,2025-12-08 00:27:33+00
12,668.6,2025-12-08 00:27:34+00
12,668.7,2025-12-08 00:27:35+00
12,666.3,2025-12-08 00:27:36+00
12,667.7,2025-12-08 00:27:37+00
12,669.4,2025-12-08 00:27:38+00
12,666.9,2025-12-08 00:27:39+00
12,668,2025-12-08 00:27:40+00
12,668,2025-12-08 00:27:41+00
12,673.4,2025-12-08 00:27:42+00
12,665.1,2025-12-08 00:27:43+00
12,664.9,2025-12-08 00:27:44+00
12,660,2025-12-08 00:27:45+00
12,660.3,2025-12-08 00:27:46+00
12,664,2025-12-08 00:27:47+00
12,664.4,2025-12-08 00:27:48+00
12,665.3,2025-12-08 00:27:49+00
12,668.7,2025-12-08 00:27:50+00
12,661.7,2025-12-08 00:27:51+00
12,663.6,2025-12-08 00:27:52+00
12,661.6,2025-12-08 00:27:53+00
12,661.7,2025-12-08 00:27:54+00
12,664.7,2025-12-08 00:27:55+00
12,661.9,2025-12-08 00:27:56+00
12,660.7,2025-12-08 00:27:57+00
12,662.6,2025-12-08 00:27:58+00
12,663.3,2025-12-08 00:27:59+00
12,678.2,2025-12-08 00:28:00+00
12,662.9,2025-12-08 00:28:01+00
12,663,2025-12-08 00:28:02+00
12,663.2,2025-12-08 00:28:03+00
12,663.5,2025-12-08 00:28:04+00
12,677.6,2025-12-08 00:28:05+00
12,664.9,2025-12-08 00:28:06+00
12,664.5,2025-12-08 00:28:07+00
12,665.7,2025-12-08 00:28:08+00
12,661.9,2025-12-08 00:28:09+00
12,665.5,2025-12-08 00:28:10+00
12,666.5,2025-12-08 00:28:11+00
12,663.9,2025-12-08 00:28:12+00
12,663.4,2025-12-08 00:28:13+00
12,663.9,2025-12-08 00:28:14+00
12,661.4,2025-12-08 00:28:15+00
12,664.1,2025-12-08 00:28:16+00
12,661.9,2025-12-08 00:28:17+00
12,661.9,2025-12-08 00:28:18+00
12,668.8,2025-12-08 00:28:19+00
12,667,2025-12-08 00:28:20+00
12,661.9,2025-12-08 00:28:21+00
12,662.5,2025-12-08 00:28:22+00
12,665.6,2025-12-08 00:28:23+00
12,662.5,2025-12-08 00:28:24+00
12,662,2025-12-08 00:28:25+00
12,660.3,2025-12-08 00:28:26+00
12,661.8,2025-12-08 00:28:27+00
12,663.9,2025-12-08 00:28:28+00
12,674,2025-12-08 00:28:29+00
12,659.8,2025-12-08 00:28:30+00
12,661.8,2025-12-08 00:28:31+00
12,661.7,2025-12-08 00:28:32+00
12,657.3,2025-12-08 00:28:33+00
12,661.5,2025-12-08 00:28:34+00
12,662.2,2025-12-08 00:28:35+00
12,660.1,2025-12-08 00:28:36+00
12,661.5,2025-12-08 00:28:37+00
12,662.6,2025-12-08 00:28:38+00
12,660.9,2025-12-08 00:28:39+00
12,665.7,2025-12-08 00:28:40+00
12,661,2025-12-08 00:28:41+00
12,661.5,2025-12-08 00:28:42+00
12,664.6,2025-12-08 00:28:43+00
12,663,2025-12-08 00:28:44+00
12,662.6,2025-12-08 00:28:45+00
12,661.1,2025-12-08 00:28:46+00
12,666,2025-12-08 00:28:47+00
12,659,2025-12-08 00:28:48+00
12,662.2,2025-12-08 00:28:49+00
12,659.8,2025-12-08 00:28:50+00
12,658.9,2025-12-08 00:28:51+00
12,663.5,2025-12-08 00:28:52+00
12,661.1,2025-12-08 00:28:53+00
12,664.8,2025-12-08 00:28:54+00
12,662.7,2025-12-08 00:28:55+00
12,662.7,2025-12-08 00:28:56+00
12,662.2,2025-12-08 00:28:57+00
12,662.2,2025-12-08 00:28:58+00
12,663.2,2025-12-08 00:28:59+00
12,668.2,2025-12-08 00:29:00+00
12,664.1,2025-12-08 00:29:01+00
12,662.2,2025-12-08 00:29:02+00
12,662.6,2025-12-08 00:29:03+00
12,664.7,2025-12-08 00:29:04+00
12,661.5,2025-12-08 00:29:05+00
12,664.9,2025-12-08 00:29:06+00
12,663.8,2025-12-08 00:29:07+00
12,660.4,2025-12-08 00:29:08+00
12,661.3,2025-12-08 00:29:09+00
12,667.5,2025-12-08 00:29:10+00
12,660.9,2025-12-08 00:29:11+00
12,659.8,2025-12-08 00:29:12+00
12,661.6,2025-12-08 00:29:13+00
12,662.3,2025-12-08 00:29:14+00
12,659.6,2025-12-08 00:29:15+00
12,660.5,2025-12-08 00:29:16+00
12,660.7,2025-12-08 00:29:17+00
12,659.7,2025-12-08 00:29:18+00
12,666.8,2025-12-08 00:29:19+00
12,667.7,2025-12-08 00:29:20+00
12,663.5,2025-12-08 00:29:21+00
12,664.7,2025-12-08 00:29:22+00
12,667.6,2025-12-08 00:29:23+00
12,663.1,2025-12-08 00:29:24+00
12,660.8,2025-12-08 00:29:25+00
12,659.9,2025-12-08 00:29:26+00
12,660.9,2025-12-08 00:29:27+00
12,661.2,2025-12-08 00:29:28+00
12,659.5,2025-12-08 00:29:29+00
12,659.1,2025-12-08 00:29:30+00
12,659.9,2025-12-08 00:29:31+00
12,658.5,2025-12-08 00:29:32+00
12,659.8,2025-12-08 00:29:33+00
12,662.2,2025-12-08 00:29:34+00
12,658.9,2025-12-08 00:29:35+00
12,662.5,2025-12-08 00:29:36+00
12,661.5,2025-12-08 00:29:37+00
12,661.8,2025-12-08 00:29:38+00
12,777.6,2025-12-08 00:29:39+00
12,763.3,2025-12-08 00:29:40+00
12,759.3,2025-12-08 00:29:41+00
12,759.9,2025-12-08 00:29:42+00
12,761.5,2025-12-08 00:29:43+00
12,758.7,2025-12-08 00:29:44+00
12,755.5,2025-12-08 00:29:45+00
12,757.6,2025-12-08 00:29:46+00
12,757.2,2025-12-08 00:29:47+00
12,755.6,2025-12-08 00:29:48+00
12,749.6,2025-12-08 00:29:49+00
12,748.7,2025-12-08 00:29:50+00
12,751.5,2025-12-08 00:29:51+00
12,751,2025-12-08 00:29:52+00
12,749.1,2025-12-08 00:29:53+00
12,750.1,2025-12-08 00:29:54+00
12,751.8,2025-12-08 00:29:55+00
12,748.6,2025-12-08 00:29:56+00
12,749.6,2025-12-08 00:29:57+00
12,800.2,2025-12-08 00:29:58+00
12,767.8,2025-12-08 00:29:59+00
12,761.2,2025-12-08 00:30:00+00
12,760.6,2025-12-08 00:30:01+00
12,760,2025-12-08 00:30:02+00
12,760.9,2025-12-08 00:30:03+00
12,766.9,2025-12-08 00:30:04+00
12,765,2025-12-08 00:30:05+00
12,764.9,2025-12-08 00:30:06+00
12,765.3,2025-12-08 00:30:07+00
12,763.2,2025-12-08 00:30:08+00
12,765.3,2025-12-08 00:30:09+00
12,766.4,2025-12-08 00:30:10+00
12,765,2025-12-08 00:30:11+00
12,764,2025-12-08 00:30:12+00
12,765,2025-12-08 00:30:13+00
12,765.1,2025-12-08 00:30:14+00
12,767.3,2025-12-08 00:30:15+00
12,765.9,2025-12-08 00:30:16+00
12,771.2,2025-12-08 00:30:17+00
12,764.5,2025-12-08 00:30:18+00
12,769.1,2025-12-08 00:30:19+00
12,772.2,2025-12-08 00:30:20+00
12,771.1,2025-12-08 00:30:21+00
12,772.7,2025-12-08 00:30:22+00
12,764.4,2025-12-08 00:30:23+00
12,763,2025-12-08 00:30:24+00
12,774.6,2025-12-08 00:30:25+00
12,763.6,2025-12-08 00:30:26+00
12,761.5,2025-12-08 00:30:27+00
12,766.7,2025-12-08 00:30:28+00
12,765.9,2025-12-08 00:30:29+00
12,1045.5,2025-12-08 00:30:30+00
12,1098.4,2025-12-08 00:30:31+00
12,968,2025-12-08 00:30:32+00
12,977.5,2025-12-08 00:30:33+00
12,1052.8,2025-12-08 00:30:34+00
12,979.7,2025-12-08 00:30:35+00
12,1025.1,2025-12-08 00:30:36+00
12,1052.3,2025-12-08 00:30:37+00
12,1079.5,2025-12-08 00:30:38+00
12,1104,2025-12-08 00:30:39+00
12,1128.1,2025-12-08 00:30:40+00
12,1149.7,2025-12-08 00:30:41+00
12,1166,2025-12-08 00:30:42+00
12,1182.9,2025-12-08 00:30:43+00
12,1197.8,2025-12-08 00:30:44+00
12,1202.4,2025-12-08 00:30:45+00
12,1208.7,2025-12-08 00:30:46+00
12,1211.4,2025-12-08 00:30:47+00
12,1211.9,2025-12-08 00:30:48+00
12,1212.9,2025-12-08 00:30:49+00
12,1215.2,2025-12-08 00:30:50+00
12,1212,2025-12-08 00:30:51+00
12,1224.3,2025-12-08 00:30:52+00
12,1223.2,2025-12-08 00:30:53+00
12,1211.8,2025-12-08 00:30:54+00
12,1213.5,2025-12-08 00:30:55+00
12,1215.2,2025-12-08 00:30:56+00
12,1213.4,2025-12-08 00:30:57+00
12,1216.3,2025-12-08 00:30:58+00
12,1214.6,2025-12-08 00:30:59+00
12,1220.1,2025-12-08 00:31:00+00
12,1249.4,2025-12-08 00:31:01+00
12,1217,2025-12-08 00:31:02+00
12,1215.7,2025-12-08 00:31:03+00
12,1217.2,2025-12-08 00:31:04+00
12,1217.8,2025-12-08 00:31:05+00
12,1222.3,2025-12-08 00:31:06+00
12,1222.6,2025-12-08 00:31:07+00
12,1228,2025-12-08 00:31:08+00
12,1227.7,2025-12-08 00:31:09+00
12,1228.9,2025-12-08 00:31:10+00
12,1229.3,2025-12-08 00:31:11+00
12,1231,2025-12-08 00:31:12+00
12,1234.2,2025-12-08 00:31:13+00
12,1242.4,2025-12-08 00:31:14+00
12,1235.9,2025-12-08 00:31:15+00
12,1236.4,2025-12-08 00:31:16+00
12,1245.6,2025-12-08 00:31:17+00
12,1237.8,2025-12-08 00:31:18+00
12,1244.2,2025-12-08 00:31:19+00
12,1246.1,2025-12-08 00:31:20+00
12,1248.4,2025-12-08 00:31:21+00
12,1239.8,2025-12-08 00:31:22+00
12,1239,2025-12-08 00:31:23+00
12,1242.8,2025-12-08 00:31:24+00
12,1240,2025-12-08 00:31:25+00
12,1238.5,2025-12-08 00:31:26+00
12,1238.3,2025-12-08 00:31:27+00
12,1239.1,2025-12-08 00:31:28+00
12,1238,2025-12-08 00:31:29+00
12,1232.7,2025-12-08 00:31:30+00
12,1239.5,2025-12-08 00:31:31+00
12,1235,2025-12-08 00:31:32+00
12,1237.6,2025-12-08 00:31:33+00
12,1238.4,2025-12-08 00:31:34+00
12,1238.7,2025-12-08 00:31:35+00
12,1238.2,2025-12-08 00:31:36+00
12,1236.3,2025-12-08 00:31:37+00
12,1239.3,2025-12-08 00:31:38+00
12,1239.5,2025-12-08 00:31:39+00
12,1243,2025-12-08 00:31:40+00
12,1240.2,2025-12-08 00:31:41+00
12,1239.6,2025-12-08 00:31:42+00
12,1242,2025-12-08 00:31:43+00
12,1241.5,2025-12-08 00:31:44+00
12,1240.2,2025-12-08 00:31:45+00
12,1244.7,2025-12-08 00:31:46+00
12,1244.1,2025-12-08 00:31:47+00
12,1242.4,2025-12-08 00:31:48+00
12,1245.8,2025-12-08 00:31:49+00
12,1246.3,2025-12-08 00:31:50+00
12,1245.6,2025-12-08 00:31:51+00
12,1245.3,2025-12-08 00:31:52+00
12,1242.3,2025-12-08 00:31:53+00
12,1242.2,2025-12-08 00:31:54+00
12,1243.3,2025-12-08 00:31:55+00
12,1241.9,2025-12-08 00:31:56+00
12,1243.1,2025-12-08 00:31:57+00
12,1243,2025-12-08 00:31:58+00
12,1240.1,2025-12-08 00:31:59+00
12,1244.3,2025-12-08 00:32:00+00
12,1247,2025-12-08 00:32:01+00
12,1245.4,2025-12-08 00:32:02+00
12,1242.9,2025-12-08 00:32:03+00
12,1243.4,2025-12-08 00:32:04+00
12,1240.6,2025-12-08 00:32:05+00
12,1239.8,2025-12-08 00:32:06+00
12,1243.3,2025-12-08 00:32:07+00
12,1237.1,2025-12-08 00:32:08+00
12,1237.2,2025-12-08 00:32:09+00
12,1239.4,2025-12-08 00:32:10+00
12,1239.3,2025-12-08 00:32:11+00
12,1235.3,2025-12-08 00:32:12+00
12,1259.7,2025-12-08 00:32:13+00
12,1238,2025-12-08 00:32:14+00
12,1239.2,2025-12-08 00:32:15+00
12,1239.5,2025-12-08 00:32:16+00
12,1246.3,2025-12-08 00:32:17+00
12,1241,2025-12-08 00:32:18+00
12,1244.7,2025-12-08 00:32:19+00
12,1244.6,2025-12-08 00:32:20+00
12,1243.7,2025-12-08 00:32:21+00
12,1244.9,2025-12-08 00:32:22+00
12,1241.9,2025-12-08 00:32:23+00
12,1238.2,2025-12-08 00:32:24+00
12,1243.2,2025-12-08 00:32:25+00
12,1261.5,2025-12-08 00:32:26+00
12,1242.4,2025-12-08 00:32:27+00
12,1249.2,2025-12-08 00:32:28+00
12,1251.7,2025-12-08 00:32:29+00
12,1238.7,2025-12-08 00:32:30+00
12,1240.1,2025-12-08 00:32:31+00
12,1228.7,2025-12-08 00:32:32+00
12,1229.5,2025-12-08 00:32:33+00
12,1232.1,2025-12-08 00:32:34+00
12,1225,2025-12-08 00:32:35+00
12,1225,2025-12-08 00:32:36+00
12,1228.3,2025-12-08 00:32:37+00
12,1234,2025-12-08 00:32:38+00
12,1234.6,2025-12-08 00:32:39+00
12,1228.6,2025-12-08 00:32:40+00
12,1237.6,2025-12-08 00:32:41+00
12,1227.5,2025-12-08 00:32:42+00
12,1233.9,2025-12-08 00:32:43+00
12,1226.6,2025-12-08 00:32:44+00
12,1227.1,2025-12-08 00:32:45+00
12,1231.8,2025-12-08 00:32:46+00
12,1246.4,2025-12-08 00:32:47+00
12,1226.6,2025-12-08 00:32:48+00
12,1235.3,2025-12-08 00:32:49+00
12,1227,2025-12-08 00:32:50+00
12,1228.5,2025-12-08 00:32:51+00
12,1228.2,2025-12-08 00:32:52+00
12,1230.7,2025-12-08 00:32:53+00
12,1228.2,2025-12-08 00:32:54+00
12,1242.1,2025-12-08 00:32:55+00
12,1229.9,2025-12-08 00:32:56+00
12,1228.1,2025-12-08 00:32:57+00
12,1229.1,2025-12-08 00:32:58+00
12,1226.8,2025-12-08 00:32:59+00
12,1230.4,2025-12-08 00:33:00+00
12,1226.8,2025-12-08 00:33:01+00
12,1229.1,2025-12-08 00:33:02+00
12,1228.2,2025-12-08 00:33:03+00
12,1292.5,2025-12-08 00:33:04+00
12,1316.5,2025-12-08 00:33:05+00
12,1319.8,2025-12-08 00:33:06+00
12,1304.8,2025-12-08 00:33:07+00
12,1303.1,2025-12-08 00:33:08+00
12,1302,2025-12-08 00:33:09+00
12,1311.4,2025-12-08 00:33:10+00
12,1306,2025-12-08 00:33:11+00
12,1301.1,2025-12-08 00:33:12+00
12,1304.7,2025-12-08 00:33:13+00
12,1302.3,2025-12-08 00:33:14+00
12,1313.9,2025-12-08 00:33:15+00
12,1304.7,2025-12-08 00:33:16+00
12,1302.7,2025-12-08 00:33:17+00
12,1307.8,2025-12-08 00:33:18+00
12,1316.9,2025-12-08 00:33:19+00
12,1310.7,2025-12-08 00:33:20+00
12,1311.1,2025-12-08 00:33:21+00
12,1313.9,2025-12-08 00:33:22+00
12,1301.3,2025-12-08 00:33:23+00
12,1303.6,2025-12-08 00:33:24+00
12,1308.1,2025-12-08 00:33:25+00
12,1312.5,2025-12-08 00:33:26+00
12,1309,2025-12-08 00:33:27+00
12,1306.8,2025-12-08 00:33:28+00
12,1303.2,2025-12-08 00:33:29+00
12,1307.6,2025-12-08 00:33:30+00
12,1308.8,2025-12-08 00:33:31+00
12,1306,2025-12-08 00:33:32+00
12,1305.7,2025-12-08 00:33:33+00
12,1308.3,2025-12-08 00:33:34+00
12,1320.8,2025-12-08 00:33:35+00
12,1307.6,2025-12-08 00:33:36+00
12,1305.6,2025-12-08 00:33:37+00
12,1303.8,2025-12-08 00:33:38+00
12,1308.5,2025-12-08 00:33:39+00
12,1305.7,2025-12-08 00:33:40+00
12,1307.5,2025-12-08 00:33:41+00
12,1307.8,2025-12-08 00:33:42+00
12,1306,2025-12-08 00:33:43+00
12,1374.2,2025-12-08 00:33:44+00
12,1381.3,2025-12-08 00:33:45+00
12,1383.5,2025-12-08 00:33:46+00
12,1385.3,2025-12-08 00:33:47+00
12,1383.3,2025-12-08 00:33:48+00
12,1385.8,2025-12-08 00:33:49+00
12,1383,2025-12-08 00:33:50+00
12,1384.9,2025-12-08 00:33:51+00
12,1391.4,2025-12-08 00:33:52+00
12,1384.6,2025-12-08 00:33:53+00
12,1385.6,2025-12-08 00:33:54+00
12,1393.5,2025-12-08 00:33:55+00
12,1395.1,2025-12-08 00:33:56+00
12,1387.1,2025-12-08 00:33:57+00
12,1388.8,2025-12-08 00:33:58+00
12,1390.4,2025-12-08 00:33:59+00
12,1396.1,2025-12-08 00:34:00+00
12,1390.9,2025-12-08 00:34:01+00
12,1385.1,2025-12-08 00:34:02+00
12,1388.5,2025-12-08 00:34:03+00
12,1388.2,2025-12-08 00:34:04+00
12,1396.4,2025-12-08 00:34:05+00
12,1391,2025-12-08 00:34:06+00
12,1393.5,2025-12-08 00:34:07+00
12,1390.3,2025-12-08 00:34:08+00
12,1387.6,2025-12-08 00:34:09+00
12,1389,2025-12-08 00:34:10+00
12,1396.7,2025-12-08 00:34:11+00
12,1390.3,2025-12-08 00:34:12+00
12,1396.4,2025-12-08 00:34:13+00
12,1392.5,2025-12-08 00:34:14+00
12,1390.2,2025-12-08 00:34:15+00
12,1388.4,2025-12-08 00:34:16+00
12,1389.1,2025-12-08 00:34:17+00
12,1388.3,2025-12-08 00:34:18+00
12,1397.1,2025-12-08 00:34:19+00
12,1395.7,2025-12-08 00:34:20+00
12,1397.2,2025-12-08 00:34:21+00
12,1392.6,2025-12-08 00:34:22+00
12,1400.5,2025-12-08 00:34:23+00
12,1473.6,2025-12-08 00:34:24+00
12,1485,2025-12-08 00:34:25+00
12,1480.2,2025-12-08 00:34:26+00
12,1479.3,2025-12-08 00:34:27+00
12,1480.7,2025-12-08 00:34:28+00
12,1482.5,2025-12-08 00:34:29+00
12,1489.9,2025-12-08 00:34:30+00
12,1496.9,2025-12-08 00:34:31+00
12,1495.9,2025-12-08 00:34:32+00
12,1492.3,2025-12-08 00:34:33+00
12,1485.4,2025-12-08 00:34:34+00
12,1488.3,2025-12-08 00:34:35+00
12,1485.5,2025-12-08 00:34:36+00
12,1486.6,2025-12-08 00:34:37+00
12,1492.5,2025-12-08 00:34:38+00
12,1488.4,2025-12-08 00:34:39+00
12,1489.7,2025-12-08 00:34:40+00
12,1488.7,2025-12-08 00:34:41+00
12,1490.7,2025-12-08 00:34:42+00
12,1489.2,2025-12-08 00:34:43+00
12,1498,2025-12-08 00:34:44+00
12,1488,2025-12-08 00:34:45+00
12,1490.1,2025-12-08 00:34:46+00
12,1494.8,2025-12-08 00:34:47+00
12,1491.9,2025-12-08 00:34:48+00
12,1493.2,2025-12-08 00:34:49+00
12,1495.1,2025-12-08 00:34:50+00
12,1492.1,2025-12-08 00:34:51+00
12,1490,2025-12-08 00:34:52+00
12,1494.9,2025-12-08 00:34:53+00
12,1495.3,2025-12-08 00:34:54+00
12,1495.1,2025-12-08 00:34:55+00
12,1499.8,2025-12-08 00:34:56+00
12,1493.4,2025-12-08 00:34:57+00
12,1494,2025-12-08 00:34:58+00
12,1493.7,2025-12-08 00:34:59+00
12,1495,2025-12-08 00:35:00+00
12,1495.8,2025-12-08 00:35:01+00
12,1493.3,2025-12-08 00:35:02+00
12,1497.9,2025-12-08 00:35:03+00
12,1494.4,2025-12-08 00:35:04+00
12,1495.7,2025-12-08 00:35:05+00
12,1498.5,2025-12-08 00:35:06+00
12,1496.3,2025-12-08 00:35:07+00
12,1492.6,2025-12-08 00:35:08+00
12,1493.9,2025-12-08 00:35:09+00
12,1497.4,2025-12-08 00:35:10+00
12,1498.3,2025-12-08 00:35:11+00
12,1494.8,2025-12-08 00:35:12+00
12,1498.3,2025-12-08 00:35:13+00
12,1501.5,2025-12-08 00:35:14+00
12,1494.8,2025-12-08 00:35:15+00
12,1494.1,2025-12-08 00:35:16+00
12,1496,2025-12-08 00:35:17+00
12,1495.3,2025-12-08 00:35:18+00
12,1504.5,2025-12-08 00:35:19+00
12,1502.6,2025-12-08 00:35:20+00
12,1498.7,2025-12-08 00:35:21+00
12,1499.2,2025-12-08 00:35:22+00
12,1499.8,2025-12-08 00:35:23+00
12,1504.5,2025-12-08 00:35:24+00
12,1495.8,2025-12-08 00:35:25+00
12,1498,2025-12-08 00:35:26+00
12,1495.7,2025-12-08 00:35:27+00
12,1499.3,2025-12-08 00:35:28+00
12,1497,2025-12-08 00:35:29+00
12,1494,2025-12-08 00:35:30+00
12,1497.3,2025-12-08 00:35:31+00
12,1499.5,2025-12-08 00:35:32+00
12,1516.1,2025-12-08 00:35:33+00
12,1496.6,2025-12-08 00:35:34+00
12,1498.3,2025-12-08 00:35:35+00
12,1496.8,2025-12-08 00:35:36+00
12,1497.9,2025-12-08 00:35:37+00
12,1500.7,2025-12-08 00:35:38+00
12,1499.3,2025-12-08 00:35:39+00
12,1499.2,2025-12-08 00:35:40+00
12,1500.9,2025-12-08 00:35:41+00
12,1500.4,2025-12-08 00:35:42+00
12,1501.2,2025-12-08 00:35:43+00
12,1500.9,2025-12-08 00:35:44+00
12,1495.6,2025-12-08 00:35:45+00
12,1500,2025-12-08 00:35:46+00
12,1499.4,2025-12-08 00:35:47+00
12,1498.6,2025-12-08 00:35:48+00
12,1501.8,2025-12-08 00:35:49+00
12,1499.9,2025-12-08 00:35:50+00
12,1499.3,2025-12-08 00:35:51+00
12,1501.6,2025-12-08 00:35:52+00
12,1502.5,2025-12-08 00:35:53+00
12,1502.6,2025-12-08 00:35:54+00
12,1502.3,2025-12-08 00:35:55+00
12,1502.1,2025-12-08 00:35:56+00
12,1508.5,2025-12-08 00:35:57+00
12,1503.3,2025-12-08 00:35:58+00
12,1502.9,2025-12-08 00:35:59+00
12,1512.2,2025-12-08 00:36:00+00
12,1504.7,2025-12-08 00:36:01+00
12,1505.8,2025-12-08 00:36:02+00
12,1500.8,2025-12-08 00:36:03+00
12,1503.6,2025-12-08 00:36:04+00
12,1504.8,2025-12-08 00:36:05+00
12,1496.7,2025-12-08 00:36:06+00
12,1499.4,2025-12-08 00:36:07+00
12,1502.5,2025-12-08 00:36:08+00
12,1505.2,2025-12-08 00:36:09+00
12,1502.8,2025-12-08 00:36:10+00
12,1500.9,2025-12-08 00:36:11+00
12,1500.5,2025-12-08 00:36:12+00
12,1502.5,2025-12-08 00:36:13+00
12,1499.6,2025-12-08 00:36:14+00
12,1497.8,2025-12-08 00:36:15+00
12,1502.3,2025-12-08 00:36:16+00
12,1502.9,2025-12-08 00:36:17+00
12,1518.4,2025-12-08 00:36:18+00
12,1505.6,2025-12-08 00:36:19+00
12,1503.8,2025-12-08 00:36:20+00
12,1507.2,2025-12-08 00:36:21+00
12,1501.7,2025-12-08 00:36:22+00
12,1499.8,2025-12-08 00:36:23+00
12,1501.2,2025-12-08 00:36:24+00
12,1502.5,2025-12-08 00:36:25+00
12,1501.9,2025-12-08 00:36:26+00
12,1498.7,2025-12-08 00:36:27+00
12,1504.4,2025-12-08 00:36:28+00
12,1500,2025-12-08 00:36:29+00
12,1502.3,2025-12-08 00:36:30+00
12,1499.3,2025-12-08 00:36:31+00
12,1500.4,2025-12-08 00:36:32+00
12,1503.4,2025-12-08 00:36:33+00
12,1504.9,2025-12-08 00:36:34+00
12,1501.1,2025-12-08 00:36:35+00
12,1505.8,2025-12-08 00:36:36+00
12,1503.4,2025-12-08 00:36:37+00
12,1501.8,2025-12-08 00:36:38+00
12,1503.1,2025-12-08 00:36:39+00
12,1504.7,2025-12-08 00:36:40+00
12,1503.7,2025-12-08 00:36:41+00
12,1503.9,2025-12-08 00:36:42+00
12,1506.9,2025-12-08 00:36:43+00
12,1506.6,2025-12-08 00:36:44+00
12,1505.5,2025-12-08 00:36:45+00
12,1506.2,2025-12-08 00:36:46+00
12,1506.3,2025-12-08 00:36:47+00
12,1500.1,2025-12-08 00:36:48+00
12,1502.1,2025-12-08 00:36:49+00
12,1501.8,2025-12-08 00:36:50+00
12,1504.1,2025-12-08 00:36:51+00
12,1507.5,2025-12-08 00:36:52+00
12,1501.9,2025-12-08 00:36:53+00
12,1518.2,2025-12-08 00:36:54+00
12,1501.1,2025-12-08 00:36:55+00
12,1499.3,2025-12-08 00:36:56+00
12,1503.9,2025-12-08 00:36:57+00
12,1510.2,2025-12-08 00:36:58+00
12,1510.6,2025-12-08 00:36:59+00
12,1506.8,2025-12-08 00:37:00+00
12,1511.7,2025-12-08 00:37:01+00
12,1510.9,2025-12-08 00:37:02+00
12,1508.4,2025-12-08 00:37:03+00
12,1506.1,2025-12-08 00:37:04+00
12,1507.3,2025-12-08 00:37:05+00
12,1506,2025-12-08 00:37:06+00
12,1507.6,2025-12-08 00:37:07+00
12,1502.1,2025-12-08 00:37:08+00
12,1499.9,2025-12-08 00:37:09+00
12,1504,2025-12-08 00:37:10+00
12,1505.8,2025-12-08 00:37:11+00
12,1504.8,2025-12-08 00:37:12+00
12,1507.6,2025-12-08 00:37:13+00
12,1506.1,2025-12-08 00:37:14+00
12,1503.4,2025-12-08 00:37:15+00
12,1503.5,2025-12-08 00:37:16+00
12,1504.8,2025-12-08 00:37:17+00
12,1506.8,2025-12-08 00:37:18+00
12,1512.2,2025-12-08 00:37:19+00
12,1509.3,2025-12-08 00:37:20+00
12,1506.6,2025-12-08 00:37:21+00
12,1505.7,2025-12-08 00:37:22+00
12,1503.8,2025-12-08 00:37:23+00
12,1504.2,2025-12-08 00:37:24+00
12,1519.2,2025-12-08 00:37:25+00
12,1503.4,2025-12-08 00:37:26+00
12,1502.6,2025-12-08 00:37:27+00
12,1506.5,2025-12-08 00:37:28+00
12,1505.7,2025-12-08 00:37:29+00
12,1503.7,2025-12-08 00:37:30+00
12,1505.9,2025-12-08 00:37:31+00
12,1503.8,2025-12-08 00:37:32+00
12,1514.1,2025-12-08 00:37:33+00
12,1507.2,2025-12-08 00:37:34+00
12,1507.9,2025-12-08 00:37:35+00
12,1503.8,2025-12-08 00:37:36+00
12,1506.8,2025-12-08 00:37:37+00
12,1507.2,2025-12-08 00:37:38+00
12,1507.6,2025-12-08 00:37:39+00
12,1512.2,2025-12-08 00:37:40+00
12,1513.3,2025-12-08 00:37:41+00
12,1503.5,2025-12-08 00:37:42+00
12,1507,2025-12-08 00:37:43+00
12,1506,2025-12-08 00:37:44+00
12,1508.5,2025-12-08 00:37:45+00
12,1509.7,2025-12-08 00:37:46+00
12,1512.7,2025-12-08 00:37:47+00
12,1606.7,2025-12-08 00:37:48+00
12,1634.2,2025-12-08 00:37:49+00
12,1635,2025-12-08 00:37:50+00
12,1641,2025-12-08 00:37:51+00
12,1641.8,2025-12-08 00:37:52+00
12,1639.8,2025-12-08 00:37:53+00
12,1648.2,2025-12-08 00:37:54+00
12,1642.1,2025-12-08 00:37:55+00
12,1641.1,2025-12-08 00:37:56+00
12,1639.7,2025-12-08 00:37:57+00
12,1646.5,2025-12-08 00:37:58+00
12,1640.3,2025-12-08 00:37:59+00
12,1654.5,2025-12-08 00:38:00+00
12,1640.9,2025-12-08 00:38:01+00
12,1641.8,2025-12-08 00:38:02+00
12,1638.1,2025-12-08 00:38:03+00
12,1638.3,2025-12-08 00:38:04+00
12,1636.5,2025-12-08 00:38:05+00
12,1639.1,2025-12-08 00:38:06+00
12,1641,2025-12-08 00:38:07+00
12,1639.1,2025-12-08 00:38:08+00
12,1639.5,2025-12-08 00:38:09+00
12,1637.7,2025-12-08 00:38:10+00
12,1639.4,2025-12-08 00:38:11+00
12,1639.9,2025-12-08 00:38:12+00
12,1643.8,2025-12-08 00:38:13+00
12,1639.4,2025-12-08 00:38:14+00
12,1636.9,2025-12-08 00:38:15+00
12,1640.5,2025-12-08 00:38:16+00
12,1641.3,2025-12-08 00:38:17+00
12,1640.9,2025-12-08 00:38:18+00
12,1644.9,2025-12-08 00:38:19+00
12,1642.7,2025-12-08 00:38:20+00
12,1636.1,2025-12-08 00:38:21+00
12,1641.3,2025-12-08 00:38:22+00
12,1642.2,2025-12-08 00:38:23+00
12,1639.1,2025-12-08 00:38:24+00
12,1639.6,2025-12-08 00:38:25+00
12,1637.8,2025-12-08 00:38:26+00
12,1640.3,2025-12-08 00:38:27+00
12,1640.8,2025-12-08 00:38:28+00
12,1637.6,2025-12-08 00:38:29+00
12,1638.1,2025-12-08 00:38:30+00
12,1636.6,2025-12-08 00:38:31+00
12,1639.1,2025-12-08 00:38:32+00
12,1648.3,2025-12-08 00:38:33+00
12,1638.3,2025-12-08 00:38:34+00
12,1639,2025-12-08 00:38:35+00
12,1638,2025-12-08 00:38:36+00
12,1641.4,2025-12-08 00:38:37+00
12,1649,2025-12-08 00:38:38+00
12,1640,2025-12-08 00:38:39+00
12,1640.6,2025-12-08 00:38:40+00
12,1639.3,2025-12-08 00:38:41+00
12,1641.5,2025-12-08 00:38:42+00
12,1641.6,2025-12-08 00:38:43+00
12,1641.8,2025-12-08 00:38:44+00
12,1645.5,2025-12-08 00:38:45+00
12,1642.3,2025-12-08 00:38:46+00
12,1642,2025-12-08 00:38:47+00
12,1652,2025-12-08 00:38:48+00
12,1639.4,2025-12-08 00:38:49+00
12,1637.4,2025-12-08 00:38:50+00
12,1638.9,2025-12-08 00:38:51+00
12,1641.7,2025-12-08 00:38:52+00
12,1642,2025-12-08 00:38:53+00
12,1638.1,2025-12-08 00:38:54+00
12,1642.3,2025-12-08 00:38:55+00
12,1640.2,2025-12-08 00:38:56+00
12,1643.4,2025-12-08 00:38:57+00
12,1644.4,2025-12-08 00:38:58+00
12,1643.2,2025-12-08 00:38:59+00
12,1644.7,2025-12-08 00:39:00+00
12,1645.2,2025-12-08 00:39:01+00
12,1642.3,2025-12-08 00:39:02+00
12,1643.4,2025-12-08 00:39:03+00
12,1645.6,2025-12-08 00:39:04+00
12,1639.3,2025-12-08 00:39:05+00
12,1640.8,2025-12-08 00:39:06+00
12,1643.4,2025-12-08 00:39:07+00
12,1641.1,2025-12-08 00:39:08+00
12,1640.2,2025-12-08 00:39:09+00
12,1644.5,2025-12-08 00:39:10+00
12,1639.1,2025-12-08 00:39:11+00
12,1641.9,2025-12-08 00:39:12+00
12,1641.7,2025-12-08 00:39:13+00
12,1642.8,2025-12-08 00:39:14+00
12,1643.4,2025-12-08 00:39:15+00
12,1643,2025-12-08 00:39:16+00
12,1643.9,2025-12-08 00:39:17+00
12,1643.1,2025-12-08 00:39:18+00
12,1651.5,2025-12-08 00:39:19+00
12,1671.8,2025-12-08 00:39:20+00
12,1667.1,2025-12-08 00:39:21+00
12,1647.9,2025-12-08 00:39:22+00
12,1648.2,2025-12-08 00:39:23+00
12,1644.3,2025-12-08 00:39:24+00
12,1652.2,2025-12-08 00:39:25+00
12,1648.1,2025-12-08 00:39:26+00
12,1651.4,2025-12-08 00:39:27+00
12,1672,2025-12-08 00:39:28+00
12,1646.9,2025-12-08 00:39:29+00
12,1647,2025-12-08 00:39:30+00
12,1654.2,2025-12-08 00:39:31+00
12,1653.2,2025-12-08 00:39:32+00
12,1653.6,2025-12-08 00:39:33+00
12,1656.3,2025-12-08 00:39:34+00
12,1540.7,2025-12-08 00:39:35+00
12,1512.8,2025-12-08 00:39:36+00
12,1523.6,2025-12-08 00:39:37+00
12,1532.3,2025-12-08 00:39:38+00
12,1524.9,2025-12-08 00:39:39+00
12,1479,2025-12-08 00:39:40+00
12,652.2,2025-12-08 00:39:41+00
12,659.1,2025-12-08 00:39:42+00
12,665.4,2025-12-08 00:39:43+00
12,690.3,2025-12-08 00:39:44+00
12,664.8,2025-12-08 00:39:45+00
12,664.5,2025-12-08 00:39:46+00
12,666.2,2025-12-08 00:39:47+00
12,666.5,2025-12-08 00:39:48+00
12,665.4,2025-12-08 00:39:49+00
12,664.3,2025-12-08 00:39:50+00
12,662.5,2025-12-08 00:39:51+00
12,666.4,2025-12-08 00:39:52+00
12,664,2025-12-08 00:39:53+00
12,665,2025-12-08 00:39:54+00
12,663.6,2025-12-08 00:39:55+00
12,664.9,2025-12-08 00:39:56+00
12,668.2,2025-12-08 00:39:57+00
12,668.4,2025-12-08 00:39:58+00
12,664.9,2025-12-08 00:39:59+00
12,665.6,2025-12-08 00:40:00+00
12,667.3,2025-12-08 00:40:01+00
12,667.7,2025-12-08 00:40:02+00
12,667.8,2025-12-08 00:40:03+00
12,692.9,2025-12-08 00:40:04+00
12,681.9,2025-12-08 00:40:05+00
12,681.3,2025-12-08 00:40:06+00
12,682.8,2025-12-08 00:40:07+00
12,682.6,2025-12-08 00:40:08+00
12,682.3,2025-12-08 00:40:09+00
12,679.2,2025-12-08 00:40:10+00
12,635.4,2025-12-08 00:40:11+00
12,635.5,2025-12-08 00:40:12+00
12,539.7,2025-12-08 00:40:13+00
12,538.9,2025-12-08 00:40:14+00
12,540.1,2025-12-08 00:40:15+00
12,537.2,2025-12-08 00:40:16+00
12,535.6,2025-12-08 00:40:17+00
12,537.9,2025-12-08 00:40:18+00
12,540.8,2025-12-08 00:40:19+00
12,576.3,2025-12-08 00:40:20+00
12,626.9,2025-12-08 00:40:21+00
12,637.5,2025-12-08 00:40:22+00
12,636.8,2025-12-08 00:40:23+00
12,636.9,2025-12-08 00:40:24+00
12,638.7,2025-12-08 00:40:25+00
12,638.5,2025-12-08 00:40:26+00
12,642.5,2025-12-08 00:40:27+00
12,646.8,2025-12-08 00:40:28+00
12,646,2025-12-08 00:40:29+00
12,653.5,2025-12-08 00:40:30+00
12,649.8,2025-12-08 00:40:31+00
12,646.8,2025-12-08 00:40:32+00
12,653.6,2025-12-08 00:40:33+00
12,655,2025-12-08 00:40:34+00
12,652.8,2025-12-08 00:40:35+00
12,657.9,2025-12-08 00:40:36+00
12,657.2,2025-12-08 00:40:37+00
12,657.3,2025-12-08 00:40:38+00
12,662.6,2025-12-08 00:40:39+00
12,661.8,2025-12-08 00:40:40+00
12,661.2,2025-12-08 00:40:41+00
12,663.6,2025-12-08 00:40:42+00
12,661.7,2025-12-08 00:40:43+00
12,661.3,2025-12-08 00:40:44+00
12,671,2025-12-08 00:40:45+00
12,663.2,2025-12-08 00:40:46+00
12,663.8,2025-12-08 00:40:47+00
12,664.4,2025-12-08 00:40:48+00
12,662.2,2025-12-08 00:40:49+00
12,663.9,2025-12-08 00:40:50+00
12,662.7,2025-12-08 00:40:51+00
12,663.4,2025-12-08 00:40:52+00
12,663.8,2025-12-08 00:40:53+00
12,664.8,2025-12-08 00:40:54+00
12,664.5,2025-12-08 00:40:55+00
12,662.9,2025-12-08 00:40:56+00
12,681.1,2025-12-08 00:40:57+00
12,670.9,2025-12-08 00:40:58+00
12,669.8,2025-12-08 00:40:59+00
12,689.3,2025-12-08 00:41:00+00
12,677.8,2025-12-08 00:41:01+00
12,669.6,2025-12-08 00:41:02+00
12,668,2025-12-08 00:41:03+00
12,664.2,2025-12-08 00:41:04+00
12,680.3,2025-12-08 00:41:05+00
12,667.6,2025-12-08 00:41:06+00
12,666.2,2025-12-08 00:41:07+00
12,666,2025-12-08 00:41:08+00
12,666.1,2025-12-08 00:41:09+00
12,664.3,2025-12-08 00:41:10+00
12,668.1,2025-12-08 00:41:11+00
12,666.3,2025-12-08 00:41:12+00
12,666.1,2025-12-08 00:41:13+00
12,667,2025-12-08 00:41:14+00
12,675.9,2025-12-08 00:41:15+00
12,666.8,2025-12-08 00:41:16+00
12,666.8,2025-12-08 00:41:17+00
12,667.2,2025-12-08 00:41:18+00
12,672.1,2025-12-08 00:41:19+00
12,671,2025-12-08 00:41:20+00
12,665.5,2025-12-08 00:41:21+00
12,664.3,2025-12-08 00:41:22+00
12,675.5,2025-12-08 00:41:23+00
12,666.9,2025-12-08 00:41:24+00
12,664.2,2025-12-08 00:41:25+00
12,667.9,2025-12-08 00:41:26+00
12,667.9,2025-12-08 00:41:27+00
12,667.5,2025-12-08 00:41:28+00
12,667.3,2025-12-08 00:41:29+00
12,664.6,2025-12-08 00:41:30+00
12,664.7,2025-12-08 00:41:31+00
12,665.5,2025-12-08 00:41:32+00
12,666.8,2025-12-08 00:41:33+00
12,667,2025-12-08 00:41:34+00
12,665.6,2025-12-08 00:41:35+00
12,664.1,2025-12-08 00:41:36+00
12,666.1,2025-12-08 00:41:37+00
12,664.9,2025-12-08 00:41:38+00
12,662.9,2025-12-08 00:41:39+00
12,659.9,2025-12-08 00:41:40+00
12,664.7,2025-12-08 00:41:41+00
12,665.1,2025-12-08 00:41:42+00
12,682.1,2025-12-08 00:41:43+00
12,665.7,2025-12-08 00:41:44+00
12,662,2025-12-08 00:41:45+00
12,661.4,2025-12-08 00:41:46+00
12,664.5,2025-12-08 00:41:47+00
12,669.2,2025-12-08 00:41:48+00
12,667.1,2025-12-08 00:41:49+00
12,663.2,2025-12-08 00:41:50+00
12,663.7,2025-12-08 00:41:51+00
12,663.9,2025-12-08 00:41:52+00
12,663.8,2025-12-08 00:41:53+00
12,666.3,2025-12-08 00:41:54+00
12,675,2025-12-08 00:41:55+00
12,663.7,2025-12-08 00:41:56+00
12,662.5,2025-12-08 00:41:57+00
12,666,2025-12-08 00:41:58+00
12,666.7,2025-12-08 00:41:59+00
12,667.6,2025-12-08 00:42:00+00
12,676.5,2025-12-08 00:42:01+00
12,667.8,2025-12-08 00:42:02+00
12,668.6,2025-12-08 00:42:03+00
12,668.9,2025-12-08 00:42:04+00
12,665.9,2025-12-08 00:42:05+00
12,667.3,2025-12-08 00:42:06+00
12,662.3,2025-12-08 00:42:07+00
12,661.7,2025-12-08 00:42:08+00
12,665.6,2025-12-08 00:42:09+00
12,663.5,2025-12-08 00:42:10+00
12,682.6,2025-12-08 00:42:11+00
12,669.5,2025-12-08 00:42:12+00
12,670.2,2025-12-08 00:42:13+00
12,671.2,2025-12-08 00:42:14+00
12,671.8,2025-12-08 00:42:15+00
12,674.3,2025-12-08 00:42:16+00
12,669.5,2025-12-08 00:42:17+00
12,671.3,2025-12-08 00:42:18+00
12,676.5,2025-12-08 00:42:19+00
12,673,2025-12-08 00:42:20+00
12,676.7,2025-12-08 00:42:21+00
12,671.5,2025-12-08 00:42:22+00
12,670.2,2025-12-08 00:42:23+00
12,672.3,2025-12-08 00:42:24+00
12,683.9,2025-12-08 00:42:25+00
12,668.2,2025-12-08 00:42:26+00
12,664.3,2025-12-08 00:42:27+00
12,667.1,2025-12-08 00:42:28+00
12,662.7,2025-12-08 00:42:29+00
12,664.9,2025-12-08 00:42:30+00
12,663.2,2025-12-08 00:42:31+00
12,662.7,2025-12-08 00:42:32+00
12,661.2,2025-12-08 00:42:33+00
12,667.5,2025-12-08 00:42:34+00
12,662.8,2025-12-08 00:42:35+00
12,663.8,2025-12-08 00:42:36+00
12,667.3,2025-12-08 00:42:37+00
12,661.6,2025-12-08 00:42:38+00
12,660.9,2025-12-08 00:42:39+00
12,664.4,2025-12-08 00:42:40+00
12,662.1,2025-12-08 00:42:41+00
12,664.3,2025-12-08 00:42:42+00
12,663.9,2025-12-08 00:42:43+00
12,662.1,2025-12-08 00:42:44+00
12,661.7,2025-12-08 00:42:45+00
12,663.7,2025-12-08 00:42:46+00
12,667.9,2025-12-08 00:42:47+00
12,664.7,2025-12-08 00:42:48+00
12,662.8,2025-12-08 00:42:49+00
12,672,2025-12-08 00:42:50+00
12,661.9,2025-12-08 00:42:51+00
12,663.4,2025-12-08 00:42:52+00
12,662.7,2025-12-08 00:42:53+00
12,665,2025-12-08 00:42:54+00
12,661.8,2025-12-08 00:42:55+00
12,660.3,2025-12-08 00:42:56+00
12,660.5,2025-12-08 00:42:57+00
12,663.2,2025-12-08 00:42:58+00
12,660.7,2025-12-08 00:42:59+00
12,662.9,2025-12-08 00:43:00+00
12,665.3,2025-12-08 00:43:01+00
12,669.5,2025-12-08 00:43:02+00
12,674.6,2025-12-08 00:43:03+00
12,669,2025-12-08 00:43:04+00
12,674.1,2025-12-08 00:43:05+00
12,665.6,2025-12-08 00:43:06+00
12,670.3,2025-12-08 00:43:07+00
12,677.1,2025-12-08 00:43:08+00
12,661.4,2025-12-08 00:43:09+00
12,663.2,2025-12-08 00:43:10+00
12,662.8,2025-12-08 00:43:11+00
12,664,2025-12-08 00:43:12+00
12,664.9,2025-12-08 00:43:13+00
12,662.6,2025-12-08 00:43:14+00
12,663.2,2025-12-08 00:43:15+00
12,661.2,2025-12-08 00:43:16+00
12,661.5,2025-12-08 00:43:17+00
12,664.6,2025-12-08 00:43:18+00
12,667,2025-12-08 00:43:19+00
12,661.8,2025-12-08 00:43:20+00
12,671,2025-12-08 00:43:21+00
12,659.9,2025-12-08 00:43:22+00
12,663,2025-12-08 00:43:23+00
12,661,2025-12-08 00:43:24+00
12,667.1,2025-12-08 00:43:25+00
12,657.8,2025-12-08 00:43:26+00
12,659.1,2025-12-08 00:43:27+00
12,664.3,2025-12-08 00:43:28+00
12,659,2025-12-08 00:43:29+00
12,661.1,2025-12-08 00:43:30+00
12,675.2,2025-12-08 00:43:31+00
12,659.4,2025-12-08 00:43:32+00
12,664.7,2025-12-08 00:43:33+00
12,663.7,2025-12-08 00:43:34+00
12,662,2025-12-08 00:43:35+00
12,670.1,2025-12-08 00:43:36+00
12,662.7,2025-12-08 00:43:37+00
12,663.2,2025-12-08 00:43:38+00
12,666.2,2025-12-08 00:43:39+00
12,663.6,2025-12-08 00:43:40+00
12,660.8,2025-12-08 00:43:41+00
12,661.5,2025-12-08 00:43:42+00
12,661.7,2025-12-08 00:43:43+00
12,666.8,2025-12-08 00:43:44+00
12,664.8,2025-12-08 00:43:45+00
12,663,2025-12-08 00:43:46+00
12,662.9,2025-12-08 00:43:47+00
12,664.8,2025-12-08 00:43:48+00
12,667,2025-12-08 00:43:49+00
12,662.7,2025-12-08 00:43:50+00
12,662.9,2025-12-08 00:43:51+00
12,664.7,2025-12-08 00:43:52+00
12,660.1,2025-12-08 00:43:53+00
12,662.1,2025-12-08 00:43:54+00
12,658.7,2025-12-08 00:43:55+00
12,673.9,2025-12-08 00:43:56+00
12,663.7,2025-12-08 00:43:57+00
12,659.4,2025-12-08 00:43:58+00
12,659.4,2025-12-08 00:43:59+00
12,666.6,2025-12-08 00:44:00+00
12,660.9,2025-12-08 00:44:01+00
12,669,2025-12-08 00:44:02+00
12,673.1,2025-12-08 00:44:03+00
12,665.8,2025-12-08 00:44:04+00
12,668.1,2025-12-08 00:44:05+00
12,669.5,2025-12-08 00:44:06+00
12,661.6,2025-12-08 00:44:07+00
12,666,2025-12-08 00:44:08+00
12,662.2,2025-12-08 00:44:09+00
12,663.1,2025-12-08 00:44:10+00
12,659.8,2025-12-08 00:44:11+00
12,660.3,2025-12-08 00:44:12+00
12,660.4,2025-12-08 00:44:13+00
12,779.4,2025-12-08 00:44:14+00
12,766.3,2025-12-08 00:44:15+00
12,763.1,2025-12-08 00:44:16+00
12,763,2025-12-08 00:44:17+00
12,763.4,2025-12-08 00:44:18+00
12,764.1,2025-12-08 00:44:19+00
12,762.1,2025-12-08 00:44:20+00
12,764.2,2025-12-08 00:44:21+00
12,758.3,2025-12-08 00:44:22+00
12,756.7,2025-12-08 00:44:23+00
12,751.9,2025-12-08 00:44:24+00
12,750.7,2025-12-08 00:44:25+00
12,751.8,2025-12-08 00:44:26+00
12,753.1,2025-12-08 00:44:27+00
12,750.8,2025-12-08 00:44:28+00
12,750,2025-12-08 00:44:29+00
12,751.8,2025-12-08 00:44:30+00
12,749.9,2025-12-08 00:44:31+00
12,752.3,2025-12-08 00:44:32+00
12,753.2,2025-12-08 00:44:33+00
12,751.7,2025-12-08 00:44:34+00
12,752,2025-12-08 00:44:35+00
12,752.4,2025-12-08 00:44:36+00
12,749.9,2025-12-08 00:44:37+00
12,754.6,2025-12-08 00:44:38+00
12,758.7,2025-12-08 00:44:39+00
12,753.6,2025-12-08 00:44:40+00
12,752.9,2025-12-08 00:44:41+00
12,769.6,2025-12-08 00:44:42+00
12,790.5,2025-12-08 00:44:43+00
12,766.9,2025-12-08 00:44:44+00
12,763,2025-12-08 00:44:45+00
12,763.1,2025-12-08 00:44:46+00
12,763.7,2025-12-08 00:44:47+00
12,763.9,2025-12-08 00:44:48+00
12,762.5,2025-12-08 00:44:49+00
12,768.4,2025-12-08 00:44:50+00
12,764.9,2025-12-08 00:44:51+00
12,765.8,2025-12-08 00:44:52+00
12,765.3,2025-12-08 00:44:53+00
12,764.7,2025-12-08 00:44:54+00
12,764.9,2025-12-08 00:44:55+00
12,766.7,2025-12-08 00:44:56+00
12,768.9,2025-12-08 00:44:57+00
12,771.4,2025-12-08 00:44:58+00
12,766.9,2025-12-08 00:44:59+00
12,768.8,2025-12-08 00:45:00+00
12,766.7,2025-12-08 00:45:01+00
12,768.5,2025-12-08 00:45:02+00
12,769.3,2025-12-08 00:45:03+00
12,763.9,2025-12-08 00:45:04+00
12,768.7,2025-12-08 00:45:05+00
12,767.8,2025-12-08 00:45:06+00
12,760.8,2025-12-08 00:45:07+00
12,765.1,2025-12-08 00:45:08+00
12,766.2,2025-12-08 00:45:09+00
12,765,2025-12-08 00:45:10+00
12,766.4,2025-12-08 00:45:11+00
12,766.6,2025-12-08 00:45:12+00
12,751.8,2025-12-08 00:45:13+00
12,1031.7,2025-12-08 00:45:14+00
12,1106.5,2025-12-08 00:45:15+00
12,971.1,2025-12-08 00:45:16+00
12,969.6,2025-12-08 00:45:17+00
12,1048.1,2025-12-08 00:45:18+00
12,983.9,2025-12-08 00:45:19+00
12,1032.6,2025-12-08 00:45:20+00
12,1061.4,2025-12-08 00:45:21+00
12,1080.7,2025-12-08 00:45:22+00
12,1108.4,2025-12-08 00:45:23+00
12,1128.8,2025-12-08 00:45:24+00
12,1149.7,2025-12-08 00:45:25+00
12,1166.8,2025-12-08 00:45:26+00
12,1184.7,2025-12-08 00:45:27+00
12,1200.6,2025-12-08 00:45:28+00
12,1205.7,2025-12-08 00:45:29+00
12,1210,2025-12-08 00:45:30+00
12,1213.3,2025-12-08 00:45:31+00
12,1220.1,2025-12-08 00:45:32+00
12,1219.5,2025-12-08 00:45:33+00
12,1218.9,2025-12-08 00:45:34+00
12,1218.3,2025-12-08 00:45:35+00
12,1221.2,2025-12-08 00:45:36+00
12,1217.8,2025-12-08 00:45:37+00
12,1217.2,2025-12-08 00:45:38+00
12,1219.5,2025-12-08 00:45:39+00
12,1219,2025-12-08 00:45:40+00
12,1215.7,2025-12-08 00:45:41+00
12,1214.9,2025-12-08 00:45:42+00
12,1213.9,2025-12-08 00:45:43+00
12,1216.9,2025-12-08 00:45:44+00
12,1215.6,2025-12-08 00:45:45+00
12,1212.6,2025-12-08 00:45:46+00
12,1214.4,2025-12-08 00:45:47+00
12,1216.5,2025-12-08 00:45:48+00
12,1218.6,2025-12-08 00:45:49+00
12,1219.6,2025-12-08 00:45:50+00
12,1222.9,2025-12-08 00:45:51+00
12,1224.9,2025-12-08 00:45:52+00
12,1226.2,2025-12-08 00:45:53+00
12,1229.3,2025-12-08 00:45:54+00
12,1232.9,2025-12-08 00:45:55+00
12,1234.5,2025-12-08 00:45:56+00
12,1237.6,2025-12-08 00:45:57+00
12,1251,2025-12-08 00:45:58+00
12,1235.8,2025-12-08 00:45:59+00
12,1237.5,2025-12-08 00:46:00+00
12,1241.8,2025-12-08 00:46:01+00
12,1239.7,2025-12-08 00:46:02+00
12,1240.8,2025-12-08 00:46:03+00
12,1240.4,2025-12-08 00:46:04+00
12,1238.9,2025-12-08 00:46:05+00
12,1239.5,2025-12-08 00:46:06+00
12,1238.6,2025-12-08 00:46:07+00
12,1236.3,2025-12-08 00:46:08+00
12,1256.6,2025-12-08 00:46:09+00
12,1239.1,2025-12-08 00:46:10+00
12,1239.2,2025-12-08 00:46:11+00
12,1236.7,2025-12-08 00:46:12+00
12,1237.5,2025-12-08 00:46:13+00
12,1237.9,2025-12-08 00:46:14+00
12,1235.2,2025-12-08 00:46:15+00
12,1235.1,2025-12-08 00:46:16+00
12,1236.3,2025-12-08 00:46:17+00
12,1235.7,2025-12-08 00:46:18+00
12,1261,2025-12-08 00:46:19+00
12,1242.9,2025-12-08 00:46:20+00
12,1244.2,2025-12-08 00:46:21+00
12,1238.3,2025-12-08 00:46:22+00
12,1239.4,2025-12-08 00:46:23+00
12,1240.7,2025-12-08 00:46:24+00
12,1239,2025-12-08 00:46:25+00
12,1240.2,2025-12-08 00:46:26+00
12,1243.6,2025-12-08 00:46:27+00
12,1243.8,2025-12-08 00:46:28+00
12,1244,2025-12-08 00:46:29+00
12,1246,2025-12-08 00:46:30+00
12,1241,2025-12-08 00:46:31+00
12,1242.1,2025-12-08 00:46:32+00
12,1246,2025-12-08 00:46:33+00
12,1246.4,2025-12-08 00:46:34+00
12,1241.1,2025-12-08 00:46:35+00
12,1243,2025-12-08 00:46:36+00
12,1241.2,2025-12-08 00:46:37+00
12,1246.1,2025-12-08 00:46:38+00
12,1246.2,2025-12-08 00:46:39+00
12,1245.4,2025-12-08 00:46:40+00
12,1242.3,2025-12-08 00:46:41+00
12,1244.8,2025-12-08 00:46:42+00
12,1243.4,2025-12-08 00:46:43+00
12,1244.5,2025-12-08 00:46:44+00
12,1241.8,2025-12-08 00:46:45+00
12,1239.9,2025-12-08 00:46:46+00
12,1241.6,2025-12-08 00:46:47+00
12,1242.8,2025-12-08 00:46:48+00
12,1235.4,2025-12-08 00:46:49+00
12,1238.4,2025-12-08 00:46:50+00
12,1240.3,2025-12-08 00:46:51+00
12,1236,2025-12-08 00:46:52+00
12,1240.4,2025-12-08 00:46:53+00
12,1242.4,2025-12-08 00:46:54+00
12,1236.9,2025-12-08 00:46:55+00
12,1237.4,2025-12-08 00:46:56+00
12,1242.6,2025-12-08 00:46:57+00
12,1237.3,2025-12-08 00:46:58+00
12,1241.3,2025-12-08 00:46:59+00
12,1241.6,2025-12-08 00:47:00+00
12,1250.7,2025-12-08 00:47:01+00
12,1243.3,2025-12-08 00:47:02+00
12,1239.4,2025-12-08 00:47:03+00
12,1240.4,2025-12-08 00:47:04+00
12,1225.8,2025-12-08 00:47:05+00
12,1228.5,2025-12-08 00:47:06+00
12,1227.1,2025-12-08 00:47:07+00
12,1234.1,2025-12-08 00:47:08+00
12,1232.9,2025-12-08 00:47:09+00
12,1232.9,2025-12-08 00:47:10+00
12,1228.1,2025-12-08 00:47:11+00
12,1229.3,2025-12-08 00:47:12+00
12,1236.8,2025-12-08 00:47:13+00
12,1232,2025-12-08 00:47:14+00
12,1228.7,2025-12-08 00:47:15+00
12,1224.3,2025-12-08 00:47:16+00
12,1228.9,2025-12-08 00:47:17+00
12,1229.7,2025-12-08 00:47:18+00
12,1233.7,2025-12-08 00:47:19+00
12,1233.9,2025-12-08 00:47:20+00
12,1230.9,2025-12-08 00:47:21+00
12,1224.9,2025-12-08 00:47:22+00
12,1241.5,2025-12-08 00:47:23+00
12,1226.8,2025-12-08 00:47:24+00
12,1225.2,2025-12-08 00:47:25+00
12,1185.2,2025-12-08 00:47:26+00
12,1187.1,2025-12-08 00:47:27+00
12,1184.4,2025-12-08 00:47:28+00
12,1183,2025-12-08 00:47:29+00
12,1184.4,2025-12-08 00:47:30+00
12,1180.6,2025-12-08 00:47:31+00
12,1183.4,2025-12-08 00:47:32+00
12,1185,2025-12-08 00:47:33+00
12,1184.2,2025-12-08 00:47:34+00
12,1183,2025-12-08 00:47:35+00
12,1186.3,2025-12-08 00:47:36+00
12,1184.6,2025-12-08 00:47:37+00
12,1185,2025-12-08 00:47:38+00
12,1185,2025-12-08 00:47:39+00
12,1182,2025-12-08 00:47:40+00
12,1191.9,2025-12-08 00:47:41+00
12,1182.6,2025-12-08 00:47:42+00
12,1182.5,2025-12-08 00:47:43+00
12,1183.8,2025-12-08 00:47:44+00
12,1181.5,2025-12-08 00:47:45+00
12,1183.7,2025-12-08 00:47:46+00
12,1187.2,2025-12-08 00:47:47+00
12,1185.5,2025-12-08 00:47:48+00
12,1181.4,2025-12-08 00:47:49+00
12,1182.2,2025-12-08 00:47:50+00
12,1181.8,2025-12-08 00:47:51+00
12,1180,2025-12-08 00:47:52+00
12,1191.5,2025-12-08 00:47:53+00
12,1179.6,2025-12-08 00:47:54+00
12,1186.7,2025-12-08 00:47:55+00
12,1179,2025-12-08 00:47:56+00
12,1179.2,2025-12-08 00:47:57+00
12,1192.6,2025-12-08 00:47:58+00
12,1181.1,2025-12-08 00:47:59+00
12,1182.1,2025-12-08 00:48:00+00
12,1196.9,2025-12-08 00:48:01+00
12,1184.5,2025-12-08 00:48:02+00
12,1179.4,2025-12-08 00:48:03+00
12,1251.2,2025-12-08 00:48:04+00
12,1284.7,2025-12-08 00:48:05+00
12,1283.8,2025-12-08 00:48:06+00
12,1273.3,2025-12-08 00:48:07+00
12,1275.3,2025-12-08 00:48:08+00
12,1273.9,2025-12-08 00:48:09+00
12,1274.4,2025-12-08 00:48:10+00
12,1281.7,2025-12-08 00:48:11+00
12,1279,2025-12-08 00:48:12+00
12,1275.4,2025-12-08 00:48:13+00
12,1277.2,2025-12-08 00:48:14+00
12,1275.8,2025-12-08 00:48:15+00
12,1274.2,2025-12-08 00:48:16+00
12,1276.8,2025-12-08 00:48:17+00
12,1279.3,2025-12-08 00:48:18+00
12,1292.3,2025-12-08 00:48:19+00
12,1285,2025-12-08 00:48:20+00
12,1275,2025-12-08 00:48:21+00
12,1272.5,2025-12-08 00:48:22+00
12,1278.6,2025-12-08 00:48:23+00
12,1285.1,2025-12-08 00:48:24+00
12,1282.4,2025-12-08 00:48:25+00
12,1281.5,2025-12-08 00:48:26+00
12,1278.6,2025-12-08 00:48:27+00
12,1273.5,2025-12-08 00:48:28+00
12,1285.7,2025-12-08 00:48:29+00
12,1275.3,2025-12-08 00:48:30+00
12,1275.2,2025-12-08 00:48:31+00
12,1275.7,2025-12-08 00:48:32+00
12,1275.3,2025-12-08 00:48:33+00
12,1276.4,2025-12-08 00:48:34+00
12,1274.5,2025-12-08 00:48:35+00
12,1274.1,2025-12-08 00:48:36+00
12,1273.4,2025-12-08 00:48:37+00
12,1276,2025-12-08 00:48:38+00
12,1276.6,2025-12-08 00:48:39+00
12,1279.6,2025-12-08 00:48:40+00
12,1274.6,2025-12-08 00:48:41+00
12,1273.1,2025-12-08 00:48:42+00
12,1273.7,2025-12-08 00:48:43+00
12,1274.5,2025-12-08 00:48:44+00
12,1280.2,2025-12-08 00:48:45+00
12,1273.7,2025-12-08 00:48:46+00
12,1272.6,2025-12-08 00:48:47+00
12,1273.8,2025-12-08 00:48:48+00
12,1272.6,2025-12-08 00:48:49+00
12,1272.6,2025-12-08 00:48:50+00
12,1273.6,2025-12-08 00:48:51+00
12,1272.3,2025-12-08 00:48:52+00
12,1276.3,2025-12-08 00:48:53+00
12,1275,2025-12-08 00:48:54+00
12,1273.1,2025-12-08 00:48:55+00
12,1271.9,2025-12-08 00:48:56+00
12,1281.2,2025-12-08 00:48:57+00
12,1282.3,2025-12-08 00:48:58+00
12,1272.9,2025-12-08 00:48:59+00
12,1276.5,2025-12-08 00:49:00+00
12,1277,2025-12-08 00:49:01+00
12,1280.9,2025-12-08 00:49:02+00
12,1276.7,2025-12-08 00:49:03+00
12,1277.3,2025-12-08 00:49:04+00
12,1275.3,2025-12-08 00:49:05+00
12,1277.4,2025-12-08 00:49:06+00
12,1274.6,2025-12-08 00:49:07+00
12,1277.6,2025-12-08 00:49:08+00
12,1275.1,2025-12-08 00:49:09+00
12,1273.9,2025-12-08 00:49:10+00
12,1275.3,2025-12-08 00:49:11+00
12,1277.1,2025-12-08 00:49:12+00
12,1272.7,2025-12-08 00:49:13+00
12,1275.1,2025-12-08 00:49:14+00
12,1279.4,2025-12-08 00:49:15+00
12,1276.1,2025-12-08 00:49:16+00
12,1275.7,2025-12-08 00:49:17+00
12,1275.7,2025-12-08 00:49:18+00
12,1276.9,2025-12-08 00:49:19+00
12,1278.9,2025-12-08 00:49:20+00
12,1283.1,2025-12-08 00:49:21+00
12,1273.2,2025-12-08 00:49:22+00
12,1278.1,2025-12-08 00:49:23+00
12,1274.2,2025-12-08 00:49:24+00
12,1274.6,2025-12-08 00:49:25+00
12,1275.6,2025-12-08 00:49:26+00
12,1273.4,2025-12-08 00:49:27+00
12,1274.5,2025-12-08 00:49:28+00
12,1275.3,2025-12-08 00:49:29+00
12,1275.6,2025-12-08 00:49:30+00
12,1274.8,2025-12-08 00:49:31+00
12,1281.5,2025-12-08 00:49:32+00
12,1284.3,2025-12-08 00:49:33+00
12,1281.6,2025-12-08 00:49:34+00
12,1284.1,2025-12-08 00:49:35+00
12,1282.3,2025-12-08 00:49:36+00
12,1277.5,2025-12-08 00:49:37+00
12,1276.4,2025-12-08 00:49:38+00
12,1274.9,2025-12-08 00:49:39+00
12,1278.2,2025-12-08 00:49:40+00
12,1277.4,2025-12-08 00:49:41+00
12,1315.2,2025-12-08 00:49:42+00
12,1367.7,2025-12-08 00:49:43+00
12,1356.9,2025-12-08 00:49:44+00
12,1357,2025-12-08 00:49:45+00
12,1353.7,2025-12-08 00:49:46+00
12,1354.9,2025-12-08 00:49:47+00
12,1354.3,2025-12-08 00:49:48+00
12,1352.1,2025-12-08 00:49:49+00
12,1354.2,2025-12-08 00:49:50+00
12,1355.2,2025-12-08 00:49:51+00
12,1356,2025-12-08 00:49:52+00
12,1356.4,2025-12-08 00:49:53+00
12,1355.9,2025-12-08 00:49:54+00
12,1355.5,2025-12-08 00:49:55+00
12,1358.5,2025-12-08 00:49:56+00
12,1356.8,2025-12-08 00:49:57+00
12,1371.7,2025-12-08 00:49:58+00
12,1360.9,2025-12-08 00:49:59+00
12,1361.9,2025-12-08 00:50:00+00
12,1359,2025-12-08 00:50:01+00
12,1365,2025-12-08 00:50:02+00
12,1362.3,2025-12-08 00:50:03+00
12,1359.9,2025-12-08 00:50:04+00
12,1363.3,2025-12-08 00:50:05+00
12,1359.4,2025-12-08 00:50:06+00
12,1359,2025-12-08 00:50:07+00
12,1359.5,2025-12-08 00:50:08+00
12,1362.7,2025-12-08 00:50:09+00
12,1362.1,2025-12-08 00:50:10+00
12,1363.7,2025-12-08 00:50:11+00
12,1365.7,2025-12-08 00:50:12+00
12,1365.7,2025-12-08 00:50:13+00
12,1370.2,2025-12-08 00:50:14+00
12,1361.9,2025-12-08 00:50:15+00
12,1379.6,2025-12-08 00:50:16+00
12,1366.2,2025-12-08 00:50:17+00
12,1362.5,2025-12-08 00:50:18+00
12,1364.1,2025-12-08 00:50:19+00
12,1369.6,2025-12-08 00:50:20+00
12,1370.8,2025-12-08 00:50:21+00
12,1365.8,2025-12-08 00:50:22+00
12,1361.5,2025-12-08 00:50:23+00
12,1373.6,2025-12-08 00:50:24+00
12,1357.8,2025-12-08 00:50:25+00
12,1359.9,2025-12-08 00:50:26+00
12,1361.9,2025-12-08 00:50:27+00
12,1362.7,2025-12-08 00:50:28+00
12,1365.8,2025-12-08 00:50:29+00
12,1361.1,2025-12-08 00:50:30+00
12,1361.3,2025-12-08 00:50:31+00
12,1369.7,2025-12-08 00:50:32+00
12,1361.7,2025-12-08 00:50:33+00
12,1360.3,2025-12-08 00:50:34+00
12,1432.9,2025-12-08 00:50:35+00
12,1456.8,2025-12-08 00:50:36+00
12,1452.2,2025-12-08 00:50:37+00
12,1456.4,2025-12-08 00:50:38+00
12,1455.1,2025-12-08 00:50:39+00
12,1461.7,2025-12-08 00:50:40+00
12,1460.5,2025-12-08 00:50:41+00
12,1469.5,2025-12-08 00:50:42+00
12,1461.2,2025-12-08 00:50:43+00
12,1468.2,2025-12-08 00:50:44+00
12,1466.3,2025-12-08 00:50:45+00
12,1463.6,2025-12-08 00:50:46+00
12,1464.4,2025-12-08 00:50:47+00
12,1460.6,2025-12-08 00:50:48+00
12,1461.6,2025-12-08 00:50:49+00
12,1474.1,2025-12-08 00:50:50+00
12,1467.5,2025-12-08 00:50:51+00
12,1465.8,2025-12-08 00:50:52+00
12,1466.9,2025-12-08 00:50:53+00
12,1461.8,2025-12-08 00:50:54+00
12,1461.4,2025-12-08 00:50:55+00
12,1469.3,2025-12-08 00:50:56+00
12,1467.4,2025-12-08 00:50:57+00
12,1467.5,2025-12-08 00:50:58+00
12,1468.7,2025-12-08 00:50:59+00
12,1468,2025-12-08 00:51:00+00
12,1475.7,2025-12-08 00:51:01+00
12,1477.2,2025-12-08 00:51:02+00
12,1474.8,2025-12-08 00:51:03+00
12,1476.1,2025-12-08 00:51:04+00
12,1475.5,2025-12-08 00:51:05+00
12,1478.8,2025-12-08 00:51:06+00
12,1471.7,2025-12-08 00:51:07+00
12,1473.1,2025-12-08 00:51:08+00
12,1472,2025-12-08 00:51:09+00
12,1470.3,2025-12-08 00:51:10+00
12,1473.9,2025-12-08 00:51:11+00
12,1501,2025-12-08 00:51:12+00
12,1568.6,2025-12-08 00:51:13+00
12,1579.1,2025-12-08 00:51:14+00
12,1578.2,2025-12-08 00:51:15+00
12,1585.7,2025-12-08 00:51:16+00
12,1589.2,2025-12-08 00:51:17+00
12,1579.8,2025-12-08 00:51:18+00
12,1587.9,2025-12-08 00:51:19+00
12,1589.1,2025-12-08 00:51:20+00
12,1589.1,2025-12-08 00:51:21+00
12,1586.4,2025-12-08 00:51:22+00
12,1582,2025-12-08 00:51:23+00
12,1577.5,2025-12-08 00:51:24+00
12,1579.1,2025-12-08 00:51:25+00
12,1579.9,2025-12-08 00:51:26+00
12,1585,2025-12-08 00:51:27+00
12,1593.8,2025-12-08 00:51:28+00
12,1584.9,2025-12-08 00:51:29+00
12,1584.5,2025-12-08 00:51:30+00
12,1581.6,2025-12-08 00:51:31+00
12,1580.7,2025-12-08 00:51:32+00
12,1582,2025-12-08 00:51:33+00
12,1580.5,2025-12-08 00:51:34+00
12,1580,2025-12-08 00:51:35+00
12,1578.1,2025-12-08 00:51:36+00
12,1574.2,2025-12-08 00:51:37+00
12,1580.4,2025-12-08 00:51:38+00
12,1576.8,2025-12-08 00:51:39+00
12,1597.5,2025-12-08 00:51:40+00
12,1579,2025-12-08 00:51:41+00
12,1575.9,2025-12-08 00:51:42+00
12,1588.1,2025-12-08 00:51:43+00
12,1581.3,2025-12-08 00:51:44+00
12,1582.5,2025-12-08 00:51:45+00
12,1581,2025-12-08 00:51:46+00
12,1580.2,2025-12-08 00:51:47+00
12,1577.4,2025-12-08 00:51:48+00
12,1581.4,2025-12-08 00:51:49+00
12,1577.8,2025-12-08 00:51:50+00
12,1584.1,2025-12-08 00:51:51+00
12,1580.6,2025-12-08 00:51:52+00
12,1578.9,2025-12-08 00:51:53+00
12,1578.7,2025-12-08 00:51:54+00
12,1579.7,2025-12-08 00:51:55+00
12,1578.5,2025-12-08 00:51:56+00
12,1580.1,2025-12-08 00:51:57+00
12,1574.4,2025-12-08 00:51:58+00
12,1579.9,2025-12-08 00:51:59+00
12,1576.1,2025-12-08 00:52:00+00
12,1582.1,2025-12-08 00:52:01+00
12,1578.2,2025-12-08 00:52:02+00
12,1573.7,2025-12-08 00:52:03+00
12,1578.7,2025-12-08 00:52:04+00
12,1579.8,2025-12-08 00:52:05+00
12,1579.6,2025-12-08 00:52:06+00
12,1577.8,2025-12-08 00:52:07+00
12,1579,2025-12-08 00:52:08+00
12,1573.6,2025-12-08 00:52:09+00
12,1581.7,2025-12-08 00:52:10+00
12,1579.6,2025-12-08 00:52:11+00
12,1580.5,2025-12-08 00:52:12+00
12,1576.6,2025-12-08 00:52:13+00
12,1583.2,2025-12-08 00:52:14+00
12,1580.2,2025-12-08 00:52:15+00
12,1575.6,2025-12-08 00:52:16+00
12,1576.7,2025-12-08 00:52:17+00
12,1575.5,2025-12-08 00:52:18+00
12,1576.5,2025-12-08 00:52:19+00
12,1585.9,2025-12-08 00:52:20+00
12,1585.5,2025-12-08 00:52:21+00
12,1582.4,2025-12-08 00:52:22+00
12,1581.2,2025-12-08 00:52:23+00
12,1577.8,2025-12-08 00:52:24+00
12,1576.4,2025-12-08 00:52:25+00
12,1577.7,2025-12-08 00:52:26+00
12,1578.2,2025-12-08 00:52:27+00
12,1583.8,2025-12-08 00:52:28+00
12,1581,2025-12-08 00:52:29+00
12,1577.9,2025-12-08 00:52:30+00
12,1579.3,2025-12-08 00:52:31+00
12,1578.4,2025-12-08 00:52:32+00
12,1577.4,2025-12-08 00:52:33+00
12,1578.3,2025-12-08 00:52:34+00
12,1577.9,2025-12-08 00:52:35+00
12,1578.1,2025-12-08 00:52:36+00
12,1578.9,2025-12-08 00:52:37+00
12,1582.1,2025-12-08 00:52:38+00
12,1577.6,2025-12-08 00:52:39+00
12,1582.5,2025-12-08 00:52:40+00
12,1580.1,2025-12-08 00:52:41+00
12,1578.5,2025-12-08 00:52:42+00
12,1575.7,2025-12-08 00:52:43+00
12,1583.1,2025-12-08 00:52:44+00
12,1579.3,2025-12-08 00:52:45+00
12,1579.7,2025-12-08 00:52:46+00
12,1579,2025-12-08 00:52:47+00
12,1580.4,2025-12-08 00:52:48+00
12,1578.6,2025-12-08 00:52:49+00
12,1584,2025-12-08 00:52:50+00
12,1578.9,2025-12-08 00:52:51+00
12,1581.2,2025-12-08 00:52:52+00
12,1580.9,2025-12-08 00:52:53+00
12,1580.5,2025-12-08 00:52:54+00
12,1581.6,2025-12-08 00:52:55+00
12,1577.9,2025-12-08 00:52:56+00
12,1581.8,2025-12-08 00:52:57+00
12,1577.1,2025-12-08 00:52:58+00
12,1578.4,2025-12-08 00:52:59+00
12,1584.7,2025-12-08 00:53:00+00
12,1581.3,2025-12-08 00:53:01+00
12,1581.7,2025-12-08 00:53:02+00
12,1577.9,2025-12-08 00:53:03+00
12,1577.1,2025-12-08 00:53:04+00
12,1578.6,2025-12-08 00:53:05+00
12,1578.8,2025-12-08 00:53:06+00
12,1575.5,2025-12-08 00:53:07+00
12,1584.3,2025-12-08 00:53:08+00
12,1580.5,2025-12-08 00:53:09+00
12,1580.9,2025-12-08 00:53:10+00
12,1578.2,2025-12-08 00:53:11+00
12,1601.8,2025-12-08 00:53:12+00
12,1584.6,2025-12-08 00:53:13+00
12,1582.3,2025-12-08 00:53:14+00
12,1576.1,2025-12-08 00:53:15+00
12,1585.1,2025-12-08 00:53:16+00
12,1577,2025-12-08 00:53:17+00
12,1582.4,2025-12-08 00:53:18+00
12,1579.9,2025-12-08 00:53:19+00
12,1589.3,2025-12-08 00:53:20+00
12,1584.7,2025-12-08 00:53:21+00
12,1582.1,2025-12-08 00:53:22+00
12,1580.6,2025-12-08 00:53:23+00
12,1581.4,2025-12-08 00:53:24+00
12,1578.8,2025-12-08 00:53:25+00
12,1579.6,2025-12-08 00:53:26+00
12,1577.8,2025-12-08 00:53:27+00
12,1578.9,2025-12-08 00:53:28+00
12,1583,2025-12-08 00:53:29+00
12,1582.9,2025-12-08 00:53:30+00
12,1581.9,2025-12-08 00:53:31+00
12,1664.5,2025-12-08 00:53:32+00
12,1632,2025-12-08 00:53:33+00
12,1608.6,2025-12-08 00:53:34+00
12,1608.7,2025-12-08 00:53:35+00
12,1607,2025-12-08 00:53:36+00
12,1606.9,2025-12-08 00:53:37+00
12,1607.8,2025-12-08 00:53:38+00
12,1611.4,2025-12-08 00:53:39+00
12,1606.8,2025-12-08 00:53:40+00
12,1606.9,2025-12-08 00:53:41+00
12,1606.5,2025-12-08 00:53:42+00
12,1608.4,2025-12-08 00:53:43+00
12,1618.9,2025-12-08 00:53:44+00
12,1617.9,2025-12-08 00:53:45+00
12,1610.7,2025-12-08 00:53:46+00
12,1608.3,2025-12-08 00:53:47+00
12,1609.8,2025-12-08 00:53:48+00
12,1607.8,2025-12-08 00:53:49+00
12,1614.3,2025-12-08 00:53:50+00
12,1615.4,2025-12-08 00:53:51+00
12,1610.5,2025-12-08 00:53:52+00
12,1609.5,2025-12-08 00:53:53+00
12,1609.7,2025-12-08 00:53:54+00
12,1610.3,2025-12-08 00:53:55+00
12,1614.1,2025-12-08 00:53:56+00
12,1607.3,2025-12-08 00:53:57+00
12,1616.3,2025-12-08 00:53:58+00
12,1610.2,2025-12-08 00:53:59+00
12,1611.5,2025-12-08 00:54:00+00
12,1611.7,2025-12-08 00:54:01+00
12,1609.6,2025-12-08 00:54:02+00
12,1609.6,2025-12-08 00:54:03+00
12,1610.5,2025-12-08 00:54:04+00
12,1610.4,2025-12-08 00:54:05+00
12,1608.6,2025-12-08 00:54:06+00
12,1610.4,2025-12-08 00:54:07+00
12,1609.8,2025-12-08 00:54:08+00
12,1608.8,2025-12-08 00:54:09+00
12,1609.5,2025-12-08 00:54:10+00
12,1609,2025-12-08 00:54:11+00
12,1604.9,2025-12-08 00:54:12+00
12,1606.3,2025-12-08 00:54:13+00
12,1612.8,2025-12-08 00:54:14+00
12,1609,2025-12-08 00:54:15+00
12,1609.5,2025-12-08 00:54:16+00
12,1607,2025-12-08 00:54:17+00
12,1606.4,2025-12-08 00:54:18+00
12,1608.4,2025-12-08 00:54:19+00
12,1616.6,2025-12-08 00:54:20+00
12,1611,2025-12-08 00:54:21+00
12,1613.2,2025-12-08 00:54:22+00
12,1610.3,2025-12-08 00:54:23+00
12,1606.5,2025-12-08 00:54:24+00
12,1605.1,2025-12-08 00:54:25+00
12,1607.5,2025-12-08 00:54:26+00
12,1605.1,2025-12-08 00:54:27+00
12,1605.3,2025-12-08 00:54:28+00
12,1606.6,2025-12-08 00:54:29+00
12,1612.3,2025-12-08 00:54:30+00
12,1604.8,2025-12-08 00:54:31+00
12,1610.2,2025-12-08 00:54:32+00
12,1603.2,2025-12-08 00:54:33+00
12,1606.2,2025-12-08 00:54:34+00
12,1606.5,2025-12-08 00:54:35+00
12,1614,2025-12-08 00:54:36+00
12,1606.3,2025-12-08 00:54:37+00
12,1605,2025-12-08 00:54:38+00
12,1603.7,2025-12-08 00:54:39+00
12,1605.3,2025-12-08 00:54:40+00
12,1606.1,2025-12-08 00:54:41+00
12,1606.5,2025-12-08 00:54:42+00
12,1613.4,2025-12-08 00:54:43+00
12,1606.5,2025-12-08 00:54:44+00
12,1604.3,2025-12-08 00:54:45+00
12,1604.7,2025-12-08 00:54:46+00
12,1611,2025-12-08 00:54:47+00
12,1608.6,2025-12-08 00:54:48+00
12,1606.3,2025-12-08 00:54:49+00
12,1605.3,2025-12-08 00:54:50+00
12,1605.7,2025-12-08 00:54:51+00
12,1611,2025-12-08 00:54:52+00
12,1610.4,2025-12-08 00:54:53+00
12,1606.8,2025-12-08 00:54:54+00
12,1606.5,2025-12-08 00:54:55+00
12,1597.6,2025-12-08 00:54:56+00
12,1606.1,2025-12-08 00:54:57+00
12,1608.6,2025-12-08 00:54:58+00
12,1605.8,2025-12-08 00:54:59+00
12,1608.5,2025-12-08 00:55:00+00
12,1612.9,2025-12-08 00:55:01+00
12,1619,2025-12-08 00:55:02+00
12,1615.6,2025-12-08 00:55:03+00
12,1612.2,2025-12-08 00:55:04+00
12,1613.9,2025-12-08 00:55:05+00
12,1605.5,2025-12-08 00:55:06+00
12,1614.3,2025-12-08 00:55:07+00
12,1611.8,2025-12-08 00:55:08+00
12,1611.5,2025-12-08 00:55:09+00
12,1614.3,2025-12-08 00:55:10+00
12,1619.4,2025-12-08 00:55:11+00
12,1614.7,2025-12-08 00:55:12+00
12,1615.6,2025-12-08 00:55:13+00
12,1615.1,2025-12-08 00:55:14+00
12,1613.7,2025-12-08 00:55:15+00
12,1612.8,2025-12-08 00:55:16+00
12,1641.8,2025-12-08 00:55:17+00
12,1611.7,2025-12-08 00:55:18+00
12,1618.3,2025-12-08 00:55:19+00
12,1621.1,2025-12-08 00:55:20+00
12,1615.8,2025-12-08 00:55:21+00
12,1616.9,2025-12-08 00:55:22+00
12,1612.9,2025-12-08 00:55:23+00
12,1608.3,2025-12-08 00:55:24+00
12,1611.4,2025-12-08 00:55:25+00
12,1607.9,2025-12-08 00:55:26+00
12,1608.5,2025-12-08 00:55:27+00
12,1616.9,2025-12-08 00:55:28+00
12,1612.1,2025-12-08 00:55:29+00
12,1610.6,2025-12-08 00:55:30+00
12,1616,2025-12-08 00:55:31+00
12,1611.5,2025-12-08 00:55:32+00
12,1609.4,2025-12-08 00:55:33+00
12,1613.1,2025-12-08 00:55:34+00
12,1612.7,2025-12-08 00:55:35+00
12,1612.5,2025-12-08 00:55:36+00
12,1612.9,2025-12-08 00:55:37+00
12,1610.5,2025-12-08 00:55:38+00
12,1606.2,2025-12-08 00:55:39+00
12,1625,2025-12-08 00:55:40+00
12,1612.9,2025-12-08 00:55:41+00
12,1613.1,2025-12-08 00:55:42+00
12,1613.6,2025-12-08 00:55:43+00
12,1613.8,2025-12-08 00:55:44+00
12,1625,2025-12-08 00:55:45+00
12,1616.8,2025-12-08 00:55:46+00
12,1618.4,2025-12-08 00:55:47+00
12,1611.9,2025-12-08 00:55:48+00
12,1613.1,2025-12-08 00:55:49+00
12,1611.2,2025-12-08 00:55:50+00
12,1614.7,2025-12-08 00:55:51+00
12,1616.7,2025-12-08 00:55:52+00
12,1618.3,2025-12-08 00:55:53+00
12,1609.6,2025-12-08 00:55:54+00
12,1611.2,2025-12-08 00:55:55+00
12,1611.2,2025-12-08 00:55:56+00
12,1611.3,2025-12-08 00:55:57+00
12,1616.1,2025-12-08 00:55:58+00
12,1615.8,2025-12-08 00:55:59+00
12,1626.5,2025-12-08 00:56:00+00
12,1618.4,2025-12-08 00:56:01+00
12,1615.4,2025-12-08 00:56:02+00
12,1614.3,2025-12-08 00:56:03+00
12,1614.5,2025-12-08 00:56:04+00
12,1613.1,2025-12-08 00:56:05+00
12,1611.4,2025-12-08 00:56:06+00
12,1613.3,2025-12-08 00:56:07+00
12,1612.3,2025-12-08 00:56:08+00
12,1612.4,2025-12-08 00:56:09+00
12,1611.6,2025-12-08 00:56:10+00
12,1610.2,2025-12-08 00:56:11+00
12,1618.5,2025-12-08 00:56:12+00
12,1617,2025-12-08 00:56:13+00
12,1612.4,2025-12-08 00:56:14+00
12,1610.5,2025-12-08 00:56:15+00
12,1613.6,2025-12-08 00:56:16+00
12,1614.3,2025-12-08 00:56:17+00
12,1615.4,2025-12-08 00:56:18+00
12,1613.4,2025-12-08 00:56:19+00
12,1621,2025-12-08 00:56:20+00
12,1617,2025-12-08 00:56:21+00
12,1620.1,2025-12-08 00:56:22+00
12,1618.4,2025-12-08 00:56:23+00
12,1615.7,2025-12-08 00:56:24+00
12,1615.8,2025-12-08 00:56:25+00
12,1618.6,2025-12-08 00:56:26+00
12,1611.7,2025-12-08 00:56:27+00
12,1616.7,2025-12-08 00:56:28+00
12,1616.5,2025-12-08 00:56:29+00
12,1616.7,2025-12-08 00:56:30+00
12,1613.4,2025-12-08 00:56:31+00
12,1611.4,2025-12-08 00:56:32+00
12,1616.8,2025-12-08 00:56:33+00
12,1618.6,2025-12-08 00:56:34+00
12,1627.3,2025-12-08 00:56:35+00
12,1622.4,2025-12-08 00:56:36+00
12,1615.2,2025-12-08 00:56:37+00
12,1613.4,2025-12-08 00:56:38+00
12,1621.7,2025-12-08 00:56:39+00
12,1616.5,2025-12-08 00:56:40+00
12,1614.2,2025-12-08 00:56:41+00
12,1614.7,2025-12-08 00:56:42+00
12,1615.8,2025-12-08 00:56:43+00
12,1622.3,2025-12-08 00:56:44+00
12,1616.5,2025-12-08 00:56:45+00
12,1620.7,2025-12-08 00:56:46+00
12,1615.5,2025-12-08 00:56:47+00
12,1616.5,2025-12-08 00:56:48+00
12,1619.5,2025-12-08 00:56:49+00
12,1617.4,2025-12-08 00:56:50+00
12,1614.6,2025-12-08 00:56:51+00
12,1614.5,2025-12-08 00:56:52+00
12,1614.8,2025-12-08 00:56:53+00
12,1616,2025-12-08 00:56:54+00
12,1618.3,2025-12-08 00:56:55+00
12,1616,2025-12-08 00:56:56+00
12,1615.8,2025-12-08 00:56:57+00
12,1616.8,2025-12-08 00:56:58+00
12,1621.2,2025-12-08 00:56:59+00
12,1622.1,2025-12-08 00:57:00+00
12,1624.2,2025-12-08 00:57:01+00
12,1623.1,2025-12-08 00:57:02+00
12,1621.7,2025-12-08 00:57:03+00
12,1624.4,2025-12-08 00:57:04+00
12,1629.4,2025-12-08 00:57:05+00
12,1629.2,2025-12-08 00:57:06+00
12,1618.1,2025-12-08 00:57:07+00
12,1617,2025-12-08 00:57:08+00
12,1621.6,2025-12-08 00:57:09+00
12,1625.5,2025-12-08 00:57:10+00
12,1620.7,2025-12-08 00:57:11+00
12,1621.8,2025-12-08 00:57:12+00
12,1637.8,2025-12-08 00:57:13+00
12,1622.3,2025-12-08 00:57:14+00
12,1624.3,2025-12-08 00:57:15+00
12,1621.6,2025-12-08 00:57:16+00
12,1621.4,2025-12-08 00:57:17+00
12,1624,2025-12-08 00:57:18+00
12,1622.9,2025-12-08 00:57:19+00
12,1628.6,2025-12-08 00:57:20+00
12,1632,2025-12-08 00:57:21+00
12,1630.2,2025-12-08 00:57:22+00
12,1628.6,2025-12-08 00:57:23+00
12,1622.9,2025-12-08 00:57:24+00
12,1622.3,2025-12-08 00:57:25+00
12,1627.4,2025-12-08 00:57:26+00
12,1624.7,2025-12-08 00:57:27+00
12,1625,2025-12-08 00:57:28+00
12,1624.2,2025-12-08 00:57:29+00
12,1623.2,2025-12-08 00:57:30+00
12,1629.5,2025-12-08 00:57:31+00
12,1634,2025-12-08 00:57:32+00
12,1630.3,2025-12-08 00:57:33+00
12,1649.1,2025-12-08 00:57:34+00
12,1633.4,2025-12-08 00:57:35+00
12,1629,2025-12-08 00:57:36+00
12,1632.4,2025-12-08 00:57:37+00
12,1632.7,2025-12-08 00:57:38+00
12,1632.3,2025-12-08 00:57:39+00
12,1631.7,2025-12-08 00:57:40+00
12,1634.1,2025-12-08 00:57:41+00
12,1633.3,2025-12-08 00:57:42+00
12,1635.3,2025-12-08 00:57:43+00
12,1636.1,2025-12-08 00:57:44+00
12,1635.8,2025-12-08 00:57:45+00
12,1633.2,2025-12-08 00:57:46+00
12,1634.2,2025-12-08 00:57:47+00
12,1631.7,2025-12-08 00:57:48+00
12,1631.2,2025-12-08 00:57:49+00
12,1637.3,2025-12-08 00:57:50+00
12,1635.3,2025-12-08 00:57:51+00
12,1631.6,2025-12-08 00:57:52+00
12,1632.8,2025-12-08 00:57:53+00
12,1633.6,2025-12-08 00:57:54+00
12,1634,2025-12-08 00:57:55+00
12,1634.7,2025-12-08 00:57:56+00
12,1631.9,2025-12-08 00:57:57+00
12,1643.1,2025-12-08 00:57:58+00
12,1641.1,2025-12-08 00:57:59+00
12,1636.5,2025-12-08 00:58:00+00
12,1646.2,2025-12-08 00:58:01+00
12,1639.7,2025-12-08 00:58:02+00
12,1658.1,2025-12-08 00:58:03+00
12,1640.2,2025-12-08 00:58:04+00
12,1638.6,2025-12-08 00:58:05+00
12,1637.6,2025-12-08 00:58:06+00
12,1641.6,2025-12-08 00:58:07+00
12,1640,2025-12-08 00:58:08+00
12,1637.8,2025-12-08 00:58:09+00
12,1638.4,2025-12-08 00:58:10+00
12,1638.8,2025-12-08 00:58:11+00
12,1642.8,2025-12-08 00:58:12+00
12,1649.4,2025-12-08 00:58:13+00
12,1640.7,2025-12-08 00:58:14+00
12,1639.7,2025-12-08 00:58:15+00
12,1642,2025-12-08 00:58:16+00
12,1637.4,2025-12-08 00:58:17+00
12,1640.4,2025-12-08 00:58:18+00
12,1656.4,2025-12-08 00:58:19+00
12,1681.5,2025-12-08 00:58:20+00
12,1649,2025-12-08 00:58:21+00
12,1663.9,2025-12-08 00:58:22+00
12,1650.5,2025-12-08 00:58:23+00
12,1648.7,2025-12-08 00:58:24+00
12,1649.3,2025-12-08 00:58:25+00
12,1644.6,2025-12-08 00:58:26+00
12,1641.8,2025-12-08 00:58:27+00
12,1647.8,2025-12-08 00:58:28+00
12,1651.3,2025-12-08 00:58:29+00
12,1650.5,2025-12-08 00:58:30+00
12,1650.9,2025-12-08 00:58:31+00
12,1650.3,2025-12-08 00:58:32+00
12,1647.7,2025-12-08 00:58:33+00
12,1652.4,2025-12-08 00:58:34+00
12,1654.6,2025-12-08 00:58:35+00
12,1653.3,2025-12-08 00:58:36+00
12,1655.9,2025-12-08 00:58:37+00
12,1656.8,2025-12-08 00:58:38+00
12,1655.2,2025-12-08 00:58:39+00
12,1674.8,2025-12-08 00:58:40+00
12,1658.9,2025-12-08 00:58:41+00
12,1648.2,2025-12-08 00:58:42+00
12,1656.4,2025-12-08 00:58:43+00
12,1652.3,2025-12-08 00:58:44+00
12,1654.1,2025-12-08 00:58:45+00
12,1668,2025-12-08 00:58:46+00
12,1653.3,2025-12-08 00:58:47+00
12,1656.1,2025-12-08 00:58:48+00
12,1654.3,2025-12-08 00:58:49+00
12,1653.6,2025-12-08 00:58:50+00
12,1658.7,2025-12-08 00:58:51+00
12,1655.3,2025-12-08 00:58:52+00
12,1656.3,2025-12-08 00:58:53+00
12,1655.9,2025-12-08 00:58:54+00
12,1659.5,2025-12-08 00:58:55+00
12,1664.5,2025-12-08 00:58:56+00
12,1657.6,2025-12-08 00:58:57+00
12,1669.8,2025-12-08 00:58:58+00
12,1659.6,2025-12-08 00:58:59+00
12,1659.8,2025-12-08 00:59:00+00
12,1667.4,2025-12-08 00:59:01+00
12,1663.1,2025-12-08 00:59:02+00
12,1663.4,2025-12-08 00:59:03+00
12,1666.1,2025-12-08 00:59:04+00
12,1661.8,2025-12-08 00:59:05+00
12,1664.8,2025-12-08 00:59:06+00
12,1676.3,2025-12-08 00:59:07+00
12,1667.3,2025-12-08 00:59:08+00
12,1665.1,2025-12-08 00:59:09+00
12,1668.4,2025-12-08 00:59:10+00
12,1667.1,2025-12-08 00:59:11+00
12,1669.7,2025-12-08 00:59:12+00
12,1676.6,2025-12-08 00:59:13+00
12,1674.7,2025-12-08 00:59:14+00
12,1667.7,2025-12-08 00:59:15+00
12,1670.1,2025-12-08 00:59:16+00
12,1670.4,2025-12-08 00:59:17+00
12,1672.1,2025-12-08 00:59:18+00
12,1674.5,2025-12-08 00:59:19+00
12,1679.4,2025-12-08 00:59:20+00
12,1678.7,2025-12-08 00:59:21+00
12,1679.5,2025-12-08 00:59:22+00
12,1671.2,2025-12-08 00:59:23+00
12,1672.2,2025-12-08 00:59:24+00
12,1674.8,2025-12-08 00:59:25+00
12,1672.6,2025-12-08 00:59:26+00
12,1682,2025-12-08 00:59:27+00
12,1681.3,2025-12-08 00:59:28+00
12,1674.7,2025-12-08 00:59:29+00
12,1673.4,2025-12-08 00:59:30+00
12,1675,2025-12-08 00:59:31+00
12,1675.9,2025-12-08 00:59:32+00
12,1682.7,2025-12-08 00:59:33+00
12,1677.1,2025-12-08 00:59:34+00
12,1692.7,2025-12-08 00:59:35+00
12,1675.7,2025-12-08 00:59:36+00
12,1676.9,2025-12-08 00:59:37+00
12,1677.2,2025-12-08 00:59:38+00
12,1677.1,2025-12-08 00:59:39+00
12,1682.8,2025-12-08 00:59:40+00
12,1683.9,2025-12-08 00:59:41+00
12,1678,2025-12-08 00:59:42+00
12,1686,2025-12-08 00:59:43+00
12,1683.7,2025-12-08 00:59:44+00
12,1682.6,2025-12-08 00:59:45+00
12,1677.1,2025-12-08 00:59:46+00
12,1677.8,2025-12-08 00:59:47+00
12,1680.8,2025-12-08 00:59:48+00
12,1685,2025-12-08 00:59:49+00
12,1683.3,2025-12-08 00:59:50+00
12,1706.3,2025-12-08 00:59:51+00
12,1681.8,2025-12-08 00:59:52+00
12,1680.3,2025-12-08 00:59:53+00
12,1683.7,2025-12-08 00:59:54+00
12,1682.5,2025-12-08 00:59:55+00
12,1681.7,2025-12-08 00:59:56+00
12,1681.4,2025-12-08 00:59:57+00
12,1686,2025-12-08 00:59:58+00
12,1700.6,2025-12-08 00:59:59+00
