sensor_id,aprt_power,sensor_timestamp
15,734.6,2025-12-08 00:00:00+00
15,745.8,2025-12-08 00:00:01+00
15,730.3,2025-12-08 00:00:02+00
15,730.3,2025-12-08 00:00:03+00
15,728.7,2025-12-08 00:00:04+00
15,730.2,2025-12-08 00:00:05+00
15,729.9,2025-12-08 00:00:06+00
15,729.4,2025-12-08 00:00:07+00
15,728.6,2025-12-08 00:00:08+00
15,735.2,2025-12-08 00:00:09+00
15,737.3,2025-12-08 00:00:10+00
15,729.8,2025-12-08 00:00:11+00
15,729.7,2025-12-08 00:00:12+00
15,728.1,2025-12-08 00:00:13+00
15,730.3,2025-12-08 00:00:14+00
15,728.7,2025-12-08 00:00:15+00
15,729.5,2025-12-08 00:00:16+00
15,729.6,2025-12-08 00:00:17+00
15,731.1,2025-12-08 00:00:18+00
15,743.9,2025-12-08 00:00:19+00
15,732.9,2025-12-08 00:00:20+00
15,736.4,2025-12-08 00:00:21+00
15,730,2025-12-08 00:00:22+00
15,730.6,2025-12-08 00:00:23+00
15,730.7,2025-12-08 00:00:24+00
15,725.8,2025-12-08 00:00:25+00
15,728.2,2025-12-08 00:00:26+00
15,748.7,2025-12-08 00:00:27+00
15,730.1,2025-12-08 00:00:28+00
15,729.1,2025-12-08 00:00:29+00
15,726.4,2025-12-08 00:00:30+00
15,725.4,2025-12-08 00:00:31+00
15,730.3,2025-12-08 00:00:32+00
15,862.1,2025-12-08 00:00:33+00
15,832.3,2025-12-08 00:00:34+00
15,838.6,2025-12-08 00:00:35+00
15,831.7,2025-12-08 00:00:36+00
15,739.4,2025-12-08 00:00:37+00
15,827.7,2025-12-08 00:00:38+00
15,885.3,2025-12-08 00:00:39+00
15,843.5,2025-12-08 00:00:40+00
15,845.8,2025-12-08 00:00:41+00
15,844.5,2025-12-08 00:00:42+00
15,834.3,2025-12-08 00:00:43+00
15,832.1,2025-12-08 00:00:44+00
15,829.5,2025-12-08 00:00:45+00
15,834,2025-12-08 00:00:46+00
15,830.6,2025-12-08 00:00:47+00
15,834.2,2025-12-08 00:00:48+00
15,830.9,2025-12-08 00:00:49+00
15,832.5,2025-12-08 00:00:50+00
15,836.1,2025-12-08 00:00:51+00
15,835.3,2025-12-08 00:00:52+00
15,831.4,2025-12-08 00:00:53+00
15,831.5,2025-12-08 00:00:54+00
15,834.2,2025-12-08 00:00:55+00
15,833.3,2025-12-08 00:00:56+00
15,834.4,2025-12-08 00:00:57+00
15,833.7,2025-12-08 00:00:58+00
15,833.8,2025-12-08 00:00:59+00
15,1245.914286,2025-12-08 00:01:00+00
15,1245.914286,2025-12-08 00:01:01+00
15,1245.914286,2025-12-08 00:01:02+00
15,1245.914286,2025-12-08 00:01:03+00
15,836,2025-12-08 00:01:04+00
15,1061.4,2025-12-08 00:01:05+00
15,1216,2025-12-08 00:01:06+00
15,1052.9,2025-12-08 00:01:07+00
15,1033.6,2025-12-08 00:01:08+00
15,1111.1,2025-12-08 00:01:09+00
15,1044.1,2025-12-08 00:01:10+00
15,1093.5,2025-12-08 00:01:11+00
15,1120.7,2025-12-08 00:01:12+00
15,1145.5,2025-12-08 00:01:13+00
15,1173.4,2025-12-08 00:01:14+00
15,1197.7,2025-12-08 00:01:15+00
15,1214.2,2025-12-08 00:01:16+00
15,1235,2025-12-08 00:01:17+00
15,1252.7,2025-12-08 00:01:18+00
15,1266.6,2025-12-08 00:01:19+00
15,1276.7,2025-12-08 00:01:20+00
15,1279.7,2025-12-08 00:01:21+00
15,1275,2025-12-08 00:01:22+00
15,1282,2025-12-08 00:01:23+00
15,1286.8,2025-12-08 00:01:24+00
15,1282.7,2025-12-08 00:01:25+00
15,1280.2,2025-12-08 00:01:26+00
15,1286.2,2025-12-08 00:01:27+00
15,1285.8,2025-12-08 00:01:28+00
15,1288,2025-12-08 00:01:29+00
15,1283.4,2025-12-08 00:01:30+00
15,1280.4,2025-12-08 00:01:31+00
15,1280.5,2025-12-08 00:01:32+00
15,1281.1,2025-12-08 00:01:33+00
15,1283.1,2025-12-08 00:01:34+00
15,1284.2,2025-12-08 00:01:35+00
15,1285.9,2025-12-08 00:01:36+00
15,1278,2025-12-08 00:01:37+00
15,1278.8,2025-12-08 00:01:38+00
15,1283.7,2025-12-08 00:01:39+00
15,1284.9,2025-12-08 00:01:40+00
15,1284.9,2025-12-08 00:01:41+00
15,1290.7,2025-12-08 00:01:42+00
15,1294.2,2025-12-08 00:01:43+00
15,1292.6,2025-12-08 00:01:44+00
15,1301,2025-12-08 00:01:45+00
15,1302.9,2025-12-08 00:01:46+00
15,1301.5,2025-12-08 00:01:47+00
15,1304.9,2025-12-08 00:01:48+00
15,1302.9,2025-12-08 00:01:49+00
15,1304.7,2025-12-08 00:01:50+00
15,1309.2,2025-12-08 00:01:51+00
15,1309.1,2025-12-08 00:01:52+00
15,1306.6,2025-12-08 00:01:53+00
15,1309.6,2025-12-08 00:01:54+00
15,1308.1,2025-12-08 00:01:55+00
15,1308.5,2025-12-08 00:01:56+00
15,1314.1,2025-12-08 00:01:57+00
15,1312.1,2025-12-08 00:01:58+00
15,1332.1,2025-12-08 00:01:59+00
15,1314.1,2025-12-08 00:02:00+00
15,1307.2,2025-12-08 00:02:01+00
15,1305.8,2025-12-08 00:02:02+00
15,1306.8,2025-12-08 00:02:03+00
15,1306.3,2025-12-08 00:02:04+00
15,1305.7,2025-12-08 00:02:05+00
15,1307.9,2025-12-08 00:02:06+00
15,1311.5,2025-12-08 00:02:07+00
15,1303.7,2025-12-08 00:02:08+00
15,1302.4,2025-12-08 00:02:09+00
15,1305.3,2025-12-08 00:02:10+00
15,1301.6,2025-12-08 00:02:11+00
15,1306.5,2025-12-08 00:02:12+00
15,1302.8,2025-12-08 00:02:13+00
15,1303.8,2025-12-08 00:02:14+00
15,1323.2,2025-12-08 00:02:15+00
15,1302.6,2025-12-08 00:02:16+00
15,1306.8,2025-12-08 00:02:17+00
15,1307.5,2025-12-08 00:02:18+00
15,1312.3,2025-12-08 00:02:19+00
15,1312.5,2025-12-08 00:02:20+00
15,1315.7,2025-12-08 00:02:21+00
15,1309.7,2025-12-08 00:02:22+00
15,1309.9,2025-12-08 00:02:23+00
15,1313.8,2025-12-08 00:02:24+00
15,1306.3,2025-12-08 00:02:25+00
15,1306.4,2025-12-08 00:02:26+00
15,1311.4,2025-12-08 00:02:27+00
15,1310.2,2025-12-08 00:02:28+00
15,1311.9,2025-12-08 00:02:29+00
15,1309.4,2025-12-08 00:02:30+00
15,1303.6,2025-12-08 00:02:31+00
15,1304.6,2025-12-08 00:02:32+00
15,1309,2025-12-08 00:02:33+00
15,1305.5,2025-12-08 00:02:34+00
15,1306.8,2025-12-08 00:02:35+00
15,1305.9,2025-12-08 00:02:36+00
15,1304.2,2025-12-08 00:02:37+00
15,1306.1,2025-12-08 00:02:38+00
15,1308.3,2025-12-08 00:02:39+00
15,1307.9,2025-12-08 00:02:40+00
15,1312.5,2025-12-08 00:02:41+00
15,1304.7,2025-12-08 00:02:42+00
15,1301.1,2025-12-08 00:02:43+00
15,1306,2025-12-08 00:02:44+00
15,1304.3,2025-12-08 00:02:45+00
15,1307.8,2025-12-08 00:02:46+00
15,1309.3,2025-12-08 00:02:47+00
15,1304.5,2025-12-08 00:02:48+00
15,1303.6,2025-12-08 00:02:49+00
15,1304.2,2025-12-08 00:02:50+00
15,1307.9,2025-12-08 00:02:51+00
15,1304.6,2025-12-08 00:02:52+00
15,1304.1,2025-12-08 00:02:53+00
15,1300.1,2025-12-08 00:02:54+00
15,1304,2025-12-08 00:02:55+00
15,1304,2025-12-08 00:02:56+00
15,1308.6,2025-12-08 00:02:57+00
15,1304.1,2025-12-08 00:02:58+00
15,1312.4,2025-12-08 00:02:59+00
15,1306.2,2025-12-08 00:03:00+00
15,1308.9,2025-12-08 00:03:01+00
15,1306.9,2025-12-08 00:03:02+00
15,1304.8,2025-12-08 00:03:03+00
15,1320.8,2025-12-08 00:03:04+00
15,1305.1,2025-12-08 00:03:05+00
15,1326.2,2025-12-08 00:03:06+00
15,1301.4,2025-12-08 00:03:07+00
15,1299.3,2025-12-08 00:03:08+00
15,1310.5,2025-12-08 00:03:09+00
15,1307.3,2025-12-08 00:03:10+00
15,1303.3,2025-12-08 00:03:11+00
15,1306.6,2025-12-08 00:03:12+00
15,1302.8,2025-12-08 00:03:13+00
15,1304.1,2025-12-08 00:03:14+00
15,1314.5,2025-12-08 00:03:15+00
15,1300.1,2025-12-08 00:03:16+00
15,1302.3,2025-12-08 00:03:17+00
15,1306.7,2025-12-08 00:03:18+00
15,1308.7,2025-12-08 00:03:19+00
15,1306.5,2025-12-08 00:03:20+00
15,1310.9,2025-12-08 00:03:21+00
15,1309.3,2025-12-08 00:03:22+00
15,1315.4,2025-12-08 00:03:23+00
15,1318.8,2025-12-08 00:03:24+00
15,1298.9,2025-12-08 00:03:25+00
15,1305.2,2025-12-08 00:03:26+00
15,1342.2,2025-12-08 00:03:27+00
15,1435.8,2025-12-08 00:03:28+00
15,1412.4,2025-12-08 00:03:29+00
15,1412.1,2025-12-08 00:03:30+00
15,1412.2,2025-12-08 00:03:31+00
15,1412.5,2025-12-08 00:03:32+00
15,1415.9,2025-12-08 00:03:33+00
15,1420.2,2025-12-08 00:03:34+00
15,1425.8,2025-12-08 00:03:35+00
15,1401.7,2025-12-08 00:03:36+00
15,1414.2,2025-12-08 00:03:37+00
15,1413.3,2025-12-08 00:03:38+00
15,1415.6,2025-12-08 00:03:39+00
15,1416.1,2025-12-08 00:03:40+00
15,1409.5,2025-12-08 00:03:41+00
15,1417.2,2025-12-08 00:03:42+00
15,1408.4,2025-12-08 00:03:43+00
15,1414.1,2025-12-08 00:03:44+00
15,1411.6,2025-12-08 00:03:45+00
15,1411,2025-12-08 00:03:46+00
15,1410.1,2025-12-08 00:03:47+00
15,1411.3,2025-12-08 00:03:48+00
15,1409.8,2025-12-08 00:03:49+00
15,1409.6,2025-12-08 00:03:50+00
15,1412.9,2025-12-08 00:03:51+00
15,1417.4,2025-12-08 00:03:52+00
15,1421.4,2025-12-08 00:03:53+00
15,1418.3,2025-12-08 00:03:54+00
15,1411.1,2025-12-08 00:03:55+00
15,1440.4,2025-12-08 00:03:56+00
15,1482.6,2025-12-08 00:03:57+00
15,1473.7,2025-12-08 00:03:58+00
15,1472,2025-12-08 00:03:59+00
15,1482.4,2025-12-08 00:04:00+00
15,1482.4,2025-12-08 00:04:01+00
15,1472.7,2025-12-08 00:04:02+00
15,1474.2,2025-12-08 00:04:03+00
15,1476.2,2025-12-08 00:04:04+00
15,1478.6,2025-12-08 00:04:05+00
15,1486,2025-12-08 00:04:06+00
15,1475.2,2025-12-08 00:04:07+00
15,1481.8,2025-12-08 00:04:08+00
15,1479.9,2025-12-08 00:04:09+00
15,1478.8,2025-12-08 00:04:10+00
15,1476.1,2025-12-08 00:04:11+00
15,1482.9,2025-12-08 00:04:12+00
15,1469.4,2025-12-08 00:04:13+00
15,1467.2,2025-12-08 00:04:14+00
15,1477.3,2025-12-08 00:04:15+00
15,1483,2025-12-08 00:04:16+00
15,1474.5,2025-12-08 00:04:17+00
15,1473.1,2025-12-08 00:04:18+00
15,1479.6,2025-12-08 00:04:19+00
15,1481.1,2025-12-08 00:04:20+00
15,1480.6,2025-12-08 00:04:21+00
15,1483.8,2025-12-08 00:04:22+00
15,1468.7,2025-12-08 00:04:23+00
15,1471.8,2025-12-08 00:04:24+00
15,1481.8,2025-12-08 00:04:25+00
15,1475.7,2025-12-08 00:04:26+00
15,1480.4,2025-12-08 00:04:27+00
15,1481.4,2025-12-08 00:04:28+00
15,1490.5,2025-12-08 00:04:29+00
15,1474.8,2025-12-08 00:04:30+00
15,1470.1,2025-12-08 00:04:31+00
15,1485,2025-12-08 00:04:32+00
15,1471.3,2025-12-08 00:04:33+00
15,1471.4,2025-12-08 00:04:34+00
15,1465.8,2025-12-08 00:04:35+00
15,1488.1,2025-12-08 00:04:36+00
15,1554.4,2025-12-08 00:04:37+00
15,1552.6,2025-12-08 00:04:38+00
15,1552.7,2025-12-08 00:04:39+00
15,1554.5,2025-12-08 00:04:40+00
15,1560.4,2025-12-08 00:04:41+00
15,1557.1,2025-12-08 00:04:42+00
15,1556.4,2025-12-08 00:04:43+00
15,1558.2,2025-12-08 00:04:44+00
15,1560.5,2025-12-08 00:04:45+00
15,1560,2025-12-08 00:04:46+00
15,1558.2,2025-12-08 00:04:47+00
15,1560.8,2025-12-08 00:04:48+00
15,1557.6,2025-12-08 00:04:49+00
15,1564.2,2025-12-08 00:04:50+00
15,1564.3,2025-12-08 00:04:51+00
15,1563,2025-12-08 00:04:52+00
15,1555.6,2025-12-08 00:04:53+00
15,1551.6,2025-12-08 00:04:54+00
15,1550.9,2025-12-08 00:04:55+00
15,1551.2,2025-12-08 00:04:56+00
15,1558.6,2025-12-08 00:04:57+00
15,1555.8,2025-12-08 00:04:58+00
15,1553,2025-12-08 00:04:59+00
15,1554.6,2025-12-08 00:05:00+00
15,1558.3,2025-12-08 00:05:01+00
15,1553.2,2025-12-08 00:05:02+00
15,1555.7,2025-12-08 00:05:03+00
15,1556,2025-12-08 00:05:04+00
15,1554.3,2025-12-08 00:05:05+00
15,1560.3,2025-12-08 00:05:06+00
15,1568,2025-12-08 00:05:07+00
15,1552.4,2025-12-08 00:05:08+00
15,1561.6,2025-12-08 00:05:09+00
15,1572.7,2025-12-08 00:05:10+00
15,1553,2025-12-08 00:05:11+00
15,1553.7,2025-12-08 00:05:12+00
15,1553.7,2025-12-08 00:05:13+00
15,1554.6,2025-12-08 00:05:14+00
15,1559.2,2025-12-08 00:05:15+00
15,1561.9,2025-12-08 00:05:16+00
15,1561.4,2025-12-08 00:05:17+00
15,1556.5,2025-12-08 00:05:18+00
15,1563.6,2025-12-08 00:05:19+00
15,1563.6,2025-12-08 00:05:20+00
15,1564.4,2025-12-08 00:05:21+00
15,1561.4,2025-12-08 00:05:22+00
15,1557.6,2025-12-08 00:05:23+00
15,1558.5,2025-12-08 00:05:24+00
15,1556.9,2025-12-08 00:05:25+00
15,1621.5,2025-12-08 00:05:26+00
15,1676.7,2025-12-08 00:05:27+00
15,1696.5,2025-12-08 00:05:28+00
15,1685.5,2025-12-08 00:05:29+00
15,1693.5,2025-12-08 00:05:30+00
15,1713.8,2025-12-08 00:05:31+00
15,1696.6,2025-12-08 00:05:32+00
15,1710.6,2025-12-08 00:05:33+00
15,1690.6,2025-12-08 00:05:34+00
15,1693.7,2025-12-08 00:05:35+00
15,1694.3,2025-12-08 00:05:36+00
15,1694.2,2025-12-08 00:05:37+00
15,1689.4,2025-12-08 00:05:38+00
15,1692.6,2025-12-08 00:05:39+00
15,1695.4,2025-12-08 00:05:40+00
15,1693.5,2025-12-08 00:05:41+00
15,1693.1,2025-12-08 00:05:42+00
15,1695.9,2025-12-08 00:05:43+00
15,1691,2025-12-08 00:05:44+00
15,1693.1,2025-12-08 00:05:45+00
15,1699.1,2025-12-08 00:05:46+00
15,1688,2025-12-08 00:05:47+00
15,1694.9,2025-12-08 00:05:48+00
15,1694.2,2025-12-08 00:05:49+00
15,1696,2025-12-08 00:05:50+00
15,1693.9,2025-12-08 00:05:51+00
15,1693.9,2025-12-08 00:05:52+00
15,1691,2025-12-08 00:05:53+00
15,1696.9,2025-12-08 00:05:54+00
15,1691.5,2025-12-08 00:05:55+00
15,1691.9,2025-12-08 00:05:56+00
15,1697.3,2025-12-08 00:05:57+00
15,1694.5,2025-12-08 00:05:58+00
15,1691.2,2025-12-08 00:05:59+00
15,1700.2,2025-12-08 00:06:00+00
15,1697.2,2025-12-08 00:06:01+00
15,1700.4,2025-12-08 00:06:02+00
15,1696.2,2025-12-08 00:06:03+00
15,1692.8,2025-12-08 00:06:04+00
15,1695.2,2025-12-08 00:06:05+00
15,1695.8,2025-12-08 00:06:06+00
15,1697,2025-12-08 00:06:07+00
15,1692.4,2025-12-08 00:06:08+00
15,1702.2,2025-12-08 00:06:09+00
15,1704.9,2025-12-08 00:06:10+00
15,1694,2025-12-08 00:06:11+00
15,1712,2025-12-08 00:06:12+00
15,1697.9,2025-12-08 00:06:13+00
15,1694.6,2025-12-08 00:06:14+00
15,1696.2,2025-12-08 00:06:15+00
15,1691.5,2025-12-08 00:06:16+00
15,1692.6,2025-12-08 00:06:17+00
15,1711.1,2025-12-08 00:06:18+00
15,1702.9,2025-12-08 00:06:19+00
15,1698.4,2025-12-08 00:06:20+00
15,1695.5,2025-12-08 00:06:21+00
15,1697.1,2025-12-08 00:06:22+00
15,1697.5,2025-12-08 00:06:23+00
15,1696.6,2025-12-08 00:06:24+00
15,1695,2025-12-08 00:06:25+00
15,1704.5,2025-12-08 00:06:26+00
15,1694.9,2025-12-08 00:06:27+00
15,1698,2025-12-08 00:06:28+00
15,1692.2,2025-12-08 00:06:29+00
15,1695.4,2025-12-08 00:06:30+00
15,1695.3,2025-12-08 00:06:31+00
15,1705.6,2025-12-08 00:06:32+00
15,1697.7,2025-12-08 00:06:33+00
15,1695.2,2025-12-08 00:06:34+00
15,1693.2,2025-12-08 00:06:35+00
15,1693.5,2025-12-08 00:06:36+00
15,1694.8,2025-12-08 00:06:37+00
15,1695.9,2025-12-08 00:06:38+00
15,1698.8,2025-12-08 00:06:39+00
15,1691.1,2025-12-08 00:06:40+00
15,1695.8,2025-12-08 00:06:41+00
15,1698.3,2025-12-08 00:06:42+00
15,1696.1,2025-12-08 00:06:43+00
15,1699.5,2025-12-08 00:06:44+00
15,1695.4,2025-12-08 00:06:45+00
15,1695,2025-12-08 00:06:46+00
15,1692.3,2025-12-08 00:06:47+00
15,1697.7,2025-12-08 00:06:48+00
15,1698.8,2025-12-08 00:06:49+00
15,1697,2025-12-08 00:06:50+00
15,1698.6,2025-12-08 00:06:51+00
15,1693.6,2025-12-08 00:06:52+00
15,1694.8,2025-12-08 00:06:53+00
15,1692.2,2025-12-08 00:06:54+00
15,1696.4,2025-12-08 00:06:55+00
15,1703.6,2025-12-08 00:06:56+00
15,1706,2025-12-08 00:06:57+00
15,1696,2025-12-08 00:06:58+00
15,1695.3,2025-12-08 00:06:59+00
15,1701.8,2025-12-08 00:07:00+00
15,1699.8,2025-12-08 00:07:01+00
15,1700.6,2025-12-08 00:07:02+00
15,1699.7,2025-12-08 00:07:03+00
15,1695.1,2025-12-08 00:07:04+00
15,1692.1,2025-12-08 00:07:05+00
15,1692.1,2025-12-08 00:07:06+00
15,1696,2025-12-08 00:07:07+00
15,1691.3,2025-12-08 00:07:08+00
15,1700,2025-12-08 00:07:09+00
15,1692.6,2025-12-08 00:07:10+00
15,1697,2025-12-08 00:07:11+00
15,1693,2025-12-08 00:07:12+00
15,1697.1,2025-12-08 00:07:13+00
15,1693.8,2025-12-08 00:07:14+00
15,1698.7,2025-12-08 00:07:15+00
15,1696,2025-12-08 00:07:16+00
15,1696,2025-12-08 00:07:17+00
15,1696.9,2025-12-08 00:07:18+00
15,1703.6,2025-12-08 00:07:19+00
15,1702.3,2025-12-08 00:07:20+00
15,1693.9,2025-12-08 00:07:21+00
15,1692.3,2025-12-08 00:07:22+00
15,1698.7,2025-12-08 00:07:23+00
15,1699.6,2025-12-08 00:07:24+00
15,1695.6,2025-12-08 00:07:25+00
15,1700.2,2025-12-08 00:07:26+00
15,1689.9,2025-12-08 00:07:27+00
15,1695.4,2025-12-08 00:07:28+00
15,1695.3,2025-12-08 00:07:29+00
15,1715.3,2025-12-08 00:07:30+00
15,1695.4,2025-12-08 00:07:31+00
15,1697.4,2025-12-08 00:07:32+00
15,1697.8,2025-12-08 00:07:33+00
15,1694.9,2025-12-08 00:07:34+00
15,1695.1,2025-12-08 00:07:35+00
15,1694.9,2025-12-08 00:07:36+00
15,1698,2025-12-08 00:07:37+00
15,1697.1,2025-12-08 00:07:38+00
15,1697.5,2025-12-08 00:07:39+00
15,1696.6,2025-12-08 00:07:40+00
15,1697.9,2025-12-08 00:07:41+00
15,1703.3,2025-12-08 00:07:42+00
15,1691.1,2025-12-08 00:07:43+00
15,1687.5,2025-12-08 00:07:44+00
15,1694.3,2025-12-08 00:07:45+00
15,1695.9,2025-12-08 00:07:46+00
15,1699.1,2025-12-08 00:07:47+00
15,1694.1,2025-12-08 00:07:48+00
15,1694.9,2025-12-08 00:07:49+00
15,1694.1,2025-12-08 00:07:50+00
15,1697.5,2025-12-08 00:07:51+00
15,1692.8,2025-12-08 00:07:52+00
15,1693.8,2025-12-08 00:07:53+00
15,1693.5,2025-12-08 00:07:54+00
15,1698.4,2025-12-08 00:07:55+00
15,1702,2025-12-08 00:07:56+00
15,1701,2025-12-08 00:07:57+00
15,1700.2,2025-12-08 00:07:58+00
15,1698.3,2025-12-08 00:07:59+00
15,1701.1,2025-12-08 00:08:00+00
15,1702,2025-12-08 00:08:01+00
15,1699.3,2025-12-08 00:08:02+00
15,1695.9,2025-12-08 00:08:03+00
15,1705,2025-12-08 00:08:04+00
15,1696.1,2025-12-08 00:08:05+00
15,1698,2025-12-08 00:08:06+00
15,1696.4,2025-12-08 00:08:07+00
15,1697.5,2025-12-08 00:08:08+00
15,1697.5,2025-12-08 00:08:09+00
15,1699.2,2025-12-08 00:08:10+00
15,1698.6,2025-12-08 00:08:11+00
15,1699.1,2025-12-08 00:08:12+00
15,1699.1,2025-12-08 00:08:13+00
15,1701.4,2025-12-08 00:08:14+00
15,1694.1,2025-12-08 00:08:15+00
15,1695.5,2025-12-08 00:08:16+00
15,1697.7,2025-12-08 00:08:17+00
15,1697.6,2025-12-08 00:08:18+00
15,1701,2025-12-08 00:08:19+00
15,1705.3,2025-12-08 00:08:20+00
15,1696.8,2025-12-08 00:08:21+00
15,1697.6,2025-12-08 00:08:22+00
15,1695.8,2025-12-08 00:08:23+00
15,1708.3,2025-12-08 00:08:24+00
15,1698.6,2025-12-08 00:08:25+00
15,1706.3,2025-12-08 00:08:26+00
15,1698.6,2025-12-08 00:08:27+00
15,1701.7,2025-12-08 00:08:28+00
15,1695.9,2025-12-08 00:08:29+00
15,1701.1,2025-12-08 00:08:30+00
15,1697.3,2025-12-08 00:08:31+00
15,1698.4,2025-12-08 00:08:32+00
15,1703.4,2025-12-08 00:08:33+00
15,1715.5,2025-12-08 00:08:34+00
15,1700.1,2025-12-08 00:08:35+00
15,1701.4,2025-12-08 00:08:36+00
15,1700,2025-12-08 00:08:37+00
15,1700.5,2025-12-08 00:08:38+00
15,1702.6,2025-12-08 00:08:39+00
15,1702.8,2025-12-08 00:08:40+00
15,1698.8,2025-12-08 00:08:41+00
15,1713.7,2025-12-08 00:08:42+00
15,1699.3,2025-12-08 00:08:43+00
15,1699.6,2025-12-08 00:08:44+00
15,1704.4,2025-12-08 00:08:45+00
15,1702,2025-12-08 00:08:46+00
15,1698.1,2025-12-08 00:08:47+00
15,1699.6,2025-12-08 00:08:48+00
15,1698.7,2025-12-08 00:08:49+00
15,1716.2,2025-12-08 00:08:50+00
15,1710.9,2025-12-08 00:08:51+00
15,1699.2,2025-12-08 00:08:52+00
15,1699.9,2025-12-08 00:08:53+00
15,1699,2025-12-08 00:08:54+00
15,1700.3,2025-12-08 00:08:55+00
15,1702.1,2025-12-08 00:08:56+00
15,1702.8,2025-12-08 00:08:57+00
15,1702.4,2025-12-08 00:08:58+00
15,1705.1,2025-12-08 00:08:59+00
15,1702,2025-12-08 00:09:00+00
15,1704.8,2025-12-08 00:09:01+00
15,1702.8,2025-12-08 00:09:02+00
15,1705.5,2025-12-08 00:09:03+00
15,1705.8,2025-12-08 00:09:04+00
15,1702.7,2025-12-08 00:09:05+00
15,1704.1,2025-12-08 00:09:06+00
15,1700.4,2025-12-08 00:09:07+00
15,1703.6,2025-12-08 00:09:08+00
15,1704.6,2025-12-08 00:09:09+00
15,1703.8,2025-12-08 00:09:10+00
15,1700.3,2025-12-08 00:09:11+00
15,1704.2,2025-12-08 00:09:12+00
15,1702.8,2025-12-08 00:09:13+00
15,1703.1,2025-12-08 00:09:14+00
15,1707.6,2025-12-08 00:09:15+00
15,1707.6,2025-12-08 00:09:16+00
15,1712.4,2025-12-08 00:09:17+00
15,1707.4,2025-12-08 00:09:18+00
15,1709.1,2025-12-08 00:09:19+00
15,1709.4,2025-12-08 00:09:20+00
15,1713,2025-12-08 00:09:21+00
15,1701,2025-12-08 00:09:22+00
15,1714.3,2025-12-08 00:09:23+00
15,1707.2,2025-12-08 00:09:24+00
15,1706.7,2025-12-08 00:09:25+00
15,1707.4,2025-12-08 00:09:26+00
15,1708,2025-12-08 00:09:27+00
15,1709.5,2025-12-08 00:09:28+00
15,1708.5,2025-12-08 00:09:29+00
15,1708.1,2025-12-08 00:09:30+00
15,1726,2025-12-08 00:09:31+00
15,1706.8,2025-12-08 00:09:32+00
15,1709.1,2025-12-08 00:09:33+00
15,1704.5,2025-12-08 00:09:34+00
15,1707.9,2025-12-08 00:09:35+00
15,1712.3,2025-12-08 00:09:36+00
15,1711.4,2025-12-08 00:09:37+00
15,1711.4,2025-12-08 00:09:38+00
15,1708.4,2025-12-08 00:09:39+00
15,1709.6,2025-12-08 00:09:40+00
15,1709,2025-12-08 00:09:41+00
15,1716.9,2025-12-08 00:09:42+00
15,1707.1,2025-12-08 00:09:43+00
15,1707.7,2025-12-08 00:09:44+00
15,1703.9,2025-12-08 00:09:45+00
15,1709.2,2025-12-08 00:09:46+00
15,1707.6,2025-12-08 00:09:47+00
15,1710.3,2025-12-08 00:09:48+00
15,1703.3,2025-12-08 00:09:49+00
15,1706.2,2025-12-08 00:09:50+00
15,1724.8,2025-12-08 00:09:51+00
15,1709,2025-12-08 00:09:52+00
15,1706.6,2025-12-08 00:09:53+00
15,1707.1,2025-12-08 00:09:54+00
15,1704.2,2025-12-08 00:09:55+00
15,1708.9,2025-12-08 00:09:56+00
15,1719.4,2025-12-08 00:09:57+00
15,1709.8,2025-12-08 00:09:58+00
15,1710.1,2025-12-08 00:09:59+00
15,1714,2025-12-08 00:10:00+00
15,1709,2025-12-08 00:10:01+00
15,1714.1,2025-12-08 00:10:02+00
15,1716.5,2025-12-08 00:10:03+00
15,1713.3,2025-12-08 00:10:04+00
15,1713.2,2025-12-08 00:10:05+00
15,1712.9,2025-12-08 00:10:06+00
15,1709.5,2025-12-08 00:10:07+00
15,1536,2025-12-08 00:10:08+00
15,1542.2,2025-12-08 00:10:09+00
15,1547.8,2025-12-08 00:10:10+00
15,1552.5,2025-12-08 00:10:11+00
15,1505.8,2025-12-08 00:10:12+00
15,688.1,2025-12-08 00:10:13+00
15,716.6,2025-12-08 00:10:14+00
15,722,2025-12-08 00:10:15+00
15,723,2025-12-08 00:10:16+00
15,755.3,2025-12-08 00:10:17+00
15,723.2,2025-12-08 00:10:18+00
15,733.7,2025-12-08 00:10:19+00
15,727.2,2025-12-08 00:10:20+00
15,724.8,2025-12-08 00:10:21+00
15,721.4,2025-12-08 00:10:22+00
15,721.7,2025-12-08 00:10:23+00
15,721.1,2025-12-08 00:10:24+00
15,719,2025-12-08 00:10:25+00
15,724.7,2025-12-08 00:10:26+00
15,721.8,2025-12-08 00:10:27+00
15,722.2,2025-12-08 00:10:28+00
15,721,2025-12-08 00:10:29+00
15,721.4,2025-12-08 00:10:30+00
15,727.2,2025-12-08 00:10:31+00
15,721.4,2025-12-08 00:10:32+00
15,725,2025-12-08 00:10:33+00
15,721.6,2025-12-08 00:10:34+00
15,723.5,2025-12-08 00:10:35+00
15,723.4,2025-12-08 00:10:36+00
15,724.3,2025-12-08 00:10:37+00
15,723.1,2025-12-08 00:10:38+00
15,724,2025-12-08 00:10:39+00
15,724.9,2025-12-08 00:10:40+00
15,722.9,2025-12-08 00:10:41+00
15,726.7,2025-12-08 00:10:42+00
15,716.2,2025-12-08 00:10:43+00
15,682.7,2025-12-08 00:10:44+00
15,576.2,2025-12-08 00:10:45+00
15,574.8,2025-12-08 00:10:46+00
15,575.2,2025-12-08 00:10:47+00
15,582.1,2025-12-08 00:10:48+00
15,572.5,2025-12-08 00:10:49+00
15,573.8,2025-12-08 00:10:50+00
15,577.9,2025-12-08 00:10:51+00
15,577.4,2025-12-08 00:10:52+00
15,574.4,2025-12-08 00:10:53+00
15,574.6,2025-12-08 00:10:54+00
15,576.2,2025-12-08 00:10:55+00
15,581.4,2025-12-08 00:10:56+00
15,640.7,2025-12-08 00:10:57+00
15,591.3,2025-12-08 00:10:58+00
15,591.6,2025-12-08 00:10:59+00
15,590.8,2025-12-08 00:11:00+00
15,605.6,2025-12-08 00:11:01+00
15,593.3,2025-12-08 00:11:02+00
15,593,2025-12-08 00:11:03+00
15,592.3,2025-12-08 00:11:04+00
15,590.6,2025-12-08 00:11:05+00
15,593.9,2025-12-08 00:11:06+00
15,605,2025-12-08 00:11:07+00
15,596.6,2025-12-08 00:11:08+00
15,595.9,2025-12-08 00:11:09+00
15,595.9,2025-12-08 00:11:10+00
15,596,2025-12-08 00:11:11+00
15,595.8,2025-12-08 00:11:12+00
15,596.9,2025-12-08 00:11:13+00
15,672.6,2025-12-08 00:11:14+00
15,715.2,2025-12-08 00:11:15+00
15,721.7,2025-12-08 00:11:16+00
15,721.1,2025-12-08 00:11:17+00
15,722.9,2025-12-08 00:11:18+00
15,726.1,2025-12-08 00:11:19+00
15,725,2025-12-08 00:11:20+00
15,726.3,2025-12-08 00:11:21+00
15,718.7,2025-12-08 00:11:22+00
15,719.3,2025-12-08 00:11:23+00
15,722.5,2025-12-08 00:11:24+00
15,720.2,2025-12-08 00:11:25+00
15,717.6,2025-12-08 00:11:26+00
15,722.6,2025-12-08 00:11:27+00
15,724.7,2025-12-08 00:11:28+00
15,721.2,2025-12-08 00:11:29+00
15,720.2,2025-12-08 00:11:30+00
15,719.6,2025-12-08 00:11:31+00
15,721.9,2025-12-08 00:11:32+00
15,724.6,2025-12-08 00:11:33+00
15,722.8,2025-12-08 00:11:34+00
15,732.5,2025-12-08 00:11:35+00
15,729.7,2025-12-08 00:11:36+00
15,738.8,2025-12-08 00:11:37+00
15,732.8,2025-12-08 00:11:38+00
15,731.7,2025-12-08 00:11:39+00
15,732.2,2025-12-08 00:11:40+00
15,725.8,2025-12-08 00:11:41+00
15,726.2,2025-12-08 00:11:42+00
15,727.2,2025-12-08 00:11:43+00
15,727,2025-12-08 00:11:44+00
15,731.6,2025-12-08 00:11:45+00
15,726,2025-12-08 00:11:46+00
15,723.8,2025-12-08 00:11:47+00
15,722.3,2025-12-08 00:11:48+00
15,722.9,2025-12-08 00:11:49+00
15,722.7,2025-12-08 00:11:50+00
15,725.8,2025-12-08 00:11:51+00
15,723,2025-12-08 00:11:52+00
15,722.2,2025-12-08 00:11:53+00
15,722.1,2025-12-08 00:11:54+00
15,732.4,2025-12-08 00:11:55+00
15,726.7,2025-12-08 00:11:56+00
15,724.8,2025-12-08 00:11:57+00
15,723,2025-12-08 00:11:58+00
15,723.2,2025-12-08 00:11:59+00
15,726.5,2025-12-08 00:12:00+00
15,737.6,2025-12-08 00:12:01+00
15,723.3,2025-12-08 00:12:02+00
15,725.4,2025-12-08 00:12:03+00
15,723.7,2025-12-08 00:12:04+00
15,723.4,2025-12-08 00:12:05+00
15,725.5,2025-12-08 00:12:06+00
15,724.2,2025-12-08 00:12:07+00
15,722.3,2025-12-08 00:12:08+00
15,722.1,2025-12-08 00:12:09+00
15,722.7,2025-12-08 00:12:10+00
15,720.2,2025-12-08 00:12:11+00
15,724.8,2025-12-08 00:12:12+00
15,723.5,2025-12-08 00:12:13+00
15,722.4,2025-12-08 00:12:14+00
15,722.7,2025-12-08 00:12:15+00
15,726.7,2025-12-08 00:12:16+00
15,724,2025-12-08 00:12:17+00
15,723.2,2025-12-08 00:12:18+00
15,728.6,2025-12-08 00:12:19+00
15,728.2,2025-12-08 00:12:20+00
15,722.8,2025-12-08 00:12:21+00
15,725.6,2025-12-08 00:12:22+00
15,722.3,2025-12-08 00:12:23+00
15,722.4,2025-12-08 00:12:24+00
15,721.2,2025-12-08 00:12:25+00
15,720.4,2025-12-08 00:12:26+00
15,721.9,2025-12-08 00:12:27+00
15,725.6,2025-12-08 00:12:28+00
15,726.3,2025-12-08 00:12:29+00
15,722.1,2025-12-08 00:12:30+00
15,722,2025-12-08 00:12:31+00
15,719.7,2025-12-08 00:12:32+00
15,724.7,2025-12-08 00:12:33+00
15,723.7,2025-12-08 00:12:34+00
15,722.4,2025-12-08 00:12:35+00
15,730.2,2025-12-08 00:12:36+00
15,720.8,2025-12-08 00:12:37+00
15,722,2025-12-08 00:12:38+00
15,719.5,2025-12-08 00:12:39+00
15,719.7,2025-12-08 00:12:40+00
15,719.7,2025-12-08 00:12:41+00
15,722.7,2025-12-08 00:12:42+00
15,725.4,2025-12-08 00:12:43+00
15,748,2025-12-08 00:12:44+00
15,729.8,2025-12-08 00:12:45+00
15,735.2,2025-12-08 00:12:46+00
15,727.9,2025-12-08 00:12:47+00
15,728.7,2025-12-08 00:12:48+00
15,728.7,2025-12-08 00:12:49+00
15,728.6,2025-12-08 00:12:50+00
15,730.6,2025-12-08 00:12:51+00
15,731,2025-12-08 00:12:52+00
15,728.1,2025-12-08 00:12:53+00
15,732.2,2025-12-08 00:12:54+00
15,726.7,2025-12-08 00:12:55+00
15,728.4,2025-12-08 00:12:56+00
15,729.6,2025-12-08 00:12:57+00
15,724.8,2025-12-08 00:12:58+00
15,718.8,2025-12-08 00:12:59+00
15,723.6,2025-12-08 00:13:00+00
15,719.9,2025-12-08 00:13:01+00
15,723.1,2025-12-08 00:13:02+00
15,724.1,2025-12-08 00:13:03+00
15,721.7,2025-12-08 00:13:04+00
15,724.1,2025-12-08 00:13:05+00
15,730.1,2025-12-08 00:13:06+00
15,723.8,2025-12-08 00:13:07+00
15,730.9,2025-12-08 00:13:08+00
15,721.3,2025-12-08 00:13:09+00
15,720.1,2025-12-08 00:13:10+00
15,719.5,2025-12-08 00:13:11+00
15,723.2,2025-12-08 00:13:12+00
15,722,2025-12-08 00:13:13+00
15,724,2025-12-08 00:13:14+00
15,722.3,2025-12-08 00:13:15+00
15,719.8,2025-12-08 00:13:16+00
15,722.5,2025-12-08 00:13:17+00
15,723.8,2025-12-08 00:13:18+00
15,724.4,2025-12-08 00:13:19+00
15,725.8,2025-12-08 00:13:20+00
15,722.4,2025-12-08 00:13:21+00
15,720.1,2025-12-08 00:13:22+00
15,721.8,2025-12-08 00:13:23+00
15,726.3,2025-12-08 00:13:24+00
15,718.3,2025-12-08 00:13:25+00
15,721.5,2025-12-08 00:13:26+00
15,719.8,2025-12-08 00:13:27+00
15,718.7,2025-12-08 00:13:28+00
15,719.8,2025-12-08 00:13:29+00
15,719.1,2025-12-08 00:13:30+00
15,688.7,2025-12-08 00:13:31+00
15,691.2,2025-12-08 00:13:32+00
15,691.4,2025-12-08 00:13:33+00
15,691.9,2025-12-08 00:13:34+00
15,687.9,2025-12-08 00:13:35+00
15,689.3,2025-12-08 00:13:36+00
15,689.3,2025-12-08 00:13:37+00
15,690,2025-12-08 00:13:38+00
15,692.5,2025-12-08 00:13:39+00
15,688.5,2025-12-08 00:13:40+00
15,688.9,2025-12-08 00:13:41+00
15,691.9,2025-12-08 00:13:42+00
15,691,2025-12-08 00:13:43+00
15,693,2025-12-08 00:13:44+00
15,692,2025-12-08 00:13:45+00
15,686.6,2025-12-08 00:13:46+00
15,690.4,2025-12-08 00:13:47+00
15,690.8,2025-12-08 00:13:48+00
15,689.3,2025-12-08 00:13:49+00
15,694,2025-12-08 00:13:50+00
15,688.3,2025-12-08 00:13:51+00
15,690.4,2025-12-08 00:13:52+00
15,689.8,2025-12-08 00:13:53+00
15,693.2,2025-12-08 00:13:54+00
15,690.4,2025-12-08 00:13:55+00
15,689.4,2025-12-08 00:13:56+00
15,688.5,2025-12-08 00:13:57+00
15,690.7,2025-12-08 00:13:58+00
15,693.7,2025-12-08 00:13:59+00
15,701.2,2025-12-08 00:14:00+00
15,695.5,2025-12-08 00:14:01+00
15,694.9,2025-12-08 00:14:02+00
15,694.3,2025-12-08 00:14:03+00
15,690.3,2025-12-08 00:14:04+00
15,708,2025-12-08 00:14:05+00
15,690.7,2025-12-08 00:14:06+00
15,692.3,2025-12-08 00:14:07+00
15,693,2025-12-08 00:14:08+00
15,693.9,2025-12-08 00:14:09+00
15,688.8,2025-12-08 00:14:10+00
15,687.6,2025-12-08 00:14:11+00
15,690.2,2025-12-08 00:14:12+00
15,688.4,2025-12-08 00:14:13+00
15,689.1,2025-12-08 00:14:14+00
15,686.8,2025-12-08 00:14:15+00
15,685.8,2025-12-08 00:14:16+00
15,689.9,2025-12-08 00:14:17+00
15,689.1,2025-12-08 00:14:18+00
15,695.6,2025-12-08 00:14:19+00
15,689.3,2025-12-08 00:14:20+00
15,686.1,2025-12-08 00:14:21+00
15,686.7,2025-12-08 00:14:22+00
15,686.7,2025-12-08 00:14:23+00
15,689.8,2025-12-08 00:14:24+00
15,687.7,2025-12-08 00:14:25+00
15,688.7,2025-12-08 00:14:26+00
15,688.1,2025-12-08 00:14:27+00
15,687.6,2025-12-08 00:14:28+00
15,687.4,2025-12-08 00:14:29+00
15,689.9,2025-12-08 00:14:30+00
15,687.3,2025-12-08 00:14:31+00
15,687.6,2025-12-08 00:14:32+00
15,686.8,2025-12-08 00:14:33+00
15,685.3,2025-12-08 00:14:34+00
15,688.3,2025-12-08 00:14:35+00
15,682.4,2025-12-08 00:14:36+00
15,692.1,2025-12-08 00:14:37+00
15,689.3,2025-12-08 00:14:38+00
15,690.4,2025-12-08 00:14:39+00
15,689.4,2025-12-08 00:14:40+00
15,687.2,2025-12-08 00:14:41+00
15,689.8,2025-12-08 00:14:42+00
15,688.1,2025-12-08 00:14:43+00
15,689.7,2025-12-08 00:14:44+00
15,688.1,2025-12-08 00:14:45+00
15,685.4,2025-12-08 00:14:46+00
15,687.4,2025-12-08 00:14:47+00
15,686.7,2025-12-08 00:14:48+00
15,686.3,2025-12-08 00:14:49+00
15,688.5,2025-12-08 00:14:50+00
15,692.3,2025-12-08 00:14:51+00
15,685.1,2025-12-08 00:14:52+00
15,688.6,2025-12-08 00:14:53+00
15,688,2025-12-08 00:14:54+00
15,684.9,2025-12-08 00:14:55+00
15,688.7,2025-12-08 00:14:56+00
15,688.2,2025-12-08 00:14:57+00
15,685.8,2025-12-08 00:14:58+00
15,688,2025-12-08 00:14:59+00
15,689,2025-12-08 00:15:00+00
15,691.4,2025-12-08 00:15:01+00
15,689.8,2025-12-08 00:15:02+00
15,688.6,2025-12-08 00:15:03+00
15,687,2025-12-08 00:15:04+00
15,689.8,2025-12-08 00:15:05+00
15,690.2,2025-12-08 00:15:06+00
15,820.1,2025-12-08 00:15:07+00
15,790.4,2025-12-08 00:15:08+00
15,788.1,2025-12-08 00:15:09+00
15,787.3,2025-12-08 00:15:10+00
15,694.7,2025-12-08 00:15:11+00
15,789.7,2025-12-08 00:15:12+00
15,785.5,2025-12-08 00:15:13+00
15,841.2,2025-12-08 00:15:14+00
15,804.2,2025-12-08 00:15:15+00
15,797.5,2025-12-08 00:15:16+00
15,798.7,2025-12-08 00:15:17+00
15,790.4,2025-12-08 00:15:18+00
15,793,2025-12-08 00:15:19+00
15,793.4,2025-12-08 00:15:20+00
15,796.6,2025-12-08 00:15:21+00
15,794.7,2025-12-08 00:15:22+00
15,793.5,2025-12-08 00:15:23+00
15,795.1,2025-12-08 00:15:24+00
15,791.9,2025-12-08 00:15:25+00
15,793.9,2025-12-08 00:15:26+00
15,797.2,2025-12-08 00:15:27+00
15,794.7,2025-12-08 00:15:28+00
15,795.5,2025-12-08 00:15:29+00
15,793.1,2025-12-08 00:15:30+00
15,791.9,2025-12-08 00:15:31+00
15,796.4,2025-12-08 00:15:32+00
15,797.3,2025-12-08 00:15:33+00
15,796.3,2025-12-08 00:15:34+00
15,795,2025-12-08 00:15:35+00
15,792.6,2025-12-08 00:15:36+00
15,803,2025-12-08 00:15:37+00
15,792,2025-12-08 00:15:38+00
15,793.9,2025-12-08 00:15:39+00
15,810.6,2025-12-08 00:15:40+00
15,800.9,2025-12-08 00:15:41+00
15,810.3,2025-12-08 00:15:42+00
15,795.5,2025-12-08 00:15:43+00
15,793.7,2025-12-08 00:15:44+00
15,794.7,2025-12-08 00:15:45+00
15,1091.1,2025-12-08 00:15:46+00
15,1090.4,2025-12-08 00:15:47+00
15,983.7,2025-12-08 00:15:48+00
15,1001.7,2025-12-08 00:15:49+00
15,1098,2025-12-08 00:15:50+00
15,1003.2,2025-12-08 00:15:51+00
15,1049.7,2025-12-08 00:15:52+00
15,1077.8,2025-12-08 00:15:53+00
15,1103.5,2025-12-08 00:15:54+00
15,1126.4,2025-12-08 00:15:55+00
15,1147.9,2025-12-08 00:15:56+00
15,1169.1,2025-12-08 00:15:57+00
15,1187.1,2025-12-08 00:15:58+00
15,1202.1,2025-12-08 00:15:59+00
15,1213.8,2025-12-08 00:16:00+00
15,1219,2025-12-08 00:16:01+00
15,1222.3,2025-12-08 00:16:02+00
15,1228.4,2025-12-08 00:16:03+00
15,1235.4,2025-12-08 00:16:04+00
15,1234.6,2025-12-08 00:16:05+00
15,1234.7,2025-12-08 00:16:06+00
15,1233.5,2025-12-08 00:16:07+00
15,1233.9,2025-12-08 00:16:08+00
15,1233.8,2025-12-08 00:16:09+00
15,1234.1,2025-12-08 00:16:10+00
15,1233,2025-12-08 00:16:11+00
15,1232.6,2025-12-08 00:16:12+00
15,1231.1,2025-12-08 00:16:13+00
15,1226.7,2025-12-08 00:16:14+00
15,1229.8,2025-12-08 00:16:15+00
15,1228.1,2025-12-08 00:16:16+00
15,1231.3,2025-12-08 00:16:17+00
15,1228.5,2025-12-08 00:16:18+00
15,1232.7,2025-12-08 00:16:19+00
15,1235,2025-12-08 00:16:20+00
15,1231.6,2025-12-08 00:16:21+00
15,1233.6,2025-12-08 00:16:22+00
15,1236.7,2025-12-08 00:16:23+00
15,1242.1,2025-12-08 00:16:24+00
15,1236.5,2025-12-08 00:16:25+00
15,1243.4,2025-12-08 00:16:26+00
15,1247.6,2025-12-08 00:16:27+00
15,1250.5,2025-12-08 00:16:28+00
15,1250.5,2025-12-08 00:16:29+00
15,1252.1,2025-12-08 00:16:30+00
15,1250.3,2025-12-08 00:16:31+00
15,1253.6,2025-12-08 00:16:32+00
15,1257.1,2025-12-08 00:16:33+00
15,1262.1,2025-12-08 00:16:34+00
15,1254.9,2025-12-08 00:16:35+00
15,1254.9,2025-12-08 00:16:36+00
15,1257.3,2025-12-08 00:16:37+00
15,1257.1,2025-12-08 00:16:38+00
15,1257,2025-12-08 00:16:39+00
15,1255.9,2025-12-08 00:16:40+00
15,1256.8,2025-12-08 00:16:41+00
15,1258.5,2025-12-08 00:16:42+00
15,1263.2,2025-12-08 00:16:43+00
15,1258.1,2025-12-08 00:16:44+00
15,1258.7,2025-12-08 00:16:45+00
15,1252.6,2025-12-08 00:16:46+00
15,1252.3,2025-12-08 00:16:47+00
15,1254.2,2025-12-08 00:16:48+00
15,1250,2025-12-08 00:16:49+00
15,1252.1,2025-12-08 00:16:50+00
15,1252.6,2025-12-08 00:16:51+00
15,1254,2025-12-08 00:16:52+00
15,1251.6,2025-12-08 00:16:53+00
15,1252,2025-12-08 00:16:54+00
15,1254,2025-12-08 00:16:55+00
15,1256.1,2025-12-08 00:16:56+00
15,1259.6,2025-12-08 00:16:57+00
15,1252.7,2025-12-08 00:16:58+00
15,1267.6,2025-12-08 00:16:59+00
15,1260.4,2025-12-08 00:17:00+00
15,1255.7,2025-12-08 00:17:01+00
15,1259,2025-12-08 00:17:02+00
15,1260.4,2025-12-08 00:17:03+00
15,1256.3,2025-12-08 00:17:04+00
15,1256.8,2025-12-08 00:17:05+00
15,1256.3,2025-12-08 00:17:06+00
15,1259.8,2025-12-08 00:17:07+00
15,1257.7,2025-12-08 00:17:08+00
15,1256.6,2025-12-08 00:17:09+00
15,1253,2025-12-08 00:17:10+00
15,1257.8,2025-12-08 00:17:11+00
15,1254.7,2025-12-08 00:17:12+00
15,1254.9,2025-12-08 00:17:13+00
15,1252.8,2025-12-08 00:17:14+00
15,1256.7,2025-12-08 00:17:15+00
15,1250.5,2025-12-08 00:17:16+00
15,1254.2,2025-12-08 00:17:17+00
15,1256,2025-12-08 00:17:18+00
15,1260.6,2025-12-08 00:17:19+00
15,1258.8,2025-12-08 00:17:20+00
15,1256.9,2025-12-08 00:17:21+00
15,1246,2025-12-08 00:17:22+00
15,1251.8,2025-12-08 00:17:23+00
15,1254.8,2025-12-08 00:17:24+00
15,1248.8,2025-12-08 00:17:25+00
15,1248.6,2025-12-08 00:17:26+00
15,1253.1,2025-12-08 00:17:27+00
15,1253.1,2025-12-08 00:17:28+00
15,1257.9,2025-12-08 00:17:29+00
15,1253.3,2025-12-08 00:17:30+00
15,1249.6,2025-12-08 00:17:31+00
15,1252,2025-12-08 00:17:32+00
15,1253.8,2025-12-08 00:17:33+00
15,1254.4,2025-12-08 00:17:34+00
15,1249.6,2025-12-08 00:17:35+00
15,1257.3,2025-12-08 00:17:36+00
15,1254.4,2025-12-08 00:17:37+00
15,1254.8,2025-12-08 00:17:38+00
15,1254.9,2025-12-08 00:17:39+00
15,1255.9,2025-12-08 00:17:40+00
15,1263.5,2025-12-08 00:17:41+00
15,1254.8,2025-12-08 00:17:42+00
15,1250.3,2025-12-08 00:17:43+00
15,1261.7,2025-12-08 00:17:44+00
15,1263.4,2025-12-08 00:17:45+00
15,1259.6,2025-12-08 00:17:46+00
15,1259.2,2025-12-08 00:17:47+00
15,1254.3,2025-12-08 00:17:48+00
15,1253.6,2025-12-08 00:17:49+00
15,1252.9,2025-12-08 00:17:50+00
15,1256.7,2025-12-08 00:17:51+00
15,1252.3,2025-12-08 00:17:52+00
15,1251,2025-12-08 00:17:53+00
15,1252.3,2025-12-08 00:17:54+00
15,1250.9,2025-12-08 00:17:55+00
15,1252,2025-12-08 00:17:56+00
15,1254.2,2025-12-08 00:17:57+00
15,1251.1,2025-12-08 00:17:58+00
15,1251.8,2025-12-08 00:17:59+00
15,1325.571186,2025-12-08 00:18:00+00
15,1253.6,2025-12-08 00:18:01+00
15,1261.1,2025-12-08 00:18:02+00
15,1254.9,2025-12-08 00:18:03+00
15,1257.9,2025-12-08 00:18:04+00
15,1257.7,2025-12-08 00:18:05+00
15,1254.6,2025-12-08 00:18:06+00
15,1252.6,2025-12-08 00:18:07+00
15,1254.5,2025-12-08 00:18:08+00
15,1253,2025-12-08 00:18:09+00
15,1254.5,2025-12-08 00:18:10+00
15,1256.6,2025-12-08 00:18:11+00
15,1254.1,2025-12-08 00:18:12+00
15,1252.7,2025-12-08 00:18:13+00
15,1253,2025-12-08 00:18:14+00
15,1289.1,2025-12-08 00:18:15+00
15,1360.9,2025-12-08 00:18:16+00
15,1353.2,2025-12-08 00:18:17+00
15,1351.3,2025-12-08 00:18:18+00
15,1360.4,2025-12-08 00:18:19+00
15,1362.3,2025-12-08 00:18:20+00
15,1353.2,2025-12-08 00:18:21+00
15,1355.1,2025-12-08 00:18:22+00
15,1367.2,2025-12-08 00:18:23+00
15,1355.5,2025-12-08 00:18:24+00
15,1351.8,2025-12-08 00:18:25+00
15,1353,2025-12-08 00:18:26+00
15,1357,2025-12-08 00:18:27+00
15,1357.3,2025-12-08 00:18:28+00
15,1357.3,2025-12-08 00:18:29+00
15,1352.7,2025-12-08 00:18:30+00
15,1361.4,2025-12-08 00:18:31+00
15,1357.1,2025-12-08 00:18:32+00
15,1355.3,2025-12-08 00:18:33+00
15,1362.1,2025-12-08 00:18:34+00
15,1344,2025-12-08 00:18:35+00
15,1348.8,2025-12-08 00:18:36+00
15,1343.7,2025-12-08 00:18:37+00
15,1347.2,2025-12-08 00:18:38+00
15,1345.3,2025-12-08 00:18:39+00
15,1342.1,2025-12-08 00:18:40+00
15,1344.1,2025-12-08 00:18:41+00
15,1344.7,2025-12-08 00:18:42+00
15,1343.7,2025-12-08 00:18:43+00
15,1344.4,2025-12-08 00:18:44+00
15,1339.5,2025-12-08 00:18:45+00
15,1338.1,2025-12-08 00:18:46+00
15,1341.1,2025-12-08 00:18:47+00
15,1342.5,2025-12-08 00:18:48+00
15,1341.1,2025-12-08 00:18:49+00
15,1339,2025-12-08 00:18:50+00
15,1343.9,2025-12-08 00:18:51+00
15,1342.6,2025-12-08 00:18:52+00
15,1341.3,2025-12-08 00:18:53+00
15,1341.5,2025-12-08 00:18:54+00
15,1341.4,2025-12-08 00:18:55+00
15,1341.1,2025-12-08 00:18:56+00
15,1343,2025-12-08 00:18:57+00
15,1339.7,2025-12-08 00:18:58+00
15,1340.9,2025-12-08 00:18:59+00
15,1338.9,2025-12-08 00:19:00+00
15,1342.4,2025-12-08 00:19:01+00
15,1343.9,2025-12-08 00:19:02+00
15,1340.9,2025-12-08 00:19:03+00
15,1342.9,2025-12-08 00:19:04+00
15,1341.4,2025-12-08 00:19:05+00
15,1342.3,2025-12-08 00:19:06+00
15,1340.6,2025-12-08 00:19:07+00
15,1344.4,2025-12-08 00:19:08+00
15,1344.9,2025-12-08 00:19:09+00
15,1347.1,2025-12-08 00:19:10+00
15,1365.2,2025-12-08 00:19:11+00
15,1415.9,2025-12-08 00:19:12+00
15,1414.9,2025-12-08 00:19:13+00
15,1418.5,2025-12-08 00:19:14+00
15,1421.4,2025-12-08 00:19:15+00
15,1415.8,2025-12-08 00:19:16+00
15,1419.6,2025-12-08 00:19:17+00
15,1419,2025-12-08 00:19:18+00
15,1424.2,2025-12-08 00:19:19+00
15,1424.5,2025-12-08 00:19:20+00
15,1424.3,2025-12-08 00:19:21+00
15,1417.7,2025-12-08 00:19:22+00
15,1444.4,2025-12-08 00:19:23+00
15,1424.1,2025-12-08 00:19:24+00
15,1425.4,2025-12-08 00:19:25+00
15,1423.3,2025-12-08 00:19:26+00
15,1422.9,2025-12-08 00:19:27+00
15,1422.5,2025-12-08 00:19:28+00
15,1426.2,2025-12-08 00:19:29+00
15,1427.8,2025-12-08 00:19:30+00
15,1432.3,2025-12-08 00:19:31+00
15,1421.3,2025-12-08 00:19:32+00
15,1419.5,2025-12-08 00:19:33+00
15,1418.3,2025-12-08 00:19:34+00
15,1419.3,2025-12-08 00:19:35+00
15,1423.3,2025-12-08 00:19:36+00
15,1417.5,2025-12-08 00:19:37+00
15,1423.2,2025-12-08 00:19:38+00
15,1422.2,2025-12-08 00:19:39+00
15,1425.4,2025-12-08 00:19:40+00
15,1423,2025-12-08 00:19:41+00
15,1433.6,2025-12-08 00:19:42+00
15,1424.9,2025-12-08 00:19:43+00
15,1426.8,2025-12-08 00:19:44+00
15,1425.1,2025-12-08 00:19:45+00
15,1422,2025-12-08 00:19:46+00
15,1425.2,2025-12-08 00:19:47+00
15,1423.1,2025-12-08 00:19:48+00
15,1423.4,2025-12-08 00:19:49+00
15,1425.9,2025-12-08 00:19:50+00
15,1432.5,2025-12-08 00:19:51+00
15,1425.6,2025-12-08 00:19:52+00
15,1426.6,2025-12-08 00:19:53+00
15,1425.5,2025-12-08 00:19:54+00
15,1422.3,2025-12-08 00:19:55+00
15,1424.5,2025-12-08 00:19:56+00
15,1429,2025-12-08 00:19:57+00
15,1422.7,2025-12-08 00:19:58+00
15,1425.3,2025-12-08 00:19:59+00
15,1426.4,2025-12-08 00:20:00+00
15,1424,2025-12-08 00:20:01+00
15,1427,2025-12-08 00:20:02+00
15,1427.5,2025-12-08 00:20:03+00
15,1428,2025-12-08 00:20:04+00
15,1424.9,2025-12-08 00:20:05+00
15,1424.5,2025-12-08 00:20:06+00
15,1426.8,2025-12-08 00:20:07+00
15,1427.3,2025-12-08 00:20:08+00
15,1429,2025-12-08 00:20:09+00
15,1420.8,2025-12-08 00:20:10+00
15,1426.5,2025-12-08 00:20:11+00
15,1426.2,2025-12-08 00:20:12+00
15,1439.7,2025-12-08 00:20:13+00
15,1462.9,2025-12-08 00:20:14+00
15,1523.7,2025-12-08 00:20:15+00
15,1512.5,2025-12-08 00:20:16+00
15,1529.6,2025-12-08 00:20:17+00
15,1523.1,2025-12-08 00:20:18+00
15,1528,2025-12-08 00:20:19+00
15,1531.4,2025-12-08 00:20:20+00
15,1528,2025-12-08 00:20:21+00
15,1522.7,2025-12-08 00:20:22+00
15,1525.3,2025-12-08 00:20:23+00
15,1526.6,2025-12-08 00:20:24+00
15,1524.1,2025-12-08 00:20:25+00
15,1523.6,2025-12-08 00:20:26+00
15,1523.7,2025-12-08 00:20:27+00
15,1522.8,2025-12-08 00:20:28+00
15,1526.6,2025-12-08 00:20:29+00
15,1529.6,2025-12-08 00:20:30+00
15,1526.5,2025-12-08 00:20:31+00
15,1527.6,2025-12-08 00:20:32+00
15,1528.1,2025-12-08 00:20:33+00
15,1529.7,2025-12-08 00:20:34+00
15,1533.4,2025-12-08 00:20:35+00
15,1526.7,2025-12-08 00:20:36+00
15,1528.7,2025-12-08 00:20:37+00
15,1532.1,2025-12-08 00:20:38+00
15,1529.8,2025-12-08 00:20:39+00
15,1528.6,2025-12-08 00:20:40+00
15,1531.7,2025-12-08 00:20:41+00
15,1530.7,2025-12-08 00:20:42+00
15,1531.6,2025-12-08 00:20:43+00
15,1533.3,2025-12-08 00:20:44+00
15,1537.4,2025-12-08 00:20:45+00
15,1532.2,2025-12-08 00:20:46+00
15,1530.7,2025-12-08 00:20:47+00
15,1530.7,2025-12-08 00:20:48+00
15,1531.7,2025-12-08 00:20:49+00
15,1534.1,2025-12-08 00:20:50+00
15,1532.6,2025-12-08 00:20:51+00
15,1530.4,2025-12-08 00:20:52+00
15,1530.3,2025-12-08 00:20:53+00
15,1531.5,2025-12-08 00:20:54+00
15,1543,2025-12-08 00:20:55+00
15,1532.7,2025-12-08 00:20:56+00
15,1534.1,2025-12-08 00:20:57+00
15,1534.9,2025-12-08 00:20:58+00
15,1535.7,2025-12-08 00:20:59+00
15,1536.5,2025-12-08 00:21:00+00
15,1534.8,2025-12-08 00:21:01+00
15,1537.2,2025-12-08 00:21:02+00
15,1531.8,2025-12-08 00:21:03+00
15,1535,2025-12-08 00:21:04+00
15,1535.7,2025-12-08 00:21:05+00
15,1534.3,2025-12-08 00:21:06+00
15,1530.7,2025-12-08 00:21:07+00
15,1549.4,2025-12-08 00:21:08+00
15,1532.3,2025-12-08 00:21:09+00
15,1534.5,2025-12-08 00:21:10+00
15,1537.8,2025-12-08 00:21:11+00
15,1533.6,2025-12-08 00:21:12+00
15,1532.7,2025-12-08 00:21:13+00
15,1534.6,2025-12-08 00:21:14+00
15,1540.6,2025-12-08 00:21:15+00
15,1533.9,2025-12-08 00:21:16+00
15,1541.9,2025-12-08 00:21:17+00
15,1535,2025-12-08 00:21:18+00
15,1537.8,2025-12-08 00:21:19+00
15,1541.1,2025-12-08 00:21:20+00
15,1530,2025-12-08 00:21:21+00
15,1531.6,2025-12-08 00:21:22+00
15,1531.8,2025-12-08 00:21:23+00
15,1535.1,2025-12-08 00:21:24+00
15,1530,2025-12-08 00:21:25+00
15,1534.5,2025-12-08 00:21:26+00
15,1535.2,2025-12-08 00:21:27+00
15,1535.3,2025-12-08 00:21:28+00
15,1534,2025-12-08 00:21:29+00
15,1529.8,2025-12-08 00:21:30+00
15,1531.1,2025-12-08 00:21:31+00
15,1535.7,2025-12-08 00:21:32+00
15,1530.7,2025-12-08 00:21:33+00
15,1535.3,2025-12-08 00:21:34+00
15,1532.5,2025-12-08 00:21:35+00
15,1530.1,2025-12-08 00:21:36+00
15,1533.4,2025-12-08 00:21:37+00
15,1532.1,2025-12-08 00:21:38+00
15,1533.6,2025-12-08 00:21:39+00
15,1535.5,2025-12-08 00:21:40+00
15,1536.3,2025-12-08 00:21:41+00
15,1537.4,2025-12-08 00:21:42+00
15,1537.3,2025-12-08 00:21:43+00
15,1548.3,2025-12-08 00:21:44+00
15,1538.2,2025-12-08 00:21:45+00
15,1536.5,2025-12-08 00:21:46+00
15,1538.7,2025-12-08 00:21:47+00
15,1540.8,2025-12-08 00:21:48+00
15,1538.6,2025-12-08 00:21:49+00
15,1539.5,2025-12-08 00:21:50+00
15,1539.7,2025-12-08 00:21:51+00
15,1537.1,2025-12-08 00:21:52+00
15,1537.5,2025-12-08 00:21:53+00
15,1535.6,2025-12-08 00:21:54+00
15,1534.9,2025-12-08 00:21:55+00
15,1534.3,2025-12-08 00:21:56+00
15,1532.1,2025-12-08 00:21:57+00
15,1536.2,2025-12-08 00:21:58+00
15,1536.4,2025-12-08 00:21:59+00
15,1543.6,2025-12-08 00:22:00+00
15,1540.2,2025-12-08 00:22:01+00
15,1539.8,2025-12-08 00:22:02+00
15,1538.4,2025-12-08 00:22:03+00
15,1537.9,2025-12-08 00:22:04+00
15,1540.1,2025-12-08 00:22:05+00
15,1537.4,2025-12-08 00:22:06+00
15,1539.7,2025-12-08 00:22:07+00
15,1538.1,2025-12-08 00:22:08+00
15,1534.8,2025-12-08 00:22:09+00
15,1534.9,2025-12-08 00:22:10+00
15,1536.8,2025-12-08 00:22:11+00
15,1536.4,2025-12-08 00:22:12+00
15,1540.6,2025-12-08 00:22:13+00
15,1537.7,2025-12-08 00:22:14+00
15,1532,2025-12-08 00:22:15+00
15,1535.3,2025-12-08 00:22:16+00
15,1539.1,2025-12-08 00:22:17+00
15,1538.7,2025-12-08 00:22:18+00
15,1543.4,2025-12-08 00:22:19+00
15,1544.2,2025-12-08 00:22:20+00
15,1535.9,2025-12-08 00:22:21+00
15,1537.2,2025-12-08 00:22:22+00
15,1537.4,2025-12-08 00:22:23+00
15,1537.1,2025-12-08 00:22:24+00
15,1537.2,2025-12-08 00:22:25+00
15,1536.1,2025-12-08 00:22:26+00
15,1536.6,2025-12-08 00:22:27+00
15,1537.1,2025-12-08 00:22:28+00
15,1536.9,2025-12-08 00:22:29+00
15,1538.9,2025-12-08 00:22:30+00
15,1533.7,2025-12-08 00:22:31+00
15,1539.9,2025-12-08 00:22:32+00
15,1536.8,2025-12-08 00:22:33+00
15,1541.2,2025-12-08 00:22:34+00
15,1542.3,2025-12-08 00:22:35+00
15,1540.9,2025-12-08 00:22:36+00
15,1543,2025-12-08 00:22:37+00
15,1544.8,2025-12-08 00:22:38+00
15,1539.9,2025-12-08 00:22:39+00
15,1540.3,2025-12-08 00:22:40+00
15,1542.3,2025-12-08 00:22:41+00
15,1535.5,2025-12-08 00:22:42+00
15,1538.1,2025-12-08 00:22:43+00
15,1537.7,2025-12-08 00:22:44+00
15,1549.3,2025-12-08 00:22:45+00
15,1547.9,2025-12-08 00:22:46+00
15,1543.1,2025-12-08 00:22:47+00
15,1539.8,2025-12-08 00:22:48+00
15,1554.5,2025-12-08 00:22:49+00
15,1541.4,2025-12-08 00:22:50+00
15,1541.4,2025-12-08 00:22:51+00
15,1542,2025-12-08 00:22:52+00
15,1542.8,2025-12-08 00:22:53+00
15,1540.2,2025-12-08 00:22:54+00
15,1543.9,2025-12-08 00:22:55+00
15,1541.2,2025-12-08 00:22:56+00
15,1543.5,2025-12-08 00:22:57+00
15,1542.1,2025-12-08 00:22:58+00
15,1555.8,2025-12-08 00:22:59+00
15,1543,2025-12-08 00:23:00+00
15,1545.8,2025-12-08 00:23:01+00
15,1550.1,2025-12-08 00:23:02+00
15,1547.9,2025-12-08 00:23:03+00
15,1549.8,2025-12-08 00:23:04+00
15,1545.9,2025-12-08 00:23:05+00
15,1545.2,2025-12-08 00:23:06+00
15,1546.5,2025-12-08 00:23:07+00
15,1543.1,2025-12-08 00:23:08+00
15,1544.8,2025-12-08 00:23:09+00
15,1547,2025-12-08 00:23:10+00
15,1545.9,2025-12-08 00:23:11+00
15,1566.3,2025-12-08 00:23:12+00
15,1543.3,2025-12-08 00:23:13+00
15,1545.6,2025-12-08 00:23:14+00
15,1547.3,2025-12-08 00:23:15+00
15,1544.5,2025-12-08 00:23:16+00
15,1548.7,2025-12-08 00:23:17+00
15,1544.6,2025-12-08 00:23:18+00
15,1553,2025-12-08 00:23:19+00
15,1553.5,2025-12-08 00:23:20+00
15,1553.1,2025-12-08 00:23:21+00
15,1544.1,2025-12-08 00:23:22+00
15,1549,2025-12-08 00:23:23+00
15,1546.4,2025-12-08 00:23:24+00
15,1546.9,2025-12-08 00:23:25+00
15,1547.8,2025-12-08 00:23:26+00
15,1552.2,2025-12-08 00:23:27+00
15,1552.6,2025-12-08 00:23:28+00
15,1554.2,2025-12-08 00:23:29+00
15,1563.3,2025-12-08 00:23:30+00
15,1549.3,2025-12-08 00:23:31+00
15,1554.8,2025-12-08 00:23:32+00
15,1556,2025-12-08 00:23:33+00
15,1554.5,2025-12-08 00:23:34+00
15,1554.9,2025-12-08 00:23:35+00
15,1553.9,2025-12-08 00:23:36+00
15,1555.1,2025-12-08 00:23:37+00
15,1557.2,2025-12-08 00:23:38+00
15,1559.9,2025-12-08 00:23:39+00
15,1556.5,2025-12-08 00:23:40+00
15,1559.2,2025-12-08 00:23:41+00
15,1556,2025-12-08 00:23:42+00
15,1557.9,2025-12-08 00:23:43+00
15,1570.5,2025-12-08 00:23:44+00
15,1555.8,2025-12-08 00:23:45+00
15,1556.3,2025-12-08 00:23:46+00
15,1560.6,2025-12-08 00:23:47+00
15,1557,2025-12-08 00:23:48+00
15,1558.2,2025-12-08 00:23:49+00
15,1561.7,2025-12-08 00:23:50+00
15,1560.3,2025-12-08 00:23:51+00
15,1558.3,2025-12-08 00:23:52+00
15,1559.1,2025-12-08 00:23:53+00
15,1562.4,2025-12-08 00:23:54+00
15,1558.1,2025-12-08 00:23:55+00
15,1561.8,2025-12-08 00:23:56+00
15,1560.8,2025-12-08 00:23:57+00
15,1558.9,2025-12-08 00:23:58+00
15,1561.7,2025-12-08 00:23:59+00
15,1570.9,2025-12-08 00:24:00+00
15,1560,2025-12-08 00:24:01+00
15,1563.7,2025-12-08 00:24:02+00
15,1564.1,2025-12-08 00:24:03+00
15,1567.2,2025-12-08 00:24:04+00
15,1567.4,2025-12-08 00:24:05+00
15,1565.8,2025-12-08 00:24:06+00
15,1558.7,2025-12-08 00:24:07+00
15,1562.3,2025-12-08 00:24:08+00
15,1568.2,2025-12-08 00:24:09+00
15,1563,2025-12-08 00:24:10+00
15,1562.9,2025-12-08 00:24:11+00
15,1562.1,2025-12-08 00:24:12+00
15,1566.2,2025-12-08 00:24:13+00
15,1565,2025-12-08 00:24:14+00
15,1573.4,2025-12-08 00:24:15+00
15,1566.3,2025-12-08 00:24:16+00
15,1569,2025-12-08 00:24:17+00
15,1572,2025-12-08 00:24:18+00
15,1572.6,2025-12-08 00:24:19+00
15,1574,2025-12-08 00:24:20+00
15,1569.6,2025-12-08 00:24:21+00
15,1568.7,2025-12-08 00:24:22+00
15,1573.7,2025-12-08 00:24:23+00
15,1568.4,2025-12-08 00:24:24+00
15,1569.9,2025-12-08 00:24:25+00
15,1571.3,2025-12-08 00:24:26+00
15,1569.7,2025-12-08 00:24:27+00
15,1571.5,2025-12-08 00:24:28+00
15,1575.1,2025-12-08 00:24:29+00
15,1568.5,2025-12-08 00:24:30+00
15,1570.7,2025-12-08 00:24:31+00
15,1575.9,2025-12-08 00:24:32+00
15,1572.4,2025-12-08 00:24:33+00
15,1575.3,2025-12-08 00:24:34+00
15,1577.9,2025-12-08 00:24:35+00
15,1576.8,2025-12-08 00:24:36+00
15,1580.8,2025-12-08 00:24:37+00
15,1578.2,2025-12-08 00:24:38+00
15,1577.8,2025-12-08 00:24:39+00
15,1576.7,2025-12-08 00:24:40+00
15,1580.5,2025-12-08 00:24:41+00
15,1579,2025-12-08 00:24:42+00
15,1578.4,2025-12-08 00:24:43+00
15,1580.3,2025-12-08 00:24:44+00
15,1580.6,2025-12-08 00:24:45+00
15,1585.5,2025-12-08 00:24:46+00
15,1583.9,2025-12-08 00:24:47+00
15,1581.1,2025-12-08 00:24:48+00
15,1583.3,2025-12-08 00:24:49+00
15,1584.1,2025-12-08 00:24:50+00
15,1583.8,2025-12-08 00:24:51+00
15,1410.7,2025-12-08 00:24:52+00
15,1414.9,2025-12-08 00:24:53+00
15,1423.1,2025-12-08 00:24:54+00
15,1432.6,2025-12-08 00:24:55+00
15,1393.4,2025-12-08 00:24:56+00
15,684.8,2025-12-08 00:24:57+00
15,683.6,2025-12-08 00:24:58+00
15,690.3,2025-12-08 00:24:59+00
15,940,2025-12-08 00:25:00+00
15,702.9,2025-12-08 00:25:01+00
15,693.3,2025-12-08 00:25:02+00
15,693.5,2025-12-08 00:25:03+00
15,691.6,2025-12-08 00:25:04+00
15,690.7,2025-12-08 00:25:05+00
15,693.5,2025-12-08 00:25:06+00
15,694.3,2025-12-08 00:25:07+00
15,694.5,2025-12-08 00:25:08+00
15,694.5,2025-12-08 00:25:09+00
15,694,2025-12-08 00:25:10+00
15,695.9,2025-12-08 00:25:11+00
15,692,2025-12-08 00:25:12+00
15,693.8,2025-12-08 00:25:13+00
15,696.8,2025-12-08 00:25:14+00
15,693.9,2025-12-08 00:25:15+00
15,696.5,2025-12-08 00:25:16+00
15,693.4,2025-12-08 00:25:17+00
15,693,2025-12-08 00:25:18+00
15,698.8,2025-12-08 00:25:19+00
15,698.4,2025-12-08 00:25:20+00
15,693,2025-12-08 00:25:21+00
15,695.2,2025-12-08 00:25:22+00
15,696.6,2025-12-08 00:25:23+00
15,693.3,2025-12-08 00:25:24+00
15,693.6,2025-12-08 00:25:25+00
15,698.1,2025-12-08 00:25:26+00
15,683.2,2025-12-08 00:25:27+00
15,682.3,2025-12-08 00:25:28+00
15,580.2,2025-12-08 00:25:29+00
15,573.6,2025-12-08 00:25:30+00
15,701.1,2025-12-08 00:25:31+00
15,598.1,2025-12-08 00:25:32+00
15,592.4,2025-12-08 00:25:33+00
15,593.1,2025-12-08 00:25:34+00
15,590.6,2025-12-08 00:25:35+00
15,590.5,2025-12-08 00:25:36+00
15,588.5,2025-12-08 00:25:37+00
15,588.5,2025-12-08 00:25:38+00
15,587.4,2025-12-08 00:25:39+00
15,589.2,2025-12-08 00:25:40+00
15,596.7,2025-12-08 00:25:41+00
15,592.8,2025-12-08 00:25:42+00
15,593.6,2025-12-08 00:25:43+00
15,598.8,2025-12-08 00:25:44+00
15,594.3,2025-12-08 00:25:45+00
15,596,2025-12-08 00:25:46+00
15,618.7,2025-12-08 00:25:47+00
15,666.1,2025-12-08 00:25:48+00
15,706.7,2025-12-08 00:25:49+00
15,715.7,2025-12-08 00:25:50+00
15,714.6,2025-12-08 00:25:51+00
15,715.8,2025-12-08 00:25:52+00
15,714.8,2025-12-08 00:25:53+00
15,717.2,2025-12-08 00:25:54+00
15,718.3,2025-12-08 00:25:55+00
15,716.1,2025-12-08 00:25:56+00
15,716.8,2025-12-08 00:25:57+00
15,722.6,2025-12-08 00:25:58+00
15,720.7,2025-12-08 00:25:59+00
15,720.7,2025-12-08 00:26:00+00
15,721.1,2025-12-08 00:26:01+00
15,721.8,2025-12-08 00:26:02+00
15,721.3,2025-12-08 00:26:03+00
15,722.9,2025-12-08 00:26:04+00
15,721.6,2025-12-08 00:26:05+00
15,720.2,2025-12-08 00:26:06+00
15,721.8,2025-12-08 00:26:07+00
15,722.5,2025-12-08 00:26:08+00
15,720.7,2025-12-08 00:26:09+00
15,722.7,2025-12-08 00:26:10+00
15,720.4,2025-12-08 00:26:11+00
15,721.1,2025-12-08 00:26:12+00
15,723.6,2025-12-08 00:26:13+00
15,724.3,2025-12-08 00:26:14+00
15,721.7,2025-12-08 00:26:15+00
15,727.7,2025-12-08 00:26:16+00
15,721.2,2025-12-08 00:26:17+00
15,719.3,2025-12-08 00:26:18+00
15,725.4,2025-12-08 00:26:19+00
15,732.3,2025-12-08 00:26:20+00
15,731.8,2025-12-08 00:26:21+00
15,722.5,2025-12-08 00:26:22+00
15,734.5,2025-12-08 00:26:23+00
15,718.9,2025-12-08 00:26:24+00
15,722.3,2025-12-08 00:26:25+00
15,728.3,2025-12-08 00:26:26+00
15,725.4,2025-12-08 00:26:27+00
15,725.7,2025-12-08 00:26:28+00
15,726.5,2025-12-08 00:26:29+00
15,722.3,2025-12-08 00:26:30+00
15,722.9,2025-12-08 00:26:31+00
15,721.1,2025-12-08 00:26:32+00
15,723,2025-12-08 00:26:33+00
15,723.1,2025-12-08 00:26:34+00
15,723.9,2025-12-08 00:26:35+00
15,722,2025-12-08 00:26:36+00
15,722.7,2025-12-08 00:26:37+00
15,725.5,2025-12-08 00:26:38+00
15,721.7,2025-12-08 00:26:39+00
15,721.4,2025-12-08 00:26:40+00
15,721.6,2025-12-08 00:26:41+00
15,721.8,2025-12-08 00:26:42+00
15,725.7,2025-12-08 00:26:43+00
15,727,2025-12-08 00:26:44+00
15,724.5,2025-12-08 00:26:45+00
15,722.8,2025-12-08 00:26:46+00
15,724.7,2025-12-08 00:26:47+00
15,722.2,2025-12-08 00:26:48+00
15,731.3,2025-12-08 00:26:49+00
15,723.7,2025-12-08 00:26:50+00
15,722.9,2025-12-08 00:26:51+00
15,723.2,2025-12-08 00:26:52+00
15,722.6,2025-12-08 00:26:53+00
15,724.4,2025-12-08 00:26:54+00
15,732.9,2025-12-08 00:26:55+00
15,725.1,2025-12-08 00:26:56+00
15,724.6,2025-12-08 00:26:57+00
15,723.8,2025-12-08 00:26:58+00
15,722,2025-12-08 00:26:59+00
15,734.5,2025-12-08 00:27:00+00
15,729.9,2025-12-08 00:27:01+00
15,726.8,2025-12-08 00:27:02+00
15,727.7,2025-12-08 00:27:03+00
15,737.1,2025-12-08 00:27:04+00
15,725.4,2025-12-08 00:27:05+00
15,723.8,2025-12-08 00:27:06+00
15,728.8,2025-12-08 00:27:07+00
15,723,2025-12-08 00:27:08+00
15,720.6,2025-12-08 00:27:09+00
15,723.5,2025-12-08 00:27:10+00
15,721.4,2025-12-08 00:27:11+00
15,721,2025-12-08 00:27:12+00
15,721.6,2025-12-08 00:27:13+00
15,725.4,2025-12-08 00:27:14+00
15,721.9,2025-12-08 00:27:15+00
15,720.6,2025-12-08 00:27:16+00
15,726,2025-12-08 00:27:17+00
15,724.5,2025-12-08 00:27:18+00
15,730.3,2025-12-08 00:27:19+00
15,728.5,2025-12-08 00:27:20+00
15,723.5,2025-12-08 00:27:21+00
15,722.2,2025-12-08 00:27:22+00
15,724.6,2025-12-08 00:27:23+00
15,724.5,2025-12-08 00:27:24+00
15,723.2,2025-12-08 00:27:25+00
15,724.5,2025-12-08 00:27:26+00
15,726.2,2025-12-08 00:27:27+00
15,728,2025-12-08 00:27:28+00
15,730.4,2025-12-08 00:27:29+00
15,729.3,2025-12-08 00:27:30+00
15,730.8,2025-12-08 00:27:31+00
15,730.6,2025-12-08 00:27:32+00
15,730.6,2025-12-08 00:27:33+00
15,728.6,2025-12-08 00:27:34+00
15,728.7,2025-12-08 00:27:35+00
15,726.3,2025-12-08 00:27:36+00
15,727.7,2025-12-08 00:27:37+00
15,729.4,2025-12-08 00:27:38+00
15,726.9,2025-12-08 00:27:39+00
15,728,2025-12-08 00:27:40+00
15,728,2025-12-08 00:27:41+00
15,733.4,2025-12-08 00:27:42+00
15,725.1,2025-12-08 00:27:43+00
15,724.9,2025-12-08 00:27:44+00
15,720,2025-12-08 00:27:45+00
15,720.3,2025-12-08 00:27:46+00
15,724,2025-12-08 00:27:47+00
15,724.4,2025-12-08 00:27:48+00
15,725.3,2025-12-08 00:27:49+00
15,728.7,2025-12-08 00:27:50+00
15,721.7,2025-12-08 00:27:51+00
15,723.6,2025-12-08 00:27:52+00
15,721.6,2025-12-08 00:27:53+00
15,721.7,2025-12-08 00:27:54+00
15,724.7,2025-12-08 00:27:55+00
15,721.9,2025-12-08 00:27:56+00
15,720.7,2025-12-08 00:27:57+00
15,722.6,2025-12-08 00:27:58+00
15,723.3,2025-12-08 00:27:59+00
15,738.2,2025-12-08 00:28:00+00
15,722.9,2025-12-08 00:28:01+00
15,723,2025-12-08 00:28:02+00
15,723.2,2025-12-08 00:28:03+00
15,723.5,2025-12-08 00:28:04+00
15,737.6,2025-12-08 00:28:05+00
15,724.9,2025-12-08 00:28:06+00
15,724.5,2025-12-08 00:28:07+00
15,725.7,2025-12-08 00:28:08+00
15,721.9,2025-12-08 00:28:09+00
15,725.5,2025-12-08 00:28:10+00
15,726.5,2025-12-08 00:28:11+00
15,723.9,2025-12-08 00:28:12+00
15,723.4,2025-12-08 00:28:13+00
15,723.9,2025-12-08 00:28:14+00
15,721.4,2025-12-08 00:28:15+00
15,724.1,2025-12-08 00:28:16+00
15,721.9,2025-12-08 00:28:17+00
15,721.9,2025-12-08 00:28:18+00
15,728.8,2025-12-08 00:28:19+00
15,727,2025-12-08 00:28:20+00
15,721.9,2025-12-08 00:28:21+00
15,722.5,2025-12-08 00:28:22+00
15,725.6,2025-12-08 00:28:23+00
15,722.5,2025-12-08 00:28:24+00
15,722,2025-12-08 00:28:25+00
15,720.3,2025-12-08 00:28:26+00
15,721.8,2025-12-08 00:28:27+00
15,723.9,2025-12-08 00:28:28+00
15,734,2025-12-08 00:28:29+00
15,719.8,2025-12-08 00:28:30+00
15,721.8,2025-12-08 00:28:31+00
15,721.7,2025-12-08 00:28:32+00
15,717.3,2025-12-08 00:28:33+00
15,721.5,2025-12-08 00:28:34+00
15,722.2,2025-12-08 00:28:35+00
15,720.1,2025-12-08 00:28:36+00
15,721.5,2025-12-08 00:28:37+00
15,722.6,2025-12-08 00:28:38+00
15,720.9,2025-12-08 00:28:39+00
15,725.7,2025-12-08 00:28:40+00
15,721,2025-12-08 00:28:41+00
15,721.5,2025-12-08 00:28:42+00
15,724.6,2025-12-08 00:28:43+00
15,723,2025-12-08 00:28:44+00
15,722.6,2025-12-08 00:28:45+00
15,721.1,2025-12-08 00:28:46+00
15,726,2025-12-08 00:28:47+00
15,719,2025-12-08 00:28:48+00
15,722.2,2025-12-08 00:28:49+00
15,719.8,2025-12-08 00:28:50+00
15,718.9,2025-12-08 00:28:51+00
15,723.5,2025-12-08 00:28:52+00
15,721.1,2025-12-08 00:28:53+00
15,724.8,2025-12-08 00:28:54+00
15,722.7,2025-12-08 00:28:55+00
15,722.7,2025-12-08 00:28:56+00
15,722.2,2025-12-08 00:28:57+00
15,722.2,2025-12-08 00:28:58+00
15,723.2,2025-12-08 00:28:59+00
15,728.2,2025-12-08 00:29:00+00
15,724.1,2025-12-08 00:29:01+00
15,722.2,2025-12-08 00:29:02+00
15,722.6,2025-12-08 00:29:03+00
15,724.7,2025-12-08 00:29:04+00
15,721.5,2025-12-08 00:29:05+00
15,724.9,2025-12-08 00:29:06+00
15,723.8,2025-12-08 00:29:07+00
15,720.4,2025-12-08 00:29:08+00
15,721.3,2025-12-08 00:29:09+00
15,727.5,2025-12-08 00:29:10+00
15,720.9,2025-12-08 00:29:11+00
15,719.8,2025-12-08 00:29:12+00
15,721.6,2025-12-08 00:29:13+00
15,722.3,2025-12-08 00:29:14+00
15,719.6,2025-12-08 00:29:15+00
15,720.5,2025-12-08 00:29:16+00
15,720.7,2025-12-08 00:29:17+00
15,719.7,2025-12-08 00:29:18+00
15,726.8,2025-12-08 00:29:19+00
15,727.7,2025-12-08 00:29:20+00
15,723.5,2025-12-08 00:29:21+00
15,724.7,2025-12-08 00:29:22+00
15,727.6,2025-12-08 00:29:23+00
15,723.1,2025-12-08 00:29:24+00
15,720.8,2025-12-08 00:29:25+00
15,719.9,2025-12-08 00:29:26+00
15,720.9,2025-12-08 00:29:27+00
15,721.2,2025-12-08 00:29:28+00
15,719.5,2025-12-08 00:29:29+00
15,719.1,2025-12-08 00:29:30+00
15,719.9,2025-12-08 00:29:31+00
15,718.5,2025-12-08 00:29:32+00
15,719.8,2025-12-08 00:29:33+00
15,722.2,2025-12-08 00:29:34+00
15,718.9,2025-12-08 00:29:35+00
15,722.5,2025-12-08 00:29:36+00
15,721.5,2025-12-08 00:29:37+00
15,721.8,2025-12-08 00:29:38+00
15,837.6,2025-12-08 00:29:39+00
15,823.3,2025-12-08 00:29:40+00
15,819.3,2025-12-08 00:29:41+00
15,819.9,2025-12-08 00:29:42+00
15,821.5,2025-12-08 00:29:43+00
15,818.7,2025-12-08 00:29:44+00
15,815.5,2025-12-08 00:29:45+00
15,817.6,2025-12-08 00:29:46+00
15,817.2,2025-12-08 00:29:47+00
15,815.6,2025-12-08 00:29:48+00
15,809.6,2025-12-08 00:29:49+00
15,808.7,2025-12-08 00:29:50+00
15,811.5,2025-12-08 00:29:51+00
15,811,2025-12-08 00:29:52+00
15,809.1,2025-12-08 00:29:53+00
15,810.1,2025-12-08 00:29:54+00
15,811.8,2025-12-08 00:29:55+00
15,808.6,2025-12-08 00:29:56+00
15,809.6,2025-12-08 00:29:57+00
15,860.2,2025-12-08 00:29:58+00
15,827.8,2025-12-08 00:29:59+00
15,821.2,2025-12-08 00:30:00+00
15,820.6,2025-12-08 00:30:01+00
15,820,2025-12-08 00:30:02+00
15,820.9,2025-12-08 00:30:03+00
15,826.9,2025-12-08 00:30:04+00
15,825,2025-12-08 00:30:05+00
15,824.9,2025-12-08 00:30:06+00
15,825.3,2025-12-08 00:30:07+00
15,823.2,2025-12-08 00:30:08+00
15,825.3,2025-12-08 00:30:09+00
15,826.4,2025-12-08 00:30:10+00
15,825,2025-12-08 00:30:11+00
15,824,2025-12-08 00:30:12+00
15,825,2025-12-08 00:30:13+00
15,825.1,2025-12-08 00:30:14+00
15,827.3,2025-12-08 00:30:15+00
15,825.9,2025-12-08 00:30:16+00
15,831.2,2025-12-08 00:30:17+00
15,824.5,2025-12-08 00:30:18+00
15,829.1,2025-12-08 00:30:19+00
15,832.2,2025-12-08 00:30:20+00
15,831.1,2025-12-08 00:30:21+00
15,832.7,2025-12-08 00:30:22+00
15,824.4,2025-12-08 00:30:23+00
15,823,2025-12-08 00:30:24+00
15,834.6,2025-12-08 00:30:25+00
15,823.6,2025-12-08 00:30:26+00
15,821.5,2025-12-08 00:30:27+00
15,826.7,2025-12-08 00:30:28+00
15,825.9,2025-12-08 00:30:29+00
15,1105.5,2025-12-08 00:30:30+00
15,1158.4,2025-12-08 00:30:31+00
15,1028,2025-12-08 00:30:32+00
15,1037.5,2025-12-08 00:30:33+00
15,1112.8,2025-12-08 00:30:34+00
15,1039.7,2025-12-08 00:30:35+00
15,1085.1,2025-12-08 00:30:36+00
15,1112.3,2025-12-08 00:30:37+00
15,1139.5,2025-12-08 00:30:38+00
15,1164,2025-12-08 00:30:39+00
15,1188.1,2025-12-08 00:30:40+00
15,1209.7,2025-12-08 00:30:41+00
15,1226,2025-12-08 00:30:42+00
15,1242.9,2025-12-08 00:30:43+00
15,1257.8,2025-12-08 00:30:44+00
15,1262.4,2025-12-08 00:30:45+00
15,1268.7,2025-12-08 00:30:46+00
15,1271.4,2025-12-08 00:30:47+00
15,1271.9,2025-12-08 00:30:48+00
15,1272.9,2025-12-08 00:30:49+00
15,1275.2,2025-12-08 00:30:50+00
15,1272,2025-12-08 00:30:51+00
15,1284.3,2025-12-08 00:30:52+00
15,1283.2,2025-12-08 00:30:53+00
15,1271.8,2025-12-08 00:30:54+00
15,1273.5,2025-12-08 00:30:55+00
15,1275.2,2025-12-08 00:30:56+00
15,1273.4,2025-12-08 00:30:57+00
15,1276.3,2025-12-08 00:30:58+00
15,1274.6,2025-12-08 00:30:59+00
15,1280.1,2025-12-08 00:31:00+00
15,1309.4,2025-12-08 00:31:01+00
15,1277,2025-12-08 00:31:02+00
15,1275.7,2025-12-08 00:31:03+00
15,1277.2,2025-12-08 00:31:04+00
15,1277.8,2025-12-08 00:31:05+00
15,1282.3,2025-12-08 00:31:06+00
15,1282.6,2025-12-08 00:31:07+00
15,1288,2025-12-08 00:31:08+00
15,1287.7,2025-12-08 00:31:09+00
15,1288.9,2025-12-08 00:31:10+00
15,1289.3,2025-12-08 00:31:11+00
15,1291,2025-12-08 00:31:12+00
15,1294.2,2025-12-08 00:31:13+00
15,1302.4,2025-12-08 00:31:14+00
15,1295.9,2025-12-08 00:31:15+00
15,1296.4,2025-12-08 00:31:16+00
15,1305.6,2025-12-08 00:31:17+00
15,1297.8,2025-12-08 00:31:18+00
15,1304.2,2025-12-08 00:31:19+00
15,1306.1,2025-12-08 00:31:20+00
15,1308.4,2025-12-08 00:31:21+00
15,1299.8,2025-12-08 00:31:22+00
15,1299,2025-12-08 00:31:23+00
15,1302.8,2025-12-08 00:31:24+00
15,1300,2025-12-08 00:31:25+00
15,1298.5,2025-12-08 00:31:26+00
15,1298.3,2025-12-08 00:31:27+00
15,1299.1,2025-12-08 00:31:28+00
15,1298,2025-12-08 00:31:29+00
15,1292.7,2025-12-08 00:31:30+00
15,1299.5,2025-12-08 00:31:31+00
15,1295,2025-12-08 00:31:32+00
15,1297.6,2025-12-08 00:31:33+00
15,1298.4,2025-12-08 00:31:34+00
15,1298.7,2025-12-08 00:31:35+00
15,1298.2,2025-12-08 00:31:36+00
15,1296.3,2025-12-08 00:31:37+00
15,1299.3,2025-12-08 00:31:38+00
15,1299.5,2025-12-08 00:31:39+00
15,1303,2025-12-08 00:31:40+00
15,1300.2,2025-12-08 00:31:41+00
15,1299.6,2025-12-08 00:31:42+00
15,1302,2025-12-08 00:31:43+00
15,1301.5,2025-12-08 00:31:44+00
15,1300.2,2025-12-08 00:31:45+00
15,1304.7,2025-12-08 00:31:46+00
15,1304.1,2025-12-08 00:31:47+00
15,1302.4,2025-12-08 00:31:48+00
15,1305.8,2025-12-08 00:31:49+00
15,1306.3,2025-12-08 00:31:50+00
15,1305.6,2025-12-08 00:31:51+00
15,1305.3,2025-12-08 00:31:52+00
15,1302.3,2025-12-08 00:31:53+00
15,1302.2,2025-12-08 00:31:54+00
15,1303.3,2025-12-08 00:31:55+00
15,1301.9,2025-12-08 00:31:56+00
15,1303.1,2025-12-08 00:31:57+00
15,1303,2025-12-08 00:31:58+00
15,1300.1,2025-12-08 00:31:59+00
15,1304.3,2025-12-08 00:32:00+00
15,1307,2025-12-08 00:32:01+00
15,1305.4,2025-12-08 00:32:02+00
15,1302.9,2025-12-08 00:32:03+00
15,1303.4,2025-12-08 00:32:04+00
15,1300.6,2025-12-08 00:32:05+00
15,1299.8,2025-12-08 00:32:06+00
15,1303.3,2025-12-08 00:32:07+00
15,1297.1,2025-12-08 00:32:08+00
15,1297.2,2025-12-08 00:32:09+00
15,1299.4,2025-12-08 00:32:10+00
15,1299.3,2025-12-08 00:32:11+00
15,1295.3,2025-12-08 00:32:12+00
15,1319.7,2025-12-08 00:32:13+00
15,1298,2025-12-08 00:32:14+00
15,1299.2,2025-12-08 00:32:15+00
15,1299.5,2025-12-08 00:32:16+00
15,1306.3,2025-12-08 00:32:17+00
15,1301,2025-12-08 00:32:18+00
15,1304.7,2025-12-08 00:32:19+00
15,1304.6,2025-12-08 00:32:20+00
15,1303.7,2025-12-08 00:32:21+00
15,1304.9,2025-12-08 00:32:22+00
15,1301.9,2025-12-08 00:32:23+00
15,1298.2,2025-12-08 00:32:24+00
15,1303.2,2025-12-08 00:32:25+00
15,1321.5,2025-12-08 00:32:26+00
15,1302.4,2025-12-08 00:32:27+00
15,1309.2,2025-12-08 00:32:28+00
15,1311.7,2025-12-08 00:32:29+00
15,1298.7,2025-12-08 00:32:30+00
15,1300.1,2025-12-08 00:32:31+00
15,1288.7,2025-12-08 00:32:32+00
15,1289.5,2025-12-08 00:32:33+00
15,1292.1,2025-12-08 00:32:34+00
15,1285,2025-12-08 00:32:35+00
15,1285,2025-12-08 00:32:36+00
15,1288.3,2025-12-08 00:32:37+00
15,1294,2025-12-08 00:32:38+00
15,1294.6,2025-12-08 00:32:39+00
15,1288.6,2025-12-08 00:32:40+00
15,1297.6,2025-12-08 00:32:41+00
15,1287.5,2025-12-08 00:32:42+00
15,1293.9,2025-12-08 00:32:43+00
15,1286.6,2025-12-08 00:32:44+00
15,1287.1,2025-12-08 00:32:45+00
15,1291.8,2025-12-08 00:32:46+00
15,1306.4,2025-12-08 00:32:47+00
15,1286.6,2025-12-08 00:32:48+00
15,1295.3,2025-12-08 00:32:49+00
15,1287,2025-12-08 00:32:50+00
15,1288.5,2025-12-08 00:32:51+00
15,1288.2,2025-12-08 00:32:52+00
15,1290.7,2025-12-08 00:32:53+00
15,1288.2,2025-12-08 00:32:54+00
15,1302.1,2025-12-08 00:32:55+00
15,1289.9,2025-12-08 00:32:56+00
15,1288.1,2025-12-08 00:32:57+00
15,1289.1,2025-12-08 00:32:58+00
15,1286.8,2025-12-08 00:32:59+00
15,1290.4,2025-12-08 00:33:00+00
15,1286.8,2025-12-08 00:33:01+00
15,1289.1,2025-12-08 00:33:02+00
15,1288.2,2025-12-08 00:33:03+00
15,1352.5,2025-12-08 00:33:04+00
15,1376.5,2025-12-08 00:33:05+00
15,1379.8,2025-12-08 00:33:06+00
15,1364.8,2025-12-08 00:33:07+00
15,1363.1,2025-12-08 00:33:08+00
15,1362,2025-12-08 00:33:09+00
15,1371.4,2025-12-08 00:33:10+00
15,1366,2025-12-08 00:33:11+00
15,1361.1,2025-12-08 00:33:12+00
15,1364.7,2025-12-08 00:33:13+00
15,1362.3,2025-12-08 00:33:14+00
15,1373.9,2025-12-08 00:33:15+00
15,1364.7,2025-12-08 00:33:16+00
15,1362.7,2025-12-08 00:33:17+00
15,1367.8,2025-12-08 00:33:18+00
15,1376.9,2025-12-08 00:33:19+00
15,1370.7,2025-12-08 00:33:20+00
15,1371.1,2025-12-08 00:33:21+00
15,1373.9,2025-12-08 00:33:22+00
15,1361.3,2025-12-08 00:33:23+00
15,1363.6,2025-12-08 00:33:24+00
15,1368.1,2025-12-08 00:33:25+00
15,1372.5,2025-12-08 00:33:26+00
15,1369,2025-12-08 00:33:27+00
15,1366.8,2025-12-08 00:33:28+00
15,1363.2,2025-12-08 00:33:29+00
15,1367.6,2025-12-08 00:33:30+00
15,1368.8,2025-12-08 00:33:31+00
15,1366,2025-12-08 00:33:32+00
15,1365.7,2025-12-08 00:33:33+00
15,1368.3,2025-12-08 00:33:34+00
15,1380.8,2025-12-08 00:33:35+00
15,1367.6,2025-12-08 00:33:36+00
15,1365.6,2025-12-08 00:33:37+00
15,1363.8,2025-12-08 00:33:38+00
15,1368.5,2025-12-08 00:33:39+00
15,1365.7,2025-12-08 00:33:40+00
15,1367.5,2025-12-08 00:33:41+00
15,1367.8,2025-12-08 00:33:42+00
15,1366,2025-12-08 00:33:43+00
15,1434.2,2025-12-08 00:33:44+00
15,1441.3,2025-12-08 00:33:45+00
15,1443.5,2025-12-08 00:33:46+00
15,1445.3,2025-12-08 00:33:47+00
15,1443.3,2025-12-08 00:33:48+00
15,1445.8,2025-12-08 00:33:49+00
15,1443,2025-12-08 00:33:50+00
15,1444.9,2025-12-08 00:33:51+00
15,1451.4,2025-12-08 00:33:52+00
15,1444.6,2025-12-08 00:33:53+00
15,1445.6,2025-12-08 00:33:54+00
15,1453.5,2025-12-08 00:33:55+00
15,1455.1,2025-12-08 00:33:56+00
15,1447.1,2025-12-08 00:33:57+00
15,1448.8,2025-12-08 00:33:58+00
15,1450.4,2025-12-08 00:33:59+00
15,1456.1,2025-12-08 00:34:00+00
15,1450.9,2025-12-08 00:34:01+00
15,1445.1,2025-12-08 00:34:02+00
15,1448.5,2025-12-08 00:34:03+00
15,1448.2,2025-12-08 00:34:04+00
15,1456.4,2025-12-08 00:34:05+00
15,1451,2025-12-08 00:34:06+00
15,1453.5,2025-12-08 00:34:07+00
15,1450.3,2025-12-08 00:34:08+00
15,1447.6,2025-12-08 00:34:09+00
15,1449,2025-12-08 00:34:10+00
15,1456.7,2025-12-08 00:34:11+00
15,1450.3,2025-12-08 00:34:12+00
15,1456.4,2025-12-08 00:34:13+00
15,1452.5,2025-12-08 00:34:14+00
15,1450.2,2025-12-08 00:34:15+00
15,1448.4,2025-12-08 00:34:16+00
15,1449.1,2025-12-08 00:34:17+00
15,1448.3,2025-12-08 00:34:18+00
15,1457.1,2025-12-08 00:34:19+00
15,1455.7,2025-12-08 00:34:20+00
15,1457.2,2025-12-08 00:34:21+00
15,1452.6,2025-12-08 00:34:22+00
15,1460.5,2025-12-08 00:34:23+00
15,1533.6,2025-12-08 00:34:24+00
15,1545,2025-12-08 00:34:25+00
15,1540.2,2025-12-08 00:34:26+00
15,1539.3,2025-12-08 00:34:27+00
15,1540.7,2025-12-08 00:34:28+00
15,1542.5,2025-12-08 00:34:29+00
15,1549.9,2025-12-08 00:34:30+00
15,1556.9,2025-12-08 00:34:31+00
15,1555.9,2025-12-08 00:34:32+00
15,1552.3,2025-12-08 00:34:33+00
15,1545.4,2025-12-08 00:34:34+00
15,1548.3,2025-12-08 00:34:35+00
15,1545.5,2025-12-08 00:34:36+00
15,1546.6,2025-12-08 00:34:37+00
15,1552.5,2025-12-08 00:34:38+00
15,1548.4,2025-12-08 00:34:39+00
15,1549.7,2025-12-08 00:34:40+00
15,1548.7,2025-12-08 00:34:41+00
15,1550.7,2025-12-08 00:34:42+00
15,1549.2,2025-12-08 00:34:43+00
15,1558,2025-12-08 00:34:44+00
15,1548,2025-12-08 00:34:45+00
15,1550.1,2025-12-08 00:34:46+00
15,1554.8,2025-12-08 00:34:47+00
15,1551.9,2025-12-08 00:34:48+00
15,1553.2,2025-12-08 00:34:49+00
15,1555.1,2025-12-08 00:34:50+00
15,1552.1,2025-12-08 00:34:51+00
15,1550,2025-12-08 00:34:52+00
15,1554.9,2025-12-08 00:34:53+00
15,1555.3,2025-12-08 00:34:54+00
15,1555.1,2025-12-08 00:34:55+00
15,1559.8,2025-12-08 00:34:56+00
15,1553.4,2025-12-08 00:34:57+00
15,1554,2025-12-08 00:34:58+00
15,1553.7,2025-12-08 00:34:59+00
15,1555,2025-12-08 00:35:00+00
15,1555.8,2025-12-08 00:35:01+00
15,1553.3,2025-12-08 00:35:02+00
15,1557.9,2025-12-08 00:35:03+00
15,1554.4,2025-12-08 00:35:04+00
15,1555.7,2025-12-08 00:35:05+00
15,1558.5,2025-12-08 00:35:06+00
15,1556.3,2025-12-08 00:35:07+00
15,1552.6,2025-12-08 00:35:08+00
15,1553.9,2025-12-08 00:35:09+00
15,1557.4,2025-12-08 00:35:10+00
15,1558.3,2025-12-08 00:35:11+00
15,1554.8,2025-12-08 00:35:12+00
15,1558.3,2025-12-08 00:35:13+00
15,1561.5,2025-12-08 00:35:14+00
15,1554.8,2025-12-08 00:35:15+00
15,1554.1,2025-12-08 00:35:16+00
15,1556,2025-12-08 00:35:17+00
15,1555.3,2025-12-08 00:35:18+00
15,1564.5,2025-12-08 00:35:19+00
15,1562.6,2025-12-08 00:35:20+00
15,1558.7,2025-12-08 00:35:21+00
15,1559.2,2025-12-08 00:35:22+00
15,1559.8,2025-12-08 00:35:23+00
15,1564.5,2025-12-08 00:35:24+00
15,1555.8,2025-12-08 00:35:25+00
15,1558,2025-12-08 00:35:26+00
15,1555.7,2025-12-08 00:35:27+00
15,1559.3,2025-12-08 00:35:28+00
15,1557,2025-12-08 00:35:29+00
15,1554,2025-12-08 00:35:30+00
15,1557.3,2025-12-08 00:35:31+00
15,1559.5,2025-12-08 00:35:32+00
15,1576.1,2025-12-08 00:35:33+00
15,1556.6,2025-12-08 00:35:34+00
15,1558.3,2025-12-08 00:35:35+00
15,1556.8,2025-12-08 00:35:36+00
15,1557.9,2025-12-08 00:35:37+00
15,1560.7,2025-12-08 00:35:38+00
15,1559.3,2025-12-08 00:35:39+00
15,1559.2,2025-12-08 00:35:40+00
15,1560.9,2025-12-08 00:35:41+00
15,1560.4,2025-12-08 00:35:42+00
15,1561.2,2025-12-08 00:35:43+00
15,1560.9,2025-12-08 00:35:44+00
15,1555.6,2025-12-08 00:35:45+00
15,1560,2025-12-08 00:35:46+00
15,1559.4,2025-12-08 00:35:47+00
15,1558.6,2025-12-08 00:35:48+00
15,1561.8,2025-12-08 00:35:49+00
15,1559.9,2025-12-08 00:35:50+00
15,1559.3,2025-12-08 00:35:51+00
15,1561.6,2025-12-08 00:35:52+00
15,1562.5,2025-12-08 00:35:53+00
15,1562.6,2025-12-08 00:35:54+00
15,1562.3,2025-12-08 00:35:55+00
15,1562.1,2025-12-08 00:35:56+00
15,1568.5,2025-12-08 00:35:57+00
15,1563.3,2025-12-08 00:35:58+00
15,1562.9,2025-12-08 00:35:59+00
15,1572.2,2025-12-08 00:36:00+00
15,1564.7,2025-12-08 00:36:01+00
15,1565.8,2025-12-08 00:36:02+00
15,1560.8,2025-12-08 00:36:03+00
15,1563.6,2025-12-08 00:36:04+00
15,1564.8,2025-12-08 00:36:05+00
15,1556.7,2025-12-08 00:36:06+00
15,1559.4,2025-12-08 00:36:07+00
15,1562.5,2025-12-08 00:36:08+00
15,1565.2,2025-12-08 00:36:09+00
15,1562.8,2025-12-08 00:36:10+00
15,1560.9,2025-12-08 00:36:11+00
15,1560.5,2025-12-08 00:36:12+00
15,1562.5,2025-12-08 00:36:13+00
15,1559.6,2025-12-08 00:36:14+00
15,1557.8,2025-12-08 00:36:15+00
15,1562.3,2025-12-08 00:36:16+00
15,1562.9,2025-12-08 00:36:17+00
15,1578.4,2025-12-08 00:36:18+00
15,1565.6,2025-12-08 00:36:19+00
15,1563.8,2025-12-08 00:36:20+00
15,1567.2,2025-12-08 00:36:21+00
15,1561.7,2025-12-08 00:36:22+00
15,1559.8,2025-12-08 00:36:23+00
15,1561.2,2025-12-08 00:36:24+00
15,1562.5,2025-12-08 00:36:25+00
15,1561.9,2025-12-08 00:36:26+00
15,1558.7,2025-12-08 00:36:27+00
15,1564.4,2025-12-08 00:36:28+00
15,1560,2025-12-08 00:36:29+00
15,1562.3,2025-12-08 00:36:30+00
15,1559.3,2025-12-08 00:36:31+00
15,1560.4,2025-12-08 00:36:32+00
15,1563.4,2025-12-08 00:36:33+00
15,1564.9,2025-12-08 00:36:34+00
15,1561.1,2025-12-08 00:36:35+00
15,1565.8,2025-12-08 00:36:36+00
15,1563.4,2025-12-08 00:36:37+00
15,1561.8,2025-12-08 00:36:38+00
15,1563.1,2025-12-08 00:36:39+00
15,1564.7,2025-12-08 00:36:40+00
15,1563.7,2025-12-08 00:36:41+00
15,1563.9,2025-12-08 00:36:42+00
15,1566.9,2025-12-08 00:36:43+00
15,1566.6,2025-12-08 00:36:44+00
15,1565.5,2025-12-08 00:36:45+00
15,1566.2,2025-12-08 00:36:46+00
15,1566.3,2025-12-08 00:36:47+00
15,1560.1,2025-12-08 00:36:48+00
15,1562.1,2025-12-08 00:36:49+00
15,1561.8,2025-12-08 00:36:50+00
15,1564.1,2025-12-08 00:36:51+00
15,1567.5,2025-12-08 00:36:52+00
15,1561.9,2025-12-08 00:36:53+00
15,1578.2,2025-12-08 00:36:54+00
15,1561.1,2025-12-08 00:36:55+00
15,1559.3,2025-12-08 00:36:56+00
15,1563.9,2025-12-08 00:36:57+00
15,1570.2,2025-12-08 00:36:58+00
15,1570.6,2025-12-08 00:36:59+00
15,1566.8,2025-12-08 00:37:00+00
15,1571.7,2025-12-08 00:37:01+00
15,1570.9,2025-12-08 00:37:02+00
15,1568.4,2025-12-08 00:37:03+00
15,1566.1,2025-12-08 00:37:04+00
15,1567.3,2025-12-08 00:37:05+00
15,1566,2025-12-08 00:37:06+00
15,1567.6,2025-12-08 00:37:07+00
15,1562.1,2025-12-08 00:37:08+00
15,1559.9,2025-12-08 00:37:09+00
15,1564,2025-12-08 00:37:10+00
15,1565.8,2025-12-08 00:37:11+00
15,1564.8,2025-12-08 00:37:12+00
15,1567.6,2025-12-08 00:37:13+00
15,1566.1,2025-12-08 00:37:14+00
15,1563.4,2025-12-08 00:37:15+00
15,1563.5,2025-12-08 00:37:16+00
15,1564.8,2025-12-08 00:37:17+00
15,1566.8,2025-12-08 00:37:18+00
15,1572.2,2025-12-08 00:37:19+00
15,1569.3,2025-12-08 00:37:20+00
15,1566.6,2025-12-08 00:37:21+00
15,1565.7,2025-12-08 00:37:22+00
15,1563.8,2025-12-08 00:37:23+00
15,1564.2,2025-12-08 00:37:24+00
15,1579.2,2025-12-08 00:37:25+00
15,1563.4,2025-12-08 00:37:26+00
15,1562.6,2025-12-08 00:37:27+00
15,1566.5,2025-12-08 00:37:28+00
15,1565.7,2025-12-08 00:37:29+00
15,1563.7,2025-12-08 00:37:30+00
15,1565.9,2025-12-08 00:37:31+00
15,1563.8,2025-12-08 00:37:32+00
15,1574.1,2025-12-08 00:37:33+00
15,1567.2,2025-12-08 00:37:34+00
15,1567.9,2025-12-08 00:37:35+00
15,1563.8,2025-12-08 00:37:36+00
15,1566.8,2025-12-08 00:37:37+00
15,1567.2,2025-12-08 00:37:38+00
15,1567.6,2025-12-08 00:37:39+00
15,1572.2,2025-12-08 00:37:40+00
15,1573.3,2025-12-08 00:37:41+00
15,1563.5,2025-12-08 00:37:42+00
15,1567,2025-12-08 00:37:43+00
15,1566,2025-12-08 00:37:44+00
15,1568.5,2025-12-08 00:37:45+00
15,1569.7,2025-12-08 00:37:46+00
15,1572.7,2025-12-08 00:37:47+00
15,1666.7,2025-12-08 00:37:48+00
15,1694.2,2025-12-08 00:37:49+00
15,1695,2025-12-08 00:37:50+00
15,1701,2025-12-08 00:37:51+00
15,1701.8,2025-12-08 00:37:52+00
15,1699.8,2025-12-08 00:37:53+00
15,1708.2,2025-12-08 00:37:54+00
15,1702.1,2025-12-08 00:37:55+00
15,1701.1,2025-12-08 00:37:56+00
15,1699.7,2025-12-08 00:37:57+00
15,1706.5,2025-12-08 00:37:58+00
15,1700.3,2025-12-08 00:37:59+00
15,1714.5,2025-12-08 00:38:00+00
15,1700.9,2025-12-08 00:38:01+00
15,1701.8,2025-12-08 00:38:02+00
15,1698.1,2025-12-08 00:38:03+00
15,1698.3,2025-12-08 00:38:04+00
15,1696.5,2025-12-08 00:38:05+00
15,1699.1,2025-12-08 00:38:06+00
15,1701,2025-12-08 00:38:07+00
15,1699.1,2025-12-08 00:38:08+00
15,1699.5,2025-12-08 00:38:09+00
15,1697.7,2025-12-08 00:38:10+00
15,1699.4,2025-12-08 00:38:11+00
15,1699.9,2025-12-08 00:38:12+00
15,1703.8,2025-12-08 00:38:13+00
15,1699.4,2025-12-08 00:38:14+00
15,1696.9,2025-12-08 00:38:15+00
15,1700.5,2025-12-08 00:38:16+00
15,1701.3,2025-12-08 00:38:17+00
15,1700.9,2025-12-08 00:38:18+00
15,1704.9,2025-12-08 00:38:19+00
15,1702.7,2025-12-08 00:38:20+00
15,1696.1,2025-12-08 00:38:21+00
15,1701.3,2025-12-08 00:38:22+00
15,1702.2,2025-12-08 00:38:23+00
15,1699.1,2025-12-08 00:38:24+00
15,1699.6,2025-12-08 00:38:25+00
15,1697.8,2025-12-08 00:38:26+00
15,1700.3,2025-12-08 00:38:27+00
15,1700.8,2025-12-08 00:38:28+00
15,1697.6,2025-12-08 00:38:29+00
15,1698.1,2025-12-08 00:38:30+00
15,1696.6,2025-12-08 00:38:31+00
15,1699.1,2025-12-08 00:38:32+00
15,1708.3,2025-12-08 00:38:33+00
15,1698.3,2025-12-08 00:38:34+00
15,1699,2025-12-08 00:38:35+00
15,1698,2025-12-08 00:38:36+00
15,1701.4,2025-12-08 00:38:37+00
15,1709,2025-12-08 00:38:38+00
15,1700,2025-12-08 00:38:39+00
15,1700.6,2025-12-08 00:38:40+00
15,1699.3,2025-12-08 00:38:41+00
15,1701.5,2025-12-08 00:38:42+00
15,1701.6,2025-12-08 00:38:43+00
15,1701.8,2025-12-08 00:38:44+00
15,1705.5,2025-12-08 00:38:45+00
15,1702.3,2025-12-08 00:38:46+00
15,1702,2025-12-08 00:38:47+00
15,1712,2025-12-08 00:38:48+00
15,1699.4,2025-12-08 00:38:49+00
15,1697.4,2025-12-08 00:38:50+00
15,1698.9,2025-12-08 00:38:51+00
15,1701.7,2025-12-08 00:38:52+00
15,1702,2025-12-08 00:38:53+00
15,1698.1,2025-12-08 00:38:54+00
15,1702.3,2025-12-08 00:38:55+00
15,1700.2,2025-12-08 00:38:56+00
15,1703.4,2025-12-08 00:38:57+00
15,1704.4,2025-12-08 00:38:58+00
15,1703.2,2025-12-08 00:38:59+00
15,1704.7,2025-12-08 00:39:00+00
15,1705.2,2025-12-08 00:39:01+00
15,1702.3,2025-12-08 00:39:02+00
15,1703.4,2025-12-08 00:39:03+00
15,1705.6,2025-12-08 00:39:04+00
15,1699.3,2025-12-08 00:39:05+00
15,1700.8,2025-12-08 00:39:06+00
15,1703.4,2025-12-08 00:39:07+00
15,1701.1,2025-12-08 00:39:08+00
15,1700.2,2025-12-08 00:39:09+00
15,1704.5,2025-12-08 00:39:10+00
15,1699.1,2025-12-08 00:39:11+00
15,1701.9,2025-12-08 00:39:12+00
15,1701.7,2025-12-08 00:39:13+00
15,1702.8,2025-12-08 00:39:14+00
15,1703.4,2025-12-08 00:39:15+00
15,1703,2025-12-08 00:39:16+00
15,1703.9,2025-12-08 00:39:17+00
15,1703.1,2025-12-08 00:39:18+00
15,1711.5,2025-12-08 00:39:19+00
15,1731.8,2025-12-08 00:39:20+00
15,1727.1,2025-12-08 00:39:21+00
15,1707.9,2025-12-08 00:39:22+00
15,1708.2,2025-12-08 00:39:23+00
15,1704.3,2025-12-08 00:39:24+00
15,1712.2,2025-12-08 00:39:25+00
15,1708.1,2025-12-08 00:39:26+00
15,1711.4,2025-12-08 00:39:27+00
15,1732,2025-12-08 00:39:28+00
15,1706.9,2025-12-08 00:39:29+00
15,1707,2025-12-08 00:39:30+00
15,1714.2,2025-12-08 00:39:31+00
15,1713.2,2025-12-08 00:39:32+00
15,1713.6,2025-12-08 00:39:33+00
15,1716.3,2025-12-08 00:39:34+00
15,1600.7,2025-12-08 00:39:35+00
15,1572.8,2025-12-08 00:39:36+00
15,1583.6,2025-12-08 00:39:37+00
15,1592.3,2025-12-08 00:39:38+00
15,1584.9,2025-12-08 00:39:39+00
15,1539,2025-12-08 00:39:40+00
15,712.2,2025-12-08 00:39:41+00
15,719.1,2025-12-08 00:39:42+00
15,725.4,2025-12-08 00:39:43+00
15,750.3,2025-12-08 00:39:44+00
15,724.8,2025-12-08 00:39:45+00
15,724.5,2025-12-08 00:39:46+00
15,726.2,2025-12-08 00:39:47+00
15,726.5,2025-12-08 00:39:48+00
15,725.4,2025-12-08 00:39:49+00
15,724.3,2025-12-08 00:39:50+00
15,722.5,2025-12-08 00:39:51+00
15,726.4,2025-12-08 00:39:52+00
15,724,2025-12-08 00:39:53+00
15,725,2025-12-08 00:39:54+00
15,723.6,2025-12-08 00:39:55+00
15,724.9,2025-12-08 00:39:56+00
15,728.2,2025-12-08 00:39:57+00
15,728.4,2025-12-08 00:39:58+00
15,724.9,2025-12-08 00:39:59+00
15,725.6,2025-12-08 00:40:00+00
15,727.3,2025-12-08 00:40:01+00
15,727.7,2025-12-08 00:40:02+00
15,727.8,2025-12-08 00:40:03+00
15,752.9,2025-12-08 00:40:04+00
15,741.9,2025-12-08 00:40:05+00
15,741.3,2025-12-08 00:40:06+00
15,742.8,2025-12-08 00:40:07+00
15,742.6,2025-12-08 00:40:08+00
15,742.3,2025-12-08 00:40:09+00
15,739.2,2025-12-08 00:40:10+00
15,695.4,2025-12-08 00:40:11+00
15,695.5,2025-12-08 00:40:12+00
15,599.7,2025-12-08 00:40:13+00
15,598.9,2025-12-08 00:40:14+00
15,600.1,2025-12-08 00:40:15+00
15,597.2,2025-12-08 00:40:16+00
15,595.6,2025-12-08 00:40:17+00
15,597.9,2025-12-08 00:40:18+00
15,600.8,2025-12-08 00:40:19+00
15,636.3,2025-12-08 00:40:20+00
15,686.9,2025-12-08 00:40:21+00
15,697.5,2025-12-08 00:40:22+00
15,696.8,2025-12-08 00:40:23+00
15,696.9,2025-12-08 00:40:24+00
15,698.7,2025-12-08 00:40:25+00
15,698.5,2025-12-08 00:40:26+00
15,702.5,2025-12-08 00:40:27+00
15,706.8,2025-12-08 00:40:28+00
15,706,2025-12-08 00:40:29+00
15,713.5,2025-12-08 00:40:30+00
15,709.8,2025-12-08 00:40:31+00
15,706.8,2025-12-08 00:40:32+00
15,713.6,2025-12-08 00:40:33+00
15,715,2025-12-08 00:40:34+00
15,712.8,2025-12-08 00:40:35+00
15,717.9,2025-12-08 00:40:36+00
15,717.2,2025-12-08 00:40:37+00
15,717.3,2025-12-08 00:40:38+00
15,722.6,2025-12-08 00:40:39+00
15,721.8,2025-12-08 00:40:40+00
15,721.2,2025-12-08 00:40:41+00
15,723.6,2025-12-08 00:40:42+00
15,721.7,2025-12-08 00:40:43+00
15,721.3,2025-12-08 00:40:44+00
15,731,2025-12-08 00:40:45+00
15,723.2,2025-12-08 00:40:46+00
15,723.8,2025-12-08 00:40:47+00
15,724.4,2025-12-08 00:40:48+00
15,722.2,2025-12-08 00:40:49+00
15,723.9,2025-12-08 00:40:50+00
15,722.7,2025-12-08 00:40:51+00
15,723.4,2025-12-08 00:40:52+00
15,723.8,2025-12-08 00:40:53+00
15,724.8,2025-12-08 00:40:54+00
15,724.5,2025-12-08 00:40:55+00
15,722.9,2025-12-08 00:40:56+00
15,741.1,2025-12-08 00:40:57+00
15,730.9,2025-12-08 00:40:58+00
15,729.8,2025-12-08 00:40:59+00
15,749.3,2025-12-08 00:41:00+00
15,737.8,2025-12-08 00:41:01+00
15,729.6,2025-12-08 00:41:02+00
15,728,2025-12-08 00:41:03+00
15,724.2,2025-12-08 00:41:04+00
15,740.3,2025-12-08 00:41:05+00
15,727.6,2025-12-08 00:41:06+00
15,726.2,2025-12-08 00:41:07+00
15,726,2025-12-08 00:41:08+00
15,726.1,2025-12-08 00:41:09+00
15,724.3,2025-12-08 00:41:10+00
15,728.1,2025-12-08 00:41:11+00
15,726.3,2025-12-08 00:41:12+00
15,726.1,2025-12-08 00:41:13+00
15,727,2025-12-08 00:41:14+00
15,735.9,2025-12-08 00:41:15+00
15,726.8,2025-12-08 00:41:16+00
15,726.8,2025-12-08 00:41:17+00
15,727.2,2025-12-08 00:41:18+00
15,732.1,2025-12-08 00:41:19+00
15,731,2025-12-08 00:41:20+00
15,725.5,2025-12-08 00:41:21+00
15,724.3,2025-12-08 00:41:22+00
15,735.5,2025-12-08 00:41:23+00
15,726.9,2025-12-08 00:41:24+00
15,724.2,2025-12-08 00:41:25+00
15,727.9,2025-12-08 00:41:26+00
15,727.9,2025-12-08 00:41:27+00
15,727.5,2025-12-08 00:41:28+00
15,727.3,2025-12-08 00:41:29+00
15,724.6,2025-12-08 00:41:30+00
15,724.7,2025-12-08 00:41:31+00
15,725.5,2025-12-08 00:41:32+00
15,726.8,2025-12-08 00:41:33+00
15,727,2025-12-08 00:41:34+00
15,725.6,2025-12-08 00:41:35+00
15,724.1,2025-12-08 00:41:36+00
15,726.1,2025-12-08 00:41:37+00
15,724.9,2025-12-08 00:41:38+00
15,722.9,2025-12-08 00:41:39+00
15,719.9,2025-12-08 00:41:40+00
15,724.7,2025-12-08 00:41:41+00
15,725.1,2025-12-08 00:41:42+00
15,742.1,2025-12-08 00:41:43+00
15,725.7,2025-12-08 00:41:44+00
15,722,2025-12-08 00:41:45+00
15,721.4,2025-12-08 00:41:46+00
15,724.5,2025-12-08 00:41:47+00
15,729.2,2025-12-08 00:41:48+00
15,727.1,2025-12-08 00:41:49+00
15,723.2,2025-12-08 00:41:50+00
15,723.7,2025-12-08 00:41:51+00
15,723.9,2025-12-08 00:41:52+00
15,723.8,2025-12-08 00:41:53+00
15,726.3,2025-12-08 00:41:54+00
15,735,2025-12-08 00:41:55+00
15,723.7,2025-12-08 00:41:56+00
15,722.5,2025-12-08 00:41:57+00
15,726,2025-12-08 00:41:58+00
15,726.7,2025-12-08 00:41:59+00
15,727.6,2025-12-08 00:42:00+00
15,736.5,2025-12-08 00:42:01+00
15,727.8,2025-12-08 00:42:02+00
15,728.6,2025-12-08 00:42:03+00
15,728.9,2025-12-08 00:42:04+00
15,725.9,2025-12-08 00:42:05+00
15,727.3,2025-12-08 00:42:06+00
15,722.3,2025-12-08 00:42:07+00
15,721.7,2025-12-08 00:42:08+00
15,725.6,2025-12-08 00:42:09+00
15,723.5,2025-12-08 00:42:10+00
15,742.6,2025-12-08 00:42:11+00
15,729.5,2025-12-08 00:42:12+00
15,730.2,2025-12-08 00:42:13+00
15,731.2,2025-12-08 00:42:14+00
15,731.8,2025-12-08 00:42:15+00
15,734.3,2025-12-08 00:42:16+00
15,729.5,2025-12-08 00:42:17+00
15,731.3,2025-12-08 00:42:18+00
15,736.5,2025-12-08 00:42:19+00
15,733,2025-12-08 00:42:20+00
15,736.7,2025-12-08 00:42:21+00
15,731.5,2025-12-08 00:42:22+00
15,730.2,2025-12-08 00:42:23+00
15,732.3,2025-12-08 00:42:24+00
15,743.9,2025-12-08 00:42:25+00
15,728.2,2025-12-08 00:42:26+00
15,724.3,2025-12-08 00:42:27+00
15,727.1,2025-12-08 00:42:28+00
15,722.7,2025-12-08 00:42:29+00
15,724.9,2025-12-08 00:42:30+00
15,723.2,2025-12-08 00:42:31+00
15,722.7,2025-12-08 00:42:32+00
15,721.2,2025-12-08 00:42:33+00
15,727.5,2025-12-08 00:42:34+00
15,722.8,2025-12-08 00:42:35+00
15,723.8,2025-12-08 00:42:36+00
15,727.3,2025-12-08 00:42:37+00
15,721.6,2025-12-08 00:42:38+00
15,720.9,2025-12-08 00:42:39+00
15,724.4,2025-12-08 00:42:40+00
15,722.1,2025-12-08 00:42:41+00
15,724.3,2025-12-08 00:42:42+00
15,723.9,2025-12-08 00:42:43+00
15,722.1,2025-12-08 00:42:44+00
15,721.7,2025-12-08 00:42:45+00
15,723.7,2025-12-08 00:42:46+00
15,727.9,2025-12-08 00:42:47+00
15,724.7,2025-12-08 00:42:48+00
15,722.8,2025-12-08 00:42:49+00
15,732,2025-12-08 00:42:50+00
15,721.9,2025-12-08 00:42:51+00
15,723.4,2025-12-08 00:42:52+00
15,722.7,2025-12-08 00:42:53+00
15,725,2025-12-08 00:42:54+00
15,721.8,2025-12-08 00:42:55+00
15,720.3,2025-12-08 00:42:56+00
15,720.5,2025-12-08 00:42:57+00
15,723.2,2025-12-08 00:42:58+00
15,720.7,2025-12-08 00:42:59+00
15,722.9,2025-12-08 00:43:00+00
15,725.3,2025-12-08 00:43:01+00
15,729.5,2025-12-08 00:43:02+00
15,734.6,2025-12-08 00:43:03+00
15,729,2025-12-08 00:43:04+00
15,734.1,2025-12-08 00:43:05+00
15,725.6,2025-12-08 00:43:06+00
15,730.3,2025-12-08 00:43:07+00
15,737.1,2025-12-08 00:43:08+00
15,721.4,2025-12-08 00:43:09+00
15,723.2,2025-12-08 00:43:10+00
15,722.8,2025-12-08 00:43:11+00
15,724,2025-12-08 00:43:12+00
15,724.9,2025-12-08 00:43:13+00
15,722.6,2025-12-08 00:43:14+00
15,723.2,2025-12-08 00:43:15+00
15,721.2,2025-12-08 00:43:16+00
15,721.5,2025-12-08 00:43:17+00
15,724.6,2025-12-08 00:43:18+00
15,727,2025-12-08 00:43:19+00
15,721.8,2025-12-08 00:43:20+00
15,731,2025-12-08 00:43:21+00
15,719.9,2025-12-08 00:43:22+00
15,723,2025-12-08 00:43:23+00
15,721,2025-12-08 00:43:24+00
15,727.1,2025-12-08 00:43:25+00
15,717.8,2025-12-08 00:43:26+00
15,719.1,2025-12-08 00:43:27+00
15,724.3,2025-12-08 00:43:28+00
15,719,2025-12-08 00:43:29+00
15,721.1,2025-12-08 00:43:30+00
15,735.2,2025-12-08 00:43:31+00
15,719.4,2025-12-08 00:43:32+00
15,724.7,2025-12-08 00:43:33+00
15,723.7,2025-12-08 00:43:34+00
15,722,2025-12-08 00:43:35+00
15,730.1,2025-12-08 00:43:36+00
15,722.7,2025-12-08 00:43:37+00
15,723.2,2025-12-08 00:43:38+00
15,726.2,2025-12-08 00:43:39+00
15,723.6,2025-12-08 00:43:40+00
15,720.8,2025-12-08 00:43:41+00
15,721.5,2025-12-08 00:43:42+00
15,721.7,2025-12-08 00:43:43+00
15,726.8,2025-12-08 00:43:44+00
15,724.8,2025-12-08 00:43:45+00
15,723,2025-12-08 00:43:46+00
15,722.9,2025-12-08 00:43:47+00
15,724.8,2025-12-08 00:43:48+00
15,727,2025-12-08 00:43:49+00
15,722.7,2025-12-08 00:43:50+00
15,722.9,2025-12-08 00:43:51+00
15,724.7,2025-12-08 00:43:52+00
15,720.1,2025-12-08 00:43:53+00
15,722.1,2025-12-08 00:43:54+00
15,718.7,2025-12-08 00:43:55+00
15,733.9,2025-12-08 00:43:56+00
15,723.7,2025-12-08 00:43:57+00
15,719.4,2025-12-08 00:43:58+00
15,719.4,2025-12-08 00:43:59+00
15,726.6,2025-12-08 00:44:00+00
15,720.9,2025-12-08 00:44:01+00
15,729,2025-12-08 00:44:02+00
15,733.1,2025-12-08 00:44:03+00
15,725.8,2025-12-08 00:44:04+00
15,728.1,2025-12-08 00:44:05+00
15,729.5,2025-12-08 00:44:06+00
15,721.6,2025-12-08 00:44:07+00
15,726,2025-12-08 00:44:08+00
15,722.2,2025-12-08 00:44:09+00
15,723.1,2025-12-08 00:44:10+00
15,719.8,2025-12-08 00:44:11+00
15,720.3,2025-12-08 00:44:12+00
15,720.4,2025-12-08 00:44:13+00
15,839.4,2025-12-08 00:44:14+00
15,826.3,2025-12-08 00:44:15+00
15,823.1,2025-12-08 00:44:16+00
15,823,2025-12-08 00:44:17+00
15,823.4,2025-12-08 00:44:18+00
15,824.1,2025-12-08 00:44:19+00
15,822.1,2025-12-08 00:44:20+00
15,824.2,2025-12-08 00:44:21+00
15,818.3,2025-12-08 00:44:22+00
15,816.7,2025-12-08 00:44:23+00
15,811.9,2025-12-08 00:44:24+00
15,810.7,2025-12-08 00:44:25+00
15,811.8,2025-12-08 00:44:26+00
15,813.1,2025-12-08 00:44:27+00
15,810.8,2025-12-08 00:44:28+00
15,810,2025-12-08 00:44:29+00
15,811.8,2025-12-08 00:44:30+00
15,809.9,2025-12-08 00:44:31+00
15,812.3,2025-12-08 00:44:32+00
15,813.2,2025-12-08 00:44:33+00
15,811.7,2025-12-08 00:44:34+00
15,812,2025-12-08 00:44:35+00
15,812.4,2025-12-08 00:44:36+00
15,809.9,2025-12-08 00:44:37+00
15,814.6,2025-12-08 00:44:38+00
15,818.7,2025-12-08 00:44:39+00
15,813.6,2025-12-08 00:44:40+00
15,812.9,2025-12-08 00:44:41+00
15,829.6,2025-12-08 00:44:42+00
15,850.5,2025-12-08 00:44:43+00
15,826.9,2025-12-08 00:44:44+00
15,823,2025-12-08 00:44:45+00
15,823.1,2025-12-08 00:44:46+00
15,823.7,2025-12-08 00:44:47+00
15,823.9,2025-12-08 00:44:48+00
15,822.5,2025-12-08 00:44:49+00
15,828.4,2025-12-08 00:44:50+00
15,824.9,2025-12-08 00:44:51+00
15,825.8,2025-12-08 00:44:52+00
15,825.3,2025-12-08 00:44:53+00
15,824.7,2025-12-08 00:44:54+00
15,824.9,2025-12-08 00:44:55+00
15,826.7,2025-12-08 00:44:56+00
15,828.9,2025-12-08 00:44:57+00
15,831.4,2025-12-08 00:44:58+00
15,826.9,2025-12-08 00:44:59+00
15,828.8,2025-12-08 00:45:00+00
15,826.7,2025-12-08 00:45:01+00
15,828.5,2025-12-08 00:45:02+00
15,829.3,2025-12-08 00:45:03+00
15,823.9,2025-12-08 00:45:04+00
15,828.7,2025-12-08 00:45:05+00
15,827.8,2025-12-08 00:45:06+00
15,820.8,2025-12-08 00:45:07+00
15,825.1,2025-12-08 00:45:08+00
15,826.2,2025-12-08 00:45:09+00
15,825,2025-12-08 00:45:10+00
15,826.4,2025-12-08 00:45:11+00
15,826.6,2025-12-08 00:45:12+00
15,811.8,2025-12-08 00:45:13+00
15,1091.7,2025-12-08 00:45:14+00
15,1166.5,2025-12-08 00:45:15+00
15,1031.1,2025-12-08 00:45:16+00
15,1029.6,2025-12-08 00:45:17+00
15,1108.1,2025-12-08 00:45:18+00
15,1043.9,2025-12-08 00:45:19+00
15,1092.6,2025-12-08 00:45:20+00
15,1121.4,2025-12-08 00:45:21+00
15,1140.7,2025-12-08 00:45:22+00
15,1168.4,2025-12-08 00:45:23+00
15,1188.8,2025-12-08 00:45:24+00
15,1209.7,2025-12-08 00:45:25+00
15,1226.8,2025-12-08 00:45:26+00
15,1244.7,2025-12-08 00:45:27+00
15,1260.6,2025-12-08 00:45:28+00
15,1265.7,2025-12-08 00:45:29+00
15,1270,2025-12-08 00:45:30+00
15,1273.3,2025-12-08 00:45:31+00
15,1280.1,2025-12-08 00:45:32+00
15,1279.5,2025-12-08 00:45:33+00
15,1278.9,2025-12-08 00:45:34+00
15,1278.3,2025-12-08 00:45:35+00
15,1281.2,2025-12-08 00:45:36+00
15,1277.8,2025-12-08 00:45:37+00
15,1277.2,2025-12-08 00:45:38+00
15,1279.5,2025-12-08 00:45:39+00
15,1279,2025-12-08 00:45:40+00
15,1275.7,2025-12-08 00:45:41+00
15,1274.9,2025-12-08 00:45:42+00
15,1273.9,2025-12-08 00:45:43+00
15,1276.9,2025-12-08 00:45:44+00
15,1275.6,2025-12-08 00:45:45+00
15,1272.6,2025-12-08 00:45:46+00
15,1274.4,2025-12-08 00:45:47+00
15,1276.5,2025-12-08 00:45:48+00
15,1278.6,2025-12-08 00:45:49+00
15,1279.6,2025-12-08 00:45:50+00
15,1282.9,2025-12-08 00:45:51+00
15,1284.9,2025-12-08 00:45:52+00
15,1286.2,2025-12-08 00:45:53+00
15,1289.3,2025-12-08 00:45:54+00
15,1292.9,2025-12-08 00:45:55+00
15,1294.5,2025-12-08 00:45:56+00
15,1297.6,2025-12-08 00:45:57+00
15,1311,2025-12-08 00:45:58+00
15,1295.8,2025-12-08 00:45:59+00
15,1297.5,2025-12-08 00:46:00+00
15,1301.8,2025-12-08 00:46:01+00
15,1299.7,2025-12-08 00:46:02+00
15,1300.8,2025-12-08 00:46:03+00
15,1300.4,2025-12-08 00:46:04+00
15,1298.9,2025-12-08 00:46:05+00
15,1299.5,2025-12-08 00:46:06+00
15,1298.6,2025-12-08 00:46:07+00
15,1296.3,2025-12-08 00:46:08+00
15,1316.6,2025-12-08 00:46:09+00
15,1299.1,2025-12-08 00:46:10+00
15,1299.2,2025-12-08 00:46:11+00
15,1296.7,2025-12-08 00:46:12+00
15,1297.5,2025-12-08 00:46:13+00
15,1297.9,2025-12-08 00:46:14+00
15,1295.2,2025-12-08 00:46:15+00
15,1295.1,2025-12-08 00:46:16+00
15,1296.3,2025-12-08 00:46:17+00
15,1295.7,2025-12-08 00:46:18+00
15,1321,2025-12-08 00:46:19+00
15,1302.9,2025-12-08 00:46:20+00
15,1304.2,2025-12-08 00:46:21+00
15,1298.3,2025-12-08 00:46:22+00
15,1299.4,2025-12-08 00:46:23+00
15,1300.7,2025-12-08 00:46:24+00
15,1299,2025-12-08 00:46:25+00
15,1300.2,2025-12-08 00:46:26+00
15,1303.6,2025-12-08 00:46:27+00
15,1303.8,2025-12-08 00:46:28+00
15,1304,2025-12-08 00:46:29+00
15,1306,2025-12-08 00:46:30+00
15,1301,2025-12-08 00:46:31+00
15,1302.1,2025-12-08 00:46:32+00
15,1306,2025-12-08 00:46:33+00
15,1306.4,2025-12-08 00:46:34+00
15,1301.1,2025-12-08 00:46:35+00
15,1303,2025-12-08 00:46:36+00
15,1301.2,2025-12-08 00:46:37+00
15,1306.1,2025-12-08 00:46:38+00
15,1306.2,2025-12-08 00:46:39+00
15,1305.4,2025-12-08 00:46:40+00
15,1302.3,2025-12-08 00:46:41+00
15,1304.8,2025-12-08 00:46:42+00
15,1303.4,2025-12-08 00:46:43+00
15,1304.5,2025-12-08 00:46:44+00
15,1301.8,2025-12-08 00:46:45+00
15,1299.9,2025-12-08 00:46:46+00
15,1301.6,2025-12-08 00:46:47+00
15,1302.8,2025-12-08 00:46:48+00
15,1295.4,2025-12-08 00:46:49+00
15,1298.4,2025-12-08 00:46:50+00
15,1300.3,2025-12-08 00:46:51+00
15,1296,2025-12-08 00:46:52+00
15,1300.4,2025-12-08 00:46:53+00
15,1302.4,2025-12-08 00:46:54+00
15,1296.9,2025-12-08 00:46:55+00
15,1297.4,2025-12-08 00:46:56+00
15,1302.6,2025-12-08 00:46:57+00
15,1297.3,2025-12-08 00:46:58+00
15,1301.3,2025-12-08 00:46:59+00
15,1301.6,2025-12-08 00:47:00+00
15,1310.7,2025-12-08 00:47:01+00
15,1303.3,2025-12-08 00:47:02+00
15,1299.4,2025-12-08 00:47:03+00
15,1300.4,2025-12-08 00:47:04+00
15,1285.8,2025-12-08 00:47:05+00
15,1288.5,2025-12-08 00:47:06+00
15,1287.1,2025-12-08 00:47:07+00
15,1294.1,2025-12-08 00:47:08+00
15,1292.9,2025-12-08 00:47:09+00
15,1292.9,2025-12-08 00:47:10+00
15,1288.1,2025-12-08 00:47:11+00
15,1289.3,2025-12-08 00:47:12+00
15,1296.8,2025-12-08 00:47:13+00
15,1292,2025-12-08 00:47:14+00
15,1288.7,2025-12-08 00:47:15+00
15,1284.3,2025-12-08 00:47:16+00
15,1288.9,2025-12-08 00:47:17+00
15,1289.7,2025-12-08 00:47:18+00
15,1293.7,2025-12-08 00:47:19+00
15,1293.9,2025-12-08 00:47:20+00
15,1290.9,2025-12-08 00:47:21+00
15,1284.9,2025-12-08 00:47:22+00
15,1301.5,2025-12-08 00:47:23+00
15,1286.8,2025-12-08 00:47:24+00
15,1285.2,2025-12-08 00:47:25+00
15,1245.2,2025-12-08 00:47:26+00
15,1247.1,2025-12-08 00:47:27+00
15,1244.4,2025-12-08 00:47:28+00
15,1243,2025-12-08 00:47:29+00
15,1244.4,2025-12-08 00:47:30+00
15,1240.6,2025-12-08 00:47:31+00
15,1243.4,2025-12-08 00:47:32+00
15,1245,2025-12-08 00:47:33+00
15,1244.2,2025-12-08 00:47:34+00
15,1243,2025-12-08 00:47:35+00
15,1246.3,2025-12-08 00:47:36+00
15,1244.6,2025-12-08 00:47:37+00
15,1245,2025-12-08 00:47:38+00
15,1245,2025-12-08 00:47:39+00
15,1242,2025-12-08 00:47:40+00
15,1251.9,2025-12-08 00:47:41+00
15,1242.6,2025-12-08 00:47:42+00
15,1242.5,2025-12-08 00:47:43+00
15,1243.8,2025-12-08 00:47:44+00
15,1241.5,2025-12-08 00:47:45+00
15,1243.7,2025-12-08 00:47:46+00
15,1247.2,2025-12-08 00:47:47+00
15,1245.5,2025-12-08 00:47:48+00
15,1241.4,2025-12-08 00:47:49+00
15,1242.2,2025-12-08 00:47:50+00
15,1241.8,2025-12-08 00:47:51+00
15,1240,2025-12-08 00:47:52+00
15,1251.5,2025-12-08 00:47:53+00
15,1239.6,2025-12-08 00:47:54+00
15,1246.7,2025-12-08 00:47:55+00
15,1239,2025-12-08 00:47:56+00
15,1239.2,2025-12-08 00:47:57+00
15,1252.6,2025-12-08 00:47:58+00
15,1241.1,2025-12-08 00:47:59+00
15,1242.1,2025-12-08 00:48:00+00
15,1256.9,2025-12-08 00:48:01+00
15,1244.5,2025-12-08 00:48:02+00
15,1239.4,2025-12-08 00:48:03+00
15,1311.2,2025-12-08 00:48:04+00
15,1344.7,2025-12-08 00:48:05+00
15,1343.8,2025-12-08 00:48:06+00
15,1333.3,2025-12-08 00:48:07+00
15,1335.3,2025-12-08 00:48:08+00
15,1333.9,2025-12-08 00:48:09+00
15,1334.4,2025-12-08 00:48:10+00
15,1341.7,2025-12-08 00:48:11+00
15,1339,2025-12-08 00:48:12+00
15,1335.4,2025-12-08 00:48:13+00
15,1337.2,2025-12-08 00:48:14+00
15,1335.8,2025-12-08 00:48:15+00
15,1334.2,2025-12-08 00:48:16+00
15,1336.8,2025-12-08 00:48:17+00
15,1339.3,2025-12-08 00:48:18+00
15,1352.3,2025-12-08 00:48:19+00
15,1345,2025-12-08 00:48:20+00
15,1335,2025-12-08 00:48:21+00
15,1332.5,2025-12-08 00:48:22+00
15,1338.6,2025-12-08 00:48:23+00
15,1345.1,2025-12-08 00:48:24+00
15,1342.4,2025-12-08 00:48:25+00
15,1341.5,2025-12-08 00:48:26+00
15,1338.6,2025-12-08 00:48:27+00
15,1333.5,2025-12-08 00:48:28+00
15,1345.7,2025-12-08 00:48:29+00
15,1335.3,2025-12-08 00:48:30+00
15,1335.2,2025-12-08 00:48:31+00
15,1335.7,2025-12-08 00:48:32+00
15,1335.3,2025-12-08 00:48:33+00
15,1336.4,2025-12-08 00:48:34+00
15,1334.5,2025-12-08 00:48:35+00
15,1334.1,2025-12-08 00:48:36+00
15,1333.4,2025-12-08 00:48:37+00
15,1336,2025-12-08 00:48:38+00
15,1336.6,2025-12-08 00:48:39+00
15,1339.6,2025-12-08 00:48:40+00
15,1334.6,2025-12-08 00:48:41+00
15,1333.1,2025-12-08 00:48:42+00
15,1333.7,2025-12-08 00:48:43+00
15,1334.5,2025-12-08 00:48:44+00
15,1340.2,2025-12-08 00:48:45+00
15,1333.7,2025-12-08 00:48:46+00
15,1332.6,2025-12-08 00:48:47+00
15,1333.8,2025-12-08 00:48:48+00
15,1332.6,2025-12-08 00:48:49+00
15,1332.6,2025-12-08 00:48:50+00
15,1333.6,2025-12-08 00:48:51+00
15,1332.3,2025-12-08 00:48:52+00
15,1336.3,2025-12-08 00:48:53+00
15,1335,2025-12-08 00:48:54+00
15,1333.1,2025-12-08 00:48:55+00
15,1331.9,2025-12-08 00:48:56+00
15,1341.2,2025-12-08 00:48:57+00
15,1342.3,2025-12-08 00:48:58+00
15,1332.9,2025-12-08 00:48:59+00
15,1336.5,2025-12-08 00:49:00+00
15,1337,2025-12-08 00:49:01+00
15,1340.9,2025-12-08 00:49:02+00
15,1336.7,2025-12-08 00:49:03+00
15,1337.3,2025-12-08 00:49:04+00
15,1335.3,2025-12-08 00:49:05+00
15,1337.4,2025-12-08 00:49:06+00
15,1334.6,2025-12-08 00:49:07+00
15,1337.6,2025-12-08 00:49:08+00
15,1335.1,2025-12-08 00:49:09+00
15,1333.9,2025-12-08 00:49:10+00
15,1335.3,2025-12-08 00:49:11+00
15,1337.1,2025-12-08 00:49:12+00
15,1332.7,2025-12-08 00:49:13+00
15,1335.1,2025-12-08 00:49:14+00
15,1339.4,2025-12-08 00:49:15+00
15,1336.1,2025-12-08 00:49:16+00
15,1335.7,2025-12-08 00:49:17+00
15,1335.7,2025-12-08 00:49:18+00
15,1336.9,2025-12-08 00:49:19+00
15,1338.9,2025-12-08 00:49:20+00
15,1343.1,2025-12-08 00:49:21+00
15,1333.2,2025-12-08 00:49:22+00
15,1338.1,2025-12-08 00:49:23+00
15,1334.2,2025-12-08 00:49:24+00
15,1334.6,2025-12-08 00:49:25+00
15,1335.6,2025-12-08 00:49:26+00
15,1333.4,2025-12-08 00:49:27+00
15,1334.5,2025-12-08 00:49:28+00
15,1335.3,2025-12-08 00:49:29+00
15,1335.6,2025-12-08 00:49:30+00
15,1334.8,2025-12-08 00:49:31+00
15,1341.5,2025-12-08 00:49:32+00
15,1344.3,2025-12-08 00:49:33+00
15,1341.6,2025-12-08 00:49:34+00
15,1344.1,2025-12-08 00:49:35+00
15,1342.3,2025-12-08 00:49:36+00
15,1337.5,2025-12-08 00:49:37+00
15,1336.4,2025-12-08 00:49:38+00
15,1334.9,2025-12-08 00:49:39+00
15,1338.2,2025-12-08 00:49:40+00
15,1337.4,2025-12-08 00:49:41+00
15,1375.2,2025-12-08 00:49:42+00
15,1427.7,2025-12-08 00:49:43+00
15,1416.9,2025-12-08 00:49:44+00
15,1417,2025-12-08 00:49:45+00
15,1413.7,2025-12-08 00:49:46+00
15,1414.9,2025-12-08 00:49:47+00
15,1414.3,2025-12-08 00:49:48+00
15,1412.1,2025-12-08 00:49:49+00
15,1414.2,2025-12-08 00:49:50+00
15,1415.2,2025-12-08 00:49:51+00
15,1416,2025-12-08 00:49:52+00
15,1416.4,2025-12-08 00:49:53+00
15,1415.9,2025-12-08 00:49:54+00
15,1415.5,2025-12-08 00:49:55+00
15,1418.5,2025-12-08 00:49:56+00
15,1416.8,2025-12-08 00:49:57+00
15,1431.7,2025-12-08 00:49:58+00
15,1420.9,2025-12-08 00:49:59+00
15,1421.9,2025-12-08 00:50:00+00
15,1419,2025-12-08 00:50:01+00
15,1425,2025-12-08 00:50:02+00
15,1422.3,2025-12-08 00:50:03+00
15,1419.9,2025-12-08 00:50:04+00
15,1423.3,2025-12-08 00:50:05+00
15,1419.4,2025-12-08 00:50:06+00
15,1419,2025-12-08 00:50:07+00
15,1419.5,2025-12-08 00:50:08+00
15,1422.7,2025-12-08 00:50:09+00
15,1422.1,2025-12-08 00:50:10+00
15,1423.7,2025-12-08 00:50:11+00
15,1425.7,2025-12-08 00:50:12+00
15,1425.7,2025-12-08 00:50:13+00
15,1430.2,2025-12-08 00:50:14+00
15,1421.9,2025-12-08 00:50:15+00
15,1439.6,2025-12-08 00:50:16+00
15,1426.2,2025-12-08 00:50:17+00
15,1422.5,2025-12-08 00:50:18+00
15,1424.1,2025-12-08 00:50:19+00
15,1429.6,2025-12-08 00:50:20+00
15,1430.8,2025-12-08 00:50:21+00
15,1425.8,2025-12-08 00:50:22+00
15,1421.5,2025-12-08 00:50:23+00
15,1433.6,2025-12-08 00:50:24+00
15,1417.8,2025-12-08 00:50:25+00
15,1419.9,2025-12-08 00:50:26+00
15,1421.9,2025-12-08 00:50:27+00
15,1422.7,2025-12-08 00:50:28+00
15,1425.8,2025-12-08 00:50:29+00
15,1421.1,2025-12-08 00:50:30+00
15,1421.3,2025-12-08 00:50:31+00
15,1429.7,2025-12-08 00:50:32+00
15,1421.7,2025-12-08 00:50:33+00
15,1420.3,2025-12-08 00:50:34+00
15,1492.9,2025-12-08 00:50:35+00
15,1516.8,2025-12-08 00:50:36+00
15,1512.2,2025-12-08 00:50:37+00
15,1516.4,2025-12-08 00:50:38+00
15,1515.1,2025-12-08 00:50:39+00
15,1521.7,2025-12-08 00:50:40+00
15,1520.5,2025-12-08 00:50:41+00
15,1529.5,2025-12-08 00:50:42+00
15,1521.2,2025-12-08 00:50:43+00
15,1528.2,2025-12-08 00:50:44+00
15,1526.3,2025-12-08 00:50:45+00
15,1523.6,2025-12-08 00:50:46+00
15,1524.4,2025-12-08 00:50:47+00
15,1520.6,2025-12-08 00:50:48+00
15,1521.6,2025-12-08 00:50:49+00
15,1534.1,2025-12-08 00:50:50+00
15,1527.5,2025-12-08 00:50:51+00
15,1525.8,2025-12-08 00:50:52+00
15,1526.9,2025-12-08 00:50:53+00
15,1521.8,2025-12-08 00:50:54+00
15,1521.4,2025-12-08 00:50:55+00
15,1529.3,2025-12-08 00:50:56+00
15,1527.4,2025-12-08 00:50:57+00
15,1527.5,2025-12-08 00:50:58+00
15,1528.7,2025-12-08 00:50:59+00
15,1528,2025-12-08 00:51:00+00
15,1535.7,2025-12-08 00:51:01+00
15,1537.2,2025-12-08 00:51:02+00
15,1534.8,2025-12-08 00:51:03+00
15,1536.1,2025-12-08 00:51:04+00
15,1535.5,2025-12-08 00:51:05+00
15,1538.8,2025-12-08 00:51:06+00
15,1531.7,2025-12-08 00:51:07+00
15,1533.1,2025-12-08 00:51:08+00
15,1532,2025-12-08 00:51:09+00
15,1530.3,2025-12-08 00:51:10+00
15,1533.9,2025-12-08 00:51:11+00
15,1561,2025-12-08 00:51:12+00
15,1628.6,2025-12-08 00:51:13+00
15,1639.1,2025-12-08 00:51:14+00
15,1638.2,2025-12-08 00:51:15+00
15,1645.7,2025-12-08 00:51:16+00
15,1649.2,2025-12-08 00:51:17+00
15,1639.8,2025-12-08 00:51:18+00
15,1647.9,2025-12-08 00:51:19+00
15,1649.1,2025-12-08 00:51:20+00
15,1649.1,2025-12-08 00:51:21+00
15,1646.4,2025-12-08 00:51:22+00
15,1642,2025-12-08 00:51:23+00
15,1637.5,2025-12-08 00:51:24+00
15,1639.1,2025-12-08 00:51:25+00
15,1639.9,2025-12-08 00:51:26+00
15,1645,2025-12-08 00:51:27+00
15,1653.8,2025-12-08 00:51:28+00
15,1644.9,2025-12-08 00:51:29+00
15,1644.5,2025-12-08 00:51:30+00
15,1641.6,2025-12-08 00:51:31+00
15,1640.7,2025-12-08 00:51:32+00
15,1642,2025-12-08 00:51:33+00
15,1640.5,2025-12-08 00:51:34+00
15,1640,2025-12-08 00:51:35+00
15,1638.1,2025-12-08 00:51:36+00
15,1634.2,2025-12-08 00:51:37+00
15,1640.4,2025-12-08 00:51:38+00
15,1636.8,2025-12-08 00:51:39+00
15,1657.5,2025-12-08 00:51:40+00
15,1639,2025-12-08 00:51:41+00
15,1635.9,2025-12-08 00:51:42+00
15,1648.1,2025-12-08 00:51:43+00
15,1641.3,2025-12-08 00:51:44+00
15,1642.5,2025-12-08 00:51:45+00
15,1641,2025-12-08 00:51:46+00
15,1640.2,2025-12-08 00:51:47+00
15,1637.4,2025-12-08 00:51:48+00
15,1641.4,2025-12-08 00:51:49+00
15,1637.8,2025-12-08 00:51:50+00
15,1644.1,2025-12-08 00:51:51+00
15,1640.6,2025-12-08 00:51:52+00
15,1638.9,2025-12-08 00:51:53+00
15,1638.7,2025-12-08 00:51:54+00
15,1639.7,2025-12-08 00:51:55+00
15,1638.5,2025-12-08 00:51:56+00
15,1640.1,2025-12-08 00:51:57+00
15,1634.4,2025-12-08 00:51:58+00
15,1639.9,2025-12-08 00:51:59+00
15,1636.1,2025-12-08 00:52:00+00
15,1642.1,2025-12-08 00:52:01+00
15,1638.2,2025-12-08 00:52:02+00
15,1633.7,2025-12-08 00:52:03+00
15,1638.7,2025-12-08 00:52:04+00
15,1639.8,2025-12-08 00:52:05+00
15,1639.6,2025-12-08 00:52:06+00
15,1637.8,2025-12-08 00:52:07+00
15,1639,2025-12-08 00:52:08+00
15,1633.6,2025-12-08 00:52:09+00
15,1641.7,2025-12-08 00:52:10+00
15,1639.6,2025-12-08 00:52:11+00
15,1640.5,2025-12-08 00:52:12+00
15,1636.6,2025-12-08 00:52:13+00
15,1643.2,2025-12-08 00:52:14+00
15,1640.2,2025-12-08 00:52:15+00
15,1635.6,2025-12-08 00:52:16+00
15,1636.7,2025-12-08 00:52:17+00
15,1635.5,2025-12-08 00:52:18+00
15,1636.5,2025-12-08 00:52:19+00
15,1645.9,2025-12-08 00:52:20+00
15,1645.5,2025-12-08 00:52:21+00
15,1642.4,2025-12-08 00:52:22+00
15,1641.2,2025-12-08 00:52:23+00
15,1637.8,2025-12-08 00:52:24+00
15,1636.4,2025-12-08 00:52:25+00
15,1637.7,2025-12-08 00:52:26+00
15,1638.2,2025-12-08 00:52:27+00
15,1643.8,2025-12-08 00:52:28+00
15,1641,2025-12-08 00:52:29+00
15,1637.9,2025-12-08 00:52:30+00
15,1639.3,2025-12-08 00:52:31+00
15,1638.4,2025-12-08 00:52:32+00
15,1637.4,2025-12-08 00:52:33+00
15,1638.3,2025-12-08 00:52:34+00
15,1637.9,2025-12-08 00:52:35+00
15,1638.1,2025-12-08 00:52:36+00
15,1638.9,2025-12-08 00:52:37+00
15,1642.1,2025-12-08 00:52:38+00
15,1637.6,2025-12-08 00:52:39+00
15,1642.5,2025-12-08 00:52:40+00
15,1640.1,2025-12-08 00:52:41+00
15,1638.5,2025-12-08 00:52:42+00
15,1635.7,2025-12-08 00:52:43+00
15,1643.1,2025-12-08 00:52:44+00
15,1639.3,2025-12-08 00:52:45+00
15,1639.7,2025-12-08 00:52:46+00
15,1639,2025-12-08 00:52:47+00
15,1640.4,2025-12-08 00:52:48+00
15,1638.6,2025-12-08 00:52:49+00
15,1644,2025-12-08 00:52:50+00
15,1638.9,2025-12-08 00:52:51+00
15,1641.2,2025-12-08 00:52:52+00
15,1640.9,2025-12-08 00:52:53+00
15,1640.5,2025-12-08 00:52:54+00
15,1641.6,2025-12-08 00:52:55+00
15,1637.9,2025-12-08 00:52:56+00
15,1641.8,2025-12-08 00:52:57+00
15,1637.1,2025-12-08 00:52:58+00
15,1638.4,2025-12-08 00:52:59+00
15,1644.7,2025-12-08 00:53:00+00
15,1641.3,2025-12-08 00:53:01+00
15,1641.7,2025-12-08 00:53:02+00
15,1637.9,2025-12-08 00:53:03+00
15,1637.1,2025-12-08 00:53:04+00
15,1638.6,2025-12-08 00:53:05+00
15,1638.8,2025-12-08 00:53:06+00
15,1635.5,2025-12-08 00:53:07+00
15,1644.3,2025-12-08 00:53:08+00
15,1640.5,2025-12-08 00:53:09+00
15,1640.9,2025-12-08 00:53:10+00
15,1638.2,2025-12-08 00:53:11+00
15,1661.8,2025-12-08 00:53:12+00
15,1644.6,2025-12-08 00:53:13+00
15,1642.3,2025-12-08 00:53:14+00
15,1636.1,2025-12-08 00:53:15+00
15,1645.1,2025-12-08 00:53:16+00
15,1637,2025-12-08 00:53:17+00
15,1642.4,2025-12-08 00:53:18+00
15,1639.9,2025-12-08 00:53:19+00
15,1649.3,2025-12-08 00:53:20+00
15,1644.7,2025-12-08 00:53:21+00
15,1642.1,2025-12-08 00:53:22+00
15,1640.6,2025-12-08 00:53:23+00
15,1641.4,2025-12-08 00:53:24+00
15,1638.8,2025-12-08 00:53:25+00
15,1639.6,2025-12-08 00:53:26+00
15,1637.8,2025-12-08 00:53:27+00
15,1638.9,2025-12-08 00:53:28+00
15,1643,2025-12-08 00:53:29+00
15,1642.9,2025-12-08 00:53:30+00
15,1641.9,2025-12-08 00:53:31+00
15,1724.5,2025-12-08 00:53:32+00
15,1692,2025-12-08 00:53:33+00
15,1668.6,2025-12-08 00:53:34+00
15,1668.7,2025-12-08 00:53:35+00
15,1667,2025-12-08 00:53:36+00
15,1666.9,2025-12-08 00:53:37+00
15,1667.8,2025-12-08 00:53:38+00
15,1671.4,2025-12-08 00:53:39+00
15,1666.8,2025-12-08 00:53:40+00
15,1666.9,2025-12-08 00:53:41+00
15,1666.5,2025-12-08 00:53:42+00
15,1668.4,2025-12-08 00:53:43+00
15,1678.9,2025-12-08 00:53:44+00
15,1677.9,2025-12-08 00:53:45+00
15,1670.7,2025-12-08 00:53:46+00
15,1668.3,2025-12-08 00:53:47+00
15,1669.8,2025-12-08 00:53:48+00
15,1667.8,2025-12-08 00:53:49+00
15,1674.3,2025-12-08 00:53:50+00
15,1675.4,2025-12-08 00:53:51+00
15,1670.5,2025-12-08 00:53:52+00
15,1669.5,2025-12-08 00:53:53+00
15,1669.7,2025-12-08 00:53:54+00
15,1670.3,2025-12-08 00:53:55+00
15,1674.1,2025-12-08 00:53:56+00
15,1667.3,2025-12-08 00:53:57+00
15,1676.3,2025-12-08 00:53:58+00
15,1670.2,2025-12-08 00:53:59+00
15,1671.5,2025-12-08 00:54:00+00
15,1671.7,2025-12-08 00:54:01+00
15,1669.6,2025-12-08 00:54:02+00
15,1669.6,2025-12-08 00:54:03+00
15,1670.5,2025-12-08 00:54:04+00
15,1670.4,2025-12-08 00:54:05+00
15,1668.6,2025-12-08 00:54:06+00
15,1670.4,2025-12-08 00:54:07+00
15,1669.8,2025-12-08 00:54:08+00
15,1668.8,2025-12-08 00:54:09+00
15,1669.5,2025-12-08 00:54:10+00
15,1669,2025-12-08 00:54:11+00
15,1664.9,2025-12-08 00:54:12+00
15,1666.3,2025-12-08 00:54:13+00
15,1672.8,2025-12-08 00:54:14+00
15,1669,2025-12-08 00:54:15+00
15,1669.5,2025-12-08 00:54:16+00
15,1667,2025-12-08 00:54:17+00
15,1666.4,2025-12-08 00:54:18+00
15,1668.4,2025-12-08 00:54:19+00
15,1676.6,2025-12-08 00:54:20+00
15,1671,2025-12-08 00:54:21+00
15,1673.2,2025-12-08 00:54:22+00
15,1670.3,2025-12-08 00:54:23+00
15,1666.5,2025-12-08 00:54:24+00
15,1665.1,2025-12-08 00:54:25+00
15,1667.5,2025-12-08 00:54:26+00
15,1665.1,2025-12-08 00:54:27+00
15,1665.3,2025-12-08 00:54:28+00
15,1666.6,2025-12-08 00:54:29+00
15,1672.3,2025-12-08 00:54:30+00
15,1664.8,2025-12-08 00:54:31+00
15,1670.2,2025-12-08 00:54:32+00
15,1663.2,2025-12-08 00:54:33+00
15,1666.2,2025-12-08 00:54:34+00
15,1666.5,2025-12-08 00:54:35+00
15,1674,2025-12-08 00:54:36+00
15,1666.3,2025-12-08 00:54:37+00
15,1665,2025-12-08 00:54:38+00
15,1663.7,2025-12-08 00:54:39+00
15,1665.3,2025-12-08 00:54:40+00
15,1666.1,2025-12-08 00:54:41+00
15,1666.5,2025-12-08 00:54:42+00
15,1673.4,2025-12-08 00:54:43+00
15,1666.5,2025-12-08 00:54:44+00
15,1664.3,2025-12-08 00:54:45+00
15,1664.7,2025-12-08 00:54:46+00
15,1671,2025-12-08 00:54:47+00
15,1668.6,2025-12-08 00:54:48+00
15,1666.3,2025-12-08 00:54:49+00
15,1665.3,2025-12-08 00:54:50+00
15,1665.7,2025-12-08 00:54:51+00
15,1671,2025-12-08 00:54:52+00
15,1670.4,2025-12-08 00:54:53+00
15,1666.8,2025-12-08 00:54:54+00
15,1666.5,2025-12-08 00:54:55+00
15,1657.6,2025-12-08 00:54:56+00
15,1666.1,2025-12-08 00:54:57+00
15,1668.6,2025-12-08 00:54:58+00
15,1665.8,2025-12-08 00:54:59+00
15,1668.5,2025-12-08 00:55:00+00
15,1672.9,2025-12-08 00:55:01+00
15,1679,2025-12-08 00:55:02+00
15,1675.6,2025-12-08 00:55:03+00
15,1672.2,2025-12-08 00:55:04+00
15,1673.9,2025-12-08 00:55:05+00
15,1665.5,2025-12-08 00:55:06+00
15,1674.3,2025-12-08 00:55:07+00
15,1671.8,2025-12-08 00:55:08+00
15,1671.5,2025-12-08 00:55:09+00
15,1674.3,2025-12-08 00:55:10+00
15,1679.4,2025-12-08 00:55:11+00
15,1674.7,2025-12-08 00:55:12+00
15,1675.6,2025-12-08 00:55:13+00
15,1675.1,2025-12-08 00:55:14+00
15,1673.7,2025-12-08 00:55:15+00
15,1672.8,2025-12-08 00:55:16+00
15,1701.8,2025-12-08 00:55:17+00
15,1671.7,2025-12-08 00:55:18+00
15,1678.3,2025-12-08 00:55:19+00
15,1681.1,2025-12-08 00:55:20+00
15,1675.8,2025-12-08 00:55:21+00
15,1676.9,2025-12-08 00:55:22+00
15,1672.9,2025-12-08 00:55:23+00
15,1668.3,2025-12-08 00:55:24+00
15,1671.4,2025-12-08 00:55:25+00
15,1667.9,2025-12-08 00:55:26+00
15,1668.5,2025-12-08 00:55:27+00
15,1676.9,2025-12-08 00:55:28+00
15,1672.1,2025-12-08 00:55:29+00
15,1670.6,2025-12-08 00:55:30+00
15,1676,2025-12-08 00:55:31+00
15,1671.5,2025-12-08 00:55:32+00
15,1669.4,2025-12-08 00:55:33+00
15,1673.1,2025-12-08 00:55:34+00
15,1672.7,2025-12-08 00:55:35+00
15,1672.5,2025-12-08 00:55:36+00
15,1672.9,2025-12-08 00:55:37+00
15,1670.5,2025-12-08 00:55:38+00
15,1666.2,2025-12-08 00:55:39+00
15,1685,2025-12-08 00:55:40+00
15,1672.9,2025-12-08 00:55:41+00
15,1673.1,2025-12-08 00:55:42+00
15,1673.6,2025-12-08 00:55:43+00
15,1673.8,2025-12-08 00:55:44+00
15,1685,2025-12-08 00:55:45+00
15,1676.8,2025-12-08 00:55:46+00
15,1678.4,2025-12-08 00:55:47+00
15,1671.9,2025-12-08 00:55:48+00
15,1673.1,2025-12-08 00:55:49+00
15,1671.2,2025-12-08 00:55:50+00
15,1674.7,2025-12-08 00:55:51+00
15,1676.7,2025-12-08 00:55:52+00
15,1678.3,2025-12-08 00:55:53+00
15,1669.6,2025-12-08 00:55:54+00
15,1671.2,2025-12-08 00:55:55+00
15,1671.2,2025-12-08 00:55:56+00
15,1671.3,2025-12-08 00:55:57+00
15,1676.1,2025-12-08 00:55:58+00
15,1675.8,2025-12-08 00:55:59+00
15,1686.5,2025-12-08 00:56:00+00
15,1678.4,2025-12-08 00:56:01+00
15,1675.4,2025-12-08 00:56:02+00
15,1674.3,2025-12-08 00:56:03+00
15,1674.5,2025-12-08 00:56:04+00
15,1673.1,2025-12-08 00:56:05+00
15,1671.4,2025-12-08 00:56:06+00
15,1673.3,2025-12-08 00:56:07+00
15,1672.3,2025-12-08 00:56:08+00
15,1672.4,2025-12-08 00:56:09+00
15,1671.6,2025-12-08 00:56:10+00
15,1670.2,2025-12-08 00:56:11+00
15,1678.5,2025-12-08 00:56:12+00
15,1677,2025-12-08 00:56:13+00
15,1672.4,2025-12-08 00:56:14+00
15,1670.5,2025-12-08 00:56:15+00
15,1673.6,2025-12-08 00:56:16+00
15,1674.3,2025-12-08 00:56:17+00
15,1675.4,2025-12-08 00:56:18+00
15,1673.4,2025-12-08 00:56:19+00
15,1681,2025-12-08 00:56:20+00
15,1677,2025-12-08 00:56:21+00
15,1680.1,2025-12-08 00:56:22+00
15,1678.4,2025-12-08 00:56:23+00
15,1675.7,2025-12-08 00:56:24+00
15,1675.8,2025-12-08 00:56:25+00
15,1678.6,2025-12-08 00:56:26+00
15,1671.7,2025-12-08 00:56:27+00
15,1676.7,2025-12-08 00:56:28+00
15,1676.5,2025-12-08 00:56:29+00
15,1676.7,2025-12-08 00:56:30+00
15,1673.4,2025-12-08 00:56:31+00
15,1671.4,2025-12-08 00:56:32+00
15,1676.8,2025-12-08 00:56:33+00
15,1678.6,2025-12-08 00:56:34+00
15,1687.3,2025-12-08 00:56:35+00
15,1682.4,2025-12-08 00:56:36+00
15,1675.2,2025-12-08 00:56:37+00
15,1673.4,2025-12-08 00:56:38+00
15,1681.7,2025-12-08 00:56:39+00
15,1676.5,2025-12-08 00:56:40+00
15,1674.2,2025-12-08 00:56:41+00
15,1674.7,2025-12-08 00:56:42+00
15,1675.8,2025-12-08 00:56:43+00
15,1682.3,2025-12-08 00:56:44+00
15,1676.5,2025-12-08 00:56:45+00
15,1680.7,2025-12-08 00:56:46+00
15,1675.5,2025-12-08 00:56:47+00
15,1676.5,2025-12-08 00:56:48+00
15,1679.5,2025-12-08 00:56:49+00
15,1677.4,2025-12-08 00:56:50+00
15,1674.6,2025-12-08 00:56:51+00
15,1674.5,2025-12-08 00:56:52+00
15,1674.8,2025-12-08 00:56:53+00
15,1676,2025-12-08 00:56:54+00
15,1678.3,2025-12-08 00:56:55+00
15,1676,2025-12-08 00:56:56+00
15,1675.8,2025-12-08 00:56:57+00
15,1676.8,2025-12-08 00:56:58+00
15,1681.2,2025-12-08 00:56:59+00
15,1682.1,2025-12-08 00:57:00+00
15,1684.2,2025-12-08 00:57:01+00
15,1683.1,2025-12-08 00:57:02+00
15,1681.7,2025-12-08 00:57:03+00
15,1684.4,2025-12-08 00:57:04+00
15,1689.4,2025-12-08 00:57:05+00
15,1689.2,2025-12-08 00:57:06+00
15,1678.1,2025-12-08 00:57:07+00
15,1677,2025-12-08 00:57:08+00
15,1681.6,2025-12-08 00:57:09+00
15,1685.5,2025-12-08 00:57:10+00
15,1680.7,2025-12-08 00:57:11+00
15,1681.8,2025-12-08 00:57:12+00
15,1697.8,2025-12-08 00:57:13+00
15,1682.3,2025-12-08 00:57:14+00
15,1684.3,2025-12-08 00:57:15+00
15,1681.6,2025-12-08 00:57:16+00
15,1681.4,2025-12-08 00:57:17+00
15,1684,2025-12-08 00:57:18+00
15,1682.9,2025-12-08 00:57:19+00
15,1688.6,2025-12-08 00:57:20+00
15,1692,2025-12-08 00:57:21+00
15,1690.2,2025-12-08 00:57:22+00
15,1688.6,2025-12-08 00:57:23+00
15,1682.9,2025-12-08 00:57:24+00
15,1682.3,2025-12-08 00:57:25+00
15,1687.4,2025-12-08 00:57:26+00
15,1684.7,2025-12-08 00:57:27+00
15,1685,2025-12-08 00:57:28+00
15,1684.2,2025-12-08 00:57:29+00
15,1683.2,2025-12-08 00:57:30+00
15,1689.5,2025-12-08 00:57:31+00
15,1694,2025-12-08 00:57:32+00
15,1690.3,2025-12-08 00:57:33+00
15,1709.1,2025-12-08 00:57:34+00
15,1693.4,2025-12-08 00:57:35+00
15,1689,2025-12-08 00:57:36+00
15,1692.4,2025-12-08 00:57:37+00
15,1692.7,2025-12-08 00:57:38+00
15,1692.3,2025-12-08 00:57:39+00
15,1691.7,2025-12-08 00:57:40+00
15,1694.1,2025-12-08 00:57:41+00
15,1693.3,2025-12-08 00:57:42+00
15,1695.3,2025-12-08 00:57:43+00
15,1696.1,2025-12-08 00:57:44+00
15,1695.8,2025-12-08 00:57:45+00
15,1693.2,2025-12-08 00:57:46+00
15,1694.2,2025-12-08 00:57:47+00
15,1691.7,2025-12-08 00:57:48+00
15,1691.2,2025-12-08 00:57:49+00
15,1697.3,2025-12-08 00:57:50+00
15,1695.3,2025-12-08 00:57:51+00
15,1691.6,2025-12-08 00:57:52+00
15,1692.8,2025-12-08 00:57:53+00
15,1693.6,2025-12-08 00:57:54+00
15,1694,2025-12-08 00:57:55+00
15,1694.7,2025-12-08 00:57:56+00
15,1691.9,2025-12-08 00:57:57+00
15,1703.1,2025-12-08 00:57:58+00
15,1701.1,2025-12-08 00:57:59+00
15,1696.5,2025-12-08 00:58:00+00
15,1706.2,2025-12-08 00:58:01+00
15,1699.7,2025-12-08 00:58:02+00
15,1718.1,2025-12-08 00:58:03+00
15,1700.2,2025-12-08 00:58:04+00
15,1698.6,2025-12-08 00:58:05+00
15,1697.6,2025-12-08 00:58:06+00
15,1701.6,2025-12-08 00:58:07+00
15,1700,2025-12-08 00:58:08+00
15,1697.8,2025-12-08 00:58:09+00
15,1698.4,2025-12-08 00:58:10+00
15,1698.8,2025-12-08 00:58:11+00
15,1702.8,2025-12-08 00:58:12+00
15,1709.4,2025-12-08 00:58:13+00
15,1700.7,2025-12-08 00:58:14+00
15,1699.7,2025-12-08 00:58:15+00
15,1702,2025-12-08 00:58:16+00
15,1697.4,2025-12-08 00:58:17+00
15,1700.4,2025-12-08 00:58:18+00
15,1716.4,2025-12-08 00:58:19+00
15,1741.5,2025-12-08 00:58:20+00
15,1709,2025-12-08 00:58:21+00
15,1723.9,2025-12-08 00:58:22+00
15,1710.5,2025-12-08 00:58:23+00
15,1708.7,2025-12-08 00:58:24+00
15,1709.3,2025-12-08 00:58:25+00
15,1704.6,2025-12-08 00:58:26+00
15,1701.8,2025-12-08 00:58:27+00
15,1707.8,2025-12-08 00:58:28+00
15,1711.3,2025-12-08 00:58:29+00
15,1710.5,2025-12-08 00:58:30+00
15,1710.9,2025-12-08 00:58:31+00
15,1710.3,2025-12-08 00:58:32+00
15,1707.7,2025-12-08 00:58:33+00
15,1712.4,2025-12-08 00:58:34+00
15,1714.6,2025-12-08 00:58:35+00
15,1713.3,2025-12-08 00:58:36+00
15,1715.9,2025-12-08 00:58:37+00
15,1716.8,2025-12-08 00:58:38+00
15,1715.2,2025-12-08 00:58:39+00
15,1734.8,2025-12-08 00:58:40+00
15,1718.9,2025-12-08 00:58:41+00
15,1708.2,2025-12-08 00:58:42+00
15,1716.4,2025-12-08 00:58:43+00
15,1712.3,2025-12-08 00:58:44+00
15,1714.1,2025-12-08 00:58:45+00
15,1728,2025-12-08 00:58:46+00
15,1713.3,2025-12-08 00:58:47+00
15,1716.1,2025-12-08 00:58:48+00
15,1714.3,2025-12-08 00:58:49+00
15,1713.6,2025-12-08 00:58:50+00
15,1718.7,2025-12-08 00:58:51+00
15,1715.3,2025-12-08 00:58:52+00
15,1716.3,2025-12-08 00:58:53+00
15,1715.9,2025-12-08 00:58:54+00
15,1719.5,2025-12-08 00:58:55+00
15,1724.5,2025-12-08 00:58:56+00
15,1717.6,2025-12-08 00:58:57+00
15,1729.8,2025-12-08 00:58:58+00
15,1719.6,2025-12-08 00:58:59+00
15,1719.8,2025-12-08 00:59:00+00
15,1727.4,2025-12-08 00:59:01+00
15,1723.1,2025-12-08 00:59:02+00
15,1723.4,2025-12-08 00:59:03+00
15,1726.1,2025-12-08 00:59:04+00
15,1721.8,2025-12-08 00:59:05+00
15,1724.8,2025-12-08 00:59:06+00
15,1736.3,2025-12-08 00:59:07+00
15,1727.3,2025-12-08 00:59:08+00
15,1725.1,2025-12-08 00:59:09+00
15,1728.4,2025-12-08 00:59:10+00
15,1727.1,2025-12-08 00:59:11+00
15,1729.7,2025-12-08 00:59:12+00
15,1736.6,2025-12-08 00:59:13+00
15,1734.7,2025-12-08 00:59:14+00
15,1727.7,2025-12-08 00:59:15+00
15,1730.1,2025-12-08 00:59:16+00
15,1730.4,2025-12-08 00:59:17+00
15,1732.1,2025-12-08 00:59:18+00
15,1734.5,2025-12-08 00:59:19+00
15,1739.4,2025-12-08 00:59:20+00
15,1738.7,2025-12-08 00:59:21+00
15,1739.5,2025-12-08 00:59:22+00
15,1731.2,2025-12-08 00:59:23+00
15,1732.2,2025-12-08 00:59:24+00
15,1734.8,2025-12-08 00:59:25+00
15,1732.6,2025-12-08 00:59:26+00
15,1742,2025-12-08 00:59:27+00
15,1741.3,2025-12-08 00:59:28+00
15,1734.7,2025-12-08 00:59:29+00
15,1733.4,2025-12-08 00:59:30+00
15,1735,2025-12-08 00:59:31+00
15,1735.9,2025-12-08 00:59:32+00
15,1742.7,2025-12-08 00:59:33+00
15,1737.1,2025-12-08 00:59:34+00
15,1752.7,2025-12-08 00:59:35+00
15,1735.7,2025-12-08 00:59:36+00
15,1736.9,2025-12-08 00:59:37+00
15,1737.2,2025-12-08 00:59:38+00
15,1737.1,2025-12-08 00:59:39+00
15,1742.8,2025-12-08 00:59:40+00
15,1743.9,2025-12-08 00:59:41+00
15,1738,2025-12-08 00:59:42+00
15,1746,2025-12-08 00:59:43+00
15,1743.7,2025-12-08 00:59:44+00
15,1742.6,2025-12-08 00:59:45+00
15,1737.1,2025-12-08 00:59:46+00
15,1737.8,2025-12-08 00:59:47+00
15,1740.8,2025-12-08 00:59:48+00
15,1745,2025-12-08 00:59:49+00
15,1743.3,2025-12-08 00:59:50+00
15,1766.3,2025-12-08 00:59:51+00
15,1741.8,2025-12-08 00:59:52+00
15,1740.3,2025-12-08 00:59:53+00
15,1743.7,2025-12-08 00:59:54+00
15,1742.5,2025-12-08 00:59:55+00
15,1741.7,2025-12-08 00:59:56+00
15,1741.4,2025-12-08 00:59:57+00
15,1746,2025-12-08 00:59:58+00
15,1760.6,2025-12-08 00:59:59+00
