sensor_id,aprt_power,sensor_timestamp
1,699.6,2025-12-08 00:00:00+00
1,710.8,2025-12-08 00:00:01+00
1,695.3,2025-12-08 00:00:02+00
1,695.3,2025-12-08 00:00:03+00
1,693.7,2025-12-08 00:00:04+00
1,695.2,2025-12-08 00:00:05+00
1,694.9,2025-12-08 00:00:06+00
1,694.4,2025-12-08 00:00:07+00
1,693.6,2025-12-08 00:00:08+00
1,700.2,2025-12-08 00:00:09+00
1,702.3,2025-12-08 00:00:10+00
1,694.8,2025-12-08 00:00:11+00
1,694.7,2025-12-08 00:00:12+00
1,693.1,2025-12-08 00:00:13+00
1,695.3,2025-12-08 00:00:14+00
1,693.7,2025-12-08 00:00:15+00
1,694.5,2025-12-08 00:00:16+00
1,694.6,2025-12-08 00:00:17+00
1,696.1,2025-12-08 00:00:18+00
1,708.9,2025-12-08 00:00:19+00
1,697.9,2025-12-08 00:00:20+00
1,701.4,2025-12-08 00:00:21+00
1,695,2025-12-08 00:00:22+00
1,695.6,2025-12-08 00:00:23+00
1,695.7,2025-12-08 00:00:24+00
1,690.8,2025-12-08 00:00:25+00
1,693.2,2025-12-08 00:00:26+00
1,713.7,2025-12-08 00:00:27+00
1,695.1,2025-12-08 00:00:28+00
1,694.1,2025-12-08 00:00:29+00
1,691.4,2025-12-08 00:00:30+00
1,690.4,2025-12-08 00:00:31+00
1,695.3,2025-12-08 00:00:32+00
1,827.1,2025-12-08 00:00:33+00
1,797.3,2025-12-08 00:00:34+00
1,803.6,2025-12-08 00:00:35+00
1,796.7,2025-12-08 00:00:36+00
1,704.4,2025-12-08 00:00:37+00
1,792.7,2025-12-08 00:00:38+00
1,850.3,2025-12-08 00:00:39+00
1,808.5,2025-12-08 00:00:40+00
1,810.8,2025-12-08 00:00:41+00
1,809.5,2025-12-08 00:00:42+00
1,799.3,2025-12-08 00:00:43+00
1,797.1,2025-12-08 00:00:44+00
1,794.5,2025-12-08 00:00:45+00
1,799,2025-12-08 00:00:46+00
1,795.6,2025-12-08 00:00:47+00
1,799.2,2025-12-08 00:00:48+00
1,795.9,2025-12-08 00:00:49+00
1,797.5,2025-12-08 00:00:50+00
1,801.1,2025-12-08 00:00:51+00
1,800.3,2025-12-08 00:00:52+00
1,796.4,2025-12-08 00:00:53+00
1,796.5,2025-12-08 00:00:54+00
1,799.2,2025-12-08 00:00:55+00
1,798.3,2025-12-08 00:00:56+00
1,799.4,2025-12-08 00:00:57+00
1,798.7,2025-12-08 00:00:58+00
1,798.8,2025-12-08 00:00:59+00
1,1210.914286,2025-12-08 00:01:00+00
1,1210.914286,2025-12-08 00:01:01+00
1,1210.914286,2025-12-08 00:01:02+00
1,1210.914286,2025-12-08 00:01:03+00
1,801,2025-12-08 00:01:04+00
1,1026.4,2025-12-08 00:01:05+00
1,1181,2025-12-08 00:01:06+00
1,1017.9,2025-12-08 00:01:07+00
1,998.6,2025-12-08 00:01:08+00
1,1076.1,2025-12-08 00:01:09+00
1,1009.1,2025-12-08 00:01:10+00
1,1058.5,2025-12-08 00:01:11+00
1,1085.7,2025-12-08 00:01:12+00
1,1110.5,2025-12-08 00:01:13+00
1,1138.4,2025-12-08 00:01:14+00
1,1162.7,2025-12-08 00:01:15+00
1,1179.2,2025-12-08 00:01:16+00
1,1200,2025-12-08 00:01:17+00
1,1217.7,2025-12-08 00:01:18+00
1,1231.6,2025-12-08 00:01:19+00
1,1241.7,2025-12-08 00:01:20+00
1,1244.7,2025-12-08 00:01:21+00
1,1240,2025-12-08 00:01:22+00
1,1247,2025-12-08 00:01:23+00
1,1251.8,2025-12-08 00:01:24+00
1,1247.7,2025-12-08 00:01:25+00
1,1245.2,2025-12-08 00:01:26+00
1,1251.2,2025-12-08 00:01:27+00
1,1250.8,2025-12-08 00:01:28+00
1,1253,2025-12-08 00:01:29+00
1,1248.4,2025-12-08 00:01:30+00
1,1245.4,2025-12-08 00:01:31+00
1,1245.5,2025-12-08 00:01:32+00
1,1246.1,2025-12-08 00:01:33+00
1,1248.1,2025-12-08 00:01:34+00
1,1249.2,2025-12-08 00:01:35+00
1,1250.9,2025-12-08 00:01:36+00
1,1243,2025-12-08 00:01:37+00
1,1243.8,2025-12-08 00:01:38+00
1,1248.7,2025-12-08 00:01:39+00
1,1249.9,2025-12-08 00:01:40+00
1,1249.9,2025-12-08 00:01:41+00
1,1255.7,2025-12-08 00:01:42+00
1,1259.2,2025-12-08 00:01:43+00
1,1257.6,2025-12-08 00:01:44+00
1,1266,2025-12-08 00:01:45+00
1,1267.9,2025-12-08 00:01:46+00
1,1266.5,2025-12-08 00:01:47+00
1,1269.9,2025-12-08 00:01:48+00
1,1267.9,2025-12-08 00:01:49+00
1,1269.7,2025-12-08 00:01:50+00
1,1274.2,2025-12-08 00:01:51+00
1,1274.1,2025-12-08 00:01:52+00
1,1271.6,2025-12-08 00:01:53+00
1,1274.6,2025-12-08 00:01:54+00
1,1273.1,2025-12-08 00:01:55+00
1,1273.5,2025-12-08 00:01:56+00
1,1279.1,2025-12-08 00:01:57+00
1,1277.1,2025-12-08 00:01:58+00
1,1297.1,2025-12-08 00:01:59+00
1,1279.1,2025-12-08 00:02:00+00
1,1272.2,2025-12-08 00:02:01+00
1,1270.8,2025-12-08 00:02:02+00
1,1271.8,2025-12-08 00:02:03+00
1,1271.3,2025-12-08 00:02:04+00
1,1270.7,2025-12-08 00:02:05+00
1,1272.9,2025-12-08 00:02:06+00
1,1276.5,2025-12-08 00:02:07+00
1,1268.7,2025-12-08 00:02:08+00
1,1267.4,2025-12-08 00:02:09+00
1,1270.3,2025-12-08 00:02:10+00
1,1266.6,2025-12-08 00:02:11+00
1,1271.5,2025-12-08 00:02:12+00
1,1267.8,2025-12-08 00:02:13+00
1,1268.8,2025-12-08 00:02:14+00
1,1288.2,2025-12-08 00:02:15+00
1,1267.6,2025-12-08 00:02:16+00
1,1271.8,2025-12-08 00:02:17+00
1,1272.5,2025-12-08 00:02:18+00
1,1277.3,2025-12-08 00:02:19+00
1,1277.5,2025-12-08 00:02:20+00
1,1280.7,2025-12-08 00:02:21+00
1,1274.7,2025-12-08 00:02:22+00
1,1274.9,2025-12-08 00:02:23+00
1,1278.8,2025-12-08 00:02:24+00
1,1271.3,2025-12-08 00:02:25+00
1,1271.4,2025-12-08 00:02:26+00
1,1276.4,2025-12-08 00:02:27+00
1,1275.2,2025-12-08 00:02:28+00
1,1276.9,2025-12-08 00:02:29+00
1,1274.4,2025-12-08 00:02:30+00
1,1268.6,2025-12-08 00:02:31+00
1,1269.6,2025-12-08 00:02:32+00
1,1274,2025-12-08 00:02:33+00
1,1270.5,2025-12-08 00:02:34+00
1,1271.8,2025-12-08 00:02:35+00
1,1270.9,2025-12-08 00:02:36+00
1,1269.2,2025-12-08 00:02:37+00
1,1271.1,2025-12-08 00:02:38+00
1,1273.3,2025-12-08 00:02:39+00
1,1272.9,2025-12-08 00:02:40+00
1,1277.5,2025-12-08 00:02:41+00
1,1269.7,2025-12-08 00:02:42+00
1,1266.1,2025-12-08 00:02:43+00
1,1271,2025-12-08 00:02:44+00
1,1269.3,2025-12-08 00:02:45+00
1,1272.8,2025-12-08 00:02:46+00
1,1274.3,2025-12-08 00:02:47+00
1,1269.5,2025-12-08 00:02:48+00
1,1268.6,2025-12-08 00:02:49+00
1,1269.2,2025-12-08 00:02:50+00
1,1272.9,2025-12-08 00:02:51+00
1,1269.6,2025-12-08 00:02:52+00
1,1269.1,2025-12-08 00:02:53+00
1,1265.1,2025-12-08 00:02:54+00
1,1269,2025-12-08 00:02:55+00
1,1269,2025-12-08 00:02:56+00
1,1273.6,2025-12-08 00:02:57+00
1,1269.1,2025-12-08 00:02:58+00
1,1277.4,2025-12-08 00:02:59+00
1,1271.2,2025-12-08 00:03:00+00
1,1273.9,2025-12-08 00:03:01+00
1,1271.9,2025-12-08 00:03:02+00
1,1269.8,2025-12-08 00:03:03+00
1,1285.8,2025-12-08 00:03:04+00
1,1270.1,2025-12-08 00:03:05+00
1,1291.2,2025-12-08 00:03:06+00
1,1266.4,2025-12-08 00:03:07+00
1,1264.3,2025-12-08 00:03:08+00
1,1275.5,2025-12-08 00:03:09+00
1,1272.3,2025-12-08 00:03:10+00
1,1268.3,2025-12-08 00:03:11+00
1,1271.6,2025-12-08 00:03:12+00
1,1267.8,2025-12-08 00:03:13+00
1,1269.1,2025-12-08 00:03:14+00
1,1279.5,2025-12-08 00:03:15+00
1,1265.1,2025-12-08 00:03:16+00
1,1267.3,2025-12-08 00:03:17+00
1,1271.7,2025-12-08 00:03:18+00
1,1273.7,2025-12-08 00:03:19+00
1,1271.5,2025-12-08 00:03:20+00
1,1275.9,2025-12-08 00:03:21+00
1,1274.3,2025-12-08 00:03:22+00
1,1280.4,2025-12-08 00:03:23+00
1,1283.8,2025-12-08 00:03:24+00
1,1263.9,2025-12-08 00:03:25+00
1,1270.2,2025-12-08 00:03:26+00
1,1307.2,2025-12-08 00:03:27+00
1,1400.8,2025-12-08 00:03:28+00
1,1377.4,2025-12-08 00:03:29+00
1,1377.1,2025-12-08 00:03:30+00
1,1377.2,2025-12-08 00:03:31+00
1,1377.5,2025-12-08 00:03:32+00
1,1380.9,2025-12-08 00:03:33+00
1,1385.2,2025-12-08 00:03:34+00
1,1390.8,2025-12-08 00:03:35+00
1,1366.7,2025-12-08 00:03:36+00
1,1379.2,2025-12-08 00:03:37+00
1,1378.3,2025-12-08 00:03:38+00
1,1380.6,2025-12-08 00:03:39+00
1,1381.1,2025-12-08 00:03:40+00
1,1374.5,2025-12-08 00:03:41+00
1,1382.2,2025-12-08 00:03:42+00
1,1373.4,2025-12-08 00:03:43+00
1,1379.1,2025-12-08 00:03:44+00
1,1376.6,2025-12-08 00:03:45+00
1,1376,2025-12-08 00:03:46+00
1,1375.1,2025-12-08 00:03:47+00
1,1376.3,2025-12-08 00:03:48+00
1,1374.8,2025-12-08 00:03:49+00
1,1374.6,2025-12-08 00:03:50+00
1,1377.9,2025-12-08 00:03:51+00
1,1382.4,2025-12-08 00:03:52+00
1,1386.4,2025-12-08 00:03:53+00
1,1383.3,2025-12-08 00:03:54+00
1,1376.1,2025-12-08 00:03:55+00
1,1405.4,2025-12-08 00:03:56+00
1,1447.6,2025-12-08 00:03:57+00
1,1438.7,2025-12-08 00:03:58+00
1,1437,2025-12-08 00:03:59+00
1,1447.4,2025-12-08 00:04:00+00
1,1447.4,2025-12-08 00:04:01+00
1,1437.7,2025-12-08 00:04:02+00
1,1439.2,2025-12-08 00:04:03+00
1,1441.2,2025-12-08 00:04:04+00
1,1443.6,2025-12-08 00:04:05+00
1,1451,2025-12-08 00:04:06+00
1,1440.2,2025-12-08 00:04:07+00
1,1446.8,2025-12-08 00:04:08+00
1,1444.9,2025-12-08 00:04:09+00
1,1443.8,2025-12-08 00:04:10+00
1,1441.1,2025-12-08 00:04:11+00
1,1447.9,2025-12-08 00:04:12+00
1,1434.4,2025-12-08 00:04:13+00
1,1432.2,2025-12-08 00:04:14+00
1,1442.3,2025-12-08 00:04:15+00
1,1448,2025-12-08 00:04:16+00
1,1439.5,2025-12-08 00:04:17+00
1,1438.1,2025-12-08 00:04:18+00
1,1444.6,2025-12-08 00:04:19+00
1,1446.1,2025-12-08 00:04:20+00
1,1445.6,2025-12-08 00:04:21+00
1,1448.8,2025-12-08 00:04:22+00
1,1433.7,2025-12-08 00:04:23+00
1,1436.8,2025-12-08 00:04:24+00
1,1446.8,2025-12-08 00:04:25+00
1,1440.7,2025-12-08 00:04:26+00
1,1445.4,2025-12-08 00:04:27+00
1,1446.4,2025-12-08 00:04:28+00
1,1455.5,2025-12-08 00:04:29+00
1,1439.8,2025-12-08 00:04:30+00
1,1435.1,2025-12-08 00:04:31+00
1,1450,2025-12-08 00:04:32+00
1,1436.3,2025-12-08 00:04:33+00
1,1436.4,2025-12-08 00:04:34+00
1,1430.8,2025-12-08 00:04:35+00
1,1453.1,2025-12-08 00:04:36+00
1,1519.4,2025-12-08 00:04:37+00
1,1517.6,2025-12-08 00:04:38+00
1,1517.7,2025-12-08 00:04:39+00
1,1519.5,2025-12-08 00:04:40+00
1,1525.4,2025-12-08 00:04:41+00
1,1522.1,2025-12-08 00:04:42+00
1,1521.4,2025-12-08 00:04:43+00
1,1523.2,2025-12-08 00:04:44+00
1,1525.5,2025-12-08 00:04:45+00
1,1525,2025-12-08 00:04:46+00
1,1523.2,2025-12-08 00:04:47+00
1,1525.8,2025-12-08 00:04:48+00
1,1522.6,2025-12-08 00:04:49+00
1,1529.2,2025-12-08 00:04:50+00
1,1529.3,2025-12-08 00:04:51+00
1,1528,2025-12-08 00:04:52+00
1,1520.6,2025-12-08 00:04:53+00
1,1516.6,2025-12-08 00:04:54+00
1,1515.9,2025-12-08 00:04:55+00
1,1516.2,2025-12-08 00:04:56+00
1,1523.6,2025-12-08 00:04:57+00
1,1520.8,2025-12-08 00:04:58+00
1,1518,2025-12-08 00:04:59+00
1,1519.6,2025-12-08 00:05:00+00
1,1523.3,2025-12-08 00:05:01+00
1,1518.2,2025-12-08 00:05:02+00
1,1520.7,2025-12-08 00:05:03+00
1,1521,2025-12-08 00:05:04+00
1,1519.3,2025-12-08 00:05:05+00
1,1525.3,2025-12-08 00:05:06+00
1,1533,2025-12-08 00:05:07+00
1,1517.4,2025-12-08 00:05:08+00
1,1526.6,2025-12-08 00:05:09+00
1,1537.7,2025-12-08 00:05:10+00
1,1518,2025-12-08 00:05:11+00
1,1518.7,2025-12-08 00:05:12+00
1,1518.7,2025-12-08 00:05:13+00
1,1519.6,2025-12-08 00:05:14+00
1,1524.2,2025-12-08 00:05:15+00
1,1526.9,2025-12-08 00:05:16+00
1,1526.4,2025-12-08 00:05:17+00
1,1521.5,2025-12-08 00:05:18+00
1,1528.6,2025-12-08 00:05:19+00
1,1528.6,2025-12-08 00:05:20+00
1,1529.4,2025-12-08 00:05:21+00
1,1526.4,2025-12-08 00:05:22+00
1,1522.6,2025-12-08 00:05:23+00
1,1523.5,2025-12-08 00:05:24+00
1,1521.9,2025-12-08 00:05:25+00
1,1586.5,2025-12-08 00:05:26+00
1,1641.7,2025-12-08 00:05:27+00
1,1661.5,2025-12-08 00:05:28+00
1,1650.5,2025-12-08 00:05:29+00
1,1658.5,2025-12-08 00:05:30+00
1,1678.8,2025-12-08 00:05:31+00
1,1661.6,2025-12-08 00:05:32+00
1,1675.6,2025-12-08 00:05:33+00
1,1655.6,2025-12-08 00:05:34+00
1,1658.7,2025-12-08 00:05:35+00
1,1659.3,2025-12-08 00:05:36+00
1,1659.2,2025-12-08 00:05:37+00
1,1654.4,2025-12-08 00:05:38+00
1,1657.6,2025-12-08 00:05:39+00
1,1660.4,2025-12-08 00:05:40+00
1,1658.5,2025-12-08 00:05:41+00
1,1658.1,2025-12-08 00:05:42+00
1,1660.9,2025-12-08 00:05:43+00
1,1656,2025-12-08 00:05:44+00
1,1658.1,2025-12-08 00:05:45+00
1,1664.1,2025-12-08 00:05:46+00
1,1653,2025-12-08 00:05:47+00
1,1659.9,2025-12-08 00:05:48+00
1,1659.2,2025-12-08 00:05:49+00
1,1661,2025-12-08 00:05:50+00
1,1658.9,2025-12-08 00:05:51+00
1,1658.9,2025-12-08 00:05:52+00
1,1656,2025-12-08 00:05:53+00
1,1661.9,2025-12-08 00:05:54+00
1,1656.5,2025-12-08 00:05:55+00
1,1656.9,2025-12-08 00:05:56+00
1,1662.3,2025-12-08 00:05:57+00
1,1659.5,2025-12-08 00:05:58+00
1,1656.2,2025-12-08 00:05:59+00
1,1665.2,2025-12-08 00:06:00+00
1,1662.2,2025-12-08 00:06:01+00
1,1665.4,2025-12-08 00:06:02+00
1,1661.2,2025-12-08 00:06:03+00
1,1657.8,2025-12-08 00:06:04+00
1,1660.2,2025-12-08 00:06:05+00
1,1660.8,2025-12-08 00:06:06+00
1,1662,2025-12-08 00:06:07+00
1,1657.4,2025-12-08 00:06:08+00
1,1667.2,2025-12-08 00:06:09+00
1,1669.9,2025-12-08 00:06:10+00
1,1659,2025-12-08 00:06:11+00
1,1677,2025-12-08 00:06:12+00
1,1662.9,2025-12-08 00:06:13+00
1,1659.6,2025-12-08 00:06:14+00
1,1661.2,2025-12-08 00:06:15+00
1,1656.5,2025-12-08 00:06:16+00
1,1657.6,2025-12-08 00:06:17+00
1,1676.1,2025-12-08 00:06:18+00
1,1667.9,2025-12-08 00:06:19+00
1,1663.4,2025-12-08 00:06:20+00
1,1660.5,2025-12-08 00:06:21+00
1,1662.1,2025-12-08 00:06:22+00
1,1662.5,2025-12-08 00:06:23+00
1,1661.6,2025-12-08 00:06:24+00
1,1660,2025-12-08 00:06:25+00
1,1669.5,2025-12-08 00:06:26+00
1,1659.9,2025-12-08 00:06:27+00
1,1663,2025-12-08 00:06:28+00
1,1657.2,2025-12-08 00:06:29+00
1,1660.4,2025-12-08 00:06:30+00
1,1660.3,2025-12-08 00:06:31+00
1,1670.6,2025-12-08 00:06:32+00
1,1662.7,2025-12-08 00:06:33+00
1,1660.2,2025-12-08 00:06:34+00
1,1658.2,2025-12-08 00:06:35+00
1,1658.5,2025-12-08 00:06:36+00
1,1659.8,2025-12-08 00:06:37+00
1,1660.9,2025-12-08 00:06:38+00
1,1663.8,2025-12-08 00:06:39+00
1,1656.1,2025-12-08 00:06:40+00
1,1660.8,2025-12-08 00:06:41+00
1,1663.3,2025-12-08 00:06:42+00
1,1661.1,2025-12-08 00:06:43+00
1,1664.5,2025-12-08 00:06:44+00
1,1660.4,2025-12-08 00:06:45+00
1,1660,2025-12-08 00:06:46+00
1,1657.3,2025-12-08 00:06:47+00
1,1662.7,2025-12-08 00:06:48+00
1,1663.8,2025-12-08 00:06:49+00
1,1662,2025-12-08 00:06:50+00
1,1663.6,2025-12-08 00:06:51+00
1,1658.6,2025-12-08 00:06:52+00
1,1659.8,2025-12-08 00:06:53+00
1,1657.2,2025-12-08 00:06:54+00
1,1661.4,2025-12-08 00:06:55+00
1,1668.6,2025-12-08 00:06:56+00
1,1671,2025-12-08 00:06:57+00
1,1661,2025-12-08 00:06:58+00
1,1660.3,2025-12-08 00:06:59+00
1,1666.8,2025-12-08 00:07:00+00
1,1664.8,2025-12-08 00:07:01+00
1,1665.6,2025-12-08 00:07:02+00
1,1664.7,2025-12-08 00:07:03+00
1,1660.1,2025-12-08 00:07:04+00
1,1657.1,2025-12-08 00:07:05+00
1,1657.1,2025-12-08 00:07:06+00
1,1661,2025-12-08 00:07:07+00
1,1656.3,2025-12-08 00:07:08+00
1,1665,2025-12-08 00:07:09+00
1,1657.6,2025-12-08 00:07:10+00
1,1662,2025-12-08 00:07:11+00
1,1658,2025-12-08 00:07:12+00
1,1662.1,2025-12-08 00:07:13+00
1,1658.8,2025-12-08 00:07:14+00
1,1663.7,2025-12-08 00:07:15+00
1,1661,2025-12-08 00:07:16+00
1,1661,2025-12-08 00:07:17+00
1,1661.9,2025-12-08 00:07:18+00
1,1668.6,2025-12-08 00:07:19+00
1,1667.3,2025-12-08 00:07:20+00
1,1658.9,2025-12-08 00:07:21+00
1,1657.3,2025-12-08 00:07:22+00
1,1663.7,2025-12-08 00:07:23+00
1,1664.6,2025-12-08 00:07:24+00
1,1660.6,2025-12-08 00:07:25+00
1,1665.2,2025-12-08 00:07:26+00
1,1654.9,2025-12-08 00:07:27+00
1,1660.4,2025-12-08 00:07:28+00
1,1660.3,2025-12-08 00:07:29+00
1,1680.3,2025-12-08 00:07:30+00
1,1660.4,2025-12-08 00:07:31+00
1,1662.4,2025-12-08 00:07:32+00
1,1662.8,2025-12-08 00:07:33+00
1,1659.9,2025-12-08 00:07:34+00
1,1660.1,2025-12-08 00:07:35+00
1,1659.9,2025-12-08 00:07:36+00
1,1663,2025-12-08 00:07:37+00
1,1662.1,2025-12-08 00:07:38+00
1,1662.5,2025-12-08 00:07:39+00
1,1661.6,2025-12-08 00:07:40+00
1,1662.9,2025-12-08 00:07:41+00
1,1668.3,2025-12-08 00:07:42+00
1,1656.1,2025-12-08 00:07:43+00
1,1652.5,2025-12-08 00:07:44+00
1,1659.3,2025-12-08 00:07:45+00
1,1660.9,2025-12-08 00:07:46+00
1,1664.1,2025-12-08 00:07:47+00
1,1659.1,2025-12-08 00:07:48+00
1,1659.9,2025-12-08 00:07:49+00
1,1659.1,2025-12-08 00:07:50+00
1,1662.5,2025-12-08 00:07:51+00
1,1657.8,2025-12-08 00:07:52+00
1,1658.8,2025-12-08 00:07:53+00
1,1658.5,2025-12-08 00:07:54+00
1,1663.4,2025-12-08 00:07:55+00
1,1667,2025-12-08 00:07:56+00
1,1666,2025-12-08 00:07:57+00
1,1665.2,2025-12-08 00:07:58+00
1,1663.3,2025-12-08 00:07:59+00
1,1666.1,2025-12-08 00:08:00+00
1,1667,2025-12-08 00:08:01+00
1,1664.3,2025-12-08 00:08:02+00
1,1660.9,2025-12-08 00:08:03+00
1,1670,2025-12-08 00:08:04+00
1,1661.1,2025-12-08 00:08:05+00
1,1663,2025-12-08 00:08:06+00
1,1661.4,2025-12-08 00:08:07+00
1,1662.5,2025-12-08 00:08:08+00
1,1662.5,2025-12-08 00:08:09+00
1,1664.2,2025-12-08 00:08:10+00
1,1663.6,2025-12-08 00:08:11+00
1,1664.1,2025-12-08 00:08:12+00
1,1664.1,2025-12-08 00:08:13+00
1,1666.4,2025-12-08 00:08:14+00
1,1659.1,2025-12-08 00:08:15+00
1,1660.5,2025-12-08 00:08:16+00
1,1662.7,2025-12-08 00:08:17+00
1,1662.6,2025-12-08 00:08:18+00
1,1666,2025-12-08 00:08:19+00
1,1670.3,2025-12-08 00:08:20+00
1,1661.8,2025-12-08 00:08:21+00
1,1662.6,2025-12-08 00:08:22+00
1,1660.8,2025-12-08 00:08:23+00
1,1673.3,2025-12-08 00:08:24+00
1,1663.6,2025-12-08 00:08:25+00
1,1671.3,2025-12-08 00:08:26+00
1,1663.6,2025-12-08 00:08:27+00
1,1666.7,2025-12-08 00:08:28+00
1,1660.9,2025-12-08 00:08:29+00
1,1666.1,2025-12-08 00:08:30+00
1,1662.3,2025-12-08 00:08:31+00
1,1663.4,2025-12-08 00:08:32+00
1,1668.4,2025-12-08 00:08:33+00
1,1680.5,2025-12-08 00:08:34+00
1,1665.1,2025-12-08 00:08:35+00
1,1666.4,2025-12-08 00:08:36+00
1,1665,2025-12-08 00:08:37+00
1,1665.5,2025-12-08 00:08:38+00
1,1667.6,2025-12-08 00:08:39+00
1,1667.8,2025-12-08 00:08:40+00
1,1663.8,2025-12-08 00:08:41+00
1,1678.7,2025-12-08 00:08:42+00
1,1664.3,2025-12-08 00:08:43+00
1,1664.6,2025-12-08 00:08:44+00
1,1669.4,2025-12-08 00:08:45+00
1,1667,2025-12-08 00:08:46+00
1,1663.1,2025-12-08 00:08:47+00
1,1664.6,2025-12-08 00:08:48+00
1,1663.7,2025-12-08 00:08:49+00
1,1681.2,2025-12-08 00:08:50+00
1,1675.9,2025-12-08 00:08:51+00
1,1664.2,2025-12-08 00:08:52+00
1,1664.9,2025-12-08 00:08:53+00
1,1664,2025-12-08 00:08:54+00
1,1665.3,2025-12-08 00:08:55+00
1,1667.1,2025-12-08 00:08:56+00
1,1667.8,2025-12-08 00:08:57+00
1,1667.4,2025-12-08 00:08:58+00
1,1670.1,2025-12-08 00:08:59+00
1,1667,2025-12-08 00:09:00+00
1,1669.8,2025-12-08 00:09:01+00
1,1667.8,2025-12-08 00:09:02+00
1,1670.5,2025-12-08 00:09:03+00
1,1670.8,2025-12-08 00:09:04+00
1,1667.7,2025-12-08 00:09:05+00
1,1669.1,2025-12-08 00:09:06+00
1,1665.4,2025-12-08 00:09:07+00
1,1668.6,2025-12-08 00:09:08+00
1,1669.6,2025-12-08 00:09:09+00
1,1668.8,2025-12-08 00:09:10+00
1,1665.3,2025-12-08 00:09:11+00
1,1669.2,2025-12-08 00:09:12+00
1,1667.8,2025-12-08 00:09:13+00
1,1668.1,2025-12-08 00:09:14+00
1,1672.6,2025-12-08 00:09:15+00
1,1672.6,2025-12-08 00:09:16+00
1,1677.4,2025-12-08 00:09:17+00
1,1672.4,2025-12-08 00:09:18+00
1,1674.1,2025-12-08 00:09:19+00
1,1674.4,2025-12-08 00:09:20+00
1,1678,2025-12-08 00:09:21+00
1,1666,2025-12-08 00:09:22+00
1,1679.3,2025-12-08 00:09:23+00
1,1672.2,2025-12-08 00:09:24+00
1,1671.7,2025-12-08 00:09:25+00
1,1672.4,2025-12-08 00:09:26+00
1,1673,2025-12-08 00:09:27+00
1,1674.5,2025-12-08 00:09:28+00
1,1673.5,2025-12-08 00:09:29+00
1,1673.1,2025-12-08 00:09:30+00
1,1691,2025-12-08 00:09:31+00
1,1671.8,2025-12-08 00:09:32+00
1,1674.1,2025-12-08 00:09:33+00
1,1669.5,2025-12-08 00:09:34+00
1,1672.9,2025-12-08 00:09:35+00
1,1677.3,2025-12-08 00:09:36+00
1,1676.4,2025-12-08 00:09:37+00
1,1676.4,2025-12-08 00:09:38+00
1,1673.4,2025-12-08 00:09:39+00
1,1674.6,2025-12-08 00:09:40+00
1,1674,2025-12-08 00:09:41+00
1,1681.9,2025-12-08 00:09:42+00
1,1672.1,2025-12-08 00:09:43+00
1,1672.7,2025-12-08 00:09:44+00
1,1668.9,2025-12-08 00:09:45+00
1,1674.2,2025-12-08 00:09:46+00
1,1672.6,2025-12-08 00:09:47+00
1,1675.3,2025-12-08 00:09:48+00
1,1668.3,2025-12-08 00:09:49+00
1,1671.2,2025-12-08 00:09:50+00
1,1689.8,2025-12-08 00:09:51+00
1,1674,2025-12-08 00:09:52+00
1,1671.6,2025-12-08 00:09:53+00
1,1672.1,2025-12-08 00:09:54+00
1,1669.2,2025-12-08 00:09:55+00
1,1673.9,2025-12-08 00:09:56+00
1,1684.4,2025-12-08 00:09:57+00
1,1674.8,2025-12-08 00:09:58+00
1,1675.1,2025-12-08 00:09:59+00
1,1679,2025-12-08 00:10:00+00
1,1674,2025-12-08 00:10:01+00
1,1679.1,2025-12-08 00:10:02+00
1,1681.5,2025-12-08 00:10:03+00
1,1678.3,2025-12-08 00:10:04+00
1,1678.2,2025-12-08 00:10:05+00
1,1677.9,2025-12-08 00:10:06+00
1,1674.5,2025-12-08 00:10:07+00
1,1501,2025-12-08 00:10:08+00
1,1507.2,2025-12-08 00:10:09+00
1,1512.8,2025-12-08 00:10:10+00
1,1517.5,2025-12-08 00:10:11+00
1,1470.8,2025-12-08 00:10:12+00
1,653.1,2025-12-08 00:10:13+00
1,681.6,2025-12-08 00:10:14+00
1,687,2025-12-08 00:10:15+00
1,688,2025-12-08 00:10:16+00
1,720.3,2025-12-08 00:10:17+00
1,688.2,2025-12-08 00:10:18+00
1,698.7,2025-12-08 00:10:19+00
1,692.2,2025-12-08 00:10:20+00
1,689.8,2025-12-08 00:10:21+00
1,686.4,2025-12-08 00:10:22+00
1,686.7,2025-12-08 00:10:23+00
1,686.1,2025-12-08 00:10:24+00
1,684,2025-12-08 00:10:25+00
1,689.7,2025-12-08 00:10:26+00
1,686.8,2025-12-08 00:10:27+00
1,687.2,2025-12-08 00:10:28+00
1,686,2025-12-08 00:10:29+00
1,686.4,2025-12-08 00:10:30+00
1,692.2,2025-12-08 00:10:31+00
1,686.4,2025-12-08 00:10:32+00
1,690,2025-12-08 00:10:33+00
1,686.6,2025-12-08 00:10:34+00
1,688.5,2025-12-08 00:10:35+00
1,688.4,2025-12-08 00:10:36+00
1,689.3,2025-12-08 00:10:37+00
1,688.1,2025-12-08 00:10:38+00
1,689,2025-12-08 00:10:39+00
1,689.9,2025-12-08 00:10:40+00
1,687.9,2025-12-08 00:10:41+00
1,691.7,2025-12-08 00:10:42+00
1,681.2,2025-12-08 00:10:43+00
1,647.7,2025-12-08 00:10:44+00
1,541.2,2025-12-08 00:10:45+00
1,539.8,2025-12-08 00:10:46+00
1,540.2,2025-12-08 00:10:47+00
1,547.1,2025-12-08 00:10:48+00
1,537.5,2025-12-08 00:10:49+00
1,538.8,2025-12-08 00:10:50+00
1,542.9,2025-12-08 00:10:51+00
1,542.4,2025-12-08 00:10:52+00
1,539.4,2025-12-08 00:10:53+00
1,539.6,2025-12-08 00:10:54+00
1,541.2,2025-12-08 00:10:55+00
1,546.4,2025-12-08 00:10:56+00
1,605.7,2025-12-08 00:10:57+00
1,556.3,2025-12-08 00:10:58+00
1,556.6,2025-12-08 00:10:59+00
1,555.8,2025-12-08 00:11:00+00
1,570.6,2025-12-08 00:11:01+00
1,558.3,2025-12-08 00:11:02+00
1,558,2025-12-08 00:11:03+00
1,557.3,2025-12-08 00:11:04+00
1,555.6,2025-12-08 00:11:05+00
1,558.9,2025-12-08 00:11:06+00
1,570,2025-12-08 00:11:07+00
1,561.6,2025-12-08 00:11:08+00
1,560.9,2025-12-08 00:11:09+00
1,560.9,2025-12-08 00:11:10+00
1,561,2025-12-08 00:11:11+00
1,560.8,2025-12-08 00:11:12+00
1,561.9,2025-12-08 00:11:13+00
1,637.6,2025-12-08 00:11:14+00
1,680.2,2025-12-08 00:11:15+00
1,686.7,2025-12-08 00:11:16+00
1,686.1,2025-12-08 00:11:17+00
1,687.9,2025-12-08 00:11:18+00
1,691.1,2025-12-08 00:11:19+00
1,690,2025-12-08 00:11:20+00
1,691.3,2025-12-08 00:11:21+00
1,683.7,2025-12-08 00:11:22+00
1,684.3,2025-12-08 00:11:23+00
1,687.5,2025-12-08 00:11:24+00
1,685.2,2025-12-08 00:11:25+00
1,682.6,2025-12-08 00:11:26+00
1,687.6,2025-12-08 00:11:27+00
1,689.7,2025-12-08 00:11:28+00
1,686.2,2025-12-08 00:11:29+00
1,685.2,2025-12-08 00:11:30+00
1,684.6,2025-12-08 00:11:31+00
1,686.9,2025-12-08 00:11:32+00
1,689.6,2025-12-08 00:11:33+00
1,687.8,2025-12-08 00:11:34+00
1,697.5,2025-12-08 00:11:35+00
1,694.7,2025-12-08 00:11:36+00
1,703.8,2025-12-08 00:11:37+00
1,697.8,2025-12-08 00:11:38+00
1,696.7,2025-12-08 00:11:39+00
1,697.2,2025-12-08 00:11:40+00
1,690.8,2025-12-08 00:11:41+00
1,691.2,2025-12-08 00:11:42+00
1,692.2,2025-12-08 00:11:43+00
1,692,2025-12-08 00:11:44+00
1,696.6,2025-12-08 00:11:45+00
1,691,2025-12-08 00:11:46+00
1,688.8,2025-12-08 00:11:47+00
1,687.3,2025-12-08 00:11:48+00
1,687.9,2025-12-08 00:11:49+00
1,687.7,2025-12-08 00:11:50+00
1,690.8,2025-12-08 00:11:51+00
1,688,2025-12-08 00:11:52+00
1,687.2,2025-12-08 00:11:53+00
1,687.1,2025-12-08 00:11:54+00
1,697.4,2025-12-08 00:11:55+00
1,691.7,2025-12-08 00:11:56+00
1,689.8,2025-12-08 00:11:57+00
1,688,2025-12-08 00:11:58+00
1,688.2,2025-12-08 00:11:59+00
1,691.5,2025-12-08 00:12:00+00
1,702.6,2025-12-08 00:12:01+00
1,688.3,2025-12-08 00:12:02+00
1,690.4,2025-12-08 00:12:03+00
1,688.7,2025-12-08 00:12:04+00
1,688.4,2025-12-08 00:12:05+00
1,690.5,2025-12-08 00:12:06+00
1,689.2,2025-12-08 00:12:07+00
1,687.3,2025-12-08 00:12:08+00
1,687.1,2025-12-08 00:12:09+00
1,687.7,2025-12-08 00:12:10+00
1,685.2,2025-12-08 00:12:11+00
1,689.8,2025-12-08 00:12:12+00
1,688.5,2025-12-08 00:12:13+00
1,687.4,2025-12-08 00:12:14+00
1,687.7,2025-12-08 00:12:15+00
1,691.7,2025-12-08 00:12:16+00
1,689,2025-12-08 00:12:17+00
1,688.2,2025-12-08 00:12:18+00
1,693.6,2025-12-08 00:12:19+00
1,693.2,2025-12-08 00:12:20+00
1,687.8,2025-12-08 00:12:21+00
1,690.6,2025-12-08 00:12:22+00
1,687.3,2025-12-08 00:12:23+00
1,687.4,2025-12-08 00:12:24+00
1,686.2,2025-12-08 00:12:25+00
1,685.4,2025-12-08 00:12:26+00
1,686.9,2025-12-08 00:12:27+00
1,690.6,2025-12-08 00:12:28+00
1,691.3,2025-12-08 00:12:29+00
1,687.1,2025-12-08 00:12:30+00
1,687,2025-12-08 00:12:31+00
1,684.7,2025-12-08 00:12:32+00
1,689.7,2025-12-08 00:12:33+00
1,688.7,2025-12-08 00:12:34+00
1,687.4,2025-12-08 00:12:35+00
1,695.2,2025-12-08 00:12:36+00
1,685.8,2025-12-08 00:12:37+00
1,687,2025-12-08 00:12:38+00
1,684.5,2025-12-08 00:12:39+00
1,684.7,2025-12-08 00:12:40+00
1,684.7,2025-12-08 00:12:41+00
1,687.7,2025-12-08 00:12:42+00
1,690.4,2025-12-08 00:12:43+00
1,713,2025-12-08 00:12:44+00
1,694.8,2025-12-08 00:12:45+00
1,700.2,2025-12-08 00:12:46+00
1,692.9,2025-12-08 00:12:47+00
1,693.7,2025-12-08 00:12:48+00
1,693.7,2025-12-08 00:12:49+00
1,693.6,2025-12-08 00:12:50+00
1,695.6,2025-12-08 00:12:51+00
1,696,2025-12-08 00:12:52+00
1,693.1,2025-12-08 00:12:53+00
1,697.2,2025-12-08 00:12:54+00
1,691.7,2025-12-08 00:12:55+00
1,693.4,2025-12-08 00:12:56+00
1,694.6,2025-12-08 00:12:57+00
1,689.8,2025-12-08 00:12:58+00
1,683.8,2025-12-08 00:12:59+00
1,688.6,2025-12-08 00:13:00+00
1,684.9,2025-12-08 00:13:01+00
1,688.1,2025-12-08 00:13:02+00
1,689.1,2025-12-08 00:13:03+00
1,686.7,2025-12-08 00:13:04+00
1,689.1,2025-12-08 00:13:05+00
1,695.1,2025-12-08 00:13:06+00
1,688.8,2025-12-08 00:13:07+00
1,695.9,2025-12-08 00:13:08+00
1,686.3,2025-12-08 00:13:09+00
1,685.1,2025-12-08 00:13:10+00
1,684.5,2025-12-08 00:13:11+00
1,688.2,2025-12-08 00:13:12+00
1,687,2025-12-08 00:13:13+00
1,689,2025-12-08 00:13:14+00
1,687.3,2025-12-08 00:13:15+00
1,684.8,2025-12-08 00:13:16+00
1,687.5,2025-12-08 00:13:17+00
1,688.8,2025-12-08 00:13:18+00
1,689.4,2025-12-08 00:13:19+00
1,690.8,2025-12-08 00:13:20+00
1,687.4,2025-12-08 00:13:21+00
1,685.1,2025-12-08 00:13:22+00
1,686.8,2025-12-08 00:13:23+00
1,691.3,2025-12-08 00:13:24+00
1,683.3,2025-12-08 00:13:25+00
1,686.5,2025-12-08 00:13:26+00
1,684.8,2025-12-08 00:13:27+00
1,683.7,2025-12-08 00:13:28+00
1,684.8,2025-12-08 00:13:29+00
1,684.1,2025-12-08 00:13:30+00
1,653.7,2025-12-08 00:13:31+00
1,656.2,2025-12-08 00:13:32+00
1,656.4,2025-12-08 00:13:33+00
1,656.9,2025-12-08 00:13:34+00
1,652.9,2025-12-08 00:13:35+00
1,654.3,2025-12-08 00:13:36+00
1,654.3,2025-12-08 00:13:37+00
1,655,2025-12-08 00:13:38+00
1,657.5,2025-12-08 00:13:39+00
1,653.5,2025-12-08 00:13:40+00
1,653.9,2025-12-08 00:13:41+00
1,656.9,2025-12-08 00:13:42+00
1,656,2025-12-08 00:13:43+00
1,658,2025-12-08 00:13:44+00
1,657,2025-12-08 00:13:45+00
1,651.6,2025-12-08 00:13:46+00
1,655.4,2025-12-08 00:13:47+00
1,655.8,2025-12-08 00:13:48+00
1,654.3,2025-12-08 00:13:49+00
1,659,2025-12-08 00:13:50+00
1,653.3,2025-12-08 00:13:51+00
1,655.4,2025-12-08 00:13:52+00
1,654.8,2025-12-08 00:13:53+00
1,658.2,2025-12-08 00:13:54+00
1,655.4,2025-12-08 00:13:55+00
1,654.4,2025-12-08 00:13:56+00
1,653.5,2025-12-08 00:13:57+00
1,655.7,2025-12-08 00:13:58+00
1,658.7,2025-12-08 00:13:59+00
1,666.2,2025-12-08 00:14:00+00
1,660.5,2025-12-08 00:14:01+00
1,659.9,2025-12-08 00:14:02+00
1,659.3,2025-12-08 00:14:03+00
1,655.3,2025-12-08 00:14:04+00
1,673,2025-12-08 00:14:05+00
1,655.7,2025-12-08 00:14:06+00
1,657.3,2025-12-08 00:14:07+00
1,658,2025-12-08 00:14:08+00
1,658.9,2025-12-08 00:14:09+00
1,653.8,2025-12-08 00:14:10+00
1,652.6,2025-12-08 00:14:11+00
1,655.2,2025-12-08 00:14:12+00
1,653.4,2025-12-08 00:14:13+00
1,654.1,2025-12-08 00:14:14+00
1,651.8,2025-12-08 00:14:15+00
1,650.8,2025-12-08 00:14:16+00
1,654.9,2025-12-08 00:14:17+00
1,654.1,2025-12-08 00:14:18+00
1,660.6,2025-12-08 00:14:19+00
1,654.3,2025-12-08 00:14:20+00
1,651.1,2025-12-08 00:14:21+00
1,651.7,2025-12-08 00:14:22+00
1,651.7,2025-12-08 00:14:23+00
1,654.8,2025-12-08 00:14:24+00
1,652.7,2025-12-08 00:14:25+00
1,653.7,2025-12-08 00:14:26+00
1,653.1,2025-12-08 00:14:27+00
1,652.6,2025-12-08 00:14:28+00
1,652.4,2025-12-08 00:14:29+00
1,654.9,2025-12-08 00:14:30+00
1,652.3,2025-12-08 00:14:31+00
1,652.6,2025-12-08 00:14:32+00
1,651.8,2025-12-08 00:14:33+00
1,650.3,2025-12-08 00:14:34+00
1,653.3,2025-12-08 00:14:35+00
1,647.4,2025-12-08 00:14:36+00
1,657.1,2025-12-08 00:14:37+00
1,654.3,2025-12-08 00:14:38+00
1,655.4,2025-12-08 00:14:39+00
1,654.4,2025-12-08 00:14:40+00
1,652.2,2025-12-08 00:14:41+00
1,654.8,2025-12-08 00:14:42+00
1,653.1,2025-12-08 00:14:43+00
1,654.7,2025-12-08 00:14:44+00
1,653.1,2025-12-08 00:14:45+00
1,650.4,2025-12-08 00:14:46+00
1,652.4,2025-12-08 00:14:47+00
1,651.7,2025-12-08 00:14:48+00
1,651.3,2025-12-08 00:14:49+00
1,653.5,2025-12-08 00:14:50+00
1,657.3,2025-12-08 00:14:51+00
1,650.1,2025-12-08 00:14:52+00
1,653.6,2025-12-08 00:14:53+00
1,653,2025-12-08 00:14:54+00
1,649.9,2025-12-08 00:14:55+00
1,653.7,2025-12-08 00:14:56+00
1,653.2,2025-12-08 00:14:57+00
1,650.8,2025-12-08 00:14:58+00
1,653,2025-12-08 00:14:59+00
1,654,2025-12-08 00:15:00+00
1,656.4,2025-12-08 00:15:01+00
1,654.8,2025-12-08 00:15:02+00
1,653.6,2025-12-08 00:15:03+00
1,652,2025-12-08 00:15:04+00
1,654.8,2025-12-08 00:15:05+00
1,655.2,2025-12-08 00:15:06+00
1,785.1,2025-12-08 00:15:07+00
1,755.4,2025-12-08 00:15:08+00
1,753.1,2025-12-08 00:15:09+00
1,752.3,2025-12-08 00:15:10+00
1,659.7,2025-12-08 00:15:11+00
1,754.7,2025-12-08 00:15:12+00
1,750.5,2025-12-08 00:15:13+00
1,806.2,2025-12-08 00:15:14+00
1,769.2,2025-12-08 00:15:15+00
1,762.5,2025-12-08 00:15:16+00
1,763.7,2025-12-08 00:15:17+00
1,755.4,2025-12-08 00:15:18+00
1,758,2025-12-08 00:15:19+00
1,758.4,2025-12-08 00:15:20+00
1,761.6,2025-12-08 00:15:21+00
1,759.7,2025-12-08 00:15:22+00
1,758.5,2025-12-08 00:15:23+00
1,760.1,2025-12-08 00:15:24+00
1,756.9,2025-12-08 00:15:25+00
1,758.9,2025-12-08 00:15:26+00
1,762.2,2025-12-08 00:15:27+00
1,759.7,2025-12-08 00:15:28+00
1,760.5,2025-12-08 00:15:29+00
1,758.1,2025-12-08 00:15:30+00
1,756.9,2025-12-08 00:15:31+00
1,761.4,2025-12-08 00:15:32+00
1,762.3,2025-12-08 00:15:33+00
1,761.3,2025-12-08 00:15:34+00
1,760,2025-12-08 00:15:35+00
1,757.6,2025-12-08 00:15:36+00
1,768,2025-12-08 00:15:37+00
1,757,2025-12-08 00:15:38+00
1,758.9,2025-12-08 00:15:39+00
1,775.6,2025-12-08 00:15:40+00
1,765.9,2025-12-08 00:15:41+00
1,775.3,2025-12-08 00:15:42+00
1,760.5,2025-12-08 00:15:43+00
1,758.7,2025-12-08 00:15:44+00
1,759.7,2025-12-08 00:15:45+00
1,1056.1,2025-12-08 00:15:46+00
1,1055.4,2025-12-08 00:15:47+00
1,948.7,2025-12-08 00:15:48+00
1,966.7,2025-12-08 00:15:49+00
1,1063,2025-12-08 00:15:50+00
1,968.2,2025-12-08 00:15:51+00
1,1014.7,2025-12-08 00:15:52+00
1,1042.8,2025-12-08 00:15:53+00
1,1068.5,2025-12-08 00:15:54+00
1,1091.4,2025-12-08 00:15:55+00
1,1112.9,2025-12-08 00:15:56+00
1,1134.1,2025-12-08 00:15:57+00
1,1152.1,2025-12-08 00:15:58+00
1,1167.1,2025-12-08 00:15:59+00
1,1178.8,2025-12-08 00:16:00+00
1,1184,2025-12-08 00:16:01+00
1,1187.3,2025-12-08 00:16:02+00
1,1193.4,2025-12-08 00:16:03+00
1,1200.4,2025-12-08 00:16:04+00
1,1199.6,2025-12-08 00:16:05+00
1,1199.7,2025-12-08 00:16:06+00
1,1198.5,2025-12-08 00:16:07+00
1,1198.9,2025-12-08 00:16:08+00
1,1198.8,2025-12-08 00:16:09+00
1,1199.1,2025-12-08 00:16:10+00
1,1198,2025-12-08 00:16:11+00
1,1197.6,2025-12-08 00:16:12+00
1,1196.1,2025-12-08 00:16:13+00
1,1191.7,2025-12-08 00:16:14+00
1,1194.8,2025-12-08 00:16:15+00
1,1193.1,2025-12-08 00:16:16+00
1,1196.3,2025-12-08 00:16:17+00
1,1193.5,2025-12-08 00:16:18+00
1,1197.7,2025-12-08 00:16:19+00
1,1200,2025-12-08 00:16:20+00
1,1196.6,2025-12-08 00:16:21+00
1,1198.6,2025-12-08 00:16:22+00
1,1201.7,2025-12-08 00:16:23+00
1,1207.1,2025-12-08 00:16:24+00
1,1201.5,2025-12-08 00:16:25+00
1,1208.4,2025-12-08 00:16:26+00
1,1212.6,2025-12-08 00:16:27+00
1,1215.5,2025-12-08 00:16:28+00
1,1215.5,2025-12-08 00:16:29+00
1,1217.1,2025-12-08 00:16:30+00
1,1215.3,2025-12-08 00:16:31+00
1,1218.6,2025-12-08 00:16:32+00
1,1222.1,2025-12-08 00:16:33+00
1,1227.1,2025-12-08 00:16:34+00
1,1219.9,2025-12-08 00:16:35+00
1,1219.9,2025-12-08 00:16:36+00
1,1222.3,2025-12-08 00:16:37+00
1,1222.1,2025-12-08 00:16:38+00
1,1222,2025-12-08 00:16:39+00
1,1220.9,2025-12-08 00:16:40+00
1,1221.8,2025-12-08 00:16:41+00
1,1223.5,2025-12-08 00:16:42+00
1,1228.2,2025-12-08 00:16:43+00
1,1223.1,2025-12-08 00:16:44+00
1,1223.7,2025-12-08 00:16:45+00
1,1217.6,2025-12-08 00:16:46+00
1,1217.3,2025-12-08 00:16:47+00
1,1219.2,2025-12-08 00:16:48+00
1,1215,2025-12-08 00:16:49+00
1,1217.1,2025-12-08 00:16:50+00
1,1217.6,2025-12-08 00:16:51+00
1,1219,2025-12-08 00:16:52+00
1,1216.6,2025-12-08 00:16:53+00
1,1217,2025-12-08 00:16:54+00
1,1219,2025-12-08 00:16:55+00
1,1221.1,2025-12-08 00:16:56+00
1,1224.6,2025-12-08 00:16:57+00
1,1217.7,2025-12-08 00:16:58+00
1,1232.6,2025-12-08 00:16:59+00
1,1225.4,2025-12-08 00:17:00+00
1,1220.7,2025-12-08 00:17:01+00
1,1224,2025-12-08 00:17:02+00
1,1225.4,2025-12-08 00:17:03+00
1,1221.3,2025-12-08 00:17:04+00
1,1221.8,2025-12-08 00:17:05+00
1,1221.3,2025-12-08 00:17:06+00
1,1224.8,2025-12-08 00:17:07+00
1,1222.7,2025-12-08 00:17:08+00
1,1221.6,2025-12-08 00:17:09+00
1,1218,2025-12-08 00:17:10+00
1,1222.8,2025-12-08 00:17:11+00
1,1219.7,2025-12-08 00:17:12+00
1,1219.9,2025-12-08 00:17:13+00
1,1217.8,2025-12-08 00:17:14+00
1,1221.7,2025-12-08 00:17:15+00
1,1215.5,2025-12-08 00:17:16+00
1,1219.2,2025-12-08 00:17:17+00
1,1221,2025-12-08 00:17:18+00
1,1225.6,2025-12-08 00:17:19+00
1,1223.8,2025-12-08 00:17:20+00
1,1221.9,2025-12-08 00:17:21+00
1,1211,2025-12-08 00:17:22+00
1,1216.8,2025-12-08 00:17:23+00
1,1219.8,2025-12-08 00:17:24+00
1,1213.8,2025-12-08 00:17:25+00
1,1213.6,2025-12-08 00:17:26+00
1,1218.1,2025-12-08 00:17:27+00
1,1218.1,2025-12-08 00:17:28+00
1,1222.9,2025-12-08 00:17:29+00
1,1218.3,2025-12-08 00:17:30+00
1,1214.6,2025-12-08 00:17:31+00
1,1217,2025-12-08 00:17:32+00
1,1218.8,2025-12-08 00:17:33+00
1,1219.4,2025-12-08 00:17:34+00
1,1214.6,2025-12-08 00:17:35+00
1,1222.3,2025-12-08 00:17:36+00
1,1219.4,2025-12-08 00:17:37+00
1,1219.8,2025-12-08 00:17:38+00
1,1219.9,2025-12-08 00:17:39+00
1,1220.9,2025-12-08 00:17:40+00
1,1228.5,2025-12-08 00:17:41+00
1,1219.8,2025-12-08 00:17:42+00
1,1215.3,2025-12-08 00:17:43+00
1,1226.7,2025-12-08 00:17:44+00
1,1228.4,2025-12-08 00:17:45+00
1,1224.6,2025-12-08 00:17:46+00
1,1224.2,2025-12-08 00:17:47+00
1,1219.3,2025-12-08 00:17:48+00
1,1218.6,2025-12-08 00:17:49+00
1,1217.9,2025-12-08 00:17:50+00
1,1221.7,2025-12-08 00:17:51+00
1,1217.3,2025-12-08 00:17:52+00
1,1216,2025-12-08 00:17:53+00
1,1217.3,2025-12-08 00:17:54+00
1,1215.9,2025-12-08 00:17:55+00
1,1217,2025-12-08 00:17:56+00
1,1219.2,2025-12-08 00:17:57+00
1,1216.1,2025-12-08 00:17:58+00
1,1216.8,2025-12-08 00:17:59+00
1,1290.571186,2025-12-08 00:18:00+00
1,1218.6,2025-12-08 00:18:01+00
1,1226.1,2025-12-08 00:18:02+00
1,1219.9,2025-12-08 00:18:03+00
1,1222.9,2025-12-08 00:18:04+00
1,1222.7,2025-12-08 00:18:05+00
1,1219.6,2025-12-08 00:18:06+00
1,1217.6,2025-12-08 00:18:07+00
1,1219.5,2025-12-08 00:18:08+00
1,1218,2025-12-08 00:18:09+00
1,1219.5,2025-12-08 00:18:10+00
1,1221.6,2025-12-08 00:18:11+00
1,1219.1,2025-12-08 00:18:12+00
1,1217.7,2025-12-08 00:18:13+00
1,1218,2025-12-08 00:18:14+00
1,1254.1,2025-12-08 00:18:15+00
1,1325.9,2025-12-08 00:18:16+00
1,1318.2,2025-12-08 00:18:17+00
1,1316.3,2025-12-08 00:18:18+00
1,1325.4,2025-12-08 00:18:19+00
1,1327.3,2025-12-08 00:18:20+00
1,1318.2,2025-12-08 00:18:21+00
1,1320.1,2025-12-08 00:18:22+00
1,1332.2,2025-12-08 00:18:23+00
1,1320.5,2025-12-08 00:18:24+00
1,1316.8,2025-12-08 00:18:25+00
1,1318,2025-12-08 00:18:26+00
1,1322,2025-12-08 00:18:27+00
1,1322.3,2025-12-08 00:18:28+00
1,1322.3,2025-12-08 00:18:29+00
1,1317.7,2025-12-08 00:18:30+00
1,1326.4,2025-12-08 00:18:31+00
1,1322.1,2025-12-08 00:18:32+00
1,1320.3,2025-12-08 00:18:33+00
1,1327.1,2025-12-08 00:18:34+00
1,1309,2025-12-08 00:18:35+00
1,1313.8,2025-12-08 00:18:36+00
1,1308.7,2025-12-08 00:18:37+00
1,1312.2,2025-12-08 00:18:38+00
1,1310.3,2025-12-08 00:18:39+00
1,1307.1,2025-12-08 00:18:40+00
1,1309.1,2025-12-08 00:18:41+00
1,1309.7,2025-12-08 00:18:42+00
1,1308.7,2025-12-08 00:18:43+00
1,1309.4,2025-12-08 00:18:44+00
1,1304.5,2025-12-08 00:18:45+00
1,1303.1,2025-12-08 00:18:46+00
1,1306.1,2025-12-08 00:18:47+00
1,1307.5,2025-12-08 00:18:48+00
1,1306.1,2025-12-08 00:18:49+00
1,1304,2025-12-08 00:18:50+00
1,1308.9,2025-12-08 00:18:51+00
1,1307.6,2025-12-08 00:18:52+00
1,1306.3,2025-12-08 00:18:53+00
1,1306.5,2025-12-08 00:18:54+00
1,1306.4,2025-12-08 00:18:55+00
1,1306.1,2025-12-08 00:18:56+00
1,1308,2025-12-08 00:18:57+00
1,1304.7,2025-12-08 00:18:58+00
1,1305.9,2025-12-08 00:18:59+00
1,1303.9,2025-12-08 00:19:00+00
1,1307.4,2025-12-08 00:19:01+00
1,1308.9,2025-12-08 00:19:02+00
1,1305.9,2025-12-08 00:19:03+00
1,1307.9,2025-12-08 00:19:04+00
1,1306.4,2025-12-08 00:19:05+00
1,1307.3,2025-12-08 00:19:06+00
1,1305.6,2025-12-08 00:19:07+00
1,1309.4,2025-12-08 00:19:08+00
1,1309.9,2025-12-08 00:19:09+00
1,1312.1,2025-12-08 00:19:10+00
1,1330.2,2025-12-08 00:19:11+00
1,1380.9,2025-12-08 00:19:12+00
1,1379.9,2025-12-08 00:19:13+00
1,1383.5,2025-12-08 00:19:14+00
1,1386.4,2025-12-08 00:19:15+00
1,1380.8,2025-12-08 00:19:16+00
1,1384.6,2025-12-08 00:19:17+00
1,1384,2025-12-08 00:19:18+00
1,1389.2,2025-12-08 00:19:19+00
1,1389.5,2025-12-08 00:19:20+00
1,1389.3,2025-12-08 00:19:21+00
1,1382.7,2025-12-08 00:19:22+00
1,1409.4,2025-12-08 00:19:23+00
1,1389.1,2025-12-08 00:19:24+00
1,1390.4,2025-12-08 00:19:25+00
1,1388.3,2025-12-08 00:19:26+00
1,1387.9,2025-12-08 00:19:27+00
1,1387.5,2025-12-08 00:19:28+00
1,1391.2,2025-12-08 00:19:29+00
1,1392.8,2025-12-08 00:19:30+00
1,1397.3,2025-12-08 00:19:31+00
1,1386.3,2025-12-08 00:19:32+00
1,1384.5,2025-12-08 00:19:33+00
1,1383.3,2025-12-08 00:19:34+00
1,1384.3,2025-12-08 00:19:35+00
1,1388.3,2025-12-08 00:19:36+00
1,1382.5,2025-12-08 00:19:37+00
1,1388.2,2025-12-08 00:19:38+00
1,1387.2,2025-12-08 00:19:39+00
1,1390.4,2025-12-08 00:19:40+00
1,1388,2025-12-08 00:19:41+00
1,1398.6,2025-12-08 00:19:42+00
1,1389.9,2025-12-08 00:19:43+00
1,1391.8,2025-12-08 00:19:44+00
1,1390.1,2025-12-08 00:19:45+00
1,1387,2025-12-08 00:19:46+00
1,1390.2,2025-12-08 00:19:47+00
1,1388.1,2025-12-08 00:19:48+00
1,1388.4,2025-12-08 00:19:49+00
1,1390.9,2025-12-08 00:19:50+00
1,1397.5,2025-12-08 00:19:51+00
1,1390.6,2025-12-08 00:19:52+00
1,1391.6,2025-12-08 00:19:53+00
1,1390.5,2025-12-08 00:19:54+00
1,1387.3,2025-12-08 00:19:55+00
1,1389.5,2025-12-08 00:19:56+00
1,1394,2025-12-08 00:19:57+00
1,1387.7,2025-12-08 00:19:58+00
1,1390.3,2025-12-08 00:19:59+00
1,1391.4,2025-12-08 00:20:00+00
1,1389,2025-12-08 00:20:01+00
1,1392,2025-12-08 00:20:02+00
1,1392.5,2025-12-08 00:20:03+00
1,1393,2025-12-08 00:20:04+00
1,1389.9,2025-12-08 00:20:05+00
1,1389.5,2025-12-08 00:20:06+00
1,1391.8,2025-12-08 00:20:07+00
1,1392.3,2025-12-08 00:20:08+00
1,1394,2025-12-08 00:20:09+00
1,1385.8,2025-12-08 00:20:10+00
1,1391.5,2025-12-08 00:20:11+00
1,1391.2,2025-12-08 00:20:12+00
1,1404.7,2025-12-08 00:20:13+00
1,1427.9,2025-12-08 00:20:14+00
1,1488.7,2025-12-08 00:20:15+00
1,1477.5,2025-12-08 00:20:16+00
1,1494.6,2025-12-08 00:20:17+00
1,1488.1,2025-12-08 00:20:18+00
1,1493,2025-12-08 00:20:19+00
1,1496.4,2025-12-08 00:20:20+00
1,1493,2025-12-08 00:20:21+00
1,1487.7,2025-12-08 00:20:22+00
1,1490.3,2025-12-08 00:20:23+00
1,1491.6,2025-12-08 00:20:24+00
1,1489.1,2025-12-08 00:20:25+00
1,1488.6,2025-12-08 00:20:26+00
1,1488.7,2025-12-08 00:20:27+00
1,1487.8,2025-12-08 00:20:28+00
1,1491.6,2025-12-08 00:20:29+00
1,1494.6,2025-12-08 00:20:30+00
1,1491.5,2025-12-08 00:20:31+00
1,1492.6,2025-12-08 00:20:32+00
1,1493.1,2025-12-08 00:20:33+00
1,1494.7,2025-12-08 00:20:34+00
1,1498.4,2025-12-08 00:20:35+00
1,1491.7,2025-12-08 00:20:36+00
1,1493.7,2025-12-08 00:20:37+00
1,1497.1,2025-12-08 00:20:38+00
1,1494.8,2025-12-08 00:20:39+00
1,1493.6,2025-12-08 00:20:40+00
1,1496.7,2025-12-08 00:20:41+00
1,1495.7,2025-12-08 00:20:42+00
1,1496.6,2025-12-08 00:20:43+00
1,1498.3,2025-12-08 00:20:44+00
1,1502.4,2025-12-08 00:20:45+00
1,1497.2,2025-12-08 00:20:46+00
1,1495.7,2025-12-08 00:20:47+00
1,1495.7,2025-12-08 00:20:48+00
1,1496.7,2025-12-08 00:20:49+00
1,1499.1,2025-12-08 00:20:50+00
1,1497.6,2025-12-08 00:20:51+00
1,1495.4,2025-12-08 00:20:52+00
1,1495.3,2025-12-08 00:20:53+00
1,1496.5,2025-12-08 00:20:54+00
1,1508,2025-12-08 00:20:55+00
1,1497.7,2025-12-08 00:20:56+00
1,1499.1,2025-12-08 00:20:57+00
1,1499.9,2025-12-08 00:20:58+00
1,1500.7,2025-12-08 00:20:59+00
1,1501.5,2025-12-08 00:21:00+00
1,1499.8,2025-12-08 00:21:01+00
1,1502.2,2025-12-08 00:21:02+00
1,1496.8,2025-12-08 00:21:03+00
1,1500,2025-12-08 00:21:04+00
1,1500.7,2025-12-08 00:21:05+00
1,1499.3,2025-12-08 00:21:06+00
1,1495.7,2025-12-08 00:21:07+00
1,1514.4,2025-12-08 00:21:08+00
1,1497.3,2025-12-08 00:21:09+00
1,1499.5,2025-12-08 00:21:10+00
1,1502.8,2025-12-08 00:21:11+00
1,1498.6,2025-12-08 00:21:12+00
1,1497.7,2025-12-08 00:21:13+00
1,1499.6,2025-12-08 00:21:14+00
1,1505.6,2025-12-08 00:21:15+00
1,1498.9,2025-12-08 00:21:16+00
1,1506.9,2025-12-08 00:21:17+00
1,1500,2025-12-08 00:21:18+00
1,1502.8,2025-12-08 00:21:19+00
1,1506.1,2025-12-08 00:21:20+00
1,1495,2025-12-08 00:21:21+00
1,1496.6,2025-12-08 00:21:22+00
1,1496.8,2025-12-08 00:21:23+00
1,1500.1,2025-12-08 00:21:24+00
1,1495,2025-12-08 00:21:25+00
1,1499.5,2025-12-08 00:21:26+00
1,1500.2,2025-12-08 00:21:27+00
1,1500.3,2025-12-08 00:21:28+00
1,1499,2025-12-08 00:21:29+00
1,1494.8,2025-12-08 00:21:30+00
1,1496.1,2025-12-08 00:21:31+00
1,1500.7,2025-12-08 00:21:32+00
1,1495.7,2025-12-08 00:21:33+00
1,1500.3,2025-12-08 00:21:34+00
1,1497.5,2025-12-08 00:21:35+00
1,1495.1,2025-12-08 00:21:36+00
1,1498.4,2025-12-08 00:21:37+00
1,1497.1,2025-12-08 00:21:38+00
1,1498.6,2025-12-08 00:21:39+00
1,1500.5,2025-12-08 00:21:40+00
1,1501.3,2025-12-08 00:21:41+00
1,1502.4,2025-12-08 00:21:42+00
1,1502.3,2025-12-08 00:21:43+00
1,1513.3,2025-12-08 00:21:44+00
1,1503.2,2025-12-08 00:21:45+00
1,1501.5,2025-12-08 00:21:46+00
1,1503.7,2025-12-08 00:21:47+00
1,1505.8,2025-12-08 00:21:48+00
1,1503.6,2025-12-08 00:21:49+00
1,1504.5,2025-12-08 00:21:50+00
1,1504.7,2025-12-08 00:21:51+00
1,1502.1,2025-12-08 00:21:52+00
1,1502.5,2025-12-08 00:21:53+00
1,1500.6,2025-12-08 00:21:54+00
1,1499.9,2025-12-08 00:21:55+00
1,1499.3,2025-12-08 00:21:56+00
1,1497.1,2025-12-08 00:21:57+00
1,1501.2,2025-12-08 00:21:58+00
1,1501.4,2025-12-08 00:21:59+00
1,1508.6,2025-12-08 00:22:00+00
1,1505.2,2025-12-08 00:22:01+00
1,1504.8,2025-12-08 00:22:02+00
1,1503.4,2025-12-08 00:22:03+00
1,1502.9,2025-12-08 00:22:04+00
1,1505.1,2025-12-08 00:22:05+00
1,1502.4,2025-12-08 00:22:06+00
1,1504.7,2025-12-08 00:22:07+00
1,1503.1,2025-12-08 00:22:08+00
1,1499.8,2025-12-08 00:22:09+00
1,1499.9,2025-12-08 00:22:10+00
1,1501.8,2025-12-08 00:22:11+00
1,1501.4,2025-12-08 00:22:12+00
1,1505.6,2025-12-08 00:22:13+00
1,1502.7,2025-12-08 00:22:14+00
1,1497,2025-12-08 00:22:15+00
1,1500.3,2025-12-08 00:22:16+00
1,1504.1,2025-12-08 00:22:17+00
1,1503.7,2025-12-08 00:22:18+00
1,1508.4,2025-12-08 00:22:19+00
1,1509.2,2025-12-08 00:22:20+00
1,1500.9,2025-12-08 00:22:21+00
1,1502.2,2025-12-08 00:22:22+00
1,1502.4,2025-12-08 00:22:23+00
1,1502.1,2025-12-08 00:22:24+00
1,1502.2,2025-12-08 00:22:25+00
1,1501.1,2025-12-08 00:22:26+00
1,1501.6,2025-12-08 00:22:27+00
1,1502.1,2025-12-08 00:22:28+00
1,1501.9,2025-12-08 00:22:29+00
1,1503.9,2025-12-08 00:22:30+00
1,1498.7,2025-12-08 00:22:31+00
1,1504.9,2025-12-08 00:22:32+00
1,1501.8,2025-12-08 00:22:33+00
1,1506.2,2025-12-08 00:22:34+00
1,1507.3,2025-12-08 00:22:35+00
1,1505.9,2025-12-08 00:22:36+00
1,1508,2025-12-08 00:22:37+00
1,1509.8,2025-12-08 00:22:38+00
1,1504.9,2025-12-08 00:22:39+00
1,1505.3,2025-12-08 00:22:40+00
1,1507.3,2025-12-08 00:22:41+00
1,1500.5,2025-12-08 00:22:42+00
1,1503.1,2025-12-08 00:22:43+00
1,1502.7,2025-12-08 00:22:44+00
1,1514.3,2025-12-08 00:22:45+00
1,1512.9,2025-12-08 00:22:46+00
1,1508.1,2025-12-08 00:22:47+00
1,1504.8,2025-12-08 00:22:48+00
1,1519.5,2025-12-08 00:22:49+00
1,1506.4,2025-12-08 00:22:50+00
1,1506.4,2025-12-08 00:22:51+00
1,1507,2025-12-08 00:22:52+00
1,1507.8,2025-12-08 00:22:53+00
1,1505.2,2025-12-08 00:22:54+00
1,1508.9,2025-12-08 00:22:55+00
1,1506.2,2025-12-08 00:22:56+00
1,1508.5,2025-12-08 00:22:57+00
1,1507.1,2025-12-08 00:22:58+00
1,1520.8,2025-12-08 00:22:59+00
1,1508,2025-12-08 00:23:00+00
1,1510.8,2025-12-08 00:23:01+00
1,1515.1,2025-12-08 00:23:02+00
1,1512.9,2025-12-08 00:23:03+00
1,1514.8,2025-12-08 00:23:04+00
1,1510.9,2025-12-08 00:23:05+00
1,1510.2,2025-12-08 00:23:06+00
1,1511.5,2025-12-08 00:23:07+00
1,1508.1,2025-12-08 00:23:08+00
1,1509.8,2025-12-08 00:23:09+00
1,1512,2025-12-08 00:23:10+00
1,1510.9,2025-12-08 00:23:11+00
1,1531.3,2025-12-08 00:23:12+00
1,1508.3,2025-12-08 00:23:13+00
1,1510.6,2025-12-08 00:23:14+00
1,1512.3,2025-12-08 00:23:15+00
1,1509.5,2025-12-08 00:23:16+00
1,1513.7,2025-12-08 00:23:17+00
1,1509.6,2025-12-08 00:23:18+00
1,1518,2025-12-08 00:23:19+00
1,1518.5,2025-12-08 00:23:20+00
1,1518.1,2025-12-08 00:23:21+00
1,1509.1,2025-12-08 00:23:22+00
1,1514,2025-12-08 00:23:23+00
1,1511.4,2025-12-08 00:23:24+00
1,1511.9,2025-12-08 00:23:25+00
1,1512.8,2025-12-08 00:23:26+00
1,1517.2,2025-12-08 00:23:27+00
1,1517.6,2025-12-08 00:23:28+00
1,1519.2,2025-12-08 00:23:29+00
1,1528.3,2025-12-08 00:23:30+00
1,1514.3,2025-12-08 00:23:31+00
1,1519.8,2025-12-08 00:23:32+00
1,1521,2025-12-08 00:23:33+00
1,1519.5,2025-12-08 00:23:34+00
1,1519.9,2025-12-08 00:23:35+00
1,1518.9,2025-12-08 00:23:36+00
1,1520.1,2025-12-08 00:23:37+00
1,1522.2,2025-12-08 00:23:38+00
1,1524.9,2025-12-08 00:23:39+00
1,1521.5,2025-12-08 00:23:40+00
1,1524.2,2025-12-08 00:23:41+00
1,1521,2025-12-08 00:23:42+00
1,1522.9,2025-12-08 00:23:43+00
1,1535.5,2025-12-08 00:23:44+00
1,1520.8,2025-12-08 00:23:45+00
1,1521.3,2025-12-08 00:23:46+00
1,1525.6,2025-12-08 00:23:47+00
1,1522,2025-12-08 00:23:48+00
1,1523.2,2025-12-08 00:23:49+00
1,1526.7,2025-12-08 00:23:50+00
1,1525.3,2025-12-08 00:23:51+00
1,1523.3,2025-12-08 00:23:52+00
1,1524.1,2025-12-08 00:23:53+00
1,1527.4,2025-12-08 00:23:54+00
1,1523.1,2025-12-08 00:23:55+00
1,1526.8,2025-12-08 00:23:56+00
1,1525.8,2025-12-08 00:23:57+00
1,1523.9,2025-12-08 00:23:58+00
1,1526.7,2025-12-08 00:23:59+00
1,1535.9,2025-12-08 00:24:00+00
1,1525,2025-12-08 00:24:01+00
1,1528.7,2025-12-08 00:24:02+00
1,1529.1,2025-12-08 00:24:03+00
1,1532.2,2025-12-08 00:24:04+00
1,1532.4,2025-12-08 00:24:05+00
1,1530.8,2025-12-08 00:24:06+00
1,1523.7,2025-12-08 00:24:07+00
1,1527.3,2025-12-08 00:24:08+00
1,1533.2,2025-12-08 00:24:09+00
1,1528,2025-12-08 00:24:10+00
1,1527.9,2025-12-08 00:24:11+00
1,1527.1,2025-12-08 00:24:12+00
1,1531.2,2025-12-08 00:24:13+00
1,1530,2025-12-08 00:24:14+00
1,1538.4,2025-12-08 00:24:15+00
1,1531.3,2025-12-08 00:24:16+00
1,1534,2025-12-08 00:24:17+00
1,1537,2025-12-08 00:24:18+00
1,1537.6,2025-12-08 00:24:19+00
1,1539,2025-12-08 00:24:20+00
1,1534.6,2025-12-08 00:24:21+00
1,1533.7,2025-12-08 00:24:22+00
1,1538.7,2025-12-08 00:24:23+00
1,1533.4,2025-12-08 00:24:24+00
1,1534.9,2025-12-08 00:24:25+00
1,1536.3,2025-12-08 00:24:26+00
1,1534.7,2025-12-08 00:24:27+00
1,1536.5,2025-12-08 00:24:28+00
1,1540.1,2025-12-08 00:24:29+00
1,1533.5,2025-12-08 00:24:30+00
1,1535.7,2025-12-08 00:24:31+00
1,1540.9,2025-12-08 00:24:32+00
1,1537.4,2025-12-08 00:24:33+00
1,1540.3,2025-12-08 00:24:34+00
1,1542.9,2025-12-08 00:24:35+00
1,1541.8,2025-12-08 00:24:36+00
1,1545.8,2025-12-08 00:24:37+00
1,1543.2,2025-12-08 00:24:38+00
1,1542.8,2025-12-08 00:24:39+00
1,1541.7,2025-12-08 00:24:40+00
1,1545.5,2025-12-08 00:24:41+00
1,1544,2025-12-08 00:24:42+00
1,1543.4,2025-12-08 00:24:43+00
1,1545.3,2025-12-08 00:24:44+00
1,1545.6,2025-12-08 00:24:45+00
1,1550.5,2025-12-08 00:24:46+00
1,1548.9,2025-12-08 00:24:47+00
1,1546.1,2025-12-08 00:24:48+00
1,1548.3,2025-12-08 00:24:49+00
1,1549.1,2025-12-08 00:24:50+00
1,1548.8,2025-12-08 00:24:51+00
1,1375.7,2025-12-08 00:24:52+00
1,1379.9,2025-12-08 00:24:53+00
1,1388.1,2025-12-08 00:24:54+00
1,1397.6,2025-12-08 00:24:55+00
1,1358.4,2025-12-08 00:24:56+00
1,649.8,2025-12-08 00:24:57+00
1,648.6,2025-12-08 00:24:58+00
1,655.3,2025-12-08 00:24:59+00
1,905,2025-12-08 00:25:00+00
1,667.9,2025-12-08 00:25:01+00
1,658.3,2025-12-08 00:25:02+00
1,658.5,2025-12-08 00:25:03+00
1,656.6,2025-12-08 00:25:04+00
1,655.7,2025-12-08 00:25:05+00
1,658.5,2025-12-08 00:25:06+00
1,659.3,2025-12-08 00:25:07+00
1,659.5,2025-12-08 00:25:08+00
1,659.5,2025-12-08 00:25:09+00
1,659,2025-12-08 00:25:10+00
1,660.9,2025-12-08 00:25:11+00
1,657,2025-12-08 00:25:12+00
1,658.8,2025-12-08 00:25:13+00
1,661.8,2025-12-08 00:25:14+00
1,658.9,2025-12-08 00:25:15+00
1,661.5,2025-12-08 00:25:16+00
1,658.4,2025-12-08 00:25:17+00
1,658,2025-12-08 00:25:18+00
1,663.8,2025-12-08 00:25:19+00
1,663.4,2025-12-08 00:25:20+00
1,658,2025-12-08 00:25:21+00
1,660.2,2025-12-08 00:25:22+00
1,661.6,2025-12-08 00:25:23+00
1,658.3,2025-12-08 00:25:24+00
1,658.6,2025-12-08 00:25:25+00
1,663.1,2025-12-08 00:25:26+00
1,648.2,2025-12-08 00:25:27+00
1,647.3,2025-12-08 00:25:28+00
1,545.2,2025-12-08 00:25:29+00
1,538.6,2025-12-08 00:25:30+00
1,666.1,2025-12-08 00:25:31+00
1,563.1,2025-12-08 00:25:32+00
1,557.4,2025-12-08 00:25:33+00
1,558.1,2025-12-08 00:25:34+00
1,555.6,2025-12-08 00:25:35+00
1,555.5,2025-12-08 00:25:36+00
1,553.5,2025-12-08 00:25:37+00
1,553.5,2025-12-08 00:25:38+00
1,552.4,2025-12-08 00:25:39+00
1,554.2,2025-12-08 00:25:40+00
1,561.7,2025-12-08 00:25:41+00
1,557.8,2025-12-08 00:25:42+00
1,558.6,2025-12-08 00:25:43+00
1,563.8,2025-12-08 00:25:44+00
1,559.3,2025-12-08 00:25:45+00
1,561,2025-12-08 00:25:46+00
1,583.7,2025-12-08 00:25:47+00
1,631.1,2025-12-08 00:25:48+00
1,671.7,2025-12-08 00:25:49+00
1,680.7,2025-12-08 00:25:50+00
1,679.6,2025-12-08 00:25:51+00
1,680.8,2025-12-08 00:25:52+00
1,679.8,2025-12-08 00:25:53+00
1,682.2,2025-12-08 00:25:54+00
1,683.3,2025-12-08 00:25:55+00
1,681.1,2025-12-08 00:25:56+00
1,681.8,2025-12-08 00:25:57+00
1,687.6,2025-12-08 00:25:58+00
1,685.7,2025-12-08 00:25:59+00
1,685.7,2025-12-08 00:26:00+00
1,686.1,2025-12-08 00:26:01+00
1,686.8,2025-12-08 00:26:02+00
1,686.3,2025-12-08 00:26:03+00
1,687.9,2025-12-08 00:26:04+00
1,686.6,2025-12-08 00:26:05+00
1,685.2,2025-12-08 00:26:06+00
1,686.8,2025-12-08 00:26:07+00
1,687.5,2025-12-08 00:26:08+00
1,685.7,2025-12-08 00:26:09+00
1,687.7,2025-12-08 00:26:10+00
1,685.4,2025-12-08 00:26:11+00
1,686.1,2025-12-08 00:26:12+00
1,688.6,2025-12-08 00:26:13+00
1,689.3,2025-12-08 00:26:14+00
1,686.7,2025-12-08 00:26:15+00
1,692.7,2025-12-08 00:26:16+00
1,686.2,2025-12-08 00:26:17+00
1,684.3,2025-12-08 00:26:18+00
1,690.4,2025-12-08 00:26:19+00
1,697.3,2025-12-08 00:26:20+00
1,696.8,2025-12-08 00:26:21+00
1,687.5,2025-12-08 00:26:22+00
1,699.5,2025-12-08 00:26:23+00
1,683.9,2025-12-08 00:26:24+00
1,687.3,2025-12-08 00:26:25+00
1,693.3,2025-12-08 00:26:26+00
1,690.4,2025-12-08 00:26:27+00
1,690.7,2025-12-08 00:26:28+00
1,691.5,2025-12-08 00:26:29+00
1,687.3,2025-12-08 00:26:30+00
1,687.9,2025-12-08 00:26:31+00
1,686.1,2025-12-08 00:26:32+00
1,688,2025-12-08 00:26:33+00
1,688.1,2025-12-08 00:26:34+00
1,688.9,2025-12-08 00:26:35+00
1,687,2025-12-08 00:26:36+00
1,687.7,2025-12-08 00:26:37+00
1,690.5,2025-12-08 00:26:38+00
1,686.7,2025-12-08 00:26:39+00
1,686.4,2025-12-08 00:26:40+00
1,686.6,2025-12-08 00:26:41+00
1,686.8,2025-12-08 00:26:42+00
1,690.7,2025-12-08 00:26:43+00
1,692,2025-12-08 00:26:44+00
1,689.5,2025-12-08 00:26:45+00
1,687.8,2025-12-08 00:26:46+00
1,689.7,2025-12-08 00:26:47+00
1,687.2,2025-12-08 00:26:48+00
1,696.3,2025-12-08 00:26:49+00
1,688.7,2025-12-08 00:26:50+00
1,687.9,2025-12-08 00:26:51+00
1,688.2,2025-12-08 00:26:52+00
1,687.6,2025-12-08 00:26:53+00
1,689.4,2025-12-08 00:26:54+00
1,697.9,2025-12-08 00:26:55+00
1,690.1,2025-12-08 00:26:56+00
1,689.6,2025-12-08 00:26:57+00
1,688.8,2025-12-08 00:26:58+00
1,687,2025-12-08 00:26:59+00
1,699.5,2025-12-08 00:27:00+00
1,694.9,2025-12-08 00:27:01+00
1,691.8,2025-12-08 00:27:02+00
1,692.7,2025-12-08 00:27:03+00
1,702.1,2025-12-08 00:27:04+00
1,690.4,2025-12-08 00:27:05+00
1,688.8,2025-12-08 00:27:06+00
1,693.8,2025-12-08 00:27:07+00
1,688,2025-12-08 00:27:08+00
1,685.6,2025-12-08 00:27:09+00
1,688.5,2025-12-08 00:27:10+00
1,686.4,2025-12-08 00:27:11+00
1,686,2025-12-08 00:27:12+00
1,686.6,2025-12-08 00:27:13+00
1,690.4,2025-12-08 00:27:14+00
1,686.9,2025-12-08 00:27:15+00
1,685.6,2025-12-08 00:27:16+00
1,691,2025-12-08 00:27:17+00
1,689.5,2025-12-08 00:27:18+00
1,695.3,2025-12-08 00:27:19+00
1,693.5,2025-12-08 00:27:20+00
1,688.5,2025-12-08 00:27:21+00
1,687.2,2025-12-08 00:27:22+00
1,689.6,2025-12-08 00:27:23+00
1,689.5,2025-12-08 00:27:24+00
1,688.2,2025-12-08 00:27:25+00
1,689.5,2025-12-08 00:27:26+00
1,691.2,2025-12-08 00:27:27+00
1,693,2025-12-08 00:27:28+00
1,695.4,2025-12-08 00:27:29+00
1,694.3,2025-12-08 00:27:30+00
1,695.8,2025-12-08 00:27:31+00
1,695.6,2025-12-08 00:27:32+00
1,695.6,2025-12-08 00:27:33+00
1,693.6,2025-12-08 00:27:34+00
1,693.7,2025-12-08 00:27:35+00
1,691.3,2025-12-08 00:27:36+00
1,692.7,2025-12-08 00:27:37+00
1,694.4,2025-12-08 00:27:38+00
1,691.9,2025-12-08 00:27:39+00
1,693,2025-12-08 00:27:40+00
1,693,2025-12-08 00:27:41+00
1,698.4,2025-12-08 00:27:42+00
1,690.1,2025-12-08 00:27:43+00
1,689.9,2025-12-08 00:27:44+00
1,685,2025-12-08 00:27:45+00
1,685.3,2025-12-08 00:27:46+00
1,689,2025-12-08 00:27:47+00
1,689.4,2025-12-08 00:27:48+00
1,690.3,2025-12-08 00:27:49+00
1,693.7,2025-12-08 00:27:50+00
1,686.7,2025-12-08 00:27:51+00
1,688.6,2025-12-08 00:27:52+00
1,686.6,2025-12-08 00:27:53+00
1,686.7,2025-12-08 00:27:54+00
1,689.7,2025-12-08 00:27:55+00
1,686.9,2025-12-08 00:27:56+00
1,685.7,2025-12-08 00:27:57+00
1,687.6,2025-12-08 00:27:58+00
1,688.3,2025-12-08 00:27:59+00
1,703.2,2025-12-08 00:28:00+00
1,687.9,2025-12-08 00:28:01+00
1,688,2025-12-08 00:28:02+00
1,688.2,2025-12-08 00:28:03+00
1,688.5,2025-12-08 00:28:04+00
1,702.6,2025-12-08 00:28:05+00
1,689.9,2025-12-08 00:28:06+00
1,689.5,2025-12-08 00:28:07+00
1,690.7,2025-12-08 00:28:08+00
1,686.9,2025-12-08 00:28:09+00
1,690.5,2025-12-08 00:28:10+00
1,691.5,2025-12-08 00:28:11+00
1,688.9,2025-12-08 00:28:12+00
1,688.4,2025-12-08 00:28:13+00
1,688.9,2025-12-08 00:28:14+00
1,686.4,2025-12-08 00:28:15+00
1,689.1,2025-12-08 00:28:16+00
1,686.9,2025-12-08 00:28:17+00
1,686.9,2025-12-08 00:28:18+00
1,693.8,2025-12-08 00:28:19+00
1,692,2025-12-08 00:28:20+00
1,686.9,2025-12-08 00:28:21+00
1,687.5,2025-12-08 00:28:22+00
1,690.6,2025-12-08 00:28:23+00
1,687.5,2025-12-08 00:28:24+00
1,687,2025-12-08 00:28:25+00
1,685.3,2025-12-08 00:28:26+00
1,686.8,2025-12-08 00:28:27+00
1,688.9,2025-12-08 00:28:28+00
1,699,2025-12-08 00:28:29+00
1,684.8,2025-12-08 00:28:30+00
1,686.8,2025-12-08 00:28:31+00
1,686.7,2025-12-08 00:28:32+00
1,682.3,2025-12-08 00:28:33+00
1,686.5,2025-12-08 00:28:34+00
1,687.2,2025-12-08 00:28:35+00
1,685.1,2025-12-08 00:28:36+00
1,686.5,2025-12-08 00:28:37+00
1,687.6,2025-12-08 00:28:38+00
1,685.9,2025-12-08 00:28:39+00
1,690.7,2025-12-08 00:28:40+00
1,686,2025-12-08 00:28:41+00
1,686.5,2025-12-08 00:28:42+00
1,689.6,2025-12-08 00:28:43+00
1,688,2025-12-08 00:28:44+00
1,687.6,2025-12-08 00:28:45+00
1,686.1,2025-12-08 00:28:46+00
1,691,2025-12-08 00:28:47+00
1,684,2025-12-08 00:28:48+00
1,687.2,2025-12-08 00:28:49+00
1,684.8,2025-12-08 00:28:50+00
1,683.9,2025-12-08 00:28:51+00
1,688.5,2025-12-08 00:28:52+00
1,686.1,2025-12-08 00:28:53+00
1,689.8,2025-12-08 00:28:54+00
1,687.7,2025-12-08 00:28:55+00
1,687.7,2025-12-08 00:28:56+00
1,687.2,2025-12-08 00:28:57+00
1,687.2,2025-12-08 00:28:58+00
1,688.2,2025-12-08 00:28:59+00
1,693.2,2025-12-08 00:29:00+00
1,689.1,2025-12-08 00:29:01+00
1,687.2,2025-12-08 00:29:02+00
1,687.6,2025-12-08 00:29:03+00
1,689.7,2025-12-08 00:29:04+00
1,686.5,2025-12-08 00:29:05+00
1,689.9,2025-12-08 00:29:06+00
1,688.8,2025-12-08 00:29:07+00
1,685.4,2025-12-08 00:29:08+00
1,686.3,2025-12-08 00:29:09+00
1,692.5,2025-12-08 00:29:10+00
1,685.9,2025-12-08 00:29:11+00
1,684.8,2025-12-08 00:29:12+00
1,686.6,2025-12-08 00:29:13+00
1,687.3,2025-12-08 00:29:14+00
1,684.6,2025-12-08 00:29:15+00
1,685.5,2025-12-08 00:29:16+00
1,685.7,2025-12-08 00:29:17+00
1,684.7,2025-12-08 00:29:18+00
1,691.8,2025-12-08 00:29:19+00
1,692.7,2025-12-08 00:29:20+00
1,688.5,2025-12-08 00:29:21+00
1,689.7,2025-12-08 00:29:22+00
1,692.6,2025-12-08 00:29:23+00
1,688.1,2025-12-08 00:29:24+00
1,685.8,2025-12-08 00:29:25+00
1,684.9,2025-12-08 00:29:26+00
1,685.9,2025-12-08 00:29:27+00
1,686.2,2025-12-08 00:29:28+00
1,684.5,2025-12-08 00:29:29+00
1,684.1,2025-12-08 00:29:30+00
1,684.9,2025-12-08 00:29:31+00
1,683.5,2025-12-08 00:29:32+00
1,684.8,2025-12-08 00:29:33+00
1,687.2,2025-12-08 00:29:34+00
1,683.9,2025-12-08 00:29:35+00
1,687.5,2025-12-08 00:29:36+00
1,686.5,2025-12-08 00:29:37+00
1,686.8,2025-12-08 00:29:38+00
1,802.6,2025-12-08 00:29:39+00
1,788.3,2025-12-08 00:29:40+00
1,784.3,2025-12-08 00:29:41+00
1,784.9,2025-12-08 00:29:42+00
1,786.5,2025-12-08 00:29:43+00
1,783.7,2025-12-08 00:29:44+00
1,780.5,2025-12-08 00:29:45+00
1,782.6,2025-12-08 00:29:46+00
1,782.2,2025-12-08 00:29:47+00
1,780.6,2025-12-08 00:29:48+00
1,774.6,2025-12-08 00:29:49+00
1,773.7,2025-12-08 00:29:50+00
1,776.5,2025-12-08 00:29:51+00
1,776,2025-12-08 00:29:52+00
1,774.1,2025-12-08 00:29:53+00
1,775.1,2025-12-08 00:29:54+00
1,776.8,2025-12-08 00:29:55+00
1,773.6,2025-12-08 00:29:56+00
1,774.6,2025-12-08 00:29:57+00
1,825.2,2025-12-08 00:29:58+00
1,792.8,2025-12-08 00:29:59+00
1,786.2,2025-12-08 00:30:00+00
1,785.6,2025-12-08 00:30:01+00
1,785,2025-12-08 00:30:02+00
1,785.9,2025-12-08 00:30:03+00
1,791.9,2025-12-08 00:30:04+00
1,790,2025-12-08 00:30:05+00
1,789.9,2025-12-08 00:30:06+00
1,790.3,2025-12-08 00:30:07+00
1,788.2,2025-12-08 00:30:08+00
1,790.3,2025-12-08 00:30:09+00
1,791.4,2025-12-08 00:30:10+00
1,790,2025-12-08 00:30:11+00
1,789,2025-12-08 00:30:12+00
1,790,2025-12-08 00:30:13+00
1,790.1,2025-12-08 00:30:14+00
1,792.3,2025-12-08 00:30:15+00
1,790.9,2025-12-08 00:30:16+00
1,796.2,2025-12-08 00:30:17+00
1,789.5,2025-12-08 00:30:18+00
1,794.1,2025-12-08 00:30:19+00
1,797.2,2025-12-08 00:30:20+00
1,796.1,2025-12-08 00:30:21+00
1,797.7,2025-12-08 00:30:22+00
1,789.4,2025-12-08 00:30:23+00
1,788,2025-12-08 00:30:24+00
1,799.6,2025-12-08 00:30:25+00
1,788.6,2025-12-08 00:30:26+00
1,786.5,2025-12-08 00:30:27+00
1,791.7,2025-12-08 00:30:28+00
1,790.9,2025-12-08 00:30:29+00
1,1070.5,2025-12-08 00:30:30+00
1,1123.4,2025-12-08 00:30:31+00
1,993,2025-12-08 00:30:32+00
1,1002.5,2025-12-08 00:30:33+00
1,1077.8,2025-12-08 00:30:34+00
1,1004.7,2025-12-08 00:30:35+00
1,1050.1,2025-12-08 00:30:36+00
1,1077.3,2025-12-08 00:30:37+00
1,1104.5,2025-12-08 00:30:38+00
1,1129,2025-12-08 00:30:39+00
1,1153.1,2025-12-08 00:30:40+00
1,1174.7,2025-12-08 00:30:41+00
1,1191,2025-12-08 00:30:42+00
1,1207.9,2025-12-08 00:30:43+00
1,1222.8,2025-12-08 00:30:44+00
1,1227.4,2025-12-08 00:30:45+00
1,1233.7,2025-12-08 00:30:46+00
1,1236.4,2025-12-08 00:30:47+00
1,1236.9,2025-12-08 00:30:48+00
1,1237.9,2025-12-08 00:30:49+00
1,1240.2,2025-12-08 00:30:50+00
1,1237,2025-12-08 00:30:51+00
1,1249.3,2025-12-08 00:30:52+00
1,1248.2,2025-12-08 00:30:53+00
1,1236.8,2025-12-08 00:30:54+00
1,1238.5,2025-12-08 00:30:55+00
1,1240.2,2025-12-08 00:30:56+00
1,1238.4,2025-12-08 00:30:57+00
1,1241.3,2025-12-08 00:30:58+00
1,1239.6,2025-12-08 00:30:59+00
1,1245.1,2025-12-08 00:31:00+00
1,1274.4,2025-12-08 00:31:01+00
1,1242,2025-12-08 00:31:02+00
1,1240.7,2025-12-08 00:31:03+00
1,1242.2,2025-12-08 00:31:04+00
1,1242.8,2025-12-08 00:31:05+00
1,1247.3,2025-12-08 00:31:06+00
1,1247.6,2025-12-08 00:31:07+00
1,1253,2025-12-08 00:31:08+00
1,1252.7,2025-12-08 00:31:09+00
1,1253.9,2025-12-08 00:31:10+00
1,1254.3,2025-12-08 00:31:11+00
1,1256,2025-12-08 00:31:12+00
1,1259.2,2025-12-08 00:31:13+00
1,1267.4,2025-12-08 00:31:14+00
1,1260.9,2025-12-08 00:31:15+00
1,1261.4,2025-12-08 00:31:16+00
1,1270.6,2025-12-08 00:31:17+00
1,1262.8,2025-12-08 00:31:18+00
1,1269.2,2025-12-08 00:31:19+00
1,1271.1,2025-12-08 00:31:20+00
1,1273.4,2025-12-08 00:31:21+00
1,1264.8,2025-12-08 00:31:22+00
1,1264,2025-12-08 00:31:23+00
1,1267.8,2025-12-08 00:31:24+00
1,1265,2025-12-08 00:31:25+00
1,1263.5,2025-12-08 00:31:26+00
1,1263.3,2025-12-08 00:31:27+00
1,1264.1,2025-12-08 00:31:28+00
1,1263,2025-12-08 00:31:29+00
1,1257.7,2025-12-08 00:31:30+00
1,1264.5,2025-12-08 00:31:31+00
1,1260,2025-12-08 00:31:32+00
1,1262.6,2025-12-08 00:31:33+00
1,1263.4,2025-12-08 00:31:34+00
1,1263.7,2025-12-08 00:31:35+00
1,1263.2,2025-12-08 00:31:36+00
1,1261.3,2025-12-08 00:31:37+00
1,1264.3,2025-12-08 00:31:38+00
1,1264.5,2025-12-08 00:31:39+00
1,1268,2025-12-08 00:31:40+00
1,1265.2,2025-12-08 00:31:41+00
1,1264.6,2025-12-08 00:31:42+00
1,1267,2025-12-08 00:31:43+00
1,1266.5,2025-12-08 00:31:44+00
1,1265.2,2025-12-08 00:31:45+00
1,1269.7,2025-12-08 00:31:46+00
1,1269.1,2025-12-08 00:31:47+00
1,1267.4,2025-12-08 00:31:48+00
1,1270.8,2025-12-08 00:31:49+00
1,1271.3,2025-12-08 00:31:50+00
1,1270.6,2025-12-08 00:31:51+00
1,1270.3,2025-12-08 00:31:52+00
1,1267.3,2025-12-08 00:31:53+00
1,1267.2,2025-12-08 00:31:54+00
1,1268.3,2025-12-08 00:31:55+00
1,1266.9,2025-12-08 00:31:56+00
1,1268.1,2025-12-08 00:31:57+00
1,1268,2025-12-08 00:31:58+00
1,1265.1,2025-12-08 00:31:59+00
1,1269.3,2025-12-08 00:32:00+00
1,1272,2025-12-08 00:32:01+00
1,1270.4,2025-12-08 00:32:02+00
1,1267.9,2025-12-08 00:32:03+00
1,1268.4,2025-12-08 00:32:04+00
1,1265.6,2025-12-08 00:32:05+00
1,1264.8,2025-12-08 00:32:06+00
1,1268.3,2025-12-08 00:32:07+00
1,1262.1,2025-12-08 00:32:08+00
1,1262.2,2025-12-08 00:32:09+00
1,1264.4,2025-12-08 00:32:10+00
1,1264.3,2025-12-08 00:32:11+00
1,1260.3,2025-12-08 00:32:12+00
1,1284.7,2025-12-08 00:32:13+00
1,1263,2025-12-08 00:32:14+00
1,1264.2,2025-12-08 00:32:15+00
1,1264.5,2025-12-08 00:32:16+00
1,1271.3,2025-12-08 00:32:17+00
1,1266,2025-12-08 00:32:18+00
1,1269.7,2025-12-08 00:32:19+00
1,1269.6,2025-12-08 00:32:20+00
1,1268.7,2025-12-08 00:32:21+00
1,1269.9,2025-12-08 00:32:22+00
1,1266.9,2025-12-08 00:32:23+00
1,1263.2,2025-12-08 00:32:24+00
1,1268.2,2025-12-08 00:32:25+00
1,1286.5,2025-12-08 00:32:26+00
1,1267.4,2025-12-08 00:32:27+00
1,1274.2,2025-12-08 00:32:28+00
1,1276.7,2025-12-08 00:32:29+00
1,1263.7,2025-12-08 00:32:30+00
1,1265.1,2025-12-08 00:32:31+00
1,1253.7,2025-12-08 00:32:32+00
1,1254.5,2025-12-08 00:32:33+00
1,1257.1,2025-12-08 00:32:34+00
1,1250,2025-12-08 00:32:35+00
1,1250,2025-12-08 00:32:36+00
1,1253.3,2025-12-08 00:32:37+00
1,1259,2025-12-08 00:32:38+00
1,1259.6,2025-12-08 00:32:39+00
1,1253.6,2025-12-08 00:32:40+00
1,1262.6,2025-12-08 00:32:41+00
1,1252.5,2025-12-08 00:32:42+00
1,1258.9,2025-12-08 00:32:43+00
1,1251.6,2025-12-08 00:32:44+00
1,1252.1,2025-12-08 00:32:45+00
1,1256.8,2025-12-08 00:32:46+00
1,1271.4,2025-12-08 00:32:47+00
1,1251.6,2025-12-08 00:32:48+00
1,1260.3,2025-12-08 00:32:49+00
1,1252,2025-12-08 00:32:50+00
1,1253.5,2025-12-08 00:32:51+00
1,1253.2,2025-12-08 00:32:52+00
1,1255.7,2025-12-08 00:32:53+00
1,1253.2,2025-12-08 00:32:54+00
1,1267.1,2025-12-08 00:32:55+00
1,1254.9,2025-12-08 00:32:56+00
1,1253.1,2025-12-08 00:32:57+00
1,1254.1,2025-12-08 00:32:58+00
1,1251.8,2025-12-08 00:32:59+00
1,1255.4,2025-12-08 00:33:00+00
1,1251.8,2025-12-08 00:33:01+00
1,1254.1,2025-12-08 00:33:02+00
1,1253.2,2025-12-08 00:33:03+00
1,1317.5,2025-12-08 00:33:04+00
1,1341.5,2025-12-08 00:33:05+00
1,1344.8,2025-12-08 00:33:06+00
1,1329.8,2025-12-08 00:33:07+00
1,1328.1,2025-12-08 00:33:08+00
1,1327,2025-12-08 00:33:09+00
1,1336.4,2025-12-08 00:33:10+00
1,1331,2025-12-08 00:33:11+00
1,1326.1,2025-12-08 00:33:12+00
1,1329.7,2025-12-08 00:33:13+00
1,1327.3,2025-12-08 00:33:14+00
1,1338.9,2025-12-08 00:33:15+00
1,1329.7,2025-12-08 00:33:16+00
1,1327.7,2025-12-08 00:33:17+00
1,1332.8,2025-12-08 00:33:18+00
1,1341.9,2025-12-08 00:33:19+00
1,1335.7,2025-12-08 00:33:20+00
1,1336.1,2025-12-08 00:33:21+00
1,1338.9,2025-12-08 00:33:22+00
1,1326.3,2025-12-08 00:33:23+00
1,1328.6,2025-12-08 00:33:24+00
1,1333.1,2025-12-08 00:33:25+00
1,1337.5,2025-12-08 00:33:26+00
1,1334,2025-12-08 00:33:27+00
1,1331.8,2025-12-08 00:33:28+00
1,1328.2,2025-12-08 00:33:29+00
1,1332.6,2025-12-08 00:33:30+00
1,1333.8,2025-12-08 00:33:31+00
1,1331,2025-12-08 00:33:32+00
1,1330.7,2025-12-08 00:33:33+00
1,1333.3,2025-12-08 00:33:34+00
1,1345.8,2025-12-08 00:33:35+00
1,1332.6,2025-12-08 00:33:36+00
1,1330.6,2025-12-08 00:33:37+00
1,1328.8,2025-12-08 00:33:38+00
1,1333.5,2025-12-08 00:33:39+00
1,1330.7,2025-12-08 00:33:40+00
1,1332.5,2025-12-08 00:33:41+00
1,1332.8,2025-12-08 00:33:42+00
1,1331,2025-12-08 00:33:43+00
1,1399.2,2025-12-08 00:33:44+00
1,1406.3,2025-12-08 00:33:45+00
1,1408.5,2025-12-08 00:33:46+00
1,1410.3,2025-12-08 00:33:47+00
1,1408.3,2025-12-08 00:33:48+00
1,1410.8,2025-12-08 00:33:49+00
1,1408,2025-12-08 00:33:50+00
1,1409.9,2025-12-08 00:33:51+00
1,1416.4,2025-12-08 00:33:52+00
1,1409.6,2025-12-08 00:33:53+00
1,1410.6,2025-12-08 00:33:54+00
1,1418.5,2025-12-08 00:33:55+00
1,1420.1,2025-12-08 00:33:56+00
1,1412.1,2025-12-08 00:33:57+00
1,1413.8,2025-12-08 00:33:58+00
1,1415.4,2025-12-08 00:33:59+00
1,1421.1,2025-12-08 00:34:00+00
1,1415.9,2025-12-08 00:34:01+00
1,1410.1,2025-12-08 00:34:02+00
1,1413.5,2025-12-08 00:34:03+00
1,1413.2,2025-12-08 00:34:04+00
1,1421.4,2025-12-08 00:34:05+00
1,1416,2025-12-08 00:34:06+00
1,1418.5,2025-12-08 00:34:07+00
1,1415.3,2025-12-08 00:34:08+00
1,1412.6,2025-12-08 00:34:09+00
1,1414,2025-12-08 00:34:10+00
1,1421.7,2025-12-08 00:34:11+00
1,1415.3,2025-12-08 00:34:12+00
1,1421.4,2025-12-08 00:34:13+00
1,1417.5,2025-12-08 00:34:14+00
1,1415.2,2025-12-08 00:34:15+00
1,1413.4,2025-12-08 00:34:16+00
1,1414.1,2025-12-08 00:34:17+00
1,1413.3,2025-12-08 00:34:18+00
1,1422.1,2025-12-08 00:34:19+00
1,1420.7,2025-12-08 00:34:20+00
1,1422.2,2025-12-08 00:34:21+00
1,1417.6,2025-12-08 00:34:22+00
1,1425.5,2025-12-08 00:34:23+00
1,1498.6,2025-12-08 00:34:24+00
1,1510,2025-12-08 00:34:25+00
1,1505.2,2025-12-08 00:34:26+00
1,1504.3,2025-12-08 00:34:27+00
1,1505.7,2025-12-08 00:34:28+00
1,1507.5,2025-12-08 00:34:29+00
1,1514.9,2025-12-08 00:34:30+00
1,1521.9,2025-12-08 00:34:31+00
1,1520.9,2025-12-08 00:34:32+00
1,1517.3,2025-12-08 00:34:33+00
1,1510.4,2025-12-08 00:34:34+00
1,1513.3,2025-12-08 00:34:35+00
1,1510.5,2025-12-08 00:34:36+00
1,1511.6,2025-12-08 00:34:37+00
1,1517.5,2025-12-08 00:34:38+00
1,1513.4,2025-12-08 00:34:39+00
1,1514.7,2025-12-08 00:34:40+00
1,1513.7,2025-12-08 00:34:41+00
1,1515.7,2025-12-08 00:34:42+00
1,1514.2,2025-12-08 00:34:43+00
1,1523,2025-12-08 00:34:44+00
1,1513,2025-12-08 00:34:45+00
1,1515.1,2025-12-08 00:34:46+00
1,1519.8,2025-12-08 00:34:47+00
1,1516.9,2025-12-08 00:34:48+00
1,1518.2,2025-12-08 00:34:49+00
1,1520.1,2025-12-08 00:34:50+00
1,1517.1,2025-12-08 00:34:51+00
1,1515,2025-12-08 00:34:52+00
1,1519.9,2025-12-08 00:34:53+00
1,1520.3,2025-12-08 00:34:54+00
1,1520.1,2025-12-08 00:34:55+00
1,1524.8,2025-12-08 00:34:56+00
1,1518.4,2025-12-08 00:34:57+00
1,1519,2025-12-08 00:34:58+00
1,1518.7,2025-12-08 00:34:59+00
1,1520,2025-12-08 00:35:00+00
1,1520.8,2025-12-08 00:35:01+00
1,1518.3,2025-12-08 00:35:02+00
1,1522.9,2025-12-08 00:35:03+00
1,1519.4,2025-12-08 00:35:04+00
1,1520.7,2025-12-08 00:35:05+00
1,1523.5,2025-12-08 00:35:06+00
1,1521.3,2025-12-08 00:35:07+00
1,1517.6,2025-12-08 00:35:08+00
1,1518.9,2025-12-08 00:35:09+00
1,1522.4,2025-12-08 00:35:10+00
1,1523.3,2025-12-08 00:35:11+00
1,1519.8,2025-12-08 00:35:12+00
1,1523.3,2025-12-08 00:35:13+00
1,1526.5,2025-12-08 00:35:14+00
1,1519.8,2025-12-08 00:35:15+00
1,1519.1,2025-12-08 00:35:16+00
1,1521,2025-12-08 00:35:17+00
1,1520.3,2025-12-08 00:35:18+00
1,1529.5,2025-12-08 00:35:19+00
1,1527.6,2025-12-08 00:35:20+00
1,1523.7,2025-12-08 00:35:21+00
1,1524.2,2025-12-08 00:35:22+00
1,1524.8,2025-12-08 00:35:23+00
1,1529.5,2025-12-08 00:35:24+00
1,1520.8,2025-12-08 00:35:25+00
1,1523,2025-12-08 00:35:26+00
1,1520.7,2025-12-08 00:35:27+00
1,1524.3,2025-12-08 00:35:28+00
1,1522,2025-12-08 00:35:29+00
1,1519,2025-12-08 00:35:30+00
1,1522.3,2025-12-08 00:35:31+00
1,1524.5,2025-12-08 00:35:32+00
1,1541.1,2025-12-08 00:35:33+00
1,1521.6,2025-12-08 00:35:34+00
1,1523.3,2025-12-08 00:35:35+00
1,1521.8,2025-12-08 00:35:36+00
1,1522.9,2025-12-08 00:35:37+00
1,1525.7,2025-12-08 00:35:38+00
1,1524.3,2025-12-08 00:35:39+00
1,1524.2,2025-12-08 00:35:40+00
1,1525.9,2025-12-08 00:35:41+00
1,1525.4,2025-12-08 00:35:42+00
1,1526.2,2025-12-08 00:35:43+00
1,1525.9,2025-12-08 00:35:44+00
1,1520.6,2025-12-08 00:35:45+00
1,1525,2025-12-08 00:35:46+00
1,1524.4,2025-12-08 00:35:47+00
1,1523.6,2025-12-08 00:35:48+00
1,1526.8,2025-12-08 00:35:49+00
1,1524.9,2025-12-08 00:35:50+00
1,1524.3,2025-12-08 00:35:51+00
1,1526.6,2025-12-08 00:35:52+00
1,1527.5,2025-12-08 00:35:53+00
1,1527.6,2025-12-08 00:35:54+00
1,1527.3,2025-12-08 00:35:55+00
1,1527.1,2025-12-08 00:35:56+00
1,1533.5,2025-12-08 00:35:57+00
1,1528.3,2025-12-08 00:35:58+00
1,1527.9,2025-12-08 00:35:59+00
1,1537.2,2025-12-08 00:36:00+00
1,1529.7,2025-12-08 00:36:01+00
1,1530.8,2025-12-08 00:36:02+00
1,1525.8,2025-12-08 00:36:03+00
1,1528.6,2025-12-08 00:36:04+00
1,1529.8,2025-12-08 00:36:05+00
1,1521.7,2025-12-08 00:36:06+00
1,1524.4,2025-12-08 00:36:07+00
1,1527.5,2025-12-08 00:36:08+00
1,1530.2,2025-12-08 00:36:09+00
1,1527.8,2025-12-08 00:36:10+00
1,1525.9,2025-12-08 00:36:11+00
1,1525.5,2025-12-08 00:36:12+00
1,1527.5,2025-12-08 00:36:13+00
1,1524.6,2025-12-08 00:36:14+00
1,1522.8,2025-12-08 00:36:15+00
1,1527.3,2025-12-08 00:36:16+00
1,1527.9,2025-12-08 00:36:17+00
1,1543.4,2025-12-08 00:36:18+00
1,1530.6,2025-12-08 00:36:19+00
1,1528.8,2025-12-08 00:36:20+00
1,1532.2,2025-12-08 00:36:21+00
1,1526.7,2025-12-08 00:36:22+00
1,1524.8,2025-12-08 00:36:23+00
1,1526.2,2025-12-08 00:36:24+00
1,1527.5,2025-12-08 00:36:25+00
1,1526.9,2025-12-08 00:36:26+00
1,1523.7,2025-12-08 00:36:27+00
1,1529.4,2025-12-08 00:36:28+00
1,1525,2025-12-08 00:36:29+00
1,1527.3,2025-12-08 00:36:30+00
1,1524.3,2025-12-08 00:36:31+00
1,1525.4,2025-12-08 00:36:32+00
1,1528.4,2025-12-08 00:36:33+00
1,1529.9,2025-12-08 00:36:34+00
1,1526.1,2025-12-08 00:36:35+00
1,1530.8,2025-12-08 00:36:36+00
1,1528.4,2025-12-08 00:36:37+00
1,1526.8,2025-12-08 00:36:38+00
1,1528.1,2025-12-08 00:36:39+00
1,1529.7,2025-12-08 00:36:40+00
1,1528.7,2025-12-08 00:36:41+00
1,1528.9,2025-12-08 00:36:42+00
1,1531.9,2025-12-08 00:36:43+00
1,1531.6,2025-12-08 00:36:44+00
1,1530.5,2025-12-08 00:36:45+00
1,1531.2,2025-12-08 00:36:46+00
1,1531.3,2025-12-08 00:36:47+00
1,1525.1,2025-12-08 00:36:48+00
1,1527.1,2025-12-08 00:36:49+00
1,1526.8,2025-12-08 00:36:50+00
1,1529.1,2025-12-08 00:36:51+00
1,1532.5,2025-12-08 00:36:52+00
1,1526.9,2025-12-08 00:36:53+00
1,1543.2,2025-12-08 00:36:54+00
1,1526.1,2025-12-08 00:36:55+00
1,1524.3,2025-12-08 00:36:56+00
1,1528.9,2025-12-08 00:36:57+00
1,1535.2,2025-12-08 00:36:58+00
1,1535.6,2025-12-08 00:36:59+00
1,1531.8,2025-12-08 00:37:00+00
1,1536.7,2025-12-08 00:37:01+00
1,1535.9,2025-12-08 00:37:02+00
1,1533.4,2025-12-08 00:37:03+00
1,1531.1,2025-12-08 00:37:04+00
1,1532.3,2025-12-08 00:37:05+00
1,1531,2025-12-08 00:37:06+00
1,1532.6,2025-12-08 00:37:07+00
1,1527.1,2025-12-08 00:37:08+00
1,1524.9,2025-12-08 00:37:09+00
1,1529,2025-12-08 00:37:10+00
1,1530.8,2025-12-08 00:37:11+00
1,1529.8,2025-12-08 00:37:12+00
1,1532.6,2025-12-08 00:37:13+00
1,1531.1,2025-12-08 00:37:14+00
1,1528.4,2025-12-08 00:37:15+00
1,1528.5,2025-12-08 00:37:16+00
1,1529.8,2025-12-08 00:37:17+00
1,1531.8,2025-12-08 00:37:18+00
1,1537.2,2025-12-08 00:37:19+00
1,1534.3,2025-12-08 00:37:20+00
1,1531.6,2025-12-08 00:37:21+00
1,1530.7,2025-12-08 00:37:22+00
1,1528.8,2025-12-08 00:37:23+00
1,1529.2,2025-12-08 00:37:24+00
1,1544.2,2025-12-08 00:37:25+00
1,1528.4,2025-12-08 00:37:26+00
1,1527.6,2025-12-08 00:37:27+00
1,1531.5,2025-12-08 00:37:28+00
1,1530.7,2025-12-08 00:37:29+00
1,1528.7,2025-12-08 00:37:30+00
1,1530.9,2025-12-08 00:37:31+00
1,1528.8,2025-12-08 00:37:32+00
1,1539.1,2025-12-08 00:37:33+00
1,1532.2,2025-12-08 00:37:34+00
1,1532.9,2025-12-08 00:37:35+00
1,1528.8,2025-12-08 00:37:36+00
1,1531.8,2025-12-08 00:37:37+00
1,1532.2,2025-12-08 00:37:38+00
1,1532.6,2025-12-08 00:37:39+00
1,1537.2,2025-12-08 00:37:40+00
1,1538.3,2025-12-08 00:37:41+00
1,1528.5,2025-12-08 00:37:42+00
1,1532,2025-12-08 00:37:43+00
1,1531,2025-12-08 00:37:44+00
1,1533.5,2025-12-08 00:37:45+00
1,1534.7,2025-12-08 00:37:46+00
1,1537.7,2025-12-08 00:37:47+00
1,1631.7,2025-12-08 00:37:48+00
1,1659.2,2025-12-08 00:37:49+00
1,1660,2025-12-08 00:37:50+00
1,1666,2025-12-08 00:37:51+00
1,1666.8,2025-12-08 00:37:52+00
1,1664.8,2025-12-08 00:37:53+00
1,1673.2,2025-12-08 00:37:54+00
1,1667.1,2025-12-08 00:37:55+00
1,1666.1,2025-12-08 00:37:56+00
1,1664.7,2025-12-08 00:37:57+00
1,1671.5,2025-12-08 00:37:58+00
1,1665.3,2025-12-08 00:37:59+00
1,1679.5,2025-12-08 00:38:00+00
1,1665.9,2025-12-08 00:38:01+00
1,1666.8,2025-12-08 00:38:02+00
1,1663.1,2025-12-08 00:38:03+00
1,1663.3,2025-12-08 00:38:04+00
1,1661.5,2025-12-08 00:38:05+00
1,1664.1,2025-12-08 00:38:06+00
1,1666,2025-12-08 00:38:07+00
1,1664.1,2025-12-08 00:38:08+00
1,1664.5,2025-12-08 00:38:09+00
1,1662.7,2025-12-08 00:38:10+00
1,1664.4,2025-12-08 00:38:11+00
1,1664.9,2025-12-08 00:38:12+00
1,1668.8,2025-12-08 00:38:13+00
1,1664.4,2025-12-08 00:38:14+00
1,1661.9,2025-12-08 00:38:15+00
1,1665.5,2025-12-08 00:38:16+00
1,1666.3,2025-12-08 00:38:17+00
1,1665.9,2025-12-08 00:38:18+00
1,1669.9,2025-12-08 00:38:19+00
1,1667.7,2025-12-08 00:38:20+00
1,1661.1,2025-12-08 00:38:21+00
1,1666.3,2025-12-08 00:38:22+00
1,1667.2,2025-12-08 00:38:23+00
1,1664.1,2025-12-08 00:38:24+00
1,1664.6,2025-12-08 00:38:25+00
1,1662.8,2025-12-08 00:38:26+00
1,1665.3,2025-12-08 00:38:27+00
1,1665.8,2025-12-08 00:38:28+00
1,1662.6,2025-12-08 00:38:29+00
1,1663.1,2025-12-08 00:38:30+00
1,1661.6,2025-12-08 00:38:31+00
1,1664.1,2025-12-08 00:38:32+00
1,1673.3,2025-12-08 00:38:33+00
1,1663.3,2025-12-08 00:38:34+00
1,1664,2025-12-08 00:38:35+00
1,1663,2025-12-08 00:38:36+00
1,1666.4,2025-12-08 00:38:37+00
1,1674,2025-12-08 00:38:38+00
1,1665,2025-12-08 00:38:39+00
1,1665.6,2025-12-08 00:38:40+00
1,1664.3,2025-12-08 00:38:41+00
1,1666.5,2025-12-08 00:38:42+00
1,1666.6,2025-12-08 00:38:43+00
1,1666.8,2025-12-08 00:38:44+00
1,1670.5,2025-12-08 00:38:45+00
1,1667.3,2025-12-08 00:38:46+00
1,1667,2025-12-08 00:38:47+00
1,1677,2025-12-08 00:38:48+00
1,1664.4,2025-12-08 00:38:49+00
1,1662.4,2025-12-08 00:38:50+00
1,1663.9,2025-12-08 00:38:51+00
1,1666.7,2025-12-08 00:38:52+00
1,1667,2025-12-08 00:38:53+00
1,1663.1,2025-12-08 00:38:54+00
1,1667.3,2025-12-08 00:38:55+00
1,1665.2,2025-12-08 00:38:56+00
1,1668.4,2025-12-08 00:38:57+00
1,1669.4,2025-12-08 00:38:58+00
1,1668.2,2025-12-08 00:38:59+00
1,1669.7,2025-12-08 00:39:00+00
1,1670.2,2025-12-08 00:39:01+00
1,1667.3,2025-12-08 00:39:02+00
1,1668.4,2025-12-08 00:39:03+00
1,1670.6,2025-12-08 00:39:04+00
1,1664.3,2025-12-08 00:39:05+00
1,1665.8,2025-12-08 00:39:06+00
1,1668.4,2025-12-08 00:39:07+00
1,1666.1,2025-12-08 00:39:08+00
1,1665.2,2025-12-08 00:39:09+00
1,1669.5,2025-12-08 00:39:10+00
1,1664.1,2025-12-08 00:39:11+00
1,1666.9,2025-12-08 00:39:12+00
1,1666.7,2025-12-08 00:39:13+00
1,1667.8,2025-12-08 00:39:14+00
1,1668.4,2025-12-08 00:39:15+00
1,1668,2025-12-08 00:39:16+00
1,1668.9,2025-12-08 00:39:17+00
1,1668.1,2025-12-08 00:39:18+00
1,1676.5,2025-12-08 00:39:19+00
1,1696.8,2025-12-08 00:39:20+00
1,1692.1,2025-12-08 00:39:21+00
1,1672.9,2025-12-08 00:39:22+00
1,1673.2,2025-12-08 00:39:23+00
1,1669.3,2025-12-08 00:39:24+00
1,1677.2,2025-12-08 00:39:25+00
1,1673.1,2025-12-08 00:39:26+00
1,1676.4,2025-12-08 00:39:27+00
1,1697,2025-12-08 00:39:28+00
1,1671.9,2025-12-08 00:39:29+00
1,1672,2025-12-08 00:39:30+00
1,1679.2,2025-12-08 00:39:31+00
1,1678.2,2025-12-08 00:39:32+00
1,1678.6,2025-12-08 00:39:33+00
1,1681.3,2025-12-08 00:39:34+00
1,1565.7,2025-12-08 00:39:35+00
1,1537.8,2025-12-08 00:39:36+00
1,1548.6,2025-12-08 00:39:37+00
1,1557.3,2025-12-08 00:39:38+00
1,1549.9,2025-12-08 00:39:39+00
1,1504,2025-12-08 00:39:40+00
1,677.2,2025-12-08 00:39:41+00
1,684.1,2025-12-08 00:39:42+00
1,690.4,2025-12-08 00:39:43+00
1,715.3,2025-12-08 00:39:44+00
1,689.8,2025-12-08 00:39:45+00
1,689.5,2025-12-08 00:39:46+00
1,691.2,2025-12-08 00:39:47+00
1,691.5,2025-12-08 00:39:48+00
1,690.4,2025-12-08 00:39:49+00
1,689.3,2025-12-08 00:39:50+00
1,687.5,2025-12-08 00:39:51+00
1,691.4,2025-12-08 00:39:52+00
1,689,2025-12-08 00:39:53+00
1,690,2025-12-08 00:39:54+00
1,688.6,2025-12-08 00:39:55+00
1,689.9,2025-12-08 00:39:56+00
1,693.2,2025-12-08 00:39:57+00
1,693.4,2025-12-08 00:39:58+00
1,689.9,2025-12-08 00:39:59+00
1,690.6,2025-12-08 00:40:00+00
1,692.3,2025-12-08 00:40:01+00
1,692.7,2025-12-08 00:40:02+00
1,692.8,2025-12-08 00:40:03+00
1,717.9,2025-12-08 00:40:04+00
1,706.9,2025-12-08 00:40:05+00
1,706.3,2025-12-08 00:40:06+00
1,707.8,2025-12-08 00:40:07+00
1,707.6,2025-12-08 00:40:08+00
1,707.3,2025-12-08 00:40:09+00
1,704.2,2025-12-08 00:40:10+00
1,660.4,2025-12-08 00:40:11+00
1,660.5,2025-12-08 00:40:12+00
1,564.7,2025-12-08 00:40:13+00
1,563.9,2025-12-08 00:40:14+00
1,565.1,2025-12-08 00:40:15+00
1,562.2,2025-12-08 00:40:16+00
1,560.6,2025-12-08 00:40:17+00
1,562.9,2025-12-08 00:40:18+00
1,565.8,2025-12-08 00:40:19+00
1,601.3,2025-12-08 00:40:20+00
1,651.9,2025-12-08 00:40:21+00
1,662.5,2025-12-08 00:40:22+00
1,661.8,2025-12-08 00:40:23+00
1,661.9,2025-12-08 00:40:24+00
1,663.7,2025-12-08 00:40:25+00
1,663.5,2025-12-08 00:40:26+00
1,667.5,2025-12-08 00:40:27+00
1,671.8,2025-12-08 00:40:28+00
1,671,2025-12-08 00:40:29+00
1,678.5,2025-12-08 00:40:30+00
1,674.8,2025-12-08 00:40:31+00
1,671.8,2025-12-08 00:40:32+00
1,678.6,2025-12-08 00:40:33+00
1,680,2025-12-08 00:40:34+00
1,677.8,2025-12-08 00:40:35+00
1,682.9,2025-12-08 00:40:36+00
1,682.2,2025-12-08 00:40:37+00
1,682.3,2025-12-08 00:40:38+00
1,687.6,2025-12-08 00:40:39+00
1,686.8,2025-12-08 00:40:40+00
1,686.2,2025-12-08 00:40:41+00
1,688.6,2025-12-08 00:40:42+00
1,686.7,2025-12-08 00:40:43+00
1,686.3,2025-12-08 00:40:44+00
1,696,2025-12-08 00:40:45+00
1,688.2,2025-12-08 00:40:46+00
1,688.8,2025-12-08 00:40:47+00
1,689.4,2025-12-08 00:40:48+00
1,687.2,2025-12-08 00:40:49+00
1,688.9,2025-12-08 00:40:50+00
1,687.7,2025-12-08 00:40:51+00
1,688.4,2025-12-08 00:40:52+00
1,688.8,2025-12-08 00:40:53+00
1,689.8,2025-12-08 00:40:54+00
1,689.5,2025-12-08 00:40:55+00
1,687.9,2025-12-08 00:40:56+00
1,706.1,2025-12-08 00:40:57+00
1,695.9,2025-12-08 00:40:58+00
1,694.8,2025-12-08 00:40:59+00
1,714.3,2025-12-08 00:41:00+00
1,702.8,2025-12-08 00:41:01+00
1,694.6,2025-12-08 00:41:02+00
1,693,2025-12-08 00:41:03+00
1,689.2,2025-12-08 00:41:04+00
1,705.3,2025-12-08 00:41:05+00
1,692.6,2025-12-08 00:41:06+00
1,691.2,2025-12-08 00:41:07+00
1,691,2025-12-08 00:41:08+00
1,691.1,2025-12-08 00:41:09+00
1,689.3,2025-12-08 00:41:10+00
1,693.1,2025-12-08 00:41:11+00
1,691.3,2025-12-08 00:41:12+00
1,691.1,2025-12-08 00:41:13+00
1,692,2025-12-08 00:41:14+00
1,700.9,2025-12-08 00:41:15+00
1,691.8,2025-12-08 00:41:16+00
1,691.8,2025-12-08 00:41:17+00
1,692.2,2025-12-08 00:41:18+00
1,697.1,2025-12-08 00:41:19+00
1,696,2025-12-08 00:41:20+00
1,690.5,2025-12-08 00:41:21+00
1,689.3,2025-12-08 00:41:22+00
1,700.5,2025-12-08 00:41:23+00
1,691.9,2025-12-08 00:41:24+00
1,689.2,2025-12-08 00:41:25+00
1,692.9,2025-12-08 00:41:26+00
1,692.9,2025-12-08 00:41:27+00
1,692.5,2025-12-08 00:41:28+00
1,692.3,2025-12-08 00:41:29+00
1,689.6,2025-12-08 00:41:30+00
1,689.7,2025-12-08 00:41:31+00
1,690.5,2025-12-08 00:41:32+00
1,691.8,2025-12-08 00:41:33+00
1,692,2025-12-08 00:41:34+00
1,690.6,2025-12-08 00:41:35+00
1,689.1,2025-12-08 00:41:36+00
1,691.1,2025-12-08 00:41:37+00
1,689.9,2025-12-08 00:41:38+00
1,687.9,2025-12-08 00:41:39+00
1,684.9,2025-12-08 00:41:40+00
1,689.7,2025-12-08 00:41:41+00
1,690.1,2025-12-08 00:41:42+00
1,707.1,2025-12-08 00:41:43+00
1,690.7,2025-12-08 00:41:44+00
1,687,2025-12-08 00:41:45+00
1,686.4,2025-12-08 00:41:46+00
1,689.5,2025-12-08 00:41:47+00
1,694.2,2025-12-08 00:41:48+00
1,692.1,2025-12-08 00:41:49+00
1,688.2,2025-12-08 00:41:50+00
1,688.7,2025-12-08 00:41:51+00
1,688.9,2025-12-08 00:41:52+00
1,688.8,2025-12-08 00:41:53+00
1,691.3,2025-12-08 00:41:54+00
1,700,2025-12-08 00:41:55+00
1,688.7,2025-12-08 00:41:56+00
1,687.5,2025-12-08 00:41:57+00
1,691,2025-12-08 00:41:58+00
1,691.7,2025-12-08 00:41:59+00
1,692.6,2025-12-08 00:42:00+00
1,701.5,2025-12-08 00:42:01+00
1,692.8,2025-12-08 00:42:02+00
1,693.6,2025-12-08 00:42:03+00
1,693.9,2025-12-08 00:42:04+00
1,690.9,2025-12-08 00:42:05+00
1,692.3,2025-12-08 00:42:06+00
1,687.3,2025-12-08 00:42:07+00
1,686.7,2025-12-08 00:42:08+00
1,690.6,2025-12-08 00:42:09+00
1,688.5,2025-12-08 00:42:10+00
1,707.6,2025-12-08 00:42:11+00
1,694.5,2025-12-08 00:42:12+00
1,695.2,2025-12-08 00:42:13+00
1,696.2,2025-12-08 00:42:14+00
1,696.8,2025-12-08 00:42:15+00
1,699.3,2025-12-08 00:42:16+00
1,694.5,2025-12-08 00:42:17+00
1,696.3,2025-12-08 00:42:18+00
1,701.5,2025-12-08 00:42:19+00
1,698,2025-12-08 00:42:20+00
1,701.7,2025-12-08 00:42:21+00
1,696.5,2025-12-08 00:42:22+00
1,695.2,2025-12-08 00:42:23+00
1,697.3,2025-12-08 00:42:24+00
1,708.9,2025-12-08 00:42:25+00
1,693.2,2025-12-08 00:42:26+00
1,689.3,2025-12-08 00:42:27+00
1,692.1,2025-12-08 00:42:28+00
1,687.7,2025-12-08 00:42:29+00
1,689.9,2025-12-08 00:42:30+00
1,688.2,2025-12-08 00:42:31+00
1,687.7,2025-12-08 00:42:32+00
1,686.2,2025-12-08 00:42:33+00
1,692.5,2025-12-08 00:42:34+00
1,687.8,2025-12-08 00:42:35+00
1,688.8,2025-12-08 00:42:36+00
1,692.3,2025-12-08 00:42:37+00
1,686.6,2025-12-08 00:42:38+00
1,685.9,2025-12-08 00:42:39+00
1,689.4,2025-12-08 00:42:40+00
1,687.1,2025-12-08 00:42:41+00
1,689.3,2025-12-08 00:42:42+00
1,688.9,2025-12-08 00:42:43+00
1,687.1,2025-12-08 00:42:44+00
1,686.7,2025-12-08 00:42:45+00
1,688.7,2025-12-08 00:42:46+00
1,692.9,2025-12-08 00:42:47+00
1,689.7,2025-12-08 00:42:48+00
1,687.8,2025-12-08 00:42:49+00
1,697,2025-12-08 00:42:50+00
1,686.9,2025-12-08 00:42:51+00
1,688.4,2025-12-08 00:42:52+00
1,687.7,2025-12-08 00:42:53+00
1,690,2025-12-08 00:42:54+00
1,686.8,2025-12-08 00:42:55+00
1,685.3,2025-12-08 00:42:56+00
1,685.5,2025-12-08 00:42:57+00
1,688.2,2025-12-08 00:42:58+00
1,685.7,2025-12-08 00:42:59+00
1,687.9,2025-12-08 00:43:00+00
1,690.3,2025-12-08 00:43:01+00
1,694.5,2025-12-08 00:43:02+00
1,699.6,2025-12-08 00:43:03+00
1,694,2025-12-08 00:43:04+00
1,699.1,2025-12-08 00:43:05+00
1,690.6,2025-12-08 00:43:06+00
1,695.3,2025-12-08 00:43:07+00
1,702.1,2025-12-08 00:43:08+00
1,686.4,2025-12-08 00:43:09+00
1,688.2,2025-12-08 00:43:10+00
1,687.8,2025-12-08 00:43:11+00
1,689,2025-12-08 00:43:12+00
1,689.9,2025-12-08 00:43:13+00
1,687.6,2025-12-08 00:43:14+00
1,688.2,2025-12-08 00:43:15+00
1,686.2,2025-12-08 00:43:16+00
1,686.5,2025-12-08 00:43:17+00
1,689.6,2025-12-08 00:43:18+00
1,692,2025-12-08 00:43:19+00
1,686.8,2025-12-08 00:43:20+00
1,696,2025-12-08 00:43:21+00
1,684.9,2025-12-08 00:43:22+00
1,688,2025-12-08 00:43:23+00
1,686,2025-12-08 00:43:24+00
1,692.1,2025-12-08 00:43:25+00
1,682.8,2025-12-08 00:43:26+00
1,684.1,2025-12-08 00:43:27+00
1,689.3,2025-12-08 00:43:28+00
1,684,2025-12-08 00:43:29+00
1,686.1,2025-12-08 00:43:30+00
1,700.2,2025-12-08 00:43:31+00
1,684.4,2025-12-08 00:43:32+00
1,689.7,2025-12-08 00:43:33+00
1,688.7,2025-12-08 00:43:34+00
1,687,2025-12-08 00:43:35+00
1,695.1,2025-12-08 00:43:36+00
1,687.7,2025-12-08 00:43:37+00
1,688.2,2025-12-08 00:43:38+00
1,691.2,2025-12-08 00:43:39+00
1,688.6,2025-12-08 00:43:40+00
1,685.8,2025-12-08 00:43:41+00
1,686.5,2025-12-08 00:43:42+00
1,686.7,2025-12-08 00:43:43+00
1,691.8,2025-12-08 00:43:44+00
1,689.8,2025-12-08 00:43:45+00
1,688,2025-12-08 00:43:46+00
1,687.9,2025-12-08 00:43:47+00
1,689.8,2025-12-08 00:43:48+00
1,692,2025-12-08 00:43:49+00
1,687.7,2025-12-08 00:43:50+00
1,687.9,2025-12-08 00:43:51+00
1,689.7,2025-12-08 00:43:52+00
1,685.1,2025-12-08 00:43:53+00
1,687.1,2025-12-08 00:43:54+00
1,683.7,2025-12-08 00:43:55+00
1,698.9,2025-12-08 00:43:56+00
1,688.7,2025-12-08 00:43:57+00
1,684.4,2025-12-08 00:43:58+00
1,684.4,2025-12-08 00:43:59+00
1,691.6,2025-12-08 00:44:00+00
1,685.9,2025-12-08 00:44:01+00
1,694,2025-12-08 00:44:02+00
1,698.1,2025-12-08 00:44:03+00
1,690.8,2025-12-08 00:44:04+00
1,693.1,2025-12-08 00:44:05+00
1,694.5,2025-12-08 00:44:06+00
1,686.6,2025-12-08 00:44:07+00
1,691,2025-12-08 00:44:08+00
1,687.2,2025-12-08 00:44:09+00
1,688.1,2025-12-08 00:44:10+00
1,684.8,2025-12-08 00:44:11+00
1,685.3,2025-12-08 00:44:12+00
1,685.4,2025-12-08 00:44:13+00
1,804.4,2025-12-08 00:44:14+00
1,791.3,2025-12-08 00:44:15+00
1,788.1,2025-12-08 00:44:16+00
1,788,2025-12-08 00:44:17+00
1,788.4,2025-12-08 00:44:18+00
1,789.1,2025-12-08 00:44:19+00
1,787.1,2025-12-08 00:44:20+00
1,789.2,2025-12-08 00:44:21+00
1,783.3,2025-12-08 00:44:22+00
1,781.7,2025-12-08 00:44:23+00
1,776.9,2025-12-08 00:44:24+00
1,775.7,2025-12-08 00:44:25+00
1,776.8,2025-12-08 00:44:26+00
1,778.1,2025-12-08 00:44:27+00
1,775.8,2025-12-08 00:44:28+00
1,775,2025-12-08 00:44:29+00
1,776.8,2025-12-08 00:44:30+00
1,774.9,2025-12-08 00:44:31+00
1,777.3,2025-12-08 00:44:32+00
1,778.2,2025-12-08 00:44:33+00
1,776.7,2025-12-08 00:44:34+00
1,777,2025-12-08 00:44:35+00
1,777.4,2025-12-08 00:44:36+00
1,774.9,2025-12-08 00:44:37+00
1,779.6,2025-12-08 00:44:38+00
1,783.7,2025-12-08 00:44:39+00
1,778.6,2025-12-08 00:44:40+00
1,777.9,2025-12-08 00:44:41+00
1,794.6,2025-12-08 00:44:42+00
1,815.5,2025-12-08 00:44:43+00
1,791.9,2025-12-08 00:44:44+00
1,788,2025-12-08 00:44:45+00
1,788.1,2025-12-08 00:44:46+00
1,788.7,2025-12-08 00:44:47+00
1,788.9,2025-12-08 00:44:48+00
1,787.5,2025-12-08 00:44:49+00
1,793.4,2025-12-08 00:44:50+00
1,789.9,2025-12-08 00:44:51+00
1,790.8,2025-12-08 00:44:52+00
1,790.3,2025-12-08 00:44:53+00
1,789.7,2025-12-08 00:44:54+00
1,789.9,2025-12-08 00:44:55+00
1,791.7,2025-12-08 00:44:56+00
1,793.9,2025-12-08 00:44:57+00
1,796.4,2025-12-08 00:44:58+00
1,791.9,2025-12-08 00:44:59+00
1,793.8,2025-12-08 00:45:00+00
1,791.7,2025-12-08 00:45:01+00
1,793.5,2025-12-08 00:45:02+00
1,794.3,2025-12-08 00:45:03+00
1,788.9,2025-12-08 00:45:04+00
1,793.7,2025-12-08 00:45:05+00
1,792.8,2025-12-08 00:45:06+00
1,785.8,2025-12-08 00:45:07+00
1,790.1,2025-12-08 00:45:08+00
1,791.2,2025-12-08 00:45:09+00
1,790,2025-12-08 00:45:10+00
1,791.4,2025-12-08 00:45:11+00
1,791.6,2025-12-08 00:45:12+00
1,776.8,2025-12-08 00:45:13+00
1,1056.7,2025-12-08 00:45:14+00
1,1131.5,2025-12-08 00:45:15+00
1,996.1,2025-12-08 00:45:16+00
1,994.6,2025-12-08 00:45:17+00
1,1073.1,2025-12-08 00:45:18+00
1,1008.9,2025-12-08 00:45:19+00
1,1057.6,2025-12-08 00:45:20+00
1,1086.4,2025-12-08 00:45:21+00
1,1105.7,2025-12-08 00:45:22+00
1,1133.4,2025-12-08 00:45:23+00
1,1153.8,2025-12-08 00:45:24+00
1,1174.7,2025-12-08 00:45:25+00
1,1191.8,2025-12-08 00:45:26+00
1,1209.7,2025-12-08 00:45:27+00
1,1225.6,2025-12-08 00:45:28+00
1,1230.7,2025-12-08 00:45:29+00
1,1235,2025-12-08 00:45:30+00
1,1238.3,2025-12-08 00:45:31+00
1,1245.1,2025-12-08 00:45:32+00
1,1244.5,2025-12-08 00:45:33+00
1,1243.9,2025-12-08 00:45:34+00
1,1243.3,2025-12-08 00:45:35+00
1,1246.2,2025-12-08 00:45:36+00
1,1242.8,2025-12-08 00:45:37+00
1,1242.2,2025-12-08 00:45:38+00
1,1244.5,2025-12-08 00:45:39+00
1,1244,2025-12-08 00:45:40+00
1,1240.7,2025-12-08 00:45:41+00
1,1239.9,2025-12-08 00:45:42+00
1,1238.9,2025-12-08 00:45:43+00
1,1241.9,2025-12-08 00:45:44+00
1,1240.6,2025-12-08 00:45:45+00
1,1237.6,2025-12-08 00:45:46+00
1,1239.4,2025-12-08 00:45:47+00
1,1241.5,2025-12-08 00:45:48+00
1,1243.6,2025-12-08 00:45:49+00
1,1244.6,2025-12-08 00:45:50+00
1,1247.9,2025-12-08 00:45:51+00
1,1249.9,2025-12-08 00:45:52+00
1,1251.2,2025-12-08 00:45:53+00
1,1254.3,2025-12-08 00:45:54+00
1,1257.9,2025-12-08 00:45:55+00
1,1259.5,2025-12-08 00:45:56+00
1,1262.6,2025-12-08 00:45:57+00
1,1276,2025-12-08 00:45:58+00
1,1260.8,2025-12-08 00:45:59+00
1,1262.5,2025-12-08 00:46:00+00
1,1266.8,2025-12-08 00:46:01+00
1,1264.7,2025-12-08 00:46:02+00
1,1265.8,2025-12-08 00:46:03+00
1,1265.4,2025-12-08 00:46:04+00
1,1263.9,2025-12-08 00:46:05+00
1,1264.5,2025-12-08 00:46:06+00
1,1263.6,2025-12-08 00:46:07+00
1,1261.3,2025-12-08 00:46:08+00
1,1281.6,2025-12-08 00:46:09+00
1,1264.1,2025-12-08 00:46:10+00
1,1264.2,2025-12-08 00:46:11+00
1,1261.7,2025-12-08 00:46:12+00
1,1262.5,2025-12-08 00:46:13+00
1,1262.9,2025-12-08 00:46:14+00
1,1260.2,2025-12-08 00:46:15+00
1,1260.1,2025-12-08 00:46:16+00
1,1261.3,2025-12-08 00:46:17+00
1,1260.7,2025-12-08 00:46:18+00
1,1286,2025-12-08 00:46:19+00
1,1267.9,2025-12-08 00:46:20+00
1,1269.2,2025-12-08 00:46:21+00
1,1263.3,2025-12-08 00:46:22+00
1,1264.4,2025-12-08 00:46:23+00
1,1265.7,2025-12-08 00:46:24+00
1,1264,2025-12-08 00:46:25+00
1,1265.2,2025-12-08 00:46:26+00
1,1268.6,2025-12-08 00:46:27+00
1,1268.8,2025-12-08 00:46:28+00
1,1269,2025-12-08 00:46:29+00
1,1271,2025-12-08 00:46:30+00
1,1266,2025-12-08 00:46:31+00
1,1267.1,2025-12-08 00:46:32+00
1,1271,2025-12-08 00:46:33+00
1,1271.4,2025-12-08 00:46:34+00
1,1266.1,2025-12-08 00:46:35+00
1,1268,2025-12-08 00:46:36+00
1,1266.2,2025-12-08 00:46:37+00
1,1271.1,2025-12-08 00:46:38+00
1,1271.2,2025-12-08 00:46:39+00
1,1270.4,2025-12-08 00:46:40+00
1,1267.3,2025-12-08 00:46:41+00
1,1269.8,2025-12-08 00:46:42+00
1,1268.4,2025-12-08 00:46:43+00
1,1269.5,2025-12-08 00:46:44+00
1,1266.8,2025-12-08 00:46:45+00
1,1264.9,2025-12-08 00:46:46+00
1,1266.6,2025-12-08 00:46:47+00
1,1267.8,2025-12-08 00:46:48+00
1,1260.4,2025-12-08 00:46:49+00
1,1263.4,2025-12-08 00:46:50+00
1,1265.3,2025-12-08 00:46:51+00
1,1261,2025-12-08 00:46:52+00
1,1265.4,2025-12-08 00:46:53+00
1,1267.4,2025-12-08 00:46:54+00
1,1261.9,2025-12-08 00:46:55+00
1,1262.4,2025-12-08 00:46:56+00
1,1267.6,2025-12-08 00:46:57+00
1,1262.3,2025-12-08 00:46:58+00
1,1266.3,2025-12-08 00:46:59+00
1,1266.6,2025-12-08 00:47:00+00
1,1275.7,2025-12-08 00:47:01+00
1,1268.3,2025-12-08 00:47:02+00
1,1264.4,2025-12-08 00:47:03+00
1,1265.4,2025-12-08 00:47:04+00
1,1250.8,2025-12-08 00:47:05+00
1,1253.5,2025-12-08 00:47:06+00
1,1252.1,2025-12-08 00:47:07+00
1,1259.1,2025-12-08 00:47:08+00
1,1257.9,2025-12-08 00:47:09+00
1,1257.9,2025-12-08 00:47:10+00
1,1253.1,2025-12-08 00:47:11+00
1,1254.3,2025-12-08 00:47:12+00
1,1261.8,2025-12-08 00:47:13+00
1,1257,2025-12-08 00:47:14+00
1,1253.7,2025-12-08 00:47:15+00
1,1249.3,2025-12-08 00:47:16+00
1,1253.9,2025-12-08 00:47:17+00
1,1254.7,2025-12-08 00:47:18+00
1,1258.7,2025-12-08 00:47:19+00
1,1258.9,2025-12-08 00:47:20+00
1,1255.9,2025-12-08 00:47:21+00
1,1249.9,2025-12-08 00:47:22+00
1,1266.5,2025-12-08 00:47:23+00
1,1251.8,2025-12-08 00:47:24+00
1,1250.2,2025-12-08 00:47:25+00
1,1210.2,2025-12-08 00:47:26+00
1,1212.1,2025-12-08 00:47:27+00
1,1209.4,2025-12-08 00:47:28+00
1,1208,2025-12-08 00:47:29+00
1,1209.4,2025-12-08 00:47:30+00
1,1205.6,2025-12-08 00:47:31+00
1,1208.4,2025-12-08 00:47:32+00
1,1210,2025-12-08 00:47:33+00
1,1209.2,2025-12-08 00:47:34+00
1,1208,2025-12-08 00:47:35+00
1,1211.3,2025-12-08 00:47:36+00
1,1209.6,2025-12-08 00:47:37+00
1,1210,2025-12-08 00:47:38+00
1,1210,2025-12-08 00:47:39+00
1,1207,2025-12-08 00:47:40+00
1,1216.9,2025-12-08 00:47:41+00
1,1207.6,2025-12-08 00:47:42+00
1,1207.5,2025-12-08 00:47:43+00
1,1208.8,2025-12-08 00:47:44+00
1,1206.5,2025-12-08 00:47:45+00
1,1208.7,2025-12-08 00:47:46+00
1,1212.2,2025-12-08 00:47:47+00
1,1210.5,2025-12-08 00:47:48+00
1,1206.4,2025-12-08 00:47:49+00
1,1207.2,2025-12-08 00:47:50+00
1,1206.8,2025-12-08 00:47:51+00
1,1205,2025-12-08 00:47:52+00
1,1216.5,2025-12-08 00:47:53+00
1,1204.6,2025-12-08 00:47:54+00
1,1211.7,2025-12-08 00:47:55+00
1,1204,2025-12-08 00:47:56+00
1,1204.2,2025-12-08 00:47:57+00
1,1217.6,2025-12-08 00:47:58+00
1,1206.1,2025-12-08 00:47:59+00
1,1207.1,2025-12-08 00:48:00+00
1,1221.9,2025-12-08 00:48:01+00
1,1209.5,2025-12-08 00:48:02+00
1,1204.4,2025-12-08 00:48:03+00
1,1276.2,2025-12-08 00:48:04+00
1,1309.7,2025-12-08 00:48:05+00
1,1308.8,2025-12-08 00:48:06+00
1,1298.3,2025-12-08 00:48:07+00
1,1300.3,2025-12-08 00:48:08+00
1,1298.9,2025-12-08 00:48:09+00
1,1299.4,2025-12-08 00:48:10+00
1,1306.7,2025-12-08 00:48:11+00
1,1304,2025-12-08 00:48:12+00
1,1300.4,2025-12-08 00:48:13+00
1,1302.2,2025-12-08 00:48:14+00
1,1300.8,2025-12-08 00:48:15+00
1,1299.2,2025-12-08 00:48:16+00
1,1301.8,2025-12-08 00:48:17+00
1,1304.3,2025-12-08 00:48:18+00
1,1317.3,2025-12-08 00:48:19+00
1,1310,2025-12-08 00:48:20+00
1,1300,2025-12-08 00:48:21+00
1,1297.5,2025-12-08 00:48:22+00
1,1303.6,2025-12-08 00:48:23+00
1,1310.1,2025-12-08 00:48:24+00
1,1307.4,2025-12-08 00:48:25+00
1,1306.5,2025-12-08 00:48:26+00
1,1303.6,2025-12-08 00:48:27+00
1,1298.5,2025-12-08 00:48:28+00
1,1310.7,2025-12-08 00:48:29+00
1,1300.3,2025-12-08 00:48:30+00
1,1300.2,2025-12-08 00:48:31+00
1,1300.7,2025-12-08 00:48:32+00
1,1300.3,2025-12-08 00:48:33+00
1,1301.4,2025-12-08 00:48:34+00
1,1299.5,2025-12-08 00:48:35+00
1,1299.1,2025-12-08 00:48:36+00
1,1298.4,2025-12-08 00:48:37+00
1,1301,2025-12-08 00:48:38+00
1,1301.6,2025-12-08 00:48:39+00
1,1304.6,2025-12-08 00:48:40+00
1,1299.6,2025-12-08 00:48:41+00
1,1298.1,2025-12-08 00:48:42+00
1,1298.7,2025-12-08 00:48:43+00
1,1299.5,2025-12-08 00:48:44+00
1,1305.2,2025-12-08 00:48:45+00
1,1298.7,2025-12-08 00:48:46+00
1,1297.6,2025-12-08 00:48:47+00
1,1298.8,2025-12-08 00:48:48+00
1,1297.6,2025-12-08 00:48:49+00
1,1297.6,2025-12-08 00:48:50+00
1,1298.6,2025-12-08 00:48:51+00
1,1297.3,2025-12-08 00:48:52+00
1,1301.3,2025-12-08 00:48:53+00
1,1300,2025-12-08 00:48:54+00
1,1298.1,2025-12-08 00:48:55+00
1,1296.9,2025-12-08 00:48:56+00
1,1306.2,2025-12-08 00:48:57+00
1,1307.3,2025-12-08 00:48:58+00
1,1297.9,2025-12-08 00:48:59+00
1,1301.5,2025-12-08 00:49:00+00
1,1302,2025-12-08 00:49:01+00
1,1305.9,2025-12-08 00:49:02+00
1,1301.7,2025-12-08 00:49:03+00
1,1302.3,2025-12-08 00:49:04+00
1,1300.3,2025-12-08 00:49:05+00
1,1302.4,2025-12-08 00:49:06+00
1,1299.6,2025-12-08 00:49:07+00
1,1302.6,2025-12-08 00:49:08+00
1,1300.1,2025-12-08 00:49:09+00
1,1298.9,2025-12-08 00:49:10+00
1,1300.3,2025-12-08 00:49:11+00
1,1302.1,2025-12-08 00:49:12+00
1,1297.7,2025-12-08 00:49:13+00
1,1300.1,2025-12-08 00:49:14+00
1,1304.4,2025-12-08 00:49:15+00
1,1301.1,2025-12-08 00:49:16+00
1,1300.7,2025-12-08 00:49:17+00
1,1300.7,2025-12-08 00:49:18+00
1,1301.9,2025-12-08 00:49:19+00
1,1303.9,2025-12-08 00:49:20+00
1,1308.1,2025-12-08 00:49:21+00
1,1298.2,2025-12-08 00:49:22+00
1,1303.1,2025-12-08 00:49:23+00
1,1299.2,2025-12-08 00:49:24+00
1,1299.6,2025-12-08 00:49:25+00
1,1300.6,2025-12-08 00:49:26+00
1,1298.4,2025-12-08 00:49:27+00
1,1299.5,2025-12-08 00:49:28+00
1,1300.3,2025-12-08 00:49:29+00
1,1300.6,2025-12-08 00:49:30+00
1,1299.8,2025-12-08 00:49:31+00
1,1306.5,2025-12-08 00:49:32+00
1,1309.3,2025-12-08 00:49:33+00
1,1306.6,2025-12-08 00:49:34+00
1,1309.1,2025-12-08 00:49:35+00
1,1307.3,2025-12-08 00:49:36+00
1,1302.5,2025-12-08 00:49:37+00
1,1301.4,2025-12-08 00:49:38+00
1,1299.9,2025-12-08 00:49:39+00
1,1303.2,2025-12-08 00:49:40+00
1,1302.4,2025-12-08 00:49:41+00
1,1340.2,2025-12-08 00:49:42+00
1,1392.7,2025-12-08 00:49:43+00
1,1381.9,2025-12-08 00:49:44+00
1,1382,2025-12-08 00:49:45+00
1,1378.7,2025-12-08 00:49:46+00
1,1379.9,2025-12-08 00:49:47+00
1,1379.3,2025-12-08 00:49:48+00
1,1377.1,2025-12-08 00:49:49+00
1,1379.2,2025-12-08 00:49:50+00
1,1380.2,2025-12-08 00:49:51+00
1,1381,2025-12-08 00:49:52+00
1,1381.4,2025-12-08 00:49:53+00
1,1380.9,2025-12-08 00:49:54+00
1,1380.5,2025-12-08 00:49:55+00
1,1383.5,2025-12-08 00:49:56+00
1,1381.8,2025-12-08 00:49:57+00
1,1396.7,2025-12-08 00:49:58+00
1,1385.9,2025-12-08 00:49:59+00
1,1386.9,2025-12-08 00:50:00+00
1,1384,2025-12-08 00:50:01+00
1,1390,2025-12-08 00:50:02+00
1,1387.3,2025-12-08 00:50:03+00
1,1384.9,2025-12-08 00:50:04+00
1,1388.3,2025-12-08 00:50:05+00
1,1384.4,2025-12-08 00:50:06+00
1,1384,2025-12-08 00:50:07+00
1,1384.5,2025-12-08 00:50:08+00
1,1387.7,2025-12-08 00:50:09+00
1,1387.1,2025-12-08 00:50:10+00
1,1388.7,2025-12-08 00:50:11+00
1,1390.7,2025-12-08 00:50:12+00
1,1390.7,2025-12-08 00:50:13+00
1,1395.2,2025-12-08 00:50:14+00
1,1386.9,2025-12-08 00:50:15+00
1,1404.6,2025-12-08 00:50:16+00
1,1391.2,2025-12-08 00:50:17+00
1,1387.5,2025-12-08 00:50:18+00
1,1389.1,2025-12-08 00:50:19+00
1,1394.6,2025-12-08 00:50:20+00
1,1395.8,2025-12-08 00:50:21+00
1,1390.8,2025-12-08 00:50:22+00
1,1386.5,2025-12-08 00:50:23+00
1,1398.6,2025-12-08 00:50:24+00
1,1382.8,2025-12-08 00:50:25+00
1,1384.9,2025-12-08 00:50:26+00
1,1386.9,2025-12-08 00:50:27+00
1,1387.7,2025-12-08 00:50:28+00
1,1390.8,2025-12-08 00:50:29+00
1,1386.1,2025-12-08 00:50:30+00
1,1386.3,2025-12-08 00:50:31+00
1,1394.7,2025-12-08 00:50:32+00
1,1386.7,2025-12-08 00:50:33+00
1,1385.3,2025-12-08 00:50:34+00
1,1457.9,2025-12-08 00:50:35+00
1,1481.8,2025-12-08 00:50:36+00
1,1477.2,2025-12-08 00:50:37+00
1,1481.4,2025-12-08 00:50:38+00
1,1480.1,2025-12-08 00:50:39+00
1,1486.7,2025-12-08 00:50:40+00
1,1485.5,2025-12-08 00:50:41+00
1,1494.5,2025-12-08 00:50:42+00
1,1486.2,2025-12-08 00:50:43+00
1,1493.2,2025-12-08 00:50:44+00
1,1491.3,2025-12-08 00:50:45+00
1,1488.6,2025-12-08 00:50:46+00
1,1489.4,2025-12-08 00:50:47+00
1,1485.6,2025-12-08 00:50:48+00
1,1486.6,2025-12-08 00:50:49+00
1,1499.1,2025-12-08 00:50:50+00
1,1492.5,2025-12-08 00:50:51+00
1,1490.8,2025-12-08 00:50:52+00
1,1491.9,2025-12-08 00:50:53+00
1,1486.8,2025-12-08 00:50:54+00
1,1486.4,2025-12-08 00:50:55+00
1,1494.3,2025-12-08 00:50:56+00
1,1492.4,2025-12-08 00:50:57+00
1,1492.5,2025-12-08 00:50:58+00
1,1493.7,2025-12-08 00:50:59+00
1,1493,2025-12-08 00:51:00+00
1,1500.7,2025-12-08 00:51:01+00
1,1502.2,2025-12-08 00:51:02+00
1,1499.8,2025-12-08 00:51:03+00
1,1501.1,2025-12-08 00:51:04+00
1,1500.5,2025-12-08 00:51:05+00
1,1503.8,2025-12-08 00:51:06+00
1,1496.7,2025-12-08 00:51:07+00
1,1498.1,2025-12-08 00:51:08+00
1,1497,2025-12-08 00:51:09+00
1,1495.3,2025-12-08 00:51:10+00
1,1498.9,2025-12-08 00:51:11+00
1,1526,2025-12-08 00:51:12+00
1,1593.6,2025-12-08 00:51:13+00
1,1604.1,2025-12-08 00:51:14+00
1,1603.2,2025-12-08 00:51:15+00
1,1610.7,2025-12-08 00:51:16+00
1,1614.2,2025-12-08 00:51:17+00
1,1604.8,2025-12-08 00:51:18+00
1,1612.9,2025-12-08 00:51:19+00
1,1614.1,2025-12-08 00:51:20+00
1,1614.1,2025-12-08 00:51:21+00
1,1611.4,2025-12-08 00:51:22+00
1,1607,2025-12-08 00:51:23+00
1,1602.5,2025-12-08 00:51:24+00
1,1604.1,2025-12-08 00:51:25+00
1,1604.9,2025-12-08 00:51:26+00
1,1610,2025-12-08 00:51:27+00
1,1618.8,2025-12-08 00:51:28+00
1,1609.9,2025-12-08 00:51:29+00
1,1609.5,2025-12-08 00:51:30+00
1,1606.6,2025-12-08 00:51:31+00
1,1605.7,2025-12-08 00:51:32+00
1,1607,2025-12-08 00:51:33+00
1,1605.5,2025-12-08 00:51:34+00
1,1605,2025-12-08 00:51:35+00
1,1603.1,2025-12-08 00:51:36+00
1,1599.2,2025-12-08 00:51:37+00
1,1605.4,2025-12-08 00:51:38+00
1,1601.8,2025-12-08 00:51:39+00
1,1622.5,2025-12-08 00:51:40+00
1,1604,2025-12-08 00:51:41+00
1,1600.9,2025-12-08 00:51:42+00
1,1613.1,2025-12-08 00:51:43+00
1,1606.3,2025-12-08 00:51:44+00
1,1607.5,2025-12-08 00:51:45+00
1,1606,2025-12-08 00:51:46+00
1,1605.2,2025-12-08 00:51:47+00
1,1602.4,2025-12-08 00:51:48+00
1,1606.4,2025-12-08 00:51:49+00
1,1602.8,2025-12-08 00:51:50+00
1,1609.1,2025-12-08 00:51:51+00
1,1605.6,2025-12-08 00:51:52+00
1,1603.9,2025-12-08 00:51:53+00
1,1603.7,2025-12-08 00:51:54+00
1,1604.7,2025-12-08 00:51:55+00
1,1603.5,2025-12-08 00:51:56+00
1,1605.1,2025-12-08 00:51:57+00
1,1599.4,2025-12-08 00:51:58+00
1,1604.9,2025-12-08 00:51:59+00
1,1601.1,2025-12-08 00:52:00+00
1,1607.1,2025-12-08 00:52:01+00
1,1603.2,2025-12-08 00:52:02+00
1,1598.7,2025-12-08 00:52:03+00
1,1603.7,2025-12-08 00:52:04+00
1,1604.8,2025-12-08 00:52:05+00
1,1604.6,2025-12-08 00:52:06+00
1,1602.8,2025-12-08 00:52:07+00
1,1604,2025-12-08 00:52:08+00
1,1598.6,2025-12-08 00:52:09+00
1,1606.7,2025-12-08 00:52:10+00
1,1604.6,2025-12-08 00:52:11+00
1,1605.5,2025-12-08 00:52:12+00
1,1601.6,2025-12-08 00:52:13+00
1,1608.2,2025-12-08 00:52:14+00
1,1605.2,2025-12-08 00:52:15+00
1,1600.6,2025-12-08 00:52:16+00
1,1601.7,2025-12-08 00:52:17+00
1,1600.5,2025-12-08 00:52:18+00
1,1601.5,2025-12-08 00:52:19+00
1,1610.9,2025-12-08 00:52:20+00
1,1610.5,2025-12-08 00:52:21+00
1,1607.4,2025-12-08 00:52:22+00
1,1606.2,2025-12-08 00:52:23+00
1,1602.8,2025-12-08 00:52:24+00
1,1601.4,2025-12-08 00:52:25+00
1,1602.7,2025-12-08 00:52:26+00
1,1603.2,2025-12-08 00:52:27+00
1,1608.8,2025-12-08 00:52:28+00
1,1606,2025-12-08 00:52:29+00
1,1602.9,2025-12-08 00:52:30+00
1,1604.3,2025-12-08 00:52:31+00
1,1603.4,2025-12-08 00:52:32+00
1,1602.4,2025-12-08 00:52:33+00
1,1603.3,2025-12-08 00:52:34+00
1,1602.9,2025-12-08 00:52:35+00
1,1603.1,2025-12-08 00:52:36+00
1,1603.9,2025-12-08 00:52:37+00
1,1607.1,2025-12-08 00:52:38+00
1,1602.6,2025-12-08 00:52:39+00
1,1607.5,2025-12-08 00:52:40+00
1,1605.1,2025-12-08 00:52:41+00
1,1603.5,2025-12-08 00:52:42+00
1,1600.7,2025-12-08 00:52:43+00
1,1608.1,2025-12-08 00:52:44+00
1,1604.3,2025-12-08 00:52:45+00
1,1604.7,2025-12-08 00:52:46+00
1,1604,2025-12-08 00:52:47+00
1,1605.4,2025-12-08 00:52:48+00
1,1603.6,2025-12-08 00:52:49+00
1,1609,2025-12-08 00:52:50+00
1,1603.9,2025-12-08 00:52:51+00
1,1606.2,2025-12-08 00:52:52+00
1,1605.9,2025-12-08 00:52:53+00
1,1605.5,2025-12-08 00:52:54+00
1,1606.6,2025-12-08 00:52:55+00
1,1602.9,2025-12-08 00:52:56+00
1,1606.8,2025-12-08 00:52:57+00
1,1602.1,2025-12-08 00:52:58+00
1,1603.4,2025-12-08 00:52:59+00
1,1609.7,2025-12-08 00:53:00+00
1,1606.3,2025-12-08 00:53:01+00
1,1606.7,2025-12-08 00:53:02+00
1,1602.9,2025-12-08 00:53:03+00
1,1602.1,2025-12-08 00:53:04+00
1,1603.6,2025-12-08 00:53:05+00
1,1603.8,2025-12-08 00:53:06+00
1,1600.5,2025-12-08 00:53:07+00
1,1609.3,2025-12-08 00:53:08+00
1,1605.5,2025-12-08 00:53:09+00
1,1605.9,2025-12-08 00:53:10+00
1,1603.2,2025-12-08 00:53:11+00
1,1626.8,2025-12-08 00:53:12+00
1,1609.6,2025-12-08 00:53:13+00
1,1607.3,2025-12-08 00:53:14+00
1,1601.1,2025-12-08 00:53:15+00
1,1610.1,2025-12-08 00:53:16+00
1,1602,2025-12-08 00:53:17+00
1,1607.4,2025-12-08 00:53:18+00
1,1604.9,2025-12-08 00:53:19+00
1,1614.3,2025-12-08 00:53:20+00
1,1609.7,2025-12-08 00:53:21+00
1,1607.1,2025-12-08 00:53:22+00
1,1605.6,2025-12-08 00:53:23+00
1,1606.4,2025-12-08 00:53:24+00
1,1603.8,2025-12-08 00:53:25+00
1,1604.6,2025-12-08 00:53:26+00
1,1602.8,2025-12-08 00:53:27+00
1,1603.9,2025-12-08 00:53:28+00
1,1608,2025-12-08 00:53:29+00
1,1607.9,2025-12-08 00:53:30+00
1,1606.9,2025-12-08 00:53:31+00
1,1689.5,2025-12-08 00:53:32+00
1,1657,2025-12-08 00:53:33+00
1,1633.6,2025-12-08 00:53:34+00
1,1633.7,2025-12-08 00:53:35+00
1,1632,2025-12-08 00:53:36+00
1,1631.9,2025-12-08 00:53:37+00
1,1632.8,2025-12-08 00:53:38+00
1,1636.4,2025-12-08 00:53:39+00
1,1631.8,2025-12-08 00:53:40+00
1,1631.9,2025-12-08 00:53:41+00
1,1631.5,2025-12-08 00:53:42+00
1,1633.4,2025-12-08 00:53:43+00
1,1643.9,2025-12-08 00:53:44+00
1,1642.9,2025-12-08 00:53:45+00
1,1635.7,2025-12-08 00:53:46+00
1,1633.3,2025-12-08 00:53:47+00
1,1634.8,2025-12-08 00:53:48+00
1,1632.8,2025-12-08 00:53:49+00
1,1639.3,2025-12-08 00:53:50+00
1,1640.4,2025-12-08 00:53:51+00
1,1635.5,2025-12-08 00:53:52+00
1,1634.5,2025-12-08 00:53:53+00
1,1634.7,2025-12-08 00:53:54+00
1,1635.3,2025-12-08 00:53:55+00
1,1639.1,2025-12-08 00:53:56+00
1,1632.3,2025-12-08 00:53:57+00
1,1641.3,2025-12-08 00:53:58+00
1,1635.2,2025-12-08 00:53:59+00
1,1636.5,2025-12-08 00:54:00+00
1,1636.7,2025-12-08 00:54:01+00
1,1634.6,2025-12-08 00:54:02+00
1,1634.6,2025-12-08 00:54:03+00
1,1635.5,2025-12-08 00:54:04+00
1,1635.4,2025-12-08 00:54:05+00
1,1633.6,2025-12-08 00:54:06+00
1,1635.4,2025-12-08 00:54:07+00
1,1634.8,2025-12-08 00:54:08+00
1,1633.8,2025-12-08 00:54:09+00
1,1634.5,2025-12-08 00:54:10+00
1,1634,2025-12-08 00:54:11+00
1,1629.9,2025-12-08 00:54:12+00
1,1631.3,2025-12-08 00:54:13+00
1,1637.8,2025-12-08 00:54:14+00
1,1634,2025-12-08 00:54:15+00
1,1634.5,2025-12-08 00:54:16+00
1,1632,2025-12-08 00:54:17+00
1,1631.4,2025-12-08 00:54:18+00
1,1633.4,2025-12-08 00:54:19+00
1,1641.6,2025-12-08 00:54:20+00
1,1636,2025-12-08 00:54:21+00
1,1638.2,2025-12-08 00:54:22+00
1,1635.3,2025-12-08 00:54:23+00
1,1631.5,2025-12-08 00:54:24+00
1,1630.1,2025-12-08 00:54:25+00
1,1632.5,2025-12-08 00:54:26+00
1,1630.1,2025-12-08 00:54:27+00
1,1630.3,2025-12-08 00:54:28+00
1,1631.6,2025-12-08 00:54:29+00
1,1637.3,2025-12-08 00:54:30+00
1,1629.8,2025-12-08 00:54:31+00
1,1635.2,2025-12-08 00:54:32+00
1,1628.2,2025-12-08 00:54:33+00
1,1631.2,2025-12-08 00:54:34+00
1,1631.5,2025-12-08 00:54:35+00
1,1639,2025-12-08 00:54:36+00
1,1631.3,2025-12-08 00:54:37+00
1,1630,2025-12-08 00:54:38+00
1,1628.7,2025-12-08 00:54:39+00
1,1630.3,2025-12-08 00:54:40+00
1,1631.1,2025-12-08 00:54:41+00
1,1631.5,2025-12-08 00:54:42+00
1,1638.4,2025-12-08 00:54:43+00
1,1631.5,2025-12-08 00:54:44+00
1,1629.3,2025-12-08 00:54:45+00
1,1629.7,2025-12-08 00:54:46+00
1,1636,2025-12-08 00:54:47+00
1,1633.6,2025-12-08 00:54:48+00
1,1631.3,2025-12-08 00:54:49+00
1,1630.3,2025-12-08 00:54:50+00
1,1630.7,2025-12-08 00:54:51+00
1,1636,2025-12-08 00:54:52+00
1,1635.4,2025-12-08 00:54:53+00
1,1631.8,2025-12-08 00:54:54+00
1,1631.5,2025-12-08 00:54:55+00
1,1622.6,2025-12-08 00:54:56+00
1,1631.1,2025-12-08 00:54:57+00
1,1633.6,2025-12-08 00:54:58+00
1,1630.8,2025-12-08 00:54:59+00
1,1633.5,2025-12-08 00:55:00+00
1,1637.9,2025-12-08 00:55:01+00
1,1644,2025-12-08 00:55:02+00
1,1640.6,2025-12-08 00:55:03+00
1,1637.2,2025-12-08 00:55:04+00
1,1638.9,2025-12-08 00:55:05+00
1,1630.5,2025-12-08 00:55:06+00
1,1639.3,2025-12-08 00:55:07+00
1,1636.8,2025-12-08 00:55:08+00
1,1636.5,2025-12-08 00:55:09+00
1,1639.3,2025-12-08 00:55:10+00
1,1644.4,2025-12-08 00:55:11+00
1,1639.7,2025-12-08 00:55:12+00
1,1640.6,2025-12-08 00:55:13+00
1,1640.1,2025-12-08 00:55:14+00
1,1638.7,2025-12-08 00:55:15+00
1,1637.8,2025-12-08 00:55:16+00
1,1666.8,2025-12-08 00:55:17+00
1,1636.7,2025-12-08 00:55:18+00
1,1643.3,2025-12-08 00:55:19+00
1,1646.1,2025-12-08 00:55:20+00
1,1640.8,2025-12-08 00:55:21+00
1,1641.9,2025-12-08 00:55:22+00
1,1637.9,2025-12-08 00:55:23+00
1,1633.3,2025-12-08 00:55:24+00
1,1636.4,2025-12-08 00:55:25+00
1,1632.9,2025-12-08 00:55:26+00
1,1633.5,2025-12-08 00:55:27+00
1,1641.9,2025-12-08 00:55:28+00
1,1637.1,2025-12-08 00:55:29+00
1,1635.6,2025-12-08 00:55:30+00
1,1641,2025-12-08 00:55:31+00
1,1636.5,2025-12-08 00:55:32+00
1,1634.4,2025-12-08 00:55:33+00
1,1638.1,2025-12-08 00:55:34+00
1,1637.7,2025-12-08 00:55:35+00
1,1637.5,2025-12-08 00:55:36+00
1,1637.9,2025-12-08 00:55:37+00
1,1635.5,2025-12-08 00:55:38+00
1,1631.2,2025-12-08 00:55:39+00
1,1650,2025-12-08 00:55:40+00
1,1637.9,2025-12-08 00:55:41+00
1,1638.1,2025-12-08 00:55:42+00
1,1638.6,2025-12-08 00:55:43+00
1,1638.8,2025-12-08 00:55:44+00
1,1650,2025-12-08 00:55:45+00
1,1641.8,2025-12-08 00:55:46+00
1,1643.4,2025-12-08 00:55:47+00
1,1636.9,2025-12-08 00:55:48+00
1,1638.1,2025-12-08 00:55:49+00
1,1636.2,2025-12-08 00:55:50+00
1,1639.7,2025-12-08 00:55:51+00
1,1641.7,2025-12-08 00:55:52+00
1,1643.3,2025-12-08 00:55:53+00
1,1634.6,2025-12-08 00:55:54+00
1,1636.2,2025-12-08 00:55:55+00
1,1636.2,2025-12-08 00:55:56+00
1,1636.3,2025-12-08 00:55:57+00
1,1641.1,2025-12-08 00:55:58+00
1,1640.8,2025-12-08 00:55:59+00
1,1651.5,2025-12-08 00:56:00+00
1,1643.4,2025-12-08 00:56:01+00
1,1640.4,2025-12-08 00:56:02+00
1,1639.3,2025-12-08 00:56:03+00
1,1639.5,2025-12-08 00:56:04+00
1,1638.1,2025-12-08 00:56:05+00
1,1636.4,2025-12-08 00:56:06+00
1,1638.3,2025-12-08 00:56:07+00
1,1637.3,2025-12-08 00:56:08+00
1,1637.4,2025-12-08 00:56:09+00
1,1636.6,2025-12-08 00:56:10+00
1,1635.2,2025-12-08 00:56:11+00
1,1643.5,2025-12-08 00:56:12+00
1,1642,2025-12-08 00:56:13+00
1,1637.4,2025-12-08 00:56:14+00
1,1635.5,2025-12-08 00:56:15+00
1,1638.6,2025-12-08 00:56:16+00
1,1639.3,2025-12-08 00:56:17+00
1,1640.4,2025-12-08 00:56:18+00
1,1638.4,2025-12-08 00:56:19+00
1,1646,2025-12-08 00:56:20+00
1,1642,2025-12-08 00:56:21+00
1,1645.1,2025-12-08 00:56:22+00
1,1643.4,2025-12-08 00:56:23+00
1,1640.7,2025-12-08 00:56:24+00
1,1640.8,2025-12-08 00:56:25+00
1,1643.6,2025-12-08 00:56:26+00
1,1636.7,2025-12-08 00:56:27+00
1,1641.7,2025-12-08 00:56:28+00
1,1641.5,2025-12-08 00:56:29+00
1,1641.7,2025-12-08 00:56:30+00
1,1638.4,2025-12-08 00:56:31+00
1,1636.4,2025-12-08 00:56:32+00
1,1641.8,2025-12-08 00:56:33+00
1,1643.6,2025-12-08 00:56:34+00
1,1652.3,2025-12-08 00:56:35+00
1,1647.4,2025-12-08 00:56:36+00
1,1640.2,2025-12-08 00:56:37+00
1,1638.4,2025-12-08 00:56:38+00
1,1646.7,2025-12-08 00:56:39+00
1,1641.5,2025-12-08 00:56:40+00
1,1639.2,2025-12-08 00:56:41+00
1,1639.7,2025-12-08 00:56:42+00
1,1640.8,2025-12-08 00:56:43+00
1,1647.3,2025-12-08 00:56:44+00
1,1641.5,2025-12-08 00:56:45+00
1,1645.7,2025-12-08 00:56:46+00
1,1640.5,2025-12-08 00:56:47+00
1,1641.5,2025-12-08 00:56:48+00
1,1644.5,2025-12-08 00:56:49+00
1,1642.4,2025-12-08 00:56:50+00
1,1639.6,2025-12-08 00:56:51+00
1,1639.5,2025-12-08 00:56:52+00
1,1639.8,2025-12-08 00:56:53+00
1,1641,2025-12-08 00:56:54+00
1,1643.3,2025-12-08 00:56:55+00
1,1641,2025-12-08 00:56:56+00
1,1640.8,2025-12-08 00:56:57+00
1,1641.8,2025-12-08 00:56:58+00
1,1646.2,2025-12-08 00:56:59+00
1,1647.1,2025-12-08 00:57:00+00
1,1649.2,2025-12-08 00:57:01+00
1,1648.1,2025-12-08 00:57:02+00
1,1646.7,2025-12-08 00:57:03+00
1,1649.4,2025-12-08 00:57:04+00
1,1654.4,2025-12-08 00:57:05+00
1,1654.2,2025-12-08 00:57:06+00
1,1643.1,2025-12-08 00:57:07+00
1,1642,2025-12-08 00:57:08+00
1,1646.6,2025-12-08 00:57:09+00
1,1650.5,2025-12-08 00:57:10+00
1,1645.7,2025-12-08 00:57:11+00
1,1646.8,2025-12-08 00:57:12+00
1,1662.8,2025-12-08 00:57:13+00
1,1647.3,2025-12-08 00:57:14+00
1,1649.3,2025-12-08 00:57:15+00
1,1646.6,2025-12-08 00:57:16+00
1,1646.4,2025-12-08 00:57:17+00
1,1649,2025-12-08 00:57:18+00
1,1647.9,2025-12-08 00:57:19+00
1,1653.6,2025-12-08 00:57:20+00
1,1657,2025-12-08 00:57:21+00
1,1655.2,2025-12-08 00:57:22+00
1,1653.6,2025-12-08 00:57:23+00
1,1647.9,2025-12-08 00:57:24+00
1,1647.3,2025-12-08 00:57:25+00
1,1652.4,2025-12-08 00:57:26+00
1,1649.7,2025-12-08 00:57:27+00
1,1650,2025-12-08 00:57:28+00
1,1649.2,2025-12-08 00:57:29+00
1,1648.2,2025-12-08 00:57:30+00
1,1654.5,2025-12-08 00:57:31+00
1,1659,2025-12-08 00:57:32+00
1,1655.3,2025-12-08 00:57:33+00
1,1674.1,2025-12-08 00:57:34+00
1,1658.4,2025-12-08 00:57:35+00
1,1654,2025-12-08 00:57:36+00
1,1657.4,2025-12-08 00:57:37+00
1,1657.7,2025-12-08 00:57:38+00
1,1657.3,2025-12-08 00:57:39+00
1,1656.7,2025-12-08 00:57:40+00
1,1659.1,2025-12-08 00:57:41+00
1,1658.3,2025-12-08 00:57:42+00
1,1660.3,2025-12-08 00:57:43+00
1,1661.1,2025-12-08 00:57:44+00
1,1660.8,2025-12-08 00:57:45+00
1,1658.2,2025-12-08 00:57:46+00
1,1659.2,2025-12-08 00:57:47+00
1,1656.7,2025-12-08 00:57:48+00
1,1656.2,2025-12-08 00:57:49+00
1,1662.3,2025-12-08 00:57:50+00
1,1660.3,2025-12-08 00:57:51+00
1,1656.6,2025-12-08 00:57:52+00
1,1657.8,2025-12-08 00:57:53+00
1,1658.6,2025-12-08 00:57:54+00
1,1659,2025-12-08 00:57:55+00
1,1659.7,2025-12-08 00:57:56+00
1,1656.9,2025-12-08 00:57:57+00
1,1668.1,2025-12-08 00:57:58+00
1,1666.1,2025-12-08 00:57:59+00
1,1661.5,2025-12-08 00:58:00+00
1,1671.2,2025-12-08 00:58:01+00
1,1664.7,2025-12-08 00:58:02+00
1,1683.1,2025-12-08 00:58:03+00
1,1665.2,2025-12-08 00:58:04+00
1,1663.6,2025-12-08 00:58:05+00
1,1662.6,2025-12-08 00:58:06+00
1,1666.6,2025-12-08 00:58:07+00
1,1665,2025-12-08 00:58:08+00
1,1662.8,2025-12-08 00:58:09+00
1,1663.4,2025-12-08 00:58:10+00
1,1663.8,2025-12-08 00:58:11+00
1,1667.8,2025-12-08 00:58:12+00
1,1674.4,2025-12-08 00:58:13+00
1,1665.7,2025-12-08 00:58:14+00
1,1664.7,2025-12-08 00:58:15+00
1,1667,2025-12-08 00:58:16+00
1,1662.4,2025-12-08 00:58:17+00
1,1665.4,2025-12-08 00:58:18+00
1,1681.4,2025-12-08 00:58:19+00
1,1706.5,2025-12-08 00:58:20+00
1,1674,2025-12-08 00:58:21+00
1,1688.9,2025-12-08 00:58:22+00
1,1675.5,2025-12-08 00:58:23+00
1,1673.7,2025-12-08 00:58:24+00
1,1674.3,2025-12-08 00:58:25+00
1,1669.6,2025-12-08 00:58:26+00
1,1666.8,2025-12-08 00:58:27+00
1,1672.8,2025-12-08 00:58:28+00
1,1676.3,2025-12-08 00:58:29+00
1,1675.5,2025-12-08 00:58:30+00
1,1675.9,2025-12-08 00:58:31+00
1,1675.3,2025-12-08 00:58:32+00
1,1672.7,2025-12-08 00:58:33+00
1,1677.4,2025-12-08 00:58:34+00
1,1679.6,2025-12-08 00:58:35+00
1,1678.3,2025-12-08 00:58:36+00
1,1680.9,2025-12-08 00:58:37+00
1,1681.8,2025-12-08 00:58:38+00
1,1680.2,2025-12-08 00:58:39+00
1,1699.8,2025-12-08 00:58:40+00
1,1683.9,2025-12-08 00:58:41+00
1,1673.2,2025-12-08 00:58:42+00
1,1681.4,2025-12-08 00:58:43+00
1,1677.3,2025-12-08 00:58:44+00
1,1679.1,2025-12-08 00:58:45+00
1,1693,2025-12-08 00:58:46+00
1,1678.3,2025-12-08 00:58:47+00
1,1681.1,2025-12-08 00:58:48+00
1,1679.3,2025-12-08 00:58:49+00
1,1678.6,2025-12-08 00:58:50+00
1,1683.7,2025-12-08 00:58:51+00
1,1680.3,2025-12-08 00:58:52+00
1,1681.3,2025-12-08 00:58:53+00
1,1680.9,2025-12-08 00:58:54+00
1,1684.5,2025-12-08 00:58:55+00
1,1689.5,2025-12-08 00:58:56+00
1,1682.6,2025-12-08 00:58:57+00
1,1694.8,2025-12-08 00:58:58+00
1,1684.6,2025-12-08 00:58:59+00
1,1684.8,2025-12-08 00:59:00+00
1,1692.4,2025-12-08 00:59:01+00
1,1688.1,2025-12-08 00:59:02+00
1,1688.4,2025-12-08 00:59:03+00
1,1691.1,2025-12-08 00:59:04+00
1,1686.8,2025-12-08 00:59:05+00
1,1689.8,2025-12-08 00:59:06+00
1,1701.3,2025-12-08 00:59:07+00
1,1692.3,2025-12-08 00:59:08+00
1,1690.1,2025-12-08 00:59:09+00
1,1693.4,2025-12-08 00:59:10+00
1,1692.1,2025-12-08 00:59:11+00
1,1694.7,2025-12-08 00:59:12+00
1,1701.6,2025-12-08 00:59:13+00
1,1699.7,2025-12-08 00:59:14+00
1,1692.7,2025-12-08 00:59:15+00
1,1695.1,2025-12-08 00:59:16+00
1,1695.4,2025-12-08 00:59:17+00
1,1697.1,2025-12-08 00:59:18+00
1,1699.5,2025-12-08 00:59:19+00
1,1704.4,2025-12-08 00:59:20+00
1,1703.7,2025-12-08 00:59:21+00
1,1704.5,2025-12-08 00:59:22+00
1,1696.2,2025-12-08 00:59:23+00
1,1697.2,2025-12-08 00:59:24+00
1,1699.8,2025-12-08 00:59:25+00
1,1697.6,2025-12-08 00:59:26+00
1,1707,2025-12-08 00:59:27+00
1,1706.3,2025-12-08 00:59:28+00
1,1699.7,2025-12-08 00:59:29+00
1,1698.4,2025-12-08 00:59:30+00
1,1700,2025-12-08 00:59:31+00
1,1700.9,2025-12-08 00:59:32+00
1,1707.7,2025-12-08 00:59:33+00
1,1702.1,2025-12-08 00:59:34+00
1,1717.7,2025-12-08 00:59:35+00
1,1700.7,2025-12-08 00:59:36+00
1,1701.9,2025-12-08 00:59:37+00
1,1702.2,2025-12-08 00:59:38+00
1,1702.1,2025-12-08 00:59:39+00
1,1707.8,2025-12-08 00:59:40+00
1,1708.9,2025-12-08 00:59:41+00
1,1703,2025-12-08 00:59:42+00
1,1711,2025-12-08 00:59:43+00
1,1708.7,2025-12-08 00:59:44+00
1,1707.6,2025-12-08 00:59:45+00
1,1702.1,2025-12-08 00:59:46+00
1,1702.8,2025-12-08 00:59:47+00
1,1705.8,2025-12-08 00:59:48+00
1,1710,2025-12-08 00:59:49+00
1,1708.3,2025-12-08 00:59:50+00
1,1731.3,2025-12-08 00:59:51+00
1,1706.8,2025-12-08 00:59:52+00
1,1705.3,2025-12-08 00:59:53+00
1,1708.7,2025-12-08 00:59:54+00
1,1707.5,2025-12-08 00:59:55+00
1,1706.7,2025-12-08 00:59:56+00
1,1706.4,2025-12-08 00:59:57+00
1,1711,2025-12-08 00:59:58+00
1,1725.6,2025-12-08 00:59:59+00
