sensor_id,aprt_power,sensor_timestamp
2,615.3,2025-12-08 00:00:00+00
2,637.4,2025-12-08 00:00:01+00
2,621.6,2025-12-08 00:00:02+00
2,615.5,2025-12-08 00:00:03+00
2,617.7,2025-12-08 00:00:04+00
2,620.4,2025-12-08 00:00:05+00
2,619.2,2025-12-08 00:00:06+00
2,618.6,2025-12-08 00:00:07+00
2,622,2025-12-08 00:00:08+00
2,630.2,2025-12-08 00:00:09+00
2,635.8,2025-12-08 00:00:10+00
2,617.7,2025-12-08 00:00:11+00
2,613.1,2025-12-08 00:00:12+00
2,621.8,2025-12-08 00:00:13+00
2,616.6,2025-12-08 00:00:14+00
2,611.6,2025-12-08 00:00:15+00
2,630.1,2025-12-08 00:00:16+00
2,624.2,2025-12-08 00:00:17+00
2,617,2025-12-08 00:00:18+00
2,628.6,2025-12-08 00:00:19+00
2,624,2025-12-08 00:00:20+00
2,625.6,2025-12-08 00:00:21+00
2,621.8,2025-12-08 00:00:22+00
2,618.2,2025-12-08 00:00:23+00
2,606.1,2025-12-08 00:00:24+00
2,601.7,2025-12-08 00:00:25+00
2,623.7,2025-12-08 00:00:26+00
2,636.7,2025-12-08 00:00:27+00
2,603.2,2025-12-08 00:00:28+00
2,620,2025-12-08 00:00:29+00
2,617.4,2025-12-08 00:00:30+00
2,619.5,2025-12-08 00:00:31+00
2,618.8,2025-12-08 00:00:32+00
2,738.3,2025-12-08 00:00:33+00
2,703.7,2025-12-08 00:00:34+00
2,703.8,2025-12-08 00:00:35+00
2,707.3,2025-12-08 00:00:36+00
2,627.7,2025-12-08 00:00:37+00
2,702.9,2025-12-08 00:00:38+00
2,745.6,2025-12-08 00:00:39+00
2,716,2025-12-08 00:00:40+00
2,716.5,2025-12-08 00:00:41+00
2,655.6,2025-12-08 00:00:42+00
2,642.2,2025-12-08 00:00:43+00
2,702,2025-12-08 00:00:44+00
2,702.4,2025-12-08 00:00:45+00
2,711.9,2025-12-08 00:00:46+00
2,715.8,2025-12-08 00:00:47+00
2,714.2,2025-12-08 00:00:48+00
2,698.1,2025-12-08 00:00:49+00
2,702.4,2025-12-08 00:00:50+00
2,723.7,2025-12-08 00:00:51+00
2,651.9,2025-12-08 00:00:52+00
2,649,2025-12-08 00:00:53+00
2,653.5,2025-12-08 00:00:54+00
2,655,2025-12-08 00:00:55+00
2,662.5,2025-12-08 00:00:56+00
2,651.9,2025-12-08 00:00:57+00
2,645.5,2025-12-08 00:00:58+00
2,643.8,2025-12-08 00:00:59+00
2,1090.9,2025-12-08 00:01:00+00
2,1084.1,2025-12-08 00:01:01+00
2,1085.4,2025-12-08 00:01:02+00
2,1087.6,2025-12-08 00:01:03+00
2,1077.2,2025-12-08 00:01:04+00
2,924.8,2025-12-08 00:01:05+00
2,1049.2,2025-12-08 00:01:06+00
2,904.4,2025-12-08 00:01:07+00
2,886.7,2025-12-08 00:01:08+00
2,958.6,2025-12-08 00:01:09+00
2,895.5,2025-12-08 00:01:10+00
2,939.6,2025-12-08 00:01:11+00
2,970.6,2025-12-08 00:01:12+00
2,997.4,2025-12-08 00:01:13+00
2,1018.2,2025-12-08 00:01:14+00
2,1026.4,2025-12-08 00:01:15+00
2,1046.8,2025-12-08 00:01:16+00
2,1077.7,2025-12-08 00:01:17+00
2,1083.6,2025-12-08 00:01:18+00
2,1096.9,2025-12-08 00:01:19+00
2,1103.5,2025-12-08 00:01:20+00
2,1118.3,2025-12-08 00:01:21+00
2,1100.4,2025-12-08 00:01:22+00
2,1106.6,2025-12-08 00:01:23+00
2,1121.2,2025-12-08 00:01:24+00
2,1099.3,2025-12-08 00:01:25+00
2,1105,2025-12-08 00:01:26+00
2,1131.1,2025-12-08 00:01:27+00
2,1113,2025-12-08 00:01:28+00
2,1117.7,2025-12-08 00:01:29+00
2,1097.1,2025-12-08 00:01:30+00
2,1107.3,2025-12-08 00:01:31+00
2,1101.4,2025-12-08 00:01:32+00
2,1103.9,2025-12-08 00:01:33+00
2,1105.1,2025-12-08 00:01:34+00
2,1112.2,2025-12-08 00:01:35+00
2,1111.1,2025-12-08 00:01:36+00
2,1113,2025-12-08 00:01:37+00
2,1091,2025-12-08 00:01:38+00
2,1106.5,2025-12-08 00:01:39+00
2,1117.2,2025-12-08 00:01:40+00
2,1114.8,2025-12-08 00:01:41+00
2,1127.2,2025-12-08 00:01:42+00
2,1117.1,2025-12-08 00:01:43+00
2,1126,2025-12-08 00:01:44+00
2,1130.1,2025-12-08 00:01:45+00
2,1119.4,2025-12-08 00:01:46+00
2,1114.6,2025-12-08 00:01:47+00
2,1143.2,2025-12-08 00:01:48+00
2,1136.1,2025-12-08 00:01:49+00
2,1130.8,2025-12-08 00:01:50+00
2,1128.4,2025-12-08 00:01:51+00
2,1121.2,2025-12-08 00:01:52+00
2,1129,2025-12-08 00:01:53+00
2,1134.9,2025-12-08 00:01:54+00
2,1143.9,2025-12-08 00:01:55+00
2,1130.9,2025-12-08 00:01:56+00
2,1137.4,2025-12-08 00:01:57+00
2,1135.6,2025-12-08 00:01:58+00
2,1161.6,2025-12-08 00:01:59+00
2,1143.5,2025-12-08 00:02:00+00
2,1145.7,2025-12-08 00:02:01+00
2,1132.8,2025-12-08 00:02:02+00
2,1137,2025-12-08 00:02:03+00
2,1124.4,2025-12-08 00:02:04+00
2,1126,2025-12-08 00:02:05+00
2,1130.3,2025-12-08 00:02:06+00
2,1141.7,2025-12-08 00:02:07+00
2,1113.8,2025-12-08 00:02:08+00
2,1128.3,2025-12-08 00:02:09+00
2,1146.4,2025-12-08 00:02:10+00
2,1140.1,2025-12-08 00:02:11+00
2,1141.5,2025-12-08 00:02:12+00
2,1124.3,2025-12-08 00:02:13+00
2,1131.5,2025-12-08 00:02:14+00
2,1140,2025-12-08 00:02:15+00
2,1139.4,2025-12-08 00:02:16+00
2,1129.2,2025-12-08 00:02:17+00
2,1129.6,2025-12-08 00:02:18+00
2,1129.8,2025-12-08 00:02:19+00
2,1138.9,2025-12-08 00:02:20+00
2,1150.4,2025-12-08 00:02:21+00
2,1134.4,2025-12-08 00:02:22+00
2,1134,2025-12-08 00:02:23+00
2,1134.9,2025-12-08 00:02:24+00
2,1140.8,2025-12-08 00:02:25+00
2,1133.7,2025-12-08 00:02:26+00
2,1136.4,2025-12-08 00:02:27+00
2,1133.3,2025-12-08 00:02:28+00
2,1133.9,2025-12-08 00:02:29+00
2,1137.9,2025-12-08 00:02:30+00
2,1137.6,2025-12-08 00:02:31+00
2,1122.8,2025-12-08 00:02:32+00
2,1132.7,2025-12-08 00:02:33+00
2,1131.5,2025-12-08 00:02:34+00
2,1136.2,2025-12-08 00:02:35+00
2,1141.5,2025-12-08 00:02:36+00
2,1128,2025-12-08 00:02:37+00
2,1128.2,2025-12-08 00:02:38+00
2,1123.6,2025-12-08 00:02:39+00
2,1128.8,2025-12-08 00:02:40+00
2,1145.4,2025-12-08 00:02:41+00
2,1125.8,2025-12-08 00:02:42+00
2,1136.1,2025-12-08 00:02:43+00
2,1131.7,2025-12-08 00:02:44+00
2,1128.5,2025-12-08 00:02:45+00
2,1133.8,2025-12-08 00:02:46+00
2,1129.4,2025-12-08 00:02:47+00
2,1135.5,2025-12-08 00:02:48+00
2,1133.1,2025-12-08 00:02:49+00
2,1120,2025-12-08 00:02:50+00
2,1127.5,2025-12-08 00:02:51+00
2,1136.4,2025-12-08 00:02:52+00
2,1130.9,2025-12-08 00:02:53+00
2,1117.7,2025-12-08 00:02:54+00
2,1136.6,2025-12-08 00:02:55+00
2,1139.4,2025-12-08 00:02:56+00
2,1125,2025-12-08 00:02:57+00
2,1129.6,2025-12-08 00:02:58+00
2,1142.5,2025-12-08 00:02:59+00
2,1222.2,2025-12-08 00:03:00+00
2,1223.4,2025-12-08 00:03:01+00
2,1208.7,2025-12-08 00:03:02+00
2,1226,2025-12-08 00:03:03+00
2,1216.7,2025-12-08 00:03:04+00
2,1215.4,2025-12-08 00:03:05+00
2,1222.3,2025-12-08 00:03:06+00
2,1225.9,2025-12-08 00:03:07+00
2,1225.1,2025-12-08 00:03:08+00
2,1214,2025-12-08 00:03:09+00
2,1221.6,2025-12-08 00:03:10+00
2,1208.6,2025-12-08 00:03:11+00
2,1224.9,2025-12-08 00:03:12+00
2,1213.3,2025-12-08 00:03:13+00
2,1213.4,2025-12-08 00:03:14+00
2,1224.4,2025-12-08 00:03:15+00
2,1220.8,2025-12-08 00:03:16+00
2,1213.6,2025-12-08 00:03:17+00
2,1223.6,2025-12-08 00:03:18+00
2,1146.1,2025-12-08 00:03:19+00
2,1121.7,2025-12-08 00:03:20+00
2,1136.8,2025-12-08 00:03:21+00
2,1135.1,2025-12-08 00:03:22+00
2,1220.8,2025-12-08 00:03:23+00
2,1220.1,2025-12-08 00:03:24+00
2,1226.3,2025-12-08 00:03:25+00
2,1224.5,2025-12-08 00:03:26+00
2,1220.1,2025-12-08 00:03:27+00
2,1226,2025-12-08 00:03:28+00
2,1216.4,2025-12-08 00:03:29+00
2,1231.6,2025-12-08 00:03:30+00
2,1226.1,2025-12-08 00:03:31+00
2,1224.6,2025-12-08 00:03:32+00
2,1233.1,2025-12-08 00:03:33+00
2,1226.1,2025-12-08 00:03:34+00
2,1229.9,2025-12-08 00:03:35+00
2,1211.4,2025-12-08 00:03:36+00
2,1228.8,2025-12-08 00:03:37+00
2,1223.5,2025-12-08 00:03:38+00
2,1224.2,2025-12-08 00:03:39+00
2,1228.4,2025-12-08 00:03:40+00
2,1223.3,2025-12-08 00:03:41+00
2,1225.3,2025-12-08 00:03:42+00
2,1219.2,2025-12-08 00:03:43+00
2,1220.6,2025-12-08 00:03:44+00
2,1215.5,2025-12-08 00:03:45+00
2,1219,2025-12-08 00:03:46+00
2,1227.7,2025-12-08 00:03:47+00
2,1223,2025-12-08 00:03:48+00
2,1217.5,2025-12-08 00:03:49+00
2,1221.3,2025-12-08 00:03:50+00
2,1211.4,2025-12-08 00:03:51+00
2,1221.5,2025-12-08 00:03:52+00
2,1218,2025-12-08 00:03:53+00
2,1215.9,2025-12-08 00:03:54+00
2,1227.5,2025-12-08 00:03:55+00
2,1250,2025-12-08 00:03:56+00
2,1303.1,2025-12-08 00:03:57+00
2,1274,2025-12-08 00:03:58+00
2,1277.7,2025-12-08 00:03:59+00
2,1317.6,2025-12-08 00:04:00+00
2,1314.9,2025-12-08 00:04:01+00
2,1327.3,2025-12-08 00:04:02+00
2,1316.8,2025-12-08 00:04:03+00
2,1303,2025-12-08 00:04:04+00
2,1310.7,2025-12-08 00:04:05+00
2,1298.6,2025-12-08 00:04:06+00
2,1315.8,2025-12-08 00:04:07+00
2,1312.9,2025-12-08 00:04:08+00
2,1319.8,2025-12-08 00:04:09+00
2,1321.8,2025-12-08 00:04:10+00
2,1309.6,2025-12-08 00:04:11+00
2,1316.4,2025-12-08 00:04:12+00
2,1276.8,2025-12-08 00:04:13+00
2,1285.9,2025-12-08 00:04:14+00
2,1284.8,2025-12-08 00:04:15+00
2,1313.2,2025-12-08 00:04:16+00
2,1312.8,2025-12-08 00:04:17+00
2,1318.9,2025-12-08 00:04:18+00
2,1303.8,2025-12-08 00:04:19+00
2,1309.2,2025-12-08 00:04:20+00
2,1308.7,2025-12-08 00:04:21+00
2,1305.6,2025-12-08 00:04:22+00
2,1319.7,2025-12-08 00:04:23+00
2,1266.5,2025-12-08 00:04:24+00
2,1298,2025-12-08 00:04:25+00
2,1273.4,2025-12-08 00:04:26+00
2,1280.8,2025-12-08 00:04:27+00
2,1305.2,2025-12-08 00:04:28+00
2,1286.4,2025-12-08 00:04:29+00
2,1278.1,2025-12-08 00:04:30+00
2,1276.5,2025-12-08 00:04:31+00
2,1299.9,2025-12-08 00:04:32+00
2,1312.9,2025-12-08 00:04:33+00
2,1316.8,2025-12-08 00:04:34+00
2,1320.6,2025-12-08 00:04:35+00
2,1314.6,2025-12-08 00:04:36+00
2,1320.4,2025-12-08 00:04:37+00
2,1318.7,2025-12-08 00:04:38+00
2,1307.4,2025-12-08 00:04:39+00
2,1322.6,2025-12-08 00:04:40+00
2,1319.7,2025-12-08 00:04:41+00
2,1314.9,2025-12-08 00:04:42+00
2,1313.9,2025-12-08 00:04:43+00
2,1315.8,2025-12-08 00:04:44+00
2,1316.5,2025-12-08 00:04:45+00
2,1313.1,2025-12-08 00:04:46+00
2,1308.7,2025-12-08 00:04:47+00
2,1363.2,2025-12-08 00:04:48+00
2,1355.6,2025-12-08 00:04:49+00
2,1364.2,2025-12-08 00:04:50+00
2,1369.6,2025-12-08 00:04:51+00
2,1353.4,2025-12-08 00:04:52+00
2,1356.6,2025-12-08 00:04:53+00
2,1348.8,2025-12-08 00:04:54+00
2,1350.9,2025-12-08 00:04:55+00
2,1344.8,2025-12-08 00:04:56+00
2,1324.2,2025-12-08 00:04:57+00
2,1306.3,2025-12-08 00:04:58+00
2,1313.2,2025-12-08 00:04:59+00
2,623.8,2025-12-08 00:05:00+00
2,634.3,2025-12-08 00:05:01+00
2,619.7,2025-12-08 00:05:02+00
2,607.8,2025-12-08 00:05:03+00
2,607.6,2025-12-08 00:05:04+00
2,603.7,2025-12-08 00:05:05+00
2,614.5,2025-12-08 00:05:06+00
2,628.7,2025-12-08 00:05:07+00
2,615,2025-12-08 00:05:08+00
2,632.4,2025-12-08 00:05:09+00
2,631.5,2025-12-08 00:05:10+00
2,614.1,2025-12-08 00:05:11+00
2,602.7,2025-12-08 00:05:12+00
2,603.2,2025-12-08 00:05:13+00
2,613.7,2025-12-08 00:05:14+00
2,617.7,2025-12-08 00:05:15+00
2,628.2,2025-12-08 00:05:16+00
2,615.2,2025-12-08 00:05:17+00
2,617,2025-12-08 00:05:18+00
2,635.9,2025-12-08 00:05:19+00
2,624.1,2025-12-08 00:05:20+00
2,624.7,2025-12-08 00:05:21+00
2,627.4,2025-12-08 00:05:22+00
2,617.9,2025-12-08 00:05:23+00
2,620.1,2025-12-08 00:05:24+00
2,609.7,2025-12-08 00:05:25+00
2,622.9,2025-12-08 00:05:26+00
2,626,2025-12-08 00:05:27+00
2,624.3,2025-12-08 00:05:28+00
2,612,2025-12-08 00:05:29+00
2,623.2,2025-12-08 00:05:30+00
2,610,2025-12-08 00:05:31+00
2,628.3,2025-12-08 00:05:32+00
2,748.2,2025-12-08 00:05:33+00
2,704.6,2025-12-08 00:05:34+00
2,730.3,2025-12-08 00:05:35+00
2,702.3,2025-12-08 00:05:36+00
2,624.8,2025-12-08 00:05:37+00
2,698.8,2025-12-08 00:05:38+00
2,755.9,2025-12-08 00:05:39+00
2,721.5,2025-12-08 00:05:40+00
2,722.6,2025-12-08 00:05:41+00
2,663.8,2025-12-08 00:05:42+00
2,658.5,2025-12-08 00:05:43+00
2,708.6,2025-12-08 00:05:44+00
2,708.3,2025-12-08 00:05:45+00
2,703,2025-12-08 00:05:46+00
2,713.9,2025-12-08 00:05:47+00
2,701,2025-12-08 00:05:48+00
2,696.8,2025-12-08 00:05:49+00
2,699.5,2025-12-08 00:05:50+00
2,727,2025-12-08 00:05:51+00
2,654.9,2025-12-08 00:05:52+00
2,651.1,2025-12-08 00:05:53+00
2,640.7,2025-12-08 00:05:54+00
2,651.4,2025-12-08 00:05:55+00
2,640.1,2025-12-08 00:05:56+00
2,656.9,2025-12-08 00:05:57+00
2,650.7,2025-12-08 00:05:58+00
2,650.8,2025-12-08 00:05:59+00
2,1076.6,2025-12-08 00:06:00+00
2,1090.7,2025-12-08 00:06:01+00
2,1084.1,2025-12-08 00:06:02+00
2,1088.8,2025-12-08 00:06:03+00
2,1079.5,2025-12-08 00:06:04+00
2,907.4,2025-12-08 00:06:05+00
2,1068.3,2025-12-08 00:06:06+00
2,904.6,2025-12-08 00:06:07+00
2,888.1,2025-12-08 00:06:08+00
2,959.4,2025-12-08 00:06:09+00
2,901.4,2025-12-08 00:06:10+00
2,948.8,2025-12-08 00:06:11+00
2,959.7,2025-12-08 00:06:12+00
2,991.8,2025-12-08 00:06:13+00
2,1018.2,2025-12-08 00:06:14+00
2,1037.8,2025-12-08 00:06:15+00
2,1039.6,2025-12-08 00:06:16+00
2,1074.3,2025-12-08 00:06:17+00
2,1091.2,2025-12-08 00:06:18+00
2,1102.7,2025-12-08 00:06:19+00
2,1096.3,2025-12-08 00:06:20+00
2,1116.1,2025-12-08 00:06:21+00
2,1101.7,2025-12-08 00:06:22+00
2,1105.7,2025-12-08 00:06:23+00
2,1112.3,2025-12-08 00:06:24+00
2,1104,2025-12-08 00:06:25+00
2,1108.9,2025-12-08 00:06:26+00
2,1112.3,2025-12-08 00:06:27+00
2,1109.9,2025-12-08 00:06:28+00
2,1123,2025-12-08 00:06:29+00
2,1109.2,2025-12-08 00:06:30+00
2,1115.1,2025-12-08 00:06:31+00
2,1103.9,2025-12-08 00:06:32+00
2,1106.6,2025-12-08 00:06:33+00
2,1114.4,2025-12-08 00:06:34+00
2,1107.4,2025-12-08 00:06:35+00
2,1106.8,2025-12-08 00:06:36+00
2,1089.7,2025-12-08 00:06:37+00
2,1118.6,2025-12-08 00:06:38+00
2,1119.7,2025-12-08 00:06:39+00
2,1115.9,2025-12-08 00:06:40+00
2,1119.3,2025-12-08 00:06:41+00
2,1129.4,2025-12-08 00:06:42+00
2,1131.5,2025-12-08 00:06:43+00
2,1116.1,2025-12-08 00:06:44+00
2,1134.6,2025-12-08 00:06:45+00
2,1132.3,2025-12-08 00:06:46+00
2,1126.5,2025-12-08 00:06:47+00
2,1139.7,2025-12-08 00:06:48+00
2,1133.5,2025-12-08 00:06:49+00
2,1133.5,2025-12-08 00:06:50+00
2,1135.1,2025-12-08 00:06:51+00
2,1133.9,2025-12-08 00:06:52+00
2,1132.8,2025-12-08 00:06:53+00
2,1133.1,2025-12-08 00:06:54+00
2,1135.1,2025-12-08 00:06:55+00
2,1141,2025-12-08 00:06:56+00
2,1134.9,2025-12-08 00:06:57+00
2,1148,2025-12-08 00:06:58+00
2,1156.7,2025-12-08 00:06:59+00
2,1133.9,2025-12-08 00:07:00+00
2,1147.2,2025-12-08 00:07:01+00
2,1136.3,2025-12-08 00:07:02+00
2,1132.7,2025-12-08 00:07:03+00
2,1122.4,2025-12-08 00:07:04+00
2,1140.4,2025-12-08 00:07:05+00
2,1149.4,2025-12-08 00:07:06+00
2,1128.7,2025-12-08 00:07:07+00
2,1131,2025-12-08 00:07:08+00
2,1134.5,2025-12-08 00:07:09+00
2,1140.5,2025-12-08 00:07:10+00
2,1122.6,2025-12-08 00:07:11+00
2,1134.3,2025-12-08 00:07:12+00
2,1127.3,2025-12-08 00:07:13+00
2,1136.1,2025-12-08 00:07:14+00
2,1148.2,2025-12-08 00:07:15+00
2,1134.1,2025-12-08 00:07:16+00
2,1123,2025-12-08 00:07:17+00
2,1123.4,2025-12-08 00:07:18+00
2,1142.2,2025-12-08 00:07:19+00
2,1124.5,2025-12-08 00:07:20+00
2,1144.4,2025-12-08 00:07:21+00
2,1131.7,2025-12-08 00:07:22+00
2,1146,2025-12-08 00:07:23+00
2,1143.5,2025-12-08 00:07:24+00
2,1140.4,2025-12-08 00:07:25+00
2,1130.3,2025-12-08 00:07:26+00
2,1138.6,2025-12-08 00:07:27+00
2,1132.6,2025-12-08 00:07:28+00
2,1134.5,2025-12-08 00:07:29+00
2,1141.4,2025-12-08 00:07:30+00
2,1138.6,2025-12-08 00:07:31+00
2,1127.6,2025-12-08 00:07:32+00
2,1123.9,2025-12-08 00:07:33+00
2,1124.3,2025-12-08 00:07:34+00
2,1136.6,2025-12-08 00:07:35+00
2,1138.4,2025-12-08 00:07:36+00
2,1113.3,2025-12-08 00:07:37+00
2,1123.8,2025-12-08 00:07:38+00
2,1140.6,2025-12-08 00:07:39+00
2,1138,2025-12-08 00:07:40+00
2,1124.5,2025-12-08 00:07:41+00
2,1127.6,2025-12-08 00:07:42+00
2,1122.4,2025-12-08 00:07:43+00
2,1134.6,2025-12-08 00:07:44+00
2,1121.4,2025-12-08 00:07:45+00
2,1132.2,2025-12-08 00:07:46+00
2,1121.2,2025-12-08 00:07:47+00
2,1133.5,2025-12-08 00:07:48+00
2,1135.4,2025-12-08 00:07:49+00
2,1134.8,2025-12-08 00:07:50+00
2,1122.6,2025-12-08 00:07:51+00
2,1134.9,2025-12-08 00:07:52+00
2,1133,2025-12-08 00:07:53+00
2,1123.8,2025-12-08 00:07:54+00
2,1134.2,2025-12-08 00:07:55+00
2,1137.1,2025-12-08 00:07:56+00
2,1141,2025-12-08 00:07:57+00
2,1123.9,2025-12-08 00:07:58+00
2,1145.3,2025-12-08 00:07:59+00
2,1218.3,2025-12-08 00:08:00+00
2,1224,2025-12-08 00:08:01+00
2,1225.4,2025-12-08 00:08:02+00
2,1227.5,2025-12-08 00:08:03+00
2,1217.1,2025-12-08 00:08:04+00
2,1217.1,2025-12-08 00:08:05+00
2,1229.1,2025-12-08 00:08:06+00
2,1227.7,2025-12-08 00:08:07+00
2,1217.9,2025-12-08 00:08:08+00
2,1235,2025-12-08 00:08:09+00
2,1231.6,2025-12-08 00:08:10+00
2,1217.1,2025-12-08 00:08:11+00
2,1221.1,2025-12-08 00:08:12+00
2,1221.5,2025-12-08 00:08:13+00
2,1222.4,2025-12-08 00:08:14+00
2,1212.6,2025-12-08 00:08:15+00
2,1222.2,2025-12-08 00:08:16+00
2,1219.7,2025-12-08 00:08:17+00
2,1217.9,2025-12-08 00:08:18+00
2,1138.8,2025-12-08 00:08:19+00
2,1142.5,2025-12-08 00:08:20+00
2,1138.1,2025-12-08 00:08:21+00
2,1139.5,2025-12-08 00:08:22+00
2,1221,2025-12-08 00:08:23+00
2,1215.3,2025-12-08 00:08:24+00
2,1208,2025-12-08 00:08:25+00
2,1220.3,2025-12-08 00:08:26+00
2,1214,2025-12-08 00:08:27+00
2,1223.7,2025-12-08 00:08:28+00
2,1227.5,2025-12-08 00:08:29+00
2,1222.9,2025-12-08 00:08:30+00
2,1214.9,2025-12-08 00:08:31+00
2,1225.6,2025-12-08 00:08:32+00
2,1221.8,2025-12-08 00:08:33+00
2,1229.7,2025-12-08 00:08:34+00
2,1222.8,2025-12-08 00:08:35+00
2,1213.4,2025-12-08 00:08:36+00
2,1216.4,2025-12-08 00:08:37+00
2,1219.8,2025-12-08 00:08:38+00
2,1227.1,2025-12-08 00:08:39+00
2,1235.1,2025-12-08 00:08:40+00
2,1223.7,2025-12-08 00:08:41+00
2,1217.2,2025-12-08 00:08:42+00
2,1235.6,2025-12-08 00:08:43+00
2,1226.7,2025-12-08 00:08:44+00
2,1217.7,2025-12-08 00:08:45+00
2,1218.1,2025-12-08 00:08:46+00
2,1215.7,2025-12-08 00:08:47+00
2,1226.8,2025-12-08 00:08:48+00
2,1213.3,2025-12-08 00:08:49+00
2,1208.3,2025-12-08 00:08:50+00
2,1231.4,2025-12-08 00:08:51+00
2,1221.9,2025-12-08 00:08:52+00
2,1212.4,2025-12-08 00:08:53+00
2,1221.3,2025-12-08 00:08:54+00
2,1224.1,2025-12-08 00:08:55+00
2,1256.3,2025-12-08 00:08:56+00
2,1283,2025-12-08 00:08:57+00
2,1266.1,2025-12-08 00:08:58+00
2,1280.1,2025-12-08 00:08:59+00
2,1308.8,2025-12-08 00:09:00+00
2,1318.9,2025-12-08 00:09:01+00
2,1316.2,2025-12-08 00:09:02+00
2,1326,2025-12-08 00:09:03+00
2,1313.3,2025-12-08 00:09:04+00
2,1305.2,2025-12-08 00:09:05+00
2,1323.1,2025-12-08 00:09:06+00
2,1327.4,2025-12-08 00:09:07+00
2,1312,2025-12-08 00:09:08+00
2,1315.6,2025-12-08 00:09:09+00
2,1316.4,2025-12-08 00:09:10+00
2,1318.9,2025-12-08 00:09:11+00
2,1320.6,2025-12-08 00:09:12+00
2,1283.2,2025-12-08 00:09:13+00
2,1274.8,2025-12-08 00:09:14+00
2,1272.8,2025-12-08 00:09:15+00
2,1335.9,2025-12-08 00:09:16+00
2,1311.6,2025-12-08 00:09:17+00
2,1305.5,2025-12-08 00:09:18+00
2,1305.8,2025-12-08 00:09:19+00
2,1322.5,2025-12-08 00:09:20+00
2,1311,2025-12-08 00:09:21+00
2,1320.3,2025-12-08 00:09:22+00
2,1307.8,2025-12-08 00:09:23+00
2,1279.2,2025-12-08 00:09:24+00
2,1275,2025-12-08 00:09:25+00
2,1289.2,2025-12-08 00:09:26+00
2,1281.8,2025-12-08 00:09:27+00
2,1289.5,2025-12-08 00:09:28+00
2,1296.6,2025-12-08 00:09:29+00
2,1278.9,2025-12-08 00:09:30+00
2,1268,2025-12-08 00:09:31+00
2,1317.9,2025-12-08 00:09:32+00
2,1311.8,2025-12-08 00:09:33+00
2,1324.4,2025-12-08 00:09:34+00
2,1295.5,2025-12-08 00:09:35+00
2,1312.4,2025-12-08 00:09:36+00
2,1315.8,2025-12-08 00:09:37+00
2,1314.3,2025-12-08 00:09:38+00
2,1312.8,2025-12-08 00:09:39+00
2,1318.9,2025-12-08 00:09:40+00
2,1303.1,2025-12-08 00:09:41+00
2,1304.4,2025-12-08 00:09:42+00
2,1325.8,2025-12-08 00:09:43+00
2,1306.1,2025-12-08 00:09:44+00
2,1324.5,2025-12-08 00:09:45+00
2,1312.3,2025-12-08 00:09:46+00
2,1326.2,2025-12-08 00:09:47+00
2,1362.9,2025-12-08 00:09:48+00
2,1359.2,2025-12-08 00:09:49+00
2,1349.3,2025-12-08 00:09:50+00
2,1370,2025-12-08 00:09:51+00
2,1361.4,2025-12-08 00:09:52+00
2,1350.4,2025-12-08 00:09:53+00
2,1336.7,2025-12-08 00:09:54+00
2,1352.5,2025-12-08 00:09:55+00
2,1357.1,2025-12-08 00:09:56+00
2,1314.4,2025-12-08 00:09:57+00
2,1321.9,2025-12-08 00:09:58+00
2,1325.8,2025-12-08 00:09:59+00
2,626,2025-12-08 00:10:00+00
2,641.4,2025-12-08 00:10:01+00
2,617.8,2025-12-08 00:10:02+00
2,621.2,2025-12-08 00:10:03+00
2,624.6,2025-12-08 00:10:04+00
2,619.7,2025-12-08 00:10:05+00
2,628,2025-12-08 00:10:06+00
2,620.9,2025-12-08 00:10:07+00
2,617,2025-12-08 00:10:08+00
2,611.8,2025-12-08 00:10:09+00
2,615.2,2025-12-08 00:10:10+00
2,618.4,2025-12-08 00:10:11+00
2,622.4,2025-12-08 00:10:12+00
2,612.3,2025-12-08 00:10:13+00
2,615.4,2025-12-08 00:10:14+00
2,614.9,2025-12-08 00:10:15+00
2,608.2,2025-12-08 00:10:16+00
2,596.4,2025-12-08 00:10:17+00
2,614.3,2025-12-08 00:10:18+00
2,640.2,2025-12-08 00:10:19+00
2,636.7,2025-12-08 00:10:20+00
2,647.3,2025-12-08 00:10:21+00
2,623.5,2025-12-08 00:10:22+00
2,621.1,2025-12-08 00:10:23+00
2,609,2025-12-08 00:10:24+00
2,621,2025-12-08 00:10:25+00
2,614.1,2025-12-08 00:10:26+00
2,634.5,2025-12-08 00:10:27+00
2,616.9,2025-12-08 00:10:28+00
2,615.6,2025-12-08 00:10:29+00
2,606.4,2025-12-08 00:10:30+00
2,629.7,2025-12-08 00:10:31+00
2,618.1,2025-12-08 00:10:32+00
2,736,2025-12-08 00:10:33+00
2,710,2025-12-08 00:10:34+00
2,720.8,2025-12-08 00:10:35+00
2,714.4,2025-12-08 00:10:36+00
2,637.4,2025-12-08 00:10:37+00
2,704.2,2025-12-08 00:10:38+00
2,767.1,2025-12-08 00:10:39+00
2,706.1,2025-12-08 00:10:40+00
2,717.2,2025-12-08 00:10:41+00
2,650.6,2025-12-08 00:10:42+00
2,651.2,2025-12-08 00:10:43+00
2,703.7,2025-12-08 00:10:44+00
2,700.1,2025-12-08 00:10:45+00
2,718.9,2025-12-08 00:10:46+00
2,709.8,2025-12-08 00:10:47+00
2,724.9,2025-12-08 00:10:48+00
2,727.2,2025-12-08 00:10:49+00
2,697.9,2025-12-08 00:10:50+00
2,708.3,2025-12-08 00:10:51+00
2,644.3,2025-12-08 00:10:52+00
2,643.7,2025-12-08 00:10:53+00
2,651.8,2025-12-08 00:10:54+00
2,649.5,2025-12-08 00:10:55+00
2,644.9,2025-12-08 00:10:56+00
2,659.2,2025-12-08 00:10:57+00
2,643.6,2025-12-08 00:10:58+00
2,664.1,2025-12-08 00:10:59+00
2,1081.1,2025-12-08 00:11:00+00
2,1095,2025-12-08 00:11:01+00
2,1076.1,2025-12-08 00:11:02+00
2,1082.5,2025-12-08 00:11:03+00
2,1095.8,2025-12-08 00:11:04+00
2,899.8,2025-12-08 00:11:05+00
2,1057.4,2025-12-08 00:11:06+00
2,905.2,2025-12-08 00:11:07+00
2,885,2025-12-08 00:11:08+00
2,956.9,2025-12-08 00:11:09+00
2,900,2025-12-08 00:11:10+00
2,932.6,2025-12-08 00:11:11+00
2,957.9,2025-12-08 00:11:12+00
2,989.1,2025-12-08 00:11:13+00
2,1010,2025-12-08 00:11:14+00
2,1038.3,2025-12-08 00:11:15+00
2,1039.1,2025-12-08 00:11:16+00
2,1071,2025-12-08 00:11:17+00
2,1088.4,2025-12-08 00:11:18+00
2,1098.7,2025-12-08 00:11:19+00
2,1102.1,2025-12-08 00:11:20+00
2,1119.4,2025-12-08 00:11:21+00
2,1089.2,2025-12-08 00:11:22+00
2,1110.7,2025-12-08 00:11:23+00
2,1110.6,2025-12-08 00:11:24+00
2,1113.1,2025-12-08 00:11:25+00
2,1107.9,2025-12-08 00:11:26+00
2,1115.2,2025-12-08 00:11:27+00
2,1105.5,2025-12-08 00:11:28+00
2,1115.5,2025-12-08 00:11:29+00
2,1102.8,2025-12-08 00:11:30+00
2,1114.3,2025-12-08 00:11:31+00
2,1103.3,2025-12-08 00:11:32+00
2,1105.6,2025-12-08 00:11:33+00
2,1109.3,2025-12-08 00:11:34+00
2,1108,2025-12-08 00:11:35+00
2,1109.6,2025-12-08 00:11:36+00
2,1100.2,2025-12-08 00:11:37+00
2,1108.7,2025-12-08 00:11:38+00
2,1098,2025-12-08 00:11:39+00
2,1109.2,2025-12-08 00:11:40+00
2,1112.7,2025-12-08 00:11:41+00
2,1117.1,2025-12-08 00:11:42+00
2,1120,2025-12-08 00:11:43+00
2,1123.5,2025-12-08 00:11:44+00
2,1128.7,2025-12-08 00:11:45+00
2,1130.3,2025-12-08 00:11:46+00
2,1120.7,2025-12-08 00:11:47+00
2,1128,2025-12-08 00:11:48+00
2,1120.5,2025-12-08 00:11:49+00
2,1129.2,2025-12-08 00:11:50+00
2,1133.5,2025-12-08 00:11:51+00
2,1140.8,2025-12-08 00:11:52+00
2,1128.8,2025-12-08 00:11:53+00
2,1142.3,2025-12-08 00:11:54+00
2,1137.4,2025-12-08 00:11:55+00
2,1138.9,2025-12-08 00:11:56+00
2,1132.7,2025-12-08 00:11:57+00
2,1134.7,2025-12-08 00:11:58+00
2,1152,2025-12-08 00:11:59+00
2,1135.8,2025-12-08 00:12:00+00
2,1138.2,2025-12-08 00:12:01+00
2,1142.2,2025-12-08 00:12:02+00
2,1134.2,2025-12-08 00:12:03+00
2,1139.3,2025-12-08 00:12:04+00
2,1131.2,2025-12-08 00:12:05+00
2,1131.2,2025-12-08 00:12:06+00
2,1132.5,2025-12-08 00:12:07+00
2,1138.5,2025-12-08 00:12:08+00
2,1127.9,2025-12-08 00:12:09+00
2,1132.9,2025-12-08 00:12:10+00
2,1121.6,2025-12-08 00:12:11+00
2,1125.3,2025-12-08 00:12:12+00
2,1125.6,2025-12-08 00:12:13+00
2,1120.7,2025-12-08 00:12:14+00
2,1139.7,2025-12-08 00:12:15+00
2,1127.6,2025-12-08 00:12:16+00
2,1132.6,2025-12-08 00:12:17+00
2,1137.7,2025-12-08 00:12:18+00
2,1134.6,2025-12-08 00:12:19+00
2,1159.8,2025-12-08 00:12:20+00
2,1128.8,2025-12-08 00:12:21+00
2,1149,2025-12-08 00:12:22+00
2,1139.4,2025-12-08 00:12:23+00
2,1130.2,2025-12-08 00:12:24+00
2,1144.3,2025-12-08 00:12:25+00
2,1133.7,2025-12-08 00:12:26+00
2,1127.3,2025-12-08 00:12:27+00
2,1133.7,2025-12-08 00:12:28+00
2,1129.7,2025-12-08 00:12:29+00
2,1140.4,2025-12-08 00:12:30+00
2,1127.4,2025-12-08 00:12:31+00
2,1140.5,2025-12-08 00:12:32+00
2,1131.8,2025-12-08 00:12:33+00
2,1131.1,2025-12-08 00:12:34+00
2,1127.2,2025-12-08 00:12:35+00
2,1132.5,2025-12-08 00:12:36+00
2,1134.7,2025-12-08 00:12:37+00
2,1129.7,2025-12-08 00:12:38+00
2,1115.3,2025-12-08 00:12:39+00
2,1130.7,2025-12-08 00:12:40+00
2,1138.2,2025-12-08 00:12:41+00
2,1134.2,2025-12-08 00:12:42+00
2,1129.1,2025-12-08 00:12:43+00
2,1130.9,2025-12-08 00:12:44+00
2,1123.8,2025-12-08 00:12:45+00
2,1119.3,2025-12-08 00:12:46+00
2,1135.9,2025-12-08 00:12:47+00
2,1131.9,2025-12-08 00:12:48+00
2,1131,2025-12-08 00:12:49+00
2,1142.5,2025-12-08 00:12:50+00
2,1128.3,2025-12-08 00:12:51+00
2,1133.9,2025-12-08 00:12:52+00
2,1134.6,2025-12-08 00:12:53+00
2,1137,2025-12-08 00:12:54+00
2,1125.8,2025-12-08 00:12:55+00
2,1123.7,2025-12-08 00:12:56+00
2,1133.1,2025-12-08 00:12:57+00
2,1129,2025-12-08 00:12:58+00
2,1129.5,2025-12-08 00:12:59+00
2,1211.9,2025-12-08 00:13:00+00
2,1205.4,2025-12-08 00:13:01+00
2,1224.2,2025-12-08 00:13:02+00
2,1223.3,2025-12-08 00:13:03+00
2,1217.3,2025-12-08 00:13:04+00
2,1205.8,2025-12-08 00:13:05+00
2,1223.5,2025-12-08 00:13:06+00
2,1213.6,2025-12-08 00:13:07+00
2,1214.9,2025-12-08 00:13:08+00
2,1210.9,2025-12-08 00:13:09+00
2,1221.6,2025-12-08 00:13:10+00
2,1215.6,2025-12-08 00:13:11+00
2,1222.8,2025-12-08 00:13:12+00
2,1221,2025-12-08 00:13:13+00
2,1214.4,2025-12-08 00:13:14+00
2,1229.4,2025-12-08 00:13:15+00
2,1214.7,2025-12-08 00:13:16+00
2,1215.2,2025-12-08 00:13:17+00
2,1225.8,2025-12-08 00:13:18+00
2,1135.6,2025-12-08 00:13:19+00
2,1134.5,2025-12-08 00:13:20+00
2,1135,2025-12-08 00:13:21+00
2,1140.1,2025-12-08 00:13:22+00
2,1215.2,2025-12-08 00:13:23+00
2,1213.9,2025-12-08 00:13:24+00
2,1214.8,2025-12-08 00:13:25+00
2,1230.9,2025-12-08 00:13:26+00
2,1214.8,2025-12-08 00:13:27+00
2,1215,2025-12-08 00:13:28+00
2,1211.7,2025-12-08 00:13:29+00
2,1214.6,2025-12-08 00:13:30+00
2,1223.1,2025-12-08 00:13:31+00
2,1215.5,2025-12-08 00:13:32+00
2,1218.1,2025-12-08 00:13:33+00
2,1239.9,2025-12-08 00:13:34+00
2,1241.2,2025-12-08 00:13:35+00
2,1207.8,2025-12-08 00:13:36+00
2,1219.3,2025-12-08 00:13:37+00
2,1228.2,2025-12-08 00:13:38+00
2,1228.1,2025-12-08 00:13:39+00
2,1226.3,2025-12-08 00:13:40+00
2,1224.1,2025-12-08 00:13:41+00
2,1226.1,2025-12-08 00:13:42+00
2,1236.1,2025-12-08 00:13:43+00
2,1219.1,2025-12-08 00:13:44+00
2,1217,2025-12-08 00:13:45+00
2,1237.7,2025-12-08 00:13:46+00
2,1211.9,2025-12-08 00:13:47+00
2,1233.9,2025-12-08 00:13:48+00
2,1206.8,2025-12-08 00:13:49+00
2,1228.4,2025-12-08 00:13:50+00
2,1213.8,2025-12-08 00:13:51+00
2,1217,2025-12-08 00:13:52+00
2,1218.8,2025-12-08 00:13:53+00
2,1226.4,2025-12-08 00:13:54+00
2,1221.7,2025-12-08 00:13:55+00
2,1248.6,2025-12-08 00:13:56+00
2,1294.6,2025-12-08 00:13:57+00
2,1280.8,2025-12-08 00:13:58+00
2,1266.9,2025-12-08 00:13:59+00
2,1314.3,2025-12-08 00:14:00+00
2,1319.4,2025-12-08 00:14:01+00
2,1312.4,2025-12-08 00:14:02+00
2,1317.4,2025-12-08 00:14:03+00
2,1304.6,2025-12-08 00:14:04+00
2,1306.9,2025-12-08 00:14:05+00
2,1312.2,2025-12-08 00:14:06+00
2,1317.6,2025-12-08 00:14:07+00
2,1319.5,2025-12-08 00:14:08+00
2,1313.8,2025-12-08 00:14:09+00
2,1318.8,2025-12-08 00:14:10+00
2,1323.2,2025-12-08 00:14:11+00
2,1312.6,2025-12-08 00:14:12+00
2,1270.7,2025-12-08 00:14:13+00
2,1279,2025-12-08 00:14:14+00
2,1287.7,2025-12-08 00:14:15+00
2,1329,2025-12-08 00:14:16+00
2,1302.1,2025-12-08 00:14:17+00
2,1315.8,2025-12-08 00:14:18+00
2,1326.2,2025-12-08 00:14:19+00
2,1318.6,2025-12-08 00:14:20+00
2,1302.7,2025-12-08 00:14:21+00
2,1317.2,2025-12-08 00:14:22+00
2,1315.5,2025-12-08 00:14:23+00
2,1286.5,2025-12-08 00:14:24+00
2,1292.2,2025-12-08 00:14:25+00
2,1286.9,2025-12-08 00:14:26+00
2,1301.3,2025-12-08 00:14:27+00
2,1287.4,2025-12-08 00:14:28+00
2,1303,2025-12-08 00:14:29+00
2,1291.4,2025-12-08 00:14:30+00
2,1288.6,2025-12-08 00:14:31+00
2,1316.3,2025-12-08 00:14:32+00
2,1320.9,2025-12-08 00:14:33+00
2,1313.9,2025-12-08 00:14:34+00
2,1319.9,2025-12-08 00:14:35+00
2,1326.3,2025-12-08 00:14:36+00
2,1321.7,2025-12-08 00:14:37+00
2,1320.4,2025-12-08 00:14:38+00
2,1318.5,2025-12-08 00:14:39+00
2,1324.1,2025-12-08 00:14:40+00
2,1316.7,2025-12-08 00:14:41+00
2,1299.8,2025-12-08 00:14:42+00
2,1315,2025-12-08 00:14:43+00
2,1332.4,2025-12-08 00:14:44+00
2,1318.4,2025-12-08 00:14:45+00
2,1320,2025-12-08 00:14:46+00
2,1320.1,2025-12-08 00:14:47+00
2,1370.2,2025-12-08 00:14:48+00
2,1348.2,2025-12-08 00:14:49+00
2,1364.6,2025-12-08 00:14:50+00
2,1358.7,2025-12-08 00:14:51+00
2,1363.7,2025-12-08 00:14:52+00
2,1358.6,2025-12-08 00:14:53+00
2,1345.1,2025-12-08 00:14:54+00
2,1357.3,2025-12-08 00:14:55+00
2,1358.3,2025-12-08 00:14:56+00
2,1317.9,2025-12-08 00:14:57+00
2,1321.6,2025-12-08 00:14:58+00
2,1315.5,2025-12-08 00:14:59+00
2,617.4,2025-12-08 00:15:00+00
2,630.9,2025-12-08 00:15:01+00
2,616.5,2025-12-08 00:15:02+00
2,607.4,2025-12-08 00:15:03+00
2,611.9,2025-12-08 00:15:04+00
2,613.4,2025-12-08 00:15:05+00
2,611.3,2025-12-08 00:15:06+00
2,622.4,2025-12-08 00:15:07+00
2,634,2025-12-08 00:15:08+00
2,595.5,2025-12-08 00:15:09+00
2,627.8,2025-12-08 00:15:10+00
2,631.9,2025-12-08 00:15:11+00
2,618.5,2025-12-08 00:15:12+00
2,608.2,2025-12-08 00:15:13+00
2,607.5,2025-12-08 00:15:14+00
2,621.4,2025-12-08 00:15:15+00
2,626.5,2025-12-08 00:15:16+00
2,617,2025-12-08 00:15:17+00
2,628.9,2025-12-08 00:15:18+00
2,632.5,2025-12-08 00:15:19+00
2,622.2,2025-12-08 00:15:20+00
2,627.5,2025-12-08 00:15:21+00
2,613.7,2025-12-08 00:15:22+00
2,616.4,2025-12-08 00:15:23+00
2,620.4,2025-12-08 00:15:24+00
2,607.8,2025-12-08 00:15:25+00
2,618.6,2025-12-08 00:15:26+00
2,633.3,2025-12-08 00:15:27+00
2,628.9,2025-12-08 00:15:28+00
2,614.9,2025-12-08 00:15:29+00
2,620.8,2025-12-08 00:15:30+00
2,615.9,2025-12-08 00:15:31+00
2,630.4,2025-12-08 00:15:32+00
2,730.8,2025-12-08 00:15:33+00
2,721.2,2025-12-08 00:15:34+00
2,719.8,2025-12-08 00:15:35+00
2,702.3,2025-12-08 00:15:36+00
2,630.2,2025-12-08 00:15:37+00
2,706.8,2025-12-08 00:15:38+00
2,752.8,2025-12-08 00:15:39+00
2,715.5,2025-12-08 00:15:40+00
2,717.3,2025-12-08 00:15:41+00
2,660.7,2025-12-08 00:15:42+00
2,638.3,2025-12-08 00:15:43+00
2,713.5,2025-12-08 00:15:44+00
2,705.2,2025-12-08 00:15:45+00
2,717.8,2025-12-08 00:15:46+00
2,711.4,2025-12-08 00:15:47+00
2,714.7,2025-12-08 00:15:48+00
2,712,2025-12-08 00:15:49+00
2,698.5,2025-12-08 00:15:50+00
2,709.7,2025-12-08 00:15:51+00
2,627.4,2025-12-08 00:15:52+00
2,639.3,2025-12-08 00:15:53+00
2,650.6,2025-12-08 00:15:54+00
2,632.3,2025-12-08 00:15:55+00
2,646,2025-12-08 00:15:56+00
2,646.2,2025-12-08 00:15:57+00
2,659.8,2025-12-08 00:15:58+00
2,648.4,2025-12-08 00:15:59+00
2,1081.6,2025-12-08 00:16:00+00
2,1081.5,2025-12-08 00:16:01+00
2,1084.9,2025-12-08 00:16:02+00
2,1084.7,2025-12-08 00:16:03+00
2,1088.2,2025-12-08 00:16:04+00
2,917.6,2025-12-08 00:16:05+00
2,1043.6,2025-12-08 00:16:06+00
2,914.1,2025-12-08 00:16:07+00
2,883.6,2025-12-08 00:16:08+00
2,962,2025-12-08 00:16:09+00
2,889.4,2025-12-08 00:16:10+00
2,945.4,2025-12-08 00:16:11+00
2,977.6,2025-12-08 00:16:12+00
2,971.7,2025-12-08 00:16:13+00
2,1014.2,2025-12-08 00:16:14+00
2,1041.7,2025-12-08 00:16:15+00
2,1040.7,2025-12-08 00:16:16+00
2,1072.7,2025-12-08 00:16:17+00
2,1081,2025-12-08 00:16:18+00
2,1099.8,2025-12-08 00:16:19+00
2,1110.5,2025-12-08 00:16:20+00
2,1104.6,2025-12-08 00:16:21+00
2,1103,2025-12-08 00:16:22+00
2,1099.8,2025-12-08 00:16:23+00
2,1119.4,2025-12-08 00:16:24+00
2,1111.7,2025-12-08 00:16:25+00
2,1097.1,2025-12-08 00:16:26+00
2,1110.7,2025-12-08 00:16:27+00
2,1117.9,2025-12-08 00:16:28+00
2,1114.4,2025-12-08 00:16:29+00
2,1123.1,2025-12-08 00:16:30+00
2,1113.3,2025-12-08 00:16:31+00
2,1111.3,2025-12-08 00:16:32+00
2,1107.4,2025-12-08 00:16:33+00
2,1106.7,2025-12-08 00:16:34+00
2,1114.9,2025-12-08 00:16:35+00
2,1111.9,2025-12-08 00:16:36+00
2,1112.5,2025-12-08 00:16:37+00
2,1100.6,2025-12-08 00:16:38+00
2,1114.7,2025-12-08 00:16:39+00
2,1112.4,2025-12-08 00:16:40+00
2,1118,2025-12-08 00:16:41+00
2,1110.7,2025-12-08 00:16:42+00
2,1116.8,2025-12-08 00:16:43+00
2,1115.1,2025-12-08 00:16:44+00
2,1126.8,2025-12-08 00:16:45+00
2,1115.3,2025-12-08 00:16:46+00
2,1129.1,2025-12-08 00:16:47+00
2,1130.9,2025-12-08 00:16:48+00
2,1132.4,2025-12-08 00:16:49+00
2,1126.1,2025-12-08 00:16:50+00
2,1135.8,2025-12-08 00:16:51+00
2,1134.5,2025-12-08 00:16:52+00
2,1137.2,2025-12-08 00:16:53+00
2,1144.2,2025-12-08 00:16:54+00
2,1129.8,2025-12-08 00:16:55+00
2,1124.8,2025-12-08 00:16:56+00
2,1142.2,2025-12-08 00:16:57+00
2,1127.5,2025-12-08 00:16:58+00
2,1157.5,2025-12-08 00:16:59+00
2,1129.2,2025-12-08 00:17:00+00
2,1128.1,2025-12-08 00:17:01+00
2,1122.4,2025-12-08 00:17:02+00
2,1152.2,2025-12-08 00:17:03+00
2,1132.9,2025-12-08 00:17:04+00
2,1122.4,2025-12-08 00:17:05+00
2,1129.9,2025-12-08 00:17:06+00
2,1130.8,2025-12-08 00:17:07+00
2,1134.1,2025-12-08 00:17:08+00
2,1139.5,2025-12-08 00:17:09+00
2,1129.1,2025-12-08 00:17:10+00
2,1140.5,2025-12-08 00:17:11+00
2,1138.1,2025-12-08 00:17:12+00
2,1121.1,2025-12-08 00:17:13+00
2,1120.6,2025-12-08 00:17:14+00
2,1145.9,2025-12-08 00:17:15+00
2,1124.9,2025-12-08 00:17:16+00
2,1143.3,2025-12-08 00:17:17+00
2,1129.1,2025-12-08 00:17:18+00
2,1147.8,2025-12-08 00:17:19+00
2,1138.7,2025-12-08 00:17:20+00
2,1129.7,2025-12-08 00:17:21+00
2,1132,2025-12-08 00:17:22+00
2,1131.8,2025-12-08 00:17:23+00
2,1145.2,2025-12-08 00:17:24+00
2,1129.8,2025-12-08 00:17:25+00
2,1139.9,2025-12-08 00:17:26+00
2,1130.3,2025-12-08 00:17:27+00
2,1136.5,2025-12-08 00:17:28+00
2,1127.3,2025-12-08 00:17:29+00
2,1128,2025-12-08 00:17:30+00
2,1136.2,2025-12-08 00:17:31+00
2,1134.5,2025-12-08 00:17:32+00
2,1124.1,2025-12-08 00:17:33+00
2,1132.6,2025-12-08 00:17:34+00
2,1133.5,2025-12-08 00:17:35+00
2,1133.2,2025-12-08 00:17:36+00
2,1132.3,2025-12-08 00:17:37+00
2,1129.4,2025-12-08 00:17:38+00
2,1137.6,2025-12-08 00:17:39+00
2,1131.7,2025-12-08 00:17:40+00
2,1132.4,2025-12-08 00:17:41+00
2,1134.4,2025-12-08 00:17:42+00
2,1114.3,2025-12-08 00:17:43+00
2,1121.7,2025-12-08 00:17:44+00
2,1128.9,2025-12-08 00:17:45+00
2,1124.4,2025-12-08 00:17:46+00
2,1130.5,2025-12-08 00:17:47+00
2,1129.2,2025-12-08 00:17:48+00
2,1134.2,2025-12-08 00:17:49+00
2,1140.8,2025-12-08 00:17:50+00
2,1137.4,2025-12-08 00:17:51+00
2,1141,2025-12-08 00:17:52+00
2,1139.2,2025-12-08 00:17:53+00
2,1124.7,2025-12-08 00:17:54+00
2,1118.9,2025-12-08 00:17:55+00
2,1122.8,2025-12-08 00:17:56+00
2,1136.5,2025-12-08 00:17:57+00
2,1125.9,2025-12-08 00:17:58+00
2,1144.1,2025-12-08 00:17:59+00
2,1213.2,2025-12-08 00:18:00+00
2,1206.2,2025-12-08 00:18:01+00
2,1221.3,2025-12-08 00:18:02+00
2,1232.1,2025-12-08 00:18:03+00
2,1225.3,2025-12-08 00:18:04+00
2,1213.8,2025-12-08 00:18:05+00
2,1203,2025-12-08 00:18:06+00
2,1216,2025-12-08 00:18:07+00
2,1215.3,2025-12-08 00:18:08+00
2,1217,2025-12-08 00:18:09+00
2,1223.2,2025-12-08 00:18:10+00
2,1213.4,2025-12-08 00:18:11+00
2,1224.1,2025-12-08 00:18:12+00
2,1229.4,2025-12-08 00:18:13+00
2,1209.7,2025-12-08 00:18:14+00
2,1232.1,2025-12-08 00:18:15+00
2,1214.4,2025-12-08 00:18:16+00
2,1222.6,2025-12-08 00:18:17+00
2,1223.5,2025-12-08 00:18:18+00
2,1144.7,2025-12-08 00:18:19+00
2,1132.3,2025-12-08 00:18:20+00
2,1139.6,2025-12-08 00:18:21+00
2,1125.9,2025-12-08 00:18:22+00
2,1226.5,2025-12-08 00:18:23+00
2,1240.7,2025-12-08 00:18:24+00
2,1218.6,2025-12-08 00:18:25+00
2,1221,2025-12-08 00:18:26+00
2,1205.8,2025-12-08 00:18:27+00
2,1211.3,2025-12-08 00:18:28+00
2,1216.6,2025-12-08 00:18:29+00
2,1212.5,2025-12-08 00:18:30+00
2,1241.8,2025-12-08 00:18:31+00
2,1226.3,2025-12-08 00:18:32+00
2,1228,2025-12-08 00:18:33+00
2,1242.1,2025-12-08 00:18:34+00
2,1250.8,2025-12-08 00:18:35+00
2,1243.1,2025-12-08 00:18:36+00
2,1199.7,2025-12-08 00:18:37+00
2,1217.2,2025-12-08 00:18:38+00
2,1236.6,2025-12-08 00:18:39+00
2,1231.2,2025-12-08 00:18:40+00
2,1218.5,2025-12-08 00:18:41+00
2,1226.8,2025-12-08 00:18:42+00
2,1221.4,2025-12-08 00:18:43+00
2,1231.3,2025-12-08 00:18:44+00
2,1230.8,2025-12-08 00:18:45+00
2,1224.5,2025-12-08 00:18:46+00
2,1217.8,2025-12-08 00:18:47+00
2,1216.2,2025-12-08 00:18:48+00
2,1219.4,2025-12-08 00:18:49+00
2,1218.2,2025-12-08 00:18:50+00
2,1233.7,2025-12-08 00:18:51+00
2,1222.5,2025-12-08 00:18:52+00
2,1218.9,2025-12-08 00:18:53+00
2,1219.3,2025-12-08 00:18:54+00
2,1229.3,2025-12-08 00:18:55+00
2,1251,2025-12-08 00:18:56+00
2,1294.3,2025-12-08 00:18:57+00
2,1288.5,2025-12-08 00:18:58+00
2,1283.5,2025-12-08 00:18:59+00
2,1307.3,2025-12-08 00:19:00+00
2,1321.4,2025-12-08 00:19:01+00
2,1326.6,2025-12-08 00:19:02+00
2,1300.3,2025-12-08 00:19:03+00
2,1317.3,2025-12-08 00:19:04+00
2,1313.9,2025-12-08 00:19:05+00
2,1317.6,2025-12-08 00:19:06+00
2,1313.1,2025-12-08 00:19:07+00
2,1306.2,2025-12-08 00:19:08+00
2,1308.7,2025-12-08 00:19:09+00
2,1306.6,2025-12-08 00:19:10+00
2,1324,2025-12-08 00:19:11+00
2,1301.7,2025-12-08 00:19:12+00
2,1267.5,2025-12-08 00:19:13+00
2,1272.9,2025-12-08 00:19:14+00
2,1292,2025-12-08 00:19:15+00
2,1310.2,2025-12-08 00:19:16+00
2,1315.2,2025-12-08 00:19:17+00
2,1311.3,2025-12-08 00:19:18+00
2,1299.1,2025-12-08 00:19:19+00
2,1314.5,2025-12-08 00:19:20+00
2,1307.7,2025-12-08 00:19:21+00
2,1310.9,2025-12-08 00:19:22+00
2,1319,2025-12-08 00:19:23+00
2,1292.5,2025-12-08 00:19:24+00
2,1285.9,2025-12-08 00:19:25+00
2,1283,2025-12-08 00:19:26+00
2,1287.5,2025-12-08 00:19:27+00
2,1273.5,2025-12-08 00:19:28+00
2,1302.4,2025-12-08 00:19:29+00
2,1283.6,2025-12-08 00:19:30+00
2,1288.4,2025-12-08 00:19:31+00
2,1319.6,2025-12-08 00:19:32+00
2,1310.7,2025-12-08 00:19:33+00
2,1308.5,2025-12-08 00:19:34+00
2,1308.2,2025-12-08 00:19:35+00
2,1324.2,2025-12-08 00:19:36+00
2,1321.7,2025-12-08 00:19:37+00
2,1315.2,2025-12-08 00:19:38+00
2,1316.8,2025-12-08 00:19:39+00
2,1315.2,2025-12-08 00:19:40+00
2,1333.1,2025-12-08 00:19:41+00
2,1319.8,2025-12-08 00:19:42+00
2,1317.5,2025-12-08 00:19:43+00
2,1312,2025-12-08 00:19:44+00
2,1312.5,2025-12-08 00:19:45+00
2,1307.9,2025-12-08 00:19:46+00
2,1306.5,2025-12-08 00:19:47+00
2,1347.4,2025-12-08 00:19:48+00
2,1354.8,2025-12-08 00:19:49+00
2,1358.8,2025-12-08 00:19:50+00
2,1350.8,2025-12-08 00:19:51+00
2,1365.1,2025-12-08 00:19:52+00
2,1352.6,2025-12-08 00:19:53+00
2,1355.3,2025-12-08 00:19:54+00
2,1350.8,2025-12-08 00:19:55+00
2,1356.6,2025-12-08 00:19:56+00
2,1314.2,2025-12-08 00:19:57+00
2,1306,2025-12-08 00:19:58+00
2,1315.5,2025-12-08 00:19:59+00
2,622.4,2025-12-08 00:20:00+00
2,632.2,2025-12-08 00:20:01+00
2,616.9,2025-12-08 00:20:02+00
2,618.4,2025-12-08 00:20:03+00
2,616.3,2025-12-08 00:20:04+00
2,618.8,2025-12-08 00:20:05+00
2,625,2025-12-08 00:20:06+00
2,624.3,2025-12-08 00:20:07+00
2,612.3,2025-12-08 00:20:08+00
2,624.3,2025-12-08 00:20:09+00
2,626.8,2025-12-08 00:20:10+00
2,614,2025-12-08 00:20:11+00
2,621.3,2025-12-08 00:20:12+00
2,620.4,2025-12-08 00:20:13+00
2,613.9,2025-12-08 00:20:14+00
2,623.7,2025-12-08 00:20:15+00
2,621.9,2025-12-08 00:20:16+00
2,613.9,2025-12-08 00:20:17+00
2,620.4,2025-12-08 00:20:18+00
2,620,2025-12-08 00:20:19+00
2,617.3,2025-12-08 00:20:20+00
2,621.3,2025-12-08 00:20:21+00
2,624,2025-12-08 00:20:22+00
2,633.3,2025-12-08 00:20:23+00
2,608.7,2025-12-08 00:20:24+00
2,621.1,2025-12-08 00:20:25+00
2,629.2,2025-12-08 00:20:26+00
2,646.2,2025-12-08 00:20:27+00
2,623.6,2025-12-08 00:20:28+00
2,620.6,2025-12-08 00:20:29+00
2,602.9,2025-12-08 00:20:30+00
2,609.8,2025-12-08 00:20:31+00
2,622.5,2025-12-08 00:20:32+00
2,735.1,2025-12-08 00:20:33+00
2,715.4,2025-12-08 00:20:34+00
2,717.4,2025-12-08 00:20:35+00
2,699.5,2025-12-08 00:20:36+00
2,625.5,2025-12-08 00:20:37+00
2,713.9,2025-12-08 00:20:38+00
2,745.7,2025-12-08 00:20:39+00
2,714.1,2025-12-08 00:20:40+00
2,705.6,2025-12-08 00:20:41+00
2,652.2,2025-12-08 00:20:42+00
2,649.1,2025-12-08 00:20:43+00
2,708.3,2025-12-08 00:20:44+00
2,708.9,2025-12-08 00:20:45+00
2,711.2,2025-12-08 00:20:46+00
2,716.6,2025-12-08 00:20:47+00
2,699.1,2025-12-08 00:20:48+00
2,708.9,2025-12-08 00:20:49+00
2,716.1,2025-12-08 00:20:50+00
2,706,2025-12-08 00:20:51+00
2,648.1,2025-12-08 00:20:52+00
2,651.3,2025-12-08 00:20:53+00
2,652.8,2025-12-08 00:20:54+00
2,666.6,2025-12-08 00:20:55+00
2,663.4,2025-12-08 00:20:56+00
2,646.4,2025-12-08 00:20:57+00
2,654.6,2025-12-08 00:20:58+00
2,639.3,2025-12-08 00:20:59+00
2,1089.5,2025-12-08 00:21:00+00
2,1090.2,2025-12-08 00:21:01+00
2,1097,2025-12-08 00:21:02+00
2,1084.8,2025-12-08 00:21:03+00
2,1087.8,2025-12-08 00:21:04+00
2,900.9,2025-12-08 00:21:05+00
2,1047.3,2025-12-08 00:21:06+00
2,901.6,2025-12-08 00:21:07+00
2,888.1,2025-12-08 00:21:08+00
2,958.1,2025-12-08 00:21:09+00
2,897.4,2025-12-08 00:21:10+00
2,953,2025-12-08 00:21:11+00
2,962.2,2025-12-08 00:21:12+00
2,990,2025-12-08 00:21:13+00
2,1017.4,2025-12-08 00:21:14+00
2,1028.8,2025-12-08 00:21:15+00
2,1045.3,2025-12-08 00:21:16+00
2,1069,2025-12-08 00:21:17+00
2,1066.5,2025-12-08 00:21:18+00
2,1106,2025-12-08 00:21:19+00
2,1101.7,2025-12-08 00:21:20+00
2,1110.3,2025-12-08 00:21:21+00
2,1112.5,2025-12-08 00:21:22+00
2,1103.2,2025-12-08 00:21:23+00
2,1115.5,2025-12-08 00:21:24+00
2,1110.9,2025-12-08 00:21:25+00
2,1105.2,2025-12-08 00:21:26+00
2,1120,2025-12-08 00:21:27+00
2,1114,2025-12-08 00:21:28+00
2,1113.1,2025-12-08 00:21:29+00
2,1110.2,2025-12-08 00:21:30+00
2,1100.8,2025-12-08 00:21:31+00
2,1109.3,2025-12-08 00:21:32+00
2,1112.4,2025-12-08 00:21:33+00
2,1106.9,2025-12-08 00:21:34+00
2,1112.8,2025-12-08 00:21:35+00
2,1139.3,2025-12-08 00:21:36+00
2,1114.4,2025-12-08 00:21:37+00
2,1105.8,2025-12-08 00:21:38+00
2,1100.6,2025-12-08 00:21:39+00
2,1112.9,2025-12-08 00:21:40+00
2,1109.1,2025-12-08 00:21:41+00
2,1118.1,2025-12-08 00:21:42+00
2,1115.5,2025-12-08 00:21:43+00
2,1111.6,2025-12-08 00:21:44+00
2,1124.1,2025-12-08 00:21:45+00
2,1140.8,2025-12-08 00:21:46+00
2,1136.4,2025-12-08 00:21:47+00
2,1135.2,2025-12-08 00:21:48+00
2,1119.5,2025-12-08 00:21:49+00
2,1126.6,2025-12-08 00:21:50+00
2,1134.3,2025-12-08 00:21:51+00
2,1135.2,2025-12-08 00:21:52+00
2,1133,2025-12-08 00:21:53+00
2,1144.3,2025-12-08 00:21:54+00
2,1119.4,2025-12-08 00:21:55+00
2,1132.9,2025-12-08 00:21:56+00
2,1133.2,2025-12-08 00:21:57+00
2,1148,2025-12-08 00:21:58+00
2,1135.9,2025-12-08 00:21:59+00
2,1141.7,2025-12-08 00:22:00+00
2,1135.7,2025-12-08 00:22:01+00
2,1136,2025-12-08 00:22:02+00
2,1139.1,2025-12-08 00:22:03+00
2,1139.2,2025-12-08 00:22:04+00
2,1137.5,2025-12-08 00:22:05+00
2,1130,2025-12-08 00:22:06+00
2,1126.1,2025-12-08 00:22:07+00
2,1121.9,2025-12-08 00:22:08+00
2,1132.7,2025-12-08 00:22:09+00
2,1145.2,2025-12-08 00:22:10+00
2,1144.5,2025-12-08 00:22:11+00
2,1128.1,2025-12-08 00:22:12+00
2,1120.6,2025-12-08 00:22:13+00
2,1122.8,2025-12-08 00:22:14+00
2,1131.8,2025-12-08 00:22:15+00
2,1130.4,2025-12-08 00:22:16+00
2,1138,2025-12-08 00:22:17+00
2,1132.9,2025-12-08 00:22:18+00
2,1142.6,2025-12-08 00:22:19+00
2,1142.4,2025-12-08 00:22:20+00
2,1133.2,2025-12-08 00:22:21+00
2,1137.5,2025-12-08 00:22:22+00
2,1141.9,2025-12-08 00:22:23+00
2,1123,2025-12-08 00:22:24+00
2,1138.2,2025-12-08 00:22:25+00
2,1143.6,2025-12-08 00:22:26+00
2,1128,2025-12-08 00:22:27+00
2,1140.6,2025-12-08 00:22:28+00
2,1144.7,2025-12-08 00:22:29+00
2,1139.3,2025-12-08 00:22:30+00
2,1128.5,2025-12-08 00:22:31+00
2,1135.6,2025-12-08 00:22:32+00
2,1139.8,2025-12-08 00:22:33+00
2,1126.8,2025-12-08 00:22:34+00
2,1122.2,2025-12-08 00:22:35+00
2,1146.1,2025-12-08 00:22:36+00
2,1139.1,2025-12-08 00:22:37+00
2,1136.6,2025-12-08 00:22:38+00
2,1139.3,2025-12-08 00:22:39+00
2,1136.2,2025-12-08 00:22:40+00
2,1157.3,2025-12-08 00:22:41+00
2,1125.5,2025-12-08 00:22:42+00
2,1127.4,2025-12-08 00:22:43+00
2,1131.7,2025-12-08 00:22:44+00
2,1130.3,2025-12-08 00:22:45+00
2,1141.3,2025-12-08 00:22:46+00
2,1141.3,2025-12-08 00:22:47+00
2,1142.6,2025-12-08 00:22:48+00
2,1140.9,2025-12-08 00:22:49+00
2,1135.5,2025-12-08 00:22:50+00
2,1125,2025-12-08 00:22:51+00
2,1128.8,2025-12-08 00:22:52+00
2,1130.5,2025-12-08 00:22:53+00
2,1134.1,2025-12-08 00:22:54+00
2,1118.3,2025-12-08 00:22:55+00
2,1121.1,2025-12-08 00:22:56+00
2,1132.7,2025-12-08 00:22:57+00
2,1128.5,2025-12-08 00:22:58+00
2,1140.9,2025-12-08 00:22:59+00
2,1208.2,2025-12-08 00:23:00+00
2,1232.9,2025-12-08 00:23:01+00
2,1209.7,2025-12-08 00:23:02+00
2,1214.3,2025-12-08 00:23:03+00
2,1230.9,2025-12-08 00:23:04+00
2,1228.1,2025-12-08 00:23:05+00
2,1212.3,2025-12-08 00:23:06+00
2,1216.1,2025-12-08 00:23:07+00
2,1219.8,2025-12-08 00:23:08+00
2,1220.2,2025-12-08 00:23:09+00
2,1213.1,2025-12-08 00:23:10+00
2,1221.3,2025-12-08 00:23:11+00
2,1221.2,2025-12-08 00:23:12+00
2,1203.7,2025-12-08 00:23:13+00
2,1203.7,2025-12-08 00:23:14+00
2,1212.9,2025-12-08 00:23:15+00
2,1232.5,2025-12-08 00:23:16+00
2,1225.1,2025-12-08 00:23:17+00
2,1200.3,2025-12-08 00:23:18+00
2,1131.9,2025-12-08 00:23:19+00
2,1137.1,2025-12-08 00:23:20+00
2,1129.8,2025-12-08 00:23:21+00
2,1132.5,2025-12-08 00:23:22+00
2,1214.2,2025-12-08 00:23:23+00
2,1222.7,2025-12-08 00:23:24+00
2,1232.2,2025-12-08 00:23:25+00
2,1212,2025-12-08 00:23:26+00
2,1217.2,2025-12-08 00:23:27+00
2,1223,2025-12-08 00:23:28+00
2,1218.2,2025-12-08 00:23:29+00
2,1226.4,2025-12-08 00:23:30+00
2,1227.4,2025-12-08 00:23:31+00
2,1212,2025-12-08 00:23:32+00
2,1233.4,2025-12-08 00:23:33+00
2,1230.1,2025-12-08 00:23:34+00
2,1234.8,2025-12-08 00:23:35+00
2,1215.4,2025-12-08 00:23:36+00
2,1210.9,2025-12-08 00:23:37+00
2,1224.2,2025-12-08 00:23:38+00
2,1227.6,2025-12-08 00:23:39+00
2,1232.2,2025-12-08 00:23:40+00
2,1227.2,2025-12-08 00:23:41+00
2,1234.3,2025-12-08 00:23:42+00
2,1230.3,2025-12-08 00:23:43+00
2,1220.6,2025-12-08 00:23:44+00
2,1229.8,2025-12-08 00:23:45+00
2,1213,2025-12-08 00:23:46+00
2,1221.8,2025-12-08 00:23:47+00
2,1217.3,2025-12-08 00:23:48+00
2,1219.8,2025-12-08 00:23:49+00
2,1222.8,2025-12-08 00:23:50+00
2,1220.8,2025-12-08 00:23:51+00
2,1210.1,2025-12-08 00:23:52+00
2,1230.9,2025-12-08 00:23:53+00
2,1211.7,2025-12-08 00:23:54+00
2,1225.9,2025-12-08 00:23:55+00
2,1251.5,2025-12-08 00:23:56+00
2,1290.4,2025-12-08 00:23:57+00
2,1285.5,2025-12-08 00:23:58+00
2,1280.4,2025-12-08 00:23:59+00
2,1311.3,2025-12-08 00:24:00+00
2,1325.5,2025-12-08 00:24:01+00
2,1318.2,2025-12-08 00:24:02+00
2,1309,2025-12-08 00:24:03+00
2,1318.3,2025-12-08 00:24:04+00
2,1310.6,2025-12-08 00:24:05+00
2,1317.3,2025-12-08 00:24:06+00
2,1308.7,2025-12-08 00:24:07+00
2,1321,2025-12-08 00:24:08+00
2,1329.5,2025-12-08 00:24:09+00
2,1322.1,2025-12-08 00:24:10+00
2,1314.3,2025-12-08 00:24:11+00
2,1311.9,2025-12-08 00:24:12+00
2,1268.3,2025-12-08 00:24:13+00
2,1272.9,2025-12-08 00:24:14+00
2,1289,2025-12-08 00:24:15+00
2,1321.3,2025-12-08 00:24:16+00
2,1318.7,2025-12-08 00:24:17+00
2,1311,2025-12-08 00:24:18+00
2,1313.1,2025-12-08 00:24:19+00
2,1317.9,2025-12-08 00:24:20+00
2,1313,2025-12-08 00:24:21+00
2,1308.6,2025-12-08 00:24:22+00
2,1311.1,2025-12-08 00:24:23+00
2,1272.4,2025-12-08 00:24:24+00
2,1282.2,2025-12-08 00:24:25+00
2,1287.6,2025-12-08 00:24:26+00
2,1286.4,2025-12-08 00:24:27+00
2,1294.1,2025-12-08 00:24:28+00
2,1279.3,2025-12-08 00:24:29+00
2,1277.2,2025-12-08 00:24:30+00
2,1292.7,2025-12-08 00:24:31+00
2,1317.4,2025-12-08 00:24:32+00
2,1327.2,2025-12-08 00:24:33+00
2,1317.5,2025-12-08 00:24:34+00
2,1320.2,2025-12-08 00:24:35+00
2,1310.9,2025-12-08 00:24:36+00
2,1306.9,2025-12-08 00:24:37+00
2,1311.4,2025-12-08 00:24:38+00
2,1307.9,2025-12-08 00:24:39+00
2,1308.2,2025-12-08 00:24:40+00
2,1325.5,2025-12-08 00:24:41+00
2,1310.9,2025-12-08 00:24:42+00
2,1312.6,2025-12-08 00:24:43+00
2,1314.1,2025-12-08 00:24:44+00
2,1324.6,2025-12-08 00:24:45+00
2,1321.6,2025-12-08 00:24:46+00
2,1328.3,2025-12-08 00:24:47+00
2,1348.6,2025-12-08 00:24:48+00
2,1364.5,2025-12-08 00:24:49+00
2,1354.7,2025-12-08 00:24:50+00
2,1359.4,2025-12-08 00:24:51+00
2,1362.9,2025-12-08 00:24:52+00
2,1372.8,2025-12-08 00:24:53+00
2,1353,2025-12-08 00:24:54+00
2,1357.9,2025-12-08 00:24:55+00
2,1331.8,2025-12-08 00:24:56+00
2,1307.9,2025-12-08 00:24:57+00
2,1311.3,2025-12-08 00:24:58+00
2,1317.7,2025-12-08 00:24:59+00
2,615,2025-12-08 00:25:00+00
2,634.8,2025-12-08 00:25:01+00
2,617.6,2025-12-08 00:25:02+00
2,628.1,2025-12-08 00:25:03+00
2,617.9,2025-12-08 00:25:04+00
2,618.8,2025-12-08 00:25:05+00
2,604.7,2025-12-08 00:25:06+00
2,618.6,2025-12-08 00:25:07+00
2,623.6,2025-12-08 00:25:08+00
2,619.8,2025-12-08 00:25:09+00
2,621.9,2025-12-08 00:25:10+00
2,612.5,2025-12-08 00:25:11+00
2,626.8,2025-12-08 00:25:12+00
2,625.9,2025-12-08 00:25:13+00
2,602.6,2025-12-08 00:25:14+00
2,622,2025-12-08 00:25:15+00
2,610.1,2025-12-08 00:25:16+00
2,620.1,2025-12-08 00:25:17+00
2,616.8,2025-12-08 00:25:18+00
2,625.1,2025-12-08 00:25:19+00
2,605.2,2025-12-08 00:25:20+00
2,618.8,2025-12-08 00:25:21+00
2,615.6,2025-12-08 00:25:22+00
2,620.8,2025-12-08 00:25:23+00
2,610.5,2025-12-08 00:25:24+00
2,611.3,2025-12-08 00:25:25+00
2,602.5,2025-12-08 00:25:26+00
2,621.3,2025-12-08 00:25:27+00
2,612.7,2025-12-08 00:25:28+00
2,609,2025-12-08 00:25:29+00
2,619.7,2025-12-08 00:25:30+00
2,616.6,2025-12-08 00:25:31+00
2,619.3,2025-12-08 00:25:32+00
2,731,2025-12-08 00:25:33+00
2,715.5,2025-12-08 00:25:34+00
2,725.3,2025-12-08 00:25:35+00
2,708.1,2025-12-08 00:25:36+00
2,629.6,2025-12-08 00:25:37+00
2,704.6,2025-12-08 00:25:38+00
2,750.7,2025-12-08 00:25:39+00
2,715.6,2025-12-08 00:25:40+00
2,701.8,2025-12-08 00:25:41+00
2,652.1,2025-12-08 00:25:42+00
2,651.5,2025-12-08 00:25:43+00
2,697,2025-12-08 00:25:44+00
2,701.2,2025-12-08 00:25:45+00
2,703.5,2025-12-08 00:25:46+00
2,703.5,2025-12-08 00:25:47+00
2,716.4,2025-12-08 00:25:48+00
2,710.8,2025-12-08 00:25:49+00
2,701.6,2025-12-08 00:25:50+00
2,706.8,2025-12-08 00:25:51+00
2,644.1,2025-12-08 00:25:52+00
2,646.6,2025-12-08 00:25:53+00
2,647.7,2025-12-08 00:25:54+00
2,661.9,2025-12-08 00:25:55+00
2,646.2,2025-12-08 00:25:56+00
2,649.6,2025-12-08 00:25:57+00
2,651,2025-12-08 00:25:58+00
2,652.8,2025-12-08 00:25:59+00
2,1090.5,2025-12-08 00:26:00+00
2,1081.7,2025-12-08 00:26:01+00
2,1084.2,2025-12-08 00:26:02+00
2,1094.2,2025-12-08 00:26:03+00
2,1097.9,2025-12-08 00:26:04+00
2,919.3,2025-12-08 00:26:05+00
2,1056.9,2025-12-08 00:26:06+00
2,907,2025-12-08 00:26:07+00
2,881,2025-12-08 00:26:08+00
2,974.1,2025-12-08 00:26:09+00
2,893.4,2025-12-08 00:26:10+00
2,940.9,2025-12-08 00:26:11+00
2,977.3,2025-12-08 00:26:12+00
2,988.3,2025-12-08 00:26:13+00
2,1031.4,2025-12-08 00:26:14+00
2,1035.3,2025-12-08 00:26:15+00
2,1044.9,2025-12-08 00:26:16+00
2,1073.7,2025-12-08 00:26:17+00
2,1088.5,2025-12-08 00:26:18+00
2,1083.8,2025-12-08 00:26:19+00
2,1103.1,2025-12-08 00:26:20+00
2,1104.8,2025-12-08 00:26:21+00
2,1099.9,2025-12-08 00:26:22+00
2,1117.8,2025-12-08 00:26:23+00
2,1103.8,2025-12-08 00:26:24+00
2,1107.5,2025-12-08 00:26:25+00
2,1115.7,2025-12-08 00:26:26+00
2,1122,2025-12-08 00:26:27+00
2,1116.1,2025-12-08 00:26:28+00
2,1114.1,2025-12-08 00:26:29+00
2,1109.2,2025-12-08 00:26:30+00
2,1114.4,2025-12-08 00:26:31+00
2,1099.6,2025-12-08 00:26:32+00
2,1113.8,2025-12-08 00:26:33+00
2,1113,2025-12-08 00:26:34+00
2,1112.3,2025-12-08 00:26:35+00
2,1112.3,2025-12-08 00:26:36+00
2,1109.3,2025-12-08 00:26:37+00
2,1116.4,2025-12-08 00:26:38+00
2,1110.6,2025-12-08 00:26:39+00
2,1126.2,2025-12-08 00:26:40+00
2,1118,2025-12-08 00:26:41+00
2,1120.8,2025-12-08 00:26:42+00
2,1118.1,2025-12-08 00:26:43+00
2,1119.2,2025-12-08 00:26:44+00
2,1125.2,2025-12-08 00:26:45+00
2,1134.4,2025-12-08 00:26:46+00
2,1142.7,2025-12-08 00:26:47+00
2,1138,2025-12-08 00:26:48+00
2,1127.3,2025-12-08 00:26:49+00
2,1136.6,2025-12-08 00:26:50+00
2,1130.5,2025-12-08 00:26:51+00
2,1125.9,2025-12-08 00:26:52+00
2,1136.6,2025-12-08 00:26:53+00
2,1139.8,2025-12-08 00:26:54+00
2,1134.1,2025-12-08 00:26:55+00
2,1134.2,2025-12-08 00:26:56+00
2,1139.1,2025-12-08 00:26:57+00
2,1138.6,2025-12-08 00:26:58+00
2,1151.5,2025-12-08 00:26:59+00
2,1121,2025-12-08 00:27:00+00
2,1130.8,2025-12-08 00:27:01+00
2,1135.2,2025-12-08 00:27:02+00
2,1120.9,2025-12-08 00:27:03+00
2,1138.3,2025-12-08 00:27:04+00
2,1126.5,2025-12-08 00:27:05+00
2,1124.9,2025-12-08 00:27:06+00
2,1149.1,2025-12-08 00:27:07+00
2,1135.2,2025-12-08 00:27:08+00
2,1130.2,2025-12-08 00:27:09+00
2,1118,2025-12-08 00:27:10+00
2,1133.2,2025-12-08 00:27:11+00
2,1128.3,2025-12-08 00:27:12+00
2,1138.6,2025-12-08 00:27:13+00
2,1133.4,2025-12-08 00:27:14+00
2,1160.7,2025-12-08 00:27:15+00
2,1126.8,2025-12-08 00:27:16+00
2,1138.5,2025-12-08 00:27:17+00
2,1139.2,2025-12-08 00:27:18+00
2,1125.8,2025-12-08 00:27:19+00
2,1132.8,2025-12-08 00:27:20+00
2,1140.5,2025-12-08 00:27:21+00
2,1140.7,2025-12-08 00:27:22+00
2,1139.7,2025-12-08 00:27:23+00
2,1142.1,2025-12-08 00:27:24+00
2,1128.3,2025-12-08 00:27:25+00
2,1135,2025-12-08 00:27:26+00
2,1135,2025-12-08 00:27:27+00
2,1132.3,2025-12-08 00:27:28+00
2,1129.4,2025-12-08 00:27:29+00
2,1131.8,2025-12-08 00:27:30+00
2,1136.6,2025-12-08 00:27:31+00
2,1138.9,2025-12-08 00:27:32+00
2,1141.3,2025-12-08 00:27:33+00
2,1140.3,2025-12-08 00:27:34+00
2,1116.9,2025-12-08 00:27:35+00
2,1137.6,2025-12-08 00:27:36+00
2,1122.6,2025-12-08 00:27:37+00
2,1130.7,2025-12-08 00:27:38+00
2,1132.2,2025-12-08 00:27:39+00
2,1132.8,2025-12-08 00:27:40+00
2,1144.1,2025-12-08 00:27:41+00
2,1124.5,2025-12-08 00:27:42+00
2,1129.6,2025-12-08 00:27:43+00
2,1124.4,2025-12-08 00:27:44+00
2,1133.4,2025-12-08 00:27:45+00
2,1126.5,2025-12-08 00:27:46+00
2,1137.3,2025-12-08 00:27:47+00
2,1124.5,2025-12-08 00:27:48+00
2,1124.1,2025-12-08 00:27:49+00
2,1121.3,2025-12-08 00:27:50+00
2,1139.3,2025-12-08 00:27:51+00
2,1144.2,2025-12-08 00:27:52+00
2,1130.7,2025-12-08 00:27:53+00
2,1131.1,2025-12-08 00:27:54+00
2,1127.9,2025-12-08 00:27:55+00
2,1121.1,2025-12-08 00:27:56+00
2,1132.5,2025-12-08 00:27:57+00
2,1127.3,2025-12-08 00:27:58+00
2,1129.5,2025-12-08 00:27:59+00
2,1217.4,2025-12-08 00:28:00+00
2,1230.4,2025-12-08 00:28:01+00
2,1214.4,2025-12-08 00:28:02+00
2,1225.9,2025-12-08 00:28:03+00
2,1222.4,2025-12-08 00:28:04+00
2,1209.6,2025-12-08 00:28:05+00
2,1222.1,2025-12-08 00:28:06+00
2,1232.1,2025-12-08 00:28:07+00
2,1210.4,2025-12-08 00:28:08+00
2,1210,2025-12-08 00:28:09+00
2,1211.5,2025-12-08 00:28:10+00
2,1230.2,2025-12-08 00:28:11+00
2,1207.5,2025-12-08 00:28:12+00
2,1234.3,2025-12-08 00:28:13+00
2,1225.1,2025-12-08 00:28:14+00
2,1222.6,2025-12-08 00:28:15+00
2,1212.8,2025-12-08 00:28:16+00
2,1221.8,2025-12-08 00:28:17+00
2,1229.5,2025-12-08 00:28:18+00
2,1127.9,2025-12-08 00:28:19+00
2,1136.1,2025-12-08 00:28:20+00
2,1131,2025-12-08 00:28:21+00
2,1140.9,2025-12-08 00:28:22+00
2,1217.6,2025-12-08 00:28:23+00
2,1226.7,2025-12-08 00:28:24+00
2,1231.9,2025-12-08 00:28:25+00
2,1242.5,2025-12-08 00:28:26+00
2,1211.1,2025-12-08 00:28:27+00
2,1212.3,2025-12-08 00:28:28+00
2,1226.9,2025-12-08 00:28:29+00
2,1217.9,2025-12-08 00:28:30+00
2,1220.3,2025-12-08 00:28:31+00
2,1233.4,2025-12-08 00:28:32+00
2,1232.7,2025-12-08 00:28:33+00
2,1227.8,2025-12-08 00:28:34+00
2,1246.5,2025-12-08 00:28:35+00
2,1216.2,2025-12-08 00:28:36+00
2,1227.1,2025-12-08 00:28:37+00
2,1215.4,2025-12-08 00:28:38+00
2,1232,2025-12-08 00:28:39+00
2,1233.5,2025-12-08 00:28:40+00
2,1221.2,2025-12-08 00:28:41+00
2,1227.4,2025-12-08 00:28:42+00
2,1227.9,2025-12-08 00:28:43+00
2,1236.9,2025-12-08 00:28:44+00
2,1222.2,2025-12-08 00:28:45+00
2,1227.7,2025-12-08 00:28:46+00
2,1214.5,2025-12-08 00:28:47+00
2,1222.6,2025-12-08 00:28:48+00
2,1235.6,2025-12-08 00:28:49+00
2,1234.5,2025-12-08 00:28:50+00
2,1224.9,2025-12-08 00:28:51+00
2,1234.5,2025-12-08 00:28:52+00
2,1210.7,2025-12-08 00:28:53+00
2,1209.9,2025-12-08 00:28:54+00
2,1221.5,2025-12-08 00:28:55+00
2,1249.3,2025-12-08 00:28:56+00
2,1295.2,2025-12-08 00:28:57+00
2,1280.8,2025-12-08 00:28:58+00
2,1282.1,2025-12-08 00:28:59+00
2,1313.4,2025-12-08 00:29:00+00
2,1318.3,2025-12-08 00:29:01+00
2,1314.9,2025-12-08 00:29:02+00
2,1315.1,2025-12-08 00:29:03+00
2,1311.5,2025-12-08 00:29:04+00
2,1314.4,2025-12-08 00:29:05+00
2,1302.8,2025-12-08 00:29:06+00
2,1315.4,2025-12-08 00:29:07+00
2,1319,2025-12-08 00:29:08+00
2,1320.5,2025-12-08 00:29:09+00
2,1312.6,2025-12-08 00:29:10+00
2,1298.3,2025-12-08 00:29:11+00
2,1307.8,2025-12-08 00:29:12+00
2,1268.6,2025-12-08 00:29:13+00
2,1266.4,2025-12-08 00:29:14+00
2,1290.8,2025-12-08 00:29:15+00
2,1328.2,2025-12-08 00:29:16+00
2,1323.3,2025-12-08 00:29:17+00
2,1306.2,2025-12-08 00:29:18+00
2,1311.8,2025-12-08 00:29:19+00
2,1316.6,2025-12-08 00:29:20+00
2,1306.6,2025-12-08 00:29:21+00
2,1316.8,2025-12-08 00:29:22+00
2,1309.7,2025-12-08 00:29:23+00
2,1280,2025-12-08 00:29:24+00
2,1280.4,2025-12-08 00:29:25+00
2,1288.7,2025-12-08 00:29:26+00
2,1294.5,2025-12-08 00:29:27+00
2,1294,2025-12-08 00:29:28+00
2,1284.5,2025-12-08 00:29:29+00
2,1272.3,2025-12-08 00:29:30+00
2,1269.2,2025-12-08 00:29:31+00
2,1311.1,2025-12-08 00:29:32+00
2,1319.1,2025-12-08 00:29:33+00
2,1314.6,2025-12-08 00:29:34+00
2,1313.8,2025-12-08 00:29:35+00
2,1314.9,2025-12-08 00:29:36+00
2,1317.6,2025-12-08 00:29:37+00
2,1323.8,2025-12-08 00:29:38+00
2,1312.2,2025-12-08 00:29:39+00
2,1321.7,2025-12-08 00:29:40+00
2,1306.8,2025-12-08 00:29:41+00
2,1317.8,2025-12-08 00:29:42+00
2,1307.2,2025-12-08 00:29:43+00
2,1323.7,2025-12-08 00:29:44+00
2,1309.6,2025-12-08 00:29:45+00
2,1312.7,2025-12-08 00:29:46+00
2,1311.1,2025-12-08 00:29:47+00
2,1353.2,2025-12-08 00:29:48+00
2,1358.9,2025-12-08 00:29:49+00
2,1363,2025-12-08 00:29:50+00
2,1371.5,2025-12-08 00:29:51+00
2,1354.4,2025-12-08 00:29:52+00
2,1334.3,2025-12-08 00:29:53+00
2,1352.5,2025-12-08 00:29:54+00
2,1352.7,2025-12-08 00:29:55+00
2,1340.6,2025-12-08 00:29:56+00
2,1320.6,2025-12-08 00:29:57+00
2,1316.6,2025-12-08 00:29:58+00
2,1307.2,2025-12-08 00:29:59+00
2,618.4,2025-12-08 00:30:00+00
2,630.6,2025-12-08 00:30:01+00
2,620.9,2025-12-08 00:30:02+00
2,627,2025-12-08 00:30:03+00
2,620.9,2025-12-08 00:30:04+00
2,626.4,2025-12-08 00:30:05+00
2,614.1,2025-12-08 00:30:06+00
2,611.4,2025-12-08 00:30:07+00
2,623.6,2025-12-08 00:30:08+00
2,614.6,2025-12-08 00:30:09+00
2,638.4,2025-12-08 00:30:10+00
2,616.2,2025-12-08 00:30:11+00
2,632.1,2025-12-08 00:30:12+00
2,616,2025-12-08 00:30:13+00
2,617.6,2025-12-08 00:30:14+00
2,605.8,2025-12-08 00:30:15+00
2,606.6,2025-12-08 00:30:16+00
2,613.9,2025-12-08 00:30:17+00
2,626.1,2025-12-08 00:30:18+00
2,630.3,2025-12-08 00:30:19+00
2,627.4,2025-12-08 00:30:20+00
2,616.1,2025-12-08 00:30:21+00
2,619.3,2025-12-08 00:30:22+00
2,622.8,2025-12-08 00:30:23+00
2,619.7,2025-12-08 00:30:24+00
2,629.9,2025-12-08 00:30:25+00
2,607.1,2025-12-08 00:30:26+00
2,633,2025-12-08 00:30:27+00
2,615.1,2025-12-08 00:30:28+00
2,619.3,2025-12-08 00:30:29+00
2,621.6,2025-12-08 00:30:30+00
2,619.8,2025-12-08 00:30:31+00
2,634.3,2025-12-08 00:30:32+00
2,744.2,2025-12-08 00:30:33+00
2,707.6,2025-12-08 00:30:34+00
2,712.4,2025-12-08 00:30:35+00
2,699.9,2025-12-08 00:30:36+00
2,622,2025-12-08 00:30:37+00
2,704,2025-12-08 00:30:38+00
2,769.5,2025-12-08 00:30:39+00
2,719.5,2025-12-08 00:30:40+00
2,722,2025-12-08 00:30:41+00
2,645,2025-12-08 00:30:42+00
2,656.3,2025-12-08 00:30:43+00
2,722.1,2025-12-08 00:30:44+00
2,711.8,2025-12-08 00:30:45+00
2,719,2025-12-08 00:30:46+00
2,712.8,2025-12-08 00:30:47+00
2,708.3,2025-12-08 00:30:48+00
2,709.8,2025-12-08 00:30:49+00
2,712.4,2025-12-08 00:30:50+00
2,718,2025-12-08 00:30:51+00
2,652.8,2025-12-08 00:30:52+00
2,653.8,2025-12-08 00:30:53+00
2,658.7,2025-12-08 00:30:54+00
2,650.6,2025-12-08 00:30:55+00
2,665.3,2025-12-08 00:30:56+00
2,653,2025-12-08 00:30:57+00
2,655.5,2025-12-08 00:30:58+00
2,659.7,2025-12-08 00:30:59+00
2,1075,2025-12-08 00:31:00+00
2,1081.2,2025-12-08 00:31:01+00
2,1089.5,2025-12-08 00:31:02+00
2,1097,2025-12-08 00:31:03+00
2,1081,2025-12-08 00:31:04+00
2,912.3,2025-12-08 00:31:05+00
2,1053.8,2025-12-08 00:31:06+00
2,908.5,2025-12-08 00:31:07+00
2,889.5,2025-12-08 00:31:08+00
2,973.4,2025-12-08 00:31:09+00
2,897.7,2025-12-08 00:31:10+00
2,940.2,2025-12-08 00:31:11+00
2,958.7,2025-12-08 00:31:12+00
2,991.5,2025-12-08 00:31:13+00
2,1006.6,2025-12-08 00:31:14+00
2,1042.3,2025-12-08 00:31:15+00
2,1038.5,2025-12-08 00:31:16+00
2,1072.3,2025-12-08 00:31:17+00
2,1084.4,2025-12-08 00:31:18+00
2,1109.3,2025-12-08 00:31:19+00
2,1112.9,2025-12-08 00:31:20+00
2,1108.5,2025-12-08 00:31:21+00
2,1101.3,2025-12-08 00:31:22+00
2,1112,2025-12-08 00:31:23+00
2,1110.1,2025-12-08 00:31:24+00
2,1112.1,2025-12-08 00:31:25+00
2,1096.4,2025-12-08 00:31:26+00
2,1112.3,2025-12-08 00:31:27+00
2,1094.8,2025-12-08 00:31:28+00
2,1109.8,2025-12-08 00:31:29+00
2,1122.9,2025-12-08 00:31:30+00
2,1109.4,2025-12-08 00:31:31+00
2,1105.6,2025-12-08 00:31:32+00
2,1120,2025-12-08 00:31:33+00
2,1112.6,2025-12-08 00:31:34+00
2,1108,2025-12-08 00:31:35+00
2,1108.8,2025-12-08 00:31:36+00
2,1101.9,2025-12-08 00:31:37+00
2,1110,2025-12-08 00:31:38+00
2,1106.1,2025-12-08 00:31:39+00
2,1114.1,2025-12-08 00:31:40+00
2,1109.8,2025-12-08 00:31:41+00
2,1119.8,2025-12-08 00:31:42+00
2,1110.8,2025-12-08 00:31:43+00
2,1137,2025-12-08 00:31:44+00
2,1122.6,2025-12-08 00:31:45+00
2,1129.8,2025-12-08 00:31:46+00
2,1138,2025-12-08 00:31:47+00
2,1136.3,2025-12-08 00:31:48+00
2,1123.6,2025-12-08 00:31:49+00
2,1134.4,2025-12-08 00:31:50+00
2,1141.4,2025-12-08 00:31:51+00
2,1133.9,2025-12-08 00:31:52+00
2,1127.6,2025-12-08 00:31:53+00
2,1133.8,2025-12-08 00:31:54+00
2,1119.2,2025-12-08 00:31:55+00
2,1133.3,2025-12-08 00:31:56+00
2,1129.7,2025-12-08 00:31:57+00
2,1129.4,2025-12-08 00:31:58+00
2,1138.9,2025-12-08 00:31:59+00
2,1129,2025-12-08 00:32:00+00
2,1135.5,2025-12-08 00:32:01+00
2,1134.1,2025-12-08 00:32:02+00
2,1134.3,2025-12-08 00:32:03+00
2,1128.4,2025-12-08 00:32:04+00
2,1139,2025-12-08 00:32:05+00
2,1125.9,2025-12-08 00:32:06+00
2,1142.1,2025-12-08 00:32:07+00
2,1117.7,2025-12-08 00:32:08+00
2,1124.3,2025-12-08 00:32:09+00
2,1127.1,2025-12-08 00:32:10+00
2,1153.8,2025-12-08 00:32:11+00
2,1137.4,2025-12-08 00:32:12+00
2,1112.3,2025-12-08 00:32:13+00
2,1139.6,2025-12-08 00:32:14+00
2,1149.2,2025-12-08 00:32:15+00
2,1121.5,2025-12-08 00:32:16+00
2,1133.9,2025-12-08 00:32:17+00
2,1131.6,2025-12-08 00:32:18+00
2,1133.4,2025-12-08 00:32:19+00
2,1136.2,2025-12-08 00:32:20+00
2,1140.2,2025-12-08 00:32:21+00
2,1140.4,2025-12-08 00:32:22+00
2,1130.8,2025-12-08 00:32:23+00
2,1118.6,2025-12-08 00:32:24+00
2,1132,2025-12-08 00:32:25+00
2,1123.8,2025-12-08 00:32:26+00
2,1134.3,2025-12-08 00:32:27+00
2,1135.1,2025-12-08 00:32:28+00
2,1153.3,2025-12-08 00:32:29+00
2,1129.5,2025-12-08 00:32:30+00
2,1114.9,2025-12-08 00:32:31+00
2,1131.3,2025-12-08 00:32:32+00
2,1136.6,2025-12-08 00:32:33+00
2,1134.2,2025-12-08 00:32:34+00
2,1128.3,2025-12-08 00:32:35+00
2,1128.2,2025-12-08 00:32:36+00
2,1122.4,2025-12-08 00:32:37+00
2,1129.4,2025-12-08 00:32:38+00
2,1121.2,2025-12-08 00:32:39+00
2,1131.1,2025-12-08 00:32:40+00
2,1141.8,2025-12-08 00:32:41+00
2,1138.3,2025-12-08 00:32:42+00
2,1140.3,2025-12-08 00:32:43+00
2,1129.2,2025-12-08 00:32:44+00
2,1130.4,2025-12-08 00:32:45+00
2,1128.2,2025-12-08 00:32:46+00
2,1127.5,2025-12-08 00:32:47+00
2,1142,2025-12-08 00:32:48+00
2,1131.3,2025-12-08 00:32:49+00
2,1129.1,2025-12-08 00:32:50+00
2,1128.8,2025-12-08 00:32:51+00
2,1135.8,2025-12-08 00:32:52+00
2,1134.7,2025-12-08 00:32:53+00
2,1135.1,2025-12-08 00:32:54+00
2,1131.7,2025-12-08 00:32:55+00
2,1127.6,2025-12-08 00:32:56+00
2,1143.7,2025-12-08 00:32:57+00
2,1130,2025-12-08 00:32:58+00
2,1130.5,2025-12-08 00:32:59+00
2,1217.6,2025-12-08 00:33:00+00
2,1216.1,2025-12-08 00:33:01+00
2,1222.8,2025-12-08 00:33:02+00
2,1224.1,2025-12-08 00:33:03+00
2,1219.8,2025-12-08 00:33:04+00
2,1224.7,2025-12-08 00:33:05+00
2,1219.8,2025-12-08 00:33:06+00
2,1220.1,2025-12-08 00:33:07+00
2,1220.9,2025-12-08 00:33:08+00
2,1219,2025-12-08 00:33:09+00
2,1224,2025-12-08 00:33:10+00
2,1224.3,2025-12-08 00:33:11+00
2,1217.4,2025-12-08 00:33:12+00
2,1209.2,2025-12-08 00:33:13+00
2,1220.6,2025-12-08 00:33:14+00
2,1210.9,2025-12-08 00:33:15+00
2,1212.1,2025-12-08 00:33:16+00
2,1224.5,2025-12-08 00:33:17+00
2,1225.3,2025-12-08 00:33:18+00
2,1136.1,2025-12-08 00:33:19+00
2,1127.7,2025-12-08 00:33:20+00
2,1138.9,2025-12-08 00:33:21+00
2,1141.1,2025-12-08 00:33:22+00
2,1227.3,2025-12-08 00:33:23+00
2,1221.1,2025-12-08 00:33:24+00
2,1221,2025-12-08 00:33:25+00
2,1216.4,2025-12-08 00:33:26+00
2,1222.2,2025-12-08 00:33:27+00
2,1214.2,2025-12-08 00:33:28+00
2,1227.4,2025-12-08 00:33:29+00
2,1219.6,2025-12-08 00:33:30+00
2,1223.6,2025-12-08 00:33:31+00
2,1230.2,2025-12-08 00:33:32+00
2,1232.7,2025-12-08 00:33:33+00
2,1235.9,2025-12-08 00:33:34+00
2,1238.6,2025-12-08 00:33:35+00
2,1223.1,2025-12-08 00:33:36+00
2,1215.5,2025-12-08 00:33:37+00
2,1221.7,2025-12-08 00:33:38+00
2,1226.9,2025-12-08 00:33:39+00
2,1236.3,2025-12-08 00:33:40+00
2,1215.1,2025-12-08 00:33:41+00
2,1232.2,2025-12-08 00:33:42+00
2,1217.1,2025-12-08 00:33:43+00
2,1226.4,2025-12-08 00:33:44+00
2,1234.6,2025-12-08 00:33:45+00
2,1227.8,2025-12-08 00:33:46+00
2,1210.1,2025-12-08 00:33:47+00
2,1218.1,2025-12-08 00:33:48+00
2,1228.7,2025-12-08 00:33:49+00
2,1234.1,2025-12-08 00:33:50+00
2,1238.8,2025-12-08 00:33:51+00
2,1217.6,2025-12-08 00:33:52+00
2,1215.5,2025-12-08 00:33:53+00
2,1219.3,2025-12-08 00:33:54+00
2,1222.8,2025-12-08 00:33:55+00
2,1244.9,2025-12-08 00:33:56+00
2,1293.8,2025-12-08 00:33:57+00
2,1284.7,2025-12-08 00:33:58+00
2,1296.2,2025-12-08 00:33:59+00
2,1319.1,2025-12-08 00:34:00+00
2,1314.3,2025-12-08 00:34:01+00
2,1311.6,2025-12-08 00:34:02+00
2,1309.5,2025-12-08 00:34:03+00
2,1311.1,2025-12-08 00:34:04+00
2,1305.7,2025-12-08 00:34:05+00
2,1321,2025-12-08 00:34:06+00
2,1313.2,2025-12-08 00:34:07+00
2,1307.2,2025-12-08 00:34:08+00
2,1319.9,2025-12-08 00:34:09+00
2,1312.7,2025-12-08 00:34:10+00
2,1311.9,2025-12-08 00:34:11+00
2,1314,2025-12-08 00:34:12+00
2,1277.7,2025-12-08 00:34:13+00
2,1266.5,2025-12-08 00:34:14+00
2,1285.4,2025-12-08 00:34:15+00
2,1317,2025-12-08 00:34:16+00
2,1296,2025-12-08 00:34:17+00
2,1315.1,2025-12-08 00:34:18+00
2,1312.9,2025-12-08 00:34:19+00
2,1325.6,2025-12-08 00:34:20+00
2,1319.6,2025-12-08 00:34:21+00
2,1303.9,2025-12-08 00:34:22+00
2,1311.9,2025-12-08 00:34:23+00
2,1279,2025-12-08 00:34:24+00
2,1281.2,2025-12-08 00:34:25+00
2,1282,2025-12-08 00:34:26+00
2,1286.2,2025-12-08 00:34:27+00
2,1283.3,2025-12-08 00:34:28+00
2,1289.2,2025-12-08 00:34:29+00
2,1282,2025-12-08 00:34:30+00
2,1285.7,2025-12-08 00:34:31+00
2,1331.3,2025-12-08 00:34:32+00
2,1311.8,2025-12-08 00:34:33+00
2,1317.4,2025-12-08 00:34:34+00
2,1307.5,2025-12-08 00:34:35+00
2,1319.4,2025-12-08 00:34:36+00
2,1317.8,2025-12-08 00:34:37+00
2,1317.6,2025-12-08 00:34:38+00
2,1323.5,2025-12-08 00:34:39+00
2,1316.6,2025-12-08 00:34:40+00
2,1321.7,2025-12-08 00:34:41+00
2,1308.4,2025-12-08 00:34:42+00
2,1309.3,2025-12-08 00:34:43+00
2,1308.2,2025-12-08 00:34:44+00
2,1331.8,2025-12-08 00:34:45+00
2,1311.7,2025-12-08 00:34:46+00
2,1311.5,2025-12-08 00:34:47+00
2,1357.2,2025-12-08 00:34:48+00
2,1366.2,2025-12-08 00:34:49+00
2,1353.1,2025-12-08 00:34:50+00
2,1360.3,2025-12-08 00:34:51+00
2,1352.8,2025-12-08 00:34:52+00
2,1349.9,2025-12-08 00:34:53+00
2,1352.6,2025-12-08 00:34:54+00
2,1346,2025-12-08 00:34:55+00
2,1336.2,2025-12-08 00:34:56+00
2,1321.6,2025-12-08 00:34:57+00
2,1316.3,2025-12-08 00:34:58+00
2,1322.5,2025-12-08 00:34:59+00
2,633.1,2025-12-08 00:35:00+00
2,630.4,2025-12-08 00:35:01+00
2,612.2,2025-12-08 00:35:02+00
2,632.6,2025-12-08 00:35:03+00
2,603.3,2025-12-08 00:35:04+00
2,616.1,2025-12-08 00:35:05+00
2,616.5,2025-12-08 00:35:06+00
2,612.8,2025-12-08 00:35:07+00
2,618.3,2025-12-08 00:35:08+00
2,616.1,2025-12-08 00:35:09+00
2,634.7,2025-12-08 00:35:10+00
2,607.5,2025-12-08 00:35:11+00
2,613.3,2025-12-08 00:35:12+00
2,607.1,2025-12-08 00:35:13+00
2,616.7,2025-12-08 00:35:14+00
2,620,2025-12-08 00:35:15+00
2,617.7,2025-12-08 00:35:16+00
2,610.6,2025-12-08 00:35:17+00
2,624.1,2025-12-08 00:35:18+00
2,628.4,2025-12-08 00:35:19+00
2,620.5,2025-12-08 00:35:20+00
2,615.8,2025-12-08 00:35:21+00
2,620.9,2025-12-08 00:35:22+00
2,620.3,2025-12-08 00:35:23+00
2,621.4,2025-12-08 00:35:24+00
2,621.7,2025-12-08 00:35:25+00
2,613.4,2025-12-08 00:35:26+00
2,636.4,2025-12-08 00:35:27+00
2,603.4,2025-12-08 00:35:28+00
2,613.2,2025-12-08 00:35:29+00
2,624.7,2025-12-08 00:35:30+00
2,609.7,2025-12-08 00:35:31+00
2,606.5,2025-12-08 00:35:32+00
2,746.9,2025-12-08 00:35:33+00
2,725.9,2025-12-08 00:35:34+00
2,720.8,2025-12-08 00:35:35+00
2,705.8,2025-12-08 00:35:36+00
2,621,2025-12-08 00:35:37+00
2,700,2025-12-08 00:35:38+00
2,752.3,2025-12-08 00:35:39+00
2,717.8,2025-12-08 00:35:40+00
2,717.6,2025-12-08 00:35:41+00
2,650.1,2025-12-08 00:35:42+00
2,655.3,2025-12-08 00:35:43+00
2,708.4,2025-12-08 00:35:44+00
2,705.8,2025-12-08 00:35:45+00
2,705,2025-12-08 00:35:46+00
2,714.6,2025-12-08 00:35:47+00
2,725.9,2025-12-08 00:35:48+00
2,700.9,2025-12-08 00:35:49+00
2,718.4,2025-12-08 00:35:50+00
2,714.3,2025-12-08 00:35:51+00
2,658.5,2025-12-08 00:35:52+00
2,662.2,2025-12-08 00:35:53+00
2,658.6,2025-12-08 00:35:54+00
2,649.3,2025-12-08 00:35:55+00
2,663,2025-12-08 00:35:56+00
2,649.1,2025-12-08 00:35:57+00
2,662.9,2025-12-08 00:35:58+00
2,652.7,2025-12-08 00:35:59+00
2,1077.7,2025-12-08 00:36:00+00
2,1083.3,2025-12-08 00:36:01+00
2,1095.1,2025-12-08 00:36:02+00
2,1073.2,2025-12-08 00:36:03+00
2,1088.7,2025-12-08 00:36:04+00
2,917.3,2025-12-08 00:36:05+00
2,1055.5,2025-12-08 00:36:06+00
2,899.8,2025-12-08 00:36:07+00
2,879.6,2025-12-08 00:36:08+00
2,967.2,2025-12-08 00:36:09+00
2,897.3,2025-12-08 00:36:10+00
2,924.8,2025-12-08 00:36:11+00
2,957,2025-12-08 00:36:12+00
2,974.2,2025-12-08 00:36:13+00
2,1021.6,2025-12-08 00:36:14+00
2,1022.8,2025-12-08 00:36:15+00
2,1034.9,2025-12-08 00:36:16+00
2,1066.5,2025-12-08 00:36:17+00
2,1087.4,2025-12-08 00:36:18+00
2,1115.8,2025-12-08 00:36:19+00
2,1085.5,2025-12-08 00:36:20+00
2,1098.7,2025-12-08 00:36:21+00
2,1102.8,2025-12-08 00:36:22+00
2,1103.5,2025-12-08 00:36:23+00
2,1101.8,2025-12-08 00:36:24+00
2,1101.2,2025-12-08 00:36:25+00
2,1107.3,2025-12-08 00:36:26+00
2,1114.6,2025-12-08 00:36:27+00
2,1112.8,2025-12-08 00:36:28+00
2,1120.4,2025-12-08 00:36:29+00
2,1100.9,2025-12-08 00:36:30+00
2,1106.1,2025-12-08 00:36:31+00
2,1100.3,2025-12-08 00:36:32+00
2,1115.3,2025-12-08 00:36:33+00
2,1106.6,2025-12-08 00:36:34+00
2,1118.9,2025-12-08 00:36:35+00
2,1109.2,2025-12-08 00:36:36+00
2,1107.9,2025-12-08 00:36:37+00
2,1105.2,2025-12-08 00:36:38+00
2,1098.4,2025-12-08 00:36:39+00
2,1124.3,2025-12-08 00:36:40+00
2,1110.8,2025-12-08 00:36:41+00
2,1120.4,2025-12-08 00:36:42+00
2,1122,2025-12-08 00:36:43+00
2,1120.5,2025-12-08 00:36:44+00
2,1128.4,2025-12-08 00:36:45+00
2,1119.1,2025-12-08 00:36:46+00
2,1124.3,2025-12-08 00:36:47+00
2,1122.5,2025-12-08 00:36:48+00
2,1139.2,2025-12-08 00:36:49+00
2,1117.1,2025-12-08 00:36:50+00
2,1127.9,2025-12-08 00:36:51+00
2,1129.4,2025-12-08 00:36:52+00
2,1145.8,2025-12-08 00:36:53+00
2,1120.1,2025-12-08 00:36:54+00
2,1129.7,2025-12-08 00:36:55+00
2,1133.8,2025-12-08 00:36:56+00
2,1150.2,2025-12-08 00:36:57+00
2,1143.2,2025-12-08 00:36:58+00
2,1158.2,2025-12-08 00:36:59+00
2,1135.6,2025-12-08 00:37:00+00
2,1134.3,2025-12-08 00:37:01+00
2,1139.4,2025-12-08 00:37:02+00
2,1122.1,2025-12-08 00:37:03+00
2,1136.4,2025-12-08 00:37:04+00
2,1123.9,2025-12-08 00:37:05+00
2,1134.8,2025-12-08 00:37:06+00
2,1140.3,2025-12-08 00:37:07+00
2,1129.2,2025-12-08 00:37:08+00
2,1136.9,2025-12-08 00:37:09+00
2,1128.3,2025-12-08 00:37:10+00
2,1146,2025-12-08 00:37:11+00
2,1120,2025-12-08 00:37:12+00
2,1124.2,2025-12-08 00:37:13+00
2,1120.6,2025-12-08 00:37:14+00
2,1147.7,2025-12-08 00:37:15+00
2,1143.6,2025-12-08 00:37:16+00
2,1132,2025-12-08 00:37:17+00
2,1139.3,2025-12-08 00:37:18+00
2,1129.6,2025-12-08 00:37:19+00
2,1130.4,2025-12-08 00:37:20+00
2,1141,2025-12-08 00:37:21+00
2,1142.5,2025-12-08 00:37:22+00
2,1132.8,2025-12-08 00:37:23+00
2,1143.1,2025-12-08 00:37:24+00
2,1140.8,2025-12-08 00:37:25+00
2,1141.3,2025-12-08 00:37:26+00
2,1141.2,2025-12-08 00:37:27+00
2,1130.9,2025-12-08 00:37:28+00
2,1132.3,2025-12-08 00:37:29+00
2,1146.5,2025-12-08 00:37:30+00
2,1142.9,2025-12-08 00:37:31+00
2,1117.4,2025-12-08 00:37:32+00
2,1137.8,2025-12-08 00:37:33+00
2,1134.3,2025-12-08 00:37:34+00
2,1143.3,2025-12-08 00:37:35+00
2,1142.7,2025-12-08 00:37:36+00
2,1136.2,2025-12-08 00:37:37+00
2,1128.3,2025-12-08 00:37:38+00
2,1129.1,2025-12-08 00:37:39+00
2,1130.8,2025-12-08 00:37:40+00
2,1139.4,2025-12-08 00:37:41+00
2,1132.4,2025-12-08 00:37:42+00
2,1112.3,2025-12-08 00:37:43+00
2,1129.4,2025-12-08 00:37:44+00
2,1144.5,2025-12-08 00:37:45+00
2,1140.7,2025-12-08 00:37:46+00
2,1136.7,2025-12-08 00:37:47+00
2,1145.6,2025-12-08 00:37:48+00
2,1140,2025-12-08 00:37:49+00
2,1131,2025-12-08 00:37:50+00
2,1117.5,2025-12-08 00:37:51+00
2,1135.5,2025-12-08 00:37:52+00
2,1129.1,2025-12-08 00:37:53+00
2,1128,2025-12-08 00:37:54+00
2,1127.5,2025-12-08 00:37:55+00
2,1126,2025-12-08 00:37:56+00
2,1126.3,2025-12-08 00:37:57+00
2,1133.2,2025-12-08 00:37:58+00
2,1127.9,2025-12-08 00:37:59+00
2,1224.4,2025-12-08 00:38:00+00
2,1224.4,2025-12-08 00:38:01+00
2,1231.6,2025-12-08 00:38:02+00
2,1220.8,2025-12-08 00:38:03+00
2,1216.8,2025-12-08 00:38:04+00
2,1215.7,2025-12-08 00:38:05+00
2,1216.6,2025-12-08 00:38:06+00
2,1229,2025-12-08 00:38:07+00
2,1223.6,2025-12-08 00:38:08+00
2,1213.7,2025-12-08 00:38:09+00
2,1216.9,2025-12-08 00:38:10+00
2,1210.9,2025-12-08 00:38:11+00
2,1226.1,2025-12-08 00:38:12+00
2,1223.5,2025-12-08 00:38:13+00
2,1211.1,2025-12-08 00:38:14+00
2,1216.6,2025-12-08 00:38:15+00
2,1209,2025-12-08 00:38:16+00
2,1227,2025-12-08 00:38:17+00
2,1216.7,2025-12-08 00:38:18+00
2,1139,2025-12-08 00:38:19+00
2,1128.7,2025-12-08 00:38:20+00
2,1141.9,2025-12-08 00:38:21+00
2,1134.8,2025-12-08 00:38:22+00
2,1218.4,2025-12-08 00:38:23+00
2,1224.4,2025-12-08 00:38:24+00
2,1221.7,2025-12-08 00:38:25+00
2,1215.3,2025-12-08 00:38:26+00
2,1226.5,2025-12-08 00:38:27+00
2,1218.8,2025-12-08 00:38:28+00
2,1204.5,2025-12-08 00:38:29+00
2,1224.7,2025-12-08 00:38:30+00
2,1219.1,2025-12-08 00:38:31+00
2,1230.7,2025-12-08 00:38:32+00
2,1230.6,2025-12-08 00:38:33+00
2,1242.2,2025-12-08 00:38:34+00
2,1231.9,2025-12-08 00:38:35+00
2,1213.4,2025-12-08 00:38:36+00
2,1227.9,2025-12-08 00:38:37+00
2,1218.8,2025-12-08 00:38:38+00
2,1227.9,2025-12-08 00:38:39+00
2,1223,2025-12-08 00:38:40+00
2,1224.5,2025-12-08 00:38:41+00
2,1235.5,2025-12-08 00:38:42+00
2,1215.3,2025-12-08 00:38:43+00
2,1227.1,2025-12-08 00:38:44+00
2,1230.3,2025-12-08 00:38:45+00
2,1217.9,2025-12-08 00:38:46+00
2,1217.4,2025-12-08 00:38:47+00
2,1222.6,2025-12-08 00:38:48+00
2,1219.3,2025-12-08 00:38:49+00
2,1220.6,2025-12-08 00:38:50+00
2,1222.2,2025-12-08 00:38:51+00
2,1216.2,2025-12-08 00:38:52+00
2,1216.6,2025-12-08 00:38:53+00
2,1214.8,2025-12-08 00:38:54+00
2,1227.9,2025-12-08 00:38:55+00
2,1252,2025-12-08 00:38:56+00
2,1290.5,2025-12-08 00:38:57+00
2,1283.4,2025-12-08 00:38:58+00
2,1269.4,2025-12-08 00:38:59+00
2,1320.1,2025-12-08 00:39:00+00
2,1329.7,2025-12-08 00:39:01+00
2,1302.9,2025-12-08 00:39:02+00
2,1314.2,2025-12-08 00:39:03+00
2,1314.5,2025-12-08 00:39:04+00
2,1315,2025-12-08 00:39:05+00
2,1305.5,2025-12-08 00:39:06+00
2,1307.4,2025-12-08 00:39:07+00
2,1323.8,2025-12-08 00:39:08+00
2,1313.1,2025-12-08 00:39:09+00
2,1307.1,2025-12-08 00:39:10+00
2,1319.5,2025-12-08 00:39:11+00
2,1311.5,2025-12-08 00:39:12+00
2,1278.5,2025-12-08 00:39:13+00
2,1290,2025-12-08 00:39:14+00
2,1285.8,2025-12-08 00:39:15+00
2,1317.2,2025-12-08 00:39:16+00
2,1320.9,2025-12-08 00:39:17+00
2,1324.2,2025-12-08 00:39:18+00
2,1325.7,2025-12-08 00:39:19+00
2,1311.6,2025-12-08 00:39:20+00
2,1318.8,2025-12-08 00:39:21+00
2,1313.5,2025-12-08 00:39:22+00
2,1313.9,2025-12-08 00:39:23+00
2,1276.3,2025-12-08 00:39:24+00
2,1292.8,2025-12-08 00:39:25+00
2,1277.6,2025-12-08 00:39:26+00
2,1291.8,2025-12-08 00:39:27+00
2,1285.7,2025-12-08 00:39:28+00
2,1295.9,2025-12-08 00:39:29+00
2,1281,2025-12-08 00:39:30+00
2,1275.2,2025-12-08 00:39:31+00
2,1313.7,2025-12-08 00:39:32+00
2,1314.3,2025-12-08 00:39:33+00
2,1301.4,2025-12-08 00:39:34+00
2,1311.7,2025-12-08 00:39:35+00
2,1305.4,2025-12-08 00:39:36+00
2,1315.1,2025-12-08 00:39:37+00
2,1321.7,2025-12-08 00:39:38+00
2,1319.1,2025-12-08 00:39:39+00
2,1308.3,2025-12-08 00:39:40+00
2,1325.8,2025-12-08 00:39:41+00
2,1309.9,2025-12-08 00:39:42+00
2,1313.6,2025-12-08 00:39:43+00
2,1312.8,2025-12-08 00:39:44+00
2,1305.2,2025-12-08 00:39:45+00
2,1317.6,2025-12-08 00:39:46+00
2,1302.4,2025-12-08 00:39:47+00
2,1359.6,2025-12-08 00:39:48+00
2,1364.1,2025-12-08 00:39:49+00
2,1366.3,2025-12-08 00:39:50+00
2,1360.9,2025-12-08 00:39:51+00
2,1358,2025-12-08 00:39:52+00
2,1338.3,2025-12-08 00:39:53+00
2,1353.6,2025-12-08 00:39:54+00
2,1363.2,2025-12-08 00:39:55+00
2,1354.4,2025-12-08 00:39:56+00
2,1328.2,2025-12-08 00:39:57+00
2,1316.5,2025-12-08 00:39:58+00
2,1316,2025-12-08 00:39:59+00
2,556.523738,2025-12-08 00:40:00+00
2,558.223738,2025-12-08 00:40:01+00
2,558.623738,2025-12-08 00:40:02+00
2,558.723738,2025-12-08 00:40:03+00
2,583.823738,2025-12-08 00:40:04+00
2,572.823738,2025-12-08 00:40:05+00
2,572.223738,2025-12-08 00:40:06+00
2,573.723738,2025-12-08 00:40:07+00
2,573.523738,2025-12-08 00:40:08+00
2,573.223738,2025-12-08 00:40:09+00
2,570.123738,2025-12-08 00:40:10+00
2,526.323738,2025-12-08 00:40:11+00
2,526.423738,2025-12-08 00:40:12+00
2,430.623738,2025-12-08 00:40:13+00
2,429.823738,2025-12-08 00:40:14+00
2,431.023738,2025-12-08 00:40:15+00
2,428.123738,2025-12-08 00:40:16+00
2,426.523738,2025-12-08 00:40:17+00
2,428.823738,2025-12-08 00:40:18+00
2,431.723738,2025-12-08 00:40:19+00
2,467.223738,2025-12-08 00:40:20+00
2,517.823738,2025-12-08 00:40:21+00
2,528.423738,2025-12-08 00:40:22+00
2,527.723738,2025-12-08 00:40:23+00
2,527.823738,2025-12-08 00:40:24+00
2,529.623738,2025-12-08 00:40:25+00
2,529.423738,2025-12-08 00:40:26+00
2,533.423738,2025-12-08 00:40:27+00
2,537.723738,2025-12-08 00:40:28+00
2,536.923738,2025-12-08 00:40:29+00
2,544.423738,2025-12-08 00:40:30+00
2,540.723738,2025-12-08 00:40:31+00
2,537.723738,2025-12-08 00:40:32+00
2,544.523738,2025-12-08 00:40:33+00
2,545.923738,2025-12-08 00:40:34+00
2,543.723738,2025-12-08 00:40:35+00
2,548.823738,2025-12-08 00:40:36+00
2,548.123738,2025-12-08 00:40:37+00
2,548.223738,2025-12-08 00:40:38+00
2,553.523738,2025-12-08 00:40:39+00
2,552.723738,2025-12-08 00:40:40+00
2,552.123738,2025-12-08 00:40:41+00
2,554.523738,2025-12-08 00:40:42+00
2,552.623738,2025-12-08 00:40:43+00
2,552.223738,2025-12-08 00:40:44+00
2,561.923738,2025-12-08 00:40:45+00
2,554.123738,2025-12-08 00:40:46+00
2,554.723738,2025-12-08 00:40:47+00
2,555.323738,2025-12-08 00:40:48+00
2,553.123738,2025-12-08 00:40:49+00
2,554.823738,2025-12-08 00:40:50+00
2,553.623738,2025-12-08 00:40:51+00
2,554.323738,2025-12-08 00:40:52+00
2,554.723738,2025-12-08 00:40:53+00
2,555.723738,2025-12-08 00:40:54+00
2,555.423738,2025-12-08 00:40:55+00
2,553.823738,2025-12-08 00:40:56+00
2,572.023738,2025-12-08 00:40:57+00
2,561.823738,2025-12-08 00:40:58+00
2,560.723738,2025-12-08 00:40:59+00
2,580.223738,2025-12-08 00:41:00+00
2,568.723738,2025-12-08 00:41:01+00
2,560.523738,2025-12-08 00:41:02+00
2,558.923738,2025-12-08 00:41:03+00
2,555.123738,2025-12-08 00:41:04+00
2,571.223738,2025-12-08 00:41:05+00
2,558.523738,2025-12-08 00:41:06+00
2,557.123738,2025-12-08 00:41:07+00
2,556.923738,2025-12-08 00:41:08+00
2,557.023738,2025-12-08 00:41:09+00
2,555.223738,2025-12-08 00:41:10+00
2,559.023738,2025-12-08 00:41:11+00
2,557.223738,2025-12-08 00:41:12+00
2,557.023738,2025-12-08 00:41:13+00
2,557.923738,2025-12-08 00:41:14+00
2,566.823738,2025-12-08 00:41:15+00
2,557.723738,2025-12-08 00:41:16+00
2,557.723738,2025-12-08 00:41:17+00
2,558.123738,2025-12-08 00:41:18+00
2,563.023738,2025-12-08 00:41:19+00
2,561.923738,2025-12-08 00:41:20+00
2,556.423738,2025-12-08 00:41:21+00
2,555.223738,2025-12-08 00:41:22+00
2,566.423738,2025-12-08 00:41:23+00
2,557.823738,2025-12-08 00:41:24+00
2,555.123738,2025-12-08 00:41:25+00
2,558.823738,2025-12-08 00:41:26+00
2,558.823738,2025-12-08 00:41:27+00
2,558.423738,2025-12-08 00:41:28+00
2,558.223738,2025-12-08 00:41:29+00
2,555.523738,2025-12-08 00:41:30+00
2,555.623738,2025-12-08 00:41:31+00
2,556.423738,2025-12-08 00:41:32+00
2,557.723738,2025-12-08 00:41:33+00
2,557.923738,2025-12-08 00:41:34+00
2,556.523738,2025-12-08 00:41:35+00
2,555.023738,2025-12-08 00:41:36+00
2,557.023738,2025-12-08 00:41:37+00
2,555.823738,2025-12-08 00:41:38+00
2,553.823738,2025-12-08 00:41:39+00
2,550.823738,2025-12-08 00:41:40+00
2,555.623738,2025-12-08 00:41:41+00
2,556.023738,2025-12-08 00:41:42+00
2,573.023738,2025-12-08 00:41:43+00
2,556.623738,2025-12-08 00:41:44+00
2,552.923738,2025-12-08 00:41:45+00
2,552.323738,2025-12-08 00:41:46+00
2,555.423738,2025-12-08 00:41:47+00
2,560.123738,2025-12-08 00:41:48+00
2,558.023738,2025-12-08 00:41:49+00
2,554.123738,2025-12-08 00:41:50+00
2,554.623738,2025-12-08 00:41:51+00
2,554.823738,2025-12-08 00:41:52+00
2,554.723738,2025-12-08 00:41:53+00
2,557.223738,2025-12-08 00:41:54+00
2,565.923738,2025-12-08 00:41:55+00
2,554.623738,2025-12-08 00:41:56+00
2,553.423738,2025-12-08 00:41:57+00
2,556.923738,2025-12-08 00:41:58+00
2,557.623738,2025-12-08 00:41:59+00
2,558.523738,2025-12-08 00:42:00+00
2,567.423738,2025-12-08 00:42:01+00
2,558.723738,2025-12-08 00:42:02+00
2,559.523738,2025-12-08 00:42:03+00
2,559.823738,2025-12-08 00:42:04+00
2,556.823738,2025-12-08 00:42:05+00
2,558.223738,2025-12-08 00:42:06+00
2,553.223738,2025-12-08 00:42:07+00
2,552.623738,2025-12-08 00:42:08+00
2,556.523738,2025-12-08 00:42:09+00
2,554.423738,2025-12-08 00:42:10+00
2,573.523738,2025-12-08 00:42:11+00
2,560.423738,2025-12-08 00:42:12+00
2,561.123738,2025-12-08 00:42:13+00
2,562.123738,2025-12-08 00:42:14+00
2,562.723738,2025-12-08 00:42:15+00
2,565.223738,2025-12-08 00:42:16+00
2,560.423738,2025-12-08 00:42:17+00
2,562.223738,2025-12-08 00:42:18+00
2,567.423738,2025-12-08 00:42:19+00
2,563.923738,2025-12-08 00:42:20+00
2,567.623738,2025-12-08 00:42:21+00
2,562.423738,2025-12-08 00:42:22+00
2,561.123738,2025-12-08 00:42:23+00
2,563.223738,2025-12-08 00:42:24+00
2,574.823738,2025-12-08 00:42:25+00
2,559.123738,2025-12-08 00:42:26+00
2,555.223738,2025-12-08 00:42:27+00
2,558.023738,2025-12-08 00:42:28+00
2,553.623738,2025-12-08 00:42:29+00
2,555.823738,2025-12-08 00:42:30+00
2,554.123738,2025-12-08 00:42:31+00
2,553.623738,2025-12-08 00:42:32+00
2,552.123738,2025-12-08 00:42:33+00
2,558.423738,2025-12-08 00:42:34+00
2,553.723738,2025-12-08 00:42:35+00
2,554.723738,2025-12-08 00:42:36+00
2,558.223738,2025-12-08 00:42:37+00
2,552.523738,2025-12-08 00:42:38+00
2,551.823738,2025-12-08 00:42:39+00
2,555.323738,2025-12-08 00:42:40+00
2,553.023738,2025-12-08 00:42:41+00
2,555.223738,2025-12-08 00:42:42+00
2,554.823738,2025-12-08 00:42:43+00
2,553.023738,2025-12-08 00:42:44+00
2,552.623738,2025-12-08 00:42:45+00
2,554.623738,2025-12-08 00:42:46+00
2,558.823738,2025-12-08 00:42:47+00
2,555.623738,2025-12-08 00:42:48+00
2,553.723738,2025-12-08 00:42:49+00
2,562.923738,2025-12-08 00:42:50+00
2,552.823738,2025-12-08 00:42:51+00
2,554.323738,2025-12-08 00:42:52+00
2,553.623738,2025-12-08 00:42:53+00
2,555.923738,2025-12-08 00:42:54+00
2,552.723738,2025-12-08 00:42:55+00
2,551.223738,2025-12-08 00:42:56+00
2,551.423738,2025-12-08 00:42:57+00
2,554.123738,2025-12-08 00:42:58+00
2,551.623738,2025-12-08 00:42:59+00
2,553.823738,2025-12-08 00:43:00+00
2,556.223738,2025-12-08 00:43:01+00
2,560.423738,2025-12-08 00:43:02+00
2,565.523738,2025-12-08 00:43:03+00
2,559.923738,2025-12-08 00:43:04+00
2,565.023738,2025-12-08 00:43:05+00
2,556.523738,2025-12-08 00:43:06+00
2,561.223738,2025-12-08 00:43:07+00
2,568.023738,2025-12-08 00:43:08+00
2,552.323738,2025-12-08 00:43:09+00
2,554.123738,2025-12-08 00:43:10+00
2,553.723738,2025-12-08 00:43:11+00
2,554.923738,2025-12-08 00:43:12+00
2,555.823738,2025-12-08 00:43:13+00
2,553.523738,2025-12-08 00:43:14+00
2,554.123738,2025-12-08 00:43:15+00
2,552.123738,2025-12-08 00:43:16+00
2,552.423738,2025-12-08 00:43:17+00
2,555.523738,2025-12-08 00:43:18+00
2,557.923738,2025-12-08 00:43:19+00
2,552.723738,2025-12-08 00:43:20+00
2,561.923738,2025-12-08 00:43:21+00
2,550.823738,2025-12-08 00:43:22+00
2,553.923738,2025-12-08 00:43:23+00
2,551.923738,2025-12-08 00:43:24+00
2,558.023738,2025-12-08 00:43:25+00
2,548.723738,2025-12-08 00:43:26+00
2,550.023738,2025-12-08 00:43:27+00
2,555.223738,2025-12-08 00:43:28+00
2,549.923738,2025-12-08 00:43:29+00
2,552.023738,2025-12-08 00:43:30+00
2,566.123738,2025-12-08 00:43:31+00
2,550.323738,2025-12-08 00:43:32+00
2,555.623738,2025-12-08 00:43:33+00
2,554.623738,2025-12-08 00:43:34+00
2,552.923738,2025-12-08 00:43:35+00
2,561.023738,2025-12-08 00:43:36+00
2,553.623738,2025-12-08 00:43:37+00
2,554.123738,2025-12-08 00:43:38+00
2,557.123738,2025-12-08 00:43:39+00
2,554.523738,2025-12-08 00:43:40+00
2,551.723738,2025-12-08 00:43:41+00
2,552.423738,2025-12-08 00:43:42+00
2,552.623738,2025-12-08 00:43:43+00
2,557.723738,2025-12-08 00:43:44+00
2,555.723738,2025-12-08 00:43:45+00
2,553.923738,2025-12-08 00:43:46+00
2,553.823738,2025-12-08 00:43:47+00
2,555.723738,2025-12-08 00:43:48+00
2,557.923738,2025-12-08 00:43:49+00
2,553.623738,2025-12-08 00:43:50+00
2,553.823738,2025-12-08 00:43:51+00
2,555.623738,2025-12-08 00:43:52+00
2,551.023738,2025-12-08 00:43:53+00
2,553.023738,2025-12-08 00:43:54+00
2,549.623738,2025-12-08 00:43:55+00
2,564.823738,2025-12-08 00:43:56+00
2,554.623738,2025-12-08 00:43:57+00
2,550.323738,2025-12-08 00:43:58+00
2,550.323738,2025-12-08 00:43:59+00
2,557.523738,2025-12-08 00:44:00+00
2,551.823738,2025-12-08 00:44:01+00
2,559.923738,2025-12-08 00:44:02+00
2,564.023738,2025-12-08 00:44:03+00
2,556.723738,2025-12-08 00:44:04+00
2,559.023738,2025-12-08 00:44:05+00
2,560.423738,2025-12-08 00:44:06+00
2,552.523738,2025-12-08 00:44:07+00
2,556.923738,2025-12-08 00:44:08+00
2,553.123738,2025-12-08 00:44:09+00
2,554.023738,2025-12-08 00:44:10+00
2,550.723738,2025-12-08 00:44:11+00
2,551.223738,2025-12-08 00:44:12+00
2,551.323738,2025-12-08 00:44:13+00
2,670.323738,2025-12-08 00:44:14+00
2,657.223738,2025-12-08 00:44:15+00
2,654.023738,2025-12-08 00:44:16+00
2,653.923738,2025-12-08 00:44:17+00
2,654.323738,2025-12-08 00:44:18+00
2,655.023738,2025-12-08 00:44:19+00
2,653.023738,2025-12-08 00:44:20+00
2,655.123738,2025-12-08 00:44:21+00
2,649.223738,2025-12-08 00:44:22+00
2,647.623738,2025-12-08 00:44:23+00
2,642.823738,2025-12-08 00:44:24+00
2,641.623738,2025-12-08 00:44:25+00
2,642.723738,2025-12-08 00:44:26+00
2,644.023738,2025-12-08 00:44:27+00
2,641.723738,2025-12-08 00:44:28+00
2,640.923738,2025-12-08 00:44:29+00
2,642.723738,2025-12-08 00:44:30+00
2,640.823738,2025-12-08 00:44:31+00
2,643.223738,2025-12-08 00:44:32+00
2,644.123738,2025-12-08 00:44:33+00
2,642.623738,2025-12-08 00:44:34+00
2,642.923738,2025-12-08 00:44:35+00
2,643.323738,2025-12-08 00:44:36+00
2,640.823738,2025-12-08 00:44:37+00
2,645.523738,2025-12-08 00:44:38+00
2,649.623738,2025-12-08 00:44:39+00
2,644.523738,2025-12-08 00:44:40+00
2,643.823738,2025-12-08 00:44:41+00
2,660.523738,2025-12-08 00:44:42+00
2,681.423738,2025-12-08 00:44:43+00
2,657.823738,2025-12-08 00:44:44+00
2,653.923738,2025-12-08 00:44:45+00
2,654.023738,2025-12-08 00:44:46+00
2,654.623738,2025-12-08 00:44:47+00
2,654.823738,2025-12-08 00:44:48+00
2,653.423738,2025-12-08 00:44:49+00
2,659.323738,2025-12-08 00:44:50+00
2,655.823738,2025-12-08 00:44:51+00
2,656.723738,2025-12-08 00:44:52+00
2,656.223738,2025-12-08 00:44:53+00
2,655.623738,2025-12-08 00:44:54+00
2,655.823738,2025-12-08 00:44:55+00
2,657.623738,2025-12-08 00:44:56+00
2,659.823738,2025-12-08 00:44:57+00
2,662.323738,2025-12-08 00:44:58+00
2,657.823738,2025-12-08 00:44:59+00
2,659.723738,2025-12-08 00:45:00+00
2,657.623738,2025-12-08 00:45:01+00
2,659.423738,2025-12-08 00:45:02+00
2,660.223738,2025-12-08 00:45:03+00
2,654.823738,2025-12-08 00:45:04+00
2,659.623738,2025-12-08 00:45:05+00
2,658.723738,2025-12-08 00:45:06+00
2,651.723738,2025-12-08 00:45:07+00
2,656.023738,2025-12-08 00:45:08+00
2,657.123738,2025-12-08 00:45:09+00
2,655.923738,2025-12-08 00:45:10+00
2,657.323738,2025-12-08 00:45:11+00
2,657.523738,2025-12-08 00:45:12+00
2,642.723738,2025-12-08 00:45:13+00
2,922.623738,2025-12-08 00:45:14+00
2,997.423738,2025-12-08 00:45:15+00
2,862.023738,2025-12-08 00:45:16+00
2,860.523738,2025-12-08 00:45:17+00
2,939.023738,2025-12-08 00:45:18+00
2,874.823738,2025-12-08 00:45:19+00
2,923.523738,2025-12-08 00:45:20+00
2,952.323738,2025-12-08 00:45:21+00
2,971.623738,2025-12-08 00:45:22+00
2,999.323738,2025-12-08 00:45:23+00
2,1019.723738,2025-12-08 00:45:24+00
2,1040.623738,2025-12-08 00:45:25+00
2,1057.723738,2025-12-08 00:45:26+00
2,1075.623738,2025-12-08 00:45:27+00
2,1091.523738,2025-12-08 00:45:28+00
2,1096.623738,2025-12-08 00:45:29+00
2,1100.923738,2025-12-08 00:45:30+00
2,1104.223738,2025-12-08 00:45:31+00
2,1111.023738,2025-12-08 00:45:32+00
2,1110.423738,2025-12-08 00:45:33+00
2,1109.823738,2025-12-08 00:45:34+00
2,1109.223738,2025-12-08 00:45:35+00
2,1112.123738,2025-12-08 00:45:36+00
2,1108.723738,2025-12-08 00:45:37+00
2,1108.123738,2025-12-08 00:45:38+00
2,1110.423738,2025-12-08 00:45:39+00
2,1109.923738,2025-12-08 00:45:40+00
2,1106.623738,2025-12-08 00:45:41+00
2,1105.823738,2025-12-08 00:45:42+00
2,1104.823738,2025-12-08 00:45:43+00
2,1107.823738,2025-12-08 00:45:44+00
2,1106.523738,2025-12-08 00:45:45+00
2,1103.523738,2025-12-08 00:45:46+00
2,1105.323738,2025-12-08 00:45:47+00
2,1107.423738,2025-12-08 00:45:48+00
2,1109.523738,2025-12-08 00:45:49+00
2,1110.523738,2025-12-08 00:45:50+00
2,1113.823738,2025-12-08 00:45:51+00
2,1115.823738,2025-12-08 00:45:52+00
2,1117.123738,2025-12-08 00:45:53+00
2,1120.223738,2025-12-08 00:45:54+00
2,1123.823738,2025-12-08 00:45:55+00
2,1125.423738,2025-12-08 00:45:56+00
2,1128.523738,2025-12-08 00:45:57+00
2,1141.923738,2025-12-08 00:45:58+00
2,1126.723738,2025-12-08 00:45:59+00
2,1128.423738,2025-12-08 00:46:00+00
2,1132.723738,2025-12-08 00:46:01+00
2,1130.623738,2025-12-08 00:46:02+00
2,1131.723738,2025-12-08 00:46:03+00
2,1131.323738,2025-12-08 00:46:04+00
2,1129.823738,2025-12-08 00:46:05+00
2,1130.423738,2025-12-08 00:46:06+00
2,1129.523738,2025-12-08 00:46:07+00
2,1127.223738,2025-12-08 00:46:08+00
2,1147.523738,2025-12-08 00:46:09+00
2,1130.023738,2025-12-08 00:46:10+00
2,1130.123738,2025-12-08 00:46:11+00
2,1127.623738,2025-12-08 00:46:12+00
2,1128.423738,2025-12-08 00:46:13+00
2,1128.823738,2025-12-08 00:46:14+00
2,1126.123738,2025-12-08 00:46:15+00
2,1126.023738,2025-12-08 00:46:16+00
2,1127.223738,2025-12-08 00:46:17+00
2,1126.623738,2025-12-08 00:46:18+00
2,1151.923738,2025-12-08 00:46:19+00
2,1133.823738,2025-12-08 00:46:20+00
2,1135.123738,2025-12-08 00:46:21+00
2,1129.223738,2025-12-08 00:46:22+00
2,1130.323738,2025-12-08 00:46:23+00
2,1131.623738,2025-12-08 00:46:24+00
2,1129.923738,2025-12-08 00:46:25+00
2,1131.123738,2025-12-08 00:46:26+00
2,1134.523738,2025-12-08 00:46:27+00
2,1134.723738,2025-12-08 00:46:28+00
2,1134.923738,2025-12-08 00:46:29+00
2,1136.923738,2025-12-08 00:46:30+00
2,1131.923738,2025-12-08 00:46:31+00
2,1133.023738,2025-12-08 00:46:32+00
2,1136.923738,2025-12-08 00:46:33+00
2,1137.323738,2025-12-08 00:46:34+00
2,1132.023738,2025-12-08 00:46:35+00
2,1133.923738,2025-12-08 00:46:36+00
2,1132.123738,2025-12-08 00:46:37+00
2,1137.023738,2025-12-08 00:46:38+00
2,1137.123738,2025-12-08 00:46:39+00
2,1136.323738,2025-12-08 00:46:40+00
2,1133.223738,2025-12-08 00:46:41+00
2,1135.723738,2025-12-08 00:46:42+00
2,1134.323738,2025-12-08 00:46:43+00
2,1135.423738,2025-12-08 00:46:44+00
2,1132.723738,2025-12-08 00:46:45+00
2,1130.823738,2025-12-08 00:46:46+00
2,1132.523738,2025-12-08 00:46:47+00
2,1133.723738,2025-12-08 00:46:48+00
2,1126.323738,2025-12-08 00:46:49+00
2,1129.323738,2025-12-08 00:46:50+00
2,1131.223738,2025-12-08 00:46:51+00
2,1126.923738,2025-12-08 00:46:52+00
2,1131.323738,2025-12-08 00:46:53+00
2,1133.323738,2025-12-08 00:46:54+00
2,1127.823738,2025-12-08 00:46:55+00
2,1128.323738,2025-12-08 00:46:56+00
2,1133.523738,2025-12-08 00:46:57+00
2,1128.223738,2025-12-08 00:46:58+00
2,1132.223738,2025-12-08 00:46:59+00
2,1132.523738,2025-12-08 00:47:00+00
2,1141.623738,2025-12-08 00:47:01+00
2,1134.223738,2025-12-08 00:47:02+00
2,1130.323738,2025-12-08 00:47:03+00
2,1131.323738,2025-12-08 00:47:04+00
2,1116.723738,2025-12-08 00:47:05+00
2,1119.423738,2025-12-08 00:47:06+00
2,1118.023738,2025-12-08 00:47:07+00
2,1125.023738,2025-12-08 00:47:08+00
2,1123.823738,2025-12-08 00:47:09+00
2,1123.823738,2025-12-08 00:47:10+00
2,1119.023738,2025-12-08 00:47:11+00
2,1120.223738,2025-12-08 00:47:12+00
2,1127.723738,2025-12-08 00:47:13+00
2,1122.923738,2025-12-08 00:47:14+00
2,1119.623738,2025-12-08 00:47:15+00
2,1115.223738,2025-12-08 00:47:16+00
2,1119.823738,2025-12-08 00:47:17+00
2,1120.623738,2025-12-08 00:47:18+00
2,1124.623738,2025-12-08 00:47:19+00
2,1124.823738,2025-12-08 00:47:20+00
2,1121.823738,2025-12-08 00:47:21+00
2,1115.823738,2025-12-08 00:47:22+00
2,1132.423738,2025-12-08 00:47:23+00
2,1117.723738,2025-12-08 00:47:24+00
2,1116.123738,2025-12-08 00:47:25+00
2,1076.123738,2025-12-08 00:47:26+00
2,1078.023738,2025-12-08 00:47:27+00
2,1075.323738,2025-12-08 00:47:28+00
2,1073.923738,2025-12-08 00:47:29+00
2,1075.323738,2025-12-08 00:47:30+00
2,1071.523738,2025-12-08 00:47:31+00
2,1074.323738,2025-12-08 00:47:32+00
2,1075.923738,2025-12-08 00:47:33+00
2,1075.123738,2025-12-08 00:47:34+00
2,1073.923738,2025-12-08 00:47:35+00
2,1077.223738,2025-12-08 00:47:36+00
2,1075.523738,2025-12-08 00:47:37+00
2,1075.923738,2025-12-08 00:47:38+00
2,1075.923738,2025-12-08 00:47:39+00
2,1072.923738,2025-12-08 00:47:40+00
2,1082.823738,2025-12-08 00:47:41+00
2,1073.523738,2025-12-08 00:47:42+00
2,1073.423738,2025-12-08 00:47:43+00
2,1074.723738,2025-12-08 00:47:44+00
2,1072.423738,2025-12-08 00:47:45+00
2,1074.623738,2025-12-08 00:47:46+00
2,1078.123738,2025-12-08 00:47:47+00
2,1076.423738,2025-12-08 00:47:48+00
2,1072.323738,2025-12-08 00:47:49+00
2,1073.123738,2025-12-08 00:47:50+00
2,1072.723738,2025-12-08 00:47:51+00
2,1070.923738,2025-12-08 00:47:52+00
2,1082.423738,2025-12-08 00:47:53+00
2,1070.523738,2025-12-08 00:47:54+00
2,1077.623738,2025-12-08 00:47:55+00
2,1069.923738,2025-12-08 00:47:56+00
2,1070.123738,2025-12-08 00:47:57+00
2,1083.523738,2025-12-08 00:47:58+00
2,1072.023738,2025-12-08 00:47:59+00
2,1073.023738,2025-12-08 00:48:00+00
2,1087.823738,2025-12-08 00:48:01+00
2,1075.423738,2025-12-08 00:48:02+00
2,1070.323738,2025-12-08 00:48:03+00
2,1142.123738,2025-12-08 00:48:04+00
2,1175.623738,2025-12-08 00:48:05+00
2,1174.723738,2025-12-08 00:48:06+00
2,1164.223738,2025-12-08 00:48:07+00
2,1166.223738,2025-12-08 00:48:08+00
2,1164.823738,2025-12-08 00:48:09+00
2,1165.323738,2025-12-08 00:48:10+00
2,1172.623738,2025-12-08 00:48:11+00
2,1169.923738,2025-12-08 00:48:12+00
2,1166.323738,2025-12-08 00:48:13+00
2,1168.123738,2025-12-08 00:48:14+00
2,1166.723738,2025-12-08 00:48:15+00
2,1165.123738,2025-12-08 00:48:16+00
2,1167.723738,2025-12-08 00:48:17+00
2,1170.223738,2025-12-08 00:48:18+00
2,1183.223738,2025-12-08 00:48:19+00
2,1175.923738,2025-12-08 00:48:20+00
2,1165.923738,2025-12-08 00:48:21+00
2,1163.423738,2025-12-08 00:48:22+00
2,1169.523738,2025-12-08 00:48:23+00
2,1176.023738,2025-12-08 00:48:24+00
2,1173.323738,2025-12-08 00:48:25+00
2,1172.423738,2025-12-08 00:48:26+00
2,1169.523738,2025-12-08 00:48:27+00
2,1164.423738,2025-12-08 00:48:28+00
2,1176.623738,2025-12-08 00:48:29+00
2,1166.223738,2025-12-08 00:48:30+00
2,1166.123738,2025-12-08 00:48:31+00
2,1166.623738,2025-12-08 00:48:32+00
2,1166.223738,2025-12-08 00:48:33+00
2,1167.323738,2025-12-08 00:48:34+00
2,1165.423738,2025-12-08 00:48:35+00
2,1165.023738,2025-12-08 00:48:36+00
2,1164.323738,2025-12-08 00:48:37+00
2,1166.923738,2025-12-08 00:48:38+00
2,1167.523738,2025-12-08 00:48:39+00
2,1170.523738,2025-12-08 00:48:40+00
2,1165.523738,2025-12-08 00:48:41+00
2,1164.023738,2025-12-08 00:48:42+00
2,1164.623738,2025-12-08 00:48:43+00
2,1165.423738,2025-12-08 00:48:44+00
2,1171.123738,2025-12-08 00:48:45+00
2,1164.623738,2025-12-08 00:48:46+00
2,1163.523738,2025-12-08 00:48:47+00
2,1164.723738,2025-12-08 00:48:48+00
2,1163.523738,2025-12-08 00:48:49+00
2,1163.523738,2025-12-08 00:48:50+00
2,1164.523738,2025-12-08 00:48:51+00
2,1163.223738,2025-12-08 00:48:52+00
2,1167.223738,2025-12-08 00:48:53+00
2,1165.923738,2025-12-08 00:48:54+00
2,1164.023738,2025-12-08 00:48:55+00
2,1162.823738,2025-12-08 00:48:56+00
2,1172.123738,2025-12-08 00:48:57+00
2,1173.223738,2025-12-08 00:48:58+00
2,1163.823738,2025-12-08 00:48:59+00
2,1167.423738,2025-12-08 00:49:00+00
2,1167.923738,2025-12-08 00:49:01+00
2,1171.823738,2025-12-08 00:49:02+00
2,1167.623738,2025-12-08 00:49:03+00
2,1168.223738,2025-12-08 00:49:04+00
2,1166.223738,2025-12-08 00:49:05+00
2,1168.323738,2025-12-08 00:49:06+00
2,1165.523738,2025-12-08 00:49:07+00
2,1168.523738,2025-12-08 00:49:08+00
2,1166.023738,2025-12-08 00:49:09+00
2,1164.823738,2025-12-08 00:49:10+00
2,1166.223738,2025-12-08 00:49:11+00
2,1168.023738,2025-12-08 00:49:12+00
2,1163.623738,2025-12-08 00:49:13+00
2,1166.023738,2025-12-08 00:49:14+00
2,1170.323738,2025-12-08 00:49:15+00
2,1167.023738,2025-12-08 00:49:16+00
2,1166.623738,2025-12-08 00:49:17+00
2,1166.623738,2025-12-08 00:49:18+00
2,1167.823738,2025-12-08 00:49:19+00
2,1169.823738,2025-12-08 00:49:20+00
2,1174.023738,2025-12-08 00:49:21+00
2,1164.123738,2025-12-08 00:49:22+00
2,1169.023738,2025-12-08 00:49:23+00
2,1165.123738,2025-12-08 00:49:24+00
2,1165.523738,2025-12-08 00:49:25+00
2,1166.523738,2025-12-08 00:49:26+00
2,1164.323738,2025-12-08 00:49:27+00
2,1165.423738,2025-12-08 00:49:28+00
2,1166.223738,2025-12-08 00:49:29+00
2,1166.523738,2025-12-08 00:49:30+00
2,1165.723738,2025-12-08 00:49:31+00
2,1172.423738,2025-12-08 00:49:32+00
2,1175.223738,2025-12-08 00:49:33+00
2,1172.523738,2025-12-08 00:49:34+00
2,1175.023738,2025-12-08 00:49:35+00
2,1173.223738,2025-12-08 00:49:36+00
2,1168.423738,2025-12-08 00:49:37+00
2,1167.323738,2025-12-08 00:49:38+00
2,1165.823738,2025-12-08 00:49:39+00
2,1169.123738,2025-12-08 00:49:40+00
2,1168.323738,2025-12-08 00:49:41+00
2,1206.123738,2025-12-08 00:49:42+00
2,1258.623738,2025-12-08 00:49:43+00
2,1247.823738,2025-12-08 00:49:44+00
2,1247.923738,2025-12-08 00:49:45+00
2,1244.623738,2025-12-08 00:49:46+00
2,1245.823738,2025-12-08 00:49:47+00
2,1245.223738,2025-12-08 00:49:48+00
2,1243.023738,2025-12-08 00:49:49+00
2,1245.123738,2025-12-08 00:49:50+00
2,1246.123738,2025-12-08 00:49:51+00
2,1246.923738,2025-12-08 00:49:52+00
2,1247.323738,2025-12-08 00:49:53+00
2,1246.823738,2025-12-08 00:49:54+00
2,1246.423738,2025-12-08 00:49:55+00
2,1249.423738,2025-12-08 00:49:56+00
2,1247.723738,2025-12-08 00:49:57+00
2,1262.623738,2025-12-08 00:49:58+00
2,1251.823738,2025-12-08 00:49:59+00
2,1252.823738,2025-12-08 00:50:00+00
2,1249.923738,2025-12-08 00:50:01+00
2,1255.923738,2025-12-08 00:50:02+00
2,1253.223738,2025-12-08 00:50:03+00
2,1250.823738,2025-12-08 00:50:04+00
2,1254.223738,2025-12-08 00:50:05+00
2,1250.323738,2025-12-08 00:50:06+00
2,1249.923738,2025-12-08 00:50:07+00
2,1250.423738,2025-12-08 00:50:08+00
2,1253.623738,2025-12-08 00:50:09+00
2,1253.023738,2025-12-08 00:50:10+00
2,1254.623738,2025-12-08 00:50:11+00
2,1256.623738,2025-12-08 00:50:12+00
2,1256.623738,2025-12-08 00:50:13+00
2,1261.123738,2025-12-08 00:50:14+00
2,1252.823738,2025-12-08 00:50:15+00
2,1270.523738,2025-12-08 00:50:16+00
2,1257.123738,2025-12-08 00:50:17+00
2,1253.423738,2025-12-08 00:50:18+00
2,1255.023738,2025-12-08 00:50:19+00
2,1260.523738,2025-12-08 00:50:20+00
2,1261.723738,2025-12-08 00:50:21+00
2,1256.723738,2025-12-08 00:50:22+00
2,1252.423738,2025-12-08 00:50:23+00
2,1264.523738,2025-12-08 00:50:24+00
2,1248.723738,2025-12-08 00:50:25+00
2,1250.823738,2025-12-08 00:50:26+00
2,1252.823738,2025-12-08 00:50:27+00
2,1253.623738,2025-12-08 00:50:28+00
2,1256.723738,2025-12-08 00:50:29+00
2,1252.023738,2025-12-08 00:50:30+00
2,1252.223738,2025-12-08 00:50:31+00
2,1260.623738,2025-12-08 00:50:32+00
2,1252.623738,2025-12-08 00:50:33+00
2,1251.223738,2025-12-08 00:50:34+00
2,1323.823738,2025-12-08 00:50:35+00
2,1347.723738,2025-12-08 00:50:36+00
2,1343.123738,2025-12-08 00:50:37+00
2,1347.323738,2025-12-08 00:50:38+00
2,1346.023738,2025-12-08 00:50:39+00
2,1352.623738,2025-12-08 00:50:40+00
2,1351.423738,2025-12-08 00:50:41+00
2,1360.423738,2025-12-08 00:50:42+00
2,1352.123738,2025-12-08 00:50:43+00
2,1359.123738,2025-12-08 00:50:44+00
2,1357.223738,2025-12-08 00:50:45+00
2,1354.523738,2025-12-08 00:50:46+00
2,1355.323738,2025-12-08 00:50:47+00
2,1351.523738,2025-12-08 00:50:48+00
2,1352.523738,2025-12-08 00:50:49+00
2,1365.023738,2025-12-08 00:50:50+00
2,1358.423738,2025-12-08 00:50:51+00
2,1356.723738,2025-12-08 00:50:52+00
2,1357.823738,2025-12-08 00:50:53+00
2,1352.723738,2025-12-08 00:50:54+00
2,1352.323738,2025-12-08 00:50:55+00
2,1360.223738,2025-12-08 00:50:56+00
2,1358.323738,2025-12-08 00:50:57+00
2,1358.423738,2025-12-08 00:50:58+00
2,1359.623738,2025-12-08 00:50:59+00
2,1358.923738,2025-12-08 00:51:00+00
2,1366.623738,2025-12-08 00:51:01+00
2,1368.123738,2025-12-08 00:51:02+00
2,1365.723738,2025-12-08 00:51:03+00
2,1367.023738,2025-12-08 00:51:04+00
2,1366.423738,2025-12-08 00:51:05+00
2,1369.723738,2025-12-08 00:51:06+00
2,1362.623738,2025-12-08 00:51:07+00
2,1364.023738,2025-12-08 00:51:08+00
2,1362.923738,2025-12-08 00:51:09+00
2,1361.223738,2025-12-08 00:51:10+00
2,1364.823738,2025-12-08 00:51:11+00
2,1391.923738,2025-12-08 00:51:12+00
2,1459.523738,2025-12-08 00:51:13+00
2,1470.023738,2025-12-08 00:51:14+00
2,1469.123738,2025-12-08 00:51:15+00
2,1476.623738,2025-12-08 00:51:16+00
2,1480.123738,2025-12-08 00:51:17+00
2,1470.723738,2025-12-08 00:51:18+00
2,1478.823738,2025-12-08 00:51:19+00
2,1480.023738,2025-12-08 00:51:20+00
2,1480.023738,2025-12-08 00:51:21+00
2,1477.323738,2025-12-08 00:51:22+00
2,1472.923738,2025-12-08 00:51:23+00
2,1468.423738,2025-12-08 00:51:24+00
2,1470.023738,2025-12-08 00:51:25+00
2,1470.823738,2025-12-08 00:51:26+00
2,1475.923738,2025-12-08 00:51:27+00
2,1484.723738,2025-12-08 00:51:28+00
2,1475.823738,2025-12-08 00:51:29+00
2,1475.423738,2025-12-08 00:51:30+00
2,1472.523738,2025-12-08 00:51:31+00
2,1471.623738,2025-12-08 00:51:32+00
2,1472.923738,2025-12-08 00:51:33+00
2,1471.423738,2025-12-08 00:51:34+00
2,1470.923738,2025-12-08 00:51:35+00
2,1469.023738,2025-12-08 00:51:36+00
2,1465.123738,2025-12-08 00:51:37+00
2,1471.323738,2025-12-08 00:51:38+00
2,1467.723738,2025-12-08 00:51:39+00
2,1488.423738,2025-12-08 00:51:40+00
2,1469.923738,2025-12-08 00:51:41+00
2,1466.823738,2025-12-08 00:51:42+00
2,1479.023738,2025-12-08 00:51:43+00
2,1472.223738,2025-12-08 00:51:44+00
2,1473.423738,2025-12-08 00:51:45+00
2,1471.923738,2025-12-08 00:51:46+00
2,1471.123738,2025-12-08 00:51:47+00
2,1468.323738,2025-12-08 00:51:48+00
2,1472.323738,2025-12-08 00:51:49+00
2,1468.723738,2025-12-08 00:51:50+00
2,1475.023738,2025-12-08 00:51:51+00
2,1471.523738,2025-12-08 00:51:52+00
2,1469.823738,2025-12-08 00:51:53+00
2,1469.623738,2025-12-08 00:51:54+00
2,1470.623738,2025-12-08 00:51:55+00
2,1469.423738,2025-12-08 00:51:56+00
2,1471.023738,2025-12-08 00:51:57+00
2,1465.323738,2025-12-08 00:51:58+00
2,1470.823738,2025-12-08 00:51:59+00
2,1467.023738,2025-12-08 00:52:00+00
2,1473.023738,2025-12-08 00:52:01+00
2,1469.123738,2025-12-08 00:52:02+00
2,1464.623738,2025-12-08 00:52:03+00
2,1469.623738,2025-12-08 00:52:04+00
2,1470.723738,2025-12-08 00:52:05+00
2,1470.523738,2025-12-08 00:52:06+00
2,1468.723738,2025-12-08 00:52:07+00
2,1469.923738,2025-12-08 00:52:08+00
2,1464.523738,2025-12-08 00:52:09+00
2,1472.623738,2025-12-08 00:52:10+00
2,1470.523738,2025-12-08 00:52:11+00
2,1471.423738,2025-12-08 00:52:12+00
2,1467.523738,2025-12-08 00:52:13+00
2,1474.123738,2025-12-08 00:52:14+00
2,1471.123738,2025-12-08 00:52:15+00
2,1466.523738,2025-12-08 00:52:16+00
2,1467.623738,2025-12-08 00:52:17+00
2,1466.423738,2025-12-08 00:52:18+00
2,1467.423738,2025-12-08 00:52:19+00
2,1476.823738,2025-12-08 00:52:20+00
2,1476.423738,2025-12-08 00:52:21+00
2,1473.323738,2025-12-08 00:52:22+00
2,1472.123738,2025-12-08 00:52:23+00
2,1468.723738,2025-12-08 00:52:24+00
2,1467.323738,2025-12-08 00:52:25+00
2,1468.623738,2025-12-08 00:52:26+00
2,1469.123738,2025-12-08 00:52:27+00
2,1474.723738,2025-12-08 00:52:28+00
2,1471.923738,2025-12-08 00:52:29+00
2,1468.823738,2025-12-08 00:52:30+00
2,1470.223738,2025-12-08 00:52:31+00
2,1469.323738,2025-12-08 00:52:32+00
2,1468.323738,2025-12-08 00:52:33+00
2,1469.223738,2025-12-08 00:52:34+00
2,1468.823738,2025-12-08 00:52:35+00
2,1469.023738,2025-12-08 00:52:36+00
2,1469.823738,2025-12-08 00:52:37+00
2,1473.023738,2025-12-08 00:52:38+00
2,1468.523738,2025-12-08 00:52:39+00
2,1473.423738,2025-12-08 00:52:40+00
2,1471.023738,2025-12-08 00:52:41+00
2,1469.423738,2025-12-08 00:52:42+00
2,1466.623738,2025-12-08 00:52:43+00
2,1474.023738,2025-12-08 00:52:44+00
2,1470.223738,2025-12-08 00:52:45+00
2,1470.623738,2025-12-08 00:52:46+00
2,1469.923738,2025-12-08 00:52:47+00
2,1471.323738,2025-12-08 00:52:48+00
2,1469.523738,2025-12-08 00:52:49+00
2,1474.923738,2025-12-08 00:52:50+00
2,1469.823738,2025-12-08 00:52:51+00
2,1472.123738,2025-12-08 00:52:52+00
2,1471.823738,2025-12-08 00:52:53+00
2,1471.423738,2025-12-08 00:52:54+00
2,1472.523738,2025-12-08 00:52:55+00
2,1468.823738,2025-12-08 00:52:56+00
2,1472.723738,2025-12-08 00:52:57+00
2,1468.023738,2025-12-08 00:52:58+00
2,1469.323738,2025-12-08 00:52:59+00
2,1475.623738,2025-12-08 00:53:00+00
2,1472.223738,2025-12-08 00:53:01+00
2,1472.623738,2025-12-08 00:53:02+00
2,1468.823738,2025-12-08 00:53:03+00
2,1468.023738,2025-12-08 00:53:04+00
2,1469.523738,2025-12-08 00:53:05+00
2,1469.723738,2025-12-08 00:53:06+00
2,1466.423738,2025-12-08 00:53:07+00
2,1475.223738,2025-12-08 00:53:08+00
2,1471.423738,2025-12-08 00:53:09+00
2,1471.823738,2025-12-08 00:53:10+00
2,1469.123738,2025-12-08 00:53:11+00
2,1492.723738,2025-12-08 00:53:12+00
2,1475.523738,2025-12-08 00:53:13+00
2,1473.223738,2025-12-08 00:53:14+00
2,1467.023738,2025-12-08 00:53:15+00
2,1476.023738,2025-12-08 00:53:16+00
2,1467.923738,2025-12-08 00:53:17+00
2,1473.323738,2025-12-08 00:53:18+00
2,1470.823738,2025-12-08 00:53:19+00
2,1480.223738,2025-12-08 00:53:20+00
2,1475.623738,2025-12-08 00:53:21+00
2,1473.023738,2025-12-08 00:53:22+00
2,1471.523738,2025-12-08 00:53:23+00
2,1472.323738,2025-12-08 00:53:24+00
2,1469.723738,2025-12-08 00:53:25+00
2,1470.523738,2025-12-08 00:53:26+00
2,1468.723738,2025-12-08 00:53:27+00
2,1469.823738,2025-12-08 00:53:28+00
2,1473.923738,2025-12-08 00:53:29+00
2,1473.823738,2025-12-08 00:53:30+00
2,1472.823738,2025-12-08 00:53:31+00
2,1555.423738,2025-12-08 00:53:32+00
2,1522.923738,2025-12-08 00:53:33+00
2,1499.523738,2025-12-08 00:53:34+00
2,1499.623738,2025-12-08 00:53:35+00
2,1497.923738,2025-12-08 00:53:36+00
2,1497.823738,2025-12-08 00:53:37+00
2,1498.723738,2025-12-08 00:53:38+00
2,1502.323738,2025-12-08 00:53:39+00
2,1497.723738,2025-12-08 00:53:40+00
2,1497.823738,2025-12-08 00:53:41+00
2,1497.423738,2025-12-08 00:53:42+00
2,1499.323738,2025-12-08 00:53:43+00
2,1509.823738,2025-12-08 00:53:44+00
2,1508.823738,2025-12-08 00:53:45+00
2,1501.623738,2025-12-08 00:53:46+00
2,1499.223738,2025-12-08 00:53:47+00
2,1500.723738,2025-12-08 00:53:48+00
2,1498.723738,2025-12-08 00:53:49+00
2,1505.223738,2025-12-08 00:53:50+00
2,1506.323738,2025-12-08 00:53:51+00
2,1501.423738,2025-12-08 00:53:52+00
2,1500.423738,2025-12-08 00:53:53+00
2,1500.623738,2025-12-08 00:53:54+00
2,1501.223738,2025-12-08 00:53:55+00
2,1505.023738,2025-12-08 00:53:56+00
2,1498.223738,2025-12-08 00:53:57+00
2,1507.223738,2025-12-08 00:53:58+00
2,1501.123738,2025-12-08 00:53:59+00
2,1502.423738,2025-12-08 00:54:00+00
2,1502.623738,2025-12-08 00:54:01+00
2,1500.523738,2025-12-08 00:54:02+00
2,1500.523738,2025-12-08 00:54:03+00
2,1501.423738,2025-12-08 00:54:04+00
2,1501.323738,2025-12-08 00:54:05+00
2,1499.523738,2025-12-08 00:54:06+00
2,1501.323738,2025-12-08 00:54:07+00
2,1500.723738,2025-12-08 00:54:08+00
2,1499.723738,2025-12-08 00:54:09+00
2,1500.423738,2025-12-08 00:54:10+00
2,1499.923738,2025-12-08 00:54:11+00
2,1495.823738,2025-12-08 00:54:12+00
2,1497.223738,2025-12-08 00:54:13+00
2,1503.723738,2025-12-08 00:54:14+00
2,1499.923738,2025-12-08 00:54:15+00
2,1500.423738,2025-12-08 00:54:16+00
2,1497.923738,2025-12-08 00:54:17+00
2,1497.323738,2025-12-08 00:54:18+00
2,1499.323738,2025-12-08 00:54:19+00
2,1507.523738,2025-12-08 00:54:20+00
2,1501.923738,2025-12-08 00:54:21+00
2,1504.123738,2025-12-08 00:54:22+00
2,1501.223738,2025-12-08 00:54:23+00
2,1497.423738,2025-12-08 00:54:24+00
2,1496.023738,2025-12-08 00:54:25+00
2,1498.423738,2025-12-08 00:54:26+00
2,1496.023738,2025-12-08 00:54:27+00
2,1496.223738,2025-12-08 00:54:28+00
2,1497.523738,2025-12-08 00:54:29+00
2,1503.223738,2025-12-08 00:54:30+00
2,1495.723738,2025-12-08 00:54:31+00
2,1501.123738,2025-12-08 00:54:32+00
2,1494.123738,2025-12-08 00:54:33+00
2,1497.123738,2025-12-08 00:54:34+00
2,1497.423738,2025-12-08 00:54:35+00
2,1504.923738,2025-12-08 00:54:36+00
2,1497.223738,2025-12-08 00:54:37+00
2,1495.923738,2025-12-08 00:54:38+00
2,1494.623738,2025-12-08 00:54:39+00
2,1496.223738,2025-12-08 00:54:40+00
2,1497.023738,2025-12-08 00:54:41+00
2,1497.423738,2025-12-08 00:54:42+00
2,1504.323738,2025-12-08 00:54:43+00
2,1497.423738,2025-12-08 00:54:44+00
2,1495.223738,2025-12-08 00:54:45+00
2,1495.623738,2025-12-08 00:54:46+00
2,1501.923738,2025-12-08 00:54:47+00
2,1499.523738,2025-12-08 00:54:48+00
2,1497.223738,2025-12-08 00:54:49+00
2,1496.223738,2025-12-08 00:54:50+00
2,1496.623738,2025-12-08 00:54:51+00
2,1501.923738,2025-12-08 00:54:52+00
2,1501.323738,2025-12-08 00:54:53+00
2,1497.723738,2025-12-08 00:54:54+00
2,1497.423738,2025-12-08 00:54:55+00
2,1488.523738,2025-12-08 00:54:56+00
2,1497.023738,2025-12-08 00:54:57+00
2,1499.523738,2025-12-08 00:54:58+00
2,1496.723738,2025-12-08 00:54:59+00
2,1499.423738,2025-12-08 00:55:00+00
2,1503.823738,2025-12-08 00:55:01+00
2,1509.923738,2025-12-08 00:55:02+00
2,1506.523738,2025-12-08 00:55:03+00
2,1503.123738,2025-12-08 00:55:04+00
2,1504.823738,2025-12-08 00:55:05+00
2,1496.423738,2025-12-08 00:55:06+00
2,1505.223738,2025-12-08 00:55:07+00
2,1502.723738,2025-12-08 00:55:08+00
2,1502.423738,2025-12-08 00:55:09+00
2,1505.223738,2025-12-08 00:55:10+00
2,1510.323738,2025-12-08 00:55:11+00
2,1505.623738,2025-12-08 00:55:12+00
2,1506.523738,2025-12-08 00:55:13+00
2,1506.023738,2025-12-08 00:55:14+00
2,1504.623738,2025-12-08 00:55:15+00
2,1503.723738,2025-12-08 00:55:16+00
2,1532.723738,2025-12-08 00:55:17+00
2,1502.623738,2025-12-08 00:55:18+00
2,1509.223738,2025-12-08 00:55:19+00
2,1512.023738,2025-12-08 00:55:20+00
2,1506.723738,2025-12-08 00:55:21+00
2,1507.823738,2025-12-08 00:55:22+00
2,1503.823738,2025-12-08 00:55:23+00
2,1499.223738,2025-12-08 00:55:24+00
2,1502.323738,2025-12-08 00:55:25+00
2,1498.823738,2025-12-08 00:55:26+00
2,1499.423738,2025-12-08 00:55:27+00
2,1507.823738,2025-12-08 00:55:28+00
2,1503.023738,2025-12-08 00:55:29+00
2,1501.523738,2025-12-08 00:55:30+00
2,1506.923738,2025-12-08 00:55:31+00
2,1502.423738,2025-12-08 00:55:32+00
2,1500.323738,2025-12-08 00:55:33+00
2,1504.023738,2025-12-08 00:55:34+00
2,1503.623738,2025-12-08 00:55:35+00
2,1503.423738,2025-12-08 00:55:36+00
2,1503.823738,2025-12-08 00:55:37+00
2,1501.423738,2025-12-08 00:55:38+00
2,1497.123738,2025-12-08 00:55:39+00
2,1515.923738,2025-12-08 00:55:40+00
2,1503.823738,2025-12-08 00:55:41+00
2,1504.023738,2025-12-08 00:55:42+00
2,1504.523738,2025-12-08 00:55:43+00
2,1504.723738,2025-12-08 00:55:44+00
2,1515.923738,2025-12-08 00:55:45+00
2,1507.723738,2025-12-08 00:55:46+00
2,1509.323738,2025-12-08 00:55:47+00
2,1502.823738,2025-12-08 00:55:48+00
2,1504.023738,2025-12-08 00:55:49+00
2,1502.123738,2025-12-08 00:55:50+00
2,1505.623738,2025-12-08 00:55:51+00
2,1507.623738,2025-12-08 00:55:52+00
2,1509.223738,2025-12-08 00:55:53+00
2,1500.523738,2025-12-08 00:55:54+00
2,1502.123738,2025-12-08 00:55:55+00
2,1502.123738,2025-12-08 00:55:56+00
2,1502.223738,2025-12-08 00:55:57+00
2,1507.023738,2025-12-08 00:55:58+00
2,1506.723738,2025-12-08 00:55:59+00
2,1517.423738,2025-12-08 00:56:00+00
2,1509.323738,2025-12-08 00:56:01+00
2,1506.323738,2025-12-08 00:56:02+00
2,1505.223738,2025-12-08 00:56:03+00
2,1505.423738,2025-12-08 00:56:04+00
2,1504.023738,2025-12-08 00:56:05+00
2,1502.323738,2025-12-08 00:56:06+00
2,1504.223738,2025-12-08 00:56:07+00
2,1503.223738,2025-12-08 00:56:08+00
2,1503.323738,2025-12-08 00:56:09+00
2,1502.523738,2025-12-08 00:56:10+00
2,1501.123738,2025-12-08 00:56:11+00
2,1509.423738,2025-12-08 00:56:12+00
2,1507.923738,2025-12-08 00:56:13+00
2,1503.323738,2025-12-08 00:56:14+00
2,1501.423738,2025-12-08 00:56:15+00
2,1504.523738,2025-12-08 00:56:16+00
2,1505.223738,2025-12-08 00:56:17+00
2,1506.323738,2025-12-08 00:56:18+00
2,1504.323738,2025-12-08 00:56:19+00
2,1511.923738,2025-12-08 00:56:20+00
2,1507.923738,2025-12-08 00:56:21+00
2,1511.023738,2025-12-08 00:56:22+00
2,1509.323738,2025-12-08 00:56:23+00
2,1506.623738,2025-12-08 00:56:24+00
2,1506.723738,2025-12-08 00:56:25+00
2,1509.523738,2025-12-08 00:56:26+00
2,1502.623738,2025-12-08 00:56:27+00
2,1507.623738,2025-12-08 00:56:28+00
2,1507.423738,2025-12-08 00:56:29+00
2,1507.623738,2025-12-08 00:56:30+00
2,1504.323738,2025-12-08 00:56:31+00
2,1502.323738,2025-12-08 00:56:32+00
2,1507.723738,2025-12-08 00:56:33+00
2,1509.523738,2025-12-08 00:56:34+00
2,1518.223738,2025-12-08 00:56:35+00
2,1513.323738,2025-12-08 00:56:36+00
2,1506.123738,2025-12-08 00:56:37+00
2,1504.323738,2025-12-08 00:56:38+00
2,1512.623738,2025-12-08 00:56:39+00
2,1507.423738,2025-12-08 00:56:40+00
2,1505.123738,2025-12-08 00:56:41+00
2,1505.623738,2025-12-08 00:56:42+00
2,1506.723738,2025-12-08 00:56:43+00
2,1513.223738,2025-12-08 00:56:44+00
2,1507.423738,2025-12-08 00:56:45+00
2,1511.623738,2025-12-08 00:56:46+00
2,1506.423738,2025-12-08 00:56:47+00
2,1507.423738,2025-12-08 00:56:48+00
2,1510.423738,2025-12-08 00:56:49+00
2,1508.323738,2025-12-08 00:56:50+00
2,1505.523738,2025-12-08 00:56:51+00
2,1505.423738,2025-12-08 00:56:52+00
2,1505.723738,2025-12-08 00:56:53+00
2,1506.923738,2025-12-08 00:56:54+00
2,1509.223738,2025-12-08 00:56:55+00
2,1506.923738,2025-12-08 00:56:56+00
2,1506.723738,2025-12-08 00:56:57+00
2,1507.723738,2025-12-08 00:56:58+00
2,1512.123738,2025-12-08 00:56:59+00
2,1513.023738,2025-12-08 00:57:00+00
2,1515.123738,2025-12-08 00:57:01+00
2,1514.023738,2025-12-08 00:57:02+00
2,1512.623738,2025-12-08 00:57:03+00
2,1515.323738,2025-12-08 00:57:04+00
2,1520.323738,2025-12-08 00:57:05+00
2,1520.123738,2025-12-08 00:57:06+00
2,1509.023738,2025-12-08 00:57:07+00
2,1507.923738,2025-12-08 00:57:08+00
2,1512.523738,2025-12-08 00:57:09+00
2,1516.423738,2025-12-08 00:57:10+00
2,1511.623738,2025-12-08 00:57:11+00
2,1512.723738,2025-12-08 00:57:12+00
2,1528.723738,2025-12-08 00:57:13+00
2,1513.223738,2025-12-08 00:57:14+00
2,1515.223738,2025-12-08 00:57:15+00
2,1512.523738,2025-12-08 00:57:16+00
2,1512.323738,2025-12-08 00:57:17+00
2,1514.923738,2025-12-08 00:57:18+00
2,1513.823738,2025-12-08 00:57:19+00
2,1519.523738,2025-12-08 00:57:20+00
2,1522.923738,2025-12-08 00:57:21+00
2,1521.123738,2025-12-08 00:57:22+00
2,1519.523738,2025-12-08 00:57:23+00
2,1513.823738,2025-12-08 00:57:24+00
2,1513.223738,2025-12-08 00:57:25+00
2,1518.323738,2025-12-08 00:57:26+00
2,1515.623738,2025-12-08 00:57:27+00
2,1515.923738,2025-12-08 00:57:28+00
2,1515.123738,2025-12-08 00:57:29+00
2,1514.123738,2025-12-08 00:57:30+00
2,1520.423738,2025-12-08 00:57:31+00
2,1524.923738,2025-12-08 00:57:32+00
2,1521.223738,2025-12-08 00:57:33+00
2,1540.023738,2025-12-08 00:57:34+00
2,1524.323738,2025-12-08 00:57:35+00
2,1519.923738,2025-12-08 00:57:36+00
2,1523.323738,2025-12-08 00:57:37+00
2,1523.623738,2025-12-08 00:57:38+00
2,1523.223738,2025-12-08 00:57:39+00
2,1522.623738,2025-12-08 00:57:40+00
2,1525.023738,2025-12-08 00:57:41+00
2,1524.223738,2025-12-08 00:57:42+00
2,1526.223738,2025-12-08 00:57:43+00
2,1527.023738,2025-12-08 00:57:44+00
2,1526.723738,2025-12-08 00:57:45+00
2,1524.123738,2025-12-08 00:57:46+00
2,1525.123738,2025-12-08 00:57:47+00
2,1522.623738,2025-12-08 00:57:48+00
2,1522.123738,2025-12-08 00:57:49+00
2,1528.223738,2025-12-08 00:57:50+00
2,1526.223738,2025-12-08 00:57:51+00
2,1522.523738,2025-12-08 00:57:52+00
2,1523.723738,2025-12-08 00:57:53+00
2,1524.523738,2025-12-08 00:57:54+00
2,1524.923738,2025-12-08 00:57:55+00
2,1525.623738,2025-12-08 00:57:56+00
2,1522.823738,2025-12-08 00:57:57+00
2,1534.023738,2025-12-08 00:57:58+00
2,1532.023738,2025-12-08 00:57:59+00
2,1527.423738,2025-12-08 00:58:00+00
2,1537.123738,2025-12-08 00:58:01+00
2,1530.623738,2025-12-08 00:58:02+00
2,1549.023738,2025-12-08 00:58:03+00
2,1531.123738,2025-12-08 00:58:04+00
2,1529.523738,2025-12-08 00:58:05+00
2,1528.523738,2025-12-08 00:58:06+00
2,1532.523738,2025-12-08 00:58:07+00
2,1530.923738,2025-12-08 00:58:08+00
2,1528.723738,2025-12-08 00:58:09+00
2,1529.323738,2025-12-08 00:58:10+00
2,1529.723738,2025-12-08 00:58:11+00
2,1533.723738,2025-12-08 00:58:12+00
2,1540.323738,2025-12-08 00:58:13+00
2,1531.623738,2025-12-08 00:58:14+00
2,1530.623738,2025-12-08 00:58:15+00
2,1532.923738,2025-12-08 00:58:16+00
2,1528.323738,2025-12-08 00:58:17+00
2,1531.323738,2025-12-08 00:58:18+00
2,1547.323738,2025-12-08 00:58:19+00
2,1572.423738,2025-12-08 00:58:20+00
2,1539.923738,2025-12-08 00:58:21+00
2,1554.823738,2025-12-08 00:58:22+00
2,1541.423738,2025-12-08 00:58:23+00
2,1539.623738,2025-12-08 00:58:24+00
2,1540.223738,2025-12-08 00:58:25+00
2,1535.523738,2025-12-08 00:58:26+00
2,1532.723738,2025-12-08 00:58:27+00
2,1538.723738,2025-12-08 00:58:28+00
2,1542.223738,2025-12-08 00:58:29+00
2,1541.423738,2025-12-08 00:58:30+00
2,1541.823738,2025-12-08 00:58:31+00
2,1541.223738,2025-12-08 00:58:32+00
2,1538.623738,2025-12-08 00:58:33+00
2,1543.323738,2025-12-08 00:58:34+00
2,1545.523738,2025-12-08 00:58:35+00
2,1544.223738,2025-12-08 00:58:36+00
2,1546.823738,2025-12-08 00:58:37+00
2,1547.723738,2025-12-08 00:58:38+00
2,1546.123738,2025-12-08 00:58:39+00
2,1565.723738,2025-12-08 00:58:40+00
2,1549.823738,2025-12-08 00:58:41+00
2,1539.123738,2025-12-08 00:58:42+00
2,1547.323738,2025-12-08 00:58:43+00
2,1543.223738,2025-12-08 00:58:44+00
2,1545.023738,2025-12-08 00:58:45+00
2,1558.923738,2025-12-08 00:58:46+00
2,1544.223738,2025-12-08 00:58:47+00
2,1547.023738,2025-12-08 00:58:48+00
2,1545.223738,2025-12-08 00:58:49+00
2,1544.523738,2025-12-08 00:58:50+00
2,1549.623738,2025-12-08 00:58:51+00
2,1546.223738,2025-12-08 00:58:52+00
2,1547.223738,2025-12-08 00:58:53+00
2,1546.823738,2025-12-08 00:58:54+00
2,1550.423738,2025-12-08 00:58:55+00
2,1555.423738,2025-12-08 00:58:56+00
2,1548.523738,2025-12-08 00:58:57+00
2,1560.723738,2025-12-08 00:58:58+00
2,1550.523738,2025-12-08 00:58:59+00
2,1550.723738,2025-12-08 00:59:00+00
2,1558.323738,2025-12-08 00:59:01+00
2,1554.023738,2025-12-08 00:59:02+00
2,1554.323738,2025-12-08 00:59:03+00
2,1557.023738,2025-12-08 00:59:04+00
2,1552.723738,2025-12-08 00:59:05+00
2,1555.723738,2025-12-08 00:59:06+00
2,1567.223738,2025-12-08 00:59:07+00
2,1558.223738,2025-12-08 00:59:08+00
2,1556.023738,2025-12-08 00:59:09+00
2,1559.323738,2025-12-08 00:59:10+00
2,1558.023738,2025-12-08 00:59:11+00
2,1560.623738,2025-12-08 00:59:12+00
2,1567.523738,2025-12-08 00:59:13+00
2,1565.623738,2025-12-08 00:59:14+00
2,1558.623738,2025-12-08 00:59:15+00
2,1561.023738,2025-12-08 00:59:16+00
2,1561.323738,2025-12-08 00:59:17+00
2,1563.023738,2025-12-08 00:59:18+00
2,1565.423738,2025-12-08 00:59:19+00
2,1570.323738,2025-12-08 00:59:20+00
2,1569.623738,2025-12-08 00:59:21+00
2,1570.423738,2025-12-08 00:59:22+00
2,1562.123738,2025-12-08 00:59:23+00
2,1563.123738,2025-12-08 00:59:24+00
2,1565.723738,2025-12-08 00:59:25+00
2,1563.523738,2025-12-08 00:59:26+00
2,1572.923738,2025-12-08 00:59:27+00
2,1572.223738,2025-12-08 00:59:28+00
2,1565.623738,2025-12-08 00:59:29+00
2,1564.323738,2025-12-08 00:59:30+00
2,1565.923738,2025-12-08 00:59:31+00
2,1566.823738,2025-12-08 00:59:32+00
2,1573.623738,2025-12-08 00:59:33+00
2,1568.023738,2025-12-08 00:59:34+00
2,1583.623738,2025-12-08 00:59:35+00
2,1566.623738,2025-12-08 00:59:36+00
2,1567.823738,2025-12-08 00:59:37+00
2,1568.123738,2025-12-08 00:59:38+00
2,1568.023738,2025-12-08 00:59:39+00
2,1573.723738,2025-12-08 00:59:40+00
2,1574.823738,2025-12-08 00:59:41+00
2,1568.923738,2025-12-08 00:59:42+00
2,1576.923738,2025-12-08 00:59:43+00
2,1574.623738,2025-12-08 00:59:44+00
2,1573.523738,2025-12-08 00:59:45+00
2,1568.023738,2025-12-08 00:59:46+00
2,1568.723738,2025-12-08 00:59:47+00
2,1571.723738,2025-12-08 00:59:48+00
2,1575.923738,2025-12-08 00:59:49+00
2,1574.223738,2025-12-08 00:59:50+00
2,1597.223738,2025-12-08 00:59:51+00
2,1572.723738,2025-12-08 00:59:52+00
2,1571.223738,2025-12-08 00:59:53+00
2,1574.623738,2025-12-08 00:59:54+00
2,1573.423738,2025-12-08 00:59:55+00
2,1572.623738,2025-12-08 00:59:56+00
2,1572.323738,2025-12-08 00:59:57+00
2,1576.923738,2025-12-08 00:59:58+00
2,1591.523738,2025-12-08 00:59:59+00
