2026-06-01 10:27:31.324 INFO  [139859411644544] Client:86 | Subscribing on Topic :device1_model_consume
2026-06-01 10:27:31.324 INFO  [139859411644544] ClientConnection:196 | [<none> -> pulsar://localhost:6650] Create ClientConnection, timeout=10000
2026-06-01 10:27:31.324 INFO  [139859411644544] ConnectionPool:125 | Created connection for pulsar://localhost:6650-pulsar://localhost:6650-0
2026-06-01 10:27:31.325 INFO  [139858882328256] ClientConnection:416 | [127.0.0.1:55022 -> 127.0.0.1:6650] Connected to broker
2026-06-01 10:27:31.327 INFO  [139858882328256] HandlerBase:112 | [persistent://public/default/device1_model_consume, pythonSubscription, 0] Getting connection from pool
2026-06-01 10:27:31.327 INFO  [139858882328256] BinaryProtoLookupService:85 | Lookup response for persistent://public/default/device1_model_consume, lookup-broker-url pulsar://localhost:6650, from [127.0.0.1:55022 -> 127.0.0.1:6650] 
2026-06-01 10:27:31.340 INFO  [139858882328256] ConsumerImpl:337 | [persistent://public/default/device1_model_consume, pythonSubscription, 0] Created consumer on broker [127.0.0.1:55022 -> 127.0.0.1:6650] 
2026-06-01 10:27:31.341 INFO  [139858882328256] HandlerBase:134 | Finished connecting to broker after 13 ms
Coordinator service started

Database connection established
Dropped table device1_actualvalues
Table device1_actualvalues created successfully

No new messages received yet.Trying again...
No new messages received yet.Trying again...
No new messages received yet.Trying again...
No new messages received yet.Trying again...
No new messages received yet.Trying again...
No new messages received yet.Trying again...
No new messages received yet.Trying again...
No new messages received yet.Trying again...
No new messages received yet.Trying again...
No new messages received yet.Trying again...
No new messages received yet.Trying again...
No new messages received yet.Trying again...
No new messages received yet.Trying again...
No new messages received yet.Trying again...
No new messages received yet.Trying again...
No new messages received yet.Trying again...
No new messages received yet.Trying again...
No new messages received yet.Trying again...
No new messages received yet.Trying again...
No new messages received yet.Trying again...
No new messages received yet.Trying again...
No new messages received yet.Trying again...
No new messages received yet.Trying again...
No new messages received yet.Trying again...
No new messages received yet.Trying again...
No new messages received yet.Trying again...
No new messages received yet.Trying again...
No new messages received yet.Trying again...
No new messages received yet.Trying again...
No new messages received yet.Trying again...
No new messages received yet.Trying again...
No new messages received yet.Trying again...
No new messages received yet.Trying again...
No new messages received yet.Trying again...
No new messages received yet.Trying again...
No new messages received yet.Trying again...
No new messages received yet.Trying again...
No new messages received yet.Trying again...
No new messages received yet.Trying again...
No new messages received yet.Trying again...
No new messages received yet.Trying again...
No new messages received yet.Trying again...
No new messages received yet.Trying again...
No new messages received yet.Trying again...
No new messages received yet.Trying again...
No new messages received yet.Trying again...
No new messages received yet.Trying again...
No new messages received yet.Trying again...
No new messages received yet.Trying again...
No new messages received yet.Trying again...
No new messages received yet.Trying again...
No new messages received yet.Trying again...
No new messages received yet.Trying again...
No new messages received yet.Trying again...
No new messages received yet.Trying again...
No new messages received yet.Trying again...
No new messages received yet.Trying again...
No new messages received yet.Trying again...
No new messages received yet.Trying again...
No new messages received yet.Trying again...
No new messages received yet.Trying again...
No new messages received yet.Trying again...
No new messages received yet.Trying again...
No new messages received yet.Trying again...

Actual data inserted to database
No retrain triggered
Triggering forecasting

Forecasting.py script logs
Database connection established
Dropped table device1_forecastedvalues
Table device1_forecastedvalues created successfully

Value of --retrain flag: False

Forecasting for initial model using device1/initial/device1.keras and device1/initial/scaler.save
Successfully downloaded model and scaler from S3

Actual values fetched from database
    sensor_id  sensor_energy_value    sensor_timestamp  message_delay  computed_value
0           1              699.600 2025-12-08 00:00:00       52616.00   NO
1           1              710.800 2025-12-08 00:00:01       51614.00   NO
2           1              695.300 2025-12-08 00:00:02       50613.00   NO
3           1              695.300 2025-12-08 00:00:03       54620.00   NO
4           1              693.700 2025-12-08 00:00:04       53617.00   NO
5           1              695.200 2025-12-08 00:00:05       32581.00   NO
6           1              694.900 2025-12-08 00:00:06       31580.00   NO
7           1              694.400 2025-12-08 00:00:07       30578.00   NO
8           1              693.600 2025-12-08 00:00:08       29576.00   NO
9           1              700.200 2025-12-08 00:00:09       28574.00   NO
10          1              702.300 2025-12-08 00:00:10       27573.00   NO
11          1              694.800 2025-12-08 00:00:11       49611.00   NO
12          1              694.700 2025-12-08 00:00:12       48609.00   NO
13          1              693.100 2025-12-08 00:00:13       47607.00   NO
14          1              695.300 2025-12-08 00:00:14       46605.00   NO
15          1              693.700 2025-12-08 00:00:15       45604.00   NO
16          1              694.500 2025-12-08 00:00:16       44602.00   NO
17          1              694.600 2025-12-08 00:00:17       43600.00   NO
18          1              696.100 2025-12-08 00:00:18       42599.00   NO
19          1              708.900 2025-12-08 00:00:19       26571.00   NO
20          1              697.900 2025-12-08 00:00:20       25569.00   NO
21          1              701.400 2025-12-08 00:00:21       24568.00   NO
22          1              695.000 2025-12-08 00:00:22       23567.00   NO
23          1              695.600 2025-12-08 00:00:23       22566.00   NO
24          1              695.700 2025-12-08 00:00:24       21565.00   NO
25          1              690.800 2025-12-08 00:00:25       20563.00   NO
26          1              693.200 2025-12-08 00:00:26       19561.00   NO
27          1              713.700 2025-12-08 00:00:27       18560.00   NO
28          1              695.100 2025-12-08 00:00:28       41597.00   NO
29          1              694.100 2025-12-08 00:00:29       40595.00   NO
30          1              691.400 2025-12-08 00:00:30       39594.00   NO
31          1              690.400 2025-12-08 00:00:31       38592.00   NO
32          1              695.300 2025-12-08 00:00:32       37590.00   NO
33          1              827.100 2025-12-08 00:00:33       36588.00   NO
34          1              797.300 2025-12-08 00:00:34       35586.00   NO
35          1              803.600 2025-12-08 00:00:35       34584.00   NO
36          1              796.700 2025-12-08 00:00:36       17559.00   NO
37          1              704.400 2025-12-08 00:00:37       16557.00   NO
38          1              792.700 2025-12-08 00:00:38       15556.00   NO
39          1              850.300 2025-12-08 00:00:39       14554.00   NO
40          1              808.500 2025-12-08 00:00:40       13552.00   NO
41          1              810.800 2025-12-08 00:00:41       12551.00   NO
42          1              731.238 2025-12-08 00:00:42       30078.46  YES
43          1              731.238 2025-12-08 00:00:43       30078.46  YES
44          1              797.100 2025-12-08 00:00:44       33582.00   NO
45          1              794.500 2025-12-08 00:00:45       11550.00   NO
46          1              799.000 2025-12-08 00:00:46       10549.00   NO
47          1              795.600 2025-12-08 00:00:47        9547.00   NO
48          1              799.200 2025-12-08 00:00:48        8545.00   NO
49          1              795.900 2025-12-08 00:00:49        7544.00   NO
50          1              797.500 2025-12-08 00:00:50        6542.00   NO
51          1              801.100 2025-12-08 00:00:51        5540.00   NO
52          1              731.238 2025-12-08 00:00:52       30078.46  YES
53          1              731.238 2025-12-08 00:00:53       30078.46  YES
54          1              731.238 2025-12-08 00:00:54       30078.46  YES
55          1              731.238 2025-12-08 00:00:55       30078.46  YES
56          1              731.238 2025-12-08 00:00:56       30078.46  YES
57          1              731.238 2025-12-08 00:00:57       30078.46  YES
58          1              731.238 2025-12-08 00:00:58       30078.46  YES
59          1              731.238 2025-12-08 00:00:59       30078.46  YES
Forecasted values:
    sensor_id  sensor_energy_value_prediction    sensor_timestamp
0           1                      840.105164 2025-12-08 00:01:00
1           1                      866.984436 2025-12-08 00:01:01
2           1                      898.753052 2025-12-08 00:01:02
3           1                      933.780701 2025-12-08 00:01:03
4           1                      970.430847 2025-12-08 00:01:04
5           1                     1007.208252 2025-12-08 00:01:05
6           1                     1042.752563 2025-12-08 00:01:06
7           1                     1075.861816 2025-12-08 00:01:07
8           1                     1105.539429 2025-12-08 00:01:08
9           1                     1131.046631 2025-12-08 00:01:09
10          1                     1151.947388 2025-12-08 00:01:10
11          1                     1168.129395 2025-12-08 00:01:11
12          1                     1179.792725 2025-12-08 00:01:12
13          1                     1187.406860 2025-12-08 00:01:13
14          1                     1191.642212 2025-12-08 00:01:14
15          1                     1193.287231 2025-12-08 00:01:15
16          1                     1193.164429 2025-12-08 00:01:16
17          1                     1192.056763 2025-12-08 00:01:17
18          1                     1190.648926 2025-12-08 00:01:18
19          1                     1189.492188 2025-12-08 00:01:19
20          1                     1188.985840 2025-12-08 00:01:20
21          1                     1189.378540 2025-12-08 00:01:21
22          1                     1190.780884 2025-12-08 00:01:22
23          1                     1193.186401 2025-12-08 00:01:23
24          1                     1196.498413 2025-12-08 00:01:24
25          1                     1200.556030 2025-12-08 00:01:25
26          1                     1205.161133 2025-12-08 00:01:26
27          1                     1210.101318 2025-12-08 00:01:27
28          1                     1215.169312 2025-12-08 00:01:28
29          1                     1220.179810 2025-12-08 00:01:29
30          1                     1224.979614 2025-12-08 00:01:30
31          1                     1229.454346 2025-12-08 00:01:31
32          1                     1233.530884 2025-12-08 00:01:32
33          1                     1237.176392 2025-12-08 00:01:33
34          1                     1240.393433 2025-12-08 00:01:34
35          1                     1243.214111 2025-12-08 00:01:35
36          1                     1245.692017 2025-12-08 00:01:36
37          1                     1247.893677 2025-12-08 00:01:37
38          1                     1249.891602 2025-12-08 00:01:38
39          1                     1251.756226 2025-12-08 00:01:39
40          1                     1253.551392 2025-12-08 00:01:40
41          1                     1255.330811 2025-12-08 00:01:41
42          1                     1257.134766 2025-12-08 00:01:42
43          1                     1258.989258 2025-12-08 00:01:43
44          1                     1260.908081 2025-12-08 00:01:44
45          1                     1262.892944 2025-12-08 00:01:45
46          1                     1264.936279 2025-12-08 00:01:46
47          1                     1267.023438 2025-12-08 00:01:47
48          1                     1269.136108 2025-12-08 00:01:48
49          1                     1271.253418 2025-12-08 00:01:49
50          1                     1273.355713 2025-12-08 00:01:50
51          1                     1275.425293 2025-12-08 00:01:51
52          1                     1277.447632 2025-12-08 00:01:52
53          1                     1279.412598 2025-12-08 00:01:53
54          1                     1281.314331 2025-12-08 00:01:54
55          1                     1283.151123 2025-12-08 00:01:55
56          1                     1284.925293 2025-12-08 00:01:56
57          1                     1286.641479 2025-12-08 00:01:57
58          1                     1288.306763 2025-12-08 00:01:58
59          1                     1289.929932 2025-12-08 00:01:59
Forecasted values inserted into database
Exiting forecasting script

No new messages received yet.Trying again...
No new messages received yet.Trying again...
No new messages received yet.Trying again...
No new messages received yet.Trying again...
No new messages received yet.Trying again...
No new messages received yet.Trying again...
No new messages received yet.Trying again...
No new messages received yet.Trying again...
No new messages received yet.Trying again...
No new messages received yet.Trying again...
No new messages received yet.Trying again...
No new messages received yet.Trying again...
No new messages received yet.Trying again...
No new messages received yet.Trying again...
No new messages received yet.Trying again...
No new messages received yet.Trying again...
No new messages received yet.Trying again...
No new messages received yet.Trying again...
No new messages received yet.Trying again...
No new messages received yet.Trying again...
No new messages received yet.Trying again...
No new messages received yet.Trying again...
No new messages received yet.Trying again...
No new messages received yet.Trying again...
No new messages received yet.Trying again...
No new messages received yet.Trying again...
No new messages received yet.Trying again...
No new messages received yet.Trying again...
No new messages received yet.Trying again...
No new messages received yet.Trying again...
No new messages received yet.Trying again...
No new messages received yet.Trying again...
No new messages received yet.Trying again...
No new messages received yet.Trying again...
No new messages received yet.Trying again...

Actual data inserted to database
No retrain triggered
Triggering forecasting

Forecasting.py script logs
Database connection established
Value of --retrain flag: False

Forecasting for initial model using device1/initial/device1.keras and device1/initial/scaler.save
Successfully downloaded model and scaler from S3

Actual values fetched from database
    sensor_id  sensor_energy_value    sensor_timestamp  message_delay  computed_value
0           1          1203.753125 2025-12-08 00:01:00     28868.6875  YES
1           1          1203.753125 2025-12-08 00:01:01     28868.6875  YES
2           1          1203.753125 2025-12-08 00:01:02     28868.6875  YES
3           1          1203.753125 2025-12-08 00:01:03     28868.6875  YES
4           1           801.000000 2025-12-08 00:01:04     44390.0000   NO
5           1          1026.400000 2025-12-08 00:01:05     43388.0000   NO
6           1          1181.000000 2025-12-08 00:01:06     42386.0000   NO
7           1          1017.900000 2025-12-08 00:01:07     41384.0000   NO
8           1           998.600000 2025-12-08 00:01:08     40383.0000   NO
9           1          1076.100000 2025-12-08 00:01:09     39381.0000   NO
10          1          1009.100000 2025-12-08 00:01:10     38380.0000   NO
11          1          1203.753125 2025-12-08 00:01:11     28868.6875  YES
12          1          1203.753125 2025-12-08 00:01:12     28868.6875  YES
13          1          1203.753125 2025-12-08 00:01:13     28868.6875  YES
14          1          1203.753125 2025-12-08 00:01:14     28868.6875  YES
15          1          1203.753125 2025-12-08 00:01:15     28868.6875  YES
16          1          1203.753125 2025-12-08 00:01:16     28868.6875  YES
17          1          1203.753125 2025-12-08 00:01:17     28868.6875  YES
18          1          1203.753125 2025-12-08 00:01:18     28868.6875  YES
19          1          1231.600000 2025-12-08 00:01:19     37379.0000   NO
20          1          1241.700000 2025-12-08 00:01:20     36378.0000   NO
21          1          1244.700000 2025-12-08 00:01:21     35377.0000   NO
22          1          1240.000000 2025-12-08 00:01:22     34375.0000   NO
23          1          1247.000000 2025-12-08 00:01:23     33374.0000   NO
24          1          1251.800000 2025-12-08 00:01:24     32372.0000   NO
25          1          1247.700000 2025-12-08 00:01:25     31370.0000   NO
26          1          1245.200000 2025-12-08 00:01:26     30369.0000   NO
27          1          1251.200000 2025-12-08 00:01:27     29368.0000   NO
28          1          1250.800000 2025-12-08 00:01:28     28368.0000   NO
29          1          1253.000000 2025-12-08 00:01:29     27367.0000   NO
30          1          1203.753125 2025-12-08 00:01:30     28868.6875  YES
31          1          1203.753125 2025-12-08 00:01:31     28868.6875  YES
32          1          1203.753125 2025-12-08 00:01:32     28868.6875  YES
33          1          1203.753125 2025-12-08 00:01:33     28868.6875  YES
34          1          1203.753125 2025-12-08 00:01:34     28868.6875  YES
35          1          1203.753125 2025-12-08 00:01:35     28868.6875  YES
36          1          1203.753125 2025-12-08 00:01:36     28868.6875  YES
37          1          1203.753125 2025-12-08 00:01:37     28868.6875  YES
38          1          1243.800000 2025-12-08 00:01:38     26366.0000   NO
39          1          1248.700000 2025-12-08 00:01:39     25365.0000   NO
40          1          1249.900000 2025-12-08 00:01:40     24363.0000   NO
41          1          1249.900000 2025-12-08 00:01:41     23362.0000   NO
42          1          1255.700000 2025-12-08 00:01:42     22361.0000   NO
43          1          1259.200000 2025-12-08 00:01:43     21360.0000   NO
44          1          1257.600000 2025-12-08 00:01:44     20359.0000   NO
45          1          1266.000000 2025-12-08 00:01:45     19358.0000   NO
46          1          1203.753125 2025-12-08 00:01:46     28868.6875  YES
47          1          1203.753125 2025-12-08 00:01:47     28868.6875  YES
48          1          1203.753125 2025-12-08 00:01:48     28868.6875  YES
49          1          1203.753125 2025-12-08 00:01:49     28868.6875  YES
50          1          1203.753125 2025-12-08 00:01:50     28868.6875  YES
51          1          1203.753125 2025-12-08 00:01:51     28868.6875  YES
52          1          1203.753125 2025-12-08 00:01:52     28868.6875  YES
53          1          1203.753125 2025-12-08 00:01:53     28868.6875  YES
54          1          1274.600000 2025-12-08 00:01:54     18357.0000   NO
55          1          1273.100000 2025-12-08 00:01:55     17355.0000   NO
56          1          1273.500000 2025-12-08 00:01:56     16353.0000   NO
57          1          1279.100000 2025-12-08 00:01:57     15351.0000   NO
58          1          1277.100000 2025-12-08 00:01:58     14350.0000   NO
59          1          1297.100000 2025-12-08 00:01:59     13349.0000   NO
Forecasted values:
    sensor_id  sensor_energy_value_prediction    sensor_timestamp
0           1                     1300.768677 2025-12-08 00:02:00
1           1                     1301.312744 2025-12-08 00:02:01
2           1                     1300.050415 2025-12-08 00:02:02
3           1                     1297.587158 2025-12-08 00:02:03
4           1                     1294.525391 2025-12-08 00:02:04
5           1                     1291.394531 2025-12-08 00:02:05
6           1                     1288.630005 2025-12-08 00:02:06
7           1                     1286.542847 2025-12-08 00:02:07
8           1                     1285.320068 2025-12-08 00:02:08
9           1                     1285.039673 2025-12-08 00:02:09
10          1                     1285.682861 2025-12-08 00:02:10
11          1                     1287.153320 2025-12-08 00:02:11
12          1                     1289.305542 2025-12-08 00:02:12
13          1                     1291.959961 2025-12-08 00:02:13
14          1                     1294.928589 2025-12-08 00:02:14
15          1                     1298.031250 2025-12-08 00:02:15
16          1                     1301.109131 2025-12-08 00:02:16
17          1                     1304.034180 2025-12-08 00:02:17
18          1                     1306.713379 2025-12-08 00:02:18
19          1                     1309.091553 2025-12-08 00:02:19
20          1                     1311.148560 2025-12-08 00:02:20
21          1                     1312.894409 2025-12-08 00:02:21
22          1                     1314.363281 2025-12-08 00:02:22
23          1                     1315.606323 2025-12-08 00:02:23
24          1                     1316.684082 2025-12-08 00:02:24
25          1                     1317.659546 2025-12-08 00:02:25
26          1                     1318.592896 2025-12-08 00:02:26
27          1                     1319.535889 2025-12-08 00:02:27
28          1                     1320.530029 2025-12-08 00:02:28
29          1                     1321.604614 2025-12-08 00:02:29
30          1                     1322.776489 2025-12-08 00:02:30
31          1                     1324.050659 2025-12-08 00:02:31
32          1                     1325.423096 2025-12-08 00:02:32
33          1                     1326.882080 2025-12-08 00:02:33
34          1                     1328.411011 2025-12-08 00:02:34
35          1                     1329.990234 2025-12-08 00:02:35
36          1                     1331.599487 2025-12-08 00:02:36
37          1                     1333.220337 2025-12-08 00:02:37
38          1                     1334.837036 2025-12-08 00:02:38
39          1                     1336.437744 2025-12-08 00:02:39
40          1                     1338.013916 2025-12-08 00:02:40
41          1                     1339.561279 2025-12-08 00:02:41
42          1                     1341.079590 2025-12-08 00:02:42
43          1                     1342.571533 2025-12-08 00:02:43
44          1                     1344.042480 2025-12-08 00:02:44
45          1                     1345.499023 2025-12-08 00:02:45
46          1                     1346.948853 2025-12-08 00:02:46
47          1                     1348.399170 2025-12-08 00:02:47
48          1                     1349.857300 2025-12-08 00:02:48
49          1                     1351.329956 2025-12-08 00:02:49
50          1                     1352.821411 2025-12-08 00:02:50
51          1                     1354.335449 2025-12-08 00:02:51
52          1                     1355.874512 2025-12-08 00:02:52
53          1                     1357.439331 2025-12-08 00:02:53
54          1                     1359.030273 2025-12-08 00:02:54
55          1                     1360.646851 2025-12-08 00:02:55
56          1                     1362.287476 2025-12-08 00:02:56
57          1                     1363.950684 2025-12-08 00:02:57
58          1                     1365.635498 2025-12-08 00:02:58
59          1                     1367.340820 2025-12-08 00:02:59
Forecasted values inserted into database
Exiting forecasting script

No new messages received yet.Trying again...
No new messages received yet.Trying again...
No new messages received yet.Trying again...
No new messages received yet.Trying again...
No new messages received yet.Trying again...
No new messages received yet.Trying again...
No new messages received yet.Trying again...
No new messages received yet.Trying again...
No new messages received yet.Trying again...
No new messages received yet.Trying again...
No new messages received yet.Trying again...
No new messages received yet.Trying again...
No new messages received yet.Trying again...
No new messages received yet.Trying again...
No new messages received yet.Trying again...
No new messages received yet.Trying again...
No new messages received yet.Trying again...
No new messages received yet.Trying again...
No new messages received yet.Trying again...
No new messages received yet.Trying again...
No new messages received yet.Trying again...
No new messages received yet.Trying again...
No new messages received yet.Trying again...
No new messages received yet.Trying again...
No new messages received yet.Trying again...
No new messages received yet.Trying again...
No new messages received yet.Trying again...
No new messages received yet.Trying again...
No new messages received yet.Trying again...
No new messages received yet.Trying again...
No new messages received yet.Trying again...
No new messages received yet.Trying again...
No new messages received yet.Trying again...
No new messages received yet.Trying again...
No new messages received yet.Trying again...
No new messages received yet.Trying again...
No new messages received yet.Trying again...
No new messages received yet.Trying again...
No new messages received yet.Trying again...
No new messages received yet.Trying again...
No new messages received yet.Trying again...
No new messages received yet.Trying again...
No new messages received yet.Trying again...
No new messages received yet.Trying again...
No new messages received yet.Trying again...
No new messages received yet.Trying again...
No new messages received yet.Trying again...
No new messages received yet.Trying again...
No new messages received yet.Trying again...
No new messages received yet.Trying again...
No new messages received yet.Trying again...
No new messages received yet.Trying again...
No new messages received yet.Trying again...
No new messages received yet.Trying again...
No new messages received yet.Trying again...
No new messages received yet.Trying again...
No new messages received yet.Trying again...
No new messages received yet.Trying again...
No new messages received yet.Trying again...
No new messages received yet.Trying again...
No new messages received yet.Trying again...
No new messages received yet.Trying again...
No new messages received yet.Trying again...
No new messages received yet.Trying again...
No new messages received yet.Trying again...

Actual data inserted to database
No retrain triggered
Triggering forecasting

Forecasting.py script logs
Database connection established
Value of --retrain flag: False

Forecasting for initial model using device1/initial/device1.keras and device1/initial/scaler.save
Successfully downloaded model and scaler from S3

Actual values fetched from database
    sensor_id  sensor_energy_value    sensor_timestamp  message_delay  computed_value
0           1          1279.100000 2025-12-08 00:02:00   82396.000000   NO
1           1          1272.200000 2025-12-08 00:02:01   81394.000000   NO
2           1          1270.800000 2025-12-08 00:02:02   44337.000000   NO
3           1          1271.800000 2025-12-08 00:02:03   43335.000000   NO
4           1          1271.300000 2025-12-08 00:02:04   42334.000000   NO
5           1          1270.700000 2025-12-08 00:02:05   41332.000000   NO
6           1          1272.900000 2025-12-08 00:02:06   40330.000000   NO
7           1          1276.500000 2025-12-08 00:02:07   39329.000000   NO
8           1          1268.700000 2025-12-08 00:02:08   38325.000000   NO
9           1          1272.571429 2025-12-08 00:02:09   35208.828571  YES
10          1          1270.300000 2025-12-08 00:02:10   80392.000000   NO
11          1          1266.600000 2025-12-08 00:02:11   79391.000000   NO
12          1          1271.500000 2025-12-08 00:02:12   37324.000000   NO
13          1          1267.800000 2025-12-08 00:02:13   36322.000000   NO
14          1          1268.800000 2025-12-08 00:02:14   35321.000000   NO
15          1          1288.200000 2025-12-08 00:02:15   34320.000000   NO
16          1          1267.600000 2025-12-08 00:02:16   33319.000000   NO
17          1          1271.800000 2025-12-08 00:02:17   32317.000000   NO
18          1          1272.500000 2025-12-08 00:02:18   31316.000000   NO
19          1          1277.300000 2025-12-08 00:02:19   30315.000000   NO
20          1          1277.500000 2025-12-08 00:02:20   29314.000000   NO
21          1          1280.700000 2025-12-08 00:02:21   28313.000000   NO
22          1          1274.700000 2025-12-08 00:02:22   27312.000000   NO
23          1          1272.571429 2025-12-08 00:02:23   35208.828571  YES
24          1          1272.571429 2025-12-08 00:02:24   35208.828571  YES
25          1          1272.571429 2025-12-08 00:02:25   35208.828571  YES
26          1          1272.571429 2025-12-08 00:02:26   35208.828571  YES
27          1          1272.571429 2025-12-08 00:02:27   35208.828571  YES
28          1          1272.571429 2025-12-08 00:02:28   35208.828571  YES
29          1          1272.571429 2025-12-08 00:02:29   35208.828571  YES
30          1          1272.571429 2025-12-08 00:02:30   35208.828571  YES
31          1          1272.571429 2025-12-08 00:02:31   35208.828571  YES
32          1          1272.571429 2025-12-08 00:02:32   35208.828571  YES
33          1          1272.571429 2025-12-08 00:02:33   35208.828571  YES
34          1          1272.571429 2025-12-08 00:02:34   35208.828571  YES
35          1          1272.571429 2025-12-08 00:02:35   35208.828571  YES
36          1          1272.571429 2025-12-08 00:02:36   35208.828571  YES
37          1          1272.571429 2025-12-08 00:02:37   35208.828571  YES
38          1          1272.571429 2025-12-08 00:02:38   35208.828571  YES
39          1          1273.300000 2025-12-08 00:02:39   26310.000000   NO
40          1          1272.900000 2025-12-08 00:02:40   25309.000000   NO
41          1          1277.500000 2025-12-08 00:02:41   24307.000000   NO
42          1          1269.700000 2025-12-08 00:02:42   23306.000000   NO
43          1          1266.100000 2025-12-08 00:02:43   22304.000000   NO
44          1          1271.000000 2025-12-08 00:02:44   21303.000000   NO
45          1          1269.300000 2025-12-08 00:02:45   20301.000000   NO
46          1          1272.800000 2025-12-08 00:02:46   19300.000000   NO
47          1          1272.571429 2025-12-08 00:02:47   35208.828571  YES
48          1          1272.571429 2025-12-08 00:02:48   35208.828571  YES
49          1          1272.571429 2025-12-08 00:02:49   35208.828571  YES
50          1          1272.571429 2025-12-08 00:02:50   35208.828571  YES
51          1          1272.571429 2025-12-08 00:02:51   35208.828571  YES
52          1          1272.571429 2025-12-08 00:02:52   35208.828571  YES
53          1          1272.571429 2025-12-08 00:02:53   35208.828571  YES
54          1          1272.571429 2025-12-08 00:02:54   35208.828571  YES
55          1          1269.000000 2025-12-08 00:02:55   18299.000000   NO
56          1          1269.000000 2025-12-08 00:02:56   17297.000000   NO
57          1          1273.600000 2025-12-08 00:02:57   16296.000000   NO
58          1          1269.100000 2025-12-08 00:02:58   15295.000000   NO
59          1          1277.400000 2025-12-08 00:02:59   14294.000000   NO
Forecasted values:
    sensor_id  sensor_energy_value_prediction    sensor_timestamp
0           1                     1276.850952 2025-12-08 00:03:00
1           1                     1279.260742 2025-12-08 00:03:01
2           1                     1281.967285 2025-12-08 00:03:02
3           1                     1284.819458 2025-12-08 00:03:03
4           1                     1287.677979 2025-12-08 00:03:04
5           1                     1290.429199 2025-12-08 00:03:05
6           1                     1292.990234 2025-12-08 00:03:06
7           1                     1295.310913 2025-12-08 00:03:07
8           1                     1297.370605 2025-12-08 00:03:08
9           1                     1299.174194 2025-12-08 00:03:09
10          1                     1300.747803 2025-12-08 00:03:10
11          1                     1302.131104 2025-12-08 00:03:11
12          1                     1303.371826 2025-12-08 00:03:12
13          1                     1304.520874 2025-12-08 00:03:13
14          1                     1305.626099 2025-12-08 00:03:14
15          1                     1306.729492 2025-12-08 00:03:15
16          1                     1307.864868 2025-12-08 00:03:16
17          1                     1309.055786 2025-12-08 00:03:17
18          1                     1310.316406 2025-12-08 00:03:18
19          1                     1311.651855 2025-12-08 00:03:19
20          1                     1313.059204 2025-12-08 00:03:20
21          1                     1314.529175 2025-12-08 00:03:21
22          1                     1316.049072 2025-12-08 00:03:22
23          1                     1317.603516 2025-12-08 00:03:23
24          1                     1319.176880 2025-12-08 00:03:24
25          1                     1320.754883 2025-12-08 00:03:25
26          1                     1322.324829 2025-12-08 00:03:26
27          1                     1323.877441 2025-12-08 00:03:27
28          1                     1325.406372 2025-12-08 00:03:28
29          1                     1326.908447 2025-12-08 00:03:29
30          1                     1328.383667 2025-12-08 00:03:30
31          1                     1329.834229 2025-12-08 00:03:31
32          1                     1331.264282 2025-12-08 00:03:32
33          1                     1332.679565 2025-12-08 00:03:33
34          1                     1334.085815 2025-12-08 00:03:34
35          1                     1335.489014 2025-12-08 00:03:35
36          1                     1336.895142 2025-12-08 00:03:36
37          1                     1338.308716 2025-12-08 00:03:37
38          1                     1339.733887 2025-12-08 00:03:38
39          1                     1341.172974 2025-12-08 00:03:39
40          1                     1342.628052 2025-12-08 00:03:40
41          1                     1344.099854 2025-12-08 00:03:41
42          1                     1345.588379 2025-12-08 00:03:42
43          1                     1347.092896 2025-12-08 00:03:43
44          1                     1348.612427 2025-12-08 00:03:44
45          1                     1350.146362 2025-12-08 00:03:45
46          1                     1351.693115 2025-12-08 00:03:46
47          1                     1353.252319 2025-12-08 00:03:47
48          1                     1354.822998 2025-12-08 00:03:48
49          1                     1356.405273 2025-12-08 00:03:49
50          1                     1357.999512 2025-12-08 00:03:50
51          1                     1359.605713 2025-12-08 00:03:51
52          1                     1361.225464 2025-12-08 00:03:52
53          1                     1362.859741 2025-12-08 00:03:53
54          1                     1364.510010 2025-12-08 00:03:54
55          1                     1366.177979 2025-12-08 00:03:55
56          1                     1367.864990 2025-12-08 00:03:56
57          1                     1369.573120 2025-12-08 00:03:57
58          1                     1371.303955 2025-12-08 00:03:58
59          1                     1373.059204 2025-12-08 00:03:59
Forecasted values inserted into database
Exiting forecasting script

No new messages received yet.Trying again...
No new messages received yet.Trying again...
No new messages received yet.Trying again...
No new messages received yet.Trying again...
No new messages received yet.Trying again...
No new messages received yet.Trying again...
No new messages received yet.Trying again...
No new messages received yet.Trying again...
No new messages received yet.Trying again...
No new messages received yet.Trying again...
No new messages received yet.Trying again...
No new messages received yet.Trying again...
No new messages received yet.Trying again...
No new messages received yet.Trying again...
No new messages received yet.Trying again...
No new messages received yet.Trying again...
No new messages received yet.Trying again...
No new messages received yet.Trying again...
No new messages received yet.Trying again...
No new messages received yet.Trying again...
No new messages received yet.Trying again...
No new messages received yet.Trying again...
No new messages received yet.Trying again...
No new messages received yet.Trying again...
No new messages received yet.Trying again...
No new messages received yet.Trying again...
No new messages received yet.Trying again...
No new messages received yet.Trying again...
No new messages received yet.Trying again...
No new messages received yet.Trying again...
No new messages received yet.Trying again...
No new messages received yet.Trying again...
No new messages received yet.Trying again...
No new messages received yet.Trying again...
No new messages received yet.Trying again...
No new messages received yet.Trying again...
No new messages received yet.Trying again...
No new messages received yet.Trying again...
No new messages received yet.Trying again...
No new messages received yet.Trying again...
No new messages received yet.Trying again...
No new messages received yet.Trying again...
No new messages received yet.Trying again...
No new messages received yet.Trying again...
No new messages received yet.Trying again...
No new messages received yet.Trying again...
No new messages received yet.Trying again...
No new messages received yet.Trying again...
No new messages received yet.Trying again...
No new messages received yet.Trying again...
No new messages received yet.Trying again...
No new messages received yet.Trying again...
No new messages received yet.Trying again...
No new messages received yet.Trying again...
No new messages received yet.Trying again...
No new messages received yet.Trying again...
No new messages received yet.Trying again...
No new messages received yet.Trying again...
No new messages received yet.Trying again...
No new messages received yet.Trying again...
No new messages received yet.Trying again...
No new messages received yet.Trying again...
No new messages received yet.Trying again...
No new messages received yet.Trying again...
No new messages received yet.Trying again...

Actual data inserted to database
No retrain triggered
Triggering forecasting

Forecasting.py script logs
Database connection established
Value of --retrain flag: False

Forecasting for initial model using device1/initial/device1.keras and device1/initial/scaler.save
Successfully downloaded model and scaler from S3

Actual values fetched from database
    sensor_id  sensor_energy_value    sensor_timestamp  message_delay  computed_value
0           1             1271.200 2025-12-08 00:03:00       83202.00   NO
1           1             1273.900 2025-12-08 00:03:01       82201.00   NO
2           1             1271.900 2025-12-08 00:03:02       81200.00   NO
3           1             1269.800 2025-12-08 00:03:03       80199.00   NO
4           1             1285.800 2025-12-08 00:03:04       79197.00   NO
5           1             1270.100 2025-12-08 00:03:05       78196.00   NO
6           1             1291.200 2025-12-08 00:03:06       77194.00   NO
7           1             1266.400 2025-12-08 00:03:07       76193.00   NO
8           1             1264.300 2025-12-08 00:03:08       75191.00   NO
9           1             1275.500 2025-12-08 00:03:09       74190.00   NO
10          1             1272.300 2025-12-08 00:03:10       73188.00   NO
11          1             1268.300 2025-12-08 00:03:11       39147.00   NO
12          1             1271.600 2025-12-08 00:03:12       38146.00   NO
13          1             1267.800 2025-12-08 00:03:13       37144.00   NO
14          1             1269.100 2025-12-08 00:03:14       36143.00   NO
15          1             1279.500 2025-12-08 00:03:15       35142.00   NO
16          1             1265.100 2025-12-08 00:03:16       34141.00   NO
17          1             1267.300 2025-12-08 00:03:17       33139.00   NO
18          1             1271.700 2025-12-08 00:03:18       32138.00   NO
19          1             1273.700 2025-12-08 00:03:19       31136.00   NO
20          1             1271.500 2025-12-08 00:03:20       30135.00   NO
21          1             1275.900 2025-12-08 00:03:21       29134.00   NO
22          1             1274.300 2025-12-08 00:03:22       28132.00   NO
23          1             1280.400 2025-12-08 00:03:23       72186.00   NO
24          1             1283.800 2025-12-08 00:03:24       71185.00   NO
25          1             1263.900 2025-12-08 00:03:25       70183.00   NO
26          1             1270.200 2025-12-08 00:03:26       69182.00   NO
27          1             1307.200 2025-12-08 00:03:27       68181.00   NO
28          1             1400.800 2025-12-08 00:03:28       67180.00   NO
29          1             1377.400 2025-12-08 00:03:29       66179.00   NO
30          1             1377.100 2025-12-08 00:03:30       65178.00   NO
31          1             1377.200 2025-12-08 00:03:31       27131.00   NO
32          1             1377.500 2025-12-08 00:03:32       26130.00   NO
33          1             1380.900 2025-12-08 00:03:33       25129.00   NO
34          1             1385.200 2025-12-08 00:03:34       24127.00   NO
35          1             1390.800 2025-12-08 00:03:35       23126.00   NO
36          1             1366.700 2025-12-08 00:03:36       22124.00   NO
37          1             1324.712 2025-12-08 00:03:37       43151.08  YES
38          1             1324.712 2025-12-08 00:03:38       43151.08  YES
39          1             1380.600 2025-12-08 00:03:39       21123.00   NO
40          1             1381.100 2025-12-08 00:03:40       20121.00   NO
41          1             1374.500 2025-12-08 00:03:41       19120.00   NO
42          1             1382.200 2025-12-08 00:03:42       18119.00   NO
43          1             1373.400 2025-12-08 00:03:43       17118.00   NO
44          1             1379.100 2025-12-08 00:03:44       16117.00   NO
45          1             1376.600 2025-12-08 00:03:45       15116.00   NO
46          1             1376.000 2025-12-08 00:03:46       14115.00   NO
47          1             1324.712 2025-12-08 00:03:47       43151.08  YES
48          1             1324.712 2025-12-08 00:03:48       43151.08  YES
49          1             1324.712 2025-12-08 00:03:49       43151.08  YES
50          1             1324.712 2025-12-08 00:03:50       43151.08  YES
51          1             1324.712 2025-12-08 00:03:51       43151.08  YES
52          1             1324.712 2025-12-08 00:03:52       43151.08  YES
53          1             1324.712 2025-12-08 00:03:53       43151.08  YES
54          1             1324.712 2025-12-08 00:03:54       43151.08  YES
55          1             1376.100 2025-12-08 00:03:55       13114.00   NO
56          1             1405.400 2025-12-08 00:03:56       12112.00   NO
57          1             1447.600 2025-12-08 00:03:57       11111.00   NO
58          1             1438.700 2025-12-08 00:03:58       10110.00   NO
59          1             1437.000 2025-12-08 00:03:59        9109.00   NO
Forecasted values:
    sensor_id  sensor_energy_value_prediction    sensor_timestamp
0           1                     1463.721802 2025-12-08 00:04:00
1           1                     1472.215576 2025-12-08 00:04:01
2           1                     1475.995361 2025-12-08 00:04:02
3           1                     1475.967773 2025-12-08 00:04:03
4           1                     1473.260132 2025-12-08 00:04:04
5           1                     1469.037842 2025-12-08 00:04:05
6           1                     1464.371216 2025-12-08 00:04:06
7           1                     1460.158813 2025-12-08 00:04:07
8           1                     1457.081787 2025-12-08 00:04:08
9           1                     1455.592163 2025-12-08 00:04:09
10          1                     1455.923462 2025-12-08 00:04:10
11          1                     1458.118286 2025-12-08 00:04:11
12          1                     1462.065308 2025-12-08 00:04:12
13          1                     1467.541748 2025-12-08 00:04:13
14          1                     1474.255371 2025-12-08 00:04:14
15          1                     1481.883667 2025-12-08 00:04:15
16          1                     1490.109985 2025-12-08 00:04:16
17          1                     1498.649658 2025-12-08 00:04:17
18          1                     1507.271973 2025-12-08 00:04:18
19          1                     1515.812134 2025-12-08 00:04:19
20          1                     1524.176636 2025-12-08 00:04:20
21          1                     1532.341064 2025-12-08 00:04:21
22          1                     1540.342896 2025-12-08 00:04:22
23          1                     1548.270996 2025-12-08 00:04:23
24          1                     1556.251343 2025-12-08 00:04:24
25          1                     1564.434448 2025-12-08 00:04:25
26          1                     1572.981079 2025-12-08 00:04:26
27          1                     1582.053711 2025-12-08 00:04:27
28          1                     1591.807373 2025-12-08 00:04:28
29          1                     1602.385132 2025-12-08 00:04:29
30          1                     1613.915649 2025-12-08 00:04:30
31          1                     1626.516479 2025-12-08 00:04:31
32          1                     1640.295532 2025-12-08 00:04:32
33          1                     1655.356689 2025-12-08 00:04:33
34          1                     1671.807251 2025-12-08 00:04:34
35          1                     1689.763306 2025-12-08 00:04:35
36          1                     1709.359375 2025-12-08 00:04:36
37          1                     1730.754395 2025-12-08 00:04:37
38          1                     1754.140991 2025-12-08 00:04:38
39          1                     1779.751587 2025-12-08 00:04:39
40          1                     1807.865845 2025-12-08 00:04:40
41          1                     1838.817993 2025-12-08 00:04:41
42          1                     1873.002808 2025-12-08 00:04:42
43          1                     1910.884155 2025-12-08 00:04:43
44          1                     1952.999634 2025-12-08 00:04:44
45          1                     1999.966797 2025-12-08 00:04:45
46          1                     2052.485352 2025-12-08 00:04:46
47          1                     2111.336182 2025-12-08 00:04:47
48          1                     2177.372070 2025-12-08 00:04:48
49          1                     2251.496338 2025-12-08 00:04:49
50          1                     2334.624512 2025-12-08 00:04:50
51          1                     2427.617920 2025-12-08 00:04:51
52          1                     2531.188232 2025-12-08 00:04:52
53          1                     2645.768311 2025-12-08 00:04:53
54          1                     2771.351807 2025-12-08 00:04:54
55          1                     2907.320068 2025-12-08 00:04:55
56          1                     3052.284424 2025-12-08 00:04:56
57          1                     3203.991943 2025-12-08 00:04:57
58          1                     3359.338623 2025-12-08 00:04:58
59          1                     3514.551025 2025-12-08 00:04:59
Forecasted values inserted into database
Exiting forecasting script

No new messages received yet.Trying again...
No new messages received yet.Trying again...
No new messages received yet.Trying again...
No new messages received yet.Trying again...
No new messages received yet.Trying again...
No new messages received yet.Trying again...
No new messages received yet.Trying again...
No new messages received yet.Trying again...
No new messages received yet.Trying again...
No new messages received yet.Trying again...
No new messages received yet.Trying again...
No new messages received yet.Trying again...
No new messages received yet.Trying again...
No new messages received yet.Trying again...
No new messages received yet.Trying again...
No new messages received yet.Trying again...
No new messages received yet.Trying again...
No new messages received yet.Trying again...
No new messages received yet.Trying again...
No new messages received yet.Trying again...
No new messages received yet.Trying again...
No new messages received yet.Trying again...
No new messages received yet.Trying again...
No new messages received yet.Trying again...
No new messages received yet.Trying again...

Actual data inserted to database
No retrain triggered
Triggering forecasting

Forecasting.py script logs
Database connection established
Value of --retrain flag: False

Forecasting for initial model using device1/initial/device1.keras and device1/initial/scaler.save
Successfully downloaded model and scaler from S3

Actual values fetched from database
    sensor_id  sensor_energy_value    sensor_timestamp  message_delay  computed_value
0           1          1447.400000 2025-12-08 00:04:00        38066.0   NO
1           1          1447.400000 2025-12-08 00:04:01        37065.0   NO
2           1          1437.700000 2025-12-08 00:04:02        36064.0   NO
3           1          1474.944444 2025-12-08 00:04:03        25053.0   YES
4           1          1474.944444 2025-12-08 00:04:04        25053.0   YES
5           1          1474.944444 2025-12-08 00:04:05        25053.0   YES
6           1          1474.944444 2025-12-08 00:04:06        25053.0   YES
7           1          1474.944444 2025-12-08 00:04:07        25053.0   YES
8           1          1474.944444 2025-12-08 00:04:08        25053.0   YES
9           1          1474.944444 2025-12-08 00:04:09        25053.0   YES
10          1          1474.944444 2025-12-08 00:04:10        25053.0   YES
11          1          1474.944444 2025-12-08 00:04:11        25053.0   YES
12          1          1474.944444 2025-12-08 00:04:12        25053.0   YES
13          1          1474.944444 2025-12-08 00:04:13        25053.0   YES
14          1          1474.944444 2025-12-08 00:04:14        25053.0   YES
15          1          1474.944444 2025-12-08 00:04:15        25053.0   YES
16          1          1448.000000 2025-12-08 00:04:16        35062.0   NO
17          1          1439.500000 2025-12-08 00:04:17        34061.0   NO
18          1          1438.100000 2025-12-08 00:04:18        33060.0   NO
19          1          1444.600000 2025-12-08 00:04:19        32059.0   NO
20          1          1446.100000 2025-12-08 00:04:20        31058.0   NO
21          1          1445.600000 2025-12-08 00:04:21        30057.0   NO
22          1          1448.800000 2025-12-08 00:04:22        29056.0   NO
23          1          1433.700000 2025-12-08 00:04:23        28055.0   NO
24          1          1474.944444 2025-12-08 00:04:24        25053.0   YES
25          1          1474.944444 2025-12-08 00:04:25        25053.0   YES
26          1          1474.944444 2025-12-08 00:04:26        25053.0   YES
27          1          1474.944444 2025-12-08 00:04:27        25053.0   YES
28          1          1474.944444 2025-12-08 00:04:28        25053.0   YES
29          1          1474.944444 2025-12-08 00:04:29        25053.0   YES
30          1          1474.944444 2025-12-08 00:04:30        25053.0   YES
31          1          1474.944444 2025-12-08 00:04:31        25053.0   YES
32          1          1450.000000 2025-12-08 00:04:32        27054.0   NO
33          1          1436.300000 2025-12-08 00:04:33        26053.0   NO
34          1          1436.400000 2025-12-08 00:04:34        25053.0   NO
35          1          1430.800000 2025-12-08 00:04:35        24052.0   NO
36          1          1453.100000 2025-12-08 00:04:36        23051.0   NO
37          1          1519.400000 2025-12-08 00:04:37        22050.0   NO
38          1          1517.600000 2025-12-08 00:04:38        21049.0   NO
39          1          1517.700000 2025-12-08 00:04:39        20049.0   NO
40          1          1519.500000 2025-12-08 00:04:40        19048.0   NO
41          1          1525.400000 2025-12-08 00:04:41        18047.0   NO
42          1          1522.100000 2025-12-08 00:04:42        17046.0   NO
43          1          1521.400000 2025-12-08 00:04:43        16045.0   NO
44          1          1523.200000 2025-12-08 00:04:44        15044.0   NO
45          1          1525.500000 2025-12-08 00:04:45        14043.0   NO
46          1          1525.000000 2025-12-08 00:04:46        13042.0   NO
47          1          1523.200000 2025-12-08 00:04:47        12042.0   NO
48          1          1474.944444 2025-12-08 00:04:48        25053.0   YES
49          1          1474.944444 2025-12-08 00:04:49        25053.0   YES
50          1          1474.944444 2025-12-08 00:04:50        25053.0   YES
51          1          1474.944444 2025-12-08 00:04:51        25053.0   YES
52          1          1474.944444 2025-12-08 00:04:52        25053.0   YES
53          1          1474.944444 2025-12-08 00:04:53        25053.0   YES
54          1          1474.944444 2025-12-08 00:04:54        25053.0   YES
55          1          1474.944444 2025-12-08 00:04:55        25053.0   YES
56          1          1474.944444 2025-12-08 00:04:56        25053.0   YES
57          1          1474.944444 2025-12-08 00:04:57        25053.0   YES
58          1          1474.944444 2025-12-08 00:04:58        25053.0   YES
59          1          1474.944444 2025-12-08 00:04:59        25053.0   YES
Forecasted values:
    sensor_id  sensor_energy_value_prediction    sensor_timestamp
0           1                     1492.566895 2025-12-08 00:05:00
1           1                     1497.216309 2025-12-08 00:05:01
2           1                     1503.784424 2025-12-08 00:05:02
3           1                     1511.737183 2025-12-08 00:05:03
4           1                     1520.656738 2025-12-08 00:05:04
5           1                     1530.193604 2025-12-08 00:05:05
6           1                     1540.067383 2025-12-08 00:05:06
7           1                     1550.081177 2025-12-08 00:05:07
8           1                     1560.124878 2025-12-08 00:05:08
9           1                     1570.172852 2025-12-08 00:05:09
10          1                     1580.271240 2025-12-08 00:05:10
11          1                     1590.527832 2025-12-08 00:05:11
12          1                     1601.093750 2025-12-08 00:05:12
13          1                     1612.149658 2025-12-08 00:05:13
14          1                     1623.891846 2025-12-08 00:05:14
15          1                     1636.521362 2025-12-08 00:05:15
16          1                     1650.236938 2025-12-08 00:05:16
17          1                     1665.231201 2025-12-08 00:05:17
18          1                     1681.690674 2025-12-08 00:05:18
19          1                     1699.798462 2025-12-08 00:05:19
20          1                     1719.740723 2025-12-08 00:05:20
21          1                     1741.713379 2025-12-08 00:05:21
22          1                     1765.932373 2025-12-08 00:05:22
23          1                     1792.643677 2025-12-08 00:05:23
24          1                     1822.133301 2025-12-08 00:05:24
25          1                     1854.739868 2025-12-08 00:05:25
26          1                     1890.862671 2025-12-08 00:05:26
27          1                     1930.974976 2025-12-08 00:05:27
28          1                     1975.628540 2025-12-08 00:05:28
29          1                     2025.462524 2025-12-08 00:05:29
30          1                     2081.203369 2025-12-08 00:05:30
31          1                     2143.663086 2025-12-08 00:05:31
32          1                     2213.719482 2025-12-08 00:05:32
33          1                     2292.290527 2025-12-08 00:05:33
34          1                     2380.280029 2025-12-08 00:05:34
35          1                     2478.494629 2025-12-08 00:05:35
36          1                     2587.532471 2025-12-08 00:05:36
37          1                     2707.634521 2025-12-08 00:05:37
38          1                     2838.514893 2025-12-08 00:05:38
39          1                     2979.188477 2025-12-08 00:05:39
40          1                     3127.842041 2025-12-08 00:05:40
41          1                     3281.785400 2025-12-08 00:05:41
42          1                     3437.544189 2025-12-08 00:05:42
43          1                     3591.141113 2025-12-08 00:05:43
44          1                     3738.562012 2025-12-08 00:05:44
45          1                     3876.322021 2025-12-08 00:05:45
46          1                     4001.954834 2025-12-08 00:05:46
47          1                     4114.239258 2025-12-08 00:05:47
48          1                     4213.101562 2025-12-08 00:05:48
49          1                     4299.300293 2025-12-08 00:05:49
50          1                     4374.046875 2025-12-08 00:05:50
51          1                     4438.702637 2025-12-08 00:05:51
52          1                     4494.586914 2025-12-08 00:05:52
53          1                     4542.894531 2025-12-08 00:05:53
54          1                     4584.670898 2025-12-08 00:05:54
55          1                     4620.818848 2025-12-08 00:05:55
56          1                     4652.114746 2025-12-08 00:05:56
57          1                     4679.229980 2025-12-08 00:05:57
58          1                     4702.739746 2025-12-08 00:05:58
59          1                     4723.146484 2025-12-08 00:05:59
Forecasted values inserted into database
Exiting forecasting script

No new messages received yet.Trying again...
No new messages received yet.Trying again...
No new messages received yet.Trying again...
No new messages received yet.Trying again...
No new messages received yet.Trying again...
No new messages received yet.Trying again...
No new messages received yet.Trying again...
No new messages received yet.Trying again...
No new messages received yet.Trying again...
No new messages received yet.Trying again...
No new messages received yet.Trying again...
No new messages received yet.Trying again...
No new messages received yet.Trying again...
No new messages received yet.Trying again...
No new messages received yet.Trying again...
No new messages received yet.Trying again...
No new messages received yet.Trying again...
No new messages received yet.Trying again...
No new messages received yet.Trying again...
No new messages received yet.Trying again...
No new messages received yet.Trying again...
No new messages received yet.Trying again...
No new messages received yet.Trying again...
No new messages received yet.Trying again...
No new messages received yet.Trying again...
No new messages received yet.Trying again...
No new messages received yet.Trying again...
No new messages received yet.Trying again...
No new messages received yet.Trying again...
No new messages received yet.Trying again...
No new messages received yet.Trying again...
No new messages received yet.Trying again...
No new messages received yet.Trying again...
No new messages received yet.Trying again...
No new messages received yet.Trying again...
No new messages received yet.Trying again...
No new messages received yet.Trying again...
No new messages received yet.Trying again...
No new messages received yet.Trying again...
No new messages received yet.Trying again...
No new messages received yet.Trying again...
No new messages received yet.Trying again...
No new messages received yet.Trying again...
No new messages received yet.Trying again...
No new messages received yet.Trying again...
No new messages received yet.Trying again...
No new messages received yet.Trying again...
No new messages received yet.Trying again...
No new messages received yet.Trying again...
No new messages received yet.Trying again...
No new messages received yet.Trying again...
No new messages received yet.Trying again...
No new messages received yet.Trying again...
No new messages received yet.Trying again...
No new messages received yet.Trying again...
No new messages received yet.Trying again...
No new messages received yet.Trying again...
No new messages received yet.Trying again...
No new messages received yet.Trying again...
No new messages received yet.Trying again...
No new messages received yet.Trying again...
No new messages received yet.Trying again...
No new messages received yet.Trying again...
No new messages received yet.Trying again...
No new messages received yet.Trying again...

Actual data inserted to database
No retrain triggered
Triggering forecasting

Forecasting.py script logs
Database connection established
Value of --retrain flag: False

Forecasting for initial model using device1/initial/device1.keras and device1/initial/scaler.save
Successfully downloaded model and scaler from S3

Actual values fetched from database
    sensor_id  sensor_energy_value    sensor_timestamp  message_delay  computed_value
0           1          1603.994444 2025-12-08 00:05:00   26890.777778  YES
1           1          1603.994444 2025-12-08 00:05:01   26890.777778  YES
2           1          1603.994444 2025-12-08 00:05:02   26890.777778  YES
3           1          1603.994444 2025-12-08 00:05:03   26890.777778  YES
4           1          1521.000000 2025-12-08 00:05:04   81118.000000   NO
5           1          1519.300000 2025-12-08 00:05:05   80116.000000   NO
6           1          1525.300000 2025-12-08 00:05:06   79115.000000   NO
7           1          1533.000000 2025-12-08 00:05:07   38068.000000   NO
8           1          1517.400000 2025-12-08 00:05:08   37067.000000   NO
9           1          1526.600000 2025-12-08 00:05:09   36066.000000   NO
10          1          1537.700000 2025-12-08 00:05:10   35065.000000   NO
11          1          1518.000000 2025-12-08 00:05:11   34064.000000   NO
12          1          1518.700000 2025-12-08 00:05:12   33063.000000   NO
13          1          1518.700000 2025-12-08 00:05:13   32062.000000   NO
14          1          1519.600000 2025-12-08 00:05:14   31061.000000   NO
15          1          1524.200000 2025-12-08 00:05:15   30060.000000   NO
16          1          1603.994444 2025-12-08 00:05:16   26890.777778  YES
17          1          1603.994444 2025-12-08 00:05:17   26890.777778  YES
18          1          1603.994444 2025-12-08 00:05:18   26890.777778  YES
19          1          1603.994444 2025-12-08 00:05:19   26890.777778  YES
20          1          1603.994444 2025-12-08 00:05:20   26890.777778  YES
21          1          1603.994444 2025-12-08 00:05:21   26890.777778  YES
22          1          1603.994444 2025-12-08 00:05:22   26890.777778  YES
23          1          1603.994444 2025-12-08 00:05:23   26890.777778  YES
24          1          1523.500000 2025-12-08 00:05:24   29059.000000   NO
25          1          1521.900000 2025-12-08 00:05:25   28058.000000   NO
26          1          1586.500000 2025-12-08 00:05:26   27058.000000   NO
27          1          1641.700000 2025-12-08 00:05:27   26056.000000   NO
28          1          1661.500000 2025-12-08 00:05:28   25055.000000   NO
29          1          1650.500000 2025-12-08 00:05:29   24054.000000   NO
30          1          1658.500000 2025-12-08 00:05:30   23052.000000   NO
31          1          1678.800000 2025-12-08 00:05:31   22051.000000   NO
32          1          1603.994444 2025-12-08 00:05:32   26890.777778  YES
33          1          1603.994444 2025-12-08 00:05:33   26890.777778  YES
34          1          1603.994444 2025-12-08 00:05:34   26890.777778  YES
35          1          1603.994444 2025-12-08 00:05:35   26890.777778  YES
36          1          1603.994444 2025-12-08 00:05:36   26890.777778  YES
37          1          1603.994444 2025-12-08 00:05:37   26890.777778  YES
38          1          1603.994444 2025-12-08 00:05:38   26890.777778  YES
39          1          1603.994444 2025-12-08 00:05:39   26890.777778  YES
40          1          1660.400000 2025-12-08 00:05:40   21050.000000   NO
41          1          1658.500000 2025-12-08 00:05:41   20049.000000   NO
42          1          1658.100000 2025-12-08 00:05:42   19048.000000   NO
43          1          1660.900000 2025-12-08 00:05:43   18047.000000   NO
44          1          1656.000000 2025-12-08 00:05:44   17046.000000   NO
45          1          1658.100000 2025-12-08 00:05:45   16045.000000   NO
46          1          1664.100000 2025-12-08 00:05:46   15045.000000   NO
47          1          1653.000000 2025-12-08 00:05:47   14044.000000   NO
48          1          1659.900000 2025-12-08 00:05:48   13043.000000   NO
49          1          1659.200000 2025-12-08 00:05:49   12043.000000   NO
50          1          1661.000000 2025-12-08 00:05:50   11042.000000   NO
51          1          1658.900000 2025-12-08 00:05:51   10041.000000   NO
52          1          1658.900000 2025-12-08 00:05:52    9040.000000   NO
53          1          1656.000000 2025-12-08 00:05:53    8040.000000   NO
54          1          1661.900000 2025-12-08 00:05:54    7039.000000   NO
55          1          1656.500000 2025-12-08 00:05:55    6038.000000   NO
56          1          1603.994444 2025-12-08 00:05:56   26890.777778  YES
57          1          1603.994444 2025-12-08 00:05:57   26890.777778  YES
58          1          1603.994444 2025-12-08 00:05:58   26890.777778  YES
59          1          1603.994444 2025-12-08 00:05:59   26890.777778  YES
Forecasted values:
    sensor_id  sensor_energy_value_prediction    sensor_timestamp
0           1                     1629.283691 2025-12-08 00:06:00
1           1                     1638.803833 2025-12-08 00:06:01
2           1                     1656.938965 2025-12-08 00:06:02
3           1                     1681.928589 2025-12-08 00:06:03
4           1                     1712.195312 2025-12-08 00:06:04
5           1                     1746.339600 2025-12-08 00:06:05
6           1                     1783.208252 2025-12-08 00:06:06
7           1                     1821.980591 2025-12-08 00:06:07
8           1                     1862.223877 2025-12-08 00:06:08
9           1                     1903.906982 2025-12-08 00:06:09
10          1                     1947.381592 2025-12-08 00:06:10
11          1                     1993.335693 2025-12-08 00:06:11
12          1                     2042.724609 2025-12-08 00:06:12
13          1                     2096.699951 2025-12-08 00:06:13
14          1                     2156.532471 2025-12-08 00:06:14
15          1                     2223.537109 2025-12-08 00:06:15
16          1                     2299.002930 2025-12-08 00:06:16
17          1                     2384.111572 2025-12-08 00:06:17
18          1                     2479.851562 2025-12-08 00:06:18
19          1                     2586.907715 2025-12-08 00:06:19
20          1                     2705.531738 2025-12-08 00:06:20
21          1                     2835.395020 2025-12-08 00:06:21
22          1                     2975.442139 2025-12-08 00:06:22
23          1                     3123.782959 2025-12-08 00:06:23
24          1                     3277.654541 2025-12-08 00:06:24
25          1                     3433.524414 2025-12-08 00:06:25
26          1                     3587.366455 2025-12-08 00:06:26
27          1                     3735.123535 2025-12-08 00:06:27
28          1                     3873.271973 2025-12-08 00:06:28
29          1                     3999.307373 2025-12-08 00:06:29
30          1                     4111.977051 2025-12-08 00:06:30
31          1                     4211.189453 2025-12-08 00:06:31
32          1                     4297.693359 2025-12-08 00:06:32
33          1                     4372.699707 2025-12-08 00:06:33
34          1                     4437.570801 2025-12-08 00:06:34
35          1                     4493.634277 2025-12-08 00:06:35
36          1                     4542.091309 2025-12-08 00:06:36
37          1                     4583.991699 2025-12-08 00:06:37
38          1                     4620.241699 2025-12-08 00:06:38
39          1                     4651.624023 2025-12-08 00:06:39
40          1                     4678.810059 2025-12-08 00:06:40
41          1                     4702.381348 2025-12-08 00:06:41
42          1                     4722.838867 2025-12-08 00:06:42
43          1                     4740.614258 2025-12-08 00:06:43
44          1                     4756.079590 2025-12-08 00:06:44
45          1                     4769.555176 2025-12-08 00:06:45
46          1                     4781.313965 2025-12-08 00:06:46
47          1                     4791.594727 2025-12-08 00:06:47
48          1                     4800.598145 2025-12-08 00:06:48
49          1                     4808.497070 2025-12-08 00:06:49
50          1                     4815.439453 2025-12-08 00:06:50
51          1                     4821.552246 2025-12-08 00:06:51
52          1                     4826.944824 2025-12-08 00:06:52
53          1                     4831.709961 2025-12-08 00:06:53
54          1                     4835.928711 2025-12-08 00:06:54
55          1                     4839.671875 2025-12-08 00:06:55
56          1                     4842.996582 2025-12-08 00:06:56
57          1                     4845.956055 2025-12-08 00:06:57
58          1                     4848.592285 2025-12-08 00:06:58
59          1                     4850.945312 2025-12-08 00:06:59
Forecasted values inserted into database
Exiting forecasting script

No new messages received yet.Trying again...
No new messages received yet.Trying again...
No new messages received yet.Trying again...
No new messages received yet.Trying again...
No new messages received yet.Trying again...
No new messages received yet.Trying again...
No new messages received yet.Trying again...
No new messages received yet.Trying again...
No new messages received yet.Trying again...
No new messages received yet.Trying again...
No new messages received yet.Trying again...
No new messages received yet.Trying again...
No new messages received yet.Trying again...
No new messages received yet.Trying again...
No new messages received yet.Trying again...
No new messages received yet.Trying again...
No new messages received yet.Trying again...
No new messages received yet.Trying again...
No new messages received yet.Trying again...
No new messages received yet.Trying again...
No new messages received yet.Trying again...
No new messages received yet.Trying again...
No new messages received yet.Trying again...
No new messages received yet.Trying again...
No new messages received yet.Trying again...
No new messages received yet.Trying again...
No new messages received yet.Trying again...
No new messages received yet.Trying again...
No new messages received yet.Trying again...
No new messages received yet.Trying again...
No new messages received yet.Trying again...
No new messages received yet.Trying again...
No new messages received yet.Trying again...
No new messages received yet.Trying again...
No new messages received yet.Trying again...
No new messages received yet.Trying again...
No new messages received yet.Trying again...
No new messages received yet.Trying again...
No new messages received yet.Trying again...
No new messages received yet.Trying again...
No new messages received yet.Trying again...
No new messages received yet.Trying again...
No new messages received yet.Trying again...
No new messages received yet.Trying again...
No new messages received yet.Trying again...
No new messages received yet.Trying again...
No new messages received yet.Trying again...
No new messages received yet.Trying again...
No new messages received yet.Trying again...
No new messages received yet.Trying again...
No new messages received yet.Trying again...
No new messages received yet.Trying again...
No new messages received yet.Trying again...
No new messages received yet.Trying again...
No new messages received yet.Trying again...
No new messages received yet.Trying again...
No new messages received yet.Trying again...
No new messages received yet.Trying again...
No new messages received yet.Trying again...
No new messages received yet.Trying again...
No new messages received yet.Trying again...
No new messages received yet.Trying again...
No new messages received yet.Trying again...
No new messages received yet.Trying again...
No new messages received yet.Trying again...

Actual data inserted to database
No retrain triggered
Triggering forecasting

Forecasting.py script logs
Database connection established
Value of --retrain flag: False

Forecasting for initial model using device1/initial/device1.keras and device1/initial/scaler.save
Successfully downloaded model and scaler from S3

Actual values fetched from database
    sensor_id  sensor_energy_value    sensor_timestamp  message_delay  computed_value
0           1          1665.200000 2025-12-08 00:06:00   38042.000000   NO
1           1          1662.200000 2025-12-08 00:06:01   37039.000000   NO
2           1          1665.400000 2025-12-08 00:06:02   36038.000000   NO
3           1          1661.200000 2025-12-08 00:06:03   35037.000000   NO
4           1          1657.800000 2025-12-08 00:06:04   34037.000000   NO
5           1          1660.200000 2025-12-08 00:06:05   33036.000000   NO
6           1          1660.800000 2025-12-08 00:06:06   32035.000000   NO
7           1          1662.000000 2025-12-08 00:06:07   31034.000000   NO
8           1          1657.400000 2025-12-08 00:06:08   30033.000000   NO
9           1          1667.200000 2025-12-08 00:06:09   75085.000000   NO
10          1          1669.900000 2025-12-08 00:06:10   74084.000000   NO
11          1          1659.000000 2025-12-08 00:06:11   73083.000000   NO
12          1          1677.000000 2025-12-08 00:06:12   72082.000000   NO
13          1          1662.900000 2025-12-08 00:06:13   71081.000000   NO
14          1          1659.600000 2025-12-08 00:06:14   70081.000000   NO
15          1          1661.200000 2025-12-08 00:06:15   69080.000000   NO
16          1          1656.500000 2025-12-08 00:06:16   68079.000000   NO
17          1          1657.600000 2025-12-08 00:06:17   29031.000000   NO
18          1          1676.100000 2025-12-08 00:06:18   28028.000000   NO
19          1          1667.900000 2025-12-08 00:06:19   27027.000000   NO
20          1          1662.830769 2025-12-08 00:06:20   35961.333333  YES
21          1          1662.830769 2025-12-08 00:06:21   35961.333333  YES
22          1          1662.830769 2025-12-08 00:06:22   35961.333333  YES
23          1          1662.830769 2025-12-08 00:06:23   35961.333333  YES
24          1          1662.830769 2025-12-08 00:06:24   35961.333333  YES
25          1          1660.000000 2025-12-08 00:06:25   67078.000000   NO
26          1          1669.500000 2025-12-08 00:06:26   66078.000000   NO
27          1          1659.900000 2025-12-08 00:06:27   26026.000000   NO
28          1          1663.000000 2025-12-08 00:06:28   25025.000000   NO
29          1          1657.200000 2025-12-08 00:06:29   24024.000000   NO
30          1          1660.400000 2025-12-08 00:06:30   23023.000000   NO
31          1          1660.300000 2025-12-08 00:06:31   22021.000000   NO
32          1          1670.600000 2025-12-08 00:06:32   21020.000000   NO
33          1          1662.830769 2025-12-08 00:06:33   35961.333333  YES
34          1          1662.830769 2025-12-08 00:06:34   35961.333333  YES
35          1          1662.830769 2025-12-08 00:06:35   35961.333333  YES
36          1          1662.830769 2025-12-08 00:06:36   35961.333333  YES
37          1          1662.830769 2025-12-08 00:06:37   35961.333333  YES
38          1          1662.830769 2025-12-08 00:06:38   35961.333333  YES
39          1          1662.830769 2025-12-08 00:06:39   35961.333333  YES
40          1          1662.830769 2025-12-08 00:06:40   35961.333333  YES
41          1          1660.800000 2025-12-08 00:06:41   20018.000000   NO
42          1          1663.300000 2025-12-08 00:06:42   19017.000000   NO
43          1          1661.100000 2025-12-08 00:06:43   18015.000000   NO
44          1          1664.500000 2025-12-08 00:06:44   17014.000000   NO
45          1          1660.400000 2025-12-08 00:06:45   16013.000000   NO
46          1          1660.000000 2025-12-08 00:06:46   15011.000000   NO
47          1          1657.300000 2025-12-08 00:06:47   14010.000000   NO
48          1          1662.700000 2025-12-08 00:06:48   13009.000000   NO
49          1          1662.830769 2025-12-08 00:06:49   35961.333333  YES
50          1          1662.830769 2025-12-08 00:06:50   35961.333333  YES
51          1          1662.830769 2025-12-08 00:06:51   35961.333333  YES
52          1          1662.830769 2025-12-08 00:06:52   35961.333333  YES
53          1          1662.830769 2025-12-08 00:06:53   35961.333333  YES
54          1          1662.830769 2025-12-08 00:06:54   35961.333333  YES
55          1          1662.830769 2025-12-08 00:06:55   35961.333333  YES
56          1          1662.830769 2025-12-08 00:06:56   35961.333333  YES
57          1          1671.000000 2025-12-08 00:06:57   12007.000000   NO
58          1          1661.000000 2025-12-08 00:06:58   11006.000000   NO
59          1          1660.300000 2025-12-08 00:06:59   10005.000000   NO
Forecasted values:
    sensor_id  sensor_energy_value_prediction    sensor_timestamp
0           1                     1705.307007 2025-12-08 00:07:00
1           1                     1722.671753 2025-12-08 00:07:01
2           1                     1747.388916 2025-12-08 00:07:02
3           1                     1778.145020 2025-12-08 00:07:03
4           1                     1813.909424 2025-12-08 00:07:04
5           1                     1853.889648 2025-12-08 00:07:05
6           1                     1897.540771 2025-12-08 00:07:06
7           1                     1944.626587 2025-12-08 00:07:07
8           1                     1995.243530 2025-12-08 00:07:08
9           1                     2049.816650 2025-12-08 00:07:09
10          1                     2109.069824 2025-12-08 00:07:10
11          1                     2173.969727 2025-12-08 00:07:11
12          1                     2245.652344 2025-12-08 00:07:12
13          1                     2325.332764 2025-12-08 00:07:13
14          1                     2414.198242 2025-12-08 00:07:14
15          1                     2513.281250 2025-12-08 00:07:15
16          1                     2623.312500 2025-12-08 00:07:16
17          1                     2744.558105 2025-12-08 00:07:17
18          1                     2876.646729 2025-12-08 00:07:18
19          1                     3018.418701 2025-12-08 00:07:19
20          1                     3167.826416 2025-12-08 00:07:20
21          1                     3321.933838 2025-12-08 00:07:21
22          1                     3477.066650 2025-12-08 00:07:22
23          1                     3629.152100 2025-12-08 00:07:23
24          1                     3774.222656 2025-12-08 00:07:24
25          1                     3908.985840 2025-12-08 00:07:25
26          1                     4031.257080 2025-12-08 00:07:26
27          1                     4140.105957 2025-12-08 00:07:27
28          1                     4235.689941 2025-12-08 00:07:28
29          1                     4318.902344 2025-12-08 00:07:29
30          1                     4391.009277 2025-12-08 00:07:30
31          1                     4453.367676 2025-12-08 00:07:31
32          1                     4507.269043 2025-12-08 00:07:32
33          1                     4553.866699 2025-12-08 00:07:33
34          1                     4594.169922 2025-12-08 00:07:34
35          1                     4629.047363 2025-12-08 00:07:35
36          1                     4659.247559 2025-12-08 00:07:36
37          1                     4685.416992 2025-12-08 00:07:37
38          1                     4708.112305 2025-12-08 00:07:38
39          1                     4727.815918 2025-12-08 00:07:39
40          1                     4744.942383 2025-12-08 00:07:40
41          1                     4759.848145 2025-12-08 00:07:41
42          1                     4772.842773 2025-12-08 00:07:42
43          1                     4784.186523 2025-12-08 00:07:43
44          1                     4794.109375 2025-12-08 00:07:44
45          1                     4802.801758 2025-12-08 00:07:45
46          1                     4810.432129 2025-12-08 00:07:46
47          1                     4817.142090 2025-12-08 00:07:47
48          1                     4823.053711 2025-12-08 00:07:48
49          1                     4828.270996 2025-12-08 00:07:49
50          1                     4832.884766 2025-12-08 00:07:50
51          1                     4836.970703 2025-12-08 00:07:51
52          1                     4840.597168 2025-12-08 00:07:52
53          1                     4843.820312 2025-12-08 00:07:53
54          1                     4846.689453 2025-12-08 00:07:54
55          1                     4849.247070 2025-12-08 00:07:55
56          1                     4851.531738 2025-12-08 00:07:56
57          1                     4853.572266 2025-12-08 00:07:57
58          1                     4855.399414 2025-12-08 00:07:58
59          1                     4857.036133 2025-12-08 00:07:59
Forecasted values inserted into database
Exiting forecasting script

No new messages received yet.Trying again...
No new messages received yet.Trying again...
No new messages received yet.Trying again...
No new messages received yet.Trying again...
No new messages received yet.Trying again...
No new messages received yet.Trying again...
No new messages received yet.Trying again...
No new messages received yet.Trying again...
No new messages received yet.Trying again...
No new messages received yet.Trying again...
No new messages received yet.Trying again...
No new messages received yet.Trying again...
No new messages received yet.Trying again...
No new messages received yet.Trying again...
No new messages received yet.Trying again...
No new messages received yet.Trying again...
No new messages received yet.Trying again...
No new messages received yet.Trying again...
No new messages received yet.Trying again...
No new messages received yet.Trying again...
No new messages received yet.Trying again...
No new messages received yet.Trying again...
No new messages received yet.Trying again...
No new messages received yet.Trying again...
No new messages received yet.Trying again...
No new messages received yet.Trying again...
No new messages received yet.Trying again...
No new messages received yet.Trying again...
No new messages received yet.Trying again...
No new messages received yet.Trying again...
No new messages received yet.Trying again...
No new messages received yet.Trying again...
No new messages received yet.Trying again...
No new messages received yet.Trying again...
No new messages received yet.Trying again...
No new messages received yet.Trying again...
No new messages received yet.Trying again...
No new messages received yet.Trying again...
No new messages received yet.Trying again...
No new messages received yet.Trying again...
No new messages received yet.Trying again...
No new messages received yet.Trying again...
No new messages received yet.Trying again...
No new messages received yet.Trying again...
No new messages received yet.Trying again...
No new messages received yet.Trying again...
No new messages received yet.Trying again...
No new messages received yet.Trying again...
No new messages received yet.Trying again...
No new messages received yet.Trying again...
No new messages received yet.Trying again...
No new messages received yet.Trying again...
No new messages received yet.Trying again...
No new messages received yet.Trying again...
No new messages received yet.Trying again...
No new messages received yet.Trying again...
No new messages received yet.Trying again...
No new messages received yet.Trying again...
No new messages received yet.Trying again...
No new messages received yet.Trying again...
No new messages received yet.Trying again...
No new messages received yet.Trying again...
No new messages received yet.Trying again...
No new messages received yet.Trying again...
No new messages received yet.Trying again...
No new messages received yet.Trying again...
No new messages received yet.Trying again...
No new messages received yet.Trying again...
No new messages received yet.Trying again...
No new messages received yet.Trying again...
No new messages received yet.Trying again...
No new messages received yet.Trying again...
No new messages received yet.Trying again...
No new messages received yet.Trying again...
No new messages received yet.Trying again...

Actual data inserted to database
No retrain triggered
Triggering forecasting

Forecasting.py script logs
Database connection established
Value of --retrain flag: False

Forecasting for initial model using device1/initial/device1.keras and device1/initial/scaler.save
Successfully downloaded model and scaler from S3

Actual values fetched from database
    sensor_id  sensor_energy_value    sensor_timestamp  message_delay  computed_value
0           1          1666.800000 2025-12-08 00:07:00   89009.000000   NO
1           1          1664.800000 2025-12-08 00:07:01   88008.000000   NO
2           1          1665.600000 2025-12-08 00:07:02   87006.000000   NO
3           1          1664.700000 2025-12-08 00:07:03   86005.000000   NO
4           1          1660.100000 2025-12-08 00:07:04   85004.000000   NO
5           1          1657.100000 2025-12-08 00:07:05   84003.000000   NO
6           1          1657.100000 2025-12-08 00:07:06   83001.000000   NO
7           1          1661.000000 2025-12-08 00:07:07   82000.000000   NO
8           1          1656.300000 2025-12-08 00:07:08   80999.000000   NO
9           1          1665.000000 2025-12-08 00:07:09   41954.000000   NO
10          1          1657.600000 2025-12-08 00:07:10   40953.000000   NO
11          1          1662.000000 2025-12-08 00:07:11   39952.000000   NO
12          1          1658.000000 2025-12-08 00:07:12   38951.000000   NO
13          1          1662.100000 2025-12-08 00:07:13   37950.000000   NO
14          1          1658.800000 2025-12-08 00:07:14   36949.000000   NO
15          1          1663.700000 2025-12-08 00:07:15   35948.000000   NO
16          1          1661.000000 2025-12-08 00:07:16   34947.000000   NO
17          1          1661.000000 2025-12-08 00:07:17   79998.000000   NO
18          1          1661.900000 2025-12-08 00:07:18   78996.000000   NO
19          1          1668.600000 2025-12-08 00:07:19   77996.000000   NO
20          1          1667.300000 2025-12-08 00:07:20   76995.000000   NO
21          1          1658.900000 2025-12-08 00:07:21   75993.000000   NO
22          1          1657.300000 2025-12-08 00:07:22   74993.000000   NO
23          1          1663.700000 2025-12-08 00:07:23   73991.000000   NO
24          1          1664.600000 2025-12-08 00:07:24   72990.000000   NO
25          1          1660.600000 2025-12-08 00:07:25   33946.000000   NO
26          1          1665.200000 2025-12-08 00:07:26   32945.000000   NO
27          1          1654.900000 2025-12-08 00:07:27   31944.000000   NO
28          1          1660.400000 2025-12-08 00:07:28   30942.000000   NO
29          1          1660.300000 2025-12-08 00:07:29   29941.000000   NO
30          1          1680.300000 2025-12-08 00:07:30   28940.000000   NO
31          1          1660.400000 2025-12-08 00:07:31   27939.000000   NO
32          1          1662.400000 2025-12-08 00:07:32   26938.000000   NO
33          1          1662.800000 2025-12-08 00:07:33   71989.000000   NO
34          1          1659.900000 2025-12-08 00:07:34   70988.000000   NO
35          1          1660.100000 2025-12-08 00:07:35   69986.000000   NO
36          1          1659.900000 2025-12-08 00:07:36   68985.000000   NO
37          1          1663.000000 2025-12-08 00:07:37   67984.000000   NO
38          1          1662.100000 2025-12-08 00:07:38   66982.000000   NO
39          1          1662.500000 2025-12-08 00:07:39   65981.000000   NO
40          1          1661.600000 2025-12-08 00:07:40   64979.000000   NO
41          1          1662.900000 2025-12-08 00:07:41   25937.000000   NO
42          1          1668.300000 2025-12-08 00:07:42   24936.000000   NO
43          1          1656.100000 2025-12-08 00:07:43   23934.000000   NO
44          1          1652.500000 2025-12-08 00:07:44   22933.000000   NO
45          1          1659.300000 2025-12-08 00:07:45   21931.000000   NO
46          1          1660.900000 2025-12-08 00:07:46   20930.000000   NO
47          1          1661.774138 2025-12-08 00:07:47   48876.137931  YES
48          1          1661.774138 2025-12-08 00:07:48   48876.137931  YES
49          1          1659.900000 2025-12-08 00:07:49   63978.000000   NO
50          1          1659.100000 2025-12-08 00:07:50   19929.000000   NO
51          1          1662.500000 2025-12-08 00:07:51   18927.000000   NO
52          1          1657.800000 2025-12-08 00:07:52   17926.000000   NO
53          1          1658.800000 2025-12-08 00:07:53   16926.000000   NO
54          1          1658.500000 2025-12-08 00:07:54   15924.000000   NO
55          1          1663.400000 2025-12-08 00:07:55   14923.000000   NO
56          1          1667.000000 2025-12-08 00:07:56   13922.000000   NO
57          1          1666.000000 2025-12-08 00:07:57   12921.000000   NO
58          1          1665.200000 2025-12-08 00:07:58   11920.000000   NO
59          1          1663.300000 2025-12-08 00:07:59   10919.000000   NO
Forecasted values:
    sensor_id  sensor_energy_value_prediction    sensor_timestamp
0           1                     1708.500977 2025-12-08 00:08:00
1           1                     1726.728271 2025-12-08 00:08:01
2           1                     1752.018799 2025-12-08 00:08:02
3           1                     1783.123047 2025-12-08 00:08:03
4           1                     1819.074707 2025-12-08 00:08:04
5           1                     1859.147583 2025-12-08 00:08:05
6           1                     1902.866699 2025-12-08 00:08:06
7           1                     1950.056641 2025-12-08 00:08:07
8           1                     2000.868774 2025-12-08 00:08:08
9           1                     2055.770020 2025-12-08 00:08:09
10          1                     2115.512207 2025-12-08 00:08:10
11          1                     2181.077148 2025-12-08 00:08:11
12          1                     2253.602783 2025-12-08 00:08:12
13          1                     2334.292969 2025-12-08 00:08:13
14          1                     2424.311279 2025-12-08 00:08:14
15          1                     2524.652344 2025-12-08 00:08:15
16          1                     2635.995361 2025-12-08 00:08:16
17          1                     2758.537354 2025-12-08 00:08:17
18          1                     2891.824463 2025-12-08 00:08:18
19          1                     3034.600830 2025-12-08 00:08:19
20          1                     3184.718506 2025-12-08 00:08:20
21          1                     3339.150879 2025-12-08 00:08:21
22          1                     3494.162109 2025-12-08 00:08:22
23          1                     3645.663818 2025-12-08 00:08:23
24          1                     3789.739258 2025-12-08 00:08:24
25          1                     3923.201660 2025-12-08 00:08:25
26          1                     4044.007324 2025-12-08 00:08:26
27          1                     4151.358887 2025-12-08 00:08:27
28          1                     4245.514648 2025-12-08 00:08:28
29          1                     4327.428223 2025-12-08 00:08:29
30          1                     4398.385742 2025-12-08 00:08:30
31          1                     4459.742676 2025-12-08 00:08:31
32          1                     4512.778809 2025-12-08 00:08:32
33          1                     4558.630859 2025-12-08 00:08:33
34          1                     4598.291016 2025-12-08 00:08:34
35          1                     4632.614258 2025-12-08 00:08:35
36          1                     4662.337402 2025-12-08 00:08:36
37          1                     4688.096191 2025-12-08 00:08:37
38          1                     4710.437500 2025-12-08 00:08:38
39          1                     4729.834961 2025-12-08 00:08:39
40          1                     4746.698242 2025-12-08 00:08:40
41          1                     4761.377930 2025-12-08 00:08:41
42          1                     4774.176758 2025-12-08 00:08:42
43          1                     4785.353027 2025-12-08 00:08:43
44          1                     4795.130371 2025-12-08 00:08:44
45          1                     4803.697754 2025-12-08 00:08:45
46          1                     4811.219238 2025-12-08 00:08:46
47          1                     4817.834473 2025-12-08 00:08:47
48          1                     4823.664551 2025-12-08 00:08:48
49          1                     4828.810547 2025-12-08 00:08:49
50          1                     4833.361816 2025-12-08 00:08:50
51          1                     4837.394043 2025-12-08 00:08:51
52          1                     4840.972656 2025-12-08 00:08:52
53          1                     4844.154297 2025-12-08 00:08:53
54          1                     4846.987305 2025-12-08 00:08:54
55          1                     4849.513184 2025-12-08 00:08:55
56          1                     4851.768066 2025-12-08 00:08:56
57          1                     4853.785156 2025-12-08 00:08:57
58          1                     4855.589355 2025-12-08 00:08:58
59          1                     4857.207031 2025-12-08 00:08:59
Forecasted values inserted into database
Exiting forecasting script

No new messages received yet.Trying again...
No new messages received yet.Trying again...
No new messages received yet.Trying again...
No new messages received yet.Trying again...
No new messages received yet.Trying again...
No new messages received yet.Trying again...
No new messages received yet.Trying again...
No new messages received yet.Trying again...
No new messages received yet.Trying again...
No new messages received yet.Trying again...
No new messages received yet.Trying again...
No new messages received yet.Trying again...
No new messages received yet.Trying again...
No new messages received yet.Trying again...
No new messages received yet.Trying again...
No new messages received yet.Trying again...
No new messages received yet.Trying again...
No new messages received yet.Trying again...
No new messages received yet.Trying again...
No new messages received yet.Trying again...
No new messages received yet.Trying again...
No new messages received yet.Trying again...
No new messages received yet.Trying again...
No new messages received yet.Trying again...
No new messages received yet.Trying again...

Actual data inserted to database
No retrain triggered
Triggering forecasting

Forecasting.py script logs
Database connection established
Value of --retrain flag: False

Forecasting for initial model using device1/initial/device1.keras and device1/initial/scaler.save
Successfully downloaded model and scaler from S3

Actual values fetched from database
    sensor_id  sensor_energy_value    sensor_timestamp  message_delay  computed_value
0           1          1666.100000 2025-12-08 00:08:00    39886.00000   NO
1           1          1667.000000 2025-12-08 00:08:01    38885.00000   NO
2           1          1664.300000 2025-12-08 00:08:02     4850.00000   NO
3           1          1660.900000 2025-12-08 00:08:03     3849.00000   NO
4           1          1670.000000 2025-12-08 00:08:04     2847.00000   NO
5           1          1661.100000 2025-12-08 00:08:05     1846.00000   NO
6           1          1665.771875 2025-12-08 00:08:06    23493.46875  YES
7           1          1665.771875 2025-12-08 00:08:07    23493.46875  YES
8           1          1665.771875 2025-12-08 00:08:08    23493.46875  YES
9           1          1665.771875 2025-12-08 00:08:09    23493.46875  YES
10          1          1664.200000 2025-12-08 00:08:10    37884.00000   NO
11          1          1663.600000 2025-12-08 00:08:11    36883.00000   NO
12          1          1664.100000 2025-12-08 00:08:12    35882.00000   NO
13          1          1664.100000 2025-12-08 00:08:13    34881.00000   NO
14          1          1666.400000 2025-12-08 00:08:14    33879.00000   NO
15          1          1659.100000 2025-12-08 00:08:15    32878.00000   NO
16          1          1660.500000 2025-12-08 00:08:16    31877.00000   NO
17          1          1662.700000 2025-12-08 00:08:17    30876.00000   NO
18          1          1665.771875 2025-12-08 00:08:18    23493.46875  YES
19          1          1665.771875 2025-12-08 00:08:19    23493.46875  YES
20          1          1665.771875 2025-12-08 00:08:20    23493.46875  YES
21          1          1665.771875 2025-12-08 00:08:21    23493.46875  YES
22          1          1665.771875 2025-12-08 00:08:22    23493.46875  YES
23          1          1665.771875 2025-12-08 00:08:23    23493.46875  YES
24          1          1665.771875 2025-12-08 00:08:24    23493.46875  YES
25          1          1665.771875 2025-12-08 00:08:25    23493.46875  YES
26          1          1671.300000 2025-12-08 00:08:26    29874.00000   NO
27          1          1663.600000 2025-12-08 00:08:27    28873.00000   NO
28          1          1666.700000 2025-12-08 00:08:28    27872.00000   NO
29          1          1660.900000 2025-12-08 00:08:29    26871.00000   NO
30          1          1666.100000 2025-12-08 00:08:30    25871.00000   NO
31          1          1662.300000 2025-12-08 00:08:31    24870.00000   NO
32          1          1663.400000 2025-12-08 00:08:32    23868.00000   NO
33          1          1668.400000 2025-12-08 00:08:33    22867.00000   NO
34          1          1665.771875 2025-12-08 00:08:34    23493.46875  YES
35          1          1665.771875 2025-12-08 00:08:35    23493.46875  YES
36          1          1665.771875 2025-12-08 00:08:36    23493.46875  YES
37          1          1665.771875 2025-12-08 00:08:37    23493.46875  YES
38          1          1665.771875 2025-12-08 00:08:38    23493.46875  YES
39          1          1665.771875 2025-12-08 00:08:39    23493.46875  YES
40          1          1665.771875 2025-12-08 00:08:40    23493.46875  YES
41          1          1665.771875 2025-12-08 00:08:41    23493.46875  YES
42          1          1665.771875 2025-12-08 00:08:42    23493.46875  YES
43          1          1665.771875 2025-12-08 00:08:43    23493.46875  YES
44          1          1665.771875 2025-12-08 00:08:44    23493.46875  YES
45          1          1665.771875 2025-12-08 00:08:45    23493.46875  YES
46          1          1665.771875 2025-12-08 00:08:46    23493.46875  YES
47          1          1665.771875 2025-12-08 00:08:47    23493.46875  YES
48          1          1665.771875 2025-12-08 00:08:48    23493.46875  YES
49          1          1665.771875 2025-12-08 00:08:49    23493.46875  YES
50          1          1681.200000 2025-12-08 00:08:50    21866.00000   NO
51          1          1675.900000 2025-12-08 00:08:51    20866.00000   NO
52          1          1664.200000 2025-12-08 00:08:52    19864.00000   NO
53          1          1664.900000 2025-12-08 00:08:53    18864.00000   NO
54          1          1664.000000 2025-12-08 00:08:54    17863.00000   NO
55          1          1665.300000 2025-12-08 00:08:55    16862.00000   NO
56          1          1667.100000 2025-12-08 00:08:56    15861.00000   NO
57          1          1667.800000 2025-12-08 00:08:57    14859.00000   NO
58          1          1667.400000 2025-12-08 00:08:58    13859.00000   NO
59          1          1670.100000 2025-12-08 00:08:59    12858.00000   NO
Forecasted values:
    sensor_id  sensor_energy_value_prediction    sensor_timestamp
0           1                     1711.790771 2025-12-08 00:09:00
1           1                     1731.916016 2025-12-08 00:09:01
2           1                     1759.227661 2025-12-08 00:09:02
3           1                     1792.409302 2025-12-08 00:09:03
4           1                     1830.432617 2025-12-08 00:09:04
5           1                     1872.533569 2025-12-08 00:09:05
6           1                     1918.230835 2025-12-08 00:09:06
7           1                     1967.376831 2025-12-08 00:09:07
8           1                     2020.172485 2025-12-08 00:09:08
9           1                     2077.153076 2025-12-08 00:09:09
10          1                     2139.145996 2025-12-08 00:09:10
11          1                     2207.204346 2025-12-08 00:09:11
12          1                     2282.520752 2025-12-08 00:09:12
13          1                     2366.327637 2025-12-08 00:09:13
14          1                     2459.776855 2025-12-08 00:09:14
15          1                     2563.799316 2025-12-08 00:09:15
16          1                     2678.948486 2025-12-08 00:09:16
17          1                     2805.225586 2025-12-08 00:09:17
18          1                     2941.920654 2025-12-08 00:09:18
19          1                     3087.470215 2025-12-08 00:09:19
20          1                     3239.408447 2025-12-08 00:09:20
21          1                     3394.425537 2025-12-08 00:09:21
22          1                     3548.605469 2025-12-08 00:09:22
23          1                     3697.854004 2025-12-08 00:09:23
24          1                     3838.447510 2025-12-08 00:09:24
25          1                     3967.570801 2025-12-08 00:09:25
26          1                     4083.622803 2025-12-08 00:09:26
27          1                     4186.213379 2025-12-08 00:09:27
28          1                     4275.891113 2025-12-08 00:09:28
29          1                     4353.763184 2025-12-08 00:09:29
30          1                     4421.163574 2025-12-08 00:09:30
31          1                     4479.431641 2025-12-08 00:09:31
32          1                     4529.798340 2025-12-08 00:09:32
33          1                     4573.350098 2025-12-08 00:09:33
34          1                     4611.028320 2025-12-08 00:09:34
35          1                     4643.642090 2025-12-08 00:09:35
36          1                     4671.892090 2025-12-08 00:09:36
37          1                     4696.380859 2025-12-08 00:09:37
38          1                     4717.628906 2025-12-08 00:09:38
39          1                     4736.084961 2025-12-08 00:09:39
40          1                     4752.136719 2025-12-08 00:09:40
41          1                     4766.117676 2025-12-08 00:09:41
42          1                     4778.312988 2025-12-08 00:09:42
43          1                     4788.969727 2025-12-08 00:09:43
44          1                     4798.298340 2025-12-08 00:09:44
45          1                     4806.477051 2025-12-08 00:09:45
46          1                     4813.663086 2025-12-08 00:09:46
47          1                     4819.987305 2025-12-08 00:09:47
48          1                     4825.563477 2025-12-08 00:09:48
49          1                     4830.489258 2025-12-08 00:09:49
50          1                     4834.848145 2025-12-08 00:09:50
51          1                     4838.712891 2025-12-08 00:09:51
52          1                     4842.145020 2025-12-08 00:09:52
53          1                     4845.197266 2025-12-08 00:09:53
54          1                     4847.916992 2025-12-08 00:09:54
55          1                     4850.342285 2025-12-08 00:09:55
56          1                     4852.510254 2025-12-08 00:09:56
57          1                     4854.448730 2025-12-08 00:09:57
58          1                     4856.184082 2025-12-08 00:09:58
59          1                     4857.740723 2025-12-08 00:09:59
Forecasted values inserted into database
Exiting forecasting script

No new messages received yet.Trying again...
No new messages received yet.Trying again...
No new messages received yet.Trying again...
No new messages received yet.Trying again...
No new messages received yet.Trying again...
No new messages received yet.Trying again...
No new messages received yet.Trying again...
No new messages received yet.Trying again...
No new messages received yet.Trying again...
No new messages received yet.Trying again...
No new messages received yet.Trying again...
No new messages received yet.Trying again...
No new messages received yet.Trying again...
No new messages received yet.Trying again...
No new messages received yet.Trying again...
No new messages received yet.Trying again...
No new messages received yet.Trying again...
No new messages received yet.Trying again...
No new messages received yet.Trying again...
No new messages received yet.Trying again...
No new messages received yet.Trying again...
No new messages received yet.Trying again...
No new messages received yet.Trying again...
No new messages received yet.Trying again...
No new messages received yet.Trying again...
No new messages received yet.Trying again...
No new messages received yet.Trying again...
No new messages received yet.Trying again...
No new messages received yet.Trying again...
No new messages received yet.Trying again...
No new messages received yet.Trying again...
No new messages received yet.Trying again...
No new messages received yet.Trying again...
No new messages received yet.Trying again...
No new messages received yet.Trying again...
No new messages received yet.Trying again...
No new messages received yet.Trying again...
No new messages received yet.Trying again...
No new messages received yet.Trying again...
No new messages received yet.Trying again...
No new messages received yet.Trying again...
No new messages received yet.Trying again...
No new messages received yet.Trying again...
No new messages received yet.Trying again...
No new messages received yet.Trying again...
No new messages received yet.Trying again...
No new messages received yet.Trying again...
No new messages received yet.Trying again...
No new messages received yet.Trying again...
No new messages received yet.Trying again...
No new messages received yet.Trying again...
No new messages received yet.Trying again...
No new messages received yet.Trying again...
No new messages received yet.Trying again...
No new messages received yet.Trying again...
No new messages received yet.Trying again...
No new messages received yet.Trying again...
No new messages received yet.Trying again...
No new messages received yet.Trying again...
No new messages received yet.Trying again...
No new messages received yet.Trying again...
No new messages received yet.Trying again...
No new messages received yet.Trying again...
No new messages received yet.Trying again...
No new messages received yet.Trying again...

Actual data inserted to database
Triggering retrain for window beetween 00:00:00 and 00:09:59
lasttimestamp is  2025-12-08 00:09:59
2026-06-01 10:37:31.327 INFO  [139858882328256] ConsumerStatsImpl:59 | Consumer [persistent://public/default/device1_model_consume, pythonSubscription, 0] , ConsumerStatsImpl (numBytesRecieved_ = 9528, totalNumBytesRecieved_ = 9528, receivedMsgMap_ = {[Key: Ok, Value: 397], [Key: TimeOut, Value: 549], }, ackedMsgMap_ = {[Key: {Result: Ok, ackType: 0}, Value: 397], }, totalReceivedMsgMap_ = {[Key: Ok, Value: 397], [Key: TimeOut, Value: 549], }, totalAckedMsgMap_ = {[Key: {Result: Ok, ackType: 0}, Value: 397], })
retrain.py completed successfully:
Database connection established
Retraining model for device device1 with data from table device1_actualvalues between timestamps 2025-12-08-00-00-00 and 2025-12-08-00-09-59...
Epoch 1/200

[1m1/8[0m [32m━━[0m[37m━━━━━━━━━━━━━━━━━━[0m [1m4s[0m 635ms/step - loss: 0.7560
[1m8/8[0m [32m━━━━━━━━━━━━━━━━━━━━[0m[37m[0m [1m1s[0m 7ms/step - loss: 0.6947  
Epoch 2/200

[1m1/8[0m [32m━━[0m[37m━━━━━━━━━━━━━━━━━━[0m [1m0s[0m 17ms/step - loss: 0.5374
[1m8/8[0m [32m━━━━━━━━━━━━━━━━━━━━[0m[37m[0m [1m0s[0m 7ms/step - loss: 0.4020 
Epoch 3/200

[1m1/8[0m [32m━━[0m[37m━━━━━━━━━━━━━━━━━━[0m [1m0s[0m 20ms/step - loss: 0.2514
[1m8/8[0m [32m━━━━━━━━━━━━━━━━━━━━[0m[37m[0m [1m0s[0m 8ms/step - loss: 0.1717 
Epoch 4/200

[1m1/8[0m [32m━━[0m[37m━━━━━━━━━━━━━━━━━━[0m [1m0s[0m 21ms/step - loss: 0.0564
[1m8/8[0m [32m━━━━━━━━━━━━━━━━━━━━[0m[37m[0m [1m0s[0m 8ms/step - loss: 0.0279 
Epoch 5/200

[1m1/8[0m [32m━━[0m[37m━━━━━━━━━━━━━━━━━━[0m [1m0s[0m 21ms/step - loss: 0.0308
[1m8/8[0m [32m━━━━━━━━━━━━━━━━━━━━[0m[37m[0m [1m0s[0m 7ms/step - loss: 0.0321 
Epoch 6/200

[1m1/8[0m [32m━━[0m[37m━━━━━━━━━━━━━━━━━━[0m [1m0s[0m 18ms/step - loss: 0.0212
[1m8/8[0m [32m━━━━━━━━━━━━━━━━━━━━[0m[37m[0m [1m0s[0m 7ms/step - loss: 0.0158 
Epoch 7/200

[1m1/8[0m [32m━━[0m[37m━━━━━━━━━━━━━━━━━━[0m [1m0s[0m 17ms/step - loss: 0.0096
[1m8/8[0m [32m━━━━━━━━━━━━━━━━━━━━[0m[37m[0m [1m0s[0m 8ms/step - loss: 0.0140 
Epoch 8/200

[1m1/8[0m [32m━━[0m[37m━━━━━━━━━━━━━━━━━━[0m [1m0s[0m 19ms/step - loss: 0.0224
[1m8/8[0m [32m━━━━━━━━━━━━━━━━━━━━[0m[37m[0m [1m0s[0m 7ms/step - loss: 0.0137 
Epoch 9/200

[1m1/8[0m [32m━━[0m[37m━━━━━━━━━━━━━━━━━━[0m [1m0s[0m 25ms/step - loss: 0.0184
[1m8/8[0m [32m━━━━━━━━━━━━━━━━━━━━[0m[37m[0m [1m0s[0m 8ms/step - loss: 0.0154 
Epoch 10/200

[1m1/8[0m [32m━━[0m[37m━━━━━━━━━━━━━━━━━━[0m [1m0s[0m 21ms/step - loss: 0.0088
[1m8/8[0m [32m━━━━━━━━━━━━━━━━━━━━[0m[37m[0m [1m0s[0m 8ms/step - loss: 0.0154 
Epoch 11/200

[1m1/8[0m [32m━━[0m[37m━━━━━━━━━━━━━━━━━━[0m [1m0s[0m 20ms/step - loss: 0.0143
[1m8/8[0m [32m━━━━━━━━━━━━━━━━━━━━[0m[37m[0m [1m0s[0m 8ms/step - loss: 0.0119 
Epoch 12/200

[1m1/8[0m [32m━━[0m[37m━━━━━━━━━━━━━━━━━━[0m [1m0s[0m 20ms/step - loss: 0.0155
[1m8/8[0m [32m━━━━━━━━━━━━━━━━━━━━[0m[37m[0m [1m0s[0m 8ms/step - loss: 0.0121 
[1m8/8[0m [32m━━━━━━━━━━━━━━━━━━━━[0m[37m[0m [1m0s[0m 10ms/step - loss: 0.0113
Epoch 13/200

[1m1/8[0m [32m━━[0m[37m━━━━━━━━━━━━━━━━━━[0m [1m0s[0m 22ms/step - loss: 0.0143
[1m8/8[0m [32m━━━━━━━━━━━━━━━━━━━━[0m[37m[0m [1m0s[0m 8ms/step - loss: 0.0104 
Epoch 14/200

[1m1/8[0m [32m━━[0m[37m━━━━━━━━━━━━━━━━━━[0m [1m0s[0m 22ms/step - loss: 0.0127
[1m8/8[0m [32m━━━━━━━━━━━━━━━━━━━━[0m[37m[0m [1m0s[0m 8ms/step - loss: 0.0138 
Epoch 15/200

[1m1/8[0m [32m━━[0m[37m━━━━━━━━━━━━━━━━━━[0m [1m0s[0m 20ms/step - loss: 0.0149
[1m8/8[0m [32m━━━━━━━━━━━━━━━━━━━━[0m[37m[0m [1m0s[0m 8ms/step - loss: 0.0130 
Epoch 16/200

[1m1/8[0m [32m━━[0m[37m━━━━━━━━━━━━━━━━━━[0m [1m0s[0m 21ms/step - loss: 0.0101
[1m8/8[0m [32m━━━━━━━━━━━━━━━━━━━━[0m[37m[0m [1m0s[0m 7ms/step - loss: 0.0122 
Epoch 17/200

[1m1/8[0m [32m━━[0m[37m━━━━━━━━━━━━━━━━━━[0m [1m0s[0m 17ms/step - loss: 0.0099
[1m8/8[0m [32m━━━━━━━━━━━━━━━━━━━━[0m[37m[0m [1m0s[0m 8ms/step - loss: 0.0105 
Epoch 18/200

[1m1/8[0m [32m━━[0m[37m━━━━━━━━━━━━━━━━━━[0m [1m0s[0m 21ms/step - loss: 0.0114
[1m8/8[0m [32m━━━━━━━━━━━━━━━━━━━━[0m[37m[0m [1m0s[0m 8ms/step - loss: 0.0098 
Epoch 19/200

[1m1/8[0m [32m━━[0m[37m━━━━━━━━━━━━━━━━━━[0m [1m0s[0m 20ms/step - loss: 0.0181
[1m8/8[0m [32m━━━━━━━━━━━━━━━━━━━━[0m[37m[0m [1m0s[0m 8ms/step - loss: 0.0123 
Epoch 20/200

[1m1/8[0m [32m━━[0m[37m━━━━━━━━━━━━━━━━━━[0m [1m0s[0m 20ms/step - loss: 0.0057
[1m8/8[0m [32m━━━━━━━━━━━━━━━━━━━━[0m[37m[0m [1m0s[0m 8ms/step - loss: 0.0126 
Epoch 21/200

[1m1/8[0m [32m━━[0m[37m━━━━━━━━━━━━━━━━━━[0m [1m0s[0m 20ms/step - loss: 0.0121
[1m8/8[0m [32m━━━━━━━━━━━━━━━━━━━━[0m[37m[0m [1m0s[0m 8ms/step - loss: 0.0109 
Epoch 22/200

[1m1/8[0m [32m━━[0m[37m━━━━━━━━━━━━━━━━━━[0m [1m0s[0m 20ms/step - loss: 0.0160
[1m8/8[0m [32m━━━━━━━━━━━━━━━━━━━━[0m[37m[0m [1m0s[0m 8ms/step - loss: 0.0110 
Epoch 23/200

[1m1/8[0m [32m━━[0m[37m━━━━━━━━━━━━━━━━━━[0m [1m0s[0m 20ms/step - loss: 0.0072
[1m8/8[0m [32m━━━━━━━━━━━━━━━━━━━━[0m[37m[0m [1m0s[0m 7ms/step - loss: 0.0120 
Epoch 24/200

[1m1/8[0m [32m━━[0m[37m━━━━━━━━━━━━━━━━━━[0m [1m0s[0m 18ms/step - loss: 0.0202
[1m8/8[0m [32m━━━━━━━━━━━━━━━━━━━━[0m[37m[0m [1m0s[0m 7ms/step - loss: 0.0103 
Epoch 25/200

[1m1/8[0m [32m━━[0m[37m━━━━━━━━━━━━━━━━━━[0m [1m0s[0m 21ms/step - loss: 0.0169
[1m8/8[0m [32m━━━━━━━━━━━━━━━━━━━━[0m[37m[0m [1m0s[0m 8ms/step - loss: 0.0111 
Epoch 26/200

[1m1/8[0m [32m━━[0m[37m━━━━━━━━━━━━━━━━━━[0m [1m0s[0m 18ms/step - loss: 0.0143
[1m8/8[0m [32m━━━━━━━━━━━━━━━━━━━━[0m[37m[0m [1m0s[0m 8ms/step - loss: 0.0109 
Epoch 27/200

[1m1/8[0m [32m━━[0m[37m━━━━━━━━━━━━━━━━━━[0m [1m0s[0m 21ms/step - loss: 0.0165
[1m8/8[0m [32m━━━━━━━━━━━━━━━━━━━━[0m[37m[0m [1m0s[0m 7ms/step - loss: 0.0096 
Epoch 28/200

[1m1/8[0m [32m━━[0m[37m━━━━━━━━━━━━━━━━━━[0m [1m0s[0m 15ms/step - loss: 0.0099
[1m8/8[0m [32m━━━━━━━━━━━━━━━━━━━━[0m[37m[0m [1m0s[0m 7ms/step - loss: 0.0094 
Epoch 29/200

[1m1/8[0m [32m━━[0m[37m━━━━━━━━━━━━━━━━━━[0m [1m0s[0m 18ms/step - loss: 0.0101
[1m8/8[0m [32m━━━━━━━━━━━━━━━━━━━━[0m[37m[0m [1m0s[0m 7ms/step - loss: 0.0093 
Epoch 30/200

[1m1/8[0m [32m━━[0m[37m━━━━━━━━━━━━━━━━━━[0m [1m0s[0m 18ms/step - loss: 0.0110
[1m8/8[0m [32m━━━━━━━━━━━━━━━━━━━━[0m[37m[0m [1m0s[0m 7ms/step - loss: 0.0121 
Epoch 31/200

[1m1/8[0m [32m━━[0m[37m━━━━━━━━━━━━━━━━━━[0m [1m0s[0m 17ms/step - loss: 0.0157
[1m8/8[0m [32m━━━━━━━━━━━━━━━━━━━━[0m[37m[0m [1m0s[0m 7ms/step - loss: 0.0097 
Epoch 32/200

[1m1/8[0m [32m━━[0m[37m━━━━━━━━━━━━━━━━━━[0m [1m0s[0m 17ms/step - loss: 0.0104
[1m8/8[0m [32m━━━━━━━━━━━━━━━━━━━━[0m[37m[0m [1m0s[0m 7ms/step - loss: 0.0110 
Epoch 33/200

[1m1/8[0m [32m━━[0m[37m━━━━━━━━━━━━━━━━━━[0m [1m0s[0m 19ms/step - loss: 0.0067
[1m8/8[0m [32m━━━━━━━━━━━━━━━━━━━━[0m[37m[0m [1m0s[0m 7ms/step - loss: 0.0103 
Epoch 34/200

[1m1/8[0m [32m━━[0m[37m━━━━━━━━━━━━━━━━━━[0m [1m0s[0m 29ms/step - loss: 0.0068
[1m8/8[0m [32m━━━━━━━━━━━━━━━━━━━━[0m[37m[0m [1m0s[0m 8ms/step - loss: 0.0091 
Epoch 35/200

[1m1/8[0m [32m━━[0m[37m━━━━━━━━━━━━━━━━━━[0m [1m0s[0m 20ms/step - loss: 0.0055
[1m8/8[0m [32m━━━━━━━━━━━━━━━━━━━━[0m[37m[0m [1m0s[0m 8ms/step - loss: 0.0098 
Epoch 36/200

[1m1/8[0m [32m━━[0m[37m━━━━━━━━━━━━━━━━━━[0m [1m0s[0m 19ms/step - loss: 0.0094
[1m8/8[0m [32m━━━━━━━━━━━━━━━━━━━━[0m[37m[0m [1m0s[0m 8ms/step - loss: 0.0094 
Epoch 37/200

[1m1/8[0m [32m━━[0m[37m━━━━━━━━━━━━━━━━━━[0m [1m0s[0m 20ms/step - loss: 0.0111
[1m8/8[0m [32m━━━━━━━━━━━━━━━━━━━━[0m[37m[0m [1m0s[0m 8ms/step - loss: 0.0111 
Epoch 38/200

[1m1/8[0m [32m━━[0m[37m━━━━━━━━━━━━━━━━━━[0m [1m0s[0m 20ms/step - loss: 0.0072
[1m8/8[0m [32m━━━━━━━━━━━━━━━━━━━━[0m[37m[0m [1m0s[0m 8ms/step - loss: 0.0088 
Epoch 39/200

[1m1/8[0m [32m━━[0m[37m━━━━━━━━━━━━━━━━━━[0m [1m0s[0m 21ms/step - loss: 0.0078
[1m8/8[0m [32m━━━━━━━━━━━━━━━━━━━━[0m[37m[0m [1m0s[0m 8ms/step - loss: 0.0096 
Epoch 40/200

[1m1/8[0m [32m━━[0m[37m━━━━━━━━━━━━━━━━━━[0m [1m0s[0m 20ms/step - loss: 0.0041
[1m8/8[0m [32m━━━━━━━━━━━━━━━━━━━━[0m[37m[0m [1m0s[0m 8ms/step - loss: 0.0086 
Epoch 41/200

[1m1/8[0m [32m━━[0m[37m━━━━━━━━━━━━━━━━━━[0m [1m0s[0m 20ms/step - loss: 0.0140
[1m8/8[0m [32m━━━━━━━━━━━━━━━━━━━━[0m[37m[0m [1m0s[0m 7ms/step - loss: 0.0086 
Epoch 42/200

[1m1/8[0m [32m━━[0m[37m━━━━━━━━━━━━━━━━━━[0m [1m0s[0m 16ms/step - loss: 0.0137
[1m8/8[0m [32m━━━━━━━━━━━━━━━━━━━━[0m[37m[0m [1m0s[0m 7ms/step - loss: 0.0088 
Epoch 43/200

[1m1/8[0m [32m━━[0m[37m━━━━━━━━━━━━━━━━━━[0m [1m0s[0m 26ms/step - loss: 0.0113
[1m8/8[0m [32m━━━━━━━━━━━━━━━━━━━━[0m[37m[0m [1m0s[0m 8ms/step - loss: 0.0094 
[1m8/8[0m [32m━━━━━━━━━━━━━━━━━━━━[0m[37m[0m [1m0s[0m 9ms/step - loss: 0.0090
Epoch 44/200

[1m1/8[0m [32m━━[0m[37m━━━━━━━━━━━━━━━━━━[0m [1m0s[0m 18ms/step - loss: 0.0129
[1m8/8[0m [32m━━━━━━━━━━━━━━━━━━━━[0m[37m[0m [1m0s[0m 7ms/step - loss: 0.0082 
Epoch 45/200

[1m1/8[0m [32m━━[0m[37m━━━━━━━━━━━━━━━━━━[0m [1m0s[0m 15ms/step - loss: 0.0079
[1m8/8[0m [32m━━━━━━━━━━━━━━━━━━━━[0m[37m[0m [1m0s[0m 7ms/step - loss: 0.0087 
Epoch 46/200

[1m1/8[0m [32m━━[0m[37m━━━━━━━━━━━━━━━━━━[0m [1m0s[0m 16ms/step - loss: 0.0078
[1m8/8[0m [32m━━━━━━━━━━━━━━━━━━━━[0m[37m[0m [1m0s[0m 7ms/step - loss: 0.0094 
Epoch 47/200

[1m1/8[0m [32m━━[0m[37m━━━━━━━━━━━━━━━━━━[0m [1m0s[0m 16ms/step - loss: 0.0058
[1m8/8[0m [32m━━━━━━━━━━━━━━━━━━━━[0m[37m[0m [1m0s[0m 7ms/step - loss: 0.0078 
Epoch 48/200

[1m1/8[0m [32m━━[0m[37m━━━━━━━━━━━━━━━━━━[0m [1m0s[0m 18ms/step - loss: 0.0087
[1m8/8[0m [32m━━━━━━━━━━━━━━━━━━━━[0m[37m[0m [1m0s[0m 8ms/step - loss: 0.0077 
Epoch 49/200

[1m1/8[0m [32m━━[0m[37m━━━━━━━━━━━━━━━━━━[0m [1m0s[0m 19ms/step - loss: 0.0136
[1m8/8[0m [32m━━━━━━━━━━━━━━━━━━━━[0m[37m[0m [1m0s[0m 6ms/step - loss: 0.0099 
Epoch 50/200

[1m1/8[0m [32m━━[0m[37m━━━━━━━━━━━━━━━━━━[0m [1m0s[0m 16ms/step - loss: 0.0077
[1m8/8[0m [32m━━━━━━━━━━━━━━━━━━━━[0m[37m[0m [1m0s[0m 8ms/step - loss: 0.0077 
Epoch 51/200

[1m1/8[0m [32m━━[0m[37m━━━━━━━━━━━━━━━━━━[0m [1m0s[0m 20ms/step - loss: 0.0057
[1m8/8[0m [32m━━━━━━━━━━━━━━━━━━━━[0m[37m[0m [1m0s[0m 7ms/step - loss: 0.0082 
Epoch 52/200

[1m1/8[0m [32m━━[0m[37m━━━━━━━━━━━━━━━━━━[0m [1m0s[0m 17ms/step - loss: 0.0042
[1m8/8[0m [32m━━━━━━━━━━━━━━━━━━━━[0m[37m[0m [1m0s[0m 8ms/step - loss: 0.0084 
Epoch 53/200

[1m1/8[0m [32m━━[0m[37m━━━━━━━━━━━━━━━━━━[0m [1m0s[0m 18ms/step - loss: 0.0117
[1m8/8[0m [32m━━━━━━━━━━━━━━━━━━━━[0m[37m[0m [1m0s[0m 7ms/step - loss: 0.0090 
Epoch 54/200

[1m1/8[0m [32m━━[0m[37m━━━━━━━━━━━━━━━━━━[0m [1m0s[0m 17ms/step - loss: 0.0070
[1m8/8[0m [32m━━━━━━━━━━━━━━━━━━━━[0m[37m[0m [1m0s[0m 8ms/step - loss: 0.0073 
Epoch 55/200

[1m1/8[0m [32m━━[0m[37m━━━━━━━━━━━━━━━━━━[0m [1m0s[0m 20ms/step - loss: 0.0038
[1m8/8[0m [32m━━━━━━━━━━━━━━━━━━━━[0m[37m[0m [1m0s[0m 8ms/step - loss: 0.0070 
Epoch 56/200

[1m1/8[0m [32m━━[0m[37m━━━━━━━━━━━━━━━━━━[0m [1m0s[0m 20ms/step - loss: 0.0038
[1m8/8[0m [32m━━━━━━━━━━━━━━━━━━━━[0m[37m[0m [1m0s[0m 7ms/step - loss: 0.0082 
Epoch 57/200

[1m1/8[0m [32m━━[0m[37m━━━━━━━━━━━━━━━━━━[0m [1m0s[0m 17ms/step - loss: 0.0055
[1m8/8[0m [32m━━━━━━━━━━━━━━━━━━━━[0m[37m[0m [1m0s[0m 7ms/step - loss: 0.0081 
Epoch 58/200

[1m1/8[0m [32m━━[0m[37m━━━━━━━━━━━━━━━━━━[0m [1m0s[0m 15ms/step - loss: 0.0077
[1m8/8[0m [32m━━━━━━━━━━━━━━━━━━━━[0m[37m[0m [1m0s[0m 7ms/step - loss: 0.0075 
Epoch 59/200

[1m1/8[0m [32m━━[0m[37m━━━━━━━━━━━━━━━━━━[0m [1m0s[0m 15ms/step - loss: 0.0118
[1m8/8[0m [32m━━━━━━━━━━━━━━━━━━━━[0m[37m[0m [1m0s[0m 7ms/step - loss: 0.0086 
Epoch 60/200

[1m1/8[0m [32m━━[0m[37m━━━━━━━━━━━━━━━━━━[0m [1m0s[0m 20ms/step - loss: 0.0048
[1m8/8[0m [32m━━━━━━━━━━━━━━━━━━━━[0m[37m[0m [1m0s[0m 7ms/step - loss: 0.0084 
Epoch 61/200

[1m1/8[0m [32m━━[0m[37m━━━━━━━━━━━━━━━━━━[0m [1m0s[0m 16ms/step - loss: 0.0113
[1m8/8[0m [32m━━━━━━━━━━━━━━━━━━━━[0m[37m[0m [1m0s[0m 6ms/step - loss: 0.0082 
Epoch 62/200

[1m1/8[0m [32m━━[0m[37m━━━━━━━━━━━━━━━━━━[0m [1m0s[0m 17ms/step - loss: 0.0118
[1m8/8[0m [32m━━━━━━━━━━━━━━━━━━━━[0m[37m[0m [1m0s[0m 8ms/step - loss: 0.0085 
Epoch 63/200

[1m1/8[0m [32m━━[0m[37m━━━━━━━━━━━━━━━━━━[0m [1m0s[0m 19ms/step - loss: 0.0073
[1m8/8[0m [32m━━━━━━━━━━━━━━━━━━━━[0m[37m[0m [1m0s[0m 7ms/step - loss: 0.0077 
Epoch 64/200

[1m1/8[0m [32m━━[0m[37m━━━━━━━━━━━━━━━━━━[0m [1m0s[0m 19ms/step - loss: 0.0057
[1m8/8[0m [32m━━━━━━━━━━━━━━━━━━━━[0m[37m[0m [1m0s[0m 7ms/step - loss: 0.0083 
Epoch 65/200

[1m1/8[0m [32m━━[0m[37m━━━━━━━━━━━━━━━━━━[0m [1m0s[0m 16ms/step - loss: 0.0130
[1m8/8[0m [32m━━━━━━━━━━━━━━━━━━━━[0m[37m[0m [1m0s[0m 7ms/step - loss: 0.0077 
Epoch 66/200

[1m1/8[0m [32m━━[0m[37m━━━━━━━━━━━━━━━━━━[0m [1m0s[0m 16ms/step - loss: 0.0053
[1m8/8[0m [32m━━━━━━━━━━━━━━━━━━━━[0m[37m[0m [1m0s[0m 8ms/step - loss: 0.0083 
Epoch 67/200

[1m1/8[0m [32m━━[0m[37m━━━━━━━━━━━━━━━━━━[0m [1m0s[0m 20ms/step - loss: 0.0130
[1m8/8[0m [32m━━━━━━━━━━━━━━━━━━━━[0m[37m[0m [1m0s[0m 7ms/step - loss: 0.0082 
Epoch 68/200

[1m1/8[0m [32m━━[0m[37m━━━━━━━━━━━━━━━━━━[0m [1m0s[0m 16ms/step - loss: 0.0070
[1m8/8[0m [32m━━━━━━━━━━━━━━━━━━━━[0m[37m[0m [1m0s[0m 7ms/step - loss: 0.0070 
Epoch 69/200

[1m1/8[0m [32m━━[0m[37m━━━━━━━━━━━━━━━━━━[0m [1m0s[0m 17ms/step - loss: 0.0083
[1m8/8[0m [32m━━━━━━━━━━━━━━━━━━━━[0m[37m[0m [1m0s[0m 7ms/step - loss: 0.0075 
Epoch 70/200

[1m1/8[0m [32m━━[0m[37m━━━━━━━━━━━━━━━━━━[0m [1m0s[0m 17ms/step - loss: 0.0067
[1m8/8[0m [32m━━━━━━━━━━━━━━━━━━━━[0m[37m[0m [1m0s[0m 8ms/step - loss: 0.0071 
Epoch 71/200

[1m1/8[0m [32m━━[0m[37m━━━━━━━━━━━━━━━━━━[0m [1m0s[0m 20ms/step - loss: 0.0077
[1m8/8[0m [32m━━━━━━━━━━━━━━━━━━━━[0m[37m[0m [1m0s[0m 7ms/step - loss: 0.0069 
Epoch 72/200

[1m1/8[0m [32m━━[0m[37m━━━━━━━━━━━━━━━━━━[0m [1m0s[0m 15ms/step - loss: 0.0055
[1m8/8[0m [32m━━━━━━━━━━━━━━━━━━━━[0m[37m[0m [1m0s[0m 7ms/step - loss: 0.0082 
Epoch 73/200

[1m1/8[0m [32m━━[0m[37m━━━━━━━━━━━━━━━━━━[0m [1m0s[0m 15ms/step - loss: 0.0062
[1m8/8[0m [32m━━━━━━━━━━━━━━━━━━━━[0m[37m[0m [1m0s[0m 7ms/step - loss: 0.0076 
Epoch 74/200

[1m1/8[0m [32m━━[0m[37m━━━━━━━━━━━━━━━━━━[0m [1m0s[0m 19ms/step - loss: 0.0090
[1m8/8[0m [32m━━━━━━━━━━━━━━━━━━━━[0m[37m[0m [1m0s[0m 8ms/step - loss: 0.0075 
Epoch 75/200

[1m1/8[0m [32m━━[0m[37m━━━━━━━━━━━━━━━━━━[0m [1m0s[0m 20ms/step - loss: 0.0080
[1m8/8[0m [32m━━━━━━━━━━━━━━━━━━━━[0m[37m[0m [1m0s[0m 7ms/step - loss: 0.0079 
Epoch 76/200

[1m1/8[0m [32m━━[0m[37m━━━━━━━━━━━━━━━━━━[0m [1m0s[0m 19ms/step - loss: 0.0058
[1m8/8[0m [32m━━━━━━━━━━━━━━━━━━━━[0m[37m[0m [1m0s[0m 6ms/step - loss: 0.0072 
Epoch 77/200

[1m1/8[0m [32m━━[0m[37m━━━━━━━━━━━━━━━━━━[0m [1m0s[0m 16ms/step - loss: 0.0060
[1m8/8[0m [32m━━━━━━━━━━━━━━━━━━━━[0m[37m[0m [1m0s[0m 6ms/step - loss: 0.0075 
Epoch 78/200

[1m1/8[0m [32m━━[0m[37m━━━━━━━━━━━━━━━━━━[0m [1m0s[0m 15ms/step - loss: 0.0068
[1m8/8[0m [32m━━━━━━━━━━━━━━━━━━━━[0m[37m[0m [1m0s[0m 6ms/step - loss: 0.0067 
Epoch 79/200

[1m1/8[0m [32m━━[0m[37m━━━━━━━━━━━━━━━━━━[0m [1m0s[0m 17ms/step - loss: 0.0068
[1m8/8[0m [32m━━━━━━━━━━━━━━━━━━━━[0m[37m[0m [1m0s[0m 8ms/step - loss: 0.0070 
Epoch 80/200

[1m1/8[0m [32m━━[0m[37m━━━━━━━━━━━━━━━━━━[0m [1m0s[0m 21ms/step - loss: 0.0036
[1m8/8[0m [32m━━━━━━━━━━━━━━━━━━━━[0m[37m[0m [1m0s[0m 7ms/step - loss: 0.0070 
Epoch 81/200

[1m1/8[0m [32m━━[0m[37m━━━━━━━━━━━━━━━━━━[0m [1m0s[0m 16ms/step - loss: 0.0065
[1m8/8[0m [32m━━━━━━━━━━━━━━━━━━━━[0m[37m[0m [1m0s[0m 7ms/step - loss: 0.0065 
Epoch 82/200

[1m1/8[0m [32m━━[0m[37m━━━━━━━━━━━━━━━━━━[0m [1m0s[0m 17ms/step - loss: 0.0068
[1m8/8[0m [32m━━━━━━━━━━━━━━━━━━━━[0m[37m[0m [1m0s[0m 7ms/step - loss: 0.0076 
Epoch 83/200

[1m1/8[0m [32m━━[0m[37m━━━━━━━━━━━━━━━━━━[0m [1m0s[0m 17ms/step - loss: 0.0055
[1m8/8[0m [32m━━━━━━━━━━━━━━━━━━━━[0m[37m[0m [1m0s[0m 8ms/step - loss: 0.0059 
Epoch 84/200

[1m1/8[0m [32m━━[0m[37m━━━━━━━━━━━━━━━━━━[0m [1m0s[0m 17ms/step - loss: 0.0069
[1m8/8[0m [32m━━━━━━━━━━━━━━━━━━━━[0m[37m[0m [1m0s[0m 8ms/step - loss: 0.0074 
Epoch 85/200

[1m1/8[0m [32m━━[0m[37m━━━━━━━━━━━━━━━━━━[0m [1m0s[0m 17ms/step - loss: 0.0083
[1m8/8[0m [32m━━━━━━━━━━━━━━━━━━━━[0m[37m[0m [1m0s[0m 7ms/step - loss: 0.0069 
Epoch 86/200

[1m1/8[0m [32m━━[0m[37m━━━━━━━━━━━━━━━━━━[0m [1m0s[0m 17ms/step - loss: 0.0066
[1m8/8[0m [32m━━━━━━━━━━━━━━━━━━━━[0m[37m[0m [1m0s[0m 8ms/step - loss: 0.0064 
Epoch 87/200

[1m1/8[0m [32m━━[0m[37m━━━━━━━━━━━━━━━━━━[0m [1m0s[0m 22ms/step - loss: 0.0041
[1m8/8[0m [32m━━━━━━━━━━━━━━━━━━━━[0m[37m[0m [1m0s[0m 8ms/step - loss: 0.0070 
Epoch 88/200

[1m1/8[0m [32m━━[0m[37m━━━━━━━━━━━━━━━━━━[0m [1m0s[0m 20ms/step - loss: 0.0067
[1m8/8[0m [32m━━━━━━━━━━━━━━━━━━━━[0m[37m[0m [1m0s[0m 7ms/step - loss: 0.0069 
Epoch 89/200

[1m1/8[0m [32m━━[0m[37m━━━━━━━━━━━━━━━━━━[0m [1m0s[0m 19ms/step - loss: 0.0081
[1m8/8[0m [32m━━━━━━━━━━━━━━━━━━━━[0m[37m[0m [1m0s[0m 7ms/step - loss: 0.0068 
Epoch 90/200

[1m1/8[0m [32m━━[0m[37m━━━━━━━━━━━━━━━━━━[0m [1m0s[0m 15ms/step - loss: 0.0071
[1m8/8[0m [32m━━━━━━━━━━━━━━━━━━━━[0m[37m[0m [1m0s[0m 6ms/step - loss: 0.0068 
Epoch 91/200

[1m1/8[0m [32m━━[0m[37m━━━━━━━━━━━━━━━━━━[0m [1m0s[0m 17ms/step - loss: 0.0045
[1m8/8[0m [32m━━━━━━━━━━━━━━━━━━━━[0m[37m[0m [1m0s[0m 6ms/step - loss: 0.0063 
Epoch 92/200

[1m1/8[0m [32m━━[0m[37m━━━━━━━━━━━━━━━━━━[0m [1m0s[0m 16ms/step - loss: 0.0064
[1m8/8[0m [32m━━━━━━━━━━━━━━━━━━━━[0m[37m[0m [1m0s[0m 8ms/step - loss: 0.0067 
Epoch 93/200

[1m1/8[0m [32m━━[0m[37m━━━━━━━━━━━━━━━━━━[0m [1m0s[0m 19ms/step - loss: 0.0052
[1m8/8[0m [32m━━━━━━━━━━━━━━━━━━━━[0m[37m[0m [1m0s[0m 7ms/step - loss: 0.0066 
Epoch 94/200

[1m1/8[0m [32m━━[0m[37m━━━━━━━━━━━━━━━━━━[0m [1m0s[0m 17ms/step - loss: 0.0057
[1m8/8[0m [32m━━━━━━━━━━━━━━━━━━━━[0m[37m[0m [1m0s[0m 7ms/step - loss: 0.0059 
Epoch 95/200

[1m1/8[0m [32m━━[0m[37m━━━━━━━━━━━━━━━━━━[0m [1m0s[0m 16ms/step - loss: 0.0074
[1m8/8[0m [32m━━━━━━━━━━━━━━━━━━━━[0m[37m[0m [1m0s[0m 7ms/step - loss: 0.0067 
Epoch 96/200

[1m1/8[0m [32m━━[0m[37m━━━━━━━━━━━━━━━━━━[0m [1m0s[0m 17ms/step - loss: 0.0046
[1m8/8[0m [32m━━━━━━━━━━━━━━━━━━━━[0m[37m[0m [1m0s[0m 7ms/step - loss: 0.0066 
Epoch 97/200

[1m1/8[0m [32m━━[0m[37m━━━━━━━━━━━━━━━━━━[0m [1m0s[0m 18ms/step - loss: 0.0063
[1m8/8[0m [32m━━━━━━━━━━━━━━━━━━━━[0m[37m[0m [1m0s[0m 8ms/step - loss: 0.0072 
Epoch 98/200

[1m1/8[0m [32m━━[0m[37m━━━━━━━━━━━━━━━━━━[0m [1m0s[0m 17ms/step - loss: 0.0035
[1m8/8[0m [32m━━━━━━━━━━━━━━━━━━━━[0m[37m[0m [1m0s[0m 8ms/step - loss: 0.0080 
Epoch 99/200

[1m1/8[0m [32m━━[0m[37m━━━━━━━━━━━━━━━━━━[0m [1m0s[0m 20ms/step - loss: 0.0107
[1m8/8[0m [32m━━━━━━━━━━━━━━━━━━━━[0m[37m[0m [1m0s[0m 8ms/step - loss: 0.0076 
Epoch 100/200

[1m1/8[0m [32m━━[0m[37m━━━━━━━━━━━━━━━━━━[0m [1m0s[0m 21ms/step - loss: 0.0048
[1m8/8[0m [32m━━━━━━━━━━━━━━━━━━━━[0m[37m[0m [1m0s[0m 7ms/step - loss: 0.0068 
Epoch 101/200

[1m1/8[0m [32m━━[0m[37m━━━━━━━━━━━━━━━━━━[0m [1m0s[0m 16ms/step - loss: 0.0075
[1m8/8[0m [32m━━━━━━━━━━━━━━━━━━━━[0m[37m[0m [1m0s[0m 7ms/step - loss: 0.0064 
Epoch 102/200

[1m1/8[0m [32m━━[0m[37m━━━━━━━━━━━━━━━━━━[0m [1m0s[0m 17ms/step - loss: 0.0059
[1m8/8[0m [32m━━━━━━━━━━━━━━━━━━━━[0m[37m[0m [1m0s[0m 7ms/step - loss: 0.0069 
Epoch 103/200

[1m1/8[0m [32m━━[0m[37m━━━━━━━━━━━━━━━━━━[0m [1m0s[0m 17ms/step - loss: 0.0038
[1m8/8[0m [32m━━━━━━━━━━━━━━━━━━━━[0m[37m[0m [1m0s[0m 7ms/step - loss: 0.0058 
Epoch 104/200

[1m1/8[0m [32m━━[0m[37m━━━━━━━━━━━━━━━━━━[0m [1m0s[0m 17ms/step - loss: 0.0094
[1m8/8[0m [32m━━━━━━━━━━━━━━━━━━━━[0m[37m[0m [1m0s[0m 7ms/step - loss: 0.0067 
Epoch 105/200

[1m1/8[0m [32m━━[0m[37m━━━━━━━━━━━━━━━━━━[0m [1m0s[0m 18ms/step - loss: 0.0038
[1m8/8[0m [32m━━━━━━━━━━━━━━━━━━━━[0m[37m[0m [1m0s[0m 7ms/step - loss: 0.0060 
Epoch 106/200

[1m1/8[0m [32m━━[0m[37m━━━━━━━━━━━━━━━━━━[0m [1m0s[0m 17ms/step - loss: 0.0063
[1m8/8[0m [32m━━━━━━━━━━━━━━━━━━━━[0m[37m[0m [1m0s[0m 6ms/step - loss: 0.0065 
Epoch 107/200

[1m1/8[0m [32m━━[0m[37m━━━━━━━━━━━━━━━━━━[0m [1m0s[0m 17ms/step - loss: 0.0085
[1m8/8[0m [32m━━━━━━━━━━━━━━━━━━━━[0m[37m[0m [1m0s[0m 6ms/step - loss: 0.0076 
Epoch 108/200

[1m1/8[0m [32m━━[0m[37m━━━━━━━━━━━━━━━━━━[0m [1m0s[0m 17ms/step - loss: 0.0064
[1m8/8[0m [32m━━━━━━━━━━━━━━━━━━━━[0m[37m[0m [1m0s[0m 6ms/step - loss: 0.0076 
Epoch 109/200

[1m1/8[0m [32m━━[0m[37m━━━━━━━━━━━━━━━━━━[0m [1m0s[0m 16ms/step - loss: 0.0085
[1m8/8[0m [32m━━━━━━━━━━━━━━━━━━━━[0m[37m[0m [1m0s[0m 7ms/step - loss: 0.0069 
Epoch 110/200

[1m1/8[0m [32m━━[0m[37m━━━━━━━━━━━━━━━━━━[0m [1m0s[0m 17ms/step - loss: 0.0045
[1m8/8[0m [32m━━━━━━━━━━━━━━━━━━━━[0m[37m[0m [1m0s[0m 8ms/step - loss: 0.0056 
Epoch 111/200

[1m1/8[0m [32m━━[0m[37m━━━━━━━━━━━━━━━━━━[0m [1m0s[0m 21ms/step - loss: 0.0096
[1m8/8[0m [32m━━━━━━━━━━━━━━━━━━━━[0m[37m[0m [1m0s[0m 8ms/step - loss: 0.0062 
Epoch 112/200

[1m1/8[0m [32m━━[0m[37m━━━━━━━━━━━━━━━━━━[0m [1m0s[0m 21ms/step - loss: 0.0054
[1m8/8[0m [32m━━━━━━━━━━━━━━━━━━━━[0m[37m[0m [1m0s[0m 8ms/step - loss: 0.0057 
Epoch 113/200

[1m1/8[0m [32m━━[0m[37m━━━━━━━━━━━━━━━━━━[0m [1m0s[0m 19ms/step - loss: 0.0075
[1m8/8[0m [32m━━━━━━━━━━━━━━━━━━━━[0m[37m[0m [1m0s[0m 8ms/step - loss: 0.0062 
Epoch 114/200

[1m1/8[0m [32m━━[0m[37m━━━━━━━━━━━━━━━━━━[0m [1m0s[0m 21ms/step - loss: 0.0113
[1m8/8[0m [32m━━━━━━━━━━━━━━━━━━━━[0m[37m[0m [1m0s[0m 8ms/step - loss: 0.0069 
Epoch 115/200

[1m1/8[0m [32m━━[0m[37m━━━━━━━━━━━━━━━━━━[0m [1m0s[0m 20ms/step - loss: 0.0070
[1m8/8[0m [32m━━━━━━━━━━━━━━━━━━━━[0m[37m[0m [1m0s[0m 8ms/step - loss: 0.0060 
Epoch 116/200

[1m1/8[0m [32m━━[0m[37m━━━━━━━━━━━━━━━━━━[0m [1m0s[0m 21ms/step - loss: 0.0082
[1m8/8[0m [32m━━━━━━━━━━━━━━━━━━━━[0m[37m[0m [1m0s[0m 7ms/step - loss: 0.0074 
Epoch 117/200

[1m1/8[0m [32m━━[0m[37m━━━━━━━━━━━━━━━━━━[0m [1m0s[0m 16ms/step - loss: 0.0032
[1m8/8[0m [32m━━━━━━━━━━━━━━━━━━━━[0m[37m[0m [1m0s[0m 6ms/step - loss: 0.0061 
Epoch 118/200

[1m1/8[0m [32m━━[0m[37m━━━━━━━━━━━━━━━━━━[0m [1m0s[0m 18ms/step - loss: 0.0073
[1m8/8[0m [32m━━━━━━━━━━━━━━━━━━━━[0m[37m[0m [1m0s[0m 7ms/step - loss: 0.0061 
Epoch 119/200

[1m1/8[0m [32m━━[0m[37m━━━━━━━━━━━━━━━━━━[0m [1m0s[0m 16ms/step - loss: 0.0042
[1m8/8[0m [32m━━━━━━━━━━━━━━━━━━━━[0m[37m[0m [1m0s[0m 7ms/step - loss: 0.0058 
Epoch 120/200

[1m1/8[0m [32m━━[0m[37m━━━━━━━━━━━━━━━━━━[0m [1m0s[0m 19ms/step - loss: 0.0052
[1m8/8[0m [32m━━━━━━━━━━━━━━━━━━━━[0m[37m[0m [1m0s[0m 8ms/step - loss: 0.0064 
Epoch 121/200

[1m1/8[0m [32m━━[0m[37m━━━━━━━━━━━━━━━━━━[0m [1m0s[0m 19ms/step - loss: 0.0147
[1m8/8[0m [32m━━━━━━━━━━━━━━━━━━━━[0m[37m[0m [1m0s[0m 7ms/step - loss: 0.0068 
Epoch 122/200

[1m1/8[0m [32m━━[0m[37m━━━━━━━━━━━━━━━━━━[0m [1m0s[0m 19ms/step - loss: 0.0043
[1m8/8[0m [32m━━━━━━━━━━━━━━━━━━━━[0m[37m[0m [1m0s[0m 6ms/step - loss: 0.0056 
Epoch 123/200

[1m1/8[0m [32m━━[0m[37m━━━━━━━━━━━━━━━━━━[0m [1m0s[0m 16ms/step - loss: 0.0093
[1m8/8[0m [32m━━━━━━━━━━━━━━━━━━━━[0m[37m[0m [1m0s[0m 6ms/step - loss: 0.0058 
Epoch 124/200

[1m1/8[0m [32m━━[0m[37m━━━━━━━━━━━━━━━━━━[0m [1m0s[0m 16ms/step - loss: 0.0055
[1m8/8[0m [32m━━━━━━━━━━━━━━━━━━━━[0m[37m[0m [1m0s[0m 7ms/step - loss: 0.0062 
Epoch 125/200

[1m1/8[0m [32m━━[0m[37m━━━━━━━━━━━━━━━━━━[0m [1m0s[0m 19ms/step - loss: 0.0076
[1m8/8[0m [32m━━━━━━━━━━━━━━━━━━━━[0m[37m[0m [1m0s[0m 7ms/step - loss: 0.0058 
Epoch 126/200

[1m1/8[0m [32m━━[0m[37m━━━━━━━━━━━━━━━━━━[0m [1m0s[0m 16ms/step - loss: 0.0037
[1m8/8[0m [32m━━━━━━━━━━━━━━━━━━━━[0m[37m[0m [1m0s[0m 7ms/step - loss: 0.0063 
Epoch 127/200

[1m1/8[0m [32m━━[0m[37m━━━━━━━━━━━━━━━━━━[0m [1m0s[0m 16ms/step - loss: 0.0047
[1m8/8[0m [32m━━━━━━━━━━━━━━━━━━━━[0m[37m[0m [1m0s[0m 7ms/step - loss: 0.0058 
Epoch 128/200

[1m1/8[0m [32m━━[0m[37m━━━━━━━━━━━━━━━━━━[0m [1m0s[0m 16ms/step - loss: 0.0096
[1m8/8[0m [32m━━━━━━━━━━━━━━━━━━━━[0m[37m[0m [1m0s[0m 7ms/step - loss: 0.0059 
Epoch 129/200

[1m1/8[0m [32m━━[0m[37m━━━━━━━━━━━━━━━━━━[0m [1m0s[0m 16ms/step - loss: 0.0075
[1m8/8[0m [32m━━━━━━━━━━━━━━━━━━━━[0m[37m[0m [1m0s[0m 8ms/step - loss: 0.0066 
Epoch 130/200

[1m1/8[0m [32m━━[0m[37m━━━━━━━━━━━━━━━━━━[0m [1m0s[0m 20ms/step - loss: 0.0058
[1m8/8[0m [32m━━━━━━━━━━━━━━━━━━━━[0m[37m[0m [1m0s[0m 8ms/step - loss: 0.0054 
Epoch 131/200

[1m1/8[0m [32m━━[0m[37m━━━━━━━━━━━━━━━━━━[0m [1m0s[0m 22ms/step - loss: 0.0059
[1m8/8[0m [32m━━━━━━━━━━━━━━━━━━━━[0m[37m[0m [1m0s[0m 7ms/step - loss: 0.0059 
Epoch 132/200

[1m1/8[0m [32m━━[0m[37m━━━━━━━━━━━━━━━━━━[0m [1m0s[0m 17ms/step - loss: 0.0036
[1m8/8[0m [32m━━━━━━━━━━━━━━━━━━━━[0m[37m[0m [1m0s[0m 7ms/step - loss: 0.0057 
Epoch 133/200

[1m1/8[0m [32m━━[0m[37m━━━━━━━━━━━━━━━━━━[0m [1m0s[0m 16ms/step - loss: 0.0024
[1m8/8[0m [32m━━━━━━━━━━━━━━━━━━━━[0m[37m[0m [1m0s[0m 7ms/step - loss: 0.0052 
Epoch 134/200

[1m1/8[0m [32m━━[0m[37m━━━━━━━━━━━━━━━━━━[0m [1m0s[0m 21ms/step - loss: 0.0042
[1m8/8[0m [32m━━━━━━━━━━━━━━━━━━━━[0m[37m[0m [1m0s[0m 7ms/step - loss: 0.0060 
Epoch 135/200

[1m1/8[0m [32m━━[0m[37m━━━━━━━━━━━━━━━━━━[0m [1m0s[0m 19ms/step - loss: 0.0030
[1m8/8[0m [32m━━━━━━━━━━━━━━━━━━━━[0m[37m[0m [1m0s[0m 8ms/step - loss: 0.0057 
Epoch 136/200

[1m1/8[0m [32m━━[0m[37m━━━━━━━━━━━━━━━━━━[0m [1m0s[0m 20ms/step - loss: 0.0049
[1m8/8[0m [32m━━━━━━━━━━━━━━━━━━━━[0m[37m[0m [1m0s[0m 8ms/step - loss: 0.0061 
Epoch 137/200

[1m1/8[0m [32m━━[0m[37m━━━━━━━━━━━━━━━━━━[0m [1m0s[0m 19ms/step - loss: 0.0041
[1m8/8[0m [32m━━━━━━━━━━━━━━━━━━━━[0m[37m[0m [1m0s[0m 7ms/step - loss: 0.0063 
Epoch 138/200

[1m1/8[0m [32m━━[0m[37m━━━━━━━━━━━━━━━━━━[0m [1m0s[0m 20ms/step - loss: 0.0074
[1m8/8[0m [32m━━━━━━━━━━━━━━━━━━━━[0m[37m[0m [1m0s[0m 7ms/step - loss: 0.0057 
Epoch 139/200

[1m1/8[0m [32m━━[0m[37m━━━━━━━━━━━━━━━━━━[0m [1m0s[0m 16ms/step - loss: 0.0067
[1m8/8[0m [32m━━━━━━━━━━━━━━━━━━━━[0m[37m[0m [1m0s[0m 7ms/step - loss: 0.0060 
Epoch 140/200

[1m1/8[0m [32m━━[0m[37m━━━━━━━━━━━━━━━━━━[0m [1m0s[0m 16ms/step - loss: 0.0033
[1m8/8[0m [32m━━━━━━━━━━━━━━━━━━━━[0m[37m[0m [1m0s[0m 7ms/step - loss: 0.0059 
Epoch 141/200

[1m1/8[0m [32m━━[0m[37m━━━━━━━━━━━━━━━━━━[0m [1m0s[0m 19ms/step - loss: 0.0039
[1m8/8[0m [32m━━━━━━━━━━━━━━━━━━━━[0m[37m[0m [1m0s[0m 7ms/step - loss: 0.0058 
Epoch 142/200

[1m1/8[0m [32m━━[0m[37m━━━━━━━━━━━━━━━━━━[0m [1m0s[0m 16ms/step - loss: 0.0045
[1m8/8[0m [32m━━━━━━━━━━━━━━━━━━━━[0m[37m[0m [1m0s[0m 7ms/step - loss: 0.0047 
Epoch 143/200

[1m1/8[0m [32m━━[0m[37m━━━━━━━━━━━━━━━━━━[0m [1m0s[0m 16ms/step - loss: 0.0085
[1m8/8[0m [32m━━━━━━━━━━━━━━━━━━━━[0m[37m[0m [1m0s[0m 7ms/step - loss: 0.0058 
Epoch 144/200

[1m1/8[0m [32m━━[0m[37m━━━━━━━━━━━━━━━━━━[0m [1m0s[0m 17ms/step - loss: 0.0038
[1m8/8[0m [32m━━━━━━━━━━━━━━━━━━━━[0m[37m[0m [1m0s[0m 7ms/step - loss: 0.0060 
Epoch 145/200

[1m1/8[0m [32m━━[0m[37m━━━━━━━━━━━━━━━━━━[0m [1m0s[0m 17ms/step - loss: 0.0055
[1m8/8[0m [32m━━━━━━━━━━━━━━━━━━━━[0m[37m[0m [1m0s[0m 7ms/step - loss: 0.0054 
Epoch 146/200

[1m1/8[0m [32m━━[0m[37m━━━━━━━━━━━━━━━━━━[0m [1m0s[0m 15ms/step - loss: 0.0098
[1m8/8[0m [32m━━━━━━━━━━━━━━━━━━━━[0m[37m[0m [1m0s[0m 7ms/step - loss: 0.0062 
Epoch 147/200

[1m1/8[0m [32m━━[0m[37m━━━━━━━━━━━━━━━━━━[0m [1m0s[0m 18ms/step - loss: 0.0049
[1m8/8[0m [32m━━━━━━━━━━━━━━━━━━━━[0m[37m[0m [1m0s[0m 7ms/step - loss: 0.0056 
Epoch 148/200

[1m1/8[0m [32m━━[0m[37m━━━━━━━━━━━━━━━━━━[0m [1m0s[0m 17ms/step - loss: 0.0065
[1m8/8[0m [32m━━━━━━━━━━━━━━━━━━━━[0m[37m[0m [1m0s[0m 8ms/step - loss: 0.0061 
Epoch 149/200

[1m1/8[0m [32m━━[0m[37m━━━━━━━━━━━━━━━━━━[0m [1m0s[0m 21ms/step - loss: 0.0050
[1m8/8[0m [32m━━━━━━━━━━━━━━━━━━━━[0m[37m[0m [1m0s[0m 7ms/step - loss: 0.0064 
Epoch 150/200

[1m1/8[0m [32m━━[0m[37m━━━━━━━━━━━━━━━━━━[0m [1m0s[0m 16ms/step - loss: 0.0076
[1m8/8[0m [32m━━━━━━━━━━━━━━━━━━━━[0m[37m[0m [1m0s[0m 6ms/step - loss: 0.0058 
Epoch 151/200

[1m1/8[0m [32m━━[0m[37m━━━━━━━━━━━━━━━━━━[0m [1m0s[0m 17ms/step - loss: 0.0048
[1m8/8[0m [32m━━━━━━━━━━━━━━━━━━━━[0m[37m[0m [1m0s[0m 6ms/step - loss: 0.0056 
Epoch 152/200

[1m1/8[0m [32m━━[0m[37m━━━━━━━━━━━━━━━━━━[0m [1m0s[0m 17ms/step - loss: 0.0069
[1m8/8[0m [32m━━━━━━━━━━━━━━━━━━━━[0m[37m[0m [1m0s[0m 8ms/step - loss: 0.0056 
Epoch 153/200

[1m1/8[0m [32m━━[0m[37m━━━━━━━━━━━━━━━━━━[0m [1m0s[0m 19ms/step - loss: 0.0081
[1m8/8[0m [32m━━━━━━━━━━━━━━━━━━━━[0m[37m[0m [1m0s[0m 8ms/step - loss: 0.0062 
Epoch 154/200

[1m1/8[0m [32m━━[0m[37m━━━━━━━━━━━━━━━━━━[0m [1m0s[0m 20ms/step - loss: 0.0046
[1m8/8[0m [32m━━━━━━━━━━━━━━━━━━━━[0m[37m[0m [1m0s[0m 8ms/step - loss: 0.0063 
Epoch 155/200

[1m1/8[0m [32m━━[0m[37m━━━━━━━━━━━━━━━━━━[0m [1m0s[0m 20ms/step - loss: 0.0033
[1m8/8[0m [32m━━━━━━━━━━━━━━━━━━━━[0m[37m[0m [1m0s[0m 7ms/step - loss: 0.0058 
Epoch 156/200

[1m1/8[0m [32m━━[0m[37m━━━━━━━━━━━━━━━━━━[0m [1m0s[0m 17ms/step - loss: 0.0039
[1m8/8[0m [32m━━━━━━━━━━━━━━━━━━━━[0m[37m[0m [1m0s[0m 8ms/step - loss: 0.0052 
Epoch 157/200

[1m1/8[0m [32m━━[0m[37m━━━━━━━━━━━━━━━━━━[0m [1m0s[0m 18ms/step - loss: 0.0058
[1m8/8[0m [32m━━━━━━━━━━━━━━━━━━━━[0m[37m[0m [1m0s[0m 7ms/step - loss: 0.0050 
[1m8/8[0m [32m━━━━━━━━━━━━━━━━━━━━[0m[37m[0m [1m0s[0m 9ms/step - loss: 0.0055
Epoch 158/200

[1m1/8[0m [32m━━[0m[37m━━━━━━━━━━━━━━━━━━[0m [1m0s[0m 18ms/step - loss: 0.0034
[1m8/8[0m [32m━━━━━━━━━━━━━━━━━━━━[0m[37m[0m [1m0s[0m 8ms/step - loss: 0.0047 
Epoch 159/200

[1m1/8[0m [32m━━[0m[37m━━━━━━━━━━━━━━━━━━[0m [1m0s[0m 19ms/step - loss: 0.0034
[1m8/8[0m [32m━━━━━━━━━━━━━━━━━━━━[0m[37m[0m [1m0s[0m 7ms/step - loss: 0.0057 
Epoch 160/200

[1m1/8[0m [32m━━[0m[37m━━━━━━━━━━━━━━━━━━[0m [1m0s[0m 17ms/step - loss: 0.0040
[1m6/8[0m [32m━━━━━━━━━━━━━━━[0m[37m━━━━━[0m [1m0s[0m 10ms/step - loss: 0.0054
[1m8/8[0m [32m━━━━━━━━━━━━━━━━━━━━[0m[37m[0m [1m0s[0m 11ms/step - loss: 0.0056
Epoch 161/200

[1m1/8[0m [32m━━[0m[37m━━━━━━━━━━━━━━━━━━[0m [1m0s[0m 20ms/step - loss: 0.0032
[1m8/8[0m [32m━━━━━━━━━━━━━━━━━━━━[0m[37m[0m [1m0s[0m 8ms/step - loss: 0.0055 
Epoch 162/200

[1m1/8[0m [32m━━[0m[37m━━━━━━━━━━━━━━━━━━[0m [1m0s[0m 19ms/step - loss: 0.0069
[1m8/8[0m [32m━━━━━━━━━━━━━━━━━━━━[0m[37m[0m [1m0s[0m 8ms/step - loss: 0.0057 
Epoch 163/200

[1m1/8[0m [32m━━[0m[37m━━━━━━━━━━━━━━━━━━[0m [1m0s[0m 18ms/step - loss: 0.0053
[1m8/8[0m [32m━━━━━━━━━━━━━━━━━━━━[0m[37m[0m [1m0s[0m 7ms/step - loss: 0.0056 
Epoch 164/200

[1m1/8[0m [32m━━[0m[37m━━━━━━━━━━━━━━━━━━[0m [1m0s[0m 18ms/step - loss: 0.0062
[1m8/8[0m [32m━━━━━━━━━━━━━━━━━━━━[0m[37m[0m [1m0s[0m 7ms/step - loss: 0.0052 
Epoch 165/200

[1m1/8[0m [32m━━[0m[37m━━━━━━━━━━━━━━━━━━[0m [1m0s[0m 18ms/step - loss: 0.0096
[1m8/8[0m [32m━━━━━━━━━━━━━━━━━━━━[0m[37m[0m [1m0s[0m 7ms/step - loss: 0.0061 
Epoch 166/200

[1m1/8[0m [32m━━[0m[37m━━━━━━━━━━━━━━━━━━[0m [1m0s[0m 17ms/step - loss: 0.0060
[1m8/8[0m [32m━━━━━━━━━━━━━━━━━━━━[0m[37m[0m [1m0s[0m 7ms/step - loss: 0.0049 
Epoch 167/200

[1m1/8[0m [32m━━[0m[37m━━━━━━━━━━━━━━━━━━[0m [1m0s[0m 21ms/step - loss: 0.0028
[1m8/8[0m [32m━━━━━━━━━━━━━━━━━━━━[0m[37m[0m [1m0s[0m 7ms/step - loss: 0.0060 
Epoch 168/200

[1m1/8[0m [32m━━[0m[37m━━━━━━━━━━━━━━━━━━[0m [1m0s[0m 17ms/step - loss: 0.0071
[1m8/8[0m [32m━━━━━━━━━━━━━━━━━━━━[0m[37m[0m [1m0s[0m 7ms/step - loss: 0.0052 
Epoch 169/200

[1m1/8[0m [32m━━[0m[37m━━━━━━━━━━━━━━━━━━[0m [1m0s[0m 17ms/step - loss: 0.0040
[1m8/8[0m [32m━━━━━━━━━━━━━━━━━━━━[0m[37m[0m [1m0s[0m 9ms/step - loss: 0.0058 
Epoch 170/200

[1m1/8[0m [32m━━[0m[37m━━━━━━━━━━━━━━━━━━[0m [1m0s[0m 26ms/step - loss: 0.0041
[1m8/8[0m [32m━━━━━━━━━━━━━━━━━━━━[0m[37m[0m [1m0s[0m 8ms/step - loss: 0.0056 
Epoch 171/200

[1m1/8[0m [32m━━[0m[37m━━━━━━━━━━━━━━━━━━[0m [1m0s[0m 20ms/step - loss: 0.0090
[1m8/8[0m [32m━━━━━━━━━━━━━━━━━━━━[0m[37m[0m [1m0s[0m 7ms/step - loss: 0.0055 
Epoch 172/200

[1m1/8[0m [32m━━[0m[37m━━━━━━━━━━━━━━━━━━[0m [1m0s[0m 17ms/step - loss: 0.0067
[1m8/8[0m [32m━━━━━━━━━━━━━━━━━━━━[0m[37m[0m [1m0s[0m 7ms/step - loss: 0.0053 
Epoch 173/200

[1m1/8[0m [32m━━[0m[37m━━━━━━━━━━━━━━━━━━[0m [1m0s[0m 17ms/step - loss: 0.0034
[1m8/8[0m [32m━━━━━━━━━━━━━━━━━━━━[0m[37m[0m [1m0s[0m 8ms/step - loss: 0.0051 
Epoch 174/200

[1m1/8[0m [32m━━[0m[37m━━━━━━━━━━━━━━━━━━[0m [1m0s[0m 23ms/step - loss: 0.0067
[1m8/8[0m [32m━━━━━━━━━━━━━━━━━━━━[0m[37m[0m [1m0s[0m 8ms/step - loss: 0.0048 
Epoch 175/200

[1m1/8[0m [32m━━[0m[37m━━━━━━━━━━━━━━━━━━[0m [1m0s[0m 19ms/step - loss: 0.0046
[1m8/8[0m [32m━━━━━━━━━━━━━━━━━━━━[0m[37m[0m [1m0s[0m 6ms/step - loss: 0.0054 
Epoch 176/200

[1m1/8[0m [32m━━[0m[37m━━━━━━━━━━━━━━━━━━[0m [1m0s[0m 18ms/step - loss: 0.0073
[1m8/8[0m [32m━━━━━━━━━━━━━━━━━━━━[0m[37m[0m [1m0s[0m 7ms/step - loss: 0.0052 
Epoch 177/200

[1m1/8[0m [32m━━[0m[37m━━━━━━━━━━━━━━━━━━[0m [1m0s[0m 18ms/step - loss: 0.0049
[1m8/8[0m [32m━━━━━━━━━━━━━━━━━━━━[0m[37m[0m [1m0s[0m 7ms/step - loss: 0.0053 
Epoch 178/200

[1m1/8[0m [32m━━[0m[37m━━━━━━━━━━━━━━━━━━[0m [1m0s[0m 16ms/step - loss: 0.0060
[1m8/8[0m [32m━━━━━━━━━━━━━━━━━━━━[0m[37m[0m [1m0s[0m 7ms/step - loss: 0.0044 
Epoch 179/200

[1m1/8[0m [32m━━[0m[37m━━━━━━━━━━━━━━━━━━[0m [1m0s[0m 15ms/step - loss: 0.0067
[1m8/8[0m [32m━━━━━━━━━━━━━━━━━━━━[0m[37m[0m [1m0s[0m 7ms/step - loss: 0.0062 
Epoch 180/200

[1m1/8[0m [32m━━[0m[37m━━━━━━━━━━━━━━━━━━[0m [1m0s[0m 17ms/step - loss: 0.0064
[1m8/8[0m [32m━━━━━━━━━━━━━━━━━━━━[0m[37m[0m [1m0s[0m 6ms/step - loss: 0.0054 
Epoch 181/200

[1m1/8[0m [32m━━[0m[37m━━━━━━━━━━━━━━━━━━[0m [1m0s[0m 15ms/step - loss: 0.0054
[1m8/8[0m [32m━━━━━━━━━━━━━━━━━━━━[0m[37m[0m [1m0s[0m 7ms/step - loss: 0.0058 
Epoch 182/200

[1m1/8[0m [32m━━[0m[37m━━━━━━━━━━━━━━━━━━[0m [1m0s[0m 15ms/step - loss: 0.0060
[1m8/8[0m [32m━━━━━━━━━━━━━━━━━━━━[0m[37m[0m [1m0s[0m 7ms/step - loss: 0.0052 
Epoch 183/200

[1m1/8[0m [32m━━[0m[37m━━━━━━━━━━━━━━━━━━[0m [1m0s[0m 17ms/step - loss: 0.0107
[1m8/8[0m [32m━━━━━━━━━━━━━━━━━━━━[0m[37m[0m [1m0s[0m 8ms/step - loss: 0.0057 
Epoch 184/200

[1m1/8[0m [32m━━[0m[37m━━━━━━━━━━━━━━━━━━[0m [1m0s[0m 20ms/step - loss: 0.0061
[1m8/8[0m [32m━━━━━━━━━━━━━━━━━━━━[0m[37m[0m [1m0s[0m 7ms/step - loss: 0.0062 
Epoch 185/200

[1m1/8[0m [32m━━[0m[37m━━━━━━━━━━━━━━━━━━[0m [1m0s[0m 16ms/step - loss: 0.0048
[1m8/8[0m [32m━━━━━━━━━━━━━━━━━━━━[0m[37m[0m [1m0s[0m 7ms/step - loss: 0.0059 
Epoch 186/200

[1m1/8[0m [32m━━[0m[37m━━━━━━━━━━━━━━━━━━[0m [1m0s[0m 17ms/step - loss: 0.0055
[1m8/8[0m [32m━━━━━━━━━━━━━━━━━━━━[0m[37m[0m [1m0s[0m 7ms/step - loss: 0.0057 
Epoch 187/200

[1m1/8[0m [32m━━[0m[37m━━━━━━━━━━━━━━━━━━[0m [1m0s[0m 16ms/step - loss: 0.0036
[1m8/8[0m [32m━━━━━━━━━━━━━━━━━━━━[0m[37m[0m [1m0s[0m 7ms/step - loss: 0.0054 
Epoch 188/200

[1m1/8[0m [32m━━[0m[37m━━━━━━━━━━━━━━━━━━[0m [1m0s[0m 17ms/step - loss: 0.0058
[1m8/8[0m [32m━━━━━━━━━━━━━━━━━━━━[0m[37m[0m [1m0s[0m 7ms/step - loss: 0.0055 
Epoch 189/200

[1m1/8[0m [32m━━[0m[37m━━━━━━━━━━━━━━━━━━[0m [1m0s[0m 17ms/step - loss: 0.0096
[1m8/8[0m [32m━━━━━━━━━━━━━━━━━━━━[0m[37m[0m [1m0s[0m 7ms/step - loss: 0.0054 
Epoch 190/200

[1m1/8[0m [32m━━[0m[37m━━━━━━━━━━━━━━━━━━[0m [1m0s[0m 16ms/step - loss: 0.0034
[1m8/8[0m [32m━━━━━━━━━━━━━━━━━━━━[0m[37m[0m [1m0s[0m 6ms/step - loss: 0.0050 
Epoch 191/200

[1m1/8[0m [32m━━[0m[37m━━━━━━━━━━━━━━━━━━[0m [1m0s[0m 17ms/step - loss: 0.0053
[1m8/8[0m [32m━━━━━━━━━━━━━━━━━━━━[0m[37m[0m [1m0s[0m 6ms/step - loss: 0.0053 
Epoch 192/200

[1m1/8[0m [32m━━[0m[37m━━━━━━━━━━━━━━━━━━[0m [1m0s[0m 17ms/step - loss: 0.0034
[1m8/8[0m [32m━━━━━━━━━━━━━━━━━━━━[0m[37m[0m [1m0s[0m 7ms/step - loss: 0.0054 
Epoch 193/200

[1m1/8[0m [32m━━[0m[37m━━━━━━━━━━━━━━━━━━[0m [1m0s[0m 17ms/step - loss: 0.0039
[1m8/8[0m [32m━━━━━━━━━━━━━━━━━━━━[0m[37m[0m [1m0s[0m 7ms/step - loss: 0.0054 
Epoch 194/200

[1m1/8[0m [32m━━[0m[37m━━━━━━━━━━━━━━━━━━[0m [1m0s[0m 15ms/step - loss: 0.0067
[1m8/8[0m [32m━━━━━━━━━━━━━━━━━━━━[0m[37m[0m [1m0s[0m 7ms/step - loss: 0.0052 
Epoch 195/200

[1m1/8[0m [32m━━[0m[37m━━━━━━━━━━━━━━━━━━[0m [1m0s[0m 17ms/step - loss: 0.0052
[1m8/8[0m [32m━━━━━━━━━━━━━━━━━━━━[0m[37m[0m [1m0s[0m 7ms/step - loss: 0.0047 
Epoch 196/200

[1m1/8[0m [32m━━[0m[37m━━━━━━━━━━━━━━━━━━[0m [1m0s[0m 16ms/step - loss: 0.0062
[1m8/8[0m [32m━━━━━━━━━━━━━━━━━━━━[0m[37m[0m [1m0s[0m 7ms/step - loss: 0.0048 
Epoch 197/200

[1m1/8[0m [32m━━[0m[37m━━━━━━━━━━━━━━━━━━[0m [1m0s[0m 16ms/step - loss: 0.0062
[1m8/8[0m [32m━━━━━━━━━━━━━━━━━━━━[0m[37m[0m [1m0s[0m 7ms/step - loss: 0.0054 
Epoch 198/200

[1m1/8[0m [32m━━[0m[37m━━━━━━━━━━━━━━━━━━[0m [1m0s[0m 18ms/step - loss: 0.0042
[1m8/8[0m [32m━━━━━━━━━━━━━━━━━━━━[0m[37m[0m [1m0s[0m 8ms/step - loss: 0.0047 
Epoch 199/200

[1m1/8[0m [32m━━[0m[37m━━━━━━━━━━━━━━━━━━[0m [1m0s[0m 21ms/step - loss: 0.0044
[1m8/8[0m [32m━━━━━━━━━━━━━━━━━━━━[0m[37m[0m [1m0s[0m 8ms/step - loss: 0.0056 
Epoch 200/200

[1m1/8[0m [32m━━[0m[37m━━━━━━━━━━━━━━━━━━[0m [1m0s[0m 21ms/step - loss: 0.0027
[1m8/8[0m [32m━━━━━━━━━━━━━━━━━━━━[0m[37m[0m [1m0s[0m 7ms/step - loss: 0.0053 
Using bucket name: missingtimestamp
Bucket missingtimestamp created.
Uploading device1.keras to bucket missingtimestamp...
device1.keras uploaded to bucket missingtimestamp.
Uploading scaler to bucket missingtimestamp...
scaler.save uploaded to bucket missingtimestamp.

Model path is:  2025-12-08-00-00-00-2025-12-08-00-09-59-model
Triggering forecasting with retrained model
Forecasting.py script logs
Database connection established
Value of --retrain flag: True

Forecasting for retrained model using device1/2025-12-08-00-00-00-2025-12-08-00-09-59-model/device1.keras and device1/2025-12-08-00-00-00-2025-12-08-00-09-59-model/scaler.save
Successfully downloaded model and scaler from S3

Actual values fetched from database
    sensor_id  sensor_energy_value    sensor_timestamp  message_delay  computed_value
0           1          1667.000000 2025-12-08 00:09:00   81724.000000   NO
1           1          1669.800000 2025-12-08 00:09:01   80723.000000   NO
2           1          1667.800000 2025-12-08 00:09:02   42684.000000   NO
3           1          1670.500000 2025-12-08 00:09:03   41683.000000   NO
4           1          1670.800000 2025-12-08 00:09:04   40682.000000   NO
5           1          1667.700000 2025-12-08 00:09:05   39680.000000   NO
6           1          1669.100000 2025-12-08 00:09:06   38679.000000   NO
7           1          1665.400000 2025-12-08 00:09:07   37678.000000   NO
8           1          1668.600000 2025-12-08 00:09:08   36677.000000   NO
9           1          1672.278947 2025-12-08 00:09:09   33648.342105  YES
10          1          1668.800000 2025-12-08 00:09:10   79722.000000   NO
11          1          1665.300000 2025-12-08 00:09:11   78721.000000   NO
12          1          1669.200000 2025-12-08 00:09:12   77720.000000   NO
13          1          1667.800000 2025-12-08 00:09:13   35675.000000   NO
14          1          1668.100000 2025-12-08 00:09:14   34674.000000   NO
15          1          1672.600000 2025-12-08 00:09:15   33673.000000   NO
16          1          1672.600000 2025-12-08 00:09:16   32673.000000   NO
17          1          1677.400000 2025-12-08 00:09:17   31672.000000   NO
18          1          1672.278947 2025-12-08 00:09:18   33648.342105  YES
19          1          1672.278947 2025-12-08 00:09:19   33648.342105  YES
20          1          1672.278947 2025-12-08 00:09:20   33648.342105  YES
21          1          1672.278947 2025-12-08 00:09:21   33648.342105  YES
22          1          1672.278947 2025-12-08 00:09:22   33648.342105  YES
23          1          1672.278947 2025-12-08 00:09:23   33648.342105  YES
24          1          1672.278947 2025-12-08 00:09:24   33648.342105  YES
25          1          1672.278947 2025-12-08 00:09:25   33648.342105  YES
26          1          1672.400000 2025-12-08 00:09:26   30670.000000   NO
27          1          1673.000000 2025-12-08 00:09:27   29670.000000   NO
28          1          1674.500000 2025-12-08 00:09:28   28669.000000   NO
29          1          1673.500000 2025-12-08 00:09:29   27668.000000   NO
30          1          1673.100000 2025-12-08 00:09:30   26667.000000   NO
31          1          1691.000000 2025-12-08 00:09:31   25666.000000   NO
32          1          1671.800000 2025-12-08 00:09:32   24665.000000   NO
33          1          1674.100000 2025-12-08 00:09:33   23665.000000   NO
34          1          1672.278947 2025-12-08 00:09:34   33648.342105  YES
35          1          1672.278947 2025-12-08 00:09:35   33648.342105  YES
36          1          1672.278947 2025-12-08 00:09:36   33648.342105  YES
37          1          1672.278947 2025-12-08 00:09:37   33648.342105  YES
38          1          1672.278947 2025-12-08 00:09:38   33648.342105  YES
39          1          1672.278947 2025-12-08 00:09:39   33648.342105  YES
40          1          1672.278947 2025-12-08 00:09:40   33648.342105  YES
41          1          1672.278947 2025-12-08 00:09:41   33648.342105  YES
42          1          1681.900000 2025-12-08 00:09:42   22664.000000   NO
43          1          1672.100000 2025-12-08 00:09:43   21663.000000   NO
44          1          1672.700000 2025-12-08 00:09:44   20662.000000   NO
45          1          1668.900000 2025-12-08 00:09:45   19661.000000   NO
46          1          1674.200000 2025-12-08 00:09:46   18660.000000   NO
47          1          1672.600000 2025-12-08 00:09:47   17659.000000   NO
48          1          1675.300000 2025-12-08 00:09:48   16658.000000   NO
49          1          1668.300000 2025-12-08 00:09:49   15658.000000   NO
50          1          1671.200000 2025-12-08 00:09:50   14657.000000   NO
51          1          1689.800000 2025-12-08 00:09:51   13656.000000   NO
52          1          1674.000000 2025-12-08 00:09:52   12654.000000   NO
53          1          1671.600000 2025-12-08 00:09:53   11653.000000   NO
54          1          1672.100000 2025-12-08 00:09:54   10652.000000   NO
55          1          1672.278947 2025-12-08 00:09:55   33648.342105  YES
56          1          1672.278947 2025-12-08 00:09:56   33648.342105  YES
57          1          1672.278947 2025-12-08 00:09:57   33648.342105  YES
58          1          1672.278947 2025-12-08 00:09:58   33648.342105  YES
59          1          1672.278947 2025-12-08 00:09:59   33648.342105  YES
Forecasted values:
    sensor_id  sensor_energy_value_prediction    sensor_timestamp
0           1                     1712.024048 2025-12-08 00:10:00
1           1                     1715.574829 2025-12-08 00:10:01
2           1                     1719.388916 2025-12-08 00:10:02
3           1                     1723.280884 2025-12-08 00:10:03
4           1                     1727.175049 2025-12-08 00:10:04
5           1                     1731.038940 2025-12-08 00:10:05
6           1                     1734.853149 2025-12-08 00:10:06
7           1                     1738.606201 2025-12-08 00:10:07
8           1                     1742.294189 2025-12-08 00:10:08
9           1                     1745.914185 2025-12-08 00:10:09
10          1                     1749.465820 2025-12-08 00:10:10
11          1                     1752.951050 2025-12-08 00:10:11
12          1                     1756.371094 2025-12-08 00:10:12
13          1                     1759.726318 2025-12-08 00:10:13
14          1                     1763.018921 2025-12-08 00:10:14
15          1                     1766.249756 2025-12-08 00:10:15
16          1                     1769.420166 2025-12-08 00:10:16
17          1                     1772.531982 2025-12-08 00:10:17
18          1                     1775.585449 2025-12-08 00:10:18
19          1                     1778.583130 2025-12-08 00:10:19
20          1                     1781.524902 2025-12-08 00:10:20
21          1                     1784.412476 2025-12-08 00:10:21
22          1                     1787.245850 2025-12-08 00:10:22
23          1                     1790.026123 2025-12-08 00:10:23
24          1                     1792.754028 2025-12-08 00:10:24
25          1                     1795.429932 2025-12-08 00:10:25
26          1                     1798.055054 2025-12-08 00:10:26
27          1                     1800.630005 2025-12-08 00:10:27
28          1                     1803.154907 2025-12-08 00:10:28
29          1                     1805.630859 2025-12-08 00:10:29
30          1                     1808.058594 2025-12-08 00:10:30
31          1                     1810.438721 2025-12-08 00:10:31
32          1                     1812.770264 2025-12-08 00:10:32
33          1                     1815.057495 2025-12-08 00:10:33
34          1                     1817.298828 2025-12-08 00:10:34
35          1                     1819.495117 2025-12-08 00:10:35
36          1                     1821.646851 2025-12-08 00:10:36
37          1                     1823.754395 2025-12-08 00:10:37
38          1                     1825.818481 2025-12-08 00:10:38
39          1                     1827.840210 2025-12-08 00:10:39
40          1                     1829.819458 2025-12-08 00:10:40
41          1                     1831.757568 2025-12-08 00:10:41
42          1                     1833.654541 2025-12-08 00:10:42
43          1                     1835.510620 2025-12-08 00:10:43
44          1                     1837.328125 2025-12-08 00:10:44
45          1                     1839.106445 2025-12-08 00:10:45
46          1                     1840.846436 2025-12-08 00:10:46
47          1                     1842.548462 2025-12-08 00:10:47
48          1                     1844.213257 2025-12-08 00:10:48
49          1                     1845.841431 2025-12-08 00:10:49
50          1                     1847.434204 2025-12-08 00:10:50
51          1                     1848.991211 2025-12-08 00:10:51
52          1                     1850.512085 2025-12-08 00:10:52
53          1                     1852.000244 2025-12-08 00:10:53
54          1                     1853.454834 2025-12-08 00:10:54
55          1                     1854.875977 2025-12-08 00:10:55
56          1                     1856.264160 2025-12-08 00:10:56
57          1                     1857.619751 2025-12-08 00:10:57
58          1                     1858.943237 2025-12-08 00:10:58
59          1                     1860.235107 2025-12-08 00:10:59
Forecasted values inserted into database
Exiting forecasting script

No new messages received yet.Trying again...
No new messages received yet.Trying again...
No new messages received yet.Trying again...
No new messages received yet.Trying again...
No new messages received yet.Trying again...
No new messages received yet.Trying again...
No new messages received yet.Trying again...
No new messages received yet.Trying again...
No new messages received yet.Trying again...
No new messages received yet.Trying again...
No new messages received yet.Trying again...
No new messages received yet.Trying again...
No new messages received yet.Trying again...
No new messages received yet.Trying again...
No new messages received yet.Trying again...
No new messages received yet.Trying again...
No new messages received yet.Trying again...
No new messages received yet.Trying again...
No new messages received yet.Trying again...
No new messages received yet.Trying again...
No new messages received yet.Trying again...
No new messages received yet.Trying again...
No new messages received yet.Trying again...
No new messages received yet.Trying again...
No new messages received yet.Trying again...
No new messages received yet.Trying again...
No new messages received yet.Trying again...
No new messages received yet.Trying again...
No new messages received yet.Trying again...
No new messages received yet.Trying again...
No new messages received yet.Trying again...
No new messages received yet.Trying again...
No new messages received yet.Trying again...
No new messages received yet.Trying again...
No new messages received yet.Trying again...
No new messages received yet.Trying again...
No new messages received yet.Trying again...
No new messages received yet.Trying again...
No new messages received yet.Trying again...
No new messages received yet.Trying again...
No new messages received yet.Trying again...
No new messages received yet.Trying again...
No new messages received yet.Trying again...
No new messages received yet.Trying again...
No new messages received yet.Trying again...
No new messages received yet.Trying again...
No new messages received yet.Trying again...
No new messages received yet.Trying again...

Actual data inserted to database
Triggering forecasting with retrained model
Forecasting.py script logs
Database connection established
Value of --retrain flag: True

Forecasting for retrained model using device1/2025-12-08-00-00-00-2025-12-08-00-09-59-model/device1.keras and device1/2025-12-08-00-00-00-2025-12-08-00-09-59-model/scaler.save
Successfully downloaded model and scaler from S3

Actual values fetched from database
    sensor_id  sensor_energy_value    sensor_timestamp  message_delay  computed_value
0           1          1679.000000 2025-12-08 00:10:00   40687.000000   NO
1           1          1674.000000 2025-12-08 00:10:01   39686.000000   NO
2           1          1679.100000 2025-12-08 00:10:02   38685.000000   NO
3           1          1681.500000 2025-12-08 00:10:03   79721.000000   NO
4           1          1678.300000 2025-12-08 00:10:04   78720.000000   NO
5           1          1678.200000 2025-12-08 00:10:05   77719.000000   NO
6           1          1677.900000 2025-12-08 00:10:06   76718.000000   NO
7           1          1674.500000 2025-12-08 00:10:07   75717.000000   NO
8           1          1501.000000 2025-12-08 00:10:08   74716.000000   NO
9           1          1507.200000 2025-12-08 00:10:09   73715.000000   NO
10          1          1512.800000 2025-12-08 00:10:10   72714.000000   NO
11          1          1517.500000 2025-12-08 00:10:11   37685.000000   NO
12          1          1470.800000 2025-12-08 00:10:12   36683.000000   NO
13          1           653.100000 2025-12-08 00:10:13   35683.000000   NO
14          1           681.600000 2025-12-08 00:10:14   34681.000000   NO
15          1           687.000000 2025-12-08 00:10:15   33680.000000   NO
16          1           688.000000 2025-12-08 00:10:16   32679.000000   NO
17          1           720.300000 2025-12-08 00:10:17   31677.000000   NO
18          1           688.200000 2025-12-08 00:10:18   30676.000000   NO
19          1           698.700000 2025-12-08 00:10:19   71713.000000   NO
20          1           692.200000 2025-12-08 00:10:20   70712.000000   NO
21          1           689.800000 2025-12-08 00:10:21   69711.000000   NO
22          1           686.400000 2025-12-08 00:10:22   68710.000000   NO
23          1           686.700000 2025-12-08 00:10:23   67709.000000   NO
24          1           686.100000 2025-12-08 00:10:24   66709.000000   NO
25          1           684.000000 2025-12-08 00:10:25   65708.000000   NO
26          1           689.700000 2025-12-08 00:10:26   64707.000000   NO
27          1           686.800000 2025-12-08 00:10:27   29675.000000   NO
28          1           687.200000 2025-12-08 00:10:28   28674.000000   NO
29          1           686.000000 2025-12-08 00:10:29   27673.000000   NO
30          1           686.400000 2025-12-08 00:10:30   26672.000000   NO
31          1           692.200000 2025-12-08 00:10:31   25671.000000   NO
32          1           686.400000 2025-12-08 00:10:32   24670.000000   NO
33          1           690.000000 2025-12-08 00:10:33   23669.000000   NO
34          1           915.573913 2025-12-08 00:10:34   43317.891304  YES
35          1           915.573913 2025-12-08 00:10:35   43317.891304  YES
36          1           915.573913 2025-12-08 00:10:36   43317.891304  YES
37          1           915.573913 2025-12-08 00:10:37   43317.891304  YES
38          1           915.573913 2025-12-08 00:10:38   43317.891304  YES
39          1           915.573913 2025-12-08 00:10:39   43317.891304  YES
40          1           915.573913 2025-12-08 00:10:40   43317.891304  YES
41          1           915.573913 2025-12-08 00:10:41   43317.891304  YES
42          1           915.573913 2025-12-08 00:10:42   43317.891304  YES
43          1           681.200000 2025-12-08 00:10:43   63706.000000   NO
44          1           647.700000 2025-12-08 00:10:44   22668.000000   NO
45          1           541.200000 2025-12-08 00:10:45   21667.000000   NO
46          1           539.800000 2025-12-08 00:10:46   20666.000000   NO
47          1           540.200000 2025-12-08 00:10:47   19665.000000   NO
48          1           547.100000 2025-12-08 00:10:48   18664.000000   NO
49          1           537.500000 2025-12-08 00:10:49   17663.000000   NO
50          1           538.800000 2025-12-08 00:10:50   16662.000000   NO
51          1           542.900000 2025-12-08 00:10:51   15661.000000   NO
52          1           542.400000 2025-12-08 00:10:52   14660.000000   NO
53          1           539.400000 2025-12-08 00:10:53   13659.000000   NO
54          1           539.600000 2025-12-08 00:10:54   12657.000000   NO
55          1           915.573913 2025-12-08 00:10:55   43317.891304  YES
56          1           915.573913 2025-12-08 00:10:56   43317.891304  YES
57          1           915.573913 2025-12-08 00:10:57   43317.891304  YES
58          1           915.573913 2025-12-08 00:10:58   43317.891304  YES
59          1           915.573913 2025-12-08 00:10:59   43317.891304  YES
Forecasted values:
    sensor_id  sensor_energy_value_prediction    sensor_timestamp
0           1                      966.043091 2025-12-08 00:11:00
1           1                      984.220093 2025-12-08 00:11:01
2           1                     1001.409546 2025-12-08 00:11:02
3           1                     1017.461304 2025-12-08 00:11:03
4           1                     1032.338623 2025-12-08 00:11:04
5           1                     1046.064697 2025-12-08 00:11:05
6           1                     1058.700073 2025-12-08 00:11:06
7           1                     1070.325439 2025-12-08 00:11:07
8           1                     1081.029541 2025-12-08 00:11:08
9           1                     1090.903320 2025-12-08 00:11:09
10          1                     1100.032959 2025-12-08 00:11:10
11          1                     1108.499878 2025-12-08 00:11:11
12          1                     1116.378784 2025-12-08 00:11:12
13          1                     1123.736694 2025-12-08 00:11:13
14          1                     1130.633545 2025-12-08 00:11:14
15          1                     1137.121826 2025-12-08 00:11:15
16          1                     1143.248047 2025-12-08 00:11:16
17          1                     1149.053223 2025-12-08 00:11:17
18          1                     1154.572998 2025-12-08 00:11:18
19          1                     1159.838623 2025-12-08 00:11:19
20          1                     1164.877075 2025-12-08 00:11:20
21          1                     1169.712280 2025-12-08 00:11:21
22          1                     1174.364868 2025-12-08 00:11:22
23          1                     1178.852539 2025-12-08 00:11:23
24          1                     1183.191528 2025-12-08 00:11:24
25          1                     1187.395386 2025-12-08 00:11:25
26          1                     1191.475952 2025-12-08 00:11:26
27          1                     1195.444092 2025-12-08 00:11:27
28          1                     1199.309204 2025-12-08 00:11:28
29          1                     1203.079712 2025-12-08 00:11:29
30          1                     1206.762939 2025-12-08 00:11:30
31          1                     1210.365479 2025-12-08 00:11:31
32          1                     1213.893311 2025-12-08 00:11:32
33          1                     1217.352051 2025-12-08 00:11:33
34          1                     1220.746338 2025-12-08 00:11:34
35          1                     1224.079102 2025-12-08 00:11:35
36          1                     1227.356079 2025-12-08 00:11:36
37          1                     1230.581543 2025-12-08 00:11:37
38          1                     1233.758667 2025-12-08 00:11:38
39          1                     1236.890991 2025-12-08 00:11:39
40          1                     1239.981445 2025-12-08 00:11:40
41          1                     1243.033325 2025-12-08 00:11:41
42          1                     1246.048950 2025-12-08 00:11:42
43          1                     1249.031616 2025-12-08 00:11:43
44          1                     1251.983643 2025-12-08 00:11:44
45          1                     1254.907227 2025-12-08 00:11:45
46          1                     1257.804077 2025-12-08 00:11:46
47          1                     1260.676147 2025-12-08 00:11:47
48          1                     1263.525513 2025-12-08 00:11:48
49          1                     1266.353882 2025-12-08 00:11:49
50          1                     1269.163208 2025-12-08 00:11:50
51          1                     1271.955200 2025-12-08 00:11:51
52          1                     1274.731323 2025-12-08 00:11:52
53          1                     1277.493286 2025-12-08 00:11:53
54          1                     1280.242310 2025-12-08 00:11:54
55          1                     1282.979858 2025-12-08 00:11:55
56          1                     1285.698608 2025-12-08 00:11:56
57          1                     1288.408081 2025-12-08 00:11:57
58          1                     1291.109497 2025-12-08 00:11:58
59          1                     1293.803711 2025-12-08 00:11:59
Forecasted values inserted into database
Exiting forecasting script

No new messages received yet.Trying again...
No new messages received yet.Trying again...
No new messages received yet.Trying again...
No new messages received yet.Trying again...
No new messages received yet.Trying again...
No new messages received yet.Trying again...
No new messages received yet.Trying again...
No new messages received yet.Trying again...
No new messages received yet.Trying again...
No new messages received yet.Trying again...
No new messages received yet.Trying again...
No new messages received yet.Trying again...
No new messages received yet.Trying again...
No new messages received yet.Trying again...
No new messages received yet.Trying again...
No new messages received yet.Trying again...
No new messages received yet.Trying again...
No new messages received yet.Trying again...
No new messages received yet.Trying again...
No new messages received yet.Trying again...
No new messages received yet.Trying again...
No new messages received yet.Trying again...
No new messages received yet.Trying again...
No new messages received yet.Trying again...
No new messages received yet.Trying again...
No new messages received yet.Trying again...
No new messages received yet.Trying again...
No new messages received yet.Trying again...
No new messages received yet.Trying again...
No new messages received yet.Trying again...
No new messages received yet.Trying again...
No new messages received yet.Trying again...
No new messages received yet.Trying again...
No new messages received yet.Trying again...
No new messages received yet.Trying again...
No new messages received yet.Trying again...
No new messages received yet.Trying again...
No new messages received yet.Trying again...
No new messages received yet.Trying again...
No new messages received yet.Trying again...
No new messages received yet.Trying again...
No new messages received yet.Trying again...
No new messages received yet.Trying again...
No new messages received yet.Trying again...
No new messages received yet.Trying again...

Actual data inserted to database
Triggering forecasting with retrained model
Forecasting.py script logs
Database connection established
Value of --retrain flag: True

Forecasting for retrained model using device1/2025-12-08-00-00-00-2025-12-08-00-09-59-model/device1.keras and device1/2025-12-08-00-00-00-2025-12-08-00-09-59-model/scaler.save
Successfully downloaded model and scaler from S3

Actual values fetched from database
    sensor_id  sensor_energy_value    sensor_timestamp  message_delay  computed_value
0           1           555.800000 2025-12-08 00:11:00   15653.000000   NO
1           1           570.600000 2025-12-08 00:11:01   14653.000000   NO
2           1           558.300000 2025-12-08 00:11:02   13652.000000   NO
3           1           558.000000 2025-12-08 00:11:03   61693.000000   NO
4           1           557.300000 2025-12-08 00:11:04   60692.000000   NO
5           1           555.600000 2025-12-08 00:11:05   59691.000000   NO
6           1           558.900000 2025-12-08 00:11:06   58690.000000   NO
7           1           570.000000 2025-12-08 00:11:07   57689.000000   NO
8           1           561.600000 2025-12-08 00:11:08   56689.000000   NO
9           1           560.900000 2025-12-08 00:11:09   55688.000000   NO
10          1           560.900000 2025-12-08 00:11:10   54688.000000   NO
11          1           561.000000 2025-12-08 00:11:11   53686.000000   NO
12          1           560.800000 2025-12-08 00:11:12   52685.000000   NO
13          1           561.900000 2025-12-08 00:11:13   51684.000000   NO
14          1           637.600000 2025-12-08 00:11:14   50683.000000   NO
15          1           680.200000 2025-12-08 00:11:15   49683.000000   NO
16          1           686.700000 2025-12-08 00:11:16   48682.000000   NO
17          1           686.100000 2025-12-08 00:11:17   47681.000000   NO
18          1           687.900000 2025-12-08 00:11:18   46681.000000   NO
19          1           691.100000 2025-12-08 00:11:19   45679.000000   NO
20          1           690.000000 2025-12-08 00:11:20   44678.000000   NO
21          1           691.300000 2025-12-08 00:11:21   43677.000000   NO
22          1           683.700000 2025-12-08 00:11:22   42676.000000   NO
23          1           684.300000 2025-12-08 00:11:23   41675.000000   NO
24          1           687.500000 2025-12-08 00:11:24   40674.000000   NO
25          1           685.200000 2025-12-08 00:11:25   39673.000000   NO
26          1           682.600000 2025-12-08 00:11:26   38672.000000   NO
27          1           687.600000 2025-12-08 00:11:27   37671.000000   NO
28          1           689.700000 2025-12-08 00:11:28   36670.000000   NO
29          1           686.200000 2025-12-08 00:11:29   35669.000000   NO
30          1           685.200000 2025-12-08 00:11:30   34669.000000   NO
31          1           684.600000 2025-12-08 00:11:31   33668.000000   NO
32          1           686.900000 2025-12-08 00:11:32   32666.000000   NO
33          1           689.600000 2025-12-08 00:11:33   31665.000000   NO
34          1           687.800000 2025-12-08 00:11:34   30665.000000   NO
35          1           697.500000 2025-12-08 00:11:35   12651.000000   NO
36          1           694.700000 2025-12-08 00:11:36   11651.000000   NO
37          1           703.800000 2025-12-08 00:11:37   10650.000000   NO
38          1           697.800000 2025-12-08 00:11:38    9650.000000   NO
39          1           696.700000 2025-12-08 00:11:39    8646.000000   NO
40          1           697.200000 2025-12-08 00:11:40    7646.000000   NO
41          1           690.800000 2025-12-08 00:11:41    6645.000000   NO
42          1           691.200000 2025-12-08 00:11:42    5645.000000   NO
43          1           692.200000 2025-12-08 00:11:43    4644.000000   NO
44          1           647.393182 2025-12-08 00:11:44   36352.681818  YES
45          1           647.393182 2025-12-08 00:11:45   36352.681818  YES
46          1           647.393182 2025-12-08 00:11:46   36352.681818  YES
47          1           647.393182 2025-12-08 00:11:47   36352.681818  YES
48          1           647.393182 2025-12-08 00:11:48   36352.681818  YES
49          1           647.393182 2025-12-08 00:11:49   36352.681818  YES
50          1           647.393182 2025-12-08 00:11:50   36352.681818  YES
51          1           647.393182 2025-12-08 00:11:51   36352.681818  YES
52          1           647.393182 2025-12-08 00:11:52   36352.681818  YES
53          1           647.393182 2025-12-08 00:11:53   36352.681818  YES
54          1           647.393182 2025-12-08 00:11:54   36352.681818  YES
55          1           647.393182 2025-12-08 00:11:55   36352.681818  YES
56          1           647.393182 2025-12-08 00:11:56   36352.681818  YES
57          1           647.393182 2025-12-08 00:11:57   36352.681818  YES
58          1           647.393182 2025-12-08 00:11:58   36352.681818  YES
59          1           647.393182 2025-12-08 00:11:59   36352.681818  YES
Forecasted values:
    sensor_id  sensor_energy_value_prediction    sensor_timestamp
0           1                      906.262451 2025-12-08 00:12:00
1           1                      920.687561 2025-12-08 00:12:01
2           1                      937.433044 2025-12-08 00:12:02
3           1                      955.019409 2025-12-08 00:12:03
4           1                      972.635315 2025-12-08 00:12:04
5           1                      989.750916 2025-12-08 00:12:05
6           1                     1006.047974 2025-12-08 00:12:06
7           1                     1021.359192 2025-12-08 00:12:07
8           1                     1035.620361 2025-12-08 00:12:08
9           1                     1048.834473 2025-12-08 00:12:09
10          1                     1061.045044 2025-12-08 00:12:10
11          1                     1072.319092 2025-12-08 00:12:11
12          1                     1082.733887 2025-12-08 00:12:12
13          1                     1092.369873 2025-12-08 00:12:13
14          1                     1101.305420 2025-12-08 00:12:14
15          1                     1109.614868 2025-12-08 00:12:15
16          1                     1117.366333 2025-12-08 00:12:16
17          1                     1124.621216 2025-12-08 00:12:17
18          1                     1131.435059 2025-12-08 00:12:18
19          1                     1137.856567 2025-12-08 00:12:19
20          1                     1143.929443 2025-12-08 00:12:20
21          1                     1149.691772 2025-12-08 00:12:21
22          1                     1155.177002 2025-12-08 00:12:22
23          1                     1160.414551 2025-12-08 00:12:23
24          1                     1165.430054 2025-12-08 00:12:24
25          1                     1170.246094 2025-12-08 00:12:25
26          1                     1174.882324 2025-12-08 00:12:26
27          1                     1179.356323 2025-12-08 00:12:27
28          1                     1183.682983 2025-12-08 00:12:28
29          1                     1187.875854 2025-12-08 00:12:29
30          1                     1191.946655 2025-12-08 00:12:30
31          1                     1195.905884 2025-12-08 00:12:31
32          1                     1199.762451 2025-12-08 00:12:32
33          1                     1203.525146 2025-12-08 00:12:33
34          1                     1207.200928 2025-12-08 00:12:34
35          1                     1210.796509 2025-12-08 00:12:35
36          1                     1214.317749 2025-12-08 00:12:36
37          1                     1217.770264 2025-12-08 00:12:37
38          1                     1221.158813 2025-12-08 00:12:38
39          1                     1224.487915 2025-12-08 00:12:39
40          1                     1227.761963 2025-12-08 00:12:40
41          1                     1230.984131 2025-12-08 00:12:41
42          1                     1234.158691 2025-12-08 00:12:42
43          1                     1237.288330 2025-12-08 00:12:43
44          1                     1240.376587 2025-12-08 00:12:44
45          1                     1243.426147 2025-12-08 00:12:45
46          1                     1246.439453 2025-12-08 00:12:46
47          1                     1249.419556 2025-12-08 00:12:47
48          1                     1252.368286 2025-12-08 00:12:48
49          1                     1255.288452 2025-12-08 00:12:49
50          1                     1258.181641 2025-12-08 00:12:50
51          1                     1261.050659 2025-12-08 00:12:51
52          1                     1263.896606 2025-12-08 00:12:52
53          1                     1266.722046 2025-12-08 00:12:53
54          1                     1269.528442 2025-12-08 00:12:54
55          1                     1272.317627 2025-12-08 00:12:55
56          1                     1275.090820 2025-12-08 00:12:56
57          1                     1277.849854 2025-12-08 00:12:57
58          1                     1280.595825 2025-12-08 00:12:58
59          1                     1283.330444 2025-12-08 00:12:59
Forecasted values inserted into database
Exiting forecasting script

No new messages received yet.Trying again...
No new messages received yet.Trying again...
No new messages received yet.Trying again...
No new messages received yet.Trying again...
No new messages received yet.Trying again...
No new messages received yet.Trying again...
No new messages received yet.Trying again...
No new messages received yet.Trying again...
No new messages received yet.Trying again...
No new messages received yet.Trying again...
No new messages received yet.Trying again...
No new messages received yet.Trying again...
No new messages received yet.Trying again...
No new messages received yet.Trying again...
No new messages received yet.Trying again...
No new messages received yet.Trying again...
No new messages received yet.Trying again...
No new messages received yet.Trying again...
No new messages received yet.Trying again...
No new messages received yet.Trying again...
No new messages received yet.Trying again...
No new messages received yet.Trying again...
No new messages received yet.Trying again...
No new messages received yet.Trying again...

Actual data inserted to database
Triggering forecasting with retrained model
Forecasting.py script logs
Database connection established
Value of --retrain flag: True

Forecasting for retrained model using device1/2025-12-08-00-00-00-2025-12-08-00-09-59-model/device1.keras and device1/2025-12-08-00-00-00-2025-12-08-00-09-59-model/scaler.save
Successfully downloaded model and scaler from S3

Actual values fetched from database
    sensor_id  sensor_energy_value    sensor_timestamp  message_delay  computed_value
0           1           691.174194 2025-12-08 00:12:00   18621.451613  YES
1           1           691.174194 2025-12-08 00:12:01   18621.451613  YES
2           1           691.174194 2025-12-08 00:12:02   18621.451613  YES
3           1           691.174194 2025-12-08 00:12:03   18621.451613  YES
4           1           691.174194 2025-12-08 00:12:04   18621.451613  YES
5           1           691.174194 2025-12-08 00:12:05   18621.451613  YES
6           1           691.174194 2025-12-08 00:12:06   18621.451613  YES
7           1           691.174194 2025-12-08 00:12:07   18621.451613  YES
8           1           691.174194 2025-12-08 00:12:08   18621.451613  YES
9           1           687.100000 2025-12-08 00:12:09   33634.000000   NO
10          1           687.700000 2025-12-08 00:12:10   32634.000000   NO
11          1           685.200000 2025-12-08 00:12:11   31633.000000   NO
12          1           689.800000 2025-12-08 00:12:12   30632.000000   NO
13          1           688.500000 2025-12-08 00:12:13   29632.000000   NO
14          1           687.400000 2025-12-08 00:12:14   28631.000000   NO
15          1           687.700000 2025-12-08 00:12:15   27630.000000   NO
16          1           691.700000 2025-12-08 00:12:16   26630.000000   NO
17          1           691.174194 2025-12-08 00:12:17   18621.451613  YES
18          1           691.174194 2025-12-08 00:12:18   18621.451613  YES
19          1           691.174194 2025-12-08 00:12:19   18621.451613  YES
20          1           691.174194 2025-12-08 00:12:20   18621.451613  YES
21          1           691.174194 2025-12-08 00:12:21   18621.451613  YES
22          1           691.174194 2025-12-08 00:12:22   18621.451613  YES
23          1           691.174194 2025-12-08 00:12:23   18621.451613  YES
24          1           691.174194 2025-12-08 00:12:24   18621.451613  YES
25          1           691.174194 2025-12-08 00:12:25   18621.451613  YES
26          1           691.174194 2025-12-08 00:12:26   18621.451613  YES
27          1           691.174194 2025-12-08 00:12:27   18621.451613  YES
28          1           691.174194 2025-12-08 00:12:28   18621.451613  YES
29          1           691.174194 2025-12-08 00:12:29   18621.451613  YES
30          1           691.174194 2025-12-08 00:12:30   18621.451613  YES
31          1           691.174194 2025-12-08 00:12:31   18621.451613  YES
32          1           691.174194 2025-12-08 00:12:32   18621.451613  YES
33          1           689.700000 2025-12-08 00:12:33   25629.000000   NO
34          1           688.700000 2025-12-08 00:12:34   24628.000000   NO
35          1           687.400000 2025-12-08 00:12:35   23628.000000   NO
36          1           695.200000 2025-12-08 00:12:36   22627.000000   NO
37          1           685.800000 2025-12-08 00:12:37   21627.000000   NO
38          1           687.000000 2025-12-08 00:12:38   20626.000000   NO
39          1           684.500000 2025-12-08 00:12:39   19623.000000   NO
40          1           684.700000 2025-12-08 00:12:40   18622.000000   NO
41          1           684.700000 2025-12-08 00:12:41   17621.000000   NO
42          1           687.700000 2025-12-08 00:12:42   16620.000000   NO
43          1           690.400000 2025-12-08 00:12:43   15619.000000   NO
44          1           713.000000 2025-12-08 00:12:44   14618.000000   NO
45          1           694.800000 2025-12-08 00:12:45   13617.000000   NO
46          1           700.200000 2025-12-08 00:12:46   12616.000000   NO
47          1           692.900000 2025-12-08 00:12:47   11616.000000   NO
48          1           693.700000 2025-12-08 00:12:48   10614.000000   NO
49          1           693.700000 2025-12-08 00:12:49    9614.000000   NO
50          1           693.600000 2025-12-08 00:12:50    8612.000000   NO
51          1           695.600000 2025-12-08 00:12:51    7608.000000   NO
52          1           696.000000 2025-12-08 00:12:52    6607.000000   NO
53          1           693.100000 2025-12-08 00:12:53    5607.000000   NO
54          1           697.200000 2025-12-08 00:12:54    4605.000000   NO
55          1           691.700000 2025-12-08 00:12:55    3605.000000   NO
56          1           691.174194 2025-12-08 00:12:56   18621.451613  YES
57          1           691.174194 2025-12-08 00:12:57   18621.451613  YES
58          1           691.174194 2025-12-08 00:12:58   18621.451613  YES
59          1           691.174194 2025-12-08 00:12:59   18621.451613  YES
Forecasted values:
    sensor_id  sensor_energy_value_prediction    sensor_timestamp
0           1                      925.059631 2025-12-08 00:13:00
1           1                      938.346985 2025-12-08 00:13:01
2           1                      953.720215 2025-12-08 00:13:02
3           1                      969.892639 2025-12-08 00:13:03
4           1                      986.129395 2025-12-08 00:13:04
5           1                     1001.948303 2025-12-08 00:13:05
6           1                     1017.055847 2025-12-08 00:13:06
7           1                     1031.295532 2025-12-08 00:13:07
8           1                     1044.603882 2025-12-08 00:13:08
9           1                     1056.978394 2025-12-08 00:13:09
10          1                     1068.454346 2025-12-08 00:13:10
11          1                     1079.088135 2025-12-08 00:13:11
12          1                     1088.946411 2025-12-08 00:13:12
13          1                     1098.099243 2025-12-08 00:13:13
14          1                     1106.615356 2025-12-08 00:13:14
15          1                     1114.560425 2025-12-08 00:13:15
16          1                     1121.994385 2025-12-08 00:13:16
17          1                     1128.972290 2025-12-08 00:13:17
18          1                     1135.543579 2025-12-08 00:13:18
19          1                     1141.752197 2025-12-08 00:13:19
20          1                     1147.636963 2025-12-08 00:13:20
21          1                     1153.232422 2025-12-08 00:13:21
22          1                     1158.568970 2025-12-08 00:13:22
23          1                     1163.673706 2025-12-08 00:13:23
24          1                     1168.569580 2025-12-08 00:13:24
25          1                     1173.277710 2025-12-08 00:13:25
26          1                     1177.815918 2025-12-08 00:13:26
27          1                     1182.200562 2025-12-08 00:13:27
28          1                     1186.445557 2025-12-08 00:13:28
29          1                     1190.563354 2025-12-08 00:13:29
30          1                     1194.565063 2025-12-08 00:13:30
31          1                     1198.460205 2025-12-08 00:13:31
32          1                     1202.257690 2025-12-08 00:13:32
33          1                     1205.965576 2025-12-08 00:13:33
34          1                     1209.590088 2025-12-08 00:13:34
35          1                     1213.137939 2025-12-08 00:13:35
36          1                     1216.614990 2025-12-08 00:13:36
37          1                     1220.025879 2025-12-08 00:13:37
38          1                     1223.375977 2025-12-08 00:13:38
39          1                     1226.668823 2025-12-08 00:13:39
40          1                     1229.908813 2025-12-08 00:13:40
41          1                     1233.099365 2025-12-08 00:13:41
42          1                     1236.244263 2025-12-08 00:13:42
43          1                     1239.346191 2025-12-08 00:13:43
44          1                     1242.408325 2025-12-08 00:13:44
45          1                     1245.433472 2025-12-08 00:13:45
46          1                     1248.424194 2025-12-08 00:13:46
47          1                     1251.382812 2025-12-08 00:13:47
48          1                     1254.312134 2025-12-08 00:13:48
49          1                     1257.213623 2025-12-08 00:13:49
50          1                     1260.089966 2025-12-08 00:13:50
51          1                     1262.942993 2025-12-08 00:13:51
52          1                     1265.774658 2025-12-08 00:13:52
53          1                     1268.586670 2025-12-08 00:13:53
54          1                     1271.380615 2025-12-08 00:13:54
55          1                     1274.158447 2025-12-08 00:13:55
56          1                     1276.921387 2025-12-08 00:13:56
57          1                     1279.670776 2025-12-08 00:13:57
58          1                     1282.408325 2025-12-08 00:13:58
59          1                     1285.134888 2025-12-08 00:13:59
Forecasted values inserted into database
Exiting forecasting script

No new messages received yet.Trying again...
No new messages received yet.Trying again...
No new messages received yet.Trying again...
No new messages received yet.Trying again...
No new messages received yet.Trying again...
No new messages received yet.Trying again...
No new messages received yet.Trying again...
No new messages received yet.Trying again...
No new messages received yet.Trying again...
No new messages received yet.Trying again...
No new messages received yet.Trying again...
No new messages received yet.Trying again...
No new messages received yet.Trying again...
No new messages received yet.Trying again...
No new messages received yet.Trying again...
No new messages received yet.Trying again...
No new messages received yet.Trying again...
No new messages received yet.Trying again...
No new messages received yet.Trying again...
No new messages received yet.Trying again...
No new messages received yet.Trying again...
No new messages received yet.Trying again...
No new messages received yet.Trying again...
No new messages received yet.Trying again...
No new messages received yet.Trying again...
No new messages received yet.Trying again...
No new messages received yet.Trying again...
No new messages received yet.Trying again...
No new messages received yet.Trying again...
No new messages received yet.Trying again...
No new messages received yet.Trying again...
No new messages received yet.Trying again...
No new messages received yet.Trying again...
No new messages received yet.Trying again...
No new messages received yet.Trying again...
No new messages received yet.Trying again...
No new messages received yet.Trying again...
No new messages received yet.Trying again...
No new messages received yet.Trying again...
No new messages received yet.Trying again...
No new messages received yet.Trying again...
No new messages received yet.Trying again...
No new messages received yet.Trying again...
No new messages received yet.Trying again...
No new messages received yet.Trying again...
No new messages received yet.Trying again...
No new messages received yet.Trying again...
No new messages received yet.Trying again...
No new messages received yet.Trying again...
No new messages received yet.Trying again...
No new messages received yet.Trying again...
No new messages received yet.Trying again...
No new messages received yet.Trying again...
No new messages received yet.Trying again...
No new messages received yet.Trying again...
No new messages received yet.Trying again...
No new messages received yet.Trying again...
No new messages received yet.Trying again...
No new messages received yet.Trying again...
No new messages received yet.Trying again...
No new messages received yet.Trying again...
No new messages received yet.Trying again...
No new messages received yet.Trying again...
No new messages received yet.Trying again...
No new messages received yet.Trying again...
No new messages received yet.Trying again...
No new messages received yet.Trying again...
No new messages received yet.Trying again...
No new messages received yet.Trying again...
No new messages received yet.Trying again...
No new messages received yet.Trying again...
No new messages received yet.Trying again...
No new messages received yet.Trying again...
No new messages received yet.Trying again...
No new messages received yet.Trying again...
No new messages received yet.Trying again...
No new messages received yet.Trying again...
No new messages received yet.Trying again...
No new messages received yet.Trying again...
No new messages received yet.Trying again...
No new messages received yet.Trying again...
No new messages received yet.Trying again...
No new messages received yet.Trying again...
No new messages received yet.Trying again...
No new messages received yet.Trying again...

Actual data inserted to database
Triggering forecasting with retrained model
Forecasting.py script logs
Database connection established
Value of --retrain flag: True

Forecasting for retrained model using device1/2025-12-08-00-00-00-2025-12-08-00-09-59-model/device1.keras and device1/2025-12-08-00-00-00-2025-12-08-00-09-59-model/scaler.save
Successfully downloaded model and scaler from S3

Actual values fetched from database
    sensor_id  sensor_energy_value    sensor_timestamp  message_delay  computed_value
0           1           688.600000 2025-12-08 00:13:00   35598.000000   NO
1           1           684.900000 2025-12-08 00:13:01   34597.000000   NO
2           1           688.100000 2025-12-08 00:13:02   33596.000000   NO
3           1           689.100000 2025-12-08 00:13:03   32595.000000   NO
4           1           686.700000 2025-12-08 00:13:04   92653.000000   NO
5           1           689.100000 2025-12-08 00:13:05   91652.000000   NO
6           1           695.100000 2025-12-08 00:13:06   90651.000000   NO
7           1           688.800000 2025-12-08 00:13:07   89650.000000   NO
8           1           695.900000 2025-12-08 00:13:08   88649.000000   NO
9           1           686.300000 2025-12-08 00:13:09   87648.000000   NO
10          1           685.100000 2025-12-08 00:13:10   86648.000000   NO
11          1           684.500000 2025-12-08 00:13:11   85647.000000   NO
12          1           688.200000 2025-12-08 00:13:12   31594.000000   NO
13          1           687.000000 2025-12-08 00:13:13   30593.000000   NO
14          1           689.000000 2025-12-08 00:13:14   29593.000000   NO
15          1           687.300000 2025-12-08 00:13:15   28592.000000   NO
16          1           684.800000 2025-12-08 00:13:16   27592.000000   NO
17          1           687.500000 2025-12-08 00:13:17   26591.000000   NO
18          1           688.800000 2025-12-08 00:13:18   25591.000000   NO
19          1           689.400000 2025-12-08 00:13:19   24590.000000   NO
20          1           690.800000 2025-12-08 00:13:20   23590.000000   NO
21          1           687.400000 2025-12-08 00:13:21   22589.000000   NO
22          1           674.197674 2025-12-08 00:13:22   39161.860465  YES
23          1           674.197674 2025-12-08 00:13:23   39161.860465  YES
24          1           674.197674 2025-12-08 00:13:24   39161.860465  YES
25          1           674.197674 2025-12-08 00:13:25   39161.860465  YES
26          1           674.197674 2025-12-08 00:13:26   39161.860465  YES
27          1           674.197674 2025-12-08 00:13:27   39161.860465  YES
28          1           683.700000 2025-12-08 00:13:28   84646.000000   NO
29          1           684.800000 2025-12-08 00:13:29   83645.000000   NO
30          1           684.100000 2025-12-08 00:13:30   82644.000000   NO
31          1           653.700000 2025-12-08 00:13:31   81644.000000   NO
32          1           656.200000 2025-12-08 00:13:32   21588.000000   NO
33          1           656.400000 2025-12-08 00:13:33   20587.000000   NO
34          1           656.900000 2025-12-08 00:13:34   19586.000000   NO
35          1           652.900000 2025-12-08 00:13:35   18585.000000   NO
36          1           654.300000 2025-12-08 00:13:36   17584.000000   NO
37          1           654.300000 2025-12-08 00:13:37   16583.000000   NO
38          1           655.000000 2025-12-08 00:13:38   15582.000000   NO
39          1           657.500000 2025-12-08 00:13:39   14582.000000   NO
40          1           653.500000 2025-12-08 00:13:40   13581.000000   NO
41          1           674.197674 2025-12-08 00:13:41   39161.860465  YES
42          1           674.197674 2025-12-08 00:13:42   39161.860465  YES
43          1           674.197674 2025-12-08 00:13:43   39161.860465  YES
44          1           674.197674 2025-12-08 00:13:44   39161.860465  YES
45          1           674.197674 2025-12-08 00:13:45   39161.860465  YES
46          1           674.197674 2025-12-08 00:13:46   39161.860465  YES
47          1           674.197674 2025-12-08 00:13:47   39161.860465  YES
48          1           674.197674 2025-12-08 00:13:48   39161.860465  YES
49          1           654.300000 2025-12-08 00:13:49   12580.000000   NO
50          1           659.000000 2025-12-08 00:13:50   11579.000000   NO
51          1           653.300000 2025-12-08 00:13:51   10579.000000   NO
52          1           655.400000 2025-12-08 00:13:52    9578.000000   NO
53          1           654.800000 2025-12-08 00:13:53    8578.000000   NO
54          1           658.200000 2025-12-08 00:13:54    7577.000000   NO
55          1           655.400000 2025-12-08 00:13:55    6577.000000   NO
56          1           654.400000 2025-12-08 00:13:56    5576.000000   NO
57          1           674.197674 2025-12-08 00:13:57   39161.860465  YES
58          1           674.197674 2025-12-08 00:13:58   39161.860465  YES
59          1           674.197674 2025-12-08 00:13:59   39161.860465  YES
Forecasted values:
    sensor_id  sensor_energy_value_prediction    sensor_timestamp
0           1                      913.112488 2025-12-08 00:14:00
1           1                      927.438171 2025-12-08 00:14:01
2           1                      943.866638 2025-12-08 00:14:02
3           1                      961.037903 2025-12-08 00:14:03
4           1                      978.194031 2025-12-08 00:14:04
5           1                      994.841736 2025-12-08 00:14:05
6           1                     1010.685913 2025-12-08 00:14:06
7           1                     1025.573242 2025-12-08 00:14:07
8           1                     1039.446777 2025-12-08 00:14:08
9           1                     1052.311890 2025-12-08 00:14:09
10          1                     1064.212036 2025-12-08 00:14:10
11          1                     1075.211792 2025-12-08 00:14:11
12          1                     1085.385864 2025-12-08 00:14:12
13          1                     1094.811279 2025-12-08 00:14:13
14          1                     1103.562866 2025-12-08 00:14:14
15          1                     1111.711792 2025-12-08 00:14:15
16          1                     1119.322632 2025-12-08 00:14:16
17          1                     1126.454956 2025-12-08 00:14:17
18          1                     1133.161011 2025-12-08 00:14:18
19          1                     1139.488159 2025-12-08 00:14:19
20          1                     1145.477661 2025-12-08 00:14:20
21          1                     1151.166382 2025-12-08 00:14:21
22          1                     1156.585938 2025-12-08 00:14:22
23          1                     1161.765137 2025-12-08 00:14:23
24          1                     1166.728271 2025-12-08 00:14:24
25          1                     1171.497437 2025-12-08 00:14:25
26          1                     1176.091309 2025-12-08 00:14:26
27          1                     1180.526611 2025-12-08 00:14:27
28          1                     1184.818237 2025-12-08 00:14:28
29          1                     1188.979004 2025-12-08 00:14:29
30          1                     1193.020386 2025-12-08 00:14:30
31          1                     1196.952393 2025-12-08 00:14:31
32          1                     1200.784302 2025-12-08 00:14:32
33          1                     1204.524048 2025-12-08 00:14:33
34          1                     1208.178467 2025-12-08 00:14:34
35          1                     1211.754272 2025-12-08 00:14:35
36          1                     1215.257324 2025-12-08 00:14:36
37          1                     1218.692871 2025-12-08 00:14:37
38          1                     1222.065674 2025-12-08 00:14:38
39          1                     1225.379883 2025-12-08 00:14:39
40          1                     1228.639893 2025-12-08 00:14:40
41          1                     1231.849365 2025-12-08 00:14:41
42          1                     1235.011719 2025-12-08 00:14:42
43          1                     1238.130127 2025-12-08 00:14:43
44          1                     1241.207642 2025-12-08 00:14:44
45          1                     1244.247070 2025-12-08 00:14:45
46          1                     1247.251221 2025-12-08 00:14:46
47          1                     1250.222412 2025-12-08 00:14:47
48          1                     1253.163086 2025-12-08 00:14:48
49          1                     1256.075684 2025-12-08 00:14:49
50          1                     1258.961914 2025-12-08 00:14:50
51          1                     1261.824463 2025-12-08 00:14:51
52          1                     1264.664795 2025-12-08 00:14:52
53          1                     1267.484741 2025-12-08 00:14:53
54          1                     1270.286255 2025-12-08 00:14:54
55          1                     1273.070557 2025-12-08 00:14:55
56          1                     1275.839844 2025-12-08 00:14:56
57          1                     1278.594971 2025-12-08 00:14:57
58          1                     1281.337402 2025-12-08 00:14:58
59          1                     1284.068481 2025-12-08 00:14:59
Forecasted values inserted into database
Exiting forecasting script

No new messages received yet.Trying again...
No new messages received yet.Trying again...
No new messages received yet.Trying again...
No new messages received yet.Trying again...
No new messages received yet.Trying again...
No new messages received yet.Trying again...
No new messages received yet.Trying again...
No new messages received yet.Trying again...
No new messages received yet.Trying again...
No new messages received yet.Trying again...
No new messages received yet.Trying again...
No new messages received yet.Trying again...
No new messages received yet.Trying again...
No new messages received yet.Trying again...
No new messages received yet.Trying again...
No new messages received yet.Trying again...
No new messages received yet.Trying again...
No new messages received yet.Trying again...
No new messages received yet.Trying again...
No new messages received yet.Trying again...
No new messages received yet.Trying again...
No new messages received yet.Trying again...
No new messages received yet.Trying again...
No new messages received yet.Trying again...
No new messages received yet.Trying again...
No new messages received yet.Trying again...
No new messages received yet.Trying again...
No new messages received yet.Trying again...
No new messages received yet.Trying again...
No new messages received yet.Trying again...
No new messages received yet.Trying again...
No new messages received yet.Trying again...
No new messages received yet.Trying again...
No new messages received yet.Trying again...
No new messages received yet.Trying again...
No new messages received yet.Trying again...
No new messages received yet.Trying again...
No new messages received yet.Trying again...
No new messages received yet.Trying again...
No new messages received yet.Trying again...
No new messages received yet.Trying again...
No new messages received yet.Trying again...
No new messages received yet.Trying again...
No new messages received yet.Trying again...
No new messages received yet.Trying again...
No new messages received yet.Trying again...
No new messages received yet.Trying again...
No new messages received yet.Trying again...
No new messages received yet.Trying again...
No new messages received yet.Trying again...
No new messages received yet.Trying again...
No new messages received yet.Trying again...
No new messages received yet.Trying again...
No new messages received yet.Trying again...
No new messages received yet.Trying again...
No new messages received yet.Trying again...
No new messages received yet.Trying again...
No new messages received yet.Trying again...
No new messages received yet.Trying again...
No new messages received yet.Trying again...
No new messages received yet.Trying again...
No new messages received yet.Trying again...
No new messages received yet.Trying again...
No new messages received yet.Trying again...
No new messages received yet.Trying again...
No new messages received yet.Trying again...
No new messages received yet.Trying again...
No new messages received yet.Trying again...
No new messages received yet.Trying again...
No new messages received yet.Trying again...
No new messages received yet.Trying again...
No new messages received yet.Trying again...
No new messages received yet.Trying again...
No new messages received yet.Trying again...
No new messages received yet.Trying again...

Actual data inserted to database
Triggering forecasting with retrained model
Forecasting.py script logs
Database connection established
Value of --retrain flag: True

Forecasting for retrained model using device1/2025-12-08-00-00-00-2025-12-08-00-09-59-model/device1.keras and device1/2025-12-08-00-00-00-2025-12-08-00-09-59-model/scaler.save
Successfully downloaded model and scaler from S3

Actual values fetched from database
    sensor_id  sensor_energy_value    sensor_timestamp  message_delay  computed_value
0           1           666.200000 2025-12-08 00:14:00   41660.000000   NO
1           1           660.500000 2025-12-08 00:14:01   40659.000000   NO
2           1           659.900000 2025-12-08 00:14:02   39659.000000   NO
3           1           659.300000 2025-12-08 00:14:03   38658.000000   NO
4           1           655.300000 2025-12-08 00:14:04   37657.000000   NO
5           1           673.000000 2025-12-08 00:14:05   84693.000000   NO
6           1           655.700000 2025-12-08 00:14:06   83692.000000   NO
7           1           657.300000 2025-12-08 00:14:07   82692.000000   NO
8           1           658.000000 2025-12-08 00:14:08   81691.000000   NO
9           1           658.900000 2025-12-08 00:14:09   80690.000000   NO
10          1           653.800000 2025-12-08 00:14:10   79690.000000   NO
11          1           652.600000 2025-12-08 00:14:11   78689.000000   NO
12          1           655.200000 2025-12-08 00:14:12   77688.000000   NO
13          1           653.400000 2025-12-08 00:14:13   36657.000000   NO
14          1           654.100000 2025-12-08 00:14:14   35656.000000   NO
15          1           651.800000 2025-12-08 00:14:15   34655.000000   NO
16          1           650.800000 2025-12-08 00:14:16   33655.000000   NO
17          1           654.900000 2025-12-08 00:14:17   32654.000000   NO
18          1           654.100000 2025-12-08 00:14:18   31653.000000   NO
19          1           660.600000 2025-12-08 00:14:19   30652.000000   NO
20          1           654.300000 2025-12-08 00:14:20   29652.000000   NO
21          1           651.100000 2025-12-08 00:14:21   28651.000000   NO
22          1           651.700000 2025-12-08 00:14:22   27650.000000   NO
23          1           651.700000 2025-12-08 00:14:23   26649.000000   NO
24          1           654.800000 2025-12-08 00:14:24   25648.000000   NO
25          1           652.700000 2025-12-08 00:14:25   24647.000000   NO
26          1           653.700000 2025-12-08 00:14:26   23647.000000   NO
27          1           653.100000 2025-12-08 00:14:27   22646.000000   NO
28          1           652.600000 2025-12-08 00:14:28   21645.000000   NO
29          1           652.400000 2025-12-08 00:14:29   76687.000000   NO
30          1           654.900000 2025-12-08 00:14:30   75687.000000   NO
31          1           652.300000 2025-12-08 00:14:31   74686.000000   NO
32          1           652.600000 2025-12-08 00:14:32   73685.000000   NO
33          1           651.800000 2025-12-08 00:14:33   72684.000000   NO
34          1           650.300000 2025-12-08 00:14:34   71683.000000   NO
35          1           653.300000 2025-12-08 00:14:35   70682.000000   NO
36          1           647.400000 2025-12-08 00:14:36   69682.000000   NO
37          1           657.100000 2025-12-08 00:14:37   68681.000000   NO
38          1           654.300000 2025-12-08 00:14:38   67680.000000   NO
39          1           655.400000 2025-12-08 00:14:39   66679.000000   NO
40          1           654.400000 2025-12-08 00:14:40   65679.000000   NO
41          1           652.200000 2025-12-08 00:14:41   20644.000000   NO
42          1           654.800000 2025-12-08 00:14:42   19643.000000   NO
43          1           653.100000 2025-12-08 00:14:43   18643.000000   NO
44          1           654.700000 2025-12-08 00:14:44   17642.000000   NO
45          1           653.100000 2025-12-08 00:14:45   16641.000000   NO
46          1           650.400000 2025-12-08 00:14:46   15641.000000   NO
47          1           652.400000 2025-12-08 00:14:47   14640.000000   NO
48          1           651.700000 2025-12-08 00:14:48   13639.000000   NO
49          1           651.300000 2025-12-08 00:14:49   64678.000000   NO
50          1           653.500000 2025-12-08 00:14:50   63677.000000   NO
51          1           657.300000 2025-12-08 00:14:51   62676.000000   NO
52          1           650.100000 2025-12-08 00:14:52   61675.000000   NO
53          1           653.600000 2025-12-08 00:14:53   60674.000000   NO
54          1           653.000000 2025-12-08 00:14:54   59674.000000   NO
55          1           649.900000 2025-12-08 00:14:55   12638.000000   NO
56          1           653.700000 2025-12-08 00:14:56   11637.000000   NO
57          1           654.422807 2025-12-08 00:14:57   47419.157895  YES
58          1           654.422807 2025-12-08 00:14:58   47419.157895  YES
59          1           654.422807 2025-12-08 00:14:59   47419.157895  YES
Forecasted values:
    sensor_id  sensor_energy_value_prediction    sensor_timestamp
0           1                      908.691772 2025-12-08 00:15:00
1           1                      923.030823 2025-12-08 00:15:01
2           1                      939.623413 2025-12-08 00:15:02
3           1                      957.033081 2025-12-08 00:15:03
4           1                      974.465088 2025-12-08 00:15:04
5           1                      991.400635 2025-12-08 00:15:05
6           1                     1007.528015 2025-12-08 00:15:06
7           1                     1022.683594 2025-12-08 00:15:07
8           1                     1036.804810 2025-12-08 00:15:08
9           1                     1049.894653 2025-12-08 00:15:09
10          1                     1061.996460 2025-12-08 00:15:10
11          1                     1073.175537 2025-12-08 00:15:11
12          1                     1083.508179 2025-12-08 00:15:12
13          1                     1093.073120 2025-12-08 00:15:13
14          1                     1101.947876 2025-12-08 00:15:14
15          1                     1110.204834 2025-12-08 00:15:15
16          1                     1117.911133 2025-12-08 00:15:16
17          1                     1125.127197 2025-12-08 00:15:17
18          1                     1131.907593 2025-12-08 00:15:18
19          1                     1138.300293 2025-12-08 00:15:19
20          1                     1144.348145 2025-12-08 00:15:20
21          1                     1150.088745 2025-12-08 00:15:21
22          1                     1155.555054 2025-12-08 00:15:22
23          1                     1160.775879 2025-12-08 00:15:23
24          1                     1165.776611 2025-12-08 00:15:24
25          1                     1170.579712 2025-12-08 00:15:25
26          1                     1175.204346 2025-12-08 00:15:26
27          1                     1179.667969 2025-12-08 00:15:27
28          1                     1183.985352 2025-12-08 00:15:28
29          1                     1188.169678 2025-12-08 00:15:29
30          1                     1192.232666 2025-12-08 00:15:30
31          1                     1196.184937 2025-12-08 00:15:31
32          1                     1200.035034 2025-12-08 00:15:32
33          1                     1203.791748 2025-12-08 00:15:33
34          1                     1207.462036 2025-12-08 00:15:34
35          1                     1211.052734 2025-12-08 00:15:35
36          1                     1214.569336 2025-12-08 00:15:36
37          1                     1218.017456 2025-12-08 00:15:37
38          1                     1221.402100 2025-12-08 00:15:38
39          1                     1224.727539 2025-12-08 00:15:39
40          1                     1227.998047 2025-12-08 00:15:40
41          1                     1231.217285 2025-12-08 00:15:41
42          1                     1234.388672 2025-12-08 00:15:42
43          1                     1237.515503 2025-12-08 00:15:43
44          1                     1240.601074 2025-12-08 00:15:44
45          1                     1243.647949 2025-12-08 00:15:45
46          1                     1246.659058 2025-12-08 00:15:46
47          1                     1249.636719 2025-12-08 00:15:47
48          1                     1252.583374 2025-12-08 00:15:48
49          1                     1255.501587 2025-12-08 00:15:49
50          1                     1258.393066 2025-12-08 00:15:50
51          1                     1261.260132 2025-12-08 00:15:51
52          1                     1264.104736 2025-12-08 00:15:52
53          1                     1266.928711 2025-12-08 00:15:53
54          1                     1269.733521 2025-12-08 00:15:54
55          1                     1272.521362 2025-12-08 00:15:55
56          1                     1275.293579 2025-12-08 00:15:56
57          1                     1278.051392 2025-12-08 00:15:57
58          1                     1280.796509 2025-12-08 00:15:58
59          1                     1283.530151 2025-12-08 00:15:59
Forecasted values inserted into database
Exiting forecasting script

No new messages received yet.Trying again...
No new messages received yet.Trying again...
No new messages received yet.Trying again...
No new messages received yet.Trying again...
No new messages received yet.Trying again...
No new messages received yet.Trying again...
No new messages received yet.Trying again...
No new messages received yet.Trying again...
No new messages received yet.Trying again...
No new messages received yet.Trying again...
No new messages received yet.Trying again...
No new messages received yet.Trying again...
No new messages received yet.Trying again...
No new messages received yet.Trying again...
No new messages received yet.Trying again...
No new messages received yet.Trying again...
No new messages received yet.Trying again...
No new messages received yet.Trying again...
No new messages received yet.Trying again...
No new messages received yet.Trying again...
