17:40 - 17:55
2026-05-14 17:40:48.454 INFO  [138715655811200] Client:86 | Subscribing on Topic :device1_model_consume
2026-05-14 17:40:48.455 INFO  [138715655811200] ClientConnection:196 | [<none> -> pulsar://localhost:6650] Create ClientConnection, timeout=10000
2026-05-14 17:40:48.455 INFO  [138715655811200] ConnectionPool:125 | Created connection for pulsar://localhost:6650-pulsar://localhost:6650-0
2026-05-14 17:40:48.455 INFO  [138715129181888] ClientConnection:416 | [127.0.0.1:51738 -> 127.0.0.1:6650] Connected to broker
2026-05-14 17:40:48.457 INFO  [138715129181888] HandlerBase:112 | [persistent://public/default/device1_model_consume, pythonSubscription, 0] Getting connection from pool
2026-05-14 17:40:48.458 INFO  [138715129181888] BinaryProtoLookupService:85 | Lookup response for persistent://public/default/device1_model_consume, lookup-broker-url pulsar://localhost:6650, from [127.0.0.1:51738 -> 127.0.0.1:6650] 
2026-05-14 17:40:48.483 INFO  [138715129181888] ConsumerImpl:337 | [persistent://public/default/device1_model_consume, pythonSubscription, 0] Created consumer on broker [127.0.0.1:51738 -> 127.0.0.1:6650] 
2026-05-14 17:40:48.483 INFO  [138715129181888] HandlerBase:134 | Finished connecting to broker after 25 ms
Coordinator service started

Database connection established
Dropped table device1_actualvalues
Table device1_actualvalues created successfully

No new messages received yet.Trying again...
No new messages received yet.Trying again...
No new messages received yet.Trying again...
No new messages received yet.Trying again...
No new messages received yet.Trying again...
No new messages received yet.Trying again...
No new messages received yet.Trying again...
No new messages received yet.Trying again...
No new messages received yet.Trying again...
No new messages received yet.Trying again...
No new messages received yet.Trying again...
No new messages received yet.Trying again...
No new messages received yet.Trying again...
No new messages received yet.Trying again...
No new messages received yet.Trying again...
No new messages received yet.Trying again...
No new messages received yet.Trying again...
No new messages received yet.Trying again...
No new messages received yet.Trying again...
No new messages received yet.Trying again...
No new messages received yet.Trying again...
No new messages received yet.Trying again...
No new messages received yet.Trying again...
No new messages received yet.Trying again...
No new messages received yet.Trying again...
No new messages received yet.Trying again...
No new messages received yet.Trying again...
No new messages received yet.Trying again...
No new messages received yet.Trying again...
No new messages received yet.Trying again...
No new messages received yet.Trying again...
No new messages received yet.Trying again...
No new messages received yet.Trying again...
No new messages received yet.Trying again...
No new messages received yet.Trying again...
No new messages received yet.Trying again...
No new messages received yet.Trying again...
No new messages received yet.Trying again...
No new messages received yet.Trying again...
No new messages received yet.Trying again...
No new messages received yet.Trying again...
No new messages received yet.Trying again...
No new messages received yet.Trying again...
No new messages received yet.Trying again...
No new messages received yet.Trying again...
No new messages received yet.Trying again...
No new messages received yet.Trying again...
No new messages received yet.Trying again...

Actual data inserted to database
No retrain triggered
Triggering forecasting

Forecasting.py script logs
Database connection established
Dropped table device1_forecastedvalues
Table device1_forecastedvalues created successfully

Value of --retrain flag: False

Forecasting for initial model using device1/initial/device1.keras and device1/initial/scaler.save
Successfully downloaded model and scaler from S3

Actual values fetched from database
    sensor_id  sensor_energy_value    sensor_timestamp  message_delay
0           1                699.6 2025-12-08 00:00:00        59143.0
1           1                710.8 2025-12-08 00:00:01        58139.0
2           1                695.3 2025-12-08 00:00:02        57136.0
3           1                695.3 2025-12-08 00:00:03        56133.0
4           1                693.7 2025-12-08 00:00:04        55131.0
5           1                695.2 2025-12-08 00:00:05        54128.0
6           1                694.9 2025-12-08 00:00:06        53125.0
7           1                694.4 2025-12-08 00:00:07        52122.0
8           1                693.6 2025-12-08 00:00:08        51119.0
9           1                700.2 2025-12-08 00:00:09        50117.0
10          1                702.3 2025-12-08 00:00:10        49114.0
11          1                694.8 2025-12-08 00:00:11        48112.0
12          1                694.7 2025-12-08 00:00:12        47110.0
13          1                693.1 2025-12-08 00:00:13        46107.0
14          1                695.3 2025-12-08 00:00:14        45104.0
15          1                693.7 2025-12-08 00:00:15        44101.0
16          1                694.5 2025-12-08 00:00:16        43099.0
17          1                694.6 2025-12-08 00:00:17        42098.0
18          1                696.1 2025-12-08 00:00:18        41095.0
19          1                708.9 2025-12-08 00:00:19        40093.0
20          1                697.9 2025-12-08 00:00:20        39091.0
21          1                701.4 2025-12-08 00:00:21        38089.0
22          1                695.0 2025-12-08 00:00:22        37088.0
23          1                695.6 2025-12-08 00:00:23        36086.0
24          1                695.7 2025-12-08 00:00:24        35084.0
25          1                690.8 2025-12-08 00:00:25        34083.0
26          1                693.2 2025-12-08 00:00:26        33081.0
27          1                713.7 2025-12-08 00:00:27        32080.0
28          1                695.1 2025-12-08 00:00:28        31077.0
29          1                694.1 2025-12-08 00:00:29        30076.0
30          1                691.4 2025-12-08 00:00:30        29074.0
31          1                690.4 2025-12-08 00:00:31        28072.0
32          1                695.3 2025-12-08 00:00:32        27071.0
33          1                827.1 2025-12-08 00:00:33        26069.0
34          1                797.3 2025-12-08 00:00:34        25066.0
35          1                803.6 2025-12-08 00:00:35        24064.0
36          1                796.7 2025-12-08 00:00:36        23062.0
37          1                704.4 2025-12-08 00:00:37        22060.0
38          1                792.7 2025-12-08 00:00:38        21058.0
39          1                850.3 2025-12-08 00:00:39        20056.0
40          1                808.5 2025-12-08 00:00:40        19053.0
41          1                810.8 2025-12-08 00:00:41        18051.0
42          1                809.5 2025-12-08 00:00:42        17050.0
43          1                799.3 2025-12-08 00:00:43        16047.0
44          1                797.1 2025-12-08 00:00:44        15045.0
45          1                794.5 2025-12-08 00:00:45        14043.0
46          1                799.0 2025-12-08 00:00:46        13041.0
47          1                795.6 2025-12-08 00:00:47        12040.0
48          1                799.2 2025-12-08 00:00:48        11037.0
49          1                795.9 2025-12-08 00:00:49        10036.0
50          1                797.5 2025-12-08 00:00:50         9033.0
51          1                801.1 2025-12-08 00:00:51         8031.0
52          1                800.3 2025-12-08 00:00:52         7030.0
53          1                796.4 2025-12-08 00:00:53         6028.0
54          1                796.5 2025-12-08 00:00:54         5025.0
55          1                799.2 2025-12-08 00:00:55         4022.0
56          1                798.3 2025-12-08 00:00:56         3020.0
57          1                799.4 2025-12-08 00:00:57         2018.0
58          1                798.7 2025-12-08 00:00:58         1016.0
59          1                798.8 2025-12-08 00:00:59           14.0
Forecasted values:
    sensor_id  sensor_energy_value_prediction    sensor_timestamp
0           1                      884.473389 2025-12-08 00:01:00
1           1                      906.803040 2025-12-08 00:01:01
2           1                      933.009827 2025-12-08 00:01:02
3           1                      961.246887 2025-12-08 00:01:03
4           1                      990.089722 2025-12-08 00:01:04
5           1                     1018.381348 2025-12-08 00:01:05
6           1                     1045.175781 2025-12-08 00:01:06
7           1                     1069.717041 2025-12-08 00:01:07
8           1                     1091.433960 2025-12-08 00:01:08
9           1                     1109.942383 2025-12-08 00:01:09
10          1                     1125.047485 2025-12-08 00:01:10
11          1                     1136.738403 2025-12-08 00:01:11
12          1                     1145.174927 2025-12-08 00:01:12
13          1                     1150.664673 2025-12-08 00:01:13
14          1                     1153.630249 2025-12-08 00:01:14
15          1                     1154.571655 2025-12-08 00:01:15
16          1                     1154.024658 2025-12-08 00:01:16
17          1                     1152.521729 2025-12-08 00:01:17
18          1                     1150.556641 2025-12-08 00:01:18
19          1                     1148.558350 2025-12-08 00:01:19
20          1                     1146.872681 2025-12-08 00:01:20
21          1                     1145.754639 2025-12-08 00:01:21
22          1                     1145.367554 2025-12-08 00:01:22
23          1                     1145.790161 2025-12-08 00:01:23
24          1                     1147.027466 2025-12-08 00:01:24
25          1                     1149.024414 2025-12-08 00:01:25
26          1                     1151.681152 2025-12-08 00:01:26
27          1                     1154.866699 2025-12-08 00:01:27
28          1                     1158.433105 2025-12-08 00:01:28
29          1                     1162.227295 2025-12-08 00:01:29
30          1                     1166.101440 2025-12-08 00:01:30
31          1                     1169.920654 2025-12-08 00:01:31
32          1                     1173.569336 2025-12-08 00:01:32
33          1                     1176.954712 2025-12-08 00:01:33
34          1                     1180.009644 2025-12-08 00:01:34
35          1                     1182.692139 2025-12-08 00:01:35
36          1                     1184.984497 2025-12-08 00:01:36
37          1                     1186.890747 2025-12-08 00:01:37
38          1                     1188.433228 2025-12-08 00:01:38
39          1                     1189.649048 2025-12-08 00:01:39
40          1                     1190.584839 2025-12-08 00:01:40
41          1                     1191.293091 2025-12-08 00:01:41
42          1                     1191.828247 2025-12-08 00:01:42
43          1                     1192.243652 2025-12-08 00:01:43
44          1                     1192.587280 2025-12-08 00:01:44
45          1                     1192.901367 2025-12-08 00:01:45
46          1                     1193.219849 2025-12-08 00:01:46
47          1                     1193.568481 2025-12-08 00:01:47
48          1                     1193.964111 2025-12-08 00:01:48
49          1                     1194.416138 2025-12-08 00:01:49
50          1                     1194.926392 2025-12-08 00:01:50
51          1                     1195.490723 2025-12-08 00:01:51
52          1                     1196.100830 2025-12-08 00:01:52
53          1                     1196.745117 2025-12-08 00:01:53
54          1                     1197.409912 2025-12-08 00:01:54
55          1                     1198.081055 2025-12-08 00:01:55
56          1                     1198.744873 2025-12-08 00:01:56
57          1                     1199.389038 2025-12-08 00:01:57
58          1                     1200.002686 2025-12-08 00:01:58
59          1                     1200.578003 2025-12-08 00:01:59
Forecasted values inserted into database
Exiting forecasting script

No new messages received yet.Trying again...
No new messages received yet.Trying again...
No new messages received yet.Trying again...
No new messages received yet.Trying again...
No new messages received yet.Trying again...
No new messages received yet.Trying again...
No new messages received yet.Trying again...
No new messages received yet.Trying again...
No new messages received yet.Trying again...
No new messages received yet.Trying again...
No new messages received yet.Trying again...
No new messages received yet.Trying again...
No new messages received yet.Trying again...
No new messages received yet.Trying again...
No new messages received yet.Trying again...
No new messages received yet.Trying again...
No new messages received yet.Trying again...
No new messages received yet.Trying again...
No new messages received yet.Trying again...
No new messages received yet.Trying again...
No new messages received yet.Trying again...
No new messages received yet.Trying again...
No new messages received yet.Trying again...
No new messages received yet.Trying again...
No new messages received yet.Trying again...
No new messages received yet.Trying again...
No new messages received yet.Trying again...
No new messages received yet.Trying again...
No new messages received yet.Trying again...
No new messages received yet.Trying again...
No new messages received yet.Trying again...
No new messages received yet.Trying again...
No new messages received yet.Trying again...
No new messages received yet.Trying again...
No new messages received yet.Trying again...
No new messages received yet.Trying again...
No new messages received yet.Trying again...
No new messages received yet.Trying again...
No new messages received yet.Trying again...
No new messages received yet.Trying again...
No new messages received yet.Trying again...
No new messages received yet.Trying again...
No new messages received yet.Trying again...

Actual data inserted to database
No retrain triggered
Triggering forecasting

Forecasting.py script logs
Database connection established
Value of --retrain flag: False

Forecasting for initial model using device1/initial/device1.keras and device1/initial/scaler.save
Successfully downloaded model and scaler from S3

Actual values fetched from database
    sensor_id  sensor_energy_value    sensor_timestamp  message_delay
0           1          1210.914286 2025-12-08 00:01:00        59129.0
1           1          1210.914286 2025-12-08 00:01:01        58128.0
2           1          1210.914286 2025-12-08 00:01:02        57127.0
3           1          1210.914286 2025-12-08 00:01:03        56126.0
4           1           801.000000 2025-12-08 00:01:04        55125.0
5           1          1026.400000 2025-12-08 00:01:05        54122.0
6           1          1181.000000 2025-12-08 00:01:06        53120.0
7           1          1017.900000 2025-12-08 00:01:07        52119.0
8           1           998.600000 2025-12-08 00:01:08        51117.0
9           1          1076.100000 2025-12-08 00:01:09        50116.0
10          1          1009.100000 2025-12-08 00:01:10        49114.0
11          1          1058.500000 2025-12-08 00:01:11        48112.0
12          1          1085.700000 2025-12-08 00:01:12        47111.0
13          1          1110.500000 2025-12-08 00:01:13        46109.0
14          1          1138.400000 2025-12-08 00:01:14        45107.0
15          1          1162.700000 2025-12-08 00:01:15        44105.0
16          1          1179.200000 2025-12-08 00:01:16        43103.0
17          1          1200.000000 2025-12-08 00:01:17        42102.0
18          1          1217.700000 2025-12-08 00:01:18        41099.0
19          1          1231.600000 2025-12-08 00:01:19        40097.0
20          1          1241.700000 2025-12-08 00:01:20        39095.0
21          1          1244.700000 2025-12-08 00:01:21        38094.0
22          1          1240.000000 2025-12-08 00:01:22        37092.0
23          1          1247.000000 2025-12-08 00:01:23        36090.0
24          1          1251.800000 2025-12-08 00:01:24        35087.0
25          1          1247.700000 2025-12-08 00:01:25        34085.0
26          1          1245.200000 2025-12-08 00:01:26        33083.0
27          1          1251.200000 2025-12-08 00:01:27        32082.0
28          1          1250.800000 2025-12-08 00:01:28        31079.0
29          1          1253.000000 2025-12-08 00:01:29        30077.0
30          1          1248.400000 2025-12-08 00:01:30        29074.0
31          1          1245.400000 2025-12-08 00:01:31        28072.0
32          1          1245.500000 2025-12-08 00:01:32        27070.0
33          1          1246.100000 2025-12-08 00:01:33        26067.0
34          1          1248.100000 2025-12-08 00:01:34        25065.0
35          1          1249.200000 2025-12-08 00:01:35        24063.0
36          1          1250.900000 2025-12-08 00:01:36        23060.0
37          1          1243.000000 2025-12-08 00:01:37        22059.0
38          1          1243.800000 2025-12-08 00:01:38        21057.0
39          1          1248.700000 2025-12-08 00:01:39        20056.0
40          1          1249.900000 2025-12-08 00:01:40        19054.0
41          1          1249.900000 2025-12-08 00:01:41        18052.0
42          1          1255.700000 2025-12-08 00:01:42        17051.0
43          1          1259.200000 2025-12-08 00:01:43        16049.0
44          1          1257.600000 2025-12-08 00:01:44        15047.0
45          1          1266.000000 2025-12-08 00:01:45        14044.0
46          1          1267.900000 2025-12-08 00:01:46        13042.0
47          1          1266.500000 2025-12-08 00:01:47        12040.0
48          1          1269.900000 2025-12-08 00:01:48        11037.0
49          1          1267.900000 2025-12-08 00:01:49        10035.0
50          1          1269.700000 2025-12-08 00:01:50         9033.0
51          1          1274.200000 2025-12-08 00:01:51         8031.0
52          1          1274.100000 2025-12-08 00:01:52         7029.0
53          1          1271.600000 2025-12-08 00:01:53         6026.0
54          1          1274.600000 2025-12-08 00:01:54         5024.0
55          1          1273.100000 2025-12-08 00:01:55         4022.0
56          1          1273.500000 2025-12-08 00:01:56         3020.0
57          1          1279.100000 2025-12-08 00:01:57         2018.0
58          1          1277.100000 2025-12-08 00:01:58         1015.0
59          1          1297.100000 2025-12-08 00:01:59           13.0
Forecasted values:
    sensor_id  sensor_energy_value_prediction    sensor_timestamp
0           1                     1278.006470 2025-12-08 00:02:00
1           1                     1277.920166 2025-12-08 00:02:01
2           1                     1276.301270 2025-12-08 00:02:02
3           1                     1273.574707 2025-12-08 00:02:03
4           1                     1270.032349 2025-12-08 00:02:04
5           1                     1265.945923 2025-12-08 00:02:05
6           1                     1261.566895 2025-12-08 00:02:06
7           1                     1257.119141 2025-12-08 00:02:07
8           1                     1252.792603 2025-12-08 00:02:08
9           1                     1248.738281 2025-12-08 00:02:09
10          1                     1245.065674 2025-12-08 00:02:10
11          1                     1241.844116 2025-12-08 00:02:11
12          1                     1239.105713 2025-12-08 00:02:12
13          1                     1236.849243 2025-12-08 00:02:13
14          1                     1235.047485 2025-12-08 00:02:14
15          1                     1233.652100 2025-12-08 00:02:15
16          1                     1232.601562 2025-12-08 00:02:16
17          1                     1231.826416 2025-12-08 00:02:17
18          1                     1231.255249 2025-12-08 00:02:18
19          1                     1230.819336 2025-12-08 00:02:19
20          1                     1230.455811 2025-12-08 00:02:20
21          1                     1230.111206 2025-12-08 00:02:21
22          1                     1229.742432 2025-12-08 00:02:22
23          1                     1229.317749 2025-12-08 00:02:23
24          1                     1228.817139 2025-12-08 00:02:24
25          1                     1228.230591 2025-12-08 00:02:25
26          1                     1227.557739 2025-12-08 00:02:26
27          1                     1226.806152 2025-12-08 00:02:27
28          1                     1225.988770 2025-12-08 00:02:28
29          1                     1225.122437 2025-12-08 00:02:29
30          1                     1224.227173 2025-12-08 00:02:30
31          1                     1223.322388 2025-12-08 00:02:31
32          1                     1222.427002 2025-12-08 00:02:32
33          1                     1221.558350 2025-12-08 00:02:33
34          1                     1220.730103 2025-12-08 00:02:34
35          1                     1219.953613 2025-12-08 00:02:35
36          1                     1219.236084 2025-12-08 00:02:36
37          1                     1218.581543 2025-12-08 00:02:37
38          1                     1217.991211 2025-12-08 00:02:38
39          1                     1217.462646 2025-12-08 00:02:39
40          1                     1216.992310 2025-12-08 00:02:40
41          1                     1216.574097 2025-12-08 00:02:41
42          1                     1216.201538 2025-12-08 00:02:42
43          1                     1215.867065 2025-12-08 00:02:43
44          1                     1215.563354 2025-12-08 00:02:44
45          1                     1215.283447 2025-12-08 00:02:45
46          1                     1215.020874 2025-12-08 00:02:46
47          1                     1214.770630 2025-12-08 00:02:47
48          1                     1214.527832 2025-12-08 00:02:48
49          1                     1214.289795 2025-12-08 00:02:49
50          1                     1214.054077 2025-12-08 00:02:50
51          1                     1213.819336 2025-12-08 00:02:51
52          1                     1213.585571 2025-12-08 00:02:52
53          1                     1213.353027 2025-12-08 00:02:53
54          1                     1213.122559 2025-12-08 00:02:54
55          1                     1212.895752 2025-12-08 00:02:55
56          1                     1212.673462 2025-12-08 00:02:56
57          1                     1212.458008 2025-12-08 00:02:57
58          1                     1212.249878 2025-12-08 00:02:58
59          1                     1212.050903 2025-12-08 00:02:59
Forecasted values inserted into database
Exiting forecasting script

No new messages received yet.Trying again...
No new messages received yet.Trying again...
No new messages received yet.Trying again...
No new messages received yet.Trying again...
No new messages received yet.Trying again...
No new messages received yet.Trying again...
No new messages received yet.Trying again...
No new messages received yet.Trying again...
No new messages received yet.Trying again...
No new messages received yet.Trying again...
No new messages received yet.Trying again...
No new messages received yet.Trying again...
No new messages received yet.Trying again...
No new messages received yet.Trying again...
No new messages received yet.Trying again...
No new messages received yet.Trying again...
No new messages received yet.Trying again...
No new messages received yet.Trying again...
No new messages received yet.Trying again...
No new messages received yet.Trying again...
No new messages received yet.Trying again...
No new messages received yet.Trying again...
No new messages received yet.Trying again...
No new messages received yet.Trying again...
No new messages received yet.Trying again...
No new messages received yet.Trying again...
No new messages received yet.Trying again...
No new messages received yet.Trying again...
No new messages received yet.Trying again...
No new messages received yet.Trying again...
No new messages received yet.Trying again...
No new messages received yet.Trying again...
No new messages received yet.Trying again...
No new messages received yet.Trying again...
No new messages received yet.Trying again...
No new messages received yet.Trying again...
No new messages received yet.Trying again...
No new messages received yet.Trying again...
No new messages received yet.Trying again...
No new messages received yet.Trying again...
No new messages received yet.Trying again...
No new messages received yet.Trying again...
No new messages received yet.Trying again...
No new messages received yet.Trying again...
No new messages received yet.Trying again...
No new messages received yet.Trying again...
No new messages received yet.Trying again...

Actual data inserted to database
No retrain triggered
Triggering forecasting

Forecasting.py script logs
Database connection established
Value of --retrain flag: False

Forecasting for initial model using device1/initial/device1.keras and device1/initial/scaler.save
Successfully downloaded model and scaler from S3

Actual values fetched from database
    sensor_id  sensor_energy_value    sensor_timestamp  message_delay
0           1               1279.1 2025-12-08 00:02:00        59122.0
1           1               1272.2 2025-12-08 00:02:01        58121.0
2           1               1270.8 2025-12-08 00:02:02        57120.0
3           1               1271.8 2025-12-08 00:02:03        56119.0
4           1               1271.3 2025-12-08 00:02:04        55118.0
5           1               1270.7 2025-12-08 00:02:05        54116.0
6           1               1272.9 2025-12-08 00:02:06        53113.0
7           1               1276.5 2025-12-08 00:02:07        52111.0
8           1               1268.7 2025-12-08 00:02:08        51108.0
9           1               1267.4 2025-12-08 00:02:09        50106.0
10          1               1270.3 2025-12-08 00:02:10        49104.0
11          1               1266.6 2025-12-08 00:02:11        48103.0
12          1               1271.5 2025-12-08 00:02:12        47101.0
13          1               1267.8 2025-12-08 00:02:13        46099.0
14          1               1268.8 2025-12-08 00:02:14        45097.0
15          1               1288.2 2025-12-08 00:02:15        44094.0
16          1               1267.6 2025-12-08 00:02:16        43093.0
17          1               1271.8 2025-12-08 00:02:17        42091.0
18          1               1272.5 2025-12-08 00:02:18        41089.0
19          1               1277.3 2025-12-08 00:02:19        40087.0
20          1               1277.5 2025-12-08 00:02:20        39085.0
21          1               1280.7 2025-12-08 00:02:21        38084.0
22          1               1274.7 2025-12-08 00:02:22        37082.0
23          1               1274.9 2025-12-08 00:02:23        36080.0
24          1               1278.8 2025-12-08 00:02:24        35079.0
25          1               1271.3 2025-12-08 00:02:25        34076.0
26          1               1271.4 2025-12-08 00:02:26        33075.0
27          1               1276.4 2025-12-08 00:02:27        32073.0
28          1               1275.2 2025-12-08 00:02:28        31070.0
29          1               1276.9 2025-12-08 00:02:29        30068.0
30          1               1274.4 2025-12-08 00:02:30        29066.0
31          1               1268.6 2025-12-08 00:02:31        28065.0
32          1               1269.6 2025-12-08 00:02:32        27063.0
33          1               1274.0 2025-12-08 00:02:33        26061.0
34          1               1270.5 2025-12-08 00:02:34        25059.0
35          1               1271.8 2025-12-08 00:02:35        24058.0
36          1               1270.9 2025-12-08 00:02:36        23055.0
37          1               1269.2 2025-12-08 00:02:37        22053.0
38          1               1271.1 2025-12-08 00:02:38        21052.0
39          1               1273.3 2025-12-08 00:02:39        20050.0
40          1               1272.9 2025-12-08 00:02:40        19048.0
41          1               1277.5 2025-12-08 00:02:41        18046.0
42          1               1269.7 2025-12-08 00:02:42        17044.0
43          1               1266.1 2025-12-08 00:02:43        16042.0
44          1               1271.0 2025-12-08 00:02:44        15041.0
45          1               1269.3 2025-12-08 00:02:45        14039.0
46          1               1272.8 2025-12-08 00:02:46        13037.0
47          1               1274.3 2025-12-08 00:02:47        12036.0
48          1               1269.5 2025-12-08 00:02:48        11034.0
49          1               1268.6 2025-12-08 00:02:49        10032.0
50          1               1269.2 2025-12-08 00:02:50         9031.0
51          1               1272.9 2025-12-08 00:02:51         8029.0
52          1               1269.6 2025-12-08 00:02:52         7027.0
53          1               1269.1 2025-12-08 00:02:53         6025.0
54          1               1265.1 2025-12-08 00:02:54         5023.0
55          1               1269.0 2025-12-08 00:02:55         4021.0
56          1               1269.0 2025-12-08 00:02:56         3019.0
57          1               1273.6 2025-12-08 00:02:57         2017.0
58          1               1269.1 2025-12-08 00:02:58         1015.0
59          1               1277.4 2025-12-08 00:02:59           13.0
Forecasted values:
    sensor_id  sensor_energy_value_prediction    sensor_timestamp
0           1                     1267.731079 2025-12-08 00:03:00
1           1                     1266.646118 2025-12-08 00:03:01
2           1                     1264.669434 2025-12-08 00:03:02
3           1                     1262.057007 2025-12-08 00:03:03
4           1                     1258.999878 2025-12-08 00:03:04
5           1                     1255.674438 2025-12-08 00:03:05
6           1                     1252.240845 2025-12-08 00:03:06
7           1                     1248.838623 2025-12-08 00:03:07
8           1                     1245.583130 2025-12-08 00:03:08
9           1                     1242.562622 2025-12-08 00:03:09
10          1                     1239.838257 2025-12-08 00:03:10
11          1                     1237.445068 2025-12-08 00:03:11
12          1                     1235.394287 2025-12-08 00:03:12
13          1                     1233.676880 2025-12-08 00:03:13
14          1                     1232.267700 2025-12-08 00:03:14
15          1                     1231.129517 2025-12-08 00:03:15
16          1                     1230.218018 2025-12-08 00:03:16
17          1                     1229.485107 2025-12-08 00:03:17
18          1                     1228.882568 2025-12-08 00:03:18
19          1                     1228.364868 2025-12-08 00:03:19
20          1                     1227.892090 2025-12-08 00:03:20
21          1                     1227.430298 2025-12-08 00:03:21
22          1                     1226.953125 2025-12-08 00:03:22
23          1                     1226.442139 2025-12-08 00:03:23
24          1                     1225.886353 2025-12-08 00:03:24
25          1                     1225.281372 2025-12-08 00:03:25
26          1                     1224.628784 2025-12-08 00:03:26
27          1                     1223.934814 2025-12-08 00:03:27
28          1                     1223.209229 2025-12-08 00:03:28
29          1                     1222.463989 2025-12-08 00:03:29
30          1                     1221.711914 2025-12-08 00:03:30
31          1                     1220.965942 2025-12-08 00:03:31
32          1                     1220.237671 2025-12-08 00:03:32
33          1                     1219.537842 2025-12-08 00:03:33
34          1                     1218.874512 2025-12-08 00:03:34
35          1                     1218.254028 2025-12-08 00:03:35
36          1                     1217.680176 2025-12-08 00:03:36
37          1                     1217.154297 2025-12-08 00:03:37
38          1                     1216.675903 2025-12-08 00:03:38
39          1                     1216.243408 2025-12-08 00:03:39
40          1                     1215.852783 2025-12-08 00:03:40
41          1                     1215.499756 2025-12-08 00:03:41
42          1                     1215.179565 2025-12-08 00:03:42
43          1                     1214.886963 2025-12-08 00:03:43
44          1                     1214.616699 2025-12-08 00:03:44
45          1                     1214.364136 2025-12-08 00:03:45
46          1                     1214.125366 2025-12-08 00:03:46
47          1                     1213.896484 2025-12-08 00:03:47
48          1                     1213.674927 2025-12-08 00:03:48
49          1                     1213.458496 2025-12-08 00:03:49
50          1                     1213.246216 2025-12-08 00:03:50
51          1                     1213.037231 2025-12-08 00:03:51
52          1                     1212.831299 2025-12-08 00:03:52
53          1                     1212.628906 2025-12-08 00:03:53
54          1                     1212.430420 2025-12-08 00:03:54
55          1                     1212.236694 2025-12-08 00:03:55
56          1                     1212.048828 2025-12-08 00:03:56
57          1                     1211.867798 2025-12-08 00:03:57
58          1                     1211.694092 2025-12-08 00:03:58
59          1                     1211.528320 2025-12-08 00:03:59
Forecasted values inserted into database
Exiting forecasting script

No new messages received yet.Trying again...
No new messages received yet.Trying again...
No new messages received yet.Trying again...
No new messages received yet.Trying again...
No new messages received yet.Trying again...
No new messages received yet.Trying again...
No new messages received yet.Trying again...
No new messages received yet.Trying again...
No new messages received yet.Trying again...
No new messages received yet.Trying again...
No new messages received yet.Trying again...
No new messages received yet.Trying again...
No new messages received yet.Trying again...
No new messages received yet.Trying again...
No new messages received yet.Trying again...
No new messages received yet.Trying again...
No new messages received yet.Trying again...
No new messages received yet.Trying again...
No new messages received yet.Trying again...
No new messages received yet.Trying again...
No new messages received yet.Trying again...
No new messages received yet.Trying again...
No new messages received yet.Trying again...
No new messages received yet.Trying again...
No new messages received yet.Trying again...
No new messages received yet.Trying again...
No new messages received yet.Trying again...
No new messages received yet.Trying again...
No new messages received yet.Trying again...
No new messages received yet.Trying again...
No new messages received yet.Trying again...
No new messages received yet.Trying again...
No new messages received yet.Trying again...
No new messages received yet.Trying again...
No new messages received yet.Trying again...
No new messages received yet.Trying again...
No new messages received yet.Trying again...
No new messages received yet.Trying again...
No new messages received yet.Trying again...
No new messages received yet.Trying again...
No new messages received yet.Trying again...
No new messages received yet.Trying again...
No new messages received yet.Trying again...
No new messages received yet.Trying again...

Actual data inserted to database
No retrain triggered
Triggering forecasting

Forecasting.py script logs
Database connection established
Value of --retrain flag: False

Forecasting for initial model using device1/initial/device1.keras and device1/initial/scaler.save
Successfully downloaded model and scaler from S3

Actual values fetched from database
    sensor_id  sensor_energy_value    sensor_timestamp  message_delay
0           1               1271.2 2025-12-08 00:03:00        59123.0
1           1               1273.9 2025-12-08 00:03:01        58122.0
2           1               1271.9 2025-12-08 00:03:02        57121.0
3           1               1269.8 2025-12-08 00:03:03        56120.0
4           1               1285.8 2025-12-08 00:03:04        55119.0
5           1               1270.1 2025-12-08 00:03:05        54117.0
6           1               1291.2 2025-12-08 00:03:06        53116.0
7           1               1266.4 2025-12-08 00:03:07        52115.0
8           1               1264.3 2025-12-08 00:03:08        51113.0
9           1               1275.5 2025-12-08 00:03:09        50110.0
10          1               1272.3 2025-12-08 00:03:10        49109.0
11          1               1268.3 2025-12-08 00:03:11        48107.0
12          1               1271.6 2025-12-08 00:03:12        47104.0
13          1               1267.8 2025-12-08 00:03:13        46101.0
14          1               1269.1 2025-12-08 00:03:14        45099.0
15          1               1279.5 2025-12-08 00:03:15        44097.0
16          1               1265.1 2025-12-08 00:03:16        43095.0
17          1               1267.3 2025-12-08 00:03:17        42093.0
18          1               1271.7 2025-12-08 00:03:18        41092.0
19          1               1273.7 2025-12-08 00:03:19        40089.0
20          1               1271.5 2025-12-08 00:03:20        39087.0
21          1               1275.9 2025-12-08 00:03:21        38086.0
22          1               1274.3 2025-12-08 00:03:22        37084.0
23          1               1280.4 2025-12-08 00:03:23        36082.0
24          1               1283.8 2025-12-08 00:03:24        35080.0
25          1               1263.9 2025-12-08 00:03:25        34077.0
26          1               1270.2 2025-12-08 00:03:26        33075.0
27          1               1307.2 2025-12-08 00:03:27        32073.0
28          1               1400.8 2025-12-08 00:03:28        31072.0
29          1               1377.4 2025-12-08 00:03:29        30070.0
30          1               1377.1 2025-12-08 00:03:30        29069.0
31          1               1377.2 2025-12-08 00:03:31        28067.0
32          1               1377.5 2025-12-08 00:03:32        27063.0
33          1               1380.9 2025-12-08 00:03:33        26061.0
34          1               1385.2 2025-12-08 00:03:34        25059.0
35          1               1390.8 2025-12-08 00:03:35        24058.0
36          1               1366.7 2025-12-08 00:03:36        23057.0
37          1               1379.2 2025-12-08 00:03:37        22055.0
38          1               1378.3 2025-12-08 00:03:38        21053.0
39          1               1380.6 2025-12-08 00:03:39        20052.0
40          1               1381.1 2025-12-08 00:03:40        19050.0
41          1               1374.5 2025-12-08 00:03:41        18047.0
42          1               1382.2 2025-12-08 00:03:42        17046.0
43          1               1373.4 2025-12-08 00:03:43        16044.0
44          1               1379.1 2025-12-08 00:03:44        15042.0
45          1               1376.6 2025-12-08 00:03:45        14041.0
46          1               1376.0 2025-12-08 00:03:46        13039.0
47          1               1375.1 2025-12-08 00:03:47        12038.0
48          1               1376.3 2025-12-08 00:03:48        11036.0
49          1               1374.8 2025-12-08 00:03:49        10034.0
50          1               1374.6 2025-12-08 00:03:50         9032.0
51          1               1377.9 2025-12-08 00:03:51         8030.0
52          1               1382.4 2025-12-08 00:03:52         7028.0
53          1               1386.4 2025-12-08 00:03:53         6027.0
54          1               1383.3 2025-12-08 00:03:54         5025.0
55          1               1376.1 2025-12-08 00:03:55         4023.0
56          1               1405.4 2025-12-08 00:03:56         3022.0
57          1               1447.6 2025-12-08 00:03:57         2020.0
58          1               1438.7 2025-12-08 00:03:58         1018.0
59          1               1437.0 2025-12-08 00:03:59           16.0
Forecasted values:
    sensor_id  sensor_energy_value_prediction    sensor_timestamp
0           1                     1432.454468 2025-12-08 00:04:00
1           1                     1433.931030 2025-12-08 00:04:01
2           1                     1431.391479 2025-12-08 00:04:02
3           1                     1425.591064 2025-12-08 00:04:03
4           1                     1417.229248 2025-12-08 00:04:04
5           1                     1407.018555 2025-12-08 00:04:05
6           1                     1395.656494 2025-12-08 00:04:06
7           1                     1383.790405 2025-12-08 00:04:07
8           1                     1371.986816 2025-12-08 00:04:08
9           1                     1360.708496 2025-12-08 00:04:09
10          1                     1350.302734 2025-12-08 00:04:10
11          1                     1340.999878 2025-12-08 00:04:11
12          1                     1332.919312 2025-12-08 00:04:12
13          1                     1326.084351 2025-12-08 00:04:13
14          1                     1320.437378 2025-12-08 00:04:14
15          1                     1315.861450 2025-12-08 00:04:15
16          1                     1312.197388 2025-12-08 00:04:16
17          1                     1309.262573 2025-12-08 00:04:17
18          1                     1306.867432 2025-12-08 00:04:18
19          1                     1304.827881 2025-12-08 00:04:19
20          1                     1302.975952 2025-12-08 00:04:20
21          1                     1301.167114 2025-12-08 00:04:21
22          1                     1299.285767 2025-12-08 00:04:22
23          1                     1297.247070 2025-12-08 00:04:23
24          1                     1294.996460 2025-12-08 00:04:24
25          1                     1292.509277 2025-12-08 00:04:25
26          1                     1289.785278 2025-12-08 00:04:26
27          1                     1286.846558 2025-12-08 00:04:27
28          1                     1283.730591 2025-12-08 00:04:28
29          1                     1280.486694 2025-12-08 00:04:29
30          1                     1277.169312 2025-12-08 00:04:30
31          1                     1273.834717 2025-12-08 00:04:31
32          1                     1270.536255 2025-12-08 00:04:32
33          1                     1267.322021 2025-12-08 00:04:33
34          1                     1264.232178 2025-12-08 00:04:34
35          1                     1261.297729 2025-12-08 00:04:35
36          1                     1258.539551 2025-12-08 00:04:36
37          1                     1255.969604 2025-12-08 00:04:37
38          1                     1253.590942 2025-12-08 00:04:38
39          1                     1251.398804 2025-12-08 00:04:39
40          1                     1249.382690 2025-12-08 00:04:40
41          1                     1247.527466 2025-12-08 00:04:41
42          1                     1245.815063 2025-12-08 00:04:42
43          1                     1244.225830 2025-12-08 00:04:43
44          1                     1242.740112 2025-12-08 00:04:44
45          1                     1241.339355 2025-12-08 00:04:45
46          1                     1240.006714 2025-12-08 00:04:46
47          1                     1238.727539 2025-12-08 00:04:47
48          1                     1237.490356 2025-12-08 00:04:48
49          1                     1236.286499 2025-12-08 00:04:49
50          1                     1235.109863 2025-12-08 00:04:50
51          1                     1233.957275 2025-12-08 00:04:51
52          1                     1232.827393 2025-12-08 00:04:52
53          1                     1231.721313 2025-12-08 00:04:53
54          1                     1230.640625 2025-12-08 00:04:54
55          1                     1229.588257 2025-12-08 00:04:55
56          1                     1228.567749 2025-12-08 00:04:56
57          1                     1227.582397 2025-12-08 00:04:57
58          1                     1226.635254 2025-12-08 00:04:58
59          1                     1225.728882 2025-12-08 00:04:59
Forecasted values inserted into database
Exiting forecasting script

No new messages received yet.Trying again...
No new messages received yet.Trying again...
No new messages received yet.Trying again...
No new messages received yet.Trying again...
No new messages received yet.Trying again...
No new messages received yet.Trying again...
No new messages received yet.Trying again...
No new messages received yet.Trying again...
No new messages received yet.Trying again...
No new messages received yet.Trying again...
No new messages received yet.Trying again...
No new messages received yet.Trying again...
No new messages received yet.Trying again...
No new messages received yet.Trying again...
No new messages received yet.Trying again...
No new messages received yet.Trying again...
No new messages received yet.Trying again...
No new messages received yet.Trying again...
No new messages received yet.Trying again...
No new messages received yet.Trying again...
No new messages received yet.Trying again...
No new messages received yet.Trying again...
No new messages received yet.Trying again...
No new messages received yet.Trying again...
No new messages received yet.Trying again...
No new messages received yet.Trying again...
No new messages received yet.Trying again...
No new messages received yet.Trying again...
No new messages received yet.Trying again...
No new messages received yet.Trying again...
No new messages received yet.Trying again...
No new messages received yet.Trying again...
No new messages received yet.Trying again...
No new messages received yet.Trying again...
No new messages received yet.Trying again...
No new messages received yet.Trying again...
No new messages received yet.Trying again...
No new messages received yet.Trying again...
No new messages received yet.Trying again...
No new messages received yet.Trying again...
No new messages received yet.Trying again...
No new messages received yet.Trying again...
No new messages received yet.Trying again...
No new messages received yet.Trying again...

Actual data inserted to database
No retrain triggered
Triggering forecasting

Forecasting.py script logs
Database connection established
Value of --retrain flag: False

Forecasting for initial model using device1/initial/device1.keras and device1/initial/scaler.save
Successfully downloaded model and scaler from S3

Actual values fetched from database
    sensor_id  sensor_energy_value    sensor_timestamp  message_delay
0           1               1447.4 2025-12-08 00:04:00        59108.0
1           1               1447.4 2025-12-08 00:04:01        58107.0
2           1               1437.7 2025-12-08 00:04:02        57105.0
3           1               1439.2 2025-12-08 00:04:03        56104.0
4           1               1441.2 2025-12-08 00:04:04        55103.0
5           1               1443.6 2025-12-08 00:04:05        54101.0
6           1               1451.0 2025-12-08 00:04:06        53099.0
7           1               1440.2 2025-12-08 00:04:07        52098.0
8           1               1446.8 2025-12-08 00:04:08        51095.0
9           1               1444.9 2025-12-08 00:04:09        50093.0
10          1               1443.8 2025-12-08 00:04:10        49091.0
11          1               1441.1 2025-12-08 00:04:11        48089.0
12          1               1447.9 2025-12-08 00:04:12        47087.0
13          1               1434.4 2025-12-08 00:04:13        46084.0
14          1               1432.2 2025-12-08 00:04:14        45083.0
15          1               1442.3 2025-12-08 00:04:15        44081.0
16          1               1448.0 2025-12-08 00:04:16        43079.0
17          1               1439.5 2025-12-08 00:04:17        42077.0
18          1               1438.1 2025-12-08 00:04:18        41076.0
19          1               1444.6 2025-12-08 00:04:19        40074.0
20          1               1446.1 2025-12-08 00:04:20        39072.0
21          1               1445.6 2025-12-08 00:04:21        38070.0
22          1               1448.8 2025-12-08 00:04:22        37069.0
23          1               1433.7 2025-12-08 00:04:23        36068.0
24          1               1436.8 2025-12-08 00:04:24        35067.0
25          1               1446.8 2025-12-08 00:04:25        34065.0
26          1               1440.7 2025-12-08 00:04:26        33064.0
27          1               1445.4 2025-12-08 00:04:27        32063.0
28          1               1446.4 2025-12-08 00:04:28        31062.0
29          1               1455.5 2025-12-08 00:04:29        30061.0
30          1               1439.8 2025-12-08 00:04:30        29058.0
31          1               1435.1 2025-12-08 00:04:31        28058.0
32          1               1450.0 2025-12-08 00:04:32        27056.0
33          1               1436.3 2025-12-08 00:04:33        26055.0
34          1               1436.4 2025-12-08 00:04:34        25053.0
35          1               1430.8 2025-12-08 00:04:35        24052.0
36          1               1453.1 2025-12-08 00:04:36        23051.0
37          1               1519.4 2025-12-08 00:04:37        22050.0
38          1               1517.6 2025-12-08 00:04:38        21048.0
39          1               1517.7 2025-12-08 00:04:39        20045.0
40          1               1519.5 2025-12-08 00:04:40        19044.0
41          1               1525.4 2025-12-08 00:04:41        18042.0
42          1               1522.1 2025-12-08 00:04:42        17040.0
43          1               1521.4 2025-12-08 00:04:43        16039.0
44          1               1523.2 2025-12-08 00:04:44        15038.0
45          1               1525.5 2025-12-08 00:04:45        14036.0
46          1               1525.0 2025-12-08 00:04:46        13035.0
47          1               1523.2 2025-12-08 00:04:47        12033.0
48          1               1525.8 2025-12-08 00:04:48        11032.0
49          1               1522.6 2025-12-08 00:04:49        10031.0
50          1               1529.2 2025-12-08 00:04:50         9030.0
51          1               1529.3 2025-12-08 00:04:51         8028.0
52          1               1528.0 2025-12-08 00:04:52         7025.0
53          1               1520.6 2025-12-08 00:04:53         6023.0
54          1               1516.6 2025-12-08 00:04:54         5020.0
55          1               1515.9 2025-12-08 00:04:55         4019.0
56          1               1516.2 2025-12-08 00:04:56         3016.0
57          1               1523.6 2025-12-08 00:04:57         2014.0
58          1               1520.8 2025-12-08 00:04:58         1013.0
59          1               1518.0 2025-12-08 00:04:59           12.0
Forecasted values:
    sensor_id  sensor_energy_value_prediction    sensor_timestamp
0           1                     1509.444580 2025-12-08 00:05:00
1           1                     1506.035889 2025-12-08 00:05:01
2           1                     1501.447998 2025-12-08 00:05:02
3           1                     1495.992188 2025-12-08 00:05:03
4           1                     1489.892578 2025-12-08 00:05:04
5           1                     1483.353516 2025-12-08 00:05:05
6           1                     1476.558716 2025-12-08 00:05:06
7           1                     1469.667114 2025-12-08 00:05:07
8           1                     1462.810303 2025-12-08 00:05:08
9           1                     1456.088745 2025-12-08 00:05:09
10          1                     1449.573120 2025-12-08 00:05:10
11          1                     1443.305420 2025-12-08 00:05:11
12          1                     1437.302612 2025-12-08 00:05:12
13          1                     1431.560059 2025-12-08 00:05:13
14          1                     1426.056030 2025-12-08 00:05:14
15          1                     1420.757812 2025-12-08 00:05:15
16          1                     1415.625366 2025-12-08 00:05:16
17          1                     1410.615967 2025-12-08 00:05:17
18          1                     1405.687866 2025-12-08 00:05:18
19          1                     1400.802856 2025-12-08 00:05:19
20          1                     1395.929688 2025-12-08 00:05:20
21          1                     1391.043457 2025-12-08 00:05:21
22          1                     1386.128174 2025-12-08 00:05:22
23          1                     1381.175415 2025-12-08 00:05:23
24          1                     1376.184937 2025-12-08 00:05:24
25          1                     1371.162476 2025-12-08 00:05:25
26          1                     1366.119873 2025-12-08 00:05:26
27          1                     1361.072144 2025-12-08 00:05:27
28          1                     1356.037842 2025-12-08 00:05:28
29          1                     1351.036377 2025-12-08 00:05:29
30          1                     1346.087158 2025-12-08 00:05:30
31          1                     1341.208862 2025-12-08 00:05:31
32          1                     1336.418091 2025-12-08 00:05:32
33          1                     1331.729248 2025-12-08 00:05:33
34          1                     1327.153931 2025-12-08 00:05:34
35          1                     1322.700806 2025-12-08 00:05:35
36          1                     1318.375854 2025-12-08 00:05:36
37          1                     1314.182495 2025-12-08 00:05:37
38          1                     1310.121704 2025-12-08 00:05:38
39          1                     1306.192505 2025-12-08 00:05:39
40          1                     1302.392334 2025-12-08 00:05:40
41          1                     1298.717529 2025-12-08 00:05:41
42          1                     1295.163940 2025-12-08 00:05:42
43          1                     1291.726929 2025-12-08 00:05:43
44          1                     1288.401855 2025-12-08 00:05:44
45          1                     1285.184326 2025-12-08 00:05:45
46          1                     1282.070312 2025-12-08 00:05:46
47          1                     1279.056274 2025-12-08 00:05:47
48          1                     1276.139282 2025-12-08 00:05:48
49          1                     1273.316650 2025-12-08 00:05:49
50          1                     1270.586426 2025-12-08 00:05:50
51          1                     1267.947266 2025-12-08 00:05:51
52          1                     1265.397583 2025-12-08 00:05:52
53          1                     1262.936768 2025-12-08 00:05:53
54          1                     1260.563232 2025-12-08 00:05:54
55          1                     1258.276855 2025-12-08 00:05:55
56          1                     1256.076050 2025-12-08 00:05:56
57          1                     1253.959717 2025-12-08 00:05:57
58          1                     1251.926880 2025-12-08 00:05:58
59          1                     1249.975586 2025-12-08 00:05:59
Forecasted values inserted into database
Exiting forecasting script

No new messages received yet.Trying again...
No new messages received yet.Trying again...
No new messages received yet.Trying again...
No new messages received yet.Trying again...
No new messages received yet.Trying again...
No new messages received yet.Trying again...
No new messages received yet.Trying again...
No new messages received yet.Trying again...
No new messages received yet.Trying again...
No new messages received yet.Trying again...
No new messages received yet.Trying again...
No new messages received yet.Trying again...
No new messages received yet.Trying again...
No new messages received yet.Trying again...
No new messages received yet.Trying again...
No new messages received yet.Trying again...
No new messages received yet.Trying again...
No new messages received yet.Trying again...
No new messages received yet.Trying again...
No new messages received yet.Trying again...
No new messages received yet.Trying again...
No new messages received yet.Trying again...
No new messages received yet.Trying again...
No new messages received yet.Trying again...
No new messages received yet.Trying again...
No new messages received yet.Trying again...
No new messages received yet.Trying again...
No new messages received yet.Trying again...
No new messages received yet.Trying again...
No new messages received yet.Trying again...
No new messages received yet.Trying again...
No new messages received yet.Trying again...
No new messages received yet.Trying again...
No new messages received yet.Trying again...
No new messages received yet.Trying again...
No new messages received yet.Trying again...
No new messages received yet.Trying again...
No new messages received yet.Trying again...
No new messages received yet.Trying again...
No new messages received yet.Trying again...
No new messages received yet.Trying again...
No new messages received yet.Trying again...
No new messages received yet.Trying again...
No new messages received yet.Trying again...
No new messages received yet.Trying again...
No new messages received yet.Trying again...
No new messages received yet.Trying again...
No new messages received yet.Trying again...
No new messages received yet.Trying again...
No new messages received yet.Trying again...

Actual data inserted to database
No retrain triggered
Triggering forecasting

Forecasting.py script logs
Database connection established
Value of --retrain flag: False

Forecasting for initial model using device1/initial/device1.keras and device1/initial/scaler.save
Successfully downloaded model and scaler from S3

Actual values fetched from database
    sensor_id  sensor_energy_value    sensor_timestamp  message_delay
0           1               1519.6 2025-12-08 00:05:00        59122.0
1           1               1523.3 2025-12-08 00:05:01        58121.0
2           1               1518.2 2025-12-08 00:05:02        57120.0
3           1               1520.7 2025-12-08 00:05:03        56119.0
4           1               1521.0 2025-12-08 00:05:04        55118.0
5           1               1519.3 2025-12-08 00:05:05        54116.0
6           1               1525.3 2025-12-08 00:05:06        53114.0
7           1               1533.0 2025-12-08 00:05:07        52113.0
8           1               1517.4 2025-12-08 00:05:08        51111.0
9           1               1526.6 2025-12-08 00:05:09        50110.0
10          1               1537.7 2025-12-08 00:05:10        49108.0
11          1               1518.0 2025-12-08 00:05:11        48107.0
12          1               1518.7 2025-12-08 00:05:12        47105.0
13          1               1518.7 2025-12-08 00:05:13        46103.0
14          1               1519.6 2025-12-08 00:05:14        45101.0
15          1               1524.2 2025-12-08 00:05:15        44100.0
16          1               1526.9 2025-12-08 00:05:16        43099.0
17          1               1526.4 2025-12-08 00:05:17        42097.0
18          1               1521.5 2025-12-08 00:05:18        41096.0
19          1               1528.6 2025-12-08 00:05:19        40094.0
20          1               1528.6 2025-12-08 00:05:20        39093.0
21          1               1529.4 2025-12-08 00:05:21        38091.0
22          1               1526.4 2025-12-08 00:05:22        37088.0
23          1               1522.6 2025-12-08 00:05:23        36086.0
24          1               1523.5 2025-12-08 00:05:24        35084.0
25          1               1521.9 2025-12-08 00:05:25        34083.0
26          1               1586.5 2025-12-08 00:05:26        33081.0
27          1               1641.7 2025-12-08 00:05:27        32079.0
28          1               1661.5 2025-12-08 00:05:28        31077.0
29          1               1650.5 2025-12-08 00:05:29        30075.0
30          1               1658.5 2025-12-08 00:05:30        29074.0
31          1               1678.8 2025-12-08 00:05:31        28072.0
32          1               1661.6 2025-12-08 00:05:32        27070.0
33          1               1675.6 2025-12-08 00:05:33        26067.0
34          1               1655.6 2025-12-08 00:05:34        25065.0
35          1               1658.7 2025-12-08 00:05:35        24063.0
36          1               1659.3 2025-12-08 00:05:36        23061.0
37          1               1659.2 2025-12-08 00:05:37        22059.0
38          1               1654.4 2025-12-08 00:05:38        21057.0
39          1               1657.6 2025-12-08 00:05:39        20055.0
40          1               1660.4 2025-12-08 00:05:40        19052.0
41          1               1658.5 2025-12-08 00:05:41        18050.0
42          1               1658.1 2025-12-08 00:05:42        17048.0
43          1               1660.9 2025-12-08 00:05:43        16046.0
44          1               1656.0 2025-12-08 00:05:44        15044.0
45          1               1658.1 2025-12-08 00:05:45        14042.0
46          1               1664.1 2025-12-08 00:05:46        13040.0
47          1               1653.0 2025-12-08 00:05:47        12038.0
48          1               1659.9 2025-12-08 00:05:48        11036.0
49          1               1659.2 2025-12-08 00:05:49        10034.0
50          1               1661.0 2025-12-08 00:05:50         9032.0
51          1               1658.9 2025-12-08 00:05:51         8031.0
52          1               1658.9 2025-12-08 00:05:52         7029.0
53          1               1656.0 2025-12-08 00:05:53         6027.0
54          1               1661.9 2025-12-08 00:05:54         5025.0
55          1               1656.5 2025-12-08 00:05:55         4023.0
56          1               1656.9 2025-12-08 00:05:56         3021.0
57          1               1662.3 2025-12-08 00:05:57         2019.0
58          1               1659.5 2025-12-08 00:05:58         1017.0
59          1               1656.2 2025-12-08 00:05:59           16.0
Forecasted values:
    sensor_id  sensor_energy_value_prediction    sensor_timestamp
0           1                     1660.916382 2025-12-08 00:06:00
1           1                     1661.677856 2025-12-08 00:06:01
2           1                     1662.850464 2025-12-08 00:06:02
3           1                     1664.322754 2025-12-08 00:06:03
4           1                     1666.042725 2025-12-08 00:06:04
5           1                     1667.964966 2025-12-08 00:06:05
6           1                     1670.050171 2025-12-08 00:06:06
7           1                     1672.264404 2025-12-08 00:06:07
8           1                     1674.580688 2025-12-08 00:06:08
9           1                     1676.979126 2025-12-08 00:06:09
10          1                     1679.447876 2025-12-08 00:06:10
11          1                     1681.982178 2025-12-08 00:06:11
12          1                     1684.584106 2025-12-08 00:06:12
13          1                     1687.261353 2025-12-08 00:06:13
14          1                     1690.027100 2025-12-08 00:06:14
15          1                     1692.898315 2025-12-08 00:06:15
16          1                     1695.894775 2025-12-08 00:06:16
17          1                     1699.038574 2025-12-08 00:06:17
18          1                     1702.352783 2025-12-08 00:06:18
19          1                     1705.861450 2025-12-08 00:06:19
20          1                     1709.588745 2025-12-08 00:06:20
21          1                     1713.558716 2025-12-08 00:06:21
22          1                     1717.796143 2025-12-08 00:06:22
23          1                     1722.324463 2025-12-08 00:06:23
24          1                     1727.169067 2025-12-08 00:06:24
25          1                     1732.354736 2025-12-08 00:06:25
26          1                     1737.908447 2025-12-08 00:06:26
27          1                     1743.858887 2025-12-08 00:06:27
28          1                     1750.236450 2025-12-08 00:06:28
29          1                     1757.074585 2025-12-08 00:06:29
30          1                     1764.411011 2025-12-08 00:06:30
31          1                     1772.287231 2025-12-08 00:06:31
32          1                     1780.751221 2025-12-08 00:06:32
33          1                     1789.854248 2025-12-08 00:06:33
34          1                     1799.657959 2025-12-08 00:06:34
35          1                     1810.229248 2025-12-08 00:06:35
36          1                     1821.645264 2025-12-08 00:06:36
37          1                     1833.993530 2025-12-08 00:06:37
38          1                     1847.372925 2025-12-08 00:06:38
39          1                     1861.896606 2025-12-08 00:06:39
40          1                     1877.692749 2025-12-08 00:06:40
41          1                     1894.908569 2025-12-08 00:06:41
42          1                     1913.711060 2025-12-08 00:06:42
43          1                     1934.292847 2025-12-08 00:06:43
44          1                     1956.874146 2025-12-08 00:06:44
45          1                     1981.708130 2025-12-08 00:06:45
46          1                     2009.086426 2025-12-08 00:06:46
47          1                     2039.344849 2025-12-08 00:06:47
48          1                     2072.869141 2025-12-08 00:06:48
49          1                     2110.103271 2025-12-08 00:06:49
50          1                     2151.554932 2025-12-08 00:06:50
51          1                     2197.801758 2025-12-08 00:06:51
52          1                     2249.493652 2025-12-08 00:06:52
53          1                     2307.351562 2025-12-08 00:06:53
54          1                     2372.154785 2025-12-08 00:06:54
55          1                     2444.716797 2025-12-08 00:06:55
56          1                     2525.833496 2025-12-08 00:06:56
57          1                     2616.202637 2025-12-08 00:06:57
58          1                     2716.299805 2025-12-08 00:06:58
59          1                     2826.202881 2025-12-08 00:06:59
Forecasted values inserted into database
Exiting forecasting script

No new messages received yet.Trying again...
No new messages received yet.Trying again...
No new messages received yet.Trying again...
No new messages received yet.Trying again...
No new messages received yet.Trying again...
No new messages received yet.Trying again...
No new messages received yet.Trying again...
No new messages received yet.Trying again...
No new messages received yet.Trying again...
No new messages received yet.Trying again...
No new messages received yet.Trying again...
No new messages received yet.Trying again...
No new messages received yet.Trying again...
No new messages received yet.Trying again...
No new messages received yet.Trying again...
No new messages received yet.Trying again...
No new messages received yet.Trying again...
No new messages received yet.Trying again...
No new messages received yet.Trying again...
No new messages received yet.Trying again...
No new messages received yet.Trying again...
No new messages received yet.Trying again...
No new messages received yet.Trying again...
No new messages received yet.Trying again...
No new messages received yet.Trying again...
No new messages received yet.Trying again...
No new messages received yet.Trying again...
No new messages received yet.Trying again...
No new messages received yet.Trying again...
No new messages received yet.Trying again...
No new messages received yet.Trying again...
No new messages received yet.Trying again...
No new messages received yet.Trying again...
No new messages received yet.Trying again...
No new messages received yet.Trying again...
No new messages received yet.Trying again...
No new messages received yet.Trying again...
No new messages received yet.Trying again...
No new messages received yet.Trying again...
No new messages received yet.Trying again...
No new messages received yet.Trying again...
No new messages received yet.Trying again...
No new messages received yet.Trying again...
No new messages received yet.Trying again...
No new messages received yet.Trying again...
No new messages received yet.Trying again...
No new messages received yet.Trying again...
No new messages received yet.Trying again...
No new messages received yet.Trying again...
No new messages received yet.Trying again...
No new messages received yet.Trying again...

Actual data inserted to database
No retrain triggered
Triggering forecasting

Forecasting.py script logs
Database connection established
Value of --retrain flag: False

Forecasting for initial model using device1/initial/device1.keras and device1/initial/scaler.save
Successfully downloaded model and scaler from S3

Actual values fetched from database
    sensor_id  sensor_energy_value    sensor_timestamp  message_delay
0           1               1665.2 2025-12-08 00:06:00        59113.0
1           1               1662.2 2025-12-08 00:06:01        58112.0
2           1               1665.4 2025-12-08 00:06:02        57111.0
3           1               1661.2 2025-12-08 00:06:03        56110.0
4           1               1657.8 2025-12-08 00:06:04        55110.0
5           1               1660.2 2025-12-08 00:06:05        54109.0
6           1               1660.8 2025-12-08 00:06:06        53107.0
7           1               1662.0 2025-12-08 00:06:07        52105.0
8           1               1657.4 2025-12-08 00:06:08        51103.0
9           1               1667.2 2025-12-08 00:06:09        50101.0
10          1               1669.9 2025-12-08 00:06:10        49099.0
11          1               1659.0 2025-12-08 00:06:11        48098.0
12          1               1677.0 2025-12-08 00:06:12        47096.0
13          1               1662.9 2025-12-08 00:06:13        46095.0
14          1               1659.6 2025-12-08 00:06:14        45093.0
15          1               1661.2 2025-12-08 00:06:15        44091.0
16          1               1656.5 2025-12-08 00:06:16        43090.0
17          1               1657.6 2025-12-08 00:06:17        42089.0
18          1               1676.1 2025-12-08 00:06:18        41088.0
19          1               1667.9 2025-12-08 00:06:19        40086.0
20          1               1663.4 2025-12-08 00:06:20        39084.0
21          1               1660.5 2025-12-08 00:06:21        38082.0
22          1               1662.1 2025-12-08 00:06:22        37081.0
23          1               1662.5 2025-12-08 00:06:23        36079.0
24          1               1661.6 2025-12-08 00:06:24        35077.0
25          1               1660.0 2025-12-08 00:06:25        34075.0
26          1               1669.5 2025-12-08 00:06:26        33073.0
27          1               1659.9 2025-12-08 00:06:27        32072.0
28          1               1663.0 2025-12-08 00:06:28        31070.0
29          1               1657.2 2025-12-08 00:06:29        30068.0
30          1               1660.4 2025-12-08 00:06:30        29066.0
31          1               1660.3 2025-12-08 00:06:31        28064.0
32          1               1670.6 2025-12-08 00:06:32        27062.0
33          1               1662.7 2025-12-08 00:06:33        26060.0
34          1               1660.2 2025-12-08 00:06:34        25058.0
35          1               1658.2 2025-12-08 00:06:35        24056.0
36          1               1658.5 2025-12-08 00:06:36        23054.0
37          1               1659.8 2025-12-08 00:06:37        22052.0
38          1               1660.9 2025-12-08 00:06:38        21051.0
39          1               1663.8 2025-12-08 00:06:39        20049.0
40          1               1656.1 2025-12-08 00:06:40        19047.0
41          1               1660.8 2025-12-08 00:06:41        18046.0
42          1               1663.3 2025-12-08 00:06:42        17044.0
43          1               1661.1 2025-12-08 00:06:43        16043.0
44          1               1664.5 2025-12-08 00:06:44        15041.0
45          1               1660.4 2025-12-08 00:06:45        14040.0
46          1               1660.0 2025-12-08 00:06:46        13038.0
47          1               1657.3 2025-12-08 00:06:47        12036.0
48          1               1662.7 2025-12-08 00:06:48        11034.0
49          1               1663.8 2025-12-08 00:06:49        10032.0
50          1               1662.0 2025-12-08 00:06:50         9030.0
51          1               1663.6 2025-12-08 00:06:51         8028.0
52          1               1658.6 2025-12-08 00:06:52         7027.0
53          1               1659.8 2025-12-08 00:06:53         6025.0
54          1               1657.2 2025-12-08 00:06:54         5023.0
55          1               1661.4 2025-12-08 00:06:55         4021.0
56          1               1668.6 2025-12-08 00:06:56         3019.0
57          1               1671.0 2025-12-08 00:06:57         2018.0
58          1               1661.0 2025-12-08 00:06:58         1016.0
59          1               1660.3 2025-12-08 00:06:59           14.0
Forecasted values:
    sensor_id  sensor_energy_value_prediction    sensor_timestamp
0           1                     1667.325684 2025-12-08 00:07:00
1           1                     1668.033081 2025-12-08 00:07:01
2           1                     1669.218262 2025-12-08 00:07:02
3           1                     1670.737793 2025-12-08 00:07:03
4           1                     1672.545410 2025-12-08 00:07:04
5           1                     1674.603882 2025-12-08 00:07:05
6           1                     1676.880737 2025-12-08 00:07:06
7           1                     1679.346313 2025-12-08 00:07:07
8           1                     1681.976318 2025-12-08 00:07:08
9           1                     1684.751099 2025-12-08 00:07:09
10          1                     1687.657593 2025-12-08 00:07:10
11          1                     1690.688354 2025-12-08 00:07:11
12          1                     1693.842896 2025-12-08 00:07:12
13          1                     1697.126221 2025-12-08 00:07:13
14          1                     1700.548706 2025-12-08 00:07:14
15          1                     1704.125610 2025-12-08 00:07:15
16          1                     1707.876099 2025-12-08 00:07:16
17          1                     1711.822998 2025-12-08 00:07:17
18          1                     1715.991333 2025-12-08 00:07:18
19          1                     1720.407349 2025-12-08 00:07:19
20          1                     1725.100464 2025-12-08 00:07:20
21          1                     1730.100952 2025-12-08 00:07:21
22          1                     1735.439941 2025-12-08 00:07:22
23          1                     1741.149902 2025-12-08 00:07:23
24          1                     1747.265869 2025-12-08 00:07:24
25          1                     1753.824219 2025-12-08 00:07:25
26          1                     1760.863892 2025-12-08 00:07:26
27          1                     1768.427002 2025-12-08 00:07:27
28          1                     1776.560303 2025-12-08 00:07:28
29          1                     1785.314087 2025-12-08 00:07:29
30          1                     1794.745361 2025-12-08 00:07:30
31          1                     1804.918335 2025-12-08 00:07:31
32          1                     1815.903687 2025-12-08 00:07:32
33          1                     1827.783203 2025-12-08 00:07:33
34          1                     1840.648926 2025-12-08 00:07:34
35          1                     1854.605225 2025-12-08 00:07:35
36          1                     1869.771851 2025-12-08 00:07:36
37          1                     1886.285156 2025-12-08 00:07:37
38          1                     1904.301147 2025-12-08 00:07:38
39          1                     1923.999146 2025-12-08 00:07:39
40          1                     1945.584106 2025-12-08 00:07:40
41          1                     1969.293091 2025-12-08 00:07:41
42          1                     1995.397461 2025-12-08 00:07:42
43          1                     2024.210815 2025-12-08 00:07:43
44          1                     2056.093994 2025-12-08 00:07:44
45          1                     2091.461914 2025-12-08 00:07:45
46          1                     2130.790283 2025-12-08 00:07:46
47          1                     2174.622070 2025-12-08 00:07:47
48          1                     2223.572998 2025-12-08 00:07:48
49          1                     2278.329102 2025-12-08 00:07:49
50          1                     2339.644531 2025-12-08 00:07:50
51          1                     2408.320312 2025-12-08 00:07:51
52          1                     2485.169189 2025-12-08 00:07:52
53          1                     2570.949219 2025-12-08 00:07:53
54          1                     2666.263428 2025-12-08 00:07:54
55          1                     2771.408691 2025-12-08 00:07:55
56          1                     2886.176514 2025-12-08 00:07:56
57          1                     3009.629150 2025-12-08 00:07:57
58          1                     3139.888428 2025-12-08 00:07:58
59          1                     3274.042236 2025-12-08 00:07:59
Forecasted values inserted into database
Exiting forecasting script

No new messages received yet.Trying again...
No new messages received yet.Trying again...
No new messages received yet.Trying again...
No new messages received yet.Trying again...
No new messages received yet.Trying again...
No new messages received yet.Trying again...
No new messages received yet.Trying again...
No new messages received yet.Trying again...
No new messages received yet.Trying again...
No new messages received yet.Trying again...
No new messages received yet.Trying again...
No new messages received yet.Trying again...
No new messages received yet.Trying again...
No new messages received yet.Trying again...
No new messages received yet.Trying again...
No new messages received yet.Trying again...
No new messages received yet.Trying again...
No new messages received yet.Trying again...
No new messages received yet.Trying again...
No new messages received yet.Trying again...
No new messages received yet.Trying again...
No new messages received yet.Trying again...
No new messages received yet.Trying again...
No new messages received yet.Trying again...
No new messages received yet.Trying again...
No new messages received yet.Trying again...
No new messages received yet.Trying again...
No new messages received yet.Trying again...
No new messages received yet.Trying again...
No new messages received yet.Trying again...
No new messages received yet.Trying again...
No new messages received yet.Trying again...
No new messages received yet.Trying again...
No new messages received yet.Trying again...
No new messages received yet.Trying again...
No new messages received yet.Trying again...
No new messages received yet.Trying again...
No new messages received yet.Trying again...
No new messages received yet.Trying again...
No new messages received yet.Trying again...
No new messages received yet.Trying again...
No new messages received yet.Trying again...
No new messages received yet.Trying again...
No new messages received yet.Trying again...
No new messages received yet.Trying again...
No new messages received yet.Trying again...
No new messages received yet.Trying again...
No new messages received yet.Trying again...
No new messages received yet.Trying again...

Actual data inserted to database
No retrain triggered
Triggering forecasting

Forecasting.py script logs
Database connection established
Value of --retrain flag: False

Forecasting for initial model using device1/initial/device1.keras and device1/initial/scaler.save
Successfully downloaded model and scaler from S3

Actual values fetched from database
    sensor_id  sensor_energy_value    sensor_timestamp  message_delay
0           1               1666.8 2025-12-08 00:07:00        59104.0
1           1               1664.8 2025-12-08 00:07:01        58103.0
2           1               1665.6 2025-12-08 00:07:02        57102.0
3           1               1664.7 2025-12-08 00:07:03        56101.0
4           1               1660.1 2025-12-08 00:07:04        55100.0
5           1               1657.1 2025-12-08 00:07:05        54099.0
6           1               1657.1 2025-12-08 00:07:06        53097.0
7           1               1661.0 2025-12-08 00:07:07        52095.0
8           1               1656.3 2025-12-08 00:07:08        51093.0
9           1               1665.0 2025-12-08 00:07:09        50092.0
10          1               1657.6 2025-12-08 00:07:10        49090.0
11          1               1662.0 2025-12-08 00:07:11        48089.0
12          1               1658.0 2025-12-08 00:07:12        47088.0
13          1               1662.1 2025-12-08 00:07:13        46087.0
14          1               1658.8 2025-12-08 00:07:14        45086.0
15          1               1663.7 2025-12-08 00:07:15        44084.0
16          1               1661.0 2025-12-08 00:07:16        43082.0
17          1               1661.0 2025-12-08 00:07:17        42081.0
18          1               1661.9 2025-12-08 00:07:18        41079.0
19          1               1668.6 2025-12-08 00:07:19        40077.0
20          1               1667.3 2025-12-08 00:07:20        39075.0
21          1               1658.9 2025-12-08 00:07:21        38073.0
22          1               1657.3 2025-12-08 00:07:22        37071.0
23          1               1663.7 2025-12-08 00:07:23        36070.0
24          1               1664.6 2025-12-08 00:07:24        35068.0
25          1               1660.6 2025-12-08 00:07:25        34067.0
26          1               1665.2 2025-12-08 00:07:26        33065.0
27          1               1654.9 2025-12-08 00:07:27        32063.0
28          1               1660.4 2025-12-08 00:07:28        31062.0
29          1               1660.3 2025-12-08 00:07:29        30060.0
30          1               1680.3 2025-12-08 00:07:30        29059.0
31          1               1660.4 2025-12-08 00:07:31        28058.0
32          1               1662.4 2025-12-08 00:07:32        27056.0
33          1               1662.8 2025-12-08 00:07:33        26054.0
34          1               1659.9 2025-12-08 00:07:34        25053.0
35          1               1660.1 2025-12-08 00:07:35        24051.0
36          1               1659.9 2025-12-08 00:07:36        23050.0
37          1               1663.0 2025-12-08 00:07:37        22048.0
38          1               1662.1 2025-12-08 00:07:38        21046.0
39          1               1662.5 2025-12-08 00:07:39        20045.0
40          1               1661.6 2025-12-08 00:07:40        19044.0
41          1               1662.9 2025-12-08 00:07:41        18043.0
42          1               1668.3 2025-12-08 00:07:42        17042.0
43          1               1656.1 2025-12-08 00:07:43        16040.0
44          1               1652.5 2025-12-08 00:07:44        15039.0
45          1               1659.3 2025-12-08 00:07:45        14038.0
46          1               1660.9 2025-12-08 00:07:46        13036.0
47          1               1664.1 2025-12-08 00:07:47        12035.0
48          1               1659.1 2025-12-08 00:07:48        11034.0
49          1               1659.9 2025-12-08 00:07:49        10033.0
50          1               1659.1 2025-12-08 00:07:50         9030.0
51          1               1662.5 2025-12-08 00:07:51         8028.0
52          1               1657.8 2025-12-08 00:07:52         7027.0
53          1               1658.8 2025-12-08 00:07:53         6025.0
54          1               1658.5 2025-12-08 00:07:54         5024.0
55          1               1663.4 2025-12-08 00:07:55         4022.0
56          1               1667.0 2025-12-08 00:07:56         3021.0
57          1               1666.0 2025-12-08 00:07:57         2019.0
58          1               1665.2 2025-12-08 00:07:58         1017.0
59          1               1663.3 2025-12-08 00:07:59           15.0
Forecasted values:
    sensor_id  sensor_energy_value_prediction    sensor_timestamp
0           1                     1668.840454 2025-12-08 00:08:00
1           1                     1670.134521 2025-12-08 00:08:01
2           1                     1671.756958 2025-12-08 00:08:02
3           1                     1673.611328 2025-12-08 00:08:03
4           1                     1675.666626 2025-12-08 00:08:04
5           1                     1677.900635 2025-12-08 00:08:05
6           1                     1680.296143 2025-12-08 00:08:06
7           1                     1682.839600 2025-12-08 00:08:07
8           1                     1685.522583 2025-12-08 00:08:08
9           1                     1688.340210 2025-12-08 00:08:09
10          1                     1691.292603 2025-12-08 00:08:10
11          1                     1694.384277 2025-12-08 00:08:11
12          1                     1697.623657 2025-12-08 00:08:12
13          1                     1701.022095 2025-12-08 00:08:13
14          1                     1704.595825 2025-12-08 00:08:14
15          1                     1708.363037 2025-12-08 00:08:15
16          1                     1712.344238 2025-12-08 00:08:16
17          1                     1716.561890 2025-12-08 00:08:17
18          1                     1721.040894 2025-12-08 00:08:18
19          1                     1725.807373 2025-12-08 00:08:19
20          1                     1730.888794 2025-12-08 00:08:20
21          1                     1736.314941 2025-12-08 00:08:21
22          1                     1742.117188 2025-12-08 00:08:22
23          1                     1748.328613 2025-12-08 00:08:23
24          1                     1754.985352 2025-12-08 00:08:24
25          1                     1762.126465 2025-12-08 00:08:25
26          1                     1769.794800 2025-12-08 00:08:26
27          1                     1778.037354 2025-12-08 00:08:27
28          1                     1786.906250 2025-12-08 00:08:28
29          1                     1796.460083 2025-12-08 00:08:29
30          1                     1806.764282 2025-12-08 00:08:30
31          1                     1817.892700 2025-12-08 00:08:31
32          1                     1829.928955 2025-12-08 00:08:32
33          1                     1842.967285 2025-12-08 00:08:33
34          1                     1857.115723 2025-12-08 00:08:34
35          1                     1872.496582 2025-12-08 00:08:35
36          1                     1889.249634 2025-12-08 00:08:36
37          1                     1907.534790 2025-12-08 00:08:37
38          1                     1927.535522 2025-12-08 00:08:38
39          1                     1949.462524 2025-12-08 00:08:39
40          1                     1973.557495 2025-12-08 00:08:40
41          1                     2000.099365 2025-12-08 00:08:41
42          1                     2029.408203 2025-12-08 00:08:42
43          1                     2061.854248 2025-12-08 00:08:43
44          1                     2097.861572 2025-12-08 00:08:44
45          1                     2137.917480 2025-12-08 00:08:45
46          1                     2182.576172 2025-12-08 00:08:46
47          1                     2232.465820 2025-12-08 00:08:47
48          1                     2288.285156 2025-12-08 00:08:48
49          1                     2350.797363 2025-12-08 00:08:49
50          1                     2420.808838 2025-12-08 00:08:50
51          1                     2499.128174 2025-12-08 00:08:51
52          1                     2586.496338 2025-12-08 00:08:52
53          1                     2683.475342 2025-12-08 00:08:53
54          1                     2790.291260 2025-12-08 00:08:54
55          1                     2906.628662 2025-12-08 00:08:55
56          1                     3031.401611 2025-12-08 00:08:56
57          1                     3162.557861 2025-12-08 00:08:57
58          1                     3297.014404 2025-12-08 00:08:58
59          1                     3430.830566 2025-12-08 00:08:59
Forecasted values inserted into database
Exiting forecasting script

No new messages received yet.Trying again...
No new messages received yet.Trying again...
No new messages received yet.Trying again...
No new messages received yet.Trying again...
No new messages received yet.Trying again...
No new messages received yet.Trying again...
No new messages received yet.Trying again...
No new messages received yet.Trying again...
No new messages received yet.Trying again...
No new messages received yet.Trying again...
No new messages received yet.Trying again...
No new messages received yet.Trying again...
No new messages received yet.Trying again...
No new messages received yet.Trying again...
No new messages received yet.Trying again...
No new messages received yet.Trying again...
No new messages received yet.Trying again...
No new messages received yet.Trying again...
No new messages received yet.Trying again...
No new messages received yet.Trying again...
No new messages received yet.Trying again...
No new messages received yet.Trying again...
No new messages received yet.Trying again...
No new messages received yet.Trying again...
No new messages received yet.Trying again...
No new messages received yet.Trying again...
No new messages received yet.Trying again...
No new messages received yet.Trying again...
No new messages received yet.Trying again...
No new messages received yet.Trying again...
No new messages received yet.Trying again...
No new messages received yet.Trying again...
No new messages received yet.Trying again...
No new messages received yet.Trying again...
No new messages received yet.Trying again...
No new messages received yet.Trying again...
No new messages received yet.Trying again...
No new messages received yet.Trying again...
No new messages received yet.Trying again...
No new messages received yet.Trying again...
No new messages received yet.Trying again...
No new messages received yet.Trying again...
No new messages received yet.Trying again...

Actual data inserted to database
No retrain triggered
Triggering forecasting

Forecasting.py script logs
Database connection established
Value of --retrain flag: False

Forecasting for initial model using device1/initial/device1.keras and device1/initial/scaler.save
Successfully downloaded model and scaler from S3

Actual values fetched from database
    sensor_id  sensor_energy_value    sensor_timestamp  message_delay
0           1               1666.1 2025-12-08 00:08:00        59099.0
1           1               1667.0 2025-12-08 00:08:01        58099.0
2           1               1664.3 2025-12-08 00:08:02        57098.0
3           1               1660.9 2025-12-08 00:08:03        56097.0
4           1               1670.0 2025-12-08 00:08:04        55096.0
5           1               1661.1 2025-12-08 00:08:05        54095.0
6           1               1663.0 2025-12-08 00:08:06        53093.0
7           1               1661.4 2025-12-08 00:08:07        52091.0
8           1               1662.5 2025-12-08 00:08:08        51089.0
9           1               1662.5 2025-12-08 00:08:09        50087.0
10          1               1664.2 2025-12-08 00:08:10        49086.0
11          1               1663.6 2025-12-08 00:08:11        48084.0
12          1               1664.1 2025-12-08 00:08:12        47083.0
13          1               1664.1 2025-12-08 00:08:13        46081.0
14          1               1666.4 2025-12-08 00:08:14        45080.0
15          1               1659.1 2025-12-08 00:08:15        44078.0
16          1               1660.5 2025-12-08 00:08:16        43076.0
17          1               1662.7 2025-12-08 00:08:17        42075.0
18          1               1662.6 2025-12-08 00:08:18        41073.0
19          1               1666.0 2025-12-08 00:08:19        40072.0
20          1               1670.3 2025-12-08 00:08:20        39070.0
21          1               1661.8 2025-12-08 00:08:21        38069.0
22          1               1662.6 2025-12-08 00:08:22        37067.0
23          1               1660.8 2025-12-08 00:08:23        36066.0
24          1               1673.3 2025-12-08 00:08:24        35064.0
25          1               1663.6 2025-12-08 00:08:25        34062.0
26          1               1671.3 2025-12-08 00:08:26        33060.0
27          1               1663.6 2025-12-08 00:08:27        32059.0
28          1               1666.7 2025-12-08 00:08:28        31058.0
29          1               1660.9 2025-12-08 00:08:29        30056.0
30          1               1666.1 2025-12-08 00:08:30        29054.0
31          1               1662.3 2025-12-08 00:08:31        28051.0
32          1               1663.4 2025-12-08 00:08:32        27048.0
33          1               1668.4 2025-12-08 00:08:33        26046.0
34          1               1680.5 2025-12-08 00:08:34        25045.0
35          1               1665.1 2025-12-08 00:08:35        24043.0
36          1               1666.4 2025-12-08 00:08:36        23041.0
37          1               1665.0 2025-12-08 00:08:37        22040.0
38          1               1665.5 2025-12-08 00:08:38        21038.0
39          1               1667.6 2025-12-08 00:08:39        20036.0
40          1               1667.8 2025-12-08 00:08:40        19035.0
41          1               1663.8 2025-12-08 00:08:41        18033.0
42          1               1678.7 2025-12-08 00:08:42        17031.0
43          1               1664.3 2025-12-08 00:08:43        16028.0
44          1               1664.6 2025-12-08 00:08:44        15027.0
45          1               1669.4 2025-12-08 00:08:45        14026.0
46          1               1667.0 2025-12-08 00:08:46        13024.0
47          1               1663.1 2025-12-08 00:08:47        12023.0
48          1               1664.6 2025-12-08 00:08:48        11022.0
49          1               1663.7 2025-12-08 00:08:49        10021.0
50          1               1681.2 2025-12-08 00:08:50         9021.0
51          1               1675.9 2025-12-08 00:08:51         8019.0
52          1               1664.2 2025-12-08 00:08:52         7018.0
53          1               1664.9 2025-12-08 00:08:53         6017.0
54          1               1664.0 2025-12-08 00:08:54         5016.0
55          1               1665.3 2025-12-08 00:08:55         4015.0
56          1               1667.1 2025-12-08 00:08:56         3014.0
57          1               1667.8 2025-12-08 00:08:57         2013.0
58          1               1667.4 2025-12-08 00:08:58         1012.0
59          1               1670.1 2025-12-08 00:08:59           11.0
Forecasted values:
    sensor_id  sensor_energy_value_prediction    sensor_timestamp
0           1                     1671.359253 2025-12-08 00:09:00
1           1                     1673.774536 2025-12-08 00:09:01
2           1                     1676.542847 2025-12-08 00:09:02
3           1                     1679.594482 2025-12-08 00:09:03
4           1                     1682.859253 2025-12-08 00:09:04
5           1                     1686.278564 2025-12-08 00:09:05
6           1                     1689.808105 2025-12-08 00:09:06
7           1                     1693.417603 2025-12-08 00:09:07
8           1                     1697.091919 2025-12-08 00:09:08
9           1                     1700.829590 2025-12-08 00:09:09
10          1                     1704.640747 2025-12-08 00:09:10
11          1                     1708.545776 2025-12-08 00:09:11
12          1                     1712.573486 2025-12-08 00:09:12
13          1                     1716.758423 2025-12-08 00:09:13
14          1                     1721.139404 2025-12-08 00:09:14
15          1                     1725.757812 2025-12-08 00:09:15
16          1                     1730.657104 2025-12-08 00:09:16
17          1                     1735.879272 2025-12-08 00:09:17
18          1                     1741.467896 2025-12-08 00:09:18
19          1                     1747.466431 2025-12-08 00:09:19
20          1                     1753.917358 2025-12-08 00:09:20
21          1                     1760.864258 2025-12-08 00:09:21
22          1                     1768.351929 2025-12-08 00:09:22
23          1                     1776.427490 2025-12-08 00:09:23
24          1                     1785.141479 2025-12-08 00:09:24
25          1                     1794.549072 2025-12-08 00:09:25
26          1                     1804.711426 2025-12-08 00:09:26
27          1                     1815.698242 2025-12-08 00:09:27
28          1                     1827.587280 2025-12-08 00:09:28
29          1                     1840.467529 2025-12-08 00:09:29
30          1                     1854.441162 2025-12-08 00:09:30
31          1                     1869.625977 2025-12-08 00:09:31
32          1                     1886.155640 2025-12-08 00:09:32
33          1                     1904.185547 2025-12-08 00:09:33
34          1                     1923.893311 2025-12-08 00:09:34
35          1                     1945.484741 2025-12-08 00:09:35
36          1                     1969.194458 2025-12-08 00:09:36
37          1                     1995.295288 2025-12-08 00:09:37
38          1                     2024.100952 2025-12-08 00:09:38
39          1                     2055.971680 2025-12-08 00:09:39
40          1                     2091.323242 2025-12-08 00:09:40
41          1                     2130.632080 2025-12-08 00:09:41
42          1                     2174.440674 2025-12-08 00:09:42
43          1                     2223.364746 2025-12-08 00:09:43
44          1                     2278.091553 2025-12-08 00:09:44
45          1                     2339.374023 2025-12-08 00:09:45
46          1                     2408.013916 2025-12-08 00:09:46
47          1                     2484.823730 2025-12-08 00:09:47
48          1                     2570.562256 2025-12-08 00:09:48
49          1                     2665.833496 2025-12-08 00:09:49
50          1                     2770.935303 2025-12-08 00:09:50
51          1                     2885.662842 2025-12-08 00:09:51
52          1                     3009.081299 2025-12-08 00:09:52
53          1                     3139.316895 2025-12-08 00:09:53
54          1                     3273.462158 2025-12-08 00:09:54
55          1                     3407.698486 2025-12-08 00:09:55
56          1                     3537.725586 2025-12-08 00:09:56
57          1                     3659.423340 2025-12-08 00:09:57
58          1                     3769.550537 2025-12-08 00:09:58
59          1                     3866.193848 2025-12-08 00:09:59
Forecasted values inserted into database
Exiting forecasting script

No new messages received yet.Trying again...
No new messages received yet.Trying again...
No new messages received yet.Trying again...
No new messages received yet.Trying again...
No new messages received yet.Trying again...
No new messages received yet.Trying again...
No new messages received yet.Trying again...
No new messages received yet.Trying again...
No new messages received yet.Trying again...
No new messages received yet.Trying again...
No new messages received yet.Trying again...
No new messages received yet.Trying again...
No new messages received yet.Trying again...
No new messages received yet.Trying again...
No new messages received yet.Trying again...
No new messages received yet.Trying again...
No new messages received yet.Trying again...
No new messages received yet.Trying again...
No new messages received yet.Trying again...
No new messages received yet.Trying again...
No new messages received yet.Trying again...
No new messages received yet.Trying again...
No new messages received yet.Trying again...
No new messages received yet.Trying again...
No new messages received yet.Trying again...
No new messages received yet.Trying again...
No new messages received yet.Trying again...
No new messages received yet.Trying again...
No new messages received yet.Trying again...
2026-05-14 17:50:48.457 INFO  [138715129181888] ConsumerStatsImpl:59 | Consumer [persistent://public/default/device1_model_consume, pythonSubscription, 0] , ConsumerStatsImpl (numBytesRecieved_ = 14256, totalNumBytesRecieved_ = 14256, receivedMsgMap_ = {[Key: Ok, Value: 594], [Key: TimeOut, Value: 448], }, ackedMsgMap_ = {[Key: {Result: Ok, ackType: 0}, Value: 594], }, totalReceivedMsgMap_ = {[Key: Ok, Value: 594], [Key: TimeOut, Value: 448], }, totalAckedMsgMap_ = {[Key: {Result: Ok, ackType: 0}, Value: 594], })
No new messages received yet.Trying again...
No new messages received yet.Trying again...
No new messages received yet.Trying again...
No new messages received yet.Trying again...

Actual data inserted to database
Triggering retrain for window beetween 00:00:00 and 00:09:59
lasttimestamp is  2025-12-08 00:09:59
retrain.py completed successfully:
Database connection established
Retraining model for device device1 with data from table device1_actualvalues between timestamps 2025-12-08-00-00-00 and 2025-12-08-00-09-59...
Epoch 1/200

[1m1/8[0m [32m━━[0m[37m━━━━━━━━━━━━━━━━━━[0m [1m4s[0m 593ms/step - loss: 0.4058
[1m8/8[0m [32m━━━━━━━━━━━━━━━━━━━━[0m[37m[0m [1m0s[0m 8ms/step - loss: 0.3627  
[1m8/8[0m [32m━━━━━━━━━━━━━━━━━━━━[0m[37m[0m [1m1s[0m 9ms/step - loss: 0.3163
Epoch 2/200

[1m1/8[0m [32m━━[0m[37m━━━━━━━━━━━━━━━━━━[0m [1m0s[0m 16ms/step - loss: 0.1759
[1m8/8[0m [32m━━━━━━━━━━━━━━━━━━━━[0m[37m[0m [1m0s[0m 7ms/step - loss: 0.1224 
Epoch 3/200

[1m1/8[0m [32m━━[0m[37m━━━━━━━━━━━━━━━━━━[0m [1m0s[0m 16ms/step - loss: 0.0460
[1m8/8[0m [32m━━━━━━━━━━━━━━━━━━━━[0m[37m[0m [1m0s[0m 8ms/step - loss: 0.0200 
Epoch 4/200

[1m1/8[0m [32m━━[0m[37m━━━━━━━━━━━━━━━━━━[0m [1m0s[0m 21ms/step - loss: 0.0202
[1m8/8[0m [32m━━━━━━━━━━━━━━━━━━━━[0m[37m[0m [1m0s[0m 8ms/step - loss: 0.0235 
Epoch 5/200

[1m1/8[0m [32m━━[0m[37m━━━━━━━━━━━━━━━━━━[0m [1m0s[0m 20ms/step - loss: 0.0145
[1m8/8[0m [32m━━━━━━━━━━━━━━━━━━━━[0m[37m[0m [1m0s[0m 7ms/step - loss: 0.0134 
Epoch 6/200

[1m1/8[0m [32m━━[0m[37m━━━━━━━━━━━━━━━━━━[0m [1m0s[0m 15ms/step - loss: 0.0052
[1m8/8[0m [32m━━━━━━━━━━━━━━━━━━━━[0m[37m[0m [1m0s[0m 7ms/step - loss: 0.0121 
Epoch 7/200

[1m1/8[0m [32m━━[0m[37m━━━━━━━━━━━━━━━━━━[0m [1m0s[0m 15ms/step - loss: 0.0174
[1m8/8[0m [32m━━━━━━━━━━━━━━━━━━━━[0m[37m[0m [1m0s[0m 8ms/step - loss: 0.0113 
Epoch 8/200

[1m1/8[0m [32m━━[0m[37m━━━━━━━━━━━━━━━━━━[0m [1m0s[0m 16ms/step - loss: 0.0072
[1m8/8[0m [32m━━━━━━━━━━━━━━━━━━━━[0m[37m[0m [1m0s[0m 7ms/step - loss: 0.0091 
Epoch 9/200

[1m1/8[0m [32m━━[0m[37m━━━━━━━━━━━━━━━━━━[0m [1m0s[0m 15ms/step - loss: 0.0056
[1m8/8[0m [32m━━━━━━━━━━━━━━━━━━━━[0m[37m[0m [1m0s[0m 7ms/step - loss: 0.0112 
Epoch 10/200

[1m1/8[0m [32m━━[0m[37m━━━━━━━━━━━━━━━━━━[0m [1m0s[0m 15ms/step - loss: 0.0136
[1m8/8[0m [32m━━━━━━━━━━━━━━━━━━━━[0m[37m[0m [1m0s[0m 8ms/step - loss: 0.0089 
Epoch 11/200

[1m1/8[0m [32m━━[0m[37m━━━━━━━━━━━━━━━━━━[0m [1m0s[0m 21ms/step - loss: 0.0066
[1m8/8[0m [32m━━━━━━━━━━━━━━━━━━━━[0m[37m[0m [1m0s[0m 8ms/step - loss: 0.0084 
Epoch 12/200

[1m1/8[0m [32m━━[0m[37m━━━━━━━━━━━━━━━━━━[0m [1m0s[0m 20ms/step - loss: 0.0175
[1m8/8[0m [32m━━━━━━━━━━━━━━━━━━━━[0m[37m[0m [1m0s[0m 8ms/step - loss: 0.0094 
Epoch 13/200

[1m1/8[0m [32m━━[0m[37m━━━━━━━━━━━━━━━━━━[0m [1m0s[0m 20ms/step - loss: 0.0090
[1m8/8[0m [32m━━━━━━━━━━━━━━━━━━━━[0m[37m[0m [1m0s[0m 9ms/step - loss: 0.0085 
Epoch 14/200

[1m1/8[0m [32m━━[0m[37m━━━━━━━━━━━━━━━━━━[0m [1m0s[0m 22ms/step - loss: 0.0051
[1m8/8[0m [32m━━━━━━━━━━━━━━━━━━━━[0m[37m[0m [1m0s[0m 7ms/step - loss: 0.0073 
[1m8/8[0m [32m━━━━━━━━━━━━━━━━━━━━[0m[37m[0m [1m0s[0m 9ms/step - loss: 0.0083
Epoch 15/200

[1m1/8[0m [32m━━[0m[37m━━━━━━━━━━━━━━━━━━[0m [1m0s[0m 16ms/step - loss: 0.0112
[1m8/8[0m [32m━━━━━━━━━━━━━━━━━━━━[0m[37m[0m [1m0s[0m 8ms/step - loss: 0.0079 
Epoch 16/200

[1m1/8[0m [32m━━[0m[37m━━━━━━━━━━━━━━━━━━[0m [1m0s[0m 15ms/step - loss: 0.0095
[1m8/8[0m [32m━━━━━━━━━━━━━━━━━━━━[0m[37m[0m [1m0s[0m 8ms/step - loss: 0.0085 
Epoch 17/200

[1m1/8[0m [32m━━[0m[37m━━━━━━━━━━━━━━━━━━[0m [1m0s[0m 15ms/step - loss: 0.0124
[1m8/8[0m [32m━━━━━━━━━━━━━━━━━━━━[0m[37m[0m [1m0s[0m 7ms/step - loss: 0.0090 
Epoch 18/200

[1m1/8[0m [32m━━[0m[37m━━━━━━━━━━━━━━━━━━[0m [1m0s[0m 15ms/step - loss: 0.0042
[1m8/8[0m [32m━━━━━━━━━━━━━━━━━━━━[0m[37m[0m [1m0s[0m 7ms/step - loss: 0.0076 
Epoch 19/200

[1m1/8[0m [32m━━[0m[37m━━━━━━━━━━━━━━━━━━[0m [1m0s[0m 16ms/step - loss: 0.0128
[1m8/8[0m [32m━━━━━━━━━━━━━━━━━━━━[0m[37m[0m [1m0s[0m 7ms/step - loss: 0.0104 
Epoch 20/200

[1m1/8[0m [32m━━[0m[37m━━━━━━━━━━━━━━━━━━[0m [1m0s[0m 16ms/step - loss: 0.0128
[1m8/8[0m [32m━━━━━━━━━━━━━━━━━━━━[0m[37m[0m [1m0s[0m 8ms/step - loss: 0.0078 
Epoch 21/200

[1m1/8[0m [32m━━[0m[37m━━━━━━━━━━━━━━━━━━[0m [1m0s[0m 23ms/step - loss: 0.0062
[1m8/8[0m [32m━━━━━━━━━━━━━━━━━━━━[0m[37m[0m [1m0s[0m 9ms/step - loss: 0.0073 
Epoch 22/200

[1m1/8[0m [32m━━[0m[37m━━━━━━━━━━━━━━━━━━[0m [1m0s[0m 22ms/step - loss: 0.0100
[1m8/8[0m [32m━━━━━━━━━━━━━━━━━━━━[0m[37m[0m [1m0s[0m 8ms/step - loss: 0.0084 
Epoch 23/200

[1m1/8[0m [32m━━[0m[37m━━━━━━━━━━━━━━━━━━[0m [1m0s[0m 20ms/step - loss: 0.0093
[1m8/8[0m [32m━━━━━━━━━━━━━━━━━━━━[0m[37m[0m [1m0s[0m 8ms/step - loss: 0.0082 
Epoch 24/200

[1m1/8[0m [32m━━[0m[37m━━━━━━━━━━━━━━━━━━[0m [1m0s[0m 21ms/step - loss: 0.0045
[1m8/8[0m [32m━━━━━━━━━━━━━━━━━━━━[0m[37m[0m [1m0s[0m 7ms/step - loss: 0.0083 
Epoch 25/200

[1m1/8[0m [32m━━[0m[37m━━━━━━━━━━━━━━━━━━[0m [1m0s[0m 15ms/step - loss: 0.0082
[1m8/8[0m [32m━━━━━━━━━━━━━━━━━━━━[0m[37m[0m [1m0s[0m 7ms/step - loss: 0.0070 
Epoch 26/200

[1m1/8[0m [32m━━[0m[37m━━━━━━━━━━━━━━━━━━[0m [1m0s[0m 16ms/step - loss: 0.0046
[1m8/8[0m [32m━━━━━━━━━━━━━━━━━━━━[0m[37m[0m [1m0s[0m 8ms/step - loss: 0.0064 
Epoch 27/200

[1m1/8[0m [32m━━[0m[37m━━━━━━━━━━━━━━━━━━[0m [1m0s[0m 15ms/step - loss: 0.0022
[1m8/8[0m [32m━━━━━━━━━━━━━━━━━━━━[0m[37m[0m [1m0s[0m 8ms/step - loss: 0.0061 
Epoch 28/200

[1m1/8[0m [32m━━[0m[37m━━━━━━━━━━━━━━━━━━[0m [1m0s[0m 22ms/step - loss: 0.0044
[1m8/8[0m [32m━━━━━━━━━━━━━━━━━━━━[0m[37m[0m [1m0s[0m 8ms/step - loss: 0.0054 
[1m8/8[0m [32m━━━━━━━━━━━━━━━━━━━━[0m[37m[0m [1m0s[0m 11ms/step - loss: 0.0061
Epoch 29/200

[1m1/8[0m [32m━━[0m[37m━━━━━━━━━━━━━━━━━━[0m [1m0s[0m 29ms/step - loss: 0.0072
[1m8/8[0m [32m━━━━━━━━━━━━━━━━━━━━[0m[37m[0m [1m0s[0m 7ms/step - loss: 0.0064 
[1m8/8[0m [32m━━━━━━━━━━━━━━━━━━━━[0m[37m[0m [1m0s[0m 9ms/step - loss: 0.0065
Epoch 30/200

[1m1/8[0m [32m━━[0m[37m━━━━━━━━━━━━━━━━━━[0m [1m0s[0m 20ms/step - loss: 0.0072
[1m8/8[0m [32m━━━━━━━━━━━━━━━━━━━━[0m[37m[0m [1m0s[0m 9ms/step - loss: 0.0057 
Epoch 31/200

[1m1/8[0m [32m━━[0m[37m━━━━━━━━━━━━━━━━━━[0m [1m0s[0m 22ms/step - loss: 0.0087
[1m8/8[0m [32m━━━━━━━━━━━━━━━━━━━━[0m[37m[0m [1m0s[0m 8ms/step - loss: 0.0061 
Epoch 32/200

[1m1/8[0m [32m━━[0m[37m━━━━━━━━━━━━━━━━━━[0m [1m0s[0m 16ms/step - loss: 0.0044
[1m8/8[0m [32m━━━━━━━━━━━━━━━━━━━━[0m[37m[0m [1m0s[0m 8ms/step - loss: 0.0061 
Epoch 33/200

[1m1/8[0m [32m━━[0m[37m━━━━━━━━━━━━━━━━━━[0m [1m0s[0m 16ms/step - loss: 0.0091
[1m8/8[0m [32m━━━━━━━━━━━━━━━━━━━━[0m[37m[0m [1m0s[0m 7ms/step - loss: 0.0062 
Epoch 34/200

[1m1/8[0m [32m━━[0m[37m━━━━━━━━━━━━━━━━━━[0m [1m0s[0m 15ms/step - loss: 0.0098
[1m8/8[0m [32m━━━━━━━━━━━━━━━━━━━━[0m[37m[0m [1m0s[0m 7ms/step - loss: 0.0059 
Epoch 35/200

[1m1/8[0m [32m━━[0m[37m━━━━━━━━━━━━━━━━━━[0m [1m0s[0m 17ms/step - loss: 0.0096
[1m8/8[0m [32m━━━━━━━━━━━━━━━━━━━━[0m[37m[0m [1m0s[0m 7ms/step - loss: 0.0062 
Epoch 36/200

[1m1/8[0m [32m━━[0m[37m━━━━━━━━━━━━━━━━━━[0m [1m0s[0m 16ms/step - loss: 0.0057
[1m8/8[0m [32m━━━━━━━━━━━━━━━━━━━━[0m[37m[0m [1m0s[0m 7ms/step - loss: 0.0055 
Epoch 37/200

[1m1/8[0m [32m━━[0m[37m━━━━━━━━━━━━━━━━━━[0m [1m0s[0m 20ms/step - loss: 0.0068
[1m8/8[0m [32m━━━━━━━━━━━━━━━━━━━━[0m[37m[0m [1m0s[0m 7ms/step - loss: 0.0054 
Epoch 38/200

[1m1/8[0m [32m━━[0m[37m━━━━━━━━━━━━━━━━━━[0m [1m0s[0m 16ms/step - loss: 0.0041
[1m8/8[0m [32m━━━━━━━━━━━━━━━━━━━━[0m[37m[0m [1m0s[0m 7ms/step - loss: 0.0056 
Epoch 39/200

[1m1/8[0m [32m━━[0m[37m━━━━━━━━━━━━━━━━━━[0m [1m0s[0m 16ms/step - loss: 0.0049
[1m8/8[0m [32m━━━━━━━━━━━━━━━━━━━━[0m[37m[0m [1m0s[0m 7ms/step - loss: 0.0061 
Epoch 40/200

[1m1/8[0m [32m━━[0m[37m━━━━━━━━━━━━━━━━━━[0m [1m0s[0m 17ms/step - loss: 0.0051
[1m8/8[0m [32m━━━━━━━━━━━━━━━━━━━━[0m[37m[0m [1m0s[0m 8ms/step - loss: 0.0064 
Epoch 41/200

[1m1/8[0m [32m━━[0m[37m━━━━━━━━━━━━━━━━━━[0m [1m0s[0m 21ms/step - loss: 0.0039
[1m8/8[0m [32m━━━━━━━━━━━━━━━━━━━━[0m[37m[0m [1m0s[0m 8ms/step - loss: 0.0059 
[1m8/8[0m [32m━━━━━━━━━━━━━━━━━━━━[0m[37m[0m [1m0s[0m 10ms/step - loss: 0.0060
Epoch 42/200

[1m1/8[0m [32m━━[0m[37m━━━━━━━━━━━━━━━━━━[0m [1m0s[0m 22ms/step - loss: 0.0059
[1m8/8[0m [32m━━━━━━━━━━━━━━━━━━━━[0m[37m[0m [1m0s[0m 7ms/step - loss: 0.0055 
Epoch 43/200

[1m1/8[0m [32m━━[0m[37m━━━━━━━━━━━━━━━━━━[0m [1m0s[0m 15ms/step - loss: 0.0032
[1m8/8[0m [32m━━━━━━━━━━━━━━━━━━━━[0m[37m[0m [1m0s[0m 7ms/step - loss: 0.0053 
Epoch 44/200

[1m1/8[0m [32m━━[0m[37m━━━━━━━━━━━━━━━━━━[0m [1m0s[0m 15ms/step - loss: 0.0037
[1m8/8[0m [32m━━━━━━━━━━━━━━━━━━━━[0m[37m[0m [1m0s[0m 8ms/step - loss: 0.0057 
Epoch 45/200

[1m1/8[0m [32m━━[0m[37m━━━━━━━━━━━━━━━━━━[0m [1m0s[0m 21ms/step - loss: 0.0092
[1m8/8[0m [32m━━━━━━━━━━━━━━━━━━━━[0m[37m[0m [1m0s[0m 7ms/step - loss: 0.0060 
Epoch 46/200

[1m1/8[0m [32m━━[0m[37m━━━━━━━━━━━━━━━━━━[0m [1m0s[0m 16ms/step - loss: 0.0023
[1m8/8[0m [32m━━━━━━━━━━━━━━━━━━━━[0m[37m[0m [1m0s[0m 9ms/step - loss: 0.0055 
Epoch 47/200

[1m1/8[0m [32m━━[0m[37m━━━━━━━━━━━━━━━━━━[0m [1m0s[0m 20ms/step - loss: 0.0041
[1m8/8[0m [32m━━━━━━━━━━━━━━━━━━━━[0m[37m[0m [1m0s[0m 8ms/step - loss: 0.0056 
Epoch 48/200

[1m1/8[0m [32m━━[0m[37m━━━━━━━━━━━━━━━━━━[0m [1m0s[0m 23ms/step - loss: 0.0049
[1m8/8[0m [32m━━━━━━━━━━━━━━━━━━━━[0m[37m[0m [1m0s[0m 8ms/step - loss: 0.0054 
Epoch 49/200

[1m1/8[0m [32m━━[0m[37m━━━━━━━━━━━━━━━━━━[0m [1m0s[0m 16ms/step - loss: 0.0029
[1m8/8[0m [32m━━━━━━━━━━━━━━━━━━━━[0m[37m[0m [1m0s[0m 8ms/step - loss: 0.0055 
Epoch 50/200

[1m1/8[0m [32m━━[0m[37m━━━━━━━━━━━━━━━━━━[0m [1m0s[0m 22ms/step - loss: 0.0043
[1m8/8[0m [32m━━━━━━━━━━━━━━━━━━━━[0m[37m[0m [1m0s[0m 7ms/step - loss: 0.0057 
Epoch 51/200

[1m1/8[0m [32m━━[0m[37m━━━━━━━━━━━━━━━━━━[0m [1m0s[0m 17ms/step - loss: 0.0094
[1m8/8[0m [32m━━━━━━━━━━━━━━━━━━━━[0m[37m[0m [1m0s[0m 6ms/step - loss: 0.0065 
Epoch 52/200

[1m1/8[0m [32m━━[0m[37m━━━━━━━━━━━━━━━━━━[0m [1m0s[0m 17ms/step - loss: 0.0050
[1m8/8[0m [32m━━━━━━━━━━━━━━━━━━━━[0m[37m[0m [1m0s[0m 7ms/step - loss: 0.0056 
Epoch 53/200

[1m1/8[0m [32m━━[0m[37m━━━━━━━━━━━━━━━━━━[0m [1m0s[0m 15ms/step - loss: 0.0038
[1m8/8[0m [32m━━━━━━━━━━━━━━━━━━━━[0m[37m[0m [1m0s[0m 7ms/step - loss: 0.0056 
Epoch 54/200

[1m1/8[0m [32m━━[0m[37m━━━━━━━━━━━━━━━━━━[0m [1m0s[0m 16ms/step - loss: 0.0071
[1m8/8[0m [32m━━━━━━━━━━━━━━━━━━━━[0m[37m[0m [1m0s[0m 9ms/step - loss: 0.0049 
Epoch 55/200

[1m1/8[0m [32m━━[0m[37m━━━━━━━━━━━━━━━━━━[0m [1m0s[0m 22ms/step - loss: 0.0082
[1m8/8[0m [32m━━━━━━━━━━━━━━━━━━━━[0m[37m[0m [1m0s[0m 8ms/step - loss: 0.0053 
Epoch 56/200

[1m1/8[0m [32m━━[0m[37m━━━━━━━━━━━━━━━━━━[0m [1m0s[0m 21ms/step - loss: 0.0037
[1m8/8[0m [32m━━━━━━━━━━━━━━━━━━━━[0m[37m[0m [1m0s[0m 7ms/step - loss: 0.0049 
Epoch 57/200

[1m1/8[0m [32m━━[0m[37m━━━━━━━━━━━━━━━━━━[0m [1m0s[0m 17ms/step - loss: 0.0040
[1m8/8[0m [32m━━━━━━━━━━━━━━━━━━━━[0m[37m[0m [1m0s[0m 8ms/step - loss: 0.0054 
Epoch 58/200

[1m1/8[0m [32m━━[0m[37m━━━━━━━━━━━━━━━━━━[0m [1m0s[0m 15ms/step - loss: 0.0081
[1m8/8[0m [32m━━━━━━━━━━━━━━━━━━━━[0m[37m[0m [1m0s[0m 7ms/step - loss: 0.0052 
Epoch 59/200

[1m1/8[0m [32m━━[0m[37m━━━━━━━━━━━━━━━━━━[0m [1m0s[0m 16ms/step - loss: 0.0055
[1m7/8[0m [32m━━━━━━━━━━━━━━━━━[0m[37m━━━[0m [1m0s[0m 9ms/step - loss: 0.0053 
[1m8/8[0m [32m━━━━━━━━━━━━━━━━━━━━[0m[37m[0m [1m0s[0m 11ms/step - loss: 0.0051
Epoch 60/200

[1m1/8[0m [32m━━[0m[37m━━━━━━━━━━━━━━━━━━[0m [1m0s[0m 17ms/step - loss: 0.0073
[1m8/8[0m [32m━━━━━━━━━━━━━━━━━━━━[0m[37m[0m [1m0s[0m 8ms/step - loss: 0.0060 
Epoch 61/200

[1m1/8[0m [32m━━[0m[37m━━━━━━━━━━━━━━━━━━[0m [1m0s[0m 16ms/step - loss: 0.0025
[1m8/8[0m [32m━━━━━━━━━━━━━━━━━━━━[0m[37m[0m [1m0s[0m 8ms/step - loss: 0.0050 
Epoch 62/200

[1m1/8[0m [32m━━[0m[37m━━━━━━━━━━━━━━━━━━[0m [1m0s[0m 16ms/step - loss: 0.0030
[1m8/8[0m [32m━━━━━━━━━━━━━━━━━━━━[0m[37m[0m [1m0s[0m 9ms/step - loss: 0.0050 
Epoch 63/200

[1m1/8[0m [32m━━[0m[37m━━━━━━━━━━━━━━━━━━[0m [1m0s[0m 22ms/step - loss: 0.0019
[1m8/8[0m [32m━━━━━━━━━━━━━━━━━━━━[0m[37m[0m [1m0s[0m 8ms/step - loss: 0.0052 
Epoch 64/200

[1m1/8[0m [32m━━[0m[37m━━━━━━━━━━━━━━━━━━[0m [1m0s[0m 16ms/step - loss: 0.0066
[1m8/8[0m [32m━━━━━━━━━━━━━━━━━━━━[0m[37m[0m [1m0s[0m 8ms/step - loss: 0.0050 
Epoch 65/200

[1m1/8[0m [32m━━[0m[37m━━━━━━━━━━━━━━━━━━[0m [1m0s[0m 22ms/step - loss: 0.0035
[1m8/8[0m [32m━━━━━━━━━━━━━━━━━━━━[0m[37m[0m [1m0s[0m 7ms/step - loss: 0.0053 
Epoch 66/200

[1m1/8[0m [32m━━[0m[37m━━━━━━━━━━━━━━━━━━[0m [1m0s[0m 16ms/step - loss: 0.0026
[1m8/8[0m [32m━━━━━━━━━━━━━━━━━━━━[0m[37m[0m [1m0s[0m 7ms/step - loss: 0.0053 
Epoch 67/200

[1m1/8[0m [32m━━[0m[37m━━━━━━━━━━━━━━━━━━[0m [1m0s[0m 16ms/step - loss: 0.0076
[1m8/8[0m [32m━━━━━━━━━━━━━━━━━━━━[0m[37m[0m [1m0s[0m 7ms/step - loss: 0.0051 
Epoch 68/200

[1m1/8[0m [32m━━[0m[37m━━━━━━━━━━━━━━━━━━[0m [1m0s[0m 16ms/step - loss: 0.0105
[1m8/8[0m [32m━━━━━━━━━━━━━━━━━━━━[0m[37m[0m [1m0s[0m 7ms/step - loss: 0.0053 
Epoch 69/200

[1m1/8[0m [32m━━[0m[37m━━━━━━━━━━━━━━━━━━[0m [1m0s[0m 18ms/step - loss: 0.0038
[1m8/8[0m [32m━━━━━━━━━━━━━━━━━━━━[0m[37m[0m [1m0s[0m 8ms/step - loss: 0.0047 
Epoch 70/200

[1m1/8[0m [32m━━[0m[37m━━━━━━━━━━━━━━━━━━[0m [1m0s[0m 20ms/step - loss: 0.0058
[1m8/8[0m [32m━━━━━━━━━━━━━━━━━━━━[0m[37m[0m [1m0s[0m 6ms/step - loss: 0.0059 
Epoch 71/200

[1m1/8[0m [32m━━[0m[37m━━━━━━━━━━━━━━━━━━[0m [1m0s[0m 16ms/step - loss: 0.0037
[1m8/8[0m [32m━━━━━━━━━━━━━━━━━━━━[0m[37m[0m [1m0s[0m 7ms/step - loss: 0.0055 
Epoch 72/200

[1m1/8[0m [32m━━[0m[37m━━━━━━━━━━━━━━━━━━[0m [1m0s[0m 16ms/step - loss: 0.0068
[1m8/8[0m [32m━━━━━━━━━━━━━━━━━━━━[0m[37m[0m [1m0s[0m 8ms/step - loss: 0.0048 
Epoch 73/200

[1m1/8[0m [32m━━[0m[37m━━━━━━━━━━━━━━━━━━[0m [1m0s[0m 17ms/step - loss: 0.0079
[1m8/8[0m [32m━━━━━━━━━━━━━━━━━━━━[0m[37m[0m [1m0s[0m 9ms/step - loss: 0.0051 
Epoch 74/200

[1m1/8[0m [32m━━[0m[37m━━━━━━━━━━━━━━━━━━[0m [1m0s[0m 22ms/step - loss: 0.0034
[1m8/8[0m [32m━━━━━━━━━━━━━━━━━━━━[0m[37m[0m [1m0s[0m 7ms/step - loss: 0.0047 
Epoch 75/200

[1m1/8[0m [32m━━[0m[37m━━━━━━━━━━━━━━━━━━[0m [1m0s[0m 15ms/step - loss: 0.0030
[1m8/8[0m [32m━━━━━━━━━━━━━━━━━━━━[0m[37m[0m [1m0s[0m 7ms/step - loss: 0.0048 
Epoch 76/200

[1m1/8[0m [32m━━[0m[37m━━━━━━━━━━━━━━━━━━[0m [1m0s[0m 18ms/step - loss: 0.0028
[1m8/8[0m [32m━━━━━━━━━━━━━━━━━━━━[0m[37m[0m [1m0s[0m 8ms/step - loss: 0.0048 
Epoch 77/200

[1m1/8[0m [32m━━[0m[37m━━━━━━━━━━━━━━━━━━[0m [1m0s[0m 22ms/step - loss: 0.0027
[1m8/8[0m [32m━━━━━━━━━━━━━━━━━━━━[0m[37m[0m [1m0s[0m 7ms/step - loss: 0.0041 
Epoch 78/200

[1m1/8[0m [32m━━[0m[37m━━━━━━━━━━━━━━━━━━[0m [1m0s[0m 16ms/step - loss: 0.0073
[1m8/8[0m [32m━━━━━━━━━━━━━━━━━━━━[0m[37m[0m [1m0s[0m 9ms/step - loss: 0.0047 
Epoch 79/200

[1m1/8[0m [32m━━[0m[37m━━━━━━━━━━━━━━━━━━[0m [1m0s[0m 21ms/step - loss: 0.0036
[1m8/8[0m [32m━━━━━━━━━━━━━━━━━━━━[0m[37m[0m [1m0s[0m 7ms/step - loss: 0.0045 
Epoch 80/200

[1m1/8[0m [32m━━[0m[37m━━━━━━━━━━━━━━━━━━[0m [1m0s[0m 18ms/step - loss: 0.0031
[1m8/8[0m [32m━━━━━━━━━━━━━━━━━━━━[0m[37m[0m [1m0s[0m 7ms/step - loss: 0.0045 
Epoch 81/200

[1m1/8[0m [32m━━[0m[37m━━━━━━━━━━━━━━━━━━[0m [1m0s[0m 17ms/step - loss: 0.0071
[1m8/8[0m [32m━━━━━━━━━━━━━━━━━━━━[0m[37m[0m [1m0s[0m 7ms/step - loss: 0.0051 
Epoch 82/200

[1m1/8[0m [32m━━[0m[37m━━━━━━━━━━━━━━━━━━[0m [1m0s[0m 15ms/step - loss: 0.0030
[1m8/8[0m [32m━━━━━━━━━━━━━━━━━━━━[0m[37m[0m [1m0s[0m 7ms/step - loss: 0.0049 
Epoch 83/200

[1m1/8[0m [32m━━[0m[37m━━━━━━━━━━━━━━━━━━[0m [1m0s[0m 15ms/step - loss: 0.0027
[1m8/8[0m [32m━━━━━━━━━━━━━━━━━━━━[0m[37m[0m [1m0s[0m 7ms/step - loss: 0.0050 
Epoch 84/200

[1m1/8[0m [32m━━[0m[37m━━━━━━━━━━━━━━━━━━[0m [1m0s[0m 16ms/step - loss: 0.0077
[1m8/8[0m [32m━━━━━━━━━━━━━━━━━━━━[0m[37m[0m [1m0s[0m 7ms/step - loss: 0.0049 
Epoch 85/200

[1m1/8[0m [32m━━[0m[37m━━━━━━━━━━━━━━━━━━[0m [1m0s[0m 17ms/step - loss: 0.0053
[1m8/8[0m [32m━━━━━━━━━━━━━━━━━━━━[0m[37m[0m [1m0s[0m 7ms/step - loss: 0.0049 
Epoch 86/200

[1m1/8[0m [32m━━[0m[37m━━━━━━━━━━━━━━━━━━[0m [1m0s[0m 15ms/step - loss: 0.0026
[1m8/8[0m [32m━━━━━━━━━━━━━━━━━━━━[0m[37m[0m [1m0s[0m 7ms/step - loss: 0.0045 
Epoch 87/200

[1m1/8[0m [32m━━[0m[37m━━━━━━━━━━━━━━━━━━[0m [1m0s[0m 16ms/step - loss: 0.0072
[1m8/8[0m [32m━━━━━━━━━━━━━━━━━━━━[0m[37m[0m [1m0s[0m 8ms/step - loss: 0.0046 
Epoch 88/200

[1m1/8[0m [32m━━[0m[37m━━━━━━━━━━━━━━━━━━[0m [1m0s[0m 21ms/step - loss: 0.0058
[1m8/8[0m [32m━━━━━━━━━━━━━━━━━━━━[0m[37m[0m [1m0s[0m 7ms/step - loss: 0.0053 
Epoch 89/200

[1m1/8[0m [32m━━[0m[37m━━━━━━━━━━━━━━━━━━[0m [1m0s[0m 15ms/step - loss: 0.0047
[1m8/8[0m [32m━━━━━━━━━━━━━━━━━━━━[0m[37m[0m [1m0s[0m 7ms/step - loss: 0.0049 
Epoch 90/200

[1m1/8[0m [32m━━[0m[37m━━━━━━━━━━━━━━━━━━[0m [1m0s[0m 17ms/step - loss: 0.0028
[1m8/8[0m [32m━━━━━━━━━━━━━━━━━━━━[0m[37m[0m [1m0s[0m 8ms/step - loss: 0.0053 
Epoch 91/200

[1m1/8[0m [32m━━[0m[37m━━━━━━━━━━━━━━━━━━[0m [1m0s[0m 17ms/step - loss: 0.0032
[1m8/8[0m [32m━━━━━━━━━━━━━━━━━━━━[0m[37m[0m [1m0s[0m 7ms/step - loss: 0.0051 
Epoch 92/200

[1m1/8[0m [32m━━[0m[37m━━━━━━━━━━━━━━━━━━[0m [1m0s[0m 16ms/step - loss: 0.0032
[1m8/8[0m [32m━━━━━━━━━━━━━━━━━━━━[0m[37m[0m [1m0s[0m 7ms/step - loss: 0.0048 
Epoch 93/200

[1m1/8[0m [32m━━[0m[37m━━━━━━━━━━━━━━━━━━[0m [1m0s[0m 16ms/step - loss: 0.0026
[1m8/8[0m [32m━━━━━━━━━━━━━━━━━━━━[0m[37m[0m [1m0s[0m 7ms/step - loss: 0.0050 
Epoch 94/200

[1m1/8[0m [32m━━[0m[37m━━━━━━━━━━━━━━━━━━[0m [1m0s[0m 15ms/step - loss: 0.0068
[1m8/8[0m [32m━━━━━━━━━━━━━━━━━━━━[0m[37m[0m [1m0s[0m 7ms/step - loss: 0.0051 
Epoch 95/200

[1m1/8[0m [32m━━[0m[37m━━━━━━━━━━━━━━━━━━[0m [1m0s[0m 15ms/step - loss: 0.0041
[1m8/8[0m [32m━━━━━━━━━━━━━━━━━━━━[0m[37m[0m [1m0s[0m 7ms/step - loss: 0.0050 
Epoch 96/200

[1m1/8[0m [32m━━[0m[37m━━━━━━━━━━━━━━━━━━[0m [1m0s[0m 15ms/step - loss: 0.0030
[1m8/8[0m [32m━━━━━━━━━━━━━━━━━━━━[0m[37m[0m [1m0s[0m 7ms/step - loss: 0.0044 
Epoch 97/200

[1m1/8[0m [32m━━[0m[37m━━━━━━━━━━━━━━━━━━[0m [1m0s[0m 17ms/step - loss: 0.0099
[1m8/8[0m [32m━━━━━━━━━━━━━━━━━━━━[0m[37m[0m [1m0s[0m 7ms/step - loss: 0.0047 
Epoch 98/200

[1m1/8[0m [32m━━[0m[37m━━━━━━━━━━━━━━━━━━[0m [1m0s[0m 17ms/step - loss: 0.0034
[1m8/8[0m [32m━━━━━━━━━━━━━━━━━━━━[0m[37m[0m [1m0s[0m 9ms/step - loss: 0.0050 
Epoch 99/200

[1m1/8[0m [32m━━[0m[37m━━━━━━━━━━━━━━━━━━[0m [1m0s[0m 22ms/step - loss: 0.0049
[1m8/8[0m [32m━━━━━━━━━━━━━━━━━━━━[0m[37m[0m [1m0s[0m 7ms/step - loss: 0.0049 
[1m8/8[0m [32m━━━━━━━━━━━━━━━━━━━━[0m[37m[0m [1m0s[0m 9ms/step - loss: 0.0046
Epoch 100/200

[1m1/8[0m [32m━━[0m[37m━━━━━━━━━━━━━━━━━━[0m [1m0s[0m 15ms/step - loss: 0.0038
[1m8/8[0m [32m━━━━━━━━━━━━━━━━━━━━[0m[37m[0m [1m0s[0m 8ms/step - loss: 0.0052 
Epoch 101/200

[1m1/8[0m [32m━━[0m[37m━━━━━━━━━━━━━━━━━━[0m [1m0s[0m 16ms/step - loss: 0.0099
[1m8/8[0m [32m━━━━━━━━━━━━━━━━━━━━[0m[37m[0m [1m0s[0m 8ms/step - loss: 0.0050 
Epoch 102/200

[1m1/8[0m [32m━━[0m[37m━━━━━━━━━━━━━━━━━━[0m [1m0s[0m 17ms/step - loss: 0.0029
[1m8/8[0m [32m━━━━━━━━━━━━━━━━━━━━[0m[37m[0m [1m0s[0m 8ms/step - loss: 0.0049 
Epoch 103/200

[1m1/8[0m [32m━━[0m[37m━━━━━━━━━━━━━━━━━━[0m [1m0s[0m 16ms/step - loss: 0.0034
[1m8/8[0m [32m━━━━━━━━━━━━━━━━━━━━[0m[37m[0m [1m0s[0m 9ms/step - loss: 0.0051 
Epoch 104/200

[1m1/8[0m [32m━━[0m[37m━━━━━━━━━━━━━━━━━━[0m [1m0s[0m 21ms/step - loss: 0.0023
[1m8/8[0m [32m━━━━━━━━━━━━━━━━━━━━[0m[37m[0m [1m0s[0m 7ms/step - loss: 0.0046 
Epoch 105/200

[1m1/8[0m [32m━━[0m[37m━━━━━━━━━━━━━━━━━━[0m [1m0s[0m 16ms/step - loss: 0.0041
[1m8/8[0m [32m━━━━━━━━━━━━━━━━━━━━[0m[37m[0m [1m0s[0m 7ms/step - loss: 0.0051 
Epoch 106/200

[1m1/8[0m [32m━━[0m[37m━━━━━━━━━━━━━━━━━━[0m [1m0s[0m 21ms/step - loss: 0.0031
[1m8/8[0m [32m━━━━━━━━━━━━━━━━━━━━[0m[37m[0m [1m0s[0m 8ms/step - loss: 0.0042 
Epoch 107/200

[1m1/8[0m [32m━━[0m[37m━━━━━━━━━━━━━━━━━━[0m [1m0s[0m 20ms/step - loss: 0.0032
[1m8/8[0m [32m━━━━━━━━━━━━━━━━━━━━[0m[37m[0m [1m0s[0m 8ms/step - loss: 0.0050 
Epoch 108/200

[1m1/8[0m [32m━━[0m[37m━━━━━━━━━━━━━━━━━━[0m [1m0s[0m 19ms/step - loss: 0.0059
[1m8/8[0m [32m━━━━━━━━━━━━━━━━━━━━[0m[37m[0m [1m0s[0m 8ms/step - loss: 0.0047 
Epoch 109/200

[1m1/8[0m [32m━━[0m[37m━━━━━━━━━━━━━━━━━━[0m [1m0s[0m 20ms/step - loss: 0.0041
[1m8/8[0m [32m━━━━━━━━━━━━━━━━━━━━[0m[37m[0m [1m0s[0m 7ms/step - loss: 0.0053 
Epoch 110/200

[1m1/8[0m [32m━━[0m[37m━━━━━━━━━━━━━━━━━━[0m [1m0s[0m 17ms/step - loss: 0.0031
[1m8/8[0m [32m━━━━━━━━━━━━━━━━━━━━[0m[37m[0m [1m0s[0m 8ms/step - loss: 0.0048 
Epoch 111/200

[1m1/8[0m [32m━━[0m[37m━━━━━━━━━━━━━━━━━━[0m [1m0s[0m 21ms/step - loss: 0.0035
[1m8/8[0m [32m━━━━━━━━━━━━━━━━━━━━[0m[37m[0m [1m0s[0m 7ms/step - loss: 0.0047 
Epoch 112/200

[1m1/8[0m [32m━━[0m[37m━━━━━━━━━━━━━━━━━━[0m [1m0s[0m 17ms/step - loss: 0.0033
[1m8/8[0m [32m━━━━━━━━━━━━━━━━━━━━[0m[37m[0m [1m0s[0m 7ms/step - loss: 0.0048 
Epoch 113/200

[1m1/8[0m [32m━━[0m[37m━━━━━━━━━━━━━━━━━━[0m [1m0s[0m 17ms/step - loss: 0.0030
[1m8/8[0m [32m━━━━━━━━━━━━━━━━━━━━[0m[37m[0m [1m0s[0m 8ms/step - loss: 0.0044 
Epoch 114/200

[1m1/8[0m [32m━━[0m[37m━━━━━━━━━━━━━━━━━━[0m [1m0s[0m 22ms/step - loss: 0.0061
[1m8/8[0m [32m━━━━━━━━━━━━━━━━━━━━[0m[37m[0m [1m0s[0m 7ms/step - loss: 0.0055 
[1m8/8[0m [32m━━━━━━━━━━━━━━━━━━━━[0m[37m[0m [1m0s[0m 9ms/step - loss: 0.0055
Epoch 115/200

[1m1/8[0m [32m━━[0m[37m━━━━━━━━━━━━━━━━━━[0m [1m0s[0m 15ms/step - loss: 0.0031
[1m8/8[0m [32m━━━━━━━━━━━━━━━━━━━━[0m[37m[0m [1m0s[0m 8ms/step - loss: 0.0057 
Epoch 116/200

[1m1/8[0m [32m━━[0m[37m━━━━━━━━━━━━━━━━━━[0m [1m0s[0m 21ms/step - loss: 0.0040
[1m8/8[0m [32m━━━━━━━━━━━━━━━━━━━━[0m[37m[0m [1m0s[0m 7ms/step - loss: 0.0039 
[1m8/8[0m [32m━━━━━━━━━━━━━━━━━━━━[0m[37m[0m [1m0s[0m 9ms/step - loss: 0.0045
Epoch 117/200

[1m1/8[0m [32m━━[0m[37m━━━━━━━━━━━━━━━━━━[0m [1m0s[0m 16ms/step - loss: 0.0029
[1m8/8[0m [32m━━━━━━━━━━━━━━━━━━━━[0m[37m[0m [1m0s[0m 7ms/step - loss: 0.0043 
Epoch 118/200

[1m1/8[0m [32m━━[0m[37m━━━━━━━━━━━━━━━━━━[0m [1m0s[0m 15ms/step - loss: 0.0066
[1m8/8[0m [32m━━━━━━━━━━━━━━━━━━━━[0m[37m[0m [1m0s[0m 7ms/step - loss: 0.0048 
Epoch 119/200

[1m1/8[0m [32m━━[0m[37m━━━━━━━━━━━━━━━━━━[0m [1m0s[0m 17ms/step - loss: 0.0018
[1m8/8[0m [32m━━━━━━━━━━━━━━━━━━━━[0m[37m[0m [1m0s[0m 8ms/step - loss: 0.0035 
[1m8/8[0m [32m━━━━━━━━━━━━━━━━━━━━[0m[37m[0m [1m0s[0m 9ms/step - loss: 0.0045
Epoch 120/200

[1m1/8[0m [32m━━[0m[37m━━━━━━━━━━━━━━━━━━[0m [1m0s[0m 17ms/step - loss: 0.0052
[1m8/8[0m [32m━━━━━━━━━━━━━━━━━━━━[0m[37m[0m [1m0s[0m 7ms/step - loss: 0.0045 
Epoch 121/200

[1m1/8[0m [32m━━[0m[37m━━━━━━━━━━━━━━━━━━[0m [1m0s[0m 15ms/step - loss: 0.0056
[1m8/8[0m [32m━━━━━━━━━━━━━━━━━━━━[0m[37m[0m [1m0s[0m 8ms/step - loss: 0.0042 
Epoch 122/200

[1m1/8[0m [32m━━[0m[37m━━━━━━━━━━━━━━━━━━[0m [1m0s[0m 20ms/step - loss: 0.0037
[1m8/8[0m [32m━━━━━━━━━━━━━━━━━━━━[0m[37m[0m [1m0s[0m 7ms/step - loss: 0.0046 
Epoch 123/200

[1m1/8[0m [32m━━[0m[37m━━━━━━━━━━━━━━━━━━[0m [1m0s[0m 17ms/step - loss: 0.0065
[1m7/8[0m [32m━━━━━━━━━━━━━━━━━[0m[37m━━━[0m [1m0s[0m 10ms/step - loss: 0.0053
[1m8/8[0m [32m━━━━━━━━━━━━━━━━━━━━[0m[37m[0m [1m0s[0m 10ms/step - loss: 0.0048
Epoch 124/200

[1m1/8[0m [32m━━[0m[37m━━━━━━━━━━━━━━━━━━[0m [1m0s[0m 15ms/step - loss: 0.0077
[1m8/8[0m [32m━━━━━━━━━━━━━━━━━━━━[0m[37m[0m [1m0s[0m 8ms/step - loss: 0.0047 
Epoch 125/200

[1m1/8[0m [32m━━[0m[37m━━━━━━━━━━━━━━━━━━[0m [1m0s[0m 15ms/step - loss: 0.0048
[1m8/8[0m [32m━━━━━━━━━━━━━━━━━━━━[0m[37m[0m [1m0s[0m 7ms/step - loss: 0.0048 
Epoch 126/200

[1m1/8[0m [32m━━[0m[37m━━━━━━━━━━━━━━━━━━[0m [1m0s[0m 17ms/step - loss: 0.0065
[1m8/8[0m [32m━━━━━━━━━━━━━━━━━━━━[0m[37m[0m [1m0s[0m 7ms/step - loss: 0.0052 
Epoch 127/200

[1m1/8[0m [32m━━[0m[37m━━━━━━━━━━━━━━━━━━[0m [1m0s[0m 15ms/step - loss: 0.0028
[1m8/8[0m [32m━━━━━━━━━━━━━━━━━━━━[0m[37m[0m [1m0s[0m 7ms/step - loss: 0.0040 
[1m8/8[0m [32m━━━━━━━━━━━━━━━━━━━━[0m[37m[0m [1m0s[0m 10ms/step - loss: 0.0045
Epoch 128/200

[1m1/8[0m [32m━━[0m[37m━━━━━━━━━━━━━━━━━━[0m [1m0s[0m 22ms/step - loss: 0.0042
[1m8/8[0m [32m━━━━━━━━━━━━━━━━━━━━[0m[37m[0m [1m0s[0m 8ms/step - loss: 0.0052 
Epoch 129/200

[1m1/8[0m [32m━━[0m[37m━━━━━━━━━━━━━━━━━━[0m [1m0s[0m 24ms/step - loss: 0.0021
[1m8/8[0m [32m━━━━━━━━━━━━━━━━━━━━[0m[37m[0m [1m0s[0m 9ms/step - loss: 0.0047 
Epoch 130/200

[1m1/8[0m [32m━━[0m[37m━━━━━━━━━━━━━━━━━━[0m [1m0s[0m 22ms/step - loss: 0.0051
[1m8/8[0m [32m━━━━━━━━━━━━━━━━━━━━[0m[37m[0m [1m0s[0m 8ms/step - loss: 0.0041 
Epoch 131/200

[1m1/8[0m [32m━━[0m[37m━━━━━━━━━━━━━━━━━━[0m [1m0s[0m 18ms/step - loss: 0.0053
[1m8/8[0m [32m━━━━━━━━━━━━━━━━━━━━[0m[37m[0m [1m0s[0m 9ms/step - loss: 0.0047 
Epoch 132/200

[1m1/8[0m [32m━━[0m[37m━━━━━━━━━━━━━━━━━━[0m [1m0s[0m 22ms/step - loss: 0.0077
[1m8/8[0m [32m━━━━━━━━━━━━━━━━━━━━[0m[37m[0m [1m0s[0m 7ms/step - loss: 0.0041 
Epoch 133/200

[1m1/8[0m [32m━━[0m[37m━━━━━━━━━━━━━━━━━━[0m [1m0s[0m 15ms/step - loss: 0.0047
[1m8/8[0m [32m━━━━━━━━━━━━━━━━━━━━[0m[37m[0m [1m0s[0m 7ms/step - loss: 0.0044 
Epoch 134/200

[1m1/8[0m [32m━━[0m[37m━━━━━━━━━━━━━━━━━━[0m [1m0s[0m 17ms/step - loss: 0.0062
[1m8/8[0m [32m━━━━━━━━━━━━━━━━━━━━[0m[37m[0m [1m0s[0m 8ms/step - loss: 0.0041 
Epoch 135/200

[1m1/8[0m [32m━━[0m[37m━━━━━━━━━━━━━━━━━━[0m [1m0s[0m 16ms/step - loss: 0.0048
[1m8/8[0m [32m━━━━━━━━━━━━━━━━━━━━[0m[37m[0m [1m0s[0m 9ms/step - loss: 0.0046 
Epoch 136/200

[1m1/8[0m [32m━━[0m[37m━━━━━━━━━━━━━━━━━━[0m [1m0s[0m 21ms/step - loss: 0.0023
[1m8/8[0m [32m━━━━━━━━━━━━━━━━━━━━[0m[37m[0m [1m0s[0m 9ms/step - loss: 0.0043 
Epoch 137/200

[1m1/8[0m [32m━━[0m[37m━━━━━━━━━━━━━━━━━━[0m [1m0s[0m 22ms/step - loss: 0.0117
[1m8/8[0m [32m━━━━━━━━━━━━━━━━━━━━[0m[37m[0m [1m0s[0m 7ms/step - loss: 0.0049 
Epoch 138/200

[1m1/8[0m [32m━━[0m[37m━━━━━━━━━━━━━━━━━━[0m [1m0s[0m 15ms/step - loss: 0.0070
[1m8/8[0m [32m━━━━━━━━━━━━━━━━━━━━[0m[37m[0m [1m0s[0m 8ms/step - loss: 0.0048 
Epoch 139/200

[1m1/8[0m [32m━━[0m[37m━━━━━━━━━━━━━━━━━━[0m [1m0s[0m 15ms/step - loss: 0.0041
[1m8/8[0m [32m━━━━━━━━━━━━━━━━━━━━[0m[37m[0m [1m0s[0m 8ms/step - loss: 0.0048 
Epoch 140/200

[1m1/8[0m [32m━━[0m[37m━━━━━━━━━━━━━━━━━━[0m [1m0s[0m 16ms/step - loss: 0.0028
[1m8/8[0m [32m━━━━━━━━━━━━━━━━━━━━[0m[37m[0m [1m0s[0m 7ms/step - loss: 0.0049 
Epoch 141/200

[1m1/8[0m [32m━━[0m[37m━━━━━━━━━━━━━━━━━━[0m [1m0s[0m 16ms/step - loss: 0.0049
[1m8/8[0m [32m━━━━━━━━━━━━━━━━━━━━[0m[37m[0m [1m0s[0m 8ms/step - loss: 0.0044 
Epoch 142/200

[1m1/8[0m [32m━━[0m[37m━━━━━━━━━━━━━━━━━━[0m [1m0s[0m 16ms/step - loss: 0.0022
[1m8/8[0m [32m━━━━━━━━━━━━━━━━━━━━[0m[37m[0m [1m0s[0m 9ms/step - loss: 0.0040 
Epoch 143/200

[1m1/8[0m [32m━━[0m[37m━━━━━━━━━━━━━━━━━━[0m [1m0s[0m 22ms/step - loss: 0.0040
[1m8/8[0m [32m━━━━━━━━━━━━━━━━━━━━[0m[37m[0m [1m0s[0m 9ms/step - loss: 0.0045 
Epoch 144/200

[1m1/8[0m [32m━━[0m[37m━━━━━━━━━━━━━━━━━━[0m [1m0s[0m 22ms/step - loss: 0.0087
[1m8/8[0m [32m━━━━━━━━━━━━━━━━━━━━[0m[37m[0m [1m0s[0m 8ms/step - loss: 0.0054 
Epoch 145/200

[1m1/8[0m [32m━━[0m[37m━━━━━━━━━━━━━━━━━━[0m [1m0s[0m 17ms/step - loss: 0.0023
[1m8/8[0m [32m━━━━━━━━━━━━━━━━━━━━[0m[37m[0m [1m0s[0m 8ms/step - loss: 0.0042 
Epoch 146/200

[1m1/8[0m [32m━━[0m[37m━━━━━━━━━━━━━━━━━━[0m [1m0s[0m 20ms/step - loss: 0.0038
[1m8/8[0m [32m━━━━━━━━━━━━━━━━━━━━[0m[37m[0m [1m0s[0m 7ms/step - loss: 0.0042 
[1m8/8[0m [32m━━━━━━━━━━━━━━━━━━━━[0m[37m[0m [1m0s[0m 8ms/step - loss: 0.0051
Epoch 147/200

[1m1/8[0m [32m━━[0m[37m━━━━━━━━━━━━━━━━━━[0m [1m0s[0m 16ms/step - loss: 0.0044
[1m8/8[0m [32m━━━━━━━━━━━━━━━━━━━━[0m[37m[0m [1m0s[0m 7ms/step - loss: 0.0046 
Epoch 148/200

[1m1/8[0m [32m━━[0m[37m━━━━━━━━━━━━━━━━━━[0m [1m0s[0m 17ms/step - loss: 0.0034
[1m8/8[0m [32m━━━━━━━━━━━━━━━━━━━━[0m[37m[0m [1m0s[0m 8ms/step - loss: 0.0041 
Epoch 149/200

[1m1/8[0m [32m━━[0m[37m━━━━━━━━━━━━━━━━━━[0m [1m0s[0m 20ms/step - loss: 0.0038
[1m8/8[0m [32m━━━━━━━━━━━━━━━━━━━━[0m[37m[0m [1m0s[0m 9ms/step - loss: 0.0042 
Epoch 150/200

[1m1/8[0m [32m━━[0m[37m━━━━━━━━━━━━━━━━━━[0m [1m0s[0m 28ms/step - loss: 0.0091
[1m8/8[0m [32m━━━━━━━━━━━━━━━━━━━━[0m[37m[0m [1m0s[0m 8ms/step - loss: 0.0044 
Epoch 151/200

[1m1/8[0m [32m━━[0m[37m━━━━━━━━━━━━━━━━━━[0m [1m0s[0m 20ms/step - loss: 0.0045
[1m8/8[0m [32m━━━━━━━━━━━━━━━━━━━━[0m[37m[0m [1m0s[0m 8ms/step - loss: 0.0042 
Epoch 152/200

[1m1/8[0m [32m━━[0m[37m━━━━━━━━━━━━━━━━━━[0m [1m0s[0m 17ms/step - loss: 0.0050
[1m8/8[0m [32m━━━━━━━━━━━━━━━━━━━━[0m[37m[0m [1m0s[0m 9ms/step - loss: 0.0052 
Epoch 153/200

[1m1/8[0m [32m━━[0m[37m━━━━━━━━━━━━━━━━━━[0m [1m0s[0m 22ms/step - loss: 0.0046
[1m8/8[0m [32m━━━━━━━━━━━━━━━━━━━━[0m[37m[0m [1m0s[0m 9ms/step - loss: 0.0055 
Epoch 154/200

[1m1/8[0m [32m━━[0m[37m━━━━━━━━━━━━━━━━━━[0m [1m0s[0m 22ms/step - loss: 0.0064
[1m8/8[0m [32m━━━━━━━━━━━━━━━━━━━━[0m[37m[0m [1m0s[0m 8ms/step - loss: 0.0054 
Epoch 155/200

[1m1/8[0m [32m━━[0m[37m━━━━━━━━━━━━━━━━━━[0m [1m0s[0m 19ms/step - loss: 0.0065
[1m8/8[0m [32m━━━━━━━━━━━━━━━━━━━━[0m[37m[0m [1m0s[0m 7ms/step - loss: 0.0048 
Epoch 156/200

[1m1/8[0m [32m━━[0m[37m━━━━━━━━━━━━━━━━━━[0m [1m0s[0m 17ms/step - loss: 0.0080
[1m8/8[0m [32m━━━━━━━━━━━━━━━━━━━━[0m[37m[0m [1m0s[0m 8ms/step - loss: 0.0040 
Epoch 157/200

[1m1/8[0m [32m━━[0m[37m━━━━━━━━━━━━━━━━━━[0m [1m0s[0m 21ms/step - loss: 0.0036
[1m8/8[0m [32m━━━━━━━━━━━━━━━━━━━━[0m[37m[0m [1m0s[0m 8ms/step - loss: 0.0043 
Epoch 158/200

[1m1/8[0m [32m━━[0m[37m━━━━━━━━━━━━━━━━━━[0m [1m0s[0m 20ms/step - loss: 0.0039
[1m8/8[0m [32m━━━━━━━━━━━━━━━━━━━━[0m[37m[0m [1m0s[0m 7ms/step - loss: 0.0044 
Epoch 159/200

[1m1/8[0m [32m━━[0m[37m━━━━━━━━━━━━━━━━━━[0m [1m0s[0m 15ms/step - loss: 0.0018
[1m8/8[0m [32m━━━━━━━━━━━━━━━━━━━━[0m[37m[0m [1m0s[0m 8ms/step - loss: 0.0044 
Epoch 160/200

[1m1/8[0m [32m━━[0m[37m━━━━━━━━━━━━━━━━━━[0m [1m0s[0m 20ms/step - loss: 0.0033
[1m8/8[0m [32m━━━━━━━━━━━━━━━━━━━━[0m[37m[0m [1m0s[0m 7ms/step - loss: 0.0048 
Epoch 161/200

[1m1/8[0m [32m━━[0m[37m━━━━━━━━━━━━━━━━━━[0m [1m0s[0m 16ms/step - loss: 0.0025
[1m8/8[0m [32m━━━━━━━━━━━━━━━━━━━━[0m[37m[0m [1m0s[0m 7ms/step - loss: 0.0038 
Epoch 162/200

[1m1/8[0m [32m━━[0m[37m━━━━━━━━━━━━━━━━━━[0m [1m0s[0m 17ms/step - loss: 0.0044
[1m8/8[0m [32m━━━━━━━━━━━━━━━━━━━━[0m[37m[0m [1m0s[0m 7ms/step - loss: 0.0043 
Epoch 163/200

[1m1/8[0m [32m━━[0m[37m━━━━━━━━━━━━━━━━━━[0m [1m0s[0m 17ms/step - loss: 0.0032
[1m8/8[0m [32m━━━━━━━━━━━━━━━━━━━━[0m[37m[0m [1m0s[0m 7ms/step - loss: 0.0036 
Epoch 164/200

[1m1/8[0m [32m━━[0m[37m━━━━━━━━━━━━━━━━━━[0m [1m0s[0m 16ms/step - loss: 0.0066
[1m8/8[0m [32m━━━━━━━━━━━━━━━━━━━━[0m[37m[0m [1m0s[0m 9ms/step - loss: 0.0044 
Epoch 165/200

[1m1/8[0m [32m━━[0m[37m━━━━━━━━━━━━━━━━━━[0m [1m0s[0m 23ms/step - loss: 0.0051
[1m8/8[0m [32m━━━━━━━━━━━━━━━━━━━━[0m[37m[0m [1m0s[0m 8ms/step - loss: 0.0048 
Epoch 166/200

[1m1/8[0m [32m━━[0m[37m━━━━━━━━━━━━━━━━━━[0m [1m0s[0m 16ms/step - loss: 0.0103
[1m8/8[0m [32m━━━━━━━━━━━━━━━━━━━━[0m[37m[0m [1m0s[0m 7ms/step - loss: 0.0063 
[1m8/8[0m [32m━━━━━━━━━━━━━━━━━━━━[0m[37m[0m [1m0s[0m 9ms/step - loss: 0.0046
Epoch 167/200

[1m1/8[0m [32m━━[0m[37m━━━━━━━━━━━━━━━━━━[0m [1m0s[0m 19ms/step - loss: 0.0030
[1m8/8[0m [32m━━━━━━━━━━━━━━━━━━━━[0m[37m[0m [1m0s[0m 8ms/step - loss: 0.0042 
Epoch 168/200

[1m1/8[0m [32m━━[0m[37m━━━━━━━━━━━━━━━━━━[0m [1m0s[0m 16ms/step - loss: 0.0091
[1m8/8[0m [32m━━━━━━━━━━━━━━━━━━━━[0m[37m[0m [1m0s[0m 7ms/step - loss: 0.0044 
Epoch 169/200

[1m1/8[0m [32m━━[0m[37m━━━━━━━━━━━━━━━━━━[0m [1m0s[0m 17ms/step - loss: 0.0079
[1m8/8[0m [32m━━━━━━━━━━━━━━━━━━━━[0m[37m[0m [1m0s[0m 8ms/step - loss: 0.0050 
[1m8/8[0m [32m━━━━━━━━━━━━━━━━━━━━[0m[37m[0m [1m0s[0m 10ms/step - loss: 0.0043
Epoch 170/200

[1m1/8[0m [32m━━[0m[37m━━━━━━━━━━━━━━━━━━[0m [1m0s[0m 22ms/step - loss: 0.0023
[1m8/8[0m [32m━━━━━━━━━━━━━━━━━━━━[0m[37m[0m [1m0s[0m 8ms/step - loss: 0.0045 
Epoch 171/200

[1m1/8[0m [32m━━[0m[37m━━━━━━━━━━━━━━━━━━[0m [1m0s[0m 15ms/step - loss: 0.0076
[1m8/8[0m [32m━━━━━━━━━━━━━━━━━━━━[0m[37m[0m [1m0s[0m 8ms/step - loss: 0.0042 
Epoch 172/200

[1m1/8[0m [32m━━[0m[37m━━━━━━━━━━━━━━━━━━[0m [1m0s[0m 18ms/step - loss: 0.0063
[1m8/8[0m [32m━━━━━━━━━━━━━━━━━━━━[0m[37m[0m [1m0s[0m 8ms/step - loss: 0.0050 
[1m8/8[0m [32m━━━━━━━━━━━━━━━━━━━━[0m[37m[0m [1m0s[0m 9ms/step - loss: 0.0042
Epoch 173/200

[1m1/8[0m [32m━━[0m[37m━━━━━━━━━━━━━━━━━━[0m [1m0s[0m 16ms/step - loss: 0.0014
[1m8/8[0m [32m━━━━━━━━━━━━━━━━━━━━[0m[37m[0m [1m0s[0m 7ms/step - loss: 0.0043 
Epoch 174/200

[1m1/8[0m [32m━━[0m[37m━━━━━━━━━━━━━━━━━━[0m [1m0s[0m 19ms/step - loss: 0.0025
[1m8/8[0m [32m━━━━━━━━━━━━━━━━━━━━[0m[37m[0m [1m0s[0m 7ms/step - loss: 0.0042 
Epoch 175/200

[1m1/8[0m [32m━━[0m[37m━━━━━━━━━━━━━━━━━━[0m [1m0s[0m 15ms/step - loss: 0.0103
[1m8/8[0m [32m━━━━━━━━━━━━━━━━━━━━[0m[37m[0m [1m0s[0m 8ms/step - loss: 0.0045 
Epoch 176/200

[1m1/8[0m [32m━━[0m[37m━━━━━━━━━━━━━━━━━━[0m [1m0s[0m 16ms/step - loss: 0.0092
[1m8/8[0m [32m━━━━━━━━━━━━━━━━━━━━[0m[37m[0m [1m0s[0m 9ms/step - loss: 0.0046 
Epoch 177/200

[1m1/8[0m [32m━━[0m[37m━━━━━━━━━━━━━━━━━━[0m [1m0s[0m 23ms/step - loss: 0.0032
[1m8/8[0m [32m━━━━━━━━━━━━━━━━━━━━[0m[37m[0m [1m0s[0m 8ms/step - loss: 0.0041 
Epoch 178/200

[1m1/8[0m [32m━━[0m[37m━━━━━━━━━━━━━━━━━━[0m [1m0s[0m 20ms/step - loss: 0.0018
[1m8/8[0m [32m━━━━━━━━━━━━━━━━━━━━[0m[37m[0m [1m0s[0m 8ms/step - loss: 0.0047 
Epoch 179/200

[1m1/8[0m [32m━━[0m[37m━━━━━━━━━━━━━━━━━━[0m [1m0s[0m 19ms/step - loss: 0.0038
[1m8/8[0m [32m━━━━━━━━━━━━━━━━━━━━[0m[37m[0m [1m0s[0m 8ms/step - loss: 0.0043 
Epoch 180/200

[1m1/8[0m [32m━━[0m[37m━━━━━━━━━━━━━━━━━━[0m [1m0s[0m 19ms/step - loss: 0.0037
[1m8/8[0m [32m━━━━━━━━━━━━━━━━━━━━[0m[37m[0m [1m0s[0m 7ms/step - loss: 0.0043 
Epoch 181/200

[1m1/8[0m [32m━━[0m[37m━━━━━━━━━━━━━━━━━━[0m [1m0s[0m 15ms/step - loss: 0.0046
[1m8/8[0m [32m━━━━━━━━━━━━━━━━━━━━[0m[37m[0m [1m0s[0m 8ms/step - loss: 0.0042 
Epoch 182/200

[1m1/8[0m [32m━━[0m[37m━━━━━━━━━━━━━━━━━━[0m [1m0s[0m 21ms/step - loss: 0.0057
[1m8/8[0m [32m━━━━━━━━━━━━━━━━━━━━[0m[37m[0m [1m0s[0m 8ms/step - loss: 0.0042 
Epoch 183/200

[1m1/8[0m [32m━━[0m[37m━━━━━━━━━━━━━━━━━━[0m [1m0s[0m 20ms/step - loss: 0.0026
[1m8/8[0m [32m━━━━━━━━━━━━━━━━━━━━[0m[37m[0m [1m0s[0m 8ms/step - loss: 0.0041 
Epoch 184/200

[1m1/8[0m [32m━━[0m[37m━━━━━━━━━━━━━━━━━━[0m [1m0s[0m 21ms/step - loss: 0.0041
[1m8/8[0m [32m━━━━━━━━━━━━━━━━━━━━[0m[37m[0m [1m0s[0m 9ms/step - loss: 0.0043 
Epoch 185/200

[1m1/8[0m [32m━━[0m[37m━━━━━━━━━━━━━━━━━━[0m [1m0s[0m 21ms/step - loss: 0.0031
[1m8/8[0m [32m━━━━━━━━━━━━━━━━━━━━[0m[37m[0m [1m0s[0m 7ms/step - loss: 0.0040 
[1m8/8[0m [32m━━━━━━━━━━━━━━━━━━━━[0m[37m[0m [1m0s[0m 9ms/step - loss: 0.0042
Epoch 186/200

[1m1/8[0m [32m━━[0m[37m━━━━━━━━━━━━━━━━━━[0m [1m0s[0m 20ms/step - loss: 0.0076
[1m6/8[0m [32m━━━━━━━━━━━━━━━[0m[37m━━━━━[0m [1m0s[0m 11ms/step - loss: 0.0050
[1m8/8[0m [32m━━━━━━━━━━━━━━━━━━━━[0m[37m[0m [1m0s[0m 12ms/step - loss: 0.0041
Epoch 187/200

[1m1/8[0m [32m━━[0m[37m━━━━━━━━━━━━━━━━━━[0m [1m0s[0m 30ms/step - loss: 0.0025
[1m8/8[0m [32m━━━━━━━━━━━━━━━━━━━━[0m[37m[0m [1m0s[0m 8ms/step - loss: 0.0034 
[1m8/8[0m [32m━━━━━━━━━━━━━━━━━━━━[0m[37m[0m [1m0s[0m 10ms/step - loss: 0.0040
Epoch 188/200

[1m1/8[0m [32m━━[0m[37m━━━━━━━━━━━━━━━━━━[0m [1m0s[0m 24ms/step - loss: 0.0029
[1m8/8[0m [32m━━━━━━━━━━━━━━━━━━━━[0m[37m[0m [1m0s[0m 7ms/step - loss: 0.0041 
Epoch 189/200

[1m1/8[0m [32m━━[0m[37m━━━━━━━━━━━━━━━━━━[0m [1m0s[0m 17ms/step - loss: 0.0043
[1m8/8[0m [32m━━━━━━━━━━━━━━━━━━━━[0m[37m[0m [1m0s[0m 8ms/step - loss: 0.0047 
Epoch 190/200

[1m1/8[0m [32m━━[0m[37m━━━━━━━━━━━━━━━━━━[0m [1m0s[0m 17ms/step - loss: 0.0023
[1m8/8[0m [32m━━━━━━━━━━━━━━━━━━━━[0m[37m[0m [1m0s[0m 8ms/step - loss: 0.0032 
[1m8/8[0m [32m━━━━━━━━━━━━━━━━━━━━[0m[37m[0m [1m0s[0m 9ms/step - loss: 0.0040
Epoch 191/200

[1m1/8[0m [32m━━[0m[37m━━━━━━━━━━━━━━━━━━[0m [1m0s[0m 17ms/step - loss: 0.0035
[1m8/8[0m [32m━━━━━━━━━━━━━━━━━━━━[0m[37m[0m [1m0s[0m 7ms/step - loss: 0.0044 
Epoch 192/200

[1m1/8[0m [32m━━[0m[37m━━━━━━━━━━━━━━━━━━[0m [1m0s[0m 18ms/step - loss: 0.0056
[1m8/8[0m [32m━━━━━━━━━━━━━━━━━━━━[0m[37m[0m [1m0s[0m 8ms/step - loss: 0.0043 
Epoch 193/200

[1m1/8[0m [32m━━[0m[37m━━━━━━━━━━━━━━━━━━[0m [1m0s[0m 18ms/step - loss: 0.0048
[1m8/8[0m [32m━━━━━━━━━━━━━━━━━━━━[0m[37m[0m [1m0s[0m 8ms/step - loss: 0.0037 
Epoch 194/200

[1m1/8[0m [32m━━[0m[37m━━━━━━━━━━━━━━━━━━[0m [1m0s[0m 18ms/step - loss: 0.0038
[1m8/8[0m [32m━━━━━━━━━━━━━━━━━━━━[0m[37m[0m [1m0s[0m 8ms/step - loss: 0.0045 
[1m8/8[0m [32m━━━━━━━━━━━━━━━━━━━━[0m[37m[0m [1m0s[0m 10ms/step - loss: 0.0040
Epoch 195/200

[1m1/8[0m [32m━━[0m[37m━━━━━━━━━━━━━━━━━━[0m [1m0s[0m 22ms/step - loss: 0.0039
[1m8/8[0m [32m━━━━━━━━━━━━━━━━━━━━[0m[37m[0m [1m0s[0m 8ms/step - loss: 0.0041 
Epoch 196/200

[1m1/8[0m [32m━━[0m[37m━━━━━━━━━━━━━━━━━━[0m [1m0s[0m 17ms/step - loss: 0.0032
[1m8/8[0m [32m━━━━━━━━━━━━━━━━━━━━[0m[37m[0m [1m0s[0m 8ms/step - loss: 0.0043 
[1m8/8[0m [32m━━━━━━━━━━━━━━━━━━━━[0m[37m[0m [1m0s[0m 9ms/step - loss: 0.0042
Epoch 197/200

[1m1/8[0m [32m━━[0m[37m━━━━━━━━━━━━━━━━━━[0m [1m0s[0m 17ms/step - loss: 0.0028
[1m8/8[0m [32m━━━━━━━━━━━━━━━━━━━━[0m[37m[0m [1m0s[0m 7ms/step - loss: 0.0034 
Epoch 198/200

[1m1/8[0m [32m━━[0m[37m━━━━━━━━━━━━━━━━━━[0m [1m0s[0m 18ms/step - loss: 0.0019
[1m8/8[0m [32m━━━━━━━━━━━━━━━━━━━━[0m[37m[0m [1m0s[0m 7ms/step - loss: 0.0042 
Epoch 199/200

[1m1/8[0m [32m━━[0m[37m━━━━━━━━━━━━━━━━━━[0m [1m0s[0m 18ms/step - loss: 0.0038
[1m8/8[0m [32m━━━━━━━━━━━━━━━━━━━━[0m[37m[0m [1m0s[0m 7ms/step - loss: 0.0044 
Epoch 200/200

[1m1/8[0m [32m━━[0m[37m━━━━━━━━━━━━━━━━━━[0m [1m0s[0m 18ms/step - loss: 0.0016
[1m8/8[0m [32m━━━━━━━━━━━━━━━━━━━━[0m[37m[0m [1m0s[0m 9ms/step - loss: 0.0038 
Using bucket name: missingtimestamp
Bucket missingtimestamp created.
Uploading device1.keras to bucket missingtimestamp...
device1.keras uploaded to bucket missingtimestamp.
Uploading scaler to bucket missingtimestamp...
scaler.save uploaded to bucket missingtimestamp.

Model path is:  2025-12-08-00-00-00-2025-12-08-00-09-59-model
Triggering forecasting with retrained model
Forecasting.py script logs
Database connection established
Value of --retrain flag: True

Forecasting for retrained model using device1/2025-12-08-00-00-00-2025-12-08-00-09-59-model/device1.keras and device1/2025-12-08-00-00-00-2025-12-08-00-09-59-model/scaler.save
Successfully downloaded model and scaler from S3

Actual values fetched from database
    sensor_id  sensor_energy_value    sensor_timestamp  message_delay
0           1               1667.0 2025-12-08 00:09:00        59067.0
1           1               1669.8 2025-12-08 00:09:01        58066.0
2           1               1667.8 2025-12-08 00:09:02        57066.0
3           1               1670.5 2025-12-08 00:09:03        56065.0
4           1               1670.8 2025-12-08 00:09:04        55064.0
5           1               1667.7 2025-12-08 00:09:05        54064.0
6           1               1669.1 2025-12-08 00:09:06        53063.0
7           1               1665.4 2025-12-08 00:09:07        52062.0
8           1               1668.6 2025-12-08 00:09:08        51061.0
9           1               1669.6 2025-12-08 00:09:09        50060.0
10          1               1668.8 2025-12-08 00:09:10        49058.0
11          1               1665.3 2025-12-08 00:09:11        48057.0
12          1               1669.2 2025-12-08 00:09:12        47056.0
13          1               1667.8 2025-12-08 00:09:13        46055.0
14          1               1668.1 2025-12-08 00:09:14        45054.0
15          1               1672.6 2025-12-08 00:09:15        44053.0
16          1               1672.6 2025-12-08 00:09:16        43052.0
17          1               1677.4 2025-12-08 00:09:17        42051.0
18          1               1672.4 2025-12-08 00:09:18        41050.0
19          1               1674.1 2025-12-08 00:09:19        40050.0
20          1               1674.4 2025-12-08 00:09:20        39049.0
21          1               1678.0 2025-12-08 00:09:21        38048.0
22          1               1666.0 2025-12-08 00:09:22        37047.0
23          1               1679.3 2025-12-08 00:09:23        36046.0
24          1               1672.2 2025-12-08 00:09:24        35045.0
25          1               1671.7 2025-12-08 00:09:25        34045.0
26          1               1672.4 2025-12-08 00:09:26        33044.0
27          1               1673.0 2025-12-08 00:09:27        32043.0
28          1               1674.5 2025-12-08 00:09:28        31042.0
29          1               1673.5 2025-12-08 00:09:29        30042.0
30          1               1673.1 2025-12-08 00:09:30        29041.0
31          1               1691.0 2025-12-08 00:09:31        28040.0
32          1               1671.8 2025-12-08 00:09:32        27039.0
33          1               1674.1 2025-12-08 00:09:33        26037.0
34          1               1669.5 2025-12-08 00:09:34        25037.0
35          1               1672.9 2025-12-08 00:09:35        24035.0
36          1               1677.3 2025-12-08 00:09:36        23034.0
37          1               1676.4 2025-12-08 00:09:37        22033.0
38          1               1676.4 2025-12-08 00:09:38        21032.0
39          1               1673.4 2025-12-08 00:09:39        20031.0
40          1               1674.6 2025-12-08 00:09:40        19030.0
41          1               1674.0 2025-12-08 00:09:41        18028.0
42          1               1681.9 2025-12-08 00:09:42        17027.0
43          1               1672.1 2025-12-08 00:09:43        16026.0
44          1               1672.7 2025-12-08 00:09:44        15026.0
45          1               1668.9 2025-12-08 00:09:45        14024.0
46          1               1674.2 2025-12-08 00:09:46        13023.0
47          1               1672.6 2025-12-08 00:09:47        12023.0
48          1               1675.3 2025-12-08 00:09:48        11022.0
49          1               1668.3 2025-12-08 00:09:49        10021.0
50          1               1671.2 2025-12-08 00:09:50         9020.0
51          1               1689.8 2025-12-08 00:09:51         8019.0
52          1               1674.0 2025-12-08 00:09:52         7018.0
53          1               1671.6 2025-12-08 00:09:53         6017.0
54          1               1672.1 2025-12-08 00:09:54         5015.0
55          1               1669.2 2025-12-08 00:09:55         4014.0
56          1               1673.9 2025-12-08 00:09:56         3013.0
57          1               1684.4 2025-12-08 00:09:57         2012.0
58          1               1674.8 2025-12-08 00:09:58         1011.0
59          1               1675.1 2025-12-08 00:09:59           10.0
Forecasted values:
    sensor_id  sensor_energy_value_prediction    sensor_timestamp
0           1                     1679.757324 2025-12-08 00:10:00
1           1                     1680.530151 2025-12-08 00:10:01
2           1                     1681.242065 2025-12-08 00:10:02
3           1                     1681.921509 2025-12-08 00:10:03
4           1                     1682.575684 2025-12-08 00:10:04
5           1                     1683.211182 2025-12-08 00:10:05
6           1                     1683.831543 2025-12-08 00:10:06
7           1                     1684.441162 2025-12-08 00:10:07
8           1                     1685.042603 2025-12-08 00:10:08
9           1                     1685.637451 2025-12-08 00:10:09
10          1                     1686.227905 2025-12-08 00:10:10
11          1                     1686.814331 2025-12-08 00:10:11
12          1                     1687.397583 2025-12-08 00:10:12
13          1                     1687.978149 2025-12-08 00:10:13
14          1                     1688.556396 2025-12-08 00:10:14
15          1                     1689.132202 2025-12-08 00:10:15
16          1                     1689.705811 2025-12-08 00:10:16
17          1                     1690.277466 2025-12-08 00:10:17
18          1                     1690.846924 2025-12-08 00:10:18
19          1                     1691.414307 2025-12-08 00:10:19
20          1                     1691.979736 2025-12-08 00:10:20
21          1                     1692.542725 2025-12-08 00:10:21
22          1                     1693.103638 2025-12-08 00:10:22
23          1                     1693.662476 2025-12-08 00:10:23
24          1                     1694.218994 2025-12-08 00:10:24
25          1                     1694.773315 2025-12-08 00:10:25
26          1                     1695.325317 2025-12-08 00:10:26
27          1                     1695.875122 2025-12-08 00:10:27
28          1                     1696.422607 2025-12-08 00:10:28
29          1                     1696.967529 2025-12-08 00:10:29
30          1                     1697.510376 2025-12-08 00:10:30
31          1                     1698.050781 2025-12-08 00:10:31
32          1                     1698.588867 2025-12-08 00:10:32
33          1                     1699.124512 2025-12-08 00:10:33
34          1                     1699.657715 2025-12-08 00:10:34
35          1                     1700.188477 2025-12-08 00:10:35
36          1                     1700.716797 2025-12-08 00:10:36
37          1                     1701.242554 2025-12-08 00:10:37
38          1                     1701.765747 2025-12-08 00:10:38
39          1                     1702.286621 2025-12-08 00:10:39
40          1                     1702.805054 2025-12-08 00:10:40
41          1                     1703.320679 2025-12-08 00:10:41
42          1                     1703.833740 2025-12-08 00:10:42
43          1                     1704.344360 2025-12-08 00:10:43
44          1                     1704.852173 2025-12-08 00:10:44
45          1                     1705.357422 2025-12-08 00:10:45
46          1                     1705.859985 2025-12-08 00:10:46
47          1                     1706.359863 2025-12-08 00:10:47
48          1                     1706.856812 2025-12-08 00:10:48
49          1                     1707.351318 2025-12-08 00:10:49
50          1                     1707.842896 2025-12-08 00:10:50
51          1                     1708.331909 2025-12-08 00:10:51
52          1                     1708.817993 2025-12-08 00:10:52
53          1                     1709.301147 2025-12-08 00:10:53
54          1                     1709.781982 2025-12-08 00:10:54
55          1                     1710.259644 2025-12-08 00:10:55
56          1                     1710.734375 2025-12-08 00:10:56
57          1                     1711.206421 2025-12-08 00:10:57
58          1                     1711.675659 2025-12-08 00:10:58
59          1                     1712.142090 2025-12-08 00:10:59
Forecasted values inserted into database
Exiting forecasting script

No new messages received yet.Trying again...
No new messages received yet.Trying again...
No new messages received yet.Trying again...
No new messages received yet.Trying again...
No new messages received yet.Trying again...
No new messages received yet.Trying again...
No new messages received yet.Trying again...
No new messages received yet.Trying again...
No new messages received yet.Trying again...
No new messages received yet.Trying again...
No new messages received yet.Trying again...
No new messages received yet.Trying again...
No new messages received yet.Trying again...
No new messages received yet.Trying again...
No new messages received yet.Trying again...
No new messages received yet.Trying again...
No new messages received yet.Trying again...
No new messages received yet.Trying again...
No new messages received yet.Trying again...
No new messages received yet.Trying again...
No new messages received yet.Trying again...
No new messages received yet.Trying again...

Actual data inserted to database
Triggering forecasting with retrained model
Forecasting.py script logs
Database connection established
Value of --retrain flag: True

Forecasting for retrained model using device1/2025-12-08-00-00-00-2025-12-08-00-09-59-model/device1.keras and device1/2025-12-08-00-00-00-2025-12-08-00-09-59-model/scaler.save
Successfully downloaded model and scaler from S3

Actual values fetched from database
    sensor_id  sensor_energy_value    sensor_timestamp  message_delay
0           1               1679.0 2025-12-08 00:10:00        59059.0
1           1               1674.0 2025-12-08 00:10:01        58059.0
2           1               1679.1 2025-12-08 00:10:02        57058.0
3           1               1681.5 2025-12-08 00:10:03        56057.0
4           1               1678.3 2025-12-08 00:10:04        55057.0
5           1               1678.2 2025-12-08 00:10:05        54056.0
6           1               1677.9 2025-12-08 00:10:06        53055.0
7           1               1674.5 2025-12-08 00:10:07        52055.0
8           1               1501.0 2025-12-08 00:10:08        51054.0
9           1               1507.2 2025-12-08 00:10:09        50053.0
10          1               1512.8 2025-12-08 00:10:10        49053.0
11          1               1517.5 2025-12-08 00:10:11        48052.0
12          1               1470.8 2025-12-08 00:10:12        47052.0
13          1                653.1 2025-12-08 00:10:13        46051.0
14          1                681.6 2025-12-08 00:10:14        45050.0
15          1                687.0 2025-12-08 00:10:15        44049.0
16          1                688.0 2025-12-08 00:10:16        43049.0
17          1                720.3 2025-12-08 00:10:17        42048.0
18          1                688.2 2025-12-08 00:10:18        41048.0
19          1                698.7 2025-12-08 00:10:19        40047.0
20          1                692.2 2025-12-08 00:10:20        39046.0
21          1                689.8 2025-12-08 00:10:21        38046.0
22          1                686.4 2025-12-08 00:10:22        37045.0
23          1                686.7 2025-12-08 00:10:23        36043.0
24          1                686.1 2025-12-08 00:10:24        35042.0
25          1                684.0 2025-12-08 00:10:25        34041.0
26          1                689.7 2025-12-08 00:10:26        33040.0
27          1                686.8 2025-12-08 00:10:27        32038.0
28          1                687.2 2025-12-08 00:10:28        31037.0
29          1                686.0 2025-12-08 00:10:29        30037.0
30          1                686.4 2025-12-08 00:10:30        29036.0
31          1                692.2 2025-12-08 00:10:31        28035.0
32          1                686.4 2025-12-08 00:10:32        27033.0
33          1                690.0 2025-12-08 00:10:33        26032.0
34          1                686.6 2025-12-08 00:10:34        25031.0
35          1                688.5 2025-12-08 00:10:35        24030.0
36          1                688.4 2025-12-08 00:10:36        23029.0
37          1                689.3 2025-12-08 00:10:37        22028.0
38          1                688.1 2025-12-08 00:10:38        21027.0
39          1                689.0 2025-12-08 00:10:39        20026.0
40          1                689.9 2025-12-08 00:10:40        19024.0
41          1                687.9 2025-12-08 00:10:41        18022.0
42          1                691.7 2025-12-08 00:10:42        17021.0
43          1                681.2 2025-12-08 00:10:43        16020.0
44          1                647.7 2025-12-08 00:10:44        15020.0
45          1                541.2 2025-12-08 00:10:45        14019.0
46          1                539.8 2025-12-08 00:10:46        13018.0
47          1                540.2 2025-12-08 00:10:47        12018.0
48          1                547.1 2025-12-08 00:10:48        11017.0
49          1                537.5 2025-12-08 00:10:49        10016.0
50          1                538.8 2025-12-08 00:10:50         9015.0
51          1                542.9 2025-12-08 00:10:51         8014.0
52          1                542.4 2025-12-08 00:10:52         7013.0
53          1                539.4 2025-12-08 00:10:53         6013.0
54          1                539.6 2025-12-08 00:10:54         5011.0
55          1                541.2 2025-12-08 00:10:55         4011.0
56          1                546.4 2025-12-08 00:10:56         3010.0
57          1                605.7 2025-12-08 00:10:57         2009.0
58          1                556.3 2025-12-08 00:10:58         1008.0
59          1                556.6 2025-12-08 00:10:59            7.0
Forecasted values:
    sensor_id  sensor_energy_value_prediction    sensor_timestamp
0           1                      872.299011 2025-12-08 00:11:00
1           1                      909.113098 2025-12-08 00:11:01
2           1                      941.483459 2025-12-08 00:11:02
3           1                      970.820618 2025-12-08 00:11:03
4           1                      997.586182 2025-12-08 00:11:04
5           1                     1022.200928 2025-12-08 00:11:05
6           1                     1045.000732 2025-12-08 00:11:06
7           1                     1066.229126 2025-12-08 00:11:07
8           1                     1086.049438 2025-12-08 00:11:08
9           1                     1104.566528 2025-12-08 00:11:09
10          1                     1121.833252 2025-12-08 00:11:10
11          1                     1137.873901 2025-12-08 00:11:11
12          1                     1152.698120 2025-12-08 00:11:12
13          1                     1166.314575 2025-12-08 00:11:13
14          1                     1178.753174 2025-12-08 00:11:14
15          1                     1190.022217 2025-12-08 00:11:15
16          1                     1200.165283 2025-12-08 00:11:16
17          1                     1209.242310 2025-12-08 00:11:17
18          1                     1217.325195 2025-12-08 00:11:18
19          1                     1224.497070 2025-12-08 00:11:19
20          1                     1230.842163 2025-12-08 00:11:20
21          1                     1236.446045 2025-12-08 00:11:21
22          1                     1241.390381 2025-12-08 00:11:22
23          1                     1245.751099 2025-12-08 00:11:23
24          1                     1249.597656 2025-12-08 00:11:24
25          1                     1252.992432 2025-12-08 00:11:25
26          1                     1255.990967 2025-12-08 00:11:26
27          1                     1258.642090 2025-12-08 00:11:27
28          1                     1260.989380 2025-12-08 00:11:28
29          1                     1263.070679 2025-12-08 00:11:29
30          1                     1264.918945 2025-12-08 00:11:30
31          1                     1266.563843 2025-12-08 00:11:31
32          1                     1268.030273 2025-12-08 00:11:32
33          1                     1269.340820 2025-12-08 00:11:33
34          1                     1270.514771 2025-12-08 00:11:34
35          1                     1271.569092 2025-12-08 00:11:35
36          1                     1272.518677 2025-12-08 00:11:36
37          1                     1273.376465 2025-12-08 00:11:37
38          1                     1274.153442 2025-12-08 00:11:38
39          1                     1274.859741 2025-12-08 00:11:39
40          1                     1275.503662 2025-12-08 00:11:40
41          1                     1276.092896 2025-12-08 00:11:41
42          1                     1276.633667 2025-12-08 00:11:42
43          1                     1277.132080 2025-12-08 00:11:43
44          1                     1277.592529 2025-12-08 00:11:44
45          1                     1278.018799 2025-12-08 00:11:45
46          1                     1278.412598 2025-12-08 00:11:46
47          1                     1278.780273 2025-12-08 00:11:47
48          1                     1279.124268 2025-12-08 00:11:48
49          1                     1279.447754 2025-12-08 00:11:49
50          1                     1279.752319 2025-12-08 00:11:50
51          1                     1280.040527 2025-12-08 00:11:51
52          1                     1280.314087 2025-12-08 00:11:52
53          1                     1280.574463 2025-12-08 00:11:53
54          1                     1280.822754 2025-12-08 00:11:54
55          1                     1281.060303 2025-12-08 00:11:55
56          1                     1281.288330 2025-12-08 00:11:56
57          1                     1281.507690 2025-12-08 00:11:57
58          1                     1281.722412 2025-12-08 00:11:58
59          1                     1281.927368 2025-12-08 00:11:59
Forecasted values inserted into database
Exiting forecasting script

No new messages received yet.Trying again...
No new messages received yet.Trying again...
No new messages received yet.Trying again...
No new messages received yet.Trying again...
No new messages received yet.Trying again...
No new messages received yet.Trying again...
No new messages received yet.Trying again...
No new messages received yet.Trying again...
No new messages received yet.Trying again...
No new messages received yet.Trying again...
No new messages received yet.Trying again...
No new messages received yet.Trying again...
No new messages received yet.Trying again...
No new messages received yet.Trying again...
No new messages received yet.Trying again...
No new messages received yet.Trying again...
No new messages received yet.Trying again...
No new messages received yet.Trying again...
No new messages received yet.Trying again...
No new messages received yet.Trying again...
No new messages received yet.Trying again...
No new messages received yet.Trying again...
No new messages received yet.Trying again...
No new messages received yet.Trying again...
No new messages received yet.Trying again...
No new messages received yet.Trying again...
No new messages received yet.Trying again...
No new messages received yet.Trying again...
No new messages received yet.Trying again...
No new messages received yet.Trying again...
No new messages received yet.Trying again...
No new messages received yet.Trying again...
No new messages received yet.Trying again...
No new messages received yet.Trying again...
No new messages received yet.Trying again...
No new messages received yet.Trying again...
No new messages received yet.Trying again...
No new messages received yet.Trying again...
No new messages received yet.Trying again...

Actual data inserted to database
Triggering forecasting with retrained model
Forecasting.py script logs
Database connection established
Value of --retrain flag: True

Forecasting for retrained model using device1/2025-12-08-00-00-00-2025-12-08-00-09-59-model/device1.keras and device1/2025-12-08-00-00-00-2025-12-08-00-09-59-model/scaler.save
Successfully downloaded model and scaler from S3

Actual values fetched from database
    sensor_id  sensor_energy_value    sensor_timestamp  message_delay
0           1                555.8 2025-12-08 00:11:00        59073.0
1           1                570.6 2025-12-08 00:11:01        58073.0
2           1                558.3 2025-12-08 00:11:02        57072.0
3           1                558.0 2025-12-08 00:11:03        56071.0
4           1                557.3 2025-12-08 00:11:04        55071.0
5           1                555.6 2025-12-08 00:11:05        54070.0
6           1                558.9 2025-12-08 00:11:06        53069.0
7           1                570.0 2025-12-08 00:11:07        52068.0
8           1                561.6 2025-12-08 00:11:08        51067.0
9           1                560.9 2025-12-08 00:11:09        50066.0
10          1                560.9 2025-12-08 00:11:10        49065.0
11          1                561.0 2025-12-08 00:11:11        48065.0
12          1                560.8 2025-12-08 00:11:12        47064.0
13          1                561.9 2025-12-08 00:11:13        46063.0
14          1                637.6 2025-12-08 00:11:14        45062.0
15          1                680.2 2025-12-08 00:11:15        44062.0
16          1                686.7 2025-12-08 00:11:16        43060.0
17          1                686.1 2025-12-08 00:11:17        42059.0
18          1                687.9 2025-12-08 00:11:18        41059.0
19          1                691.1 2025-12-08 00:11:19        40058.0
20          1                690.0 2025-12-08 00:11:20        39058.0
21          1                691.3 2025-12-08 00:11:21        38057.0
22          1                683.7 2025-12-08 00:11:22        37056.0
23          1                684.3 2025-12-08 00:11:23        36055.0
24          1                687.5 2025-12-08 00:11:24        35054.0
25          1                685.2 2025-12-08 00:11:25        34053.0
26          1                682.6 2025-12-08 00:11:26        33052.0
27          1                687.6 2025-12-08 00:11:27        32051.0
28          1                689.7 2025-12-08 00:11:28        31050.0
29          1                686.2 2025-12-08 00:11:29        30048.0
30          1                685.2 2025-12-08 00:11:30        29047.0
31          1                684.6 2025-12-08 00:11:31        28045.0
32          1                686.9 2025-12-08 00:11:32        27044.0
33          1                689.6 2025-12-08 00:11:33        26043.0
34          1                687.8 2025-12-08 00:11:34        25042.0
35          1                697.5 2025-12-08 00:11:35        24041.0
36          1                694.7 2025-12-08 00:11:36        23041.0
37          1                703.8 2025-12-08 00:11:37        22039.0
38          1                697.8 2025-12-08 00:11:38        21038.0
39          1                696.7 2025-12-08 00:11:39        20037.0
40          1                697.2 2025-12-08 00:11:40        19036.0
41          1                690.8 2025-12-08 00:11:41        18036.0
42          1                691.2 2025-12-08 00:11:42        17034.0
43          1                692.2 2025-12-08 00:11:43        16032.0
44          1                692.0 2025-12-08 00:11:44        15032.0
45          1                696.6 2025-12-08 00:11:45        14030.0
46          1                691.0 2025-12-08 00:11:46        13030.0
47          1                688.8 2025-12-08 00:11:47        12028.0
48          1                687.3 2025-12-08 00:11:48        11026.0
49          1                687.9 2025-12-08 00:11:49        10025.0
50          1                687.7 2025-12-08 00:11:50         9024.0
51          1                690.8 2025-12-08 00:11:51         8023.0
52          1                688.0 2025-12-08 00:11:52         7021.0
53          1                687.2 2025-12-08 00:11:53         6020.0
54          1                687.1 2025-12-08 00:11:54         5018.0
55          1                697.4 2025-12-08 00:11:55         4017.0
56          1                691.7 2025-12-08 00:11:56         3016.0
57          1                689.8 2025-12-08 00:11:57         2015.0
58          1                688.0 2025-12-08 00:11:58         1014.0
59          1                688.2 2025-12-08 00:11:59           12.0
Forecasted values:
    sensor_id  sensor_energy_value_prediction    sensor_timestamp
0           1                      935.943359 2025-12-08 00:12:00
1           1                      966.469299 2025-12-08 00:12:01
2           1                      993.261353 2025-12-08 00:12:02
3           1                     1017.527588 2025-12-08 00:12:03
4           1                     1039.634033 2025-12-08 00:12:04
5           1                     1059.912476 2025-12-08 00:12:05
6           1                     1078.628662 2025-12-08 00:12:06
7           1                     1095.975952 2025-12-08 00:12:07
8           1                     1112.085205 2025-12-08 00:12:08
9           1                     1127.040161 2025-12-08 00:12:09
10          1                     1140.891602 2025-12-08 00:12:10
11          1                     1153.673340 2025-12-08 00:12:11
12          1                     1165.413940 2025-12-08 00:12:12
13          1                     1176.143433 2025-12-08 00:12:13
14          1                     1185.899414 2025-12-08 00:12:14
15          1                     1194.725586 2025-12-08 00:12:15
16          1                     1202.677612 2025-12-08 00:12:16
17          1                     1209.819092 2025-12-08 00:12:17
18          1                     1216.215942 2025-12-08 00:12:18
19          1                     1221.935181 2025-12-08 00:12:19
20          1                     1227.042725 2025-12-08 00:12:20
21          1                     1231.601440 2025-12-08 00:12:21
22          1                     1235.670532 2025-12-08 00:12:22
23          1                     1239.304077 2025-12-08 00:12:23
24          1                     1242.551147 2025-12-08 00:12:24
25          1                     1245.456055 2025-12-08 00:12:25
26          1                     1248.058350 2025-12-08 00:12:26
27          1                     1250.393677 2025-12-08 00:12:27
28          1                     1252.493042 2025-12-08 00:12:28
29          1                     1254.384033 2025-12-08 00:12:29
30          1                     1256.091675 2025-12-08 00:12:30
31          1                     1257.637451 2025-12-08 00:12:31
32          1                     1259.040283 2025-12-08 00:12:32
33          1                     1260.316895 2025-12-08 00:12:33
34          1                     1261.482422 2025-12-08 00:12:34
35          1                     1262.549438 2025-12-08 00:12:35
36          1                     1263.529541 2025-12-08 00:12:36
37          1                     1264.432617 2025-12-08 00:12:37
38          1                     1265.267578 2025-12-08 00:12:38
39          1                     1266.041626 2025-12-08 00:12:39
40          1                     1266.761841 2025-12-08 00:12:40
41          1                     1267.434082 2025-12-08 00:12:41
42          1                     1268.063477 2025-12-08 00:12:42
43          1                     1268.654541 2025-12-08 00:12:43
44          1                     1269.211548 2025-12-08 00:12:44
45          1                     1269.737793 2025-12-08 00:12:45
46          1                     1270.236572 2025-12-08 00:12:46
47          1                     1270.710449 2025-12-08 00:12:47
48          1                     1271.161865 2025-12-08 00:12:48
49          1                     1271.592651 2025-12-08 00:12:49
50          1                     1272.005249 2025-12-08 00:12:50
51          1                     1272.401123 2025-12-08 00:12:51
52          1                     1272.781738 2025-12-08 00:12:52
53          1                     1273.148438 2025-12-08 00:12:53
54          1                     1273.502319 2025-12-08 00:12:54
55          1                     1273.844482 2025-12-08 00:12:55
56          1                     1274.176392 2025-12-08 00:12:56
57          1                     1274.498169 2025-12-08 00:12:57
58          1                     1274.810669 2025-12-08 00:12:58
59          1                     1275.114624 2025-12-08 00:12:59
Forecasted values inserted into database
Exiting forecasting script

No new messages received yet.Trying again...
No new messages received yet.Trying again...
No new messages received yet.Trying again...
No new messages received yet.Trying again...
No new messages received yet.Trying again...
No new messages received yet.Trying again...
No new messages received yet.Trying again...
No new messages received yet.Trying again...
No new messages received yet.Trying again...
No new messages received yet.Trying again...
No new messages received yet.Trying again...
No new messages received yet.Trying again...
No new messages received yet.Trying again...
No new messages received yet.Trying again...
No new messages received yet.Trying again...
No new messages received yet.Trying again...
No new messages received yet.Trying again...
No new messages received yet.Trying again...
No new messages received yet.Trying again...
No new messages received yet.Trying again...
No new messages received yet.Trying again...
No new messages received yet.Trying again...
No new messages received yet.Trying again...
No new messages received yet.Trying again...
No new messages received yet.Trying again...
No new messages received yet.Trying again...
No new messages received yet.Trying again...
No new messages received yet.Trying again...
No new messages received yet.Trying again...
No new messages received yet.Trying again...
No new messages received yet.Trying again...
No new messages received yet.Trying again...
No new messages received yet.Trying again...
No new messages received yet.Trying again...
No new messages received yet.Trying again...
No new messages received yet.Trying again...

Actual data inserted to database
Triggering forecasting with retrained model
Forecasting.py script logs
Database connection established
Value of --retrain flag: True

Forecasting for retrained model using device1/2025-12-08-00-00-00-2025-12-08-00-09-59-model/device1.keras and device1/2025-12-08-00-00-00-2025-12-08-00-09-59-model/scaler.save
Successfully downloaded model and scaler from S3

Actual values fetched from database
    sensor_id  sensor_energy_value    sensor_timestamp  message_delay
0           1                691.5 2025-12-08 00:12:00        59083.0
1           1                702.6 2025-12-08 00:12:01        58083.0
2           1                688.3 2025-12-08 00:12:02        57082.0
3           1                690.4 2025-12-08 00:12:03        56082.0
4           1                688.7 2025-12-08 00:12:04        55081.0
5           1                688.4 2025-12-08 00:12:05        54079.0
6           1                690.5 2025-12-08 00:12:06        53078.0
7           1                689.2 2025-12-08 00:12:07        52077.0
8           1                687.3 2025-12-08 00:12:08        51075.0
9           1                687.1 2025-12-08 00:12:09        50074.0
10          1                687.7 2025-12-08 00:12:10        49072.0
11          1                685.2 2025-12-08 00:12:11        48072.0
12          1                689.8 2025-12-08 00:12:12        47070.0
13          1                688.5 2025-12-08 00:12:13        46068.0
14          1                687.4 2025-12-08 00:12:14        45067.0
15          1                687.7 2025-12-08 00:12:15        44065.0
16          1                691.7 2025-12-08 00:12:16        43064.0
17          1                689.0 2025-12-08 00:12:17        42063.0
18          1                688.2 2025-12-08 00:12:18        41061.0
19          1                693.6 2025-12-08 00:12:19        40060.0
20          1                693.2 2025-12-08 00:12:20        39058.0
21          1                687.8 2025-12-08 00:12:21        38058.0
22          1                690.6 2025-12-08 00:12:22        37056.0
23          1                687.3 2025-12-08 00:12:23        36054.0
24          1                687.4 2025-12-08 00:12:24        35053.0
25          1                686.2 2025-12-08 00:12:25        34052.0
26          1                685.4 2025-12-08 00:12:26        33051.0
27          1                686.9 2025-12-08 00:12:27        32050.0
28          1                690.6 2025-12-08 00:12:28        31048.0
29          1                691.3 2025-12-08 00:12:29        30047.0
30          1                687.1 2025-12-08 00:12:30        29045.0
31          1                687.0 2025-12-08 00:12:31        28045.0
32          1                684.7 2025-12-08 00:12:32        27043.0
33          1                689.7 2025-12-08 00:12:33        26041.0
34          1                688.7 2025-12-08 00:12:34        25040.0
35          1                687.4 2025-12-08 00:12:35        24038.0
36          1                695.2 2025-12-08 00:12:36        23037.0
37          1                685.8 2025-12-08 00:12:37        22035.0
38          1                687.0 2025-12-08 00:12:38        21034.0
39          1                684.5 2025-12-08 00:12:39        20033.0
40          1                684.7 2025-12-08 00:12:40        19032.0
41          1                684.7 2025-12-08 00:12:41        18031.0
42          1                687.7 2025-12-08 00:12:42        17029.0
43          1                690.4 2025-12-08 00:12:43        16028.0
44          1                713.0 2025-12-08 00:12:44        15027.0
45          1                694.8 2025-12-08 00:12:45        14025.0
46          1                700.2 2025-12-08 00:12:46        13024.0
47          1                692.9 2025-12-08 00:12:47        12023.0
48          1                693.7 2025-12-08 00:12:48        11021.0
49          1                693.7 2025-12-08 00:12:49        10020.0
50          1                693.6 2025-12-08 00:12:50         9018.0
51          1                695.6 2025-12-08 00:12:51         8017.0
52          1                696.0 2025-12-08 00:12:52         7016.0
53          1                693.1 2025-12-08 00:12:53         6015.0
54          1                697.2 2025-12-08 00:12:54         5014.0
55          1                691.7 2025-12-08 00:12:55         4012.0
56          1                693.4 2025-12-08 00:12:56         3011.0
57          1                694.6 2025-12-08 00:12:57         2010.0
58          1                689.8 2025-12-08 00:12:58         1010.0
59          1                683.8 2025-12-08 00:12:59            9.0
Forecasted values:
    sensor_id  sensor_energy_value_prediction    sensor_timestamp
0           1                      936.660400 2025-12-08 00:13:00
1           1                      967.167236 2025-12-08 00:13:01
2           1                      993.925293 2025-12-08 00:13:02
3           1                     1018.151001 2025-12-08 00:13:03
4           1                     1040.209229 2025-12-08 00:13:04
5           1                     1060.432007 2025-12-08 00:13:05
6           1                     1079.086426 2025-12-08 00:13:06
7           1                     1096.368042 2025-12-08 00:13:07
8           1                     1112.409180 2025-12-08 00:13:08
9           1                     1127.294922 2025-12-08 00:13:09
10          1                     1141.078003 2025-12-08 00:13:10
11          1                     1153.793701 2025-12-08 00:13:11
12          1                     1165.471436 2025-12-08 00:13:12
13          1                     1176.141968 2025-12-08 00:13:13
14          1                     1185.844116 2025-12-08 00:13:14
15          1                     1194.624634 2025-12-08 00:13:15
16          1                     1202.538940 2025-12-08 00:13:16
17          1                     1209.648193 2025-12-08 00:13:17
18          1                     1216.018311 2025-12-08 00:13:18
19          1                     1221.715576 2025-12-08 00:13:19
20          1                     1226.805176 2025-12-08 00:13:20
21          1                     1231.349731 2025-12-08 00:13:21
22          1                     1235.407593 2025-12-08 00:13:22
23          1                     1239.032349 2025-12-08 00:13:23
24          1                     1242.272949 2025-12-08 00:13:24
25          1                     1245.173096 2025-12-08 00:13:25
26          1                     1247.772339 2025-12-08 00:13:26
27          1                     1250.105713 2025-12-08 00:13:27
28          1                     1252.204224 2025-12-08 00:13:28
29          1                     1254.095459 2025-12-08 00:13:29
30          1                     1255.803955 2025-12-08 00:13:30
31          1                     1257.351074 2025-12-08 00:13:31
32          1                     1258.755859 2025-12-08 00:13:32
33          1                     1260.035034 2025-12-08 00:13:33
34          1                     1261.203247 2025-12-08 00:13:34
35          1                     1262.273193 2025-12-08 00:13:35
36          1                     1263.256348 2025-12-08 00:13:36
37          1                     1264.162842 2025-12-08 00:13:37
38          1                     1265.000977 2025-12-08 00:13:38
39          1                     1265.778564 2025-12-08 00:13:39
40          1                     1266.502197 2025-12-08 00:13:40
41          1                     1267.177856 2025-12-08 00:13:41
42          1                     1267.810913 2025-12-08 00:13:42
43          1                     1268.405762 2025-12-08 00:13:43
44          1                     1268.966553 2025-12-08 00:13:44
45          1                     1269.497437 2025-12-08 00:13:45
46          1                     1269.999878 2025-12-08 00:13:46
47          1                     1270.477783 2025-12-08 00:13:47
48          1                     1270.932861 2025-12-08 00:13:48
49          1                     1271.367676 2025-12-08 00:13:49
50          1                     1271.783936 2025-12-08 00:13:50
51          1                     1272.183472 2025-12-08 00:13:51
52          1                     1272.567505 2025-12-08 00:13:52
53          1                     1272.937744 2025-12-08 00:13:53
54          1                     1273.295166 2025-12-08 00:13:54
55          1                     1273.640869 2025-12-08 00:13:55
56          1                     1273.975342 2025-12-08 00:13:56
57          1                     1274.300171 2025-12-08 00:13:57
58          1                     1274.615845 2025-12-08 00:13:58
59          1                     1274.922607 2025-12-08 00:13:59
Forecasted values inserted into database
Exiting forecasting script

No new messages received yet.Trying again...
No new messages received yet.Trying again...
No new messages received yet.Trying again...
No new messages received yet.Trying again...
No new messages received yet.Trying again...
No new messages received yet.Trying again...
No new messages received yet.Trying again...
No new messages received yet.Trying again...
No new messages received yet.Trying again...
No new messages received yet.Trying again...
No new messages received yet.Trying again...
No new messages received yet.Trying again...
No new messages received yet.Trying again...
No new messages received yet.Trying again...
No new messages received yet.Trying again...
No new messages received yet.Trying again...
No new messages received yet.Trying again...
No new messages received yet.Trying again...
No new messages received yet.Trying again...
No new messages received yet.Trying again...
No new messages received yet.Trying again...
No new messages received yet.Trying again...
No new messages received yet.Trying again...
No new messages received yet.Trying again...
No new messages received yet.Trying again...
No new messages received yet.Trying again...
No new messages received yet.Trying again...
No new messages received yet.Trying again...
No new messages received yet.Trying again...
No new messages received yet.Trying again...
No new messages received yet.Trying again...
No new messages received yet.Trying again...
No new messages received yet.Trying again...
No new messages received yet.Trying again...
No new messages received yet.Trying again...

Actual data inserted to database
Triggering forecasting with retrained model
Forecasting.py script logs
Database connection established
Value of --retrain flag: True

Forecasting for retrained model using device1/2025-12-08-00-00-00-2025-12-08-00-09-59-model/device1.keras and device1/2025-12-08-00-00-00-2025-12-08-00-09-59-model/scaler.save
Successfully downloaded model and scaler from S3

Actual values fetched from database
    sensor_id  sensor_energy_value    sensor_timestamp  message_delay
0           1                688.6 2025-12-08 00:13:00        59075.0
1           1                684.9 2025-12-08 00:13:01        58075.0
2           1                688.1 2025-12-08 00:13:02        57074.0
3           1                689.1 2025-12-08 00:13:03        56074.0
4           1                686.7 2025-12-08 00:13:04        55073.0
5           1                689.1 2025-12-08 00:13:05        54072.0
6           1                695.1 2025-12-08 00:13:06        53071.0
7           1                688.8 2025-12-08 00:13:07        52070.0
8           1                695.9 2025-12-08 00:13:08        51069.0
9           1                686.3 2025-12-08 00:13:09        50068.0
10          1                685.1 2025-12-08 00:13:10        49066.0
11          1                684.5 2025-12-08 00:13:11        48066.0
12          1                688.2 2025-12-08 00:13:12        47065.0
13          1                687.0 2025-12-08 00:13:13        46064.0
14          1                689.0 2025-12-08 00:13:14        45064.0
15          1                687.3 2025-12-08 00:13:15        44062.0
16          1                684.8 2025-12-08 00:13:16        43062.0
17          1                687.5 2025-12-08 00:13:17        42060.0
18          1                688.8 2025-12-08 00:13:18        41059.0
19          1                689.4 2025-12-08 00:13:19        40058.0
20          1                690.8 2025-12-08 00:13:20        39056.0
21          1                687.4 2025-12-08 00:13:21        38056.0
22          1                685.1 2025-12-08 00:13:22        37055.0
23          1                686.8 2025-12-08 00:13:23        36053.0
24          1                691.3 2025-12-08 00:13:24        35051.0
25          1                683.3 2025-12-08 00:13:25        34050.0
26          1                686.5 2025-12-08 00:13:26        33049.0
27          1                684.8 2025-12-08 00:13:27        32048.0
28          1                683.7 2025-12-08 00:13:28        31047.0
29          1                684.8 2025-12-08 00:13:29        30046.0
30          1                684.1 2025-12-08 00:13:30        29044.0
31          1                653.7 2025-12-08 00:13:31        28043.0
32          1                656.2 2025-12-08 00:13:32        27042.0
33          1                656.4 2025-12-08 00:13:33        26040.0
34          1                656.9 2025-12-08 00:13:34        25039.0
35          1                652.9 2025-12-08 00:13:35        24038.0
36          1                654.3 2025-12-08 00:13:36        23037.0
37          1                654.3 2025-12-08 00:13:37        22035.0
38          1                655.0 2025-12-08 00:13:38        21034.0
39          1                657.5 2025-12-08 00:13:39        20033.0
40          1                653.5 2025-12-08 00:13:40        19031.0
41          1                653.9 2025-12-08 00:13:41        18030.0
42          1                656.9 2025-12-08 00:13:42        17029.0
43          1                656.0 2025-12-08 00:13:43        16028.0
44          1                658.0 2025-12-08 00:13:44        15027.0
45          1                657.0 2025-12-08 00:13:45        14025.0
46          1                651.6 2025-12-08 00:13:46        13024.0
47          1                655.4 2025-12-08 00:13:47        12023.0
48          1                655.8 2025-12-08 00:13:48        11022.0
49          1                654.3 2025-12-08 00:13:49        10021.0
50          1                659.0 2025-12-08 00:13:50         9020.0
51          1                653.3 2025-12-08 00:13:51         8019.0
52          1                655.4 2025-12-08 00:13:52         7018.0
53          1                654.8 2025-12-08 00:13:53         6017.0
54          1                658.2 2025-12-08 00:13:54         5017.0
55          1                655.4 2025-12-08 00:13:55         4016.0
56          1                654.4 2025-12-08 00:13:56         3015.0
57          1                653.5 2025-12-08 00:13:57         2013.0
58          1                655.7 2025-12-08 00:13:58         1013.0
59          1                658.7 2025-12-08 00:13:59           11.0
Forecasted values:
    sensor_id  sensor_energy_value_prediction    sensor_timestamp
0           1                      920.425659 2025-12-08 00:14:00
1           1                      952.751343 2025-12-08 00:14:01
2           1                      981.159668 2025-12-08 00:14:02
3           1                     1006.901672 2025-12-08 00:14:03
4           1                     1030.366455 2025-12-08 00:14:04
5           1                     1051.908447 2025-12-08 00:14:05
6           1                     1071.810059 2025-12-08 00:14:06
7           1                     1090.276733 2025-12-08 00:14:07
8           1                     1107.445557 2025-12-08 00:14:08
9           1                     1123.401001 2025-12-08 00:14:09
10          1                     1138.192871 2025-12-08 00:14:10
11          1                     1151.850708 2025-12-08 00:14:11
12          1                     1164.397339 2025-12-08 00:14:12
13          1                     1175.858643 2025-12-08 00:14:13
14          1                     1186.269043 2025-12-08 00:14:14
15          1                     1195.674438 2025-12-08 00:14:15
16          1                     1204.131226 2025-12-08 00:14:16
17          1                     1211.705322 2025-12-08 00:14:17
18          1                     1218.467163 2025-12-08 00:14:18
19          1                     1224.490723 2025-12-08 00:14:19
20          1                     1229.848755 2025-12-08 00:14:20
21          1                     1234.610840 2025-12-08 00:14:21
22          1                     1238.842651 2025-12-08 00:14:22
23          1                     1242.604248 2025-12-08 00:14:23
24          1                     1245.949829 2025-12-08 00:14:24
25          1                     1248.928467 2025-12-08 00:14:25
26          1                     1251.583496 2025-12-08 00:14:26
27          1                     1253.953857 2025-12-08 00:14:27
28          1                     1256.073486 2025-12-08 00:14:28
29          1                     1257.972900 2025-12-08 00:14:29
30          1                     1259.678101 2025-12-08 00:14:30
31          1                     1261.213257 2025-12-08 00:14:31
32          1                     1262.598511 2025-12-08 00:14:32
33          1                     1263.851685 2025-12-08 00:14:33
34          1                     1264.988892 2025-12-08 00:14:34
35          1                     1266.023682 2025-12-08 00:14:35
36          1                     1266.968018 2025-12-08 00:14:36
37          1                     1267.832764 2025-12-08 00:14:37
38          1                     1268.627319 2025-12-08 00:14:38
39          1                     1269.359741 2025-12-08 00:14:39
40          1                     1270.036987 2025-12-08 00:14:40
41          1                     1270.665283 2025-12-08 00:14:41
42          1                     1271.250244 2025-12-08 00:14:42
43          1                     1271.796875 2025-12-08 00:14:43
44          1                     1272.308960 2025-12-08 00:14:44
45          1                     1272.790527 2025-12-08 00:14:45
46          1                     1273.244629 2025-12-08 00:14:46
47          1                     1273.673950 2025-12-08 00:14:47
48          1                     1274.081421 2025-12-08 00:14:48
49          1                     1274.468994 2025-12-08 00:14:49
50          1                     1274.838745 2025-12-08 00:14:50
51          1                     1275.192261 2025-12-08 00:14:51
52          1                     1275.531006 2025-12-08 00:14:52
53          1                     1275.856445 2025-12-08 00:14:53
54          1                     1276.169678 2025-12-08 00:14:54
55          1                     1276.472168 2025-12-08 00:14:55
56          1                     1276.764282 2025-12-08 00:14:56
57          1                     1277.047119 2025-12-08 00:14:57
58          1                     1277.321289 2025-12-08 00:14:58
59          1                     1277.587769 2025-12-08 00:14:59
Forecasted values inserted into database
Exiting forecasting script

No new messages received yet.Trying again...
No new messages received yet.Trying again...
No new messages received yet.Trying again...
No new messages received yet.Trying again...
No new messages received yet.Trying again...
No new messages received yet.Trying again...
No new messages received yet.Trying again...
No new messages received yet.Trying again...
No new messages received yet.Trying again...
No new messages received yet.Trying again...
No new messages received yet.Trying again...
No new messages received yet.Trying again...
