run_id,architecture,log_file,block,position_in_window,sensor_id,sensor_energy_value,sensor_timestamp,message_delay_ms,analytic_window_wait_ms,processing_overhead_ms
B1-direct-1,direct,architecture2_1st_run_logs.log,0,0,1,699.6,2025-12-08 00:00:00,59164.0,59000,164.0
B1-direct-1,direct,architecture2_1st_run_logs.log,0,1,1,710.8,2025-12-08 00:00:01,58161.0,58000,161.0
B1-direct-1,direct,architecture2_1st_run_logs.log,0,2,1,695.3,2025-12-08 00:00:02,57159.0,57000,159.0
B1-direct-1,direct,architecture2_1st_run_logs.log,0,3,1,695.3,2025-12-08 00:00:03,56156.0,56000,156.0
B1-direct-1,direct,architecture2_1st_run_logs.log,0,4,1,693.7,2025-12-08 00:00:04,55153.0,55000,153.0
B1-direct-1,direct,architecture2_1st_run_logs.log,0,5,1,695.2,2025-12-08 00:00:05,54150.0,54000,150.0
B1-direct-1,direct,architecture2_1st_run_logs.log,0,6,1,694.9,2025-12-08 00:00:06,53148.0,53000,148.0
B1-direct-1,direct,architecture2_1st_run_logs.log,0,7,1,694.4,2025-12-08 00:00:07,52146.0,52000,146.0
B1-direct-1,direct,architecture2_1st_run_logs.log,0,8,1,693.6,2025-12-08 00:00:08,51143.0,51000,143.0
B1-direct-1,direct,architecture2_1st_run_logs.log,0,9,1,700.2,2025-12-08 00:00:09,50141.0,50000,141.0
B1-direct-1,direct,architecture2_1st_run_logs.log,0,10,1,702.3,2025-12-08 00:00:10,49138.0,49000,138.0
B1-direct-1,direct,architecture2_1st_run_logs.log,0,11,1,694.8,2025-12-08 00:00:11,48136.0,48000,136.0
B1-direct-1,direct,architecture2_1st_run_logs.log,0,12,1,694.7,2025-12-08 00:00:12,47135.0,47000,135.0
B1-direct-1,direct,architecture2_1st_run_logs.log,0,13,1,693.1,2025-12-08 00:00:13,46132.0,46000,132.0
B1-direct-1,direct,architecture2_1st_run_logs.log,0,14,1,695.3,2025-12-08 00:00:14,45129.0,45000,129.0
B1-direct-1,direct,architecture2_1st_run_logs.log,0,15,1,693.7,2025-12-08 00:00:15,44128.0,44000,128.0
B1-direct-1,direct,architecture2_1st_run_logs.log,0,16,1,694.5,2025-12-08 00:00:16,43127.0,43000,127.0
B1-direct-1,direct,architecture2_1st_run_logs.log,0,17,1,694.6,2025-12-08 00:00:17,42125.0,42000,125.0
B1-direct-1,direct,architecture2_1st_run_logs.log,0,18,1,696.1,2025-12-08 00:00:18,41122.0,41000,122.0
B1-direct-1,direct,architecture2_1st_run_logs.log,0,19,1,708.9,2025-12-08 00:00:19,40119.0,40000,119.0
B1-direct-1,direct,architecture2_1st_run_logs.log,0,20,1,697.9,2025-12-08 00:00:20,39117.0,39000,117.0
B1-direct-1,direct,architecture2_1st_run_logs.log,0,21,1,701.4,2025-12-08 00:00:21,38114.0,38000,114.0
B1-direct-1,direct,architecture2_1st_run_logs.log,0,22,1,695.0,2025-12-08 00:00:22,37112.0,37000,112.0
B1-direct-1,direct,architecture2_1st_run_logs.log,0,23,1,695.6,2025-12-08 00:00:23,36109.0,36000,109.0
B1-direct-1,direct,architecture2_1st_run_logs.log,0,24,1,695.7,2025-12-08 00:00:24,35106.0,35000,106.0
B1-direct-1,direct,architecture2_1st_run_logs.log,0,25,1,690.8,2025-12-08 00:00:25,34103.0,34000,103.0
B1-direct-1,direct,architecture2_1st_run_logs.log,0,26,1,693.2,2025-12-08 00:00:26,33101.0,33000,101.0
B1-direct-1,direct,architecture2_1st_run_logs.log,0,27,1,713.7,2025-12-08 00:00:27,32098.0,32000,98.0
B1-direct-1,direct,architecture2_1st_run_logs.log,0,28,1,695.1,2025-12-08 00:00:28,31096.0,31000,96.0
B1-direct-1,direct,architecture2_1st_run_logs.log,0,29,1,694.1,2025-12-08 00:00:29,30093.0,30000,93.0
B1-direct-1,direct,architecture2_1st_run_logs.log,0,30,1,691.4,2025-12-08 00:00:30,29091.0,29000,91.0
B1-direct-1,direct,architecture2_1st_run_logs.log,0,31,1,690.4,2025-12-08 00:00:31,28089.0,28000,89.0
B1-direct-1,direct,architecture2_1st_run_logs.log,0,32,1,695.3,2025-12-08 00:00:32,27087.0,27000,87.0
B1-direct-1,direct,architecture2_1st_run_logs.log,0,33,1,827.1,2025-12-08 00:00:33,26084.0,26000,84.0
B1-direct-1,direct,architecture2_1st_run_logs.log,0,34,1,797.3,2025-12-08 00:00:34,25082.0,25000,82.0
B1-direct-1,direct,architecture2_1st_run_logs.log,0,35,1,803.6,2025-12-08 00:00:35,24080.0,24000,80.0
B1-direct-1,direct,architecture2_1st_run_logs.log,0,36,1,796.7,2025-12-08 00:00:36,23078.0,23000,78.0
B1-direct-1,direct,architecture2_1st_run_logs.log,0,37,1,704.4,2025-12-08 00:00:37,22075.0,22000,75.0
B1-direct-1,direct,architecture2_1st_run_logs.log,0,38,1,792.7,2025-12-08 00:00:38,21073.0,21000,73.0
B1-direct-1,direct,architecture2_1st_run_logs.log,0,39,1,850.3,2025-12-08 00:00:39,20072.0,20000,72.0
B1-direct-1,direct,architecture2_1st_run_logs.log,0,40,1,808.5,2025-12-08 00:00:40,19069.0,19000,69.0
B1-direct-1,direct,architecture2_1st_run_logs.log,0,41,1,810.8,2025-12-08 00:00:41,18067.0,18000,67.0
B1-direct-1,direct,architecture2_1st_run_logs.log,0,42,1,809.5,2025-12-08 00:00:42,17065.0,17000,65.0
B1-direct-1,direct,architecture2_1st_run_logs.log,0,43,1,799.3,2025-12-08 00:00:43,16062.0,16000,62.0
B1-direct-1,direct,architecture2_1st_run_logs.log,0,44,1,797.1,2025-12-08 00:00:44,15061.0,15000,61.0
B1-direct-1,direct,architecture2_1st_run_logs.log,0,45,1,794.5,2025-12-08 00:00:45,14059.0,14000,59.0
B1-direct-1,direct,architecture2_1st_run_logs.log,0,46,1,799.0,2025-12-08 00:00:46,13057.0,13000,57.0
B1-direct-1,direct,architecture2_1st_run_logs.log,0,47,1,795.6,2025-12-08 00:00:47,12055.0,12000,55.0
B1-direct-1,direct,architecture2_1st_run_logs.log,0,48,1,799.2,2025-12-08 00:00:48,11053.0,11000,53.0
B1-direct-1,direct,architecture2_1st_run_logs.log,0,49,1,795.9,2025-12-08 00:00:49,10051.0,10000,51.0
B1-direct-1,direct,architecture2_1st_run_logs.log,0,50,1,797.5,2025-12-08 00:00:50,9049.0,9000,49.0
B1-direct-1,direct,architecture2_1st_run_logs.log,0,51,1,801.1,2025-12-08 00:00:51,8046.0,8000,46.0
B1-direct-1,direct,architecture2_1st_run_logs.log,0,52,1,800.3,2025-12-08 00:00:52,7044.0,7000,44.0
B1-direct-1,direct,architecture2_1st_run_logs.log,0,53,1,796.4,2025-12-08 00:00:53,6041.0,6000,41.0
B1-direct-1,direct,architecture2_1st_run_logs.log,0,54,1,796.5,2025-12-08 00:00:54,5039.0,5000,39.0
B1-direct-1,direct,architecture2_1st_run_logs.log,0,55,1,799.2,2025-12-08 00:00:55,4037.0,4000,37.0
B1-direct-1,direct,architecture2_1st_run_logs.log,0,56,1,798.3,2025-12-08 00:00:56,3035.0,3000,35.0
B1-direct-1,direct,architecture2_1st_run_logs.log,0,57,1,799.4,2025-12-08 00:00:57,2032.0,2000,32.0
B1-direct-1,direct,architecture2_1st_run_logs.log,0,58,1,798.7,2025-12-08 00:00:58,1030.0,1000,30.0
B1-direct-1,direct,architecture2_1st_run_logs.log,0,59,1,798.8,2025-12-08 00:00:59,28.0,0,28.0
B1-direct-1,direct,architecture2_1st_run_logs.log,1,0,1,1210.914286,2025-12-08 00:01:00,59149.0,59000,149.0
B1-direct-1,direct,architecture2_1st_run_logs.log,1,1,1,1210.914286,2025-12-08 00:01:01,58148.0,58000,148.0
B1-direct-1,direct,architecture2_1st_run_logs.log,1,2,1,1210.914286,2025-12-08 00:01:02,57147.0,57000,147.0
B1-direct-1,direct,architecture2_1st_run_logs.log,1,3,1,1210.914286,2025-12-08 00:01:03,56146.0,56000,146.0
B1-direct-1,direct,architecture2_1st_run_logs.log,1,4,1,801.0,2025-12-08 00:01:04,55145.0,55000,145.0
B1-direct-1,direct,architecture2_1st_run_logs.log,1,5,1,1026.4,2025-12-08 00:01:05,54143.0,54000,143.0
B1-direct-1,direct,architecture2_1st_run_logs.log,1,6,1,1181.0,2025-12-08 00:01:06,53140.0,53000,140.0
B1-direct-1,direct,architecture2_1st_run_logs.log,1,7,1,1017.9,2025-12-08 00:01:07,52138.0,52000,138.0
B1-direct-1,direct,architecture2_1st_run_logs.log,1,8,1,998.6,2025-12-08 00:01:08,51135.0,51000,135.0
B1-direct-1,direct,architecture2_1st_run_logs.log,1,9,1,1076.1,2025-12-08 00:01:09,50132.0,50000,132.0
B1-direct-1,direct,architecture2_1st_run_logs.log,1,10,1,1009.1,2025-12-08 00:01:10,49130.0,49000,130.0
B1-direct-1,direct,architecture2_1st_run_logs.log,1,11,1,1058.5,2025-12-08 00:01:11,48128.0,48000,128.0
B1-direct-1,direct,architecture2_1st_run_logs.log,1,12,1,1085.7,2025-12-08 00:01:12,47125.0,47000,125.0
B1-direct-1,direct,architecture2_1st_run_logs.log,1,13,1,1110.5,2025-12-08 00:01:13,46122.0,46000,122.0
B1-direct-1,direct,architecture2_1st_run_logs.log,1,14,1,1138.4,2025-12-08 00:01:14,45120.0,45000,120.0
B1-direct-1,direct,architecture2_1st_run_logs.log,1,15,1,1162.7,2025-12-08 00:01:15,44118.0,44000,118.0
B1-direct-1,direct,architecture2_1st_run_logs.log,1,16,1,1179.2,2025-12-08 00:01:16,43115.0,43000,115.0
B1-direct-1,direct,architecture2_1st_run_logs.log,1,17,1,1200.0,2025-12-08 00:01:17,42113.0,42000,113.0
B1-direct-1,direct,architecture2_1st_run_logs.log,1,18,1,1217.7,2025-12-08 00:01:18,41110.0,41000,110.0
B1-direct-1,direct,architecture2_1st_run_logs.log,1,19,1,1231.6,2025-12-08 00:01:19,40108.0,40000,108.0
B1-direct-1,direct,architecture2_1st_run_logs.log,1,20,1,1241.7,2025-12-08 00:01:20,39106.0,39000,106.0
B1-direct-1,direct,architecture2_1st_run_logs.log,1,21,1,1244.7,2025-12-08 00:01:21,38103.0,38000,103.0
B1-direct-1,direct,architecture2_1st_run_logs.log,1,22,1,1240.0,2025-12-08 00:01:22,37100.0,37000,100.0
B1-direct-1,direct,architecture2_1st_run_logs.log,1,23,1,1247.0,2025-12-08 00:01:23,36099.0,36000,99.0
B1-direct-1,direct,architecture2_1st_run_logs.log,1,24,1,1251.8,2025-12-08 00:01:24,35096.0,35000,96.0
B1-direct-1,direct,architecture2_1st_run_logs.log,1,25,1,1247.7,2025-12-08 00:01:25,34094.0,34000,94.0
B1-direct-1,direct,architecture2_1st_run_logs.log,1,26,1,1245.2,2025-12-08 00:01:26,33091.0,33000,91.0
B1-direct-1,direct,architecture2_1st_run_logs.log,1,27,1,1251.2,2025-12-08 00:01:27,32089.0,32000,89.0
B1-direct-1,direct,architecture2_1st_run_logs.log,1,28,1,1250.8,2025-12-08 00:01:28,31087.0,31000,87.0
B1-direct-1,direct,architecture2_1st_run_logs.log,1,29,1,1253.0,2025-12-08 00:01:29,30085.0,30000,85.0
B1-direct-1,direct,architecture2_1st_run_logs.log,1,30,1,1248.4,2025-12-08 00:01:30,29084.0,29000,84.0
B1-direct-1,direct,architecture2_1st_run_logs.log,1,31,1,1245.4,2025-12-08 00:01:31,28082.0,28000,82.0
B1-direct-1,direct,architecture2_1st_run_logs.log,1,32,1,1245.5,2025-12-08 00:01:32,27080.0,27000,80.0
B1-direct-1,direct,architecture2_1st_run_logs.log,1,33,1,1246.1,2025-12-08 00:01:33,26079.0,26000,79.0
B1-direct-1,direct,architecture2_1st_run_logs.log,1,34,1,1248.1,2025-12-08 00:01:34,25077.0,25000,77.0
B1-direct-1,direct,architecture2_1st_run_logs.log,1,35,1,1249.2,2025-12-08 00:01:35,24075.0,24000,75.0
B1-direct-1,direct,architecture2_1st_run_logs.log,1,36,1,1250.9,2025-12-08 00:01:36,23073.0,23000,73.0
B1-direct-1,direct,architecture2_1st_run_logs.log,1,37,1,1243.0,2025-12-08 00:01:37,22069.0,22000,69.0
B1-direct-1,direct,architecture2_1st_run_logs.log,1,38,1,1243.8,2025-12-08 00:01:38,21068.0,21000,68.0
B1-direct-1,direct,architecture2_1st_run_logs.log,1,39,1,1248.7,2025-12-08 00:01:39,20066.0,20000,66.0
B1-direct-1,direct,architecture2_1st_run_logs.log,1,40,1,1249.9,2025-12-08 00:01:40,19065.0,19000,65.0
B1-direct-1,direct,architecture2_1st_run_logs.log,1,41,1,1249.9,2025-12-08 00:01:41,18062.0,18000,62.0
B1-direct-1,direct,architecture2_1st_run_logs.log,1,42,1,1255.7,2025-12-08 00:01:42,17060.0,17000,60.0
B1-direct-1,direct,architecture2_1st_run_logs.log,1,43,1,1259.2,2025-12-08 00:01:43,16058.0,16000,58.0
B1-direct-1,direct,architecture2_1st_run_logs.log,1,44,1,1257.6,2025-12-08 00:01:44,15055.0,15000,55.0
B1-direct-1,direct,architecture2_1st_run_logs.log,1,45,1,1266.0,2025-12-08 00:01:45,14053.0,14000,53.0
B1-direct-1,direct,architecture2_1st_run_logs.log,1,46,1,1267.9,2025-12-08 00:01:46,13050.0,13000,50.0
B1-direct-1,direct,architecture2_1st_run_logs.log,1,47,1,1266.5,2025-12-08 00:01:47,12048.0,12000,48.0
B1-direct-1,direct,architecture2_1st_run_logs.log,1,48,1,1269.9,2025-12-08 00:01:48,11046.0,11000,46.0
B1-direct-1,direct,architecture2_1st_run_logs.log,1,49,1,1267.9,2025-12-08 00:01:49,10044.0,10000,44.0
B1-direct-1,direct,architecture2_1st_run_logs.log,1,50,1,1269.7,2025-12-08 00:01:50,9042.0,9000,42.0
B1-direct-1,direct,architecture2_1st_run_logs.log,1,51,1,1274.2,2025-12-08 00:01:51,8040.0,8000,40.0
B1-direct-1,direct,architecture2_1st_run_logs.log,1,52,1,1274.1,2025-12-08 00:01:52,7038.0,7000,38.0
B1-direct-1,direct,architecture2_1st_run_logs.log,1,53,1,1271.6,2025-12-08 00:01:53,6036.0,6000,36.0
B1-direct-1,direct,architecture2_1st_run_logs.log,1,54,1,1274.6,2025-12-08 00:01:54,5034.0,5000,34.0
B1-direct-1,direct,architecture2_1st_run_logs.log,1,55,1,1273.1,2025-12-08 00:01:55,4032.0,4000,32.0
B1-direct-1,direct,architecture2_1st_run_logs.log,1,56,1,1273.5,2025-12-08 00:01:56,3029.0,3000,29.0
B1-direct-1,direct,architecture2_1st_run_logs.log,1,57,1,1279.1,2025-12-08 00:01:57,2027.0,2000,27.0
B1-direct-1,direct,architecture2_1st_run_logs.log,1,58,1,1277.1,2025-12-08 00:01:58,1025.0,1000,25.0
B1-direct-1,direct,architecture2_1st_run_logs.log,1,59,1,1297.1,2025-12-08 00:01:59,23.0,0,23.0
B1-direct-1,direct,architecture2_1st_run_logs.log,2,0,1,1279.1,2025-12-08 00:02:00,59148.0,59000,148.0
B1-direct-1,direct,architecture2_1st_run_logs.log,2,1,1,1272.2,2025-12-08 00:02:01,58147.0,58000,147.0
B1-direct-1,direct,architecture2_1st_run_logs.log,2,2,1,1270.8,2025-12-08 00:02:02,57146.0,57000,146.0
B1-direct-1,direct,architecture2_1st_run_logs.log,2,3,1,1271.8,2025-12-08 00:02:03,56145.0,56000,145.0
B1-direct-1,direct,architecture2_1st_run_logs.log,2,4,1,1271.3,2025-12-08 00:02:04,55144.0,55000,144.0
B1-direct-1,direct,architecture2_1st_run_logs.log,2,5,1,1270.7,2025-12-08 00:02:05,54141.0,54000,141.0
B1-direct-1,direct,architecture2_1st_run_logs.log,2,6,1,1272.9,2025-12-08 00:02:06,53139.0,53000,139.0
B1-direct-1,direct,architecture2_1st_run_logs.log,2,7,1,1276.5,2025-12-08 00:02:07,52136.0,52000,136.0
B1-direct-1,direct,architecture2_1st_run_logs.log,2,8,1,1268.7,2025-12-08 00:02:08,51133.0,51000,133.0
B1-direct-1,direct,architecture2_1st_run_logs.log,2,9,1,1267.4,2025-12-08 00:02:09,50131.0,50000,131.0
B1-direct-1,direct,architecture2_1st_run_logs.log,2,10,1,1270.3,2025-12-08 00:02:10,49129.0,49000,129.0
B1-direct-1,direct,architecture2_1st_run_logs.log,2,11,1,1266.6,2025-12-08 00:02:11,48127.0,48000,127.0
B1-direct-1,direct,architecture2_1st_run_logs.log,2,12,1,1271.5,2025-12-08 00:02:12,47125.0,47000,125.0
B1-direct-1,direct,architecture2_1st_run_logs.log,2,13,1,1267.8,2025-12-08 00:02:13,46124.0,46000,124.0
B1-direct-1,direct,architecture2_1st_run_logs.log,2,14,1,1268.8,2025-12-08 00:02:14,45122.0,45000,122.0
B1-direct-1,direct,architecture2_1st_run_logs.log,2,15,1,1288.2,2025-12-08 00:02:15,44121.0,44000,121.0
B1-direct-1,direct,architecture2_1st_run_logs.log,2,16,1,1267.6,2025-12-08 00:02:16,43119.0,43000,119.0
B1-direct-1,direct,architecture2_1st_run_logs.log,2,17,1,1271.8,2025-12-08 00:02:17,42117.0,42000,117.0
B1-direct-1,direct,architecture2_1st_run_logs.log,2,18,1,1272.5,2025-12-08 00:02:18,41114.0,41000,114.0
B1-direct-1,direct,architecture2_1st_run_logs.log,2,19,1,1277.3,2025-12-08 00:02:19,40112.0,40000,112.0
B1-direct-1,direct,architecture2_1st_run_logs.log,2,20,1,1277.5,2025-12-08 00:02:20,39109.0,39000,109.0
B1-direct-1,direct,architecture2_1st_run_logs.log,2,21,1,1280.7,2025-12-08 00:02:21,38107.0,38000,107.0
B1-direct-1,direct,architecture2_1st_run_logs.log,2,22,1,1274.7,2025-12-08 00:02:22,37105.0,37000,105.0
B1-direct-1,direct,architecture2_1st_run_logs.log,2,23,1,1274.9,2025-12-08 00:02:23,36102.0,36000,102.0
B1-direct-1,direct,architecture2_1st_run_logs.log,2,24,1,1278.8,2025-12-08 00:02:24,35100.0,35000,100.0
B1-direct-1,direct,architecture2_1st_run_logs.log,2,25,1,1271.3,2025-12-08 00:02:25,34098.0,34000,98.0
B1-direct-1,direct,architecture2_1st_run_logs.log,2,26,1,1271.4,2025-12-08 00:02:26,33095.0,33000,95.0
B1-direct-1,direct,architecture2_1st_run_logs.log,2,27,1,1276.4,2025-12-08 00:02:27,32093.0,32000,93.0
B1-direct-1,direct,architecture2_1st_run_logs.log,2,28,1,1275.2,2025-12-08 00:02:28,31091.0,31000,91.0
B1-direct-1,direct,architecture2_1st_run_logs.log,2,29,1,1276.9,2025-12-08 00:02:29,30089.0,30000,89.0
B1-direct-1,direct,architecture2_1st_run_logs.log,2,30,1,1274.4,2025-12-08 00:02:30,29086.0,29000,86.0
B1-direct-1,direct,architecture2_1st_run_logs.log,2,31,1,1268.6,2025-12-08 00:02:31,28084.0,28000,84.0
B1-direct-1,direct,architecture2_1st_run_logs.log,2,32,1,1269.6,2025-12-08 00:02:32,27082.0,27000,82.0
B1-direct-1,direct,architecture2_1st_run_logs.log,2,33,1,1274.0,2025-12-08 00:02:33,26080.0,26000,80.0
B1-direct-1,direct,architecture2_1st_run_logs.log,2,34,1,1270.5,2025-12-08 00:02:34,25078.0,25000,78.0
B1-direct-1,direct,architecture2_1st_run_logs.log,2,35,1,1271.8,2025-12-08 00:02:35,24075.0,24000,75.0
B1-direct-1,direct,architecture2_1st_run_logs.log,2,36,1,1270.9,2025-12-08 00:02:36,23072.0,23000,72.0
B1-direct-1,direct,architecture2_1st_run_logs.log,2,37,1,1269.2,2025-12-08 00:02:37,22070.0,22000,70.0
B1-direct-1,direct,architecture2_1st_run_logs.log,2,38,1,1271.1,2025-12-08 00:02:38,21068.0,21000,68.0
B1-direct-1,direct,architecture2_1st_run_logs.log,2,39,1,1273.3,2025-12-08 00:02:39,20065.0,20000,65.0
B1-direct-1,direct,architecture2_1st_run_logs.log,2,40,1,1272.9,2025-12-08 00:02:40,19062.0,19000,62.0
B1-direct-1,direct,architecture2_1st_run_logs.log,2,41,1,1277.5,2025-12-08 00:02:41,18060.0,18000,60.0
B1-direct-1,direct,architecture2_1st_run_logs.log,2,42,1,1269.7,2025-12-08 00:02:42,17057.0,17000,57.0
B1-direct-1,direct,architecture2_1st_run_logs.log,2,43,1,1266.1,2025-12-08 00:02:43,16055.0,16000,55.0
B1-direct-1,direct,architecture2_1st_run_logs.log,2,44,1,1271.0,2025-12-08 00:02:44,15052.0,15000,52.0
B1-direct-1,direct,architecture2_1st_run_logs.log,2,45,1,1269.3,2025-12-08 00:02:45,14050.0,14000,50.0
B1-direct-1,direct,architecture2_1st_run_logs.log,2,46,1,1272.8,2025-12-08 00:02:46,13047.0,13000,47.0
B1-direct-1,direct,architecture2_1st_run_logs.log,2,47,1,1274.3,2025-12-08 00:02:47,12045.0,12000,45.0
B1-direct-1,direct,architecture2_1st_run_logs.log,2,48,1,1269.5,2025-12-08 00:02:48,11042.0,11000,42.0
B1-direct-1,direct,architecture2_1st_run_logs.log,2,49,1,1268.6,2025-12-08 00:02:49,10039.0,10000,39.0
B1-direct-1,direct,architecture2_1st_run_logs.log,2,50,1,1269.2,2025-12-08 00:02:50,9036.0,9000,36.0
B1-direct-1,direct,architecture2_1st_run_logs.log,2,51,1,1272.9,2025-12-08 00:02:51,8035.0,8000,35.0
B1-direct-1,direct,architecture2_1st_run_logs.log,2,52,1,1269.6,2025-12-08 00:02:52,7031.0,7000,31.0
B1-direct-1,direct,architecture2_1st_run_logs.log,2,53,1,1269.1,2025-12-08 00:02:53,6030.0,6000,30.0
B1-direct-1,direct,architecture2_1st_run_logs.log,2,54,1,1265.1,2025-12-08 00:02:54,5028.0,5000,28.0
B1-direct-1,direct,architecture2_1st_run_logs.log,2,55,1,1269.0,2025-12-08 00:02:55,4026.0,4000,26.0
B1-direct-1,direct,architecture2_1st_run_logs.log,2,56,1,1269.0,2025-12-08 00:02:56,3023.0,3000,23.0
B1-direct-1,direct,architecture2_1st_run_logs.log,2,57,1,1273.6,2025-12-08 00:02:57,2020.0,2000,20.0
B1-direct-1,direct,architecture2_1st_run_logs.log,2,58,1,1269.1,2025-12-08 00:02:58,1018.0,1000,18.0
B1-direct-1,direct,architecture2_1st_run_logs.log,2,59,1,1277.4,2025-12-08 00:02:59,16.0,0,16.0
B1-direct-1,direct,architecture2_1st_run_logs.log,3,0,1,1271.2,2025-12-08 00:03:00,59128.0,59000,128.0
B1-direct-1,direct,architecture2_1st_run_logs.log,3,1,1,1273.9,2025-12-08 00:03:01,58127.0,58000,127.0
B1-direct-1,direct,architecture2_1st_run_logs.log,3,2,1,1271.9,2025-12-08 00:03:02,57126.0,57000,126.0
B1-direct-1,direct,architecture2_1st_run_logs.log,3,3,1,1269.8,2025-12-08 00:03:03,56124.0,56000,124.0
B1-direct-1,direct,architecture2_1st_run_logs.log,3,4,1,1285.8,2025-12-08 00:03:04,55123.0,55000,123.0
B1-direct-1,direct,architecture2_1st_run_logs.log,3,5,1,1270.1,2025-12-08 00:03:05,54121.0,54000,121.0
B1-direct-1,direct,architecture2_1st_run_logs.log,3,6,1,1291.2,2025-12-08 00:03:06,53119.0,53000,119.0
B1-direct-1,direct,architecture2_1st_run_logs.log,3,7,1,1266.4,2025-12-08 00:03:07,52117.0,52000,117.0
B1-direct-1,direct,architecture2_1st_run_logs.log,3,8,1,1264.3,2025-12-08 00:03:08,51115.0,51000,115.0
B1-direct-1,direct,architecture2_1st_run_logs.log,3,9,1,1275.5,2025-12-08 00:03:09,50112.0,50000,112.0
B1-direct-1,direct,architecture2_1st_run_logs.log,3,10,1,1272.3,2025-12-08 00:03:10,49110.0,49000,110.0
B1-direct-1,direct,architecture2_1st_run_logs.log,3,11,1,1268.3,2025-12-08 00:03:11,48108.0,48000,108.0
B1-direct-1,direct,architecture2_1st_run_logs.log,3,12,1,1271.6,2025-12-08 00:03:12,47107.0,47000,107.0
B1-direct-1,direct,architecture2_1st_run_logs.log,3,13,1,1267.8,2025-12-08 00:03:13,46106.0,46000,106.0
B1-direct-1,direct,architecture2_1st_run_logs.log,3,14,1,1269.1,2025-12-08 00:03:14,45103.0,45000,103.0
B1-direct-1,direct,architecture2_1st_run_logs.log,3,15,1,1279.5,2025-12-08 00:03:15,44101.0,44000,101.0
B1-direct-1,direct,architecture2_1st_run_logs.log,3,16,1,1265.1,2025-12-08 00:03:16,43099.0,43000,99.0
B1-direct-1,direct,architecture2_1st_run_logs.log,3,17,1,1267.3,2025-12-08 00:03:17,42098.0,42000,98.0
B1-direct-1,direct,architecture2_1st_run_logs.log,3,18,1,1271.7,2025-12-08 00:03:18,41096.0,41000,96.0
B1-direct-1,direct,architecture2_1st_run_logs.log,3,19,1,1273.7,2025-12-08 00:03:19,40095.0,40000,95.0
B1-direct-1,direct,architecture2_1st_run_logs.log,3,20,1,1271.5,2025-12-08 00:03:20,39093.0,39000,93.0
B1-direct-1,direct,architecture2_1st_run_logs.log,3,21,1,1275.9,2025-12-08 00:03:21,38092.0,38000,92.0
B1-direct-1,direct,architecture2_1st_run_logs.log,3,22,1,1274.3,2025-12-08 00:03:22,37090.0,37000,90.0
B1-direct-1,direct,architecture2_1st_run_logs.log,3,23,1,1280.4,2025-12-08 00:03:23,36089.0,36000,89.0
B1-direct-1,direct,architecture2_1st_run_logs.log,3,24,1,1283.8,2025-12-08 00:03:24,35087.0,35000,87.0
B1-direct-1,direct,architecture2_1st_run_logs.log,3,25,1,1263.9,2025-12-08 00:03:25,34085.0,34000,85.0
B1-direct-1,direct,architecture2_1st_run_logs.log,3,26,1,1270.2,2025-12-08 00:03:26,33084.0,33000,84.0
B1-direct-1,direct,architecture2_1st_run_logs.log,3,27,1,1307.2,2025-12-08 00:03:27,32083.0,32000,83.0
B1-direct-1,direct,architecture2_1st_run_logs.log,3,28,1,1400.8,2025-12-08 00:03:28,31081.0,31000,81.0
B1-direct-1,direct,architecture2_1st_run_logs.log,3,29,1,1377.4,2025-12-08 00:03:29,30079.0,30000,79.0
B1-direct-1,direct,architecture2_1st_run_logs.log,3,30,1,1377.1,2025-12-08 00:03:30,29077.0,29000,77.0
B1-direct-1,direct,architecture2_1st_run_logs.log,3,31,1,1377.2,2025-12-08 00:03:31,28075.0,28000,75.0
B1-direct-1,direct,architecture2_1st_run_logs.log,3,32,1,1377.5,2025-12-08 00:03:32,27074.0,27000,74.0
B1-direct-1,direct,architecture2_1st_run_logs.log,3,33,1,1380.9,2025-12-08 00:03:33,26072.0,26000,72.0
B1-direct-1,direct,architecture2_1st_run_logs.log,3,34,1,1385.2,2025-12-08 00:03:34,25069.0,25000,69.0
B1-direct-1,direct,architecture2_1st_run_logs.log,3,35,1,1390.8,2025-12-08 00:03:35,24067.0,24000,67.0
B1-direct-1,direct,architecture2_1st_run_logs.log,3,36,1,1366.7,2025-12-08 00:03:36,23065.0,23000,65.0
B1-direct-1,direct,architecture2_1st_run_logs.log,3,37,1,1379.2,2025-12-08 00:03:37,22064.0,22000,64.0
B1-direct-1,direct,architecture2_1st_run_logs.log,3,38,1,1378.3,2025-12-08 00:03:38,21062.0,21000,62.0
B1-direct-1,direct,architecture2_1st_run_logs.log,3,39,1,1380.6,2025-12-08 00:03:39,20059.0,20000,59.0
B1-direct-1,direct,architecture2_1st_run_logs.log,3,40,1,1381.1,2025-12-08 00:03:40,19057.0,19000,57.0
B1-direct-1,direct,architecture2_1st_run_logs.log,3,41,1,1374.5,2025-12-08 00:03:41,18055.0,18000,55.0
B1-direct-1,direct,architecture2_1st_run_logs.log,3,42,1,1382.2,2025-12-08 00:03:42,17053.0,17000,53.0
B1-direct-1,direct,architecture2_1st_run_logs.log,3,43,1,1373.4,2025-12-08 00:03:43,16052.0,16000,52.0
B1-direct-1,direct,architecture2_1st_run_logs.log,3,44,1,1379.1,2025-12-08 00:03:44,15049.0,15000,49.0
B1-direct-1,direct,architecture2_1st_run_logs.log,3,45,1,1376.6,2025-12-08 00:03:45,14048.0,14000,48.0
B1-direct-1,direct,architecture2_1st_run_logs.log,3,46,1,1376.0,2025-12-08 00:03:46,13047.0,13000,47.0
B1-direct-1,direct,architecture2_1st_run_logs.log,3,47,1,1375.1,2025-12-08 00:03:47,12044.0,12000,44.0
B1-direct-1,direct,architecture2_1st_run_logs.log,3,48,1,1376.3,2025-12-08 00:03:48,11042.0,11000,42.0
B1-direct-1,direct,architecture2_1st_run_logs.log,3,49,1,1374.8,2025-12-08 00:03:49,10039.0,10000,39.0
B1-direct-1,direct,architecture2_1st_run_logs.log,3,50,1,1374.6,2025-12-08 00:03:50,9037.0,9000,37.0
B1-direct-1,direct,architecture2_1st_run_logs.log,3,51,1,1377.9,2025-12-08 00:03:51,8035.0,8000,35.0
B1-direct-1,direct,architecture2_1st_run_logs.log,3,52,1,1382.4,2025-12-08 00:03:52,7033.0,7000,33.0
B1-direct-1,direct,architecture2_1st_run_logs.log,3,53,1,1386.4,2025-12-08 00:03:53,6032.0,6000,32.0
B1-direct-1,direct,architecture2_1st_run_logs.log,3,54,1,1383.3,2025-12-08 00:03:54,5031.0,5000,31.0
B1-direct-1,direct,architecture2_1st_run_logs.log,3,55,1,1376.1,2025-12-08 00:03:55,4030.0,4000,30.0
B1-direct-1,direct,architecture2_1st_run_logs.log,3,56,1,1405.4,2025-12-08 00:03:56,3028.0,3000,28.0
B1-direct-1,direct,architecture2_1st_run_logs.log,3,57,1,1447.6,2025-12-08 00:03:57,2027.0,2000,27.0
B1-direct-1,direct,architecture2_1st_run_logs.log,3,58,1,1438.7,2025-12-08 00:03:58,1025.0,1000,25.0
B1-direct-1,direct,architecture2_1st_run_logs.log,3,59,1,1437.0,2025-12-08 00:03:59,22.0,0,22.0
B1-direct-1,direct,architecture2_1st_run_logs.log,4,0,1,1447.4,2025-12-08 00:04:00,59133.0,59000,133.0
B1-direct-1,direct,architecture2_1st_run_logs.log,4,1,1,1447.4,2025-12-08 00:04:01,58132.0,58000,132.0
B1-direct-1,direct,architecture2_1st_run_logs.log,4,2,1,1437.7,2025-12-08 00:04:02,57131.0,57000,131.0
B1-direct-1,direct,architecture2_1st_run_logs.log,4,3,1,1439.2,2025-12-08 00:04:03,56130.0,56000,130.0
B1-direct-1,direct,architecture2_1st_run_logs.log,4,4,1,1441.2,2025-12-08 00:04:04,55129.0,55000,129.0
B1-direct-1,direct,architecture2_1st_run_logs.log,4,5,1,1443.6,2025-12-08 00:04:05,54127.0,54000,127.0
B1-direct-1,direct,architecture2_1st_run_logs.log,4,6,1,1451.0,2025-12-08 00:04:06,53125.0,53000,125.0
B1-direct-1,direct,architecture2_1st_run_logs.log,4,7,1,1440.2,2025-12-08 00:04:07,52123.0,52000,123.0
B1-direct-1,direct,architecture2_1st_run_logs.log,4,8,1,1446.8,2025-12-08 00:04:08,51122.0,51000,122.0
B1-direct-1,direct,architecture2_1st_run_logs.log,4,9,1,1444.9,2025-12-08 00:04:09,50119.0,50000,119.0
B1-direct-1,direct,architecture2_1st_run_logs.log,4,10,1,1443.8,2025-12-08 00:04:10,49117.0,49000,117.0
B1-direct-1,direct,architecture2_1st_run_logs.log,4,11,1,1441.1,2025-12-08 00:04:11,48115.0,48000,115.0
B1-direct-1,direct,architecture2_1st_run_logs.log,4,12,1,1447.9,2025-12-08 00:04:12,47113.0,47000,113.0
B1-direct-1,direct,architecture2_1st_run_logs.log,4,13,1,1434.4,2025-12-08 00:04:13,46110.0,46000,110.0
B1-direct-1,direct,architecture2_1st_run_logs.log,4,14,1,1432.2,2025-12-08 00:04:14,45108.0,45000,108.0
B1-direct-1,direct,architecture2_1st_run_logs.log,4,15,1,1442.3,2025-12-08 00:04:15,44105.0,44000,105.0
B1-direct-1,direct,architecture2_1st_run_logs.log,4,16,1,1448.0,2025-12-08 00:04:16,43103.0,43000,103.0
B1-direct-1,direct,architecture2_1st_run_logs.log,4,17,1,1439.5,2025-12-08 00:04:17,42102.0,42000,102.0
B1-direct-1,direct,architecture2_1st_run_logs.log,4,18,1,1438.1,2025-12-08 00:04:18,41100.0,41000,100.0
B1-direct-1,direct,architecture2_1st_run_logs.log,4,19,1,1444.6,2025-12-08 00:04:19,40098.0,40000,98.0
B1-direct-1,direct,architecture2_1st_run_logs.log,4,20,1,1446.1,2025-12-08 00:04:20,39095.0,39000,95.0
B1-direct-1,direct,architecture2_1st_run_logs.log,4,21,1,1445.6,2025-12-08 00:04:21,38093.0,38000,93.0
B1-direct-1,direct,architecture2_1st_run_logs.log,4,22,1,1448.8,2025-12-08 00:04:22,37091.0,37000,91.0
B1-direct-1,direct,architecture2_1st_run_logs.log,4,23,1,1433.7,2025-12-08 00:04:23,36089.0,36000,89.0
B1-direct-1,direct,architecture2_1st_run_logs.log,4,24,1,1436.8,2025-12-08 00:04:24,35086.0,35000,86.0
B1-direct-1,direct,architecture2_1st_run_logs.log,4,25,1,1446.8,2025-12-08 00:04:25,34084.0,34000,84.0
B1-direct-1,direct,architecture2_1st_run_logs.log,4,26,1,1440.7,2025-12-08 00:04:26,33081.0,33000,81.0
B1-direct-1,direct,architecture2_1st_run_logs.log,4,27,1,1445.4,2025-12-08 00:04:27,32079.0,32000,79.0
B1-direct-1,direct,architecture2_1st_run_logs.log,4,28,1,1446.4,2025-12-08 00:04:28,31077.0,31000,77.0
B1-direct-1,direct,architecture2_1st_run_logs.log,4,29,1,1455.5,2025-12-08 00:04:29,30075.0,30000,75.0
B1-direct-1,direct,architecture2_1st_run_logs.log,4,30,1,1439.8,2025-12-08 00:04:30,29073.0,29000,73.0
B1-direct-1,direct,architecture2_1st_run_logs.log,4,31,1,1435.1,2025-12-08 00:04:31,28071.0,28000,71.0
B1-direct-1,direct,architecture2_1st_run_logs.log,4,32,1,1450.0,2025-12-08 00:04:32,27069.0,27000,69.0
B1-direct-1,direct,architecture2_1st_run_logs.log,4,33,1,1436.3,2025-12-08 00:04:33,26067.0,26000,67.0
B1-direct-1,direct,architecture2_1st_run_logs.log,4,34,1,1436.4,2025-12-08 00:04:34,25065.0,25000,65.0
B1-direct-1,direct,architecture2_1st_run_logs.log,4,35,1,1430.8,2025-12-08 00:04:35,24063.0,24000,63.0
B1-direct-1,direct,architecture2_1st_run_logs.log,4,36,1,1453.1,2025-12-08 00:04:36,23060.0,23000,60.0
B1-direct-1,direct,architecture2_1st_run_logs.log,4,37,1,1519.4,2025-12-08 00:04:37,22058.0,22000,58.0
B1-direct-1,direct,architecture2_1st_run_logs.log,4,38,1,1517.6,2025-12-08 00:04:38,21057.0,21000,57.0
B1-direct-1,direct,architecture2_1st_run_logs.log,4,39,1,1517.7,2025-12-08 00:04:39,20055.0,20000,55.0
B1-direct-1,direct,architecture2_1st_run_logs.log,4,40,1,1519.5,2025-12-08 00:04:40,19053.0,19000,53.0
B1-direct-1,direct,architecture2_1st_run_logs.log,4,41,1,1525.4,2025-12-08 00:04:41,18051.0,18000,51.0
B1-direct-1,direct,architecture2_1st_run_logs.log,4,42,1,1522.1,2025-12-08 00:04:42,17049.0,17000,49.0
B1-direct-1,direct,architecture2_1st_run_logs.log,4,43,1,1521.4,2025-12-08 00:04:43,16046.0,16000,46.0
B1-direct-1,direct,architecture2_1st_run_logs.log,4,44,1,1523.2,2025-12-08 00:04:44,15044.0,15000,44.0
B1-direct-1,direct,architecture2_1st_run_logs.log,4,45,1,1525.5,2025-12-08 00:04:45,14042.0,14000,42.0
B1-direct-1,direct,architecture2_1st_run_logs.log,4,46,1,1525.0,2025-12-08 00:04:46,13040.0,13000,40.0
B1-direct-1,direct,architecture2_1st_run_logs.log,4,47,1,1523.2,2025-12-08 00:04:47,12039.0,12000,39.0
B1-direct-1,direct,architecture2_1st_run_logs.log,4,48,1,1525.8,2025-12-08 00:04:48,11038.0,11000,38.0
B1-direct-1,direct,architecture2_1st_run_logs.log,4,49,1,1522.6,2025-12-08 00:04:49,10036.0,10000,36.0
B1-direct-1,direct,architecture2_1st_run_logs.log,4,50,1,1529.2,2025-12-08 00:04:50,9035.0,9000,35.0
B1-direct-1,direct,architecture2_1st_run_logs.log,4,51,1,1529.3,2025-12-08 00:04:51,8033.0,8000,33.0
B1-direct-1,direct,architecture2_1st_run_logs.log,4,52,1,1528.0,2025-12-08 00:04:52,7032.0,7000,32.0
B1-direct-1,direct,architecture2_1st_run_logs.log,4,53,1,1520.6,2025-12-08 00:04:53,6030.0,6000,30.0
B1-direct-1,direct,architecture2_1st_run_logs.log,4,54,1,1516.6,2025-12-08 00:04:54,5029.0,5000,29.0
B1-direct-1,direct,architecture2_1st_run_logs.log,4,55,1,1515.9,2025-12-08 00:04:55,4027.0,4000,27.0
B1-direct-1,direct,architecture2_1st_run_logs.log,4,56,1,1516.2,2025-12-08 00:04:56,3025.0,3000,25.0
B1-direct-1,direct,architecture2_1st_run_logs.log,4,57,1,1523.6,2025-12-08 00:04:57,2024.0,2000,24.0
B1-direct-1,direct,architecture2_1st_run_logs.log,4,58,1,1520.8,2025-12-08 00:04:58,1022.0,1000,22.0
B1-direct-1,direct,architecture2_1st_run_logs.log,4,59,1,1518.0,2025-12-08 00:04:59,20.0,0,20.0
B1-direct-1,direct,architecture2_1st_run_logs.log,5,0,1,1519.6,2025-12-08 00:05:00,59123.0,59000,123.0
B1-direct-1,direct,architecture2_1st_run_logs.log,5,1,1,1523.3,2025-12-08 00:05:01,58123.0,58000,123.0
B1-direct-1,direct,architecture2_1st_run_logs.log,5,2,1,1518.2,2025-12-08 00:05:02,57122.0,57000,122.0
B1-direct-1,direct,architecture2_1st_run_logs.log,5,3,1,1520.7,2025-12-08 00:05:03,56121.0,56000,121.0
B1-direct-1,direct,architecture2_1st_run_logs.log,5,4,1,1521.0,2025-12-08 00:05:04,55120.0,55000,120.0
B1-direct-1,direct,architecture2_1st_run_logs.log,5,5,1,1519.3,2025-12-08 00:05:05,54118.0,54000,118.0
B1-direct-1,direct,architecture2_1st_run_logs.log,5,6,1,1525.3,2025-12-08 00:05:06,53116.0,53000,116.0
B1-direct-1,direct,architecture2_1st_run_logs.log,5,7,1,1533.0,2025-12-08 00:05:07,52114.0,52000,114.0
B1-direct-1,direct,architecture2_1st_run_logs.log,5,8,1,1517.4,2025-12-08 00:05:08,51112.0,51000,112.0
B1-direct-1,direct,architecture2_1st_run_logs.log,5,9,1,1526.6,2025-12-08 00:05:09,50110.0,50000,110.0
B1-direct-1,direct,architecture2_1st_run_logs.log,5,10,1,1537.7,2025-12-08 00:05:10,49108.0,49000,108.0
B1-direct-1,direct,architecture2_1st_run_logs.log,5,11,1,1518.0,2025-12-08 00:05:11,48105.0,48000,105.0
B1-direct-1,direct,architecture2_1st_run_logs.log,5,12,1,1518.7,2025-12-08 00:05:12,47103.0,47000,103.0
B1-direct-1,direct,architecture2_1st_run_logs.log,5,13,1,1518.7,2025-12-08 00:05:13,46101.0,46000,101.0
B1-direct-1,direct,architecture2_1st_run_logs.log,5,14,1,1519.6,2025-12-08 00:05:14,45100.0,45000,100.0
B1-direct-1,direct,architecture2_1st_run_logs.log,5,15,1,1524.2,2025-12-08 00:05:15,44099.0,44000,99.0
B1-direct-1,direct,architecture2_1st_run_logs.log,5,16,1,1526.9,2025-12-08 00:05:16,43097.0,43000,97.0
B1-direct-1,direct,architecture2_1st_run_logs.log,5,17,1,1526.4,2025-12-08 00:05:17,42095.0,42000,95.0
B1-direct-1,direct,architecture2_1st_run_logs.log,5,18,1,1521.5,2025-12-08 00:05:18,41094.0,41000,94.0
B1-direct-1,direct,architecture2_1st_run_logs.log,5,19,1,1528.6,2025-12-08 00:05:19,40092.0,40000,92.0
B1-direct-1,direct,architecture2_1st_run_logs.log,5,20,1,1528.6,2025-12-08 00:05:20,39090.0,39000,90.0
B1-direct-1,direct,architecture2_1st_run_logs.log,5,21,1,1529.4,2025-12-08 00:05:21,38089.0,38000,89.0
B1-direct-1,direct,architecture2_1st_run_logs.log,5,22,1,1526.4,2025-12-08 00:05:22,37087.0,37000,87.0
B1-direct-1,direct,architecture2_1st_run_logs.log,5,23,1,1522.6,2025-12-08 00:05:23,36086.0,36000,86.0
B1-direct-1,direct,architecture2_1st_run_logs.log,5,24,1,1523.5,2025-12-08 00:05:24,35085.0,35000,85.0
B1-direct-1,direct,architecture2_1st_run_logs.log,5,25,1,1521.9,2025-12-08 00:05:25,34084.0,34000,84.0
B1-direct-1,direct,architecture2_1st_run_logs.log,5,26,1,1586.5,2025-12-08 00:05:26,33082.0,33000,82.0
B1-direct-1,direct,architecture2_1st_run_logs.log,5,27,1,1641.7,2025-12-08 00:05:27,32081.0,32000,81.0
B1-direct-1,direct,architecture2_1st_run_logs.log,5,28,1,1661.5,2025-12-08 00:05:28,31079.0,31000,79.0
B1-direct-1,direct,architecture2_1st_run_logs.log,5,29,1,1650.5,2025-12-08 00:05:29,30078.0,30000,78.0
B1-direct-1,direct,architecture2_1st_run_logs.log,5,30,1,1658.5,2025-12-08 00:05:30,29076.0,29000,76.0
B1-direct-1,direct,architecture2_1st_run_logs.log,5,31,1,1678.8,2025-12-08 00:05:31,28074.0,28000,74.0
B1-direct-1,direct,architecture2_1st_run_logs.log,5,32,1,1661.6,2025-12-08 00:05:32,27073.0,27000,73.0
B1-direct-1,direct,architecture2_1st_run_logs.log,5,33,1,1675.6,2025-12-08 00:05:33,26071.0,26000,71.0
B1-direct-1,direct,architecture2_1st_run_logs.log,5,34,1,1655.6,2025-12-08 00:05:34,25069.0,25000,69.0
B1-direct-1,direct,architecture2_1st_run_logs.log,5,35,1,1658.7,2025-12-08 00:05:35,24067.0,24000,67.0
B1-direct-1,direct,architecture2_1st_run_logs.log,5,36,1,1659.3,2025-12-08 00:05:36,23066.0,23000,66.0
B1-direct-1,direct,architecture2_1st_run_logs.log,5,37,1,1659.2,2025-12-08 00:05:37,22065.0,22000,65.0
B1-direct-1,direct,architecture2_1st_run_logs.log,5,38,1,1654.4,2025-12-08 00:05:38,21063.0,21000,63.0
B1-direct-1,direct,architecture2_1st_run_logs.log,5,39,1,1657.6,2025-12-08 00:05:39,20061.0,20000,61.0
B1-direct-1,direct,architecture2_1st_run_logs.log,5,40,1,1660.4,2025-12-08 00:05:40,19059.0,19000,59.0
B1-direct-1,direct,architecture2_1st_run_logs.log,5,41,1,1658.5,2025-12-08 00:05:41,18056.0,18000,56.0
B1-direct-1,direct,architecture2_1st_run_logs.log,5,42,1,1658.1,2025-12-08 00:05:42,17054.0,17000,54.0
B1-direct-1,direct,architecture2_1st_run_logs.log,5,43,1,1660.9,2025-12-08 00:05:43,16052.0,16000,52.0
B1-direct-1,direct,architecture2_1st_run_logs.log,5,44,1,1656.0,2025-12-08 00:05:44,15050.0,15000,50.0
B1-direct-1,direct,architecture2_1st_run_logs.log,5,45,1,1658.1,2025-12-08 00:05:45,14047.0,14000,47.0
B1-direct-1,direct,architecture2_1st_run_logs.log,5,46,1,1664.1,2025-12-08 00:05:46,13045.0,13000,45.0
B1-direct-1,direct,architecture2_1st_run_logs.log,5,47,1,1653.0,2025-12-08 00:05:47,12043.0,12000,43.0
B1-direct-1,direct,architecture2_1st_run_logs.log,5,48,1,1659.9,2025-12-08 00:05:48,11041.0,11000,41.0
B1-direct-1,direct,architecture2_1st_run_logs.log,5,49,1,1659.2,2025-12-08 00:05:49,10039.0,10000,39.0
B1-direct-1,direct,architecture2_1st_run_logs.log,5,50,1,1661.0,2025-12-08 00:05:50,9036.0,9000,36.0
B1-direct-1,direct,architecture2_1st_run_logs.log,5,51,1,1658.9,2025-12-08 00:05:51,8034.0,8000,34.0
B1-direct-1,direct,architecture2_1st_run_logs.log,5,52,1,1658.9,2025-12-08 00:05:52,7032.0,7000,32.0
B1-direct-1,direct,architecture2_1st_run_logs.log,5,53,1,1656.0,2025-12-08 00:05:53,6030.0,6000,30.0
B1-direct-1,direct,architecture2_1st_run_logs.log,5,54,1,1661.9,2025-12-08 00:05:54,5028.0,5000,28.0
B1-direct-1,direct,architecture2_1st_run_logs.log,5,55,1,1656.5,2025-12-08 00:05:55,4026.0,4000,26.0
B1-direct-1,direct,architecture2_1st_run_logs.log,5,56,1,1656.9,2025-12-08 00:05:56,3024.0,3000,24.0
B1-direct-1,direct,architecture2_1st_run_logs.log,5,57,1,1662.3,2025-12-08 00:05:57,2022.0,2000,22.0
B1-direct-1,direct,architecture2_1st_run_logs.log,5,58,1,1659.5,2025-12-08 00:05:58,1020.0,1000,20.0
B1-direct-1,direct,architecture2_1st_run_logs.log,5,59,1,1656.2,2025-12-08 00:05:59,18.0,0,18.0
B1-direct-1,direct,architecture2_1st_run_logs.log,6,0,1,1665.2,2025-12-08 00:06:00,59129.0,59000,129.0
B1-direct-1,direct,architecture2_1st_run_logs.log,6,1,1,1662.2,2025-12-08 00:06:01,58129.0,58000,129.0
B1-direct-1,direct,architecture2_1st_run_logs.log,6,2,1,1665.4,2025-12-08 00:06:02,57128.0,57000,128.0
B1-direct-1,direct,architecture2_1st_run_logs.log,6,3,1,1661.2,2025-12-08 00:06:03,56127.0,56000,127.0
B1-direct-1,direct,architecture2_1st_run_logs.log,6,4,1,1657.8,2025-12-08 00:06:04,55126.0,55000,126.0
B1-direct-1,direct,architecture2_1st_run_logs.log,6,5,1,1660.2,2025-12-08 00:06:05,54124.0,54000,124.0
B1-direct-1,direct,architecture2_1st_run_logs.log,6,6,1,1660.8,2025-12-08 00:06:06,53122.0,53000,122.0
B1-direct-1,direct,architecture2_1st_run_logs.log,6,7,1,1662.0,2025-12-08 00:06:07,52120.0,52000,120.0
B1-direct-1,direct,architecture2_1st_run_logs.log,6,8,1,1657.4,2025-12-08 00:06:08,51118.0,51000,118.0
B1-direct-1,direct,architecture2_1st_run_logs.log,6,9,1,1667.2,2025-12-08 00:06:09,50116.0,50000,116.0
B1-direct-1,direct,architecture2_1st_run_logs.log,6,10,1,1669.9,2025-12-08 00:06:10,49115.0,49000,115.0
B1-direct-1,direct,architecture2_1st_run_logs.log,6,11,1,1659.0,2025-12-08 00:06:11,48113.0,48000,113.0
B1-direct-1,direct,architecture2_1st_run_logs.log,6,12,1,1677.0,2025-12-08 00:06:12,47111.0,47000,111.0
B1-direct-1,direct,architecture2_1st_run_logs.log,6,13,1,1662.9,2025-12-08 00:06:13,46109.0,46000,109.0
B1-direct-1,direct,architecture2_1st_run_logs.log,6,14,1,1659.6,2025-12-08 00:06:14,45106.0,45000,106.0
B1-direct-1,direct,architecture2_1st_run_logs.log,6,15,1,1661.2,2025-12-08 00:06:15,44104.0,44000,104.0
B1-direct-1,direct,architecture2_1st_run_logs.log,6,16,1,1656.5,2025-12-08 00:06:16,43102.0,43000,102.0
B1-direct-1,direct,architecture2_1st_run_logs.log,6,17,1,1657.6,2025-12-08 00:06:17,42100.0,42000,100.0
B1-direct-1,direct,architecture2_1st_run_logs.log,6,18,1,1676.1,2025-12-08 00:06:18,41081.0,41000,81.0
B1-direct-1,direct,architecture2_1st_run_logs.log,6,19,1,1667.9,2025-12-08 00:06:19,40079.0,40000,79.0
B1-direct-1,direct,architecture2_1st_run_logs.log,6,20,1,1663.4,2025-12-08 00:06:20,39078.0,39000,78.0
B1-direct-1,direct,architecture2_1st_run_logs.log,6,21,1,1660.5,2025-12-08 00:06:21,38076.0,38000,76.0
B1-direct-1,direct,architecture2_1st_run_logs.log,6,22,1,1662.1,2025-12-08 00:06:22,37073.0,37000,73.0
B1-direct-1,direct,architecture2_1st_run_logs.log,6,23,1,1662.5,2025-12-08 00:06:23,36071.0,36000,71.0
B1-direct-1,direct,architecture2_1st_run_logs.log,6,24,1,1661.6,2025-12-08 00:06:24,35069.0,35000,69.0
B1-direct-1,direct,architecture2_1st_run_logs.log,6,25,1,1660.0,2025-12-08 00:06:25,34068.0,34000,68.0
B1-direct-1,direct,architecture2_1st_run_logs.log,6,26,1,1669.5,2025-12-08 00:06:26,33066.0,33000,66.0
B1-direct-1,direct,architecture2_1st_run_logs.log,6,27,1,1659.9,2025-12-08 00:06:27,32064.0,32000,64.0
B1-direct-1,direct,architecture2_1st_run_logs.log,6,28,1,1663.0,2025-12-08 00:06:28,31063.0,31000,63.0
B1-direct-1,direct,architecture2_1st_run_logs.log,6,29,1,1657.2,2025-12-08 00:06:29,30061.0,30000,61.0
B1-direct-1,direct,architecture2_1st_run_logs.log,6,30,1,1660.4,2025-12-08 00:06:30,29060.0,29000,60.0
B1-direct-1,direct,architecture2_1st_run_logs.log,6,31,1,1660.3,2025-12-08 00:06:31,28059.0,28000,59.0
B1-direct-1,direct,architecture2_1st_run_logs.log,6,32,1,1670.6,2025-12-08 00:06:32,27058.0,27000,58.0
B1-direct-1,direct,architecture2_1st_run_logs.log,6,33,1,1662.7,2025-12-08 00:06:33,26057.0,26000,57.0
B1-direct-1,direct,architecture2_1st_run_logs.log,6,34,1,1660.2,2025-12-08 00:06:34,25056.0,25000,56.0
B1-direct-1,direct,architecture2_1st_run_logs.log,6,35,1,1658.2,2025-12-08 00:06:35,24055.0,24000,55.0
B1-direct-1,direct,architecture2_1st_run_logs.log,6,36,1,1658.5,2025-12-08 00:06:36,23054.0,23000,54.0
B1-direct-1,direct,architecture2_1st_run_logs.log,6,37,1,1659.8,2025-12-08 00:06:37,22052.0,22000,52.0
B1-direct-1,direct,architecture2_1st_run_logs.log,6,38,1,1660.9,2025-12-08 00:06:38,21051.0,21000,51.0
B1-direct-1,direct,architecture2_1st_run_logs.log,6,39,1,1663.8,2025-12-08 00:06:39,20049.0,20000,49.0
B1-direct-1,direct,architecture2_1st_run_logs.log,6,40,1,1656.1,2025-12-08 00:06:40,19047.0,19000,47.0
B1-direct-1,direct,architecture2_1st_run_logs.log,6,41,1,1660.8,2025-12-08 00:06:41,18046.0,18000,46.0
B1-direct-1,direct,architecture2_1st_run_logs.log,6,42,1,1663.3,2025-12-08 00:06:42,17044.0,17000,44.0
B1-direct-1,direct,architecture2_1st_run_logs.log,6,43,1,1661.1,2025-12-08 00:06:43,16043.0,16000,43.0
B1-direct-1,direct,architecture2_1st_run_logs.log,6,44,1,1664.5,2025-12-08 00:06:44,15042.0,15000,42.0
B1-direct-1,direct,architecture2_1st_run_logs.log,6,45,1,1660.4,2025-12-08 00:06:45,14040.0,14000,40.0
B1-direct-1,direct,architecture2_1st_run_logs.log,6,46,1,1660.0,2025-12-08 00:06:46,13038.0,13000,38.0
B1-direct-1,direct,architecture2_1st_run_logs.log,6,47,1,1657.3,2025-12-08 00:06:47,12037.0,12000,37.0
B1-direct-1,direct,architecture2_1st_run_logs.log,6,48,1,1662.7,2025-12-08 00:06:48,11035.0,11000,35.0
B1-direct-1,direct,architecture2_1st_run_logs.log,6,49,1,1663.8,2025-12-08 00:06:49,10033.0,10000,33.0
B1-direct-1,direct,architecture2_1st_run_logs.log,6,50,1,1662.0,2025-12-08 00:06:50,9031.0,9000,31.0
B1-direct-1,direct,architecture2_1st_run_logs.log,6,51,1,1663.6,2025-12-08 00:06:51,8030.0,8000,30.0
B1-direct-1,direct,architecture2_1st_run_logs.log,6,52,1,1658.6,2025-12-08 00:06:52,7028.0,7000,28.0
B1-direct-1,direct,architecture2_1st_run_logs.log,6,53,1,1659.8,2025-12-08 00:06:53,6026.0,6000,26.0
B1-direct-1,direct,architecture2_1st_run_logs.log,6,54,1,1657.2,2025-12-08 00:06:54,5025.0,5000,25.0
B1-direct-1,direct,architecture2_1st_run_logs.log,6,55,1,1661.4,2025-12-08 00:06:55,4023.0,4000,23.0
B1-direct-1,direct,architecture2_1st_run_logs.log,6,56,1,1668.6,2025-12-08 00:06:56,3021.0,3000,21.0
B1-direct-1,direct,architecture2_1st_run_logs.log,6,57,1,1671.0,2025-12-08 00:06:57,2020.0,2000,20.0
B1-direct-1,direct,architecture2_1st_run_logs.log,6,58,1,1661.0,2025-12-08 00:06:58,1018.0,1000,18.0
B1-direct-1,direct,architecture2_1st_run_logs.log,6,59,1,1660.3,2025-12-08 00:06:59,16.0,0,16.0
B1-direct-1,direct,architecture2_1st_run_logs.log,7,0,1,1666.8,2025-12-08 00:07:00,59106.0,59000,106.0
B1-direct-1,direct,architecture2_1st_run_logs.log,7,1,1,1664.8,2025-12-08 00:07:01,58105.0,58000,105.0
B1-direct-1,direct,architecture2_1st_run_logs.log,7,2,1,1665.6,2025-12-08 00:07:02,57105.0,57000,105.0
B1-direct-1,direct,architecture2_1st_run_logs.log,7,3,1,1664.7,2025-12-08 00:07:03,56104.0,56000,104.0
B1-direct-1,direct,architecture2_1st_run_logs.log,7,4,1,1660.1,2025-12-08 00:07:04,55103.0,55000,103.0
B1-direct-1,direct,architecture2_1st_run_logs.log,7,5,1,1657.1,2025-12-08 00:07:05,54102.0,54000,102.0
B1-direct-1,direct,architecture2_1st_run_logs.log,7,6,1,1657.1,2025-12-08 00:07:06,53101.0,53000,101.0
B1-direct-1,direct,architecture2_1st_run_logs.log,7,7,1,1661.0,2025-12-08 00:07:07,52099.0,52000,99.0
B1-direct-1,direct,architecture2_1st_run_logs.log,7,8,1,1656.3,2025-12-08 00:07:08,51097.0,51000,97.0
B1-direct-1,direct,architecture2_1st_run_logs.log,7,9,1,1665.0,2025-12-08 00:07:09,50096.0,50000,96.0
B1-direct-1,direct,architecture2_1st_run_logs.log,7,10,1,1657.6,2025-12-08 00:07:10,49095.0,49000,95.0
B1-direct-1,direct,architecture2_1st_run_logs.log,7,11,1,1662.0,2025-12-08 00:07:11,48094.0,48000,94.0
B1-direct-1,direct,architecture2_1st_run_logs.log,7,12,1,1658.0,2025-12-08 00:07:12,47092.0,47000,92.0
B1-direct-1,direct,architecture2_1st_run_logs.log,7,13,1,1662.1,2025-12-08 00:07:13,46090.0,46000,90.0
B1-direct-1,direct,architecture2_1st_run_logs.log,7,14,1,1658.8,2025-12-08 00:07:14,45089.0,45000,89.0
B1-direct-1,direct,architecture2_1st_run_logs.log,7,15,1,1663.7,2025-12-08 00:07:15,44087.0,44000,87.0
B1-direct-1,direct,architecture2_1st_run_logs.log,7,16,1,1661.0,2025-12-08 00:07:16,43086.0,43000,86.0
B1-direct-1,direct,architecture2_1st_run_logs.log,7,17,1,1661.0,2025-12-08 00:07:17,42084.0,42000,84.0
B1-direct-1,direct,architecture2_1st_run_logs.log,7,18,1,1661.9,2025-12-08 00:07:18,41082.0,41000,82.0
B1-direct-1,direct,architecture2_1st_run_logs.log,7,19,1,1668.6,2025-12-08 00:07:19,40080.0,40000,80.0
B1-direct-1,direct,architecture2_1st_run_logs.log,7,20,1,1667.3,2025-12-08 00:07:20,39079.0,39000,79.0
B1-direct-1,direct,architecture2_1st_run_logs.log,7,21,1,1658.9,2025-12-08 00:07:21,38077.0,38000,77.0
B1-direct-1,direct,architecture2_1st_run_logs.log,7,22,1,1657.3,2025-12-08 00:07:22,37076.0,37000,76.0
B1-direct-1,direct,architecture2_1st_run_logs.log,7,23,1,1663.7,2025-12-08 00:07:23,36074.0,36000,74.0
B1-direct-1,direct,architecture2_1st_run_logs.log,7,24,1,1664.6,2025-12-08 00:07:24,35072.0,35000,72.0
B1-direct-1,direct,architecture2_1st_run_logs.log,7,25,1,1660.6,2025-12-08 00:07:25,34071.0,34000,71.0
B1-direct-1,direct,architecture2_1st_run_logs.log,7,26,1,1665.2,2025-12-08 00:07:26,33070.0,33000,70.0
B1-direct-1,direct,architecture2_1st_run_logs.log,7,27,1,1654.9,2025-12-08 00:07:27,32069.0,32000,69.0
B1-direct-1,direct,architecture2_1st_run_logs.log,7,28,1,1660.4,2025-12-08 00:07:28,31067.0,31000,67.0
B1-direct-1,direct,architecture2_1st_run_logs.log,7,29,1,1660.3,2025-12-08 00:07:29,30065.0,30000,65.0
B1-direct-1,direct,architecture2_1st_run_logs.log,7,30,1,1680.3,2025-12-08 00:07:30,29064.0,29000,64.0
B1-direct-1,direct,architecture2_1st_run_logs.log,7,31,1,1660.4,2025-12-08 00:07:31,28063.0,28000,63.0
B1-direct-1,direct,architecture2_1st_run_logs.log,7,32,1,1662.4,2025-12-08 00:07:32,27061.0,27000,61.0
B1-direct-1,direct,architecture2_1st_run_logs.log,7,33,1,1662.8,2025-12-08 00:07:33,26059.0,26000,59.0
B1-direct-1,direct,architecture2_1st_run_logs.log,7,34,1,1659.9,2025-12-08 00:07:34,25057.0,25000,57.0
B1-direct-1,direct,architecture2_1st_run_logs.log,7,35,1,1660.1,2025-12-08 00:07:35,24055.0,24000,55.0
B1-direct-1,direct,architecture2_1st_run_logs.log,7,36,1,1659.9,2025-12-08 00:07:36,23055.0,23000,55.0
B1-direct-1,direct,architecture2_1st_run_logs.log,7,37,1,1663.0,2025-12-08 00:07:37,22053.0,22000,53.0
B1-direct-1,direct,architecture2_1st_run_logs.log,7,38,1,1662.1,2025-12-08 00:07:38,21051.0,21000,51.0
B1-direct-1,direct,architecture2_1st_run_logs.log,7,39,1,1662.5,2025-12-08 00:07:39,20049.0,20000,49.0
B1-direct-1,direct,architecture2_1st_run_logs.log,7,40,1,1661.6,2025-12-08 00:07:40,19048.0,19000,48.0
B1-direct-1,direct,architecture2_1st_run_logs.log,7,41,1,1662.9,2025-12-08 00:07:41,18047.0,18000,47.0
B1-direct-1,direct,architecture2_1st_run_logs.log,7,42,1,1668.3,2025-12-08 00:07:42,17045.0,17000,45.0
B1-direct-1,direct,architecture2_1st_run_logs.log,7,43,1,1656.1,2025-12-08 00:07:43,16043.0,16000,43.0
B1-direct-1,direct,architecture2_1st_run_logs.log,7,44,1,1652.5,2025-12-08 00:07:44,15041.0,15000,41.0
B1-direct-1,direct,architecture2_1st_run_logs.log,7,45,1,1659.3,2025-12-08 00:07:45,14039.0,14000,39.0
B1-direct-1,direct,architecture2_1st_run_logs.log,7,46,1,1660.9,2025-12-08 00:07:46,13038.0,13000,38.0
B1-direct-1,direct,architecture2_1st_run_logs.log,7,47,1,1664.1,2025-12-08 00:07:47,12036.0,12000,36.0
B1-direct-1,direct,architecture2_1st_run_logs.log,7,48,1,1659.1,2025-12-08 00:07:48,11035.0,11000,35.0
B1-direct-1,direct,architecture2_1st_run_logs.log,7,49,1,1659.9,2025-12-08 00:07:49,10033.0,10000,33.0
B1-direct-1,direct,architecture2_1st_run_logs.log,7,50,1,1659.1,2025-12-08 00:07:50,9032.0,9000,32.0
B1-direct-1,direct,architecture2_1st_run_logs.log,7,51,1,1662.5,2025-12-08 00:07:51,8030.0,8000,30.0
B1-direct-1,direct,architecture2_1st_run_logs.log,7,52,1,1657.8,2025-12-08 00:07:52,7029.0,7000,29.0
B1-direct-1,direct,architecture2_1st_run_logs.log,7,53,1,1658.8,2025-12-08 00:07:53,6027.0,6000,27.0
B1-direct-1,direct,architecture2_1st_run_logs.log,7,54,1,1658.5,2025-12-08 00:07:54,5025.0,5000,25.0
B1-direct-1,direct,architecture2_1st_run_logs.log,7,55,1,1663.4,2025-12-08 00:07:55,4024.0,4000,24.0
B1-direct-1,direct,architecture2_1st_run_logs.log,7,56,1,1667.0,2025-12-08 00:07:56,3023.0,3000,23.0
B1-direct-1,direct,architecture2_1st_run_logs.log,7,57,1,1666.0,2025-12-08 00:07:57,2021.0,2000,21.0
B1-direct-1,direct,architecture2_1st_run_logs.log,7,58,1,1665.2,2025-12-08 00:07:58,1019.0,1000,19.0
B1-direct-1,direct,architecture2_1st_run_logs.log,7,59,1,1663.3,2025-12-08 00:07:59,17.0,0,17.0
B1-direct-1,direct,architecture2_1st_run_logs.log,8,0,1,1666.1,2025-12-08 00:08:00,59098.0,59000,98.0
B1-direct-1,direct,architecture2_1st_run_logs.log,8,1,1,1667.0,2025-12-08 00:08:01,58098.0,58000,98.0
B1-direct-1,direct,architecture2_1st_run_logs.log,8,2,1,1664.3,2025-12-08 00:08:02,57097.0,57000,97.0
B1-direct-1,direct,architecture2_1st_run_logs.log,8,3,1,1660.9,2025-12-08 00:08:03,56096.0,56000,96.0
B1-direct-1,direct,architecture2_1st_run_logs.log,8,4,1,1670.0,2025-12-08 00:08:04,55096.0,55000,96.0
B1-direct-1,direct,architecture2_1st_run_logs.log,8,5,1,1661.1,2025-12-08 00:08:05,54094.0,54000,94.0
B1-direct-1,direct,architecture2_1st_run_logs.log,8,6,1,1663.0,2025-12-08 00:08:06,53093.0,53000,93.0
B1-direct-1,direct,architecture2_1st_run_logs.log,8,7,1,1661.4,2025-12-08 00:08:07,52092.0,52000,92.0
B1-direct-1,direct,architecture2_1st_run_logs.log,8,8,1,1662.5,2025-12-08 00:08:08,51090.0,51000,90.0
B1-direct-1,direct,architecture2_1st_run_logs.log,8,9,1,1662.5,2025-12-08 00:08:09,50088.0,50000,88.0
B1-direct-1,direct,architecture2_1st_run_logs.log,8,10,1,1664.2,2025-12-08 00:08:10,49087.0,49000,87.0
B1-direct-1,direct,architecture2_1st_run_logs.log,8,11,1,1663.6,2025-12-08 00:08:11,48086.0,48000,86.0
B1-direct-1,direct,architecture2_1st_run_logs.log,8,12,1,1664.1,2025-12-08 00:08:12,47085.0,47000,85.0
B1-direct-1,direct,architecture2_1st_run_logs.log,8,13,1,1664.1,2025-12-08 00:08:13,46083.0,46000,83.0
B1-direct-1,direct,architecture2_1st_run_logs.log,8,14,1,1666.4,2025-12-08 00:08:14,45082.0,45000,82.0
B1-direct-1,direct,architecture2_1st_run_logs.log,8,15,1,1659.1,2025-12-08 00:08:15,44080.0,44000,80.0
B1-direct-1,direct,architecture2_1st_run_logs.log,8,16,1,1660.5,2025-12-08 00:08:16,43079.0,43000,79.0
B1-direct-1,direct,architecture2_1st_run_logs.log,8,17,1,1662.7,2025-12-08 00:08:17,42078.0,42000,78.0
B1-direct-1,direct,architecture2_1st_run_logs.log,8,18,1,1662.6,2025-12-08 00:08:18,41077.0,41000,77.0
B1-direct-1,direct,architecture2_1st_run_logs.log,8,19,1,1666.0,2025-12-08 00:08:19,40075.0,40000,75.0
B1-direct-1,direct,architecture2_1st_run_logs.log,8,20,1,1670.3,2025-12-08 00:08:20,39074.0,39000,74.0
B1-direct-1,direct,architecture2_1st_run_logs.log,8,21,1,1661.8,2025-12-08 00:08:21,38074.0,38000,74.0
B1-direct-1,direct,architecture2_1st_run_logs.log,8,22,1,1662.6,2025-12-08 00:08:22,37072.0,37000,72.0
B1-direct-1,direct,architecture2_1st_run_logs.log,8,23,1,1660.8,2025-12-08 00:08:23,36070.0,36000,70.0
B1-direct-1,direct,architecture2_1st_run_logs.log,8,24,1,1673.3,2025-12-08 00:08:24,35068.0,35000,68.0
B1-direct-1,direct,architecture2_1st_run_logs.log,8,25,1,1663.6,2025-12-08 00:08:25,34067.0,34000,67.0
B1-direct-1,direct,architecture2_1st_run_logs.log,8,26,1,1671.3,2025-12-08 00:08:26,33066.0,33000,66.0
B1-direct-1,direct,architecture2_1st_run_logs.log,8,27,1,1663.6,2025-12-08 00:08:27,32064.0,32000,64.0
B1-direct-1,direct,architecture2_1st_run_logs.log,8,28,1,1666.7,2025-12-08 00:08:28,31063.0,31000,63.0
B1-direct-1,direct,architecture2_1st_run_logs.log,8,29,1,1660.9,2025-12-08 00:08:29,30061.0,30000,61.0
B1-direct-1,direct,architecture2_1st_run_logs.log,8,30,1,1666.1,2025-12-08 00:08:30,29059.0,29000,59.0
B1-direct-1,direct,architecture2_1st_run_logs.log,8,31,1,1662.3,2025-12-08 00:08:31,28058.0,28000,58.0
B1-direct-1,direct,architecture2_1st_run_logs.log,8,32,1,1663.4,2025-12-08 00:08:32,27056.0,27000,56.0
B1-direct-1,direct,architecture2_1st_run_logs.log,8,33,1,1668.4,2025-12-08 00:08:33,26054.0,26000,54.0
B1-direct-1,direct,architecture2_1st_run_logs.log,8,34,1,1680.5,2025-12-08 00:08:34,25052.0,25000,52.0
B1-direct-1,direct,architecture2_1st_run_logs.log,8,35,1,1665.1,2025-12-08 00:08:35,24051.0,24000,51.0
B1-direct-1,direct,architecture2_1st_run_logs.log,8,36,1,1666.4,2025-12-08 00:08:36,23050.0,23000,50.0
B1-direct-1,direct,architecture2_1st_run_logs.log,8,37,1,1665.0,2025-12-08 00:08:37,22048.0,22000,48.0
B1-direct-1,direct,architecture2_1st_run_logs.log,8,38,1,1665.5,2025-12-08 00:08:38,21046.0,21000,46.0
B1-direct-1,direct,architecture2_1st_run_logs.log,8,39,1,1667.6,2025-12-08 00:08:39,20045.0,20000,45.0
B1-direct-1,direct,architecture2_1st_run_logs.log,8,40,1,1667.8,2025-12-08 00:08:40,19043.0,19000,43.0
B1-direct-1,direct,architecture2_1st_run_logs.log,8,41,1,1663.8,2025-12-08 00:08:41,18042.0,18000,42.0
B1-direct-1,direct,architecture2_1st_run_logs.log,8,42,1,1678.7,2025-12-08 00:08:42,17040.0,17000,40.0
B1-direct-1,direct,architecture2_1st_run_logs.log,8,43,1,1664.3,2025-12-08 00:08:43,16039.0,16000,39.0
B1-direct-1,direct,architecture2_1st_run_logs.log,8,44,1,1664.6,2025-12-08 00:08:44,15037.0,15000,37.0
B1-direct-1,direct,architecture2_1st_run_logs.log,8,45,1,1669.4,2025-12-08 00:08:45,14035.0,14000,35.0
B1-direct-1,direct,architecture2_1st_run_logs.log,8,46,1,1667.0,2025-12-08 00:08:46,13034.0,13000,34.0
B1-direct-1,direct,architecture2_1st_run_logs.log,8,47,1,1663.1,2025-12-08 00:08:47,12033.0,12000,33.0
B1-direct-1,direct,architecture2_1st_run_logs.log,8,48,1,1664.6,2025-12-08 00:08:48,11031.0,11000,31.0
B1-direct-1,direct,architecture2_1st_run_logs.log,8,49,1,1663.7,2025-12-08 00:08:49,10029.0,10000,29.0
B1-direct-1,direct,architecture2_1st_run_logs.log,8,50,1,1681.2,2025-12-08 00:08:50,9027.0,9000,27.0
B1-direct-1,direct,architecture2_1st_run_logs.log,8,51,1,1675.9,2025-12-08 00:08:51,8027.0,8000,27.0
B1-direct-1,direct,architecture2_1st_run_logs.log,8,52,1,1664.2,2025-12-08 00:08:52,7025.0,7000,25.0
B1-direct-1,direct,architecture2_1st_run_logs.log,8,53,1,1664.9,2025-12-08 00:08:53,6023.0,6000,23.0
B1-direct-1,direct,architecture2_1st_run_logs.log,8,54,1,1664.0,2025-12-08 00:08:54,5021.0,5000,21.0
B1-direct-1,direct,architecture2_1st_run_logs.log,8,55,1,1665.3,2025-12-08 00:08:55,4020.0,4000,20.0
B1-direct-1,direct,architecture2_1st_run_logs.log,8,56,1,1667.1,2025-12-08 00:08:56,3020.0,3000,20.0
B1-direct-1,direct,architecture2_1st_run_logs.log,8,57,1,1667.8,2025-12-08 00:08:57,2018.0,2000,18.0
B1-direct-1,direct,architecture2_1st_run_logs.log,8,58,1,1667.4,2025-12-08 00:08:58,1016.0,1000,16.0
B1-direct-1,direct,architecture2_1st_run_logs.log,8,59,1,1670.1,2025-12-08 00:08:59,14.0,0,14.0
B1-direct-1,direct,architecture2_1st_run_logs.log,9,0,1,1667.0,2025-12-08 00:09:00,59106.0,59000,106.0
B1-direct-1,direct,architecture2_1st_run_logs.log,9,1,1,1669.8,2025-12-08 00:09:01,58105.0,58000,105.0
B1-direct-1,direct,architecture2_1st_run_logs.log,9,2,1,1667.8,2025-12-08 00:09:02,57104.0,57000,104.0
B1-direct-1,direct,architecture2_1st_run_logs.log,9,3,1,1670.5,2025-12-08 00:09:03,56104.0,56000,104.0
B1-direct-1,direct,architecture2_1st_run_logs.log,9,4,1,1670.8,2025-12-08 00:09:04,55103.0,55000,103.0
B1-direct-1,direct,architecture2_1st_run_logs.log,9,5,1,1667.7,2025-12-08 00:09:05,54101.0,54000,101.0
B1-direct-1,direct,architecture2_1st_run_logs.log,9,6,1,1669.1,2025-12-08 00:09:06,53100.0,53000,100.0
B1-direct-1,direct,architecture2_1st_run_logs.log,9,7,1,1665.4,2025-12-08 00:09:07,52098.0,52000,98.0
B1-direct-1,direct,architecture2_1st_run_logs.log,9,8,1,1668.6,2025-12-08 00:09:08,51096.0,51000,96.0
B1-direct-1,direct,architecture2_1st_run_logs.log,9,9,1,1669.6,2025-12-08 00:09:09,50094.0,50000,94.0
B1-direct-1,direct,architecture2_1st_run_logs.log,9,10,1,1668.8,2025-12-08 00:09:10,49093.0,49000,93.0
B1-direct-1,direct,architecture2_1st_run_logs.log,9,11,1,1665.3,2025-12-08 00:09:11,48091.0,48000,91.0
B1-direct-1,direct,architecture2_1st_run_logs.log,9,12,1,1669.2,2025-12-08 00:09:12,47090.0,47000,90.0
B1-direct-1,direct,architecture2_1st_run_logs.log,9,13,1,1667.8,2025-12-08 00:09:13,46088.0,46000,88.0
B1-direct-1,direct,architecture2_1st_run_logs.log,9,14,1,1668.1,2025-12-08 00:09:14,45086.0,45000,86.0
B1-direct-1,direct,architecture2_1st_run_logs.log,9,15,1,1672.6,2025-12-08 00:09:15,44084.0,44000,84.0
B1-direct-1,direct,architecture2_1st_run_logs.log,9,16,1,1672.6,2025-12-08 00:09:16,43082.0,43000,82.0
B1-direct-1,direct,architecture2_1st_run_logs.log,9,17,1,1677.4,2025-12-08 00:09:17,42081.0,42000,81.0
B1-direct-1,direct,architecture2_1st_run_logs.log,9,18,1,1672.4,2025-12-08 00:09:18,41079.0,41000,79.0
B1-direct-1,direct,architecture2_1st_run_logs.log,9,19,1,1674.1,2025-12-08 00:09:19,40078.0,40000,78.0
B1-direct-1,direct,architecture2_1st_run_logs.log,9,20,1,1674.4,2025-12-08 00:09:20,39076.0,39000,76.0
B1-direct-1,direct,architecture2_1st_run_logs.log,9,21,1,1678.0,2025-12-08 00:09:21,38075.0,38000,75.0
B1-direct-1,direct,architecture2_1st_run_logs.log,9,22,1,1666.0,2025-12-08 00:09:22,37073.0,37000,73.0
B1-direct-1,direct,architecture2_1st_run_logs.log,9,23,1,1679.3,2025-12-08 00:09:23,36071.0,36000,71.0
B1-direct-1,direct,architecture2_1st_run_logs.log,9,24,1,1672.2,2025-12-08 00:09:24,35069.0,35000,69.0
B1-direct-1,direct,architecture2_1st_run_logs.log,9,25,1,1671.7,2025-12-08 00:09:25,34068.0,34000,68.0
B1-direct-1,direct,architecture2_1st_run_logs.log,9,26,1,1672.4,2025-12-08 00:09:26,33066.0,33000,66.0
B1-direct-1,direct,architecture2_1st_run_logs.log,9,27,1,1673.0,2025-12-08 00:09:27,32065.0,32000,65.0
B1-direct-1,direct,architecture2_1st_run_logs.log,9,28,1,1674.5,2025-12-08 00:09:28,31063.0,31000,63.0
B1-direct-1,direct,architecture2_1st_run_logs.log,9,29,1,1673.5,2025-12-08 00:09:29,30061.0,30000,61.0
B1-direct-1,direct,architecture2_1st_run_logs.log,9,30,1,1673.1,2025-12-08 00:09:30,29060.0,29000,60.0
B1-direct-1,direct,architecture2_1st_run_logs.log,9,31,1,1691.0,2025-12-08 00:09:31,28058.0,28000,58.0
B1-direct-1,direct,architecture2_1st_run_logs.log,9,32,1,1671.8,2025-12-08 00:09:32,27056.0,27000,56.0
B1-direct-1,direct,architecture2_1st_run_logs.log,9,33,1,1674.1,2025-12-08 00:09:33,26055.0,26000,55.0
B1-direct-1,direct,architecture2_1st_run_logs.log,9,34,1,1669.5,2025-12-08 00:09:34,25053.0,25000,53.0
B1-direct-1,direct,architecture2_1st_run_logs.log,9,35,1,1672.9,2025-12-08 00:09:35,24051.0,24000,51.0
B1-direct-1,direct,architecture2_1st_run_logs.log,9,36,1,1677.3,2025-12-08 00:09:36,23051.0,23000,51.0
B1-direct-1,direct,architecture2_1st_run_logs.log,9,37,1,1676.4,2025-12-08 00:09:37,22050.0,22000,50.0
B1-direct-1,direct,architecture2_1st_run_logs.log,9,38,1,1676.4,2025-12-08 00:09:38,21049.0,21000,49.0
B1-direct-1,direct,architecture2_1st_run_logs.log,9,39,1,1673.4,2025-12-08 00:09:39,20048.0,20000,48.0
B1-direct-1,direct,architecture2_1st_run_logs.log,9,40,1,1674.6,2025-12-08 00:09:40,19046.0,19000,46.0
B1-direct-1,direct,architecture2_1st_run_logs.log,9,41,1,1674.0,2025-12-08 00:09:41,18044.0,18000,44.0
B1-direct-1,direct,architecture2_1st_run_logs.log,9,42,1,1681.9,2025-12-08 00:09:42,17043.0,17000,43.0
B1-direct-1,direct,architecture2_1st_run_logs.log,9,43,1,1672.1,2025-12-08 00:09:43,16041.0,16000,41.0
B1-direct-1,direct,architecture2_1st_run_logs.log,9,44,1,1672.7,2025-12-08 00:09:44,15040.0,15000,40.0
B1-direct-1,direct,architecture2_1st_run_logs.log,9,45,1,1668.9,2025-12-08 00:09:45,14038.0,14000,38.0
B1-direct-1,direct,architecture2_1st_run_logs.log,9,46,1,1674.2,2025-12-08 00:09:46,13036.0,13000,36.0
B1-direct-1,direct,architecture2_1st_run_logs.log,9,47,1,1672.6,2025-12-08 00:09:47,12035.0,12000,35.0
B1-direct-1,direct,architecture2_1st_run_logs.log,9,48,1,1675.3,2025-12-08 00:09:48,11033.0,11000,33.0
B1-direct-1,direct,architecture2_1st_run_logs.log,9,49,1,1668.3,2025-12-08 00:09:49,10032.0,10000,32.0
B1-direct-1,direct,architecture2_1st_run_logs.log,9,50,1,1671.2,2025-12-08 00:09:50,9030.0,9000,30.0
B1-direct-1,direct,architecture2_1st_run_logs.log,9,51,1,1689.8,2025-12-08 00:09:51,8028.0,8000,28.0
B1-direct-1,direct,architecture2_1st_run_logs.log,9,52,1,1674.0,2025-12-08 00:09:52,7027.0,7000,27.0
B1-direct-1,direct,architecture2_1st_run_logs.log,9,53,1,1671.6,2025-12-08 00:09:53,6025.0,6000,25.0
B1-direct-1,direct,architecture2_1st_run_logs.log,9,54,1,1672.1,2025-12-08 00:09:54,5023.0,5000,23.0
B1-direct-1,direct,architecture2_1st_run_logs.log,9,55,1,1669.2,2025-12-08 00:09:55,4022.0,4000,22.0
B1-direct-1,direct,architecture2_1st_run_logs.log,9,56,1,1673.9,2025-12-08 00:09:56,3020.0,3000,20.0
B1-direct-1,direct,architecture2_1st_run_logs.log,9,57,1,1684.4,2025-12-08 00:09:57,2019.0,2000,19.0
B1-direct-1,direct,architecture2_1st_run_logs.log,9,58,1,1674.8,2025-12-08 00:09:58,1017.0,1000,17.0
B1-direct-1,direct,architecture2_1st_run_logs.log,9,59,1,1675.1,2025-12-08 00:09:59,15.0,0,15.0
B1-direct-1,direct,architecture2_1st_run_logs.log,10,0,1,1679.0,2025-12-08 00:10:00,59084.0,59000,84.0
B1-direct-1,direct,architecture2_1st_run_logs.log,10,1,1,1674.0,2025-12-08 00:10:01,58084.0,58000,84.0
B1-direct-1,direct,architecture2_1st_run_logs.log,10,2,1,1679.1,2025-12-08 00:10:02,57083.0,57000,83.0
B1-direct-1,direct,architecture2_1st_run_logs.log,10,3,1,1681.5,2025-12-08 00:10:03,56082.0,56000,82.0
B1-direct-1,direct,architecture2_1st_run_logs.log,10,4,1,1678.3,2025-12-08 00:10:04,55081.0,55000,81.0
B1-direct-1,direct,architecture2_1st_run_logs.log,10,5,1,1678.2,2025-12-08 00:10:05,54081.0,54000,81.0
B1-direct-1,direct,architecture2_1st_run_logs.log,10,6,1,1677.9,2025-12-08 00:10:06,53080.0,53000,80.0
B1-direct-1,direct,architecture2_1st_run_logs.log,10,7,1,1674.5,2025-12-08 00:10:07,52080.0,52000,80.0
B1-direct-1,direct,architecture2_1st_run_logs.log,10,8,1,1501.0,2025-12-08 00:10:08,51079.0,51000,79.0
B1-direct-1,direct,architecture2_1st_run_logs.log,10,9,1,1507.2,2025-12-08 00:10:09,50079.0,50000,79.0
B1-direct-1,direct,architecture2_1st_run_logs.log,10,10,1,1512.8,2025-12-08 00:10:10,49078.0,49000,78.0
B1-direct-1,direct,architecture2_1st_run_logs.log,10,11,1,1517.5,2025-12-08 00:10:11,48077.0,48000,77.0
B1-direct-1,direct,architecture2_1st_run_logs.log,10,12,1,1470.8,2025-12-08 00:10:12,47077.0,47000,77.0
B1-direct-1,direct,architecture2_1st_run_logs.log,10,13,1,653.1,2025-12-08 00:10:13,46076.0,46000,76.0
B1-direct-1,direct,architecture2_1st_run_logs.log,10,14,1,681.6,2025-12-08 00:10:14,45076.0,45000,76.0
B1-direct-1,direct,architecture2_1st_run_logs.log,10,15,1,687.0,2025-12-08 00:10:15,44075.0,44000,75.0
B1-direct-1,direct,architecture2_1st_run_logs.log,10,16,1,688.0,2025-12-08 00:10:16,43074.0,43000,74.0
B1-direct-1,direct,architecture2_1st_run_logs.log,10,17,1,720.3,2025-12-08 00:10:17,42074.0,42000,74.0
B1-direct-1,direct,architecture2_1st_run_logs.log,10,18,1,688.2,2025-12-08 00:10:18,41073.0,41000,73.0
B1-direct-1,direct,architecture2_1st_run_logs.log,10,19,1,698.7,2025-12-08 00:10:19,40073.0,40000,73.0
B1-direct-1,direct,architecture2_1st_run_logs.log,10,20,1,692.2,2025-12-08 00:10:20,39071.0,39000,71.0
B1-direct-1,direct,architecture2_1st_run_logs.log,10,21,1,689.8,2025-12-08 00:10:21,38070.0,38000,70.0
B1-direct-1,direct,architecture2_1st_run_logs.log,10,22,1,686.4,2025-12-08 00:10:22,37068.0,37000,68.0
B1-direct-1,direct,architecture2_1st_run_logs.log,10,23,1,686.7,2025-12-08 00:10:23,36066.0,36000,66.0
B1-direct-1,direct,architecture2_1st_run_logs.log,10,24,1,686.1,2025-12-08 00:10:24,35065.0,35000,65.0
B1-direct-1,direct,architecture2_1st_run_logs.log,10,25,1,684.0,2025-12-08 00:10:25,34063.0,34000,63.0
B1-direct-1,direct,architecture2_1st_run_logs.log,10,26,1,689.7,2025-12-08 00:10:26,33062.0,33000,62.0
B1-direct-1,direct,architecture2_1st_run_logs.log,10,27,1,686.8,2025-12-08 00:10:27,32060.0,32000,60.0
B1-direct-1,direct,architecture2_1st_run_logs.log,10,28,1,687.2,2025-12-08 00:10:28,31059.0,31000,59.0
B1-direct-1,direct,architecture2_1st_run_logs.log,10,29,1,686.0,2025-12-08 00:10:29,30057.0,30000,57.0
B1-direct-1,direct,architecture2_1st_run_logs.log,10,30,1,686.4,2025-12-08 00:10:30,29055.0,29000,55.0
B1-direct-1,direct,architecture2_1st_run_logs.log,10,31,1,692.2,2025-12-08 00:10:31,28054.0,28000,54.0
B1-direct-1,direct,architecture2_1st_run_logs.log,10,32,1,686.4,2025-12-08 00:10:32,27053.0,27000,53.0
B1-direct-1,direct,architecture2_1st_run_logs.log,10,33,1,690.0,2025-12-08 00:10:33,26051.0,26000,51.0
B1-direct-1,direct,architecture2_1st_run_logs.log,10,34,1,686.6,2025-12-08 00:10:34,25049.0,25000,49.0
B1-direct-1,direct,architecture2_1st_run_logs.log,10,35,1,688.5,2025-12-08 00:10:35,24047.0,24000,47.0
B1-direct-1,direct,architecture2_1st_run_logs.log,10,36,1,688.4,2025-12-08 00:10:36,23045.0,23000,45.0
B1-direct-1,direct,architecture2_1st_run_logs.log,10,37,1,689.3,2025-12-08 00:10:37,22044.0,22000,44.0
B1-direct-1,direct,architecture2_1st_run_logs.log,10,38,1,688.1,2025-12-08 00:10:38,21042.0,21000,42.0
B1-direct-1,direct,architecture2_1st_run_logs.log,10,39,1,689.0,2025-12-08 00:10:39,20040.0,20000,40.0
B1-direct-1,direct,architecture2_1st_run_logs.log,10,40,1,689.9,2025-12-08 00:10:40,19038.0,19000,38.0
B1-direct-1,direct,architecture2_1st_run_logs.log,10,41,1,687.9,2025-12-08 00:10:41,18036.0,18000,36.0
B1-direct-1,direct,architecture2_1st_run_logs.log,10,42,1,691.7,2025-12-08 00:10:42,17035.0,17000,35.0
B1-direct-1,direct,architecture2_1st_run_logs.log,10,43,1,681.2,2025-12-08 00:10:43,16033.0,16000,33.0
B1-direct-1,direct,architecture2_1st_run_logs.log,10,44,1,647.7,2025-12-08 00:10:44,15031.0,15000,31.0
B1-direct-1,direct,architecture2_1st_run_logs.log,10,45,1,541.2,2025-12-08 00:10:45,14030.0,14000,30.0
B1-direct-1,direct,architecture2_1st_run_logs.log,10,46,1,539.8,2025-12-08 00:10:46,13028.0,13000,28.0
B1-direct-1,direct,architecture2_1st_run_logs.log,10,47,1,540.2,2025-12-08 00:10:47,12027.0,12000,27.0
B1-direct-1,direct,architecture2_1st_run_logs.log,10,48,1,547.1,2025-12-08 00:10:48,11025.0,11000,25.0
B1-direct-1,direct,architecture2_1st_run_logs.log,10,49,1,537.5,2025-12-08 00:10:49,10024.0,10000,24.0
B1-direct-1,direct,architecture2_1st_run_logs.log,10,50,1,538.8,2025-12-08 00:10:50,9022.0,9000,22.0
B1-direct-1,direct,architecture2_1st_run_logs.log,10,51,1,542.9,2025-12-08 00:10:51,8022.0,8000,22.0
B1-direct-1,direct,architecture2_1st_run_logs.log,10,52,1,542.4,2025-12-08 00:10:52,7020.0,7000,20.0
B1-direct-1,direct,architecture2_1st_run_logs.log,10,53,1,539.4,2025-12-08 00:10:53,6019.0,6000,19.0
B1-direct-1,direct,architecture2_1st_run_logs.log,10,54,1,539.6,2025-12-08 00:10:54,5018.0,5000,18.0
B1-direct-1,direct,architecture2_1st_run_logs.log,10,55,1,541.2,2025-12-08 00:10:55,4016.0,4000,16.0
B1-direct-1,direct,architecture2_1st_run_logs.log,10,56,1,546.4,2025-12-08 00:10:56,3015.0,3000,15.0
B1-direct-1,direct,architecture2_1st_run_logs.log,10,57,1,605.7,2025-12-08 00:10:57,2014.0,2000,14.0
B1-direct-1,direct,architecture2_1st_run_logs.log,10,58,1,556.3,2025-12-08 00:10:58,1014.0,1000,14.0
B1-direct-1,direct,architecture2_1st_run_logs.log,10,59,1,556.6,2025-12-08 00:10:59,12.0,0,12.0
B1-direct-1,direct,architecture2_1st_run_logs.log,11,0,1,555.8,2025-12-08 00:11:00,59090.0,59000,90.0
B1-direct-1,direct,architecture2_1st_run_logs.log,11,1,1,570.6,2025-12-08 00:11:01,58089.0,58000,89.0
B1-direct-1,direct,architecture2_1st_run_logs.log,11,2,1,558.3,2025-12-08 00:11:02,57089.0,57000,89.0
B1-direct-1,direct,architecture2_1st_run_logs.log,11,3,1,558.0,2025-12-08 00:11:03,56088.0,56000,88.0
B1-direct-1,direct,architecture2_1st_run_logs.log,11,4,1,557.3,2025-12-08 00:11:04,55087.0,55000,87.0
B1-direct-1,direct,architecture2_1st_run_logs.log,11,5,1,555.6,2025-12-08 00:11:05,54086.0,54000,86.0
B1-direct-1,direct,architecture2_1st_run_logs.log,11,6,1,558.9,2025-12-08 00:11:06,53085.0,53000,85.0
B1-direct-1,direct,architecture2_1st_run_logs.log,11,7,1,570.0,2025-12-08 00:11:07,52083.0,52000,83.0
B1-direct-1,direct,architecture2_1st_run_logs.log,11,8,1,561.6,2025-12-08 00:11:08,51082.0,51000,82.0
B1-direct-1,direct,architecture2_1st_run_logs.log,11,9,1,560.9,2025-12-08 00:11:09,50080.0,50000,80.0
B1-direct-1,direct,architecture2_1st_run_logs.log,11,10,1,560.9,2025-12-08 00:11:10,49079.0,49000,79.0
B1-direct-1,direct,architecture2_1st_run_logs.log,11,11,1,561.0,2025-12-08 00:11:11,48078.0,48000,78.0
B1-direct-1,direct,architecture2_1st_run_logs.log,11,12,1,560.8,2025-12-08 00:11:12,47077.0,47000,77.0
B1-direct-1,direct,architecture2_1st_run_logs.log,11,13,1,561.9,2025-12-08 00:11:13,46076.0,46000,76.0
B1-direct-1,direct,architecture2_1st_run_logs.log,11,14,1,637.6,2025-12-08 00:11:14,45074.0,45000,74.0
B1-direct-1,direct,architecture2_1st_run_logs.log,11,15,1,680.2,2025-12-08 00:11:15,44073.0,44000,73.0
B1-direct-1,direct,architecture2_1st_run_logs.log,11,16,1,686.7,2025-12-08 00:11:16,43072.0,43000,72.0
B1-direct-1,direct,architecture2_1st_run_logs.log,11,17,1,686.1,2025-12-08 00:11:17,42070.0,42000,70.0
B1-direct-1,direct,architecture2_1st_run_logs.log,11,18,1,687.9,2025-12-08 00:11:18,41069.0,41000,69.0
B1-direct-1,direct,architecture2_1st_run_logs.log,11,19,1,691.1,2025-12-08 00:11:19,40067.0,40000,67.0
B1-direct-1,direct,architecture2_1st_run_logs.log,11,20,1,690.0,2025-12-08 00:11:20,39067.0,39000,67.0
B1-direct-1,direct,architecture2_1st_run_logs.log,11,21,1,691.3,2025-12-08 00:11:21,38066.0,38000,66.0
B1-direct-1,direct,architecture2_1st_run_logs.log,11,22,1,683.7,2025-12-08 00:11:22,37064.0,37000,64.0
B1-direct-1,direct,architecture2_1st_run_logs.log,11,23,1,684.3,2025-12-08 00:11:23,36063.0,36000,63.0
B1-direct-1,direct,architecture2_1st_run_logs.log,11,24,1,687.5,2025-12-08 00:11:24,35062.0,35000,62.0
B1-direct-1,direct,architecture2_1st_run_logs.log,11,25,1,685.2,2025-12-08 00:11:25,34060.0,34000,60.0
B1-direct-1,direct,architecture2_1st_run_logs.log,11,26,1,682.6,2025-12-08 00:11:26,33060.0,33000,60.0
B1-direct-1,direct,architecture2_1st_run_logs.log,11,27,1,687.6,2025-12-08 00:11:27,32059.0,32000,59.0
B1-direct-1,direct,architecture2_1st_run_logs.log,11,28,1,689.7,2025-12-08 00:11:28,31057.0,31000,57.0
B1-direct-1,direct,architecture2_1st_run_logs.log,11,29,1,686.2,2025-12-08 00:11:29,30056.0,30000,56.0
B1-direct-1,direct,architecture2_1st_run_logs.log,11,30,1,685.2,2025-12-08 00:11:30,29054.0,29000,54.0
B1-direct-1,direct,architecture2_1st_run_logs.log,11,31,1,684.6,2025-12-08 00:11:31,28053.0,28000,53.0
B1-direct-1,direct,architecture2_1st_run_logs.log,11,32,1,686.9,2025-12-08 00:11:32,27051.0,27000,51.0
B1-direct-1,direct,architecture2_1st_run_logs.log,11,33,1,689.6,2025-12-08 00:11:33,26050.0,26000,50.0
B1-direct-1,direct,architecture2_1st_run_logs.log,11,34,1,687.8,2025-12-08 00:11:34,25048.0,25000,48.0
B1-direct-1,direct,architecture2_1st_run_logs.log,11,35,1,697.5,2025-12-08 00:11:35,24046.0,24000,46.0
B1-direct-1,direct,architecture2_1st_run_logs.log,11,36,1,694.7,2025-12-08 00:11:36,23045.0,23000,45.0
B1-direct-1,direct,architecture2_1st_run_logs.log,11,37,1,703.8,2025-12-08 00:11:37,22043.0,22000,43.0
B1-direct-1,direct,architecture2_1st_run_logs.log,11,38,1,697.8,2025-12-08 00:11:38,21042.0,21000,42.0
B1-direct-1,direct,architecture2_1st_run_logs.log,11,39,1,696.7,2025-12-08 00:11:39,20041.0,20000,41.0
B1-direct-1,direct,architecture2_1st_run_logs.log,11,40,1,697.2,2025-12-08 00:11:40,19039.0,19000,39.0
B1-direct-1,direct,architecture2_1st_run_logs.log,11,41,1,690.8,2025-12-08 00:11:41,18037.0,18000,37.0
B1-direct-1,direct,architecture2_1st_run_logs.log,11,42,1,691.2,2025-12-08 00:11:42,17036.0,17000,36.0
B1-direct-1,direct,architecture2_1st_run_logs.log,11,43,1,692.2,2025-12-08 00:11:43,16034.0,16000,34.0
B1-direct-1,direct,architecture2_1st_run_logs.log,11,44,1,692.0,2025-12-08 00:11:44,15033.0,15000,33.0
B1-direct-1,direct,architecture2_1st_run_logs.log,11,45,1,696.6,2025-12-08 00:11:45,14032.0,14000,32.0
B1-direct-1,direct,architecture2_1st_run_logs.log,11,46,1,691.0,2025-12-08 00:11:46,13030.0,13000,30.0
B1-direct-1,direct,architecture2_1st_run_logs.log,11,47,1,688.8,2025-12-08 00:11:47,12029.0,12000,29.0
B1-direct-1,direct,architecture2_1st_run_logs.log,11,48,1,687.3,2025-12-08 00:11:48,11028.0,11000,28.0
B1-direct-1,direct,architecture2_1st_run_logs.log,11,49,1,687.9,2025-12-08 00:11:49,10026.0,10000,26.0
B1-direct-1,direct,architecture2_1st_run_logs.log,11,50,1,687.7,2025-12-08 00:11:50,9025.0,9000,25.0
B1-direct-1,direct,architecture2_1st_run_logs.log,11,51,1,690.8,2025-12-08 00:11:51,8023.0,8000,23.0
B1-direct-1,direct,architecture2_1st_run_logs.log,11,52,1,688.0,2025-12-08 00:11:52,7022.0,7000,22.0
B1-direct-1,direct,architecture2_1st_run_logs.log,11,53,1,687.2,2025-12-08 00:11:53,6021.0,6000,21.0
B1-direct-1,direct,architecture2_1st_run_logs.log,11,54,1,687.1,2025-12-08 00:11:54,5019.0,5000,19.0
B1-direct-1,direct,architecture2_1st_run_logs.log,11,55,1,697.4,2025-12-08 00:11:55,4018.0,4000,18.0
B1-direct-1,direct,architecture2_1st_run_logs.log,11,56,1,691.7,2025-12-08 00:11:56,3017.0,3000,17.0
B1-direct-1,direct,architecture2_1st_run_logs.log,11,57,1,689.8,2025-12-08 00:11:57,2015.0,2000,15.0
B1-direct-1,direct,architecture2_1st_run_logs.log,11,58,1,688.0,2025-12-08 00:11:58,1014.0,1000,14.0
B1-direct-1,direct,architecture2_1st_run_logs.log,11,59,1,688.2,2025-12-08 00:11:59,12.0,0,12.0
B1-direct-1,direct,architecture2_1st_run_logs.log,12,0,1,691.5,2025-12-08 00:12:00,59086.0,59000,86.0
B1-direct-1,direct,architecture2_1st_run_logs.log,12,1,1,702.6,2025-12-08 00:12:01,58086.0,58000,86.0
B1-direct-1,direct,architecture2_1st_run_logs.log,12,2,1,688.3,2025-12-08 00:12:02,57085.0,57000,85.0
B1-direct-1,direct,architecture2_1st_run_logs.log,12,3,1,690.4,2025-12-08 00:12:03,56084.0,56000,84.0
B1-direct-1,direct,architecture2_1st_run_logs.log,12,4,1,688.7,2025-12-08 00:12:04,55084.0,55000,84.0
B1-direct-1,direct,architecture2_1st_run_logs.log,12,5,1,688.4,2025-12-08 00:12:05,54082.0,54000,82.0
B1-direct-1,direct,architecture2_1st_run_logs.log,12,6,1,690.5,2025-12-08 00:12:06,53081.0,53000,81.0
B1-direct-1,direct,architecture2_1st_run_logs.log,12,7,1,689.2,2025-12-08 00:12:07,52080.0,52000,80.0
B1-direct-1,direct,architecture2_1st_run_logs.log,12,8,1,687.3,2025-12-08 00:12:08,51078.0,51000,78.0
B1-direct-1,direct,architecture2_1st_run_logs.log,12,9,1,687.1,2025-12-08 00:12:09,50078.0,50000,78.0
B1-direct-1,direct,architecture2_1st_run_logs.log,12,10,1,687.7,2025-12-08 00:12:10,49077.0,49000,77.0
B1-direct-1,direct,architecture2_1st_run_logs.log,12,11,1,685.2,2025-12-08 00:12:11,48075.0,48000,75.0
B1-direct-1,direct,architecture2_1st_run_logs.log,12,12,1,689.8,2025-12-08 00:12:12,47074.0,47000,74.0
B1-direct-1,direct,architecture2_1st_run_logs.log,12,13,1,688.5,2025-12-08 00:12:13,46072.0,46000,72.0
B1-direct-1,direct,architecture2_1st_run_logs.log,12,14,1,687.4,2025-12-08 00:12:14,45071.0,45000,71.0
B1-direct-1,direct,architecture2_1st_run_logs.log,12,15,1,687.7,2025-12-08 00:12:15,44069.0,44000,69.0
B1-direct-1,direct,architecture2_1st_run_logs.log,12,16,1,691.7,2025-12-08 00:12:16,43067.0,43000,67.0
B1-direct-1,direct,architecture2_1st_run_logs.log,12,17,1,689.0,2025-12-08 00:12:17,42066.0,42000,66.0
B1-direct-1,direct,architecture2_1st_run_logs.log,12,18,1,688.2,2025-12-08 00:12:18,41065.0,41000,65.0
B1-direct-1,direct,architecture2_1st_run_logs.log,12,19,1,693.6,2025-12-08 00:12:19,40063.0,40000,63.0
B1-direct-1,direct,architecture2_1st_run_logs.log,12,20,1,693.2,2025-12-08 00:12:20,39062.0,39000,62.0
B1-direct-1,direct,architecture2_1st_run_logs.log,12,21,1,687.8,2025-12-08 00:12:21,38060.0,38000,60.0
B1-direct-1,direct,architecture2_1st_run_logs.log,12,22,1,690.6,2025-12-08 00:12:22,37059.0,37000,59.0
B1-direct-1,direct,architecture2_1st_run_logs.log,12,23,1,687.3,2025-12-08 00:12:23,36058.0,36000,58.0
B1-direct-1,direct,architecture2_1st_run_logs.log,12,24,1,687.4,2025-12-08 00:12:24,35056.0,35000,56.0
B1-direct-1,direct,architecture2_1st_run_logs.log,12,25,1,686.2,2025-12-08 00:12:25,34055.0,34000,55.0
B1-direct-1,direct,architecture2_1st_run_logs.log,12,26,1,685.4,2025-12-08 00:12:26,33054.0,33000,54.0
B1-direct-1,direct,architecture2_1st_run_logs.log,12,27,1,686.9,2025-12-08 00:12:27,32053.0,32000,53.0
B1-direct-1,direct,architecture2_1st_run_logs.log,12,28,1,690.6,2025-12-08 00:12:28,31053.0,31000,53.0
B1-direct-1,direct,architecture2_1st_run_logs.log,12,29,1,691.3,2025-12-08 00:12:29,30051.0,30000,51.0
B1-direct-1,direct,architecture2_1st_run_logs.log,12,30,1,687.1,2025-12-08 00:12:30,29050.0,29000,50.0
B1-direct-1,direct,architecture2_1st_run_logs.log,12,31,1,687.0,2025-12-08 00:12:31,28049.0,28000,49.0
B1-direct-1,direct,architecture2_1st_run_logs.log,12,32,1,684.7,2025-12-08 00:12:32,27048.0,27000,48.0
B1-direct-1,direct,architecture2_1st_run_logs.log,12,33,1,689.7,2025-12-08 00:12:33,26047.0,26000,47.0
B1-direct-1,direct,architecture2_1st_run_logs.log,12,34,1,688.7,2025-12-08 00:12:34,25046.0,25000,46.0
B1-direct-1,direct,architecture2_1st_run_logs.log,12,35,1,687.4,2025-12-08 00:12:35,24044.0,24000,44.0
B1-direct-1,direct,architecture2_1st_run_logs.log,12,36,1,695.2,2025-12-08 00:12:36,23043.0,23000,43.0
B1-direct-1,direct,architecture2_1st_run_logs.log,12,37,1,685.8,2025-12-08 00:12:37,22041.0,22000,41.0
B1-direct-1,direct,architecture2_1st_run_logs.log,12,38,1,687.0,2025-12-08 00:12:38,21040.0,21000,40.0
B1-direct-1,direct,architecture2_1st_run_logs.log,12,39,1,684.5,2025-12-08 00:12:39,20038.0,20000,38.0
B1-direct-1,direct,architecture2_1st_run_logs.log,12,40,1,684.7,2025-12-08 00:12:40,19037.0,19000,37.0
B1-direct-1,direct,architecture2_1st_run_logs.log,12,41,1,684.7,2025-12-08 00:12:41,18036.0,18000,36.0
B1-direct-1,direct,architecture2_1st_run_logs.log,12,42,1,687.7,2025-12-08 00:12:42,17035.0,17000,35.0
B1-direct-1,direct,architecture2_1st_run_logs.log,12,43,1,690.4,2025-12-08 00:12:43,16035.0,16000,35.0
B1-direct-1,direct,architecture2_1st_run_logs.log,12,44,1,713.0,2025-12-08 00:12:44,15034.0,15000,34.0
B1-direct-1,direct,architecture2_1st_run_logs.log,12,45,1,694.8,2025-12-08 00:12:45,14033.0,14000,33.0
B1-direct-1,direct,architecture2_1st_run_logs.log,12,46,1,700.2,2025-12-08 00:12:46,13032.0,13000,32.0
B1-direct-1,direct,architecture2_1st_run_logs.log,12,47,1,692.9,2025-12-08 00:12:47,12030.0,12000,30.0
B1-direct-1,direct,architecture2_1st_run_logs.log,12,48,1,693.7,2025-12-08 00:12:48,11029.0,11000,29.0
B1-direct-1,direct,architecture2_1st_run_logs.log,12,49,1,693.7,2025-12-08 00:12:49,10027.0,10000,27.0
B1-direct-1,direct,architecture2_1st_run_logs.log,12,50,1,693.6,2025-12-08 00:12:50,9026.0,9000,26.0
B1-direct-1,direct,architecture2_1st_run_logs.log,12,51,1,695.6,2025-12-08 00:12:51,8024.0,8000,24.0
B1-direct-1,direct,architecture2_1st_run_logs.log,12,52,1,696.0,2025-12-08 00:12:52,7022.0,7000,22.0
B1-direct-1,direct,architecture2_1st_run_logs.log,12,53,1,693.1,2025-12-08 00:12:53,6021.0,6000,21.0
B1-direct-1,direct,architecture2_1st_run_logs.log,12,54,1,697.2,2025-12-08 00:12:54,5020.0,5000,20.0
B1-direct-1,direct,architecture2_1st_run_logs.log,12,55,1,691.7,2025-12-08 00:12:55,4018.0,4000,18.0
B1-direct-1,direct,architecture2_1st_run_logs.log,12,56,1,693.4,2025-12-08 00:12:56,3017.0,3000,17.0
B1-direct-1,direct,architecture2_1st_run_logs.log,12,57,1,694.6,2025-12-08 00:12:57,2016.0,2000,16.0
B1-direct-1,direct,architecture2_1st_run_logs.log,12,58,1,689.8,2025-12-08 00:12:58,1014.0,1000,14.0
B1-direct-1,direct,architecture2_1st_run_logs.log,12,59,1,683.8,2025-12-08 00:12:59,13.0,0,13.0
B1-direct-2,direct,architecture2_2nd_run_logs.log,0,0,1,699.6,2025-12-08 00:00:00,59156.0,59000,156.0
B1-direct-2,direct,architecture2_2nd_run_logs.log,0,1,1,710.8,2025-12-08 00:00:01,58154.0,58000,154.0
B1-direct-2,direct,architecture2_2nd_run_logs.log,0,2,1,695.3,2025-12-08 00:00:02,57151.0,57000,151.0
B1-direct-2,direct,architecture2_2nd_run_logs.log,0,3,1,695.3,2025-12-08 00:00:03,56149.0,56000,149.0
B1-direct-2,direct,architecture2_2nd_run_logs.log,0,4,1,693.7,2025-12-08 00:00:04,55147.0,55000,147.0
B1-direct-2,direct,architecture2_2nd_run_logs.log,0,5,1,695.2,2025-12-08 00:00:05,54145.0,54000,145.0
B1-direct-2,direct,architecture2_2nd_run_logs.log,0,6,1,694.9,2025-12-08 00:00:06,53144.0,53000,144.0
B1-direct-2,direct,architecture2_2nd_run_logs.log,0,7,1,694.4,2025-12-08 00:00:07,52142.0,52000,142.0
B1-direct-2,direct,architecture2_2nd_run_logs.log,0,8,1,693.6,2025-12-08 00:00:08,51140.0,51000,140.0
B1-direct-2,direct,architecture2_2nd_run_logs.log,0,9,1,700.2,2025-12-08 00:00:09,50138.0,50000,138.0
B1-direct-2,direct,architecture2_2nd_run_logs.log,0,10,1,702.3,2025-12-08 00:00:10,49136.0,49000,136.0
B1-direct-2,direct,architecture2_2nd_run_logs.log,0,11,1,694.8,2025-12-08 00:00:11,48135.0,48000,135.0
B1-direct-2,direct,architecture2_2nd_run_logs.log,0,12,1,694.7,2025-12-08 00:00:12,47132.0,47000,132.0
B1-direct-2,direct,architecture2_2nd_run_logs.log,0,13,1,693.1,2025-12-08 00:00:13,46130.0,46000,130.0
B1-direct-2,direct,architecture2_2nd_run_logs.log,0,14,1,695.3,2025-12-08 00:00:14,45127.0,45000,127.0
B1-direct-2,direct,architecture2_2nd_run_logs.log,0,15,1,693.7,2025-12-08 00:00:15,44125.0,44000,125.0
B1-direct-2,direct,architecture2_2nd_run_logs.log,0,16,1,694.5,2025-12-08 00:00:16,43122.0,43000,122.0
B1-direct-2,direct,architecture2_2nd_run_logs.log,0,17,1,694.6,2025-12-08 00:00:17,42119.0,42000,119.0
B1-direct-2,direct,architecture2_2nd_run_logs.log,0,18,1,696.1,2025-12-08 00:00:18,41117.0,41000,117.0
B1-direct-2,direct,architecture2_2nd_run_logs.log,0,19,1,708.9,2025-12-08 00:00:19,40114.0,40000,114.0
B1-direct-2,direct,architecture2_2nd_run_logs.log,0,20,1,697.9,2025-12-08 00:00:20,39111.0,39000,111.0
B1-direct-2,direct,architecture2_2nd_run_logs.log,0,21,1,701.4,2025-12-08 00:00:21,38109.0,38000,109.0
B1-direct-2,direct,architecture2_2nd_run_logs.log,0,22,1,695.0,2025-12-08 00:00:22,37106.0,37000,106.0
B1-direct-2,direct,architecture2_2nd_run_logs.log,0,23,1,695.6,2025-12-08 00:00:23,36104.0,36000,104.0
B1-direct-2,direct,architecture2_2nd_run_logs.log,0,24,1,695.7,2025-12-08 00:00:24,35101.0,35000,101.0
B1-direct-2,direct,architecture2_2nd_run_logs.log,0,25,1,690.8,2025-12-08 00:00:25,34098.0,34000,98.0
B1-direct-2,direct,architecture2_2nd_run_logs.log,0,26,1,693.2,2025-12-08 00:00:26,33096.0,33000,96.0
B1-direct-2,direct,architecture2_2nd_run_logs.log,0,27,1,713.7,2025-12-08 00:00:27,32095.0,32000,95.0
B1-direct-2,direct,architecture2_2nd_run_logs.log,0,28,1,695.1,2025-12-08 00:00:28,31093.0,31000,93.0
B1-direct-2,direct,architecture2_2nd_run_logs.log,0,29,1,694.1,2025-12-08 00:00:29,30090.0,30000,90.0
B1-direct-2,direct,architecture2_2nd_run_logs.log,0,30,1,691.4,2025-12-08 00:00:30,29087.0,29000,87.0
B1-direct-2,direct,architecture2_2nd_run_logs.log,0,31,1,690.4,2025-12-08 00:00:31,28085.0,28000,85.0
B1-direct-2,direct,architecture2_2nd_run_logs.log,0,32,1,695.3,2025-12-08 00:00:32,27082.0,27000,82.0
B1-direct-2,direct,architecture2_2nd_run_logs.log,0,33,1,827.1,2025-12-08 00:00:33,26081.0,26000,81.0
B1-direct-2,direct,architecture2_2nd_run_logs.log,0,34,1,797.3,2025-12-08 00:00:34,25079.0,25000,79.0
B1-direct-2,direct,architecture2_2nd_run_logs.log,0,35,1,803.6,2025-12-08 00:00:35,24076.0,24000,76.0
B1-direct-2,direct,architecture2_2nd_run_logs.log,0,36,1,796.7,2025-12-08 00:00:36,23074.0,23000,74.0
B1-direct-2,direct,architecture2_2nd_run_logs.log,0,37,1,704.4,2025-12-08 00:00:37,22073.0,22000,73.0
B1-direct-2,direct,architecture2_2nd_run_logs.log,0,38,1,792.7,2025-12-08 00:00:38,21070.0,21000,70.0
B1-direct-2,direct,architecture2_2nd_run_logs.log,0,39,1,850.3,2025-12-08 00:00:39,20067.0,20000,67.0
B1-direct-2,direct,architecture2_2nd_run_logs.log,0,40,1,808.5,2025-12-08 00:00:40,19063.0,19000,63.0
B1-direct-2,direct,architecture2_2nd_run_logs.log,0,41,1,810.8,2025-12-08 00:00:41,18061.0,18000,61.0
B1-direct-2,direct,architecture2_2nd_run_logs.log,0,42,1,809.5,2025-12-08 00:00:42,17060.0,17000,60.0
B1-direct-2,direct,architecture2_2nd_run_logs.log,0,43,1,799.3,2025-12-08 00:00:43,16057.0,16000,57.0
B1-direct-2,direct,architecture2_2nd_run_logs.log,0,44,1,797.1,2025-12-08 00:00:44,15054.0,15000,54.0
B1-direct-2,direct,architecture2_2nd_run_logs.log,0,45,1,794.5,2025-12-08 00:00:45,14051.0,14000,51.0
B1-direct-2,direct,architecture2_2nd_run_logs.log,0,46,1,799.0,2025-12-08 00:00:46,13049.0,13000,49.0
B1-direct-2,direct,architecture2_2nd_run_logs.log,0,47,1,795.6,2025-12-08 00:00:47,12048.0,12000,48.0
B1-direct-2,direct,architecture2_2nd_run_logs.log,0,48,1,799.2,2025-12-08 00:00:48,11045.0,11000,45.0
B1-direct-2,direct,architecture2_2nd_run_logs.log,0,49,1,795.9,2025-12-08 00:00:49,10042.0,10000,42.0
B1-direct-2,direct,architecture2_2nd_run_logs.log,0,50,1,797.5,2025-12-08 00:00:50,9040.0,9000,40.0
B1-direct-2,direct,architecture2_2nd_run_logs.log,0,51,1,801.1,2025-12-08 00:00:51,8037.0,8000,37.0
B1-direct-2,direct,architecture2_2nd_run_logs.log,0,52,1,800.3,2025-12-08 00:00:52,7036.0,7000,36.0
B1-direct-2,direct,architecture2_2nd_run_logs.log,0,53,1,796.4,2025-12-08 00:00:53,6034.0,6000,34.0
B1-direct-2,direct,architecture2_2nd_run_logs.log,0,54,1,796.5,2025-12-08 00:00:54,5031.0,5000,31.0
B1-direct-2,direct,architecture2_2nd_run_logs.log,0,55,1,799.2,2025-12-08 00:00:55,4029.0,4000,29.0
B1-direct-2,direct,architecture2_2nd_run_logs.log,0,56,1,798.3,2025-12-08 00:00:56,3027.0,3000,27.0
B1-direct-2,direct,architecture2_2nd_run_logs.log,0,57,1,799.4,2025-12-08 00:00:57,2025.0,2000,25.0
B1-direct-2,direct,architecture2_2nd_run_logs.log,0,58,1,798.7,2025-12-08 00:00:58,1023.0,1000,23.0
B1-direct-2,direct,architecture2_2nd_run_logs.log,0,59,1,798.8,2025-12-08 00:00:59,21.0,0,21.0
B1-direct-2,direct,architecture2_2nd_run_logs.log,1,0,1,1210.914286,2025-12-08 00:01:00,59122.0,59000,122.0
B1-direct-2,direct,architecture2_2nd_run_logs.log,1,1,1,1210.914286,2025-12-08 00:01:01,58121.0,58000,121.0
B1-direct-2,direct,architecture2_2nd_run_logs.log,1,2,1,1210.914286,2025-12-08 00:01:02,57121.0,57000,121.0
B1-direct-2,direct,architecture2_2nd_run_logs.log,1,3,1,1210.914286,2025-12-08 00:01:03,56120.0,56000,120.0
B1-direct-2,direct,architecture2_2nd_run_logs.log,1,4,1,801.0,2025-12-08 00:01:04,55119.0,55000,119.0
B1-direct-2,direct,architecture2_2nd_run_logs.log,1,5,1,1026.4,2025-12-08 00:01:05,54117.0,54000,117.0
B1-direct-2,direct,architecture2_2nd_run_logs.log,1,6,1,1181.0,2025-12-08 00:01:06,53115.0,53000,115.0
B1-direct-2,direct,architecture2_2nd_run_logs.log,1,7,1,1017.9,2025-12-08 00:01:07,52114.0,52000,114.0
B1-direct-2,direct,architecture2_2nd_run_logs.log,1,8,1,998.6,2025-12-08 00:01:08,51112.0,51000,112.0
B1-direct-2,direct,architecture2_2nd_run_logs.log,1,9,1,1076.1,2025-12-08 00:01:09,50111.0,50000,111.0
B1-direct-2,direct,architecture2_2nd_run_logs.log,1,10,1,1009.1,2025-12-08 00:01:10,49110.0,49000,110.0
B1-direct-2,direct,architecture2_2nd_run_logs.log,1,11,1,1058.5,2025-12-08 00:01:11,48109.0,48000,109.0
B1-direct-2,direct,architecture2_2nd_run_logs.log,1,12,1,1085.7,2025-12-08 00:01:12,47108.0,47000,108.0
B1-direct-2,direct,architecture2_2nd_run_logs.log,1,13,1,1110.5,2025-12-08 00:01:13,46106.0,46000,106.0
B1-direct-2,direct,architecture2_2nd_run_logs.log,1,14,1,1138.4,2025-12-08 00:01:14,45104.0,45000,104.0
B1-direct-2,direct,architecture2_2nd_run_logs.log,1,15,1,1162.7,2025-12-08 00:01:15,44101.0,44000,101.0
B1-direct-2,direct,architecture2_2nd_run_logs.log,1,16,1,1179.2,2025-12-08 00:01:16,43100.0,43000,100.0
B1-direct-2,direct,architecture2_2nd_run_logs.log,1,17,1,1200.0,2025-12-08 00:01:17,42099.0,42000,99.0
B1-direct-2,direct,architecture2_2nd_run_logs.log,1,18,1,1217.7,2025-12-08 00:01:18,41096.0,41000,96.0
B1-direct-2,direct,architecture2_2nd_run_logs.log,1,19,1,1231.6,2025-12-08 00:01:19,40094.0,40000,94.0
B1-direct-2,direct,architecture2_2nd_run_logs.log,1,20,1,1241.7,2025-12-08 00:01:20,39092.0,39000,92.0
B1-direct-2,direct,architecture2_2nd_run_logs.log,1,21,1,1244.7,2025-12-08 00:01:21,38091.0,38000,91.0
B1-direct-2,direct,architecture2_2nd_run_logs.log,1,22,1,1240.0,2025-12-08 00:01:22,37090.0,37000,90.0
B1-direct-2,direct,architecture2_2nd_run_logs.log,1,23,1,1247.0,2025-12-08 00:01:23,36088.0,36000,88.0
B1-direct-2,direct,architecture2_2nd_run_logs.log,1,24,1,1251.8,2025-12-08 00:01:24,35086.0,35000,86.0
B1-direct-2,direct,architecture2_2nd_run_logs.log,1,25,1,1247.7,2025-12-08 00:01:25,34084.0,34000,84.0
B1-direct-2,direct,architecture2_2nd_run_logs.log,1,26,1,1245.2,2025-12-08 00:01:26,33083.0,33000,83.0
B1-direct-2,direct,architecture2_2nd_run_logs.log,1,27,1,1251.2,2025-12-08 00:01:27,32082.0,32000,82.0
B1-direct-2,direct,architecture2_2nd_run_logs.log,1,28,1,1250.8,2025-12-08 00:01:28,31079.0,31000,79.0
B1-direct-2,direct,architecture2_2nd_run_logs.log,1,29,1,1253.0,2025-12-08 00:01:29,30078.0,30000,78.0
B1-direct-2,direct,architecture2_2nd_run_logs.log,1,30,1,1248.4,2025-12-08 00:01:30,29076.0,29000,76.0
B1-direct-2,direct,architecture2_2nd_run_logs.log,1,31,1,1245.4,2025-12-08 00:01:31,28073.0,28000,73.0
B1-direct-2,direct,architecture2_2nd_run_logs.log,1,32,1,1245.5,2025-12-08 00:01:32,27072.0,27000,72.0
B1-direct-2,direct,architecture2_2nd_run_logs.log,1,33,1,1246.1,2025-12-08 00:01:33,26070.0,26000,70.0
B1-direct-2,direct,architecture2_2nd_run_logs.log,1,34,1,1248.1,2025-12-08 00:01:34,25068.0,25000,68.0
B1-direct-2,direct,architecture2_2nd_run_logs.log,1,35,1,1249.2,2025-12-08 00:01:35,24066.0,24000,66.0
B1-direct-2,direct,architecture2_2nd_run_logs.log,1,36,1,1250.9,2025-12-08 00:01:36,23064.0,23000,64.0
B1-direct-2,direct,architecture2_2nd_run_logs.log,1,37,1,1243.0,2025-12-08 00:01:37,22063.0,22000,63.0
B1-direct-2,direct,architecture2_2nd_run_logs.log,1,38,1,1243.8,2025-12-08 00:01:38,21061.0,21000,61.0
B1-direct-2,direct,architecture2_2nd_run_logs.log,1,39,1,1248.7,2025-12-08 00:01:39,20059.0,20000,59.0
B1-direct-2,direct,architecture2_2nd_run_logs.log,1,40,1,1249.9,2025-12-08 00:01:40,19057.0,19000,57.0
B1-direct-2,direct,architecture2_2nd_run_logs.log,1,41,1,1249.9,2025-12-08 00:01:41,18055.0,18000,55.0
B1-direct-2,direct,architecture2_2nd_run_logs.log,1,42,1,1255.7,2025-12-08 00:01:42,17054.0,17000,54.0
B1-direct-2,direct,architecture2_2nd_run_logs.log,1,43,1,1259.2,2025-12-08 00:01:43,16052.0,16000,52.0
B1-direct-2,direct,architecture2_2nd_run_logs.log,1,44,1,1257.6,2025-12-08 00:01:44,15050.0,15000,50.0
B1-direct-2,direct,architecture2_2nd_run_logs.log,1,45,1,1266.0,2025-12-08 00:01:45,14048.0,14000,48.0
B1-direct-2,direct,architecture2_2nd_run_logs.log,1,46,1,1267.9,2025-12-08 00:01:46,13046.0,13000,46.0
B1-direct-2,direct,architecture2_2nd_run_logs.log,1,47,1,1266.5,2025-12-08 00:01:47,12045.0,12000,45.0
B1-direct-2,direct,architecture2_2nd_run_logs.log,1,48,1,1269.9,2025-12-08 00:01:48,11042.0,11000,42.0
B1-direct-2,direct,architecture2_2nd_run_logs.log,1,49,1,1267.9,2025-12-08 00:01:49,10040.0,10000,40.0
B1-direct-2,direct,architecture2_2nd_run_logs.log,1,50,1,1269.7,2025-12-08 00:01:50,9038.0,9000,38.0
B1-direct-2,direct,architecture2_2nd_run_logs.log,1,51,1,1274.2,2025-12-08 00:01:51,8035.0,8000,35.0
B1-direct-2,direct,architecture2_2nd_run_logs.log,1,52,1,1274.1,2025-12-08 00:01:52,7033.0,7000,33.0
B1-direct-2,direct,architecture2_2nd_run_logs.log,1,53,1,1271.6,2025-12-08 00:01:53,6031.0,6000,31.0
B1-direct-2,direct,architecture2_2nd_run_logs.log,1,54,1,1274.6,2025-12-08 00:01:54,5028.0,5000,28.0
B1-direct-2,direct,architecture2_2nd_run_logs.log,1,55,1,1273.1,2025-12-08 00:01:55,4025.0,4000,25.0
B1-direct-2,direct,architecture2_2nd_run_logs.log,1,56,1,1273.5,2025-12-08 00:01:56,3024.0,3000,24.0
B1-direct-2,direct,architecture2_2nd_run_logs.log,1,57,1,1279.1,2025-12-08 00:01:57,2022.0,2000,22.0
B1-direct-2,direct,architecture2_2nd_run_logs.log,1,58,1,1277.1,2025-12-08 00:01:58,1020.0,1000,20.0
B1-direct-2,direct,architecture2_2nd_run_logs.log,1,59,1,1297.1,2025-12-08 00:01:59,18.0,0,18.0
B1-direct-2,direct,architecture2_2nd_run_logs.log,2,0,1,1279.1,2025-12-08 00:02:00,59145.0,59000,145.0
B1-direct-2,direct,architecture2_2nd_run_logs.log,2,1,1,1272.2,2025-12-08 00:02:01,58144.0,58000,144.0
B1-direct-2,direct,architecture2_2nd_run_logs.log,2,2,1,1270.8,2025-12-08 00:02:02,57143.0,57000,143.0
B1-direct-2,direct,architecture2_2nd_run_logs.log,2,3,1,1271.8,2025-12-08 00:02:03,56142.0,56000,142.0
B1-direct-2,direct,architecture2_2nd_run_logs.log,2,4,1,1271.3,2025-12-08 00:02:04,55141.0,55000,141.0
B1-direct-2,direct,architecture2_2nd_run_logs.log,2,5,1,1270.7,2025-12-08 00:02:05,54139.0,54000,139.0
B1-direct-2,direct,architecture2_2nd_run_logs.log,2,6,1,1272.9,2025-12-08 00:02:06,53136.0,53000,136.0
B1-direct-2,direct,architecture2_2nd_run_logs.log,2,7,1,1276.5,2025-12-08 00:02:07,52134.0,52000,134.0
B1-direct-2,direct,architecture2_2nd_run_logs.log,2,8,1,1268.7,2025-12-08 00:02:08,51131.0,51000,131.0
B1-direct-2,direct,architecture2_2nd_run_logs.log,2,9,1,1267.4,2025-12-08 00:02:09,50129.0,50000,129.0
B1-direct-2,direct,architecture2_2nd_run_logs.log,2,10,1,1270.3,2025-12-08 00:02:10,49127.0,49000,127.0
B1-direct-2,direct,architecture2_2nd_run_logs.log,2,11,1,1266.6,2025-12-08 00:02:11,48126.0,48000,126.0
B1-direct-2,direct,architecture2_2nd_run_logs.log,2,12,1,1271.5,2025-12-08 00:02:12,47125.0,47000,125.0
B1-direct-2,direct,architecture2_2nd_run_logs.log,2,13,1,1267.8,2025-12-08 00:02:13,46125.0,46000,125.0
B1-direct-2,direct,architecture2_2nd_run_logs.log,2,14,1,1268.8,2025-12-08 00:02:14,45123.0,45000,123.0
B1-direct-2,direct,architecture2_2nd_run_logs.log,2,15,1,1288.2,2025-12-08 00:02:15,44121.0,44000,121.0
B1-direct-2,direct,architecture2_2nd_run_logs.log,2,16,1,1267.6,2025-12-08 00:02:16,43119.0,43000,119.0
B1-direct-2,direct,architecture2_2nd_run_logs.log,2,17,1,1271.8,2025-12-08 00:02:17,42117.0,42000,117.0
B1-direct-2,direct,architecture2_2nd_run_logs.log,2,18,1,1272.5,2025-12-08 00:02:18,41115.0,41000,115.0
B1-direct-2,direct,architecture2_2nd_run_logs.log,2,19,1,1277.3,2025-12-08 00:02:19,40113.0,40000,113.0
B1-direct-2,direct,architecture2_2nd_run_logs.log,2,20,1,1277.5,2025-12-08 00:02:20,39110.0,39000,110.0
B1-direct-2,direct,architecture2_2nd_run_logs.log,2,21,1,1280.7,2025-12-08 00:02:21,38108.0,38000,108.0
B1-direct-2,direct,architecture2_2nd_run_logs.log,2,22,1,1274.7,2025-12-08 00:02:22,37106.0,37000,106.0
B1-direct-2,direct,architecture2_2nd_run_logs.log,2,23,1,1274.9,2025-12-08 00:02:23,36103.0,36000,103.0
B1-direct-2,direct,architecture2_2nd_run_logs.log,2,24,1,1278.8,2025-12-08 00:02:24,35101.0,35000,101.0
B1-direct-2,direct,architecture2_2nd_run_logs.log,2,25,1,1271.3,2025-12-08 00:02:25,34099.0,34000,99.0
B1-direct-2,direct,architecture2_2nd_run_logs.log,2,26,1,1271.4,2025-12-08 00:02:26,33097.0,33000,97.0
B1-direct-2,direct,architecture2_2nd_run_logs.log,2,27,1,1276.4,2025-12-08 00:02:27,32094.0,32000,94.0
B1-direct-2,direct,architecture2_2nd_run_logs.log,2,28,1,1275.2,2025-12-08 00:02:28,31092.0,31000,92.0
B1-direct-2,direct,architecture2_2nd_run_logs.log,2,29,1,1276.9,2025-12-08 00:02:29,30089.0,30000,89.0
B1-direct-2,direct,architecture2_2nd_run_logs.log,2,30,1,1274.4,2025-12-08 00:02:30,29087.0,29000,87.0
B1-direct-2,direct,architecture2_2nd_run_logs.log,2,31,1,1268.6,2025-12-08 00:02:31,28085.0,28000,85.0
B1-direct-2,direct,architecture2_2nd_run_logs.log,2,32,1,1269.6,2025-12-08 00:02:32,27083.0,27000,83.0
B1-direct-2,direct,architecture2_2nd_run_logs.log,2,33,1,1274.0,2025-12-08 00:02:33,26081.0,26000,81.0
B1-direct-2,direct,architecture2_2nd_run_logs.log,2,34,1,1270.5,2025-12-08 00:02:34,25079.0,25000,79.0
B1-direct-2,direct,architecture2_2nd_run_logs.log,2,35,1,1271.8,2025-12-08 00:02:35,24077.0,24000,77.0
B1-direct-2,direct,architecture2_2nd_run_logs.log,2,36,1,1270.9,2025-12-08 00:02:36,23074.0,23000,74.0
B1-direct-2,direct,architecture2_2nd_run_logs.log,2,37,1,1269.2,2025-12-08 00:02:37,22072.0,22000,72.0
B1-direct-2,direct,architecture2_2nd_run_logs.log,2,38,1,1271.1,2025-12-08 00:02:38,21069.0,21000,69.0
B1-direct-2,direct,architecture2_2nd_run_logs.log,2,39,1,1273.3,2025-12-08 00:02:39,20067.0,20000,67.0
B1-direct-2,direct,architecture2_2nd_run_logs.log,2,40,1,1272.9,2025-12-08 00:02:40,19065.0,19000,65.0
B1-direct-2,direct,architecture2_2nd_run_logs.log,2,41,1,1277.5,2025-12-08 00:02:41,18063.0,18000,63.0
B1-direct-2,direct,architecture2_2nd_run_logs.log,2,42,1,1269.7,2025-12-08 00:02:42,17060.0,17000,60.0
B1-direct-2,direct,architecture2_2nd_run_logs.log,2,43,1,1266.1,2025-12-08 00:02:43,16058.0,16000,58.0
B1-direct-2,direct,architecture2_2nd_run_logs.log,2,44,1,1271.0,2025-12-08 00:02:44,15055.0,15000,55.0
B1-direct-2,direct,architecture2_2nd_run_logs.log,2,45,1,1269.3,2025-12-08 00:02:45,14053.0,14000,53.0
B1-direct-2,direct,architecture2_2nd_run_logs.log,2,46,1,1272.8,2025-12-08 00:02:46,13050.0,13000,50.0
B1-direct-2,direct,architecture2_2nd_run_logs.log,2,47,1,1274.3,2025-12-08 00:02:47,12048.0,12000,48.0
B1-direct-2,direct,architecture2_2nd_run_logs.log,2,48,1,1269.5,2025-12-08 00:02:48,11046.0,11000,46.0
B1-direct-2,direct,architecture2_2nd_run_logs.log,2,49,1,1268.6,2025-12-08 00:02:49,10043.0,10000,43.0
B1-direct-2,direct,architecture2_2nd_run_logs.log,2,50,1,1269.2,2025-12-08 00:02:50,9041.0,9000,41.0
B1-direct-2,direct,architecture2_2nd_run_logs.log,2,51,1,1272.9,2025-12-08 00:02:51,8038.0,8000,38.0
B1-direct-2,direct,architecture2_2nd_run_logs.log,2,52,1,1269.6,2025-12-08 00:02:52,7036.0,7000,36.0
B1-direct-2,direct,architecture2_2nd_run_logs.log,2,53,1,1269.1,2025-12-08 00:02:53,6033.0,6000,33.0
B1-direct-2,direct,architecture2_2nd_run_logs.log,2,54,1,1265.1,2025-12-08 00:02:54,5032.0,5000,32.0
B1-direct-2,direct,architecture2_2nd_run_logs.log,2,55,1,1269.0,2025-12-08 00:02:55,4030.0,4000,30.0
B1-direct-2,direct,architecture2_2nd_run_logs.log,2,56,1,1269.0,2025-12-08 00:02:56,3027.0,3000,27.0
B1-direct-2,direct,architecture2_2nd_run_logs.log,2,57,1,1273.6,2025-12-08 00:02:57,2025.0,2000,25.0
B1-direct-2,direct,architecture2_2nd_run_logs.log,2,58,1,1269.1,2025-12-08 00:02:58,1023.0,1000,23.0
B1-direct-2,direct,architecture2_2nd_run_logs.log,2,59,1,1277.4,2025-12-08 00:02:59,15.0,0,15.0
B1-direct-2,direct,architecture2_2nd_run_logs.log,3,0,1,1271.2,2025-12-08 00:03:00,59127.0,59000,127.0
B1-direct-2,direct,architecture2_2nd_run_logs.log,3,1,1,1273.9,2025-12-08 00:03:01,58126.0,58000,126.0
B1-direct-2,direct,architecture2_2nd_run_logs.log,3,2,1,1271.9,2025-12-08 00:03:02,57125.0,57000,125.0
B1-direct-2,direct,architecture2_2nd_run_logs.log,3,3,1,1269.8,2025-12-08 00:03:03,56124.0,56000,124.0
B1-direct-2,direct,architecture2_2nd_run_logs.log,3,4,1,1285.8,2025-12-08 00:03:04,55123.0,55000,123.0
B1-direct-2,direct,architecture2_2nd_run_logs.log,3,5,1,1270.1,2025-12-08 00:03:05,54121.0,54000,121.0
B1-direct-2,direct,architecture2_2nd_run_logs.log,3,6,1,1291.2,2025-12-08 00:03:06,53119.0,53000,119.0
B1-direct-2,direct,architecture2_2nd_run_logs.log,3,7,1,1266.4,2025-12-08 00:03:07,52117.0,52000,117.0
B1-direct-2,direct,architecture2_2nd_run_logs.log,3,8,1,1264.3,2025-12-08 00:03:08,51114.0,51000,114.0
B1-direct-2,direct,architecture2_2nd_run_logs.log,3,9,1,1275.5,2025-12-08 00:03:09,50113.0,50000,113.0
B1-direct-2,direct,architecture2_2nd_run_logs.log,3,10,1,1272.3,2025-12-08 00:03:10,49111.0,49000,111.0
B1-direct-2,direct,architecture2_2nd_run_logs.log,3,11,1,1268.3,2025-12-08 00:03:11,48109.0,48000,109.0
B1-direct-2,direct,architecture2_2nd_run_logs.log,3,12,1,1271.6,2025-12-08 00:03:12,47107.0,47000,107.0
B1-direct-2,direct,architecture2_2nd_run_logs.log,3,13,1,1267.8,2025-12-08 00:03:13,46104.0,46000,104.0
B1-direct-2,direct,architecture2_2nd_run_logs.log,3,14,1,1269.1,2025-12-08 00:03:14,45103.0,45000,103.0
B1-direct-2,direct,architecture2_2nd_run_logs.log,3,15,1,1279.5,2025-12-08 00:03:15,44101.0,44000,101.0
B1-direct-2,direct,architecture2_2nd_run_logs.log,3,16,1,1265.1,2025-12-08 00:03:16,43099.0,43000,99.0
B1-direct-2,direct,architecture2_2nd_run_logs.log,3,17,1,1267.3,2025-12-08 00:03:17,42096.0,42000,96.0
B1-direct-2,direct,architecture2_2nd_run_logs.log,3,18,1,1271.7,2025-12-08 00:03:18,41094.0,41000,94.0
B1-direct-2,direct,architecture2_2nd_run_logs.log,3,19,1,1273.7,2025-12-08 00:03:19,40093.0,40000,93.0
B1-direct-2,direct,architecture2_2nd_run_logs.log,3,20,1,1271.5,2025-12-08 00:03:20,39091.0,39000,91.0
B1-direct-2,direct,architecture2_2nd_run_logs.log,3,21,1,1275.9,2025-12-08 00:03:21,38089.0,38000,89.0
B1-direct-2,direct,architecture2_2nd_run_logs.log,3,22,1,1274.3,2025-12-08 00:03:22,37087.0,37000,87.0
B1-direct-2,direct,architecture2_2nd_run_logs.log,3,23,1,1280.4,2025-12-08 00:03:23,36086.0,36000,86.0
B1-direct-2,direct,architecture2_2nd_run_logs.log,3,24,1,1283.8,2025-12-08 00:03:24,35085.0,35000,85.0
B1-direct-2,direct,architecture2_2nd_run_logs.log,3,25,1,1263.9,2025-12-08 00:03:25,34083.0,34000,83.0
B1-direct-2,direct,architecture2_2nd_run_logs.log,3,26,1,1270.2,2025-12-08 00:03:26,33081.0,33000,81.0
B1-direct-2,direct,architecture2_2nd_run_logs.log,3,27,1,1307.2,2025-12-08 00:03:27,32079.0,32000,79.0
B1-direct-2,direct,architecture2_2nd_run_logs.log,3,28,1,1400.8,2025-12-08 00:03:28,31077.0,31000,77.0
B1-direct-2,direct,architecture2_2nd_run_logs.log,3,29,1,1377.4,2025-12-08 00:03:29,30077.0,30000,77.0
B1-direct-2,direct,architecture2_2nd_run_logs.log,3,30,1,1377.1,2025-12-08 00:03:30,29075.0,29000,75.0
B1-direct-2,direct,architecture2_2nd_run_logs.log,3,31,1,1377.2,2025-12-08 00:03:31,28072.0,28000,72.0
B1-direct-2,direct,architecture2_2nd_run_logs.log,3,32,1,1377.5,2025-12-08 00:03:32,27070.0,27000,70.0
B1-direct-2,direct,architecture2_2nd_run_logs.log,3,33,1,1380.9,2025-12-08 00:03:33,26068.0,26000,68.0
B1-direct-2,direct,architecture2_2nd_run_logs.log,3,34,1,1385.2,2025-12-08 00:03:34,25067.0,25000,67.0
B1-direct-2,direct,architecture2_2nd_run_logs.log,3,35,1,1390.8,2025-12-08 00:03:35,24065.0,24000,65.0
B1-direct-2,direct,architecture2_2nd_run_logs.log,3,36,1,1366.7,2025-12-08 00:03:36,23064.0,23000,64.0
B1-direct-2,direct,architecture2_2nd_run_logs.log,3,37,1,1379.2,2025-12-08 00:03:37,22062.0,22000,62.0
B1-direct-2,direct,architecture2_2nd_run_logs.log,3,38,1,1378.3,2025-12-08 00:03:38,21060.0,21000,60.0
B1-direct-2,direct,architecture2_2nd_run_logs.log,3,39,1,1380.6,2025-12-08 00:03:39,20058.0,20000,58.0
B1-direct-2,direct,architecture2_2nd_run_logs.log,3,40,1,1381.1,2025-12-08 00:03:40,19056.0,19000,56.0
B1-direct-2,direct,architecture2_2nd_run_logs.log,3,41,1,1374.5,2025-12-08 00:03:41,18054.0,18000,54.0
B1-direct-2,direct,architecture2_2nd_run_logs.log,3,42,1,1382.2,2025-12-08 00:03:42,17052.0,17000,52.0
B1-direct-2,direct,architecture2_2nd_run_logs.log,3,43,1,1373.4,2025-12-08 00:03:43,16050.0,16000,50.0
B1-direct-2,direct,architecture2_2nd_run_logs.log,3,44,1,1379.1,2025-12-08 00:03:44,15049.0,15000,49.0
B1-direct-2,direct,architecture2_2nd_run_logs.log,3,45,1,1376.6,2025-12-08 00:03:45,14047.0,14000,47.0
B1-direct-2,direct,architecture2_2nd_run_logs.log,3,46,1,1376.0,2025-12-08 00:03:46,13045.0,13000,45.0
B1-direct-2,direct,architecture2_2nd_run_logs.log,3,47,1,1375.1,2025-12-08 00:03:47,12043.0,12000,43.0
B1-direct-2,direct,architecture2_2nd_run_logs.log,3,48,1,1376.3,2025-12-08 00:03:48,11041.0,11000,41.0
B1-direct-2,direct,architecture2_2nd_run_logs.log,3,49,1,1374.8,2025-12-08 00:03:49,10038.0,10000,38.0
B1-direct-2,direct,architecture2_2nd_run_logs.log,3,50,1,1374.6,2025-12-08 00:03:50,9035.0,9000,35.0
B1-direct-2,direct,architecture2_2nd_run_logs.log,3,51,1,1377.9,2025-12-08 00:03:51,8033.0,8000,33.0
B1-direct-2,direct,architecture2_2nd_run_logs.log,3,52,1,1382.4,2025-12-08 00:03:52,7030.0,7000,30.0
B1-direct-2,direct,architecture2_2nd_run_logs.log,3,53,1,1386.4,2025-12-08 00:03:53,6028.0,6000,28.0
B1-direct-2,direct,architecture2_2nd_run_logs.log,3,54,1,1383.3,2025-12-08 00:03:54,5027.0,5000,27.0
B1-direct-2,direct,architecture2_2nd_run_logs.log,3,55,1,1376.1,2025-12-08 00:03:55,4024.0,4000,24.0
B1-direct-2,direct,architecture2_2nd_run_logs.log,3,56,1,1405.4,2025-12-08 00:03:56,3022.0,3000,22.0
B1-direct-2,direct,architecture2_2nd_run_logs.log,3,57,1,1447.6,2025-12-08 00:03:57,2020.0,2000,20.0
B1-direct-2,direct,architecture2_2nd_run_logs.log,3,58,1,1438.7,2025-12-08 00:03:58,1018.0,1000,18.0
B1-direct-2,direct,architecture2_2nd_run_logs.log,3,59,1,1437.0,2025-12-08 00:03:59,15.0,0,15.0
B1-direct-2,direct,architecture2_2nd_run_logs.log,4,0,1,1447.4,2025-12-08 00:04:00,59110.0,59000,110.0
B1-direct-2,direct,architecture2_2nd_run_logs.log,4,1,1,1447.4,2025-12-08 00:04:01,58109.0,58000,109.0
B1-direct-2,direct,architecture2_2nd_run_logs.log,4,2,1,1437.7,2025-12-08 00:04:02,57109.0,57000,109.0
B1-direct-2,direct,architecture2_2nd_run_logs.log,4,3,1,1439.2,2025-12-08 00:04:03,56108.0,56000,108.0
B1-direct-2,direct,architecture2_2nd_run_logs.log,4,4,1,1441.2,2025-12-08 00:04:04,55107.0,55000,107.0
B1-direct-2,direct,architecture2_2nd_run_logs.log,4,5,1,1443.6,2025-12-08 00:04:05,54105.0,54000,105.0
B1-direct-2,direct,architecture2_2nd_run_logs.log,4,6,1,1451.0,2025-12-08 00:04:06,53103.0,53000,103.0
B1-direct-2,direct,architecture2_2nd_run_logs.log,4,7,1,1440.2,2025-12-08 00:04:07,52101.0,52000,101.0
B1-direct-2,direct,architecture2_2nd_run_logs.log,4,8,1,1446.8,2025-12-08 00:04:08,51099.0,51000,99.0
B1-direct-2,direct,architecture2_2nd_run_logs.log,4,9,1,1444.9,2025-12-08 00:04:09,50096.0,50000,96.0
B1-direct-2,direct,architecture2_2nd_run_logs.log,4,10,1,1443.8,2025-12-08 00:04:10,49094.0,49000,94.0
B1-direct-2,direct,architecture2_2nd_run_logs.log,4,11,1,1441.1,2025-12-08 00:04:11,48092.0,48000,92.0
B1-direct-2,direct,architecture2_2nd_run_logs.log,4,12,1,1447.9,2025-12-08 00:04:12,47089.0,47000,89.0
B1-direct-2,direct,architecture2_2nd_run_logs.log,4,13,1,1434.4,2025-12-08 00:04:13,46087.0,46000,87.0
B1-direct-2,direct,architecture2_2nd_run_logs.log,4,14,1,1432.2,2025-12-08 00:04:14,45085.0,45000,85.0
B1-direct-2,direct,architecture2_2nd_run_logs.log,4,15,1,1442.3,2025-12-08 00:04:15,44083.0,44000,83.0
B1-direct-2,direct,architecture2_2nd_run_logs.log,4,16,1,1448.0,2025-12-08 00:04:16,43080.0,43000,80.0
B1-direct-2,direct,architecture2_2nd_run_logs.log,4,17,1,1439.5,2025-12-08 00:04:17,42078.0,42000,78.0
B1-direct-2,direct,architecture2_2nd_run_logs.log,4,18,1,1438.1,2025-12-08 00:04:18,41076.0,41000,76.0
B1-direct-2,direct,architecture2_2nd_run_logs.log,4,19,1,1444.6,2025-12-08 00:04:19,40074.0,40000,74.0
B1-direct-2,direct,architecture2_2nd_run_logs.log,4,20,1,1446.1,2025-12-08 00:04:20,39072.0,39000,72.0
B1-direct-2,direct,architecture2_2nd_run_logs.log,4,21,1,1445.6,2025-12-08 00:04:21,38069.0,38000,69.0
B1-direct-2,direct,architecture2_2nd_run_logs.log,4,22,1,1448.8,2025-12-08 00:04:22,37067.0,37000,67.0
B1-direct-2,direct,architecture2_2nd_run_logs.log,4,23,1,1433.7,2025-12-08 00:04:23,36065.0,36000,65.0
B1-direct-2,direct,architecture2_2nd_run_logs.log,4,24,1,1436.8,2025-12-08 00:04:24,35063.0,35000,63.0
B1-direct-2,direct,architecture2_2nd_run_logs.log,4,25,1,1446.8,2025-12-08 00:04:25,34061.0,34000,61.0
B1-direct-2,direct,architecture2_2nd_run_logs.log,4,26,1,1440.7,2025-12-08 00:04:26,33058.0,33000,58.0
B1-direct-2,direct,architecture2_2nd_run_logs.log,4,27,1,1445.4,2025-12-08 00:04:27,32057.0,32000,57.0
B1-direct-2,direct,architecture2_2nd_run_logs.log,4,28,1,1446.4,2025-12-08 00:04:28,31055.0,31000,55.0
B1-direct-2,direct,architecture2_2nd_run_logs.log,4,29,1,1455.5,2025-12-08 00:04:29,30053.0,30000,53.0
B1-direct-2,direct,architecture2_2nd_run_logs.log,4,30,1,1439.8,2025-12-08 00:04:30,29051.0,29000,51.0
B1-direct-2,direct,architecture2_2nd_run_logs.log,4,31,1,1435.1,2025-12-08 00:04:31,28049.0,28000,49.0
B1-direct-2,direct,architecture2_2nd_run_logs.log,4,32,1,1450.0,2025-12-08 00:04:32,27047.0,27000,47.0
B1-direct-2,direct,architecture2_2nd_run_logs.log,4,33,1,1436.3,2025-12-08 00:04:33,26045.0,26000,45.0
B1-direct-2,direct,architecture2_2nd_run_logs.log,4,34,1,1436.4,2025-12-08 00:04:34,25043.0,25000,43.0
B1-direct-2,direct,architecture2_2nd_run_logs.log,4,35,1,1430.8,2025-12-08 00:04:35,24042.0,24000,42.0
B1-direct-2,direct,architecture2_2nd_run_logs.log,4,36,1,1453.1,2025-12-08 00:04:36,23041.0,23000,41.0
B1-direct-2,direct,architecture2_2nd_run_logs.log,4,37,1,1519.4,2025-12-08 00:04:37,22040.0,22000,40.0
B1-direct-2,direct,architecture2_2nd_run_logs.log,4,38,1,1517.6,2025-12-08 00:04:38,21038.0,21000,38.0
B1-direct-2,direct,architecture2_2nd_run_logs.log,4,39,1,1517.7,2025-12-08 00:04:39,20037.0,20000,37.0
B1-direct-2,direct,architecture2_2nd_run_logs.log,4,40,1,1519.5,2025-12-08 00:04:40,19035.0,19000,35.0
B1-direct-2,direct,architecture2_2nd_run_logs.log,4,41,1,1525.4,2025-12-08 00:04:41,18034.0,18000,34.0
B1-direct-2,direct,architecture2_2nd_run_logs.log,4,42,1,1522.1,2025-12-08 00:04:42,17031.0,17000,31.0
B1-direct-2,direct,architecture2_2nd_run_logs.log,4,43,1,1521.4,2025-12-08 00:04:43,16030.0,16000,30.0
B1-direct-2,direct,architecture2_2nd_run_logs.log,4,44,1,1523.2,2025-12-08 00:04:44,15029.0,15000,29.0
B1-direct-2,direct,architecture2_2nd_run_logs.log,4,45,1,1525.5,2025-12-08 00:04:45,14028.0,14000,28.0
B1-direct-2,direct,architecture2_2nd_run_logs.log,4,46,1,1525.0,2025-12-08 00:04:46,13028.0,13000,28.0
B1-direct-2,direct,architecture2_2nd_run_logs.log,4,47,1,1523.2,2025-12-08 00:04:47,12026.0,12000,26.0
B1-direct-2,direct,architecture2_2nd_run_logs.log,4,48,1,1525.8,2025-12-08 00:04:48,11023.0,11000,23.0
B1-direct-2,direct,architecture2_2nd_run_logs.log,4,49,1,1522.6,2025-12-08 00:04:49,10022.0,10000,22.0
B1-direct-2,direct,architecture2_2nd_run_logs.log,4,50,1,1529.2,2025-12-08 00:04:50,9021.0,9000,21.0
B1-direct-2,direct,architecture2_2nd_run_logs.log,4,51,1,1529.3,2025-12-08 00:04:51,8020.0,8000,20.0
B1-direct-2,direct,architecture2_2nd_run_logs.log,4,52,1,1528.0,2025-12-08 00:04:52,7019.0,7000,19.0
B1-direct-2,direct,architecture2_2nd_run_logs.log,4,53,1,1520.6,2025-12-08 00:04:53,6018.0,6000,18.0
B1-direct-2,direct,architecture2_2nd_run_logs.log,4,54,1,1516.6,2025-12-08 00:04:54,5016.0,5000,16.0
B1-direct-2,direct,architecture2_2nd_run_logs.log,4,55,1,1515.9,2025-12-08 00:04:55,4015.0,4000,15.0
B1-direct-2,direct,architecture2_2nd_run_logs.log,4,56,1,1516.2,2025-12-08 00:04:56,3014.0,3000,14.0
B1-direct-2,direct,architecture2_2nd_run_logs.log,4,57,1,1523.6,2025-12-08 00:04:57,2013.0,2000,13.0
B1-direct-2,direct,architecture2_2nd_run_logs.log,4,58,1,1520.8,2025-12-08 00:04:58,1011.0,1000,11.0
B1-direct-2,direct,architecture2_2nd_run_logs.log,4,59,1,1518.0,2025-12-08 00:04:59,10.0,0,10.0
B1-direct-2,direct,architecture2_2nd_run_logs.log,5,0,1,1519.6,2025-12-08 00:05:00,59114.0,59000,114.0
B1-direct-2,direct,architecture2_2nd_run_logs.log,5,1,1,1523.3,2025-12-08 00:05:01,58113.0,58000,113.0
B1-direct-2,direct,architecture2_2nd_run_logs.log,5,2,1,1518.2,2025-12-08 00:05:02,57112.0,57000,112.0
B1-direct-2,direct,architecture2_2nd_run_logs.log,5,3,1,1520.7,2025-12-08 00:05:03,56112.0,56000,112.0
B1-direct-2,direct,architecture2_2nd_run_logs.log,5,4,1,1521.0,2025-12-08 00:05:04,55111.0,55000,111.0
B1-direct-2,direct,architecture2_2nd_run_logs.log,5,5,1,1519.3,2025-12-08 00:05:05,54109.0,54000,109.0
B1-direct-2,direct,architecture2_2nd_run_logs.log,5,6,1,1525.3,2025-12-08 00:05:06,53108.0,53000,108.0
B1-direct-2,direct,architecture2_2nd_run_logs.log,5,7,1,1533.0,2025-12-08 00:05:07,52107.0,52000,107.0
B1-direct-2,direct,architecture2_2nd_run_logs.log,5,8,1,1517.4,2025-12-08 00:05:08,51106.0,51000,106.0
B1-direct-2,direct,architecture2_2nd_run_logs.log,5,9,1,1526.6,2025-12-08 00:05:09,50105.0,50000,105.0
B1-direct-2,direct,architecture2_2nd_run_logs.log,5,10,1,1537.7,2025-12-08 00:05:10,49104.0,49000,104.0
B1-direct-2,direct,architecture2_2nd_run_logs.log,5,11,1,1518.0,2025-12-08 00:05:11,48103.0,48000,103.0
B1-direct-2,direct,architecture2_2nd_run_logs.log,5,12,1,1518.7,2025-12-08 00:05:12,47102.0,47000,102.0
B1-direct-2,direct,architecture2_2nd_run_logs.log,5,13,1,1518.7,2025-12-08 00:05:13,46101.0,46000,101.0
B1-direct-2,direct,architecture2_2nd_run_logs.log,5,14,1,1519.6,2025-12-08 00:05:14,45100.0,45000,100.0
B1-direct-2,direct,architecture2_2nd_run_logs.log,5,15,1,1524.2,2025-12-08 00:05:15,44098.0,44000,98.0
B1-direct-2,direct,architecture2_2nd_run_logs.log,5,16,1,1526.9,2025-12-08 00:05:16,43096.0,43000,96.0
B1-direct-2,direct,architecture2_2nd_run_logs.log,5,17,1,1526.4,2025-12-08 00:05:17,42094.0,42000,94.0
B1-direct-2,direct,architecture2_2nd_run_logs.log,5,18,1,1521.5,2025-12-08 00:05:18,41092.0,41000,92.0
B1-direct-2,direct,architecture2_2nd_run_logs.log,5,19,1,1528.6,2025-12-08 00:05:19,40090.0,40000,90.0
B1-direct-2,direct,architecture2_2nd_run_logs.log,5,20,1,1528.6,2025-12-08 00:05:20,39088.0,39000,88.0
B1-direct-2,direct,architecture2_2nd_run_logs.log,5,21,1,1529.4,2025-12-08 00:05:21,38086.0,38000,86.0
B1-direct-2,direct,architecture2_2nd_run_logs.log,5,22,1,1526.4,2025-12-08 00:05:22,37084.0,37000,84.0
B1-direct-2,direct,architecture2_2nd_run_logs.log,5,23,1,1522.6,2025-12-08 00:05:23,36083.0,36000,83.0
B1-direct-2,direct,architecture2_2nd_run_logs.log,5,24,1,1523.5,2025-12-08 00:05:24,35081.0,35000,81.0
B1-direct-2,direct,architecture2_2nd_run_logs.log,5,25,1,1521.9,2025-12-08 00:05:25,34079.0,34000,79.0
B1-direct-2,direct,architecture2_2nd_run_logs.log,5,26,1,1586.5,2025-12-08 00:05:26,33077.0,33000,77.0
B1-direct-2,direct,architecture2_2nd_run_logs.log,5,27,1,1641.7,2025-12-08 00:05:27,32075.0,32000,75.0
B1-direct-2,direct,architecture2_2nd_run_logs.log,5,28,1,1661.5,2025-12-08 00:05:28,31073.0,31000,73.0
B1-direct-2,direct,architecture2_2nd_run_logs.log,5,29,1,1650.5,2025-12-08 00:05:29,30071.0,30000,71.0
B1-direct-2,direct,architecture2_2nd_run_logs.log,5,30,1,1658.5,2025-12-08 00:05:30,29069.0,29000,69.0
B1-direct-2,direct,architecture2_2nd_run_logs.log,5,31,1,1678.8,2025-12-08 00:05:31,28066.0,28000,66.0
B1-direct-2,direct,architecture2_2nd_run_logs.log,5,32,1,1661.6,2025-12-08 00:05:32,27064.0,27000,64.0
B1-direct-2,direct,architecture2_2nd_run_logs.log,5,33,1,1675.6,2025-12-08 00:05:33,26062.0,26000,62.0
B1-direct-2,direct,architecture2_2nd_run_logs.log,5,34,1,1655.6,2025-12-08 00:05:34,25060.0,25000,60.0
B1-direct-2,direct,architecture2_2nd_run_logs.log,5,35,1,1658.7,2025-12-08 00:05:35,24058.0,24000,58.0
B1-direct-2,direct,architecture2_2nd_run_logs.log,5,36,1,1659.3,2025-12-08 00:05:36,23056.0,23000,56.0
B1-direct-2,direct,architecture2_2nd_run_logs.log,5,37,1,1659.2,2025-12-08 00:05:37,22055.0,22000,55.0
B1-direct-2,direct,architecture2_2nd_run_logs.log,5,38,1,1654.4,2025-12-08 00:05:38,21053.0,21000,53.0
B1-direct-2,direct,architecture2_2nd_run_logs.log,5,39,1,1657.6,2025-12-08 00:05:39,20050.0,20000,50.0
B1-direct-2,direct,architecture2_2nd_run_logs.log,5,40,1,1660.4,2025-12-08 00:05:40,19049.0,19000,49.0
B1-direct-2,direct,architecture2_2nd_run_logs.log,5,41,1,1658.5,2025-12-08 00:05:41,18047.0,18000,47.0
B1-direct-2,direct,architecture2_2nd_run_logs.log,5,42,1,1658.1,2025-12-08 00:05:42,17046.0,17000,46.0
B1-direct-2,direct,architecture2_2nd_run_logs.log,5,43,1,1660.9,2025-12-08 00:05:43,16044.0,16000,44.0
B1-direct-2,direct,architecture2_2nd_run_logs.log,5,44,1,1656.0,2025-12-08 00:05:44,15042.0,15000,42.0
B1-direct-2,direct,architecture2_2nd_run_logs.log,5,45,1,1658.1,2025-12-08 00:05:45,14040.0,14000,40.0
B1-direct-2,direct,architecture2_2nd_run_logs.log,5,46,1,1664.1,2025-12-08 00:05:46,13039.0,13000,39.0
B1-direct-2,direct,architecture2_2nd_run_logs.log,5,47,1,1653.0,2025-12-08 00:05:47,12037.0,12000,37.0
B1-direct-2,direct,architecture2_2nd_run_logs.log,5,48,1,1659.9,2025-12-08 00:05:48,11035.0,11000,35.0
B1-direct-2,direct,architecture2_2nd_run_logs.log,5,49,1,1659.2,2025-12-08 00:05:49,10034.0,10000,34.0
B1-direct-2,direct,architecture2_2nd_run_logs.log,5,50,1,1661.0,2025-12-08 00:05:50,9032.0,9000,32.0
B1-direct-2,direct,architecture2_2nd_run_logs.log,5,51,1,1658.9,2025-12-08 00:05:51,8030.0,8000,30.0
B1-direct-2,direct,architecture2_2nd_run_logs.log,5,52,1,1658.9,2025-12-08 00:05:52,7029.0,7000,29.0
B1-direct-2,direct,architecture2_2nd_run_logs.log,5,53,1,1656.0,2025-12-08 00:05:53,6027.0,6000,27.0
B1-direct-2,direct,architecture2_2nd_run_logs.log,5,54,1,1661.9,2025-12-08 00:05:54,5024.0,5000,24.0
B1-direct-2,direct,architecture2_2nd_run_logs.log,5,55,1,1656.5,2025-12-08 00:05:55,4023.0,4000,23.0
B1-direct-2,direct,architecture2_2nd_run_logs.log,5,56,1,1656.9,2025-12-08 00:05:56,3021.0,3000,21.0
B1-direct-2,direct,architecture2_2nd_run_logs.log,5,57,1,1662.3,2025-12-08 00:05:57,2019.0,2000,19.0
B1-direct-2,direct,architecture2_2nd_run_logs.log,5,58,1,1659.5,2025-12-08 00:05:58,1018.0,1000,18.0
B1-direct-2,direct,architecture2_2nd_run_logs.log,5,59,1,1656.2,2025-12-08 00:05:59,16.0,0,16.0
B1-direct-2,direct,architecture2_2nd_run_logs.log,6,0,1,1665.2,2025-12-08 00:06:00,59132.0,59000,132.0
B1-direct-2,direct,architecture2_2nd_run_logs.log,6,1,1,1662.2,2025-12-08 00:06:01,58131.0,58000,131.0
B1-direct-2,direct,architecture2_2nd_run_logs.log,6,2,1,1665.4,2025-12-08 00:06:02,57130.0,57000,130.0
B1-direct-2,direct,architecture2_2nd_run_logs.log,6,3,1,1661.2,2025-12-08 00:06:03,56129.0,56000,129.0
B1-direct-2,direct,architecture2_2nd_run_logs.log,6,4,1,1657.8,2025-12-08 00:06:04,55128.0,55000,128.0
B1-direct-2,direct,architecture2_2nd_run_logs.log,6,5,1,1660.2,2025-12-08 00:06:05,54126.0,54000,126.0
B1-direct-2,direct,architecture2_2nd_run_logs.log,6,6,1,1660.8,2025-12-08 00:06:06,53124.0,53000,124.0
B1-direct-2,direct,architecture2_2nd_run_logs.log,6,7,1,1662.0,2025-12-08 00:06:07,52122.0,52000,122.0
B1-direct-2,direct,architecture2_2nd_run_logs.log,6,8,1,1657.4,2025-12-08 00:06:08,51120.0,51000,120.0
B1-direct-2,direct,architecture2_2nd_run_logs.log,6,9,1,1667.2,2025-12-08 00:06:09,50118.0,50000,118.0
B1-direct-2,direct,architecture2_2nd_run_logs.log,6,10,1,1669.9,2025-12-08 00:06:10,49116.0,49000,116.0
B1-direct-2,direct,architecture2_2nd_run_logs.log,6,11,1,1659.0,2025-12-08 00:06:11,48114.0,48000,114.0
B1-direct-2,direct,architecture2_2nd_run_logs.log,6,12,1,1677.0,2025-12-08 00:06:12,47112.0,47000,112.0
B1-direct-2,direct,architecture2_2nd_run_logs.log,6,13,1,1662.9,2025-12-08 00:06:13,46110.0,46000,110.0
B1-direct-2,direct,architecture2_2nd_run_logs.log,6,14,1,1659.6,2025-12-08 00:06:14,45090.0,45000,90.0
B1-direct-2,direct,architecture2_2nd_run_logs.log,6,15,1,1661.2,2025-12-08 00:06:15,44089.0,44000,89.0
B1-direct-2,direct,architecture2_2nd_run_logs.log,6,16,1,1656.5,2025-12-08 00:06:16,43087.0,43000,87.0
B1-direct-2,direct,architecture2_2nd_run_logs.log,6,17,1,1657.6,2025-12-08 00:06:17,42085.0,42000,85.0
B1-direct-2,direct,architecture2_2nd_run_logs.log,6,18,1,1676.1,2025-12-08 00:06:18,41083.0,41000,83.0
B1-direct-2,direct,architecture2_2nd_run_logs.log,6,19,1,1667.9,2025-12-08 00:06:19,40082.0,40000,82.0
B1-direct-2,direct,architecture2_2nd_run_logs.log,6,20,1,1663.4,2025-12-08 00:06:20,39080.0,39000,80.0
B1-direct-2,direct,architecture2_2nd_run_logs.log,6,21,1,1660.5,2025-12-08 00:06:21,38078.0,38000,78.0
B1-direct-2,direct,architecture2_2nd_run_logs.log,6,22,1,1662.1,2025-12-08 00:06:22,37076.0,37000,76.0
B1-direct-2,direct,architecture2_2nd_run_logs.log,6,23,1,1662.5,2025-12-08 00:06:23,36074.0,36000,74.0
B1-direct-2,direct,architecture2_2nd_run_logs.log,6,24,1,1661.6,2025-12-08 00:06:24,35072.0,35000,72.0
B1-direct-2,direct,architecture2_2nd_run_logs.log,6,25,1,1660.0,2025-12-08 00:06:25,34070.0,34000,70.0
B1-direct-2,direct,architecture2_2nd_run_logs.log,6,26,1,1669.5,2025-12-08 00:06:26,33069.0,33000,69.0
B1-direct-2,direct,architecture2_2nd_run_logs.log,6,27,1,1659.9,2025-12-08 00:06:27,32067.0,32000,67.0
B1-direct-2,direct,architecture2_2nd_run_logs.log,6,28,1,1663.0,2025-12-08 00:06:28,31066.0,31000,66.0
B1-direct-2,direct,architecture2_2nd_run_logs.log,6,29,1,1657.2,2025-12-08 00:06:29,30065.0,30000,65.0
B1-direct-2,direct,architecture2_2nd_run_logs.log,6,30,1,1660.4,2025-12-08 00:06:30,29063.0,29000,63.0
B1-direct-2,direct,architecture2_2nd_run_logs.log,6,31,1,1660.3,2025-12-08 00:06:31,28061.0,28000,61.0
B1-direct-2,direct,architecture2_2nd_run_logs.log,6,32,1,1670.6,2025-12-08 00:06:32,27059.0,27000,59.0
B1-direct-2,direct,architecture2_2nd_run_logs.log,6,33,1,1662.7,2025-12-08 00:06:33,26057.0,26000,57.0
B1-direct-2,direct,architecture2_2nd_run_logs.log,6,34,1,1660.2,2025-12-08 00:06:34,25056.0,25000,56.0
B1-direct-2,direct,architecture2_2nd_run_logs.log,6,35,1,1658.2,2025-12-08 00:06:35,24054.0,24000,54.0
B1-direct-2,direct,architecture2_2nd_run_logs.log,6,36,1,1658.5,2025-12-08 00:06:36,23052.0,23000,52.0
B1-direct-2,direct,architecture2_2nd_run_logs.log,6,37,1,1659.8,2025-12-08 00:06:37,22050.0,22000,50.0
B1-direct-2,direct,architecture2_2nd_run_logs.log,6,38,1,1660.9,2025-12-08 00:06:38,21048.0,21000,48.0
B1-direct-2,direct,architecture2_2nd_run_logs.log,6,39,1,1663.8,2025-12-08 00:06:39,20047.0,20000,47.0
B1-direct-2,direct,architecture2_2nd_run_logs.log,6,40,1,1656.1,2025-12-08 00:06:40,19046.0,19000,46.0
B1-direct-2,direct,architecture2_2nd_run_logs.log,6,41,1,1660.8,2025-12-08 00:06:41,18044.0,18000,44.0
B1-direct-2,direct,architecture2_2nd_run_logs.log,6,42,1,1663.3,2025-12-08 00:06:42,17043.0,17000,43.0
B1-direct-2,direct,architecture2_2nd_run_logs.log,6,43,1,1661.1,2025-12-08 00:06:43,16041.0,16000,41.0
B1-direct-2,direct,architecture2_2nd_run_logs.log,6,44,1,1664.5,2025-12-08 00:06:44,15040.0,15000,40.0
B1-direct-2,direct,architecture2_2nd_run_logs.log,6,45,1,1660.4,2025-12-08 00:06:45,14038.0,14000,38.0
B1-direct-2,direct,architecture2_2nd_run_logs.log,6,46,1,1660.0,2025-12-08 00:06:46,13036.0,13000,36.0
B1-direct-2,direct,architecture2_2nd_run_logs.log,6,47,1,1657.3,2025-12-08 00:06:47,12036.0,12000,36.0
B1-direct-2,direct,architecture2_2nd_run_logs.log,6,48,1,1662.7,2025-12-08 00:06:48,11034.0,11000,34.0
B1-direct-2,direct,architecture2_2nd_run_logs.log,6,49,1,1663.8,2025-12-08 00:06:49,10032.0,10000,32.0
B1-direct-2,direct,architecture2_2nd_run_logs.log,6,50,1,1662.0,2025-12-08 00:06:50,9030.0,9000,30.0
B1-direct-2,direct,architecture2_2nd_run_logs.log,6,51,1,1663.6,2025-12-08 00:06:51,8029.0,8000,29.0
B1-direct-2,direct,architecture2_2nd_run_logs.log,6,52,1,1658.6,2025-12-08 00:06:52,7027.0,7000,27.0
B1-direct-2,direct,architecture2_2nd_run_logs.log,6,53,1,1659.8,2025-12-08 00:06:53,6026.0,6000,26.0
B1-direct-2,direct,architecture2_2nd_run_logs.log,6,54,1,1657.2,2025-12-08 00:06:54,5024.0,5000,24.0
B1-direct-2,direct,architecture2_2nd_run_logs.log,6,55,1,1661.4,2025-12-08 00:06:55,4022.0,4000,22.0
B1-direct-2,direct,architecture2_2nd_run_logs.log,6,56,1,1668.6,2025-12-08 00:06:56,3020.0,3000,20.0
B1-direct-2,direct,architecture2_2nd_run_logs.log,6,57,1,1671.0,2025-12-08 00:06:57,2018.0,2000,18.0
B1-direct-2,direct,architecture2_2nd_run_logs.log,6,58,1,1661.0,2025-12-08 00:06:58,1016.0,1000,16.0
B1-direct-2,direct,architecture2_2nd_run_logs.log,6,59,1,1660.3,2025-12-08 00:06:59,14.0,0,14.0
B1-direct-2,direct,architecture2_2nd_run_logs.log,7,0,1,1666.8,2025-12-08 00:07:00,59090.0,59000,90.0
B1-direct-2,direct,architecture2_2nd_run_logs.log,7,1,1,1664.8,2025-12-08 00:07:01,58089.0,58000,89.0
B1-direct-2,direct,architecture2_2nd_run_logs.log,7,2,1,1665.6,2025-12-08 00:07:02,57088.0,57000,88.0
B1-direct-2,direct,architecture2_2nd_run_logs.log,7,3,1,1664.7,2025-12-08 00:07:03,56088.0,56000,88.0
B1-direct-2,direct,architecture2_2nd_run_logs.log,7,4,1,1660.1,2025-12-08 00:07:04,55087.0,55000,87.0
B1-direct-2,direct,architecture2_2nd_run_logs.log,7,5,1,1657.1,2025-12-08 00:07:05,54085.0,54000,85.0
B1-direct-2,direct,architecture2_2nd_run_logs.log,7,6,1,1657.1,2025-12-08 00:07:06,53084.0,53000,84.0
B1-direct-2,direct,architecture2_2nd_run_logs.log,7,7,1,1661.0,2025-12-08 00:07:07,52082.0,52000,82.0
B1-direct-2,direct,architecture2_2nd_run_logs.log,7,8,1,1656.3,2025-12-08 00:07:08,51081.0,51000,81.0
B1-direct-2,direct,architecture2_2nd_run_logs.log,7,9,1,1665.0,2025-12-08 00:07:09,50079.0,50000,79.0
B1-direct-2,direct,architecture2_2nd_run_logs.log,7,10,1,1657.6,2025-12-08 00:07:10,49078.0,49000,78.0
B1-direct-2,direct,architecture2_2nd_run_logs.log,7,11,1,1662.0,2025-12-08 00:07:11,48076.0,48000,76.0
B1-direct-2,direct,architecture2_2nd_run_logs.log,7,12,1,1658.0,2025-12-08 00:07:12,47075.0,47000,75.0
B1-direct-2,direct,architecture2_2nd_run_logs.log,7,13,1,1662.1,2025-12-08 00:07:13,46074.0,46000,74.0
B1-direct-2,direct,architecture2_2nd_run_logs.log,7,14,1,1658.8,2025-12-08 00:07:14,45072.0,45000,72.0
B1-direct-2,direct,architecture2_2nd_run_logs.log,7,15,1,1663.7,2025-12-08 00:07:15,44071.0,44000,71.0
B1-direct-2,direct,architecture2_2nd_run_logs.log,7,16,1,1661.0,2025-12-08 00:07:16,43070.0,43000,70.0
B1-direct-2,direct,architecture2_2nd_run_logs.log,7,17,1,1661.0,2025-12-08 00:07:17,42068.0,42000,68.0
B1-direct-2,direct,architecture2_2nd_run_logs.log,7,18,1,1661.9,2025-12-08 00:07:18,41067.0,41000,67.0
B1-direct-2,direct,architecture2_2nd_run_logs.log,7,19,1,1668.6,2025-12-08 00:07:19,40066.0,40000,66.0
B1-direct-2,direct,architecture2_2nd_run_logs.log,7,20,1,1667.3,2025-12-08 00:07:20,39065.0,39000,65.0
B1-direct-2,direct,architecture2_2nd_run_logs.log,7,21,1,1658.9,2025-12-08 00:07:21,38063.0,38000,63.0
B1-direct-2,direct,architecture2_2nd_run_logs.log,7,22,1,1657.3,2025-12-08 00:07:22,37061.0,37000,61.0
B1-direct-2,direct,architecture2_2nd_run_logs.log,7,23,1,1663.7,2025-12-08 00:07:23,36059.0,36000,59.0
B1-direct-2,direct,architecture2_2nd_run_logs.log,7,24,1,1664.6,2025-12-08 00:07:24,35057.0,35000,57.0
B1-direct-2,direct,architecture2_2nd_run_logs.log,7,25,1,1660.6,2025-12-08 00:07:25,34056.0,34000,56.0
B1-direct-2,direct,architecture2_2nd_run_logs.log,7,26,1,1665.2,2025-12-08 00:07:26,33054.0,33000,54.0
B1-direct-2,direct,architecture2_2nd_run_logs.log,7,27,1,1654.9,2025-12-08 00:07:27,32053.0,32000,53.0
B1-direct-2,direct,architecture2_2nd_run_logs.log,7,28,1,1660.4,2025-12-08 00:07:28,31052.0,31000,52.0
B1-direct-2,direct,architecture2_2nd_run_logs.log,7,29,1,1660.3,2025-12-08 00:07:29,30050.0,30000,50.0
B1-direct-2,direct,architecture2_2nd_run_logs.log,7,30,1,1680.3,2025-12-08 00:07:30,29049.0,29000,49.0
B1-direct-2,direct,architecture2_2nd_run_logs.log,7,31,1,1660.4,2025-12-08 00:07:31,28048.0,28000,48.0
B1-direct-2,direct,architecture2_2nd_run_logs.log,7,32,1,1662.4,2025-12-08 00:07:32,27046.0,27000,46.0
B1-direct-2,direct,architecture2_2nd_run_logs.log,7,33,1,1662.8,2025-12-08 00:07:33,26045.0,26000,45.0
B1-direct-2,direct,architecture2_2nd_run_logs.log,7,34,1,1659.9,2025-12-08 00:07:34,25043.0,25000,43.0
B1-direct-2,direct,architecture2_2nd_run_logs.log,7,35,1,1660.1,2025-12-08 00:07:35,24042.0,24000,42.0
B1-direct-2,direct,architecture2_2nd_run_logs.log,7,36,1,1659.9,2025-12-08 00:07:36,23040.0,23000,40.0
B1-direct-2,direct,architecture2_2nd_run_logs.log,7,37,1,1663.0,2025-12-08 00:07:37,22039.0,22000,39.0
B1-direct-2,direct,architecture2_2nd_run_logs.log,7,38,1,1662.1,2025-12-08 00:07:38,21038.0,21000,38.0
B1-direct-2,direct,architecture2_2nd_run_logs.log,7,39,1,1662.5,2025-12-08 00:07:39,20036.0,20000,36.0
B1-direct-2,direct,architecture2_2nd_run_logs.log,7,40,1,1661.6,2025-12-08 00:07:40,19035.0,19000,35.0
B1-direct-2,direct,architecture2_2nd_run_logs.log,7,41,1,1662.9,2025-12-08 00:07:41,18033.0,18000,33.0
B1-direct-2,direct,architecture2_2nd_run_logs.log,7,42,1,1668.3,2025-12-08 00:07:42,17032.0,17000,32.0
B1-direct-2,direct,architecture2_2nd_run_logs.log,7,43,1,1656.1,2025-12-08 00:07:43,16031.0,16000,31.0
B1-direct-2,direct,architecture2_2nd_run_logs.log,7,44,1,1652.5,2025-12-08 00:07:44,15030.0,15000,30.0
B1-direct-2,direct,architecture2_2nd_run_logs.log,7,45,1,1659.3,2025-12-08 00:07:45,14028.0,14000,28.0
B1-direct-2,direct,architecture2_2nd_run_logs.log,7,46,1,1660.9,2025-12-08 00:07:46,13027.0,13000,27.0
B1-direct-2,direct,architecture2_2nd_run_logs.log,7,47,1,1664.1,2025-12-08 00:07:47,12026.0,12000,26.0
B1-direct-2,direct,architecture2_2nd_run_logs.log,7,48,1,1659.1,2025-12-08 00:07:48,11024.0,11000,24.0
B1-direct-2,direct,architecture2_2nd_run_logs.log,7,49,1,1659.9,2025-12-08 00:07:49,10022.0,10000,22.0
B1-direct-2,direct,architecture2_2nd_run_logs.log,7,50,1,1659.1,2025-12-08 00:07:50,9020.0,9000,20.0
B1-direct-2,direct,architecture2_2nd_run_logs.log,7,51,1,1662.5,2025-12-08 00:07:51,8018.0,8000,18.0
B1-direct-2,direct,architecture2_2nd_run_logs.log,7,52,1,1657.8,2025-12-08 00:07:52,7017.0,7000,17.0
B1-direct-2,direct,architecture2_2nd_run_logs.log,7,53,1,1658.8,2025-12-08 00:07:53,6016.0,6000,16.0
B1-direct-2,direct,architecture2_2nd_run_logs.log,7,54,1,1658.5,2025-12-08 00:07:54,5014.0,5000,14.0
B1-direct-2,direct,architecture2_2nd_run_logs.log,7,55,1,1663.4,2025-12-08 00:07:55,4013.0,4000,13.0
B1-direct-2,direct,architecture2_2nd_run_logs.log,7,56,1,1667.0,2025-12-08 00:07:56,3012.0,3000,12.0
B1-direct-2,direct,architecture2_2nd_run_logs.log,7,57,1,1666.0,2025-12-08 00:07:57,2011.0,2000,11.0
B1-direct-2,direct,architecture2_2nd_run_logs.log,7,58,1,1665.2,2025-12-08 00:07:58,1010.0,1000,10.0
B1-direct-2,direct,architecture2_2nd_run_logs.log,7,59,1,1663.3,2025-12-08 00:07:59,9.0,0,9.0
B1-direct-2,direct,architecture2_2nd_run_logs.log,8,0,1,1666.1,2025-12-08 00:08:00,59096.0,59000,96.0
B1-direct-2,direct,architecture2_2nd_run_logs.log,8,1,1,1667.0,2025-12-08 00:08:01,58095.0,58000,95.0
B1-direct-2,direct,architecture2_2nd_run_logs.log,8,2,1,1664.3,2025-12-08 00:08:02,57095.0,57000,95.0
B1-direct-2,direct,architecture2_2nd_run_logs.log,8,3,1,1660.9,2025-12-08 00:08:03,56093.0,56000,93.0
B1-direct-2,direct,architecture2_2nd_run_logs.log,8,4,1,1670.0,2025-12-08 00:08:04,55092.0,55000,92.0
B1-direct-2,direct,architecture2_2nd_run_logs.log,8,5,1,1661.1,2025-12-08 00:08:05,54091.0,54000,91.0
B1-direct-2,direct,architecture2_2nd_run_logs.log,8,6,1,1663.0,2025-12-08 00:08:06,53090.0,53000,90.0
B1-direct-2,direct,architecture2_2nd_run_logs.log,8,7,1,1661.4,2025-12-08 00:08:07,52088.0,52000,88.0
B1-direct-2,direct,architecture2_2nd_run_logs.log,8,8,1,1662.5,2025-12-08 00:08:08,51087.0,51000,87.0
B1-direct-2,direct,architecture2_2nd_run_logs.log,8,9,1,1662.5,2025-12-08 00:08:09,50085.0,50000,85.0
B1-direct-2,direct,architecture2_2nd_run_logs.log,8,10,1,1664.2,2025-12-08 00:08:10,49084.0,49000,84.0
B1-direct-2,direct,architecture2_2nd_run_logs.log,8,11,1,1663.6,2025-12-08 00:08:11,48083.0,48000,83.0
B1-direct-2,direct,architecture2_2nd_run_logs.log,8,12,1,1664.1,2025-12-08 00:08:12,47082.0,47000,82.0
B1-direct-2,direct,architecture2_2nd_run_logs.log,8,13,1,1664.1,2025-12-08 00:08:13,46080.0,46000,80.0
B1-direct-2,direct,architecture2_2nd_run_logs.log,8,14,1,1666.4,2025-12-08 00:08:14,45079.0,45000,79.0
B1-direct-2,direct,architecture2_2nd_run_logs.log,8,15,1,1659.1,2025-12-08 00:08:15,44077.0,44000,77.0
B1-direct-2,direct,architecture2_2nd_run_logs.log,8,16,1,1660.5,2025-12-08 00:08:16,43075.0,43000,75.0
B1-direct-2,direct,architecture2_2nd_run_logs.log,8,17,1,1662.7,2025-12-08 00:08:17,42074.0,42000,74.0
B1-direct-2,direct,architecture2_2nd_run_logs.log,8,18,1,1662.6,2025-12-08 00:08:18,41073.0,41000,73.0
B1-direct-2,direct,architecture2_2nd_run_logs.log,8,19,1,1666.0,2025-12-08 00:08:19,40071.0,40000,71.0
B1-direct-2,direct,architecture2_2nd_run_logs.log,8,20,1,1670.3,2025-12-08 00:08:20,39070.0,39000,70.0
B1-direct-2,direct,architecture2_2nd_run_logs.log,8,21,1,1661.8,2025-12-08 00:08:21,38068.0,38000,68.0
B1-direct-2,direct,architecture2_2nd_run_logs.log,8,22,1,1662.6,2025-12-08 00:08:22,37067.0,37000,67.0
B1-direct-2,direct,architecture2_2nd_run_logs.log,8,23,1,1660.8,2025-12-08 00:08:23,36065.0,36000,65.0
B1-direct-2,direct,architecture2_2nd_run_logs.log,8,24,1,1673.3,2025-12-08 00:08:24,35063.0,35000,63.0
B1-direct-2,direct,architecture2_2nd_run_logs.log,8,25,1,1663.6,2025-12-08 00:08:25,34062.0,34000,62.0
B1-direct-2,direct,architecture2_2nd_run_logs.log,8,26,1,1671.3,2025-12-08 00:08:26,33060.0,33000,60.0
B1-direct-2,direct,architecture2_2nd_run_logs.log,8,27,1,1663.6,2025-12-08 00:08:27,32059.0,32000,59.0
B1-direct-2,direct,architecture2_2nd_run_logs.log,8,28,1,1666.7,2025-12-08 00:08:28,31057.0,31000,57.0
B1-direct-2,direct,architecture2_2nd_run_logs.log,8,29,1,1660.9,2025-12-08 00:08:29,30056.0,30000,56.0
B1-direct-2,direct,architecture2_2nd_run_logs.log,8,30,1,1666.1,2025-12-08 00:08:30,29055.0,29000,55.0
B1-direct-2,direct,architecture2_2nd_run_logs.log,8,31,1,1662.3,2025-12-08 00:08:31,28054.0,28000,54.0
B1-direct-2,direct,architecture2_2nd_run_logs.log,8,32,1,1663.4,2025-12-08 00:08:32,27052.0,27000,52.0
B1-direct-2,direct,architecture2_2nd_run_logs.log,8,33,1,1668.4,2025-12-08 00:08:33,26050.0,26000,50.0
B1-direct-2,direct,architecture2_2nd_run_logs.log,8,34,1,1680.5,2025-12-08 00:08:34,25049.0,25000,49.0
B1-direct-2,direct,architecture2_2nd_run_logs.log,8,35,1,1665.1,2025-12-08 00:08:35,24047.0,24000,47.0
B1-direct-2,direct,architecture2_2nd_run_logs.log,8,36,1,1666.4,2025-12-08 00:08:36,23045.0,23000,45.0
B1-direct-2,direct,architecture2_2nd_run_logs.log,8,37,1,1665.0,2025-12-08 00:08:37,22043.0,22000,43.0
B1-direct-2,direct,architecture2_2nd_run_logs.log,8,38,1,1665.5,2025-12-08 00:08:38,21041.0,21000,41.0
B1-direct-2,direct,architecture2_2nd_run_logs.log,8,39,1,1667.6,2025-12-08 00:08:39,20040.0,20000,40.0
B1-direct-2,direct,architecture2_2nd_run_logs.log,8,40,1,1667.8,2025-12-08 00:08:40,19038.0,19000,38.0
B1-direct-2,direct,architecture2_2nd_run_logs.log,8,41,1,1663.8,2025-12-08 00:08:41,18037.0,18000,37.0
B1-direct-2,direct,architecture2_2nd_run_logs.log,8,42,1,1678.7,2025-12-08 00:08:42,17036.0,17000,36.0
B1-direct-2,direct,architecture2_2nd_run_logs.log,8,43,1,1664.3,2025-12-08 00:08:43,16034.0,16000,34.0
B1-direct-2,direct,architecture2_2nd_run_logs.log,8,44,1,1664.6,2025-12-08 00:08:44,15032.0,15000,32.0
B1-direct-2,direct,architecture2_2nd_run_logs.log,8,45,1,1669.4,2025-12-08 00:08:45,14031.0,14000,31.0
B1-direct-2,direct,architecture2_2nd_run_logs.log,8,46,1,1667.0,2025-12-08 00:08:46,13029.0,13000,29.0
B1-direct-2,direct,architecture2_2nd_run_logs.log,8,47,1,1663.1,2025-12-08 00:08:47,12027.0,12000,27.0
B1-direct-2,direct,architecture2_2nd_run_logs.log,8,48,1,1664.6,2025-12-08 00:08:48,11026.0,11000,26.0
B1-direct-2,direct,architecture2_2nd_run_logs.log,8,49,1,1663.7,2025-12-08 00:08:49,10024.0,10000,24.0
B1-direct-2,direct,architecture2_2nd_run_logs.log,8,50,1,1681.2,2025-12-08 00:08:50,9024.0,9000,24.0
B1-direct-2,direct,architecture2_2nd_run_logs.log,8,51,1,1675.9,2025-12-08 00:08:51,8022.0,8000,22.0
B1-direct-2,direct,architecture2_2nd_run_logs.log,8,52,1,1664.2,2025-12-08 00:08:52,7021.0,7000,21.0
B1-direct-2,direct,architecture2_2nd_run_logs.log,8,53,1,1664.9,2025-12-08 00:08:53,6020.0,6000,20.0
B1-direct-2,direct,architecture2_2nd_run_logs.log,8,54,1,1664.0,2025-12-08 00:08:54,5019.0,5000,19.0
B1-direct-2,direct,architecture2_2nd_run_logs.log,8,55,1,1665.3,2025-12-08 00:08:55,4018.0,4000,18.0
B1-direct-2,direct,architecture2_2nd_run_logs.log,8,56,1,1667.1,2025-12-08 00:08:56,3016.0,3000,16.0
B1-direct-2,direct,architecture2_2nd_run_logs.log,8,57,1,1667.8,2025-12-08 00:08:57,2014.0,2000,14.0
B1-direct-2,direct,architecture2_2nd_run_logs.log,8,58,1,1667.4,2025-12-08 00:08:58,1013.0,1000,13.0
B1-direct-2,direct,architecture2_2nd_run_logs.log,8,59,1,1670.1,2025-12-08 00:08:59,11.0,0,11.0
B1-direct-2,direct,architecture2_2nd_run_logs.log,9,0,1,1667.0,2025-12-08 00:09:00,59091.0,59000,91.0
B1-direct-2,direct,architecture2_2nd_run_logs.log,9,1,1,1669.8,2025-12-08 00:09:01,58091.0,58000,91.0
B1-direct-2,direct,architecture2_2nd_run_logs.log,9,2,1,1667.8,2025-12-08 00:09:02,57090.0,57000,90.0
B1-direct-2,direct,architecture2_2nd_run_logs.log,9,3,1,1670.5,2025-12-08 00:09:03,56089.0,56000,89.0
B1-direct-2,direct,architecture2_2nd_run_logs.log,9,4,1,1670.8,2025-12-08 00:09:04,55088.0,55000,88.0
B1-direct-2,direct,architecture2_2nd_run_logs.log,9,5,1,1667.7,2025-12-08 00:09:05,54087.0,54000,87.0
B1-direct-2,direct,architecture2_2nd_run_logs.log,9,6,1,1669.1,2025-12-08 00:09:06,53085.0,53000,85.0
B1-direct-2,direct,architecture2_2nd_run_logs.log,9,7,1,1665.4,2025-12-08 00:09:07,52083.0,52000,83.0
B1-direct-2,direct,architecture2_2nd_run_logs.log,9,8,1,1668.6,2025-12-08 00:09:08,51081.0,51000,81.0
B1-direct-2,direct,architecture2_2nd_run_logs.log,9,9,1,1669.6,2025-12-08 00:09:09,50080.0,50000,80.0
B1-direct-2,direct,architecture2_2nd_run_logs.log,9,10,1,1668.8,2025-12-08 00:09:10,49078.0,49000,78.0
B1-direct-2,direct,architecture2_2nd_run_logs.log,9,11,1,1665.3,2025-12-08 00:09:11,48077.0,48000,77.0
B1-direct-2,direct,architecture2_2nd_run_logs.log,9,12,1,1669.2,2025-12-08 00:09:12,47075.0,47000,75.0
B1-direct-2,direct,architecture2_2nd_run_logs.log,9,13,1,1667.8,2025-12-08 00:09:13,46073.0,46000,73.0
B1-direct-2,direct,architecture2_2nd_run_logs.log,9,14,1,1668.1,2025-12-08 00:09:14,45072.0,45000,72.0
B1-direct-2,direct,architecture2_2nd_run_logs.log,9,15,1,1672.6,2025-12-08 00:09:15,44071.0,44000,71.0
B1-direct-2,direct,architecture2_2nd_run_logs.log,9,16,1,1672.6,2025-12-08 00:09:16,43069.0,43000,69.0
B1-direct-2,direct,architecture2_2nd_run_logs.log,9,17,1,1677.4,2025-12-08 00:09:17,42068.0,42000,68.0
B1-direct-2,direct,architecture2_2nd_run_logs.log,9,18,1,1672.4,2025-12-08 00:09:18,41066.0,41000,66.0
B1-direct-2,direct,architecture2_2nd_run_logs.log,9,19,1,1674.1,2025-12-08 00:09:19,40065.0,40000,65.0
B1-direct-2,direct,architecture2_2nd_run_logs.log,9,20,1,1674.4,2025-12-08 00:09:20,39063.0,39000,63.0
B1-direct-2,direct,architecture2_2nd_run_logs.log,9,21,1,1678.0,2025-12-08 00:09:21,38062.0,38000,62.0
B1-direct-2,direct,architecture2_2nd_run_logs.log,9,22,1,1666.0,2025-12-08 00:09:22,37060.0,37000,60.0
B1-direct-2,direct,architecture2_2nd_run_logs.log,9,23,1,1679.3,2025-12-08 00:09:23,36059.0,36000,59.0
B1-direct-2,direct,architecture2_2nd_run_logs.log,9,24,1,1672.2,2025-12-08 00:09:24,35057.0,35000,57.0
B1-direct-2,direct,architecture2_2nd_run_logs.log,9,25,1,1671.7,2025-12-08 00:09:25,34056.0,34000,56.0
B1-direct-2,direct,architecture2_2nd_run_logs.log,9,26,1,1672.4,2025-12-08 00:09:26,33054.0,33000,54.0
B1-direct-2,direct,architecture2_2nd_run_logs.log,9,27,1,1673.0,2025-12-08 00:09:27,32052.0,32000,52.0
B1-direct-2,direct,architecture2_2nd_run_logs.log,9,28,1,1674.5,2025-12-08 00:09:28,31051.0,31000,51.0
B1-direct-2,direct,architecture2_2nd_run_logs.log,9,29,1,1673.5,2025-12-08 00:09:29,30049.0,30000,49.0
B1-direct-2,direct,architecture2_2nd_run_logs.log,9,30,1,1673.1,2025-12-08 00:09:30,29048.0,29000,48.0
B1-direct-2,direct,architecture2_2nd_run_logs.log,9,31,1,1691.0,2025-12-08 00:09:31,28046.0,28000,46.0
B1-direct-2,direct,architecture2_2nd_run_logs.log,9,32,1,1671.8,2025-12-08 00:09:32,27045.0,27000,45.0
B1-direct-2,direct,architecture2_2nd_run_logs.log,9,33,1,1674.1,2025-12-08 00:09:33,26044.0,26000,44.0
B1-direct-2,direct,architecture2_2nd_run_logs.log,9,34,1,1669.5,2025-12-08 00:09:34,25043.0,25000,43.0
B1-direct-2,direct,architecture2_2nd_run_logs.log,9,35,1,1672.9,2025-12-08 00:09:35,24042.0,24000,42.0
B1-direct-2,direct,architecture2_2nd_run_logs.log,9,36,1,1677.3,2025-12-08 00:09:36,23041.0,23000,41.0
B1-direct-2,direct,architecture2_2nd_run_logs.log,9,37,1,1676.4,2025-12-08 00:09:37,22040.0,22000,40.0
B1-direct-2,direct,architecture2_2nd_run_logs.log,9,38,1,1676.4,2025-12-08 00:09:38,21039.0,21000,39.0
B1-direct-2,direct,architecture2_2nd_run_logs.log,9,39,1,1673.4,2025-12-08 00:09:39,20038.0,20000,38.0
B1-direct-2,direct,architecture2_2nd_run_logs.log,9,40,1,1674.6,2025-12-08 00:09:40,19037.0,19000,37.0
B1-direct-2,direct,architecture2_2nd_run_logs.log,9,41,1,1674.0,2025-12-08 00:09:41,18036.0,18000,36.0
B1-direct-2,direct,architecture2_2nd_run_logs.log,9,42,1,1681.9,2025-12-08 00:09:42,17035.0,17000,35.0
B1-direct-2,direct,architecture2_2nd_run_logs.log,9,43,1,1672.1,2025-12-08 00:09:43,16034.0,16000,34.0
B1-direct-2,direct,architecture2_2nd_run_logs.log,9,44,1,1672.7,2025-12-08 00:09:44,15032.0,15000,32.0
B1-direct-2,direct,architecture2_2nd_run_logs.log,9,45,1,1668.9,2025-12-08 00:09:45,14031.0,14000,31.0
B1-direct-2,direct,architecture2_2nd_run_logs.log,9,46,1,1674.2,2025-12-08 00:09:46,13030.0,13000,30.0
B1-direct-2,direct,architecture2_2nd_run_logs.log,9,47,1,1672.6,2025-12-08 00:09:47,12028.0,12000,28.0
B1-direct-2,direct,architecture2_2nd_run_logs.log,9,48,1,1675.3,2025-12-08 00:09:48,11027.0,11000,27.0
B1-direct-2,direct,architecture2_2nd_run_logs.log,9,49,1,1668.3,2025-12-08 00:09:49,10026.0,10000,26.0
B1-direct-2,direct,architecture2_2nd_run_logs.log,9,50,1,1671.2,2025-12-08 00:09:50,9025.0,9000,25.0
B1-direct-2,direct,architecture2_2nd_run_logs.log,9,51,1,1689.8,2025-12-08 00:09:51,8024.0,8000,24.0
B1-direct-2,direct,architecture2_2nd_run_logs.log,9,52,1,1674.0,2025-12-08 00:09:52,7023.0,7000,23.0
B1-direct-2,direct,architecture2_2nd_run_logs.log,9,53,1,1671.6,2025-12-08 00:09:53,6022.0,6000,22.0
B1-direct-2,direct,architecture2_2nd_run_logs.log,9,54,1,1672.1,2025-12-08 00:09:54,5020.0,5000,20.0
B1-direct-2,direct,architecture2_2nd_run_logs.log,9,55,1,1669.2,2025-12-08 00:09:55,4019.0,4000,19.0
B1-direct-2,direct,architecture2_2nd_run_logs.log,9,56,1,1673.9,2025-12-08 00:09:56,3017.0,3000,17.0
B1-direct-2,direct,architecture2_2nd_run_logs.log,9,57,1,1684.4,2025-12-08 00:09:57,2016.0,2000,16.0
B1-direct-2,direct,architecture2_2nd_run_logs.log,9,58,1,1674.8,2025-12-08 00:09:58,1015.0,1000,15.0
B1-direct-2,direct,architecture2_2nd_run_logs.log,9,59,1,1675.1,2025-12-08 00:09:59,13.0,0,13.0
B1-direct-2,direct,architecture2_2nd_run_logs.log,10,0,1,1679.0,2025-12-08 00:10:00,59068.0,59000,68.0
B1-direct-2,direct,architecture2_2nd_run_logs.log,10,1,1,1674.0,2025-12-08 00:10:01,58067.0,58000,67.0
B1-direct-2,direct,architecture2_2nd_run_logs.log,10,2,1,1679.1,2025-12-08 00:10:02,57066.0,57000,66.0
B1-direct-2,direct,architecture2_2nd_run_logs.log,10,3,1,1681.5,2025-12-08 00:10:03,56066.0,56000,66.0
B1-direct-2,direct,architecture2_2nd_run_logs.log,10,4,1,1678.3,2025-12-08 00:10:04,55064.0,55000,64.0
B1-direct-2,direct,architecture2_2nd_run_logs.log,10,5,1,1678.2,2025-12-08 00:10:05,54063.0,54000,63.0
B1-direct-2,direct,architecture2_2nd_run_logs.log,10,6,1,1677.9,2025-12-08 00:10:06,53062.0,53000,62.0
B1-direct-2,direct,architecture2_2nd_run_logs.log,10,7,1,1674.5,2025-12-08 00:10:07,52062.0,52000,62.0
B1-direct-2,direct,architecture2_2nd_run_logs.log,10,8,1,1501.0,2025-12-08 00:10:08,51061.0,51000,61.0
B1-direct-2,direct,architecture2_2nd_run_logs.log,10,9,1,1507.2,2025-12-08 00:10:09,50060.0,50000,60.0
B1-direct-2,direct,architecture2_2nd_run_logs.log,10,10,1,1512.8,2025-12-08 00:10:10,49060.0,49000,60.0
B1-direct-2,direct,architecture2_2nd_run_logs.log,10,11,1,1517.5,2025-12-08 00:10:11,48059.0,48000,59.0
B1-direct-2,direct,architecture2_2nd_run_logs.log,10,12,1,1470.8,2025-12-08 00:10:12,47058.0,47000,58.0
B1-direct-2,direct,architecture2_2nd_run_logs.log,10,13,1,653.1,2025-12-08 00:10:13,46058.0,46000,58.0
B1-direct-2,direct,architecture2_2nd_run_logs.log,10,14,1,681.6,2025-12-08 00:10:14,45057.0,45000,57.0
B1-direct-2,direct,architecture2_2nd_run_logs.log,10,15,1,687.0,2025-12-08 00:10:15,44056.0,44000,56.0
B1-direct-2,direct,architecture2_2nd_run_logs.log,10,16,1,688.0,2025-12-08 00:10:16,43056.0,43000,56.0
B1-direct-2,direct,architecture2_2nd_run_logs.log,10,17,1,720.3,2025-12-08 00:10:17,42055.0,42000,55.0
B1-direct-2,direct,architecture2_2nd_run_logs.log,10,18,1,688.2,2025-12-08 00:10:18,41054.0,41000,54.0
B1-direct-2,direct,architecture2_2nd_run_logs.log,10,19,1,698.7,2025-12-08 00:10:19,40053.0,40000,53.0
B1-direct-2,direct,architecture2_2nd_run_logs.log,10,20,1,692.2,2025-12-08 00:10:20,39053.0,39000,53.0
B1-direct-2,direct,architecture2_2nd_run_logs.log,10,21,1,689.8,2025-12-08 00:10:21,38052.0,38000,52.0
B1-direct-2,direct,architecture2_2nd_run_logs.log,10,22,1,686.4,2025-12-08 00:10:22,37051.0,37000,51.0
B1-direct-2,direct,architecture2_2nd_run_logs.log,10,23,1,686.7,2025-12-08 00:10:23,36049.0,36000,49.0
B1-direct-2,direct,architecture2_2nd_run_logs.log,10,24,1,686.1,2025-12-08 00:10:24,35048.0,35000,48.0
B1-direct-2,direct,architecture2_2nd_run_logs.log,10,25,1,684.0,2025-12-08 00:10:25,34047.0,34000,47.0
B1-direct-2,direct,architecture2_2nd_run_logs.log,10,26,1,689.7,2025-12-08 00:10:26,33046.0,33000,46.0
B1-direct-2,direct,architecture2_2nd_run_logs.log,10,27,1,686.8,2025-12-08 00:10:27,32045.0,32000,45.0
B1-direct-2,direct,architecture2_2nd_run_logs.log,10,28,1,687.2,2025-12-08 00:10:28,31044.0,31000,44.0
B1-direct-2,direct,architecture2_2nd_run_logs.log,10,29,1,686.0,2025-12-08 00:10:29,30043.0,30000,43.0
B1-direct-2,direct,architecture2_2nd_run_logs.log,10,30,1,686.4,2025-12-08 00:10:30,29041.0,29000,41.0
B1-direct-2,direct,architecture2_2nd_run_logs.log,10,31,1,692.2,2025-12-08 00:10:31,28040.0,28000,40.0
B1-direct-2,direct,architecture2_2nd_run_logs.log,10,32,1,686.4,2025-12-08 00:10:32,27040.0,27000,40.0
B1-direct-2,direct,architecture2_2nd_run_logs.log,10,33,1,690.0,2025-12-08 00:10:33,26038.0,26000,38.0
B1-direct-2,direct,architecture2_2nd_run_logs.log,10,34,1,686.6,2025-12-08 00:10:34,25037.0,25000,37.0
B1-direct-2,direct,architecture2_2nd_run_logs.log,10,35,1,688.5,2025-12-08 00:10:35,24036.0,24000,36.0
B1-direct-2,direct,architecture2_2nd_run_logs.log,10,36,1,688.4,2025-12-08 00:10:36,23035.0,23000,35.0
B1-direct-2,direct,architecture2_2nd_run_logs.log,10,37,1,689.3,2025-12-08 00:10:37,22034.0,22000,34.0
B1-direct-2,direct,architecture2_2nd_run_logs.log,10,38,1,688.1,2025-12-08 00:10:38,21032.0,21000,32.0
B1-direct-2,direct,architecture2_2nd_run_logs.log,10,39,1,689.0,2025-12-08 00:10:39,20031.0,20000,31.0
B1-direct-2,direct,architecture2_2nd_run_logs.log,10,40,1,689.9,2025-12-08 00:10:40,19029.0,19000,29.0
B1-direct-2,direct,architecture2_2nd_run_logs.log,10,41,1,687.9,2025-12-08 00:10:41,18029.0,18000,29.0
B1-direct-2,direct,architecture2_2nd_run_logs.log,10,42,1,691.7,2025-12-08 00:10:42,17027.0,17000,27.0
B1-direct-2,direct,architecture2_2nd_run_logs.log,10,43,1,681.2,2025-12-08 00:10:43,16026.0,16000,26.0
B1-direct-2,direct,architecture2_2nd_run_logs.log,10,44,1,647.7,2025-12-08 00:10:44,15025.0,15000,25.0
B1-direct-2,direct,architecture2_2nd_run_logs.log,10,45,1,541.2,2025-12-08 00:10:45,14023.0,14000,23.0
B1-direct-2,direct,architecture2_2nd_run_logs.log,10,46,1,539.8,2025-12-08 00:10:46,13023.0,13000,23.0
B1-direct-2,direct,architecture2_2nd_run_logs.log,10,47,1,540.2,2025-12-08 00:10:47,12022.0,12000,22.0
B1-direct-2,direct,architecture2_2nd_run_logs.log,10,48,1,547.1,2025-12-08 00:10:48,11021.0,11000,21.0
B1-direct-2,direct,architecture2_2nd_run_logs.log,10,49,1,537.5,2025-12-08 00:10:49,10019.0,10000,19.0
B1-direct-2,direct,architecture2_2nd_run_logs.log,10,50,1,538.8,2025-12-08 00:10:50,9018.0,9000,18.0
B1-direct-2,direct,architecture2_2nd_run_logs.log,10,51,1,542.9,2025-12-08 00:10:51,8018.0,8000,18.0
B1-direct-2,direct,architecture2_2nd_run_logs.log,10,52,1,542.4,2025-12-08 00:10:52,7016.0,7000,16.0
B1-direct-2,direct,architecture2_2nd_run_logs.log,10,53,1,539.4,2025-12-08 00:10:53,6015.0,6000,15.0
B1-direct-2,direct,architecture2_2nd_run_logs.log,10,54,1,539.6,2025-12-08 00:10:54,5015.0,5000,15.0
B1-direct-2,direct,architecture2_2nd_run_logs.log,10,55,1,541.2,2025-12-08 00:10:55,4014.0,4000,14.0
B1-direct-2,direct,architecture2_2nd_run_logs.log,10,56,1,546.4,2025-12-08 00:10:56,3013.0,3000,13.0
B1-direct-2,direct,architecture2_2nd_run_logs.log,10,57,1,605.7,2025-12-08 00:10:57,2012.0,2000,12.0
B1-direct-2,direct,architecture2_2nd_run_logs.log,10,58,1,556.3,2025-12-08 00:10:58,1012.0,1000,12.0
B1-direct-2,direct,architecture2_2nd_run_logs.log,10,59,1,556.6,2025-12-08 00:10:59,11.0,0,11.0
B1-direct-2,direct,architecture2_2nd_run_logs.log,11,0,1,555.8,2025-12-08 00:11:00,59075.0,59000,75.0
B1-direct-2,direct,architecture2_2nd_run_logs.log,11,1,1,570.6,2025-12-08 00:11:01,58074.0,58000,74.0
B1-direct-2,direct,architecture2_2nd_run_logs.log,11,2,1,558.3,2025-12-08 00:11:02,57073.0,57000,73.0
B1-direct-2,direct,architecture2_2nd_run_logs.log,11,3,1,558.0,2025-12-08 00:11:03,56073.0,56000,73.0
B1-direct-2,direct,architecture2_2nd_run_logs.log,11,4,1,557.3,2025-12-08 00:11:04,55072.0,55000,72.0
B1-direct-2,direct,architecture2_2nd_run_logs.log,11,5,1,555.6,2025-12-08 00:11:05,54071.0,54000,71.0
B1-direct-2,direct,architecture2_2nd_run_logs.log,11,6,1,558.9,2025-12-08 00:11:06,53070.0,53000,70.0
B1-direct-2,direct,architecture2_2nd_run_logs.log,11,7,1,570.0,2025-12-08 00:11:07,52069.0,52000,69.0
B1-direct-2,direct,architecture2_2nd_run_logs.log,11,8,1,561.6,2025-12-08 00:11:08,51068.0,51000,68.0
B1-direct-2,direct,architecture2_2nd_run_logs.log,11,9,1,560.9,2025-12-08 00:11:09,50067.0,50000,67.0
B1-direct-2,direct,architecture2_2nd_run_logs.log,11,10,1,560.9,2025-12-08 00:11:10,49066.0,49000,66.0
B1-direct-2,direct,architecture2_2nd_run_logs.log,11,11,1,561.0,2025-12-08 00:11:11,48065.0,48000,65.0
B1-direct-2,direct,architecture2_2nd_run_logs.log,11,12,1,560.8,2025-12-08 00:11:12,47064.0,47000,64.0
B1-direct-2,direct,architecture2_2nd_run_logs.log,11,13,1,561.9,2025-12-08 00:11:13,46062.0,46000,62.0
B1-direct-2,direct,architecture2_2nd_run_logs.log,11,14,1,637.6,2025-12-08 00:11:14,45061.0,45000,61.0
B1-direct-2,direct,architecture2_2nd_run_logs.log,11,15,1,680.2,2025-12-08 00:11:15,44060.0,44000,60.0
B1-direct-2,direct,architecture2_2nd_run_logs.log,11,16,1,686.7,2025-12-08 00:11:16,43059.0,43000,59.0
B1-direct-2,direct,architecture2_2nd_run_logs.log,11,17,1,686.1,2025-12-08 00:11:17,42058.0,42000,58.0
B1-direct-2,direct,architecture2_2nd_run_logs.log,11,18,1,687.9,2025-12-08 00:11:18,41057.0,41000,57.0
B1-direct-2,direct,architecture2_2nd_run_logs.log,11,19,1,691.1,2025-12-08 00:11:19,40055.0,40000,55.0
B1-direct-2,direct,architecture2_2nd_run_logs.log,11,20,1,690.0,2025-12-08 00:11:20,39053.0,39000,53.0
B1-direct-2,direct,architecture2_2nd_run_logs.log,11,21,1,691.3,2025-12-08 00:11:21,38053.0,38000,53.0
B1-direct-2,direct,architecture2_2nd_run_logs.log,11,22,1,683.7,2025-12-08 00:11:22,37052.0,37000,52.0
B1-direct-2,direct,architecture2_2nd_run_logs.log,11,23,1,684.3,2025-12-08 00:11:23,36050.0,36000,50.0
B1-direct-2,direct,architecture2_2nd_run_logs.log,11,24,1,687.5,2025-12-08 00:11:24,35049.0,35000,49.0
B1-direct-2,direct,architecture2_2nd_run_logs.log,11,25,1,685.2,2025-12-08 00:11:25,34048.0,34000,48.0
B1-direct-2,direct,architecture2_2nd_run_logs.log,11,26,1,682.6,2025-12-08 00:11:26,33048.0,33000,48.0
B1-direct-2,direct,architecture2_2nd_run_logs.log,11,27,1,687.6,2025-12-08 00:11:27,32046.0,32000,46.0
B1-direct-2,direct,architecture2_2nd_run_logs.log,11,28,1,689.7,2025-12-08 00:11:28,31045.0,31000,45.0
B1-direct-2,direct,architecture2_2nd_run_logs.log,11,29,1,686.2,2025-12-08 00:11:29,30044.0,30000,44.0
B1-direct-2,direct,architecture2_2nd_run_logs.log,11,30,1,685.2,2025-12-08 00:11:30,29043.0,29000,43.0
B1-direct-2,direct,architecture2_2nd_run_logs.log,11,31,1,684.6,2025-12-08 00:11:31,28042.0,28000,42.0
B1-direct-2,direct,architecture2_2nd_run_logs.log,11,32,1,686.9,2025-12-08 00:11:32,27041.0,27000,41.0
B1-direct-2,direct,architecture2_2nd_run_logs.log,11,33,1,689.6,2025-12-08 00:11:33,26040.0,26000,40.0
B1-direct-2,direct,architecture2_2nd_run_logs.log,11,34,1,687.8,2025-12-08 00:11:34,25038.0,25000,38.0
B1-direct-2,direct,architecture2_2nd_run_logs.log,11,35,1,697.5,2025-12-08 00:11:35,24037.0,24000,37.0
B1-direct-2,direct,architecture2_2nd_run_logs.log,11,36,1,694.7,2025-12-08 00:11:36,23036.0,23000,36.0
B1-direct-2,direct,architecture2_2nd_run_logs.log,11,37,1,703.8,2025-12-08 00:11:37,22035.0,22000,35.0
B1-direct-2,direct,architecture2_2nd_run_logs.log,11,38,1,697.8,2025-12-08 00:11:38,21033.0,21000,33.0
B1-direct-2,direct,architecture2_2nd_run_logs.log,11,39,1,696.7,2025-12-08 00:11:39,20032.0,20000,32.0
B1-direct-2,direct,architecture2_2nd_run_logs.log,11,40,1,697.2,2025-12-08 00:11:40,19030.0,19000,30.0
B1-direct-2,direct,architecture2_2nd_run_logs.log,11,41,1,690.8,2025-12-08 00:11:41,18030.0,18000,30.0
B1-direct-2,direct,architecture2_2nd_run_logs.log,11,42,1,691.2,2025-12-08 00:11:42,17028.0,17000,28.0
B1-direct-2,direct,architecture2_2nd_run_logs.log,11,43,1,692.2,2025-12-08 00:11:43,16026.0,16000,26.0
B1-direct-2,direct,architecture2_2nd_run_logs.log,11,44,1,692.0,2025-12-08 00:11:44,15025.0,15000,25.0
B1-direct-2,direct,architecture2_2nd_run_logs.log,11,45,1,696.6,2025-12-08 00:11:45,14024.0,14000,24.0
B1-direct-2,direct,architecture2_2nd_run_logs.log,11,46,1,691.0,2025-12-08 00:11:46,13023.0,13000,23.0
B1-direct-2,direct,architecture2_2nd_run_logs.log,11,47,1,688.8,2025-12-08 00:11:47,12022.0,12000,22.0
B1-direct-2,direct,architecture2_2nd_run_logs.log,11,48,1,687.3,2025-12-08 00:11:48,11021.0,11000,21.0
B1-direct-2,direct,architecture2_2nd_run_logs.log,11,49,1,687.9,2025-12-08 00:11:49,10020.0,10000,20.0
B1-direct-2,direct,architecture2_2nd_run_logs.log,11,50,1,687.7,2025-12-08 00:11:50,9019.0,9000,19.0
B1-direct-2,direct,architecture2_2nd_run_logs.log,11,51,1,690.8,2025-12-08 00:11:51,8018.0,8000,18.0
B1-direct-2,direct,architecture2_2nd_run_logs.log,11,52,1,688.0,2025-12-08 00:11:52,7017.0,7000,17.0
B1-direct-2,direct,architecture2_2nd_run_logs.log,11,53,1,687.2,2025-12-08 00:11:53,6016.0,6000,16.0
B1-direct-2,direct,architecture2_2nd_run_logs.log,11,54,1,687.1,2025-12-08 00:11:54,5015.0,5000,15.0
B1-direct-2,direct,architecture2_2nd_run_logs.log,11,55,1,697.4,2025-12-08 00:11:55,4014.0,4000,14.0
B1-direct-2,direct,architecture2_2nd_run_logs.log,11,56,1,691.7,2025-12-08 00:11:56,3013.0,3000,13.0
B1-direct-2,direct,architecture2_2nd_run_logs.log,11,57,1,689.8,2025-12-08 00:11:57,2012.0,2000,12.0
B1-direct-2,direct,architecture2_2nd_run_logs.log,11,58,1,688.0,2025-12-08 00:11:58,1011.0,1000,11.0
B1-direct-2,direct,architecture2_2nd_run_logs.log,11,59,1,688.2,2025-12-08 00:11:59,10.0,0,10.0
B1-direct-2,direct,architecture2_2nd_run_logs.log,12,0,1,691.5,2025-12-08 00:12:00,59083.0,59000,83.0
B1-direct-2,direct,architecture2_2nd_run_logs.log,12,1,1,702.6,2025-12-08 00:12:01,58082.0,58000,82.0
B1-direct-2,direct,architecture2_2nd_run_logs.log,12,2,1,688.3,2025-12-08 00:12:02,57082.0,57000,82.0
B1-direct-2,direct,architecture2_2nd_run_logs.log,12,3,1,690.4,2025-12-08 00:12:03,56081.0,56000,81.0
B1-direct-2,direct,architecture2_2nd_run_logs.log,12,4,1,688.7,2025-12-08 00:12:04,55080.0,55000,80.0
B1-direct-2,direct,architecture2_2nd_run_logs.log,12,5,1,688.4,2025-12-08 00:12:05,54080.0,54000,80.0
B1-direct-2,direct,architecture2_2nd_run_logs.log,12,6,1,690.5,2025-12-08 00:12:06,53079.0,53000,79.0
B1-direct-2,direct,architecture2_2nd_run_logs.log,12,7,1,689.2,2025-12-08 00:12:07,52077.0,52000,77.0
B1-direct-2,direct,architecture2_2nd_run_logs.log,12,8,1,687.3,2025-12-08 00:12:08,51076.0,51000,76.0
B1-direct-2,direct,architecture2_2nd_run_logs.log,12,9,1,687.1,2025-12-08 00:12:09,50075.0,50000,75.0
B1-direct-2,direct,architecture2_2nd_run_logs.log,12,10,1,687.7,2025-12-08 00:12:10,49074.0,49000,74.0
B1-direct-2,direct,architecture2_2nd_run_logs.log,12,11,1,685.2,2025-12-08 00:12:11,48074.0,48000,74.0
B1-direct-2,direct,architecture2_2nd_run_logs.log,12,12,1,689.8,2025-12-08 00:12:12,47073.0,47000,73.0
B1-direct-2,direct,architecture2_2nd_run_logs.log,12,13,1,688.5,2025-12-08 00:12:13,46071.0,46000,71.0
B1-direct-2,direct,architecture2_2nd_run_logs.log,12,14,1,687.4,2025-12-08 00:12:14,45070.0,45000,70.0
B1-direct-2,direct,architecture2_2nd_run_logs.log,12,15,1,687.7,2025-12-08 00:12:15,44069.0,44000,69.0
B1-direct-2,direct,architecture2_2nd_run_logs.log,12,16,1,691.7,2025-12-08 00:12:16,43069.0,43000,69.0
B1-direct-2,direct,architecture2_2nd_run_logs.log,12,17,1,689.0,2025-12-08 00:12:17,42068.0,42000,68.0
B1-direct-2,direct,architecture2_2nd_run_logs.log,12,18,1,688.2,2025-12-08 00:12:18,41066.0,41000,66.0
B1-direct-2,direct,architecture2_2nd_run_logs.log,12,19,1,693.6,2025-12-08 00:12:19,40065.0,40000,65.0
B1-direct-2,direct,architecture2_2nd_run_logs.log,12,20,1,693.2,2025-12-08 00:12:20,39064.0,39000,64.0
B1-direct-2,direct,architecture2_2nd_run_logs.log,12,21,1,687.8,2025-12-08 00:12:21,38063.0,38000,63.0
B1-direct-2,direct,architecture2_2nd_run_logs.log,12,22,1,690.6,2025-12-08 00:12:22,37062.0,37000,62.0
B1-direct-2,direct,architecture2_2nd_run_logs.log,12,23,1,687.3,2025-12-08 00:12:23,36060.0,36000,60.0
B1-direct-2,direct,architecture2_2nd_run_logs.log,12,24,1,687.4,2025-12-08 00:12:24,35059.0,35000,59.0
B1-direct-2,direct,architecture2_2nd_run_logs.log,12,25,1,686.2,2025-12-08 00:12:25,34058.0,34000,58.0
B1-direct-2,direct,architecture2_2nd_run_logs.log,12,26,1,685.4,2025-12-08 00:12:26,33057.0,33000,57.0
B1-direct-2,direct,architecture2_2nd_run_logs.log,12,27,1,686.9,2025-12-08 00:12:27,32056.0,32000,56.0
B1-direct-2,direct,architecture2_2nd_run_logs.log,12,28,1,690.6,2025-12-08 00:12:28,31054.0,31000,54.0
B1-direct-2,direct,architecture2_2nd_run_logs.log,12,29,1,691.3,2025-12-08 00:12:29,30053.0,30000,53.0
B1-direct-2,direct,architecture2_2nd_run_logs.log,12,30,1,687.1,2025-12-08 00:12:30,29051.0,29000,51.0
B1-direct-2,direct,architecture2_2nd_run_logs.log,12,31,1,687.0,2025-12-08 00:12:31,28050.0,28000,50.0
B1-direct-2,direct,architecture2_2nd_run_logs.log,12,32,1,684.7,2025-12-08 00:12:32,27048.0,27000,48.0
B1-direct-2,direct,architecture2_2nd_run_logs.log,12,33,1,689.7,2025-12-08 00:12:33,26047.0,26000,47.0
B1-direct-2,direct,architecture2_2nd_run_logs.log,12,34,1,688.7,2025-12-08 00:12:34,25045.0,25000,45.0
B1-direct-2,direct,architecture2_2nd_run_logs.log,12,35,1,687.4,2025-12-08 00:12:35,24044.0,24000,44.0
B1-direct-2,direct,architecture2_2nd_run_logs.log,12,36,1,695.2,2025-12-08 00:12:36,23043.0,23000,43.0
B1-direct-2,direct,architecture2_2nd_run_logs.log,12,37,1,685.8,2025-12-08 00:12:37,22041.0,22000,41.0
B1-direct-2,direct,architecture2_2nd_run_logs.log,12,38,1,687.0,2025-12-08 00:12:38,21040.0,21000,40.0
B1-direct-2,direct,architecture2_2nd_run_logs.log,12,39,1,684.5,2025-12-08 00:12:39,20039.0,20000,39.0
B1-direct-2,direct,architecture2_2nd_run_logs.log,12,40,1,684.7,2025-12-08 00:12:40,19038.0,19000,38.0
B1-direct-2,direct,architecture2_2nd_run_logs.log,12,41,1,684.7,2025-12-08 00:12:41,18038.0,18000,38.0
B1-direct-2,direct,architecture2_2nd_run_logs.log,12,42,1,687.7,2025-12-08 00:12:42,17036.0,17000,36.0
B1-direct-2,direct,architecture2_2nd_run_logs.log,12,43,1,690.4,2025-12-08 00:12:43,16035.0,16000,35.0
B1-direct-2,direct,architecture2_2nd_run_logs.log,12,44,1,713.0,2025-12-08 00:12:44,15035.0,15000,35.0
B1-direct-2,direct,architecture2_2nd_run_logs.log,12,45,1,694.8,2025-12-08 00:12:45,14034.0,14000,34.0
B1-direct-2,direct,architecture2_2nd_run_logs.log,12,46,1,700.2,2025-12-08 00:12:46,13033.0,13000,33.0
B1-direct-2,direct,architecture2_2nd_run_logs.log,12,47,1,692.9,2025-12-08 00:12:47,12031.0,12000,31.0
B1-direct-2,direct,architecture2_2nd_run_logs.log,12,48,1,693.7,2025-12-08 00:12:48,11029.0,11000,29.0
B1-direct-2,direct,architecture2_2nd_run_logs.log,12,49,1,693.7,2025-12-08 00:12:49,10027.0,10000,27.0
B1-direct-2,direct,architecture2_2nd_run_logs.log,12,50,1,693.6,2025-12-08 00:12:50,9026.0,9000,26.0
B1-direct-2,direct,architecture2_2nd_run_logs.log,12,51,1,695.6,2025-12-08 00:12:51,8025.0,8000,25.0
B1-direct-2,direct,architecture2_2nd_run_logs.log,12,52,1,696.0,2025-12-08 00:12:52,7023.0,7000,23.0
B1-direct-2,direct,architecture2_2nd_run_logs.log,12,53,1,693.1,2025-12-08 00:12:53,6022.0,6000,22.0
B1-direct-2,direct,architecture2_2nd_run_logs.log,12,54,1,697.2,2025-12-08 00:12:54,5021.0,5000,21.0
B1-direct-2,direct,architecture2_2nd_run_logs.log,12,55,1,691.7,2025-12-08 00:12:55,4020.0,4000,20.0
B1-direct-2,direct,architecture2_2nd_run_logs.log,12,56,1,693.4,2025-12-08 00:12:56,3019.0,3000,19.0
B1-direct-2,direct,architecture2_2nd_run_logs.log,12,57,1,694.6,2025-12-08 00:12:57,2018.0,2000,18.0
B1-direct-2,direct,architecture2_2nd_run_logs.log,12,58,1,689.8,2025-12-08 00:12:58,1016.0,1000,16.0
B1-direct-2,direct,architecture2_2nd_run_logs.log,12,59,1,683.8,2025-12-08 00:12:59,15.0,0,15.0
B1-direct-2,direct,architecture2_2nd_run_logs.log,13,0,1,688.6,2025-12-08 00:13:00,59082.0,59000,82.0
B1-direct-2,direct,architecture2_2nd_run_logs.log,13,1,1,684.9,2025-12-08 00:13:01,58082.0,58000,82.0
B1-direct-2,direct,architecture2_2nd_run_logs.log,13,2,1,688.1,2025-12-08 00:13:02,57081.0,57000,81.0
B1-direct-2,direct,architecture2_2nd_run_logs.log,13,3,1,689.1,2025-12-08 00:13:03,56081.0,56000,81.0
B1-direct-2,direct,architecture2_2nd_run_logs.log,13,4,1,686.7,2025-12-08 00:13:04,55080.0,55000,80.0
B1-direct-2,direct,architecture2_2nd_run_logs.log,13,5,1,689.1,2025-12-08 00:13:05,54079.0,54000,79.0
B1-direct-2,direct,architecture2_2nd_run_logs.log,13,6,1,695.1,2025-12-08 00:13:06,53078.0,53000,78.0
B1-direct-2,direct,architecture2_2nd_run_logs.log,13,7,1,688.8,2025-12-08 00:13:07,52076.0,52000,76.0
B1-direct-2,direct,architecture2_2nd_run_logs.log,13,8,1,695.9,2025-12-08 00:13:08,51075.0,51000,75.0
B1-direct-2,direct,architecture2_2nd_run_logs.log,13,9,1,686.3,2025-12-08 00:13:09,50073.0,50000,73.0
B1-direct-2,direct,architecture2_2nd_run_logs.log,13,10,1,685.1,2025-12-08 00:13:10,49072.0,49000,72.0
B1-direct-2,direct,architecture2_2nd_run_logs.log,13,11,1,684.5,2025-12-08 00:13:11,48070.0,48000,70.0
B1-direct-2,direct,architecture2_2nd_run_logs.log,13,12,1,688.2,2025-12-08 00:13:12,47069.0,47000,69.0
B1-direct-2,direct,architecture2_2nd_run_logs.log,13,13,1,687.0,2025-12-08 00:13:13,46067.0,46000,67.0
B1-direct-2,direct,architecture2_2nd_run_logs.log,13,14,1,689.0,2025-12-08 00:13:14,45067.0,45000,67.0
B1-direct-2,direct,architecture2_2nd_run_logs.log,13,15,1,687.3,2025-12-08 00:13:15,44066.0,44000,66.0
B1-direct-2,direct,architecture2_2nd_run_logs.log,13,16,1,684.8,2025-12-08 00:13:16,43065.0,43000,65.0
B1-direct-2,direct,architecture2_2nd_run_logs.log,13,17,1,687.5,2025-12-08 00:13:17,42063.0,42000,63.0
B1-direct-2,direct,architecture2_2nd_run_logs.log,13,18,1,688.8,2025-12-08 00:13:18,41061.0,41000,61.0
B1-direct-2,direct,architecture2_2nd_run_logs.log,13,19,1,689.4,2025-12-08 00:13:19,40060.0,40000,60.0
B1-direct-2,direct,architecture2_2nd_run_logs.log,13,20,1,690.8,2025-12-08 00:13:20,39059.0,39000,59.0
B1-direct-2,direct,architecture2_2nd_run_logs.log,13,21,1,687.4,2025-12-08 00:13:21,38057.0,38000,57.0
B1-direct-2,direct,architecture2_2nd_run_logs.log,13,22,1,685.1,2025-12-08 00:13:22,37056.0,37000,56.0
B1-direct-2,direct,architecture2_2nd_run_logs.log,13,23,1,686.8,2025-12-08 00:13:23,36055.0,36000,55.0
B1-direct-2,direct,architecture2_2nd_run_logs.log,13,24,1,691.3,2025-12-08 00:13:24,35054.0,35000,54.0
B1-direct-2,direct,architecture2_2nd_run_logs.log,13,25,1,683.3,2025-12-08 00:13:25,34052.0,34000,52.0
B1-direct-2,direct,architecture2_2nd_run_logs.log,13,26,1,686.5,2025-12-08 00:13:26,33051.0,33000,51.0
B1-direct-2,direct,architecture2_2nd_run_logs.log,13,27,1,684.8,2025-12-08 00:13:27,32050.0,32000,50.0
B1-direct-2,direct,architecture2_2nd_run_logs.log,13,28,1,683.7,2025-12-08 00:13:28,31049.0,31000,49.0
B1-direct-2,direct,architecture2_2nd_run_logs.log,13,29,1,684.8,2025-12-08 00:13:29,30048.0,30000,48.0
B1-direct-2,direct,architecture2_2nd_run_logs.log,13,30,1,684.1,2025-12-08 00:13:30,29047.0,29000,47.0
B1-direct-2,direct,architecture2_2nd_run_logs.log,13,31,1,653.7,2025-12-08 00:13:31,28046.0,28000,46.0
B1-direct-2,direct,architecture2_2nd_run_logs.log,13,32,1,656.2,2025-12-08 00:13:32,27045.0,27000,45.0
B1-direct-2,direct,architecture2_2nd_run_logs.log,13,33,1,656.4,2025-12-08 00:13:33,26044.0,26000,44.0
B1-direct-2,direct,architecture2_2nd_run_logs.log,13,34,1,656.9,2025-12-08 00:13:34,25042.0,25000,42.0
B1-direct-2,direct,architecture2_2nd_run_logs.log,13,35,1,652.9,2025-12-08 00:13:35,24041.0,24000,41.0
B1-direct-2,direct,architecture2_2nd_run_logs.log,13,36,1,654.3,2025-12-08 00:13:36,23040.0,23000,40.0
B1-direct-2,direct,architecture2_2nd_run_logs.log,13,37,1,654.3,2025-12-08 00:13:37,22039.0,22000,39.0
B1-direct-2,direct,architecture2_2nd_run_logs.log,13,38,1,655.0,2025-12-08 00:13:38,21038.0,21000,38.0
B1-direct-2,direct,architecture2_2nd_run_logs.log,13,39,1,657.5,2025-12-08 00:13:39,20036.0,20000,36.0
B1-direct-2,direct,architecture2_2nd_run_logs.log,13,40,1,653.5,2025-12-08 00:13:40,19035.0,19000,35.0
B1-direct-2,direct,architecture2_2nd_run_logs.log,13,41,1,653.9,2025-12-08 00:13:41,18034.0,18000,34.0
B1-direct-2,direct,architecture2_2nd_run_logs.log,13,42,1,656.9,2025-12-08 00:13:42,17033.0,17000,33.0
B1-direct-2,direct,architecture2_2nd_run_logs.log,13,43,1,656.0,2025-12-08 00:13:43,16032.0,16000,32.0
B1-direct-2,direct,architecture2_2nd_run_logs.log,13,44,1,658.0,2025-12-08 00:13:44,15031.0,15000,31.0
B1-direct-2,direct,architecture2_2nd_run_logs.log,13,45,1,657.0,2025-12-08 00:13:45,14030.0,14000,30.0
B1-direct-2,direct,architecture2_2nd_run_logs.log,13,46,1,651.6,2025-12-08 00:13:46,13029.0,13000,29.0
B1-direct-2,direct,architecture2_2nd_run_logs.log,13,47,1,655.4,2025-12-08 00:13:47,12028.0,12000,28.0
B1-direct-2,direct,architecture2_2nd_run_logs.log,13,48,1,655.8,2025-12-08 00:13:48,11027.0,11000,27.0
B1-direct-2,direct,architecture2_2nd_run_logs.log,13,49,1,654.3,2025-12-08 00:13:49,10025.0,10000,25.0
B1-direct-2,direct,architecture2_2nd_run_logs.log,13,50,1,659.0,2025-12-08 00:13:50,9024.0,9000,24.0
B1-direct-2,direct,architecture2_2nd_run_logs.log,13,51,1,653.3,2025-12-08 00:13:51,8022.0,8000,22.0
B1-direct-2,direct,architecture2_2nd_run_logs.log,13,52,1,655.4,2025-12-08 00:13:52,7021.0,7000,21.0
B1-direct-2,direct,architecture2_2nd_run_logs.log,13,53,1,654.8,2025-12-08 00:13:53,6020.0,6000,20.0
B1-direct-2,direct,architecture2_2nd_run_logs.log,13,54,1,658.2,2025-12-08 00:13:54,5018.0,5000,18.0
B1-direct-2,direct,architecture2_2nd_run_logs.log,13,55,1,655.4,2025-12-08 00:13:55,4017.0,4000,17.0
B1-direct-2,direct,architecture2_2nd_run_logs.log,13,56,1,654.4,2025-12-08 00:13:56,3015.0,3000,15.0
B1-direct-2,direct,architecture2_2nd_run_logs.log,13,57,1,653.5,2025-12-08 00:13:57,2014.0,2000,14.0
B1-direct-2,direct,architecture2_2nd_run_logs.log,13,58,1,655.7,2025-12-08 00:13:58,1012.0,1000,12.0
B1-direct-2,direct,architecture2_2nd_run_logs.log,13,59,1,658.7,2025-12-08 00:13:59,11.0,0,11.0
B1-direct-3,direct,architecture2_3d_run_logs.log,0,0,1,699.6,2025-12-08 00:00:00,59143.0,59000,143.0
B1-direct-3,direct,architecture2_3d_run_logs.log,0,1,1,710.8,2025-12-08 00:00:01,58139.0,58000,139.0
B1-direct-3,direct,architecture2_3d_run_logs.log,0,2,1,695.3,2025-12-08 00:00:02,57136.0,57000,136.0
B1-direct-3,direct,architecture2_3d_run_logs.log,0,3,1,695.3,2025-12-08 00:00:03,56133.0,56000,133.0
B1-direct-3,direct,architecture2_3d_run_logs.log,0,4,1,693.7,2025-12-08 00:00:04,55131.0,55000,131.0
B1-direct-3,direct,architecture2_3d_run_logs.log,0,5,1,695.2,2025-12-08 00:00:05,54128.0,54000,128.0
B1-direct-3,direct,architecture2_3d_run_logs.log,0,6,1,694.9,2025-12-08 00:00:06,53125.0,53000,125.0
B1-direct-3,direct,architecture2_3d_run_logs.log,0,7,1,694.4,2025-12-08 00:00:07,52122.0,52000,122.0
B1-direct-3,direct,architecture2_3d_run_logs.log,0,8,1,693.6,2025-12-08 00:00:08,51119.0,51000,119.0
B1-direct-3,direct,architecture2_3d_run_logs.log,0,9,1,700.2,2025-12-08 00:00:09,50117.0,50000,117.0
B1-direct-3,direct,architecture2_3d_run_logs.log,0,10,1,702.3,2025-12-08 00:00:10,49114.0,49000,114.0
B1-direct-3,direct,architecture2_3d_run_logs.log,0,11,1,694.8,2025-12-08 00:00:11,48112.0,48000,112.0
B1-direct-3,direct,architecture2_3d_run_logs.log,0,12,1,694.7,2025-12-08 00:00:12,47110.0,47000,110.0
B1-direct-3,direct,architecture2_3d_run_logs.log,0,13,1,693.1,2025-12-08 00:00:13,46107.0,46000,107.0
B1-direct-3,direct,architecture2_3d_run_logs.log,0,14,1,695.3,2025-12-08 00:00:14,45104.0,45000,104.0
B1-direct-3,direct,architecture2_3d_run_logs.log,0,15,1,693.7,2025-12-08 00:00:15,44101.0,44000,101.0
B1-direct-3,direct,architecture2_3d_run_logs.log,0,16,1,694.5,2025-12-08 00:00:16,43099.0,43000,99.0
B1-direct-3,direct,architecture2_3d_run_logs.log,0,17,1,694.6,2025-12-08 00:00:17,42098.0,42000,98.0
B1-direct-3,direct,architecture2_3d_run_logs.log,0,18,1,696.1,2025-12-08 00:00:18,41095.0,41000,95.0
B1-direct-3,direct,architecture2_3d_run_logs.log,0,19,1,708.9,2025-12-08 00:00:19,40093.0,40000,93.0
B1-direct-3,direct,architecture2_3d_run_logs.log,0,20,1,697.9,2025-12-08 00:00:20,39091.0,39000,91.0
B1-direct-3,direct,architecture2_3d_run_logs.log,0,21,1,701.4,2025-12-08 00:00:21,38089.0,38000,89.0
B1-direct-3,direct,architecture2_3d_run_logs.log,0,22,1,695.0,2025-12-08 00:00:22,37088.0,37000,88.0
B1-direct-3,direct,architecture2_3d_run_logs.log,0,23,1,695.6,2025-12-08 00:00:23,36086.0,36000,86.0
B1-direct-3,direct,architecture2_3d_run_logs.log,0,24,1,695.7,2025-12-08 00:00:24,35084.0,35000,84.0
B1-direct-3,direct,architecture2_3d_run_logs.log,0,25,1,690.8,2025-12-08 00:00:25,34083.0,34000,83.0
B1-direct-3,direct,architecture2_3d_run_logs.log,0,26,1,693.2,2025-12-08 00:00:26,33081.0,33000,81.0
B1-direct-3,direct,architecture2_3d_run_logs.log,0,27,1,713.7,2025-12-08 00:00:27,32080.0,32000,80.0
B1-direct-3,direct,architecture2_3d_run_logs.log,0,28,1,695.1,2025-12-08 00:00:28,31077.0,31000,77.0
B1-direct-3,direct,architecture2_3d_run_logs.log,0,29,1,694.1,2025-12-08 00:00:29,30076.0,30000,76.0
B1-direct-3,direct,architecture2_3d_run_logs.log,0,30,1,691.4,2025-12-08 00:00:30,29074.0,29000,74.0
B1-direct-3,direct,architecture2_3d_run_logs.log,0,31,1,690.4,2025-12-08 00:00:31,28072.0,28000,72.0
B1-direct-3,direct,architecture2_3d_run_logs.log,0,32,1,695.3,2025-12-08 00:00:32,27071.0,27000,71.0
B1-direct-3,direct,architecture2_3d_run_logs.log,0,33,1,827.1,2025-12-08 00:00:33,26069.0,26000,69.0
B1-direct-3,direct,architecture2_3d_run_logs.log,0,34,1,797.3,2025-12-08 00:00:34,25066.0,25000,66.0
B1-direct-3,direct,architecture2_3d_run_logs.log,0,35,1,803.6,2025-12-08 00:00:35,24064.0,24000,64.0
B1-direct-3,direct,architecture2_3d_run_logs.log,0,36,1,796.7,2025-12-08 00:00:36,23062.0,23000,62.0
B1-direct-3,direct,architecture2_3d_run_logs.log,0,37,1,704.4,2025-12-08 00:00:37,22060.0,22000,60.0
B1-direct-3,direct,architecture2_3d_run_logs.log,0,38,1,792.7,2025-12-08 00:00:38,21058.0,21000,58.0
B1-direct-3,direct,architecture2_3d_run_logs.log,0,39,1,850.3,2025-12-08 00:00:39,20056.0,20000,56.0
B1-direct-3,direct,architecture2_3d_run_logs.log,0,40,1,808.5,2025-12-08 00:00:40,19053.0,19000,53.0
B1-direct-3,direct,architecture2_3d_run_logs.log,0,41,1,810.8,2025-12-08 00:00:41,18051.0,18000,51.0
B1-direct-3,direct,architecture2_3d_run_logs.log,0,42,1,809.5,2025-12-08 00:00:42,17050.0,17000,50.0
B1-direct-3,direct,architecture2_3d_run_logs.log,0,43,1,799.3,2025-12-08 00:00:43,16047.0,16000,47.0
B1-direct-3,direct,architecture2_3d_run_logs.log,0,44,1,797.1,2025-12-08 00:00:44,15045.0,15000,45.0
B1-direct-3,direct,architecture2_3d_run_logs.log,0,45,1,794.5,2025-12-08 00:00:45,14043.0,14000,43.0
B1-direct-3,direct,architecture2_3d_run_logs.log,0,46,1,799.0,2025-12-08 00:00:46,13041.0,13000,41.0
B1-direct-3,direct,architecture2_3d_run_logs.log,0,47,1,795.6,2025-12-08 00:00:47,12040.0,12000,40.0
B1-direct-3,direct,architecture2_3d_run_logs.log,0,48,1,799.2,2025-12-08 00:00:48,11037.0,11000,37.0
B1-direct-3,direct,architecture2_3d_run_logs.log,0,49,1,795.9,2025-12-08 00:00:49,10036.0,10000,36.0
B1-direct-3,direct,architecture2_3d_run_logs.log,0,50,1,797.5,2025-12-08 00:00:50,9033.0,9000,33.0
B1-direct-3,direct,architecture2_3d_run_logs.log,0,51,1,801.1,2025-12-08 00:00:51,8031.0,8000,31.0
B1-direct-3,direct,architecture2_3d_run_logs.log,0,52,1,800.3,2025-12-08 00:00:52,7030.0,7000,30.0
B1-direct-3,direct,architecture2_3d_run_logs.log,0,53,1,796.4,2025-12-08 00:00:53,6028.0,6000,28.0
B1-direct-3,direct,architecture2_3d_run_logs.log,0,54,1,796.5,2025-12-08 00:00:54,5025.0,5000,25.0
B1-direct-3,direct,architecture2_3d_run_logs.log,0,55,1,799.2,2025-12-08 00:00:55,4022.0,4000,22.0
B1-direct-3,direct,architecture2_3d_run_logs.log,0,56,1,798.3,2025-12-08 00:00:56,3020.0,3000,20.0
B1-direct-3,direct,architecture2_3d_run_logs.log,0,57,1,799.4,2025-12-08 00:00:57,2018.0,2000,18.0
B1-direct-3,direct,architecture2_3d_run_logs.log,0,58,1,798.7,2025-12-08 00:00:58,1016.0,1000,16.0
B1-direct-3,direct,architecture2_3d_run_logs.log,0,59,1,798.8,2025-12-08 00:00:59,14.0,0,14.0
B1-direct-3,direct,architecture2_3d_run_logs.log,1,0,1,1210.914286,2025-12-08 00:01:00,59129.0,59000,129.0
B1-direct-3,direct,architecture2_3d_run_logs.log,1,1,1,1210.914286,2025-12-08 00:01:01,58128.0,58000,128.0
B1-direct-3,direct,architecture2_3d_run_logs.log,1,2,1,1210.914286,2025-12-08 00:01:02,57127.0,57000,127.0
B1-direct-3,direct,architecture2_3d_run_logs.log,1,3,1,1210.914286,2025-12-08 00:01:03,56126.0,56000,126.0
B1-direct-3,direct,architecture2_3d_run_logs.log,1,4,1,801.0,2025-12-08 00:01:04,55125.0,55000,125.0
B1-direct-3,direct,architecture2_3d_run_logs.log,1,5,1,1026.4,2025-12-08 00:01:05,54122.0,54000,122.0
B1-direct-3,direct,architecture2_3d_run_logs.log,1,6,1,1181.0,2025-12-08 00:01:06,53120.0,53000,120.0
B1-direct-3,direct,architecture2_3d_run_logs.log,1,7,1,1017.9,2025-12-08 00:01:07,52119.0,52000,119.0
B1-direct-3,direct,architecture2_3d_run_logs.log,1,8,1,998.6,2025-12-08 00:01:08,51117.0,51000,117.0
B1-direct-3,direct,architecture2_3d_run_logs.log,1,9,1,1076.1,2025-12-08 00:01:09,50116.0,50000,116.0
B1-direct-3,direct,architecture2_3d_run_logs.log,1,10,1,1009.1,2025-12-08 00:01:10,49114.0,49000,114.0
B1-direct-3,direct,architecture2_3d_run_logs.log,1,11,1,1058.5,2025-12-08 00:01:11,48112.0,48000,112.0
B1-direct-3,direct,architecture2_3d_run_logs.log,1,12,1,1085.7,2025-12-08 00:01:12,47111.0,47000,111.0
B1-direct-3,direct,architecture2_3d_run_logs.log,1,13,1,1110.5,2025-12-08 00:01:13,46109.0,46000,109.0
B1-direct-3,direct,architecture2_3d_run_logs.log,1,14,1,1138.4,2025-12-08 00:01:14,45107.0,45000,107.0
B1-direct-3,direct,architecture2_3d_run_logs.log,1,15,1,1162.7,2025-12-08 00:01:15,44105.0,44000,105.0
B1-direct-3,direct,architecture2_3d_run_logs.log,1,16,1,1179.2,2025-12-08 00:01:16,43103.0,43000,103.0
B1-direct-3,direct,architecture2_3d_run_logs.log,1,17,1,1200.0,2025-12-08 00:01:17,42102.0,42000,102.0
B1-direct-3,direct,architecture2_3d_run_logs.log,1,18,1,1217.7,2025-12-08 00:01:18,41099.0,41000,99.0
B1-direct-3,direct,architecture2_3d_run_logs.log,1,19,1,1231.6,2025-12-08 00:01:19,40097.0,40000,97.0
B1-direct-3,direct,architecture2_3d_run_logs.log,1,20,1,1241.7,2025-12-08 00:01:20,39095.0,39000,95.0
B1-direct-3,direct,architecture2_3d_run_logs.log,1,21,1,1244.7,2025-12-08 00:01:21,38094.0,38000,94.0
B1-direct-3,direct,architecture2_3d_run_logs.log,1,22,1,1240.0,2025-12-08 00:01:22,37092.0,37000,92.0
B1-direct-3,direct,architecture2_3d_run_logs.log,1,23,1,1247.0,2025-12-08 00:01:23,36090.0,36000,90.0
B1-direct-3,direct,architecture2_3d_run_logs.log,1,24,1,1251.8,2025-12-08 00:01:24,35087.0,35000,87.0
B1-direct-3,direct,architecture2_3d_run_logs.log,1,25,1,1247.7,2025-12-08 00:01:25,34085.0,34000,85.0
B1-direct-3,direct,architecture2_3d_run_logs.log,1,26,1,1245.2,2025-12-08 00:01:26,33083.0,33000,83.0
B1-direct-3,direct,architecture2_3d_run_logs.log,1,27,1,1251.2,2025-12-08 00:01:27,32082.0,32000,82.0
B1-direct-3,direct,architecture2_3d_run_logs.log,1,28,1,1250.8,2025-12-08 00:01:28,31079.0,31000,79.0
B1-direct-3,direct,architecture2_3d_run_logs.log,1,29,1,1253.0,2025-12-08 00:01:29,30077.0,30000,77.0
B1-direct-3,direct,architecture2_3d_run_logs.log,1,30,1,1248.4,2025-12-08 00:01:30,29074.0,29000,74.0
B1-direct-3,direct,architecture2_3d_run_logs.log,1,31,1,1245.4,2025-12-08 00:01:31,28072.0,28000,72.0
B1-direct-3,direct,architecture2_3d_run_logs.log,1,32,1,1245.5,2025-12-08 00:01:32,27070.0,27000,70.0
B1-direct-3,direct,architecture2_3d_run_logs.log,1,33,1,1246.1,2025-12-08 00:01:33,26067.0,26000,67.0
B1-direct-3,direct,architecture2_3d_run_logs.log,1,34,1,1248.1,2025-12-08 00:01:34,25065.0,25000,65.0
B1-direct-3,direct,architecture2_3d_run_logs.log,1,35,1,1249.2,2025-12-08 00:01:35,24063.0,24000,63.0
B1-direct-3,direct,architecture2_3d_run_logs.log,1,36,1,1250.9,2025-12-08 00:01:36,23060.0,23000,60.0
B1-direct-3,direct,architecture2_3d_run_logs.log,1,37,1,1243.0,2025-12-08 00:01:37,22059.0,22000,59.0
B1-direct-3,direct,architecture2_3d_run_logs.log,1,38,1,1243.8,2025-12-08 00:01:38,21057.0,21000,57.0
B1-direct-3,direct,architecture2_3d_run_logs.log,1,39,1,1248.7,2025-12-08 00:01:39,20056.0,20000,56.0
B1-direct-3,direct,architecture2_3d_run_logs.log,1,40,1,1249.9,2025-12-08 00:01:40,19054.0,19000,54.0
B1-direct-3,direct,architecture2_3d_run_logs.log,1,41,1,1249.9,2025-12-08 00:01:41,18052.0,18000,52.0
B1-direct-3,direct,architecture2_3d_run_logs.log,1,42,1,1255.7,2025-12-08 00:01:42,17051.0,17000,51.0
B1-direct-3,direct,architecture2_3d_run_logs.log,1,43,1,1259.2,2025-12-08 00:01:43,16049.0,16000,49.0
B1-direct-3,direct,architecture2_3d_run_logs.log,1,44,1,1257.6,2025-12-08 00:01:44,15047.0,15000,47.0
B1-direct-3,direct,architecture2_3d_run_logs.log,1,45,1,1266.0,2025-12-08 00:01:45,14044.0,14000,44.0
B1-direct-3,direct,architecture2_3d_run_logs.log,1,46,1,1267.9,2025-12-08 00:01:46,13042.0,13000,42.0
B1-direct-3,direct,architecture2_3d_run_logs.log,1,47,1,1266.5,2025-12-08 00:01:47,12040.0,12000,40.0
B1-direct-3,direct,architecture2_3d_run_logs.log,1,48,1,1269.9,2025-12-08 00:01:48,11037.0,11000,37.0
B1-direct-3,direct,architecture2_3d_run_logs.log,1,49,1,1267.9,2025-12-08 00:01:49,10035.0,10000,35.0
B1-direct-3,direct,architecture2_3d_run_logs.log,1,50,1,1269.7,2025-12-08 00:01:50,9033.0,9000,33.0
B1-direct-3,direct,architecture2_3d_run_logs.log,1,51,1,1274.2,2025-12-08 00:01:51,8031.0,8000,31.0
B1-direct-3,direct,architecture2_3d_run_logs.log,1,52,1,1274.1,2025-12-08 00:01:52,7029.0,7000,29.0
B1-direct-3,direct,architecture2_3d_run_logs.log,1,53,1,1271.6,2025-12-08 00:01:53,6026.0,6000,26.0
B1-direct-3,direct,architecture2_3d_run_logs.log,1,54,1,1274.6,2025-12-08 00:01:54,5024.0,5000,24.0
B1-direct-3,direct,architecture2_3d_run_logs.log,1,55,1,1273.1,2025-12-08 00:01:55,4022.0,4000,22.0
B1-direct-3,direct,architecture2_3d_run_logs.log,1,56,1,1273.5,2025-12-08 00:01:56,3020.0,3000,20.0
B1-direct-3,direct,architecture2_3d_run_logs.log,1,57,1,1279.1,2025-12-08 00:01:57,2018.0,2000,18.0
B1-direct-3,direct,architecture2_3d_run_logs.log,1,58,1,1277.1,2025-12-08 00:01:58,1015.0,1000,15.0
B1-direct-3,direct,architecture2_3d_run_logs.log,1,59,1,1297.1,2025-12-08 00:01:59,13.0,0,13.0
B1-direct-3,direct,architecture2_3d_run_logs.log,2,0,1,1279.1,2025-12-08 00:02:00,59122.0,59000,122.0
B1-direct-3,direct,architecture2_3d_run_logs.log,2,1,1,1272.2,2025-12-08 00:02:01,58121.0,58000,121.0
B1-direct-3,direct,architecture2_3d_run_logs.log,2,2,1,1270.8,2025-12-08 00:02:02,57120.0,57000,120.0
B1-direct-3,direct,architecture2_3d_run_logs.log,2,3,1,1271.8,2025-12-08 00:02:03,56119.0,56000,119.0
B1-direct-3,direct,architecture2_3d_run_logs.log,2,4,1,1271.3,2025-12-08 00:02:04,55118.0,55000,118.0
B1-direct-3,direct,architecture2_3d_run_logs.log,2,5,1,1270.7,2025-12-08 00:02:05,54116.0,54000,116.0
B1-direct-3,direct,architecture2_3d_run_logs.log,2,6,1,1272.9,2025-12-08 00:02:06,53113.0,53000,113.0
B1-direct-3,direct,architecture2_3d_run_logs.log,2,7,1,1276.5,2025-12-08 00:02:07,52111.0,52000,111.0
B1-direct-3,direct,architecture2_3d_run_logs.log,2,8,1,1268.7,2025-12-08 00:02:08,51108.0,51000,108.0
B1-direct-3,direct,architecture2_3d_run_logs.log,2,9,1,1267.4,2025-12-08 00:02:09,50106.0,50000,106.0
B1-direct-3,direct,architecture2_3d_run_logs.log,2,10,1,1270.3,2025-12-08 00:02:10,49104.0,49000,104.0
B1-direct-3,direct,architecture2_3d_run_logs.log,2,11,1,1266.6,2025-12-08 00:02:11,48103.0,48000,103.0
B1-direct-3,direct,architecture2_3d_run_logs.log,2,12,1,1271.5,2025-12-08 00:02:12,47101.0,47000,101.0
B1-direct-3,direct,architecture2_3d_run_logs.log,2,13,1,1267.8,2025-12-08 00:02:13,46099.0,46000,99.0
B1-direct-3,direct,architecture2_3d_run_logs.log,2,14,1,1268.8,2025-12-08 00:02:14,45097.0,45000,97.0
B1-direct-3,direct,architecture2_3d_run_logs.log,2,15,1,1288.2,2025-12-08 00:02:15,44094.0,44000,94.0
B1-direct-3,direct,architecture2_3d_run_logs.log,2,16,1,1267.6,2025-12-08 00:02:16,43093.0,43000,93.0
B1-direct-3,direct,architecture2_3d_run_logs.log,2,17,1,1271.8,2025-12-08 00:02:17,42091.0,42000,91.0
B1-direct-3,direct,architecture2_3d_run_logs.log,2,18,1,1272.5,2025-12-08 00:02:18,41089.0,41000,89.0
B1-direct-3,direct,architecture2_3d_run_logs.log,2,19,1,1277.3,2025-12-08 00:02:19,40087.0,40000,87.0
B1-direct-3,direct,architecture2_3d_run_logs.log,2,20,1,1277.5,2025-12-08 00:02:20,39085.0,39000,85.0
B1-direct-3,direct,architecture2_3d_run_logs.log,2,21,1,1280.7,2025-12-08 00:02:21,38084.0,38000,84.0
B1-direct-3,direct,architecture2_3d_run_logs.log,2,22,1,1274.7,2025-12-08 00:02:22,37082.0,37000,82.0
B1-direct-3,direct,architecture2_3d_run_logs.log,2,23,1,1274.9,2025-12-08 00:02:23,36080.0,36000,80.0
B1-direct-3,direct,architecture2_3d_run_logs.log,2,24,1,1278.8,2025-12-08 00:02:24,35079.0,35000,79.0
B1-direct-3,direct,architecture2_3d_run_logs.log,2,25,1,1271.3,2025-12-08 00:02:25,34076.0,34000,76.0
B1-direct-3,direct,architecture2_3d_run_logs.log,2,26,1,1271.4,2025-12-08 00:02:26,33075.0,33000,75.0
B1-direct-3,direct,architecture2_3d_run_logs.log,2,27,1,1276.4,2025-12-08 00:02:27,32073.0,32000,73.0
B1-direct-3,direct,architecture2_3d_run_logs.log,2,28,1,1275.2,2025-12-08 00:02:28,31070.0,31000,70.0
B1-direct-3,direct,architecture2_3d_run_logs.log,2,29,1,1276.9,2025-12-08 00:02:29,30068.0,30000,68.0
B1-direct-3,direct,architecture2_3d_run_logs.log,2,30,1,1274.4,2025-12-08 00:02:30,29066.0,29000,66.0
B1-direct-3,direct,architecture2_3d_run_logs.log,2,31,1,1268.6,2025-12-08 00:02:31,28065.0,28000,65.0
B1-direct-3,direct,architecture2_3d_run_logs.log,2,32,1,1269.6,2025-12-08 00:02:32,27063.0,27000,63.0
B1-direct-3,direct,architecture2_3d_run_logs.log,2,33,1,1274.0,2025-12-08 00:02:33,26061.0,26000,61.0
B1-direct-3,direct,architecture2_3d_run_logs.log,2,34,1,1270.5,2025-12-08 00:02:34,25059.0,25000,59.0
B1-direct-3,direct,architecture2_3d_run_logs.log,2,35,1,1271.8,2025-12-08 00:02:35,24058.0,24000,58.0
B1-direct-3,direct,architecture2_3d_run_logs.log,2,36,1,1270.9,2025-12-08 00:02:36,23055.0,23000,55.0
B1-direct-3,direct,architecture2_3d_run_logs.log,2,37,1,1269.2,2025-12-08 00:02:37,22053.0,22000,53.0
B1-direct-3,direct,architecture2_3d_run_logs.log,2,38,1,1271.1,2025-12-08 00:02:38,21052.0,21000,52.0
B1-direct-3,direct,architecture2_3d_run_logs.log,2,39,1,1273.3,2025-12-08 00:02:39,20050.0,20000,50.0
B1-direct-3,direct,architecture2_3d_run_logs.log,2,40,1,1272.9,2025-12-08 00:02:40,19048.0,19000,48.0
B1-direct-3,direct,architecture2_3d_run_logs.log,2,41,1,1277.5,2025-12-08 00:02:41,18046.0,18000,46.0
B1-direct-3,direct,architecture2_3d_run_logs.log,2,42,1,1269.7,2025-12-08 00:02:42,17044.0,17000,44.0
B1-direct-3,direct,architecture2_3d_run_logs.log,2,43,1,1266.1,2025-12-08 00:02:43,16042.0,16000,42.0
B1-direct-3,direct,architecture2_3d_run_logs.log,2,44,1,1271.0,2025-12-08 00:02:44,15041.0,15000,41.0
B1-direct-3,direct,architecture2_3d_run_logs.log,2,45,1,1269.3,2025-12-08 00:02:45,14039.0,14000,39.0
B1-direct-3,direct,architecture2_3d_run_logs.log,2,46,1,1272.8,2025-12-08 00:02:46,13037.0,13000,37.0
B1-direct-3,direct,architecture2_3d_run_logs.log,2,47,1,1274.3,2025-12-08 00:02:47,12036.0,12000,36.0
B1-direct-3,direct,architecture2_3d_run_logs.log,2,48,1,1269.5,2025-12-08 00:02:48,11034.0,11000,34.0
B1-direct-3,direct,architecture2_3d_run_logs.log,2,49,1,1268.6,2025-12-08 00:02:49,10032.0,10000,32.0
B1-direct-3,direct,architecture2_3d_run_logs.log,2,50,1,1269.2,2025-12-08 00:02:50,9031.0,9000,31.0
B1-direct-3,direct,architecture2_3d_run_logs.log,2,51,1,1272.9,2025-12-08 00:02:51,8029.0,8000,29.0
B1-direct-3,direct,architecture2_3d_run_logs.log,2,52,1,1269.6,2025-12-08 00:02:52,7027.0,7000,27.0
B1-direct-3,direct,architecture2_3d_run_logs.log,2,53,1,1269.1,2025-12-08 00:02:53,6025.0,6000,25.0
B1-direct-3,direct,architecture2_3d_run_logs.log,2,54,1,1265.1,2025-12-08 00:02:54,5023.0,5000,23.0
B1-direct-3,direct,architecture2_3d_run_logs.log,2,55,1,1269.0,2025-12-08 00:02:55,4021.0,4000,21.0
B1-direct-3,direct,architecture2_3d_run_logs.log,2,56,1,1269.0,2025-12-08 00:02:56,3019.0,3000,19.0
B1-direct-3,direct,architecture2_3d_run_logs.log,2,57,1,1273.6,2025-12-08 00:02:57,2017.0,2000,17.0
B1-direct-3,direct,architecture2_3d_run_logs.log,2,58,1,1269.1,2025-12-08 00:02:58,1015.0,1000,15.0
B1-direct-3,direct,architecture2_3d_run_logs.log,2,59,1,1277.4,2025-12-08 00:02:59,13.0,0,13.0
B1-direct-3,direct,architecture2_3d_run_logs.log,3,0,1,1271.2,2025-12-08 00:03:00,59123.0,59000,123.0
B1-direct-3,direct,architecture2_3d_run_logs.log,3,1,1,1273.9,2025-12-08 00:03:01,58122.0,58000,122.0
B1-direct-3,direct,architecture2_3d_run_logs.log,3,2,1,1271.9,2025-12-08 00:03:02,57121.0,57000,121.0
B1-direct-3,direct,architecture2_3d_run_logs.log,3,3,1,1269.8,2025-12-08 00:03:03,56120.0,56000,120.0
B1-direct-3,direct,architecture2_3d_run_logs.log,3,4,1,1285.8,2025-12-08 00:03:04,55119.0,55000,119.0
B1-direct-3,direct,architecture2_3d_run_logs.log,3,5,1,1270.1,2025-12-08 00:03:05,54117.0,54000,117.0
B1-direct-3,direct,architecture2_3d_run_logs.log,3,6,1,1291.2,2025-12-08 00:03:06,53116.0,53000,116.0
B1-direct-3,direct,architecture2_3d_run_logs.log,3,7,1,1266.4,2025-12-08 00:03:07,52115.0,52000,115.0
B1-direct-3,direct,architecture2_3d_run_logs.log,3,8,1,1264.3,2025-12-08 00:03:08,51113.0,51000,113.0
B1-direct-3,direct,architecture2_3d_run_logs.log,3,9,1,1275.5,2025-12-08 00:03:09,50110.0,50000,110.0
B1-direct-3,direct,architecture2_3d_run_logs.log,3,10,1,1272.3,2025-12-08 00:03:10,49109.0,49000,109.0
B1-direct-3,direct,architecture2_3d_run_logs.log,3,11,1,1268.3,2025-12-08 00:03:11,48107.0,48000,107.0
B1-direct-3,direct,architecture2_3d_run_logs.log,3,12,1,1271.6,2025-12-08 00:03:12,47104.0,47000,104.0
B1-direct-3,direct,architecture2_3d_run_logs.log,3,13,1,1267.8,2025-12-08 00:03:13,46101.0,46000,101.0
B1-direct-3,direct,architecture2_3d_run_logs.log,3,14,1,1269.1,2025-12-08 00:03:14,45099.0,45000,99.0
B1-direct-3,direct,architecture2_3d_run_logs.log,3,15,1,1279.5,2025-12-08 00:03:15,44097.0,44000,97.0
B1-direct-3,direct,architecture2_3d_run_logs.log,3,16,1,1265.1,2025-12-08 00:03:16,43095.0,43000,95.0
B1-direct-3,direct,architecture2_3d_run_logs.log,3,17,1,1267.3,2025-12-08 00:03:17,42093.0,42000,93.0
B1-direct-3,direct,architecture2_3d_run_logs.log,3,18,1,1271.7,2025-12-08 00:03:18,41092.0,41000,92.0
B1-direct-3,direct,architecture2_3d_run_logs.log,3,19,1,1273.7,2025-12-08 00:03:19,40089.0,40000,89.0
B1-direct-3,direct,architecture2_3d_run_logs.log,3,20,1,1271.5,2025-12-08 00:03:20,39087.0,39000,87.0
B1-direct-3,direct,architecture2_3d_run_logs.log,3,21,1,1275.9,2025-12-08 00:03:21,38086.0,38000,86.0
B1-direct-3,direct,architecture2_3d_run_logs.log,3,22,1,1274.3,2025-12-08 00:03:22,37084.0,37000,84.0
B1-direct-3,direct,architecture2_3d_run_logs.log,3,23,1,1280.4,2025-12-08 00:03:23,36082.0,36000,82.0
B1-direct-3,direct,architecture2_3d_run_logs.log,3,24,1,1283.8,2025-12-08 00:03:24,35080.0,35000,80.0
B1-direct-3,direct,architecture2_3d_run_logs.log,3,25,1,1263.9,2025-12-08 00:03:25,34077.0,34000,77.0
B1-direct-3,direct,architecture2_3d_run_logs.log,3,26,1,1270.2,2025-12-08 00:03:26,33075.0,33000,75.0
B1-direct-3,direct,architecture2_3d_run_logs.log,3,27,1,1307.2,2025-12-08 00:03:27,32073.0,32000,73.0
B1-direct-3,direct,architecture2_3d_run_logs.log,3,28,1,1400.8,2025-12-08 00:03:28,31072.0,31000,72.0
B1-direct-3,direct,architecture2_3d_run_logs.log,3,29,1,1377.4,2025-12-08 00:03:29,30070.0,30000,70.0
B1-direct-3,direct,architecture2_3d_run_logs.log,3,30,1,1377.1,2025-12-08 00:03:30,29069.0,29000,69.0
B1-direct-3,direct,architecture2_3d_run_logs.log,3,31,1,1377.2,2025-12-08 00:03:31,28067.0,28000,67.0
B1-direct-3,direct,architecture2_3d_run_logs.log,3,32,1,1377.5,2025-12-08 00:03:32,27063.0,27000,63.0
B1-direct-3,direct,architecture2_3d_run_logs.log,3,33,1,1380.9,2025-12-08 00:03:33,26061.0,26000,61.0
B1-direct-3,direct,architecture2_3d_run_logs.log,3,34,1,1385.2,2025-12-08 00:03:34,25059.0,25000,59.0
B1-direct-3,direct,architecture2_3d_run_logs.log,3,35,1,1390.8,2025-12-08 00:03:35,24058.0,24000,58.0
B1-direct-3,direct,architecture2_3d_run_logs.log,3,36,1,1366.7,2025-12-08 00:03:36,23057.0,23000,57.0
B1-direct-3,direct,architecture2_3d_run_logs.log,3,37,1,1379.2,2025-12-08 00:03:37,22055.0,22000,55.0
B1-direct-3,direct,architecture2_3d_run_logs.log,3,38,1,1378.3,2025-12-08 00:03:38,21053.0,21000,53.0
B1-direct-3,direct,architecture2_3d_run_logs.log,3,39,1,1380.6,2025-12-08 00:03:39,20052.0,20000,52.0
B1-direct-3,direct,architecture2_3d_run_logs.log,3,40,1,1381.1,2025-12-08 00:03:40,19050.0,19000,50.0
B1-direct-3,direct,architecture2_3d_run_logs.log,3,41,1,1374.5,2025-12-08 00:03:41,18047.0,18000,47.0
B1-direct-3,direct,architecture2_3d_run_logs.log,3,42,1,1382.2,2025-12-08 00:03:42,17046.0,17000,46.0
B1-direct-3,direct,architecture2_3d_run_logs.log,3,43,1,1373.4,2025-12-08 00:03:43,16044.0,16000,44.0
B1-direct-3,direct,architecture2_3d_run_logs.log,3,44,1,1379.1,2025-12-08 00:03:44,15042.0,15000,42.0
B1-direct-3,direct,architecture2_3d_run_logs.log,3,45,1,1376.6,2025-12-08 00:03:45,14041.0,14000,41.0
B1-direct-3,direct,architecture2_3d_run_logs.log,3,46,1,1376.0,2025-12-08 00:03:46,13039.0,13000,39.0
B1-direct-3,direct,architecture2_3d_run_logs.log,3,47,1,1375.1,2025-12-08 00:03:47,12038.0,12000,38.0
B1-direct-3,direct,architecture2_3d_run_logs.log,3,48,1,1376.3,2025-12-08 00:03:48,11036.0,11000,36.0
B1-direct-3,direct,architecture2_3d_run_logs.log,3,49,1,1374.8,2025-12-08 00:03:49,10034.0,10000,34.0
B1-direct-3,direct,architecture2_3d_run_logs.log,3,50,1,1374.6,2025-12-08 00:03:50,9032.0,9000,32.0
B1-direct-3,direct,architecture2_3d_run_logs.log,3,51,1,1377.9,2025-12-08 00:03:51,8030.0,8000,30.0
B1-direct-3,direct,architecture2_3d_run_logs.log,3,52,1,1382.4,2025-12-08 00:03:52,7028.0,7000,28.0
B1-direct-3,direct,architecture2_3d_run_logs.log,3,53,1,1386.4,2025-12-08 00:03:53,6027.0,6000,27.0
B1-direct-3,direct,architecture2_3d_run_logs.log,3,54,1,1383.3,2025-12-08 00:03:54,5025.0,5000,25.0
B1-direct-3,direct,architecture2_3d_run_logs.log,3,55,1,1376.1,2025-12-08 00:03:55,4023.0,4000,23.0
B1-direct-3,direct,architecture2_3d_run_logs.log,3,56,1,1405.4,2025-12-08 00:03:56,3022.0,3000,22.0
B1-direct-3,direct,architecture2_3d_run_logs.log,3,57,1,1447.6,2025-12-08 00:03:57,2020.0,2000,20.0
B1-direct-3,direct,architecture2_3d_run_logs.log,3,58,1,1438.7,2025-12-08 00:03:58,1018.0,1000,18.0
B1-direct-3,direct,architecture2_3d_run_logs.log,3,59,1,1437.0,2025-12-08 00:03:59,16.0,0,16.0
B1-direct-3,direct,architecture2_3d_run_logs.log,4,0,1,1447.4,2025-12-08 00:04:00,59108.0,59000,108.0
B1-direct-3,direct,architecture2_3d_run_logs.log,4,1,1,1447.4,2025-12-08 00:04:01,58107.0,58000,107.0
B1-direct-3,direct,architecture2_3d_run_logs.log,4,2,1,1437.7,2025-12-08 00:04:02,57105.0,57000,105.0
B1-direct-3,direct,architecture2_3d_run_logs.log,4,3,1,1439.2,2025-12-08 00:04:03,56104.0,56000,104.0
B1-direct-3,direct,architecture2_3d_run_logs.log,4,4,1,1441.2,2025-12-08 00:04:04,55103.0,55000,103.0
B1-direct-3,direct,architecture2_3d_run_logs.log,4,5,1,1443.6,2025-12-08 00:04:05,54101.0,54000,101.0
B1-direct-3,direct,architecture2_3d_run_logs.log,4,6,1,1451.0,2025-12-08 00:04:06,53099.0,53000,99.0
B1-direct-3,direct,architecture2_3d_run_logs.log,4,7,1,1440.2,2025-12-08 00:04:07,52098.0,52000,98.0
B1-direct-3,direct,architecture2_3d_run_logs.log,4,8,1,1446.8,2025-12-08 00:04:08,51095.0,51000,95.0
B1-direct-3,direct,architecture2_3d_run_logs.log,4,9,1,1444.9,2025-12-08 00:04:09,50093.0,50000,93.0
B1-direct-3,direct,architecture2_3d_run_logs.log,4,10,1,1443.8,2025-12-08 00:04:10,49091.0,49000,91.0
B1-direct-3,direct,architecture2_3d_run_logs.log,4,11,1,1441.1,2025-12-08 00:04:11,48089.0,48000,89.0
B1-direct-3,direct,architecture2_3d_run_logs.log,4,12,1,1447.9,2025-12-08 00:04:12,47087.0,47000,87.0
B1-direct-3,direct,architecture2_3d_run_logs.log,4,13,1,1434.4,2025-12-08 00:04:13,46084.0,46000,84.0
B1-direct-3,direct,architecture2_3d_run_logs.log,4,14,1,1432.2,2025-12-08 00:04:14,45083.0,45000,83.0
B1-direct-3,direct,architecture2_3d_run_logs.log,4,15,1,1442.3,2025-12-08 00:04:15,44081.0,44000,81.0
B1-direct-3,direct,architecture2_3d_run_logs.log,4,16,1,1448.0,2025-12-08 00:04:16,43079.0,43000,79.0
B1-direct-3,direct,architecture2_3d_run_logs.log,4,17,1,1439.5,2025-12-08 00:04:17,42077.0,42000,77.0
B1-direct-3,direct,architecture2_3d_run_logs.log,4,18,1,1438.1,2025-12-08 00:04:18,41076.0,41000,76.0
B1-direct-3,direct,architecture2_3d_run_logs.log,4,19,1,1444.6,2025-12-08 00:04:19,40074.0,40000,74.0
B1-direct-3,direct,architecture2_3d_run_logs.log,4,20,1,1446.1,2025-12-08 00:04:20,39072.0,39000,72.0
B1-direct-3,direct,architecture2_3d_run_logs.log,4,21,1,1445.6,2025-12-08 00:04:21,38070.0,38000,70.0
B1-direct-3,direct,architecture2_3d_run_logs.log,4,22,1,1448.8,2025-12-08 00:04:22,37069.0,37000,69.0
B1-direct-3,direct,architecture2_3d_run_logs.log,4,23,1,1433.7,2025-12-08 00:04:23,36068.0,36000,68.0
B1-direct-3,direct,architecture2_3d_run_logs.log,4,24,1,1436.8,2025-12-08 00:04:24,35067.0,35000,67.0
B1-direct-3,direct,architecture2_3d_run_logs.log,4,25,1,1446.8,2025-12-08 00:04:25,34065.0,34000,65.0
B1-direct-3,direct,architecture2_3d_run_logs.log,4,26,1,1440.7,2025-12-08 00:04:26,33064.0,33000,64.0
B1-direct-3,direct,architecture2_3d_run_logs.log,4,27,1,1445.4,2025-12-08 00:04:27,32063.0,32000,63.0
B1-direct-3,direct,architecture2_3d_run_logs.log,4,28,1,1446.4,2025-12-08 00:04:28,31062.0,31000,62.0
B1-direct-3,direct,architecture2_3d_run_logs.log,4,29,1,1455.5,2025-12-08 00:04:29,30061.0,30000,61.0
B1-direct-3,direct,architecture2_3d_run_logs.log,4,30,1,1439.8,2025-12-08 00:04:30,29058.0,29000,58.0
B1-direct-3,direct,architecture2_3d_run_logs.log,4,31,1,1435.1,2025-12-08 00:04:31,28058.0,28000,58.0
B1-direct-3,direct,architecture2_3d_run_logs.log,4,32,1,1450.0,2025-12-08 00:04:32,27056.0,27000,56.0
B1-direct-3,direct,architecture2_3d_run_logs.log,4,33,1,1436.3,2025-12-08 00:04:33,26055.0,26000,55.0
B1-direct-3,direct,architecture2_3d_run_logs.log,4,34,1,1436.4,2025-12-08 00:04:34,25053.0,25000,53.0
B1-direct-3,direct,architecture2_3d_run_logs.log,4,35,1,1430.8,2025-12-08 00:04:35,24052.0,24000,52.0
B1-direct-3,direct,architecture2_3d_run_logs.log,4,36,1,1453.1,2025-12-08 00:04:36,23051.0,23000,51.0
B1-direct-3,direct,architecture2_3d_run_logs.log,4,37,1,1519.4,2025-12-08 00:04:37,22050.0,22000,50.0
B1-direct-3,direct,architecture2_3d_run_logs.log,4,38,1,1517.6,2025-12-08 00:04:38,21048.0,21000,48.0
B1-direct-3,direct,architecture2_3d_run_logs.log,4,39,1,1517.7,2025-12-08 00:04:39,20045.0,20000,45.0
B1-direct-3,direct,architecture2_3d_run_logs.log,4,40,1,1519.5,2025-12-08 00:04:40,19044.0,19000,44.0
B1-direct-3,direct,architecture2_3d_run_logs.log,4,41,1,1525.4,2025-12-08 00:04:41,18042.0,18000,42.0
B1-direct-3,direct,architecture2_3d_run_logs.log,4,42,1,1522.1,2025-12-08 00:04:42,17040.0,17000,40.0
B1-direct-3,direct,architecture2_3d_run_logs.log,4,43,1,1521.4,2025-12-08 00:04:43,16039.0,16000,39.0
B1-direct-3,direct,architecture2_3d_run_logs.log,4,44,1,1523.2,2025-12-08 00:04:44,15038.0,15000,38.0
B1-direct-3,direct,architecture2_3d_run_logs.log,4,45,1,1525.5,2025-12-08 00:04:45,14036.0,14000,36.0
B1-direct-3,direct,architecture2_3d_run_logs.log,4,46,1,1525.0,2025-12-08 00:04:46,13035.0,13000,35.0
B1-direct-3,direct,architecture2_3d_run_logs.log,4,47,1,1523.2,2025-12-08 00:04:47,12033.0,12000,33.0
B1-direct-3,direct,architecture2_3d_run_logs.log,4,48,1,1525.8,2025-12-08 00:04:48,11032.0,11000,32.0
B1-direct-3,direct,architecture2_3d_run_logs.log,4,49,1,1522.6,2025-12-08 00:04:49,10031.0,10000,31.0
B1-direct-3,direct,architecture2_3d_run_logs.log,4,50,1,1529.2,2025-12-08 00:04:50,9030.0,9000,30.0
B1-direct-3,direct,architecture2_3d_run_logs.log,4,51,1,1529.3,2025-12-08 00:04:51,8028.0,8000,28.0
B1-direct-3,direct,architecture2_3d_run_logs.log,4,52,1,1528.0,2025-12-08 00:04:52,7025.0,7000,25.0
B1-direct-3,direct,architecture2_3d_run_logs.log,4,53,1,1520.6,2025-12-08 00:04:53,6023.0,6000,23.0
B1-direct-3,direct,architecture2_3d_run_logs.log,4,54,1,1516.6,2025-12-08 00:04:54,5020.0,5000,20.0
B1-direct-3,direct,architecture2_3d_run_logs.log,4,55,1,1515.9,2025-12-08 00:04:55,4019.0,4000,19.0
B1-direct-3,direct,architecture2_3d_run_logs.log,4,56,1,1516.2,2025-12-08 00:04:56,3016.0,3000,16.0
B1-direct-3,direct,architecture2_3d_run_logs.log,4,57,1,1523.6,2025-12-08 00:04:57,2014.0,2000,14.0
B1-direct-3,direct,architecture2_3d_run_logs.log,4,58,1,1520.8,2025-12-08 00:04:58,1013.0,1000,13.0
B1-direct-3,direct,architecture2_3d_run_logs.log,4,59,1,1518.0,2025-12-08 00:04:59,12.0,0,12.0
B1-direct-3,direct,architecture2_3d_run_logs.log,5,0,1,1519.6,2025-12-08 00:05:00,59122.0,59000,122.0
B1-direct-3,direct,architecture2_3d_run_logs.log,5,1,1,1523.3,2025-12-08 00:05:01,58121.0,58000,121.0
B1-direct-3,direct,architecture2_3d_run_logs.log,5,2,1,1518.2,2025-12-08 00:05:02,57120.0,57000,120.0
B1-direct-3,direct,architecture2_3d_run_logs.log,5,3,1,1520.7,2025-12-08 00:05:03,56119.0,56000,119.0
B1-direct-3,direct,architecture2_3d_run_logs.log,5,4,1,1521.0,2025-12-08 00:05:04,55118.0,55000,118.0
B1-direct-3,direct,architecture2_3d_run_logs.log,5,5,1,1519.3,2025-12-08 00:05:05,54116.0,54000,116.0
B1-direct-3,direct,architecture2_3d_run_logs.log,5,6,1,1525.3,2025-12-08 00:05:06,53114.0,53000,114.0
B1-direct-3,direct,architecture2_3d_run_logs.log,5,7,1,1533.0,2025-12-08 00:05:07,52113.0,52000,113.0
B1-direct-3,direct,architecture2_3d_run_logs.log,5,8,1,1517.4,2025-12-08 00:05:08,51111.0,51000,111.0
B1-direct-3,direct,architecture2_3d_run_logs.log,5,9,1,1526.6,2025-12-08 00:05:09,50110.0,50000,110.0
B1-direct-3,direct,architecture2_3d_run_logs.log,5,10,1,1537.7,2025-12-08 00:05:10,49108.0,49000,108.0
B1-direct-3,direct,architecture2_3d_run_logs.log,5,11,1,1518.0,2025-12-08 00:05:11,48107.0,48000,107.0
B1-direct-3,direct,architecture2_3d_run_logs.log,5,12,1,1518.7,2025-12-08 00:05:12,47105.0,47000,105.0
B1-direct-3,direct,architecture2_3d_run_logs.log,5,13,1,1518.7,2025-12-08 00:05:13,46103.0,46000,103.0
B1-direct-3,direct,architecture2_3d_run_logs.log,5,14,1,1519.6,2025-12-08 00:05:14,45101.0,45000,101.0
B1-direct-3,direct,architecture2_3d_run_logs.log,5,15,1,1524.2,2025-12-08 00:05:15,44100.0,44000,100.0
B1-direct-3,direct,architecture2_3d_run_logs.log,5,16,1,1526.9,2025-12-08 00:05:16,43099.0,43000,99.0
B1-direct-3,direct,architecture2_3d_run_logs.log,5,17,1,1526.4,2025-12-08 00:05:17,42097.0,42000,97.0
B1-direct-3,direct,architecture2_3d_run_logs.log,5,18,1,1521.5,2025-12-08 00:05:18,41096.0,41000,96.0
B1-direct-3,direct,architecture2_3d_run_logs.log,5,19,1,1528.6,2025-12-08 00:05:19,40094.0,40000,94.0
B1-direct-3,direct,architecture2_3d_run_logs.log,5,20,1,1528.6,2025-12-08 00:05:20,39093.0,39000,93.0
B1-direct-3,direct,architecture2_3d_run_logs.log,5,21,1,1529.4,2025-12-08 00:05:21,38091.0,38000,91.0
B1-direct-3,direct,architecture2_3d_run_logs.log,5,22,1,1526.4,2025-12-08 00:05:22,37088.0,37000,88.0
B1-direct-3,direct,architecture2_3d_run_logs.log,5,23,1,1522.6,2025-12-08 00:05:23,36086.0,36000,86.0
B1-direct-3,direct,architecture2_3d_run_logs.log,5,24,1,1523.5,2025-12-08 00:05:24,35084.0,35000,84.0
B1-direct-3,direct,architecture2_3d_run_logs.log,5,25,1,1521.9,2025-12-08 00:05:25,34083.0,34000,83.0
B1-direct-3,direct,architecture2_3d_run_logs.log,5,26,1,1586.5,2025-12-08 00:05:26,33081.0,33000,81.0
B1-direct-3,direct,architecture2_3d_run_logs.log,5,27,1,1641.7,2025-12-08 00:05:27,32079.0,32000,79.0
B1-direct-3,direct,architecture2_3d_run_logs.log,5,28,1,1661.5,2025-12-08 00:05:28,31077.0,31000,77.0
B1-direct-3,direct,architecture2_3d_run_logs.log,5,29,1,1650.5,2025-12-08 00:05:29,30075.0,30000,75.0
B1-direct-3,direct,architecture2_3d_run_logs.log,5,30,1,1658.5,2025-12-08 00:05:30,29074.0,29000,74.0
B1-direct-3,direct,architecture2_3d_run_logs.log,5,31,1,1678.8,2025-12-08 00:05:31,28072.0,28000,72.0
B1-direct-3,direct,architecture2_3d_run_logs.log,5,32,1,1661.6,2025-12-08 00:05:32,27070.0,27000,70.0
B1-direct-3,direct,architecture2_3d_run_logs.log,5,33,1,1675.6,2025-12-08 00:05:33,26067.0,26000,67.0
B1-direct-3,direct,architecture2_3d_run_logs.log,5,34,1,1655.6,2025-12-08 00:05:34,25065.0,25000,65.0
B1-direct-3,direct,architecture2_3d_run_logs.log,5,35,1,1658.7,2025-12-08 00:05:35,24063.0,24000,63.0
B1-direct-3,direct,architecture2_3d_run_logs.log,5,36,1,1659.3,2025-12-08 00:05:36,23061.0,23000,61.0
B1-direct-3,direct,architecture2_3d_run_logs.log,5,37,1,1659.2,2025-12-08 00:05:37,22059.0,22000,59.0
B1-direct-3,direct,architecture2_3d_run_logs.log,5,38,1,1654.4,2025-12-08 00:05:38,21057.0,21000,57.0
B1-direct-3,direct,architecture2_3d_run_logs.log,5,39,1,1657.6,2025-12-08 00:05:39,20055.0,20000,55.0
B1-direct-3,direct,architecture2_3d_run_logs.log,5,40,1,1660.4,2025-12-08 00:05:40,19052.0,19000,52.0
B1-direct-3,direct,architecture2_3d_run_logs.log,5,41,1,1658.5,2025-12-08 00:05:41,18050.0,18000,50.0
B1-direct-3,direct,architecture2_3d_run_logs.log,5,42,1,1658.1,2025-12-08 00:05:42,17048.0,17000,48.0
B1-direct-3,direct,architecture2_3d_run_logs.log,5,43,1,1660.9,2025-12-08 00:05:43,16046.0,16000,46.0
B1-direct-3,direct,architecture2_3d_run_logs.log,5,44,1,1656.0,2025-12-08 00:05:44,15044.0,15000,44.0
B1-direct-3,direct,architecture2_3d_run_logs.log,5,45,1,1658.1,2025-12-08 00:05:45,14042.0,14000,42.0
B1-direct-3,direct,architecture2_3d_run_logs.log,5,46,1,1664.1,2025-12-08 00:05:46,13040.0,13000,40.0
B1-direct-3,direct,architecture2_3d_run_logs.log,5,47,1,1653.0,2025-12-08 00:05:47,12038.0,12000,38.0
B1-direct-3,direct,architecture2_3d_run_logs.log,5,48,1,1659.9,2025-12-08 00:05:48,11036.0,11000,36.0
B1-direct-3,direct,architecture2_3d_run_logs.log,5,49,1,1659.2,2025-12-08 00:05:49,10034.0,10000,34.0
B1-direct-3,direct,architecture2_3d_run_logs.log,5,50,1,1661.0,2025-12-08 00:05:50,9032.0,9000,32.0
B1-direct-3,direct,architecture2_3d_run_logs.log,5,51,1,1658.9,2025-12-08 00:05:51,8031.0,8000,31.0
B1-direct-3,direct,architecture2_3d_run_logs.log,5,52,1,1658.9,2025-12-08 00:05:52,7029.0,7000,29.0
B1-direct-3,direct,architecture2_3d_run_logs.log,5,53,1,1656.0,2025-12-08 00:05:53,6027.0,6000,27.0
B1-direct-3,direct,architecture2_3d_run_logs.log,5,54,1,1661.9,2025-12-08 00:05:54,5025.0,5000,25.0
B1-direct-3,direct,architecture2_3d_run_logs.log,5,55,1,1656.5,2025-12-08 00:05:55,4023.0,4000,23.0
B1-direct-3,direct,architecture2_3d_run_logs.log,5,56,1,1656.9,2025-12-08 00:05:56,3021.0,3000,21.0
B1-direct-3,direct,architecture2_3d_run_logs.log,5,57,1,1662.3,2025-12-08 00:05:57,2019.0,2000,19.0
B1-direct-3,direct,architecture2_3d_run_logs.log,5,58,1,1659.5,2025-12-08 00:05:58,1017.0,1000,17.0
B1-direct-3,direct,architecture2_3d_run_logs.log,5,59,1,1656.2,2025-12-08 00:05:59,16.0,0,16.0
B1-direct-3,direct,architecture2_3d_run_logs.log,6,0,1,1665.2,2025-12-08 00:06:00,59113.0,59000,113.0
B1-direct-3,direct,architecture2_3d_run_logs.log,6,1,1,1662.2,2025-12-08 00:06:01,58112.0,58000,112.0
B1-direct-3,direct,architecture2_3d_run_logs.log,6,2,1,1665.4,2025-12-08 00:06:02,57111.0,57000,111.0
B1-direct-3,direct,architecture2_3d_run_logs.log,6,3,1,1661.2,2025-12-08 00:06:03,56110.0,56000,110.0
B1-direct-3,direct,architecture2_3d_run_logs.log,6,4,1,1657.8,2025-12-08 00:06:04,55110.0,55000,110.0
B1-direct-3,direct,architecture2_3d_run_logs.log,6,5,1,1660.2,2025-12-08 00:06:05,54109.0,54000,109.0
B1-direct-3,direct,architecture2_3d_run_logs.log,6,6,1,1660.8,2025-12-08 00:06:06,53107.0,53000,107.0
B1-direct-3,direct,architecture2_3d_run_logs.log,6,7,1,1662.0,2025-12-08 00:06:07,52105.0,52000,105.0
B1-direct-3,direct,architecture2_3d_run_logs.log,6,8,1,1657.4,2025-12-08 00:06:08,51103.0,51000,103.0
B1-direct-3,direct,architecture2_3d_run_logs.log,6,9,1,1667.2,2025-12-08 00:06:09,50101.0,50000,101.0
B1-direct-3,direct,architecture2_3d_run_logs.log,6,10,1,1669.9,2025-12-08 00:06:10,49099.0,49000,99.0
B1-direct-3,direct,architecture2_3d_run_logs.log,6,11,1,1659.0,2025-12-08 00:06:11,48098.0,48000,98.0
B1-direct-3,direct,architecture2_3d_run_logs.log,6,12,1,1677.0,2025-12-08 00:06:12,47096.0,47000,96.0
B1-direct-3,direct,architecture2_3d_run_logs.log,6,13,1,1662.9,2025-12-08 00:06:13,46095.0,46000,95.0
B1-direct-3,direct,architecture2_3d_run_logs.log,6,14,1,1659.6,2025-12-08 00:06:14,45093.0,45000,93.0
B1-direct-3,direct,architecture2_3d_run_logs.log,6,15,1,1661.2,2025-12-08 00:06:15,44091.0,44000,91.0
B1-direct-3,direct,architecture2_3d_run_logs.log,6,16,1,1656.5,2025-12-08 00:06:16,43090.0,43000,90.0
B1-direct-3,direct,architecture2_3d_run_logs.log,6,17,1,1657.6,2025-12-08 00:06:17,42089.0,42000,89.0
B1-direct-3,direct,architecture2_3d_run_logs.log,6,18,1,1676.1,2025-12-08 00:06:18,41088.0,41000,88.0
B1-direct-3,direct,architecture2_3d_run_logs.log,6,19,1,1667.9,2025-12-08 00:06:19,40086.0,40000,86.0
B1-direct-3,direct,architecture2_3d_run_logs.log,6,20,1,1663.4,2025-12-08 00:06:20,39084.0,39000,84.0
B1-direct-3,direct,architecture2_3d_run_logs.log,6,21,1,1660.5,2025-12-08 00:06:21,38082.0,38000,82.0
B1-direct-3,direct,architecture2_3d_run_logs.log,6,22,1,1662.1,2025-12-08 00:06:22,37081.0,37000,81.0
B1-direct-3,direct,architecture2_3d_run_logs.log,6,23,1,1662.5,2025-12-08 00:06:23,36079.0,36000,79.0
B1-direct-3,direct,architecture2_3d_run_logs.log,6,24,1,1661.6,2025-12-08 00:06:24,35077.0,35000,77.0
B1-direct-3,direct,architecture2_3d_run_logs.log,6,25,1,1660.0,2025-12-08 00:06:25,34075.0,34000,75.0
B1-direct-3,direct,architecture2_3d_run_logs.log,6,26,1,1669.5,2025-12-08 00:06:26,33073.0,33000,73.0
B1-direct-3,direct,architecture2_3d_run_logs.log,6,27,1,1659.9,2025-12-08 00:06:27,32072.0,32000,72.0
B1-direct-3,direct,architecture2_3d_run_logs.log,6,28,1,1663.0,2025-12-08 00:06:28,31070.0,31000,70.0
B1-direct-3,direct,architecture2_3d_run_logs.log,6,29,1,1657.2,2025-12-08 00:06:29,30068.0,30000,68.0
B1-direct-3,direct,architecture2_3d_run_logs.log,6,30,1,1660.4,2025-12-08 00:06:30,29066.0,29000,66.0
B1-direct-3,direct,architecture2_3d_run_logs.log,6,31,1,1660.3,2025-12-08 00:06:31,28064.0,28000,64.0
B1-direct-3,direct,architecture2_3d_run_logs.log,6,32,1,1670.6,2025-12-08 00:06:32,27062.0,27000,62.0
B1-direct-3,direct,architecture2_3d_run_logs.log,6,33,1,1662.7,2025-12-08 00:06:33,26060.0,26000,60.0
B1-direct-3,direct,architecture2_3d_run_logs.log,6,34,1,1660.2,2025-12-08 00:06:34,25058.0,25000,58.0
B1-direct-3,direct,architecture2_3d_run_logs.log,6,35,1,1658.2,2025-12-08 00:06:35,24056.0,24000,56.0
B1-direct-3,direct,architecture2_3d_run_logs.log,6,36,1,1658.5,2025-12-08 00:06:36,23054.0,23000,54.0
B1-direct-3,direct,architecture2_3d_run_logs.log,6,37,1,1659.8,2025-12-08 00:06:37,22052.0,22000,52.0
B1-direct-3,direct,architecture2_3d_run_logs.log,6,38,1,1660.9,2025-12-08 00:06:38,21051.0,21000,51.0
B1-direct-3,direct,architecture2_3d_run_logs.log,6,39,1,1663.8,2025-12-08 00:06:39,20049.0,20000,49.0
B1-direct-3,direct,architecture2_3d_run_logs.log,6,40,1,1656.1,2025-12-08 00:06:40,19047.0,19000,47.0
B1-direct-3,direct,architecture2_3d_run_logs.log,6,41,1,1660.8,2025-12-08 00:06:41,18046.0,18000,46.0
B1-direct-3,direct,architecture2_3d_run_logs.log,6,42,1,1663.3,2025-12-08 00:06:42,17044.0,17000,44.0
B1-direct-3,direct,architecture2_3d_run_logs.log,6,43,1,1661.1,2025-12-08 00:06:43,16043.0,16000,43.0
B1-direct-3,direct,architecture2_3d_run_logs.log,6,44,1,1664.5,2025-12-08 00:06:44,15041.0,15000,41.0
B1-direct-3,direct,architecture2_3d_run_logs.log,6,45,1,1660.4,2025-12-08 00:06:45,14040.0,14000,40.0
B1-direct-3,direct,architecture2_3d_run_logs.log,6,46,1,1660.0,2025-12-08 00:06:46,13038.0,13000,38.0
B1-direct-3,direct,architecture2_3d_run_logs.log,6,47,1,1657.3,2025-12-08 00:06:47,12036.0,12000,36.0
B1-direct-3,direct,architecture2_3d_run_logs.log,6,48,1,1662.7,2025-12-08 00:06:48,11034.0,11000,34.0
B1-direct-3,direct,architecture2_3d_run_logs.log,6,49,1,1663.8,2025-12-08 00:06:49,10032.0,10000,32.0
B1-direct-3,direct,architecture2_3d_run_logs.log,6,50,1,1662.0,2025-12-08 00:06:50,9030.0,9000,30.0
B1-direct-3,direct,architecture2_3d_run_logs.log,6,51,1,1663.6,2025-12-08 00:06:51,8028.0,8000,28.0
B1-direct-3,direct,architecture2_3d_run_logs.log,6,52,1,1658.6,2025-12-08 00:06:52,7027.0,7000,27.0
B1-direct-3,direct,architecture2_3d_run_logs.log,6,53,1,1659.8,2025-12-08 00:06:53,6025.0,6000,25.0
B1-direct-3,direct,architecture2_3d_run_logs.log,6,54,1,1657.2,2025-12-08 00:06:54,5023.0,5000,23.0
B1-direct-3,direct,architecture2_3d_run_logs.log,6,55,1,1661.4,2025-12-08 00:06:55,4021.0,4000,21.0
B1-direct-3,direct,architecture2_3d_run_logs.log,6,56,1,1668.6,2025-12-08 00:06:56,3019.0,3000,19.0
B1-direct-3,direct,architecture2_3d_run_logs.log,6,57,1,1671.0,2025-12-08 00:06:57,2018.0,2000,18.0
B1-direct-3,direct,architecture2_3d_run_logs.log,6,58,1,1661.0,2025-12-08 00:06:58,1016.0,1000,16.0
B1-direct-3,direct,architecture2_3d_run_logs.log,6,59,1,1660.3,2025-12-08 00:06:59,14.0,0,14.0
B1-direct-3,direct,architecture2_3d_run_logs.log,7,0,1,1666.8,2025-12-08 00:07:00,59104.0,59000,104.0
B1-direct-3,direct,architecture2_3d_run_logs.log,7,1,1,1664.8,2025-12-08 00:07:01,58103.0,58000,103.0
B1-direct-3,direct,architecture2_3d_run_logs.log,7,2,1,1665.6,2025-12-08 00:07:02,57102.0,57000,102.0
B1-direct-3,direct,architecture2_3d_run_logs.log,7,3,1,1664.7,2025-12-08 00:07:03,56101.0,56000,101.0
B1-direct-3,direct,architecture2_3d_run_logs.log,7,4,1,1660.1,2025-12-08 00:07:04,55100.0,55000,100.0
B1-direct-3,direct,architecture2_3d_run_logs.log,7,5,1,1657.1,2025-12-08 00:07:05,54099.0,54000,99.0
B1-direct-3,direct,architecture2_3d_run_logs.log,7,6,1,1657.1,2025-12-08 00:07:06,53097.0,53000,97.0
B1-direct-3,direct,architecture2_3d_run_logs.log,7,7,1,1661.0,2025-12-08 00:07:07,52095.0,52000,95.0
B1-direct-3,direct,architecture2_3d_run_logs.log,7,8,1,1656.3,2025-12-08 00:07:08,51093.0,51000,93.0
B1-direct-3,direct,architecture2_3d_run_logs.log,7,9,1,1665.0,2025-12-08 00:07:09,50092.0,50000,92.0
B1-direct-3,direct,architecture2_3d_run_logs.log,7,10,1,1657.6,2025-12-08 00:07:10,49090.0,49000,90.0
B1-direct-3,direct,architecture2_3d_run_logs.log,7,11,1,1662.0,2025-12-08 00:07:11,48089.0,48000,89.0
B1-direct-3,direct,architecture2_3d_run_logs.log,7,12,1,1658.0,2025-12-08 00:07:12,47088.0,47000,88.0
B1-direct-3,direct,architecture2_3d_run_logs.log,7,13,1,1662.1,2025-12-08 00:07:13,46087.0,46000,87.0
B1-direct-3,direct,architecture2_3d_run_logs.log,7,14,1,1658.8,2025-12-08 00:07:14,45086.0,45000,86.0
B1-direct-3,direct,architecture2_3d_run_logs.log,7,15,1,1663.7,2025-12-08 00:07:15,44084.0,44000,84.0
B1-direct-3,direct,architecture2_3d_run_logs.log,7,16,1,1661.0,2025-12-08 00:07:16,43082.0,43000,82.0
B1-direct-3,direct,architecture2_3d_run_logs.log,7,17,1,1661.0,2025-12-08 00:07:17,42081.0,42000,81.0
B1-direct-3,direct,architecture2_3d_run_logs.log,7,18,1,1661.9,2025-12-08 00:07:18,41079.0,41000,79.0
B1-direct-3,direct,architecture2_3d_run_logs.log,7,19,1,1668.6,2025-12-08 00:07:19,40077.0,40000,77.0
B1-direct-3,direct,architecture2_3d_run_logs.log,7,20,1,1667.3,2025-12-08 00:07:20,39075.0,39000,75.0
B1-direct-3,direct,architecture2_3d_run_logs.log,7,21,1,1658.9,2025-12-08 00:07:21,38073.0,38000,73.0
B1-direct-3,direct,architecture2_3d_run_logs.log,7,22,1,1657.3,2025-12-08 00:07:22,37071.0,37000,71.0
B1-direct-3,direct,architecture2_3d_run_logs.log,7,23,1,1663.7,2025-12-08 00:07:23,36070.0,36000,70.0
B1-direct-3,direct,architecture2_3d_run_logs.log,7,24,1,1664.6,2025-12-08 00:07:24,35068.0,35000,68.0
B1-direct-3,direct,architecture2_3d_run_logs.log,7,25,1,1660.6,2025-12-08 00:07:25,34067.0,34000,67.0
B1-direct-3,direct,architecture2_3d_run_logs.log,7,26,1,1665.2,2025-12-08 00:07:26,33065.0,33000,65.0
B1-direct-3,direct,architecture2_3d_run_logs.log,7,27,1,1654.9,2025-12-08 00:07:27,32063.0,32000,63.0
B1-direct-3,direct,architecture2_3d_run_logs.log,7,28,1,1660.4,2025-12-08 00:07:28,31062.0,31000,62.0
B1-direct-3,direct,architecture2_3d_run_logs.log,7,29,1,1660.3,2025-12-08 00:07:29,30060.0,30000,60.0
B1-direct-3,direct,architecture2_3d_run_logs.log,7,30,1,1680.3,2025-12-08 00:07:30,29059.0,29000,59.0
B1-direct-3,direct,architecture2_3d_run_logs.log,7,31,1,1660.4,2025-12-08 00:07:31,28058.0,28000,58.0
B1-direct-3,direct,architecture2_3d_run_logs.log,7,32,1,1662.4,2025-12-08 00:07:32,27056.0,27000,56.0
B1-direct-3,direct,architecture2_3d_run_logs.log,7,33,1,1662.8,2025-12-08 00:07:33,26054.0,26000,54.0
B1-direct-3,direct,architecture2_3d_run_logs.log,7,34,1,1659.9,2025-12-08 00:07:34,25053.0,25000,53.0
B1-direct-3,direct,architecture2_3d_run_logs.log,7,35,1,1660.1,2025-12-08 00:07:35,24051.0,24000,51.0
B1-direct-3,direct,architecture2_3d_run_logs.log,7,36,1,1659.9,2025-12-08 00:07:36,23050.0,23000,50.0
B1-direct-3,direct,architecture2_3d_run_logs.log,7,37,1,1663.0,2025-12-08 00:07:37,22048.0,22000,48.0
B1-direct-3,direct,architecture2_3d_run_logs.log,7,38,1,1662.1,2025-12-08 00:07:38,21046.0,21000,46.0
B1-direct-3,direct,architecture2_3d_run_logs.log,7,39,1,1662.5,2025-12-08 00:07:39,20045.0,20000,45.0
B1-direct-3,direct,architecture2_3d_run_logs.log,7,40,1,1661.6,2025-12-08 00:07:40,19044.0,19000,44.0
B1-direct-3,direct,architecture2_3d_run_logs.log,7,41,1,1662.9,2025-12-08 00:07:41,18043.0,18000,43.0
B1-direct-3,direct,architecture2_3d_run_logs.log,7,42,1,1668.3,2025-12-08 00:07:42,17042.0,17000,42.0
B1-direct-3,direct,architecture2_3d_run_logs.log,7,43,1,1656.1,2025-12-08 00:07:43,16040.0,16000,40.0
B1-direct-3,direct,architecture2_3d_run_logs.log,7,44,1,1652.5,2025-12-08 00:07:44,15039.0,15000,39.0
B1-direct-3,direct,architecture2_3d_run_logs.log,7,45,1,1659.3,2025-12-08 00:07:45,14038.0,14000,38.0
B1-direct-3,direct,architecture2_3d_run_logs.log,7,46,1,1660.9,2025-12-08 00:07:46,13036.0,13000,36.0
B1-direct-3,direct,architecture2_3d_run_logs.log,7,47,1,1664.1,2025-12-08 00:07:47,12035.0,12000,35.0
B1-direct-3,direct,architecture2_3d_run_logs.log,7,48,1,1659.1,2025-12-08 00:07:48,11034.0,11000,34.0
B1-direct-3,direct,architecture2_3d_run_logs.log,7,49,1,1659.9,2025-12-08 00:07:49,10033.0,10000,33.0
B1-direct-3,direct,architecture2_3d_run_logs.log,7,50,1,1659.1,2025-12-08 00:07:50,9030.0,9000,30.0
B1-direct-3,direct,architecture2_3d_run_logs.log,7,51,1,1662.5,2025-12-08 00:07:51,8028.0,8000,28.0
B1-direct-3,direct,architecture2_3d_run_logs.log,7,52,1,1657.8,2025-12-08 00:07:52,7027.0,7000,27.0
B1-direct-3,direct,architecture2_3d_run_logs.log,7,53,1,1658.8,2025-12-08 00:07:53,6025.0,6000,25.0
B1-direct-3,direct,architecture2_3d_run_logs.log,7,54,1,1658.5,2025-12-08 00:07:54,5024.0,5000,24.0
B1-direct-3,direct,architecture2_3d_run_logs.log,7,55,1,1663.4,2025-12-08 00:07:55,4022.0,4000,22.0
B1-direct-3,direct,architecture2_3d_run_logs.log,7,56,1,1667.0,2025-12-08 00:07:56,3021.0,3000,21.0
B1-direct-3,direct,architecture2_3d_run_logs.log,7,57,1,1666.0,2025-12-08 00:07:57,2019.0,2000,19.0
B1-direct-3,direct,architecture2_3d_run_logs.log,7,58,1,1665.2,2025-12-08 00:07:58,1017.0,1000,17.0
B1-direct-3,direct,architecture2_3d_run_logs.log,7,59,1,1663.3,2025-12-08 00:07:59,15.0,0,15.0
B1-direct-3,direct,architecture2_3d_run_logs.log,8,0,1,1666.1,2025-12-08 00:08:00,59099.0,59000,99.0
B1-direct-3,direct,architecture2_3d_run_logs.log,8,1,1,1667.0,2025-12-08 00:08:01,58099.0,58000,99.0
B1-direct-3,direct,architecture2_3d_run_logs.log,8,2,1,1664.3,2025-12-08 00:08:02,57098.0,57000,98.0
B1-direct-3,direct,architecture2_3d_run_logs.log,8,3,1,1660.9,2025-12-08 00:08:03,56097.0,56000,97.0
B1-direct-3,direct,architecture2_3d_run_logs.log,8,4,1,1670.0,2025-12-08 00:08:04,55096.0,55000,96.0
B1-direct-3,direct,architecture2_3d_run_logs.log,8,5,1,1661.1,2025-12-08 00:08:05,54095.0,54000,95.0
B1-direct-3,direct,architecture2_3d_run_logs.log,8,6,1,1663.0,2025-12-08 00:08:06,53093.0,53000,93.0
B1-direct-3,direct,architecture2_3d_run_logs.log,8,7,1,1661.4,2025-12-08 00:08:07,52091.0,52000,91.0
B1-direct-3,direct,architecture2_3d_run_logs.log,8,8,1,1662.5,2025-12-08 00:08:08,51089.0,51000,89.0
B1-direct-3,direct,architecture2_3d_run_logs.log,8,9,1,1662.5,2025-12-08 00:08:09,50087.0,50000,87.0
B1-direct-3,direct,architecture2_3d_run_logs.log,8,10,1,1664.2,2025-12-08 00:08:10,49086.0,49000,86.0
B1-direct-3,direct,architecture2_3d_run_logs.log,8,11,1,1663.6,2025-12-08 00:08:11,48084.0,48000,84.0
B1-direct-3,direct,architecture2_3d_run_logs.log,8,12,1,1664.1,2025-12-08 00:08:12,47083.0,47000,83.0
B1-direct-3,direct,architecture2_3d_run_logs.log,8,13,1,1664.1,2025-12-08 00:08:13,46081.0,46000,81.0
B1-direct-3,direct,architecture2_3d_run_logs.log,8,14,1,1666.4,2025-12-08 00:08:14,45080.0,45000,80.0
B1-direct-3,direct,architecture2_3d_run_logs.log,8,15,1,1659.1,2025-12-08 00:08:15,44078.0,44000,78.0
B1-direct-3,direct,architecture2_3d_run_logs.log,8,16,1,1660.5,2025-12-08 00:08:16,43076.0,43000,76.0
B1-direct-3,direct,architecture2_3d_run_logs.log,8,17,1,1662.7,2025-12-08 00:08:17,42075.0,42000,75.0
B1-direct-3,direct,architecture2_3d_run_logs.log,8,18,1,1662.6,2025-12-08 00:08:18,41073.0,41000,73.0
B1-direct-3,direct,architecture2_3d_run_logs.log,8,19,1,1666.0,2025-12-08 00:08:19,40072.0,40000,72.0
B1-direct-3,direct,architecture2_3d_run_logs.log,8,20,1,1670.3,2025-12-08 00:08:20,39070.0,39000,70.0
B1-direct-3,direct,architecture2_3d_run_logs.log,8,21,1,1661.8,2025-12-08 00:08:21,38069.0,38000,69.0
B1-direct-3,direct,architecture2_3d_run_logs.log,8,22,1,1662.6,2025-12-08 00:08:22,37067.0,37000,67.0
B1-direct-3,direct,architecture2_3d_run_logs.log,8,23,1,1660.8,2025-12-08 00:08:23,36066.0,36000,66.0
B1-direct-3,direct,architecture2_3d_run_logs.log,8,24,1,1673.3,2025-12-08 00:08:24,35064.0,35000,64.0
B1-direct-3,direct,architecture2_3d_run_logs.log,8,25,1,1663.6,2025-12-08 00:08:25,34062.0,34000,62.0
B1-direct-3,direct,architecture2_3d_run_logs.log,8,26,1,1671.3,2025-12-08 00:08:26,33060.0,33000,60.0
B1-direct-3,direct,architecture2_3d_run_logs.log,8,27,1,1663.6,2025-12-08 00:08:27,32059.0,32000,59.0
B1-direct-3,direct,architecture2_3d_run_logs.log,8,28,1,1666.7,2025-12-08 00:08:28,31058.0,31000,58.0
B1-direct-3,direct,architecture2_3d_run_logs.log,8,29,1,1660.9,2025-12-08 00:08:29,30056.0,30000,56.0
B1-direct-3,direct,architecture2_3d_run_logs.log,8,30,1,1666.1,2025-12-08 00:08:30,29054.0,29000,54.0
B1-direct-3,direct,architecture2_3d_run_logs.log,8,31,1,1662.3,2025-12-08 00:08:31,28051.0,28000,51.0
B1-direct-3,direct,architecture2_3d_run_logs.log,8,32,1,1663.4,2025-12-08 00:08:32,27048.0,27000,48.0
B1-direct-3,direct,architecture2_3d_run_logs.log,8,33,1,1668.4,2025-12-08 00:08:33,26046.0,26000,46.0
B1-direct-3,direct,architecture2_3d_run_logs.log,8,34,1,1680.5,2025-12-08 00:08:34,25045.0,25000,45.0
B1-direct-3,direct,architecture2_3d_run_logs.log,8,35,1,1665.1,2025-12-08 00:08:35,24043.0,24000,43.0
B1-direct-3,direct,architecture2_3d_run_logs.log,8,36,1,1666.4,2025-12-08 00:08:36,23041.0,23000,41.0
B1-direct-3,direct,architecture2_3d_run_logs.log,8,37,1,1665.0,2025-12-08 00:08:37,22040.0,22000,40.0
B1-direct-3,direct,architecture2_3d_run_logs.log,8,38,1,1665.5,2025-12-08 00:08:38,21038.0,21000,38.0
B1-direct-3,direct,architecture2_3d_run_logs.log,8,39,1,1667.6,2025-12-08 00:08:39,20036.0,20000,36.0
B1-direct-3,direct,architecture2_3d_run_logs.log,8,40,1,1667.8,2025-12-08 00:08:40,19035.0,19000,35.0
B1-direct-3,direct,architecture2_3d_run_logs.log,8,41,1,1663.8,2025-12-08 00:08:41,18033.0,18000,33.0
B1-direct-3,direct,architecture2_3d_run_logs.log,8,42,1,1678.7,2025-12-08 00:08:42,17031.0,17000,31.0
B1-direct-3,direct,architecture2_3d_run_logs.log,8,43,1,1664.3,2025-12-08 00:08:43,16028.0,16000,28.0
B1-direct-3,direct,architecture2_3d_run_logs.log,8,44,1,1664.6,2025-12-08 00:08:44,15027.0,15000,27.0
B1-direct-3,direct,architecture2_3d_run_logs.log,8,45,1,1669.4,2025-12-08 00:08:45,14026.0,14000,26.0
B1-direct-3,direct,architecture2_3d_run_logs.log,8,46,1,1667.0,2025-12-08 00:08:46,13024.0,13000,24.0
B1-direct-3,direct,architecture2_3d_run_logs.log,8,47,1,1663.1,2025-12-08 00:08:47,12023.0,12000,23.0
B1-direct-3,direct,architecture2_3d_run_logs.log,8,48,1,1664.6,2025-12-08 00:08:48,11022.0,11000,22.0
B1-direct-3,direct,architecture2_3d_run_logs.log,8,49,1,1663.7,2025-12-08 00:08:49,10021.0,10000,21.0
B1-direct-3,direct,architecture2_3d_run_logs.log,8,50,1,1681.2,2025-12-08 00:08:50,9021.0,9000,21.0
B1-direct-3,direct,architecture2_3d_run_logs.log,8,51,1,1675.9,2025-12-08 00:08:51,8019.0,8000,19.0
B1-direct-3,direct,architecture2_3d_run_logs.log,8,52,1,1664.2,2025-12-08 00:08:52,7018.0,7000,18.0
B1-direct-3,direct,architecture2_3d_run_logs.log,8,53,1,1664.9,2025-12-08 00:08:53,6017.0,6000,17.0
B1-direct-3,direct,architecture2_3d_run_logs.log,8,54,1,1664.0,2025-12-08 00:08:54,5016.0,5000,16.0
B1-direct-3,direct,architecture2_3d_run_logs.log,8,55,1,1665.3,2025-12-08 00:08:55,4015.0,4000,15.0
B1-direct-3,direct,architecture2_3d_run_logs.log,8,56,1,1667.1,2025-12-08 00:08:56,3014.0,3000,14.0
B1-direct-3,direct,architecture2_3d_run_logs.log,8,57,1,1667.8,2025-12-08 00:08:57,2013.0,2000,13.0
B1-direct-3,direct,architecture2_3d_run_logs.log,8,58,1,1667.4,2025-12-08 00:08:58,1012.0,1000,12.0
B1-direct-3,direct,architecture2_3d_run_logs.log,8,59,1,1670.1,2025-12-08 00:08:59,11.0,0,11.0
B1-direct-3,direct,architecture2_3d_run_logs.log,9,0,1,1667.0,2025-12-08 00:09:00,59067.0,59000,67.0
B1-direct-3,direct,architecture2_3d_run_logs.log,9,1,1,1669.8,2025-12-08 00:09:01,58066.0,58000,66.0
B1-direct-3,direct,architecture2_3d_run_logs.log,9,2,1,1667.8,2025-12-08 00:09:02,57066.0,57000,66.0
B1-direct-3,direct,architecture2_3d_run_logs.log,9,3,1,1670.5,2025-12-08 00:09:03,56065.0,56000,65.0
B1-direct-3,direct,architecture2_3d_run_logs.log,9,4,1,1670.8,2025-12-08 00:09:04,55064.0,55000,64.0
B1-direct-3,direct,architecture2_3d_run_logs.log,9,5,1,1667.7,2025-12-08 00:09:05,54064.0,54000,64.0
B1-direct-3,direct,architecture2_3d_run_logs.log,9,6,1,1669.1,2025-12-08 00:09:06,53063.0,53000,63.0
B1-direct-3,direct,architecture2_3d_run_logs.log,9,7,1,1665.4,2025-12-08 00:09:07,52062.0,52000,62.0
B1-direct-3,direct,architecture2_3d_run_logs.log,9,8,1,1668.6,2025-12-08 00:09:08,51061.0,51000,61.0
B1-direct-3,direct,architecture2_3d_run_logs.log,9,9,1,1669.6,2025-12-08 00:09:09,50060.0,50000,60.0
B1-direct-3,direct,architecture2_3d_run_logs.log,9,10,1,1668.8,2025-12-08 00:09:10,49058.0,49000,58.0
B1-direct-3,direct,architecture2_3d_run_logs.log,9,11,1,1665.3,2025-12-08 00:09:11,48057.0,48000,57.0
B1-direct-3,direct,architecture2_3d_run_logs.log,9,12,1,1669.2,2025-12-08 00:09:12,47056.0,47000,56.0
B1-direct-3,direct,architecture2_3d_run_logs.log,9,13,1,1667.8,2025-12-08 00:09:13,46055.0,46000,55.0
B1-direct-3,direct,architecture2_3d_run_logs.log,9,14,1,1668.1,2025-12-08 00:09:14,45054.0,45000,54.0
B1-direct-3,direct,architecture2_3d_run_logs.log,9,15,1,1672.6,2025-12-08 00:09:15,44053.0,44000,53.0
B1-direct-3,direct,architecture2_3d_run_logs.log,9,16,1,1672.6,2025-12-08 00:09:16,43052.0,43000,52.0
B1-direct-3,direct,architecture2_3d_run_logs.log,9,17,1,1677.4,2025-12-08 00:09:17,42051.0,42000,51.0
B1-direct-3,direct,architecture2_3d_run_logs.log,9,18,1,1672.4,2025-12-08 00:09:18,41050.0,41000,50.0
B1-direct-3,direct,architecture2_3d_run_logs.log,9,19,1,1674.1,2025-12-08 00:09:19,40050.0,40000,50.0
B1-direct-3,direct,architecture2_3d_run_logs.log,9,20,1,1674.4,2025-12-08 00:09:20,39049.0,39000,49.0
B1-direct-3,direct,architecture2_3d_run_logs.log,9,21,1,1678.0,2025-12-08 00:09:21,38048.0,38000,48.0
B1-direct-3,direct,architecture2_3d_run_logs.log,9,22,1,1666.0,2025-12-08 00:09:22,37047.0,37000,47.0
B1-direct-3,direct,architecture2_3d_run_logs.log,9,23,1,1679.3,2025-12-08 00:09:23,36046.0,36000,46.0
B1-direct-3,direct,architecture2_3d_run_logs.log,9,24,1,1672.2,2025-12-08 00:09:24,35045.0,35000,45.0
B1-direct-3,direct,architecture2_3d_run_logs.log,9,25,1,1671.7,2025-12-08 00:09:25,34045.0,34000,45.0
B1-direct-3,direct,architecture2_3d_run_logs.log,9,26,1,1672.4,2025-12-08 00:09:26,33044.0,33000,44.0
B1-direct-3,direct,architecture2_3d_run_logs.log,9,27,1,1673.0,2025-12-08 00:09:27,32043.0,32000,43.0
B1-direct-3,direct,architecture2_3d_run_logs.log,9,28,1,1674.5,2025-12-08 00:09:28,31042.0,31000,42.0
B1-direct-3,direct,architecture2_3d_run_logs.log,9,29,1,1673.5,2025-12-08 00:09:29,30042.0,30000,42.0
B1-direct-3,direct,architecture2_3d_run_logs.log,9,30,1,1673.1,2025-12-08 00:09:30,29041.0,29000,41.0
B1-direct-3,direct,architecture2_3d_run_logs.log,9,31,1,1691.0,2025-12-08 00:09:31,28040.0,28000,40.0
B1-direct-3,direct,architecture2_3d_run_logs.log,9,32,1,1671.8,2025-12-08 00:09:32,27039.0,27000,39.0
B1-direct-3,direct,architecture2_3d_run_logs.log,9,33,1,1674.1,2025-12-08 00:09:33,26037.0,26000,37.0
B1-direct-3,direct,architecture2_3d_run_logs.log,9,34,1,1669.5,2025-12-08 00:09:34,25037.0,25000,37.0
B1-direct-3,direct,architecture2_3d_run_logs.log,9,35,1,1672.9,2025-12-08 00:09:35,24035.0,24000,35.0
B1-direct-3,direct,architecture2_3d_run_logs.log,9,36,1,1677.3,2025-12-08 00:09:36,23034.0,23000,34.0
B1-direct-3,direct,architecture2_3d_run_logs.log,9,37,1,1676.4,2025-12-08 00:09:37,22033.0,22000,33.0
B1-direct-3,direct,architecture2_3d_run_logs.log,9,38,1,1676.4,2025-12-08 00:09:38,21032.0,21000,32.0
B1-direct-3,direct,architecture2_3d_run_logs.log,9,39,1,1673.4,2025-12-08 00:09:39,20031.0,20000,31.0
B1-direct-3,direct,architecture2_3d_run_logs.log,9,40,1,1674.6,2025-12-08 00:09:40,19030.0,19000,30.0
B1-direct-3,direct,architecture2_3d_run_logs.log,9,41,1,1674.0,2025-12-08 00:09:41,18028.0,18000,28.0
B1-direct-3,direct,architecture2_3d_run_logs.log,9,42,1,1681.9,2025-12-08 00:09:42,17027.0,17000,27.0
B1-direct-3,direct,architecture2_3d_run_logs.log,9,43,1,1672.1,2025-12-08 00:09:43,16026.0,16000,26.0
B1-direct-3,direct,architecture2_3d_run_logs.log,9,44,1,1672.7,2025-12-08 00:09:44,15026.0,15000,26.0
B1-direct-3,direct,architecture2_3d_run_logs.log,9,45,1,1668.9,2025-12-08 00:09:45,14024.0,14000,24.0
B1-direct-3,direct,architecture2_3d_run_logs.log,9,46,1,1674.2,2025-12-08 00:09:46,13023.0,13000,23.0
B1-direct-3,direct,architecture2_3d_run_logs.log,9,47,1,1672.6,2025-12-08 00:09:47,12023.0,12000,23.0
B1-direct-3,direct,architecture2_3d_run_logs.log,9,48,1,1675.3,2025-12-08 00:09:48,11022.0,11000,22.0
B1-direct-3,direct,architecture2_3d_run_logs.log,9,49,1,1668.3,2025-12-08 00:09:49,10021.0,10000,21.0
B1-direct-3,direct,architecture2_3d_run_logs.log,9,50,1,1671.2,2025-12-08 00:09:50,9020.0,9000,20.0
B1-direct-3,direct,architecture2_3d_run_logs.log,9,51,1,1689.8,2025-12-08 00:09:51,8019.0,8000,19.0
B1-direct-3,direct,architecture2_3d_run_logs.log,9,52,1,1674.0,2025-12-08 00:09:52,7018.0,7000,18.0
B1-direct-3,direct,architecture2_3d_run_logs.log,9,53,1,1671.6,2025-12-08 00:09:53,6017.0,6000,17.0
B1-direct-3,direct,architecture2_3d_run_logs.log,9,54,1,1672.1,2025-12-08 00:09:54,5015.0,5000,15.0
B1-direct-3,direct,architecture2_3d_run_logs.log,9,55,1,1669.2,2025-12-08 00:09:55,4014.0,4000,14.0
B1-direct-3,direct,architecture2_3d_run_logs.log,9,56,1,1673.9,2025-12-08 00:09:56,3013.0,3000,13.0
B1-direct-3,direct,architecture2_3d_run_logs.log,9,57,1,1684.4,2025-12-08 00:09:57,2012.0,2000,12.0
B1-direct-3,direct,architecture2_3d_run_logs.log,9,58,1,1674.8,2025-12-08 00:09:58,1011.0,1000,11.0
B1-direct-3,direct,architecture2_3d_run_logs.log,9,59,1,1675.1,2025-12-08 00:09:59,10.0,0,10.0
B1-direct-3,direct,architecture2_3d_run_logs.log,10,0,1,1679.0,2025-12-08 00:10:00,59059.0,59000,59.0
B1-direct-3,direct,architecture2_3d_run_logs.log,10,1,1,1674.0,2025-12-08 00:10:01,58059.0,58000,59.0
B1-direct-3,direct,architecture2_3d_run_logs.log,10,2,1,1679.1,2025-12-08 00:10:02,57058.0,57000,58.0
B1-direct-3,direct,architecture2_3d_run_logs.log,10,3,1,1681.5,2025-12-08 00:10:03,56057.0,56000,57.0
B1-direct-3,direct,architecture2_3d_run_logs.log,10,4,1,1678.3,2025-12-08 00:10:04,55057.0,55000,57.0
B1-direct-3,direct,architecture2_3d_run_logs.log,10,5,1,1678.2,2025-12-08 00:10:05,54056.0,54000,56.0
B1-direct-3,direct,architecture2_3d_run_logs.log,10,6,1,1677.9,2025-12-08 00:10:06,53055.0,53000,55.0
B1-direct-3,direct,architecture2_3d_run_logs.log,10,7,1,1674.5,2025-12-08 00:10:07,52055.0,52000,55.0
B1-direct-3,direct,architecture2_3d_run_logs.log,10,8,1,1501.0,2025-12-08 00:10:08,51054.0,51000,54.0
B1-direct-3,direct,architecture2_3d_run_logs.log,10,9,1,1507.2,2025-12-08 00:10:09,50053.0,50000,53.0
B1-direct-3,direct,architecture2_3d_run_logs.log,10,10,1,1512.8,2025-12-08 00:10:10,49053.0,49000,53.0
B1-direct-3,direct,architecture2_3d_run_logs.log,10,11,1,1517.5,2025-12-08 00:10:11,48052.0,48000,52.0
B1-direct-3,direct,architecture2_3d_run_logs.log,10,12,1,1470.8,2025-12-08 00:10:12,47052.0,47000,52.0
B1-direct-3,direct,architecture2_3d_run_logs.log,10,13,1,653.1,2025-12-08 00:10:13,46051.0,46000,51.0
B1-direct-3,direct,architecture2_3d_run_logs.log,10,14,1,681.6,2025-12-08 00:10:14,45050.0,45000,50.0
B1-direct-3,direct,architecture2_3d_run_logs.log,10,15,1,687.0,2025-12-08 00:10:15,44049.0,44000,49.0
B1-direct-3,direct,architecture2_3d_run_logs.log,10,16,1,688.0,2025-12-08 00:10:16,43049.0,43000,49.0
B1-direct-3,direct,architecture2_3d_run_logs.log,10,17,1,720.3,2025-12-08 00:10:17,42048.0,42000,48.0
B1-direct-3,direct,architecture2_3d_run_logs.log,10,18,1,688.2,2025-12-08 00:10:18,41048.0,41000,48.0
B1-direct-3,direct,architecture2_3d_run_logs.log,10,19,1,698.7,2025-12-08 00:10:19,40047.0,40000,47.0
B1-direct-3,direct,architecture2_3d_run_logs.log,10,20,1,692.2,2025-12-08 00:10:20,39046.0,39000,46.0
B1-direct-3,direct,architecture2_3d_run_logs.log,10,21,1,689.8,2025-12-08 00:10:21,38046.0,38000,46.0
B1-direct-3,direct,architecture2_3d_run_logs.log,10,22,1,686.4,2025-12-08 00:10:22,37045.0,37000,45.0
B1-direct-3,direct,architecture2_3d_run_logs.log,10,23,1,686.7,2025-12-08 00:10:23,36043.0,36000,43.0
B1-direct-3,direct,architecture2_3d_run_logs.log,10,24,1,686.1,2025-12-08 00:10:24,35042.0,35000,42.0
B1-direct-3,direct,architecture2_3d_run_logs.log,10,25,1,684.0,2025-12-08 00:10:25,34041.0,34000,41.0
B1-direct-3,direct,architecture2_3d_run_logs.log,10,26,1,689.7,2025-12-08 00:10:26,33040.0,33000,40.0
B1-direct-3,direct,architecture2_3d_run_logs.log,10,27,1,686.8,2025-12-08 00:10:27,32038.0,32000,38.0
B1-direct-3,direct,architecture2_3d_run_logs.log,10,28,1,687.2,2025-12-08 00:10:28,31037.0,31000,37.0
B1-direct-3,direct,architecture2_3d_run_logs.log,10,29,1,686.0,2025-12-08 00:10:29,30037.0,30000,37.0
B1-direct-3,direct,architecture2_3d_run_logs.log,10,30,1,686.4,2025-12-08 00:10:30,29036.0,29000,36.0
B1-direct-3,direct,architecture2_3d_run_logs.log,10,31,1,692.2,2025-12-08 00:10:31,28035.0,28000,35.0
B1-direct-3,direct,architecture2_3d_run_logs.log,10,32,1,686.4,2025-12-08 00:10:32,27033.0,27000,33.0
B1-direct-3,direct,architecture2_3d_run_logs.log,10,33,1,690.0,2025-12-08 00:10:33,26032.0,26000,32.0
B1-direct-3,direct,architecture2_3d_run_logs.log,10,34,1,686.6,2025-12-08 00:10:34,25031.0,25000,31.0
B1-direct-3,direct,architecture2_3d_run_logs.log,10,35,1,688.5,2025-12-08 00:10:35,24030.0,24000,30.0
B1-direct-3,direct,architecture2_3d_run_logs.log,10,36,1,688.4,2025-12-08 00:10:36,23029.0,23000,29.0
B1-direct-3,direct,architecture2_3d_run_logs.log,10,37,1,689.3,2025-12-08 00:10:37,22028.0,22000,28.0
B1-direct-3,direct,architecture2_3d_run_logs.log,10,38,1,688.1,2025-12-08 00:10:38,21027.0,21000,27.0
B1-direct-3,direct,architecture2_3d_run_logs.log,10,39,1,689.0,2025-12-08 00:10:39,20026.0,20000,26.0
B1-direct-3,direct,architecture2_3d_run_logs.log,10,40,1,689.9,2025-12-08 00:10:40,19024.0,19000,24.0
B1-direct-3,direct,architecture2_3d_run_logs.log,10,41,1,687.9,2025-12-08 00:10:41,18022.0,18000,22.0
B1-direct-3,direct,architecture2_3d_run_logs.log,10,42,1,691.7,2025-12-08 00:10:42,17021.0,17000,21.0
B1-direct-3,direct,architecture2_3d_run_logs.log,10,43,1,681.2,2025-12-08 00:10:43,16020.0,16000,20.0
B1-direct-3,direct,architecture2_3d_run_logs.log,10,44,1,647.7,2025-12-08 00:10:44,15020.0,15000,20.0
B1-direct-3,direct,architecture2_3d_run_logs.log,10,45,1,541.2,2025-12-08 00:10:45,14019.0,14000,19.0
B1-direct-3,direct,architecture2_3d_run_logs.log,10,46,1,539.8,2025-12-08 00:10:46,13018.0,13000,18.0
B1-direct-3,direct,architecture2_3d_run_logs.log,10,47,1,540.2,2025-12-08 00:10:47,12018.0,12000,18.0
B1-direct-3,direct,architecture2_3d_run_logs.log,10,48,1,547.1,2025-12-08 00:10:48,11017.0,11000,17.0
B1-direct-3,direct,architecture2_3d_run_logs.log,10,49,1,537.5,2025-12-08 00:10:49,10016.0,10000,16.0
B1-direct-3,direct,architecture2_3d_run_logs.log,10,50,1,538.8,2025-12-08 00:10:50,9015.0,9000,15.0
B1-direct-3,direct,architecture2_3d_run_logs.log,10,51,1,542.9,2025-12-08 00:10:51,8014.0,8000,14.0
B1-direct-3,direct,architecture2_3d_run_logs.log,10,52,1,542.4,2025-12-08 00:10:52,7013.0,7000,13.0
B1-direct-3,direct,architecture2_3d_run_logs.log,10,53,1,539.4,2025-12-08 00:10:53,6013.0,6000,13.0
B1-direct-3,direct,architecture2_3d_run_logs.log,10,54,1,539.6,2025-12-08 00:10:54,5011.0,5000,11.0
B1-direct-3,direct,architecture2_3d_run_logs.log,10,55,1,541.2,2025-12-08 00:10:55,4011.0,4000,11.0
B1-direct-3,direct,architecture2_3d_run_logs.log,10,56,1,546.4,2025-12-08 00:10:56,3010.0,3000,10.0
B1-direct-3,direct,architecture2_3d_run_logs.log,10,57,1,605.7,2025-12-08 00:10:57,2009.0,2000,9.0
B1-direct-3,direct,architecture2_3d_run_logs.log,10,58,1,556.3,2025-12-08 00:10:58,1008.0,1000,8.0
B1-direct-3,direct,architecture2_3d_run_logs.log,10,59,1,556.6,2025-12-08 00:10:59,7.0,0,7.0
B1-direct-3,direct,architecture2_3d_run_logs.log,11,0,1,555.8,2025-12-08 00:11:00,59073.0,59000,73.0
B1-direct-3,direct,architecture2_3d_run_logs.log,11,1,1,570.6,2025-12-08 00:11:01,58073.0,58000,73.0
B1-direct-3,direct,architecture2_3d_run_logs.log,11,2,1,558.3,2025-12-08 00:11:02,57072.0,57000,72.0
B1-direct-3,direct,architecture2_3d_run_logs.log,11,3,1,558.0,2025-12-08 00:11:03,56071.0,56000,71.0
B1-direct-3,direct,architecture2_3d_run_logs.log,11,4,1,557.3,2025-12-08 00:11:04,55071.0,55000,71.0
B1-direct-3,direct,architecture2_3d_run_logs.log,11,5,1,555.6,2025-12-08 00:11:05,54070.0,54000,70.0
B1-direct-3,direct,architecture2_3d_run_logs.log,11,6,1,558.9,2025-12-08 00:11:06,53069.0,53000,69.0
B1-direct-3,direct,architecture2_3d_run_logs.log,11,7,1,570.0,2025-12-08 00:11:07,52068.0,52000,68.0
B1-direct-3,direct,architecture2_3d_run_logs.log,11,8,1,561.6,2025-12-08 00:11:08,51067.0,51000,67.0
B1-direct-3,direct,architecture2_3d_run_logs.log,11,9,1,560.9,2025-12-08 00:11:09,50066.0,50000,66.0
B1-direct-3,direct,architecture2_3d_run_logs.log,11,10,1,560.9,2025-12-08 00:11:10,49065.0,49000,65.0
B1-direct-3,direct,architecture2_3d_run_logs.log,11,11,1,561.0,2025-12-08 00:11:11,48065.0,48000,65.0
B1-direct-3,direct,architecture2_3d_run_logs.log,11,12,1,560.8,2025-12-08 00:11:12,47064.0,47000,64.0
B1-direct-3,direct,architecture2_3d_run_logs.log,11,13,1,561.9,2025-12-08 00:11:13,46063.0,46000,63.0
B1-direct-3,direct,architecture2_3d_run_logs.log,11,14,1,637.6,2025-12-08 00:11:14,45062.0,45000,62.0
B1-direct-3,direct,architecture2_3d_run_logs.log,11,15,1,680.2,2025-12-08 00:11:15,44062.0,44000,62.0
B1-direct-3,direct,architecture2_3d_run_logs.log,11,16,1,686.7,2025-12-08 00:11:16,43060.0,43000,60.0
B1-direct-3,direct,architecture2_3d_run_logs.log,11,17,1,686.1,2025-12-08 00:11:17,42059.0,42000,59.0
B1-direct-3,direct,architecture2_3d_run_logs.log,11,18,1,687.9,2025-12-08 00:11:18,41059.0,41000,59.0
B1-direct-3,direct,architecture2_3d_run_logs.log,11,19,1,691.1,2025-12-08 00:11:19,40058.0,40000,58.0
B1-direct-3,direct,architecture2_3d_run_logs.log,11,20,1,690.0,2025-12-08 00:11:20,39058.0,39000,58.0
B1-direct-3,direct,architecture2_3d_run_logs.log,11,21,1,691.3,2025-12-08 00:11:21,38057.0,38000,57.0
B1-direct-3,direct,architecture2_3d_run_logs.log,11,22,1,683.7,2025-12-08 00:11:22,37056.0,37000,56.0
B1-direct-3,direct,architecture2_3d_run_logs.log,11,23,1,684.3,2025-12-08 00:11:23,36055.0,36000,55.0
B1-direct-3,direct,architecture2_3d_run_logs.log,11,24,1,687.5,2025-12-08 00:11:24,35054.0,35000,54.0
B1-direct-3,direct,architecture2_3d_run_logs.log,11,25,1,685.2,2025-12-08 00:11:25,34053.0,34000,53.0
B1-direct-3,direct,architecture2_3d_run_logs.log,11,26,1,682.6,2025-12-08 00:11:26,33052.0,33000,52.0
B1-direct-3,direct,architecture2_3d_run_logs.log,11,27,1,687.6,2025-12-08 00:11:27,32051.0,32000,51.0
B1-direct-3,direct,architecture2_3d_run_logs.log,11,28,1,689.7,2025-12-08 00:11:28,31050.0,31000,50.0
B1-direct-3,direct,architecture2_3d_run_logs.log,11,29,1,686.2,2025-12-08 00:11:29,30048.0,30000,48.0
B1-direct-3,direct,architecture2_3d_run_logs.log,11,30,1,685.2,2025-12-08 00:11:30,29047.0,29000,47.0
B1-direct-3,direct,architecture2_3d_run_logs.log,11,31,1,684.6,2025-12-08 00:11:31,28045.0,28000,45.0
B1-direct-3,direct,architecture2_3d_run_logs.log,11,32,1,686.9,2025-12-08 00:11:32,27044.0,27000,44.0
B1-direct-3,direct,architecture2_3d_run_logs.log,11,33,1,689.6,2025-12-08 00:11:33,26043.0,26000,43.0
B1-direct-3,direct,architecture2_3d_run_logs.log,11,34,1,687.8,2025-12-08 00:11:34,25042.0,25000,42.0
B1-direct-3,direct,architecture2_3d_run_logs.log,11,35,1,697.5,2025-12-08 00:11:35,24041.0,24000,41.0
B1-direct-3,direct,architecture2_3d_run_logs.log,11,36,1,694.7,2025-12-08 00:11:36,23041.0,23000,41.0
B1-direct-3,direct,architecture2_3d_run_logs.log,11,37,1,703.8,2025-12-08 00:11:37,22039.0,22000,39.0
B1-direct-3,direct,architecture2_3d_run_logs.log,11,38,1,697.8,2025-12-08 00:11:38,21038.0,21000,38.0
B1-direct-3,direct,architecture2_3d_run_logs.log,11,39,1,696.7,2025-12-08 00:11:39,20037.0,20000,37.0
B1-direct-3,direct,architecture2_3d_run_logs.log,11,40,1,697.2,2025-12-08 00:11:40,19036.0,19000,36.0
B1-direct-3,direct,architecture2_3d_run_logs.log,11,41,1,690.8,2025-12-08 00:11:41,18036.0,18000,36.0
B1-direct-3,direct,architecture2_3d_run_logs.log,11,42,1,691.2,2025-12-08 00:11:42,17034.0,17000,34.0
B1-direct-3,direct,architecture2_3d_run_logs.log,11,43,1,692.2,2025-12-08 00:11:43,16032.0,16000,32.0
B1-direct-3,direct,architecture2_3d_run_logs.log,11,44,1,692.0,2025-12-08 00:11:44,15032.0,15000,32.0
B1-direct-3,direct,architecture2_3d_run_logs.log,11,45,1,696.6,2025-12-08 00:11:45,14030.0,14000,30.0
B1-direct-3,direct,architecture2_3d_run_logs.log,11,46,1,691.0,2025-12-08 00:11:46,13030.0,13000,30.0
B1-direct-3,direct,architecture2_3d_run_logs.log,11,47,1,688.8,2025-12-08 00:11:47,12028.0,12000,28.0
B1-direct-3,direct,architecture2_3d_run_logs.log,11,48,1,687.3,2025-12-08 00:11:48,11026.0,11000,26.0
B1-direct-3,direct,architecture2_3d_run_logs.log,11,49,1,687.9,2025-12-08 00:11:49,10025.0,10000,25.0
B1-direct-3,direct,architecture2_3d_run_logs.log,11,50,1,687.7,2025-12-08 00:11:50,9024.0,9000,24.0
B1-direct-3,direct,architecture2_3d_run_logs.log,11,51,1,690.8,2025-12-08 00:11:51,8023.0,8000,23.0
B1-direct-3,direct,architecture2_3d_run_logs.log,11,52,1,688.0,2025-12-08 00:11:52,7021.0,7000,21.0
B1-direct-3,direct,architecture2_3d_run_logs.log,11,53,1,687.2,2025-12-08 00:11:53,6020.0,6000,20.0
B1-direct-3,direct,architecture2_3d_run_logs.log,11,54,1,687.1,2025-12-08 00:11:54,5018.0,5000,18.0
B1-direct-3,direct,architecture2_3d_run_logs.log,11,55,1,697.4,2025-12-08 00:11:55,4017.0,4000,17.0
B1-direct-3,direct,architecture2_3d_run_logs.log,11,56,1,691.7,2025-12-08 00:11:56,3016.0,3000,16.0
B1-direct-3,direct,architecture2_3d_run_logs.log,11,57,1,689.8,2025-12-08 00:11:57,2015.0,2000,15.0
B1-direct-3,direct,architecture2_3d_run_logs.log,11,58,1,688.0,2025-12-08 00:11:58,1014.0,1000,14.0
B1-direct-3,direct,architecture2_3d_run_logs.log,11,59,1,688.2,2025-12-08 00:11:59,12.0,0,12.0
B1-direct-3,direct,architecture2_3d_run_logs.log,12,0,1,691.5,2025-12-08 00:12:00,59083.0,59000,83.0
B1-direct-3,direct,architecture2_3d_run_logs.log,12,1,1,702.6,2025-12-08 00:12:01,58083.0,58000,83.0
B1-direct-3,direct,architecture2_3d_run_logs.log,12,2,1,688.3,2025-12-08 00:12:02,57082.0,57000,82.0
B1-direct-3,direct,architecture2_3d_run_logs.log,12,3,1,690.4,2025-12-08 00:12:03,56082.0,56000,82.0
B1-direct-3,direct,architecture2_3d_run_logs.log,12,4,1,688.7,2025-12-08 00:12:04,55081.0,55000,81.0
B1-direct-3,direct,architecture2_3d_run_logs.log,12,5,1,688.4,2025-12-08 00:12:05,54079.0,54000,79.0
B1-direct-3,direct,architecture2_3d_run_logs.log,12,6,1,690.5,2025-12-08 00:12:06,53078.0,53000,78.0
B1-direct-3,direct,architecture2_3d_run_logs.log,12,7,1,689.2,2025-12-08 00:12:07,52077.0,52000,77.0
B1-direct-3,direct,architecture2_3d_run_logs.log,12,8,1,687.3,2025-12-08 00:12:08,51075.0,51000,75.0
B1-direct-3,direct,architecture2_3d_run_logs.log,12,9,1,687.1,2025-12-08 00:12:09,50074.0,50000,74.0
B1-direct-3,direct,architecture2_3d_run_logs.log,12,10,1,687.7,2025-12-08 00:12:10,49072.0,49000,72.0
B1-direct-3,direct,architecture2_3d_run_logs.log,12,11,1,685.2,2025-12-08 00:12:11,48072.0,48000,72.0
B1-direct-3,direct,architecture2_3d_run_logs.log,12,12,1,689.8,2025-12-08 00:12:12,47070.0,47000,70.0
B1-direct-3,direct,architecture2_3d_run_logs.log,12,13,1,688.5,2025-12-08 00:12:13,46068.0,46000,68.0
B1-direct-3,direct,architecture2_3d_run_logs.log,12,14,1,687.4,2025-12-08 00:12:14,45067.0,45000,67.0
B1-direct-3,direct,architecture2_3d_run_logs.log,12,15,1,687.7,2025-12-08 00:12:15,44065.0,44000,65.0
B1-direct-3,direct,architecture2_3d_run_logs.log,12,16,1,691.7,2025-12-08 00:12:16,43064.0,43000,64.0
B1-direct-3,direct,architecture2_3d_run_logs.log,12,17,1,689.0,2025-12-08 00:12:17,42063.0,42000,63.0
B1-direct-3,direct,architecture2_3d_run_logs.log,12,18,1,688.2,2025-12-08 00:12:18,41061.0,41000,61.0
B1-direct-3,direct,architecture2_3d_run_logs.log,12,19,1,693.6,2025-12-08 00:12:19,40060.0,40000,60.0
B1-direct-3,direct,architecture2_3d_run_logs.log,12,20,1,693.2,2025-12-08 00:12:20,39058.0,39000,58.0
B1-direct-3,direct,architecture2_3d_run_logs.log,12,21,1,687.8,2025-12-08 00:12:21,38058.0,38000,58.0
B1-direct-3,direct,architecture2_3d_run_logs.log,12,22,1,690.6,2025-12-08 00:12:22,37056.0,37000,56.0
B1-direct-3,direct,architecture2_3d_run_logs.log,12,23,1,687.3,2025-12-08 00:12:23,36054.0,36000,54.0
B1-direct-3,direct,architecture2_3d_run_logs.log,12,24,1,687.4,2025-12-08 00:12:24,35053.0,35000,53.0
B1-direct-3,direct,architecture2_3d_run_logs.log,12,25,1,686.2,2025-12-08 00:12:25,34052.0,34000,52.0
B1-direct-3,direct,architecture2_3d_run_logs.log,12,26,1,685.4,2025-12-08 00:12:26,33051.0,33000,51.0
B1-direct-3,direct,architecture2_3d_run_logs.log,12,27,1,686.9,2025-12-08 00:12:27,32050.0,32000,50.0
B1-direct-3,direct,architecture2_3d_run_logs.log,12,28,1,690.6,2025-12-08 00:12:28,31048.0,31000,48.0
B1-direct-3,direct,architecture2_3d_run_logs.log,12,29,1,691.3,2025-12-08 00:12:29,30047.0,30000,47.0
B1-direct-3,direct,architecture2_3d_run_logs.log,12,30,1,687.1,2025-12-08 00:12:30,29045.0,29000,45.0
B1-direct-3,direct,architecture2_3d_run_logs.log,12,31,1,687.0,2025-12-08 00:12:31,28045.0,28000,45.0
B1-direct-3,direct,architecture2_3d_run_logs.log,12,32,1,684.7,2025-12-08 00:12:32,27043.0,27000,43.0
B1-direct-3,direct,architecture2_3d_run_logs.log,12,33,1,689.7,2025-12-08 00:12:33,26041.0,26000,41.0
B1-direct-3,direct,architecture2_3d_run_logs.log,12,34,1,688.7,2025-12-08 00:12:34,25040.0,25000,40.0
B1-direct-3,direct,architecture2_3d_run_logs.log,12,35,1,687.4,2025-12-08 00:12:35,24038.0,24000,38.0
B1-direct-3,direct,architecture2_3d_run_logs.log,12,36,1,695.2,2025-12-08 00:12:36,23037.0,23000,37.0
B1-direct-3,direct,architecture2_3d_run_logs.log,12,37,1,685.8,2025-12-08 00:12:37,22035.0,22000,35.0
B1-direct-3,direct,architecture2_3d_run_logs.log,12,38,1,687.0,2025-12-08 00:12:38,21034.0,21000,34.0
B1-direct-3,direct,architecture2_3d_run_logs.log,12,39,1,684.5,2025-12-08 00:12:39,20033.0,20000,33.0
B1-direct-3,direct,architecture2_3d_run_logs.log,12,40,1,684.7,2025-12-08 00:12:40,19032.0,19000,32.0
B1-direct-3,direct,architecture2_3d_run_logs.log,12,41,1,684.7,2025-12-08 00:12:41,18031.0,18000,31.0
B1-direct-3,direct,architecture2_3d_run_logs.log,12,42,1,687.7,2025-12-08 00:12:42,17029.0,17000,29.0
B1-direct-3,direct,architecture2_3d_run_logs.log,12,43,1,690.4,2025-12-08 00:12:43,16028.0,16000,28.0
B1-direct-3,direct,architecture2_3d_run_logs.log,12,44,1,713.0,2025-12-08 00:12:44,15027.0,15000,27.0
B1-direct-3,direct,architecture2_3d_run_logs.log,12,45,1,694.8,2025-12-08 00:12:45,14025.0,14000,25.0
B1-direct-3,direct,architecture2_3d_run_logs.log,12,46,1,700.2,2025-12-08 00:12:46,13024.0,13000,24.0
B1-direct-3,direct,architecture2_3d_run_logs.log,12,47,1,692.9,2025-12-08 00:12:47,12023.0,12000,23.0
B1-direct-3,direct,architecture2_3d_run_logs.log,12,48,1,693.7,2025-12-08 00:12:48,11021.0,11000,21.0
B1-direct-3,direct,architecture2_3d_run_logs.log,12,49,1,693.7,2025-12-08 00:12:49,10020.0,10000,20.0
B1-direct-3,direct,architecture2_3d_run_logs.log,12,50,1,693.6,2025-12-08 00:12:50,9018.0,9000,18.0
B1-direct-3,direct,architecture2_3d_run_logs.log,12,51,1,695.6,2025-12-08 00:12:51,8017.0,8000,17.0
B1-direct-3,direct,architecture2_3d_run_logs.log,12,52,1,696.0,2025-12-08 00:12:52,7016.0,7000,16.0
B1-direct-3,direct,architecture2_3d_run_logs.log,12,53,1,693.1,2025-12-08 00:12:53,6015.0,6000,15.0
B1-direct-3,direct,architecture2_3d_run_logs.log,12,54,1,697.2,2025-12-08 00:12:54,5014.0,5000,14.0
B1-direct-3,direct,architecture2_3d_run_logs.log,12,55,1,691.7,2025-12-08 00:12:55,4012.0,4000,12.0
B1-direct-3,direct,architecture2_3d_run_logs.log,12,56,1,693.4,2025-12-08 00:12:56,3011.0,3000,11.0
B1-direct-3,direct,architecture2_3d_run_logs.log,12,57,1,694.6,2025-12-08 00:12:57,2010.0,2000,10.0
B1-direct-3,direct,architecture2_3d_run_logs.log,12,58,1,689.8,2025-12-08 00:12:58,1010.0,1000,10.0
B1-direct-3,direct,architecture2_3d_run_logs.log,12,59,1,683.8,2025-12-08 00:12:59,9.0,0,9.0
B1-direct-3,direct,architecture2_3d_run_logs.log,13,0,1,688.6,2025-12-08 00:13:00,59075.0,59000,75.0
B1-direct-3,direct,architecture2_3d_run_logs.log,13,1,1,684.9,2025-12-08 00:13:01,58075.0,58000,75.0
B1-direct-3,direct,architecture2_3d_run_logs.log,13,2,1,688.1,2025-12-08 00:13:02,57074.0,57000,74.0
B1-direct-3,direct,architecture2_3d_run_logs.log,13,3,1,689.1,2025-12-08 00:13:03,56074.0,56000,74.0
B1-direct-3,direct,architecture2_3d_run_logs.log,13,4,1,686.7,2025-12-08 00:13:04,55073.0,55000,73.0
B1-direct-3,direct,architecture2_3d_run_logs.log,13,5,1,689.1,2025-12-08 00:13:05,54072.0,54000,72.0
B1-direct-3,direct,architecture2_3d_run_logs.log,13,6,1,695.1,2025-12-08 00:13:06,53071.0,53000,71.0
B1-direct-3,direct,architecture2_3d_run_logs.log,13,7,1,688.8,2025-12-08 00:13:07,52070.0,52000,70.0
B1-direct-3,direct,architecture2_3d_run_logs.log,13,8,1,695.9,2025-12-08 00:13:08,51069.0,51000,69.0
B1-direct-3,direct,architecture2_3d_run_logs.log,13,9,1,686.3,2025-12-08 00:13:09,50068.0,50000,68.0
B1-direct-3,direct,architecture2_3d_run_logs.log,13,10,1,685.1,2025-12-08 00:13:10,49066.0,49000,66.0
B1-direct-3,direct,architecture2_3d_run_logs.log,13,11,1,684.5,2025-12-08 00:13:11,48066.0,48000,66.0
B1-direct-3,direct,architecture2_3d_run_logs.log,13,12,1,688.2,2025-12-08 00:13:12,47065.0,47000,65.0
B1-direct-3,direct,architecture2_3d_run_logs.log,13,13,1,687.0,2025-12-08 00:13:13,46064.0,46000,64.0
B1-direct-3,direct,architecture2_3d_run_logs.log,13,14,1,689.0,2025-12-08 00:13:14,45064.0,45000,64.0
B1-direct-3,direct,architecture2_3d_run_logs.log,13,15,1,687.3,2025-12-08 00:13:15,44062.0,44000,62.0
B1-direct-3,direct,architecture2_3d_run_logs.log,13,16,1,684.8,2025-12-08 00:13:16,43062.0,43000,62.0
B1-direct-3,direct,architecture2_3d_run_logs.log,13,17,1,687.5,2025-12-08 00:13:17,42060.0,42000,60.0
B1-direct-3,direct,architecture2_3d_run_logs.log,13,18,1,688.8,2025-12-08 00:13:18,41059.0,41000,59.0
B1-direct-3,direct,architecture2_3d_run_logs.log,13,19,1,689.4,2025-12-08 00:13:19,40058.0,40000,58.0
B1-direct-3,direct,architecture2_3d_run_logs.log,13,20,1,690.8,2025-12-08 00:13:20,39056.0,39000,56.0
B1-direct-3,direct,architecture2_3d_run_logs.log,13,21,1,687.4,2025-12-08 00:13:21,38056.0,38000,56.0
B1-direct-3,direct,architecture2_3d_run_logs.log,13,22,1,685.1,2025-12-08 00:13:22,37055.0,37000,55.0
B1-direct-3,direct,architecture2_3d_run_logs.log,13,23,1,686.8,2025-12-08 00:13:23,36053.0,36000,53.0
B1-direct-3,direct,architecture2_3d_run_logs.log,13,24,1,691.3,2025-12-08 00:13:24,35051.0,35000,51.0
B1-direct-3,direct,architecture2_3d_run_logs.log,13,25,1,683.3,2025-12-08 00:13:25,34050.0,34000,50.0
B1-direct-3,direct,architecture2_3d_run_logs.log,13,26,1,686.5,2025-12-08 00:13:26,33049.0,33000,49.0
B1-direct-3,direct,architecture2_3d_run_logs.log,13,27,1,684.8,2025-12-08 00:13:27,32048.0,32000,48.0
B1-direct-3,direct,architecture2_3d_run_logs.log,13,28,1,683.7,2025-12-08 00:13:28,31047.0,31000,47.0
B1-direct-3,direct,architecture2_3d_run_logs.log,13,29,1,684.8,2025-12-08 00:13:29,30046.0,30000,46.0
B1-direct-3,direct,architecture2_3d_run_logs.log,13,30,1,684.1,2025-12-08 00:13:30,29044.0,29000,44.0
B1-direct-3,direct,architecture2_3d_run_logs.log,13,31,1,653.7,2025-12-08 00:13:31,28043.0,28000,43.0
B1-direct-3,direct,architecture2_3d_run_logs.log,13,32,1,656.2,2025-12-08 00:13:32,27042.0,27000,42.0
B1-direct-3,direct,architecture2_3d_run_logs.log,13,33,1,656.4,2025-12-08 00:13:33,26040.0,26000,40.0
B1-direct-3,direct,architecture2_3d_run_logs.log,13,34,1,656.9,2025-12-08 00:13:34,25039.0,25000,39.0
B1-direct-3,direct,architecture2_3d_run_logs.log,13,35,1,652.9,2025-12-08 00:13:35,24038.0,24000,38.0
B1-direct-3,direct,architecture2_3d_run_logs.log,13,36,1,654.3,2025-12-08 00:13:36,23037.0,23000,37.0
B1-direct-3,direct,architecture2_3d_run_logs.log,13,37,1,654.3,2025-12-08 00:13:37,22035.0,22000,35.0
B1-direct-3,direct,architecture2_3d_run_logs.log,13,38,1,655.0,2025-12-08 00:13:38,21034.0,21000,34.0
B1-direct-3,direct,architecture2_3d_run_logs.log,13,39,1,657.5,2025-12-08 00:13:39,20033.0,20000,33.0
B1-direct-3,direct,architecture2_3d_run_logs.log,13,40,1,653.5,2025-12-08 00:13:40,19031.0,19000,31.0
B1-direct-3,direct,architecture2_3d_run_logs.log,13,41,1,653.9,2025-12-08 00:13:41,18030.0,18000,30.0
B1-direct-3,direct,architecture2_3d_run_logs.log,13,42,1,656.9,2025-12-08 00:13:42,17029.0,17000,29.0
B1-direct-3,direct,architecture2_3d_run_logs.log,13,43,1,656.0,2025-12-08 00:13:43,16028.0,16000,28.0
B1-direct-3,direct,architecture2_3d_run_logs.log,13,44,1,658.0,2025-12-08 00:13:44,15027.0,15000,27.0
B1-direct-3,direct,architecture2_3d_run_logs.log,13,45,1,657.0,2025-12-08 00:13:45,14025.0,14000,25.0
B1-direct-3,direct,architecture2_3d_run_logs.log,13,46,1,651.6,2025-12-08 00:13:46,13024.0,13000,24.0
B1-direct-3,direct,architecture2_3d_run_logs.log,13,47,1,655.4,2025-12-08 00:13:47,12023.0,12000,23.0
B1-direct-3,direct,architecture2_3d_run_logs.log,13,48,1,655.8,2025-12-08 00:13:48,11022.0,11000,22.0
B1-direct-3,direct,architecture2_3d_run_logs.log,13,49,1,654.3,2025-12-08 00:13:49,10021.0,10000,21.0
B1-direct-3,direct,architecture2_3d_run_logs.log,13,50,1,659.0,2025-12-08 00:13:50,9020.0,9000,20.0
B1-direct-3,direct,architecture2_3d_run_logs.log,13,51,1,653.3,2025-12-08 00:13:51,8019.0,8000,19.0
B1-direct-3,direct,architecture2_3d_run_logs.log,13,52,1,655.4,2025-12-08 00:13:52,7018.0,7000,18.0
B1-direct-3,direct,architecture2_3d_run_logs.log,13,53,1,654.8,2025-12-08 00:13:53,6017.0,6000,17.0
B1-direct-3,direct,architecture2_3d_run_logs.log,13,54,1,658.2,2025-12-08 00:13:54,5017.0,5000,17.0
B1-direct-3,direct,architecture2_3d_run_logs.log,13,55,1,655.4,2025-12-08 00:13:55,4016.0,4000,16.0
B1-direct-3,direct,architecture2_3d_run_logs.log,13,56,1,654.4,2025-12-08 00:13:56,3015.0,3000,15.0
B1-direct-3,direct,architecture2_3d_run_logs.log,13,57,1,653.5,2025-12-08 00:13:57,2013.0,2000,13.0
B1-direct-3,direct,architecture2_3d_run_logs.log,13,58,1,655.7,2025-12-08 00:13:58,1013.0,1000,13.0
B1-direct-3,direct,architecture2_3d_run_logs.log,13,59,1,658.7,2025-12-08 00:13:59,11.0,0,11.0
B1-direct-4,direct,architecture2_4th_run_logs.log,0,0,1,699.6,2025-12-08 00:00:00,59152.0,59000,152.0
B1-direct-4,direct,architecture2_4th_run_logs.log,0,1,1,710.8,2025-12-08 00:00:01,58148.0,58000,148.0
B1-direct-4,direct,architecture2_4th_run_logs.log,0,2,1,695.3,2025-12-08 00:00:02,57145.0,57000,145.0
B1-direct-4,direct,architecture2_4th_run_logs.log,0,3,1,695.3,2025-12-08 00:00:03,56142.0,56000,142.0
B1-direct-4,direct,architecture2_4th_run_logs.log,0,4,1,693.7,2025-12-08 00:00:04,55140.0,55000,140.0
B1-direct-4,direct,architecture2_4th_run_logs.log,0,5,1,695.2,2025-12-08 00:00:05,54138.0,54000,138.0
B1-direct-4,direct,architecture2_4th_run_logs.log,0,6,1,694.9,2025-12-08 00:00:06,53135.0,53000,135.0
B1-direct-4,direct,architecture2_4th_run_logs.log,0,7,1,694.4,2025-12-08 00:00:07,52132.0,52000,132.0
B1-direct-4,direct,architecture2_4th_run_logs.log,0,8,1,693.6,2025-12-08 00:00:08,51130.0,51000,130.0
B1-direct-4,direct,architecture2_4th_run_logs.log,0,9,1,700.2,2025-12-08 00:00:09,50128.0,50000,128.0
B1-direct-4,direct,architecture2_4th_run_logs.log,0,10,1,702.3,2025-12-08 00:00:10,49126.0,49000,126.0
B1-direct-4,direct,architecture2_4th_run_logs.log,0,11,1,694.8,2025-12-08 00:00:11,48123.0,48000,123.0
B1-direct-4,direct,architecture2_4th_run_logs.log,0,12,1,694.7,2025-12-08 00:00:12,47121.0,47000,121.0
B1-direct-4,direct,architecture2_4th_run_logs.log,0,13,1,693.1,2025-12-08 00:00:13,46119.0,46000,119.0
B1-direct-4,direct,architecture2_4th_run_logs.log,0,14,1,695.3,2025-12-08 00:00:14,45116.0,45000,116.0
B1-direct-4,direct,architecture2_4th_run_logs.log,0,15,1,693.7,2025-12-08 00:00:15,44114.0,44000,114.0
B1-direct-4,direct,architecture2_4th_run_logs.log,0,16,1,694.5,2025-12-08 00:00:16,43113.0,43000,113.0
B1-direct-4,direct,architecture2_4th_run_logs.log,0,17,1,694.6,2025-12-08 00:00:17,42110.0,42000,110.0
B1-direct-4,direct,architecture2_4th_run_logs.log,0,18,1,696.1,2025-12-08 00:00:18,41108.0,41000,108.0
B1-direct-4,direct,architecture2_4th_run_logs.log,0,19,1,708.9,2025-12-08 00:00:19,40105.0,40000,105.0
B1-direct-4,direct,architecture2_4th_run_logs.log,0,20,1,697.9,2025-12-08 00:00:20,39103.0,39000,103.0
B1-direct-4,direct,architecture2_4th_run_logs.log,0,21,1,701.4,2025-12-08 00:00:21,38101.0,38000,101.0
B1-direct-4,direct,architecture2_4th_run_logs.log,0,22,1,695.0,2025-12-08 00:00:22,37098.0,37000,98.0
B1-direct-4,direct,architecture2_4th_run_logs.log,0,23,1,695.6,2025-12-08 00:00:23,36096.0,36000,96.0
B1-direct-4,direct,architecture2_4th_run_logs.log,0,24,1,695.7,2025-12-08 00:00:24,35093.0,35000,93.0
B1-direct-4,direct,architecture2_4th_run_logs.log,0,25,1,690.8,2025-12-08 00:00:25,34092.0,34000,92.0
B1-direct-4,direct,architecture2_4th_run_logs.log,0,26,1,693.2,2025-12-08 00:00:26,33091.0,33000,91.0
B1-direct-4,direct,architecture2_4th_run_logs.log,0,27,1,713.7,2025-12-08 00:00:27,32088.0,32000,88.0
B1-direct-4,direct,architecture2_4th_run_logs.log,0,28,1,695.1,2025-12-08 00:00:28,31087.0,31000,87.0
B1-direct-4,direct,architecture2_4th_run_logs.log,0,29,1,694.1,2025-12-08 00:00:29,30084.0,30000,84.0
B1-direct-4,direct,architecture2_4th_run_logs.log,0,30,1,691.4,2025-12-08 00:00:30,29082.0,29000,82.0
B1-direct-4,direct,architecture2_4th_run_logs.log,0,31,1,690.4,2025-12-08 00:00:31,28081.0,28000,81.0
B1-direct-4,direct,architecture2_4th_run_logs.log,0,32,1,695.3,2025-12-08 00:00:32,27078.0,27000,78.0
B1-direct-4,direct,architecture2_4th_run_logs.log,0,33,1,827.1,2025-12-08 00:00:33,26076.0,26000,76.0
B1-direct-4,direct,architecture2_4th_run_logs.log,0,34,1,797.3,2025-12-08 00:00:34,25073.0,25000,73.0
B1-direct-4,direct,architecture2_4th_run_logs.log,0,35,1,803.6,2025-12-08 00:00:35,24070.0,24000,70.0
B1-direct-4,direct,architecture2_4th_run_logs.log,0,36,1,796.7,2025-12-08 00:00:36,23069.0,23000,69.0
B1-direct-4,direct,architecture2_4th_run_logs.log,0,37,1,704.4,2025-12-08 00:00:37,22067.0,22000,67.0
B1-direct-4,direct,architecture2_4th_run_logs.log,0,38,1,792.7,2025-12-08 00:00:38,21065.0,21000,65.0
B1-direct-4,direct,architecture2_4th_run_logs.log,0,39,1,850.3,2025-12-08 00:00:39,20062.0,20000,62.0
B1-direct-4,direct,architecture2_4th_run_logs.log,0,40,1,808.5,2025-12-08 00:00:40,19059.0,19000,59.0
B1-direct-4,direct,architecture2_4th_run_logs.log,0,41,1,810.8,2025-12-08 00:00:41,18058.0,18000,58.0
B1-direct-4,direct,architecture2_4th_run_logs.log,0,42,1,809.5,2025-12-08 00:00:42,17056.0,17000,56.0
B1-direct-4,direct,architecture2_4th_run_logs.log,0,43,1,799.3,2025-12-08 00:00:43,16053.0,16000,53.0
B1-direct-4,direct,architecture2_4th_run_logs.log,0,44,1,797.1,2025-12-08 00:00:44,15051.0,15000,51.0
B1-direct-4,direct,architecture2_4th_run_logs.log,0,45,1,794.5,2025-12-08 00:00:45,14049.0,14000,49.0
B1-direct-4,direct,architecture2_4th_run_logs.log,0,46,1,799.0,2025-12-08 00:00:46,13048.0,13000,48.0
B1-direct-4,direct,architecture2_4th_run_logs.log,0,47,1,795.6,2025-12-08 00:00:47,12046.0,12000,46.0
B1-direct-4,direct,architecture2_4th_run_logs.log,0,48,1,799.2,2025-12-08 00:00:48,11043.0,11000,43.0
B1-direct-4,direct,architecture2_4th_run_logs.log,0,49,1,795.9,2025-12-08 00:00:49,10040.0,10000,40.0
B1-direct-4,direct,architecture2_4th_run_logs.log,0,50,1,797.5,2025-12-08 00:00:50,9038.0,9000,38.0
B1-direct-4,direct,architecture2_4th_run_logs.log,0,51,1,801.1,2025-12-08 00:00:51,8037.0,8000,37.0
B1-direct-4,direct,architecture2_4th_run_logs.log,0,52,1,800.3,2025-12-08 00:00:52,7034.0,7000,34.0
B1-direct-4,direct,architecture2_4th_run_logs.log,0,53,1,796.4,2025-12-08 00:00:53,6032.0,6000,32.0
B1-direct-4,direct,architecture2_4th_run_logs.log,0,54,1,796.5,2025-12-08 00:00:54,5030.0,5000,30.0
B1-direct-4,direct,architecture2_4th_run_logs.log,0,55,1,799.2,2025-12-08 00:00:55,4027.0,4000,27.0
B1-direct-4,direct,architecture2_4th_run_logs.log,0,56,1,798.3,2025-12-08 00:00:56,3026.0,3000,26.0
B1-direct-4,direct,architecture2_4th_run_logs.log,0,57,1,799.4,2025-12-08 00:00:57,2025.0,2000,25.0
B1-direct-4,direct,architecture2_4th_run_logs.log,0,58,1,798.7,2025-12-08 00:00:58,1022.0,1000,22.0
B1-direct-4,direct,architecture2_4th_run_logs.log,0,59,1,798.8,2025-12-08 00:00:59,20.0,0,20.0
B1-direct-4,direct,architecture2_4th_run_logs.log,1,0,1,1210.914286,2025-12-08 00:01:00,59123.0,59000,123.0
B1-direct-4,direct,architecture2_4th_run_logs.log,1,1,1,1210.914286,2025-12-08 00:01:01,58123.0,58000,123.0
B1-direct-4,direct,architecture2_4th_run_logs.log,1,2,1,1210.914286,2025-12-08 00:01:02,57121.0,57000,121.0
B1-direct-4,direct,architecture2_4th_run_logs.log,1,3,1,1210.914286,2025-12-08 00:01:03,56120.0,56000,120.0
B1-direct-4,direct,architecture2_4th_run_logs.log,1,4,1,801.0,2025-12-08 00:01:04,55119.0,55000,119.0
B1-direct-4,direct,architecture2_4th_run_logs.log,1,5,1,1026.4,2025-12-08 00:01:05,54117.0,54000,117.0
B1-direct-4,direct,architecture2_4th_run_logs.log,1,6,1,1181.0,2025-12-08 00:01:06,53117.0,53000,117.0
B1-direct-4,direct,architecture2_4th_run_logs.log,1,7,1,1017.9,2025-12-08 00:01:07,52115.0,52000,115.0
B1-direct-4,direct,architecture2_4th_run_logs.log,1,8,1,998.6,2025-12-08 00:01:08,51114.0,51000,114.0
B1-direct-4,direct,architecture2_4th_run_logs.log,1,9,1,1076.1,2025-12-08 00:01:09,50111.0,50000,111.0
B1-direct-4,direct,architecture2_4th_run_logs.log,1,10,1,1009.1,2025-12-08 00:01:10,49109.0,49000,109.0
B1-direct-4,direct,architecture2_4th_run_logs.log,1,11,1,1058.5,2025-12-08 00:01:11,48108.0,48000,108.0
B1-direct-4,direct,architecture2_4th_run_logs.log,1,12,1,1085.7,2025-12-08 00:01:12,47106.0,47000,106.0
B1-direct-4,direct,architecture2_4th_run_logs.log,1,13,1,1110.5,2025-12-08 00:01:13,46103.0,46000,103.0
B1-direct-4,direct,architecture2_4th_run_logs.log,1,14,1,1138.4,2025-12-08 00:01:14,45101.0,45000,101.0
B1-direct-4,direct,architecture2_4th_run_logs.log,1,15,1,1162.7,2025-12-08 00:01:15,44099.0,44000,99.0
B1-direct-4,direct,architecture2_4th_run_logs.log,1,16,1,1179.2,2025-12-08 00:01:16,43097.0,43000,97.0
B1-direct-4,direct,architecture2_4th_run_logs.log,1,17,1,1200.0,2025-12-08 00:01:17,42094.0,42000,94.0
B1-direct-4,direct,architecture2_4th_run_logs.log,1,18,1,1217.7,2025-12-08 00:01:18,41091.0,41000,91.0
B1-direct-4,direct,architecture2_4th_run_logs.log,1,19,1,1231.6,2025-12-08 00:01:19,40090.0,40000,90.0
B1-direct-4,direct,architecture2_4th_run_logs.log,1,20,1,1241.7,2025-12-08 00:01:20,39088.0,39000,88.0
B1-direct-4,direct,architecture2_4th_run_logs.log,1,21,1,1244.7,2025-12-08 00:01:21,38087.0,38000,87.0
B1-direct-4,direct,architecture2_4th_run_logs.log,1,22,1,1240.0,2025-12-08 00:01:22,37085.0,37000,85.0
B1-direct-4,direct,architecture2_4th_run_logs.log,1,23,1,1247.0,2025-12-08 00:01:23,36083.0,36000,83.0
B1-direct-4,direct,architecture2_4th_run_logs.log,1,24,1,1251.8,2025-12-08 00:01:24,35080.0,35000,80.0
B1-direct-4,direct,architecture2_4th_run_logs.log,1,25,1,1247.7,2025-12-08 00:01:25,34078.0,34000,78.0
B1-direct-4,direct,architecture2_4th_run_logs.log,1,26,1,1245.2,2025-12-08 00:01:26,33077.0,33000,77.0
B1-direct-4,direct,architecture2_4th_run_logs.log,1,27,1,1251.2,2025-12-08 00:01:27,32074.0,32000,74.0
B1-direct-4,direct,architecture2_4th_run_logs.log,1,28,1,1250.8,2025-12-08 00:01:28,31073.0,31000,73.0
B1-direct-4,direct,architecture2_4th_run_logs.log,1,29,1,1253.0,2025-12-08 00:01:29,30070.0,30000,70.0
B1-direct-4,direct,architecture2_4th_run_logs.log,1,30,1,1248.4,2025-12-08 00:01:30,29068.0,29000,68.0
B1-direct-4,direct,architecture2_4th_run_logs.log,1,31,1,1245.4,2025-12-08 00:01:31,28067.0,28000,67.0
B1-direct-4,direct,architecture2_4th_run_logs.log,1,32,1,1245.5,2025-12-08 00:01:32,27065.0,27000,65.0
B1-direct-4,direct,architecture2_4th_run_logs.log,1,33,1,1246.1,2025-12-08 00:01:33,26063.0,26000,63.0
B1-direct-4,direct,architecture2_4th_run_logs.log,1,34,1,1248.1,2025-12-08 00:01:34,25061.0,25000,61.0
B1-direct-4,direct,architecture2_4th_run_logs.log,1,35,1,1249.2,2025-12-08 00:01:35,24058.0,24000,58.0
B1-direct-4,direct,architecture2_4th_run_logs.log,1,36,1,1250.9,2025-12-08 00:01:36,23055.0,23000,55.0
B1-direct-4,direct,architecture2_4th_run_logs.log,1,37,1,1243.0,2025-12-08 00:01:37,22053.0,22000,53.0
B1-direct-4,direct,architecture2_4th_run_logs.log,1,38,1,1243.8,2025-12-08 00:01:38,21051.0,21000,51.0
B1-direct-4,direct,architecture2_4th_run_logs.log,1,39,1,1248.7,2025-12-08 00:01:39,20050.0,20000,50.0
B1-direct-4,direct,architecture2_4th_run_logs.log,1,40,1,1249.9,2025-12-08 00:01:40,19049.0,19000,49.0
B1-direct-4,direct,architecture2_4th_run_logs.log,1,41,1,1249.9,2025-12-08 00:01:41,18048.0,18000,48.0
B1-direct-4,direct,architecture2_4th_run_logs.log,1,42,1,1255.7,2025-12-08 00:01:42,17046.0,17000,46.0
B1-direct-4,direct,architecture2_4th_run_logs.log,1,43,1,1259.2,2025-12-08 00:01:43,16044.0,16000,44.0
B1-direct-4,direct,architecture2_4th_run_logs.log,1,44,1,1257.6,2025-12-08 00:01:44,15041.0,15000,41.0
B1-direct-4,direct,architecture2_4th_run_logs.log,1,45,1,1266.0,2025-12-08 00:01:45,14038.0,14000,38.0
B1-direct-4,direct,architecture2_4th_run_logs.log,1,46,1,1267.9,2025-12-08 00:01:46,13036.0,13000,36.0
B1-direct-4,direct,architecture2_4th_run_logs.log,1,47,1,1266.5,2025-12-08 00:01:47,12034.0,12000,34.0
B1-direct-4,direct,architecture2_4th_run_logs.log,1,48,1,1269.9,2025-12-08 00:01:48,11032.0,11000,32.0
B1-direct-4,direct,architecture2_4th_run_logs.log,1,49,1,1267.9,2025-12-08 00:01:49,10030.0,10000,30.0
B1-direct-4,direct,architecture2_4th_run_logs.log,1,50,1,1269.7,2025-12-08 00:01:50,9029.0,9000,29.0
B1-direct-4,direct,architecture2_4th_run_logs.log,1,51,1,1274.2,2025-12-08 00:01:51,8027.0,8000,27.0
B1-direct-4,direct,architecture2_4th_run_logs.log,1,52,1,1274.1,2025-12-08 00:01:52,7026.0,7000,26.0
B1-direct-4,direct,architecture2_4th_run_logs.log,1,53,1,1271.6,2025-12-08 00:01:53,6024.0,6000,24.0
B1-direct-4,direct,architecture2_4th_run_logs.log,1,54,1,1274.6,2025-12-08 00:01:54,5021.0,5000,21.0
B1-direct-4,direct,architecture2_4th_run_logs.log,1,55,1,1273.1,2025-12-08 00:01:55,4019.0,4000,19.0
B1-direct-4,direct,architecture2_4th_run_logs.log,1,56,1,1273.5,2025-12-08 00:01:56,3018.0,3000,18.0
B1-direct-4,direct,architecture2_4th_run_logs.log,1,57,1,1279.1,2025-12-08 00:01:57,2016.0,2000,16.0
B1-direct-4,direct,architecture2_4th_run_logs.log,1,58,1,1277.1,2025-12-08 00:01:58,1014.0,1000,14.0
B1-direct-4,direct,architecture2_4th_run_logs.log,1,59,1,1297.1,2025-12-08 00:01:59,12.0,0,12.0
B1-direct-4,direct,architecture2_4th_run_logs.log,2,0,1,1279.1,2025-12-08 00:02:00,59116.0,59000,116.0
B1-direct-4,direct,architecture2_4th_run_logs.log,2,1,1,1272.2,2025-12-08 00:02:01,58115.0,58000,115.0
B1-direct-4,direct,architecture2_4th_run_logs.log,2,2,1,1270.8,2025-12-08 00:02:02,57114.0,57000,114.0
B1-direct-4,direct,architecture2_4th_run_logs.log,2,3,1,1271.8,2025-12-08 00:02:03,56113.0,56000,113.0
B1-direct-4,direct,architecture2_4th_run_logs.log,2,4,1,1271.3,2025-12-08 00:02:04,55112.0,55000,112.0
B1-direct-4,direct,architecture2_4th_run_logs.log,2,5,1,1270.7,2025-12-08 00:02:05,54111.0,54000,111.0
B1-direct-4,direct,architecture2_4th_run_logs.log,2,6,1,1272.9,2025-12-08 00:02:06,53109.0,53000,109.0
B1-direct-4,direct,architecture2_4th_run_logs.log,2,7,1,1276.5,2025-12-08 00:02:07,52106.0,52000,106.0
B1-direct-4,direct,architecture2_4th_run_logs.log,2,8,1,1268.7,2025-12-08 00:02:08,51104.0,51000,104.0
B1-direct-4,direct,architecture2_4th_run_logs.log,2,9,1,1267.4,2025-12-08 00:02:09,50102.0,50000,102.0
B1-direct-4,direct,architecture2_4th_run_logs.log,2,10,1,1270.3,2025-12-08 00:02:10,49100.0,49000,100.0
B1-direct-4,direct,architecture2_4th_run_logs.log,2,11,1,1266.6,2025-12-08 00:02:11,48099.0,48000,99.0
B1-direct-4,direct,architecture2_4th_run_logs.log,2,12,1,1271.5,2025-12-08 00:02:12,47097.0,47000,97.0
B1-direct-4,direct,architecture2_4th_run_logs.log,2,13,1,1267.8,2025-12-08 00:02:13,46096.0,46000,96.0
B1-direct-4,direct,architecture2_4th_run_logs.log,2,14,1,1268.8,2025-12-08 00:02:14,45094.0,45000,94.0
B1-direct-4,direct,architecture2_4th_run_logs.log,2,15,1,1288.2,2025-12-08 00:02:15,44093.0,44000,93.0
B1-direct-4,direct,architecture2_4th_run_logs.log,2,16,1,1267.6,2025-12-08 00:02:16,43091.0,43000,91.0
B1-direct-4,direct,architecture2_4th_run_logs.log,2,17,1,1271.8,2025-12-08 00:02:17,42089.0,42000,89.0
B1-direct-4,direct,architecture2_4th_run_logs.log,2,18,1,1272.5,2025-12-08 00:02:18,41087.0,41000,87.0
B1-direct-4,direct,architecture2_4th_run_logs.log,2,19,1,1277.3,2025-12-08 00:02:19,40086.0,40000,86.0
B1-direct-4,direct,architecture2_4th_run_logs.log,2,20,1,1277.5,2025-12-08 00:02:20,39084.0,39000,84.0
B1-direct-4,direct,architecture2_4th_run_logs.log,2,21,1,1280.7,2025-12-08 00:02:21,38082.0,38000,82.0
B1-direct-4,direct,architecture2_4th_run_logs.log,2,22,1,1274.7,2025-12-08 00:02:22,37081.0,37000,81.0
B1-direct-4,direct,architecture2_4th_run_logs.log,2,23,1,1274.9,2025-12-08 00:02:23,36079.0,36000,79.0
B1-direct-4,direct,architecture2_4th_run_logs.log,2,24,1,1278.8,2025-12-08 00:02:24,35077.0,35000,77.0
B1-direct-4,direct,architecture2_4th_run_logs.log,2,25,1,1271.3,2025-12-08 00:02:25,34075.0,34000,75.0
B1-direct-4,direct,architecture2_4th_run_logs.log,2,26,1,1271.4,2025-12-08 00:02:26,33074.0,33000,74.0
B1-direct-4,direct,architecture2_4th_run_logs.log,2,27,1,1276.4,2025-12-08 00:02:27,32071.0,32000,71.0
B1-direct-4,direct,architecture2_4th_run_logs.log,2,28,1,1275.2,2025-12-08 00:02:28,31069.0,31000,69.0
B1-direct-4,direct,architecture2_4th_run_logs.log,2,29,1,1276.9,2025-12-08 00:02:29,30067.0,30000,67.0
B1-direct-4,direct,architecture2_4th_run_logs.log,2,30,1,1274.4,2025-12-08 00:02:30,29065.0,29000,65.0
B1-direct-4,direct,architecture2_4th_run_logs.log,2,31,1,1268.6,2025-12-08 00:02:31,28063.0,28000,63.0
B1-direct-4,direct,architecture2_4th_run_logs.log,2,32,1,1269.6,2025-12-08 00:02:32,27062.0,27000,62.0
B1-direct-4,direct,architecture2_4th_run_logs.log,2,33,1,1274.0,2025-12-08 00:02:33,26060.0,26000,60.0
B1-direct-4,direct,architecture2_4th_run_logs.log,2,34,1,1270.5,2025-12-08 00:02:34,25058.0,25000,58.0
B1-direct-4,direct,architecture2_4th_run_logs.log,2,35,1,1271.8,2025-12-08 00:02:35,24056.0,24000,56.0
B1-direct-4,direct,architecture2_4th_run_logs.log,2,36,1,1270.9,2025-12-08 00:02:36,23054.0,23000,54.0
B1-direct-4,direct,architecture2_4th_run_logs.log,2,37,1,1269.2,2025-12-08 00:02:37,22052.0,22000,52.0
B1-direct-4,direct,architecture2_4th_run_logs.log,2,38,1,1271.1,2025-12-08 00:02:38,21051.0,21000,51.0
B1-direct-4,direct,architecture2_4th_run_logs.log,2,39,1,1273.3,2025-12-08 00:02:39,20048.0,20000,48.0
B1-direct-4,direct,architecture2_4th_run_logs.log,2,40,1,1272.9,2025-12-08 00:02:40,19047.0,19000,47.0
B1-direct-4,direct,architecture2_4th_run_logs.log,2,41,1,1277.5,2025-12-08 00:02:41,18045.0,18000,45.0
B1-direct-4,direct,architecture2_4th_run_logs.log,2,42,1,1269.7,2025-12-08 00:02:42,17044.0,17000,44.0
B1-direct-4,direct,architecture2_4th_run_logs.log,2,43,1,1266.1,2025-12-08 00:02:43,16041.0,16000,41.0
B1-direct-4,direct,architecture2_4th_run_logs.log,2,44,1,1271.0,2025-12-08 00:02:44,15039.0,15000,39.0
B1-direct-4,direct,architecture2_4th_run_logs.log,2,45,1,1269.3,2025-12-08 00:02:45,14038.0,14000,38.0
B1-direct-4,direct,architecture2_4th_run_logs.log,2,46,1,1272.8,2025-12-08 00:02:46,13035.0,13000,35.0
B1-direct-4,direct,architecture2_4th_run_logs.log,2,47,1,1274.3,2025-12-08 00:02:47,12033.0,12000,33.0
B1-direct-4,direct,architecture2_4th_run_logs.log,2,48,1,1269.5,2025-12-08 00:02:48,11032.0,11000,32.0
B1-direct-4,direct,architecture2_4th_run_logs.log,2,49,1,1268.6,2025-12-08 00:02:49,10030.0,10000,30.0
B1-direct-4,direct,architecture2_4th_run_logs.log,2,50,1,1269.2,2025-12-08 00:02:50,9028.0,9000,28.0
B1-direct-4,direct,architecture2_4th_run_logs.log,2,51,1,1272.9,2025-12-08 00:02:51,8027.0,8000,27.0
B1-direct-4,direct,architecture2_4th_run_logs.log,2,52,1,1269.6,2025-12-08 00:02:52,7025.0,7000,25.0
B1-direct-4,direct,architecture2_4th_run_logs.log,2,53,1,1269.1,2025-12-08 00:02:53,6022.0,6000,22.0
B1-direct-4,direct,architecture2_4th_run_logs.log,2,54,1,1265.1,2025-12-08 00:02:54,5020.0,5000,20.0
B1-direct-4,direct,architecture2_4th_run_logs.log,2,55,1,1269.0,2025-12-08 00:02:55,4019.0,4000,19.0
B1-direct-4,direct,architecture2_4th_run_logs.log,2,56,1,1269.0,2025-12-08 00:02:56,3018.0,3000,18.0
B1-direct-4,direct,architecture2_4th_run_logs.log,2,57,1,1273.6,2025-12-08 00:02:57,2016.0,2000,16.0
B1-direct-4,direct,architecture2_4th_run_logs.log,2,58,1,1269.1,2025-12-08 00:02:58,1014.0,1000,14.0
B1-direct-4,direct,architecture2_4th_run_logs.log,2,59,1,1277.4,2025-12-08 00:02:59,12.0,0,12.0
B1-direct-4,direct,architecture2_4th_run_logs.log,3,0,1,1271.2,2025-12-08 00:03:00,59114.0,59000,114.0
B1-direct-4,direct,architecture2_4th_run_logs.log,3,1,1,1273.9,2025-12-08 00:03:01,58113.0,58000,113.0
B1-direct-4,direct,architecture2_4th_run_logs.log,3,2,1,1271.9,2025-12-08 00:03:02,57113.0,57000,113.0
B1-direct-4,direct,architecture2_4th_run_logs.log,3,3,1,1269.8,2025-12-08 00:03:03,56112.0,56000,112.0
B1-direct-4,direct,architecture2_4th_run_logs.log,3,4,1,1285.8,2025-12-08 00:03:04,55111.0,55000,111.0
B1-direct-4,direct,architecture2_4th_run_logs.log,3,5,1,1270.1,2025-12-08 00:03:05,54109.0,54000,109.0
B1-direct-4,direct,architecture2_4th_run_logs.log,3,6,1,1291.2,2025-12-08 00:03:06,53108.0,53000,108.0
B1-direct-4,direct,architecture2_4th_run_logs.log,3,7,1,1266.4,2025-12-08 00:03:07,52106.0,52000,106.0
B1-direct-4,direct,architecture2_4th_run_logs.log,3,8,1,1264.3,2025-12-08 00:03:08,51104.0,51000,104.0
B1-direct-4,direct,architecture2_4th_run_logs.log,3,9,1,1275.5,2025-12-08 00:03:09,50102.0,50000,102.0
B1-direct-4,direct,architecture2_4th_run_logs.log,3,10,1,1272.3,2025-12-08 00:03:10,49101.0,49000,101.0
B1-direct-4,direct,architecture2_4th_run_logs.log,3,11,1,1268.3,2025-12-08 00:03:11,48099.0,48000,99.0
B1-direct-4,direct,architecture2_4th_run_logs.log,3,12,1,1271.6,2025-12-08 00:03:12,47097.0,47000,97.0
B1-direct-4,direct,architecture2_4th_run_logs.log,3,13,1,1267.8,2025-12-08 00:03:13,46095.0,46000,95.0
B1-direct-4,direct,architecture2_4th_run_logs.log,3,14,1,1269.1,2025-12-08 00:03:14,45093.0,45000,93.0
B1-direct-4,direct,architecture2_4th_run_logs.log,3,15,1,1279.5,2025-12-08 00:03:15,44092.0,44000,92.0
B1-direct-4,direct,architecture2_4th_run_logs.log,3,16,1,1265.1,2025-12-08 00:03:16,43088.0,43000,88.0
B1-direct-4,direct,architecture2_4th_run_logs.log,3,17,1,1267.3,2025-12-08 00:03:17,42086.0,42000,86.0
B1-direct-4,direct,architecture2_4th_run_logs.log,3,18,1,1271.7,2025-12-08 00:03:18,41084.0,41000,84.0
B1-direct-4,direct,architecture2_4th_run_logs.log,3,19,1,1273.7,2025-12-08 00:03:19,40082.0,40000,82.0
B1-direct-4,direct,architecture2_4th_run_logs.log,3,20,1,1271.5,2025-12-08 00:03:20,39080.0,39000,80.0
B1-direct-4,direct,architecture2_4th_run_logs.log,3,21,1,1275.9,2025-12-08 00:03:21,38078.0,38000,78.0
B1-direct-4,direct,architecture2_4th_run_logs.log,3,22,1,1274.3,2025-12-08 00:03:22,37076.0,37000,76.0
B1-direct-4,direct,architecture2_4th_run_logs.log,3,23,1,1280.4,2025-12-08 00:03:23,36075.0,36000,75.0
B1-direct-4,direct,architecture2_4th_run_logs.log,3,24,1,1283.8,2025-12-08 00:03:24,35073.0,35000,73.0
B1-direct-4,direct,architecture2_4th_run_logs.log,3,25,1,1263.9,2025-12-08 00:03:25,34071.0,34000,71.0
B1-direct-4,direct,architecture2_4th_run_logs.log,3,26,1,1270.2,2025-12-08 00:03:26,33069.0,33000,69.0
B1-direct-4,direct,architecture2_4th_run_logs.log,3,27,1,1307.2,2025-12-08 00:03:27,32067.0,32000,67.0
B1-direct-4,direct,architecture2_4th_run_logs.log,3,28,1,1400.8,2025-12-08 00:03:28,31066.0,31000,66.0
B1-direct-4,direct,architecture2_4th_run_logs.log,3,29,1,1377.4,2025-12-08 00:03:29,30066.0,30000,66.0
B1-direct-4,direct,architecture2_4th_run_logs.log,3,30,1,1377.1,2025-12-08 00:03:30,29064.0,29000,64.0
B1-direct-4,direct,architecture2_4th_run_logs.log,3,31,1,1377.2,2025-12-08 00:03:31,28063.0,28000,63.0
B1-direct-4,direct,architecture2_4th_run_logs.log,3,32,1,1377.5,2025-12-08 00:03:32,27061.0,27000,61.0
B1-direct-4,direct,architecture2_4th_run_logs.log,3,33,1,1380.9,2025-12-08 00:03:33,26059.0,26000,59.0
B1-direct-4,direct,architecture2_4th_run_logs.log,3,34,1,1385.2,2025-12-08 00:03:34,25057.0,25000,57.0
B1-direct-4,direct,architecture2_4th_run_logs.log,3,35,1,1390.8,2025-12-08 00:03:35,24055.0,24000,55.0
B1-direct-4,direct,architecture2_4th_run_logs.log,3,36,1,1366.7,2025-12-08 00:03:36,23053.0,23000,53.0
B1-direct-4,direct,architecture2_4th_run_logs.log,3,37,1,1379.2,2025-12-08 00:03:37,22052.0,22000,52.0
B1-direct-4,direct,architecture2_4th_run_logs.log,3,38,1,1378.3,2025-12-08 00:03:38,21050.0,21000,50.0
B1-direct-4,direct,architecture2_4th_run_logs.log,3,39,1,1380.6,2025-12-08 00:03:39,20048.0,20000,48.0
B1-direct-4,direct,architecture2_4th_run_logs.log,3,40,1,1381.1,2025-12-08 00:03:40,19047.0,19000,47.0
B1-direct-4,direct,architecture2_4th_run_logs.log,3,41,1,1374.5,2025-12-08 00:03:41,18045.0,18000,45.0
B1-direct-4,direct,architecture2_4th_run_logs.log,3,42,1,1382.2,2025-12-08 00:03:42,17043.0,17000,43.0
B1-direct-4,direct,architecture2_4th_run_logs.log,3,43,1,1373.4,2025-12-08 00:03:43,16040.0,16000,40.0
B1-direct-4,direct,architecture2_4th_run_logs.log,3,44,1,1379.1,2025-12-08 00:03:44,15039.0,15000,39.0
B1-direct-4,direct,architecture2_4th_run_logs.log,3,45,1,1376.6,2025-12-08 00:03:45,14037.0,14000,37.0
B1-direct-4,direct,architecture2_4th_run_logs.log,3,46,1,1376.0,2025-12-08 00:03:46,13036.0,13000,36.0
B1-direct-4,direct,architecture2_4th_run_logs.log,3,47,1,1375.1,2025-12-08 00:03:47,12034.0,12000,34.0
B1-direct-4,direct,architecture2_4th_run_logs.log,3,48,1,1376.3,2025-12-08 00:03:48,11032.0,11000,32.0
B1-direct-4,direct,architecture2_4th_run_logs.log,3,49,1,1374.8,2025-12-08 00:03:49,10031.0,10000,31.0
B1-direct-4,direct,architecture2_4th_run_logs.log,3,50,1,1374.6,2025-12-08 00:03:50,9028.0,9000,28.0
B1-direct-4,direct,architecture2_4th_run_logs.log,3,51,1,1377.9,2025-12-08 00:03:51,8026.0,8000,26.0
B1-direct-4,direct,architecture2_4th_run_logs.log,3,52,1,1382.4,2025-12-08 00:03:52,7024.0,7000,24.0
B1-direct-4,direct,architecture2_4th_run_logs.log,3,53,1,1386.4,2025-12-08 00:03:53,6022.0,6000,22.0
B1-direct-4,direct,architecture2_4th_run_logs.log,3,54,1,1383.3,2025-12-08 00:03:54,5021.0,5000,21.0
B1-direct-4,direct,architecture2_4th_run_logs.log,3,55,1,1376.1,2025-12-08 00:03:55,4019.0,4000,19.0
B1-direct-4,direct,architecture2_4th_run_logs.log,3,56,1,1405.4,2025-12-08 00:03:56,3018.0,3000,18.0
B1-direct-4,direct,architecture2_4th_run_logs.log,3,57,1,1447.6,2025-12-08 00:03:57,2016.0,2000,16.0
B1-direct-4,direct,architecture2_4th_run_logs.log,3,58,1,1438.7,2025-12-08 00:03:58,1015.0,1000,15.0
B1-direct-4,direct,architecture2_4th_run_logs.log,3,59,1,1437.0,2025-12-08 00:03:59,12.0,0,12.0
B1-direct-4,direct,architecture2_4th_run_logs.log,4,0,1,1447.4,2025-12-08 00:04:00,59113.0,59000,113.0
B1-direct-4,direct,architecture2_4th_run_logs.log,4,1,1,1447.4,2025-12-08 00:04:01,58112.0,58000,112.0
B1-direct-4,direct,architecture2_4th_run_logs.log,4,2,1,1437.7,2025-12-08 00:04:02,57111.0,57000,111.0
B1-direct-4,direct,architecture2_4th_run_logs.log,4,3,1,1439.2,2025-12-08 00:04:03,56110.0,56000,110.0
B1-direct-4,direct,architecture2_4th_run_logs.log,4,4,1,1441.2,2025-12-08 00:04:04,55109.0,55000,109.0
B1-direct-4,direct,architecture2_4th_run_logs.log,4,5,1,1443.6,2025-12-08 00:04:05,54107.0,54000,107.0
B1-direct-4,direct,architecture2_4th_run_logs.log,4,6,1,1451.0,2025-12-08 00:04:06,53105.0,53000,105.0
B1-direct-4,direct,architecture2_4th_run_logs.log,4,7,1,1440.2,2025-12-08 00:04:07,52103.0,52000,103.0
B1-direct-4,direct,architecture2_4th_run_logs.log,4,8,1,1446.8,2025-12-08 00:04:08,51102.0,51000,102.0
B1-direct-4,direct,architecture2_4th_run_logs.log,4,9,1,1444.9,2025-12-08 00:04:09,50100.0,50000,100.0
B1-direct-4,direct,architecture2_4th_run_logs.log,4,10,1,1443.8,2025-12-08 00:04:10,49098.0,49000,98.0
B1-direct-4,direct,architecture2_4th_run_logs.log,4,11,1,1441.1,2025-12-08 00:04:11,48096.0,48000,96.0
B1-direct-4,direct,architecture2_4th_run_logs.log,4,12,1,1447.9,2025-12-08 00:04:12,47094.0,47000,94.0
B1-direct-4,direct,architecture2_4th_run_logs.log,4,13,1,1434.4,2025-12-08 00:04:13,46091.0,46000,91.0
B1-direct-4,direct,architecture2_4th_run_logs.log,4,14,1,1432.2,2025-12-08 00:04:14,45090.0,45000,90.0
B1-direct-4,direct,architecture2_4th_run_logs.log,4,15,1,1442.3,2025-12-08 00:04:15,44087.0,44000,87.0
B1-direct-4,direct,architecture2_4th_run_logs.log,4,16,1,1448.0,2025-12-08 00:04:16,43085.0,43000,85.0
B1-direct-4,direct,architecture2_4th_run_logs.log,4,17,1,1439.5,2025-12-08 00:04:17,42083.0,42000,83.0
B1-direct-4,direct,architecture2_4th_run_logs.log,4,18,1,1438.1,2025-12-08 00:04:18,41081.0,41000,81.0
B1-direct-4,direct,architecture2_4th_run_logs.log,4,19,1,1444.6,2025-12-08 00:04:19,40080.0,40000,80.0
B1-direct-4,direct,architecture2_4th_run_logs.log,4,20,1,1446.1,2025-12-08 00:04:20,39078.0,39000,78.0
B1-direct-4,direct,architecture2_4th_run_logs.log,4,21,1,1445.6,2025-12-08 00:04:21,38076.0,38000,76.0
B1-direct-4,direct,architecture2_4th_run_logs.log,4,22,1,1448.8,2025-12-08 00:04:22,37074.0,37000,74.0
B1-direct-4,direct,architecture2_4th_run_logs.log,4,23,1,1433.7,2025-12-08 00:04:23,36073.0,36000,73.0
B1-direct-4,direct,architecture2_4th_run_logs.log,4,24,1,1436.8,2025-12-08 00:04:24,35070.0,35000,70.0
B1-direct-4,direct,architecture2_4th_run_logs.log,4,25,1,1446.8,2025-12-08 00:04:25,34069.0,34000,69.0
B1-direct-4,direct,architecture2_4th_run_logs.log,4,26,1,1440.7,2025-12-08 00:04:26,33067.0,33000,67.0
B1-direct-4,direct,architecture2_4th_run_logs.log,4,27,1,1445.4,2025-12-08 00:04:27,32066.0,32000,66.0
B1-direct-4,direct,architecture2_4th_run_logs.log,4,28,1,1446.4,2025-12-08 00:04:28,31064.0,31000,64.0
B1-direct-4,direct,architecture2_4th_run_logs.log,4,29,1,1455.5,2025-12-08 00:04:29,30063.0,30000,63.0
B1-direct-4,direct,architecture2_4th_run_logs.log,4,30,1,1439.8,2025-12-08 00:04:30,29061.0,29000,61.0
B1-direct-4,direct,architecture2_4th_run_logs.log,4,31,1,1435.1,2025-12-08 00:04:31,28059.0,28000,59.0
B1-direct-4,direct,architecture2_4th_run_logs.log,4,32,1,1450.0,2025-12-08 00:04:32,27057.0,27000,57.0
B1-direct-4,direct,architecture2_4th_run_logs.log,4,33,1,1436.3,2025-12-08 00:04:33,26055.0,26000,55.0
B1-direct-4,direct,architecture2_4th_run_logs.log,4,34,1,1436.4,2025-12-08 00:04:34,25054.0,25000,54.0
B1-direct-4,direct,architecture2_4th_run_logs.log,4,35,1,1430.8,2025-12-08 00:04:35,24052.0,24000,52.0
B1-direct-4,direct,architecture2_4th_run_logs.log,4,36,1,1453.1,2025-12-08 00:04:36,23050.0,23000,50.0
B1-direct-4,direct,architecture2_4th_run_logs.log,4,37,1,1519.4,2025-12-08 00:04:37,22048.0,22000,48.0
B1-direct-4,direct,architecture2_4th_run_logs.log,4,38,1,1517.6,2025-12-08 00:04:38,21047.0,21000,47.0
B1-direct-4,direct,architecture2_4th_run_logs.log,4,39,1,1517.7,2025-12-08 00:04:39,20045.0,20000,45.0
B1-direct-4,direct,architecture2_4th_run_logs.log,4,40,1,1519.5,2025-12-08 00:04:40,19042.0,19000,42.0
B1-direct-4,direct,architecture2_4th_run_logs.log,4,41,1,1525.4,2025-12-08 00:04:41,18041.0,18000,41.0
B1-direct-4,direct,architecture2_4th_run_logs.log,4,42,1,1522.1,2025-12-08 00:04:42,17039.0,17000,39.0
B1-direct-4,direct,architecture2_4th_run_logs.log,4,43,1,1521.4,2025-12-08 00:04:43,16037.0,16000,37.0
B1-direct-4,direct,architecture2_4th_run_logs.log,4,44,1,1523.2,2025-12-08 00:04:44,15035.0,15000,35.0
B1-direct-4,direct,architecture2_4th_run_logs.log,4,45,1,1525.5,2025-12-08 00:04:45,14034.0,14000,34.0
B1-direct-4,direct,architecture2_4th_run_logs.log,4,46,1,1525.0,2025-12-08 00:04:46,13032.0,13000,32.0
B1-direct-4,direct,architecture2_4th_run_logs.log,4,47,1,1523.2,2025-12-08 00:04:47,12031.0,12000,31.0
B1-direct-4,direct,architecture2_4th_run_logs.log,4,48,1,1525.8,2025-12-08 00:04:48,11030.0,11000,30.0
B1-direct-4,direct,architecture2_4th_run_logs.log,4,49,1,1522.6,2025-12-08 00:04:49,10028.0,10000,28.0
B1-direct-4,direct,architecture2_4th_run_logs.log,4,50,1,1529.2,2025-12-08 00:04:50,9026.0,9000,26.0
B1-direct-4,direct,architecture2_4th_run_logs.log,4,51,1,1529.3,2025-12-08 00:04:51,8025.0,8000,25.0
B1-direct-4,direct,architecture2_4th_run_logs.log,4,52,1,1528.0,2025-12-08 00:04:52,7023.0,7000,23.0
B1-direct-4,direct,architecture2_4th_run_logs.log,4,53,1,1520.6,2025-12-08 00:04:53,6022.0,6000,22.0
B1-direct-4,direct,architecture2_4th_run_logs.log,4,54,1,1516.6,2025-12-08 00:04:54,5021.0,5000,21.0
B1-direct-4,direct,architecture2_4th_run_logs.log,4,55,1,1515.9,2025-12-08 00:04:55,4020.0,4000,20.0
B1-direct-4,direct,architecture2_4th_run_logs.log,4,56,1,1516.2,2025-12-08 00:04:56,3018.0,3000,18.0
B1-direct-4,direct,architecture2_4th_run_logs.log,4,57,1,1523.6,2025-12-08 00:04:57,2016.0,2000,16.0
B1-direct-4,direct,architecture2_4th_run_logs.log,4,58,1,1520.8,2025-12-08 00:04:58,1014.0,1000,14.0
B1-direct-4,direct,architecture2_4th_run_logs.log,4,59,1,1518.0,2025-12-08 00:04:59,12.0,0,12.0
B1-direct-4,direct,architecture2_4th_run_logs.log,5,0,1,1519.6,2025-12-08 00:05:00,59109.0,59000,109.0
B1-direct-4,direct,architecture2_4th_run_logs.log,5,1,1,1523.3,2025-12-08 00:05:01,58108.0,58000,108.0
B1-direct-4,direct,architecture2_4th_run_logs.log,5,2,1,1518.2,2025-12-08 00:05:02,57108.0,57000,108.0
B1-direct-4,direct,architecture2_4th_run_logs.log,5,3,1,1520.7,2025-12-08 00:05:03,56107.0,56000,107.0
B1-direct-4,direct,architecture2_4th_run_logs.log,5,4,1,1521.0,2025-12-08 00:05:04,55106.0,55000,106.0
B1-direct-4,direct,architecture2_4th_run_logs.log,5,5,1,1519.3,2025-12-08 00:05:05,54104.0,54000,104.0
B1-direct-4,direct,architecture2_4th_run_logs.log,5,6,1,1525.3,2025-12-08 00:05:06,53103.0,53000,103.0
B1-direct-4,direct,architecture2_4th_run_logs.log,5,7,1,1533.0,2025-12-08 00:05:07,52100.0,52000,100.0
B1-direct-4,direct,architecture2_4th_run_logs.log,5,8,1,1517.4,2025-12-08 00:05:08,51098.0,51000,98.0
B1-direct-4,direct,architecture2_4th_run_logs.log,5,9,1,1526.6,2025-12-08 00:05:09,50097.0,50000,97.0
B1-direct-4,direct,architecture2_4th_run_logs.log,5,10,1,1537.7,2025-12-08 00:05:10,49095.0,49000,95.0
B1-direct-4,direct,architecture2_4th_run_logs.log,5,11,1,1518.0,2025-12-08 00:05:11,48093.0,48000,93.0
B1-direct-4,direct,architecture2_4th_run_logs.log,5,12,1,1518.7,2025-12-08 00:05:12,47092.0,47000,92.0
B1-direct-4,direct,architecture2_4th_run_logs.log,5,13,1,1518.7,2025-12-08 00:05:13,46090.0,46000,90.0
B1-direct-4,direct,architecture2_4th_run_logs.log,5,14,1,1519.6,2025-12-08 00:05:14,45088.0,45000,88.0
B1-direct-4,direct,architecture2_4th_run_logs.log,5,15,1,1524.2,2025-12-08 00:05:15,44086.0,44000,86.0
B1-direct-4,direct,architecture2_4th_run_logs.log,5,16,1,1526.9,2025-12-08 00:05:16,43085.0,43000,85.0
B1-direct-4,direct,architecture2_4th_run_logs.log,5,17,1,1526.4,2025-12-08 00:05:17,42083.0,42000,83.0
B1-direct-4,direct,architecture2_4th_run_logs.log,5,18,1,1521.5,2025-12-08 00:05:18,41081.0,41000,81.0
B1-direct-4,direct,architecture2_4th_run_logs.log,5,19,1,1528.6,2025-12-08 00:05:19,40080.0,40000,80.0
B1-direct-4,direct,architecture2_4th_run_logs.log,5,20,1,1528.6,2025-12-08 00:05:20,39079.0,39000,79.0
B1-direct-4,direct,architecture2_4th_run_logs.log,5,21,1,1529.4,2025-12-08 00:05:21,38077.0,38000,77.0
B1-direct-4,direct,architecture2_4th_run_logs.log,5,22,1,1526.4,2025-12-08 00:05:22,37075.0,37000,75.0
B1-direct-4,direct,architecture2_4th_run_logs.log,5,23,1,1522.6,2025-12-08 00:05:23,36073.0,36000,73.0
B1-direct-4,direct,architecture2_4th_run_logs.log,5,24,1,1523.5,2025-12-08 00:05:24,35071.0,35000,71.0
B1-direct-4,direct,architecture2_4th_run_logs.log,5,25,1,1521.9,2025-12-08 00:05:25,34070.0,34000,70.0
B1-direct-4,direct,architecture2_4th_run_logs.log,5,26,1,1586.5,2025-12-08 00:05:26,33068.0,33000,68.0
B1-direct-4,direct,architecture2_4th_run_logs.log,5,27,1,1641.7,2025-12-08 00:05:27,32066.0,32000,66.0
B1-direct-4,direct,architecture2_4th_run_logs.log,5,28,1,1661.5,2025-12-08 00:05:28,31065.0,31000,65.0
B1-direct-4,direct,architecture2_4th_run_logs.log,5,29,1,1650.5,2025-12-08 00:05:29,30063.0,30000,63.0
B1-direct-4,direct,architecture2_4th_run_logs.log,5,30,1,1658.5,2025-12-08 00:05:30,29062.0,29000,62.0
B1-direct-4,direct,architecture2_4th_run_logs.log,5,31,1,1678.8,2025-12-08 00:05:31,28060.0,28000,60.0
B1-direct-4,direct,architecture2_4th_run_logs.log,5,32,1,1661.6,2025-12-08 00:05:32,27058.0,27000,58.0
B1-direct-4,direct,architecture2_4th_run_logs.log,5,33,1,1675.6,2025-12-08 00:05:33,26057.0,26000,57.0
B1-direct-4,direct,architecture2_4th_run_logs.log,5,34,1,1655.6,2025-12-08 00:05:34,25056.0,25000,56.0
B1-direct-4,direct,architecture2_4th_run_logs.log,5,35,1,1658.7,2025-12-08 00:05:35,24055.0,24000,55.0
B1-direct-4,direct,architecture2_4th_run_logs.log,5,36,1,1659.3,2025-12-08 00:05:36,23053.0,23000,53.0
B1-direct-4,direct,architecture2_4th_run_logs.log,5,37,1,1659.2,2025-12-08 00:05:37,22051.0,22000,51.0
B1-direct-4,direct,architecture2_4th_run_logs.log,5,38,1,1654.4,2025-12-08 00:05:38,21049.0,21000,49.0
B1-direct-4,direct,architecture2_4th_run_logs.log,5,39,1,1657.6,2025-12-08 00:05:39,20047.0,20000,47.0
B1-direct-4,direct,architecture2_4th_run_logs.log,5,40,1,1660.4,2025-12-08 00:05:40,19045.0,19000,45.0
B1-direct-4,direct,architecture2_4th_run_logs.log,5,41,1,1658.5,2025-12-08 00:05:41,18043.0,18000,43.0
B1-direct-4,direct,architecture2_4th_run_logs.log,5,42,1,1658.1,2025-12-08 00:05:42,17042.0,17000,42.0
B1-direct-4,direct,architecture2_4th_run_logs.log,5,43,1,1660.9,2025-12-08 00:05:43,16040.0,16000,40.0
B1-direct-4,direct,architecture2_4th_run_logs.log,5,44,1,1656.0,2025-12-08 00:05:44,15039.0,15000,39.0
B1-direct-4,direct,architecture2_4th_run_logs.log,5,45,1,1658.1,2025-12-08 00:05:45,14037.0,14000,37.0
B1-direct-4,direct,architecture2_4th_run_logs.log,5,46,1,1664.1,2025-12-08 00:05:46,13034.0,13000,34.0
B1-direct-4,direct,architecture2_4th_run_logs.log,5,47,1,1653.0,2025-12-08 00:05:47,12032.0,12000,32.0
B1-direct-4,direct,architecture2_4th_run_logs.log,5,48,1,1659.9,2025-12-08 00:05:48,11030.0,11000,30.0
B1-direct-4,direct,architecture2_4th_run_logs.log,5,49,1,1659.2,2025-12-08 00:05:49,10028.0,10000,28.0
B1-direct-4,direct,architecture2_4th_run_logs.log,5,50,1,1661.0,2025-12-08 00:05:50,9027.0,9000,27.0
B1-direct-4,direct,architecture2_4th_run_logs.log,5,51,1,1658.9,2025-12-08 00:05:51,8025.0,8000,25.0
B1-direct-4,direct,architecture2_4th_run_logs.log,5,52,1,1658.9,2025-12-08 00:05:52,7024.0,7000,24.0
B1-direct-4,direct,architecture2_4th_run_logs.log,5,53,1,1656.0,2025-12-08 00:05:53,6022.0,6000,22.0
B1-direct-4,direct,architecture2_4th_run_logs.log,5,54,1,1661.9,2025-12-08 00:05:54,5021.0,5000,21.0
B1-direct-4,direct,architecture2_4th_run_logs.log,5,55,1,1656.5,2025-12-08 00:05:55,4019.0,4000,19.0
B1-direct-4,direct,architecture2_4th_run_logs.log,5,56,1,1656.9,2025-12-08 00:05:56,3017.0,3000,17.0
B1-direct-4,direct,architecture2_4th_run_logs.log,5,57,1,1662.3,2025-12-08 00:05:57,2016.0,2000,16.0
B1-direct-4,direct,architecture2_4th_run_logs.log,5,58,1,1659.5,2025-12-08 00:05:58,1015.0,1000,15.0
B1-direct-4,direct,architecture2_4th_run_logs.log,5,59,1,1656.2,2025-12-08 00:05:59,12.0,0,12.0
B1-direct-4,direct,architecture2_4th_run_logs.log,6,0,1,1665.2,2025-12-08 00:06:00,59114.0,59000,114.0
B1-direct-4,direct,architecture2_4th_run_logs.log,6,1,1,1662.2,2025-12-08 00:06:01,58113.0,58000,113.0
B1-direct-4,direct,architecture2_4th_run_logs.log,6,2,1,1665.4,2025-12-08 00:06:02,57112.0,57000,112.0
B1-direct-4,direct,architecture2_4th_run_logs.log,6,3,1,1661.2,2025-12-08 00:06:03,56111.0,56000,111.0
B1-direct-4,direct,architecture2_4th_run_logs.log,6,4,1,1657.8,2025-12-08 00:06:04,55110.0,55000,110.0
B1-direct-4,direct,architecture2_4th_run_logs.log,6,5,1,1660.2,2025-12-08 00:06:05,54109.0,54000,109.0
B1-direct-4,direct,architecture2_4th_run_logs.log,6,6,1,1660.8,2025-12-08 00:06:06,53107.0,53000,107.0
B1-direct-4,direct,architecture2_4th_run_logs.log,6,7,1,1662.0,2025-12-08 00:06:07,52105.0,52000,105.0
B1-direct-4,direct,architecture2_4th_run_logs.log,6,8,1,1657.4,2025-12-08 00:06:08,51104.0,51000,104.0
B1-direct-4,direct,architecture2_4th_run_logs.log,6,9,1,1667.2,2025-12-08 00:06:09,50102.0,50000,102.0
B1-direct-4,direct,architecture2_4th_run_logs.log,6,10,1,1669.9,2025-12-08 00:06:10,49100.0,49000,100.0
B1-direct-4,direct,architecture2_4th_run_logs.log,6,11,1,1659.0,2025-12-08 00:06:11,48098.0,48000,98.0
B1-direct-4,direct,architecture2_4th_run_logs.log,6,12,1,1677.0,2025-12-08 00:06:12,47078.0,47000,78.0
B1-direct-4,direct,architecture2_4th_run_logs.log,6,13,1,1662.9,2025-12-08 00:06:13,46076.0,46000,76.0
B1-direct-4,direct,architecture2_4th_run_logs.log,6,14,1,1659.6,2025-12-08 00:06:14,45075.0,45000,75.0
B1-direct-4,direct,architecture2_4th_run_logs.log,6,15,1,1661.2,2025-12-08 00:06:15,44073.0,44000,73.0
B1-direct-4,direct,architecture2_4th_run_logs.log,6,16,1,1656.5,2025-12-08 00:06:16,43072.0,43000,72.0
B1-direct-4,direct,architecture2_4th_run_logs.log,6,17,1,1657.6,2025-12-08 00:06:17,42070.0,42000,70.0
B1-direct-4,direct,architecture2_4th_run_logs.log,6,18,1,1676.1,2025-12-08 00:06:18,41068.0,41000,68.0
B1-direct-4,direct,architecture2_4th_run_logs.log,6,19,1,1667.9,2025-12-08 00:06:19,40067.0,40000,67.0
B1-direct-4,direct,architecture2_4th_run_logs.log,6,20,1,1663.4,2025-12-08 00:06:20,39065.0,39000,65.0
B1-direct-4,direct,architecture2_4th_run_logs.log,6,21,1,1660.5,2025-12-08 00:06:21,38064.0,38000,64.0
B1-direct-4,direct,architecture2_4th_run_logs.log,6,22,1,1662.1,2025-12-08 00:06:22,37062.0,37000,62.0
B1-direct-4,direct,architecture2_4th_run_logs.log,6,23,1,1662.5,2025-12-08 00:06:23,36061.0,36000,61.0
B1-direct-4,direct,architecture2_4th_run_logs.log,6,24,1,1661.6,2025-12-08 00:06:24,35060.0,35000,60.0
B1-direct-4,direct,architecture2_4th_run_logs.log,6,25,1,1660.0,2025-12-08 00:06:25,34059.0,34000,59.0
B1-direct-4,direct,architecture2_4th_run_logs.log,6,26,1,1669.5,2025-12-08 00:06:26,33057.0,33000,57.0
B1-direct-4,direct,architecture2_4th_run_logs.log,6,27,1,1659.9,2025-12-08 00:06:27,32056.0,32000,56.0
B1-direct-4,direct,architecture2_4th_run_logs.log,6,28,1,1663.0,2025-12-08 00:06:28,31055.0,31000,55.0
B1-direct-4,direct,architecture2_4th_run_logs.log,6,29,1,1657.2,2025-12-08 00:06:29,30054.0,30000,54.0
B1-direct-4,direct,architecture2_4th_run_logs.log,6,30,1,1660.4,2025-12-08 00:06:30,29052.0,29000,52.0
B1-direct-4,direct,architecture2_4th_run_logs.log,6,31,1,1660.3,2025-12-08 00:06:31,28051.0,28000,51.0
B1-direct-4,direct,architecture2_4th_run_logs.log,6,32,1,1670.6,2025-12-08 00:06:32,27049.0,27000,49.0
B1-direct-4,direct,architecture2_4th_run_logs.log,6,33,1,1662.7,2025-12-08 00:06:33,26048.0,26000,48.0
B1-direct-4,direct,architecture2_4th_run_logs.log,6,34,1,1660.2,2025-12-08 00:06:34,25046.0,25000,46.0
B1-direct-4,direct,architecture2_4th_run_logs.log,6,35,1,1658.2,2025-12-08 00:06:35,24044.0,24000,44.0
B1-direct-4,direct,architecture2_4th_run_logs.log,6,36,1,1658.5,2025-12-08 00:06:36,23043.0,23000,43.0
B1-direct-4,direct,architecture2_4th_run_logs.log,6,37,1,1659.8,2025-12-08 00:06:37,22042.0,22000,42.0
B1-direct-4,direct,architecture2_4th_run_logs.log,6,38,1,1660.9,2025-12-08 00:06:38,21040.0,21000,40.0
B1-direct-4,direct,architecture2_4th_run_logs.log,6,39,1,1663.8,2025-12-08 00:06:39,20039.0,20000,39.0
B1-direct-4,direct,architecture2_4th_run_logs.log,6,40,1,1656.1,2025-12-08 00:06:40,19037.0,19000,37.0
B1-direct-4,direct,architecture2_4th_run_logs.log,6,41,1,1660.8,2025-12-08 00:06:41,18036.0,18000,36.0
B1-direct-4,direct,architecture2_4th_run_logs.log,6,42,1,1663.3,2025-12-08 00:06:42,17035.0,17000,35.0
B1-direct-4,direct,architecture2_4th_run_logs.log,6,43,1,1661.1,2025-12-08 00:06:43,16033.0,16000,33.0
B1-direct-4,direct,architecture2_4th_run_logs.log,6,44,1,1664.5,2025-12-08 00:06:44,15032.0,15000,32.0
B1-direct-4,direct,architecture2_4th_run_logs.log,6,45,1,1660.4,2025-12-08 00:06:45,14031.0,14000,31.0
B1-direct-4,direct,architecture2_4th_run_logs.log,6,46,1,1660.0,2025-12-08 00:06:46,13030.0,13000,30.0
B1-direct-4,direct,architecture2_4th_run_logs.log,6,47,1,1657.3,2025-12-08 00:06:47,12028.0,12000,28.0
B1-direct-4,direct,architecture2_4th_run_logs.log,6,48,1,1662.7,2025-12-08 00:06:48,11026.0,11000,26.0
B1-direct-4,direct,architecture2_4th_run_logs.log,6,49,1,1663.8,2025-12-08 00:06:49,10024.0,10000,24.0
B1-direct-4,direct,architecture2_4th_run_logs.log,6,50,1,1662.0,2025-12-08 00:06:50,9023.0,9000,23.0
B1-direct-4,direct,architecture2_4th_run_logs.log,6,51,1,1663.6,2025-12-08 00:06:51,8022.0,8000,22.0
B1-direct-4,direct,architecture2_4th_run_logs.log,6,52,1,1658.6,2025-12-08 00:06:52,7021.0,7000,21.0
B1-direct-4,direct,architecture2_4th_run_logs.log,6,53,1,1659.8,2025-12-08 00:06:53,6019.0,6000,19.0
B1-direct-4,direct,architecture2_4th_run_logs.log,6,54,1,1657.2,2025-12-08 00:06:54,5017.0,5000,17.0
B1-direct-4,direct,architecture2_4th_run_logs.log,6,55,1,1661.4,2025-12-08 00:06:55,4016.0,4000,16.0
B1-direct-4,direct,architecture2_4th_run_logs.log,6,56,1,1668.6,2025-12-08 00:06:56,3014.0,3000,14.0
B1-direct-4,direct,architecture2_4th_run_logs.log,6,57,1,1671.0,2025-12-08 00:06:57,2013.0,2000,13.0
B1-direct-4,direct,architecture2_4th_run_logs.log,6,58,1,1661.0,2025-12-08 00:06:58,1011.0,1000,11.0
B1-direct-4,direct,architecture2_4th_run_logs.log,6,59,1,1660.3,2025-12-08 00:06:59,10.0,0,10.0
B1-direct-4,direct,architecture2_4th_run_logs.log,7,0,1,1666.8,2025-12-08 00:07:00,59094.0,59000,94.0
B1-direct-4,direct,architecture2_4th_run_logs.log,7,1,1,1664.8,2025-12-08 00:07:01,58093.0,58000,93.0
B1-direct-4,direct,architecture2_4th_run_logs.log,7,2,1,1665.6,2025-12-08 00:07:02,57092.0,57000,92.0
B1-direct-4,direct,architecture2_4th_run_logs.log,7,3,1,1664.7,2025-12-08 00:07:03,56092.0,56000,92.0
B1-direct-4,direct,architecture2_4th_run_logs.log,7,4,1,1660.1,2025-12-08 00:07:04,55091.0,55000,91.0
B1-direct-4,direct,architecture2_4th_run_logs.log,7,5,1,1657.1,2025-12-08 00:07:05,54089.0,54000,89.0
B1-direct-4,direct,architecture2_4th_run_logs.log,7,6,1,1657.1,2025-12-08 00:07:06,53088.0,53000,88.0
B1-direct-4,direct,architecture2_4th_run_logs.log,7,7,1,1661.0,2025-12-08 00:07:07,52087.0,52000,87.0
B1-direct-4,direct,architecture2_4th_run_logs.log,7,8,1,1656.3,2025-12-08 00:07:08,51085.0,51000,85.0
B1-direct-4,direct,architecture2_4th_run_logs.log,7,9,1,1665.0,2025-12-08 00:07:09,50084.0,50000,84.0
B1-direct-4,direct,architecture2_4th_run_logs.log,7,10,1,1657.6,2025-12-08 00:07:10,49083.0,49000,83.0
B1-direct-4,direct,architecture2_4th_run_logs.log,7,11,1,1662.0,2025-12-08 00:07:11,48081.0,48000,81.0
B1-direct-4,direct,architecture2_4th_run_logs.log,7,12,1,1658.0,2025-12-08 00:07:12,47079.0,47000,79.0
B1-direct-4,direct,architecture2_4th_run_logs.log,7,13,1,1662.1,2025-12-08 00:07:13,46078.0,46000,78.0
B1-direct-4,direct,architecture2_4th_run_logs.log,7,14,1,1658.8,2025-12-08 00:07:14,45077.0,45000,77.0
B1-direct-4,direct,architecture2_4th_run_logs.log,7,15,1,1663.7,2025-12-08 00:07:15,44076.0,44000,76.0
B1-direct-4,direct,architecture2_4th_run_logs.log,7,16,1,1661.0,2025-12-08 00:07:16,43074.0,43000,74.0
B1-direct-4,direct,architecture2_4th_run_logs.log,7,17,1,1661.0,2025-12-08 00:07:17,42073.0,42000,73.0
B1-direct-4,direct,architecture2_4th_run_logs.log,7,18,1,1661.9,2025-12-08 00:07:18,41072.0,41000,72.0
B1-direct-4,direct,architecture2_4th_run_logs.log,7,19,1,1668.6,2025-12-08 00:07:19,40071.0,40000,71.0
B1-direct-4,direct,architecture2_4th_run_logs.log,7,20,1,1667.3,2025-12-08 00:07:20,39069.0,39000,69.0
B1-direct-4,direct,architecture2_4th_run_logs.log,7,21,1,1658.9,2025-12-08 00:07:21,38068.0,38000,68.0
B1-direct-4,direct,architecture2_4th_run_logs.log,7,22,1,1657.3,2025-12-08 00:07:22,37066.0,37000,66.0
B1-direct-4,direct,architecture2_4th_run_logs.log,7,23,1,1663.7,2025-12-08 00:07:23,36064.0,36000,64.0
B1-direct-4,direct,architecture2_4th_run_logs.log,7,24,1,1664.6,2025-12-08 00:07:24,35063.0,35000,63.0
B1-direct-4,direct,architecture2_4th_run_logs.log,7,25,1,1660.6,2025-12-08 00:07:25,34061.0,34000,61.0
B1-direct-4,direct,architecture2_4th_run_logs.log,7,26,1,1665.2,2025-12-08 00:07:26,33060.0,33000,60.0
B1-direct-4,direct,architecture2_4th_run_logs.log,7,27,1,1654.9,2025-12-08 00:07:27,32059.0,32000,59.0
B1-direct-4,direct,architecture2_4th_run_logs.log,7,28,1,1660.4,2025-12-08 00:07:28,31057.0,31000,57.0
B1-direct-4,direct,architecture2_4th_run_logs.log,7,29,1,1660.3,2025-12-08 00:07:29,30055.0,30000,55.0
B1-direct-4,direct,architecture2_4th_run_logs.log,7,30,1,1680.3,2025-12-08 00:07:30,29053.0,29000,53.0
B1-direct-4,direct,architecture2_4th_run_logs.log,7,31,1,1660.4,2025-12-08 00:07:31,28052.0,28000,52.0
B1-direct-4,direct,architecture2_4th_run_logs.log,7,32,1,1662.4,2025-12-08 00:07:32,27050.0,27000,50.0
B1-direct-4,direct,architecture2_4th_run_logs.log,7,33,1,1662.8,2025-12-08 00:07:33,26049.0,26000,49.0
B1-direct-4,direct,architecture2_4th_run_logs.log,7,34,1,1659.9,2025-12-08 00:07:34,25048.0,25000,48.0
B1-direct-4,direct,architecture2_4th_run_logs.log,7,35,1,1660.1,2025-12-08 00:07:35,24046.0,24000,46.0
B1-direct-4,direct,architecture2_4th_run_logs.log,7,36,1,1659.9,2025-12-08 00:07:36,23044.0,23000,44.0
B1-direct-4,direct,architecture2_4th_run_logs.log,7,37,1,1663.0,2025-12-08 00:07:37,22043.0,22000,43.0
B1-direct-4,direct,architecture2_4th_run_logs.log,7,38,1,1662.1,2025-12-08 00:07:38,21042.0,21000,42.0
B1-direct-4,direct,architecture2_4th_run_logs.log,7,39,1,1662.5,2025-12-08 00:07:39,20041.0,20000,41.0
B1-direct-4,direct,architecture2_4th_run_logs.log,7,40,1,1661.6,2025-12-08 00:07:40,19039.0,19000,39.0
B1-direct-4,direct,architecture2_4th_run_logs.log,7,41,1,1662.9,2025-12-08 00:07:41,18037.0,18000,37.0
B1-direct-4,direct,architecture2_4th_run_logs.log,7,42,1,1668.3,2025-12-08 00:07:42,17036.0,17000,36.0
B1-direct-4,direct,architecture2_4th_run_logs.log,7,43,1,1656.1,2025-12-08 00:07:43,16035.0,16000,35.0
B1-direct-4,direct,architecture2_4th_run_logs.log,7,44,1,1652.5,2025-12-08 00:07:44,15033.0,15000,33.0
B1-direct-4,direct,architecture2_4th_run_logs.log,7,45,1,1659.3,2025-12-08 00:07:45,14031.0,14000,31.0
B1-direct-4,direct,architecture2_4th_run_logs.log,7,46,1,1660.9,2025-12-08 00:07:46,13030.0,13000,30.0
B1-direct-4,direct,architecture2_4th_run_logs.log,7,47,1,1664.1,2025-12-08 00:07:47,12029.0,12000,29.0
B1-direct-4,direct,architecture2_4th_run_logs.log,7,48,1,1659.1,2025-12-08 00:07:48,11028.0,11000,28.0
B1-direct-4,direct,architecture2_4th_run_logs.log,7,49,1,1659.9,2025-12-08 00:07:49,10027.0,10000,27.0
B1-direct-4,direct,architecture2_4th_run_logs.log,7,50,1,1659.1,2025-12-08 00:07:50,9025.0,9000,25.0
B1-direct-4,direct,architecture2_4th_run_logs.log,7,51,1,1662.5,2025-12-08 00:07:51,8023.0,8000,23.0
B1-direct-4,direct,architecture2_4th_run_logs.log,7,52,1,1657.8,2025-12-08 00:07:52,7022.0,7000,22.0
B1-direct-4,direct,architecture2_4th_run_logs.log,7,53,1,1658.8,2025-12-08 00:07:53,6020.0,6000,20.0
B1-direct-4,direct,architecture2_4th_run_logs.log,7,54,1,1658.5,2025-12-08 00:07:54,5018.0,5000,18.0
B1-direct-4,direct,architecture2_4th_run_logs.log,7,55,1,1663.4,2025-12-08 00:07:55,4017.0,4000,17.0
B1-direct-4,direct,architecture2_4th_run_logs.log,7,56,1,1667.0,2025-12-08 00:07:56,3016.0,3000,16.0
B1-direct-4,direct,architecture2_4th_run_logs.log,7,57,1,1666.0,2025-12-08 00:07:57,2015.0,2000,15.0
B1-direct-4,direct,architecture2_4th_run_logs.log,7,58,1,1665.2,2025-12-08 00:07:58,1013.0,1000,13.0
B1-direct-4,direct,architecture2_4th_run_logs.log,7,59,1,1663.3,2025-12-08 00:07:59,12.0,0,12.0
B1-direct-4,direct,architecture2_4th_run_logs.log,8,0,1,1666.1,2025-12-08 00:08:00,59095.0,59000,95.0
B1-direct-4,direct,architecture2_4th_run_logs.log,8,1,1,1667.0,2025-12-08 00:08:01,58094.0,58000,94.0
B1-direct-4,direct,architecture2_4th_run_logs.log,8,2,1,1664.3,2025-12-08 00:08:02,57093.0,57000,93.0
B1-direct-4,direct,architecture2_4th_run_logs.log,8,3,1,1660.9,2025-12-08 00:08:03,56093.0,56000,93.0
B1-direct-4,direct,architecture2_4th_run_logs.log,8,4,1,1670.0,2025-12-08 00:08:04,55092.0,55000,92.0
B1-direct-4,direct,architecture2_4th_run_logs.log,8,5,1,1661.1,2025-12-08 00:08:05,54090.0,54000,90.0
B1-direct-4,direct,architecture2_4th_run_logs.log,8,6,1,1663.0,2025-12-08 00:08:06,53089.0,53000,89.0
B1-direct-4,direct,architecture2_4th_run_logs.log,8,7,1,1661.4,2025-12-08 00:08:07,52087.0,52000,87.0
B1-direct-4,direct,architecture2_4th_run_logs.log,8,8,1,1662.5,2025-12-08 00:08:08,51085.0,51000,85.0
B1-direct-4,direct,architecture2_4th_run_logs.log,8,9,1,1662.5,2025-12-08 00:08:09,50084.0,50000,84.0
B1-direct-4,direct,architecture2_4th_run_logs.log,8,10,1,1664.2,2025-12-08 00:08:10,49083.0,49000,83.0
B1-direct-4,direct,architecture2_4th_run_logs.log,8,11,1,1663.6,2025-12-08 00:08:11,48081.0,48000,81.0
B1-direct-4,direct,architecture2_4th_run_logs.log,8,12,1,1664.1,2025-12-08 00:08:12,47080.0,47000,80.0
B1-direct-4,direct,architecture2_4th_run_logs.log,8,13,1,1664.1,2025-12-08 00:08:13,46079.0,46000,79.0
B1-direct-4,direct,architecture2_4th_run_logs.log,8,14,1,1666.4,2025-12-08 00:08:14,45077.0,45000,77.0
B1-direct-4,direct,architecture2_4th_run_logs.log,8,15,1,1659.1,2025-12-08 00:08:15,44075.0,44000,75.0
B1-direct-4,direct,architecture2_4th_run_logs.log,8,16,1,1660.5,2025-12-08 00:08:16,43073.0,43000,73.0
B1-direct-4,direct,architecture2_4th_run_logs.log,8,17,1,1662.7,2025-12-08 00:08:17,42072.0,42000,72.0
B1-direct-4,direct,architecture2_4th_run_logs.log,8,18,1,1662.6,2025-12-08 00:08:18,41070.0,41000,70.0
B1-direct-4,direct,architecture2_4th_run_logs.log,8,19,1,1666.0,2025-12-08 00:08:19,40069.0,40000,69.0
B1-direct-4,direct,architecture2_4th_run_logs.log,8,20,1,1670.3,2025-12-08 00:08:20,39067.0,39000,67.0
B1-direct-4,direct,architecture2_4th_run_logs.log,8,21,1,1661.8,2025-12-08 00:08:21,38066.0,38000,66.0
B1-direct-4,direct,architecture2_4th_run_logs.log,8,22,1,1662.6,2025-12-08 00:08:22,37065.0,37000,65.0
B1-direct-4,direct,architecture2_4th_run_logs.log,8,23,1,1660.8,2025-12-08 00:08:23,36063.0,36000,63.0
B1-direct-4,direct,architecture2_4th_run_logs.log,8,24,1,1673.3,2025-12-08 00:08:24,35062.0,35000,62.0
B1-direct-4,direct,architecture2_4th_run_logs.log,8,25,1,1663.6,2025-12-08 00:08:25,34061.0,34000,61.0
B1-direct-4,direct,architecture2_4th_run_logs.log,8,26,1,1671.3,2025-12-08 00:08:26,33060.0,33000,60.0
B1-direct-4,direct,architecture2_4th_run_logs.log,8,27,1,1663.6,2025-12-08 00:08:27,32059.0,32000,59.0
B1-direct-4,direct,architecture2_4th_run_logs.log,8,28,1,1666.7,2025-12-08 00:08:28,31057.0,31000,57.0
B1-direct-4,direct,architecture2_4th_run_logs.log,8,29,1,1660.9,2025-12-08 00:08:29,30056.0,30000,56.0
B1-direct-4,direct,architecture2_4th_run_logs.log,8,30,1,1666.1,2025-12-08 00:08:30,29055.0,29000,55.0
B1-direct-4,direct,architecture2_4th_run_logs.log,8,31,1,1662.3,2025-12-08 00:08:31,28053.0,28000,53.0
B1-direct-4,direct,architecture2_4th_run_logs.log,8,32,1,1663.4,2025-12-08 00:08:32,27051.0,27000,51.0
B1-direct-4,direct,architecture2_4th_run_logs.log,8,33,1,1668.4,2025-12-08 00:08:33,26050.0,26000,50.0
B1-direct-4,direct,architecture2_4th_run_logs.log,8,34,1,1680.5,2025-12-08 00:08:34,25049.0,25000,49.0
B1-direct-4,direct,architecture2_4th_run_logs.log,8,35,1,1665.1,2025-12-08 00:08:35,24046.0,24000,46.0
B1-direct-4,direct,architecture2_4th_run_logs.log,8,36,1,1666.4,2025-12-08 00:08:36,23045.0,23000,45.0
B1-direct-4,direct,architecture2_4th_run_logs.log,8,37,1,1665.0,2025-12-08 00:08:37,22043.0,22000,43.0
B1-direct-4,direct,architecture2_4th_run_logs.log,8,38,1,1665.5,2025-12-08 00:08:38,21042.0,21000,42.0
B1-direct-4,direct,architecture2_4th_run_logs.log,8,39,1,1667.6,2025-12-08 00:08:39,20041.0,20000,41.0
B1-direct-4,direct,architecture2_4th_run_logs.log,8,40,1,1667.8,2025-12-08 00:08:40,19040.0,19000,40.0
B1-direct-4,direct,architecture2_4th_run_logs.log,8,41,1,1663.8,2025-12-08 00:08:41,18038.0,18000,38.0
B1-direct-4,direct,architecture2_4th_run_logs.log,8,42,1,1678.7,2025-12-08 00:08:42,17036.0,17000,36.0
B1-direct-4,direct,architecture2_4th_run_logs.log,8,43,1,1664.3,2025-12-08 00:08:43,16033.0,16000,33.0
B1-direct-4,direct,architecture2_4th_run_logs.log,8,44,1,1664.6,2025-12-08 00:08:44,15032.0,15000,32.0
B1-direct-4,direct,architecture2_4th_run_logs.log,8,45,1,1669.4,2025-12-08 00:08:45,14030.0,14000,30.0
B1-direct-4,direct,architecture2_4th_run_logs.log,8,46,1,1667.0,2025-12-08 00:08:46,13028.0,13000,28.0
B1-direct-4,direct,architecture2_4th_run_logs.log,8,47,1,1663.1,2025-12-08 00:08:47,12027.0,12000,27.0
B1-direct-4,direct,architecture2_4th_run_logs.log,8,48,1,1664.6,2025-12-08 00:08:48,11026.0,11000,26.0
B1-direct-4,direct,architecture2_4th_run_logs.log,8,49,1,1663.7,2025-12-08 00:08:49,10025.0,10000,25.0
B1-direct-4,direct,architecture2_4th_run_logs.log,8,50,1,1681.2,2025-12-08 00:08:50,9024.0,9000,24.0
B1-direct-4,direct,architecture2_4th_run_logs.log,8,51,1,1675.9,2025-12-08 00:08:51,8023.0,8000,23.0
B1-direct-4,direct,architecture2_4th_run_logs.log,8,52,1,1664.2,2025-12-08 00:08:52,7021.0,7000,21.0
B1-direct-4,direct,architecture2_4th_run_logs.log,8,53,1,1664.9,2025-12-08 00:08:53,6020.0,6000,20.0
B1-direct-4,direct,architecture2_4th_run_logs.log,8,54,1,1664.0,2025-12-08 00:08:54,5019.0,5000,19.0
B1-direct-4,direct,architecture2_4th_run_logs.log,8,55,1,1665.3,2025-12-08 00:08:55,4018.0,4000,18.0
B1-direct-4,direct,architecture2_4th_run_logs.log,8,56,1,1667.1,2025-12-08 00:08:56,3016.0,3000,16.0
B1-direct-4,direct,architecture2_4th_run_logs.log,8,57,1,1667.8,2025-12-08 00:08:57,2015.0,2000,15.0
B1-direct-4,direct,architecture2_4th_run_logs.log,8,58,1,1667.4,2025-12-08 00:08:58,1014.0,1000,14.0
B1-direct-4,direct,architecture2_4th_run_logs.log,8,59,1,1670.1,2025-12-08 00:08:59,12.0,0,12.0
B1-direct-4,direct,architecture2_4th_run_logs.log,9,0,1,1667.0,2025-12-08 00:09:00,59089.0,59000,89.0
B1-direct-4,direct,architecture2_4th_run_logs.log,9,1,1,1669.8,2025-12-08 00:09:01,58088.0,58000,88.0
B1-direct-4,direct,architecture2_4th_run_logs.log,9,2,1,1667.8,2025-12-08 00:09:02,57088.0,57000,88.0
B1-direct-4,direct,architecture2_4th_run_logs.log,9,3,1,1670.5,2025-12-08 00:09:03,56087.0,56000,87.0
B1-direct-4,direct,architecture2_4th_run_logs.log,9,4,1,1670.8,2025-12-08 00:09:04,55086.0,55000,86.0
B1-direct-4,direct,architecture2_4th_run_logs.log,9,5,1,1667.7,2025-12-08 00:09:05,54085.0,54000,85.0
B1-direct-4,direct,architecture2_4th_run_logs.log,9,6,1,1669.1,2025-12-08 00:09:06,53083.0,53000,83.0
B1-direct-4,direct,architecture2_4th_run_logs.log,9,7,1,1665.4,2025-12-08 00:09:07,52082.0,52000,82.0
B1-direct-4,direct,architecture2_4th_run_logs.log,9,8,1,1668.6,2025-12-08 00:09:08,51081.0,51000,81.0
B1-direct-4,direct,architecture2_4th_run_logs.log,9,9,1,1669.6,2025-12-08 00:09:09,50080.0,50000,80.0
B1-direct-4,direct,architecture2_4th_run_logs.log,9,10,1,1668.8,2025-12-08 00:09:10,49079.0,49000,79.0
B1-direct-4,direct,architecture2_4th_run_logs.log,9,11,1,1665.3,2025-12-08 00:09:11,48077.0,48000,77.0
B1-direct-4,direct,architecture2_4th_run_logs.log,9,12,1,1669.2,2025-12-08 00:09:12,47076.0,47000,76.0
B1-direct-4,direct,architecture2_4th_run_logs.log,9,13,1,1667.8,2025-12-08 00:09:13,46075.0,46000,75.0
B1-direct-4,direct,architecture2_4th_run_logs.log,9,14,1,1668.1,2025-12-08 00:09:14,45074.0,45000,74.0
B1-direct-4,direct,architecture2_4th_run_logs.log,9,15,1,1672.6,2025-12-08 00:09:15,44073.0,44000,73.0
B1-direct-4,direct,architecture2_4th_run_logs.log,9,16,1,1672.6,2025-12-08 00:09:16,43072.0,43000,72.0
B1-direct-4,direct,architecture2_4th_run_logs.log,9,17,1,1677.4,2025-12-08 00:09:17,42070.0,42000,70.0
B1-direct-4,direct,architecture2_4th_run_logs.log,9,18,1,1672.4,2025-12-08 00:09:18,41069.0,41000,69.0
B1-direct-4,direct,architecture2_4th_run_logs.log,9,19,1,1674.1,2025-12-08 00:09:19,40067.0,40000,67.0
B1-direct-4,direct,architecture2_4th_run_logs.log,9,20,1,1674.4,2025-12-08 00:09:20,39065.0,39000,65.0
B1-direct-4,direct,architecture2_4th_run_logs.log,9,21,1,1678.0,2025-12-08 00:09:21,38064.0,38000,64.0
B1-direct-4,direct,architecture2_4th_run_logs.log,9,22,1,1666.0,2025-12-08 00:09:22,37063.0,37000,63.0
B1-direct-4,direct,architecture2_4th_run_logs.log,9,23,1,1679.3,2025-12-08 00:09:23,36062.0,36000,62.0
B1-direct-4,direct,architecture2_4th_run_logs.log,9,24,1,1672.2,2025-12-08 00:09:24,35061.0,35000,61.0
B1-direct-4,direct,architecture2_4th_run_logs.log,9,25,1,1671.7,2025-12-08 00:09:25,34059.0,34000,59.0
B1-direct-4,direct,architecture2_4th_run_logs.log,9,26,1,1672.4,2025-12-08 00:09:26,33057.0,33000,57.0
B1-direct-4,direct,architecture2_4th_run_logs.log,9,27,1,1673.0,2025-12-08 00:09:27,32056.0,32000,56.0
B1-direct-4,direct,architecture2_4th_run_logs.log,9,28,1,1674.5,2025-12-08 00:09:28,31056.0,31000,56.0
B1-direct-4,direct,architecture2_4th_run_logs.log,9,29,1,1673.5,2025-12-08 00:09:29,30055.0,30000,55.0
B1-direct-4,direct,architecture2_4th_run_logs.log,9,30,1,1673.1,2025-12-08 00:09:30,29053.0,29000,53.0
B1-direct-4,direct,architecture2_4th_run_logs.log,9,31,1,1691.0,2025-12-08 00:09:31,28051.0,28000,51.0
B1-direct-4,direct,architecture2_4th_run_logs.log,9,32,1,1671.8,2025-12-08 00:09:32,27049.0,27000,49.0
B1-direct-4,direct,architecture2_4th_run_logs.log,9,33,1,1674.1,2025-12-08 00:09:33,26048.0,26000,48.0
B1-direct-4,direct,architecture2_4th_run_logs.log,9,34,1,1669.5,2025-12-08 00:09:34,25047.0,25000,47.0
B1-direct-4,direct,architecture2_4th_run_logs.log,9,35,1,1672.9,2025-12-08 00:09:35,24045.0,24000,45.0
B1-direct-4,direct,architecture2_4th_run_logs.log,9,36,1,1677.3,2025-12-08 00:09:36,23044.0,23000,44.0
B1-direct-4,direct,architecture2_4th_run_logs.log,9,37,1,1676.4,2025-12-08 00:09:37,22042.0,22000,42.0
B1-direct-4,direct,architecture2_4th_run_logs.log,9,38,1,1676.4,2025-12-08 00:09:38,21041.0,21000,41.0
B1-direct-4,direct,architecture2_4th_run_logs.log,9,39,1,1673.4,2025-12-08 00:09:39,20039.0,20000,39.0
B1-direct-4,direct,architecture2_4th_run_logs.log,9,40,1,1674.6,2025-12-08 00:09:40,19038.0,19000,38.0
B1-direct-4,direct,architecture2_4th_run_logs.log,9,41,1,1674.0,2025-12-08 00:09:41,18037.0,18000,37.0
B1-direct-4,direct,architecture2_4th_run_logs.log,9,42,1,1681.9,2025-12-08 00:09:42,17036.0,17000,36.0
B1-direct-4,direct,architecture2_4th_run_logs.log,9,43,1,1672.1,2025-12-08 00:09:43,16034.0,16000,34.0
B1-direct-4,direct,architecture2_4th_run_logs.log,9,44,1,1672.7,2025-12-08 00:09:44,15034.0,15000,34.0
B1-direct-4,direct,architecture2_4th_run_logs.log,9,45,1,1668.9,2025-12-08 00:09:45,14032.0,14000,32.0
B1-direct-4,direct,architecture2_4th_run_logs.log,9,46,1,1674.2,2025-12-08 00:09:46,13030.0,13000,30.0
B1-direct-4,direct,architecture2_4th_run_logs.log,9,47,1,1672.6,2025-12-08 00:09:47,12029.0,12000,29.0
B1-direct-4,direct,architecture2_4th_run_logs.log,9,48,1,1675.3,2025-12-08 00:09:48,11027.0,11000,27.0
B1-direct-4,direct,architecture2_4th_run_logs.log,9,49,1,1668.3,2025-12-08 00:09:49,10026.0,10000,26.0
B1-direct-4,direct,architecture2_4th_run_logs.log,9,50,1,1671.2,2025-12-08 00:09:50,9025.0,9000,25.0
B1-direct-4,direct,architecture2_4th_run_logs.log,9,51,1,1689.8,2025-12-08 00:09:51,8024.0,8000,24.0
B1-direct-4,direct,architecture2_4th_run_logs.log,9,52,1,1674.0,2025-12-08 00:09:52,7023.0,7000,23.0
B1-direct-4,direct,architecture2_4th_run_logs.log,9,53,1,1671.6,2025-12-08 00:09:53,6021.0,6000,21.0
B1-direct-4,direct,architecture2_4th_run_logs.log,9,54,1,1672.1,2025-12-08 00:09:54,5021.0,5000,21.0
B1-direct-4,direct,architecture2_4th_run_logs.log,9,55,1,1669.2,2025-12-08 00:09:55,4019.0,4000,19.0
B1-direct-4,direct,architecture2_4th_run_logs.log,9,56,1,1673.9,2025-12-08 00:09:56,3017.0,3000,17.0
B1-direct-4,direct,architecture2_4th_run_logs.log,9,57,1,1684.4,2025-12-08 00:09:57,2016.0,2000,16.0
B1-direct-4,direct,architecture2_4th_run_logs.log,9,58,1,1674.8,2025-12-08 00:09:58,1014.0,1000,14.0
B1-direct-4,direct,architecture2_4th_run_logs.log,9,59,1,1675.1,2025-12-08 00:09:59,12.0,0,12.0
B1-direct-4,direct,architecture2_4th_run_logs.log,10,0,1,1679.0,2025-12-08 00:10:00,59084.0,59000,84.0
B1-direct-4,direct,architecture2_4th_run_logs.log,10,1,1,1674.0,2025-12-08 00:10:01,58083.0,58000,83.0
B1-direct-4,direct,architecture2_4th_run_logs.log,10,2,1,1679.1,2025-12-08 00:10:02,57082.0,57000,82.0
B1-direct-4,direct,architecture2_4th_run_logs.log,10,3,1,1681.5,2025-12-08 00:10:03,56082.0,56000,82.0
B1-direct-4,direct,architecture2_4th_run_logs.log,10,4,1,1678.3,2025-12-08 00:10:04,55081.0,55000,81.0
B1-direct-4,direct,architecture2_4th_run_logs.log,10,5,1,1678.2,2025-12-08 00:10:05,54081.0,54000,81.0
B1-direct-4,direct,architecture2_4th_run_logs.log,10,6,1,1677.9,2025-12-08 00:10:06,53080.0,53000,80.0
B1-direct-4,direct,architecture2_4th_run_logs.log,10,7,1,1674.5,2025-12-08 00:10:07,52079.0,52000,79.0
B1-direct-4,direct,architecture2_4th_run_logs.log,10,8,1,1501.0,2025-12-08 00:10:08,51079.0,51000,79.0
B1-direct-4,direct,architecture2_4th_run_logs.log,10,9,1,1507.2,2025-12-08 00:10:09,50078.0,50000,78.0
B1-direct-4,direct,architecture2_4th_run_logs.log,10,10,1,1512.8,2025-12-08 00:10:10,49077.0,49000,77.0
B1-direct-4,direct,architecture2_4th_run_logs.log,10,11,1,1517.5,2025-12-08 00:10:11,48077.0,48000,77.0
B1-direct-4,direct,architecture2_4th_run_logs.log,10,12,1,1470.8,2025-12-08 00:10:12,47076.0,47000,76.0
B1-direct-4,direct,architecture2_4th_run_logs.log,10,13,1,653.1,2025-12-08 00:10:13,46075.0,46000,75.0
B1-direct-4,direct,architecture2_4th_run_logs.log,10,14,1,681.6,2025-12-08 00:10:14,45075.0,45000,75.0
B1-direct-4,direct,architecture2_4th_run_logs.log,10,15,1,687.0,2025-12-08 00:10:15,44074.0,44000,74.0
B1-direct-4,direct,architecture2_4th_run_logs.log,10,16,1,688.0,2025-12-08 00:10:16,43072.0,43000,72.0
B1-direct-4,direct,architecture2_4th_run_logs.log,10,17,1,720.3,2025-12-08 00:10:17,42069.0,42000,69.0
B1-direct-4,direct,architecture2_4th_run_logs.log,10,18,1,688.2,2025-12-08 00:10:18,41068.0,41000,68.0
B1-direct-4,direct,architecture2_4th_run_logs.log,10,19,1,698.7,2025-12-08 00:10:19,40068.0,40000,68.0
B1-direct-4,direct,architecture2_4th_run_logs.log,10,20,1,692.2,2025-12-08 00:10:20,39067.0,39000,67.0
B1-direct-4,direct,architecture2_4th_run_logs.log,10,21,1,689.8,2025-12-08 00:10:21,38066.0,38000,66.0
B1-direct-4,direct,architecture2_4th_run_logs.log,10,22,1,686.4,2025-12-08 00:10:22,37064.0,37000,64.0
B1-direct-4,direct,architecture2_4th_run_logs.log,10,23,1,686.7,2025-12-08 00:10:23,36063.0,36000,63.0
B1-direct-4,direct,architecture2_4th_run_logs.log,10,24,1,686.1,2025-12-08 00:10:24,35062.0,35000,62.0
B1-direct-4,direct,architecture2_4th_run_logs.log,10,25,1,684.0,2025-12-08 00:10:25,34061.0,34000,61.0
B1-direct-4,direct,architecture2_4th_run_logs.log,10,26,1,689.7,2025-12-08 00:10:26,33059.0,33000,59.0
B1-direct-4,direct,architecture2_4th_run_logs.log,10,27,1,686.8,2025-12-08 00:10:27,32057.0,32000,57.0
B1-direct-4,direct,architecture2_4th_run_logs.log,10,28,1,687.2,2025-12-08 00:10:28,31056.0,31000,56.0
B1-direct-4,direct,architecture2_4th_run_logs.log,10,29,1,686.0,2025-12-08 00:10:29,30055.0,30000,55.0
B1-direct-4,direct,architecture2_4th_run_logs.log,10,30,1,686.4,2025-12-08 00:10:30,29054.0,29000,54.0
B1-direct-4,direct,architecture2_4th_run_logs.log,10,31,1,692.2,2025-12-08 00:10:31,28053.0,28000,53.0
B1-direct-4,direct,architecture2_4th_run_logs.log,10,32,1,686.4,2025-12-08 00:10:32,27051.0,27000,51.0
B1-direct-4,direct,architecture2_4th_run_logs.log,10,33,1,690.0,2025-12-08 00:10:33,26050.0,26000,50.0
B1-direct-4,direct,architecture2_4th_run_logs.log,10,34,1,686.6,2025-12-08 00:10:34,25048.0,25000,48.0
B1-direct-4,direct,architecture2_4th_run_logs.log,10,35,1,688.5,2025-12-08 00:10:35,24048.0,24000,48.0
B1-direct-4,direct,architecture2_4th_run_logs.log,10,36,1,688.4,2025-12-08 00:10:36,23046.0,23000,46.0
B1-direct-4,direct,architecture2_4th_run_logs.log,10,37,1,689.3,2025-12-08 00:10:37,22045.0,22000,45.0
B1-direct-4,direct,architecture2_4th_run_logs.log,10,38,1,688.1,2025-12-08 00:10:38,21043.0,21000,43.0
B1-direct-4,direct,architecture2_4th_run_logs.log,10,39,1,689.0,2025-12-08 00:10:39,20042.0,20000,42.0
B1-direct-4,direct,architecture2_4th_run_logs.log,10,40,1,689.9,2025-12-08 00:10:40,19041.0,19000,41.0
B1-direct-4,direct,architecture2_4th_run_logs.log,10,41,1,687.9,2025-12-08 00:10:41,18040.0,18000,40.0
B1-direct-4,direct,architecture2_4th_run_logs.log,10,42,1,691.7,2025-12-08 00:10:42,17038.0,17000,38.0
B1-direct-4,direct,architecture2_4th_run_logs.log,10,43,1,681.2,2025-12-08 00:10:43,16037.0,16000,37.0
B1-direct-4,direct,architecture2_4th_run_logs.log,10,44,1,647.7,2025-12-08 00:10:44,15036.0,15000,36.0
B1-direct-4,direct,architecture2_4th_run_logs.log,10,45,1,541.2,2025-12-08 00:10:45,14033.0,14000,33.0
B1-direct-4,direct,architecture2_4th_run_logs.log,10,46,1,539.8,2025-12-08 00:10:46,13032.0,13000,32.0
B1-direct-4,direct,architecture2_4th_run_logs.log,10,47,1,540.2,2025-12-08 00:10:47,12031.0,12000,31.0
B1-direct-4,direct,architecture2_4th_run_logs.log,10,48,1,547.1,2025-12-08 00:10:48,11028.0,11000,28.0
B1-direct-4,direct,architecture2_4th_run_logs.log,10,49,1,537.5,2025-12-08 00:10:49,10023.0,10000,23.0
B1-direct-4,direct,architecture2_4th_run_logs.log,10,50,1,538.8,2025-12-08 00:10:50,9023.0,9000,23.0
B1-direct-4,direct,architecture2_4th_run_logs.log,10,51,1,542.9,2025-12-08 00:10:51,8022.0,8000,22.0
B1-direct-4,direct,architecture2_4th_run_logs.log,10,52,1,542.4,2025-12-08 00:10:52,7020.0,7000,20.0
B1-direct-4,direct,architecture2_4th_run_logs.log,10,53,1,539.4,2025-12-08 00:10:53,6019.0,6000,19.0
B1-direct-4,direct,architecture2_4th_run_logs.log,10,54,1,539.6,2025-12-08 00:10:54,5017.0,5000,17.0
B1-direct-4,direct,architecture2_4th_run_logs.log,10,55,1,541.2,2025-12-08 00:10:55,4015.0,4000,15.0
B1-direct-4,direct,architecture2_4th_run_logs.log,10,56,1,546.4,2025-12-08 00:10:56,3014.0,3000,14.0
B1-direct-4,direct,architecture2_4th_run_logs.log,10,57,1,605.7,2025-12-08 00:10:57,2012.0,2000,12.0
B1-direct-4,direct,architecture2_4th_run_logs.log,10,58,1,556.3,2025-12-08 00:10:58,1012.0,1000,12.0
B1-direct-4,direct,architecture2_4th_run_logs.log,10,59,1,556.6,2025-12-08 00:10:59,10.0,0,10.0
B1-direct-4,direct,architecture2_4th_run_logs.log,11,0,1,555.8,2025-12-08 00:11:00,59070.0,59000,70.0
B1-direct-4,direct,architecture2_4th_run_logs.log,11,1,1,570.6,2025-12-08 00:11:01,58069.0,58000,69.0
B1-direct-4,direct,architecture2_4th_run_logs.log,11,2,1,558.3,2025-12-08 00:11:02,57068.0,57000,68.0
B1-direct-4,direct,architecture2_4th_run_logs.log,11,3,1,558.0,2025-12-08 00:11:03,56068.0,56000,68.0
B1-direct-4,direct,architecture2_4th_run_logs.log,11,4,1,557.3,2025-12-08 00:11:04,55067.0,55000,67.0
B1-direct-4,direct,architecture2_4th_run_logs.log,11,5,1,555.6,2025-12-08 00:11:05,54067.0,54000,67.0
B1-direct-4,direct,architecture2_4th_run_logs.log,11,6,1,558.9,2025-12-08 00:11:06,53065.0,53000,65.0
B1-direct-4,direct,architecture2_4th_run_logs.log,11,7,1,570.0,2025-12-08 00:11:07,52064.0,52000,64.0
B1-direct-4,direct,architecture2_4th_run_logs.log,11,8,1,561.6,2025-12-08 00:11:08,51063.0,51000,63.0
B1-direct-4,direct,architecture2_4th_run_logs.log,11,9,1,560.9,2025-12-08 00:11:09,50061.0,50000,61.0
B1-direct-4,direct,architecture2_4th_run_logs.log,11,10,1,560.9,2025-12-08 00:11:10,49061.0,49000,61.0
B1-direct-4,direct,architecture2_4th_run_logs.log,11,11,1,561.0,2025-12-08 00:11:11,48060.0,48000,60.0
B1-direct-4,direct,architecture2_4th_run_logs.log,11,12,1,560.8,2025-12-08 00:11:12,47059.0,47000,59.0
B1-direct-4,direct,architecture2_4th_run_logs.log,11,13,1,561.9,2025-12-08 00:11:13,46057.0,46000,57.0
B1-direct-4,direct,architecture2_4th_run_logs.log,11,14,1,637.6,2025-12-08 00:11:14,45056.0,45000,56.0
B1-direct-4,direct,architecture2_4th_run_logs.log,11,15,1,680.2,2025-12-08 00:11:15,44055.0,44000,55.0
B1-direct-4,direct,architecture2_4th_run_logs.log,11,16,1,686.7,2025-12-08 00:11:16,43055.0,43000,55.0
B1-direct-4,direct,architecture2_4th_run_logs.log,11,17,1,686.1,2025-12-08 00:11:17,42054.0,42000,54.0
B1-direct-4,direct,architecture2_4th_run_logs.log,11,18,1,687.9,2025-12-08 00:11:18,41053.0,41000,53.0
B1-direct-4,direct,architecture2_4th_run_logs.log,11,19,1,691.1,2025-12-08 00:11:19,40052.0,40000,52.0
B1-direct-4,direct,architecture2_4th_run_logs.log,11,20,1,690.0,2025-12-08 00:11:20,39051.0,39000,51.0
B1-direct-4,direct,architecture2_4th_run_logs.log,11,21,1,691.3,2025-12-08 00:11:21,38049.0,38000,49.0
B1-direct-4,direct,architecture2_4th_run_logs.log,11,22,1,683.7,2025-12-08 00:11:22,37048.0,37000,48.0
B1-direct-4,direct,architecture2_4th_run_logs.log,11,23,1,684.3,2025-12-08 00:11:23,36047.0,36000,47.0
B1-direct-4,direct,architecture2_4th_run_logs.log,11,24,1,687.5,2025-12-08 00:11:24,35046.0,35000,46.0
B1-direct-4,direct,architecture2_4th_run_logs.log,11,25,1,685.2,2025-12-08 00:11:25,34045.0,34000,45.0
B1-direct-4,direct,architecture2_4th_run_logs.log,11,26,1,682.6,2025-12-08 00:11:26,33044.0,33000,44.0
B1-direct-4,direct,architecture2_4th_run_logs.log,11,27,1,687.6,2025-12-08 00:11:27,32043.0,32000,43.0
B1-direct-4,direct,architecture2_4th_run_logs.log,11,28,1,689.7,2025-12-08 00:11:28,31041.0,31000,41.0
B1-direct-4,direct,architecture2_4th_run_logs.log,11,29,1,686.2,2025-12-08 00:11:29,30040.0,30000,40.0
B1-direct-4,direct,architecture2_4th_run_logs.log,11,30,1,685.2,2025-12-08 00:11:30,29040.0,29000,40.0
B1-direct-4,direct,architecture2_4th_run_logs.log,11,31,1,684.6,2025-12-08 00:11:31,28039.0,28000,39.0
B1-direct-4,direct,architecture2_4th_run_logs.log,11,32,1,686.9,2025-12-08 00:11:32,27037.0,27000,37.0
B1-direct-4,direct,architecture2_4th_run_logs.log,11,33,1,689.6,2025-12-08 00:11:33,26036.0,26000,36.0
B1-direct-4,direct,architecture2_4th_run_logs.log,11,34,1,687.8,2025-12-08 00:11:34,25035.0,25000,35.0
B1-direct-4,direct,architecture2_4th_run_logs.log,11,35,1,697.5,2025-12-08 00:11:35,24034.0,24000,34.0
B1-direct-4,direct,architecture2_4th_run_logs.log,11,36,1,694.7,2025-12-08 00:11:36,23033.0,23000,33.0
B1-direct-4,direct,architecture2_4th_run_logs.log,11,37,1,703.8,2025-12-08 00:11:37,22032.0,22000,32.0
B1-direct-4,direct,architecture2_4th_run_logs.log,11,38,1,697.8,2025-12-08 00:11:38,21030.0,21000,30.0
B1-direct-4,direct,architecture2_4th_run_logs.log,11,39,1,696.7,2025-12-08 00:11:39,20029.0,20000,29.0
B1-direct-4,direct,architecture2_4th_run_logs.log,11,40,1,697.2,2025-12-08 00:11:40,19028.0,19000,28.0
B1-direct-4,direct,architecture2_4th_run_logs.log,11,41,1,690.8,2025-12-08 00:11:41,18027.0,18000,27.0
B1-direct-4,direct,architecture2_4th_run_logs.log,11,42,1,691.2,2025-12-08 00:11:42,17026.0,17000,26.0
B1-direct-4,direct,architecture2_4th_run_logs.log,11,43,1,692.2,2025-12-08 00:11:43,16025.0,16000,25.0
B1-direct-4,direct,architecture2_4th_run_logs.log,11,44,1,692.0,2025-12-08 00:11:44,15024.0,15000,24.0
B1-direct-4,direct,architecture2_4th_run_logs.log,11,45,1,696.6,2025-12-08 00:11:45,14023.0,14000,23.0
B1-direct-4,direct,architecture2_4th_run_logs.log,11,46,1,691.0,2025-12-08 00:11:46,13022.0,13000,22.0
B1-direct-4,direct,architecture2_4th_run_logs.log,11,47,1,688.8,2025-12-08 00:11:47,12020.0,12000,20.0
B1-direct-4,direct,architecture2_4th_run_logs.log,11,48,1,687.3,2025-12-08 00:11:48,11019.0,11000,19.0
B1-direct-4,direct,architecture2_4th_run_logs.log,11,49,1,687.9,2025-12-08 00:11:49,10018.0,10000,18.0
B1-direct-4,direct,architecture2_4th_run_logs.log,11,50,1,687.7,2025-12-08 00:11:50,9018.0,9000,18.0
B1-direct-4,direct,architecture2_4th_run_logs.log,11,51,1,690.8,2025-12-08 00:11:51,8017.0,8000,17.0
B1-direct-4,direct,architecture2_4th_run_logs.log,11,52,1,688.0,2025-12-08 00:11:52,7015.0,7000,15.0
B1-direct-4,direct,architecture2_4th_run_logs.log,11,53,1,687.2,2025-12-08 00:11:53,6014.0,6000,14.0
B1-direct-4,direct,architecture2_4th_run_logs.log,11,54,1,687.1,2025-12-08 00:11:54,5012.0,5000,12.0
B1-direct-4,direct,architecture2_4th_run_logs.log,11,55,1,697.4,2025-12-08 00:11:55,4011.0,4000,11.0
B1-direct-4,direct,architecture2_4th_run_logs.log,11,56,1,691.7,2025-12-08 00:11:56,3010.0,3000,10.0
B1-direct-4,direct,architecture2_4th_run_logs.log,11,57,1,689.8,2025-12-08 00:11:57,2008.0,2000,8.0
B1-direct-4,direct,architecture2_4th_run_logs.log,11,58,1,688.0,2025-12-08 00:11:58,1007.0,1000,7.0
B1-direct-4,direct,architecture2_4th_run_logs.log,11,59,1,688.2,2025-12-08 00:11:59,6.0,0,6.0
B1-direct-4,direct,architecture2_4th_run_logs.log,12,0,1,691.5,2025-12-08 00:12:00,59079.0,59000,79.0
B1-direct-4,direct,architecture2_4th_run_logs.log,12,1,1,702.6,2025-12-08 00:12:01,58079.0,58000,79.0
B1-direct-4,direct,architecture2_4th_run_logs.log,12,2,1,688.3,2025-12-08 00:12:02,57078.0,57000,78.0
B1-direct-4,direct,architecture2_4th_run_logs.log,12,3,1,690.4,2025-12-08 00:12:03,56077.0,56000,77.0
B1-direct-4,direct,architecture2_4th_run_logs.log,12,4,1,688.7,2025-12-08 00:12:04,55077.0,55000,77.0
B1-direct-4,direct,architecture2_4th_run_logs.log,12,5,1,688.4,2025-12-08 00:12:05,54076.0,54000,76.0
B1-direct-4,direct,architecture2_4th_run_logs.log,12,6,1,690.5,2025-12-08 00:12:06,53074.0,53000,74.0
B1-direct-4,direct,architecture2_4th_run_logs.log,12,7,1,689.2,2025-12-08 00:12:07,52073.0,52000,73.0
B1-direct-4,direct,architecture2_4th_run_logs.log,12,8,1,687.3,2025-12-08 00:12:08,51073.0,51000,73.0
B1-direct-4,direct,architecture2_4th_run_logs.log,12,9,1,687.1,2025-12-08 00:12:09,50072.0,50000,72.0
B1-direct-4,direct,architecture2_4th_run_logs.log,12,10,1,687.7,2025-12-08 00:12:10,49071.0,49000,71.0
B1-direct-4,direct,architecture2_4th_run_logs.log,12,11,1,685.2,2025-12-08 00:12:11,48069.0,48000,69.0
B1-direct-4,direct,architecture2_4th_run_logs.log,12,12,1,689.8,2025-12-08 00:12:12,47068.0,47000,68.0
B1-direct-4,direct,architecture2_4th_run_logs.log,12,13,1,688.5,2025-12-08 00:12:13,46067.0,46000,67.0
B1-direct-4,direct,architecture2_4th_run_logs.log,12,14,1,687.4,2025-12-08 00:12:14,45066.0,45000,66.0
B1-direct-4,direct,architecture2_4th_run_logs.log,12,15,1,687.7,2025-12-08 00:12:15,44065.0,44000,65.0
B1-direct-4,direct,architecture2_4th_run_logs.log,12,16,1,691.7,2025-12-08 00:12:16,43063.0,43000,63.0
B1-direct-4,direct,architecture2_4th_run_logs.log,12,17,1,689.0,2025-12-08 00:12:17,42062.0,42000,62.0
B1-direct-4,direct,architecture2_4th_run_logs.log,12,18,1,688.2,2025-12-08 00:12:18,41060.0,41000,60.0
B1-direct-4,direct,architecture2_4th_run_logs.log,12,19,1,693.6,2025-12-08 00:12:19,40059.0,40000,59.0
B1-direct-4,direct,architecture2_4th_run_logs.log,12,20,1,693.2,2025-12-08 00:12:20,39058.0,39000,58.0
B1-direct-4,direct,architecture2_4th_run_logs.log,12,21,1,687.8,2025-12-08 00:12:21,38057.0,38000,57.0
B1-direct-4,direct,architecture2_4th_run_logs.log,12,22,1,690.6,2025-12-08 00:12:22,37055.0,37000,55.0
B1-direct-4,direct,architecture2_4th_run_logs.log,12,23,1,687.3,2025-12-08 00:12:23,36054.0,36000,54.0
B1-direct-4,direct,architecture2_4th_run_logs.log,12,24,1,687.4,2025-12-08 00:12:24,35053.0,35000,53.0
B1-direct-4,direct,architecture2_4th_run_logs.log,12,25,1,686.2,2025-12-08 00:12:25,34053.0,34000,53.0
B1-direct-4,direct,architecture2_4th_run_logs.log,12,26,1,685.4,2025-12-08 00:12:26,33051.0,33000,51.0
B1-direct-4,direct,architecture2_4th_run_logs.log,12,27,1,686.9,2025-12-08 00:12:27,32049.0,32000,49.0
B1-direct-4,direct,architecture2_4th_run_logs.log,12,28,1,690.6,2025-12-08 00:12:28,31048.0,31000,48.0
B1-direct-4,direct,architecture2_4th_run_logs.log,12,29,1,691.3,2025-12-08 00:12:29,30047.0,30000,47.0
B1-direct-4,direct,architecture2_4th_run_logs.log,12,30,1,687.1,2025-12-08 00:12:30,29046.0,29000,46.0
B1-direct-4,direct,architecture2_4th_run_logs.log,12,31,1,687.0,2025-12-08 00:12:31,28045.0,28000,45.0
B1-direct-4,direct,architecture2_4th_run_logs.log,12,32,1,684.7,2025-12-08 00:12:32,27044.0,27000,44.0
B1-direct-4,direct,architecture2_4th_run_logs.log,12,33,1,689.7,2025-12-08 00:12:33,26043.0,26000,43.0
B1-direct-4,direct,architecture2_4th_run_logs.log,12,34,1,688.7,2025-12-08 00:12:34,25041.0,25000,41.0
B1-direct-4,direct,architecture2_4th_run_logs.log,12,35,1,687.4,2025-12-08 00:12:35,24041.0,24000,41.0
B1-direct-4,direct,architecture2_4th_run_logs.log,12,36,1,695.2,2025-12-08 00:12:36,23039.0,23000,39.0
B1-direct-4,direct,architecture2_4th_run_logs.log,12,37,1,685.8,2025-12-08 00:12:37,22038.0,22000,38.0
B1-direct-4,direct,architecture2_4th_run_logs.log,12,38,1,687.0,2025-12-08 00:12:38,21037.0,21000,37.0
B1-direct-4,direct,architecture2_4th_run_logs.log,12,39,1,684.5,2025-12-08 00:12:39,20036.0,20000,36.0
B1-direct-4,direct,architecture2_4th_run_logs.log,12,40,1,684.7,2025-12-08 00:12:40,19036.0,19000,36.0
B1-direct-4,direct,architecture2_4th_run_logs.log,12,41,1,684.7,2025-12-08 00:12:41,18035.0,18000,35.0
B1-direct-4,direct,architecture2_4th_run_logs.log,12,42,1,687.7,2025-12-08 00:12:42,17033.0,17000,33.0
B1-direct-4,direct,architecture2_4th_run_logs.log,12,43,1,690.4,2025-12-08 00:12:43,16033.0,16000,33.0
B1-direct-4,direct,architecture2_4th_run_logs.log,12,44,1,713.0,2025-12-08 00:12:44,15032.0,15000,32.0
B1-direct-4,direct,architecture2_4th_run_logs.log,12,45,1,694.8,2025-12-08 00:12:45,14030.0,14000,30.0
B1-direct-4,direct,architecture2_4th_run_logs.log,12,46,1,700.2,2025-12-08 00:12:46,13029.0,13000,29.0
B1-direct-4,direct,architecture2_4th_run_logs.log,12,47,1,692.9,2025-12-08 00:12:47,12027.0,12000,27.0
B1-direct-4,direct,architecture2_4th_run_logs.log,12,48,1,693.7,2025-12-08 00:12:48,11025.0,11000,25.0
B1-direct-4,direct,architecture2_4th_run_logs.log,12,49,1,693.7,2025-12-08 00:12:49,10024.0,10000,24.0
B1-direct-4,direct,architecture2_4th_run_logs.log,12,50,1,693.6,2025-12-08 00:12:50,9023.0,9000,23.0
B1-direct-4,direct,architecture2_4th_run_logs.log,12,51,1,695.6,2025-12-08 00:12:51,8021.0,8000,21.0
B1-direct-4,direct,architecture2_4th_run_logs.log,12,52,1,696.0,2025-12-08 00:12:52,7019.0,7000,19.0
B1-direct-4,direct,architecture2_4th_run_logs.log,12,53,1,693.1,2025-12-08 00:12:53,6018.0,6000,18.0
B1-direct-4,direct,architecture2_4th_run_logs.log,12,54,1,697.2,2025-12-08 00:12:54,5017.0,5000,17.0
B1-direct-4,direct,architecture2_4th_run_logs.log,12,55,1,691.7,2025-12-08 00:12:55,4016.0,4000,16.0
B1-direct-4,direct,architecture2_4th_run_logs.log,12,56,1,693.4,2025-12-08 00:12:56,3015.0,3000,15.0
B1-direct-4,direct,architecture2_4th_run_logs.log,12,57,1,694.6,2025-12-08 00:12:57,2014.0,2000,14.0
B1-direct-4,direct,architecture2_4th_run_logs.log,12,58,1,689.8,2025-12-08 00:12:58,1013.0,1000,13.0
B1-direct-4,direct,architecture2_4th_run_logs.log,12,59,1,683.8,2025-12-08 00:12:59,12.0,0,12.0
B1-direct-4,direct,architecture2_4th_run_logs.log,13,0,1,688.6,2025-12-08 00:13:00,59083.0,59000,83.0
B1-direct-4,direct,architecture2_4th_run_logs.log,13,1,1,684.9,2025-12-08 00:13:01,58082.0,58000,82.0
B1-direct-4,direct,architecture2_4th_run_logs.log,13,2,1,688.1,2025-12-08 00:13:02,57082.0,57000,82.0
B1-direct-4,direct,architecture2_4th_run_logs.log,13,3,1,689.1,2025-12-08 00:13:03,56081.0,56000,81.0
B1-direct-4,direct,architecture2_4th_run_logs.log,13,4,1,686.7,2025-12-08 00:13:04,55080.0,55000,80.0
B1-direct-4,direct,architecture2_4th_run_logs.log,13,5,1,689.1,2025-12-08 00:13:05,54079.0,54000,79.0
B1-direct-4,direct,architecture2_4th_run_logs.log,13,6,1,695.1,2025-12-08 00:13:06,53078.0,53000,78.0
B1-direct-4,direct,architecture2_4th_run_logs.log,13,7,1,688.8,2025-12-08 00:13:07,52077.0,52000,77.0
B1-direct-4,direct,architecture2_4th_run_logs.log,13,8,1,695.9,2025-12-08 00:13:08,51076.0,51000,76.0
B1-direct-4,direct,architecture2_4th_run_logs.log,13,9,1,686.3,2025-12-08 00:13:09,50075.0,50000,75.0
B1-direct-4,direct,architecture2_4th_run_logs.log,13,10,1,685.1,2025-12-08 00:13:10,49074.0,49000,74.0
B1-direct-4,direct,architecture2_4th_run_logs.log,13,11,1,684.5,2025-12-08 00:13:11,48072.0,48000,72.0
B1-direct-4,direct,architecture2_4th_run_logs.log,13,12,1,688.2,2025-12-08 00:13:12,47071.0,47000,71.0
B1-direct-4,direct,architecture2_4th_run_logs.log,13,13,1,687.0,2025-12-08 00:13:13,46070.0,46000,70.0
B1-direct-4,direct,architecture2_4th_run_logs.log,13,14,1,689.0,2025-12-08 00:13:14,45068.0,45000,68.0
B1-direct-4,direct,architecture2_4th_run_logs.log,13,15,1,687.3,2025-12-08 00:13:15,44067.0,44000,67.0
B1-direct-4,direct,architecture2_4th_run_logs.log,13,16,1,684.8,2025-12-08 00:13:16,43066.0,43000,66.0
B1-direct-4,direct,architecture2_4th_run_logs.log,13,17,1,687.5,2025-12-08 00:13:17,42065.0,42000,65.0
B1-direct-4,direct,architecture2_4th_run_logs.log,13,18,1,688.8,2025-12-08 00:13:18,41065.0,41000,65.0
B1-direct-4,direct,architecture2_4th_run_logs.log,13,19,1,689.4,2025-12-08 00:13:19,40064.0,40000,64.0
B1-direct-4,direct,architecture2_4th_run_logs.log,13,20,1,690.8,2025-12-08 00:13:20,39063.0,39000,63.0
B1-direct-4,direct,architecture2_4th_run_logs.log,13,21,1,687.4,2025-12-08 00:13:21,38061.0,38000,61.0
B1-direct-4,direct,architecture2_4th_run_logs.log,13,22,1,685.1,2025-12-08 00:13:22,37060.0,37000,60.0
B1-direct-4,direct,architecture2_4th_run_logs.log,13,23,1,686.8,2025-12-08 00:13:23,36059.0,36000,59.0
B1-direct-4,direct,architecture2_4th_run_logs.log,13,24,1,691.3,2025-12-08 00:13:24,35057.0,35000,57.0
B1-direct-4,direct,architecture2_4th_run_logs.log,13,25,1,683.3,2025-12-08 00:13:25,34056.0,34000,56.0
B1-direct-4,direct,architecture2_4th_run_logs.log,13,26,1,686.5,2025-12-08 00:13:26,33055.0,33000,55.0
B1-direct-4,direct,architecture2_4th_run_logs.log,13,27,1,684.8,2025-12-08 00:13:27,32054.0,32000,54.0
B1-direct-4,direct,architecture2_4th_run_logs.log,13,28,1,683.7,2025-12-08 00:13:28,31052.0,31000,52.0
B1-direct-4,direct,architecture2_4th_run_logs.log,13,29,1,684.8,2025-12-08 00:13:29,30051.0,30000,51.0
B1-direct-4,direct,architecture2_4th_run_logs.log,13,30,1,684.1,2025-12-08 00:13:30,29050.0,29000,50.0
B1-direct-4,direct,architecture2_4th_run_logs.log,13,31,1,653.7,2025-12-08 00:13:31,28048.0,28000,48.0
B1-direct-4,direct,architecture2_4th_run_logs.log,13,32,1,656.2,2025-12-08 00:13:32,27047.0,27000,47.0
B1-direct-4,direct,architecture2_4th_run_logs.log,13,33,1,656.4,2025-12-08 00:13:33,26045.0,26000,45.0
B1-direct-4,direct,architecture2_4th_run_logs.log,13,34,1,656.9,2025-12-08 00:13:34,25044.0,25000,44.0
B1-direct-4,direct,architecture2_4th_run_logs.log,13,35,1,652.9,2025-12-08 00:13:35,24043.0,24000,43.0
B1-direct-4,direct,architecture2_4th_run_logs.log,13,36,1,654.3,2025-12-08 00:13:36,23041.0,23000,41.0
B1-direct-4,direct,architecture2_4th_run_logs.log,13,37,1,654.3,2025-12-08 00:13:37,22040.0,22000,40.0
B1-direct-4,direct,architecture2_4th_run_logs.log,13,38,1,655.0,2025-12-08 00:13:38,21038.0,21000,38.0
B1-direct-4,direct,architecture2_4th_run_logs.log,13,39,1,657.5,2025-12-08 00:13:39,20037.0,20000,37.0
B1-direct-4,direct,architecture2_4th_run_logs.log,13,40,1,653.5,2025-12-08 00:13:40,19036.0,19000,36.0
B1-direct-4,direct,architecture2_4th_run_logs.log,13,41,1,653.9,2025-12-08 00:13:41,18034.0,18000,34.0
B1-direct-4,direct,architecture2_4th_run_logs.log,13,42,1,656.9,2025-12-08 00:13:42,17033.0,17000,33.0
B1-direct-4,direct,architecture2_4th_run_logs.log,13,43,1,656.0,2025-12-08 00:13:43,16031.0,16000,31.0
B1-direct-4,direct,architecture2_4th_run_logs.log,13,44,1,658.0,2025-12-08 00:13:44,15030.0,15000,30.0
B1-direct-4,direct,architecture2_4th_run_logs.log,13,45,1,657.0,2025-12-08 00:13:45,14029.0,14000,29.0
B1-direct-4,direct,architecture2_4th_run_logs.log,13,46,1,651.6,2025-12-08 00:13:46,13027.0,13000,27.0
B1-direct-4,direct,architecture2_4th_run_logs.log,13,47,1,655.4,2025-12-08 00:13:47,12025.0,12000,25.0
B1-direct-4,direct,architecture2_4th_run_logs.log,13,48,1,655.8,2025-12-08 00:13:48,11024.0,11000,24.0
B1-direct-4,direct,architecture2_4th_run_logs.log,13,49,1,654.3,2025-12-08 00:13:49,10024.0,10000,24.0
B1-direct-4,direct,architecture2_4th_run_logs.log,13,50,1,659.0,2025-12-08 00:13:50,9022.0,9000,22.0
B1-direct-4,direct,architecture2_4th_run_logs.log,13,51,1,653.3,2025-12-08 00:13:51,8022.0,8000,22.0
B1-direct-4,direct,architecture2_4th_run_logs.log,13,52,1,655.4,2025-12-08 00:13:52,7021.0,7000,21.0
B1-direct-4,direct,architecture2_4th_run_logs.log,13,53,1,654.8,2025-12-08 00:13:53,6020.0,6000,20.0
B1-direct-4,direct,architecture2_4th_run_logs.log,13,54,1,658.2,2025-12-08 00:13:54,5019.0,5000,19.0
B1-direct-4,direct,architecture2_4th_run_logs.log,13,55,1,655.4,2025-12-08 00:13:55,4018.0,4000,18.0
B1-direct-4,direct,architecture2_4th_run_logs.log,13,56,1,654.4,2025-12-08 00:13:56,3017.0,3000,17.0
B1-direct-4,direct,architecture2_4th_run_logs.log,13,57,1,653.5,2025-12-08 00:13:57,2016.0,2000,16.0
B1-direct-4,direct,architecture2_4th_run_logs.log,13,58,1,655.7,2025-12-08 00:13:58,1015.0,1000,15.0
B1-direct-4,direct,architecture2_4th_run_logs.log,13,59,1,658.7,2025-12-08 00:13:59,13.0,0,13.0
