2026-06-01 11:39:02.170 INFO  [129250039058560] Client:86 | Subscribing on Topic :device2_model_consume
2026-06-01 11:39:02.170 INFO  [129250039058560] ClientConnection:196 | [<none> -> pulsar://localhost:6650] Create ClientConnection, timeout=10000
2026-06-01 11:39:02.171 INFO  [129250039058560] ConnectionPool:125 | Created connection for pulsar://localhost:6650-pulsar://localhost:6650-0
2026-06-01 11:39:02.171 INFO  [129249509897920] ClientConnection:416 | [127.0.0.1:35932 -> 127.0.0.1:6650] Connected to broker
2026-06-01 11:39:02.175 INFO  [129249509897920] HandlerBase:112 | [persistent://public/default/device2_model_consume, pythonSubscription, 0] Getting connection from pool
2026-06-01 11:39:02.176 INFO  [129249509897920] BinaryProtoLookupService:85 | Lookup response for persistent://public/default/device2_model_consume, lookup-broker-url pulsar://localhost:6650, from [127.0.0.1:35932 -> 127.0.0.1:6650] 
2026-06-01 11:39:02.192 INFO  [129249509897920] ConsumerImpl:337 | [persistent://public/default/device2_model_consume, pythonSubscription, 0] Created consumer on broker [127.0.0.1:35932 -> 127.0.0.1:6650] 
2026-06-01 11:39:02.192 INFO  [129249509897920] HandlerBase:134 | Finished connecting to broker after 17 ms
Coordinator service started

Database connection established
Dropped table device2_actualvalues
Table device2_actualvalues created successfully

No new messages received yet.Trying again...
No new messages received yet.Trying again...
No new messages received yet.Trying again...
No new messages received yet.Trying again...
No new messages received yet.Trying again...
No new messages received yet.Trying again...
No new messages received yet.Trying again...
No new messages received yet.Trying again...
No new messages received yet.Trying again...
No new messages received yet.Trying again...
No new messages received yet.Trying again...
No new messages received yet.Trying again...
No new messages received yet.Trying again...
No new messages received yet.Trying again...
No new messages received yet.Trying again...
No new messages received yet.Trying again...
No new messages received yet.Trying again...
No new messages received yet.Trying again...
No new messages received yet.Trying again...
No new messages received yet.Trying again...
No new messages received yet.Trying again...
No new messages received yet.Trying again...
No new messages received yet.Trying again...
No new messages received yet.Trying again...
No new messages received yet.Trying again...
No new messages received yet.Trying again...
No new messages received yet.Trying again...
No new messages received yet.Trying again...
No new messages received yet.Trying again...
No new messages received yet.Trying again...
No new messages received yet.Trying again...
No new messages received yet.Trying again...
No new messages received yet.Trying again...
No new messages received yet.Trying again...
No new messages received yet.Trying again...
No new messages received yet.Trying again...
No new messages received yet.Trying again...
No new messages received yet.Trying again...
No new messages received yet.Trying again...
No new messages received yet.Trying again...
No new messages received yet.Trying again...
No new messages received yet.Trying again...
No new messages received yet.Trying again...
No new messages received yet.Trying again...
No new messages received yet.Trying again...
No new messages received yet.Trying again...
No new messages received yet.Trying again...
No new messages received yet.Trying again...
No new messages received yet.Trying again...
No new messages received yet.Trying again...
No new messages received yet.Trying again...
No new messages received yet.Trying again...
No new messages received yet.Trying again...
No new messages received yet.Trying again...
No new messages received yet.Trying again...
No new messages received yet.Trying again...
No new messages received yet.Trying again...
No new messages received yet.Trying again...
No new messages received yet.Trying again...
No new messages received yet.Trying again...
No new messages received yet.Trying again...
No new messages received yet.Trying again...
No new messages received yet.Trying again...
No new messages received yet.Trying again...
No new messages received yet.Trying again...
No new messages received yet.Trying again...

Actual data inserted to database
No retrain triggered
Triggering forecasting

Forecasting.py script logs
Database connection established
Dropped table device2_forecastedvalues
Table device2_forecastedvalues created successfully

Value of --retrain flag: False

Forecasting for initial model using device2/initial/device2.keras and device2/initial/scaler.save
Successfully downloaded model and scaler from S3

Actual values fetched from database
    sensor_id  sensor_energy_value    sensor_timestamp  message_delay  computed_value
0           2            649.75102 2025-12-08 00:00:00   27583.857143  YES
1           2            610.00000 2025-12-08 00:00:01   51640.000000   NO
2           2            649.75102 2025-12-08 00:00:02   27583.857143  YES
3           2            610.30000 2025-12-08 00:00:03   50635.000000   NO
4           2            649.75102 2025-12-08 00:00:04   27583.857143  YES
5           2            608.10000 2025-12-08 00:00:05   49633.000000   NO
6           2            610.00000 2025-12-08 00:00:06    9540.000000   NO
7           2            594.30000 2025-12-08 00:00:07    8538.000000   NO
8           2            595.00000 2025-12-08 00:00:08    7536.000000   NO
9           2            603.80000 2025-12-08 00:00:09    6534.000000   NO
10          2            611.90000 2025-12-08 00:00:10    5532.000000   NO
11          2            613.20000 2025-12-08 00:00:11    4530.000000   NO
12          2            649.75102 2025-12-08 00:00:12   27583.857143  YES
13          2            606.30000 2025-12-08 00:00:13    3528.000000   NO
14          2            601.10000 2025-12-08 00:00:14   48631.000000   NO
15          2            603.80000 2025-12-08 00:00:15   47629.000000   NO
16          2            606.10000 2025-12-08 00:00:16   46627.000000   NO
17          2            605.10000 2025-12-08 00:00:17   45625.000000   NO
18          2            649.75102 2025-12-08 00:00:18   27583.857143  YES
19          2            649.75102 2025-12-08 00:00:19   27583.857143  YES
20          2            649.75102 2025-12-08 00:00:20   27583.857143  YES
21          2            610.90000 2025-12-08 00:00:21   44623.000000   NO
22          2            610.00000 2025-12-08 00:00:22   43621.000000   NO
23          2            613.20000 2025-12-08 00:00:23   42618.000000   NO
24          2            617.50000 2025-12-08 00:00:24   41616.000000   NO
25          2            600.20000 2025-12-08 00:00:25   40614.000000   NO
26          2            597.20000 2025-12-08 00:00:26   39612.000000   NO
27          2            626.60000 2025-12-08 00:00:27   38610.000000   NO
28          2            602.20000 2025-12-08 00:00:28   37607.000000   NO
29          2            649.75102 2025-12-08 00:00:29   27583.857143  YES
30          2            594.90000 2025-12-08 00:00:30   36604.000000   NO
31          2            614.40000 2025-12-08 00:00:31   35602.000000   NO
32          2            649.75102 2025-12-08 00:00:32   27583.857143  YES
33          2            726.40000 2025-12-08 00:00:33   34600.000000   NO
34          2            690.80000 2025-12-08 00:00:34   33598.000000   NO
35          2            696.50000 2025-12-08 00:00:35   32597.000000   NO
36          2            696.40000 2025-12-08 00:00:36   31594.000000   NO
37          2            614.30000 2025-12-08 00:00:37   30592.000000   NO
38          2            649.75102 2025-12-08 00:00:38   27583.857143  YES
39          2            649.75102 2025-12-08 00:00:39   27583.857143  YES
40          2            707.10000 2025-12-08 00:00:40   29589.000000   NO
41          2            704.40000 2025-12-08 00:00:41   28587.000000   NO
42          2            689.30000 2025-12-08 00:00:42   27585.000000   NO
43          2            680.40000 2025-12-08 00:00:43   26583.000000   NO
44          2            701.20000 2025-12-08 00:00:44   25580.000000   NO
45          2            692.90000 2025-12-08 00:00:45   24578.000000   NO
46          2            677.50000 2025-12-08 00:00:46   23575.000000   NO
47          2            694.70000 2025-12-08 00:00:47   22574.000000   NO
48          2            697.60000 2025-12-08 00:00:48   21572.000000   NO
49          2            698.20000 2025-12-08 00:00:49   20569.000000   NO
50          2            693.90000 2025-12-08 00:00:50   19567.000000   NO
51          2            699.50000 2025-12-08 00:00:51   18565.000000   NO
52          2            689.50000 2025-12-08 00:00:52   17562.000000   NO
53          2            679.80000 2025-12-08 00:00:53   16560.000000   NO
54          2            690.90000 2025-12-08 00:00:54   15557.000000   NO
55          2            696.20000 2025-12-08 00:00:55   14554.000000   NO
56          2            691.60000 2025-12-08 00:00:56   13551.000000   NO
57          2            682.70000 2025-12-08 00:00:57   12547.000000   NO
58          2            690.80000 2025-12-08 00:00:58   11545.000000   NO
59          2            689.10000 2025-12-08 00:00:59   10543.000000   NO
Forecasted values:
    sensor_id  sensor_energy_value_prediction    sensor_timestamp
0           2                      762.906006 2025-12-08 00:01:00
1           2                      771.613159 2025-12-08 00:01:01
2           2                      780.902222 2025-12-08 00:01:02
3           2                      790.373291 2025-12-08 00:01:03
4           2                      799.614258 2025-12-08 00:01:04
5           2                      808.420166 2025-12-08 00:01:05
6           2                      816.706421 2025-12-08 00:01:06
7           2                      824.457031 2025-12-08 00:01:07
8           2                      831.693665 2025-12-08 00:01:08
9           2                      838.456970 2025-12-08 00:01:09
10          2                      844.796021 2025-12-08 00:01:10
11          2                      850.761047 2025-12-08 00:01:11
12          2                      856.400330 2025-12-08 00:01:12
13          2                      861.757446 2025-12-08 00:01:13
14          2                      866.870911 2025-12-08 00:01:14
15          2                      871.773315 2025-12-08 00:01:15
16          2                      876.492310 2025-12-08 00:01:16
17          2                      881.050232 2025-12-08 00:01:17
18          2                      885.465759 2025-12-08 00:01:18
19          2                      889.753357 2025-12-08 00:01:19
20          2                      893.924988 2025-12-08 00:01:20
21          2                      897.989990 2025-12-08 00:01:21
22          2                      901.955750 2025-12-08 00:01:22
23          2                      905.828552 2025-12-08 00:01:23
24          2                      909.613342 2025-12-08 00:01:24
25          2                      913.314270 2025-12-08 00:01:25
26          2                      916.935059 2025-12-08 00:01:26
27          2                      920.479004 2025-12-08 00:01:27
28          2                      923.949219 2025-12-08 00:01:28
29          2                      927.348389 2025-12-08 00:01:29
30          2                      930.679382 2025-12-08 00:01:30
31          2                      933.945007 2025-12-08 00:01:31
32          2                      937.147827 2025-12-08 00:01:32
33          2                      940.290344 2025-12-08 00:01:33
34          2                      943.374878 2025-12-08 00:01:34
35          2                      946.404419 2025-12-08 00:01:35
36          2                      949.381165 2025-12-08 00:01:36
37          2                      952.307495 2025-12-08 00:01:37
38          2                      955.186340 2025-12-08 00:01:38
39          2                      958.019287 2025-12-08 00:01:39
40          2                      960.808838 2025-12-08 00:01:40
41          2                      963.556274 2025-12-08 00:01:41
42          2                      966.264465 2025-12-08 00:01:42
43          2                      968.935181 2025-12-08 00:01:43
44          2                      971.570129 2025-12-08 00:01:44
45          2                      974.171021 2025-12-08 00:01:45
46          2                      976.739746 2025-12-08 00:01:46
47          2                      979.278015 2025-12-08 00:01:47
48          2                      981.786804 2025-12-08 00:01:48
49          2                      984.267822 2025-12-08 00:01:49
50          2                      986.722534 2025-12-08 00:01:50
51          2                      989.152161 2025-12-08 00:01:51
52          2                      991.558105 2025-12-08 00:01:52
53          2                      993.941528 2025-12-08 00:01:53
54          2                      996.303772 2025-12-08 00:01:54
55          2                      998.645569 2025-12-08 00:01:55
56          2                     1000.967834 2025-12-08 00:01:56
57          2                     1003.272034 2025-12-08 00:01:57
58          2                     1005.559204 2025-12-08 00:01:58
59          2                     1007.829773 2025-12-08 00:01:59
Forecasted values inserted into database
Exiting forecasting script

No new messages received yet.Trying again...
No new messages received yet.Trying again...
No new messages received yet.Trying again...
No new messages received yet.Trying again...
No new messages received yet.Trying again...
No new messages received yet.Trying again...
No new messages received yet.Trying again...
No new messages received yet.Trying again...
No new messages received yet.Trying again...
No new messages received yet.Trying again...
No new messages received yet.Trying again...
No new messages received yet.Trying again...
No new messages received yet.Trying again...
No new messages received yet.Trying again...
No new messages received yet.Trying again...
No new messages received yet.Trying again...
No new messages received yet.Trying again...
No new messages received yet.Trying again...
No new messages received yet.Trying again...
No new messages received yet.Trying again...
No new messages received yet.Trying again...
No new messages received yet.Trying again...
No new messages received yet.Trying again...
No new messages received yet.Trying again...
No new messages received yet.Trying again...
No new messages received yet.Trying again...
No new messages received yet.Trying again...
No new messages received yet.Trying again...
No new messages received yet.Trying again...
No new messages received yet.Trying again...
No new messages received yet.Trying again...
No new messages received yet.Trying again...
No new messages received yet.Trying again...
No new messages received yet.Trying again...
No new messages received yet.Trying again...
No new messages received yet.Trying again...
No new messages received yet.Trying again...
No new messages received yet.Trying again...

Actual data inserted to database
No retrain triggered
Triggering forecasting

Forecasting.py script logs
Database connection established
Value of --retrain flag: False

Forecasting for initial model using device2/initial/device2.keras and device2/initial/scaler.save
Successfully downloaded model and scaler from S3

Actual values fetched from database
    sensor_id  sensor_energy_value    sensor_timestamp  message_delay  computed_value
0           2          1054.380952 2025-12-08 00:01:00   31719.547619  YES
1           2          1054.380952 2025-12-08 00:01:01   31719.547619  YES
2           2          1054.380952 2025-12-08 00:01:02   31719.547619  YES
3           2          1054.380952 2025-12-08 00:01:03   31719.547619  YES
4           2           685.200000 2025-12-08 00:01:04   52261.000000   NO
5           2          1054.380952 2025-12-08 00:01:05   31719.547619  YES
6           2          1030.400000 2025-12-08 00:01:06   12177.000000   NO
7           2           869.600000 2025-12-08 00:01:07   11175.000000   NO
8           2           881.700000 2025-12-08 00:01:08   36230.000000   NO
9           2           934.000000 2025-12-08 00:01:09   35228.000000   NO
10          2           876.200000 2025-12-08 00:01:10   34225.000000   NO
11          2          1054.380952 2025-12-08 00:01:11   31719.547619  YES
12          2          1054.380952 2025-12-08 00:01:12   31719.547619  YES
13          2           963.800000 2025-12-08 00:01:13   33223.000000   NO
14          2           991.400000 2025-12-08 00:01:14   32221.000000   NO
15          2          1008.600000 2025-12-08 00:01:15   31219.000000   NO
16          2          1054.380952 2025-12-08 00:01:16   31719.547619  YES
17          2          1041.100000 2025-12-08 00:01:17   30217.000000   NO
18          2          1064.300000 2025-12-08 00:01:18   29215.000000   NO
19          2          1054.380952 2025-12-08 00:01:19   31719.547619  YES
20          2          1090.600000 2025-12-08 00:01:20   28213.000000   NO
21          2          1054.380952 2025-12-08 00:01:21   31719.547619  YES
22          2          1054.380952 2025-12-08 00:01:22   31719.547619  YES
23          2          1090.600000 2025-12-08 00:01:23   27211.000000   NO
24          2          1079.500000 2025-12-08 00:01:24   26209.000000   NO
25          2          1082.400000 2025-12-08 00:01:25   25207.000000   NO
26          2          1094.400000 2025-12-08 00:01:26   24205.000000   NO
27          2          1088.400000 2025-12-08 00:01:27   23203.000000   NO
28          2          1054.380952 2025-12-08 00:01:28   31719.547619  YES
29          2          1091.000000 2025-12-08 00:01:29   22201.000000   NO
30          2          1084.300000 2025-12-08 00:01:30   21199.000000   NO
31          2          1054.380952 2025-12-08 00:01:31   31719.547619  YES
32          2          1095.700000 2025-12-08 00:01:32   20197.000000   NO
33          2          1080.400000 2025-12-08 00:01:33   19194.000000   NO
34          2          1082.100000 2025-12-08 00:01:34   18192.000000   NO
35          2          1094.900000 2025-12-08 00:01:35   17190.000000   NO
36          2          1075.600000 2025-12-08 00:01:36   16187.000000   NO
37          2          1077.700000 2025-12-08 00:01:37   15184.000000   NO
38          2          1102.100000 2025-12-08 00:01:38   14182.000000   NO
39          2          1086.100000 2025-12-08 00:01:39   13179.000000   NO
40          2          1079.000000 2025-12-08 00:01:40   51259.000000   NO
41          2          1099.600000 2025-12-08 00:01:41   50257.000000   NO
42          2          1093.700000 2025-12-08 00:01:42   49254.000000   NO
43          2          1093.500000 2025-12-08 00:01:43   48252.000000   NO
44          2          1097.200000 2025-12-08 00:01:44   47250.000000   NO
45          2          1106.200000 2025-12-08 00:01:45   46248.000000   NO
46          2          1116.400000 2025-12-08 00:01:46   45247.000000   NO
47          2          1054.380952 2025-12-08 00:01:47   31719.547619  YES
48          2          1106.000000 2025-12-08 00:01:48   44245.000000   NO
49          2          1054.380952 2025-12-08 00:01:49   31719.547619  YES
50          2          1098.600000 2025-12-08 00:01:50   43243.000000   NO
51          2          1100.600000 2025-12-08 00:01:51   42242.000000   NO
52          2          1054.380952 2025-12-08 00:01:52   31719.547619  YES
53          2          1113.800000 2025-12-08 00:01:53   41240.000000   NO
54          2          1108.700000 2025-12-08 00:01:54   40238.000000   NO
55          2          1054.380952 2025-12-08 00:01:55   31719.547619  YES
56          2          1109.200000 2025-12-08 00:01:56   39236.000000   NO
57          2          1116.500000 2025-12-08 00:01:57   38234.000000   NO
58          2          1102.900000 2025-12-08 00:01:58   37232.000000   NO
59          2          1054.380952 2025-12-08 00:01:59   31719.547619  YES
Forecasted values:
    sensor_id  sensor_energy_value_prediction    sensor_timestamp
0           2                     1104.612183 2025-12-08 00:02:00
1           2                     1107.546265 2025-12-08 00:02:01
2           2                     1110.060425 2025-12-08 00:02:02
3           2                     1112.797974 2025-12-08 00:02:03
4           2                     1115.610107 2025-12-08 00:02:04
5           2                     1118.463379 2025-12-08 00:02:05
6           2                     1121.178223 2025-12-08 00:02:06
7           2                     1123.801636 2025-12-08 00:02:07
8           2                     1126.357910 2025-12-08 00:02:08
9           2                     1128.822144 2025-12-08 00:02:09
10          2                     1131.197144 2025-12-08 00:02:10
11          2                     1133.518799 2025-12-08 00:02:11
12          2                     1135.750366 2025-12-08 00:02:12
13          2                     1137.941650 2025-12-08 00:02:13
14          2                     1140.125488 2025-12-08 00:02:14
15          2                     1142.286011 2025-12-08 00:02:15
16          2                     1144.433716 2025-12-08 00:02:16
17          2                     1146.568481 2025-12-08 00:02:17
18          2                     1148.708496 2025-12-08 00:02:18
19          2                     1150.849487 2025-12-08 00:02:19
20          2                     1153.001587 2025-12-08 00:02:20
21          2                     1155.155518 2025-12-08 00:02:21
22          2                     1157.329224 2025-12-08 00:02:22
23          2                     1159.515259 2025-12-08 00:02:23
24          2                     1161.704346 2025-12-08 00:02:24
25          2                     1163.907471 2025-12-08 00:02:25
26          2                     1166.120850 2025-12-08 00:02:26
27          2                     1168.341797 2025-12-08 00:02:27
28          2                     1170.573730 2025-12-08 00:02:28
29          2                     1172.823242 2025-12-08 00:02:29
30          2                     1175.072510 2025-12-08 00:02:30
31          2                     1177.331055 2025-12-08 00:02:31
32          2                     1179.604492 2025-12-08 00:02:32
33          2                     1181.874634 2025-12-08 00:02:33
34          2                     1184.154785 2025-12-08 00:02:34
35          2                     1186.440186 2025-12-08 00:02:35
36          2                     1188.727783 2025-12-08 00:02:36
37          2                     1191.025146 2025-12-08 00:02:37
38          2                     1193.326782 2025-12-08 00:02:38
39          2                     1195.626831 2025-12-08 00:02:39
40          2                     1197.934448 2025-12-08 00:02:40
41          2                     1200.247681 2025-12-08 00:02:41
42          2                     1202.559326 2025-12-08 00:02:42
43          2                     1204.875366 2025-12-08 00:02:43
44          2                     1207.194092 2025-12-08 00:02:44
45          2                     1209.514282 2025-12-08 00:02:45
46          2                     1211.834351 2025-12-08 00:02:46
47          2                     1214.153198 2025-12-08 00:02:47
48          2                     1216.489136 2025-12-08 00:02:48
49          2                     1218.813232 2025-12-08 00:02:49
50          2                     1221.151001 2025-12-08 00:02:50
51          2                     1223.477661 2025-12-08 00:02:51
52          2                     1225.802979 2025-12-08 00:02:52
53          2                     1228.139404 2025-12-08 00:02:53
54          2                     1230.458984 2025-12-08 00:02:54
55          2                     1232.777222 2025-12-08 00:02:55
56          2                     1235.106689 2025-12-08 00:02:56
57          2                     1237.418945 2025-12-08 00:02:57
58          2                     1239.724976 2025-12-08 00:02:58
59          2                     1242.029663 2025-12-08 00:02:59
Forecasted values inserted into database
Exiting forecasting script

No new messages received yet.Trying again...
No new messages received yet.Trying again...
No new messages received yet.Trying again...
No new messages received yet.Trying again...
No new messages received yet.Trying again...
No new messages received yet.Trying again...
No new messages received yet.Trying again...
No new messages received yet.Trying again...
No new messages received yet.Trying again...
No new messages received yet.Trying again...
No new messages received yet.Trying again...
No new messages received yet.Trying again...
No new messages received yet.Trying again...
No new messages received yet.Trying again...
No new messages received yet.Trying again...
No new messages received yet.Trying again...
No new messages received yet.Trying again...
No new messages received yet.Trying again...
No new messages received yet.Trying again...
No new messages received yet.Trying again...
No new messages received yet.Trying again...
No new messages received yet.Trying again...
No new messages received yet.Trying again...
No new messages received yet.Trying again...
No new messages received yet.Trying again...
No new messages received yet.Trying again...
No new messages received yet.Trying again...
No new messages received yet.Trying again...

Actual data inserted to database
No retrain triggered
Triggering forecasting

Forecasting.py script logs
Database connection established
Value of --retrain flag: False

Forecasting for initial model using device2/initial/device2.keras and device2/initial/scaler.save
Successfully downloaded model and scaler from S3

Actual values fetched from database
    sensor_id  sensor_energy_value    sensor_timestamp  message_delay  computed_value
0           2              1107.14 2025-12-08 00:02:00   28084.622222  YES
1           2              1107.14 2025-12-08 00:02:01   28084.622222  YES
2           2              1107.14 2025-12-08 00:02:02   28084.622222  YES
3           2              1107.14 2025-12-08 00:02:03   28084.622222  YES
4           2              1087.70 2025-12-08 00:02:04   43117.000000   NO
5           2              1107.14 2025-12-08 00:02:05   28084.622222  YES
6           2              1101.80 2025-12-08 00:02:06   42115.000000   NO
7           2              1116.00 2025-12-08 00:02:07   41114.000000   NO
8           2              1106.50 2025-12-08 00:02:08   40111.000000   NO
9           2              1113.60 2025-12-08 00:02:09   39109.000000   NO
10          2              1107.14 2025-12-08 00:02:10   28084.622222  YES
11          2              1097.90 2025-12-08 00:02:11   38107.000000   NO
12          2              1113.90 2025-12-08 00:02:12   37106.000000   NO
13          2              1106.90 2025-12-08 00:02:13   36104.000000   NO
14          2              1093.60 2025-12-08 00:02:14   35102.000000   NO
15          2              1106.40 2025-12-08 00:02:15   34099.000000   NO
16          2              1117.70 2025-12-08 00:02:16   33097.000000   NO
17          2              1115.20 2025-12-08 00:02:17   32095.000000   NO
18          2              1107.90 2025-12-08 00:02:18   31093.000000   NO
19          2              1104.80 2025-12-08 00:02:19   30090.000000   NO
20          2              1110.20 2025-12-08 00:02:20   50132.000000   NO
21          2              1106.10 2025-12-08 00:02:21   49130.000000   NO
22          2              1103.10 2025-12-08 00:02:22   48126.000000   NO
23          2              1102.60 2025-12-08 00:02:23   47124.000000   NO
24          2              1113.10 2025-12-08 00:02:24   46122.000000   NO
25          2              1103.50 2025-12-08 00:02:25   45121.000000   NO
26          2              1113.80 2025-12-08 00:02:26   44119.000000   NO
27          2              1095.80 2025-12-08 00:02:27   29088.000000   NO
28          2              1106.30 2025-12-08 00:02:28   28086.000000   NO
29          2              1111.40 2025-12-08 00:02:29   27084.000000   NO
30          2              1107.14 2025-12-08 00:02:30   28084.622222  YES
31          2              1107.14 2025-12-08 00:02:31   28084.622222  YES
32          2              1117.00 2025-12-08 00:02:32   26082.000000   NO
33          2              1105.50 2025-12-08 00:02:33   25079.000000   NO
34          2              1104.20 2025-12-08 00:02:34   24077.000000   NO
35          2              1105.30 2025-12-08 00:02:35   23075.000000   NO
36          2              1113.90 2025-12-08 00:02:36   22073.000000   NO
37          2              1116.50 2025-12-08 00:02:37   21070.000000   NO
38          2              1120.60 2025-12-08 00:02:38   20068.000000   NO
39          2              1107.80 2025-12-08 00:02:39   19065.000000   NO
40          2              1107.14 2025-12-08 00:02:40   28084.622222  YES
41          2              1117.20 2025-12-08 00:02:41   18062.000000   NO
42          2              1096.60 2025-12-08 00:02:42   17060.000000   NO
43          2              1107.14 2025-12-08 00:02:43   28084.622222  YES
44          2              1100.20 2025-12-08 00:02:44   16058.000000   NO
45          2              1101.30 2025-12-08 00:02:45   15055.000000   NO
46          2              1107.14 2025-12-08 00:02:46   28084.622222  YES
47          2              1107.14 2025-12-08 00:02:47   28084.622222  YES
48          2              1110.90 2025-12-08 00:02:48   14053.000000   NO
49          2              1086.20 2025-12-08 00:02:49   13050.000000   NO
50          2              1104.60 2025-12-08 00:02:50   12047.000000   NO
51          2              1122.90 2025-12-08 00:02:51   11045.000000   NO
52          2              1112.90 2025-12-08 00:02:52   10043.000000   NO
53          2              1115.30 2025-12-08 00:02:53    9042.000000   NO
54          2              1096.00 2025-12-08 00:02:54    8039.000000   NO
55          2              1107.14 2025-12-08 00:02:55   28084.622222  YES
56          2              1107.14 2025-12-08 00:02:56   28084.622222  YES
57          2              1107.14 2025-12-08 00:02:57   28084.622222  YES
58          2              1106.70 2025-12-08 00:02:58    7038.000000   NO
59          2              1103.90 2025-12-08 00:02:59    6036.000000   NO
Forecasted values:
    sensor_id  sensor_energy_value_prediction    sensor_timestamp
0           2                     1124.633667 2025-12-08 00:03:00
1           2                     1127.772339 2025-12-08 00:03:01
2           2                     1130.828735 2025-12-08 00:03:02
3           2                     1133.944580 2025-12-08 00:03:03
4           2                     1137.005249 2025-12-08 00:03:04
5           2                     1139.954346 2025-12-08 00:03:05
6           2                     1142.757935 2025-12-08 00:03:06
7           2                     1145.421265 2025-12-08 00:03:07
8           2                     1147.951172 2025-12-08 00:03:08
9           2                     1150.371582 2025-12-08 00:03:09
10          2                     1152.698364 2025-12-08 00:03:10
11          2                     1154.956055 2025-12-08 00:03:11
12          2                     1157.163940 2025-12-08 00:03:12
13          2                     1159.331909 2025-12-08 00:03:13
14          2                     1161.480103 2025-12-08 00:03:14
15          2                     1163.621338 2025-12-08 00:03:15
16          2                     1165.757935 2025-12-08 00:03:16
17          2                     1167.896484 2025-12-08 00:03:17
18          2                     1170.045166 2025-12-08 00:03:18
19          2                     1172.208496 2025-12-08 00:03:19
20          2                     1174.386719 2025-12-08 00:03:20
21          2                     1176.578613 2025-12-08 00:03:21
22          2                     1178.786255 2025-12-08 00:03:22
23          2                     1181.009155 2025-12-08 00:03:23
24          2                     1183.245605 2025-12-08 00:03:24
25          2                     1185.491455 2025-12-08 00:03:25
26          2                     1187.750977 2025-12-08 00:03:26
27          2                     1190.017456 2025-12-08 00:03:27
28          2                     1192.297241 2025-12-08 00:03:28
29          2                     1194.581909 2025-12-08 00:03:29
30          2                     1196.871704 2025-12-08 00:03:30
31          2                     1199.168335 2025-12-08 00:03:31
32          2                     1201.469604 2025-12-08 00:03:32
33          2                     1203.772461 2025-12-08 00:03:33
34          2                     1206.081787 2025-12-08 00:03:34
35          2                     1208.394287 2025-12-08 00:03:35
36          2                     1210.709106 2025-12-08 00:03:36
37          2                     1213.023438 2025-12-08 00:03:37
38          2                     1215.338623 2025-12-08 00:03:38
39          2                     1217.654053 2025-12-08 00:03:39
40          2                     1219.973022 2025-12-08 00:03:40
41          2                     1222.292603 2025-12-08 00:03:41
42          2                     1224.609741 2025-12-08 00:03:42
43          2                     1226.931274 2025-12-08 00:03:43
44          2                     1229.249268 2025-12-08 00:03:44
45          2                     1231.567505 2025-12-08 00:03:45
46          2                     1233.883667 2025-12-08 00:03:46
47          2                     1236.195557 2025-12-08 00:03:47
48          2                     1238.504150 2025-12-08 00:03:48
49          2                     1240.808105 2025-12-08 00:03:49
50          2                     1243.113892 2025-12-08 00:03:50
51          2                     1245.410400 2025-12-08 00:03:51
52          2                     1247.696533 2025-12-08 00:03:52
53          2                     1249.978760 2025-12-08 00:03:53
54          2                     1252.253296 2025-12-08 00:03:54
55          2                     1254.525757 2025-12-08 00:03:55
56          2                     1256.787354 2025-12-08 00:03:56
57          2                     1259.040039 2025-12-08 00:03:57
58          2                     1261.283813 2025-12-08 00:03:58
59          2                     1263.517578 2025-12-08 00:03:59
Forecasted values inserted into database
Exiting forecasting script

No new messages received yet.Trying again...
No new messages received yet.Trying again...
No new messages received yet.Trying again...
No new messages received yet.Trying again...
No new messages received yet.Trying again...
No new messages received yet.Trying again...
No new messages received yet.Trying again...
No new messages received yet.Trying again...
No new messages received yet.Trying again...
No new messages received yet.Trying again...
No new messages received yet.Trying again...
No new messages received yet.Trying again...
No new messages received yet.Trying again...
No new messages received yet.Trying again...
No new messages received yet.Trying again...
No new messages received yet.Trying again...
No new messages received yet.Trying again...
No new messages received yet.Trying again...
No new messages received yet.Trying again...
No new messages received yet.Trying again...
No new messages received yet.Trying again...
No new messages received yet.Trying again...
No new messages received yet.Trying again...
No new messages received yet.Trying again...
No new messages received yet.Trying again...
No new messages received yet.Trying again...
No new messages received yet.Trying again...
No new messages received yet.Trying again...
No new messages received yet.Trying again...
No new messages received yet.Trying again...
No new messages received yet.Trying again...
No new messages received yet.Trying again...
No new messages received yet.Trying again...
No new messages received yet.Trying again...
No new messages received yet.Trying again...
No new messages received yet.Trying again...
No new messages received yet.Trying again...

Actual data inserted to database
No retrain triggered
Triggering forecasting

Forecasting.py script logs
Database connection established
Value of --retrain flag: False

Forecasting for initial model using device2/initial/device2.keras and device2/initial/scaler.save
Successfully downloaded model and scaler from S3

Actual values fetched from database
    sensor_id  sensor_energy_value    sensor_timestamp  message_delay  computed_value
0           2          1118.800000 2025-12-08 00:03:00   55181.000000   NO
1           2          1105.200000 2025-12-08 00:03:01   54179.000000   NO
2           2          1103.200000 2025-12-08 00:03:02   53177.000000   NO
3           2          1153.484444 2025-12-08 00:03:03   33118.377778  YES
4           2          1110.600000 2025-12-08 00:03:04   52176.000000   NO
5           2          1107.200000 2025-12-08 00:03:05   51174.000000   NO
6           2          1135.400000 2025-12-08 00:03:06   50172.000000   NO
7           2          1101.700000 2025-12-08 00:03:07   49170.000000   NO
8           2          1099.100000 2025-12-08 00:03:08   48168.000000   NO
9           2          1106.000000 2025-12-08 00:03:09   47166.000000   NO
10          2          1153.484444 2025-12-08 00:03:10   33118.377778  YES
11          2          1112.600000 2025-12-08 00:03:11   46164.000000   NO
12          2          1107.300000 2025-12-08 00:03:12   45162.000000   NO
13          2          1107.100000 2025-12-08 00:03:13   44160.000000   NO
14          2          1104.700000 2025-12-08 00:03:14   43158.000000   NO
15          2          1153.484444 2025-12-08 00:03:15   33118.377778  YES
16          2          1102.000000 2025-12-08 00:03:16   42155.000000   NO
17          2          1108.300000 2025-12-08 00:03:17   41153.000000   NO
18          2          1111.900000 2025-12-08 00:03:18   40150.000000   NO
19          2          1096.700000 2025-12-08 00:03:19   39149.000000   NO
20          2          1106.100000 2025-12-08 00:03:20   38146.000000   NO
21          2          1108.500000 2025-12-08 00:03:21   37142.000000   NO
22          2          1112.600000 2025-12-08 00:03:22   36135.000000   NO
23          2          1153.484444 2025-12-08 00:03:23   33118.377778  YES
24          2          1153.484444 2025-12-08 00:03:24   33118.377778  YES
25          2          1109.500000 2025-12-08 00:03:25   35132.000000   NO
26          2          1099.600000 2025-12-08 00:03:26   34131.000000   NO
27          2          1132.000000 2025-12-08 00:03:27   33125.000000   NO
28          2          1207.700000 2025-12-08 00:03:28   32104.000000   NO
29          2          1153.484444 2025-12-08 00:03:29   33118.377778  YES
30          2          1193.400000 2025-12-08 00:03:30   31101.000000   NO
31          2          1207.800000 2025-12-08 00:03:31   30098.000000   NO
32          2          1193.600000 2025-12-08 00:03:32   29095.000000   NO
33          2          1212.000000 2025-12-08 00:03:33   28093.000000   NO
34          2          1205.700000 2025-12-08 00:03:34   27092.000000   NO
35          2          1208.700000 2025-12-08 00:03:35   26086.000000   NO
36          2          1153.484444 2025-12-08 00:03:36   33118.377778  YES
37          2          1201.000000 2025-12-08 00:03:37   25083.000000   NO
38          2          1195.300000 2025-12-08 00:03:38   24080.000000   NO
39          2          1204.300000 2025-12-08 00:03:39   23078.000000   NO
40          2          1201.900000 2025-12-08 00:03:40   22076.000000   NO
41          2          1181.200000 2025-12-08 00:03:41   21074.000000   NO
42          2          1196.500000 2025-12-08 00:03:42   20072.000000   NO
43          2          1199.000000 2025-12-08 00:03:43   19071.000000   NO
44          2          1197.700000 2025-12-08 00:03:44   18068.000000   NO
45          2          1180.400000 2025-12-08 00:03:45   17066.000000   NO
46          2          1205.400000 2025-12-08 00:03:46   16065.000000   NO
47          2          1207.700000 2025-12-08 00:03:47   15063.000000   NO
48          2          1153.484444 2025-12-08 00:03:48   33118.377778  YES
49          2          1186.400000 2025-12-08 00:03:49   14061.000000   NO
50          2          1196.000000 2025-12-08 00:03:50   13060.000000   NO
51          2          1153.484444 2025-12-08 00:03:51   33118.377778  YES
52          2          1209.100000 2025-12-08 00:03:52   12059.000000   NO
53          2          1209.900000 2025-12-08 00:03:53   11057.000000   NO
54          2          1153.484444 2025-12-08 00:03:54   33118.377778  YES
55          2          1153.484444 2025-12-08 00:03:55   33118.377778  YES
56          2          1153.484444 2025-12-08 00:03:56   33118.377778  YES
57          2          1153.484444 2025-12-08 00:03:57   33118.377778  YES
58          2          1153.484444 2025-12-08 00:03:58   33118.377778  YES
59          2          1153.484444 2025-12-08 00:03:59   33118.377778  YES
Forecasted values:
    sensor_id  sensor_energy_value_prediction    sensor_timestamp
0           2                     1183.571899 2025-12-08 00:04:00
1           2                     1187.767700 2025-12-08 00:04:01
2           2                     1191.936768 2025-12-08 00:04:02
3           2                     1196.248657 2025-12-08 00:04:03
4           2                     1200.463257 2025-12-08 00:04:04
5           2                     1204.476196 2025-12-08 00:04:05
6           2                     1208.220581 2025-12-08 00:04:06
7           2                     1211.675537 2025-12-08 00:04:07
8           2                     1214.871826 2025-12-08 00:04:08
9           2                     1217.830200 2025-12-08 00:04:09
10          2                     1220.582764 2025-12-08 00:04:10
11          2                     1223.155151 2025-12-08 00:04:11
12          2                     1225.606445 2025-12-08 00:04:12
13          2                     1227.959595 2025-12-08 00:04:13
14          2                     1230.240967 2025-12-08 00:04:14
15          2                     1232.474243 2025-12-08 00:04:15
16          2                     1234.663208 2025-12-08 00:04:16
17          2                     1236.849731 2025-12-08 00:04:17
18          2                     1239.028809 2025-12-08 00:04:18
19          2                     1241.207764 2025-12-08 00:04:19
20          2                     1243.396362 2025-12-08 00:04:20
21          2                     1245.589722 2025-12-08 00:04:21
22          2                     1247.790527 2025-12-08 00:04:22
23          2                     1249.997437 2025-12-08 00:04:23
24          2                     1252.197998 2025-12-08 00:04:24
25          2                     1254.401733 2025-12-08 00:04:25
26          2                     1256.619507 2025-12-08 00:04:26
27          2                     1258.839600 2025-12-08 00:04:27
28          2                     1261.047729 2025-12-08 00:04:28
29          2                     1263.228394 2025-12-08 00:04:29
30          2                     1265.416748 2025-12-08 00:04:30
31          2                     1267.585083 2025-12-08 00:04:31
32          2                     1269.738892 2025-12-08 00:04:32
33          2                     1271.885132 2025-12-08 00:04:33
34          2                     1274.014282 2025-12-08 00:04:34
35          2                     1276.132324 2025-12-08 00:04:35
36          2                     1278.236572 2025-12-08 00:04:36
37          2                     1280.342041 2025-12-08 00:04:37
38          2                     1282.421509 2025-12-08 00:04:38
39          2                     1284.487915 2025-12-08 00:04:39
40          2                     1286.537476 2025-12-08 00:04:40
41          2                     1288.572388 2025-12-08 00:04:41
42          2                     1290.597534 2025-12-08 00:04:42
43          2                     1292.602783 2025-12-08 00:04:43
44          2                     1294.591431 2025-12-08 00:04:44
45          2                     1296.563721 2025-12-08 00:04:45
46          2                     1298.523315 2025-12-08 00:04:46
47          2                     1300.459595 2025-12-08 00:04:47
48          2                     1302.377197 2025-12-08 00:04:48
49          2                     1304.289917 2025-12-08 00:04:49
50          2                     1306.176514 2025-12-08 00:04:50
51          2                     1308.041626 2025-12-08 00:04:51
52          2                     1309.897217 2025-12-08 00:04:52
53          2                     1311.720215 2025-12-08 00:04:53
54          2                     1313.522583 2025-12-08 00:04:54
55          2                     1315.317017 2025-12-08 00:04:55
56          2                     1317.090454 2025-12-08 00:04:56
57          2                     1318.843018 2025-12-08 00:04:57
58          2                     1320.573486 2025-12-08 00:04:58
59          2                     1322.281860 2025-12-08 00:04:59
Forecasted values inserted into database
Exiting forecasting script

No new messages received yet.Trying again...
No new messages received yet.Trying again...
No new messages received yet.Trying again...
No new messages received yet.Trying again...
No new messages received yet.Trying again...
No new messages received yet.Trying again...
No new messages received yet.Trying again...
No new messages received yet.Trying again...
No new messages received yet.Trying again...
No new messages received yet.Trying again...
No new messages received yet.Trying again...
No new messages received yet.Trying again...
No new messages received yet.Trying again...
No new messages received yet.Trying again...
No new messages received yet.Trying again...
No new messages received yet.Trying again...
No new messages received yet.Trying again...
No new messages received yet.Trying again...
No new messages received yet.Trying again...
No new messages received yet.Trying again...
No new messages received yet.Trying again...
No new messages received yet.Trying again...
No new messages received yet.Trying again...
No new messages received yet.Trying again...
No new messages received yet.Trying again...
No new messages received yet.Trying again...
No new messages received yet.Trying again...
No new messages received yet.Trying again...

Actual data inserted to database
No retrain triggered
Triggering forecasting

Forecasting.py script logs
Database connection established
Value of --retrain flag: False

Forecasting for initial model using device2/initial/device2.keras and device2/initial/scaler.save
Successfully downloaded model and scaler from S3

Actual values fetched from database
    sensor_id  sensor_energy_value    sensor_timestamp  message_delay  computed_value
0           2          1281.732609 2025-12-08 00:04:00   27448.586957  YES
1           2          1264.400000 2025-12-08 00:04:01   12922.000000   NO
2           2          1245.700000 2025-12-08 00:04:02   11920.000000   NO
3           2          1251.300000 2025-12-08 00:04:03   10918.000000   NO
4           2          1253.900000 2025-12-08 00:04:04    9916.000000   NO
5           2          1281.732609 2025-12-08 00:04:05   27448.586957  YES
6           2          1256.800000 2025-12-08 00:04:06    8914.000000   NO
7           2          1249.400000 2025-12-08 00:04:07    7911.000000   NO
8           2          1281.732609 2025-12-08 00:04:08   27448.586957  YES
9           2          1249.300000 2025-12-08 00:04:09    6909.000000   NO
10          2          1245.100000 2025-12-08 00:04:10    5907.000000   NO
11          2          1247.400000 2025-12-08 00:04:11    4904.000000   NO
12          2          1281.732609 2025-12-08 00:04:12   27448.586957  YES
13          2          1253.000000 2025-12-08 00:04:13   49996.000000   NO
14          2          1234.200000 2025-12-08 00:04:14   48990.000000   NO
15          2          1262.900000 2025-12-08 00:04:15   47987.000000   NO
16          2          1257.100000 2025-12-08 00:04:16   46985.000000   NO
17          2          1281.732609 2025-12-08 00:04:17   27448.586957  YES
18          2          1281.732609 2025-12-08 00:04:18   27448.586957  YES
19          2          1252.700000 2025-12-08 00:04:19   45983.000000   NO
20          2          1261.900000 2025-12-08 00:04:20   44981.000000   NO
21          2          1265.600000 2025-12-08 00:04:21   43980.000000   NO
22          2          1267.400000 2025-12-08 00:04:22   42977.000000   NO
23          2          1241.600000 2025-12-08 00:04:23   41975.000000   NO
24          2          1253.000000 2025-12-08 00:04:24   40973.000000   NO
25          2          1246.900000 2025-12-08 00:04:25   39972.000000   NO
26          2          1281.732609 2025-12-08 00:04:26   27448.586957  YES
27          2          1281.732609 2025-12-08 00:04:27   27448.586957  YES
28          2          1265.100000 2025-12-08 00:04:28   38969.000000   NO
29          2          1281.732609 2025-12-08 00:04:29   27448.586957  YES
30          2          1246.100000 2025-12-08 00:04:30   37967.000000   NO
31          2          1253.900000 2025-12-08 00:04:31   32959.000000   NO
32          2          1275.800000 2025-12-08 00:04:32   31957.000000   NO
33          2          1238.200000 2025-12-08 00:04:33   30956.000000   NO
34          2          1251.100000 2025-12-08 00:04:34   29954.000000   NO
35          2          1245.900000 2025-12-08 00:04:35   28953.000000   NO
36          2          1266.300000 2025-12-08 00:04:36   27951.000000   NO
37          2          1323.200000 2025-12-08 00:04:37   26949.000000   NO
38          2          1328.700000 2025-12-08 00:04:38   25946.000000   NO
39          2          1326.700000 2025-12-08 00:04:39   24944.000000   NO
40          2          1281.732609 2025-12-08 00:04:40   27448.586957  YES
41          2          1328.400000 2025-12-08 00:04:41   23942.000000   NO
42          2          1332.300000 2025-12-08 00:04:42   22941.000000   NO
43          2          1281.732609 2025-12-08 00:04:43   27448.586957  YES
44          2          1322.200000 2025-12-08 00:04:44   21938.000000   NO
45          2          1341.600000 2025-12-08 00:04:45   20936.000000   NO
46          2          1327.200000 2025-12-08 00:04:46   19934.000000   NO
47          2          1323.600000 2025-12-08 00:04:47   18932.000000   NO
48          2          1281.732609 2025-12-08 00:04:48   27448.586957  YES
49          2          1329.300000 2025-12-08 00:04:49   17930.000000   NO
50          2          1322.700000 2025-12-08 00:04:50   16929.000000   NO
51          2          1281.732609 2025-12-08 00:04:51   27448.586957  YES
52          2          1320.300000 2025-12-08 00:04:52   15927.000000   NO
53          2          1317.300000 2025-12-08 00:04:53   14925.000000   NO
54          2          1281.732609 2025-12-08 00:04:54   27448.586957  YES
55          2          1330.100000 2025-12-08 00:04:55   13923.000000   NO
56          2          1312.700000 2025-12-08 00:04:56   36966.000000   NO
57          2          1331.700000 2025-12-08 00:04:57   35964.000000   NO
58          2          1325.200000 2025-12-08 00:04:58   34962.000000   NO
59          2          1314.500000 2025-12-08 00:04:59   33961.000000   NO
Forecasted values:
    sensor_id  sensor_energy_value_prediction    sensor_timestamp
0           2                     1326.765381 2025-12-08 00:05:00
1           2                     1328.964966 2025-12-08 00:05:01
2           2                     1330.895996 2025-12-08 00:05:02
3           2                     1332.778809 2025-12-08 00:05:03
4           2                     1334.593628 2025-12-08 00:05:04
5           2                     1336.329468 2025-12-08 00:05:05
6           2                     1337.978882 2025-12-08 00:05:06
7           2                     1339.556030 2025-12-08 00:05:07
8           2                     1341.064819 2025-12-08 00:05:08
9           2                     1342.503662 2025-12-08 00:05:09
10          2                     1343.894165 2025-12-08 00:05:10
11          2                     1345.238159 2025-12-08 00:05:11
12          2                     1346.540771 2025-12-08 00:05:12
13          2                     1347.801392 2025-12-08 00:05:13
14          2                     1349.036865 2025-12-08 00:05:14
15          2                     1350.249268 2025-12-08 00:05:15
16          2                     1351.432373 2025-12-08 00:05:16
17          2                     1352.594482 2025-12-08 00:05:17
18          2                     1353.731567 2025-12-08 00:05:18
19          2                     1354.848877 2025-12-08 00:05:19
20          2                     1355.952759 2025-12-08 00:05:20
21          2                     1357.036621 2025-12-08 00:05:21
22          2                     1358.101562 2025-12-08 00:05:22
23          2                     1359.148071 2025-12-08 00:05:23
24          2                     1360.181030 2025-12-08 00:05:24
25          2                     1361.193237 2025-12-08 00:05:25
26          2                     1362.188232 2025-12-08 00:05:26
27          2                     1363.158081 2025-12-08 00:05:27
28          2                     1364.108643 2025-12-08 00:05:28
29          2                     1365.042969 2025-12-08 00:05:29
30          2                     1365.955688 2025-12-08 00:05:30
31          2                     1366.855225 2025-12-08 00:05:31
32          2                     1367.734619 2025-12-08 00:05:32
33          2                     1368.591553 2025-12-08 00:05:33
34          2                     1369.435913 2025-12-08 00:05:34
35          2                     1370.260010 2025-12-08 00:05:35
36          2                     1371.066162 2025-12-08 00:05:36
37          2                     1371.850586 2025-12-08 00:05:37
38          2                     1372.607056 2025-12-08 00:05:38
39          2                     1373.344116 2025-12-08 00:05:39
40          2                     1374.063599 2025-12-08 00:05:40
41          2                     1374.772949 2025-12-08 00:05:41
42          2                     1375.458130 2025-12-08 00:05:42
43          2                     1376.125732 2025-12-08 00:05:43
44          2                     1376.785767 2025-12-08 00:05:44
45          2                     1377.424072 2025-12-08 00:05:45
46          2                     1378.044312 2025-12-08 00:05:46
47          2                     1378.651733 2025-12-08 00:05:47
48          2                     1379.245605 2025-12-08 00:05:48
49          2                     1379.832397 2025-12-08 00:05:49
50          2                     1380.398315 2025-12-08 00:05:50
51          2                     1380.951904 2025-12-08 00:05:51
52          2                     1381.498657 2025-12-08 00:05:52
53          2                     1382.027222 2025-12-08 00:05:53
54          2                     1382.543579 2025-12-08 00:05:54
55          2                     1383.052856 2025-12-08 00:05:55
56          2                     1383.543091 2025-12-08 00:05:56
57          2                     1384.023560 2025-12-08 00:05:57
58          2                     1384.489502 2025-12-08 00:05:58
59          2                     1384.944458 2025-12-08 00:05:59
Forecasted values inserted into database
Exiting forecasting script

No new messages received yet.Trying again...
No new messages received yet.Trying again...
No new messages received yet.Trying again...
No new messages received yet.Trying again...
No new messages received yet.Trying again...
No new messages received yet.Trying again...
No new messages received yet.Trying again...

Actual data inserted to database
No retrain triggered
Triggering forecasting

Forecasting.py script logs
Database connection established
Value of --retrain flag: False

Forecasting for initial model using device2/initial/device2.keras and device2/initial/scaler.save
Successfully downloaded model and scaler from S3

Actual values fetched from database
    sensor_id  sensor_energy_value    sensor_timestamp  message_delay  computed_value
0           2          1325.000000 2025-12-08 00:05:00   18746.000000   NO
1           2          1409.385714 2025-12-08 00:05:01   20754.142857  YES
2           2          1319.800000 2025-12-08 00:05:02   17744.000000   NO
3           2          1409.385714 2025-12-08 00:05:03   20754.142857  YES
4           2          1409.385714 2025-12-08 00:05:04   20754.142857  YES
5           2          1409.385714 2025-12-08 00:05:05   20754.142857  YES
6           2          1409.385714 2025-12-08 00:05:06   20754.142857  YES
7           2          1409.385714 2025-12-08 00:05:07   20754.142857  YES
8           2          1409.385714 2025-12-08 00:05:08   20754.142857  YES
9           2          1409.385714 2025-12-08 00:05:09   20754.142857  YES
10          2          1409.385714 2025-12-08 00:05:10   20754.142857  YES
11          2          1409.385714 2025-12-08 00:05:11   20754.142857  YES
12          2          1409.385714 2025-12-08 00:05:12   20754.142857  YES
13          2          1409.385714 2025-12-08 00:05:13   20754.142857  YES
14          2          1409.385714 2025-12-08 00:05:14   20754.142857  YES
15          2          1409.385714 2025-12-08 00:05:15   20754.142857  YES
16          2          1409.385714 2025-12-08 00:05:16   20754.142857  YES
17          2          1409.385714 2025-12-08 00:05:17   20754.142857  YES
18          2          1409.385714 2025-12-08 00:05:18   20754.142857  YES
19          2          1409.385714 2025-12-08 00:05:19   20754.142857  YES
20          2          1409.385714 2025-12-08 00:05:20   20754.142857  YES
21          2          1409.385714 2025-12-08 00:05:21   20754.142857  YES
22          2          1409.385714 2025-12-08 00:05:22   20754.142857  YES
23          2          1409.385714 2025-12-08 00:05:23   20754.142857  YES
24          2          1409.385714 2025-12-08 00:05:24   20754.142857  YES
25          2          1409.385714 2025-12-08 00:05:25   20754.142857  YES
26          2          1409.385714 2025-12-08 00:05:26   20754.142857  YES
27          2          1409.385714 2025-12-08 00:05:27   20754.142857  YES
28          2          1409.385714 2025-12-08 00:05:28   20754.142857  YES
29          2          1409.385714 2025-12-08 00:05:29   20754.142857  YES
30          2          1409.385714 2025-12-08 00:05:30   20754.142857  YES
31          2          1409.385714 2025-12-08 00:05:31   20754.142857  YES
32          2          1409.385714 2025-12-08 00:05:32   20754.142857  YES
33          2          1409.385714 2025-12-08 00:05:33   20754.142857  YES
34          2          1409.385714 2025-12-08 00:05:34   20754.142857  YES
35          2          1409.385714 2025-12-08 00:05:35   20754.142857  YES
36          2          1409.385714 2025-12-08 00:05:36   20754.142857  YES
37          2          1409.385714 2025-12-08 00:05:37   20754.142857  YES
38          2          1409.385714 2025-12-08 00:05:38   20754.142857  YES
39          2          1409.385714 2025-12-08 00:05:39   20754.142857  YES
40          2          1409.385714 2025-12-08 00:05:40   20754.142857  YES
41          2          1409.385714 2025-12-08 00:05:41   20754.142857  YES
42          2          1409.385714 2025-12-08 00:05:42   20754.142857  YES
43          2          1409.385714 2025-12-08 00:05:43   20754.142857  YES
44          2          1409.385714 2025-12-08 00:05:44   20754.142857  YES
45          2          1409.385714 2025-12-08 00:05:45   20754.142857  YES
46          2          1409.385714 2025-12-08 00:05:46   20754.142857  YES
47          2          1409.385714 2025-12-08 00:05:47   20754.142857  YES
48          2          1409.385714 2025-12-08 00:05:48   20754.142857  YES
49          2          1409.385714 2025-12-08 00:05:49   20754.142857  YES
50          2          1455.100000 2025-12-08 00:05:50   23762.000000   NO
51          2          1409.385714 2025-12-08 00:05:51   20754.142857  YES
52          2          1409.385714 2025-12-08 00:05:52   20754.142857  YES
53          2          1445.300000 2025-12-08 00:05:53   22760.000000   NO
54          2          1444.100000 2025-12-08 00:05:54   21758.000000   NO
55          2          1409.385714 2025-12-08 00:05:55   20754.142857  YES
56          2          1444.200000 2025-12-08 00:05:56   20756.000000   NO
57          2          1409.385714 2025-12-08 00:05:57   20754.142857  YES
58          2          1409.385714 2025-12-08 00:05:58   20754.142857  YES
59          2          1432.200000 2025-12-08 00:05:59   19753.000000   NO
Forecasted values:
    sensor_id  sensor_energy_value_prediction    sensor_timestamp
0           2                     1418.030518 2025-12-08 00:06:00
1           2                     1416.640381 2025-12-08 00:06:01
2           2                     1415.644287 2025-12-08 00:06:02
3           2                     1414.737305 2025-12-08 00:06:03
4           2                     1413.907837 2025-12-08 00:06:04
5           2                     1413.173584 2025-12-08 00:06:05
6           2                     1412.532959 2025-12-08 00:06:06
7           2                     1411.978516 2025-12-08 00:06:07
8           2                     1411.499756 2025-12-08 00:06:08
9           2                     1411.085083 2025-12-08 00:06:09
10          2                     1410.722900 2025-12-08 00:06:10
11          2                     1410.403076 2025-12-08 00:06:11
12          2                     1410.116455 2025-12-08 00:06:12
13          2                     1409.855103 2025-12-08 00:06:13
14          2                     1409.613403 2025-12-08 00:06:14
15          2                     1409.385620 2025-12-08 00:06:15
16          2                     1409.168457 2025-12-08 00:06:16
17          2                     1408.958984 2025-12-08 00:06:17
18          2                     1408.755249 2025-12-08 00:06:18
19          2                     1408.555908 2025-12-08 00:06:19
20          2                     1408.360107 2025-12-08 00:06:20
21          2                     1408.167725 2025-12-08 00:06:21
22          2                     1407.978271 2025-12-08 00:06:22
23          2                     1407.791870 2025-12-08 00:06:23
24          2                     1407.608887 2025-12-08 00:06:24
25          2                     1407.429443 2025-12-08 00:06:25
26          2                     1407.253540 2025-12-08 00:06:26
27          2                     1407.081787 2025-12-08 00:06:27
28          2                     1406.914062 2025-12-08 00:06:28
29          2                     1406.750366 2025-12-08 00:06:29
30          2                     1406.591309 2025-12-08 00:06:30
31          2                     1406.436523 2025-12-08 00:06:31
32          2                     1406.286255 2025-12-08 00:06:32
33          2                     1406.140381 2025-12-08 00:06:33
34          2                     1405.998779 2025-12-08 00:06:34
35          2                     1405.861328 2025-12-08 00:06:35
36          2                     1405.728394 2025-12-08 00:06:36
37          2                     1405.599365 2025-12-08 00:06:37
38          2                     1405.474365 2025-12-08 00:06:38
39          2                     1405.353271 2025-12-08 00:06:39
40          2                     1405.235596 2025-12-08 00:06:40
41          2                     1405.121460 2025-12-08 00:06:41
42          2                     1405.010864 2025-12-08 00:06:42
43          2                     1404.903564 2025-12-08 00:06:43
44          2                     1404.799194 2025-12-08 00:06:44
45          2                     1404.697998 2025-12-08 00:06:45
46          2                     1404.599731 2025-12-08 00:06:46
47          2                     1404.504150 2025-12-08 00:06:47
48          2                     1404.411011 2025-12-08 00:06:48
49          2                     1404.320557 2025-12-08 00:06:49
50          2                     1404.232300 2025-12-08 00:06:50
51          2                     1404.141357 2025-12-08 00:06:51
52          2                     1404.057251 2025-12-08 00:06:52
53          2                     1403.975586 2025-12-08 00:06:53
54          2                     1403.891724 2025-12-08 00:06:54
55          2                     1403.810181 2025-12-08 00:06:55
56          2                     1403.734253 2025-12-08 00:06:56
57          2                     1403.656494 2025-12-08 00:06:57
58          2                     1403.584839 2025-12-08 00:06:58
59          2                     1403.515503 2025-12-08 00:06:59
Forecasted values inserted into database
Exiting forecasting script

No new messages received yet.Trying again...
No new messages received yet.Trying again...
No new messages received yet.Trying again...
No new messages received yet.Trying again...
No new messages received yet.Trying again...
No new messages received yet.Trying again...
No new messages received yet.Trying again...
No new messages received yet.Trying again...
No new messages received yet.Trying again...
No new messages received yet.Trying again...
No new messages received yet.Trying again...
No new messages received yet.Trying again...
No new messages received yet.Trying again...
No new messages received yet.Trying again...
No new messages received yet.Trying again...
No new messages received yet.Trying again...
No new messages received yet.Trying again...
No new messages received yet.Trying again...
No new messages received yet.Trying again...
No new messages received yet.Trying again...
No new messages received yet.Trying again...
No new messages received yet.Trying again...
No new messages received yet.Trying again...
No new messages received yet.Trying again...
No new messages received yet.Trying again...
No new messages received yet.Trying again...
No new messages received yet.Trying again...
No new messages received yet.Trying again...
No new messages received yet.Trying again...
No new messages received yet.Trying again...
No new messages received yet.Trying again...
No new messages received yet.Trying again...
No new messages received yet.Trying again...
No new messages received yet.Trying again...
No new messages received yet.Trying again...
No new messages received yet.Trying again...
No new messages received yet.Trying again...
No new messages received yet.Trying again...
No new messages received yet.Trying again...
No new messages received yet.Trying again...
No new messages received yet.Trying again...
No new messages received yet.Trying again...
No new messages received yet.Trying again...
No new messages received yet.Trying again...
No new messages received yet.Trying again...
No new messages received yet.Trying again...
No new messages received yet.Trying again...
No new messages received yet.Trying again...
No new messages received yet.Trying again...
No new messages received yet.Trying again...
No new messages received yet.Trying again...
No new messages received yet.Trying again...
No new messages received yet.Trying again...
No new messages received yet.Trying again...
No new messages received yet.Trying again...
No new messages received yet.Trying again...
No new messages received yet.Trying again...
No new messages received yet.Trying again...

Actual data inserted to database
No retrain triggered
Triggering forecasting

Forecasting.py script logs
Database connection established
Value of --retrain flag: False

Forecasting for initial model using device2/initial/device2.keras and device2/initial/scaler.save
Successfully downloaded model and scaler from S3

Actual values fetched from database
    sensor_id  sensor_energy_value    sensor_timestamp  message_delay  computed_value
0           2             1444.025 2025-12-08 00:06:00    65340.09375  YES
1           2             1444.025 2025-12-08 00:06:01    65340.09375  YES
2           2             1444.025 2025-12-08 00:06:02    65340.09375  YES
3           2             1444.025 2025-12-08 00:06:03    65340.09375  YES
4           2             1444.025 2025-12-08 00:06:04    65340.09375  YES
5           2             1444.025 2025-12-08 00:06:05    65340.09375  YES
6           2             1444.025 2025-12-08 00:06:06    65340.09375  YES
7           2             1444.025 2025-12-08 00:06:07    65340.09375  YES
8           2             1444.025 2025-12-08 00:06:08    65340.09375  YES
9           2             1444.025 2025-12-08 00:06:09    65340.09375  YES
10          2             1444.025 2025-12-08 00:06:10    65340.09375  YES
11          2             1444.025 2025-12-08 00:06:11    65340.09375  YES
12          2             1444.025 2025-12-08 00:06:12    65340.09375  YES
13          2             1444.025 2025-12-08 00:06:13    65340.09375  YES
14          2             1444.025 2025-12-08 00:06:14    65340.09375  YES
15          2             1444.025 2025-12-08 00:06:15    65340.09375  YES
16          2             1444.025 2025-12-08 00:06:16    65340.09375  YES
17          2             1444.025 2025-12-08 00:06:17    65340.09375  YES
18          2             1444.025 2025-12-08 00:06:18    65340.09375  YES
19          2             1444.025 2025-12-08 00:06:19    65340.09375  YES
20          2             1444.025 2025-12-08 00:06:20    65340.09375  YES
21          2             1447.200 2025-12-08 00:06:21    80869.00000   NO
22          2             1444.025 2025-12-08 00:06:22    65340.09375  YES
23          2             1445.800 2025-12-08 00:06:23    79867.00000   NO
24          2             1459.200 2025-12-08 00:06:24    78865.00000   NO
25          2             1445.800 2025-12-08 00:06:25    77864.00000   NO
26          2             1438.300 2025-12-08 00:06:26    76862.00000   NO
27          2             1438.700 2025-12-08 00:06:27    75860.00000   NO
28          2             1427.600 2025-12-08 00:06:28    74858.00000   NO
29          2             1442.200 2025-12-08 00:06:29    73857.00000   NO
30          2             1441.700 2025-12-08 00:06:30    72855.00000   NO
31          2             1449.500 2025-12-08 00:06:31    71852.00000   NO
32          2             1460.800 2025-12-08 00:06:32    70850.00000   NO
33          2             1440.000 2025-12-08 00:06:33    69849.00000   NO
34          2             1445.500 2025-12-08 00:06:34    68847.00000   NO
35          2             1442.800 2025-12-08 00:06:35    67845.00000   NO
36          2             1455.800 2025-12-08 00:06:36    66844.00000   NO
37          2             1444.025 2025-12-08 00:06:37    65340.09375  YES
38          2             1444.025 2025-12-08 00:06:38    65340.09375  YES
39          2             1444.025 2025-12-08 00:06:39    65340.09375  YES
40          2             1442.100 2025-12-08 00:06:40    65841.00000   NO
41          2             1442.400 2025-12-08 00:06:41    64839.00000   NO
42          2             1444.100 2025-12-08 00:06:42    63837.00000   NO
43          2             1449.100 2025-12-08 00:06:43    62835.00000   NO
44          2             1434.900 2025-12-08 00:06:44    61834.00000   NO
45          2             1437.400 2025-12-08 00:06:45    60832.00000   NO
46          2             1436.500 2025-12-08 00:06:46    59830.00000   NO
47          2             1430.600 2025-12-08 00:06:47    58829.00000   NO
48          2             1444.025 2025-12-08 00:06:48    65340.09375  YES
49          2             1452.500 2025-12-08 00:06:49    57827.00000   NO
50          2             1444.025 2025-12-08 00:06:50    65340.09375  YES
51          2             1433.300 2025-12-08 00:06:51    56825.00000   NO
52          2             1454.800 2025-12-08 00:06:52    55822.00000   NO
53          2             1434.000 2025-12-08 00:06:53    54820.00000   NO
54          2             1435.300 2025-12-08 00:06:54    53818.00000   NO
55          2             1465.900 2025-12-08 00:06:55    52816.00000   NO
56          2             1441.400 2025-12-08 00:06:56    51814.00000   NO
57          2             1449.900 2025-12-08 00:06:57    50811.00000   NO
58          2             1444.025 2025-12-08 00:06:58    65340.09375  YES
59          2             1443.700 2025-12-08 00:06:59    49809.00000   NO
Forecasted values:
    sensor_id  sensor_energy_value_prediction    sensor_timestamp
0           2                     1436.713013 2025-12-08 00:07:00
1           2                     1434.823120 2025-12-08 00:07:01
2           2                     1433.053833 2025-12-08 00:07:02
3           2                     1431.346191 2025-12-08 00:07:03
4           2                     1429.748657 2025-12-08 00:07:04
5           2                     1428.287109 2025-12-08 00:07:05
6           2                     1426.967773 2025-12-08 00:07:06
7           2                     1425.785645 2025-12-08 00:07:07
8           2                     1424.729370 2025-12-08 00:07:08
9           2                     1423.784302 2025-12-08 00:07:09
10          2                     1422.934570 2025-12-08 00:07:10
11          2                     1422.165527 2025-12-08 00:07:11
12          2                     1421.463013 2025-12-08 00:07:12
13          2                     1420.815186 2025-12-08 00:07:13
14          2                     1420.211426 2025-12-08 00:07:14
15          2                     1419.643188 2025-12-08 00:07:15
16          2                     1419.103516 2025-12-08 00:07:16
17          2                     1418.587036 2025-12-08 00:07:17
18          2                     1418.089722 2025-12-08 00:07:18
19          2                     1417.608154 2025-12-08 00:07:19
20          2                     1417.140625 2025-12-08 00:07:20
21          2                     1416.685669 2025-12-08 00:07:21
22          2                     1416.241455 2025-12-08 00:07:22
23          2                     1415.808594 2025-12-08 00:07:23
24          2                     1415.386230 2025-12-08 00:07:24
25          2                     1414.972534 2025-12-08 00:07:25
26          2                     1414.570801 2025-12-08 00:07:26
27          2                     1414.179932 2025-12-08 00:07:27
28          2                     1413.799561 2025-12-08 00:07:28
29          2                     1413.430908 2025-12-08 00:07:29
30          2                     1413.071045 2025-12-08 00:07:30
31          2                     1412.721558 2025-12-08 00:07:31
32          2                     1412.381470 2025-12-08 00:07:32
33          2                     1412.050049 2025-12-08 00:07:33
34          2                     1411.730469 2025-12-08 00:07:34
35          2                     1411.420044 2025-12-08 00:07:35
36          2                     1411.119019 2025-12-08 00:07:36
37          2                     1410.825928 2025-12-08 00:07:37
38          2                     1410.542847 2025-12-08 00:07:38
39          2                     1410.268066 2025-12-08 00:07:39
40          2                     1410.002075 2025-12-08 00:07:40
41          2                     1409.744141 2025-12-08 00:07:41
42          2                     1409.493896 2025-12-08 00:07:42
43          2                     1409.251099 2025-12-08 00:07:43
44          2                     1409.015015 2025-12-08 00:07:44
45          2                     1408.787354 2025-12-08 00:07:45
46          2                     1408.566284 2025-12-08 00:07:46
47          2                     1408.351685 2025-12-08 00:07:47
48          2                     1408.144043 2025-12-08 00:07:48
49          2                     1407.941162 2025-12-08 00:07:49
50          2                     1407.742920 2025-12-08 00:07:50
51          2                     1407.551147 2025-12-08 00:07:51
52          2                     1407.365845 2025-12-08 00:07:52
53          2                     1407.183594 2025-12-08 00:07:53
54          2                     1407.008423 2025-12-08 00:07:54
55          2                     1406.838135 2025-12-08 00:07:55
56          2                     1406.669189 2025-12-08 00:07:56
57          2                     1406.507446 2025-12-08 00:07:57
58          2                     1406.349365 2025-12-08 00:07:58
59          2                     1406.196289 2025-12-08 00:07:59
Forecasted values inserted into database
Exiting forecasting script

No new messages received yet.Trying again...
No new messages received yet.Trying again...
No new messages received yet.Trying again...
No new messages received yet.Trying again...
No new messages received yet.Trying again...
No new messages received yet.Trying again...
No new messages received yet.Trying again...
No new messages received yet.Trying again...
No new messages received yet.Trying again...
No new messages received yet.Trying again...
No new messages received yet.Trying again...
No new messages received yet.Trying again...
No new messages received yet.Trying again...
No new messages received yet.Trying again...
No new messages received yet.Trying again...
No new messages received yet.Trying again...
No new messages received yet.Trying again...
No new messages received yet.Trying again...
No new messages received yet.Trying again...
No new messages received yet.Trying again...
No new messages received yet.Trying again...
No new messages received yet.Trying again...
No new messages received yet.Trying again...
No new messages received yet.Trying again...
No new messages received yet.Trying again...
No new messages received yet.Trying again...
No new messages received yet.Trying again...
No new messages received yet.Trying again...
No new messages received yet.Trying again...
No new messages received yet.Trying again...
No new messages received yet.Trying again...
No new messages received yet.Trying again...
No new messages received yet.Trying again...
No new messages received yet.Trying again...
No new messages received yet.Trying again...
No new messages received yet.Trying again...
No new messages received yet.Trying again...
No new messages received yet.Trying again...
No new messages received yet.Trying again...
No new messages received yet.Trying again...
No new messages received yet.Trying again...
No new messages received yet.Trying again...
No new messages received yet.Trying again...
No new messages received yet.Trying again...
No new messages received yet.Trying again...
No new messages received yet.Trying again...
No new messages received yet.Trying again...
No new messages received yet.Trying again...
No new messages received yet.Trying again...
No new messages received yet.Trying again...
No new messages received yet.Trying again...
No new messages received yet.Trying again...
No new messages received yet.Trying again...
No new messages received yet.Trying again...
No new messages received yet.Trying again...
No new messages received yet.Trying again...
No new messages received yet.Trying again...

Actual data inserted to database
No retrain triggered
Triggering forecasting

Forecasting.py script logs
Database connection established
Value of --retrain flag: False

Forecasting for initial model using device2/initial/device2.keras and device2/initial/scaler.save
Successfully downloaded model and scaler from S3

Actual values fetched from database
    sensor_id  sensor_energy_value    sensor_timestamp  message_delay  computed_value
0           2          1451.200000 2025-12-08 00:07:00   66567.000000   NO
1           2          1445.847273 2025-12-08 00:07:01   51523.090909  YES
2           2          1443.200000 2025-12-08 00:07:02   65565.000000   NO
3           2          1455.100000 2025-12-08 00:07:03   64563.000000   NO
4           2          1433.700000 2025-12-08 00:07:04   63561.000000   NO
5           2          1448.200000 2025-12-08 00:07:05   62560.000000   NO
6           2          1435.200000 2025-12-08 00:07:06   61559.000000   NO
7           2          1454.100000 2025-12-08 00:07:07   60557.000000   NO
8           2          1435.900000 2025-12-08 00:07:08   59555.000000   NO
9           2          1459.300000 2025-12-08 00:07:09   58554.000000   NO
10          2          1445.847273 2025-12-08 00:07:10   51523.090909  YES
11          2          1459.700000 2025-12-08 00:07:11   57552.000000   NO
12          2          1436.700000 2025-12-08 00:07:12   56551.000000   NO
13          2          1463.200000 2025-12-08 00:07:13   55549.000000   NO
14          2          1435.500000 2025-12-08 00:07:14   54547.000000   NO
15          2          1444.900000 2025-12-08 00:07:15   53545.000000   NO
16          2          1437.400000 2025-12-08 00:07:16   52543.000000   NO
17          2          1445.847273 2025-12-08 00:07:17   51523.090909  YES
18          2          1444.900000 2025-12-08 00:07:18   51540.000000   NO
19          2          1453.800000 2025-12-08 00:07:19   50538.000000   NO
20          2          1451.700000 2025-12-08 00:07:20   49536.000000   NO
21          2          1445.847273 2025-12-08 00:07:21   51523.090909  YES
22          2          1456.800000 2025-12-08 00:07:22   48534.000000   NO
23          2          1456.200000 2025-12-08 00:07:23   47532.000000   NO
24          2          1447.200000 2025-12-08 00:07:24   46531.000000   NO
25          2          1446.100000 2025-12-08 00:07:25   45527.000000   NO
26          2          1439.500000 2025-12-08 00:07:26   44525.000000   NO
27          2          1446.400000 2025-12-08 00:07:27   43524.000000   NO
28          2          1432.800000 2025-12-08 00:07:28   42474.000000   NO
29          2          1431.200000 2025-12-08 00:07:29   41473.000000   NO
30          2          1450.100000 2025-12-08 00:07:30   40472.000000   NO
31          2          1445.847273 2025-12-08 00:07:31   51523.090909  YES
32          2          1462.300000 2025-12-08 00:07:32   39470.000000   NO
33          2          1451.300000 2025-12-08 00:07:33   38467.000000   NO
34          2          1444.500000 2025-12-08 00:07:34   37465.000000   NO
35          2          1432.800000 2025-12-08 00:07:35   36463.000000   NO
36          2          1444.800000 2025-12-08 00:07:36   35461.000000   NO
37          2          1434.600000 2025-12-08 00:07:37   34460.000000   NO
38          2          1453.000000 2025-12-08 00:07:38   33459.000000   NO
39          2          1446.300000 2025-12-08 00:07:39   32457.000000   NO
40          2          1445.600000 2025-12-08 00:07:40   31455.000000   NO
41          2          1437.900000 2025-12-08 00:07:41   30454.000000   NO
42          2          1458.700000 2025-12-08 00:07:42   29452.000000   NO
43          2          1440.500000 2025-12-08 00:07:43   28450.000000   NO
44          2          1442.800000 2025-12-08 00:07:44   27447.000000   NO
45          2          1438.100000 2025-12-08 00:07:45   26445.000000   NO
46          2          1438.000000 2025-12-08 00:07:46   25444.000000   NO
47          2          1467.400000 2025-12-08 00:07:47   24442.000000   NO
48          2          1425.600000 2025-12-08 00:07:48   78589.000000   NO
49          2          1428.500000 2025-12-08 00:07:49   77587.000000   NO
50          2          1437.500000 2025-12-08 00:07:50   76585.000000   NO
51          2          1446.700000 2025-12-08 00:07:51   75584.000000   NO
52          2          1453.800000 2025-12-08 00:07:52   74581.000000   NO
53          2          1439.800000 2025-12-08 00:07:53   73579.000000   NO
54          2          1440.000000 2025-12-08 00:07:54   72578.000000   NO
55          2          1452.900000 2025-12-08 00:07:55   71576.000000   NO
56          2          1453.700000 2025-12-08 00:07:56   70574.000000   NO
57          2          1449.900000 2025-12-08 00:07:57   69572.000000   NO
58          2          1458.900000 2025-12-08 00:07:58   68571.000000   NO
59          2          1445.700000 2025-12-08 00:07:59   67569.000000   NO
Forecasted values:
    sensor_id  sensor_energy_value_prediction    sensor_timestamp
0           2                     1440.045532 2025-12-08 00:08:00
1           2                     1438.060059 2025-12-08 00:08:01
2           2                     1436.085083 2025-12-08 00:08:02
3           2                     1434.138062 2025-12-08 00:08:03
4           2                     1432.296021 2025-12-08 00:08:04
5           2                     1430.603760 2025-12-08 00:08:05
6           2                     1429.073608 2025-12-08 00:08:06
7           2                     1427.706299 2025-12-08 00:08:07
8           2                     1426.488403 2025-12-08 00:08:08
9           2                     1425.407104 2025-12-08 00:08:09
10          2                     1424.441406 2025-12-08 00:08:10
11          2                     1423.576416 2025-12-08 00:08:11
12          2                     1422.792969 2025-12-08 00:08:12
13          2                     1422.079468 2025-12-08 00:08:13
14          2                     1421.418701 2025-12-08 00:08:14
15          2                     1420.804077 2025-12-08 00:08:15
16          2                     1420.223877 2025-12-08 00:08:16
17          2                     1419.672241 2025-12-08 00:08:17
18          2                     1419.142700 2025-12-08 00:08:18
19          2                     1418.631836 2025-12-08 00:08:19
20          2                     1418.135254 2025-12-08 00:08:20
21          2                     1417.652832 2025-12-08 00:08:21
22          2                     1417.182617 2025-12-08 00:08:22
23          2                     1416.723145 2025-12-08 00:08:23
24          2                     1416.274292 2025-12-08 00:08:24
25          2                     1415.837158 2025-12-08 00:08:25
26          2                     1415.410645 2025-12-08 00:08:26
27          2                     1414.995483 2025-12-08 00:08:27
28          2                     1414.590576 2025-12-08 00:08:28
29          2                     1414.197998 2025-12-08 00:08:29
30          2                     1413.816162 2025-12-08 00:08:30
31          2                     1413.443604 2025-12-08 00:08:31
32          2                     1413.081909 2025-12-08 00:08:32
33          2                     1412.729370 2025-12-08 00:08:33
34          2                     1412.388062 2025-12-08 00:08:34
35          2                     1412.057739 2025-12-08 00:08:35
36          2                     1411.738525 2025-12-08 00:08:36
37          2                     1411.427979 2025-12-08 00:08:37
38          2                     1411.128052 2025-12-08 00:08:38
39          2                     1410.835449 2025-12-08 00:08:39
40          2                     1410.552124 2025-12-08 00:08:40
41          2                     1410.277832 2025-12-08 00:08:41
42          2                     1410.012329 2025-12-08 00:08:42
43          2                     1409.752930 2025-12-08 00:08:43
44          2                     1409.502808 2025-12-08 00:08:44
45          2                     1409.259888 2025-12-08 00:08:45
46          2                     1409.024902 2025-12-08 00:08:46
47          2                     1408.796753 2025-12-08 00:08:47
48          2                     1408.572266 2025-12-08 00:08:48
49          2                     1408.358643 2025-12-08 00:08:49
50          2                     1408.151001 2025-12-08 00:08:50
51          2                     1407.948486 2025-12-08 00:08:51
52          2                     1407.750732 2025-12-08 00:08:52
53          2                     1407.557373 2025-12-08 00:08:53
54          2                     1407.371094 2025-12-08 00:08:54
55          2                     1407.190063 2025-12-08 00:08:55
56          2                     1407.012573 2025-12-08 00:08:56
57          2                     1406.839722 2025-12-08 00:08:57
58          2                     1406.672119 2025-12-08 00:08:58
59          2                     1406.508057 2025-12-08 00:08:59
Forecasted values inserted into database
Exiting forecasting script

No new messages received yet.Trying again...
No new messages received yet.Trying again...
No new messages received yet.Trying again...
No new messages received yet.Trying again...
No new messages received yet.Trying again...
No new messages received yet.Trying again...
No new messages received yet.Trying again...
No new messages received yet.Trying again...
No new messages received yet.Trying again...
No new messages received yet.Trying again...
No new messages received yet.Trying again...
No new messages received yet.Trying again...
No new messages received yet.Trying again...
No new messages received yet.Trying again...
No new messages received yet.Trying again...
No new messages received yet.Trying again...
No new messages received yet.Trying again...
No new messages received yet.Trying again...
No new messages received yet.Trying again...
No new messages received yet.Trying again...
No new messages received yet.Trying again...
No new messages received yet.Trying again...
No new messages received yet.Trying again...
No new messages received yet.Trying again...
No new messages received yet.Trying again...
No new messages received yet.Trying again...
No new messages received yet.Trying again...
No new messages received yet.Trying again...
No new messages received yet.Trying again...
No new messages received yet.Trying again...
No new messages received yet.Trying again...
No new messages received yet.Trying again...
No new messages received yet.Trying again...
No new messages received yet.Trying again...
No new messages received yet.Trying again...
No new messages received yet.Trying again...
No new messages received yet.Trying again...
No new messages received yet.Trying again...

Actual data inserted to database
No retrain triggered
Triggering forecasting

Forecasting.py script logs
Database connection established
Value of --retrain flag: False

Forecasting for initial model using device2/initial/device2.keras and device2/initial/scaler.save
Successfully downloaded model and scaler from S3

Actual values fetched from database
    sensor_id  sensor_energy_value    sensor_timestamp  message_delay  computed_value
0           2          1447.300000 2025-12-08 00:08:00    58446.00000   NO
1           2          1457.700000 2025-12-08 00:08:01    11353.00000   NO
2           2          1456.800000 2025-12-08 00:08:02    10351.00000   NO
3           2          1440.300000 2025-12-08 00:08:03    57434.00000   NO
4           2          1450.800000 2025-12-08 00:08:04    56432.00000   NO
5           2          1437.800000 2025-12-08 00:08:05    55430.00000   NO
6           2          1447.600000 2025-12-08 00:08:06    54428.00000   NO
7           2          1452.189796 2025-12-08 00:08:07    34392.44898  YES
8           2          1445.000000 2025-12-08 00:08:08    53426.00000   NO
9           2          1442.600000 2025-12-08 00:08:09    52425.00000   NO
10          2          1452.189796 2025-12-08 00:08:10    34392.44898  YES
11          2          1456.200000 2025-12-08 00:08:11    51423.00000   NO
12          2          1445.600000 2025-12-08 00:08:12    50422.00000   NO
13          2          1455.400000 2025-12-08 00:08:13    49420.00000   NO
14          2          1444.500000 2025-12-08 00:08:14    48419.00000   NO
15          2          1452.189796 2025-12-08 00:08:15    34392.44898  YES
16          2          1452.189796 2025-12-08 00:08:16    34392.44898  YES
17          2          1443.800000 2025-12-08 00:08:17    47417.00000   NO
18          2          1450.600000 2025-12-08 00:08:18    46415.00000   NO
19          2          1444.400000 2025-12-08 00:08:19    45413.00000   NO
20          2          1445.800000 2025-12-08 00:08:20    44411.00000   NO
21          2          1426.900000 2025-12-08 00:08:21    43409.00000   NO
22          2          1452.189796 2025-12-08 00:08:22    34392.44898  YES
23          2          1458.200000 2025-12-08 00:08:23    42405.00000   NO
24          2          1452.189796 2025-12-08 00:08:24    34392.44898  YES
25          2          1452.189796 2025-12-08 00:08:25    34392.44898  YES
26          2          1463.600000 2025-12-08 00:08:26    41403.00000   NO
27          2          1452.189796 2025-12-08 00:08:27    34392.44898  YES
28          2          1454.000000 2025-12-08 00:08:28    40402.00000   NO
29          2          1452.800000 2025-12-08 00:08:29    39400.00000   NO
30          2          1463.000000 2025-12-08 00:08:30    38398.00000   NO
31          2          1458.600000 2025-12-08 00:08:31    37397.00000   NO
32          2          1443.600000 2025-12-08 00:08:32    36395.00000   NO
33          2          1460.400000 2025-12-08 00:08:33    35394.00000   NO
34          2          1466.500000 2025-12-08 00:08:34    34392.00000   NO
35          2          1447.800000 2025-12-08 00:08:35    33390.00000   NO
36          2          1460.600000 2025-12-08 00:08:36    32388.00000   NO
37          2          1454.400000 2025-12-08 00:08:37    31386.00000   NO
38          2          1453.000000 2025-12-08 00:08:38    30384.00000   NO
39          2          1452.000000 2025-12-08 00:08:39    29383.00000   NO
40          2          1451.000000 2025-12-08 00:08:40    28381.00000   NO
41          2          1448.700000 2025-12-08 00:08:41    27378.00000   NO
42          2          1459.000000 2025-12-08 00:08:42    26376.00000   NO
43          2          1450.200000 2025-12-08 00:08:43    25375.00000   NO
44          2          1456.900000 2025-12-08 00:08:44    24373.00000   NO
45          2          1448.400000 2025-12-08 00:08:45    23372.00000   NO
46          2          1463.300000 2025-12-08 00:08:46    22370.00000   NO
47          2          1449.500000 2025-12-08 00:08:47    21369.00000   NO
48          2          1452.189796 2025-12-08 00:08:48    34392.44898  YES
49          2          1448.600000 2025-12-08 00:08:49    20367.00000   NO
50          2          1479.100000 2025-12-08 00:08:50    19365.00000   NO
51          2          1462.000000 2025-12-08 00:08:51    18364.00000   NO
52          2          1448.800000 2025-12-08 00:08:52    17362.00000   NO
53          2          1452.189796 2025-12-08 00:08:53    34392.44898  YES
54          2          1437.400000 2025-12-08 00:08:54    16361.00000   NO
55          2          1459.600000 2025-12-08 00:08:55    15359.00000   NO
56          2          1452.189796 2025-12-08 00:08:56    34392.44898  YES
57          2          1469.900000 2025-12-08 00:08:57    14357.00000   NO
58          2          1442.200000 2025-12-08 00:08:58    13356.00000   NO
59          2          1455.100000 2025-12-08 00:08:59    12354.00000   NO
Forecasted values:
    sensor_id  sensor_energy_value_prediction    sensor_timestamp
0           2                     1443.349365 2025-12-08 00:09:00
1           2                     1441.105835 2025-12-08 00:09:01
2           2                     1439.101685 2025-12-08 00:09:02
3           2                     1437.161987 2025-12-08 00:09:03
4           2                     1435.338867 2025-12-08 00:09:04
5           2                     1433.660156 2025-12-08 00:09:05
6           2                     1432.135986 2025-12-08 00:09:06
7           2                     1430.760132 2025-12-08 00:09:07
8           2                     1429.520752 2025-12-08 00:09:08
9           2                     1428.403931 2025-12-08 00:09:09
10          2                     1427.392456 2025-12-08 00:09:10
11          2                     1426.469360 2025-12-08 00:09:11
12          2                     1425.620483 2025-12-08 00:09:12
13          2                     1424.833984 2025-12-08 00:09:13
14          2                     1424.097168 2025-12-08 00:09:14
15          2                     1423.402588 2025-12-08 00:09:15
16          2                     1422.741089 2025-12-08 00:09:16
17          2                     1422.107788 2025-12-08 00:09:17
18          2                     1421.498657 2025-12-08 00:09:18
19          2                     1420.909302 2025-12-08 00:09:19
20          2                     1420.338135 2025-12-08 00:09:20
21          2                     1419.783081 2025-12-08 00:09:21
22          2                     1419.244751 2025-12-08 00:09:22
23          2                     1418.718384 2025-12-08 00:09:23
24          2                     1418.205322 2025-12-08 00:09:24
25          2                     1417.705811 2025-12-08 00:09:25
26          2                     1417.219727 2025-12-08 00:09:26
27          2                     1416.745850 2025-12-08 00:09:27
28          2                     1416.285767 2025-12-08 00:09:28
29          2                     1415.838501 2025-12-08 00:09:29
30          2                     1415.404297 2025-12-08 00:09:30
31          2                     1414.981812 2025-12-08 00:09:31
32          2                     1414.572144 2025-12-08 00:09:32
33          2                     1414.176147 2025-12-08 00:09:33
34          2                     1413.790771 2025-12-08 00:09:34
35          2                     1413.416382 2025-12-08 00:09:35
36          2                     1413.055298 2025-12-08 00:09:36
37          2                     1412.703857 2025-12-08 00:09:37
38          2                     1412.363770 2025-12-08 00:09:38
39          2                     1412.034424 2025-12-08 00:09:39
40          2                     1411.715088 2025-12-08 00:09:40
41          2                     1411.405640 2025-12-08 00:09:41
42          2                     1411.105835 2025-12-08 00:09:42
43          2                     1410.813965 2025-12-08 00:09:43
44          2                     1410.531616 2025-12-08 00:09:44
45          2                     1410.257080 2025-12-08 00:09:45
46          2                     1409.991333 2025-12-08 00:09:46
47          2                     1409.731934 2025-12-08 00:09:47
48          2                     1409.481079 2025-12-08 00:09:48
49          2                     1409.237549 2025-12-08 00:09:49
50          2                     1409.001221 2025-12-08 00:09:50
51          2                     1408.768433 2025-12-08 00:09:51
52          2                     1408.543823 2025-12-08 00:09:52
53          2                     1408.326904 2025-12-08 00:09:53
54          2                     1408.115967 2025-12-08 00:09:54
55          2                     1407.912476 2025-12-08 00:09:55
56          2                     1407.712524 2025-12-08 00:09:56
57          2                     1407.519165 2025-12-08 00:09:57
58          2                     1407.329224 2025-12-08 00:09:58
59          2                     1407.147583 2025-12-08 00:09:59
Forecasted values inserted into database
Exiting forecasting script

No new messages received yet.Trying again...
No new messages received yet.Trying again...
No new messages received yet.Trying again...
No new messages received yet.Trying again...
No new messages received yet.Trying again...
No new messages received yet.Trying again...
No new messages received yet.Trying again...
No new messages received yet.Trying again...
No new messages received yet.Trying again...
No new messages received yet.Trying again...
No new messages received yet.Trying again...
No new messages received yet.Trying again...
No new messages received yet.Trying again...
No new messages received yet.Trying again...
No new messages received yet.Trying again...
No new messages received yet.Trying again...
No new messages received yet.Trying again...
No new messages received yet.Trying again...
No new messages received yet.Trying again...
No new messages received yet.Trying again...
No new messages received yet.Trying again...
No new messages received yet.Trying again...
No new messages received yet.Trying again...
No new messages received yet.Trying again...
No new messages received yet.Trying again...
No new messages received yet.Trying again...
No new messages received yet.Trying again...
No new messages received yet.Trying again...
No new messages received yet.Trying again...
No new messages received yet.Trying again...
No new messages received yet.Trying again...
No new messages received yet.Trying again...
No new messages received yet.Trying again...
No new messages received yet.Trying again...
No new messages received yet.Trying again...
No new messages received yet.Trying again...
No new messages received yet.Trying again...
No new messages received yet.Trying again...

Actual data inserted to database
Triggering retrain for window beetween 00:00:00 and 00:09:59
lasttimestamp is  2025-12-08 00:09:59
retrain.py completed successfully:
Database connection established
Retraining model for device device2 with data from table device2_actualvalues between timestamps 2025-12-08-00-00-00 and 2025-12-08-00-09-59...
Epoch 1/200

[1m1/8[0m [32m━━[0m[37m━━━━━━━━━━━━━━━━━━[0m [1m9s[0m 1s/step - loss: 0.3396
[1m4/8[0m [32m━━━━━━━━━━[0m[37m━━━━━━━━━━[0m [1m0s[0m 20ms/step - loss: 0.3082
[1m8/8[0m [32m━━━━━━━━━━━━━━━━━━━━[0m[37m[0m [1m0s[0m 16ms/step - loss: 0.2777
[1m8/8[0m [32m━━━━━━━━━━━━━━━━━━━━[0m[37m[0m [1m1s[0m 20ms/step - loss: 0.2332
Epoch 2/200

[1m1/8[0m [32m━━[0m[37m━━━━━━━━━━━━━━━━━━[0m [1m0s[0m 47ms/step - loss: 0.1095
[1m5/8[0m [32m━━━━━━━━━━━━[0m[37m━━━━━━━━[0m [1m0s[0m 15ms/step - loss: 0.0906
[1m8/8[0m [32m━━━━━━━━━━━━━━━━━━━━[0m[37m[0m [1m0s[0m 18ms/step - loss: 0.0571
Epoch 3/200

[1m1/8[0m [32m━━[0m[37m━━━━━━━━━━━━━━━━━━[0m [1m0s[0m 40ms/step - loss: 0.0116
[1m5/8[0m [32m━━━━━━━━━━━━[0m[37m━━━━━━━━[0m [1m0s[0m 15ms/step - loss: 0.0118
[1m8/8[0m [32m━━━━━━━━━━━━━━━━━━━━[0m[37m[0m [1m0s[0m 18ms/step - loss: 0.0188
Epoch 4/200

[1m1/8[0m [32m━━[0m[37m━━━━━━━━━━━━━━━━━━[0m [1m0s[0m 41ms/step - loss: 0.0249
[1m4/8[0m [32m━━━━━━━━━━[0m[37m━━━━━━━━━━[0m [1m0s[0m 18ms/step - loss: 0.0254
[1m8/8[0m [32m━━━━━━━━━━━━━━━━━━━━[0m[37m[0m [1m0s[0m 16ms/step - loss: 0.0236
[1m8/8[0m [32m━━━━━━━━━━━━━━━━━━━━[0m[37m[0m [1m0s[0m 21ms/step - loss: 0.0209
Epoch 5/200

[1m1/8[0m [32m━━[0m[37m━━━━━━━━━━━━━━━━━━[0m [1m0s[0m 46ms/step - loss: 0.0160
[1m5/8[0m [32m━━━━━━━━━━━━[0m[37m━━━━━━━━[0m [1m0s[0m 14ms/step - loss: 0.0154
[1m8/8[0m [32m━━━━━━━━━━━━━━━━━━━━[0m[37m[0m [1m0s[0m 19ms/step - loss: 0.0144
Epoch 6/200

[1m1/8[0m [32m━━[0m[37m━━━━━━━━━━━━━━━━━━[0m [1m0s[0m 47ms/step - loss: 0.0127
[1m5/8[0m [32m━━━━━━━━━━━━[0m[37m━━━━━━━━[0m [1m0s[0m 16ms/step - loss: 0.0149
[1m8/8[0m [32m━━━━━━━━━━━━━━━━━━━━[0m[37m[0m [1m0s[0m 19ms/step - loss: 0.0153
Epoch 7/200

[1m1/8[0m [32m━━[0m[37m━━━━━━━━━━━━━━━━━━[0m [1m0s[0m 39ms/step - loss: 0.0120
[1m5/8[0m [32m━━━━━━━━━━━━[0m[37m━━━━━━━━[0m [1m0s[0m 15ms/step - loss: 0.0121
[1m8/8[0m [32m━━━━━━━━━━━━━━━━━━━━[0m[37m[0m [1m0s[0m 18ms/step - loss: 0.0117
Epoch 8/200

[1m1/8[0m [32m━━[0m[37m━━━━━━━━━━━━━━━━━━[0m [1m0s[0m 42ms/step - loss: 0.0127
[1m5/8[0m [32m━━━━━━━━━━━━[0m[37m━━━━━━━━[0m [1m0s[0m 16ms/step - loss: 0.0121
[1m8/8[0m [32m━━━━━━━━━━━━━━━━━━━━[0m[37m[0m [1m0s[0m 19ms/step - loss: 0.0118
[1m8/8[0m [32m━━━━━━━━━━━━━━━━━━━━[0m[37m[0m [1m0s[0m 25ms/step - loss: 0.0112
Epoch 9/200

[1m1/8[0m [32m━━[0m[37m━━━━━━━━━━━━━━━━━━[0m [1m0s[0m 48ms/step - loss: 0.0097
[1m5/8[0m [32m━━━━━━━━━━━━[0m[37m━━━━━━━━[0m [1m0s[0m 16ms/step - loss: 0.0103
[1m8/8[0m [32m━━━━━━━━━━━━━━━━━━━━[0m[37m[0m [1m0s[0m 19ms/step - loss: 0.0109
Epoch 10/200

[1m1/8[0m [32m━━[0m[37m━━━━━━━━━━━━━━━━━━[0m [1m0s[0m 42ms/step - loss: 0.0070
[1m5/8[0m [32m━━━━━━━━━━━━[0m[37m━━━━━━━━[0m [1m0s[0m 15ms/step - loss: 0.0084
[1m8/8[0m [32m━━━━━━━━━━━━━━━━━━━━[0m[37m[0m [1m0s[0m 18ms/step - loss: 0.0101
Epoch 11/200

[1m1/8[0m [32m━━[0m[37m━━━━━━━━━━━━━━━━━━[0m [1m0s[0m 37ms/step - loss: 0.0145
[1m6/8[0m [32m━━━━━━━━━━━━━━━[0m[37m━━━━━[0m [1m0s[0m 12ms/step - loss: 0.0131
[1m8/8[0m [32m━━━━━━━━━━━━━━━━━━━━[0m[37m[0m [1m0s[0m 15ms/step - loss: 0.0120
Epoch 12/200

[1m1/8[0m [32m━━[0m[37m━━━━━━━━━━━━━━━━━━[0m [1m0s[0m 39ms/step - loss: 0.0070
[1m5/8[0m [32m━━━━━━━━━━━━[0m[37m━━━━━━━━[0m [1m0s[0m 16ms/step - loss: 0.0085
[1m8/8[0m [32m━━━━━━━━━━━━━━━━━━━━[0m[37m[0m [1m0s[0m 20ms/step - loss: 0.0099
Epoch 13/200

[1m1/8[0m [32m━━[0m[37m━━━━━━━━━━━━━━━━━━[0m [1m0s[0m 45ms/step - loss: 0.0053
[1m5/8[0m [32m━━━━━━━━━━━━[0m[37m━━━━━━━━[0m [1m0s[0m 14ms/step - loss: 0.0076
[1m8/8[0m [32m━━━━━━━━━━━━━━━━━━━━[0m[37m[0m [1m0s[0m 18ms/step - loss: 0.0105
Epoch 14/200

[1m1/8[0m [32m━━[0m[37m━━━━━━━━━━━━━━━━━━[0m [1m0s[0m 40ms/step - loss: 0.0123
[1m5/8[0m [32m━━━━━━━━━━━━[0m[37m━━━━━━━━[0m [1m0s[0m 15ms/step - loss: 0.0115
[1m8/8[0m [32m━━━━━━━━━━━━━━━━━━━━[0m[37m[0m [1m0s[0m 19ms/step - loss: 0.0101
Epoch 15/200

[1m1/8[0m [32m━━[0m[37m━━━━━━━━━━━━━━━━━━[0m [1m0s[0m 47ms/step - loss: 0.0115
[1m5/8[0m [32m━━━━━━━━━━━━[0m[37m━━━━━━━━[0m [1m0s[0m 14ms/step - loss: 0.0108
[1m8/8[0m [32m━━━━━━━━━━━━━━━━━━━━[0m[37m[0m [1m0s[0m 18ms/step - loss: 0.0107
Epoch 16/200

[1m1/8[0m [32m━━[0m[37m━━━━━━━━━━━━━━━━━━[0m [1m0s[0m 43ms/step - loss: 0.0108
[1m5/8[0m [32m━━━━━━━━━━━━[0m[37m━━━━━━━━[0m [1m0s[0m 16ms/step - loss: 0.0129
[1m8/8[0m [32m━━━━━━━━━━━━━━━━━━━━[0m[37m[0m [1m0s[0m 21ms/step - loss: 0.0112
Epoch 17/200

[1m1/8[0m [32m━━[0m[37m━━━━━━━━━━━━━━━━━━[0m [1m0s[0m 47ms/step - loss: 0.0085
[1m5/8[0m [32m━━━━━━━━━━━━[0m[37m━━━━━━━━[0m [1m0s[0m 15ms/step - loss: 0.0091
[1m8/8[0m [32m━━━━━━━━━━━━━━━━━━━━[0m[37m[0m [1m0s[0m 20ms/step - loss: 0.0083
Epoch 18/200

[1m1/8[0m [32m━━[0m[37m━━━━━━━━━━━━━━━━━━[0m [1m0s[0m 47ms/step - loss: 0.0110
[1m5/8[0m [32m━━━━━━━━━━━━[0m[37m━━━━━━━━[0m [1m0s[0m 15ms/step - loss: 0.0088
[1m8/8[0m [32m━━━━━━━━━━━━━━━━━━━━[0m[37m[0m [1m0s[0m 18ms/step - loss: 0.0077
Epoch 19/200

[1m1/8[0m [32m━━[0m[37m━━━━━━━━━━━━━━━━━━[0m [1m0s[0m 47ms/step - loss: 0.0070
[1m5/8[0m [32m━━━━━━━━━━━━[0m[37m━━━━━━━━[0m [1m0s[0m 16ms/step - loss: 0.0092
[1m8/8[0m [32m━━━━━━━━━━━━━━━━━━━━[0m[37m[0m [1m0s[0m 21ms/step - loss: 0.0094
Epoch 20/200

[1m1/8[0m [32m━━[0m[37m━━━━━━━━━━━━━━━━━━[0m [1m0s[0m 47ms/step - loss: 0.0085
[1m5/8[0m [32m━━━━━━━━━━━━[0m[37m━━━━━━━━[0m [1m0s[0m 15ms/step - loss: 0.0101
[1m8/8[0m [32m━━━━━━━━━━━━━━━━━━━━[0m[37m[0m [1m0s[0m 20ms/step - loss: 0.0096
Epoch 21/200

[1m1/8[0m [32m━━[0m[37m━━━━━━━━━━━━━━━━━━[0m [1m0s[0m 46ms/step - loss: 0.0067
[1m5/8[0m [32m━━━━━━━━━━━━[0m[37m━━━━━━━━[0m [1m0s[0m 13ms/step - loss: 0.0080
[1m8/8[0m [32m━━━━━━━━━━━━━━━━━━━━[0m[37m[0m [1m0s[0m 17ms/step - loss: 0.0086
Epoch 22/200

[1m1/8[0m [32m━━[0m[37m━━━━━━━━━━━━━━━━━━[0m [1m0s[0m 48ms/step - loss: 0.0106
[1m5/8[0m [32m━━━━━━━━━━━━[0m[37m━━━━━━━━[0m [1m0s[0m 16ms/step - loss: 0.0094
[1m8/8[0m [32m━━━━━━━━━━━━━━━━━━━━[0m[37m[0m [1m0s[0m 20ms/step - loss: 0.0102
Epoch 23/200

[1m1/8[0m [32m━━[0m[37m━━━━━━━━━━━━━━━━━━[0m [1m0s[0m 46ms/step - loss: 0.0054
[1m5/8[0m [32m━━━━━━━━━━━━[0m[37m━━━━━━━━[0m [1m0s[0m 14ms/step - loss: 0.0091
[1m8/8[0m [32m━━━━━━━━━━━━━━━━━━━━[0m[37m[0m [1m0s[0m 17ms/step - loss: 0.0101
Epoch 24/200

[1m1/8[0m [32m━━[0m[37m━━━━━━━━━━━━━━━━━━[0m [1m0s[0m 39ms/step - loss: 0.0065
[1m5/8[0m [32m━━━━━━━━━━━━[0m[37m━━━━━━━━[0m [1m0s[0m 14ms/step - loss: 0.0067
[1m8/8[0m [32m━━━━━━━━━━━━━━━━━━━━[0m[37m[0m [1m0s[0m 18ms/step - loss: 0.0091
Epoch 25/200

[1m1/8[0m [32m━━[0m[37m━━━━━━━━━━━━━━━━━━[0m [1m0s[0m 38ms/step - loss: 0.0037
[1m6/8[0m [32m━━━━━━━━━━━━━━━[0m[37m━━━━━[0m [1m0s[0m 12ms/step - loss: 0.0091
[1m8/8[0m [32m━━━━━━━━━━━━━━━━━━━━[0m[37m[0m [1m0s[0m 15ms/step - loss: 0.0097
Epoch 26/200

[1m1/8[0m [32m━━[0m[37m━━━━━━━━━━━━━━━━━━[0m [1m0s[0m 40ms/step - loss: 0.0066
[1m5/8[0m [32m━━━━━━━━━━━━[0m[37m━━━━━━━━[0m [1m0s[0m 15ms/step - loss: 0.0068
[1m8/8[0m [32m━━━━━━━━━━━━━━━━━━━━[0m[37m[0m [1m0s[0m 18ms/step - loss: 0.0079
Epoch 27/200

[1m1/8[0m [32m━━[0m[37m━━━━━━━━━━━━━━━━━━[0m [1m0s[0m 40ms/step - loss: 0.0059
[1m5/8[0m [32m━━━━━━━━━━━━[0m[37m━━━━━━━━[0m [1m0s[0m 15ms/step - loss: 0.0080
[1m8/8[0m [32m━━━━━━━━━━━━━━━━━━━━[0m[37m[0m [1m0s[0m 18ms/step - loss: 0.0087
Epoch 28/200

[1m1/8[0m [32m━━[0m[37m━━━━━━━━━━━━━━━━━━[0m [1m0s[0m 40ms/step - loss: 0.0123
[1m3/8[0m [32m━━━━━━━[0m[37m━━━━━━━━━━━━━[0m [1m0s[0m 31ms/step - loss: 0.0115
[1m6/8[0m [32m━━━━━━━━━━━━━━━[0m[37m━━━━━[0m [1m0s[0m 24ms/step - loss: 0.0104
[1m8/8[0m [32m━━━━━━━━━━━━━━━━━━━━[0m[37m[0m [1m0s[0m 25ms/step - loss: 0.0081
Epoch 29/200

[1m1/8[0m [32m━━[0m[37m━━━━━━━━━━━━━━━━━━[0m [1m0s[0m 42ms/step - loss: 0.0150
[1m5/8[0m [32m━━━━━━━━━━━━[0m[37m━━━━━━━━[0m [1m0s[0m 16ms/step - loss: 0.0115
[1m8/8[0m [32m━━━━━━━━━━━━━━━━━━━━[0m[37m[0m [1m0s[0m 19ms/step - loss: 0.0085
Epoch 30/200

[1m1/8[0m [32m━━[0m[37m━━━━━━━━━━━━━━━━━━[0m [1m0s[0m 40ms/step - loss: 0.0102
[1m5/8[0m [32m━━━━━━━━━━━━[0m[37m━━━━━━━━[0m [1m0s[0m 15ms/step - loss: 0.0091
[1m8/8[0m [32m━━━━━━━━━━━━━━━━━━━━[0m[37m[0m [1m0s[0m 18ms/step - loss: 0.0084
Epoch 31/200

[1m1/8[0m [32m━━[0m[37m━━━━━━━━━━━━━━━━━━[0m [1m0s[0m 39ms/step - loss: 0.0099
[1m5/8[0m [32m━━━━━━━━━━━━[0m[37m━━━━━━━━[0m [1m0s[0m 15ms/step - loss: 0.0085
[1m8/8[0m [32m━━━━━━━━━━━━━━━━━━━━[0m[37m[0m [1m0s[0m 18ms/step - loss: 0.0074
Epoch 32/200

[1m1/8[0m [32m━━[0m[37m━━━━━━━━━━━━━━━━━━[0m [1m0s[0m 41ms/step - loss: 0.0072
[1m5/8[0m [32m━━━━━━━━━━━━[0m[37m━━━━━━━━[0m [1m0s[0m 16ms/step - loss: 0.0096
[1m8/8[0m [32m━━━━━━━━━━━━━━━━━━━━[0m[37m[0m [1m0s[0m 20ms/step - loss: 0.0088
Epoch 33/200

[1m1/8[0m [32m━━[0m[37m━━━━━━━━━━━━━━━━━━[0m [1m0s[0m 57ms/step - loss: 0.0088
[1m5/8[0m [32m━━━━━━━━━━━━[0m[37m━━━━━━━━[0m [1m0s[0m 15ms/step - loss: 0.0079
[1m8/8[0m [32m━━━━━━━━━━━━━━━━━━━━[0m[37m[0m [1m0s[0m 17ms/step - loss: 0.0076
Epoch 34/200

[1m1/8[0m [32m━━[0m[37m━━━━━━━━━━━━━━━━━━[0m [1m0s[0m 38ms/step - loss: 0.0052
[1m5/8[0m [32m━━━━━━━━━━━━[0m[37m━━━━━━━━[0m [1m0s[0m 16ms/step - loss: 0.0060
[1m8/8[0m [32m━━━━━━━━━━━━━━━━━━━━[0m[37m[0m [1m0s[0m 18ms/step - loss: 0.0067
Epoch 35/200

[1m1/8[0m [32m━━[0m[37m━━━━━━━━━━━━━━━━━━[0m [1m0s[0m 69ms/step - loss: 0.0077
[1m4/8[0m [32m━━━━━━━━━━[0m[37m━━━━━━━━━━[0m [1m0s[0m 17ms/step - loss: 0.0063
[1m8/8[0m [32m━━━━━━━━━━━━━━━━━━━━[0m[37m[0m [1m0s[0m 15ms/step - loss: 0.0064
[1m8/8[0m [32m━━━━━━━━━━━━━━━━━━━━[0m[37m[0m [1m0s[0m 19ms/step - loss: 0.0070
Epoch 36/200

[1m1/8[0m [32m━━[0m[37m━━━━━━━━━━━━━━━━━━[0m [1m0s[0m 40ms/step - loss: 0.0100
[1m5/8[0m [32m━━━━━━━━━━━━[0m[37m━━━━━━━━[0m [1m0s[0m 14ms/step - loss: 0.0086
[1m8/8[0m [32m━━━━━━━━━━━━━━━━━━━━[0m[37m[0m [1m0s[0m 18ms/step - loss: 0.0079
Epoch 37/200

[1m1/8[0m [32m━━[0m[37m━━━━━━━━━━━━━━━━━━[0m [1m0s[0m 39ms/step - loss: 0.0082
[1m6/8[0m [32m━━━━━━━━━━━━━━━[0m[37m━━━━━[0m [1m0s[0m 12ms/step - loss: 0.0098
[1m8/8[0m [32m━━━━━━━━━━━━━━━━━━━━[0m[37m[0m [1m0s[0m 16ms/step - loss: 0.0085
Epoch 38/200

[1m1/8[0m [32m━━[0m[37m━━━━━━━━━━━━━━━━━━[0m [1m0s[0m 42ms/step - loss: 0.0055
[1m5/8[0m [32m━━━━━━━━━━━━[0m[37m━━━━━━━━[0m [1m0s[0m 14ms/step - loss: 0.0065
[1m8/8[0m [32m━━━━━━━━━━━━━━━━━━━━[0m[37m[0m [1m0s[0m 18ms/step - loss: 0.0078
Epoch 39/200

[1m1/8[0m [32m━━[0m[37m━━━━━━━━━━━━━━━━━━[0m [1m0s[0m 40ms/step - loss: 0.0042
[1m5/8[0m [32m━━━━━━━━━━━━[0m[37m━━━━━━━━[0m [1m0s[0m 14ms/step - loss: 0.0070
[1m8/8[0m [32m━━━━━━━━━━━━━━━━━━━━[0m[37m[0m [1m0s[0m 18ms/step - loss: 0.0068
Epoch 40/200

[1m1/8[0m [32m━━[0m[37m━━━━━━━━━━━━━━━━━━[0m [1m0s[0m 41ms/step - loss: 0.0060
[1m5/8[0m [32m━━━━━━━━━━━━[0m[37m━━━━━━━━[0m [1m0s[0m 16ms/step - loss: 0.0063
[1m8/8[0m [32m━━━━━━━━━━━━━━━━━━━━[0m[37m[0m [1m0s[0m 18ms/step - loss: 0.0077
Epoch 41/200

[1m1/8[0m [32m━━[0m[37m━━━━━━━━━━━━━━━━━━[0m [1m0s[0m 40ms/step - loss: 0.0098
[1m5/8[0m [32m━━━━━━━━━━━━[0m[37m━━━━━━━━[0m [1m0s[0m 15ms/step - loss: 0.0081
[1m8/8[0m [32m━━━━━━━━━━━━━━━━━━━━[0m[37m[0m [1m0s[0m 18ms/step - loss: 0.0080
Epoch 42/200

[1m1/8[0m [32m━━[0m[37m━━━━━━━━━━━━━━━━━━[0m [1m0s[0m 40ms/step - loss: 0.0074
[1m5/8[0m [32m━━━━━━━━━━━━[0m[37m━━━━━━━━[0m [1m0s[0m 14ms/step - loss: 0.0071
[1m8/8[0m [32m━━━━━━━━━━━━━━━━━━━━[0m[37m[0m [1m0s[0m 18ms/step - loss: 0.0071
Epoch 43/200

[1m1/8[0m [32m━━[0m[37m━━━━━━━━━━━━━━━━━━[0m [1m0s[0m 42ms/step - loss: 0.0040
[1m5/8[0m [32m━━━━━━━━━━━━[0m[37m━━━━━━━━[0m [1m0s[0m 16ms/step - loss: 0.0058
[1m8/8[0m [32m━━━━━━━━━━━━━━━━━━━━[0m[37m[0m [1m0s[0m 20ms/step - loss: 0.0077
Epoch 44/200

[1m1/8[0m [32m━━[0m[37m━━━━━━━━━━━━━━━━━━[0m [1m0s[0m 48ms/step - loss: 0.0099
[1m5/8[0m [32m━━━━━━━━━━━━[0m[37m━━━━━━━━[0m [1m0s[0m 16ms/step - loss: 0.0088
[1m8/8[0m [32m━━━━━━━━━━━━━━━━━━━━[0m[37m[0m [1m0s[0m 18ms/step - loss: 0.0076
Epoch 45/200

[1m1/8[0m [32m━━[0m[37m━━━━━━━━━━━━━━━━━━[0m [1m0s[0m 39ms/step - loss: 0.0060
[1m5/8[0m [32m━━━━━━━━━━━━[0m[37m━━━━━━━━[0m [1m0s[0m 15ms/step - loss: 0.0070
[1m8/8[0m [32m━━━━━━━━━━━━━━━━━━━━[0m[37m[0m [1m0s[0m 20ms/step - loss: 0.0076
Epoch 46/200

[1m1/8[0m [32m━━[0m[37m━━━━━━━━━━━━━━━━━━[0m [1m0s[0m 50ms/step - loss: 0.0052
[1m5/8[0m [32m━━━━━━━━━━━━[0m[37m━━━━━━━━[0m [1m0s[0m 15ms/step - loss: 0.0061
[1m8/8[0m [32m━━━━━━━━━━━━━━━━━━━━[0m[37m[0m [1m0s[0m 18ms/step - loss: 0.0071
Epoch 47/200

[1m1/8[0m [32m━━[0m[37m━━━━━━━━━━━━━━━━━━[0m [1m0s[0m 39ms/step - loss: 0.0112
[1m5/8[0m [32m━━━━━━━━━━━━[0m[37m━━━━━━━━[0m [1m0s[0m 15ms/step - loss: 0.0091
[1m8/8[0m [32m━━━━━━━━━━━━━━━━━━━━[0m[37m[0m [1m0s[0m 18ms/step - loss: 0.0080
Epoch 48/200

[1m1/8[0m [32m━━[0m[37m━━━━━━━━━━━━━━━━━━[0m [1m0s[0m 40ms/step - loss: 0.0043
[1m5/8[0m [32m━━━━━━━━━━━━[0m[37m━━━━━━━━[0m [1m0s[0m 15ms/step - loss: 0.0061
[1m8/8[0m [32m━━━━━━━━━━━━━━━━━━━━[0m[37m[0m [1m0s[0m 17ms/step - loss: 0.0065
Epoch 49/200

[1m1/8[0m [32m━━[0m[37m━━━━━━━━━━━━━━━━━━[0m [1m0s[0m 43ms/step - loss: 0.0062
[1m5/8[0m [32m━━━━━━━━━━━━[0m[37m━━━━━━━━[0m [1m0s[0m 16ms/step - loss: 0.0065
[1m8/8[0m [32m━━━━━━━━━━━━━━━━━━━━[0m[37m[0m [1m0s[0m 20ms/step - loss: 0.0066
Epoch 50/200

[1m1/8[0m [32m━━[0m[37m━━━━━━━━━━━━━━━━━━[0m [1m0s[0m 47ms/step - loss: 0.0073
[1m5/8[0m [32m━━━━━━━━━━━━[0m[37m━━━━━━━━[0m [1m0s[0m 16ms/step - loss: 0.0076
[1m8/8[0m [32m━━━━━━━━━━━━━━━━━━━━[0m[37m[0m [1m0s[0m 19ms/step - loss: 0.0081
Epoch 51/200

[1m1/8[0m [32m━━[0m[37m━━━━━━━━━━━━━━━━━━[0m [1m0s[0m 38ms/step - loss: 0.0091
[1m5/8[0m [32m━━━━━━━━━━━━[0m[37m━━━━━━━━[0m [1m0s[0m 15ms/step - loss: 0.0095
[1m8/8[0m [32m━━━━━━━━━━━━━━━━━━━━[0m[37m[0m [1m0s[0m 18ms/step - loss: 0.0071
Epoch 52/200

[1m1/8[0m [32m━━[0m[37m━━━━━━━━━━━━━━━━━━[0m [1m0s[0m 38ms/step - loss: 0.0065
[1m5/8[0m [32m━━━━━━━━━━━━[0m[37m━━━━━━━━[0m [1m0s[0m 15ms/step - loss: 0.0086
[1m8/8[0m [32m━━━━━━━━━━━━━━━━━━━━[0m[37m[0m [1m0s[0m 20ms/step - loss: 0.0080
Epoch 53/200

[1m1/8[0m [32m━━[0m[37m━━━━━━━━━━━━━━━━━━[0m [1m0s[0m 46ms/step - loss: 0.0071
[1m5/8[0m [32m━━━━━━━━━━━━[0m[37m━━━━━━━━[0m [1m0s[0m 14ms/step - loss: 0.0062
[1m8/8[0m [32m━━━━━━━━━━━━━━━━━━━━[0m[37m[0m [1m0s[0m 18ms/step - loss: 0.0068
Epoch 54/200

[1m1/8[0m [32m━━[0m[37m━━━━━━━━━━━━━━━━━━[0m [1m0s[0m 49ms/step - loss: 0.0047
[1m5/8[0m [32m━━━━━━━━━━━━[0m[37m━━━━━━━━[0m [1m0s[0m 16ms/step - loss: 0.0054
[1m8/8[0m [32m━━━━━━━━━━━━━━━━━━━━[0m[37m[0m [1m0s[0m 21ms/step - loss: 0.0061
Epoch 55/200

[1m1/8[0m [32m━━[0m[37m━━━━━━━━━━━━━━━━━━[0m [1m0s[0m 56ms/step - loss: 0.0057
[1m5/8[0m [32m━━━━━━━━━━━━[0m[37m━━━━━━━━[0m [1m0s[0m 16ms/step - loss: 0.0069
[1m8/8[0m [32m━━━━━━━━━━━━━━━━━━━━[0m[37m[0m [1m0s[0m 19ms/step - loss: 0.0073
Epoch 56/200

[1m1/8[0m [32m━━[0m[37m━━━━━━━━━━━━━━━━━━[0m [1m0s[0m 43ms/step - loss: 0.0047
[1m5/8[0m [32m━━━━━━━━━━━━[0m[37m━━━━━━━━[0m [1m0s[0m 17ms/step - loss: 0.0057
[1m8/8[0m [32m━━━━━━━━━━━━━━━━━━━━[0m[37m[0m [1m0s[0m 21ms/step - loss: 0.0060
Epoch 57/200

[1m1/8[0m [32m━━[0m[37m━━━━━━━━━━━━━━━━━━[0m [1m0s[0m 46ms/step - loss: 0.0052
[1m5/8[0m [32m━━━━━━━━━━━━[0m[37m━━━━━━━━[0m [1m0s[0m 16ms/step - loss: 0.0055
[1m8/8[0m [32m━━━━━━━━━━━━━━━━━━━━[0m[37m[0m [1m0s[0m 20ms/step - loss: 0.0061
Epoch 58/200

[1m1/8[0m [32m━━[0m[37m━━━━━━━━━━━━━━━━━━[0m [1m0s[0m 49ms/step - loss: 0.0074
[1m5/8[0m [32m━━━━━━━━━━━━[0m[37m━━━━━━━━[0m [1m0s[0m 16ms/step - loss: 0.0060
[1m8/8[0m [32m━━━━━━━━━━━━━━━━━━━━[0m[37m[0m [1m0s[0m 20ms/step - loss: 0.0057
Epoch 59/200

[1m1/8[0m [32m━━[0m[37m━━━━━━━━━━━━━━━━━━[0m [1m0s[0m 50ms/step - loss: 0.0113
[1m4/8[0m [32m━━━━━━━━━━[0m[37m━━━━━━━━━━[0m [1m0s[0m 17ms/step - loss: 0.0086
[1m8/8[0m [32m━━━━━━━━━━━━━━━━━━━━[0m[37m[0m [1m0s[0m 16ms/step - loss: 0.0080
[1m8/8[0m [32m━━━━━━━━━━━━━━━━━━━━[0m[37m[0m [1m0s[0m 19ms/step - loss: 0.0074
Epoch 60/200

[1m1/8[0m [32m━━[0m[37m━━━━━━━━━━━━━━━━━━[0m [1m0s[0m 37ms/step - loss: 0.0070
[1m5/8[0m [32m━━━━━━━━━━━━[0m[37m━━━━━━━━[0m [1m0s[0m 15ms/step - loss: 0.0064
[1m8/8[0m [32m━━━━━━━━━━━━━━━━━━━━[0m[37m[0m [1m0s[0m 18ms/step - loss: 0.0061
Epoch 61/200

[1m1/8[0m [32m━━[0m[37m━━━━━━━━━━━━━━━━━━[0m [1m0s[0m 41ms/step - loss: 0.0080
[1m4/8[0m [32m━━━━━━━━━━[0m[37m━━━━━━━━━━[0m [1m0s[0m 17ms/step - loss: 0.0071
[1m8/8[0m [32m━━━━━━━━━━━━━━━━━━━━[0m[37m[0m [1m0s[0m 16ms/step - loss: 0.0068
[1m8/8[0m [32m━━━━━━━━━━━━━━━━━━━━[0m[37m[0m [1m0s[0m 21ms/step - loss: 0.0066
Epoch 62/200

[1m1/8[0m [32m━━[0m[37m━━━━━━━━━━━━━━━━━━[0m [1m0s[0m 43ms/step - loss: 0.0124
[1m4/8[0m [32m━━━━━━━━━━[0m[37m━━━━━━━━━━[0m [1m0s[0m 17ms/step - loss: 0.0088
[1m8/8[0m [32m━━━━━━━━━━━━━━━━━━━━[0m[37m[0m [1m0s[0m 15ms/step - loss: 0.0079
[1m8/8[0m [32m━━━━━━━━━━━━━━━━━━━━[0m[37m[0m [1m0s[0m 20ms/step - loss: 0.0075
Epoch 63/200

[1m1/8[0m [32m━━[0m[37m━━━━━━━━━━━━━━━━━━[0m [1m0s[0m 49ms/step - loss: 0.0061
[1m5/8[0m [32m━━━━━━━━━━━━[0m[37m━━━━━━━━[0m [1m0s[0m 14ms/step - loss: 0.0066
[1m8/8[0m [32m━━━━━━━━━━━━━━━━━━━━[0m[37m[0m [1m0s[0m 17ms/step - loss: 0.0069
Epoch 64/200

[1m1/8[0m [32m━━[0m[37m━━━━━━━━━━━━━━━━━━[0m [1m0s[0m 38ms/step - loss: 0.0036
[1m5/8[0m [32m━━━━━━━━━━━━[0m[37m━━━━━━━━[0m [1m0s[0m 15ms/step - loss: 0.0044
[1m8/8[0m [32m━━━━━━━━━━━━━━━━━━━━[0m[37m[0m [1m0s[0m 20ms/step - loss: 0.0053
Epoch 65/200

[1m1/8[0m [32m━━[0m[37m━━━━━━━━━━━━━━━━━━[0m [1m0s[0m 49ms/step - loss: 0.0067
[1m5/8[0m [32m━━━━━━━━━━━━[0m[37m━━━━━━━━[0m [1m0s[0m 16ms/step - loss: 0.0063
[1m8/8[0m [32m━━━━━━━━━━━━━━━━━━━━[0m[37m[0m [1m0s[0m 19ms/step - loss: 0.0061
Epoch 66/200

[1m1/8[0m [32m━━[0m[37m━━━━━━━━━━━━━━━━━━[0m [1m0s[0m 40ms/step - loss: 0.0074
[1m5/8[0m [32m━━━━━━━━━━━━[0m[37m━━━━━━━━[0m [1m0s[0m 16ms/step - loss: 0.0059
[1m8/8[0m [32m━━━━━━━━━━━━━━━━━━━━[0m[37m[0m [1m0s[0m 20ms/step - loss: 0.0056
Epoch 67/200

[1m1/8[0m [32m━━[0m[37m━━━━━━━━━━━━━━━━━━[0m [1m0s[0m 50ms/step - loss: 0.0041
[1m5/8[0m [32m━━━━━━━━━━━━[0m[37m━━━━━━━━[0m [1m0s[0m 16ms/step - loss: 0.0037
[1m8/8[0m [32m━━━━━━━━━━━━━━━━━━━━[0m[37m[0m [1m0s[0m 20ms/step - loss: 0.0055
Epoch 68/200

[1m1/8[0m [32m━━[0m[37m━━━━━━━━━━━━━━━━━━[0m [1m0s[0m 50ms/step - loss: 0.0096
[1m5/8[0m [32m━━━━━━━━━━━━[0m[37m━━━━━━━━[0m [1m0s[0m 16ms/step - loss: 0.0073
[1m8/8[0m [32m━━━━━━━━━━━━━━━━━━━━[0m[37m[0m [1m0s[0m 20ms/step - loss: 0.0054
Epoch 69/200

[1m1/8[0m [32m━━[0m[37m━━━━━━━━━━━━━━━━━━[0m [1m0s[0m 63ms/step - loss: 0.0074
[1m4/8[0m [32m━━━━━━━━━━[0m[37m━━━━━━━━━━[0m [1m0s[0m 17ms/step - loss: 0.0069
[1m8/8[0m [32m━━━━━━━━━━━━━━━━━━━━[0m[37m[0m [1m0s[0m 16ms/step - loss: 0.0066
[1m8/8[0m [32m━━━━━━━━━━━━━━━━━━━━[0m[37m[0m [1m0s[0m 19ms/step - loss: 0.0060
Epoch 70/200

[1m1/8[0m [32m━━[0m[37m━━━━━━━━━━━━━━━━━━[0m [1m0s[0m 39ms/step - loss: 0.0069
[1m5/8[0m [32m━━━━━━━━━━━━[0m[37m━━━━━━━━[0m [1m0s[0m 15ms/step - loss: 0.0056
[1m8/8[0m [32m━━━━━━━━━━━━━━━━━━━━[0m[37m[0m [1m0s[0m 18ms/step - loss: 0.0056
Epoch 71/200

[1m1/8[0m [32m━━[0m[37m━━━━━━━━━━━━━━━━━━[0m [1m0s[0m 39ms/step - loss: 0.0027
[1m5/8[0m [32m━━━━━━━━━━━━[0m[37m━━━━━━━━[0m [1m0s[0m 16ms/step - loss: 0.0052
[1m8/8[0m [32m━━━━━━━━━━━━━━━━━━━━[0m[37m[0m [1m0s[0m 18ms/step - loss: 0.0058
Epoch 72/200

[1m1/8[0m [32m━━[0m[37m━━━━━━━━━━━━━━━━━━[0m [1m0s[0m 36ms/step - loss: 0.0077
[1m5/8[0m [32m━━━━━━━━━━━━[0m[37m━━━━━━━━[0m [1m0s[0m 13ms/step - loss: 0.0060
[1m8/8[0m [32m━━━━━━━━━━━━━━━━━━━━[0m[37m[0m [1m0s[0m 17ms/step - loss: 0.0059
Epoch 73/200

[1m1/8[0m [32m━━[0m[37m━━━━━━━━━━━━━━━━━━[0m [1m0s[0m 43ms/step - loss: 0.0048
[1m6/8[0m [32m━━━━━━━━━━━━━━━[0m[37m━━━━━[0m [1m0s[0m 12ms/step - loss: 0.0058
[1m8/8[0m [32m━━━━━━━━━━━━━━━━━━━━[0m[37m[0m [1m0s[0m 17ms/step - loss: 0.0057
Epoch 74/200

[1m1/8[0m [32m━━[0m[37m━━━━━━━━━━━━━━━━━━[0m [1m0s[0m 47ms/step - loss: 0.0028
[1m6/8[0m [32m━━━━━━━━━━━━━━━[0m[37m━━━━━[0m [1m0s[0m 12ms/step - loss: 0.0062
[1m8/8[0m [32m━━━━━━━━━━━━━━━━━━━━[0m[37m[0m [1m0s[0m 16ms/step - loss: 0.0066
Epoch 75/200

[1m1/8[0m [32m━━[0m[37m━━━━━━━━━━━━━━━━━━[0m [1m0s[0m 52ms/step - loss: 0.0066
[1m5/8[0m [32m━━━━━━━━━━━━[0m[37m━━━━━━━━[0m [1m0s[0m 14ms/step - loss: 0.0059
[1m8/8[0m [32m━━━━━━━━━━━━━━━━━━━━[0m[37m[0m [1m0s[0m 19ms/step - loss: 0.0055
Epoch 76/200

[1m1/8[0m [32m━━[0m[37m━━━━━━━━━━━━━━━━━━[0m [1m0s[0m 49ms/step - loss: 0.0077
[1m5/8[0m [32m━━━━━━━━━━━━[0m[37m━━━━━━━━[0m [1m0s[0m 14ms/step - loss: 0.0065
[1m8/8[0m [32m━━━━━━━━━━━━━━━━━━━━[0m[37m[0m [1m0s[0m 16ms/step - loss: 0.0065
Epoch 77/200

[1m1/8[0m [32m━━[0m[37m━━━━━━━━━━━━━━━━━━[0m [1m0s[0m 44ms/step - loss: 0.0108
[1m5/8[0m [32m━━━━━━━━━━━━[0m[37m━━━━━━━━[0m [1m0s[0m 15ms/step - loss: 0.0079
[1m8/8[0m [32m━━━━━━━━━━━━━━━━━━━━[0m[37m[0m [1m0s[0m 20ms/step - loss: 0.0069
Epoch 78/200

[1m1/8[0m [32m━━[0m[37m━━━━━━━━━━━━━━━━━━[0m [1m0s[0m 47ms/step - loss: 0.0053
[1m5/8[0m [32m━━━━━━━━━━━━[0m[37m━━━━━━━━[0m [1m0s[0m 16ms/step - loss: 0.0055
[1m8/8[0m [32m━━━━━━━━━━━━━━━━━━━━[0m[37m[0m [1m0s[0m 20ms/step - loss: 0.0061
Epoch 79/200

[1m1/8[0m [32m━━[0m[37m━━━━━━━━━━━━━━━━━━[0m [1m0s[0m 46ms/step - loss: 0.0050
[1m5/8[0m [32m━━━━━━━━━━━━[0m[37m━━━━━━━━[0m [1m0s[0m 16ms/step - loss: 0.0052
[1m8/8[0m [32m━━━━━━━━━━━━━━━━━━━━[0m[37m[0m [1m0s[0m 18ms/step - loss: 0.0062
Epoch 80/200

[1m1/8[0m [32m━━[0m[37m━━━━━━━━━━━━━━━━━━[0m [1m0s[0m 40ms/step - loss: 0.0024
[1m5/8[0m [32m━━━━━━━━━━━━[0m[37m━━━━━━━━[0m [1m0s[0m 15ms/step - loss: 0.0044
[1m8/8[0m [32m━━━━━━━━━━━━━━━━━━━━[0m[37m[0m [1m0s[0m 20ms/step - loss: 0.0060
Epoch 81/200

[1m1/8[0m [32m━━[0m[37m━━━━━━━━━━━━━━━━━━[0m [1m0s[0m 46ms/step - loss: 0.0042
[1m5/8[0m [32m━━━━━━━━━━━━[0m[37m━━━━━━━━[0m [1m0s[0m 14ms/step - loss: 0.0057
[1m8/8[0m [32m━━━━━━━━━━━━━━━━━━━━[0m[37m[0m [1m0s[0m 17ms/step - loss: 0.0064
Epoch 82/200

[1m1/8[0m [32m━━[0m[37m━━━━━━━━━━━━━━━━━━[0m [1m0s[0m 41ms/step - loss: 0.0048
[1m5/8[0m [32m━━━━━━━━━━━━[0m[37m━━━━━━━━[0m [1m0s[0m 15ms/step - loss: 0.0059
[1m8/8[0m [32m━━━━━━━━━━━━━━━━━━━━[0m[37m[0m [1m0s[0m 17ms/step - loss: 0.0056
Epoch 83/200

[1m1/8[0m [32m━━[0m[37m━━━━━━━━━━━━━━━━━━[0m [1m0s[0m 38ms/step - loss: 0.0091
[1m5/8[0m [32m━━━━━━━━━━━━[0m[37m━━━━━━━━[0m [1m0s[0m 14ms/step - loss: 0.0084
[1m8/8[0m [32m━━━━━━━━━━━━━━━━━━━━[0m[37m[0m [1m0s[0m 17ms/step - loss: 0.0072
Epoch 84/200

[1m1/8[0m [32m━━[0m[37m━━━━━━━━━━━━━━━━━━[0m [1m0s[0m 40ms/step - loss: 0.0080
[1m5/8[0m [32m━━━━━━━━━━━━[0m[37m━━━━━━━━[0m [1m0s[0m 15ms/step - loss: 0.0072
[1m8/8[0m [32m━━━━━━━━━━━━━━━━━━━━[0m[37m[0m [1m0s[0m 20ms/step - loss: 0.0053
Epoch 85/200

[1m1/8[0m [32m━━[0m[37m━━━━━━━━━━━━━━━━━━[0m [1m0s[0m 47ms/step - loss: 0.0045
[1m5/8[0m [32m━━━━━━━━━━━━[0m[37m━━━━━━━━[0m [1m0s[0m 16ms/step - loss: 0.0045
[1m8/8[0m [32m━━━━━━━━━━━━━━━━━━━━[0m[37m[0m [1m0s[0m 19ms/step - loss: 0.0056
Epoch 86/200

[1m1/8[0m [32m━━[0m[37m━━━━━━━━━━━━━━━━━━[0m [1m0s[0m 37ms/step - loss: 0.0102
[1m5/8[0m [32m━━━━━━━━━━━━[0m[37m━━━━━━━━[0m [1m0s[0m 14ms/step - loss: 0.0076
[1m8/8[0m [32m━━━━━━━━━━━━━━━━━━━━[0m[37m[0m [1m0s[0m 18ms/step - loss: 0.0060
Epoch 87/200

[1m1/8[0m [32m━━[0m[37m━━━━━━━━━━━━━━━━━━[0m [1m0s[0m 38ms/step - loss: 0.0065
[1m5/8[0m [32m━━━━━━━━━━━━[0m[37m━━━━━━━━[0m [1m0s[0m 14ms/step - loss: 0.0063
[1m8/8[0m [32m━━━━━━━━━━━━━━━━━━━━[0m[37m[0m [1m0s[0m 18ms/step - loss: 0.0060
Epoch 88/200

[1m1/8[0m [32m━━[0m[37m━━━━━━━━━━━━━━━━━━[0m [1m0s[0m 36ms/step - loss: 0.0062
[1m5/8[0m [32m━━━━━━━━━━━━[0m[37m━━━━━━━━[0m [1m0s[0m 15ms/step - loss: 0.0074
[1m8/8[0m [32m━━━━━━━━━━━━━━━━━━━━[0m[37m[0m [1m0s[0m 18ms/step - loss: 0.0057
Epoch 89/200

[1m1/8[0m [32m━━[0m[37m━━━━━━━━━━━━━━━━━━[0m [1m0s[0m 39ms/step - loss: 0.0046
[1m5/8[0m [32m━━━━━━━━━━━━[0m[37m━━━━━━━━[0m [1m0s[0m 13ms/step - loss: 0.0051
[1m8/8[0m [32m━━━━━━━━━━━━━━━━━━━━[0m[37m[0m [1m0s[0m 17ms/step - loss: 0.0053
Epoch 90/200

[1m1/8[0m [32m━━[0m[37m━━━━━━━━━━━━━━━━━━[0m [1m0s[0m 44ms/step - loss: 0.0053
[1m5/8[0m [32m━━━━━━━━━━━━[0m[37m━━━━━━━━[0m [1m0s[0m 16ms/step - loss: 0.0053
[1m8/8[0m [32m━━━━━━━━━━━━━━━━━━━━[0m[37m[0m [1m0s[0m 18ms/step - loss: 0.0058
Epoch 91/200

[1m1/8[0m [32m━━[0m[37m━━━━━━━━━━━━━━━━━━[0m [1m0s[0m 38ms/step - loss: 0.0041
[1m5/8[0m [32m━━━━━━━━━━━━[0m[37m━━━━━━━━[0m [1m0s[0m 14ms/step - loss: 0.0066
[1m8/8[0m [32m━━━━━━━━━━━━━━━━━━━━[0m[37m[0m [1m0s[0m 18ms/step - loss: 0.0063
Epoch 92/200

[1m1/8[0m [32m━━[0m[37m━━━━━━━━━━━━━━━━━━[0m [1m0s[0m 40ms/step - loss: 0.0049
[1m5/8[0m [32m━━━━━━━━━━━━[0m[37m━━━━━━━━[0m [1m0s[0m 14ms/step - loss: 0.0046
[1m8/8[0m [32m━━━━━━━━━━━━━━━━━━━━[0m[37m[0m [1m0s[0m 17ms/step - loss: 0.0059
Epoch 93/200

[1m1/8[0m [32m━━[0m[37m━━━━━━━━━━━━━━━━━━[0m [1m0s[0m 38ms/step - loss: 0.0048
[1m5/8[0m [32m━━━━━━━━━━━━[0m[37m━━━━━━━━[0m [1m0s[0m 15ms/step - loss: 0.0051
[1m8/8[0m [32m━━━━━━━━━━━━━━━━━━━━[0m[37m[0m [1m0s[0m 19ms/step - loss: 0.0058
Epoch 94/200

[1m1/8[0m [32m━━[0m[37m━━━━━━━━━━━━━━━━━━[0m [1m0s[0m 49ms/step - loss: 0.0060
[1m5/8[0m [32m━━━━━━━━━━━━[0m[37m━━━━━━━━[0m [1m0s[0m 16ms/step - loss: 0.0051
[1m8/8[0m [32m━━━━━━━━━━━━━━━━━━━━[0m[37m[0m [1m0s[0m 20ms/step - loss: 0.0059
Epoch 95/200

[1m1/8[0m [32m━━[0m[37m━━━━━━━━━━━━━━━━━━[0m [1m0s[0m 47ms/step - loss: 0.0099
[1m5/8[0m [32m━━━━━━━━━━━━[0m[37m━━━━━━━━[0m [1m0s[0m 16ms/step - loss: 0.0072
[1m8/8[0m [32m━━━━━━━━━━━━━━━━━━━━[0m[37m[0m [1m0s[0m 20ms/step - loss: 0.0055
Epoch 96/200

[1m1/8[0m [32m━━[0m[37m━━━━━━━━━━━━━━━━━━[0m [1m0s[0m 46ms/step - loss: 0.0081
[1m5/8[0m [32m━━━━━━━━━━━━[0m[37m━━━━━━━━[0m [1m0s[0m 15ms/step - loss: 0.0057
[1m8/8[0m [32m━━━━━━━━━━━━━━━━━━━━[0m[37m[0m [1m0s[0m 18ms/step - loss: 0.0049
Epoch 97/200

[1m1/8[0m [32m━━[0m[37m━━━━━━━━━━━━━━━━━━[0m [1m0s[0m 39ms/step - loss: 0.0045
[1m5/8[0m [32m━━━━━━━━━━━━[0m[37m━━━━━━━━[0m [1m0s[0m 16ms/step - loss: 0.0062
[1m8/8[0m [32m━━━━━━━━━━━━━━━━━━━━[0m[37m[0m [1m0s[0m 20ms/step - loss: 0.0055
Epoch 98/200

[1m1/8[0m [32m━━[0m[37m━━━━━━━━━━━━━━━━━━[0m [1m0s[0m 50ms/step - loss: 0.0042
[1m5/8[0m [32m━━━━━━━━━━━━[0m[37m━━━━━━━━[0m [1m0s[0m 15ms/step - loss: 0.0052
[1m8/8[0m [32m━━━━━━━━━━━━━━━━━━━━[0m[37m[0m [1m0s[0m 17ms/step - loss: 0.0056
Epoch 99/200

[1m1/8[0m [32m━━[0m[37m━━━━━━━━━━━━━━━━━━[0m [1m0s[0m 38ms/step - loss: 0.0039
[1m5/8[0m [32m━━━━━━━━━━━━[0m[37m━━━━━━━━[0m [1m0s[0m 14ms/step - loss: 0.0045
[1m8/8[0m [32m━━━━━━━━━━━━━━━━━━━━[0m[37m[0m [1m0s[0m 17ms/step - loss: 0.0050
Epoch 100/200

[1m1/8[0m [32m━━[0m[37m━━━━━━━━━━━━━━━━━━[0m [1m0s[0m 38ms/step - loss: 0.0033
[1m5/8[0m [32m━━━━━━━━━━━━[0m[37m━━━━━━━━[0m [1m0s[0m 15ms/step - loss: 0.0043
[1m8/8[0m [32m━━━━━━━━━━━━━━━━━━━━[0m[37m[0m [1m0s[0m 18ms/step - loss: 0.0049
Epoch 101/200

[1m1/8[0m [32m━━[0m[37m━━━━━━━━━━━━━━━━━━[0m [1m0s[0m 39ms/step - loss: 0.0103
[1m5/8[0m [32m━━━━━━━━━━━━[0m[37m━━━━━━━━[0m [1m0s[0m 15ms/step - loss: 0.0079
[1m8/8[0m [32m━━━━━━━━━━━━━━━━━━━━[0m[37m[0m [1m0s[0m 18ms/step - loss: 0.0060
Epoch 102/200

[1m1/8[0m [32m━━[0m[37m━━━━━━━━━━━━━━━━━━[0m [1m0s[0m 40ms/step - loss: 0.0074
[1m5/8[0m [32m━━━━━━━━━━━━[0m[37m━━━━━━━━[0m [1m0s[0m 14ms/step - loss: 0.0065
[1m8/8[0m [32m━━━━━━━━━━━━━━━━━━━━[0m[37m[0m [1m0s[0m 17ms/step - loss: 0.0053
Epoch 103/200

[1m1/8[0m [32m━━[0m[37m━━━━━━━━━━━━━━━━━━[0m [1m0s[0m 37ms/step - loss: 0.0060
[1m5/8[0m [32m━━━━━━━━━━━━[0m[37m━━━━━━━━[0m [1m0s[0m 15ms/step - loss: 0.0052
[1m8/8[0m [32m━━━━━━━━━━━━━━━━━━━━[0m[37m[0m [1m0s[0m 18ms/step - loss: 0.0048
Epoch 104/200

[1m1/8[0m [32m━━[0m[37m━━━━━━━━━━━━━━━━━━[0m [1m0s[0m 40ms/step - loss: 0.0050
[1m5/8[0m [32m━━━━━━━━━━━━[0m[37m━━━━━━━━[0m [1m0s[0m 15ms/step - loss: 0.0050
[1m8/8[0m [32m━━━━━━━━━━━━━━━━━━━━[0m[37m[0m [1m0s[0m 19ms/step - loss: 0.0051
Epoch 105/200

[1m1/8[0m [32m━━[0m[37m━━━━━━━━━━━━━━━━━━[0m [1m0s[0m 49ms/step - loss: 0.0045
[1m5/8[0m [32m━━━━━━━━━━━━[0m[37m━━━━━━━━[0m [1m0s[0m 15ms/step - loss: 0.0043
[1m8/8[0m [32m━━━━━━━━━━━━━━━━━━━━[0m[37m[0m [1m0s[0m 20ms/step - loss: 0.0054
Epoch 106/200

[1m1/8[0m [32m━━[0m[37m━━━━━━━━━━━━━━━━━━[0m [1m0s[0m 49ms/step - loss: 0.0045
[1m5/8[0m [32m━━━━━━━━━━━━[0m[37m━━━━━━━━[0m [1m0s[0m 15ms/step - loss: 0.0050
[1m8/8[0m [32m━━━━━━━━━━━━━━━━━━━━[0m[37m[0m [1m0s[0m 20ms/step - loss: 0.0052
Epoch 107/200

[1m1/8[0m [32m━━[0m[37m━━━━━━━━━━━━━━━━━━[0m [1m0s[0m 49ms/step - loss: 0.0064
[1m5/8[0m [32m━━━━━━━━━━━━[0m[37m━━━━━━━━[0m [1m0s[0m 15ms/step - loss: 0.0059
[1m8/8[0m [32m━━━━━━━━━━━━━━━━━━━━[0m[37m[0m [1m0s[0m 20ms/step - loss: 0.0052
Epoch 108/200

[1m1/8[0m [32m━━[0m[37m━━━━━━━━━━━━━━━━━━[0m [1m0s[0m 47ms/step - loss: 0.0089
[1m5/8[0m [32m━━━━━━━━━━━━[0m[37m━━━━━━━━[0m [1m0s[0m 16ms/step - loss: 0.0071
[1m8/8[0m [32m━━━━━━━━━━━━━━━━━━━━[0m[37m[0m [1m0s[0m 20ms/step - loss: 0.0066
Epoch 109/200

[1m1/8[0m [32m━━[0m[37m━━━━━━━━━━━━━━━━━━[0m [1m0s[0m 47ms/step - loss: 0.0124
[1m5/8[0m [32m━━━━━━━━━━━━[0m[37m━━━━━━━━[0m [1m0s[0m 15ms/step - loss: 0.0085
[1m8/8[0m [32m━━━━━━━━━━━━━━━━━━━━[0m[37m[0m [1m0s[0m 19ms/step - loss: 0.0065
Epoch 110/200

[1m1/8[0m [32m━━[0m[37m━━━━━━━━━━━━━━━━━━[0m [1m0s[0m 47ms/step - loss: 0.0023
[1m5/8[0m [32m━━━━━━━━━━━━[0m[37m━━━━━━━━[0m [1m0s[0m 15ms/step - loss: 0.0032
[1m8/8[0m [32m━━━━━━━━━━━━━━━━━━━━[0m[37m[0m [1m0s[0m 18ms/step - loss: 0.0050
Epoch 111/200

[1m1/8[0m [32m━━[0m[37m━━━━━━━━━━━━━━━━━━[0m [1m0s[0m 39ms/step - loss: 0.0065
[1m5/8[0m [32m━━━━━━━━━━━━[0m[37m━━━━━━━━[0m [1m0s[0m 16ms/step - loss: 0.0070
[1m8/8[0m [32m━━━━━━━━━━━━━━━━━━━━[0m[37m[0m [1m0s[0m 19ms/step - loss: 0.0062
Epoch 112/200

[1m1/8[0m [32m━━[0m[37m━━━━━━━━━━━━━━━━━━[0m [1m0s[0m 39ms/step - loss: 0.0053
[1m5/8[0m [32m━━━━━━━━━━━━[0m[37m━━━━━━━━[0m [1m0s[0m 14ms/step - loss: 0.0057
[1m8/8[0m [32m━━━━━━━━━━━━━━━━━━━━[0m[37m[0m [1m0s[0m 19ms/step - loss: 0.0064
Epoch 113/200

[1m1/8[0m [32m━━[0m[37m━━━━━━━━━━━━━━━━━━[0m [1m0s[0m 48ms/step - loss: 0.0026
[1m5/8[0m [32m━━━━━━━━━━━━[0m[37m━━━━━━━━[0m [1m0s[0m 16ms/step - loss: 0.0049
[1m8/8[0m [32m━━━━━━━━━━━━━━━━━━━━[0m[37m[0m [1m0s[0m 19ms/step - loss: 0.0054
Epoch 114/200

[1m1/8[0m [32m━━[0m[37m━━━━━━━━━━━━━━━━━━[0m [1m0s[0m 39ms/step - loss: 0.0053
[1m5/8[0m [32m━━━━━━━━━━━━[0m[37m━━━━━━━━[0m [1m0s[0m 14ms/step - loss: 0.0040
[1m8/8[0m [32m━━━━━━━━━━━━━━━━━━━━[0m[37m[0m [1m0s[0m 17ms/step - loss: 0.0046
Epoch 115/200

[1m1/8[0m [32m━━[0m[37m━━━━━━━━━━━━━━━━━━[0m [1m0s[0m 40ms/step - loss: 0.0024
[1m4/8[0m [32m━━━━━━━━━━[0m[37m━━━━━━━━━━[0m [1m0s[0m 19ms/step - loss: 0.0035
[1m7/8[0m [32m━━━━━━━━━━━━━━━━━[0m[37m━━━[0m [1m0s[0m 19ms/step - loss: 0.0039
[1m8/8[0m [32m━━━━━━━━━━━━━━━━━━━━[0m[37m[0m [1m0s[0m 22ms/step - loss: 0.0046
Epoch 116/200

[1m1/8[0m [32m━━[0m[37m━━━━━━━━━━━━━━━━━━[0m [1m0s[0m 46ms/step - loss: 0.0038
[1m5/8[0m [32m━━━━━━━━━━━━[0m[37m━━━━━━━━[0m [1m0s[0m 14ms/step - loss: 0.0047
[1m8/8[0m [32m━━━━━━━━━━━━━━━━━━━━[0m[37m[0m [1m0s[0m 17ms/step - loss: 0.0050
Epoch 117/200

[1m1/8[0m [32m━━[0m[37m━━━━━━━━━━━━━━━━━━[0m [1m0s[0m 40ms/step - loss: 0.0031
[1m5/8[0m [32m━━━━━━━━━━━━[0m[37m━━━━━━━━[0m [1m0s[0m 14ms/step - loss: 0.0038
[1m8/8[0m [32m━━━━━━━━━━━━━━━━━━━━[0m[37m[0m [1m0s[0m 18ms/step - loss: 0.0056
Epoch 118/200

[1m1/8[0m [32m━━[0m[37m━━━━━━━━━━━━━━━━━━[0m [1m0s[0m 51ms/step - loss: 0.0048
[1m5/8[0m [32m━━━━━━━━━━━━[0m[37m━━━━━━━━[0m [1m0s[0m 16ms/step - loss: 0.0058
[1m8/8[0m [32m━━━━━━━━━━━━━━━━━━━━[0m[37m[0m [1m0s[0m 19ms/step - loss: 0.0048
Epoch 119/200

[1m1/8[0m [32m━━[0m[37m━━━━━━━━━━━━━━━━━━[0m [1m0s[0m 42ms/step - loss: 0.0076
[1m5/8[0m [32m━━━━━━━━━━━━[0m[37m━━━━━━━━[0m [1m0s[0m 15ms/step - loss: 0.0071
[1m8/8[0m [32m━━━━━━━━━━━━━━━━━━━━[0m[37m[0m [1m0s[0m 19ms/step - loss: 0.0053
Epoch 120/200

[1m1/8[0m [32m━━[0m[37m━━━━━━━━━━━━━━━━━━[0m [1m0s[0m 50ms/step - loss: 0.0096
[1m5/8[0m [32m━━━━━━━━━━━━[0m[37m━━━━━━━━[0m [1m0s[0m 16ms/step - loss: 0.0073
[1m8/8[0m [32m━━━━━━━━━━━━━━━━━━━━[0m[37m[0m [1m0s[0m 20ms/step - loss: 0.0057
Epoch 121/200

[1m1/8[0m [32m━━[0m[37m━━━━━━━━━━━━━━━━━━[0m [1m0s[0m 49ms/step - loss: 0.0047
[1m5/8[0m [32m━━━━━━━━━━━━[0m[37m━━━━━━━━[0m [1m0s[0m 16ms/step - loss: 0.0056
[1m8/8[0m [32m━━━━━━━━━━━━━━━━━━━━[0m[37m[0m [1m0s[0m 19ms/step - loss: 0.0053
Epoch 122/200

[1m1/8[0m [32m━━[0m[37m━━━━━━━━━━━━━━━━━━[0m [1m0s[0m 39ms/step - loss: 0.0036
[1m5/8[0m [32m━━━━━━━━━━━━[0m[37m━━━━━━━━[0m [1m0s[0m 14ms/step - loss: 0.0037
[1m8/8[0m [32m━━━━━━━━━━━━━━━━━━━━[0m[37m[0m [1m0s[0m 17ms/step - loss: 0.0048
Epoch 123/200

[1m1/8[0m [32m━━[0m[37m━━━━━━━━━━━━━━━━━━[0m [1m0s[0m 38ms/step - loss: 0.0049
[1m5/8[0m [32m━━━━━━━━━━━━[0m[37m━━━━━━━━[0m [1m0s[0m 15ms/step - loss: 0.0045
[1m8/8[0m [32m━━━━━━━━━━━━━━━━━━━━[0m[37m[0m [1m0s[0m 20ms/step - loss: 0.0051
Epoch 124/200

[1m1/8[0m [32m━━[0m[37m━━━━━━━━━━━━━━━━━━[0m [1m1s[0m 168ms/step - loss: 0.0060
[1m5/8[0m [32m━━━━━━━━━━━━[0m[37m━━━━━━━━[0m [1m0s[0m 16ms/step - loss: 0.0049 
[1m8/8[0m [32m━━━━━━━━━━━━━━━━━━━━[0m[37m[0m [1m0s[0m 19ms/step - loss: 0.0046
Epoch 125/200

[1m1/8[0m [32m━━[0m[37m━━━━━━━━━━━━━━━━━━[0m [1m0s[0m 43ms/step - loss: 0.0066
[1m5/8[0m [32m━━━━━━━━━━━━[0m[37m━━━━━━━━[0m [1m0s[0m 16ms/step - loss: 0.0049
[1m8/8[0m [32m━━━━━━━━━━━━━━━━━━━━[0m[37m[0m [1m0s[0m 19ms/step - loss: 0.0051
Epoch 126/200

[1m1/8[0m [32m━━[0m[37m━━━━━━━━━━━━━━━━━━[0m [1m0s[0m 44ms/step - loss: 0.0137
[1m6/8[0m [32m━━━━━━━━━━━━━━━[0m[37m━━━━━[0m [1m0s[0m 13ms/step - loss: 0.0083
[1m8/8[0m [32m━━━━━━━━━━━━━━━━━━━━[0m[37m[0m [1m0s[0m 16ms/step - loss: 0.0054
Epoch 127/200

[1m1/8[0m [32m━━[0m[37m━━━━━━━━━━━━━━━━━━[0m [1m0s[0m 40ms/step - loss: 0.0035
[1m5/8[0m [32m━━━━━━━━━━━━[0m[37m━━━━━━━━[0m [1m0s[0m 14ms/step - loss: 0.0040
[1m8/8[0m [32m━━━━━━━━━━━━━━━━━━━━[0m[37m[0m [1m0s[0m 18ms/step - loss: 0.0045
Epoch 128/200

[1m1/8[0m [32m━━[0m[37m━━━━━━━━━━━━━━━━━━[0m [1m0s[0m 46ms/step - loss: 0.0039
[1m5/8[0m [32m━━━━━━━━━━━━[0m[37m━━━━━━━━[0m [1m0s[0m 14ms/step - loss: 0.0039
[1m8/8[0m [32m━━━━━━━━━━━━━━━━━━━━[0m[37m[0m [1m0s[0m 18ms/step - loss: 0.0049
Epoch 129/200

[1m1/8[0m [32m━━[0m[37m━━━━━━━━━━━━━━━━━━[0m [1m0s[0m 39ms/step - loss: 0.0083
[1m5/8[0m [32m━━━━━━━━━━━━[0m[37m━━━━━━━━[0m [1m0s[0m 15ms/step - loss: 0.0058
[1m8/8[0m [32m━━━━━━━━━━━━━━━━━━━━[0m[37m[0m [1m0s[0m 20ms/step - loss: 0.0052
Epoch 130/200

[1m1/8[0m [32m━━[0m[37m━━━━━━━━━━━━━━━━━━[0m [1m0s[0m 47ms/step - loss: 0.0064
[1m5/8[0m [32m━━━━━━━━━━━━[0m[37m━━━━━━━━[0m [1m0s[0m 15ms/step - loss: 0.0062
[1m8/8[0m [32m━━━━━━━━━━━━━━━━━━━━[0m[37m[0m [1m0s[0m 18ms/step - loss: 0.0051
Epoch 131/200

[1m1/8[0m [32m━━[0m[37m━━━━━━━━━━━━━━━━━━[0m [1m0s[0m 42ms/step - loss: 0.0031
[1m5/8[0m [32m━━━━━━━━━━━━[0m[37m━━━━━━━━[0m [1m0s[0m 16ms/step - loss: 0.0054
[1m8/8[0m [32m━━━━━━━━━━━━━━━━━━━━[0m[37m[0m [1m0s[0m 20ms/step - loss: 0.0056
Epoch 132/200

[1m1/8[0m [32m━━[0m[37m━━━━━━━━━━━━━━━━━━[0m [1m0s[0m 48ms/step - loss: 0.0056
[1m5/8[0m [32m━━━━━━━━━━━━[0m[37m━━━━━━━━[0m [1m0s[0m 16ms/step - loss: 0.0059
[1m8/8[0m [32m━━━━━━━━━━━━━━━━━━━━[0m[37m[0m [1m0s[0m 20ms/step - loss: 0.0055
Epoch 133/200

[1m1/8[0m [32m━━[0m[37m━━━━━━━━━━━━━━━━━━[0m [1m0s[0m 48ms/step - loss: 0.0039
[1m5/8[0m [32m━━━━━━━━━━━━[0m[37m━━━━━━━━[0m [1m0s[0m 13ms/step - loss: 0.0056
[1m8/8[0m [32m━━━━━━━━━━━━━━━━━━━━[0m[37m[0m [1m0s[0m 18ms/step - loss: 0.0060
Epoch 134/200

[1m1/8[0m [32m━━[0m[37m━━━━━━━━━━━━━━━━━━[0m [1m0s[0m 49ms/step - loss: 0.0033
[1m5/8[0m [32m━━━━━━━━━━━━[0m[37m━━━━━━━━[0m [1m0s[0m 15ms/step - loss: 0.0038
[1m8/8[0m [32m━━━━━━━━━━━━━━━━━━━━[0m[37m[0m [1m0s[0m 20ms/step - loss: 0.0053
Epoch 135/200

[1m1/8[0m [32m━━[0m[37m━━━━━━━━━━━━━━━━━━[0m [1m0s[0m 47ms/step - loss: 0.0031
[1m5/8[0m [32m━━━━━━━━━━━━[0m[37m━━━━━━━━[0m [1m0s[0m 16ms/step - loss: 0.0044
[1m8/8[0m [32m━━━━━━━━━━━━━━━━━━━━[0m[37m[0m [1m0s[0m 19ms/step - loss: 0.0055
Epoch 136/200

[1m1/8[0m [32m━━[0m[37m━━━━━━━━━━━━━━━━━━[0m [1m0s[0m 40ms/step - loss: 0.0063
[1m6/8[0m [32m━━━━━━━━━━━━━━━[0m[37m━━━━━[0m [1m0s[0m 12ms/step - loss: 0.0052
[1m8/8[0m [32m━━━━━━━━━━━━━━━━━━━━[0m[37m[0m [1m0s[0m 17ms/step - loss: 0.0053
Epoch 137/200

[1m1/8[0m [32m━━[0m[37m━━━━━━━━━━━━━━━━━━[0m [1m0s[0m 50ms/step - loss: 0.0039
[1m5/8[0m [32m━━━━━━━━━━━━[0m[37m━━━━━━━━[0m [1m0s[0m 16ms/step - loss: 0.0047
[1m8/8[0m [32m━━━━━━━━━━━━━━━━━━━━[0m[37m[0m [1m0s[0m 20ms/step - loss: 0.0047
Epoch 138/200

[1m1/8[0m [32m━━[0m[37m━━━━━━━━━━━━━━━━━━[0m [1m0s[0m 47ms/step - loss: 0.0042
[1m5/8[0m [32m━━━━━━━━━━━━[0m[37m━━━━━━━━[0m [1m0s[0m 15ms/step - loss: 0.0035
[1m8/8[0m [32m━━━━━━━━━━━━━━━━━━━━[0m[37m[0m [1m0s[0m 20ms/step - loss: 0.0044
Epoch 139/200

[1m1/8[0m [32m━━[0m[37m━━━━━━━━━━━━━━━━━━[0m [1m0s[0m 50ms/step - loss: 0.0038
[1m5/8[0m [32m━━━━━━━━━━━━[0m[37m━━━━━━━━[0m [1m0s[0m 15ms/step - loss: 0.0044
[1m8/8[0m [32m━━━━━━━━━━━━━━━━━━━━[0m[37m[0m [1m0s[0m 18ms/step - loss: 0.0047
Epoch 140/200

[1m1/8[0m [32m━━[0m[37m━━━━━━━━━━━━━━━━━━[0m [1m0s[0m 45ms/step - loss: 0.0032
[1m5/8[0m [32m━━━━━━━━━━━━[0m[37m━━━━━━━━[0m [1m0s[0m 16ms/step - loss: 0.0035
[1m8/8[0m [32m━━━━━━━━━━━━━━━━━━━━[0m[37m[0m [1m0s[0m 20ms/step - loss: 0.0045
Epoch 141/200

[1m1/8[0m [32m━━[0m[37m━━━━━━━━━━━━━━━━━━[0m [1m0s[0m 48ms/step - loss: 0.0069
[1m5/8[0m [32m━━━━━━━━━━━━[0m[37m━━━━━━━━[0m [1m0s[0m 16ms/step - loss: 0.0053
[1m8/8[0m [32m━━━━━━━━━━━━━━━━━━━━[0m[37m[0m [1m0s[0m 20ms/step - loss: 0.0048
Epoch 142/200

[1m1/8[0m [32m━━[0m[37m━━━━━━━━━━━━━━━━━━[0m [1m0s[0m 48ms/step - loss: 0.0034
[1m3/8[0m [32m━━━━━━━[0m[37m━━━━━━━━━━━━━[0m [1m0s[0m 28ms/step - loss: 0.0038
[1m5/8[0m [32m━━━━━━━━━━━━[0m[37m━━━━━━━━[0m [1m0s[0m 27ms/step - loss: 0.0039
[1m8/8[0m [32m━━━━━━━━━━━━━━━━━━━━[0m[37m[0m [1m0s[0m 25ms/step - loss: 0.0050
Epoch 143/200

[1m1/8[0m [32m━━[0m[37m━━━━━━━━━━━━━━━━━━[0m [1m0s[0m 41ms/step - loss: 0.0042
[1m5/8[0m [32m━━━━━━━━━━━━[0m[37m━━━━━━━━[0m [1m0s[0m 14ms/step - loss: 0.0043
[1m8/8[0m [32m━━━━━━━━━━━━━━━━━━━━[0m[37m[0m [1m0s[0m 18ms/step - loss: 0.0047
Epoch 144/200

[1m1/8[0m [32m━━[0m[37m━━━━━━━━━━━━━━━━━━[0m [1m0s[0m 41ms/step - loss: 0.0067
[1m5/8[0m [32m━━━━━━━━━━━━[0m[37m━━━━━━━━[0m [1m0s[0m 16ms/step - loss: 0.0059
[1m8/8[0m [32m━━━━━━━━━━━━━━━━━━━━[0m[37m[0m [1m0s[0m 19ms/step - loss: 0.0054
Epoch 145/200

[1m1/8[0m [32m━━[0m[37m━━━━━━━━━━━━━━━━━━[0m [1m0s[0m 40ms/step - loss: 0.0114
[1m5/8[0m [32m━━━━━━━━━━━━[0m[37m━━━━━━━━[0m [1m0s[0m 16ms/step - loss: 0.0072
[1m8/8[0m [32m━━━━━━━━━━━━━━━━━━━━[0m[37m[0m [1m0s[0m 17ms/step - loss: 0.0066
[1m8/8[0m [32m━━━━━━━━━━━━━━━━━━━━[0m[37m[0m [1m0s[0m 20ms/step - loss: 0.0056
Epoch 146/200

[1m1/8[0m [32m━━[0m[37m━━━━━━━━━━━━━━━━━━[0m [1m0s[0m 47ms/step - loss: 0.0030
[1m5/8[0m [32m━━━━━━━━━━━━[0m[37m━━━━━━━━[0m [1m0s[0m 14ms/step - loss: 0.0045
[1m8/8[0m [32m━━━━━━━━━━━━━━━━━━━━[0m[37m[0m [1m0s[0m 18ms/step - loss: 0.0048
Epoch 147/200

[1m1/8[0m [32m━━[0m[37m━━━━━━━━━━━━━━━━━━[0m [1m0s[0m 42ms/step - loss: 0.0035
[1m5/8[0m [32m━━━━━━━━━━━━[0m[37m━━━━━━━━[0m [1m0s[0m 16ms/step - loss: 0.0042
[1m8/8[0m [32m━━━━━━━━━━━━━━━━━━━━[0m[37m[0m [1m0s[0m 18ms/step - loss: 0.0054
Epoch 148/200

[1m1/8[0m [32m━━[0m[37m━━━━━━━━━━━━━━━━━━[0m [1m0s[0m 40ms/step - loss: 0.0042
[1m5/8[0m [32m━━━━━━━━━━━━[0m[37m━━━━━━━━[0m [1m0s[0m 15ms/step - loss: 0.0048
[1m8/8[0m [32m━━━━━━━━━━━━━━━━━━━━[0m[37m[0m [1m0s[0m 19ms/step - loss: 0.0051
Epoch 149/200

[1m1/8[0m [32m━━[0m[37m━━━━━━━━━━━━━━━━━━[0m [1m0s[0m 38ms/step - loss: 0.0043
[1m6/8[0m [32m━━━━━━━━━━━━━━━[0m[37m━━━━━[0m [1m0s[0m 12ms/step - loss: 0.0044
[1m8/8[0m [32m━━━━━━━━━━━━━━━━━━━━[0m[37m[0m [1m0s[0m 16ms/step - loss: 0.0044
Epoch 150/200

[1m1/8[0m [32m━━[0m[37m━━━━━━━━━━━━━━━━━━[0m [1m0s[0m 41ms/step - loss: 0.0045
[1m5/8[0m [32m━━━━━━━━━━━━[0m[37m━━━━━━━━[0m [1m0s[0m 15ms/step - loss: 0.0043
[1m8/8[0m [32m━━━━━━━━━━━━━━━━━━━━[0m[37m[0m [1m0s[0m 19ms/step - loss: 0.0049
Epoch 151/200

[1m1/8[0m [32m━━[0m[37m━━━━━━━━━━━━━━━━━━[0m [1m0s[0m 48ms/step - loss: 0.0047
[1m5/8[0m [32m━━━━━━━━━━━━[0m[37m━━━━━━━━[0m [1m0s[0m 15ms/step - loss: 0.0044
[1m8/8[0m [32m━━━━━━━━━━━━━━━━━━━━[0m[37m[0m [1m0s[0m 19ms/step - loss: 0.0053
Epoch 152/200

[1m1/8[0m [32m━━[0m[37m━━━━━━━━━━━━━━━━━━[0m [1m0s[0m 46ms/step - loss: 0.0042
[1m5/8[0m [32m━━━━━━━━━━━━[0m[37m━━━━━━━━[0m [1m0s[0m 14ms/step - loss: 0.0054
[1m8/8[0m [32m━━━━━━━━━━━━━━━━━━━━[0m[37m[0m [1m0s[0m 17ms/step - loss: 0.0048
Epoch 153/200

[1m1/8[0m [32m━━[0m[37m━━━━━━━━━━━━━━━━━━[0m [1m0s[0m 39ms/step - loss: 0.0089
[1m5/8[0m [32m━━━━━━━━━━━━[0m[37m━━━━━━━━[0m [1m0s[0m 15ms/step - loss: 0.0060
[1m8/8[0m [32m━━━━━━━━━━━━━━━━━━━━[0m[37m[0m [1m0s[0m 18ms/step - loss: 0.0055
Epoch 154/200

[1m1/8[0m [32m━━[0m[37m━━━━━━━━━━━━━━━━━━[0m [1m0s[0m 40ms/step - loss: 0.0055
[1m5/8[0m [32m━━━━━━━━━━━━[0m[37m━━━━━━━━[0m [1m0s[0m 15ms/step - loss: 0.0045
[1m8/8[0m [32m━━━━━━━━━━━━━━━━━━━━[0m[37m[0m [1m0s[0m 20ms/step - loss: 0.0050
Epoch 155/200

[1m1/8[0m [32m━━[0m[37m━━━━━━━━━━━━━━━━━━[0m [1m0s[0m 48ms/step - loss: 0.0030
[1m5/8[0m [32m━━━━━━━━━━━━[0m[37m━━━━━━━━[0m [1m0s[0m 15ms/step - loss: 0.0048
[1m8/8[0m [32m━━━━━━━━━━━━━━━━━━━━[0m[37m[0m [1m0s[0m 18ms/step - loss: 0.0051
Epoch 156/200

[1m1/8[0m [32m━━[0m[37m━━━━━━━━━━━━━━━━━━[0m [1m0s[0m 41ms/step - loss: 0.0047
[1m5/8[0m [32m━━━━━━━━━━━━[0m[37m━━━━━━━━[0m [1m0s[0m 16ms/step - loss: 0.0052
[1m8/8[0m [32m━━━━━━━━━━━━━━━━━━━━[0m[37m[0m [1m0s[0m 19ms/step - loss: 0.0048
Epoch 157/200

[1m1/8[0m [32m━━[0m[37m━━━━━━━━━━━━━━━━━━[0m [1m0s[0m 40ms/step - loss: 0.0100
[1m5/8[0m [32m━━━━━━━━━━━━[0m[37m━━━━━━━━[0m [1m0s[0m 15ms/step - loss: 0.0068
[1m8/8[0m [32m━━━━━━━━━━━━━━━━━━━━[0m[37m[0m [1m0s[0m 18ms/step - loss: 0.0055
Epoch 158/200

[1m1/8[0m [32m━━[0m[37m━━━━━━━━━━━━━━━━━━[0m [1m0s[0m 41ms/step - loss: 0.0043
[1m5/8[0m [32m━━━━━━━━━━━━[0m[37m━━━━━━━━[0m [1m0s[0m 15ms/step - loss: 0.0046
[1m8/8[0m [32m━━━━━━━━━━━━━━━━━━━━[0m[37m[0m [1m0s[0m 18ms/step - loss: 0.0048
Epoch 159/200

[1m1/8[0m [32m━━[0m[37m━━━━━━━━━━━━━━━━━━[0m [1m0s[0m 43ms/step - loss: 0.0061
[1m5/8[0m [32m━━━━━━━━━━━━[0m[37m━━━━━━━━[0m [1m0s[0m 16ms/step - loss: 0.0046
[1m8/8[0m [32m━━━━━━━━━━━━━━━━━━━━[0m[37m[0m [1m0s[0m 17ms/step - loss: 0.0046
[1m8/8[0m [32m━━━━━━━━━━━━━━━━━━━━[0m[37m[0m [1m0s[0m 21ms/step - loss: 0.0047
Epoch 160/200

[1m1/8[0m [32m━━[0m[37m━━━━━━━━━━━━━━━━━━[0m [1m0s[0m 49ms/step - loss: 0.0048
[1m5/8[0m [32m━━━━━━━━━━━━[0m[37m━━━━━━━━[0m [1m0s[0m 16ms/step - loss: 0.0054
[1m8/8[0m [32m━━━━━━━━━━━━━━━━━━━━[0m[37m[0m [1m0s[0m 21ms/step - loss: 0.0053
Epoch 161/200

[1m1/8[0m [32m━━[0m[37m━━━━━━━━━━━━━━━━━━[0m [1m0s[0m 53ms/step - loss: 0.0084
[1m5/8[0m [32m━━━━━━━━━━━━[0m[37m━━━━━━━━[0m [1m0s[0m 15ms/step - loss: 0.0062
[1m8/8[0m [32m━━━━━━━━━━━━━━━━━━━━[0m[37m[0m [1m0s[0m 20ms/step - loss: 0.0048
Epoch 162/200

[1m1/8[0m [32m━━[0m[37m━━━━━━━━━━━━━━━━━━[0m [1m0s[0m 52ms/step - loss: 0.0027
[1m5/8[0m [32m━━━━━━━━━━━━[0m[37m━━━━━━━━[0m [1m0s[0m 16ms/step - loss: 0.0047
[1m8/8[0m [32m━━━━━━━━━━━━━━━━━━━━[0m[37m[0m [1m0s[0m 18ms/step - loss: 0.0047
Epoch 163/200

[1m1/8[0m [32m━━[0m[37m━━━━━━━━━━━━━━━━━━[0m [1m0s[0m 38ms/step - loss: 0.0044
[1m5/8[0m [32m━━━━━━━━━━━━[0m[37m━━━━━━━━[0m [1m0s[0m 15ms/step - loss: 0.0056
[1m8/8[0m [32m━━━━━━━━━━━━━━━━━━━━[0m[37m[0m [1m0s[0m 20ms/step - loss: 0.0051
Epoch 164/200

[1m1/8[0m [32m━━[0m[37m━━━━━━━━━━━━━━━━━━[0m [1m0s[0m 50ms/step - loss: 0.0043
[1m5/8[0m [32m━━━━━━━━━━━━[0m[37m━━━━━━━━[0m [1m0s[0m 16ms/step - loss: 0.0046
[1m8/8[0m [32m━━━━━━━━━━━━━━━━━━━━[0m[37m[0m [1m0s[0m 20ms/step - loss: 0.0046
Epoch 165/200

[1m1/8[0m [32m━━[0m[37m━━━━━━━━━━━━━━━━━━[0m [1m0s[0m 51ms/step - loss: 0.0029
[1m4/8[0m [32m━━━━━━━━━━[0m[37m━━━━━━━━━━[0m [1m0s[0m 17ms/step - loss: 0.0036
[1m8/8[0m [32m━━━━━━━━━━━━━━━━━━━━[0m[37m[0m [1m0s[0m 16ms/step - loss: 0.0041
[1m8/8[0m [32m━━━━━━━━━━━━━━━━━━━━[0m[37m[0m [1m0s[0m 21ms/step - loss: 0.0045
Epoch 166/200

[1m1/8[0m [32m━━[0m[37m━━━━━━━━━━━━━━━━━━[0m [1m0s[0m 54ms/step - loss: 0.0066
[1m5/8[0m [32m━━━━━━━━━━━━[0m[37m━━━━━━━━[0m [1m0s[0m 15ms/step - loss: 0.0049
[1m8/8[0m [32m━━━━━━━━━━━━━━━━━━━━[0m[37m[0m [1m0s[0m 18ms/step - loss: 0.0045
Epoch 167/200

[1m1/8[0m [32m━━[0m[37m━━━━━━━━━━━━━━━━━━[0m [1m0s[0m 40ms/step - loss: 0.0042
[1m5/8[0m [32m━━━━━━━━━━━━[0m[37m━━━━━━━━[0m [1m0s[0m 14ms/step - loss: 0.0053
[1m8/8[0m [32m━━━━━━━━━━━━━━━━━━━━[0m[37m[0m [1m0s[0m 20ms/step - loss: 0.0045
Epoch 168/200

[1m1/8[0m [32m━━[0m[37m━━━━━━━━━━━━━━━━━━[0m [1m0s[0m 47ms/step - loss: 0.0048
[1m5/8[0m [32m━━━━━━━━━━━━[0m[37m━━━━━━━━[0m [1m0s[0m 15ms/step - loss: 0.0043
[1m8/8[0m [32m━━━━━━━━━━━━━━━━━━━━[0m[37m[0m [1m0s[0m 20ms/step - loss: 0.0042
Epoch 169/200

[1m1/8[0m [32m━━[0m[37m━━━━━━━━━━━━━━━━━━[0m [1m0s[0m 50ms/step - loss: 0.0065
[1m5/8[0m [32m━━━━━━━━━━━━[0m[37m━━━━━━━━[0m [1m0s[0m 16ms/step - loss: 0.0051
[1m8/8[0m [32m━━━━━━━━━━━━━━━━━━━━[0m[37m[0m [1m0s[0m 21ms/step - loss: 0.0047
Epoch 170/200

[1m1/8[0m [32m━━[0m[37m━━━━━━━━━━━━━━━━━━[0m [1m0s[0m 51ms/step - loss: 0.0101
[1m5/8[0m [32m━━━━━━━━━━━━[0m[37m━━━━━━━━[0m [1m0s[0m 16ms/step - loss: 0.0070
[1m8/8[0m [32m━━━━━━━━━━━━━━━━━━━━[0m[37m[0m [1m0s[0m 19ms/step - loss: 0.0046
Epoch 171/200

[1m1/8[0m [32m━━[0m[37m━━━━━━━━━━━━━━━━━━[0m [1m0s[0m 40ms/step - loss: 0.0033
[1m5/8[0m [32m━━━━━━━━━━━━[0m[37m━━━━━━━━[0m [1m0s[0m 15ms/step - loss: 0.0047
[1m8/8[0m [32m━━━━━━━━━━━━━━━━━━━━[0m[37m[0m [1m0s[0m 18ms/step - loss: 0.0042
Epoch 172/200

[1m1/8[0m [32m━━[0m[37m━━━━━━━━━━━━━━━━━━[0m [1m0s[0m 37ms/step - loss: 0.0043
[1m5/8[0m [32m━━━━━━━━━━━━[0m[37m━━━━━━━━[0m [1m0s[0m 15ms/step - loss: 0.0052
[1m8/8[0m [32m━━━━━━━━━━━━━━━━━━━━[0m[37m[0m [1m0s[0m 18ms/step - loss: 0.0053
Epoch 173/200

[1m1/8[0m [32m━━[0m[37m━━━━━━━━━━━━━━━━━━[0m [1m0s[0m 39ms/step - loss: 0.0047
[1m5/8[0m [32m━━━━━━━━━━━━[0m[37m━━━━━━━━[0m [1m0s[0m 17ms/step - loss: 0.0061
[1m8/8[0m [32m━━━━━━━━━━━━━━━━━━━━[0m[37m[0m [1m0s[0m 17ms/step - loss: 0.0061
[1m8/8[0m [32m━━━━━━━━━━━━━━━━━━━━[0m[37m[0m [1m0s[0m 21ms/step - loss: 0.0059
Epoch 174/200

[1m1/8[0m [32m━━[0m[37m━━━━━━━━━━━━━━━━━━[0m [1m0s[0m 52ms/step - loss: 0.0038
[1m4/8[0m [32m━━━━━━━━━━[0m[37m━━━━━━━━━━[0m [1m0s[0m 17ms/step - loss: 0.0039
[1m8/8[0m [32m━━━━━━━━━━━━━━━━━━━━[0m[37m[0m [1m0s[0m 16ms/step - loss: 0.0049
[1m8/8[0m [32m━━━━━━━━━━━━━━━━━━━━[0m[37m[0m [1m0s[0m 21ms/step - loss: 0.0057
Epoch 175/200

[1m1/8[0m [32m━━[0m[37m━━━━━━━━━━━━━━━━━━[0m [1m0s[0m 51ms/step - loss: 0.0025
[1m5/8[0m [32m━━━━━━━━━━━━[0m[37m━━━━━━━━[0m [1m0s[0m 15ms/step - loss: 0.0027
[1m8/8[0m [32m━━━━━━━━━━━━━━━━━━━━[0m[37m[0m [1m0s[0m 20ms/step - loss: 0.0040
Epoch 176/200

[1m1/8[0m [32m━━[0m[37m━━━━━━━━━━━━━━━━━━[0m [1m0s[0m 50ms/step - loss: 0.0042
[1m5/8[0m [32m━━━━━━━━━━━━[0m[37m━━━━━━━━[0m [1m0s[0m 15ms/step - loss: 0.0041
[1m8/8[0m [32m━━━━━━━━━━━━━━━━━━━━[0m[37m[0m [1m0s[0m 18ms/step - loss: 0.0043
Epoch 177/200

[1m1/8[0m [32m━━[0m[37m━━━━━━━━━━━━━━━━━━[0m [1m0s[0m 44ms/step - loss: 0.0026
[1m5/8[0m [32m━━━━━━━━━━━━[0m[37m━━━━━━━━[0m [1m0s[0m 15ms/step - loss: 0.0044
[1m8/8[0m [32m━━━━━━━━━━━━━━━━━━━━[0m[37m[0m [1m0s[0m 21ms/step - loss: 0.0041
Epoch 178/200

[1m1/8[0m [32m━━[0m[37m━━━━━━━━━━━━━━━━━━[0m [1m0s[0m 50ms/step - loss: 0.0018
[1m4/8[0m [32m━━━━━━━━━━[0m[37m━━━━━━━━━━[0m [1m0s[0m 17ms/step - loss: 0.0045
[1m7/8[0m [32m━━━━━━━━━━━━━━━━━[0m[37m━━━[0m [1m0s[0m 17ms/step - loss: 0.0047
[1m8/8[0m [32m━━━━━━━━━━━━━━━━━━━━[0m[37m[0m [1m0s[0m 22ms/step - loss: 0.0046
Epoch 179/200

[1m1/8[0m [32m━━[0m[37m━━━━━━━━━━━━━━━━━━[0m [1m0s[0m 56ms/step - loss: 0.0059
[1m5/8[0m [32m━━━━━━━━━━━━[0m[37m━━━━━━━━[0m [1m0s[0m 14ms/step - loss: 0.0060
[1m8/8[0m [32m━━━━━━━━━━━━━━━━━━━━[0m[37m[0m [1m0s[0m 17ms/step - loss: 0.0047
Epoch 180/200

[1m1/8[0m [32m━━[0m[37m━━━━━━━━━━━━━━━━━━[0m [1m0s[0m 43ms/step - loss: 0.0037
[1m4/8[0m [32m━━━━━━━━━━[0m[37m━━━━━━━━━━[0m [1m0s[0m 18ms/step - loss: 0.0040
[1m7/8[0m [32m━━━━━━━━━━━━━━━━━[0m[37m━━━[0m [1m0s[0m 18ms/step - loss: 0.0043
[1m8/8[0m [32m━━━━━━━━━━━━━━━━━━━━[0m[37m[0m [1m0s[0m 21ms/step - loss: 0.0046
Epoch 181/200

[1m1/8[0m [32m━━[0m[37m━━━━━━━━━━━━━━━━━━[0m [1m0s[0m 46ms/step - loss: 0.0037
[1m4/8[0m [32m━━━━━━━━━━[0m[37m━━━━━━━━━━[0m [1m0s[0m 20ms/step - loss: 0.0035
[1m8/8[0m [32m━━━━━━━━━━━━━━━━━━━━[0m[37m[0m [1m0s[0m 18ms/step - loss: 0.0037
[1m8/8[0m [32m━━━━━━━━━━━━━━━━━━━━[0m[37m[0m [1m0s[0m 23ms/step - loss: 0.0040
Epoch 182/200

[1m1/8[0m [32m━━[0m[37m━━━━━━━━━━━━━━━━━━[0m [1m0s[0m 49ms/step - loss: 0.0041
[1m5/8[0m [32m━━━━━━━━━━━━[0m[37m━━━━━━━━[0m [1m0s[0m 13ms/step - loss: 0.0046
[1m8/8[0m [32m━━━━━━━━━━━━━━━━━━━━[0m[37m[0m [1m0s[0m 19ms/step - loss: 0.0042
Epoch 183/200

[1m1/8[0m [32m━━[0m[37m━━━━━━━━━━━━━━━━━━[0m [1m0s[0m 50ms/step - loss: 0.0052
[1m5/8[0m [32m━━━━━━━━━━━━[0m[37m━━━━━━━━[0m [1m0s[0m 14ms/step - loss: 0.0054
[1m8/8[0m [32m━━━━━━━━━━━━━━━━━━━━[0m[37m[0m [1m0s[0m 16ms/step - loss: 0.0053
[1m8/8[0m [32m━━━━━━━━━━━━━━━━━━━━[0m[37m[0m [1m0s[0m 19ms/step - loss: 0.0050
Epoch 184/200

[1m1/8[0m [32m━━[0m[37m━━━━━━━━━━━━━━━━━━[0m [1m0s[0m 41ms/step - loss: 0.0039
[1m4/8[0m [32m━━━━━━━━━━[0m[37m━━━━━━━━━━[0m [1m0s[0m 18ms/step - loss: 0.0042
[1m7/8[0m [32m━━━━━━━━━━━━━━━━━[0m[37m━━━[0m [1m0s[0m 20ms/step - loss: 0.0043
[1m8/8[0m [32m━━━━━━━━━━━━━━━━━━━━[0m[37m[0m [1m0s[0m 23ms/step - loss: 0.0046
Epoch 185/200

[1m1/8[0m [32m━━[0m[37m━━━━━━━━━━━━━━━━━━[0m [1m0s[0m 47ms/step - loss: 0.0043
[1m4/8[0m [32m━━━━━━━━━━[0m[37m━━━━━━━━━━[0m [1m0s[0m 19ms/step - loss: 0.0045
[1m7/8[0m [32m━━━━━━━━━━━━━━━━━[0m[37m━━━[0m [1m0s[0m 18ms/step - loss: 0.0046
[1m8/8[0m [32m━━━━━━━━━━━━━━━━━━━━[0m[37m[0m [1m0s[0m 22ms/step - loss: 0.0045
Epoch 186/200

[1m1/8[0m [32m━━[0m[37m━━━━━━━━━━━━━━━━━━[0m [1m0s[0m 44ms/step - loss: 0.0023
[1m4/8[0m [32m━━━━━━━━━━[0m[37m━━━━━━━━━━[0m [1m0s[0m 18ms/step - loss: 0.0033
[1m7/8[0m [32m━━━━━━━━━━━━━━━━━[0m[37m━━━[0m [1m0s[0m 18ms/step - loss: 0.0037
[1m8/8[0m [32m━━━━━━━━━━━━━━━━━━━━[0m[37m[0m [1m0s[0m 22ms/step - loss: 0.0052
Epoch 187/200

[1m1/8[0m [32m━━[0m[37m━━━━━━━━━━━━━━━━━━[0m [1m0s[0m 48ms/step - loss: 0.0046
[1m4/8[0m [32m━━━━━━━━━━[0m[37m━━━━━━━━━━[0m [1m0s[0m 18ms/step - loss: 0.0049
[1m8/8[0m [32m━━━━━━━━━━━━━━━━━━━━[0m[37m[0m [1m0s[0m 17ms/step - loss: 0.0049
[1m8/8[0m [32m━━━━━━━━━━━━━━━━━━━━[0m[37m[0m [1m0s[0m 21ms/step - loss: 0.0045
Epoch 188/200

[1m1/8[0m [32m━━[0m[37m━━━━━━━━━━━━━━━━━━[0m [1m0s[0m 53ms/step - loss: 0.0025
[1m5/8[0m [32m━━━━━━━━━━━━[0m[37m━━━━━━━━[0m [1m0s[0m 17ms/step - loss: 0.0033
[1m8/8[0m [32m━━━━━━━━━━━━━━━━━━━━[0m[37m[0m [1m0s[0m 17ms/step - loss: 0.0037
[1m8/8[0m [32m━━━━━━━━━━━━━━━━━━━━[0m[37m[0m [1m0s[0m 22ms/step - loss: 0.0042
Epoch 189/200

[1m1/8[0m [32m━━[0m[37m━━━━━━━━━━━━━━━━━━[0m [1m0s[0m 60ms/step - loss: 0.0037
[1m4/8[0m [32m━━━━━━━━━━[0m[37m━━━━━━━━━━[0m [1m0s[0m 18ms/step - loss: 0.0059
[1m8/8[0m [32m━━━━━━━━━━━━━━━━━━━━[0m[37m[0m [1m0s[0m 16ms/step - loss: 0.0053
[1m8/8[0m [32m━━━━━━━━━━━━━━━━━━━━[0m[37m[0m [1m0s[0m 21ms/step - loss: 0.0046
Epoch 190/200

[1m1/8[0m [32m━━[0m[37m━━━━━━━━━━━━━━━━━━[0m [1m0s[0m 64ms/step - loss: 0.0051
[1m3/8[0m [32m━━━━━━━[0m[37m━━━━━━━━━━━━━[0m [1m0s[0m 40ms/step - loss: 0.0050
[1m6/8[0m [32m━━━━━━━━━━━━━━━[0m[37m━━━━━[0m [1m0s[0m 28ms/step - loss: 0.0050
[1m8/8[0m [32m━━━━━━━━━━━━━━━━━━━━[0m[37m[0m [1m0s[0m 29ms/step - loss: 0.0047
Epoch 191/200

[1m1/8[0m [32m━━[0m[37m━━━━━━━━━━━━━━━━━━[0m [1m0s[0m 47ms/step - loss: 0.0040
[1m4/8[0m [32m━━━━━━━━━━[0m[37m━━━━━━━━━━[0m [1m0s[0m 19ms/step - loss: 0.0041
[1m7/8[0m [32m━━━━━━━━━━━━━━━━━[0m[37m━━━[0m [1m0s[0m 18ms/step - loss: 0.0044
[1m8/8[0m [32m━━━━━━━━━━━━━━━━━━━━[0m[37m[0m [1m0s[0m 23ms/step - loss: 0.0046
Epoch 192/200

[1m1/8[0m [32m━━[0m[37m━━━━━━━━━━━━━━━━━━[0m [1m0s[0m 51ms/step - loss: 0.0047
[1m5/8[0m [32m━━━━━━━━━━━━[0m[37m━━━━━━━━[0m [1m0s[0m 16ms/step - loss: 0.0043
[1m8/8[0m [32m━━━━━━━━━━━━━━━━━━━━[0m[37m[0m [1m0s[0m 17ms/step - loss: 0.0046
[1m8/8[0m [32m━━━━━━━━━━━━━━━━━━━━[0m[37m[0m [1m0s[0m 20ms/step - loss: 0.0048
Epoch 193/200

[1m1/8[0m [32m━━[0m[37m━━━━━━━━━━━━━━━━━━[0m [1m0s[0m 48ms/step - loss: 0.0058
[1m4/8[0m [32m━━━━━━━━━━[0m[37m━━━━━━━━━━[0m [1m0s[0m 17ms/step - loss: 0.0044
[1m7/8[0m [32m━━━━━━━━━━━━━━━━━[0m[37m━━━[0m [1m0s[0m 18ms/step - loss: 0.0042
[1m8/8[0m [32m━━━━━━━━━━━━━━━━━━━━[0m[37m[0m [1m0s[0m 22ms/step - loss: 0.0044
Epoch 194/200

[1m1/8[0m [32m━━[0m[37m━━━━━━━━━━━━━━━━━━[0m [1m0s[0m 50ms/step - loss: 0.0042
[1m4/8[0m [32m━━━━━━━━━━[0m[37m━━━━━━━━━━[0m [1m0s[0m 19ms/step - loss: 0.0039
[1m7/8[0m [32m━━━━━━━━━━━━━━━━━[0m[37m━━━[0m [1m0s[0m 21ms/step - loss: 0.0038
[1m8/8[0m [32m━━━━━━━━━━━━━━━━━━━━[0m[37m[0m [1m0s[0m 25ms/step - loss: 0.0039
Epoch 195/200

[1m1/8[0m [32m━━[0m[37m━━━━━━━━━━━━━━━━━━[0m [1m0s[0m 61ms/step - loss: 0.0041
[1m5/8[0m [32m━━━━━━━━━━━━[0m[37m━━━━━━━━[0m [1m0s[0m 16ms/step - loss: 0.0037
[1m8/8[0m [32m━━━━━━━━━━━━━━━━━━━━[0m[37m[0m [1m0s[0m 20ms/step - loss: 0.0043
Epoch 196/200

[1m1/8[0m [32m━━[0m[37m━━━━━━━━━━━━━━━━━━[0m [1m0s[0m 59ms/step - loss: 0.0031
[1m4/8[0m [32m━━━━━━━━━━[0m[37m━━━━━━━━━━[0m [1m0s[0m 18ms/step - loss: 0.0033
[1m7/8[0m [32m━━━━━━━━━━━━━━━━━[0m[37m━━━[0m [1m0s[0m 18ms/step - loss: 0.0038
[1m8/8[0m [32m━━━━━━━━━━━━━━━━━━━━[0m[37m[0m [1m0s[0m 22ms/step - loss: 0.0042
Epoch 197/200

[1m1/8[0m [32m━━[0m[37m━━━━━━━━━━━━━━━━━━[0m [1m0s[0m 61ms/step - loss: 0.0025
[1m4/8[0m [32m━━━━━━━━━━[0m[37m━━━━━━━━━━[0m [1m0s[0m 19ms/step - loss: 0.0034
[1m7/8[0m [32m━━━━━━━━━━━━━━━━━[0m[37m━━━[0m [1m0s[0m 20ms/step - loss: 0.0036
[1m8/8[0m [32m━━━━━━━━━━━━━━━━━━━━[0m[37m[0m [1m0s[0m 28ms/step - loss: 0.0044
Epoch 198/200

[1m1/8[0m [32m━━[0m[37m━━━━━━━━━━━━━━━━━━[0m [1m0s[0m 71ms/step - loss: 0.0099
[1m3/8[0m [32m━━━━━━━[0m[37m━━━━━━━━━━━━━[0m [1m0s[0m 27ms/step - loss: 0.0075
[1m5/8[0m [32m━━━━━━━━━━━━[0m[37m━━━━━━━━[0m [1m0s[0m 32ms/step - loss: 0.0068
[1m7/8[0m [32m━━━━━━━━━━━━━━━━━[0m[37m━━━[0m [1m0s[0m 32ms/step - loss: 0.0064
[1m8/8[0m [32m━━━━━━━━━━━━━━━━━━━━[0m[37m[0m [1m0s[0m 38ms/step - loss: 0.0050
Epoch 199/200

[1m1/8[0m [32m━━[0m[37m━━━━━━━━━━━━━━━━━━[0m [1m0s[0m 67ms/step - loss: 0.0052
[1m3/8[0m [32m━━━━━━━[0m[37m━━━━━━━━━━━━━[0m [1m0s[0m 29ms/step - loss: 0.0046
[1m6/8[0m [32m━━━━━━━━━━━━━━━[0m[37m━━━━━[0m [1m0s[0m 24ms/step - loss: 0.0047
[1m8/8[0m [32m━━━━━━━━━━━━━━━━━━━━[0m[37m[0m [1m0s[0m 27ms/step - loss: 0.0048
Epoch 200/200

[1m1/8[0m [32m━━[0m[37m━━━━━━━━━━━━━━━━━━[0m [1m0s[0m 64ms/step - loss: 0.0081
[1m4/8[0m [32m━━━━━━━━━━[0m[37m━━━━━━━━━━[0m [1m0s[0m 19ms/step - loss: 0.0063
[1m7/8[0m [32m━━━━━━━━━━━━━━━━━[0m[37m━━━[0m [1m0s[0m 22ms/step - loss: 0.0056
[1m8/8[0m [32m━━━━━━━━━━━━━━━━━━━━[0m[37m[0m [1m0s[0m 27ms/step - loss: 0.0045
Using bucket name: missingtimestamp
Bucket missingtimestamp created.
Uploading device2.keras to bucket missingtimestamp...
device2.keras uploaded to bucket missingtimestamp.
Uploading scaler to bucket missingtimestamp...
scaler.save uploaded to bucket missingtimestamp.

Model path is:  2025-12-08-00-00-00-2025-12-08-00-09-59-model
Triggering forecasting with retrained model
Forecasting.py script logs
Database connection established
Value of --retrain flag: True

Forecasting for retrained model using device2/2025-12-08-00-00-00-2025-12-08-00-09-59-model/device2.keras and device2/2025-12-08-00-00-00-2025-12-08-00-09-59-model/scaler.save
Successfully downloaded model and scaler from S3

Actual values fetched from database
    sensor_id  sensor_energy_value    sensor_timestamp  message_delay  computed_value
0           2          1457.000000 2025-12-08 00:09:00   39344.000000   NO
1           2          1446.800000 2025-12-08 00:09:01   38342.000000   NO
2           2          1440.900000 2025-12-08 00:09:02   37340.000000   NO
3           2          1443.600000 2025-12-08 00:09:03   36338.000000   NO
4           2          1458.000000 2025-12-08 00:09:04   35337.000000   NO
5           2          1457.300000 2025-12-08 00:09:05   34335.000000   NO
6           2          1429.900000 2025-12-08 00:09:06   33333.000000   NO
7           2          1438.600000 2025-12-08 00:09:07   32331.000000   NO
8           2          1460.100000 2025-12-08 00:09:08   31329.000000   NO
9           2          1458.400000 2025-12-08 00:09:09   30327.000000   NO
10          2          1437.600000 2025-12-08 00:09:10   29325.000000   NO
11          2          1446.000000 2025-12-08 00:09:11   28324.000000   NO
12          2          1447.200000 2025-12-08 00:09:12   27322.000000   NO
13          2          1454.900000 2025-12-08 00:09:13   26320.000000   NO
14          2          1441.800000 2025-12-08 00:09:14   25319.000000   NO
15          2          1443.500000 2025-12-08 00:09:15   59378.000000   NO
16          2          1458.200000 2025-12-08 00:09:16   58376.000000   NO
17          2          1458.100000 2025-12-08 00:09:17   57374.000000   NO
18          2          1462.900000 2025-12-08 00:09:18   56373.000000   NO
19          2          1458.400000 2025-12-08 00:09:19   55370.000000   NO
20          2          1455.237037 2025-12-08 00:09:20   32831.944444  YES
21          2          1466.600000 2025-12-08 00:09:21   54368.000000   NO
22          2          1439.200000 2025-12-08 00:09:22   53367.000000   NO
23          2          1450.500000 2025-12-08 00:09:23   52365.000000   NO
24          2          1455.237037 2025-12-08 00:09:24   32831.944444  YES
25          2          1460.500000 2025-12-08 00:09:25   51363.000000   NO
26          2          1440.700000 2025-12-08 00:09:26   50361.000000   NO
27          2          1460.700000 2025-12-08 00:09:27   49360.000000   NO
28          2          1453.700000 2025-12-08 00:09:28   48358.000000   NO
29          2          1468.900000 2025-12-08 00:09:29   47357.000000   NO
30          2          1461.800000 2025-12-08 00:09:30   46355.000000   NO
31          2          1479.900000 2025-12-08 00:09:31   45354.000000   NO
32          2          1451.700000 2025-12-08 00:09:32   44352.000000   NO
33          2          1463.200000 2025-12-08 00:09:33   43350.000000   NO
34          2          1452.300000 2025-12-08 00:09:34   42349.000000   NO
35          2          1457.400000 2025-12-08 00:09:35   41347.000000   NO
36          2          1469.100000 2025-12-08 00:09:36   40346.000000   NO
37          2          1465.800000 2025-12-08 00:09:37    8289.000000   NO
38          2          1455.237037 2025-12-08 00:09:38   32831.944444  YES
39          2          1465.600000 2025-12-08 00:09:39    7288.000000   NO
40          2          1454.700000 2025-12-08 00:09:40    6286.000000   NO
41          2          1455.700000 2025-12-08 00:09:41   24317.000000   NO
42          2          1450.000000 2025-12-08 00:09:42   23315.000000   NO
43          2          1455.500000 2025-12-08 00:09:43   22314.000000   NO
44          2          1458.200000 2025-12-08 00:09:44   21312.000000   NO
45          2          1454.200000 2025-12-08 00:09:45   20311.000000   NO
46          2          1444.900000 2025-12-08 00:09:46   19309.000000   NO
47          2          1457.600000 2025-12-08 00:09:47   18308.000000   NO
48          2          1457.800000 2025-12-08 00:09:48   17306.000000   NO
49          2          1455.237037 2025-12-08 00:09:49   32831.944444  YES
50          2          1455.237037 2025-12-08 00:09:50   32831.944444  YES
51          2          1459.800000 2025-12-08 00:09:51   16304.000000   NO
52          2          1461.800000 2025-12-08 00:09:52   15302.000000   NO
53          2          1463.100000 2025-12-08 00:09:53   14300.000000   NO
54          2          1463.300000 2025-12-08 00:09:54   13299.000000   NO
55          2          1445.800000 2025-12-08 00:09:55   12297.000000   NO
56          2          1465.900000 2025-12-08 00:09:56   11295.000000   NO
57          2          1464.600000 2025-12-08 00:09:57   10293.000000   NO
58          2          1455.237037 2025-12-08 00:09:58   32831.944444  YES
59          2          1463.100000 2025-12-08 00:09:59    9291.000000   NO
Forecasted values:
    sensor_id  sensor_energy_value_prediction    sensor_timestamp
0           2                     1488.518188 2025-12-08 00:10:00
1           2                     1491.453125 2025-12-08 00:10:01
2           2                     1494.599243 2025-12-08 00:10:02
3           2                     1497.810913 2025-12-08 00:10:03
4           2                     1501.009277 2025-12-08 00:10:04
5           2                     1504.138672 2025-12-08 00:10:05
6           2                     1507.172119 2025-12-08 00:10:06
7           2                     1510.098755 2025-12-08 00:10:07
8           2                     1512.901611 2025-12-08 00:10:08
9           2                     1515.577271 2025-12-08 00:10:09
10          2                     1518.135010 2025-12-08 00:10:10
11          2                     1520.584595 2025-12-08 00:10:11
12          2                     1522.924683 2025-12-08 00:10:12
13          2                     1525.164307 2025-12-08 00:10:13
14          2                     1527.308838 2025-12-08 00:10:14
15          2                     1529.370605 2025-12-08 00:10:15
16          2                     1531.351318 2025-12-08 00:10:16
17          2                     1533.253540 2025-12-08 00:10:17
18          2                     1535.086426 2025-12-08 00:10:18
19          2                     1536.853271 2025-12-08 00:10:19
20          2                     1538.560547 2025-12-08 00:10:20
21          2                     1540.211304 2025-12-08 00:10:21
22          2                     1541.804199 2025-12-08 00:10:22
23          2                     1543.353882 2025-12-08 00:10:23
24          2                     1544.849854 2025-12-08 00:10:24
25          2                     1546.296997 2025-12-08 00:10:25
26          2                     1547.697021 2025-12-08 00:10:26
27          2                     1549.059448 2025-12-08 00:10:27
28          2                     1550.372925 2025-12-08 00:10:28
29          2                     1551.647827 2025-12-08 00:10:29
30          2                     1552.878052 2025-12-08 00:10:30
31          2                     1554.072998 2025-12-08 00:10:31
32          2                     1555.224976 2025-12-08 00:10:32
33          2                     1556.351562 2025-12-08 00:10:33
34          2                     1557.439087 2025-12-08 00:10:34
35          2                     1558.496094 2025-12-08 00:10:35
36          2                     1559.518433 2025-12-08 00:10:36
37          2                     1560.504639 2025-12-08 00:10:37
38          2                     1561.461426 2025-12-08 00:10:38
39          2                     1562.391968 2025-12-08 00:10:39
40          2                     1563.289185 2025-12-08 00:10:40
41          2                     1564.161743 2025-12-08 00:10:41
42          2                     1565.005737 2025-12-08 00:10:42
43          2                     1565.824219 2025-12-08 00:10:43
44          2                     1566.613647 2025-12-08 00:10:44
45          2                     1567.376099 2025-12-08 00:10:45
46          2                     1568.114380 2025-12-08 00:10:46
47          2                     1568.830444 2025-12-08 00:10:47
48          2                     1569.517334 2025-12-08 00:10:48
49          2                     1570.180298 2025-12-08 00:10:49
50          2                     1570.820557 2025-12-08 00:10:50
51          2                     1571.437622 2025-12-08 00:10:51
52          2                     1572.031006 2025-12-08 00:10:52
53          2                     1572.601807 2025-12-08 00:10:53
54          2                     1573.150513 2025-12-08 00:10:54
55          2                     1573.678345 2025-12-08 00:10:55
56          2                     1574.190674 2025-12-08 00:10:56
57          2                     1574.675781 2025-12-08 00:10:57
58          2                     1575.141357 2025-12-08 00:10:58
59          2                     1575.590088 2025-12-08 00:10:59
Forecasted values inserted into database
Exiting forecasting script

No new messages received yet.Trying again...

Actual data inserted to database
Triggering forecasting with retrained model
Forecasting.py script logs
Database connection established
Value of --retrain flag: True

Forecasting for retrained model using device2/2025-12-08-00-00-00-2025-12-08-00-09-59-model/device2.keras and device2/2025-12-08-00-00-00-2025-12-08-00-09-59-model/scaler.save
Successfully downloaded model and scaler from S3

Actual values fetched from database
    sensor_id  sensor_energy_value    sensor_timestamp  message_delay  computed_value
0           2           486.477778 2025-12-08 00:10:00   67548.111111  YES
1           2           486.477778 2025-12-08 00:10:01   67548.111111  YES
2           2           486.477778 2025-12-08 00:10:02   67548.111111  YES
3           2           486.477778 2025-12-08 00:10:03   67548.111111  YES
4           2           486.477778 2025-12-08 00:10:04   67548.111111  YES
5           2           486.477778 2025-12-08 00:10:05   67548.111111  YES
6           2           486.477778 2025-12-08 00:10:06   67548.111111  YES
7           2           486.477778 2025-12-08 00:10:07   67548.111111  YES
8           2           486.477778 2025-12-08 00:10:08   67548.111111  YES
9           2           486.477778 2025-12-08 00:10:09   67548.111111  YES
10          2           486.477778 2025-12-08 00:10:10   67548.111111  YES
11          2           486.477778 2025-12-08 00:10:11   67548.111111  YES
12          2           486.477778 2025-12-08 00:10:12   67548.111111  YES
13          2           486.477778 2025-12-08 00:10:13   67548.111111  YES
14          2           486.477778 2025-12-08 00:10:14   67548.111111  YES
15          2           486.477778 2025-12-08 00:10:15   67548.111111  YES
16          2           486.477778 2025-12-08 00:10:16   67548.111111  YES
17          2           486.477778 2025-12-08 00:10:17   67548.111111  YES
18          2           486.477778 2025-12-08 00:10:18   67548.111111  YES
19          2           486.477778 2025-12-08 00:10:19   67548.111111  YES
20          2           486.477778 2025-12-08 00:10:20   67548.111111  YES
21          2           486.477778 2025-12-08 00:10:21   67548.111111  YES
22          2           486.477778 2025-12-08 00:10:22   67548.111111  YES
23          2           486.477778 2025-12-08 00:10:23   67548.111111  YES
24          2           486.477778 2025-12-08 00:10:24   67548.111111  YES
25          2           486.477778 2025-12-08 00:10:25   67548.111111  YES
26          2           486.477778 2025-12-08 00:10:26   67548.111111  YES
27          2           486.477778 2025-12-08 00:10:27   67548.111111  YES
28          2           486.477778 2025-12-08 00:10:28   67548.111111  YES
29          2           486.477778 2025-12-08 00:10:29   67548.111111  YES
30          2           486.477778 2025-12-08 00:10:30   67548.111111  YES
31          2           486.477778 2025-12-08 00:10:31   67548.111111  YES
32          2           486.477778 2025-12-08 00:10:32   67548.111111  YES
33          2           486.477778 2025-12-08 00:10:33   67548.111111  YES
34          2           486.477778 2025-12-08 00:10:34   67548.111111  YES
35          2           486.477778 2025-12-08 00:10:35   67548.111111  YES
36          2           486.477778 2025-12-08 00:10:36   67548.111111  YES
37          2           486.477778 2025-12-08 00:10:37   67548.111111  YES
38          2           486.477778 2025-12-08 00:10:38   67548.111111  YES
39          2           486.477778 2025-12-08 00:10:39   67548.111111  YES
40          2           486.477778 2025-12-08 00:10:40   67548.111111  YES
41          2           486.477778 2025-12-08 00:10:41   67548.111111  YES
42          2           486.477778 2025-12-08 00:10:42   67548.111111  YES
43          2           486.477778 2025-12-08 00:10:43   67548.111111  YES
44          2           486.477778 2025-12-08 00:10:44   67548.111111  YES
45          2           486.477778 2025-12-08 00:10:45   67548.111111  YES
46          2           486.477778 2025-12-08 00:10:46   67548.111111  YES
47          2           486.477778 2025-12-08 00:10:47   67548.111111  YES
48          2           486.477778 2025-12-08 00:10:48   67548.111111  YES
49          2           486.477778 2025-12-08 00:10:49   67548.111111  YES
50          2           486.477778 2025-12-08 00:10:50   67548.111111  YES
51          2           470.200000 2025-12-08 00:10:51   71555.000000   NO
52          2           483.400000 2025-12-08 00:10:52   70554.000000   NO
53          2           479.200000 2025-12-08 00:10:53   69552.000000   NO
54          2           468.200000 2025-12-08 00:10:54   68550.000000   NO
55          2           489.200000 2025-12-08 00:10:55   67548.000000   NO
56          2           489.800000 2025-12-08 00:10:56   66546.000000   NO
57          2           524.800000 2025-12-08 00:10:57   65544.000000   NO
58          2           486.400000 2025-12-08 00:10:58   64543.000000   NO
59          2           487.100000 2025-12-08 00:10:59   63541.000000   NO
Forecasted values:
    sensor_id  sensor_energy_value_prediction    sensor_timestamp
0           2                      937.929688 2025-12-08 00:11:00
1           2                      962.965393 2025-12-08 00:11:01
2           2                      989.576965 2025-12-08 00:11:02
3           2                     1015.344788 2025-12-08 00:11:03
4           2                     1039.465820 2025-12-08 00:11:04
5           2                     1061.521606 2025-12-08 00:11:05
6           2                     1081.357422 2025-12-08 00:11:06
7           2                     1098.978882 2025-12-08 00:11:07
8           2                     1114.486816 2025-12-08 00:11:08
9           2                     1128.034912 2025-12-08 00:11:09
10          2                     1139.802246 2025-12-08 00:11:10
11          2                     1149.976562 2025-12-08 00:11:11
12          2                     1158.742920 2025-12-08 00:11:12
13          2                     1166.277832 2025-12-08 00:11:13
14          2                     1172.745605 2025-12-08 00:11:14
15          2                     1178.296265 2025-12-08 00:11:15
16          2                     1183.065552 2025-12-08 00:11:16
17          2                     1187.174805 2025-12-08 00:11:17
18          2                     1190.731323 2025-12-08 00:11:18
19          2                     1193.829834 2025-12-08 00:11:19
20          2                     1196.552856 2025-12-08 00:11:20
21          2                     1198.972046 2025-12-08 00:11:21
22          2                     1201.148804 2025-12-08 00:11:22
23          2                     1203.136108 2025-12-08 00:11:23
24          2                     1204.978516 2025-12-08 00:11:24
25          2                     1206.713623 2025-12-08 00:11:25
26          2                     1208.373047 2025-12-08 00:11:26
27          2                     1209.981812 2025-12-08 00:11:27
28          2                     1211.561401 2025-12-08 00:11:28
29          2                     1213.127930 2025-12-08 00:11:29
30          2                     1214.694824 2025-12-08 00:11:30
31          2                     1216.271606 2025-12-08 00:11:31
32          2                     1217.865356 2025-12-08 00:11:32
33          2                     1219.480957 2025-12-08 00:11:33
34          2                     1221.121582 2025-12-08 00:11:34
35          2                     1222.788086 2025-12-08 00:11:35
36          2                     1224.480835 2025-12-08 00:11:36
37          2                     1226.198853 2025-12-08 00:11:37
38          2                     1227.940308 2025-12-08 00:11:38
39          2                     1229.702393 2025-12-08 00:11:39
40          2                     1231.482666 2025-12-08 00:11:40
41          2                     1233.277588 2025-12-08 00:11:41
42          2                     1235.083618 2025-12-08 00:11:42
43          2                     1236.897461 2025-12-08 00:11:43
44          2                     1238.715332 2025-12-08 00:11:44
45          2                     1240.533691 2025-12-08 00:11:45
46          2                     1242.349121 2025-12-08 00:11:46
47          2                     1244.158569 2025-12-08 00:11:47
48          2                     1245.958740 2025-12-08 00:11:48
49          2                     1247.746826 2025-12-08 00:11:49
50          2                     1249.520020 2025-12-08 00:11:50
51          2                     1251.276001 2025-12-08 00:11:51
52          2                     1253.013550 2025-12-08 00:11:52
53          2                     1254.728882 2025-12-08 00:11:53
54          2                     1256.421143 2025-12-08 00:11:54
55          2                     1258.089233 2025-12-08 00:11:55
56          2                     1259.729004 2025-12-08 00:11:56
57          2                     1261.340820 2025-12-08 00:11:57
58          2                     1262.920410 2025-12-08 00:11:58
59          2                     1264.472412 2025-12-08 00:11:59
Forecasted values inserted into database
Exiting forecasting script

No new messages received yet.Trying again...
No new messages received yet.Trying again...
No new messages received yet.Trying again...
No new messages received yet.Trying again...
No new messages received yet.Trying again...
No new messages received yet.Trying again...
No new messages received yet.Trying again...
No new messages received yet.Trying again...
No new messages received yet.Trying again...
No new messages received yet.Trying again...
No new messages received yet.Trying again...
No new messages received yet.Trying again...
No new messages received yet.Trying again...
2026-06-01 11:49:02.175 INFO  [129249509897920] ConsumerStatsImpl:59 | Consumer [persistent://public/default/device2_model_consume, pythonSubscription, 0] , ConsumerStatsImpl (numBytesRecieved_ = 11688, totalNumBytesRecieved_ = 11688, receivedMsgMap_ = {[Key: Ok, Value: 487], [Key: TimeOut, Value: 409], }, ackedMsgMap_ = {[Key: {Result: Ok, ackType: 0}, Value: 487], }, totalReceivedMsgMap_ = {[Key: Ok, Value: 487], [Key: TimeOut, Value: 409], }, totalAckedMsgMap_ = {[Key: {Result: Ok, ackType: 0}, Value: 487], })
No new messages received yet.Trying again...
No new messages received yet.Trying again...
No new messages received yet.Trying again...
No new messages received yet.Trying again...
No new messages received yet.Trying again...
No new messages received yet.Trying again...
No new messages received yet.Trying again...
No new messages received yet.Trying again...
No new messages received yet.Trying again...
No new messages received yet.Trying again...
No new messages received yet.Trying again...
No new messages received yet.Trying again...
No new messages received yet.Trying again...
No new messages received yet.Trying again...
No new messages received yet.Trying again...
No new messages received yet.Trying again...
No new messages received yet.Trying again...
No new messages received yet.Trying again...
No new messages received yet.Trying again...
No new messages received yet.Trying again...
No new messages received yet.Trying again...
No new messages received yet.Trying again...
No new messages received yet.Trying again...
No new messages received yet.Trying again...
No new messages received yet.Trying again...
No new messages received yet.Trying again...
No new messages received yet.Trying again...
No new messages received yet.Trying again...
No new messages received yet.Trying again...
No new messages received yet.Trying again...
No new messages received yet.Trying again...
No new messages received yet.Trying again...
No new messages received yet.Trying again...
No new messages received yet.Trying again...
No new messages received yet.Trying again...
No new messages received yet.Trying again...
No new messages received yet.Trying again...
No new messages received yet.Trying again...
No new messages received yet.Trying again...
No new messages received yet.Trying again...
No new messages received yet.Trying again...
No new messages received yet.Trying again...
No new messages received yet.Trying again...
No new messages received yet.Trying again...
No new messages received yet.Trying again...
No new messages received yet.Trying again...
No new messages received yet.Trying again...
No new messages received yet.Trying again...
No new messages received yet.Trying again...
No new messages received yet.Trying again...
No new messages received yet.Trying again...
No new messages received yet.Trying again...
No new messages received yet.Trying again...
No new messages received yet.Trying again...
No new messages received yet.Trying again...
No new messages received yet.Trying again...
No new messages received yet.Trying again...
No new messages received yet.Trying again...
No new messages received yet.Trying again...
No new messages received yet.Trying again...
No new messages received yet.Trying again...
No new messages received yet.Trying again...
No new messages received yet.Trying again...
No new messages received yet.Trying again...
No new messages received yet.Trying again...
No new messages received yet.Trying again...
No new messages received yet.Trying again...

Actual data inserted to database
Triggering forecasting with retrained model
Forecasting.py script logs
Database connection established
Value of --retrain flag: True

Forecasting for retrained model using device2/2025-12-08-00-00-00-2025-12-08-00-09-59-model/device2.keras and device2/2025-12-08-00-00-00-2025-12-08-00-09-59-model/scaler.save
Successfully downloaded model and scaler from S3

Actual values fetched from database
    sensor_id  sensor_energy_value    sensor_timestamp  message_delay  computed_value
0           2            597.70000 2025-12-08 00:12:00       101730.0   NO
1           2            611.50000 2025-12-08 00:12:01       100727.0   NO
2           2            599.16383 2025-12-08 00:12:02        78663.0   NO
3           2            601.70000 2025-12-08 00:12:03        99726.0   NO
4           2            599.16383 2025-12-08 00:12:04        78663.0   NO
5           2            602.90000 2025-12-08 00:12:05        98722.0   NO
6           2            606.70000 2025-12-08 00:12:06        97721.0   NO
7           2            607.10000 2025-12-08 00:12:07        96719.0   NO
8           2            598.10000 2025-12-08 00:12:08        95717.0   NO
9           2            585.40000 2025-12-08 00:12:09        94716.0   NO
10          2            621.70000 2025-12-08 00:12:10        93704.0   NO
11          2            591.80000 2025-12-08 00:12:11        92699.0   NO
12          2            599.16383 2025-12-08 00:12:12        78663.0   NO
13          2            587.70000 2025-12-08 00:12:13        91698.0   NO
14          2            587.10000 2025-12-08 00:12:14        90696.0   NO
15          2            606.40000 2025-12-08 00:12:15        89692.0   NO
16          2            596.80000 2025-12-08 00:12:16        88690.0   NO
17          2            605.00000 2025-12-08 00:12:17        87688.0   NO
18          2            590.10000 2025-12-08 00:12:18        86684.0   NO
19          2            599.16383 2025-12-08 00:12:19        78663.0   NO
20          2            603.60000 2025-12-08 00:12:20        85665.0   NO
21          2            583.90000 2025-12-08 00:12:21        84664.0   NO
22          2            608.80000 2025-12-08 00:12:22        83662.0   NO
23          2            592.70000 2025-12-08 00:12:23        82660.0   NO
24          2            600.50000 2025-12-08 00:12:24        81659.0   NO
25          2            598.40000 2025-12-08 00:12:25        80658.0   NO
26          2            593.40000 2025-12-08 00:12:26        79656.0   NO
27          2            587.10000 2025-12-08 00:12:27        78652.0   NO
28          2            603.60000 2025-12-08 00:12:28        77650.0   NO
29          2            597.30000 2025-12-08 00:12:29        76649.0   NO
30          2            608.00000 2025-12-08 00:12:30        75647.0   NO
31          2            575.00000 2025-12-08 00:12:31        74646.0   NO
32          2            592.20000 2025-12-08 00:12:32        73645.0   NO
33          2            600.50000 2025-12-08 00:12:33        72643.0   NO
34          2            599.16383 2025-12-08 00:12:34        78663.0   NO
35          2            599.16383 2025-12-08 00:12:35        78663.0   NO
36          2            599.16383 2025-12-08 00:12:36        78663.0   NO
37          2            595.40000 2025-12-08 00:12:37        71642.0   NO
38          2            594.70000 2025-12-08 00:12:38        70639.0   NO
39          2            599.16383 2025-12-08 00:12:39        78663.0   NO
40          2            599.70000 2025-12-08 00:12:40        69638.0   NO
41          2            581.70000 2025-12-08 00:12:41        68637.0   NO
42          2            599.16383 2025-12-08 00:12:42        78663.0   NO
43          2            588.00000 2025-12-08 00:12:43        67634.0   NO
44          2            599.16383 2025-12-08 00:12:44        78663.0   NO
45          2            616.40000 2025-12-08 00:12:45        66632.0   NO
46          2            598.50000 2025-12-08 00:12:46        65631.0   NO
47          2            599.16383 2025-12-08 00:12:47        78663.0   NO
48          2            613.90000 2025-12-08 00:12:48        64630.0   NO
49          2            600.00000 2025-12-08 00:12:49        63629.0   NO
50          2            615.80000 2025-12-08 00:12:50        62627.0   NO
51          2            610.80000 2025-12-08 00:12:51        61625.0   NO
52          2            610.20000 2025-12-08 00:12:52        60623.0   NO
53          2            589.70000 2025-12-08 00:12:53        59621.0   NO
54          2            599.16383 2025-12-08 00:12:54        78663.0   NO
55          2            612.00000 2025-12-08 00:12:55        58619.0   NO
56          2            605.00000 2025-12-08 00:12:56        57618.0   NO
57          2            601.00000 2025-12-08 00:12:57        56616.0   NO
58          2            585.20000 2025-12-08 00:12:58        55615.0   NO
59          2            599.16383 2025-12-08 00:12:59        78663.0   NO
Forecasted values:
    sensor_id  sensor_energy_value_prediction    sensor_timestamp
0           2                      973.430054 2025-12-08 00:13:00
1           2                      995.034851 2025-12-08 00:13:01
2           2                     1017.977783 2025-12-08 00:13:02
3           2                     1040.207153 2025-12-08 00:13:03
4           2                     1061.025024 2025-12-08 00:13:04
5           2                     1080.062744 2025-12-08 00:13:05
6           2                     1097.183960 2025-12-08 00:13:06
7           2                     1112.394165 2025-12-08 00:13:07
8           2                     1125.782349 2025-12-08 00:13:08
9           2                     1137.483887 2025-12-08 00:13:09
10          2                     1147.656128 2025-12-08 00:13:10
11          2                     1156.463867 2025-12-08 00:13:11
12          2                     1164.069214 2025-12-08 00:13:12
13          2                     1170.626831 2025-12-08 00:13:13
14          2                     1176.279663 2025-12-08 00:13:14
15          2                     1181.158325 2025-12-08 00:13:15
16          2                     1185.380859 2025-12-08 00:13:16
17          2                     1189.052246 2025-12-08 00:13:17
18          2                     1192.264648 2025-12-08 00:13:18
19          2                     1195.099365 2025-12-08 00:13:19
20          2                     1197.626709 2025-12-08 00:13:20
21          2                     1199.907715 2025-12-08 00:13:21
22          2                     1201.994263 2025-12-08 00:13:22
23          2                     1203.930664 2025-12-08 00:13:23
24          2                     1205.754028 2025-12-08 00:13:24
25          2                     1207.495605 2025-12-08 00:13:25
26          2                     1209.180664 2025-12-08 00:13:26
27          2                     1210.830444 2025-12-08 00:13:27
28          2                     1212.461182 2025-12-08 00:13:28
29          2                     1214.086060 2025-12-08 00:13:29
30          2                     1215.715210 2025-12-08 00:13:30
31          2                     1217.355835 2025-12-08 00:13:31
32          2                     1219.013306 2025-12-08 00:13:32
33          2                     1220.690430 2025-12-08 00:13:33
34          2                     1222.388794 2025-12-08 00:13:34
35          2                     1224.109009 2025-12-08 00:13:35
36          2                     1225.850586 2025-12-08 00:13:36
37          2                     1227.611694 2025-12-08 00:13:37
38          2                     1229.390137 2025-12-08 00:13:38
39          2                     1231.183594 2025-12-08 00:13:39
40          2                     1232.988892 2025-12-08 00:13:40
41          2                     1234.802856 2025-12-08 00:13:41
42          2                     1236.622681 2025-12-08 00:13:42
43          2                     1238.444214 2025-12-08 00:13:43
44          2                     1240.264771 2025-12-08 00:13:44
45          2                     1242.080688 2025-12-08 00:13:45
46          2                     1243.888184 2025-12-08 00:13:46
47          2                     1245.685913 2025-12-08 00:13:47
48          2                     1247.470215 2025-12-08 00:13:48
49          2                     1249.238037 2025-12-08 00:13:49
50          2                     1250.988403 2025-12-08 00:13:50
51          2                     1252.717407 2025-12-08 00:13:51
52          2                     1254.424683 2025-12-08 00:13:52
53          2                     1256.108032 2025-12-08 00:13:53
54          2                     1257.767700 2025-12-08 00:13:54
55          2                     1259.400391 2025-12-08 00:13:55
56          2                     1261.004883 2025-12-08 00:13:56
57          2                     1262.582153 2025-12-08 00:13:57
58          2                     1264.131226 2025-12-08 00:13:58
59          2                     1265.652588 2025-12-08 00:13:59
Forecasted values inserted into database
Exiting forecasting script

No new messages received yet.Trying again...
No new messages received yet.Trying again...
No new messages received yet.Trying again...
No new messages received yet.Trying again...
No new messages received yet.Trying again...
No new messages received yet.Trying again...
No new messages received yet.Trying again...
No new messages received yet.Trying again...
No new messages received yet.Trying again...
No new messages received yet.Trying again...
No new messages received yet.Trying again...
No new messages received yet.Trying again...
No new messages received yet.Trying again...
No new messages received yet.Trying again...
No new messages received yet.Trying again...
No new messages received yet.Trying again...
No new messages received yet.Trying again...
No new messages received yet.Trying again...
No new messages received yet.Trying again...
No new messages received yet.Trying again...
No new messages received yet.Trying again...
No new messages received yet.Trying again...
No new messages received yet.Trying again...
No new messages received yet.Trying again...
No new messages received yet.Trying again...
No new messages received yet.Trying again...
No new messages received yet.Trying again...
No new messages received yet.Trying again...
No new messages received yet.Trying again...
No new messages received yet.Trying again...
No new messages received yet.Trying again...
No new messages received yet.Trying again...
No new messages received yet.Trying again...
No new messages received yet.Trying again...
No new messages received yet.Trying again...
No new messages received yet.Trying again...
No new messages received yet.Trying again...

Actual data inserted to database
Triggering forecasting with retrained model
Forecasting.py script logs
Database connection established
Value of --retrain flag: True

Forecasting for retrained model using device2/2025-12-08-00-00-00-2025-12-08-00-09-59-model/device2.keras and device2/2025-12-08-00-00-00-2025-12-08-00-09-59-model/scaler.save
Successfully downloaded model and scaler from S3

Actual values fetched from database
    sensor_id  sensor_energy_value    sensor_timestamp  message_delay  computed_value
0           2           583.761538 2025-12-08 00:13:00   34006.134615  YES
1           2           602.600000 2025-12-08 00:13:01    8465.000000   NO
2           2           583.300000 2025-12-08 00:13:02   59545.000000   NO
3           2           594.400000 2025-12-08 00:13:03   58544.000000   NO
4           2           583.761538 2025-12-08 00:13:04   34006.134615  YES
5           2           599.200000 2025-12-08 00:13:05   57542.000000   NO
6           2           605.200000 2025-12-08 00:13:06   56541.000000   NO
7           2           583.761538 2025-12-08 00:13:07   34006.134615  YES
8           2           598.900000 2025-12-08 00:13:08   55539.000000   NO
9           2           583.761538 2025-12-08 00:13:09   34006.134615  YES
10          2           588.000000 2025-12-08 00:13:10   54538.000000   NO
11          2           604.400000 2025-12-08 00:13:11   53537.000000   NO
12          2           600.700000 2025-12-08 00:13:12   52536.000000   NO
13          2           613.200000 2025-12-08 00:13:13   51534.000000   NO
14          2           621.000000 2025-12-08 00:13:14   50533.000000   NO
15          2           584.400000 2025-12-08 00:13:15   49531.000000   NO
16          2           590.400000 2025-12-08 00:13:16   48530.000000   NO
17          2           590.700000 2025-12-08 00:13:17   47529.000000   NO
18          2           591.200000 2025-12-08 00:13:18   46528.000000   NO
19          2           600.900000 2025-12-08 00:13:19   45526.000000   NO
20          2           599.500000 2025-12-08 00:13:20   44524.000000   NO
21          2           591.300000 2025-12-08 00:13:21   43522.000000   NO
22          2           605.700000 2025-12-08 00:13:22   42521.000000   NO
23          2           589.300000 2025-12-08 00:13:23   41520.000000   NO
24          2           616.600000 2025-12-08 00:13:24   40518.000000   NO
25          2           590.700000 2025-12-08 00:13:25   39517.000000   NO
26          2           609.500000 2025-12-08 00:13:26   38515.000000   NO
27          2           586.300000 2025-12-08 00:13:27   37511.000000   NO
28          2           592.700000 2025-12-08 00:13:28   36510.000000   NO
29          2           608.900000 2025-12-08 00:13:29   35508.000000   NO
30          2           579.600000 2025-12-08 00:13:30   34507.000000   NO
31          2           583.761538 2025-12-08 00:13:31   34006.134615  YES
32          2           578.100000 2025-12-08 00:13:32   33505.000000   NO
33          2           570.200000 2025-12-08 00:13:33   32503.000000   NO
34          2           567.200000 2025-12-08 00:13:34   31502.000000   NO
35          2           567.100000 2025-12-08 00:13:35   30501.000000   NO
36          2           571.400000 2025-12-08 00:13:36   29499.000000   NO
37          2           558.400000 2025-12-08 00:13:37   28498.000000   NO
38          2           560.200000 2025-12-08 00:13:38   27497.000000   NO
39          2           572.900000 2025-12-08 00:13:39   26495.000000   NO
40          2           565.000000 2025-12-08 00:13:40   25493.000000   NO
41          2           572.900000 2025-12-08 00:13:41   24492.000000   NO
42          2           559.700000 2025-12-08 00:13:42   23490.000000   NO
43          2           574.100000 2025-12-08 00:13:43   22486.000000   NO
44          2           577.800000 2025-12-08 00:13:44   21485.000000   NO
45          2           574.500000 2025-12-08 00:13:45   20483.000000   NO
46          2           563.400000 2025-12-08 00:13:46   19481.000000   NO
47          2           583.761538 2025-12-08 00:13:47   34006.134615  YES
48          2           583.800000 2025-12-08 00:13:48   18480.000000   NO
49          2           583.761538 2025-12-08 00:13:49   34006.134615  YES
50          2           556.900000 2025-12-08 00:13:50   17479.000000   NO
51          2           569.400000 2025-12-08 00:13:51   16478.000000   NO
52          2           566.200000 2025-12-08 00:13:52   15476.000000   NO
53          2           572.700000 2025-12-08 00:13:53   14475.000000   NO
54          2           583.761538 2025-12-08 00:13:54   34006.134615  YES
55          2           569.800000 2025-12-08 00:13:55   13474.000000   NO
56          2           571.200000 2025-12-08 00:13:56   12472.000000   NO
57          2           559.700000 2025-12-08 00:13:57   11469.000000   NO
58          2           570.800000 2025-12-08 00:13:58   10468.000000   NO
59          2           563.600000 2025-12-08 00:13:59    9467.000000   NO
Forecasted values:
    sensor_id  sensor_energy_value_prediction    sensor_timestamp
0           2                      963.275146 2025-12-08 00:14:00
1           2                      985.841736 2025-12-08 00:14:01
2           2                     1009.826172 2025-12-08 00:14:02
3           2                     1033.064941 2025-12-08 00:14:03
4           2                     1054.827759 2025-12-08 00:14:04
5           2                     1074.729614 2025-12-08 00:14:05
6           2                     1092.628174 2025-12-08 00:14:06
7           2                     1108.528442 2025-12-08 00:14:07
8           2                     1122.522339 2025-12-08 00:14:08
9           2                     1134.750610 2025-12-08 00:14:09
10          2                     1145.376953 2025-12-08 00:14:10
11          2                     1154.572632 2025-12-08 00:14:11
12          2                     1162.507080 2025-12-08 00:14:12
13          2                     1169.340454 2025-12-08 00:14:13
14          2                     1175.222778 2025-12-08 00:14:14
15          2                     1180.290039 2025-12-08 00:14:15
16          2                     1184.665283 2025-12-08 00:14:16
17          2                     1188.458130 2025-12-08 00:14:17
18          2                     1191.765869 2025-12-08 00:14:18
19          2                     1194.673096 2025-12-08 00:14:19
20          2                     1197.253906 2025-12-08 00:14:20
21          2                     1199.572144 2025-12-08 00:14:21
22          2                     1201.682617 2025-12-08 00:14:22
23          2                     1203.632202 2025-12-08 00:14:23
24          2                     1205.459961 2025-12-08 00:14:24
25          2                     1207.198975 2025-12-08 00:14:25
26          2                     1208.876221 2025-12-08 00:14:26
27          2                     1210.514160 2025-12-08 00:14:27
28          2                     1212.130249 2025-12-08 00:14:28
29          2                     1213.739136 2025-12-08 00:14:29
30          2                     1215.350952 2025-12-08 00:14:30
31          2                     1216.974121 2025-12-08 00:14:31
32          2                     1218.614136 2025-12-08 00:14:32
33          2                     1220.274780 2025-12-08 00:14:33
34          2                     1221.958008 2025-12-08 00:14:34
35          2                     1223.664307 2025-12-08 00:14:35
36          2                     1225.393311 2025-12-08 00:14:36
37          2                     1227.143555 2025-12-08 00:14:37
38          2                     1228.913086 2025-12-08 00:14:38
39          2                     1230.699341 2025-12-08 00:14:39
40          2                     1232.498901 2025-12-08 00:14:40
41          2                     1234.309204 2025-12-08 00:14:41
42          2                     1236.126343 2025-12-08 00:14:42
43          2                     1237.947510 2025-12-08 00:14:43
44          2                     1239.768555 2025-12-08 00:14:44
45          2                     1241.586182 2025-12-08 00:14:45
46          2                     1243.397705 2025-12-08 00:14:46
47          2                     1245.200317 2025-12-08 00:14:47
48          2                     1246.989746 2025-12-08 00:14:48
49          2                     1248.764282 2025-12-08 00:14:49
50          2                     1250.521362 2025-12-08 00:14:50
51          2                     1252.260376 2025-12-08 00:14:51
52          2                     1253.977295 2025-12-08 00:14:52
53          2                     1255.671265 2025-12-08 00:14:53
54          2                     1257.339844 2025-12-08 00:14:54
55          2                     1258.981567 2025-12-08 00:14:55
56          2                     1260.597168 2025-12-08 00:14:56
57          2                     1262.184692 2025-12-08 00:14:57
58          2                     1263.744019 2025-12-08 00:14:58
59          2                     1265.273315 2025-12-08 00:14:59
Forecasted values inserted into database
Exiting forecasting script

No new messages received yet.Trying again...
No new messages received yet.Trying again...
No new messages received yet.Trying again...
No new messages received yet.Trying again...
