sensor_timestamp,forecasted_value,actual_value
2025-12-08 00:01:00,844.680542,1210.914286
2025-12-08 00:01:01,874.302734,1210.914286
2025-12-08 00:01:02,910.152893,1210.914286
2025-12-08 00:01:03,950.179749,1210.914286
2025-12-08 00:01:04,992.302368,801.000000
2025-12-08 00:01:05,1034.679321,1026.400000
2025-12-08 00:01:06,1075.704468,1181.000000
2025-12-08 00:01:07,1114.010864,1017.900000
2025-12-08 00:01:08,1148.486450,998.600000
2025-12-08 00:01:09,1178.302979,1076.100000
2025-12-08 00:01:10,1202.945312,1009.100000
2025-12-08 00:01:11,1222.231934,1058.500000
2025-12-08 00:01:12,1236.313110,1085.700000
2025-12-08 00:01:13,1245.638184,1110.500000
2025-12-08 00:01:14,1250.890503,1138.400000
2025-12-08 00:01:15,1252.903076,1162.700000
2025-12-08 00:01:16,1252.565430,1179.200000
2025-12-08 00:01:17,1250.739014,1200.000000
2025-12-08 00:01:18,1248.190063,1217.700000
2025-12-08 00:01:19,1245.545654,1231.600000
2025-12-08 00:01:20,1243.274292,1241.700000
2025-12-08 00:01:21,1241.686035,1244.700000
2025-12-08 00:01:22,1240.947021,1240.000000
2025-12-08 00:01:23,1241.103882,1247.000000
2025-12-08 00:01:24,1242.112305,1251.800000
2025-12-08 00:01:25,1243.865479,1247.700000
2025-12-08 00:01:26,1246.221069,1245.200000
2025-12-08 00:01:27,1249.022095,1251.200000
2025-12-08 00:01:28,1252.115723,1250.800000
2025-12-08 00:01:29,1255.364136,1253.000000
2025-12-08 00:01:30,1258.651978,1248.400000
2025-12-08 00:01:31,1261.890259,1245.400000
2025-12-08 00:01:32,1265.016602,1245.500000
2025-12-08 00:01:33,1267.991577,1246.100000
2025-12-08 00:01:34,1270.796753,1248.100000
2025-12-08 00:01:35,1273.429810,1249.200000
2025-12-08 00:01:36,1275.898804,1250.900000
2025-12-08 00:01:37,1278.218994,1243.000000
2025-12-08 00:01:38,1280.409058,1243.800000
2025-12-08 00:01:39,1282.488892,1248.700000
2025-12-08 00:01:40,1284.476685,1249.900000
2025-12-08 00:01:41,1286.388306,1249.900000
2025-12-08 00:01:42,1288.236328,1255.700000
2025-12-08 00:01:43,1290.030029,1259.200000
2025-12-08 00:01:44,1291.776123,1257.600000
2025-12-08 00:01:45,1293.479736,1266.000000
2025-12-08 00:01:46,1295.142944,1267.900000
2025-12-08 00:01:47,1296.766846,1266.500000
2025-12-08 00:01:48,1298.351685,1269.900000
2025-12-08 00:01:49,1299.897461,1267.900000
2025-12-08 00:01:50,1301.403809,1269.700000
2025-12-08 00:01:51,1302.871460,1274.200000
2025-12-08 00:01:52,1304.300781,1274.100000
2025-12-08 00:01:53,1305.691650,1271.600000
2025-12-08 00:01:54,1307.046509,1274.600000
2025-12-08 00:01:55,1308.366455,1273.100000
2025-12-08 00:01:56,1309.653320,1273.500000
2025-12-08 00:01:57,1310.909058,1279.100000
2025-12-08 00:01:58,1312.135254,1277.100000
2025-12-08 00:01:59,1313.333740,1297.100000
2025-12-08 00:02:00,1302.808105,1279.100000
2025-12-08 00:02:01,1303.933472,1272.200000
2025-12-08 00:02:02,1303.663818,1270.800000
2025-12-08 00:02:03,1302.619995,1271.800000
2025-12-08 00:02:04,1301.291382,1271.300000
2025-12-08 00:02:05,1300.037231,1270.700000
2025-12-08 00:02:06,1299.102295,1272.900000
2025-12-08 00:02:07,1298.615234,1276.500000
2025-12-08 00:02:08,1298.615234,1268.700000
2025-12-08 00:02:09,1299.080688,1267.400000
2025-12-08 00:02:10,1299.946655,1270.300000
2025-12-08 00:02:11,1301.124268,1266.600000
2025-12-08 00:02:12,1302.522217,1271.500000
2025-12-08 00:02:13,1304.050171,1267.800000
2025-12-08 00:02:14,1305.633545,1268.800000
2025-12-08 00:02:15,1307.213867,1288.200000
2025-12-08 00:02:16,1308.750244,1267.600000
2025-12-08 00:02:17,1310.217896,1271.800000
2025-12-08 00:02:18,1311.605469,1272.500000
2025-12-08 00:02:19,1312.912598,1277.300000
2025-12-08 00:02:20,1314.145508,1277.500000
2025-12-08 00:02:21,1315.314209,1280.700000
2025-12-08 00:02:22,1316.431152,1274.700000
2025-12-08 00:02:23,1317.507446,1274.900000
2025-12-08 00:02:24,1318.553955,1278.800000
2025-12-08 00:02:25,1319.579224,1271.300000
2025-12-08 00:02:26,1320.589111,1271.400000
2025-12-08 00:02:27,1321.587891,1276.400000
2025-12-08 00:02:28,1322.577759,1275.200000
2025-12-08 00:02:29,1323.559692,1276.900000
2025-12-08 00:02:30,1324.533569,1274.400000
2025-12-08 00:02:31,1325.498779,1268.600000
2025-12-08 00:02:32,1326.454346,1269.600000
2025-12-08 00:02:33,1327.399170,1274.000000
2025-12-08 00:02:34,1328.332031,1270.500000
2025-12-08 00:02:35,1329.251953,1271.800000
2025-12-08 00:02:36,1330.158447,1270.900000
2025-12-08 00:02:37,1331.051392,1269.200000
2025-12-08 00:02:38,1331.930664,1271.100000
2025-12-08 00:02:39,1332.796753,1273.300000
2025-12-08 00:02:40,1333.649658,1272.900000
2025-12-08 00:02:41,1334.490234,1277.500000
2025-12-08 00:02:42,1335.319458,1269.700000
2025-12-08 00:02:43,1336.138184,1266.100000
2025-12-08 00:02:44,1336.947510,1271.000000
2025-12-08 00:02:45,1337.747803,1269.300000
2025-12-08 00:02:46,1338.540039,1272.800000
2025-12-08 00:02:47,1339.324585,1274.300000
2025-12-08 00:02:48,1340.101929,1269.500000
2025-12-08 00:02:49,1340.872314,1268.600000
2025-12-08 00:02:50,1341.636230,1269.200000
2025-12-08 00:02:51,1342.393311,1272.900000
2025-12-08 00:02:52,1343.144043,1269.600000
2025-12-08 00:02:53,1343.888306,1269.100000
2025-12-08 00:02:54,1344.626221,1265.100000
2025-12-08 00:02:55,1345.358398,1269.000000
2025-12-08 00:02:56,1346.084595,1269.000000
2025-12-08 00:02:57,1346.805298,1273.600000
2025-12-08 00:02:58,1347.521118,1269.100000
2025-12-08 00:02:59,1348.232056,1277.400000
2025-12-08 00:03:00,1276.951172,1271.200000
2025-12-08 00:03:01,1279.390259,1273.900000
2025-12-08 00:03:02,1282.193481,1271.900000
2025-12-08 00:03:03,1285.168579,1269.800000
2025-12-08 00:03:04,1288.158325,1285.800000
2025-12-08 00:03:05,1291.044189,1270.100000
2025-12-08 00:03:06,1293.745728,1291.200000
2025-12-08 00:03:07,1296.218262,1266.400000
2025-12-08 00:03:08,1298.446045,1264.300000
2025-12-08 00:03:09,1300.436279,1275.500000
2025-12-08 00:03:10,1302.212280,1272.300000
2025-12-08 00:03:11,1303.806030,1268.300000
2025-12-08 00:03:12,1305.253052,1271.600000
2025-12-08 00:03:13,1306.587524,1267.800000
2025-12-08 00:03:14,1307.840820,1269.100000
2025-12-08 00:03:15,1309.038574,1279.500000
2025-12-08 00:03:16,1310.200562,1265.100000
2025-12-08 00:03:17,1311.340454,1267.300000
2025-12-08 00:03:18,1312.467163,1271.700000
2025-12-08 00:03:19,1313.585083,1273.700000
2025-12-08 00:03:20,1314.695679,1271.500000
2025-12-08 00:03:21,1315.798462,1275.900000
2025-12-08 00:03:22,1316.891479,1274.300000
2025-12-08 00:03:23,1317.972656,1280.400000
2025-12-08 00:03:24,1319.039673,1283.800000
2025-12-08 00:03:25,1320.091187,1263.900000
2025-12-08 00:03:26,1321.125244,1270.200000
2025-12-08 00:03:27,1322.141846,1307.200000
2025-12-08 00:03:28,1323.140503,1400.800000
2025-12-08 00:03:29,1324.121826,1377.400000
2025-12-08 00:03:30,1325.086182,1377.100000
2025-12-08 00:03:31,1326.034546,1377.200000
2025-12-08 00:03:32,1326.968140,1377.500000
2025-12-08 00:03:33,1327.887451,1380.900000
2025-12-08 00:03:34,1328.793701,1385.200000
2025-12-08 00:03:35,1329.687622,1390.800000
2025-12-08 00:03:36,1330.569946,1366.700000
2025-12-08 00:03:37,1331.441406,1379.200000
2025-12-08 00:03:38,1332.302368,1378.300000
2025-12-08 00:03:39,1333.153442,1380.600000
2025-12-08 00:03:40,1333.994873,1381.100000
2025-12-08 00:03:41,1334.826904,1374.500000
2025-12-08 00:03:42,1335.649902,1382.200000
2025-12-08 00:03:43,1336.464233,1373.400000
2025-12-08 00:03:44,1337.270142,1379.100000
2025-12-08 00:03:45,1338.067383,1376.600000
2025-12-08 00:03:46,1338.856934,1376.000000
2025-12-08 00:03:47,1339.638428,1375.100000
2025-12-08 00:03:48,1340.412720,1376.300000
2025-12-08 00:03:49,1341.179688,1374.800000
2025-12-08 00:03:50,1341.939941,1374.600000
2025-12-08 00:03:51,1342.693359,1377.900000
2025-12-08 00:03:52,1343.440552,1382.400000
2025-12-08 00:03:53,1344.181885,1386.400000
2025-12-08 00:03:54,1344.917480,1383.300000
2025-12-08 00:03:55,1345.647583,1376.100000
2025-12-08 00:03:56,1346.372681,1405.400000
2025-12-08 00:03:57,1347.092773,1447.600000
2025-12-08 00:03:58,1347.808472,1438.700000
2025-12-08 00:03:59,1348.519531,1437.000000
2025-12-08 00:04:00,1459.395996,1447.400000
2025-12-08 00:04:01,1468.774048,1447.400000
2025-12-08 00:04:02,1473.607910,1437.700000
2025-12-08 00:04:03,1475.180664,1439.200000
2025-12-08 00:04:04,1474.726196,1441.200000
2025-12-08 00:04:05,1473.286133,1443.600000
2025-12-08 00:04:06,1471.658447,1451.000000
2025-12-08 00:04:07,1470.390625,1440.200000
2025-12-08 00:04:08,1469.804565,1446.800000
2025-12-08 00:04:09,1470.041748,1444.900000
2025-12-08 00:04:10,1471.111328,1443.800000
2025-12-08 00:04:11,1472.938110,1441.100000
2025-12-08 00:04:12,1475.403687,1447.900000
2025-12-08 00:04:13,1478.377686,1434.400000
2025-12-08 00:04:14,1481.739258,1432.200000
2025-12-08 00:04:15,1485.390747,1442.300000
2025-12-08 00:04:16,1489.261719,1448.000000
2025-12-08 00:04:17,1493.309692,1439.500000
2025-12-08 00:04:18,1497.517334,1438.100000
2025-12-08 00:04:19,1501.887329,1444.600000
2025-12-08 00:04:20,1506.436401,1446.100000
2025-12-08 00:04:21,1511.191528,1445.600000
2025-12-08 00:04:22,1516.184692,1448.800000
2025-12-08 00:04:23,1521.450073,1433.700000
2025-12-08 00:04:24,1527.022827,1436.800000
2025-12-08 00:04:25,1532.938232,1446.800000
2025-12-08 00:04:26,1539.232178,1440.700000
2025-12-08 00:04:27,1545.941162,1445.400000
2025-12-08 00:04:28,1553.104370,1446.400000
2025-12-08 00:04:29,1560.763184,1455.500000
2025-12-08 00:04:30,1568.963989,1439.800000
2025-12-08 00:04:31,1577.758789,1435.100000
2025-12-08 00:04:32,1587.207031,1450.000000
2025-12-08 00:04:33,1597.376221,1436.300000
2025-12-08 00:04:34,1608.344116,1436.400000
2025-12-08 00:04:35,1620.198730,1430.800000
2025-12-08 00:04:36,1633.042236,1453.100000
2025-12-08 00:04:37,1646.991211,1519.400000
2025-12-08 00:04:38,1662.180908,1517.600000
2025-12-08 00:04:39,1678.766113,1517.700000
2025-12-08 00:04:40,1696.925049,1519.500000
2025-12-08 00:04:41,1716.863281,1525.400000
2025-12-08 00:04:42,1738.816528,1522.100000
2025-12-08 00:04:43,1763.057739,1521.400000
2025-12-08 00:04:44,1789.898926,1523.200000
2025-12-08 00:04:45,1819.696289,1525.500000
2025-12-08 00:04:46,1852.855103,1525.000000
2025-12-08 00:04:47,1889.829590,1523.200000
2025-12-08 00:04:48,1931.122070,1525.800000
2025-12-08 00:04:49,1977.276611,1522.600000
2025-12-08 00:04:50,2028.859741,1529.200000
2025-12-08 00:04:51,2086.430664,1529.300000
2025-12-08 00:04:52,2150.489502,1528.000000
2025-12-08 00:04:53,2221.408203,1520.600000
2025-12-08 00:04:54,2299.329834,1516.600000
2025-12-08 00:04:55,2384.061768,1515.900000
2025-12-08 00:04:56,2474.965576,1516.200000
2025-12-08 00:04:57,2570.887695,1523.600000
2025-12-08 00:04:58,2670.163574,1520.800000
2025-12-08 00:04:59,2770.719238,1518.000000
2025-12-08 00:05:00,1485.123535,1519.600000
2025-12-08 00:05:01,1487.373901,1523.300000
2025-12-08 00:05:02,1490.609741,1518.200000
2025-12-08 00:05:03,1494.693848,1520.700000
2025-12-08 00:05:04,1499.452026,1521.000000
2025-12-08 00:05:05,1504.717285,1519.300000
2025-12-08 00:05:06,1510.358398,1525.300000
2025-12-08 00:05:07,1516.284302,1533.000000
2025-12-08 00:05:08,1522.445068,1517.400000
2025-12-08 00:05:09,1528.826782,1526.600000
2025-12-08 00:05:10,1535.444458,1537.700000
2025-12-08 00:05:11,1542.335083,1518.000000
2025-12-08 00:05:12,1549.549805,1518.700000
2025-12-08 00:05:13,1557.150635,1518.700000
2025-12-08 00:05:14,1565.203369,1519.600000
2025-12-08 00:05:15,1573.779175,1524.200000
2025-12-08 00:05:16,1582.950439,1526.900000
2025-12-08 00:05:17,1592.794434,1526.400000
2025-12-08 00:05:18,1603.392578,1521.500000
2025-12-08 00:05:19,1614.834106,1528.600000
2025-12-08 00:05:20,1627.217285,1528.600000
2025-12-08 00:05:21,1640.652588,1529.400000
2025-12-08 00:05:22,1655.266357,1526.400000
2025-12-08 00:05:23,1671.203369,1522.600000
2025-12-08 00:05:24,1688.629883,1523.500000
2025-12-08 00:05:25,1707.737915,1521.900000
2025-12-08 00:05:26,1728.749390,1586.500000
2025-12-08 00:05:27,1751.919189,1641.700000
2025-12-08 00:05:28,1777.540771,1661.500000
2025-12-08 00:05:29,1805.950562,1650.500000
2025-12-08 00:05:30,1837.530884,1658.500000
2025-12-08 00:05:31,1872.714966,1678.800000
2025-12-08 00:05:32,1911.984619,1661.600000
2025-12-08 00:05:33,1955.866577,1675.600000
2025-12-08 00:05:34,2004.920166,1655.600000
2025-12-08 00:05:35,2059.713379,1658.700000
2025-12-08 00:05:36,2120.781006,1659.300000
2025-12-08 00:05:37,2188.563477,1659.200000
2025-12-08 00:05:38,2263.321289,1654.400000
2025-12-08 00:05:39,2345.026123,1657.600000
2025-12-08 00:05:40,2433.252930,1660.400000
2025-12-08 00:05:41,2527.085205,1658.500000
2025-12-08 00:05:42,2625.082275,1658.100000
2025-12-08 00:05:43,2725.335693,1660.900000
2025-12-08 00:05:44,2825.625488,1656.000000
2025-12-08 00:05:45,2923.654053,1658.100000
2025-12-08 00:05:46,3017.293701,1664.100000
2025-12-08 00:05:47,3104.796875,1653.000000
2025-12-08 00:05:48,3184.920898,1659.900000
2025-12-08 00:05:49,3256.968506,1659.200000
2025-12-08 00:05:50,3320.742676,1661.000000
2025-12-08 00:05:51,3376.458252,1658.900000
2025-12-08 00:05:52,3424.627197,1658.900000
2025-12-08 00:05:53,3465.942627,1656.000000
2025-12-08 00:05:54,3501.184082,1661.900000
2025-12-08 00:05:55,3531.138428,1656.500000
2025-12-08 00:05:56,3556.554688,1656.900000
2025-12-08 00:05:57,3578.111816,1662.300000
2025-12-08 00:05:58,3596.409180,1659.500000
2025-12-08 00:05:59,3611.962646,1656.200000
2025-12-08 00:06:00,1627.429565,1665.200000
2025-12-08 00:06:01,1632.883423,1662.200000
2025-12-08 00:06:02,1645.082031,1665.400000
2025-12-08 00:06:03,1662.471069,1661.200000
2025-12-08 00:06:04,1683.673706,1657.800000
2025-12-08 00:06:05,1707.640625,1660.200000
2025-12-08 00:06:06,1733.732300,1660.800000
2025-12-08 00:06:07,1761.700195,1662.000000
2025-12-08 00:06:08,1791.628296,1657.400000
2025-12-08 00:06:09,1823.850464,1667.200000
2025-12-08 00:06:10,1858.876099,1669.900000
2025-12-08 00:06:11,1897.321289,1659.000000
2025-12-08 00:06:12,1939.857910,1677.000000
2025-12-08 00:06:13,1987.175537,1662.900000
2025-12-08 00:06:14,2039.946777,1659.600000
2025-12-08 00:06:15,2098.790527,1661.200000
2025-12-08 00:06:16,2164.224121,1656.500000
2025-12-08 00:06:17,2236.592529,1657.600000
2025-12-08 00:06:18,2315.978027,1676.100000
2025-12-08 00:06:19,2402.093994,1667.900000
2025-12-08 00:06:20,2494.191406,1663.400000
2025-12-08 00:06:21,2591.000000,1660.500000
2025-12-08 00:06:22,2690.755371,1662.100000
2025-12-08 00:06:23,2791.320801,1662.500000
2025-12-08 00:06:24,2890.396973,1661.600000
2025-12-08 00:06:25,2985.774902,1660.000000
2025-12-08 00:06:26,3075.558838,1669.500000
2025-12-08 00:06:27,3158.327637,1659.900000
2025-12-08 00:06:28,3233.197021,1663.000000
2025-12-08 00:06:29,3299.807861,1657.200000
2025-12-08 00:06:30,3358.245605,1660.400000
2025-12-08 00:06:31,3408.933105,1660.300000
2025-12-08 00:06:32,3452.514404,1670.600000
2025-12-08 00:06:33,3489.748535,1662.700000
2025-12-08 00:06:34,3521.428955,1660.200000
2025-12-08 00:06:35,3548.319092,1658.200000
2025-12-08 00:06:36,3571.126953,1658.500000
2025-12-08 00:06:37,3590.479004,1659.800000
2025-12-08 00:06:38,3606.919189,1660.900000
2025-12-08 00:06:39,3620.912598,1663.800000
2025-12-08 00:06:40,3632.851074,1656.100000
2025-12-08 00:06:41,3643.062012,1660.800000
2025-12-08 00:06:42,3651.820312,1663.300000
2025-12-08 00:06:43,3659.353027,1661.100000
2025-12-08 00:06:44,3665.849609,1664.500000
2025-12-08 00:06:45,3671.468506,1660.400000
2025-12-08 00:06:46,3676.339844,1660.000000
2025-12-08 00:06:47,3680.573486,1657.300000
2025-12-08 00:06:48,3684.261963,1662.700000
2025-12-08 00:06:49,3687.483154,1663.800000
2025-12-08 00:06:50,3690.300781,1662.000000
2025-12-08 00:06:51,3692.771484,1663.600000
2025-12-08 00:06:52,3694.940918,1658.600000
2025-12-08 00:06:53,3696.849121,1659.800000
2025-12-08 00:06:54,3698.530273,1657.200000
2025-12-08 00:06:55,3700.014404,1661.400000
2025-12-08 00:06:56,3701.325439,1668.600000
2025-12-08 00:06:57,3702.485840,1671.000000
2025-12-08 00:06:58,3703.512695,1661.000000
2025-12-08 00:06:59,3704.424316,1660.300000
2025-12-08 00:07:00,1702.985840,1666.800000
2025-12-08 00:07:01,1717.912964,1664.800000
2025-12-08 00:07:02,1738.788818,1665.600000
2025-12-08 00:07:03,1764.660156,1664.700000
2025-12-08 00:07:04,1794.782959,1660.100000
2025-12-08 00:07:05,1828.666870,1657.100000
2025-12-08 00:07:06,1866.152222,1657.100000
2025-12-08 00:07:07,1907.385620,1661.000000
2025-12-08 00:07:08,1952.758545,1656.300000
2025-12-08 00:07:09,2002.831909,1665.000000
2025-12-08 00:07:10,2058.249512,1657.600000
2025-12-08 00:07:11,2119.653076,1662.000000
2025-12-08 00:07:12,2187.585205,1658.000000
2025-12-08 00:07:13,2262.389648,1662.100000
2025-12-08 00:07:14,2344.096924,1658.800000
2025-12-08 00:07:15,2432.317383,1663.700000
2025-12-08 00:07:16,2526.151123,1661.000000
2025-12-08 00:07:17,2624.164307,1661.000000
2025-12-08 00:07:18,2724.448486,1661.900000
2025-12-08 00:07:19,2824.783203,1668.600000
2025-12-08 00:07:20,2922.866699,1667.300000
2025-12-08 00:07:21,3016.569580,1658.900000
2025-12-08 00:07:22,3104.140625,1657.300000
2025-12-08 00:07:23,3184.336670,1663.700000
2025-12-08 00:07:24,3256.455322,1664.600000
2025-12-08 00:07:25,3320.298340,1660.600000
2025-12-08 00:07:26,3376.077393,1665.200000
2025-12-08 00:07:27,3424.303955,1654.900000
2025-12-08 00:07:28,3465.670166,1660.400000
2025-12-08 00:07:29,3500.955322,1660.300000
2025-12-08 00:07:30,3530.947998,1680.300000
2025-12-08 00:07:31,3556.395508,1660.400000
2025-12-08 00:07:32,3577.978516,1662.400000
2025-12-08 00:07:33,3596.297852,1662.800000
2025-12-08 00:07:34,3611.869629,1659.900000
2025-12-08 00:07:35,3625.133057,1660.100000
2025-12-08 00:07:36,3636.457764,1659.900000
2025-12-08 00:07:37,3646.153564,1663.000000
2025-12-08 00:07:38,3654.477295,1662.100000
2025-12-08 00:07:39,3661.643066,1662.500000
2025-12-08 00:07:40,3667.828613,1661.600000
2025-12-08 00:07:41,3673.182617,1662.900000
2025-12-08 00:07:42,3677.829102,1668.300000
2025-12-08 00:07:43,3681.870117,1656.100000
2025-12-08 00:07:44,3685.393066,1652.500000
2025-12-08 00:07:45,3688.471436,1659.300000
2025-12-08 00:07:46,3691.166748,1660.900000
2025-12-08 00:07:47,3693.530518,1664.100000
2025-12-08 00:07:48,3695.608154,1659.100000
2025-12-08 00:07:49,3697.436279,1659.900000
2025-12-08 00:07:50,3699.048340,1659.100000
2025-12-08 00:07:51,3700.471191,1662.500000
2025-12-08 00:07:52,3701.729492,1657.800000
2025-12-08 00:07:53,3702.843262,1658.800000
2025-12-08 00:07:54,3703.829590,1658.500000
2025-12-08 00:07:55,3704.704590,1663.400000
2025-12-08 00:07:56,3705.481689,1667.000000
2025-12-08 00:07:57,3706.172119,1666.000000
2025-12-08 00:07:58,3706.785400,1665.200000
2025-12-08 00:07:59,3707.331543,1663.300000
2025-12-08 00:08:00,1705.681885,1666.100000
2025-12-08 00:08:01,1721.443237,1667.000000
2025-12-08 00:08:02,1742.924072,1664.300000
2025-12-08 00:08:03,1769.247437,1660.900000
2025-12-08 00:08:04,1799.746826,1670.000000
2025-12-08 00:08:05,1834.000366,1661.100000
2025-12-08 00:08:06,1871.902222,1663.000000
2025-12-08 00:08:07,1913.634766,1661.400000
2025-12-08 00:08:08,1959.610229,1662.500000
2025-12-08 00:08:09,2010.396851,1662.500000
2025-12-08 00:08:10,2066.635498,1664.200000
2025-12-08 00:08:11,2128.950928,1663.600000
2025-12-08 00:08:12,2197.860352,1664.100000
2025-12-08 00:08:13,2273.666992,1664.100000
2025-12-08 00:08:14,2356.346924,1666.400000
2025-12-08 00:08:15,2445.441406,1659.100000
2025-12-08 00:08:16,2539.974609,1660.500000
2025-12-08 00:08:17,2638.439697,1662.700000
2025-12-08 00:08:18,2738.871826,1662.600000
2025-12-08 00:08:19,2839.023193,1666.000000
2025-12-08 00:08:20,2936.602539,1670.300000
2025-12-08 00:08:21,3029.522949,1661.800000
2025-12-08 00:08:22,3116.101562,1662.600000
2025-12-08 00:08:23,3195.170654,1660.800000
2025-12-08 00:08:24,3266.105469,1673.300000
2025-12-08 00:08:25,3328.771973,1663.600000
2025-12-08 00:08:26,3383.432617,1671.300000
2025-12-08 00:08:27,3430.630859,1663.600000
2025-12-08 00:08:28,3471.078125,1666.700000
2025-12-08 00:08:29,3505.557617,1660.900000
2025-12-08 00:08:30,3534.853760,1666.100000
2025-12-08 00:08:31,3559.708496,1662.300000
2025-12-08 00:08:32,3580.789795,1663.400000
2025-12-08 00:08:33,3598.685059,1668.400000
2025-12-08 00:08:34,3613.900146,1680.500000
2025-12-08 00:08:35,3626.865479,1665.100000
2025-12-08 00:08:36,3637.940186,1666.400000
2025-12-08 00:08:37,3647.424072,1665.000000
2025-12-08 00:08:38,3655.569580,1665.500000
2025-12-08 00:08:39,3662.585205,1667.600000
2025-12-08 00:08:40,3668.643066,1667.800000
2025-12-08 00:08:41,3673.888916,1663.800000
2025-12-08 00:08:42,3678.442383,1678.700000
2025-12-08 00:08:43,3682.404053,1664.300000
2025-12-08 00:08:44,3685.859375,1664.600000
2025-12-08 00:08:45,3688.879883,1669.400000
2025-12-08 00:08:46,3691.524658,1667.000000
2025-12-08 00:08:47,3693.844482,1663.100000
2025-12-08 00:08:48,3695.884033,1664.600000
2025-12-08 00:08:49,3697.679932,1663.700000
2025-12-08 00:08:50,3699.263672,1681.200000
2025-12-08 00:08:51,3700.661621,1675.900000
2025-12-08 00:08:52,3701.897949,1664.200000
2025-12-08 00:08:53,3702.992432,1664.900000
2025-12-08 00:08:54,3703.961670,1664.000000
2025-12-08 00:08:55,3704.822266,1665.300000
2025-12-08 00:08:56,3705.585938,1667.100000
2025-12-08 00:08:57,3706.264160,1667.800000
2025-12-08 00:08:58,3706.867920,1667.400000
2025-12-08 00:08:59,3707.405273,1670.100000
2025-12-08 00:09:00,1708.699585,1667.000000
2025-12-08 00:09:01,1725.659424,1669.800000
2025-12-08 00:09:02,1748.404053,1667.800000
2025-12-08 00:09:03,1775.976440,1670.500000
2025-12-08 00:09:04,1807.678589,1670.800000
2025-12-08 00:09:05,1843.102661,1667.700000
2025-12-08 00:09:06,1882.178955,1669.100000
2025-12-08 00:09:07,1925.137085,1665.400000
2025-12-08 00:09:08,1972.432495,1668.600000
2025-12-08 00:09:09,2024.665771,1669.600000
2025-12-08 00:09:10,2082.491455,1668.800000
2025-12-08 00:09:11,2146.525879,1665.300000
2025-12-08 00:09:12,2217.249023,1669.200000
2025-12-08 00:09:13,2294.894287,1667.800000
2025-12-08 00:09:14,2379.336670,1668.100000
2025-12-08 00:09:15,2469.988281,1672.600000
2025-12-08 00:09:16,2565.730713,1672.600000
2025-12-08 00:09:17,2664.924316,1677.400000
2025-12-08 00:09:18,2765.508545,1672.400000
2025-12-08 00:09:19,2865.199219,1674.100000
2025-12-08 00:09:20,2961.734863,1674.400000
2025-12-08 00:09:21,3053.120850,1678.000000
2025-12-08 00:09:22,3137.802490,1666.000000
2025-12-08 00:09:23,3214.757568,1679.300000
2025-12-08 00:09:24,3283.498047,1672.200000
2025-12-08 00:09:25,3344.005615,1671.700000
2025-12-08 00:09:26,3396.628906,1672.400000
2025-12-08 00:09:27,3441.966064,1673.000000
2025-12-08 00:09:28,3480.755615,1674.500000
2025-12-08 00:09:29,3513.787842,1673.500000
2025-12-08 00:09:30,3541.838867,1673.100000
2025-12-08 00:09:31,3565.632324,1691.000000
2025-12-08 00:09:32,3585.816650,1671.800000
2025-12-08 00:09:33,3602.956543,1674.100000
2025-12-08 00:09:34,3617.537354,1669.500000
2025-12-08 00:09:35,3629.968994,1672.900000
2025-12-08 00:09:36,3640.595459,1677.300000
2025-12-08 00:09:37,3649.702881,1676.400000
2025-12-08 00:09:38,3657.530762,1676.400000
2025-12-08 00:09:39,3664.276367,1673.400000
2025-12-08 00:09:40,3670.106445,1674.600000
2025-12-08 00:09:41,3675.157471,1674.000000
2025-12-08 00:09:42,3679.545166,1681.900000
2025-12-08 00:09:43,3683.365723,1672.100000
2025-12-08 00:09:44,3686.698975,1672.700000
2025-12-08 00:09:45,3689.614258,1668.900000
2025-12-08 00:09:46,3692.168213,1674.200000
2025-12-08 00:09:47,3694.410645,1672.600000
2025-12-08 00:09:48,3696.381836,1675.300000
2025-12-08 00:09:49,3698.118652,1668.300000
2025-12-08 00:09:50,3699.650391,1671.200000
2025-12-08 00:09:51,3701.003906,1689.800000
2025-12-08 00:09:52,3702.200439,1674.000000
2025-12-08 00:09:53,3703.260254,1671.600000
2025-12-08 00:09:54,3704.199707,1672.100000
2025-12-08 00:09:55,3705.032715,1669.200000
2025-12-08 00:09:56,3705.772949,1673.900000
2025-12-08 00:09:57,3706.431396,1684.400000
2025-12-08 00:09:58,3707.016602,1674.800000
2025-12-08 00:09:59,3707.537598,1675.100000
2025-12-08 00:10:00,1725.796021,1679.000000
2025-12-08 00:10:01,1736.758667,1674.000000
2025-12-08 00:10:02,1746.822144,1679.100000
2025-12-08 00:10:03,1756.606079,1681.500000
2025-12-08 00:10:04,1766.259399,1678.300000
2025-12-08 00:10:05,1775.840088,1678.200000
2025-12-08 00:10:06,1785.379272,1677.900000
2025-12-08 00:10:07,1794.893799,1674.500000
2025-12-08 00:10:08,1804.396851,1501.000000
2025-12-08 00:10:09,1813.895264,1507.200000
2025-12-08 00:10:10,1823.392944,1512.800000
2025-12-08 00:10:11,1832.894165,1517.500000
2025-12-08 00:10:12,1842.399292,1470.800000
2025-12-08 00:10:13,1851.907227,653.100000
2025-12-08 00:10:14,1861.417236,681.600000
2025-12-08 00:10:15,1870.926270,687.000000
2025-12-08 00:10:16,1880.431030,688.000000
2025-12-08 00:10:17,1889.927612,720.300000
2025-12-08 00:10:18,1899.412109,688.200000
2025-12-08 00:10:19,1908.880371,698.700000
2025-12-08 00:10:20,1918.326782,692.200000
2025-12-08 00:10:21,1927.745361,689.800000
2025-12-08 00:10:22,1937.130737,686.400000
2025-12-08 00:10:23,1946.476562,686.700000
2025-12-08 00:10:24,1955.777710,686.100000
2025-12-08 00:10:25,1965.027222,684.000000
2025-12-08 00:10:26,1974.219238,689.700000
2025-12-08 00:10:27,1983.347778,686.800000
2025-12-08 00:10:28,1992.406006,687.200000
2025-12-08 00:10:29,2001.388672,686.000000
2025-12-08 00:10:30,2010.289673,686.400000
2025-12-08 00:10:31,2019.103516,692.200000
2025-12-08 00:10:32,2027.822632,686.400000
2025-12-08 00:10:33,2036.445435,690.000000
2025-12-08 00:10:34,2044.964722,686.600000
2025-12-08 00:10:35,2053.375977,688.500000
2025-12-08 00:10:36,2061.674316,688.400000
2025-12-08 00:10:37,2069.855225,689.300000
2025-12-08 00:10:38,2077.914795,688.100000
2025-12-08 00:10:39,2085.849365,689.000000
2025-12-08 00:10:40,2093.655273,689.900000
2025-12-08 00:10:41,2101.329346,687.900000
2025-12-08 00:10:42,2108.868652,691.700000
2025-12-08 00:10:43,2116.270264,681.200000
2025-12-08 00:10:44,2123.533203,647.700000
2025-12-08 00:10:45,2130.654297,541.200000
2025-12-08 00:10:46,2137.632568,539.800000
2025-12-08 00:10:47,2144.466064,540.200000
2025-12-08 00:10:48,2151.154541,547.100000
2025-12-08 00:10:49,2157.696289,537.500000
2025-12-08 00:10:50,2164.091797,538.800000
2025-12-08 00:10:51,2170.339355,542.900000
2025-12-08 00:10:52,2176.439697,542.400000
2025-12-08 00:10:53,2182.393799,539.400000
2025-12-08 00:10:54,2188.201416,539.600000
2025-12-08 00:10:55,2193.863281,541.200000
2025-12-08 00:10:56,2199.380127,546.400000
2025-12-08 00:10:57,2204.753174,605.700000
2025-12-08 00:10:58,2209.983154,556.300000
2025-12-08 00:10:59,2215.072266,556.600000
2025-12-08 00:11:00,1008.852844,555.800000
2025-12-08 00:11:01,1031.096313,570.600000
2025-12-08 00:11:02,1050.772583,558.300000
2025-12-08 00:11:03,1068.741577,558.000000
2025-12-08 00:11:04,1085.251099,557.300000
2025-12-08 00:11:05,1100.487671,555.600000
2025-12-08 00:11:06,1114.601318,558.900000
2025-12-08 00:11:07,1127.715088,570.000000
2025-12-08 00:11:08,1139.932617,561.600000
2025-12-08 00:11:09,1151.342896,560.900000
2025-12-08 00:11:10,1162.023804,560.900000
2025-12-08 00:11:11,1172.043945,561.000000
2025-12-08 00:11:12,1181.464233,560.800000
2025-12-08 00:11:13,1190.339355,561.900000
2025-12-08 00:11:14,1198.718628,637.600000
2025-12-08 00:11:15,1206.646851,680.200000
2025-12-08 00:11:16,1214.164673,686.700000
2025-12-08 00:11:17,1221.308960,686.100000
2025-12-08 00:11:18,1228.112915,687.900000
2025-12-08 00:11:19,1234.607300,691.100000
2025-12-08 00:11:20,1240.819702,690.000000
2025-12-08 00:11:21,1246.775635,691.300000
2025-12-08 00:11:22,1252.497803,683.700000
2025-12-08 00:11:23,1258.007324,684.300000
2025-12-08 00:11:24,1263.323120,687.500000
2025-12-08 00:11:25,1268.462646,685.200000
2025-12-08 00:11:26,1273.441650,682.600000
2025-12-08 00:11:27,1278.274536,687.600000
2025-12-08 00:11:28,1282.974243,689.700000
2025-12-08 00:11:29,1287.552856,686.200000
2025-12-08 00:11:30,1292.021118,685.200000
2025-12-08 00:11:31,1296.389038,684.600000
2025-12-08 00:11:32,1300.665527,686.900000
2025-12-08 00:11:33,1304.859253,689.600000
2025-12-08 00:11:34,1308.977539,687.800000
2025-12-08 00:11:35,1313.026489,697.500000
2025-12-08 00:11:36,1317.012939,694.700000
2025-12-08 00:11:37,1320.943481,703.800000
2025-12-08 00:11:38,1324.823120,697.800000
2025-12-08 00:11:39,1328.657104,696.700000
2025-12-08 00:11:40,1332.450439,697.200000
2025-12-08 00:11:41,1336.207153,690.800000
2025-12-08 00:11:42,1339.931274,691.200000
2025-12-08 00:11:43,1343.627319,692.200000
2025-12-08 00:11:44,1347.299927,692.000000
2025-12-08 00:11:45,1350.951904,696.600000
2025-12-08 00:11:46,1354.586914,691.000000
2025-12-08 00:11:47,1358.207031,688.800000
2025-12-08 00:11:48,1361.815430,687.300000
2025-12-08 00:11:49,1365.414917,687.900000
2025-12-08 00:11:50,1369.008301,687.700000
2025-12-08 00:11:51,1372.597778,690.800000
2025-12-08 00:11:52,1376.186279,688.000000
2025-12-08 00:11:53,1379.776123,687.200000
2025-12-08 00:11:54,1383.369873,687.100000
2025-12-08 00:11:55,1386.969849,697.400000
2025-12-08 00:11:56,1390.566284,691.700000
2025-12-08 00:11:57,1394.170776,689.800000
2025-12-08 00:11:58,1397.786011,688.000000
2025-12-08 00:11:59,1401.413574,688.200000
2025-12-08 00:12:00,926.512146,691.500000
2025-12-08 00:12:01,959.052185,702.600000
2025-12-08 00:12:02,985.879150,688.300000
2025-12-08 00:12:03,1009.807190,690.400000
2025-12-08 00:12:04,1031.378418,688.700000
2025-12-08 00:12:05,1050.989136,688.400000
2025-12-08 00:12:06,1068.932007,690.500000
2025-12-08 00:12:07,1085.431274,689.200000
2025-12-08 00:12:08,1100.664307,687.300000
2025-12-08 00:12:09,1114.775513,687.100000
2025-12-08 00:12:10,1127.886108,687.700000
2025-12-08 00:12:11,1140.098755,685.200000
2025-12-08 00:12:12,1151.502563,689.800000
2025-12-08 00:12:13,1162.175659,688.500000
2025-12-08 00:12:14,1172.186768,687.400000
2025-12-08 00:12:15,1181.597412,687.700000
2025-12-08 00:12:16,1190.462646,691.700000
2025-12-08 00:12:17,1198.832397,689.000000
2025-12-08 00:12:18,1206.751221,688.200000
2025-12-08 00:12:19,1214.259766,693.600000
2025-12-08 00:12:20,1221.395264,693.200000
2025-12-08 00:12:21,1228.190918,687.800000
2025-12-08 00:12:22,1234.677612,690.600000
2025-12-08 00:12:23,1240.882935,687.300000
2025-12-08 00:12:24,1246.832153,687.400000
2025-12-08 00:12:25,1252.548218,686.200000
2025-12-08 00:12:26,1258.052124,685.400000
2025-12-08 00:12:27,1263.362915,686.900000
2025-12-08 00:12:28,1268.497803,690.600000
2025-12-08 00:12:29,1273.472656,691.300000
2025-12-08 00:12:30,1278.301636,687.100000
2025-12-08 00:12:31,1282.998169,687.000000
2025-12-08 00:12:32,1287.573730,684.700000
2025-12-08 00:12:33,1292.039185,689.700000
2025-12-08 00:12:34,1296.404541,688.700000
2025-12-08 00:12:35,1300.679077,687.400000
2025-12-08 00:12:36,1304.870850,695.200000
2025-12-08 00:12:37,1308.987305,685.800000
2025-12-08 00:12:38,1313.035522,687.000000
2025-12-08 00:12:39,1317.021851,684.500000
2025-12-08 00:12:40,1320.952759,684.700000
2025-12-08 00:12:41,1324.833008,684.700000
2025-12-08 00:12:42,1328.668091,687.700000
2025-12-08 00:12:43,1332.462524,690.400000
2025-12-08 00:12:44,1336.220581,713.000000
2025-12-08 00:12:45,1339.946899,694.800000
2025-12-08 00:12:46,1343.645020,700.200000
2025-12-08 00:12:47,1347.318604,692.900000
2025-12-08 00:12:48,1350.971069,693.700000
2025-12-08 00:12:49,1354.605469,693.700000
2025-12-08 00:12:50,1358.224976,693.600000
2025-12-08 00:12:51,1361.832520,695.600000
2025-12-08 00:12:52,1365.430908,696.000000
2025-12-08 00:12:53,1369.022827,693.100000
2025-12-08 00:12:54,1372.610718,697.200000
2025-12-08 00:12:55,1376.197266,691.700000
2025-12-08 00:12:56,1379.784546,693.400000
2025-12-08 00:12:57,1383.375122,694.600000
2025-12-08 00:12:58,1386.971436,689.800000
2025-12-08 00:12:59,1390.575439,683.800000
2025-12-08 00:13:00,944.748596,688.600000
2025-12-08 00:13:01,975.101135,684.900000
2025-12-08 00:13:02,1000.265381,688.100000
2025-12-08 00:13:03,1022.788940,689.100000
2025-12-08 00:13:04,1043.161987,686.700000
2025-12-08 00:13:05,1061.738525,689.100000
2025-12-08 00:13:06,1078.780151,695.100000
2025-12-08 00:13:07,1094.488281,688.800000
2025-12-08 00:13:08,1109.022217,695.900000
2025-12-08 00:13:09,1122.512695,686.300000
2025-12-08 00:13:10,1135.069458,685.100000
2025-12-08 00:13:11,1146.786499,684.500000
2025-12-08 00:13:12,1157.745361,688.200000
2025-12-08 00:13:13,1168.018066,687.000000
2025-12-08 00:13:14,1177.668213,689.000000
2025-12-08 00:13:15,1186.753174,687.300000
2025-12-08 00:13:16,1195.324097,684.800000
2025-12-08 00:13:17,1203.427612,687.500000
2025-12-08 00:13:18,1211.105469,688.800000
2025-12-08 00:13:19,1218.395874,689.400000
2025-12-08 00:13:20,1225.333374,690.800000
2025-12-08 00:13:21,1231.950073,687.400000
2025-12-08 00:13:22,1238.274170,685.100000
2025-12-08 00:13:23,1244.331909,686.800000
2025-12-08 00:13:24,1250.147217,691.300000
2025-12-08 00:13:25,1255.741699,683.300000
2025-12-08 00:13:26,1261.135132,686.500000
2025-12-08 00:13:27,1266.345581,684.800000
2025-12-08 00:13:28,1271.389160,683.700000
2025-12-08 00:13:29,1276.281128,684.800000
2025-12-08 00:13:30,1281.034790,684.100000
2025-12-08 00:13:31,1285.662476,653.700000
2025-12-08 00:13:32,1290.175415,656.200000
2025-12-08 00:13:33,1294.584106,656.400000
2025-12-08 00:13:34,1298.897827,656.900000
2025-12-08 00:13:35,1303.125244,652.900000
2025-12-08 00:13:36,1307.274170,654.300000
2025-12-08 00:13:37,1311.351807,654.300000
2025-12-08 00:13:38,1315.365112,655.000000
2025-12-08 00:13:39,1319.319702,657.500000
2025-12-08 00:13:40,1323.221680,653.500000
2025-12-08 00:13:41,1327.076172,653.900000
2025-12-08 00:13:42,1330.888062,656.900000
2025-12-08 00:13:43,1334.661621,656.000000
2025-12-08 00:13:44,1338.401367,658.000000
2025-12-08 00:13:45,1342.110962,657.000000
2025-12-08 00:13:46,1345.794556,651.600000
2025-12-08 00:13:47,1349.455200,655.400000
2025-12-08 00:13:48,1353.096680,655.800000
2025-12-08 00:13:49,1356.721680,654.300000
2025-12-08 00:13:50,1360.333496,659.000000
2025-12-08 00:13:51,1363.934814,653.300000
2025-12-08 00:13:52,1367.528198,655.400000
2025-12-08 00:13:53,1371.116821,654.800000
2025-12-08 00:13:54,1374.702515,658.200000
2025-12-08 00:13:55,1378.288086,655.400000
2025-12-08 00:13:56,1381.875854,654.400000
2025-12-08 00:13:57,1385.468018,653.500000
2025-12-08 00:13:58,1389.067017,655.700000
2025-12-08 00:13:59,1392.674927,658.700000
2025-12-08 00:14:00,934.496948,666.200000
2025-12-08 00:14:01,966.005859,660.500000
2025-12-08 00:14:02,992.109985,659.900000
2025-12-08 00:14:03,1015.434265,659.300000
2025-12-08 00:14:04,1036.494019,655.300000
2025-12-08 00:14:05,1055.664429,673.000000
2025-12-08 00:14:06,1073.223511,655.700000
2025-12-08 00:14:07,1089.385010,657.300000
2025-12-08 00:14:08,1104.318604,658.000000
2025-12-08 00:14:09,1118.162964,658.900000
2025-12-08 00:14:10,1131.034424,653.800000
2025-12-08 00:14:11,1143.032227,652.600000
2025-12-08 00:14:12,1154.242310,655.200000
2025-12-08 00:14:13,1164.740479,653.400000
2025-12-08 00:14:14,1174.593262,654.100000
2025-12-08 00:14:15,1183.860840,651.800000
2025-12-08 00:14:16,1192.596191,650.800000
2025-12-08 00:14:17,1200.848022,654.900000
2025-12-08 00:14:18,1208.659912,654.100000
2025-12-08 00:14:19,1216.071533,660.600000
2025-12-08 00:14:20,1223.119019,654.300000
2025-12-08 00:14:21,1229.834717,651.100000
2025-12-08 00:14:22,1236.248901,651.700000
2025-12-08 00:14:23,1242.388062,651.700000
2025-12-08 00:14:24,1248.277466,654.800000
2025-12-08 00:14:25,1253.938965,652.700000
2025-12-08 00:14:26,1259.393433,653.700000
2025-12-08 00:14:27,1264.659180,653.100000
2025-12-08 00:14:28,1269.753296,652.600000
2025-12-08 00:14:29,1274.690796,652.400000
2025-12-08 00:14:30,1279.485962,654.900000
2025-12-08 00:14:31,1284.151489,652.300000
2025-12-08 00:14:32,1288.699097,652.600000
2025-12-08 00:14:33,1293.139282,651.800000
2025-12-08 00:14:34,1297.481567,650.300000
2025-12-08 00:14:35,1301.734985,653.300000
2025-12-08 00:14:36,1305.907715,647.400000
2025-12-08 00:14:37,1310.007080,657.100000
2025-12-08 00:14:38,1314.039917,654.300000
2025-12-08 00:14:39,1318.012207,655.400000
2025-12-08 00:14:40,1321.930420,654.400000
2025-12-08 00:14:41,1325.799316,652.200000
2025-12-08 00:14:42,1329.624146,654.800000
2025-12-08 00:14:43,1333.409302,653.100000
2025-12-08 00:14:44,1337.159546,654.700000
2025-12-08 00:14:45,1340.878418,653.100000
2025-12-08 00:14:46,1344.570190,650.400000
2025-12-08 00:14:47,1348.237915,652.400000
2025-12-08 00:14:48,1351.885254,651.700000
2025-12-08 00:14:49,1355.515503,651.300000
2025-12-08 00:14:50,1359.131714,653.500000
2025-12-08 00:14:51,1362.736572,657.300000
2025-12-08 00:14:52,1366.333008,650.100000
2025-12-08 00:14:53,1369.923462,653.600000
2025-12-08 00:14:54,1373.510742,653.000000
2025-12-08 00:14:55,1377.096802,649.900000
2025-12-08 00:14:56,1380.684692,653.700000
2025-12-08 00:14:57,1384.276245,653.200000
2025-12-08 00:14:58,1387.873413,650.800000
2025-12-08 00:14:59,1391.478882,653.000000
2025-12-08 00:15:00,928.954956,654.000000
2025-12-08 00:15:01,961.210083,656.400000
2025-12-08 00:15:02,987.828613,654.800000
2025-12-08 00:15:03,1011.581055,653.600000
2025-12-08 00:15:04,1033.002075,652.000000
2025-12-08 00:15:05,1052.481812,654.800000
2025-12-08 00:15:06,1070.309082,655.200000
2025-12-08 00:15:07,1086.705078,785.100000
2025-12-08 00:15:08,1101.845581,755.400000
2025-12-08 00:15:09,1115.873413,753.100000
2025-12-08 00:15:10,1128.908203,752.300000
2025-12-08 00:15:11,1141.052368,659.700000
2025-12-08 00:15:12,1152.393921,754.700000
2025-12-08 00:15:13,1163.010254,750.500000
2025-12-08 00:15:14,1172.969727,806.200000
2025-12-08 00:15:15,1182.333496,769.200000
2025-12-08 00:15:16,1191.156128,762.500000
2025-12-08 00:15:17,1199.486816,763.700000
2025-12-08 00:15:18,1207.370117,755.400000
2025-12-08 00:15:19,1214.846558,758.000000
2025-12-08 00:15:20,1221.952759,758.400000
2025-12-08 00:15:21,1228.721802,761.600000
2025-12-08 00:15:22,1235.184204,759.700000
2025-12-08 00:15:23,1241.367554,758.500000
2025-12-08 00:15:24,1247.296753,760.100000
2025-12-08 00:15:25,1252.994873,756.900000
2025-12-08 00:15:26,1258.482178,758.900000
2025-12-08 00:15:27,1263.777954,762.200000
2025-12-08 00:15:28,1268.899170,759.700000
2025-12-08 00:15:29,1273.861694,760.500000
2025-12-08 00:15:30,1278.679565,758.100000
2025-12-08 00:15:31,1283.365723,756.900000
2025-12-08 00:15:32,1287.932129,761.400000
2025-12-08 00:15:33,1292.389160,762.300000
2025-12-08 00:15:34,1296.746948,761.300000
2025-12-08 00:15:35,1301.014648,760.000000
2025-12-08 00:15:36,1305.200195,757.600000
2025-12-08 00:15:37,1309.311035,768.000000
2025-12-08 00:15:38,1313.354248,757.000000
2025-12-08 00:15:39,1317.336426,758.900000
2025-12-08 00:15:40,1321.262939,775.600000
2025-12-08 00:15:41,1325.139771,765.900000
2025-12-08 00:15:42,1328.971558,775.300000
2025-12-08 00:15:43,1332.763306,760.500000
2025-12-08 00:15:44,1336.519043,758.700000
2025-12-08 00:15:45,1340.243164,759.700000
2025-12-08 00:15:46,1343.939209,1056.100000
2025-12-08 00:15:47,1347.610962,1055.400000
2025-12-08 00:15:48,1351.261963,948.700000
2025-12-08 00:15:49,1354.894897,966.700000
2025-12-08 00:15:50,1358.513428,1063.000000
2025-12-08 00:15:51,1362.120239,968.200000
2025-12-08 00:15:52,1365.717773,1014.700000
2025-12-08 00:15:53,1369.309204,1042.800000
2025-12-08 00:15:54,1372.896851,1068.500000
2025-12-08 00:15:55,1376.483154,1091.400000
2025-12-08 00:15:56,1380.070557,1112.900000
2025-12-08 00:15:57,1383.661377,1134.100000
2025-12-08 00:15:58,1387.258057,1152.100000
2025-12-08 00:15:59,1390.862549,1167.100000
2025-12-08 00:16:00,1050.444458,1178.800000
2025-12-08 00:16:01,1067.160522,1184.000000
2025-12-08 00:16:02,1083.459961,1187.300000
2025-12-08 00:16:03,1098.537964,1193.400000
2025-12-08 00:16:04,1112.534546,1200.400000
2025-12-08 00:16:05,1125.573242,1199.600000
2025-12-08 00:16:06,1137.754395,1199.700000
2025-12-08 00:16:07,1149.161377,1198.500000
2025-12-08 00:16:08,1159.865845,1198.900000
2025-12-08 00:16:09,1169.930908,1198.800000
2025-12-08 00:16:10,1179.412598,1199.100000
2025-12-08 00:16:11,1188.360962,1198.000000
2025-12-08 00:16:12,1196.821777,1197.600000
2025-12-08 00:16:13,1204.836670,1196.100000
2025-12-08 00:16:14,1212.443604,1191.700000
2025-12-08 00:16:15,1219.677490,1194.800000
2025-12-08 00:16:16,1226.569702,1193.100000
2025-12-08 00:16:17,1233.150024,1196.300000
2025-12-08 00:16:18,1239.445068,1193.500000
2025-12-08 00:16:19,1245.479492,1197.700000
2025-12-08 00:16:20,1251.275879,1200.000000
2025-12-08 00:16:21,1256.854858,1196.600000
2025-12-08 00:16:22,1262.235474,1198.600000
2025-12-08 00:16:23,1267.435059,1201.700000
2025-12-08 00:16:24,1272.469482,1207.100000
2025-12-08 00:16:25,1277.353149,1201.500000
2025-12-08 00:16:26,1282.099243,1208.400000
2025-12-08 00:16:27,1286.720215,1212.600000
2025-12-08 00:16:28,1291.226807,1215.500000
2025-12-08 00:16:29,1295.629639,1215.500000
2025-12-08 00:16:30,1299.937744,1217.100000
2025-12-08 00:16:31,1304.159668,1215.300000
2025-12-08 00:16:32,1308.303223,1218.600000
2025-12-08 00:16:33,1312.375732,1222.100000
2025-12-08 00:16:34,1316.383911,1227.100000
2025-12-08 00:16:35,1320.333374,1219.900000
2025-12-08 00:16:36,1324.230347,1219.900000
2025-12-08 00:16:37,1328.079712,1222.300000
2025-12-08 00:16:38,1331.886353,1222.100000
2025-12-08 00:16:39,1335.655151,1222.000000
2025-12-08 00:16:40,1339.390259,1220.900000
2025-12-08 00:16:41,1343.095337,1221.800000
2025-12-08 00:16:42,1346.774536,1223.500000
2025-12-08 00:16:43,1350.430786,1228.200000
2025-12-08 00:16:44,1354.068604,1223.100000
2025-12-08 00:16:45,1357.690308,1223.700000
2025-12-08 00:16:46,1361.299194,1217.600000
2025-12-08 00:16:47,1364.891724,1217.300000
2025-12-08 00:16:48,1368.476196,1219.200000
2025-12-08 00:16:49,1372.057495,1215.000000
2025-12-08 00:16:50,1375.635498,1217.100000
2025-12-08 00:16:51,1379.211304,1217.600000
2025-12-08 00:16:52,1382.795044,1219.000000
2025-12-08 00:16:53,1386.383789,1216.600000
2025-12-08 00:16:54,1389.979248,1217.000000
2025-12-08 00:16:55,1393.583984,1219.000000
2025-12-08 00:16:56,1397.199829,1221.100000
2025-12-08 00:16:57,1400.829102,1224.600000
2025-12-08 00:16:58,1404.473267,1217.700000
2025-12-08 00:16:59,1408.134521,1232.600000
2025-12-08 00:17:00,1255.589111,1225.400000
2025-12-08 00:17:01,1262.197998,1220.700000
2025-12-08 00:17:02,1268.077148,1224.000000
2025-12-08 00:17:03,1273.639038,1225.400000
2025-12-08 00:17:04,1278.966064,1221.300000
2025-12-08 00:17:05,1284.099121,1221.800000
2025-12-08 00:17:06,1289.065552,1221.300000
2025-12-08 00:17:07,1293.885498,1224.800000
2025-12-08 00:17:08,1298.573730,1222.700000
2025-12-08 00:17:09,1303.142944,1221.600000
2025-12-08 00:17:10,1307.603027,1218.000000
2025-12-08 00:17:11,1311.963135,1222.800000
2025-12-08 00:17:12,1316.231445,1219.700000
2025-12-08 00:17:13,1320.415405,1219.900000
2025-12-08 00:17:14,1324.522339,1217.800000
2025-12-08 00:17:15,1328.558594,1221.700000
2025-12-08 00:17:16,1332.530518,1215.500000
2025-12-08 00:17:17,1336.443237,1219.200000
2025-12-08 00:17:18,1340.303101,1221.000000
2025-12-08 00:17:19,1344.115601,1225.600000
2025-12-08 00:17:20,1347.885742,1223.800000
2025-12-08 00:17:21,1351.618530,1221.900000
2025-12-08 00:17:22,1355.318359,1211.000000
2025-12-08 00:17:23,1358.989746,1216.800000
2025-12-08 00:17:24,1362.636841,1219.800000
2025-12-08 00:17:25,1366.263550,1213.800000
2025-12-08 00:17:26,1369.873779,1213.600000
2025-12-08 00:17:27,1373.470459,1218.100000
2025-12-08 00:17:28,1377.057373,1218.100000
2025-12-08 00:17:29,1380.637329,1222.900000
2025-12-08 00:17:30,1384.213867,1218.300000
2025-12-08 00:17:31,1387.790161,1214.600000
2025-12-08 00:17:32,1391.368530,1217.000000
2025-12-08 00:17:33,1394.951782,1218.800000
2025-12-08 00:17:34,1398.542480,1219.400000
2025-12-08 00:17:35,1402.143188,1214.600000
2025-12-08 00:17:36,1405.757080,1222.300000
2025-12-08 00:17:37,1409.385986,1219.400000
2025-12-08 00:17:38,1413.032227,1219.800000
2025-12-08 00:17:39,1416.698120,1219.900000
2025-12-08 00:17:40,1420.385986,1220.900000
2025-12-08 00:17:41,1424.098145,1228.500000
2025-12-08 00:17:42,1427.836426,1219.800000
2025-12-08 00:17:43,1431.603271,1215.300000
2025-12-08 00:17:44,1435.401611,1226.700000
2025-12-08 00:17:45,1439.232788,1228.400000
2025-12-08 00:17:46,1443.098633,1224.600000
2025-12-08 00:17:47,1447.001343,1224.200000
2025-12-08 00:17:48,1450.942749,1219.300000
2025-12-08 00:17:49,1454.925171,1218.600000
2025-12-08 00:17:50,1458.950562,1217.900000
2025-12-08 00:17:51,1463.020996,1221.700000
2025-12-08 00:17:52,1467.137695,1217.300000
2025-12-08 00:17:53,1471.303467,1216.000000
2025-12-08 00:17:54,1475.520752,1217.300000
2025-12-08 00:17:55,1479.791260,1215.900000
2025-12-08 00:17:56,1484.116943,1217.000000
2025-12-08 00:17:57,1488.500122,1219.200000
2025-12-08 00:17:58,1492.942383,1216.100000
2025-12-08 00:17:59,1497.447144,1216.800000
2025-12-08 00:18:00,1258.882568,1290.571186
2025-12-08 00:18:01,1265.319092,1218.600000
2025-12-08 00:18:02,1271.102051,1226.100000
2025-12-08 00:18:03,1276.582275,1219.900000
2025-12-08 00:18:04,1281.836182,1222.900000
2025-12-08 00:18:05,1286.903320,1222.700000
2025-12-08 00:18:06,1291.809448,1219.600000
2025-12-08 00:18:07,1296.573730,1217.600000
2025-12-08 00:18:08,1301.210938,1219.500000
2025-12-08 00:18:09,1305.732910,1218.000000
2025-12-08 00:18:10,1310.149536,1219.500000
2025-12-08 00:18:11,1314.469849,1221.600000
2025-12-08 00:18:12,1318.701538,1219.100000
2025-12-08 00:18:13,1322.851807,1217.700000
2025-12-08 00:18:14,1326.927856,1218.000000
2025-12-08 00:18:15,1330.936035,1254.100000
2025-12-08 00:18:16,1334.882080,1325.900000
2025-12-08 00:18:17,1338.772339,1318.200000
2025-12-08 00:18:18,1342.611816,1316.300000
2025-12-08 00:18:19,1346.406128,1325.400000
2025-12-08 00:18:20,1350.160034,1327.300000
2025-12-08 00:18:21,1353.878296,1318.200000
2025-12-08 00:18:22,1357.565918,1320.100000
2025-12-08 00:18:23,1361.227173,1332.200000
2025-12-08 00:18:24,1364.865845,1320.500000
2025-12-08 00:18:25,1368.485596,1316.800000
2025-12-08 00:18:26,1372.090332,1318.000000
2025-12-08 00:18:27,1375.683472,1322.000000
2025-12-08 00:18:28,1379.268433,1322.300000
2025-12-08 00:18:29,1382.848267,1322.300000
2025-12-08 00:18:30,1386.425903,1317.700000
2025-12-08 00:18:31,1390.004883,1326.400000
2025-12-08 00:18:32,1393.587646,1322.100000
2025-12-08 00:18:33,1397.176636,1320.300000
2025-12-08 00:18:34,1400.774536,1327.100000
2025-12-08 00:18:35,1404.383911,1309.000000
2025-12-08 00:18:36,1408.007324,1313.800000
2025-12-08 00:18:37,1411.646729,1308.700000
2025-12-08 00:18:38,1415.305298,1312.200000
2025-12-08 00:18:39,1418.984497,1310.300000
2025-12-08 00:18:40,1422.687012,1307.100000
2025-12-08 00:18:41,1426.414673,1309.100000
2025-12-08 00:18:42,1430.169189,1309.700000
2025-12-08 00:18:43,1433.954102,1308.700000
2025-12-08 00:18:44,1437.771118,1309.400000
2025-12-08 00:18:45,1441.621582,1304.500000
2025-12-08 00:18:46,1445.507935,1303.100000
2025-12-08 00:18:47,1449.432373,1306.100000
2025-12-08 00:18:48,1453.396973,1307.500000
2025-12-08 00:18:49,1457.403809,1306.100000
2025-12-08 00:18:50,1461.454712,1304.000000
2025-12-08 00:18:51,1465.552002,1308.900000
2025-12-08 00:18:52,1469.697876,1307.600000
2025-12-08 00:18:53,1473.894287,1306.300000
2025-12-08 00:18:54,1478.143311,1306.500000
2025-12-08 00:18:55,1482.446899,1306.400000
2025-12-08 00:18:56,1486.807495,1306.100000
2025-12-08 00:18:57,1491.226929,1308.000000
2025-12-08 00:18:58,1495.707520,1304.700000
2025-12-08 00:18:59,1500.250977,1305.900000
2025-12-08 00:19:00,1332.985962,1303.900000
2025-12-08 00:19:01,1337.925293,1307.400000
2025-12-08 00:19:02,1342.444946,1308.900000
2025-12-08 00:19:03,1346.786621,1305.900000
2025-12-08 00:19:04,1351.007324,1307.900000
2025-12-08 00:19:05,1355.132812,1306.400000
2025-12-08 00:19:06,1359.181274,1307.300000
2025-12-08 00:19:07,1363.165161,1305.600000
2025-12-08 00:19:08,1367.094360,1309.400000
2025-12-08 00:19:09,1370.970337,1309.900000
2025-12-08 00:19:10,1374.805786,1312.100000
2025-12-08 00:19:11,1378.606934,1330.200000
2025-12-08 00:19:12,1382.379150,1380.900000
2025-12-08 00:19:13,1386.127197,1379.900000
2025-12-08 00:19:14,1389.855835,1383.500000
2025-12-08 00:19:15,1393.569336,1386.400000
2025-12-08 00:19:16,1397.271729,1380.800000
2025-12-08 00:19:17,1400.964233,1384.600000
2025-12-08 00:19:18,1404.654419,1384.000000
2025-12-08 00:19:19,1408.345581,1389.200000
2025-12-08 00:19:20,1412.040039,1389.500000
2025-12-08 00:19:21,1415.742188,1389.300000
2025-12-08 00:19:22,1419.456421,1382.700000
2025-12-08 00:19:23,1423.184814,1409.400000
2025-12-08 00:19:24,1426.929688,1389.100000
2025-12-08 00:19:25,1430.696533,1390.400000
2025-12-08 00:19:26,1434.487305,1388.300000
2025-12-08 00:19:27,1438.304565,1387.900000
2025-12-08 00:19:28,1442.150757,1387.500000
2025-12-08 00:19:29,1446.031738,1391.200000
2025-12-08 00:19:30,1449.947266,1392.800000
2025-12-08 00:19:31,1453.899902,1397.300000
2025-12-08 00:19:32,1457.892334,1386.300000
2025-12-08 00:19:33,1461.926514,1384.500000
2025-12-08 00:19:34,1466.005493,1383.300000
2025-12-08 00:19:35,1470.131226,1384.300000
2025-12-08 00:19:36,1474.306396,1388.300000
2025-12-08 00:19:37,1478.531128,1382.500000
2025-12-08 00:19:38,1482.810303,1388.200000
2025-12-08 00:19:39,1487.145996,1387.200000
2025-12-08 00:19:40,1491.540771,1390.400000
2025-12-08 00:19:41,1495.997192,1388.000000
2025-12-08 00:19:42,1500.517090,1398.600000
2025-12-08 00:19:43,1505.103271,1389.900000
2025-12-08 00:19:44,1509.758179,1391.800000
2025-12-08 00:19:45,1514.485352,1390.100000
2025-12-08 00:19:46,1519.285767,1387.000000
2025-12-08 00:19:47,1524.161621,1390.200000
2025-12-08 00:19:48,1529.115112,1388.100000
2025-12-08 00:19:49,1534.148682,1388.400000
2025-12-08 00:19:50,1539.264404,1390.900000
2025-12-08 00:19:51,1544.464478,1397.500000
2025-12-08 00:19:52,1549.751343,1390.600000
2025-12-08 00:19:53,1555.125000,1391.600000
2025-12-08 00:19:54,1560.590088,1390.500000
2025-12-08 00:19:55,1566.148438,1387.300000
2025-12-08 00:19:56,1571.801880,1389.500000
2025-12-08 00:19:57,1577.552490,1394.000000
2025-12-08 00:19:58,1583.402222,1387.700000
2025-12-08 00:19:59,1589.353394,1390.300000
2025-12-08 00:20:00,816.666809,1391.400000
2025-12-08 00:20:01,693.348083,1389.000000
2025-12-08 00:20:02,583.262573,1392.000000
2025-12-08 00:20:03,476.827393,1392.500000
2025-12-08 00:20:04,374.134766,1393.000000
2025-12-08 00:20:05,275.533020,1389.900000
2025-12-08 00:20:06,181.622375,1389.500000
2025-12-08 00:20:07,93.101120,1391.800000
2025-12-08 00:20:08,10.645944,1392.300000
2025-12-08 00:20:31,8.347267,1491.500000
2025-12-08 00:20:32,66.348251,1492.600000
2025-12-08 00:20:33,124.103241,1493.100000
2025-12-08 00:20:34,181.011032,1494.700000
2025-12-08 00:20:35,236.544174,1498.400000
2025-12-08 00:20:36,290.241730,1491.700000
2025-12-08 00:20:37,341.701538,1493.700000
2025-12-08 00:20:38,390.573669,1497.100000
2025-12-08 00:20:39,436.648346,1494.800000
2025-12-08 00:20:40,479.571289,1493.600000
2025-12-08 00:20:41,519.150940,1496.700000
2025-12-08 00:20:42,555.231384,1495.700000
2025-12-08 00:20:43,587.767578,1496.600000
2025-12-08 00:20:44,616.727600,1498.300000
2025-12-08 00:20:45,642.206482,1502.400000
2025-12-08 00:20:46,664.341919,1497.200000
2025-12-08 00:20:47,683.312195,1495.700000
2025-12-08 00:20:48,699.368103,1495.700000
2025-12-08 00:20:49,712.755127,1496.700000
2025-12-08 00:20:50,723.726440,1499.100000
2025-12-08 00:20:51,732.532593,1497.600000
2025-12-08 00:20:52,739.414612,1495.400000
2025-12-08 00:20:53,744.599792,1495.300000
2025-12-08 00:20:54,748.298645,1496.500000
2025-12-08 00:20:55,750.704590,1508.000000
2025-12-08 00:20:56,751.989868,1497.700000
2025-12-08 00:20:57,752.311096,1499.100000
2025-12-08 00:20:58,751.807678,1499.900000
2025-12-08 00:20:59,750.603088,1500.700000
2025-12-08 00:21:00,886.994507,1501.500000
2025-12-08 00:21:01,762.111267,1499.800000
2025-12-08 00:21:02,650.343201,1502.200000
2025-12-08 00:21:03,541.607117,1496.800000
2025-12-08 00:21:04,435.941284,1500.000000
2025-12-08 00:21:05,333.702881,1500.700000
2025-12-08 00:21:06,235.543045,1499.300000
2025-12-08 00:21:07,142.248062,1495.700000
2025-12-08 00:21:08,54.613960,1514.400000
2025-12-08 00:21:33,53.883160,1495.700000
2025-12-08 00:21:34,111.393356,1500.300000
2025-12-08 00:21:35,168.103683,1497.500000
2025-12-08 00:21:36,223.515472,1495.100000
2025-12-08 00:21:37,277.194275,1498.400000
2025-12-08 00:21:38,328.761963,1497.100000
2025-12-08 00:21:39,378.024475,1498.600000
2025-12-08 00:21:40,424.551514,1500.500000
2025-12-08 00:21:41,468.089905,1501.300000
2025-12-08 00:21:42,508.436462,1502.400000
2025-12-08 00:21:43,545.415161,1502.300000
2025-12-08 00:21:44,578.921082,1513.300000
2025-12-08 00:21:45,608.911560,1503.200000
2025-12-08 00:21:46,635.418213,1501.500000
2025-12-08 00:21:47,658.495911,1503.700000
2025-12-08 00:21:48,678.370789,1505.800000
2025-12-08 00:21:49,695.254944,1503.600000
2025-12-08 00:21:50,709.388977,1504.500000
2025-12-08 00:21:51,721.026123,1504.700000
2025-12-08 00:21:52,730.420532,1502.100000
2025-12-08 00:21:53,737.818665,1502.500000
2025-12-08 00:21:54,743.453735,1500.600000
2025-12-08 00:21:55,747.542175,1499.900000
2025-12-08 00:21:56,750.282532,1499.300000
2025-12-08 00:21:57,751.854492,1497.100000
2025-12-08 00:21:58,752.419800,1501.200000
2025-12-08 00:21:59,752.122498,1501.400000
2025-12-08 00:22:00,932.921692,1508.600000
2025-12-08 00:22:01,807.406677,1505.200000
2025-12-08 00:22:02,695.283813,1504.800000
2025-12-08 00:22:03,585.879089,1503.400000
2025-12-08 00:22:04,479.134827,1502.900000
2025-12-08 00:22:05,375.366699,1505.100000
2025-12-08 00:22:06,275.215332,1502.400000
2025-12-08 00:22:07,179.492737,1504.700000
2025-12-08 00:22:08,89.052544,1503.100000
2025-12-08 00:22:09,4.687087,1499.800000
2025-12-08 00:22:33,20.175449,1501.800000
2025-12-08 00:22:34,77.929283,1506.200000
2025-12-08 00:22:35,135.197006,1507.300000
2025-12-08 00:22:36,191.421021,1505.900000
2025-12-08 00:22:37,246.134262,1508.000000
2025-12-08 00:22:38,298.946564,1509.800000
2025-12-08 00:22:39,349.488739,1504.900000
2025-12-08 00:22:40,397.459106,1505.300000
2025-12-08 00:22:41,442.592010,1507.300000
2025-12-08 00:22:42,484.659821,1500.500000
2025-12-08 00:22:43,523.483032,1503.100000
2025-12-08 00:22:44,558.927979,1502.700000
2025-12-08 00:22:45,590.937378,1514.300000
2025-12-08 00:22:46,619.461731,1512.900000
2025-12-08 00:22:47,644.569336,1508.100000
2025-12-08 00:22:48,666.383911,1504.800000
2025-12-08 00:22:49,685.081543,1519.500000
2025-12-08 00:22:50,700.879333,1506.400000
2025-12-08 00:22:51,714.023987,1506.400000
2025-12-08 00:22:52,724.769714,1507.000000
2025-12-08 00:22:53,733.368835,1507.800000
2025-12-08 00:22:54,740.064026,1505.200000
2025-12-08 00:22:55,745.082275,1508.900000
2025-12-08 00:22:56,748.633484,1506.200000
2025-12-08 00:22:57,750.908752,1508.500000
2025-12-08 00:22:58,752.080444,1507.100000
2025-12-08 00:22:59,752.303345,1520.800000
2025-12-08 00:23:00,938.472839,1508.000000
2025-12-08 00:23:01,812.899475,1510.800000
2025-12-08 00:23:02,700.722168,1515.100000
2025-12-08 00:23:03,591.225952,1512.900000
2025-12-08 00:23:04,484.343262,1514.800000
2025-12-08 00:23:05,380.383789,1510.900000
2025-12-08 00:23:06,279.986694,1510.200000
2025-12-08 00:23:07,183.966843,1511.500000
2025-12-08 00:23:08,93.184784,1508.100000
2025-12-08 00:23:09,8.439389,1509.800000
2025-12-08 00:23:33,15.805503,1521.000000
2025-12-08 00:23:34,73.572769,1519.500000
2025-12-08 00:23:35,130.893478,1519.900000
2025-12-08 00:23:36,187.219604,1518.900000
2025-12-08 00:23:37,242.072586,1520.100000
2025-12-08 00:23:38,295.051422,1522.200000
2025-12-08 00:23:39,345.795898,1524.900000
2025-12-08 00:23:40,393.973419,1521.500000
2025-12-08 00:23:41,439.329773,1524.200000
2025-12-08 00:23:42,481.634277,1521.000000
2025-12-08 00:23:43,520.703613,1522.900000
2025-12-08 00:23:44,556.403198,1535.500000
2025-12-08 00:23:45,588.653381,1520.800000
2025-12-08 00:23:46,617.435791,1521.300000
2025-12-08 00:23:47,642.798889,1525.600000
2025-12-08 00:23:48,664.856750,1522.000000
2025-12-08 00:23:49,683.781372,1523.200000
2025-12-08 00:23:50,699.796143,1526.700000
2025-12-08 00:23:51,713.131958,1525.300000
2025-12-08 00:23:52,724.049500,1523.300000
2025-12-08 00:23:53,732.801758,1524.100000
2025-12-08 00:23:54,739.632019,1527.400000
2025-12-08 00:23:55,744.768555,1523.100000
2025-12-08 00:23:56,748.422913,1526.800000
2025-12-08 00:23:57,750.787292,1525.800000
2025-12-08 00:23:58,752.035828,1523.900000
2025-12-08 00:23:59,752.324402,1526.700000
2025-12-08 00:24:00,953.878479,1535.900000
2025-12-08 00:24:01,828.276550,1525.000000
2025-12-08 00:24:02,716.020691,1528.700000
2025-12-08 00:24:03,606.320984,1529.100000
2025-12-08 00:24:04,499.084473,1532.200000
2025-12-08 00:24:05,394.611053,1532.400000
2025-12-08 00:24:06,293.538605,1530.800000
2025-12-08 00:24:07,196.691757,1523.700000
2025-12-08 00:24:08,104.951019,1527.300000
2025-12-08 00:24:09,19.142065,1533.200000
2025-12-08 00:24:33,3.761166,1537.400000
2025-12-08 00:24:34,61.551994,1540.300000
2025-12-08 00:24:35,118.982346,1542.900000
2025-12-08 00:24:36,175.500275,1541.800000
2025-12-08 00:24:37,230.631027,1545.800000
2025-12-08 00:24:38,283.955963,1543.200000
2025-12-08 00:24:39,335.110352,1542.800000
2025-12-08 00:24:40,383.776886,1541.700000
2025-12-08 00:24:41,429.681641,1545.500000
2025-12-08 00:24:42,472.608917,1544.000000
2025-12-08 00:24:43,512.345764,1543.400000
2025-12-08 00:24:44,548.759583,1545.300000
2025-12-08 00:24:45,581.775330,1545.600000
2025-12-08 00:24:46,611.310913,1550.500000
2025-12-08 00:24:47,637.420837,1548.900000
2025-12-08 00:24:48,660.204224,1546.100000
2025-12-08 00:24:49,679.810791,1548.300000
2025-12-08 00:24:50,696.450928,1549.100000
2025-12-08 00:24:51,710.362915,1548.800000
2025-12-08 00:24:52,721.798096,1375.700000
2025-12-08 00:24:53,731.011353,1379.900000
2025-12-08 00:24:54,738.249390,1388.100000
2025-12-08 00:24:55,743.744568,1397.600000
2025-12-08 00:24:56,747.711670,1358.400000
2025-12-08 00:24:57,750.347961,649.800000
2025-12-08 00:24:58,751.831055,648.600000
2025-12-08 00:24:59,752.321045,655.300000
2025-12-08 00:25:00,489.534943,905.000000
2025-12-08 00:25:01,384.246155,667.900000
2025-12-08 00:25:02,283.144379,658.300000
2025-12-08 00:25:03,186.426468,658.500000
2025-12-08 00:25:04,94.999428,656.600000
2025-12-08 00:25:05,9.654971,655.700000
2025-12-08 00:25:29,7.646843,545.200000
2025-12-08 00:25:30,65.390724,538.600000
2025-12-08 00:25:31,122.713646,666.100000
2025-12-08 00:25:32,179.100220,563.100000
2025-12-08 00:25:33,234.088623,557.400000
2025-12-08 00:25:34,287.244568,558.100000
2025-12-08 00:25:35,338.227203,555.600000
2025-12-08 00:25:36,386.724243,555.500000
2025-12-08 00:25:37,432.456268,553.500000
2025-12-08 00:25:38,475.205902,553.500000
2025-12-08 00:25:39,514.769165,552.400000
2025-12-08 00:25:40,551.006470,554.200000
2025-12-08 00:25:41,583.822510,561.700000
2025-12-08 00:25:42,613.187866,557.800000
2025-12-08 00:25:43,639.121826,558.600000
2025-12-08 00:25:44,661.721802,563.800000
2025-12-08 00:25:45,681.149597,559.300000
2025-12-08 00:25:46,697.614075,561.000000
2025-12-08 00:25:47,711.358704,583.700000
2025-12-08 00:25:48,722.637390,631.100000
2025-12-08 00:25:49,731.706543,671.700000
2025-12-08 00:25:50,738.814026,680.700000
2025-12-08 00:25:51,744.191711,679.600000
2025-12-08 00:25:52,748.054199,680.800000
2025-12-08 00:25:53,750.593323,679.800000
2025-12-08 00:25:54,751.992432,682.200000
2025-12-08 00:25:55,752.409790,683.300000
2025-12-08 00:25:56,751.986511,681.100000
2025-12-08 00:25:57,750.848022,681.800000
2025-12-08 00:25:58,749.101990,687.600000
2025-12-08 00:25:59,746.851440,685.700000
2025-12-08 00:26:00,650.012451,685.700000
2025-12-08 00:26:01,655.064636,686.100000
2025-12-08 00:26:02,659.732544,686.800000
2025-12-08 00:26:03,664.046265,686.300000
2025-12-08 00:26:04,667.978577,687.900000
2025-12-08 00:26:05,671.528015,686.600000
2025-12-08 00:26:06,674.693970,685.200000
2025-12-08 00:26:07,677.482788,686.800000
2025-12-08 00:26:08,679.906128,687.500000
2025-12-08 00:26:09,681.979553,685.700000
2025-12-08 00:26:10,683.721680,687.700000
2025-12-08 00:26:11,685.163513,685.400000
2025-12-08 00:26:12,686.319092,686.100000
2025-12-08 00:26:13,687.208557,688.600000
2025-12-08 00:26:14,687.855713,689.300000
2025-12-08 00:26:15,688.283020,686.700000
2025-12-08 00:26:16,688.510010,692.700000
2025-12-08 00:26:17,688.559143,686.200000
2025-12-08 00:26:18,688.448120,684.300000
2025-12-08 00:26:19,688.186890,690.400000
2025-12-08 00:26:20,687.801025,697.300000
2025-12-08 00:26:21,687.307556,696.800000
2025-12-08 00:26:22,686.722412,687.500000
2025-12-08 00:26:23,686.060608,699.500000
2025-12-08 00:26:24,685.335938,683.900000
2025-12-08 00:26:25,684.561401,687.300000
2025-12-08 00:26:26,683.748779,693.300000
2025-12-08 00:26:27,682.921448,690.400000
2025-12-08 00:26:28,682.073914,690.700000
2025-12-08 00:26:29,681.219116,691.500000
2025-12-08 00:26:30,680.325745,687.300000
2025-12-08 00:26:31,679.427185,687.900000
2025-12-08 00:26:32,678.585571,686.100000
2025-12-08 00:26:33,677.724487,688.000000
2025-12-08 00:26:34,676.878174,688.100000
2025-12-08 00:26:35,676.085693,688.900000
2025-12-08 00:26:36,675.326904,687.000000
2025-12-08 00:26:37,674.604736,687.700000
2025-12-08 00:26:38,673.921387,690.500000
2025-12-08 00:26:39,673.278748,686.700000
2025-12-08 00:26:40,672.677856,686.400000
2025-12-08 00:26:41,672.119385,686.600000
2025-12-08 00:26:42,671.603699,686.800000
2025-12-08 00:26:43,671.095459,690.700000
2025-12-08 00:26:44,670.620483,692.000000
2025-12-08 00:26:45,670.180908,689.500000
2025-12-08 00:26:46,669.771667,687.800000
2025-12-08 00:26:47,669.394409,689.700000
2025-12-08 00:26:48,669.060608,687.200000
2025-12-08 00:26:49,668.787415,696.300000
2025-12-08 00:26:50,668.576660,688.700000
2025-12-08 00:26:51,668.383606,687.900000
2025-12-08 00:26:52,668.224243,688.200000
2025-12-08 00:26:53,668.096436,687.600000
2025-12-08 00:26:54,667.997803,689.400000
2025-12-08 00:26:55,667.925964,697.900000
2025-12-08 00:26:56,667.878540,690.100000
2025-12-08 00:26:57,667.853210,689.600000
2025-12-08 00:26:58,667.847656,688.800000
2025-12-08 00:26:59,667.859680,687.000000
2025-12-08 00:27:00,680.653931,699.500000
2025-12-08 00:27:01,678.521851,694.900000
2025-12-08 00:27:02,676.514648,691.800000
2025-12-08 00:27:03,674.642822,692.700000
2025-12-08 00:27:04,672.916199,702.100000
2025-12-08 00:27:05,671.342102,690.400000
2025-12-08 00:27:06,669.921326,688.800000
2025-12-08 00:27:07,668.653076,693.800000
2025-12-08 00:27:08,667.536743,688.000000
2025-12-08 00:27:09,666.567383,685.600000
2025-12-08 00:27:10,665.737244,688.500000
2025-12-08 00:27:11,665.042053,686.400000
2025-12-08 00:27:12,664.471252,686.000000
2025-12-08 00:27:13,664.018738,686.600000
2025-12-08 00:27:14,663.677429,690.400000
2025-12-08 00:27:15,663.437988,686.900000
2025-12-08 00:27:16,663.289307,685.600000
2025-12-08 00:27:17,663.229004,691.000000
2025-12-08 00:27:18,663.240417,689.500000
2025-12-08 00:27:19,663.317749,695.300000
2025-12-08 00:27:20,663.458801,693.500000
2025-12-08 00:27:21,663.657776,688.500000
2025-12-08 00:27:22,663.902832,687.200000
2025-12-08 00:27:23,664.180664,689.600000
2025-12-08 00:27:24,664.498657,689.500000
2025-12-08 00:27:25,664.832764,688.200000
2025-12-08 00:27:26,665.188477,689.500000
2025-12-08 00:27:27,665.563049,691.200000
2025-12-08 00:27:28,665.946289,693.000000
2025-12-08 00:27:29,666.335571,695.400000
2025-12-08 00:27:30,666.727417,694.300000
2025-12-08 00:27:31,667.114746,695.800000
2025-12-08 00:27:32,667.497253,695.600000
2025-12-08 00:27:33,667.870483,695.600000
2025-12-08 00:27:34,668.234985,693.600000
2025-12-08 00:27:35,668.587219,693.700000
2025-12-08 00:27:36,668.925415,691.300000
2025-12-08 00:27:37,669.248291,692.700000
2025-12-08 00:27:38,669.554504,694.400000
2025-12-08 00:27:39,669.843384,691.900000
2025-12-08 00:27:40,670.114075,693.000000
2025-12-08 00:27:41,670.366333,693.000000
2025-12-08 00:27:42,670.599854,698.400000
2025-12-08 00:27:43,670.813354,690.100000
2025-12-08 00:27:44,671.010498,689.900000
2025-12-08 00:27:45,671.190491,685.000000
2025-12-08 00:27:46,671.351440,685.300000
2025-12-08 00:27:47,671.493958,689.000000
2025-12-08 00:27:48,671.620728,689.400000
2025-12-08 00:27:49,671.729980,690.300000
2025-12-08 00:27:50,671.829346,693.700000
2025-12-08 00:27:51,671.910461,686.700000
2025-12-08 00:27:52,671.977295,688.600000
2025-12-08 00:27:53,672.031372,686.600000
2025-12-08 00:27:54,672.073059,686.700000
2025-12-08 00:27:55,672.104614,689.700000
2025-12-08 00:27:56,672.125732,686.900000
2025-12-08 00:27:57,672.137756,685.700000
2025-12-08 00:27:58,672.141418,687.600000
2025-12-08 00:27:59,672.137634,688.300000
2025-12-08 00:28:00,681.185059,703.200000
2025-12-08 00:28:01,679.015442,687.900000
2025-12-08 00:28:02,676.968262,688.000000
2025-12-08 00:28:03,675.054626,688.200000
2025-12-08 00:28:04,673.288452,688.500000
2025-12-08 00:28:05,671.682068,702.600000
2025-12-08 00:28:06,670.224182,689.900000
2025-12-08 00:28:07,668.920471,689.500000
2025-12-08 00:28:08,667.773254,690.700000
2025-12-08 00:28:09,666.770813,686.900000
2025-12-08 00:28:10,665.909180,690.500000
2025-12-08 00:28:11,665.184937,691.500000
2025-12-08 00:28:12,664.589844,688.900000
2025-12-08 00:28:13,664.115051,688.400000
2025-12-08 00:28:14,663.752075,688.900000
2025-12-08 00:28:15,663.492493,686.400000
2025-12-08 00:28:16,663.327454,689.100000
2025-12-08 00:28:17,663.248474,686.900000
2025-12-08 00:28:18,663.247192,686.900000
2025-12-08 00:28:19,663.315369,693.800000
2025-12-08 00:28:20,663.449158,692.000000
2025-12-08 00:28:21,663.636414,686.900000
2025-12-08 00:28:22,663.867065,687.500000
2025-12-08 00:28:23,664.136230,690.600000
2025-12-08 00:28:24,664.439758,687.500000
2025-12-08 00:28:25,664.770325,687.000000
2025-12-08 00:28:26,665.121216,685.300000
2025-12-08 00:28:27,665.488892,686.800000
2025-12-08 00:28:28,665.867981,688.900000
2025-12-08 00:28:29,666.253784,699.000000
2025-12-08 00:28:30,666.642456,684.800000
2025-12-08 00:28:31,667.030151,686.800000
2025-12-08 00:28:32,667.413818,686.700000
2025-12-08 00:28:33,667.790527,682.300000
2025-12-08 00:28:34,668.157654,686.500000
2025-12-08 00:28:35,668.513184,687.200000
2025-12-08 00:28:36,668.855286,685.100000
2025-12-08 00:28:37,669.182373,686.500000
2025-12-08 00:28:38,669.493225,687.600000
2025-12-08 00:28:39,669.786926,685.900000
2025-12-08 00:28:40,670.062683,690.700000
2025-12-08 00:28:41,670.320068,686.000000
2025-12-08 00:28:42,670.558777,686.500000
2025-12-08 00:28:43,670.778870,689.600000
2025-12-08 00:28:44,670.980469,688.000000
2025-12-08 00:28:45,671.163696,687.600000
2025-12-08 00:28:46,671.325684,686.100000
2025-12-08 00:28:47,671.469849,691.000000
2025-12-08 00:28:48,671.598877,684.000000
2025-12-08 00:28:49,671.711975,687.200000
2025-12-08 00:28:50,671.810242,684.800000
2025-12-08 00:28:51,671.896179,683.900000
2025-12-08 00:28:52,671.964539,688.500000
2025-12-08 00:28:53,672.020874,686.100000
2025-12-08 00:28:54,672.063843,689.800000
2025-12-08 00:28:55,672.095398,687.700000
2025-12-08 00:28:56,672.118408,687.700000
2025-12-08 00:28:57,672.132141,687.200000
2025-12-08 00:28:58,672.137695,687.200000
2025-12-08 00:28:59,672.135803,688.200000
2025-12-08 00:29:00,680.590027,693.200000
2025-12-08 00:29:01,678.562683,689.100000
2025-12-08 00:29:02,676.648743,687.200000
2025-12-08 00:29:03,674.858826,687.600000
2025-12-08 00:29:04,673.203979,689.700000
2025-12-08 00:29:05,671.691223,686.500000
2025-12-08 00:29:06,670.333984,689.900000
2025-12-08 00:29:07,669.114746,688.800000
2025-12-08 00:29:08,668.038025,685.400000
2025-12-08 00:29:09,667.101135,686.300000
2025-12-08 00:29:10,666.295166,692.500000
2025-12-08 00:29:11,665.618469,685.900000
2025-12-08 00:29:12,665.060547,684.800000
2025-12-08 00:29:13,664.614868,686.600000
2025-12-08 00:29:14,664.273621,687.300000
2025-12-08 00:29:15,664.028625,684.600000
2025-12-08 00:29:16,663.871826,685.500000
2025-12-08 00:29:17,663.795471,685.700000
2025-12-08 00:29:18,663.791443,684.700000
2025-12-08 00:29:19,663.852356,691.800000
2025-12-08 00:29:20,663.974487,692.700000
2025-12-08 00:29:21,664.146362,688.500000
2025-12-08 00:29:22,664.358643,689.700000
2025-12-08 00:29:23,664.608032,692.600000
2025-12-08 00:29:24,664.890503,688.100000
2025-12-08 00:29:25,665.196289,685.800000
2025-12-08 00:29:26,665.521667,684.900000
2025-12-08 00:29:27,665.860535,685.900000
2025-12-08 00:29:28,666.210693,686.200000
2025-12-08 00:29:29,666.568542,684.500000
2025-12-08 00:29:30,666.936218,684.100000
2025-12-08 00:29:31,667.294922,684.900000
2025-12-08 00:29:32,667.650635,683.500000
2025-12-08 00:29:33,667.999573,684.800000
2025-12-08 00:29:34,668.336548,687.200000
2025-12-08 00:29:35,668.664795,683.900000
2025-12-08 00:29:36,668.981873,687.500000
2025-12-08 00:29:37,669.285217,686.500000
2025-12-08 00:29:38,669.573669,686.800000
2025-12-08 00:29:39,669.846436,802.600000
2025-12-08 00:29:40,670.102722,788.300000
2025-12-08 00:29:41,670.342102,784.300000
2025-12-08 00:29:42,670.564392,784.900000
2025-12-08 00:29:43,670.769348,786.500000
2025-12-08 00:29:44,670.957153,783.700000
2025-12-08 00:29:45,671.128052,780.500000
2025-12-08 00:29:46,671.282288,782.600000
2025-12-08 00:29:47,671.420288,782.200000
2025-12-08 00:29:48,671.542603,780.600000
2025-12-08 00:29:49,671.649963,774.600000
2025-12-08 00:29:50,671.742004,773.700000
2025-12-08 00:29:51,671.818726,776.500000
2025-12-08 00:29:52,671.881653,776.000000
2025-12-08 00:29:53,671.934753,774.100000
2025-12-08 00:29:54,671.975403,775.100000
2025-12-08 00:29:55,672.007751,776.800000
2025-12-08 00:29:56,672.029541,773.600000
2025-12-08 00:29:57,672.042786,774.600000
2025-12-08 00:29:58,672.048645,825.200000
2025-12-08 00:29:59,672.047546,792.800000
2025-12-08 00:30:00,882.134460,786.200000
2025-12-08 00:30:01,894.379517,785.600000
2025-12-08 00:30:02,913.794556,785.000000
2025-12-08 00:30:03,938.711243,785.900000
2025-12-08 00:30:04,967.239807,791.900000
2025-12-08 00:30:05,998.173340,790.000000
2025-12-08 00:30:06,1030.733765,789.900000
2025-12-08 00:30:07,1064.406738,790.300000
2025-12-08 00:30:08,1098.838623,788.200000
2025-12-08 00:30:09,1133.771240,790.300000
2025-12-08 00:30:10,1168.998779,791.400000
2025-12-08 00:30:11,1204.339722,790.000000
2025-12-08 00:30:12,1239.617676,789.000000
2025-12-08 00:30:13,1274.650879,790.000000
2025-12-08 00:30:14,1309.242554,790.100000
2025-12-08 00:30:15,1343.177979,792.300000
2025-12-08 00:30:16,1376.223755,790.900000
2025-12-08 00:30:17,1408.129150,796.200000
2025-12-08 00:30:18,1438.630493,789.500000
2025-12-08 00:30:19,1467.457642,794.100000
2025-12-08 00:30:20,1494.341187,797.200000
2025-12-08 00:30:21,1519.023071,796.100000
2025-12-08 00:30:22,1541.264893,797.700000
2025-12-08 00:30:23,1560.856812,789.400000
2025-12-08 00:30:24,1577.626953,788.000000
2025-12-08 00:30:25,1591.446167,799.600000
2025-12-08 00:30:26,1602.233276,788.600000
2025-12-08 00:30:27,1609.958618,786.500000
2025-12-08 00:30:28,1614.643555,791.700000
2025-12-08 00:30:29,1616.359863,790.900000
2025-12-08 00:30:30,1615.228394,1070.500000
2025-12-08 00:30:31,1611.415894,1123.400000
2025-12-08 00:30:32,1605.130859,993.000000
2025-12-08 00:30:33,1596.619995,1002.500000
2025-12-08 00:30:34,1586.162842,1077.800000
2025-12-08 00:30:35,1574.066284,1004.700000
2025-12-08 00:30:36,1560.658569,1050.100000
2025-12-08 00:30:37,1546.282349,1077.300000
2025-12-08 00:30:38,1531.286987,1104.500000
2025-12-08 00:30:39,1516.020142,1129.000000
2025-12-08 00:30:40,1500.820068,1153.100000
2025-12-08 00:30:41,1486.006470,1174.700000
2025-12-08 00:30:42,1471.873901,1191.000000
2025-12-08 00:30:43,1458.684570,1207.900000
2025-12-08 00:30:44,1446.663574,1222.800000
2025-12-08 00:30:45,1435.994629,1227.400000
2025-12-08 00:30:46,1426.818481,1233.700000
2025-12-08 00:30:47,1419.233276,1236.400000
2025-12-08 00:30:48,1413.295166,1236.900000
2025-12-08 00:30:49,1409.020874,1237.900000
2025-12-08 00:30:50,1406.391113,1240.200000
2025-12-08 00:30:51,1405.354370,1237.000000
2025-12-08 00:30:52,1405.831177,1249.300000
2025-12-08 00:30:53,1407.718994,1248.200000
2025-12-08 00:30:54,1410.895752,1236.800000
2025-12-08 00:30:55,1415.224487,1238.500000
2025-12-08 00:30:56,1420.556641,1240.200000
2025-12-08 00:30:57,1426.734985,1238.400000
2025-12-08 00:30:58,1433.597778,1241.300000
2025-12-08 00:30:59,1440.980835,1239.600000
2025-12-08 00:31:00,1274.979614,1245.100000
2025-12-08 00:31:01,1279.303223,1274.400000
2025-12-08 00:31:02,1285.581665,1242.000000
2025-12-08 00:31:03,1296.844238,1240.700000
2025-12-08 00:31:04,1311.621094,1242.200000
2025-12-08 00:31:05,1328.759399,1242.800000
2025-12-08 00:31:06,1347.436646,1247.300000
2025-12-08 00:31:07,1367.049072,1247.600000
2025-12-08 00:31:08,1387.130493,1253.000000
2025-12-08 00:31:09,1407.302246,1252.700000
2025-12-08 00:31:10,1427.241333,1253.900000
2025-12-08 00:31:11,1446.663452,1254.300000
2025-12-08 00:31:12,1465.311646,1256.000000
2025-12-08 00:31:13,1482.951416,1259.200000
2025-12-08 00:31:14,1499.370239,1267.400000
2025-12-08 00:31:15,1514.377563,1260.900000
2025-12-08 00:31:16,1527.806519,1261.400000
2025-12-08 00:31:17,1539.518066,1270.600000
2025-12-08 00:31:18,1549.401733,1262.800000
2025-12-08 00:31:19,1557.378906,1269.200000
2025-12-08 00:31:20,1563.405151,1271.100000
2025-12-08 00:31:21,1567.468750,1273.400000
2025-12-08 00:31:22,1569.593506,1264.800000
2025-12-08 00:31:23,1569.836670,1264.000000
2025-12-08 00:31:24,1568.286743,1267.800000
2025-12-08 00:31:25,1565.062866,1265.000000
2025-12-08 00:31:26,1560.311279,1263.500000
2025-12-08 00:31:27,1554.201660,1263.300000
2025-12-08 00:31:28,1546.922974,1264.100000
2025-12-08 00:31:29,1538.681030,1263.000000
2025-12-08 00:31:30,1529.691284,1257.700000
2025-12-08 00:31:31,1520.176514,1264.500000
2025-12-08 00:31:32,1510.358398,1260.000000
2025-12-08 00:31:33,1500.454102,1262.600000
2025-12-08 00:31:34,1490.674194,1263.400000
2025-12-08 00:31:35,1481.215088,1263.700000
2025-12-08 00:31:36,1472.254150,1263.200000
2025-12-08 00:31:37,1463.949463,1261.300000
2025-12-08 00:31:38,1456.434937,1264.300000
2025-12-08 00:31:39,1449.819092,1264.500000
2025-12-08 00:31:40,1444.184082,1268.000000
2025-12-08 00:31:41,1439.586792,1265.200000
2025-12-08 00:31:42,1436.058105,1264.600000
2025-12-08 00:31:43,1433.605469,1267.000000
2025-12-08 00:31:44,1432.214233,1266.500000
2025-12-08 00:31:45,1431.849365,1265.200000
2025-12-08 00:31:46,1432.457886,1269.700000
2025-12-08 00:31:47,1433.971924,1269.100000
2025-12-08 00:31:48,1436.310059,1267.400000
2025-12-08 00:31:49,1439.381592,1270.800000
2025-12-08 00:31:50,1443.086792,1271.300000
2025-12-08 00:31:51,1447.319824,1270.600000
2025-12-08 00:31:52,1451.970459,1270.300000
2025-12-08 00:31:53,1456.927979,1267.300000
2025-12-08 00:31:54,1462.082520,1267.200000
2025-12-08 00:31:55,1467.325928,1268.300000
2025-12-08 00:31:56,1472.555054,1266.900000
2025-12-08 00:31:57,1477.671265,1268.100000
2025-12-08 00:31:58,1482.583252,1268.000000
2025-12-08 00:31:59,1487.207642,1265.100000
2025-12-08 00:32:00,1306.716064,1269.300000
2025-12-08 00:32:01,1315.465088,1272.000000
2025-12-08 00:32:02,1326.766235,1270.400000
2025-12-08 00:32:03,1340.335815,1267.900000
2025-12-08 00:32:04,1355.533813,1268.400000
2025-12-08 00:32:05,1371.850586,1265.600000
2025-12-08 00:32:06,1388.876709,1264.800000
2025-12-08 00:32:07,1406.267700,1268.300000
2025-12-08 00:32:08,1423.722168,1262.100000
2025-12-08 00:32:09,1440.967773,1262.200000
2025-12-08 00:32:10,1457.753906,1264.400000
2025-12-08 00:32:11,1473.849365,1264.300000
2025-12-08 00:32:12,1489.039185,1260.300000
2025-12-08 00:32:13,1503.128662,1284.700000
2025-12-08 00:32:14,1515.943848,1263.000000
2025-12-08 00:32:15,1527.333984,1264.200000
2025-12-08 00:32:16,1537.174805,1264.500000
2025-12-08 00:32:17,1545.369995,1271.300000
2025-12-08 00:32:18,1551.854248,1266.000000
2025-12-08 00:32:19,1556.593506,1269.700000
2025-12-08 00:32:20,1559.584473,1269.600000
2025-12-08 00:32:21,1560.857056,1268.700000
2025-12-08 00:32:22,1560.470459,1269.900000
2025-12-08 00:32:23,1558.513184,1266.900000
2025-12-08 00:32:24,1555.100098,1263.200000
2025-12-08 00:32:25,1550.369629,1268.200000
2025-12-08 00:32:26,1544.480713,1286.500000
2025-12-08 00:32:27,1537.608521,1267.400000
2025-12-08 00:32:28,1529.940918,1274.200000
2025-12-08 00:32:29,1521.674072,1276.700000
2025-12-08 00:32:30,1513.007202,1263.700000
2025-12-08 00:32:31,1504.139282,1265.100000
2025-12-08 00:32:32,1495.262939,1253.700000
2025-12-08 00:32:33,1486.561768,1254.500000
2025-12-08 00:32:34,1478.205811,1257.100000
2025-12-08 00:32:35,1470.348145,1250.000000
2025-12-08 00:32:36,1463.122559,1250.000000
2025-12-08 00:32:37,1456.641235,1253.300000
2025-12-08 00:32:38,1450.994019,1259.000000
2025-12-08 00:32:39,1446.247314,1259.600000
2025-12-08 00:32:40,1442.444580,1253.600000
2025-12-08 00:32:41,1439.607544,1262.600000
2025-12-08 00:32:42,1437.735718,1252.500000
2025-12-08 00:32:43,1436.810669,1258.900000
2025-12-08 00:32:44,1436.795288,1251.600000
2025-12-08 00:32:45,1437.637573,1252.100000
2025-12-08 00:32:46,1439.272339,1256.800000
2025-12-08 00:32:47,1441.622925,1271.400000
2025-12-08 00:32:48,1444.604004,1251.600000
2025-12-08 00:32:49,1448.124146,1260.300000
2025-12-08 00:32:50,1452.086304,1252.000000
2025-12-08 00:32:51,1456.391357,1253.500000
2025-12-08 00:32:52,1460.939209,1253.200000
2025-12-08 00:32:53,1465.630615,1255.700000
2025-12-08 00:32:54,1470.369385,1253.200000
2025-12-08 00:32:55,1475.062622,1267.100000
2025-12-08 00:32:56,1479.623291,1254.900000
2025-12-08 00:32:57,1483.971680,1253.100000
2025-12-08 00:32:58,1488.034546,1254.100000
2025-12-08 00:32:59,1491.748779,1251.800000
2025-12-08 00:33:00,1309.845581,1255.400000
2025-12-08 00:33:01,1319.199951,1251.800000
2025-12-08 00:33:02,1330.968628,1254.100000
2025-12-08 00:33:03,1344.930420,1253.200000
2025-12-08 00:33:04,1360.440063,1317.500000
2025-12-08 00:33:05,1376.983887,1341.500000
2025-12-08 00:33:06,1394.149536,1344.800000
2025-12-08 00:33:07,1411.593506,1329.800000
2025-12-08 00:33:08,1429.015015,1328.100000
2025-12-08 00:33:09,1446.144287,1327.000000
2025-12-08 00:33:10,1462.735107,1336.400000
2025-12-08 00:33:11,1478.560547,1331.000000
2025-12-08 00:33:12,1493.412964,1326.100000
2025-12-08 00:33:13,1507.104370,1329.700000
2025-12-08 00:33:14,1519.469238,1327.300000
2025-12-08 00:33:15,1530.366455,1338.900000
2025-12-08 00:33:16,1539.681396,1329.700000
2025-12-08 00:33:17,1547.329346,1327.700000
2025-12-08 00:33:18,1553.254639,1332.800000
2025-12-08 00:33:19,1557.434692,1341.900000
2025-12-08 00:33:20,1559.876953,1335.700000
2025-12-08 00:33:21,1560.621216,1336.100000
2025-12-08 00:33:22,1559.735718,1338.900000
2025-12-08 00:33:23,1557.318359,1326.300000
2025-12-08 00:33:24,1553.490967,1328.600000
2025-12-08 00:33:25,1548.399048,1333.100000
2025-12-08 00:33:26,1542.206177,1337.500000
2025-12-08 00:33:27,1535.091431,1334.000000
2025-12-08 00:33:28,1527.245361,1331.800000
2025-12-08 00:33:29,1518.864380,1328.200000
2025-12-08 00:33:30,1510.147705,1332.600000
2025-12-08 00:33:31,1501.291504,1333.800000
2025-12-08 00:33:32,1492.485962,1331.000000
2025-12-08 00:33:33,1483.909302,1330.700000
2025-12-08 00:33:34,1475.726318,1333.300000
2025-12-08 00:33:35,1468.083618,1345.800000
2025-12-08 00:33:36,1461.107544,1332.600000
2025-12-08 00:33:37,1454.903442,1330.600000
2025-12-08 00:33:38,1449.552979,1328.800000
2025-12-08 00:33:39,1445.115601,1333.500000
2025-12-08 00:33:40,1441.627441,1330.700000
2025-12-08 00:33:41,1439.102661,1332.500000
2025-12-08 00:33:42,1437.536011,1332.800000
2025-12-08 00:33:43,1436.902344,1331.000000
2025-12-08 00:33:44,1437.159912,1399.200000
2025-12-08 00:33:45,1438.252930,1406.300000
2025-12-08 00:33:46,1440.112305,1408.500000
2025-12-08 00:33:47,1442.659302,1410.300000
2025-12-08 00:33:48,1445.806030,1408.300000
2025-12-08 00:33:49,1449.460083,1410.800000
2025-12-08 00:33:50,1453.523438,1408.000000
2025-12-08 00:33:51,1457.897583,1409.900000
2025-12-08 00:33:52,1462.482056,1416.400000
2025-12-08 00:33:53,1467.179321,1409.600000
2025-12-08 00:33:54,1471.894165,1410.600000
2025-12-08 00:33:55,1476.535767,1418.500000
2025-12-08 00:33:56,1481.019531,1420.100000
2025-12-08 00:33:57,1485.268066,1412.100000
2025-12-08 00:33:58,1489.211548,1413.800000
2025-12-08 00:33:59,1492.789795,1415.400000
2025-12-08 00:34:00,1354.858765,1421.100000
2025-12-08 00:34:01,1362.140137,1415.900000
2025-12-08 00:34:02,1371.143433,1410.100000
2025-12-08 00:34:03,1381.680054,1413.500000
2025-12-08 00:34:04,1393.347412,1413.200000
2025-12-08 00:34:05,1405.803833,1421.400000
2025-12-08 00:34:06,1418.757812,1416.000000
2025-12-08 00:34:07,1431.951782,1418.500000
2025-12-08 00:34:08,1445.152222,1415.300000
2025-12-08 00:34:09,1458.144409,1412.600000
2025-12-08 00:34:10,1470.729126,1414.000000
2025-12-08 00:34:11,1482.722290,1421.700000
2025-12-08 00:34:12,1493.956177,1415.300000
2025-12-08 00:34:13,1504.280151,1421.400000
2025-12-08 00:34:14,1513.563354,1417.500000
2025-12-08 00:34:15,1521.694946,1415.200000
2025-12-08 00:34:16,1528.588013,1413.400000
2025-12-08 00:34:17,1534.178345,1414.100000
2025-12-08 00:34:18,1538.427368,1413.300000
2025-12-08 00:34:19,1541.321411,1422.100000
2025-12-08 00:34:20,1542.872437,1420.700000
2025-12-08 00:34:21,1543.116211,1422.200000
2025-12-08 00:34:22,1542.111572,1417.600000
2025-12-08 00:34:23,1539.939819,1425.500000
2025-12-08 00:34:24,1536.700439,1498.600000
2025-12-08 00:34:25,1532.510742,1510.000000
2025-12-08 00:34:26,1527.500977,1505.200000
2025-12-08 00:34:27,1521.813110,1504.300000
2025-12-08 00:34:28,1515.595825,1505.700000
2025-12-08 00:34:29,1509.002319,1507.500000
2025-12-08 00:34:30,1502.185669,1514.900000
2025-12-08 00:34:31,1495.296387,1521.900000
2025-12-08 00:34:32,1488.478760,1520.900000
2025-12-08 00:34:33,1481.867798,1517.300000
2025-12-08 00:34:34,1475.587524,1510.400000
2025-12-08 00:34:35,1469.747437,1513.300000
2025-12-08 00:34:36,1464.442017,1510.500000
2025-12-08 00:34:37,1459.748535,1511.600000
2025-12-08 00:34:38,1455.727783,1517.500000
2025-12-08 00:34:39,1452.422241,1513.400000
2025-12-08 00:34:40,1449.857178,1514.700000
2025-12-08 00:34:41,1448.042114,1513.700000
2025-12-08 00:34:42,1446.969849,1515.700000
2025-12-08 00:34:43,1446.619507,1514.200000
2025-12-08 00:34:44,1446.957275,1523.000000
2025-12-08 00:34:45,1447.937866,1513.000000
2025-12-08 00:34:46,1449.505615,1515.100000
2025-12-08 00:34:47,1451.598755,1519.800000
2025-12-08 00:34:48,1454.147705,1516.900000
2025-12-08 00:34:49,1457.078979,1518.200000
2025-12-08 00:34:50,1460.315674,1520.100000
2025-12-08 00:34:51,1463.779053,1517.100000
2025-12-08 00:34:52,1467.391602,1515.000000
2025-12-08 00:34:53,1471.075562,1519.900000
2025-12-08 00:34:54,1474.756958,1520.300000
2025-12-08 00:34:55,1478.365479,1520.100000
2025-12-08 00:34:56,1481.835083,1524.800000
2025-12-08 00:34:57,1485.106812,1518.400000
2025-12-08 00:34:58,1488.127075,1519.000000
2025-12-08 00:34:59,1490.850586,1518.700000
2025-12-08 00:35:00,1517.678467,1520.000000
2025-12-08 00:35:01,1524.026123,1520.800000
2025-12-08 00:35:02,1528.795532,1518.300000
2025-12-08 00:35:03,1532.078491,1522.900000
2025-12-08 00:35:04,1534.054199,1519.400000
2025-12-08 00:35:05,1534.855469,1520.700000
2025-12-08 00:35:06,1534.585205,1523.500000
2025-12-08 00:35:07,1533.330811,1521.300000
2025-12-08 00:35:08,1531.177002,1517.600000
2025-12-08 00:35:09,1528.211426,1518.900000
2025-12-08 00:35:10,1524.526611,1522.400000
2025-12-08 00:35:11,1520.223267,1523.300000
2025-12-08 00:35:12,1515.408569,1519.800000
2025-12-08 00:35:13,1510.195190,1523.300000
2025-12-08 00:35:14,1504.699097,1526.500000
2025-12-08 00:35:15,1499.037476,1519.800000
2025-12-08 00:35:16,1493.326660,1519.100000
2025-12-08 00:35:17,1487.678345,1521.000000
2025-12-08 00:35:18,1482.199585,1520.300000
2025-12-08 00:35:19,1476.987549,1529.500000
2025-12-08 00:35:20,1472.130127,1527.600000
2025-12-08 00:35:21,1467.703369,1523.700000
2025-12-08 00:35:22,1463.770752,1524.200000
2025-12-08 00:35:23,1460.382812,1524.800000
2025-12-08 00:35:24,1457.575928,1529.500000
2025-12-08 00:35:25,1455.372437,1520.800000
2025-12-08 00:35:26,1453.782471,1523.000000
2025-12-08 00:35:27,1452.803223,1520.700000
2025-12-08 00:35:28,1452.419922,1524.300000
2025-12-08 00:35:29,1452.607422,1522.000000
2025-12-08 00:35:30,1453.330566,1519.000000
2025-12-08 00:35:31,1454.545776,1522.300000
2025-12-08 00:35:32,1456.203247,1524.500000
2025-12-08 00:35:33,1458.247070,1541.100000
2025-12-08 00:35:34,1460.617188,1521.600000
2025-12-08 00:35:35,1463.250610,1523.300000
2025-12-08 00:35:36,1466.082886,1521.800000
2025-12-08 00:35:37,1469.049683,1522.900000
2025-12-08 00:35:38,1472.087158,1525.700000
2025-12-08 00:35:39,1475.133301,1524.300000
2025-12-08 00:35:40,1478.129150,1524.200000
2025-12-08 00:35:41,1481.019775,1525.900000
2025-12-08 00:35:42,1483.755371,1525.400000
2025-12-08 00:35:43,1486.290771,1526.200000
2025-12-08 00:35:44,1488.587524,1525.900000
2025-12-08 00:35:45,1490.613281,1520.600000
2025-12-08 00:35:46,1492.342529,1525.000000
2025-12-08 00:35:47,1493.757080,1524.400000
2025-12-08 00:35:48,1494.845337,1523.600000
2025-12-08 00:35:49,1495.602417,1526.800000
2025-12-08 00:35:50,1496.030640,1524.900000
2025-12-08 00:35:51,1496.137817,1524.300000
2025-12-08 00:35:52,1495.938477,1526.600000
2025-12-08 00:35:53,1495.452148,1527.500000
2025-12-08 00:35:54,1494.702759,1527.600000
2025-12-08 00:35:55,1493.718994,1527.300000
2025-12-08 00:35:56,1492.531616,1527.100000
2025-12-08 00:35:57,1491.174927,1533.500000
2025-12-08 00:35:58,1489.684814,1528.300000
2025-12-08 00:35:59,1488.097656,1527.900000
2025-12-08 00:36:00,1514.047852,1537.200000
2025-12-08 00:36:01,1511.453979,1529.700000
2025-12-08 00:36:02,1508.380981,1530.800000
2025-12-08 00:36:03,1504.857666,1525.800000
2025-12-08 00:36:04,1501.017456,1528.600000
2025-12-08 00:36:05,1496.981445,1529.800000
2025-12-08 00:36:06,1492.854736,1521.700000
2025-12-08 00:36:07,1488.731201,1524.400000
2025-12-08 00:36:08,1484.693970,1527.500000
2025-12-08 00:36:09,1480.817993,1530.200000
2025-12-08 00:36:10,1477.169067,1527.800000
2025-12-08 00:36:11,1473.803955,1525.900000
2025-12-08 00:36:12,1470.771118,1525.500000
2025-12-08 00:36:13,1468.109131,1527.500000
2025-12-08 00:36:14,1465.847656,1524.600000
2025-12-08 00:36:15,1464.006836,1522.800000
2025-12-08 00:36:16,1462.598145,1527.300000
2025-12-08 00:36:17,1461.623657,1527.900000
2025-12-08 00:36:18,1461.077393,1543.400000
2025-12-08 00:36:19,1460.945679,1530.600000
2025-12-08 00:36:20,1461.207520,1528.800000
2025-12-08 00:36:21,1461.836060,1532.200000
2025-12-08 00:36:22,1462.798828,1526.700000
2025-12-08 00:36:23,1464.058594,1524.800000
2025-12-08 00:36:24,1465.575439,1526.200000
2025-12-08 00:36:25,1467.305786,1527.500000
2025-12-08 00:36:26,1469.205200,1526.900000
2025-12-08 00:36:27,1471.228149,1523.700000
2025-12-08 00:36:28,1473.328857,1529.400000
2025-12-08 00:36:29,1475.463135,1525.000000
2025-12-08 00:36:30,1477.588135,1527.300000
2025-12-08 00:36:31,1479.663330,1524.300000
2025-12-08 00:36:32,1481.651245,1525.400000
2025-12-08 00:36:33,1483.518433,1528.400000
2025-12-08 00:36:34,1485.234497,1529.900000
2025-12-08 00:36:35,1486.774536,1526.100000
2025-12-08 00:36:36,1488.117432,1530.800000
2025-12-08 00:36:37,1489.247437,1528.400000
2025-12-08 00:36:38,1490.153442,1526.800000
2025-12-08 00:36:39,1490.829224,1528.100000
2025-12-08 00:36:40,1491.273682,1529.700000
2025-12-08 00:36:41,1491.489624,1528.700000
2025-12-08 00:36:42,1491.484985,1528.900000
2025-12-08 00:36:43,1491.271240,1531.900000
2025-12-08 00:36:44,1490.862915,1531.600000
2025-12-08 00:36:45,1490.278809,1530.500000
2025-12-08 00:36:46,1489.539062,1531.200000
2025-12-08 00:36:47,1488.666504,1531.300000
2025-12-08 00:36:48,1487.685669,1525.100000
2025-12-08 00:36:49,1486.620972,1527.100000
2025-12-08 00:36:50,1485.498657,1526.800000
2025-12-08 00:36:51,1484.343262,1529.100000
2025-12-08 00:36:52,1483.179932,1532.500000
2025-12-08 00:36:53,1482.032227,1526.900000
2025-12-08 00:36:54,1480.921631,1543.200000
2025-12-08 00:36:55,1479.868530,1526.100000
2025-12-08 00:36:56,1478.890869,1524.300000
2025-12-08 00:36:57,1478.003906,1528.900000
2025-12-08 00:36:58,1477.220337,1535.200000
2025-12-08 00:36:59,1476.550415,1535.600000
2025-12-08 00:37:00,1521.171631,1531.800000
2025-12-08 00:37:01,1519.752563,1536.700000
2025-12-08 00:37:02,1517.580566,1535.900000
2025-12-08 00:37:03,1514.624390,1533.400000
2025-12-08 00:37:04,1511.067139,1531.100000
2025-12-08 00:37:05,1507.070312,1532.300000
2025-12-08 00:37:06,1502.770752,1531.000000
2025-12-08 00:37:07,1498.287964,1532.600000
2025-12-08 00:37:08,1493.728271,1527.100000
2025-12-08 00:37:09,1489.187988,1524.900000
2025-12-08 00:37:10,1484.754761,1529.000000
2025-12-08 00:37:11,1480.507568,1530.800000
2025-12-08 00:37:12,1476.516724,1529.800000
2025-12-08 00:37:13,1472.843262,1532.600000
2025-12-08 00:37:14,1469.538452,1531.100000
2025-12-08 00:37:15,1466.644409,1528.400000
2025-12-08 00:37:16,1464.192017,1528.500000
2025-12-08 00:37:17,1462.203369,1529.800000
2025-12-08 00:37:18,1460.689331,1531.800000
2025-12-08 00:37:19,1459.651733,1537.200000
2025-12-08 00:37:20,1459.083496,1534.300000
2025-12-08 00:37:21,1458.969116,1531.600000
2025-12-08 00:37:22,1459.284668,1530.700000
2025-12-08 00:37:23,1460.000366,1528.800000
2025-12-08 00:37:24,1461.080200,1529.200000
2025-12-08 00:37:25,1462.483276,1544.200000
2025-12-08 00:37:26,1464.164917,1528.400000
2025-12-08 00:37:27,1466.078003,1527.600000
2025-12-08 00:37:28,1468.172974,1531.500000
2025-12-08 00:37:29,1470.400513,1530.700000
2025-12-08 00:37:30,1472.710449,1528.700000
2025-12-08 00:37:31,1475.054199,1530.900000
2025-12-08 00:37:32,1477.385132,1528.800000
2025-12-08 00:37:33,1479.659058,1539.100000
2025-12-08 00:37:34,1481.834961,1532.200000
2025-12-08 00:37:35,1483.876343,1532.900000
2025-12-08 00:37:36,1485.750366,1528.800000
2025-12-08 00:37:37,1487.429688,1531.800000
2025-12-08 00:37:38,1488.891724,1532.200000
2025-12-08 00:37:39,1490.119141,1532.600000
2025-12-08 00:37:40,1491.100464,1537.200000
2025-12-08 00:37:41,1491.828857,1538.300000
2025-12-08 00:37:42,1492.303223,1528.500000
2025-12-08 00:37:43,1492.527100,1532.000000
2025-12-08 00:37:44,1492.509399,1531.000000
2025-12-08 00:37:45,1492.262573,1533.500000
2025-12-08 00:37:46,1491.803589,1534.700000
2025-12-08 00:37:47,1491.152222,1537.700000
2025-12-08 00:37:48,1490.331421,1631.700000
2025-12-08 00:37:49,1489.366211,1659.200000
2025-12-08 00:37:50,1488.283203,1660.000000
2025-12-08 00:37:51,1487.110107,1666.000000
2025-12-08 00:37:52,1485.874878,1666.800000
2025-12-08 00:37:53,1484.605103,1664.800000
2025-12-08 00:37:54,1483.328125,1673.200000
2025-12-08 00:37:55,1482.069336,1667.100000
2025-12-08 00:37:56,1480.852905,1666.100000
2025-12-08 00:37:57,1479.700806,1664.700000
2025-12-08 00:37:58,1478.632324,1671.500000
2025-12-08 00:37:59,1477.664673,1665.300000
2025-12-08 00:38:00,1604.403564,1679.500000
2025-12-08 00:38:01,1580.331177,1665.900000
2025-12-08 00:38:02,1555.419189,1666.800000
2025-12-08 00:38:03,1531.298218,1663.100000
2025-12-08 00:38:04,1508.116089,1663.300000
2025-12-08 00:38:05,1486.030762,1661.500000
2025-12-08 00:38:06,1465.261719,1664.100000
2025-12-08 00:38:07,1446.056152,1666.000000
2025-12-08 00:38:08,1428.654663,1664.100000
2025-12-08 00:38:09,1413.268921,1664.500000
2025-12-08 00:38:10,1400.067505,1662.700000
2025-12-08 00:38:11,1389.167236,1664.400000
2025-12-08 00:38:12,1380.630981,1664.900000
2025-12-08 00:38:13,1374.469360,1668.800000
2025-12-08 00:38:14,1370.644409,1664.400000
2025-12-08 00:38:15,1369.074097,1661.900000
2025-12-08 00:38:16,1369.640381,1665.500000
2025-12-08 00:38:17,1372.194702,1666.300000
2025-12-08 00:38:18,1376.563965,1665.900000
2025-12-08 00:38:19,1382.557007,1669.900000
2025-12-08 00:38:20,1389.969116,1667.700000
2025-12-08 00:38:21,1398.586426,1661.100000
2025-12-08 00:38:22,1408.189209,1666.300000
2025-12-08 00:38:23,1418.555786,1667.200000
2025-12-08 00:38:24,1429.464233,1664.100000
2025-12-08 00:38:25,1440.695923,1664.600000
2025-12-08 00:38:26,1452.037842,1662.800000
2025-12-08 00:38:27,1463.284302,1665.300000
2025-12-08 00:38:28,1474.240479,1665.800000
2025-12-08 00:38:29,1484.724121,1662.600000
2025-12-08 00:38:30,1494.568604,1663.100000
2025-12-08 00:38:31,1503.624023,1661.600000
2025-12-08 00:38:32,1511.761108,1664.100000
2025-12-08 00:38:33,1518.871460,1673.300000
2025-12-08 00:38:34,1524.869507,1663.300000
2025-12-08 00:38:35,1529.693970,1664.000000
2025-12-08 00:38:36,1533.307983,1663.000000
2025-12-08 00:38:37,1535.698730,1666.400000
2025-12-08 00:38:38,1536.877808,1674.000000
2025-12-08 00:38:39,1536.880005,1665.000000
2025-12-08 00:38:40,1535.761108,1665.600000
2025-12-08 00:38:41,1533.597778,1664.300000
2025-12-08 00:38:42,1530.483643,1666.500000
2025-12-08 00:38:43,1526.527344,1666.600000
2025-12-08 00:38:44,1521.850342,1666.800000
2025-12-08 00:38:45,1516.582397,1670.500000
2025-12-08 00:38:46,1510.860718,1667.300000
2025-12-08 00:38:47,1504.824219,1667.000000
2025-12-08 00:38:48,1498.612549,1677.000000
2025-12-08 00:38:49,1492.361328,1664.400000
2025-12-08 00:38:50,1486.200317,1662.400000
2025-12-08 00:38:51,1480.250000,1663.900000
2025-12-08 00:38:52,1474.620728,1666.700000
2025-12-08 00:38:53,1469.409912,1667.000000
2025-12-08 00:38:54,1464.699829,1663.100000
2025-12-08 00:38:55,1460.559082,1667.300000
2025-12-08 00:38:56,1457.038574,1665.200000
2025-12-08 00:38:57,1454.175171,1668.400000
2025-12-08 00:38:58,1451.988770,1669.400000
2025-12-08 00:38:59,1450.485962,1668.200000
2025-12-08 00:39:00,1625.145142,1669.700000
2025-12-08 00:39:01,1616.039307,1670.200000
2025-12-08 00:39:02,1604.505493,1667.300000
2025-12-08 00:39:03,1590.564697,1668.400000
2025-12-08 00:39:04,1574.818237,1670.600000
2025-12-08 00:39:05,1557.827515,1664.300000
2025-12-08 00:39:06,1540.095703,1665.800000
2025-12-08 00:39:07,1522.079102,1668.400000
2025-12-08 00:39:08,1504.195190,1666.100000
2025-12-08 00:39:09,1486.823486,1665.200000
2025-12-08 00:39:10,1470.304321,1669.500000
2025-12-08 00:39:11,1454.934326,1664.100000
2025-12-08 00:39:12,1440.964111,1666.900000
2025-12-08 00:39:13,1428.595337,1666.700000
2025-12-08 00:39:14,1417.979004,1667.800000
2025-12-08 00:39:15,1409.216919,1668.400000
2025-12-08 00:39:16,1402.362915,1668.000000
2025-12-08 00:39:17,1397.426270,1668.900000
2025-12-08 00:39:18,1394.376587,1668.100000
2025-12-08 00:39:19,1393.147461,1676.500000
2025-12-08 00:39:20,1393.643066,1696.800000
2025-12-08 00:39:21,1395.742310,1692.100000
2025-12-08 00:39:22,1399.304199,1672.900000
2025-12-08 00:39:23,1404.171631,1673.200000
2025-12-08 00:39:24,1410.175903,1669.300000
2025-12-08 00:39:25,1417.140625,1677.200000
2025-12-08 00:39:26,1424.884033,1673.100000
2025-12-08 00:39:27,1433.222900,1676.400000
2025-12-08 00:39:28,1441.974121,1697.000000
2025-12-08 00:39:29,1450.958008,1671.900000
2025-12-08 00:39:30,1459.999756,1672.000000
2025-12-08 00:39:31,1468.932495,1679.200000
2025-12-08 00:39:32,1477.598999,1678.200000
2025-12-08 00:39:33,1485.853882,1678.600000
2025-12-08 00:39:34,1493.564453,1681.300000
2025-12-08 00:39:35,1500.614502,1565.700000
2025-12-08 00:39:36,1506.904175,1537.800000
2025-12-08 00:39:37,1512.351562,1548.600000
2025-12-08 00:39:38,1516.893799,1557.300000
2025-12-08 00:39:39,1520.488281,1549.900000
2025-12-08 00:39:40,1523.111206,1504.000000
2025-12-08 00:39:41,1524.758911,677.200000
2025-12-08 00:39:42,1525.447021,684.100000
2025-12-08 00:39:43,1525.208374,690.400000
2025-12-08 00:39:44,1524.093384,715.300000
2025-12-08 00:39:45,1522.167358,689.800000
2025-12-08 00:39:46,1519.508789,689.500000
2025-12-08 00:39:47,1516.207397,691.200000
2025-12-08 00:39:48,1512.361938,691.500000
2025-12-08 00:39:49,1508.077393,690.400000
2025-12-08 00:39:50,1503.462646,689.300000
2025-12-08 00:39:51,1498.628784,687.500000
2025-12-08 00:39:52,1493.684814,691.400000
2025-12-08 00:39:53,1488.736938,689.000000
2025-12-08 00:39:54,1483.886108,690.000000
2025-12-08 00:39:55,1479.225098,688.600000
2025-12-08 00:39:56,1474.838989,689.900000
2025-12-08 00:39:57,1470.800903,693.200000
2025-12-08 00:39:58,1467.173950,693.400000
2025-12-08 00:39:59,1464.008789,689.900000
2025-12-08 00:40:00,760.807068,690.600000
2025-12-08 00:40:01,764.023071,692.300000
2025-12-08 00:40:02,769.361450,692.700000
2025-12-08 00:40:03,776.947876,692.800000
2025-12-08 00:40:04,786.381531,717.900000
2025-12-08 00:40:05,797.332642,706.900000
2025-12-08 00:40:06,809.524841,706.300000
2025-12-08 00:40:07,822.730347,707.800000
2025-12-08 00:40:08,836.702515,707.600000
2025-12-08 00:40:09,851.337708,707.300000
2025-12-08 00:40:10,866.571838,704.200000
2025-12-08 00:40:11,882.235291,660.400000
2025-12-08 00:40:12,898.235901,660.500000
2025-12-08 00:40:13,914.499634,564.700000
2025-12-08 00:40:14,930.962402,563.900000
2025-12-08 00:40:15,947.570312,565.100000
2025-12-08 00:40:16,964.276917,562.200000
2025-12-08 00:40:17,981.041687,560.600000
2025-12-08 00:40:18,997.829773,562.900000
2025-12-08 00:40:19,1014.609314,565.800000
2025-12-08 00:40:20,1031.354004,601.300000
2025-12-08 00:40:21,1048.039429,651.900000
2025-12-08 00:40:22,1064.600098,662.500000
2025-12-08 00:40:23,1081.062012,661.800000
2025-12-08 00:40:24,1097.399048,661.900000
2025-12-08 00:40:25,1113.584595,663.700000
2025-12-08 00:40:26,1129.588989,663.500000
2025-12-08 00:40:27,1145.380127,667.500000
2025-12-08 00:40:28,1160.921631,671.800000
2025-12-08 00:40:29,1176.172363,671.000000
2025-12-08 00:40:30,1191.107666,678.500000
2025-12-08 00:40:31,1205.647949,674.800000
2025-12-08 00:40:32,1219.739746,671.800000
2025-12-08 00:40:33,1233.325562,678.600000
2025-12-08 00:40:34,1246.348267,680.000000
2025-12-08 00:40:35,1258.754272,677.800000
2025-12-08 00:40:36,1270.503052,682.900000
2025-12-08 00:40:37,1281.562134,682.200000
2025-12-08 00:40:38,1291.919556,682.300000
2025-12-08 00:40:39,1301.557617,687.600000
2025-12-08 00:40:40,1310.479370,686.800000
2025-12-08 00:40:41,1318.700439,686.200000
2025-12-08 00:40:42,1326.248413,688.600000
2025-12-08 00:40:43,1333.159790,686.700000
2025-12-08 00:40:44,1339.478271,686.300000
2025-12-08 00:40:45,1345.251953,696.000000
2025-12-08 00:40:46,1350.541870,688.200000
2025-12-08 00:40:47,1355.385498,688.800000
2025-12-08 00:40:48,1359.832397,689.400000
2025-12-08 00:40:49,1363.929077,687.200000
2025-12-08 00:40:50,1367.719116,688.900000
2025-12-08 00:40:51,1371.242798,687.700000
2025-12-08 00:40:52,1374.536133,688.400000
2025-12-08 00:40:53,1377.631592,688.800000
2025-12-08 00:40:54,1380.558350,689.800000
2025-12-08 00:40:55,1383.341553,689.500000
2025-12-08 00:40:56,1386.003540,687.900000
2025-12-08 00:40:57,1388.563721,706.100000
2025-12-08 00:40:58,1391.038818,695.900000
2025-12-08 00:40:59,1393.443604,694.800000
2025-12-08 00:41:00,834.754578,714.300000
2025-12-08 00:41:01,847.484924,702.800000
2025-12-08 00:41:02,862.028625,694.600000
2025-12-08 00:41:03,877.910400,693.000000
2025-12-08 00:41:04,894.705322,689.200000
2025-12-08 00:41:05,912.096802,705.300000
2025-12-08 00:41:06,929.852722,692.600000
2025-12-08 00:41:07,947.807068,691.200000
2025-12-08 00:41:08,965.843567,691.000000
2025-12-08 00:41:09,983.881836,691.100000
2025-12-08 00:41:10,1001.866882,689.300000
2025-12-08 00:41:11,1019.761292,693.100000
2025-12-08 00:41:12,1037.538574,691.300000
2025-12-08 00:41:13,1055.178589,691.100000
2025-12-08 00:41:14,1072.664795,692.000000
2025-12-08 00:41:15,1089.980957,700.900000
2025-12-08 00:41:16,1107.110229,691.800000
2025-12-08 00:41:17,1124.032471,691.800000
2025-12-08 00:41:18,1140.723877,692.200000
2025-12-08 00:41:19,1157.156250,697.100000
2025-12-08 00:41:20,1173.294678,696.000000
2025-12-08 00:41:21,1189.098755,690.500000
2025-12-08 00:41:22,1204.521118,689.300000
2025-12-08 00:41:23,1219.509521,700.500000
2025-12-08 00:41:24,1234.006470,691.900000
2025-12-08 00:41:25,1247.952271,689.200000
2025-12-08 00:41:26,1261.287720,692.900000
2025-12-08 00:41:27,1273.958130,692.900000
2025-12-08 00:41:28,1285.916138,692.500000
2025-12-08 00:41:29,1297.126099,692.300000
2025-12-08 00:41:30,1307.567017,689.600000
2025-12-08 00:41:31,1317.232788,689.700000
2025-12-08 00:41:32,1326.134155,690.500000
2025-12-08 00:41:33,1334.295288,691.800000
2025-12-08 00:41:34,1341.752808,692.000000
2025-12-08 00:41:35,1348.552856,690.600000
2025-12-08 00:41:36,1354.747559,689.100000
2025-12-08 00:41:37,1360.392090,691.100000
2025-12-08 00:41:38,1365.543213,689.900000
2025-12-08 00:41:39,1370.255981,687.900000
2025-12-08 00:41:40,1374.582764,684.900000
2025-12-08 00:41:41,1378.572998,689.700000
2025-12-08 00:41:42,1382.271606,690.100000
2025-12-08 00:41:43,1385.718994,707.100000
2025-12-08 00:41:44,1388.951416,690.700000
2025-12-08 00:41:45,1392.001099,687.000000
2025-12-08 00:41:46,1394.896362,686.400000
2025-12-08 00:41:47,1397.661499,689.500000
2025-12-08 00:41:48,1400.318359,694.200000
2025-12-08 00:41:49,1402.885254,692.100000
2025-12-08 00:41:50,1405.377686,688.200000
2025-12-08 00:41:51,1407.809570,688.700000
2025-12-08 00:41:52,1410.192505,688.900000
2025-12-08 00:41:53,1412.535889,688.800000
2025-12-08 00:41:54,1414.848755,691.300000
2025-12-08 00:41:55,1417.137939,700.000000
2025-12-08 00:41:56,1419.409424,688.700000
2025-12-08 00:41:57,1421.668335,687.500000
2025-12-08 00:41:58,1423.919312,691.000000
2025-12-08 00:41:59,1426.165283,691.700000
2025-12-08 00:42:00,835.354065,692.600000
2025-12-08 00:42:01,847.497192,701.500000
2025-12-08 00:42:02,861.593567,692.800000
2025-12-08 00:42:03,877.142883,693.600000
2025-12-08 00:42:04,893.690308,693.900000
2025-12-08 00:42:05,910.896301,690.900000
2025-12-08 00:42:06,928.511780,692.300000
2025-12-08 00:42:07,946.358032,687.300000
2025-12-08 00:42:08,964.309570,686.700000
2025-12-08 00:42:09,982.279907,690.600000
2025-12-08 00:42:10,1000.209473,688.500000
2025-12-08 00:42:11,1018.057800,707.600000
2025-12-08 00:42:12,1035.796387,694.500000
2025-12-08 00:42:13,1053.403687,695.200000
2025-12-08 00:42:14,1070.862183,696.200000
2025-12-08 00:42:15,1088.155396,696.800000
2025-12-08 00:42:16,1105.265747,699.300000
2025-12-08 00:42:17,1122.173462,694.500000
2025-12-08 00:42:18,1138.854858,696.300000
2025-12-08 00:42:19,1155.281738,701.500000
2025-12-08 00:42:20,1171.419922,698.000000
2025-12-08 00:42:21,1187.229736,701.700000
2025-12-08 00:42:22,1202.664429,696.500000
2025-12-08 00:42:23,1217.672363,695.200000
2025-12-08 00:42:24,1232.196167,697.300000
2025-12-08 00:42:25,1246.176880,708.900000
2025-12-08 00:42:26,1259.555176,693.200000
2025-12-08 00:42:27,1272.275635,689.300000
2025-12-08 00:42:28,1284.290283,692.100000
2025-12-08 00:42:29,1295.562378,687.700000
2025-12-08 00:42:30,1306.069214,689.900000
2025-12-08 00:42:31,1315.803345,688.200000
2025-12-08 00:42:32,1324.773193,687.700000
2025-12-08 00:42:33,1333.001343,686.200000
2025-12-08 00:42:34,1340.523682,692.500000
2025-12-08 00:42:35,1347.384766,687.800000
2025-12-08 00:42:36,1353.636108,688.800000
2025-12-08 00:42:37,1359.332520,692.300000
2025-12-08 00:42:38,1364.530396,686.600000
2025-12-08 00:42:39,1369.284546,685.900000
2025-12-08 00:42:40,1373.648071,689.400000
2025-12-08 00:42:41,1377.669922,687.100000
2025-12-08 00:42:42,1381.395630,689.300000
2025-12-08 00:42:43,1384.866211,688.900000
2025-12-08 00:42:44,1388.118286,687.100000
2025-12-08 00:42:45,1391.184570,686.700000
2025-12-08 00:42:46,1394.093262,688.700000
2025-12-08 00:42:47,1396.869751,692.900000
2025-12-08 00:42:48,1399.535400,689.700000
2025-12-08 00:42:49,1402.109009,687.800000
2025-12-08 00:42:50,1404.606689,697.000000
2025-12-08 00:42:51,1407.042358,686.900000
2025-12-08 00:42:52,1409.427490,688.400000
2025-12-08 00:42:53,1411.772339,687.700000
2025-12-08 00:42:54,1414.085449,690.000000
2025-12-08 00:42:55,1416.374023,686.800000
2025-12-08 00:42:56,1418.644287,685.300000
2025-12-08 00:42:57,1420.901367,685.500000
2025-12-08 00:42:58,1423.149780,688.200000
2025-12-08 00:42:59,1425.392944,685.700000
2025-12-08 00:43:00,835.297607,687.900000
2025-12-08 00:43:01,847.385864,690.300000
2025-12-08 00:43:02,861.436829,694.500000
2025-12-08 00:43:03,876.953186,699.600000
2025-12-08 00:43:04,893.477417,694.000000
2025-12-08 00:43:05,910.667664,699.100000
2025-12-08 00:43:06,928.272766,690.600000
2025-12-08 00:43:07,946.112854,695.300000
2025-12-08 00:43:08,964.061157,702.100000
2025-12-08 00:43:09,982.029968,686.400000
2025-12-08 00:43:10,999.959656,688.200000
2025-12-08 00:43:11,1017.808899,687.800000
2025-12-08 00:43:12,1035.548950,689.000000
2025-12-08 00:43:13,1053.158325,689.900000
2025-12-08 00:43:14,1070.619141,687.600000
2025-12-08 00:43:15,1087.914917,688.200000
2025-12-08 00:43:16,1105.028076,686.200000
2025-12-08 00:43:17,1121.938965,686.500000
2025-12-08 00:43:18,1138.623901,689.600000
2025-12-08 00:43:19,1155.054688,692.000000
2025-12-08 00:43:20,1171.197388,686.800000
2025-12-08 00:43:21,1187.012085,696.000000
2025-12-08 00:43:22,1202.452515,684.900000
2025-12-08 00:43:23,1217.466675,688.000000
2025-12-08 00:43:24,1231.997803,686.000000
2025-12-08 00:43:25,1245.986694,692.100000
2025-12-08 00:43:26,1259.373535,682.800000
2025-12-08 00:43:27,1272.103516,684.100000
2025-12-08 00:43:28,1284.128418,689.300000
2025-12-08 00:43:29,1295.411133,684.000000
2025-12-08 00:43:30,1305.928711,686.100000
2025-12-08 00:43:31,1315.673462,700.200000
2025-12-08 00:43:32,1324.653687,684.400000
2025-12-08 00:43:33,1332.892212,689.700000
2025-12-08 00:43:34,1340.423950,688.700000
2025-12-08 00:43:35,1347.293945,687.000000
2025-12-08 00:43:36,1353.553345,695.100000
2025-12-08 00:43:37,1359.257202,687.700000
2025-12-08 00:43:38,1364.461548,688.200000
2025-12-08 00:43:39,1369.221558,691.200000
2025-12-08 00:43:40,1373.590210,688.600000
2025-12-08 00:43:41,1377.616699,685.800000
2025-12-08 00:43:42,1381.346313,686.500000
2025-12-08 00:43:43,1384.820190,686.700000
2025-12-08 00:43:44,1388.075073,691.800000
2025-12-08 00:43:45,1391.143677,689.800000
2025-12-08 00:43:46,1394.054443,688.000000
2025-12-08 00:43:47,1396.832642,687.900000
2025-12-08 00:43:48,1399.499634,689.800000
2025-12-08 00:43:49,1402.074341,692.000000
2025-12-08 00:43:50,1404.573120,687.700000
2025-12-08 00:43:51,1407.009399,687.900000
2025-12-08 00:43:52,1409.395264,689.700000
2025-12-08 00:43:53,1411.740601,685.100000
2025-12-08 00:43:54,1414.054077,687.100000
2025-12-08 00:43:55,1416.343018,683.700000
2025-12-08 00:43:56,1418.613525,698.900000
2025-12-08 00:43:57,1420.870728,688.700000
2025-12-08 00:43:58,1423.119263,684.400000
2025-12-08 00:43:59,1425.362671,684.400000
2025-12-08 00:44:00,832.548096,691.600000
2025-12-08 00:44:01,844.735596,685.900000
2025-12-08 00:44:02,858.867859,694.000000
2025-12-08 00:44:03,874.457703,698.100000
2025-12-08 00:44:04,891.048584,690.800000
2025-12-08 00:44:05,908.299194,693.100000
2025-12-08 00:44:06,925.959351,694.500000
2025-12-08 00:44:07,943.849854,686.600000
2025-12-08 00:44:08,961.844910,691.000000
2025-12-08 00:44:09,979.857483,687.200000
2025-12-08 00:44:10,997.828430,688.100000
2025-12-08 00:44:11,1015.717102,684.800000
2025-12-08 00:44:12,1033.495239,685.300000
2025-12-08 00:44:13,1051.141968,685.400000
2025-12-08 00:44:14,1068.639893,804.400000
2025-12-08 00:44:15,1085.973022,791.300000
2025-12-08 00:44:16,1103.124512,788.100000
2025-12-08 00:44:17,1120.074951,788.000000
2025-12-08 00:44:18,1136.801758,788.400000
2025-12-08 00:44:19,1153.276855,789.100000
2025-12-08 00:44:20,1169.467651,787.100000
2025-12-08 00:44:21,1185.334717,789.200000
2025-12-08 00:44:22,1200.832520,783.300000
2025-12-08 00:44:23,1215.909668,781.700000
2025-12-08 00:44:24,1230.509888,776.900000
2025-12-08 00:44:25,1244.573853,775.700000
2025-12-08 00:44:26,1258.041992,776.800000
2025-12-08 00:44:27,1270.858276,778.100000
2025-12-08 00:44:28,1282.973389,775.800000
2025-12-08 00:44:29,1294.348999,775.000000
2025-12-08 00:44:30,1304.960571,776.800000
2025-12-08 00:44:31,1314.798096,774.900000
2025-12-08 00:44:32,1323.868530,777.300000
2025-12-08 00:44:33,1332.192993,778.200000
2025-12-08 00:44:34,1339.805786,776.700000
2025-12-08 00:44:35,1346.750366,777.000000
2025-12-08 00:44:36,1353.078125,777.400000
2025-12-08 00:44:37,1358.843140,774.900000
2025-12-08 00:44:38,1364.102173,779.600000
2025-12-08 00:44:39,1368.910767,783.700000
2025-12-08 00:44:40,1373.321655,778.600000
2025-12-08 00:44:41,1377.384888,777.900000
2025-12-08 00:44:42,1381.146484,794.600000
2025-12-08 00:44:43,1384.647827,815.500000
2025-12-08 00:44:44,1387.926270,791.900000
2025-12-08 00:44:45,1391.015015,788.000000
2025-12-08 00:44:46,1393.942871,788.100000
2025-12-08 00:44:47,1396.735474,788.700000
2025-12-08 00:44:48,1399.414795,788.900000
2025-12-08 00:44:49,1401.999878,787.500000
2025-12-08 00:44:50,1404.507202,793.400000
2025-12-08 00:44:51,1406.950684,789.900000
2025-12-08 00:44:52,1409.342773,790.800000
2025-12-08 00:44:53,1411.693237,790.300000
2025-12-08 00:44:54,1414.010864,789.700000
2025-12-08 00:44:55,1416.303345,789.900000
2025-12-08 00:44:56,1418.576538,791.700000
2025-12-08 00:44:57,1420.836426,793.900000
2025-12-08 00:44:58,1423.086914,796.400000
2025-12-08 00:44:59,1425.331909,791.900000
2025-12-08 00:45:00,895.903564,793.800000
2025-12-08 00:45:01,906.481812,791.700000
2025-12-08 00:45:02,919.185486,793.500000
2025-12-08 00:45:03,933.339905,794.300000
2025-12-08 00:45:04,948.515015,788.900000
2025-12-08 00:45:05,964.387207,793.700000
2025-12-08 00:45:06,980.715820,792.800000
2025-12-08 00:45:07,997.325012,785.800000
2025-12-08 00:45:08,1014.087708,790.100000
2025-12-08 00:45:09,1030.912231,791.200000
2025-12-08 00:45:10,1047.732422,790.000000
2025-12-08 00:45:11,1064.499146,791.400000
2025-12-08 00:45:12,1081.173828,791.600000
2025-12-08 00:45:13,1097.724121,776.800000
2025-12-08 00:45:14,1114.120361,1056.700000
2025-12-08 00:45:15,1130.332153,1131.500000
2025-12-08 00:45:16,1146.327881,996.100000
2025-12-08 00:45:17,1162.072021,994.600000
2025-12-08 00:45:18,1177.524780,1073.100000
2025-12-08 00:45:19,1192.641357,1008.900000
2025-12-08 00:45:20,1207.372314,1057.600000
2025-12-08 00:45:21,1221.663696,1086.400000
2025-12-08 00:45:22,1235.459106,1105.700000
2025-12-08 00:45:23,1248.701538,1133.400000
2025-12-08 00:45:24,1261.336670,1153.800000
2025-12-08 00:45:25,1273.316284,1174.700000
2025-12-08 00:45:26,1284.600952,1191.800000
2025-12-08 00:45:27,1295.163330,1209.700000
2025-12-08 00:45:28,1304.989990,1225.600000
2025-12-08 00:45:29,1314.081665,1230.700000
2025-12-08 00:45:30,1322.453613,1235.000000
2025-12-08 00:45:31,1330.132812,1238.300000
2025-12-08 00:45:32,1337.157349,1245.100000
2025-12-08 00:45:33,1343.571899,1244.500000
2025-12-08 00:45:34,1349.426758,1243.900000
2025-12-08 00:45:35,1354.773682,1243.300000
2025-12-08 00:45:36,1359.665039,1246.200000
2025-12-08 00:45:37,1364.152222,1242.800000
2025-12-08 00:45:38,1368.283325,1242.200000
2025-12-08 00:45:39,1372.103394,1244.500000
2025-12-08 00:45:40,1375.653687,1244.000000
2025-12-08 00:45:41,1378.971436,1240.700000
2025-12-08 00:45:42,1382.090210,1239.900000
2025-12-08 00:45:43,1385.039185,1238.900000
2025-12-08 00:45:44,1387.844604,1241.900000
2025-12-08 00:45:45,1390.528809,1240.600000
2025-12-08 00:45:46,1393.111328,1237.600000
2025-12-08 00:45:47,1395.609375,1239.400000
2025-12-08 00:45:48,1398.037720,1241.500000
2025-12-08 00:45:49,1400.408936,1243.600000
2025-12-08 00:45:50,1402.733643,1244.600000
2025-12-08 00:45:51,1405.021118,1247.900000
2025-12-08 00:45:52,1407.278931,1249.900000
2025-12-08 00:45:53,1409.514038,1251.200000
2025-12-08 00:45:54,1411.732056,1254.300000
2025-12-08 00:45:55,1413.937988,1257.900000
2025-12-08 00:45:56,1416.136108,1259.500000
2025-12-08 00:45:57,1418.329346,1262.600000
2025-12-08 00:45:58,1420.521240,1276.000000
2025-12-08 00:45:59,1422.713867,1260.800000
2025-12-08 00:46:00,1188.349243,1262.500000
2025-12-08 00:46:01,1183.445557,1266.800000
2025-12-08 00:46:02,1180.588867,1264.700000
2025-12-08 00:46:03,1179.106567,1265.800000
2025-12-08 00:46:04,1178.623291,1265.400000
2025-12-08 00:46:05,1178.925171,1263.900000
2025-12-08 00:46:06,1179.812988,1264.500000
2025-12-08 00:46:07,1181.128052,1263.600000
2025-12-08 00:46:08,1182.748291,1261.300000
2025-12-08 00:46:09,1184.584106,1281.600000
2025-12-08 00:46:10,1186.568970,1264.100000
2025-12-08 00:46:11,1188.654541,1264.200000
2025-12-08 00:46:12,1190.840820,1261.700000
2025-12-08 00:46:13,1193.068115,1262.500000
2025-12-08 00:46:14,1195.320923,1262.900000
2025-12-08 00:46:15,1197.587891,1260.200000
2025-12-08 00:46:16,1199.861572,1260.100000
2025-12-08 00:46:17,1202.136108,1261.300000
2025-12-08 00:46:18,1204.406982,1260.700000
2025-12-08 00:46:19,1206.671265,1286.000000
2025-12-08 00:46:20,1208.920166,1267.900000
2025-12-08 00:46:21,1211.162476,1269.200000
2025-12-08 00:46:22,1213.393433,1263.300000
2025-12-08 00:46:23,1215.610229,1264.400000
2025-12-08 00:46:24,1217.811890,1265.700000
2025-12-08 00:46:25,1219.996216,1264.000000
2025-12-08 00:46:26,1222.161987,1265.200000
2025-12-08 00:46:27,1224.307739,1268.600000
2025-12-08 00:46:28,1226.421753,1268.800000
2025-12-08 00:46:29,1228.514282,1269.000000
2025-12-08 00:46:30,1230.584595,1271.000000
2025-12-08 00:46:31,1232.632568,1266.000000
2025-12-08 00:46:32,1234.657593,1267.100000
2025-12-08 00:46:33,1236.660034,1271.000000
2025-12-08 00:46:34,1238.639771,1271.400000
2025-12-08 00:46:35,1240.597046,1266.100000
2025-12-08 00:46:36,1242.532227,1268.000000
2025-12-08 00:46:37,1244.445557,1266.200000
2025-12-08 00:46:38,1246.337769,1271.100000
2025-12-08 00:46:39,1248.209351,1271.200000
2025-12-08 00:46:40,1250.060913,1270.400000
2025-12-08 00:46:41,1251.893188,1267.300000
2025-12-08 00:46:42,1253.706787,1269.800000
2025-12-08 00:46:43,1255.502319,1268.400000
2025-12-08 00:46:44,1257.292847,1269.500000
2025-12-08 00:46:45,1259.066406,1266.800000
2025-12-08 00:46:46,1260.823730,1264.900000
2025-12-08 00:46:47,1262.565552,1266.600000
2025-12-08 00:46:48,1264.292969,1267.800000
2025-12-08 00:46:49,1266.006714,1260.400000
2025-12-08 00:46:50,1267.707520,1263.400000
2025-12-08 00:46:51,1269.395752,1265.300000
2025-12-08 00:46:52,1271.072632,1261.000000
2025-12-08 00:46:53,1272.738159,1265.400000
2025-12-08 00:46:54,1274.393188,1267.400000
2025-12-08 00:46:55,1276.038330,1261.900000
2025-12-08 00:46:56,1277.674438,1262.400000
2025-12-08 00:46:57,1279.292480,1267.600000
2025-12-08 00:46:58,1280.903442,1262.300000
2025-12-08 00:46:59,1282.507446,1266.300000
2025-12-08 00:47:00,1272.354492,1266.600000
2025-12-08 00:47:01,1273.252319,1275.700000
2025-12-08 00:47:02,1274.309570,1268.300000
2025-12-08 00:47:03,1275.465210,1264.400000
2025-12-08 00:47:04,1276.696655,1265.400000
2025-12-08 00:47:05,1277.986938,1250.800000
2025-12-08 00:47:06,1279.322388,1253.500000
2025-12-08 00:47:07,1280.692627,1252.100000
2025-12-08 00:47:08,1282.089600,1259.100000
2025-12-08 00:47:09,1283.507568,1257.900000
2025-12-08 00:47:10,1284.942505,1257.900000
2025-12-08 00:47:11,1286.390137,1253.100000
2025-12-08 00:47:12,1287.848755,1254.300000
2025-12-08 00:47:13,1289.316284,1261.800000
2025-12-08 00:47:14,1290.791748,1257.000000
2025-12-08 00:47:15,1292.274048,1253.700000
2025-12-08 00:47:16,1293.762573,1249.300000
2025-12-08 00:47:17,1295.256714,1253.900000
2025-12-08 00:47:18,1296.756104,1254.700000
2025-12-08 00:47:19,1298.260498,1258.700000
2025-12-08 00:47:20,1299.770508,1258.900000
2025-12-08 00:47:21,1301.284302,1255.900000
2025-12-08 00:47:22,1302.802612,1249.900000
2025-12-08 00:47:23,1304.325317,1266.500000
2025-12-08 00:47:24,1305.852173,1251.800000
2025-12-08 00:47:25,1307.383301,1250.200000
2025-12-08 00:47:26,1308.918579,1210.200000
2025-12-08 00:47:27,1310.458130,1212.100000
2025-12-08 00:47:28,1312.002075,1209.400000
2025-12-08 00:47:29,1313.550293,1208.000000
2025-12-08 00:47:30,1315.102783,1209.400000
2025-12-08 00:47:31,1316.659790,1205.600000
2025-12-08 00:47:32,1318.221436,1208.400000
2025-12-08 00:47:33,1319.787842,1210.000000
2025-12-08 00:47:34,1321.358887,1209.200000
2025-12-08 00:47:35,1322.934937,1208.000000
2025-12-08 00:47:36,1324.515991,1211.300000
2025-12-08 00:47:37,1326.102417,1209.600000
2025-12-08 00:47:38,1327.694092,1210.000000
2025-12-08 00:47:39,1329.291382,1210.000000
2025-12-08 00:47:40,1330.894165,1207.000000
2025-12-08 00:47:41,1332.503052,1216.900000
2025-12-08 00:47:42,1334.117920,1207.600000
2025-12-08 00:47:43,1335.738892,1207.500000
2025-12-08 00:47:44,1337.366333,1208.800000
2025-12-08 00:47:45,1339.000366,1206.500000
2025-12-08 00:47:46,1340.641113,1208.700000
2025-12-08 00:47:47,1342.288818,1212.200000
2025-12-08 00:47:48,1343.943604,1210.500000
2025-12-08 00:47:49,1345.605835,1206.400000
2025-12-08 00:47:50,1347.275146,1207.200000
2025-12-08 00:47:51,1348.952271,1206.800000
2025-12-08 00:47:52,1350.637451,1205.000000
2025-12-08 00:47:53,1352.330566,1216.500000
2025-12-08 00:47:54,1354.031982,1204.600000
2025-12-08 00:47:55,1355.741577,1211.700000
2025-12-08 00:47:56,1357.460083,1204.000000
2025-12-08 00:47:57,1359.187256,1204.200000
2025-12-08 00:47:58,1360.923340,1217.600000
2025-12-08 00:47:59,1362.668701,1206.100000
2025-12-08 00:48:00,1225.520874,1207.100000
2025-12-08 00:48:01,1226.814575,1221.900000
2025-12-08 00:48:02,1228.259766,1209.500000
2025-12-08 00:48:03,1229.765869,1204.400000
2025-12-08 00:48:04,1231.318726,1276.200000
2025-12-08 00:48:05,1232.909180,1309.700000
2025-12-08 00:48:06,1234.527954,1308.800000
2025-12-08 00:48:07,1236.169067,1298.300000
2025-12-08 00:48:08,1237.826294,1300.300000
2025-12-08 00:48:09,1239.495483,1298.900000
2025-12-08 00:48:10,1241.172485,1299.400000
2025-12-08 00:48:11,1242.854126,1306.700000
2025-12-08 00:48:12,1244.537964,1304.000000
2025-12-08 00:48:13,1246.222290,1300.400000
2025-12-08 00:48:14,1247.906250,1302.200000
2025-12-08 00:48:15,1249.587769,1300.800000
2025-12-08 00:48:16,1251.266113,1299.200000
2025-12-08 00:48:17,1252.940552,1301.800000
2025-12-08 00:48:18,1254.610962,1304.300000
2025-12-08 00:48:19,1256.276733,1317.300000
2025-12-08 00:48:20,1257.937378,1310.000000
2025-12-08 00:48:21,1259.592896,1300.000000
2025-12-08 00:48:22,1261.242554,1297.500000
2025-12-08 00:48:23,1262.886230,1303.600000
2025-12-08 00:48:24,1264.524902,1310.100000
2025-12-08 00:48:25,1266.157104,1307.400000
2025-12-08 00:48:26,1267.783447,1306.500000
2025-12-08 00:48:27,1269.402100,1303.600000
2025-12-08 00:48:28,1271.015381,1298.500000
2025-12-08 00:48:29,1272.623169,1310.700000
2025-12-08 00:48:30,1274.225708,1300.300000
2025-12-08 00:48:31,1275.823486,1300.200000
2025-12-08 00:48:32,1277.416138,1300.700000
2025-12-08 00:48:33,1279.004517,1300.300000
2025-12-08 00:48:34,1280.588623,1301.400000
2025-12-08 00:48:35,1282.168823,1299.500000
2025-12-08 00:48:36,1283.744995,1299.100000
2025-12-08 00:48:37,1285.318115,1298.400000
2025-12-08 00:48:38,1286.888062,1301.000000
2025-12-08 00:48:39,1288.455200,1301.600000
2025-12-08 00:48:40,1290.019775,1304.600000
2025-12-08 00:48:41,1291.582153,1299.600000
2025-12-08 00:48:42,1293.143066,1298.100000
2025-12-08 00:48:43,1294.701904,1298.700000
2025-12-08 00:48:44,1296.259766,1299.500000
2025-12-08 00:48:45,1297.816772,1305.200000
2025-12-08 00:48:46,1299.373047,1298.700000
2025-12-08 00:48:47,1300.929199,1297.600000
2025-12-08 00:48:48,1302.485474,1298.800000
2025-12-08 00:48:49,1304.042114,1297.600000
2025-12-08 00:48:50,1305.599365,1297.600000
2025-12-08 00:48:51,1307.157471,1298.600000
2025-12-08 00:48:52,1308.716919,1297.300000
2025-12-08 00:48:53,1310.277954,1301.300000
2025-12-08 00:48:54,1311.840942,1300.000000
2025-12-08 00:48:55,1313.406006,1298.100000
2025-12-08 00:48:56,1314.974243,1296.900000
2025-12-08 00:48:57,1316.545166,1306.200000
2025-12-08 00:48:58,1318.119019,1307.300000
2025-12-08 00:48:59,1319.695679,1297.900000
2025-12-08 00:49:00,1300.618896,1301.500000
2025-12-08 00:49:01,1301.675171,1302.000000
2025-12-08 00:49:02,1302.846924,1305.900000
2025-12-08 00:49:03,1304.099365,1301.700000
2025-12-08 00:49:04,1305.412964,1302.300000
2025-12-08 00:49:05,1306.774902,1300.300000
2025-12-08 00:49:06,1308.173584,1302.400000
2025-12-08 00:49:07,1309.599365,1299.600000
2025-12-08 00:49:08,1311.047241,1302.600000
2025-12-08 00:49:09,1312.513306,1300.100000
2025-12-08 00:49:10,1313.994141,1298.900000
2025-12-08 00:49:11,1315.488037,1300.300000
2025-12-08 00:49:12,1316.993286,1302.100000
2025-12-08 00:49:13,1318.508911,1297.700000
2025-12-08 00:49:14,1320.034302,1300.100000
2025-12-08 00:49:15,1321.568970,1304.400000
2025-12-08 00:49:16,1323.112549,1301.100000
2025-12-08 00:49:17,1324.664307,1300.700000
2025-12-08 00:49:18,1326.224609,1300.700000
2025-12-08 00:49:19,1327.792969,1301.900000
2025-12-08 00:49:20,1329.369629,1303.900000
2025-12-08 00:49:21,1330.953979,1308.100000
2025-12-08 00:49:22,1332.546021,1298.200000
2025-12-08 00:49:23,1334.145630,1303.100000
2025-12-08 00:49:24,1335.752930,1299.200000
2025-12-08 00:49:25,1337.368164,1299.600000
2025-12-08 00:49:26,1338.991333,1300.600000
2025-12-08 00:49:27,1340.622437,1298.400000
2025-12-08 00:49:28,1342.261475,1299.500000
2025-12-08 00:49:29,1343.908447,1300.300000
2025-12-08 00:49:30,1345.563721,1300.600000
2025-12-08 00:49:31,1347.227173,1299.800000
2025-12-08 00:49:32,1348.899048,1306.500000
2025-12-08 00:49:33,1350.579224,1309.300000
2025-12-08 00:49:34,1352.268066,1306.600000
2025-12-08 00:49:35,1353.965576,1309.100000
2025-12-08 00:49:36,1355.671997,1307.300000
2025-12-08 00:49:37,1357.387451,1302.500000
2025-12-08 00:49:38,1359.111938,1301.400000
2025-12-08 00:49:39,1360.845947,1299.900000
2025-12-08 00:49:40,1362.589478,1303.200000
2025-12-08 00:49:41,1364.342529,1302.400000
2025-12-08 00:49:42,1366.105347,1340.200000
2025-12-08 00:49:43,1367.877930,1392.700000
2025-12-08 00:49:44,1369.660767,1381.900000
2025-12-08 00:49:45,1371.453613,1382.000000
2025-12-08 00:49:46,1373.256958,1378.700000
2025-12-08 00:49:47,1375.070801,1379.900000
2025-12-08 00:49:48,1376.895264,1379.300000
2025-12-08 00:49:49,1378.730591,1377.100000
2025-12-08 00:49:50,1380.576904,1379.200000
2025-12-08 00:49:51,1382.434448,1380.200000
2025-12-08 00:49:52,1384.303101,1381.000000
2025-12-08 00:49:53,1386.183350,1381.400000
2025-12-08 00:49:54,1388.075073,1380.900000
2025-12-08 00:49:55,1389.978882,1380.500000
2025-12-08 00:49:56,1391.894653,1383.500000
2025-12-08 00:49:57,1393.822388,1381.800000
2025-12-08 00:49:58,1395.762573,1396.700000
2025-12-08 00:49:59,1397.715210,1385.900000
2025-12-08 00:50:00,1271.786133,1386.900000
2025-12-08 00:50:01,1259.390747,1384.000000
2025-12-08 00:50:02,1251.581665,1390.000000
2025-12-08 00:50:03,1245.079590,1387.300000
2025-12-08 00:50:04,1239.227661,1384.900000
2025-12-08 00:50:05,1233.808228,1388.300000
2025-12-08 00:50:06,1228.721069,1384.400000
2025-12-08 00:50:07,1223.911499,1384.000000
2025-12-08 00:50:08,1219.345703,1384.500000
2025-12-08 00:50:09,1215.000732,1387.700000
2025-12-08 00:50:10,1210.859375,1387.100000
2025-12-08 00:50:11,1206.907715,1388.700000
2025-12-08 00:50:12,1203.133667,1390.700000
2025-12-08 00:50:13,1199.526123,1390.700000
2025-12-08 00:50:14,1196.075195,1395.200000
2025-12-08 00:50:15,1192.771240,1386.900000
2025-12-08 00:50:16,1189.605957,1404.600000
2025-12-08 00:50:17,1186.570557,1391.200000
2025-12-08 00:50:18,1183.657715,1387.500000
2025-12-08 00:50:19,1180.860474,1389.100000
2025-12-08 00:50:20,1178.171631,1394.600000
2025-12-08 00:50:21,1175.585571,1395.800000
2025-12-08 00:50:22,1173.096069,1390.800000
2025-12-08 00:50:23,1170.697998,1386.500000
2025-12-08 00:50:24,1168.386230,1398.600000
2025-12-08 00:50:25,1166.156250,1382.800000
2025-12-08 00:50:26,1164.003540,1384.900000
2025-12-08 00:50:27,1161.924072,1386.900000
2025-12-08 00:50:28,1159.914185,1387.700000
2025-12-08 00:50:29,1157.970337,1390.800000
2025-12-08 00:50:30,1156.089111,1386.100000
2025-12-08 00:50:31,1154.267700,1386.300000
2025-12-08 00:50:32,1152.503052,1394.700000
2025-12-08 00:50:33,1150.792480,1386.700000
2025-12-08 00:50:34,1149.133545,1385.300000
2025-12-08 00:50:35,1147.523804,1457.900000
2025-12-08 00:50:36,1145.961182,1481.800000
2025-12-08 00:50:37,1144.443604,1477.200000
2025-12-08 00:50:38,1142.968994,1481.400000
2025-12-08 00:50:39,1141.535767,1480.100000
2025-12-08 00:50:40,1140.142090,1486.700000
2025-12-08 00:50:41,1138.786133,1485.500000
2025-12-08 00:50:42,1137.466675,1494.500000
2025-12-08 00:50:43,1136.182007,1486.200000
2025-12-08 00:50:44,1134.930908,1493.200000
2025-12-08 00:50:45,1133.712280,1491.300000
2025-12-08 00:50:46,1132.524170,1488.600000
2025-12-08 00:50:47,1131.366211,1489.400000
2025-12-08 00:50:48,1130.237061,1485.600000
2025-12-08 00:50:49,1129.135376,1486.600000
2025-12-08 00:50:50,1128.060547,1499.100000
2025-12-08 00:50:51,1127.011230,1492.500000
2025-12-08 00:50:52,1125.987183,1490.800000
2025-12-08 00:50:53,1124.986816,1491.900000
2025-12-08 00:50:54,1124.009644,1486.800000
2025-12-08 00:50:55,1123.054565,1486.400000
2025-12-08 00:50:56,1122.121216,1494.300000
2025-12-08 00:50:57,1121.208740,1492.400000
2025-12-08 00:50:58,1120.316284,1492.500000
2025-12-08 00:50:59,1119.443115,1493.700000
2025-12-08 00:51:00,1356.050415,1493.000000
2025-12-08 00:51:01,1325.875977,1500.700000
2025-12-08 00:51:02,1310.614014,1502.200000
2025-12-08 00:51:03,1299.407959,1499.800000
2025-12-08 00:51:04,1289.971802,1501.100000
2025-12-08 00:51:05,1281.562134,1500.500000
2025-12-08 00:51:06,1273.851685,1503.800000
2025-12-08 00:51:07,1266.672729,1496.700000
2025-12-08 00:51:08,1259.930542,1498.100000
2025-12-08 00:51:09,1253.567383,1497.000000
2025-12-08 00:51:10,1247.545044,1495.300000
2025-12-08 00:51:11,1241.835327,1498.900000
2025-12-08 00:51:12,1236.415649,1526.000000
2025-12-08 00:51:13,1231.266479,1593.600000
2025-12-08 00:51:14,1226.370117,1604.100000
2025-12-08 00:51:15,1221.711060,1603.200000
2025-12-08 00:51:16,1217.273926,1610.700000
2025-12-08 00:51:17,1213.045288,1614.200000
2025-12-08 00:51:18,1209.011597,1604.800000
2025-12-08 00:51:19,1205.160889,1612.900000
2025-12-08 00:51:20,1201.481812,1614.100000
2025-12-08 00:51:21,1197.963501,1614.100000
2025-12-08 00:51:22,1194.596313,1611.400000
2025-12-08 00:51:23,1191.370850,1607.000000
2025-12-08 00:51:24,1188.278442,1602.500000
2025-12-08 00:51:25,1185.311279,1604.100000
2025-12-08 00:51:26,1182.461914,1604.900000
2025-12-08 00:51:27,1179.723267,1610.000000
2025-12-08 00:51:28,1177.089111,1618.800000
2025-12-08 00:51:29,1174.553345,1609.900000
2025-12-08 00:51:30,1172.110596,1609.500000
2025-12-08 00:51:31,1169.755737,1606.600000
2025-12-08 00:51:32,1167.484131,1605.700000
2025-12-08 00:51:33,1165.291138,1607.000000
2025-12-08 00:51:34,1163.172852,1605.500000
2025-12-08 00:51:35,1161.125122,1605.000000
2025-12-08 00:51:36,1159.144653,1603.100000
2025-12-08 00:51:37,1157.227905,1599.200000
2025-12-08 00:51:38,1155.372314,1605.400000
2025-12-08 00:51:39,1153.574463,1601.800000
2025-12-08 00:51:40,1151.831909,1622.500000
2025-12-08 00:51:41,1150.142212,1604.000000
2025-12-08 00:51:42,1148.503052,1600.900000
2025-12-08 00:51:43,1146.911743,1613.100000
2025-12-08 00:51:44,1145.366577,1606.300000
2025-12-08 00:51:45,1143.865601,1607.500000
2025-12-08 00:51:46,1142.407227,1606.000000
2025-12-08 00:51:47,1140.989014,1605.200000
2025-12-08 00:51:48,1139.609985,1602.400000
2025-12-08 00:51:49,1138.268066,1606.400000
2025-12-08 00:51:50,1136.962036,1602.800000
2025-12-08 00:51:51,1135.690552,1609.100000
2025-12-08 00:51:52,1134.451782,1605.600000
2025-12-08 00:51:53,1133.245117,1603.900000
2025-12-08 00:51:54,1132.068848,1603.700000
2025-12-08 00:51:55,1130.921875,1604.700000
2025-12-08 00:51:56,1129.803467,1603.500000
2025-12-08 00:51:57,1128.712158,1605.100000
2025-12-08 00:51:58,1127.647339,1599.400000
2025-12-08 00:51:59,1126.608032,1604.900000
2025-12-08 00:52:00,1401.442261,1601.100000
2025-12-08 00:52:01,1360.110107,1607.100000
2025-12-08 00:52:02,1340.683105,1603.200000
2025-12-08 00:52:03,1327.090698,1598.700000
2025-12-08 00:52:04,1315.915039,1603.700000
2025-12-08 00:52:05,1306.069458,1604.800000
2025-12-08 00:52:06,1297.093506,1604.600000
2025-12-08 00:52:07,1288.757690,1602.800000
2025-12-08 00:52:08,1280.937500,1604.000000
2025-12-08 00:52:09,1273.560303,1598.600000
2025-12-08 00:52:10,1266.579834,1606.700000
2025-12-08 00:52:11,1259.963745,1604.600000
2025-12-08 00:52:12,1253.686523,1605.500000
2025-12-08 00:52:13,1247.726440,1601.600000
2025-12-08 00:52:14,1242.064087,1608.200000
2025-12-08 00:52:15,1236.682007,1605.200000
2025-12-08 00:52:16,1231.563354,1600.600000
2025-12-08 00:52:17,1226.692139,1601.700000
2025-12-08 00:52:18,1222.053345,1600.500000
2025-12-08 00:52:19,1217.632690,1601.500000
2025-12-08 00:52:20,1213.416992,1610.900000
2025-12-08 00:52:21,1209.393311,1610.500000
2025-12-08 00:52:22,1205.550171,1607.400000
2025-12-08 00:52:23,1201.876221,1606.200000
2025-12-08 00:52:24,1198.361328,1602.800000
2025-12-08 00:52:25,1194.995483,1601.400000
2025-12-08 00:52:26,1191.769775,1602.700000
2025-12-08 00:52:27,1188.675537,1603.200000
2025-12-08 00:52:28,1185.705200,1608.800000
2025-12-08 00:52:29,1182.851440,1606.000000
2025-12-08 00:52:30,1180.107544,1602.900000
2025-12-08 00:52:31,1177.467041,1604.300000
2025-12-08 00:52:32,1174.924194,1603.400000
2025-12-08 00:52:33,1172.473755,1602.400000
2025-12-08 00:52:34,1170.110962,1603.300000
2025-12-08 00:52:35,1167.830444,1602.900000
2025-12-08 00:52:36,1165.628662,1603.100000
2025-12-08 00:52:37,1163.501099,1603.900000
2025-12-08 00:52:38,1161.444336,1607.100000
2025-12-08 00:52:39,1159.454468,1602.600000
2025-12-08 00:52:40,1157.528809,1607.500000
2025-12-08 00:52:41,1155.663940,1605.100000
2025-12-08 00:52:42,1153.857300,1603.500000
2025-12-08 00:52:43,1152.106079,1600.700000
2025-12-08 00:52:44,1150.407837,1608.100000
2025-12-08 00:52:45,1148.760376,1604.300000
2025-12-08 00:52:46,1147.161133,1604.700000
2025-12-08 00:52:47,1145.608521,1604.000000
2025-12-08 00:52:48,1144.100342,1605.400000
2025-12-08 00:52:49,1142.634766,1603.600000
2025-12-08 00:52:50,1141.209961,1609.000000
2025-12-08 00:52:51,1139.824341,1603.900000
2025-12-08 00:52:52,1138.476440,1606.200000
2025-12-08 00:52:53,1137.164429,1605.900000
2025-12-08 00:52:54,1135.887085,1605.500000
2025-12-08 00:52:55,1134.643066,1606.600000
2025-12-08 00:52:56,1133.430786,1602.900000
2025-12-08 00:52:57,1132.249634,1606.800000
2025-12-08 00:52:58,1131.098145,1602.100000
2025-12-08 00:52:59,1129.975098,1603.400000
2025-12-08 00:53:00,1402.488037,1609.700000
2025-12-08 00:53:01,1361.326294,1606.300000
2025-12-08 00:53:02,1341.915894,1606.700000
2025-12-08 00:53:03,1328.310059,1602.900000
2025-12-08 00:53:04,1317.107910,1602.100000
2025-12-08 00:53:05,1307.228638,1603.600000
2025-12-08 00:53:06,1298.214600,1603.800000
2025-12-08 00:53:07,1289.838379,1600.500000
2025-12-08 00:53:08,1281.977051,1609.300000
2025-12-08 00:53:09,1274.558594,1605.500000
2025-12-08 00:53:10,1267.537354,1605.900000
2025-12-08 00:53:11,1260.881104,1603.200000
2025-12-08 00:53:12,1254.565063,1626.800000
2025-12-08 00:53:13,1248.567383,1609.600000
2025-12-08 00:53:14,1242.869263,1607.300000
2025-12-08 00:53:15,1237.452759,1601.100000
2025-12-08 00:53:16,1232.301025,1610.100000
2025-12-08 00:53:17,1227.398560,1602.000000
2025-12-08 00:53:18,1222.729980,1607.400000
2025-12-08 00:53:19,1218.281250,1604.900000
2025-12-08 00:53:20,1214.038818,1614.300000
2025-12-08 00:53:21,1209.989868,1609.700000
2025-12-08 00:53:22,1206.122803,1607.100000
2025-12-08 00:53:23,1202.426147,1605.600000
2025-12-08 00:53:24,1198.889648,1606.400000
2025-12-08 00:53:25,1195.503296,1603.800000
2025-12-08 00:53:26,1192.258301,1604.600000
2025-12-08 00:53:27,1189.145752,1602.800000
2025-12-08 00:53:28,1186.157593,1603.900000
2025-12-08 00:53:29,1183.287231,1608.000000
2025-12-08 00:53:30,1180.527588,1607.900000
2025-12-08 00:53:31,1177.871826,1606.900000
2025-12-08 00:53:32,1175.314819,1689.500000
2025-12-08 00:53:33,1172.850830,1657.000000
2025-12-08 00:53:34,1170.474609,1633.600000
2025-12-08 00:53:35,1168.182007,1633.700000
2025-12-08 00:53:36,1165.968140,1632.000000
2025-12-08 00:53:37,1163.829346,1631.900000
2025-12-08 00:53:38,1161.761719,1632.800000
2025-12-08 00:53:39,1159.761963,1636.400000
2025-12-08 00:53:40,1157.826416,1631.800000
2025-12-08 00:53:41,1155.952271,1631.900000
2025-12-08 00:53:42,1154.136841,1631.500000
2025-12-08 00:53:43,1152.377197,1633.400000
2025-12-08 00:53:44,1150.670776,1643.900000
2025-12-08 00:53:45,1149.015503,1642.900000
2025-12-08 00:53:46,1147.408813,1635.700000
2025-12-08 00:53:47,1145.848877,1633.300000
2025-12-08 00:53:48,1144.333740,1634.800000
2025-12-08 00:53:49,1142.861572,1632.800000
2025-12-08 00:53:50,1141.430542,1639.300000
2025-12-08 00:53:51,1140.038818,1640.400000
2025-12-08 00:53:52,1138.684814,1635.500000
2025-12-08 00:53:53,1137.367188,1634.500000
2025-12-08 00:53:54,1136.084473,1634.700000
2025-12-08 00:53:55,1134.835449,1635.300000
2025-12-08 00:53:56,1133.618286,1639.100000
2025-12-08 00:53:57,1132.432373,1632.300000
2025-12-08 00:53:58,1131.276245,1641.300000
2025-12-08 00:53:59,1130.148804,1635.200000
2025-12-08 00:54:00,1412.260498,1636.500000
2025-12-08 00:54:01,1367.834106,1636.700000
2025-12-08 00:54:02,1347.364380,1634.600000
2025-12-08 00:54:03,1333.240967,1634.600000
2025-12-08 00:54:04,1321.705322,1635.500000
2025-12-08 00:54:05,1311.570801,1635.400000
2025-12-08 00:54:06,1302.339600,1633.600000
2025-12-08 00:54:07,1293.767212,1635.400000
2025-12-08 00:54:08,1285.722412,1634.800000
2025-12-08 00:54:09,1278.129883,1633.800000
2025-12-08 00:54:10,1270.942383,1634.500000
2025-12-08 00:54:11,1264.127197,1634.000000
2025-12-08 00:54:12,1257.659424,1629.900000
2025-12-08 00:54:13,1251.517090,1631.300000
2025-12-08 00:54:14,1245.681274,1637.800000
2025-12-08 00:54:15,1240.133911,1634.000000
2025-12-08 00:54:16,1234.858643,1634.500000
2025-12-08 00:54:17,1229.838989,1632.000000
2025-12-08 00:54:18,1225.059814,1631.400000
2025-12-08 00:54:19,1220.506958,1633.400000
2025-12-08 00:54:20,1216.166138,1641.600000
2025-12-08 00:54:21,1212.024536,1636.000000
2025-12-08 00:54:22,1208.070190,1638.200000
2025-12-08 00:54:23,1204.291260,1635.300000
2025-12-08 00:54:24,1200.677368,1631.500000
2025-12-08 00:54:25,1197.218018,1630.100000
2025-12-08 00:54:26,1193.904297,1632.500000
2025-12-08 00:54:27,1190.726807,1630.100000
2025-12-08 00:54:28,1187.677734,1630.300000
2025-12-08 00:54:29,1184.749390,1631.600000
2025-12-08 00:54:30,1181.934937,1637.300000
2025-12-08 00:54:31,1179.227417,1629.800000
2025-12-08 00:54:32,1176.621216,1635.200000
2025-12-08 00:54:33,1174.110229,1628.200000
2025-12-08 00:54:34,1171.690063,1631.200000
2025-12-08 00:54:35,1169.355347,1631.500000
2025-12-08 00:54:36,1167.101807,1639.000000
2025-12-08 00:54:37,1164.925049,1631.300000
2025-12-08 00:54:38,1162.821411,1630.000000
2025-12-08 00:54:39,1160.786987,1628.700000
2025-12-08 00:54:40,1158.818604,1630.300000
2025-12-08 00:54:41,1156.913208,1631.100000
2025-12-08 00:54:42,1155.067749,1631.500000
2025-12-08 00:54:43,1153.279297,1638.400000
2025-12-08 00:54:44,1151.545654,1631.500000
2025-12-08 00:54:45,1149.864136,1629.300000
2025-12-08 00:54:46,1148.232422,1629.700000
2025-12-08 00:54:47,1146.648560,1636.000000
2025-12-08 00:54:48,1145.110718,1633.600000
2025-12-08 00:54:49,1143.616333,1631.300000
2025-12-08 00:54:50,1142.164185,1630.300000
2025-12-08 00:54:51,1140.752319,1630.700000
2025-12-08 00:54:52,1139.379028,1636.000000
2025-12-08 00:54:53,1138.042725,1635.400000
2025-12-08 00:54:54,1136.742188,1631.800000
2025-12-08 00:54:55,1135.475830,1631.500000
2025-12-08 00:54:56,1134.242310,1622.600000
2025-12-08 00:54:57,1133.040405,1631.100000
2025-12-08 00:54:58,1131.869019,1633.600000
2025-12-08 00:54:59,1130.726929,1630.800000
2025-12-08 00:55:00,1411.365234,1633.500000
2025-12-08 00:55:01,1367.493774,1637.900000
2025-12-08 00:55:02,1347.202759,1644.000000
2025-12-08 00:55:03,1333.160767,1640.600000
2025-12-08 00:55:04,1321.669067,1637.200000
2025-12-08 00:55:05,1311.560059,1638.900000
2025-12-08 00:55:06,1302.344849,1630.500000
2025-12-08 00:55:07,1293.782959,1639.300000
2025-12-08 00:55:08,1285.745239,1636.800000
2025-12-08 00:55:09,1278.157471,1636.500000
2025-12-08 00:55:10,1270.973755,1639.300000
2025-12-08 00:55:11,1264.161377,1644.400000
2025-12-08 00:55:12,1257.695435,1639.700000
2025-12-08 00:55:13,1251.554443,1640.600000
2025-12-08 00:55:14,1245.719482,1640.100000
2025-12-08 00:55:15,1240.172852,1638.700000
2025-12-08 00:55:16,1234.897705,1637.800000
2025-12-08 00:55:17,1229.878174,1666.800000
2025-12-08 00:55:18,1225.098877,1636.700000
2025-12-08 00:55:19,1220.545532,1643.300000
2025-12-08 00:55:20,1216.204224,1646.100000
2025-12-08 00:55:21,1212.062134,1640.800000
2025-12-08 00:55:22,1208.107178,1641.900000
2025-12-08 00:55:23,1204.327515,1637.900000
2025-12-08 00:55:24,1200.712769,1633.300000
2025-12-08 00:55:25,1197.252686,1636.400000
2025-12-08 00:55:26,1193.937866,1632.900000
2025-12-08 00:55:27,1190.759644,1633.500000
2025-12-08 00:55:28,1187.709595,1641.900000
2025-12-08 00:55:29,1184.780273,1637.100000
2025-12-08 00:55:30,1181.964844,1635.600000
2025-12-08 00:55:31,1179.256470,1641.000000
2025-12-08 00:55:32,1176.649658,1636.500000
2025-12-08 00:55:33,1174.137939,1634.400000
2025-12-08 00:55:34,1171.716919,1638.100000
2025-12-08 00:55:35,1169.381348,1637.700000
2025-12-08 00:55:36,1167.126709,1637.500000
2025-12-08 00:55:37,1164.949219,1637.900000
2025-12-08 00:55:38,1162.844727,1635.500000
2025-12-08 00:55:39,1160.809570,1631.200000
2025-12-08 00:55:40,1158.840576,1650.000000
2025-12-08 00:55:41,1156.934570,1637.900000
2025-12-08 00:55:42,1155.088379,1638.100000
2025-12-08 00:55:43,1153.299438,1638.600000
2025-12-08 00:55:44,1151.565186,1638.800000
2025-12-08 00:55:45,1149.882935,1650.000000
2025-12-08 00:55:46,1148.250854,1641.800000
2025-12-08 00:55:47,1146.666504,1643.400000
2025-12-08 00:55:48,1145.127930,1636.900000
2025-12-08 00:55:49,1143.633179,1638.100000
2025-12-08 00:55:50,1142.180298,1636.200000
2025-12-08 00:55:51,1140.767822,1639.700000
2025-12-08 00:55:52,1139.394165,1641.700000
2025-12-08 00:55:53,1138.057495,1643.300000
2025-12-08 00:55:54,1136.756592,1634.600000
2025-12-08 00:55:55,1135.489746,1636.200000
2025-12-08 00:55:56,1134.255737,1636.200000
2025-12-08 00:55:57,1133.053589,1636.300000
2025-12-08 00:55:58,1131.881836,1641.100000
2025-12-08 00:55:59,1130.739624,1640.800000
2025-12-08 00:56:00,1414.243408,1651.500000
2025-12-08 00:56:01,1369.368164,1643.400000
2025-12-08 00:56:02,1348.773071,1640.400000
2025-12-08 00:56:03,1334.589844,1639.300000
2025-12-08 00:56:04,1323.008301,1639.500000
2025-12-08 00:56:05,1312.830444,1638.100000
2025-12-08 00:56:06,1303.555908,1636.400000
2025-12-08 00:56:07,1294.939331,1638.300000
2025-12-08 00:56:08,1286.850098,1637.300000
2025-12-08 00:56:09,1279.212891,1637.400000
2025-12-08 00:56:10,1271.981445,1636.600000
2025-12-08 00:56:11,1265.123169,1635.200000
2025-12-08 00:56:12,1258.613037,1643.500000
2025-12-08 00:56:13,1252.429932,1642.000000
2025-12-08 00:56:14,1246.554810,1637.400000
2025-12-08 00:56:15,1240.969971,1635.500000
2025-12-08 00:56:16,1235.658203,1638.600000
2025-12-08 00:56:17,1230.604004,1639.300000
2025-12-08 00:56:18,1225.791748,1640.400000
2025-12-08 00:56:19,1221.207520,1638.400000
2025-12-08 00:56:20,1216.837158,1646.000000
2025-12-08 00:56:21,1212.667603,1642.000000
2025-12-08 00:56:22,1208.686646,1645.100000
2025-12-08 00:56:23,1204.882812,1643.400000
2025-12-08 00:56:24,1201.244873,1640.700000
2025-12-08 00:56:25,1197.763062,1640.800000
2025-12-08 00:56:26,1194.427612,1643.600000
2025-12-08 00:56:27,1191.229858,1636.700000
2025-12-08 00:56:28,1188.161743,1641.700000
2025-12-08 00:56:29,1185.215210,1641.500000
2025-12-08 00:56:30,1182.383301,1641.700000
2025-12-08 00:56:31,1179.659546,1638.400000
2025-12-08 00:56:32,1177.037842,1636.400000
2025-12-08 00:56:33,1174.512451,1641.800000
2025-12-08 00:56:34,1172.078125,1643.600000
2025-12-08 00:56:35,1169.730225,1652.300000
2025-12-08 00:56:36,1167.463745,1647.400000
2025-12-08 00:56:37,1165.274902,1640.200000
2025-12-08 00:56:38,1163.159668,1638.400000
2025-12-08 00:56:39,1161.114380,1646.700000
2025-12-08 00:56:40,1159.135376,1641.500000
2025-12-08 00:56:41,1157.219849,1639.200000
2025-12-08 00:56:42,1155.364746,1639.700000
2025-12-08 00:56:43,1153.567383,1640.800000
2025-12-08 00:56:44,1151.824829,1647.300000
2025-12-08 00:56:45,1150.135010,1641.500000
2025-12-08 00:56:46,1148.495483,1645.700000
2025-12-08 00:56:47,1146.903809,1640.500000
2025-12-08 00:56:48,1145.358398,1641.500000
2025-12-08 00:56:49,1143.857056,1644.500000
2025-12-08 00:56:50,1142.397949,1642.400000
2025-12-08 00:56:51,1140.979736,1639.600000
2025-12-08 00:56:52,1139.600220,1639.500000
2025-12-08 00:56:53,1138.257935,1639.800000
2025-12-08 00:56:54,1136.951538,1641.000000
2025-12-08 00:56:55,1135.679688,1643.300000
2025-12-08 00:56:56,1134.440918,1641.000000
2025-12-08 00:56:57,1133.233887,1640.800000
2025-12-08 00:56:58,1132.057617,1641.800000
2025-12-08 00:56:59,1130.910889,1646.200000
2025-12-08 00:57:00,1415.518433,1647.100000
2025-12-08 00:57:01,1370.105347,1649.200000
2025-12-08 00:57:02,1349.358643,1648.100000
2025-12-08 00:57:03,1335.109009,1646.700000
2025-12-08 00:57:04,1323.488647,1649.400000
2025-12-08 00:57:05,1313.282593,1654.400000
2025-12-08 00:57:06,1303.984985,1654.200000
2025-12-08 00:57:07,1295.347900,1643.100000
2025-12-08 00:57:08,1287.239746,1642.000000
2025-12-08 00:57:09,1279.584839,1646.600000
2025-12-08 00:57:10,1272.336182,1650.500000
2025-12-08 00:57:11,1265.461670,1645.700000
2025-12-08 00:57:12,1258.935913,1646.800000
2025-12-08 00:57:13,1252.737793,1662.800000
2025-12-08 00:57:14,1246.848389,1647.300000
2025-12-08 00:57:15,1241.249756,1649.300000
2025-12-08 00:57:16,1235.925171,1646.600000
2025-12-08 00:57:17,1230.859009,1646.400000
2025-12-08 00:57:18,1226.035645,1649.000000
2025-12-08 00:57:19,1221.440308,1647.900000
2025-12-08 00:57:20,1217.059570,1653.600000
2025-12-08 00:57:21,1212.880371,1657.000000
2025-12-08 00:57:22,1208.890259,1655.200000
2025-12-08 00:57:23,1205.077759,1653.600000
2025-12-08 00:57:24,1201.431763,1647.900000
2025-12-08 00:57:25,1197.942261,1647.300000
2025-12-08 00:57:26,1194.599731,1652.400000
2025-12-08 00:57:27,1191.395020,1649.700000
2025-12-08 00:57:28,1188.320312,1650.000000
2025-12-08 00:57:29,1185.367676,1649.200000
2025-12-08 00:57:30,1182.530273,1648.200000
2025-12-08 00:57:31,1179.801025,1654.500000
2025-12-08 00:57:32,1177.174072,1659.000000
2025-12-08 00:57:33,1174.643921,1655.300000
2025-12-08 00:57:34,1172.204956,1674.100000
2025-12-08 00:57:35,1169.852417,1658.400000
2025-12-08 00:57:36,1167.581787,1654.000000
2025-12-08 00:57:37,1165.389038,1657.400000
2025-12-08 00:57:38,1163.270020,1657.700000
2025-12-08 00:57:39,1161.220825,1657.300000
2025-12-08 00:57:40,1159.238647,1656.700000
2025-12-08 00:57:41,1157.319824,1659.100000
2025-12-08 00:57:42,1155.461670,1658.300000
2025-12-08 00:57:43,1153.661133,1660.300000
2025-12-08 00:57:44,1151.915771,1661.100000
2025-12-08 00:57:45,1150.223389,1660.800000
2025-12-08 00:57:46,1148.580933,1658.200000
2025-12-08 00:57:47,1146.986938,1659.200000
2025-12-08 00:57:48,1145.439087,1656.700000
2025-12-08 00:57:49,1143.935425,1656.200000
2025-12-08 00:57:50,1142.474365,1662.300000
2025-12-08 00:57:51,1141.053711,1660.300000
2025-12-08 00:57:52,1139.672241,1656.600000
2025-12-08 00:57:53,1138.328003,1657.800000
2025-12-08 00:57:54,1137.019897,1658.600000
2025-12-08 00:57:55,1135.746094,1659.000000
2025-12-08 00:57:56,1134.505493,1659.700000
2025-12-08 00:57:57,1133.296875,1656.900000
2025-12-08 00:57:58,1132.119019,1668.100000
2025-12-08 00:57:59,1130.970703,1666.100000
2025-12-08 00:58:00,1418.274902,1661.500000
2025-12-08 00:58:01,1372.349731,1671.200000
2025-12-08 00:58:02,1351.413940,1664.700000
2025-12-08 00:58:03,1337.061401,1683.100000
2025-12-08 00:58:04,1325.362549,1665.200000
2025-12-08 00:58:05,1315.085938,1663.600000
2025-12-08 00:58:06,1305.719604,1662.600000
2025-12-08 00:58:07,1297.014771,1666.600000
2025-12-08 00:58:08,1288.838867,1665.000000
2025-12-08 00:58:09,1281.117065,1662.800000
2025-12-08 00:58:10,1273.802856,1663.400000
2025-12-08 00:58:11,1266.864136,1663.800000
2025-12-08 00:58:12,1260.276489,1667.800000
2025-12-08 00:58:13,1254.018555,1674.400000
2025-12-08 00:58:14,1248.071899,1665.700000
2025-12-08 00:58:15,1242.418335,1664.700000
2025-12-08 00:58:16,1237.041626,1667.000000
2025-12-08 00:58:17,1231.925415,1662.400000
2025-12-08 00:58:18,1227.054688,1665.400000
2025-12-08 00:58:19,1222.414551,1681.400000
2025-12-08 00:58:20,1217.991455,1706.500000
2025-12-08 00:58:21,1213.772217,1674.000000
2025-12-08 00:58:22,1209.744263,1688.900000
2025-12-08 00:58:23,1205.895996,1675.500000
2025-12-08 00:58:24,1202.216431,1673.700000
2025-12-08 00:58:25,1198.695068,1674.300000
2025-12-08 00:58:26,1195.322632,1669.600000
2025-12-08 00:58:27,1192.089844,1666.800000
2025-12-08 00:58:28,1188.988159,1672.800000
2025-12-08 00:58:29,1186.010254,1676.300000
2025-12-08 00:58:30,1183.148682,1675.500000
2025-12-08 00:58:31,1180.396851,1675.900000
2025-12-08 00:58:32,1177.748291,1675.300000
2025-12-08 00:58:33,1175.197388,1672.700000
2025-12-08 00:58:34,1172.739014,1677.400000
2025-12-08 00:58:35,1170.368164,1679.600000
2025-12-08 00:58:36,1168.079956,1678.300000
2025-12-08 00:58:37,1165.870361,1680.900000
2025-12-08 00:58:38,1163.735229,1681.800000
2025-12-08 00:58:39,1161.671021,1680.200000
2025-12-08 00:58:40,1159.674316,1699.800000
2025-12-08 00:58:41,1157.741699,1683.900000
2025-12-08 00:58:42,1155.870117,1673.200000
2025-12-08 00:58:43,1154.057007,1681.400000
2025-12-08 00:58:44,1152.299561,1677.300000
2025-12-08 00:58:45,1150.595581,1679.100000
2025-12-08 00:58:46,1148.942261,1693.000000
2025-12-08 00:58:47,1147.337646,1678.300000
2025-12-08 00:58:48,1145.779663,1681.100000
2025-12-08 00:58:49,1144.266235,1679.300000
2025-12-08 00:58:50,1142.795654,1678.600000
2025-12-08 00:58:51,1141.366211,1683.700000
2025-12-08 00:58:52,1139.976074,1680.300000
2025-12-08 00:58:53,1138.623779,1681.300000
2025-12-08 00:58:54,1137.307617,1680.900000
2025-12-08 00:58:55,1136.026367,1684.500000
2025-12-08 00:58:56,1134.778442,1689.500000
2025-12-08 00:58:57,1133.562744,1682.600000
2025-12-08 00:58:58,1132.378052,1694.800000
2025-12-08 00:58:59,1131.223389,1684.600000
2025-12-08 00:59:00,1426.398560,1684.800000
2025-12-08 00:59:01,1377.971069,1692.400000
2025-12-08 00:59:02,1356.230591,1688.100000
2025-12-08 00:59:03,1341.499756,1688.400000
2025-12-08 00:59:04,1329.560059,1691.100000
2025-12-08 00:59:05,1319.094727,1686.800000
2025-12-08 00:59:06,1309.561157,1689.800000
2025-12-08 00:59:07,1300.698242,1701.300000
2025-12-08 00:59:08,1292.369629,1692.300000
2025-12-08 00:59:09,1284.498413,1690.100000
2025-12-08 00:59:10,1277.038452,1693.400000
2025-12-08 00:59:11,1269.957886,1692.100000
2025-12-08 00:59:12,1263.232788,1694.700000
2025-12-08 00:59:13,1256.842407,1701.600000
2025-12-08 00:59:14,1250.768188,1699.700000
2025-12-08 00:59:15,1244.993286,1692.700000
2025-12-08 00:59:16,1239.500488,1695.100000
2025-12-08 00:59:17,1234.273926,1695.400000
2025-12-08 00:59:18,1229.298340,1697.100000
2025-12-08 00:59:19,1224.558960,1699.500000
2025-12-08 00:59:20,1220.041992,1704.400000
2025-12-08 00:59:21,1215.733765,1703.700000
2025-12-08 00:59:22,1211.621948,1704.500000
2025-12-08 00:59:23,1207.694580,1696.200000
2025-12-08 00:59:24,1203.940430,1697.200000
2025-12-08 00:59:25,1200.348633,1699.800000
2025-12-08 00:59:26,1196.909546,1697.600000
2025-12-08 00:59:27,1193.613892,1707.000000
2025-12-08 00:59:28,1190.453125,1706.300000
2025-12-08 00:59:29,1187.419067,1699.700000
2025-12-08 00:59:30,1184.504150,1698.400000
2025-12-08 00:59:31,1181.702026,1700.000000
2025-12-08 00:59:32,1179.005859,1700.900000
2025-12-08 00:59:33,1176.409912,1707.700000
2025-12-08 00:59:34,1173.908691,1702.100000
2025-12-08 00:59:35,1171.496826,1717.700000
2025-12-08 00:59:36,1169.169922,1700.700000
2025-12-08 00:59:37,1166.923218,1701.900000
2025-12-08 00:59:38,1164.752930,1702.200000
2025-12-08 00:59:39,1162.655273,1702.100000
2025-12-08 00:59:40,1160.626465,1707.800000
2025-12-08 00:59:41,1158.663208,1708.900000
2025-12-08 00:59:42,1156.762817,1703.000000
2025-12-08 00:59:43,1154.921875,1711.000000
2025-12-08 00:59:44,1153.137817,1708.700000
2025-12-08 00:59:45,1151.408203,1707.600000
2025-12-08 00:59:46,1149.730713,1702.100000
2025-12-08 00:59:47,1148.102783,1702.800000
2025-12-08 00:59:48,1146.522583,1705.800000
2025-12-08 00:59:49,1144.987915,1710.000000
2025-12-08 00:59:50,1143.497070,1708.300000
2025-12-08 00:59:51,1142.047974,1731.300000
2025-12-08 00:59:52,1140.639038,1706.800000
2025-12-08 00:59:53,1139.268433,1705.300000
2025-12-08 00:59:54,1137.935181,1708.700000
2025-12-08 00:59:55,1136.637207,1707.500000
2025-12-08 00:59:56,1135.373413,1706.700000
2025-12-08 00:59:57,1134.142334,1706.400000
2025-12-08 00:59:58,1132.942993,1711.000000
2025-12-08 00:59:59,1131.773926,1725.600000
