block,id,sensor_id,sensor_energy_value,sensor_timestamp,message_delay,,block,id,sensor_id,sensor_energy_value_prediction,sensor_timestamp
0,0,3,732.8,2025-12-08 00:00:00,59159.0,,0,0,3,863.633545,2025-12-08 00:01:00
0,1,3,758.9,2025-12-08 00:00:01,58155.0,,0,1,3,888.579468,2025-12-08 00:01:01
0,2,3,738.8,2025-12-08 00:00:02,57152.0,,0,2,3,916.653442,2025-12-08 00:01:02
0,3,3,735.0,2025-12-08 00:00:03,56150.0,,0,3,3,946.357056,2025-12-08 00:01:03
0,4,3,729.9,2025-12-08 00:00:04,55147.0,,0,4,3,976.499695,2025-12-08 00:01:04
0,5,3,730.7,2025-12-08 00:00:05,54145.0,,0,5,3,1006.196594,2025-12-08 00:01:05
0,6,3,728.5,2025-12-08 00:00:06,53143.0,,0,6,3,1034.818359,2025-12-08 00:01:06
0,7,3,734.5,2025-12-08 00:00:07,52140.0,,0,7,3,1061.94812,2025-12-08 00:01:07
0,8,3,721.5,2025-12-08 00:00:08,51137.0,,0,8,3,1087.343018,2025-12-08 00:01:08
0,9,3,752.0,2025-12-08 00:00:09,50135.0,,0,9,3,1110.898926,2025-12-08 00:01:09
0,10,3,752.4,2025-12-08 00:00:10,49133.0,,0,10,3,1132.617554,2025-12-08 00:01:10
0,11,3,733.0,2025-12-08 00:00:11,48130.0,,0,11,3,1152.576904,2025-12-08 00:01:11
0,12,3,742.4,2025-12-08 00:00:12,47128.0,,0,12,3,1170.905029,2025-12-08 00:01:12
0,13,3,742.4,2025-12-08 00:00:13,46126.0,,0,13,3,1187.758423,2025-12-08 00:01:13
0,14,3,729.4,2025-12-08 00:00:14,45125.0,,0,14,3,1203.304443,2025-12-08 00:01:14
0,15,3,720.8,2025-12-08 00:00:15,44122.0,,0,15,3,1217.707886,2025-12-08 00:01:15
0,16,3,739.3,2025-12-08 00:00:16,43119.0,,0,16,3,1231.122803,2025-12-08 00:01:16
0,17,3,715.1,2025-12-08 00:00:17,42117.0,,0,17,3,1243.686157,2025-12-08 00:01:17
0,18,3,740.9,2025-12-08 00:00:18,41115.0,,0,18,3,1255.516479,2025-12-08 00:01:18
0,19,3,749.5,2025-12-08 00:00:19,40112.0,,0,19,3,1266.712646,2025-12-08 00:01:19
0,20,3,725.2,2025-12-08 00:00:20,39110.0,,0,20,3,1277.355835,2025-12-08 00:01:20
0,21,3,712.8,2025-12-08 00:00:21,38108.0,,0,21,3,1287.510986,2025-12-08 00:01:21
0,22,3,733.7,2025-12-08 00:00:22,37105.0,,0,22,3,1297.229004,2025-12-08 00:01:22
0,23,3,737.8,2025-12-08 00:00:23,36102.0,,0,23,3,1306.550903,2025-12-08 00:01:23
0,24,3,734.9,2025-12-08 00:00:24,35100.0,,0,24,3,1315.508423,2025-12-08 00:01:24
0,25,3,697.5,2025-12-08 00:00:25,34098.0,,0,25,3,1324.127075,2025-12-08 00:01:25
0,26,3,731.8,2025-12-08 00:00:26,33095.0,,0,26,3,1332.427979,2025-12-08 00:01:26
0,27,3,752.0,2025-12-08 00:00:27,32093.0,,0,27,3,1340.428955,2025-12-08 00:01:27
0,28,3,729.9,2025-12-08 00:00:28,31090.0,,0,28,3,1348.145508,2025-12-08 00:01:28
0,29,3,719.2,2025-12-08 00:00:29,30087.0,,0,29,3,1355.591797,2025-12-08 00:01:29
0,30,3,708.9,2025-12-08 00:00:30,29086.0,,0,30,3,1362.781494,2025-12-08 00:01:30
0,31,3,739.6,2025-12-08 00:00:31,28084.0,,0,31,3,1369.726807,2025-12-08 00:01:31
0,32,3,729.6,2025-12-08 00:00:32,27081.0,,0,32,3,1376.440186,2025-12-08 00:01:32
0,33,3,852.3,2025-12-08 00:00:33,26080.0,,0,33,3,1382.933594,2025-12-08 00:01:33
0,34,3,849.2,2025-12-08 00:00:34,25078.0,,0,34,3,1389.218384,2025-12-08 00:01:34
0,35,3,830.6,2025-12-08 00:00:35,24076.0,,0,35,3,1395.305176,2025-12-08 00:01:35
0,36,3,842.4,2025-12-08 00:00:36,23073.0,,0,36,3,1401.204712,2025-12-08 00:01:36
0,37,3,724.9,2025-12-08 00:00:37,22071.0,,0,37,3,1406.926758,2025-12-08 00:01:37
0,38,3,829.1,2025-12-08 00:00:38,21069.0,,0,38,3,1412.480713,2025-12-08 00:01:38
0,39,3,890.7,2025-12-08 00:00:39,20067.0,,0,39,3,1417.875244,2025-12-08 00:01:39
0,40,3,869.4,2025-12-08 00:00:40,19064.0,,0,40,3,1423.118408,2025-12-08 00:01:40
0,41,3,838.3,2025-12-08 00:00:41,18062.0,,0,41,3,1428.218018,2025-12-08 00:01:41
0,42,3,758.6,2025-12-08 00:00:42,17060.0,,0,42,3,1433.18103,2025-12-08 00:01:42
0,43,3,780.2,2025-12-08 00:00:43,16058.0,,0,43,3,1438.013916,2025-12-08 00:01:43
0,44,3,849.8,2025-12-08 00:00:44,15056.0,,0,44,3,1442.7229,2025-12-08 00:01:44
0,45,3,835.6,2025-12-08 00:00:45,14055.0,,0,45,3,1447.313721,2025-12-08 00:01:45
0,46,3,832.4,2025-12-08 00:00:46,13053.0,,0,46,3,1451.791504,2025-12-08 00:01:46
0,47,3,829.0,2025-12-08 00:00:47,12051.0,,0,47,3,1456.161255,2025-12-08 00:01:47
0,48,3,821.2,2025-12-08 00:00:48,11049.0,,0,48,3,1460.427612,2025-12-08 00:01:48
0,49,3,846.4,2025-12-08 00:00:49,10046.0,,0,49,3,1464.594971,2025-12-08 00:01:49
0,50,3,844.9,2025-12-08 00:00:50,9043.0,,0,50,3,1468.667725,2025-12-08 00:01:50
0,51,3,850.7,2025-12-08 00:00:51,8041.0,,0,51,3,1472.64917,2025-12-08 00:01:51
0,52,3,777.1,2025-12-08 00:00:52,7038.0,,0,52,3,1476.543213,2025-12-08 00:01:52
0,53,3,773.4,2025-12-08 00:00:53,6033.0,,0,53,3,1480.353516,2025-12-08 00:01:53
0,54,3,779.0,2025-12-08 00:00:54,5031.0,,0,54,3,1484.083374,2025-12-08 00:01:54
0,55,3,757.6,2025-12-08 00:00:55,4029.0,,0,55,3,1487.735962,2025-12-08 00:01:55
0,56,3,789.2,2025-12-08 00:00:56,3026.0,,0,56,3,1491.314087,2025-12-08 00:01:56
0,57,3,771.7,2025-12-08 00:00:57,2024.0,,0,57,3,1494.820679,2025-12-08 00:01:57
0,58,3,760.5,2025-12-08 00:00:58,1022.0,,0,58,3,1498.258545,2025-12-08 00:01:58
0,59,3,756.6,2025-12-08 00:00:59,19.0,,0,59,3,1501.630249,2025-12-08 00:01:59
1,0,3,1277.1,2025-12-08 00:01:00,59152.0,,1,0,3,1365.731079,2025-12-08 00:02:00
1,1,3,1288.3,2025-12-08 00:01:01,58150.0,,1,1,3,1373.374878,2025-12-08 00:02:01
1,2,3,1285.6,2025-12-08 00:01:02,57148.0,,1,2,3,1381.188599,2025-12-08 00:02:02
1,3,3,1293.3,2025-12-08 00:01:03,56145.0,,1,3,3,1388.930054,2025-12-08 00:02:03
1,4,3,1304.5,2025-12-08 00:01:04,55143.0,,1,4,3,1396.421997,2025-12-08 00:02:04
1,5,3,1085.9,2025-12-08 00:01:05,54141.0,,1,5,3,1403.557739,2025-12-08 00:02:05
1,6,3,1252.3,2025-12-08 00:01:06,53138.0,,1,6,3,1410.287476,2025-12-08 00:02:06
1,7,3,1078.1,2025-12-08 00:01:07,52136.0,,1,7,3,1416.604248,2025-12-08 00:02:07
1,8,3,1039.3,2025-12-08 00:01:08,51134.0,,1,8,3,1422.529175,2025-12-08 00:02:08
1,9,3,1125.1,2025-12-08 00:01:09,50132.0,,1,9,3,1428.100098,2025-12-08 00:02:09
1,10,3,1057.5,2025-12-08 00:01:10,49129.0,,1,10,3,1433.362549,2025-12-08 00:02:10
1,11,3,1123.1,2025-12-08 00:01:11,48127.0,,1,11,3,1438.363525,2025-12-08 00:02:11
1,12,3,1125.9,2025-12-08 00:01:12,47124.0,,1,12,3,1443.145874,2025-12-08 00:02:12
1,13,3,1191.8,2025-12-08 00:01:13,46122.0,,1,13,3,1447.747681,2025-12-08 00:02:13
1,14,3,1187.2,2025-12-08 00:01:14,45119.0,,1,14,3,1452.199219,2025-12-08 00:02:14
1,15,3,1210.3,2025-12-08 00:01:15,44116.0,,1,15,3,1456.524902,2025-12-08 00:02:15
1,16,3,1231.5,2025-12-08 00:01:16,43113.0,,1,16,3,1460.742188,2025-12-08 00:02:16
1,17,3,1249.0,2025-12-08 00:01:17,42110.0,,1,17,3,1464.863892,2025-12-08 00:02:17
1,18,3,1280.0,2025-12-08 00:01:18,41107.0,,1,18,3,1468.898682,2025-12-08 00:02:18
1,19,3,1295.1,2025-12-08 00:01:19,40104.0,,1,19,3,1472.851685,2025-12-08 00:02:19
1,20,3,1324.6,2025-12-08 00:01:20,39101.0,,1,20,3,1476.726562,2025-12-08 00:02:20
1,21,3,1303.0,2025-12-08 00:01:21,38098.0,,1,21,3,1480.525146,2025-12-08 00:02:21
1,22,3,1314.5,2025-12-08 00:01:22,37095.0,,1,22,3,1484.249634,2025-12-08 00:02:22
1,23,3,1317.8,2025-12-08 00:01:23,36093.0,,1,23,3,1487.900635,2025-12-08 00:02:23
1,24,3,1319.5,2025-12-08 00:01:24,35091.0,,1,24,3,1491.479736,2025-12-08 00:02:24
1,25,3,1287.3,2025-12-08 00:01:25,34089.0,,1,25,3,1494.988525,2025-12-08 00:02:25
1,26,3,1312.8,2025-12-08 00:01:26,33086.0,,1,26,3,1498.428223,2025-12-08 00:02:26
1,27,3,1316.1,2025-12-08 00:01:27,32083.0,,1,27,3,1501.800903,2025-12-08 00:02:27
1,28,3,1301.7,2025-12-08 00:01:28,31081.0,,1,28,3,1505.108887,2025-12-08 00:02:28
1,29,3,1325.0,2025-12-08 00:01:29,30079.0,,1,29,3,1508.354248,2025-12-08 00:02:29
1,30,3,1325.5,2025-12-08 00:01:30,29077.0,,1,30,3,1511.539307,2025-12-08 00:02:30
1,31,3,1316.1,2025-12-08 00:01:31,28074.0,,1,31,3,1514.666138,2025-12-08 00:02:31
1,32,3,1308.1,2025-12-08 00:01:32,27072.0,,1,32,3,1517.737549,2025-12-08 00:02:32
1,33,3,1296.4,2025-12-08 00:01:33,26070.0,,1,33,3,1520.754883,2025-12-08 00:02:33
1,34,3,1316.9,2025-12-08 00:01:34,25067.0,,1,34,3,1523.721069,2025-12-08 00:02:34
1,35,3,1302.8,2025-12-08 00:01:35,24065.0,,1,35,3,1526.637573,2025-12-08 00:02:35
1,36,3,1318.8,2025-12-08 00:01:36,23062.0,,1,36,3,1529.50647,2025-12-08 00:02:36
1,37,3,1295.8,2025-12-08 00:01:37,22060.0,,1,37,3,1532.329346,2025-12-08 00:02:37
1,38,3,1297.2,2025-12-08 00:01:38,21058.0,,1,38,3,1535.107666,2025-12-08 00:02:38
1,39,3,1317.3,2025-12-08 00:01:39,20056.0,,1,39,3,1537.843628,2025-12-08 00:02:39
1,40,3,1306.7,2025-12-08 00:01:40,19054.0,,1,40,3,1540.537598,2025-12-08 00:02:40
1,41,3,1290.3,2025-12-08 00:01:41,18052.0,,1,41,3,1543.191895,2025-12-08 00:02:41
1,42,3,1331.7,2025-12-08 00:01:42,17049.0,,1,42,3,1545.807373,2025-12-08 00:02:42
1,43,3,1328.6,2025-12-08 00:01:43,16047.0,,1,43,3,1548.385498,2025-12-08 00:02:43
1,44,3,1329.1,2025-12-08 00:01:44,15045.0,,1,44,3,1550.927124,2025-12-08 00:02:44
1,45,3,1314.8,2025-12-08 00:01:45,14043.0,,1,45,3,1553.433594,2025-12-08 00:02:45
1,46,3,1332.3,2025-12-08 00:01:46,13041.0,,1,46,3,1555.906006,2025-12-08 00:02:46
1,47,3,1340.2,2025-12-08 00:01:47,12039.0,,1,47,3,1558.345337,2025-12-08 00:02:47
1,48,3,1339.2,2025-12-08 00:01:48,11035.0,,1,48,3,1560.752563,2025-12-08 00:02:48
1,49,3,1326.3,2025-12-08 00:01:49,10034.0,,1,49,3,1563.128906,2025-12-08 00:02:49
1,50,3,1343.7,2025-12-08 00:01:50,9032.0,,1,50,3,1565.475098,2025-12-08 00:02:50
1,51,3,1334.8,2025-12-08 00:01:51,8029.0,,1,51,3,1567.792114,2025-12-08 00:02:51
1,52,3,1320.7,2025-12-08 00:01:52,7027.0,,1,52,3,1570.080933,2025-12-08 00:02:52
1,53,3,1333.0,2025-12-08 00:01:53,6025.0,,1,53,3,1572.342529,2025-12-08 00:02:53
1,54,3,1332.2,2025-12-08 00:01:54,5023.0,,1,54,3,1574.577393,2025-12-08 00:02:54
1,55,3,1323.4,2025-12-08 00:01:55,4022.0,,1,55,3,1576.786499,2025-12-08 00:02:55
1,56,3,1347.8,2025-12-08 00:01:56,3019.0,,1,56,3,1578.970825,2025-12-08 00:02:56
1,57,3,1331.4,2025-12-08 00:01:57,2017.0,,1,57,3,1581.130859,2025-12-08 00:02:57
1,58,3,1354.8,2025-12-08 00:01:58,1015.0,,1,58,3,1583.267456,2025-12-08 00:02:58
1,59,3,1353.9,2025-12-08 00:01:59,13.0,,1,59,3,1585.381348,2025-12-08 00:02:59
2,0,3,1333.2,2025-12-08 00:02:00,59193.0,,2,0,3,1358.67627,2025-12-08 00:03:00
2,1,3,1334.5,2025-12-08 00:02:01,58191.0,,2,1,3,1364.975464,2025-12-08 00:03:01
2,2,3,1343.1,2025-12-08 00:02:02,57189.0,,2,2,3,1371.994385,2025-12-08 00:03:02
2,3,3,1331.1,2025-12-08 00:02:03,56186.0,,2,3,3,1379.424805,2025-12-08 00:03:03
2,4,3,1335.4,2025-12-08 00:02:04,55184.0,,2,4,3,1386.969238,2025-12-08 00:03:04
2,5,3,1337.7,2025-12-08 00:02:05,54182.0,,2,5,3,1394.405884,2025-12-08 00:03:05
2,6,3,1328.9,2025-12-08 00:02:06,53180.0,,2,6,3,1401.585938,2025-12-08 00:03:06
2,7,3,1333.0,2025-12-08 00:02:07,52178.0,,2,7,3,1408.423462,2025-12-08 00:03:07
2,8,3,1320.5,2025-12-08 00:02:08,51175.0,,2,8,3,1414.880981,2025-12-08 00:03:08
2,9,3,1314.3,2025-12-08 00:02:09,50173.0,,2,9,3,1420.957764,2025-12-08 00:03:09
2,10,3,1354.9,2025-12-08 00:02:10,49155.0,,2,10,3,1426.675537,2025-12-08 00:03:10
2,11,3,1329.3,2025-12-08 00:02:11,48154.0,,2,11,3,1432.070679,2025-12-08 00:03:11
2,12,3,1340.8,2025-12-08 00:02:12,47152.0,,2,12,3,1437.185181,2025-12-08 00:03:12
2,13,3,1322.0,2025-12-08 00:02:13,46151.0,,2,13,3,1442.060547,2025-12-08 00:03:13
2,14,3,1350.0,2025-12-08 00:02:14,45150.0,,2,14,3,1446.73584,2025-12-08 00:03:14
2,15,3,1358.8,2025-12-08 00:02:15,44148.0,,2,15,3,1451.243774,2025-12-08 00:03:15
2,16,3,1343.2,2025-12-08 00:02:16,43146.0,,2,16,3,1455.611694,2025-12-08 00:03:16
2,17,3,1335.0,2025-12-08 00:02:17,42144.0,,2,17,3,1459.860718,2025-12-08 00:03:17
2,18,3,1347.6,2025-12-08 00:02:18,41143.0,,2,18,3,1464.005981,2025-12-08 00:03:18
2,19,3,1332.8,2025-12-08 00:02:19,40141.0,,2,19,3,1468.058838,2025-12-08 00:03:19
2,20,3,1325.8,2025-12-08 00:02:20,39139.0,,2,20,3,1472.026733,2025-12-08 00:03:20
2,21,3,1358.5,2025-12-08 00:02:21,38137.0,,2,21,3,1475.914673,2025-12-08 00:03:21
2,22,3,1348.1,2025-12-08 00:02:22,37136.0,,2,22,3,1479.72583,2025-12-08 00:03:22
2,23,3,1342.6,2025-12-08 00:02:23,36133.0,,2,23,3,1483.462402,2025-12-08 00:03:23
2,24,3,1341.2,2025-12-08 00:02:24,35131.0,,2,24,3,1487.125854,2025-12-08 00:03:24
2,25,3,1332.1,2025-12-08 00:02:25,34130.0,,2,25,3,1490.718018,2025-12-08 00:03:25
2,26,3,1326.1,2025-12-08 00:02:26,33128.0,,2,26,3,1494.239868,2025-12-08 00:03:26
2,27,3,1332.8,2025-12-08 00:02:27,32126.0,,2,27,3,1497.693115,2025-12-08 00:03:27
2,28,3,1338.5,2025-12-08 00:02:28,31124.0,,2,28,3,1501.07959,2025-12-08 00:03:28
2,29,3,1347.5,2025-12-08 00:02:29,30123.0,,2,29,3,1504.401123,2025-12-08 00:03:29
2,30,3,1335.8,2025-12-08 00:02:30,29121.0,,2,30,3,1507.659668,2025-12-08 00:03:30
2,31,3,1320.1,2025-12-08 00:02:31,28120.0,,2,31,3,1510.857788,2025-12-08 00:03:31
2,32,3,1320.5,2025-12-08 00:02:32,27118.0,,2,32,3,1513.997192,2025-12-08 00:03:32
2,33,3,1326.1,2025-12-08 00:02:33,26116.0,,2,33,3,1517.080444,2025-12-08 00:03:33
2,34,3,1324.2,2025-12-08 00:02:34,25114.0,,2,34,3,1520.109619,2025-12-08 00:03:34
2,35,3,1344.2,2025-12-08 00:02:35,24107.0,,2,35,3,1523.086792,2025-12-08 00:03:35
2,36,3,1349.5,2025-12-08 00:02:36,23105.0,,2,36,3,1526.013916,2025-12-08 00:03:36
2,37,3,1345.9,2025-12-08 00:02:37,22103.0,,2,37,3,1528.892944,2025-12-08 00:03:37
2,38,3,1328.8,2025-12-08 00:02:38,21101.0,,2,38,3,1531.725342,2025-12-08 00:03:38
2,39,3,1323.6,2025-12-08 00:02:39,20099.0,,2,39,3,1534.513306,2025-12-08 00:03:39
2,40,3,1346.0,2025-12-08 00:02:40,19097.0,,2,40,3,1537.258057,2025-12-08 00:03:40
2,41,3,1311.0,2025-12-08 00:02:41,18096.0,,2,41,3,1539.960938,2025-12-08 00:03:41
2,42,3,1328.2,2025-12-08 00:02:42,17095.0,,2,42,3,1542.623413,2025-12-08 00:03:42
2,43,3,1300.0,2025-12-08 00:02:43,16093.0,,2,43,3,1545.247192,2025-12-08 00:03:43
2,44,3,1329.5,2025-12-08 00:02:44,15091.0,,2,44,3,1547.83313,2025-12-08 00:03:44
2,45,3,1325.4,2025-12-08 00:02:45,14088.0,,2,45,3,1550.382446,2025-12-08 00:03:45
2,46,3,1347.3,2025-12-08 00:02:46,13086.0,,2,46,3,1552.89624,2025-12-08 00:03:46
2,47,3,1324.2,2025-12-08 00:02:47,12084.0,,2,47,3,1555.375732,2025-12-08 00:03:47
2,48,3,1332.1,2025-12-08 00:02:48,11083.0,,2,48,3,1557.822266,2025-12-08 00:03:48
2,49,3,1332.0,2025-12-08 00:02:49,10082.0,,2,49,3,1560.236084,2025-12-08 00:03:49
2,50,3,1327.2,2025-12-08 00:02:50,9079.0,,2,50,3,1562.619263,2025-12-08 00:03:50
2,51,3,1332.4,2025-12-08 00:02:51,8076.0,,2,51,3,1564.971802,2025-12-08 00:03:51
2,52,3,1314.3,2025-12-08 00:02:52,7074.0,,2,52,3,1567.295044,2025-12-08 00:03:52
2,53,3,1324.9,2025-12-08 00:02:53,6068.0,,2,53,3,1569.589966,2025-12-08 00:03:53
2,54,3,1334.8,2025-12-08 00:02:54,5067.0,,2,54,3,1571.8573,2025-12-08 00:03:54
2,55,3,1333.9,2025-12-08 00:02:55,4065.0,,2,55,3,1574.0979,2025-12-08 00:03:55
2,56,3,1342.3,2025-12-08 00:02:56,3063.0,,2,56,3,1576.312622,2025-12-08 00:03:56
2,57,3,1346.8,2025-12-08 00:02:57,2057.0,,2,57,3,1578.502197,2025-12-08 00:03:57
2,58,3,1334.5,2025-12-08 00:02:58,1049.0,,2,58,3,1580.667358,2025-12-08 00:03:58
2,59,3,1338.4,2025-12-08 00:02:59,45.0,,2,59,3,1582.80896,2025-12-08 00:03:59
3,0,3,1429.6,2025-12-08 00:03:00,59135.0,,3,0,3,1513.795288,2025-12-08 00:04:00
3,1,3,1443.4,2025-12-08 00:03:01,58133.0,,3,1,3,1522.417114,2025-12-08 00:04:01
3,2,3,1423.7,2025-12-08 00:03:02,57129.0,,3,2,3,1528.591187,2025-12-08 00:04:02
3,3,3,1443.7,2025-12-08 00:03:03,56125.0,,3,3,3,1532.781616,2025-12-08 00:04:03
3,4,3,1429.4,2025-12-08 00:03:04,55117.0,,3,4,3,1535.551392,2025-12-08 00:04:04
3,5,3,1438.0,2025-12-08 00:03:05,54114.0,,3,5,3,1537.412476,2025-12-08 00:04:05
3,6,3,1451.8,2025-12-08 00:03:06,53110.0,,3,6,3,1538.783081,2025-12-08 00:04:06
3,7,3,1423.5,2025-12-08 00:03:07,52108.0,,3,7,3,1539.975342,2025-12-08 00:04:07
3,8,3,1442.7,2025-12-08 00:03:08,51107.0,,3,8,3,1541.200928,2025-12-08 00:04:08
3,9,3,1434.7,2025-12-08 00:03:09,50103.0,,3,9,3,1542.585327,2025-12-08 00:04:09
3,10,3,1430.3,2025-12-08 00:03:10,49100.0,,3,10,3,1544.187012,2025-12-08 00:04:10
3,11,3,1436.4,2025-12-08 00:03:11,48099.0,,3,11,3,1546.016724,2025-12-08 00:04:11
3,12,3,1458.8,2025-12-08 00:03:12,47097.0,,3,12,3,1548.053589,2025-12-08 00:04:12
3,13,3,1452.5,2025-12-08 00:03:13,46096.0,,3,13,3,1550.260254,2025-12-08 00:04:13
3,14,3,1431.6,2025-12-08 00:03:14,45094.0,,3,14,3,1552.592285,2025-12-08 00:04:14
3,15,3,1427.9,2025-12-08 00:03:15,44092.0,,3,15,3,1555.006226,2025-12-08 00:04:15
3,16,3,1440.3,2025-12-08 00:03:16,43090.0,,3,16,3,1557.463013,2025-12-08 00:04:16
3,17,3,1416.9,2025-12-08 00:03:17,42088.0,,3,17,3,1559.931152,2025-12-08 00:04:17
3,18,3,1433.0,2025-12-08 00:03:18,41086.0,,3,18,3,1562.387451,2025-12-08 00:04:18
3,19,3,1338.5,2025-12-08 00:03:19,40084.0,,3,19,3,1564.815063,2025-12-08 00:04:19
3,20,3,1345.7,2025-12-08 00:03:20,39083.0,,3,20,3,1567.2052,2025-12-08 00:04:20
3,21,3,1332.1,2025-12-08 00:03:21,38081.0,,3,21,3,1569.552734,2025-12-08 00:04:21
3,22,3,1331.7,2025-12-08 00:03:22,37079.0,,3,22,3,1571.857056,2025-12-08 00:04:22
3,23,3,1441.7,2025-12-08 00:03:23,36077.0,,3,23,3,1574.119995,2025-12-08 00:04:23
3,24,3,1416.2,2025-12-08 00:03:24,35076.0,,3,24,3,1576.344116,2025-12-08 00:04:24
3,25,3,1435.3,2025-12-08 00:03:25,34073.0,,3,25,3,1578.533813,2025-12-08 00:04:25
3,26,3,1443.7,2025-12-08 00:03:26,33072.0,,3,26,3,1580.692749,2025-12-08 00:04:26
3,27,3,1435.6,2025-12-08 00:03:27,32069.0,,3,27,3,1582.824219,2025-12-08 00:04:27
3,28,3,1463.0,2025-12-08 00:03:28,31068.0,,3,28,3,1584.931274,2025-12-08 00:04:28
3,29,3,1461.3,2025-12-08 00:03:29,30066.0,,3,29,3,1587.016479,2025-12-08 00:04:29
3,30,3,1422.7,2025-12-08 00:03:30,29064.0,,3,30,3,1589.081055,2025-12-08 00:04:30
3,31,3,1443.8,2025-12-08 00:03:31,28062.0,,3,31,3,1591.126953,2025-12-08 00:04:31
3,32,3,1442.5,2025-12-08 00:03:32,27061.0,,3,32,3,1593.154419,2025-12-08 00:04:32
3,33,3,1439.3,2025-12-08 00:03:33,26060.0,,3,33,3,1595.164307,2025-12-08 00:04:33
3,34,3,1436.9,2025-12-08 00:03:34,25059.0,,3,34,3,1597.15686,2025-12-08 00:04:34
3,35,3,1474.0,2025-12-08 00:03:35,24057.0,,3,35,3,1599.132324,2025-12-08 00:04:35
3,36,3,1433.3,2025-12-08 00:03:36,23056.0,,3,36,3,1601.090942,2025-12-08 00:04:36
3,37,3,1436.5,2025-12-08 00:03:37,22054.0,,3,37,3,1603.032715,2025-12-08 00:04:37
3,38,3,1458.5,2025-12-08 00:03:38,21052.0,,3,38,3,1604.95813,2025-12-08 00:04:38
3,39,3,1454.6,2025-12-08 00:03:39,20050.0,,3,39,3,1606.867188,2025-12-08 00:04:39
3,40,3,1435.0,2025-12-08 00:03:40,19049.0,,3,40,3,1608.760376,2025-12-08 00:04:40
3,41,3,1433.1,2025-12-08 00:03:41,18047.0,,3,41,3,1610.637817,2025-12-08 00:04:41
3,42,3,1434.0,2025-12-08 00:03:42,17045.0,,3,42,3,1612.500366,2025-12-08 00:04:42
3,43,3,1442.1,2025-12-08 00:03:43,16044.0,,3,43,3,1614.348022,2025-12-08 00:04:43
3,44,3,1442.0,2025-12-08 00:03:44,15043.0,,3,44,3,1616.181519,2025-12-08 00:04:44
3,45,3,1454.0,2025-12-08 00:03:45,14041.0,,3,45,3,1618.000854,2025-12-08 00:04:45
3,46,3,1439.8,2025-12-08 00:03:46,13039.0,,3,46,3,1619.807129,2025-12-08 00:04:46
3,47,3,1445.8,2025-12-08 00:03:47,12038.0,,3,47,3,1621.600464,2025-12-08 00:04:47
3,48,3,1459.5,2025-12-08 00:03:48,11037.0,,3,48,3,1623.381104,2025-12-08 00:04:48
3,49,3,1431.0,2025-12-08 00:03:49,10036.0,,3,49,3,1625.149902,2025-12-08 00:04:49
3,50,3,1435.0,2025-12-08 00:03:50,9034.0,,3,50,3,1626.907104,2025-12-08 00:04:50
3,51,3,1437.2,2025-12-08 00:03:51,8032.0,,3,51,3,1628.652832,2025-12-08 00:04:51
3,52,3,1456.0,2025-12-08 00:03:52,7031.0,,3,52,3,1630.388062,2025-12-08 00:04:52
3,53,3,1429.2,2025-12-08 00:03:53,6028.0,,3,53,3,1632.112427,2025-12-08 00:04:53
3,54,3,1419.8,2025-12-08 00:03:54,5020.0,,3,54,3,1633.826904,2025-12-08 00:04:54
3,55,3,1423.2,2025-12-08 00:03:55,4019.0,,3,55,3,1635.531616,2025-12-08 00:04:55
3,56,3,1476.1,2025-12-08 00:03:56,3017.0,,3,56,3,1637.226685,2025-12-08 00:04:56
3,57,3,1505.0,2025-12-08 00:03:57,2016.0,,3,57,3,1638.912598,2025-12-08 00:04:57
3,58,3,1502.6,2025-12-08 00:03:58,1015.0,,3,58,3,1640.5896,2025-12-08 00:04:58
3,59,3,1521.9,2025-12-08 00:03:59,12.0,,3,59,3,1642.258057,2025-12-08 00:04:59
4,0,3,1545.9,2025-12-08 00:04:00,59109.0,,4,0,3,1559.491089,2025-12-08 00:05:00
4,1,3,1555.1,2025-12-08 00:04:01,58107.0,,4,1,3,1558.737061,2025-12-08 00:05:01
4,2,3,1554.6,2025-12-08 00:04:02,57106.0,,4,2,3,1560.129395,2025-12-08 00:05:02
4,3,3,1556.3,2025-12-08 00:04:03,56103.0,,4,3,3,1563.009521,2025-12-08 00:05:03
4,4,3,1547.6,2025-12-08 00:04:04,55101.0,,4,4,3,1566.776367,2025-12-08 00:05:04
4,5,3,1542.1,2025-12-08 00:04:05,54099.0,,4,5,3,1570.950439,2025-12-08 00:05:05
4,6,3,1576.3,2025-12-08 00:04:06,53097.0,,4,6,3,1575.180908,2025-12-08 00:05:06
4,7,3,1550.0,2025-12-08 00:04:07,52095.0,,4,7,3,1579.234863,2025-12-08 00:05:07
4,8,3,1550.8,2025-12-08 00:04:08,51094.0,,4,8,3,1582.980225,2025-12-08 00:05:08
4,9,3,1556.9,2025-12-08 00:04:09,50092.0,,4,9,3,1586.361694,2025-12-08 00:05:09
4,10,3,1562.5,2025-12-08 00:04:10,49089.0,,4,10,3,1589.37915,2025-12-08 00:05:10
4,11,3,1533.3,2025-12-08 00:04:11,48087.0,,4,11,3,1592.067749,2025-12-08 00:05:11
4,12,3,1539.2,2025-12-08 00:04:12,47086.0,,4,12,3,1594.481445,2025-12-08 00:05:12
4,13,3,1519.8,2025-12-08 00:04:13,46084.0,,4,13,3,1596.680664,2025-12-08 00:05:13
4,14,3,1514.9,2025-12-08 00:04:14,45082.0,,4,14,3,1598.723389,2025-12-08 00:05:14
4,15,3,1509.9,2025-12-08 00:04:15,44080.0,,4,15,3,1600.660034,2025-12-08 00:05:15
4,16,3,1537.6,2025-12-08 00:04:16,43078.0,,4,16,3,1602.531372,2025-12-08 00:05:16
4,17,3,1557.2,2025-12-08 00:04:17,42077.0,,4,17,3,1604.36731,2025-12-08 00:05:17
4,18,3,1561.5,2025-12-08 00:04:18,41076.0,,4,18,3,1606.188232,2025-12-08 00:05:18
4,19,3,1537.7,2025-12-08 00:04:19,40074.0,,4,19,3,1608.006958,2025-12-08 00:05:19
4,20,3,1558.0,2025-12-08 00:04:20,39073.0,,4,20,3,1609.829102,2025-12-08 00:05:20
4,21,3,1551.4,2025-12-08 00:04:21,38072.0,,4,21,3,1611.656006,2025-12-08 00:05:21
4,22,3,1556.5,2025-12-08 00:04:22,37070.0,,4,22,3,1613.486572,2025-12-08 00:05:22
4,23,3,1555.0,2025-12-08 00:04:23,36069.0,,4,23,3,1615.317749,2025-12-08 00:05:23
4,24,3,1517.2,2025-12-08 00:04:24,35068.0,,4,24,3,1617.145752,2025-12-08 00:05:24
4,25,3,1515.8,2025-12-08 00:04:25,34067.0,,4,25,3,1618.967041,2025-12-08 00:05:25
4,26,3,1518.4,2025-12-08 00:04:26,33066.0,,4,26,3,1620.779297,2025-12-08 00:05:26
4,27,3,1520.5,2025-12-08 00:04:27,32064.0,,4,27,3,1622.579468,2025-12-08 00:05:27
4,28,3,1532.2,2025-12-08 00:04:28,31063.0,,4,28,3,1624.366821,2025-12-08 00:05:28
4,29,3,1530.2,2025-12-08 00:04:29,30062.0,,4,29,3,1626.140015,2025-12-08 00:05:29
4,30,3,1505.9,2025-12-08 00:04:30,29060.0,,4,30,3,1627.898926,2025-12-08 00:05:30
4,31,3,1500.1,2025-12-08 00:04:31,28059.0,,4,31,3,1629.644287,2025-12-08 00:05:31
4,32,3,1554.9,2025-12-08 00:04:32,27058.0,,4,32,3,1631.376587,2025-12-08 00:05:32
4,33,3,1552.3,2025-12-08 00:04:33,26056.0,,4,33,3,1633.096069,2025-12-08 00:05:33
4,34,3,1551.7,2025-12-08 00:04:34,25054.0,,4,34,3,1634.803955,2025-12-08 00:05:34
4,35,3,1551.4,2025-12-08 00:04:35,24052.0,,4,35,3,1636.500977,2025-12-08 00:05:35
4,36,3,1552.7,2025-12-08 00:04:36,23048.0,,4,36,3,1638.187988,2025-12-08 00:05:36
4,37,3,1563.8,2025-12-08 00:04:37,22047.0,,4,37,3,1639.865845,2025-12-08 00:05:37
4,38,3,1530.3,2025-12-08 00:04:38,21045.0,,4,38,3,1641.534912,2025-12-08 00:05:38
4,39,3,1565.4,2025-12-08 00:04:39,20043.0,,4,39,3,1643.195923,2025-12-08 00:05:39
4,40,3,1563.7,2025-12-08 00:04:40,19041.0,,4,40,3,1644.848999,2025-12-08 00:05:40
4,41,3,1546.5,2025-12-08 00:04:41,18040.0,,4,41,3,1646.494873,2025-12-08 00:05:41
4,42,3,1544.1,2025-12-08 00:04:42,17038.0,,4,42,3,1648.133667,2025-12-08 00:05:42
4,43,3,1545.1,2025-12-08 00:04:43,16037.0,,4,43,3,1649.765503,2025-12-08 00:05:43
4,44,3,1549.5,2025-12-08 00:04:44,15035.0,,4,44,3,1651.390991,2025-12-08 00:05:44
4,45,3,1548.9,2025-12-08 00:04:45,14034.0,,4,45,3,1653.01001,2025-12-08 00:05:45
4,46,3,1559.7,2025-12-08 00:04:46,13033.0,,4,46,3,1654.622925,2025-12-08 00:05:46
4,47,3,1570.9,2025-12-08 00:04:47,12031.0,,4,47,3,1656.229858,2025-12-08 00:05:47
4,48,3,1589.7,2025-12-08 00:04:48,11029.0,,4,48,3,1657.831055,2025-12-08 00:05:48
4,49,3,1602.0,2025-12-08 00:04:49,10028.0,,4,49,3,1659.426758,2025-12-08 00:05:49
4,50,3,1613.6,2025-12-08 00:04:50,9026.0,,4,50,3,1661.01709,2025-12-08 00:05:50
4,51,3,1591.9,2025-12-08 00:04:51,8025.0,,4,51,3,1662.602417,2025-12-08 00:05:51
4,52,3,1610.3,2025-12-08 00:04:52,7024.0,,4,52,3,1664.182983,2025-12-08 00:05:52
4,53,3,1607.5,2025-12-08 00:04:53,6021.0,,4,53,3,1665.758911,2025-12-08 00:05:53
4,54,3,1598.7,2025-12-08 00:04:54,5017.0,,4,54,3,1667.330444,2025-12-08 00:05:54
4,55,3,1583.6,2025-12-08 00:04:55,4016.0,,4,55,3,1668.898071,2025-12-08 00:05:55
4,56,3,1598.9,2025-12-08 00:04:56,3014.0,,4,56,3,1670.462036,2025-12-08 00:05:56
4,57,3,1549.7,2025-12-08 00:04:57,2013.0,,4,57,3,1672.022461,2025-12-08 00:05:57
4,58,3,1546.2,2025-12-08 00:04:58,1012.0,,4,58,3,1673.579712,2025-12-08 00:05:58
4,59,3,1556.2,2025-12-08 00:04:59,11.0,,4,59,3,1675.133911,2025-12-08 00:05:59
5,0,3,733.0,2025-12-08 00:05:00,59107.0,,5,0,3,865.811523,2025-12-08 00:06:00
5,1,3,753.9,2025-12-08 00:05:01,58105.0,,5,1,3,890.680054,2025-12-08 00:06:01
5,2,3,719.5,2025-12-08 00:05:02,57104.0,,5,2,3,918.64563,2025-12-08 00:06:02
5,3,3,715.1,2025-12-08 00:05:03,56102.0,,5,3,3,948.224792,2025-12-08 00:06:03
5,4,3,732.7,2025-12-08 00:05:04,55100.0,,5,4,3,978.236267,2025-12-08 00:06:04
5,5,3,725.7,2025-12-08 00:05:05,54099.0,,5,5,3,1007.801331,2025-12-08 00:06:05
5,6,3,746.4,2025-12-08 00:05:06,53097.0,,5,6,3,1036.295166,2025-12-08 00:06:06
5,7,3,728.7,2025-12-08 00:05:07,52095.0,,5,7,3,1063.304077,2025-12-08 00:06:07
5,8,3,726.2,2025-12-08 00:05:08,51094.0,,5,8,3,1088.58728,2025-12-08 00:06:08
5,9,3,751.5,2025-12-08 00:05:09,50093.0,,5,9,3,1112.041626,2025-12-08 00:06:09
5,10,3,729.6,2025-12-08 00:05:10,49092.0,,5,10,3,1133.669189,2025-12-08 00:06:10
5,11,3,722.8,2025-12-08 00:05:11,48091.0,,5,11,3,1153.547852,2025-12-08 00:06:11
5,12,3,728.7,2025-12-08 00:05:12,47089.0,,5,12,3,1171.80542,2025-12-08 00:06:12
5,13,3,732.4,2025-12-08 00:05:13,46087.0,,5,13,3,1188.597168,2025-12-08 00:06:13
5,14,3,734.7,2025-12-08 00:05:14,45085.0,,5,14,3,1204.089355,2025-12-08 00:06:14
5,15,3,749.6,2025-12-08 00:05:15,44084.0,,5,15,3,1218.445679,2025-12-08 00:06:15
5,16,3,718.1,2025-12-08 00:05:16,43083.0,,5,16,3,1231.819214,2025-12-08 00:06:16
5,17,3,740.8,2025-12-08 00:05:17,42081.0,,5,17,3,1244.346313,2025-12-08 00:06:17
5,18,3,723.3,2025-12-08 00:05:18,41079.0,,5,18,3,1256.144287,2025-12-08 00:06:18
5,19,3,746.9,2025-12-08 00:05:19,40077.0,,5,19,3,1267.311401,2025-12-08 00:06:19
5,20,3,725.7,2025-12-08 00:05:20,39076.0,,5,20,3,1277.927979,2025-12-08 00:06:20
5,21,3,739.8,2025-12-08 00:05:21,38074.0,,5,21,3,1288.058594,2025-12-08 00:06:21
5,22,3,723.3,2025-12-08 00:05:22,37072.0,,5,22,3,1297.75415,2025-12-08 00:06:22
5,23,3,733.5,2025-12-08 00:05:23,36070.0,,5,23,3,1307.055054,2025-12-08 00:06:23
5,24,3,743.9,2025-12-08 00:05:24,35069.0,,5,24,3,1315.992798,2025-12-08 00:06:24
5,25,3,739.6,2025-12-08 00:05:25,34067.0,,5,25,3,1324.593018,2025-12-08 00:06:25
5,26,3,721.5,2025-12-08 00:05:26,33065.0,,5,26,3,1332.876221,2025-12-08 00:06:26
5,27,3,764.9,2025-12-08 00:05:27,32063.0,,5,27,3,1340.86084,2025-12-08 00:06:27
5,28,3,751.7,2025-12-08 00:05:28,31062.0,,5,28,3,1348.561646,2025-12-08 00:06:28
5,29,3,717.9,2025-12-08 00:05:29,30060.0,,5,29,3,1355.993164,2025-12-08 00:06:29
5,30,3,732.5,2025-12-08 00:05:30,29058.0,,5,30,3,1363.168945,2025-12-08 00:06:30
5,31,3,713.8,2025-12-08 00:05:31,28056.0,,5,31,3,1370.101074,2025-12-08 00:06:31
5,32,3,728.0,2025-12-08 00:05:32,27054.0,,5,32,3,1376.802124,2025-12-08 00:06:32
5,33,3,868.2,2025-12-08 00:05:33,26052.0,,5,33,3,1383.283813,2025-12-08 00:06:33
5,34,3,831.3,2025-12-08 00:05:34,25051.0,,5,34,3,1389.557373,2025-12-08 00:06:34
5,35,3,832.1,2025-12-08 00:05:35,24049.0,,5,35,3,1395.633789,2025-12-08 00:06:35
5,36,3,824.8,2025-12-08 00:05:36,23047.0,,5,36,3,1401.523315,2025-12-08 00:06:36
5,37,3,757.7,2025-12-08 00:05:37,22045.0,,5,37,3,1407.235962,2025-12-08 00:06:37
5,38,3,832.6,2025-12-08 00:05:38,21044.0,,5,38,3,1412.781006,2025-12-08 00:06:38
5,39,3,873.5,2025-12-08 00:05:39,20043.0,,5,39,3,1418.167114,2025-12-08 00:06:39
5,40,3,841.8,2025-12-08 00:05:40,19041.0,,5,40,3,1423.402222,2025-12-08 00:06:40
5,41,3,862.4,2025-12-08 00:05:41,18040.0,,5,41,3,1428.494141,2025-12-08 00:06:41
5,42,3,771.9,2025-12-08 00:05:42,17039.0,,5,42,3,1433.449829,2025-12-08 00:06:42
5,43,3,744.2,2025-12-08 00:05:43,16037.0,,5,43,3,1438.275879,2025-12-08 00:06:43
5,44,3,819.5,2025-12-08 00:05:44,15035.0,,5,44,3,1442.978271,2025-12-08 00:06:44
5,45,3,835.6,2025-12-08 00:05:45,14033.0,,5,45,3,1447.562744,2025-12-08 00:06:45
5,46,3,831.7,2025-12-08 00:05:46,13032.0,,5,46,3,1452.034424,2025-12-08 00:06:46
5,47,3,832.3,2025-12-08 00:05:47,12031.0,,5,47,3,1456.398438,2025-12-08 00:06:47
5,48,3,848.7,2025-12-08 00:05:48,11029.0,,5,48,3,1460.659302,2025-12-08 00:06:48
5,49,3,825.9,2025-12-08 00:05:49,10028.0,,5,49,3,1464.821289,2025-12-08 00:06:49
5,50,3,844.1,2025-12-08 00:05:50,9027.0,,5,50,3,1468.888794,2025-12-08 00:06:50
5,51,3,854.0,2025-12-08 00:05:51,8025.0,,5,51,3,1472.865479,2025-12-08 00:06:51
5,52,3,771.9,2025-12-08 00:05:52,7024.0,,5,52,3,1476.754883,2025-12-08 00:06:52
5,53,3,762.8,2025-12-08 00:05:53,6022.0,,5,53,3,1480.560669,2025-12-08 00:06:53
5,54,3,775.7,2025-12-08 00:05:54,5020.0,,5,54,3,1484.286255,2025-12-08 00:06:54
5,55,3,781.3,2025-12-08 00:05:55,4019.0,,5,55,3,1487.93457,2025-12-08 00:06:55
5,56,3,779.9,2025-12-08 00:05:56,3017.0,,5,56,3,1491.508789,2025-12-08 00:06:56
5,57,3,782.0,2025-12-08 00:05:57,2014.0,,5,57,3,1495.011597,2025-12-08 00:06:57
5,58,3,758.1,2025-12-08 00:05:58,1013.0,,5,58,3,1498.445557,2025-12-08 00:06:58
5,59,3,759.9,2025-12-08 00:05:59,10.0,,5,59,3,1501.813599,2025-12-08 00:06:59
6,0,3,1250.9,2025-12-08 00:06:00,59236.0,,6,0,3,1368.402832,2025-12-08 00:07:00
6,1,3,1288.0,2025-12-08 00:06:01,58234.0,,6,1,3,1374.696167,2025-12-08 00:07:01
6,2,3,1274.5,2025-12-08 00:06:02,57232.0,,6,2,3,1381.620117,2025-12-08 00:07:02
6,3,3,1292.7,2025-12-08 00:06:03,56231.0,,6,3,3,1388.841064,2025-12-08 00:07:03
6,4,3,1254.0,2025-12-08 00:06:04,55230.0,,6,4,3,1396.094116,2025-12-08 00:07:04
6,5,3,1089.2,2025-12-08 00:06:05,54223.0,,6,5,3,1403.190308,2025-12-08 00:07:05
6,6,3,1239.3,2025-12-08 00:06:06,53222.0,,6,6,3,1410.008545,2025-12-08 00:07:06
6,7,3,1069.5,2025-12-08 00:06:07,52198.0,,6,7,3,1416.483765,2025-12-08 00:07:07
6,8,3,1035.6,2025-12-08 00:06:08,51195.0,,6,8,3,1422.594116,2025-12-08 00:07:08
6,9,3,1134.6,2025-12-08 00:06:09,50192.0,,6,9,3,1428.347412,2025-12-08 00:07:09
6,10,3,1059.3,2025-12-08 00:06:10,49165.0,,6,10,3,1433.770752,2025-12-08 00:07:10
6,11,3,1095.8,2025-12-08 00:06:11,48163.0,,6,11,3,1438.901489,2025-12-08 00:07:11
6,12,3,1146.2,2025-12-08 00:06:12,47109.0,,6,12,3,1443.780151,2025-12-08 00:07:12
6,13,3,1160.7,2025-12-08 00:06:13,46108.0,,6,13,3,1448.445679,2025-12-08 00:07:13
6,14,3,1181.4,2025-12-08 00:06:14,45104.0,,6,14,3,1452.933228,2025-12-08 00:07:14
6,15,3,1205.4,2025-12-08 00:06:15,44102.0,,6,15,3,1457.272705,2025-12-08 00:07:15
6,16,3,1253.4,2025-12-08 00:06:16,43100.0,,6,16,3,1461.487305,2025-12-08 00:07:16
6,17,3,1247.2,2025-12-08 00:06:17,42096.0,,6,17,3,1465.594971,2025-12-08 00:07:17
6,18,3,1272.4,2025-12-08 00:06:18,41085.0,,6,18,3,1469.609009,2025-12-08 00:07:18
6,19,3,1283.5,2025-12-08 00:06:19,40080.0,,6,19,3,1473.537964,2025-12-08 00:07:19
6,20,3,1319.8,2025-12-08 00:06:20,39079.0,,6,20,3,1477.388062,2025-12-08 00:07:20
6,21,3,1298.5,2025-12-08 00:06:21,38077.0,,6,21,3,1481.163452,2025-12-08 00:07:21
6,22,3,1278.3,2025-12-08 00:06:22,37072.0,,6,22,3,1484.866089,2025-12-08 00:07:22
6,23,3,1320.3,2025-12-08 00:06:23,36070.0,,6,23,3,1488.498169,2025-12-08 00:07:23
6,24,3,1335.9,2025-12-08 00:06:24,35068.0,,6,24,3,1492.060791,2025-12-08 00:07:24
6,25,3,1290.4,2025-12-08 00:06:25,34067.0,,6,25,3,1495.554932,2025-12-08 00:07:25
6,26,3,1332.8,2025-12-08 00:06:26,33065.0,,6,26,3,1498.982422,2025-12-08 00:07:26
6,27,3,1305.4,2025-12-08 00:06:27,32064.0,,6,27,3,1502.34436,2025-12-08 00:07:27
6,28,3,1303.7,2025-12-08 00:06:28,31062.0,,6,28,3,1505.6427,2025-12-08 00:07:28
6,29,3,1321.3,2025-12-08 00:06:29,30061.0,,6,29,3,1508.879395,2025-12-08 00:07:29
6,30,3,1313.4,2025-12-08 00:06:30,29059.0,,6,30,3,1512.05603,2025-12-08 00:07:30
6,31,3,1307.3,2025-12-08 00:06:31,28058.0,,6,31,3,1515.175171,2025-12-08 00:07:31
6,32,3,1327.2,2025-12-08 00:06:32,27056.0,,6,32,3,1518.238403,2025-12-08 00:07:32
6,33,3,1301.7,2025-12-08 00:06:33,26056.0,,6,33,3,1521.248535,2025-12-08 00:07:33
6,34,3,1316.2,2025-12-08 00:06:34,25054.0,,6,34,3,1524.206909,2025-12-08 00:07:34
6,35,3,1326.1,2025-12-08 00:06:35,24053.0,,6,35,3,1527.116089,2025-12-08 00:07:35
6,36,3,1300.2,2025-12-08 00:06:36,23052.0,,6,36,3,1529.977295,2025-12-08 00:07:36
6,37,3,1317.6,2025-12-08 00:06:37,22051.0,,6,37,3,1532.792847,2025-12-08 00:07:37
6,38,3,1322.0,2025-12-08 00:06:38,21050.0,,6,38,3,1535.564087,2025-12-08 00:07:38
6,39,3,1302.0,2025-12-08 00:06:39,20048.0,,6,39,3,1538.292725,2025-12-08 00:07:39
6,40,3,1317.2,2025-12-08 00:06:40,19046.0,,6,40,3,1540.97998,2025-12-08 00:07:40
6,41,3,1304.8,2025-12-08 00:06:41,18044.0,,6,41,3,1543.627563,2025-12-08 00:07:41
6,42,3,1306.1,2025-12-08 00:06:42,17043.0,,6,42,3,1546.236572,2025-12-08 00:07:42
6,43,3,1322.1,2025-12-08 00:06:43,16039.0,,6,43,3,1548.808228,2025-12-08 00:07:43
6,44,3,1327.6,2025-12-08 00:06:44,15037.0,,6,44,3,1551.343872,2025-12-08 00:07:44
6,45,3,1326.4,2025-12-08 00:06:45,14035.0,,6,45,3,1553.844604,2025-12-08 00:07:45
6,46,3,1328.2,2025-12-08 00:06:46,13034.0,,6,46,3,1556.311279,2025-12-08 00:07:46
6,47,3,1313.4,2025-12-08 00:06:47,12032.0,,6,47,3,1558.745361,2025-12-08 00:07:47
6,48,3,1318.4,2025-12-08 00:06:48,11030.0,,6,48,3,1561.147461,2025-12-08 00:07:48
6,49,3,1352.2,2025-12-08 00:06:49,10028.0,,6,49,3,1563.518799,2025-12-08 00:07:49
6,50,3,1340.1,2025-12-08 00:06:50,9026.0,,6,50,3,1565.860107,2025-12-08 00:07:50
6,51,3,1333.0,2025-12-08 00:06:51,8025.0,,6,51,3,1568.172485,2025-12-08 00:07:51
6,52,3,1330.7,2025-12-08 00:06:52,7023.0,,6,52,3,1570.456787,2025-12-08 00:07:52
6,53,3,1349.2,2025-12-08 00:06:53,6021.0,,6,53,3,1572.713745,2025-12-08 00:07:53
6,54,3,1344.5,2025-12-08 00:06:54,5020.0,,6,54,3,1574.944458,2025-12-08 00:07:54
6,55,3,1343.3,2025-12-08 00:06:55,4018.0,,6,55,3,1577.149414,2025-12-08 00:07:55
6,56,3,1350.1,2025-12-08 00:06:56,3017.0,,6,56,3,1579.32959,2025-12-08 00:07:56
6,57,3,1354.5,2025-12-08 00:06:57,2015.0,,6,57,3,1581.485718,2025-12-08 00:07:57
6,58,3,1335.9,2025-12-08 00:06:58,1013.0,,6,58,3,1583.618408,2025-12-08 00:07:58
6,59,3,1362.3,2025-12-08 00:06:59,11.0,,6,59,3,1585.728516,2025-12-08 00:07:59
7,0,3,1343.6,2025-12-08 00:07:00,59111.0,,7,0,3,1353.088501,2025-12-08 00:08:00
7,1,3,1324.7,2025-12-08 00:07:01,58109.0,,7,1,3,1361.522339,2025-12-08 00:08:01
7,2,3,1331.9,2025-12-08 00:07:02,57108.0,,7,2,3,1370.383545,2025-12-08 00:08:02
7,3,3,1328.6,2025-12-08 00:07:03,56106.0,,7,3,3,1379.192505,2025-12-08 00:08:03
7,4,3,1330.7,2025-12-08 00:07:04,55104.0,,7,4,3,1387.678101,2025-12-08 00:08:04
7,5,3,1325.2,2025-12-08 00:07:05,54103.0,,7,5,3,1395.684692,2025-12-08 00:08:05
7,6,3,1340.6,2025-12-08 00:07:06,53102.0,,7,6,3,1403.142578,2025-12-08 00:08:06
7,7,3,1339.8,2025-12-08 00:07:07,52100.0,,7,7,3,1410.044312,2025-12-08 00:08:07
7,8,3,1342.6,2025-12-08 00:07:08,51098.0,,7,8,3,1416.424438,2025-12-08 00:08:08
7,9,3,1333.9,2025-12-08 00:07:09,50097.0,,7,9,3,1422.340088,2025-12-08 00:08:09
7,10,3,1340.4,2025-12-08 00:07:10,49095.0,,7,10,3,1427.859741,2025-12-08 00:08:10
7,11,3,1340.9,2025-12-08 00:07:11,48093.0,,7,11,3,1433.051514,2025-12-08 00:08:11
7,12,3,1335.7,2025-12-08 00:07:12,47092.0,,7,12,3,1437.978638,2025-12-08 00:08:12
7,13,3,1317.3,2025-12-08 00:07:13,46091.0,,7,13,3,1442.69458,2025-12-08 00:08:13
7,14,3,1329.9,2025-12-08 00:07:14,45089.0,,7,14,3,1447.24231,2025-12-08 00:08:14
7,15,3,1346.2,2025-12-08 00:07:15,44088.0,,7,15,3,1451.655029,2025-12-08 00:08:15
7,16,3,1319.0,2025-12-08 00:07:16,43086.0,,7,16,3,1455.956177,2025-12-08 00:08:16
7,17,3,1320.8,2025-12-08 00:07:17,42085.0,,7,17,3,1460.161987,2025-12-08 00:08:17
7,18,3,1342.0,2025-12-08 00:07:18,41084.0,,7,18,3,1464.282471,2025-12-08 00:08:18
7,19,3,1344.7,2025-12-08 00:07:19,40083.0,,7,19,3,1468.323608,2025-12-08 00:08:19
7,20,3,1331.9,2025-12-08 00:07:20,39081.0,,7,20,3,1472.288086,2025-12-08 00:08:20
7,21,3,1347.2,2025-12-08 00:07:21,38080.0,,7,21,3,1476.177612,2025-12-08 00:08:21
7,22,3,1346.4,2025-12-08 00:07:22,37079.0,,7,22,3,1479.992432,2025-12-08 00:08:22
7,23,3,1327.1,2025-12-08 00:07:23,36077.0,,7,23,3,1483.732666,2025-12-08 00:08:23
7,24,3,1332.0,2025-12-08 00:07:24,35075.0,,7,24,3,1487.399048,2025-12-08 00:08:24
7,25,3,1338.6,2025-12-08 00:07:25,34063.0,,7,25,3,1490.992554,2025-12-08 00:08:25
7,26,3,1339.9,2025-12-08 00:07:26,33062.0,,7,26,3,1494.513916,2025-12-08 00:08:26
7,27,3,1342.6,2025-12-08 00:07:27,32060.0,,7,27,3,1497.964844,2025-12-08 00:08:27
7,28,3,1336.2,2025-12-08 00:07:28,31058.0,,7,28,3,1501.347778,2025-12-08 00:08:28
7,29,3,1338.2,2025-12-08 00:07:29,30057.0,,7,29,3,1504.664917,2025-12-08 00:08:29
7,30,3,1343.8,2025-12-08 00:07:30,29056.0,,7,30,3,1507.918335,2025-12-08 00:08:30
7,31,3,1349.1,2025-12-08 00:07:31,28054.0,,7,31,3,1511.110718,2025-12-08 00:08:31
7,32,3,1323.5,2025-12-08 00:07:32,27053.0,,7,32,3,1514.244751,2025-12-08 00:08:32
7,33,3,1336.0,2025-12-08 00:07:33,26051.0,,7,33,3,1517.322388,2025-12-08 00:08:33
7,34,3,1322.6,2025-12-08 00:07:34,25050.0,,7,34,3,1520.346436,2025-12-08 00:08:34
7,35,3,1332.5,2025-12-08 00:07:35,24048.0,,7,35,3,1523.318359,2025-12-08 00:08:35
7,36,3,1349.8,2025-12-08 00:07:36,23047.0,,7,36,3,1526.241211,2025-12-08 00:08:36
7,37,3,1336.4,2025-12-08 00:07:37,22045.0,,7,37,3,1529.115845,2025-12-08 00:08:37
7,38,3,1337.6,2025-12-08 00:07:38,21043.0,,7,38,3,1531.944458,2025-12-08 00:08:38
7,39,3,1327.7,2025-12-08 00:07:39,20042.0,,7,39,3,1534.728882,2025-12-08 00:08:39
7,40,3,1341.2,2025-12-08 00:07:40,19040.0,,7,40,3,1537.470093,2025-12-08 00:08:40
7,41,3,1328.6,2025-12-08 00:07:41,18039.0,,7,41,3,1540.169922,2025-12-08 00:08:41
7,42,3,1350.7,2025-12-08 00:07:42,17038.0,,7,42,3,1542.829468,2025-12-08 00:08:42
7,43,3,1308.0,2025-12-08 00:07:43,16036.0,,7,43,3,1545.450073,2025-12-08 00:08:43
7,44,3,1342.1,2025-12-08 00:07:44,15035.0,,7,44,3,1548.033203,2025-12-08 00:08:44
7,45,3,1354.7,2025-12-08 00:07:45,14033.0,,7,45,3,1550.579834,2025-12-08 00:08:45
7,46,3,1320.9,2025-12-08 00:07:46,13032.0,,7,46,3,1553.090942,2025-12-08 00:08:46
7,47,3,1319.0,2025-12-08 00:07:47,12031.0,,7,47,3,1555.568115,2025-12-08 00:08:47
7,48,3,1356.6,2025-12-08 00:07:48,11029.0,,7,48,3,1558.011719,2025-12-08 00:08:48
7,49,3,1342.6,2025-12-08 00:07:49,10027.0,,7,49,3,1560.423584,2025-12-08 00:08:49
7,50,3,1335.9,2025-12-08 00:07:50,9025.0,,7,50,3,1562.803955,2025-12-08 00:08:50
7,51,3,1314.8,2025-12-08 00:07:51,8024.0,,7,51,3,1565.154053,2025-12-08 00:08:51
7,52,3,1334.4,2025-12-08 00:07:52,7022.0,,7,52,3,1567.475342,2025-12-08 00:08:52
7,53,3,1346.0,2025-12-08 00:07:53,6020.0,,7,53,3,1569.767944,2025-12-08 00:08:53
7,54,3,1330.4,2025-12-08 00:07:54,5018.0,,7,54,3,1572.033203,2025-12-08 00:08:54
7,55,3,1324.1,2025-12-08 00:07:55,4017.0,,7,55,3,1574.271606,2025-12-08 00:08:55
7,56,3,1312.5,2025-12-08 00:07:56,3016.0,,7,56,3,1576.484375,2025-12-08 00:08:56
7,57,3,1331.3,2025-12-08 00:07:57,2015.0,,7,57,3,1578.671997,2025-12-08 00:08:57
7,58,3,1306.9,2025-12-08 00:07:58,1013.0,,7,58,3,1580.835449,2025-12-08 00:08:58
7,59,3,1366.2,2025-12-08 00:07:59,11.0,,7,59,3,1582.975342,2025-12-08 00:08:59
8,0,3,1452.0,2025-12-08 00:08:00,59099.0,,8,0,3,1512.246216,2025-12-08 00:09:00
8,1,3,1426.8,2025-12-08 00:08:01,58098.0,,8,1,3,1517.232788,2025-12-08 00:09:01
8,2,3,1439.4,2025-12-08 00:08:02,57097.0,,8,2,3,1520.80896,2025-12-08 00:09:02
8,3,3,1436.5,2025-12-08 00:08:03,56096.0,,8,3,3,1523.443848,2025-12-08 00:09:03
8,4,3,1421.0,2025-12-08 00:08:04,55095.0,,8,4,3,1525.512329,2025-12-08 00:09:04
8,5,3,1421.5,2025-12-08 00:08:05,54094.0,,8,5,3,1527.305176,2025-12-08 00:09:05
8,6,3,1430.0,2025-12-08 00:08:06,53093.0,,8,6,3,1529.02832,2025-12-08 00:09:06
8,7,3,1450.8,2025-12-08 00:08:07,52092.0,,8,7,3,1530.814331,2025-12-08 00:09:07
8,8,3,1453.3,2025-12-08 00:08:08,51090.0,,8,8,3,1532.734863,2025-12-08 00:09:08
8,9,3,1448.8,2025-12-08 00:08:09,50089.0,,8,9,3,1534.816772,2025-12-08 00:09:09
8,10,3,1443.8,2025-12-08 00:08:10,49087.0,,8,10,3,1537.055908,2025-12-08 00:09:10
8,11,3,1468.7,2025-12-08 00:08:11,48086.0,,8,11,3,1539.429443,2025-12-08 00:09:11
8,12,3,1435.4,2025-12-08 00:08:12,47084.0,,8,12,3,1541.905151,2025-12-08 00:09:12
8,13,3,1435.9,2025-12-08 00:08:13,46083.0,,8,13,3,1544.44873,2025-12-08 00:09:13
8,14,3,1432.6,2025-12-08 00:08:14,45082.0,,8,14,3,1547.028564,2025-12-08 00:09:14
8,15,3,1436.9,2025-12-08 00:08:15,44081.0,,8,15,3,1549.616821,2025-12-08 00:09:15
8,16,3,1430.7,2025-12-08 00:08:16,43080.0,,8,16,3,1552.192993,2025-12-08 00:09:16
8,17,3,1452.7,2025-12-08 00:08:17,42079.0,,8,17,3,1554.741821,2025-12-08 00:09:17
8,18,3,1456.0,2025-12-08 00:08:18,41078.0,,8,18,3,1557.253296,2025-12-08 00:09:18
8,19,3,1347.8,2025-12-08 00:08:19,40076.0,,8,19,3,1559.722656,2025-12-08 00:09:19
8,20,3,1328.9,2025-12-08 00:08:20,39075.0,,8,20,3,1562.148315,2025-12-08 00:09:20
8,21,3,1324.4,2025-12-08 00:08:21,38074.0,,8,21,3,1564.531006,2025-12-08 00:09:21
8,22,3,1335.7,2025-12-08 00:08:22,37073.0,,8,22,3,1566.873169,2025-12-08 00:09:22
8,23,3,1442.9,2025-12-08 00:08:23,36071.0,,8,23,3,1569.177734,2025-12-08 00:09:23
8,24,3,1422.1,2025-12-08 00:08:24,35069.0,,8,24,3,1571.447754,2025-12-08 00:09:24
8,25,3,1434.8,2025-12-08 00:08:25,34067.0,,8,25,3,1573.687012,2025-12-08 00:09:25
8,26,3,1453.3,2025-12-08 00:08:26,33066.0,,8,26,3,1575.897827,2025-12-08 00:09:26
8,27,3,1432.6,2025-12-08 00:08:27,32065.0,,8,27,3,1578.082886,2025-12-08 00:09:27
8,28,3,1437.9,2025-12-08 00:08:28,31063.0,,8,28,3,1580.244019,2025-12-08 00:09:28
8,29,3,1425.9,2025-12-08 00:08:29,30062.0,,8,29,3,1582.382446,2025-12-08 00:09:29
8,30,3,1439.8,2025-12-08 00:08:30,29060.0,,8,30,3,1584.499512,2025-12-08 00:09:30
8,31,3,1459.6,2025-12-08 00:08:31,28058.0,,8,31,3,1586.595703,2025-12-08 00:09:31
8,32,3,1459.1,2025-12-08 00:08:32,27056.0,,8,32,3,1588.671631,2025-12-08 00:09:32
8,33,3,1444.2,2025-12-08 00:08:33,26054.0,,8,33,3,1590.728027,2025-12-08 00:09:33
8,34,3,1469.1,2025-12-08 00:08:34,25053.0,,8,34,3,1592.765015,2025-12-08 00:09:34
8,35,3,1465.7,2025-12-08 00:08:35,24051.0,,8,35,3,1594.782715,2025-12-08 00:09:35
8,36,3,1442.9,2025-12-08 00:08:36,23050.0,,8,36,3,1596.78186,2025-12-08 00:09:36
8,37,3,1428.1,2025-12-08 00:08:37,22048.0,,8,37,3,1598.762573,2025-12-08 00:09:37
8,38,3,1435.5,2025-12-08 00:08:38,21046.0,,8,38,3,1600.725342,2025-12-08 00:09:38
8,39,3,1443.6,2025-12-08 00:08:39,20045.0,,8,39,3,1602.670532,2025-12-08 00:09:39
8,40,3,1443.9,2025-12-08 00:08:40,19043.0,,8,40,3,1604.598511,2025-12-08 00:09:40
8,41,3,1431.1,2025-12-08 00:08:41,18042.0,,8,41,3,1606.509888,2025-12-08 00:09:41
8,42,3,1455.1,2025-12-08 00:08:42,17040.0,,8,42,3,1608.405029,2025-12-08 00:09:42
8,43,3,1429.8,2025-12-08 00:08:43,16038.0,,8,43,3,1610.284546,2025-12-08 00:09:43
8,44,3,1436.9,2025-12-08 00:08:44,15037.0,,8,44,3,1612.148926,2025-12-08 00:09:44
8,45,3,1449.4,2025-12-08 00:08:45,14035.0,,8,45,3,1613.998535,2025-12-08 00:09:45
8,46,3,1470.6,2025-12-08 00:08:46,13034.0,,8,46,3,1615.834106,2025-12-08 00:09:46
8,47,3,1416.2,2025-12-08 00:08:47,12032.0,,8,47,3,1617.655762,2025-12-08 00:09:47
8,48,3,1430.0,2025-12-08 00:08:48,11030.0,,8,48,3,1619.463989,2025-12-08 00:09:48
8,49,3,1436.9,2025-12-08 00:08:49,10028.0,,8,49,3,1621.259644,2025-12-08 00:09:49
8,50,3,1437.3,2025-12-08 00:08:50,9026.0,,8,50,3,1623.042725,2025-12-08 00:09:50
8,51,3,1429.7,2025-12-08 00:08:51,8025.0,,8,51,3,1624.813721,2025-12-08 00:09:51
8,52,3,1442.1,2025-12-08 00:08:52,7023.0,,8,52,3,1626.57312,2025-12-08 00:09:52
8,53,3,1434.8,2025-12-08 00:08:53,6020.0,,8,53,3,1628.321167,2025-12-08 00:09:53
8,54,3,1418.6,2025-12-08 00:08:54,5018.0,,8,54,3,1630.05835,2025-12-08 00:09:54
8,55,3,1459.4,2025-12-08 00:08:55,4017.0,,8,55,3,1631.78479,2025-12-08 00:09:55
8,56,3,1495.9,2025-12-08 00:08:56,3015.0,,8,56,3,1633.501221,2025-12-08 00:09:56
8,57,3,1524.5,2025-12-08 00:08:57,2013.0,,8,57,3,1635.207397,2025-12-08 00:09:57
8,58,3,1496.9,2025-12-08 00:08:58,1012.0,,8,58,3,1636.904175,2025-12-08 00:09:58
8,59,3,1498.4,2025-12-08 00:08:59,11.0,,8,59,3,1638.591675,2025-12-08 00:09:59
9,0,3,1568.5,2025-12-08 00:09:00,59110.0,,9,0,3,1594.10376,2025-12-08 00:10:00
9,1,3,1558.8,2025-12-08 00:09:01,58109.0,,9,1,3,1596.507324,2025-12-08 00:10:01
9,2,3,1554.0,2025-12-08 00:09:02,57108.0,,9,2,3,1599.143921,2025-12-08 00:10:02
9,3,3,1551.1,2025-12-08 00:09:03,56107.0,,9,3,3,1601.76355,2025-12-08 00:10:03
9,4,3,1554.0,2025-12-08 00:09:04,55106.0,,9,4,3,1604.356323,2025-12-08 00:10:04
9,5,3,1572.4,2025-12-08 00:09:05,54099.0,,9,5,3,1606.88855,2025-12-08 00:10:05
9,6,3,1556.1,2025-12-08 00:09:06,53097.0,,9,6,3,1609.339233,2025-12-08 00:10:06
9,7,3,1537.8,2025-12-08 00:09:07,52095.0,,9,7,3,1611.737183,2025-12-08 00:10:07
9,8,3,1565.2,2025-12-08 00:09:08,51092.0,,9,8,3,1614.084473,2025-12-08 00:10:08
9,9,3,1546.5,2025-12-08 00:09:09,50091.0,,9,9,3,1616.349854,2025-12-08 00:10:09
9,10,3,1554.6,2025-12-08 00:09:10,49090.0,,9,10,3,1618.580566,2025-12-08 00:10:10
9,11,3,1571.4,2025-12-08 00:09:11,48089.0,,9,11,3,1620.76062,2025-12-08 00:10:11
9,12,3,1549.8,2025-12-08 00:09:12,47088.0,,9,12,3,1622.8927,2025-12-08 00:10:12
9,13,3,1513.7,2025-12-08 00:09:13,46087.0,,9,13,3,1625.013794,2025-12-08 00:10:13
9,14,3,1502.8,2025-12-08 00:09:14,45086.0,,9,14,3,1627.132812,2025-12-08 00:10:14
9,15,3,1520.8,2025-12-08 00:09:15,44085.0,,9,15,3,1629.227295,2025-12-08 00:10:15
9,16,3,1557.8,2025-12-08 00:09:16,43084.0,,9,16,3,1631.276489,2025-12-08 00:10:16
9,17,3,1570.3,2025-12-08 00:09:17,42083.0,,9,17,3,1633.272949,2025-12-08 00:10:17
9,18,3,1551.4,2025-12-08 00:09:18,41082.0,,9,18,3,1635.243896,2025-12-08 00:10:18
9,19,3,1552.1,2025-12-08 00:09:19,40079.0,,9,19,3,1637.214966,2025-12-08 00:10:19
9,20,3,1557.9,2025-12-08 00:09:20,39075.0,,9,20,3,1639.171509,2025-12-08 00:10:20
9,21,3,1549.8,2025-12-08 00:09:21,38074.0,,9,21,3,1641.112671,2025-12-08 00:10:21
9,22,3,1550.9,2025-12-08 00:09:22,37073.0,,9,22,3,1643.050049,2025-12-08 00:10:22
9,23,3,1564.9,2025-12-08 00:09:23,36070.0,,9,23,3,1644.977783,2025-12-08 00:10:23
9,24,3,1493.1,2025-12-08 00:09:24,35066.0,,9,24,3,1646.889771,2025-12-08 00:10:24
9,25,3,1538.9,2025-12-08 00:09:25,34064.0,,9,25,3,1648.839233,2025-12-08 00:10:25
9,26,3,1521.9,2025-12-08 00:09:26,33061.0,,9,26,3,1650.743286,2025-12-08 00:10:26
9,27,3,1497.0,2025-12-08 00:09:27,32057.0,,9,27,3,1652.646362,2025-12-08 00:10:27
9,28,3,1514.6,2025-12-08 00:09:28,31056.0,,9,28,3,1654.547607,2025-12-08 00:10:28
9,29,3,1528.8,2025-12-08 00:09:29,30055.0,,9,29,3,1656.41748,2025-12-08 00:10:29
9,30,3,1511.6,2025-12-08 00:09:30,29054.0,,9,30,3,1658.258789,2025-12-08 00:10:30
9,31,3,1513.1,2025-12-08 00:09:31,28053.0,,9,31,3,1660.089844,2025-12-08 00:10:31
9,32,3,1562.9,2025-12-08 00:09:32,27051.0,,9,32,3,1661.895752,2025-12-08 00:10:32
9,33,3,1555.0,2025-12-08 00:09:33,26050.0,,9,33,3,1663.649292,2025-12-08 00:10:33
9,34,3,1551.3,2025-12-08 00:09:34,25048.0,,9,34,3,1665.389648,2025-12-08 00:10:34
9,35,3,1559.6,2025-12-08 00:09:35,24047.0,,9,35,3,1667.113525,2025-12-08 00:10:35
9,36,3,1559.4,2025-12-08 00:09:36,23046.0,,9,36,3,1668.813599,2025-12-08 00:10:36
9,37,3,1553.8,2025-12-08 00:09:37,22044.0,,9,37,3,1670.496216,2025-12-08 00:10:37
9,38,3,1561.7,2025-12-08 00:09:38,21043.0,,9,38,3,1672.163574,2025-12-08 00:10:38
9,39,3,1550.5,2025-12-08 00:09:39,20041.0,,9,39,3,1673.808105,2025-12-08 00:10:39
9,40,3,1548.8,2025-12-08 00:09:40,19039.0,,9,40,3,1675.440796,2025-12-08 00:10:40
9,41,3,1541.2,2025-12-08 00:09:41,18038.0,,9,41,3,1677.054443,2025-12-08 00:10:41
9,42,3,1546.4,2025-12-08 00:09:42,17036.0,,9,42,3,1678.650635,2025-12-08 00:10:42
9,43,3,1561.8,2025-12-08 00:09:43,16035.0,,9,43,3,1680.22168,2025-12-08 00:10:43
9,44,3,1540.8,2025-12-08 00:09:44,15034.0,,9,44,3,1681.762329,2025-12-08 00:10:44
9,45,3,1554.4,2025-12-08 00:09:45,14032.0,,9,45,3,1683.290771,2025-12-08 00:10:45
9,46,3,1556.1,2025-12-08 00:09:46,13031.0,,9,46,3,1684.786987,2025-12-08 00:10:46
9,47,3,1549.8,2025-12-08 00:09:47,12030.0,,9,47,3,1686.257324,2025-12-08 00:10:47
9,48,3,1610.7,2025-12-08 00:09:48,11028.0,,9,48,3,1687.704102,2025-12-08 00:10:48
9,49,3,1583.6,2025-12-08 00:09:49,10027.0,,9,49,3,1689.096191,2025-12-08 00:10:49
9,50,3,1615.8,2025-12-08 00:09:50,9025.0,,9,50,3,1690.481689,2025-12-08 00:10:50
9,51,3,1589.3,2025-12-08 00:09:51,8023.0,,9,51,3,1691.831299,2025-12-08 00:10:51
9,52,3,1607.4,2025-12-08 00:09:52,7022.0,,9,52,3,1693.175659,2025-12-08 00:10:52
9,53,3,1593.2,2025-12-08 00:09:53,6021.0,,9,53,3,1694.493286,2025-12-08 00:10:53
9,54,3,1583.9,2025-12-08 00:09:54,5019.0,,9,54,3,1695.800537,2025-12-08 00:10:54
9,55,3,1604.3,2025-12-08 00:09:55,4018.0,,9,55,3,1697.094604,2025-12-08 00:10:55
9,56,3,1593.1,2025-12-08 00:09:56,3016.0,,9,56,3,1698.361938,2025-12-08 00:10:56
9,57,3,1550.7,2025-12-08 00:09:57,2015.0,,9,57,3,1699.618408,2025-12-08 00:10:57
9,58,3,1547.6,2025-12-08 00:09:58,1013.0,,9,58,3,1700.874634,2025-12-08 00:10:58
9,59,3,1557.7,2025-12-08 00:09:59,12.0,,9,59,3,1702.108765,2025-12-08 00:10:59
10,0,3,731.7,2025-12-08 00:10:00,59094.0,,10,0,3,1043.52124,2025-12-08 00:11:00
10,1,3,765.4,2025-12-08 00:10:01,58093.0,,10,1,3,1062.344849,2025-12-08 00:11:01
10,2,3,708.5,2025-12-08 00:10:02,57092.0,,10,2,3,1081.686401,2025-12-08 00:11:02
10,3,3,710.0,2025-12-08 00:10:03,56091.0,,10,3,3,1100.003052,2025-12-08 00:11:03
10,4,3,725.1,2025-12-08 00:10:04,55089.0,,10,4,3,1116.776733,2025-12-08 00:11:04
10,5,3,728.2,2025-12-08 00:10:05,54087.0,,10,5,3,1131.88147,2025-12-08 00:11:05
10,6,3,729.4,2025-12-08 00:10:06,53086.0,,10,6,3,1145.374634,2025-12-08 00:11:06
10,7,3,739.4,2025-12-08 00:10:07,52085.0,,10,7,3,1157.400024,2025-12-08 00:11:07
10,8,3,743.6,2025-12-08 00:10:08,51084.0,,10,8,3,1168.131348,2025-12-08 00:11:08
10,9,3,746.8,2025-12-08 00:10:09,50083.0,,10,9,3,1177.742554,2025-12-08 00:11:09
10,10,3,761.0,2025-12-08 00:10:10,49081.0,,10,10,3,1186.393799,2025-12-08 00:11:10
10,11,3,727.0,2025-12-08 00:10:11,48080.0,,10,11,3,1194.22522,2025-12-08 00:11:11
10,12,3,749.7,2025-12-08 00:10:12,47078.0,,10,12,3,1201.355835,2025-12-08 00:11:12
10,13,3,729.5,2025-12-08 00:10:13,46077.0,,10,13,3,1207.885986,2025-12-08 00:11:13
10,14,3,737.4,2025-12-08 00:10:14,45076.0,,10,14,3,1213.898682,2025-12-08 00:11:14
10,15,3,725.9,2025-12-08 00:10:15,44075.0,,10,15,3,1219.462402,2025-12-08 00:11:15
10,16,3,729.7,2025-12-08 00:10:16,43074.0,,10,16,3,1224.634033,2025-12-08 00:11:16
10,17,3,736.6,2025-12-08 00:10:17,42072.0,,10,17,3,1229.460815,2025-12-08 00:11:17
10,18,3,712.1,2025-12-08 00:10:18,41070.0,,10,18,3,1233.982056,2025-12-08 00:11:18
10,19,3,756.2,2025-12-08 00:10:19,40069.0,,10,19,3,1238.230957,2025-12-08 00:11:19
10,20,3,735.4,2025-12-08 00:10:20,39068.0,,10,20,3,1242.236572,2025-12-08 00:11:20
10,21,3,731.5,2025-12-08 00:10:21,38067.0,,10,21,3,1246.022461,2025-12-08 00:11:21
10,22,3,743.9,2025-12-08 00:10:22,37065.0,,10,22,3,1249.609741,2025-12-08 00:11:22
10,23,3,744.0,2025-12-08 00:10:23,36064.0,,10,23,3,1253.017334,2025-12-08 00:11:23
10,24,3,743.8,2025-12-08 00:10:24,35062.0,,10,24,3,1256.260864,2025-12-08 00:11:24
10,25,3,711.1,2025-12-08 00:10:25,34061.0,,10,25,3,1259.355347,2025-12-08 00:11:25
10,26,3,723.8,2025-12-08 00:10:26,33058.0,,10,26,3,1262.31311,2025-12-08 00:11:26
10,27,3,761.9,2025-12-08 00:10:27,32057.0,,10,27,3,1265.146118,2025-12-08 00:11:27
10,28,3,747.7,2025-12-08 00:10:28,31056.0,,10,28,3,1267.865234,2025-12-08 00:11:28
10,29,3,703.5,2025-12-08 00:10:29,30054.0,,10,29,3,1270.479736,2025-12-08 00:11:29
10,30,3,713.3,2025-12-08 00:10:30,29053.0,,10,30,3,1272.997192,2025-12-08 00:11:30
10,31,3,732.8,2025-12-08 00:10:31,28052.0,,10,31,3,1275.426758,2025-12-08 00:11:31
10,32,3,739.7,2025-12-08 00:10:32,27050.0,,10,32,3,1277.775513,2025-12-08 00:11:32
10,33,3,843.8,2025-12-08 00:10:33,26049.0,,10,33,3,1280.049927,2025-12-08 00:11:33
10,34,3,841.6,2025-12-08 00:10:34,25048.0,,10,34,3,1282.257446,2025-12-08 00:11:34
10,35,3,847.2,2025-12-08 00:10:35,24046.0,,10,35,3,1284.402344,2025-12-08 00:11:35
10,36,3,832.7,2025-12-08 00:10:36,23045.0,,10,36,3,1286.48999,2025-12-08 00:11:36
10,37,3,745.9,2025-12-08 00:10:37,22044.0,,10,37,3,1288.525024,2025-12-08 00:11:37
10,38,3,839.0,2025-12-08 00:10:38,21042.0,,10,38,3,1290.510986,2025-12-08 00:11:38
10,39,3,890.4,2025-12-08 00:10:39,20038.0,,10,39,3,1292.453979,2025-12-08 00:11:39
10,40,3,842.5,2025-12-08 00:10:40,19036.0,,10,40,3,1294.357544,2025-12-08 00:11:40
10,41,3,857.5,2025-12-08 00:10:41,18035.0,,10,41,3,1296.224121,2025-12-08 00:11:41
10,42,3,770.8,2025-12-08 00:10:42,17033.0,,10,42,3,1298.058472,2025-12-08 00:11:42
10,43,3,752.0,2025-12-08 00:10:43,16031.0,,10,43,3,1299.861694,2025-12-08 00:11:43
10,44,3,831.2,2025-12-08 00:10:44,15030.0,,10,44,3,1301.638062,2025-12-08 00:11:44
10,45,3,840.2,2025-12-08 00:10:45,14028.0,,10,45,3,1303.390259,2025-12-08 00:11:45
10,46,3,839.6,2025-12-08 00:10:46,13027.0,,10,46,3,1305.12085,2025-12-08 00:11:46
10,47,3,830.1,2025-12-08 00:10:47,12026.0,,10,47,3,1306.83252,2025-12-08 00:11:47
10,48,3,843.7,2025-12-08 00:10:48,11024.0,,10,48,3,1308.527466,2025-12-08 00:11:48
10,49,3,832.2,2025-12-08 00:10:49,10023.0,,10,49,3,1310.20813,2025-12-08 00:11:49
10,50,3,839.2,2025-12-08 00:10:50,9022.0,,10,50,3,1311.876831,2025-12-08 00:11:50
10,51,3,840.4,2025-12-08 00:10:51,8021.0,,10,51,3,1313.535522,2025-12-08 00:11:51
10,52,3,775.7,2025-12-08 00:10:52,7020.0,,10,52,3,1315.186401,2025-12-08 00:11:52
10,53,3,761.2,2025-12-08 00:10:53,6019.0,,10,53,3,1316.831909,2025-12-08 00:11:53
10,54,3,794.1,2025-12-08 00:10:54,5018.0,,10,54,3,1318.47229,2025-12-08 00:11:54
10,55,3,772.1,2025-12-08 00:10:55,4017.0,,10,55,3,1320.106934,2025-12-08 00:11:55
10,56,3,758.4,2025-12-08 00:10:56,3015.0,,10,56,3,1321.73877,2025-12-08 00:11:56
10,57,3,763.5,2025-12-08 00:10:57,2014.0,,10,57,3,1323.366943,2025-12-08 00:11:57
10,58,3,780.5,2025-12-08 00:10:58,1013.0,,10,58,3,1324.98938,2025-12-08 00:11:58
10,59,3,783.1,2025-12-08 00:10:59,12.0,,10,59,3,1326.602295,2025-12-08 00:11:59
11,0,3,1273.2,2025-12-08 00:11:00,59089.0,,11,0,3,1350.62561,2025-12-08 00:12:00
11,1,3,1279.5,2025-12-08 00:11:01,58088.0,,11,1,3,1352.030884,2025-12-08 00:12:01
11,2,3,1283.0,2025-12-08 00:11:02,57087.0,,11,2,3,1353.276855,2025-12-08 00:12:02
11,3,3,1293.9,2025-12-08 00:11:03,56085.0,,11,3,3,1354.519409,2025-12-08 00:12:03
11,4,3,1267.4,2025-12-08 00:11:04,55084.0,,11,4,3,1355.770996,2025-12-08 00:12:04
11,5,3,1074.4,2025-12-08 00:11:05,54083.0,,11,5,3,1357.05481,2025-12-08 00:12:05
11,6,3,1248.1,2025-12-08 00:11:06,53081.0,,11,6,3,1358.411499,2025-12-08 00:12:06
11,7,3,1059.3,2025-12-08 00:11:07,52080.0,,11,7,3,1359.741089,2025-12-08 00:12:07
11,8,3,1058.8,2025-12-08 00:11:08,51078.0,,11,8,3,1361.146973,2025-12-08 00:12:08
11,9,3,1136.5,2025-12-08 00:11:09,50077.0,,11,9,3,1362.563599,2025-12-08 00:12:09
11,10,3,1062.8,2025-12-08 00:11:10,49075.0,,11,10,3,1363.961792,2025-12-08 00:12:10
11,11,3,1109.0,2025-12-08 00:11:11,48074.0,,11,11,3,1365.391357,2025-12-08 00:12:11
11,12,3,1140.4,2025-12-08 00:11:12,47073.0,,11,12,3,1366.797852,2025-12-08 00:12:12
11,13,3,1178.0,2025-12-08 00:11:13,46071.0,,11,13,3,1368.183838,2025-12-08 00:12:13
11,14,3,1208.0,2025-12-08 00:11:14,45070.0,,11,14,3,1369.543213,2025-12-08 00:12:14
11,15,3,1232.6,2025-12-08 00:11:15,44069.0,,11,15,3,1370.878174,2025-12-08 00:12:15
11,16,3,1232.4,2025-12-08 00:11:16,43068.0,,11,16,3,1372.190552,2025-12-08 00:12:16
11,17,3,1245.8,2025-12-08 00:11:17,42067.0,,11,17,3,1373.492432,2025-12-08 00:12:17
11,18,3,1288.5,2025-12-08 00:11:18,41066.0,,11,18,3,1374.774292,2025-12-08 00:12:18
11,19,3,1320.4,2025-12-08 00:11:19,40065.0,,11,19,3,1376.022461,2025-12-08 00:12:19
11,20,3,1306.9,2025-12-08 00:11:20,39064.0,,11,20,3,1377.249023,2025-12-08 00:12:20
11,21,3,1300.3,2025-12-08 00:11:21,38063.0,,11,21,3,1378.481934,2025-12-08 00:12:21
11,22,3,1290.2,2025-12-08 00:11:22,37061.0,,11,22,3,1379.716064,2025-12-08 00:12:22
11,23,3,1310.0,2025-12-08 00:11:23,36060.0,,11,23,3,1380.952637,2025-12-08 00:12:23
11,24,3,1316.6,2025-12-08 00:11:24,35059.0,,11,24,3,1382.174805,2025-12-08 00:12:24
11,25,3,1312.8,2025-12-08 00:11:25,34058.0,,11,25,3,1383.393311,2025-12-08 00:12:25
11,26,3,1314.2,2025-12-08 00:11:26,33056.0,,11,26,3,1384.615234,2025-12-08 00:12:26
11,27,3,1317.4,2025-12-08 00:11:27,32055.0,,11,27,3,1385.837769,2025-12-08 00:12:27
11,28,3,1333.0,2025-12-08 00:11:28,31054.0,,11,28,3,1387.060669,2025-12-08 00:12:28
11,29,3,1312.0,2025-12-08 00:11:29,30053.0,,11,29,3,1388.279175,2025-12-08 00:12:29
11,30,3,1314.0,2025-12-08 00:11:30,29052.0,,11,30,3,1389.515869,2025-12-08 00:12:30
11,31,3,1309.4,2025-12-08 00:11:31,28051.0,,11,31,3,1390.755615,2025-12-08 00:12:31
11,32,3,1310.8,2025-12-08 00:11:32,27050.0,,11,32,3,1392.002075,2025-12-08 00:12:32
11,33,3,1321.4,2025-12-08 00:11:33,26048.0,,11,33,3,1393.251221,2025-12-08 00:12:33
11,34,3,1310.3,2025-12-08 00:11:34,25047.0,,11,34,3,1394.498169,2025-12-08 00:12:34
11,35,3,1340.7,2025-12-08 00:11:35,24045.0,,11,35,3,1395.757324,2025-12-08 00:12:35
11,36,3,1329.0,2025-12-08 00:11:36,23044.0,,11,36,3,1397.003784,2025-12-08 00:12:36
11,37,3,1296.7,2025-12-08 00:11:37,22039.0,,11,37,3,1398.268066,2025-12-08 00:12:37
11,38,3,1313.9,2025-12-08 00:11:38,21038.0,,11,38,3,1399.55957,2025-12-08 00:12:38
11,39,3,1320.1,2025-12-08 00:11:39,20036.0,,11,39,3,1400.843018,2025-12-08 00:12:39
11,40,3,1309.7,2025-12-08 00:11:40,19035.0,,11,40,3,1402.128052,2025-12-08 00:12:40
11,41,3,1318.7,2025-12-08 00:11:41,18032.0,,11,41,3,1403.425171,2025-12-08 00:12:41
11,42,3,1310.8,2025-12-08 00:11:42,17031.0,,11,42,3,1404.719849,2025-12-08 00:12:42
11,43,3,1330.2,2025-12-08 00:11:43,16029.0,,11,43,3,1406.023682,2025-12-08 00:12:43
11,44,3,1325.0,2025-12-08 00:11:44,15028.0,,11,44,3,1407.317627,2025-12-08 00:12:44
11,45,3,1337.9,2025-12-08 00:11:45,14027.0,,11,45,3,1408.620117,2025-12-08 00:12:45
11,46,3,1329.7,2025-12-08 00:11:46,13026.0,,11,46,3,1409.919189,2025-12-08 00:12:46
11,47,3,1344.8,2025-12-08 00:11:47,12025.0,,11,47,3,1411.230591,2025-12-08 00:12:47
11,48,3,1328.6,2025-12-08 00:11:48,11024.0,,11,48,3,1412.537964,2025-12-08 00:12:48
11,49,3,1329.1,2025-12-08 00:11:49,10022.0,,11,49,3,1413.864624,2025-12-08 00:12:49
11,50,3,1331.6,2025-12-08 00:11:50,9021.0,,11,50,3,1415.196289,2025-12-08 00:12:50
11,51,3,1348.1,2025-12-08 00:11:51,8019.0,,11,51,3,1416.53125,2025-12-08 00:12:51
11,52,3,1346.1,2025-12-08 00:11:52,7018.0,,11,52,3,1417.860229,2025-12-08 00:12:52
11,53,3,1336.2,2025-12-08 00:11:53,6017.0,,11,53,3,1419.199951,2025-12-08 00:12:53
11,54,3,1343.5,2025-12-08 00:11:54,5016.0,,11,54,3,1420.55481,2025-12-08 00:12:54
11,55,3,1346.1,2025-12-08 00:11:55,4014.0,,11,55,3,1421.910767,2025-12-08 00:12:55
11,56,3,1341.2,2025-12-08 00:11:56,3013.0,,11,56,3,1423.272827,2025-12-08 00:12:56
11,57,3,1341.8,2025-12-08 00:11:57,2012.0,,11,57,3,1424.646484,2025-12-08 00:12:57
11,58,3,1343.7,2025-12-08 00:11:58,1011.0,,11,58,3,1426.026245,2025-12-08 00:12:58
11,59,3,1369.6,2025-12-08 00:11:59,10.0,,11,59,3,1427.410767,2025-12-08 00:12:59
12,0,3,1332.7,2025-12-08 00:12:00,59139.0,,12,0,3,1354.306396,2025-12-08 00:13:00
12,1,3,1354.2,2025-12-08 00:12:01,58138.0,,12,1,3,1356.325317,2025-12-08 00:13:01
12,2,3,1333.5,2025-12-08 00:12:02,57137.0,,12,2,3,1358.235596,2025-12-08 00:13:02
12,3,3,1337.3,2025-12-08 00:12:03,56136.0,,12,3,3,1360.066162,2025-12-08 00:13:03
12,4,3,1345.2,2025-12-08 00:12:04,55135.0,,12,4,3,1361.790894,2025-12-08 00:13:04
12,5,3,1328.5,2025-12-08 00:12:05,54134.0,,12,5,3,1363.413818,2025-12-08 00:13:05
12,6,3,1330.4,2025-12-08 00:12:06,53132.0,,12,6,3,1364.960815,2025-12-08 00:13:06
12,7,3,1323.2,2025-12-08 00:12:07,52131.0,,12,7,3,1366.430054,2025-12-08 00:13:07
12,8,3,1347.1,2025-12-08 00:12:08,51130.0,,12,8,3,1367.839478,2025-12-08 00:13:08
12,9,3,1345.2,2025-12-08 00:12:09,50129.0,,12,9,3,1369.181885,2025-12-08 00:13:09
12,10,3,1340.8,2025-12-08 00:12:10,49128.0,,12,10,3,1370.48584,2025-12-08 00:13:10
12,11,3,1324.4,2025-12-08 00:12:11,48127.0,,12,11,3,1371.76123,2025-12-08 00:13:11
12,12,3,1331.8,2025-12-08 00:12:12,47125.0,,12,12,3,1373.020142,2025-12-08 00:13:12
12,13,3,1321.5,2025-12-08 00:12:13,46124.0,,12,13,3,1374.252197,2025-12-08 00:13:13
12,14,3,1330.1,2025-12-08 00:12:14,45122.0,,12,14,3,1375.472534,2025-12-08 00:13:14
12,15,3,1340.8,2025-12-08 00:12:15,44121.0,,12,15,3,1376.671997,2025-12-08 00:13:15
12,16,3,1326.7,2025-12-08 00:12:16,43119.0,,12,16,3,1377.853516,2025-12-08 00:13:16
12,17,3,1334.6,2025-12-08 00:12:17,42117.0,,12,17,3,1379.035156,2025-12-08 00:13:17
12,18,3,1347.4,2025-12-08 00:12:18,41116.0,,12,18,3,1380.203613,2025-12-08 00:13:18
12,19,3,1338.9,2025-12-08 00:12:19,40115.0,,12,19,3,1381.358887,2025-12-08 00:13:19
12,20,3,1352.8,2025-12-08 00:12:20,39113.0,,12,20,3,1382.517212,2025-12-08 00:13:20
12,21,3,1335.1,2025-12-08 00:12:21,38110.0,,12,21,3,1383.665527,2025-12-08 00:13:21
12,22,3,1357.5,2025-12-08 00:12:22,37109.0,,12,22,3,1384.82605,2025-12-08 00:13:22
12,23,3,1358.8,2025-12-08 00:12:23,36105.0,,12,23,3,1385.973999,2025-12-08 00:13:23
12,24,3,1348.5,2025-12-08 00:12:24,35105.0,,12,24,3,1387.127441,2025-12-08 00:13:24
12,25,3,1312.1,2025-12-08 00:12:25,34099.0,,12,25,3,1388.294922,2025-12-08 00:13:25
12,26,3,1324.6,2025-12-08 00:12:26,33087.0,,12,26,3,1389.489502,2025-12-08 00:13:26
12,27,3,1339.9,2025-12-08 00:12:27,32085.0,,12,27,3,1390.676147,2025-12-08 00:13:27
12,28,3,1329.8,2025-12-08 00:12:28,31084.0,,12,28,3,1391.855957,2025-12-08 00:13:28
12,29,3,1324.5,2025-12-08 00:12:29,30083.0,,12,29,3,1393.046143,2025-12-08 00:13:29
12,30,3,1331.9,2025-12-08 00:12:30,29082.0,,12,30,3,1394.242188,2025-12-08 00:13:30
12,31,3,1352.0,2025-12-08 00:12:31,28068.0,,12,31,3,1395.434692,2025-12-08 00:13:31
12,32,3,1334.9,2025-12-08 00:12:32,27067.0,,12,32,3,1396.617798,2025-12-08 00:13:32
12,33,3,1340.3,2025-12-08 00:12:33,26066.0,,12,33,3,1397.817993,2025-12-08 00:13:33
12,34,3,1353.3,2025-12-08 00:12:34,25064.0,,12,34,3,1399.018433,2025-12-08 00:13:34
12,35,3,1348.2,2025-12-08 00:12:35,24063.0,,12,35,3,1400.215942,2025-12-08 00:13:35
12,36,3,1346.6,2025-12-08 00:12:36,23061.0,,12,36,3,1401.424805,2025-12-08 00:13:36
12,37,3,1355.7,2025-12-08 00:12:37,22047.0,,12,37,3,1402.642944,2025-12-08 00:13:37
12,38,3,1346.5,2025-12-08 00:12:38,21039.0,,12,38,3,1403.86377,2025-12-08 00:13:38
12,39,3,1325.4,2025-12-08 00:12:39,20034.0,,12,39,3,1405.10144,2025-12-08 00:13:39
12,40,3,1357.2,2025-12-08 00:12:40,19030.0,,12,40,3,1406.361694,2025-12-08 00:13:40
12,41,3,1346.1,2025-12-08 00:12:41,18029.0,,12,41,3,1407.607788,2025-12-08 00:13:41
12,42,3,1341.3,2025-12-08 00:12:42,17027.0,,12,42,3,1408.873657,2025-12-08 00:13:42
12,43,3,1342.1,2025-12-08 00:12:43,16026.0,,12,43,3,1410.153687,2025-12-08 00:13:43
12,44,3,1352.5,2025-12-08 00:12:44,15025.0,,12,44,3,1411.443481,2025-12-08 00:13:44
12,45,3,1327.0,2025-12-08 00:12:45,14024.0,,12,45,3,1412.738403,2025-12-08 00:13:45
12,46,3,1341.5,2025-12-08 00:12:46,13023.0,,12,46,3,1414.063599,2025-12-08 00:13:46
12,47,3,1340.1,2025-12-08 00:12:47,12022.0,,12,47,3,1415.388184,2025-12-08 00:13:47
12,48,3,1349.5,2025-12-08 00:12:48,11021.0,,12,48,3,1416.726196,2025-12-08 00:13:48
12,49,3,1333.4,2025-12-08 00:12:49,10020.0,,12,49,3,1418.070801,2025-12-08 00:13:49
12,50,3,1340.9,2025-12-08 00:12:50,9019.0,,12,50,3,1419.44104,2025-12-08 00:13:50
12,51,3,1313.5,2025-12-08 00:12:51,8018.0,,12,51,3,1420.818359,2025-12-08 00:13:51
12,52,3,1329.8,2025-12-08 00:12:52,7017.0,,12,52,3,1422.227173,2025-12-08 00:13:52
12,53,3,1331.9,2025-12-08 00:12:53,6016.0,,12,53,3,1423.63147,2025-12-08 00:13:53
12,54,3,1333.1,2025-12-08 00:12:54,5015.0,,12,54,3,1425.044067,2025-12-08 00:13:54
12,55,3,1321.3,2025-12-08 00:12:55,4014.0,,12,55,3,1426.464966,2025-12-08 00:13:55
12,56,3,1335.8,2025-12-08 00:12:56,3013.0,,12,56,3,1427.902588,2025-12-08 00:13:56
12,57,3,1325.6,2025-12-08 00:12:57,2012.0,,12,57,3,1429.334351,2025-12-08 00:13:57
12,58,3,1327.2,2025-12-08 00:12:58,1011.0,,12,58,3,1430.780029,2025-12-08 00:13:58
12,59,3,1356.1,2025-12-08 00:12:59,9.0,,12,59,3,1432.227173,2025-12-08 00:13:59
13,0,3,1428.4,2025-12-08 00:13:00,59078.0,,13,0,3,1479.800415,2025-12-08 00:14:00
13,1,3,1429.7,2025-12-08 00:13:01,58077.0,,13,1,3,1481.580444,2025-12-08 00:14:01
13,2,3,1435.7,2025-12-08 00:13:02,57076.0,,13,2,3,1482.97937,2025-12-08 00:14:02
13,3,3,1417.3,2025-12-08 00:13:03,56075.0,,13,3,3,1484.32312,2025-12-08 00:14:03
13,4,3,1406.3,2025-12-08 00:13:04,55074.0,,13,4,3,1485.670776,2025-12-08 00:14:04
13,5,3,1441.9,2025-12-08 00:13:05,54072.0,,13,5,3,1487.048584,2025-12-08 00:14:05
13,6,3,1422.7,2025-12-08 00:13:06,53071.0,,13,6,3,1488.428589,2025-12-08 00:14:06
13,7,3,1445.4,2025-12-08 00:13:07,52070.0,,13,7,3,1489.87915,2025-12-08 00:14:07
13,8,3,1424.0,2025-12-08 00:13:08,51069.0,,13,8,3,1491.358643,2025-12-08 00:14:08
13,9,3,1431.2,2025-12-08 00:13:09,50068.0,,13,9,3,1492.911987,2025-12-08 00:14:09
13,10,3,1437.6,2025-12-08 00:13:10,49067.0,,13,10,3,1494.504028,2025-12-08 00:14:10
13,11,3,1423.4,2025-12-08 00:13:11,48066.0,,13,11,3,1496.134155,2025-12-08 00:14:11
13,12,3,1439.0,2025-12-08 00:13:12,47065.0,,13,12,3,1497.81958,2025-12-08 00:14:12
13,13,3,1439.9,2025-12-08 00:13:13,46064.0,,13,13,3,1499.526978,2025-12-08 00:14:13
13,14,3,1437.6,2025-12-08 00:13:14,45063.0,,13,14,3,1501.272583,2025-12-08 00:14:14
13,15,3,1443.9,2025-12-08 00:13:15,44062.0,,13,15,3,1503.059204,2025-12-08 00:14:15
13,16,3,1431.8,2025-12-08 00:13:16,43060.0,,13,16,3,1504.878784,2025-12-08 00:14:16
13,17,3,1435.8,2025-12-08 00:13:17,42060.0,,13,17,3,1506.749878,2025-12-08 00:14:17
13,18,3,1457.9,2025-12-08 00:13:18,41058.0,,13,18,3,1508.656006,2025-12-08 00:14:18
13,19,3,1338.6,2025-12-08 00:13:19,40057.0,,13,19,3,1510.585205,2025-12-08 00:14:19
13,20,3,1339.6,2025-12-08 00:13:20,39056.0,,13,20,3,1512.658813,2025-12-08 00:14:20
13,21,3,1331.8,2025-12-08 00:13:21,38055.0,,13,21,3,1514.739502,2025-12-08 00:14:21
13,22,3,1341.8,2025-12-08 00:13:22,37054.0,,13,22,3,1516.829224,2025-12-08 00:14:22
13,23,3,1436.9,2025-12-08 00:13:23,36053.0,,13,23,3,1518.901611,2025-12-08 00:14:23
13,24,3,1438.2,2025-12-08 00:13:24,35052.0,,13,24,3,1520.874878,2025-12-08 00:14:24
13,25,3,1420.3,2025-12-08 00:13:25,34051.0,,13,25,3,1522.858887,2025-12-08 00:14:25
13,26,3,1456.5,2025-12-08 00:13:26,33049.0,,13,26,3,1524.869629,2025-12-08 00:14:26
13,27,3,1424.4,2025-12-08 00:13:27,32048.0,,13,27,3,1526.852905,2025-12-08 00:14:27
13,28,3,1441.2,2025-12-08 00:13:28,31047.0,,13,28,3,1528.880493,2025-12-08 00:14:28
13,29,3,1458.9,2025-12-08 00:13:29,30046.0,,13,29,3,1530.898926,2025-12-08 00:14:29
13,30,3,1443.4,2025-12-08 00:13:30,29044.0,,13,30,3,1532.912476,2025-12-08 00:14:30
13,31,3,1440.4,2025-12-08 00:13:31,28043.0,,13,31,3,1534.956787,2025-12-08 00:14:31
13,32,3,1437.2,2025-12-08 00:13:32,27041.0,,13,32,3,1537.015991,2025-12-08 00:14:32
13,33,3,1455.8,2025-12-08 00:13:33,26040.0,,13,33,3,1539.089355,2025-12-08 00:14:33
13,34,3,1450.5,2025-12-08 00:13:34,25039.0,,13,34,3,1541.157104,2025-12-08 00:14:34
13,35,3,1465.8,2025-12-08 00:13:35,24038.0,,13,35,3,1543.245728,2025-12-08 00:14:35
13,36,3,1443.8,2025-12-08 00:13:36,23037.0,,13,36,3,1545.336792,2025-12-08 00:14:36
13,37,3,1430.9,2025-12-08 00:13:37,22036.0,,13,37,3,1547.467407,2025-12-08 00:14:37
13,38,3,1441.1,2025-12-08 00:13:38,21035.0,,13,38,3,1549.623047,2025-12-08 00:14:38
13,39,3,1453.4,2025-12-08 00:13:39,20034.0,,13,39,3,1551.780029,2025-12-08 00:14:39
13,40,3,1461.7,2025-12-08 00:13:40,19033.0,,13,40,3,1553.938721,2025-12-08 00:14:40
13,41,3,1461.3,2025-12-08 00:13:41,18032.0,,13,41,3,1556.107544,2025-12-08 00:14:41
13,42,3,1450.0,2025-12-08 00:13:42,17030.0,,13,42,3,1558.296265,2025-12-08 00:14:42
13,43,3,1420.5,2025-12-08 00:13:43,16029.0,,13,43,3,1560.514526,2025-12-08 00:14:43
13,44,3,1422.7,2025-12-08 00:13:44,15028.0,,13,44,3,1562.773071,2025-12-08 00:14:44
13,45,3,1438.6,2025-12-08 00:13:45,14027.0,,13,45,3,1565.036865,2025-12-08 00:14:45
13,46,3,1436.9,2025-12-08 00:13:46,13025.0,,13,46,3,1567.294189,2025-12-08 00:14:46
13,47,3,1432.2,2025-12-08 00:13:47,12024.0,,13,47,3,1569.561646,2025-12-08 00:14:47
13,48,3,1427.7,2025-12-08 00:13:48,11023.0,,13,48,3,1571.839111,2025-12-08 00:14:48
13,49,3,1437.1,2025-12-08 00:13:49,10022.0,,13,49,3,1574.123413,2025-12-08 00:14:49
13,50,3,1438.6,2025-12-08 00:13:50,9021.0,,13,50,3,1576.400391,2025-12-08 00:14:50
13,51,3,1451.2,2025-12-08 00:13:51,8020.0,,13,51,3,1578.67627,2025-12-08 00:14:51
13,52,3,1436.2,2025-12-08 00:13:52,7019.0,,13,52,3,1580.94043,2025-12-08 00:14:52
13,53,3,1436.6,2025-12-08 00:13:53,6018.0,,13,53,3,1583.21582,2025-12-08 00:14:53
13,54,3,1439.7,2025-12-08 00:13:54,5016.0,,13,54,3,1585.483521,2025-12-08 00:14:54
13,55,3,1441.1,2025-12-08 00:13:55,4015.0,,13,55,3,1587.738281,2025-12-08 00:14:55
13,56,3,1470.7,2025-12-08 00:13:56,3014.0,,13,56,3,1589.979126,2025-12-08 00:14:56
13,57,3,1519.0,2025-12-08 00:13:57,2013.0,,13,57,3,1592.181396,2025-12-08 00:14:57
13,58,3,1497.6,2025-12-08 00:13:58,1012.0,,13,58,3,1594.337402,2025-12-08 00:14:58
13,59,3,1513.8,2025-12-08 00:13:59,11.0,,13,59,3,1596.514893,2025-12-08 00:14:59
14,0,3,1544.5,2025-12-08 00:14:00,59083.0,,14,0,3,1595.145386,2025-12-08 00:15:00
14,1,3,1535.7,2025-12-08 00:14:01,58082.0,,14,1,3,1597.432007,2025-12-08 00:15:01
14,2,3,1573.8,2025-12-08 00:14:02,57080.0,,14,2,3,1599.945801,2025-12-08 00:15:02
14,3,3,1547.0,2025-12-08 00:14:03,56079.0,,14,3,3,1602.432129,2025-12-08 00:15:03
14,4,3,1551.2,2025-12-08 00:14:04,55078.0,,14,4,3,1604.933228,2025-12-08 00:15:04
14,5,3,1555.5,2025-12-08 00:14:05,54077.0,,14,5,3,1607.38916,2025-12-08 00:15:05
14,6,3,1543.3,2025-12-08 00:14:06,53075.0,,14,6,3,1609.787598,2025-12-08 00:15:06
14,7,3,1549.8,2025-12-08 00:14:07,52074.0,,14,7,3,1612.13916,2025-12-08 00:15:07
14,8,3,1558.0,2025-12-08 00:14:08,51073.0,,14,8,3,1614.428955,2025-12-08 00:15:08
14,9,3,1558.0,2025-12-08 00:14:09,50072.0,,14,9,3,1616.66272,2025-12-08 00:15:09
14,10,3,1553.9,2025-12-08 00:14:10,49070.0,,14,10,3,1618.855103,2025-12-08 00:15:10
14,11,3,1571.5,2025-12-08 00:14:11,48069.0,,14,11,3,1621.015869,2025-12-08 00:15:11
14,12,3,1532.4,2025-12-08 00:14:12,47069.0,,14,12,3,1623.135498,2025-12-08 00:15:12
14,13,3,1503.1,2025-12-08 00:14:13,46067.0,,14,13,3,1625.262817,2025-12-08 00:15:13
14,14,3,1483.4,2025-12-08 00:14:14,45066.0,,14,14,3,1627.385376,2025-12-08 00:15:14
14,15,3,1516.9,2025-12-08 00:14:15,44065.0,,14,15,3,1629.491577,2025-12-08 00:15:15
14,16,3,1537.4,2025-12-08 00:14:16,43064.0,,14,16,3,1631.541016,2025-12-08 00:15:16
14,17,3,1566.3,2025-12-08 00:14:17,42063.0,,14,17,3,1633.550781,2025-12-08 00:15:17
14,18,3,1557.4,2025-12-08 00:14:18,41061.0,,14,18,3,1635.521851,2025-12-08 00:15:18
14,19,3,1562.3,2025-12-08 00:14:19,40061.0,,14,19,3,1637.488037,2025-12-08 00:15:19
14,20,3,1536.8,2025-12-08 00:14:20,39060.0,,14,20,3,1639.440796,2025-12-08 00:15:20
14,21,3,1555.0,2025-12-08 00:14:21,38058.0,,14,21,3,1641.402466,2025-12-08 00:15:21
14,22,3,1543.4,2025-12-08 00:14:22,37057.0,,14,22,3,1643.342407,2025-12-08 00:15:22
14,23,3,1539.0,2025-12-08 00:14:23,36056.0,,14,23,3,1645.284058,2025-12-08 00:15:23
14,24,3,1508.4,2025-12-08 00:14:24,35056.0,,14,24,3,1647.221436,2025-12-08 00:15:24
14,25,3,1522.9,2025-12-08 00:14:25,34052.0,,14,25,3,1649.168945,2025-12-08 00:15:25
14,26,3,1496.2,2025-12-08 00:14:26,33051.0,,14,26,3,1651.09436,2025-12-08 00:15:26
14,27,3,1501.0,2025-12-08 00:14:27,32050.0,,14,27,3,1653.022705,2025-12-08 00:15:27
14,28,3,1513.6,2025-12-08 00:14:28,31049.0,,14,28,3,1654.929443,2025-12-08 00:15:28
14,29,3,1519.9,2025-12-08 00:14:29,30048.0,,14,29,3,1656.809814,2025-12-08 00:15:29
14,30,3,1514.3,2025-12-08 00:14:30,29047.0,,14,30,3,1658.668091,2025-12-08 00:15:30
14,31,3,1497.4,2025-12-08 00:14:31,28046.0,,14,31,3,1660.510132,2025-12-08 00:15:31
14,32,3,1550.5,2025-12-08 00:14:32,27044.0,,14,32,3,1662.339355,2025-12-08 00:15:32
14,33,3,1528.5,2025-12-08 00:14:33,26043.0,,14,33,3,1664.11438,2025-12-08 00:15:33
14,34,3,1553.5,2025-12-08 00:14:34,25042.0,,14,34,3,1665.883057,2025-12-08 00:15:34
14,35,3,1556.9,2025-12-08 00:14:35,24041.0,,14,35,3,1667.616821,2025-12-08 00:15:35
14,36,3,1533.1,2025-12-08 00:14:36,23039.0,,14,36,3,1669.330811,2025-12-08 00:15:36
14,37,3,1541.8,2025-12-08 00:14:37,22038.0,,14,37,3,1671.039307,2025-12-08 00:15:37
14,38,3,1536.8,2025-12-08 00:14:38,21037.0,,14,38,3,1672.721313,2025-12-08 00:15:38
14,39,3,1558.1,2025-12-08 00:14:39,20036.0,,14,39,3,1674.384155,2025-12-08 00:15:39
14,40,3,1537.7,2025-12-08 00:14:40,19035.0,,14,40,3,1676.014282,2025-12-08 00:15:40
14,41,3,1555.7,2025-12-08 00:14:41,18033.0,,14,41,3,1677.633667,2025-12-08 00:15:41
14,42,3,1540.6,2025-12-08 00:14:42,17032.0,,14,42,3,1679.220703,2025-12-08 00:15:42
14,43,3,1554.9,2025-12-08 00:14:43,16031.0,,14,43,3,1680.792847,2025-12-08 00:15:43
14,44,3,1547.6,2025-12-08 00:14:44,15030.0,,14,44,3,1682.332764,2025-12-08 00:15:44
14,45,3,1556.6,2025-12-08 00:14:45,14029.0,,14,45,3,1683.851807,2025-12-08 00:15:45
14,46,3,1556.4,2025-12-08 00:14:46,13028.0,,14,46,3,1685.339722,2025-12-08 00:15:46
14,47,3,1558.3,2025-12-08 00:14:47,12026.0,,14,47,3,1686.801514,2025-12-08 00:15:47
14,48,3,1593.2,2025-12-08 00:14:48,11025.0,,14,48,3,1688.234497,2025-12-08 00:15:48
14,49,3,1604.1,2025-12-08 00:14:49,10025.0,,14,49,3,1689.623779,2025-12-08 00:15:49
14,50,3,1619.0,2025-12-08 00:14:50,9024.0,,14,50,3,1690.984863,2025-12-08 00:15:50
14,51,3,1606.2,2025-12-08 00:14:51,8023.0,,14,51,3,1692.318604,2025-12-08 00:15:51
14,52,3,1630.2,2025-12-08 00:14:52,7022.0,,14,52,3,1693.640137,2025-12-08 00:15:52
14,53,3,1602.7,2025-12-08 00:14:53,6020.0,,14,53,3,1694.934082,2025-12-08 00:15:53
14,54,3,1594.8,2025-12-08 00:14:54,5018.0,,14,54,3,1696.225586,2025-12-08 00:15:54
14,55,3,1600.0,2025-12-08 00:14:55,4016.0,,14,55,3,1697.504395,2025-12-08 00:15:55
14,56,3,1596.0,2025-12-08 00:14:56,3015.0,,14,56,3,1698.764893,2025-12-08 00:15:56
14,57,3,1543.0,2025-12-08 00:14:57,2014.0,,14,57,3,1700.011475,2025-12-08 00:15:57
14,58,3,1548.8,2025-12-08 00:14:58,1013.0,,14,58,3,1701.262085,2025-12-08 00:15:58
14,59,3,1564.0,2025-12-08 00:14:59,11.0,,14,59,3,1702.486572,2025-12-08 00:15:59
15,0,3,710.6,2025-12-08 00:15:00,59260.0,,15,0,3,1041.384766,2025-12-08 00:16:00
15,1,3,748.0,2025-12-08 00:15:01,58258.0,,15,1,3,1060.341675,2025-12-08 00:16:01
15,2,3,736.0,2025-12-08 00:15:02,57258.0,,15,2,3,1079.865479,2025-12-08 00:16:02
15,3,3,744.6,2025-12-08 00:15:03,56256.0,,15,3,3,1098.373413,2025-12-08 00:16:03
15,4,3,740.4,2025-12-08 00:15:04,55255.0,,15,4,3,1115.327759,2025-12-08 00:16:04
15,5,3,733.9,2025-12-08 00:15:05,54254.0,,15,5,3,1130.594971,2025-12-08 00:16:05
15,6,3,730.2,2025-12-08 00:15:06,53253.0,,15,6,3,1144.230591,2025-12-08 00:16:06
15,7,3,714.5,2025-12-08 00:15:07,52252.0,,15,7,3,1156.378662,2025-12-08 00:16:07
15,8,3,736.5,2025-12-08 00:15:08,51250.0,,15,8,3,1167.214722,2025-12-08 00:16:08
15,9,3,736.5,2025-12-08 00:15:09,50249.0,,15,9,3,1176.915649,2025-12-08 00:16:09
15,10,3,717.9,2025-12-08 00:15:10,49248.0,,15,10,3,1185.643433,2025-12-08 00:16:10
15,11,3,754.8,2025-12-08 00:15:11,48246.0,,15,11,3,1193.540405,2025-12-08 00:16:11
15,12,3,738.6,2025-12-08 00:15:12,47245.0,,15,12,3,1200.728149,2025-12-08 00:16:12
15,13,3,708.0,2025-12-08 00:15:13,46245.0,,15,13,3,1207.307861,2025-12-08 00:16:13
15,14,3,728.4,2025-12-08 00:15:14,45244.0,,15,14,3,1213.363647,2025-12-08 00:16:14
15,15,3,741.2,2025-12-08 00:15:15,44242.0,,15,15,3,1218.965454,2025-12-08 00:16:15
15,16,3,725.3,2025-12-08 00:15:16,43242.0,,15,16,3,1224.170898,2025-12-08 00:16:16
15,17,3,742.1,2025-12-08 00:15:17,42240.0,,15,17,3,1229.02771,2025-12-08 00:16:17
15,18,3,729.2,2025-12-08 00:15:18,41239.0,,15,18,3,1233.57605,2025-12-08 00:16:18
15,19,3,740.2,2025-12-08 00:15:19,40238.0,,15,19,3,1237.849609,2025-12-08 00:16:19
15,20,3,745.3,2025-12-08 00:15:20,39237.0,,15,20,3,1241.876831,2025-12-08 00:16:20
15,21,3,735.3,2025-12-08 00:15:21,38236.0,,15,21,3,1245.682617,2025-12-08 00:16:21
15,22,3,740.3,2025-12-08 00:15:22,37235.0,,15,22,3,1249.288086,2025-12-08 00:16:22
15,23,3,718.1,2025-12-08 00:15:23,36234.0,,15,23,3,1252.712036,2025-12-08 00:16:23
15,24,3,726.3,2025-12-08 00:15:24,35232.0,,15,24,3,1255.970337,2025-12-08 00:16:24
15,25,3,737.1,2025-12-08 00:15:25,34231.0,,15,25,3,1259.078247,2025-12-08 00:16:25
15,26,3,725.1,2025-12-08 00:15:26,33230.0,,15,26,3,1262.048462,2025-12-08 00:16:26
15,27,3,750.6,2025-12-08 00:15:27,32227.0,,15,27,3,1264.8927,2025-12-08 00:16:27
15,28,3,734.8,2025-12-08 00:15:28,31226.0,,15,28,3,1267.622192,2025-12-08 00:16:28
15,29,3,736.7,2025-12-08 00:15:29,30225.0,,15,29,3,1270.24585,2025-12-08 00:16:29
15,30,3,717.7,2025-12-08 00:15:30,29206.0,,15,30,3,1272.772583,2025-12-08 00:16:30
15,31,3,714.9,2025-12-08 00:15:31,28204.0,,15,31,3,1275.210083,2025-12-08 00:16:31
15,32,3,735.8,2025-12-08 00:15:32,27203.0,,15,32,3,1277.565918,2025-12-08 00:16:32
15,33,3,880.7,2025-12-08 00:15:33,26201.0,,15,33,3,1279.846802,2025-12-08 00:16:33
15,34,3,842.1,2025-12-08 00:15:34,25200.0,,15,34,3,1282.060791,2025-12-08 00:16:34
15,35,3,835.2,2025-12-08 00:15:35,24187.0,,15,35,3,1284.211304,2025-12-08 00:16:35
15,36,3,820.0,2025-12-08 00:15:36,23051.0,,15,36,3,1286.303955,2025-12-08 00:16:36
15,37,3,735.5,2025-12-08 00:15:37,22050.0,,15,37,3,1288.343628,2025-12-08 00:16:37
15,38,3,837.6,2025-12-08 00:15:38,21049.0,,15,38,3,1290.33374,2025-12-08 00:16:38
15,39,3,887.6,2025-12-08 00:15:39,20048.0,,15,39,3,1292.280273,2025-12-08 00:16:39
15,40,3,828.9,2025-12-08 00:15:40,19046.0,,15,40,3,1294.187134,2025-12-08 00:16:40
15,41,3,861.1,2025-12-08 00:15:41,18041.0,,15,41,3,1296.056885,2025-12-08 00:16:41
15,42,3,778.5,2025-12-08 00:15:42,17041.0,,15,42,3,1297.893433,2025-12-08 00:16:42
15,43,3,783.5,2025-12-08 00:15:43,16040.0,,15,43,3,1299.699219,2025-12-08 00:16:43
15,44,3,837.5,2025-12-08 00:15:44,15037.0,,15,44,3,1301.477539,2025-12-08 00:16:44
15,45,3,840.4,2025-12-08 00:15:45,14033.0,,15,45,3,1303.231689,2025-12-08 00:16:45
15,46,3,832.5,2025-12-08 00:15:46,13032.0,,15,46,3,1304.963745,2025-12-08 00:16:46
15,47,3,831.1,2025-12-08 00:15:47,12031.0,,15,47,3,1306.676758,2025-12-08 00:16:47
15,48,3,863.8,2025-12-08 00:15:48,11028.0,,15,48,3,1308.372803,2025-12-08 00:16:48
15,49,3,833.2,2025-12-08 00:15:49,10027.0,,15,49,3,1310.054321,2025-12-08 00:16:49
15,50,3,846.9,2025-12-08 00:15:50,9026.0,,15,50,3,1311.723999,2025-12-08 00:16:50
15,51,3,839.6,2025-12-08 00:15:51,8020.0,,15,51,3,1313.383545,2025-12-08 00:16:51
15,52,3,750.0,2025-12-08 00:15:52,7018.0,,15,52,3,1315.035645,2025-12-08 00:16:52
15,53,3,763.8,2025-12-08 00:15:53,6017.0,,15,53,3,1316.682373,2025-12-08 00:16:53
15,54,3,784.8,2025-12-08 00:15:54,5015.0,,15,54,3,1318.323608,2025-12-08 00:16:54
15,55,3,751.2,2025-12-08 00:15:55,4014.0,,15,55,3,1319.959473,2025-12-08 00:16:55
15,56,3,766.7,2025-12-08 00:15:56,3013.0,,15,56,3,1321.59314,2025-12-08 00:16:56
15,57,3,755.4,2025-12-08 00:15:57,2012.0,,15,57,3,1323.221313,2025-12-08 00:16:57
15,58,3,786.3,2025-12-08 00:15:58,1011.0,,15,58,3,1324.845215,2025-12-08 00:16:58
15,59,3,765.4,2025-12-08 00:15:59,10.0,,15,59,3,1326.45813,2025-12-08 00:16:59
16,0,3,1284.0,2025-12-08 00:16:00,59084.0,,16,0,3,1349.495605,2025-12-08 00:17:00
16,1,3,1282.4,2025-12-08 00:16:01,58083.0,,16,1,3,1350.869629,2025-12-08 00:17:01
16,2,3,1263.6,2025-12-08 00:16:02,57082.0,,16,2,3,1352.098633,2025-12-08 00:17:02
16,3,3,1278.1,2025-12-08 00:16:03,56081.0,,16,3,3,1353.324097,2025-12-08 00:17:03
16,4,3,1296.0,2025-12-08 00:16:04,55080.0,,16,4,3,1354.555176,2025-12-08 00:17:04
16,5,3,1077.9,2025-12-08 00:16:05,54079.0,,16,5,3,1355.808594,2025-12-08 00:17:05
16,6,3,1260.1,2025-12-08 00:16:06,53078.0,,16,6,3,1357.144287,2025-12-08 00:17:06
16,7,3,1088.6,2025-12-08 00:16:07,52077.0,,16,7,3,1358.454102,2025-12-08 00:17:07
16,8,3,1033.5,2025-12-08 00:16:08,51076.0,,16,8,3,1359.838257,2025-12-08 00:17:08
16,9,3,1136.9,2025-12-08 00:16:09,50075.0,,16,9,3,1361.253052,2025-12-08 00:17:09
16,10,3,1070.8,2025-12-08 00:16:10,49074.0,,16,10,3,1362.6427,2025-12-08 00:17:10
16,11,3,1093.1,2025-12-08 00:16:11,48073.0,,16,11,3,1364.062378,2025-12-08 00:17:11
16,12,3,1144.5,2025-12-08 00:16:12,47072.0,,16,12,3,1365.471069,2025-12-08 00:17:12
16,13,3,1137.0,2025-12-08 00:16:13,46071.0,,16,13,3,1366.851562,2025-12-08 00:17:13
16,14,3,1200.7,2025-12-08 00:16:14,45070.0,,16,14,3,1368.225952,2025-12-08 00:17:14
16,15,3,1234.8,2025-12-08 00:16:15,44068.0,,16,15,3,1369.556152,2025-12-08 00:17:15
16,16,3,1241.1,2025-12-08 00:16:16,43067.0,,16,16,3,1370.858032,2025-12-08 00:17:16
16,17,3,1272.9,2025-12-08 00:16:17,42066.0,,16,17,3,1372.14502,2025-12-08 00:17:17
16,18,3,1300.7,2025-12-08 00:16:18,41065.0,,16,18,3,1373.404541,2025-12-08 00:17:18
16,19,3,1297.7,2025-12-08 00:16:19,40064.0,,16,19,3,1374.641724,2025-12-08 00:17:19
16,20,3,1285.5,2025-12-08 00:16:20,39063.0,,16,20,3,1375.876221,2025-12-08 00:17:20
16,21,3,1314.4,2025-12-08 00:16:21,38061.0,,16,21,3,1377.111816,2025-12-08 00:17:21
16,22,3,1304.0,2025-12-08 00:16:22,37060.0,,16,22,3,1378.32666,2025-12-08 00:17:22
16,23,3,1332.5,2025-12-08 00:16:23,36059.0,,16,23,3,1379.545654,2025-12-08 00:17:23
16,24,3,1304.0,2025-12-08 00:16:24,35058.0,,16,24,3,1380.748413,2025-12-08 00:17:24
16,25,3,1321.2,2025-12-08 00:16:25,34057.0,,16,25,3,1381.969604,2025-12-08 00:17:25
16,26,3,1309.1,2025-12-08 00:16:26,33056.0,,16,26,3,1383.181885,2025-12-08 00:17:26
16,27,3,1305.1,2025-12-08 00:16:27,32055.0,,16,27,3,1384.403687,2025-12-08 00:17:27
16,28,3,1329.9,2025-12-08 00:16:28,31054.0,,16,28,3,1385.629517,2025-12-08 00:17:28
16,29,3,1328.5,2025-12-08 00:16:29,30053.0,,16,29,3,1386.843994,2025-12-08 00:17:29
16,30,3,1318.2,2025-12-08 00:16:30,29052.0,,16,30,3,1388.06665,2025-12-08 00:17:30
16,31,3,1308.3,2025-12-08 00:16:31,28050.0,,16,31,3,1389.302856,2025-12-08 00:17:31
16,32,3,1312.3,2025-12-08 00:16:32,27049.0,,16,32,3,1390.550903,2025-12-08 00:17:32
16,33,3,1314.4,2025-12-08 00:16:33,26048.0,,16,33,3,1391.802002,2025-12-08 00:17:33
16,34,3,1295.2,2025-12-08 00:16:34,25047.0,,16,34,3,1393.058105,2025-12-08 00:17:34
16,35,3,1292.9,2025-12-08 00:16:35,24046.0,,16,35,3,1394.330933,2025-12-08 00:17:35
16,36,3,1325.2,2025-12-08 00:16:36,23045.0,,16,36,3,1395.606812,2025-12-08 00:17:36
16,37,3,1310.6,2025-12-08 00:16:37,22045.0,,16,37,3,1396.865479,2025-12-08 00:17:37
16,38,3,1315.5,2025-12-08 00:16:38,21043.0,,16,38,3,1398.13916,2025-12-08 00:17:38
16,39,3,1314.1,2025-12-08 00:16:39,20042.0,,16,39,3,1399.413574,2025-12-08 00:17:39
16,40,3,1329.3,2025-12-08 00:16:40,19040.0,,16,40,3,1400.693115,2025-12-08 00:17:40
16,41,3,1325.9,2025-12-08 00:16:41,18034.0,,16,41,3,1401.967529,2025-12-08 00:17:41
16,42,3,1313.9,2025-12-08 00:16:42,17033.0,,16,42,3,1403.251343,2025-12-08 00:17:42
16,43,3,1330.2,2025-12-08 00:16:43,16032.0,,16,43,3,1404.548584,2025-12-08 00:17:43
16,44,3,1334.2,2025-12-08 00:16:44,15031.0,,16,44,3,1405.839844,2025-12-08 00:17:44
16,45,3,1317.3,2025-12-08 00:16:45,14030.0,,16,45,3,1407.136353,2025-12-08 00:17:45
16,46,3,1312.5,2025-12-08 00:16:46,13029.0,,16,46,3,1408.451172,2025-12-08 00:17:46
16,47,3,1329.1,2025-12-08 00:16:47,12028.0,,16,47,3,1409.772949,2025-12-08 00:17:47
16,48,3,1333.9,2025-12-08 00:16:48,11027.0,,16,48,3,1411.086914,2025-12-08 00:17:48
16,49,3,1338.7,2025-12-08 00:16:49,10026.0,,16,49,3,1412.403198,2025-12-08 00:17:49
16,50,3,1327.9,2025-12-08 00:16:50,9024.0,,16,50,3,1413.7229,2025-12-08 00:17:50
16,51,3,1337.3,2025-12-08 00:16:51,8023.0,,16,51,3,1415.057007,2025-12-08 00:17:51
16,52,3,1336.3,2025-12-08 00:16:52,7022.0,,16,52,3,1416.389771,2025-12-08 00:17:52
16,53,3,1341.5,2025-12-08 00:16:53,6020.0,,16,53,3,1417.729858,2025-12-08 00:17:53
16,54,3,1346.9,2025-12-08 00:16:54,5019.0,,16,54,3,1419.072266,2025-12-08 00:17:54
16,55,3,1327.2,2025-12-08 00:16:55,4018.0,,16,55,3,1420.418579,2025-12-08 00:17:55
16,56,3,1346.2,2025-12-08 00:16:56,3017.0,,16,56,3,1421.786499,2025-12-08 00:17:56
16,57,3,1346.0,2025-12-08 00:16:57,2014.0,,16,57,3,1423.144287,2025-12-08 00:17:57
16,58,3,1349.9,2025-12-08 00:16:58,1013.0,,16,58,3,1424.509521,2025-12-08 00:17:58
16,59,3,1365.0,2025-12-08 00:16:59,11.0,,16,59,3,1425.879028,2025-12-08 00:17:59
17,0,3,1334.3,2025-12-08 00:17:00,59103.0,,17,0,3,1356.243896,2025-12-08 00:18:00
17,1,3,1339.5,2025-12-08 00:17:01,58101.0,,17,1,3,1357.925415,2025-12-08 00:18:01
17,2,3,1325.1,2025-12-08 00:17:02,57100.0,,17,2,3,1359.698608,2025-12-08 00:18:02
17,3,3,1360.1,2025-12-08 00:17:03,56100.0,,17,3,3,1361.436279,2025-12-08 00:18:03
17,4,3,1322.4,2025-12-08 00:17:04,55098.0,,17,4,3,1363.088623,2025-12-08 00:18:04
17,5,3,1329.9,2025-12-08 00:17:05,54097.0,,17,5,3,1364.691284,2025-12-08 00:18:05
17,6,3,1338.4,2025-12-08 00:17:06,53096.0,,17,6,3,1366.214111,2025-12-08 00:18:06
17,7,3,1324.2,2025-12-08 00:17:07,52095.0,,17,7,3,1367.664673,2025-12-08 00:18:07
17,8,3,1333.5,2025-12-08 00:17:08,51094.0,,17,8,3,1369.065063,2025-12-08 00:18:08
17,9,3,1313.9,2025-12-08 00:17:09,50093.0,,17,9,3,1370.408569,2025-12-08 00:18:09
17,10,3,1340.2,2025-12-08 00:17:10,49092.0,,17,10,3,1371.720459,2025-12-08 00:18:10
17,11,3,1345.6,2025-12-08 00:17:11,48091.0,,17,11,3,1372.978516,2025-12-08 00:18:11
17,12,3,1339.8,2025-12-08 00:17:12,47089.0,,17,12,3,1374.205811,2025-12-08 00:18:12
17,13,3,1339.2,2025-12-08 00:17:13,46088.0,,17,13,3,1375.414673,2025-12-08 00:18:13
17,14,3,1342.7,2025-12-08 00:17:14,45087.0,,17,14,3,1376.605469,2025-12-08 00:18:14
17,15,3,1360.9,2025-12-08 00:17:15,44086.0,,17,15,3,1377.779663,2025-12-08 00:18:15
17,16,3,1339.0,2025-12-08 00:17:16,43085.0,,17,16,3,1378.932739,2025-12-08 00:18:16
17,17,3,1340.2,2025-12-08 00:17:17,42084.0,,17,17,3,1380.093872,2025-12-08 00:18:17
17,18,3,1377.8,2025-12-08 00:17:18,41083.0,,17,18,3,1381.247803,2025-12-08 00:18:18
17,19,3,1356.3,2025-12-08 00:17:19,40082.0,,17,19,3,1382.376953,2025-12-08 00:18:19
17,20,3,1309.9,2025-12-08 00:17:20,39081.0,,17,20,3,1383.524414,2025-12-08 00:18:20
17,21,3,1356.8,2025-12-08 00:17:21,38080.0,,17,21,3,1384.701294,2025-12-08 00:18:21
17,22,3,1351.6,2025-12-08 00:17:22,37079.0,,17,22,3,1385.846436,2025-12-08 00:18:22
17,23,3,1346.8,2025-12-08 00:17:23,36077.0,,17,23,3,1387.000366,2025-12-08 00:18:23
17,24,3,1333.2,2025-12-08 00:17:24,35076.0,,17,24,3,1388.163208,2025-12-08 00:18:24
17,25,3,1334.1,2025-12-08 00:17:25,34073.0,,17,25,3,1389.339478,2025-12-08 00:18:25
17,26,3,1330.9,2025-12-08 00:17:26,33071.0,,17,26,3,1390.518677,2025-12-08 00:18:26
17,27,3,1319.6,2025-12-08 00:17:27,32070.0,,17,27,3,1391.703857,2025-12-08 00:18:27
17,28,3,1352.6,2025-12-08 00:17:28,31069.0,,17,28,3,1392.898682,2025-12-08 00:18:28
17,29,3,1337.1,2025-12-08 00:17:29,30068.0,,17,29,3,1394.075317,2025-12-08 00:18:29
17,30,3,1356.3,2025-12-08 00:17:30,29067.0,,17,30,3,1395.269653,2025-12-08 00:18:30
17,31,3,1341.1,2025-12-08 00:17:31,28066.0,,17,31,3,1396.458374,2025-12-08 00:18:31
17,32,3,1331.7,2025-12-08 00:17:32,27065.0,,17,32,3,1397.66687,2025-12-08 00:18:32
17,33,3,1336.4,2025-12-08 00:17:33,26064.0,,17,33,3,1398.888916,2025-12-08 00:18:33
17,34,3,1334.6,2025-12-08 00:17:34,25062.0,,17,34,3,1400.114624,2025-12-08 00:18:34
17,35,3,1327.9,2025-12-08 00:17:35,24061.0,,17,35,3,1401.348999,2025-12-08 00:18:35
17,36,3,1335.2,2025-12-08 00:17:36,23060.0,,17,36,3,1402.594604,2025-12-08 00:18:36
17,37,3,1331.9,2025-12-08 00:17:37,22059.0,,17,37,3,1403.841309,2025-12-08 00:18:37
17,38,3,1345.1,2025-12-08 00:17:38,21058.0,,17,38,3,1405.097168,2025-12-08 00:18:38
17,39,3,1347.8,2025-12-08 00:17:39,20057.0,,17,39,3,1406.351685,2025-12-08 00:18:39
17,40,3,1357.6,2025-12-08 00:17:40,19056.0,,17,40,3,1407.614624,2025-12-08 00:18:40
17,41,3,1346.5,2025-12-08 00:17:41,18054.0,,17,41,3,1408.883545,2025-12-08 00:18:41
17,42,3,1312.0,2025-12-08 00:17:42,17053.0,,17,42,3,1410.174438,2025-12-08 00:18:42
17,43,3,1331.3,2025-12-08 00:17:43,16052.0,,17,43,3,1411.499512,2025-12-08 00:18:43
17,44,3,1325.3,2025-12-08 00:17:44,15050.0,,17,44,3,1412.817627,2025-12-08 00:18:44
17,45,3,1336.7,2025-12-08 00:17:45,14049.0,,17,45,3,1414.148438,2025-12-08 00:18:45
17,46,3,1334.3,2025-12-08 00:17:46,13028.0,,17,46,3,1415.479004,2025-12-08 00:18:46
17,47,3,1341.8,2025-12-08 00:17:47,12027.0,,17,47,3,1416.820557,2025-12-08 00:18:47
17,48,3,1324.1,2025-12-08 00:17:48,11026.0,,17,48,3,1418.165771,2025-12-08 00:18:48
17,49,3,1325.7,2025-12-08 00:17:49,10024.0,,17,49,3,1419.532715,2025-12-08 00:18:49
17,50,3,1362.8,2025-12-08 00:17:50,9023.0,,17,50,3,1420.904053,2025-12-08 00:18:50
17,51,3,1338.0,2025-12-08 00:17:51,8022.0,,17,51,3,1422.255981,2025-12-08 00:18:51
17,52,3,1361.5,2025-12-08 00:17:52,7019.0,,17,52,3,1423.639282,2025-12-08 00:18:52
17,53,3,1331.1,2025-12-08 00:17:53,6016.0,,17,53,3,1425.016113,2025-12-08 00:18:53
17,54,3,1340.9,2025-12-08 00:17:54,5015.0,,17,54,3,1426.428833,2025-12-08 00:18:54
17,55,3,1337.5,2025-12-08 00:17:55,4014.0,,17,55,3,1427.842529,2025-12-08 00:18:55
17,56,3,1335.0,2025-12-08 00:17:56,3012.0,,17,56,3,1429.268677,2025-12-08 00:18:56
17,57,3,1342.9,2025-12-08 00:17:57,2011.0,,17,57,3,1430.704712,2025-12-08 00:18:57
17,58,3,1330.3,2025-12-08 00:17:58,1010.0,,17,58,3,1432.142334,2025-12-08 00:18:58
17,59,3,1338.7,2025-12-08 00:17:59,8.0,,17,59,3,1433.596436,2025-12-08 00:18:59
18,0,3,1445.6,2025-12-08 00:18:00,59244.0,,18,0,3,1484.880127,2025-12-08 00:19:00
18,1,3,1434.7,2025-12-08 00:18:01,58242.0,,18,1,3,1486.505981,2025-12-08 00:19:01
18,2,3,1439.3,2025-12-08 00:18:02,57241.0,,18,2,3,1487.83374,2025-12-08 00:19:02
18,3,3,1442.1,2025-12-08 00:18:03,56240.0,,18,3,3,1489.108154,2025-12-08 00:19:03
18,4,3,1451.1,2025-12-08 00:18:04,55239.0,,18,4,3,1490.375366,2025-12-08 00:19:04
18,5,3,1447.2,2025-12-08 00:18:05,54238.0,,18,5,3,1491.669067,2025-12-08 00:19:05
18,6,3,1437.0,2025-12-08 00:18:06,53237.0,,18,6,3,1493.023193,2025-12-08 00:19:06
18,7,3,1449.0,2025-12-08 00:18:07,52236.0,,18,7,3,1494.449585,2025-12-08 00:19:07
18,8,3,1421.2,2025-12-08 00:18:08,51235.0,,18,8,3,1495.92627,2025-12-08 00:19:08
18,9,3,1425.2,2025-12-08 00:18:09,50234.0,,18,9,3,1497.490356,2025-12-08 00:19:09
18,10,3,1441.5,2025-12-08 00:18:10,49233.0,,18,10,3,1499.100342,2025-12-08 00:19:10
18,11,3,1450.9,2025-12-08 00:18:11,48232.0,,18,11,3,1500.742188,2025-12-08 00:19:11
18,12,3,1426.3,2025-12-08 00:18:12,47231.0,,18,12,3,1502.423462,2025-12-08 00:19:12
18,13,3,1436.1,2025-12-08 00:18:13,46230.0,,18,13,3,1504.174561,2025-12-08 00:19:13
18,14,3,1441.0,2025-12-08 00:18:14,45228.0,,18,14,3,1505.9552,2025-12-08 00:19:14
18,15,3,1439.2,2025-12-08 00:18:15,44227.0,,18,15,3,1507.772217,2025-12-08 00:19:15
18,16,3,1447.1,2025-12-08 00:18:16,43226.0,,18,16,3,1509.632446,2025-12-08 00:19:16
18,17,3,1444.6,2025-12-08 00:18:17,42225.0,,18,17,3,1511.527832,2025-12-08 00:19:17
18,18,3,1444.2,2025-12-08 00:18:18,41224.0,,18,18,3,1513.471069,2025-12-08 00:19:18
18,19,3,1341.9,2025-12-08 00:18:19,40223.0,,18,19,3,1515.46106,2025-12-08 00:19:19
18,20,3,1322.4,2025-12-08 00:18:20,39222.0,,18,20,3,1517.578369,2025-12-08 00:19:20
18,21,3,1339.3,2025-12-08 00:18:21,38221.0,,18,21,3,1519.7229,2025-12-08 00:19:21
18,22,3,1322.9,2025-12-08 00:18:22,37217.0,,18,22,3,1521.85144,2025-12-08 00:19:22
18,23,3,1442.7,2025-12-08 00:18:23,36216.0,,18,23,3,1523.98999,2025-12-08 00:19:23
18,24,3,1438.6,2025-12-08 00:18:24,35214.0,,18,24,3,1526.003296,2025-12-08 00:19:24
18,25,3,1431.9,2025-12-08 00:18:25,34213.0,,18,25,3,1528.033813,2025-12-08 00:19:25
18,26,3,1421.8,2025-12-08 00:18:26,33212.0,,18,26,3,1530.081299,2025-12-08 00:19:26
18,27,3,1457.7,2025-12-08 00:18:27,32211.0,,18,27,3,1532.146362,2025-12-08 00:19:27
18,28,3,1442.2,2025-12-08 00:18:28,31210.0,,18,28,3,1534.18457,2025-12-08 00:19:28
18,29,3,1427.9,2025-12-08 00:18:29,30209.0,,18,29,3,1536.252319,2025-12-08 00:19:29
18,30,3,1449.9,2025-12-08 00:18:30,29208.0,,18,30,3,1538.343994,2025-12-08 00:19:30
18,31,3,1432.4,2025-12-08 00:18:31,28207.0,,18,31,3,1540.422729,2025-12-08 00:19:31
18,32,3,1453.9,2025-12-08 00:18:32,27206.0,,18,32,3,1542.529785,2025-12-08 00:19:32
18,33,3,1455.3,2025-12-08 00:18:33,26200.0,,18,33,3,1544.625732,2025-12-08 00:19:33
18,34,3,1460.3,2025-12-08 00:18:34,25197.0,,18,34,3,1546.734863,2025-12-08 00:19:34
18,35,3,1472.9,2025-12-08 00:18:35,24196.0,,18,35,3,1548.855469,2025-12-08 00:19:35
18,36,3,1426.9,2025-12-08 00:18:36,23194.0,,18,36,3,1550.983765,2025-12-08 00:19:36
18,37,3,1425.5,2025-12-08 00:18:37,22189.0,,18,37,3,1553.172974,2025-12-08 00:19:37
18,38,3,1446.1,2025-12-08 00:18:38,21187.0,,18,38,3,1555.371948,2025-12-08 00:19:38
18,39,3,1432.7,2025-12-08 00:18:39,20185.0,,18,39,3,1557.561035,2025-12-08 00:19:39
18,40,3,1453.9,2025-12-08 00:18:40,19183.0,,18,40,3,1559.772461,2025-12-08 00:19:40
18,41,3,1452.9,2025-12-08 00:18:41,18181.0,,18,41,3,1561.973755,2025-12-08 00:19:41
18,42,3,1447.1,2025-12-08 00:18:42,17180.0,,18,42,3,1564.188599,2025-12-08 00:19:42
18,43,3,1452.8,2025-12-08 00:18:43,16176.0,,18,43,3,1566.420166,2025-12-08 00:19:43
18,44,3,1442.8,2025-12-08 00:18:44,15170.0,,18,44,3,1568.657349,2025-12-08 00:19:44
18,45,3,1431.6,2025-12-08 00:18:45,14167.0,,18,45,3,1570.913818,2025-12-08 00:19:45
18,46,3,1449.7,2025-12-08 00:18:46,13158.0,,18,46,3,1573.186279,2025-12-08 00:19:46
18,47,3,1456.8,2025-12-08 00:18:47,12156.0,,18,47,3,1575.447388,2025-12-08 00:19:47
18,48,3,1433.8,2025-12-08 00:18:48,11156.0,,18,48,3,1577.709961,2025-12-08 00:19:48
18,49,3,1414.7,2025-12-08 00:18:49,10154.0,,18,49,3,1579.997559,2025-12-08 00:19:49
18,50,3,1449.6,2025-12-08 00:18:50,9119.0,,18,50,3,1582.298706,2025-12-08 00:19:50
18,51,3,1464.1,2025-12-08 00:18:51,8115.0,,18,51,3,1584.563721,2025-12-08 00:19:51
18,52,3,1445.4,2025-12-08 00:18:52,7107.0,,18,52,3,1586.81543,2025-12-08 00:19:52
18,53,3,1444.8,2025-12-08 00:18:53,6028.0,,18,53,3,1589.080933,2025-12-08 00:19:53
18,54,3,1443.0,2025-12-08 00:18:54,5022.0,,18,54,3,1591.339233,2025-12-08 00:19:54
18,55,3,1440.7,2025-12-08 00:18:55,4019.0,,18,55,3,1593.587646,2025-12-08 00:19:55
18,56,3,1474.5,2025-12-08 00:18:56,3018.0,,18,56,3,1595.823608,2025-12-08 00:19:56
18,57,3,1525.2,2025-12-08 00:18:57,2016.0,,18,57,3,1598.014648,2025-12-08 00:19:57
18,58,3,1520.6,2025-12-08 00:18:58,1014.0,,18,58,3,1600.156494,2025-12-08 00:19:58
18,59,3,1510.7,2025-12-08 00:18:59,12.0,,18,59,3,1602.305054,2025-12-08 00:19:59
19,0,3,1546.9,2025-12-08 00:19:00,59084.0,,19,0,3,1568.681519,2025-12-08 00:20:00
19,1,3,1564.5,2025-12-08 00:19:01,58082.0,,19,1,3,1571.150879,2025-12-08 00:20:01
19,2,3,1521.3,2025-12-08 00:19:02,57081.0,,19,2,3,1573.209961,2025-12-08 00:20:02
19,3,3,1558.4,2025-12-08 00:19:03,56078.0,,19,3,3,1575.119263,2025-12-08 00:20:03
19,4,3,1562.6,2025-12-08 00:19:04,55076.0,,19,4,3,1576.897705,2025-12-08 00:20:04
19,5,3,1565.2,2025-12-08 00:19:05,54072.0,,19,5,3,1578.572266,2025-12-08 00:20:05
19,6,3,1543.8,2025-12-08 00:19:06,53071.0,,19,6,3,1580.162109,2025-12-08 00:20:06
19,7,3,1560.8,2025-12-08 00:19:07,52070.0,,19,7,3,1581.690552,2025-12-08 00:20:07
19,8,3,1546.6,2025-12-08 00:19:08,51069.0,,19,8,3,1583.166016,2025-12-08 00:20:08
19,9,3,1558.3,2025-12-08 00:19:09,50068.0,,19,9,3,1584.609131,2025-12-08 00:20:09
19,10,3,1546.2,2025-12-08 00:19:10,49066.0,,19,10,3,1586.026001,2025-12-08 00:20:10
19,11,3,1540.1,2025-12-08 00:19:11,48065.0,,19,11,3,1587.431885,2025-12-08 00:20:11
19,12,3,1561.0,2025-12-08 00:19:12,47063.0,,19,12,3,1588.834473,2025-12-08 00:20:12
19,13,3,1510.2,2025-12-08 00:19:13,46062.0,,19,13,3,1590.236206,2025-12-08 00:20:13
19,14,3,1486.9,2025-12-08 00:19:14,45061.0,,19,14,3,1591.657471,2025-12-08 00:20:14
19,15,3,1517.8,2025-12-08 00:19:15,44060.0,,19,15,3,1593.099731,2025-12-08 00:20:15
19,16,3,1557.1,2025-12-08 00:19:16,43059.0,,19,16,3,1594.557007,2025-12-08 00:20:16
19,17,3,1529.9,2025-12-08 00:19:17,42058.0,,19,17,3,1596.030029,2025-12-08 00:20:17
19,18,3,1547.9,2025-12-08 00:19:18,41057.0,,19,18,3,1597.536743,2025-12-08 00:20:18
19,19,3,1557.9,2025-12-08 00:19:19,40056.0,,19,19,3,1599.071411,2025-12-08 00:20:19
19,20,3,1564.2,2025-12-08 00:19:20,39054.0,,19,20,3,1600.637695,2025-12-08 00:20:20
19,21,3,1559.1,2025-12-08 00:19:21,38053.0,,19,21,3,1602.23938,2025-12-08 00:20:21
19,22,3,1548.5,2025-12-08 00:19:22,37052.0,,19,22,3,1603.880859,2025-12-08 00:20:22
19,23,3,1560.3,2025-12-08 00:19:23,36051.0,,19,23,3,1605.565674,2025-12-08 00:20:23
19,24,3,1497.8,2025-12-08 00:19:24,35050.0,,19,24,3,1607.291138,2025-12-08 00:20:24
19,25,3,1522.0,2025-12-08 00:19:25,34048.0,,19,25,3,1609.075439,2025-12-08 00:20:25
19,26,3,1513.5,2025-12-08 00:19:26,33047.0,,19,26,3,1610.902344,2025-12-08 00:20:26
19,27,3,1524.9,2025-12-08 00:19:27,32046.0,,19,27,3,1612.779419,2025-12-08 00:20:27
19,28,3,1513.8,2025-12-08 00:19:28,31045.0,,19,28,3,1614.704102,2025-12-08 00:20:28
19,29,3,1529.1,2025-12-08 00:19:29,30044.0,,19,29,3,1616.682983,2025-12-08 00:20:29
19,30,3,1491.9,2025-12-08 00:19:30,29043.0,,19,30,3,1618.711304,2025-12-08 00:20:30
19,31,3,1506.6,2025-12-08 00:19:31,28043.0,,19,31,3,1620.802979,2025-12-08 00:20:31
19,32,3,1554.2,2025-12-08 00:19:32,27042.0,,19,32,3,1622.948486,2025-12-08 00:20:32
19,33,3,1550.2,2025-12-08 00:19:33,26040.0,,19,33,3,1625.141235,2025-12-08 00:20:33
19,34,3,1545.6,2025-12-08 00:19:34,25040.0,,19,34,3,1627.393677,2025-12-08 00:20:34
19,35,3,1557.7,2025-12-08 00:19:35,24039.0,,19,35,3,1629.708618,2025-12-08 00:20:35
19,36,3,1567.0,2025-12-08 00:19:36,23038.0,,19,36,3,1632.084595,2025-12-08 00:20:36
19,37,3,1556.2,2025-12-08 00:19:37,22037.0,,19,37,3,1634.523438,2025-12-08 00:20:37
19,38,3,1546.6,2025-12-08 00:19:38,21036.0,,19,38,3,1637.032227,2025-12-08 00:20:38
19,39,3,1557.3,2025-12-08 00:19:39,20035.0,,19,39,3,1639.613281,2025-12-08 00:20:39
19,40,3,1553.6,2025-12-08 00:19:40,19034.0,,19,40,3,1642.263794,2025-12-08 00:20:40
19,41,3,1548.3,2025-12-08 00:19:41,18033.0,,19,41,3,1644.989502,2025-12-08 00:20:41
19,42,3,1532.2,2025-12-08 00:19:42,17032.0,,19,42,3,1647.793091,2025-12-08 00:20:42
19,43,3,1542.2,2025-12-08 00:19:43,16031.0,,19,43,3,1650.67981,2025-12-08 00:20:43
19,44,3,1541.6,2025-12-08 00:19:44,15030.0,,19,44,3,1653.646362,2025-12-08 00:20:44
19,45,3,1572.1,2025-12-08 00:19:45,14028.0,,19,45,3,1656.697144,2025-12-08 00:20:45
19,46,3,1562.8,2025-12-08 00:19:46,13026.0,,19,46,3,1659.827026,2025-12-08 00:20:46
19,47,3,1553.6,2025-12-08 00:19:47,12025.0,,19,47,3,1663.047974,2025-12-08 00:20:47
19,48,3,1609.1,2025-12-08 00:19:48,11023.0,,19,48,3,1666.36377,2025-12-08 00:20:48
19,49,3,1601.0,2025-12-08 00:19:49,10022.0,,19,49,3,1669.760254,2025-12-08 00:20:49
19,50,3,1592.6,2025-12-08 00:19:50,9021.0,,19,50,3,1673.255859,2025-12-08 00:20:50
19,51,3,1593.0,2025-12-08 00:19:51,8018.0,,19,51,3,1676.854492,2025-12-08 00:20:51
19,52,3,1609.1,2025-12-08 00:19:52,7017.0,,19,52,3,1680.557251,2025-12-08 00:20:52
19,53,3,1596.8,2025-12-08 00:19:53,6016.0,,19,53,3,1684.363037,2025-12-08 00:20:53
19,54,3,1595.4,2025-12-08 00:19:54,5014.0,,19,54,3,1688.282227,2025-12-08 00:20:54
19,55,3,1575.8,2025-12-08 00:19:55,4013.0,,19,55,3,1692.315552,2025-12-08 00:20:55
19,56,3,1592.8,2025-12-08 00:19:56,3012.0,,19,56,3,1696.471802,2025-12-08 00:20:56
19,57,3,1561.3,2025-12-08 00:19:57,2011.0,,19,57,3,1700.743774,2025-12-08 00:20:57
19,58,3,1531.5,2025-12-08 00:19:58,1010.0,,19,58,3,1705.14856,2025-12-08 00:20:58
19,59,3,1554.5,2025-12-08 00:19:59,9.0,,19,59,3,1709.689941,2025-12-08 00:20:59
20,0,3,718.3,2025-12-08 00:20:00,59088.0,,20,0,3,1011.721497,2025-12-08 00:21:00
20,1,3,745.2,2025-12-08 00:20:01,58084.0,,20,1,3,1049.224854,2025-12-08 00:21:01
20,2,3,733.9,2025-12-08 00:20:02,57083.0,,20,2,3,1076.726318,2025-12-08 00:21:02
20,3,3,712.3,2025-12-08 00:20:03,56081.0,,20,3,3,1098.443237,2025-12-08 00:21:03
20,4,3,717.9,2025-12-08 00:20:04,55079.0,,20,4,3,1115.734985,2025-12-08 00:21:04
20,5,3,715.6,2025-12-08 00:20:05,54078.0,,20,5,3,1129.638306,2025-12-08 00:21:05
20,6,3,729.2,2025-12-08 00:20:06,53076.0,,20,6,3,1140.958618,2025-12-08 00:21:06
20,7,3,729.5,2025-12-08 00:20:07,52075.0,,20,7,3,1150.316162,2025-12-08 00:21:07
20,8,3,721.8,2025-12-08 00:20:08,51074.0,,20,8,3,1158.185181,2025-12-08 00:21:08
20,9,3,738.4,2025-12-08 00:20:09,50073.0,,20,9,3,1164.926514,2025-12-08 00:21:09
20,10,3,736.0,2025-12-08 00:20:10,49070.0,,20,10,3,1170.812622,2025-12-08 00:21:10
20,11,3,729.7,2025-12-08 00:20:11,48069.0,,20,11,3,1176.050171,2025-12-08 00:21:11
20,12,3,736.4,2025-12-08 00:20:12,47067.0,,20,12,3,1180.794067,2025-12-08 00:21:12
20,13,3,730.5,2025-12-08 00:20:13,46066.0,,20,13,3,1185.160645,2025-12-08 00:21:13
20,14,3,742.0,2025-12-08 00:20:14,45060.0,,20,14,3,1189.236816,2025-12-08 00:21:14
20,15,3,725.2,2025-12-08 00:20:15,44055.0,,20,15,3,1193.086792,2025-12-08 00:21:15
20,16,3,739.3,2025-12-08 00:20:16,43054.0,,20,16,3,1196.758179,2025-12-08 00:21:16
20,17,3,733.5,2025-12-08 00:20:17,42054.0,,20,17,3,1200.284912,2025-12-08 00:21:17
20,18,3,738.6,2025-12-08 00:20:18,41053.0,,20,18,3,1203.692139,2025-12-08 00:21:18
20,19,3,742.6,2025-12-08 00:20:19,40052.0,,20,19,3,1206.996582,2025-12-08 00:21:19
20,20,3,740.9,2025-12-08 00:20:20,39050.0,,20,20,3,1210.209961,2025-12-08 00:21:20
20,21,3,734.6,2025-12-08 00:20:21,38049.0,,20,21,3,1213.340332,2025-12-08 00:21:21
20,22,3,742.2,2025-12-08 00:20:22,37048.0,,20,22,3,1216.392334,2025-12-08 00:21:22
20,23,3,720.4,2025-12-08 00:20:23,36046.0,,20,23,3,1219.368042,2025-12-08 00:21:23
20,24,3,732.1,2025-12-08 00:20:24,35045.0,,20,24,3,1222.269653,2025-12-08 00:21:24
20,25,3,712.2,2025-12-08 00:20:25,34044.0,,20,25,3,1225.096802,2025-12-08 00:21:25
20,26,3,726.1,2025-12-08 00:20:26,33043.0,,20,26,3,1227.849854,2025-12-08 00:21:26
20,27,3,734.2,2025-12-08 00:20:27,32043.0,,20,27,3,1230.528198,2025-12-08 00:21:27
20,28,3,726.9,2025-12-08 00:20:28,31042.0,,20,28,3,1233.131226,2025-12-08 00:21:28
20,29,3,723.4,2025-12-08 00:20:29,30041.0,,20,29,3,1235.659424,2025-12-08 00:21:29
20,30,3,726.7,2025-12-08 00:20:30,29040.0,,20,30,3,1238.112061,2025-12-08 00:21:30
20,31,3,720.9,2025-12-08 00:20:31,28040.0,,20,31,3,1240.489746,2025-12-08 00:21:31
20,32,3,724.4,2025-12-08 00:20:32,27039.0,,20,32,3,1242.793091,2025-12-08 00:21:32
20,33,3,846.9,2025-12-08 00:20:33,26038.0,,20,33,3,1245.022461,2025-12-08 00:21:33
20,34,3,835.1,2025-12-08 00:20:34,25037.0,,20,34,3,1247.177124,2025-12-08 00:21:34
20,35,3,849.6,2025-12-08 00:20:35,24036.0,,20,35,3,1249.260498,2025-12-08 00:21:35
20,36,3,839.2,2025-12-08 00:20:36,23035.0,,20,36,3,1251.273438,2025-12-08 00:21:36
20,37,3,748.9,2025-12-08 00:20:37,22035.0,,20,37,3,1253.218262,2025-12-08 00:21:37
20,38,3,835.5,2025-12-08 00:20:38,21034.0,,20,38,3,1255.097778,2025-12-08 00:21:38
20,39,3,884.6,2025-12-08 00:20:39,20033.0,,20,39,3,1256.911377,2025-12-08 00:21:39
20,40,3,859.1,2025-12-08 00:20:40,19032.0,,20,40,3,1258.661255,2025-12-08 00:21:40
20,41,3,851.4,2025-12-08 00:20:41,18031.0,,20,41,3,1260.350586,2025-12-08 00:21:41
20,42,3,771.3,2025-12-08 00:20:42,17029.0,,20,42,3,1261.981445,2025-12-08 00:21:42
20,43,3,753.3,2025-12-08 00:20:43,16027.0,,20,43,3,1263.556885,2025-12-08 00:21:43
20,44,3,821.5,2025-12-08 00:20:44,15026.0,,20,44,3,1265.077759,2025-12-08 00:21:44
20,45,3,842.5,2025-12-08 00:20:45,14025.0,,20,45,3,1266.5448,2025-12-08 00:21:45
20,46,3,839.8,2025-12-08 00:20:46,13024.0,,20,46,3,1267.960938,2025-12-08 00:21:46
20,47,3,837.9,2025-12-08 00:20:47,12023.0,,20,47,3,1269.327881,2025-12-08 00:21:47
20,48,3,821.5,2025-12-08 00:20:48,11020.0,,20,48,3,1270.647827,2025-12-08 00:21:48
20,49,3,834.8,2025-12-08 00:20:49,10020.0,,20,49,3,1271.922729,2025-12-08 00:21:49
20,50,3,818.2,2025-12-08 00:20:50,9018.0,,20,50,3,1273.153809,2025-12-08 00:21:50
20,51,3,845.4,2025-12-08 00:20:51,8017.0,,20,51,3,1274.343262,2025-12-08 00:21:51
20,52,3,774.1,2025-12-08 00:20:52,7016.0,,20,52,3,1275.491821,2025-12-08 00:21:52
20,53,3,765.3,2025-12-08 00:20:53,6014.0,,20,53,3,1276.602661,2025-12-08 00:21:53
20,54,3,758.0,2025-12-08 00:20:54,5012.0,,20,54,3,1277.676147,2025-12-08 00:21:54
20,55,3,774.2,2025-12-08 00:20:55,4011.0,,20,55,3,1278.714111,2025-12-08 00:21:55
20,56,3,765.3,2025-12-08 00:20:56,3010.0,,20,56,3,1279.717285,2025-12-08 00:21:56
20,57,3,778.7,2025-12-08 00:20:57,2010.0,,20,57,3,1280.6875,2025-12-08 00:21:57
20,58,3,768.7,2025-12-08 00:20:58,1009.0,,20,58,3,1281.626099,2025-12-08 00:21:58
20,59,3,743.4,2025-12-08 00:20:59,8.0,,20,59,3,1282.534302,2025-12-08 00:21:59
21,0,3,1277.7,2025-12-08 00:21:00,59118.0,,21,0,3,1331.057861,2025-12-08 00:22:00
21,1,3,1301.0,2025-12-08 00:21:01,58117.0,,21,1,3,1329.429443,2025-12-08 00:22:01
21,2,3,1283.1,2025-12-08 00:21:02,57115.0,,21,2,3,1328.354614,2025-12-08 00:22:02
21,3,3,1272.8,2025-12-08 00:21:03,56114.0,,21,3,3,1327.543335,2025-12-08 00:22:03
21,4,3,1281.4,2025-12-08 00:21:04,55112.0,,21,4,3,1326.927246,2025-12-08 00:22:04
21,5,3,1091.9,2025-12-08 00:21:05,54111.0,,21,5,3,1326.458496,2025-12-08 00:22:05
21,6,3,1238.8,2025-12-08 00:21:06,53110.0,,21,6,3,1326.101685,2025-12-08 00:22:06
21,7,3,1066.5,2025-12-08 00:21:07,52109.0,,21,7,3,1325.822266,2025-12-08 00:22:07
21,8,3,1060.7,2025-12-08 00:21:08,51108.0,,21,8,3,1325.601562,2025-12-08 00:22:08
21,9,3,1151.6,2025-12-08 00:21:09,50106.0,,21,9,3,1325.4198,2025-12-08 00:22:09
21,10,3,1060.0,2025-12-08 00:21:10,49105.0,,21,10,3,1325.263184,2025-12-08 00:22:10
21,11,3,1094.4,2025-12-08 00:21:11,48104.0,,21,11,3,1325.123535,2025-12-08 00:22:11
21,12,3,1163.8,2025-12-08 00:21:12,47104.0,,21,12,3,1324.993042,2025-12-08 00:22:12
21,13,3,1165.8,2025-12-08 00:21:13,46103.0,,21,13,3,1324.866699,2025-12-08 00:22:13
21,14,3,1179.1,2025-12-08 00:21:14,45101.0,,21,14,3,1324.741577,2025-12-08 00:22:14
21,15,3,1220.6,2025-12-08 00:21:15,44100.0,,21,15,3,1324.615723,2025-12-08 00:22:15
21,16,3,1246.6,2025-12-08 00:21:16,43098.0,,21,16,3,1324.487305,2025-12-08 00:22:16
21,17,3,1263.9,2025-12-08 00:21:17,42097.0,,21,17,3,1324.355957,2025-12-08 00:22:17
21,18,3,1266.8,2025-12-08 00:21:18,41094.0,,21,18,3,1324.221313,2025-12-08 00:22:18
21,19,3,1290.6,2025-12-08 00:21:19,40093.0,,21,19,3,1324.083496,2025-12-08 00:22:19
21,20,3,1315.4,2025-12-08 00:21:20,39092.0,,21,20,3,1323.942749,2025-12-08 00:22:20
21,21,3,1325.1,2025-12-08 00:21:21,38090.0,,21,21,3,1323.799316,2025-12-08 00:22:21
21,22,3,1321.9,2025-12-08 00:21:22,37089.0,,21,22,3,1323.653687,2025-12-08 00:22:22
21,23,3,1321.2,2025-12-08 00:21:23,36088.0,,21,23,3,1323.50647,2025-12-08 00:22:23
21,24,3,1312.5,2025-12-08 00:21:24,35086.0,,21,24,3,1323.35791,2025-12-08 00:22:24
21,25,3,1307.5,2025-12-08 00:21:25,34085.0,,21,25,3,1323.20874,2025-12-08 00:22:25
21,26,3,1325.3,2025-12-08 00:21:26,33084.0,,21,26,3,1323.059448,2025-12-08 00:22:26
21,27,3,1308.8,2025-12-08 00:21:27,32083.0,,21,27,3,1322.910034,2025-12-08 00:22:27
21,28,3,1318.0,2025-12-08 00:21:28,31082.0,,21,28,3,1322.761475,2025-12-08 00:22:28
21,29,3,1300.3,2025-12-08 00:21:29,30080.0,,21,29,3,1322.613525,2025-12-08 00:22:29
21,30,3,1313.9,2025-12-08 00:21:30,29079.0,,21,30,3,1322.467163,2025-12-08 00:22:30
21,31,3,1315.8,2025-12-08 00:21:31,28078.0,,21,31,3,1322.322266,2025-12-08 00:22:31
21,32,3,1307.1,2025-12-08 00:21:32,27077.0,,21,32,3,1322.178833,2025-12-08 00:22:32
21,33,3,1293.2,2025-12-08 00:21:33,26076.0,,21,33,3,1322.037598,2025-12-08 00:22:33
21,34,3,1296.9,2025-12-08 00:21:34,25075.0,,21,34,3,1321.898682,2025-12-08 00:22:34
21,35,3,1302.6,2025-12-08 00:21:35,24075.0,,21,35,3,1321.761719,2025-12-08 00:22:35
21,36,3,1323.3,2025-12-08 00:21:36,23074.0,,21,36,3,1321.627319,2025-12-08 00:22:36
21,37,3,1319.1,2025-12-08 00:21:37,22072.0,,21,37,3,1321.495239,2025-12-08 00:22:37
21,38,3,1296.8,2025-12-08 00:21:38,21071.0,,21,38,3,1321.365845,2025-12-08 00:22:38
21,39,3,1310.3,2025-12-08 00:21:39,20070.0,,21,39,3,1321.238892,2025-12-08 00:22:39
21,40,3,1313.8,2025-12-08 00:21:40,19069.0,,21,40,3,1321.114624,2025-12-08 00:22:40
21,41,3,1316.9,2025-12-08 00:21:41,18067.0,,21,41,3,1320.993042,2025-12-08 00:22:41
21,42,3,1307.6,2025-12-08 00:21:42,17064.0,,21,42,3,1320.874146,2025-12-08 00:22:42
21,43,3,1320.2,2025-12-08 00:21:43,16063.0,,21,43,3,1320.75769,2025-12-08 00:22:43
21,44,3,1299.1,2025-12-08 00:21:44,15062.0,,21,44,3,1320.643921,2025-12-08 00:22:44
21,45,3,1336.7,2025-12-08 00:21:45,14061.0,,21,45,3,1320.532959,2025-12-08 00:22:45
21,46,3,1323.8,2025-12-08 00:21:46,13060.0,,21,46,3,1320.424438,2025-12-08 00:22:46
21,47,3,1334.6,2025-12-08 00:21:47,12059.0,,21,47,3,1320.318726,2025-12-08 00:22:47
21,48,3,1320.8,2025-12-08 00:21:48,11058.0,,21,48,3,1320.21521,2025-12-08 00:22:48
21,49,3,1332.8,2025-12-08 00:21:49,10056.0,,21,49,3,1320.11438,2025-12-08 00:22:49
21,50,3,1346.0,2025-12-08 00:21:50,9053.0,,21,50,3,1320.015747,2025-12-08 00:22:50
21,51,3,1343.1,2025-12-08 00:21:51,8052.0,,21,51,3,1319.919556,2025-12-08 00:22:51
21,52,3,1320.6,2025-12-08 00:21:52,7051.0,,21,52,3,1319.825684,2025-12-08 00:22:52
21,53,3,1351.8,2025-12-08 00:21:53,6049.0,,21,53,3,1319.733887,2025-12-08 00:22:53
21,54,3,1335.0,2025-12-08 00:21:54,5047.0,,21,54,3,1319.644287,2025-12-08 00:22:54
21,55,3,1317.7,2025-12-08 00:21:55,4046.0,,21,55,3,1319.556885,2025-12-08 00:22:55
21,56,3,1331.4,2025-12-08 00:21:56,3039.0,,21,56,3,1319.471436,2025-12-08 00:22:56
21,57,3,1342.2,2025-12-08 00:21:57,2036.0,,21,57,3,1319.387939,2025-12-08 00:22:57
21,58,3,1345.4,2025-12-08 00:21:58,1036.0,,21,58,3,1319.306152,2025-12-08 00:22:58
21,59,3,1345.8,2025-12-08 00:21:59,32.0,,21,59,3,1319.226318,2025-12-08 00:22:59
22,0,3,1341.3,2025-12-08 00:22:00,59108.0,,22,0,3,1331.130615,2025-12-08 00:23:00
22,1,3,1344.5,2025-12-08 00:22:01,58107.0,,22,1,3,1330.537354,2025-12-08 00:23:01
22,2,3,1337.3,2025-12-08 00:22:02,57106.0,,22,2,3,1330.11084,2025-12-08 00:23:02
22,3,3,1328.2,2025-12-08 00:22:03,56105.0,,22,3,3,1329.734619,2025-12-08 00:23:03
22,4,3,1355.9,2025-12-08 00:22:04,55104.0,,22,4,3,1329.394043,2025-12-08 00:23:04
22,5,3,1334.2,2025-12-08 00:22:05,54102.0,,22,5,3,1329.081177,2025-12-08 00:23:05
22,6,3,1336.9,2025-12-08 00:22:06,53102.0,,22,6,3,1328.789795,2025-12-08 00:23:06
22,7,3,1346.6,2025-12-08 00:22:07,52100.0,,22,7,3,1328.515015,2025-12-08 00:23:07
22,8,3,1336.2,2025-12-08 00:22:08,51099.0,,22,8,3,1328.25293,2025-12-08 00:23:08
22,9,3,1342.7,2025-12-08 00:22:09,50098.0,,22,9,3,1328.000977,2025-12-08 00:23:09
22,10,3,1341.6,2025-12-08 00:22:10,49097.0,,22,10,3,1327.756714,2025-12-08 00:23:10
22,11,3,1322.8,2025-12-08 00:22:11,48096.0,,22,11,3,1327.518555,2025-12-08 00:23:11
22,12,3,1350.4,2025-12-08 00:22:12,47092.0,,22,12,3,1327.285645,2025-12-08 00:23:12
22,13,3,1314.9,2025-12-08 00:22:13,46084.0,,22,13,3,1327.056641,2025-12-08 00:23:13
22,14,3,1314.6,2025-12-08 00:22:14,45082.0,,22,14,3,1326.831421,2025-12-08 00:23:14
22,15,3,1337.8,2025-12-08 00:22:15,44081.0,,22,15,3,1326.609497,2025-12-08 00:23:15
22,16,3,1333.5,2025-12-08 00:22:16,43080.0,,22,16,3,1326.390625,2025-12-08 00:23:16
22,17,3,1332.9,2025-12-08 00:22:17,42079.0,,22,17,3,1326.174805,2025-12-08 00:23:17
22,18,3,1347.6,2025-12-08 00:22:18,41078.0,,22,18,3,1325.961914,2025-12-08 00:23:18
22,19,3,1358.2,2025-12-08 00:22:19,40077.0,,22,19,3,1325.751831,2025-12-08 00:23:19
22,20,3,1334.8,2025-12-08 00:22:20,39075.0,,22,20,3,1325.544556,2025-12-08 00:23:20
22,21,3,1349.0,2025-12-08 00:22:21,38074.0,,22,21,3,1325.340454,2025-12-08 00:23:21
22,22,3,1331.3,2025-12-08 00:22:22,37073.0,,22,22,3,1325.13916,2025-12-08 00:23:22
22,23,3,1355.9,2025-12-08 00:22:23,36073.0,,22,23,3,1324.941284,2025-12-08 00:23:23
22,24,3,1351.5,2025-12-08 00:22:24,35071.0,,22,24,3,1324.746216,2025-12-08 00:23:24
22,25,3,1334.7,2025-12-08 00:22:25,34070.0,,22,25,3,1324.554443,2025-12-08 00:23:25
22,26,3,1351.6,2025-12-08 00:22:26,33069.0,,22,26,3,1324.366089,2025-12-08 00:23:26
22,27,3,1327.3,2025-12-08 00:22:27,32068.0,,22,27,3,1324.180664,2025-12-08 00:23:27
22,28,3,1341.0,2025-12-08 00:22:28,31066.0,,22,28,3,1323.998779,2025-12-08 00:23:28
22,29,3,1321.7,2025-12-08 00:22:29,30066.0,,22,29,3,1323.819946,2025-12-08 00:23:29
22,30,3,1321.3,2025-12-08 00:22:30,29065.0,,22,30,3,1323.644531,2025-12-08 00:23:30
22,31,3,1328.6,2025-12-08 00:22:31,28064.0,,22,31,3,1323.472412,2025-12-08 00:23:31
22,32,3,1339.1,2025-12-08 00:22:32,27061.0,,22,32,3,1323.303833,2025-12-08 00:23:32
22,33,3,1339.5,2025-12-08 00:22:33,26059.0,,22,33,3,1323.13855,2025-12-08 00:23:33
22,34,3,1348.0,2025-12-08 00:22:34,25056.0,,22,34,3,1322.976318,2025-12-08 00:23:34
22,35,3,1343.4,2025-12-08 00:22:35,24055.0,,22,35,3,1322.817505,2025-12-08 00:23:35
22,36,3,1331.8,2025-12-08 00:22:36,23054.0,,22,36,3,1322.661987,2025-12-08 00:23:36
22,37,3,1321.8,2025-12-08 00:22:37,22053.0,,22,37,3,1322.509644,2025-12-08 00:23:37
22,38,3,1327.8,2025-12-08 00:22:38,21052.0,,22,38,3,1322.360474,2025-12-08 00:23:38
22,39,3,1343.0,2025-12-08 00:22:39,20050.0,,22,39,3,1322.2146,2025-12-08 00:23:39
22,40,3,1336.2,2025-12-08 00:22:40,19049.0,,22,40,3,1322.071533,2025-12-08 00:23:40
22,41,3,1358.7,2025-12-08 00:22:41,18046.0,,22,41,3,1321.931641,2025-12-08 00:23:41
22,42,3,1320.4,2025-12-08 00:22:42,17046.0,,22,42,3,1321.794556,2025-12-08 00:23:42
22,43,3,1315.2,2025-12-08 00:22:43,16044.0,,22,43,3,1321.660522,2025-12-08 00:23:43
22,44,3,1341.6,2025-12-08 00:22:44,15043.0,,22,44,3,1321.529419,2025-12-08 00:23:44
22,45,3,1321.5,2025-12-08 00:22:45,14042.0,,22,45,3,1321.400879,2025-12-08 00:23:45
22,46,3,1337.5,2025-12-08 00:22:46,13041.0,,22,46,3,1321.275391,2025-12-08 00:23:46
22,47,3,1341.7,2025-12-08 00:22:47,12040.0,,22,47,3,1321.152588,2025-12-08 00:23:47
22,48,3,1329.0,2025-12-08 00:22:48,11039.0,,22,48,3,1321.032349,2025-12-08 00:23:48
22,49,3,1339.8,2025-12-08 00:22:49,10037.0,,22,49,3,1320.914795,2025-12-08 00:23:49
22,50,3,1337.4,2025-12-08 00:22:50,9036.0,,22,50,3,1320.799805,2025-12-08 00:23:50
22,51,3,1341.6,2025-12-08 00:22:51,8036.0,,22,51,3,1320.687256,2025-12-08 00:23:51
22,52,3,1318.8,2025-12-08 00:22:52,7035.0,,22,52,3,1320.577271,2025-12-08 00:23:52
22,53,3,1327.4,2025-12-08 00:22:53,6031.0,,22,53,3,1320.469727,2025-12-08 00:23:53
22,54,3,1352.9,2025-12-08 00:22:54,5030.0,,22,54,3,1320.364502,2025-12-08 00:23:54
22,55,3,1345.4,2025-12-08 00:22:55,4026.0,,22,55,3,1320.261475,2025-12-08 00:23:55
22,56,3,1330.7,2025-12-08 00:22:56,3024.0,,22,56,3,1320.160522,2025-12-08 00:23:56
22,57,3,1327.6,2025-12-08 00:22:57,2022.0,,22,57,3,1320.062134,2025-12-08 00:23:57
22,58,3,1325.7,2025-12-08 00:22:58,1021.0,,22,58,3,1319.965698,2025-12-08 00:23:58
22,59,3,1338.1,2025-12-08 00:22:59,18.0,,22,59,3,1319.871338,2025-12-08 00:23:59
23,0,3,1432.1,2025-12-08 00:23:00,59121.0,,23,0,3,1461.756348,2025-12-08 00:24:00
23,1,3,1418.2,2025-12-08 00:23:01,58120.0,,23,1,3,1456.050171,2025-12-08 00:24:01
23,2,3,1452.9,2025-12-08 00:23:02,57118.0,,23,2,3,1451.997314,2025-12-08 00:24:02
23,3,3,1427.8,2025-12-08 00:23:03,56117.0,,23,3,3,1448.76416,2025-12-08 00:24:03
23,4,3,1454.9,2025-12-08 00:23:04,55116.0,,23,4,3,1446.157104,2025-12-08 00:24:04
23,5,3,1428.1,2025-12-08 00:23:05,54114.0,,23,5,3,1444.034546,2025-12-08 00:24:05
23,6,3,1421.9,2025-12-08 00:23:06,53113.0,,23,6,3,1442.285645,2025-12-08 00:24:06
23,7,3,1444.8,2025-12-08 00:23:07,52112.0,,23,7,3,1440.817627,2025-12-08 00:24:07
23,8,3,1438.0,2025-12-08 00:23:08,51110.0,,23,8,3,1439.555298,2025-12-08 00:24:08
23,9,3,1448.3,2025-12-08 00:23:09,50110.0,,23,9,3,1438.442505,2025-12-08 00:24:09
23,10,3,1416.3,2025-12-08 00:23:10,49105.0,,23,10,3,1437.433228,2025-12-08 00:24:10
23,11,3,1462.7,2025-12-08 00:23:11,48101.0,,23,11,3,1436.495483,2025-12-08 00:24:11
23,12,3,1448.0,2025-12-08 00:23:12,47100.0,,23,12,3,1435.598755,2025-12-08 00:24:12
23,13,3,1429.1,2025-12-08 00:23:13,46099.0,,23,13,3,1434.726196,2025-12-08 00:24:13
23,14,3,1430.8,2025-12-08 00:23:14,45098.0,,23,14,3,1433.863525,2025-12-08 00:24:14
23,15,3,1428.5,2025-12-08 00:23:15,44096.0,,23,15,3,1432.99939,2025-12-08 00:24:15
23,16,3,1444.9,2025-12-08 00:23:16,43095.0,,23,16,3,1432.125732,2025-12-08 00:24:16
23,17,3,1428.1,2025-12-08 00:23:17,42093.0,,23,17,3,1431.236572,2025-12-08 00:24:17
23,18,3,1437.8,2025-12-08 00:23:18,41089.0,,23,18,3,1430.330566,2025-12-08 00:24:18
23,19,3,1344.2,2025-12-08 00:23:19,40088.0,,23,19,3,1429.404053,2025-12-08 00:24:19
23,20,3,1340.7,2025-12-08 00:23:20,39086.0,,23,20,3,1428.463379,2025-12-08 00:24:20
23,21,3,1359.3,2025-12-08 00:23:21,38085.0,,23,21,3,1427.503296,2025-12-08 00:24:21
23,22,3,1332.8,2025-12-08 00:23:22,37083.0,,23,22,3,1426.523071,2025-12-08 00:24:22
23,23,3,1432.8,2025-12-08 00:23:23,36081.0,,23,23,3,1425.5271,2025-12-08 00:24:23
23,24,3,1453.4,2025-12-08 00:23:24,35080.0,,23,24,3,1424.508789,2025-12-08 00:24:24
23,25,3,1436.5,2025-12-08 00:23:25,34076.0,,23,25,3,1423.474243,2025-12-08 00:24:25
23,26,3,1449.3,2025-12-08 00:23:26,33075.0,,23,26,3,1422.427368,2025-12-08 00:24:26
23,27,3,1454.9,2025-12-08 00:23:27,32074.0,,23,27,3,1421.368042,2025-12-08 00:24:27
23,28,3,1450.2,2025-12-08 00:23:28,31072.0,,23,28,3,1420.298584,2025-12-08 00:24:28
23,29,3,1440.1,2025-12-08 00:23:29,30071.0,,23,29,3,1419.220825,2025-12-08 00:24:29
23,30,3,1443.3,2025-12-08 00:23:30,29070.0,,23,30,3,1418.136353,2025-12-08 00:24:30
23,31,3,1445.9,2025-12-08 00:23:31,28068.0,,23,31,3,1417.046265,2025-12-08 00:24:31
23,32,3,1447.0,2025-12-08 00:23:32,27067.0,,23,32,3,1415.951172,2025-12-08 00:24:32
23,33,3,1446.8,2025-12-08 00:23:33,26066.0,,23,33,3,1414.852295,2025-12-08 00:24:33
23,34,3,1444.2,2025-12-08 00:23:34,25064.0,,23,34,3,1413.750732,2025-12-08 00:24:34
23,35,3,1453.0,2025-12-08 00:23:35,24062.0,,23,35,3,1412.647461,2025-12-08 00:24:35
23,36,3,1426.2,2025-12-08 00:23:36,23060.0,,23,36,3,1411.54248,2025-12-08 00:24:36
23,37,3,1453.6,2025-12-08 00:23:37,22055.0,,23,37,3,1410.438599,2025-12-08 00:24:37
23,38,3,1428.4,2025-12-08 00:23:38,21052.0,,23,38,3,1409.333252,2025-12-08 00:24:38
23,39,3,1428.4,2025-12-08 00:23:39,20049.0,,23,39,3,1408.229858,2025-12-08 00:24:39
23,40,3,1460.5,2025-12-08 00:23:40,19048.0,,23,40,3,1407.127808,2025-12-08 00:24:40
23,41,3,1443.5,2025-12-08 00:23:41,18046.0,,23,41,3,1406.025757,2025-12-08 00:24:41
23,42,3,1462.9,2025-12-08 00:23:42,17045.0,,23,42,3,1404.92627,2025-12-08 00:24:42
23,43,3,1425.5,2025-12-08 00:23:43,16044.0,,23,43,3,1403.828491,2025-12-08 00:24:43
23,44,3,1447.1,2025-12-08 00:23:44,15042.0,,23,44,3,1402.734863,2025-12-08 00:24:44
23,45,3,1461.9,2025-12-08 00:23:45,14041.0,,23,45,3,1401.643433,2025-12-08 00:24:45
23,46,3,1446.1,2025-12-08 00:23:46,13040.0,,23,46,3,1400.554565,2025-12-08 00:24:46
23,47,3,1419.9,2025-12-08 00:23:47,12038.0,,23,47,3,1399.469849,2025-12-08 00:24:47
23,48,3,1434.7,2025-12-08 00:23:48,11037.0,,23,48,3,1398.390015,2025-12-08 00:24:48
23,49,3,1437.0,2025-12-08 00:23:49,10034.0,,23,49,3,1397.313843,2025-12-08 00:24:49
23,50,3,1416.4,2025-12-08 00:23:50,9033.0,,23,50,3,1396.241943,2025-12-08 00:24:50
23,51,3,1445.6,2025-12-08 00:23:51,8032.0,,23,51,3,1395.175415,2025-12-08 00:24:51
23,52,3,1441.6,2025-12-08 00:23:52,7030.0,,23,52,3,1394.112915,2025-12-08 00:24:52
23,53,3,1434.7,2025-12-08 00:23:53,6029.0,,23,53,3,1393.055542,2025-12-08 00:24:53
23,54,3,1423.5,2025-12-08 00:23:54,5028.0,,23,54,3,1392.004272,2025-12-08 00:24:54
23,55,3,1440.5,2025-12-08 00:23:55,4020.0,,23,55,3,1390.959106,2025-12-08 00:24:55
23,56,3,1478.2,2025-12-08 00:23:56,3019.0,,23,56,3,1389.9198,2025-12-08 00:24:56
23,57,3,1527.2,2025-12-08 00:23:57,2018.0,,23,57,3,1388.885254,2025-12-08 00:24:57
23,58,3,1505.2,2025-12-08 00:23:58,1017.0,,23,58,3,1387.855225,2025-12-08 00:24:58
23,59,3,1503.7,2025-12-08 00:23:59,16.0,,23,59,3,1386.832275,2025-12-08 00:24:59
24,0,3,1540.0,2025-12-08 00:24:00,59263.0,,24,0,3,1566.504272,2025-12-08 00:25:00
24,1,3,1563.8,2025-12-08 00:24:01,58261.0,,24,1,3,1569.039185,2025-12-08 00:25:01
24,2,3,1556.2,2025-12-08 00:24:02,57259.0,,24,2,3,1571.078857,2025-12-08 00:25:02
24,3,3,1531.9,2025-12-08 00:24:03,56258.0,,24,3,3,1572.960815,2025-12-08 00:25:03
24,4,3,1550.2,2025-12-08 00:24:04,55256.0,,24,4,3,1574.724487,2025-12-08 00:25:04
24,5,3,1561.2,2025-12-08 00:24:05,54254.0,,24,5,3,1576.38208,2025-12-08 00:25:05
24,6,3,1542.7,2025-12-08 00:24:06,53253.0,,24,6,3,1577.953003,2025-12-08 00:25:06
24,7,3,1562.6,2025-12-08 00:24:07,52252.0,,24,7,3,1579.459229,2025-12-08 00:25:07
24,8,3,1547.0,2025-12-08 00:24:08,51251.0,,24,8,3,1580.90979,2025-12-08 00:25:08
24,9,3,1562.0,2025-12-08 00:24:09,50250.0,,24,9,3,1582.324829,2025-12-08 00:25:09
24,10,3,1572.8,2025-12-08 00:24:10,49249.0,,24,10,3,1583.709839,2025-12-08 00:25:10
24,11,3,1552.0,2025-12-08 00:24:11,48248.0,,24,11,3,1585.075928,2025-12-08 00:25:11
24,12,3,1540.9,2025-12-08 00:24:12,47247.0,,24,12,3,1586.437378,2025-12-08 00:25:12
24,13,3,1487.2,2025-12-08 00:24:13,46246.0,,24,13,3,1587.800659,2025-12-08 00:25:13
24,14,3,1512.4,2025-12-08 00:24:14,45245.0,,24,14,3,1589.181396,2025-12-08 00:25:14
24,15,3,1497.5,2025-12-08 00:24:15,44243.0,,24,15,3,1590.57019,2025-12-08 00:25:15
24,16,3,1547.3,2025-12-08 00:24:16,43241.0,,24,16,3,1591.979126,2025-12-08 00:25:16
24,17,3,1543.1,2025-12-08 00:24:17,42240.0,,24,17,3,1593.399292,2025-12-08 00:25:17
24,18,3,1566.3,2025-12-08 00:24:18,41238.0,,24,18,3,1594.844971,2025-12-08 00:25:18
24,19,3,1540.7,2025-12-08 00:24:19,40237.0,,24,19,3,1596.313721,2025-12-08 00:25:19
24,20,3,1551.1,2025-12-08 00:24:20,39232.0,,24,20,3,1597.818481,2025-12-08 00:25:20
24,21,3,1544.7,2025-12-08 00:24:21,38231.0,,24,21,3,1599.355469,2025-12-08 00:25:21
24,22,3,1552.0,2025-12-08 00:24:22,37230.0,,24,22,3,1600.929688,2025-12-08 00:25:22
24,23,3,1555.8,2025-12-08 00:24:23,36229.0,,24,23,3,1602.540771,2025-12-08 00:25:23
24,24,3,1514.2,2025-12-08 00:24:24,35226.0,,24,24,3,1604.191284,2025-12-08 00:25:24
24,25,3,1505.8,2025-12-08 00:24:25,34225.0,,24,25,3,1605.892944,2025-12-08 00:25:25
24,26,3,1530.4,2025-12-08 00:24:26,33224.0,,24,26,3,1607.641235,2025-12-08 00:25:26
24,27,3,1526.8,2025-12-08 00:24:27,32221.0,,24,27,3,1609.430054,2025-12-08 00:25:27
24,28,3,1510.4,2025-12-08 00:24:28,31220.0,,24,28,3,1611.266602,2025-12-08 00:25:28
24,29,3,1530.6,2025-12-08 00:24:29,30219.0,,24,29,3,1613.155518,2025-12-08 00:25:29
24,30,3,1500.5,2025-12-08 00:24:30,29218.0,,24,30,3,1615.089966,2025-12-08 00:25:30
24,31,3,1498.1,2025-12-08 00:24:31,28217.0,,24,31,3,1617.083496,2025-12-08 00:25:31
24,32,3,1553.1,2025-12-08 00:24:32,27216.0,,24,32,3,1619.131348,2025-12-08 00:25:32
24,33,3,1551.1,2025-12-08 00:24:33,26215.0,,24,33,3,1621.22168,2025-12-08 00:25:33
24,34,3,1538.9,2025-12-08 00:24:34,25214.0,,24,34,3,1623.36853,2025-12-08 00:25:34
24,35,3,1547.5,2025-12-08 00:24:35,24212.0,,24,35,3,1625.57605,2025-12-08 00:25:35
24,36,3,1569.6,2025-12-08 00:24:36,23212.0,,24,36,3,1627.842163,2025-12-08 00:25:36
24,37,3,1569.6,2025-12-08 00:24:37,22211.0,,24,37,3,1630.164673,2025-12-08 00:25:37
24,38,3,1546.2,2025-12-08 00:24:38,21209.0,,24,38,3,1632.550415,2025-12-08 00:25:38
24,39,3,1545.2,2025-12-08 00:24:39,20208.0,,24,39,3,1635.007446,2025-12-08 00:25:39
24,40,3,1517.9,2025-12-08 00:24:40,19164.0,,24,40,3,1637.533203,2025-12-08 00:25:40
24,41,3,1539.2,2025-12-08 00:24:41,18163.0,,24,41,3,1640.136353,2025-12-08 00:25:41
24,42,3,1543.4,2025-12-08 00:24:42,17162.0,,24,42,3,1642.807251,2025-12-08 00:25:42
24,43,3,1557.5,2025-12-08 00:24:43,16160.0,,24,43,3,1645.551514,2025-12-08 00:25:43
24,44,3,1556.1,2025-12-08 00:24:44,15159.0,,24,44,3,1648.369751,2025-12-08 00:25:44
24,45,3,1536.2,2025-12-08 00:24:45,14156.0,,24,45,3,1651.266846,2025-12-08 00:25:45
24,46,3,1565.1,2025-12-08 00:24:46,13155.0,,24,46,3,1654.251221,2025-12-08 00:25:46
24,47,3,1542.7,2025-12-08 00:24:47,12154.0,,24,47,3,1657.31311,2025-12-08 00:25:47
24,48,3,1586.8,2025-12-08 00:24:48,11152.0,,24,48,3,1660.468018,2025-12-08 00:25:48
24,49,3,1606.0,2025-12-08 00:24:49,10151.0,,24,49,3,1663.701782,2025-12-08 00:25:49
24,50,3,1598.4,2025-12-08 00:24:50,9150.0,,24,50,3,1667.022827,2025-12-08 00:25:50
24,51,3,1603.3,2025-12-08 00:24:51,8149.0,,24,51,3,1670.440552,2025-12-08 00:25:51
24,52,3,1596.6,2025-12-08 00:24:52,7148.0,,24,52,3,1673.955444,2025-12-08 00:25:52
24,53,3,1607.0,2025-12-08 00:24:53,6143.0,,24,53,3,1677.573853,2025-12-08 00:25:53
24,54,3,1607.9,2025-12-08 00:24:54,5140.0,,24,54,3,1681.294189,2025-12-08 00:25:54
24,55,3,1587.3,2025-12-08 00:24:55,4138.0,,24,55,3,1685.12207,2025-12-08 00:25:55
24,56,3,1588.8,2025-12-08 00:24:56,3137.0,,24,56,3,1689.066162,2025-12-08 00:25:56
24,57,3,1544.0,2025-12-08 00:24:57,2136.0,,24,57,3,1693.125,2025-12-08 00:25:57
24,58,3,1542.5,2025-12-08 00:24:58,1135.0,,24,58,3,1697.313599,2025-12-08 00:25:58
24,59,3,1546.9,2025-12-08 00:24:59,134.0,,24,59,3,1701.625366,2025-12-08 00:25:59
25,0,3,764.6,2025-12-08 00:25:00,59320.0,,25,0,3,1015.851318,2025-12-08 00:26:00
25,1,3,738.8,2025-12-08 00:25:01,58291.0,,25,1,3,1052.295776,2025-12-08 00:26:01
25,2,3,724.4,2025-12-08 00:25:02,57256.0,,25,2,3,1079.185547,2025-12-08 00:26:02
25,3,3,728.9,2025-12-08 00:25:03,56225.0,,25,3,3,1100.43689,2025-12-08 00:26:03
25,4,3,735.1,2025-12-08 00:25:04,55223.0,,25,4,3,1117.374023,2025-12-08 00:26:04
25,5,3,714.7,2025-12-08 00:25:05,54220.0,,25,5,3,1131.008545,2025-12-08 00:26:05
25,6,3,722.1,2025-12-08 00:25:06,53218.0,,25,6,3,1142.125366,2025-12-08 00:26:06
25,7,3,727.1,2025-12-08 00:25:07,52216.0,,25,7,3,1151.329102,2025-12-08 00:26:07
25,8,3,740.5,2025-12-08 00:25:08,51145.0,,25,8,3,1159.081055,2025-12-08 00:26:08
25,9,3,737.4,2025-12-08 00:25:09,50137.0,,25,9,3,1165.73291,2025-12-08 00:26:09
25,10,3,745.1,2025-12-08 00:25:10,49133.0,,25,10,3,1171.550415,2025-12-08 00:26:10
25,11,3,727.1,2025-12-08 00:25:11,48132.0,,25,11,3,1176.734375,2025-12-08 00:26:11
25,12,3,732.2,2025-12-08 00:25:12,47093.0,,25,12,3,1181.436035,2025-12-08 00:26:12
25,13,3,733.3,2025-12-08 00:25:13,46091.0,,25,13,3,1185.768921,2025-12-08 00:26:13
25,14,3,725.3,2025-12-08 00:25:14,45086.0,,25,14,3,1189.817017,2025-12-08 00:26:14
25,15,3,712.8,2025-12-08 00:25:15,44086.0,,25,15,3,1193.643677,2025-12-08 00:26:15
25,16,3,752.2,2025-12-08 00:25:16,43085.0,,25,16,3,1197.2948,2025-12-08 00:26:16
25,17,3,752.3,2025-12-08 00:25:17,42082.0,,25,17,3,1200.803345,2025-12-08 00:26:17
25,18,3,724.7,2025-12-08 00:25:18,41074.0,,25,18,3,1204.193848,2025-12-08 00:26:18
25,19,3,742.9,2025-12-08 00:25:19,40073.0,,25,19,3,1207.483032,2025-12-08 00:26:19
25,20,3,724.9,2025-12-08 00:25:20,39068.0,,25,20,3,1210.682007,2025-12-08 00:26:20
25,21,3,742.5,2025-12-08 00:25:21,38061.0,,25,21,3,1213.798584,2025-12-08 00:26:21
25,22,3,752.7,2025-12-08 00:25:22,37056.0,,25,22,3,1216.836548,2025-12-08 00:26:22
25,23,3,743.8,2025-12-08 00:25:23,36051.0,,25,23,3,1219.798828,2025-12-08 00:26:23
25,24,3,743.4,2025-12-08 00:25:24,35047.0,,25,24,3,1222.687012,2025-12-08 00:26:24
25,25,3,728.3,2025-12-08 00:25:25,34045.0,,25,25,3,1225.500977,2025-12-08 00:26:25
25,26,3,729.9,2025-12-08 00:25:26,33042.0,,25,26,3,1228.241089,2025-12-08 00:26:26
25,27,3,734.1,2025-12-08 00:25:27,32041.0,,25,27,3,1230.906616,2025-12-08 00:26:27
25,28,3,739.9,2025-12-08 00:25:28,31040.0,,25,28,3,1233.497314,2025-12-08 00:26:28
25,29,3,743.4,2025-12-08 00:25:29,30039.0,,25,29,3,1236.012817,2025-12-08 00:26:29
25,30,3,743.5,2025-12-08 00:25:30,29038.0,,25,30,3,1238.453369,2025-12-08 00:26:30
25,31,3,727.0,2025-12-08 00:25:31,28037.0,,25,31,3,1240.819092,2025-12-08 00:26:31
25,32,3,726.4,2025-12-08 00:25:32,27036.0,,25,32,3,1243.110596,2025-12-08 00:26:32
25,33,3,861.9,2025-12-08 00:25:33,26035.0,,25,33,3,1245.328857,2025-12-08 00:26:33
25,34,3,820.9,2025-12-08 00:25:34,25034.0,,25,34,3,1247.472534,2025-12-08 00:26:34
25,35,3,838.8,2025-12-08 00:25:35,24034.0,,25,35,3,1249.545532,2025-12-08 00:26:35
25,36,3,830.5,2025-12-08 00:25:36,23033.0,,25,36,3,1251.548584,2025-12-08 00:26:36
25,37,3,753.8,2025-12-08 00:25:37,22032.0,,25,37,3,1253.483643,2025-12-08 00:26:37
25,38,3,827.2,2025-12-08 00:25:38,21031.0,,25,38,3,1255.35376,2025-12-08 00:26:38
25,39,3,913.1,2025-12-08 00:25:39,20030.0,,25,39,3,1257.158203,2025-12-08 00:26:39
25,40,3,856.5,2025-12-08 00:25:40,19030.0,,25,40,3,1258.898804,2025-12-08 00:26:40
25,41,3,849.1,2025-12-08 00:25:41,18029.0,,25,41,3,1260.579712,2025-12-08 00:26:41
25,42,3,773.1,2025-12-08 00:25:42,17027.0,,25,42,3,1262.202393,2025-12-08 00:26:42
25,43,3,771.7,2025-12-08 00:25:43,16026.0,,25,43,3,1263.769897,2025-12-08 00:26:43
25,44,3,826.3,2025-12-08 00:25:44,15025.0,,25,44,3,1265.283203,2025-12-08 00:26:44
25,45,3,851.5,2025-12-08 00:25:45,14024.0,,25,45,3,1266.743164,2025-12-08 00:26:45
25,46,3,838.8,2025-12-08 00:25:46,13023.0,,25,46,3,1268.151978,2025-12-08 00:26:46
25,47,3,838.2,2025-12-08 00:25:47,12022.0,,25,47,3,1269.512329,2025-12-08 00:26:47
25,48,3,838.1,2025-12-08 00:25:48,11021.0,,25,48,3,1270.82605,2025-12-08 00:26:48
25,49,3,843.0,2025-12-08 00:25:49,10020.0,,25,49,3,1272.094727,2025-12-08 00:26:49
25,50,3,841.3,2025-12-08 00:25:50,9019.0,,25,50,3,1273.319702,2025-12-08 00:26:50
25,51,3,849.1,2025-12-08 00:25:51,8018.0,,25,51,3,1274.503418,2025-12-08 00:26:51
25,52,3,766.7,2025-12-08 00:25:52,7017.0,,25,52,3,1275.646729,2025-12-08 00:26:52
25,53,3,752.1,2025-12-08 00:25:53,6016.0,,25,53,3,1276.752563,2025-12-08 00:26:53
25,54,3,773.0,2025-12-08 00:25:54,5014.0,,25,54,3,1277.821411,2025-12-08 00:26:54
25,55,3,774.4,2025-12-08 00:25:55,4013.0,,25,55,3,1278.85437,2025-12-08 00:26:55
25,56,3,772.7,2025-12-08 00:25:56,3012.0,,25,56,3,1279.853149,2025-12-08 00:26:56
25,57,3,750.9,2025-12-08 00:25:57,2011.0,,25,57,3,1280.81897,2025-12-08 00:26:57
25,58,3,776.8,2025-12-08 00:25:58,1010.0,,25,58,3,1281.753418,2025-12-08 00:26:58
25,59,3,774.0,2025-12-08 00:25:59,8.0,,25,59,3,1282.657593,2025-12-08 00:26:59
26,0,3,1285.9,2025-12-08 00:26:00,59094.0,,26,0,3,1334.996216,2025-12-08 00:27:00
26,1,3,1280.7,2025-12-08 00:26:01,58093.0,,26,1,3,1333.128418,2025-12-08 00:27:01
26,2,3,1256.7,2025-12-08 00:26:02,57092.0,,26,2,3,1331.959351,2025-12-08 00:27:02
26,3,3,1292.5,2025-12-08 00:26:03,56091.0,,26,3,3,1331.074829,2025-12-08 00:27:03
26,4,3,1283.9,2025-12-08 00:26:04,55083.0,,26,4,3,1330.397217,2025-12-08 00:27:04
26,5,3,1088.1,2025-12-08 00:26:05,54082.0,,26,5,3,1329.875,2025-12-08 00:27:05
26,6,3,1245.4,2025-12-08 00:26:06,53080.0,,26,6,3,1329.470581,2025-12-08 00:27:06
26,7,3,1071.6,2025-12-08 00:26:07,52077.0,,26,7,3,1329.146973,2025-12-08 00:27:07
26,8,3,1069.3,2025-12-08 00:26:08,51075.0,,26,8,3,1328.883911,2025-12-08 00:27:08
26,9,3,1130.3,2025-12-08 00:26:09,50074.0,,26,9,3,1328.660767,2025-12-08 00:27:09
26,10,3,1081.9,2025-12-08 00:26:10,49072.0,,26,10,3,1328.462524,2025-12-08 00:27:10
26,11,3,1098.0,2025-12-08 00:26:11,48071.0,,26,11,3,1328.28064,2025-12-08 00:27:11
26,12,3,1135.0,2025-12-08 00:26:12,47070.0,,26,12,3,1328.107178,2025-12-08 00:27:12
26,13,3,1181.8,2025-12-08 00:26:13,46069.0,,26,13,3,1327.936646,2025-12-08 00:27:13
26,14,3,1207.0,2025-12-08 00:26:14,45068.0,,26,14,3,1327.765991,2025-12-08 00:27:14
26,15,3,1217.1,2025-12-08 00:26:15,44067.0,,26,15,3,1327.593262,2025-12-08 00:27:15
26,16,3,1222.4,2025-12-08 00:26:16,43066.0,,26,16,3,1327.417114,2025-12-08 00:27:16
26,17,3,1260.2,2025-12-08 00:26:17,42065.0,,26,17,3,1327.237061,2025-12-08 00:27:17
26,18,3,1291.0,2025-12-08 00:26:18,41064.0,,26,18,3,1327.053101,2025-12-08 00:27:18
26,19,3,1317.9,2025-12-08 00:26:19,40059.0,,26,19,3,1326.864868,2025-12-08 00:27:19
26,20,3,1299.0,2025-12-08 00:26:20,39057.0,,26,20,3,1326.673218,2025-12-08 00:27:20
26,21,3,1294.3,2025-12-08 00:26:21,38056.0,,26,21,3,1326.478638,2025-12-08 00:27:21
26,22,3,1298.5,2025-12-08 00:26:22,37055.0,,26,22,3,1326.281982,2025-12-08 00:27:22
26,23,3,1298.1,2025-12-08 00:26:23,36054.0,,26,23,3,1326.083496,2025-12-08 00:27:23
26,24,3,1317.0,2025-12-08 00:26:24,35053.0,,26,24,3,1325.884277,2025-12-08 00:27:24
26,25,3,1310.7,2025-12-08 00:26:25,34052.0,,26,25,3,1325.684204,2025-12-08 00:27:25
26,26,3,1299.5,2025-12-08 00:26:26,33049.0,,26,26,3,1325.484619,2025-12-08 00:27:26
26,27,3,1303.7,2025-12-08 00:26:27,32048.0,,26,27,3,1325.285767,2025-12-08 00:27:27
26,28,3,1330.8,2025-12-08 00:26:28,31047.0,,26,28,3,1325.088135,2025-12-08 00:27:28
26,29,3,1314.9,2025-12-08 00:26:29,30046.0,,26,29,3,1324.891724,2025-12-08 00:27:29
26,30,3,1316.1,2025-12-08 00:26:30,29045.0,,26,30,3,1324.69751,2025-12-08 00:27:30
26,31,3,1306.5,2025-12-08 00:26:31,28044.0,,26,31,3,1324.505615,2025-12-08 00:27:31
26,32,3,1292.5,2025-12-08 00:26:32,27042.0,,26,32,3,1324.316162,2025-12-08 00:27:32
26,33,3,1296.8,2025-12-08 00:26:33,26041.0,,26,33,3,1324.129517,2025-12-08 00:27:33
26,34,3,1290.7,2025-12-08 00:26:34,25040.0,,26,34,3,1323.945679,2025-12-08 00:27:34
26,35,3,1316.9,2025-12-08 00:26:35,24039.0,,26,35,3,1323.765381,2025-12-08 00:27:35
26,36,3,1311.9,2025-12-08 00:26:36,23037.0,,26,36,3,1323.587891,2025-12-08 00:27:36
26,37,3,1295.2,2025-12-08 00:26:37,22036.0,,26,37,3,1323.413818,2025-12-08 00:27:37
26,38,3,1304.9,2025-12-08 00:26:38,21035.0,,26,38,3,1323.243042,2025-12-08 00:27:38
26,39,3,1320.7,2025-12-08 00:26:39,20034.0,,26,39,3,1323.075928,2025-12-08 00:27:39
26,40,3,1304.1,2025-12-08 00:26:40,19033.0,,26,40,3,1322.912231,2025-12-08 00:27:40
26,41,3,1337.7,2025-12-08 00:26:41,18032.0,,26,41,3,1322.752075,2025-12-08 00:27:41
26,42,3,1317.8,2025-12-08 00:26:42,17029.0,,26,42,3,1322.595337,2025-12-08 00:27:42
26,43,3,1330.0,2025-12-08 00:26:43,16028.0,,26,43,3,1322.442017,2025-12-08 00:27:43
26,44,3,1309.8,2025-12-08 00:26:44,15026.0,,26,44,3,1322.292236,2025-12-08 00:27:44
26,45,3,1318.9,2025-12-08 00:26:45,14024.0,,26,45,3,1322.145874,2025-12-08 00:27:45
26,46,3,1334.1,2025-12-08 00:26:46,13023.0,,26,46,3,1322.00293,2025-12-08 00:27:46
26,47,3,1331.1,2025-12-08 00:26:47,12022.0,,26,47,3,1321.863281,2025-12-08 00:27:47
26,48,3,1344.0,2025-12-08 00:26:48,11021.0,,26,48,3,1321.726807,2025-12-08 00:27:48
26,49,3,1355.7,2025-12-08 00:26:49,10020.0,,26,49,3,1321.593628,2025-12-08 00:27:49
26,50,3,1328.6,2025-12-08 00:26:50,9018.0,,26,50,3,1321.463501,2025-12-08 00:27:50
26,51,3,1354.9,2025-12-08 00:26:51,8017.0,,26,51,3,1321.336548,2025-12-08 00:27:51
26,52,3,1363.4,2025-12-08 00:26:52,7016.0,,26,52,3,1321.212402,2025-12-08 00:27:52
26,53,3,1328.1,2025-12-08 00:26:53,6015.0,,26,53,3,1321.090942,2025-12-08 00:27:53
26,54,3,1333.2,2025-12-08 00:26:54,5014.0,,26,54,3,1320.972412,2025-12-08 00:27:54
26,55,3,1353.4,2025-12-08 00:26:55,4013.0,,26,55,3,1320.856445,2025-12-08 00:27:55
26,56,3,1328.8,2025-12-08 00:26:56,3012.0,,26,56,3,1320.74292,2025-12-08 00:27:56
26,57,3,1336.0,2025-12-08 00:26:57,2011.0,,26,57,3,1320.632202,2025-12-08 00:27:57
26,58,3,1342.6,2025-12-08 00:26:58,1010.0,,26,58,3,1320.523804,2025-12-08 00:27:58
26,59,3,1357.1,2025-12-08 00:26:59,9.0,,26,59,3,1320.417725,2025-12-08 00:27:59
27,0,3,1328.7,2025-12-08 00:27:00,59077.0,,27,0,3,1334.166504,2025-12-08 00:28:00
27,1,3,1349.7,2025-12-08 00:27:01,58075.0,,27,1,3,1333.330566,2025-12-08 00:28:01
27,2,3,1328.7,2025-12-08 00:27:02,57074.0,,27,2,3,1332.650391,2025-12-08 00:28:02
27,3,3,1319.3,2025-12-08 00:27:03,56073.0,,27,3,3,1332.076294,2025-12-08 00:28:03
27,4,3,1338.4,2025-12-08 00:27:04,55072.0,,27,4,3,1331.584473,2025-12-08 00:28:04
27,5,3,1330.4,2025-12-08 00:27:05,54070.0,,27,5,3,1331.155884,2025-12-08 00:28:05
27,6,3,1349.3,2025-12-08 00:27:06,53069.0,,27,6,3,1330.775757,2025-12-08 00:28:06
27,7,3,1353.9,2025-12-08 00:27:07,52068.0,,27,7,3,1330.432495,2025-12-08 00:28:07
27,8,3,1327.5,2025-12-08 00:27:08,51066.0,,27,8,3,1330.116821,2025-12-08 00:28:08
27,9,3,1362.0,2025-12-08 00:27:09,50065.0,,27,9,3,1329.822388,2025-12-08 00:28:09
27,10,3,1334.1,2025-12-08 00:27:10,49064.0,,27,10,3,1329.543213,2025-12-08 00:28:10
27,11,3,1334.0,2025-12-08 00:27:11,48063.0,,27,11,3,1329.275879,2025-12-08 00:28:11
27,12,3,1328.5,2025-12-08 00:27:12,47062.0,,27,12,3,1329.017334,2025-12-08 00:28:12
27,13,3,1327.8,2025-12-08 00:27:13,46061.0,,27,13,3,1328.765503,2025-12-08 00:28:13
27,14,3,1327.7,2025-12-08 00:27:14,45060.0,,27,14,3,1328.518555,2025-12-08 00:28:14
27,15,3,1362.4,2025-12-08 00:27:15,44059.0,,27,15,3,1328.275635,2025-12-08 00:28:15
27,16,3,1332.4,2025-12-08 00:27:16,43058.0,,27,16,3,1328.035889,2025-12-08 00:28:16
27,17,3,1369.4,2025-12-08 00:27:17,42057.0,,27,17,3,1327.79895,2025-12-08 00:28:17
27,18,3,1332.7,2025-12-08 00:27:18,41056.0,,27,18,3,1327.564331,2025-12-08 00:28:18
27,19,3,1338.9,2025-12-08 00:27:19,40053.0,,27,19,3,1327.332031,2025-12-08 00:28:19
27,20,3,1318.4,2025-12-08 00:27:20,39051.0,,27,20,3,1327.102051,2025-12-08 00:28:20
27,21,3,1348.4,2025-12-08 00:27:21,38050.0,,27,21,3,1326.874634,2025-12-08 00:28:21
27,22,3,1339.3,2025-12-08 00:27:22,37049.0,,27,22,3,1326.649414,2025-12-08 00:28:22
27,23,3,1338.8,2025-12-08 00:27:23,36048.0,,27,23,3,1326.42688,2025-12-08 00:28:23
27,24,3,1362.9,2025-12-08 00:27:24,35047.0,,27,24,3,1326.206787,2025-12-08 00:28:24
27,25,3,1334.8,2025-12-08 00:27:25,34045.0,,27,25,3,1325.989624,2025-12-08 00:28:25
27,26,3,1321.2,2025-12-08 00:27:26,33044.0,,27,26,3,1325.775391,2025-12-08 00:28:26
27,27,3,1339.2,2025-12-08 00:27:27,32043.0,,27,27,3,1325.564453,2025-12-08 00:28:27
27,28,3,1341.4,2025-12-08 00:27:28,31042.0,,27,28,3,1325.356567,2025-12-08 00:28:28
27,29,3,1328.0,2025-12-08 00:27:29,30042.0,,27,29,3,1325.1521,2025-12-08 00:28:29
27,30,3,1339.9,2025-12-08 00:27:30,29041.0,,27,30,3,1324.950928,2025-12-08 00:28:30
27,31,3,1359.9,2025-12-08 00:27:31,28040.0,,27,31,3,1324.753296,2025-12-08 00:28:31
27,32,3,1323.9,2025-12-08 00:27:32,27039.0,,27,32,3,1324.55896,2025-12-08 00:28:32
27,33,3,1336.7,2025-12-08 00:27:33,26037.0,,27,33,3,1324.368408,2025-12-08 00:28:33
27,34,3,1335.2,2025-12-08 00:27:34,25037.0,,27,34,3,1324.181396,2025-12-08 00:28:34
27,35,3,1362.0,2025-12-08 00:27:35,24036.0,,27,35,3,1323.997681,2025-12-08 00:28:35
27,36,3,1324.7,2025-12-08 00:27:36,23034.0,,27,36,3,1323.817749,2025-12-08 00:28:36
27,37,3,1318.2,2025-12-08 00:27:37,22033.0,,27,37,3,1323.641357,2025-12-08 00:28:37
27,38,3,1329.7,2025-12-08 00:27:38,21032.0,,27,38,3,1323.468506,2025-12-08 00:28:38
27,39,3,1336.0,2025-12-08 00:27:39,20031.0,,27,39,3,1323.299072,2025-12-08 00:28:39
27,40,3,1338.3,2025-12-08 00:27:40,19030.0,,27,40,3,1323.133057,2025-12-08 00:28:40
27,41,3,1347.1,2025-12-08 00:27:41,18029.0,,27,41,3,1322.970581,2025-12-08 00:28:41
27,42,3,1333.0,2025-12-08 00:27:42,17028.0,,27,42,3,1322.811279,2025-12-08 00:28:42
27,43,3,1322.2,2025-12-08 00:27:43,16027.0,,27,43,3,1322.655518,2025-12-08 00:28:43
27,44,3,1321.2,2025-12-08 00:27:44,15025.0,,27,44,3,1322.502808,2025-12-08 00:28:44
27,45,3,1341.6,2025-12-08 00:27:45,14025.0,,27,45,3,1322.353638,2025-12-08 00:28:45
27,46,3,1324.1,2025-12-08 00:27:46,13023.0,,27,46,3,1322.207397,2025-12-08 00:28:46
27,47,3,1332.8,2025-12-08 00:27:47,12022.0,,27,47,3,1322.064453,2025-12-08 00:28:47
27,48,3,1340.7,2025-12-08 00:27:48,11021.0,,27,48,3,1321.924683,2025-12-08 00:28:48
27,49,3,1343.5,2025-12-08 00:27:49,10020.0,,27,49,3,1321.787842,2025-12-08 00:28:49
27,50,3,1330.9,2025-12-08 00:27:50,9019.0,,27,50,3,1321.653931,2025-12-08 00:28:50
27,51,3,1335.3,2025-12-08 00:27:51,8018.0,,27,51,3,1321.523071,2025-12-08 00:28:51
27,52,3,1340.8,2025-12-08 00:27:52,7017.0,,27,52,3,1321.39502,2025-12-08 00:28:52
27,53,3,1338.2,2025-12-08 00:27:53,6016.0,,27,53,3,1321.269775,2025-12-08 00:28:53
27,54,3,1340.3,2025-12-08 00:27:54,5015.0,,27,54,3,1321.147217,2025-12-08 00:28:54
27,55,3,1326.4,2025-12-08 00:27:55,4013.0,,27,55,3,1321.027344,2025-12-08 00:28:55
27,56,3,1339.0,2025-12-08 00:27:56,3012.0,,27,56,3,1320.910156,2025-12-08 00:28:56
27,57,3,1352.1,2025-12-08 00:27:57,2011.0,,27,57,3,1320.795532,2025-12-08 00:28:57
27,58,3,1337.9,2025-12-08 00:27:58,1010.0,,27,58,3,1320.68335,2025-12-08 00:28:58
27,59,3,1336.4,2025-12-08 00:27:59,9.0,,27,59,3,1320.573608,2025-12-08 00:28:59
28,0,3,1430.7,2025-12-08 00:28:00,59219.0,,28,0,3,1466.018677,2025-12-08 00:29:00
28,1,3,1443.8,2025-12-08 00:28:01,58216.0,,28,1,3,1460.252808,2025-12-08 00:29:01
28,2,3,1443.8,2025-12-08 00:28:02,57215.0,,28,2,3,1456.242554,2025-12-08 00:29:02
28,3,3,1439.4,2025-12-08 00:28:03,56214.0,,28,3,3,1453.049561,2025-12-08 00:29:03
28,4,3,1444.5,2025-12-08 00:28:04,55213.0,,28,4,3,1450.473999,2025-12-08 00:29:04
28,5,3,1428.9,2025-12-08 00:28:05,54209.0,,28,5,3,1448.378906,2025-12-08 00:29:05
28,6,3,1435.3,2025-12-08 00:28:06,53206.0,,28,6,3,1446.653564,2025-12-08 00:29:06
28,7,3,1432.5,2025-12-08 00:28:07,52205.0,,28,7,3,1445.205566,2025-12-08 00:29:07
28,8,3,1429.1,2025-12-08 00:28:08,51204.0,,28,8,3,1443.962891,2025-12-08 00:29:08
28,9,3,1447.1,2025-12-08 00:28:09,50200.0,,28,9,3,1442.86853,2025-12-08 00:29:09
28,10,3,1436.1,2025-12-08 00:28:10,49198.0,,28,10,3,1441.876343,2025-12-08 00:29:10
28,11,3,1451.9,2025-12-08 00:28:11,48191.0,,28,11,3,1440.954102,2025-12-08 00:29:11
28,12,3,1457.7,2025-12-08 00:28:12,47190.0,,28,12,3,1440.073975,2025-12-08 00:29:12
28,13,3,1449.1,2025-12-08 00:28:13,46169.0,,28,13,3,1439.216553,2025-12-08 00:29:13
28,14,3,1449.2,2025-12-08 00:28:14,45138.0,,28,14,3,1438.368042,2025-12-08 00:29:14
28,15,3,1434.3,2025-12-08 00:28:15,44136.0,,28,15,3,1437.517456,2025-12-08 00:29:15
28,16,3,1436.8,2025-12-08 00:28:16,43135.0,,28,16,3,1436.657959,2025-12-08 00:29:16
28,17,3,1430.1,2025-12-08 00:28:17,42132.0,,28,17,3,1435.783203,2025-12-08 00:29:17
28,18,3,1446.0,2025-12-08 00:28:18,41123.0,,28,18,3,1434.890869,2025-12-08 00:29:18
28,19,3,1334.6,2025-12-08 00:28:19,40121.0,,28,19,3,1433.976929,2025-12-08 00:29:19
28,20,3,1344.8,2025-12-08 00:28:20,39107.0,,28,20,3,1433.049683,2025-12-08 00:29:20
28,21,3,1338.7,2025-12-08 00:28:21,38068.0,,28,21,3,1432.101562,2025-12-08 00:29:21
28,22,3,1357.1,2025-12-08 00:28:22,37058.0,,28,22,3,1431.134399,2025-12-08 00:29:22
28,23,3,1450.6,2025-12-08 00:28:23,36057.0,,28,23,3,1430.147705,2025-12-08 00:29:23
28,24,3,1438.1,2025-12-08 00:28:24,35056.0,,28,24,3,1429.137695,2025-12-08 00:29:24
28,25,3,1436.8,2025-12-08 00:28:25,34053.0,,28,25,3,1428.112549,2025-12-08 00:29:25
28,26,3,1433.4,2025-12-08 00:28:26,33052.0,,28,26,3,1427.073364,2025-12-08 00:29:26
28,27,3,1425.3,2025-12-08 00:28:27,32045.0,,28,27,3,1426.021851,2025-12-08 00:29:27
28,28,3,1453.0,2025-12-08 00:28:28,31044.0,,28,28,3,1424.960327,2025-12-08 00:29:28
28,29,3,1424.7,2025-12-08 00:28:29,30044.0,,28,29,3,1423.887451,2025-12-08 00:29:29
28,30,3,1461.9,2025-12-08 00:28:30,29043.0,,28,30,3,1422.808472,2025-12-08 00:29:30
28,31,3,1442.3,2025-12-08 00:28:31,28039.0,,28,31,3,1421.720459,2025-12-08 00:29:31
28,32,3,1452.1,2025-12-08 00:28:32,27038.0,,28,32,3,1420.628052,2025-12-08 00:29:32
28,33,3,1455.0,2025-12-08 00:28:33,26037.0,,28,33,3,1419.53064,2025-12-08 00:29:33
28,34,3,1455.3,2025-12-08 00:28:34,25036.0,,28,34,3,1418.429321,2025-12-08 00:29:34
28,35,3,1470.6,2025-12-08 00:28:35,24035.0,,28,35,3,1417.325317,2025-12-08 00:29:35
28,36,3,1444.3,2025-12-08 00:28:36,23034.0,,28,36,3,1416.218262,2025-12-08 00:29:36
28,37,3,1450.4,2025-12-08 00:28:37,22033.0,,28,37,3,1415.11145,2025-12-08 00:29:37
28,38,3,1451.1,2025-12-08 00:28:38,21032.0,,28,38,3,1414.003296,2025-12-08 00:29:38
28,39,3,1463.9,2025-12-08 00:28:39,20031.0,,28,39,3,1412.895142,2025-12-08 00:29:39
28,40,3,1446.1,2025-12-08 00:28:40,19030.0,,28,40,3,1411.786011,2025-12-08 00:29:40
28,41,3,1448.7,2025-12-08 00:28:41,18029.0,,28,41,3,1410.678833,2025-12-08 00:29:41
28,42,3,1452.6,2025-12-08 00:28:42,17028.0,,28,42,3,1409.57251,2025-12-08 00:29:42
28,43,3,1440.7,2025-12-08 00:28:43,16027.0,,28,43,3,1408.467041,2025-12-08 00:29:43
28,44,3,1476.5,2025-12-08 00:28:44,15026.0,,28,44,3,1407.363892,2025-12-08 00:29:44
28,45,3,1435.2,2025-12-08 00:28:45,14025.0,,28,45,3,1406.26062,2025-12-08 00:29:45
28,46,3,1463.9,2025-12-08 00:28:46,13023.0,,28,46,3,1405.161743,2025-12-08 00:29:46
28,47,3,1424.4,2025-12-08 00:28:47,12022.0,,28,47,3,1404.063721,2025-12-08 00:29:47
28,48,3,1410.0,2025-12-08 00:28:48,11021.0,,28,48,3,1402.970459,2025-12-08 00:29:48
28,49,3,1442.9,2025-12-08 00:28:49,10020.0,,28,49,3,1401.880859,2025-12-08 00:29:49
28,50,3,1425.4,2025-12-08 00:28:50,9018.0,,28,50,3,1400.793335,2025-12-08 00:29:50
28,51,3,1439.2,2025-12-08 00:28:51,8017.0,,28,51,3,1399.710083,2025-12-08 00:29:51
28,52,3,1444.0,2025-12-08 00:28:52,7016.0,,28,52,3,1398.630249,2025-12-08 00:29:52
28,53,3,1454.5,2025-12-08 00:28:53,6015.0,,28,53,3,1397.554321,2025-12-08 00:29:53
28,54,3,1441.8,2025-12-08 00:28:54,5013.0,,28,54,3,1396.482788,2025-12-08 00:29:54
28,55,3,1439.4,2025-12-08 00:28:55,4013.0,,28,55,3,1395.416626,2025-12-08 00:29:55
28,56,3,1482.8,2025-12-08 00:28:56,3012.0,,28,56,3,1394.356079,2025-12-08 00:29:56
28,57,3,1515.8,2025-12-08 00:28:57,2010.0,,28,57,3,1393.298828,2025-12-08 00:29:57
28,58,3,1505.2,2025-12-08 00:28:58,1009.0,,28,58,3,1392.245972,2025-12-08 00:29:58
28,59,3,1514.3,2025-12-08 00:28:59,8.0,,28,59,3,1391.198853,2025-12-08 00:29:59
29,0,3,1566.0,2025-12-08 00:29:00,59090.0,,29,0,3,1623.995483,2025-12-08 00:30:00
29,1,3,1552.6,2025-12-08 00:29:01,58088.0,,29,1,3,1637.635254,2025-12-08 00:30:01
29,2,3,1557.7,2025-12-08 00:29:02,57087.0,,29,2,3,1649.749512,2025-12-08 00:30:02
29,3,3,1562.2,2025-12-08 00:29:03,56086.0,,29,3,3,1661.263062,2025-12-08 00:30:03
29,4,3,1551.0,2025-12-08 00:29:04,55084.0,,29,4,3,1672.216431,2025-12-08 00:30:04
29,5,3,1556.9,2025-12-08 00:29:05,54083.0,,29,5,3,1682.721924,2025-12-08 00:30:05
29,6,3,1552.5,2025-12-08 00:29:06,53081.0,,29,6,3,1692.915161,2025-12-08 00:30:06
29,7,3,1549.4,2025-12-08 00:29:07,52080.0,,29,7,3,1702.925903,2025-12-08 00:30:07
29,8,3,1570.7,2025-12-08 00:29:08,51079.0,,29,8,3,1712.866943,2025-12-08 00:30:08
29,9,3,1553.8,2025-12-08 00:29:09,50077.0,,29,9,3,1722.833008,2025-12-08 00:30:09
29,10,3,1547.7,2025-12-08 00:29:10,49072.0,,29,10,3,1732.895264,2025-12-08 00:30:10
29,11,3,1545.2,2025-12-08 00:29:11,48071.0,,29,11,3,1743.107544,2025-12-08 00:30:11
29,12,3,1540.6,2025-12-08 00:29:12,47069.0,,29,12,3,1753.50708,2025-12-08 00:30:12
29,13,3,1502.5,2025-12-08 00:29:13,46068.0,,29,13,3,1764.117065,2025-12-08 00:30:13
29,14,3,1508.9,2025-12-08 00:29:14,45066.0,,29,14,3,1774.947876,2025-12-08 00:30:14
29,15,3,1504.8,2025-12-08 00:29:15,44065.0,,29,15,3,1786.004517,2025-12-08 00:30:15
29,16,3,1557.0,2025-12-08 00:29:16,43064.0,,29,16,3,1797.283325,2025-12-08 00:30:16
29,17,3,1521.7,2025-12-08 00:29:17,42063.0,,29,17,3,1808.777588,2025-12-08 00:30:17
29,18,3,1545.1,2025-12-08 00:29:18,41061.0,,29,18,3,1820.471191,2025-12-08 00:30:18
29,19,3,1553.4,2025-12-08 00:29:19,40060.0,,29,19,3,1832.349731,2025-12-08 00:30:19
29,20,3,1556.0,2025-12-08 00:29:20,39058.0,,29,20,3,1844.39502,2025-12-08 00:30:20
29,21,3,1548.2,2025-12-08 00:29:21,38057.0,,29,21,3,1856.586426,2025-12-08 00:30:21
29,22,3,1554.5,2025-12-08 00:29:22,37056.0,,29,22,3,1868.901855,2025-12-08 00:30:22
29,23,3,1577.3,2025-12-08 00:29:23,36054.0,,29,23,3,1881.319946,2025-12-08 00:30:23
29,24,3,1511.4,2025-12-08 00:29:24,35053.0,,29,24,3,1893.818237,2025-12-08 00:30:24
29,25,3,1529.0,2025-12-08 00:29:25,34051.0,,29,25,3,1906.368774,2025-12-08 00:30:25
29,26,3,1518.5,2025-12-08 00:29:26,33051.0,,29,26,3,1918.950195,2025-12-08 00:30:26
29,27,3,1513.7,2025-12-08 00:29:27,32050.0,,29,27,3,1931.537598,2025-12-08 00:30:27
29,28,3,1506.6,2025-12-08 00:29:28,31049.0,,29,28,3,1944.10498,2025-12-08 00:30:28
29,29,3,1530.3,2025-12-08 00:29:29,30048.0,,29,29,3,1956.62854,2025-12-08 00:30:29
29,30,3,1520.7,2025-12-08 00:29:30,29047.0,,29,30,3,1969.083252,2025-12-08 00:30:30
29,31,3,1513.8,2025-12-08 00:29:31,28046.0,,29,31,3,1981.445068,2025-12-08 00:30:31
29,32,3,1543.9,2025-12-08 00:29:32,27045.0,,29,32,3,1993.689209,2025-12-08 00:30:32
29,33,3,1554.9,2025-12-08 00:29:33,26044.0,,29,33,3,2005.793579,2025-12-08 00:30:33
29,34,3,1588.3,2025-12-08 00:29:34,25042.0,,29,34,3,2017.735352,2025-12-08 00:30:34
29,35,3,1557.5,2025-12-08 00:29:35,24041.0,,29,35,3,2029.493774,2025-12-08 00:30:35
29,36,3,1540.7,2025-12-08 00:29:36,23040.0,,29,36,3,2041.047119,2025-12-08 00:30:36
29,37,3,1550.1,2025-12-08 00:29:37,22038.0,,29,37,3,2052.376953,2025-12-08 00:30:37
29,38,3,1553.4,2025-12-08 00:29:38,21035.0,,29,38,3,2063.466553,2025-12-08 00:30:38
29,39,3,1548.8,2025-12-08 00:29:39,20034.0,,29,39,3,2074.300049,2025-12-08 00:30:39
29,40,3,1554.3,2025-12-08 00:29:40,19032.0,,29,40,3,2084.863037,2025-12-08 00:30:40
29,41,3,1547.2,2025-12-08 00:29:41,18031.0,,29,41,3,2095.144043,2025-12-08 00:30:41
29,42,3,1531.1,2025-12-08 00:29:42,17029.0,,29,42,3,2105.131836,2025-12-08 00:30:42
29,43,3,1550.7,2025-12-08 00:29:43,16028.0,,29,43,3,2114.818115,2025-12-08 00:30:43
29,44,3,1536.2,2025-12-08 00:29:44,15027.0,,29,44,3,2124.195801,2025-12-08 00:30:44
29,45,3,1545.6,2025-12-08 00:29:45,14026.0,,29,45,3,2133.26001,2025-12-08 00:30:45
29,46,3,1562.4,2025-12-08 00:29:46,13024.0,,29,46,3,2142.00708,2025-12-08 00:30:46
29,47,3,1549.1,2025-12-08 00:29:47,12023.0,,29,47,3,2150.435303,2025-12-08 00:30:47
29,48,3,1600.7,2025-12-08 00:29:48,11022.0,,29,48,3,2158.544678,2025-12-08 00:30:48
29,49,3,1612.6,2025-12-08 00:29:49,10020.0,,29,49,3,2166.335693,2025-12-08 00:30:49
29,50,3,1609.8,2025-12-08 00:29:50,9019.0,,29,50,3,2173.811768,2025-12-08 00:30:50
29,51,3,1609.0,2025-12-08 00:29:51,8018.0,,29,51,3,2180.975586,2025-12-08 00:30:51
29,52,3,1634.4,2025-12-08 00:29:52,7017.0,,29,52,3,2187.832764,2025-12-08 00:30:52
29,53,3,1607.8,2025-12-08 00:29:53,6015.0,,29,53,3,2194.388184,2025-12-08 00:30:53
29,54,3,1593.2,2025-12-08 00:29:54,5013.0,,29,54,3,2200.648438,2025-12-08 00:30:54
29,55,3,1609.0,2025-12-08 00:29:55,4012.0,,29,55,3,2206.621338,2025-12-08 00:30:55
29,56,3,1598.3,2025-12-08 00:29:56,3011.0,,29,56,3,2212.313477,2025-12-08 00:30:56
29,57,3,1561.4,2025-12-08 00:29:57,2010.0,,29,57,3,2217.733398,2025-12-08 00:30:57
29,58,3,1556.2,2025-12-08 00:29:58,1008.0,,29,58,3,2222.889648,2025-12-08 00:30:58
29,59,3,1552.6,2025-12-08 00:29:59,8.0,,29,59,3,2227.790527,2025-12-08 00:30:59
30,0,3,724.9,2025-12-08 00:30:00,59094.0,,30,0,3,989.707581,2025-12-08 00:31:00
30,1,3,740.0,2025-12-08 00:30:01,58093.0,,30,1,3,1025.248169,2025-12-08 00:31:01
30,2,3,749.2,2025-12-08 00:30:02,57092.0,,30,2,3,1047.789917,2025-12-08 00:31:02
30,3,3,738.3,2025-12-08 00:30:03,56091.0,,30,3,3,1062.314453,2025-12-08 00:31:03
30,4,3,746.2,2025-12-08 00:30:04,55089.0,,30,4,3,1071.053589,2025-12-08 00:31:04
30,5,3,710.3,2025-12-08 00:30:05,54089.0,,30,5,3,1075.869141,2025-12-08 00:31:05
30,6,3,740.0,2025-12-08 00:30:06,53087.0,,30,6,3,1078.255371,2025-12-08 00:31:06
30,7,3,743.4,2025-12-08 00:30:07,52087.0,,30,7,3,1079.35791,2025-12-08 00:31:07
30,8,3,735.0,2025-12-08 00:30:08,51085.0,,30,8,3,1079.996582,2025-12-08 00:31:08
30,9,3,741.8,2025-12-08 00:30:09,50082.0,,30,9,3,1080.721802,2025-12-08 00:31:09
30,10,3,732.5,2025-12-08 00:30:10,49081.0,,30,10,3,1081.869751,2025-12-08 00:31:10
30,11,3,723.1,2025-12-08 00:30:11,48079.0,,30,11,3,1083.611694,2025-12-08 00:31:11
30,12,3,723.9,2025-12-08 00:30:12,47078.0,,30,12,3,1086.002563,2025-12-08 00:31:12
30,13,3,729.9,2025-12-08 00:30:13,46077.0,,30,13,3,1089.019653,2025-12-08 00:31:13
30,14,3,752.5,2025-12-08 00:30:14,45075.0,,30,14,3,1092.591431,2025-12-08 00:31:14
30,15,3,722.5,2025-12-08 00:30:15,44074.0,,30,15,3,1096.621704,2025-12-08 00:31:15
30,16,3,737.5,2025-12-08 00:30:16,43073.0,,30,16,3,1101.002563,2025-12-08 00:31:16
30,17,3,723.7,2025-12-08 00:30:17,42071.0,,30,17,3,1105.632935,2025-12-08 00:31:17
30,18,3,736.0,2025-12-08 00:30:18,41070.0,,30,18,3,1110.417603,2025-12-08 00:31:18
30,19,3,753.4,2025-12-08 00:30:19,40068.0,,30,19,3,1115.276733,2025-12-08 00:31:19
30,20,3,746.0,2025-12-08 00:30:20,39066.0,,30,20,3,1120.144653,2025-12-08 00:31:20
30,21,3,745.2,2025-12-08 00:30:21,38065.0,,30,21,3,1124.967163,2025-12-08 00:31:21
30,22,3,741.4,2025-12-08 00:30:22,37064.0,,30,22,3,1129.706299,2025-12-08 00:31:22
30,23,3,739.5,2025-12-08 00:30:23,36063.0,,30,23,3,1134.334106,2025-12-08 00:31:23
30,24,3,710.2,2025-12-08 00:30:24,35061.0,,30,24,3,1138.832764,2025-12-08 00:31:24
30,25,3,727.9,2025-12-08 00:30:25,34060.0,,30,25,3,1143.190552,2025-12-08 00:31:25
30,26,3,730.4,2025-12-08 00:30:26,33058.0,,30,26,3,1147.406494,2025-12-08 00:31:26
30,27,3,770.8,2025-12-08 00:30:27,32057.0,,30,27,3,1151.479736,2025-12-08 00:31:27
30,28,3,727.7,2025-12-08 00:30:28,31056.0,,30,28,3,1155.416138,2025-12-08 00:31:28
30,29,3,717.6,2025-12-08 00:30:29,30055.0,,30,29,3,1159.215576,2025-12-08 00:31:29
30,30,3,715.0,2025-12-08 00:30:30,29054.0,,30,30,3,1162.886841,2025-12-08 00:31:30
30,31,3,723.6,2025-12-08 00:30:31,28053.0,,30,31,3,1166.43689,2025-12-08 00:31:31
30,32,3,741.4,2025-12-08 00:30:32,27051.0,,30,32,3,1169.873901,2025-12-08 00:31:32
30,33,3,883.9,2025-12-08 00:30:33,26050.0,,30,33,3,1173.2052,2025-12-08 00:31:33
30,34,3,820.9,2025-12-08 00:30:34,25046.0,,30,34,3,1176.442993,2025-12-08 00:31:34
30,35,3,849.7,2025-12-08 00:30:35,24042.0,,30,35,3,1179.582275,2025-12-08 00:31:35
30,36,3,837.2,2025-12-08 00:30:36,23040.0,,30,36,3,1182.632202,2025-12-08 00:31:36
30,37,3,746.0,2025-12-08 00:30:37,22038.0,,30,37,3,1185.595947,2025-12-08 00:31:37
30,38,3,817.1,2025-12-08 00:30:38,21036.0,,30,38,3,1188.475464,2025-12-08 00:31:38
30,39,3,884.2,2025-12-08 00:30:39,20035.0,,30,39,3,1191.28125,2025-12-08 00:31:39
30,40,3,839.3,2025-12-08 00:30:40,19034.0,,30,40,3,1194.016113,2025-12-08 00:31:40
30,41,3,850.5,2025-12-08 00:30:41,18032.0,,30,41,3,1196.680542,2025-12-08 00:31:41
30,42,3,781.8,2025-12-08 00:30:42,17031.0,,30,42,3,1199.279785,2025-12-08 00:31:42
30,43,3,763.8,2025-12-08 00:30:43,16030.0,,30,43,3,1201.81604,2025-12-08 00:31:43
30,44,3,847.1,2025-12-08 00:30:44,15029.0,,30,44,3,1204.294556,2025-12-08 00:31:44
30,45,3,828.5,2025-12-08 00:30:45,14028.0,,30,45,3,1206.719482,2025-12-08 00:31:45
30,46,3,826.5,2025-12-08 00:30:46,13027.0,,30,46,3,1209.092773,2025-12-08 00:31:46
30,47,3,822.1,2025-12-08 00:30:47,12026.0,,30,47,3,1211.417725,2025-12-08 00:31:47
30,48,3,822.6,2025-12-08 00:30:48,11025.0,,30,48,3,1213.697876,2025-12-08 00:31:48
30,49,3,832.7,2025-12-08 00:30:49,10023.0,,30,49,3,1215.936157,2025-12-08 00:31:49
30,50,3,844.7,2025-12-08 00:30:50,9023.0,,30,50,3,1218.13623,2025-12-08 00:31:50
30,51,3,854.2,2025-12-08 00:30:51,8022.0,,30,51,3,1220.300537,2025-12-08 00:31:51
30,52,3,753.6,2025-12-08 00:30:52,7021.0,,30,52,3,1222.432129,2025-12-08 00:31:52
30,53,3,767.7,2025-12-08 00:30:53,6019.0,,30,53,3,1224.532349,2025-12-08 00:31:53
30,54,3,750.6,2025-12-08 00:30:54,5016.0,,30,54,3,1226.605469,2025-12-08 00:31:54
30,55,3,767.3,2025-12-08 00:30:55,4015.0,,30,55,3,1228.653198,2025-12-08 00:31:55
30,56,3,762.8,2025-12-08 00:30:56,3013.0,,30,56,3,1230.677856,2025-12-08 00:31:56
30,57,3,757.3,2025-12-08 00:30:57,2012.0,,30,57,3,1232.680298,2025-12-08 00:31:57
30,58,3,779.3,2025-12-08 00:30:58,1011.0,,30,58,3,1234.661621,2025-12-08 00:31:58
30,59,3,773.0,2025-12-08 00:30:59,10.0,,30,59,3,1236.623535,2025-12-08 00:31:59
31,0,3,1266.3,2025-12-08 00:31:00,59246.0,,31,0,3,1355.828491,2025-12-08 00:32:00
31,1,3,1288.7,2025-12-08 00:31:01,58244.0,,31,1,3,1357.229248,2025-12-08 00:32:01
31,2,3,1284.4,2025-12-08 00:31:02,57243.0,,31,2,3,1358.96167,2025-12-08 00:32:02
31,3,3,1262.7,2025-12-08 00:31:03,56242.0,,31,3,3,1360.657959,2025-12-08 00:32:03
31,4,3,1303.3,2025-12-08 00:31:04,55241.0,,31,4,3,1362.358887,2025-12-08 00:32:04
31,5,3,1081.3,2025-12-08 00:31:05,54240.0,,31,5,3,1364.098022,2025-12-08 00:32:05
31,6,3,1234.2,2025-12-08 00:31:06,53239.0,,31,6,3,1365.88269,2025-12-08 00:32:06
31,7,3,1055.0,2025-12-08 00:31:07,52238.0,,31,7,3,1367.736694,2025-12-08 00:32:07
31,8,3,1044.3,2025-12-08 00:31:08,51237.0,,31,8,3,1369.647949,2025-12-08 00:32:08
31,9,3,1138.1,2025-12-08 00:31:09,50236.0,,31,9,3,1371.622803,2025-12-08 00:32:09
31,10,3,1050.9,2025-12-08 00:31:10,49234.0,,31,10,3,1373.663696,2025-12-08 00:32:10
31,11,3,1143.3,2025-12-08 00:31:11,48234.0,,31,11,3,1375.757202,2025-12-08 00:32:11
31,12,3,1164.2,2025-12-08 00:31:12,47232.0,,31,12,3,1377.908813,2025-12-08 00:32:12
31,13,3,1160.3,2025-12-08 00:31:13,46232.0,,31,13,3,1380.110352,2025-12-08 00:32:13
31,14,3,1201.2,2025-12-08 00:31:14,45230.0,,31,14,3,1382.357422,2025-12-08 00:32:14
31,15,3,1210.0,2025-12-08 00:31:15,44228.0,,31,15,3,1384.649414,2025-12-08 00:32:15
31,16,3,1243.6,2025-12-08 00:31:16,43227.0,,31,16,3,1386.9823,2025-12-08 00:32:16
31,17,3,1253.6,2025-12-08 00:31:17,42225.0,,31,17,3,1389.356079,2025-12-08 00:32:17
31,18,3,1290.1,2025-12-08 00:31:18,41223.0,,31,18,3,1391.768188,2025-12-08 00:32:18
31,19,3,1292.9,2025-12-08 00:31:19,40135.0,,31,19,3,1394.220093,2025-12-08 00:32:19
31,20,3,1321.8,2025-12-08 00:31:20,39132.0,,31,20,3,1396.709595,2025-12-08 00:32:20
31,21,3,1305.2,2025-12-08 00:31:21,38098.0,,31,21,3,1399.23877,2025-12-08 00:32:21
31,22,3,1290.1,2025-12-08 00:31:22,37097.0,,31,22,3,1401.805786,2025-12-08 00:32:22
31,23,3,1281.1,2025-12-08 00:31:23,36078.0,,31,23,3,1404.411743,2025-12-08 00:32:23
31,24,3,1316.8,2025-12-08 00:31:24,35072.0,,31,24,3,1407.058594,2025-12-08 00:32:24
31,25,3,1295.5,2025-12-08 00:31:25,34067.0,,31,25,3,1409.751099,2025-12-08 00:32:25
31,26,3,1300.4,2025-12-08 00:31:26,33063.0,,31,26,3,1412.487061,2025-12-08 00:32:26
31,27,3,1313.0,2025-12-08 00:31:27,32060.0,,31,27,3,1415.27002,2025-12-08 00:32:27
31,28,3,1346.8,2025-12-08 00:31:28,31058.0,,31,28,3,1418.102295,2025-12-08 00:32:28
31,29,3,1330.8,2025-12-08 00:31:29,30056.0,,31,29,3,1420.987183,2025-12-08 00:32:29
31,30,3,1311.1,2025-12-08 00:31:30,29055.0,,31,30,3,1423.923462,2025-12-08 00:32:30
31,31,3,1333.6,2025-12-08 00:31:31,28054.0,,31,31,3,1426.91272,2025-12-08 00:32:31
31,32,3,1305.6,2025-12-08 00:31:32,27053.0,,31,32,3,1429.960205,2025-12-08 00:32:32
31,33,3,1302.7,2025-12-08 00:31:33,26052.0,,31,33,3,1433.064575,2025-12-08 00:32:33
31,34,3,1316.5,2025-12-08 00:31:34,25051.0,,31,34,3,1436.230103,2025-12-08 00:32:34
31,35,3,1309.1,2025-12-08 00:31:35,24049.0,,31,35,3,1439.459717,2025-12-08 00:32:35
31,36,3,1311.8,2025-12-08 00:31:36,23046.0,,31,36,3,1442.754761,2025-12-08 00:32:36
31,37,3,1306.9,2025-12-08 00:31:37,22042.0,,31,37,3,1446.118286,2025-12-08 00:32:37
31,38,3,1310.8,2025-12-08 00:31:38,21041.0,,31,38,3,1449.552368,2025-12-08 00:32:38
31,39,3,1296.7,2025-12-08 00:31:39,20038.0,,31,39,3,1453.059937,2025-12-08 00:32:39
31,40,3,1302.4,2025-12-08 00:31:40,19037.0,,31,40,3,1456.642578,2025-12-08 00:32:40
31,41,3,1318.3,2025-12-08 00:31:41,18029.0,,31,41,3,1460.304077,2025-12-08 00:32:41
31,42,3,1311.6,2025-12-08 00:31:42,17025.0,,31,42,3,1464.04834,2025-12-08 00:32:42
31,43,3,1319.2,2025-12-08 00:31:43,16024.0,,31,43,3,1467.876465,2025-12-08 00:32:43
31,44,3,1324.2,2025-12-08 00:31:44,15022.0,,31,44,3,1471.792358,2025-12-08 00:32:44
31,45,3,1335.0,2025-12-08 00:31:45,14021.0,,31,45,3,1475.798706,2025-12-08 00:32:45
31,46,3,1339.8,2025-12-08 00:31:46,13020.0,,31,46,3,1479.899292,2025-12-08 00:32:46
31,47,3,1330.4,2025-12-08 00:31:47,12019.0,,31,47,3,1484.096924,2025-12-08 00:32:47
31,48,3,1340.0,2025-12-08 00:31:48,11018.0,,31,48,3,1488.393799,2025-12-08 00:32:48
31,49,3,1341.3,2025-12-08 00:31:49,10018.0,,31,49,3,1492.7948,2025-12-08 00:32:49
31,50,3,1339.9,2025-12-08 00:31:50,9017.0,,31,50,3,1497.302979,2025-12-08 00:32:50
31,51,3,1352.2,2025-12-08 00:31:51,8016.0,,31,51,3,1501.921875,2025-12-08 00:32:51
31,52,3,1324.4,2025-12-08 00:31:52,7015.0,,31,52,3,1506.656128,2025-12-08 00:32:52
31,53,3,1343.8,2025-12-08 00:31:53,6013.0,,31,53,3,1511.507324,2025-12-08 00:32:53
31,54,3,1332.6,2025-12-08 00:31:54,5012.0,,31,54,3,1516.482422,2025-12-08 00:32:54
31,55,3,1344.8,2025-12-08 00:31:55,4011.0,,31,55,3,1521.583618,2025-12-08 00:32:55
31,56,3,1315.7,2025-12-08 00:31:56,3010.0,,31,56,3,1526.817139,2025-12-08 00:32:56
31,57,3,1333.7,2025-12-08 00:31:57,2009.0,,31,57,3,1532.184204,2025-12-08 00:32:57
31,58,3,1332.2,2025-12-08 00:31:58,1008.0,,31,58,3,1537.692627,2025-12-08 00:32:58
31,59,3,1384.5,2025-12-08 00:31:59,7.0,,31,59,3,1543.345825,2025-12-08 00:32:59
32,0,3,1327.7,2025-12-08 00:32:00,59105.0,,32,0,3,1350.756836,2025-12-08 00:33:00
32,1,3,1340.9,2025-12-08 00:32:01,58104.0,,32,1,3,1353.516113,2025-12-08 00:33:01
32,2,3,1347.0,2025-12-08 00:32:02,57103.0,,32,2,3,1355.924072,2025-12-08 00:33:02
32,3,3,1353.5,2025-12-08 00:32:03,56101.0,,32,3,3,1358.134277,2025-12-08 00:33:03
32,4,3,1344.2,2025-12-08 00:32:04,55100.0,,32,4,3,1360.188721,2025-12-08 00:33:04
32,5,3,1331.4,2025-12-08 00:32:05,54099.0,,32,5,3,1362.130371,2025-12-08 00:33:05
32,6,3,1347.3,2025-12-08 00:32:06,53098.0,,32,6,3,1364.001343,2025-12-08 00:33:06
32,7,3,1329.9,2025-12-08 00:32:07,52096.0,,32,7,3,1365.839233,2025-12-08 00:33:07
32,8,3,1328.7,2025-12-08 00:32:08,51095.0,,32,8,3,1367.672363,2025-12-08 00:33:08
32,9,3,1335.1,2025-12-08 00:32:09,50092.0,,32,9,3,1369.523926,2025-12-08 00:33:09
32,10,3,1341.9,2025-12-08 00:32:10,49090.0,,32,10,3,1371.410522,2025-12-08 00:33:10
32,11,3,1338.0,2025-12-08 00:32:11,48089.0,,32,11,3,1373.342896,2025-12-08 00:33:11
32,12,3,1354.7,2025-12-08 00:32:12,47088.0,,32,12,3,1375.326904,2025-12-08 00:33:12
32,13,3,1333.8,2025-12-08 00:32:13,46087.0,,32,13,3,1377.366943,2025-12-08 00:33:13
32,14,3,1347.2,2025-12-08 00:32:14,45086.0,,32,14,3,1379.46167,2025-12-08 00:33:14
32,15,3,1360.3,2025-12-08 00:32:15,44085.0,,32,15,3,1381.612671,2025-12-08 00:33:15
32,16,3,1301.4,2025-12-08 00:32:16,43084.0,,32,16,3,1383.818481,2025-12-08 00:33:16
32,17,3,1324.7,2025-12-08 00:32:17,42082.0,,32,17,3,1386.072632,2025-12-08 00:33:17
32,18,3,1327.7,2025-12-08 00:32:18,41081.0,,32,18,3,1388.378418,2025-12-08 00:33:18
32,19,3,1338.8,2025-12-08 00:32:19,40080.0,,32,19,3,1390.733032,2025-12-08 00:33:19
32,20,3,1353.3,2025-12-08 00:32:20,39078.0,,32,20,3,1393.135132,2025-12-08 00:33:20
32,21,3,1332.8,2025-12-08 00:32:21,38078.0,,32,21,3,1395.58374,2025-12-08 00:33:21
32,22,3,1339.9,2025-12-08 00:32:22,37077.0,,32,22,3,1398.075806,2025-12-08 00:33:22
32,23,3,1346.5,2025-12-08 00:32:23,36075.0,,32,23,3,1400.612549,2025-12-08 00:33:23
32,24,3,1340.0,2025-12-08 00:32:24,35073.0,,32,24,3,1403.194092,2025-12-08 00:33:24
32,25,3,1335.0,2025-12-08 00:32:25,34072.0,,32,25,3,1405.819946,2025-12-08 00:33:25
32,26,3,1350.9,2025-12-08 00:32:26,33071.0,,32,26,3,1408.490845,2025-12-08 00:33:26
32,27,3,1350.4,2025-12-08 00:32:27,32069.0,,32,27,3,1411.208984,2025-12-08 00:33:27
32,28,3,1353.8,2025-12-08 00:32:28,31068.0,,32,28,3,1413.974487,2025-12-08 00:33:28
32,29,3,1341.4,2025-12-08 00:32:29,30067.0,,32,29,3,1416.788818,2025-12-08 00:33:29
32,30,3,1349.1,2025-12-08 00:32:30,29066.0,,32,30,3,1419.65271,2025-12-08 00:33:30
32,31,3,1341.0,2025-12-08 00:32:31,28065.0,,32,31,3,1422.569092,2025-12-08 00:33:31
32,32,3,1337.5,2025-12-08 00:32:32,27063.0,,32,32,3,1425.538574,2025-12-08 00:33:32
32,33,3,1347.7,2025-12-08 00:32:33,26062.0,,32,33,3,1428.563599,2025-12-08 00:33:33
32,34,3,1337.8,2025-12-08 00:32:34,25060.0,,32,34,3,1431.646973,2025-12-08 00:33:34
32,35,3,1349.1,2025-12-08 00:32:35,24057.0,,32,35,3,1434.789673,2025-12-08 00:33:35
32,36,3,1330.3,2025-12-08 00:32:36,23055.0,,32,36,3,1437.994995,2025-12-08 00:33:36
32,37,3,1333.7,2025-12-08 00:32:37,22053.0,,32,37,3,1441.26355,2025-12-08 00:33:37
32,38,3,1309.9,2025-12-08 00:32:38,21051.0,,32,38,3,1444.599121,2025-12-08 00:33:38
32,39,3,1323.8,2025-12-08 00:32:39,20040.0,,32,39,3,1448.002319,2025-12-08 00:33:39
32,40,3,1328.4,2025-12-08 00:32:40,19039.0,,32,40,3,1451.478271,2025-12-08 00:33:40
32,41,3,1347.2,2025-12-08 00:32:41,18037.0,,32,41,3,1455.029053,2025-12-08 00:33:41
32,42,3,1336.0,2025-12-08 00:32:42,17037.0,,32,42,3,1458.658203,2025-12-08 00:33:42
32,43,3,1327.5,2025-12-08 00:32:43,16036.0,,32,43,3,1462.366333,2025-12-08 00:33:43
32,44,3,1339.3,2025-12-08 00:32:44,15035.0,,32,44,3,1466.156738,2025-12-08 00:33:44
32,45,3,1313.5,2025-12-08 00:32:45,14034.0,,32,45,3,1470.033325,2025-12-08 00:33:45
32,46,3,1321.6,2025-12-08 00:32:46,13033.0,,32,46,3,1473.99707,2025-12-08 00:33:46
32,47,3,1335.5,2025-12-08 00:32:47,12031.0,,32,47,3,1478.053101,2025-12-08 00:33:47
32,48,3,1337.1,2025-12-08 00:32:48,11029.0,,32,48,3,1482.205444,2025-12-08 00:33:48
32,49,3,1321.2,2025-12-08 00:32:49,10028.0,,32,49,3,1486.456421,2025-12-08 00:33:49
32,50,3,1319.0,2025-12-08 00:32:50,9027.0,,32,50,3,1490.80835,2025-12-08 00:33:50
32,51,3,1350.7,2025-12-08 00:32:51,8025.0,,32,51,3,1495.265625,2025-12-08 00:33:51
32,52,3,1363.0,2025-12-08 00:32:52,7024.0,,32,52,3,1499.834229,2025-12-08 00:33:52
32,53,3,1334.3,2025-12-08 00:32:53,6020.0,,32,53,3,1504.51709,2025-12-08 00:33:53
32,54,3,1330.0,2025-12-08 00:32:54,5018.0,,32,54,3,1509.314819,2025-12-08 00:33:54
32,55,3,1332.4,2025-12-08 00:32:55,4017.0,,32,55,3,1514.233154,2025-12-08 00:33:55
32,56,3,1330.3,2025-12-08 00:32:56,3016.0,,32,56,3,1519.276733,2025-12-08 00:33:56
32,57,3,1364.4,2025-12-08 00:32:57,2014.0,,32,57,3,1524.449585,2025-12-08 00:33:57
32,58,3,1326.7,2025-12-08 00:32:58,1011.0,,32,58,3,1529.758545,2025-12-08 00:33:58
32,59,3,1339.1,2025-12-08 00:32:59,10.0,,32,59,3,1535.203125,2025-12-08 00:33:59
33,0,3,1449.6,2025-12-08 00:33:00,59092.0,,33,0,3,1502.622925,2025-12-08 00:34:00
33,1,3,1439.7,2025-12-08 00:33:01,58090.0,,33,1,3,1506.462769,2025-12-08 00:34:01
33,2,3,1464.4,2025-12-08 00:33:02,57088.0,,33,2,3,1510.257324,2025-12-08 00:34:02
33,3,3,1427.5,2025-12-08 00:33:03,56087.0,,33,3,3,1514.193237,2025-12-08 00:34:03
33,4,3,1437.7,2025-12-08 00:33:04,55085.0,,33,4,3,1518.327271,2025-12-08 00:34:04
33,5,3,1440.6,2025-12-08 00:33:05,54083.0,,33,5,3,1522.694824,2025-12-08 00:34:05
33,6,3,1422.5,2025-12-08 00:33:06,53082.0,,33,6,3,1527.308716,2025-12-08 00:34:06
33,7,3,1434.3,2025-12-08 00:33:07,52080.0,,33,7,3,1532.169556,2025-12-08 00:34:07
33,8,3,1437.1,2025-12-08 00:33:08,51079.0,,33,8,3,1537.274292,2025-12-08 00:34:08
33,9,3,1450.5,2025-12-08 00:33:09,50078.0,,33,9,3,1542.614136,2025-12-08 00:34:09
33,10,3,1428.9,2025-12-08 00:33:10,49076.0,,33,10,3,1548.17981,2025-12-08 00:34:10
33,11,3,1427.0,2025-12-08 00:33:11,48075.0,,33,11,3,1553.959717,2025-12-08 00:34:11
33,12,3,1455.1,2025-12-08 00:33:12,47074.0,,33,12,3,1559.946411,2025-12-08 00:34:12
33,13,3,1421.6,2025-12-08 00:33:13,46073.0,,33,13,3,1566.135986,2025-12-08 00:34:13
33,14,3,1427.9,2025-12-08 00:33:14,45072.0,,33,14,3,1572.519043,2025-12-08 00:34:14
33,15,3,1444.3,2025-12-08 00:33:15,44071.0,,33,15,3,1579.095215,2025-12-08 00:34:15
33,16,3,1433.1,2025-12-08 00:33:16,43069.0,,33,16,3,1585.863892,2025-12-08 00:34:16
33,17,3,1457.9,2025-12-08 00:33:17,42068.0,,33,17,3,1592.82312,2025-12-08 00:34:17
33,18,3,1437.7,2025-12-08 00:33:18,41067.0,,33,18,3,1599.976685,2025-12-08 00:34:18
33,19,3,1326.1,2025-12-08 00:33:19,40066.0,,33,19,3,1607.32373,2025-12-08 00:34:19
33,20,3,1344.6,2025-12-08 00:33:20,39065.0,,33,20,3,1614.859985,2025-12-08 00:34:20
33,21,3,1346.4,2025-12-08 00:33:21,38064.0,,33,21,3,1622.598145,2025-12-08 00:34:21
33,22,3,1333.2,2025-12-08 00:33:22,37063.0,,33,22,3,1630.540527,2025-12-08 00:34:22
33,23,3,1441.0,2025-12-08 00:33:23,36062.0,,33,23,3,1638.690186,2025-12-08 00:34:23
33,24,3,1437.6,2025-12-08 00:33:24,35061.0,,33,24,3,1647.059204,2025-12-08 00:34:24
33,25,3,1435.1,2025-12-08 00:33:25,34060.0,,33,25,3,1655.643311,2025-12-08 00:34:25
33,26,3,1430.4,2025-12-08 00:33:26,33059.0,,33,26,3,1664.445312,2025-12-08 00:34:26
33,27,3,1433.2,2025-12-08 00:33:27,32057.0,,33,27,3,1673.467285,2025-12-08 00:34:27
33,28,3,1437.8,2025-12-08 00:33:28,31056.0,,33,28,3,1682.711548,2025-12-08 00:34:28
33,29,3,1450.3,2025-12-08 00:33:29,30055.0,,33,29,3,1692.179932,2025-12-08 00:34:29
33,30,3,1426.1,2025-12-08 00:33:30,29054.0,,33,30,3,1701.873047,2025-12-08 00:34:30
33,31,3,1435.5,2025-12-08 00:33:31,28053.0,,33,31,3,1711.788452,2025-12-08 00:34:31
33,32,3,1448.6,2025-12-08 00:33:32,27051.0,,33,32,3,1721.927124,2025-12-08 00:34:32
33,33,3,1469.7,2025-12-08 00:33:33,26050.0,,33,33,3,1732.287476,2025-12-08 00:34:33
33,34,3,1448.7,2025-12-08 00:33:34,25049.0,,33,34,3,1742.867188,2025-12-08 00:34:34
33,35,3,1480.2,2025-12-08 00:33:35,24045.0,,33,35,3,1753.65918,2025-12-08 00:34:35
33,36,3,1435.1,2025-12-08 00:33:36,23044.0,,33,36,3,1764.661743,2025-12-08 00:34:36
33,37,3,1422.9,2025-12-08 00:33:37,22043.0,,33,37,3,1775.862671,2025-12-08 00:34:37
33,38,3,1438.6,2025-12-08 00:33:38,21042.0,,33,38,3,1787.256348,2025-12-08 00:34:38
33,39,3,1436.0,2025-12-08 00:33:39,20038.0,,33,39,3,1798.835693,2025-12-08 00:34:39
33,40,3,1451.6,2025-12-08 00:33:40,19037.0,,33,40,3,1810.588257,2025-12-08 00:34:40
33,41,3,1448.6,2025-12-08 00:33:41,18036.0,,33,41,3,1822.503296,2025-12-08 00:34:41
33,42,3,1465.8,2025-12-08 00:33:42,17034.0,,33,42,3,1834.56665,2025-12-08 00:34:42
33,43,3,1447.2,2025-12-08 00:33:43,16032.0,,33,43,3,1846.76355,2025-12-08 00:34:43
33,44,3,1435.9,2025-12-08 00:33:44,15031.0,,33,44,3,1859.076538,2025-12-08 00:34:44
33,45,3,1446.2,2025-12-08 00:33:45,14030.0,,33,45,3,1871.488159,2025-12-08 00:34:45
33,46,3,1451.3,2025-12-08 00:33:46,13028.0,,33,46,3,1883.97998,2025-12-08 00:34:46
33,47,3,1438.0,2025-12-08 00:33:47,12026.0,,33,47,3,1896.53186,2025-12-08 00:34:47
33,48,3,1447.2,2025-12-08 00:33:48,11024.0,,33,48,3,1909.12207,2025-12-08 00:34:48
33,49,3,1446.9,2025-12-08 00:33:49,10023.0,,33,49,3,1921.729126,2025-12-08 00:34:49
33,50,3,1432.3,2025-12-08 00:33:50,9022.0,,33,50,3,1934.330078,2025-12-08 00:34:50
33,51,3,1447.0,2025-12-08 00:33:51,8020.0,,33,51,3,1946.900635,2025-12-08 00:34:51
33,52,3,1424.2,2025-12-08 00:33:52,7019.0,,33,52,3,1959.418823,2025-12-08 00:34:52
33,53,3,1442.1,2025-12-08 00:33:53,6018.0,,33,53,3,1971.859009,2025-12-08 00:34:53
33,54,3,1434.7,2025-12-08 00:33:54,5015.0,,33,54,3,1984.198975,2025-12-08 00:34:54
33,55,3,1427.4,2025-12-08 00:33:55,4014.0,,33,55,3,1996.415161,2025-12-08 00:34:55
33,56,3,1459.7,2025-12-08 00:33:56,3013.0,,33,56,3,2008.484131,2025-12-08 00:34:56
33,57,3,1524.5,2025-12-08 00:33:57,2012.0,,33,57,3,2020.385498,2025-12-08 00:34:57
33,58,3,1522.6,2025-12-08 00:33:58,1011.0,,33,58,3,2032.098633,2025-12-08 00:34:58
33,59,3,1493.8,2025-12-08 00:33:59,10.0,,33,59,3,2043.603638,2025-12-08 00:34:59
34,0,3,1545.3,2025-12-08 00:34:00,59282.0,,34,0,3,1617.029297,2025-12-08 00:35:00
34,1,3,1568.3,2025-12-08 00:34:01,58280.0,,34,1,3,1630.996338,2025-12-08 00:35:01
34,2,3,1552.5,2025-12-08 00:34:02,57279.0,,34,2,3,1643.2052,2025-12-08 00:35:02
34,3,3,1538.8,2025-12-08 00:34:03,56277.0,,34,3,3,1654.736816,2025-12-08 00:35:03
34,4,3,1565.5,2025-12-08 00:34:04,55276.0,,34,4,3,1665.639282,2025-12-08 00:35:04
34,5,3,1543.5,2025-12-08 00:34:05,54275.0,,34,5,3,1676.041138,2025-12-08 00:35:05
34,6,3,1540.5,2025-12-08 00:34:06,53274.0,,34,6,3,1686.087646,2025-12-08 00:35:06
34,7,3,1548.5,2025-12-08 00:34:07,52273.0,,34,7,3,1695.922119,2025-12-08 00:35:07
34,8,3,1543.8,2025-12-08 00:34:08,51272.0,,34,8,3,1705.668213,2025-12-08 00:35:08
34,9,3,1551.9,2025-12-08 00:34:09,50271.0,,34,9,3,1715.42749,2025-12-08 00:35:09
34,10,3,1541.3,2025-12-08 00:34:10,49270.0,,34,10,3,1725.279663,2025-12-08 00:35:10
34,11,3,1551.0,2025-12-08 00:34:11,48269.0,,34,11,3,1735.282349,2025-12-08 00:35:11
34,12,3,1558.4,2025-12-08 00:34:12,47268.0,,34,12,3,1745.477661,2025-12-08 00:35:12
34,13,3,1495.0,2025-12-08 00:34:13,46267.0,,34,13,3,1755.891357,2025-12-08 00:35:13
34,14,3,1499.5,2025-12-08 00:34:14,45266.0,,34,14,3,1766.533081,2025-12-08 00:35:14
34,15,3,1520.6,2025-12-08 00:34:15,44265.0,,34,15,3,1777.411133,2025-12-08 00:35:15
34,16,3,1552.4,2025-12-08 00:34:16,43264.0,,34,16,3,1788.523804,2025-12-08 00:35:16
34,17,3,1536.5,2025-12-08 00:34:17,42261.0,,34,17,3,1799.863647,2025-12-08 00:35:17
34,18,3,1566.3,2025-12-08 00:34:18,41260.0,,34,18,3,1811.416382,2025-12-08 00:35:18
34,19,3,1545.2,2025-12-08 00:34:19,40259.0,,34,19,3,1823.168091,2025-12-08 00:35:19
34,20,3,1544.7,2025-12-08 00:34:20,39257.0,,34,20,3,1835.099487,2025-12-08 00:35:20
34,21,3,1546.5,2025-12-08 00:34:21,38247.0,,34,21,3,1847.191406,2025-12-08 00:35:21
34,22,3,1542.4,2025-12-08 00:34:22,37241.0,,34,22,3,1859.42334,2025-12-08 00:35:22
34,23,3,1544.8,2025-12-08 00:34:23,36239.0,,34,23,3,1871.77356,2025-12-08 00:35:23
34,24,3,1500.9,2025-12-08 00:34:24,35234.0,,34,24,3,1884.21936,2025-12-08 00:35:24
34,25,3,1508.0,2025-12-08 00:34:25,34231.0,,34,25,3,1896.735474,2025-12-08 00:35:25
34,26,3,1499.2,2025-12-08 00:34:26,33230.0,,34,26,3,1909.299683,2025-12-08 00:35:26
34,27,3,1512.1,2025-12-08 00:34:27,32229.0,,34,27,3,1921.887451,2025-12-08 00:35:27
34,28,3,1509.7,2025-12-08 00:34:28,31226.0,,34,28,3,1934.474854,2025-12-08 00:35:28
34,29,3,1530.5,2025-12-08 00:34:29,30225.0,,34,29,3,1947.036499,2025-12-08 00:35:29
34,30,3,1477.6,2025-12-08 00:34:30,29224.0,,34,30,3,1959.548462,2025-12-08 00:35:30
34,31,3,1511.2,2025-12-08 00:34:31,28218.0,,34,31,3,1971.983887,2025-12-08 00:35:31
34,32,3,1554.2,2025-12-08 00:34:32,27213.0,,34,32,3,1984.320801,2025-12-08 00:35:32
34,33,3,1550.2,2025-12-08 00:34:33,26195.0,,34,33,3,1996.535767,2025-12-08 00:35:33
34,34,3,1543.9,2025-12-08 00:34:34,25193.0,,34,34,3,2008.60498,2025-12-08 00:35:34
34,35,3,1571.6,2025-12-08 00:34:35,24191.0,,34,35,3,2020.505737,2025-12-08 00:35:35
34,36,3,1549.9,2025-12-08 00:34:36,23185.0,,34,36,3,2032.218262,2025-12-08 00:35:36
34,37,3,1553.6,2025-12-08 00:34:37,22184.0,,34,37,3,2043.721191,2025-12-08 00:35:37
34,38,3,1550.0,2025-12-08 00:34:38,21183.0,,34,38,3,2054.996582,2025-12-08 00:35:38
34,39,3,1540.8,2025-12-08 00:34:39,20165.0,,34,39,3,2066.027344,2025-12-08 00:35:39
34,40,3,1550.5,2025-12-08 00:34:40,19161.0,,34,40,3,2076.799072,2025-12-08 00:35:40
34,41,3,1547.7,2025-12-08 00:34:41,18160.0,,34,41,3,2087.296875,2025-12-08 00:35:41
34,42,3,1560.9,2025-12-08 00:34:42,17145.0,,34,42,3,2097.509766,2025-12-08 00:35:42
34,43,3,1564.6,2025-12-08 00:34:43,16138.0,,34,43,3,2107.427734,2025-12-08 00:35:43
34,44,3,1566.8,2025-12-08 00:34:44,15125.0,,34,44,3,2117.042725,2025-12-08 00:35:44
34,45,3,1555.6,2025-12-08 00:34:45,14122.0,,34,45,3,2126.347412,2025-12-08 00:35:45
34,46,3,1549.5,2025-12-08 00:34:46,13121.0,,34,46,3,2135.337891,2025-12-08 00:35:46
34,47,3,1542.5,2025-12-08 00:34:47,12043.0,,34,47,3,2144.010498,2025-12-08 00:35:47
34,48,3,1617.3,2025-12-08 00:34:48,11042.0,,34,48,3,2152.36377,2025-12-08 00:35:48
34,49,3,1586.5,2025-12-08 00:34:49,10041.0,,34,49,3,2160.398682,2025-12-08 00:35:49
34,50,3,1619.5,2025-12-08 00:34:50,9040.0,,34,50,3,2168.116211,2025-12-08 00:35:50
34,51,3,1609.0,2025-12-08 00:34:51,8038.0,,34,51,3,2175.519043,2025-12-08 00:35:51
34,52,3,1600.4,2025-12-08 00:34:52,7038.0,,34,52,3,2182.61084,2025-12-08 00:35:52
34,53,3,1591.1,2025-12-08 00:34:53,6034.0,,34,53,3,2189.397217,2025-12-08 00:35:53
34,54,3,1601.9,2025-12-08 00:34:54,5032.0,,34,54,3,2195.883545,2025-12-08 00:35:54
34,55,3,1592.7,2025-12-08 00:34:55,4031.0,,34,55,3,2202.075928,2025-12-08 00:35:55
34,56,3,1598.3,2025-12-08 00:34:56,3030.0,,34,56,3,2207.982178,2025-12-08 00:35:56
34,57,3,1550.4,2025-12-08 00:34:57,2028.0,,34,57,3,2213.609863,2025-12-08 00:35:57
34,58,3,1555.9,2025-12-08 00:34:58,1026.0,,34,58,3,2218.967285,2025-12-08 00:35:58
34,59,3,1536.6,2025-12-08 00:34:59,24.0,,34,59,3,2224.062744,2025-12-08 00:35:59
35,0,3,734.2,2025-12-08 00:35:00,59148.0,,35,0,3,988.871582,2025-12-08 00:36:00
35,1,3,733.8,2025-12-08 00:35:01,58147.0,,35,1,3,1024.487793,2025-12-08 00:36:01
35,2,3,760.3,2025-12-08 00:35:02,57144.0,,35,2,3,1047.204834,2025-12-08 00:36:02
35,3,3,697.3,2025-12-08 00:35:03,56134.0,,35,3,3,1061.980225,2025-12-08 00:36:03
35,4,3,739.7,2025-12-08 00:35:04,55096.0,,35,4,3,1070.991455,2025-12-08 00:36:04
35,5,3,751.3,2025-12-08 00:35:05,54095.0,,35,5,3,1076.07251,2025-12-08 00:36:05
35,6,3,713.4,2025-12-08 00:35:06,53093.0,,35,6,3,1078.699219,2025-12-08 00:36:06
35,7,3,732.9,2025-12-08 00:35:07,52092.0,,35,7,3,1080.000732,2025-12-08 00:36:07
35,8,3,716.5,2025-12-08 00:35:08,51089.0,,35,8,3,1080.797607,2025-12-08 00:36:08
35,9,3,729.3,2025-12-08 00:35:09,50087.0,,35,9,3,1081.639893,2025-12-08 00:36:09
35,10,3,722.0,2025-12-08 00:35:10,49086.0,,35,10,3,1082.868286,2025-12-08 00:36:10
35,11,3,737.8,2025-12-08 00:35:11,48085.0,,35,11,3,1084.658691,2025-12-08 00:36:11
35,12,3,740.1,2025-12-08 00:35:12,47083.0,,35,12,3,1087.072876,2025-12-08 00:36:12
35,13,3,739.9,2025-12-08 00:35:13,46082.0,,35,13,3,1090.092041,2025-12-08 00:36:13
35,14,3,725.8,2025-12-08 00:35:14,45081.0,,35,14,3,1093.649414,2025-12-08 00:36:14
35,15,3,722.8,2025-12-08 00:35:15,44080.0,,35,15,3,1097.651978,2025-12-08 00:36:15
35,16,3,738.2,2025-12-08 00:35:16,43078.0,,35,16,3,1101.998291,2025-12-08 00:36:16
35,17,3,730.2,2025-12-08 00:35:17,42077.0,,35,17,3,1106.589111,2025-12-08 00:36:17
35,18,3,724.8,2025-12-08 00:35:18,41076.0,,35,18,3,1111.331909,2025-12-08 00:36:18
35,19,3,753.4,2025-12-08 00:35:19,40076.0,,35,19,3,1116.147583,2025-12-08 00:36:19
35,20,3,735.5,2025-12-08 00:35:20,39074.0,,35,20,3,1120.972778,2025-12-08 00:36:20
35,21,3,742.9,2025-12-08 00:35:21,38073.0,,35,21,3,1125.753906,2025-12-08 00:36:21
35,22,3,717.3,2025-12-08 00:35:22,37072.0,,35,22,3,1130.453735,2025-12-08 00:36:22
35,23,3,716.9,2025-12-08 00:35:23,36071.0,,35,23,3,1135.043579,2025-12-08 00:36:23
35,24,3,722.6,2025-12-08 00:35:24,35070.0,,35,24,3,1139.506958,2025-12-08 00:36:24
35,25,3,719.6,2025-12-08 00:35:25,34069.0,,35,25,3,1143.834229,2025-12-08 00:36:25
35,26,3,722.5,2025-12-08 00:35:26,33068.0,,35,26,3,1148.021118,2025-12-08 00:36:26
35,27,3,741.5,2025-12-08 00:35:27,32067.0,,35,27,3,1152.067749,2025-12-08 00:36:27
35,28,3,728.8,2025-12-08 00:35:28,31066.0,,35,28,3,1155.978638,2025-12-08 00:36:28
35,29,3,733.2,2025-12-08 00:35:29,30065.0,,35,29,3,1159.756714,2025-12-08 00:36:29
35,30,3,721.1,2025-12-08 00:35:30,29065.0,,35,30,3,1163.409302,2025-12-08 00:36:30
35,31,3,716.6,2025-12-08 00:35:31,28064.0,,35,31,3,1166.942139,2025-12-08 00:36:31
35,32,3,729.4,2025-12-08 00:35:32,27062.0,,35,32,3,1170.362671,2025-12-08 00:36:32
35,33,3,876.7,2025-12-08 00:35:33,26061.0,,35,33,3,1173.678467,2025-12-08 00:36:33
35,34,3,841.0,2025-12-08 00:35:34,25060.0,,35,34,3,1176.90271,2025-12-08 00:36:34
35,35,3,851.5,2025-12-08 00:35:35,24059.0,,35,35,3,1180.030396,2025-12-08 00:36:35
35,36,3,859.3,2025-12-08 00:35:36,23057.0,,35,36,3,1183.069092,2025-12-08 00:36:36
35,37,3,746.4,2025-12-08 00:35:37,22050.0,,35,37,3,1186.023438,2025-12-08 00:36:37
35,38,3,840.6,2025-12-08 00:35:38,21049.0,,35,38,3,1188.893066,2025-12-08 00:36:38
35,39,3,890.2,2025-12-08 00:35:39,20043.0,,35,39,3,1191.690308,2025-12-08 00:36:39
35,40,3,847.0,2025-12-08 00:35:40,19042.0,,35,40,3,1194.41687,2025-12-08 00:36:40
35,41,3,881.2,2025-12-08 00:35:41,18038.0,,35,41,3,1197.073486,2025-12-08 00:36:41
35,42,3,769.6,2025-12-08 00:35:42,17037.0,,35,42,3,1199.665649,2025-12-08 00:36:42
35,43,3,765.0,2025-12-08 00:35:43,16033.0,,35,43,3,1202.194336,2025-12-08 00:36:43
35,44,3,831.6,2025-12-08 00:35:44,15032.0,,35,44,3,1204.666016,2025-12-08 00:36:44
35,45,3,836.5,2025-12-08 00:35:45,14031.0,,35,45,3,1207.084717,2025-12-08 00:36:45
35,46,3,852.4,2025-12-08 00:35:46,13030.0,,35,46,3,1209.452515,2025-12-08 00:36:46
35,47,3,831.7,2025-12-08 00:35:47,12026.0,,35,47,3,1211.772339,2025-12-08 00:36:47
35,48,3,843.5,2025-12-08 00:35:48,11025.0,,35,48,3,1214.047241,2025-12-08 00:36:48
35,49,3,834.7,2025-12-08 00:35:49,10023.0,,35,49,3,1216.28064,2025-12-08 00:36:49
35,50,3,839.1,2025-12-08 00:35:50,9022.0,,35,50,3,1218.475342,2025-12-08 00:36:50
35,51,3,832.6,2025-12-08 00:35:51,8021.0,,35,51,3,1220.634888,2025-12-08 00:36:51
35,52,3,773.9,2025-12-08 00:35:52,7020.0,,35,52,3,1222.761597,2025-12-08 00:36:52
35,53,3,779.0,2025-12-08 00:35:53,6017.0,,35,53,3,1224.857666,2025-12-08 00:36:53
35,54,3,792.7,2025-12-08 00:35:54,5014.0,,35,54,3,1226.926636,2025-12-08 00:36:54
35,55,3,764.5,2025-12-08 00:35:55,4014.0,,35,55,3,1228.970459,2025-12-08 00:36:55
35,56,3,757.3,2025-12-08 00:35:56,3013.0,,35,56,3,1230.990479,2025-12-08 00:36:56
35,57,3,766.3,2025-12-08 00:35:57,2012.0,,35,57,3,1232.988281,2025-12-08 00:36:57
35,58,3,782.5,2025-12-08 00:35:58,1010.0,,35,58,3,1234.965576,2025-12-08 00:36:58
35,59,3,768.7,2025-12-08 00:35:59,9.0,,35,59,3,1236.923218,2025-12-08 00:36:59
36,0,3,1275.0,2025-12-08 00:36:00,59095.0,,36,0,3,1352.505859,2025-12-08 00:37:00
36,1,3,1250.1,2025-12-08 00:36:01,58094.0,,36,1,3,1355.070679,2025-12-08 00:37:01
36,2,3,1269.0,2025-12-08 00:36:02,57092.0,,36,2,3,1357.44165,2025-12-08 00:37:02
36,3,3,1265.2,2025-12-08 00:36:03,56091.0,,36,3,3,1359.718262,2025-12-08 00:37:03
36,4,3,1295.8,2025-12-08 00:36:04,55090.0,,36,4,3,1361.912231,2025-12-08 00:37:04
36,5,3,1085.4,2025-12-08 00:36:05,54088.0,,36,5,3,1364.043091,2025-12-08 00:37:05
36,6,3,1270.8,2025-12-08 00:36:06,53087.0,,36,6,3,1366.120728,2025-12-08 00:37:06
36,7,3,1066.4,2025-12-08 00:36:07,52086.0,,36,7,3,1368.181152,2025-12-08 00:37:07
36,8,3,1053.8,2025-12-08 00:36:08,51084.0,,36,8,3,1370.223755,2025-12-08 00:37:08
36,9,3,1145.4,2025-12-08 00:36:09,50084.0,,36,9,3,1372.272217,2025-12-08 00:37:09
36,10,3,1057.3,2025-12-08 00:36:10,49082.0,,36,10,3,1374.343262,2025-12-08 00:37:10
36,11,3,1133.1,2025-12-08 00:36:11,48081.0,,36,11,3,1376.436035,2025-12-08 00:37:11
36,12,3,1151.9,2025-12-08 00:36:12,47079.0,,36,12,3,1378.56604,2025-12-08 00:37:12
36,13,3,1157.0,2025-12-08 00:36:13,46078.0,,36,13,3,1380.734619,2025-12-08 00:37:13
36,14,3,1212.7,2025-12-08 00:36:14,45077.0,,36,14,3,1382.943237,2025-12-08 00:37:14
36,15,3,1228.1,2025-12-08 00:36:15,44075.0,,36,15,3,1385.197144,2025-12-08 00:37:15
36,16,3,1237.0,2025-12-08 00:36:16,43073.0,,36,16,3,1387.494141,2025-12-08 00:37:16
36,17,3,1265.2,2025-12-08 00:36:17,42072.0,,36,17,3,1389.834106,2025-12-08 00:37:17
36,18,3,1282.4,2025-12-08 00:36:18,41071.0,,36,18,3,1392.218506,2025-12-08 00:37:18
36,19,3,1285.7,2025-12-08 00:36:19,40070.0,,36,19,3,1394.646484,2025-12-08 00:37:19
36,20,3,1324.4,2025-12-08 00:36:20,39069.0,,36,20,3,1397.117065,2025-12-08 00:37:20
36,21,3,1328.8,2025-12-08 00:36:21,38068.0,,36,21,3,1399.632568,2025-12-08 00:37:21
36,22,3,1299.9,2025-12-08 00:36:22,37065.0,,36,22,3,1402.19104,2025-12-08 00:37:22
36,23,3,1317.6,2025-12-08 00:36:23,36064.0,,36,23,3,1404.79126,2025-12-08 00:37:23
36,24,3,1308.9,2025-12-08 00:36:24,35063.0,,36,24,3,1407.43689,2025-12-08 00:37:24
36,25,3,1298.7,2025-12-08 00:36:25,34062.0,,36,25,3,1410.127441,2025-12-08 00:37:25
36,26,3,1297.1,2025-12-08 00:36:26,33061.0,,36,26,3,1412.864136,2025-12-08 00:37:26
36,27,3,1296.4,2025-12-08 00:36:27,32060.0,,36,27,3,1415.64917,2025-12-08 00:37:27
36,28,3,1290.2,2025-12-08 00:36:28,31059.0,,36,28,3,1418.484009,2025-12-08 00:37:28
36,29,3,1329.2,2025-12-08 00:36:29,30058.0,,36,29,3,1421.370239,2025-12-08 00:37:29
36,30,3,1309.5,2025-12-08 00:36:30,29057.0,,36,30,3,1424.312378,2025-12-08 00:37:30
36,31,3,1281.4,2025-12-08 00:36:31,28056.0,,36,31,3,1427.309204,2025-12-08 00:37:31
36,32,3,1295.3,2025-12-08 00:36:32,27055.0,,36,32,3,1430.361328,2025-12-08 00:37:32
36,33,3,1314.5,2025-12-08 00:36:33,26054.0,,36,33,3,1433.474121,2025-12-08 00:37:33
36,34,3,1307.2,2025-12-08 00:36:34,25053.0,,36,34,3,1436.650146,2025-12-08 00:37:34
36,35,3,1312.2,2025-12-08 00:36:35,24052.0,,36,35,3,1439.889526,2025-12-08 00:37:35
36,36,3,1333.0,2025-12-08 00:36:36,23051.0,,36,36,3,1443.195557,2025-12-08 00:37:36
36,37,3,1314.5,2025-12-08 00:36:37,22050.0,,36,37,3,1446.571533,2025-12-08 00:37:37
36,38,3,1311.0,2025-12-08 00:36:38,21046.0,,36,38,3,1450.017456,2025-12-08 00:37:38
36,39,3,1314.0,2025-12-08 00:36:39,20045.0,,36,39,3,1453.536499,2025-12-08 00:37:39
36,40,3,1312.3,2025-12-08 00:36:40,19044.0,,36,40,3,1457.131958,2025-12-08 00:37:40
36,41,3,1312.0,2025-12-08 00:36:41,18039.0,,36,41,3,1460.806152,2025-12-08 00:37:41
36,42,3,1319.8,2025-12-08 00:36:42,17036.0,,36,42,3,1464.562134,2025-12-08 00:37:42
36,43,3,1318.5,2025-12-08 00:36:43,16034.0,,36,43,3,1468.403076,2025-12-08 00:37:43
36,44,3,1339.8,2025-12-08 00:36:44,15033.0,,36,44,3,1472.331543,2025-12-08 00:37:44
36,45,3,1324.9,2025-12-08 00:36:45,14031.0,,36,45,3,1476.351929,2025-12-08 00:37:45
36,46,3,1331.9,2025-12-08 00:36:46,13030.0,,36,46,3,1480.46521,2025-12-08 00:37:46
36,47,3,1329.1,2025-12-08 00:36:47,12029.0,,36,47,3,1484.676025,2025-12-08 00:37:47
36,48,3,1334.3,2025-12-08 00:36:48,11028.0,,36,48,3,1488.987061,2025-12-08 00:37:48
36,49,3,1346.7,2025-12-08 00:36:49,10026.0,,36,49,3,1493.402344,2025-12-08 00:37:49
36,50,3,1343.2,2025-12-08 00:36:50,9024.0,,36,50,3,1497.926147,2025-12-08 00:37:50
36,51,3,1343.0,2025-12-08 00:36:51,8023.0,,36,51,3,1502.561035,2025-12-08 00:37:51
36,52,3,1345.4,2025-12-08 00:36:52,7022.0,,36,52,3,1507.310791,2025-12-08 00:37:52
36,53,3,1339.1,2025-12-08 00:36:53,6020.0,,36,53,3,1512.179932,2025-12-08 00:37:53
36,54,3,1349.2,2025-12-08 00:36:54,5019.0,,36,54,3,1517.172119,2025-12-08 00:37:54
36,55,3,1332.6,2025-12-08 00:36:55,4017.0,,36,55,3,1522.292236,2025-12-08 00:37:55
36,56,3,1344.5,2025-12-08 00:36:56,3015.0,,36,56,3,1527.542847,2025-12-08 00:37:56
36,57,3,1344.6,2025-12-08 00:36:57,2014.0,,36,57,3,1532.930664,2025-12-08 00:37:57
36,58,3,1347.7,2025-12-08 00:36:58,1013.0,,36,58,3,1538.459106,2025-12-08 00:37:58
36,59,3,1343.2,2025-12-08 00:36:59,12.0,,36,59,3,1544.133301,2025-12-08 00:37:59
37,0,3,1334.8,2025-12-08 00:37:00,59342.0,,37,0,3,1342.24585,2025-12-08 00:38:00
37,1,3,1355.1,2025-12-08 00:37:01,58340.0,,37,1,3,1345.266357,2025-12-08 00:38:01
37,2,3,1329.3,2025-12-08 00:37:02,57339.0,,37,2,3,1347.774902,2025-12-08 00:38:02
37,3,3,1334.0,2025-12-08 00:37:03,56338.0,,37,3,3,1349.970459,2025-12-08 00:38:03
37,4,3,1343.9,2025-12-08 00:37:04,55335.0,,37,4,3,1351.924927,2025-12-08 00:38:04
37,5,3,1335.4,2025-12-08 00:37:05,54331.0,,37,5,3,1353.708618,2025-12-08 00:38:05
37,6,3,1322.7,2025-12-08 00:37:06,53330.0,,37,6,3,1355.383545,2025-12-08 00:38:06
37,7,3,1354.8,2025-12-08 00:37:07,52329.0,,37,7,3,1357.002441,2025-12-08 00:38:07
37,8,3,1332.3,2025-12-08 00:37:08,51325.0,,37,8,3,1358.610596,2025-12-08 00:38:08
37,9,3,1326.8,2025-12-08 00:37:09,50322.0,,37,9,3,1360.235352,2025-12-08 00:38:09
37,10,3,1344.5,2025-12-08 00:37:10,49320.0,,37,10,3,1361.899536,2025-12-08 00:38:10
37,11,3,1358.9,2025-12-08 00:37:11,48318.0,,37,11,3,1363.61853,2025-12-08 00:38:11
37,12,3,1340.7,2025-12-08 00:37:12,47317.0,,37,12,3,1365.399536,2025-12-08 00:38:12
37,13,3,1318.5,2025-12-08 00:37:13,46315.0,,37,13,3,1367.244019,2025-12-08 00:38:13
37,14,3,1322.3,2025-12-08 00:37:14,45314.0,,37,14,3,1369.151733,2025-12-08 00:38:14
37,15,3,1348.1,2025-12-08 00:37:15,44313.0,,37,15,3,1371.122314,2025-12-08 00:38:15
37,16,3,1329.8,2025-12-08 00:37:16,43312.0,,37,16,3,1373.153809,2025-12-08 00:38:16
37,17,3,1317.0,2025-12-08 00:37:17,42310.0,,37,17,3,1375.23999,2025-12-08 00:38:17
37,18,3,1350.1,2025-12-08 00:37:18,41307.0,,37,18,3,1377.377075,2025-12-08 00:38:18
37,19,3,1331.8,2025-12-08 00:37:19,40306.0,,37,19,3,1379.564941,2025-12-08 00:38:19
37,20,3,1353.4,2025-12-08 00:37:20,39303.0,,37,20,3,1381.796997,2025-12-08 00:38:20
37,21,3,1339.4,2025-12-08 00:37:21,38302.0,,37,21,3,1384.073242,2025-12-08 00:38:21
37,22,3,1356.4,2025-12-08 00:37:22,37300.0,,37,22,3,1386.389893,2025-12-08 00:38:22
37,23,3,1339.9,2025-12-08 00:37:23,36299.0,,37,23,3,1388.747192,2025-12-08 00:38:23
37,24,3,1348.0,2025-12-08 00:37:24,35298.0,,37,24,3,1391.142578,2025-12-08 00:38:24
37,25,3,1337.9,2025-12-08 00:37:25,34296.0,,37,25,3,1393.577271,2025-12-08 00:38:25
37,26,3,1350.5,2025-12-08 00:37:26,33295.0,,37,26,3,1396.050049,2025-12-08 00:38:26
37,27,3,1345.2,2025-12-08 00:37:27,32294.0,,37,27,3,1398.563354,2025-12-08 00:38:27
37,28,3,1354.3,2025-12-08 00:37:28,31293.0,,37,28,3,1401.116211,2025-12-08 00:38:28
37,29,3,1322.0,2025-12-08 00:37:29,30292.0,,37,29,3,1403.711182,2025-12-08 00:38:29
37,30,3,1332.4,2025-12-08 00:37:30,29289.0,,37,30,3,1406.346558,2025-12-08 00:38:30
37,31,3,1334.0,2025-12-08 00:37:31,28288.0,,37,31,3,1409.026489,2025-12-08 00:38:31
37,32,3,1349.7,2025-12-08 00:37:32,27287.0,,37,32,3,1411.752197,2025-12-08 00:38:32
37,33,3,1334.9,2025-12-08 00:37:33,26285.0,,37,33,3,1414.525635,2025-12-08 00:38:33
37,34,3,1330.2,2025-12-08 00:37:34,25282.0,,37,34,3,1417.346924,2025-12-08 00:38:34
37,35,3,1358.4,2025-12-08 00:37:35,24281.0,,37,35,3,1420.218506,2025-12-08 00:38:35
37,36,3,1341.6,2025-12-08 00:37:36,23278.0,,37,36,3,1423.144043,2025-12-08 00:38:36
37,37,3,1353.3,2025-12-08 00:37:37,22275.0,,37,37,3,1426.122681,2025-12-08 00:38:37
37,38,3,1336.9,2025-12-08 00:37:38,21274.0,,37,38,3,1429.158203,2025-12-08 00:38:38
37,39,3,1345.3,2025-12-08 00:37:39,20272.0,,37,39,3,1432.25061,2025-12-08 00:38:39
37,40,3,1317.4,2025-12-08 00:37:40,19270.0,,37,40,3,1435.403809,2025-12-08 00:38:40
37,41,3,1331.7,2025-12-08 00:37:41,18266.0,,37,41,3,1438.61792,2025-12-08 00:38:41
37,42,3,1324.2,2025-12-08 00:37:42,17265.0,,37,42,3,1441.897827,2025-12-08 00:38:42
37,43,3,1337.8,2025-12-08 00:37:43,16264.0,,37,43,3,1445.244263,2025-12-08 00:38:43
37,44,3,1332.0,2025-12-08 00:37:44,15260.0,,37,44,3,1448.661621,2025-12-08 00:38:44
37,45,3,1321.2,2025-12-08 00:37:45,14259.0,,37,45,3,1452.150513,2025-12-08 00:38:45
37,46,3,1331.7,2025-12-08 00:37:46,13253.0,,37,46,3,1455.713867,2025-12-08 00:38:46
37,47,3,1316.2,2025-12-08 00:37:47,12236.0,,37,47,3,1459.355347,2025-12-08 00:38:47
37,48,3,1319.5,2025-12-08 00:37:48,11174.0,,37,48,3,1463.076538,2025-12-08 00:38:48
37,49,3,1318.5,2025-12-08 00:37:49,10110.0,,37,49,3,1466.881348,2025-12-08 00:38:49
37,50,3,1321.9,2025-12-08 00:37:50,9107.0,,37,50,3,1470.772339,2025-12-08 00:38:50
37,51,3,1312.7,2025-12-08 00:37:51,8106.0,,37,51,3,1474.75293,2025-12-08 00:38:51
37,52,3,1333.3,2025-12-08 00:37:52,7102.0,,37,52,3,1478.825928,2025-12-08 00:38:52
37,53,3,1348.6,2025-12-08 00:37:53,6101.0,,37,53,3,1482.996094,2025-12-08 00:38:53
37,54,3,1345.2,2025-12-08 00:37:54,5099.0,,37,54,3,1487.266602,2025-12-08 00:38:54
37,55,3,1327.0,2025-12-08 00:37:55,4091.0,,37,55,3,1491.639526,2025-12-08 00:38:55
37,56,3,1307.7,2025-12-08 00:37:56,3090.0,,37,56,3,1496.11792,2025-12-08 00:38:56
37,57,3,1322.2,2025-12-08 00:37:57,2027.0,,37,57,3,1500.704956,2025-12-08 00:38:57
37,58,3,1332.2,2025-12-08 00:37:58,1019.0,,37,58,3,1505.406494,2025-12-08 00:38:58
37,59,3,1328.8,2025-12-08 00:37:59,16.0,,37,59,3,1510.226807,2025-12-08 00:38:59
38,0,3,1438.1,2025-12-08 00:38:00,59102.0,,38,0,3,1506.671387,2025-12-08 00:39:00
38,1,3,1426.3,2025-12-08 00:38:01,58101.0,,38,1,3,1509.510132,2025-12-08 00:39:01
38,2,3,1422.7,2025-12-08 00:38:02,57100.0,,38,2,3,1512.761597,2025-12-08 00:39:02
38,3,3,1440.8,2025-12-08 00:38:03,56098.0,,38,3,3,1516.337036,2025-12-08 00:39:03
38,4,3,1440.0,2025-12-08 00:38:04,55096.0,,38,4,3,1520.271973,2025-12-08 00:39:04
38,5,3,1444.9,2025-12-08 00:38:05,54094.0,,38,5,3,1524.567261,2025-12-08 00:39:05
38,6,3,1425.9,2025-12-08 00:38:06,53092.0,,38,6,3,1529.206787,2025-12-08 00:39:06
38,7,3,1450.2,2025-12-08 00:38:07,52084.0,,38,7,3,1534.162964,2025-12-08 00:39:07
38,8,3,1461.6,2025-12-08 00:38:08,51082.0,,38,8,3,1539.411377,2025-12-08 00:39:08
38,9,3,1436.1,2025-12-08 00:38:09,50081.0,,38,9,3,1544.924561,2025-12-08 00:39:09
38,10,3,1444.3,2025-12-08 00:38:10,49077.0,,38,10,3,1550.675781,2025-12-08 00:39:10
38,11,3,1472.5,2025-12-08 00:38:11,48075.0,,38,11,3,1556.648315,2025-12-08 00:39:11
38,12,3,1445.0,2025-12-08 00:38:12,47071.0,,38,12,3,1562.828369,2025-12-08 00:39:12
38,13,3,1438.6,2025-12-08 00:38:13,46070.0,,38,13,3,1569.201172,2025-12-08 00:39:13
38,14,3,1425.5,2025-12-08 00:38:14,45068.0,,38,14,3,1575.760864,2025-12-08 00:39:14
38,15,3,1431.3,2025-12-08 00:38:15,44067.0,,38,15,3,1582.502808,2025-12-08 00:39:15
38,16,3,1443.4,2025-12-08 00:38:16,43065.0,,38,16,3,1589.427612,2025-12-08 00:39:16
38,17,3,1452.6,2025-12-08 00:38:17,42064.0,,38,17,3,1596.536255,2025-12-08 00:39:17
38,18,3,1433.8,2025-12-08 00:38:18,41058.0,,38,18,3,1603.830688,2025-12-08 00:39:18
38,19,3,1322.7,2025-12-08 00:38:19,40057.0,,38,19,3,1611.312866,2025-12-08 00:39:19
38,20,3,1326.2,2025-12-08 00:38:20,39055.0,,38,20,3,1618.979614,2025-12-08 00:39:20
38,21,3,1339.3,2025-12-08 00:38:21,38054.0,,38,21,3,1626.843506,2025-12-08 00:39:21
38,22,3,1330.8,2025-12-08 00:38:22,37052.0,,38,22,3,1634.910034,2025-12-08 00:39:22
38,23,3,1425.5,2025-12-08 00:38:23,36051.0,,38,23,3,1643.182007,2025-12-08 00:39:23
38,24,3,1444.3,2025-12-08 00:38:24,35050.0,,38,24,3,1651.672119,2025-12-08 00:39:24
38,25,3,1455.6,2025-12-08 00:38:25,34049.0,,38,25,3,1660.378296,2025-12-08 00:39:25
38,26,3,1413.1,2025-12-08 00:38:26,33045.0,,38,26,3,1669.303101,2025-12-08 00:39:26
38,27,3,1428.6,2025-12-08 00:38:27,32044.0,,38,27,3,1678.445312,2025-12-08 00:39:27
38,28,3,1423.6,2025-12-08 00:38:28,31044.0,,38,28,3,1687.810913,2025-12-08 00:39:28
38,29,3,1448.8,2025-12-08 00:38:29,30042.0,,38,29,3,1697.399048,2025-12-08 00:39:29
38,30,3,1416.8,2025-12-08 00:38:30,29041.0,,38,30,3,1707.213013,2025-12-08 00:39:30
38,31,3,1456.3,2025-12-08 00:38:31,28040.0,,38,31,3,1717.247559,2025-12-08 00:39:31
38,32,3,1458.9,2025-12-08 00:38:32,27038.0,,38,32,3,1727.506348,2025-12-08 00:39:32
38,33,3,1460.4,2025-12-08 00:38:33,26036.0,,38,33,3,1737.985352,2025-12-08 00:39:33
38,34,3,1456.5,2025-12-08 00:38:34,25036.0,,38,34,3,1748.679443,2025-12-08 00:39:34
38,35,3,1439.6,2025-12-08 00:38:35,24034.0,,38,35,3,1759.584351,2025-12-08 00:39:35
38,36,3,1420.4,2025-12-08 00:38:36,23034.0,,38,36,3,1770.692871,2025-12-08 00:39:36
38,37,3,1445.8,2025-12-08 00:38:37,22032.0,,38,37,3,1781.997803,2025-12-08 00:39:37
38,38,3,1446.7,2025-12-08 00:38:38,21031.0,,38,38,3,1793.492676,2025-12-08 00:39:38
38,39,3,1435.7,2025-12-08 00:38:39,20028.0,,38,39,3,1805.16687,2025-12-08 00:39:39
38,40,3,1447.6,2025-12-08 00:38:40,19026.0,,38,40,3,1817.007446,2025-12-08 00:39:40
38,41,3,1424.6,2025-12-08 00:38:41,18025.0,,38,41,3,1829.00354,2025-12-08 00:39:41
38,42,3,1440.7,2025-12-08 00:38:42,17024.0,,38,42,3,1841.138916,2025-12-08 00:39:42
38,43,3,1437.2,2025-12-08 00:38:43,16024.0,,38,43,3,1853.399048,2025-12-08 00:39:43
38,44,3,1439.1,2025-12-08 00:38:44,15023.0,,38,44,3,1865.766479,2025-12-08 00:39:44
38,45,3,1441.7,2025-12-08 00:38:45,14021.0,,38,45,3,1878.223267,2025-12-08 00:39:45
38,46,3,1442.9,2025-12-08 00:38:46,13021.0,,38,46,3,1890.74939,2025-12-08 00:39:46
38,47,3,1420.2,2025-12-08 00:38:47,12020.0,,38,47,3,1903.324463,2025-12-08 00:39:47
38,48,3,1437.0,2025-12-08 00:38:48,11019.0,,38,48,3,1915.925171,2025-12-08 00:39:48
38,49,3,1421.4,2025-12-08 00:38:49,10018.0,,38,49,3,1928.531006,2025-12-08 00:39:49
38,50,3,1445.4,2025-12-08 00:38:50,9017.0,,38,50,3,1941.117554,2025-12-08 00:39:50
38,51,3,1440.1,2025-12-08 00:38:51,8017.0,,38,51,3,1953.662598,2025-12-08 00:39:51
38,52,3,1429.9,2025-12-08 00:38:52,7015.0,,38,52,3,1966.141724,2025-12-08 00:39:52
38,53,3,1435.9,2025-12-08 00:38:53,6015.0,,38,53,3,1978.530518,2025-12-08 00:39:53
38,54,3,1439.7,2025-12-08 00:38:54,5012.0,,38,54,3,1990.806274,2025-12-08 00:39:54
38,55,3,1448.2,2025-12-08 00:38:55,4011.0,,38,55,3,2002.946045,2025-12-08 00:39:55
38,56,3,1481.6,2025-12-08 00:38:56,3010.0,,38,56,3,2014.927246,2025-12-08 00:39:56
38,57,3,1532.7,2025-12-08 00:38:57,2010.0,,38,57,3,2026.72937,2025-12-08 00:39:57
38,58,3,1512.3,2025-12-08 00:38:58,1009.0,,38,58,3,2038.33252,2025-12-08 00:39:58
38,59,3,1515.3,2025-12-08 00:38:59,8.0,,38,59,3,2049.716797,2025-12-08 00:39:59
39,0,3,1557.5,2025-12-08 00:39:00,59071.0,,39,0,3,1551.195312,2025-12-08 00:40:00
39,1,3,1559.9,2025-12-08 00:39:01,58070.0,,39,1,3,1550.684692,2025-12-08 00:40:01
39,2,3,1544.4,2025-12-08 00:39:02,57069.0,,39,2,3,1550.11084,2025-12-08 00:40:02
39,3,3,1540.8,2025-12-08 00:39:03,56068.0,,39,3,3,1549.682251,2025-12-08 00:40:03
39,4,3,1550.6,2025-12-08 00:39:04,55068.0,,39,4,3,1549.316528,2025-12-08 00:40:04
39,5,3,1558.6,2025-12-08 00:39:05,54067.0,,39,5,3,1548.942017,2025-12-08 00:40:05
39,6,3,1559.8,2025-12-08 00:39:06,53066.0,,39,6,3,1548.515625,2025-12-08 00:40:06
39,7,3,1550.6,2025-12-08 00:39:07,52065.0,,39,7,3,1548.014648,2025-12-08 00:40:07
39,8,3,1556.0,2025-12-08 00:39:08,51064.0,,39,8,3,1547.430786,2025-12-08 00:40:08
39,9,3,1545.4,2025-12-08 00:39:09,50063.0,,39,9,3,1546.761963,2025-12-08 00:40:09
39,10,3,1544.8,2025-12-08 00:39:10,49062.0,,39,10,3,1546.016479,2025-12-08 00:40:10
39,11,3,1545.5,2025-12-08 00:39:11,48061.0,,39,11,3,1545.201538,2025-12-08 00:40:11
39,12,3,1552.6,2025-12-08 00:39:12,47061.0,,39,12,3,1544.327271,2025-12-08 00:40:12
39,13,3,1510.5,2025-12-08 00:39:13,46060.0,,39,13,3,1543.402954,2025-12-08 00:40:13
39,14,3,1515.1,2025-12-08 00:39:14,45059.0,,39,14,3,1542.445557,2025-12-08 00:40:14
39,15,3,1507.2,2025-12-08 00:39:15,44059.0,,39,15,3,1541.456177,2025-12-08 00:40:15
39,16,3,1559.2,2025-12-08 00:39:16,43058.0,,39,16,3,1540.443115,2025-12-08 00:40:16
39,17,3,1549.0,2025-12-08 00:39:17,42056.0,,39,17,3,1539.402954,2025-12-08 00:40:17
39,18,3,1552.0,2025-12-08 00:39:18,41055.0,,39,18,3,1538.349609,2025-12-08 00:40:18
39,19,3,1545.7,2025-12-08 00:39:19,40055.0,,39,19,3,1537.284546,2025-12-08 00:40:19
39,20,3,1562.1,2025-12-08 00:39:20,39054.0,,39,20,3,1536.211792,2025-12-08 00:40:20
39,21,3,1556.8,2025-12-08 00:39:21,38053.0,,39,21,3,1535.129639,2025-12-08 00:40:21
39,22,3,1553.0,2025-12-08 00:39:22,37052.0,,39,22,3,1534.042603,2025-12-08 00:40:22
39,23,3,1543.1,2025-12-08 00:39:23,36051.0,,39,23,3,1532.951538,2025-12-08 00:40:23
39,24,3,1513.7,2025-12-08 00:39:24,35050.0,,39,24,3,1531.857666,2025-12-08 00:40:24
39,25,3,1531.8,2025-12-08 00:39:25,34049.0,,39,25,3,1530.764648,2025-12-08 00:40:25
39,26,3,1501.6,2025-12-08 00:39:26,33048.0,,39,26,3,1529.664795,2025-12-08 00:40:26
39,27,3,1525.7,2025-12-08 00:39:27,32047.0,,39,27,3,1528.565552,2025-12-08 00:40:27
39,28,3,1512.1,2025-12-08 00:39:28,31046.0,,39,28,3,1527.458618,2025-12-08 00:40:28
39,29,3,1539.2,2025-12-08 00:39:29,30046.0,,39,29,3,1526.349365,2025-12-08 00:40:29
39,30,3,1521.9,2025-12-08 00:39:30,29045.0,,39,30,3,1525.231567,2025-12-08 00:40:30
39,31,3,1523.8,2025-12-08 00:39:31,28044.0,,39,31,3,1524.112671,2025-12-08 00:40:31
39,32,3,1558.8,2025-12-08 00:39:32,27043.0,,39,32,3,1522.989258,2025-12-08 00:40:32
39,33,3,1548.1,2025-12-08 00:39:33,26042.0,,39,33,3,1521.856567,2025-12-08 00:40:33
39,34,3,1557.2,2025-12-08 00:39:34,25042.0,,39,34,3,1520.722168,2025-12-08 00:40:34
39,35,3,1534.1,2025-12-08 00:39:35,24040.0,,39,35,3,1519.58313,2025-12-08 00:40:35
39,36,3,1539.7,2025-12-08 00:39:36,23039.0,,39,36,3,1518.44519,2025-12-08 00:40:36
39,37,3,1563.9,2025-12-08 00:39:37,22039.0,,39,37,3,1517.303589,2025-12-08 00:40:37
39,38,3,1549.8,2025-12-08 00:39:38,21037.0,,39,38,3,1516.155762,2025-12-08 00:40:38
39,39,3,1537.6,2025-12-08 00:39:39,20036.0,,39,39,3,1515.007812,2025-12-08 00:40:39
39,40,3,1551.4,2025-12-08 00:39:40,19034.0,,39,40,3,1513.860107,2025-12-08 00:40:40
39,41,3,1562.8,2025-12-08 00:39:41,18032.0,,39,41,3,1512.708618,2025-12-08 00:40:41
39,42,3,1552.6,2025-12-08 00:39:42,17031.0,,39,42,3,1511.553711,2025-12-08 00:40:42
39,43,3,1569.6,2025-12-08 00:39:43,16030.0,,39,43,3,1510.399048,2025-12-08 00:40:43
39,44,3,1527.2,2025-12-08 00:39:44,15029.0,,39,44,3,1509.241089,2025-12-08 00:40:44
39,45,3,1561.7,2025-12-08 00:39:45,14026.0,,39,45,3,1508.088867,2025-12-08 00:40:45
39,46,3,1558.6,2025-12-08 00:39:46,13025.0,,39,46,3,1506.930664,2025-12-08 00:40:46
39,47,3,1548.5,2025-12-08 00:39:47,12024.0,,39,47,3,1505.772583,2025-12-08 00:40:47
39,48,3,1623.9,2025-12-08 00:39:48,11022.0,,39,48,3,1504.615601,2025-12-08 00:40:48
39,49,3,1583.9,2025-12-08 00:39:49,10022.0,,39,49,3,1503.44751,2025-12-08 00:40:49
39,50,3,1621.3,2025-12-08 00:39:50,9021.0,,39,50,3,1502.285889,2025-12-08 00:40:50
39,51,3,1604.4,2025-12-08 00:39:51,8019.0,,39,51,3,1501.119629,2025-12-08 00:40:51
39,52,3,1600.9,2025-12-08 00:39:52,7019.0,,39,52,3,1499.957153,2025-12-08 00:40:52
39,53,3,1598.4,2025-12-08 00:39:53,6017.0,,39,53,3,1498.796875,2025-12-08 00:40:53
39,54,3,1590.3,2025-12-08 00:39:54,5016.0,,39,54,3,1497.638672,2025-12-08 00:40:54
39,55,3,1582.7,2025-12-08 00:39:55,4015.0,,39,55,3,1496.483154,2025-12-08 00:40:55
39,56,3,1607.6,2025-12-08 00:39:56,3013.0,,39,56,3,1495.330566,2025-12-08 00:40:56
39,57,3,1548.4,2025-12-08 00:39:57,2012.0,,39,57,3,1494.176514,2025-12-08 00:40:57
39,58,3,1557.7,2025-12-08 00:39:58,1011.0,,39,58,3,1493.032471,2025-12-08 00:40:58
39,59,3,1532.8,2025-12-08 00:39:59,9.0,,39,59,3,1491.88916,2025-12-08 00:40:59
40,0,3,751.083322,2025-12-08 00:40:00,87714.0,,40,0,3,1110.061768,2025-12-08 00:41:00
40,1,3,752.783322,2025-12-08 00:40:01,86713.0,,40,1,3,1152.342651,2025-12-08 00:41:01
40,2,3,753.183322,2025-12-08 00:40:02,85711.0,,40,2,3,1180.039551,2025-12-08 00:41:02
40,3,3,753.283322,2025-12-08 00:40:03,84710.0,,40,3,3,1199.036743,2025-12-08 00:41:03
40,4,3,778.383322,2025-12-08 00:40:04,83709.0,,40,4,3,1211.417236,2025-12-08 00:41:04
40,5,3,767.383322,2025-12-08 00:40:05,82707.0,,40,5,3,1218.910034,2025-12-08 00:41:05
40,6,3,766.783322,2025-12-08 00:40:06,81706.0,,40,6,3,1223.03418,2025-12-08 00:41:06
40,7,3,768.283322,2025-12-08 00:40:07,80705.0,,40,7,3,1225.045288,2025-12-08 00:41:07
40,8,3,768.083322,2025-12-08 00:40:08,79704.0,,40,8,3,1225.917358,2025-12-08 00:41:08
40,9,3,767.783322,2025-12-08 00:40:09,78701.0,,40,9,3,1226.357544,2025-12-08 00:41:09
40,10,3,764.683322,2025-12-08 00:40:10,77700.0,,40,10,3,1226.841797,2025-12-08 00:41:10
40,11,3,720.883322,2025-12-08 00:40:11,76699.0,,40,11,3,1227.658447,2025-12-08 00:41:11
40,12,3,720.983322,2025-12-08 00:40:12,75698.0,,40,12,3,1228.954468,2025-12-08 00:41:12
40,13,3,625.183322,2025-12-08 00:40:13,74696.0,,40,13,3,1230.77417,2025-12-08 00:41:13
40,14,3,624.383322,2025-12-08 00:40:14,73693.0,,40,14,3,1233.098267,2025-12-08 00:41:14
40,15,3,625.583322,2025-12-08 00:40:15,72692.0,,40,15,3,1235.862671,2025-12-08 00:41:15
40,16,3,622.683322,2025-12-08 00:40:16,71690.0,,40,16,3,1238.985596,2025-12-08 00:41:16
40,17,3,621.083322,2025-12-08 00:40:17,70689.0,,40,17,3,1242.380737,2025-12-08 00:41:17
40,18,3,623.383322,2025-12-08 00:40:18,69687.0,,40,18,3,1245.964111,2025-12-08 00:41:18
40,19,3,626.283322,2025-12-08 00:40:19,68683.0,,40,19,3,1249.661133,2025-12-08 00:41:19
40,20,3,661.783322,2025-12-08 00:40:20,67682.0,,40,20,3,1253.408447,2025-12-08 00:41:20
40,21,3,712.383322,2025-12-08 00:40:21,66681.0,,40,21,3,1257.153442,2025-12-08 00:41:21
40,22,3,722.983322,2025-12-08 00:40:22,65680.0,,40,22,3,1260.856079,2025-12-08 00:41:22
40,23,3,722.283322,2025-12-08 00:40:23,64679.0,,40,23,3,1264.48877,2025-12-08 00:41:23
40,24,3,722.383322,2025-12-08 00:40:24,63678.0,,40,24,3,1268.031738,2025-12-08 00:41:24
40,25,3,724.183322,2025-12-08 00:40:25,62676.0,,40,25,3,1271.471924,2025-12-08 00:41:25
40,26,3,723.983322,2025-12-08 00:40:26,61675.0,,40,26,3,1274.802002,2025-12-08 00:41:26
40,27,3,727.983322,2025-12-08 00:40:27,60675.0,,40,27,3,1278.018433,2025-12-08 00:41:27
40,28,3,732.283322,2025-12-08 00:40:28,59674.0,,40,28,3,1281.120972,2025-12-08 00:41:28
40,29,3,731.483322,2025-12-08 00:40:29,58673.0,,40,29,3,1284.11145,2025-12-08 00:41:29
40,30,3,738.983322,2025-12-08 00:40:30,57672.0,,40,30,3,1286.99353,2025-12-08 00:41:30
40,31,3,735.283322,2025-12-08 00:40:31,56670.0,,40,31,3,1289.770386,2025-12-08 00:41:31
40,32,3,732.283322,2025-12-08 00:40:32,55668.0,,40,32,3,1292.447144,2025-12-08 00:41:32
40,33,3,739.083322,2025-12-08 00:40:33,54668.0,,40,33,3,1295.028198,2025-12-08 00:41:33
40,34,3,740.483322,2025-12-08 00:40:34,53666.0,,40,34,3,1297.51709,2025-12-08 00:41:34
40,35,3,738.283322,2025-12-08 00:40:35,52665.0,,40,35,3,1299.918579,2025-12-08 00:41:35
40,36,3,743.383322,2025-12-08 00:40:36,51665.0,,40,36,3,1302.236572,2025-12-08 00:41:36
40,37,3,742.683322,2025-12-08 00:40:37,50664.0,,40,37,3,1304.474243,2025-12-08 00:41:37
40,38,3,742.783322,2025-12-08 00:40:38,49662.0,,40,38,3,1306.635254,2025-12-08 00:41:38
40,39,3,748.083322,2025-12-08 00:40:39,48657.0,,40,39,3,1308.722778,2025-12-08 00:41:39
40,40,3,747.283322,2025-12-08 00:40:40,47656.0,,40,40,3,1310.739258,2025-12-08 00:41:40
40,41,3,746.683322,2025-12-08 00:40:41,46652.0,,40,41,3,1312.687744,2025-12-08 00:41:41
40,42,3,749.083322,2025-12-08 00:40:42,45651.0,,40,42,3,1314.570923,2025-12-08 00:41:42
40,43,3,747.183322,2025-12-08 00:40:43,44650.0,,40,43,3,1316.390747,2025-12-08 00:41:43
40,44,3,746.783322,2025-12-08 00:40:44,43648.0,,40,44,3,1318.150024,2025-12-08 00:41:44
40,45,3,756.483322,2025-12-08 00:40:45,42647.0,,40,45,3,1319.850708,2025-12-08 00:41:45
40,46,3,748.683322,2025-12-08 00:40:46,41636.0,,40,46,3,1321.494385,2025-12-08 00:41:46
40,47,3,749.283322,2025-12-08 00:40:47,40636.0,,40,47,3,1323.083862,2025-12-08 00:41:47
40,48,3,749.883322,2025-12-08 00:40:48,39634.0,,40,48,3,1324.620728,2025-12-08 00:41:48
40,49,3,747.683322,2025-12-08 00:40:49,38633.0,,40,49,3,1326.106812,2025-12-08 00:41:49
40,50,3,749.383322,2025-12-08 00:40:50,37632.0,,40,50,3,1327.543945,2025-12-08 00:41:50
40,51,3,748.183322,2025-12-08 00:40:51,36618.0,,40,51,3,1328.93396,2025-12-08 00:41:51
40,52,3,748.883322,2025-12-08 00:40:52,35612.0,,40,52,3,1330.278442,2025-12-08 00:41:52
40,53,3,749.283322,2025-12-08 00:40:53,34611.0,,40,53,3,1331.579224,2025-12-08 00:41:53
40,54,3,750.283322,2025-12-08 00:40:54,33349.0,,40,54,3,1332.837646,2025-12-08 00:41:54
40,55,3,749.983322,2025-12-08 00:40:55,32344.0,,40,55,3,1334.055664,2025-12-08 00:41:55
40,56,3,748.383322,2025-12-08 00:40:56,31343.0,,40,56,3,1335.234741,2025-12-08 00:41:56
40,57,3,766.583322,2025-12-08 00:40:57,30325.0,,40,57,3,1336.376465,2025-12-08 00:41:57
40,58,3,756.383322,2025-12-08 00:40:58,29324.0,,40,58,3,1337.482178,2025-12-08 00:41:58
40,59,3,755.283322,2025-12-08 00:40:59,28209.0,,40,59,3,1338.553833,2025-12-08 00:41:59
41,0,3,774.783322,2025-12-08 00:41:00,59309.0,,41,0,3,1108.724854,2025-12-08 00:42:00
41,1,3,763.283322,2025-12-08 00:41:01,58300.0,,41,1,3,1151.413452,2025-12-08 00:42:01
41,2,3,755.083322,2025-12-08 00:41:02,57223.0,,41,2,3,1179.437744,2025-12-08 00:42:02
41,3,3,753.483322,2025-12-08 00:41:03,56217.0,,41,3,3,1198.697021,2025-12-08 00:42:03
41,4,3,749.683322,2025-12-08 00:41:04,55216.0,,41,4,3,1211.276855,2025-12-08 00:42:04
41,5,3,765.783322,2025-12-08 00:41:05,54213.0,,41,5,3,1218.912964,2025-12-08 00:42:05
41,6,3,753.083322,2025-12-08 00:41:06,53122.0,,41,6,3,1223.133667,2025-12-08 00:42:06
41,7,3,751.683322,2025-12-08 00:41:07,52120.0,,41,7,3,1225.204102,2025-12-08 00:42:07
41,8,3,751.483322,2025-12-08 00:41:08,51119.0,,41,8,3,1226.107544,2025-12-08 00:42:08
41,9,3,751.583322,2025-12-08 00:41:09,50118.0,,41,9,3,1226.559326,2025-12-08 00:42:09
41,10,3,749.783322,2025-12-08 00:41:10,49117.0,,41,10,3,1227.041748,2025-12-08 00:42:10
41,11,3,753.583322,2025-12-08 00:41:11,48111.0,,41,11,3,1227.848389,2025-12-08 00:42:11
41,12,3,751.783322,2025-12-08 00:41:12,47110.0,,41,12,3,1229.12915,2025-12-08 00:42:12
41,13,3,751.583322,2025-12-08 00:41:13,46105.0,,41,13,3,1230.931396,2025-12-08 00:42:13
41,14,3,752.483322,2025-12-08 00:41:14,45099.0,,41,14,3,1233.234985,2025-12-08 00:42:14
41,15,3,761.383322,2025-12-08 00:41:15,44096.0,,41,15,3,1235.97937,2025-12-08 00:42:15
41,16,3,752.283322,2025-12-08 00:41:16,43094.0,,41,16,3,1239.08374,2025-12-08 00:42:16
41,17,3,752.283322,2025-12-08 00:41:17,42086.0,,41,17,3,1242.46167,2025-12-08 00:42:17
41,18,3,752.683322,2025-12-08 00:41:18,41085.0,,41,18,3,1246.029663,2025-12-08 00:42:18
41,19,3,757.583322,2025-12-08 00:41:19,40084.0,,41,19,3,1249.713013,2025-12-08 00:42:19
41,20,3,756.483322,2025-12-08 00:41:20,39083.0,,41,20,3,1253.44812,2025-12-08 00:42:20
41,21,3,750.983322,2025-12-08 00:41:21,38080.0,,41,21,3,1257.18396,2025-12-08 00:42:21
41,22,3,749.783322,2025-12-08 00:41:22,37079.0,,41,22,3,1260.880859,2025-12-08 00:42:22
41,23,3,760.983322,2025-12-08 00:41:23,36078.0,,41,23,3,1264.509399,2025-12-08 00:42:23
41,24,3,752.383322,2025-12-08 00:41:24,35075.0,,41,24,3,1268.048584,2025-12-08 00:42:24
41,25,3,749.683322,2025-12-08 00:41:25,34053.0,,41,25,3,1271.486084,2025-12-08 00:42:25
41,26,3,753.383322,2025-12-08 00:41:26,33047.0,,41,26,3,1274.813599,2025-12-08 00:42:26
41,27,3,753.383322,2025-12-08 00:41:27,32044.0,,41,27,3,1278.027954,2025-12-08 00:42:27
41,28,3,752.983322,2025-12-08 00:41:28,31043.0,,41,28,3,1281.128784,2025-12-08 00:42:28
41,29,3,752.783322,2025-12-08 00:41:29,30041.0,,41,29,3,1284.11792,2025-12-08 00:42:29
41,30,3,750.083322,2025-12-08 00:41:30,29040.0,,41,30,3,1286.998413,2025-12-08 00:42:30
41,31,3,750.183322,2025-12-08 00:41:31,28039.0,,41,31,3,1289.774292,2025-12-08 00:42:31
41,32,3,750.983322,2025-12-08 00:41:32,27038.0,,41,32,3,1292.450195,2025-12-08 00:42:32
41,33,3,752.283322,2025-12-08 00:41:33,26036.0,,41,33,3,1295.030029,2025-12-08 00:42:33
41,34,3,752.483322,2025-12-08 00:41:34,25035.0,,41,34,3,1297.518066,2025-12-08 00:42:34
41,35,3,751.083322,2025-12-08 00:41:35,24034.0,,41,35,3,1299.918945,2025-12-08 00:42:35
41,36,3,749.583322,2025-12-08 00:41:36,23033.0,,41,36,3,1302.236084,2025-12-08 00:42:36
41,37,3,751.583322,2025-12-08 00:41:37,22030.0,,41,37,3,1304.473511,2025-12-08 00:42:37
41,38,3,750.383322,2025-12-08 00:41:38,21029.0,,41,38,3,1306.634155,2025-12-08 00:42:38
41,39,3,748.383322,2025-12-08 00:41:39,20029.0,,41,39,3,1308.721436,2025-12-08 00:42:39
41,40,3,745.383322,2025-12-08 00:41:40,19027.0,,41,40,3,1310.737915,2025-12-08 00:42:40
41,41,3,750.183322,2025-12-08 00:41:41,18025.0,,41,41,3,1312.686768,2025-12-08 00:42:41
41,42,3,750.583322,2025-12-08 00:41:42,17024.0,,41,42,3,1314.569946,2025-12-08 00:42:42
41,43,3,767.583322,2025-12-08 00:41:43,16024.0,,41,43,3,1316.389893,2025-12-08 00:42:43
41,44,3,751.183322,2025-12-08 00:41:44,15023.0,,41,44,3,1318.148315,2025-12-08 00:42:44
41,45,3,747.483322,2025-12-08 00:41:45,14022.0,,41,45,3,1319.848999,2025-12-08 00:42:45
41,46,3,746.883322,2025-12-08 00:41:46,13020.0,,41,46,3,1321.493286,2025-12-08 00:42:46
41,47,3,749.983322,2025-12-08 00:41:47,12019.0,,41,47,3,1323.08313,2025-12-08 00:42:47
41,48,3,754.683322,2025-12-08 00:41:48,11018.0,,41,48,3,1324.620117,2025-12-08 00:42:48
41,49,3,752.583322,2025-12-08 00:41:49,10017.0,,41,49,3,1326.106079,2025-12-08 00:42:49
41,50,3,748.683322,2025-12-08 00:41:50,9016.0,,41,50,3,1327.543335,2025-12-08 00:42:50
41,51,3,749.183322,2025-12-08 00:41:51,8016.0,,41,51,3,1328.933472,2025-12-08 00:42:51
41,52,3,749.383322,2025-12-08 00:41:52,7014.0,,41,52,3,1330.278198,2025-12-08 00:42:52
41,53,3,749.283322,2025-12-08 00:41:53,6013.0,,41,53,3,1331.579102,2025-12-08 00:42:53
41,54,3,751.783322,2025-12-08 00:41:54,5012.0,,41,54,3,1332.837769,2025-12-08 00:42:54
41,55,3,760.483322,2025-12-08 00:41:55,4012.0,,41,55,3,1334.055786,2025-12-08 00:42:55
41,56,3,749.183322,2025-12-08 00:41:56,3011.0,,41,56,3,1335.234863,2025-12-08 00:42:56
41,57,3,747.983322,2025-12-08 00:41:57,2010.0,,41,57,3,1336.376709,2025-12-08 00:42:57
41,58,3,751.483322,2025-12-08 00:41:58,1009.0,,41,58,3,1337.482788,2025-12-08 00:42:58
41,59,3,752.183322,2025-12-08 00:41:59,8.0,,41,59,3,1338.554565,2025-12-08 00:42:59
42,0,3,753.083322,2025-12-08 00:42:00,59169.0,,42,0,3,1107.704224,2025-12-08 00:43:00
42,1,3,761.983322,2025-12-08 00:42:01,58168.0,,42,1,3,1150.804321,2025-12-08 00:43:01
42,2,3,753.283322,2025-12-08 00:42:02,57166.0,,42,2,3,1179.086182,2025-12-08 00:43:02
42,3,3,754.083322,2025-12-08 00:42:03,56166.0,,42,3,3,1198.519409,2025-12-08 00:43:03
42,4,3,754.383322,2025-12-08 00:42:04,55165.0,,42,4,3,1211.206909,2025-12-08 00:43:04
42,5,3,751.383322,2025-12-08 00:42:05,54164.0,,42,5,3,1218.899414,2025-12-08 00:43:05
42,6,3,752.783322,2025-12-08 00:42:06,53162.0,,42,6,3,1223.138428,2025-12-08 00:43:06
42,7,3,747.783322,2025-12-08 00:42:07,52161.0,,42,7,3,1225.201294,2025-12-08 00:43:07
42,8,3,747.183322,2025-12-08 00:42:08,51160.0,,42,8,3,1226.081543,2025-12-08 00:43:08
42,9,3,751.083322,2025-12-08 00:42:09,50159.0,,42,9,3,1226.502197,2025-12-08 00:43:09
42,10,3,748.983322,2025-12-08 00:42:10,49156.0,,42,10,3,1226.95105,2025-12-08 00:43:10
42,11,3,768.083322,2025-12-08 00:42:11,48155.0,,42,11,3,1227.725586,2025-12-08 00:43:11
42,12,3,754.983322,2025-12-08 00:42:12,47154.0,,42,12,3,1228.977783,2025-12-08 00:43:12
42,13,3,755.683322,2025-12-08 00:42:13,46153.0,,42,13,3,1230.756714,2025-12-08 00:43:13
42,14,3,756.683322,2025-12-08 00:42:14,45151.0,,42,14,3,1233.042236,2025-12-08 00:43:14
42,15,3,757.283322,2025-12-08 00:42:15,44149.0,,42,15,3,1235.773682,2025-12-08 00:43:15
42,16,3,759.783322,2025-12-08 00:42:16,43148.0,,42,16,3,1238.869751,2025-12-08 00:43:16
42,17,3,754.983322,2025-12-08 00:42:17,42147.0,,42,17,3,1242.243164,2025-12-08 00:43:17
42,18,3,756.783322,2025-12-08 00:42:18,41146.0,,42,18,3,1245.809692,2025-12-08 00:43:18
42,19,3,761.983322,2025-12-08 00:42:19,40145.0,,42,19,3,1249.494019,2025-12-08 00:43:19
42,20,3,758.483322,2025-12-08 00:42:20,39144.0,,42,20,3,1253.232178,2025-12-08 00:43:20
42,21,3,762.183322,2025-12-08 00:42:21,38142.0,,42,21,3,1256.972412,2025-12-08 00:43:21
42,22,3,756.983322,2025-12-08 00:42:22,37141.0,,42,22,3,1260.674194,2025-12-08 00:43:22
42,23,3,755.683322,2025-12-08 00:42:23,36140.0,,42,23,3,1264.308594,2025-12-08 00:43:23
42,24,3,757.783322,2025-12-08 00:42:24,35138.0,,42,24,3,1267.854248,2025-12-08 00:43:24
42,25,3,769.383322,2025-12-08 00:42:25,34137.0,,42,25,3,1271.297852,2025-12-08 00:43:25
42,26,3,753.683322,2025-12-08 00:42:26,33136.0,,42,26,3,1274.630981,2025-12-08 00:43:26
42,27,3,749.783322,2025-12-08 00:42:27,32135.0,,42,27,3,1277.851807,2025-12-08 00:43:27
42,28,3,752.583322,2025-12-08 00:42:28,31134.0,,42,28,3,1280.958862,2025-12-08 00:43:28
42,29,3,748.183322,2025-12-08 00:42:29,30132.0,,42,29,3,1283.954224,2025-12-08 00:43:29
42,30,3,750.383322,2025-12-08 00:42:30,29131.0,,42,30,3,1286.840942,2025-12-08 00:43:30
42,31,3,748.683322,2025-12-08 00:42:31,28128.0,,42,31,3,1289.622681,2025-12-08 00:43:31
42,32,3,748.183322,2025-12-08 00:42:32,27127.0,,42,32,3,1292.303833,2025-12-08 00:43:32
42,33,3,746.683322,2025-12-08 00:42:33,26126.0,,42,33,3,1294.88916,2025-12-08 00:43:33
42,34,3,752.983322,2025-12-08 00:42:34,25121.0,,42,34,3,1297.38269,2025-12-08 00:43:34
42,35,3,748.283322,2025-12-08 00:42:35,24119.0,,42,35,3,1299.788208,2025-12-08 00:43:35
42,36,3,749.283322,2025-12-08 00:42:36,23089.0,,42,36,3,1302.110352,2025-12-08 00:43:36
42,37,3,752.783322,2025-12-08 00:42:37,22041.0,,42,37,3,1304.352051,2025-12-08 00:43:37
42,38,3,747.083322,2025-12-08 00:42:38,21037.0,,42,38,3,1306.516968,2025-12-08 00:43:38
42,39,3,746.383322,2025-12-08 00:42:39,20034.0,,42,39,3,1308.608276,2025-12-08 00:43:39
42,40,3,749.883322,2025-12-08 00:42:40,19034.0,,42,40,3,1310.629028,2025-12-08 00:43:40
42,41,3,747.583322,2025-12-08 00:42:41,18033.0,,42,41,3,1312.581421,2025-12-08 00:43:41
42,42,3,749.783322,2025-12-08 00:42:42,17032.0,,42,42,3,1314.468262,2025-12-08 00:43:42
42,43,3,749.383322,2025-12-08 00:42:43,16030.0,,42,43,3,1316.291992,2025-12-08 00:43:43
42,44,3,747.583322,2025-12-08 00:42:44,15029.0,,42,44,3,1318.054688,2025-12-08 00:43:44
42,45,3,747.183322,2025-12-08 00:42:45,14027.0,,42,45,3,1319.758667,2025-12-08 00:43:45
42,46,3,749.183322,2025-12-08 00:42:46,13026.0,,42,46,3,1321.406006,2025-12-08 00:43:46
42,47,3,753.383322,2025-12-08 00:42:47,12025.0,,42,47,3,1322.998535,2025-12-08 00:43:47
42,48,3,750.183322,2025-12-08 00:42:48,11024.0,,42,48,3,1324.538208,2025-12-08 00:43:48
42,49,3,748.283322,2025-12-08 00:42:49,10022.0,,42,49,3,1326.026978,2025-12-08 00:43:49
42,50,3,757.483322,2025-12-08 00:42:50,9019.0,,42,50,3,1327.466919,2025-12-08 00:43:50
42,51,3,747.383322,2025-12-08 00:42:51,8018.0,,42,51,3,1328.859253,2025-12-08 00:43:51
42,52,3,748.883322,2025-12-08 00:42:52,7017.0,,42,52,3,1330.206421,2025-12-08 00:43:52
42,53,3,748.183322,2025-12-08 00:42:53,6016.0,,42,53,3,1331.509521,2025-12-08 00:43:53
42,54,3,750.483322,2025-12-08 00:42:54,5015.0,,42,54,3,1332.770508,2025-12-08 00:43:54
42,55,3,747.283322,2025-12-08 00:42:55,4014.0,,42,55,3,1333.990845,2025-12-08 00:43:55
42,56,3,745.783322,2025-12-08 00:42:56,3013.0,,42,56,3,1335.171997,2025-12-08 00:43:56
42,57,3,745.983322,2025-12-08 00:42:57,2011.0,,42,57,3,1336.315918,2025-12-08 00:43:57
42,58,3,748.683322,2025-12-08 00:42:58,1010.0,,42,58,3,1337.42395,2025-12-08 00:43:58
42,59,3,746.183322,2025-12-08 00:42:59,9.0,,42,59,3,1338.497437,2025-12-08 00:43:59
43,0,3,748.383322,2025-12-08 00:43:00,59158.0,,43,0,3,1107.661377,2025-12-08 00:44:00
43,1,3,750.783322,2025-12-08 00:43:01,58156.0,,43,1,3,1150.76062,2025-12-08 00:44:01
43,2,3,754.983322,2025-12-08 00:43:02,57155.0,,43,2,3,1179.031982,2025-12-08 00:44:02
43,3,3,760.083322,2025-12-08 00:43:03,56152.0,,43,3,3,1198.461914,2025-12-08 00:44:03
43,4,3,754.483322,2025-12-08 00:43:04,55151.0,,43,4,3,1211.151489,2025-12-08 00:44:04
43,5,3,759.583322,2025-12-08 00:43:05,54150.0,,43,5,3,1218.849121,2025-12-08 00:44:05
43,6,3,751.083322,2025-12-08 00:43:06,53149.0,,43,6,3,1223.094482,2025-12-08 00:44:06
43,7,3,755.783322,2025-12-08 00:43:07,52148.0,,43,7,3,1225.164062,2025-12-08 00:44:07
43,8,3,762.583322,2025-12-08 00:43:08,51146.0,,43,8,3,1226.050537,2025-12-08 00:44:08
43,9,3,746.883322,2025-12-08 00:43:09,50145.0,,43,9,3,1226.476318,2025-12-08 00:44:09
43,10,3,748.683322,2025-12-08 00:43:10,49144.0,,43,10,3,1226.929565,2025-12-08 00:44:10
43,11,3,748.283322,2025-12-08 00:43:11,48142.0,,43,11,3,1227.707886,2025-12-08 00:44:11
43,12,3,749.483322,2025-12-08 00:43:12,47141.0,,43,12,3,1228.962891,2025-12-08 00:44:12
43,13,3,750.383322,2025-12-08 00:43:13,46140.0,,43,13,3,1230.744019,2025-12-08 00:44:13
43,14,3,748.083322,2025-12-08 00:43:14,45139.0,,43,14,3,1233.031128,2025-12-08 00:44:14
43,15,3,748.683322,2025-12-08 00:43:15,44137.0,,43,15,3,1235.763794,2025-12-08 00:44:15
43,16,3,746.683322,2025-12-08 00:43:16,43136.0,,43,16,3,1238.860718,2025-12-08 00:44:16
43,17,3,746.983322,2025-12-08 00:43:17,42134.0,,43,17,3,1242.234985,2025-12-08 00:44:17
43,18,3,750.083322,2025-12-08 00:43:18,41132.0,,43,18,3,1245.802246,2025-12-08 00:44:18
43,19,3,752.483322,2025-12-08 00:43:19,40130.0,,43,19,3,1249.487305,2025-12-08 00:44:19
43,20,3,747.283322,2025-12-08 00:43:20,39129.0,,43,20,3,1253.226074,2025-12-08 00:44:20
43,21,3,756.483322,2025-12-08 00:43:21,38128.0,,43,21,3,1256.967041,2025-12-08 00:44:21
43,22,3,745.383322,2025-12-08 00:43:22,37127.0,,43,22,3,1260.669312,2025-12-08 00:44:22
43,23,3,748.483322,2025-12-08 00:43:23,36126.0,,43,23,3,1264.304321,2025-12-08 00:44:23
43,24,3,746.483322,2025-12-08 00:43:24,35125.0,,43,24,3,1267.850708,2025-12-08 00:44:24
43,25,3,752.583322,2025-12-08 00:43:25,34123.0,,43,25,3,1271.295044,2025-12-08 00:44:25
43,26,3,743.283322,2025-12-08 00:43:26,33121.0,,43,26,3,1274.629272,2025-12-08 00:44:26
43,27,3,744.583322,2025-12-08 00:43:27,32119.0,,43,27,3,1277.850708,2025-12-08 00:44:27
43,28,3,749.783322,2025-12-08 00:43:28,31118.0,,43,28,3,1280.95813,2025-12-08 00:44:28
43,29,3,744.483322,2025-12-08 00:43:29,30115.0,,43,29,3,1283.953613,2025-12-08 00:44:29
43,30,3,746.583322,2025-12-08 00:43:30,29113.0,,43,30,3,1286.840454,2025-12-08 00:44:30
43,31,3,760.683322,2025-12-08 00:43:31,28110.0,,43,31,3,1289.622314,2025-12-08 00:44:31
43,32,3,744.883322,2025-12-08 00:43:32,27106.0,,43,32,3,1292.302856,2025-12-08 00:44:32
43,33,3,750.183322,2025-12-08 00:43:33,26103.0,,43,33,3,1294.888184,2025-12-08 00:44:33
43,34,3,749.183322,2025-12-08 00:43:34,25102.0,,43,34,3,1297.381348,2025-12-08 00:44:34
43,35,3,747.483322,2025-12-08 00:43:35,24100.0,,43,35,3,1299.787109,2025-12-08 00:44:35
43,36,3,755.583322,2025-12-08 00:43:36,23096.0,,43,36,3,1302.109131,2025-12-08 00:44:36
43,37,3,748.183322,2025-12-08 00:43:37,22094.0,,43,37,3,1304.350464,2025-12-08 00:44:37
43,38,3,748.683322,2025-12-08 00:43:38,21093.0,,43,38,3,1306.515625,2025-12-08 00:44:38
43,39,3,751.683322,2025-12-08 00:43:39,20090.0,,43,39,3,1308.607056,2025-12-08 00:44:39
43,40,3,749.083322,2025-12-08 00:43:40,19087.0,,43,40,3,1310.627441,2025-12-08 00:44:40
43,41,3,746.283322,2025-12-08 00:43:41,18083.0,,43,41,3,1312.579834,2025-12-08 00:44:41
43,42,3,746.983322,2025-12-08 00:43:42,17081.0,,43,42,3,1314.466919,2025-12-08 00:44:42
43,43,3,747.183322,2025-12-08 00:43:43,16080.0,,43,43,3,1316.290771,2025-12-08 00:44:43
43,44,3,752.283322,2025-12-08 00:43:44,15079.0,,43,44,3,1318.053711,2025-12-08 00:44:44
43,45,3,750.283322,2025-12-08 00:43:45,14077.0,,43,45,3,1319.757324,2025-12-08 00:44:45
43,46,3,748.483322,2025-12-08 00:43:46,13076.0,,43,46,3,1321.404663,2025-12-08 00:44:46
43,47,3,748.383322,2025-12-08 00:43:47,12075.0,,43,47,3,1322.997314,2025-12-08 00:44:47
43,48,3,750.283322,2025-12-08 00:43:48,11074.0,,43,48,3,1324.537109,2025-12-08 00:44:48
43,49,3,752.483322,2025-12-08 00:43:49,10072.0,,43,49,3,1326.026245,2025-12-08 00:44:49
43,50,3,748.183322,2025-12-08 00:43:50,9068.0,,43,50,3,1327.465942,2025-12-08 00:44:50
43,51,3,748.383322,2025-12-08 00:43:51,8067.0,,43,51,3,1328.858643,2025-12-08 00:44:51
43,52,3,750.183322,2025-12-08 00:43:52,7066.0,,43,52,3,1330.205811,2025-12-08 00:44:52
43,53,3,745.583322,2025-12-08 00:43:53,6065.0,,43,53,3,1331.508911,2025-12-08 00:44:53
43,54,3,747.583322,2025-12-08 00:43:54,5064.0,,43,54,3,1332.769897,2025-12-08 00:44:54
43,55,3,744.183322,2025-12-08 00:43:55,4062.0,,43,55,3,1333.990234,2025-12-08 00:44:55
43,56,3,759.383322,2025-12-08 00:43:56,3060.0,,43,56,3,1335.171631,2025-12-08 00:44:56
43,57,3,749.183322,2025-12-08 00:43:57,2058.0,,43,57,3,1336.315063,2025-12-08 00:44:57
43,58,3,744.883322,2025-12-08 00:43:58,1058.0,,43,58,3,1337.423096,2025-12-08 00:44:58
43,59,3,744.883322,2025-12-08 00:43:59,57.0,,43,59,3,1338.496704,2025-12-08 00:44:59
44,0,3,752.083322,2025-12-08 00:44:00,59935.0,,44,0,3,1129.881104,2025-12-08 00:45:00
44,1,3,746.383322,2025-12-08 00:44:01,58934.0,,44,1,3,1164.03186,2025-12-08 00:45:01
44,2,3,754.483322,2025-12-08 00:44:02,57933.0,,44,2,3,1186.898315,2025-12-08 00:45:02
44,3,3,758.583322,2025-12-08 00:44:03,56932.0,,44,3,3,1203.029663,2025-12-08 00:45:03
44,4,3,751.283322,2025-12-08 00:44:04,55930.0,,44,4,3,1214.01001,2025-12-08 00:45:04
44,5,3,753.583322,2025-12-08 00:44:05,54870.0,,44,5,3,1221.169067,2025-12-08 00:45:05
44,6,3,754.983322,2025-12-08 00:44:06,53868.0,,44,6,3,1225.676147,2025-12-08 00:45:06
44,7,3,747.083322,2025-12-08 00:44:07,52867.0,,44,7,3,1228.496826,2025-12-08 00:45:07
44,8,3,751.483322,2025-12-08 00:44:08,51611.0,,44,8,3,1230.379761,2025-12-08 00:45:08
44,9,3,747.683322,2025-12-08 00:44:09,50609.0,,44,9,3,1231.868652,2025-12-08 00:45:09
44,10,3,748.583322,2025-12-08 00:44:10,49604.0,,44,10,3,1233.330444,2025-12-08 00:45:10
44,11,3,745.283322,2025-12-08 00:44:11,48603.0,,44,11,3,1234.989014,2025-12-08 00:45:11
44,12,3,745.783322,2025-12-08 00:44:12,47602.0,,44,12,3,1236.960083,2025-12-08 00:45:12
44,13,3,745.883322,2025-12-08 00:44:13,46565.0,,44,13,3,1239.281616,2025-12-08 00:45:13
44,14,3,864.883322,2025-12-08 00:44:14,45471.0,,44,14,3,1241.940552,2025-12-08 00:45:14
44,15,3,851.783322,2025-12-08 00:44:15,44337.0,,44,15,3,1244.890625,2025-12-08 00:45:15
44,16,3,848.583322,2025-12-08 00:44:16,43335.0,,44,16,3,1248.075806,2025-12-08 00:45:16
44,17,3,848.483322,2025-12-08 00:44:17,42332.0,,44,17,3,1251.432007,2025-12-08 00:45:17
44,18,3,848.883322,2025-12-08 00:44:18,41160.0,,44,18,3,1254.89856,2025-12-08 00:45:18
44,19,3,849.583322,2025-12-08 00:44:19,40158.0,,44,19,3,1258.419922,2025-12-08 00:45:19
44,20,3,847.583322,2025-12-08 00:44:20,39133.0,,44,20,3,1261.950195,2025-12-08 00:45:20
44,21,3,849.683322,2025-12-08 00:44:21,38132.0,,44,21,3,1265.451904,2025-12-08 00:45:21
44,22,3,843.783322,2025-12-08 00:44:22,37131.0,,44,22,3,1268.896362,2025-12-08 00:45:22
44,23,3,842.183322,2025-12-08 00:44:23,36122.0,,44,23,3,1272.263184,2025-12-08 00:45:23
44,24,3,837.383322,2025-12-08 00:44:24,35117.0,,44,24,3,1275.538086,2025-12-08 00:45:24
44,25,3,836.183322,2025-12-08 00:44:25,34116.0,,44,25,3,1278.712158,2025-12-08 00:45:25
44,26,3,837.283322,2025-12-08 00:44:26,33111.0,,44,26,3,1281.781006,2025-12-08 00:45:26
44,27,3,838.583322,2025-12-08 00:44:27,32110.0,,44,27,3,1284.74292,2025-12-08 00:45:27
44,28,3,836.283322,2025-12-08 00:44:28,31104.0,,44,28,3,1287.598999,2025-12-08 00:45:28
44,29,3,835.483322,2025-12-08 00:44:29,30098.0,,44,29,3,1290.351807,2025-12-08 00:45:29
44,30,3,837.283322,2025-12-08 00:44:30,29097.0,,44,30,3,1293.004639,2025-12-08 00:45:30
44,31,3,835.383322,2025-12-08 00:44:31,28095.0,,44,31,3,1295.561157,2025-12-08 00:45:31
44,32,3,837.783322,2025-12-08 00:44:32,27091.0,,44,32,3,1298.025879,2025-12-08 00:45:32
44,33,3,838.683322,2025-12-08 00:44:33,26089.0,,44,33,3,1300.402832,2025-12-08 00:45:33
44,34,3,837.183322,2025-12-08 00:44:34,25087.0,,44,34,3,1302.695801,2025-12-08 00:45:34
44,35,3,837.483322,2025-12-08 00:44:35,24084.0,,44,35,3,1304.909058,2025-12-08 00:45:35
44,36,3,837.883322,2025-12-08 00:44:36,23078.0,,44,36,3,1307.045776,2025-12-08 00:45:36
44,37,3,835.383322,2025-12-08 00:44:37,22076.0,,44,37,3,1309.109497,2025-12-08 00:45:37
44,38,3,840.083322,2025-12-08 00:44:38,21075.0,,44,38,3,1311.103271,2025-12-08 00:45:38
44,39,3,844.183322,2025-12-08 00:44:39,20073.0,,44,39,3,1313.030029,2025-12-08 00:45:39
44,40,3,839.083322,2025-12-08 00:44:40,19071.0,,44,40,3,1314.89209,2025-12-08 00:45:40
44,41,3,838.383322,2025-12-08 00:44:41,18067.0,,44,41,3,1316.692383,2025-12-08 00:45:41
44,42,3,855.083322,2025-12-08 00:44:42,17065.0,,44,42,3,1318.433228,2025-12-08 00:45:42
44,43,3,875.983322,2025-12-08 00:44:43,16063.0,,44,43,3,1320.116211,2025-12-08 00:45:43
44,44,3,852.383322,2025-12-08 00:44:44,15056.0,,44,44,3,1321.743042,2025-12-08 00:45:44
44,45,3,848.483322,2025-12-08 00:44:45,14054.0,,44,45,3,1323.317749,2025-12-08 00:45:45
44,46,3,848.583322,2025-12-08 00:44:46,13053.0,,44,46,3,1324.841553,2025-12-08 00:45:46
44,47,3,849.183322,2025-12-08 00:44:47,12051.0,,44,47,3,1326.31604,2025-12-08 00:45:47
44,48,3,849.383322,2025-12-08 00:44:48,11050.0,,44,48,3,1327.74292,2025-12-08 00:45:48
44,49,3,847.983322,2025-12-08 00:44:49,10049.0,,44,49,3,1329.123779,2025-12-08 00:45:49
44,50,3,853.883322,2025-12-08 00:44:50,9038.0,,44,50,3,1330.460693,2025-12-08 00:45:50
44,51,3,850.383322,2025-12-08 00:44:51,8033.0,,44,51,3,1331.754639,2025-12-08 00:45:51
44,52,3,851.283322,2025-12-08 00:44:52,7030.0,,44,52,3,1333.007812,2025-12-08 00:45:52
44,53,3,850.783322,2025-12-08 00:44:53,6027.0,,44,53,3,1334.221191,2025-12-08 00:45:53
44,54,3,850.183322,2025-12-08 00:44:54,5025.0,,44,54,3,1335.396729,2025-12-08 00:45:54
44,55,3,850.383322,2025-12-08 00:44:55,4023.0,,44,55,3,1336.535767,2025-12-08 00:45:55
44,56,3,852.183322,2025-12-08 00:44:56,3021.0,,44,56,3,1337.639526,2025-12-08 00:45:56
44,57,3,854.383322,2025-12-08 00:44:57,2019.0,,44,57,3,1338.709473,2025-12-08 00:45:57
44,58,3,856.883322,2025-12-08 00:44:58,1015.0,,44,58,3,1339.74707,2025-12-08 00:45:58
44,59,3,852.383322,2025-12-08 00:44:59,13.0,,44,59,3,1340.753296,2025-12-08 00:45:59
45,0,3,854.283322,2025-12-08 00:45:00,59352.0,,45,0,3,1328.742798,2025-12-08 00:46:00
45,1,3,852.183322,2025-12-08 00:45:01,58347.0,,45,1,3,1330.198853,2025-12-08 00:46:01
45,2,3,853.983322,2025-12-08 00:45:02,57346.0,,45,2,3,1331.499512,2025-12-08 00:46:02
45,3,3,854.783322,2025-12-08 00:45:03,56344.0,,45,3,3,1332.736328,2025-12-08 00:46:03
45,4,3,849.383322,2025-12-08 00:45:04,55340.0,,45,4,3,1333.925171,2025-12-08 00:46:04
45,5,3,854.183322,2025-12-08 00:45:05,54329.0,,45,5,3,1335.074219,2025-12-08 00:46:05
45,6,3,853.283322,2025-12-08 00:45:06,53323.0,,45,6,3,1336.188354,2025-12-08 00:46:06
45,7,3,846.283322,2025-12-08 00:45:07,52313.0,,45,7,3,1337.271606,2025-12-08 00:46:07
45,8,3,850.583322,2025-12-08 00:45:08,51303.0,,45,8,3,1338.32666,2025-12-08 00:46:08
45,9,3,851.683322,2025-12-08 00:45:09,50295.0,,45,9,3,1339.354858,2025-12-08 00:46:09
45,10,3,850.483322,2025-12-08 00:45:10,49287.0,,45,10,3,1340.357056,2025-12-08 00:46:10
45,11,3,851.883322,2025-12-08 00:45:11,48270.0,,45,11,3,1341.333984,2025-12-08 00:46:11
45,12,3,852.083322,2025-12-08 00:45:12,47267.0,,45,12,3,1342.285767,2025-12-08 00:46:12
45,13,3,837.283322,2025-12-08 00:45:13,46261.0,,45,13,3,1343.212646,2025-12-08 00:46:13
45,14,3,1117.183322,2025-12-08 00:45:14,45258.0,,45,14,3,1344.115234,2025-12-08 00:46:14
45,15,3,1191.983322,2025-12-08 00:45:15,44251.0,,45,15,3,1344.987671,2025-12-08 00:46:15
45,16,3,1056.583322,2025-12-08 00:45:16,43249.0,,45,16,3,1345.835815,2025-12-08 00:46:16
45,17,3,1055.083322,2025-12-08 00:45:17,42247.0,,45,17,3,1346.664795,2025-12-08 00:46:17
45,18,3,1133.583322,2025-12-08 00:45:18,41243.0,,45,18,3,1347.472046,2025-12-08 00:46:18
45,19,3,1069.383322,2025-12-08 00:45:19,40240.0,,45,19,3,1348.256348,2025-12-08 00:46:19
45,20,3,1118.083322,2025-12-08 00:45:20,39237.0,,45,20,3,1349.021362,2025-12-08 00:46:20
45,21,3,1146.883322,2025-12-08 00:45:21,38227.0,,45,21,3,1349.765503,2025-12-08 00:46:21
45,22,3,1166.183322,2025-12-08 00:45:22,37226.0,,45,22,3,1350.48938,2025-12-08 00:46:22
45,23,3,1193.883322,2025-12-08 00:45:23,36224.0,,45,23,3,1351.194214,2025-12-08 00:46:23
45,24,3,1214.283322,2025-12-08 00:45:24,35218.0,,45,24,3,1351.880493,2025-12-08 00:46:24
45,25,3,1235.183322,2025-12-08 00:45:25,34208.0,,45,25,3,1352.548706,2025-12-08 00:46:25
45,26,3,1252.283322,2025-12-08 00:45:26,33205.0,,45,26,3,1353.199585,2025-12-08 00:46:26
45,27,3,1270.183322,2025-12-08 00:45:27,32201.0,,45,27,3,1353.833862,2025-12-08 00:46:27
45,28,3,1286.083322,2025-12-08 00:45:28,31193.0,,45,28,3,1354.451904,2025-12-08 00:46:28
45,29,3,1291.183322,2025-12-08 00:45:29,30189.0,,45,29,3,1355.054199,2025-12-08 00:46:29
45,30,3,1295.483322,2025-12-08 00:45:30,29183.0,,45,30,3,1355.641602,2025-12-08 00:46:30
45,31,3,1298.783322,2025-12-08 00:45:31,28181.0,,45,31,3,1356.214355,2025-12-08 00:46:31
45,32,3,1305.583322,2025-12-08 00:45:32,27177.0,,45,32,3,1356.773071,2025-12-08 00:46:32
45,33,3,1304.983322,2025-12-08 00:45:33,26170.0,,45,33,3,1357.317749,2025-12-08 00:46:33
45,34,3,1304.383322,2025-12-08 00:45:34,25166.0,,45,34,3,1357.849243,2025-12-08 00:46:34
45,35,3,1303.783322,2025-12-08 00:45:35,24164.0,,45,35,3,1358.367554,2025-12-08 00:46:35
45,36,3,1306.683322,2025-12-08 00:45:36,23162.0,,45,36,3,1358.873169,2025-12-08 00:46:36
45,37,3,1303.283322,2025-12-08 00:45:37,22153.0,,45,37,3,1359.366333,2025-12-08 00:46:37
45,38,3,1302.683322,2025-12-08 00:45:38,21143.0,,45,38,3,1359.847656,2025-12-08 00:46:38
45,39,3,1304.983322,2025-12-08 00:45:39,20133.0,,45,39,3,1360.317139,2025-12-08 00:46:39
45,40,3,1304.483322,2025-12-08 00:45:40,19127.0,,45,40,3,1360.774902,2025-12-08 00:46:40
45,41,3,1301.183322,2025-12-08 00:45:41,18121.0,,45,41,3,1361.221802,2025-12-08 00:46:41
45,42,3,1300.383322,2025-12-08 00:45:42,17109.0,,45,42,3,1361.657715,2025-12-08 00:46:42
45,43,3,1299.383322,2025-12-08 00:45:43,16107.0,,45,43,3,1362.083252,2025-12-08 00:46:43
45,44,3,1302.383322,2025-12-08 00:45:44,15103.0,,45,44,3,1362.498169,2025-12-08 00:46:44
45,45,3,1301.083322,2025-12-08 00:45:45,14098.0,,45,45,3,1362.903198,2025-12-08 00:46:45
45,46,3,1298.083322,2025-12-08 00:45:46,13089.0,,45,46,3,1363.298462,2025-12-08 00:46:46
45,47,3,1299.883322,2025-12-08 00:45:47,12088.0,,45,47,3,1363.684326,2025-12-08 00:46:47
45,48,3,1301.983322,2025-12-08 00:45:48,11086.0,,45,48,3,1364.060791,2025-12-08 00:46:48
45,49,3,1304.083322,2025-12-08 00:45:49,10083.0,,45,49,3,1364.428223,2025-12-08 00:46:49
45,50,3,1305.083322,2025-12-08 00:45:50,9075.0,,45,50,3,1364.786865,2025-12-08 00:46:50
45,51,3,1308.383322,2025-12-08 00:45:51,8063.0,,45,51,3,1365.136963,2025-12-08 00:46:51
45,52,3,1310.383322,2025-12-08 00:45:52,7052.0,,45,52,3,1365.47876,2025-12-08 00:46:52
45,53,3,1311.683322,2025-12-08 00:45:53,6050.0,,45,53,3,1365.812256,2025-12-08 00:46:53
45,54,3,1314.783322,2025-12-08 00:45:54,5042.0,,45,54,3,1366.138306,2025-12-08 00:46:54
45,55,3,1318.383322,2025-12-08 00:45:55,4034.0,,45,55,3,1366.456421,2025-12-08 00:46:55
45,56,3,1319.983322,2025-12-08 00:45:56,3025.0,,45,56,3,1366.76709,2025-12-08 00:46:56
45,57,3,1323.083322,2025-12-08 00:45:57,2020.0,,45,57,3,1367.070557,2025-12-08 00:46:57
45,58,3,1336.483322,2025-12-08 00:45:58,1018.0,,45,58,3,1367.366821,2025-12-08 00:46:58
45,59,3,1321.283322,2025-12-08 00:45:59,16.0,,45,59,3,1367.656006,2025-12-08 00:46:59
46,0,3,1322.983322,2025-12-08 00:46:00,59204.0,,46,0,3,1339.064697,2025-12-08 00:47:00
46,1,3,1327.283322,2025-12-08 00:46:01,58200.0,,46,1,3,1341.130615,2025-12-08 00:47:01
46,2,3,1325.183322,2025-12-08 00:46:02,57197.0,,46,2,3,1342.708252,2025-12-08 00:47:02
46,3,3,1326.283322,2025-12-08 00:46:03,56194.0,,46,3,3,1343.994629,2025-12-08 00:47:03
46,4,3,1325.883322,2025-12-08 00:46:04,55191.0,,46,4,3,1345.052002,2025-12-08 00:47:04
46,5,3,1324.383322,2025-12-08 00:46:05,54187.0,,46,5,3,1345.93457,2025-12-08 00:47:05
46,6,3,1324.983322,2025-12-08 00:46:06,53182.0,,46,6,3,1346.69165,2025-12-08 00:47:06
46,7,3,1324.083322,2025-12-08 00:46:07,52178.0,,46,7,3,1347.36438,2025-12-08 00:47:07
46,8,3,1321.783322,2025-12-08 00:46:08,51175.0,,46,8,3,1347.985474,2025-12-08 00:47:08
46,9,3,1342.083322,2025-12-08 00:46:09,50172.0,,46,9,3,1348.578613,2025-12-08 00:47:09
46,10,3,1324.583322,2025-12-08 00:46:10,49166.0,,46,10,3,1349.159912,2025-12-08 00:47:10
46,11,3,1324.683322,2025-12-08 00:46:11,48165.0,,46,11,3,1349.740356,2025-12-08 00:47:11
46,12,3,1322.183322,2025-12-08 00:46:12,47162.0,,46,12,3,1350.325317,2025-12-08 00:47:12
46,13,3,1322.983322,2025-12-08 00:46:13,46152.0,,46,13,3,1350.916626,2025-12-08 00:47:13
46,14,3,1323.383322,2025-12-08 00:46:14,45148.0,,46,14,3,1351.51416,2025-12-08 00:47:14
46,15,3,1320.683322,2025-12-08 00:46:15,44143.0,,46,15,3,1352.116211,2025-12-08 00:47:15
46,16,3,1320.583322,2025-12-08 00:46:16,43142.0,,46,16,3,1352.720337,2025-12-08 00:47:16
46,17,3,1321.783322,2025-12-08 00:46:17,42140.0,,46,17,3,1353.32373,2025-12-08 00:47:17
46,18,3,1321.183322,2025-12-08 00:46:18,41135.0,,46,18,3,1353.923828,2025-12-08 00:47:18
46,19,3,1346.483322,2025-12-08 00:46:19,40133.0,,46,19,3,1354.518188,2025-12-08 00:47:19
46,20,3,1328.383322,2025-12-08 00:46:20,39131.0,,46,20,3,1355.104248,2025-12-08 00:47:20
46,21,3,1329.683322,2025-12-08 00:46:21,38126.0,,46,21,3,1355.681152,2025-12-08 00:47:21
46,22,3,1323.783322,2025-12-08 00:46:22,37124.0,,46,22,3,1356.247437,2025-12-08 00:47:22
46,23,3,1324.883322,2025-12-08 00:46:23,36123.0,,46,23,3,1356.802246,2025-12-08 00:47:23
46,24,3,1326.183322,2025-12-08 00:46:24,35121.0,,46,24,3,1357.344849,2025-12-08 00:47:24
46,25,3,1324.483322,2025-12-08 00:46:25,34119.0,,46,25,3,1357.874878,2025-12-08 00:47:25
46,26,3,1325.683322,2025-12-08 00:46:26,33116.0,,46,26,3,1358.392578,2025-12-08 00:47:26
46,27,3,1329.083322,2025-12-08 00:46:27,32115.0,,46,27,3,1358.897705,2025-12-08 00:47:27
46,28,3,1329.283322,2025-12-08 00:46:28,31113.0,,46,28,3,1359.390381,2025-12-08 00:47:28
46,29,3,1329.483322,2025-12-08 00:46:29,30110.0,,46,29,3,1359.87085,2025-12-08 00:47:29
46,30,3,1331.483322,2025-12-08 00:46:30,29108.0,,46,30,3,1360.3396,2025-12-08 00:47:30
46,31,3,1326.483322,2025-12-08 00:46:31,28107.0,,46,31,3,1360.796631,2025-12-08 00:47:31
46,32,3,1327.583322,2025-12-08 00:46:32,27105.0,,46,32,3,1361.24292,2025-12-08 00:47:32
46,33,3,1331.483322,2025-12-08 00:46:33,26102.0,,46,33,3,1361.678101,2025-12-08 00:47:33
46,34,3,1331.883322,2025-12-08 00:46:34,25100.0,,46,34,3,1362.102661,2025-12-08 00:47:34
46,35,3,1326.583322,2025-12-08 00:46:35,24099.0,,46,35,3,1362.516968,2025-12-08 00:47:35
46,36,3,1328.483322,2025-12-08 00:46:36,23096.0,,46,36,3,1362.921387,2025-12-08 00:47:36
46,37,3,1326.683322,2025-12-08 00:46:37,22092.0,,46,37,3,1363.316162,2025-12-08 00:47:37
46,38,3,1331.583322,2025-12-08 00:46:38,21089.0,,46,38,3,1363.701538,2025-12-08 00:47:38
46,39,3,1331.683322,2025-12-08 00:46:39,20086.0,,46,39,3,1364.077637,2025-12-08 00:47:39
46,40,3,1330.883322,2025-12-08 00:46:40,19081.0,,46,40,3,1364.444824,2025-12-08 00:47:40
46,41,3,1327.783322,2025-12-08 00:46:41,18074.0,,46,41,3,1364.803467,2025-12-08 00:47:41
46,42,3,1330.283322,2025-12-08 00:46:42,17071.0,,46,42,3,1365.153564,2025-12-08 00:47:42
46,43,3,1328.883322,2025-12-08 00:46:43,16066.0,,46,43,3,1365.495361,2025-12-08 00:47:43
46,44,3,1329.983322,2025-12-08 00:46:44,15062.0,,46,44,3,1365.829102,2025-12-08 00:47:44
46,45,3,1327.283322,2025-12-08 00:46:45,14061.0,,46,45,3,1366.155151,2025-12-08 00:47:45
46,46,3,1325.383322,2025-12-08 00:46:46,13059.0,,46,46,3,1366.473511,2025-12-08 00:47:46
46,47,3,1327.083322,2025-12-08 00:46:47,12057.0,,46,47,3,1366.784424,2025-12-08 00:47:47
46,48,3,1328.283322,2025-12-08 00:46:48,11054.0,,46,48,3,1367.088013,2025-12-08 00:47:48
46,49,3,1320.883322,2025-12-08 00:46:49,10052.0,,46,49,3,1367.384521,2025-12-08 00:47:49
46,50,3,1323.883322,2025-12-08 00:46:50,9049.0,,46,50,3,1367.674438,2025-12-08 00:47:50
46,51,3,1325.783322,2025-12-08 00:46:51,8046.0,,46,51,3,1367.957397,2025-12-08 00:47:51
46,52,3,1321.483322,2025-12-08 00:46:52,7036.0,,46,52,3,1368.233887,2025-12-08 00:47:52
46,53,3,1325.883322,2025-12-08 00:46:53,6035.0,,46,53,3,1368.503906,2025-12-08 00:47:53
46,54,3,1327.883322,2025-12-08 00:46:54,5033.0,,46,54,3,1368.7677,2025-12-08 00:47:54
46,55,3,1322.383322,2025-12-08 00:46:55,4029.0,,46,55,3,1369.025391,2025-12-08 00:47:55
46,56,3,1322.883322,2025-12-08 00:46:56,3027.0,,46,56,3,1369.277222,2025-12-08 00:47:56
46,57,3,1328.083322,2025-12-08 00:46:57,2026.0,,46,57,3,1369.523315,2025-12-08 00:47:57
46,58,3,1322.783322,2025-12-08 00:46:58,1025.0,,46,58,3,1369.763672,2025-12-08 00:47:58
46,59,3,1326.783322,2025-12-08 00:46:59,23.0,,46,59,3,1369.998779,2025-12-08 00:47:59
47,0,3,1327.083322,2025-12-08 00:47:00,59560.0,,47,0,3,1300.998413,2025-12-08 00:48:00
47,1,3,1336.183322,2025-12-08 00:47:01,58559.0,,47,1,3,1305.725098,2025-12-08 00:48:01
47,2,3,1328.783322,2025-12-08 00:47:02,57556.0,,47,2,3,1309.238647,2025-12-08 00:48:02
47,3,3,1324.883322,2025-12-08 00:47:03,56545.0,,47,3,3,1312.065063,2025-12-08 00:48:03
47,4,3,1325.883322,2025-12-08 00:47:04,55542.0,,47,4,3,1314.354492,2025-12-08 00:48:04
47,5,3,1311.283322,2025-12-08 00:47:05,54542.0,,47,5,3,1316.233398,2025-12-08 00:48:05
47,6,3,1313.983322,2025-12-08 00:47:06,53516.0,,47,6,3,1317.816406,2025-12-08 00:48:06
47,7,3,1312.583322,2025-12-08 00:47:07,52514.0,,47,7,3,1319.199951,2025-12-08 00:48:07
47,8,3,1319.583322,2025-12-08 00:47:08,51512.0,,47,8,3,1320.459351,2025-12-08 00:48:08
47,9,3,1318.383322,2025-12-08 00:47:09,50504.0,,47,9,3,1321.650391,2025-12-08 00:48:09
47,10,3,1318.383322,2025-12-08 00:47:10,49502.0,,47,10,3,1322.811523,2025-12-08 00:48:10
47,11,3,1313.583322,2025-12-08 00:47:11,48499.0,,47,11,3,1323.966675,2025-12-08 00:48:11
47,12,3,1314.783322,2025-12-08 00:47:12,47497.0,,47,12,3,1325.129028,2025-12-08 00:48:12
47,13,3,1322.283322,2025-12-08 00:47:13,46495.0,,47,13,3,1326.303955,2025-12-08 00:48:13
47,14,3,1317.483322,2025-12-08 00:47:14,45489.0,,47,14,3,1327.490845,2025-12-08 00:48:14
47,15,3,1314.183322,2025-12-08 00:47:15,44381.0,,47,15,3,1328.686401,2025-12-08 00:48:15
47,16,3,1309.783322,2025-12-08 00:47:16,43367.0,,47,16,3,1329.88501,2025-12-08 00:48:16
47,17,3,1314.383322,2025-12-08 00:47:17,42362.0,,47,17,3,1331.081055,2025-12-08 00:48:17
47,18,3,1315.183322,2025-12-08 00:47:18,41193.0,,47,18,3,1332.268188,2025-12-08 00:48:18
47,19,3,1319.183322,2025-12-08 00:47:19,40192.0,,47,19,3,1333.441528,2025-12-08 00:48:19
47,20,3,1319.383322,2025-12-08 00:47:20,39190.0,,47,20,3,1334.596313,2025-12-08 00:48:20
47,21,3,1316.383322,2025-12-08 00:47:21,38189.0,,47,21,3,1335.729248,2025-12-08 00:48:21
47,22,3,1310.383322,2025-12-08 00:47:22,37185.0,,47,22,3,1336.837524,2025-12-08 00:48:22
47,23,3,1326.983322,2025-12-08 00:47:23,36164.0,,47,23,3,1337.919434,2025-12-08 00:48:23
47,24,3,1312.283322,2025-12-08 00:47:24,35162.0,,47,24,3,1338.973877,2025-12-08 00:48:24
47,25,3,1310.683322,2025-12-08 00:47:25,34156.0,,47,25,3,1340.000244,2025-12-08 00:48:25
47,26,3,1270.683322,2025-12-08 00:47:26,33154.0,,47,26,3,1340.998901,2025-12-08 00:48:26
47,27,3,1272.583322,2025-12-08 00:47:27,32153.0,,47,27,3,1341.970215,2025-12-08 00:48:27
47,28,3,1269.883322,2025-12-08 00:47:28,31151.0,,47,28,3,1342.914185,2025-12-08 00:48:28
47,29,3,1268.483322,2025-12-08 00:47:29,30143.0,,47,29,3,1343.831665,2025-12-08 00:48:29
47,30,3,1269.883322,2025-12-08 00:47:30,29129.0,,47,30,3,1344.723145,2025-12-08 00:48:30
47,31,3,1266.083322,2025-12-08 00:47:31,28126.0,,47,31,3,1345.589966,2025-12-08 00:48:31
47,32,3,1268.883322,2025-12-08 00:47:32,27118.0,,47,32,3,1346.432495,2025-12-08 00:48:32
47,33,3,1270.483322,2025-12-08 00:47:33,26114.0,,47,33,3,1347.251831,2025-12-08 00:48:33
47,34,3,1269.683322,2025-12-08 00:47:34,25113.0,,47,34,3,1348.048584,2025-12-08 00:48:34
47,35,3,1268.483322,2025-12-08 00:47:35,24110.0,,47,35,3,1348.82373,2025-12-08 00:48:35
47,36,3,1271.783322,2025-12-08 00:47:36,23106.0,,47,36,3,1349.577881,2025-12-08 00:48:36
47,37,3,1270.083322,2025-12-08 00:47:37,22093.0,,47,37,3,1350.312012,2025-12-08 00:48:37
47,38,3,1270.483322,2025-12-08 00:47:38,21091.0,,47,38,3,1351.026367,2025-12-08 00:48:38
47,39,3,1270.483322,2025-12-08 00:47:39,20079.0,,47,39,3,1351.722046,2025-12-08 00:48:39
47,40,3,1267.483322,2025-12-08 00:47:40,19068.0,,47,40,3,1352.399292,2025-12-08 00:48:40
47,41,3,1277.383322,2025-12-08 00:47:41,18061.0,,47,41,3,1353.058838,2025-12-08 00:48:41
47,42,3,1268.083322,2025-12-08 00:47:42,17053.0,,47,42,3,1353.701172,2025-12-08 00:48:42
47,43,3,1267.983322,2025-12-08 00:47:43,16048.0,,47,43,3,1354.326782,2025-12-08 00:48:43
47,44,3,1269.283322,2025-12-08 00:47:44,15043.0,,47,44,3,1354.936279,2025-12-08 00:48:44
47,45,3,1266.983322,2025-12-08 00:47:45,14039.0,,47,45,3,1355.530151,2025-12-08 00:48:45
47,46,3,1269.183322,2025-12-08 00:47:46,13037.0,,47,46,3,1356.108643,2025-12-08 00:48:46
47,47,3,1272.683322,2025-12-08 00:47:47,12035.0,,47,47,3,1356.672485,2025-12-08 00:48:47
47,48,3,1270.983322,2025-12-08 00:47:48,11033.0,,47,48,3,1357.221802,2025-12-08 00:48:48
47,49,3,1266.883322,2025-12-08 00:47:49,10030.0,,47,49,3,1357.75708,2025-12-08 00:48:49
47,50,3,1267.683322,2025-12-08 00:47:50,9029.0,,47,50,3,1358.279175,2025-12-08 00:48:50
47,51,3,1267.283322,2025-12-08 00:47:51,8027.0,,47,51,3,1358.787964,2025-12-08 00:48:51
47,52,3,1265.483322,2025-12-08 00:47:52,7026.0,,47,52,3,1359.283936,2025-12-08 00:48:52
47,53,3,1276.983322,2025-12-08 00:47:53,6024.0,,47,53,3,1359.767456,2025-12-08 00:48:53
47,54,3,1265.083322,2025-12-08 00:47:54,5022.0,,47,54,3,1360.23877,2025-12-08 00:48:54
47,55,3,1272.183322,2025-12-08 00:47:55,4021.0,,47,55,3,1360.698853,2025-12-08 00:48:55
47,56,3,1264.483322,2025-12-08 00:47:56,3019.0,,47,56,3,1361.147461,2025-12-08 00:48:56
47,57,3,1264.683322,2025-12-08 00:47:57,2015.0,,47,57,3,1361.585083,2025-12-08 00:48:57
47,58,3,1278.083322,2025-12-08 00:47:58,1011.0,,47,58,3,1362.011963,2025-12-08 00:48:58
47,59,3,1266.583322,2025-12-08 00:47:59,9.0,,47,59,3,1362.428223,2025-12-08 00:48:59
48,0,3,1267.583322,2025-12-08 00:48:00,59184.0,,48,0,3,1365.340698,2025-12-08 00:49:00
48,1,3,1282.383322,2025-12-08 00:48:01,58183.0,,48,1,3,1365.936523,2025-12-08 00:49:01
48,2,3,1269.983322,2025-12-08 00:48:02,57174.0,,48,2,3,1366.362061,2025-12-08 00:49:02
48,3,3,1264.883322,2025-12-08 00:48:03,56165.0,,48,3,3,1366.72168,2025-12-08 00:49:03
48,4,3,1336.683322,2025-12-08 00:48:04,55160.0,,48,4,3,1367.033691,2025-12-08 00:49:04
48,5,3,1370.183322,2025-12-08 00:48:05,54151.0,,48,5,3,1367.30835,2025-12-08 00:49:05
48,6,3,1369.283322,2025-12-08 00:48:06,53147.0,,48,6,3,1367.557739,2025-12-08 00:49:06
48,7,3,1358.783322,2025-12-08 00:48:07,52146.0,,48,7,3,1367.791626,2025-12-08 00:49:07
48,8,3,1360.783322,2025-12-08 00:48:08,51145.0,,48,8,3,1368.016846,2025-12-08 00:49:08
48,9,3,1359.383322,2025-12-08 00:48:09,50143.0,,48,9,3,1368.237915,2025-12-08 00:49:09
48,10,3,1359.883322,2025-12-08 00:48:10,49137.0,,48,10,3,1368.457764,2025-12-08 00:49:10
48,11,3,1367.183322,2025-12-08 00:48:11,48131.0,,48,11,3,1368.678223,2025-12-08 00:49:11
48,12,3,1364.483322,2025-12-08 00:48:12,47129.0,,48,12,3,1368.899658,2025-12-08 00:49:12
48,13,3,1360.883322,2025-12-08 00:48:13,46126.0,,48,13,3,1369.122681,2025-12-08 00:49:13
48,14,3,1362.683322,2025-12-08 00:48:14,45123.0,,48,14,3,1369.34668,2025-12-08 00:49:14
48,15,3,1361.283322,2025-12-08 00:48:15,44121.0,,48,15,3,1369.570923,2025-12-08 00:49:15
48,16,3,1359.683322,2025-12-08 00:48:16,43119.0,,48,16,3,1369.794678,2025-12-08 00:49:16
48,17,3,1362.283322,2025-12-08 00:48:17,42116.0,,48,17,3,1370.017334,2025-12-08 00:49:17
48,18,3,1364.783322,2025-12-08 00:48:18,41114.0,,48,18,3,1370.237915,2025-12-08 00:49:18
48,19,3,1377.783322,2025-12-08 00:48:19,40110.0,,48,19,3,1370.455933,2025-12-08 00:49:19
48,20,3,1370.483322,2025-12-08 00:48:20,39108.0,,48,20,3,1370.670654,2025-12-08 00:49:20
48,21,3,1360.483322,2025-12-08 00:48:21,38106.0,,48,21,3,1370.881958,2025-12-08 00:49:21
48,22,3,1357.983322,2025-12-08 00:48:22,37105.0,,48,22,3,1371.089966,2025-12-08 00:49:22
48,23,3,1364.083322,2025-12-08 00:48:23,36103.0,,48,23,3,1371.294067,2025-12-08 00:49:23
48,24,3,1370.583322,2025-12-08 00:48:24,35102.0,,48,24,3,1371.493774,2025-12-08 00:49:24
48,25,3,1367.883322,2025-12-08 00:48:25,34100.0,,48,25,3,1371.689331,2025-12-08 00:49:25
48,26,3,1366.983322,2025-12-08 00:48:26,33097.0,,48,26,3,1371.880859,2025-12-08 00:49:26
48,27,3,1364.083322,2025-12-08 00:48:27,32095.0,,48,27,3,1372.068237,2025-12-08 00:49:27
48,28,3,1358.983322,2025-12-08 00:48:28,31092.0,,48,28,3,1372.251587,2025-12-08 00:49:28
48,29,3,1371.183322,2025-12-08 00:48:29,30089.0,,48,29,3,1372.43103,2025-12-08 00:49:29
48,30,3,1360.783322,2025-12-08 00:48:30,29087.0,,48,30,3,1372.606323,2025-12-08 00:49:30
48,31,3,1360.683322,2025-12-08 00:48:31,28085.0,,48,31,3,1372.777954,2025-12-08 00:49:31
48,32,3,1361.183322,2025-12-08 00:48:32,27084.0,,48,32,3,1372.945923,2025-12-08 00:49:32
48,33,3,1360.783322,2025-12-08 00:48:33,26082.0,,48,33,3,1373.110229,2025-12-08 00:49:33
48,34,3,1361.883322,2025-12-08 00:48:34,25080.0,,48,34,3,1373.270752,2025-12-08 00:49:34
48,35,3,1359.983322,2025-12-08 00:48:35,24078.0,,48,35,3,1373.427856,2025-12-08 00:49:35
48,36,3,1359.583322,2025-12-08 00:48:36,23076.0,,48,36,3,1373.581421,2025-12-08 00:49:36
48,37,3,1358.883322,2025-12-08 00:48:37,22071.0,,48,37,3,1373.731812,2025-12-08 00:49:37
48,38,3,1361.483322,2025-12-08 00:48:38,21070.0,,48,38,3,1373.879028,2025-12-08 00:49:38
48,39,3,1362.083322,2025-12-08 00:48:39,20068.0,,48,39,3,1374.022827,2025-12-08 00:49:39
48,40,3,1365.083322,2025-12-08 00:48:40,19064.0,,48,40,3,1374.163452,2025-12-08 00:49:40
48,41,3,1360.083322,2025-12-08 00:48:41,18062.0,,48,41,3,1374.301025,2025-12-08 00:49:41
48,42,3,1358.583322,2025-12-08 00:48:42,17061.0,,48,42,3,1374.435669,2025-12-08 00:49:42
48,43,3,1359.183322,2025-12-08 00:48:43,16058.0,,48,43,3,1374.567505,2025-12-08 00:49:43
48,44,3,1359.983322,2025-12-08 00:48:44,15052.0,,48,44,3,1374.696411,2025-12-08 00:49:44
48,45,3,1365.683322,2025-12-08 00:48:45,14049.0,,48,45,3,1374.82251,2025-12-08 00:49:45
48,46,3,1359.183322,2025-12-08 00:48:46,13047.0,,48,46,3,1374.945679,2025-12-08 00:49:46
48,47,3,1358.083322,2025-12-08 00:48:47,12046.0,,48,47,3,1375.066284,2025-12-08 00:49:47
48,48,3,1359.283322,2025-12-08 00:48:48,11044.0,,48,48,3,1375.18457,2025-12-08 00:49:48
48,49,3,1358.083322,2025-12-08 00:48:49,10042.0,,48,49,3,1375.300171,2025-12-08 00:49:49
48,50,3,1358.083322,2025-12-08 00:48:50,9037.0,,48,50,3,1375.413086,2025-12-08 00:49:50
48,51,3,1359.083322,2025-12-08 00:48:51,8034.0,,48,51,3,1375.523682,2025-12-08 00:49:51
48,52,3,1357.783322,2025-12-08 00:48:52,7033.0,,48,52,3,1375.631958,2025-12-08 00:49:52
48,53,3,1361.783322,2025-12-08 00:48:53,6031.0,,48,53,3,1375.737793,2025-12-08 00:49:53
48,54,3,1360.483322,2025-12-08 00:48:54,5026.0,,48,54,3,1375.841309,2025-12-08 00:49:54
48,55,3,1358.583322,2025-12-08 00:48:55,4023.0,,48,55,3,1375.942505,2025-12-08 00:49:55
48,56,3,1357.383322,2025-12-08 00:48:56,3021.0,,48,56,3,1376.041748,2025-12-08 00:49:56
48,57,3,1366.683322,2025-12-08 00:48:57,2019.0,,48,57,3,1376.138916,2025-12-08 00:49:57
48,58,3,1367.783322,2025-12-08 00:48:58,1018.0,,48,58,3,1376.233521,2025-12-08 00:49:58
48,59,3,1358.383322,2025-12-08 00:48:59,16.0,,48,59,3,1376.326416,2025-12-08 00:49:59
49,0,3,1361.983322,2025-12-08 00:49:00,59345.0,,49,0,3,1436.065918,2025-12-08 00:50:00
49,1,3,1362.483322,2025-12-08 00:49:01,58343.0,,49,1,3,1434.047485,2025-12-08 00:50:01
49,2,3,1366.383322,2025-12-08 00:49:02,57339.0,,49,2,3,1431.339966,2025-12-08 00:50:02
49,3,3,1362.183322,2025-12-08 00:49:03,56338.0,,49,3,3,1428.221802,2025-12-08 00:50:03
49,4,3,1362.783322,2025-12-08 00:49:04,55334.0,,49,4,3,1424.842407,2025-12-08 00:50:04
49,5,3,1360.783322,2025-12-08 00:49:05,54326.0,,49,5,3,1421.295654,2025-12-08 00:50:05
49,6,3,1362.883322,2025-12-08 00:49:06,53318.0,,49,6,3,1417.639893,2025-12-08 00:50:06
49,7,3,1360.083322,2025-12-08 00:49:07,52310.0,,49,7,3,1413.913086,2025-12-08 00:50:07
49,8,3,1363.083322,2025-12-08 00:49:08,51307.0,,49,8,3,1410.141113,2025-12-08 00:50:08
49,9,3,1360.583322,2025-12-08 00:49:09,50299.0,,49,9,3,1406.342041,2025-12-08 00:50:09
49,10,3,1359.383322,2025-12-08 00:49:10,49290.0,,49,10,3,1402.528809,2025-12-08 00:50:10
49,11,3,1360.783322,2025-12-08 00:49:11,48281.0,,49,11,3,1398.71167,2025-12-08 00:50:11
49,12,3,1362.583322,2025-12-08 00:49:12,47272.0,,49,12,3,1394.899048,2025-12-08 00:50:12
49,13,3,1358.183322,2025-12-08 00:49:13,46269.0,,49,13,3,1391.097046,2025-12-08 00:50:13
49,14,3,1360.583322,2025-12-08 00:49:14,45262.0,,49,14,3,1387.31189,2025-12-08 00:50:14
49,15,3,1364.883322,2025-12-08 00:49:15,44253.0,,49,15,3,1383.547974,2025-12-08 00:50:15
49,16,3,1361.583322,2025-12-08 00:49:16,43245.0,,49,16,3,1379.80957,2025-12-08 00:50:16
49,17,3,1361.183322,2025-12-08 00:49:17,42243.0,,49,17,3,1376.10022,2025-12-08 00:50:17
49,18,3,1361.183322,2025-12-08 00:49:18,41240.0,,49,18,3,1372.42334,2025-12-08 00:50:18
49,19,3,1362.383322,2025-12-08 00:49:19,40232.0,,49,19,3,1368.781982,2025-12-08 00:50:19
49,20,3,1364.383322,2025-12-08 00:49:20,39224.0,,49,20,3,1365.178711,2025-12-08 00:50:20
49,21,3,1368.583322,2025-12-08 00:49:21,38216.0,,49,21,3,1361.615845,2025-12-08 00:50:21
49,22,3,1358.683322,2025-12-08 00:49:22,37214.0,,49,22,3,1358.095581,2025-12-08 00:50:22
49,23,3,1363.583322,2025-12-08 00:49:23,36206.0,,49,23,3,1354.619385,2025-12-08 00:50:23
49,24,3,1359.683322,2025-12-08 00:49:24,35204.0,,49,24,3,1351.189453,2025-12-08 00:50:24
49,25,3,1360.083322,2025-12-08 00:49:25,34201.0,,49,25,3,1347.807251,2025-12-08 00:50:25
49,26,3,1361.083322,2025-12-08 00:49:26,33192.0,,49,26,3,1344.473877,2025-12-08 00:50:26
49,27,3,1358.883322,2025-12-08 00:49:27,32183.0,,49,27,3,1341.190796,2025-12-08 00:50:27
49,28,3,1359.983322,2025-12-08 00:49:28,31174.0,,49,28,3,1337.958984,2025-12-08 00:50:28
49,29,3,1360.783322,2025-12-08 00:49:29,30173.0,,49,29,3,1334.779541,2025-12-08 00:50:29
49,30,3,1361.083322,2025-12-08 00:49:30,29172.0,,49,30,3,1331.65332,2025-12-08 00:50:30
49,31,3,1360.283322,2025-12-08 00:49:31,28171.0,,49,31,3,1328.580688,2025-12-08 00:50:31
49,32,3,1366.983322,2025-12-08 00:49:32,27169.0,,49,32,3,1325.562866,2025-12-08 00:50:32
49,33,3,1369.783322,2025-12-08 00:49:33,26159.0,,49,33,3,1322.599854,2025-12-08 00:50:33
49,34,3,1367.083322,2025-12-08 00:49:34,25157.0,,49,34,3,1319.692505,2025-12-08 00:50:34
49,35,3,1369.583322,2025-12-08 00:49:35,24155.0,,49,35,3,1316.840942,2025-12-08 00:50:35
49,36,3,1367.783322,2025-12-08 00:49:36,23154.0,,49,36,3,1314.045776,2025-12-08 00:50:36
49,37,3,1362.983322,2025-12-08 00:49:37,22150.0,,49,37,3,1311.306763,2025-12-08 00:50:37
49,38,3,1361.883322,2025-12-08 00:49:38,21148.0,,49,38,3,1308.62439,2025-12-08 00:50:38
49,39,3,1360.383322,2025-12-08 00:49:39,20137.0,,49,39,3,1305.998535,2025-12-08 00:50:39
49,40,3,1363.683322,2025-12-08 00:49:40,19136.0,,49,40,3,1303.429199,2025-12-08 00:50:40
49,41,3,1362.883322,2025-12-08 00:49:41,18134.0,,49,41,3,1300.91626,2025-12-08 00:50:41
49,42,3,1400.683322,2025-12-08 00:49:42,17129.0,,49,42,3,1298.459595,2025-12-08 00:50:42
49,43,3,1453.183322,2025-12-08 00:49:43,16118.0,,49,43,3,1296.059204,2025-12-08 00:50:43
49,44,3,1442.383322,2025-12-08 00:49:44,15107.0,,49,44,3,1293.714722,2025-12-08 00:50:44
49,45,3,1442.483322,2025-12-08 00:49:45,14096.0,,49,45,3,1291.425659,2025-12-08 00:50:45
49,46,3,1439.183322,2025-12-08 00:49:46,13086.0,,49,46,3,1289.19165,2025-12-08 00:50:46
49,47,3,1440.383322,2025-12-08 00:49:47,12076.0,,49,47,3,1287.012451,2025-12-08 00:50:47
49,48,3,1439.783322,2025-12-08 00:49:48,11054.0,,49,48,3,1284.887329,2025-12-08 00:50:48
49,49,3,1437.583322,2025-12-08 00:49:49,10052.0,,49,49,3,1282.815918,2025-12-08 00:50:49
49,50,3,1439.683322,2025-12-08 00:49:50,9049.0,,49,50,3,1280.797363,2025-12-08 00:50:50
49,51,3,1440.683322,2025-12-08 00:49:51,8047.0,,49,51,3,1278.831421,2025-12-08 00:50:51
49,52,3,1441.483322,2025-12-08 00:49:52,7043.0,,49,52,3,1276.917358,2025-12-08 00:50:52
49,53,3,1441.883322,2025-12-08 00:49:53,6035.0,,49,53,3,1275.054077,2025-12-08 00:50:53
49,54,3,1441.383322,2025-12-08 00:49:54,5031.0,,49,54,3,1273.241333,2025-12-08 00:50:54
49,55,3,1440.983322,2025-12-08 00:49:55,4030.0,,49,55,3,1271.478027,2025-12-08 00:50:55
49,56,3,1443.983322,2025-12-08 00:49:56,3028.0,,49,56,3,1269.763794,2025-12-08 00:50:56
49,57,3,1442.283322,2025-12-08 00:49:57,2022.0,,49,57,3,1268.09729,2025-12-08 00:50:57
49,58,3,1457.183322,2025-12-08 00:49:58,1020.0,,49,58,3,1266.478027,2025-12-08 00:50:58
49,59,3,1446.383322,2025-12-08 00:49:59,10.0,,49,59,3,1264.905151,2025-12-08 00:50:59
50,0,3,1447.383322,2025-12-08 00:50:00,112305.0,,50,0,3,1543.797241,2025-12-08 00:51:00
50,1,3,1444.483322,2025-12-08 00:50:01,111296.0,,50,1,3,1541.915283,2025-12-08 00:51:01
50,2,3,1450.483322,2025-12-08 00:50:02,110287.0,,50,2,3,1539.498047,2025-12-08 00:51:02
50,3,3,1447.783322,2025-12-08 00:50:03,109278.0,,50,3,3,1536.760132,2025-12-08 00:51:03
50,4,3,1445.383322,2025-12-08 00:50:04,108268.0,,50,4,3,1533.803589,2025-12-08 00:51:04
50,5,3,1448.783322,2025-12-08 00:50:05,107258.0,,50,5,3,1530.691772,2025-12-08 00:51:05
50,6,3,1444.883322,2025-12-08 00:50:06,106256.0,,50,6,3,1527.464233,2025-12-08 00:51:06
50,7,3,1444.483322,2025-12-08 00:50:07,105253.0,,50,7,3,1524.145752,2025-12-08 00:51:07
50,8,3,1444.983322,2025-12-08 00:50:08,104247.0,,50,8,3,1520.752686,2025-12-08 00:51:08
50,9,3,1448.183322,2025-12-08 00:50:09,103237.0,,50,9,3,1517.29541,2025-12-08 00:51:09
50,10,3,1447.583322,2025-12-08 00:50:10,102236.0,,50,10,3,1513.782227,2025-12-08 00:51:10
50,11,3,1449.183322,2025-12-08 00:50:11,101234.0,,50,11,3,1510.218384,2025-12-08 00:51:11
50,12,3,1451.183322,2025-12-08 00:50:12,100231.0,,50,12,3,1506.608643,2025-12-08 00:51:12
50,13,3,1451.183322,2025-12-08 00:50:13,99229.0,,50,13,3,1502.956543,2025-12-08 00:51:13
50,14,3,1455.683322,2025-12-08 00:50:14,98226.0,,50,14,3,1499.265015,2025-12-08 00:51:14
50,15,3,1447.383322,2025-12-08 00:50:15,97223.0,,50,15,3,1495.537109,2025-12-08 00:51:15
50,16,3,1465.083322,2025-12-08 00:50:16,96217.0,,50,16,3,1491.775391,2025-12-08 00:51:16
50,17,3,1451.683322,2025-12-08 00:50:17,95210.0,,50,17,3,1487.981812,2025-12-08 00:51:17
50,18,3,1447.983322,2025-12-08 00:50:18,94208.0,,50,18,3,1484.159424,2025-12-08 00:51:18
50,19,3,1449.583322,2025-12-08 00:50:19,93206.0,,50,19,3,1480.309937,2025-12-08 00:51:19
50,20,3,1455.083322,2025-12-08 00:50:20,92203.0,,50,20,3,1476.435791,2025-12-08 00:51:20
50,21,3,1456.283322,2025-12-08 00:50:21,91200.0,,50,21,3,1472.539429,2025-12-08 00:51:21
50,22,3,1451.283322,2025-12-08 00:50:22,90199.0,,50,22,3,1468.623047,2025-12-08 00:51:22
50,23,3,1446.983322,2025-12-08 00:50:23,89198.0,,50,23,3,1464.688721,2025-12-08 00:51:23
50,24,3,1459.083322,2025-12-08 00:50:24,88032.0,,50,24,3,1460.738892,2025-12-08 00:51:24
50,25,3,1443.283322,2025-12-08 00:50:25,87029.0,,50,25,3,1456.775879,2025-12-08 00:51:25
50,26,3,1445.383322,2025-12-08 00:50:26,86025.0,,50,26,3,1452.802002,2025-12-08 00:51:26
50,27,3,1447.383322,2025-12-08 00:50:27,84980.0,,50,27,3,1448.819336,2025-12-08 00:51:27
50,28,3,1448.183322,2025-12-08 00:50:28,83973.0,,50,28,3,1444.830444,2025-12-08 00:51:28
50,29,3,1451.283322,2025-12-08 00:50:29,82972.0,,50,29,3,1440.837646,2025-12-08 00:51:29
50,30,3,1446.583322,2025-12-08 00:50:30,81950.0,,50,30,3,1436.843384,2025-12-08 00:51:30
50,31,3,1446.783322,2025-12-08 00:50:31,80941.0,,50,31,3,1432.850098,2025-12-08 00:51:31
50,32,3,1455.183322,2025-12-08 00:50:32,79935.0,,50,32,3,1428.859985,2025-12-08 00:51:32
50,33,3,1447.183322,2025-12-08 00:50:33,78860.0,,50,33,3,1424.87561,2025-12-08 00:51:33
50,34,3,1445.783322,2025-12-08 00:50:34,77813.0,,50,34,3,1420.899292,2025-12-08 00:51:34
50,35,3,1518.383322,2025-12-08 00:50:35,76729.0,,50,35,3,1416.93335,2025-12-08 00:51:35
50,36,3,1542.283322,2025-12-08 00:50:36,75721.0,,50,36,3,1412.980469,2025-12-08 00:51:36
50,37,3,1537.683322,2025-12-08 00:50:37,74716.0,,50,37,3,1409.042969,2025-12-08 00:51:37
50,38,3,1541.883322,2025-12-08 00:50:38,73714.0,,50,38,3,1405.122925,2025-12-08 00:51:38
50,39,3,1540.583322,2025-12-08 00:50:39,72641.0,,50,39,3,1401.222778,2025-12-08 00:51:39
50,40,3,1547.183322,2025-12-08 00:50:40,71526.0,,50,40,3,1397.344971,2025-12-08 00:51:40
50,41,3,1545.983322,2025-12-08 00:50:41,70522.0,,50,41,3,1393.491577,2025-12-08 00:51:41
50,42,3,1554.983322,2025-12-08 00:50:42,69521.0,,50,42,3,1389.664795,2025-12-08 00:51:42
50,43,3,1546.683322,2025-12-08 00:50:43,68517.0,,50,43,3,1385.866821,2025-12-08 00:51:43
50,44,3,1553.683322,2025-12-08 00:50:44,67516.0,,50,44,3,1382.099854,2025-12-08 00:51:44
50,45,3,1551.783322,2025-12-08 00:50:45,66513.0,,50,45,3,1378.365723,2025-12-08 00:51:45
50,46,3,1549.083322,2025-12-08 00:50:46,65510.0,,50,46,3,1374.66626,2025-12-08 00:51:46
50,47,3,1549.883322,2025-12-08 00:50:47,64504.0,,50,47,3,1371.003906,2025-12-08 00:51:47
50,48,3,1546.083322,2025-12-08 00:50:48,63500.0,,50,48,3,1367.380005,2025-12-08 00:51:48
50,49,3,1547.083322,2025-12-08 00:50:49,62496.0,,50,49,3,1363.796387,2025-12-08 00:51:49
50,50,3,1559.583322,2025-12-08 00:50:50,61486.0,,50,50,3,1360.254761,2025-12-08 00:51:50
50,51,3,1552.983322,2025-12-08 00:50:51,60483.0,,50,51,3,1356.756714,2025-12-08 00:51:51
50,52,3,1551.283322,2025-12-08 00:50:52,59477.0,,50,52,3,1353.303711,2025-12-08 00:51:52
50,53,3,1552.383322,2025-12-08 00:50:53,58475.0,,50,53,3,1349.897095,2025-12-08 00:51:53
50,54,3,1547.283322,2025-12-08 00:50:54,57473.0,,50,54,3,1346.53833,2025-12-08 00:51:54
50,55,3,1546.883322,2025-12-08 00:50:55,56472.0,,50,55,3,1343.228394,2025-12-08 00:51:55
50,56,3,1554.783322,2025-12-08 00:50:56,55469.0,,50,56,3,1339.968506,2025-12-08 00:51:56
50,57,3,1552.883322,2025-12-08 00:50:57,54465.0,,50,57,3,1336.759888,2025-12-08 00:51:57
50,58,3,1552.983322,2025-12-08 00:50:58,53461.0,,50,58,3,1333.603271,2025-12-08 00:51:58
50,59,3,1554.183322,2025-12-08 00:50:59,52455.0,,50,59,3,1330.49939,2025-12-08 00:51:59
51,0,3,1553.483322,2025-12-08 00:51:00,64768.0,,51,0,3,1662.778076,2025-12-08 00:52:00
51,1,3,1561.183322,2025-12-08 00:51:01,63762.0,,51,1,3,1662.435669,2025-12-08 00:52:01
51,2,3,1562.683322,2025-12-08 00:51:02,62757.0,,51,2,3,1662.051025,2025-12-08 00:52:02
51,3,3,1560.283322,2025-12-08 00:51:03,61756.0,,51,3,3,1661.645508,2025-12-08 00:52:03
51,4,3,1561.583322,2025-12-08 00:51:04,60755.0,,51,4,3,1661.221313,2025-12-08 00:52:04
51,5,3,1560.983322,2025-12-08 00:51:05,59752.0,,51,5,3,1660.78064,2025-12-08 00:52:05
51,6,3,1564.283322,2025-12-08 00:51:06,58748.0,,51,6,3,1660.324097,2025-12-08 00:52:06
51,7,3,1557.183322,2025-12-08 00:51:07,57742.0,,51,7,3,1659.852295,2025-12-08 00:52:07
51,8,3,1558.583322,2025-12-08 00:51:08,56739.0,,51,8,3,1659.365479,2025-12-08 00:52:08
51,9,3,1557.483322,2025-12-08 00:51:09,55736.0,,51,9,3,1658.863037,2025-12-08 00:52:09
51,10,3,1555.783322,2025-12-08 00:51:10,54735.0,,51,10,3,1658.345093,2025-12-08 00:52:10
51,11,3,1559.383322,2025-12-08 00:51:11,53734.0,,51,11,3,1657.811401,2025-12-08 00:52:11
51,12,3,1586.483322,2025-12-08 00:51:12,52733.0,,51,12,3,1657.261353,2025-12-08 00:52:12
51,13,3,1654.083322,2025-12-08 00:51:13,51731.0,,51,13,3,1656.694458,2025-12-08 00:52:13
51,14,3,1664.583322,2025-12-08 00:51:14,50730.0,,51,14,3,1656.110718,2025-12-08 00:52:14
51,15,3,1663.683322,2025-12-08 00:51:15,49729.0,,51,15,3,1655.509399,2025-12-08 00:52:15
51,16,3,1671.183322,2025-12-08 00:51:16,48728.0,,51,16,3,1654.890015,2025-12-08 00:52:16
51,17,3,1674.683322,2025-12-08 00:51:17,47726.0,,51,17,3,1654.252075,2025-12-08 00:52:17
51,18,3,1665.283322,2025-12-08 00:51:18,46725.0,,51,18,3,1653.595215,2025-12-08 00:52:18
51,19,3,1673.383322,2025-12-08 00:51:19,45723.0,,51,19,3,1652.918945,2025-12-08 00:52:19
51,20,3,1674.583322,2025-12-08 00:51:20,44721.0,,51,20,3,1652.222534,2025-12-08 00:52:20
51,21,3,1674.583322,2025-12-08 00:51:21,43719.0,,51,21,3,1651.505737,2025-12-08 00:52:21
51,22,3,1671.883322,2025-12-08 00:51:22,42715.0,,51,22,3,1650.7677,2025-12-08 00:52:22
51,23,3,1667.483322,2025-12-08 00:51:23,41713.0,,51,23,3,1650.007935,2025-12-08 00:52:23
51,24,3,1662.983322,2025-12-08 00:51:24,40711.0,,51,24,3,1649.225952,2025-12-08 00:52:24
51,25,3,1664.583322,2025-12-08 00:51:25,39709.0,,51,25,3,1648.421265,2025-12-08 00:52:25
51,26,3,1665.383322,2025-12-08 00:51:26,38707.0,,51,26,3,1647.593018,2025-12-08 00:52:26
51,27,3,1670.483322,2025-12-08 00:51:27,37706.0,,51,27,3,1646.740845,2025-12-08 00:52:27
51,28,3,1679.283322,2025-12-08 00:51:28,36703.0,,51,28,3,1645.863892,2025-12-08 00:52:28
51,29,3,1670.383322,2025-12-08 00:51:29,35701.0,,51,29,3,1644.961792,2025-12-08 00:52:29
51,30,3,1669.983322,2025-12-08 00:51:30,34699.0,,51,30,3,1644.033569,2025-12-08 00:52:30
51,31,3,1667.083322,2025-12-08 00:51:31,33698.0,,51,31,3,1643.079102,2025-12-08 00:52:31
51,32,3,1666.183322,2025-12-08 00:51:32,32694.0,,51,32,3,1642.097412,2025-12-08 00:52:32
51,33,3,1667.483322,2025-12-08 00:51:33,31691.0,,51,33,3,1641.087769,2025-12-08 00:52:33
51,34,3,1665.983322,2025-12-08 00:51:34,30689.0,,51,34,3,1640.049561,2025-12-08 00:52:34
51,35,3,1665.483322,2025-12-08 00:51:35,29686.0,,51,35,3,1638.9823,2025-12-08 00:52:35
51,36,3,1663.583322,2025-12-08 00:51:36,28684.0,,51,36,3,1637.88501,2025-12-08 00:52:36
51,37,3,1659.683322,2025-12-08 00:51:37,27678.0,,51,37,3,1636.757202,2025-12-08 00:52:37
51,38,3,1665.883322,2025-12-08 00:51:38,26673.0,,51,38,3,1635.598145,2025-12-08 00:52:38
51,39,3,1662.283322,2025-12-08 00:51:39,25671.0,,51,39,3,1634.407104,2025-12-08 00:52:39
51,40,3,1682.983322,2025-12-08 00:51:40,24669.0,,51,40,3,1633.18335,2025-12-08 00:52:40
51,41,3,1664.483322,2025-12-08 00:51:41,23664.0,,51,41,3,1631.926147,2025-12-08 00:52:41
51,42,3,1661.383322,2025-12-08 00:51:42,22661.0,,51,42,3,1630.634888,2025-12-08 00:52:42
51,43,3,1673.583322,2025-12-08 00:51:43,21658.0,,51,43,3,1629.308594,2025-12-08 00:52:43
51,44,3,1666.783322,2025-12-08 00:51:44,20653.0,,51,44,3,1627.947021,2025-12-08 00:52:44
51,45,3,1667.983322,2025-12-08 00:51:45,19652.0,,51,45,3,1626.54895,2025-12-08 00:52:45
51,46,3,1666.483322,2025-12-08 00:51:46,18647.0,,51,46,3,1625.11377,2025-12-08 00:52:46
51,47,3,1665.683322,2025-12-08 00:51:47,17643.0,,51,47,3,1623.640991,2025-12-08 00:52:47
51,48,3,1662.883322,2025-12-08 00:51:48,16641.0,,51,48,3,1622.129761,2025-12-08 00:52:48
51,49,3,1666.883322,2025-12-08 00:51:49,15637.0,,51,49,3,1620.579224,2025-12-08 00:52:49
51,50,3,1663.283322,2025-12-08 00:51:50,14630.0,,51,50,3,1618.98877,2025-12-08 00:52:50
51,51,3,1669.583322,2025-12-08 00:51:51,13627.0,,51,51,3,1617.357788,2025-12-08 00:52:51
51,52,3,1666.083322,2025-12-08 00:51:52,12625.0,,51,52,3,1615.685425,2025-12-08 00:52:52
51,53,3,1664.383322,2025-12-08 00:51:53,11620.0,,51,53,3,1613.971069,2025-12-08 00:52:53
51,54,3,1664.183322,2025-12-08 00:51:54,10618.0,,51,54,3,1612.213867,2025-12-08 00:52:54
51,55,3,1665.183322,2025-12-08 00:51:55,9617.0,,51,55,3,1610.41333,2025-12-08 00:52:55
51,56,3,1663.983322,2025-12-08 00:51:56,8614.0,,51,56,3,1608.56897,2025-12-08 00:52:56
51,57,3,1665.583322,2025-12-08 00:51:57,7612.0,,51,57,3,1606.67981,2025-12-08 00:52:57
51,58,3,1659.883322,2025-12-08 00:51:58,6610.0,,51,58,3,1604.745239,2025-12-08 00:52:58
51,59,3,1665.383322,2025-12-08 00:51:59,5609.0,,51,59,3,1602.764771,2025-12-08 00:52:59
52,0,3,1661.583322,2025-12-08 00:52:00,59239.0,,52,0,3,1667.209106,2025-12-08 00:53:00
52,1,3,1667.583322,2025-12-08 00:52:01,58238.0,,52,1,3,1667.66626,2025-12-08 00:53:01
52,2,3,1663.683322,2025-12-08 00:52:02,57236.0,,52,2,3,1668.326172,2025-12-08 00:53:02
52,3,3,1659.183322,2025-12-08 00:52:03,56235.0,,52,3,3,1669.110718,2025-12-08 00:53:03
52,4,3,1664.183322,2025-12-08 00:52:04,55232.0,,52,4,3,1669.985474,2025-12-08 00:53:04
52,5,3,1665.283322,2025-12-08 00:52:05,54229.0,,52,5,3,1670.930542,2025-12-08 00:53:05
52,6,3,1665.083322,2025-12-08 00:52:06,53226.0,,52,6,3,1671.933716,2025-12-08 00:53:06
52,7,3,1663.283322,2025-12-08 00:52:07,52222.0,,52,7,3,1672.988159,2025-12-08 00:53:07
52,8,3,1664.483322,2025-12-08 00:52:08,51216.0,,52,8,3,1674.090576,2025-12-08 00:53:08
52,9,3,1659.083322,2025-12-08 00:52:09,50213.0,,52,9,3,1675.239258,2025-12-08 00:53:09
52,10,3,1667.183322,2025-12-08 00:52:10,49211.0,,52,10,3,1676.433838,2025-12-08 00:53:10
52,11,3,1665.083322,2025-12-08 00:52:11,48206.0,,52,11,3,1677.674316,2025-12-08 00:53:11
52,12,3,1665.983322,2025-12-08 00:52:12,47202.0,,52,12,3,1678.962158,2025-12-08 00:53:12
52,13,3,1662.083322,2025-12-08 00:52:13,46198.0,,52,13,3,1680.297974,2025-12-08 00:53:13
52,14,3,1668.683322,2025-12-08 00:52:14,45194.0,,52,14,3,1681.683716,2025-12-08 00:53:14
52,15,3,1665.683322,2025-12-08 00:52:15,44190.0,,52,15,3,1683.121094,2025-12-08 00:53:15
52,16,3,1661.083322,2025-12-08 00:52:16,43188.0,,52,16,3,1684.611816,2025-12-08 00:53:16
52,17,3,1662.183322,2025-12-08 00:52:17,42176.0,,52,17,3,1686.158081,2025-12-08 00:53:17
52,18,3,1660.983322,2025-12-08 00:52:18,41172.0,,52,18,3,1687.761719,2025-12-08 00:53:18
52,19,3,1661.983322,2025-12-08 00:52:19,40170.0,,52,19,3,1689.425781,2025-12-08 00:53:19
52,20,3,1671.383322,2025-12-08 00:52:20,39169.0,,52,20,3,1691.151855,2025-12-08 00:53:20
52,21,3,1670.983322,2025-12-08 00:52:21,38167.0,,52,21,3,1692.943359,2025-12-08 00:53:21
52,22,3,1667.883322,2025-12-08 00:52:22,37165.0,,52,22,3,1694.802734,2025-12-08 00:53:22
52,23,3,1666.683322,2025-12-08 00:52:23,36163.0,,52,23,3,1696.732788,2025-12-08 00:53:23
52,24,3,1663.283322,2025-12-08 00:52:24,35160.0,,52,24,3,1698.736694,2025-12-08 00:53:24
52,25,3,1661.883322,2025-12-08 00:52:25,34154.0,,52,25,3,1700.817505,2025-12-08 00:53:25
52,26,3,1663.183322,2025-12-08 00:52:26,33148.0,,52,26,3,1702.978882,2025-12-08 00:53:26
52,27,3,1663.683322,2025-12-08 00:52:27,32144.0,,52,27,3,1705.224365,2025-12-08 00:53:27
52,28,3,1669.283322,2025-12-08 00:52:28,31142.0,,52,28,3,1707.557861,2025-12-08 00:53:28
52,29,3,1666.483322,2025-12-08 00:52:29,30139.0,,52,29,3,1709.983154,2025-12-08 00:53:29
52,30,3,1663.383322,2025-12-08 00:52:30,29127.0,,52,30,3,1712.504517,2025-12-08 00:53:30
52,31,3,1664.783322,2025-12-08 00:52:31,28125.0,,52,31,3,1715.126587,2025-12-08 00:53:31
52,32,3,1663.883322,2025-12-08 00:52:32,27118.0,,52,32,3,1717.854004,2025-12-08 00:53:32
52,33,3,1662.883322,2025-12-08 00:52:33,26112.0,,52,33,3,1720.69165,2025-12-08 00:53:33
52,34,3,1663.783322,2025-12-08 00:52:34,25109.0,,52,34,3,1723.64502,2025-12-08 00:53:34
52,35,3,1663.383322,2025-12-08 00:52:35,24108.0,,52,35,3,1726.719604,2025-12-08 00:53:35
52,36,3,1663.583322,2025-12-08 00:52:36,23106.0,,52,36,3,1729.921265,2025-12-08 00:53:36
52,37,3,1664.383322,2025-12-08 00:52:37,22094.0,,52,37,3,1733.256226,2025-12-08 00:53:37
52,38,3,1667.583322,2025-12-08 00:52:38,21092.0,,52,38,3,1736.731689,2025-12-08 00:53:38
52,39,3,1663.083322,2025-12-08 00:52:39,20090.0,,52,39,3,1740.353638,2025-12-08 00:53:39
52,40,3,1667.983322,2025-12-08 00:52:40,19087.0,,52,40,3,1744.130371,2025-12-08 00:53:40
52,41,3,1665.583322,2025-12-08 00:52:41,18084.0,,52,41,3,1748.06958,2025-12-08 00:53:41
52,42,3,1663.983322,2025-12-08 00:52:42,17081.0,,52,42,3,1752.17981,2025-12-08 00:53:42
52,43,3,1661.183322,2025-12-08 00:52:43,16078.0,,52,43,3,1756.46936,2025-12-08 00:53:43
52,44,3,1668.583322,2025-12-08 00:52:44,15076.0,,52,44,3,1760.94873,2025-12-08 00:53:44
52,45,3,1664.783322,2025-12-08 00:52:45,14071.0,,52,45,3,1765.627808,2025-12-08 00:53:45
52,46,3,1665.183322,2025-12-08 00:52:46,13067.0,,52,46,3,1770.516968,2025-12-08 00:53:46
52,47,3,1664.483322,2025-12-08 00:52:47,12062.0,,52,47,3,1775.628296,2025-12-08 00:53:47
52,48,3,1665.883322,2025-12-08 00:52:48,11060.0,,52,48,3,1780.973267,2025-12-08 00:53:48
52,49,3,1664.083322,2025-12-08 00:52:49,10058.0,,52,49,3,1786.566162,2025-12-08 00:53:49
52,50,3,1669.483322,2025-12-08 00:52:50,9048.0,,52,50,3,1792.420288,2025-12-08 00:53:50
52,51,3,1664.383322,2025-12-08 00:52:51,8044.0,,52,51,3,1798.550537,2025-12-08 00:53:51
52,52,3,1666.683322,2025-12-08 00:52:52,7038.0,,52,52,3,1804.973267,2025-12-08 00:53:52
52,53,3,1666.383322,2025-12-08 00:52:53,6035.0,,52,53,3,1811.705933,2025-12-08 00:53:53
52,54,3,1665.983322,2025-12-08 00:52:54,5034.0,,52,54,3,1818.766235,2025-12-08 00:53:54
52,55,3,1667.083322,2025-12-08 00:52:55,4032.0,,52,55,3,1826.174683,2025-12-08 00:53:55
52,56,3,1663.383322,2025-12-08 00:52:56,3027.0,,52,56,3,1833.951782,2025-12-08 00:53:56
52,57,3,1667.283322,2025-12-08 00:52:57,2021.0,,52,57,3,1842.120605,2025-12-08 00:53:57
52,58,3,1662.583322,2025-12-08 00:52:58,1015.0,,52,58,3,1850.705566,2025-12-08 00:53:58
52,59,3,1663.883322,2025-12-08 00:52:59,11.0,,52,59,3,1859.732544,2025-12-08 00:53:59
53,0,3,1670.183322,2025-12-08 00:53:00,60283.0,,53,0,3,1703.039673,2025-12-08 00:54:00
53,1,3,1666.783322,2025-12-08 00:53:01,59282.0,,53,1,3,1704.620972,2025-12-08 00:54:01
53,2,3,1667.183322,2025-12-08 00:53:02,58275.0,,53,2,3,1706.550415,2025-12-08 00:54:02
53,3,3,1663.383322,2025-12-08 00:53:03,57272.0,,53,3,3,1708.701782,2025-12-08 00:54:03
53,4,3,1662.583322,2025-12-08 00:53:04,56270.0,,53,4,3,1711.029663,2025-12-08 00:54:04
53,5,3,1664.083322,2025-12-08 00:53:05,55267.0,,53,5,3,1713.507324,2025-12-08 00:54:05
53,6,3,1664.283322,2025-12-08 00:53:06,54263.0,,53,6,3,1716.120117,2025-12-08 00:54:06
53,7,3,1660.983322,2025-12-08 00:53:07,53261.0,,53,7,3,1718.861206,2025-12-08 00:54:07
53,8,3,1669.783322,2025-12-08 00:53:08,52258.0,,53,8,3,1721.728149,2025-12-08 00:54:08
53,9,3,1665.983322,2025-12-08 00:53:09,51248.0,,53,9,3,1724.72229,2025-12-08 00:54:09
53,10,3,1666.383322,2025-12-08 00:53:10,50245.0,,53,10,3,1727.845459,2025-12-08 00:54:10
53,11,3,1663.683322,2025-12-08 00:53:11,49241.0,,53,11,3,1731.102539,2025-12-08 00:54:11
53,12,3,1687.283322,2025-12-08 00:53:12,48238.0,,53,12,3,1734.498291,2025-12-08 00:54:12
53,13,3,1670.083322,2025-12-08 00:53:13,47231.0,,53,13,3,1738.03894,2025-12-08 00:54:13
53,14,3,1667.783322,2025-12-08 00:53:14,46229.0,,53,14,3,1741.730225,2025-12-08 00:54:14
53,15,3,1661.583322,2025-12-08 00:53:15,45228.0,,53,15,3,1745.580444,2025-12-08 00:54:15
53,16,3,1670.583322,2025-12-08 00:53:16,44227.0,,53,16,3,1749.59668,2025-12-08 00:54:16
53,17,3,1662.483322,2025-12-08 00:53:17,43226.0,,53,17,3,1753.787598,2025-12-08 00:54:17
53,18,3,1667.883322,2025-12-08 00:53:18,42224.0,,53,18,3,1758.161987,2025-12-08 00:54:18
53,19,3,1665.383322,2025-12-08 00:53:19,41222.0,,53,19,3,1762.730103,2025-12-08 00:54:19
53,20,3,1674.783322,2025-12-08 00:53:20,40215.0,,53,20,3,1767.501465,2025-12-08 00:54:20
53,21,3,1670.183322,2025-12-08 00:53:21,39209.0,,53,21,3,1772.487305,2025-12-08 00:54:21
53,22,3,1667.583322,2025-12-08 00:53:22,38207.0,,53,22,3,1777.699585,2025-12-08 00:54:22
53,23,3,1666.083322,2025-12-08 00:53:23,37204.0,,53,23,3,1783.151001,2025-12-08 00:54:23
53,24,3,1666.883322,2025-12-08 00:53:24,36201.0,,53,24,3,1788.854492,2025-12-08 00:54:24
53,25,3,1664.283322,2025-12-08 00:53:25,35198.0,,53,25,3,1794.824707,2025-12-08 00:54:25
53,26,3,1665.083322,2025-12-08 00:53:26,34196.0,,53,26,3,1801.077393,2025-12-08 00:54:26
53,27,3,1663.283322,2025-12-08 00:53:27,33180.0,,53,27,3,1807.628906,2025-12-08 00:54:27
53,28,3,1664.383322,2025-12-08 00:53:28,32159.0,,53,28,3,1814.496826,2025-12-08 00:54:28
53,29,3,1668.483322,2025-12-08 00:53:29,31153.0,,53,29,3,1821.700073,2025-12-08 00:54:29
53,30,3,1668.383322,2025-12-08 00:53:30,30067.0,,53,30,3,1829.258789,2025-12-08 00:54:30
53,31,3,1667.383322,2025-12-08 00:53:31,29062.0,,53,31,3,1837.19519,2025-12-08 00:54:31
53,32,3,1749.983322,2025-12-08 00:53:32,28048.0,,53,32,3,1845.532349,2025-12-08 00:54:32
53,33,3,1717.483322,2025-12-08 00:53:33,27026.0,,53,33,3,1854.295532,2025-12-08 00:54:33
53,34,3,1694.083322,2025-12-08 00:53:34,26022.0,,53,34,3,1863.511597,2025-12-08 00:54:34
53,35,3,1694.183322,2025-12-08 00:53:35,25021.0,,53,35,3,1873.210083,2025-12-08 00:54:35
53,36,3,1692.483322,2025-12-08 00:53:36,23782.0,,53,36,3,1883.420898,2025-12-08 00:54:36
53,37,3,1692.383322,2025-12-08 00:53:37,22772.0,,53,37,3,1894.178589,2025-12-08 00:54:37
53,38,3,1693.283322,2025-12-08 00:53:38,21769.0,,53,38,3,1905.518677,2025-12-08 00:54:38
53,39,3,1696.883322,2025-12-08 00:53:39,20759.0,,53,39,3,1917.479492,2025-12-08 00:54:39
53,40,3,1692.283322,2025-12-08 00:53:40,19698.0,,53,40,3,1930.102661,2025-12-08 00:54:40
53,41,3,1692.383322,2025-12-08 00:53:41,18690.0,,53,41,3,1943.432739,2025-12-08 00:54:41
53,42,3,1691.983322,2025-12-08 00:53:42,17383.0,,53,42,3,1957.516724,2025-12-08 00:54:42
53,43,3,1693.883322,2025-12-08 00:53:43,16381.0,,53,43,3,1972.40625,2025-12-08 00:54:43
53,44,3,1704.383322,2025-12-08 00:53:44,15245.0,,53,44,3,1988.155396,2025-12-08 00:54:44
53,45,3,1703.383322,2025-12-08 00:53:45,14217.0,,53,45,3,2004.822144,2025-12-08 00:54:45
53,46,3,1696.183322,2025-12-08 00:53:46,13211.0,,53,46,3,2022.468628,2025-12-08 00:54:46
53,47,3,1693.783322,2025-12-08 00:53:47,12172.0,,53,47,3,2041.159668,2025-12-08 00:54:47
53,48,3,1695.283322,2025-12-08 00:53:48,11153.0,,53,48,3,2060.965088,2025-12-08 00:54:48
53,49,3,1693.283322,2025-12-08 00:53:49,10140.0,,53,49,3,2081.957275,2025-12-08 00:54:49
53,50,3,1699.783322,2025-12-08 00:53:50,9131.0,,53,50,3,2104.212646,2025-12-08 00:54:50
53,51,3,1700.883322,2025-12-08 00:53:51,8087.0,,53,51,3,2127.80957,2025-12-08 00:54:51
53,52,3,1695.983322,2025-12-08 00:53:52,7055.0,,53,52,3,2152.828613,2025-12-08 00:54:52
53,53,3,1694.983322,2025-12-08 00:53:53,6046.0,,53,53,3,2179.352783,2025-12-08 00:54:53
53,54,3,1695.183322,2025-12-08 00:53:54,5039.0,,53,54,3,2207.463623,2025-12-08 00:54:54
53,55,3,1695.783322,2025-12-08 00:53:55,4030.0,,53,55,3,2237.241943,2025-12-08 00:54:55
53,56,3,1699.583322,2025-12-08 00:53:56,3029.0,,53,56,3,2268.764648,2025-12-08 00:54:56
53,57,3,1692.783322,2025-12-08 00:53:57,2023.0,,53,57,3,2302.102295,2025-12-08 00:54:57
53,58,3,1701.783322,2025-12-08 00:53:58,1012.0,,53,58,3,2337.317383,2025-12-08 00:54:58
53,59,3,1695.683322,2025-12-08 00:53:59,10.0,,53,59,3,2374.45874,2025-12-08 00:54:59
54,0,3,1696.983322,2025-12-08 00:54:00,59275.0,,54,0,3,1692.731934,2025-12-08 00:55:00
54,1,3,1697.183322,2025-12-08 00:54:01,58268.0,,54,1,3,1693.125244,2025-12-08 00:55:01
54,2,3,1695.083322,2025-12-08 00:54:02,57250.0,,54,2,3,1693.607178,2025-12-08 00:55:02
54,3,3,1695.083322,2025-12-08 00:54:03,56249.0,,54,3,3,1694.146606,2025-12-08 00:55:03
54,4,3,1695.983322,2025-12-08 00:54:04,55247.0,,54,4,3,1694.730835,2025-12-08 00:55:04
54,5,3,1695.883322,2025-12-08 00:54:05,54245.0,,54,5,3,1695.351685,2025-12-08 00:55:05
54,6,3,1694.083322,2025-12-08 00:54:06,53243.0,,54,6,3,1696.004761,2025-12-08 00:55:06
54,7,3,1695.883322,2025-12-08 00:54:07,52241.0,,54,7,3,1696.687378,2025-12-08 00:55:07
54,8,3,1695.283322,2025-12-08 00:54:08,51235.0,,54,8,3,1697.398193,2025-12-08 00:55:08
54,9,3,1694.283322,2025-12-08 00:54:09,50224.0,,54,9,3,1698.136597,2025-12-08 00:55:09
54,10,3,1694.983322,2025-12-08 00:54:10,49220.0,,54,10,3,1698.903076,2025-12-08 00:55:10
54,11,3,1694.483322,2025-12-08 00:54:11,48219.0,,54,11,3,1699.69751,2025-12-08 00:55:11
54,12,3,1690.383322,2025-12-08 00:54:12,47208.0,,54,12,3,1700.520508,2025-12-08 00:55:12
54,13,3,1691.783322,2025-12-08 00:54:13,46202.0,,54,13,3,1701.373169,2025-12-08 00:55:13
54,14,3,1698.283322,2025-12-08 00:54:14,45200.0,,54,14,3,1702.256226,2025-12-08 00:55:14
54,15,3,1694.483322,2025-12-08 00:54:15,44199.0,,54,15,3,1703.17041,2025-12-08 00:55:15
54,16,3,1694.983322,2025-12-08 00:54:16,43198.0,,54,16,3,1704.11731,2025-12-08 00:55:16
54,17,3,1692.483322,2025-12-08 00:54:17,42197.0,,54,17,3,1705.0979,2025-12-08 00:55:17
54,18,3,1691.883322,2025-12-08 00:54:18,41190.0,,54,18,3,1706.113159,2025-12-08 00:55:18
54,19,3,1693.883322,2025-12-08 00:54:19,40185.0,,54,19,3,1707.164673,2025-12-08 00:55:19
54,20,3,1702.083322,2025-12-08 00:54:20,39184.0,,54,20,3,1708.25354,2025-12-08 00:55:20
54,21,3,1696.483322,2025-12-08 00:54:21,38182.0,,54,21,3,1709.381592,2025-12-08 00:55:21
54,22,3,1698.683322,2025-12-08 00:54:22,37179.0,,54,22,3,1710.549805,2025-12-08 00:55:22
54,23,3,1695.783322,2025-12-08 00:54:23,36178.0,,54,23,3,1711.760132,2025-12-08 00:55:23
54,24,3,1691.983322,2025-12-08 00:54:24,35173.0,,54,24,3,1713.014282,2025-12-08 00:55:24
54,25,3,1690.583322,2025-12-08 00:54:25,34169.0,,54,25,3,1714.313843,2025-12-08 00:55:25
54,26,3,1692.983322,2025-12-08 00:54:26,33165.0,,54,26,3,1715.660645,2025-12-08 00:55:26
54,27,3,1690.583322,2025-12-08 00:54:27,32163.0,,54,27,3,1717.056885,2025-12-08 00:55:27
54,28,3,1690.783322,2025-12-08 00:54:28,31162.0,,54,28,3,1718.504395,2025-12-08 00:55:28
54,29,3,1692.083322,2025-12-08 00:54:29,30159.0,,54,29,3,1720.005005,2025-12-08 00:55:29
54,30,3,1697.783322,2025-12-08 00:54:30,29155.0,,54,30,3,1721.561279,2025-12-08 00:55:30
54,31,3,1690.283322,2025-12-08 00:54:31,28146.0,,54,31,3,1723.175781,2025-12-08 00:55:31
54,32,3,1695.683322,2025-12-08 00:54:32,27143.0,,54,32,3,1724.850464,2025-12-08 00:55:32
54,33,3,1688.683322,2025-12-08 00:54:33,26142.0,,54,33,3,1726.588379,2025-12-08 00:55:33
54,34,3,1691.683322,2025-12-08 00:54:34,25140.0,,54,34,3,1728.391602,2025-12-08 00:55:34
54,35,3,1691.983322,2025-12-08 00:54:35,24137.0,,54,35,3,1730.263794,2025-12-08 00:55:35
54,36,3,1699.483322,2025-12-08 00:54:36,23132.0,,54,36,3,1732.207397,2025-12-08 00:55:36
54,37,3,1691.783322,2025-12-08 00:54:37,22125.0,,54,37,3,1734.225708,2025-12-08 00:55:37
54,38,3,1690.483322,2025-12-08 00:54:38,21121.0,,54,38,3,1736.322021,2025-12-08 00:55:38
54,39,3,1689.183322,2025-12-08 00:54:39,20119.0,,54,39,3,1738.499512,2025-12-08 00:55:39
54,40,3,1690.783322,2025-12-08 00:54:40,19108.0,,54,40,3,1740.762207,2025-12-08 00:55:40
54,41,3,1691.583322,2025-12-08 00:54:41,18099.0,,54,41,3,1743.113892,2025-12-08 00:55:41
54,42,3,1691.983322,2025-12-08 00:54:42,17096.0,,54,42,3,1745.559082,2025-12-08 00:55:42
54,43,3,1698.883322,2025-12-08 00:54:43,16094.0,,54,43,3,1748.100952,2025-12-08 00:55:43
54,44,3,1691.983322,2025-12-08 00:54:44,15091.0,,54,44,3,1750.745117,2025-12-08 00:55:44
54,45,3,1689.783322,2025-12-08 00:54:45,14087.0,,54,45,3,1753.495605,2025-12-08 00:55:45
54,46,3,1690.183322,2025-12-08 00:54:46,13078.0,,54,46,3,1756.35791,2025-12-08 00:55:46
54,47,3,1696.483322,2025-12-08 00:54:47,12064.0,,54,47,3,1759.33728,2025-12-08 00:55:47
54,48,3,1694.083322,2025-12-08 00:54:48,11062.0,,54,48,3,1762.439209,2025-12-08 00:55:48
54,49,3,1691.783322,2025-12-08 00:54:49,10061.0,,54,49,3,1765.6698,2025-12-08 00:55:49
54,50,3,1690.783322,2025-12-08 00:54:50,9041.0,,54,50,3,1769.035522,2025-12-08 00:55:50
54,51,3,1691.183322,2025-12-08 00:54:51,8039.0,,54,51,3,1772.542725,2025-12-08 00:55:51
54,52,3,1696.483322,2025-12-08 00:54:52,7036.0,,54,52,3,1776.199097,2025-12-08 00:55:52
54,53,3,1695.883322,2025-12-08 00:54:53,6032.0,,54,53,3,1780.011475,2025-12-08 00:55:53
54,54,3,1692.283322,2025-12-08 00:54:54,5031.0,,54,54,3,1783.988281,2025-12-08 00:55:54
54,55,3,1691.983322,2025-12-08 00:54:55,4030.0,,54,55,3,1788.138184,2025-12-08 00:55:55
54,56,3,1683.083322,2025-12-08 00:54:56,3025.0,,54,56,3,1792.470215,2025-12-08 00:55:56
54,57,3,1691.583322,2025-12-08 00:54:57,2024.0,,54,57,3,1796.993652,2025-12-08 00:55:57
54,58,3,1694.083322,2025-12-08 00:54:58,1020.0,,54,58,3,1801.719238,2025-12-08 00:55:58
54,59,3,1691.283322,2025-12-08 00:54:59,19.0,,54,59,3,1806.657715,2025-12-08 00:55:59
