block,id,sensor_id,sensor_energy_value,sensor_timestamp,message_delay,,block,id,sensor_id,sensor_energy_value_prediction,sensor_timestamp
0,0,6,654.6,2025-12-08 00:00:00,59140.0,,0,0,6,943.517944,2025-12-08 00:01:00
0,1,6,665.8,2025-12-08 00:00:01,58136.0,,0,1,6,956.135742,2025-12-08 00:01:01
0,2,6,650.3,2025-12-08 00:00:02,57134.0,,0,2,6,970.014771,2025-12-08 00:01:02
0,3,6,650.3,2025-12-08 00:00:03,56132.0,,0,3,6,984.828552,2025-12-08 00:01:03
0,4,6,648.7,2025-12-08 00:00:04,55130.0,,0,4,6,1000.02887,2025-12-08 00:01:04
0,5,6,650.2,2025-12-08 00:00:05,54128.0,,0,5,6,1015.249878,2025-12-08 00:01:05
0,6,6,649.9,2025-12-08 00:00:06,53126.0,,0,6,6,1030.246582,2025-12-08 00:01:06
0,7,6,649.4,2025-12-08 00:00:07,52124.0,,0,7,6,1044.853271,2025-12-08 00:01:07
0,8,6,648.6,2025-12-08 00:00:08,51122.0,,0,8,6,1058.957275,2025-12-08 00:01:08
0,9,6,655.2,2025-12-08 00:00:09,50120.0,,0,9,6,1072.482056,2025-12-08 00:01:09
0,10,6,657.3,2025-12-08 00:00:10,49119.0,,0,10,6,1085.375732,2025-12-08 00:01:10
0,11,6,649.8,2025-12-08 00:00:11,48117.0,,0,11,6,1097.605591,2025-12-08 00:01:11
0,12,6,649.7,2025-12-08 00:00:12,47115.0,,0,12,6,1109.154053,2025-12-08 00:01:12
0,13,6,648.1,2025-12-08 00:00:13,46113.0,,0,13,6,1120.014526,2025-12-08 00:01:13
0,14,6,650.3,2025-12-08 00:00:14,45111.0,,0,14,6,1130.19043,2025-12-08 00:01:14
0,15,6,648.7,2025-12-08 00:00:15,44108.0,,0,15,6,1139.693726,2025-12-08 00:01:15
0,16,6,649.5,2025-12-08 00:00:16,43106.0,,0,16,6,1148.543213,2025-12-08 00:01:16
0,17,6,649.6,2025-12-08 00:00:17,42104.0,,0,17,6,1156.76355,2025-12-08 00:01:17
0,18,6,651.1,2025-12-08 00:00:18,41102.0,,0,18,6,1164.384277,2025-12-08 00:01:18
0,19,6,663.9,2025-12-08 00:00:19,40100.0,,0,19,6,1171.437744,2025-12-08 00:01:19
0,20,6,652.9,2025-12-08 00:00:20,39097.0,,0,20,6,1177.958496,2025-12-08 00:01:20
0,21,6,656.4,2025-12-08 00:00:21,38095.0,,0,21,6,1183.983398,2025-12-08 00:01:21
0,22,6,650.0,2025-12-08 00:00:22,37093.0,,0,22,6,1189.549072,2025-12-08 00:01:22
0,23,6,650.6,2025-12-08 00:00:23,36091.0,,0,23,6,1194.691895,2025-12-08 00:01:23
0,24,6,650.7,2025-12-08 00:00:24,35089.0,,0,24,6,1199.446899,2025-12-08 00:01:24
0,25,6,645.8,2025-12-08 00:00:25,34087.0,,0,25,6,1203.8479,2025-12-08 00:01:25
0,26,6,648.2,2025-12-08 00:00:26,33085.0,,0,26,6,1207.927246,2025-12-08 00:01:26
0,27,6,668.7,2025-12-08 00:00:27,32082.0,,0,27,6,1211.715088,2025-12-08 00:01:27
0,28,6,650.1,2025-12-08 00:00:28,31080.0,,0,28,6,1215.238403,2025-12-08 00:01:28
0,29,6,649.1,2025-12-08 00:00:29,30078.0,,0,29,6,1218.524658,2025-12-08 00:01:29
0,30,6,646.4,2025-12-08 00:00:30,29076.0,,0,30,6,1221.596558,2025-12-08 00:01:30
0,31,6,645.4,2025-12-08 00:00:31,28073.0,,0,31,6,1224.47583,2025-12-08 00:01:31
0,32,6,650.3,2025-12-08 00:00:32,27071.0,,0,32,6,1227.182007,2025-12-08 00:01:32
0,33,6,782.1,2025-12-08 00:00:33,26069.0,,0,33,6,1229.7323,2025-12-08 00:01:33
0,34,6,752.3,2025-12-08 00:00:34,25068.0,,0,34,6,1232.137817,2025-12-08 00:01:34
0,35,6,758.6,2025-12-08 00:00:35,24066.0,,0,35,6,1234.418701,2025-12-08 00:01:35
0,36,6,751.7,2025-12-08 00:00:36,23064.0,,0,36,6,1236.58667,2025-12-08 00:01:36
0,37,6,659.4,2025-12-08 00:00:37,22062.0,,0,37,6,1238.653198,2025-12-08 00:01:37
0,38,6,747.7,2025-12-08 00:00:38,21059.0,,0,38,6,1240.63208,2025-12-08 00:01:38
0,39,6,805.3,2025-12-08 00:00:39,20057.0,,0,39,6,1242.524902,2025-12-08 00:01:39
0,40,6,763.5,2025-12-08 00:00:40,19055.0,,0,40,6,1244.341187,2025-12-08 00:01:40
0,41,6,765.8,2025-12-08 00:00:41,18053.0,,0,41,6,1246.092041,2025-12-08 00:01:41
0,42,6,764.5,2025-12-08 00:00:42,17051.0,,0,42,6,1247.781982,2025-12-08 00:01:42
0,43,6,754.3,2025-12-08 00:00:43,16049.0,,0,43,6,1249.41687,2025-12-08 00:01:43
0,44,6,752.1,2025-12-08 00:00:44,15047.0,,0,44,6,1251.002075,2025-12-08 00:01:44
0,45,6,749.5,2025-12-08 00:00:45,14044.0,,0,45,6,1252.541626,2025-12-08 00:01:45
0,46,6,754.0,2025-12-08 00:00:46,13042.0,,0,46,6,1254.039429,2025-12-08 00:01:46
0,47,6,750.6,2025-12-08 00:00:47,12040.0,,0,47,6,1255.498901,2025-12-08 00:01:47
0,48,6,754.2,2025-12-08 00:00:48,11038.0,,0,48,6,1256.923584,2025-12-08 00:01:48
0,49,6,750.9,2025-12-08 00:00:49,10036.0,,0,49,6,1258.315674,2025-12-08 00:01:49
0,50,6,752.5,2025-12-08 00:00:50,9033.0,,0,50,6,1259.678467,2025-12-08 00:01:50
0,51,6,756.1,2025-12-08 00:00:51,8030.0,,0,51,6,1261.013428,2025-12-08 00:01:51
0,52,6,755.3,2025-12-08 00:00:52,7028.0,,0,52,6,1262.322876,2025-12-08 00:01:52
0,53,6,751.4,2025-12-08 00:00:53,6026.0,,0,53,6,1263.608521,2025-12-08 00:01:53
0,54,6,751.5,2025-12-08 00:00:54,5024.0,,0,54,6,1264.872314,2025-12-08 00:01:54
0,55,6,754.2,2025-12-08 00:00:55,4021.0,,0,55,6,1266.115234,2025-12-08 00:01:55
0,56,6,753.3,2025-12-08 00:00:56,3019.0,,0,56,6,1267.338867,2025-12-08 00:01:56
0,57,6,754.4,2025-12-08 00:00:57,2018.0,,0,57,6,1268.544312,2025-12-08 00:01:57
0,58,6,753.7,2025-12-08 00:00:58,1015.0,,0,58,6,1269.732544,2025-12-08 00:01:58
0,59,6,753.8,2025-12-08 00:00:59,13.0,,0,59,6,1270.904907,2025-12-08 00:01:59
1,0,6,1165.914286,2025-12-08 00:01:00,59130.0,,1,0,6,1240.45105,2025-12-08 00:02:00
1,1,6,1165.914286,2025-12-08 00:01:01,58128.0,,1,1,6,1241.907715,2025-12-08 00:02:01
1,2,6,1165.914286,2025-12-08 00:01:02,57126.0,,1,2,6,1243.39978,2025-12-08 00:02:02
1,3,6,1165.914286,2025-12-08 00:01:03,56124.0,,1,3,6,1244.862183,2025-12-08 00:02:03
1,4,6,756.0,2025-12-08 00:01:04,55121.0,,1,4,6,1246.297729,2025-12-08 00:02:04
1,5,6,981.4,2025-12-08 00:01:05,54119.0,,1,5,6,1247.722534,2025-12-08 00:02:05
1,6,6,1136.0,2025-12-08 00:01:06,53117.0,,1,6,6,1249.119995,2025-12-08 00:02:06
1,7,6,972.9,2025-12-08 00:01:07,52113.0,,1,7,6,1250.494263,2025-12-08 00:02:07
1,8,6,953.6,2025-12-08 00:01:08,51112.0,,1,8,6,1251.855591,2025-12-08 00:02:08
1,9,6,1031.1,2025-12-08 00:01:09,50110.0,,1,9,6,1253.200439,2025-12-08 00:02:09
1,10,6,964.1,2025-12-08 00:01:10,49108.0,,1,10,6,1254.5271,2025-12-08 00:02:10
1,11,6,1013.5,2025-12-08 00:01:11,48106.0,,1,11,6,1255.8396,2025-12-08 00:02:11
1,12,6,1040.7,2025-12-08 00:01:12,47105.0,,1,12,6,1257.13501,2025-12-08 00:02:12
1,13,6,1065.5,2025-12-08 00:01:13,46103.0,,1,13,6,1258.414673,2025-12-08 00:02:13
1,14,6,1093.4,2025-12-08 00:01:14,45101.0,,1,14,6,1259.678467,2025-12-08 00:02:14
1,15,6,1117.7,2025-12-08 00:01:15,44100.0,,1,15,6,1260.927368,2025-12-08 00:02:15
1,16,6,1134.2,2025-12-08 00:01:16,43097.0,,1,16,6,1262.161011,2025-12-08 00:02:16
1,17,6,1155.0,2025-12-08 00:01:17,42094.0,,1,17,6,1263.380493,2025-12-08 00:02:17
1,18,6,1172.7,2025-12-08 00:01:18,41092.0,,1,18,6,1264.585571,2025-12-08 00:02:18
1,19,6,1186.6,2025-12-08 00:01:19,40090.0,,1,19,6,1265.776855,2025-12-08 00:02:19
1,20,6,1196.7,2025-12-08 00:01:20,39087.0,,1,20,6,1266.954712,2025-12-08 00:02:20
1,21,6,1199.7,2025-12-08 00:01:21,38085.0,,1,21,6,1268.119751,2025-12-08 00:02:21
1,22,6,1195.0,2025-12-08 00:01:22,37083.0,,1,22,6,1269.271973,2025-12-08 00:02:22
1,23,6,1202.0,2025-12-08 00:01:23,36081.0,,1,23,6,1270.412598,2025-12-08 00:02:23
1,24,6,1206.8,2025-12-08 00:01:24,35078.0,,1,24,6,1271.541504,2025-12-08 00:02:24
1,25,6,1202.7,2025-12-08 00:01:25,34076.0,,1,25,6,1272.658936,2025-12-08 00:02:25
1,26,6,1200.2,2025-12-08 00:01:26,33074.0,,1,26,6,1273.765381,2025-12-08 00:02:26
1,27,6,1206.2,2025-12-08 00:01:27,32072.0,,1,27,6,1274.86145,2025-12-08 00:02:27
1,28,6,1205.8,2025-12-08 00:01:28,31070.0,,1,28,6,1275.947144,2025-12-08 00:02:28
1,29,6,1208.0,2025-12-08 00:01:29,30069.0,,1,29,6,1277.022705,2025-12-08 00:02:29
1,30,6,1203.4,2025-12-08 00:01:30,29067.0,,1,30,6,1278.088989,2025-12-08 00:02:30
1,31,6,1200.4,2025-12-08 00:01:31,28065.0,,1,31,6,1279.145996,2025-12-08 00:02:31
1,32,6,1200.5,2025-12-08 00:01:32,27063.0,,1,32,6,1280.194092,2025-12-08 00:02:32
1,33,6,1201.1,2025-12-08 00:01:33,26062.0,,1,33,6,1281.233765,2025-12-08 00:02:33
1,34,6,1203.1,2025-12-08 00:01:34,25060.0,,1,34,6,1282.264771,2025-12-08 00:02:34
1,35,6,1204.2,2025-12-08 00:01:35,24057.0,,1,35,6,1283.287598,2025-12-08 00:02:35
1,36,6,1205.9,2025-12-08 00:01:36,23055.0,,1,36,6,1284.302734,2025-12-08 00:02:36
1,37,6,1198.0,2025-12-08 00:01:37,22053.0,,1,37,6,1285.310303,2025-12-08 00:02:37
1,38,6,1198.8,2025-12-08 00:01:38,21050.0,,1,38,6,1286.310547,2025-12-08 00:02:38
1,39,6,1203.7,2025-12-08 00:01:39,20048.0,,1,39,6,1287.303833,2025-12-08 00:02:39
1,40,6,1204.9,2025-12-08 00:01:40,19046.0,,1,40,6,1288.290039,2025-12-08 00:02:40
1,41,6,1204.9,2025-12-08 00:01:41,18044.0,,1,41,6,1289.269653,2025-12-08 00:02:41
1,42,6,1210.7,2025-12-08 00:01:42,17042.0,,1,42,6,1290.24292,2025-12-08 00:02:42
1,43,6,1214.2,2025-12-08 00:01:43,16040.0,,1,43,6,1291.209839,2025-12-08 00:02:43
1,44,6,1212.6,2025-12-08 00:01:44,15038.0,,1,44,6,1292.170654,2025-12-08 00:02:44
1,45,6,1221.0,2025-12-08 00:01:45,14036.0,,1,45,6,1293.125854,2025-12-08 00:02:45
1,46,6,1222.9,2025-12-08 00:01:46,13034.0,,1,46,6,1294.075073,2025-12-08 00:02:46
1,47,6,1221.5,2025-12-08 00:01:47,12032.0,,1,47,6,1295.019165,2025-12-08 00:02:47
1,48,6,1224.9,2025-12-08 00:01:48,11030.0,,1,48,6,1295.957764,2025-12-08 00:02:48
1,49,6,1222.9,2025-12-08 00:01:49,10028.0,,1,49,6,1296.891479,2025-12-08 00:02:49
1,50,6,1224.7,2025-12-08 00:01:50,9026.0,,1,50,6,1297.820312,2025-12-08 00:02:50
1,51,6,1229.2,2025-12-08 00:01:51,8024.0,,1,51,6,1298.744507,2025-12-08 00:02:51
1,52,6,1229.1,2025-12-08 00:01:52,7022.0,,1,52,6,1299.66394,2025-12-08 00:02:52
1,53,6,1226.6,2025-12-08 00:01:53,6021.0,,1,53,6,1300.579468,2025-12-08 00:02:53
1,54,6,1229.6,2025-12-08 00:01:54,5020.0,,1,54,6,1301.490479,2025-12-08 00:02:54
1,55,6,1228.1,2025-12-08 00:01:55,4018.0,,1,55,6,1302.397583,2025-12-08 00:02:55
1,56,6,1228.5,2025-12-08 00:01:56,3016.0,,1,56,6,1303.300781,2025-12-08 00:02:56
1,57,6,1234.1,2025-12-08 00:01:57,2014.0,,1,57,6,1304.200439,2025-12-08 00:02:57
1,58,6,1232.1,2025-12-08 00:01:58,1013.0,,1,58,6,1305.096191,2025-12-08 00:02:58
1,59,6,1252.1,2025-12-08 00:01:59,11.0,,1,59,6,1305.988647,2025-12-08 00:02:59
2,0,6,1234.1,2025-12-08 00:02:00,59160.0,,2,0,6,1235.716064,2025-12-08 00:03:00
2,1,6,1227.2,2025-12-08 00:02:01,58158.0,,2,1,6,1236.709229,2025-12-08 00:03:01
2,2,6,1225.8,2025-12-08 00:02:02,57155.0,,2,2,6,1237.802734,2025-12-08 00:03:02
2,3,6,1226.8,2025-12-08 00:02:03,56153.0,,2,3,6,1238.974365,2025-12-08 00:03:03
2,4,6,1226.3,2025-12-08 00:02:04,55151.0,,2,4,6,1240.199219,2025-12-08 00:03:04
2,5,6,1225.7,2025-12-08 00:02:05,54148.0,,2,5,6,1241.459229,2025-12-08 00:03:05
2,6,6,1227.9,2025-12-08 00:02:06,53146.0,,2,6,6,1242.742676,2025-12-08 00:03:06
2,7,6,1231.5,2025-12-08 00:02:07,52144.0,,2,7,6,1244.040405,2025-12-08 00:03:07
2,8,6,1223.7,2025-12-08 00:02:08,51141.0,,2,8,6,1245.346313,2025-12-08 00:03:08
2,9,6,1222.4,2025-12-08 00:02:09,50137.0,,2,9,6,1246.655762,2025-12-08 00:03:09
2,10,6,1225.3,2025-12-08 00:02:10,49135.0,,2,10,6,1247.965576,2025-12-08 00:03:10
2,11,6,1221.6,2025-12-08 00:02:11,48133.0,,2,11,6,1249.272583,2025-12-08 00:03:11
2,12,6,1226.5,2025-12-08 00:02:12,47132.0,,2,12,6,1250.575073,2025-12-08 00:03:12
2,13,6,1222.8,2025-12-08 00:02:13,46130.0,,2,13,6,1251.871338,2025-12-08 00:03:13
2,14,6,1223.8,2025-12-08 00:02:14,45129.0,,2,14,6,1253.15979,2025-12-08 00:03:14
2,15,6,1243.2,2025-12-08 00:02:15,44128.0,,2,15,6,1254.439819,2025-12-08 00:03:15
2,16,6,1222.6,2025-12-08 00:02:16,43126.0,,2,16,6,1255.709961,2025-12-08 00:03:16
2,17,6,1226.8,2025-12-08 00:02:17,42124.0,,2,17,6,1256.970215,2025-12-08 00:03:17
2,18,6,1227.5,2025-12-08 00:02:18,41122.0,,2,18,6,1258.219849,2025-12-08 00:03:18
2,19,6,1232.3,2025-12-08 00:02:19,40120.0,,2,19,6,1259.458496,2025-12-08 00:03:19
2,20,6,1232.5,2025-12-08 00:02:20,39118.0,,2,20,6,1260.685791,2025-12-08 00:03:20
2,21,6,1235.7,2025-12-08 00:02:21,38115.0,,2,21,6,1261.901611,2025-12-08 00:03:21
2,22,6,1229.7,2025-12-08 00:02:22,37113.0,,2,22,6,1263.105835,2025-12-08 00:03:22
2,23,6,1229.9,2025-12-08 00:02:23,36111.0,,2,23,6,1264.29895,2025-12-08 00:03:23
2,24,6,1233.8,2025-12-08 00:02:24,35109.0,,2,24,6,1265.480347,2025-12-08 00:03:24
2,25,6,1226.3,2025-12-08 00:02:25,34108.0,,2,25,6,1266.650635,2025-12-08 00:03:25
2,26,6,1226.4,2025-12-08 00:02:26,33106.0,,2,26,6,1267.809448,2025-12-08 00:03:26
2,27,6,1231.4,2025-12-08 00:02:27,32104.0,,2,27,6,1268.957397,2025-12-08 00:03:27
2,28,6,1230.2,2025-12-08 00:02:28,31102.0,,2,28,6,1270.094238,2025-12-08 00:03:28
2,29,6,1231.9,2025-12-08 00:02:29,30100.0,,2,29,6,1271.220459,2025-12-08 00:03:29
2,30,6,1229.4,2025-12-08 00:02:30,29098.0,,2,30,6,1272.33606,2025-12-08 00:03:30
2,31,6,1223.6,2025-12-08 00:02:31,28096.0,,2,31,6,1273.441406,2025-12-08 00:03:31
2,32,6,1224.6,2025-12-08 00:02:32,27095.0,,2,32,6,1274.536987,2025-12-08 00:03:32
2,33,6,1229.0,2025-12-08 00:02:33,26092.0,,2,33,6,1275.622925,2025-12-08 00:03:33
2,34,6,1225.5,2025-12-08 00:02:34,25090.0,,2,34,6,1276.698975,2025-12-08 00:03:34
2,35,6,1226.8,2025-12-08 00:02:35,24088.0,,2,35,6,1277.765747,2025-12-08 00:03:35
2,36,6,1225.9,2025-12-08 00:02:36,23086.0,,2,36,6,1278.823364,2025-12-08 00:03:36
2,37,6,1224.2,2025-12-08 00:02:37,22085.0,,2,37,6,1279.872681,2025-12-08 00:03:37
2,38,6,1226.1,2025-12-08 00:02:38,21083.0,,2,38,6,1280.912964,2025-12-08 00:03:38
2,39,6,1228.3,2025-12-08 00:02:39,20081.0,,2,39,6,1281.94519,2025-12-08 00:03:39
2,40,6,1227.9,2025-12-08 00:02:40,19079.0,,2,40,6,1282.969238,2025-12-08 00:03:40
2,41,6,1232.5,2025-12-08 00:02:41,18077.0,,2,41,6,1283.985474,2025-12-08 00:03:41
2,42,6,1224.7,2025-12-08 00:02:42,17075.0,,2,42,6,1284.994141,2025-12-08 00:03:42
2,43,6,1221.1,2025-12-08 00:02:43,16073.0,,2,43,6,1285.995605,2025-12-08 00:03:43
2,44,6,1226.0,2025-12-08 00:02:44,15071.0,,2,44,6,1286.989746,2025-12-08 00:03:44
2,45,6,1224.3,2025-12-08 00:02:45,14069.0,,2,45,6,1287.977295,2025-12-08 00:03:45
2,46,6,1227.8,2025-12-08 00:02:46,13067.0,,2,46,6,1288.95813,2025-12-08 00:03:46
2,47,6,1229.3,2025-12-08 00:02:47,12065.0,,2,47,6,1289.932373,2025-12-08 00:03:47
2,48,6,1224.5,2025-12-08 00:02:48,11064.0,,2,48,6,1290.900391,2025-12-08 00:03:48
2,49,6,1223.6,2025-12-08 00:02:49,10061.0,,2,49,6,1291.862427,2025-12-08 00:03:49
2,50,6,1224.2,2025-12-08 00:02:50,9059.0,,2,50,6,1292.818848,2025-12-08 00:03:50
2,51,6,1227.9,2025-12-08 00:02:51,8057.0,,2,51,6,1293.769775,2025-12-08 00:03:51
2,52,6,1224.6,2025-12-08 00:02:52,7054.0,,2,52,6,1294.714966,2025-12-08 00:03:52
2,53,6,1224.1,2025-12-08 00:02:53,6053.0,,2,53,6,1295.655029,2025-12-08 00:03:53
2,54,6,1220.1,2025-12-08 00:02:54,5047.0,,2,54,6,1296.590088,2025-12-08 00:03:54
2,55,6,1224.0,2025-12-08 00:02:55,4042.0,,2,55,6,1297.520264,2025-12-08 00:03:55
2,56,6,1224.0,2025-12-08 00:02:56,3039.0,,2,56,6,1298.445923,2025-12-08 00:03:56
2,57,6,1228.6,2025-12-08 00:02:57,2032.0,,2,57,6,1299.366943,2025-12-08 00:03:57
2,58,6,1224.1,2025-12-08 00:02:58,1030.0,,2,58,6,1300.283569,2025-12-08 00:03:58
2,59,6,1232.4,2025-12-08 00:02:59,28.0,,2,59,6,1301.196045,2025-12-08 00:03:59
3,0,6,1226.2,2025-12-08 00:03:00,59139.0,,3,0,6,1361.059082,2025-12-08 00:04:00
3,1,6,1228.9,2025-12-08 00:03:01,58137.0,,3,1,6,1363.255005,2025-12-08 00:04:01
3,2,6,1226.9,2025-12-08 00:03:02,57135.0,,3,2,6,1365.271851,2025-12-08 00:04:02
3,3,6,1224.8,2025-12-08 00:03:03,56133.0,,3,3,6,1366.991943,2025-12-08 00:04:03
3,4,6,1240.8,2025-12-08 00:03:04,55131.0,,3,4,6,1368.500366,2025-12-08 00:04:04
3,5,6,1225.1,2025-12-08 00:03:05,54129.0,,3,5,6,1369.863647,2025-12-08 00:04:05
3,6,6,1246.2,2025-12-08 00:03:06,53128.0,,3,6,6,1371.127686,2025-12-08 00:04:06
3,7,6,1221.4,2025-12-08 00:03:07,52126.0,,3,7,6,1372.321777,2025-12-08 00:04:07
3,8,6,1219.3,2025-12-08 00:03:08,51124.0,,3,8,6,1373.467407,2025-12-08 00:04:08
3,9,6,1230.5,2025-12-08 00:03:09,50119.0,,3,9,6,1374.577515,2025-12-08 00:04:09
3,10,6,1227.3,2025-12-08 00:03:10,49117.0,,3,10,6,1375.662354,2025-12-08 00:04:10
3,11,6,1223.3,2025-12-08 00:03:11,48110.0,,3,11,6,1376.728638,2025-12-08 00:04:11
3,12,6,1226.6,2025-12-08 00:03:12,47096.0,,3,12,6,1377.78186,2025-12-08 00:04:12
3,13,6,1222.8,2025-12-08 00:03:13,46094.0,,3,13,6,1378.825439,2025-12-08 00:04:13
3,14,6,1224.1,2025-12-08 00:03:14,45093.0,,3,14,6,1379.862549,2025-12-08 00:04:14
3,15,6,1234.5,2025-12-08 00:03:15,44092.0,,3,15,6,1380.895386,2025-12-08 00:04:15
3,16,6,1220.1,2025-12-08 00:03:16,43091.0,,3,16,6,1381.926025,2025-12-08 00:04:16
3,17,6,1222.3,2025-12-08 00:03:17,42089.0,,3,17,6,1382.956055,2025-12-08 00:04:17
3,18,6,1226.7,2025-12-08 00:03:18,41087.0,,3,18,6,1383.986572,2025-12-08 00:04:18
3,19,6,1228.7,2025-12-08 00:03:19,40084.0,,3,19,6,1385.018555,2025-12-08 00:04:19
3,20,6,1226.5,2025-12-08 00:03:20,39083.0,,3,20,6,1386.053223,2025-12-08 00:04:20
3,21,6,1230.9,2025-12-08 00:03:21,38082.0,,3,21,6,1387.091309,2025-12-08 00:04:21
3,22,6,1229.3,2025-12-08 00:03:22,37080.0,,3,22,6,1388.133179,2025-12-08 00:04:22
3,23,6,1235.4,2025-12-08 00:03:23,36078.0,,3,23,6,1389.179321,2025-12-08 00:04:23
3,24,6,1238.8,2025-12-08 00:03:24,35077.0,,3,24,6,1390.230835,2025-12-08 00:04:24
3,25,6,1218.9,2025-12-08 00:03:25,34075.0,,3,25,6,1391.287231,2025-12-08 00:04:25
3,26,6,1225.2,2025-12-08 00:03:26,33073.0,,3,26,6,1392.350098,2025-12-08 00:04:26
3,27,6,1262.2,2025-12-08 00:03:27,32071.0,,3,27,6,1393.418823,2025-12-08 00:04:27
3,28,6,1355.8,2025-12-08 00:03:28,31070.0,,3,28,6,1394.493652,2025-12-08 00:04:28
3,29,6,1332.4,2025-12-08 00:03:29,30068.0,,3,29,6,1395.574341,2025-12-08 00:04:29
3,30,6,1332.1,2025-12-08 00:03:30,29066.0,,3,30,6,1396.661987,2025-12-08 00:04:30
3,31,6,1332.2,2025-12-08 00:03:31,28064.0,,3,31,6,1397.756592,2025-12-08 00:04:31
3,32,6,1332.5,2025-12-08 00:03:32,27063.0,,3,32,6,1398.858887,2025-12-08 00:04:32
3,33,6,1335.9,2025-12-08 00:03:33,26061.0,,3,33,6,1399.968628,2025-12-08 00:04:33
3,34,6,1340.2,2025-12-08 00:03:34,25059.0,,3,34,6,1401.086304,2025-12-08 00:04:34
3,35,6,1345.8,2025-12-08 00:03:35,24058.0,,3,35,6,1402.212158,2025-12-08 00:04:35
3,36,6,1321.7,2025-12-08 00:03:36,23056.0,,3,36,6,1403.346069,2025-12-08 00:04:36
3,37,6,1334.2,2025-12-08 00:03:37,22054.0,,3,37,6,1404.488647,2025-12-08 00:04:37
3,38,6,1333.3,2025-12-08 00:03:38,21052.0,,3,38,6,1405.639526,2025-12-08 00:04:38
3,39,6,1335.6,2025-12-08 00:03:39,20050.0,,3,39,6,1406.799805,2025-12-08 00:04:39
3,40,6,1336.1,2025-12-08 00:03:40,19048.0,,3,40,6,1407.968628,2025-12-08 00:04:40
3,41,6,1329.5,2025-12-08 00:03:41,18046.0,,3,41,6,1409.147095,2025-12-08 00:04:41
3,42,6,1337.2,2025-12-08 00:03:42,17042.0,,3,42,6,1410.334717,2025-12-08 00:04:42
3,43,6,1328.4,2025-12-08 00:03:43,16041.0,,3,43,6,1411.532471,2025-12-08 00:04:43
3,44,6,1334.1,2025-12-08 00:03:44,15039.0,,3,44,6,1412.739868,2025-12-08 00:04:44
3,45,6,1331.6,2025-12-08 00:03:45,14036.0,,3,45,6,1413.957397,2025-12-08 00:04:45
3,46,6,1331.0,2025-12-08 00:03:46,13035.0,,3,46,6,1415.185181,2025-12-08 00:04:46
3,47,6,1330.1,2025-12-08 00:03:47,12033.0,,3,47,6,1416.423706,2025-12-08 00:04:47
3,48,6,1331.3,2025-12-08 00:03:48,11031.0,,3,48,6,1417.672729,2025-12-08 00:04:48
3,49,6,1329.8,2025-12-08 00:03:49,10030.0,,3,49,6,1418.932617,2025-12-08 00:04:49
3,50,6,1329.6,2025-12-08 00:03:50,9028.0,,3,50,6,1420.203613,2025-12-08 00:04:50
3,51,6,1332.9,2025-12-08 00:03:51,8026.0,,3,51,6,1421.486084,2025-12-08 00:04:51
3,52,6,1337.4,2025-12-08 00:03:52,7024.0,,3,52,6,1422.779785,2025-12-08 00:04:52
3,53,6,1341.4,2025-12-08 00:03:53,6022.0,,3,53,6,1424.085449,2025-12-08 00:04:53
3,54,6,1338.3,2025-12-08 00:03:54,5020.0,,3,54,6,1425.40271,2025-12-08 00:04:54
3,55,6,1331.1,2025-12-08 00:03:55,4018.0,,3,55,6,1426.7323,2025-12-08 00:04:55
3,56,6,1360.4,2025-12-08 00:03:56,3017.0,,3,56,6,1428.074341,2025-12-08 00:04:56
3,57,6,1402.6,2025-12-08 00:03:57,2015.0,,3,57,6,1429.428833,2025-12-08 00:04:57
3,58,6,1393.7,2025-12-08 00:03:58,1013.0,,3,58,6,1430.795898,2025-12-08 00:04:58
3,59,6,1392.0,2025-12-08 00:03:59,11.0,,3,59,6,1432.176147,2025-12-08 00:04:59
4,0,6,1402.4,2025-12-08 00:04:00,59129.0,,4,0,6,1489.926514,2025-12-08 00:05:00
4,1,6,1402.4,2025-12-08 00:04:01,58128.0,,4,1,6,1491.461548,2025-12-08 00:05:01
4,2,6,1392.7,2025-12-08 00:04:02,57126.0,,4,2,6,1493.057983,2025-12-08 00:05:02
4,3,6,1394.2,2025-12-08 00:04:03,56124.0,,4,3,6,1494.804932,2025-12-08 00:05:03
4,4,6,1396.2,2025-12-08 00:04:04,55119.0,,4,4,6,1496.672363,2025-12-08 00:05:04
4,5,6,1398.6,2025-12-08 00:04:05,54118.0,,4,5,6,1498.631714,2025-12-08 00:05:05
4,6,6,1406.0,2025-12-08 00:04:06,53116.0,,4,6,6,1500.663818,2025-12-08 00:05:06
4,7,6,1395.2,2025-12-08 00:04:07,52114.0,,4,7,6,1502.755737,2025-12-08 00:05:07
4,8,6,1401.8,2025-12-08 00:04:08,51113.0,,4,8,6,1504.89978,2025-12-08 00:05:08
4,9,6,1399.9,2025-12-08 00:04:09,50111.0,,4,9,6,1507.090088,2025-12-08 00:05:09
4,10,6,1398.8,2025-12-08 00:04:10,49109.0,,4,10,6,1509.323242,2025-12-08 00:05:10
4,11,6,1396.1,2025-12-08 00:04:11,48106.0,,4,11,6,1511.59668,2025-12-08 00:05:11
4,12,6,1402.9,2025-12-08 00:04:12,47105.0,,4,12,6,1513.908813,2025-12-08 00:05:12
4,13,6,1389.4,2025-12-08 00:04:13,46103.0,,4,13,6,1516.258911,2025-12-08 00:05:13
4,14,6,1387.2,2025-12-08 00:04:14,45101.0,,4,14,6,1518.64624,2025-12-08 00:05:14
4,15,6,1397.3,2025-12-08 00:04:15,44099.0,,4,15,6,1521.070557,2025-12-08 00:05:15
4,16,6,1403.0,2025-12-08 00:04:16,43097.0,,4,16,6,1523.531616,2025-12-08 00:05:16
4,17,6,1394.5,2025-12-08 00:04:17,42094.0,,4,17,6,1526.029785,2025-12-08 00:05:17
4,18,6,1393.1,2025-12-08 00:04:18,41091.0,,4,18,6,1528.565063,2025-12-08 00:05:18
4,19,6,1399.6,2025-12-08 00:04:19,40088.0,,4,19,6,1531.138062,2025-12-08 00:05:19
4,20,6,1401.1,2025-12-08 00:04:20,39087.0,,4,20,6,1533.748779,2025-12-08 00:05:20
4,21,6,1400.6,2025-12-08 00:04:21,38085.0,,4,21,6,1536.397827,2025-12-08 00:05:21
4,22,6,1403.8,2025-12-08 00:04:22,37082.0,,4,22,6,1539.085815,2025-12-08 00:05:22
4,23,6,1388.7,2025-12-08 00:04:23,36078.0,,4,23,6,1541.812866,2025-12-08 00:05:23
4,24,6,1391.8,2025-12-08 00:04:24,35072.0,,4,24,6,1544.580688,2025-12-08 00:05:24
4,25,6,1401.8,2025-12-08 00:04:25,34071.0,,4,25,6,1547.38855,2025-12-08 00:05:25
4,26,6,1395.7,2025-12-08 00:04:26,33069.0,,4,26,6,1550.237915,2025-12-08 00:05:26
4,27,6,1400.4,2025-12-08 00:04:27,32067.0,,4,27,6,1553.129395,2025-12-08 00:05:27
4,28,6,1401.4,2025-12-08 00:04:28,31065.0,,4,28,6,1556.063599,2025-12-08 00:05:28
4,29,6,1410.5,2025-12-08 00:04:29,30063.0,,4,29,6,1559.041138,2025-12-08 00:05:29
4,30,6,1394.8,2025-12-08 00:04:30,29062.0,,4,30,6,1562.062866,2025-12-08 00:05:30
4,31,6,1390.1,2025-12-08 00:04:31,28060.0,,4,31,6,1565.129639,2025-12-08 00:05:31
4,32,6,1405.0,2025-12-08 00:04:32,27059.0,,4,32,6,1568.241943,2025-12-08 00:05:32
4,33,6,1391.3,2025-12-08 00:04:33,26057.0,,4,33,6,1571.400879,2025-12-08 00:05:33
4,34,6,1391.4,2025-12-08 00:04:34,25055.0,,4,34,6,1574.6073,2025-12-08 00:05:34
4,35,6,1385.8,2025-12-08 00:04:35,24053.0,,4,35,6,1577.861206,2025-12-08 00:05:35
4,36,6,1408.1,2025-12-08 00:04:36,23051.0,,4,36,6,1581.164307,2025-12-08 00:05:36
4,37,6,1474.4,2025-12-08 00:04:37,22049.0,,4,37,6,1584.51709,2025-12-08 00:05:37
4,38,6,1472.6,2025-12-08 00:04:38,21047.0,,4,38,6,1587.920044,2025-12-08 00:05:38
4,39,6,1472.7,2025-12-08 00:04:39,20045.0,,4,39,6,1591.37439,2025-12-08 00:05:39
4,40,6,1474.5,2025-12-08 00:04:40,19044.0,,4,40,6,1594.881226,2025-12-08 00:05:40
4,41,6,1480.4,2025-12-08 00:04:41,18042.0,,4,41,6,1598.440552,2025-12-08 00:05:41
4,42,6,1477.1,2025-12-08 00:04:42,17040.0,,4,42,6,1602.054199,2025-12-08 00:05:42
4,43,6,1476.4,2025-12-08 00:04:43,16038.0,,4,43,6,1605.722656,2025-12-08 00:05:43
4,44,6,1478.2,2025-12-08 00:04:44,15037.0,,4,44,6,1609.446533,2025-12-08 00:05:44
4,45,6,1480.5,2025-12-08 00:04:45,14035.0,,4,45,6,1613.226807,2025-12-08 00:05:45
4,46,6,1480.0,2025-12-08 00:04:46,13033.0,,4,46,6,1617.064453,2025-12-08 00:05:46
4,47,6,1478.2,2025-12-08 00:04:47,12032.0,,4,47,6,1620.960449,2025-12-08 00:05:47
4,48,6,1480.8,2025-12-08 00:04:48,11030.0,,4,48,6,1624.915039,2025-12-08 00:05:48
4,49,6,1477.6,2025-12-08 00:04:49,10028.0,,4,49,6,1628.929565,2025-12-08 00:05:49
4,50,6,1484.2,2025-12-08 00:04:50,9027.0,,4,50,6,1633.004761,2025-12-08 00:05:50
4,51,6,1484.3,2025-12-08 00:04:51,8025.0,,4,51,6,1637.141357,2025-12-08 00:05:51
4,52,6,1483.0,2025-12-08 00:04:52,7023.0,,4,52,6,1641.34021,2025-12-08 00:05:52
4,53,6,1475.6,2025-12-08 00:04:53,6021.0,,4,53,6,1645.601562,2025-12-08 00:05:53
4,54,6,1471.6,2025-12-08 00:04:54,5020.0,,4,54,6,1649.926758,2025-12-08 00:05:54
4,55,6,1470.9,2025-12-08 00:04:55,4018.0,,4,55,6,1654.316406,2025-12-08 00:05:55
4,56,6,1471.2,2025-12-08 00:04:56,3016.0,,4,56,6,1658.77124,2025-12-08 00:05:56
4,57,6,1478.6,2025-12-08 00:04:57,2015.0,,4,57,6,1663.291626,2025-12-08 00:05:57
4,58,6,1475.8,2025-12-08 00:04:58,1013.0,,4,58,6,1667.878174,2025-12-08 00:05:58
4,59,6,1473.0,2025-12-08 00:04:59,11.0,,4,59,6,1672.531616,2025-12-08 00:05:59
5,0,6,1474.6,2025-12-08 00:05:00,59146.0,,5,0,6,1643.40564,2025-12-08 00:06:00
5,1,6,1478.3,2025-12-08 00:05:01,58144.0,,5,1,6,1646.621826,2025-12-08 00:06:01
5,2,6,1473.2,2025-12-08 00:05:02,57142.0,,5,2,6,1649.938721,2025-12-08 00:06:02
5,3,6,1475.7,2025-12-08 00:05:03,56141.0,,5,3,6,1653.578491,2025-12-08 00:06:03
5,4,6,1476.0,2025-12-08 00:05:04,55140.0,,5,4,6,1657.488159,2025-12-08 00:06:04
5,5,6,1474.3,2025-12-08 00:05:05,54138.0,,5,5,6,1661.606934,2025-12-08 00:06:05
5,6,6,1480.3,2025-12-08 00:05:06,53136.0,,5,6,6,1665.893311,2025-12-08 00:06:06
5,7,6,1488.0,2025-12-08 00:05:07,52134.0,,5,7,6,1670.318359,2025-12-08 00:06:07
5,8,6,1472.4,2025-12-08 00:05:08,51133.0,,5,8,6,1674.862793,2025-12-08 00:06:08
5,9,6,1481.6,2025-12-08 00:05:09,50132.0,,5,9,6,1679.512207,2025-12-08 00:06:09
5,10,6,1492.7,2025-12-08 00:05:10,49130.0,,5,10,6,1684.257812,2025-12-08 00:06:10
5,11,6,1473.0,2025-12-08 00:05:11,48127.0,,5,11,6,1689.092407,2025-12-08 00:06:11
5,12,6,1473.7,2025-12-08 00:05:12,47125.0,,5,12,6,1694.011475,2025-12-08 00:06:12
5,13,6,1473.7,2025-12-08 00:05:13,46124.0,,5,13,6,1699.011475,2025-12-08 00:06:13
5,14,6,1474.6,2025-12-08 00:05:14,45122.0,,5,14,6,1704.089722,2025-12-08 00:06:14
5,15,6,1479.2,2025-12-08 00:05:15,44120.0,,5,15,6,1709.244385,2025-12-08 00:06:15
5,16,6,1481.9,2025-12-08 00:05:16,43119.0,,5,16,6,1714.473755,2025-12-08 00:06:16
5,17,6,1481.4,2025-12-08 00:05:17,42117.0,,5,17,6,1719.7771,2025-12-08 00:06:17
5,18,6,1476.5,2025-12-08 00:05:18,41116.0,,5,18,6,1725.153076,2025-12-08 00:06:18
5,19,6,1483.6,2025-12-08 00:05:19,40114.0,,5,19,6,1730.600952,2025-12-08 00:06:19
5,20,6,1483.6,2025-12-08 00:05:20,39112.0,,5,20,6,1736.119995,2025-12-08 00:06:20
5,21,6,1484.4,2025-12-08 00:05:21,38109.0,,5,21,6,1741.709229,2025-12-08 00:06:21
5,22,6,1481.4,2025-12-08 00:05:22,37105.0,,5,22,6,1747.368286,2025-12-08 00:06:22
5,23,6,1477.6,2025-12-08 00:05:23,36103.0,,5,23,6,1753.096436,2025-12-08 00:06:23
5,24,6,1478.5,2025-12-08 00:05:24,35101.0,,5,24,6,1758.893066,2025-12-08 00:06:24
5,25,6,1476.9,2025-12-08 00:05:25,34100.0,,5,25,6,1764.756958,2025-12-08 00:06:25
5,26,6,1541.5,2025-12-08 00:05:26,33098.0,,5,26,6,1770.687378,2025-12-08 00:06:26
5,27,6,1596.7,2025-12-08 00:05:27,32097.0,,5,27,6,1776.68396,2025-12-08 00:06:27
5,28,6,1616.5,2025-12-08 00:05:28,31095.0,,5,28,6,1782.744751,2025-12-08 00:06:28
5,29,6,1605.5,2025-12-08 00:05:29,30094.0,,5,29,6,1788.869019,2025-12-08 00:06:29
5,30,6,1613.5,2025-12-08 00:05:30,29079.0,,5,30,6,1795.056396,2025-12-08 00:06:30
5,31,6,1633.8,2025-12-08 00:05:31,28077.0,,5,31,6,1801.30481,2025-12-08 00:06:31
5,32,6,1616.6,2025-12-08 00:05:32,27076.0,,5,32,6,1807.612915,2025-12-08 00:06:32
5,33,6,1630.6,2025-12-08 00:05:33,26074.0,,5,33,6,1813.979492,2025-12-08 00:06:33
5,34,6,1610.6,2025-12-08 00:05:34,25073.0,,5,34,6,1820.402588,2025-12-08 00:06:34
5,35,6,1613.7,2025-12-08 00:05:35,24072.0,,5,35,6,1826.880249,2025-12-08 00:06:35
5,36,6,1614.3,2025-12-08 00:05:36,23070.0,,5,36,6,1833.410767,2025-12-08 00:06:36
5,37,6,1614.2,2025-12-08 00:05:37,22068.0,,5,37,6,1839.991699,2025-12-08 00:06:37
5,38,6,1609.4,2025-12-08 00:05:38,21067.0,,5,38,6,1846.620361,2025-12-08 00:06:38
5,39,6,1612.6,2025-12-08 00:05:39,20065.0,,5,39,6,1853.295288,2025-12-08 00:06:39
5,40,6,1615.4,2025-12-08 00:05:40,19064.0,,5,40,6,1860.013184,2025-12-08 00:06:40
5,41,6,1613.5,2025-12-08 00:05:41,18062.0,,5,41,6,1866.771729,2025-12-08 00:06:41
5,42,6,1613.1,2025-12-08 00:05:42,17061.0,,5,42,6,1873.567627,2025-12-08 00:06:42
5,43,6,1615.9,2025-12-08 00:05:43,16059.0,,5,43,6,1880.398193,2025-12-08 00:06:43
5,44,6,1611.0,2025-12-08 00:05:44,15058.0,,5,44,6,1887.259888,2025-12-08 00:06:44
5,45,6,1613.1,2025-12-08 00:05:45,14057.0,,5,45,6,1894.150146,2025-12-08 00:06:45
5,46,6,1619.1,2025-12-08 00:05:46,13054.0,,5,46,6,1901.064941,2025-12-08 00:06:46
5,47,6,1608.0,2025-12-08 00:05:47,12053.0,,5,47,6,1908.001099,2025-12-08 00:06:47
5,48,6,1614.9,2025-12-08 00:05:48,11052.0,,5,48,6,1914.95459,2025-12-08 00:06:48
5,49,6,1614.2,2025-12-08 00:05:49,10050.0,,5,49,6,1921.922119,2025-12-08 00:06:49
5,50,6,1616.0,2025-12-08 00:05:50,9049.0,,5,50,6,1928.899414,2025-12-08 00:06:50
5,51,6,1613.9,2025-12-08 00:05:51,8047.0,,5,51,6,1935.882935,2025-12-08 00:06:51
5,52,6,1613.9,2025-12-08 00:05:52,7045.0,,5,52,6,1942.868286,2025-12-08 00:06:52
5,53,6,1611.0,2025-12-08 00:05:53,6043.0,,5,53,6,1949.85144,2025-12-08 00:06:53
5,54,6,1616.9,2025-12-08 00:05:54,5042.0,,5,54,6,1956.828491,2025-12-08 00:06:54
5,55,6,1611.5,2025-12-08 00:05:55,4039.0,,5,55,6,1963.795044,2025-12-08 00:06:55
5,56,6,1611.9,2025-12-08 00:05:56,3037.0,,5,56,6,1970.746826,2025-12-08 00:06:56
5,57,6,1617.3,2025-12-08 00:05:57,2035.0,,5,57,6,1977.679688,2025-12-08 00:06:57
5,58,6,1614.5,2025-12-08 00:05:58,1031.0,,5,58,6,1984.588867,2025-12-08 00:06:58
5,59,6,1611.2,2025-12-08 00:05:59,30.0,,5,59,6,1991.470703,2025-12-08 00:06:59
6,0,6,1620.2,2025-12-08 00:06:00,59313.0,,6,0,6,1647.509888,2025-12-08 00:07:00
6,1,6,1617.2,2025-12-08 00:06:01,58312.0,,6,1,6,1650.8302,2025-12-08 00:07:01
6,2,6,1620.4,2025-12-08 00:06:02,57310.0,,6,2,6,1654.240356,2025-12-08 00:07:02
6,3,6,1616.2,2025-12-08 00:06:03,56309.0,,6,3,6,1657.967407,2025-12-08 00:07:03
6,4,6,1612.8,2025-12-08 00:06:04,55308.0,,6,4,6,1661.960693,2025-12-08 00:07:04
6,5,6,1615.2,2025-12-08 00:06:05,54260.0,,6,5,6,1666.161377,2025-12-08 00:07:05
6,6,6,1615.8,2025-12-08 00:06:06,53153.0,,6,6,6,1670.527344,2025-12-08 00:07:06
6,7,6,1617.0,2025-12-08 00:06:07,52150.0,,6,7,6,1675.031128,2025-12-08 00:07:07
6,8,6,1612.4,2025-12-08 00:06:08,51149.0,,6,8,6,1679.652954,2025-12-08 00:07:08
6,9,6,1622.2,2025-12-08 00:06:09,50129.0,,6,9,6,1684.379395,2025-12-08 00:07:09
6,10,6,1624.9,2025-12-08 00:06:10,49126.0,,6,10,6,1689.20105,2025-12-08 00:07:10
6,11,6,1614.0,2025-12-08 00:06:11,48126.0,,6,11,6,1694.111206,2025-12-08 00:07:11
6,12,6,1632.0,2025-12-08 00:06:12,47123.0,,6,12,6,1699.105103,2025-12-08 00:07:12
6,13,6,1617.9,2025-12-08 00:06:13,46122.0,,6,13,6,1704.179565,2025-12-08 00:07:13
6,14,6,1614.6,2025-12-08 00:06:14,45119.0,,6,14,6,1709.331543,2025-12-08 00:07:14
6,15,6,1616.2,2025-12-08 00:06:15,44105.0,,6,15,6,1714.559448,2025-12-08 00:07:15
6,16,6,1611.5,2025-12-08 00:06:16,43102.0,,6,16,6,1719.86145,2025-12-08 00:07:16
6,17,6,1612.6,2025-12-08 00:06:17,42092.0,,6,17,6,1725.236938,2025-12-08 00:07:17
6,18,6,1631.1,2025-12-08 00:06:18,41087.0,,6,18,6,1730.684326,2025-12-08 00:07:18
6,19,6,1622.9,2025-12-08 00:06:19,40082.0,,6,19,6,1736.203003,2025-12-08 00:07:19
6,20,6,1618.4,2025-12-08 00:06:20,39080.0,,6,20,6,1741.792725,2025-12-08 00:07:20
6,21,6,1615.5,2025-12-08 00:06:21,38079.0,,6,21,6,1747.451904,2025-12-08 00:07:21
6,22,6,1617.1,2025-12-08 00:06:22,37070.0,,6,22,6,1753.18042,2025-12-08 00:07:22
6,23,6,1617.5,2025-12-08 00:06:23,36067.0,,6,23,6,1758.977539,2025-12-08 00:07:23
6,24,6,1616.6,2025-12-08 00:06:24,35062.0,,6,24,6,1764.841919,2025-12-08 00:07:24
6,25,6,1615.0,2025-12-08 00:06:25,34060.0,,6,25,6,1770.773193,2025-12-08 00:07:25
6,26,6,1624.5,2025-12-08 00:06:26,33059.0,,6,26,6,1776.770508,2025-12-08 00:07:26
6,27,6,1614.9,2025-12-08 00:06:27,32057.0,,6,27,6,1782.832642,2025-12-08 00:07:27
6,28,6,1618.0,2025-12-08 00:06:28,31055.0,,6,28,6,1788.958496,2025-12-08 00:07:28
6,29,6,1612.2,2025-12-08 00:06:29,30054.0,,6,29,6,1795.146973,2025-12-08 00:07:29
6,30,6,1615.4,2025-12-08 00:06:30,29052.0,,6,30,6,1801.396851,2025-12-08 00:07:30
6,31,6,1615.3,2025-12-08 00:06:31,28051.0,,6,31,6,1807.706177,2025-12-08 00:07:31
6,32,6,1625.6,2025-12-08 00:06:32,27049.0,,6,32,6,1814.073853,2025-12-08 00:07:32
6,33,6,1617.7,2025-12-08 00:06:33,26047.0,,6,33,6,1820.497925,2025-12-08 00:07:33
6,34,6,1615.2,2025-12-08 00:06:34,25046.0,,6,34,6,1826.976685,2025-12-08 00:07:34
6,35,6,1613.2,2025-12-08 00:06:35,24045.0,,6,35,6,1833.507935,2025-12-08 00:07:35
6,36,6,1613.5,2025-12-08 00:06:36,23043.0,,6,36,6,1840.089722,2025-12-08 00:07:36
6,37,6,1614.8,2025-12-08 00:06:37,22042.0,,6,37,6,1846.719604,2025-12-08 00:07:37
6,38,6,1615.9,2025-12-08 00:06:38,21040.0,,6,38,6,1853.394897,2025-12-08 00:07:38
6,39,6,1618.8,2025-12-08 00:06:39,20039.0,,6,39,6,1860.11377,2025-12-08 00:07:39
6,40,6,1611.1,2025-12-08 00:06:40,19038.0,,6,40,6,1866.872681,2025-12-08 00:07:40
6,41,6,1615.8,2025-12-08 00:06:41,18037.0,,6,41,6,1873.669189,2025-12-08 00:07:41
6,42,6,1618.3,2025-12-08 00:06:42,17036.0,,6,42,6,1880.500122,2025-12-08 00:07:42
6,43,6,1616.1,2025-12-08 00:06:43,16034.0,,6,43,6,1887.362427,2025-12-08 00:07:43
6,44,6,1619.5,2025-12-08 00:06:44,15033.0,,6,44,6,1894.253052,2025-12-08 00:07:44
6,45,6,1615.4,2025-12-08 00:06:45,14031.0,,6,45,6,1901.168091,2025-12-08 00:07:45
6,46,6,1615.0,2025-12-08 00:06:46,13030.0,,6,46,6,1908.104614,2025-12-08 00:07:46
6,47,6,1612.3,2025-12-08 00:06:47,12029.0,,6,47,6,1915.058228,2025-12-08 00:07:47
6,48,6,1617.7,2025-12-08 00:06:48,11027.0,,6,48,6,1922.025879,2025-12-08 00:07:48
6,49,6,1618.8,2025-12-08 00:06:49,10026.0,,6,49,6,1929.003174,2025-12-08 00:07:49
6,50,6,1617.0,2025-12-08 00:06:50,9025.0,,6,50,6,1935.986572,2025-12-08 00:07:50
6,51,6,1618.6,2025-12-08 00:06:51,8023.0,,6,51,6,1942.971924,2025-12-08 00:07:51
6,52,6,1613.6,2025-12-08 00:06:52,7022.0,,6,52,6,1949.955444,2025-12-08 00:07:52
6,53,6,1614.8,2025-12-08 00:06:53,6020.0,,6,53,6,1956.932129,2025-12-08 00:07:53
6,54,6,1612.2,2025-12-08 00:06:54,5019.0,,6,54,6,1963.898315,2025-12-08 00:07:54
6,55,6,1616.4,2025-12-08 00:06:55,4017.0,,6,55,6,1970.849731,2025-12-08 00:07:55
6,56,6,1623.6,2025-12-08 00:06:56,3016.0,,6,56,6,1977.782104,2025-12-08 00:07:56
6,57,6,1626.0,2025-12-08 00:06:57,2014.0,,6,57,6,1984.691284,2025-12-08 00:07:57
6,58,6,1616.0,2025-12-08 00:06:58,1013.0,,6,58,6,1991.57251,2025-12-08 00:07:58
6,59,6,1615.3,2025-12-08 00:06:59,11.0,,6,59,6,1998.421631,2025-12-08 00:07:59
7,0,6,1621.8,2025-12-08 00:07:00,59109.0,,7,0,6,1647.299438,2025-12-08 00:08:00
7,1,6,1619.8,2025-12-08 00:07:01,58108.0,,7,1,6,1650.649414,2025-12-08 00:08:01
7,2,6,1620.6,2025-12-08 00:07:02,57106.0,,7,2,6,1654.110229,2025-12-08 00:08:02
7,3,6,1619.7,2025-12-08 00:07:03,56105.0,,7,3,6,1657.875122,2025-12-08 00:08:03
7,4,6,1615.1,2025-12-08 00:07:04,55104.0,,7,4,6,1661.895142,2025-12-08 00:08:04
7,5,6,1612.1,2025-12-08 00:07:05,54103.0,,7,5,6,1666.11438,2025-12-08 00:08:05
7,6,6,1612.1,2025-12-08 00:07:06,53099.0,,7,6,6,1670.493896,2025-12-08 00:08:06
7,7,6,1616.0,2025-12-08 00:07:07,52097.0,,7,7,6,1675.007324,2025-12-08 00:08:07
7,8,6,1611.3,2025-12-08 00:07:08,51096.0,,7,8,6,1679.635986,2025-12-08 00:08:08
7,9,6,1620.0,2025-12-08 00:07:09,50095.0,,7,9,6,1684.367554,2025-12-08 00:08:09
7,10,6,1612.6,2025-12-08 00:07:10,49093.0,,7,10,6,1689.193237,2025-12-08 00:08:10
7,11,6,1617.0,2025-12-08 00:07:11,48092.0,,7,11,6,1694.106201,2025-12-08 00:08:11
7,12,6,1613.0,2025-12-08 00:07:12,47090.0,,7,12,6,1699.102539,2025-12-08 00:08:12
7,13,6,1617.1,2025-12-08 00:07:13,46089.0,,7,13,6,1704.178345,2025-12-08 00:08:13
7,14,6,1613.8,2025-12-08 00:07:14,45088.0,,7,14,6,1709.331543,2025-12-08 00:08:14
7,15,6,1618.7,2025-12-08 00:07:15,44087.0,,7,15,6,1714.560425,2025-12-08 00:08:15
7,16,6,1616.0,2025-12-08 00:07:16,43085.0,,7,16,6,1719.863281,2025-12-08 00:08:16
7,17,6,1616.0,2025-12-08 00:07:17,42083.0,,7,17,6,1725.239136,2025-12-08 00:08:17
7,18,6,1616.9,2025-12-08 00:07:18,41082.0,,7,18,6,1730.687134,2025-12-08 00:08:18
7,19,6,1623.6,2025-12-08 00:07:19,40081.0,,7,19,6,1736.206177,2025-12-08 00:08:19
7,20,6,1622.3,2025-12-08 00:07:20,39079.0,,7,20,6,1741.795654,2025-12-08 00:08:20
7,21,6,1613.9,2025-12-08 00:07:21,38077.0,,7,21,6,1747.455322,2025-12-08 00:08:21
7,22,6,1612.3,2025-12-08 00:07:22,37074.0,,7,22,6,1753.183838,2025-12-08 00:08:22
7,23,6,1618.7,2025-12-08 00:07:23,36073.0,,7,23,6,1758.980835,2025-12-08 00:08:23
7,24,6,1619.6,2025-12-08 00:07:24,35072.0,,7,24,6,1764.845581,2025-12-08 00:08:24
7,25,6,1615.6,2025-12-08 00:07:25,34071.0,,7,25,6,1770.776855,2025-12-08 00:08:25
7,26,6,1620.2,2025-12-08 00:07:26,33070.0,,7,26,6,1776.773926,2025-12-08 00:08:26
7,27,6,1609.9,2025-12-08 00:07:27,32065.0,,7,27,6,1782.835938,2025-12-08 00:08:27
7,28,6,1615.4,2025-12-08 00:07:28,31064.0,,7,28,6,1788.961914,2025-12-08 00:08:28
7,29,6,1615.3,2025-12-08 00:07:29,30063.0,,7,29,6,1795.150391,2025-12-08 00:08:29
7,30,6,1635.3,2025-12-08 00:07:30,29060.0,,7,30,6,1801.400024,2025-12-08 00:08:30
7,31,6,1615.4,2025-12-08 00:07:31,28059.0,,7,31,6,1807.709595,2025-12-08 00:08:31
7,32,6,1617.4,2025-12-08 00:07:32,27057.0,,7,32,6,1814.077271,2025-12-08 00:08:32
7,33,6,1617.8,2025-12-08 00:07:33,26051.0,,7,33,6,1820.501099,2025-12-08 00:08:33
7,34,6,1614.9,2025-12-08 00:07:34,25047.0,,7,34,6,1826.979858,2025-12-08 00:08:34
7,35,6,1615.1,2025-12-08 00:07:35,24045.0,,7,35,6,1833.511108,2025-12-08 00:08:35
7,36,6,1614.9,2025-12-08 00:07:36,23044.0,,7,36,6,1840.092651,2025-12-08 00:08:36
7,37,6,1618.0,2025-12-08 00:07:37,22043.0,,7,37,6,1846.722412,2025-12-08 00:08:37
7,38,6,1617.1,2025-12-08 00:07:38,21041.0,,7,38,6,1853.397949,2025-12-08 00:08:38
7,39,6,1617.5,2025-12-08 00:07:39,20040.0,,7,39,6,1860.116821,2025-12-08 00:08:39
7,40,6,1616.6,2025-12-08 00:07:40,19036.0,,7,40,6,1866.875488,2025-12-08 00:08:40
7,41,6,1617.9,2025-12-08 00:07:41,18034.0,,7,41,6,1873.672241,2025-12-08 00:08:41
7,42,6,1623.3,2025-12-08 00:07:42,17033.0,,7,42,6,1880.503174,2025-12-08 00:08:42
7,43,6,1611.1,2025-12-08 00:07:43,16032.0,,7,43,6,1887.365723,2025-12-08 00:08:43
7,44,6,1607.5,2025-12-08 00:07:44,15030.0,,7,44,6,1894.256226,2025-12-08 00:08:44
7,45,6,1614.3,2025-12-08 00:07:45,14027.0,,7,45,6,1901.171387,2025-12-08 00:08:45
7,46,6,1615.9,2025-12-08 00:07:46,13026.0,,7,46,6,1908.107422,2025-12-08 00:08:46
7,47,6,1619.1,2025-12-08 00:07:47,12025.0,,7,47,6,1915.061523,2025-12-08 00:08:47
7,48,6,1614.1,2025-12-08 00:07:48,11024.0,,7,48,6,1922.029053,2025-12-08 00:08:48
7,49,6,1614.9,2025-12-08 00:07:49,10023.0,,7,49,6,1929.006592,2025-12-08 00:08:49
7,50,6,1614.1,2025-12-08 00:07:50,9021.0,,7,50,6,1935.98999,2025-12-08 00:08:50
7,51,6,1617.5,2025-12-08 00:07:51,8020.0,,7,51,6,1942.975098,2025-12-08 00:08:51
7,52,6,1612.8,2025-12-08 00:07:52,7018.0,,7,52,6,1949.958374,2025-12-08 00:08:52
7,53,6,1613.8,2025-12-08 00:07:53,6017.0,,7,53,6,1956.935303,2025-12-08 00:08:53
7,54,6,1613.5,2025-12-08 00:07:54,5016.0,,7,54,6,1963.901611,2025-12-08 00:08:54
7,55,6,1618.4,2025-12-08 00:07:55,4015.0,,7,55,6,1970.853149,2025-12-08 00:08:55
7,56,6,1622.0,2025-12-08 00:07:56,3013.0,,7,56,6,1977.785522,2025-12-08 00:08:56
7,57,6,1621.0,2025-12-08 00:07:57,2012.0,,7,57,6,1984.694458,2025-12-08 00:08:57
7,58,6,1620.2,2025-12-08 00:07:58,1010.0,,7,58,6,1991.575562,2025-12-08 00:08:58
7,59,6,1618.3,2025-12-08 00:07:59,9.0,,7,59,6,1998.424927,2025-12-08 00:08:59
8,0,6,1621.1,2025-12-08 00:08:00,59110.0,,8,0,6,1653.521606,2025-12-08 00:09:00
8,1,6,1622.0,2025-12-08 00:08:01,58106.0,,8,1,6,1656.824341,2025-12-08 00:09:01
8,2,6,1619.3,2025-12-08 00:08:02,57104.0,,8,2,6,1660.277832,2025-12-08 00:09:02
8,3,6,1615.9,2025-12-08 00:08:03,56103.0,,8,3,6,1664.065063,2025-12-08 00:09:03
8,4,6,1625.0,2025-12-08 00:08:04,55101.0,,8,4,6,1668.127197,2025-12-08 00:09:04
8,5,6,1616.1,2025-12-08 00:08:05,54100.0,,8,5,6,1672.402588,2025-12-08 00:09:05
8,6,6,1618.0,2025-12-08 00:08:06,53099.0,,8,6,6,1676.848877,2025-12-08 00:09:06
8,7,6,1616.4,2025-12-08 00:08:07,52097.0,,8,7,6,1681.435913,2025-12-08 00:09:07
8,8,6,1617.5,2025-12-08 00:08:08,51095.0,,8,8,6,1686.143677,2025-12-08 00:09:08
8,9,6,1617.5,2025-12-08 00:08:09,50094.0,,8,9,6,1690.958496,2025-12-08 00:09:09
8,10,6,1619.2,2025-12-08 00:08:10,49093.0,,8,10,6,1695.870117,2025-12-08 00:09:10
8,11,6,1618.6,2025-12-08 00:08:11,48092.0,,8,11,6,1700.871582,2025-12-08 00:09:11
8,12,6,1619.1,2025-12-08 00:08:12,47089.0,,8,12,6,1705.958008,2025-12-08 00:09:12
8,13,6,1619.1,2025-12-08 00:08:13,46087.0,,8,13,6,1711.125,2025-12-08 00:09:13
8,14,6,1621.4,2025-12-08 00:08:14,45086.0,,8,14,6,1716.371094,2025-12-08 00:09:14
8,15,6,1614.1,2025-12-08 00:08:15,44085.0,,8,15,6,1721.692749,2025-12-08 00:09:15
8,16,6,1615.5,2025-12-08 00:08:16,43083.0,,8,16,6,1727.089355,2025-12-08 00:09:16
8,17,6,1617.7,2025-12-08 00:08:17,42081.0,,8,17,6,1732.558838,2025-12-08 00:09:17
8,18,6,1617.6,2025-12-08 00:08:18,41079.0,,8,18,6,1738.100342,2025-12-08 00:09:18
8,19,6,1621.0,2025-12-08 00:08:19,40077.0,,8,19,6,1743.713013,2025-12-08 00:09:19
8,20,6,1625.3,2025-12-08 00:08:20,39076.0,,8,20,6,1749.395996,2025-12-08 00:09:20
8,21,6,1616.8,2025-12-08 00:08:21,38075.0,,8,21,6,1755.147949,2025-12-08 00:09:21
8,22,6,1617.6,2025-12-08 00:08:22,37073.0,,8,22,6,1760.968628,2025-12-08 00:09:22
8,23,6,1615.8,2025-12-08 00:08:23,36071.0,,8,23,6,1766.856445,2025-12-08 00:09:23
8,24,6,1628.3,2025-12-08 00:08:24,35070.0,,8,24,6,1772.811157,2025-12-08 00:09:24
8,25,6,1618.6,2025-12-08 00:08:25,34069.0,,8,25,6,1778.831665,2025-12-08 00:09:25
8,26,6,1626.3,2025-12-08 00:08:26,33067.0,,8,26,6,1784.916504,2025-12-08 00:09:26
8,27,6,1618.6,2025-12-08 00:08:27,32065.0,,8,27,6,1791.064331,2025-12-08 00:09:27
8,28,6,1621.7,2025-12-08 00:08:28,31062.0,,8,28,6,1797.274658,2025-12-08 00:09:28
8,29,6,1615.9,2025-12-08 00:08:29,30061.0,,8,29,6,1803.545776,2025-12-08 00:09:29
8,30,6,1621.1,2025-12-08 00:08:30,29059.0,,8,30,6,1809.875854,2025-12-08 00:09:30
8,31,6,1617.3,2025-12-08 00:08:31,28056.0,,8,31,6,1816.263794,2025-12-08 00:09:31
8,32,6,1618.4,2025-12-08 00:08:32,27054.0,,8,32,6,1822.707031,2025-12-08 00:09:32
8,33,6,1623.4,2025-12-08 00:08:33,26053.0,,8,33,6,1829.204346,2025-12-08 00:09:33
8,34,6,1635.5,2025-12-08 00:08:34,25052.0,,8,34,6,1835.753418,2025-12-08 00:09:34
8,35,6,1620.1,2025-12-08 00:08:35,24051.0,,8,35,6,1842.351929,2025-12-08 00:09:35
8,36,6,1621.4,2025-12-08 00:08:36,23050.0,,8,36,6,1848.998047,2025-12-08 00:09:36
8,37,6,1620.0,2025-12-08 00:08:37,22049.0,,8,37,6,1855.688843,2025-12-08 00:09:37
8,38,6,1620.5,2025-12-08 00:08:38,21047.0,,8,38,6,1862.421753,2025-12-08 00:09:38
8,39,6,1622.6,2025-12-08 00:08:39,20041.0,,8,39,6,1869.194092,2025-12-08 00:09:39
8,40,6,1622.8,2025-12-08 00:08:40,19039.0,,8,40,6,1876.002808,2025-12-08 00:09:40
8,41,6,1618.8,2025-12-08 00:08:41,18038.0,,8,41,6,1882.844849,2025-12-08 00:09:41
8,42,6,1633.7,2025-12-08 00:08:42,17037.0,,8,42,6,1889.717163,2025-12-08 00:09:42
8,43,6,1619.3,2025-12-08 00:08:43,16036.0,,8,43,6,1896.616333,2025-12-08 00:09:43
8,44,6,1619.6,2025-12-08 00:08:44,15035.0,,8,44,6,1903.539062,2025-12-08 00:09:44
8,45,6,1624.4,2025-12-08 00:08:45,14033.0,,8,45,6,1910.481567,2025-12-08 00:09:45
8,46,6,1622.0,2025-12-08 00:08:46,13032.0,,8,46,6,1917.440552,2025-12-08 00:09:46
8,47,6,1618.1,2025-12-08 00:08:47,12030.0,,8,47,6,1924.411621,2025-12-08 00:09:47
8,48,6,1619.6,2025-12-08 00:08:48,11028.0,,8,48,6,1931.391602,2025-12-08 00:09:48
8,49,6,1618.7,2025-12-08 00:08:49,10027.0,,8,49,6,1938.375854,2025-12-08 00:09:49
8,50,6,1636.2,2025-12-08 00:08:50,9025.0,,8,50,6,1945.360962,2025-12-08 00:09:50
8,51,6,1630.9,2025-12-08 00:08:51,8023.0,,8,51,6,1952.342163,2025-12-08 00:09:51
8,52,6,1619.2,2025-12-08 00:08:52,7022.0,,8,52,6,1959.315796,2025-12-08 00:09:52
8,53,6,1619.9,2025-12-08 00:08:53,6021.0,,8,53,6,1966.277588,2025-12-08 00:09:53
8,54,6,1619.0,2025-12-08 00:08:54,5017.0,,8,54,6,1973.2229,2025-12-08 00:09:54
8,55,6,1620.3,2025-12-08 00:08:55,4016.0,,8,55,6,1980.147827,2025-12-08 00:09:55
8,56,6,1622.1,2025-12-08 00:08:56,3014.0,,8,56,6,1987.047729,2025-12-08 00:09:56
8,57,6,1622.8,2025-12-08 00:08:57,2012.0,,8,57,6,1993.918701,2025-12-08 00:09:57
8,58,6,1622.4,2025-12-08 00:08:58,1009.0,,8,58,6,2000.756226,2025-12-08 00:09:58
8,59,6,1625.1,2025-12-08 00:08:59,8.0,,8,59,6,2007.555664,2025-12-08 00:09:59
9,0,6,1622.0,2025-12-08 00:09:00,59289.0,,9,0,6,1679.021362,2025-12-08 00:10:00
9,1,6,1624.8,2025-12-08 00:09:01,58288.0,,9,1,6,1682.675903,2025-12-08 00:10:01
9,2,6,1622.8,2025-12-08 00:09:02,57283.0,,9,2,6,1686.487061,2025-12-08 00:10:02
9,3,6,1625.5,2025-12-08 00:09:03,56281.0,,9,3,6,1690.918091,2025-12-08 00:10:03
9,4,6,1625.8,2025-12-08 00:09:04,55280.0,,9,4,6,1695.863892,2025-12-08 00:10:04
9,5,6,1622.7,2025-12-08 00:09:05,54279.0,,9,5,6,1701.22876,2025-12-08 00:10:05
9,6,6,1624.1,2025-12-08 00:09:06,53278.0,,9,6,6,1706.943481,2025-12-08 00:10:06
9,7,6,1620.4,2025-12-08 00:09:07,52276.0,,9,7,6,1712.958984,2025-12-08 00:10:07
9,8,6,1623.6,2025-12-08 00:09:08,51274.0,,9,8,6,1719.23999,2025-12-08 00:10:08
9,9,6,1624.6,2025-12-08 00:09:09,50273.0,,9,9,6,1725.761475,2025-12-08 00:10:09
9,10,6,1623.8,2025-12-08 00:09:10,49271.0,,9,10,6,1732.504272,2025-12-08 00:10:10
9,11,6,1620.3,2025-12-08 00:09:11,48203.0,,9,11,6,1739.453735,2025-12-08 00:10:11
9,12,6,1624.2,2025-12-08 00:09:12,47199.0,,9,12,6,1746.598511,2025-12-08 00:10:12
9,13,6,1622.8,2025-12-08 00:09:13,46199.0,,9,13,6,1753.929688,2025-12-08 00:10:13
9,14,6,1623.1,2025-12-08 00:09:14,45191.0,,9,14,6,1761.438843,2025-12-08 00:10:14
9,15,6,1627.6,2025-12-08 00:09:15,44189.0,,9,15,6,1769.119507,2025-12-08 00:10:15
9,16,6,1627.6,2025-12-08 00:09:16,43167.0,,9,16,6,1776.964966,2025-12-08 00:10:16
9,17,6,1632.4,2025-12-08 00:09:17,42138.0,,9,17,6,1784.968872,2025-12-08 00:10:17
9,18,6,1627.4,2025-12-08 00:09:18,41136.0,,9,18,6,1793.124878,2025-12-08 00:10:18
9,19,6,1629.1,2025-12-08 00:09:19,40133.0,,9,19,6,1801.426636,2025-12-08 00:10:19
9,20,6,1629.4,2025-12-08 00:09:20,39110.0,,9,20,6,1809.867432,2025-12-08 00:10:20
9,21,6,1633.0,2025-12-08 00:09:21,38097.0,,9,21,6,1818.440918,2025-12-08 00:10:21
9,22,6,1621.0,2025-12-08 00:09:22,37094.0,,9,22,6,1827.139648,2025-12-08 00:10:22
9,23,6,1634.3,2025-12-08 00:09:23,36093.0,,9,23,6,1835.955078,2025-12-08 00:10:23
9,24,6,1627.2,2025-12-08 00:09:24,35090.0,,9,24,6,1844.879883,2025-12-08 00:10:24
9,25,6,1626.7,2025-12-08 00:09:25,34087.0,,9,25,6,1853.905151,2025-12-08 00:10:25
9,26,6,1627.4,2025-12-08 00:09:26,33083.0,,9,26,6,1863.020752,2025-12-08 00:10:26
9,27,6,1628.0,2025-12-08 00:09:27,32081.0,,9,27,6,1872.217773,2025-12-08 00:10:27
9,28,6,1629.5,2025-12-08 00:09:28,31067.0,,9,28,6,1881.485229,2025-12-08 00:10:28
9,29,6,1628.5,2025-12-08 00:09:29,30066.0,,9,29,6,1890.811646,2025-12-08 00:10:29
9,30,6,1628.1,2025-12-08 00:09:30,29054.0,,9,30,6,1900.185913,2025-12-08 00:10:30
9,31,6,1646.0,2025-12-08 00:09:31,28053.0,,9,31,6,1909.595703,2025-12-08 00:10:31
9,32,6,1626.8,2025-12-08 00:09:32,27051.0,,9,32,6,1919.028931,2025-12-08 00:10:32
9,33,6,1629.1,2025-12-08 00:09:33,26050.0,,9,33,6,1928.471436,2025-12-08 00:10:33
9,34,6,1624.5,2025-12-08 00:09:34,25049.0,,9,34,6,1937.911011,2025-12-08 00:10:34
9,35,6,1627.9,2025-12-08 00:09:35,24045.0,,9,35,6,1947.333862,2025-12-08 00:10:35
9,36,6,1632.3,2025-12-08 00:09:36,23044.0,,9,36,6,1956.726562,2025-12-08 00:10:36
9,37,6,1631.4,2025-12-08 00:09:37,22043.0,,9,37,6,1966.075806,2025-12-08 00:10:37
9,38,6,1631.4,2025-12-08 00:09:38,21041.0,,9,38,6,1975.367432,2025-12-08 00:10:38
9,39,6,1628.4,2025-12-08 00:09:39,20035.0,,9,39,6,1984.588257,2025-12-08 00:10:39
9,40,6,1629.6,2025-12-08 00:09:40,19034.0,,9,40,6,1993.725098,2025-12-08 00:10:40
9,41,6,1629.0,2025-12-08 00:09:41,18032.0,,9,41,6,2002.764648,2025-12-08 00:10:41
9,42,6,1636.9,2025-12-08 00:09:42,17031.0,,9,42,6,2011.694458,2025-12-08 00:10:42
9,43,6,1627.1,2025-12-08 00:09:43,16030.0,,9,43,6,2020.50354,2025-12-08 00:10:43
9,44,6,1627.7,2025-12-08 00:09:44,15028.0,,9,44,6,2029.179565,2025-12-08 00:10:44
9,45,6,1623.9,2025-12-08 00:09:45,14027.0,,9,45,6,2037.71167,2025-12-08 00:10:45
9,46,6,1629.2,2025-12-08 00:09:46,13026.0,,9,46,6,2046.090698,2025-12-08 00:10:46
9,47,6,1627.6,2025-12-08 00:09:47,12024.0,,9,47,6,2054.306641,2025-12-08 00:10:47
9,48,6,1630.3,2025-12-08 00:09:48,11023.0,,9,48,6,2062.351318,2025-12-08 00:10:48
9,49,6,1623.3,2025-12-08 00:09:49,10022.0,,9,49,6,2070.217529,2025-12-08 00:10:49
9,50,6,1626.2,2025-12-08 00:09:50,9021.0,,9,50,6,2077.897705,2025-12-08 00:10:50
9,51,6,1644.8,2025-12-08 00:09:51,8020.0,,9,51,6,2085.386963,2025-12-08 00:10:51
9,52,6,1629.0,2025-12-08 00:09:52,7019.0,,9,52,6,2092.679688,2025-12-08 00:10:52
9,53,6,1626.6,2025-12-08 00:09:53,6017.0,,9,53,6,2099.771484,2025-12-08 00:10:53
9,54,6,1627.1,2025-12-08 00:09:54,5016.0,,9,54,6,2106.659912,2025-12-08 00:10:54
9,55,6,1624.2,2025-12-08 00:09:55,4015.0,,9,55,6,2113.342285,2025-12-08 00:10:55
9,56,6,1628.9,2025-12-08 00:09:56,3014.0,,9,56,6,2119.817139,2025-12-08 00:10:56
9,57,6,1639.4,2025-12-08 00:09:57,2013.0,,9,57,6,2126.083496,2025-12-08 00:10:57
9,58,6,1629.8,2025-12-08 00:09:58,1011.0,,9,58,6,2132.140625,2025-12-08 00:10:58
9,59,6,1630.1,2025-12-08 00:09:59,10.0,,9,59,6,2137.98999,2025-12-08 00:10:59
10,0,6,1634.0,2025-12-08 00:10:00,59105.0,,10,0,6,913.817749,2025-12-08 00:11:00
10,1,6,1629.0,2025-12-08 00:10:01,58103.0,,10,1,6,922.20575,2025-12-08 00:11:01
10,2,6,1634.1,2025-12-08 00:10:02,57102.0,,10,2,6,937.274536,2025-12-08 00:11:02
10,3,6,1636.5,2025-12-08 00:10:03,56101.0,,10,3,6,954.635132,2025-12-08 00:11:03
10,4,6,1633.3,2025-12-08 00:10:04,55099.0,,10,4,6,973.117126,2025-12-08 00:11:04
10,5,6,1633.2,2025-12-08 00:10:05,54098.0,,10,5,6,991.868469,2025-12-08 00:11:05
10,6,6,1632.9,2025-12-08 00:10:06,53096.0,,10,6,6,1010.367065,2025-12-08 00:11:06
10,7,6,1629.5,2025-12-08 00:10:07,52093.0,,10,7,6,1028.306641,2025-12-08 00:11:07
10,8,6,1456.0,2025-12-08 00:10:08,51092.0,,10,8,6,1045.519775,2025-12-08 00:11:08
10,9,6,1462.2,2025-12-08 00:10:09,50090.0,,10,9,6,1061.917114,2025-12-08 00:11:09
10,10,6,1467.8,2025-12-08 00:10:10,49090.0,,10,10,6,1077.481079,2025-12-08 00:11:10
10,11,6,1472.5,2025-12-08 00:10:11,48088.0,,10,11,6,1092.216675,2025-12-08 00:11:11
10,12,6,1425.8,2025-12-08 00:10:12,47087.0,,10,12,6,1106.146362,2025-12-08 00:11:12
10,13,6,608.1,2025-12-08 00:10:13,46086.0,,10,13,6,1119.29834,2025-12-08 00:11:13
10,14,6,636.6,2025-12-08 00:10:14,45085.0,,10,14,6,1131.656372,2025-12-08 00:11:14
10,15,6,642.0,2025-12-08 00:10:15,44084.0,,10,15,6,1143.317261,2025-12-08 00:11:15
10,16,6,643.0,2025-12-08 00:10:16,43083.0,,10,16,6,1154.318115,2025-12-08 00:11:16
10,17,6,675.3,2025-12-08 00:10:17,42082.0,,10,17,6,1164.696411,2025-12-08 00:11:17
10,18,6,643.2,2025-12-08 00:10:18,41080.0,,10,18,6,1174.491333,2025-12-08 00:11:18
10,19,6,653.7,2025-12-08 00:10:19,40079.0,,10,19,6,1183.731323,2025-12-08 00:11:19
10,20,6,647.2,2025-12-08 00:10:20,39079.0,,10,20,6,1192.453613,2025-12-08 00:11:20
10,21,6,644.8,2025-12-08 00:10:21,38077.0,,10,21,6,1200.687744,2025-12-08 00:11:21
10,22,6,641.4,2025-12-08 00:10:22,37075.0,,10,22,6,1208.463989,2025-12-08 00:11:22
10,23,6,641.7,2025-12-08 00:10:23,36074.0,,10,23,6,1215.810913,2025-12-08 00:11:23
10,24,6,641.1,2025-12-08 00:10:24,35073.0,,10,24,6,1222.755371,2025-12-08 00:11:24
10,25,6,639.0,2025-12-08 00:10:25,34072.0,,10,25,6,1229.322998,2025-12-08 00:11:25
10,26,6,644.7,2025-12-08 00:10:26,33071.0,,10,26,6,1235.538208,2025-12-08 00:11:26
10,27,6,641.8,2025-12-08 00:10:27,32068.0,,10,27,6,1241.424438,2025-12-08 00:11:27
10,28,6,642.2,2025-12-08 00:10:28,31064.0,,10,28,6,1247.002563,2025-12-08 00:11:28
10,29,6,641.0,2025-12-08 00:10:29,30063.0,,10,29,6,1252.293823,2025-12-08 00:11:29
10,30,6,641.4,2025-12-08 00:10:30,29062.0,,10,30,6,1257.316772,2025-12-08 00:11:30
10,31,6,647.2,2025-12-08 00:10:31,28061.0,,10,31,6,1262.09021,2025-12-08 00:11:31
10,32,6,641.4,2025-12-08 00:10:32,27058.0,,10,32,6,1266.631348,2025-12-08 00:11:32
10,33,6,645.0,2025-12-08 00:10:33,26057.0,,10,33,6,1270.9552,2025-12-08 00:11:33
10,34,6,641.6,2025-12-08 00:10:34,25056.0,,10,34,6,1275.077637,2025-12-08 00:11:34
10,35,6,643.5,2025-12-08 00:10:35,24054.0,,10,35,6,1279.011841,2025-12-08 00:11:35
10,36,6,643.4,2025-12-08 00:10:36,23052.0,,10,36,6,1282.771362,2025-12-08 00:11:36
10,37,6,644.3,2025-12-08 00:10:37,22051.0,,10,37,6,1286.368164,2025-12-08 00:11:37
10,38,6,643.1,2025-12-08 00:10:38,21049.0,,10,38,6,1289.813477,2025-12-08 00:11:38
10,39,6,644.0,2025-12-08 00:10:39,20048.0,,10,39,6,1293.11792,2025-12-08 00:11:39
10,40,6,644.9,2025-12-08 00:10:40,19038.0,,10,40,6,1296.29126,2025-12-08 00:11:40
10,41,6,642.9,2025-12-08 00:10:41,18037.0,,10,41,6,1299.342773,2025-12-08 00:11:41
10,42,6,646.7,2025-12-08 00:10:42,17035.0,,10,42,6,1302.280762,2025-12-08 00:11:42
10,43,6,636.2,2025-12-08 00:10:43,16033.0,,10,43,6,1305.113403,2025-12-08 00:11:43
10,44,6,602.7,2025-12-08 00:10:44,15032.0,,10,44,6,1307.848022,2025-12-08 00:11:44
10,45,6,496.2,2025-12-08 00:10:45,14031.0,,10,45,6,1310.49231,2025-12-08 00:11:45
10,46,6,494.8,2025-12-08 00:10:46,13030.0,,10,46,6,1313.05542,2025-12-08 00:11:46
10,47,6,495.2,2025-12-08 00:10:47,12029.0,,10,47,6,1315.542114,2025-12-08 00:11:47
10,48,6,502.1,2025-12-08 00:10:48,11028.0,,10,48,6,1317.957886,2025-12-08 00:11:48
10,49,6,492.5,2025-12-08 00:10:49,10027.0,,10,49,6,1320.307251,2025-12-08 00:11:49
10,50,6,493.8,2025-12-08 00:10:50,9026.0,,10,50,6,1322.595825,2025-12-08 00:11:50
10,51,6,497.9,2025-12-08 00:10:51,8025.0,,10,51,6,1324.827148,2025-12-08 00:11:51
10,52,6,497.4,2025-12-08 00:10:52,7023.0,,10,52,6,1327.005249,2025-12-08 00:11:52
10,53,6,494.4,2025-12-08 00:10:53,6022.0,,10,53,6,1329.134155,2025-12-08 00:11:53
10,54,6,494.6,2025-12-08 00:10:54,5021.0,,10,54,6,1331.217285,2025-12-08 00:11:54
10,55,6,496.2,2025-12-08 00:10:55,4020.0,,10,55,6,1333.257568,2025-12-08 00:11:55
10,56,6,501.4,2025-12-08 00:10:56,3019.0,,10,56,6,1335.258301,2025-12-08 00:11:56
10,57,6,560.7,2025-12-08 00:10:57,2018.0,,10,57,6,1337.221436,2025-12-08 00:11:57
10,58,6,511.3,2025-12-08 00:10:58,1016.0,,10,58,6,1339.146484,2025-12-08 00:11:58
10,59,6,511.6,2025-12-08 00:10:59,15.0,,10,59,6,1341.041748,2025-12-08 00:11:59
11,0,6,510.8,2025-12-08 00:11:00,59100.0,,11,0,6,959.715515,2025-12-08 00:12:00
11,1,6,525.6,2025-12-08 00:11:01,58099.0,,11,1,6,967.64978,2025-12-08 00:12:01
11,2,6,513.3,2025-12-08 00:11:02,57098.0,,11,2,6,980.411865,2025-12-08 00:12:02
11,3,6,513.0,2025-12-08 00:11:03,56096.0,,11,3,6,995.104126,2025-12-08 00:12:03
11,4,6,512.3,2025-12-08 00:11:04,55095.0,,11,4,6,1010.748596,2025-12-08 00:12:04
11,5,6,510.6,2025-12-08 00:11:05,54094.0,,11,5,6,1026.653564,2025-12-08 00:12:05
11,6,6,513.9,2025-12-08 00:11:06,53093.0,,11,6,6,1042.389648,2025-12-08 00:12:06
11,7,6,525.0,2025-12-08 00:11:07,52092.0,,11,7,6,1057.700073,2025-12-08 00:12:07
11,8,6,516.6,2025-12-08 00:11:08,51090.0,,11,8,6,1072.440674,2025-12-08 00:12:08
11,9,6,515.9,2025-12-08 00:11:09,50089.0,,11,9,6,1086.537964,2025-12-08 00:12:09
11,10,6,515.9,2025-12-08 00:11:10,49088.0,,11,10,6,1099.963745,2025-12-08 00:12:10
11,11,6,516.0,2025-12-08 00:11:11,48087.0,,11,11,6,1112.716675,2025-12-08 00:12:11
11,12,6,515.8,2025-12-08 00:11:12,47086.0,,11,12,6,1124.811401,2025-12-08 00:12:12
11,13,6,516.9,2025-12-08 00:11:13,46085.0,,11,13,6,1136.270996,2025-12-08 00:12:13
11,14,6,592.6,2025-12-08 00:11:14,45078.0,,11,14,6,1147.123291,2025-12-08 00:12:14
11,15,6,635.2,2025-12-08 00:11:15,44074.0,,11,15,6,1157.40271,2025-12-08 00:12:15
11,16,6,641.7,2025-12-08 00:11:16,43073.0,,11,16,6,1167.137573,2025-12-08 00:12:16
11,17,6,641.1,2025-12-08 00:11:17,42072.0,,11,17,6,1176.354614,2025-12-08 00:12:17
11,18,6,642.9,2025-12-08 00:11:18,41071.0,,11,18,6,1185.081909,2025-12-08 00:12:18
11,19,6,646.1,2025-12-08 00:11:19,40069.0,,11,19,6,1193.347046,2025-12-08 00:12:19
11,20,6,645.0,2025-12-08 00:11:20,39068.0,,11,20,6,1201.176392,2025-12-08 00:12:20
11,21,6,646.3,2025-12-08 00:11:21,38067.0,,11,21,6,1208.594849,2025-12-08 00:12:21
11,22,6,638.7,2025-12-08 00:11:22,37066.0,,11,22,6,1215.626709,2025-12-08 00:12:22
11,23,6,639.3,2025-12-08 00:11:23,36064.0,,11,23,6,1222.293945,2025-12-08 00:12:23
11,24,6,642.5,2025-12-08 00:11:24,35063.0,,11,24,6,1228.619507,2025-12-08 00:12:24
11,25,6,640.2,2025-12-08 00:11:25,34062.0,,11,25,6,1234.62439,2025-12-08 00:12:25
11,26,6,637.6,2025-12-08 00:11:26,33061.0,,11,26,6,1240.327759,2025-12-08 00:12:26
11,27,6,642.6,2025-12-08 00:11:27,32060.0,,11,27,6,1245.748535,2025-12-08 00:12:27
11,28,6,644.7,2025-12-08 00:11:28,31059.0,,11,28,6,1250.905518,2025-12-08 00:12:28
11,29,6,641.2,2025-12-08 00:11:29,30052.0,,11,29,6,1255.815186,2025-12-08 00:12:29
11,30,6,640.2,2025-12-08 00:11:30,29046.0,,11,30,6,1260.49292,2025-12-08 00:12:30
11,31,6,639.6,2025-12-08 00:11:31,28045.0,,11,31,6,1264.954468,2025-12-08 00:12:31
11,32,6,641.9,2025-12-08 00:11:32,27044.0,,11,32,6,1269.213867,2025-12-08 00:12:32
11,33,6,644.6,2025-12-08 00:11:33,26043.0,,11,33,6,1273.284546,2025-12-08 00:12:33
11,34,6,642.8,2025-12-08 00:11:34,25042.0,,11,34,6,1277.179321,2025-12-08 00:12:34
11,35,6,652.5,2025-12-08 00:11:35,24041.0,,11,35,6,1280.90918,2025-12-08 00:12:35
11,36,6,649.7,2025-12-08 00:11:36,23039.0,,11,36,6,1284.486206,2025-12-08 00:12:36
11,37,6,658.8,2025-12-08 00:11:37,22038.0,,11,37,6,1287.9198,2025-12-08 00:12:37
11,38,6,652.8,2025-12-08 00:11:38,21037.0,,11,38,6,1291.219849,2025-12-08 00:12:38
11,39,6,651.7,2025-12-08 00:11:39,20036.0,,11,39,6,1294.394775,2025-12-08 00:12:39
11,40,6,652.2,2025-12-08 00:11:40,19031.0,,11,40,6,1297.453247,2025-12-08 00:12:40
11,41,6,645.8,2025-12-08 00:11:41,18030.0,,11,41,6,1300.403198,2025-12-08 00:12:41
11,42,6,646.2,2025-12-08 00:11:42,17028.0,,11,42,6,1303.251831,2025-12-08 00:12:42
11,43,6,647.2,2025-12-08 00:11:43,16027.0,,11,43,6,1306.006104,2025-12-08 00:12:43
11,44,6,647.0,2025-12-08 00:11:44,15026.0,,11,44,6,1308.672363,2025-12-08 00:12:44
11,45,6,651.6,2025-12-08 00:11:45,14025.0,,11,45,6,1311.256348,2025-12-08 00:12:45
11,46,6,646.0,2025-12-08 00:11:46,13024.0,,11,46,6,1313.763428,2025-12-08 00:12:46
11,47,6,643.8,2025-12-08 00:11:47,12022.0,,11,47,6,1316.199219,2025-12-08 00:12:47
11,48,6,642.3,2025-12-08 00:11:48,11021.0,,11,48,6,1318.568237,2025-12-08 00:12:48
11,49,6,642.9,2025-12-08 00:11:49,10020.0,,11,49,6,1320.875244,2025-12-08 00:12:49
11,50,6,642.7,2025-12-08 00:11:50,9019.0,,11,50,6,1323.124268,2025-12-08 00:12:50
11,51,6,645.8,2025-12-08 00:11:51,8018.0,,11,51,6,1325.319092,2025-12-08 00:12:51
11,52,6,643.0,2025-12-08 00:11:52,7017.0,,11,52,6,1327.463379,2025-12-08 00:12:52
11,53,6,642.2,2025-12-08 00:11:53,6015.0,,11,53,6,1329.560547,2025-12-08 00:12:53
11,54,6,642.1,2025-12-08 00:11:54,5014.0,,11,54,6,1331.614136,2025-12-08 00:12:54
11,55,6,652.4,2025-12-08 00:11:55,4013.0,,11,55,6,1333.626343,2025-12-08 00:12:55
11,56,6,646.7,2025-12-08 00:11:56,3012.0,,11,56,6,1335.600098,2025-12-08 00:12:56
11,57,6,644.8,2025-12-08 00:11:57,2011.0,,11,57,6,1337.538208,2025-12-08 00:12:57
11,58,6,643.0,2025-12-08 00:11:58,1010.0,,11,58,6,1339.442749,2025-12-08 00:12:58
11,59,6,643.2,2025-12-08 00:11:59,9.0,,11,59,6,1341.316162,2025-12-08 00:12:59
12,0,6,646.5,2025-12-08 00:12:00,59247.0,,12,0,6,960.807617,2025-12-08 00:13:00
12,1,6,657.6,2025-12-08 00:12:01,58246.0,,12,1,6,968.570312,2025-12-08 00:13:01
12,2,6,643.3,2025-12-08 00:12:02,57245.0,,12,2,6,981.206909,2025-12-08 00:13:02
12,3,6,645.4,2025-12-08 00:12:03,56244.0,,12,3,6,995.793396,2025-12-08 00:13:03
12,4,6,643.7,2025-12-08 00:12:04,55243.0,,12,4,6,1011.349304,2025-12-08 00:13:04
12,5,6,643.4,2025-12-08 00:12:05,54241.0,,12,5,6,1027.179321,2025-12-08 00:13:05
12,6,6,645.5,2025-12-08 00:12:06,53240.0,,12,6,6,1042.85144,2025-12-08 00:13:06
12,7,6,644.2,2025-12-08 00:12:07,52238.0,,12,7,6,1058.107056,2025-12-08 00:13:07
12,8,6,642.3,2025-12-08 00:12:08,51237.0,,12,8,6,1072.799927,2025-12-08 00:13:08
12,9,6,642.1,2025-12-08 00:12:09,50236.0,,12,9,6,1086.856201,2025-12-08 00:13:09
12,10,6,642.7,2025-12-08 00:12:10,49235.0,,12,10,6,1100.246826,2025-12-08 00:13:10
12,11,6,640.2,2025-12-08 00:12:11,48234.0,,12,11,6,1112.969604,2025-12-08 00:13:11
12,12,6,644.8,2025-12-08 00:12:12,47233.0,,12,12,6,1125.038452,2025-12-08 00:13:12
12,13,6,643.5,2025-12-08 00:12:13,46229.0,,12,13,6,1136.476196,2025-12-08 00:13:13
12,14,6,642.4,2025-12-08 00:12:14,45228.0,,12,14,6,1147.310059,2025-12-08 00:13:14
12,15,6,642.7,2025-12-08 00:12:15,44224.0,,12,15,6,1157.569092,2025-12-08 00:13:15
12,16,6,646.7,2025-12-08 00:12:16,43223.0,,12,16,6,1167.282959,2025-12-08 00:13:16
12,17,6,644.0,2025-12-08 00:12:17,42219.0,,12,17,6,1176.481079,2025-12-08 00:13:17
12,18,6,643.2,2025-12-08 00:12:18,41215.0,,12,18,6,1185.191284,2025-12-08 00:13:18
12,19,6,648.6,2025-12-08 00:12:19,40214.0,,12,19,6,1193.440918,2025-12-08 00:13:19
12,20,6,648.2,2025-12-08 00:12:20,39195.0,,12,20,6,1201.256592,2025-12-08 00:13:20
12,21,6,642.8,2025-12-08 00:12:21,38193.0,,12,21,6,1208.662964,2025-12-08 00:13:21
12,22,6,645.6,2025-12-08 00:12:22,37193.0,,12,22,6,1215.683472,2025-12-08 00:13:22
12,23,6,642.3,2025-12-08 00:12:23,36189.0,,12,23,6,1222.341431,2025-12-08 00:13:23
12,24,6,642.4,2025-12-08 00:12:24,35189.0,,12,24,6,1228.658325,2025-12-08 00:13:24
12,25,6,641.2,2025-12-08 00:12:25,34188.0,,12,25,6,1234.655151,2025-12-08 00:13:25
12,26,6,640.4,2025-12-08 00:12:26,33187.0,,12,26,6,1240.351685,2025-12-08 00:13:26
12,27,6,641.9,2025-12-08 00:12:27,32144.0,,12,27,6,1245.766724,2025-12-08 00:13:27
12,28,6,645.6,2025-12-08 00:12:28,31144.0,,12,28,6,1250.917969,2025-12-08 00:13:28
12,29,6,646.3,2025-12-08 00:12:29,30135.0,,12,29,6,1255.82251,2025-12-08 00:13:29
12,30,6,642.1,2025-12-08 00:12:30,29116.0,,12,30,6,1260.49646,2025-12-08 00:13:30
12,31,6,642.0,2025-12-08 00:12:31,28060.0,,12,31,6,1264.954102,2025-12-08 00:13:31
12,32,6,639.7,2025-12-08 00:12:32,27056.0,,12,32,6,1269.210205,2025-12-08 00:13:32
12,33,6,644.7,2025-12-08 00:12:33,26053.0,,12,33,6,1273.27771,2025-12-08 00:13:33
12,34,6,643.7,2025-12-08 00:12:34,25052.0,,12,34,6,1277.169678,2025-12-08 00:13:34
12,35,6,642.4,2025-12-08 00:12:35,24051.0,,12,35,6,1280.897339,2025-12-08 00:13:35
12,36,6,650.2,2025-12-08 00:12:36,23049.0,,12,36,6,1284.471924,2025-12-08 00:13:36
12,37,6,640.8,2025-12-08 00:12:37,22048.0,,12,37,6,1287.903687,2025-12-08 00:13:37
12,38,6,642.0,2025-12-08 00:12:38,21043.0,,12,38,6,1291.201782,2025-12-08 00:13:38
12,39,6,639.5,2025-12-08 00:12:39,20032.0,,12,39,6,1294.375488,2025-12-08 00:13:39
12,40,6,639.7,2025-12-08 00:12:40,19031.0,,12,40,6,1297.433472,2025-12-08 00:13:40
12,41,6,639.7,2025-12-08 00:12:41,18030.0,,12,41,6,1300.382935,2025-12-08 00:13:41
12,42,6,642.7,2025-12-08 00:12:42,17029.0,,12,42,6,1303.231567,2025-12-08 00:13:42
12,43,6,645.4,2025-12-08 00:12:43,16028.0,,12,43,6,1305.98584,2025-12-08 00:13:43
12,44,6,668.0,2025-12-08 00:12:44,15027.0,,12,44,6,1308.652222,2025-12-08 00:13:44
12,45,6,649.8,2025-12-08 00:12:45,14026.0,,12,45,6,1311.235962,2025-12-08 00:13:45
12,46,6,655.2,2025-12-08 00:12:46,13024.0,,12,46,6,1313.743286,2025-12-08 00:13:46
12,47,6,647.9,2025-12-08 00:12:47,12023.0,,12,47,6,1316.178711,2025-12-08 00:13:47
12,48,6,648.7,2025-12-08 00:12:48,11022.0,,12,48,6,1318.548096,2025-12-08 00:13:48
12,49,6,648.7,2025-12-08 00:12:49,10021.0,,12,49,6,1320.85498,2025-12-08 00:13:49
12,50,6,648.6,2025-12-08 00:12:50,9020.0,,12,50,6,1323.103638,2025-12-08 00:13:50
12,51,6,650.6,2025-12-08 00:12:51,8019.0,,12,51,6,1325.298584,2025-12-08 00:13:51
12,52,6,651.0,2025-12-08 00:12:52,7018.0,,12,52,6,1327.442749,2025-12-08 00:13:52
12,53,6,648.1,2025-12-08 00:12:53,6017.0,,12,53,6,1329.539551,2025-12-08 00:13:53
12,54,6,652.2,2025-12-08 00:12:54,5015.0,,12,54,6,1331.592896,2025-12-08 00:13:54
12,55,6,646.7,2025-12-08 00:12:55,4013.0,,12,55,6,1333.604736,2025-12-08 00:13:55
12,56,6,648.4,2025-12-08 00:12:56,3012.0,,12,56,6,1335.578735,2025-12-08 00:13:56
12,57,6,649.6,2025-12-08 00:12:57,2010.0,,12,57,6,1337.516846,2025-12-08 00:13:57
12,58,6,644.8,2025-12-08 00:12:58,1010.0,,12,58,6,1339.421387,2025-12-08 00:13:58
12,59,6,638.8,2025-12-08 00:12:59,9.0,,12,59,6,1341.2948,2025-12-08 00:13:59
13,0,6,643.6,2025-12-08 00:13:00,59109.0,,13,0,6,947.242004,2025-12-08 00:14:00
13,1,6,639.9,2025-12-08 00:13:01,58108.0,,13,1,6,955.464478,2025-12-08 00:14:01
13,2,6,643.1,2025-12-08 00:13:02,57107.0,,13,2,6,968.912354,2025-12-08 00:14:02
13,3,6,644.1,2025-12-08 00:13:03,56106.0,,13,3,6,984.380554,2025-12-08 00:14:03
13,4,6,641.7,2025-12-08 00:13:04,55104.0,,13,4,6,1000.836243,2025-12-08 00:14:04
13,5,6,644.1,2025-12-08 00:13:05,54101.0,,13,5,6,1017.54657,2025-12-08 00:14:05
13,6,6,650.1,2025-12-08 00:13:06,53100.0,,13,6,6,1034.058716,2025-12-08 00:14:06
13,7,6,643.8,2025-12-08 00:13:07,52099.0,,13,7,6,1050.102905,2025-12-08 00:14:07
13,8,6,650.9,2025-12-08 00:13:08,51098.0,,13,8,6,1065.528931,2025-12-08 00:14:08
13,9,6,641.3,2025-12-08 00:13:09,50097.0,,13,9,6,1080.262817,2025-12-08 00:14:09
13,10,6,640.1,2025-12-08 00:13:10,49096.0,,13,10,6,1094.276245,2025-12-08 00:14:10
13,11,6,639.5,2025-12-08 00:13:11,48096.0,,13,11,6,1107.570679,2025-12-08 00:14:11
13,12,6,643.2,2025-12-08 00:13:12,47095.0,,13,12,6,1120.163208,2025-12-08 00:14:12
13,13,6,642.0,2025-12-08 00:13:13,46094.0,,13,13,6,1132.080444,2025-12-08 00:14:13
13,14,6,644.0,2025-12-08 00:13:14,45093.0,,13,14,6,1143.352661,2025-12-08 00:14:14
13,15,6,642.3,2025-12-08 00:13:15,44090.0,,13,15,6,1154.012329,2025-12-08 00:14:15
13,16,6,639.8,2025-12-08 00:13:16,43088.0,,13,16,6,1164.092041,2025-12-08 00:14:16
13,17,6,642.5,2025-12-08 00:13:17,42087.0,,13,17,6,1173.623535,2025-12-08 00:14:17
13,18,6,643.8,2025-12-08 00:13:18,41086.0,,13,18,6,1182.637695,2025-12-08 00:14:18
13,19,6,644.4,2025-12-08 00:13:19,40085.0,,13,19,6,1191.164307,2025-12-08 00:14:19
13,20,6,645.8,2025-12-08 00:13:20,39084.0,,13,20,6,1199.231812,2025-12-08 00:14:20
13,21,6,642.4,2025-12-08 00:13:21,38082.0,,13,21,6,1206.866699,2025-12-08 00:14:21
13,22,6,640.1,2025-12-08 00:13:22,37081.0,,13,22,6,1214.094604,2025-12-08 00:14:22
13,23,6,641.8,2025-12-08 00:13:23,36081.0,,13,23,6,1220.940063,2025-12-08 00:14:23
13,24,6,646.3,2025-12-08 00:13:24,35079.0,,13,24,6,1227.427002,2025-12-08 00:14:24
13,25,6,638.3,2025-12-08 00:13:25,34078.0,,13,25,6,1233.577759,2025-12-08 00:14:25
13,26,6,641.5,2025-12-08 00:13:26,33074.0,,13,26,6,1239.411865,2025-12-08 00:14:26
13,27,6,639.8,2025-12-08 00:13:27,32073.0,,13,27,6,1244.951172,2025-12-08 00:14:27
13,28,6,638.7,2025-12-08 00:13:28,31071.0,,13,28,6,1250.213623,2025-12-08 00:14:28
13,29,6,639.8,2025-12-08 00:13:29,30070.0,,13,29,6,1255.217773,2025-12-08 00:14:29
13,30,6,639.1,2025-12-08 00:13:30,29069.0,,13,30,6,1259.97998,2025-12-08 00:14:30
13,31,6,608.7,2025-12-08 00:13:31,28068.0,,13,31,6,1264.516968,2025-12-08 00:14:31
13,32,6,611.2,2025-12-08 00:13:32,27067.0,,13,32,6,1268.841309,2025-12-08 00:14:32
13,33,6,611.4,2025-12-08 00:13:33,26066.0,,13,33,6,1272.969604,2025-12-08 00:14:33
13,34,6,611.9,2025-12-08 00:13:34,25065.0,,13,34,6,1276.915283,2025-12-08 00:14:34
13,35,6,607.9,2025-12-08 00:13:35,24060.0,,13,35,6,1280.690674,2025-12-08 00:14:35
13,36,6,609.3,2025-12-08 00:13:36,23060.0,,13,36,6,1284.307129,2025-12-08 00:14:36
13,37,6,609.3,2025-12-08 00:13:37,22059.0,,13,37,6,1287.775635,2025-12-08 00:14:37
13,38,6,610.0,2025-12-08 00:13:38,21058.0,,13,38,6,1291.106445,2025-12-08 00:14:38
13,39,6,612.5,2025-12-08 00:13:39,20051.0,,13,39,6,1294.30896,2025-12-08 00:14:39
13,40,6,608.5,2025-12-08 00:13:40,19050.0,,13,40,6,1297.391724,2025-12-08 00:14:40
13,41,6,608.9,2025-12-08 00:13:41,18049.0,,13,41,6,1300.363037,2025-12-08 00:14:41
13,42,6,611.9,2025-12-08 00:13:42,17047.0,,13,42,6,1303.230713,2025-12-08 00:14:42
13,43,6,611.0,2025-12-08 00:13:43,16046.0,,13,43,6,1306.001465,2025-12-08 00:14:43
13,44,6,613.0,2025-12-08 00:13:44,15045.0,,13,44,6,1308.682373,2025-12-08 00:14:44
13,45,6,612.0,2025-12-08 00:13:45,14044.0,,13,45,6,1311.279297,2025-12-08 00:14:45
13,46,6,606.6,2025-12-08 00:13:46,13044.0,,13,46,6,1313.797852,2025-12-08 00:14:46
13,47,6,610.4,2025-12-08 00:13:47,12040.0,,13,47,6,1316.24353,2025-12-08 00:14:47
13,48,6,610.8,2025-12-08 00:13:48,11038.0,,13,48,6,1318.621704,2025-12-08 00:14:48
13,49,6,609.3,2025-12-08 00:13:49,10037.0,,13,49,6,1320.936401,2025-12-08 00:14:49
13,50,6,614.0,2025-12-08 00:13:50,9036.0,,13,50,6,1323.192261,2025-12-08 00:14:50
13,51,6,608.3,2025-12-08 00:13:51,8035.0,,13,51,6,1325.393188,2025-12-08 00:14:51
13,52,6,610.4,2025-12-08 00:13:52,7033.0,,13,52,6,1327.543091,2025-12-08 00:14:52
13,53,6,609.8,2025-12-08 00:13:53,6032.0,,13,53,6,1329.645264,2025-12-08 00:14:53
13,54,6,613.2,2025-12-08 00:13:54,5031.0,,13,54,6,1331.703125,2025-12-08 00:14:54
13,55,6,610.4,2025-12-08 00:13:55,4030.0,,13,55,6,1333.71936,2025-12-08 00:14:55
13,56,6,609.4,2025-12-08 00:13:56,3029.0,,13,56,6,1335.697021,2025-12-08 00:14:56
13,57,6,608.5,2025-12-08 00:13:57,2028.0,,13,57,6,1337.638794,2025-12-08 00:14:57
13,58,6,610.7,2025-12-08 00:13:58,1023.0,,13,58,6,1339.546997,2025-12-08 00:14:58
13,59,6,613.7,2025-12-08 00:13:59,19.0,,13,59,6,1341.423584,2025-12-08 00:14:59
14,0,6,621.2,2025-12-08 00:14:00,59078.0,,14,0,6,946.287292,2025-12-08 00:15:00
14,1,6,615.5,2025-12-08 00:14:01,58076.0,,14,1,6,954.482056,2025-12-08 00:15:01
14,2,6,614.9,2025-12-08 00:14:02,57075.0,,14,2,6,967.968872,2025-12-08 00:15:02
14,3,6,614.3,2025-12-08 00:14:03,56074.0,,14,3,6,983.497192,2025-12-08 00:15:03
14,4,6,610.3,2025-12-08 00:14:04,55074.0,,14,4,6,1000.02478,2025-12-08 00:15:04
14,5,6,628.0,2025-12-08 00:14:05,54073.0,,14,5,6,1016.811768,2025-12-08 00:15:05
14,6,6,610.7,2025-12-08 00:14:06,53072.0,,14,6,6,1033.400879,2025-12-08 00:15:06
14,7,6,612.3,2025-12-08 00:14:07,52071.0,,14,7,6,1049.518677,2025-12-08 00:15:07
14,8,6,613.0,2025-12-08 00:14:08,51070.0,,14,8,6,1065.014404,2025-12-08 00:15:08
14,9,6,613.9,2025-12-08 00:14:09,50067.0,,14,9,6,1079.812866,2025-12-08 00:15:09
14,10,6,608.8,2025-12-08 00:14:10,49066.0,,14,10,6,1093.886108,2025-12-08 00:15:10
14,11,6,607.6,2025-12-08 00:14:11,48065.0,,14,11,6,1107.234741,2025-12-08 00:15:11
14,12,6,610.2,2025-12-08 00:14:12,47064.0,,14,12,6,1119.876465,2025-12-08 00:15:12
14,13,6,608.4,2025-12-08 00:14:13,46063.0,,14,13,6,1131.838013,2025-12-08 00:15:13
14,14,6,609.1,2025-12-08 00:14:14,45062.0,,14,14,6,1143.150024,2025-12-08 00:15:14
14,15,6,606.8,2025-12-08 00:14:15,44061.0,,14,15,6,1153.845215,2025-12-08 00:15:15
14,16,6,605.8,2025-12-08 00:14:16,43060.0,,14,16,6,1163.956421,2025-12-08 00:15:16
14,17,6,609.9,2025-12-08 00:14:17,42058.0,,14,17,6,1173.515747,2025-12-08 00:15:17
14,18,6,609.1,2025-12-08 00:14:18,41057.0,,14,18,6,1182.554932,2025-12-08 00:15:18
14,19,6,615.6,2025-12-08 00:14:19,40056.0,,14,19,6,1191.103027,2025-12-08 00:15:19
14,20,6,609.3,2025-12-08 00:14:20,39054.0,,14,20,6,1199.189697,2025-12-08 00:15:20
14,21,6,606.1,2025-12-08 00:14:21,38053.0,,14,21,6,1206.840698,2025-12-08 00:15:21
14,22,6,606.7,2025-12-08 00:14:22,37052.0,,14,22,6,1214.082397,2025-12-08 00:15:22
14,23,6,606.7,2025-12-08 00:14:23,36049.0,,14,23,6,1220.939941,2025-12-08 00:15:23
14,24,6,609.8,2025-12-08 00:14:24,35048.0,,14,24,6,1227.436646,2025-12-08 00:15:24
14,25,6,607.7,2025-12-08 00:14:25,34046.0,,14,25,6,1233.595459,2025-12-08 00:15:25
14,26,6,608.7,2025-12-08 00:14:26,33045.0,,14,26,6,1239.437378,2025-12-08 00:15:26
14,27,6,608.1,2025-12-08 00:14:27,32045.0,,14,27,6,1244.982666,2025-12-08 00:15:27
14,28,6,607.6,2025-12-08 00:14:28,31044.0,,14,28,6,1250.250244,2025-12-08 00:15:28
14,29,6,607.4,2025-12-08 00:14:29,30043.0,,14,29,6,1255.258423,2025-12-08 00:15:29
14,30,6,609.9,2025-12-08 00:14:30,29040.0,,14,30,6,1260.024292,2025-12-08 00:15:30
14,31,6,607.3,2025-12-08 00:14:31,28038.0,,14,31,6,1264.564331,2025-12-08 00:15:31
14,32,6,607.6,2025-12-08 00:14:32,27037.0,,14,32,6,1268.893188,2025-12-08 00:15:32
14,33,6,606.8,2025-12-08 00:14:33,26036.0,,14,33,6,1273.025146,2025-12-08 00:15:33
14,34,6,605.3,2025-12-08 00:14:34,25035.0,,14,34,6,1276.973877,2025-12-08 00:15:34
14,35,6,608.3,2025-12-08 00:14:35,24035.0,,14,35,6,1280.751465,2025-12-08 00:15:35
14,36,6,602.4,2025-12-08 00:14:36,23034.0,,14,36,6,1284.370117,2025-12-08 00:15:36
14,37,6,612.1,2025-12-08 00:14:37,22033.0,,14,37,6,1287.840088,2025-12-08 00:15:37
14,38,6,609.3,2025-12-08 00:14:38,21031.0,,14,38,6,1291.172241,2025-12-08 00:15:38
14,39,6,610.4,2025-12-08 00:14:39,20030.0,,14,39,6,1294.375488,2025-12-08 00:15:39
14,40,6,609.4,2025-12-08 00:14:40,19029.0,,14,40,6,1297.458862,2025-12-08 00:15:40
14,41,6,607.2,2025-12-08 00:14:41,18028.0,,14,41,6,1300.430786,2025-12-08 00:15:41
14,42,6,609.8,2025-12-08 00:14:42,17027.0,,14,42,6,1303.298462,2025-12-08 00:15:42
14,43,6,608.1,2025-12-08 00:14:43,16026.0,,14,43,6,1306.069336,2025-12-08 00:15:43
14,44,6,609.7,2025-12-08 00:14:44,15025.0,,14,44,6,1308.75,2025-12-08 00:15:44
14,45,6,608.1,2025-12-08 00:14:45,14023.0,,14,45,6,1311.346558,2025-12-08 00:15:45
14,46,6,605.4,2025-12-08 00:14:46,13022.0,,14,46,6,1313.864868,2025-12-08 00:15:46
14,47,6,607.4,2025-12-08 00:14:47,12021.0,,14,47,6,1316.310303,2025-12-08 00:15:47
14,48,6,606.7,2025-12-08 00:14:48,11020.0,,14,48,6,1318.687744,2025-12-08 00:15:48
14,49,6,606.3,2025-12-08 00:14:49,10020.0,,14,49,6,1321.002197,2025-12-08 00:15:49
14,50,6,608.5,2025-12-08 00:14:50,9018.0,,14,50,6,1323.257446,2025-12-08 00:15:50
14,51,6,612.3,2025-12-08 00:14:51,8017.0,,14,51,6,1325.457642,2025-12-08 00:15:51
14,52,6,605.1,2025-12-08 00:14:52,7016.0,,14,52,6,1327.606812,2025-12-08 00:15:52
14,53,6,608.6,2025-12-08 00:14:53,6015.0,,14,53,6,1329.708618,2025-12-08 00:15:53
14,54,6,608.0,2025-12-08 00:14:54,5013.0,,14,54,6,1331.765747,2025-12-08 00:15:54
14,55,6,604.9,2025-12-08 00:14:55,4012.0,,14,55,6,1333.781616,2025-12-08 00:15:55
14,56,6,608.7,2025-12-08 00:14:56,3011.0,,14,56,6,1335.758911,2025-12-08 00:15:56
14,57,6,608.2,2025-12-08 00:14:57,2011.0,,14,57,6,1337.699951,2025-12-08 00:15:57
14,58,6,605.8,2025-12-08 00:14:58,1010.0,,14,58,6,1339.607422,2025-12-08 00:15:58
14,59,6,608.0,2025-12-08 00:14:59,9.0,,14,59,6,1341.483521,2025-12-08 00:15:59
15,0,6,609.0,2025-12-08 00:15:00,59167.0,,15,0,6,1126.500366,2025-12-08 00:16:00
15,1,6,611.4,2025-12-08 00:15:01,58166.0,,15,1,6,1136.744995,2025-12-08 00:16:01
15,2,6,609.8,2025-12-08 00:15:02,57165.0,,15,2,6,1146.622681,2025-12-08 00:16:02
15,3,6,608.6,2025-12-08 00:15:03,56164.0,,15,3,6,1156.095947,2025-12-08 00:16:03
15,4,6,607.0,2025-12-08 00:15:04,55163.0,,15,4,6,1165.155762,2025-12-08 00:16:04
15,5,6,609.8,2025-12-08 00:15:05,54161.0,,15,5,6,1173.80481,2025-12-08 00:16:05
15,6,6,610.2,2025-12-08 00:15:06,53160.0,,15,6,6,1182.053223,2025-12-08 00:16:06
15,7,6,740.1,2025-12-08 00:15:07,52159.0,,15,7,6,1189.914307,2025-12-08 00:16:07
15,8,6,710.4,2025-12-08 00:15:08,51158.0,,15,8,6,1197.410889,2025-12-08 00:16:08
15,9,6,708.1,2025-12-08 00:15:09,50156.0,,15,9,6,1204.550781,2025-12-08 00:16:09
15,10,6,707.3,2025-12-08 00:15:10,49155.0,,15,10,6,1211.352417,2025-12-08 00:16:10
15,11,6,614.7,2025-12-08 00:15:11,48154.0,,15,11,6,1217.833618,2025-12-08 00:16:11
15,12,6,709.7,2025-12-08 00:15:12,47152.0,,15,12,6,1224.006104,2025-12-08 00:16:12
15,13,6,705.5,2025-12-08 00:15:13,46151.0,,15,13,6,1229.896973,2025-12-08 00:16:13
15,14,6,761.2,2025-12-08 00:15:14,45150.0,,15,14,6,1235.515991,2025-12-08 00:16:14
15,15,6,724.2,2025-12-08 00:15:15,44148.0,,15,15,6,1240.881592,2025-12-08 00:16:15
15,16,6,717.5,2025-12-08 00:15:16,43147.0,,15,16,6,1246.003296,2025-12-08 00:16:16
15,17,6,718.7,2025-12-08 00:15:17,42146.0,,15,17,6,1250.896362,2025-12-08 00:16:17
15,18,6,710.4,2025-12-08 00:15:18,41145.0,,15,18,6,1255.575073,2025-12-08 00:16:18
15,19,6,713.0,2025-12-08 00:15:19,40144.0,,15,19,6,1260.051392,2025-12-08 00:16:19
15,20,6,713.4,2025-12-08 00:15:20,39142.0,,15,20,6,1264.338135,2025-12-08 00:16:20
15,21,6,716.6,2025-12-08 00:15:21,38141.0,,15,21,6,1268.446411,2025-12-08 00:16:21
15,22,6,714.7,2025-12-08 00:15:22,37140.0,,15,22,6,1272.387085,2025-12-08 00:16:22
15,23,6,713.5,2025-12-08 00:15:23,36138.0,,15,23,6,1276.170288,2025-12-08 00:16:23
15,24,6,715.1,2025-12-08 00:15:24,35134.0,,15,24,6,1279.80542,2025-12-08 00:16:24
15,25,6,711.9,2025-12-08 00:15:25,34132.0,,15,25,6,1283.302002,2025-12-08 00:16:25
15,26,6,713.9,2025-12-08 00:15:26,33128.0,,15,26,6,1286.668335,2025-12-08 00:16:26
15,27,6,717.2,2025-12-08 00:15:27,32127.0,,15,27,6,1289.91272,2025-12-08 00:16:27
15,28,6,714.7,2025-12-08 00:15:28,31125.0,,15,28,6,1293.04248,2025-12-08 00:16:28
15,29,6,715.5,2025-12-08 00:15:29,30123.0,,15,29,6,1296.064819,2025-12-08 00:16:29
15,30,6,713.1,2025-12-08 00:15:30,29098.0,,15,30,6,1298.986572,2025-12-08 00:16:30
15,31,6,711.9,2025-12-08 00:15:31,28095.0,,15,31,6,1301.813965,2025-12-08 00:16:31
15,32,6,716.4,2025-12-08 00:15:32,27094.0,,15,32,6,1304.552979,2025-12-08 00:16:32
15,33,6,717.3,2025-12-08 00:15:33,26093.0,,15,33,6,1307.209106,2025-12-08 00:16:33
15,34,6,716.3,2025-12-08 00:15:34,25080.0,,15,34,6,1309.787476,2025-12-08 00:16:34
15,35,6,715.0,2025-12-08 00:15:35,24079.0,,15,35,6,1312.292969,2025-12-08 00:16:35
15,36,6,712.6,2025-12-08 00:15:36,23077.0,,15,36,6,1314.730469,2025-12-08 00:16:36
15,37,6,723.0,2025-12-08 00:15:37,22076.0,,15,37,6,1317.104004,2025-12-08 00:16:37
15,38,6,712.0,2025-12-08 00:15:38,21071.0,,15,38,6,1319.417358,2025-12-08 00:16:38
15,39,6,713.9,2025-12-08 00:15:39,20063.0,,15,39,6,1321.675049,2025-12-08 00:16:39
15,40,6,730.6,2025-12-08 00:15:40,19056.0,,15,40,6,1323.880127,2025-12-08 00:16:40
15,41,6,720.9,2025-12-08 00:15:41,18053.0,,15,41,6,1326.035156,2025-12-08 00:16:41
15,42,6,730.3,2025-12-08 00:15:42,17050.0,,15,42,6,1328.144165,2025-12-08 00:16:42
15,43,6,715.5,2025-12-08 00:15:43,16049.0,,15,43,6,1330.209473,2025-12-08 00:16:43
15,44,6,713.7,2025-12-08 00:15:44,15049.0,,15,44,6,1332.234497,2025-12-08 00:16:44
15,45,6,714.7,2025-12-08 00:15:45,14047.0,,15,45,6,1334.221558,2025-12-08 00:16:45
15,46,6,1011.1,2025-12-08 00:15:46,13046.0,,15,46,6,1336.172607,2025-12-08 00:16:46
15,47,6,1010.4,2025-12-08 00:15:47,12044.0,,15,47,6,1338.075562,2025-12-08 00:16:47
15,48,6,903.7,2025-12-08 00:15:48,11038.0,,15,48,6,1339.943848,2025-12-08 00:16:48
15,49,6,921.7,2025-12-08 00:15:49,10034.0,,15,49,6,1341.78479,2025-12-08 00:16:49
15,50,6,1018.0,2025-12-08 00:15:50,9031.0,,15,50,6,1343.595215,2025-12-08 00:16:50
15,51,6,923.2,2025-12-08 00:15:51,8024.0,,15,51,6,1345.373779,2025-12-08 00:16:51
15,52,6,969.7,2025-12-08 00:15:52,7022.0,,15,52,6,1347.129395,2025-12-08 00:16:52
15,53,6,997.8,2025-12-08 00:15:53,6021.0,,15,53,6,1348.858643,2025-12-08 00:16:53
15,54,6,1023.5,2025-12-08 00:15:54,5016.0,,15,54,6,1350.563232,2025-12-08 00:16:54
15,55,6,1046.4,2025-12-08 00:15:55,4015.0,,15,55,6,1352.244507,2025-12-08 00:16:55
15,56,6,1067.9,2025-12-08 00:15:56,3014.0,,15,56,6,1353.903564,2025-12-08 00:16:56
15,57,6,1089.1,2025-12-08 00:15:57,2012.0,,15,57,6,1355.541504,2025-12-08 00:16:57
15,58,6,1107.1,2025-12-08 00:15:58,1011.0,,15,58,6,1357.159668,2025-12-08 00:16:58
15,59,6,1122.1,2025-12-08 00:15:59,10.0,,15,59,6,1358.758789,2025-12-08 00:16:59
16,0,6,1133.8,2025-12-08 00:16:00,59082.0,,16,0,6,1221.191528,2025-12-08 00:17:00
16,1,6,1139.0,2025-12-08 00:16:01,58081.0,,16,1,6,1223.485596,2025-12-08 00:17:01
16,2,6,1142.3,2025-12-08 00:16:02,57080.0,,16,2,6,1226.265381,2025-12-08 00:17:02
16,3,6,1148.4,2025-12-08 00:16:03,56079.0,,16,3,6,1229.428589,2025-12-08 00:17:03
16,4,6,1155.4,2025-12-08 00:16:04,55078.0,,16,4,6,1232.830688,2025-12-08 00:17:04
16,5,6,1154.6,2025-12-08 00:16:05,54077.0,,16,5,6,1236.369263,2025-12-08 00:17:05
16,6,6,1154.7,2025-12-08 00:16:06,53076.0,,16,6,6,1239.976196,2025-12-08 00:17:06
16,7,6,1153.5,2025-12-08 00:16:07,52075.0,,16,7,6,1243.605347,2025-12-08 00:17:07
16,8,6,1153.9,2025-12-08 00:16:08,51073.0,,16,8,6,1247.226196,2025-12-08 00:17:08
16,9,6,1153.8,2025-12-08 00:16:09,50072.0,,16,9,6,1250.817871,2025-12-08 00:17:09
16,10,6,1154.1,2025-12-08 00:16:10,49071.0,,16,10,6,1254.366455,2025-12-08 00:17:10
16,11,6,1153.0,2025-12-08 00:16:11,48070.0,,16,11,6,1257.862793,2025-12-08 00:17:11
16,12,6,1152.6,2025-12-08 00:16:12,47069.0,,16,12,6,1261.300659,2025-12-08 00:17:12
16,13,6,1151.1,2025-12-08 00:16:13,46067.0,,16,13,6,1264.675781,2025-12-08 00:17:13
16,14,6,1146.7,2025-12-08 00:16:14,45067.0,,16,14,6,1267.985962,2025-12-08 00:17:14
16,15,6,1149.8,2025-12-08 00:16:15,44066.0,,16,15,6,1271.229614,2025-12-08 00:17:15
16,16,6,1148.1,2025-12-08 00:16:16,43065.0,,16,16,6,1274.405884,2025-12-08 00:17:16
16,17,6,1151.3,2025-12-08 00:16:17,42064.0,,16,17,6,1277.515015,2025-12-08 00:17:17
16,18,6,1148.5,2025-12-08 00:16:18,41063.0,,16,18,6,1280.556641,2025-12-08 00:17:18
16,19,6,1152.7,2025-12-08 00:16:19,40062.0,,16,19,6,1283.531982,2025-12-08 00:17:19
16,20,6,1155.0,2025-12-08 00:16:20,39060.0,,16,20,6,1286.441528,2025-12-08 00:17:20
16,21,6,1151.6,2025-12-08 00:16:21,38059.0,,16,21,6,1289.286865,2025-12-08 00:17:21
16,22,6,1153.6,2025-12-08 00:16:22,37058.0,,16,22,6,1292.06897,2025-12-08 00:17:22
16,23,6,1156.7,2025-12-08 00:16:23,36057.0,,16,23,6,1294.789429,2025-12-08 00:17:23
16,24,6,1162.1,2025-12-08 00:16:24,35056.0,,16,24,6,1297.449951,2025-12-08 00:17:24
16,25,6,1156.5,2025-12-08 00:16:25,34055.0,,16,25,6,1300.052002,2025-12-08 00:17:25
16,26,6,1163.4,2025-12-08 00:16:26,33054.0,,16,26,6,1302.59729,2025-12-08 00:17:26
16,27,6,1167.6,2025-12-08 00:16:27,32053.0,,16,27,6,1305.087891,2025-12-08 00:17:27
16,28,6,1170.5,2025-12-08 00:16:28,31051.0,,16,28,6,1307.525146,2025-12-08 00:17:28
16,29,6,1170.5,2025-12-08 00:16:29,30050.0,,16,29,6,1309.910889,2025-12-08 00:17:29
16,30,6,1172.1,2025-12-08 00:16:30,29050.0,,16,30,6,1312.246948,2025-12-08 00:17:30
16,31,6,1170.3,2025-12-08 00:16:31,28047.0,,16,31,6,1314.535278,2025-12-08 00:17:31
16,32,6,1173.6,2025-12-08 00:16:32,27046.0,,16,32,6,1316.777588,2025-12-08 00:17:32
16,33,6,1177.1,2025-12-08 00:16:33,26042.0,,16,33,6,1318.975342,2025-12-08 00:17:33
16,34,6,1182.1,2025-12-08 00:16:34,25039.0,,16,34,6,1321.130249,2025-12-08 00:17:34
16,35,6,1174.9,2025-12-08 00:16:35,24038.0,,16,35,6,1323.243896,2025-12-08 00:17:35
16,36,6,1174.9,2025-12-08 00:16:36,23036.0,,16,36,6,1325.318237,2025-12-08 00:17:36
16,37,6,1177.3,2025-12-08 00:16:37,22036.0,,16,37,6,1327.354248,2025-12-08 00:17:37
16,38,6,1177.1,2025-12-08 00:16:38,21035.0,,16,38,6,1329.354126,2025-12-08 00:17:38
16,39,6,1177.0,2025-12-08 00:16:39,20034.0,,16,39,6,1331.318848,2025-12-08 00:17:39
16,40,6,1175.9,2025-12-08 00:16:40,19033.0,,16,40,6,1333.250122,2025-12-08 00:17:40
16,41,6,1176.8,2025-12-08 00:16:41,18030.0,,16,41,6,1335.149048,2025-12-08 00:17:41
16,42,6,1178.5,2025-12-08 00:16:42,17029.0,,16,42,6,1337.017334,2025-12-08 00:17:42
16,43,6,1183.2,2025-12-08 00:16:43,16028.0,,16,43,6,1338.856079,2025-12-08 00:17:43
16,44,6,1178.1,2025-12-08 00:16:44,15027.0,,16,44,6,1340.66626,2025-12-08 00:17:44
16,45,6,1178.7,2025-12-08 00:16:45,14026.0,,16,45,6,1342.449585,2025-12-08 00:17:45
16,46,6,1172.6,2025-12-08 00:16:46,13025.0,,16,46,6,1344.207275,2025-12-08 00:17:46
16,47,6,1172.3,2025-12-08 00:16:47,12024.0,,16,47,6,1345.94043,2025-12-08 00:17:47
16,48,6,1174.2,2025-12-08 00:16:48,11023.0,,16,48,6,1347.650513,2025-12-08 00:17:48
16,49,6,1170.0,2025-12-08 00:16:49,10020.0,,16,49,6,1349.338379,2025-12-08 00:17:49
16,50,6,1172.1,2025-12-08 00:16:50,9019.0,,16,50,6,1351.005005,2025-12-08 00:17:50
16,51,6,1172.6,2025-12-08 00:16:51,8018.0,,16,51,6,1352.651733,2025-12-08 00:17:51
16,52,6,1174.0,2025-12-08 00:16:52,7017.0,,16,52,6,1354.279541,2025-12-08 00:17:52
16,53,6,1171.6,2025-12-08 00:16:53,6015.0,,16,53,6,1355.889282,2025-12-08 00:17:53
16,54,6,1172.0,2025-12-08 00:16:54,5014.0,,16,54,6,1357.482056,2025-12-08 00:17:54
16,55,6,1174.0,2025-12-08 00:16:55,4013.0,,16,55,6,1359.058594,2025-12-08 00:17:55
16,56,6,1176.1,2025-12-08 00:16:56,3012.0,,16,56,6,1360.619873,2025-12-08 00:17:56
16,57,6,1179.6,2025-12-08 00:16:57,2011.0,,16,57,6,1362.166748,2025-12-08 00:17:57
16,58,6,1172.7,2025-12-08 00:16:58,1010.0,,16,58,6,1363.699829,2025-12-08 00:17:58
16,59,6,1187.6,2025-12-08 00:16:59,9.0,,16,59,6,1365.220215,2025-12-08 00:17:59
17,0,6,1180.4,2025-12-08 00:17:00,59085.0,,17,0,6,1219.796631,2025-12-08 00:18:00
17,1,6,1175.7,2025-12-08 00:17:01,58084.0,,17,1,6,1221.843384,2025-12-08 00:18:01
17,2,6,1179.0,2025-12-08 00:17:02,57083.0,,17,2,6,1224.433472,2025-12-08 00:18:02
17,3,6,1180.4,2025-12-08 00:17:03,56082.0,,17,3,6,1227.479614,2025-12-08 00:18:03
17,4,6,1176.3,2025-12-08 00:17:04,55081.0,,17,4,6,1230.815063,2025-12-08 00:18:04
17,5,6,1176.8,2025-12-08 00:17:05,54081.0,,17,5,6,1234.321777,2025-12-08 00:18:05
17,6,6,1176.3,2025-12-08 00:17:06,53078.0,,17,6,6,1237.919922,2025-12-08 00:18:06
17,7,6,1179.8,2025-12-08 00:17:07,52076.0,,17,7,6,1241.556274,2025-12-08 00:18:07
17,8,6,1177.7,2025-12-08 00:17:08,51074.0,,17,8,6,1245.194702,2025-12-08 00:18:08
17,9,6,1176.6,2025-12-08 00:17:09,50073.0,,17,9,6,1248.811523,2025-12-08 00:18:09
17,10,6,1173.0,2025-12-08 00:17:10,49072.0,,17,10,6,1252.390137,2025-12-08 00:18:10
17,11,6,1177.8,2025-12-08 00:17:11,48070.0,,17,11,6,1255.920044,2025-12-08 00:18:11
17,12,6,1174.7,2025-12-08 00:17:12,47069.0,,17,12,6,1259.393555,2025-12-08 00:18:12
17,13,6,1174.9,2025-12-08 00:17:13,46068.0,,17,13,6,1262.80603,2025-12-08 00:18:13
17,14,6,1172.8,2025-12-08 00:17:14,45066.0,,17,14,6,1266.154419,2025-12-08 00:18:14
17,15,6,1176.7,2025-12-08 00:17:15,44066.0,,17,15,6,1269.436523,2025-12-08 00:18:15
17,16,6,1170.5,2025-12-08 00:17:16,43065.0,,17,16,6,1272.651611,2025-12-08 00:18:16
17,17,6,1174.2,2025-12-08 00:17:17,42064.0,,17,17,6,1275.798828,2025-12-08 00:18:17
17,18,6,1176.0,2025-12-08 00:17:18,41063.0,,17,18,6,1278.878662,2025-12-08 00:18:18
17,19,6,1180.6,2025-12-08 00:17:19,40062.0,,17,19,6,1281.891235,2025-12-08 00:18:19
17,20,6,1178.8,2025-12-08 00:17:20,39061.0,,17,20,6,1284.83728,2025-12-08 00:18:20
17,21,6,1176.9,2025-12-08 00:17:21,38059.0,,17,21,6,1287.717896,2025-12-08 00:18:21
17,22,6,1166.0,2025-12-08 00:17:22,37059.0,,17,22,6,1290.534546,2025-12-08 00:18:22
17,23,6,1171.8,2025-12-08 00:17:23,36057.0,,17,23,6,1293.288696,2025-12-08 00:18:23
17,24,6,1174.8,2025-12-08 00:17:24,35056.0,,17,24,6,1295.981812,2025-12-08 00:18:24
17,25,6,1168.8,2025-12-08 00:17:25,34055.0,,17,25,6,1298.615112,2025-12-08 00:18:25
17,26,6,1168.6,2025-12-08 00:17:26,33054.0,,17,26,6,1301.191162,2025-12-08 00:18:26
17,27,6,1173.1,2025-12-08 00:17:27,32053.0,,17,27,6,1303.711182,2025-12-08 00:18:27
17,28,6,1173.1,2025-12-08 00:17:28,31051.0,,17,28,6,1306.17688,2025-12-08 00:18:28
17,29,6,1177.9,2025-12-08 00:17:29,30050.0,,17,29,6,1308.59021,2025-12-08 00:18:29
17,30,6,1173.3,2025-12-08 00:17:30,29048.0,,17,30,6,1310.952881,2025-12-08 00:18:30
17,31,6,1169.6,2025-12-08 00:17:31,28047.0,,17,31,6,1313.266846,2025-12-08 00:18:31
17,32,6,1172.0,2025-12-08 00:17:32,27046.0,,17,32,6,1315.533691,2025-12-08 00:18:32
17,33,6,1173.8,2025-12-08 00:17:33,26044.0,,17,33,6,1317.755249,2025-12-08 00:18:33
17,34,6,1174.4,2025-12-08 00:17:34,25043.0,,17,34,6,1319.933472,2025-12-08 00:18:34
17,35,6,1169.6,2025-12-08 00:17:35,24042.0,,17,35,6,1322.069458,2025-12-08 00:18:35
17,36,6,1177.3,2025-12-08 00:17:36,23041.0,,17,36,6,1324.165283,2025-12-08 00:18:36
17,37,6,1174.4,2025-12-08 00:17:37,22040.0,,17,37,6,1326.222412,2025-12-08 00:18:37
17,38,6,1174.8,2025-12-08 00:17:38,21039.0,,17,38,6,1328.242188,2025-12-08 00:18:38
17,39,6,1174.9,2025-12-08 00:17:39,20038.0,,17,39,6,1330.226196,2025-12-08 00:18:39
17,40,6,1175.9,2025-12-08 00:17:40,19035.0,,17,40,6,1332.175903,2025-12-08 00:18:40
17,41,6,1183.5,2025-12-08 00:17:41,18034.0,,17,41,6,1334.092896,2025-12-08 00:18:41
17,42,6,1174.8,2025-12-08 00:17:42,17033.0,,17,42,6,1335.978149,2025-12-08 00:18:42
17,43,6,1170.3,2025-12-08 00:17:43,16032.0,,17,43,6,1337.83313,2025-12-08 00:18:43
17,44,6,1181.7,2025-12-08 00:17:44,15031.0,,17,44,6,1339.659424,2025-12-08 00:18:44
17,45,6,1183.4,2025-12-08 00:17:45,14030.0,,17,45,6,1341.457764,2025-12-08 00:18:45
17,46,6,1179.6,2025-12-08 00:17:46,13028.0,,17,46,6,1343.229614,2025-12-08 00:18:46
17,47,6,1179.2,2025-12-08 00:17:47,12027.0,,17,47,6,1344.97644,2025-12-08 00:18:47
17,48,6,1174.3,2025-12-08 00:17:48,11026.0,,17,48,6,1346.698853,2025-12-08 00:18:48
17,49,6,1173.6,2025-12-08 00:17:49,10024.0,,17,49,6,1348.398804,2025-12-08 00:18:49
17,50,6,1172.9,2025-12-08 00:17:50,9019.0,,17,50,6,1350.076904,2025-12-08 00:18:50
17,51,6,1176.7,2025-12-08 00:17:51,8018.0,,17,51,6,1351.734619,2025-12-08 00:18:51
17,52,6,1172.3,2025-12-08 00:17:52,7016.0,,17,52,6,1353.372559,2025-12-08 00:18:52
17,53,6,1171.0,2025-12-08 00:17:53,6015.0,,17,53,6,1354.991943,2025-12-08 00:18:53
17,54,6,1172.3,2025-12-08 00:17:54,5014.0,,17,54,6,1356.594116,2025-12-08 00:18:54
17,55,6,1170.9,2025-12-08 00:17:55,4013.0,,17,55,6,1358.179321,2025-12-08 00:18:55
17,56,6,1172.0,2025-12-08 00:17:56,3012.0,,17,56,6,1359.749023,2025-12-08 00:18:56
17,57,6,1174.2,2025-12-08 00:17:57,2011.0,,17,57,6,1361.303955,2025-12-08 00:18:57
17,58,6,1171.1,2025-12-08 00:17:58,1010.0,,17,58,6,1362.844727,2025-12-08 00:18:58
17,59,6,1171.8,2025-12-08 00:17:59,9.0,,17,59,6,1364.372314,2025-12-08 00:18:59
18,0,6,1245.571186,2025-12-08 00:18:00,59191.0,,18,0,6,1285.69397,2025-12-08 00:19:00
18,1,6,1173.6,2025-12-08 00:18:01,58190.0,,18,1,6,1286.799194,2025-12-08 00:19:01
18,2,6,1181.1,2025-12-08 00:18:02,57189.0,,18,2,6,1288.179688,2025-12-08 00:19:02
18,3,6,1174.9,2025-12-08 00:18:03,56188.0,,18,3,6,1289.828979,2025-12-08 00:19:03
18,4,6,1177.9,2025-12-08 00:18:04,55187.0,,18,4,6,1291.661865,2025-12-08 00:19:04
18,5,6,1177.7,2025-12-08 00:18:05,54186.0,,18,5,6,1293.615356,2025-12-08 00:19:05
18,6,6,1174.6,2025-12-08 00:18:06,53186.0,,18,6,6,1295.647461,2025-12-08 00:19:06
18,7,6,1172.6,2025-12-08 00:18:07,52185.0,,18,7,6,1297.728516,2025-12-08 00:19:07
18,8,6,1174.5,2025-12-08 00:18:08,51183.0,,18,8,6,1299.838623,2025-12-08 00:19:08
18,9,6,1173.0,2025-12-08 00:18:09,50182.0,,18,9,6,1301.963501,2025-12-08 00:19:09
18,10,6,1174.5,2025-12-08 00:18:10,49181.0,,18,10,6,1304.09314,2025-12-08 00:19:10
18,11,6,1176.6,2025-12-08 00:18:11,48180.0,,18,11,6,1306.220459,2025-12-08 00:19:11
18,12,6,1174.1,2025-12-08 00:18:12,47180.0,,18,12,6,1308.34021,2025-12-08 00:19:12
18,13,6,1172.7,2025-12-08 00:18:13,46179.0,,18,13,6,1310.448608,2025-12-08 00:19:13
18,14,6,1173.0,2025-12-08 00:18:14,45178.0,,18,14,6,1312.542603,2025-12-08 00:19:14
18,15,6,1209.1,2025-12-08 00:18:15,44176.0,,18,15,6,1314.619873,2025-12-08 00:19:15
18,16,6,1280.9,2025-12-08 00:18:16,43176.0,,18,16,6,1316.677734,2025-12-08 00:19:16
18,17,6,1273.2,2025-12-08 00:18:17,42175.0,,18,17,6,1318.713867,2025-12-08 00:19:17
18,18,6,1271.3,2025-12-08 00:18:18,41174.0,,18,18,6,1320.727417,2025-12-08 00:19:18
18,19,6,1280.4,2025-12-08 00:18:19,40173.0,,18,19,6,1322.717896,2025-12-08 00:19:19
18,20,6,1282.3,2025-12-08 00:18:20,39172.0,,18,20,6,1324.684814,2025-12-08 00:19:20
18,21,6,1273.2,2025-12-08 00:18:21,38171.0,,18,21,6,1326.628052,2025-12-08 00:19:21
18,22,6,1275.1,2025-12-08 00:18:22,37170.0,,18,22,6,1328.547485,2025-12-08 00:19:22
18,23,6,1287.2,2025-12-08 00:18:23,36169.0,,18,23,6,1330.443481,2025-12-08 00:19:23
18,24,6,1275.5,2025-12-08 00:18:24,35168.0,,18,24,6,1332.315552,2025-12-08 00:19:24
18,25,6,1271.8,2025-12-08 00:18:25,34167.0,,18,25,6,1334.164551,2025-12-08 00:19:25
18,26,6,1273.0,2025-12-08 00:18:26,33166.0,,18,26,6,1335.990479,2025-12-08 00:19:26
18,27,6,1277.0,2025-12-08 00:18:27,32166.0,,18,27,6,1337.794189,2025-12-08 00:19:27
18,28,6,1277.3,2025-12-08 00:18:28,31165.0,,18,28,6,1339.575684,2025-12-08 00:19:28
18,29,6,1277.3,2025-12-08 00:18:29,30164.0,,18,29,6,1341.335571,2025-12-08 00:19:29
18,30,6,1272.7,2025-12-08 00:18:30,29164.0,,18,30,6,1343.074463,2025-12-08 00:19:30
18,31,6,1281.4,2025-12-08 00:18:31,28163.0,,18,31,6,1344.792725,2025-12-08 00:19:31
18,32,6,1277.1,2025-12-08 00:18:32,27162.0,,18,32,6,1346.490845,2025-12-08 00:19:32
18,33,6,1275.3,2025-12-08 00:18:33,26160.0,,18,33,6,1348.169678,2025-12-08 00:19:33
18,34,6,1282.1,2025-12-08 00:18:34,25157.0,,18,34,6,1349.82959,2025-12-08 00:19:34
18,35,6,1264.0,2025-12-08 00:18:35,24156.0,,18,35,6,1351.471313,2025-12-08 00:19:35
18,36,6,1268.8,2025-12-08 00:18:36,23156.0,,18,36,6,1353.095703,2025-12-08 00:19:36
18,37,6,1263.7,2025-12-08 00:18:37,22152.0,,18,37,6,1354.703369,2025-12-08 00:19:37
18,38,6,1267.2,2025-12-08 00:18:38,21150.0,,18,38,6,1356.2948,2025-12-08 00:19:38
18,39,6,1265.3,2025-12-08 00:18:39,20148.0,,18,39,6,1357.870728,2025-12-08 00:19:39
18,40,6,1262.1,2025-12-08 00:18:40,19146.0,,18,40,6,1359.431641,2025-12-08 00:19:40
18,41,6,1264.1,2025-12-08 00:18:41,18145.0,,18,41,6,1360.978516,2025-12-08 00:19:41
18,42,6,1264.7,2025-12-08 00:18:42,17141.0,,18,42,6,1362.511353,2025-12-08 00:19:42
18,43,6,1263.7,2025-12-08 00:18:43,16137.0,,18,43,6,1364.031128,2025-12-08 00:19:43
18,44,6,1264.4,2025-12-08 00:18:44,15136.0,,18,44,6,1365.53833,2025-12-08 00:19:44
18,45,6,1259.5,2025-12-08 00:18:45,14135.0,,18,45,6,1367.033569,2025-12-08 00:19:45
18,46,6,1258.1,2025-12-08 00:18:46,13134.0,,18,46,6,1368.517578,2025-12-08 00:19:46
18,47,6,1261.1,2025-12-08 00:18:47,12128.0,,18,47,6,1369.990845,2025-12-08 00:19:47
18,48,6,1262.5,2025-12-08 00:18:48,11063.0,,18,48,6,1371.453979,2025-12-08 00:19:48
18,49,6,1261.1,2025-12-08 00:18:49,10061.0,,18,49,6,1372.907593,2025-12-08 00:19:49
18,50,6,1259.0,2025-12-08 00:18:50,9030.0,,18,50,6,1374.351929,2025-12-08 00:19:50
18,51,6,1263.9,2025-12-08 00:18:51,8027.0,,18,51,6,1375.787964,2025-12-08 00:19:51
18,52,6,1262.6,2025-12-08 00:18:52,7024.0,,18,52,6,1377.216064,2025-12-08 00:19:52
18,53,6,1261.3,2025-12-08 00:18:53,6023.0,,18,53,6,1378.636719,2025-12-08 00:19:53
18,54,6,1261.5,2025-12-08 00:18:54,5022.0,,18,54,6,1380.050415,2025-12-08 00:19:54
18,55,6,1261.4,2025-12-08 00:18:55,4020.0,,18,55,6,1381.457886,2025-12-08 00:19:55
18,56,6,1261.1,2025-12-08 00:18:56,3019.0,,18,56,6,1382.859619,2025-12-08 00:19:56
18,57,6,1263.0,2025-12-08 00:18:57,2018.0,,18,57,6,1384.255981,2025-12-08 00:19:57
18,58,6,1259.7,2025-12-08 00:18:58,1018.0,,18,58,6,1385.647461,2025-12-08 00:19:58
18,59,6,1260.9,2025-12-08 00:18:59,17.0,,18,59,6,1387.034912,2025-12-08 00:19:59
19,0,6,1258.9,2025-12-08 00:19:00,59089.0,,19,0,6,1358.345947,2025-12-08 00:20:00
19,1,6,1262.4,2025-12-08 00:19:01,58084.0,,19,1,6,1361.900757,2025-12-08 00:20:01
19,2,6,1263.9,2025-12-08 00:19:02,57080.0,,19,2,6,1365.958252,2025-12-08 00:20:02
19,3,6,1260.9,2025-12-08 00:19:03,56078.0,,19,3,6,1370.324707,2025-12-08 00:20:03
19,4,6,1262.9,2025-12-08 00:19:04,55077.0,,19,4,6,1374.924683,2025-12-08 00:20:04
19,5,6,1261.4,2025-12-08 00:19:05,54076.0,,19,5,6,1379.716553,2025-12-08 00:20:05
19,6,6,1262.3,2025-12-08 00:19:06,53075.0,,19,6,6,1384.682617,2025-12-08 00:20:06
19,7,6,1260.6,2025-12-08 00:19:07,52074.0,,19,7,6,1389.818237,2025-12-08 00:20:07
19,8,6,1264.4,2025-12-08 00:19:08,51073.0,,19,8,6,1395.126709,2025-12-08 00:20:08
19,9,6,1264.9,2025-12-08 00:19:09,50072.0,,19,9,6,1400.615356,2025-12-08 00:20:09
19,10,6,1267.1,2025-12-08 00:19:10,49071.0,,19,10,6,1406.292847,2025-12-08 00:20:10
19,11,6,1285.2,2025-12-08 00:19:11,48070.0,,19,11,6,1412.169678,2025-12-08 00:20:11
19,12,6,1335.9,2025-12-08 00:19:12,47069.0,,19,12,6,1418.256104,2025-12-08 00:20:12
19,13,6,1334.9,2025-12-08 00:19:13,46068.0,,19,13,6,1424.562988,2025-12-08 00:20:13
19,14,6,1338.5,2025-12-08 00:19:14,45066.0,,19,14,6,1431.101196,2025-12-08 00:20:14
19,15,6,1341.4,2025-12-08 00:19:15,44066.0,,19,15,6,1437.881104,2025-12-08 00:20:15
19,16,6,1335.8,2025-12-08 00:19:16,43064.0,,19,16,6,1444.91394,2025-12-08 00:20:16
19,17,6,1339.6,2025-12-08 00:19:17,42064.0,,19,17,6,1452.210571,2025-12-08 00:20:17
19,18,6,1339.0,2025-12-08 00:19:18,41063.0,,19,18,6,1459.782104,2025-12-08 00:20:18
19,19,6,1344.2,2025-12-08 00:19:19,40062.0,,19,19,6,1467.639893,2025-12-08 00:20:19
19,20,6,1344.5,2025-12-08 00:19:20,39061.0,,19,20,6,1475.795654,2025-12-08 00:20:20
19,21,6,1344.3,2025-12-08 00:19:21,38059.0,,19,21,6,1484.26123,2025-12-08 00:20:21
19,22,6,1337.7,2025-12-08 00:19:22,37058.0,,19,22,6,1493.048828,2025-12-08 00:20:22
19,23,6,1364.4,2025-12-08 00:19:23,36057.0,,19,23,6,1502.170898,2025-12-08 00:20:23
19,24,6,1344.1,2025-12-08 00:19:24,35056.0,,19,24,6,1511.640137,2025-12-08 00:20:24
19,25,6,1345.4,2025-12-08 00:19:25,34055.0,,19,25,6,1521.469727,2025-12-08 00:20:25
19,26,6,1343.3,2025-12-08 00:19:26,33054.0,,19,26,6,1531.672729,2025-12-08 00:20:26
19,27,6,1342.9,2025-12-08 00:19:27,32052.0,,19,27,6,1542.262939,2025-12-08 00:20:27
19,28,6,1342.5,2025-12-08 00:19:28,31051.0,,19,28,6,1553.253906,2025-12-08 00:20:28
19,29,6,1346.2,2025-12-08 00:19:29,30050.0,,19,29,6,1564.659546,2025-12-08 00:20:29
19,30,6,1347.8,2025-12-08 00:19:30,29049.0,,19,30,6,1576.493652,2025-12-08 00:20:30
19,31,6,1352.3,2025-12-08 00:19:31,28047.0,,19,31,6,1588.770264,2025-12-08 00:20:31
19,32,6,1341.3,2025-12-08 00:19:32,27046.0,,19,32,6,1601.503174,2025-12-08 00:20:32
19,33,6,1339.5,2025-12-08 00:19:33,26044.0,,19,33,6,1614.705688,2025-12-08 00:20:33
19,34,6,1338.3,2025-12-08 00:19:34,25043.0,,19,34,6,1628.391357,2025-12-08 00:20:34
19,35,6,1339.3,2025-12-08 00:19:35,24041.0,,19,35,6,1642.572998,2025-12-08 00:20:35
19,36,6,1343.3,2025-12-08 00:19:36,23040.0,,19,36,6,1657.262329,2025-12-08 00:20:36
19,37,6,1337.5,2025-12-08 00:19:37,22039.0,,19,37,6,1672.471069,2025-12-08 00:20:37
19,38,6,1343.2,2025-12-08 00:19:38,21038.0,,19,38,6,1688.209595,2025-12-08 00:20:38
19,39,6,1342.2,2025-12-08 00:19:39,20036.0,,19,39,6,1704.486572,2025-12-08 00:20:39
19,40,6,1345.4,2025-12-08 00:19:40,19032.0,,19,40,6,1721.310547,2025-12-08 00:20:40
19,41,6,1343.0,2025-12-08 00:19:41,18031.0,,19,41,6,1738.686523,2025-12-08 00:20:41
19,42,6,1353.6,2025-12-08 00:19:42,17030.0,,19,42,6,1756.619385,2025-12-08 00:20:42
19,43,6,1344.9,2025-12-08 00:19:43,16029.0,,19,43,6,1775.109985,2025-12-08 00:20:43
19,44,6,1346.8,2025-12-08 00:19:44,15028.0,,19,44,6,1794.158081,2025-12-08 00:20:44
19,45,6,1345.1,2025-12-08 00:19:45,14027.0,,19,45,6,1813.760498,2025-12-08 00:20:45
19,46,6,1342.0,2025-12-08 00:19:46,13025.0,,19,46,6,1833.909424,2025-12-08 00:20:46
19,47,6,1345.2,2025-12-08 00:19:47,12025.0,,19,47,6,1854.594971,2025-12-08 00:20:47
19,48,6,1343.1,2025-12-08 00:19:48,11024.0,,19,48,6,1875.803101,2025-12-08 00:20:48
19,49,6,1343.4,2025-12-08 00:19:49,10021.0,,19,49,6,1897.515503,2025-12-08 00:20:49
19,50,6,1345.9,2025-12-08 00:19:50,9020.0,,19,50,6,1919.710205,2025-12-08 00:20:50
19,51,6,1352.5,2025-12-08 00:19:51,8019.0,,19,51,6,1942.359253,2025-12-08 00:20:51
19,52,6,1345.6,2025-12-08 00:19:52,7017.0,,19,52,6,1965.431763,2025-12-08 00:20:52
19,53,6,1346.6,2025-12-08 00:19:53,6016.0,,19,53,6,1988.890625,2025-12-08 00:20:53
19,54,6,1345.5,2025-12-08 00:19:54,5015.0,,19,54,6,2012.695312,2025-12-08 00:20:54
19,55,6,1342.3,2025-12-08 00:19:55,4014.0,,19,55,6,2036.799072,2025-12-08 00:20:55
19,56,6,1344.5,2025-12-08 00:19:56,3013.0,,19,56,6,2061.151611,2025-12-08 00:20:56
19,57,6,1349.0,2025-12-08 00:19:57,2012.0,,19,57,6,2085.698242,2025-12-08 00:20:57
19,58,6,1342.7,2025-12-08 00:19:58,1011.0,,19,58,6,2110.379883,2025-12-08 00:20:58
19,59,6,1345.3,2025-12-08 00:19:59,10.0,,19,59,6,2135.134277,2025-12-08 00:20:59
20,0,6,1346.4,2025-12-08 00:20:00,59125.0,,20,0,6,1483.625854,2025-12-08 00:21:00
20,1,6,1344.0,2025-12-08 00:20:01,58124.0,,20,1,6,1491.467041,2025-12-08 00:21:01
20,2,6,1347.0,2025-12-08 00:20:02,57122.0,,20,2,6,1500.36084,2025-12-08 00:21:02
20,3,6,1347.5,2025-12-08 00:20:03,56121.0,,20,3,6,1509.900635,2025-12-08 00:21:03
20,4,6,1348.0,2025-12-08 00:20:04,55120.0,,20,4,6,1519.944458,2025-12-08 00:21:04
20,5,6,1344.9,2025-12-08 00:20:05,54116.0,,20,5,6,1530.411011,2025-12-08 00:21:05
20,6,6,1344.5,2025-12-08 00:20:06,53114.0,,20,6,6,1541.265259,2025-12-08 00:21:06
20,7,6,1346.8,2025-12-08 00:20:07,52111.0,,20,7,6,1552.499023,2025-12-08 00:21:07
20,8,6,1347.3,2025-12-08 00:20:08,51110.0,,20,8,6,1564.117798,2025-12-08 00:21:08
20,9,6,1349.0,2025-12-08 00:20:09,50077.0,,20,9,6,1576.13501,2025-12-08 00:21:09
20,10,6,1340.8,2025-12-08 00:20:10,49076.0,,20,10,6,1588.567139,2025-12-08 00:21:10
20,11,6,1346.5,2025-12-08 00:20:11,48075.0,,20,11,6,1601.432129,2025-12-08 00:21:11
20,12,6,1346.2,2025-12-08 00:20:12,47074.0,,20,12,6,1614.747192,2025-12-08 00:21:12
20,13,6,1359.7,2025-12-08 00:20:13,46073.0,,20,13,6,1628.530396,2025-12-08 00:21:13
20,14,6,1382.9,2025-12-08 00:20:14,45072.0,,20,14,6,1642.796997,2025-12-08 00:21:14
20,15,6,1443.7,2025-12-08 00:20:15,44071.0,,20,15,6,1657.562378,2025-12-08 00:21:15
20,16,6,1432.5,2025-12-08 00:20:16,43069.0,,20,16,6,1672.839478,2025-12-08 00:21:16
20,17,6,1449.6,2025-12-08 00:20:17,42069.0,,20,17,6,1688.640625,2025-12-08 00:21:17
20,18,6,1443.1,2025-12-08 00:20:18,41068.0,,20,18,6,1704.975952,2025-12-08 00:21:18
20,19,6,1448.0,2025-12-08 00:20:19,40067.0,,20,19,6,1721.854126,2025-12-08 00:21:19
20,20,6,1451.4,2025-12-08 00:20:20,39066.0,,20,20,6,1739.281738,2025-12-08 00:21:20
20,21,6,1448.0,2025-12-08 00:20:21,38065.0,,20,21,6,1757.263184,2025-12-08 00:21:21
20,22,6,1442.7,2025-12-08 00:20:22,37064.0,,20,22,6,1775.800659,2025-12-08 00:21:22
20,23,6,1445.3,2025-12-08 00:20:23,36062.0,,20,23,6,1794.893311,2025-12-08 00:21:23
20,24,6,1446.6,2025-12-08 00:20:24,35061.0,,20,24,6,1814.53772,2025-12-08 00:21:24
20,25,6,1444.1,2025-12-08 00:20:25,34060.0,,20,25,6,1834.726685,2025-12-08 00:21:25
20,26,6,1443.6,2025-12-08 00:20:26,33060.0,,20,26,6,1855.450195,2025-12-08 00:21:26
20,27,6,1443.7,2025-12-08 00:20:27,32058.0,,20,27,6,1876.693848,2025-12-08 00:21:27
20,28,6,1442.8,2025-12-08 00:20:28,31058.0,,20,28,6,1898.439453,2025-12-08 00:21:28
20,29,6,1446.6,2025-12-08 00:20:29,30057.0,,20,29,6,1920.664185,2025-12-08 00:21:29
20,30,6,1449.6,2025-12-08 00:20:30,29055.0,,20,30,6,1943.341553,2025-12-08 00:21:30
20,31,6,1446.5,2025-12-08 00:20:31,28054.0,,20,31,6,1966.438965,2025-12-08 00:21:31
20,32,6,1447.6,2025-12-08 00:20:32,27053.0,,20,32,6,1989.920532,2025-12-08 00:21:32
20,33,6,1448.1,2025-12-08 00:20:33,26051.0,,20,33,6,2013.744141,2025-12-08 00:21:33
20,34,6,1449.7,2025-12-08 00:20:34,25049.0,,20,34,6,2037.86438,2025-12-08 00:21:34
20,35,6,1453.4,2025-12-08 00:20:35,24048.0,,20,35,6,2062.22998,2025-12-08 00:21:35
20,36,6,1446.7,2025-12-08 00:20:36,23047.0,,20,36,6,2086.786377,2025-12-08 00:21:36
20,37,6,1448.7,2025-12-08 00:20:37,22046.0,,20,37,6,2111.474365,2025-12-08 00:21:37
20,38,6,1452.1,2025-12-08 00:20:38,21045.0,,20,38,6,2136.231445,2025-12-08 00:21:38
20,39,6,1449.8,2025-12-08 00:20:39,20041.0,,20,39,6,2160.992432,2025-12-08 00:21:39
20,40,6,1448.6,2025-12-08 00:20:40,19040.0,,20,40,6,2185.689941,2025-12-08 00:21:40
20,41,6,1451.7,2025-12-08 00:20:41,18039.0,,20,41,6,2210.255615,2025-12-08 00:21:41
20,42,6,1450.7,2025-12-08 00:20:42,17036.0,,20,42,6,2234.619385,2025-12-08 00:21:42
20,43,6,1451.6,2025-12-08 00:20:43,16034.0,,20,43,6,2258.712158,2025-12-08 00:21:43
20,44,6,1453.3,2025-12-08 00:20:44,15032.0,,20,44,6,2282.466797,2025-12-08 00:21:44
20,45,6,1457.4,2025-12-08 00:20:45,14030.0,,20,45,6,2305.81665,2025-12-08 00:21:45
20,46,6,1452.2,2025-12-08 00:20:46,13029.0,,20,46,6,2328.699707,2025-12-08 00:21:46
20,47,6,1450.7,2025-12-08 00:20:47,12027.0,,20,47,6,2351.056396,2025-12-08 00:21:47
20,48,6,1450.7,2025-12-08 00:20:48,11026.0,,20,48,6,2372.833008,2025-12-08 00:21:48
20,49,6,1451.7,2025-12-08 00:20:49,10024.0,,20,49,6,2393.980469,2025-12-08 00:21:49
20,50,6,1454.1,2025-12-08 00:20:50,9022.0,,20,50,6,2414.455078,2025-12-08 00:21:50
20,51,6,1452.6,2025-12-08 00:20:51,8021.0,,20,51,6,2434.219238,2025-12-08 00:21:51
20,52,6,1450.4,2025-12-08 00:20:52,7019.0,,20,52,6,2453.24292,2025-12-08 00:21:52
20,53,6,1450.3,2025-12-08 00:20:53,6018.0,,20,53,6,2471.500732,2025-12-08 00:21:53
20,54,6,1451.5,2025-12-08 00:20:54,5016.0,,20,54,6,2488.975342,2025-12-08 00:21:54
20,55,6,1463.0,2025-12-08 00:20:55,4014.0,,20,55,6,2505.654297,2025-12-08 00:21:55
20,56,6,1452.7,2025-12-08 00:20:56,3013.0,,20,56,6,2521.532227,2025-12-08 00:21:56
20,57,6,1454.1,2025-12-08 00:20:57,2012.0,,20,57,6,2536.608887,2025-12-08 00:21:57
20,58,6,1454.9,2025-12-08 00:20:58,1011.0,,20,58,6,2550.889648,2025-12-08 00:21:58
20,59,6,1455.7,2025-12-08 00:20:59,10.0,,20,59,6,2564.384521,2025-12-08 00:21:59
21,0,6,1456.5,2025-12-08 00:21:00,59266.0,,21,0,6,1484.541992,2025-12-08 00:22:00
21,1,6,1454.8,2025-12-08 00:21:01,58265.0,,21,1,6,1492.410767,2025-12-08 00:22:01
21,2,6,1457.2,2025-12-08 00:21:02,57258.0,,21,2,6,1501.36853,2025-12-08 00:22:02
21,3,6,1451.8,2025-12-08 00:21:03,56256.0,,21,3,6,1510.987305,2025-12-08 00:22:03
21,4,6,1455.0,2025-12-08 00:21:04,55247.0,,21,4,6,1521.115356,2025-12-08 00:22:04
21,5,6,1455.7,2025-12-08 00:21:05,54245.0,,21,5,6,1531.666748,2025-12-08 00:22:05
21,6,6,1454.3,2025-12-08 00:21:06,53243.0,,21,6,6,1542.604126,2025-12-08 00:22:06
21,7,6,1450.7,2025-12-08 00:21:07,52241.0,,21,7,6,1553.918579,2025-12-08 00:22:07
21,8,6,1469.4,2025-12-08 00:21:08,51240.0,,21,8,6,1565.615601,2025-12-08 00:22:08
21,9,6,1452.3,2025-12-08 00:21:09,50237.0,,21,9,6,1577.709351,2025-12-08 00:22:09
21,10,6,1454.5,2025-12-08 00:21:10,49236.0,,21,10,6,1590.216797,2025-12-08 00:22:10
21,11,6,1457.8,2025-12-08 00:21:11,48234.0,,21,11,6,1603.156006,2025-12-08 00:22:11
21,12,6,1453.6,2025-12-08 00:21:12,47232.0,,21,12,6,1616.54541,2025-12-08 00:22:12
21,13,6,1452.7,2025-12-08 00:21:13,46231.0,,21,13,6,1630.402832,2025-12-08 00:22:13
21,14,6,1454.6,2025-12-08 00:21:14,45229.0,,21,14,6,1644.744385,2025-12-08 00:22:14
21,15,6,1460.6,2025-12-08 00:21:15,44228.0,,21,15,6,1659.584839,2025-12-08 00:22:15
21,16,6,1453.9,2025-12-08 00:21:16,43227.0,,21,16,6,1674.93811,2025-12-08 00:22:16
21,17,6,1461.9,2025-12-08 00:21:17,42225.0,,21,17,6,1690.816284,2025-12-08 00:22:17
21,18,6,1455.0,2025-12-08 00:21:18,41223.0,,21,18,6,1707.229248,2025-12-08 00:22:18
21,19,6,1457.8,2025-12-08 00:21:19,40221.0,,21,19,6,1724.185669,2025-12-08 00:22:19
21,20,6,1461.1,2025-12-08 00:21:20,39221.0,,21,20,6,1741.691895,2025-12-08 00:22:20
21,21,6,1450.0,2025-12-08 00:21:21,38219.0,,21,21,6,1759.752075,2025-12-08 00:22:21
21,22,6,1451.6,2025-12-08 00:21:22,37218.0,,21,22,6,1778.368042,2025-12-08 00:22:22
21,23,6,1451.8,2025-12-08 00:21:23,36217.0,,21,23,6,1797.538696,2025-12-08 00:22:23
21,24,6,1455.1,2025-12-08 00:21:24,35216.0,,21,24,6,1817.26001,2025-12-08 00:22:24
21,25,6,1450.0,2025-12-08 00:21:25,34214.0,,21,25,6,1837.524536,2025-12-08 00:22:25
21,26,6,1454.5,2025-12-08 00:21:26,33213.0,,21,26,6,1858.321777,2025-12-08 00:22:26
21,27,6,1455.2,2025-12-08 00:21:27,32212.0,,21,27,6,1879.636719,2025-12-08 00:22:27
21,28,6,1455.3,2025-12-08 00:21:28,31211.0,,21,28,6,1901.450928,2025-12-08 00:22:28
21,29,6,1454.0,2025-12-08 00:21:29,30210.0,,21,29,6,1923.740601,2025-12-08 00:22:29
21,30,6,1449.8,2025-12-08 00:21:30,29209.0,,21,30,6,1946.478394,2025-12-08 00:22:30
21,31,6,1451.1,2025-12-08 00:21:31,28208.0,,21,31,6,1969.631958,2025-12-08 00:22:31
21,32,6,1455.7,2025-12-08 00:21:32,27206.0,,21,32,6,1993.163452,2025-12-08 00:22:32
21,33,6,1450.7,2025-12-08 00:21:33,26205.0,,21,33,6,2017.031494,2025-12-08 00:22:33
21,34,6,1455.3,2025-12-08 00:21:34,25203.0,,21,34,6,2041.189087,2025-12-08 00:22:34
21,35,6,1452.5,2025-12-08 00:21:35,24202.0,,21,35,6,2065.584717,2025-12-08 00:22:35
21,36,6,1450.1,2025-12-08 00:21:36,23201.0,,21,36,6,2090.163086,2025-12-08 00:22:36
21,37,6,1453.4,2025-12-08 00:21:37,22200.0,,21,37,6,2114.864502,2025-12-08 00:22:37
21,38,6,1452.1,2025-12-08 00:21:38,21200.0,,21,38,6,2139.625977,2025-12-08 00:22:38
21,39,6,1453.6,2025-12-08 00:21:39,20198.0,,21,39,6,2164.383057,2025-12-08 00:22:39
21,40,6,1455.5,2025-12-08 00:21:40,19197.0,,21,40,6,2189.066895,2025-12-08 00:22:40
21,41,6,1456.3,2025-12-08 00:21:41,18196.0,,21,41,6,2213.608643,2025-12-08 00:22:41
21,42,6,1457.4,2025-12-08 00:21:42,17194.0,,21,42,6,2237.939453,2025-12-08 00:22:42
21,43,6,1457.3,2025-12-08 00:21:43,16194.0,,21,43,6,2261.98999,2025-12-08 00:22:43
21,44,6,1468.3,2025-12-08 00:21:44,15190.0,,21,44,6,2285.692871,2025-12-08 00:22:44
21,45,6,1458.2,2025-12-08 00:21:45,14189.0,,21,45,6,2308.982422,2025-12-08 00:22:45
21,46,6,1456.5,2025-12-08 00:21:46,13187.0,,21,46,6,2331.796387,2025-12-08 00:22:46
21,47,6,1458.7,2025-12-08 00:21:47,12185.0,,21,47,6,2354.07666,2025-12-08 00:22:47
21,48,6,1460.8,2025-12-08 00:21:48,11182.0,,21,48,6,2375.769775,2025-12-08 00:22:48
21,49,6,1458.6,2025-12-08 00:21:49,10143.0,,21,49,6,2396.827393,2025-12-08 00:22:49
21,50,6,1459.5,2025-12-08 00:21:50,9141.0,,21,50,6,2417.206543,2025-12-08 00:22:50
21,51,6,1459.7,2025-12-08 00:21:51,8107.0,,21,51,6,2436.871094,2025-12-08 00:22:51
21,52,6,1457.1,2025-12-08 00:21:52,7106.0,,21,52,6,2455.790771,2025-12-08 00:22:52
21,53,6,1457.5,2025-12-08 00:21:53,6087.0,,21,53,6,2473.941895,2025-12-08 00:22:53
21,54,6,1455.6,2025-12-08 00:21:54,5079.0,,21,54,6,2491.307617,2025-12-08 00:22:54
21,55,6,1454.9,2025-12-08 00:21:55,4077.0,,21,55,6,2507.876709,2025-12-08 00:22:55
21,56,6,1454.3,2025-12-08 00:21:56,3072.0,,21,56,6,2523.644775,2025-12-08 00:22:56
21,57,6,1452.1,2025-12-08 00:21:57,2069.0,,21,57,6,2538.612061,2025-12-08 00:22:57
21,58,6,1456.2,2025-12-08 00:21:58,1066.0,,21,58,6,2552.784668,2025-12-08 00:22:58
21,59,6,1456.4,2025-12-08 00:21:59,65.0,,21,59,6,2566.173096,2025-12-08 00:22:59
22,0,6,1463.6,2025-12-08 00:22:00,59092.0,,22,0,6,1496.156006,2025-12-08 00:23:00
22,1,6,1460.2,2025-12-08 00:22:01,58089.0,,22,1,6,1504.777344,2025-12-08 00:23:01
22,2,6,1459.8,2025-12-08 00:22:02,57088.0,,22,2,6,1514.331177,2025-12-08 00:23:02
22,3,6,1458.4,2025-12-08 00:22:03,56087.0,,22,3,6,1524.501099,2025-12-08 00:23:03
22,4,6,1457.9,2025-12-08 00:22:04,55084.0,,22,4,6,1535.160645,2025-12-08 00:23:04
22,5,6,1460.1,2025-12-08 00:22:05,54079.0,,22,5,6,1546.242676,2025-12-08 00:23:05
22,6,6,1457.4,2025-12-08 00:22:06,53077.0,,22,6,6,1557.720947,2025-12-08 00:23:06
22,7,6,1459.7,2025-12-08 00:22:07,52077.0,,22,7,6,1569.592651,2025-12-08 00:23:07
22,8,6,1458.1,2025-12-08 00:22:08,51076.0,,22,8,6,1581.865967,2025-12-08 00:23:08
22,9,6,1454.8,2025-12-08 00:22:09,50075.0,,22,9,6,1594.55603,2025-12-08 00:23:09
22,10,6,1454.9,2025-12-08 00:22:10,49069.0,,22,10,6,1607.680176,2025-12-08 00:23:10
22,11,6,1456.8,2025-12-08 00:22:11,48065.0,,22,11,6,1621.25647,2025-12-08 00:23:11
22,12,6,1456.4,2025-12-08 00:22:12,47064.0,,22,12,6,1635.302246,2025-12-08 00:23:12
22,13,6,1460.6,2025-12-08 00:22:13,46063.0,,22,13,6,1649.834229,2025-12-08 00:23:13
22,14,6,1457.7,2025-12-08 00:22:14,45062.0,,22,14,6,1664.86731,2025-12-08 00:23:14
22,15,6,1452.0,2025-12-08 00:22:15,44061.0,,22,15,6,1680.415039,2025-12-08 00:23:15
22,16,6,1455.3,2025-12-08 00:22:16,43061.0,,22,16,6,1696.489502,2025-12-08 00:23:16
22,17,6,1459.1,2025-12-08 00:22:17,42059.0,,22,17,6,1713.100952,2025-12-08 00:23:17
22,18,6,1458.7,2025-12-08 00:22:18,41058.0,,22,18,6,1730.256958,2025-12-08 00:23:18
22,19,6,1463.4,2025-12-08 00:22:19,40057.0,,22,19,6,1747.963745,2025-12-08 00:23:19
22,20,6,1464.2,2025-12-08 00:22:20,39056.0,,22,20,6,1766.224609,2025-12-08 00:23:20
22,21,6,1455.9,2025-12-08 00:22:21,38055.0,,22,21,6,1785.040283,2025-12-08 00:23:21
22,22,6,1457.2,2025-12-08 00:22:22,37054.0,,22,22,6,1804.409424,2025-12-08 00:23:22
22,23,6,1457.4,2025-12-08 00:22:23,36053.0,,22,23,6,1824.326782,2025-12-08 00:23:23
22,24,6,1457.1,2025-12-08 00:22:24,35051.0,,22,24,6,1844.783936,2025-12-08 00:23:24
22,25,6,1457.2,2025-12-08 00:22:25,34050.0,,22,25,6,1865.768311,2025-12-08 00:23:25
22,26,6,1456.1,2025-12-08 00:22:26,33049.0,,22,26,6,1887.264038,2025-12-08 00:23:26
22,27,6,1456.6,2025-12-08 00:22:27,32048.0,,22,27,6,1909.251099,2025-12-08 00:23:27
22,28,6,1457.1,2025-12-08 00:22:28,31047.0,,22,28,6,1931.704102,2025-12-08 00:23:28
22,29,6,1456.9,2025-12-08 00:22:29,30046.0,,22,29,6,1954.594604,2025-12-08 00:23:29
22,30,6,1458.9,2025-12-08 00:22:30,29045.0,,22,30,6,1977.887329,2025-12-08 00:23:30
22,31,6,1453.7,2025-12-08 00:22:31,28044.0,,22,31,6,2001.544189,2025-12-08 00:23:31
22,32,6,1459.9,2025-12-08 00:22:32,27043.0,,22,32,6,2025.521118,2025-12-08 00:23:32
22,33,6,1456.8,2025-12-08 00:22:33,26042.0,,22,33,6,2049.769775,2025-12-08 00:23:33
22,34,6,1461.2,2025-12-08 00:22:34,25041.0,,22,34,6,2074.237549,2025-12-08 00:23:34
22,35,6,1462.3,2025-12-08 00:22:35,24039.0,,22,35,6,2098.866943,2025-12-08 00:23:35
22,36,6,1460.9,2025-12-08 00:22:36,23038.0,,22,36,6,2123.597412,2025-12-08 00:23:36
22,37,6,1463.0,2025-12-08 00:22:37,22036.0,,22,37,6,2148.365967,2025-12-08 00:23:37
22,38,6,1464.8,2025-12-08 00:22:38,21035.0,,22,38,6,2173.10498,2025-12-08 00:23:38
22,39,6,1459.9,2025-12-08 00:22:39,20033.0,,22,39,6,2197.74707,2025-12-08 00:23:39
22,40,6,1460.3,2025-12-08 00:22:40,19031.0,,22,40,6,2222.222656,2025-12-08 00:23:40
22,41,6,1462.3,2025-12-08 00:22:41,18030.0,,22,41,6,2246.462646,2025-12-08 00:23:41
22,42,6,1455.5,2025-12-08 00:22:42,17029.0,,22,42,6,2270.398193,2025-12-08 00:23:42
22,43,6,1458.1,2025-12-08 00:22:43,16028.0,,22,43,6,2293.962646,2025-12-08 00:23:43
22,44,6,1457.7,2025-12-08 00:22:44,15027.0,,22,44,6,2317.091309,2025-12-08 00:23:44
22,45,6,1469.3,2025-12-08 00:22:45,14026.0,,22,45,6,2339.723877,2025-12-08 00:23:45
22,46,6,1467.9,2025-12-08 00:22:46,13025.0,,22,46,6,2361.802734,2025-12-08 00:23:46
22,47,6,1463.1,2025-12-08 00:22:47,12023.0,,22,47,6,2383.276367,2025-12-08 00:23:47
22,48,6,1459.8,2025-12-08 00:22:48,11022.0,,22,48,6,2404.099121,2025-12-08 00:23:48
22,49,6,1474.5,2025-12-08 00:22:49,10021.0,,22,49,6,2424.229736,2025-12-08 00:23:49
22,50,6,1461.4,2025-12-08 00:22:50,9020.0,,22,50,6,2443.634521,2025-12-08 00:23:50
22,51,6,1461.4,2025-12-08 00:22:51,8019.0,,22,51,6,2462.285156,2025-12-08 00:23:51
22,52,6,1462.0,2025-12-08 00:22:52,7018.0,,22,52,6,2480.160645,2025-12-08 00:23:52
22,53,6,1462.8,2025-12-08 00:22:53,6016.0,,22,53,6,2497.246094,2025-12-08 00:23:53
22,54,6,1460.2,2025-12-08 00:22:54,5014.0,,22,54,6,2513.532959,2025-12-08 00:23:54
22,55,6,1463.9,2025-12-08 00:22:55,4012.0,,22,55,6,2529.017822,2025-12-08 00:23:55
22,56,6,1461.2,2025-12-08 00:22:56,3011.0,,22,56,6,2543.703613,2025-12-08 00:23:56
22,57,6,1463.5,2025-12-08 00:22:57,2010.0,,22,57,6,2557.598145,2025-12-08 00:23:57
22,58,6,1462.1,2025-12-08 00:22:58,1009.0,,22,58,6,2570.712646,2025-12-08 00:23:58
22,59,6,1475.8,2025-12-08 00:22:59,8.0,,22,59,6,2583.064453,2025-12-08 00:23:59
23,0,6,1463.0,2025-12-08 00:23:00,59087.0,,23,0,6,1513.213745,2025-12-08 00:24:00
23,1,6,1465.8,2025-12-08 00:23:01,58086.0,,23,1,6,1522.082642,2025-12-08 00:24:01
23,2,6,1470.1,2025-12-08 00:23:02,57084.0,,23,2,6,1532.156006,2025-12-08 00:24:02
23,3,6,1467.9,2025-12-08 00:23:03,56083.0,,23,3,6,1542.962524,2025-12-08 00:24:03
23,4,6,1469.8,2025-12-08 00:23:04,55083.0,,23,4,6,1554.338867,2025-12-08 00:24:04
23,5,6,1465.9,2025-12-08 00:23:05,54080.0,,23,5,6,1566.189209,2025-12-08 00:24:05
23,6,6,1465.2,2025-12-08 00:23:06,53079.0,,23,6,6,1578.471436,2025-12-08 00:24:06
23,7,6,1466.5,2025-12-08 00:23:07,52078.0,,23,7,6,1591.174072,2025-12-08 00:24:07
23,8,6,1463.1,2025-12-08 00:23:08,51075.0,,23,8,6,1604.301025,2025-12-08 00:24:08
23,9,6,1464.8,2025-12-08 00:23:09,50074.0,,23,9,6,1617.865723,2025-12-08 00:24:09
23,10,6,1467.0,2025-12-08 00:23:10,49072.0,,23,10,6,1631.883301,2025-12-08 00:24:10
23,11,6,1465.9,2025-12-08 00:23:11,48071.0,,23,11,6,1646.372192,2025-12-08 00:24:11
23,12,6,1486.3,2025-12-08 00:23:12,47070.0,,23,12,6,1661.348511,2025-12-08 00:24:12
23,13,6,1463.3,2025-12-08 00:23:13,46069.0,,23,13,6,1676.827881,2025-12-08 00:24:13
23,14,6,1465.6,2025-12-08 00:23:14,45065.0,,23,14,6,1692.824219,2025-12-08 00:24:14
23,15,6,1467.3,2025-12-08 00:23:15,44064.0,,23,15,6,1709.349609,2025-12-08 00:24:15
23,16,6,1464.5,2025-12-08 00:23:16,43063.0,,23,16,6,1726.413574,2025-12-08 00:24:16
23,17,6,1468.7,2025-12-08 00:23:17,42062.0,,23,17,6,1744.023438,2025-12-08 00:24:17
23,18,6,1464.6,2025-12-08 00:23:18,41058.0,,23,18,6,1762.184082,2025-12-08 00:24:18
23,19,6,1473.0,2025-12-08 00:23:19,40057.0,,23,19,6,1780.897461,2025-12-08 00:24:19
23,20,6,1473.5,2025-12-08 00:23:20,39056.0,,23,20,6,1800.162964,2025-12-08 00:24:20
23,21,6,1473.1,2025-12-08 00:23:21,38054.0,,23,21,6,1819.976562,2025-12-08 00:24:21
23,22,6,1464.1,2025-12-08 00:23:22,37053.0,,23,22,6,1840.330688,2025-12-08 00:24:22
23,23,6,1469.0,2025-12-08 00:23:23,36051.0,,23,23,6,1861.214111,2025-12-08 00:24:23
23,24,6,1466.4,2025-12-08 00:23:24,35049.0,,23,24,6,1882.611816,2025-12-08 00:24:24
23,25,6,1466.9,2025-12-08 00:23:25,34049.0,,23,25,6,1904.504272,2025-12-08 00:24:25
23,26,6,1467.8,2025-12-08 00:23:26,33047.0,,23,26,6,1926.86792,2025-12-08 00:24:26
23,27,6,1472.2,2025-12-08 00:23:27,32045.0,,23,27,6,1949.674805,2025-12-08 00:24:27
23,28,6,1472.6,2025-12-08 00:23:28,31044.0,,23,28,6,1972.890869,2025-12-08 00:24:28
23,29,6,1474.2,2025-12-08 00:23:29,30043.0,,23,29,6,1996.479248,2025-12-08 00:24:29
23,30,6,1483.3,2025-12-08 00:23:30,29042.0,,23,30,6,2020.396851,2025-12-08 00:24:30
23,31,6,1469.3,2025-12-08 00:23:31,28041.0,,23,31,6,2044.596191,2025-12-08 00:24:31
23,32,6,1474.8,2025-12-08 00:23:32,27040.0,,23,32,6,2069.025391,2025-12-08 00:24:32
23,33,6,1476.0,2025-12-08 00:23:33,26039.0,,23,33,6,2093.628662,2025-12-08 00:24:33
23,34,6,1474.5,2025-12-08 00:23:34,25037.0,,23,34,6,2118.345703,2025-12-08 00:24:34
23,35,6,1474.9,2025-12-08 00:23:35,24036.0,,23,35,6,2143.11377,2025-12-08 00:24:35
23,36,6,1473.9,2025-12-08 00:23:36,23035.0,,23,36,6,2167.866699,2025-12-08 00:24:36
23,37,6,1475.1,2025-12-08 00:23:37,22034.0,,23,37,6,2192.536377,2025-12-08 00:24:37
23,38,6,1477.2,2025-12-08 00:23:38,21033.0,,23,38,6,2217.054199,2025-12-08 00:24:38
23,39,6,1479.9,2025-12-08 00:23:39,20031.0,,23,39,6,2241.35083,2025-12-08 00:24:39
23,40,6,1476.5,2025-12-08 00:23:40,19030.0,,23,40,6,2265.357178,2025-12-08 00:24:40
23,41,6,1479.2,2025-12-08 00:23:41,18029.0,,23,41,6,2289.006592,2025-12-08 00:24:41
23,42,6,1476.0,2025-12-08 00:23:42,17027.0,,23,42,6,2312.232666,2025-12-08 00:24:42
23,43,6,1477.9,2025-12-08 00:23:43,16026.0,,23,43,6,2334.975098,2025-12-08 00:24:43
23,44,6,1490.5,2025-12-08 00:23:44,15024.0,,23,44,6,2357.175781,2025-12-08 00:24:44
23,45,6,1475.8,2025-12-08 00:23:45,14023.0,,23,45,6,2378.781982,2025-12-08 00:24:45
23,46,6,1476.3,2025-12-08 00:23:46,13022.0,,23,46,6,2399.746338,2025-12-08 00:24:46
23,47,6,1480.6,2025-12-08 00:23:47,12021.0,,23,47,6,2420.026123,2025-12-08 00:24:47
23,48,6,1477.0,2025-12-08 00:23:48,11020.0,,23,48,6,2439.586914,2025-12-08 00:24:48
23,49,6,1478.2,2025-12-08 00:23:49,10019.0,,23,49,6,2458.398682,2025-12-08 00:24:49
23,50,6,1481.7,2025-12-08 00:23:50,9018.0,,23,50,6,2476.439941,2025-12-08 00:24:50
23,51,6,1480.3,2025-12-08 00:23:51,8017.0,,23,51,6,2493.693359,2025-12-08 00:24:51
23,52,6,1478.3,2025-12-08 00:23:52,7016.0,,23,52,6,2510.149658,2025-12-08 00:24:52
23,53,6,1479.1,2025-12-08 00:23:53,6015.0,,23,53,6,2525.803711,2025-12-08 00:24:53
23,54,6,1482.4,2025-12-08 00:23:54,5014.0,,23,54,6,2540.657959,2025-12-08 00:24:54
23,55,6,1478.1,2025-12-08 00:23:55,4012.0,,23,55,6,2554.718994,2025-12-08 00:24:55
23,56,6,1481.8,2025-12-08 00:23:56,3011.0,,23,56,6,2567.99707,2025-12-08 00:24:56
23,57,6,1480.8,2025-12-08 00:23:57,2010.0,,23,57,6,2580.508789,2025-12-08 00:24:57
23,58,6,1478.9,2025-12-08 00:23:58,1009.0,,23,58,6,2592.271973,2025-12-08 00:24:58
23,59,6,1481.7,2025-12-08 00:23:59,8.0,,23,59,6,2603.309814,2025-12-08 00:24:59
24,0,6,1490.9,2025-12-08 00:24:00,59110.0,,24,0,6,880.329895,2025-12-08 00:25:00
24,1,6,1480.0,2025-12-08 00:24:01,58109.0,,24,1,6,847.828247,2025-12-08 00:25:01
24,2,6,1483.7,2025-12-08 00:24:02,57108.0,,24,2,6,830.454956,2025-12-08 00:25:02
24,3,6,1484.1,2025-12-08 00:24:03,56105.0,,24,3,6,819.005188,2025-12-08 00:25:03
24,4,6,1487.2,2025-12-08 00:24:04,55104.0,,24,4,6,810.914612,2025-12-08 00:25:04
24,5,6,1487.4,2025-12-08 00:24:05,54104.0,,24,5,6,804.64856,2025-12-08 00:25:05
24,6,6,1485.8,2025-12-08 00:24:06,53103.0,,24,6,6,799.373413,2025-12-08 00:25:06
24,7,6,1478.7,2025-12-08 00:24:07,52102.0,,24,7,6,794.66626,2025-12-08 00:25:07
24,8,6,1482.3,2025-12-08 00:24:08,51100.0,,24,8,6,790.336792,2025-12-08 00:25:08
24,9,6,1488.2,2025-12-08 00:24:09,50099.0,,24,9,6,786.319336,2025-12-08 00:25:09
24,10,6,1483.0,2025-12-08 00:24:10,49098.0,,24,10,6,782.610229,2025-12-08 00:25:10
24,11,6,1482.9,2025-12-08 00:24:11,48095.0,,24,11,6,779.231506,2025-12-08 00:25:11
24,12,6,1482.1,2025-12-08 00:24:12,47093.0,,24,12,6,776.211487,2025-12-08 00:25:12
24,13,6,1486.2,2025-12-08 00:24:13,46092.0,,24,13,6,773.574768,2025-12-08 00:25:13
24,14,6,1485.0,2025-12-08 00:24:14,45091.0,,24,14,6,771.338562,2025-12-08 00:25:14
24,15,6,1493.4,2025-12-08 00:24:15,44090.0,,24,15,6,769.51123,2025-12-08 00:25:15
24,16,6,1486.3,2025-12-08 00:24:16,43088.0,,24,16,6,768.092712,2025-12-08 00:25:16
24,17,6,1489.0,2025-12-08 00:24:17,42087.0,,24,17,6,767.076111,2025-12-08 00:25:17
24,18,6,1492.0,2025-12-08 00:24:18,41082.0,,24,18,6,766.448242,2025-12-08 00:25:18
24,19,6,1492.6,2025-12-08 00:24:19,40081.0,,24,19,6,766.191956,2025-12-08 00:25:19
24,20,6,1494.0,2025-12-08 00:24:20,39081.0,,24,20,6,766.286377,2025-12-08 00:25:20
24,21,6,1489.6,2025-12-08 00:24:21,38080.0,,24,21,6,766.708435,2025-12-08 00:25:21
24,22,6,1488.7,2025-12-08 00:24:22,37078.0,,24,22,6,767.433411,2025-12-08 00:25:22
24,23,6,1493.7,2025-12-08 00:24:23,36077.0,,24,23,6,768.435425,2025-12-08 00:25:23
24,24,6,1488.4,2025-12-08 00:24:24,35076.0,,24,24,6,769.688416,2025-12-08 00:25:24
24,25,6,1489.9,2025-12-08 00:24:25,34075.0,,24,25,6,771.165955,2025-12-08 00:25:25
24,26,6,1491.3,2025-12-08 00:24:26,33072.0,,24,26,6,772.842102,2025-12-08 00:25:26
24,27,6,1489.7,2025-12-08 00:24:27,32071.0,,24,27,6,774.691162,2025-12-08 00:25:27
24,28,6,1491.5,2025-12-08 00:24:28,31070.0,,24,28,6,776.68811,2025-12-08 00:25:28
24,29,6,1495.1,2025-12-08 00:24:29,30069.0,,24,29,6,778.809082,2025-12-08 00:25:29
24,30,6,1488.5,2025-12-08 00:24:30,29067.0,,24,30,6,781.030823,2025-12-08 00:25:30
24,31,6,1490.7,2025-12-08 00:24:31,28065.0,,24,31,6,783.331421,2025-12-08 00:25:31
24,32,6,1495.9,2025-12-08 00:24:32,27062.0,,24,32,6,785.690125,2025-12-08 00:25:32
24,33,6,1492.4,2025-12-08 00:24:33,26061.0,,24,33,6,788.087341,2025-12-08 00:25:33
24,34,6,1495.3,2025-12-08 00:24:34,25060.0,,24,34,6,790.505005,2025-12-08 00:25:34
24,35,6,1497.9,2025-12-08 00:24:35,24059.0,,24,35,6,792.92627,2025-12-08 00:25:35
24,36,6,1496.8,2025-12-08 00:24:36,23057.0,,24,36,6,795.335815,2025-12-08 00:25:36
24,37,6,1500.8,2025-12-08 00:24:37,22056.0,,24,37,6,797.719482,2025-12-08 00:25:37
24,38,6,1498.2,2025-12-08 00:24:38,21055.0,,24,38,6,800.064819,2025-12-08 00:25:38
24,39,6,1497.8,2025-12-08 00:24:39,20054.0,,24,39,6,802.360657,2025-12-08 00:25:39
24,40,6,1496.7,2025-12-08 00:24:40,19053.0,,24,40,6,804.596924,2025-12-08 00:25:40
24,41,6,1500.5,2025-12-08 00:24:41,18051.0,,24,41,6,806.76532,2025-12-08 00:25:41
24,42,6,1499.0,2025-12-08 00:24:42,17050.0,,24,42,6,808.858459,2025-12-08 00:25:42
24,43,6,1498.4,2025-12-08 00:24:43,16049.0,,24,43,6,810.870239,2025-12-08 00:25:43
24,44,6,1500.3,2025-12-08 00:24:44,15048.0,,24,44,6,812.795654,2025-12-08 00:25:44
24,45,6,1500.6,2025-12-08 00:24:45,14047.0,,24,45,6,814.63092,2025-12-08 00:25:45
24,46,6,1505.5,2025-12-08 00:24:46,13045.0,,24,46,6,816.372986,2025-12-08 00:25:46
24,47,6,1503.9,2025-12-08 00:24:47,12044.0,,24,47,6,818.019958,2025-12-08 00:25:47
24,48,6,1501.1,2025-12-08 00:24:48,11042.0,,24,48,6,819.570618,2025-12-08 00:25:48
24,49,6,1503.3,2025-12-08 00:24:49,10041.0,,24,49,6,821.024597,2025-12-08 00:25:49
24,50,6,1504.1,2025-12-08 00:24:50,9038.0,,24,50,6,822.382141,2025-12-08 00:25:50
24,51,6,1503.8,2025-12-08 00:24:51,8035.0,,24,51,6,823.644226,2025-12-08 00:25:51
24,52,6,1330.7,2025-12-08 00:24:52,7029.0,,24,52,6,824.812256,2025-12-08 00:25:52
24,53,6,1334.9,2025-12-08 00:24:53,6026.0,,24,53,6,825.887756,2025-12-08 00:25:53
24,54,6,1343.1,2025-12-08 00:24:54,5023.0,,24,54,6,826.873352,2025-12-08 00:25:54
24,55,6,1352.6,2025-12-08 00:24:55,4022.0,,24,55,6,827.771851,2025-12-08 00:25:55
24,56,6,1313.4,2025-12-08 00:24:56,3020.0,,24,56,6,828.586121,2025-12-08 00:25:56
24,57,6,604.8,2025-12-08 00:24:57,2017.0,,24,57,6,829.319214,2025-12-08 00:25:57
24,58,6,603.6,2025-12-08 00:24:58,1015.0,,24,58,6,829.971619,2025-12-08 00:25:58
24,59,6,610.3,2025-12-08 00:24:59,9.0,,24,59,6,830.549561,2025-12-08 00:25:59
25,0,6,860.0,2025-12-08 00:25:00,59275.0,,25,0,6,707.561462,2025-12-08 00:26:00
25,1,6,622.9,2025-12-08 00:25:01,58255.0,,25,1,6,724.929565,2025-12-08 00:26:01
25,2,6,613.3,2025-12-08 00:25:02,57249.0,,25,2,6,742.976929,2025-12-08 00:26:02
25,3,6,613.5,2025-12-08 00:25:03,56229.0,,25,3,6,761.3349,2025-12-08 00:26:03
25,4,6,611.6,2025-12-08 00:25:04,55228.0,,25,4,6,779.36554,2025-12-08 00:26:04
25,5,6,610.7,2025-12-08 00:25:05,54226.0,,25,5,6,796.661011,2025-12-08 00:26:05
25,6,6,613.5,2025-12-08 00:25:06,53223.0,,25,6,6,812.965942,2025-12-08 00:26:06
25,7,6,614.3,2025-12-08 00:25:07,52221.0,,25,7,6,828.125916,2025-12-08 00:26:07
25,8,6,614.5,2025-12-08 00:25:08,51221.0,,25,8,6,842.055603,2025-12-08 00:26:08
25,9,6,614.5,2025-12-08 00:25:09,50202.0,,25,9,6,854.719055,2025-12-08 00:26:09
25,10,6,614.0,2025-12-08 00:25:10,49201.0,,25,10,6,866.116516,2025-12-08 00:26:10
25,11,6,615.9,2025-12-08 00:25:11,48198.0,,25,11,6,876.27417,2025-12-08 00:26:11
25,12,6,612.0,2025-12-08 00:25:12,47182.0,,25,12,6,885.237915,2025-12-08 00:26:12
25,13,6,613.8,2025-12-08 00:25:13,46181.0,,25,13,6,893.066284,2025-12-08 00:26:13
25,14,6,616.8,2025-12-08 00:25:14,45180.0,,25,14,6,899.827087,2025-12-08 00:26:14
25,15,6,613.9,2025-12-08 00:25:15,44177.0,,25,15,6,905.592957,2025-12-08 00:26:15
25,16,6,616.5,2025-12-08 00:25:16,43072.0,,25,16,6,910.438293,2025-12-08 00:26:16
25,17,6,613.4,2025-12-08 00:25:17,42070.0,,25,17,6,914.437683,2025-12-08 00:26:17
25,18,6,613.0,2025-12-08 00:25:18,41070.0,,25,18,6,917.663208,2025-12-08 00:26:18
25,19,6,618.8,2025-12-08 00:25:19,40069.0,,25,19,6,920.184631,2025-12-08 00:26:19
25,20,6,618.4,2025-12-08 00:25:20,39065.0,,25,20,6,922.067932,2025-12-08 00:26:20
25,21,6,613.0,2025-12-08 00:25:21,38063.0,,25,21,6,923.374268,2025-12-08 00:26:21
25,22,6,615.2,2025-12-08 00:25:22,37062.0,,25,22,6,924.16095,2025-12-08 00:26:22
25,23,6,616.6,2025-12-08 00:25:23,36061.0,,25,23,6,924.480835,2025-12-08 00:26:23
25,24,6,613.3,2025-12-08 00:25:24,35058.0,,25,24,6,924.382629,2025-12-08 00:26:24
25,25,6,613.6,2025-12-08 00:25:25,34057.0,,25,25,6,923.910828,2025-12-08 00:26:25
25,26,6,618.1,2025-12-08 00:25:26,33056.0,,25,26,6,923.106384,2025-12-08 00:26:26
25,27,6,603.2,2025-12-08 00:25:27,32048.0,,25,27,6,922.006409,2025-12-08 00:26:27
25,28,6,602.3,2025-12-08 00:25:28,31047.0,,25,28,6,920.644775,2025-12-08 00:26:28
25,29,6,500.2,2025-12-08 00:25:29,30046.0,,25,29,6,919.052795,2025-12-08 00:26:29
25,30,6,493.6,2025-12-08 00:25:30,29044.0,,25,30,6,917.256836,2025-12-08 00:26:30
25,31,6,621.1,2025-12-08 00:25:31,28044.0,,25,31,6,915.28479,2025-12-08 00:26:31
25,32,6,518.1,2025-12-08 00:25:32,27042.0,,25,32,6,913.162231,2025-12-08 00:26:32
25,33,6,512.4,2025-12-08 00:25:33,26040.0,,25,33,6,910.907288,2025-12-08 00:26:33
25,34,6,513.1,2025-12-08 00:25:34,25039.0,,25,34,6,908.541199,2025-12-08 00:26:34
25,35,6,510.6,2025-12-08 00:25:35,24038.0,,25,35,6,906.082092,2025-12-08 00:26:35
25,36,6,510.5,2025-12-08 00:25:36,23037.0,,25,36,6,903.546448,2025-12-08 00:26:36
25,37,6,508.5,2025-12-08 00:25:37,22036.0,,25,37,6,900.949341,2025-12-08 00:26:37
25,38,6,508.5,2025-12-08 00:25:38,21033.0,,25,38,6,898.304749,2025-12-08 00:26:38
25,39,6,507.4,2025-12-08 00:25:39,20033.0,,25,39,6,895.625183,2025-12-08 00:26:39
25,40,6,509.2,2025-12-08 00:25:40,19031.0,,25,40,6,892.922546,2025-12-08 00:26:40
25,41,6,516.7,2025-12-08 00:25:41,18029.0,,25,41,6,890.207336,2025-12-08 00:26:41
25,42,6,512.8,2025-12-08 00:25:42,17028.0,,25,42,6,887.489502,2025-12-08 00:26:42
25,43,6,513.6,2025-12-08 00:25:43,16027.0,,25,43,6,884.777893,2025-12-08 00:26:43
25,44,6,518.8,2025-12-08 00:25:44,15026.0,,25,44,6,882.080688,2025-12-08 00:26:44
25,45,6,514.3,2025-12-08 00:25:45,14025.0,,25,45,6,879.405518,2025-12-08 00:26:45
25,46,6,516.0,2025-12-08 00:25:46,13024.0,,25,46,6,876.759216,2025-12-08 00:26:46
25,47,6,538.7,2025-12-08 00:25:47,12023.0,,25,47,6,874.148071,2025-12-08 00:26:47
25,48,6,586.1,2025-12-08 00:25:48,11022.0,,25,48,6,871.577759,2025-12-08 00:26:48
25,49,6,626.7,2025-12-08 00:25:49,10021.0,,25,49,6,869.053467,2025-12-08 00:26:49
25,50,6,635.7,2025-12-08 00:25:50,9019.0,,25,50,6,866.579712,2025-12-08 00:26:50
25,51,6,634.6,2025-12-08 00:25:51,8017.0,,25,51,6,864.161011,2025-12-08 00:26:51
25,52,6,635.8,2025-12-08 00:25:52,7016.0,,25,52,6,861.800903,2025-12-08 00:26:52
25,53,6,634.8,2025-12-08 00:25:53,6015.0,,25,53,6,859.502808,2025-12-08 00:26:53
25,54,6,637.2,2025-12-08 00:25:54,5014.0,,25,54,6,857.269775,2025-12-08 00:26:54
25,55,6,638.3,2025-12-08 00:25:55,4013.0,,25,55,6,855.104492,2025-12-08 00:26:55
25,56,6,636.1,2025-12-08 00:25:56,3012.0,,25,56,6,853.008972,2025-12-08 00:26:56
25,57,6,636.8,2025-12-08 00:25:57,2011.0,,25,57,6,850.985291,2025-12-08 00:26:57
25,58,6,642.6,2025-12-08 00:25:58,1010.0,,25,58,6,849.034912,2025-12-08 00:26:58
25,59,6,640.7,2025-12-08 00:25:59,9.0,,25,59,6,847.159058,2025-12-08 00:26:59
26,0,6,640.7,2025-12-08 00:26:00,59116.0,,26,0,6,684.792053,2025-12-08 00:27:00
26,1,6,641.1,2025-12-08 00:26:01,58115.0,,26,1,6,695.678711,2025-12-08 00:27:01
26,2,6,641.8,2025-12-08 00:26:02,57114.0,,26,2,6,707.496216,2025-12-08 00:27:02
26,3,6,641.3,2025-12-08 00:26:03,56113.0,,26,3,6,719.875,2025-12-08 00:27:03
26,4,6,642.9,2025-12-08 00:26:04,55112.0,,26,4,6,732.418945,2025-12-08 00:27:04
26,5,6,641.6,2025-12-08 00:26:05,54111.0,,26,5,6,744.865295,2025-12-08 00:27:05
26,6,6,640.2,2025-12-08 00:26:06,53110.0,,26,6,6,757.033508,2025-12-08 00:27:06
26,7,6,641.8,2025-12-08 00:26:07,52108.0,,26,7,6,768.795654,2025-12-08 00:27:07
26,8,6,642.5,2025-12-08 00:26:08,51107.0,,26,8,6,780.058899,2025-12-08 00:27:08
26,9,6,640.7,2025-12-08 00:26:09,50101.0,,26,9,6,790.754761,2025-12-08 00:27:09
26,10,6,642.7,2025-12-08 00:26:10,49097.0,,26,10,6,800.83374,2025-12-08 00:27:10
26,11,6,640.4,2025-12-08 00:26:11,48095.0,,26,11,6,810.26178,2025-12-08 00:27:11
26,12,6,641.1,2025-12-08 00:26:12,47093.0,,26,12,6,819.017212,2025-12-08 00:27:12
26,13,6,643.6,2025-12-08 00:26:13,46091.0,,26,13,6,827.090149,2025-12-08 00:27:13
26,14,6,644.3,2025-12-08 00:26:14,45091.0,,26,14,6,834.480225,2025-12-08 00:27:14
26,15,6,641.7,2025-12-08 00:26:15,44087.0,,26,15,6,841.195435,2025-12-08 00:27:15
26,16,6,647.7,2025-12-08 00:26:16,43084.0,,26,16,6,847.25061,2025-12-08 00:27:16
26,17,6,641.2,2025-12-08 00:26:17,42081.0,,26,17,6,852.666687,2025-12-08 00:27:17
26,18,6,639.3,2025-12-08 00:26:18,41079.0,,26,18,6,857.468811,2025-12-08 00:27:18
26,19,6,645.4,2025-12-08 00:26:19,40076.0,,26,19,6,861.685608,2025-12-08 00:27:19
26,20,6,652.3,2025-12-08 00:26:20,39075.0,,26,20,6,865.34845,2025-12-08 00:27:20
26,21,6,651.8,2025-12-08 00:26:21,38073.0,,26,21,6,868.489929,2025-12-08 00:27:21
26,22,6,642.5,2025-12-08 00:26:22,37072.0,,26,22,6,871.143127,2025-12-08 00:27:22
26,23,6,654.5,2025-12-08 00:26:23,36067.0,,26,23,6,873.341675,2025-12-08 00:27:23
26,24,6,638.9,2025-12-08 00:26:24,35065.0,,26,24,6,875.118713,2025-12-08 00:27:24
26,25,6,642.3,2025-12-08 00:26:25,34064.0,,26,25,6,876.506592,2025-12-08 00:27:25
26,26,6,648.3,2025-12-08 00:26:26,33063.0,,26,26,6,877.536621,2025-12-08 00:27:26
26,27,6,645.4,2025-12-08 00:26:27,32062.0,,26,27,6,878.239502,2025-12-08 00:27:27
26,28,6,645.7,2025-12-08 00:26:28,31061.0,,26,28,6,878.643372,2025-12-08 00:27:28
26,29,6,646.5,2025-12-08 00:26:29,30060.0,,26,29,6,878.775879,2025-12-08 00:27:29
26,30,6,642.3,2025-12-08 00:26:30,29059.0,,26,30,6,878.662781,2025-12-08 00:27:30
26,31,6,642.9,2025-12-08 00:26:31,28055.0,,26,31,6,878.328369,2025-12-08 00:27:31
26,32,6,641.1,2025-12-08 00:26:32,27054.0,,26,32,6,877.795471,2025-12-08 00:27:32
26,33,6,643.0,2025-12-08 00:26:33,26053.0,,26,33,6,877.085449,2025-12-08 00:27:33
26,34,6,643.1,2025-12-08 00:26:34,25053.0,,26,34,6,876.218262,2025-12-08 00:27:34
26,35,6,643.9,2025-12-08 00:26:35,24052.0,,26,35,6,875.212524,2025-12-08 00:27:35
26,36,6,642.0,2025-12-08 00:26:36,23051.0,,26,36,6,874.08551,2025-12-08 00:27:36
26,37,6,642.7,2025-12-08 00:26:37,22050.0,,26,37,6,872.853149,2025-12-08 00:27:37
26,38,6,645.5,2025-12-08 00:26:38,21049.0,,26,38,6,871.530579,2025-12-08 00:27:38
26,39,6,641.7,2025-12-08 00:26:39,20048.0,,26,39,6,870.131409,2025-12-08 00:27:39
26,40,6,641.4,2025-12-08 00:26:40,19047.0,,26,40,6,868.668518,2025-12-08 00:27:40
26,41,6,641.6,2025-12-08 00:26:41,18046.0,,26,41,6,867.153748,2025-12-08 00:27:41
26,42,6,641.8,2025-12-08 00:26:42,17045.0,,26,42,6,865.597961,2025-12-08 00:27:42
26,43,6,645.7,2025-12-08 00:26:43,16044.0,,26,43,6,864.01123,2025-12-08 00:27:43
26,44,6,647.0,2025-12-08 00:26:44,15042.0,,26,44,6,862.402771,2025-12-08 00:27:44
26,45,6,644.5,2025-12-08 00:26:45,14038.0,,26,45,6,860.781067,2025-12-08 00:27:45
26,46,6,642.8,2025-12-08 00:26:46,13036.0,,26,46,6,859.153809,2025-12-08 00:27:46
26,47,6,644.7,2025-12-08 00:26:47,12035.0,,26,47,6,857.528198,2025-12-08 00:27:47
26,48,6,642.2,2025-12-08 00:26:48,11034.0,,26,48,6,855.910645,2025-12-08 00:27:48
26,49,6,651.3,2025-12-08 00:26:49,10032.0,,26,49,6,854.30719,2025-12-08 00:27:49
26,50,6,643.7,2025-12-08 00:26:50,9031.0,,26,50,6,852.722961,2025-12-08 00:27:50
26,51,6,642.9,2025-12-08 00:26:51,8029.0,,26,51,6,851.162903,2025-12-08 00:27:51
26,52,6,643.2,2025-12-08 00:26:52,7022.0,,26,52,6,849.631348,2025-12-08 00:27:52
26,53,6,642.6,2025-12-08 00:26:53,6022.0,,26,53,6,848.13208,2025-12-08 00:27:53
26,54,6,644.4,2025-12-08 00:26:54,5015.0,,26,54,6,846.668579,2025-12-08 00:27:54
26,55,6,652.9,2025-12-08 00:26:55,4014.0,,26,55,6,845.243835,2025-12-08 00:27:55
26,56,6,645.1,2025-12-08 00:26:56,3012.0,,26,56,6,843.860474,2025-12-08 00:27:56
26,57,6,644.6,2025-12-08 00:26:57,2010.0,,26,57,6,842.520813,2025-12-08 00:27:57
26,58,6,643.8,2025-12-08 00:26:58,1009.0,,26,58,6,841.226746,2025-12-08 00:27:58
26,59,6,642.0,2025-12-08 00:26:59,8.0,,26,59,6,839.979919,2025-12-08 00:27:59
27,0,6,654.5,2025-12-08 00:27:00,59177.0,,27,0,6,682.727966,2025-12-08 00:28:00
27,1,6,649.9,2025-12-08 00:27:01,58177.0,,27,1,6,693.755737,2025-12-08 00:28:01
27,2,6,646.8,2025-12-08 00:27:02,57175.0,,27,2,6,705.690735,2025-12-08 00:28:02
27,3,6,647.7,2025-12-08 00:27:03,56173.0,,27,3,6,718.164185,2025-12-08 00:28:03
27,4,6,657.1,2025-12-08 00:27:04,55168.0,,27,4,6,730.795959,2025-12-08 00:28:04
27,5,6,645.4,2025-12-08 00:27:05,54163.0,,27,5,6,743.331421,2025-12-08 00:28:05
27,6,6,643.8,2025-12-08 00:27:06,53161.0,,27,6,6,755.593445,2025-12-08 00:28:06
27,7,6,648.8,2025-12-08 00:27:07,52158.0,,27,7,6,767.455383,2025-12-08 00:28:07
27,8,6,643.0,2025-12-08 00:27:08,51157.0,,27,8,6,778.824097,2025-12-08 00:28:08
27,9,6,640.6,2025-12-08 00:27:09,50156.0,,27,9,6,789.629578,2025-12-08 00:28:09
27,10,6,643.5,2025-12-08 00:27:10,49154.0,,27,10,6,799.820801,2025-12-08 00:28:10
27,11,6,641.4,2025-12-08 00:27:11,48153.0,,27,11,6,809.361938,2025-12-08 00:28:11
27,12,6,641.0,2025-12-08 00:27:12,47149.0,,27,12,6,818.229797,2025-12-08 00:28:12
27,13,6,641.6,2025-12-08 00:27:13,46148.0,,27,13,6,826.412964,2025-12-08 00:28:13
27,14,6,645.4,2025-12-08 00:27:14,45147.0,,27,14,6,833.909729,2025-12-08 00:28:14
27,15,6,641.9,2025-12-08 00:27:15,44145.0,,27,15,6,840.727051,2025-12-08 00:28:15
27,16,6,640.6,2025-12-08 00:27:16,43144.0,,27,16,6,846.879089,2025-12-08 00:28:16
27,17,6,646.0,2025-12-08 00:27:17,42143.0,,27,17,6,852.386047,2025-12-08 00:28:17
27,18,6,644.5,2025-12-08 00:27:18,41142.0,,27,18,6,857.273071,2025-12-08 00:28:18
27,19,6,650.3,2025-12-08 00:27:19,40140.0,,27,19,6,861.56842,2025-12-08 00:28:19
27,20,6,648.5,2025-12-08 00:27:20,39139.0,,27,20,6,865.303467,2025-12-08 00:28:20
27,21,6,643.5,2025-12-08 00:27:21,38137.0,,27,21,6,868.510498,2025-12-08 00:28:21
27,22,6,642.2,2025-12-08 00:27:22,37136.0,,27,22,6,871.223145,2025-12-08 00:28:22
27,23,6,644.6,2025-12-08 00:27:23,36134.0,,27,23,6,873.475281,2025-12-08 00:28:23
27,24,6,644.5,2025-12-08 00:27:24,35133.0,,27,24,6,875.300171,2025-12-08 00:28:24
27,25,6,643.2,2025-12-08 00:27:25,34129.0,,27,25,6,876.730713,2025-12-08 00:28:25
27,26,6,644.5,2025-12-08 00:27:26,33128.0,,27,26,6,877.798462,2025-12-08 00:28:26
27,27,6,646.2,2025-12-08 00:27:27,32127.0,,27,27,6,878.534119,2025-12-08 00:28:27
27,28,6,648.0,2025-12-08 00:27:28,31125.0,,27,28,6,878.966614,2025-12-08 00:28:28
27,29,6,650.4,2025-12-08 00:27:29,30123.0,,27,29,6,879.123718,2025-12-08 00:28:29
27,30,6,649.3,2025-12-08 00:27:30,29114.0,,27,30,6,879.031494,2025-12-08 00:28:30
27,31,6,650.8,2025-12-08 00:27:31,28113.0,,27,31,6,878.7146,2025-12-08 00:28:31
27,32,6,650.6,2025-12-08 00:27:32,27111.0,,27,32,6,878.196106,2025-12-08 00:28:32
27,33,6,650.6,2025-12-08 00:27:33,26109.0,,27,33,6,877.497437,2025-12-08 00:28:33
27,34,6,648.6,2025-12-08 00:27:34,25108.0,,27,34,6,876.638977,2025-12-08 00:28:34
27,35,6,648.7,2025-12-08 00:27:35,24104.0,,27,35,6,875.639587,2025-12-08 00:28:35
27,36,6,646.3,2025-12-08 00:27:36,23102.0,,27,36,6,874.516602,2025-12-08 00:28:36
27,37,6,647.7,2025-12-08 00:27:37,22100.0,,27,37,6,873.286377,2025-12-08 00:28:37
27,38,6,649.4,2025-12-08 00:27:38,21099.0,,27,38,6,871.963989,2025-12-08 00:28:38
27,39,6,646.9,2025-12-08 00:27:39,20097.0,,27,39,6,870.563416,2025-12-08 00:28:39
27,40,6,648.0,2025-12-08 00:27:40,19092.0,,27,40,6,869.097534,2025-12-08 00:28:40
27,41,6,648.0,2025-12-08 00:27:41,18091.0,,27,41,6,867.578491,2025-12-08 00:28:41
27,42,6,653.4,2025-12-08 00:27:42,17090.0,,27,42,6,866.01709,2025-12-08 00:28:42
27,43,6,645.1,2025-12-08 00:27:43,16044.0,,27,43,6,864.423706,2025-12-08 00:28:43
27,44,6,644.9,2025-12-08 00:27:44,15042.0,,27,44,6,862.807556,2025-12-08 00:28:44
27,45,6,640.0,2025-12-08 00:27:45,14041.0,,27,45,6,861.177307,2025-12-08 00:28:45
27,46,6,640.3,2025-12-08 00:27:46,13040.0,,27,46,6,859.540588,2025-12-08 00:28:46
27,47,6,644.0,2025-12-08 00:27:47,12038.0,,27,47,6,857.905029,2025-12-08 00:28:47
27,48,6,644.4,2025-12-08 00:27:48,11036.0,,27,48,6,856.276978,2025-12-08 00:28:48
27,49,6,645.3,2025-12-08 00:27:49,10036.0,,27,49,6,854.662292,2025-12-08 00:28:49
27,50,6,648.7,2025-12-08 00:27:50,9031.0,,27,50,6,853.066589,2025-12-08 00:28:50
27,51,6,641.7,2025-12-08 00:27:51,8029.0,,27,51,6,851.494629,2025-12-08 00:28:51
27,52,6,643.6,2025-12-08 00:27:52,7028.0,,27,52,6,849.950989,2025-12-08 00:28:52
27,53,6,641.6,2025-12-08 00:27:53,6027.0,,27,53,6,848.43927,2025-12-08 00:28:53
27,54,6,641.7,2025-12-08 00:27:54,5026.0,,27,54,6,846.963196,2025-12-08 00:28:54
27,55,6,644.7,2025-12-08 00:27:55,4025.0,,27,55,6,845.525879,2025-12-08 00:28:55
27,56,6,641.9,2025-12-08 00:27:56,3024.0,,27,56,6,844.129761,2025-12-08 00:28:56
27,57,6,640.7,2025-12-08 00:27:57,2022.0,,27,57,6,842.777405,2025-12-08 00:28:57
27,58,6,642.6,2025-12-08 00:27:58,1019.0,,27,58,6,841.470642,2025-12-08 00:28:58
27,59,6,643.3,2025-12-08 00:27:59,18.0,,27,59,6,840.211121,2025-12-08 00:28:59
28,0,6,658.2,2025-12-08 00:28:00,60299.0,,28,0,6,683.801758,2025-12-08 00:29:00
28,1,6,642.9,2025-12-08 00:28:01,59298.0,,28,1,6,695.037476,2025-12-08 00:29:01
28,2,6,643.0,2025-12-08 00:28:02,58295.0,,28,2,6,707.169556,2025-12-08 00:29:02
28,3,6,643.2,2025-12-08 00:28:03,57293.0,,28,3,6,719.830383,2025-12-08 00:29:03
28,4,6,643.5,2025-12-08 00:28:04,56291.0,,28,4,6,732.632019,2025-12-08 00:29:04
28,5,6,657.6,2025-12-08 00:28:05,55289.0,,28,5,6,745.315247,2025-12-08 00:29:05
28,6,6,644.9,2025-12-08 00:28:06,54288.0,,28,6,6,757.701721,2025-12-08 00:29:06
28,7,6,644.5,2025-12-08 00:28:07,53287.0,,28,7,6,769.662842,2025-12-08 00:29:07
28,8,6,645.7,2025-12-08 00:28:08,52285.0,,28,8,6,781.105713,2025-12-08 00:29:08
28,9,6,641.9,2025-12-08 00:28:09,51265.0,,28,9,6,791.961731,2025-12-08 00:29:09
28,10,6,645.5,2025-12-08 00:28:10,50150.0,,28,10,6,802.181152,2025-12-08 00:29:10
28,11,6,646.5,2025-12-08 00:28:11,49129.0,,28,11,6,811.729919,2025-12-08 00:29:11
28,12,6,643.9,2025-12-08 00:28:12,48121.0,,28,12,6,820.587219,2025-12-08 00:29:12
28,13,6,643.4,2025-12-08 00:28:13,47119.0,,28,13,6,828.743591,2025-12-08 00:29:13
28,14,6,643.9,2025-12-08 00:28:14,46113.0,,28,14,6,836.199524,2025-12-08 00:29:14
28,15,6,641.4,2025-12-08 00:28:15,44543.0,,28,15,6,842.964417,2025-12-08 00:29:15
28,16,6,644.1,2025-12-08 00:28:16,43539.0,,28,16,6,849.054504,2025-12-08 00:29:16
28,17,6,641.9,2025-12-08 00:28:17,42443.0,,28,17,6,854.492188,2025-12-08 00:29:17
28,18,6,641.9,2025-12-08 00:28:18,41442.0,,28,18,6,859.303772,2025-12-08 00:29:18
28,19,6,648.8,2025-12-08 00:28:19,40438.0,,28,19,6,863.519592,2025-12-08 00:29:19
28,20,6,647.0,2025-12-08 00:28:20,39434.0,,28,20,6,867.172363,2025-12-08 00:29:20
28,21,6,641.9,2025-12-08 00:28:21,38433.0,,28,21,6,870.295532,2025-12-08 00:29:21
28,22,6,642.5,2025-12-08 00:28:22,37432.0,,28,22,6,872.923645,2025-12-08 00:29:22
28,23,6,645.6,2025-12-08 00:28:23,36431.0,,28,23,6,875.091431,2025-12-08 00:29:23
28,24,6,642.5,2025-12-08 00:28:24,35236.0,,28,24,6,876.833008,2025-12-08 00:29:24
28,25,6,642.0,2025-12-08 00:28:25,34131.0,,28,25,6,878.181458,2025-12-08 00:29:25
28,26,6,640.3,2025-12-08 00:28:26,33081.0,,28,26,6,879.169128,2025-12-08 00:29:26
28,27,6,641.8,2025-12-08 00:28:27,32071.0,,28,27,6,879.82666,2025-12-08 00:29:27
28,28,6,643.9,2025-12-08 00:28:28,31071.0,,28,28,6,880.183594,2025-12-08 00:29:28
28,29,6,654.0,2025-12-08 00:28:29,30070.0,,28,29,6,880.267578,2025-12-08 00:29:29
28,30,6,639.8,2025-12-08 00:28:30,29069.0,,28,30,6,880.105164,2025-12-08 00:29:30
28,31,6,641.8,2025-12-08 00:28:31,28067.0,,28,31,6,879.720581,2025-12-08 00:29:31
28,32,6,641.7,2025-12-08 00:28:32,27062.0,,28,32,6,879.137024,2025-12-08 00:29:32
28,33,6,637.3,2025-12-08 00:28:33,26061.0,,28,33,6,878.376404,2025-12-08 00:29:33
28,34,6,641.5,2025-12-08 00:28:34,25059.0,,28,34,6,877.458557,2025-12-08 00:29:34
28,35,6,642.2,2025-12-08 00:28:35,24057.0,,28,35,6,876.402405,2025-12-08 00:29:35
28,36,6,640.1,2025-12-08 00:28:36,23055.0,,28,36,6,875.225464,2025-12-08 00:29:36
28,37,6,641.5,2025-12-08 00:28:37,22054.0,,28,37,6,873.943909,2025-12-08 00:29:37
28,38,6,642.6,2025-12-08 00:28:38,21051.0,,28,38,6,872.572632,2025-12-08 00:29:38
28,39,6,640.9,2025-12-08 00:28:39,20043.0,,28,39,6,871.125671,2025-12-08 00:29:39
28,40,6,645.7,2025-12-08 00:28:40,19042.0,,28,40,6,869.615906,2025-12-08 00:29:40
28,41,6,641.0,2025-12-08 00:28:41,18041.0,,28,41,6,868.054993,2025-12-08 00:29:41
28,42,6,641.5,2025-12-08 00:28:42,17040.0,,28,42,6,866.454102,2025-12-08 00:29:42
28,43,6,644.6,2025-12-08 00:28:43,16038.0,,28,43,6,864.823364,2025-12-08 00:29:43
28,44,6,643.0,2025-12-08 00:28:44,15029.0,,28,44,6,863.171875,2025-12-08 00:29:44
28,45,6,642.6,2025-12-08 00:28:45,14027.0,,28,45,6,861.508179,2025-12-08 00:29:45
28,46,6,641.1,2025-12-08 00:28:46,13025.0,,28,46,6,859.840149,2025-12-08 00:29:46
28,47,6,646.0,2025-12-08 00:28:47,12024.0,,28,47,6,858.174927,2025-12-08 00:29:47
28,48,6,639.0,2025-12-08 00:28:48,11022.0,,28,48,6,856.51886,2025-12-08 00:29:48
28,49,6,642.2,2025-12-08 00:28:49,10021.0,,28,49,6,854.877991,2025-12-08 00:29:49
28,50,6,639.8,2025-12-08 00:28:50,9020.0,,28,50,6,853.257629,2025-12-08 00:29:50
28,51,6,638.9,2025-12-08 00:28:51,8019.0,,28,51,6,851.662659,2025-12-08 00:29:51
28,52,6,643.5,2025-12-08 00:28:52,7017.0,,28,52,6,850.09729,2025-12-08 00:29:52
28,53,6,641.1,2025-12-08 00:28:53,6016.0,,28,53,6,848.565369,2025-12-08 00:29:53
28,54,6,644.8,2025-12-08 00:28:54,5015.0,,28,54,6,847.070496,2025-12-08 00:29:54
28,55,6,642.7,2025-12-08 00:28:55,4014.0,,28,55,6,845.615662,2025-12-08 00:29:55
28,56,6,642.7,2025-12-08 00:28:56,3013.0,,28,56,6,844.203308,2025-12-08 00:29:56
28,57,6,642.2,2025-12-08 00:28:57,2012.0,,28,57,6,842.835815,2025-12-08 00:29:57
28,58,6,642.2,2025-12-08 00:28:58,1011.0,,28,58,6,841.515076,2025-12-08 00:29:58
28,59,6,643.2,2025-12-08 00:28:59,9.0,,28,59,6,840.242676,2025-12-08 00:29:59
29,0,6,648.2,2025-12-08 00:29:00,59068.0,,29,0,6,763.8927,2025-12-08 00:30:00
29,1,6,644.1,2025-12-08 00:29:01,58067.0,,29,1,6,769.303894,2025-12-08 00:30:01
29,2,6,642.2,2025-12-08 00:29:02,57065.0,,29,2,6,774.99408,2025-12-08 00:30:02
29,3,6,642.6,2025-12-08 00:29:03,56065.0,,29,3,6,780.73114,2025-12-08 00:30:03
29,4,6,644.7,2025-12-08 00:29:04,55064.0,,29,4,6,786.425659,2025-12-08 00:30:04
29,5,6,641.5,2025-12-08 00:29:05,54063.0,,29,5,6,792.006226,2025-12-08 00:30:05
29,6,6,644.9,2025-12-08 00:29:06,53062.0,,29,6,6,797.417664,2025-12-08 00:30:06
29,7,6,643.8,2025-12-08 00:29:07,52061.0,,29,7,6,802.617615,2025-12-08 00:30:07
29,8,6,640.4,2025-12-08 00:29:08,51060.0,,29,8,6,807.573792,2025-12-08 00:30:08
29,9,6,641.3,2025-12-08 00:29:09,50059.0,,29,9,6,812.26178,2025-12-08 00:30:09
29,10,6,647.5,2025-12-08 00:29:10,49058.0,,29,10,6,816.663879,2025-12-08 00:30:10
29,11,6,640.9,2025-12-08 00:29:11,48058.0,,29,11,6,820.767761,2025-12-08 00:30:11
29,12,6,639.8,2025-12-08 00:29:12,47057.0,,29,12,6,824.565613,2025-12-08 00:30:12
29,13,6,641.6,2025-12-08 00:29:13,46056.0,,29,13,6,828.054016,2025-12-08 00:30:13
29,14,6,642.3,2025-12-08 00:29:14,45055.0,,29,14,6,831.232727,2025-12-08 00:30:14
29,15,6,639.6,2025-12-08 00:29:15,44053.0,,29,15,6,834.104858,2025-12-08 00:30:15
29,16,6,640.5,2025-12-08 00:29:16,43053.0,,29,16,6,836.67627,2025-12-08 00:30:16
29,17,6,640.7,2025-12-08 00:29:17,42052.0,,29,17,6,838.955444,2025-12-08 00:30:17
29,18,6,639.7,2025-12-08 00:29:18,41051.0,,29,18,6,840.953064,2025-12-08 00:30:18
29,19,6,646.8,2025-12-08 00:29:19,40050.0,,29,19,6,842.681641,2025-12-08 00:30:19
29,20,6,647.7,2025-12-08 00:29:20,39049.0,,29,20,6,844.155518,2025-12-08 00:30:20
29,21,6,643.5,2025-12-08 00:29:21,38048.0,,29,21,6,845.390625,2025-12-08 00:30:21
29,22,6,644.7,2025-12-08 00:29:22,37047.0,,29,22,6,846.403809,2025-12-08 00:30:22
29,23,6,647.6,2025-12-08 00:29:23,36046.0,,29,23,6,847.21283,2025-12-08 00:30:23
29,24,6,643.1,2025-12-08 00:29:24,35045.0,,29,24,6,847.83606,2025-12-08 00:30:24
29,25,6,640.8,2025-12-08 00:29:25,34044.0,,29,25,6,848.292358,2025-12-08 00:30:25
29,26,6,639.9,2025-12-08 00:29:26,33043.0,,29,26,6,848.600525,2025-12-08 00:30:26
29,27,6,640.9,2025-12-08 00:29:27,32042.0,,29,27,6,848.778931,2025-12-08 00:30:27
29,28,6,641.2,2025-12-08 00:29:28,31041.0,,29,28,6,848.845886,2025-12-08 00:30:28
29,29,6,639.5,2025-12-08 00:29:29,30040.0,,29,29,6,848.819031,2025-12-08 00:30:29
29,30,6,639.1,2025-12-08 00:29:30,29039.0,,29,30,6,848.714905,2025-12-08 00:30:30
29,31,6,639.9,2025-12-08 00:29:31,28038.0,,29,31,6,848.549194,2025-12-08 00:30:31
29,32,6,638.5,2025-12-08 00:29:32,27037.0,,29,32,6,848.33667,2025-12-08 00:30:32
29,33,6,639.8,2025-12-08 00:29:33,26036.0,,29,33,6,848.090698,2025-12-08 00:30:33
29,34,6,642.2,2025-12-08 00:29:34,25034.0,,29,34,6,847.823181,2025-12-08 00:30:34
29,35,6,638.9,2025-12-08 00:29:35,24034.0,,29,35,6,847.544922,2025-12-08 00:30:35
29,36,6,642.5,2025-12-08 00:29:36,23033.0,,29,36,6,847.26532,2025-12-08 00:30:36
29,37,6,641.5,2025-12-08 00:29:37,22032.0,,29,37,6,846.992493,2025-12-08 00:30:37
29,38,6,641.8,2025-12-08 00:29:38,21030.0,,29,38,6,846.733093,2025-12-08 00:30:38
29,39,6,757.6,2025-12-08 00:29:39,20029.0,,29,39,6,846.492615,2025-12-08 00:30:39
29,40,6,743.3,2025-12-08 00:29:40,19028.0,,29,40,6,846.274963,2025-12-08 00:30:40
29,41,6,739.3,2025-12-08 00:29:41,18027.0,,29,41,6,846.083679,2025-12-08 00:30:41
29,42,6,739.9,2025-12-08 00:29:42,17026.0,,29,42,6,845.920654,2025-12-08 00:30:42
29,43,6,741.5,2025-12-08 00:29:43,16025.0,,29,43,6,845.787292,2025-12-08 00:30:43
29,44,6,738.7,2025-12-08 00:29:44,15024.0,,29,44,6,845.683777,2025-12-08 00:30:44
29,45,6,735.5,2025-12-08 00:29:45,14023.0,,29,45,6,845.609985,2025-12-08 00:30:45
29,46,6,737.6,2025-12-08 00:29:46,13022.0,,29,46,6,845.56488,2025-12-08 00:30:46
29,47,6,737.2,2025-12-08 00:29:47,12021.0,,29,47,6,845.546936,2025-12-08 00:30:47
29,48,6,735.6,2025-12-08 00:29:48,11020.0,,29,48,6,845.554443,2025-12-08 00:30:48
29,49,6,729.6,2025-12-08 00:29:49,10018.0,,29,49,6,845.585266,2025-12-08 00:30:49
29,50,6,728.7,2025-12-08 00:29:50,9017.0,,29,50,6,845.636963,2025-12-08 00:30:50
29,51,6,731.5,2025-12-08 00:29:51,8016.0,,29,51,6,845.70697,2025-12-08 00:30:51
29,52,6,731.0,2025-12-08 00:29:52,7015.0,,29,52,6,845.792664,2025-12-08 00:30:52
29,53,6,729.1,2025-12-08 00:29:53,6014.0,,29,53,6,845.891357,2025-12-08 00:30:53
29,54,6,730.1,2025-12-08 00:29:54,5013.0,,29,54,6,846.000671,2025-12-08 00:30:54
29,55,6,731.8,2025-12-08 00:29:55,4011.0,,29,55,6,846.117798,2025-12-08 00:30:55
29,56,6,728.6,2025-12-08 00:29:56,3010.0,,29,56,6,846.240356,2025-12-08 00:30:56
29,57,6,729.6,2025-12-08 00:29:57,2009.0,,29,57,6,846.366211,2025-12-08 00:30:57
29,58,6,780.2,2025-12-08 00:29:58,1008.0,,29,58,6,846.493225,2025-12-08 00:30:58
29,59,6,747.8,2025-12-08 00:29:59,7.0,,29,59,6,846.619385,2025-12-08 00:30:59
30,0,6,741.2,2025-12-08 00:30:00,59093.0,,30,0,6,1141.079102,2025-12-08 00:31:00
30,1,6,740.6,2025-12-08 00:30:01,58092.0,,30,1,6,1125.568481,2025-12-08 00:31:01
30,2,6,740.0,2025-12-08 00:30:02,57091.0,,30,2,6,1105.761963,2025-12-08 00:31:02
30,3,6,740.9,2025-12-08 00:30:03,56090.0,,30,3,6,1082.020874,2025-12-08 00:31:03
30,4,6,746.9,2025-12-08 00:30:04,55089.0,,30,4,6,1055.019165,2025-12-08 00:31:04
30,5,6,745.0,2025-12-08 00:30:05,54088.0,,30,5,6,1025.621826,2025-12-08 00:31:05
30,6,6,744.9,2025-12-08 00:30:06,53087.0,,30,6,6,994.850342,2025-12-08 00:31:06
30,7,6,745.3,2025-12-08 00:30:07,52085.0,,30,7,6,963.810059,2025-12-08 00:31:07
30,8,6,743.2,2025-12-08 00:30:08,51083.0,,30,8,6,933.586548,2025-12-08 00:31:08
30,9,6,745.3,2025-12-08 00:30:09,50082.0,,30,9,6,905.139954,2025-12-08 00:31:09
30,10,6,746.4,2025-12-08 00:30:10,49080.0,,30,10,6,879.222046,2025-12-08 00:31:10
30,11,6,745.0,2025-12-08 00:30:11,48078.0,,30,11,6,856.336975,2025-12-08 00:31:11
30,12,6,744.0,2025-12-08 00:30:12,47078.0,,30,12,6,836.743347,2025-12-08 00:31:12
30,13,6,745.0,2025-12-08 00:30:13,46076.0,,30,13,6,820.489502,2025-12-08 00:31:13
30,14,6,745.1,2025-12-08 00:30:14,45074.0,,30,14,6,807.463501,2025-12-08 00:31:14
30,15,6,747.3,2025-12-08 00:30:15,44072.0,,30,15,6,797.444885,2025-12-08 00:31:15
30,16,6,745.9,2025-12-08 00:30:16,43071.0,,30,16,6,790.148926,2025-12-08 00:31:16
30,17,6,751.2,2025-12-08 00:30:17,42067.0,,30,17,6,785.260803,2025-12-08 00:31:17
30,18,6,744.5,2025-12-08 00:30:18,41067.0,,30,18,6,782.460327,2025-12-08 00:31:18
30,19,6,749.1,2025-12-08 00:30:19,40065.0,,30,19,6,781.437561,2025-12-08 00:31:19
30,20,6,752.2,2025-12-08 00:30:20,39064.0,,30,20,6,781.902466,2025-12-08 00:31:20
30,21,6,751.1,2025-12-08 00:30:21,38063.0,,30,21,6,783.590149,2025-12-08 00:31:21
30,22,6,752.7,2025-12-08 00:30:22,37062.0,,30,22,6,786.262207,2025-12-08 00:31:22
30,23,6,744.4,2025-12-08 00:30:23,36061.0,,30,23,6,789.707581,2025-12-08 00:31:23
30,24,6,743.0,2025-12-08 00:30:24,35057.0,,30,24,6,793.740601,2025-12-08 00:31:24
30,25,6,754.6,2025-12-08 00:30:25,34056.0,,30,25,6,798.199524,2025-12-08 00:31:25
30,26,6,743.6,2025-12-08 00:30:26,33055.0,,30,26,6,802.94458,2025-12-08 00:31:26
30,27,6,741.5,2025-12-08 00:30:27,32054.0,,30,27,6,807.854919,2025-12-08 00:31:27
30,28,6,746.7,2025-12-08 00:30:28,31053.0,,30,28,6,812.827209,2025-12-08 00:31:28
30,29,6,745.9,2025-12-08 00:30:29,30052.0,,30,29,6,817.773743,2025-12-08 00:31:29
30,30,6,1025.5,2025-12-08 00:30:30,29049.0,,30,30,6,822.619751,2025-12-08 00:31:30
30,31,6,1078.4,2025-12-08 00:30:31,28048.0,,30,31,6,827.30542,2025-12-08 00:31:31
30,32,6,948.0,2025-12-08 00:30:32,27048.0,,30,32,6,831.776306,2025-12-08 00:31:32
30,33,6,957.5,2025-12-08 00:30:33,26047.0,,30,33,6,835.987793,2025-12-08 00:31:33
30,34,6,1032.8,2025-12-08 00:30:34,25045.0,,30,34,6,839.907898,2025-12-08 00:31:34
30,35,6,959.7,2025-12-08 00:30:35,24043.0,,30,35,6,843.510986,2025-12-08 00:31:35
30,36,6,1005.1,2025-12-08 00:30:36,23042.0,,30,36,6,846.776184,2025-12-08 00:31:36
30,37,6,1032.3,2025-12-08 00:30:37,22041.0,,30,37,6,849.692322,2025-12-08 00:31:37
30,38,6,1059.5,2025-12-08 00:30:38,21039.0,,30,38,6,852.252563,2025-12-08 00:31:38
30,39,6,1084.0,2025-12-08 00:30:39,20038.0,,30,39,6,854.455444,2025-12-08 00:31:39
30,40,6,1108.1,2025-12-08 00:30:40,19037.0,,30,40,6,856.304871,2025-12-08 00:31:40
30,41,6,1129.7,2025-12-08 00:30:41,18036.0,,30,41,6,857.809326,2025-12-08 00:31:41
30,42,6,1146.0,2025-12-08 00:30:42,17031.0,,30,42,6,858.981506,2025-12-08 00:31:42
30,43,6,1162.9,2025-12-08 00:30:43,16028.0,,30,43,6,859.837646,2025-12-08 00:31:43
30,44,6,1177.8,2025-12-08 00:30:44,15027.0,,30,44,6,860.397339,2025-12-08 00:31:44
30,45,6,1182.4,2025-12-08 00:30:45,14023.0,,30,45,6,860.683044,2025-12-08 00:31:45
30,46,6,1188.7,2025-12-08 00:30:46,13022.0,,30,46,6,860.71936,2025-12-08 00:31:46
30,47,6,1191.4,2025-12-08 00:30:47,12021.0,,30,47,6,860.532349,2025-12-08 00:31:47
30,48,6,1191.9,2025-12-08 00:30:48,11020.0,,30,48,6,860.149414,2025-12-08 00:31:48
30,49,6,1192.9,2025-12-08 00:30:49,10019.0,,30,49,6,859.598511,2025-12-08 00:31:49
30,50,6,1195.2,2025-12-08 00:30:50,9018.0,,30,50,6,858.907471,2025-12-08 00:31:50
30,51,6,1192.0,2025-12-08 00:30:51,8017.0,,30,51,6,858.103821,2025-12-08 00:31:51
30,52,6,1204.3,2025-12-08 00:30:52,7016.0,,30,52,6,857.213989,2025-12-08 00:31:52
30,53,6,1203.2,2025-12-08 00:30:53,6014.0,,30,53,6,856.263428,2025-12-08 00:31:53
30,54,6,1191.8,2025-12-08 00:30:54,5012.0,,30,54,6,855.275635,2025-12-08 00:31:54
30,55,6,1193.5,2025-12-08 00:30:55,4011.0,,30,55,6,854.272278,2025-12-08 00:31:55
30,56,6,1195.2,2025-12-08 00:30:56,3009.0,,30,56,6,853.272827,2025-12-08 00:31:56
30,57,6,1193.4,2025-12-08 00:30:57,2009.0,,30,57,6,852.294556,2025-12-08 00:31:57
30,58,6,1196.3,2025-12-08 00:30:58,1008.0,,30,58,6,851.352417,2025-12-08 00:31:58
30,59,6,1194.6,2025-12-08 00:30:59,7.0,,30,59,6,850.458801,2025-12-08 00:31:59
31,0,6,1200.1,2025-12-08 00:31:00,59375.0,,31,0,6,1190.028931,2025-12-08 00:32:00
31,1,6,1229.4,2025-12-08 00:31:01,58374.0,,31,1,6,1178.843506,2025-12-08 00:32:01
31,2,6,1197.0,2025-12-08 00:31:02,57373.0,,31,2,6,1163.886475,2025-12-08 00:32:02
31,3,6,1195.7,2025-12-08 00:31:03,56372.0,,31,3,6,1145.134888,2025-12-08 00:32:03
31,4,6,1197.2,2025-12-08 00:31:04,55371.0,,31,4,6,1122.734131,2025-12-08 00:32:04
31,5,6,1197.8,2025-12-08 00:31:05,54370.0,,31,5,6,1096.994873,2025-12-08 00:32:05
31,6,6,1202.3,2025-12-08 00:31:06,53369.0,,31,6,6,1068.427979,2025-12-08 00:32:06
31,7,6,1202.6,2025-12-08 00:31:07,52368.0,,31,7,6,1037.757202,2025-12-08 00:32:07
31,8,6,1208.0,2025-12-08 00:31:08,51367.0,,31,8,6,1005.891235,2025-12-08 00:32:08
31,9,6,1207.7,2025-12-08 00:31:09,50367.0,,31,9,6,973.853333,2025-12-08 00:32:09
31,10,6,1208.9,2025-12-08 00:31:10,49363.0,,31,10,6,942.680115,2025-12-08 00:32:10
31,11,6,1209.3,2025-12-08 00:31:11,48361.0,,31,11,6,913.309998,2025-12-08 00:32:11
31,12,6,1211.0,2025-12-08 00:31:12,47360.0,,31,12,6,886.494446,2025-12-08 00:32:12
31,13,6,1214.2,2025-12-08 00:31:13,46359.0,,31,13,6,862.74823,2025-12-08 00:32:13
31,14,6,1222.4,2025-12-08 00:31:14,45356.0,,31,14,6,842.344788,2025-12-08 00:32:14
31,15,6,1215.9,2025-12-08 00:31:15,44352.0,,31,15,6,825.345337,2025-12-08 00:32:15
31,16,6,1216.4,2025-12-08 00:31:16,43348.0,,31,16,6,811.647034,2025-12-08 00:32:16
31,17,6,1225.6,2025-12-08 00:31:17,42347.0,,31,17,6,801.033264,2025-12-08 00:32:17
31,18,6,1217.8,2025-12-08 00:31:18,41343.0,,31,18,6,793.219177,2025-12-08 00:32:18
31,19,6,1224.2,2025-12-08 00:31:19,40342.0,,31,19,6,787.886536,2025-12-08 00:32:19
31,20,6,1226.1,2025-12-08 00:31:20,39311.0,,31,20,6,784.710083,2025-12-08 00:32:20
31,21,6,1228.4,2025-12-08 00:31:21,38310.0,,31,21,6,783.37323,2025-12-08 00:32:21
31,22,6,1219.8,2025-12-08 00:31:22,37308.0,,31,22,6,783.578979,2025-12-08 00:32:22
31,23,6,1219.0,2025-12-08 00:31:23,36301.0,,31,23,6,785.055237,2025-12-08 00:32:23
31,24,6,1222.8,2025-12-08 00:31:24,35255.0,,31,24,6,787.557251,2025-12-08 00:32:24
31,25,6,1220.0,2025-12-08 00:31:25,34239.0,,31,25,6,790.86792,2025-12-08 00:32:25
31,26,6,1218.5,2025-12-08 00:31:26,33224.0,,31,26,6,794.795898,2025-12-08 00:32:26
31,27,6,1218.3,2025-12-08 00:31:27,32217.0,,31,27,6,799.174744,2025-12-08 00:32:27
31,28,6,1219.1,2025-12-08 00:31:28,31214.0,,31,28,6,803.860168,2025-12-08 00:32:28
31,29,6,1218.0,2025-12-08 00:31:29,30214.0,,31,29,6,808.727722,2025-12-08 00:32:29
31,30,6,1212.7,2025-12-08 00:31:30,29213.0,,31,30,6,813.670959,2025-12-08 00:32:30
31,31,6,1219.5,2025-12-08 00:31:31,28187.0,,31,31,6,818.598999,2025-12-08 00:32:31
31,32,6,1215.0,2025-12-08 00:31:32,27121.0,,31,32,6,823.434937,2025-12-08 00:32:32
31,33,6,1217.6,2025-12-08 00:31:33,26118.0,,31,33,6,828.113953,2025-12-08 00:32:33
31,34,6,1218.4,2025-12-08 00:31:34,25110.0,,31,34,6,832.582458,2025-12-08 00:32:34
31,35,6,1218.7,2025-12-08 00:31:35,24073.0,,31,35,6,836.796265,2025-12-08 00:32:35
31,36,6,1218.2,2025-12-08 00:31:36,23072.0,,31,36,6,840.720154,2025-12-08 00:32:36
31,37,6,1216.3,2025-12-08 00:31:37,22071.0,,31,37,6,844.326477,2025-12-08 00:32:37
31,38,6,1219.3,2025-12-08 00:31:38,21068.0,,31,38,6,847.595337,2025-12-08 00:32:38
31,39,6,1219.5,2025-12-08 00:31:39,20063.0,,31,39,6,850.513062,2025-12-08 00:32:39
31,40,6,1223.0,2025-12-08 00:31:40,19062.0,,31,40,6,853.072327,2025-12-08 00:32:40
31,41,6,1220.2,2025-12-08 00:31:41,18061.0,,31,41,6,855.271301,2025-12-08 00:32:41
31,42,6,1219.6,2025-12-08 00:31:42,17057.0,,31,42,6,857.113281,2025-12-08 00:32:42
31,43,6,1222.0,2025-12-08 00:31:43,16052.0,,31,43,6,858.606689,2025-12-08 00:32:43
31,44,6,1221.5,2025-12-08 00:31:44,15050.0,,31,44,6,859.763794,2025-12-08 00:32:44
31,45,6,1220.2,2025-12-08 00:31:45,14048.0,,31,45,6,860.601074,2025-12-08 00:32:45
31,46,6,1224.7,2025-12-08 00:31:46,13046.0,,31,46,6,861.138062,2025-12-08 00:32:46
31,47,6,1224.1,2025-12-08 00:31:47,12045.0,,31,47,6,861.3974,2025-12-08 00:32:47
31,48,6,1222.4,2025-12-08 00:31:48,11040.0,,31,48,6,861.40387,2025-12-08 00:32:48
31,49,6,1225.8,2025-12-08 00:31:49,10028.0,,31,49,6,861.18396,2025-12-08 00:32:49
31,50,6,1226.3,2025-12-08 00:31:50,9027.0,,31,50,6,860.765442,2025-12-08 00:32:50
31,51,6,1225.6,2025-12-08 00:31:51,8026.0,,31,51,6,860.176636,2025-12-08 00:32:51
31,52,6,1225.3,2025-12-08 00:31:52,7025.0,,31,52,6,859.446106,2025-12-08 00:32:52
31,53,6,1222.3,2025-12-08 00:31:53,6021.0,,31,53,6,858.601562,2025-12-08 00:32:53
31,54,6,1222.2,2025-12-08 00:31:54,5019.0,,31,54,6,857.67041,2025-12-08 00:32:54
31,55,6,1223.3,2025-12-08 00:31:55,4018.0,,31,55,6,856.678284,2025-12-08 00:32:55
31,56,6,1221.9,2025-12-08 00:31:56,3017.0,,31,56,6,855.649353,2025-12-08 00:32:56
31,57,6,1223.1,2025-12-08 00:31:57,2016.0,,31,57,6,854.605591,2025-12-08 00:32:57
31,58,6,1223.0,2025-12-08 00:31:58,1013.0,,31,58,6,853.567017,2025-12-08 00:32:58
31,59,6,1220.1,2025-12-08 00:31:59,12.0,,31,59,6,852.55127,2025-12-08 00:32:59
32,0,6,1224.3,2025-12-08 00:32:00,59086.0,,32,0,6,1177.754883,2025-12-08 00:33:00
32,1,6,1227.0,2025-12-08 00:32:01,58084.0,,32,1,6,1166.812622,2025-12-08 00:33:01
32,2,6,1225.4,2025-12-08 00:32:02,57083.0,,32,2,6,1152.229126,2025-12-08 00:33:02
32,3,6,1222.9,2025-12-08 00:32:03,56082.0,,32,3,6,1134.019043,2025-12-08 00:33:03
32,4,6,1223.4,2025-12-08 00:32:04,55081.0,,32,4,6,1112.361084,2025-12-08 00:33:04
32,5,6,1220.6,2025-12-08 00:32:05,54081.0,,32,5,6,1087.584595,2025-12-08 00:33:05
32,6,6,1219.8,2025-12-08 00:32:06,53079.0,,32,6,6,1060.200317,2025-12-08 00:33:06
32,7,6,1223.3,2025-12-08 00:32:07,52077.0,,32,7,6,1030.90625,2025-12-08 00:33:07
32,8,6,1217.1,2025-12-08 00:32:08,51075.0,,32,8,6,1000.557983,2025-12-08 00:33:08
32,9,6,1217.2,2025-12-08 00:32:09,50074.0,,32,9,6,970.105957,2025-12-08 00:33:09
32,10,6,1219.4,2025-12-08 00:32:10,49073.0,,32,10,6,940.500977,2025-12-08 00:33:10
32,11,6,1219.3,2025-12-08 00:32:11,48072.0,,32,11,6,912.600708,2025-12-08 00:33:11
32,12,6,1215.3,2025-12-08 00:32:12,47071.0,,32,12,6,887.092407,2025-12-08 00:33:12
32,13,6,1239.7,2025-12-08 00:32:13,46070.0,,32,13,6,864.450439,2025-12-08 00:33:13
32,14,6,1218.0,2025-12-08 00:32:14,45070.0,,32,14,6,844.931641,2025-12-08 00:33:14
32,15,6,1219.2,2025-12-08 00:32:15,44069.0,,32,15,6,828.601746,2025-12-08 00:33:15
32,16,6,1219.5,2025-12-08 00:32:16,43068.0,,32,16,6,815.37561,2025-12-08 00:33:16
32,17,6,1226.3,2025-12-08 00:32:17,42067.0,,32,17,6,805.061401,2025-12-08 00:33:17
32,18,6,1221.0,2025-12-08 00:32:18,41067.0,,32,18,6,797.401978,2025-12-08 00:33:18
32,19,6,1224.7,2025-12-08 00:32:19,40066.0,,32,19,6,792.106323,2025-12-08 00:33:19
32,20,6,1224.6,2025-12-08 00:32:20,39065.0,,32,20,6,788.873901,2025-12-08 00:33:20
32,21,6,1223.7,2025-12-08 00:32:21,38064.0,,32,21,6,787.409851,2025-12-08 00:33:21
32,22,6,1224.9,2025-12-08 00:32:22,37063.0,,32,22,6,787.435242,2025-12-08 00:33:22
32,23,6,1221.9,2025-12-08 00:32:23,36063.0,,32,23,6,788.69342,2025-12-08 00:33:23
32,24,6,1218.2,2025-12-08 00:32:24,35062.0,,32,24,6,790.951599,2025-12-08 00:33:24
32,25,6,1223.2,2025-12-08 00:32:25,34060.0,,32,25,6,794.002197,2025-12-08 00:33:25
32,26,6,1241.5,2025-12-08 00:32:26,33059.0,,32,26,6,797.661987,2025-12-08 00:33:26
32,27,6,1222.4,2025-12-08 00:32:27,32058.0,,32,27,6,801.770325,2025-12-08 00:33:27
32,28,6,1229.2,2025-12-08 00:32:28,31057.0,,32,28,6,806.187195,2025-12-08 00:33:28
32,29,6,1231.7,2025-12-08 00:32:29,30056.0,,32,29,6,810.792053,2025-12-08 00:33:29
32,30,6,1218.7,2025-12-08 00:32:30,29055.0,,32,30,6,815.481018,2025-12-08 00:33:30
32,31,6,1220.1,2025-12-08 00:32:31,28054.0,,32,31,6,820.165222,2025-12-08 00:33:31
32,32,6,1208.7,2025-12-08 00:32:32,27053.0,,32,32,6,824.769226,2025-12-08 00:33:32
32,33,6,1209.5,2025-12-08 00:32:33,26051.0,,32,33,6,829.229492,2025-12-08 00:33:33
32,34,6,1212.1,2025-12-08 00:32:34,25051.0,,32,34,6,833.493164,2025-12-08 00:33:34
32,35,6,1205.0,2025-12-08 00:32:35,24049.0,,32,35,6,837.516602,2025-12-08 00:33:35
32,36,6,1205.0,2025-12-08 00:32:36,23048.0,,32,36,6,841.264954,2025-12-08 00:33:36
32,37,6,1208.3,2025-12-08 00:32:37,22047.0,,32,37,6,844.710999,2025-12-08 00:33:37
32,38,6,1214.0,2025-12-08 00:32:38,21046.0,,32,38,6,847.834778,2025-12-08 00:33:38
32,39,6,1214.6,2025-12-08 00:32:39,20045.0,,32,39,6,850.622803,2025-12-08 00:33:39
32,40,6,1208.6,2025-12-08 00:32:40,19043.0,,32,40,6,853.067322,2025-12-08 00:33:40
32,41,6,1217.6,2025-12-08 00:32:41,18042.0,,32,41,6,855.166504,2025-12-08 00:33:41
32,42,6,1207.5,2025-12-08 00:32:42,17037.0,,32,42,6,856.923584,2025-12-08 00:33:42
32,43,6,1213.9,2025-12-08 00:32:43,16036.0,,32,43,6,858.346069,2025-12-08 00:33:43
32,44,6,1206.6,2025-12-08 00:32:44,15034.0,,32,44,6,859.446106,2025-12-08 00:33:44
32,45,6,1207.1,2025-12-08 00:32:45,14032.0,,32,45,6,860.239258,2025-12-08 00:33:45
32,46,6,1211.8,2025-12-08 00:32:46,13031.0,,32,46,6,860.744385,2025-12-08 00:33:46
32,47,6,1226.4,2025-12-08 00:32:47,12030.0,,32,47,6,860.983398,2025-12-08 00:33:47
32,48,6,1206.6,2025-12-08 00:32:48,11029.0,,32,48,6,860.980103,2025-12-08 00:33:48
32,49,6,1215.3,2025-12-08 00:32:49,10027.0,,32,49,6,860.759888,2025-12-08 00:33:49
32,50,6,1207.0,2025-12-08 00:32:50,9026.0,,32,50,6,860.349426,2025-12-08 00:33:50
32,51,6,1208.5,2025-12-08 00:32:51,8025.0,,32,51,6,859.776123,2025-12-08 00:33:51
32,52,6,1208.2,2025-12-08 00:32:52,7023.0,,32,52,6,859.0672,2025-12-08 00:33:52
32,53,6,1210.7,2025-12-08 00:32:53,6022.0,,32,53,6,858.249451,2025-12-08 00:33:53
32,54,6,1208.2,2025-12-08 00:32:54,5022.0,,32,54,6,857.349121,2025-12-08 00:33:54
32,55,6,1222.1,2025-12-08 00:32:55,4019.0,,32,55,6,856.390686,2025-12-08 00:33:55
32,56,6,1209.9,2025-12-08 00:32:56,3012.0,,32,56,6,855.397217,2025-12-08 00:33:56
32,57,6,1208.1,2025-12-08 00:32:57,2011.0,,32,57,6,854.390076,2025-12-08 00:33:57
32,58,6,1209.1,2025-12-08 00:32:58,1010.0,,32,58,6,853.388428,2025-12-08 00:33:58
32,59,6,1206.8,2025-12-08 00:32:59,9.0,,32,59,6,852.408875,2025-12-08 00:33:59
33,0,6,1210.4,2025-12-08 00:33:00,59191.0,,33,0,6,1330.26123,2025-12-08 00:34:00
33,1,6,1206.8,2025-12-08 00:33:01,58131.0,,33,1,6,1310.893677,2025-12-08 00:34:01
33,2,6,1209.1,2025-12-08 00:33:02,57130.0,,33,2,6,1286.221924,2025-12-08 00:34:02
33,3,6,1208.2,2025-12-08 00:33:03,56127.0,,33,3,6,1255.510742,2025-12-08 00:34:03
33,4,6,1272.5,2025-12-08 00:33:04,55126.0,,33,4,6,1218.383911,2025-12-08 00:34:04
33,5,6,1296.5,2025-12-08 00:33:05,54109.0,,33,5,6,1174.87439,2025-12-08 00:34:05
33,6,6,1299.8,2025-12-08 00:33:06,53108.0,,33,6,6,1125.721069,2025-12-08 00:34:06
33,7,6,1284.8,2025-12-08 00:33:07,52108.0,,33,7,6,1072.440308,2025-12-08 00:34:07
33,8,6,1283.1,2025-12-08 00:33:08,51107.0,,33,8,6,1017.276001,2025-12-08 00:34:08
33,9,6,1282.0,2025-12-08 00:33:09,50106.0,,33,9,6,962.882446,2025-12-08 00:34:09
33,10,6,1291.4,2025-12-08 00:33:10,49105.0,,33,10,6,911.86084,2025-12-08 00:34:10
33,11,6,1286.0,2025-12-08 00:33:11,48102.0,,33,11,6,866.265015,2025-12-08 00:34:11
33,12,6,1281.1,2025-12-08 00:33:12,47101.0,,33,12,6,827.337402,2025-12-08 00:34:12
33,13,6,1284.7,2025-12-08 00:33:13,46100.0,,33,13,6,795.493958,2025-12-08 00:34:13
33,14,6,1282.3,2025-12-08 00:33:14,45098.0,,33,14,6,770.522156,2025-12-08 00:34:14
33,15,6,1293.9,2025-12-08 00:33:15,44097.0,,33,15,6,751.832397,2025-12-08 00:34:15
33,16,6,1284.7,2025-12-08 00:33:16,43097.0,,33,16,6,738.655334,2025-12-08 00:34:16
33,17,6,1282.7,2025-12-08 00:33:17,42096.0,,33,17,6,730.18335,2025-12-08 00:34:17
33,18,6,1287.8,2025-12-08 00:33:18,41093.0,,33,18,6,725.638611,2025-12-08 00:34:18
33,19,6,1296.9,2025-12-08 00:33:19,40092.0,,33,19,6,724.313171,2025-12-08 00:34:19
33,20,6,1290.7,2025-12-08 00:33:20,39091.0,,33,20,6,725.582642,2025-12-08 00:34:20
33,21,6,1291.1,2025-12-08 00:33:21,38089.0,,33,21,6,728.906555,2025-12-08 00:34:21
33,22,6,1293.9,2025-12-08 00:33:22,37084.0,,33,22,6,733.824097,2025-12-08 00:34:22
33,23,6,1281.3,2025-12-08 00:33:23,36082.0,,33,23,6,739.946533,2025-12-08 00:34:23
33,24,6,1283.6,2025-12-08 00:33:24,35081.0,,33,24,6,746.947632,2025-12-08 00:34:24
33,25,6,1288.1,2025-12-08 00:33:25,34079.0,,33,25,6,754.557373,2025-12-08 00:34:25
33,26,6,1292.5,2025-12-08 00:33:26,33077.0,,33,26,6,762.551392,2025-12-08 00:34:26
33,27,6,1289.0,2025-12-08 00:33:27,32075.0,,33,27,6,770.744995,2025-12-08 00:34:27
33,28,6,1286.8,2025-12-08 00:33:28,31074.0,,33,28,6,778.985901,2025-12-08 00:34:28
33,29,6,1283.2,2025-12-08 00:33:29,30073.0,,33,29,6,787.149414,2025-12-08 00:34:29
33,30,6,1287.6,2025-12-08 00:33:30,29072.0,,33,30,6,795.133362,2025-12-08 00:34:30
33,31,6,1288.8,2025-12-08 00:33:31,28071.0,,33,31,6,802.854004,2025-12-08 00:34:31
33,32,6,1286.0,2025-12-08 00:33:32,27069.0,,33,32,6,810.243103,2025-12-08 00:34:32
33,33,6,1285.7,2025-12-08 00:33:33,26068.0,,33,33,6,817.245483,2025-12-08 00:34:33
33,34,6,1288.3,2025-12-08 00:33:34,25066.0,,33,34,6,823.817017,2025-12-08 00:34:34
33,35,6,1300.8,2025-12-08 00:33:35,24064.0,,33,35,6,829.923401,2025-12-08 00:34:35
33,36,6,1287.6,2025-12-08 00:33:36,23061.0,,33,36,6,835.538879,2025-12-08 00:34:36
33,37,6,1285.6,2025-12-08 00:33:37,22059.0,,33,37,6,840.644897,2025-12-08 00:34:37
33,38,6,1283.8,2025-12-08 00:33:38,21058.0,,33,38,6,845.230408,2025-12-08 00:34:38
33,39,6,1288.5,2025-12-08 00:33:39,20057.0,,33,39,6,849.29071,2025-12-08 00:34:39
33,40,6,1285.7,2025-12-08 00:33:40,19056.0,,33,40,6,852.827087,2025-12-08 00:34:40
33,41,6,1287.5,2025-12-08 00:33:41,18053.0,,33,41,6,855.846436,2025-12-08 00:34:41
33,42,6,1287.8,2025-12-08 00:33:42,17050.0,,33,42,6,858.361023,2025-12-08 00:34:42
33,43,6,1286.0,2025-12-08 00:33:43,16049.0,,33,43,6,860.388428,2025-12-08 00:34:43
33,44,6,1354.2,2025-12-08 00:33:44,15048.0,,33,44,6,861.950623,2025-12-08 00:34:44
33,45,6,1361.3,2025-12-08 00:33:45,14047.0,,33,45,6,863.074951,2025-12-08 00:34:45
33,46,6,1363.5,2025-12-08 00:33:46,13040.0,,33,46,6,863.790833,2025-12-08 00:34:46
33,47,6,1365.3,2025-12-08 00:33:47,12039.0,,33,47,6,864.131348,2025-12-08 00:34:47
33,48,6,1363.3,2025-12-08 00:33:48,11038.0,,33,48,6,864.132629,2025-12-08 00:34:48
33,49,6,1365.8,2025-12-08 00:33:49,10036.0,,33,49,6,863.832397,2025-12-08 00:34:49
33,50,6,1363.0,2025-12-08 00:33:50,9035.0,,33,50,6,863.270081,2025-12-08 00:34:50
33,51,6,1364.9,2025-12-08 00:33:51,8029.0,,33,51,6,862.485168,2025-12-08 00:34:51
33,52,6,1371.4,2025-12-08 00:33:52,7025.0,,33,52,6,861.517029,2025-12-08 00:34:52
33,53,6,1364.6,2025-12-08 00:33:53,6023.0,,33,53,6,860.404175,2025-12-08 00:34:53
33,54,6,1365.6,2025-12-08 00:33:54,5020.0,,33,54,6,859.183594,2025-12-08 00:34:54
33,55,6,1373.5,2025-12-08 00:33:55,4018.0,,33,55,6,857.89032,2025-12-08 00:34:55
33,56,6,1375.1,2025-12-08 00:33:56,3016.0,,33,56,6,856.55658,2025-12-08 00:34:56
33,57,6,1367.1,2025-12-08 00:33:57,2014.0,,33,57,6,855.211792,2025-12-08 00:34:57
33,58,6,1368.8,2025-12-08 00:33:58,1011.0,,33,58,6,853.882324,2025-12-08 00:34:58
33,59,6,1370.4,2025-12-08 00:33:59,10.0,,33,59,6,852.591187,2025-12-08 00:34:59
34,0,6,1376.1,2025-12-08 00:34:00,59542.0,,34,0,6,1462.517212,2025-12-08 00:35:00
34,1,6,1370.9,2025-12-08 00:34:01,58541.0,,34,1,6,1455.469849,2025-12-08 00:35:01
34,2,6,1365.1,2025-12-08 00:34:02,57540.0,,34,2,6,1446.169067,2025-12-08 00:35:02
34,3,6,1368.5,2025-12-08 00:34:03,56539.0,,34,3,6,1433.918701,2025-12-08 00:35:03
34,4,6,1368.2,2025-12-08 00:34:04,55536.0,,34,4,6,1417.876709,2025-12-08 00:35:04
34,5,6,1376.4,2025-12-08 00:34:05,54534.0,,34,5,6,1397.106812,2025-12-08 00:35:05
34,6,6,1371.0,2025-12-08 00:34:06,53533.0,,34,6,6,1370.529663,2025-12-08 00:35:06
34,7,6,1373.5,2025-12-08 00:34:07,52529.0,,34,7,6,1337.11853,2025-12-08 00:35:07
34,8,6,1370.3,2025-12-08 00:34:08,51528.0,,34,8,6,1295.916626,2025-12-08 00:35:08
34,9,6,1367.6,2025-12-08 00:34:09,50527.0,,34,9,6,1246.403931,2025-12-08 00:35:09
34,10,6,1369.0,2025-12-08 00:34:10,49523.0,,34,10,6,1188.788574,2025-12-08 00:35:10
34,11,6,1376.7,2025-12-08 00:34:11,48511.0,,34,11,6,1124.379761,2025-12-08 00:35:11
34,12,6,1370.3,2025-12-08 00:34:12,47509.0,,34,12,6,1055.78479,2025-12-08 00:35:12
34,13,6,1376.4,2025-12-08 00:34:13,46507.0,,34,13,6,986.750244,2025-12-08 00:35:13
34,14,6,1372.5,2025-12-08 00:34:14,45506.0,,34,14,6,921.28949,2025-12-08 00:35:14
34,15,6,1370.2,2025-12-08 00:34:15,44502.0,,34,15,6,862.830444,2025-12-08 00:35:15
34,16,6,1368.4,2025-12-08 00:34:16,43501.0,,34,16,6,813.435303,2025-12-08 00:35:16
34,17,6,1369.1,2025-12-08 00:34:17,42499.0,,34,17,6,773.738525,2025-12-08 00:35:17
34,18,6,1368.3,2025-12-08 00:34:18,41496.0,,34,18,6,743.314941,2025-12-08 00:35:18
34,19,6,1377.1,2025-12-08 00:34:19,40494.0,,34,19,6,721.172241,2025-12-08 00:35:19
34,20,6,1375.7,2025-12-08 00:34:20,39487.0,,34,20,6,706.107117,2025-12-08 00:35:20
34,21,6,1377.2,2025-12-08 00:34:21,38485.0,,34,21,6,696.93335,2025-12-08 00:35:21
34,22,6,1372.6,2025-12-08 00:34:22,37484.0,,34,22,6,692.556641,2025-12-08 00:35:22
34,23,6,1380.5,2025-12-08 00:34:23,36482.0,,34,23,6,692.019592,2025-12-08 00:35:23
34,24,6,1453.6,2025-12-08 00:34:24,35479.0,,34,24,6,694.50354,2025-12-08 00:35:24
34,25,6,1465.0,2025-12-08 00:34:25,34473.0,,34,25,6,699.327209,2025-12-08 00:35:25
34,26,6,1460.2,2025-12-08 00:34:26,33471.0,,34,26,6,705.915588,2025-12-08 00:35:26
34,27,6,1459.3,2025-12-08 00:34:27,32469.0,,34,27,6,713.795776,2025-12-08 00:35:27
34,28,6,1460.7,2025-12-08 00:34:28,31468.0,,34,28,6,722.583618,2025-12-08 00:35:28
34,29,6,1462.5,2025-12-08 00:34:29,30467.0,,34,29,6,731.967468,2025-12-08 00:35:29
34,30,6,1469.9,2025-12-08 00:34:30,29453.0,,34,30,6,741.695618,2025-12-08 00:35:30
34,31,6,1476.9,2025-12-08 00:34:31,28451.0,,34,31,6,751.566284,2025-12-08 00:35:31
34,32,6,1475.9,2025-12-08 00:34:32,27425.0,,34,32,6,761.416992,2025-12-08 00:35:32
34,33,6,1472.3,2025-12-08 00:34:33,26423.0,,34,33,6,771.117737,2025-12-08 00:35:33
34,34,6,1465.4,2025-12-08 00:34:34,25420.0,,34,34,6,780.564331,2025-12-08 00:35:34
34,35,6,1468.3,2025-12-08 00:34:35,24418.0,,34,35,6,789.673157,2025-12-08 00:35:35
34,36,6,1465.5,2025-12-08 00:34:36,23415.0,,34,36,6,798.37677,2025-12-08 00:35:36
34,37,6,1466.6,2025-12-08 00:34:37,22407.0,,34,37,6,806.621521,2025-12-08 00:35:37
34,38,6,1472.5,2025-12-08 00:34:38,21365.0,,34,38,6,814.364868,2025-12-08 00:35:38
34,39,6,1468.4,2025-12-08 00:34:39,20359.0,,34,39,6,821.573853,2025-12-08 00:35:39
34,40,6,1469.7,2025-12-08 00:34:40,19293.0,,34,40,6,828.224121,2025-12-08 00:35:40
34,41,6,1468.7,2025-12-08 00:34:41,18290.0,,34,41,6,834.298767,2025-12-08 00:35:41
34,42,6,1470.7,2025-12-08 00:34:42,17255.0,,34,42,6,839.787659,2025-12-08 00:35:42
34,43,6,1469.2,2025-12-08 00:34:43,16253.0,,34,43,6,844.68689,2025-12-08 00:35:43
34,44,6,1478.0,2025-12-08 00:34:44,15251.0,,34,44,6,848.998596,2025-12-08 00:35:44
34,45,6,1468.0,2025-12-08 00:34:45,14247.0,,34,45,6,852.730469,2025-12-08 00:35:45
34,46,6,1470.1,2025-12-08 00:34:46,13236.0,,34,46,6,855.894836,2025-12-08 00:35:46
34,47,6,1474.8,2025-12-08 00:34:47,12225.0,,34,47,6,858.509644,2025-12-08 00:35:47
34,48,6,1471.9,2025-12-08 00:34:48,11224.0,,34,48,6,860.597656,2025-12-08 00:35:48
34,49,6,1473.2,2025-12-08 00:34:49,10056.0,,34,49,6,862.185913,2025-12-08 00:35:49
34,50,6,1475.1,2025-12-08 00:34:50,9052.0,,34,50,6,863.305786,2025-12-08 00:35:50
34,51,6,1472.1,2025-12-08 00:34:51,8049.0,,34,51,6,863.992188,2025-12-08 00:35:51
34,52,6,1470.0,2025-12-08 00:34:52,7044.0,,34,52,6,864.283325,2025-12-08 00:35:52
34,53,6,1474.9,2025-12-08 00:34:53,6036.0,,34,53,6,864.219543,2025-12-08 00:35:53
34,54,6,1475.3,2025-12-08 00:34:54,5035.0,,34,54,6,863.843201,2025-12-08 00:35:54
34,55,6,1475.1,2025-12-08 00:34:55,4034.0,,34,55,6,863.197266,2025-12-08 00:35:55
34,56,6,1479.8,2025-12-08 00:34:56,3032.0,,34,56,6,862.325134,2025-12-08 00:35:56
34,57,6,1473.4,2025-12-08 00:34:57,2025.0,,34,57,6,861.269165,2025-12-08 00:35:57
34,58,6,1474.0,2025-12-08 00:34:58,1024.0,,34,58,6,860.070862,2025-12-08 00:35:58
34,59,6,1473.7,2025-12-08 00:34:59,16.0,,34,59,6,858.769348,2025-12-08 00:35:59
35,0,6,1475.0,2025-12-08 00:35:00,59123.0,,35,0,6,1482.723511,2025-12-08 00:36:00
35,1,6,1475.8,2025-12-08 00:35:01,58116.0,,35,1,6,1482.18689,2025-12-08 00:36:01
35,2,6,1473.3,2025-12-08 00:35:02,57114.0,,35,2,6,1480.841431,2025-12-08 00:36:02
35,3,6,1477.9,2025-12-08 00:35:03,56111.0,,35,3,6,1478.521362,2025-12-08 00:36:03
35,4,6,1474.4,2025-12-08 00:35:04,55096.0,,35,4,6,1474.956055,2025-12-08 00:36:04
35,5,6,1475.7,2025-12-08 00:35:05,54094.0,,35,5,6,1469.85022,2025-12-08 00:36:05
35,6,6,1478.5,2025-12-08 00:35:06,53093.0,,35,6,6,1462.757812,2025-12-08 00:36:06
35,7,6,1476.3,2025-12-08 00:35:07,52090.0,,35,7,6,1453.118164,2025-12-08 00:36:07
35,8,6,1472.6,2025-12-08 00:35:08,51088.0,,35,8,6,1440.255615,2025-12-08 00:36:08
35,9,6,1473.9,2025-12-08 00:35:09,50087.0,,35,9,6,1423.327881,2025-12-08 00:36:09
35,10,6,1477.4,2025-12-08 00:35:10,49085.0,,35,10,6,1401.308838,2025-12-08 00:36:10
35,11,6,1478.3,2025-12-08 00:35:11,48080.0,,35,11,6,1373.057617,2025-12-08 00:36:11
35,12,6,1474.8,2025-12-08 00:35:12,47078.0,,35,12,6,1337.429077,2025-12-08 00:36:12
35,13,6,1478.3,2025-12-08 00:35:13,46076.0,,35,13,6,1293.45813,2025-12-08 00:36:13
35,14,6,1481.5,2025-12-08 00:35:14,45074.0,,35,14,6,1240.619629,2025-12-08 00:36:14
35,15,6,1474.8,2025-12-08 00:35:15,44070.0,,35,15,6,1179.310913,2025-12-08 00:36:15
35,16,6,1474.1,2025-12-08 00:35:16,43069.0,,35,16,6,1111.262695,2025-12-08 00:36:16
35,17,6,1476.0,2025-12-08 00:35:17,42068.0,,35,17,6,1039.590576,2025-12-08 00:36:17
35,18,6,1475.3,2025-12-08 00:35:18,41066.0,,35,18,6,968.463623,2025-12-08 00:36:18
35,19,6,1484.5,2025-12-08 00:35:19,40063.0,,35,19,6,902.168823,2025-12-08 00:36:19
35,20,6,1482.6,2025-12-08 00:35:20,39062.0,,35,20,6,844.005493,2025-12-08 00:36:20
35,21,6,1478.7,2025-12-08 00:35:21,38061.0,,35,21,6,795.750854,2025-12-08 00:36:21
35,22,6,1479.2,2025-12-08 00:35:22,37060.0,,35,22,6,757.678894,2025-12-08 00:36:22
35,23,6,1479.8,2025-12-08 00:35:23,36059.0,,35,23,6,729.069641,2025-12-08 00:36:23
35,24,6,1484.5,2025-12-08 00:35:24,35057.0,,35,24,6,708.742554,2025-12-08 00:36:24
35,25,6,1475.8,2025-12-08 00:35:25,34054.0,,35,25,6,695.396057,2025-12-08 00:36:25
35,26,6,1478.0,2025-12-08 00:35:26,33052.0,,35,26,6,687.795593,2025-12-08 00:36:26
35,27,6,1475.7,2025-12-08 00:35:27,32051.0,,35,27,6,684.828064,2025-12-08 00:36:27
35,28,6,1479.3,2025-12-08 00:35:28,31049.0,,35,28,6,685.536682,2025-12-08 00:36:28
35,29,6,1477.0,2025-12-08 00:35:29,30048.0,,35,29,6,689.110474,2025-12-08 00:36:29
35,30,6,1474.0,2025-12-08 00:35:30,29048.0,,35,30,6,694.872192,2025-12-08 00:36:30
35,31,6,1477.3,2025-12-08 00:35:31,28047.0,,35,31,6,702.262695,2025-12-08 00:36:31
35,32,6,1479.5,2025-12-08 00:35:32,27046.0,,35,32,6,710.825439,2025-12-08 00:36:32
35,33,6,1496.1,2025-12-08 00:35:33,26045.0,,35,33,6,720.189575,2025-12-08 00:36:33
35,34,6,1476.6,2025-12-08 00:35:34,25041.0,,35,34,6,730.057434,2025-12-08 00:36:34
35,35,6,1478.3,2025-12-08 00:35:35,24039.0,,35,35,6,740.187195,2025-12-08 00:36:35
35,36,6,1476.8,2025-12-08 00:35:36,23038.0,,35,36,6,750.390076,2025-12-08 00:36:36
35,37,6,1477.9,2025-12-08 00:35:37,22038.0,,35,37,6,760.513977,2025-12-08 00:36:37
35,38,6,1480.7,2025-12-08 00:35:38,21037.0,,35,38,6,770.437439,2025-12-08 00:36:38
35,39,6,1479.3,2025-12-08 00:35:39,20036.0,,35,39,6,780.063477,2025-12-08 00:36:39
35,40,6,1479.2,2025-12-08 00:35:40,19034.0,,35,40,6,789.314636,2025-12-08 00:36:40
35,41,6,1480.9,2025-12-08 00:35:41,18033.0,,35,41,6,798.128723,2025-12-08 00:36:41
35,42,6,1480.4,2025-12-08 00:35:42,17032.0,,35,42,6,806.456604,2025-12-08 00:36:42
35,43,6,1481.2,2025-12-08 00:35:43,16031.0,,35,43,6,814.259766,2025-12-08 00:36:43
35,44,6,1480.9,2025-12-08 00:35:44,15030.0,,35,44,6,821.508545,2025-12-08 00:36:44
35,45,6,1475.6,2025-12-08 00:35:45,14029.0,,35,45,6,828.181702,2025-12-08 00:36:45
35,46,6,1480.0,2025-12-08 00:35:46,13028.0,,35,46,6,834.264709,2025-12-08 00:36:46
35,47,6,1479.4,2025-12-08 00:35:47,12026.0,,35,47,6,839.750183,2025-12-08 00:36:47
35,48,6,1478.6,2025-12-08 00:35:48,11025.0,,35,48,6,844.636292,2025-12-08 00:36:48
35,49,6,1481.8,2025-12-08 00:35:49,10024.0,,35,49,6,848.926941,2025-12-08 00:36:49
35,50,6,1479.9,2025-12-08 00:35:50,9022.0,,35,50,6,852.63147,2025-12-08 00:36:50
35,51,6,1479.3,2025-12-08 00:35:51,8021.0,,35,51,6,855.764221,2025-12-08 00:36:51
35,52,6,1481.6,2025-12-08 00:35:52,7020.0,,35,52,6,858.344543,2025-12-08 00:36:52
35,53,6,1482.5,2025-12-08 00:35:53,6019.0,,35,53,6,860.396667,2025-12-08 00:36:53
35,54,6,1482.6,2025-12-08 00:35:54,5016.0,,35,54,6,861.948792,2025-12-08 00:36:54
35,55,6,1482.3,2025-12-08 00:35:55,4014.0,,35,55,6,863.033569,2025-12-08 00:36:55
35,56,6,1482.1,2025-12-08 00:35:56,3012.0,,35,56,6,863.687073,2025-12-08 00:36:56
35,57,6,1488.5,2025-12-08 00:35:57,2011.0,,35,57,6,863.948242,2025-12-08 00:36:57
35,58,6,1483.3,2025-12-08 00:35:58,1010.0,,35,58,6,863.858337,2025-12-08 00:36:58
35,59,6,1482.9,2025-12-08 00:35:59,9.0,,35,59,6,863.459961,2025-12-08 00:36:59
36,0,6,1492.2,2025-12-08 00:36:00,59104.0,,36,0,6,1483.426392,2025-12-08 00:37:00
36,1,6,1484.7,2025-12-08 00:36:01,58100.0,,36,1,6,1483.25708,2025-12-08 00:37:01
36,2,6,1485.8,2025-12-08 00:36:02,57099.0,,36,2,6,1482.322388,2025-12-08 00:37:02
36,3,6,1480.8,2025-12-08 00:36:03,56098.0,,36,3,6,1480.4021,2025-12-08 00:37:03
36,4,6,1483.6,2025-12-08 00:36:04,55096.0,,36,4,6,1477.30127,2025-12-08 00:37:04
36,5,6,1484.8,2025-12-08 00:36:05,54095.0,,36,5,6,1472.692261,2025-12-08 00:37:05
36,6,6,1476.7,2025-12-08 00:36:06,53094.0,,36,6,6,1466.183228,2025-12-08 00:37:06
36,7,6,1479.4,2025-12-08 00:36:07,52090.0,,36,7,6,1457.304565,2025-12-08 00:37:07
36,8,6,1482.5,2025-12-08 00:36:08,51088.0,,36,8,6,1445.365845,2025-12-08 00:37:08
36,9,6,1485.2,2025-12-08 00:36:09,50087.0,,36,9,6,1429.552734,2025-12-08 00:37:09
36,10,6,1482.8,2025-12-08 00:36:10,49086.0,,36,10,6,1408.892944,2025-12-08 00:37:10
36,11,6,1480.9,2025-12-08 00:36:11,48084.0,,36,11,6,1382.297852,2025-12-08 00:37:11
36,12,6,1480.5,2025-12-08 00:36:12,47082.0,,36,12,6,1348.600464,2025-12-08 00:37:12
36,13,6,1482.5,2025-12-08 00:36:13,46081.0,,36,13,6,1306.734985,2025-12-08 00:37:13
36,14,6,1479.6,2025-12-08 00:36:14,45080.0,,36,14,6,1256.019775,2025-12-08 00:37:14
36,15,6,1477.8,2025-12-08 00:36:15,44079.0,,36,15,6,1196.5896,2025-12-08 00:37:15
36,16,6,1482.3,2025-12-08 00:36:16,43075.0,,36,16,6,1129.775146,2025-12-08 00:37:16
36,17,6,1482.9,2025-12-08 00:36:17,42073.0,,36,17,6,1058.348145,2025-12-08 00:37:17
36,18,6,1498.4,2025-12-08 00:36:18,41072.0,,36,18,6,986.33252,2025-12-08 00:37:18
36,19,6,1485.6,2025-12-08 00:36:19,40071.0,,36,19,6,918.095032,2025-12-08 00:37:19
36,20,6,1483.8,2025-12-08 00:36:20,39070.0,,36,20,6,857.38501,2025-12-08 00:37:20
36,21,6,1487.2,2025-12-08 00:36:21,38069.0,,36,21,6,806.361633,2025-12-08 00:37:21
36,22,6,1481.7,2025-12-08 00:36:22,37068.0,,36,22,6,765.622437,2025-12-08 00:37:22
36,23,6,1479.8,2025-12-08 00:36:23,36067.0,,36,23,6,734.649658,2025-12-08 00:37:23
36,24,6,1481.2,2025-12-08 00:36:24,35066.0,,36,24,6,712.320801,2025-12-08 00:37:24
36,25,6,1482.5,2025-12-08 00:36:25,34065.0,,36,25,6,697.329468,2025-12-08 00:37:25
36,26,6,1481.9,2025-12-08 00:36:26,33064.0,,36,26,6,688.402771,2025-12-08 00:37:26
36,27,6,1478.7,2025-12-08 00:36:27,32063.0,,36,27,6,684.390198,2025-12-08 00:37:27
36,28,6,1484.4,2025-12-08 00:36:28,31062.0,,36,28,6,684.29126,2025-12-08 00:37:28
36,29,6,1480.0,2025-12-08 00:36:29,30061.0,,36,29,6,687.255005,2025-12-08 00:37:29
36,30,6,1482.3,2025-12-08 00:36:30,29060.0,,36,30,6,692.568787,2025-12-08 00:37:30
36,31,6,1479.3,2025-12-08 00:36:31,28059.0,,36,31,6,699.643738,2025-12-08 00:37:31
36,32,6,1480.4,2025-12-08 00:36:32,27057.0,,36,32,6,707.99585,2025-12-08 00:37:32
36,33,6,1483.4,2025-12-08 00:36:33,26056.0,,36,33,6,717.233582,2025-12-08 00:37:33
36,34,6,1484.9,2025-12-08 00:36:34,25055.0,,36,34,6,727.040833,2025-12-08 00:37:34
36,35,6,1481.1,2025-12-08 00:36:35,24055.0,,36,35,6,737.164307,2025-12-08 00:37:35
36,36,6,1485.8,2025-12-08 00:36:36,23053.0,,36,36,6,747.401978,2025-12-08 00:37:36
36,37,6,1483.4,2025-12-08 00:36:37,22051.0,,36,37,6,757.593262,2025-12-08 00:37:37
36,38,6,1481.8,2025-12-08 00:36:38,21051.0,,36,38,6,767.609741,2025-12-08 00:37:38
36,39,6,1483.1,2025-12-08 00:36:39,20048.0,,36,39,6,777.349182,2025-12-08 00:37:39
36,40,6,1484.7,2025-12-08 00:36:40,19042.0,,36,40,6,786.729492,2025-12-08 00:37:40
36,41,6,1483.7,2025-12-08 00:36:41,18042.0,,36,41,6,795.685364,2025-12-08 00:37:41
36,42,6,1483.9,2025-12-08 00:36:42,17041.0,,36,42,6,804.16449,2025-12-08 00:37:42
36,43,6,1486.9,2025-12-08 00:36:43,16039.0,,36,43,6,812.125977,2025-12-08 00:37:43
36,44,6,1486.6,2025-12-08 00:36:44,15037.0,,36,44,6,819.53833,2025-12-08 00:37:44
36,45,6,1485.5,2025-12-08 00:36:45,14031.0,,36,45,6,826.378296,2025-12-08 00:37:45
36,46,6,1486.2,2025-12-08 00:36:46,13027.0,,36,46,6,832.629883,2025-12-08 00:37:46
36,47,6,1486.3,2025-12-08 00:36:47,12026.0,,36,47,6,838.283936,2025-12-08 00:37:47
36,48,6,1480.1,2025-12-08 00:36:48,11024.0,,36,48,6,843.337219,2025-12-08 00:37:48
36,49,6,1482.1,2025-12-08 00:36:49,10020.0,,36,49,6,847.792358,2025-12-08 00:37:49
36,50,6,1481.8,2025-12-08 00:36:50,9019.0,,36,50,6,851.657349,2025-12-08 00:37:50
36,51,6,1484.1,2025-12-08 00:36:51,8018.0,,36,51,6,854.945374,2025-12-08 00:37:51
36,52,6,1487.5,2025-12-08 00:36:52,7016.0,,36,52,6,857.674805,2025-12-08 00:37:52
36,53,6,1481.9,2025-12-08 00:36:53,6015.0,,36,53,6,859.868347,2025-12-08 00:37:53
36,54,6,1498.2,2025-12-08 00:36:54,5014.0,,36,54,6,861.553406,2025-12-08 00:37:54
36,55,6,1481.1,2025-12-08 00:36:55,4013.0,,36,55,6,862.761658,2025-12-08 00:37:55
36,56,6,1479.3,2025-12-08 00:36:56,3012.0,,36,56,6,863.528076,2025-12-08 00:37:56
36,57,6,1483.9,2025-12-08 00:36:57,2011.0,,36,57,6,863.891235,2025-12-08 00:37:57
36,58,6,1490.2,2025-12-08 00:36:58,1010.0,,36,58,6,863.891724,2025-12-08 00:37:58
36,59,6,1490.6,2025-12-08 00:36:59,8.0,,36,59,6,863.572266,2025-12-08 00:37:59
37,0,6,1486.8,2025-12-08 00:37:00,59545.0,,37,0,6,1702.207642,2025-12-08 00:38:00
37,1,6,1491.7,2025-12-08 00:37:01,58544.0,,37,1,6,1691.066162,2025-12-08 00:38:01
37,2,6,1490.9,2025-12-08 00:37:02,57543.0,,37,2,6,1682.427246,2025-12-08 00:38:02
37,3,6,1488.4,2025-12-08 00:37:03,56541.0,,37,3,6,1677.012451,2025-12-08 00:38:03
37,4,6,1486.1,2025-12-08 00:37:04,55540.0,,37,4,6,1674.776733,2025-12-08 00:38:04
37,5,6,1487.3,2025-12-08 00:37:05,54539.0,,37,5,6,1675.717163,2025-12-08 00:38:05
37,6,6,1486.0,2025-12-08 00:37:06,53538.0,,37,6,6,1680.042358,2025-12-08 00:38:06
37,7,6,1487.6,2025-12-08 00:37:07,52535.0,,37,7,6,1688.339355,2025-12-08 00:38:07
37,8,6,1482.1,2025-12-08 00:37:08,51534.0,,37,8,6,1701.632812,2025-12-08 00:38:08
37,9,6,1479.9,2025-12-08 00:37:09,50532.0,,37,9,6,1721.641113,2025-12-08 00:38:09
37,10,6,1484.0,2025-12-08 00:37:10,49528.0,,37,10,6,1750.856934,2025-12-08 00:38:10
37,11,6,1485.8,2025-12-08 00:37:11,48525.0,,37,11,6,1792.852661,2025-12-08 00:38:11
37,12,6,1484.8,2025-12-08 00:37:12,47524.0,,37,12,6,1852.72644,2025-12-08 00:38:12
37,13,6,1487.6,2025-12-08 00:37:13,46522.0,,37,13,6,1937.398438,2025-12-08 00:38:13
37,14,6,1486.1,2025-12-08 00:37:14,45519.0,,37,14,6,2055.479736,2025-12-08 00:38:14
37,15,6,1483.4,2025-12-08 00:37:15,44517.0,,37,15,6,2215.906006,2025-12-08 00:38:15
37,16,6,1483.5,2025-12-08 00:37:16,43516.0,,37,16,6,2423.639893,2025-12-08 00:38:16
37,17,6,1484.8,2025-12-08 00:37:17,42513.0,,37,17,6,2673.33252,2025-12-08 00:38:17
37,18,6,1486.8,2025-12-08 00:37:18,41507.0,,37,18,6,2946.870117,2025-12-08 00:38:18
37,19,6,1492.2,2025-12-08 00:37:19,40506.0,,37,19,6,3220.104492,2025-12-08 00:38:19
37,20,6,1489.3,2025-12-08 00:37:20,39504.0,,37,20,6,3473.278809,2025-12-08 00:38:20
37,21,6,1486.6,2025-12-08 00:37:21,38502.0,,37,21,6,3695.952148,2025-12-08 00:38:21
37,22,6,1485.7,2025-12-08 00:37:22,37499.0,,37,22,6,3885.398438,2025-12-08 00:38:22
37,23,6,1483.8,2025-12-08 00:37:23,36496.0,,37,23,6,4043.313232,2025-12-08 00:38:23
37,24,6,1484.2,2025-12-08 00:37:24,35495.0,,37,24,6,4173.301758,2025-12-08 00:38:24
37,25,6,1499.2,2025-12-08 00:37:25,34493.0,,37,25,6,4279.479004,2025-12-08 00:38:25
37,26,6,1483.4,2025-12-08 00:37:26,33492.0,,37,26,6,4365.835449,2025-12-08 00:38:26
37,27,6,1482.6,2025-12-08 00:37:27,32490.0,,37,27,6,4435.933105,2025-12-08 00:38:27
37,28,6,1486.5,2025-12-08 00:37:28,31489.0,,37,28,6,4492.850586,2025-12-08 00:38:28
37,29,6,1485.7,2025-12-08 00:37:29,30487.0,,37,29,6,4539.165527,2025-12-08 00:38:29
37,30,6,1483.7,2025-12-08 00:37:30,29486.0,,37,30,6,4576.974121,2025-12-08 00:38:30
37,31,6,1485.9,2025-12-08 00:37:31,28481.0,,37,31,6,4607.96582,2025-12-08 00:38:31
37,32,6,1483.8,2025-12-08 00:37:32,27479.0,,37,32,6,4633.490723,2025-12-08 00:38:32
37,33,6,1494.1,2025-12-08 00:37:33,26478.0,,37,33,6,4654.607422,2025-12-08 00:38:33
37,34,6,1487.2,2025-12-08 00:37:34,25475.0,,37,34,6,4672.162109,2025-12-08 00:38:34
37,35,6,1487.9,2025-12-08 00:37:35,24474.0,,37,35,6,4686.804199,2025-12-08 00:38:35
37,36,6,1483.8,2025-12-08 00:37:36,23473.0,,37,36,6,4699.063477,2025-12-08 00:38:36
37,37,6,1486.8,2025-12-08 00:37:37,22472.0,,37,37,6,4709.35791,2025-12-08 00:38:37
37,38,6,1487.2,2025-12-08 00:37:38,21471.0,,37,38,6,4718.033691,2025-12-08 00:38:38
37,39,6,1487.6,2025-12-08 00:37:39,20470.0,,37,39,6,4725.378906,2025-12-08 00:38:39
37,40,6,1492.2,2025-12-08 00:37:40,19318.0,,37,40,6,4731.639648,2025-12-08 00:38:40
37,41,6,1493.3,2025-12-08 00:37:41,18298.0,,37,41,6,4737.022949,2025-12-08 00:38:41
37,42,6,1483.5,2025-12-08 00:37:42,17295.0,,37,42,6,4741.697754,2025-12-08 00:38:42
37,43,6,1487.0,2025-12-08 00:37:43,16294.0,,37,43,6,4745.794434,2025-12-08 00:38:43
37,44,6,1486.0,2025-12-08 00:37:44,15281.0,,37,44,6,4749.409668,2025-12-08 00:38:44
37,45,6,1488.5,2025-12-08 00:37:45,14233.0,,37,45,6,4752.618164,2025-12-08 00:38:45
37,46,6,1489.7,2025-12-08 00:37:46,13232.0,,37,46,6,4755.477051,2025-12-08 00:38:46
37,47,6,1492.7,2025-12-08 00:37:47,12230.0,,37,47,6,4758.03125,2025-12-08 00:38:47
37,48,6,1586.7,2025-12-08 00:37:48,11228.0,,37,48,6,4760.317383,2025-12-08 00:38:48
37,49,6,1614.2,2025-12-08 00:37:49,10143.0,,37,49,6,4762.375977,2025-12-08 00:38:49
37,50,6,1615.0,2025-12-08 00:37:50,9119.0,,37,50,6,4764.225098,2025-12-08 00:38:50
37,51,6,1621.0,2025-12-08 00:37:51,8115.0,,37,51,6,4765.882324,2025-12-08 00:38:51
37,52,6,1621.8,2025-12-08 00:37:52,7114.0,,37,52,6,4767.358398,2025-12-08 00:38:52
37,53,6,1619.8,2025-12-08 00:37:53,6045.0,,37,53,6,4768.668457,2025-12-08 00:38:53
37,54,6,1628.2,2025-12-08 00:37:54,5044.0,,37,54,6,4769.820312,2025-12-08 00:38:54
37,55,6,1622.1,2025-12-08 00:37:55,4043.0,,37,55,6,4770.829102,2025-12-08 00:38:55
37,56,6,1621.1,2025-12-08 00:37:56,3042.0,,37,56,6,4771.706543,2025-12-08 00:38:56
37,57,6,1619.7,2025-12-08 00:37:57,2041.0,,37,57,6,4772.465332,2025-12-08 00:38:57
37,58,6,1626.5,2025-12-08 00:37:58,1039.0,,37,58,6,4773.124512,2025-12-08 00:38:58
37,59,6,1620.3,2025-12-08 00:37:59,9.0,,37,59,6,4773.702637,2025-12-08 00:38:59
38,0,6,1634.5,2025-12-08 00:38:00,59150.0,,38,0,6,1621.161621,2025-12-08 00:39:00
38,1,6,1620.9,2025-12-08 00:38:01,58149.0,,38,1,6,1622.510132,2025-12-08 00:39:01
38,2,6,1621.8,2025-12-08 00:38:02,57147.0,,38,2,6,1624.150146,2025-12-08 00:39:02
38,3,6,1618.1,2025-12-08 00:38:03,56142.0,,38,3,6,1626.105103,2025-12-08 00:39:03
38,4,6,1618.3,2025-12-08 00:38:04,55141.0,,38,4,6,1628.582031,2025-12-08 00:39:04
38,5,6,1616.5,2025-12-08 00:38:05,54140.0,,38,5,6,1631.784912,2025-12-08 00:39:05
38,6,6,1619.1,2025-12-08 00:38:06,53140.0,,38,6,6,1636.038696,2025-12-08 00:39:06
38,7,6,1621.0,2025-12-08 00:38:07,52134.0,,38,7,6,1641.733032,2025-12-08 00:39:07
38,8,6,1619.1,2025-12-08 00:38:08,51134.0,,38,8,6,1649.447754,2025-12-08 00:39:08
38,9,6,1619.5,2025-12-08 00:38:09,50129.0,,38,9,6,1660.012085,2025-12-08 00:39:09
38,10,6,1617.7,2025-12-08 00:38:10,49127.0,,38,10,6,1674.522705,2025-12-08 00:39:10
38,11,6,1619.4,2025-12-08 00:38:11,48096.0,,38,11,6,1694.552246,2025-12-08 00:39:11
38,12,6,1619.9,2025-12-08 00:38:12,47084.0,,38,12,6,1722.262207,2025-12-08 00:39:12
38,13,6,1623.8,2025-12-08 00:38:13,46082.0,,38,13,6,1760.748169,2025-12-08 00:39:13
38,14,6,1619.4,2025-12-08 00:38:14,45082.0,,38,14,6,1814.333618,2025-12-08 00:39:14
38,15,6,1616.9,2025-12-08 00:38:15,44081.0,,38,15,6,1889.10437,2025-12-08 00:39:15
38,16,6,1620.5,2025-12-08 00:38:16,43080.0,,38,16,6,1992.958252,2025-12-08 00:39:16
38,17,6,1621.3,2025-12-08 00:38:17,42077.0,,38,17,6,2134.944336,2025-12-08 00:39:17
38,18,6,1620.9,2025-12-08 00:38:18,41076.0,,38,18,6,2322.46167,2025-12-08 00:39:18
38,19,6,1624.9,2025-12-08 00:38:19,40075.0,,38,19,6,2555.328613,2025-12-08 00:39:19
38,20,6,1622.7,2025-12-08 00:38:20,39069.0,,38,20,6,2820.54541,2025-12-08 00:39:20
38,21,6,1616.1,2025-12-08 00:38:21,38067.0,,38,21,6,3095.187256,2025-12-08 00:39:21
38,22,6,1621.3,2025-12-08 00:38:22,37066.0,,38,22,6,3356.780518,2025-12-08 00:39:22
38,23,6,1622.2,2025-12-08 00:38:23,36063.0,,38,23,6,3591.230469,2025-12-08 00:39:23
38,24,6,1619.1,2025-12-08 00:38:24,35058.0,,38,24,6,3793.467041,2025-12-08 00:39:24
38,25,6,1619.6,2025-12-08 00:38:25,34051.0,,38,25,6,3964.018311,2025-12-08 00:39:25
38,26,6,1617.8,2025-12-08 00:38:26,33050.0,,38,26,6,4105.90918,2025-12-08 00:39:26
38,27,6,1620.3,2025-12-08 00:38:27,32050.0,,38,27,6,4222.946777,2025-12-08 00:39:27
38,28,6,1620.8,2025-12-08 00:38:28,31049.0,,38,28,6,4318.928711,2025-12-08 00:39:28
38,29,6,1617.6,2025-12-08 00:38:29,30048.0,,38,29,6,4397.349121,2025-12-08 00:39:29
38,30,6,1618.1,2025-12-08 00:38:30,29047.0,,38,30,6,4461.291504,2025-12-08 00:39:30
38,31,6,1616.6,2025-12-08 00:38:31,28046.0,,38,31,6,4513.415039,2025-12-08 00:39:31
38,32,6,1619.1,2025-12-08 00:38:32,27042.0,,38,32,6,4555.958008,2025-12-08 00:39:32
38,33,6,1628.3,2025-12-08 00:38:33,26042.0,,38,33,6,4590.766602,2025-12-08 00:39:33
38,34,6,1618.3,2025-12-08 00:38:34,25040.0,,38,34,6,4619.344238,2025-12-08 00:39:34
38,35,6,1619.0,2025-12-08 00:38:35,24040.0,,38,35,6,4642.873047,2025-12-08 00:39:35
38,36,6,1618.0,2025-12-08 00:38:36,23039.0,,38,36,6,4662.32666,2025-12-08 00:39:36
38,37,6,1621.4,2025-12-08 00:38:37,22038.0,,38,37,6,4678.474121,2025-12-08 00:39:37
38,38,6,1629.0,2025-12-08 00:38:38,21037.0,,38,38,6,4691.934082,2025-12-08 00:39:38
38,39,6,1620.0,2025-12-08 00:38:39,20036.0,,38,39,6,4703.20459,2025-12-08 00:39:39
38,40,6,1620.6,2025-12-08 00:38:40,19035.0,,38,40,6,4712.692383,2025-12-08 00:39:40
38,41,6,1619.3,2025-12-08 00:38:41,18032.0,,38,41,6,4720.72998,2025-12-08 00:39:41
38,42,6,1621.5,2025-12-08 00:38:42,17030.0,,38,42,6,4727.588867,2025-12-08 00:39:42
38,43,6,1621.6,2025-12-08 00:38:43,16029.0,,38,43,6,4733.488281,2025-12-08 00:39:43
38,44,6,1621.8,2025-12-08 00:38:44,15027.0,,38,44,6,4738.60498,2025-12-08 00:39:44
38,45,6,1625.5,2025-12-08 00:38:45,14024.0,,38,45,6,4743.073242,2025-12-08 00:39:45
38,46,6,1622.3,2025-12-08 00:38:46,13023.0,,38,46,6,4747.004395,2025-12-08 00:39:46
38,47,6,1622.0,2025-12-08 00:38:47,12021.0,,38,47,6,4750.481445,2025-12-08 00:39:47
38,48,6,1632.0,2025-12-08 00:38:48,11020.0,,38,48,6,4753.571777,2025-12-08 00:39:48
38,49,6,1619.4,2025-12-08 00:38:49,10019.0,,38,49,6,4756.328125,2025-12-08 00:39:49
38,50,6,1617.4,2025-12-08 00:38:50,9018.0,,38,50,6,4758.79541,2025-12-08 00:39:50
38,51,6,1618.9,2025-12-08 00:38:51,8017.0,,38,51,6,4761.005859,2025-12-08 00:39:51
38,52,6,1621.7,2025-12-08 00:38:52,7016.0,,38,52,6,4762.987793,2025-12-08 00:39:52
38,53,6,1622.0,2025-12-08 00:38:53,6015.0,,38,53,6,4764.76416,2025-12-08 00:39:53
38,54,6,1618.1,2025-12-08 00:38:54,5014.0,,38,54,6,4766.351562,2025-12-08 00:39:54
38,55,6,1622.3,2025-12-08 00:38:55,4014.0,,38,55,6,4767.765625,2025-12-08 00:39:55
38,56,6,1620.2,2025-12-08 00:38:56,3012.0,,38,56,6,4769.02002,2025-12-08 00:39:56
38,57,6,1623.4,2025-12-08 00:38:57,2011.0,,38,57,6,4770.124512,2025-12-08 00:39:57
38,58,6,1624.4,2025-12-08 00:38:58,1010.0,,38,58,6,4771.092285,2025-12-08 00:39:58
38,59,6,1623.2,2025-12-08 00:38:59,8.0,,38,59,6,4771.933594,2025-12-08 00:39:59
39,0,6,1624.7,2025-12-08 00:39:00,59102.0,,39,0,6,724.041199,2025-12-08 00:40:00
39,1,6,1625.2,2025-12-08 00:39:01,58101.0,,39,1,6,730.856934,2025-12-08 00:40:01
39,2,6,1622.3,2025-12-08 00:39:02,57100.0,,39,2,6,740.23645,2025-12-08 00:40:02
39,3,6,1623.4,2025-12-08 00:39:03,56099.0,,39,3,6,751.178528,2025-12-08 00:40:03
39,4,6,1625.6,2025-12-08 00:39:04,55098.0,,39,4,6,762.901062,2025-12-08 00:40:04
39,5,6,1619.3,2025-12-08 00:39:05,54097.0,,39,5,6,774.923523,2025-12-08 00:40:05
39,6,6,1620.8,2025-12-08 00:39:06,53095.0,,39,6,6,786.952942,2025-12-08 00:40:06
39,7,6,1623.4,2025-12-08 00:39:07,52091.0,,39,7,6,798.812439,2025-12-08 00:40:07
39,8,6,1621.1,2025-12-08 00:39:08,51090.0,,39,8,6,810.397522,2025-12-08 00:40:08
39,9,6,1620.2,2025-12-08 00:39:09,50089.0,,39,9,6,821.648499,2025-12-08 00:40:09
39,10,6,1624.5,2025-12-08 00:39:10,49087.0,,39,10,6,832.533447,2025-12-08 00:40:10
39,11,6,1619.1,2025-12-08 00:39:11,48085.0,,39,11,6,843.037964,2025-12-08 00:40:11
39,12,6,1621.9,2025-12-08 00:39:12,47083.0,,39,12,6,853.158508,2025-12-08 00:40:12
39,13,6,1621.7,2025-12-08 00:39:13,46082.0,,39,13,6,862.898193,2025-12-08 00:40:13
39,14,6,1622.8,2025-12-08 00:39:14,45074.0,,39,14,6,872.264587,2025-12-08 00:40:14
39,15,6,1623.4,2025-12-08 00:39:15,44073.0,,39,15,6,881.268005,2025-12-08 00:40:15
39,16,6,1623.0,2025-12-08 00:39:16,43071.0,,39,16,6,889.920044,2025-12-08 00:40:16
39,17,6,1623.9,2025-12-08 00:39:17,42069.0,,39,17,6,898.233337,2025-12-08 00:40:17
39,18,6,1623.1,2025-12-08 00:39:18,41063.0,,39,18,6,906.221069,2025-12-08 00:40:18
39,19,6,1631.5,2025-12-08 00:39:19,40061.0,,39,19,6,913.896362,2025-12-08 00:40:19
39,20,6,1651.8,2025-12-08 00:39:20,39060.0,,39,20,6,921.272522,2025-12-08 00:40:20
39,21,6,1647.1,2025-12-08 00:39:21,38059.0,,39,21,6,928.362427,2025-12-08 00:40:21
39,22,6,1627.9,2025-12-08 00:39:22,37054.0,,39,22,6,935.178528,2025-12-08 00:40:22
39,23,6,1628.2,2025-12-08 00:39:23,36052.0,,39,23,6,941.733337,2025-12-08 00:40:23
39,24,6,1624.3,2025-12-08 00:39:24,35051.0,,39,24,6,948.03833,2025-12-08 00:40:24
39,25,6,1632.2,2025-12-08 00:39:25,34050.0,,39,25,6,954.105103,2025-12-08 00:40:25
39,26,6,1628.1,2025-12-08 00:39:26,33049.0,,39,26,6,959.944519,2025-12-08 00:40:26
39,27,6,1631.4,2025-12-08 00:39:27,32047.0,,39,27,6,965.56665,2025-12-08 00:40:27
39,28,6,1652.0,2025-12-08 00:39:28,31046.0,,39,28,6,970.981628,2025-12-08 00:40:28
39,29,6,1626.9,2025-12-08 00:39:29,30045.0,,39,29,6,976.198853,2025-12-08 00:40:29
39,30,6,1627.0,2025-12-08 00:39:30,29045.0,,39,30,6,981.227417,2025-12-08 00:40:30
39,31,6,1634.2,2025-12-08 00:39:31,28044.0,,39,31,6,986.0755,2025-12-08 00:40:31
39,32,6,1633.2,2025-12-08 00:39:32,27043.0,,39,32,6,990.75177,2025-12-08 00:40:32
39,33,6,1633.6,2025-12-08 00:39:33,26042.0,,39,33,6,995.263367,2025-12-08 00:40:33
39,34,6,1636.3,2025-12-08 00:39:34,25040.0,,39,34,6,999.617737,2025-12-08 00:40:34
39,35,6,1520.7,2025-12-08 00:39:35,24039.0,,39,35,6,1003.822083,2025-12-08 00:40:35
39,36,6,1492.8,2025-12-08 00:39:36,23038.0,,39,36,6,1007.882568,2025-12-08 00:40:36
39,37,6,1503.6,2025-12-08 00:39:37,22037.0,,39,37,6,1011.805542,2025-12-08 00:40:37
39,38,6,1512.3,2025-12-08 00:39:38,21034.0,,39,38,6,1015.59729,2025-12-08 00:40:38
39,39,6,1504.9,2025-12-08 00:39:39,20033.0,,39,39,6,1019.263062,2025-12-08 00:40:39
39,40,6,1459.0,2025-12-08 00:39:40,19032.0,,39,40,6,1022.808655,2025-12-08 00:40:40
39,41,6,632.2,2025-12-08 00:39:41,18030.0,,39,41,6,1026.23877,2025-12-08 00:40:41
39,42,6,639.1,2025-12-08 00:39:42,17029.0,,39,42,6,1029.557739,2025-12-08 00:40:42
39,43,6,645.4,2025-12-08 00:39:43,16028.0,,39,43,6,1032.770996,2025-12-08 00:40:43
39,44,6,670.3,2025-12-08 00:39:44,15027.0,,39,44,6,1035.882935,2025-12-08 00:40:44
39,45,6,644.8,2025-12-08 00:39:45,14026.0,,39,45,6,1038.897827,2025-12-08 00:40:45
39,46,6,644.5,2025-12-08 00:39:46,13025.0,,39,46,6,1041.819214,2025-12-08 00:40:46
39,47,6,646.2,2025-12-08 00:39:47,12024.0,,39,47,6,1044.651245,2025-12-08 00:40:47
39,48,6,646.5,2025-12-08 00:39:48,11023.0,,39,48,6,1047.397583,2025-12-08 00:40:48
39,49,6,645.4,2025-12-08 00:39:49,10022.0,,39,49,6,1050.061279,2025-12-08 00:40:49
39,50,6,644.3,2025-12-08 00:39:50,9020.0,,39,50,6,1052.645874,2025-12-08 00:40:50
39,51,6,642.5,2025-12-08 00:39:51,8019.0,,39,51,6,1055.154297,2025-12-08 00:40:51
39,52,6,646.4,2025-12-08 00:39:52,7018.0,,39,52,6,1057.589722,2025-12-08 00:40:52
39,53,6,644.0,2025-12-08 00:39:53,6017.0,,39,53,6,1059.954834,2025-12-08 00:40:53
39,54,6,645.0,2025-12-08 00:39:54,5016.0,,39,54,6,1062.252075,2025-12-08 00:40:54
39,55,6,643.6,2025-12-08 00:39:55,4014.0,,39,55,6,1064.484375,2025-12-08 00:40:55
39,56,6,644.9,2025-12-08 00:39:56,3013.0,,39,56,6,1066.654053,2025-12-08 00:40:56
39,57,6,648.2,2025-12-08 00:39:57,2012.0,,39,57,6,1068.763184,2025-12-08 00:40:57
39,58,6,648.4,2025-12-08 00:39:58,1011.0,,39,58,6,1070.814453,2025-12-08 00:40:58
39,59,6,644.9,2025-12-08 00:39:59,10.0,,39,59,6,1072.80957,2025-12-08 00:40:59
40,0,6,645.6,2025-12-08 00:40:00,104067.0,,40,0,6,745.960083,2025-12-08 00:41:00
40,1,6,647.3,2025-12-08 00:40:01,103066.0,,40,1,6,751.312012,2025-12-08 00:41:01
40,2,6,647.7,2025-12-08 00:40:02,102065.0,,40,2,6,759.633179,2025-12-08 00:41:02
40,3,6,647.8,2025-12-08 00:40:03,101064.0,,40,3,6,769.791138,2025-12-08 00:41:03
40,4,6,672.9,2025-12-08 00:40:04,100063.0,,40,4,6,780.8703,2025-12-08 00:41:04
40,5,6,661.9,2025-12-08 00:40:05,99061.0,,40,5,6,792.318237,2025-12-08 00:41:05
40,6,6,661.3,2025-12-08 00:40:06,98059.0,,40,6,6,803.804626,2025-12-08 00:41:06
40,7,6,662.8,2025-12-08 00:40:07,97058.0,,40,7,6,815.13501,2025-12-08 00:41:07
40,8,6,662.6,2025-12-08 00:40:08,96057.0,,40,8,6,826.197571,2025-12-08 00:41:08
40,9,6,662.3,2025-12-08 00:40:09,95054.0,,40,9,6,836.930542,2025-12-08 00:41:09
40,10,6,659.2,2025-12-08 00:40:10,94053.0,,40,10,6,847.302856,2025-12-08 00:41:10
40,11,6,615.4,2025-12-08 00:40:11,93052.0,,40,11,6,857.301514,2025-12-08 00:41:11
40,12,6,615.5,2025-12-08 00:40:12,92050.0,,40,12,6,866.925049,2025-12-08 00:41:12
40,13,6,519.7,2025-12-08 00:40:13,91048.0,,40,13,6,876.178406,2025-12-08 00:41:13
40,14,6,518.9,2025-12-08 00:40:14,90041.0,,40,14,6,885.070374,2025-12-08 00:41:14
40,15,6,520.1,2025-12-08 00:40:15,89039.0,,40,15,6,893.612427,2025-12-08 00:41:15
40,16,6,517.2,2025-12-08 00:40:16,88037.0,,40,16,6,901.817078,2025-12-08 00:41:16
40,17,6,515.6,2025-12-08 00:40:17,87033.0,,40,17,6,909.697571,2025-12-08 00:41:17
40,18,6,517.9,2025-12-08 00:40:18,86024.0,,40,18,6,917.267212,2025-12-08 00:41:18
40,19,6,520.8,2025-12-08 00:40:19,85023.0,,40,19,6,924.539368,2025-12-08 00:41:19
40,20,6,556.3,2025-12-08 00:40:20,84022.0,,40,20,6,931.527283,2025-12-08 00:41:20
40,21,6,606.9,2025-12-08 00:40:21,83021.0,,40,21,6,938.243591,2025-12-08 00:41:21
40,22,6,617.5,2025-12-08 00:40:22,81973.0,,40,22,6,944.700806,2025-12-08 00:41:22
40,23,6,616.8,2025-12-08 00:40:23,80970.0,,40,23,6,950.910706,2025-12-08 00:41:23
40,24,6,616.9,2025-12-08 00:40:24,79969.0,,40,24,6,956.884766,2025-12-08 00:41:24
40,25,6,618.7,2025-12-08 00:40:25,78968.0,,40,25,6,962.63385,2025-12-08 00:41:25
40,26,6,618.5,2025-12-08 00:40:26,77966.0,,40,26,6,968.168396,2025-12-08 00:41:26
40,27,6,622.5,2025-12-08 00:40:27,76963.0,,40,27,6,973.498352,2025-12-08 00:41:27
40,28,6,626.8,2025-12-08 00:40:28,75960.0,,40,28,6,978.633179,2025-12-08 00:41:28
40,29,6,626.0,2025-12-08 00:40:29,74959.0,,40,29,6,983.581726,2025-12-08 00:41:29
40,30,6,633.5,2025-12-08 00:40:30,73958.0,,40,30,6,988.352539,2025-12-08 00:41:30
40,31,6,629.8,2025-12-08 00:40:31,72957.0,,40,31,6,992.953735,2025-12-08 00:41:31
40,32,6,626.8,2025-12-08 00:40:32,71956.0,,40,32,6,997.393127,2025-12-08 00:41:32
40,33,6,633.6,2025-12-08 00:40:33,70955.0,,40,33,6,1001.677856,2025-12-08 00:41:33
40,34,6,635.0,2025-12-08 00:40:34,69954.0,,40,34,6,1005.814758,2025-12-08 00:41:34
40,35,6,632.8,2025-12-08 00:40:35,68953.0,,40,35,6,1009.810547,2025-12-08 00:41:35
40,36,6,637.9,2025-12-08 00:40:36,67952.0,,40,36,6,1013.671204,2025-12-08 00:41:36
40,37,6,637.2,2025-12-08 00:40:37,66948.0,,40,37,6,1017.402771,2025-12-08 00:41:37
40,38,6,637.3,2025-12-08 00:40:38,65944.0,,40,38,6,1021.010986,2025-12-08 00:41:38
40,39,6,642.6,2025-12-08 00:40:39,64943.0,,40,39,6,1024.500977,2025-12-08 00:41:39
40,40,6,641.8,2025-12-08 00:40:40,63942.0,,40,40,6,1027.877563,2025-12-08 00:41:40
40,41,6,641.2,2025-12-08 00:40:41,62940.0,,40,41,6,1031.145996,2025-12-08 00:41:41
40,42,6,643.6,2025-12-08 00:40:42,61938.0,,40,42,6,1034.310547,2025-12-08 00:41:42
40,43,6,641.7,2025-12-08 00:40:43,60937.0,,40,43,6,1037.375488,2025-12-08 00:41:43
40,44,6,641.3,2025-12-08 00:40:44,59935.0,,40,44,6,1040.345215,2025-12-08 00:41:44
40,45,6,651.0,2025-12-08 00:40:45,58933.0,,40,45,6,1043.223145,2025-12-08 00:41:45
40,46,6,643.2,2025-12-08 00:40:46,57932.0,,40,46,6,1046.01355,2025-12-08 00:41:46
40,47,6,643.8,2025-12-08 00:40:47,56929.0,,40,47,6,1048.719604,2025-12-08 00:41:47
40,48,6,644.4,2025-12-08 00:40:48,55928.0,,40,48,6,1051.344604,2025-12-08 00:41:48
40,49,6,642.2,2025-12-08 00:40:49,54922.0,,40,49,6,1053.891846,2025-12-08 00:41:49
40,50,6,643.9,2025-12-08 00:40:50,53759.0,,40,50,6,1056.364502,2025-12-08 00:41:50
40,51,6,642.7,2025-12-08 00:40:51,52640.0,,40,51,6,1058.765381,2025-12-08 00:41:51
40,52,6,643.4,2025-12-08 00:40:52,51635.0,,40,52,6,1061.097046,2025-12-08 00:41:52
40,53,6,643.8,2025-12-08 00:40:53,50618.0,,40,53,6,1063.362305,2025-12-08 00:41:53
40,54,6,644.8,2025-12-08 00:40:54,49395.0,,40,54,6,1065.563599,2025-12-08 00:41:54
40,55,6,644.5,2025-12-08 00:40:55,48390.0,,40,55,6,1067.703491,2025-12-08 00:41:55
40,56,6,642.9,2025-12-08 00:40:56,47387.0,,40,56,6,1069.784058,2025-12-08 00:41:56
40,57,6,661.1,2025-12-08 00:40:57,46342.0,,40,57,6,1071.807495,2025-12-08 00:41:57
40,58,6,650.9,2025-12-08 00:40:58,45341.0,,40,58,6,1073.775879,2025-12-08 00:41:58
40,59,6,649.8,2025-12-08 00:40:59,44340.0,,40,59,6,1075.691162,2025-12-08 00:41:59
41,0,6,669.3,2025-12-08 00:41:00,61127.0,,41,0,6,744.861084,2025-12-08 00:42:00
41,1,6,657.8,2025-12-08 00:41:01,60118.0,,41,1,6,749.802917,2025-12-08 00:42:01
41,2,6,649.6,2025-12-08 00:41:02,59115.0,,41,2,6,757.895874,2025-12-08 00:42:02
41,3,6,648.0,2025-12-08 00:41:03,58038.0,,41,3,6,767.943542,2025-12-08 00:42:03
41,4,6,644.2,2025-12-08 00:41:04,56989.0,,41,4,6,778.984253,2025-12-08 00:42:04
41,5,6,660.3,2025-12-08 00:41:05,55979.0,,41,5,6,790.43689,2025-12-08 00:42:05
41,6,6,647.6,2025-12-08 00:41:06,54898.0,,41,6,6,801.953735,2025-12-08 00:42:06
41,7,6,646.2,2025-12-08 00:41:07,53896.0,,41,7,6,813.329468,2025-12-08 00:42:07
41,8,6,646.0,2025-12-08 00:41:08,52893.0,,41,8,6,824.445679,2025-12-08 00:42:08
41,9,6,646.1,2025-12-08 00:41:09,51820.0,,41,9,6,835.236694,2025-12-08 00:42:09
41,10,6,644.3,2025-12-08 00:41:10,50745.0,,41,10,6,845.66864,2025-12-08 00:42:10
41,11,6,648.1,2025-12-08 00:41:11,49690.0,,41,11,6,855.727356,2025-12-08 00:42:11
41,12,6,646.3,2025-12-08 00:41:12,48684.0,,41,12,6,865.410095,2025-12-08 00:42:12
41,13,6,646.1,2025-12-08 00:41:13,47675.0,,41,13,6,874.721313,2025-12-08 00:42:13
41,14,6,647.0,2025-12-08 00:41:14,46671.0,,41,14,6,883.669556,2025-12-08 00:42:14
41,15,6,655.9,2025-12-08 00:41:15,45669.0,,41,15,6,892.26593,2025-12-08 00:42:15
41,16,6,646.8,2025-12-08 00:41:16,44667.0,,41,16,6,900.52301,2025-12-08 00:42:16
41,17,6,646.8,2025-12-08 00:41:17,43662.0,,41,17,6,908.453796,2025-12-08 00:42:17
41,18,6,647.2,2025-12-08 00:41:18,42661.0,,41,18,6,916.071777,2025-12-08 00:42:18
41,19,6,652.1,2025-12-08 00:41:19,41656.0,,41,19,6,923.390198,2025-12-08 00:42:19
41,20,6,651.0,2025-12-08 00:41:20,40654.0,,41,20,6,930.422302,2025-12-08 00:42:20
41,21,6,645.5,2025-12-08 00:41:21,39653.0,,41,21,6,937.180969,2025-12-08 00:42:21
41,22,6,644.3,2025-12-08 00:41:22,38652.0,,41,22,6,943.678528,2025-12-08 00:42:22
41,23,6,655.5,2025-12-08 00:41:23,37652.0,,41,23,6,949.927063,2025-12-08 00:42:23
41,24,6,646.9,2025-12-08 00:41:24,36651.0,,41,24,6,955.937927,2025-12-08 00:42:24
41,25,6,644.2,2025-12-08 00:41:25,35649.0,,41,25,6,961.722107,2025-12-08 00:42:25
41,26,6,647.9,2025-12-08 00:41:26,34642.0,,41,26,6,967.290222,2025-12-08 00:42:26
41,27,6,647.9,2025-12-08 00:41:27,33638.0,,41,27,6,972.652283,2025-12-08 00:42:27
41,28,6,647.5,2025-12-08 00:41:28,32632.0,,41,28,6,977.817627,2025-12-08 00:42:28
41,29,6,647.3,2025-12-08 00:41:29,31620.0,,41,29,6,982.795349,2025-12-08 00:42:29
41,30,6,644.6,2025-12-08 00:41:30,30617.0,,41,30,6,987.594177,2025-12-08 00:42:30
41,31,6,644.7,2025-12-08 00:41:31,29614.0,,41,31,6,992.222107,2025-12-08 00:42:31
41,32,6,645.5,2025-12-08 00:41:32,28612.0,,41,32,6,996.687012,2025-12-08 00:42:32
41,33,6,646.8,2025-12-08 00:41:33,27610.0,,41,33,6,1000.996033,2025-12-08 00:42:33
41,34,6,647.0,2025-12-08 00:41:34,26609.0,,41,34,6,1005.156189,2025-12-08 00:42:34
41,35,6,645.6,2025-12-08 00:41:35,25605.0,,41,35,6,1009.174194,2025-12-08 00:42:35
41,36,6,644.1,2025-12-08 00:41:36,24603.0,,41,36,6,1013.056274,2025-12-08 00:42:36
41,37,6,646.1,2025-12-08 00:41:37,23596.0,,41,37,6,1016.808289,2025-12-08 00:42:37
41,38,6,644.9,2025-12-08 00:41:38,22594.0,,41,38,6,1020.435913,2025-12-08 00:42:38
41,39,6,642.9,2025-12-08 00:41:39,21593.0,,41,39,6,1023.94458,2025-12-08 00:42:39
41,40,6,639.9,2025-12-08 00:41:40,20592.0,,41,40,6,1027.339233,2025-12-08 00:42:40
41,41,6,644.7,2025-12-08 00:41:41,19591.0,,41,41,6,1030.624756,2025-12-08 00:42:41
41,42,6,645.1,2025-12-08 00:41:42,18586.0,,41,42,6,1033.805786,2025-12-08 00:42:42
41,43,6,662.1,2025-12-08 00:41:43,17585.0,,41,43,6,1036.886475,2025-12-08 00:42:43
41,44,6,645.7,2025-12-08 00:41:44,16582.0,,41,44,6,1039.871338,2025-12-08 00:42:44
41,45,6,642.0,2025-12-08 00:41:45,15580.0,,41,45,6,1042.764038,2025-12-08 00:42:45
41,46,6,641.4,2025-12-08 00:41:46,14579.0,,41,46,6,1045.568115,2025-12-08 00:42:46
41,47,6,644.5,2025-12-08 00:41:47,13577.0,,41,47,6,1048.287476,2025-12-08 00:42:47
41,48,6,649.2,2025-12-08 00:41:48,12575.0,,41,48,6,1050.925415,2025-12-08 00:42:48
41,49,6,647.1,2025-12-08 00:41:49,11573.0,,41,49,6,1053.485107,2025-12-08 00:42:49
41,50,6,643.2,2025-12-08 00:41:50,10570.0,,41,50,6,1055.969604,2025-12-08 00:42:50
41,51,6,643.7,2025-12-08 00:41:51,9567.0,,41,51,6,1058.381714,2025-12-08 00:42:51
41,52,6,643.9,2025-12-08 00:41:52,8566.0,,41,52,6,1060.724365,2025-12-08 00:42:52
41,53,6,643.8,2025-12-08 00:41:53,7564.0,,41,53,6,1063.000366,2025-12-08 00:42:53
41,54,6,646.3,2025-12-08 00:41:54,6562.0,,41,54,6,1065.211792,2025-12-08 00:42:54
41,55,6,655.0,2025-12-08 00:41:55,5560.0,,41,55,6,1067.36145,2025-12-08 00:42:55
41,56,6,643.7,2025-12-08 00:41:56,4557.0,,41,56,6,1069.451416,2025-12-08 00:42:56
41,57,6,642.5,2025-12-08 00:41:57,3556.0,,41,57,6,1071.483887,2025-12-08 00:42:57
41,58,6,646.0,2025-12-08 00:41:58,2554.0,,41,58,6,1073.46106,2025-12-08 00:42:58
41,59,6,646.7,2025-12-08 00:41:59,1553.0,,41,59,6,1075.384888,2025-12-08 00:42:59
42,0,6,647.6,2025-12-08 00:42:00,59247.0,,42,0,6,742.689026,2025-12-08 00:43:00
42,1,6,656.5,2025-12-08 00:42:01,58243.0,,42,1,6,747.484802,2025-12-08 00:43:01
42,2,6,647.8,2025-12-08 00:42:02,57241.0,,42,2,6,755.526062,2025-12-08 00:43:02
42,3,6,648.6,2025-12-08 00:42:03,56239.0,,42,3,6,765.587341,2025-12-08 00:43:03
42,4,6,648.9,2025-12-08 00:42:04,55238.0,,42,4,6,776.679016,2025-12-08 00:43:04
42,5,6,645.9,2025-12-08 00:42:05,54236.0,,42,5,6,788.203125,2025-12-08 00:43:05
42,6,6,647.3,2025-12-08 00:42:06,53232.0,,42,6,6,799.801697,2025-12-08 00:43:06
42,7,6,642.3,2025-12-08 00:42:07,52221.0,,42,7,6,811.263428,2025-12-08 00:43:07
42,8,6,641.7,2025-12-08 00:42:08,51217.0,,42,8,6,822.466248,2025-12-08 00:43:08
42,9,6,645.6,2025-12-08 00:42:09,50214.0,,42,9,6,833.342407,2025-12-08 00:43:09
42,10,6,643.5,2025-12-08 00:42:10,49209.0,,42,10,6,843.856995,2025-12-08 00:43:10
42,11,6,662.6,2025-12-08 00:42:11,48202.0,,42,11,6,853.994934,2025-12-08 00:43:11
42,12,6,649.5,2025-12-08 00:42:12,47200.0,,42,12,6,863.753601,2025-12-08 00:43:12
42,13,6,650.2,2025-12-08 00:42:13,46198.0,,42,13,6,873.137024,2025-12-08 00:43:13
42,14,6,651.2,2025-12-08 00:42:14,45197.0,,42,14,6,882.154053,2025-12-08 00:43:14
42,15,6,651.8,2025-12-08 00:42:15,44193.0,,42,15,6,890.815857,2025-12-08 00:43:15
42,16,6,654.3,2025-12-08 00:42:16,43191.0,,42,16,6,899.134888,2025-12-08 00:43:16
42,17,6,649.5,2025-12-08 00:42:17,42190.0,,42,17,6,907.124329,2025-12-08 00:43:17
42,18,6,651.3,2025-12-08 00:42:18,41188.0,,42,18,6,914.797974,2025-12-08 00:43:18
42,19,6,656.5,2025-12-08 00:42:19,40185.0,,42,19,6,922.169312,2025-12-08 00:43:19
42,20,6,653.0,2025-12-08 00:42:20,39183.0,,42,20,6,929.251465,2025-12-08 00:43:20
42,21,6,656.7,2025-12-08 00:42:21,38181.0,,42,21,6,936.057678,2025-12-08 00:43:21
42,22,6,651.5,2025-12-08 00:42:22,37179.0,,42,22,6,942.600403,2025-12-08 00:43:22
42,23,6,650.2,2025-12-08 00:42:23,36124.0,,42,23,6,948.891602,2025-12-08 00:43:23
42,24,6,652.3,2025-12-08 00:42:24,35118.0,,42,24,6,954.943176,2025-12-08 00:43:24
42,25,6,663.9,2025-12-08 00:42:25,34116.0,,42,25,6,960.766052,2025-12-08 00:43:25
42,26,6,648.2,2025-12-08 00:42:26,33115.0,,42,26,6,966.370789,2025-12-08 00:43:26
42,27,6,644.3,2025-12-08 00:42:27,32112.0,,42,27,6,971.767639,2025-12-08 00:43:27
42,28,6,647.1,2025-12-08 00:42:28,31110.0,,42,28,6,976.966309,2025-12-08 00:43:28
42,29,6,642.7,2025-12-08 00:42:29,30108.0,,42,29,6,981.975525,2025-12-08 00:43:29
42,30,6,644.9,2025-12-08 00:42:30,29104.0,,42,30,6,986.804382,2025-12-08 00:43:30
42,31,6,643.2,2025-12-08 00:42:31,28103.0,,42,31,6,991.460876,2025-12-08 00:43:31
42,32,6,642.7,2025-12-08 00:42:32,27100.0,,42,32,6,995.953003,2025-12-08 00:43:32
42,33,6,641.2,2025-12-08 00:42:33,26099.0,,42,33,6,1000.287964,2025-12-08 00:43:33
42,34,6,647.5,2025-12-08 00:42:34,25097.0,,42,34,6,1004.472961,2025-12-08 00:43:34
42,35,6,642.8,2025-12-08 00:42:35,24093.0,,42,35,6,1008.514587,2025-12-08 00:43:35
42,36,6,643.8,2025-12-08 00:42:36,23089.0,,42,36,6,1012.419128,2025-12-08 00:43:36
42,37,6,647.3,2025-12-08 00:42:37,22087.0,,42,37,6,1016.192749,2025-12-08 00:43:37
42,38,6,641.6,2025-12-08 00:42:38,21085.0,,42,38,6,1019.840881,2025-12-08 00:43:38
42,39,6,640.9,2025-12-08 00:42:39,20082.0,,42,39,6,1023.369263,2025-12-08 00:43:39
42,40,6,644.4,2025-12-08 00:42:40,19080.0,,42,40,6,1026.782593,2025-12-08 00:43:40
42,41,6,642.1,2025-12-08 00:42:41,18078.0,,42,41,6,1030.086182,2025-12-08 00:43:41
42,42,6,644.3,2025-12-08 00:42:42,17075.0,,42,42,6,1033.284424,2025-12-08 00:43:42
42,43,6,643.9,2025-12-08 00:42:43,16069.0,,42,43,6,1036.381714,2025-12-08 00:43:43
42,44,6,642.1,2025-12-08 00:42:44,15061.0,,42,44,6,1039.382202,2025-12-08 00:43:44
42,45,6,641.7,2025-12-08 00:42:45,14058.0,,42,45,6,1042.289917,2025-12-08 00:43:45
42,46,6,643.7,2025-12-08 00:42:46,13055.0,,42,46,6,1045.108643,2025-12-08 00:43:46
42,47,6,647.9,2025-12-08 00:42:47,12051.0,,42,47,6,1047.842163,2025-12-08 00:43:47
42,48,6,644.7,2025-12-08 00:42:48,11049.0,,42,48,6,1050.493286,2025-12-08 00:43:48
42,49,6,642.8,2025-12-08 00:42:49,10048.0,,42,49,6,1053.065918,2025-12-08 00:43:49
42,50,6,652.0,2025-12-08 00:42:50,9046.0,,42,50,6,1055.562622,2025-12-08 00:43:50
42,51,6,641.9,2025-12-08 00:42:51,8044.0,,42,51,6,1057.986694,2025-12-08 00:43:51
42,52,6,643.4,2025-12-08 00:42:52,7042.0,,42,52,6,1060.34082,2025-12-08 00:43:52
42,53,6,642.7,2025-12-08 00:42:53,6040.0,,42,53,6,1062.627563,2025-12-08 00:43:53
42,54,6,645.0,2025-12-08 00:42:54,5039.0,,42,54,6,1064.849609,2025-12-08 00:43:54
42,55,6,641.8,2025-12-08 00:42:55,4037.0,,42,55,6,1067.009277,2025-12-08 00:43:55
42,56,6,640.3,2025-12-08 00:42:56,3036.0,,42,56,6,1069.109009,2025-12-08 00:43:56
42,57,6,640.5,2025-12-08 00:42:57,2033.0,,42,57,6,1071.150879,2025-12-08 00:43:57
42,58,6,643.2,2025-12-08 00:42:58,1022.0,,42,58,6,1073.137207,2025-12-08 00:43:58
42,59,6,640.7,2025-12-08 00:42:59,20.0,,42,59,6,1075.069702,2025-12-08 00:43:59
43,0,6,642.9,2025-12-08 00:43:00,59302.0,,43,0,6,743.100342,2025-12-08 00:44:00
43,1,6,645.3,2025-12-08 00:43:01,58300.0,,43,1,6,747.879578,2025-12-08 00:44:01
43,2,6,649.5,2025-12-08 00:43:02,57293.0,,43,2,6,755.900757,2025-12-08 00:44:02
43,3,6,654.6,2025-12-08 00:43:03,56288.0,,43,3,6,765.944397,2025-12-08 00:44:03
43,4,6,649.0,2025-12-08 00:43:04,55286.0,,43,4,6,777.020142,2025-12-08 00:44:04
43,5,6,654.1,2025-12-08 00:43:05,54284.0,,43,5,6,788.52948,2025-12-08 00:44:05
43,6,6,645.6,2025-12-08 00:43:06,53278.0,,43,6,6,800.114197,2025-12-08 00:44:06
43,7,6,650.3,2025-12-08 00:43:07,52275.0,,43,7,6,811.562866,2025-12-08 00:44:07
43,8,6,657.1,2025-12-08 00:43:08,51274.0,,43,8,6,822.753113,2025-12-08 00:44:08
43,9,6,641.4,2025-12-08 00:43:09,50270.0,,43,9,6,833.61731,2025-12-08 00:44:09
43,10,6,643.2,2025-12-08 00:43:10,49269.0,,43,10,6,844.1203,2025-12-08 00:44:10
43,11,6,642.8,2025-12-08 00:43:11,48268.0,,43,11,6,854.247375,2025-12-08 00:44:11
43,12,6,644.0,2025-12-08 00:43:12,47264.0,,43,12,6,863.995544,2025-12-08 00:44:12
43,13,6,644.9,2025-12-08 00:43:13,46261.0,,43,13,6,873.368958,2025-12-08 00:44:13
43,14,6,642.6,2025-12-08 00:43:14,45259.0,,43,14,6,882.376404,2025-12-08 00:44:14
43,15,6,643.2,2025-12-08 00:43:15,44256.0,,43,15,6,891.02887,2025-12-08 00:44:15
43,16,6,641.2,2025-12-08 00:43:16,43252.0,,43,16,6,899.339172,2025-12-08 00:44:16
43,17,6,641.5,2025-12-08 00:43:17,42243.0,,43,17,6,907.320435,2025-12-08 00:44:17
43,18,6,644.6,2025-12-08 00:43:18,41237.0,,43,18,6,914.986084,2025-12-08 00:44:18
43,19,6,647.0,2025-12-08 00:43:19,40236.0,,43,19,6,922.349854,2025-12-08 00:44:19
43,20,6,641.8,2025-12-08 00:43:20,39234.0,,43,20,6,929.424866,2025-12-08 00:44:20
43,21,6,651.0,2025-12-08 00:43:21,38232.0,,43,21,6,936.224182,2025-12-08 00:44:21
43,22,6,639.9,2025-12-08 00:43:22,37229.0,,43,22,6,942.760376,2025-12-08 00:44:22
43,23,6,643.0,2025-12-08 00:43:23,36226.0,,43,23,6,949.045471,2025-12-08 00:44:23
43,24,6,641.0,2025-12-08 00:43:24,35220.0,,43,24,6,955.091064,2025-12-08 00:44:24
43,25,6,647.1,2025-12-08 00:43:25,34219.0,,43,25,6,960.908325,2025-12-08 00:44:25
43,26,6,637.8,2025-12-08 00:43:26,33217.0,,43,26,6,966.507812,2025-12-08 00:44:26
43,27,6,639.1,2025-12-08 00:43:27,32213.0,,43,27,6,971.899536,2025-12-08 00:44:27
43,28,6,644.3,2025-12-08 00:43:28,31211.0,,43,28,6,977.093323,2025-12-08 00:44:28
43,29,6,639.0,2025-12-08 00:43:29,30210.0,,43,29,6,982.097961,2025-12-08 00:44:29
43,30,6,641.1,2025-12-08 00:43:30,29207.0,,43,30,6,986.922363,2025-12-08 00:44:30
43,31,6,655.2,2025-12-08 00:43:31,28204.0,,43,31,6,991.574585,2025-12-08 00:44:31
43,32,6,639.4,2025-12-08 00:43:32,27199.0,,43,32,6,996.062622,2025-12-08 00:44:32
43,33,6,644.7,2025-12-08 00:43:33,26196.0,,43,33,6,1000.393799,2025-12-08 00:44:33
43,34,6,643.7,2025-12-08 00:43:34,25195.0,,43,34,6,1004.575195,2025-12-08 00:44:34
43,35,6,642.0,2025-12-08 00:43:35,24194.0,,43,35,6,1008.613281,2025-12-08 00:44:35
43,36,6,650.1,2025-12-08 00:43:36,23192.0,,43,36,6,1012.514465,2025-12-08 00:44:36
43,37,6,642.7,2025-12-08 00:43:37,22191.0,,43,37,6,1016.284851,2025-12-08 00:44:37
43,38,6,643.2,2025-12-08 00:43:38,21187.0,,43,38,6,1019.929993,2025-12-08 00:44:38
43,39,6,646.2,2025-12-08 00:43:39,20186.0,,43,39,6,1023.455383,2025-12-08 00:44:39
43,40,6,643.6,2025-12-08 00:43:40,19185.0,,43,40,6,1026.866089,2025-12-08 00:44:40
43,41,6,640.8,2025-12-08 00:43:41,18182.0,,43,41,6,1030.16687,2025-12-08 00:44:41
43,42,6,641.5,2025-12-08 00:43:42,17179.0,,43,42,6,1033.362549,2025-12-08 00:44:42
43,43,6,641.7,2025-12-08 00:43:43,16178.0,,43,43,6,1036.457397,2025-12-08 00:44:43
43,44,6,646.8,2025-12-08 00:43:44,15176.0,,43,44,6,1039.455566,2025-12-08 00:44:44
43,45,6,644.8,2025-12-08 00:43:45,14175.0,,43,45,6,1042.361206,2025-12-08 00:44:45
43,46,6,643.0,2025-12-08 00:43:46,13173.0,,43,46,6,1045.177612,2025-12-08 00:44:46
43,47,6,642.9,2025-12-08 00:43:47,12172.0,,43,47,6,1047.908813,2025-12-08 00:44:47
43,48,6,644.8,2025-12-08 00:43:48,11170.0,,43,48,6,1050.558105,2025-12-08 00:44:48
43,49,6,647.0,2025-12-08 00:43:49,10168.0,,43,49,6,1053.128784,2025-12-08 00:44:49
43,50,6,642.7,2025-12-08 00:43:50,9160.0,,43,50,6,1055.623657,2025-12-08 00:44:50
43,51,6,642.9,2025-12-08 00:43:51,8153.0,,43,51,6,1058.045898,2025-12-08 00:44:51
43,52,6,644.7,2025-12-08 00:43:52,7150.0,,43,52,6,1060.398438,2025-12-08 00:44:52
43,53,6,640.1,2025-12-08 00:43:53,6149.0,,43,53,6,1062.683472,2025-12-08 00:44:53
43,54,6,642.1,2025-12-08 00:43:54,5148.0,,43,54,6,1064.904053,2025-12-08 00:44:54
43,55,6,638.7,2025-12-08 00:43:55,4142.0,,43,55,6,1067.062256,2025-12-08 00:44:55
43,56,6,653.9,2025-12-08 00:43:56,3134.0,,43,56,6,1069.1604,2025-12-08 00:44:56
43,57,6,643.7,2025-12-08 00:43:57,2132.0,,43,57,6,1071.200928,2025-12-08 00:44:57
43,58,6,639.4,2025-12-08 00:43:58,1093.0,,43,58,6,1073.185791,2025-12-08 00:44:58
43,59,6,639.4,2025-12-08 00:43:59,92.0,,43,59,6,1075.117065,2025-12-08 00:44:59
44,0,6,646.6,2025-12-08 00:44:00,60643.0,,44,0,6,815.413513,2025-12-08 00:45:00
44,1,6,640.9,2025-12-08 00:44:01,59642.0,,44,1,6,819.477905,2025-12-08 00:45:01
44,2,6,649.0,2025-12-08 00:44:02,58635.0,,44,2,6,825.750916,2025-12-08 00:45:02
44,3,6,653.1,2025-12-08 00:44:03,57634.0,,44,3,6,833.414978,2025-12-08 00:45:03
44,4,6,645.8,2025-12-08 00:44:04,56633.0,,44,4,6,841.807373,2025-12-08 00:45:04
44,5,6,648.1,2025-12-08 00:44:05,55587.0,,44,5,6,850.52478,2025-12-08 00:45:05
44,6,6,649.5,2025-12-08 00:44:06,54574.0,,44,6,6,859.322998,2025-12-08 00:45:06
44,7,6,641.6,2025-12-08 00:44:07,53501.0,,44,7,6,868.05481,2025-12-08 00:45:07
44,8,6,646.0,2025-12-08 00:44:08,52500.0,,44,8,6,876.632385,2025-12-08 00:45:08
44,9,6,642.2,2025-12-08 00:44:09,51499.0,,44,9,6,885.004272,2025-12-08 00:45:09
44,10,6,643.1,2025-12-08 00:44:10,50490.0,,44,10,6,893.141357,2025-12-08 00:45:10
44,11,6,639.8,2025-12-08 00:44:11,49382.0,,44,11,6,901.028625,2025-12-08 00:45:11
44,12,6,640.3,2025-12-08 00:44:12,47884.0,,44,12,6,908.659729,2025-12-08 00:45:12
44,13,6,640.4,2025-12-08 00:44:13,46881.0,,44,13,6,916.033447,2025-12-08 00:45:13
44,14,6,759.4,2025-12-08 00:44:14,45745.0,,44,14,6,923.152893,2025-12-08 00:45:14
44,15,6,746.3,2025-12-08 00:44:15,44716.0,,44,15,6,930.022705,2025-12-08 00:45:15
44,16,6,743.1,2025-12-08 00:44:16,43710.0,,44,16,6,936.649231,2025-12-08 00:45:16
44,17,6,743.0,2025-12-08 00:44:17,42675.0,,44,17,6,943.039795,2025-12-08 00:45:17
44,18,6,743.4,2025-12-08 00:44:18,41257.0,,44,18,6,949.202026,2025-12-08 00:45:18
44,19,6,744.1,2025-12-08 00:44:19,40250.0,,44,19,6,955.144104,2025-12-08 00:45:19
44,20,6,742.1,2025-12-08 00:44:20,39244.0,,44,20,6,960.874023,2025-12-08 00:45:20
44,21,6,744.2,2025-12-08 00:44:21,38239.0,,44,21,6,966.400085,2025-12-08 00:45:21
44,22,6,738.3,2025-12-08 00:44:22,37237.0,,44,22,6,971.730225,2025-12-08 00:45:22
44,23,6,736.7,2025-12-08 00:44:23,36235.0,,44,23,6,976.872375,2025-12-08 00:45:23
44,24,6,731.9,2025-12-08 00:44:24,35233.0,,44,24,6,981.834229,2025-12-08 00:45:24
44,25,6,730.7,2025-12-08 00:44:25,34226.0,,44,25,6,986.623169,2025-12-08 00:45:25
44,26,6,731.8,2025-12-08 00:44:26,33213.0,,44,26,6,991.24646,2025-12-08 00:45:26
44,27,6,733.1,2025-12-08 00:44:27,32200.0,,44,27,6,995.710876,2025-12-08 00:45:27
44,28,6,730.8,2025-12-08 00:44:28,31196.0,,44,28,6,1000.023193,2025-12-08 00:45:28
44,29,6,730.0,2025-12-08 00:44:29,30195.0,,44,29,6,1004.189575,2025-12-08 00:45:29
44,30,6,731.8,2025-12-08 00:44:30,29185.0,,44,30,6,1008.21637,2025-12-08 00:45:30
44,31,6,729.9,2025-12-08 00:44:31,28178.0,,44,31,6,1012.109253,2025-12-08 00:45:31
44,32,6,732.3,2025-12-08 00:44:32,27174.0,,44,32,6,1015.873901,2025-12-08 00:45:32
44,33,6,733.2,2025-12-08 00:44:33,26170.0,,44,33,6,1019.515503,2025-12-08 00:45:33
44,34,6,731.7,2025-12-08 00:44:34,25166.0,,44,34,6,1023.039246,2025-12-08 00:45:34
44,35,6,732.0,2025-12-08 00:44:35,24162.0,,44,35,6,1026.449829,2025-12-08 00:45:35
44,36,6,732.4,2025-12-08 00:44:36,23154.0,,44,36,6,1029.751953,2025-12-08 00:45:36
44,37,6,729.9,2025-12-08 00:44:37,22149.0,,44,37,6,1032.950317,2025-12-08 00:45:37
44,38,6,734.6,2025-12-08 00:44:38,21126.0,,44,38,6,1036.048584,2025-12-08 00:45:38
44,39,6,738.7,2025-12-08 00:44:39,20111.0,,44,39,6,1039.051147,2025-12-08 00:45:39
44,40,6,733.6,2025-12-08 00:44:40,19110.0,,44,40,6,1041.961792,2025-12-08 00:45:40
44,41,6,732.9,2025-12-08 00:44:41,18109.0,,44,41,6,1044.783691,2025-12-08 00:45:41
44,42,6,749.6,2025-12-08 00:44:42,17107.0,,44,42,6,1047.520996,2025-12-08 00:45:42
44,43,6,770.5,2025-12-08 00:44:43,16104.0,,44,43,6,1050.176758,2025-12-08 00:45:43
44,44,6,746.9,2025-12-08 00:44:44,15100.0,,44,44,6,1052.754028,2025-12-08 00:45:44
44,45,6,743.0,2025-12-08 00:44:45,14099.0,,44,45,6,1055.255981,2025-12-08 00:45:45
44,46,6,743.1,2025-12-08 00:44:46,13075.0,,44,46,6,1057.685425,2025-12-08 00:45:46
44,47,6,743.7,2025-12-08 00:44:47,12068.0,,44,47,6,1060.045044,2025-12-08 00:45:47
44,48,6,743.9,2025-12-08 00:44:48,11065.0,,44,48,6,1062.337402,2025-12-08 00:45:48
44,49,6,742.5,2025-12-08 00:44:49,10064.0,,44,49,6,1064.565308,2025-12-08 00:45:49
44,50,6,748.4,2025-12-08 00:44:50,9060.0,,44,50,6,1066.730835,2025-12-08 00:45:50
44,51,6,744.9,2025-12-08 00:44:51,8057.0,,44,51,6,1068.836426,2025-12-08 00:45:51
44,52,6,745.8,2025-12-08 00:44:52,7051.0,,44,52,6,1070.884033,2025-12-08 00:45:52
44,53,6,745.3,2025-12-08 00:44:53,6049.0,,44,53,6,1072.876221,2025-12-08 00:45:53
44,54,6,744.7,2025-12-08 00:44:54,5047.0,,44,54,6,1074.814453,2025-12-08 00:45:54
44,55,6,744.9,2025-12-08 00:44:55,4041.0,,44,55,6,1076.700806,2025-12-08 00:45:55
44,56,6,746.7,2025-12-08 00:44:56,3039.0,,44,56,6,1078.537231,2025-12-08 00:45:56
44,57,6,748.9,2025-12-08 00:44:57,2031.0,,44,57,6,1080.325317,2025-12-08 00:45:57
44,58,6,751.4,2025-12-08 00:44:58,1029.0,,44,58,6,1082.067017,2025-12-08 00:45:58
44,59,6,746.9,2025-12-08 00:44:59,26.0,,44,59,6,1083.76355,2025-12-08 00:45:59
45,0,6,748.8,2025-12-08 00:45:00,59357.0,,45,0,6,1210.92688,2025-12-08 00:46:00
45,1,6,746.7,2025-12-08 00:45:01,58353.0,,45,1,6,1212.185059,2025-12-08 00:46:01
45,2,6,748.5,2025-12-08 00:45:02,57347.0,,45,2,6,1212.894897,2025-12-08 00:46:02
45,3,6,749.3,2025-12-08 00:45:03,56343.0,,45,3,6,1213.248901,2025-12-08 00:46:03
45,4,6,743.9,2025-12-08 00:45:04,55340.0,,45,4,6,1213.36853,2025-12-08 00:46:04
45,5,6,748.7,2025-12-08 00:45:05,54339.0,,45,5,6,1213.330444,2025-12-08 00:46:05
45,6,6,747.8,2025-12-08 00:45:06,53335.0,,45,6,6,1213.182617,2025-12-08 00:46:06
45,7,6,740.8,2025-12-08 00:45:07,52333.0,,45,7,6,1212.955933,2025-12-08 00:46:07
45,8,6,745.1,2025-12-08 00:45:08,51329.0,,45,8,6,1212.670288,2025-12-08 00:46:08
45,9,6,746.2,2025-12-08 00:45:09,50315.0,,45,9,6,1212.340454,2025-12-08 00:46:09
45,10,6,745.0,2025-12-08 00:45:10,49292.0,,45,10,6,1211.975952,2025-12-08 00:46:10
45,11,6,746.4,2025-12-08 00:45:11,48290.0,,45,11,6,1211.583984,2025-12-08 00:46:11
45,12,6,746.6,2025-12-08 00:45:12,47288.0,,45,12,6,1211.170898,2025-12-08 00:46:12
45,13,6,731.8,2025-12-08 00:45:13,46285.0,,45,13,6,1210.740479,2025-12-08 00:46:13
45,14,6,1011.7,2025-12-08 00:45:14,45283.0,,45,14,6,1210.296265,2025-12-08 00:46:14
45,15,6,1086.5,2025-12-08 00:45:15,44281.0,,45,15,6,1209.842163,2025-12-08 00:46:15
45,16,6,951.1,2025-12-08 00:45:16,43278.0,,45,16,6,1209.380005,2025-12-08 00:46:16
45,17,6,949.6,2025-12-08 00:45:17,42277.0,,45,17,6,1208.910522,2025-12-08 00:46:17
45,18,6,1028.1,2025-12-08 00:45:18,41272.0,,45,18,6,1208.436279,2025-12-08 00:46:18
45,19,6,963.9,2025-12-08 00:45:19,40258.0,,45,19,6,1207.958618,2025-12-08 00:46:19
45,20,6,1012.6,2025-12-08 00:45:20,39250.0,,45,20,6,1207.478271,2025-12-08 00:46:20
45,21,6,1041.4,2025-12-08 00:45:21,38248.0,,45,21,6,1206.996582,2025-12-08 00:46:21
45,22,6,1060.7,2025-12-08 00:45:22,37247.0,,45,22,6,1206.514282,2025-12-08 00:46:22
45,23,6,1088.4,2025-12-08 00:45:23,36246.0,,45,23,6,1206.032227,2025-12-08 00:46:23
45,24,6,1108.8,2025-12-08 00:45:24,35244.0,,45,24,6,1205.550903,2025-12-08 00:46:24
45,25,6,1129.7,2025-12-08 00:45:25,34243.0,,45,25,6,1205.070923,2025-12-08 00:46:25
45,26,6,1146.8,2025-12-08 00:45:26,33242.0,,45,26,6,1204.592407,2025-12-08 00:46:26
45,27,6,1164.7,2025-12-08 00:45:27,32237.0,,45,27,6,1204.116089,2025-12-08 00:46:27
45,28,6,1180.6,2025-12-08 00:45:28,31230.0,,45,28,6,1203.642334,2025-12-08 00:46:28
45,29,6,1185.7,2025-12-08 00:45:29,30229.0,,45,29,6,1203.171021,2025-12-08 00:46:29
45,30,6,1190.0,2025-12-08 00:45:30,29223.0,,45,30,6,1202.702881,2025-12-08 00:46:30
45,31,6,1193.3,2025-12-08 00:45:31,28222.0,,45,31,6,1202.237793,2025-12-08 00:46:31
45,32,6,1200.1,2025-12-08 00:45:32,27220.0,,45,32,6,1201.776123,2025-12-08 00:46:32
45,33,6,1199.5,2025-12-08 00:45:33,26217.0,,45,33,6,1201.317993,2025-12-08 00:46:33
45,34,6,1198.9,2025-12-08 00:45:34,25212.0,,45,34,6,1200.863403,2025-12-08 00:46:34
45,35,6,1198.3,2025-12-08 00:45:35,24119.0,,45,35,6,1200.412598,2025-12-08 00:46:35
45,36,6,1201.2,2025-12-08 00:45:36,23117.0,,45,36,6,1199.96582,2025-12-08 00:46:36
45,37,6,1197.8,2025-12-08 00:45:37,22110.0,,45,37,6,1199.523071,2025-12-08 00:46:37
45,38,6,1197.2,2025-12-08 00:45:38,21108.0,,45,38,6,1199.084351,2025-12-08 00:46:38
45,39,6,1199.5,2025-12-08 00:45:39,20105.0,,45,39,6,1198.649658,2025-12-08 00:46:39
45,40,6,1199.0,2025-12-08 00:45:40,19103.0,,45,40,6,1198.219116,2025-12-08 00:46:40
45,41,6,1195.7,2025-12-08 00:45:41,18102.0,,45,41,6,1197.792969,2025-12-08 00:46:41
45,42,6,1194.9,2025-12-08 00:45:42,17076.0,,45,42,6,1197.370972,2025-12-08 00:46:42
45,43,6,1193.9,2025-12-08 00:45:43,16073.0,,45,43,6,1196.953369,2025-12-08 00:46:43
45,44,6,1196.9,2025-12-08 00:45:44,15071.0,,45,44,6,1196.540039,2025-12-08 00:46:44
45,45,6,1195.6,2025-12-08 00:45:45,14071.0,,45,45,6,1196.131104,2025-12-08 00:46:45
45,46,6,1192.6,2025-12-08 00:45:46,13069.0,,45,46,6,1195.726562,2025-12-08 00:46:46
45,47,6,1194.4,2025-12-08 00:45:47,12062.0,,45,47,6,1195.326172,2025-12-08 00:46:47
45,48,6,1196.5,2025-12-08 00:45:48,11058.0,,45,48,6,1194.930298,2025-12-08 00:46:48
45,49,6,1198.6,2025-12-08 00:45:49,10057.0,,45,49,6,1194.538818,2025-12-08 00:46:49
45,50,6,1199.6,2025-12-08 00:45:50,9055.0,,45,50,6,1194.151611,2025-12-08 00:46:50
45,51,6,1202.9,2025-12-08 00:45:51,8052.0,,45,51,6,1193.768799,2025-12-08 00:46:51
45,52,6,1204.9,2025-12-08 00:45:52,7048.0,,45,52,6,1193.390381,2025-12-08 00:46:52
45,53,6,1206.2,2025-12-08 00:45:53,6044.0,,45,53,6,1193.016235,2025-12-08 00:46:53
45,54,6,1209.3,2025-12-08 00:45:54,5041.0,,45,54,6,1192.64624,2025-12-08 00:46:54
45,55,6,1212.9,2025-12-08 00:45:55,4032.0,,45,55,6,1192.280518,2025-12-08 00:46:55
45,56,6,1214.5,2025-12-08 00:45:56,3030.0,,45,56,6,1191.919312,2025-12-08 00:46:56
45,57,6,1217.6,2025-12-08 00:45:57,2029.0,,45,57,6,1191.562134,2025-12-08 00:46:57
45,58,6,1231.0,2025-12-08 00:45:58,1028.0,,45,58,6,1191.209229,2025-12-08 00:46:58
45,59,6,1215.8,2025-12-08 00:45:59,26.0,,45,59,6,1190.860474,2025-12-08 00:46:59
