block,id,sensor_id,sensor_energy_value,sensor_timestamp,message_delay,,block,id,sensor_id,sensor_energy_value_prediction,sensor_timestamp
0,0,12,685.8,2025-12-08 00:00:01,59140.0,,0,0,12,994.427734,2025-12-08 00:01:01
0,1,12,670.3,2025-12-08 00:00:02,58137.0,,0,1,12,1010.267334,2025-12-08 00:01:02
0,2,12,670.3,2025-12-08 00:00:03,57135.0,,0,2,12,1025.696899,2025-12-08 00:01:03
0,3,12,668.7,2025-12-08 00:00:04,56132.0,,0,3,12,1041.10022,2025-12-08 00:01:04
0,4,12,670.2,2025-12-08 00:00:05,55130.0,,0,4,12,1056.280884,2025-12-08 00:01:05
0,5,12,669.9,2025-12-08 00:00:06,54127.0,,0,5,12,1071.103516,2025-12-08 00:01:06
0,6,12,669.4,2025-12-08 00:00:07,53124.0,,0,6,12,1085.469727,2025-12-08 00:01:07
0,7,12,668.6,2025-12-08 00:00:08,52121.0,,0,7,12,1099.310791,2025-12-08 00:01:08
0,8,12,675.2,2025-12-08 00:00:09,51116.0,,0,8,12,1112.581787,2025-12-08 00:01:09
0,9,12,677.3,2025-12-08 00:00:10,50113.0,,0,9,12,1125.256592,2025-12-08 00:01:10
0,10,12,669.8,2025-12-08 00:00:11,49110.0,,0,10,12,1137.325439,2025-12-08 00:01:11
0,11,12,669.7,2025-12-08 00:00:12,48107.0,,0,11,12,1148.790771,2025-12-08 00:01:12
0,12,12,668.1,2025-12-08 00:00:13,47105.0,,0,12,12,1159.664551,2025-12-08 00:01:13
0,13,12,670.3,2025-12-08 00:00:14,46103.0,,0,13,12,1169.966187,2025-12-08 00:01:14
0,14,12,668.7,2025-12-08 00:00:15,45101.0,,0,14,12,1179.720825,2025-12-08 00:01:15
0,15,12,669.5,2025-12-08 00:00:16,44098.0,,0,15,12,1188.957031,2025-12-08 00:01:16
0,16,12,669.6,2025-12-08 00:00:17,43096.0,,0,16,12,1197.705933,2025-12-08 00:01:17
0,17,12,671.1,2025-12-08 00:00:18,42094.0,,0,17,12,1206.000244,2025-12-08 00:01:18
0,18,12,683.9,2025-12-08 00:00:19,41092.0,,0,18,12,1213.872559,2025-12-08 00:01:19
0,19,12,672.9,2025-12-08 00:00:20,40090.0,,0,19,12,1221.354614,2025-12-08 00:01:20
0,20,12,676.4,2025-12-08 00:00:21,39088.0,,0,20,12,1228.47937,2025-12-08 00:01:21
0,21,12,670.0,2025-12-08 00:00:22,38086.0,,0,21,12,1235.276123,2025-12-08 00:01:22
0,22,12,670.6,2025-12-08 00:00:23,37084.0,,0,22,12,1241.774048,2025-12-08 00:01:23
0,23,12,670.7,2025-12-08 00:00:24,36083.0,,0,23,12,1247.999878,2025-12-08 00:01:24
0,24,12,665.8,2025-12-08 00:00:25,35081.0,,0,24,12,1253.978638,2025-12-08 00:01:25
0,25,12,668.2,2025-12-08 00:00:26,34077.0,,0,25,12,1259.733887,2025-12-08 00:01:26
0,26,12,688.7,2025-12-08 00:00:27,33075.0,,0,26,12,1265.287109,2025-12-08 00:01:27
0,27,12,670.1,2025-12-08 00:00:28,32073.0,,0,27,12,1270.657593,2025-12-08 00:01:28
0,28,12,669.1,2025-12-08 00:00:29,31071.0,,0,28,12,1275.86438,2025-12-08 00:01:29
0,29,12,666.4,2025-12-08 00:00:30,30069.0,,0,29,12,1280.923706,2025-12-08 00:01:30
0,30,12,665.4,2025-12-08 00:00:31,29068.0,,0,30,12,1285.851074,2025-12-08 00:01:31
0,31,12,670.3,2025-12-08 00:00:32,28066.0,,0,31,12,1290.660034,2025-12-08 00:01:32
0,32,12,802.1,2025-12-08 00:00:33,27063.0,,0,32,12,1295.363159,2025-12-08 00:01:33
0,33,12,772.3,2025-12-08 00:00:34,26062.0,,0,33,12,1299.97168,2025-12-08 00:01:34
0,34,12,778.6,2025-12-08 00:00:35,25060.0,,0,34,12,1304.49646,2025-12-08 00:01:35
0,35,12,771.7,2025-12-08 00:00:36,24056.0,,0,35,12,1308.946899,2025-12-08 00:01:36
0,36,12,679.4,2025-12-08 00:00:37,23055.0,,0,36,12,1313.331909,2025-12-08 00:01:37
0,37,12,767.7,2025-12-08 00:00:38,22053.0,,0,37,12,1317.658447,2025-12-08 00:01:38
0,38,12,825.3,2025-12-08 00:00:39,21050.0,,0,38,12,1321.935791,2025-12-08 00:01:39
0,39,12,783.5,2025-12-08 00:00:40,20049.0,,0,39,12,1326.170166,2025-12-08 00:01:40
0,40,12,785.8,2025-12-08 00:00:41,19047.0,,0,40,12,1330.366089,2025-12-08 00:01:41
0,41,12,784.5,2025-12-08 00:00:42,18045.0,,0,41,12,1334.530029,2025-12-08 00:01:42
0,42,12,774.3,2025-12-08 00:00:43,17043.0,,0,42,12,1338.666992,2025-12-08 00:01:43
0,43,12,772.1,2025-12-08 00:00:44,16042.0,,0,43,12,1342.781616,2025-12-08 00:01:44
0,44,12,769.5,2025-12-08 00:00:45,15040.0,,0,44,12,1346.878662,2025-12-08 00:01:45
0,45,12,774.0,2025-12-08 00:00:46,14038.0,,0,45,12,1350.962158,2025-12-08 00:01:46
0,46,12,770.6,2025-12-08 00:00:47,13037.0,,0,46,12,1355.036011,2025-12-08 00:01:47
0,47,12,774.2,2025-12-08 00:00:48,12035.0,,0,47,12,1359.103516,2025-12-08 00:01:48
0,48,12,770.9,2025-12-08 00:00:49,11033.0,,0,48,12,1363.168335,2025-12-08 00:01:49
0,49,12,772.5,2025-12-08 00:00:50,10032.0,,0,49,12,1367.233398,2025-12-08 00:01:50
0,50,12,776.1,2025-12-08 00:00:51,9030.0,,0,50,12,1371.302002,2025-12-08 00:01:51
0,51,12,775.3,2025-12-08 00:00:52,8028.0,,0,51,12,1375.376709,2025-12-08 00:01:52
0,52,12,771.4,2025-12-08 00:00:53,7027.0,,0,52,12,1379.460083,2025-12-08 00:01:53
0,53,12,771.5,2025-12-08 00:00:54,6025.0,,0,53,12,1383.554565,2025-12-08 00:01:54
0,54,12,774.2,2025-12-08 00:00:55,5023.0,,0,54,12,1387.662842,2025-12-08 00:01:55
0,55,12,773.3,2025-12-08 00:00:56,4021.0,,0,55,12,1391.786987,2025-12-08 00:01:56
0,56,12,774.4,2025-12-08 00:00:57,3019.0,,0,56,12,1395.929321,2025-12-08 00:01:57
0,57,12,773.7,2025-12-08 00:00:58,2017.0,,0,57,12,1400.092041,2025-12-08 00:01:58
0,58,12,773.8,2025-12-08 00:00:59,1015.0,,0,58,12,1404.276733,2025-12-08 00:01:59
0,59,12,1185.914286,2025-12-08 00:01:00,13.0,,0,59,12,1408.485474,2025-12-08 00:02:00
1,0,12,1185.914286,2025-12-08 00:01:01,59171.0,,1,0,12,1282.645752,2025-12-08 00:02:01
1,1,12,1185.914286,2025-12-08 00:01:02,58168.0,,1,1,12,1285.985474,2025-12-08 00:02:02
1,2,12,1185.914286,2025-12-08 00:01:03,57165.0,,1,2,12,1289.509033,2025-12-08 00:02:03
1,3,12,776.0,2025-12-08 00:01:04,56160.0,,1,3,12,1293.128296,2025-12-08 00:02:04
1,4,12,1001.4,2025-12-08 00:01:05,55158.0,,1,4,12,1296.808472,2025-12-08 00:02:05
1,5,12,1156.0,2025-12-08 00:01:06,54156.0,,1,5,12,1300.556641,2025-12-08 00:02:06
1,6,12,992.9,2025-12-08 00:01:07,53155.0,,1,6,12,1304.35376,2025-12-08 00:02:07
1,7,12,973.6,2025-12-08 00:01:08,52153.0,,1,7,12,1308.175293,2025-12-08 00:02:08
1,8,12,1051.1,2025-12-08 00:01:09,51149.0,,1,8,12,1312.020142,2025-12-08 00:02:09
1,9,12,984.1,2025-12-08 00:01:10,50148.0,,1,9,12,1315.886475,2025-12-08 00:02:10
1,10,12,1033.5,2025-12-08 00:01:11,49145.0,,1,10,12,1319.763428,2025-12-08 00:02:11
1,11,12,1060.7,2025-12-08 00:01:12,48142.0,,1,11,12,1323.653931,2025-12-08 00:02:12
1,12,12,1085.5,2025-12-08 00:01:13,47138.0,,1,12,12,1327.554443,2025-12-08 00:02:13
1,13,12,1113.4,2025-12-08 00:01:14,46136.0,,1,13,12,1331.464111,2025-12-08 00:02:14
1,14,12,1137.7,2025-12-08 00:01:15,45133.0,,1,14,12,1335.381958,2025-12-08 00:02:15
1,15,12,1154.2,2025-12-08 00:01:16,44131.0,,1,15,12,1339.308105,2025-12-08 00:02:16
1,16,12,1175.0,2025-12-08 00:01:17,43129.0,,1,16,12,1343.242188,2025-12-08 00:02:17
1,17,12,1192.7,2025-12-08 00:01:18,42126.0,,1,17,12,1347.185059,2025-12-08 00:02:18
1,18,12,1206.6,2025-12-08 00:01:19,41124.0,,1,18,12,1351.136963,2025-12-08 00:02:19
1,19,12,1216.7,2025-12-08 00:01:20,40122.0,,1,19,12,1355.099243,2025-12-08 00:02:20
1,20,12,1219.7,2025-12-08 00:01:21,39121.0,,1,20,12,1359.072021,2025-12-08 00:02:21
1,21,12,1215.0,2025-12-08 00:01:22,38119.0,,1,21,12,1363.056763,2025-12-08 00:02:22
1,22,12,1222.0,2025-12-08 00:01:23,37116.0,,1,22,12,1367.054077,2025-12-08 00:02:23
1,23,12,1226.8,2025-12-08 00:01:24,36114.0,,1,23,12,1371.065674,2025-12-08 00:02:24
1,24,12,1222.7,2025-12-08 00:01:25,35112.0,,1,24,12,1375.093384,2025-12-08 00:02:25
1,25,12,1220.2,2025-12-08 00:01:26,34110.0,,1,25,12,1379.137573,2025-12-08 00:02:26
1,26,12,1226.2,2025-12-08 00:01:27,33107.0,,1,26,12,1383.199951,2025-12-08 00:02:27
1,27,12,1225.8,2025-12-08 00:01:28,32104.0,,1,27,12,1387.282349,2025-12-08 00:02:28
1,28,12,1228.0,2025-12-08 00:01:29,31102.0,,1,28,12,1391.385986,2025-12-08 00:02:29
1,29,12,1223.4,2025-12-08 00:01:30,30100.0,,1,29,12,1395.512207,2025-12-08 00:02:30
1,30,12,1220.4,2025-12-08 00:01:31,29098.0,,1,30,12,1399.662598,2025-12-08 00:02:31
1,31,12,1220.5,2025-12-08 00:01:32,28096.0,,1,31,12,1403.838013,2025-12-08 00:02:32
1,32,12,1221.1,2025-12-08 00:01:33,27094.0,,1,32,12,1408.040405,2025-12-08 00:02:33
1,33,12,1223.1,2025-12-08 00:01:34,26092.0,,1,33,12,1412.27124,2025-12-08 00:02:34
1,34,12,1224.2,2025-12-08 00:01:35,25087.0,,1,34,12,1416.532104,2025-12-08 00:02:35
1,35,12,1225.9,2025-12-08 00:01:36,24082.0,,1,35,12,1420.823975,2025-12-08 00:02:36
1,36,12,1218.0,2025-12-08 00:01:37,23081.0,,1,36,12,1425.148682,2025-12-08 00:02:37
1,37,12,1218.8,2025-12-08 00:01:38,22079.0,,1,37,12,1429.506958,2025-12-08 00:02:38
1,38,12,1223.7,2025-12-08 00:01:39,21077.0,,1,38,12,1433.900513,2025-12-08 00:02:39
1,39,12,1224.9,2025-12-08 00:01:40,20076.0,,1,39,12,1438.330933,2025-12-08 00:02:40
1,40,12,1224.9,2025-12-08 00:01:41,19073.0,,1,40,12,1442.799438,2025-12-08 00:02:41
1,41,12,1230.7,2025-12-08 00:01:42,18071.0,,1,41,12,1447.307251,2025-12-08 00:02:42
1,42,12,1234.2,2025-12-08 00:01:43,17069.0,,1,42,12,1451.855957,2025-12-08 00:02:43
1,43,12,1232.6,2025-12-08 00:01:44,16066.0,,1,43,12,1456.446655,2025-12-08 00:02:44
1,44,12,1241.0,2025-12-08 00:01:45,15065.0,,1,44,12,1461.0802,2025-12-08 00:02:45
1,45,12,1242.9,2025-12-08 00:01:46,14061.0,,1,45,12,1465.758423,2025-12-08 00:02:46
1,46,12,1241.5,2025-12-08 00:01:47,13058.0,,1,46,12,1470.481812,2025-12-08 00:02:47
1,47,12,1244.9,2025-12-08 00:01:48,12057.0,,1,47,12,1475.251709,2025-12-08 00:02:48
1,48,12,1242.9,2025-12-08 00:01:49,11055.0,,1,48,12,1480.069336,2025-12-08 00:02:49
1,49,12,1244.7,2025-12-08 00:01:50,10053.0,,1,49,12,1484.935303,2025-12-08 00:02:50
1,50,12,1249.2,2025-12-08 00:01:51,9050.0,,1,50,12,1489.850952,2025-12-08 00:02:51
1,51,12,1249.1,2025-12-08 00:01:52,8049.0,,1,51,12,1494.817139,2025-12-08 00:02:52
1,52,12,1246.6,2025-12-08 00:01:53,7047.0,,1,52,12,1499.834717,2025-12-08 00:02:53
1,53,12,1249.6,2025-12-08 00:01:54,6043.0,,1,53,12,1504.904297,2025-12-08 00:02:54
1,54,12,1248.1,2025-12-08 00:01:55,5042.0,,1,54,12,1510.0271,2025-12-08 00:02:55
1,55,12,1248.5,2025-12-08 00:01:56,4040.0,,1,55,12,1515.203369,2025-12-08 00:02:56
1,56,12,1254.1,2025-12-08 00:01:57,3037.0,,1,56,12,1520.434082,2025-12-08 00:02:57
1,57,12,1252.1,2025-12-08 00:01:58,2035.0,,1,57,12,1525.719727,2025-12-08 00:02:58
1,58,12,1272.1,2025-12-08 00:01:59,1033.0,,1,58,12,1531.060669,2025-12-08 00:02:59
1,59,12,1254.1,2025-12-08 00:02:00,13.0,,1,59,12,1536.45813,2025-12-08 00:03:00
2,0,12,1247.2,2025-12-08 00:02:01,59316.0,,2,0,12,1276.750977,2025-12-08 00:03:01
2,1,12,1245.8,2025-12-08 00:02:02,58314.0,,2,1,12,1279.736328,2025-12-08 00:03:02
2,2,12,1246.8,2025-12-08 00:02:03,57313.0,,2,2,12,1282.966309,2025-12-08 00:03:03
2,3,12,1246.3,2025-12-08 00:02:04,56311.0,,2,3,12,1286.34668,2025-12-08 00:03:04
2,4,12,1245.7,2025-12-08 00:02:05,55307.0,,2,4,12,1289.85498,2025-12-08 00:03:05
2,5,12,1247.9,2025-12-08 00:02:06,54305.0,,2,5,12,1293.467651,2025-12-08 00:03:06
2,6,12,1251.5,2025-12-08 00:02:07,53302.0,,2,6,12,1297.16687,2025-12-08 00:03:07
2,7,12,1243.7,2025-12-08 00:02:08,52299.0,,2,7,12,1300.938843,2025-12-08 00:03:08
2,8,12,1242.4,2025-12-08 00:02:09,51290.0,,2,8,12,1304.772461,2025-12-08 00:03:09
2,9,12,1245.3,2025-12-08 00:02:10,50286.0,,2,9,12,1308.660767,2025-12-08 00:03:10
2,10,12,1241.6,2025-12-08 00:02:11,49284.0,,2,10,12,1312.598267,2025-12-08 00:03:11
2,11,12,1246.5,2025-12-08 00:02:12,48283.0,,2,11,12,1316.580444,2025-12-08 00:03:12
2,12,12,1242.8,2025-12-08 00:02:13,47281.0,,2,12,12,1320.604858,2025-12-08 00:03:13
2,13,12,1243.8,2025-12-08 00:02:14,46279.0,,2,13,12,1324.668823,2025-12-08 00:03:14
2,14,12,1263.2,2025-12-08 00:02:15,45277.0,,2,14,12,1328.771484,2025-12-08 00:03:15
2,15,12,1242.6,2025-12-08 00:02:16,44275.0,,2,15,12,1332.91272,2025-12-08 00:03:16
2,16,12,1246.8,2025-12-08 00:02:17,43274.0,,2,16,12,1337.090454,2025-12-08 00:03:17
2,17,12,1247.5,2025-12-08 00:02:18,42272.0,,2,17,12,1341.305786,2025-12-08 00:03:18
2,18,12,1252.3,2025-12-08 00:02:19,41270.0,,2,18,12,1345.558472,2025-12-08 00:03:19
2,19,12,1252.5,2025-12-08 00:02:20,40266.0,,2,19,12,1349.849487,2025-12-08 00:03:20
2,20,12,1255.7,2025-12-08 00:02:21,39265.0,,2,20,12,1354.179199,2025-12-08 00:03:21
2,21,12,1249.7,2025-12-08 00:02:22,38263.0,,2,21,12,1358.548096,2025-12-08 00:03:22
2,22,12,1249.9,2025-12-08 00:02:23,37261.0,,2,22,12,1362.956787,2025-12-08 00:03:23
2,23,12,1253.8,2025-12-08 00:02:24,36259.0,,2,23,12,1367.406372,2025-12-08 00:03:24
2,24,12,1246.3,2025-12-08 00:02:25,35258.0,,2,24,12,1371.897949,2025-12-08 00:03:25
2,25,12,1246.4,2025-12-08 00:02:26,34256.0,,2,25,12,1376.431763,2025-12-08 00:03:26
2,26,12,1251.4,2025-12-08 00:02:27,33254.0,,2,26,12,1381.009155,2025-12-08 00:03:27
2,27,12,1250.2,2025-12-08 00:02:28,32253.0,,2,27,12,1385.631592,2025-12-08 00:03:28
2,28,12,1251.9,2025-12-08 00:02:29,31251.0,,2,28,12,1390.299561,2025-12-08 00:03:29
2,29,12,1249.4,2025-12-08 00:02:30,30245.0,,2,29,12,1395.014038,2025-12-08 00:03:30
2,30,12,1243.6,2025-12-08 00:02:31,29243.0,,2,30,12,1399.775879,2025-12-08 00:03:31
2,31,12,1244.6,2025-12-08 00:02:32,28241.0,,2,31,12,1404.58606,2025-12-08 00:03:32
2,32,12,1249.0,2025-12-08 00:02:33,27239.0,,2,32,12,1409.445312,2025-12-08 00:03:33
2,33,12,1245.5,2025-12-08 00:02:34,26238.0,,2,33,12,1414.355225,2025-12-08 00:03:34
2,34,12,1246.8,2025-12-08 00:02:35,25236.0,,2,34,12,1419.315918,2025-12-08 00:03:35
2,35,12,1245.9,2025-12-08 00:02:36,24233.0,,2,35,12,1424.328613,2025-12-08 00:03:36
2,36,12,1244.2,2025-12-08 00:02:37,23231.0,,2,36,12,1429.393921,2025-12-08 00:03:37
2,37,12,1246.1,2025-12-08 00:02:38,22229.0,,2,37,12,1434.512329,2025-12-08 00:03:38
2,38,12,1248.3,2025-12-08 00:02:39,21225.0,,2,38,12,1439.684814,2025-12-08 00:03:39
2,39,12,1247.9,2025-12-08 00:02:40,20224.0,,2,39,12,1444.912109,2025-12-08 00:03:40
2,40,12,1252.5,2025-12-08 00:02:41,19221.0,,2,40,12,1450.19458,2025-12-08 00:03:41
2,41,12,1244.7,2025-12-08 00:02:42,18219.0,,2,41,12,1455.532349,2025-12-08 00:03:42
2,42,12,1241.1,2025-12-08 00:02:43,17216.0,,2,42,12,1460.925903,2025-12-08 00:03:43
2,43,12,1246.0,2025-12-08 00:02:44,16214.0,,2,43,12,1466.375488,2025-12-08 00:03:44
2,44,12,1244.3,2025-12-08 00:02:45,15109.0,,2,44,12,1471.88147,2025-12-08 00:03:45
2,45,12,1247.8,2025-12-08 00:02:46,14107.0,,2,45,12,1477.44397,2025-12-08 00:03:46
2,46,12,1249.3,2025-12-08 00:02:47,13069.0,,2,46,12,1483.063232,2025-12-08 00:03:47
2,47,12,1244.5,2025-12-08 00:02:48,12069.0,,2,47,12,1488.738403,2025-12-08 00:03:48
2,48,12,1243.6,2025-12-08 00:02:49,11050.0,,2,48,12,1494.469727,2025-12-08 00:03:49
2,49,12,1244.2,2025-12-08 00:02:50,10047.0,,2,49,12,1500.256592,2025-12-08 00:03:50
2,50,12,1247.9,2025-12-08 00:02:51,9044.0,,2,50,12,1506.098633,2025-12-08 00:03:51
2,51,12,1244.6,2025-12-08 00:02:52,8039.0,,2,51,12,1511.995483,2025-12-08 00:03:52
2,52,12,1244.1,2025-12-08 00:02:53,7036.0,,2,52,12,1517.946167,2025-12-08 00:03:53
2,53,12,1240.1,2025-12-08 00:02:54,6031.0,,2,53,12,1523.949829,2025-12-08 00:03:54
2,54,12,1244.0,2025-12-08 00:02:55,5028.0,,2,54,12,1530.005127,2025-12-08 00:03:55
2,55,12,1244.0,2025-12-08 00:02:56,4026.0,,2,55,12,1536.111206,2025-12-08 00:03:56
2,56,12,1248.6,2025-12-08 00:02:57,3024.0,,2,56,12,1542.266968,2025-12-08 00:03:57
2,57,12,1244.1,2025-12-08 00:02:58,2022.0,,2,57,12,1548.470825,2025-12-08 00:03:58
2,58,12,1252.4,2025-12-08 00:02:59,1020.0,,2,58,12,1554.720581,2025-12-08 00:03:59
2,59,12,1246.2,2025-12-08 00:03:00,18.0,,2,59,12,1561.015381,2025-12-08 00:04:00
3,0,12,1248.9,2025-12-08 00:03:01,59258.0,,3,0,12,1411.543823,2025-12-08 00:04:01
3,1,12,1246.9,2025-12-08 00:03:02,58251.0,,3,1,12,1415.887329,2025-12-08 00:04:02
3,2,12,1244.8,2025-12-08 00:03:03,57249.0,,3,2,12,1420.217773,2025-12-08 00:04:03
3,3,12,1260.8,2025-12-08 00:03:04,56140.0,,3,3,12,1424.57019,2025-12-08 00:04:04
3,4,12,1245.1,2025-12-08 00:03:05,55137.0,,3,4,12,1428.945312,2025-12-08 00:04:05
3,5,12,1266.2,2025-12-08 00:03:06,54132.0,,3,5,12,1433.346069,2025-12-08 00:04:06
3,6,12,1241.4,2025-12-08 00:03:07,53126.0,,3,6,12,1437.778564,2025-12-08 00:04:07
3,7,12,1239.3,2025-12-08 00:03:08,52122.0,,3,7,12,1442.243286,2025-12-08 00:04:08
3,8,12,1250.5,2025-12-08 00:03:09,51113.0,,3,8,12,1446.744141,2025-12-08 00:04:09
3,9,12,1247.3,2025-12-08 00:03:10,50112.0,,3,9,12,1451.28418,2025-12-08 00:04:10
3,10,12,1243.3,2025-12-08 00:03:11,49109.0,,3,10,12,1455.864258,2025-12-08 00:04:11
3,11,12,1246.6,2025-12-08 00:03:12,48107.0,,3,11,12,1460.486328,2025-12-08 00:04:12
3,12,12,1242.8,2025-12-08 00:03:13,47106.0,,3,12,12,1465.1521,2025-12-08 00:04:13
3,13,12,1244.1,2025-12-08 00:03:14,46104.0,,3,13,12,1469.862915,2025-12-08 00:04:14
3,14,12,1254.5,2025-12-08 00:03:15,45102.0,,3,14,12,1474.620239,2025-12-08 00:04:15
3,15,12,1240.1,2025-12-08 00:03:16,44100.0,,3,15,12,1479.425537,2025-12-08 00:04:16
3,16,12,1242.3,2025-12-08 00:03:17,43098.0,,3,16,12,1484.278687,2025-12-08 00:04:17
3,17,12,1246.7,2025-12-08 00:03:18,42095.0,,3,17,12,1489.181641,2025-12-08 00:04:18
3,18,12,1248.7,2025-12-08 00:03:19,41093.0,,3,18,12,1494.135742,2025-12-08 00:04:19
3,19,12,1246.5,2025-12-08 00:03:20,40091.0,,3,19,12,1499.141235,2025-12-08 00:04:20
3,20,12,1250.9,2025-12-08 00:03:21,39089.0,,3,20,12,1504.199341,2025-12-08 00:04:21
3,21,12,1249.3,2025-12-08 00:03:22,38088.0,,3,21,12,1509.310791,2025-12-08 00:04:22
3,22,12,1255.4,2025-12-08 00:03:23,37086.0,,3,22,12,1514.475952,2025-12-08 00:04:23
3,23,12,1258.8,2025-12-08 00:03:24,36084.0,,3,23,12,1519.696167,2025-12-08 00:04:24
3,24,12,1238.9,2025-12-08 00:03:25,35079.0,,3,24,12,1524.971436,2025-12-08 00:04:25
3,25,12,1245.2,2025-12-08 00:03:26,34077.0,,3,25,12,1530.301636,2025-12-08 00:04:26
3,26,12,1282.2,2025-12-08 00:03:27,33075.0,,3,26,12,1535.687988,2025-12-08 00:04:27
3,27,12,1375.8,2025-12-08 00:03:28,32073.0,,3,27,12,1541.132568,2025-12-08 00:04:28
3,28,12,1352.4,2025-12-08 00:03:29,31071.0,,3,28,12,1546.638062,2025-12-08 00:04:29
3,29,12,1352.1,2025-12-08 00:03:30,30069.0,,3,29,12,1552.198975,2025-12-08 00:04:30
3,30,12,1352.2,2025-12-08 00:03:31,29067.0,,3,30,12,1557.816528,2025-12-08 00:04:31
3,31,12,1352.5,2025-12-08 00:03:32,28065.0,,3,31,12,1563.490356,2025-12-08 00:04:32
3,32,12,1355.9,2025-12-08 00:03:33,27064.0,,3,32,12,1569.220093,2025-12-08 00:04:33
3,33,12,1360.2,2025-12-08 00:03:34,26062.0,,3,33,12,1575.006226,2025-12-08 00:04:34
3,34,12,1365.8,2025-12-08 00:03:35,25061.0,,3,34,12,1580.847656,2025-12-08 00:04:35
3,35,12,1341.7,2025-12-08 00:03:36,24059.0,,3,35,12,1586.744141,2025-12-08 00:04:36
3,36,12,1354.2,2025-12-08 00:03:37,23057.0,,3,36,12,1592.693604,2025-12-08 00:04:37
3,37,12,1353.3,2025-12-08 00:03:38,22055.0,,3,37,12,1598.696533,2025-12-08 00:04:38
3,38,12,1355.6,2025-12-08 00:03:39,21053.0,,3,38,12,1604.751465,2025-12-08 00:04:39
3,39,12,1356.1,2025-12-08 00:03:40,20052.0,,3,39,12,1610.857666,2025-12-08 00:04:40
3,40,12,1349.5,2025-12-08 00:03:41,19050.0,,3,40,12,1617.013184,2025-12-08 00:04:41
3,41,12,1357.2,2025-12-08 00:03:42,18048.0,,3,41,12,1623.216553,2025-12-08 00:04:42
3,42,12,1348.4,2025-12-08 00:03:43,17047.0,,3,42,12,1629.466675,2025-12-08 00:04:43
3,43,12,1354.1,2025-12-08 00:03:44,16045.0,,3,43,12,1635.760864,2025-12-08 00:04:44
3,44,12,1351.6,2025-12-08 00:03:45,15043.0,,3,44,12,1642.098022,2025-12-08 00:04:45
3,45,12,1351.0,2025-12-08 00:03:46,14041.0,,3,45,12,1648.475342,2025-12-08 00:04:46
3,46,12,1350.1,2025-12-08 00:03:47,13039.0,,3,46,12,1654.890991,2025-12-08 00:04:47
3,47,12,1351.3,2025-12-08 00:03:48,12038.0,,3,47,12,1661.342041,2025-12-08 00:04:48
3,48,12,1349.8,2025-12-08 00:03:49,11036.0,,3,48,12,1667.826172,2025-12-08 00:04:49
3,49,12,1349.6,2025-12-08 00:03:50,10034.0,,3,49,12,1674.340576,2025-12-08 00:04:50
3,50,12,1352.9,2025-12-08 00:03:51,9032.0,,3,50,12,1680.882202,2025-12-08 00:04:51
3,51,12,1357.4,2025-12-08 00:03:52,8031.0,,3,51,12,1687.44812,2025-12-08 00:04:52
3,52,12,1361.4,2025-12-08 00:03:53,7030.0,,3,52,12,1694.03479,2025-12-08 00:04:53
3,53,12,1358.3,2025-12-08 00:03:54,6028.0,,3,53,12,1700.639526,2025-12-08 00:04:54
3,54,12,1351.1,2025-12-08 00:03:55,5026.0,,3,54,12,1707.257812,2025-12-08 00:04:55
3,55,12,1380.4,2025-12-08 00:03:56,4018.0,,3,55,12,1713.886353,2025-12-08 00:04:56
3,56,12,1422.6,2025-12-08 00:03:57,3016.0,,3,56,12,1720.522461,2025-12-08 00:04:57
3,57,12,1413.7,2025-12-08 00:03:58,2014.0,,3,57,12,1727.162598,2025-12-08 00:04:58
3,58,12,1412.0,2025-12-08 00:03:59,1013.0,,3,58,12,1733.80127,2025-12-08 00:04:59
3,59,12,1422.4,2025-12-08 00:04:00,11.0,,3,59,12,1740.43457,2025-12-08 00:05:00
4,0,12,1422.4,2025-12-08 00:04:01,59198.0,,4,0,12,1529.77124,2025-12-08 00:05:01
4,1,12,1412.7,2025-12-08 00:04:02,58196.0,,4,1,12,1533.604126,2025-12-08 00:05:02
4,2,12,1414.2,2025-12-08 00:04:03,57194.0,,4,2,12,1537.677124,2025-12-08 00:05:03
4,3,12,1416.2,2025-12-08 00:04:04,56188.0,,4,3,12,1541.897583,2025-12-08 00:05:04
4,4,12,1418.6,2025-12-08 00:04:05,55187.0,,4,4,12,1546.25415,2025-12-08 00:05:05
4,5,12,1426.0,2025-12-08 00:04:06,54185.0,,4,5,12,1550.728638,2025-12-08 00:05:06
4,6,12,1415.2,2025-12-08 00:04:07,53183.0,,4,6,12,1555.305786,2025-12-08 00:05:07
4,7,12,1421.8,2025-12-08 00:04:08,52180.0,,4,7,12,1559.973389,2025-12-08 00:05:08
4,8,12,1419.9,2025-12-08 00:04:09,51177.0,,4,8,12,1564.722778,2025-12-08 00:05:09
4,9,12,1418.8,2025-12-08 00:04:10,50172.0,,4,9,12,1569.546875,2025-12-08 00:05:10
4,10,12,1416.1,2025-12-08 00:04:11,49168.0,,4,10,12,1574.440186,2025-12-08 00:05:11
4,11,12,1422.9,2025-12-08 00:04:12,48166.0,,4,11,12,1579.398315,2025-12-08 00:05:12
4,12,12,1409.4,2025-12-08 00:04:13,47160.0,,4,12,12,1584.418335,2025-12-08 00:05:13
4,13,12,1407.2,2025-12-08 00:04:14,46158.0,,4,13,12,1589.496216,2025-12-08 00:05:14
4,14,12,1417.3,2025-12-08 00:04:15,45155.0,,4,14,12,1594.630127,2025-12-08 00:05:15
4,15,12,1423.0,2025-12-08 00:04:16,44152.0,,4,15,12,1599.81897,2025-12-08 00:05:16
4,16,12,1414.5,2025-12-08 00:04:17,43150.0,,4,16,12,1605.060181,2025-12-08 00:05:17
4,17,12,1413.1,2025-12-08 00:04:18,42147.0,,4,17,12,1610.35144,2025-12-08 00:05:18
4,18,12,1419.6,2025-12-08 00:04:19,41143.0,,4,18,12,1615.691284,2025-12-08 00:05:19
4,19,12,1421.1,2025-12-08 00:04:20,40139.0,,4,19,12,1621.078613,2025-12-08 00:05:20
4,20,12,1420.6,2025-12-08 00:04:21,39137.0,,4,20,12,1626.51123,2025-12-08 00:05:21
4,21,12,1423.8,2025-12-08 00:04:22,38135.0,,4,21,12,1631.987549,2025-12-08 00:05:22
4,22,12,1408.7,2025-12-08 00:04:23,37134.0,,4,22,12,1637.505859,2025-12-08 00:05:23
4,23,12,1411.8,2025-12-08 00:04:24,36132.0,,4,23,12,1643.063477,2025-12-08 00:05:24
4,24,12,1421.8,2025-12-08 00:04:25,35129.0,,4,24,12,1648.65918,2025-12-08 00:05:25
4,25,12,1415.7,2025-12-08 00:04:26,34124.0,,4,25,12,1654.290649,2025-12-08 00:05:26
4,26,12,1420.4,2025-12-08 00:04:27,33122.0,,4,26,12,1659.955933,2025-12-08 00:05:27
4,27,12,1421.4,2025-12-08 00:04:28,32121.0,,4,27,12,1665.652466,2025-12-08 00:05:28
4,28,12,1430.5,2025-12-08 00:04:29,31119.0,,4,28,12,1671.377563,2025-12-08 00:05:29
4,29,12,1414.8,2025-12-08 00:04:30,30117.0,,4,29,12,1677.129639,2025-12-08 00:05:30
4,30,12,1410.1,2025-12-08 00:04:31,29116.0,,4,30,12,1682.904053,2025-12-08 00:05:31
4,31,12,1425.0,2025-12-08 00:04:32,28115.0,,4,31,12,1688.698975,2025-12-08 00:05:32
4,32,12,1411.3,2025-12-08 00:04:33,27114.0,,4,32,12,1694.511841,2025-12-08 00:05:33
4,33,12,1411.4,2025-12-08 00:04:34,26112.0,,4,33,12,1700.338745,2025-12-08 00:05:34
4,34,12,1405.8,2025-12-08 00:04:35,25110.0,,4,34,12,1706.177002,2025-12-08 00:05:35
4,35,12,1428.1,2025-12-08 00:04:36,24108.0,,4,35,12,1712.023193,2025-12-08 00:05:36
4,36,12,1494.4,2025-12-08 00:04:37,23106.0,,4,36,12,1717.874634,2025-12-08 00:05:37
4,37,12,1492.6,2025-12-08 00:04:38,22103.0,,4,37,12,1723.72937,2025-12-08 00:05:38
4,38,12,1492.7,2025-12-08 00:04:39,21101.0,,4,38,12,1729.581543,2025-12-08 00:05:39
4,39,12,1494.5,2025-12-08 00:04:40,20099.0,,4,39,12,1735.427856,2025-12-08 00:05:40
4,40,12,1500.4,2025-12-08 00:04:41,19098.0,,4,40,12,1741.264648,2025-12-08 00:05:41
4,41,12,1497.1,2025-12-08 00:04:42,18097.0,,4,41,12,1747.088135,2025-12-08 00:05:42
4,42,12,1496.4,2025-12-08 00:04:43,17094.0,,4,42,12,1752.894653,2025-12-08 00:05:43
4,43,12,1498.2,2025-12-08 00:04:44,16093.0,,4,43,12,1758.679932,2025-12-08 00:05:44
4,44,12,1500.5,2025-12-08 00:04:45,15091.0,,4,44,12,1764.440552,2025-12-08 00:05:45
4,45,12,1500.0,2025-12-08 00:04:46,14089.0,,4,45,12,1770.172607,2025-12-08 00:05:46
4,46,12,1498.2,2025-12-08 00:04:47,13088.0,,4,46,12,1775.872314,2025-12-08 00:05:47
4,47,12,1500.8,2025-12-08 00:04:48,12086.0,,4,47,12,1781.535522,2025-12-08 00:05:48
4,48,12,1497.6,2025-12-08 00:04:49,11084.0,,4,48,12,1787.159302,2025-12-08 00:05:49
4,49,12,1504.2,2025-12-08 00:04:50,10083.0,,4,49,12,1792.739502,2025-12-08 00:05:50
4,50,12,1504.3,2025-12-08 00:04:51,9081.0,,4,50,12,1798.272461,2025-12-08 00:05:51
4,51,12,1503.0,2025-12-08 00:04:52,8079.0,,4,51,12,1803.755127,2025-12-08 00:05:52
4,52,12,1495.6,2025-12-08 00:04:53,7078.0,,4,52,12,1809.183838,2025-12-08 00:05:53
4,53,12,1491.6,2025-12-08 00:04:54,6076.0,,4,53,12,1814.554565,2025-12-08 00:05:54
4,54,12,1490.9,2025-12-08 00:04:55,5074.0,,4,54,12,1819.865112,2025-12-08 00:05:55
4,55,12,1491.2,2025-12-08 00:04:56,4028.0,,4,55,12,1825.112183,2025-12-08 00:05:56
4,56,12,1498.6,2025-12-08 00:04:57,3026.0,,4,56,12,1830.29248,2025-12-08 00:05:57
4,57,12,1495.8,2025-12-08 00:04:58,2025.0,,4,57,12,1835.404053,2025-12-08 00:05:58
4,58,12,1493.0,2025-12-08 00:04:59,1023.0,,4,58,12,1840.443481,2025-12-08 00:05:59
4,59,12,1494.6,2025-12-08 00:05:00,20.0,,4,59,12,1845.408813,2025-12-08 00:06:00
5,0,12,1498.3,2025-12-08 00:05:01,59191.0,,5,0,12,1688.691772,2025-12-08 00:06:01
5,1,12,1493.2,2025-12-08 00:05:02,58188.0,,5,1,12,1694.446411,2025-12-08 00:06:02
5,2,12,1495.7,2025-12-08 00:05:03,57186.0,,5,2,12,1700.453735,2025-12-08 00:06:03
5,3,12,1496.0,2025-12-08 00:05:04,56184.0,,5,3,12,1706.577881,2025-12-08 00:06:04
5,4,12,1494.3,2025-12-08 00:05:05,55179.0,,5,4,12,1712.814941,2025-12-08 00:06:05
5,5,12,1500.3,2025-12-08 00:05:06,54169.0,,5,5,12,1719.141235,2025-12-08 00:06:06
5,6,12,1508.0,2025-12-08 00:05:07,53168.0,,5,6,12,1725.535522,2025-12-08 00:06:07
5,7,12,1492.4,2025-12-08 00:05:08,52167.0,,5,7,12,1731.979858,2025-12-08 00:06:08
5,8,12,1501.6,2025-12-08 00:05:09,51163.0,,5,8,12,1738.459351,2025-12-08 00:06:09
5,9,12,1512.7,2025-12-08 00:05:10,50162.0,,5,9,12,1744.961426,2025-12-08 00:06:10
5,10,12,1493.0,2025-12-08 00:05:11,49159.0,,5,10,12,1751.475952,2025-12-08 00:06:11
5,11,12,1493.7,2025-12-08 00:05:12,48157.0,,5,11,12,1757.992676,2025-12-08 00:06:12
5,12,12,1493.7,2025-12-08 00:05:13,47151.0,,5,12,12,1764.50415,2025-12-08 00:06:13
5,13,12,1494.6,2025-12-08 00:05:14,46148.0,,5,13,12,1771.002808,2025-12-08 00:06:14
5,14,12,1499.2,2025-12-08 00:05:15,45146.0,,5,14,12,1777.481934,2025-12-08 00:06:15
5,15,12,1501.9,2025-12-08 00:05:16,44145.0,,5,15,12,1783.935425,2025-12-08 00:06:16
5,16,12,1501.4,2025-12-08 00:05:17,43142.0,,5,16,12,1790.3573,2025-12-08 00:06:17
5,17,12,1496.5,2025-12-08 00:05:18,42139.0,,5,17,12,1796.742432,2025-12-08 00:06:18
5,18,12,1503.6,2025-12-08 00:05:19,41138.0,,5,18,12,1803.084717,2025-12-08 00:06:19
5,19,12,1503.6,2025-12-08 00:05:20,40132.0,,5,19,12,1809.380859,2025-12-08 00:06:20
5,20,12,1504.4,2025-12-08 00:05:21,39130.0,,5,20,12,1815.624756,2025-12-08 00:06:21
5,21,12,1501.4,2025-12-08 00:05:22,38124.0,,5,21,12,1821.812866,2025-12-08 00:06:22
5,22,12,1497.6,2025-12-08 00:05:23,37122.0,,5,22,12,1827.940552,2025-12-08 00:06:23
5,23,12,1498.5,2025-12-08 00:05:24,36119.0,,5,23,12,1834.004028,2025-12-08 00:06:24
5,24,12,1496.9,2025-12-08 00:05:25,35118.0,,5,24,12,1839.999512,2025-12-08 00:06:25
5,25,12,1561.5,2025-12-08 00:05:26,34117.0,,5,25,12,1845.923096,2025-12-08 00:06:26
5,26,12,1616.7,2025-12-08 00:05:27,33115.0,,5,26,12,1851.772827,2025-12-08 00:06:27
5,27,12,1636.5,2025-12-08 00:05:28,32114.0,,5,27,12,1857.544922,2025-12-08 00:06:28
5,28,12,1625.5,2025-12-08 00:05:29,31112.0,,5,28,12,1863.236572,2025-12-08 00:06:29
5,29,12,1633.5,2025-12-08 00:05:30,30110.0,,5,29,12,1868.844604,2025-12-08 00:06:30
5,30,12,1653.8,2025-12-08 00:05:31,29108.0,,5,30,12,1874.366821,2025-12-08 00:06:31
5,31,12,1636.6,2025-12-08 00:05:32,28107.0,,5,31,12,1879.800781,2025-12-08 00:06:32
5,32,12,1650.6,2025-12-08 00:05:33,27105.0,,5,32,12,1885.143433,2025-12-08 00:06:33
5,33,12,1630.6,2025-12-08 00:05:34,26104.0,,5,33,12,1890.393677,2025-12-08 00:06:34
5,34,12,1633.7,2025-12-08 00:05:35,25102.0,,5,34,12,1895.549316,2025-12-08 00:06:35
5,35,12,1634.3,2025-12-08 00:05:36,24100.0,,5,35,12,1900.608765,2025-12-08 00:06:36
5,36,12,1634.2,2025-12-08 00:05:37,23098.0,,5,36,12,1905.570557,2025-12-08 00:06:37
5,37,12,1629.4,2025-12-08 00:05:38,22097.0,,5,37,12,1910.433716,2025-12-08 00:06:38
5,38,12,1632.6,2025-12-08 00:05:39,21095.0,,5,38,12,1915.196777,2025-12-08 00:06:39
5,39,12,1635.4,2025-12-08 00:05:40,20093.0,,5,39,12,1919.859863,2025-12-08 00:06:40
5,40,12,1633.5,2025-12-08 00:05:41,19090.0,,5,40,12,1924.421631,2025-12-08 00:06:41
5,41,12,1633.1,2025-12-08 00:05:42,18089.0,,5,41,12,1928.881836,2025-12-08 00:06:42
5,42,12,1635.9,2025-12-08 00:05:43,17088.0,,5,42,12,1933.240601,2025-12-08 00:06:43
5,43,12,1631.0,2025-12-08 00:05:44,16086.0,,5,43,12,1937.497437,2025-12-08 00:06:44
5,44,12,1633.1,2025-12-08 00:05:45,15085.0,,5,44,12,1941.652588,2025-12-08 00:06:45
5,45,12,1639.1,2025-12-08 00:05:46,14083.0,,5,45,12,1945.706421,2025-12-08 00:06:46
5,46,12,1628.0,2025-12-08 00:05:47,13081.0,,5,46,12,1949.659424,2025-12-08 00:06:47
5,47,12,1634.9,2025-12-08 00:05:48,12080.0,,5,47,12,1953.511841,2025-12-08 00:06:48
5,48,12,1634.2,2025-12-08 00:05:49,11077.0,,5,48,12,1957.264771,2025-12-08 00:06:49
5,49,12,1636.0,2025-12-08 00:05:50,10076.0,,5,49,12,1960.918579,2025-12-08 00:06:50
5,50,12,1633.9,2025-12-08 00:05:51,9072.0,,5,50,12,1964.474731,2025-12-08 00:06:51
5,51,12,1633.9,2025-12-08 00:05:52,8071.0,,5,51,12,1967.933594,2025-12-08 00:06:52
5,52,12,1631.0,2025-12-08 00:05:53,7069.0,,5,52,12,1971.296997,2025-12-08 00:06:53
5,53,12,1636.9,2025-12-08 00:05:54,6066.0,,5,53,12,1974.565918,2025-12-08 00:06:54
5,54,12,1631.5,2025-12-08 00:05:55,5062.0,,5,54,12,1977.741699,2025-12-08 00:06:55
5,55,12,1631.9,2025-12-08 00:05:56,4059.0,,5,55,12,1980.825073,2025-12-08 00:06:56
5,56,12,1637.3,2025-12-08 00:05:57,3053.0,,5,56,12,1983.818604,2025-12-08 00:06:57
5,57,12,1634.5,2025-12-08 00:05:58,2048.0,,5,57,12,1986.723389,2025-12-08 00:06:58
5,58,12,1631.2,2025-12-08 00:05:59,1030.0,,5,58,12,1989.540283,2025-12-08 00:06:59
5,59,12,1640.2,2025-12-08 00:06:00,26.0,,5,59,12,1992.271973,2025-12-08 00:07:00
6,0,12,1637.2,2025-12-08 00:06:01,59461.0,,6,0,12,1693.438843,2025-12-08 00:07:01
6,1,12,1640.4,2025-12-08 00:06:02,58459.0,,6,1,12,1699.148926,2025-12-08 00:07:02
6,2,12,1636.2,2025-12-08 00:06:03,57454.0,,6,2,12,1705.125732,2025-12-08 00:07:03
6,3,12,1632.8,2025-12-08 00:06:04,56451.0,,6,3,12,1711.220093,2025-12-08 00:07:04
6,4,12,1635.2,2025-12-08 00:06:05,55390.0,,6,4,12,1717.430786,2025-12-08 00:07:05
6,5,12,1635.8,2025-12-08 00:06:06,54383.0,,6,5,12,1723.732178,2025-12-08 00:07:06
6,6,12,1637.0,2025-12-08 00:06:07,53381.0,,6,6,12,1730.102539,2025-12-08 00:07:07
6,7,12,1632.4,2025-12-08 00:06:08,52351.0,,6,7,12,1736.523438,2025-12-08 00:07:08
6,8,12,1642.2,2025-12-08 00:06:09,51319.0,,6,8,12,1742.979126,2025-12-08 00:07:09
6,9,12,1644.9,2025-12-08 00:06:10,50317.0,,6,9,12,1749.457397,2025-12-08 00:07:10
6,10,12,1634.0,2025-12-08 00:06:11,49301.0,,6,10,12,1755.946899,2025-12-08 00:07:11
6,11,12,1652.0,2025-12-08 00:06:12,48297.0,,6,11,12,1762.438232,2025-12-08 00:07:12
6,12,12,1637.9,2025-12-08 00:06:13,47257.0,,6,12,12,1768.923096,2025-12-08 00:07:13
6,13,12,1634.6,2025-12-08 00:06:14,46248.0,,6,13,12,1775.393433,2025-12-08 00:07:14
6,14,12,1636.2,2025-12-08 00:06:15,45210.0,,6,14,12,1781.842896,2025-12-08 00:07:15
6,15,12,1631.5,2025-12-08 00:06:16,44199.0,,6,15,12,1788.264404,2025-12-08 00:07:16
6,16,12,1632.6,2025-12-08 00:06:17,43195.0,,6,16,12,1794.652954,2025-12-08 00:07:17
6,17,12,1651.1,2025-12-08 00:06:18,42193.0,,6,17,12,1801.002686,2025-12-08 00:07:18
6,18,12,1642.9,2025-12-08 00:06:19,41155.0,,6,18,12,1807.308594,2025-12-08 00:07:19
6,19,12,1638.4,2025-12-08 00:06:20,40149.0,,6,19,12,1813.565186,2025-12-08 00:07:20
6,20,12,1635.5,2025-12-08 00:06:21,39143.0,,6,20,12,1819.768677,2025-12-08 00:07:21
6,21,12,1637.1,2025-12-08 00:06:22,38124.0,,6,21,12,1825.914551,2025-12-08 00:07:22
6,22,12,1637.5,2025-12-08 00:06:23,37121.0,,6,22,12,1831.998291,2025-12-08 00:07:23
6,23,12,1636.6,2025-12-08 00:06:24,36118.0,,6,23,12,1838.015991,2025-12-08 00:07:24
6,24,12,1635.0,2025-12-08 00:06:25,35115.0,,6,24,12,1843.963867,2025-12-08 00:07:25
6,25,12,1644.5,2025-12-08 00:06:26,34111.0,,6,25,12,1849.838989,2025-12-08 00:07:26
6,26,12,1634.9,2025-12-08 00:06:27,33107.0,,6,26,12,1855.636963,2025-12-08 00:07:27
6,27,12,1638.0,2025-12-08 00:06:28,32099.0,,6,27,12,1861.355469,2025-12-08 00:07:28
6,28,12,1632.2,2025-12-08 00:06:29,31096.0,,6,28,12,1866.991699,2025-12-08 00:07:29
6,29,12,1635.4,2025-12-08 00:06:30,30094.0,,6,29,12,1872.542847,2025-12-08 00:07:30
6,30,12,1635.3,2025-12-08 00:06:31,29092.0,,6,30,12,1878.005859,2025-12-08 00:07:31
6,31,12,1645.6,2025-12-08 00:06:32,28089.0,,6,31,12,1883.378906,2025-12-08 00:07:32
6,32,12,1637.7,2025-12-08 00:06:33,27050.0,,6,32,12,1888.65979,2025-12-08 00:07:33
6,33,12,1635.2,2025-12-08 00:06:34,26049.0,,6,33,12,1893.846558,2025-12-08 00:07:34
6,34,12,1633.2,2025-12-08 00:06:35,25047.0,,6,34,12,1898.937988,2025-12-08 00:07:35
6,35,12,1633.5,2025-12-08 00:06:36,24046.0,,6,35,12,1903.932251,2025-12-08 00:07:36
6,36,12,1634.8,2025-12-08 00:06:37,23045.0,,6,36,12,1908.827881,2025-12-08 00:07:37
6,37,12,1635.9,2025-12-08 00:06:38,22043.0,,6,37,12,1913.624756,2025-12-08 00:07:38
6,38,12,1638.8,2025-12-08 00:06:39,21039.0,,6,38,12,1918.320557,2025-12-08 00:07:39
6,39,12,1631.1,2025-12-08 00:06:40,20038.0,,6,39,12,1922.915894,2025-12-08 00:07:40
6,40,12,1635.8,2025-12-08 00:06:41,19037.0,,6,40,12,1927.409912,2025-12-08 00:07:41
6,41,12,1638.3,2025-12-08 00:06:42,18035.0,,6,41,12,1931.802368,2025-12-08 00:07:42
6,42,12,1636.1,2025-12-08 00:06:43,17034.0,,6,42,12,1936.092773,2025-12-08 00:07:43
6,43,12,1639.5,2025-12-08 00:06:44,16033.0,,6,43,12,1940.281616,2025-12-08 00:07:44
6,44,12,1635.4,2025-12-08 00:06:45,15031.0,,6,44,12,1944.368896,2025-12-08 00:07:45
6,45,12,1635.0,2025-12-08 00:06:46,14030.0,,6,45,12,1948.355347,2025-12-08 00:07:46
6,46,12,1632.3,2025-12-08 00:06:47,13028.0,,6,46,12,1952.240967,2025-12-08 00:07:47
6,47,12,1637.7,2025-12-08 00:06:48,12027.0,,6,47,12,1956.026855,2025-12-08 00:07:48
6,48,12,1638.8,2025-12-08 00:06:49,11025.0,,6,48,12,1959.713501,2025-12-08 00:07:49
6,49,12,1637.0,2025-12-08 00:06:50,10023.0,,6,49,12,1963.30188,2025-12-08 00:07:50
6,50,12,1638.6,2025-12-08 00:06:51,9022.0,,6,50,12,1966.792969,2025-12-08 00:07:51
6,51,12,1633.6,2025-12-08 00:06:52,8021.0,,6,51,12,1970.188354,2025-12-08 00:07:52
6,52,12,1634.8,2025-12-08 00:06:53,7020.0,,6,52,12,1973.488159,2025-12-08 00:07:53
6,53,12,1632.2,2025-12-08 00:06:54,6019.0,,6,53,12,1976.694702,2025-12-08 00:07:54
6,54,12,1636.4,2025-12-08 00:06:55,5018.0,,6,54,12,1979.808838,2025-12-08 00:07:55
6,55,12,1643.6,2025-12-08 00:06:56,4016.0,,6,55,12,1982.832153,2025-12-08 00:07:56
6,56,12,1646.0,2025-12-08 00:06:57,3014.0,,6,56,12,1985.766113,2025-12-08 00:07:57
6,57,12,1636.0,2025-12-08 00:06:58,2013.0,,6,57,12,1988.612427,2025-12-08 00:07:58
6,58,12,1635.3,2025-12-08 00:06:59,1012.0,,6,58,12,1991.372314,2025-12-08 00:07:59
6,59,12,1641.8,2025-12-08 00:07:00,10.0,,6,59,12,1994.047852,2025-12-08 00:08:00
7,0,12,1639.8,2025-12-08 00:07:01,59115.0,,7,0,12,1690.074097,2025-12-08 00:08:01
7,1,12,1640.6,2025-12-08 00:07:02,58112.0,,7,1,12,1695.494751,2025-12-08 00:08:02
7,2,12,1639.7,2025-12-08 00:07:03,57111.0,,7,2,12,1701.209839,2025-12-08 00:08:03
7,3,12,1635.1,2025-12-08 00:07:04,56106.0,,7,3,12,1707.079102,2025-12-08 00:08:04
7,4,12,1632.1,2025-12-08 00:07:05,55104.0,,7,4,12,1713.095093,2025-12-08 00:08:05
7,5,12,1632.1,2025-12-08 00:07:06,54101.0,,7,5,12,1719.232666,2025-12-08 00:08:06
7,6,12,1636.0,2025-12-08 00:07:07,53100.0,,7,6,12,1725.470093,2025-12-08 00:08:07
7,7,12,1631.3,2025-12-08 00:07:08,52099.0,,7,7,12,1731.789185,2025-12-08 00:08:08
7,8,12,1640.0,2025-12-08 00:07:09,51098.0,,7,8,12,1738.175049,2025-12-08 00:08:09
7,9,12,1632.6,2025-12-08 00:07:10,50097.0,,7,9,12,1744.616211,2025-12-08 00:08:10
7,10,12,1637.0,2025-12-08 00:07:11,49096.0,,7,10,12,1751.101318,2025-12-08 00:08:11
7,11,12,1633.0,2025-12-08 00:07:12,48094.0,,7,11,12,1757.62207,2025-12-08 00:08:12
7,12,12,1637.1,2025-12-08 00:07:13,47092.0,,7,12,12,1764.170532,2025-12-08 00:08:13
7,13,12,1633.8,2025-12-08 00:07:14,46090.0,,7,13,12,1770.73938,2025-12-08 00:08:14
7,14,12,1638.7,2025-12-08 00:07:15,45088.0,,7,14,12,1777.32251,2025-12-08 00:08:15
7,15,12,1636.0,2025-12-08 00:07:16,44087.0,,7,15,12,1783.913086,2025-12-08 00:08:16
7,16,12,1636.0,2025-12-08 00:07:17,43085.0,,7,16,12,1790.505981,2025-12-08 00:08:17
7,17,12,1636.9,2025-12-08 00:07:18,42084.0,,7,17,12,1797.095703,2025-12-08 00:08:18
7,18,12,1643.6,2025-12-08 00:07:19,41083.0,,7,18,12,1803.676758,2025-12-08 00:08:19
7,19,12,1642.3,2025-12-08 00:07:20,40080.0,,7,19,12,1810.244507,2025-12-08 00:08:20
7,20,12,1633.9,2025-12-08 00:07:21,39079.0,,7,20,12,1816.793335,2025-12-08 00:08:21
7,21,12,1632.3,2025-12-08 00:07:22,38078.0,,7,21,12,1823.318848,2025-12-08 00:08:22
7,22,12,1638.7,2025-12-08 00:07:23,37077.0,,7,22,12,1829.81604,2025-12-08 00:08:23
7,23,12,1639.6,2025-12-08 00:07:24,36076.0,,7,23,12,1836.28064,2025-12-08 00:08:24
7,24,12,1635.6,2025-12-08 00:07:25,35075.0,,7,24,12,1842.707764,2025-12-08 00:08:25
7,25,12,1640.2,2025-12-08 00:07:26,34074.0,,7,25,12,1849.09314,2025-12-08 00:08:26
7,26,12,1629.9,2025-12-08 00:07:27,33073.0,,7,26,12,1855.432251,2025-12-08 00:08:27
7,27,12,1635.4,2025-12-08 00:07:28,32072.0,,7,27,12,1861.720459,2025-12-08 00:08:28
7,28,12,1635.3,2025-12-08 00:07:29,31070.0,,7,28,12,1867.95459,2025-12-08 00:08:29
7,29,12,1655.3,2025-12-08 00:07:30,30069.0,,7,29,12,1874.130127,2025-12-08 00:08:30
7,30,12,1635.4,2025-12-08 00:07:31,29069.0,,7,30,12,1880.243408,2025-12-08 00:08:31
7,31,12,1637.4,2025-12-08 00:07:32,28066.0,,7,31,12,1886.290283,2025-12-08 00:08:32
7,32,12,1637.8,2025-12-08 00:07:33,27064.0,,7,32,12,1892.26709,2025-12-08 00:08:33
7,33,12,1634.9,2025-12-08 00:07:34,26063.0,,7,33,12,1898.171021,2025-12-08 00:08:34
7,34,12,1635.1,2025-12-08 00:07:35,25061.0,,7,34,12,1903.998413,2025-12-08 00:08:35
7,35,12,1634.9,2025-12-08 00:07:36,24060.0,,7,35,12,1909.746338,2025-12-08 00:08:36
7,36,12,1638.0,2025-12-08 00:07:37,23059.0,,7,36,12,1915.411743,2025-12-08 00:08:37
7,37,12,1637.1,2025-12-08 00:07:38,22058.0,,7,37,12,1920.992432,2025-12-08 00:08:38
7,38,12,1637.5,2025-12-08 00:07:39,21057.0,,7,38,12,1926.485352,2025-12-08 00:08:39
7,39,12,1636.6,2025-12-08 00:07:40,20055.0,,7,39,12,1931.888184,2025-12-08 00:08:40
7,40,12,1637.9,2025-12-08 00:07:41,19053.0,,7,40,12,1937.199463,2025-12-08 00:08:41
7,41,12,1643.3,2025-12-08 00:07:42,18052.0,,7,41,12,1942.416626,2025-12-08 00:08:42
7,42,12,1631.1,2025-12-08 00:07:43,17051.0,,7,42,12,1947.538452,2025-12-08 00:08:43
7,43,12,1627.5,2025-12-08 00:07:44,16050.0,,7,43,12,1952.56311,2025-12-08 00:08:44
7,44,12,1634.3,2025-12-08 00:07:45,15049.0,,7,44,12,1957.489136,2025-12-08 00:08:45
7,45,12,1635.9,2025-12-08 00:07:46,14048.0,,7,45,12,1962.315796,2025-12-08 00:08:46
7,46,12,1639.1,2025-12-08 00:07:47,13046.0,,7,46,12,1967.042358,2025-12-08 00:08:47
7,47,12,1634.1,2025-12-08 00:07:48,12045.0,,7,47,12,1971.667847,2025-12-08 00:08:48
7,48,12,1634.9,2025-12-08 00:07:49,11044.0,,7,48,12,1976.191895,2025-12-08 00:08:49
7,49,12,1634.1,2025-12-08 00:07:50,10042.0,,7,49,12,1980.613892,2025-12-08 00:08:50
7,50,12,1637.5,2025-12-08 00:07:51,9040.0,,7,50,12,1984.934082,2025-12-08 00:08:51
7,51,12,1632.8,2025-12-08 00:07:52,8039.0,,7,51,12,1989.152466,2025-12-08 00:08:52
7,52,12,1633.8,2025-12-08 00:07:53,7038.0,,7,52,12,1993.268433,2025-12-08 00:08:53
7,53,12,1633.5,2025-12-08 00:07:54,6036.0,,7,53,12,1997.283447,2025-12-08 00:08:54
7,54,12,1638.4,2025-12-08 00:07:55,5034.0,,7,54,12,2001.197266,2025-12-08 00:08:55
7,55,12,1642.0,2025-12-08 00:07:56,4032.0,,7,55,12,2005.010376,2025-12-08 00:08:56
7,56,12,1641.0,2025-12-08 00:07:57,3030.0,,7,56,12,2008.724121,2025-12-08 00:08:57
7,57,12,1640.2,2025-12-08 00:07:58,2028.0,,7,57,12,2012.339111,2025-12-08 00:08:58
7,58,12,1638.3,2025-12-08 00:07:59,1027.0,,7,58,12,2015.856323,2025-12-08 00:08:59
7,59,12,1641.1,2025-12-08 00:08:00,26.0,,7,59,12,2019.276611,2025-12-08 00:09:00
8,0,12,1642.0,2025-12-08 00:08:01,59132.0,,8,0,12,1695.479736,2025-12-08 00:09:01
8,1,12,1639.3,2025-12-08 00:08:02,58130.0,,8,1,12,1700.891724,2025-12-08 00:09:02
8,2,12,1635.9,2025-12-08 00:08:03,57129.0,,8,2,12,1706.61438,2025-12-08 00:09:03
8,3,12,1645.0,2025-12-08 00:08:04,56126.0,,8,3,12,1712.49231,2025-12-08 00:09:04
8,4,12,1636.1,2025-12-08 00:08:05,55124.0,,8,4,12,1718.519409,2025-12-08 00:09:05
8,5,12,1638.0,2025-12-08 00:08:06,54123.0,,8,5,12,1724.669434,2025-12-08 00:09:06
8,6,12,1636.4,2025-12-08 00:08:07,53119.0,,8,6,12,1730.919312,2025-12-08 00:09:07
8,7,12,1637.5,2025-12-08 00:08:08,52117.0,,8,7,12,1737.250854,2025-12-08 00:09:08
8,8,12,1637.5,2025-12-08 00:08:09,51116.0,,8,8,12,1743.648315,2025-12-08 00:09:09
8,9,12,1639.2,2025-12-08 00:08:10,50112.0,,8,9,12,1750.099487,2025-12-08 00:09:10
8,10,12,1638.6,2025-12-08 00:08:11,49111.0,,8,10,12,1756.592773,2025-12-08 00:09:11
8,11,12,1639.1,2025-12-08 00:08:12,48110.0,,8,11,12,1763.119507,2025-12-08 00:09:12
8,12,12,1639.1,2025-12-08 00:08:13,47109.0,,8,12,12,1769.671631,2025-12-08 00:09:13
8,13,12,1641.4,2025-12-08 00:08:14,46107.0,,8,13,12,1776.241333,2025-12-08 00:09:14
8,14,12,1634.1,2025-12-08 00:08:15,45106.0,,8,14,12,1782.822021,2025-12-08 00:09:15
8,15,12,1635.5,2025-12-08 00:08:16,44104.0,,8,15,12,1789.407471,2025-12-08 00:09:16
8,16,12,1637.7,2025-12-08 00:08:17,43102.0,,8,16,12,1795.992065,2025-12-08 00:09:17
8,17,12,1637.6,2025-12-08 00:08:18,42101.0,,8,17,12,1802.569702,2025-12-08 00:09:18
8,18,12,1641.0,2025-12-08 00:08:19,41100.0,,8,18,12,1809.135864,2025-12-08 00:09:19
8,19,12,1645.3,2025-12-08 00:08:20,40097.0,,8,19,12,1815.684692,2025-12-08 00:09:20
8,20,12,1636.8,2025-12-08 00:08:21,39095.0,,8,20,12,1822.21167,2025-12-08 00:09:21
8,21,12,1637.6,2025-12-08 00:08:22,38094.0,,8,21,12,1828.711548,2025-12-08 00:09:22
8,22,12,1635.8,2025-12-08 00:08:23,37093.0,,8,22,12,1835.17981,2025-12-08 00:09:23
8,23,12,1648.3,2025-12-08 00:08:24,36091.0,,8,23,12,1841.611694,2025-12-08 00:09:24
8,24,12,1638.6,2025-12-08 00:08:25,35090.0,,8,24,12,1848.002808,2025-12-08 00:09:25
8,25,12,1646.3,2025-12-08 00:08:26,34089.0,,8,25,12,1854.348755,2025-12-08 00:09:26
8,26,12,1638.6,2025-12-08 00:08:27,33087.0,,8,26,12,1860.64502,2025-12-08 00:09:27
8,27,12,1641.7,2025-12-08 00:08:28,32085.0,,8,27,12,1866.887695,2025-12-08 00:09:28
8,28,12,1635.9,2025-12-08 00:08:29,31084.0,,8,28,12,1873.072388,2025-12-08 00:09:29
8,29,12,1641.1,2025-12-08 00:08:30,30081.0,,8,29,12,1879.195557,2025-12-08 00:09:30
8,30,12,1637.3,2025-12-08 00:08:31,29076.0,,8,30,12,1885.25293,2025-12-08 00:09:31
8,31,12,1638.4,2025-12-08 00:08:32,28073.0,,8,31,12,1891.241455,2025-12-08 00:09:32
8,32,12,1643.4,2025-12-08 00:08:33,27071.0,,8,32,12,1897.157349,2025-12-08 00:09:33
8,33,12,1655.5,2025-12-08 00:08:34,26067.0,,8,33,12,1902.997437,2025-12-08 00:09:34
8,34,12,1640.1,2025-12-08 00:08:35,25065.0,,8,34,12,1908.758911,2025-12-08 00:09:35
8,35,12,1641.4,2025-12-08 00:08:36,24061.0,,8,35,12,1914.43811,2025-12-08 00:09:36
8,36,12,1640.0,2025-12-08 00:08:37,23060.0,,8,36,12,1920.033203,2025-12-08 00:09:37
8,37,12,1640.5,2025-12-08 00:08:38,22058.0,,8,37,12,1925.540894,2025-12-08 00:09:38
8,38,12,1642.6,2025-12-08 00:08:39,21056.0,,8,38,12,1930.958984,2025-12-08 00:09:39
8,39,12,1642.8,2025-12-08 00:08:40,20054.0,,8,39,12,1936.285767,2025-12-08 00:09:40
8,40,12,1638.8,2025-12-08 00:08:41,19051.0,,8,40,12,1941.519043,2025-12-08 00:09:41
8,41,12,1653.7,2025-12-08 00:08:42,18044.0,,8,41,12,1946.65686,2025-12-08 00:09:42
8,42,12,1639.3,2025-12-08 00:08:43,17041.0,,8,42,12,1951.69812,2025-12-08 00:09:43
8,43,12,1639.6,2025-12-08 00:08:44,16039.0,,8,43,12,1956.641113,2025-12-08 00:09:44
8,44,12,1644.4,2025-12-08 00:08:45,15038.0,,8,44,12,1961.484985,2025-12-08 00:09:45
8,45,12,1642.0,2025-12-08 00:08:46,14036.0,,8,45,12,1966.22876,2025-12-08 00:09:46
8,46,12,1638.1,2025-12-08 00:08:47,13035.0,,8,46,12,1970.871582,2025-12-08 00:09:47
8,47,12,1639.6,2025-12-08 00:08:48,12034.0,,8,47,12,1975.412964,2025-12-08 00:09:48
8,48,12,1638.7,2025-12-08 00:08:49,11033.0,,8,48,12,1979.852661,2025-12-08 00:09:49
8,49,12,1656.2,2025-12-08 00:08:50,10031.0,,8,49,12,1984.19043,2025-12-08 00:09:50
8,50,12,1650.9,2025-12-08 00:08:51,9029.0,,8,50,12,1988.426392,2025-12-08 00:09:51
8,51,12,1639.2,2025-12-08 00:08:52,8028.0,,8,51,12,1992.560425,2025-12-08 00:09:52
8,52,12,1639.9,2025-12-08 00:08:53,7027.0,,8,52,12,1996.593018,2025-12-08 00:09:53
8,53,12,1639.0,2025-12-08 00:08:54,6025.0,,8,53,12,2000.524414,2025-12-08 00:09:54
8,54,12,1640.3,2025-12-08 00:08:55,5023.0,,8,54,12,2004.355347,2025-12-08 00:09:55
8,55,12,1642.1,2025-12-08 00:08:56,4022.0,,8,55,12,2008.086304,2025-12-08 00:09:56
8,56,12,1642.8,2025-12-08 00:08:57,3015.0,,8,56,12,2011.718506,2025-12-08 00:09:57
8,57,12,1642.4,2025-12-08 00:08:58,2014.0,,8,57,12,2015.252686,2025-12-08 00:09:58
8,58,12,1645.1,2025-12-08 00:08:59,1012.0,,8,58,12,2018.690063,2025-12-08 00:09:59
8,59,12,1642.0,2025-12-08 00:09:00,10.0,,8,59,12,2022.031616,2025-12-08 00:10:00
9,0,12,1644.8,2025-12-08 00:09:01,60090.0,,9,0,12,1703.779663,2025-12-08 00:10:01
9,1,12,1642.8,2025-12-08 00:09:02,59081.0,,9,1,12,1709.279907,2025-12-08 00:10:02
9,2,12,1645.5,2025-12-08 00:09:03,58067.0,,9,2,12,1715.071655,2025-12-08 00:10:03
9,3,12,1645.8,2025-12-08 00:09:04,57065.0,,9,3,12,1721.011108,2025-12-08 00:10:04
9,4,12,1642.7,2025-12-08 00:09:05,55993.0,,9,4,12,1727.092407,2025-12-08 00:10:05
9,5,12,1644.1,2025-12-08 00:09:06,54992.0,,9,5,12,1733.289429,2025-12-08 00:10:06
9,6,12,1640.4,2025-12-08 00:09:07,53990.0,,9,6,12,1739.580322,2025-12-08 00:10:07
9,7,12,1643.6,2025-12-08 00:09:08,52986.0,,9,7,12,1745.946289,2025-12-08 00:10:08
9,8,12,1644.6,2025-12-08 00:09:09,51780.0,,9,8,12,1752.372559,2025-12-08 00:10:09
9,9,12,1643.8,2025-12-08 00:09:10,50752.0,,9,9,12,1758.846313,2025-12-08 00:10:10
9,10,12,1640.3,2025-12-08 00:09:11,49665.0,,9,10,12,1765.357178,2025-12-08 00:10:11
9,11,12,1644.2,2025-12-08 00:09:12,48476.0,,9,11,12,1771.895508,2025-12-08 00:10:12
9,12,12,1642.8,2025-12-08 00:09:13,47419.0,,9,12,12,1778.453247,2025-12-08 00:10:13
9,13,12,1643.1,2025-12-08 00:09:14,46386.0,,9,13,12,1785.022949,2025-12-08 00:10:14
9,14,12,1647.6,2025-12-08 00:09:15,45232.0,,9,14,12,1791.598022,2025-12-08 00:10:15
9,15,12,1647.6,2025-12-08 00:09:16,44230.0,,9,15,12,1798.172363,2025-12-08 00:10:16
9,16,12,1652.4,2025-12-08 00:09:17,43228.0,,9,16,12,1804.739868,2025-12-08 00:10:17
9,17,12,1647.4,2025-12-08 00:09:18,42210.0,,9,17,12,1811.294922,2025-12-08 00:10:18
9,18,12,1649.1,2025-12-08 00:09:19,41078.0,,9,18,12,1817.832275,2025-12-08 00:10:19
9,19,12,1649.4,2025-12-08 00:09:20,40076.0,,9,19,12,1824.34668,2025-12-08 00:10:20
9,20,12,1653.0,2025-12-08 00:09:21,39075.0,,9,20,12,1830.833496,2025-12-08 00:10:21
9,21,12,1641.0,2025-12-08 00:09:22,38070.0,,9,21,12,1837.287598,2025-12-08 00:10:22
9,22,12,1654.3,2025-12-08 00:09:23,37069.0,,9,22,12,1843.704102,2025-12-08 00:10:23
9,23,12,1647.2,2025-12-08 00:09:24,36067.0,,9,23,12,1850.078735,2025-12-08 00:10:24
9,24,12,1646.7,2025-12-08 00:09:25,35063.0,,9,24,12,1856.406982,2025-12-08 00:10:25
9,25,12,1647.4,2025-12-08 00:09:26,34061.0,,9,25,12,1862.68457,2025-12-08 00:10:26
9,26,12,1648.0,2025-12-08 00:09:27,33060.0,,9,26,12,1868.907227,2025-12-08 00:10:27
9,27,12,1649.5,2025-12-08 00:09:28,32055.0,,9,27,12,1875.071167,2025-12-08 00:10:28
9,28,12,1648.5,2025-12-08 00:09:29,31054.0,,9,28,12,1881.171997,2025-12-08 00:10:29
9,29,12,1648.1,2025-12-08 00:09:30,30051.0,,9,29,12,1887.206421,2025-12-08 00:10:30
9,30,12,1666.0,2025-12-08 00:09:31,29048.0,,9,30,12,1893.170898,2025-12-08 00:10:31
9,31,12,1646.8,2025-12-08 00:09:32,28047.0,,9,31,12,1899.062012,2025-12-08 00:10:32
9,32,12,1649.1,2025-12-08 00:09:33,27046.0,,9,32,12,1904.876099,2025-12-08 00:10:33
9,33,12,1644.5,2025-12-08 00:09:34,26044.0,,9,33,12,1910.610596,2025-12-08 00:10:34
9,34,12,1647.9,2025-12-08 00:09:35,25043.0,,9,34,12,1916.261841,2025-12-08 00:10:35
9,35,12,1652.3,2025-12-08 00:09:36,24042.0,,9,35,12,1921.828125,2025-12-08 00:10:36
9,36,12,1651.4,2025-12-08 00:09:37,23041.0,,9,36,12,1927.306763,2025-12-08 00:10:37
9,37,12,1651.4,2025-12-08 00:09:38,22037.0,,9,37,12,1932.694946,2025-12-08 00:10:38
9,38,12,1648.4,2025-12-08 00:09:39,21035.0,,9,38,12,1937.991211,2025-12-08 00:10:39
9,39,12,1649.6,2025-12-08 00:09:40,20032.0,,9,39,12,1943.193115,2025-12-08 00:10:40
9,40,12,1649.0,2025-12-08 00:09:41,19030.0,,9,40,12,1948.299683,2025-12-08 00:10:41
9,41,12,1656.9,2025-12-08 00:09:42,18029.0,,9,41,12,1953.30896,2025-12-08 00:10:42
9,42,12,1647.1,2025-12-08 00:09:43,17027.0,,9,42,12,1958.219849,2025-12-08 00:10:43
9,43,12,1647.7,2025-12-08 00:09:44,16026.0,,9,43,12,1963.031006,2025-12-08 00:10:44
9,44,12,1643.9,2025-12-08 00:09:45,15025.0,,9,44,12,1967.741821,2025-12-08 00:10:45
9,45,12,1649.2,2025-12-08 00:09:46,14024.0,,9,45,12,1972.351807,2025-12-08 00:10:46
9,46,12,1647.6,2025-12-08 00:09:47,13023.0,,9,46,12,1976.860107,2025-12-08 00:10:47
9,47,12,1650.3,2025-12-08 00:09:48,12022.0,,9,47,12,1981.266724,2025-12-08 00:10:48
9,48,12,1643.3,2025-12-08 00:09:49,11021.0,,9,48,12,1985.571289,2025-12-08 00:10:49
9,49,12,1646.2,2025-12-08 00:09:50,10020.0,,9,49,12,1989.774048,2025-12-08 00:10:50
9,50,12,1664.8,2025-12-08 00:09:51,9018.0,,9,50,12,1993.875122,2025-12-08 00:10:51
9,51,12,1649.0,2025-12-08 00:09:52,8017.0,,9,51,12,1997.874878,2025-12-08 00:10:52
9,52,12,1646.6,2025-12-08 00:09:53,7016.0,,9,52,12,2001.773804,2025-12-08 00:10:53
9,53,12,1647.1,2025-12-08 00:09:54,6015.0,,9,53,12,2005.572266,2025-12-08 00:10:54
9,54,12,1644.2,2025-12-08 00:09:55,5014.0,,9,54,12,2009.271362,2025-12-08 00:10:55
9,55,12,1648.9,2025-12-08 00:09:56,4013.0,,9,55,12,2012.872192,2025-12-08 00:10:56
9,56,12,1659.4,2025-12-08 00:09:57,3012.0,,9,56,12,2016.374756,2025-12-08 00:10:57
9,57,12,1649.8,2025-12-08 00:09:58,2011.0,,9,57,12,2019.78125,2025-12-08 00:10:58
9,58,12,1650.1,2025-12-08 00:09:59,1010.0,,9,58,12,2023.092285,2025-12-08 00:10:59
9,59,12,1654.0,2025-12-08 00:10:00,9.0,,9,59,12,2026.309326,2025-12-08 00:11:00
10,0,12,1649.0,2025-12-08 00:10:01,59102.0,,10,0,12,883.91272,2025-12-08 00:11:01
10,1,12,1654.1,2025-12-08 00:10:02,58101.0,,10,1,12,900.696228,2025-12-08 00:11:02
10,2,12,1656.5,2025-12-08 00:10:03,57100.0,,10,2,12,922.065247,2025-12-08 00:11:03
10,3,12,1653.3,2025-12-08 00:10:04,56098.0,,10,3,12,945.195801,2025-12-08 00:11:04
10,4,12,1653.2,2025-12-08 00:10:05,55097.0,,10,4,12,969.366516,2025-12-08 00:11:05
10,5,12,1652.9,2025-12-08 00:10:06,54096.0,,10,5,12,993.994507,2025-12-08 00:11:06
10,6,12,1649.5,2025-12-08 00:10:07,53094.0,,10,6,12,1018.622864,2025-12-08 00:11:07
10,7,12,1476.0,2025-12-08 00:10:08,52093.0,,10,7,12,1042.897339,2025-12-08 00:11:08
10,8,12,1482.2,2025-12-08 00:10:09,51093.0,,10,8,12,1066.552368,2025-12-08 00:11:09
10,9,12,1487.8,2025-12-08 00:10:10,50091.0,,10,9,12,1089.377563,2025-12-08 00:11:10
10,10,12,1492.5,2025-12-08 00:10:11,49090.0,,10,10,12,1111.220825,2025-12-08 00:11:11
10,11,12,1445.8,2025-12-08 00:10:12,48089.0,,10,11,12,1131.976807,2025-12-08 00:11:12
10,12,12,628.1,2025-12-08 00:10:13,47085.0,,10,12,12,1151.580811,2025-12-08 00:11:13
10,13,12,656.6,2025-12-08 00:10:14,46084.0,,10,13,12,1170.036865,2025-12-08 00:11:14
10,14,12,662.0,2025-12-08 00:10:15,45082.0,,10,14,12,1187.296143,2025-12-08 00:11:15
10,15,12,663.0,2025-12-08 00:10:16,44080.0,,10,15,12,1203.37793,2025-12-08 00:11:16
10,16,12,695.3,2025-12-08 00:10:17,43079.0,,10,16,12,1218.320312,2025-12-08 00:11:17
10,17,12,663.2,2025-12-08 00:10:18,42078.0,,10,17,12,1232.174805,2025-12-08 00:11:18
10,18,12,673.7,2025-12-08 00:10:19,41077.0,,10,18,12,1245.009399,2025-12-08 00:11:19
10,19,12,667.2,2025-12-08 00:10:20,40076.0,,10,19,12,1256.892822,2025-12-08 00:11:20
10,20,12,664.8,2025-12-08 00:10:21,39074.0,,10,20,12,1267.901367,2025-12-08 00:11:21
10,21,12,661.4,2025-12-08 00:10:22,38073.0,,10,21,12,1278.110229,2025-12-08 00:11:22
10,22,12,661.7,2025-12-08 00:10:23,37072.0,,10,22,12,1287.594238,2025-12-08 00:11:23
10,23,12,661.1,2025-12-08 00:10:24,36071.0,,10,23,12,1296.424438,2025-12-08 00:11:24
10,24,12,659.0,2025-12-08 00:10:25,35070.0,,10,24,12,1304.668579,2025-12-08 00:11:25
10,25,12,664.7,2025-12-08 00:10:26,34069.0,,10,25,12,1312.38916,2025-12-08 00:11:26
10,26,12,661.8,2025-12-08 00:10:27,33067.0,,10,26,12,1319.643677,2025-12-08 00:11:27
10,27,12,662.2,2025-12-08 00:10:28,32066.0,,10,27,12,1326.485229,2025-12-08 00:11:28
10,28,12,661.0,2025-12-08 00:10:29,31065.0,,10,28,12,1332.961548,2025-12-08 00:11:29
10,29,12,661.4,2025-12-08 00:10:30,30064.0,,10,29,12,1339.115479,2025-12-08 00:11:30
10,30,12,667.2,2025-12-08 00:10:31,29063.0,,10,30,12,1344.985474,2025-12-08 00:11:31
10,31,12,661.4,2025-12-08 00:10:32,28062.0,,10,31,12,1350.606323,2025-12-08 00:11:32
10,32,12,665.0,2025-12-08 00:10:33,27061.0,,10,32,12,1356.009033,2025-12-08 00:11:33
10,33,12,661.6,2025-12-08 00:10:34,26060.0,,10,33,12,1361.220459,2025-12-08 00:11:34
10,34,12,663.5,2025-12-08 00:10:35,25059.0,,10,34,12,1366.265503,2025-12-08 00:11:35
10,35,12,663.4,2025-12-08 00:10:36,24058.0,,10,35,12,1371.165527,2025-12-08 00:11:36
10,36,12,664.3,2025-12-08 00:10:37,23055.0,,10,36,12,1375.940186,2025-12-08 00:11:37
10,37,12,663.1,2025-12-08 00:10:38,22054.0,,10,37,12,1380.605957,2025-12-08 00:11:38
10,38,12,664.0,2025-12-08 00:10:39,21043.0,,10,38,12,1385.178345,2025-12-08 00:11:39
10,39,12,664.9,2025-12-08 00:10:40,20041.0,,10,39,12,1389.671021,2025-12-08 00:11:40
10,40,12,662.9,2025-12-08 00:10:41,19040.0,,10,40,12,1394.096069,2025-12-08 00:11:41
10,41,12,666.7,2025-12-08 00:10:42,18037.0,,10,41,12,1398.463379,2025-12-08 00:11:42
10,42,12,656.2,2025-12-08 00:10:43,17036.0,,10,42,12,1402.783203,2025-12-08 00:11:43
10,43,12,622.7,2025-12-08 00:10:44,16033.0,,10,43,12,1407.063965,2025-12-08 00:11:44
10,44,12,516.2,2025-12-08 00:10:45,15026.0,,10,44,12,1411.312988,2025-12-08 00:11:45
10,45,12,514.8,2025-12-08 00:10:46,14025.0,,10,45,12,1415.537231,2025-12-08 00:11:46
10,46,12,515.2,2025-12-08 00:10:47,13024.0,,10,46,12,1419.742798,2025-12-08 00:11:47
10,47,12,522.1,2025-12-08 00:10:48,12023.0,,10,47,12,1423.935181,2025-12-08 00:11:48
10,48,12,512.5,2025-12-08 00:10:49,11022.0,,10,48,12,1428.119629,2025-12-08 00:11:49
10,49,12,513.8,2025-12-08 00:10:50,10021.0,,10,49,12,1432.300171,2025-12-08 00:11:50
10,50,12,517.9,2025-12-08 00:10:51,9020.0,,10,50,12,1436.481567,2025-12-08 00:11:51
10,51,12,517.4,2025-12-08 00:10:52,8019.0,,10,51,12,1440.667236,2025-12-08 00:11:52
10,52,12,514.4,2025-12-08 00:10:53,7018.0,,10,52,12,1444.86084,2025-12-08 00:11:53
10,53,12,514.6,2025-12-08 00:10:54,6017.0,,10,53,12,1449.065552,2025-12-08 00:11:54
10,54,12,516.2,2025-12-08 00:10:55,5015.0,,10,54,12,1453.284546,2025-12-08 00:11:55
10,55,12,521.4,2025-12-08 00:10:56,4014.0,,10,55,12,1457.520386,2025-12-08 00:11:56
10,56,12,580.7,2025-12-08 00:10:57,3013.0,,10,56,12,1461.776123,2025-12-08 00:11:57
10,57,12,531.3,2025-12-08 00:10:58,2011.0,,10,57,12,1466.056396,2025-12-08 00:11:58
10,58,12,531.6,2025-12-08 00:10:59,1011.0,,10,58,12,1470.359131,2025-12-08 00:11:59
10,59,12,530.8,2025-12-08 00:11:00,9.0,,10,59,12,1474.688354,2025-12-08 00:12:00
11,0,12,545.6,2025-12-08 00:11:01,59106.0,,11,0,12,915.277832,2025-12-08 00:12:01
11,1,12,533.3,2025-12-08 00:11:02,58105.0,,11,1,12,929.523865,2025-12-08 00:12:02
11,2,12,533.0,2025-12-08 00:11:03,57104.0,,11,2,12,946.578979,2025-12-08 00:12:03
11,3,12,532.3,2025-12-08 00:11:04,56103.0,,11,3,12,964.714355,2025-12-08 00:12:04
11,4,12,530.6,2025-12-08 00:11:05,55102.0,,11,4,12,983.431824,2025-12-08 00:12:05
11,5,12,533.9,2025-12-08 00:11:06,54100.0,,11,5,12,1002.336975,2025-12-08 00:12:06
11,6,12,545.0,2025-12-08 00:11:07,53099.0,,11,6,12,1021.125793,2025-12-08 00:12:07
11,7,12,536.6,2025-12-08 00:11:08,52098.0,,11,7,12,1039.566162,2025-12-08 00:12:08
11,8,12,535.9,2025-12-08 00:11:09,51097.0,,11,8,12,1057.486084,2025-12-08 00:12:09
11,9,12,535.9,2025-12-08 00:11:10,50093.0,,11,9,12,1074.758911,2025-12-08 00:12:10
11,10,12,536.0,2025-12-08 00:11:11,49092.0,,11,10,12,1091.296997,2025-12-08 00:12:11
11,11,12,535.8,2025-12-08 00:11:12,48091.0,,11,11,12,1107.044434,2025-12-08 00:12:12
11,12,12,536.9,2025-12-08 00:11:13,47090.0,,11,12,12,1121.971069,2025-12-08 00:12:13
11,13,12,612.6,2025-12-08 00:11:14,46089.0,,11,13,12,1136.068115,2025-12-08 00:12:14
11,14,12,655.2,2025-12-08 00:11:15,45087.0,,11,14,12,1149.339722,2025-12-08 00:12:15
11,15,12,661.7,2025-12-08 00:11:16,44086.0,,11,15,12,1161.809326,2025-12-08 00:12:16
11,16,12,661.1,2025-12-08 00:11:17,43085.0,,11,16,12,1173.511841,2025-12-08 00:12:17
11,17,12,662.9,2025-12-08 00:11:18,42084.0,,11,17,12,1184.486816,2025-12-08 00:12:18
11,18,12,666.1,2025-12-08 00:11:19,41081.0,,11,18,12,1194.778809,2025-12-08 00:12:19
11,19,12,665.0,2025-12-08 00:11:20,40080.0,,11,19,12,1204.434692,2025-12-08 00:12:20
11,20,12,666.3,2025-12-08 00:11:21,39079.0,,11,20,12,1213.503174,2025-12-08 00:12:21
11,21,12,658.7,2025-12-08 00:11:22,38078.0,,11,21,12,1222.032104,2025-12-08 00:12:22
11,22,12,659.3,2025-12-08 00:11:23,37076.0,,11,22,12,1230.068726,2025-12-08 00:12:23
11,23,12,662.5,2025-12-08 00:11:24,36075.0,,11,23,12,1237.657227,2025-12-08 00:12:24
11,24,12,660.2,2025-12-08 00:11:25,35074.0,,11,24,12,1244.839844,2025-12-08 00:12:25
11,25,12,657.6,2025-12-08 00:11:26,34072.0,,11,25,12,1251.656372,2025-12-08 00:12:26
11,26,12,662.6,2025-12-08 00:11:27,33071.0,,11,26,12,1258.143677,2025-12-08 00:12:27
11,27,12,664.7,2025-12-08 00:11:28,32070.0,,11,27,12,1264.334839,2025-12-08 00:12:28
11,28,12,661.2,2025-12-08 00:11:29,31069.0,,11,28,12,1270.261475,2025-12-08 00:12:29
11,29,12,660.2,2025-12-08 00:11:30,30068.0,,11,29,12,1275.95166,2025-12-08 00:12:30
11,30,12,659.6,2025-12-08 00:11:31,29067.0,,11,30,12,1281.430786,2025-12-08 00:12:31
11,31,12,661.9,2025-12-08 00:11:32,28064.0,,11,31,12,1286.722534,2025-12-08 00:12:32
11,32,12,664.6,2025-12-08 00:11:33,27063.0,,11,32,12,1291.847778,2025-12-08 00:12:33
11,33,12,662.8,2025-12-08 00:11:34,26062.0,,11,33,12,1296.824829,2025-12-08 00:12:34
11,34,12,672.5,2025-12-08 00:11:35,25061.0,,11,34,12,1301.671509,2025-12-08 00:12:35
11,35,12,669.7,2025-12-08 00:11:36,24060.0,,11,35,12,1306.402588,2025-12-08 00:12:36
11,36,12,678.8,2025-12-08 00:11:37,23057.0,,11,36,12,1311.032349,2025-12-08 00:12:37
11,37,12,672.8,2025-12-08 00:11:38,22055.0,,11,37,12,1315.572998,2025-12-08 00:12:38
11,38,12,671.7,2025-12-08 00:11:39,21051.0,,11,38,12,1320.035889,2025-12-08 00:12:39
11,39,12,672.2,2025-12-08 00:11:40,20045.0,,11,39,12,1324.431152,2025-12-08 00:12:40
11,40,12,665.8,2025-12-08 00:11:41,19043.0,,11,40,12,1328.7677,2025-12-08 00:12:41
11,41,12,666.2,2025-12-08 00:11:42,18041.0,,11,41,12,1333.053955,2025-12-08 00:12:42
11,42,12,667.2,2025-12-08 00:11:43,17038.0,,11,42,12,1337.297363,2025-12-08 00:12:43
11,43,12,667.0,2025-12-08 00:11:44,16036.0,,11,43,12,1341.504761,2025-12-08 00:12:44
11,44,12,671.6,2025-12-08 00:11:45,15035.0,,11,44,12,1345.682007,2025-12-08 00:12:45
11,45,12,666.0,2025-12-08 00:11:46,14034.0,,11,45,12,1349.835083,2025-12-08 00:12:46
11,46,12,663.8,2025-12-08 00:11:47,13032.0,,11,46,12,1353.968994,2025-12-08 00:12:47
11,47,12,662.3,2025-12-08 00:11:48,12030.0,,11,47,12,1358.088257,2025-12-08 00:12:48
11,48,12,662.9,2025-12-08 00:11:49,11029.0,,11,48,12,1362.197266,2025-12-08 00:12:49
11,49,12,662.7,2025-12-08 00:11:50,10028.0,,11,49,12,1366.300171,2025-12-08 00:12:50
11,50,12,665.8,2025-12-08 00:11:51,9027.0,,11,50,12,1370.400635,2025-12-08 00:12:51
11,51,12,663.0,2025-12-08 00:11:52,8025.0,,11,51,12,1374.502075,2025-12-08 00:12:52
11,52,12,662.2,2025-12-08 00:11:53,7024.0,,11,52,12,1378.607788,2025-12-08 00:12:53
11,53,12,662.1,2025-12-08 00:11:54,6023.0,,11,53,12,1382.720703,2025-12-08 00:12:54
11,54,12,672.4,2025-12-08 00:11:55,5021.0,,11,54,12,1386.843506,2025-12-08 00:12:55
11,55,12,666.7,2025-12-08 00:11:56,4020.0,,11,55,12,1390.979614,2025-12-08 00:12:56
11,56,12,664.8,2025-12-08 00:11:57,3019.0,,11,56,12,1395.130615,2025-12-08 00:12:57
11,57,12,663.0,2025-12-08 00:11:58,2018.0,,11,57,12,1399.299194,2025-12-08 00:12:58
11,58,12,663.2,2025-12-08 00:11:59,1015.0,,11,58,12,1403.487549,2025-12-08 00:12:59
11,59,12,666.5,2025-12-08 00:12:00,11.0,,11,59,12,1407.69812,2025-12-08 00:13:00
12,0,12,677.6,2025-12-08 00:12:01,59450.0,,12,0,12,945.259033,2025-12-08 00:13:01
12,1,12,663.3,2025-12-08 00:12:02,58449.0,,12,1,12,960.206238,2025-12-08 00:13:02
12,2,12,665.4,2025-12-08 00:12:03,57447.0,,12,2,12,978.450256,2025-12-08 00:13:03
12,3,12,663.7,2025-12-08 00:12:04,56446.0,,12,3,12,997.966675,2025-12-08 00:13:04
12,4,12,663.4,2025-12-08 00:12:05,55441.0,,12,4,12,1018.187317,2025-12-08 00:13:05
12,5,12,665.5,2025-12-08 00:12:06,54438.0,,12,5,12,1038.661865,2025-12-08 00:13:06
12,6,12,664.2,2025-12-08 00:12:07,53434.0,,12,6,12,1059.041748,2025-12-08 00:13:07
12,7,12,662.3,2025-12-08 00:12:08,52433.0,,12,7,12,1079.060181,2025-12-08 00:13:08
12,8,12,662.1,2025-12-08 00:12:09,51432.0,,12,8,12,1098.515991,2025-12-08 00:13:09
12,9,12,662.7,2025-12-08 00:12:10,50427.0,,12,9,12,1117.26123,2025-12-08 00:13:10
12,10,12,660.2,2025-12-08 00:12:11,49424.0,,12,10,12,1135.191528,2025-12-08 00:13:11
12,11,12,664.8,2025-12-08 00:12:12,48419.0,,12,11,12,1152.239136,2025-12-08 00:13:12
12,12,12,663.5,2025-12-08 00:12:13,47415.0,,12,12,12,1168.365601,2025-12-08 00:13:13
12,13,12,662.4,2025-12-08 00:12:14,46412.0,,12,13,12,1183.55835,2025-12-08 00:13:14
12,14,12,662.7,2025-12-08 00:12:15,45411.0,,12,14,12,1197.824829,2025-12-08 00:13:15
12,15,12,666.7,2025-12-08 00:12:16,44411.0,,12,15,12,1211.188599,2025-12-08 00:13:16
12,16,12,664.0,2025-12-08 00:12:17,43347.0,,12,16,12,1223.685791,2025-12-08 00:13:17
12,17,12,663.2,2025-12-08 00:12:18,42344.0,,12,17,12,1235.361572,2025-12-08 00:13:18
12,18,12,668.6,2025-12-08 00:12:19,41342.0,,12,18,12,1246.26709,2025-12-08 00:13:19
12,19,12,668.2,2025-12-08 00:12:20,40341.0,,12,19,12,1256.456543,2025-12-08 00:13:20
12,20,12,662.8,2025-12-08 00:12:21,39336.0,,12,20,12,1265.985962,2025-12-08 00:13:21
12,21,12,665.6,2025-12-08 00:12:22,38316.0,,12,21,12,1274.911377,2025-12-08 00:13:22
12,22,12,662.3,2025-12-08 00:12:23,37315.0,,12,22,12,1283.286377,2025-12-08 00:13:23
12,23,12,662.4,2025-12-08 00:12:24,36242.0,,12,23,12,1291.162842,2025-12-08 00:13:24
12,24,12,661.2,2025-12-08 00:12:25,35218.0,,12,24,12,1298.589722,2025-12-08 00:13:25
12,25,12,660.4,2025-12-08 00:12:26,34124.0,,12,25,12,1305.612061,2025-12-08 00:13:26
12,26,12,661.9,2025-12-08 00:12:27,33122.0,,12,26,12,1312.272217,2025-12-08 00:13:27
12,27,12,665.6,2025-12-08 00:12:28,32120.0,,12,27,12,1318.608276,2025-12-08 00:13:28
12,28,12,666.3,2025-12-08 00:12:29,31100.0,,12,28,12,1324.655396,2025-12-08 00:13:29
12,29,12,662.1,2025-12-08 00:12:30,30099.0,,12,29,12,1330.445801,2025-12-08 00:13:30
12,30,12,662.0,2025-12-08 00:12:31,29098.0,,12,30,12,1336.008301,2025-12-08 00:13:31
12,31,12,659.7,2025-12-08 00:12:32,28095.0,,12,31,12,1341.368774,2025-12-08 00:13:32
12,32,12,664.7,2025-12-08 00:12:33,27093.0,,12,32,12,1346.550781,2025-12-08 00:13:33
12,33,12,663.7,2025-12-08 00:12:34,26092.0,,12,33,12,1351.575195,2025-12-08 00:13:34
12,34,12,662.4,2025-12-08 00:12:35,25091.0,,12,34,12,1356.460815,2025-12-08 00:13:35
12,35,12,670.2,2025-12-08 00:12:36,24086.0,,12,35,12,1361.224854,2025-12-08 00:13:36
12,36,12,660.8,2025-12-08 00:12:37,23084.0,,12,36,12,1365.881836,2025-12-08 00:13:37
12,37,12,662.0,2025-12-08 00:12:38,22079.0,,12,37,12,1370.446289,2025-12-08 00:13:38
12,38,12,659.5,2025-12-08 00:12:39,21073.0,,12,38,12,1374.929688,2025-12-08 00:13:39
12,39,12,659.7,2025-12-08 00:12:40,20071.0,,12,39,12,1379.343262,2025-12-08 00:13:40
12,40,12,659.7,2025-12-08 00:12:41,19065.0,,12,40,12,1383.696777,2025-12-08 00:13:41
12,41,12,662.7,2025-12-08 00:12:42,18060.0,,12,41,12,1387.998779,2025-12-08 00:13:42
12,42,12,665.4,2025-12-08 00:12:43,17059.0,,12,42,12,1392.257568,2025-12-08 00:13:43
12,43,12,688.0,2025-12-08 00:12:44,16058.0,,12,43,12,1396.47998,2025-12-08 00:13:44
12,44,12,669.8,2025-12-08 00:12:45,15054.0,,12,44,12,1400.672974,2025-12-08 00:13:45
12,45,12,675.2,2025-12-08 00:12:46,14051.0,,12,45,12,1404.841675,2025-12-08 00:13:46
12,46,12,667.9,2025-12-08 00:12:47,13046.0,,12,46,12,1408.992065,2025-12-08 00:13:47
12,47,12,668.7,2025-12-08 00:12:48,12045.0,,12,47,12,1413.128906,2025-12-08 00:13:48
12,48,12,668.7,2025-12-08 00:12:49,11044.0,,12,48,12,1417.256836,2025-12-08 00:13:49
12,49,12,668.6,2025-12-08 00:12:50,10043.0,,12,49,12,1421.379517,2025-12-08 00:13:50
12,50,12,670.6,2025-12-08 00:12:51,9027.0,,12,50,12,1425.501099,2025-12-08 00:13:51
12,51,12,671.0,2025-12-08 00:12:52,8021.0,,12,51,12,1429.625122,2025-12-08 00:13:52
12,52,12,668.1,2025-12-08 00:12:53,7019.0,,12,52,12,1433.754883,2025-12-08 00:13:53
12,53,12,672.2,2025-12-08 00:12:54,6018.0,,12,53,12,1437.893311,2025-12-08 00:13:54
12,54,12,666.7,2025-12-08 00:12:55,5017.0,,12,54,12,1442.043457,2025-12-08 00:13:55
12,55,12,668.4,2025-12-08 00:12:56,4015.0,,12,55,12,1446.207642,2025-12-08 00:13:56
12,56,12,669.6,2025-12-08 00:12:57,3014.0,,12,56,12,1450.388672,2025-12-08 00:13:57
12,57,12,664.8,2025-12-08 00:12:58,2013.0,,12,57,12,1454.588989,2025-12-08 00:13:58
12,58,12,658.8,2025-12-08 00:12:59,1012.0,,12,58,12,1458.811035,2025-12-08 00:13:59
12,59,12,663.6,2025-12-08 00:13:00,10.0,,12,59,12,1463.056274,2025-12-08 00:14:00
13,0,12,659.9,2025-12-08 00:13:01,59146.0,,13,0,12,900.861267,2025-12-08 00:14:01
13,1,12,663.1,2025-12-08 00:13:02,58135.0,,13,1,12,915.92926,2025-12-08 00:14:02
13,2,12,664.1,2025-12-08 00:13:03,57132.0,,13,2,12,934.0224,2025-12-08 00:14:03
13,3,12,661.7,2025-12-08 00:13:04,56129.0,,13,3,12,953.288391,2025-12-08 00:14:04
13,4,12,664.1,2025-12-08 00:13:05,55127.0,,13,4,12,973.187134,2025-12-08 00:14:05
13,5,12,670.1,2025-12-08 00:13:06,54126.0,,13,5,12,993.291077,2025-12-08 00:14:06
13,6,12,663.8,2025-12-08 00:13:07,53125.0,,13,6,12,1013.269897,2025-12-08 00:14:07
13,7,12,670.9,2025-12-08 00:13:08,52124.0,,13,7,12,1032.871704,2025-12-08 00:14:08
13,8,12,661.3,2025-12-08 00:13:09,51122.0,,13,8,12,1051.906616,2025-12-08 00:14:09
13,9,12,660.1,2025-12-08 00:13:10,50121.0,,13,9,12,1070.236572,2025-12-08 00:14:10
13,10,12,659.5,2025-12-08 00:13:11,49120.0,,13,10,12,1087.764282,2025-12-08 00:14:11
13,11,12,663.2,2025-12-08 00:13:12,48119.0,,13,11,12,1104.42749,2025-12-08 00:14:12
13,12,12,662.0,2025-12-08 00:13:13,47118.0,,13,12,12,1120.191772,2025-12-08 00:14:13
13,13,12,664.0,2025-12-08 00:13:14,46117.0,,13,13,12,1135.047607,2025-12-08 00:14:14
13,14,12,662.3,2025-12-08 00:13:15,45116.0,,13,14,12,1149.003906,2025-12-08 00:14:15
13,15,12,659.8,2025-12-08 00:13:16,44115.0,,13,15,12,1162.085449,2025-12-08 00:14:16
13,16,12,662.5,2025-12-08 00:13:17,43114.0,,13,16,12,1174.328003,2025-12-08 00:14:17
13,17,12,663.8,2025-12-08 00:13:18,42113.0,,13,17,12,1185.775513,2025-12-08 00:14:18
13,18,12,664.4,2025-12-08 00:13:19,41111.0,,13,18,12,1196.478271,2025-12-08 00:14:19
13,19,12,665.8,2025-12-08 00:13:20,40110.0,,13,19,12,1206.488647,2025-12-08 00:14:20
13,20,12,662.4,2025-12-08 00:13:21,39108.0,,13,20,12,1215.860718,2025-12-08 00:14:21
13,21,12,660.1,2025-12-08 00:13:22,38107.0,,13,21,12,1224.648682,2025-12-08 00:14:22
13,22,12,661.8,2025-12-08 00:13:23,37106.0,,13,22,12,1232.904419,2025-12-08 00:14:23
13,23,12,666.3,2025-12-08 00:13:24,36105.0,,13,23,12,1240.677368,2025-12-08 00:14:24
13,24,12,658.3,2025-12-08 00:13:25,35104.0,,13,24,12,1248.014404,2025-12-08 00:14:25
13,25,12,661.5,2025-12-08 00:13:26,34103.0,,13,25,12,1254.959839,2025-12-08 00:14:26
13,26,12,659.8,2025-12-08 00:13:27,33101.0,,13,26,12,1261.553589,2025-12-08 00:14:27
13,27,12,658.7,2025-12-08 00:13:28,32099.0,,13,27,12,1267.832886,2025-12-08 00:14:28
13,28,12,659.8,2025-12-08 00:13:29,31098.0,,13,28,12,1273.831909,2025-12-08 00:14:29
13,29,12,659.1,2025-12-08 00:13:30,30097.0,,13,29,12,1279.581055,2025-12-08 00:14:30
13,30,12,628.7,2025-12-08 00:13:31,29096.0,,13,30,12,1285.108398,2025-12-08 00:14:31
13,31,12,631.2,2025-12-08 00:13:32,28091.0,,13,31,12,1290.439819,2025-12-08 00:14:32
13,32,12,631.4,2025-12-08 00:13:33,27090.0,,13,32,12,1295.597046,2025-12-08 00:14:33
13,33,12,631.9,2025-12-08 00:13:34,26089.0,,13,33,12,1300.60022,2025-12-08 00:14:34
13,34,12,627.9,2025-12-08 00:13:35,25088.0,,13,34,12,1305.468018,2025-12-08 00:14:35
13,35,12,629.3,2025-12-08 00:13:36,24086.0,,13,35,12,1310.216675,2025-12-08 00:14:36
13,36,12,629.3,2025-12-08 00:13:37,23085.0,,13,36,12,1314.86084,2025-12-08 00:14:37
13,37,12,630.0,2025-12-08 00:13:38,22081.0,,13,37,12,1319.413696,2025-12-08 00:14:38
13,38,12,632.5,2025-12-08 00:13:39,21080.0,,13,38,12,1323.887207,2025-12-08 00:14:39
13,39,12,628.5,2025-12-08 00:13:40,20078.0,,13,39,12,1328.291992,2025-12-08 00:14:40
13,40,12,628.9,2025-12-08 00:13:41,19077.0,,13,40,12,1332.637329,2025-12-08 00:14:41
13,41,12,631.9,2025-12-08 00:13:42,18076.0,,13,41,12,1336.932251,2025-12-08 00:14:42
13,42,12,631.0,2025-12-08 00:13:43,17074.0,,13,42,12,1341.18457,2025-12-08 00:14:43
13,43,12,633.0,2025-12-08 00:13:44,16073.0,,13,43,12,1345.400757,2025-12-08 00:14:44
13,44,12,632.0,2025-12-08 00:13:45,15072.0,,13,44,12,1349.587524,2025-12-08 00:14:45
13,45,12,626.6,2025-12-08 00:13:46,14071.0,,13,45,12,1353.750854,2025-12-08 00:14:46
13,46,12,630.4,2025-12-08 00:13:47,13069.0,,13,46,12,1357.895508,2025-12-08 00:14:47
13,47,12,630.8,2025-12-08 00:13:48,12068.0,,13,47,12,1362.026855,2025-12-08 00:14:48
13,48,12,629.3,2025-12-08 00:13:49,11065.0,,13,48,12,1366.149048,2025-12-08 00:14:49
13,49,12,634.0,2025-12-08 00:13:50,10062.0,,13,49,12,1370.265991,2025-12-08 00:14:50
13,50,12,628.3,2025-12-08 00:13:51,9060.0,,13,50,12,1374.381958,2025-12-08 00:14:51
13,51,12,630.4,2025-12-08 00:13:52,8057.0,,13,51,12,1378.499878,2025-12-08 00:14:52
13,52,12,629.8,2025-12-08 00:13:53,7056.0,,13,52,12,1382.623413,2025-12-08 00:14:53
13,53,12,633.2,2025-12-08 00:13:54,6055.0,,13,53,12,1386.755249,2025-12-08 00:14:54
13,54,12,630.4,2025-12-08 00:13:55,5053.0,,13,54,12,1390.898804,2025-12-08 00:14:55
13,55,12,629.4,2025-12-08 00:13:56,4027.0,,13,55,12,1395.055908,2025-12-08 00:14:56
13,56,12,628.5,2025-12-08 00:13:57,3024.0,,13,56,12,1399.22998,2025-12-08 00:14:57
13,57,12,630.7,2025-12-08 00:13:58,2019.0,,13,57,12,1403.422729,2025-12-08 00:14:58
13,58,12,633.7,2025-12-08 00:13:59,1016.0,,13,58,12,1407.636963,2025-12-08 00:14:59
13,59,12,641.2,2025-12-08 00:14:00,13.0,,13,59,12,1411.874634,2025-12-08 00:15:00
14,0,12,635.5,2025-12-08 00:14:01,59119.0,,14,0,12,899.515259,2025-12-08 00:15:01
14,1,12,634.9,2025-12-08 00:14:02,58117.0,,14,1,12,914.461975,2025-12-08 00:15:02
14,2,12,634.3,2025-12-08 00:14:03,57116.0,,14,2,12,932.54541,2025-12-08 00:15:03
14,3,12,630.3,2025-12-08 00:14:04,56115.0,,14,3,12,951.838745,2025-12-08 00:15:04
14,4,12,648.0,2025-12-08 00:14:05,55112.0,,14,4,12,971.792175,2025-12-08 00:15:05
14,5,12,630.7,2025-12-08 00:14:06,54111.0,,14,5,12,991.970093,2025-12-08 00:15:06
14,6,12,632.3,2025-12-08 00:14:07,53109.0,,14,6,12,1012.037354,2025-12-08 00:15:07
14,7,12,633.0,2025-12-08 00:14:08,52108.0,,14,7,12,1031.736084,2025-12-08 00:15:08
14,8,12,633.9,2025-12-08 00:14:09,51103.0,,14,8,12,1050.872803,2025-12-08 00:15:09
14,9,12,628.8,2025-12-08 00:14:10,50103.0,,14,9,12,1069.305786,2025-12-08 00:15:10
14,10,12,627.6,2025-12-08 00:14:11,49101.0,,14,10,12,1086.935913,2025-12-08 00:15:11
14,11,12,630.2,2025-12-08 00:14:12,48100.0,,14,11,12,1103.698608,2025-12-08 00:15:12
14,12,12,628.4,2025-12-08 00:14:13,47098.0,,14,12,12,1119.558472,2025-12-08 00:15:13
14,13,12,629.1,2025-12-08 00:14:14,46096.0,,14,13,12,1134.504517,2025-12-08 00:15:14
14,14,12,626.8,2025-12-08 00:14:15,45092.0,,14,14,12,1148.545166,2025-12-08 00:15:15
14,15,12,625.8,2025-12-08 00:14:16,44090.0,,14,15,12,1161.704346,2025-12-08 00:15:16
14,16,12,629.9,2025-12-08 00:14:17,43089.0,,14,16,12,1174.018066,2025-12-08 00:15:17
14,17,12,629.1,2025-12-08 00:14:18,42088.0,,14,17,12,1185.529907,2025-12-08 00:15:18
14,18,12,635.6,2025-12-08 00:14:19,41087.0,,14,18,12,1196.290527,2025-12-08 00:15:19
14,19,12,629.3,2025-12-08 00:14:20,40086.0,,14,19,12,1206.352417,2025-12-08 00:15:20
14,20,12,626.1,2025-12-08 00:14:21,39085.0,,14,20,12,1215.770874,2025-12-08 00:15:21
14,21,12,626.7,2025-12-08 00:14:22,38083.0,,14,21,12,1224.599731,2025-12-08 00:15:22
14,22,12,626.7,2025-12-08 00:14:23,37082.0,,14,22,12,1232.891479,2025-12-08 00:15:23
14,23,12,629.8,2025-12-08 00:14:24,36078.0,,14,23,12,1240.696167,2025-12-08 00:15:24
14,24,12,627.7,2025-12-08 00:14:25,35077.0,,14,24,12,1248.060913,2025-12-08 00:15:25
14,25,12,628.7,2025-12-08 00:14:26,34075.0,,14,25,12,1255.030396,2025-12-08 00:15:26
14,26,12,628.1,2025-12-08 00:14:27,33074.0,,14,26,12,1261.645264,2025-12-08 00:15:27
14,27,12,627.6,2025-12-08 00:14:28,32073.0,,14,27,12,1267.943115,2025-12-08 00:15:28
14,28,12,627.4,2025-12-08 00:14:29,31072.0,,14,28,12,1273.957886,2025-12-08 00:15:29
14,29,12,629.9,2025-12-08 00:14:30,30071.0,,14,29,12,1279.720825,2025-12-08 00:15:30
14,30,12,627.3,2025-12-08 00:14:31,29069.0,,14,30,12,1285.259888,2025-12-08 00:15:31
14,31,12,627.6,2025-12-08 00:14:32,28068.0,,14,31,12,1290.60083,2025-12-08 00:15:32
14,32,12,626.8,2025-12-08 00:14:33,27067.0,,14,32,12,1295.765991,2025-12-08 00:15:33
14,33,12,625.3,2025-12-08 00:14:34,26065.0,,14,33,12,1300.776367,2025-12-08 00:15:34
14,34,12,628.3,2025-12-08 00:14:35,25059.0,,14,34,12,1305.650024,2025-12-08 00:15:35
14,35,12,622.4,2025-12-08 00:14:36,24057.0,,14,35,12,1310.403809,2025-12-08 00:15:36
14,36,12,632.1,2025-12-08 00:14:37,23055.0,,14,36,12,1315.052368,2025-12-08 00:15:37
14,37,12,629.3,2025-12-08 00:14:38,22054.0,,14,37,12,1319.609253,2025-12-08 00:15:38
14,38,12,630.4,2025-12-08 00:14:39,21053.0,,14,38,12,1324.08606,2025-12-08 00:15:39
14,39,12,629.4,2025-12-08 00:14:40,20050.0,,14,39,12,1328.493652,2025-12-08 00:15:40
14,40,12,627.2,2025-12-08 00:14:41,19044.0,,14,40,12,1332.841675,2025-12-08 00:15:41
14,41,12,629.8,2025-12-08 00:14:42,18043.0,,14,41,12,1337.139038,2025-12-08 00:15:42
14,42,12,628.1,2025-12-08 00:14:43,17042.0,,14,42,12,1341.393188,2025-12-08 00:15:43
14,43,12,629.7,2025-12-08 00:14:44,16040.0,,14,43,12,1345.611206,2025-12-08 00:15:44
14,44,12,628.1,2025-12-08 00:14:45,15039.0,,14,44,12,1349.799927,2025-12-08 00:15:45
14,45,12,625.4,2025-12-08 00:14:46,14037.0,,14,45,12,1353.964722,2025-12-08 00:15:46
14,46,12,627.4,2025-12-08 00:14:47,13037.0,,14,46,12,1358.111084,2025-12-08 00:15:47
14,47,12,626.7,2025-12-08 00:14:48,12036.0,,14,47,12,1362.243774,2025-12-08 00:15:48
14,48,12,626.3,2025-12-08 00:14:49,11035.0,,14,48,12,1366.36731,2025-12-08 00:15:49
14,49,12,628.5,2025-12-08 00:14:50,10033.0,,14,49,12,1370.48584,2025-12-08 00:15:50
14,50,12,632.3,2025-12-08 00:14:51,9033.0,,14,50,12,1374.603149,2025-12-08 00:15:51
14,51,12,625.1,2025-12-08 00:14:52,8032.0,,14,51,12,1378.722534,2025-12-08 00:15:52
14,52,12,628.6,2025-12-08 00:14:53,7031.0,,14,52,12,1382.847412,2025-12-08 00:15:53
14,53,12,628.0,2025-12-08 00:14:54,6029.0,,14,53,12,1386.980835,2025-12-08 00:15:54
14,54,12,624.9,2025-12-08 00:14:55,5027.0,,14,54,12,1391.12561,2025-12-08 00:15:55
14,55,12,628.7,2025-12-08 00:14:56,4025.0,,14,55,12,1395.284424,2025-12-08 00:15:56
14,56,12,628.2,2025-12-08 00:14:57,3024.0,,14,56,12,1399.459839,2025-12-08 00:15:57
14,57,12,625.8,2025-12-08 00:14:58,2021.0,,14,57,12,1403.654419,2025-12-08 00:15:58
14,58,12,628.0,2025-12-08 00:14:59,1021.0,,14,58,12,1407.869995,2025-12-08 00:15:59
14,59,12,629.0,2025-12-08 00:15:00,19.0,,14,59,12,1412.109253,2025-12-08 00:16:00
15,0,12,631.4,2025-12-08 00:15:01,59684.0,,15,0,12,1153.424683,2025-12-08 00:16:01
15,1,12,629.8,2025-12-08 00:15:02,58683.0,,15,1,12,1164.377197,2025-12-08 00:16:02
15,2,12,628.6,2025-12-08 00:15:03,57682.0,,15,2,12,1174.685791,2025-12-08 00:16:03
15,3,12,627.0,2025-12-08 00:15:04,56679.0,,15,3,12,1184.414062,2025-12-08 00:16:04
15,4,12,629.8,2025-12-08 00:15:05,55675.0,,15,4,12,1193.599976,2025-12-08 00:16:05
15,5,12,630.2,2025-12-08 00:15:06,54673.0,,15,5,12,1202.282959,2025-12-08 00:16:06
15,6,12,760.1,2025-12-08 00:15:07,53671.0,,15,6,12,1210.501099,2025-12-08 00:16:07
15,7,12,730.4,2025-12-08 00:15:08,52670.0,,15,7,12,1218.2854,2025-12-08 00:16:08
15,8,12,728.1,2025-12-08 00:15:09,51668.0,,15,8,12,1225.679321,2025-12-08 00:16:09
15,9,12,727.3,2025-12-08 00:15:10,50667.0,,15,9,12,1232.715332,2025-12-08 00:16:10
15,10,12,634.7,2025-12-08 00:15:11,49666.0,,15,10,12,1239.425293,2025-12-08 00:16:11
15,11,12,729.7,2025-12-08 00:15:12,48665.0,,15,11,12,1245.842407,2025-12-08 00:16:12
15,12,12,725.5,2025-12-08 00:15:13,47663.0,,15,12,12,1251.987305,2025-12-08 00:16:13
15,13,12,781.2,2025-12-08 00:15:14,46661.0,,15,13,12,1257.889282,2025-12-08 00:16:14
15,14,12,744.2,2025-12-08 00:15:15,45657.0,,15,14,12,1263.570068,2025-12-08 00:16:15
15,15,12,737.5,2025-12-08 00:15:16,44655.0,,15,15,12,1269.054443,2025-12-08 00:16:16
15,16,12,738.7,2025-12-08 00:15:17,43654.0,,15,16,12,1274.361206,2025-12-08 00:16:17
15,17,12,730.4,2025-12-08 00:15:18,42653.0,,15,17,12,1279.508423,2025-12-08 00:16:18
15,18,12,733.0,2025-12-08 00:15:19,41652.0,,15,18,12,1284.512817,2025-12-08 00:16:19
15,19,12,733.4,2025-12-08 00:15:20,40649.0,,15,19,12,1289.389282,2025-12-08 00:16:20
15,20,12,736.6,2025-12-08 00:15:21,39649.0,,15,20,12,1294.151733,2025-12-08 00:16:21
15,21,12,734.7,2025-12-08 00:15:22,38645.0,,15,21,12,1298.812378,2025-12-08 00:16:22
15,22,12,733.5,2025-12-08 00:15:23,37642.0,,15,22,12,1303.382812,2025-12-08 00:16:23
15,23,12,735.1,2025-12-08 00:15:24,36641.0,,15,23,12,1307.873291,2025-12-08 00:16:24
15,24,12,731.9,2025-12-08 00:15:25,35626.0,,15,24,12,1312.292847,2025-12-08 00:16:25
15,25,12,733.9,2025-12-08 00:15:26,34607.0,,15,25,12,1316.650635,2025-12-08 00:16:26
15,26,12,737.2,2025-12-08 00:15:27,33568.0,,15,26,12,1320.953857,2025-12-08 00:16:27
15,27,12,734.7,2025-12-08 00:15:28,32444.0,,15,27,12,1325.209961,2025-12-08 00:16:28
15,28,12,735.5,2025-12-08 00:15:29,31442.0,,15,28,12,1329.425537,2025-12-08 00:16:29
15,29,12,733.1,2025-12-08 00:15:30,30426.0,,15,29,12,1333.606323,2025-12-08 00:16:30
15,30,12,731.9,2025-12-08 00:15:31,29424.0,,15,30,12,1337.757568,2025-12-08 00:16:31
15,31,12,736.4,2025-12-08 00:15:32,28422.0,,15,31,12,1341.884766,2025-12-08 00:16:32
15,32,12,737.3,2025-12-08 00:15:33,27361.0,,15,32,12,1345.99231,2025-12-08 00:16:33
15,33,12,736.3,2025-12-08 00:15:34,26355.0,,15,33,12,1350.084595,2025-12-08 00:16:34
15,34,12,735.0,2025-12-08 00:15:35,25354.0,,15,34,12,1354.165649,2025-12-08 00:16:35
15,35,12,732.6,2025-12-08 00:15:36,24351.0,,15,35,12,1358.239014,2025-12-08 00:16:36
15,36,12,743.0,2025-12-08 00:15:37,23340.0,,15,36,12,1362.308228,2025-12-08 00:16:37
15,37,12,732.0,2025-12-08 00:15:38,22328.0,,15,37,12,1366.377075,2025-12-08 00:16:38
15,38,12,733.9,2025-12-08 00:15:39,21280.0,,15,38,12,1370.447754,2025-12-08 00:16:39
15,39,12,750.6,2025-12-08 00:15:40,20268.0,,15,39,12,1374.523315,2025-12-08 00:16:40
15,40,12,740.9,2025-12-08 00:15:41,19266.0,,15,40,12,1378.607544,2025-12-08 00:16:41
15,41,12,750.3,2025-12-08 00:15:42,18178.0,,15,41,12,1382.70166,2025-12-08 00:16:42
15,42,12,735.5,2025-12-08 00:15:43,17173.0,,15,42,12,1386.809204,2025-12-08 00:16:43
15,43,12,733.7,2025-12-08 00:15:44,16171.0,,15,43,12,1390.930908,2025-12-08 00:16:44
15,44,12,734.7,2025-12-08 00:15:45,15168.0,,15,44,12,1395.070312,2025-12-08 00:16:45
15,45,12,1031.1,2025-12-08 00:15:46,14164.0,,15,45,12,1399.229004,2025-12-08 00:16:46
15,46,12,1030.4,2025-12-08 00:15:47,13160.0,,15,46,12,1403.423706,2025-12-08 00:16:47
15,47,12,923.7,2025-12-08 00:15:48,12154.0,,15,47,12,1407.640625,2025-12-08 00:16:48
15,48,12,941.7,2025-12-08 00:15:49,11145.0,,15,48,12,1411.876587,2025-12-08 00:16:49
15,49,12,1038.0,2025-12-08 00:15:50,10144.0,,15,49,12,1416.140503,2025-12-08 00:16:50
15,50,12,943.2,2025-12-08 00:15:51,9141.0,,15,50,12,1420.437744,2025-12-08 00:16:51
15,51,12,989.7,2025-12-08 00:15:52,8131.0,,15,51,12,1424.760132,2025-12-08 00:16:52
15,52,12,1017.8,2025-12-08 00:15:53,7130.0,,15,52,12,1429.117188,2025-12-08 00:16:53
15,53,12,1043.5,2025-12-08 00:15:54,6124.0,,15,53,12,1433.509277,2025-12-08 00:16:54
15,54,12,1066.4,2025-12-08 00:15:55,5120.0,,15,54,12,1437.937988,2025-12-08 00:16:55
15,55,12,1087.9,2025-12-08 00:15:56,4116.0,,15,55,12,1442.404419,2025-12-08 00:16:56
15,56,12,1109.1,2025-12-08 00:15:57,3115.0,,15,56,12,1446.909912,2025-12-08 00:16:57
15,57,12,1127.1,2025-12-08 00:15:58,2110.0,,15,57,12,1451.455933,2025-12-08 00:16:58
15,58,12,1142.1,2025-12-08 00:15:59,1108.0,,15,58,12,1456.043579,2025-12-08 00:16:59
15,59,12,1153.8,2025-12-08 00:16:00,107.0,,15,59,12,1460.674072,2025-12-08 00:17:00
16,0,12,1159.0,2025-12-08 00:16:01,59141.0,,16,0,12,1233.900513,2025-12-08 00:17:01
16,1,12,1162.3,2025-12-08 00:16:02,58138.0,,16,1,12,1237.327148,2025-12-08 00:17:02
16,2,12,1168.4,2025-12-08 00:16:03,57137.0,,16,2,12,1241.023438,2025-12-08 00:17:03
16,3,12,1175.4,2025-12-08 00:16:04,56136.0,,16,3,12,1244.866577,2025-12-08 00:17:04
16,4,12,1174.6,2025-12-08 00:16:05,55130.0,,16,4,12,1248.82019,2025-12-08 00:17:05
16,5,12,1174.7,2025-12-08 00:16:06,54128.0,,16,5,12,1252.85083,2025-12-08 00:17:06
16,6,12,1173.5,2025-12-08 00:16:07,53127.0,,16,6,12,1256.93335,2025-12-08 00:17:07
16,7,12,1173.9,2025-12-08 00:16:08,52126.0,,16,7,12,1261.048218,2025-12-08 00:17:08
16,8,12,1173.8,2025-12-08 00:16:09,51125.0,,16,8,12,1265.181641,2025-12-08 00:17:09
16,9,12,1174.1,2025-12-08 00:16:10,50123.0,,16,9,12,1269.32312,2025-12-08 00:17:10
16,10,12,1173.0,2025-12-08 00:16:11,49119.0,,16,10,12,1273.4646,2025-12-08 00:17:11
16,11,12,1172.6,2025-12-08 00:16:12,48118.0,,16,11,12,1277.600708,2025-12-08 00:17:12
16,12,12,1171.1,2025-12-08 00:16:13,47116.0,,16,12,12,1281.727661,2025-12-08 00:17:13
16,13,12,1166.7,2025-12-08 00:16:14,46114.0,,16,13,12,1285.842529,2025-12-08 00:17:14
16,14,12,1169.8,2025-12-08 00:16:15,45108.0,,16,14,12,1289.943726,2025-12-08 00:17:15
16,15,12,1168.1,2025-12-08 00:16:16,44106.0,,16,15,12,1294.030762,2025-12-08 00:17:16
16,16,12,1171.3,2025-12-08 00:16:17,43104.0,,16,16,12,1298.103271,2025-12-08 00:17:17
16,17,12,1168.5,2025-12-08 00:16:18,42103.0,,16,17,12,1302.161621,2025-12-08 00:17:18
16,18,12,1172.7,2025-12-08 00:16:19,41102.0,,16,18,12,1306.206177,2025-12-08 00:17:19
16,19,12,1175.0,2025-12-08 00:16:20,40101.0,,16,19,12,1310.238281,2025-12-08 00:17:20
16,20,12,1171.6,2025-12-08 00:16:21,39096.0,,16,20,12,1314.258911,2025-12-08 00:17:21
16,21,12,1173.6,2025-12-08 00:16:22,38094.0,,16,21,12,1318.268921,2025-12-08 00:17:22
16,22,12,1176.7,2025-12-08 00:16:23,37091.0,,16,22,12,1322.270508,2025-12-08 00:17:23
16,23,12,1182.1,2025-12-08 00:16:24,36088.0,,16,23,12,1326.264771,2025-12-08 00:17:24
16,24,12,1176.5,2025-12-08 00:16:25,35087.0,,16,24,12,1330.253662,2025-12-08 00:17:25
16,25,12,1183.4,2025-12-08 00:16:26,34087.0,,16,25,12,1334.238159,2025-12-08 00:17:26
16,26,12,1187.6,2025-12-08 00:16:27,33086.0,,16,26,12,1338.220459,2025-12-08 00:17:27
16,27,12,1190.5,2025-12-08 00:16:28,32084.0,,16,27,12,1342.202637,2025-12-08 00:17:28
16,28,12,1190.5,2025-12-08 00:16:29,31079.0,,16,28,12,1346.185791,2025-12-08 00:17:29
16,29,12,1192.1,2025-12-08 00:16:30,30077.0,,16,29,12,1350.171631,2025-12-08 00:17:30
16,30,12,1190.3,2025-12-08 00:16:31,29076.0,,16,30,12,1354.162109,2025-12-08 00:17:31
16,31,12,1193.6,2025-12-08 00:16:32,28075.0,,16,31,12,1358.158813,2025-12-08 00:17:32
16,32,12,1197.1,2025-12-08 00:16:33,27074.0,,16,32,12,1362.163574,2025-12-08 00:17:33
16,33,12,1202.1,2025-12-08 00:16:34,26073.0,,16,33,12,1366.177979,2025-12-08 00:17:34
16,34,12,1194.9,2025-12-08 00:16:35,25072.0,,16,34,12,1370.204224,2025-12-08 00:17:35
16,35,12,1194.9,2025-12-08 00:16:36,24070.0,,16,35,12,1374.24292,2025-12-08 00:17:36
16,36,12,1197.3,2025-12-08 00:16:37,23069.0,,16,36,12,1378.296143,2025-12-08 00:17:37
16,37,12,1197.1,2025-12-08 00:16:38,22068.0,,16,37,12,1382.365967,2025-12-08 00:17:38
16,38,12,1197.0,2025-12-08 00:16:39,21067.0,,16,38,12,1386.453613,2025-12-08 00:17:39
16,39,12,1195.9,2025-12-08 00:16:40,20065.0,,16,39,12,1390.560791,2025-12-08 00:17:40
16,40,12,1196.8,2025-12-08 00:16:41,19061.0,,16,40,12,1394.689087,2025-12-08 00:17:41
16,41,12,1198.5,2025-12-08 00:16:42,18060.0,,16,41,12,1398.840332,2025-12-08 00:17:42
16,42,12,1203.2,2025-12-08 00:16:43,17056.0,,16,42,12,1403.015625,2025-12-08 00:17:43
16,43,12,1198.1,2025-12-08 00:16:44,16054.0,,16,43,12,1407.217163,2025-12-08 00:17:44
16,44,12,1198.7,2025-12-08 00:16:45,15052.0,,16,44,12,1411.445801,2025-12-08 00:17:45
16,45,12,1192.6,2025-12-08 00:16:46,14051.0,,16,45,12,1415.703247,2025-12-08 00:17:46
16,46,12,1192.3,2025-12-08 00:16:47,13048.0,,16,46,12,1419.990601,2025-12-08 00:17:47
16,47,12,1194.2,2025-12-08 00:16:48,12046.0,,16,47,12,1424.309814,2025-12-08 00:17:48
16,48,12,1190.0,2025-12-08 00:16:49,11044.0,,16,48,12,1428.662354,2025-12-08 00:17:49
16,49,12,1192.1,2025-12-08 00:16:50,10043.0,,16,49,12,1433.049316,2025-12-08 00:17:50
16,50,12,1192.6,2025-12-08 00:16:51,9041.0,,16,50,12,1437.472534,2025-12-08 00:17:51
16,51,12,1194.0,2025-12-08 00:16:52,8040.0,,16,51,12,1441.933228,2025-12-08 00:17:52
16,52,12,1191.6,2025-12-08 00:16:53,7039.0,,16,52,12,1446.432617,2025-12-08 00:17:53
16,53,12,1192.0,2025-12-08 00:16:54,6038.0,,16,53,12,1450.972046,2025-12-08 00:17:54
16,54,12,1194.0,2025-12-08 00:16:55,5023.0,,16,54,12,1455.552856,2025-12-08 00:17:55
16,55,12,1196.1,2025-12-08 00:16:56,4018.0,,16,55,12,1460.17627,2025-12-08 00:17:56
16,56,12,1199.6,2025-12-08 00:16:57,3016.0,,16,56,12,1464.843872,2025-12-08 00:17:57
16,57,12,1192.7,2025-12-08 00:16:58,2015.0,,16,57,12,1469.556519,2025-12-08 00:17:58
16,58,12,1207.6,2025-12-08 00:16:59,1014.0,,16,58,12,1474.315186,2025-12-08 00:17:59
16,59,12,1200.4,2025-12-08 00:17:00,13.0,,16,59,12,1479.121704,2025-12-08 00:18:00
17,0,12,1195.7,2025-12-08 00:17:01,59109.0,,17,0,12,1237.495239,2025-12-08 00:18:01
17,1,12,1199.0,2025-12-08 00:17:02,58108.0,,17,1,12,1241.353149,2025-12-08 00:18:02
17,2,12,1200.4,2025-12-08 00:17:03,57105.0,,17,2,12,1245.266357,2025-12-08 00:18:03
17,3,12,1196.3,2025-12-08 00:17:04,56101.0,,17,3,12,1249.277588,2025-12-08 00:18:04
17,4,12,1196.8,2025-12-08 00:17:05,55100.0,,17,4,12,1253.350952,2025-12-08 00:18:05
17,5,12,1196.3,2025-12-08 00:17:06,54097.0,,17,5,12,1257.464966,2025-12-08 00:18:06
17,6,12,1199.8,2025-12-08 00:17:07,53094.0,,17,6,12,1261.603149,2025-12-08 00:18:07
17,7,12,1197.7,2025-12-08 00:17:08,52093.0,,17,7,12,1265.753662,2025-12-08 00:18:08
17,8,12,1196.6,2025-12-08 00:17:09,51091.0,,17,8,12,1269.907593,2025-12-08 00:18:09
17,9,12,1193.0,2025-12-08 00:17:10,50090.0,,17,9,12,1274.058228,2025-12-08 00:18:10
17,10,12,1197.8,2025-12-08 00:17:11,49088.0,,17,10,12,1278.200928,2025-12-08 00:18:11
17,11,12,1194.7,2025-12-08 00:17:12,48087.0,,17,11,12,1282.33252,2025-12-08 00:18:12
17,12,12,1194.9,2025-12-08 00:17:13,47085.0,,17,12,12,1286.450806,2025-12-08 00:18:13
17,13,12,1192.8,2025-12-08 00:17:14,46083.0,,17,13,12,1290.554565,2025-12-08 00:18:14
17,14,12,1196.7,2025-12-08 00:17:15,45079.0,,17,14,12,1294.643311,2025-12-08 00:18:15
17,15,12,1190.5,2025-12-08 00:17:16,44077.0,,17,15,12,1298.717163,2025-12-08 00:18:16
17,16,12,1194.2,2025-12-08 00:17:17,43076.0,,17,16,12,1302.776001,2025-12-08 00:18:17
17,17,12,1196.0,2025-12-08 00:17:18,42075.0,,17,17,12,1306.821289,2025-12-08 00:18:18
17,18,12,1200.6,2025-12-08 00:17:19,41073.0,,17,18,12,1310.85376,2025-12-08 00:18:19
17,19,12,1198.8,2025-12-08 00:17:20,40072.0,,17,19,12,1314.874756,2025-12-08 00:18:20
17,20,12,1196.9,2025-12-08 00:17:21,39070.0,,17,20,12,1318.885498,2025-12-08 00:18:21
17,21,12,1186.0,2025-12-08 00:17:22,38069.0,,17,21,12,1322.887329,2025-12-08 00:18:22
17,22,12,1191.8,2025-12-08 00:17:23,37068.0,,17,22,12,1326.881226,2025-12-08 00:18:23
17,23,12,1194.8,2025-12-08 00:17:24,36067.0,,17,23,12,1330.870117,2025-12-08 00:18:24
17,24,12,1188.8,2025-12-08 00:17:25,35065.0,,17,24,12,1334.855103,2025-12-08 00:18:25
17,25,12,1188.6,2025-12-08 00:17:26,34064.0,,17,25,12,1338.837769,2025-12-08 00:18:26
17,26,12,1193.1,2025-12-08 00:17:27,33063.0,,17,26,12,1342.819946,2025-12-08 00:18:27
17,27,12,1193.1,2025-12-08 00:17:28,32062.0,,17,27,12,1346.803589,2025-12-08 00:18:28
17,28,12,1197.9,2025-12-08 00:17:29,31061.0,,17,28,12,1350.790161,2025-12-08 00:18:29
17,29,12,1193.3,2025-12-08 00:17:30,30060.0,,17,29,12,1354.78186,2025-12-08 00:18:30
17,30,12,1189.6,2025-12-08 00:17:31,29058.0,,17,30,12,1358.779663,2025-12-08 00:18:31
17,31,12,1192.0,2025-12-08 00:17:32,28057.0,,17,31,12,1362.785522,2025-12-08 00:18:32
17,32,12,1193.8,2025-12-08 00:17:33,27056.0,,17,32,12,1366.80127,2025-12-08 00:18:33
17,33,12,1194.4,2025-12-08 00:17:34,26055.0,,17,33,12,1370.828857,2025-12-08 00:18:34
17,34,12,1189.6,2025-12-08 00:17:35,25054.0,,17,34,12,1374.869751,2025-12-08 00:18:35
17,35,12,1197.3,2025-12-08 00:17:36,24053.0,,17,35,12,1378.925171,2025-12-08 00:18:36
17,36,12,1194.4,2025-12-08 00:17:37,23052.0,,17,36,12,1382.997681,2025-12-08 00:18:37
17,37,12,1194.8,2025-12-08 00:17:38,22050.0,,17,37,12,1387.088135,2025-12-08 00:18:38
17,38,12,1194.9,2025-12-08 00:17:39,21049.0,,17,38,12,1391.198364,2025-12-08 00:18:39
17,39,12,1195.9,2025-12-08 00:17:40,20047.0,,17,39,12,1395.330322,2025-12-08 00:18:40
17,40,12,1203.5,2025-12-08 00:17:41,19046.0,,17,40,12,1399.485107,2025-12-08 00:18:41
17,41,12,1194.8,2025-12-08 00:17:42,18044.0,,17,41,12,1403.664795,2025-12-08 00:18:42
17,42,12,1190.3,2025-12-08 00:17:43,17043.0,,17,42,12,1407.870117,2025-12-08 00:18:43
17,43,12,1201.7,2025-12-08 00:17:44,16040.0,,17,43,12,1412.102783,2025-12-08 00:18:44
17,44,12,1203.4,2025-12-08 00:17:45,15038.0,,17,44,12,1416.365112,2025-12-08 00:18:45
17,45,12,1199.6,2025-12-08 00:17:46,14035.0,,17,45,12,1420.657959,2025-12-08 00:18:46
17,46,12,1199.2,2025-12-08 00:17:47,13034.0,,17,46,12,1424.98291,2025-12-08 00:18:47
17,47,12,1194.3,2025-12-08 00:17:48,12033.0,,17,47,12,1429.340942,2025-12-08 00:18:48
17,48,12,1193.6,2025-12-08 00:17:49,11032.0,,17,48,12,1433.733643,2025-12-08 00:18:49
17,49,12,1192.9,2025-12-08 00:17:50,10030.0,,17,49,12,1438.16272,2025-12-08 00:18:50
17,50,12,1196.7,2025-12-08 00:17:51,9029.0,,17,50,12,1442.629028,2025-12-08 00:18:51
17,51,12,1192.3,2025-12-08 00:17:52,8028.0,,17,51,12,1447.134644,2025-12-08 00:18:52
17,52,12,1191.0,2025-12-08 00:17:53,7026.0,,17,52,12,1451.680542,2025-12-08 00:18:53
17,53,12,1192.3,2025-12-08 00:17:54,6024.0,,17,53,12,1456.267578,2025-12-08 00:18:54
17,54,12,1190.9,2025-12-08 00:17:55,5020.0,,17,54,12,1460.897705,2025-12-08 00:18:55
17,55,12,1192.0,2025-12-08 00:17:56,4019.0,,17,55,12,1465.571899,2025-12-08 00:18:56
17,56,12,1194.2,2025-12-08 00:17:57,3016.0,,17,56,12,1470.29126,2025-12-08 00:18:57
17,57,12,1191.1,2025-12-08 00:17:58,2014.0,,17,57,12,1475.057129,2025-12-08 00:18:58
17,58,12,1191.8,2025-12-08 00:17:59,1012.0,,17,58,12,1479.870239,2025-12-08 00:18:59
17,59,12,1265.571186,2025-12-08 00:18:00,11.0,,17,59,12,1484.732056,2025-12-08 00:19:00
18,0,12,1193.6,2025-12-08 00:18:01,59518.0,,18,0,12,1312.676758,2025-12-08 00:19:01
18,1,12,1201.1,2025-12-08 00:18:02,58515.0,,18,1,12,1315.508301,2025-12-08 00:19:02
18,2,12,1194.9,2025-12-08 00:18:03,57514.0,,18,2,12,1318.608521,2025-12-08 00:19:03
18,3,12,1197.9,2025-12-08 00:18:04,56511.0,,18,3,12,1321.868774,2025-12-08 00:19:04
18,4,12,1197.7,2025-12-08 00:18:05,55510.0,,18,4,12,1325.261353,2025-12-08 00:19:05
18,5,12,1194.6,2025-12-08 00:18:06,54507.0,,18,5,12,1328.758301,2025-12-08 00:19:06
18,6,12,1192.6,2025-12-08 00:18:07,53504.0,,18,6,12,1332.337891,2025-12-08 00:19:07
18,7,12,1194.5,2025-12-08 00:18:08,52503.0,,18,7,12,1335.983887,2025-12-08 00:19:08
18,8,12,1193.0,2025-12-08 00:18:09,51502.0,,18,8,12,1339.684326,2025-12-08 00:19:09
18,9,12,1194.5,2025-12-08 00:18:10,50501.0,,18,9,12,1343.429932,2025-12-08 00:19:10
18,10,12,1196.6,2025-12-08 00:18:11,49500.0,,18,10,12,1347.213989,2025-12-08 00:19:11
18,11,12,1194.1,2025-12-08 00:18:12,48497.0,,18,11,12,1351.031738,2025-12-08 00:19:12
18,12,12,1192.7,2025-12-08 00:18:13,47496.0,,18,12,12,1354.878906,2025-12-08 00:19:13
18,13,12,1193.0,2025-12-08 00:18:14,46495.0,,18,13,12,1358.753418,2025-12-08 00:19:14
18,14,12,1229.1,2025-12-08 00:18:15,45494.0,,18,14,12,1362.653809,2025-12-08 00:19:15
18,15,12,1300.9,2025-12-08 00:18:16,44493.0,,18,15,12,1366.580322,2025-12-08 00:19:16
18,16,12,1293.2,2025-12-08 00:18:17,43490.0,,18,16,12,1370.534302,2025-12-08 00:19:17
18,17,12,1291.3,2025-12-08 00:18:18,42489.0,,18,17,12,1374.51123,2025-12-08 00:19:18
18,18,12,1300.4,2025-12-08 00:18:19,41485.0,,18,18,12,1378.511597,2025-12-08 00:19:19
18,19,12,1302.3,2025-12-08 00:18:20,40484.0,,18,19,12,1382.536377,2025-12-08 00:19:20
18,20,12,1293.2,2025-12-08 00:18:21,39483.0,,18,20,12,1386.585693,2025-12-08 00:19:21
18,21,12,1295.1,2025-12-08 00:18:22,38482.0,,18,21,12,1390.659912,2025-12-08 00:19:22
18,22,12,1307.2,2025-12-08 00:18:23,37480.0,,18,22,12,1394.760376,2025-12-08 00:19:23
18,23,12,1295.5,2025-12-08 00:18:24,36479.0,,18,23,12,1398.888306,2025-12-08 00:19:24
18,24,12,1291.8,2025-12-08 00:18:25,35478.0,,18,24,12,1403.043701,2025-12-08 00:19:25
18,25,12,1293.0,2025-12-08 00:18:26,34476.0,,18,25,12,1407.228271,2025-12-08 00:19:26
18,26,12,1297.0,2025-12-08 00:18:27,33473.0,,18,26,12,1411.442993,2025-12-08 00:19:27
18,27,12,1297.3,2025-12-08 00:18:28,32472.0,,18,27,12,1415.689331,2025-12-08 00:19:28
18,28,12,1297.3,2025-12-08 00:18:29,31471.0,,18,28,12,1419.96814,2025-12-08 00:19:29
18,29,12,1292.7,2025-12-08 00:18:30,30468.0,,18,29,12,1424.280762,2025-12-08 00:19:30
18,30,12,1301.4,2025-12-08 00:18:31,29465.0,,18,30,12,1428.628052,2025-12-08 00:19:31
18,31,12,1297.1,2025-12-08 00:18:32,28464.0,,18,31,12,1433.012085,2025-12-08 00:19:32
18,32,12,1295.3,2025-12-08 00:18:33,27458.0,,18,32,12,1437.432983,2025-12-08 00:19:33
18,33,12,1302.1,2025-12-08 00:18:34,26457.0,,18,33,12,1441.892212,2025-12-08 00:19:34
18,34,12,1284.0,2025-12-08 00:18:35,25449.0,,18,34,12,1446.391602,2025-12-08 00:19:35
18,35,12,1288.8,2025-12-08 00:18:36,24381.0,,18,35,12,1450.93103,2025-12-08 00:19:36
18,36,12,1283.7,2025-12-08 00:18:37,23380.0,,18,36,12,1455.512451,2025-12-08 00:19:37
18,37,12,1287.2,2025-12-08 00:18:38,22379.0,,18,37,12,1460.137085,2025-12-08 00:19:38
18,38,12,1285.3,2025-12-08 00:18:39,21378.0,,18,38,12,1464.806274,2025-12-08 00:19:39
18,39,12,1282.1,2025-12-08 00:18:40,20372.0,,18,39,12,1469.52063,2025-12-08 00:19:40
18,40,12,1284.1,2025-12-08 00:18:41,19370.0,,18,40,12,1474.281372,2025-12-08 00:19:41
18,41,12,1284.7,2025-12-08 00:18:42,18274.0,,18,41,12,1479.089844,2025-12-08 00:19:42
18,42,12,1283.7,2025-12-08 00:18:43,17270.0,,18,42,12,1483.947021,2025-12-08 00:19:43
18,43,12,1284.4,2025-12-08 00:18:44,16266.0,,18,43,12,1488.853516,2025-12-08 00:19:44
18,44,12,1279.5,2025-12-08 00:18:45,15265.0,,18,44,12,1493.810669,2025-12-08 00:19:45
18,45,12,1278.1,2025-12-08 00:18:46,14093.0,,18,45,12,1498.818726,2025-12-08 00:19:46
18,46,12,1281.1,2025-12-08 00:18:47,13044.0,,18,46,12,1503.878906,2025-12-08 00:19:47
18,47,12,1282.5,2025-12-08 00:18:48,12042.0,,18,47,12,1508.992188,2025-12-08 00:19:48
18,48,12,1281.1,2025-12-08 00:18:49,11041.0,,18,48,12,1514.159058,2025-12-08 00:19:49
18,49,12,1279.0,2025-12-08 00:18:50,10039.0,,18,49,12,1519.380127,2025-12-08 00:19:50
18,50,12,1283.9,2025-12-08 00:18:51,9036.0,,18,50,12,1524.655884,2025-12-08 00:19:51
18,51,12,1282.6,2025-12-08 00:18:52,8028.0,,18,51,12,1529.986938,2025-12-08 00:19:52
18,52,12,1281.3,2025-12-08 00:18:53,7027.0,,18,52,12,1535.373779,2025-12-08 00:19:53
18,53,12,1281.5,2025-12-08 00:18:54,6026.0,,18,53,12,1540.816406,2025-12-08 00:19:54
18,54,12,1281.4,2025-12-08 00:18:55,5025.0,,18,54,12,1546.315186,2025-12-08 00:19:55
18,55,12,1281.1,2025-12-08 00:18:56,4024.0,,18,55,12,1551.870239,2025-12-08 00:19:56
18,56,12,1283.0,2025-12-08 00:18:57,3022.0,,18,56,12,1557.481812,2025-12-08 00:19:57
18,57,12,1279.7,2025-12-08 00:18:58,2018.0,,18,57,12,1563.149414,2025-12-08 00:19:58
18,58,12,1280.9,2025-12-08 00:18:59,1011.0,,18,58,12,1568.873047,2025-12-08 00:19:59
18,59,12,1278.9,2025-12-08 00:19:00,10.0,,18,59,12,1574.652588,2025-12-08 00:20:00
19,0,12,1282.4,2025-12-08 00:19:01,59175.0,,19,0,12,1398.062012,2025-12-08 00:20:01
19,1,12,1283.9,2025-12-08 00:19:02,58168.0,,19,1,12,1401.261597,2025-12-08 00:20:02
19,2,12,1280.9,2025-12-08 00:19:03,57160.0,,19,2,12,1404.718262,2025-12-08 00:20:03
19,3,12,1282.9,2025-12-08 00:19:04,56158.0,,19,3,12,1408.337891,2025-12-08 00:20:04
19,4,12,1281.4,2025-12-08 00:19:05,55151.0,,19,4,12,1412.099976,2025-12-08 00:20:05
19,5,12,1282.3,2025-12-08 00:19:06,54142.0,,19,5,12,1415.981201,2025-12-08 00:20:06
19,6,12,1280.6,2025-12-08 00:19:07,53139.0,,19,6,12,1419.963379,2025-12-08 00:20:07
19,7,12,1284.4,2025-12-08 00:19:08,52137.0,,19,7,12,1424.032959,2025-12-08 00:20:08
19,8,12,1284.9,2025-12-08 00:19:09,51136.0,,19,8,12,1428.179688,2025-12-08 00:20:09
19,9,12,1287.1,2025-12-08 00:19:10,50134.0,,19,9,12,1432.395996,2025-12-08 00:20:10
19,10,12,1305.2,2025-12-08 00:19:11,49133.0,,19,10,12,1436.676147,2025-12-08 00:20:11
19,11,12,1355.9,2025-12-08 00:19:12,48130.0,,19,11,12,1441.01709,2025-12-08 00:20:12
19,12,12,1354.9,2025-12-08 00:19:13,47129.0,,19,12,12,1445.417236,2025-12-08 00:20:13
19,13,12,1358.5,2025-12-08 00:19:14,46127.0,,19,13,12,1449.871948,2025-12-08 00:20:14
19,14,12,1361.4,2025-12-08 00:19:15,45121.0,,19,14,12,1454.379883,2025-12-08 00:20:15
19,15,12,1355.8,2025-12-08 00:19:16,44102.0,,19,15,12,1458.940308,2025-12-08 00:20:16
19,16,12,1359.6,2025-12-08 00:19:17,43100.0,,19,16,12,1463.552612,2025-12-08 00:20:17
19,17,12,1359.0,2025-12-08 00:19:18,42097.0,,19,17,12,1468.216431,2025-12-08 00:20:18
19,18,12,1364.2,2025-12-08 00:19:19,41094.0,,19,18,12,1472.932129,2025-12-08 00:20:19
19,19,12,1364.5,2025-12-08 00:19:20,40094.0,,19,19,12,1477.699707,2025-12-08 00:20:20
19,20,12,1364.3,2025-12-08 00:19:21,39092.0,,19,20,12,1482.519653,2025-12-08 00:20:21
19,21,12,1357.7,2025-12-08 00:19:22,38092.0,,19,21,12,1487.39209,2025-12-08 00:20:22
19,22,12,1384.4,2025-12-08 00:19:23,37091.0,,19,22,12,1492.317383,2025-12-08 00:20:23
19,23,12,1364.1,2025-12-08 00:19:24,36090.0,,19,23,12,1497.297485,2025-12-08 00:20:24
19,24,12,1365.4,2025-12-08 00:19:25,35089.0,,19,24,12,1502.330688,2025-12-08 00:20:25
19,25,12,1363.3,2025-12-08 00:19:26,34086.0,,19,25,12,1507.418457,2025-12-08 00:20:26
19,26,12,1362.9,2025-12-08 00:19:27,33085.0,,19,26,12,1512.561157,2025-12-08 00:20:27
19,27,12,1362.5,2025-12-08 00:19:28,32085.0,,19,27,12,1517.759155,2025-12-08 00:20:28
19,28,12,1366.2,2025-12-08 00:19:29,31084.0,,19,28,12,1523.013306,2025-12-08 00:20:29
19,29,12,1367.8,2025-12-08 00:19:30,30083.0,,19,29,12,1528.32373,2025-12-08 00:20:30
19,30,12,1372.3,2025-12-08 00:19:31,29081.0,,19,30,12,1533.690796,2025-12-08 00:20:31
19,31,12,1361.3,2025-12-08 00:19:32,28080.0,,19,31,12,1539.114746,2025-12-08 00:20:32
19,32,12,1359.5,2025-12-08 00:19:33,27077.0,,19,32,12,1544.595093,2025-12-08 00:20:33
19,33,12,1358.3,2025-12-08 00:19:34,26076.0,,19,33,12,1550.132202,2025-12-08 00:20:34
19,34,12,1359.3,2025-12-08 00:19:35,25074.0,,19,34,12,1555.725952,2025-12-08 00:20:35
19,35,12,1363.3,2025-12-08 00:19:36,24071.0,,19,35,12,1561.376831,2025-12-08 00:20:36
19,36,12,1357.5,2025-12-08 00:19:37,23066.0,,19,36,12,1567.084351,2025-12-08 00:20:37
19,37,12,1363.2,2025-12-08 00:19:38,22064.0,,19,37,12,1572.8479,2025-12-08 00:20:38
19,38,12,1362.2,2025-12-08 00:19:39,21062.0,,19,38,12,1578.66748,2025-12-08 00:20:39
19,39,12,1365.4,2025-12-08 00:19:40,20050.0,,19,39,12,1584.54187,2025-12-08 00:20:40
19,40,12,1363.0,2025-12-08 00:19:41,19048.0,,19,40,12,1590.471191,2025-12-08 00:20:41
19,41,12,1373.6,2025-12-08 00:19:42,18047.0,,19,41,12,1596.453979,2025-12-08 00:20:42
19,42,12,1364.9,2025-12-08 00:19:43,17046.0,,19,42,12,1602.489502,2025-12-08 00:20:43
19,43,12,1366.8,2025-12-08 00:19:44,16044.0,,19,43,12,1608.576294,2025-12-08 00:20:44
19,44,12,1365.1,2025-12-08 00:19:45,15042.0,,19,44,12,1614.713501,2025-12-08 00:20:45
19,45,12,1362.0,2025-12-08 00:19:46,14041.0,,19,45,12,1620.899292,2025-12-08 00:20:46
19,46,12,1365.2,2025-12-08 00:19:47,13040.0,,19,46,12,1627.131958,2025-12-08 00:20:47
19,47,12,1363.1,2025-12-08 00:19:48,12039.0,,19,47,12,1633.410156,2025-12-08 00:20:48
19,48,12,1363.4,2025-12-08 00:19:49,11038.0,,19,48,12,1639.731445,2025-12-08 00:20:49
19,49,12,1365.9,2025-12-08 00:19:50,10037.0,,19,49,12,1646.09436,2025-12-08 00:20:50
19,50,12,1372.5,2025-12-08 00:19:51,9036.0,,19,50,12,1652.49646,2025-12-08 00:20:51
19,51,12,1365.6,2025-12-08 00:19:52,8034.0,,19,51,12,1658.935181,2025-12-08 00:20:52
19,52,12,1366.6,2025-12-08 00:19:53,7028.0,,19,52,12,1665.407959,2025-12-08 00:20:53
19,53,12,1365.5,2025-12-08 00:19:54,6024.0,,19,53,12,1671.911865,2025-12-08 00:20:54
19,54,12,1362.3,2025-12-08 00:19:55,5023.0,,19,54,12,1678.444336,2025-12-08 00:20:55
19,55,12,1364.5,2025-12-08 00:19:56,4021.0,,19,55,12,1685.002075,2025-12-08 00:20:56
19,56,12,1369.0,2025-12-08 00:19:57,3018.0,,19,56,12,1691.581909,2025-12-08 00:20:57
19,57,12,1362.7,2025-12-08 00:19:58,2017.0,,19,57,12,1698.180664,2025-12-08 00:20:58
19,58,12,1365.3,2025-12-08 00:19:59,1017.0,,19,58,12,1704.794556,2025-12-08 00:20:59
19,59,12,1366.4,2025-12-08 00:20:00,13.0,,19,59,12,1711.420288,2025-12-08 00:21:00
20,0,12,1364.0,2025-12-08 00:20:01,59136.0,,20,0,12,1515.380615,2025-12-08 00:21:01
20,1,12,1367.0,2025-12-08 00:20:02,58134.0,,20,1,12,1519.682007,2025-12-08 00:21:02
20,2,12,1367.5,2025-12-08 00:20:03,57133.0,,20,2,12,1524.272217,2025-12-08 00:21:03
20,3,12,1368.0,2025-12-08 00:20:04,56132.0,,20,3,12,1529.042358,2025-12-08 00:21:04
20,4,12,1364.9,2025-12-08 00:20:05,55131.0,,20,4,12,1533.977905,2025-12-08 00:21:05
20,5,12,1364.5,2025-12-08 00:20:06,54128.0,,20,5,12,1539.05481,2025-12-08 00:21:06
20,6,12,1366.8,2025-12-08 00:20:07,53126.0,,20,6,12,1544.254883,2025-12-08 00:21:07
20,7,12,1367.3,2025-12-08 00:20:08,52125.0,,20,7,12,1549.563232,2025-12-08 00:21:08
20,8,12,1369.0,2025-12-08 00:20:09,51124.0,,20,8,12,1554.968994,2025-12-08 00:21:09
20,9,12,1360.8,2025-12-08 00:20:10,50122.0,,20,9,12,1560.463135,2025-12-08 00:21:10
20,10,12,1366.5,2025-12-08 00:20:11,49121.0,,20,10,12,1566.038696,2025-12-08 00:21:11
20,11,12,1366.2,2025-12-08 00:20:12,48120.0,,20,11,12,1571.69043,2025-12-08 00:21:12
20,12,12,1379.7,2025-12-08 00:20:13,47118.0,,20,12,12,1577.41394,2025-12-08 00:21:13
20,13,12,1402.9,2025-12-08 00:20:14,46116.0,,20,13,12,1583.206177,2025-12-08 00:21:14
20,14,12,1463.7,2025-12-08 00:20:15,45100.0,,20,14,12,1589.064331,2025-12-08 00:21:15
20,15,12,1452.5,2025-12-08 00:20:16,44096.0,,20,15,12,1594.986816,2025-12-08 00:21:16
20,16,12,1469.6,2025-12-08 00:20:17,43095.0,,20,16,12,1600.968994,2025-12-08 00:21:17
20,17,12,1463.1,2025-12-08 00:20:18,42094.0,,20,17,12,1607.009155,2025-12-08 00:21:18
20,18,12,1468.0,2025-12-08 00:20:19,41092.0,,20,18,12,1613.104614,2025-12-08 00:21:19
20,19,12,1471.4,2025-12-08 00:20:20,40090.0,,20,19,12,1619.253418,2025-12-08 00:21:20
20,20,12,1468.0,2025-12-08 00:20:21,39088.0,,20,20,12,1625.453369,2025-12-08 00:21:21
20,21,12,1462.7,2025-12-08 00:20:22,38087.0,,20,21,12,1631.701904,2025-12-08 00:21:22
20,22,12,1465.3,2025-12-08 00:20:23,37086.0,,20,22,12,1637.996826,2025-12-08 00:21:23
20,23,12,1466.6,2025-12-08 00:20:24,36085.0,,20,23,12,1644.335693,2025-12-08 00:21:24
20,24,12,1464.1,2025-12-08 00:20:25,35083.0,,20,24,12,1650.716553,2025-12-08 00:21:25
20,25,12,1463.6,2025-12-08 00:20:26,34082.0,,20,25,12,1657.135986,2025-12-08 00:21:26
20,26,12,1463.7,2025-12-08 00:20:27,33080.0,,20,26,12,1663.591797,2025-12-08 00:21:27
20,27,12,1462.8,2025-12-08 00:20:28,32077.0,,20,27,12,1670.081177,2025-12-08 00:21:28
20,28,12,1466.6,2025-12-08 00:20:29,31076.0,,20,28,12,1676.600586,2025-12-08 00:21:29
20,29,12,1469.6,2025-12-08 00:20:30,30075.0,,20,29,12,1683.147339,2025-12-08 00:21:30
20,30,12,1466.5,2025-12-08 00:20:31,29073.0,,20,30,12,1689.718262,2025-12-08 00:21:31
20,31,12,1467.6,2025-12-08 00:20:32,28072.0,,20,31,12,1696.309692,2025-12-08 00:21:32
20,32,12,1468.1,2025-12-08 00:20:33,27071.0,,20,32,12,1702.918213,2025-12-08 00:21:33
20,33,12,1469.7,2025-12-08 00:20:34,26070.0,,20,33,12,1709.539917,2025-12-08 00:21:34
20,34,12,1473.4,2025-12-08 00:20:35,25069.0,,20,34,12,1716.171631,2025-12-08 00:21:35
20,35,12,1466.7,2025-12-08 00:20:36,24067.0,,20,35,12,1722.80896,2025-12-08 00:21:36
20,36,12,1468.7,2025-12-08 00:20:37,23066.0,,20,36,12,1729.447876,2025-12-08 00:21:37
20,37,12,1472.1,2025-12-08 00:20:38,22066.0,,20,37,12,1736.084839,2025-12-08 00:21:38
20,38,12,1469.8,2025-12-08 00:20:39,21064.0,,20,38,12,1742.715088,2025-12-08 00:21:39
20,39,12,1468.6,2025-12-08 00:20:40,20063.0,,20,39,12,1749.334595,2025-12-08 00:21:40
20,40,12,1471.7,2025-12-08 00:20:41,19062.0,,20,40,12,1755.939331,2025-12-08 00:21:41
20,41,12,1470.7,2025-12-08 00:20:42,18060.0,,20,41,12,1762.525024,2025-12-08 00:21:42
20,42,12,1471.6,2025-12-08 00:20:43,17059.0,,20,42,12,1769.087158,2025-12-08 00:21:43
20,43,12,1473.3,2025-12-08 00:20:44,16058.0,,20,43,12,1775.621216,2025-12-08 00:21:44
20,44,12,1477.4,2025-12-08 00:20:45,15055.0,,20,44,12,1782.123413,2025-12-08 00:21:45
20,45,12,1472.2,2025-12-08 00:20:46,14052.0,,20,45,12,1788.589111,2025-12-08 00:21:46
20,46,12,1470.7,2025-12-08 00:20:47,13050.0,,20,46,12,1795.013916,2025-12-08 00:21:47
20,47,12,1470.7,2025-12-08 00:20:48,12049.0,,20,47,12,1801.394043,2025-12-08 00:21:48
20,48,12,1471.7,2025-12-08 00:20:49,11048.0,,20,48,12,1807.724976,2025-12-08 00:21:49
20,49,12,1474.1,2025-12-08 00:20:50,10047.0,,20,49,12,1814.002441,2025-12-08 00:21:50
20,50,12,1472.6,2025-12-08 00:20:51,9045.0,,20,50,12,1820.2229,2025-12-08 00:21:51
20,51,12,1470.4,2025-12-08 00:20:52,8044.0,,20,51,12,1826.38269,2025-12-08 00:21:52
20,52,12,1470.3,2025-12-08 00:20:53,7042.0,,20,52,12,1832.477295,2025-12-08 00:21:53
20,53,12,1471.5,2025-12-08 00:20:54,6041.0,,20,53,12,1838.503784,2025-12-08 00:21:54
20,54,12,1483.0,2025-12-08 00:20:55,5039.0,,20,54,12,1844.458252,2025-12-08 00:21:55
20,55,12,1472.7,2025-12-08 00:20:56,4038.0,,20,55,12,1850.338135,2025-12-08 00:21:56
20,56,12,1474.1,2025-12-08 00:20:57,3037.0,,20,56,12,1856.139282,2025-12-08 00:21:57
20,57,12,1474.9,2025-12-08 00:20:58,2035.0,,20,57,12,1861.859131,2025-12-08 00:21:58
20,58,12,1475.7,2025-12-08 00:20:59,1012.0,,20,58,12,1867.495361,2025-12-08 00:21:59
20,59,12,1476.5,2025-12-08 00:21:00,9.0,,20,59,12,1873.0448,2025-12-08 00:22:00
21,0,12,1474.8,2025-12-08 00:21:01,59788.0,,21,0,12,1519.201538,2025-12-08 00:22:01
21,1,12,1477.2,2025-12-08 00:21:02,58787.0,,21,1,12,1523.499023,2025-12-08 00:22:02
21,2,12,1471.8,2025-12-08 00:21:03,57786.0,,21,2,12,1528.087646,2025-12-08 00:22:03
21,3,12,1475.0,2025-12-08 00:21:04,56785.0,,21,3,12,1532.866333,2025-12-08 00:22:04
21,4,12,1475.7,2025-12-08 00:21:05,55780.0,,21,4,12,1537.81665,2025-12-08 00:22:05
21,5,12,1474.3,2025-12-08 00:21:06,54779.0,,21,5,12,1542.914185,2025-12-08 00:22:06
21,6,12,1470.7,2025-12-08 00:21:07,53778.0,,21,6,12,1548.139038,2025-12-08 00:22:07
21,7,12,1489.4,2025-12-08 00:21:08,52777.0,,21,7,12,1553.475586,2025-12-08 00:22:08
21,8,12,1472.3,2025-12-08 00:21:09,51775.0,,21,8,12,1558.912964,2025-12-08 00:22:09
21,9,12,1474.5,2025-12-08 00:21:10,50773.0,,21,9,12,1564.440063,2025-12-08 00:22:10
21,10,12,1477.8,2025-12-08 00:21:11,49771.0,,21,10,12,1570.050903,2025-12-08 00:22:11
21,11,12,1473.6,2025-12-08 00:21:12,48770.0,,21,11,12,1575.739136,2025-12-08 00:22:12
21,12,12,1472.7,2025-12-08 00:21:13,47769.0,,21,12,12,1581.499878,2025-12-08 00:22:13
21,13,12,1474.6,2025-12-08 00:21:14,46768.0,,21,13,12,1587.329224,2025-12-08 00:22:14
21,14,12,1480.6,2025-12-08 00:21:15,45766.0,,21,14,12,1593.223999,2025-12-08 00:22:15
21,15,12,1473.9,2025-12-08 00:21:16,44765.0,,21,15,12,1599.181274,2025-12-08 00:22:16
21,16,12,1481.9,2025-12-08 00:21:17,43764.0,,21,16,12,1605.197876,2025-12-08 00:22:17
21,17,12,1475.0,2025-12-08 00:21:18,42763.0,,21,17,12,1611.271973,2025-12-08 00:22:18
21,18,12,1477.8,2025-12-08 00:21:19,41762.0,,21,18,12,1617.400513,2025-12-08 00:22:19
21,19,12,1481.1,2025-12-08 00:21:20,40760.0,,21,19,12,1623.581421,2025-12-08 00:22:20
21,20,12,1470.0,2025-12-08 00:21:21,39759.0,,21,20,12,1629.812378,2025-12-08 00:22:21
21,21,12,1471.6,2025-12-08 00:21:22,38751.0,,21,21,12,1636.090698,2025-12-08 00:22:22
21,22,12,1471.8,2025-12-08 00:21:23,37750.0,,21,22,12,1642.414307,2025-12-08 00:22:23
21,23,12,1475.1,2025-12-08 00:21:24,36741.0,,21,23,12,1648.78064,2025-12-08 00:22:24
21,24,12,1470.0,2025-12-08 00:21:25,35740.0,,21,24,12,1655.187012,2025-12-08 00:22:25
21,25,12,1474.5,2025-12-08 00:21:26,34738.0,,21,25,12,1661.630737,2025-12-08 00:22:26
21,26,12,1475.2,2025-12-08 00:21:27,33737.0,,21,26,12,1668.108765,2025-12-08 00:22:27
21,27,12,1475.3,2025-12-08 00:21:28,32736.0,,21,27,12,1674.618652,2025-12-08 00:22:28
21,28,12,1474.0,2025-12-08 00:21:29,31735.0,,21,28,12,1681.156616,2025-12-08 00:22:29
21,29,12,1469.8,2025-12-08 00:21:30,30734.0,,21,29,12,1687.719727,2025-12-08 00:22:30
21,30,12,1471.1,2025-12-08 00:21:31,29732.0,,21,30,12,1694.304443,2025-12-08 00:22:31
21,31,12,1475.7,2025-12-08 00:21:32,28729.0,,21,31,12,1700.907593,2025-12-08 00:22:32
21,32,12,1470.7,2025-12-08 00:21:33,27726.0,,21,32,12,1707.525513,2025-12-08 00:22:33
21,33,12,1475.3,2025-12-08 00:21:34,26725.0,,21,33,12,1714.153809,2025-12-08 00:22:34
21,34,12,1472.5,2025-12-08 00:21:35,25724.0,,21,34,12,1720.789307,2025-12-08 00:22:35
21,35,12,1470.1,2025-12-08 00:21:36,24723.0,,21,35,12,1727.427612,2025-12-08 00:22:36
21,36,12,1473.4,2025-12-08 00:21:37,23722.0,,21,36,12,1734.065063,2025-12-08 00:22:37
21,37,12,1472.1,2025-12-08 00:21:38,22721.0,,21,37,12,1740.697388,2025-12-08 00:22:38
21,38,12,1473.6,2025-12-08 00:21:39,21719.0,,21,38,12,1747.320312,2025-12-08 00:22:39
21,39,12,1475.5,2025-12-08 00:21:40,20717.0,,21,39,12,1753.92981,2025-12-08 00:22:40
21,40,12,1476.3,2025-12-08 00:21:41,19716.0,,21,40,12,1760.521606,2025-12-08 00:22:41
21,41,12,1477.4,2025-12-08 00:21:42,18711.0,,21,41,12,1767.091064,2025-12-08 00:22:42
21,42,12,1477.3,2025-12-08 00:21:43,17709.0,,21,42,12,1773.634155,2025-12-08 00:22:43
21,43,12,1488.3,2025-12-08 00:21:44,16556.0,,21,43,12,1780.14624,2025-12-08 00:22:44
21,44,12,1478.2,2025-12-08 00:21:45,15453.0,,21,44,12,1786.623535,2025-12-08 00:22:45
21,45,12,1476.5,2025-12-08 00:21:46,14450.0,,21,45,12,1793.061523,2025-12-08 00:22:46
21,46,12,1478.7,2025-12-08 00:21:47,13448.0,,21,46,12,1799.455322,2025-12-08 00:22:47
21,47,12,1480.8,2025-12-08 00:21:48,12402.0,,21,47,12,1805.801636,2025-12-08 00:22:48
21,48,12,1478.6,2025-12-08 00:21:49,11399.0,,21,48,12,1812.096313,2025-12-08 00:22:49
21,49,12,1479.5,2025-12-08 00:21:50,10217.0,,21,49,12,1818.334839,2025-12-08 00:22:50
21,50,12,1479.7,2025-12-08 00:21:51,9212.0,,21,50,12,1824.513306,2025-12-08 00:22:51
21,51,12,1477.1,2025-12-08 00:21:52,8165.0,,21,51,12,1830.628784,2025-12-08 00:22:52
21,52,12,1477.5,2025-12-08 00:21:53,7120.0,,21,52,12,1836.676758,2025-12-08 00:22:53
21,53,12,1475.6,2025-12-08 00:21:54,6120.0,,21,53,12,1842.653442,2025-12-08 00:22:54
21,54,12,1474.9,2025-12-08 00:21:55,5113.0,,21,54,12,1848.556274,2025-12-08 00:22:55
21,55,12,1474.3,2025-12-08 00:21:56,4085.0,,21,55,12,1854.381714,2025-12-08 00:22:56
21,56,12,1472.1,2025-12-08 00:21:57,3084.0,,21,56,12,1860.126953,2025-12-08 00:22:57
21,57,12,1476.2,2025-12-08 00:21:58,2083.0,,21,57,12,1865.788818,2025-12-08 00:22:58
21,58,12,1476.4,2025-12-08 00:21:59,1083.0,,21,58,12,1871.365112,2025-12-08 00:22:59
21,59,12,1483.6,2025-12-08 00:22:00,82.0,,21,59,12,1876.853027,2025-12-08 00:23:00
22,0,12,1480.2,2025-12-08 00:22:01,59197.0,,22,0,12,1526.511108,2025-12-08 00:23:01
22,1,12,1479.8,2025-12-08 00:22:02,58195.0,,22,1,12,1530.900391,2025-12-08 00:23:02
22,2,12,1478.4,2025-12-08 00:22:03,57191.0,,22,2,12,1535.595703,2025-12-08 00:23:03
22,3,12,1477.9,2025-12-08 00:22:04,56179.0,,22,3,12,1540.472778,2025-12-08 00:23:04
22,4,12,1480.1,2025-12-08 00:22:05,55178.0,,22,4,12,1545.517822,2025-12-08 00:23:05
22,5,12,1477.4,2025-12-08 00:22:06,54177.0,,22,5,12,1550.707397,2025-12-08 00:23:06
22,6,12,1479.7,2025-12-08 00:22:07,53174.0,,22,6,12,1556.021729,2025-12-08 00:23:07
22,7,12,1478.1,2025-12-08 00:22:08,52173.0,,22,7,12,1561.446411,2025-12-08 00:23:08
22,8,12,1474.8,2025-12-08 00:22:09,51172.0,,22,8,12,1566.969238,2025-12-08 00:23:09
22,9,12,1474.9,2025-12-08 00:22:10,50169.0,,22,9,12,1572.581177,2025-12-08 00:23:10
22,10,12,1476.8,2025-12-08 00:22:11,49168.0,,22,10,12,1578.27478,2025-12-08 00:23:11
22,11,12,1476.4,2025-12-08 00:22:12,48167.0,,22,11,12,1584.044678,2025-12-08 00:23:12
22,12,12,1480.6,2025-12-08 00:22:13,47166.0,,22,12,12,1589.88562,2025-12-08 00:23:13
22,13,12,1477.7,2025-12-08 00:22:14,46162.0,,22,13,12,1595.793823,2025-12-08 00:23:14
22,14,12,1472.0,2025-12-08 00:22:15,45161.0,,22,14,12,1601.765625,2025-12-08 00:23:15
22,15,12,1475.3,2025-12-08 00:22:16,44154.0,,22,15,12,1607.797729,2025-12-08 00:23:16
22,16,12,1479.1,2025-12-08 00:22:17,43143.0,,22,16,12,1613.887451,2025-12-08 00:23:17
22,17,12,1478.7,2025-12-08 00:22:18,42134.0,,22,17,12,1620.032349,2025-12-08 00:23:18
22,18,12,1483.4,2025-12-08 00:22:19,41126.0,,22,18,12,1626.22937,2025-12-08 00:23:19
22,19,12,1484.2,2025-12-08 00:22:20,40125.0,,22,19,12,1632.476685,2025-12-08 00:23:20
22,20,12,1475.9,2025-12-08 00:22:21,39123.0,,22,20,12,1638.770996,2025-12-08 00:23:21
22,21,12,1477.2,2025-12-08 00:22:22,38118.0,,22,21,12,1645.109863,2025-12-08 00:23:22
22,22,12,1477.4,2025-12-08 00:22:23,37117.0,,22,22,12,1651.490723,2025-12-08 00:23:23
22,23,12,1477.1,2025-12-08 00:22:24,36116.0,,22,23,12,1657.911011,2025-12-08 00:23:24
22,24,12,1477.2,2025-12-08 00:22:25,35115.0,,22,24,12,1664.367554,2025-12-08 00:23:25
22,25,12,1476.1,2025-12-08 00:22:26,34114.0,,22,25,12,1670.857788,2025-12-08 00:23:26
22,26,12,1476.6,2025-12-08 00:22:27,33113.0,,22,26,12,1677.37793,2025-12-08 00:23:27
22,27,12,1477.1,2025-12-08 00:22:28,32112.0,,22,27,12,1683.925537,2025-12-08 00:23:28
22,28,12,1476.9,2025-12-08 00:22:29,31111.0,,22,28,12,1690.49707,2025-12-08 00:23:29
22,29,12,1478.9,2025-12-08 00:22:30,30105.0,,22,29,12,1697.088989,2025-12-08 00:23:30
22,30,12,1473.7,2025-12-08 00:22:31,29102.0,,22,30,12,1703.697754,2025-12-08 00:23:31
22,31,12,1479.9,2025-12-08 00:22:32,28101.0,,22,31,12,1710.31958,2025-12-08 00:23:32
22,32,12,1476.8,2025-12-08 00:22:33,27101.0,,22,32,12,1716.950928,2025-12-08 00:23:33
22,33,12,1481.2,2025-12-08 00:22:34,26096.0,,22,33,12,1723.587402,2025-12-08 00:23:34
22,34,12,1482.3,2025-12-08 00:22:35,25095.0,,22,34,12,1730.225708,2025-12-08 00:23:35
22,35,12,1480.9,2025-12-08 00:22:36,24092.0,,22,35,12,1736.861206,2025-12-08 00:23:36
22,36,12,1483.0,2025-12-08 00:22:37,23090.0,,22,36,12,1743.48999,2025-12-08 00:23:37
22,37,12,1484.8,2025-12-08 00:22:38,22089.0,,22,37,12,1750.107422,2025-12-08 00:23:38
22,38,12,1479.9,2025-12-08 00:22:39,21089.0,,22,38,12,1756.709961,2025-12-08 00:23:39
22,39,12,1480.3,2025-12-08 00:22:40,20087.0,,22,39,12,1763.292236,2025-12-08 00:23:40
22,40,12,1482.3,2025-12-08 00:22:41,19086.0,,22,40,12,1769.850952,2025-12-08 00:23:41
22,41,12,1475.5,2025-12-08 00:22:42,18085.0,,22,41,12,1776.38147,2025-12-08 00:23:42
22,42,12,1478.1,2025-12-08 00:22:43,17083.0,,22,42,12,1782.87915,2025-12-08 00:23:43
22,43,12,1477.7,2025-12-08 00:22:44,16081.0,,22,43,12,1789.340088,2025-12-08 00:23:44
22,44,12,1489.3,2025-12-08 00:22:45,15080.0,,22,44,12,1795.759644,2025-12-08 00:23:45
22,45,12,1487.9,2025-12-08 00:22:46,14074.0,,22,45,12,1802.134155,2025-12-08 00:23:46
22,46,12,1483.1,2025-12-08 00:22:47,13068.0,,22,46,12,1808.458984,2025-12-08 00:23:47
22,47,12,1479.8,2025-12-08 00:22:48,12066.0,,22,47,12,1814.730347,2025-12-08 00:23:48
22,48,12,1494.5,2025-12-08 00:22:49,11061.0,,22,48,12,1820.94397,2025-12-08 00:23:49
22,49,12,1481.4,2025-12-08 00:22:50,10060.0,,22,49,12,1827.09668,2025-12-08 00:23:50
22,50,12,1481.4,2025-12-08 00:22:51,9059.0,,22,50,12,1833.183594,2025-12-08 00:23:51
22,51,12,1482.0,2025-12-08 00:22:52,8058.0,,22,51,12,1839.202026,2025-12-08 00:23:52
22,52,12,1482.8,2025-12-08 00:22:53,7057.0,,22,52,12,1845.148682,2025-12-08 00:23:53
22,53,12,1480.2,2025-12-08 00:22:54,6036.0,,22,53,12,1851.019409,2025-12-08 00:23:54
22,54,12,1483.9,2025-12-08 00:22:55,5034.0,,22,54,12,1856.811646,2025-12-08 00:23:55
22,55,12,1481.2,2025-12-08 00:22:56,4033.0,,22,55,12,1862.522339,2025-12-08 00:23:56
22,56,12,1483.5,2025-12-08 00:22:57,3025.0,,22,56,12,1868.148804,2025-12-08 00:23:57
22,57,12,1482.1,2025-12-08 00:22:58,2016.0,,22,57,12,1873.687988,2025-12-08 00:23:58
22,58,12,1495.8,2025-12-08 00:22:59,1015.0,,22,58,12,1879.13855,2025-12-08 00:23:59
22,59,12,1483.0,2025-12-08 00:23:00,14.0,,22,59,12,1884.497803,2025-12-08 00:24:00
23,0,12,1485.8,2025-12-08 00:23:01,59142.0,,23,0,12,1545.139648,2025-12-08 00:24:01
23,1,12,1490.1,2025-12-08 00:23:02,58141.0,,23,1,12,1549.767944,2025-12-08 00:24:02
23,2,12,1487.9,2025-12-08 00:23:03,57131.0,,23,2,12,1554.674194,2025-12-08 00:24:03
23,3,12,1489.8,2025-12-08 00:23:04,56130.0,,23,3,12,1559.762207,2025-12-08 00:24:04
23,4,12,1485.9,2025-12-08 00:23:05,55129.0,,23,4,12,1565.015503,2025-12-08 00:24:05
23,5,12,1485.2,2025-12-08 00:23:06,54128.0,,23,5,12,1570.410278,2025-12-08 00:24:06
23,6,12,1486.5,2025-12-08 00:23:07,53127.0,,23,6,12,1575.927612,2025-12-08 00:24:07
23,7,12,1483.1,2025-12-08 00:23:08,52125.0,,23,7,12,1581.552612,2025-12-08 00:24:08
23,8,12,1484.8,2025-12-08 00:23:09,51124.0,,23,8,12,1587.273071,2025-12-08 00:24:09
23,9,12,1487.0,2025-12-08 00:23:10,50121.0,,23,9,12,1593.079834,2025-12-08 00:24:10
23,10,12,1485.9,2025-12-08 00:23:11,49120.0,,23,10,12,1598.965454,2025-12-08 00:24:11
23,11,12,1506.3,2025-12-08 00:23:12,48118.0,,23,11,12,1604.923828,2025-12-08 00:24:12
23,12,12,1483.3,2025-12-08 00:23:13,47116.0,,23,12,12,1610.950073,2025-12-08 00:24:13
23,13,12,1485.6,2025-12-08 00:23:14,46114.0,,23,13,12,1617.038208,2025-12-08 00:24:14
23,14,12,1487.3,2025-12-08 00:23:15,45112.0,,23,14,12,1623.185425,2025-12-08 00:24:15
23,15,12,1484.5,2025-12-08 00:23:16,44110.0,,23,15,12,1629.387939,2025-12-08 00:24:16
23,16,12,1488.7,2025-12-08 00:23:17,43109.0,,23,16,12,1635.641968,2025-12-08 00:24:17
23,17,12,1484.6,2025-12-08 00:23:18,42106.0,,23,17,12,1641.944946,2025-12-08 00:24:18
23,18,12,1493.0,2025-12-08 00:23:19,41104.0,,23,18,12,1648.293335,2025-12-08 00:24:19
23,19,12,1493.5,2025-12-08 00:23:20,40099.0,,23,19,12,1654.684204,2025-12-08 00:24:20
23,20,12,1493.1,2025-12-08 00:23:21,39097.0,,23,20,12,1661.114502,2025-12-08 00:24:21
23,21,12,1484.1,2025-12-08 00:23:22,38096.0,,23,21,12,1667.580811,2025-12-08 00:24:22
23,22,12,1489.0,2025-12-08 00:23:23,37095.0,,23,22,12,1674.079956,2025-12-08 00:24:23
23,23,12,1486.4,2025-12-08 00:23:24,36094.0,,23,23,12,1680.608643,2025-12-08 00:24:24
23,24,12,1486.9,2025-12-08 00:23:25,35092.0,,23,24,12,1687.163696,2025-12-08 00:24:25
23,25,12,1487.8,2025-12-08 00:23:26,34090.0,,23,25,12,1693.741211,2025-12-08 00:24:26
23,26,12,1492.2,2025-12-08 00:23:27,33089.0,,23,26,12,1700.338379,2025-12-08 00:24:27
23,27,12,1492.6,2025-12-08 00:23:28,32085.0,,23,27,12,1706.950684,2025-12-08 00:24:28
23,28,12,1494.2,2025-12-08 00:23:29,31083.0,,23,28,12,1713.574951,2025-12-08 00:24:29
23,29,12,1503.3,2025-12-08 00:23:30,30082.0,,23,29,12,1720.207031,2025-12-08 00:24:30
23,30,12,1489.3,2025-12-08 00:23:31,29081.0,,23,30,12,1726.842773,2025-12-08 00:24:31
23,31,12,1494.8,2025-12-08 00:23:32,28080.0,,23,31,12,1733.478271,2025-12-08 00:24:32
23,32,12,1496.0,2025-12-08 00:23:33,27079.0,,23,32,12,1740.109009,2025-12-08 00:24:33
23,33,12,1494.5,2025-12-08 00:23:34,26075.0,,23,33,12,1746.731323,2025-12-08 00:24:34
23,34,12,1494.9,2025-12-08 00:23:35,25074.0,,23,34,12,1753.34082,2025-12-08 00:24:35
23,35,12,1493.9,2025-12-08 00:23:36,24072.0,,23,35,12,1759.932739,2025-12-08 00:24:36
23,36,12,1495.1,2025-12-08 00:23:37,23071.0,,23,36,12,1766.503052,2025-12-08 00:24:37
23,37,12,1497.2,2025-12-08 00:23:38,22065.0,,23,37,12,1773.047729,2025-12-08 00:24:38
23,38,12,1499.9,2025-12-08 00:23:39,21062.0,,23,38,12,1779.562012,2025-12-08 00:24:39
23,39,12,1496.5,2025-12-08 00:23:40,20061.0,,23,39,12,1786.041504,2025-12-08 00:24:40
23,40,12,1499.2,2025-12-08 00:23:41,19059.0,,23,40,12,1792.4823,2025-12-08 00:24:41
23,41,12,1496.0,2025-12-08 00:23:42,18058.0,,23,41,12,1798.880127,2025-12-08 00:24:42
23,42,12,1497.9,2025-12-08 00:23:43,17038.0,,23,42,12,1805.230103,2025-12-08 00:24:43
23,43,12,1510.5,2025-12-08 00:23:44,16037.0,,23,43,12,1811.528687,2025-12-08 00:24:44
23,44,12,1495.8,2025-12-08 00:23:45,15034.0,,23,44,12,1817.772583,2025-12-08 00:24:45
23,45,12,1496.3,2025-12-08 00:23:46,14033.0,,23,45,12,1823.956665,2025-12-08 00:24:46
23,46,12,1500.6,2025-12-08 00:23:47,13033.0,,23,46,12,1830.077637,2025-12-08 00:24:47
23,47,12,1497.0,2025-12-08 00:23:48,12032.0,,23,47,12,1836.131714,2025-12-08 00:24:48
23,48,12,1498.2,2025-12-08 00:23:49,11030.0,,23,48,12,1842.115601,2025-12-08 00:24:49
23,49,12,1501.7,2025-12-08 00:23:50,10029.0,,23,49,12,1848.025635,2025-12-08 00:24:50
23,50,12,1500.3,2025-12-08 00:23:51,9028.0,,23,50,12,1853.858765,2025-12-08 00:24:51
23,51,12,1498.3,2025-12-08 00:23:52,8026.0,,23,51,12,1859.611816,2025-12-08 00:24:52
23,52,12,1499.1,2025-12-08 00:23:53,7025.0,,23,52,12,1865.282104,2025-12-08 00:24:53
23,53,12,1502.4,2025-12-08 00:23:54,6023.0,,23,53,12,1870.866943,2025-12-08 00:24:54
23,54,12,1498.1,2025-12-08 00:23:55,5021.0,,23,54,12,1876.36377,2025-12-08 00:24:55
23,55,12,1501.8,2025-12-08 00:23:56,4019.0,,23,55,12,1881.770386,2025-12-08 00:24:56
23,56,12,1500.8,2025-12-08 00:23:57,3018.0,,23,56,12,1887.084229,2025-12-08 00:24:57
23,57,12,1498.9,2025-12-08 00:23:58,2017.0,,23,57,12,1892.304321,2025-12-08 00:24:58
23,58,12,1501.7,2025-12-08 00:23:59,1015.0,,23,58,12,1897.428345,2025-12-08 00:24:59
23,59,12,1510.9,2025-12-08 00:24:00,14.0,,23,59,12,1902.454956,2025-12-08 00:25:00
24,0,12,1500.0,2025-12-08 00:24:01,59435.0,,24,0,12,1219.27124,2025-12-08 00:25:01
24,1,12,1503.7,2025-12-08 00:24:02,58431.0,,24,1,12,1211.021729,2025-12-08 00:25:02
24,2,12,1504.1,2025-12-08 00:24:03,57428.0,,24,2,12,1206.294556,2025-12-08 00:25:03
24,3,12,1507.2,2025-12-08 00:24:04,56427.0,,24,3,12,1203.410767,2025-12-08 00:25:04
24,4,12,1507.4,2025-12-08 00:24:05,55424.0,,24,4,12,1202.080933,2025-12-08 00:25:05
24,5,12,1505.8,2025-12-08 00:24:06,54423.0,,24,5,12,1202.009033,2025-12-08 00:25:06
24,6,12,1498.7,2025-12-08 00:24:07,53421.0,,24,6,12,1202.931152,2025-12-08 00:25:07
24,7,12,1502.3,2025-12-08 00:24:08,52420.0,,24,7,12,1204.630127,2025-12-08 00:25:08
24,8,12,1508.2,2025-12-08 00:24:09,51419.0,,24,8,12,1206.932739,2025-12-08 00:25:09
24,9,12,1503.0,2025-12-08 00:24:10,50415.0,,24,9,12,1209.702881,2025-12-08 00:25:10
24,10,12,1502.9,2025-12-08 00:24:11,49414.0,,24,10,12,1212.833984,2025-12-08 00:25:11
24,11,12,1502.1,2025-12-08 00:24:12,48413.0,,24,11,12,1216.242798,2025-12-08 00:25:12
24,12,12,1506.2,2025-12-08 00:24:13,47412.0,,24,12,12,1219.86499,2025-12-08 00:25:13
24,13,12,1505.0,2025-12-08 00:24:14,46410.0,,24,13,12,1223.649902,2025-12-08 00:25:14
24,14,12,1513.4,2025-12-08 00:24:15,45409.0,,24,14,12,1227.558105,2025-12-08 00:25:15
24,15,12,1506.3,2025-12-08 00:24:16,44406.0,,24,15,12,1231.558472,2025-12-08 00:25:16
24,16,12,1509.0,2025-12-08 00:24:17,43403.0,,24,16,12,1235.626831,2025-12-08 00:25:17
24,17,12,1512.0,2025-12-08 00:24:18,42400.0,,24,17,12,1239.743774,2025-12-08 00:25:18
24,18,12,1512.6,2025-12-08 00:24:19,41399.0,,24,18,12,1243.89502,2025-12-08 00:25:19
24,19,12,1514.0,2025-12-08 00:24:20,40398.0,,24,19,12,1248.068481,2025-12-08 00:25:20
24,20,12,1509.6,2025-12-08 00:24:21,39395.0,,24,20,12,1252.255127,2025-12-08 00:25:21
24,21,12,1508.7,2025-12-08 00:24:22,38394.0,,24,21,12,1256.44751,2025-12-08 00:25:22
24,22,12,1513.7,2025-12-08 00:24:23,37393.0,,24,22,12,1260.640503,2025-12-08 00:25:23
24,23,12,1508.4,2025-12-08 00:24:24,36392.0,,24,23,12,1264.829956,2025-12-08 00:25:24
24,24,12,1509.9,2025-12-08 00:24:25,35388.0,,24,24,12,1269.012329,2025-12-08 00:25:25
24,25,12,1511.3,2025-12-08 00:24:26,34386.0,,24,25,12,1273.185547,2025-12-08 00:25:26
24,26,12,1509.7,2025-12-08 00:24:27,33383.0,,24,26,12,1277.348022,2025-12-08 00:25:27
24,27,12,1511.5,2025-12-08 00:24:28,32342.0,,24,27,12,1281.498291,2025-12-08 00:25:28
24,28,12,1515.1,2025-12-08 00:24:29,31341.0,,24,28,12,1285.635986,2025-12-08 00:25:29
24,29,12,1508.5,2025-12-08 00:24:30,30338.0,,24,29,12,1289.76062,2025-12-08 00:25:30
24,30,12,1510.7,2025-12-08 00:24:31,29334.0,,24,30,12,1293.871826,2025-12-08 00:25:31
24,31,12,1515.9,2025-12-08 00:24:32,28333.0,,24,31,12,1297.970459,2025-12-08 00:25:32
24,32,12,1512.4,2025-12-08 00:24:33,27332.0,,24,32,12,1302.057007,2025-12-08 00:25:33
24,33,12,1515.3,2025-12-08 00:24:34,26330.0,,24,33,12,1306.131348,2025-12-08 00:25:34
24,34,12,1517.9,2025-12-08 00:24:35,25329.0,,24,34,12,1310.195068,2025-12-08 00:25:35
24,35,12,1516.8,2025-12-08 00:24:36,24328.0,,24,35,12,1314.248901,2025-12-08 00:25:36
24,36,12,1520.8,2025-12-08 00:24:37,23326.0,,24,36,12,1318.293701,2025-12-08 00:25:37
24,37,12,1518.2,2025-12-08 00:24:38,22325.0,,24,37,12,1322.330933,2025-12-08 00:25:38
24,38,12,1517.8,2025-12-08 00:24:39,21322.0,,24,38,12,1326.361572,2025-12-08 00:25:39
24,39,12,1516.7,2025-12-08 00:24:40,20321.0,,24,39,12,1330.386719,2025-12-08 00:25:40
24,40,12,1520.5,2025-12-08 00:24:41,19319.0,,24,40,12,1334.408081,2025-12-08 00:25:41
24,41,12,1519.0,2025-12-08 00:24:42,18318.0,,24,41,12,1338.427124,2025-12-08 00:25:42
24,42,12,1518.4,2025-12-08 00:24:43,17287.0,,24,42,12,1342.445068,2025-12-08 00:25:43
24,43,12,1520.3,2025-12-08 00:24:44,16285.0,,24,43,12,1346.463135,2025-12-08 00:25:44
24,44,12,1520.6,2025-12-08 00:24:45,15283.0,,24,44,12,1350.483276,2025-12-08 00:25:45
24,45,12,1525.5,2025-12-08 00:24:46,14282.0,,24,45,12,1354.50647,2025-12-08 00:25:46
24,46,12,1523.9,2025-12-08 00:24:47,13281.0,,24,46,12,1358.534424,2025-12-08 00:25:47
24,47,12,1521.1,2025-12-08 00:24:48,12280.0,,24,47,12,1362.568359,2025-12-08 00:25:48
24,48,12,1523.3,2025-12-08 00:24:49,11279.0,,24,48,12,1366.609131,2025-12-08 00:25:49
24,49,12,1524.1,2025-12-08 00:24:50,10275.0,,24,49,12,1370.658569,2025-12-08 00:25:50
24,50,12,1523.8,2025-12-08 00:24:51,9274.0,,24,50,12,1374.718018,2025-12-08 00:25:51
24,51,12,1350.7,2025-12-08 00:24:52,8273.0,,24,51,12,1378.788452,2025-12-08 00:25:52
24,52,12,1354.9,2025-12-08 00:24:53,7199.0,,24,52,12,1382.864136,2025-12-08 00:25:53
24,53,12,1363.1,2025-12-08 00:24:54,6178.0,,24,53,12,1386.956177,2025-12-08 00:25:54
24,54,12,1372.6,2025-12-08 00:24:55,5174.0,,24,54,12,1391.066895,2025-12-08 00:25:55
24,55,12,1333.4,2025-12-08 00:24:56,4086.0,,24,55,12,1395.19751,2025-12-08 00:25:56
24,56,12,624.8,2025-12-08 00:24:57,3083.0,,24,56,12,1399.348511,2025-12-08 00:25:57
24,57,12,623.6,2025-12-08 00:24:58,2067.0,,24,57,12,1403.491089,2025-12-08 00:25:58
24,58,12,630.3,2025-12-08 00:24:59,1049.0,,24,58,12,1407.662476,2025-12-08 00:25:59
24,59,12,880.0,2025-12-08 00:25:00,43.0,,24,59,12,1411.863647,2025-12-08 00:26:00
25,0,12,642.9,2025-12-08 00:25:01,60089.0,,25,0,12,883.497925,2025-12-08 00:26:01
25,1,12,633.3,2025-12-08 00:25:02,59086.0,,25,1,12,898.427002,2025-12-08 00:26:02
25,2,12,633.5,2025-12-08 00:25:03,57847.0,,25,2,12,915.526611,2025-12-08 00:26:03
25,3,12,631.6,2025-12-08 00:25:04,56843.0,,25,3,12,933.374146,2025-12-08 00:26:04
25,4,12,630.7,2025-12-08 00:25:05,55839.0,,25,4,12,951.526794,2025-12-08 00:26:05
25,5,12,633.5,2025-12-08 00:25:06,54765.0,,25,5,12,969.64447,2025-12-08 00:26:06
25,6,12,634.3,2025-12-08 00:25:07,53756.0,,25,6,12,987.471619,2025-12-08 00:26:07
25,7,12,634.5,2025-12-08 00:25:08,52452.0,,25,7,12,1004.82019,2025-12-08 00:26:08
25,8,12,634.5,2025-12-08 00:25:09,51451.0,,25,8,12,1021.555664,2025-12-08 00:26:09
25,9,12,634.0,2025-12-08 00:25:10,50309.0,,25,9,12,1037.586182,2025-12-08 00:26:10
25,10,12,635.9,2025-12-08 00:25:11,49283.0,,25,10,12,1052.853638,2025-12-08 00:26:11
25,11,12,632.0,2025-12-08 00:25:12,48278.0,,25,11,12,1067.327759,2025-12-08 00:26:12
25,12,12,633.8,2025-12-08 00:25:13,47239.0,,25,12,12,1081.000366,2025-12-08 00:26:13
25,13,12,636.8,2025-12-08 00:25:14,46220.0,,25,13,12,1093.880127,2025-12-08 00:26:14
25,14,12,633.9,2025-12-08 00:25:15,45212.0,,25,14,12,1105.989136,2025-12-08 00:26:15
25,15,12,636.5,2025-12-08 00:25:16,44209.0,,25,15,12,1117.359863,2025-12-08 00:26:16
25,16,12,633.4,2025-12-08 00:25:17,43192.0,,25,16,12,1128.03064,2025-12-08 00:26:17
25,17,12,633.0,2025-12-08 00:25:18,42181.0,,25,17,12,1138.045776,2025-12-08 00:26:18
25,18,12,638.8,2025-12-08 00:25:19,41176.0,,25,18,12,1147.450684,2025-12-08 00:26:19
25,19,12,638.4,2025-12-08 00:25:20,40170.0,,25,19,12,1156.29187,2025-12-08 00:26:20
25,20,12,633.0,2025-12-08 00:25:21,39167.0,,25,20,12,1164.616089,2025-12-08 00:26:21
25,21,12,635.2,2025-12-08 00:25:22,38160.0,,25,21,12,1172.468506,2025-12-08 00:26:22
25,22,12,636.6,2025-12-08 00:25:23,37152.0,,25,22,12,1179.891846,2025-12-08 00:26:23
25,23,12,633.3,2025-12-08 00:25:24,36150.0,,25,23,12,1186.92688,2025-12-08 00:26:24
25,24,12,633.6,2025-12-08 00:25:25,35147.0,,25,24,12,1193.611694,2025-12-08 00:26:25
25,25,12,638.1,2025-12-08 00:25:26,34146.0,,25,25,12,1199.981323,2025-12-08 00:26:26
25,26,12,623.2,2025-12-08 00:25:27,33145.0,,25,26,12,1206.067871,2025-12-08 00:26:27
25,27,12,622.3,2025-12-08 00:25:28,32144.0,,25,27,12,1211.9021,2025-12-08 00:26:28
25,28,12,520.2,2025-12-08 00:25:29,31144.0,,25,28,12,1217.510132,2025-12-08 00:26:29
25,29,12,513.6,2025-12-08 00:25:30,30143.0,,25,29,12,1222.920166,2025-12-08 00:26:30
25,30,12,641.1,2025-12-08 00:25:31,29142.0,,25,30,12,1228.150879,2025-12-08 00:26:31
25,31,12,538.1,2025-12-08 00:25:32,28129.0,,25,31,12,1233.218506,2025-12-08 00:26:32
25,32,12,532.4,2025-12-08 00:25:33,27117.0,,25,32,12,1238.147705,2025-12-08 00:26:33
25,33,12,533.1,2025-12-08 00:25:34,26116.0,,25,33,12,1242.952148,2025-12-08 00:26:34
25,34,12,530.6,2025-12-08 00:25:35,25115.0,,25,34,12,1247.646362,2025-12-08 00:26:35
25,35,12,530.5,2025-12-08 00:25:36,24108.0,,25,35,12,1252.243652,2025-12-08 00:26:36
25,36,12,528.5,2025-12-08 00:25:37,23104.0,,25,36,12,1256.756226,2025-12-08 00:26:37
25,37,12,528.5,2025-12-08 00:25:38,22098.0,,25,37,12,1261.19458,2025-12-08 00:26:38
25,38,12,527.4,2025-12-08 00:25:39,21097.0,,25,38,12,1265.568604,2025-12-08 00:26:39
25,39,12,529.2,2025-12-08 00:25:40,20097.0,,25,39,12,1269.886841,2025-12-08 00:26:40
25,40,12,536.7,2025-12-08 00:25:41,19090.0,,25,40,12,1274.157349,2025-12-08 00:26:41
25,41,12,532.8,2025-12-08 00:25:42,18089.0,,25,41,12,1278.387451,2025-12-08 00:26:42
25,42,12,533.6,2025-12-08 00:25:43,17081.0,,25,42,12,1282.58374,2025-12-08 00:26:43
25,43,12,538.8,2025-12-08 00:25:44,16080.0,,25,43,12,1286.751709,2025-12-08 00:26:44
25,44,12,534.3,2025-12-08 00:25:45,15078.0,,25,44,12,1290.897217,2025-12-08 00:26:45
25,45,12,536.0,2025-12-08 00:25:46,14077.0,,25,45,12,1295.025024,2025-12-08 00:26:46
25,46,12,558.7,2025-12-08 00:25:47,13068.0,,25,46,12,1299.139526,2025-12-08 00:26:47
25,47,12,606.1,2025-12-08 00:25:48,12064.0,,25,47,12,1303.24585,2025-12-08 00:26:48
25,48,12,646.7,2025-12-08 00:25:49,11055.0,,25,48,12,1307.348145,2025-12-08 00:26:49
25,49,12,655.7,2025-12-08 00:25:50,10053.0,,25,49,12,1311.449951,2025-12-08 00:26:50
25,50,12,654.6,2025-12-08 00:25:51,9052.0,,25,50,12,1315.553711,2025-12-08 00:26:51
25,51,12,655.8,2025-12-08 00:25:52,8050.0,,25,51,12,1319.662354,2025-12-08 00:26:52
25,52,12,654.8,2025-12-08 00:25:53,7048.0,,25,52,12,1323.778809,2025-12-08 00:26:53
25,53,12,657.2,2025-12-08 00:25:54,6047.0,,25,53,12,1327.906006,2025-12-08 00:26:54
25,54,12,658.3,2025-12-08 00:25:55,5045.0,,25,54,12,1332.046631,2025-12-08 00:26:55
25,55,12,656.1,2025-12-08 00:25:56,4037.0,,25,55,12,1336.203247,2025-12-08 00:26:56
25,56,12,656.8,2025-12-08 00:25:57,3032.0,,25,56,12,1340.37793,2025-12-08 00:26:57
25,57,12,662.6,2025-12-08 00:25:58,2027.0,,25,57,12,1344.57312,2025-12-08 00:26:58
25,58,12,660.7,2025-12-08 00:25:59,1025.0,,25,58,12,1348.791138,2025-12-08 00:26:59
25,59,12,660.7,2025-12-08 00:26:00,23.0,,25,59,12,1353.033936,2025-12-08 00:27:00
26,0,12,661.1,2025-12-08 00:26:01,59132.0,,26,0,12,915.930237,2025-12-08 00:27:01
26,1,12,661.8,2025-12-08 00:26:02,58130.0,,26,1,12,930.313293,2025-12-08 00:27:02
26,2,12,661.3,2025-12-08 00:26:03,57129.0,,26,2,12,947.440918,2025-12-08 00:27:03
26,3,12,662.9,2025-12-08 00:26:04,56128.0,,26,3,12,965.629395,2025-12-08 00:27:04
26,4,12,661.6,2025-12-08 00:26:05,55127.0,,26,4,12,984.382446,2025-12-08 00:27:05
26,5,12,660.2,2025-12-08 00:26:06,54127.0,,26,5,12,1003.307922,2025-12-08 00:27:06
26,6,12,661.8,2025-12-08 00:26:07,53124.0,,26,6,12,1022.104309,2025-12-08 00:27:07
26,7,12,662.5,2025-12-08 00:26:08,52122.0,,26,7,12,1040.541626,2025-12-08 00:27:08
26,8,12,660.7,2025-12-08 00:26:09,51120.0,,26,8,12,1058.448853,2025-12-08 00:27:09
26,9,12,662.7,2025-12-08 00:26:10,50119.0,,26,9,12,1075.701416,2025-12-08 00:27:10
26,10,12,660.4,2025-12-08 00:26:11,49116.0,,26,10,12,1092.213135,2025-12-08 00:27:11
26,11,12,661.1,2025-12-08 00:26:12,48115.0,,26,11,12,1107.929443,2025-12-08 00:27:12
26,12,12,663.6,2025-12-08 00:26:13,47114.0,,26,12,12,1122.821655,2025-12-08 00:27:13
26,13,12,664.3,2025-12-08 00:26:14,46112.0,,26,13,12,1136.881714,2025-12-08 00:27:14
26,14,12,661.7,2025-12-08 00:26:15,45107.0,,26,14,12,1150.119385,2025-12-08 00:27:15
26,15,12,667.7,2025-12-08 00:26:16,44106.0,,26,15,12,1162.557739,2025-12-08 00:27:16
26,16,12,661.2,2025-12-08 00:26:17,43105.0,,26,16,12,1174.229126,2025-12-08 00:27:17
26,17,12,659.3,2025-12-08 00:26:18,42103.0,,26,17,12,1185.174194,2025-12-08 00:27:18
26,18,12,665.4,2025-12-08 00:26:19,41099.0,,26,18,12,1195.4375,2025-12-08 00:27:19
26,19,12,672.3,2025-12-08 00:26:20,40097.0,,26,19,12,1205.066284,2025-12-08 00:27:20
26,20,12,671.8,2025-12-08 00:26:21,39095.0,,26,20,12,1214.108521,2025-12-08 00:27:21
26,21,12,662.5,2025-12-08 00:26:22,38085.0,,26,21,12,1222.613037,2025-12-08 00:27:22
26,22,12,674.5,2025-12-08 00:26:23,37080.0,,26,22,12,1230.626831,2025-12-08 00:27:23
26,23,12,658.9,2025-12-08 00:26:24,36079.0,,26,23,12,1238.193726,2025-12-08 00:27:24
26,24,12,662.3,2025-12-08 00:26:25,35077.0,,26,24,12,1245.357422,2025-12-08 00:27:25
26,25,12,668.3,2025-12-08 00:26:26,34076.0,,26,25,12,1252.156372,2025-12-08 00:27:26
26,26,12,665.4,2025-12-08 00:26:27,33075.0,,26,26,12,1258.626953,2025-12-08 00:27:27
26,27,12,665.7,2025-12-08 00:26:28,32074.0,,26,27,12,1264.803589,2025-12-08 00:27:28
26,28,12,666.5,2025-12-08 00:26:29,31073.0,,26,28,12,1270.716797,2025-12-08 00:27:29
26,29,12,662.3,2025-12-08 00:26:30,30071.0,,26,29,12,1276.394653,2025-12-08 00:27:30
26,30,12,662.9,2025-12-08 00:26:31,29066.0,,26,30,12,1281.863159,2025-12-08 00:27:31
26,31,12,661.1,2025-12-08 00:26:32,28065.0,,26,31,12,1287.14502,2025-12-08 00:27:32
26,32,12,663.0,2025-12-08 00:26:33,27063.0,,26,32,12,1292.261108,2025-12-08 00:27:33
26,33,12,663.1,2025-12-08 00:26:34,26062.0,,26,33,12,1297.230469,2025-12-08 00:27:34
26,34,12,663.9,2025-12-08 00:26:35,25060.0,,26,34,12,1302.07019,2025-12-08 00:27:35
26,35,12,662.0,2025-12-08 00:26:36,24060.0,,26,35,12,1306.795288,2025-12-08 00:27:36
26,36,12,662.7,2025-12-08 00:26:37,23058.0,,26,36,12,1311.419678,2025-12-08 00:27:37
26,37,12,665.5,2025-12-08 00:26:38,22049.0,,26,37,12,1315.955688,2025-12-08 00:27:38
26,38,12,661.7,2025-12-08 00:26:39,21048.0,,26,38,12,1320.414429,2025-12-08 00:27:39
26,39,12,661.4,2025-12-08 00:26:40,20047.0,,26,39,12,1324.806152,2025-12-08 00:27:40
26,40,12,661.6,2025-12-08 00:26:41,19045.0,,26,40,12,1329.139893,2025-12-08 00:27:41
26,41,12,661.8,2025-12-08 00:26:42,18044.0,,26,41,12,1333.423584,2025-12-08 00:27:42
26,42,12,665.7,2025-12-08 00:26:43,17042.0,,26,42,12,1337.664917,2025-12-08 00:27:43
26,43,12,667.0,2025-12-08 00:26:44,16037.0,,26,43,12,1341.870483,2025-12-08 00:27:44
26,44,12,664.5,2025-12-08 00:26:45,15036.0,,26,44,12,1346.046631,2025-12-08 00:27:45
26,45,12,662.8,2025-12-08 00:26:46,14035.0,,26,45,12,1350.198608,2025-12-08 00:27:46
26,46,12,664.7,2025-12-08 00:26:47,13034.0,,26,46,12,1354.331787,2025-12-08 00:27:47
26,47,12,662.2,2025-12-08 00:26:48,12033.0,,26,47,12,1358.450684,2025-12-08 00:27:48
26,48,12,671.3,2025-12-08 00:26:49,11032.0,,26,48,12,1362.559692,2025-12-08 00:27:49
26,49,12,663.7,2025-12-08 00:26:50,10031.0,,26,49,12,1366.663086,2025-12-08 00:27:50
26,50,12,662.9,2025-12-08 00:26:51,9030.0,,26,50,12,1370.763916,2025-12-08 00:27:51
26,51,12,663.2,2025-12-08 00:26:52,8027.0,,26,51,12,1374.865967,2025-12-08 00:27:52
26,52,12,662.6,2025-12-08 00:26:53,7018.0,,26,52,12,1378.972534,2025-12-08 00:27:53
26,53,12,664.4,2025-12-08 00:26:54,6017.0,,26,53,12,1383.086548,2025-12-08 00:27:54
26,54,12,672.9,2025-12-08 00:26:55,5016.0,,26,54,12,1387.210693,2025-12-08 00:27:55
26,55,12,665.1,2025-12-08 00:26:56,4015.0,,26,55,12,1391.348145,2025-12-08 00:27:56
26,56,12,664.6,2025-12-08 00:26:57,3015.0,,26,56,12,1395.500854,2025-12-08 00:27:57
26,57,12,663.8,2025-12-08 00:26:58,2013.0,,26,57,12,1399.671265,2025-12-08 00:27:58
26,58,12,662.0,2025-12-08 00:26:59,1011.0,,26,58,12,1403.861816,2025-12-08 00:27:59
26,59,12,674.5,2025-12-08 00:27:00,10.0,,26,59,12,1408.074341,2025-12-08 00:28:00
