block,id,sensor_id,sensor_energy_value,sensor_timestamp,message_delay,,block,id,sensor_id,sensor_energy_value_prediction,sensor_timestamp
0,0,9,765.8,2025-12-08 00:00:01,59160.0,,0,0,9,1076.330688,2025-12-08 00:01:01
0,1,9,750.3,2025-12-08 00:00:02,58156.0,,0,1,9,1088.91748,2025-12-08 00:01:02
0,2,9,750.3,2025-12-08 00:00:03,57151.0,,0,2,9,1102.678955,2025-12-08 00:01:03
0,3,9,748.7,2025-12-08 00:00:04,56149.0,,0,3,9,1116.109985,2025-12-08 00:01:04
0,4,9,750.2,2025-12-08 00:00:05,55147.0,,0,4,9,1129.06897,2025-12-08 00:01:05
0,5,9,749.9,2025-12-08 00:00:06,54142.0,,0,5,9,1141.488403,2025-12-08 00:01:06
0,6,9,749.4,2025-12-08 00:00:07,53141.0,,0,6,9,1153.330566,2025-12-08 00:01:07
0,7,9,748.6,2025-12-08 00:00:08,52139.0,,0,7,9,1164.577759,2025-12-08 00:01:08
0,8,9,755.2,2025-12-08 00:00:09,51137.0,,0,8,9,1175.226318,2025-12-08 00:01:09
0,9,9,757.3,2025-12-08 00:00:10,50135.0,,0,9,9,1185.281616,2025-12-08 00:01:10
0,10,9,749.8,2025-12-08 00:00:11,49133.0,,0,10,9,1194.756836,2025-12-08 00:01:11
0,11,9,749.7,2025-12-08 00:00:12,48131.0,,0,11,9,1203.670288,2025-12-08 00:01:12
0,12,9,748.1,2025-12-08 00:00:13,47128.0,,0,12,9,1212.043335,2025-12-08 00:01:13
0,13,9,750.3,2025-12-08 00:00:14,46126.0,,0,13,9,1219.900269,2025-12-08 00:01:14
0,14,9,748.7,2025-12-08 00:00:15,45124.0,,0,14,9,1227.267212,2025-12-08 00:01:15
0,15,9,749.5,2025-12-08 00:00:16,44121.0,,0,15,9,1234.170776,2025-12-08 00:01:16
0,16,9,749.6,2025-12-08 00:00:17,43120.0,,0,16,9,1240.638184,2025-12-08 00:01:17
0,17,9,751.1,2025-12-08 00:00:18,42118.0,,0,17,9,1246.696777,2025-12-08 00:01:18
0,18,9,763.9,2025-12-08 00:00:19,41116.0,,0,18,9,1252.372925,2025-12-08 00:01:19
0,19,9,752.9,2025-12-08 00:00:20,40113.0,,0,19,9,1257.692261,2025-12-08 00:01:20
0,20,9,756.4,2025-12-08 00:00:21,39112.0,,0,20,9,1262.68042,2025-12-08 00:01:21
0,21,9,750.0,2025-12-08 00:00:22,38110.0,,0,21,9,1267.360962,2025-12-08 00:01:22
0,22,9,750.6,2025-12-08 00:00:23,37107.0,,0,22,9,1271.75647,2025-12-08 00:01:23
0,23,9,750.7,2025-12-08 00:00:24,36105.0,,0,23,9,1275.888306,2025-12-08 00:01:24
0,24,9,745.8,2025-12-08 00:00:25,35103.0,,0,24,9,1279.776489,2025-12-08 00:01:25
0,25,9,748.2,2025-12-08 00:00:26,34101.0,,0,25,9,1283.439575,2025-12-08 00:01:26
0,26,9,768.7,2025-12-08 00:00:27,33099.0,,0,26,9,1286.89502,2025-12-08 00:01:27
0,27,9,750.1,2025-12-08 00:00:28,32098.0,,0,27,9,1290.158569,2025-12-08 00:01:28
0,28,9,749.1,2025-12-08 00:00:29,31095.0,,0,28,9,1293.246216,2025-12-08 00:01:29
0,29,9,746.4,2025-12-08 00:00:30,30094.0,,0,29,9,1296.171387,2025-12-08 00:01:30
0,30,9,745.4,2025-12-08 00:00:31,29091.0,,0,30,9,1298.946777,2025-12-08 00:01:31
0,31,9,750.3,2025-12-08 00:00:32,28089.0,,0,31,9,1301.584229,2025-12-08 00:01:32
0,32,9,882.1,2025-12-08 00:00:33,27088.0,,0,32,9,1304.09436,2025-12-08 00:01:33
0,33,9,852.3,2025-12-08 00:00:34,26086.0,,0,33,9,1306.484131,2025-12-08 00:01:34
0,34,9,858.6,2025-12-08 00:00:35,25083.0,,0,34,9,1308.766357,2025-12-08 00:01:35
0,35,9,851.7,2025-12-08 00:00:36,24080.0,,0,35,9,1310.948364,2025-12-08 00:01:36
0,36,9,759.4,2025-12-08 00:00:37,23078.0,,0,36,9,1313.038452,2025-12-08 00:01:37
0,37,9,847.7,2025-12-08 00:00:38,22076.0,,0,37,9,1315.044678,2025-12-08 00:01:38
0,38,9,905.3,2025-12-08 00:00:39,21073.0,,0,38,9,1316.970825,2025-12-08 00:01:39
0,39,9,863.5,2025-12-08 00:00:40,20071.0,,0,39,9,1318.822144,2025-12-08 00:01:40
0,40,9,865.8,2025-12-08 00:00:41,19068.0,,0,40,9,1320.606445,2025-12-08 00:01:41
0,41,9,864.5,2025-12-08 00:00:42,18066.0,,0,41,9,1322.327637,2025-12-08 00:01:42
0,42,9,854.3,2025-12-08 00:00:43,17063.0,,0,42,9,1323.990356,2025-12-08 00:01:43
0,43,9,852.1,2025-12-08 00:00:44,16061.0,,0,43,9,1325.598755,2025-12-08 00:01:44
0,44,9,849.5,2025-12-08 00:00:45,15060.0,,0,44,9,1327.156494,2025-12-08 00:01:45
0,45,9,854.0,2025-12-08 00:00:46,14056.0,,0,45,9,1328.666992,2025-12-08 00:01:46
0,46,9,850.6,2025-12-08 00:00:47,13054.0,,0,46,9,1330.133179,2025-12-08 00:01:47
0,47,9,854.2,2025-12-08 00:00:48,12052.0,,0,47,9,1331.558228,2025-12-08 00:01:48
0,48,9,850.9,2025-12-08 00:00:49,11050.0,,0,48,9,1332.944702,2025-12-08 00:01:49
0,49,9,852.5,2025-12-08 00:00:50,10048.0,,0,49,9,1334.295288,2025-12-08 00:01:50
0,50,9,856.1,2025-12-08 00:00:51,9047.0,,0,50,9,1335.611938,2025-12-08 00:01:51
0,51,9,855.3,2025-12-08 00:00:52,8045.0,,0,51,9,1336.896973,2025-12-08 00:01:52
0,52,9,851.4,2025-12-08 00:00:53,7037.0,,0,52,9,1338.152222,2025-12-08 00:01:53
0,53,9,851.5,2025-12-08 00:00:54,6035.0,,0,53,9,1339.379639,2025-12-08 00:01:54
0,54,9,854.2,2025-12-08 00:00:55,5031.0,,0,54,9,1340.581055,2025-12-08 00:01:55
0,55,9,853.3,2025-12-08 00:00:56,4030.0,,0,55,9,1341.757935,2025-12-08 00:01:56
0,56,9,854.4,2025-12-08 00:00:57,3026.0,,0,56,9,1342.911865,2025-12-08 00:01:57
0,57,9,853.7,2025-12-08 00:00:58,2024.0,,0,57,9,1344.044189,2025-12-08 00:01:58
0,58,9,853.8,2025-12-08 00:00:59,1022.0,,0,58,9,1345.156128,2025-12-08 00:01:59
0,59,9,1265.914286,2025-12-08 00:01:00,16.0,,0,59,9,1346.248901,2025-12-08 00:02:00
1,0,9,1265.914286,2025-12-08 00:01:01,59148.0,,1,0,9,1339.424072,2025-12-08 00:02:01
1,1,9,1265.914286,2025-12-08 00:01:02,58145.0,,1,1,9,1340.635742,2025-12-08 00:02:02
1,2,9,1265.914286,2025-12-08 00:01:03,57143.0,,1,2,9,1341.772095,2025-12-08 00:02:03
1,3,9,856.0,2025-12-08 00:01:04,56139.0,,1,3,9,1342.880615,2025-12-08 00:02:04
1,4,9,1081.4,2025-12-08 00:01:05,55136.0,,1,4,9,1343.961914,2025-12-08 00:02:05
1,5,9,1236.0,2025-12-08 00:01:06,54134.0,,1,5,9,1345.032349,2025-12-08 00:02:06
1,6,9,1072.9,2025-12-08 00:01:07,53128.0,,1,6,9,1346.09082,2025-12-08 00:02:07
1,7,9,1053.6,2025-12-08 00:01:08,52124.0,,1,7,9,1347.130859,2025-12-08 00:02:08
1,8,9,1131.1,2025-12-08 00:01:09,51121.0,,1,8,9,1348.157593,2025-12-08 00:02:09
1,9,9,1064.1,2025-12-08 00:01:10,50119.0,,1,9,9,1349.174194,2025-12-08 00:02:10
1,10,9,1113.5,2025-12-08 00:01:11,49117.0,,1,10,9,1350.177002,2025-12-08 00:02:11
1,11,9,1140.7,2025-12-08 00:01:12,48115.0,,1,11,9,1351.17041,2025-12-08 00:02:12
1,12,9,1165.5,2025-12-08 00:01:13,47110.0,,1,12,9,1352.154175,2025-12-08 00:02:13
1,13,9,1193.4,2025-12-08 00:01:14,46107.0,,1,13,9,1353.128296,2025-12-08 00:02:14
1,14,9,1217.7,2025-12-08 00:01:15,45104.0,,1,14,9,1354.093384,2025-12-08 00:02:15
1,15,9,1234.2,2025-12-08 00:01:16,44101.0,,1,15,9,1355.049438,2025-12-08 00:02:16
1,16,9,1255.0,2025-12-08 00:01:17,43098.0,,1,16,9,1355.996582,2025-12-08 00:02:17
1,17,9,1272.7,2025-12-08 00:01:18,42094.0,,1,17,9,1356.935181,2025-12-08 00:02:18
1,18,9,1286.6,2025-12-08 00:01:19,41092.0,,1,18,9,1357.865356,2025-12-08 00:02:19
1,19,9,1296.7,2025-12-08 00:01:20,40090.0,,1,19,9,1358.787109,2025-12-08 00:02:20
1,20,9,1299.7,2025-12-08 00:01:21,39088.0,,1,20,9,1359.700562,2025-12-08 00:02:21
1,21,9,1295.0,2025-12-08 00:01:22,38085.0,,1,21,9,1360.605835,2025-12-08 00:02:22
1,22,9,1302.0,2025-12-08 00:01:23,37083.0,,1,22,9,1361.502686,2025-12-08 00:02:23
1,23,9,1306.8,2025-12-08 00:01:24,36078.0,,1,23,9,1362.39209,2025-12-08 00:02:24
1,24,9,1302.7,2025-12-08 00:01:25,35077.0,,1,24,9,1363.274414,2025-12-08 00:02:25
1,25,9,1300.2,2025-12-08 00:01:26,34075.0,,1,25,9,1364.148804,2025-12-08 00:02:26
1,26,9,1306.2,2025-12-08 00:01:27,33073.0,,1,26,9,1365.016602,2025-12-08 00:02:27
1,27,9,1305.8,2025-12-08 00:01:28,32072.0,,1,27,9,1365.878052,2025-12-08 00:02:28
1,28,9,1308.0,2025-12-08 00:01:29,31070.0,,1,28,9,1366.733154,2025-12-08 00:02:29
1,29,9,1303.4,2025-12-08 00:01:30,30069.0,,1,29,9,1367.582153,2025-12-08 00:02:30
1,30,9,1300.4,2025-12-08 00:01:31,29065.0,,1,30,9,1368.425293,2025-12-08 00:02:31
1,31,9,1300.5,2025-12-08 00:01:32,28062.0,,1,31,9,1369.262695,2025-12-08 00:02:32
1,32,9,1301.1,2025-12-08 00:01:33,27060.0,,1,32,9,1370.094849,2025-12-08 00:02:33
1,33,9,1303.1,2025-12-08 00:01:34,26058.0,,1,33,9,1370.922119,2025-12-08 00:02:34
1,34,9,1304.2,2025-12-08 00:01:35,25057.0,,1,34,9,1371.744751,2025-12-08 00:02:35
1,35,9,1305.9,2025-12-08 00:01:36,24055.0,,1,35,9,1372.562988,2025-12-08 00:02:36
1,36,9,1298.0,2025-12-08 00:01:37,23053.0,,1,36,9,1373.377075,2025-12-08 00:02:37
1,37,9,1298.8,2025-12-08 00:01:38,22052.0,,1,37,9,1374.186646,2025-12-08 00:02:38
1,38,9,1303.7,2025-12-08 00:01:39,21051.0,,1,38,9,1374.992554,2025-12-08 00:02:39
1,39,9,1304.9,2025-12-08 00:01:40,20047.0,,1,39,9,1375.79541,2025-12-08 00:02:40
1,40,9,1304.9,2025-12-08 00:01:41,19045.0,,1,40,9,1376.594604,2025-12-08 00:02:41
1,41,9,1310.7,2025-12-08 00:01:42,18043.0,,1,41,9,1377.390991,2025-12-08 00:02:42
1,42,9,1314.2,2025-12-08 00:01:43,17042.0,,1,42,9,1378.184692,2025-12-08 00:02:43
1,43,9,1312.6,2025-12-08 00:01:44,16040.0,,1,43,9,1378.97583,2025-12-08 00:02:44
1,44,9,1321.0,2025-12-08 00:01:45,15039.0,,1,44,9,1379.76416,2025-12-08 00:02:45
1,45,9,1322.9,2025-12-08 00:01:46,14038.0,,1,45,9,1380.550537,2025-12-08 00:02:46
1,46,9,1321.5,2025-12-08 00:01:47,13036.0,,1,46,9,1381.334839,2025-12-08 00:02:47
1,47,9,1324.9,2025-12-08 00:01:48,12033.0,,1,47,9,1382.116943,2025-12-08 00:02:48
1,48,9,1322.9,2025-12-08 00:01:49,11032.0,,1,48,9,1382.897339,2025-12-08 00:02:49
1,49,9,1324.7,2025-12-08 00:01:50,10030.0,,1,49,9,1383.675781,2025-12-08 00:02:50
1,50,9,1329.2,2025-12-08 00:01:51,9027.0,,1,50,9,1384.452637,2025-12-08 00:02:51
1,51,9,1329.1,2025-12-08 00:01:52,8026.0,,1,51,9,1385.228394,2025-12-08 00:02:52
1,52,9,1326.6,2025-12-08 00:01:53,7024.0,,1,52,9,1386.003052,2025-12-08 00:02:53
1,53,9,1329.6,2025-12-08 00:01:54,6022.0,,1,53,9,1386.776245,2025-12-08 00:02:54
1,54,9,1328.1,2025-12-08 00:01:55,5018.0,,1,54,9,1387.548706,2025-12-08 00:02:55
1,55,9,1328.5,2025-12-08 00:01:56,4016.0,,1,55,9,1388.320312,2025-12-08 00:02:56
1,56,9,1334.1,2025-12-08 00:01:57,3015.0,,1,56,9,1389.091553,2025-12-08 00:02:57
1,57,9,1332.1,2025-12-08 00:01:58,2013.0,,1,57,9,1389.862427,2025-12-08 00:02:58
1,58,9,1352.1,2025-12-08 00:01:59,1012.0,,1,58,9,1390.632935,2025-12-08 00:02:59
1,59,9,1334.1,2025-12-08 00:02:00,11.0,,1,59,9,1391.404663,2025-12-08 00:03:00
2,0,9,1327.2,2025-12-08 00:02:01,59283.0,,2,0,9,1335.699585,2025-12-08 00:03:01
2,1,9,1325.8,2025-12-08 00:02:02,58282.0,,2,1,9,1336.602173,2025-12-08 00:03:02
2,2,9,1326.8,2025-12-08 00:02:03,57277.0,,2,2,9,1337.484985,2025-12-08 00:03:03
2,3,9,1326.3,2025-12-08 00:02:04,56275.0,,2,3,9,1338.420654,2025-12-08 00:03:04
2,4,9,1325.7,2025-12-08 00:02:05,55273.0,,2,4,9,1339.390503,2025-12-08 00:03:05
2,5,9,1327.9,2025-12-08 00:02:06,54270.0,,2,5,9,1340.379883,2025-12-08 00:03:06
2,6,9,1331.5,2025-12-08 00:02:07,53268.0,,2,6,9,1341.379395,2025-12-08 00:03:07
2,7,9,1323.7,2025-12-08 00:02:08,52266.0,,2,7,9,1342.383179,2025-12-08 00:03:08
2,8,9,1322.4,2025-12-08 00:02:09,51262.0,,2,8,9,1343.387451,2025-12-08 00:03:09
2,9,9,1325.3,2025-12-08 00:02:10,50260.0,,2,9,9,1344.390015,2025-12-08 00:03:10
2,10,9,1321.6,2025-12-08 00:02:11,49259.0,,2,10,9,1345.389648,2025-12-08 00:03:11
2,11,9,1326.5,2025-12-08 00:02:12,48257.0,,2,11,9,1346.38501,2025-12-08 00:03:12
2,12,9,1322.8,2025-12-08 00:02:13,47255.0,,2,12,9,1347.375854,2025-12-08 00:03:13
2,13,9,1323.8,2025-12-08 00:02:14,46253.0,,2,13,9,1348.36084,2025-12-08 00:03:14
2,14,9,1343.2,2025-12-08 00:02:15,45247.0,,2,14,9,1349.34021,2025-12-08 00:03:15
2,15,9,1322.6,2025-12-08 00:02:16,44245.0,,2,15,9,1350.313965,2025-12-08 00:03:16
2,16,9,1326.8,2025-12-08 00:02:17,43243.0,,2,16,9,1351.280151,2025-12-08 00:03:17
2,17,9,1327.5,2025-12-08 00:02:18,42241.0,,2,17,9,1352.239868,2025-12-08 00:03:18
2,18,9,1332.3,2025-12-08 00:02:19,41239.0,,2,18,9,1353.192505,2025-12-08 00:03:19
2,19,9,1332.5,2025-12-08 00:02:20,40236.0,,2,19,9,1354.138306,2025-12-08 00:03:20
2,20,9,1335.7,2025-12-08 00:02:21,39234.0,,2,20,9,1355.077026,2025-12-08 00:03:21
2,21,9,1329.7,2025-12-08 00:02:22,38232.0,,2,21,9,1356.008545,2025-12-08 00:03:22
2,22,9,1329.9,2025-12-08 00:02:23,37230.0,,2,22,9,1356.932617,2025-12-08 00:03:23
2,23,9,1333.8,2025-12-08 00:02:24,36229.0,,2,23,9,1357.849731,2025-12-08 00:03:24
2,24,9,1326.3,2025-12-08 00:02:25,35227.0,,2,24,9,1358.759766,2025-12-08 00:03:25
2,25,9,1326.4,2025-12-08 00:02:26,34226.0,,2,25,9,1359.662476,2025-12-08 00:03:26
2,26,9,1331.4,2025-12-08 00:02:27,33223.0,,2,26,9,1360.558594,2025-12-08 00:03:27
2,27,9,1330.2,2025-12-08 00:02:28,32221.0,,2,27,9,1361.44812,2025-12-08 00:03:28
2,28,9,1331.9,2025-12-08 00:02:29,31219.0,,2,28,9,1362.331177,2025-12-08 00:03:29
2,29,9,1329.4,2025-12-08 00:02:30,30217.0,,2,29,9,1363.207764,2025-12-08 00:03:30
2,30,9,1323.6,2025-12-08 00:02:31,29216.0,,2,30,9,1364.078125,2025-12-08 00:03:31
2,31,9,1324.6,2025-12-08 00:02:32,28214.0,,2,31,9,1364.942139,2025-12-08 00:03:32
2,32,9,1329.0,2025-12-08 00:02:33,27212.0,,2,32,9,1365.800537,2025-12-08 00:03:33
2,33,9,1325.5,2025-12-08 00:02:34,26210.0,,2,33,9,1366.653442,2025-12-08 00:03:34
2,34,9,1326.8,2025-12-08 00:02:35,25209.0,,2,34,9,1367.500977,2025-12-08 00:03:35
2,35,9,1325.9,2025-12-08 00:02:36,24207.0,,2,35,9,1368.343262,2025-12-08 00:03:36
2,36,9,1324.2,2025-12-08 00:02:37,23201.0,,2,36,9,1369.180298,2025-12-08 00:03:37
2,37,9,1326.1,2025-12-08 00:02:38,22199.0,,2,37,9,1370.012451,2025-12-08 00:03:38
2,38,9,1328.3,2025-12-08 00:02:39,21197.0,,2,38,9,1370.840332,2025-12-08 00:03:39
2,39,9,1327.9,2025-12-08 00:02:40,20196.0,,2,39,9,1371.663818,2025-12-08 00:03:40
2,40,9,1332.5,2025-12-08 00:02:41,19193.0,,2,40,9,1372.48291,2025-12-08 00:03:41
2,41,9,1324.7,2025-12-08 00:02:42,18191.0,,2,41,9,1373.298218,2025-12-08 00:03:42
2,42,9,1321.1,2025-12-08 00:02:43,17188.0,,2,42,9,1374.109009,2025-12-08 00:03:43
2,43,9,1326.0,2025-12-08 00:02:44,16183.0,,2,43,9,1374.916138,2025-12-08 00:03:44
2,44,9,1324.3,2025-12-08 00:02:45,15181.0,,2,44,9,1375.719971,2025-12-08 00:03:45
2,45,9,1327.8,2025-12-08 00:02:46,14178.0,,2,45,9,1376.520142,2025-12-08 00:03:46
2,46,9,1329.3,2025-12-08 00:02:47,13122.0,,2,46,9,1377.317871,2025-12-08 00:03:47
2,47,9,1324.5,2025-12-08 00:02:48,12057.0,,2,47,9,1378.112305,2025-12-08 00:03:48
2,48,9,1323.6,2025-12-08 00:02:49,11055.0,,2,48,9,1378.903687,2025-12-08 00:03:49
2,49,9,1324.2,2025-12-08 00:02:50,10053.0,,2,49,9,1379.692383,2025-12-08 00:03:50
2,50,9,1327.9,2025-12-08 00:02:51,9052.0,,2,50,9,1380.478638,2025-12-08 00:03:51
2,51,9,1324.6,2025-12-08 00:02:52,8045.0,,2,51,9,1381.262939,2025-12-08 00:03:52
2,52,9,1324.1,2025-12-08 00:02:53,7043.0,,2,52,9,1382.044922,2025-12-08 00:03:53
2,53,9,1320.1,2025-12-08 00:02:54,6037.0,,2,53,9,1382.824829,2025-12-08 00:03:54
2,54,9,1324.0,2025-12-08 00:02:55,5035.0,,2,54,9,1383.602905,2025-12-08 00:03:55
2,55,9,1324.0,2025-12-08 00:02:56,4021.0,,2,55,9,1384.379761,2025-12-08 00:03:56
2,56,9,1328.6,2025-12-08 00:02:57,3017.0,,2,56,9,1385.155029,2025-12-08 00:03:57
2,57,9,1324.1,2025-12-08 00:02:58,2014.0,,2,57,9,1385.929688,2025-12-08 00:03:58
2,58,9,1332.4,2025-12-08 00:02:59,1013.0,,2,58,9,1386.702515,2025-12-08 00:03:59
2,59,9,1326.2,2025-12-08 00:03:00,11.0,,2,59,9,1387.47522,2025-12-08 00:04:00
3,0,9,1328.9,2025-12-08 00:03:01,59208.0,,3,0,9,1465.564209,2025-12-08 00:04:01
3,1,9,1326.9,2025-12-08 00:03:02,58194.0,,3,1,9,1467.440796,2025-12-08 00:04:02
3,2,9,1324.8,2025-12-08 00:03:03,57184.0,,3,2,9,1469.482178,2025-12-08 00:04:03
3,3,9,1340.8,2025-12-08 00:03:04,56175.0,,3,3,9,1471.296997,2025-12-08 00:04:04
3,4,9,1325.1,2025-12-08 00:03:05,55169.0,,3,4,9,1472.963013,2025-12-08 00:04:05
3,5,9,1346.2,2025-12-08 00:03:06,54164.0,,3,5,9,1474.549683,2025-12-08 00:04:06
3,6,9,1321.4,2025-12-08 00:03:07,53156.0,,3,6,9,1476.104492,2025-12-08 00:04:07
3,7,9,1319.3,2025-12-08 00:03:08,52152.0,,3,7,9,1477.647827,2025-12-08 00:04:08
3,8,9,1330.5,2025-12-08 00:03:09,51149.0,,3,8,9,1479.196533,2025-12-08 00:04:09
3,9,9,1327.3,2025-12-08 00:03:10,50127.0,,3,9,9,1480.759521,2025-12-08 00:04:10
3,10,9,1323.3,2025-12-08 00:03:11,49123.0,,3,10,9,1482.3396,2025-12-08 00:04:11
3,11,9,1326.6,2025-12-08 00:03:12,48122.0,,3,11,9,1483.938965,2025-12-08 00:04:12
3,12,9,1322.8,2025-12-08 00:03:13,47120.0,,3,12,9,1485.560059,2025-12-08 00:04:13
3,13,9,1324.1,2025-12-08 00:03:14,46118.0,,3,13,9,1487.202393,2025-12-08 00:04:14
3,14,9,1334.5,2025-12-08 00:03:15,45117.0,,3,14,9,1488.867676,2025-12-08 00:04:15
3,15,9,1320.1,2025-12-08 00:03:16,44115.0,,3,15,9,1490.556885,2025-12-08 00:04:16
3,16,9,1322.3,2025-12-08 00:03:17,43113.0,,3,16,9,1492.268677,2025-12-08 00:04:17
3,17,9,1326.7,2025-12-08 00:03:18,42112.0,,3,17,9,1494.004883,2025-12-08 00:04:18
3,18,9,1328.7,2025-12-08 00:03:19,41109.0,,3,18,9,1495.766724,2025-12-08 00:04:19
3,19,9,1326.5,2025-12-08 00:03:20,40107.0,,3,19,9,1497.554077,2025-12-08 00:04:20
3,20,9,1330.9,2025-12-08 00:03:21,39105.0,,3,20,9,1499.36792,2025-12-08 00:04:21
3,21,9,1329.3,2025-12-08 00:03:22,38103.0,,3,21,9,1501.209351,2025-12-08 00:04:22
3,22,9,1335.4,2025-12-08 00:03:23,37101.0,,3,22,9,1503.078735,2025-12-08 00:04:23
3,23,9,1338.8,2025-12-08 00:03:24,36098.0,,3,23,9,1504.977783,2025-12-08 00:04:24
3,24,9,1318.9,2025-12-08 00:03:25,35094.0,,3,24,9,1506.906738,2025-12-08 00:04:25
3,25,9,1325.2,2025-12-08 00:03:26,34093.0,,3,25,9,1508.865479,2025-12-08 00:04:26
3,26,9,1362.2,2025-12-08 00:03:27,33091.0,,3,26,9,1510.856567,2025-12-08 00:04:27
3,27,9,1455.8,2025-12-08 00:03:28,32089.0,,3,27,9,1512.882568,2025-12-08 00:04:28
3,28,9,1432.4,2025-12-08 00:03:29,31087.0,,3,28,9,1514.94812,2025-12-08 00:04:29
3,29,9,1432.1,2025-12-08 00:03:30,30086.0,,3,29,9,1517.048706,2025-12-08 00:04:30
3,30,9,1432.2,2025-12-08 00:03:31,29083.0,,3,30,9,1519.186035,2025-12-08 00:04:31
3,31,9,1432.5,2025-12-08 00:03:32,28081.0,,3,31,9,1521.361084,2025-12-08 00:04:32
3,32,9,1435.9,2025-12-08 00:03:33,27078.0,,3,32,9,1523.574829,2025-12-08 00:04:33
3,33,9,1440.2,2025-12-08 00:03:34,26068.0,,3,33,9,1525.828125,2025-12-08 00:04:34
3,34,9,1445.8,2025-12-08 00:03:35,25064.0,,3,34,9,1528.122437,2025-12-08 00:04:35
3,35,9,1421.7,2025-12-08 00:03:36,24062.0,,3,35,9,1530.458008,2025-12-08 00:04:36
3,36,9,1434.2,2025-12-08 00:03:37,23060.0,,3,36,9,1532.835083,2025-12-08 00:04:37
3,37,9,1433.3,2025-12-08 00:03:38,22057.0,,3,37,9,1535.255371,2025-12-08 00:04:38
3,38,9,1435.6,2025-12-08 00:03:39,21055.0,,3,38,9,1537.719727,2025-12-08 00:04:39
3,39,9,1436.1,2025-12-08 00:03:40,20052.0,,3,39,9,1540.228638,2025-12-08 00:04:40
3,40,9,1429.5,2025-12-08 00:03:41,19050.0,,3,40,9,1542.783447,2025-12-08 00:04:41
3,41,9,1437.2,2025-12-08 00:03:42,18048.0,,3,41,9,1545.384277,2025-12-08 00:04:42
3,42,9,1428.4,2025-12-08 00:03:43,17047.0,,3,42,9,1548.032837,2025-12-08 00:04:43
3,43,9,1434.1,2025-12-08 00:03:44,16046.0,,3,43,9,1550.72937,2025-12-08 00:04:44
3,44,9,1431.6,2025-12-08 00:03:45,15044.0,,3,44,9,1553.474487,2025-12-08 00:04:45
3,45,9,1431.0,2025-12-08 00:03:46,14043.0,,3,45,9,1556.269653,2025-12-08 00:04:46
3,46,9,1430.1,2025-12-08 00:03:47,13041.0,,3,46,9,1559.115112,2025-12-08 00:04:47
3,47,9,1431.3,2025-12-08 00:03:48,12039.0,,3,47,9,1562.011841,2025-12-08 00:04:48
3,48,9,1429.8,2025-12-08 00:03:49,11038.0,,3,48,9,1564.960571,2025-12-08 00:04:49
3,49,9,1429.6,2025-12-08 00:03:50,10035.0,,3,49,9,1567.962402,2025-12-08 00:04:50
3,50,9,1432.9,2025-12-08 00:03:51,9033.0,,3,50,9,1571.017944,2025-12-08 00:04:51
3,51,9,1437.4,2025-12-08 00:03:52,8031.0,,3,51,9,1574.12793,2025-12-08 00:04:52
3,52,9,1441.4,2025-12-08 00:03:53,7026.0,,3,52,9,1577.293335,2025-12-08 00:04:53
3,53,9,1438.3,2025-12-08 00:03:54,6022.0,,3,53,9,1580.515381,2025-12-08 00:04:54
3,54,9,1431.1,2025-12-08 00:03:55,5020.0,,3,54,9,1583.794434,2025-12-08 00:04:55
3,55,9,1460.4,2025-12-08 00:03:56,4018.0,,3,55,9,1587.13147,2025-12-08 00:04:56
3,56,9,1502.6,2025-12-08 00:03:57,3017.0,,3,56,9,1590.527222,2025-12-08 00:04:57
3,57,9,1493.7,2025-12-08 00:03:58,2013.0,,3,57,9,1593.98291,2025-12-08 00:04:58
3,58,9,1492.0,2025-12-08 00:03:59,1011.0,,3,58,9,1597.500366,2025-12-08 00:04:59
3,59,9,1502.4,2025-12-08 00:04:00,10.0,,3,59,9,1601.079102,2025-12-08 00:05:00
4,0,9,1502.4,2025-12-08 00:04:01,59147.0,,4,0,9,1603.189941,2025-12-08 00:05:01
4,1,9,1492.7,2025-12-08 00:04:02,58145.0,,4,1,9,1606.717163,2025-12-08 00:05:02
4,2,9,1494.2,2025-12-08 00:04:03,57144.0,,4,2,9,1610.125366,2025-12-08 00:05:03
4,3,9,1496.2,2025-12-08 00:04:04,56142.0,,4,3,9,1613.73645,2025-12-08 00:05:04
4,4,9,1498.6,2025-12-08 00:04:05,55139.0,,4,4,9,1617.509644,2025-12-08 00:05:05
4,5,9,1506.0,2025-12-08 00:04:06,54138.0,,4,5,9,1621.397461,2025-12-08 00:05:06
4,6,9,1495.2,2025-12-08 00:04:07,53136.0,,4,6,9,1625.371826,2025-12-08 00:05:07
4,7,9,1501.8,2025-12-08 00:04:08,52135.0,,4,7,9,1629.416992,2025-12-08 00:05:08
4,8,9,1499.9,2025-12-08 00:04:09,51133.0,,4,8,9,1633.525024,2025-12-08 00:05:09
4,9,9,1498.8,2025-12-08 00:04:10,50129.0,,4,9,9,1637.69165,2025-12-08 00:05:10
4,10,9,1496.1,2025-12-08 00:04:11,49124.0,,4,10,9,1641.914795,2025-12-08 00:05:11
4,11,9,1502.9,2025-12-08 00:04:12,48121.0,,4,11,9,1646.193604,2025-12-08 00:05:12
4,12,9,1489.4,2025-12-08 00:04:13,47118.0,,4,12,9,1650.526367,2025-12-08 00:05:13
4,13,9,1487.2,2025-12-08 00:04:14,46115.0,,4,13,9,1654.913574,2025-12-08 00:05:14
4,14,9,1497.3,2025-12-08 00:04:15,45112.0,,4,14,9,1659.353027,2025-12-08 00:05:15
4,15,9,1503.0,2025-12-08 00:04:16,44109.0,,4,15,9,1663.843384,2025-12-08 00:05:16
4,16,9,1494.5,2025-12-08 00:04:17,43107.0,,4,16,9,1668.383423,2025-12-08 00:05:17
4,17,9,1493.1,2025-12-08 00:04:18,42106.0,,4,17,9,1672.97168,2025-12-08 00:05:18
4,18,9,1499.6,2025-12-08 00:04:19,41104.0,,4,18,9,1677.605835,2025-12-08 00:05:19
4,19,9,1501.1,2025-12-08 00:04:20,40103.0,,4,19,9,1682.283081,2025-12-08 00:05:20
4,20,9,1500.6,2025-12-08 00:04:21,39101.0,,4,20,9,1687.000854,2025-12-08 00:05:21
4,21,9,1503.8,2025-12-08 00:04:22,38099.0,,4,21,9,1691.756714,2025-12-08 00:05:22
4,22,9,1488.7,2025-12-08 00:04:23,37098.0,,4,22,9,1696.546753,2025-12-08 00:05:23
4,23,9,1491.8,2025-12-08 00:04:24,36095.0,,4,23,9,1701.369019,2025-12-08 00:05:24
4,24,9,1501.8,2025-12-08 00:04:25,35092.0,,4,24,9,1706.218018,2025-12-08 00:05:25
4,25,9,1495.7,2025-12-08 00:04:26,34090.0,,4,25,9,1711.09021,2025-12-08 00:05:26
4,26,9,1500.4,2025-12-08 00:04:27,33089.0,,4,26,9,1715.982422,2025-12-08 00:05:27
4,27,9,1501.4,2025-12-08 00:04:28,32087.0,,4,27,9,1720.889893,2025-12-08 00:05:28
4,28,9,1510.5,2025-12-08 00:04:29,31086.0,,4,28,9,1725.80835,2025-12-08 00:05:29
4,29,9,1494.8,2025-12-08 00:04:30,30084.0,,4,29,9,1730.733154,2025-12-08 00:05:30
4,30,9,1490.1,2025-12-08 00:04:31,29082.0,,4,30,9,1735.661133,2025-12-08 00:05:31
4,31,9,1505.0,2025-12-08 00:04:32,28081.0,,4,31,9,1740.58728,2025-12-08 00:05:32
4,32,9,1491.3,2025-12-08 00:04:33,27079.0,,4,32,9,1745.504639,2025-12-08 00:05:33
4,33,9,1491.4,2025-12-08 00:04:34,26078.0,,4,33,9,1750.411621,2025-12-08 00:05:34
4,34,9,1485.8,2025-12-08 00:04:35,25076.0,,4,34,9,1755.302124,2025-12-08 00:05:35
4,35,9,1508.1,2025-12-08 00:04:36,24047.0,,4,35,9,1760.171997,2025-12-08 00:05:36
4,36,9,1574.4,2025-12-08 00:04:37,23046.0,,4,36,9,1765.01416,2025-12-08 00:05:37
4,37,9,1572.6,2025-12-08 00:04:38,22045.0,,4,37,9,1769.821411,2025-12-08 00:05:38
4,38,9,1572.7,2025-12-08 00:04:39,21044.0,,4,38,9,1774.597412,2025-12-08 00:05:39
4,39,9,1574.5,2025-12-08 00:04:40,20042.0,,4,39,9,1779.337402,2025-12-08 00:05:40
4,40,9,1580.4,2025-12-08 00:04:41,19041.0,,4,40,9,1784.036621,2025-12-08 00:05:41
4,41,9,1577.1,2025-12-08 00:04:42,18039.0,,4,41,9,1788.69104,2025-12-08 00:05:42
4,42,9,1576.4,2025-12-08 00:04:43,17038.0,,4,42,9,1793.296265,2025-12-08 00:05:43
4,43,9,1578.2,2025-12-08 00:04:44,16036.0,,4,43,9,1797.848755,2025-12-08 00:05:44
4,44,9,1580.5,2025-12-08 00:04:45,15035.0,,4,44,9,1802.34375,2025-12-08 00:05:45
4,45,9,1580.0,2025-12-08 00:04:46,14031.0,,4,45,9,1806.77771,2025-12-08 00:05:46
4,46,9,1578.2,2025-12-08 00:04:47,13030.0,,4,46,9,1811.147095,2025-12-08 00:05:47
4,47,9,1580.8,2025-12-08 00:04:48,12028.0,,4,47,9,1815.448975,2025-12-08 00:05:48
4,48,9,1577.6,2025-12-08 00:04:49,11027.0,,4,48,9,1819.679565,2025-12-08 00:05:49
4,49,9,1584.2,2025-12-08 00:04:50,10025.0,,4,49,9,1823.836304,2025-12-08 00:05:50
4,50,9,1584.3,2025-12-08 00:04:51,9023.0,,4,50,9,1827.915649,2025-12-08 00:05:51
4,51,9,1583.0,2025-12-08 00:04:52,8022.0,,4,51,9,1831.915894,2025-12-08 00:05:52
4,52,9,1575.6,2025-12-08 00:04:53,7020.0,,4,52,9,1835.835083,2025-12-08 00:05:53
4,53,9,1571.6,2025-12-08 00:04:54,6019.0,,4,53,9,1839.671021,2025-12-08 00:05:54
4,54,9,1570.9,2025-12-08 00:04:55,5018.0,,4,54,9,1843.421875,2025-12-08 00:05:55
4,55,9,1571.2,2025-12-08 00:04:56,4016.0,,4,55,9,1847.085449,2025-12-08 00:05:56
4,56,9,1578.6,2025-12-08 00:04:57,3014.0,,4,56,9,1850.661133,2025-12-08 00:05:57
4,57,9,1575.8,2025-12-08 00:04:58,2013.0,,4,57,9,1854.146973,2025-12-08 00:05:58
4,58,9,1573.0,2025-12-08 00:04:59,1011.0,,4,58,9,1857.543335,2025-12-08 00:05:59
4,59,9,1574.6,2025-12-08 00:05:00,10.0,,4,59,9,1860.849854,2025-12-08 00:06:00
5,0,9,1578.3,2025-12-08 00:05:01,59123.0,,5,0,9,1761.628662,2025-12-08 00:06:01
5,1,9,1573.2,2025-12-08 00:05:02,58122.0,,5,1,9,1766.506592,2025-12-08 00:06:02
5,2,9,1575.7,2025-12-08 00:05:03,57121.0,,5,2,9,1771.007812,2025-12-08 00:06:03
5,3,9,1576.0,2025-12-08 00:05:04,56119.0,,5,3,9,1775.663208,2025-12-08 00:06:04
5,4,9,1574.3,2025-12-08 00:05:05,55117.0,,5,4,9,1780.418335,2025-12-08 00:06:05
5,5,9,1580.3,2025-12-08 00:05:06,54114.0,,5,5,9,1785.194336,2025-12-08 00:06:06
5,6,9,1588.0,2025-12-08 00:05:07,53110.0,,5,6,9,1789.943481,2025-12-08 00:06:07
5,7,9,1572.4,2025-12-08 00:05:08,52108.0,,5,7,9,1794.639526,2025-12-08 00:06:08
5,8,9,1581.6,2025-12-08 00:05:09,51107.0,,5,8,9,1799.270996,2025-12-08 00:06:09
5,9,9,1592.7,2025-12-08 00:05:10,50106.0,,5,9,9,1803.828003,2025-12-08 00:06:10
5,10,9,1573.0,2025-12-08 00:05:11,49104.0,,5,10,9,1808.306641,2025-12-08 00:06:11
5,11,9,1573.7,2025-12-08 00:05:12,48102.0,,5,11,9,1812.707397,2025-12-08 00:06:12
5,12,9,1573.7,2025-12-08 00:05:13,47101.0,,5,12,9,1817.026855,2025-12-08 00:06:13
5,13,9,1574.6,2025-12-08 00:05:14,46099.0,,5,13,9,1821.263428,2025-12-08 00:06:14
5,14,9,1579.2,2025-12-08 00:05:15,45097.0,,5,14,9,1825.415771,2025-12-08 00:06:15
5,15,9,1581.9,2025-12-08 00:05:16,44096.0,,5,15,9,1829.482544,2025-12-08 00:06:16
5,16,9,1581.4,2025-12-08 00:05:17,43095.0,,5,16,9,1833.462402,2025-12-08 00:06:17
5,17,9,1576.5,2025-12-08 00:05:18,42094.0,,5,17,9,1837.354736,2025-12-08 00:06:18
5,18,9,1583.6,2025-12-08 00:05:19,41093.0,,5,18,9,1841.158936,2025-12-08 00:06:19
5,19,9,1583.6,2025-12-08 00:05:20,40091.0,,5,19,9,1844.872559,2025-12-08 00:06:20
5,20,9,1584.4,2025-12-08 00:05:21,39089.0,,5,20,9,1848.495239,2025-12-08 00:06:21
5,21,9,1581.4,2025-12-08 00:05:22,38087.0,,5,21,9,1852.026855,2025-12-08 00:06:22
5,22,9,1577.6,2025-12-08 00:05:23,37086.0,,5,22,9,1855.466797,2025-12-08 00:06:23
5,23,9,1578.5,2025-12-08 00:05:24,36085.0,,5,23,9,1858.814941,2025-12-08 00:06:24
5,24,9,1576.9,2025-12-08 00:05:25,35083.0,,5,24,9,1862.071045,2025-12-08 00:06:25
5,25,9,1641.5,2025-12-08 00:05:26,34081.0,,5,25,9,1865.235107,2025-12-08 00:06:26
5,26,9,1696.7,2025-12-08 00:05:27,33080.0,,5,26,9,1868.301636,2025-12-08 00:06:27
5,27,9,1716.5,2025-12-08 00:05:28,32079.0,,5,27,9,1871.27417,2025-12-08 00:06:28
5,28,9,1705.5,2025-12-08 00:05:29,31077.0,,5,28,9,1874.157471,2025-12-08 00:06:29
5,29,9,1713.5,2025-12-08 00:05:30,30076.0,,5,29,9,1876.956421,2025-12-08 00:06:30
5,30,9,1733.8,2025-12-08 00:05:31,29074.0,,5,30,9,1879.668945,2025-12-08 00:06:31
5,31,9,1716.6,2025-12-08 00:05:32,28072.0,,5,31,9,1882.296021,2025-12-08 00:06:32
5,32,9,1730.6,2025-12-08 00:05:33,27071.0,,5,32,9,1884.841553,2025-12-08 00:06:33
5,33,9,1710.6,2025-12-08 00:05:34,26070.0,,5,33,9,1887.304688,2025-12-08 00:06:34
5,34,9,1713.7,2025-12-08 00:05:35,25068.0,,5,34,9,1889.688965,2025-12-08 00:06:35
5,35,9,1714.3,2025-12-08 00:05:36,24066.0,,5,35,9,1891.994141,2025-12-08 00:06:36
5,36,9,1714.2,2025-12-08 00:05:37,23065.0,,5,36,9,1894.221436,2025-12-08 00:06:37
5,37,9,1709.4,2025-12-08 00:05:38,22063.0,,5,37,9,1896.372314,2025-12-08 00:06:38
5,38,9,1712.6,2025-12-08 00:05:39,21062.0,,5,38,9,1898.449463,2025-12-08 00:06:39
5,39,9,1715.4,2025-12-08 00:05:40,20060.0,,5,39,9,1900.452881,2025-12-08 00:06:40
5,40,9,1713.5,2025-12-08 00:05:41,19059.0,,5,40,9,1902.385132,2025-12-08 00:06:41
5,41,9,1713.1,2025-12-08 00:05:42,18057.0,,5,41,9,1904.248291,2025-12-08 00:06:42
5,42,9,1715.9,2025-12-08 00:05:43,17056.0,,5,42,9,1906.043335,2025-12-08 00:06:43
5,43,9,1711.0,2025-12-08 00:05:44,16055.0,,5,43,9,1907.772217,2025-12-08 00:06:44
5,44,9,1713.1,2025-12-08 00:05:45,15053.0,,5,44,9,1909.437378,2025-12-08 00:06:45
5,45,9,1719.1,2025-12-08 00:05:46,14050.0,,5,45,9,1911.040039,2025-12-08 00:06:46
5,46,9,1708.0,2025-12-08 00:05:47,13048.0,,5,46,9,1912.581299,2025-12-08 00:06:47
5,47,9,1714.9,2025-12-08 00:05:48,12045.0,,5,47,9,1914.064331,2025-12-08 00:06:48
5,48,9,1714.2,2025-12-08 00:05:49,11044.0,,5,48,9,1915.48938,2025-12-08 00:06:49
5,49,9,1716.0,2025-12-08 00:05:50,10043.0,,5,49,9,1916.859497,2025-12-08 00:06:50
5,50,9,1713.9,2025-12-08 00:05:51,9040.0,,5,50,9,1918.175537,2025-12-08 00:06:51
5,51,9,1713.9,2025-12-08 00:05:52,8039.0,,5,51,9,1919.439819,2025-12-08 00:06:52
5,52,9,1711.0,2025-12-08 00:05:53,7036.0,,5,52,9,1920.653076,2025-12-08 00:06:53
5,53,9,1716.9,2025-12-08 00:05:54,6034.0,,5,53,9,1921.818115,2025-12-08 00:06:54
5,54,9,1711.5,2025-12-08 00:05:55,5030.0,,5,54,9,1922.935303,2025-12-08 00:06:55
5,55,9,1711.9,2025-12-08 00:05:56,4028.0,,5,55,9,1924.007446,2025-12-08 00:06:56
5,56,9,1717.3,2025-12-08 00:05:57,3026.0,,5,56,9,1925.035278,2025-12-08 00:06:57
5,57,9,1714.5,2025-12-08 00:05:58,2024.0,,5,57,9,1926.020142,2025-12-08 00:06:58
5,58,9,1711.2,2025-12-08 00:05:59,1017.0,,5,58,9,1926.963989,2025-12-08 00:06:59
5,59,9,1720.2,2025-12-08 00:06:00,15.0,,5,59,9,1927.86853,2025-12-08 00:07:00
6,0,9,1717.2,2025-12-08 00:06:01,59162.0,,6,0,9,1769.808228,2025-12-08 00:07:01
6,1,9,1720.4,2025-12-08 00:06:02,58160.0,,6,1,9,1774.661621,2025-12-08 00:07:02
6,2,9,1716.2,2025-12-08 00:06:03,57142.0,,6,2,9,1779.033203,2025-12-08 00:07:03
6,3,9,1712.8,2025-12-08 00:06:04,56137.0,,6,3,9,1783.56604,2025-12-08 00:07:04
6,4,9,1715.2,2025-12-08 00:06:05,55131.0,,6,4,9,1788.204224,2025-12-08 00:07:05
6,5,9,1715.8,2025-12-08 00:06:06,54126.0,,6,5,9,1792.859863,2025-12-08 00:07:06
6,6,9,1717.0,2025-12-08 00:06:07,53126.0,,6,6,9,1797.481445,2025-12-08 00:07:07
6,7,9,1712.4,2025-12-08 00:06:08,52124.0,,6,7,9,1802.04126,2025-12-08 00:07:08
6,8,9,1722.2,2025-12-08 00:06:09,51122.0,,6,8,9,1806.526489,2025-12-08 00:07:09
6,9,9,1724.9,2025-12-08 00:06:10,50121.0,,6,9,9,1810.928711,2025-12-08 00:07:10
6,10,9,1714.0,2025-12-08 00:06:11,49120.0,,6,10,9,1815.24646,2025-12-08 00:07:11
6,11,9,1732.0,2025-12-08 00:06:12,48119.0,,6,11,9,1819.480713,2025-12-08 00:07:12
6,12,9,1717.9,2025-12-08 00:06:13,47115.0,,6,12,9,1823.626953,2025-12-08 00:07:13
6,13,9,1714.6,2025-12-08 00:06:14,46109.0,,6,13,9,1827.689453,2025-12-08 00:07:14
6,14,9,1716.2,2025-12-08 00:06:15,45107.0,,6,14,9,1831.666626,2025-12-08 00:07:15
6,15,9,1711.5,2025-12-08 00:06:16,44104.0,,6,15,9,1835.557495,2025-12-08 00:07:16
6,16,9,1712.6,2025-12-08 00:06:17,43102.0,,6,16,9,1839.362427,2025-12-08 00:07:17
6,17,9,1731.1,2025-12-08 00:06:18,42097.0,,6,17,9,1843.079956,2025-12-08 00:07:18
6,18,9,1722.9,2025-12-08 00:06:19,41086.0,,6,18,9,1846.708618,2025-12-08 00:07:19
6,19,9,1718.4,2025-12-08 00:06:20,40085.0,,6,19,9,1850.250977,2025-12-08 00:07:20
6,20,9,1715.5,2025-12-08 00:06:21,39083.0,,6,20,9,1853.705933,2025-12-08 00:07:21
6,21,9,1717.1,2025-12-08 00:06:22,38079.0,,6,21,9,1857.073242,2025-12-08 00:07:22
6,22,9,1717.5,2025-12-08 00:06:23,37077.0,,6,22,9,1860.352417,2025-12-08 00:07:23
6,23,9,1716.6,2025-12-08 00:06:24,36075.0,,6,23,9,1863.543823,2025-12-08 00:07:24
6,24,9,1715.0,2025-12-08 00:06:25,35073.0,,6,24,9,1866.647339,2025-12-08 00:07:25
6,25,9,1724.5,2025-12-08 00:06:26,34071.0,,6,25,9,1869.663696,2025-12-08 00:07:26
6,26,9,1714.9,2025-12-08 00:06:27,33070.0,,6,26,9,1872.592163,2025-12-08 00:07:27
6,27,9,1718.0,2025-12-08 00:06:28,32068.0,,6,27,9,1875.435547,2025-12-08 00:07:28
6,28,9,1712.2,2025-12-08 00:06:29,31066.0,,6,28,9,1878.193237,2025-12-08 00:07:29
6,29,9,1715.4,2025-12-08 00:06:30,30065.0,,6,29,9,1880.866943,2025-12-08 00:07:30
6,30,9,1715.3,2025-12-08 00:06:31,29064.0,,6,30,9,1883.456909,2025-12-08 00:07:31
6,31,9,1725.6,2025-12-08 00:06:32,28063.0,,6,31,9,1885.964478,2025-12-08 00:07:32
6,32,9,1717.7,2025-12-08 00:06:33,27061.0,,6,32,9,1888.390137,2025-12-08 00:07:33
6,33,9,1715.2,2025-12-08 00:06:34,26059.0,,6,33,9,1890.736816,2025-12-08 00:07:34
6,34,9,1713.2,2025-12-08 00:06:35,25058.0,,6,34,9,1893.005493,2025-12-08 00:07:35
6,35,9,1713.5,2025-12-08 00:06:36,24057.0,,6,35,9,1895.197266,2025-12-08 00:07:36
6,36,9,1714.8,2025-12-08 00:06:37,23055.0,,6,36,9,1897.313721,2025-12-08 00:07:37
6,37,9,1715.9,2025-12-08 00:06:38,22054.0,,6,37,9,1899.356689,2025-12-08 00:07:38
6,38,9,1718.8,2025-12-08 00:06:39,21053.0,,6,38,9,1901.327148,2025-12-08 00:07:39
6,39,9,1711.1,2025-12-08 00:06:40,20051.0,,6,39,9,1903.226807,2025-12-08 00:07:40
6,40,9,1715.8,2025-12-08 00:06:41,19041.0,,6,40,9,1905.058716,2025-12-08 00:07:41
6,41,9,1718.3,2025-12-08 00:06:42,18034.0,,6,41,9,1906.823242,2025-12-08 00:07:42
6,42,9,1716.1,2025-12-08 00:06:43,17033.0,,6,42,9,1908.522461,2025-12-08 00:07:43
6,43,9,1719.5,2025-12-08 00:06:44,16032.0,,6,43,9,1910.158569,2025-12-08 00:07:44
6,44,9,1715.4,2025-12-08 00:06:45,15031.0,,6,44,9,1911.732666,2025-12-08 00:07:45
6,45,9,1715.0,2025-12-08 00:06:46,14030.0,,6,45,9,1913.247437,2025-12-08 00:07:46
6,46,9,1712.3,2025-12-08 00:06:47,13029.0,,6,46,9,1914.704224,2025-12-08 00:07:47
6,47,9,1717.7,2025-12-08 00:06:48,12028.0,,6,47,9,1916.10437,2025-12-08 00:07:48
6,48,9,1718.8,2025-12-08 00:06:49,11027.0,,6,48,9,1917.449707,2025-12-08 00:07:49
6,49,9,1717.0,2025-12-08 00:06:50,10026.0,,6,49,9,1918.741943,2025-12-08 00:07:50
6,50,9,1718.6,2025-12-08 00:06:51,9025.0,,6,50,9,1919.983398,2025-12-08 00:07:51
6,51,9,1713.6,2025-12-08 00:06:52,8024.0,,6,51,9,1921.174683,2025-12-08 00:07:52
6,52,9,1714.8,2025-12-08 00:06:53,7023.0,,6,52,9,1922.318481,2025-12-08 00:07:53
6,53,9,1712.2,2025-12-08 00:06:54,6021.0,,6,53,9,1923.415771,2025-12-08 00:07:54
6,54,9,1716.4,2025-12-08 00:06:55,5020.0,,6,54,9,1924.468262,2025-12-08 00:07:55
6,55,9,1723.6,2025-12-08 00:06:56,4018.0,,6,55,9,1925.476685,2025-12-08 00:07:56
6,56,9,1726.0,2025-12-08 00:06:57,3016.0,,6,56,9,1926.443359,2025-12-08 00:07:57
6,57,9,1716.0,2025-12-08 00:06:58,2015.0,,6,57,9,1927.369385,2025-12-08 00:07:58
6,58,9,1715.3,2025-12-08 00:06:59,1014.0,,6,58,9,1928.257202,2025-12-08 00:07:59
6,59,9,1721.8,2025-12-08 00:07:00,11.0,,6,59,9,1929.107422,2025-12-08 00:08:00
7,0,9,1719.8,2025-12-08 00:07:01,59110.0,,7,0,9,1769.655029,2025-12-08 00:08:01
7,1,9,1720.6,2025-12-08 00:07:02,58107.0,,7,1,9,1774.537354,2025-12-08 00:08:02
7,2,9,1719.7,2025-12-08 00:07:03,57106.0,,7,2,9,1778.923218,2025-12-08 00:08:03
7,3,9,1715.1,2025-12-08 00:07:04,56104.0,,7,3,9,1783.462402,2025-12-08 00:08:04
7,4,9,1712.1,2025-12-08 00:07:05,55099.0,,7,4,9,1788.103394,2025-12-08 00:08:05
7,5,9,1712.1,2025-12-08 00:07:06,54097.0,,7,5,9,1792.761108,2025-12-08 00:08:06
7,6,9,1716.0,2025-12-08 00:07:07,53096.0,,7,6,9,1797.384033,2025-12-08 00:08:07
7,7,9,1711.3,2025-12-08 00:07:08,52095.0,,7,7,9,1801.945312,2025-12-08 00:08:08
7,8,9,1720.0,2025-12-08 00:07:09,51094.0,,7,8,9,1806.431641,2025-12-08 00:08:09
7,9,9,1712.6,2025-12-08 00:07:10,50093.0,,7,9,9,1810.835693,2025-12-08 00:08:10
7,10,9,1717.0,2025-12-08 00:07:11,49092.0,,7,10,9,1815.156494,2025-12-08 00:08:11
7,11,9,1713.0,2025-12-08 00:07:12,48091.0,,7,11,9,1819.391479,2025-12-08 00:08:12
7,12,9,1717.1,2025-12-08 00:07:13,47090.0,,7,12,9,1823.541504,2025-12-08 00:08:13
7,13,9,1713.8,2025-12-08 00:07:14,46089.0,,7,13,9,1827.605347,2025-12-08 00:08:14
7,14,9,1718.7,2025-12-08 00:07:15,45087.0,,7,14,9,1831.584106,2025-12-08 00:08:15
7,15,9,1716.0,2025-12-08 00:07:16,44086.0,,7,15,9,1835.476074,2025-12-08 00:08:16
7,16,9,1716.0,2025-12-08 00:07:17,43085.0,,7,16,9,1839.281982,2025-12-08 00:08:17
7,17,9,1716.9,2025-12-08 00:07:18,42084.0,,7,17,9,1843.000977,2025-12-08 00:08:18
7,18,9,1723.6,2025-12-08 00:07:19,41083.0,,7,18,9,1846.632935,2025-12-08 00:08:19
7,19,9,1722.3,2025-12-08 00:07:20,40081.0,,7,19,9,1850.176758,2025-12-08 00:08:20
7,20,9,1713.9,2025-12-08 00:07:21,39080.0,,7,20,9,1853.633057,2025-12-08 00:08:21
7,21,9,1712.3,2025-12-08 00:07:22,38079.0,,7,21,9,1857.002441,2025-12-08 00:08:22
7,22,9,1718.7,2025-12-08 00:07:23,37078.0,,7,22,9,1860.283813,2025-12-08 00:08:23
7,23,9,1719.6,2025-12-08 00:07:24,36076.0,,7,23,9,1863.476318,2025-12-08 00:08:24
7,24,9,1715.6,2025-12-08 00:07:25,35074.0,,7,24,9,1866.581055,2025-12-08 00:08:25
7,25,9,1720.2,2025-12-08 00:07:26,34069.0,,7,25,9,1869.599243,2025-12-08 00:08:26
7,26,9,1709.9,2025-12-08 00:07:27,33068.0,,7,26,9,1872.529541,2025-12-08 00:08:27
7,27,9,1715.4,2025-12-08 00:07:28,32067.0,,7,27,9,1875.375122,2025-12-08 00:08:28
7,28,9,1715.3,2025-12-08 00:07:29,31066.0,,7,28,9,1878.134399,2025-12-08 00:08:29
7,29,9,1735.3,2025-12-08 00:07:30,30064.0,,7,29,9,1880.80896,2025-12-08 00:08:30
7,30,9,1715.4,2025-12-08 00:07:31,29062.0,,7,30,9,1883.398926,2025-12-08 00:08:31
7,31,9,1717.4,2025-12-08 00:07:32,28058.0,,7,31,9,1885.907959,2025-12-08 00:08:32
7,32,9,1717.8,2025-12-08 00:07:33,27056.0,,7,32,9,1888.336182,2025-12-08 00:08:33
7,33,9,1714.9,2025-12-08 00:07:34,26055.0,,7,33,9,1890.684692,2025-12-08 00:08:34
7,34,9,1715.1,2025-12-08 00:07:35,25053.0,,7,34,9,1892.954712,2025-12-08 00:08:35
7,35,9,1714.9,2025-12-08 00:07:36,24050.0,,7,35,9,1895.148193,2025-12-08 00:08:36
7,36,9,1718.0,2025-12-08 00:07:37,23049.0,,7,36,9,1897.265991,2025-12-08 00:08:37
7,37,9,1717.1,2025-12-08 00:07:38,22047.0,,7,37,9,1899.310059,2025-12-08 00:08:38
7,38,9,1717.5,2025-12-08 00:07:39,21046.0,,7,38,9,1901.282104,2025-12-08 00:08:39
7,39,9,1716.6,2025-12-08 00:07:40,20044.0,,7,39,9,1903.183838,2025-12-08 00:08:40
7,40,9,1717.9,2025-12-08 00:07:41,19042.0,,7,40,9,1905.016724,2025-12-08 00:08:41
7,41,9,1723.3,2025-12-08 00:07:42,18041.0,,7,41,9,1906.783203,2025-12-08 00:08:42
7,42,9,1711.1,2025-12-08 00:07:43,17040.0,,7,42,9,1908.483887,2025-12-08 00:08:43
7,43,9,1707.5,2025-12-08 00:07:44,16038.0,,7,43,9,1910.121948,2025-12-08 00:08:44
7,44,9,1714.3,2025-12-08 00:07:45,15037.0,,7,44,9,1911.698242,2025-12-08 00:08:45
7,45,9,1715.9,2025-12-08 00:07:46,14035.0,,7,45,9,1913.214478,2025-12-08 00:08:46
7,46,9,1719.1,2025-12-08 00:07:47,13034.0,,7,46,9,1914.672119,2025-12-08 00:08:47
7,47,9,1714.1,2025-12-08 00:07:48,12033.0,,7,47,9,1916.073608,2025-12-08 00:08:48
7,48,9,1714.9,2025-12-08 00:07:49,11030.0,,7,48,9,1917.420532,2025-12-08 00:08:49
7,49,9,1714.1,2025-12-08 00:07:50,10029.0,,7,49,9,1918.714355,2025-12-08 00:08:50
7,50,9,1717.5,2025-12-08 00:07:51,9027.0,,7,50,9,1919.956787,2025-12-08 00:08:51
7,51,9,1712.8,2025-12-08 00:07:52,8025.0,,7,51,9,1921.149414,2025-12-08 00:08:52
7,52,9,1713.8,2025-12-08 00:07:53,7023.0,,7,52,9,1922.294312,2025-12-08 00:08:53
7,53,9,1713.5,2025-12-08 00:07:54,6021.0,,7,53,9,1923.392578,2025-12-08 00:08:54
7,54,9,1718.4,2025-12-08 00:07:55,5019.0,,7,54,9,1924.445801,2025-12-08 00:08:55
7,55,9,1722.0,2025-12-08 00:07:56,4018.0,,7,55,9,1925.455444,2025-12-08 00:08:56
7,56,9,1721.0,2025-12-08 00:07:57,3016.0,,7,56,9,1926.422729,2025-12-08 00:08:57
7,57,9,1720.2,2025-12-08 00:07:58,2015.0,,7,57,9,1927.350098,2025-12-08 00:08:58
7,58,9,1718.3,2025-12-08 00:07:59,1013.0,,7,58,9,1928.238403,2025-12-08 00:08:59
7,59,9,1721.1,2025-12-08 00:08:00,12.0,,7,59,9,1929.088989,2025-12-08 00:09:00
8,0,9,1722.0,2025-12-08 00:08:01,59107.0,,8,0,9,1774.334839,2025-12-08 00:09:01
8,1,9,1719.3,2025-12-08 00:08:02,58106.0,,8,1,9,1779.220581,2025-12-08 00:09:02
8,2,9,1715.9,2025-12-08 00:08:03,57104.0,,8,2,9,1783.555054,2025-12-08 00:09:03
8,3,9,1725.0,2025-12-08 00:08:04,56103.0,,8,3,9,1788.045288,2025-12-08 00:09:04
8,4,9,1716.1,2025-12-08 00:08:05,55101.0,,8,4,9,1792.639282,2025-12-08 00:09:05
8,5,9,1718.0,2025-12-08 00:08:06,54100.0,,8,5,9,1797.251099,2025-12-08 00:09:06
8,6,9,1716.4,2025-12-08 00:08:07,53097.0,,8,6,9,1801.825317,2025-12-08 00:09:07
8,7,9,1717.5,2025-12-08 00:08:08,52095.0,,8,7,9,1806.334473,2025-12-08 00:09:08
8,8,9,1717.5,2025-12-08 00:08:09,51094.0,,8,8,9,1810.764282,2025-12-08 00:09:09
8,9,9,1719.2,2025-12-08 00:08:10,50092.0,,8,9,9,1815.108765,2025-12-08 00:09:10
8,10,9,1718.6,2025-12-08 00:08:11,49090.0,,8,10,9,1819.364502,2025-12-08 00:09:11
8,11,9,1719.1,2025-12-08 00:08:12,48087.0,,8,11,9,1823.531738,2025-12-08 00:09:12
8,12,9,1719.1,2025-12-08 00:08:13,47086.0,,8,12,9,1827.610107,2025-12-08 00:09:13
8,13,9,1721.4,2025-12-08 00:08:14,46085.0,,8,13,9,1831.600098,2025-12-08 00:09:14
8,14,9,1714.1,2025-12-08 00:08:15,45083.0,,8,14,9,1835.501221,2025-12-08 00:09:15
8,15,9,1715.5,2025-12-08 00:08:16,44082.0,,8,15,9,1839.314819,2025-12-08 00:09:16
8,16,9,1717.7,2025-12-08 00:08:17,43081.0,,8,16,9,1843.040039,2025-12-08 00:09:17
8,17,9,1717.6,2025-12-08 00:08:18,42080.0,,8,17,9,1846.676147,2025-12-08 00:09:18
8,18,9,1721.0,2025-12-08 00:08:19,41078.0,,8,18,9,1850.223755,2025-12-08 00:09:19
8,19,9,1725.3,2025-12-08 00:08:20,40076.0,,8,19,9,1853.682129,2025-12-08 00:09:20
8,20,9,1716.8,2025-12-08 00:08:21,39074.0,,8,20,9,1857.051636,2025-12-08 00:09:21
8,21,9,1717.6,2025-12-08 00:08:22,38073.0,,8,21,9,1860.333252,2025-12-08 00:09:22
8,22,9,1715.8,2025-12-08 00:08:23,37072.0,,8,22,9,1863.526367,2025-12-08 00:09:23
8,23,9,1728.3,2025-12-08 00:08:24,36070.0,,8,23,9,1866.631348,2025-12-08 00:09:24
8,24,9,1718.6,2025-12-08 00:08:25,35069.0,,8,24,9,1869.647461,2025-12-08 00:09:25
8,25,9,1726.3,2025-12-08 00:08:26,34067.0,,8,25,9,1872.577393,2025-12-08 00:09:26
8,26,9,1718.6,2025-12-08 00:08:27,33066.0,,8,26,9,1875.420166,2025-12-08 00:09:27
8,27,9,1721.7,2025-12-08 00:08:28,32064.0,,8,27,9,1878.177856,2025-12-08 00:09:28
8,28,9,1715.9,2025-12-08 00:08:29,31063.0,,8,28,9,1880.850952,2025-12-08 00:09:29
8,29,9,1721.1,2025-12-08 00:08:30,30062.0,,8,29,9,1883.440674,2025-12-08 00:09:30
8,30,9,1717.3,2025-12-08 00:08:31,29060.0,,8,30,9,1885.947388,2025-12-08 00:09:31
8,31,9,1718.4,2025-12-08 00:08:32,28057.0,,8,31,9,1888.373291,2025-12-08 00:09:32
8,32,9,1723.4,2025-12-08 00:08:33,27056.0,,8,32,9,1890.719482,2025-12-08 00:09:33
8,33,9,1735.5,2025-12-08 00:08:34,26054.0,,8,33,9,1892.986572,2025-12-08 00:09:34
8,34,9,1720.1,2025-12-08 00:08:35,25052.0,,8,34,9,1895.175903,2025-12-08 00:09:35
8,35,9,1721.4,2025-12-08 00:08:36,24051.0,,8,35,9,1897.291382,2025-12-08 00:09:36
8,36,9,1720.0,2025-12-08 00:08:37,23050.0,,8,36,9,1899.333252,2025-12-08 00:09:37
8,37,9,1720.5,2025-12-08 00:08:38,22048.0,,8,37,9,1901.303101,2025-12-08 00:09:38
8,38,9,1722.6,2025-12-08 00:08:39,21047.0,,8,38,9,1903.202393,2025-12-08 00:09:39
8,39,9,1722.8,2025-12-08 00:08:40,20046.0,,8,39,9,1905.033081,2025-12-08 00:09:40
8,40,9,1718.8,2025-12-08 00:08:41,19044.0,,8,40,9,1906.796753,2025-12-08 00:09:41
8,41,9,1733.7,2025-12-08 00:08:42,18043.0,,8,41,9,1908.49585,2025-12-08 00:09:42
8,42,9,1719.3,2025-12-08 00:08:43,17042.0,,8,42,9,1910.130737,2025-12-08 00:09:43
8,43,9,1719.6,2025-12-08 00:08:44,16040.0,,8,43,9,1911.705078,2025-12-08 00:09:44
8,44,9,1724.4,2025-12-08 00:08:45,15039.0,,8,44,9,1913.219482,2025-12-08 00:09:45
8,45,9,1722.0,2025-12-08 00:08:46,14038.0,,8,45,9,1914.675537,2025-12-08 00:09:46
8,46,9,1718.1,2025-12-08 00:08:47,13036.0,,8,46,9,1916.075439,2025-12-08 00:09:47
8,47,9,1719.6,2025-12-08 00:08:48,12035.0,,8,47,9,1917.421143,2025-12-08 00:09:48
8,48,9,1718.7,2025-12-08 00:08:49,11033.0,,8,48,9,1918.713745,2025-12-08 00:09:49
8,49,9,1736.2,2025-12-08 00:08:50,10032.0,,8,49,9,1919.955444,2025-12-08 00:09:50
8,50,9,1730.9,2025-12-08 00:08:51,9031.0,,8,50,9,1921.14624,2025-12-08 00:09:51
8,51,9,1719.2,2025-12-08 00:08:52,8030.0,,8,51,9,1922.289673,2025-12-08 00:09:52
8,52,9,1719.9,2025-12-08 00:08:53,7029.0,,8,52,9,1923.387817,2025-12-08 00:09:53
8,53,9,1719.0,2025-12-08 00:08:54,6027.0,,8,53,9,1924.440796,2025-12-08 00:09:54
8,54,9,1720.3,2025-12-08 00:08:55,5023.0,,8,54,9,1925.450684,2025-12-08 00:09:55
8,55,9,1722.1,2025-12-08 00:08:56,4022.0,,8,55,9,1926.418701,2025-12-08 00:09:56
8,56,9,1722.8,2025-12-08 00:08:57,3021.0,,8,56,9,1927.346313,2025-12-08 00:09:57
8,57,9,1722.4,2025-12-08 00:08:58,2019.0,,8,57,9,1928.234741,2025-12-08 00:09:58
8,58,9,1725.1,2025-12-08 00:08:59,1017.0,,8,58,9,1929.08606,2025-12-08 00:09:59
8,59,9,1722.0,2025-12-08 00:09:00,15.0,,8,59,9,1929.900635,2025-12-08 00:10:00
9,0,9,1724.8,2025-12-08 00:09:01,59141.0,,9,0,9,1781.727539,2025-12-08 00:10:01
9,1,9,1722.8,2025-12-08 00:09:02,58139.0,,9,1,9,1786.520142,2025-12-08 00:10:02
9,2,9,1725.5,2025-12-08 00:09:03,57137.0,,9,2,9,1790.809937,2025-12-08 00:10:03
9,3,9,1725.8,2025-12-08 00:09:04,56134.0,,9,3,9,1795.23938,2025-12-08 00:10:04
9,4,9,1722.7,2025-12-08 00:09:05,55133.0,,9,4,9,1799.758179,2025-12-08 00:10:05
9,5,9,1724.1,2025-12-08 00:09:06,54130.0,,9,5,9,1804.282227,2025-12-08 00:10:06
9,6,9,1720.4,2025-12-08 00:09:07,53128.0,,9,6,9,1808.760254,2025-12-08 00:10:07
9,7,9,1723.6,2025-12-08 00:09:08,52116.0,,9,7,9,1813.167236,2025-12-08 00:10:08
9,8,9,1724.6,2025-12-08 00:09:09,51110.0,,9,8,9,1817.489014,2025-12-08 00:10:09
9,9,9,1723.8,2025-12-08 00:09:10,50109.0,,9,9,9,1821.719971,2025-12-08 00:10:10
9,10,9,1720.3,2025-12-08 00:09:11,49105.0,,9,10,9,1825.859009,2025-12-08 00:10:11
9,11,9,1724.2,2025-12-08 00:09:12,48105.0,,9,11,9,1829.90564,2025-12-08 00:10:12
9,12,9,1722.8,2025-12-08 00:09:13,47103.0,,9,12,9,1833.859375,2025-12-08 00:10:13
9,13,9,1723.1,2025-12-08 00:09:14,46100.0,,9,13,9,1837.721558,2025-12-08 00:10:14
9,14,9,1727.6,2025-12-08 00:09:15,45098.0,,9,14,9,1841.492188,2025-12-08 00:10:15
9,15,9,1727.6,2025-12-08 00:09:16,44088.0,,9,15,9,1845.171753,2025-12-08 00:10:16
9,16,9,1732.4,2025-12-08 00:09:17,43087.0,,9,16,9,1848.760864,2025-12-08 00:10:17
9,17,9,1727.4,2025-12-08 00:09:18,42086.0,,9,17,9,1852.259399,2025-12-08 00:10:18
9,18,9,1729.1,2025-12-08 00:09:19,41084.0,,9,18,9,1855.668579,2025-12-08 00:10:19
9,19,9,1729.4,2025-12-08 00:09:20,40083.0,,9,19,9,1858.988403,2025-12-08 00:10:20
9,20,9,1733.0,2025-12-08 00:09:21,39078.0,,9,20,9,1862.218262,2025-12-08 00:10:21
9,21,9,1721.0,2025-12-08 00:09:22,38076.0,,9,21,9,1865.359253,2025-12-08 00:10:22
9,22,9,1734.3,2025-12-08 00:09:23,37073.0,,9,22,9,1868.412964,2025-12-08 00:10:23
9,23,9,1727.2,2025-12-08 00:09:24,36063.0,,9,23,9,1871.377686,2025-12-08 00:10:24
9,24,9,1726.7,2025-12-08 00:09:25,35062.0,,9,24,9,1874.256104,2025-12-08 00:10:25
9,25,9,1727.4,2025-12-08 00:09:26,34060.0,,9,25,9,1877.047974,2025-12-08 00:10:26
9,26,9,1728.0,2025-12-08 00:09:27,33058.0,,9,26,9,1879.754517,2025-12-08 00:10:27
9,27,9,1729.5,2025-12-08 00:09:28,32057.0,,9,27,9,1882.377197,2025-12-08 00:10:28
9,28,9,1728.5,2025-12-08 00:09:29,31052.0,,9,28,9,1884.916382,2025-12-08 00:10:29
9,29,9,1728.1,2025-12-08 00:09:30,30050.0,,9,29,9,1887.373535,2025-12-08 00:10:30
9,30,9,1746.0,2025-12-08 00:09:31,29049.0,,9,30,9,1889.750854,2025-12-08 00:10:31
9,31,9,1726.8,2025-12-08 00:09:32,28048.0,,9,31,9,1892.047485,2025-12-08 00:10:32
9,32,9,1729.1,2025-12-08 00:09:33,27047.0,,9,32,9,1894.268555,2025-12-08 00:10:33
9,33,9,1724.5,2025-12-08 00:09:34,26045.0,,9,33,9,1896.413452,2025-12-08 00:10:34
9,34,9,1727.9,2025-12-08 00:09:35,25044.0,,9,34,9,1898.484375,2025-12-08 00:10:35
9,35,9,1732.3,2025-12-08 00:09:36,24043.0,,9,35,9,1900.4823,2025-12-08 00:10:36
9,36,9,1731.4,2025-12-08 00:09:37,23042.0,,9,36,9,1902.408813,2025-12-08 00:10:37
9,37,9,1731.4,2025-12-08 00:09:38,22041.0,,9,37,9,1904.266479,2025-12-08 00:10:38
9,38,9,1728.4,2025-12-08 00:09:39,21039.0,,9,38,9,1906.056396,2025-12-08 00:10:39
9,39,9,1729.6,2025-12-08 00:09:40,20038.0,,9,39,9,1907.780884,2025-12-08 00:10:40
9,40,9,1729.0,2025-12-08 00:09:41,19036.0,,9,40,9,1909.441284,2025-12-08 00:10:41
9,41,9,1736.9,2025-12-08 00:09:42,18035.0,,9,41,9,1911.039795,2025-12-08 00:10:42
9,42,9,1727.1,2025-12-08 00:09:43,17034.0,,9,42,9,1912.577515,2025-12-08 00:10:43
9,43,9,1727.7,2025-12-08 00:09:44,16032.0,,9,43,9,1914.056885,2025-12-08 00:10:44
9,44,9,1723.9,2025-12-08 00:09:45,15031.0,,9,44,9,1915.47937,2025-12-08 00:10:45
9,45,9,1729.2,2025-12-08 00:09:46,14029.0,,9,45,9,1916.847046,2025-12-08 00:10:46
9,46,9,1727.6,2025-12-08 00:09:47,13028.0,,9,46,9,1918.160767,2025-12-08 00:10:47
9,47,9,1730.3,2025-12-08 00:09:48,12027.0,,9,47,9,1919.422974,2025-12-08 00:10:48
9,48,9,1723.3,2025-12-08 00:09:49,11025.0,,9,48,9,1920.63501,2025-12-08 00:10:49
9,49,9,1726.2,2025-12-08 00:09:50,10024.0,,9,49,9,1921.798706,2025-12-08 00:10:50
9,50,9,1744.8,2025-12-08 00:09:51,9023.0,,9,50,9,1922.915527,2025-12-08 00:10:51
9,51,9,1729.0,2025-12-08 00:09:52,8021.0,,9,51,9,1923.985962,2025-12-08 00:10:52
9,52,9,1726.6,2025-12-08 00:09:53,7020.0,,9,52,9,1925.013672,2025-12-08 00:10:53
9,53,9,1727.1,2025-12-08 00:09:54,6019.0,,9,53,9,1925.999268,2025-12-08 00:10:54
9,54,9,1724.2,2025-12-08 00:09:55,5018.0,,9,54,9,1926.944092,2025-12-08 00:10:55
9,55,9,1728.9,2025-12-08 00:09:56,4016.0,,9,55,9,1927.849609,2025-12-08 00:10:56
9,56,9,1739.4,2025-12-08 00:09:57,3015.0,,9,56,9,1928.716675,2025-12-08 00:10:57
9,57,9,1729.8,2025-12-08 00:09:58,2014.0,,9,57,9,1929.546875,2025-12-08 00:10:58
9,58,9,1730.1,2025-12-08 00:09:59,1012.0,,9,58,9,1930.342041,2025-12-08 00:10:59
9,59,9,1734.0,2025-12-08 00:10:00,11.0,,9,59,9,1931.103271,2025-12-08 00:11:00
10,0,9,1729.0,2025-12-08 00:10:01,59096.0,,10,0,9,953.89624,2025-12-08 00:11:01
10,1,9,1734.1,2025-12-08 00:10:02,58094.0,,10,1,9,971.905151,2025-12-08 00:11:02
10,2,9,1736.5,2025-12-08 00:10:03,57093.0,,10,2,9,990.096619,2025-12-08 00:11:03
10,3,9,1733.3,2025-12-08 00:10:04,56092.0,,10,3,9,1009.310425,2025-12-08 00:11:04
10,4,9,1733.2,2025-12-08 00:10:05,55090.0,,10,4,9,1028.841675,2025-12-08 00:11:05
10,5,9,1732.9,2025-12-08 00:10:06,54089.0,,10,5,9,1048.204468,2025-12-08 00:11:06
10,6,9,1729.5,2025-12-08 00:10:07,53087.0,,10,6,9,1067.074951,2025-12-08 00:11:07
10,7,9,1556.0,2025-12-08 00:10:08,52086.0,,10,7,9,1085.243774,2025-12-08 00:11:08
10,8,9,1562.2,2025-12-08 00:10:09,51084.0,,10,8,9,1102.583618,2025-12-08 00:11:09
10,9,9,1567.8,2025-12-08 00:10:10,50083.0,,10,9,9,1119.017822,2025-12-08 00:11:10
10,10,9,1572.5,2025-12-08 00:10:11,49081.0,,10,10,9,1134.510498,2025-12-08 00:11:11
10,11,9,1525.8,2025-12-08 00:10:12,48080.0,,10,11,9,1149.053223,2025-12-08 00:11:12
10,12,9,708.1,2025-12-08 00:10:13,47079.0,,10,12,9,1162.657959,2025-12-08 00:11:13
10,13,9,736.6,2025-12-08 00:10:14,46077.0,,10,13,9,1175.362061,2025-12-08 00:11:14
10,14,9,742.0,2025-12-08 00:10:15,45076.0,,10,14,9,1187.185181,2025-12-08 00:11:15
10,15,9,743.0,2025-12-08 00:10:16,44075.0,,10,15,9,1198.167847,2025-12-08 00:11:16
10,16,9,775.3,2025-12-08 00:10:17,43074.0,,10,16,9,1208.354736,2025-12-08 00:11:17
10,17,9,743.2,2025-12-08 00:10:18,42072.0,,10,17,9,1217.792358,2025-12-08 00:11:18
10,18,9,753.7,2025-12-08 00:10:19,41071.0,,10,18,9,1226.530151,2025-12-08 00:11:19
10,19,9,747.2,2025-12-08 00:10:20,40069.0,,10,19,9,1234.615723,2025-12-08 00:11:20
10,20,9,744.8,2025-12-08 00:10:21,39068.0,,10,20,9,1242.096558,2025-12-08 00:11:21
10,21,9,741.4,2025-12-08 00:10:22,38067.0,,10,21,9,1249.018066,2025-12-08 00:11:22
10,22,9,741.7,2025-12-08 00:10:23,37066.0,,10,22,9,1255.424927,2025-12-08 00:11:23
10,23,9,741.1,2025-12-08 00:10:24,36064.0,,10,23,9,1261.358398,2025-12-08 00:11:24
10,24,9,739.0,2025-12-08 00:10:25,35063.0,,10,24,9,1266.858032,2025-12-08 00:11:25
10,25,9,744.7,2025-12-08 00:10:26,34062.0,,10,25,9,1271.960327,2025-12-08 00:11:26
10,26,9,741.8,2025-12-08 00:10:27,33060.0,,10,26,9,1276.699463,2025-12-08 00:11:27
10,27,9,742.2,2025-12-08 00:10:28,32059.0,,10,27,9,1281.1073,2025-12-08 00:11:28
10,28,9,741.0,2025-12-08 00:10:29,31057.0,,10,28,9,1285.213135,2025-12-08 00:11:29
10,29,9,741.4,2025-12-08 00:10:30,30056.0,,10,29,9,1289.043701,2025-12-08 00:11:30
10,30,9,747.2,2025-12-08 00:10:31,29054.0,,10,30,9,1292.623657,2025-12-08 00:11:31
10,31,9,741.4,2025-12-08 00:10:32,28053.0,,10,31,9,1295.97522,2025-12-08 00:11:32
10,32,9,745.0,2025-12-08 00:10:33,27050.0,,10,32,9,1299.119385,2025-12-08 00:11:33
10,33,9,741.6,2025-12-08 00:10:34,26048.0,,10,33,9,1302.074463,2025-12-08 00:11:34
10,34,9,743.5,2025-12-08 00:10:35,25046.0,,10,34,9,1304.857422,2025-12-08 00:11:35
10,35,9,743.4,2025-12-08 00:10:36,24045.0,,10,35,9,1307.484009,2025-12-08 00:11:36
10,36,9,744.3,2025-12-08 00:10:37,23043.0,,10,36,9,1309.967773,2025-12-08 00:11:37
10,37,9,743.1,2025-12-08 00:10:38,22042.0,,10,37,9,1312.321533,2025-12-08 00:11:38
10,38,9,744.0,2025-12-08 00:10:39,21039.0,,10,38,9,1314.556519,2025-12-08 00:11:39
10,39,9,744.9,2025-12-08 00:10:40,20037.0,,10,39,9,1316.68335,2025-12-08 00:11:40
10,40,9,742.9,2025-12-08 00:10:41,19035.0,,10,40,9,1318.710938,2025-12-08 00:11:41
10,41,9,746.7,2025-12-08 00:10:42,18032.0,,10,41,9,1320.648193,2025-12-08 00:11:42
10,42,9,736.2,2025-12-08 00:10:43,17031.0,,10,42,9,1322.502441,2025-12-08 00:11:43
10,43,9,702.7,2025-12-08 00:10:44,16029.0,,10,43,9,1324.280884,2025-12-08 00:11:44
10,44,9,596.2,2025-12-08 00:10:45,15028.0,,10,44,9,1325.989868,2025-12-08 00:11:45
10,45,9,594.8,2025-12-08 00:10:46,14027.0,,10,45,9,1327.636719,2025-12-08 00:11:46
10,46,9,595.2,2025-12-08 00:10:47,13026.0,,10,46,9,1329.224731,2025-12-08 00:11:47
10,47,9,602.1,2025-12-08 00:10:48,12024.0,,10,47,9,1330.758789,2025-12-08 00:11:48
10,48,9,592.5,2025-12-08 00:10:49,11023.0,,10,48,9,1332.242432,2025-12-08 00:11:49
10,49,9,593.8,2025-12-08 00:10:50,10022.0,,10,49,9,1333.679932,2025-12-08 00:11:50
10,50,9,597.9,2025-12-08 00:10:51,9020.0,,10,50,9,1335.074463,2025-12-08 00:11:51
10,51,9,597.4,2025-12-08 00:10:52,8019.0,,10,51,9,1336.429077,2025-12-08 00:11:52
10,52,9,594.4,2025-12-08 00:10:53,7018.0,,10,52,9,1337.746704,2025-12-08 00:11:53
10,53,9,594.6,2025-12-08 00:10:54,6017.0,,10,53,9,1339.029663,2025-12-08 00:11:54
10,54,9,596.2,2025-12-08 00:10:55,5016.0,,10,54,9,1340.28064,2025-12-08 00:11:55
10,55,9,601.4,2025-12-08 00:10:56,4015.0,,10,55,9,1341.501343,2025-12-08 00:11:56
10,56,9,660.7,2025-12-08 00:10:57,3013.0,,10,56,9,1342.693848,2025-12-08 00:11:57
10,57,9,611.3,2025-12-08 00:10:58,2012.0,,10,57,9,1343.859863,2025-12-08 00:11:58
10,58,9,611.6,2025-12-08 00:10:59,1010.0,,10,58,9,1345.001099,2025-12-08 00:11:59
10,59,9,610.8,2025-12-08 00:11:00,9.0,,10,59,9,1346.119385,2025-12-08 00:12:00
11,0,9,625.6,2025-12-08 00:11:01,59098.0,,11,0,9,1004.198547,2025-12-08 00:12:01
11,1,9,613.3,2025-12-08 00:11:02,58097.0,,11,1,9,1019.278381,2025-12-08 00:12:02
11,2,9,613.0,2025-12-08 00:11:03,57095.0,,11,2,9,1034.446655,2025-12-08 00:12:03
11,3,9,612.3,2025-12-08 00:11:04,56094.0,,11,3,9,1050.432129,2025-12-08 00:12:04
11,4,9,610.6,2025-12-08 00:11:05,55092.0,,11,4,9,1066.65271,2025-12-08 00:12:05
11,5,9,613.9,2025-12-08 00:11:06,54091.0,,11,5,9,1082.716187,2025-12-08 00:12:06
11,6,9,625.0,2025-12-08 00:11:07,53090.0,,11,6,9,1098.368774,2025-12-08 00:12:07
11,7,9,616.6,2025-12-08 00:11:08,52088.0,,11,7,9,1113.449707,2025-12-08 00:12:08
11,8,9,615.9,2025-12-08 00:11:09,51087.0,,11,8,9,1127.861938,2025-12-08 00:12:09
11,9,9,615.9,2025-12-08 00:11:10,50086.0,,11,9,9,1141.551392,2025-12-08 00:12:10
11,10,9,616.0,2025-12-08 00:11:11,49084.0,,11,10,9,1154.493042,2025-12-08 00:12:11
11,11,9,615.8,2025-12-08 00:11:12,48080.0,,11,11,9,1166.682373,2025-12-08 00:12:12
11,12,9,616.9,2025-12-08 00:11:13,47074.0,,11,12,9,1178.12915,2025-12-08 00:12:13
11,13,9,692.6,2025-12-08 00:11:14,46073.0,,11,13,9,1188.853027,2025-12-08 00:12:14
11,14,9,735.2,2025-12-08 00:11:15,45072.0,,11,14,9,1198.879028,2025-12-08 00:12:15
11,15,9,741.7,2025-12-08 00:11:16,44071.0,,11,15,9,1208.238647,2025-12-08 00:12:16
11,16,9,741.1,2025-12-08 00:11:17,43069.0,,11,16,9,1216.966919,2025-12-08 00:12:17
11,17,9,742.9,2025-12-08 00:11:18,42068.0,,11,17,9,1225.099731,2025-12-08 00:12:18
11,18,9,746.1,2025-12-08 00:11:19,41067.0,,11,18,9,1232.673828,2025-12-08 00:12:19
11,19,9,745.0,2025-12-08 00:11:20,40065.0,,11,19,9,1239.725586,2025-12-08 00:12:20
11,20,9,746.3,2025-12-08 00:11:21,39064.0,,11,20,9,1246.291138,2025-12-08 00:12:21
11,21,9,738.7,2025-12-08 00:11:22,38062.0,,11,21,9,1252.405151,2025-12-08 00:12:22
11,22,9,739.3,2025-12-08 00:11:23,37061.0,,11,22,9,1258.101685,2025-12-08 00:12:23
11,23,9,742.5,2025-12-08 00:11:24,36060.0,,11,23,9,1263.412109,2025-12-08 00:12:24
11,24,9,740.2,2025-12-08 00:11:25,35058.0,,11,24,9,1268.366821,2025-12-08 00:12:25
11,25,9,737.6,2025-12-08 00:11:26,34057.0,,11,25,9,1272.994141,2025-12-08 00:12:26
11,26,9,742.6,2025-12-08 00:11:27,33054.0,,11,26,9,1277.320557,2025-12-08 00:12:27
11,27,9,744.7,2025-12-08 00:11:28,32052.0,,11,27,9,1281.370728,2025-12-08 00:12:28
11,28,9,741.2,2025-12-08 00:11:29,31051.0,,11,28,9,1285.167358,2025-12-08 00:12:29
11,29,9,740.2,2025-12-08 00:11:30,30050.0,,11,29,9,1288.731934,2025-12-08 00:12:30
11,30,9,739.6,2025-12-08 00:11:31,29047.0,,11,30,9,1292.083618,2025-12-08 00:12:31
11,31,9,741.9,2025-12-08 00:11:32,28045.0,,11,31,9,1295.240601,2025-12-08 00:12:32
11,32,9,744.6,2025-12-08 00:11:33,27043.0,,11,32,9,1298.218994,2025-12-08 00:12:33
11,33,9,742.8,2025-12-08 00:11:34,26042.0,,11,33,9,1301.033813,2025-12-08 00:12:34
11,34,9,752.5,2025-12-08 00:11:35,25041.0,,11,34,9,1303.699219,2025-12-08 00:12:35
11,35,9,749.7,2025-12-08 00:11:36,24040.0,,11,35,9,1306.226929,2025-12-08 00:12:36
11,36,9,758.8,2025-12-08 00:11:37,23039.0,,11,36,9,1308.629028,2025-12-08 00:12:37
11,37,9,752.8,2025-12-08 00:11:38,22038.0,,11,37,9,1310.915527,2025-12-08 00:12:38
11,38,9,751.7,2025-12-08 00:11:39,21037.0,,11,38,9,1313.096191,2025-12-08 00:12:39
11,39,9,752.2,2025-12-08 00:11:40,20035.0,,11,39,9,1315.179565,2025-12-08 00:12:40
11,40,9,745.8,2025-12-08 00:11:41,19034.0,,11,40,9,1317.173584,2025-12-08 00:12:41
11,41,9,746.2,2025-12-08 00:11:42,18033.0,,11,41,9,1319.085327,2025-12-08 00:12:42
11,42,9,747.2,2025-12-08 00:11:43,17032.0,,11,42,9,1320.921143,2025-12-08 00:12:43
11,43,9,747.0,2025-12-08 00:11:44,16031.0,,11,43,9,1322.68689,2025-12-08 00:12:44
11,44,9,751.6,2025-12-08 00:11:45,15030.0,,11,44,9,1324.387939,2025-12-08 00:12:45
11,45,9,746.0,2025-12-08 00:11:46,14029.0,,11,45,9,1326.029053,2025-12-08 00:12:46
11,46,9,743.8,2025-12-08 00:11:47,13027.0,,11,46,9,1327.614868,2025-12-08 00:12:47
11,47,9,742.3,2025-12-08 00:11:48,12026.0,,11,47,9,1329.149414,2025-12-08 00:12:48
11,48,9,742.9,2025-12-08 00:11:49,11025.0,,11,48,9,1330.63623,2025-12-08 00:12:49
11,49,9,742.7,2025-12-08 00:11:50,10024.0,,11,49,9,1332.078491,2025-12-08 00:12:50
11,50,9,745.8,2025-12-08 00:11:51,9022.0,,11,50,9,1333.479614,2025-12-08 00:12:51
11,51,9,743.0,2025-12-08 00:11:52,8021.0,,11,51,9,1334.842285,2025-12-08 00:12:52
11,52,9,742.2,2025-12-08 00:11:53,7020.0,,11,52,9,1336.168701,2025-12-08 00:12:53
11,53,9,742.1,2025-12-08 00:11:54,6018.0,,11,53,9,1337.461792,2025-12-08 00:12:54
11,54,9,752.4,2025-12-08 00:11:55,5017.0,,11,54,9,1338.723389,2025-12-08 00:12:55
11,55,9,746.7,2025-12-08 00:11:56,4016.0,,11,55,9,1339.955688,2025-12-08 00:12:56
11,56,9,744.8,2025-12-08 00:11:57,3014.0,,11,56,9,1341.160156,2025-12-08 00:12:57
11,57,9,743.0,2025-12-08 00:11:58,2013.0,,11,57,9,1342.339233,2025-12-08 00:12:58
11,58,9,743.2,2025-12-08 00:11:59,1011.0,,11,58,9,1343.493896,2025-12-08 00:12:59
11,59,9,746.5,2025-12-08 00:12:00,10.0,,11,59,9,1344.626099,2025-12-08 00:13:00
12,0,9,757.6,2025-12-08 00:12:01,59218.0,,12,0,9,1004.959229,2025-12-08 00:13:01
12,1,9,743.3,2025-12-08 00:12:02,58216.0,,12,1,9,1019.930603,2025-12-08 00:13:02
12,2,9,745.4,2025-12-08 00:12:03,57215.0,,12,2,9,1034.982422,2025-12-08 00:13:03
12,3,9,743.7,2025-12-08 00:12:04,56213.0,,12,3,9,1050.87146,2025-12-08 00:13:04
12,4,9,743.4,2025-12-08 00:12:05,55211.0,,12,4,9,1067.010132,2025-12-08 00:13:05
12,5,9,745.5,2025-12-08 00:12:06,54206.0,,12,5,9,1083.003052,2025-12-08 00:13:06
12,6,9,744.2,2025-12-08 00:12:07,53205.0,,12,6,9,1098.59375,2025-12-08 00:13:07
12,7,9,742.3,2025-12-08 00:12:08,52204.0,,12,7,9,1113.620239,2025-12-08 00:13:08
12,8,9,742.1,2025-12-08 00:12:09,51199.0,,12,8,9,1127.984619,2025-12-08 00:13:09
12,9,9,742.7,2025-12-08 00:12:10,50198.0,,12,9,9,1141.631348,2025-12-08 00:13:10
12,10,9,740.2,2025-12-08 00:12:11,49197.0,,12,10,9,1154.535767,2025-12-08 00:13:11
12,11,9,744.8,2025-12-08 00:12:12,48195.0,,12,11,9,1166.692139,2025-12-08 00:13:12
12,12,9,743.5,2025-12-08 00:12:13,47193.0,,12,12,9,1178.110229,2025-12-08 00:13:13
12,13,9,742.4,2025-12-08 00:12:14,46180.0,,12,13,9,1188.80896,2025-12-08 00:13:14
12,14,9,742.7,2025-12-08 00:12:15,45179.0,,12,14,9,1198.814575,2025-12-08 00:13:15
12,15,9,746.7,2025-12-08 00:12:16,44175.0,,12,15,9,1208.157959,2025-12-08 00:13:16
12,16,9,744.0,2025-12-08 00:12:17,43169.0,,12,16,9,1216.872681,2025-12-08 00:13:17
12,17,9,743.2,2025-12-08 00:12:18,42166.0,,12,17,9,1224.994507,2025-12-08 00:13:18
12,18,9,748.6,2025-12-08 00:12:19,41164.0,,12,18,9,1232.559814,2025-12-08 00:13:19
12,19,9,748.2,2025-12-08 00:12:20,40082.0,,12,19,9,1239.604614,2025-12-08 00:13:20
12,20,9,742.8,2025-12-08 00:12:21,39080.0,,12,20,9,1246.164551,2025-12-08 00:13:21
12,21,9,745.6,2025-12-08 00:12:22,38079.0,,12,21,9,1252.275024,2025-12-08 00:13:22
12,22,9,742.3,2025-12-08 00:12:23,37079.0,,12,22,9,1257.968384,2025-12-08 00:13:23
12,23,9,742.4,2025-12-08 00:12:24,36073.0,,12,23,9,1263.2771,2025-12-08 00:13:24
12,24,9,741.2,2025-12-08 00:12:25,35071.0,,12,24,9,1268.230713,2025-12-08 00:13:25
12,25,9,740.4,2025-12-08 00:12:26,34070.0,,12,25,9,1272.857788,2025-12-08 00:13:26
12,26,9,741.9,2025-12-08 00:12:27,33068.0,,12,26,9,1277.18457,2025-12-08 00:13:27
12,27,9,745.6,2025-12-08 00:12:28,32066.0,,12,27,9,1281.235474,2025-12-08 00:13:28
12,28,9,746.3,2025-12-08 00:12:29,31064.0,,12,28,9,1285.033447,2025-12-08 00:13:29
12,29,9,742.1,2025-12-08 00:12:30,30062.0,,12,29,9,1288.599243,2025-12-08 00:13:30
12,30,9,742.0,2025-12-08 00:12:31,29060.0,,12,30,9,1291.952881,2025-12-08 00:13:31
12,31,9,739.7,2025-12-08 00:12:32,28058.0,,12,31,9,1295.111572,2025-12-08 00:13:32
12,32,9,744.7,2025-12-08 00:12:33,27052.0,,12,32,9,1298.092163,2025-12-08 00:13:33
12,33,9,743.7,2025-12-08 00:12:34,26045.0,,12,33,9,1300.90918,2025-12-08 00:13:34
12,34,9,742.4,2025-12-08 00:12:35,25042.0,,12,34,9,1303.576538,2025-12-08 00:13:35
12,35,9,750.2,2025-12-08 00:12:36,24039.0,,12,35,9,1306.107056,2025-12-08 00:13:36
12,36,9,740.8,2025-12-08 00:12:37,23036.0,,12,36,9,1308.511353,2025-12-08 00:13:37
12,37,9,742.0,2025-12-08 00:12:38,22035.0,,12,37,9,1310.800537,2025-12-08 00:13:38
12,38,9,739.5,2025-12-08 00:12:39,21034.0,,12,38,9,1312.983765,2025-12-08 00:13:39
12,39,9,739.7,2025-12-08 00:12:40,20033.0,,12,39,9,1315.069946,2025-12-08 00:13:40
12,40,9,739.7,2025-12-08 00:12:41,19032.0,,12,40,9,1317.066284,2025-12-08 00:13:41
12,41,9,742.7,2025-12-08 00:12:42,18031.0,,12,41,9,1318.980469,2025-12-08 00:13:42
12,42,9,745.4,2025-12-08 00:12:43,17029.0,,12,42,9,1320.818604,2025-12-08 00:13:43
12,43,9,768.0,2025-12-08 00:12:44,16028.0,,12,43,9,1322.586548,2025-12-08 00:13:44
12,44,9,749.8,2025-12-08 00:12:45,15027.0,,12,44,9,1324.289307,2025-12-08 00:13:45
12,45,9,755.2,2025-12-08 00:12:46,14026.0,,12,45,9,1325.932617,2025-12-08 00:13:46
12,46,9,747.9,2025-12-08 00:12:47,13024.0,,12,46,9,1327.520264,2025-12-08 00:13:47
12,47,9,748.7,2025-12-08 00:12:48,12023.0,,12,47,9,1329.056519,2025-12-08 00:13:48
12,48,9,748.7,2025-12-08 00:12:49,11022.0,,12,48,9,1330.545044,2025-12-08 00:13:49
12,49,9,748.6,2025-12-08 00:12:50,10021.0,,12,49,9,1331.989014,2025-12-08 00:13:50
12,50,9,750.6,2025-12-08 00:12:51,9020.0,,12,50,9,1333.391602,2025-12-08 00:13:51
12,51,9,751.0,2025-12-08 00:12:52,8019.0,,12,51,9,1334.755615,2025-12-08 00:13:52
12,52,9,748.1,2025-12-08 00:12:53,7018.0,,12,52,9,1336.083496,2025-12-08 00:13:53
12,53,9,752.2,2025-12-08 00:12:54,6017.0,,12,53,9,1337.37793,2025-12-08 00:13:54
12,54,9,746.7,2025-12-08 00:12:55,5015.0,,12,54,9,1338.640869,2025-12-08 00:13:55
12,55,9,748.4,2025-12-08 00:12:56,4015.0,,12,55,9,1339.874512,2025-12-08 00:13:56
12,56,9,749.6,2025-12-08 00:12:57,3013.0,,12,56,9,1341.080322,2025-12-08 00:13:57
12,57,9,744.8,2025-12-08 00:12:58,2012.0,,12,57,9,1342.260376,2025-12-08 00:13:58
12,58,9,738.8,2025-12-08 00:12:59,1011.0,,12,58,9,1343.416382,2025-12-08 00:13:59
12,59,9,743.6,2025-12-08 00:13:00,10.0,,12,59,9,1344.549561,2025-12-08 00:14:00
13,0,9,739.9,2025-12-08 00:13:01,59094.0,,13,0,9,991.541809,2025-12-08 00:14:01
13,1,9,743.1,2025-12-08 00:13:02,58093.0,,13,1,9,1007.477844,2025-12-08 00:14:02
13,2,9,744.1,2025-12-08 00:13:03,57092.0,,13,2,9,1023.541687,2025-12-08 00:14:03
13,3,9,741.7,2025-12-08 00:13:04,56091.0,,13,3,9,1040.445312,2025-12-08 00:14:04
13,4,9,744.1,2025-12-08 00:13:05,55089.0,,13,4,9,1057.578857,2025-12-08 00:14:05
13,5,9,750.1,2025-12-08 00:13:06,54088.0,,13,5,9,1074.531372,2025-12-08 00:14:06
13,6,9,743.8,2025-12-08 00:13:07,53087.0,,13,6,9,1091.035278,2025-12-08 00:14:07
13,7,9,750.9,2025-12-08 00:13:08,52086.0,,13,7,9,1106.921021,2025-12-08 00:14:08
13,8,9,741.3,2025-12-08 00:13:09,51085.0,,13,8,9,1122.085938,2025-12-08 00:14:09
13,9,9,740.1,2025-12-08 00:13:10,50083.0,,13,9,9,1136.473145,2025-12-08 00:14:10
13,10,9,739.5,2025-12-08 00:13:11,49082.0,,13,10,9,1150.056763,2025-12-08 00:14:11
13,11,9,743.2,2025-12-08 00:13:12,48081.0,,13,11,9,1162.832886,2025-12-08 00:14:12
13,12,9,742.0,2025-12-08 00:13:13,47080.0,,13,12,9,1174.8125,2025-12-08 00:14:13
13,13,9,744.0,2025-12-08 00:13:14,46079.0,,13,13,9,1186.0177,2025-12-08 00:14:14
13,14,9,742.3,2025-12-08 00:13:15,45078.0,,13,14,9,1196.477539,2025-12-08 00:14:15
13,15,9,739.8,2025-12-08 00:13:16,44077.0,,13,15,9,1206.226562,2025-12-08 00:14:16
13,16,9,742.5,2025-12-08 00:13:17,43075.0,,13,16,9,1215.302002,2025-12-08 00:14:17
13,17,9,743.8,2025-12-08 00:13:18,42074.0,,13,17,9,1223.743042,2025-12-08 00:14:18
13,18,9,744.4,2025-12-08 00:13:19,41073.0,,13,18,9,1231.5896,2025-12-08 00:14:19
13,19,9,745.8,2025-12-08 00:13:20,40072.0,,13,19,9,1238.88147,2025-12-08 00:14:20
13,20,9,742.4,2025-12-08 00:13:21,39071.0,,13,20,9,1245.657715,2025-12-08 00:14:21
13,21,9,740.1,2025-12-08 00:13:22,38070.0,,13,21,9,1251.956177,2025-12-08 00:14:22
13,22,9,741.8,2025-12-08 00:13:23,37069.0,,13,22,9,1257.812988,2025-12-08 00:14:23
13,23,9,746.3,2025-12-08 00:13:24,36067.0,,13,23,9,1263.262939,2025-12-08 00:14:24
13,24,9,738.3,2025-12-08 00:13:25,35066.0,,13,24,9,1268.337891,2025-12-08 00:14:25
13,25,9,741.5,2025-12-08 00:13:26,34064.0,,13,25,9,1273.069092,2025-12-08 00:14:26
13,26,9,739.8,2025-12-08 00:13:27,33063.0,,13,26,9,1277.484497,2025-12-08 00:14:27
13,27,9,738.7,2025-12-08 00:13:28,32062.0,,13,27,9,1281.610596,2025-12-08 00:14:28
13,28,9,739.8,2025-12-08 00:13:29,31059.0,,13,28,9,1285.471924,2025-12-08 00:14:29
13,29,9,739.1,2025-12-08 00:13:30,30055.0,,13,29,9,1289.090942,2025-12-08 00:14:30
13,30,9,708.7,2025-12-08 00:13:31,29054.0,,13,30,9,1292.488403,2025-12-08 00:14:31
13,31,9,711.2,2025-12-08 00:13:32,28053.0,,13,31,9,1295.68396,2025-12-08 00:14:32
13,32,9,711.4,2025-12-08 00:13:33,27052.0,,13,32,9,1298.694336,2025-12-08 00:14:33
13,33,9,711.9,2025-12-08 00:13:34,26051.0,,13,33,9,1301.535522,2025-12-08 00:14:34
13,34,9,707.9,2025-12-08 00:13:35,25049.0,,13,34,9,1304.221802,2025-12-08 00:14:35
13,35,9,709.3,2025-12-08 00:13:36,24048.0,,13,35,9,1306.766724,2025-12-08 00:14:36
13,36,9,709.3,2025-12-08 00:13:37,23047.0,,13,36,9,1309.182129,2025-12-08 00:14:37
13,37,9,710.0,2025-12-08 00:13:38,22046.0,,13,37,9,1311.479004,2025-12-08 00:14:38
13,38,9,712.5,2025-12-08 00:13:39,21045.0,,13,38,9,1313.667236,2025-12-08 00:14:39
13,39,9,708.5,2025-12-08 00:13:40,20044.0,,13,39,9,1315.755737,2025-12-08 00:14:40
13,40,9,708.9,2025-12-08 00:13:41,19042.0,,13,40,9,1317.753052,2025-12-08 00:14:41
13,41,9,711.9,2025-12-08 00:13:42,18041.0,,13,41,9,1319.666138,2025-12-08 00:14:42
13,42,9,711.0,2025-12-08 00:13:43,17040.0,,13,42,9,1321.502075,2025-12-08 00:14:43
13,43,9,713.0,2025-12-08 00:13:44,16038.0,,13,43,9,1323.266724,2025-12-08 00:14:44
13,44,9,712.0,2025-12-08 00:13:45,15034.0,,13,44,9,1324.965698,2025-12-08 00:14:45
13,45,9,706.6,2025-12-08 00:13:46,14032.0,,13,45,9,1326.604004,2025-12-08 00:14:46
13,46,9,710.4,2025-12-08 00:13:47,13031.0,,13,46,9,1328.186401,2025-12-08 00:14:47
13,47,9,710.8,2025-12-08 00:13:48,12030.0,,13,47,9,1329.717041,2025-12-08 00:14:48
13,48,9,709.3,2025-12-08 00:13:49,11028.0,,13,48,9,1331.199219,2025-12-08 00:14:49
13,49,9,714.0,2025-12-08 00:13:50,10027.0,,13,49,9,1332.636841,2025-12-08 00:14:50
13,50,9,708.3,2025-12-08 00:13:51,9024.0,,13,50,9,1334.032837,2025-12-08 00:14:51
13,51,9,710.4,2025-12-08 00:13:52,8023.0,,13,51,9,1335.390015,2025-12-08 00:14:52
13,52,9,709.8,2025-12-08 00:13:53,7020.0,,13,52,9,1336.711304,2025-12-08 00:14:53
13,53,9,713.2,2025-12-08 00:13:54,6018.0,,13,53,9,1337.998901,2025-12-08 00:14:54
13,54,9,710.4,2025-12-08 00:13:55,5017.0,,13,54,9,1339.255005,2025-12-08 00:14:55
13,55,9,709.4,2025-12-08 00:13:56,4015.0,,13,55,9,1340.481567,2025-12-08 00:14:56
13,56,9,708.5,2025-12-08 00:13:57,3014.0,,13,56,9,1341.680542,2025-12-08 00:14:57
13,57,9,710.7,2025-12-08 00:13:58,2013.0,,13,57,9,1342.85376,2025-12-08 00:14:58
13,58,9,713.7,2025-12-08 00:13:59,1012.0,,13,58,9,1344.00293,2025-12-08 00:14:59
13,59,9,721.2,2025-12-08 00:14:00,11.0,,13,59,9,1345.129272,2025-12-08 00:15:00
14,0,9,715.5,2025-12-08 00:14:01,59121.0,,14,0,9,989.940918,2025-12-08 00:15:01
14,1,9,714.9,2025-12-08 00:14:02,58118.0,,14,1,9,1005.923279,2025-12-08 00:15:02
14,2,9,714.3,2025-12-08 00:14:03,57117.0,,14,2,9,1022.011414,2025-12-08 00:15:03
14,3,9,710.3,2025-12-08 00:14:04,56115.0,,14,3,9,1038.968628,2025-12-08 00:15:04
14,4,9,728.0,2025-12-08 00:14:05,55113.0,,14,4,9,1056.174316,2025-12-08 00:15:05
14,5,9,710.7,2025-12-08 00:14:06,54112.0,,14,5,9,1073.209473,2025-12-08 00:15:06
14,6,9,712.3,2025-12-08 00:14:07,53111.0,,14,6,9,1089.801636,2025-12-08 00:15:07
14,7,9,713.0,2025-12-08 00:14:08,52109.0,,14,7,9,1105.777344,2025-12-08 00:15:08
14,8,9,713.9,2025-12-08 00:14:09,51108.0,,14,8,9,1121.03125,2025-12-08 00:15:09
14,9,9,708.8,2025-12-08 00:14:10,50106.0,,14,9,9,1135.504761,2025-12-08 00:15:10
14,10,9,707.6,2025-12-08 00:14:11,49105.0,,14,10,9,1149.171387,2025-12-08 00:15:11
14,11,9,710.2,2025-12-08 00:14:12,48104.0,,14,11,9,1162.025879,2025-12-08 00:15:12
14,12,9,708.4,2025-12-08 00:14:13,47103.0,,14,12,9,1174.079224,2025-12-08 00:15:13
14,13,9,709.1,2025-12-08 00:14:14,46102.0,,14,13,9,1185.353271,2025-12-08 00:15:14
14,14,9,706.8,2025-12-08 00:14:15,45098.0,,14,14,9,1195.876953,2025-12-08 00:15:15
14,15,9,705.8,2025-12-08 00:14:16,44097.0,,14,15,9,1205.684814,2025-12-08 00:15:16
14,16,9,709.9,2025-12-08 00:14:17,43096.0,,14,16,9,1214.814453,2025-12-08 00:15:17
14,17,9,709.1,2025-12-08 00:14:18,42095.0,,14,17,9,1223.304932,2025-12-08 00:15:18
14,18,9,715.6,2025-12-08 00:14:19,41092.0,,14,18,9,1231.196533,2025-12-08 00:15:19
14,19,9,709.3,2025-12-08 00:14:20,40076.0,,14,19,9,1238.529419,2025-12-08 00:15:20
14,20,9,706.1,2025-12-08 00:14:21,39073.0,,14,20,9,1245.343018,2025-12-08 00:15:21
14,21,9,706.7,2025-12-08 00:14:22,38071.0,,14,21,9,1251.675171,2025-12-08 00:15:22
14,22,9,706.7,2025-12-08 00:14:23,37070.0,,14,22,9,1257.562622,2025-12-08 00:15:23
14,23,9,709.8,2025-12-08 00:14:24,36069.0,,14,23,9,1263.039795,2025-12-08 00:15:24
14,24,9,707.7,2025-12-08 00:14:25,35067.0,,14,24,9,1268.139771,2025-12-08 00:15:25
14,25,9,708.7,2025-12-08 00:14:26,34066.0,,14,25,9,1272.892944,2025-12-08 00:15:26
14,26,9,708.1,2025-12-08 00:14:27,33065.0,,14,26,9,1277.328125,2025-12-08 00:15:27
14,27,9,707.6,2025-12-08 00:14:28,32063.0,,14,27,9,1281.472168,2025-12-08 00:15:28
14,28,9,707.4,2025-12-08 00:14:29,31059.0,,14,28,9,1285.349365,2025-12-08 00:15:29
14,29,9,709.9,2025-12-08 00:14:30,30058.0,,14,29,9,1288.982666,2025-12-08 00:15:30
14,30,9,707.3,2025-12-08 00:14:31,29056.0,,14,30,9,1292.392944,2025-12-08 00:15:31
14,31,9,707.6,2025-12-08 00:14:32,28054.0,,14,31,9,1295.599365,2025-12-08 00:15:32
14,32,9,706.8,2025-12-08 00:14:33,27052.0,,14,32,9,1298.619385,2025-12-08 00:15:33
14,33,9,705.3,2025-12-08 00:14:34,26051.0,,14,33,9,1301.469116,2025-12-08 00:15:34
14,34,9,708.3,2025-12-08 00:14:35,25050.0,,14,34,9,1304.162964,2025-12-08 00:15:35
14,35,9,702.4,2025-12-08 00:14:36,24049.0,,14,35,9,1306.714722,2025-12-08 00:15:36
14,36,9,712.1,2025-12-08 00:14:37,23048.0,,14,36,9,1309.135986,2025-12-08 00:15:37
14,37,9,709.3,2025-12-08 00:14:38,22046.0,,14,37,9,1311.43811,2025-12-08 00:15:38
14,38,9,710.4,2025-12-08 00:14:39,21045.0,,14,38,9,1313.631104,2025-12-08 00:15:39
14,39,9,709.4,2025-12-08 00:14:40,20042.0,,14,39,9,1315.723755,2025-12-08 00:15:40
14,40,9,707.2,2025-12-08 00:14:41,19040.0,,14,40,9,1317.724609,2025-12-08 00:15:41
14,41,9,709.8,2025-12-08 00:14:42,18039.0,,14,41,9,1319.640991,2025-12-08 00:15:42
14,42,9,708.1,2025-12-08 00:14:43,17038.0,,14,42,9,1321.479736,2025-12-08 00:15:43
14,43,9,709.7,2025-12-08 00:14:44,16037.0,,14,43,9,1323.246948,2025-12-08 00:15:44
14,44,9,708.1,2025-12-08 00:14:45,15034.0,,14,44,9,1324.948242,2025-12-08 00:15:45
14,45,9,705.4,2025-12-08 00:14:46,14032.0,,14,45,9,1326.588745,2025-12-08 00:15:46
14,46,9,707.4,2025-12-08 00:14:47,13031.0,,14,46,9,1328.172974,2025-12-08 00:15:47
14,47,9,706.7,2025-12-08 00:14:48,12029.0,,14,47,9,1329.704956,2025-12-08 00:15:48
14,48,9,706.3,2025-12-08 00:14:49,11026.0,,14,48,9,1331.188721,2025-12-08 00:15:49
14,49,9,708.5,2025-12-08 00:14:50,10024.0,,14,49,9,1332.627686,2025-12-08 00:15:50
14,50,9,712.3,2025-12-08 00:14:51,9023.0,,14,50,9,1334.024902,2025-12-08 00:15:51
14,51,9,705.1,2025-12-08 00:14:52,8021.0,,14,51,9,1335.383057,2025-12-08 00:15:52
14,52,9,708.6,2025-12-08 00:14:53,7019.0,,14,52,9,1336.705322,2025-12-08 00:15:53
14,53,9,708.0,2025-12-08 00:14:54,6018.0,,14,53,9,1337.99353,2025-12-08 00:15:54
14,54,9,704.9,2025-12-08 00:14:55,5016.0,,14,54,9,1339.250488,2025-12-08 00:15:55
14,55,9,708.7,2025-12-08 00:14:56,4014.0,,14,55,9,1340.477661,2025-12-08 00:15:56
14,56,9,708.2,2025-12-08 00:14:57,3013.0,,14,56,9,1341.677246,2025-12-08 00:15:57
14,57,9,705.8,2025-12-08 00:14:58,2012.0,,14,57,9,1342.851074,2025-12-08 00:15:58
14,58,9,708.0,2025-12-08 00:14:59,1010.0,,14,58,9,1344.00061,2025-12-08 00:15:59
14,59,9,709.0,2025-12-08 00:15:00,8.0,,14,59,9,1345.127563,2025-12-08 00:16:00
15,0,9,711.4,2025-12-08 00:15:01,59448.0,,15,0,9,1214.149902,2025-12-08 00:16:01
15,1,9,709.8,2025-12-08 00:15:02,58448.0,,15,1,9,1222.681641,2025-12-08 00:16:02
15,2,9,708.6,2025-12-08 00:15:03,57447.0,,15,2,9,1230.668213,2025-12-08 00:16:03
15,3,9,707.0,2025-12-08 00:15:04,56446.0,,15,3,9,1237.981689,2025-12-08 00:16:04
15,4,9,709.8,2025-12-08 00:15:05,55445.0,,15,4,9,1244.713379,2025-12-08 00:16:05
15,5,9,710.2,2025-12-08 00:15:06,54444.0,,15,5,9,1250.938599,2025-12-08 00:16:06
15,6,9,840.1,2025-12-08 00:15:07,53443.0,,15,6,9,1256.715332,2025-12-08 00:16:07
15,7,9,810.4,2025-12-08 00:15:08,52442.0,,15,7,9,1262.085693,2025-12-08 00:16:08
15,8,9,808.1,2025-12-08 00:15:09,51441.0,,15,8,9,1267.092163,2025-12-08 00:16:09
15,9,9,807.3,2025-12-08 00:15:10,50438.0,,15,9,9,1271.766357,2025-12-08 00:16:10
15,10,9,714.7,2025-12-08 00:15:11,49436.0,,15,10,9,1276.136841,2025-12-08 00:16:11
15,11,9,809.7,2025-12-08 00:15:12,48435.0,,15,11,9,1280.231689,2025-12-08 00:16:12
15,12,9,805.5,2025-12-08 00:15:13,47434.0,,15,12,9,1284.069092,2025-12-08 00:16:13
15,13,9,861.2,2025-12-08 00:15:14,46432.0,,15,13,9,1287.672485,2025-12-08 00:16:14
15,14,9,824.2,2025-12-08 00:15:15,45431.0,,15,14,9,1291.060181,2025-12-08 00:16:15
15,15,9,817.5,2025-12-08 00:15:16,44429.0,,15,15,9,1294.252197,2025-12-08 00:16:16
15,16,9,818.7,2025-12-08 00:15:17,43427.0,,15,16,9,1297.26416,2025-12-08 00:16:17
15,17,9,810.4,2025-12-08 00:15:18,42425.0,,15,17,9,1300.11084,2025-12-08 00:16:18
15,18,9,813.0,2025-12-08 00:15:19,41423.0,,15,18,9,1302.806152,2025-12-08 00:16:19
15,19,9,813.4,2025-12-08 00:15:20,40420.0,,15,19,9,1305.362549,2025-12-08 00:16:20
15,20,9,816.6,2025-12-08 00:15:21,39416.0,,15,20,9,1307.791382,2025-12-08 00:16:21
15,21,9,814.7,2025-12-08 00:15:22,38415.0,,15,21,9,1310.103027,2025-12-08 00:16:22
15,22,9,813.5,2025-12-08 00:15:23,37411.0,,15,22,9,1312.307373,2025-12-08 00:16:23
15,23,9,815.1,2025-12-08 00:15:24,36407.0,,15,23,9,1314.412964,2025-12-08 00:16:24
15,24,9,811.9,2025-12-08 00:15:25,35403.0,,15,24,9,1316.427612,2025-12-08 00:16:25
15,25,9,813.9,2025-12-08 00:15:26,34401.0,,15,25,9,1318.358643,2025-12-08 00:16:26
15,26,9,817.2,2025-12-08 00:15:27,33390.0,,15,26,9,1320.212524,2025-12-08 00:16:27
15,27,9,814.7,2025-12-08 00:15:28,32389.0,,15,27,9,1321.995361,2025-12-08 00:16:28
15,28,9,815.5,2025-12-08 00:15:29,31389.0,,15,28,9,1323.71228,2025-12-08 00:16:29
15,29,9,813.1,2025-12-08 00:15:30,30380.0,,15,29,9,1325.368652,2025-12-08 00:16:30
15,30,9,811.9,2025-12-08 00:15:31,29371.0,,15,30,9,1326.968628,2025-12-08 00:16:31
15,31,9,816.4,2025-12-08 00:15:32,28369.0,,15,31,9,1328.516357,2025-12-08 00:16:32
15,32,9,817.3,2025-12-08 00:15:33,27365.0,,15,32,9,1330.015869,2025-12-08 00:16:33
15,33,9,816.3,2025-12-08 00:15:34,26362.0,,15,33,9,1331.469971,2025-12-08 00:16:34
15,34,9,815.0,2025-12-08 00:15:35,25331.0,,15,34,9,1332.882324,2025-12-08 00:16:35
15,35,9,812.6,2025-12-08 00:15:36,24330.0,,15,35,9,1334.255615,2025-12-08 00:16:36
15,36,9,823.0,2025-12-08 00:15:37,23327.0,,15,36,9,1335.592407,2025-12-08 00:16:37
15,37,9,812.0,2025-12-08 00:15:38,22324.0,,15,37,9,1336.894897,2025-12-08 00:16:38
15,38,9,813.9,2025-12-08 00:15:39,21323.0,,15,38,9,1338.166016,2025-12-08 00:16:39
15,39,9,830.6,2025-12-08 00:15:40,20317.0,,15,39,9,1339.407104,2025-12-08 00:16:40
15,40,9,820.9,2025-12-08 00:15:41,19293.0,,15,40,9,1340.620361,2025-12-08 00:16:41
15,41,9,830.3,2025-12-08 00:15:42,18253.0,,15,41,9,1341.807373,2025-12-08 00:16:42
15,42,9,815.5,2025-12-08 00:15:43,17137.0,,15,42,9,1342.969971,2025-12-08 00:16:43
15,43,9,813.7,2025-12-08 00:15:44,16111.0,,15,43,9,1344.109619,2025-12-08 00:16:44
15,44,9,814.7,2025-12-08 00:15:45,15109.0,,15,44,9,1345.227539,2025-12-08 00:16:45
15,45,9,1111.1,2025-12-08 00:15:46,14108.0,,15,45,9,1346.325317,2025-12-08 00:16:46
15,46,9,1110.4,2025-12-08 00:15:47,13107.0,,15,46,9,1347.408203,2025-12-08 00:16:47
15,47,9,1003.7,2025-12-08 00:15:48,12106.0,,15,47,9,1348.471924,2025-12-08 00:16:48
15,48,9,1021.7,2025-12-08 00:15:49,11105.0,,15,48,9,1349.516113,2025-12-08 00:16:49
15,49,9,1118.0,2025-12-08 00:15:50,10104.0,,15,49,9,1350.544678,2025-12-08 00:16:50
15,50,9,1023.2,2025-12-08 00:15:51,9096.0,,15,50,9,1351.560059,2025-12-08 00:16:51
15,51,9,1069.7,2025-12-08 00:15:52,8092.0,,15,51,9,1352.558228,2025-12-08 00:16:52
15,52,9,1097.8,2025-12-08 00:15:53,7042.0,,15,52,9,1353.544678,2025-12-08 00:16:53
15,53,9,1123.5,2025-12-08 00:15:54,6041.0,,15,53,9,1354.518921,2025-12-08 00:16:54
15,54,9,1146.4,2025-12-08 00:15:55,5038.0,,15,54,9,1355.482056,2025-12-08 00:16:55
15,55,9,1167.9,2025-12-08 00:15:56,4034.0,,15,55,9,1356.43396,2025-12-08 00:16:56
15,56,9,1189.1,2025-12-08 00:15:57,3033.0,,15,56,9,1357.375732,2025-12-08 00:16:57
15,57,9,1207.1,2025-12-08 00:15:58,2031.0,,15,57,9,1358.307495,2025-12-08 00:16:58
15,58,9,1222.1,2025-12-08 00:15:59,1015.0,,15,58,9,1359.229736,2025-12-08 00:16:59
15,59,9,1233.8,2025-12-08 00:16:00,14.0,,15,59,9,1360.142578,2025-12-08 00:17:00
16,0,9,1239.0,2025-12-08 00:16:01,59111.0,,16,0,9,1294.269287,2025-12-08 00:17:01
16,1,9,1242.3,2025-12-08 00:16:02,58108.0,,16,1,9,1295.861084,2025-12-08 00:17:02
16,2,9,1248.4,2025-12-08 00:16:03,57106.0,,16,2,9,1297.438965,2025-12-08 00:17:03
16,3,9,1255.4,2025-12-08 00:16:04,56103.0,,16,3,9,1299.089355,2025-12-08 00:17:04
16,4,9,1254.6,2025-12-08 00:16:05,55097.0,,16,4,9,1300.78064,2025-12-08 00:17:05
16,5,9,1254.7,2025-12-08 00:16:06,54096.0,,16,5,9,1302.487793,2025-12-08 00:17:06
16,6,9,1253.5,2025-12-08 00:16:07,53095.0,,16,6,9,1304.195557,2025-12-08 00:17:07
16,7,9,1253.9,2025-12-08 00:16:08,52094.0,,16,7,9,1305.894653,2025-12-08 00:17:08
16,8,9,1253.8,2025-12-08 00:16:09,51093.0,,16,8,9,1307.578979,2025-12-08 00:17:09
16,9,9,1254.1,2025-12-08 00:16:10,50091.0,,16,9,9,1309.244751,2025-12-08 00:17:10
16,10,9,1253.0,2025-12-08 00:16:11,49090.0,,16,10,9,1310.889282,2025-12-08 00:17:11
16,11,9,1252.6,2025-12-08 00:16:12,48089.0,,16,11,9,1312.51123,2025-12-08 00:17:12
16,12,9,1251.1,2025-12-08 00:16:13,47089.0,,16,12,9,1314.109253,2025-12-08 00:17:13
16,13,9,1246.7,2025-12-08 00:16:14,46088.0,,16,13,9,1315.682617,2025-12-08 00:17:14
16,14,9,1249.8,2025-12-08 00:16:15,45087.0,,16,14,9,1317.231201,2025-12-08 00:17:15
16,15,9,1248.1,2025-12-08 00:16:16,44085.0,,16,15,9,1318.754517,2025-12-08 00:17:16
16,16,9,1251.3,2025-12-08 00:16:17,43084.0,,16,16,9,1320.252319,2025-12-08 00:17:17
16,17,9,1248.5,2025-12-08 00:16:18,42083.0,,16,17,9,1321.724976,2025-12-08 00:17:18
16,18,9,1252.7,2025-12-08 00:16:19,41082.0,,16,18,9,1323.172729,2025-12-08 00:17:19
16,19,9,1255.0,2025-12-08 00:16:20,40076.0,,16,19,9,1324.595215,2025-12-08 00:17:20
16,20,9,1251.6,2025-12-08 00:16:21,39075.0,,16,20,9,1325.993652,2025-12-08 00:17:21
16,21,9,1253.6,2025-12-08 00:16:22,38074.0,,16,21,9,1327.367432,2025-12-08 00:17:22
16,22,9,1256.7,2025-12-08 00:16:23,37073.0,,16,22,9,1328.717896,2025-12-08 00:17:23
16,23,9,1262.1,2025-12-08 00:16:24,36072.0,,16,23,9,1330.045166,2025-12-08 00:17:24
16,24,9,1256.5,2025-12-08 00:16:25,35072.0,,16,24,9,1331.350098,2025-12-08 00:17:25
16,25,9,1263.4,2025-12-08 00:16:26,34071.0,,16,25,9,1332.63269,2025-12-08 00:17:26
16,26,9,1267.6,2025-12-08 00:16:27,33070.0,,16,26,9,1333.894043,2025-12-08 00:17:27
16,27,9,1270.5,2025-12-08 00:16:28,32069.0,,16,27,9,1335.134644,2025-12-08 00:17:28
16,28,9,1270.5,2025-12-08 00:16:29,31068.0,,16,28,9,1336.355103,2025-12-08 00:17:29
16,29,9,1272.1,2025-12-08 00:16:30,30067.0,,16,29,9,1337.555786,2025-12-08 00:17:30
16,30,9,1270.3,2025-12-08 00:16:31,29066.0,,16,30,9,1338.737671,2025-12-08 00:17:31
16,31,9,1273.6,2025-12-08 00:16:32,28063.0,,16,31,9,1339.900879,2025-12-08 00:17:32
16,32,9,1277.1,2025-12-08 00:16:33,27061.0,,16,32,9,1341.046509,2025-12-08 00:17:33
16,33,9,1282.1,2025-12-08 00:16:34,26059.0,,16,33,9,1342.175171,2025-12-08 00:17:34
16,34,9,1274.9,2025-12-08 00:16:35,25055.0,,16,34,9,1343.287231,2025-12-08 00:17:35
16,35,9,1274.9,2025-12-08 00:16:36,24055.0,,16,35,9,1344.382935,2025-12-08 00:17:36
16,36,9,1277.3,2025-12-08 00:16:37,23054.0,,16,36,9,1345.463257,2025-12-08 00:17:37
16,37,9,1277.1,2025-12-08 00:16:38,22051.0,,16,37,9,1346.528564,2025-12-08 00:17:38
16,38,9,1277.0,2025-12-08 00:16:39,21050.0,,16,38,9,1347.579834,2025-12-08 00:17:39
16,39,9,1275.9,2025-12-08 00:16:40,20048.0,,16,39,9,1348.616943,2025-12-08 00:17:40
16,40,9,1276.8,2025-12-08 00:16:41,19047.0,,16,40,9,1349.640747,2025-12-08 00:17:41
16,41,9,1278.5,2025-12-08 00:16:42,18046.0,,16,41,9,1350.651611,2025-12-08 00:17:42
16,42,9,1283.2,2025-12-08 00:16:43,17045.0,,16,42,9,1351.650146,2025-12-08 00:17:43
16,43,9,1278.1,2025-12-08 00:16:44,16041.0,,16,43,9,1352.636963,2025-12-08 00:17:44
16,44,9,1278.7,2025-12-08 00:16:45,15040.0,,16,44,9,1353.612061,2025-12-08 00:17:45
16,45,9,1272.6,2025-12-08 00:16:46,14039.0,,16,45,9,1354.57605,2025-12-08 00:17:46
16,46,9,1272.3,2025-12-08 00:16:47,13038.0,,16,46,9,1355.529175,2025-12-08 00:17:47
16,47,9,1274.2,2025-12-08 00:16:48,12036.0,,16,47,9,1356.472046,2025-12-08 00:17:48
16,48,9,1270.0,2025-12-08 00:16:49,11032.0,,16,48,9,1357.405518,2025-12-08 00:17:49
16,49,9,1272.1,2025-12-08 00:16:50,10031.0,,16,49,9,1358.329346,2025-12-08 00:17:50
16,50,9,1272.6,2025-12-08 00:16:51,9030.0,,16,50,9,1359.244141,2025-12-08 00:17:51
16,51,9,1274.0,2025-12-08 00:16:52,8026.0,,16,51,9,1360.150879,2025-12-08 00:17:52
16,52,9,1271.6,2025-12-08 00:16:53,7025.0,,16,52,9,1361.04895,2025-12-08 00:17:53
16,53,9,1272.0,2025-12-08 00:16:54,6020.0,,16,53,9,1361.939331,2025-12-08 00:17:54
16,54,9,1274.0,2025-12-08 00:16:55,5019.0,,16,54,9,1362.822144,2025-12-08 00:17:55
16,55,9,1276.1,2025-12-08 00:16:56,4018.0,,16,55,9,1363.697754,2025-12-08 00:17:56
16,56,9,1279.6,2025-12-08 00:16:57,3017.0,,16,56,9,1364.566772,2025-12-08 00:17:57
16,57,9,1272.7,2025-12-08 00:16:58,2015.0,,16,57,9,1365.429443,2025-12-08 00:17:58
16,58,9,1287.6,2025-12-08 00:16:59,1014.0,,16,58,9,1366.285522,2025-12-08 00:17:59
16,59,9,1280.4,2025-12-08 00:17:00,12.0,,16,59,9,1367.136353,2025-12-08 00:18:00
17,0,9,1275.7,2025-12-08 00:17:01,59117.0,,17,0,9,1297.732056,2025-12-08 00:18:01
17,1,9,1279.0,2025-12-08 00:17:02,58116.0,,17,1,9,1299.173096,2025-12-08 00:18:02
17,2,9,1280.4,2025-12-08 00:17:03,57114.0,,17,2,9,1301.09021,2025-12-08 00:18:03
17,3,9,1276.3,2025-12-08 00:17:04,56113.0,,17,3,9,1302.953369,2025-12-08 00:18:04
17,4,9,1276.8,2025-12-08 00:17:05,55111.0,,17,4,9,1304.754272,2025-12-08 00:18:05
17,5,9,1276.3,2025-12-08 00:17:06,54110.0,,17,5,9,1306.507568,2025-12-08 00:18:06
17,6,9,1279.8,2025-12-08 00:17:07,53109.0,,17,6,9,1308.223022,2025-12-08 00:18:07
17,7,9,1277.7,2025-12-08 00:17:08,52106.0,,17,7,9,1309.905884,2025-12-08 00:18:08
17,8,9,1276.6,2025-12-08 00:17:09,51102.0,,17,8,9,1311.559448,2025-12-08 00:18:09
17,9,9,1273.0,2025-12-08 00:17:10,50101.0,,17,9,9,1313.185425,2025-12-08 00:18:10
17,10,9,1277.8,2025-12-08 00:17:11,49099.0,,17,10,9,1314.784424,2025-12-08 00:18:11
17,11,9,1274.7,2025-12-08 00:17:12,48097.0,,17,11,9,1316.356934,2025-12-08 00:18:12
17,12,9,1274.9,2025-12-08 00:17:13,47095.0,,17,12,9,1317.903198,2025-12-08 00:18:13
17,13,9,1272.8,2025-12-08 00:17:14,46094.0,,17,13,9,1319.423096,2025-12-08 00:18:14
17,14,9,1276.7,2025-12-08 00:17:15,45092.0,,17,14,9,1320.916748,2025-12-08 00:18:15
17,15,9,1270.5,2025-12-08 00:17:16,44091.0,,17,15,9,1322.384644,2025-12-08 00:18:16
17,16,9,1274.2,2025-12-08 00:17:17,43089.0,,17,16,9,1323.826538,2025-12-08 00:18:17
17,17,9,1276.0,2025-12-08 00:17:18,42088.0,,17,17,9,1325.243286,2025-12-08 00:18:18
17,18,9,1280.6,2025-12-08 00:17:19,41087.0,,17,18,9,1326.63501,2025-12-08 00:18:19
17,19,9,1278.8,2025-12-08 00:17:20,40083.0,,17,19,9,1328.002075,2025-12-08 00:18:20
17,20,9,1276.9,2025-12-08 00:17:21,39082.0,,17,20,9,1329.345215,2025-12-08 00:18:21
17,21,9,1266.0,2025-12-08 00:17:22,38080.0,,17,21,9,1330.664673,2025-12-08 00:18:22
17,22,9,1271.8,2025-12-08 00:17:23,37078.0,,17,22,9,1331.96106,2025-12-08 00:18:23
17,23,9,1274.8,2025-12-08 00:17:24,36077.0,,17,23,9,1333.235596,2025-12-08 00:18:24
17,24,9,1268.8,2025-12-08 00:17:25,35075.0,,17,24,9,1334.488647,2025-12-08 00:18:25
17,25,9,1268.6,2025-12-08 00:17:26,34074.0,,17,25,9,1335.720459,2025-12-08 00:18:26
17,26,9,1273.1,2025-12-08 00:17:27,33072.0,,17,26,9,1336.932373,2025-12-08 00:18:27
17,27,9,1273.1,2025-12-08 00:17:28,32071.0,,17,27,9,1338.124634,2025-12-08 00:18:28
17,28,9,1277.9,2025-12-08 00:17:29,31070.0,,17,28,9,1339.298096,2025-12-08 00:18:29
17,29,9,1273.3,2025-12-08 00:17:30,30066.0,,17,29,9,1340.453369,2025-12-08 00:18:30
17,30,9,1269.6,2025-12-08 00:17:31,29065.0,,17,30,9,1341.591187,2025-12-08 00:18:31
17,31,9,1272.0,2025-12-08 00:17:32,28062.0,,17,31,9,1342.711548,2025-12-08 00:18:32
17,32,9,1273.8,2025-12-08 00:17:33,27061.0,,17,32,9,1343.815918,2025-12-08 00:18:33
17,33,9,1274.4,2025-12-08 00:17:34,26058.0,,17,33,9,1344.904297,2025-12-08 00:18:34
17,34,9,1269.6,2025-12-08 00:17:35,25057.0,,17,34,9,1345.977539,2025-12-08 00:18:35
17,35,9,1277.3,2025-12-08 00:17:36,24055.0,,17,35,9,1347.036011,2025-12-08 00:18:36
17,36,9,1274.4,2025-12-08 00:17:37,23054.0,,17,36,9,1348.080688,2025-12-08 00:18:37
17,37,9,1274.8,2025-12-08 00:17:38,22053.0,,17,37,9,1349.111572,2025-12-08 00:18:38
17,38,9,1274.9,2025-12-08 00:17:39,21050.0,,17,38,9,1350.129395,2025-12-08 00:18:39
17,39,9,1275.9,2025-12-08 00:17:40,20049.0,,17,39,9,1351.134644,2025-12-08 00:18:40
17,40,9,1283.5,2025-12-08 00:17:41,19048.0,,17,40,9,1352.127686,2025-12-08 00:18:41
17,41,9,1274.8,2025-12-08 00:17:42,18046.0,,17,41,9,1353.109253,2025-12-08 00:18:42
17,42,9,1270.3,2025-12-08 00:17:43,17045.0,,17,42,9,1354.079224,2025-12-08 00:18:43
17,43,9,1281.7,2025-12-08 00:17:44,16043.0,,17,43,9,1355.03833,2025-12-08 00:18:44
17,44,9,1283.4,2025-12-08 00:17:45,15041.0,,17,44,9,1355.987183,2025-12-08 00:18:45
17,45,9,1279.6,2025-12-08 00:17:46,14040.0,,17,45,9,1356.92627,2025-12-08 00:18:46
17,46,9,1279.2,2025-12-08 00:17:47,13039.0,,17,46,9,1357.855469,2025-12-08 00:18:47
17,47,9,1274.3,2025-12-08 00:17:48,12038.0,,17,47,9,1358.775391,2025-12-08 00:18:48
17,48,9,1273.6,2025-12-08 00:17:49,11037.0,,17,48,9,1359.686157,2025-12-08 00:18:49
17,49,9,1272.9,2025-12-08 00:17:50,10035.0,,17,49,9,1360.588501,2025-12-08 00:18:50
17,50,9,1276.7,2025-12-08 00:17:51,9032.0,,17,50,9,1361.482544,2025-12-08 00:18:51
17,51,9,1272.3,2025-12-08 00:17:52,8031.0,,17,51,9,1362.369385,2025-12-08 00:18:52
17,52,9,1271.0,2025-12-08 00:17:53,7026.0,,17,52,9,1363.248413,2025-12-08 00:18:53
17,53,9,1272.3,2025-12-08 00:17:54,6025.0,,17,53,9,1364.120239,2025-12-08 00:18:54
17,54,9,1270.9,2025-12-08 00:17:55,5024.0,,17,54,9,1364.985596,2025-12-08 00:18:55
17,55,9,1272.0,2025-12-08 00:17:56,4022.0,,17,55,9,1365.844604,2025-12-08 00:18:56
17,56,9,1274.2,2025-12-08 00:17:57,3021.0,,17,56,9,1366.69751,2025-12-08 00:18:57
17,57,9,1271.1,2025-12-08 00:17:58,2020.0,,17,57,9,1367.544922,2025-12-08 00:18:58
17,58,9,1271.8,2025-12-08 00:17:59,1017.0,,17,58,9,1368.386719,2025-12-08 00:18:59
17,59,9,1345.571186,2025-12-08 00:18:00,16.0,,17,59,9,1369.223267,2025-12-08 00:19:00
18,0,9,1273.6,2025-12-08 00:18:01,59308.0,,18,0,9,1369.104004,2025-12-08 00:19:01
18,1,9,1281.1,2025-12-08 00:18:02,58306.0,,18,1,9,1369.682617,2025-12-08 00:19:02
18,2,9,1274.9,2025-12-08 00:18:03,57300.0,,18,2,9,1370.240723,2025-12-08 00:19:03
18,3,9,1277.9,2025-12-08 00:18:04,56299.0,,18,3,9,1370.865356,2025-12-08 00:19:04
18,4,9,1277.7,2025-12-08 00:18:05,55298.0,,18,4,9,1371.536133,2025-12-08 00:19:05
18,5,9,1274.6,2025-12-08 00:18:06,54292.0,,18,5,9,1372.235718,2025-12-08 00:19:06
18,6,9,1272.6,2025-12-08 00:18:07,53289.0,,18,6,9,1372.952637,2025-12-08 00:19:07
18,7,9,1274.5,2025-12-08 00:18:08,52288.0,,18,7,9,1373.681274,2025-12-08 00:19:08
18,8,9,1273.0,2025-12-08 00:18:09,51286.0,,18,8,9,1374.41748,2025-12-08 00:19:09
18,9,9,1274.5,2025-12-08 00:18:10,50286.0,,18,9,9,1375.15918,2025-12-08 00:19:10
18,10,9,1276.6,2025-12-08 00:18:11,49284.0,,18,10,9,1375.904907,2025-12-08 00:19:11
18,11,9,1274.1,2025-12-08 00:18:12,48282.0,,18,11,9,1376.654419,2025-12-08 00:19:12
18,12,9,1272.7,2025-12-08 00:18:13,47281.0,,18,12,9,1377.406494,2025-12-08 00:19:13
18,13,9,1273.0,2025-12-08 00:18:14,46279.0,,18,13,9,1378.161011,2025-12-08 00:19:14
18,14,9,1309.1,2025-12-08 00:18:15,45279.0,,18,14,9,1378.917847,2025-12-08 00:19:15
18,15,9,1380.9,2025-12-08 00:18:16,44278.0,,18,15,9,1379.678589,2025-12-08 00:19:16
18,16,9,1373.2,2025-12-08 00:18:17,43277.0,,18,16,9,1380.444946,2025-12-08 00:19:17
18,17,9,1371.3,2025-12-08 00:18:18,42276.0,,18,17,9,1381.21167,2025-12-08 00:19:18
18,18,9,1380.4,2025-12-08 00:18:19,41275.0,,18,18,9,1381.978882,2025-12-08 00:19:19
18,19,9,1382.3,2025-12-08 00:18:20,40274.0,,18,19,9,1382.74707,2025-12-08 00:19:20
18,20,9,1373.2,2025-12-08 00:18:21,39273.0,,18,20,9,1383.515747,2025-12-08 00:19:21
18,21,9,1375.1,2025-12-08 00:18:22,38271.0,,18,21,9,1384.28418,2025-12-08 00:19:22
18,22,9,1387.2,2025-12-08 00:18:23,37271.0,,18,22,9,1385.052979,2025-12-08 00:19:23
18,23,9,1375.5,2025-12-08 00:18:24,36269.0,,18,23,9,1385.822632,2025-12-08 00:19:24
18,24,9,1371.8,2025-12-08 00:18:25,35268.0,,18,24,9,1386.591553,2025-12-08 00:19:25
18,25,9,1373.0,2025-12-08 00:18:26,34263.0,,18,25,9,1387.360474,2025-12-08 00:19:26
18,26,9,1377.0,2025-12-08 00:18:27,33261.0,,18,26,9,1388.129761,2025-12-08 00:19:27
18,27,9,1377.3,2025-12-08 00:18:28,32260.0,,18,27,9,1388.899414,2025-12-08 00:19:28
18,28,9,1377.3,2025-12-08 00:18:29,31259.0,,18,28,9,1389.669189,2025-12-08 00:19:29
18,29,9,1372.7,2025-12-08 00:18:30,30257.0,,18,29,9,1390.439331,2025-12-08 00:19:30
18,30,9,1381.4,2025-12-08 00:18:31,29256.0,,18,30,9,1391.209473,2025-12-08 00:19:31
18,31,9,1377.1,2025-12-08 00:18:32,28255.0,,18,31,9,1391.980469,2025-12-08 00:19:32
18,32,9,1375.3,2025-12-08 00:18:33,27246.0,,18,32,9,1392.751709,2025-12-08 00:19:33
18,33,9,1382.1,2025-12-08 00:18:34,26245.0,,18,33,9,1393.523315,2025-12-08 00:19:34
18,34,9,1364.0,2025-12-08 00:18:35,25243.0,,18,34,9,1394.295776,2025-12-08 00:19:35
18,35,9,1368.8,2025-12-08 00:18:36,24241.0,,18,35,9,1395.068115,2025-12-08 00:19:36
18,36,9,1363.7,2025-12-08 00:18:37,23238.0,,18,36,9,1395.841431,2025-12-08 00:19:37
18,37,9,1367.2,2025-12-08 00:18:38,22180.0,,18,37,9,1396.615479,2025-12-08 00:19:38
18,38,9,1365.3,2025-12-08 00:18:39,21156.0,,18,38,9,1397.390625,2025-12-08 00:19:39
18,39,9,1362.1,2025-12-08 00:18:40,20124.0,,18,39,9,1398.167236,2025-12-08 00:19:40
18,40,9,1364.1,2025-12-08 00:18:41,19123.0,,18,40,9,1398.94458,2025-12-08 00:19:41
18,41,9,1364.7,2025-12-08 00:18:42,18121.0,,18,41,9,1399.723877,2025-12-08 00:19:42
18,42,9,1363.7,2025-12-08 00:18:43,17120.0,,18,42,9,1400.504517,2025-12-08 00:19:43
18,43,9,1364.4,2025-12-08 00:18:44,16118.0,,18,43,9,1401.286743,2025-12-08 00:19:44
18,44,9,1359.5,2025-12-08 00:18:45,15103.0,,18,44,9,1402.071045,2025-12-08 00:19:45
18,45,9,1358.1,2025-12-08 00:18:46,14099.0,,18,45,9,1402.856812,2025-12-08 00:19:46
18,46,9,1361.1,2025-12-08 00:18:47,13094.0,,18,46,9,1403.644653,2025-12-08 00:19:47
18,47,9,1362.5,2025-12-08 00:18:48,12091.0,,18,47,9,1404.434937,2025-12-08 00:19:48
18,48,9,1361.1,2025-12-08 00:18:49,11085.0,,18,48,9,1405.227783,2025-12-08 00:19:49
18,49,9,1359.0,2025-12-08 00:18:50,10081.0,,18,49,9,1406.022827,2025-12-08 00:19:50
18,50,9,1363.9,2025-12-08 00:18:51,9079.0,,18,50,9,1406.820557,2025-12-08 00:19:51
18,51,9,1362.6,2025-12-08 00:18:52,8075.0,,18,51,9,1407.621216,2025-12-08 00:19:52
18,52,9,1361.3,2025-12-08 00:18:53,7039.0,,18,52,9,1408.424805,2025-12-08 00:19:53
18,53,9,1361.5,2025-12-08 00:18:54,6022.0,,18,53,9,1409.231323,2025-12-08 00:19:54
18,54,9,1361.4,2025-12-08 00:18:55,5019.0,,18,54,9,1410.041016,2025-12-08 00:19:55
18,55,9,1361.1,2025-12-08 00:18:56,4018.0,,18,55,9,1410.854004,2025-12-08 00:19:56
18,56,9,1363.0,2025-12-08 00:18:57,3016.0,,18,56,9,1411.670654,2025-12-08 00:19:57
18,57,9,1359.7,2025-12-08 00:18:58,2014.0,,18,57,9,1412.491089,2025-12-08 00:19:58
18,58,9,1360.9,2025-12-08 00:18:59,1011.0,,18,58,9,1413.315063,2025-12-08 00:19:59
18,59,9,1358.9,2025-12-08 00:19:00,10.0,,18,59,9,1414.143066,2025-12-08 00:20:00
19,0,9,1362.4,2025-12-08 00:19:01,59096.0,,19,0,9,1456.22876,2025-12-08 00:20:01
19,1,9,1363.9,2025-12-08 00:19:02,58088.0,,19,1,9,1457.261719,2025-12-08 00:20:02
19,2,9,1360.9,2025-12-08 00:19:03,57087.0,,19,2,9,1458.286255,2025-12-08 00:20:03
19,3,9,1362.9,2025-12-08 00:19:04,56086.0,,19,3,9,1459.390503,2025-12-08 00:20:04
19,4,9,1361.4,2025-12-08 00:19:05,55084.0,,19,4,9,1460.553101,2025-12-08 00:20:05
19,5,9,1362.3,2025-12-08 00:19:06,54081.0,,19,5,9,1461.755981,2025-12-08 00:20:06
19,6,9,1360.6,2025-12-08 00:19:07,53080.0,,19,6,9,1462.988037,2025-12-08 00:20:07
19,7,9,1364.4,2025-12-08 00:19:08,52079.0,,19,7,9,1464.243652,2025-12-08 00:20:08
19,8,9,1364.9,2025-12-08 00:19:09,51076.0,,19,8,9,1465.52002,2025-12-08 00:20:09
19,9,9,1367.1,2025-12-08 00:19:10,50075.0,,19,9,9,1466.815796,2025-12-08 00:20:10
19,10,9,1385.2,2025-12-08 00:19:11,49072.0,,19,10,9,1468.130615,2025-12-08 00:20:11
19,11,9,1435.9,2025-12-08 00:19:12,48071.0,,19,11,9,1469.465332,2025-12-08 00:20:12
19,12,9,1434.9,2025-12-08 00:19:13,47069.0,,19,12,9,1470.822021,2025-12-08 00:20:13
19,13,9,1438.5,2025-12-08 00:19:14,46066.0,,19,13,9,1472.199097,2025-12-08 00:20:14
19,14,9,1441.4,2025-12-08 00:19:15,45063.0,,19,14,9,1473.59668,2025-12-08 00:20:15
19,15,9,1435.8,2025-12-08 00:19:16,44060.0,,19,15,9,1475.015747,2025-12-08 00:20:16
19,16,9,1439.6,2025-12-08 00:19:17,43058.0,,19,16,9,1476.456299,2025-12-08 00:20:17
19,17,9,1439.0,2025-12-08 00:19:18,42056.0,,19,17,9,1477.918701,2025-12-08 00:20:18
19,18,9,1444.2,2025-12-08 00:19:19,41055.0,,19,18,9,1479.403442,2025-12-08 00:20:19
19,19,9,1444.5,2025-12-08 00:19:20,40054.0,,19,19,9,1480.911499,2025-12-08 00:20:20
19,20,9,1444.3,2025-12-08 00:19:21,39050.0,,19,20,9,1482.442749,2025-12-08 00:20:21
19,21,9,1437.7,2025-12-08 00:19:22,38049.0,,19,21,9,1483.998047,2025-12-08 00:20:22
19,22,9,1464.4,2025-12-08 00:19:23,37048.0,,19,22,9,1485.577271,2025-12-08 00:20:23
19,23,9,1444.1,2025-12-08 00:19:24,36047.0,,19,23,9,1487.182617,2025-12-08 00:20:24
19,24,9,1445.4,2025-12-08 00:19:25,35046.0,,19,24,9,1488.812744,2025-12-08 00:20:25
19,25,9,1443.3,2025-12-08 00:19:26,34045.0,,19,25,9,1490.468872,2025-12-08 00:20:26
19,26,9,1442.9,2025-12-08 00:19:27,33044.0,,19,26,9,1492.151367,2025-12-08 00:20:27
19,27,9,1442.5,2025-12-08 00:19:28,32043.0,,19,27,9,1493.860962,2025-12-08 00:20:28
19,28,9,1446.2,2025-12-08 00:19:29,31042.0,,19,28,9,1495.598511,2025-12-08 00:20:29
19,29,9,1447.8,2025-12-08 00:19:30,30042.0,,19,29,9,1497.364502,2025-12-08 00:20:30
19,30,9,1452.3,2025-12-08 00:19:31,29040.0,,19,30,9,1499.159668,2025-12-08 00:20:31
19,31,9,1441.3,2025-12-08 00:19:32,28039.0,,19,31,9,1500.984863,2025-12-08 00:20:32
19,32,9,1439.5,2025-12-08 00:19:33,27038.0,,19,32,9,1502.840088,2025-12-08 00:20:33
19,33,9,1438.3,2025-12-08 00:19:34,26037.0,,19,33,9,1504.726318,2025-12-08 00:20:34
19,34,9,1439.3,2025-12-08 00:19:35,25037.0,,19,34,9,1506.644287,2025-12-08 00:20:35
19,35,9,1443.3,2025-12-08 00:19:36,24035.0,,19,35,9,1508.594849,2025-12-08 00:20:36
19,36,9,1437.5,2025-12-08 00:19:37,23034.0,,19,36,9,1510.579224,2025-12-08 00:20:37
19,37,9,1443.2,2025-12-08 00:19:38,22033.0,,19,37,9,1512.597412,2025-12-08 00:20:38
19,38,9,1442.2,2025-12-08 00:19:39,21032.0,,19,38,9,1514.650879,2025-12-08 00:20:39
19,39,9,1445.4,2025-12-08 00:19:40,20031.0,,19,39,9,1516.740234,2025-12-08 00:20:40
19,40,9,1443.0,2025-12-08 00:19:41,19030.0,,19,40,9,1518.866333,2025-12-08 00:20:41
19,41,9,1453.6,2025-12-08 00:19:42,18029.0,,19,41,9,1521.030029,2025-12-08 00:20:42
19,42,9,1444.9,2025-12-08 00:19:43,17028.0,,19,42,9,1523.23291,2025-12-08 00:20:43
19,43,9,1446.8,2025-12-08 00:19:44,16027.0,,19,43,9,1525.474365,2025-12-08 00:20:44
19,44,9,1445.1,2025-12-08 00:19:45,15026.0,,19,44,9,1527.756348,2025-12-08 00:20:45
19,45,9,1442.0,2025-12-08 00:19:46,14025.0,,19,45,9,1530.07959,2025-12-08 00:20:46
19,46,9,1445.2,2025-12-08 00:19:47,13023.0,,19,46,9,1532.444336,2025-12-08 00:20:47
19,47,9,1443.1,2025-12-08 00:19:48,12022.0,,19,47,9,1534.852051,2025-12-08 00:20:48
19,48,9,1443.4,2025-12-08 00:19:49,11021.0,,19,48,9,1537.303467,2025-12-08 00:20:49
19,49,9,1445.9,2025-12-08 00:19:50,10020.0,,19,49,9,1539.799561,2025-12-08 00:20:50
19,50,9,1452.5,2025-12-08 00:19:51,9019.0,,19,50,9,1542.341309,2025-12-08 00:20:51
19,51,9,1445.6,2025-12-08 00:19:52,8017.0,,19,51,9,1544.929565,2025-12-08 00:20:52
19,52,9,1446.6,2025-12-08 00:19:53,7016.0,,19,52,9,1547.565063,2025-12-08 00:20:53
19,53,9,1445.5,2025-12-08 00:19:54,6014.0,,19,53,9,1550.249146,2025-12-08 00:20:54
19,54,9,1442.3,2025-12-08 00:19:55,5013.0,,19,54,9,1552.982178,2025-12-08 00:20:55
19,55,9,1444.5,2025-12-08 00:19:56,4012.0,,19,55,9,1555.765015,2025-12-08 00:20:56
19,56,9,1449.0,2025-12-08 00:19:57,3012.0,,19,56,9,1558.598755,2025-12-08 00:20:57
19,57,9,1442.7,2025-12-08 00:19:58,2010.0,,19,57,9,1561.484497,2025-12-08 00:20:58
19,58,9,1445.3,2025-12-08 00:19:59,1009.0,,19,58,9,1564.422607,2025-12-08 00:20:59
19,59,9,1446.4,2025-12-08 00:20:00,8.0,,19,59,9,1567.414307,2025-12-08 00:21:00
20,0,9,1444.0,2025-12-08 00:20:01,59080.0,,20,0,9,1584.430542,2025-12-08 00:21:01
20,1,9,1447.0,2025-12-08 00:20:02,58079.0,,20,1,9,1587.617676,2025-12-08 00:21:02
20,2,9,1447.5,2025-12-08 00:20:03,57078.0,,20,2,9,1590.701172,2025-12-08 00:21:03
20,3,9,1448.0,2025-12-08 00:20:04,56077.0,,20,3,9,1593.987549,2025-12-08 00:21:04
20,4,9,1444.9,2025-12-08 00:20:05,55076.0,,20,4,9,1597.431763,2025-12-08 00:21:05
20,5,9,1444.5,2025-12-08 00:20:06,54074.0,,20,5,9,1600.985718,2025-12-08 00:21:06
20,6,9,1446.8,2025-12-08 00:20:07,53073.0,,20,6,9,1604.62146,2025-12-08 00:21:07
20,7,9,1447.3,2025-12-08 00:20:08,52072.0,,20,7,9,1608.323853,2025-12-08 00:21:08
20,8,9,1449.0,2025-12-08 00:20:09,51071.0,,20,8,9,1612.085205,2025-12-08 00:21:09
20,9,9,1440.8,2025-12-08 00:20:10,50070.0,,20,9,9,1615.901978,2025-12-08 00:21:10
20,10,9,1446.5,2025-12-08 00:20:11,49069.0,,20,10,9,1619.77356,2025-12-08 00:21:11
20,11,9,1446.2,2025-12-08 00:20:12,48068.0,,20,11,9,1623.698608,2025-12-08 00:21:12
20,12,9,1459.7,2025-12-08 00:20:13,47067.0,,20,12,9,1627.677979,2025-12-08 00:21:13
20,13,9,1482.9,2025-12-08 00:20:14,46066.0,,20,13,9,1631.710938,2025-12-08 00:21:14
20,14,9,1543.7,2025-12-08 00:20:15,45064.0,,20,14,9,1635.797729,2025-12-08 00:21:15
20,15,9,1532.5,2025-12-08 00:20:16,44063.0,,20,15,9,1639.936523,2025-12-08 00:21:16
20,16,9,1549.6,2025-12-08 00:20:17,43062.0,,20,16,9,1644.133911,2025-12-08 00:21:17
20,17,9,1543.1,2025-12-08 00:20:18,42061.0,,20,17,9,1648.387329,2025-12-08 00:21:18
20,18,9,1548.0,2025-12-08 00:20:19,41060.0,,20,18,9,1652.69751,2025-12-08 00:21:19
20,19,9,1551.4,2025-12-08 00:20:20,40059.0,,20,19,9,1657.0625,2025-12-08 00:21:20
20,20,9,1548.0,2025-12-08 00:20:21,39057.0,,20,20,9,1661.481323,2025-12-08 00:21:21
20,21,9,1542.7,2025-12-08 00:20:22,38057.0,,20,21,9,1665.952515,2025-12-08 00:21:22
20,22,9,1545.3,2025-12-08 00:20:23,37056.0,,20,22,9,1670.474365,2025-12-08 00:21:23
20,23,9,1546.6,2025-12-08 00:20:24,36055.0,,20,23,9,1675.043945,2025-12-08 00:21:24
20,24,9,1544.1,2025-12-08 00:20:25,35054.0,,20,24,9,1679.659424,2025-12-08 00:21:25
20,25,9,1543.6,2025-12-08 00:20:26,34053.0,,20,25,9,1684.318359,2025-12-08 00:21:26
20,26,9,1543.7,2025-12-08 00:20:27,33052.0,,20,26,9,1689.017822,2025-12-08 00:21:27
20,27,9,1542.8,2025-12-08 00:20:28,32050.0,,20,27,9,1693.754883,2025-12-08 00:21:28
20,28,9,1546.6,2025-12-08 00:20:29,31049.0,,20,28,9,1698.526611,2025-12-08 00:21:29
20,29,9,1549.6,2025-12-08 00:20:30,30047.0,,20,29,9,1703.329468,2025-12-08 00:21:30
20,30,9,1546.5,2025-12-08 00:20:31,29046.0,,20,30,9,1708.160156,2025-12-08 00:21:31
20,31,9,1547.6,2025-12-08 00:20:32,28045.0,,20,31,9,1713.015381,2025-12-08 00:21:32
20,32,9,1548.1,2025-12-08 00:20:33,27044.0,,20,32,9,1717.890747,2025-12-08 00:21:33
20,33,9,1549.7,2025-12-08 00:20:34,26043.0,,20,33,9,1722.782593,2025-12-08 00:21:34
20,34,9,1553.4,2025-12-08 00:20:35,25042.0,,20,34,9,1727.687012,2025-12-08 00:21:35
20,35,9,1546.7,2025-12-08 00:20:36,24040.0,,20,35,9,1732.598999,2025-12-08 00:21:36
20,36,9,1548.7,2025-12-08 00:20:37,23039.0,,20,36,9,1737.515259,2025-12-08 00:21:37
20,37,9,1552.1,2025-12-08 00:20:38,22037.0,,20,37,9,1742.430542,2025-12-08 00:21:38
20,38,9,1549.8,2025-12-08 00:20:39,21036.0,,20,38,9,1747.340088,2025-12-08 00:21:39
20,39,9,1548.6,2025-12-08 00:20:40,20034.0,,20,39,9,1752.239624,2025-12-08 00:21:40
20,40,9,1551.7,2025-12-08 00:20:41,19032.0,,20,40,9,1757.124634,2025-12-08 00:21:41
20,41,9,1550.7,2025-12-08 00:20:42,18030.0,,20,41,9,1761.98938,2025-12-08 00:21:42
20,42,9,1551.6,2025-12-08 00:20:43,17029.0,,20,42,9,1766.830444,2025-12-08 00:21:43
20,43,9,1553.3,2025-12-08 00:20:44,16028.0,,20,43,9,1771.64209,2025-12-08 00:21:44
20,44,9,1557.4,2025-12-08 00:20:45,15027.0,,20,44,9,1776.419922,2025-12-08 00:21:45
20,45,9,1552.2,2025-12-08 00:20:46,14026.0,,20,45,9,1781.159058,2025-12-08 00:21:46
20,46,9,1550.7,2025-12-08 00:20:47,13024.0,,20,46,9,1785.855957,2025-12-08 00:21:47
20,47,9,1550.7,2025-12-08 00:20:48,12022.0,,20,47,9,1790.505615,2025-12-08 00:21:48
20,48,9,1551.7,2025-12-08 00:20:49,11021.0,,20,48,9,1795.103149,2025-12-08 00:21:49
20,49,9,1554.1,2025-12-08 00:20:50,10020.0,,20,49,9,1799.645142,2025-12-08 00:21:50
20,50,9,1552.6,2025-12-08 00:20:51,9019.0,,20,50,9,1804.126953,2025-12-08 00:21:51
20,51,9,1550.4,2025-12-08 00:20:52,8018.0,,20,51,9,1808.545166,2025-12-08 00:21:52
20,52,9,1550.3,2025-12-08 00:20:53,7017.0,,20,52,9,1812.896606,2025-12-08 00:21:53
20,53,9,1551.5,2025-12-08 00:20:54,6016.0,,20,53,9,1817.177246,2025-12-08 00:21:54
20,54,9,1563.0,2025-12-08 00:20:55,5015.0,,20,54,9,1821.384033,2025-12-08 00:21:55
20,55,9,1552.7,2025-12-08 00:20:56,4014.0,,20,55,9,1825.51355,2025-12-08 00:21:56
20,56,9,1554.1,2025-12-08 00:20:57,3012.0,,20,56,9,1829.564941,2025-12-08 00:21:57
20,57,9,1554.9,2025-12-08 00:20:58,2011.0,,20,57,9,1833.534424,2025-12-08 00:21:58
20,58,9,1555.7,2025-12-08 00:20:59,1010.0,,20,58,9,1837.420532,2025-12-08 00:21:59
20,59,9,1556.5,2025-12-08 00:21:00,8.0,,20,59,9,1841.221558,2025-12-08 00:22:00
21,0,9,1554.8,2025-12-08 00:21:01,59555.0,,21,0,9,1590.303345,2025-12-08 00:22:01
21,1,9,1557.2,2025-12-08 00:21:02,58553.0,,21,1,9,1593.449097,2025-12-08 00:22:02
21,2,9,1551.8,2025-12-08 00:21:03,57551.0,,21,2,9,1596.540649,2025-12-08 00:22:03
21,3,9,1555.0,2025-12-08 00:21:04,56549.0,,21,3,9,1599.859009,2025-12-08 00:22:04
21,4,9,1555.7,2025-12-08 00:21:05,55548.0,,21,4,9,1603.347046,2025-12-08 00:22:05
21,5,9,1554.3,2025-12-08 00:21:06,54547.0,,21,5,9,1606.951172,2025-12-08 00:22:06
21,6,9,1550.7,2025-12-08 00:21:07,53546.0,,21,6,9,1610.641113,2025-12-08 00:22:07
21,7,9,1569.4,2025-12-08 00:21:08,52545.0,,21,7,9,1614.400879,2025-12-08 00:22:08
21,8,9,1552.3,2025-12-08 00:21:09,51543.0,,21,8,9,1618.220703,2025-12-08 00:22:09
21,9,9,1554.5,2025-12-08 00:21:10,50541.0,,21,9,9,1622.101074,2025-12-08 00:22:10
21,10,9,1557.8,2025-12-08 00:21:11,49537.0,,21,10,9,1626.038086,2025-12-08 00:22:11
21,11,9,1553.6,2025-12-08 00:21:12,48535.0,,21,11,9,1630.03186,2025-12-08 00:22:12
21,12,9,1552.7,2025-12-08 00:21:13,47534.0,,21,12,9,1634.083496,2025-12-08 00:22:13
21,13,9,1554.6,2025-12-08 00:21:14,46532.0,,21,13,9,1638.192017,2025-12-08 00:22:14
21,14,9,1560.6,2025-12-08 00:21:15,45530.0,,21,14,9,1642.358276,2025-12-08 00:22:15
21,15,9,1553.9,2025-12-08 00:21:16,44526.0,,21,15,9,1646.580811,2025-12-08 00:22:16
21,16,9,1561.9,2025-12-08 00:21:17,43521.0,,21,16,9,1650.860596,2025-12-08 00:22:17
21,17,9,1555.0,2025-12-08 00:21:18,42520.0,,21,17,9,1655.195068,2025-12-08 00:22:18
21,18,9,1557.8,2025-12-08 00:21:19,41519.0,,21,18,9,1659.584595,2025-12-08 00:22:19
21,19,9,1561.1,2025-12-08 00:21:20,40516.0,,21,19,9,1664.026855,2025-12-08 00:22:20
21,20,9,1550.0,2025-12-08 00:21:21,39515.0,,21,20,9,1668.520264,2025-12-08 00:22:21
21,21,9,1551.6,2025-12-08 00:21:22,38513.0,,21,21,9,1673.063721,2025-12-08 00:22:22
21,22,9,1551.8,2025-12-08 00:21:23,37512.0,,21,22,9,1677.654053,2025-12-08 00:22:23
21,23,9,1555.1,2025-12-08 00:21:24,36511.0,,21,23,9,1682.288696,2025-12-08 00:22:24
21,24,9,1550.0,2025-12-08 00:21:25,35510.0,,21,24,9,1686.965332,2025-12-08 00:22:25
21,25,9,1554.5,2025-12-08 00:21:26,34508.0,,21,25,9,1691.681274,2025-12-08 00:22:26
21,26,9,1555.2,2025-12-08 00:21:27,33507.0,,21,26,9,1696.43335,2025-12-08 00:22:27
21,27,9,1555.3,2025-12-08 00:21:28,32506.0,,21,27,9,1701.218384,2025-12-08 00:22:28
21,28,9,1554.0,2025-12-08 00:21:29,31503.0,,21,28,9,1706.032959,2025-12-08 00:22:29
21,29,9,1549.8,2025-12-08 00:21:30,30502.0,,21,29,9,1710.874023,2025-12-08 00:22:30
21,30,9,1551.1,2025-12-08 00:21:31,29499.0,,21,30,9,1715.737427,2025-12-08 00:22:31
21,31,9,1555.7,2025-12-08 00:21:32,28493.0,,21,31,9,1720.619141,2025-12-08 00:22:32
21,32,9,1550.7,2025-12-08 00:21:33,27492.0,,21,32,9,1725.514526,2025-12-08 00:22:33
21,33,9,1555.3,2025-12-08 00:21:34,26490.0,,21,33,9,1730.420532,2025-12-08 00:22:34
21,34,9,1552.5,2025-12-08 00:21:35,25486.0,,21,34,9,1735.331543,2025-12-08 00:22:35
21,35,9,1550.1,2025-12-08 00:21:36,24485.0,,21,35,9,1740.244385,2025-12-08 00:22:36
21,36,9,1553.4,2025-12-08 00:21:37,23484.0,,21,36,9,1745.153809,2025-12-08 00:22:37
21,37,9,1552.1,2025-12-08 00:21:38,22483.0,,21,37,9,1750.054688,2025-12-08 00:22:38
21,38,9,1553.6,2025-12-08 00:21:39,21481.0,,21,38,9,1754.943115,2025-12-08 00:22:39
21,39,9,1555.5,2025-12-08 00:21:40,20480.0,,21,39,9,1759.814087,2025-12-08 00:22:40
21,40,9,1556.3,2025-12-08 00:21:41,19479.0,,21,40,9,1764.662598,2025-12-08 00:22:41
21,41,9,1557.4,2025-12-08 00:21:42,18479.0,,21,41,9,1769.484619,2025-12-08 00:22:42
21,42,9,1557.3,2025-12-08 00:21:43,17476.0,,21,42,9,1774.275024,2025-12-08 00:22:43
21,43,9,1568.3,2025-12-08 00:21:44,16474.0,,21,43,9,1779.029419,2025-12-08 00:22:44
21,44,9,1558.2,2025-12-08 00:21:45,15471.0,,21,44,9,1783.742432,2025-12-08 00:22:45
21,45,9,1556.5,2025-12-08 00:21:46,14470.0,,21,45,9,1788.411621,2025-12-08 00:22:46
21,46,9,1558.7,2025-12-08 00:21:47,13417.0,,21,46,9,1793.031494,2025-12-08 00:22:47
21,47,9,1560.8,2025-12-08 00:21:48,12387.0,,21,47,9,1797.5979,2025-12-08 00:22:48
21,48,9,1558.6,2025-12-08 00:21:49,11386.0,,21,48,9,1802.106079,2025-12-08 00:22:49
21,49,9,1559.5,2025-12-08 00:21:50,10385.0,,21,49,9,1806.553101,2025-12-08 00:22:50
21,50,9,1559.7,2025-12-08 00:21:51,9382.0,,21,50,9,1810.934692,2025-12-08 00:22:51
21,51,9,1557.1,2025-12-08 00:21:52,8351.0,,21,51,9,1815.247681,2025-12-08 00:22:52
21,52,9,1557.5,2025-12-08 00:21:53,7349.0,,21,52,9,1819.48877,2025-12-08 00:22:53
21,53,9,1555.6,2025-12-08 00:21:54,6348.0,,21,53,9,1823.654663,2025-12-08 00:22:54
21,54,9,1554.9,2025-12-08 00:21:55,5171.0,,21,54,9,1827.743042,2025-12-08 00:22:55
21,55,9,1554.3,2025-12-08 00:21:56,4139.0,,21,55,9,1831.750854,2025-12-08 00:22:56
21,56,9,1552.1,2025-12-08 00:21:57,3136.0,,21,56,9,1835.67627,2025-12-08 00:22:57
21,57,9,1556.2,2025-12-08 00:21:58,2052.0,,21,57,9,1839.51709,2025-12-08 00:22:58
21,58,9,1556.4,2025-12-08 00:21:59,1024.0,,21,58,9,1843.271606,2025-12-08 00:22:59
21,59,9,1563.6,2025-12-08 00:22:00,19.0,,21,59,9,1846.938354,2025-12-08 00:23:00
22,0,9,1560.2,2025-12-08 00:22:01,59134.0,,22,0,9,1597.896362,2025-12-08 00:23:01
22,1,9,1559.8,2025-12-08 00:22:02,58129.0,,22,1,9,1601.314453,2025-12-08 00:23:02
22,2,9,1558.4,2025-12-08 00:22:03,57128.0,,22,2,9,1604.549683,2025-12-08 00:23:03
22,3,9,1557.9,2025-12-08 00:22:04,56126.0,,22,3,9,1608.001221,2025-12-08 00:23:04
22,4,9,1560.1,2025-12-08 00:22:05,55123.0,,22,4,9,1611.624756,2025-12-08 00:23:05
22,5,9,1557.4,2025-12-08 00:22:06,54122.0,,22,5,9,1615.366211,2025-12-08 00:23:06
22,6,9,1559.7,2025-12-08 00:22:07,53119.0,,22,6,9,1619.194336,2025-12-08 00:23:07
22,7,9,1558.1,2025-12-08 00:22:08,52118.0,,22,7,9,1623.092285,2025-12-08 00:23:08
22,8,9,1554.8,2025-12-08 00:22:09,51117.0,,22,8,9,1627.05188,2025-12-08 00:23:09
22,9,9,1554.9,2025-12-08 00:22:10,50115.0,,22,9,9,1631.069336,2025-12-08 00:23:10
22,10,9,1556.8,2025-12-08 00:22:11,49105.0,,22,10,9,1635.142944,2025-12-08 00:23:11
22,11,9,1556.4,2025-12-08 00:22:12,48104.0,,22,11,9,1639.271729,2025-12-08 00:23:12
22,12,9,1560.6,2025-12-08 00:22:13,47102.0,,22,12,9,1643.455933,2025-12-08 00:23:13
22,13,9,1557.7,2025-12-08 00:22:14,46098.0,,22,13,9,1647.694824,2025-12-08 00:23:14
22,14,9,1552.0,2025-12-08 00:22:15,45096.0,,22,14,9,1651.988892,2025-12-08 00:23:15
22,15,9,1555.3,2025-12-08 00:22:16,44095.0,,22,15,9,1656.337646,2025-12-08 00:23:16
22,16,9,1559.1,2025-12-08 00:22:17,43091.0,,22,16,9,1660.738647,2025-12-08 00:23:17
22,17,9,1558.7,2025-12-08 00:22:18,42090.0,,22,17,9,1665.191284,2025-12-08 00:23:18
22,18,9,1563.4,2025-12-08 00:22:19,41087.0,,22,18,9,1669.694092,2025-12-08 00:23:19
22,19,9,1564.2,2025-12-08 00:22:20,40087.0,,22,19,9,1674.244751,2025-12-08 00:23:20
22,20,9,1555.9,2025-12-08 00:22:21,39086.0,,22,20,9,1678.841919,2025-12-08 00:23:21
22,21,9,1557.2,2025-12-08 00:22:22,38085.0,,22,21,9,1683.483765,2025-12-08 00:23:22
22,22,9,1557.4,2025-12-08 00:22:23,37080.0,,22,22,9,1688.166748,2025-12-08 00:23:23
22,23,9,1557.1,2025-12-08 00:22:24,36079.0,,22,23,9,1692.887939,2025-12-08 00:23:24
22,24,9,1557.2,2025-12-08 00:22:25,35077.0,,22,24,9,1697.644409,2025-12-08 00:23:25
22,25,9,1556.1,2025-12-08 00:22:26,34076.0,,22,25,9,1702.433228,2025-12-08 00:23:26
22,26,9,1556.6,2025-12-08 00:22:27,33075.0,,22,26,9,1707.25061,2025-12-08 00:23:27
22,27,9,1557.1,2025-12-08 00:22:28,32073.0,,22,27,9,1712.09314,2025-12-08 00:23:28
22,28,9,1556.9,2025-12-08 00:22:29,31073.0,,22,28,9,1716.956665,2025-12-08 00:23:29
22,29,9,1558.9,2025-12-08 00:22:30,30068.0,,22,29,9,1721.837769,2025-12-08 00:23:30
22,30,9,1553.7,2025-12-08 00:22:31,29066.0,,22,30,9,1726.731812,2025-12-08 00:23:31
22,31,9,1559.9,2025-12-08 00:22:32,28063.0,,22,31,9,1731.635254,2025-12-08 00:23:32
22,32,9,1556.8,2025-12-08 00:22:33,27063.0,,22,32,9,1736.542603,2025-12-08 00:23:33
22,33,9,1561.2,2025-12-08 00:22:34,26061.0,,22,33,9,1741.450806,2025-12-08 00:23:34
22,34,9,1562.3,2025-12-08 00:22:35,25060.0,,22,34,9,1746.354248,2025-12-08 00:23:35
22,35,9,1560.9,2025-12-08 00:22:36,24059.0,,22,35,9,1751.248779,2025-12-08 00:23:36
22,36,9,1563.0,2025-12-08 00:22:37,23058.0,,22,36,9,1756.129761,2025-12-08 00:23:37
22,37,9,1564.8,2025-12-08 00:22:38,22052.0,,22,37,9,1760.992432,2025-12-08 00:23:38
22,38,9,1559.9,2025-12-08 00:22:39,21043.0,,22,38,9,1765.831787,2025-12-08 00:23:39
22,39,9,1560.3,2025-12-08 00:22:40,20041.0,,22,39,9,1770.644165,2025-12-08 00:23:40
22,40,9,1562.3,2025-12-08 00:22:41,19039.0,,22,40,9,1775.424072,2025-12-08 00:23:41
22,41,9,1555.5,2025-12-08 00:22:42,18038.0,,22,41,9,1780.166626,2025-12-08 00:23:42
22,42,9,1558.1,2025-12-08 00:22:43,17037.0,,22,42,9,1784.868042,2025-12-08 00:23:43
22,43,9,1557.7,2025-12-08 00:22:44,16036.0,,22,43,9,1789.52356,2025-12-08 00:23:44
22,44,9,1569.3,2025-12-08 00:22:45,15034.0,,22,44,9,1794.128174,2025-12-08 00:23:45
22,45,9,1567.9,2025-12-08 00:22:46,14034.0,,22,45,9,1798.677734,2025-12-08 00:23:46
22,46,9,1563.1,2025-12-08 00:22:47,13033.0,,22,46,9,1803.169312,2025-12-08 00:23:47
22,47,9,1559.8,2025-12-08 00:22:48,12031.0,,22,47,9,1807.599121,2025-12-08 00:23:48
22,48,9,1574.5,2025-12-08 00:22:49,11030.0,,22,48,9,1811.963379,2025-12-08 00:23:49
22,49,9,1561.4,2025-12-08 00:22:50,10029.0,,22,49,9,1816.257324,2025-12-08 00:23:50
22,50,9,1561.4,2025-12-08 00:22:51,9027.0,,22,50,9,1820.47998,2025-12-08 00:23:51
22,51,9,1562.0,2025-12-08 00:22:52,8027.0,,22,51,9,1824.627319,2025-12-08 00:23:52
22,52,9,1562.8,2025-12-08 00:22:53,7025.0,,22,52,9,1828.696289,2025-12-08 00:23:53
22,53,9,1560.2,2025-12-08 00:22:54,6022.0,,22,53,9,1832.684937,2025-12-08 00:23:54
22,54,9,1563.9,2025-12-08 00:22:55,5021.0,,22,54,9,1836.590454,2025-12-08 00:23:55
22,55,9,1561.2,2025-12-08 00:22:56,4019.0,,22,55,9,1840.411499,2025-12-08 00:23:56
22,56,9,1563.5,2025-12-08 00:22:57,3018.0,,22,56,9,1844.146118,2025-12-08 00:23:57
22,57,9,1562.1,2025-12-08 00:22:58,2017.0,,22,57,9,1847.792847,2025-12-08 00:23:58
22,58,9,1575.8,2025-12-08 00:22:59,1012.0,,22,58,9,1851.351196,2025-12-08 00:23:59
22,59,9,1563.0,2025-12-08 00:23:00,10.0,,22,59,9,1854.818604,2025-12-08 00:24:00
23,0,9,1565.8,2025-12-08 00:23:01,59127.0,,23,0,9,1618.203491,2025-12-08 00:24:01
23,1,9,1570.1,2025-12-08 00:23:02,58126.0,,23,1,9,1621.843872,2025-12-08 00:24:02
23,2,9,1567.9,2025-12-08 00:23:03,57125.0,,23,2,9,1625.421875,2025-12-08 00:24:03
23,3,9,1569.8,2025-12-08 00:23:04,56123.0,,23,3,9,1629.226562,2025-12-08 00:24:04
23,4,9,1565.9,2025-12-08 00:23:05,55122.0,,23,4,9,1633.200439,2025-12-08 00:24:05
23,5,9,1565.2,2025-12-08 00:23:06,54121.0,,23,5,9,1637.28833,2025-12-08 00:24:06
23,6,9,1566.5,2025-12-08 00:23:07,53120.0,,23,6,9,1641.457642,2025-12-08 00:24:07
23,7,9,1563.1,2025-12-08 00:23:08,52119.0,,23,7,9,1645.690552,2025-12-08 00:24:08
23,8,9,1564.8,2025-12-08 00:23:09,51118.0,,23,8,9,1649.979126,2025-12-08 00:24:09
23,9,9,1567.0,2025-12-08 00:23:10,50116.0,,23,9,9,1654.318237,2025-12-08 00:24:10
23,10,9,1565.9,2025-12-08 00:23:11,49115.0,,23,10,9,1658.706177,2025-12-08 00:24:11
23,11,9,1586.3,2025-12-08 00:23:12,48114.0,,23,11,9,1663.141846,2025-12-08 00:24:12
23,12,9,1563.3,2025-12-08 00:23:13,47112.0,,23,12,9,1667.621948,2025-12-08 00:24:13
23,13,9,1565.6,2025-12-08 00:23:14,46111.0,,23,13,9,1672.151245,2025-12-08 00:24:14
23,14,9,1567.3,2025-12-08 00:23:15,45110.0,,23,14,9,1676.724487,2025-12-08 00:24:15
23,15,9,1564.5,2025-12-08 00:23:16,44109.0,,23,15,9,1681.340088,2025-12-08 00:24:16
23,16,9,1568.7,2025-12-08 00:23:17,43108.0,,23,16,9,1685.996704,2025-12-08 00:24:17
23,17,9,1564.6,2025-12-08 00:23:18,42107.0,,23,17,9,1690.691284,2025-12-08 00:24:18
23,18,9,1573.0,2025-12-08 00:23:19,41105.0,,23,18,9,1695.422119,2025-12-08 00:24:19
23,19,9,1573.5,2025-12-08 00:23:20,40104.0,,23,19,9,1700.185181,2025-12-08 00:24:20
23,20,9,1573.1,2025-12-08 00:23:21,39103.0,,23,20,9,1704.978149,2025-12-08 00:24:21
23,21,9,1564.1,2025-12-08 00:23:22,38101.0,,23,21,9,1709.797607,2025-12-08 00:24:22
23,22,9,1569.0,2025-12-08 00:23:23,37101.0,,23,22,9,1714.641235,2025-12-08 00:24:23
23,23,9,1566.4,2025-12-08 00:23:24,36099.0,,23,23,9,1719.503052,2025-12-08 00:24:24
23,24,9,1566.9,2025-12-08 00:23:25,35097.0,,23,24,9,1724.380005,2025-12-08 00:24:25
23,25,9,1567.8,2025-12-08 00:23:26,34096.0,,23,25,9,1729.2677,2025-12-08 00:24:26
23,26,9,1572.2,2025-12-08 00:23:27,33094.0,,23,26,9,1734.162109,2025-12-08 00:24:27
23,27,9,1572.6,2025-12-08 00:23:28,32090.0,,23,27,9,1739.05835,2025-12-08 00:24:28
23,28,9,1574.2,2025-12-08 00:23:29,31089.0,,23,28,9,1743.952759,2025-12-08 00:24:29
23,29,9,1583.3,2025-12-08 00:23:30,30083.0,,23,29,9,1748.840454,2025-12-08 00:24:30
23,30,9,1569.3,2025-12-08 00:23:31,29082.0,,23,30,9,1753.716187,2025-12-08 00:24:31
23,31,9,1574.8,2025-12-08 00:23:32,28078.0,,23,31,9,1758.577881,2025-12-08 00:24:32
23,32,9,1576.0,2025-12-08 00:23:33,27076.0,,23,32,9,1763.418457,2025-12-08 00:24:33
23,33,9,1574.5,2025-12-08 00:23:34,26072.0,,23,33,9,1768.233765,2025-12-08 00:24:34
23,34,9,1574.9,2025-12-08 00:23:35,25061.0,,23,34,9,1773.019531,2025-12-08 00:24:35
23,35,9,1573.9,2025-12-08 00:23:36,24059.0,,23,35,9,1777.771118,2025-12-08 00:24:36
23,36,9,1575.1,2025-12-08 00:23:37,23058.0,,23,36,9,1782.483765,2025-12-08 00:24:37
23,37,9,1577.2,2025-12-08 00:23:38,22057.0,,23,37,9,1787.152954,2025-12-08 00:24:38
23,38,9,1579.9,2025-12-08 00:23:39,21053.0,,23,38,9,1791.77478,2025-12-08 00:24:39
23,39,9,1576.5,2025-12-08 00:23:40,20052.0,,23,39,9,1796.344482,2025-12-08 00:24:40
23,40,9,1579.2,2025-12-08 00:23:41,19051.0,,23,40,9,1800.858887,2025-12-08 00:24:41
23,41,9,1576.0,2025-12-08 00:23:42,18050.0,,23,41,9,1805.313232,2025-12-08 00:24:42
23,42,9,1577.9,2025-12-08 00:23:43,17049.0,,23,42,9,1809.704712,2025-12-08 00:24:43
23,43,9,1590.5,2025-12-08 00:23:44,16048.0,,23,43,9,1814.029419,2025-12-08 00:24:44
23,44,9,1575.8,2025-12-08 00:23:45,15046.0,,23,44,9,1818.283081,2025-12-08 00:24:45
23,45,9,1576.3,2025-12-08 00:23:46,14045.0,,23,45,9,1822.465088,2025-12-08 00:24:46
23,46,9,1580.6,2025-12-08 00:23:47,13044.0,,23,46,9,1826.571411,2025-12-08 00:24:47
23,47,9,1577.0,2025-12-08 00:23:48,12042.0,,23,47,9,1830.598877,2025-12-08 00:24:48
23,48,9,1578.2,2025-12-08 00:23:49,11039.0,,23,48,9,1834.546021,2025-12-08 00:24:49
23,49,9,1581.7,2025-12-08 00:23:50,10038.0,,23,49,9,1838.409546,2025-12-08 00:24:50
23,50,9,1580.3,2025-12-08 00:23:51,9037.0,,23,50,9,1842.188721,2025-12-08 00:24:51
23,51,9,1578.3,2025-12-08 00:23:52,8035.0,,23,51,9,1845.881714,2025-12-08 00:24:52
23,52,9,1579.1,2025-12-08 00:23:53,7032.0,,23,52,9,1849.487549,2025-12-08 00:24:53
23,53,9,1582.4,2025-12-08 00:23:54,6031.0,,23,53,9,1853.004639,2025-12-08 00:24:54
23,54,9,1578.1,2025-12-08 00:23:55,5029.0,,23,54,9,1856.432251,2025-12-08 00:24:55
23,55,9,1581.8,2025-12-08 00:23:56,4028.0,,23,55,9,1859.769775,2025-12-08 00:24:56
23,56,9,1580.8,2025-12-08 00:23:57,3022.0,,23,56,9,1863.01709,2025-12-08 00:24:57
23,57,9,1578.9,2025-12-08 00:23:58,2021.0,,23,57,9,1866.174072,2025-12-08 00:24:58
23,58,9,1581.7,2025-12-08 00:23:59,1019.0,,23,58,9,1869.241089,2025-12-08 00:24:59
23,59,9,1590.9,2025-12-08 00:24:00,13.0,,23,59,9,1872.217773,2025-12-08 00:25:00
24,0,9,1580.0,2025-12-08 00:24:01,59381.0,,24,0,9,1319.414551,2025-12-08 00:25:01
24,1,9,1583.7,2025-12-08 00:24:02,58379.0,,24,1,9,1314.324707,2025-12-08 00:25:02
24,2,9,1584.1,2025-12-08 00:24:03,57378.0,,24,2,9,1306.963501,2025-12-08 00:25:03
24,3,9,1587.2,2025-12-08 00:24:04,56375.0,,24,3,9,1302.61438,2025-12-08 00:25:04
24,4,9,1587.4,2025-12-08 00:24:05,55375.0,,24,4,9,1300.181763,2025-12-08 00:25:05
24,5,9,1585.8,2025-12-08 00:24:06,54373.0,,24,5,9,1298.86377,2025-12-08 00:25:06
24,6,9,1578.7,2025-12-08 00:24:07,53372.0,,24,6,9,1298.200073,2025-12-08 00:25:07
24,7,9,1582.3,2025-12-08 00:24:08,52371.0,,24,7,9,1297.937622,2025-12-08 00:25:08
24,8,9,1588.2,2025-12-08 00:24:09,51367.0,,24,8,9,1297.939575,2025-12-08 00:25:09
24,9,9,1583.0,2025-12-08 00:24:10,50364.0,,24,9,9,1298.13501,2025-12-08 00:25:10
24,10,9,1582.9,2025-12-08 00:24:11,49360.0,,24,10,9,1298.488647,2025-12-08 00:25:11
24,11,9,1582.1,2025-12-08 00:24:12,48359.0,,24,11,9,1298.97998,2025-12-08 00:25:12
24,12,9,1586.2,2025-12-08 00:24:13,47358.0,,24,12,9,1299.596558,2025-12-08 00:25:13
24,13,9,1585.0,2025-12-08 00:24:14,46357.0,,24,13,9,1300.328491,2025-12-08 00:25:14
24,14,9,1593.4,2025-12-08 00:24:15,45355.0,,24,14,9,1301.16748,2025-12-08 00:25:15
24,15,9,1586.3,2025-12-08 00:24:16,44354.0,,24,15,9,1302.10376,2025-12-08 00:25:16
24,16,9,1589.0,2025-12-08 00:24:17,43353.0,,24,16,9,1303.128296,2025-12-08 00:25:17
24,17,9,1592.0,2025-12-08 00:24:18,42350.0,,24,17,9,1304.230835,2025-12-08 00:25:18
24,18,9,1592.6,2025-12-08 00:24:19,41347.0,,24,18,9,1305.401489,2025-12-08 00:25:19
24,19,9,1594.0,2025-12-08 00:24:20,40344.0,,24,19,9,1306.630737,2025-12-08 00:25:20
24,20,9,1589.6,2025-12-08 00:24:21,39342.0,,24,20,9,1307.909424,2025-12-08 00:25:21
24,21,9,1588.7,2025-12-08 00:24:22,38340.0,,24,21,9,1309.229004,2025-12-08 00:25:22
24,22,9,1593.7,2025-12-08 00:24:23,37336.0,,24,22,9,1310.581543,2025-12-08 00:25:23
24,23,9,1588.4,2025-12-08 00:24:24,36330.0,,24,23,9,1311.959839,2025-12-08 00:25:24
24,24,9,1589.9,2025-12-08 00:24:25,35329.0,,24,24,9,1313.357422,2025-12-08 00:25:25
24,25,9,1591.3,2025-12-08 00:24:26,34326.0,,24,25,9,1314.769043,2025-12-08 00:25:26
24,26,9,1589.7,2025-12-08 00:24:27,33323.0,,24,26,9,1316.189331,2025-12-08 00:25:27
24,27,9,1591.5,2025-12-08 00:24:28,32322.0,,24,27,9,1317.614014,2025-12-08 00:25:28
24,28,9,1595.1,2025-12-08 00:24:29,31321.0,,24,28,9,1319.039429,2025-12-08 00:25:29
24,29,9,1588.5,2025-12-08 00:24:30,30310.0,,24,29,9,1320.462402,2025-12-08 00:25:30
24,30,9,1590.7,2025-12-08 00:24:31,29308.0,,24,30,9,1321.879395,2025-12-08 00:25:31
24,31,9,1595.9,2025-12-08 00:24:32,28307.0,,24,31,9,1323.28894,2025-12-08 00:25:32
24,32,9,1592.4,2025-12-08 00:24:33,27306.0,,24,32,9,1324.688721,2025-12-08 00:25:33
24,33,9,1595.3,2025-12-08 00:24:34,26305.0,,24,33,9,1326.076782,2025-12-08 00:25:34
24,34,9,1597.9,2025-12-08 00:24:35,25304.0,,24,34,9,1327.45166,2025-12-08 00:25:35
24,35,9,1596.8,2025-12-08 00:24:36,24303.0,,24,35,9,1328.8125,2025-12-08 00:25:36
24,36,9,1600.8,2025-12-08 00:24:37,23302.0,,24,36,9,1330.157837,2025-12-08 00:25:37
24,37,9,1598.2,2025-12-08 00:24:38,22299.0,,24,37,9,1331.487061,2025-12-08 00:25:38
24,38,9,1597.8,2025-12-08 00:24:39,21298.0,,24,38,9,1332.79895,2025-12-08 00:25:39
24,39,9,1596.7,2025-12-08 00:24:40,20297.0,,24,39,9,1334.093018,2025-12-08 00:25:40
24,40,9,1600.5,2025-12-08 00:24:41,19294.0,,24,40,9,1335.368408,2025-12-08 00:25:41
24,41,9,1599.0,2025-12-08 00:24:42,18292.0,,24,41,9,1336.625366,2025-12-08 00:25:42
24,42,9,1598.4,2025-12-08 00:24:43,17291.0,,24,42,9,1337.862549,2025-12-08 00:25:43
24,43,9,1600.3,2025-12-08 00:24:44,16290.0,,24,43,9,1339.079834,2025-12-08 00:25:44
24,44,9,1600.6,2025-12-08 00:24:45,15289.0,,24,44,9,1340.276611,2025-12-08 00:25:45
24,45,9,1605.5,2025-12-08 00:24:46,14287.0,,24,45,9,1341.452515,2025-12-08 00:25:46
24,46,9,1603.9,2025-12-08 00:24:47,13281.0,,24,46,9,1342.607666,2025-12-08 00:25:47
24,47,9,1601.1,2025-12-08 00:24:48,12277.0,,24,47,9,1343.740967,2025-12-08 00:25:48
24,48,9,1603.3,2025-12-08 00:24:49,11276.0,,24,48,9,1344.852539,2025-12-08 00:25:49
24,49,9,1604.1,2025-12-08 00:24:50,10274.0,,24,49,9,1345.942749,2025-12-08 00:25:50
24,50,9,1603.8,2025-12-08 00:24:51,9272.0,,24,50,9,1347.011597,2025-12-08 00:25:51
24,51,9,1430.7,2025-12-08 00:24:52,8268.0,,24,51,9,1348.059814,2025-12-08 00:25:52
24,52,9,1434.9,2025-12-08 00:24:53,7264.0,,24,52,9,1349.084351,2025-12-08 00:25:53
24,53,9,1443.1,2025-12-08 00:24:54,6253.0,,24,53,9,1350.092773,2025-12-08 00:25:54
24,54,9,1452.6,2025-12-08 00:24:55,5250.0,,24,54,9,1351.086426,2025-12-08 00:25:55
24,55,9,1413.4,2025-12-08 00:24:56,4234.0,,24,55,9,1352.065918,2025-12-08 00:25:56
24,56,9,704.8,2025-12-08 00:24:57,3226.0,,24,56,9,1353.031738,2025-12-08 00:25:57
24,57,9,703.6,2025-12-08 00:24:58,2225.0,,24,57,9,1353.970703,2025-12-08 00:25:58
24,58,9,710.3,2025-12-08 00:24:59,1223.0,,24,58,9,1354.901611,2025-12-08 00:25:59
24,59,9,960.0,2025-12-08 00:25:00,169.0,,24,59,9,1355.824829,2025-12-08 00:26:00
25,0,9,722.9,2025-12-08 00:25:01,60198.0,,25,0,9,1001.184753,2025-12-08 00:26:01
25,1,9,713.3,2025-12-08 00:25:02,59194.0,,25,1,9,1017.325867,2025-12-08 00:26:02
25,2,9,713.5,2025-12-08 00:25:03,58097.0,,25,2,9,1033.4552,2025-12-08 00:26:03
25,3,9,711.6,2025-12-08 00:25:04,57084.0,,25,3,9,1050.280762,2025-12-08 00:26:04
25,4,9,710.7,2025-12-08 00:25:05,55998.0,,25,4,9,1067.226562,2025-12-08 00:26:05
25,5,9,713.5,2025-12-08 00:25:06,54994.0,,25,5,9,1083.908813,2025-12-08 00:26:06
25,6,9,714.3,2025-12-08 00:25:07,53991.0,,25,6,9,1100.082397,2025-12-08 00:26:07
25,7,9,714.5,2025-12-08 00:25:08,52989.0,,25,7,9,1115.595825,2025-12-08 00:26:08
25,8,9,714.5,2025-12-08 00:25:09,51710.0,,25,8,9,1130.361206,2025-12-08 00:26:09
25,9,9,714.0,2025-12-08 00:25:10,50224.0,,25,9,9,1144.332886,2025-12-08 00:26:10
25,10,9,715.9,2025-12-08 00:25:11,49223.0,,25,10,9,1157.494385,2025-12-08 00:26:11
25,11,9,712.0,2025-12-08 00:25:12,48221.0,,25,11,9,1169.849487,2025-12-08 00:26:12
25,12,9,713.8,2025-12-08 00:25:13,47219.0,,25,12,9,1181.415039,2025-12-08 00:26:13
25,13,9,716.8,2025-12-08 00:25:14,46200.0,,25,13,9,1192.217407,2025-12-08 00:26:14
25,14,9,713.9,2025-12-08 00:25:15,45197.0,,25,14,9,1202.289062,2025-12-08 00:26:15
25,15,9,716.5,2025-12-08 00:25:16,44195.0,,25,15,9,1211.66687,2025-12-08 00:26:16
25,16,9,713.4,2025-12-08 00:25:17,43193.0,,25,16,9,1220.389648,2025-12-08 00:26:17
25,17,9,713.0,2025-12-08 00:25:18,42191.0,,25,17,9,1228.498047,2025-12-08 00:26:18
25,18,9,718.8,2025-12-08 00:25:19,41186.0,,25,18,9,1236.032104,2025-12-08 00:26:19
25,19,9,718.4,2025-12-08 00:25:20,40180.0,,25,19,9,1243.031494,2025-12-08 00:26:20
25,20,9,713.0,2025-12-08 00:25:21,39177.0,,25,20,9,1249.535034,2025-12-08 00:26:21
25,21,9,715.2,2025-12-08 00:25:22,38174.0,,25,21,9,1255.580322,2025-12-08 00:26:22
25,22,9,716.6,2025-12-08 00:25:23,37166.0,,25,22,9,1261.202393,2025-12-08 00:26:23
25,23,9,713.3,2025-12-08 00:25:24,36150.0,,25,23,9,1266.435059,2025-12-08 00:26:24
25,24,9,713.6,2025-12-08 00:25:25,35138.0,,25,24,9,1271.309937,2025-12-08 00:26:25
25,25,9,718.1,2025-12-08 00:25:26,34127.0,,25,25,9,1275.856323,2025-12-08 00:26:26
25,26,9,703.2,2025-12-08 00:25:27,33126.0,,25,26,9,1280.101562,2025-12-08 00:26:27
25,27,9,702.3,2025-12-08 00:25:28,32125.0,,25,27,9,1284.071533,2025-12-08 00:26:28
25,28,9,600.2,2025-12-08 00:25:29,31123.0,,25,28,9,1287.789307,2025-12-08 00:26:29
25,29,9,593.6,2025-12-08 00:25:30,30121.0,,25,29,9,1291.278687,2025-12-08 00:26:30
25,30,9,721.1,2025-12-08 00:25:31,29114.0,,25,30,9,1294.557495,2025-12-08 00:26:31
25,31,9,618.1,2025-12-08 00:25:32,28108.0,,25,31,9,1297.640869,2025-12-08 00:26:32
25,32,9,612.4,2025-12-08 00:25:33,27107.0,,25,32,9,1300.550293,2025-12-08 00:26:33
25,33,9,613.1,2025-12-08 00:25:34,26105.0,,25,33,9,1303.299072,2025-12-08 00:26:34
25,34,9,610.6,2025-12-08 00:25:35,25098.0,,25,34,9,1305.900635,2025-12-08 00:26:35
25,35,9,610.5,2025-12-08 00:25:36,24097.0,,25,35,9,1308.367676,2025-12-08 00:26:36
25,36,9,608.5,2025-12-08 00:25:37,23096.0,,25,36,9,1310.71167,2025-12-08 00:26:37
25,37,9,608.5,2025-12-08 00:25:38,22094.0,,25,37,9,1312.942871,2025-12-08 00:26:38
25,38,9,607.4,2025-12-08 00:25:39,21091.0,,25,38,9,1315.070923,2025-12-08 00:26:39
25,39,9,609.2,2025-12-08 00:25:40,20090.0,,25,39,9,1317.104004,2025-12-08 00:26:40
25,40,9,616.7,2025-12-08 00:25:41,19089.0,,25,40,9,1319.050293,2025-12-08 00:26:41
25,41,9,612.8,2025-12-08 00:25:42,18088.0,,25,41,9,1320.916504,2025-12-08 00:26:42
25,42,9,613.6,2025-12-08 00:25:43,17083.0,,25,42,9,1322.709229,2025-12-08 00:26:43
25,43,9,618.8,2025-12-08 00:25:44,16076.0,,25,43,9,1324.434082,2025-12-08 00:26:44
25,44,9,614.3,2025-12-08 00:25:45,15050.0,,25,44,9,1326.096313,2025-12-08 00:26:45
25,45,9,616.0,2025-12-08 00:25:46,14048.0,,25,45,9,1327.70105,2025-12-08 00:26:46
25,46,9,638.7,2025-12-08 00:25:47,13045.0,,25,46,9,1329.252197,2025-12-08 00:26:47
25,47,9,686.1,2025-12-08 00:25:48,12043.0,,25,47,9,1330.75354,2025-12-08 00:26:48
25,48,9,726.7,2025-12-08 00:25:49,11042.0,,25,48,9,1332.208008,2025-12-08 00:26:49
25,49,9,735.7,2025-12-08 00:25:50,10023.0,,25,49,9,1333.619019,2025-12-08 00:26:50
25,50,9,734.6,2025-12-08 00:25:51,9022.0,,25,50,9,1334.98999,2025-12-08 00:26:51
25,51,9,735.8,2025-12-08 00:25:52,8021.0,,25,51,9,1336.323853,2025-12-08 00:26:52
25,52,9,734.8,2025-12-08 00:25:53,7020.0,,25,52,9,1337.622925,2025-12-08 00:26:53
25,53,9,737.2,2025-12-08 00:25:54,6019.0,,25,53,9,1338.889526,2025-12-08 00:26:54
25,54,9,738.3,2025-12-08 00:25:55,5018.0,,25,54,9,1340.125854,2025-12-08 00:26:55
25,55,9,736.1,2025-12-08 00:25:56,4017.0,,25,55,9,1341.333984,2025-12-08 00:26:56
25,56,9,736.8,2025-12-08 00:25:57,3015.0,,25,56,9,1342.515503,2025-12-08 00:26:57
25,57,9,742.6,2025-12-08 00:25:58,2014.0,,25,57,9,1343.672363,2025-12-08 00:26:58
25,58,9,740.7,2025-12-08 00:25:59,1013.0,,25,58,9,1344.805908,2025-12-08 00:26:59
25,59,9,740.7,2025-12-08 00:26:00,9.0,,25,59,9,1345.917603,2025-12-08 00:27:00
26,0,9,741.1,2025-12-08 00:26:01,59116.0,,26,0,9,1004.721191,2025-12-08 00:27:01
26,1,9,741.8,2025-12-08 00:26:02,58115.0,,26,1,9,1019.812927,2025-12-08 00:27:02
26,2,9,741.3,2025-12-08 00:26:03,57113.0,,26,2,9,1035.017456,2025-12-08 00:27:03
26,3,9,742.9,2025-12-08 00:26:04,56111.0,,26,3,9,1051.020142,2025-12-08 00:27:04
26,4,9,741.6,2025-12-08 00:26:05,55097.0,,26,4,9,1067.244263,2025-12-08 00:27:05
26,5,9,740.2,2025-12-08 00:26:06,54096.0,,26,5,9,1083.301636,2025-12-08 00:27:06
26,6,9,741.8,2025-12-08 00:26:07,53095.0,,26,6,9,1098.94104,2025-12-08 00:27:07
26,7,9,742.5,2025-12-08 00:26:08,52094.0,,26,7,9,1114.00415,2025-12-08 00:27:08
26,8,9,740.7,2025-12-08 00:26:09,51092.0,,26,8,9,1128.39502,2025-12-08 00:27:09
26,9,9,742.7,2025-12-08 00:26:10,50088.0,,26,9,9,1142.060669,2025-12-08 00:27:10
26,10,9,740.4,2025-12-08 00:26:11,49087.0,,26,10,9,1154.977173,2025-12-08 00:27:11
26,11,9,741.1,2025-12-08 00:26:12,48086.0,,26,11,9,1167.140747,2025-12-08 00:27:12
26,12,9,743.6,2025-12-08 00:26:13,47085.0,,26,12,9,1178.561279,2025-12-08 00:27:13
26,13,9,744.3,2025-12-08 00:26:14,46084.0,,26,13,9,1189.259155,2025-12-08 00:27:14
26,14,9,741.7,2025-12-08 00:26:15,45083.0,,26,14,9,1199.260742,2025-12-08 00:27:15
26,15,9,747.7,2025-12-08 00:26:16,44082.0,,26,15,9,1208.5979,2025-12-08 00:27:16
26,16,9,741.2,2025-12-08 00:26:17,43081.0,,26,16,9,1217.304565,2025-12-08 00:27:17
26,17,9,739.3,2025-12-08 00:26:18,42080.0,,26,17,9,1225.41687,2025-12-08 00:27:18
26,18,9,745.4,2025-12-08 00:26:19,41077.0,,26,18,9,1232.97168,2025-12-08 00:27:19
26,19,9,752.3,2025-12-08 00:26:20,40076.0,,26,19,9,1240.005005,2025-12-08 00:27:20
26,20,9,751.8,2025-12-08 00:26:21,39074.0,,26,20,9,1246.553345,2025-12-08 00:27:21
26,21,9,742.5,2025-12-08 00:26:22,38072.0,,26,21,9,1252.651245,2025-12-08 00:27:22
26,22,9,754.5,2025-12-08 00:26:23,37072.0,,26,22,9,1258.332642,2025-12-08 00:27:23
26,23,9,738.9,2025-12-08 00:26:24,36070.0,,26,23,9,1263.628784,2025-12-08 00:27:24
26,24,9,742.3,2025-12-08 00:26:25,35069.0,,26,24,9,1268.570557,2025-12-08 00:27:25
26,25,9,748.3,2025-12-08 00:26:26,34067.0,,26,25,9,1273.185913,2025-12-08 00:27:26
26,26,9,745.4,2025-12-08 00:26:27,33066.0,,26,26,9,1277.501099,2025-12-08 00:27:27
26,27,9,745.7,2025-12-08 00:26:28,32064.0,,26,27,9,1281.540771,2025-12-08 00:27:28
26,28,9,746.5,2025-12-08 00:26:29,31063.0,,26,28,9,1285.328003,2025-12-08 00:27:29
26,29,9,742.3,2025-12-08 00:26:30,30060.0,,26,29,9,1288.883667,2025-12-08 00:27:30
26,30,9,742.9,2025-12-08 00:26:31,29058.0,,26,30,9,1292.227295,2025-12-08 00:27:31
26,31,9,741.1,2025-12-08 00:26:32,28056.0,,26,31,9,1295.376709,2025-12-08 00:27:32
26,32,9,743.0,2025-12-08 00:26:33,27055.0,,26,32,9,1298.348145,2025-12-08 00:27:33
26,33,9,743.1,2025-12-08 00:26:34,26053.0,,26,33,9,1301.15686,2025-12-08 00:27:34
26,34,9,743.9,2025-12-08 00:26:35,25050.0,,26,34,9,1303.81604,2025-12-08 00:27:35
26,35,9,742.0,2025-12-08 00:26:36,24048.0,,26,35,9,1306.338745,2025-12-08 00:27:36
26,36,9,742.7,2025-12-08 00:26:37,23047.0,,26,36,9,1308.735962,2025-12-08 00:27:37
26,37,9,745.5,2025-12-08 00:26:38,22046.0,,26,37,9,1311.018066,2025-12-08 00:27:38
26,38,9,741.7,2025-12-08 00:26:39,21044.0,,26,38,9,1313.194824,2025-12-08 00:27:39
26,39,9,741.4,2025-12-08 00:26:40,20040.0,,26,39,9,1315.274536,2025-12-08 00:27:40
26,40,9,741.6,2025-12-08 00:26:41,19037.0,,26,40,9,1317.265015,2025-12-08 00:27:41
26,41,9,741.8,2025-12-08 00:26:42,18033.0,,26,41,9,1319.173462,2025-12-08 00:27:42
26,42,9,745.7,2025-12-08 00:26:43,17032.0,,26,42,9,1321.006348,2025-12-08 00:27:43
26,43,9,747.0,2025-12-08 00:26:44,16031.0,,26,43,9,1322.769287,2025-12-08 00:27:44
26,44,9,744.5,2025-12-08 00:26:45,15030.0,,26,44,9,1324.467773,2025-12-08 00:27:45
26,45,9,742.8,2025-12-08 00:26:46,14029.0,,26,45,9,1326.106689,2025-12-08 00:27:46
26,46,9,744.7,2025-12-08 00:26:47,13027.0,,26,46,9,1327.690186,2025-12-08 00:27:47
26,47,9,742.2,2025-12-08 00:26:48,12025.0,,26,47,9,1329.222534,2025-12-08 00:27:48
26,48,9,751.3,2025-12-08 00:26:49,11023.0,,26,48,9,1330.707275,2025-12-08 00:27:49
26,49,9,743.7,2025-12-08 00:26:50,10022.0,,26,49,9,1332.147705,2025-12-08 00:27:50
26,50,9,742.9,2025-12-08 00:26:51,9020.0,,26,50,9,1333.546997,2025-12-08 00:27:51
26,51,9,743.2,2025-12-08 00:26:52,8019.0,,26,51,9,1334.907959,2025-12-08 00:27:52
26,52,9,742.6,2025-12-08 00:26:53,7018.0,,26,52,9,1336.23291,2025-12-08 00:27:53
26,53,9,744.4,2025-12-08 00:26:54,6016.0,,26,53,9,1337.524536,2025-12-08 00:27:54
26,54,9,752.9,2025-12-08 00:26:55,5016.0,,26,54,9,1338.784668,2025-12-08 00:27:55
26,55,9,745.1,2025-12-08 00:26:56,4015.0,,26,55,9,1340.015503,2025-12-08 00:27:56
26,56,9,744.6,2025-12-08 00:26:57,3014.0,,26,56,9,1341.218994,2025-12-08 00:27:57
26,57,9,743.8,2025-12-08 00:26:58,2013.0,,26,57,9,1342.396851,2025-12-08 00:27:58
26,58,9,742.0,2025-12-08 00:26:59,1012.0,,26,58,9,1343.550415,2025-12-08 00:27:59
26,59,9,754.5,2025-12-08 00:27:00,11.0,,26,59,9,1344.681519,2025-12-08 00:28:00
27,0,9,749.9,2025-12-08 00:27:01,59134.0,,27,0,9,1004.179565,2025-12-08 00:28:01
27,1,9,746.8,2025-12-08 00:27:02,58133.0,,27,1,9,1019.307251,2025-12-08 00:28:02
27,2,9,747.7,2025-12-08 00:27:03,57132.0,,27,2,9,1034.567261,2025-12-08 00:28:03
27,3,9,757.1,2025-12-08 00:27:04,56131.0,,27,3,9,1050.616211,2025-12-08 00:28:04
27,4,9,745.4,2025-12-08 00:27:05,55130.0,,27,4,9,1066.880005,2025-12-08 00:28:05
27,5,9,743.8,2025-12-08 00:27:06,54129.0,,27,5,9,1082.972778,2025-12-08 00:28:06
27,6,9,748.8,2025-12-08 00:27:07,53128.0,,27,6,9,1098.644409,2025-12-08 00:28:07
27,7,9,743.0,2025-12-08 00:27:08,52127.0,,27,7,9,1113.736938,2025-12-08 00:28:08
27,8,9,740.6,2025-12-08 00:27:09,51126.0,,27,8,9,1128.155151,2025-12-08 00:28:09
27,9,9,743.5,2025-12-08 00:27:10,50120.0,,27,9,9,1141.846069,2025-12-08 00:28:10
27,10,9,741.4,2025-12-08 00:27:11,49119.0,,27,10,9,1154.785889,2025-12-08 00:28:11
27,11,9,741.0,2025-12-08 00:27:12,48118.0,,27,11,9,1166.970947,2025-12-08 00:28:12
27,12,9,741.6,2025-12-08 00:27:13,47117.0,,27,12,9,1178.411255,2025-12-08 00:28:13
27,13,9,745.4,2025-12-08 00:27:14,46115.0,,27,13,9,1189.127075,2025-12-08 00:28:14
27,14,9,741.9,2025-12-08 00:27:15,45114.0,,27,14,9,1199.144897,2025-12-08 00:28:15
27,15,9,740.6,2025-12-08 00:27:16,44113.0,,27,15,9,1208.496826,2025-12-08 00:28:16
27,16,9,746.0,2025-12-08 00:27:17,43112.0,,27,16,9,1217.216919,2025-12-08 00:28:17
27,17,9,744.5,2025-12-08 00:27:18,42111.0,,27,17,9,1225.341064,2025-12-08 00:28:18
27,18,9,750.3,2025-12-08 00:27:19,41110.0,,27,18,9,1232.906494,2025-12-08 00:28:19
27,19,9,748.5,2025-12-08 00:27:20,40108.0,,27,19,9,1239.949341,2025-12-08 00:28:20
27,20,9,743.5,2025-12-08 00:27:21,39107.0,,27,20,9,1246.506104,2025-12-08 00:28:21
27,21,9,742.2,2025-12-08 00:27:22,38106.0,,27,21,9,1252.611816,2025-12-08 00:28:22
27,22,9,744.6,2025-12-08 00:27:23,37105.0,,27,22,9,1258.299805,2025-12-08 00:28:23
27,23,9,744.5,2025-12-08 00:27:24,36104.0,,27,23,9,1263.602051,2025-12-08 00:28:24
27,24,9,743.2,2025-12-08 00:27:25,35102.0,,27,24,9,1268.54895,2025-12-08 00:28:25
27,25,9,744.5,2025-12-08 00:27:26,34098.0,,27,25,9,1273.168701,2025-12-08 00:28:26
27,26,9,746.2,2025-12-08 00:27:27,33096.0,,27,26,9,1277.487915,2025-12-08 00:28:27
27,27,9,748.0,2025-12-08 00:27:28,32094.0,,27,27,9,1281.531128,2025-12-08 00:28:28
27,28,9,750.4,2025-12-08 00:27:29,31091.0,,27,28,9,1285.321289,2025-12-08 00:28:29
27,29,9,749.3,2025-12-08 00:27:30,30088.0,,27,29,9,1288.879517,2025-12-08 00:28:30
27,30,9,750.8,2025-12-08 00:27:31,29087.0,,27,30,9,1292.225464,2025-12-08 00:28:31
27,31,9,750.6,2025-12-08 00:27:32,28085.0,,27,31,9,1295.376587,2025-12-08 00:28:32
27,32,9,750.6,2025-12-08 00:27:33,27082.0,,27,32,9,1298.349609,2025-12-08 00:28:33
27,33,9,748.6,2025-12-08 00:27:34,26081.0,,27,33,9,1301.159546,2025-12-08 00:28:34
27,34,9,748.7,2025-12-08 00:27:35,25080.0,,27,34,9,1303.819946,2025-12-08 00:28:35
27,35,9,746.3,2025-12-08 00:27:36,24078.0,,27,35,9,1306.343506,2025-12-08 00:28:36
27,36,9,747.7,2025-12-08 00:27:37,23076.0,,27,36,9,1308.741577,2025-12-08 00:28:37
27,37,9,749.4,2025-12-08 00:27:38,22075.0,,27,37,9,1311.024658,2025-12-08 00:28:38
27,38,9,746.9,2025-12-08 00:27:39,21071.0,,27,38,9,1313.201782,2025-12-08 00:28:39
27,39,9,748.0,2025-12-08 00:27:40,20069.0,,27,39,9,1315.281982,2025-12-08 00:28:40
27,40,9,748.0,2025-12-08 00:27:41,19065.0,,27,40,9,1317.272827,2025-12-08 00:28:41
27,41,9,753.4,2025-12-08 00:27:42,18064.0,,27,41,9,1319.181519,2025-12-08 00:28:42
27,42,9,745.1,2025-12-08 00:27:43,17061.0,,27,42,9,1321.014404,2025-12-08 00:28:43
27,43,9,744.9,2025-12-08 00:27:44,16058.0,,27,43,9,1322.777466,2025-12-08 00:28:44
27,44,9,740.0,2025-12-08 00:27:45,15057.0,,27,44,9,1324.476196,2025-12-08 00:28:45
27,45,9,740.3,2025-12-08 00:27:46,14057.0,,27,45,9,1326.115234,2025-12-08 00:28:46
27,46,9,744.0,2025-12-08 00:27:47,13055.0,,27,46,9,1327.698853,2025-12-08 00:28:47
27,47,9,744.4,2025-12-08 00:27:48,12053.0,,27,47,9,1329.231323,2025-12-08 00:28:48
27,48,9,745.3,2025-12-08 00:27:49,11051.0,,27,48,9,1330.716064,2025-12-08 00:28:49
27,49,9,748.7,2025-12-08 00:27:50,10049.0,,27,49,9,1332.156616,2025-12-08 00:28:50
27,50,9,741.7,2025-12-08 00:27:51,9047.0,,27,50,9,1333.555786,2025-12-08 00:28:51
27,51,9,743.6,2025-12-08 00:27:52,8046.0,,27,51,9,1334.916626,2025-12-08 00:28:52
27,52,9,741.6,2025-12-08 00:27:53,7044.0,,27,52,9,1336.241699,2025-12-08 00:28:53
27,53,9,741.7,2025-12-08 00:27:54,6042.0,,27,53,9,1337.533203,2025-12-08 00:28:54
27,54,9,744.7,2025-12-08 00:27:55,5030.0,,27,54,9,1338.793457,2025-12-08 00:28:55
27,55,9,741.9,2025-12-08 00:27:56,4029.0,,27,55,9,1340.024292,2025-12-08 00:28:56
27,56,9,740.7,2025-12-08 00:27:57,3026.0,,27,56,9,1341.227783,2025-12-08 00:28:57
27,57,9,742.6,2025-12-08 00:27:58,2024.0,,27,57,9,1342.40564,2025-12-08 00:28:58
27,58,9,743.3,2025-12-08 00:27:59,1022.0,,27,58,9,1343.559204,2025-12-08 00:28:59
27,59,9,758.2,2025-12-08 00:28:00,19.0,,27,59,9,1344.690308,2025-12-08 00:29:00
28,0,9,742.9,2025-12-08 00:28:01,59985.0,,28,0,9,1003.568542,2025-12-08 00:29:01
28,1,9,743.0,2025-12-08 00:28:02,58977.0,,28,1,9,1018.740234,2025-12-08 00:29:02
28,2,9,743.2,2025-12-08 00:28:03,57973.0,,28,2,9,1034.006958,2025-12-08 00:29:03
28,3,9,743.5,2025-12-08 00:28:04,56964.0,,28,3,9,1050.078369,2025-12-08 00:29:04
28,4,9,757.6,2025-12-08 00:28:05,55946.0,,28,4,9,1066.374023,2025-12-08 00:29:05
28,5,9,744.9,2025-12-08 00:28:06,54941.0,,28,5,9,1082.503418,2025-12-08 00:29:06
28,6,9,744.5,2025-12-08 00:28:07,53938.0,,28,6,9,1098.213745,2025-12-08 00:29:07
28,7,9,745.7,2025-12-08 00:28:08,52935.0,,28,7,9,1113.345093,2025-12-08 00:29:08
28,8,9,741.9,2025-12-08 00:28:09,51934.0,,28,8,9,1127.800903,2025-12-08 00:29:09
28,9,9,745.5,2025-12-08 00:28:10,50930.0,,28,9,9,1141.527954,2025-12-08 00:29:10
28,10,9,746.5,2025-12-08 00:28:11,49800.0,,28,10,9,1154.501465,2025-12-08 00:29:11
28,11,9,743.9,2025-12-08 00:28:12,48794.0,,28,11,9,1166.717529,2025-12-08 00:29:12
28,12,9,743.4,2025-12-08 00:28:13,47793.0,,28,12,9,1178.186768,2025-12-08 00:29:13
28,13,9,743.9,2025-12-08 00:28:14,46580.0,,28,13,9,1188.928833,2025-12-08 00:29:14
28,14,9,741.4,2025-12-08 00:28:15,45247.0,,28,14,9,1198.970825,2025-12-08 00:29:15
28,15,9,744.1,2025-12-08 00:28:16,44240.0,,28,15,9,1208.344604,2025-12-08 00:29:16
28,16,9,741.9,2025-12-08 00:28:17,43228.0,,28,16,9,1217.084351,2025-12-08 00:29:17
28,17,9,741.9,2025-12-08 00:28:18,42227.0,,28,17,9,1225.226318,2025-12-08 00:29:18
28,18,9,748.8,2025-12-08 00:28:19,41185.0,,28,18,9,1232.807617,2025-12-08 00:29:19
28,19,9,747.0,2025-12-08 00:28:20,40182.0,,28,19,9,1239.864746,2025-12-08 00:29:20
28,20,9,741.9,2025-12-08 00:28:21,39181.0,,28,20,9,1246.434082,2025-12-08 00:29:21
28,21,9,742.5,2025-12-08 00:28:22,38179.0,,28,21,9,1252.551025,2025-12-08 00:29:22
28,22,9,745.6,2025-12-08 00:28:23,37175.0,,28,22,9,1258.248901,2025-12-08 00:29:23
28,23,9,742.5,2025-12-08 00:28:24,36168.0,,28,23,9,1263.559937,2025-12-08 00:29:24
28,24,9,742.0,2025-12-08 00:28:25,35167.0,,28,24,9,1268.514526,2025-12-08 00:29:25
28,25,9,740.3,2025-12-08 00:28:26,34166.0,,28,25,9,1273.141235,2025-12-08 00:29:26
28,26,9,741.8,2025-12-08 00:28:27,33165.0,,28,26,9,1277.466553,2025-12-08 00:29:27
28,27,9,743.9,2025-12-08 00:28:28,32163.0,,28,27,9,1281.515137,2025-12-08 00:29:28
28,28,9,754.0,2025-12-08 00:28:29,31160.0,,28,28,9,1285.309937,2025-12-08 00:29:29
28,29,9,739.8,2025-12-08 00:28:30,30157.0,,28,29,9,1288.871948,2025-12-08 00:29:30
28,30,9,741.8,2025-12-08 00:28:31,29153.0,,28,30,9,1292.221436,2025-12-08 00:29:31
28,31,9,741.7,2025-12-08 00:28:32,28148.0,,28,31,9,1295.375854,2025-12-08 00:29:32
28,32,9,737.3,2025-12-08 00:28:33,27065.0,,28,32,9,1298.351562,2025-12-08 00:29:33
28,33,9,741.5,2025-12-08 00:28:34,26062.0,,28,33,9,1301.16394,2025-12-08 00:29:34
28,34,9,742.2,2025-12-08 00:28:35,25059.0,,28,34,9,1303.826538,2025-12-08 00:29:35
28,35,9,740.1,2025-12-08 00:28:36,24058.0,,28,35,9,1306.351685,2025-12-08 00:29:36
28,36,9,741.5,2025-12-08 00:28:37,23057.0,,28,36,9,1308.751465,2025-12-08 00:29:37
28,37,9,742.6,2025-12-08 00:28:38,22055.0,,28,37,9,1311.035522,2025-12-08 00:29:38
28,38,9,740.9,2025-12-08 00:28:39,21051.0,,28,38,9,1313.213989,2025-12-08 00:29:39
28,39,9,745.7,2025-12-08 00:28:40,20050.0,,28,39,9,1315.295044,2025-12-08 00:29:40
28,40,9,741.0,2025-12-08 00:28:41,19049.0,,28,40,9,1317.286621,2025-12-08 00:29:41
28,41,9,741.5,2025-12-08 00:28:42,18047.0,,28,41,9,1319.196167,2025-12-08 00:29:42
28,42,9,744.6,2025-12-08 00:28:43,17043.0,,28,42,9,1321.029663,2025-12-08 00:29:43
28,43,9,743.0,2025-12-08 00:28:44,16041.0,,28,43,9,1322.793335,2025-12-08 00:29:44
28,44,9,742.6,2025-12-08 00:28:45,15040.0,,28,44,9,1324.49231,2025-12-08 00:29:45
28,45,9,741.1,2025-12-08 00:28:46,14039.0,,28,45,9,1326.13147,2025-12-08 00:29:46
28,46,9,746.0,2025-12-08 00:28:47,13037.0,,28,46,9,1327.715454,2025-12-08 00:29:47
28,47,9,739.0,2025-12-08 00:28:48,12034.0,,28,47,9,1329.247925,2025-12-08 00:29:48
28,48,9,742.2,2025-12-08 00:28:49,11030.0,,28,48,9,1330.732788,2025-12-08 00:29:49
28,49,9,739.8,2025-12-08 00:28:50,10029.0,,28,49,9,1332.173462,2025-12-08 00:29:50
28,50,9,738.9,2025-12-08 00:28:51,9028.0,,28,50,9,1333.572754,2025-12-08 00:29:51
28,51,9,743.5,2025-12-08 00:28:52,8027.0,,28,51,9,1334.933838,2025-12-08 00:29:52
28,52,9,741.1,2025-12-08 00:28:53,7026.0,,28,52,9,1336.258789,2025-12-08 00:29:53
28,53,9,744.8,2025-12-08 00:28:54,6025.0,,28,53,9,1337.550415,2025-12-08 00:29:54
28,54,9,742.7,2025-12-08 00:28:55,5024.0,,28,54,9,1338.810425,2025-12-08 00:29:55
28,55,9,742.7,2025-12-08 00:28:56,4023.0,,28,55,9,1340.04126,2025-12-08 00:29:56
28,56,9,742.2,2025-12-08 00:28:57,3022.0,,28,56,9,1341.244507,2025-12-08 00:29:57
28,57,9,742.2,2025-12-08 00:28:58,2021.0,,28,57,9,1342.422241,2025-12-08 00:29:58
28,58,9,743.2,2025-12-08 00:28:59,1020.0,,28,58,9,1343.575806,2025-12-08 00:29:59
28,59,9,748.2,2025-12-08 00:29:00,19.0,,28,59,9,1344.706543,2025-12-08 00:30:00
29,0,9,744.1,2025-12-08 00:29:01,59097.0,,29,0,9,1044.937866,2025-12-08 00:30:01
29,1,9,742.2,2025-12-08 00:29:02,58094.0,,29,1,9,1057.891846,2025-12-08 00:30:02
29,2,9,742.6,2025-12-08 00:29:03,57093.0,,29,2,9,1070.791992,2025-12-08 00:30:03
29,3,9,744.7,2025-12-08 00:29:04,56092.0,,29,3,9,1084.308594,2025-12-08 00:30:04
29,4,9,741.5,2025-12-08 00:29:05,55091.0,,29,4,9,1097.979248,2025-12-08 00:30:05
29,5,9,744.9,2025-12-08 00:29:06,54088.0,,29,5,9,1111.494019,2025-12-08 00:30:06
29,6,9,743.8,2025-12-08 00:29:07,53086.0,,29,6,9,1124.655029,2025-12-08 00:30:07
29,7,9,740.4,2025-12-08 00:29:08,52084.0,,29,7,9,1137.340454,2025-12-08 00:30:08
29,8,9,741.3,2025-12-08 00:29:09,51082.0,,29,8,9,1149.477539,2025-12-08 00:30:09
29,9,9,747.5,2025-12-08 00:29:10,50081.0,,29,9,9,1161.027466,2025-12-08 00:30:10
29,10,9,740.9,2025-12-08 00:29:11,49079.0,,29,10,9,1171.973511,2025-12-08 00:30:11
29,11,9,739.8,2025-12-08 00:29:12,48076.0,,29,11,9,1182.314087,2025-12-08 00:30:12
29,12,9,741.6,2025-12-08 00:29:13,47075.0,,29,12,9,1192.057983,2025-12-08 00:30:13
29,13,9,742.3,2025-12-08 00:29:14,46073.0,,29,13,9,1201.221558,2025-12-08 00:30:14
29,14,9,739.6,2025-12-08 00:29:15,45072.0,,29,14,9,1209.82605,2025-12-08 00:30:15
29,15,9,740.5,2025-12-08 00:29:16,44071.0,,29,15,9,1217.895752,2025-12-08 00:30:16
29,16,9,740.7,2025-12-08 00:29:17,43070.0,,29,16,9,1225.457275,2025-12-08 00:30:17
29,17,9,739.7,2025-12-08 00:29:18,42069.0,,29,17,9,1232.538452,2025-12-08 00:30:18
29,18,9,746.8,2025-12-08 00:29:19,41067.0,,29,18,9,1239.167358,2025-12-08 00:30:19
29,19,9,747.7,2025-12-08 00:29:20,40066.0,,29,19,9,1245.372314,2025-12-08 00:30:20
29,20,9,743.5,2025-12-08 00:29:21,39065.0,,29,20,9,1251.181152,2025-12-08 00:30:21
29,21,9,744.7,2025-12-08 00:29:22,38064.0,,29,21,9,1256.620728,2025-12-08 00:30:22
29,22,9,747.6,2025-12-08 00:29:23,37063.0,,29,22,9,1261.717163,2025-12-08 00:30:23
29,23,9,743.1,2025-12-08 00:29:24,36062.0,,29,23,9,1266.494995,2025-12-08 00:30:24
29,24,9,740.8,2025-12-08 00:29:25,35061.0,,29,24,9,1270.978271,2025-12-08 00:30:25
29,25,9,739.9,2025-12-08 00:29:26,34061.0,,29,25,9,1275.188843,2025-12-08 00:30:26
29,26,9,740.9,2025-12-08 00:29:27,33060.0,,29,26,9,1279.147583,2025-12-08 00:30:27
29,27,9,741.2,2025-12-08 00:29:28,32059.0,,29,27,9,1282.874023,2025-12-08 00:30:28
29,28,9,739.5,2025-12-08 00:29:29,31058.0,,29,28,9,1286.38623,2025-12-08 00:30:29
29,29,9,739.1,2025-12-08 00:29:30,30056.0,,29,29,9,1289.701172,2025-12-08 00:30:30
29,30,9,739.9,2025-12-08 00:29:31,29053.0,,29,30,9,1292.834106,2025-12-08 00:30:31
29,31,9,738.5,2025-12-08 00:29:32,28051.0,,29,31,9,1295.799805,2025-12-08 00:30:32
29,32,9,739.8,2025-12-08 00:29:33,27050.0,,29,32,9,1298.611572,2025-12-08 00:30:33
29,33,9,742.2,2025-12-08 00:29:34,26048.0,,29,33,9,1301.28125,2025-12-08 00:30:34
29,34,9,738.9,2025-12-08 00:29:35,25045.0,,29,34,9,1303.82019,2025-12-08 00:30:35
29,35,9,742.5,2025-12-08 00:29:36,24044.0,,29,35,9,1306.239014,2025-12-08 00:30:36
29,36,9,741.5,2025-12-08 00:29:37,23043.0,,29,36,9,1308.546631,2025-12-08 00:30:37
29,37,9,741.8,2025-12-08 00:29:38,22042.0,,29,37,9,1310.751953,2025-12-08 00:30:38
29,38,9,857.6,2025-12-08 00:29:39,21041.0,,29,38,9,1312.862793,2025-12-08 00:30:39
29,39,9,843.3,2025-12-08 00:29:40,20038.0,,29,39,9,1314.884033,2025-12-08 00:30:40
29,40,9,839.3,2025-12-08 00:29:41,19037.0,,29,40,9,1316.824585,2025-12-08 00:30:41
29,41,9,839.9,2025-12-08 00:29:42,18036.0,,29,41,9,1318.69043,2025-12-08 00:30:42
29,42,9,841.5,2025-12-08 00:29:43,17029.0,,29,42,9,1320.487061,2025-12-08 00:30:43
29,43,9,838.7,2025-12-08 00:29:44,16027.0,,29,43,9,1322.21936,2025-12-08 00:30:44
29,44,9,835.5,2025-12-08 00:29:45,15026.0,,29,44,9,1323.891968,2025-12-08 00:30:45
29,45,9,837.6,2025-12-08 00:29:46,14025.0,,29,45,9,1325.509155,2025-12-08 00:30:46
29,46,9,837.2,2025-12-08 00:29:47,13023.0,,29,46,9,1327.074707,2025-12-08 00:30:47
29,47,9,835.6,2025-12-08 00:29:48,12022.0,,29,47,9,1328.592163,2025-12-08 00:30:48
29,48,9,829.6,2025-12-08 00:29:49,11021.0,,29,48,9,1330.064697,2025-12-08 00:30:49
29,49,9,828.7,2025-12-08 00:29:50,10020.0,,29,49,9,1331.495605,2025-12-08 00:30:50
29,50,9,831.5,2025-12-08 00:29:51,9019.0,,29,50,9,1332.887329,2025-12-08 00:30:51
29,51,9,831.0,2025-12-08 00:29:52,8018.0,,29,51,9,1334.242554,2025-12-08 00:30:52
29,52,9,829.1,2025-12-08 00:29:53,7018.0,,29,52,9,1335.563477,2025-12-08 00:30:53
29,53,9,830.1,2025-12-08 00:29:54,6017.0,,29,53,9,1336.852417,2025-12-08 00:30:54
29,54,9,831.8,2025-12-08 00:29:55,5016.0,,29,54,9,1338.111328,2025-12-08 00:30:55
29,55,9,828.6,2025-12-08 00:29:56,4014.0,,29,55,9,1339.342041,2025-12-08 00:30:56
29,56,9,829.6,2025-12-08 00:29:57,3014.0,,29,56,9,1340.546387,2025-12-08 00:30:57
29,57,9,880.2,2025-12-08 00:29:58,2012.0,,29,57,9,1341.72583,2025-12-08 00:30:58
29,58,9,847.8,2025-12-08 00:29:59,1011.0,,29,58,9,1342.882324,2025-12-08 00:30:59
29,59,9,841.2,2025-12-08 00:30:00,10.0,,29,59,9,1344.016602,2025-12-08 00:31:00
30,0,9,840.6,2025-12-08 00:30:01,59084.0,,30,0,9,1315.081665,2025-12-08 00:31:01
30,1,9,840.0,2025-12-08 00:30:02,58083.0,,30,1,9,1316.987549,2025-12-08 00:31:02
30,2,9,840.9,2025-12-08 00:30:03,57082.0,,30,2,9,1318.789307,2025-12-08 00:31:03
30,3,9,846.9,2025-12-08 00:30:04,56081.0,,30,3,9,1320.593506,2025-12-08 00:31:04
30,4,9,845.0,2025-12-08 00:30:05,55079.0,,30,4,9,1322.373413,2025-12-08 00:31:05
30,5,9,844.9,2025-12-08 00:30:06,54078.0,,30,5,9,1324.109985,2025-12-08 00:31:06
30,6,9,845.3,2025-12-08 00:30:07,53077.0,,30,6,9,1325.794189,2025-12-08 00:31:07
30,7,9,843.2,2025-12-08 00:30:08,52076.0,,30,7,9,1327.423462,2025-12-08 00:31:08
30,8,9,845.3,2025-12-08 00:30:09,51075.0,,30,8,9,1328.998413,2025-12-08 00:31:09
30,9,9,846.4,2025-12-08 00:30:10,50073.0,,30,9,9,1330.520874,2025-12-08 00:31:10
30,10,9,845.0,2025-12-08 00:30:11,49071.0,,30,10,9,1331.994507,2025-12-08 00:31:11
30,11,9,844.0,2025-12-08 00:30:12,48070.0,,30,11,9,1333.422485,2025-12-08 00:31:12
30,12,9,845.0,2025-12-08 00:30:13,47069.0,,30,12,9,1334.808105,2025-12-08 00:31:13
30,13,9,845.1,2025-12-08 00:30:14,46068.0,,30,13,9,1336.154541,2025-12-08 00:31:14
30,14,9,847.3,2025-12-08 00:30:15,45066.0,,30,14,9,1337.464722,2025-12-08 00:31:15
30,15,9,845.9,2025-12-08 00:30:16,44066.0,,30,15,9,1338.741211,2025-12-08 00:31:16
30,16,9,851.2,2025-12-08 00:30:17,43064.0,,30,16,9,1339.986206,2025-12-08 00:31:17
30,17,9,844.5,2025-12-08 00:30:18,42063.0,,30,17,9,1341.202026,2025-12-08 00:31:18
30,18,9,849.1,2025-12-08 00:30:19,41062.0,,30,18,9,1342.390747,2025-12-08 00:31:19
30,19,9,852.2,2025-12-08 00:30:20,40061.0,,30,19,9,1343.553589,2025-12-08 00:31:20
30,20,9,851.1,2025-12-08 00:30:21,39060.0,,30,20,9,1344.692749,2025-12-08 00:31:21
30,21,9,852.7,2025-12-08 00:30:22,38059.0,,30,21,9,1345.809326,2025-12-08 00:31:22
30,22,9,844.4,2025-12-08 00:30:23,37058.0,,30,22,9,1346.905151,2025-12-08 00:31:23
30,23,9,843.0,2025-12-08 00:30:24,36057.0,,30,23,9,1347.980835,2025-12-08 00:31:24
30,24,9,854.6,2025-12-08 00:30:25,35056.0,,30,24,9,1349.03772,2025-12-08 00:31:25
30,25,9,843.6,2025-12-08 00:30:26,34054.0,,30,25,9,1350.077393,2025-12-08 00:31:26
30,26,9,841.5,2025-12-08 00:30:27,33053.0,,30,26,9,1351.100098,2025-12-08 00:31:27
30,27,9,846.7,2025-12-08 00:30:28,32051.0,,30,27,9,1352.107422,2025-12-08 00:31:28
30,28,9,845.9,2025-12-08 00:30:29,31050.0,,30,28,9,1353.10022,2025-12-08 00:31:29
30,29,9,1125.5,2025-12-08 00:30:30,30046.0,,30,29,9,1354.079224,2025-12-08 00:31:30
30,30,9,1178.4,2025-12-08 00:30:31,29045.0,,30,30,9,1355.052246,2025-12-08 00:31:31
30,31,9,1048.0,2025-12-08 00:30:32,28044.0,,30,31,9,1356.012817,2025-12-08 00:31:32
30,32,9,1057.5,2025-12-08 00:30:33,27043.0,,30,32,9,1356.957031,2025-12-08 00:31:33
30,33,9,1132.8,2025-12-08 00:30:34,26041.0,,30,33,9,1357.890503,2025-12-08 00:31:34
30,34,9,1059.7,2025-12-08 00:30:35,25040.0,,30,34,9,1358.815918,2025-12-08 00:31:35
30,35,9,1105.1,2025-12-08 00:30:36,24039.0,,30,35,9,1359.72876,2025-12-08 00:31:36
30,36,9,1132.3,2025-12-08 00:30:37,23038.0,,30,36,9,1360.634033,2025-12-08 00:31:37
30,37,9,1159.5,2025-12-08 00:30:38,22036.0,,30,37,9,1361.53186,2025-12-08 00:31:38
30,38,9,1184.0,2025-12-08 00:30:39,21035.0,,30,38,9,1362.422485,2025-12-08 00:31:39
30,39,9,1208.1,2025-12-08 00:30:40,20034.0,,30,39,9,1363.306152,2025-12-08 00:31:40
30,40,9,1229.7,2025-12-08 00:30:41,19032.0,,30,40,9,1364.183228,2025-12-08 00:31:41
30,41,9,1246.0,2025-12-08 00:30:42,18031.0,,30,41,9,1365.053833,2025-12-08 00:31:42
30,42,9,1262.9,2025-12-08 00:30:43,17029.0,,30,42,9,1365.918335,2025-12-08 00:31:43
30,43,9,1277.8,2025-12-08 00:30:44,16028.0,,30,43,9,1366.776733,2025-12-08 00:31:44
30,44,9,1282.4,2025-12-08 00:30:45,15027.0,,30,44,9,1367.62915,2025-12-08 00:31:45
30,45,9,1288.7,2025-12-08 00:30:46,14026.0,,30,45,9,1368.475708,2025-12-08 00:31:46
30,46,9,1291.4,2025-12-08 00:30:47,13025.0,,30,46,9,1369.316406,2025-12-08 00:31:47
30,47,9,1291.9,2025-12-08 00:30:48,12023.0,,30,47,9,1370.151489,2025-12-08 00:31:48
30,48,9,1292.9,2025-12-08 00:30:49,11022.0,,30,48,9,1370.981079,2025-12-08 00:31:49
30,49,9,1295.2,2025-12-08 00:30:50,10021.0,,30,49,9,1371.805664,2025-12-08 00:31:50
30,50,9,1292.0,2025-12-08 00:30:51,9018.0,,30,50,9,1372.625366,2025-12-08 00:31:51
30,51,9,1304.3,2025-12-08 00:30:52,8017.0,,30,51,9,1373.44043,2025-12-08 00:31:52
30,52,9,1303.2,2025-12-08 00:30:53,7016.0,,30,52,9,1374.251831,2025-12-08 00:31:53
30,53,9,1291.8,2025-12-08 00:30:54,6015.0,,30,53,9,1375.05896,2025-12-08 00:31:54
30,54,9,1293.5,2025-12-08 00:30:55,5014.0,,30,54,9,1375.861572,2025-12-08 00:31:55
30,55,9,1295.2,2025-12-08 00:30:56,4013.0,,30,55,9,1376.660767,2025-12-08 00:31:56
30,56,9,1293.4,2025-12-08 00:30:57,3012.0,,30,56,9,1377.456787,2025-12-08 00:31:57
30,57,9,1296.3,2025-12-08 00:30:58,2011.0,,30,57,9,1378.249878,2025-12-08 00:31:58
30,58,9,1294.6,2025-12-08 00:30:59,1010.0,,30,58,9,1379.040039,2025-12-08 00:31:59
30,59,9,1300.1,2025-12-08 00:31:00,9.0,,30,59,9,1379.827515,2025-12-08 00:32:00
31,0,9,1329.4,2025-12-08 00:31:01,59843.0,,31,0,9,1333.24585,2025-12-08 00:32:01
31,1,9,1297.0,2025-12-08 00:31:02,58842.0,,31,1,9,1334.125977,2025-12-08 00:32:02
31,2,9,1295.7,2025-12-08 00:31:03,57841.0,,31,2,9,1335.012695,2025-12-08 00:32:03
31,3,9,1297.2,2025-12-08 00:31:04,56837.0,,31,3,9,1335.967529,2025-12-08 00:32:04
31,4,9,1297.8,2025-12-08 00:31:05,55832.0,,31,4,9,1336.965088,2025-12-08 00:32:05
31,5,9,1302.3,2025-12-08 00:31:06,54831.0,,31,5,9,1337.985962,2025-12-08 00:32:06
31,6,9,1302.6,2025-12-08 00:31:07,53829.0,,31,6,9,1339.018921,2025-12-08 00:32:07
31,7,9,1308.0,2025-12-08 00:31:08,52826.0,,31,7,9,1340.056274,2025-12-08 00:32:08
31,8,9,1307.7,2025-12-08 00:31:09,51825.0,,31,8,9,1341.093994,2025-12-08 00:32:09
31,9,9,1308.9,2025-12-08 00:31:10,50824.0,,31,9,9,1342.129517,2025-12-08 00:32:10
31,10,9,1309.3,2025-12-08 00:31:11,49822.0,,31,10,9,1343.160522,2025-12-08 00:32:11
31,11,9,1311.0,2025-12-08 00:31:12,48821.0,,31,11,9,1344.186523,2025-12-08 00:32:12
31,12,9,1314.2,2025-12-08 00:31:13,47785.0,,31,12,9,1345.206543,2025-12-08 00:32:13
31,13,9,1322.4,2025-12-08 00:31:14,46782.0,,31,13,9,1346.220215,2025-12-08 00:32:14
31,14,9,1315.9,2025-12-08 00:31:15,45779.0,,31,14,9,1347.227051,2025-12-08 00:32:15
31,15,9,1316.4,2025-12-08 00:31:16,44776.0,,31,15,9,1348.226318,2025-12-08 00:32:16
31,16,9,1325.6,2025-12-08 00:31:17,43774.0,,31,16,9,1349.217896,2025-12-08 00:32:17
31,17,9,1317.8,2025-12-08 00:31:18,42771.0,,31,17,9,1350.202148,2025-12-08 00:32:18
31,18,9,1324.2,2025-12-08 00:31:19,41720.0,,31,18,9,1351.178345,2025-12-08 00:32:19
31,19,9,1326.1,2025-12-08 00:31:20,40466.0,,31,19,9,1352.146484,2025-12-08 00:32:20
31,20,9,1328.4,2025-12-08 00:31:21,39264.0,,31,20,9,1353.106689,2025-12-08 00:32:21
31,21,9,1319.8,2025-12-08 00:31:22,38259.0,,31,21,9,1354.058838,2025-12-08 00:32:22
31,22,9,1319.0,2025-12-08 00:31:23,37258.0,,31,22,9,1355.002686,2025-12-08 00:32:23
31,23,9,1322.8,2025-12-08 00:31:24,36256.0,,31,23,9,1355.938477,2025-12-08 00:32:24
31,24,9,1320.0,2025-12-08 00:31:25,35237.0,,31,24,9,1356.866455,2025-12-08 00:32:25
31,25,9,1318.5,2025-12-08 00:31:26,34226.0,,31,25,9,1357.786743,2025-12-08 00:32:26
31,26,9,1318.3,2025-12-08 00:31:27,33223.0,,31,26,9,1358.699341,2025-12-08 00:32:27
31,27,9,1319.1,2025-12-08 00:31:28,32214.0,,31,27,9,1359.604614,2025-12-08 00:32:28
31,28,9,1318.0,2025-12-08 00:31:29,31192.0,,31,28,9,1360.502686,2025-12-08 00:32:29
31,29,9,1312.7,2025-12-08 00:31:30,30178.0,,31,29,9,1361.393677,2025-12-08 00:32:30
31,30,9,1319.5,2025-12-08 00:31:31,29156.0,,31,30,9,1362.277588,2025-12-08 00:32:31
31,31,9,1315.0,2025-12-08 00:31:32,28155.0,,31,31,9,1363.155396,2025-12-08 00:32:32
31,32,9,1317.6,2025-12-08 00:31:33,27088.0,,31,32,9,1364.026367,2025-12-08 00:32:33
31,33,9,1318.4,2025-12-08 00:31:34,26085.0,,31,33,9,1364.891602,2025-12-08 00:32:34
31,34,9,1318.7,2025-12-08 00:31:35,25082.0,,31,34,9,1365.750732,2025-12-08 00:32:35
31,35,9,1318.2,2025-12-08 00:31:36,24080.0,,31,35,9,1366.604126,2025-12-08 00:32:36
31,36,9,1316.3,2025-12-08 00:31:37,23077.0,,31,36,9,1367.452026,2025-12-08 00:32:37
31,37,9,1319.3,2025-12-08 00:31:38,22061.0,,31,37,9,1368.294556,2025-12-08 00:32:38
31,38,9,1319.5,2025-12-08 00:31:39,21061.0,,31,38,9,1369.132202,2025-12-08 00:32:39
31,39,9,1323.0,2025-12-08 00:31:40,20055.0,,31,39,9,1369.964844,2025-12-08 00:32:40
31,40,9,1320.2,2025-12-08 00:31:41,19054.0,,31,40,9,1370.792969,2025-12-08 00:32:41
31,41,9,1319.6,2025-12-08 00:31:42,18054.0,,31,41,9,1371.616333,2025-12-08 00:32:42
31,42,9,1322.0,2025-12-08 00:31:43,17053.0,,31,42,9,1372.435547,2025-12-08 00:32:43
31,43,9,1321.5,2025-12-08 00:31:44,16052.0,,31,43,9,1373.25061,2025-12-08 00:32:44
31,44,9,1320.2,2025-12-08 00:31:45,15045.0,,31,44,9,1374.062012,2025-12-08 00:32:45
31,45,9,1324.7,2025-12-08 00:31:46,14044.0,,31,45,9,1374.869263,2025-12-08 00:32:46
31,46,9,1324.1,2025-12-08 00:31:47,13042.0,,31,46,9,1375.673584,2025-12-08 00:32:47
31,47,9,1322.4,2025-12-08 00:31:48,12039.0,,31,47,9,1376.474243,2025-12-08 00:32:48
31,48,9,1325.8,2025-12-08 00:31:49,11038.0,,31,48,9,1377.271729,2025-12-08 00:32:49
31,49,9,1326.3,2025-12-08 00:31:50,10036.0,,31,49,9,1378.066284,2025-12-08 00:32:50
31,50,9,1325.6,2025-12-08 00:31:51,9035.0,,31,50,9,1378.858032,2025-12-08 00:32:51
31,51,9,1325.3,2025-12-08 00:31:52,8031.0,,31,51,9,1379.647095,2025-12-08 00:32:52
31,52,9,1322.3,2025-12-08 00:31:53,7026.0,,31,52,9,1380.433716,2025-12-08 00:32:53
31,53,9,1322.2,2025-12-08 00:31:54,6025.0,,31,53,9,1381.217773,2025-12-08 00:32:54
31,54,9,1323.3,2025-12-08 00:31:55,5023.0,,31,54,9,1381.999634,2025-12-08 00:32:55
31,55,9,1321.9,2025-12-08 00:31:56,4022.0,,31,55,9,1382.779907,2025-12-08 00:32:56
31,56,9,1323.1,2025-12-08 00:31:57,3021.0,,31,56,9,1383.558105,2025-12-08 00:32:57
31,57,9,1323.0,2025-12-08 00:31:58,2016.0,,31,57,9,1384.334961,2025-12-08 00:32:58
31,58,9,1320.1,2025-12-08 00:31:59,1015.0,,31,58,9,1385.110352,2025-12-08 00:32:59
31,59,9,1324.3,2025-12-08 00:32:00,14.0,,31,59,9,1385.884399,2025-12-08 00:33:00
32,0,9,1327.0,2025-12-08 00:32:01,59122.0,,32,0,9,1322.366089,2025-12-08 00:33:01
32,1,9,1325.4,2025-12-08 00:32:02,58122.0,,32,1,9,1323.320679,2025-12-08 00:33:02
32,2,9,1322.9,2025-12-08 00:32:03,57121.0,,32,2,9,1324.282349,2025-12-08 00:33:03
32,3,9,1323.4,2025-12-08 00:32:04,56119.0,,32,3,9,1325.33374,2025-12-08 00:33:04
32,4,9,1320.6,2025-12-08 00:32:05,55118.0,,32,4,9,1326.442505,2025-12-08 00:33:05
32,5,9,1319.8,2025-12-08 00:32:06,54118.0,,32,5,9,1327.582886,2025-12-08 00:33:06
32,6,9,1323.3,2025-12-08 00:32:07,53116.0,,32,6,9,1328.740112,2025-12-08 00:33:07
32,7,9,1317.1,2025-12-08 00:32:08,52116.0,,32,7,9,1329.904419,2025-12-08 00:33:08
32,8,9,1317.2,2025-12-08 00:32:09,51114.0,,32,8,9,1331.070068,2025-12-08 00:33:09
32,9,9,1319.4,2025-12-08 00:32:10,50113.0,,32,9,9,1332.233154,2025-12-08 00:33:10
32,10,9,1319.3,2025-12-08 00:32:11,49112.0,,32,10,9,1333.391357,2025-12-08 00:33:11
32,11,9,1315.3,2025-12-08 00:32:12,48111.0,,32,11,9,1334.543457,2025-12-08 00:33:12
32,12,9,1339.7,2025-12-08 00:32:13,47110.0,,32,12,9,1335.6875,2025-12-08 00:33:13
32,13,9,1318.0,2025-12-08 00:32:14,46109.0,,32,13,9,1336.823975,2025-12-08 00:33:14
32,14,9,1319.2,2025-12-08 00:32:15,45108.0,,32,14,9,1337.950195,2025-12-08 00:33:15
32,15,9,1319.5,2025-12-08 00:32:16,44107.0,,32,15,9,1339.067017,2025-12-08 00:33:16
32,16,9,1326.3,2025-12-08 00:32:17,43105.0,,32,16,9,1340.17334,2025-12-08 00:33:17
32,17,9,1321.0,2025-12-08 00:32:18,42104.0,,32,17,9,1341.269897,2025-12-08 00:33:18
32,18,9,1324.7,2025-12-08 00:32:19,41103.0,,32,18,9,1342.355347,2025-12-08 00:33:19
32,19,9,1324.6,2025-12-08 00:32:20,40101.0,,32,19,9,1343.430054,2025-12-08 00:33:20
32,20,9,1323.7,2025-12-08 00:32:21,39099.0,,32,20,9,1344.493652,2025-12-08 00:33:21
32,21,9,1324.9,2025-12-08 00:32:22,38095.0,,32,21,9,1345.546509,2025-12-08 00:33:22
32,22,9,1321.9,2025-12-08 00:32:23,37089.0,,32,22,9,1346.588135,2025-12-08 00:33:23
32,23,9,1318.2,2025-12-08 00:32:24,36087.0,,32,23,9,1347.618896,2025-12-08 00:33:24
32,24,9,1323.2,2025-12-08 00:32:25,35086.0,,32,24,9,1348.638428,2025-12-08 00:33:25
32,25,9,1341.5,2025-12-08 00:32:26,34084.0,,32,25,9,1349.647583,2025-12-08 00:33:26
32,26,9,1322.4,2025-12-08 00:32:27,33083.0,,32,26,9,1350.647217,2025-12-08 00:33:27
32,27,9,1329.2,2025-12-08 00:32:28,32082.0,,32,27,9,1351.63501,2025-12-08 00:33:28
32,28,9,1331.7,2025-12-08 00:32:29,31080.0,,32,28,9,1352.613037,2025-12-08 00:33:29
32,29,9,1318.7,2025-12-08 00:32:30,30079.0,,32,29,9,1353.581299,2025-12-08 00:33:30
32,30,9,1320.1,2025-12-08 00:32:31,29077.0,,32,30,9,1354.539185,2025-12-08 00:33:31
32,31,9,1308.7,2025-12-08 00:32:32,28076.0,,32,31,9,1355.487549,2025-12-08 00:33:32
32,32,9,1309.5,2025-12-08 00:32:33,27071.0,,32,32,9,1356.426636,2025-12-08 00:33:33
32,33,9,1312.1,2025-12-08 00:32:34,26070.0,,32,33,9,1357.356934,2025-12-08 00:33:34
32,34,9,1305.0,2025-12-08 00:32:35,25067.0,,32,34,9,1358.278687,2025-12-08 00:33:35
32,35,9,1305.0,2025-12-08 00:32:36,24066.0,,32,35,9,1359.192139,2025-12-08 00:33:36
32,36,9,1308.3,2025-12-08 00:32:37,23064.0,,32,36,9,1360.097412,2025-12-08 00:33:37
32,37,9,1314.0,2025-12-08 00:32:38,22063.0,,32,37,9,1360.995483,2025-12-08 00:33:38
32,38,9,1314.6,2025-12-08 00:32:39,21061.0,,32,38,9,1361.886353,2025-12-08 00:33:39
32,39,9,1308.6,2025-12-08 00:32:40,20059.0,,32,39,9,1362.77002,2025-12-08 00:33:40
32,40,9,1317.6,2025-12-08 00:32:41,19058.0,,32,40,9,1363.646362,2025-12-08 00:33:41
32,41,9,1307.5,2025-12-08 00:32:42,18055.0,,32,41,9,1364.516724,2025-12-08 00:33:42
32,42,9,1313.9,2025-12-08 00:32:43,17053.0,,32,42,9,1365.380127,2025-12-08 00:33:43
32,43,9,1306.6,2025-12-08 00:32:44,16050.0,,32,43,9,1366.237305,2025-12-08 00:33:44
32,44,9,1307.1,2025-12-08 00:32:45,15048.0,,32,44,9,1367.088501,2025-12-08 00:33:45
32,45,9,1311.8,2025-12-08 00:32:46,14046.0,,32,45,9,1367.93396,2025-12-08 00:33:46
32,46,9,1326.4,2025-12-08 00:32:47,13039.0,,32,46,9,1368.774536,2025-12-08 00:33:47
32,47,9,1306.6,2025-12-08 00:32:48,12038.0,,32,47,9,1369.610352,2025-12-08 00:33:48
32,48,9,1315.3,2025-12-08 00:32:49,11036.0,,32,48,9,1370.440063,2025-12-08 00:33:49
32,49,9,1307.0,2025-12-08 00:32:50,10035.0,,32,49,9,1371.265503,2025-12-08 00:33:50
32,50,9,1308.5,2025-12-08 00:32:51,9034.0,,32,50,9,1372.085938,2025-12-08 00:33:51
32,51,9,1308.2,2025-12-08 00:32:52,8032.0,,32,51,9,1372.901978,2025-12-08 00:33:52
32,52,9,1310.7,2025-12-08 00:32:53,7031.0,,32,52,9,1373.714233,2025-12-08 00:33:53
32,53,9,1308.2,2025-12-08 00:32:54,6030.0,,32,53,9,1374.522583,2025-12-08 00:33:54
32,54,9,1322.1,2025-12-08 00:32:55,5028.0,,32,54,9,1375.327148,2025-12-08 00:33:55
32,55,9,1309.9,2025-12-08 00:32:56,4027.0,,32,55,9,1376.129028,2025-12-08 00:33:56
32,56,9,1308.1,2025-12-08 00:32:57,3022.0,,32,56,9,1376.926758,2025-12-08 00:33:57
32,57,9,1309.1,2025-12-08 00:32:58,2017.0,,32,57,9,1377.721558,2025-12-08 00:33:58
32,58,9,1306.8,2025-12-08 00:32:59,1016.0,,32,58,9,1378.513428,2025-12-08 00:33:59
32,59,9,1310.4,2025-12-08 00:33:00,13.0,,32,59,9,1379.302734,2025-12-08 00:34:00
33,0,9,1306.8,2025-12-08 00:33:01,59130.0,,33,0,9,1468.026123,2025-12-08 00:34:01
33,1,9,1309.1,2025-12-08 00:33:02,58128.0,,33,1,9,1469.600586,2025-12-08 00:34:02
33,2,9,1308.2,2025-12-08 00:33:03,57127.0,,33,2,9,1471.218262,2025-12-08 00:34:03
33,3,9,1372.5,2025-12-08 00:33:04,56125.0,,33,3,9,1472.785034,2025-12-08 00:34:04
33,4,9,1396.5,2025-12-08 00:33:05,55124.0,,33,4,9,1474.327515,2025-12-08 00:34:05
33,5,9,1399.8,2025-12-08 00:33:06,54123.0,,33,5,9,1475.862671,2025-12-08 00:34:06
33,6,9,1384.8,2025-12-08 00:33:07,53120.0,,33,6,9,1477.400757,2025-12-08 00:34:07
33,7,9,1383.1,2025-12-08 00:33:08,52118.0,,33,7,9,1478.947388,2025-12-08 00:34:08
33,8,9,1382.0,2025-12-08 00:33:09,51116.0,,33,8,9,1480.507935,2025-12-08 00:34:09
33,9,9,1391.4,2025-12-08 00:33:10,50115.0,,33,9,9,1482.085449,2025-12-08 00:34:10
33,10,9,1386.0,2025-12-08 00:33:11,49115.0,,33,10,9,1483.682251,2025-12-08 00:34:11
33,11,9,1381.1,2025-12-08 00:33:12,48113.0,,33,11,9,1485.298828,2025-12-08 00:34:12
33,12,9,1384.7,2025-12-08 00:33:13,47110.0,,33,12,9,1486.936768,2025-12-08 00:34:13
33,13,9,1382.3,2025-12-08 00:33:14,46109.0,,33,13,9,1488.596924,2025-12-08 00:34:14
33,14,9,1393.9,2025-12-08 00:33:15,45108.0,,33,14,9,1490.280273,2025-12-08 00:34:15
33,15,9,1384.7,2025-12-08 00:33:16,44106.0,,33,15,9,1491.989258,2025-12-08 00:34:16
33,16,9,1382.7,2025-12-08 00:33:17,43105.0,,33,16,9,1493.722656,2025-12-08 00:34:17
33,17,9,1387.8,2025-12-08 00:33:18,42104.0,,33,17,9,1495.482422,2025-12-08 00:34:18
33,18,9,1396.9,2025-12-08 00:33:19,41103.0,,33,18,9,1497.269775,2025-12-08 00:34:19
33,19,9,1390.7,2025-12-08 00:33:20,40101.0,,33,19,9,1499.085938,2025-12-08 00:34:20
33,20,9,1391.1,2025-12-08 00:33:21,39099.0,,33,20,9,1500.930786,2025-12-08 00:34:21
33,21,9,1393.9,2025-12-08 00:33:22,38098.0,,33,21,9,1502.805542,2025-12-08 00:34:22
33,22,9,1381.3,2025-12-08 00:33:23,37097.0,,33,22,9,1504.711304,2025-12-08 00:34:23
33,23,9,1383.6,2025-12-08 00:33:24,36093.0,,33,23,9,1506.647705,2025-12-08 00:34:24
33,24,9,1388.1,2025-12-08 00:33:25,35091.0,,33,24,9,1508.616455,2025-12-08 00:34:25
33,25,9,1392.5,2025-12-08 00:33:26,34090.0,,33,25,9,1510.618896,2025-12-08 00:34:26
33,26,9,1389.0,2025-12-08 00:33:27,33089.0,,33,26,9,1512.655518,2025-12-08 00:34:27
33,27,9,1386.8,2025-12-08 00:33:28,32088.0,,33,27,9,1514.726685,2025-12-08 00:34:28
33,28,9,1383.2,2025-12-08 00:33:29,31085.0,,33,28,9,1516.83313,2025-12-08 00:34:29
33,29,9,1387.6,2025-12-08 00:33:30,30084.0,,33,29,9,1518.975708,2025-12-08 00:34:30
33,30,9,1388.8,2025-12-08 00:33:31,29079.0,,33,30,9,1521.155151,2025-12-08 00:34:31
33,31,9,1386.0,2025-12-08 00:33:32,28078.0,,33,31,9,1523.372681,2025-12-08 00:34:32
33,32,9,1385.7,2025-12-08 00:33:33,27076.0,,33,32,9,1525.628296,2025-12-08 00:34:33
33,33,9,1388.3,2025-12-08 00:33:34,26074.0,,33,33,9,1527.923096,2025-12-08 00:34:34
33,34,9,1400.8,2025-12-08 00:33:35,25073.0,,33,34,9,1530.257812,2025-12-08 00:34:35
33,35,9,1387.6,2025-12-08 00:33:36,24069.0,,33,35,9,1532.633911,2025-12-08 00:34:36
33,36,9,1385.6,2025-12-08 00:33:37,23068.0,,33,36,9,1535.050781,2025-12-08 00:34:37
33,37,9,1383.8,2025-12-08 00:33:38,22066.0,,33,37,9,1537.509766,2025-12-08 00:34:38
33,38,9,1388.5,2025-12-08 00:33:39,21064.0,,33,38,9,1540.011597,2025-12-08 00:34:39
33,39,9,1385.7,2025-12-08 00:33:40,20063.0,,33,39,9,1542.557373,2025-12-08 00:34:40
33,40,9,1387.5,2025-12-08 00:33:41,19060.0,,33,40,9,1545.147827,2025-12-08 00:34:41
33,41,9,1387.8,2025-12-08 00:33:42,18057.0,,33,41,9,1547.78418,2025-12-08 00:34:42
33,42,9,1386.0,2025-12-08 00:33:43,17054.0,,33,42,9,1550.467285,2025-12-08 00:34:43
33,43,9,1454.2,2025-12-08 00:33:44,16053.0,,33,43,9,1553.198242,2025-12-08 00:34:44
33,44,9,1461.3,2025-12-08 00:33:45,15052.0,,33,44,9,1555.979614,2025-12-08 00:34:45
33,45,9,1463.5,2025-12-08 00:33:46,14048.0,,33,45,9,1558.8125,2025-12-08 00:34:46
33,46,9,1465.3,2025-12-08 00:33:47,13046.0,,33,46,9,1561.697754,2025-12-08 00:34:47
33,47,9,1463.3,2025-12-08 00:33:48,12044.0,,33,47,9,1564.635986,2025-12-08 00:34:48
33,48,9,1465.8,2025-12-08 00:33:49,11043.0,,33,48,9,1567.628418,2025-12-08 00:34:49
33,49,9,1463.0,2025-12-08 00:33:50,10039.0,,33,49,9,1570.675781,2025-12-08 00:34:50
33,50,9,1464.9,2025-12-08 00:33:51,9038.0,,33,50,9,1573.778809,2025-12-08 00:34:51
33,51,9,1471.4,2025-12-08 00:33:52,8035.0,,33,51,9,1576.93811,2025-12-08 00:34:52
33,52,9,1464.6,2025-12-08 00:33:53,7034.0,,33,52,9,1580.154907,2025-12-08 00:34:53
33,53,9,1465.6,2025-12-08 00:33:54,6033.0,,33,53,9,1583.429688,2025-12-08 00:34:54
33,54,9,1473.5,2025-12-08 00:33:55,5030.0,,33,54,9,1586.763062,2025-12-08 00:34:55
33,55,9,1475.1,2025-12-08 00:33:56,4028.0,,33,55,9,1590.155762,2025-12-08 00:34:56
33,56,9,1467.1,2025-12-08 00:33:57,3026.0,,33,56,9,1593.608398,2025-12-08 00:34:57
33,57,9,1468.8,2025-12-08 00:33:58,2023.0,,33,57,9,1597.121338,2025-12-08 00:34:58
33,58,9,1470.4,2025-12-08 00:33:59,1021.0,,33,58,9,1600.694702,2025-12-08 00:34:59
33,59,9,1476.1,2025-12-08 00:34:00,20.0,,33,59,9,1604.329102,2025-12-08 00:35:00
34,0,9,1470.9,2025-12-08 00:34:01,60256.0,,34,0,9,1606.376709,2025-12-08 00:35:01
34,1,9,1465.1,2025-12-08 00:34:02,59254.0,,34,1,9,1609.966309,2025-12-08 00:35:02
34,2,9,1468.5,2025-12-08 00:34:03,58252.0,,34,2,9,1613.418457,2025-12-08 00:35:03
34,3,9,1468.2,2025-12-08 00:34:04,57250.0,,34,3,9,1617.088867,2025-12-08 00:35:04
34,4,9,1476.4,2025-12-08 00:34:05,56249.0,,34,4,9,1620.93103,2025-12-08 00:35:05
34,5,9,1471.0,2025-12-08 00:34:06,55248.0,,34,5,9,1624.891235,2025-12-08 00:35:06
34,6,9,1473.5,2025-12-08 00:34:07,54245.0,,34,6,9,1628.938232,2025-12-08 00:35:07
34,7,9,1470.3,2025-12-08 00:34:08,53243.0,,34,7,9,1633.053833,2025-12-08 00:35:08
34,8,9,1467.6,2025-12-08 00:34:09,52239.0,,34,8,9,1637.22937,2025-12-08 00:35:09
34,9,9,1469.0,2025-12-08 00:34:10,51238.0,,34,9,9,1641.460327,2025-12-08 00:35:10
34,10,9,1476.7,2025-12-08 00:34:11,50236.0,,34,10,9,1645.744019,2025-12-08 00:35:11
34,11,9,1470.3,2025-12-08 00:34:12,49235.0,,34,11,9,1650.078369,2025-12-08 00:35:12
34,12,9,1476.4,2025-12-08 00:34:13,48234.0,,34,12,9,1654.463623,2025-12-08 00:35:13
34,13,9,1472.5,2025-12-08 00:34:14,47232.0,,34,13,9,1658.897583,2025-12-08 00:35:14
34,14,9,1470.2,2025-12-08 00:34:15,46231.0,,34,14,9,1663.379395,2025-12-08 00:35:15
34,15,9,1468.4,2025-12-08 00:34:16,45230.0,,34,15,9,1667.908081,2025-12-08 00:35:16
34,16,9,1469.1,2025-12-08 00:34:17,44229.0,,34,16,9,1672.480591,2025-12-08 00:35:17
34,17,9,1468.3,2025-12-08 00:34:18,43227.0,,34,17,9,1677.095459,2025-12-08 00:35:18
34,18,9,1477.1,2025-12-08 00:34:19,42224.0,,34,18,9,1681.750122,2025-12-08 00:35:19
34,19,9,1475.7,2025-12-08 00:34:20,41222.0,,34,19,9,1686.44165,2025-12-08 00:35:20
34,20,9,1477.2,2025-12-08 00:34:21,40220.0,,34,20,9,1691.167725,2025-12-08 00:35:21
34,21,9,1472.6,2025-12-08 00:34:22,39218.0,,34,21,9,1695.925903,2025-12-08 00:35:22
34,22,9,1480.5,2025-12-08 00:34:23,38212.0,,34,22,9,1700.713379,2025-12-08 00:35:23
34,23,9,1553.6,2025-12-08 00:34:24,37211.0,,34,23,9,1705.525757,2025-12-08 00:35:24
34,24,9,1565.0,2025-12-08 00:34:25,36210.0,,34,24,9,1710.354858,2025-12-08 00:35:25
34,25,9,1560.2,2025-12-08 00:34:26,35208.0,,34,25,9,1715.204834,2025-12-08 00:35:26
34,26,9,1559.3,2025-12-08 00:34:27,34016.0,,34,26,9,1720.074097,2025-12-08 00:35:27
34,27,9,1560.7,2025-12-08 00:34:28,32933.0,,34,27,9,1724.957886,2025-12-08 00:35:28
34,28,9,1562.5,2025-12-08 00:34:29,31884.0,,34,28,9,1729.851929,2025-12-08 00:35:29
34,29,9,1569.9,2025-12-08 00:34:30,30877.0,,34,29,9,1734.751587,2025-12-08 00:35:30
34,30,9,1576.9,2025-12-08 00:34:31,29869.0,,34,30,9,1739.652832,2025-12-08 00:35:31
34,31,9,1575.9,2025-12-08 00:34:32,28852.0,,34,31,9,1744.550659,2025-12-08 00:35:32
34,32,9,1572.3,2025-12-08 00:34:33,27846.0,,34,32,9,1749.442017,2025-12-08 00:35:33
34,33,9,1565.4,2025-12-08 00:34:34,26836.0,,34,33,9,1754.322021,2025-12-08 00:35:34
34,34,9,1568.3,2025-12-08 00:34:35,25834.0,,34,34,9,1759.186646,2025-12-08 00:35:35
34,35,9,1565.5,2025-12-08 00:34:36,24411.0,,34,35,9,1764.029663,2025-12-08 00:35:36
34,36,9,1566.6,2025-12-08 00:34:37,23355.0,,34,36,9,1768.846924,2025-12-08 00:35:37
34,37,9,1572.5,2025-12-08 00:34:38,22321.0,,34,37,9,1773.633545,2025-12-08 00:35:38
34,38,9,1568.4,2025-12-08 00:34:39,21197.0,,34,38,9,1778.384644,2025-12-08 00:35:39
34,39,9,1569.7,2025-12-08 00:34:40,20084.0,,34,39,9,1783.096191,2025-12-08 00:35:40
34,40,9,1568.7,2025-12-08 00:34:41,19080.0,,34,40,9,1787.763794,2025-12-08 00:35:41
34,41,9,1570.7,2025-12-08 00:34:42,18078.0,,34,41,9,1792.383301,2025-12-08 00:35:42
34,42,9,1569.2,2025-12-08 00:34:43,17076.0,,34,42,9,1796.949707,2025-12-08 00:35:43
34,43,9,1578.0,2025-12-08 00:34:44,16073.0,,34,43,9,1801.459717,2025-12-08 00:35:44
34,44,9,1568.0,2025-12-08 00:34:45,15066.0,,34,44,9,1805.908936,2025-12-08 00:35:45
34,45,9,1570.1,2025-12-08 00:34:46,14060.0,,34,45,9,1810.294922,2025-12-08 00:35:46
34,46,9,1574.8,2025-12-08 00:34:47,13056.0,,34,46,9,1814.612915,2025-12-08 00:35:47
34,47,9,1571.9,2025-12-08 00:34:48,12055.0,,34,47,9,1818.860107,2025-12-08 00:35:48
34,48,9,1573.2,2025-12-08 00:34:49,11054.0,,34,48,9,1823.033447,2025-12-08 00:35:49
34,49,9,1575.1,2025-12-08 00:34:50,10053.0,,34,49,9,1827.130249,2025-12-08 00:35:50
34,50,9,1572.1,2025-12-08 00:34:51,9048.0,,34,50,9,1831.147827,2025-12-08 00:35:51
34,51,9,1570.0,2025-12-08 00:34:52,8044.0,,34,51,9,1835.084229,2025-12-08 00:35:52
34,52,9,1574.9,2025-12-08 00:34:53,7043.0,,34,52,9,1838.937378,2025-12-08 00:35:53
34,53,9,1575.3,2025-12-08 00:34:54,6041.0,,34,53,9,1842.704956,2025-12-08 00:35:54
34,54,9,1575.1,2025-12-08 00:34:55,5033.0,,34,54,9,1846.385986,2025-12-08 00:35:55
34,55,9,1579.8,2025-12-08 00:34:56,4032.0,,34,55,9,1849.978882,2025-12-08 00:35:56
34,56,9,1573.4,2025-12-08 00:34:57,3031.0,,34,56,9,1853.482544,2025-12-08 00:35:57
34,57,9,1574.0,2025-12-08 00:34:58,2029.0,,34,57,9,1856.897217,2025-12-08 00:35:58
34,58,9,1573.7,2025-12-08 00:34:59,1028.0,,34,58,9,1860.221436,2025-12-08 00:35:59
34,59,9,1575.0,2025-12-08 00:35:00,26.0,,34,59,9,1863.455322,2025-12-08 00:36:00
35,0,9,1575.8,2025-12-08 00:35:01,59479.0,,35,0,9,1621.312622,2025-12-08 00:36:01
35,1,9,1573.3,2025-12-08 00:35:02,58427.0,,35,1,9,1625.015015,2025-12-08 00:36:02
35,2,9,1577.9,2025-12-08 00:35:03,57418.0,,35,2,9,1628.627563,2025-12-08 00:36:03
35,3,9,1574.4,2025-12-08 00:35:04,56416.0,,35,3,9,1632.467773,2025-12-08 00:36:04
35,4,9,1575.7,2025-12-08 00:35:05,55414.0,,35,4,9,1636.480347,2025-12-08 00:36:05
35,5,9,1578.5,2025-12-08 00:35:06,54411.0,,35,5,9,1640.607178,2025-12-08 00:36:06
35,6,9,1576.3,2025-12-08 00:35:07,53406.0,,35,6,9,1644.815186,2025-12-08 00:36:07
35,7,9,1572.6,2025-12-08 00:35:08,52403.0,,35,7,9,1649.086304,2025-12-08 00:36:08
35,8,9,1573.9,2025-12-08 00:35:09,51389.0,,35,8,9,1653.412598,2025-12-08 00:36:09
35,9,9,1577.4,2025-12-08 00:35:10,50377.0,,35,9,9,1657.788086,2025-12-08 00:36:10
35,10,9,1578.3,2025-12-08 00:35:11,49375.0,,35,10,9,1662.210571,2025-12-08 00:36:11
35,11,9,1574.8,2025-12-08 00:35:12,48367.0,,35,11,9,1666.679199,2025-12-08 00:36:12
35,12,9,1578.3,2025-12-08 00:35:13,47365.0,,35,12,9,1671.193359,2025-12-08 00:36:13
35,13,9,1581.5,2025-12-08 00:35:14,46362.0,,35,13,9,1675.751221,2025-12-08 00:36:14
35,14,9,1574.8,2025-12-08 00:35:15,45359.0,,35,14,9,1680.351196,2025-12-08 00:36:15
35,15,9,1574.1,2025-12-08 00:35:16,44351.0,,35,15,9,1684.993042,2025-12-08 00:36:16
35,16,9,1576.0,2025-12-08 00:35:17,43349.0,,35,16,9,1689.673462,2025-12-08 00:36:17
35,17,9,1575.3,2025-12-08 00:35:18,42348.0,,35,17,9,1694.390015,2025-12-08 00:36:18
35,18,9,1584.5,2025-12-08 00:35:19,41346.0,,35,18,9,1699.140137,2025-12-08 00:36:19
35,19,9,1582.6,2025-12-08 00:35:20,40342.0,,35,19,9,1703.920044,2025-12-08 00:36:20
35,20,9,1578.7,2025-12-08 00:35:21,39339.0,,35,20,9,1708.727783,2025-12-08 00:36:21
35,21,9,1579.2,2025-12-08 00:35:22,38334.0,,35,21,9,1713.559814,2025-12-08 00:36:22
35,22,9,1579.8,2025-12-08 00:35:23,37329.0,,35,22,9,1718.412354,2025-12-08 00:36:23
35,23,9,1584.5,2025-12-08 00:35:24,36324.0,,35,23,9,1723.280762,2025-12-08 00:36:24
35,24,9,1575.8,2025-12-08 00:35:25,35317.0,,35,24,9,1728.161499,2025-12-08 00:36:25
35,25,9,1578.0,2025-12-08 00:35:26,34305.0,,35,25,9,1733.050903,2025-12-08 00:36:26
35,26,9,1575.7,2025-12-08 00:35:27,33297.0,,35,26,9,1737.944092,2025-12-08 00:36:27
35,27,9,1579.3,2025-12-08 00:35:28,32287.0,,35,27,9,1742.836304,2025-12-08 00:36:28
35,28,9,1577.0,2025-12-08 00:35:29,31286.0,,35,28,9,1747.723145,2025-12-08 00:36:29
35,29,9,1574.0,2025-12-08 00:35:30,30273.0,,35,29,9,1752.60022,2025-12-08 00:36:30
35,30,9,1577.3,2025-12-08 00:35:31,29258.0,,35,30,9,1757.463013,2025-12-08 00:36:31
35,31,9,1579.5,2025-12-08 00:35:32,28257.0,,35,31,9,1762.306274,2025-12-08 00:36:32
35,32,9,1596.1,2025-12-08 00:35:33,27255.0,,35,32,9,1767.125488,2025-12-08 00:36:33
35,33,9,1576.6,2025-12-08 00:35:34,26254.0,,35,33,9,1771.914917,2025-12-08 00:36:34
35,34,9,1578.3,2025-12-08 00:35:35,25247.0,,35,34,9,1776.673462,2025-12-08 00:36:35
35,35,9,1576.8,2025-12-08 00:35:36,24238.0,,35,35,9,1781.394531,2025-12-08 00:36:36
35,36,9,1577.9,2025-12-08 00:35:37,23235.0,,35,36,9,1786.073608,2025-12-08 00:36:37
35,37,9,1580.7,2025-12-08 00:35:38,22233.0,,35,37,9,1790.705811,2025-12-08 00:36:38
35,38,9,1579.3,2025-12-08 00:35:39,21230.0,,35,38,9,1795.287354,2025-12-08 00:36:39
35,39,9,1579.2,2025-12-08 00:35:40,20226.0,,35,39,9,1799.813965,2025-12-08 00:36:40
35,40,9,1580.9,2025-12-08 00:35:41,19213.0,,35,40,9,1804.282227,2025-12-08 00:36:41
35,41,9,1580.4,2025-12-08 00:35:42,18209.0,,35,41,9,1808.687988,2025-12-08 00:36:42
35,42,9,1581.2,2025-12-08 00:35:43,17207.0,,35,42,9,1813.027954,2025-12-08 00:36:43
35,43,9,1580.9,2025-12-08 00:35:44,16198.0,,35,43,9,1817.298828,2025-12-08 00:36:44
35,44,9,1575.6,2025-12-08 00:35:45,15181.0,,35,44,9,1821.497559,2025-12-08 00:36:45
35,45,9,1580.0,2025-12-08 00:35:46,14179.0,,35,45,9,1825.621338,2025-12-08 00:36:46
35,46,9,1579.4,2025-12-08 00:35:47,13177.0,,35,46,9,1829.666992,2025-12-08 00:36:47
35,47,9,1578.6,2025-12-08 00:35:48,12170.0,,35,47,9,1833.632324,2025-12-08 00:36:48
35,48,9,1581.8,2025-12-08 00:35:49,11169.0,,35,48,9,1837.515747,2025-12-08 00:36:49
35,49,9,1579.9,2025-12-08 00:35:50,10162.0,,35,49,9,1841.314331,2025-12-08 00:36:50
35,50,9,1579.3,2025-12-08 00:35:51,9158.0,,35,50,9,1845.027466,2025-12-08 00:36:51
35,51,9,1581.6,2025-12-08 00:35:52,8062.0,,35,51,9,1848.653687,2025-12-08 00:36:52
35,52,9,1582.5,2025-12-08 00:35:53,7057.0,,35,52,9,1852.191284,2025-12-08 00:36:53
35,53,9,1582.6,2025-12-08 00:35:54,6046.0,,35,53,9,1855.639404,2025-12-08 00:36:54
35,54,9,1582.3,2025-12-08 00:35:55,5042.0,,35,54,9,1858.998413,2025-12-08 00:36:55
35,55,9,1582.1,2025-12-08 00:35:56,4041.0,,35,55,9,1862.266479,2025-12-08 00:36:56
35,56,9,1588.5,2025-12-08 00:35:57,3036.0,,35,56,9,1865.445068,2025-12-08 00:36:57
35,57,9,1583.3,2025-12-08 00:35:58,2030.0,,35,57,9,1868.532349,2025-12-08 00:36:58
35,58,9,1582.9,2025-12-08 00:35:59,1026.0,,35,58,9,1871.530762,2025-12-08 00:36:59
35,59,9,1592.2,2025-12-08 00:36:00,24.0,,35,59,9,1874.439453,2025-12-08 00:37:00
