block,id,sensor_id,sensor_energy_value,sensor_timestamp,message_delay,,block,id,sensor_id,sensor_energy_value_prediction,sensor_timestamp
0,0,1,699.6,2025-12-08 00:00:00,59224.0,,0,0,1,884.473389,2025-12-08 00:01:00
0,1,1,710.8,2025-12-08 00:00:01,58219.0,,0,1,1,906.80304,2025-12-08 00:01:01
0,2,1,695.3,2025-12-08 00:00:02,57216.0,,0,2,1,933.009827,2025-12-08 00:01:02
0,3,1,695.3,2025-12-08 00:00:03,56213.0,,0,3,1,961.246887,2025-12-08 00:01:03
0,4,1,693.7,2025-12-08 00:00:04,55209.0,,0,4,1,990.089722,2025-12-08 00:01:04
0,5,1,695.2,2025-12-08 00:00:05,54206.0,,0,5,1,1018.381348,2025-12-08 00:01:05
0,6,1,694.9,2025-12-08 00:00:06,53202.0,,0,6,1,1045.175781,2025-12-08 00:01:06
0,7,1,694.4,2025-12-08 00:00:07,52199.0,,0,7,1,1069.717041,2025-12-08 00:01:07
0,8,1,693.6,2025-12-08 00:00:08,51196.0,,0,8,1,1091.43396,2025-12-08 00:01:08
0,9,1,700.2,2025-12-08 00:00:09,50193.0,,0,9,1,1109.942383,2025-12-08 00:01:09
0,10,1,702.3,2025-12-08 00:00:10,49191.0,,0,10,1,1125.047485,2025-12-08 00:01:10
0,11,1,694.8,2025-12-08 00:00:11,48188.0,,0,11,1,1136.738403,2025-12-08 00:01:11
0,12,1,694.7,2025-12-08 00:00:12,47185.0,,0,12,1,1145.174927,2025-12-08 00:01:12
0,13,1,693.1,2025-12-08 00:00:13,46182.0,,0,13,1,1150.664673,2025-12-08 00:01:13
0,14,1,695.3,2025-12-08 00:00:14,45179.0,,0,14,1,1153.630249,2025-12-08 00:01:14
0,15,1,693.7,2025-12-08 00:00:15,44175.0,,0,15,1,1154.571655,2025-12-08 00:01:15
0,16,1,694.5,2025-12-08 00:00:16,43172.0,,0,16,1,1154.024658,2025-12-08 00:01:16
0,17,1,694.6,2025-12-08 00:00:17,42169.0,,0,17,1,1152.521729,2025-12-08 00:01:17
0,18,1,696.1,2025-12-08 00:00:18,41166.0,,0,18,1,1150.556641,2025-12-08 00:01:18
0,19,1,708.9,2025-12-08 00:00:19,40163.0,,0,19,1,1148.55835,2025-12-08 00:01:19
0,20,1,697.9,2025-12-08 00:00:20,39159.0,,0,20,1,1146.872681,2025-12-08 00:01:20
0,21,1,701.4,2025-12-08 00:00:21,38157.0,,0,21,1,1145.754639,2025-12-08 00:01:21
0,22,1,695.0,2025-12-08 00:00:22,37154.0,,0,22,1,1145.367554,2025-12-08 00:01:22
0,23,1,695.6,2025-12-08 00:00:23,36152.0,,0,23,1,1145.790161,2025-12-08 00:01:23
0,24,1,695.7,2025-12-08 00:00:24,35149.0,,0,24,1,1147.027466,2025-12-08 00:01:24
0,25,1,690.8,2025-12-08 00:00:25,34146.0,,0,25,1,1149.024414,2025-12-08 00:01:25
0,26,1,693.2,2025-12-08 00:00:26,33144.0,,0,26,1,1151.681152,2025-12-08 00:01:26
0,27,1,713.7,2025-12-08 00:00:27,32141.0,,0,27,1,1154.866699,2025-12-08 00:01:27
0,28,1,695.1,2025-12-08 00:00:28,31137.0,,0,28,1,1158.433105,2025-12-08 00:01:28
0,29,1,694.1,2025-12-08 00:00:29,30134.0,,0,29,1,1162.227295,2025-12-08 00:01:29
0,30,1,691.4,2025-12-08 00:00:30,29130.0,,0,30,1,1166.10144,2025-12-08 00:01:30
0,31,1,690.4,2025-12-08 00:00:31,28126.0,,0,31,1,1169.920654,2025-12-08 00:01:31
0,32,1,695.3,2025-12-08 00:00:32,27122.0,,0,32,1,1173.569336,2025-12-08 00:01:32
0,33,1,827.1,2025-12-08 00:00:33,26119.0,,0,33,1,1176.954712,2025-12-08 00:01:33
0,34,1,797.3,2025-12-08 00:00:34,25116.0,,0,34,1,1180.009644,2025-12-08 00:01:34
0,35,1,803.6,2025-12-08 00:00:35,24112.0,,0,35,1,1182.692139,2025-12-08 00:01:35
0,36,1,796.7,2025-12-08 00:00:36,23110.0,,0,36,1,1184.984497,2025-12-08 00:01:36
0,37,1,704.4,2025-12-08 00:00:37,22108.0,,0,37,1,1186.890747,2025-12-08 00:01:37
0,38,1,792.7,2025-12-08 00:00:38,21106.0,,0,38,1,1188.433228,2025-12-08 00:01:38
0,39,1,850.3,2025-12-08 00:00:39,20102.0,,0,39,1,1189.649048,2025-12-08 00:01:39
0,40,1,808.5,2025-12-08 00:00:40,19099.0,,0,40,1,1190.584839,2025-12-08 00:01:40
0,41,1,810.8,2025-12-08 00:00:41,18095.0,,0,41,1,1191.293091,2025-12-08 00:01:41
0,42,1,809.5,2025-12-08 00:00:42,17091.0,,0,42,1,1191.828247,2025-12-08 00:01:42
0,43,1,799.3,2025-12-08 00:00:43,16089.0,,0,43,1,1192.243652,2025-12-08 00:01:43
0,44,1,797.1,2025-12-08 00:00:44,15085.0,,0,44,1,1192.58728,2025-12-08 00:01:44
0,45,1,794.5,2025-12-08 00:00:45,14081.0,,0,45,1,1192.901367,2025-12-08 00:01:45
0,46,1,799.0,2025-12-08 00:00:46,13077.0,,0,46,1,1193.219849,2025-12-08 00:01:46
0,47,1,795.6,2025-12-08 00:00:47,12074.0,,0,47,1,1193.568481,2025-12-08 00:01:47
0,48,1,799.2,2025-12-08 00:00:48,11070.0,,0,48,1,1193.964111,2025-12-08 00:01:48
0,49,1,795.9,2025-12-08 00:00:49,10067.0,,0,49,1,1194.416138,2025-12-08 00:01:49
0,50,1,797.5,2025-12-08 00:00:50,9063.0,,0,50,1,1194.926392,2025-12-08 00:01:50
0,51,1,801.1,2025-12-08 00:00:51,8059.0,,0,51,1,1195.490723,2025-12-08 00:01:51
0,52,1,800.3,2025-12-08 00:00:52,7055.0,,0,52,1,1196.10083,2025-12-08 00:01:52
0,53,1,796.4,2025-12-08 00:00:53,6052.0,,0,53,1,1196.745117,2025-12-08 00:01:53
0,54,1,796.5,2025-12-08 00:00:54,5049.0,,0,54,1,1197.409912,2025-12-08 00:01:54
0,55,1,799.2,2025-12-08 00:00:55,4046.0,,0,55,1,1198.081055,2025-12-08 00:01:55
0,56,1,798.3,2025-12-08 00:00:56,3042.0,,0,56,1,1198.744873,2025-12-08 00:01:56
0,57,1,799.4,2025-12-08 00:00:57,2038.0,,0,57,1,1199.389038,2025-12-08 00:01:57
0,58,1,798.7,2025-12-08 00:00:58,1035.0,,0,58,1,1200.002686,2025-12-08 00:01:58
0,59,1,798.8,2025-12-08 00:00:59,32.0,,0,59,1,1200.578003,2025-12-08 00:01:59
1,0,1,1210.914286,2025-12-08 00:01:00,59180.0,,1,0,1,1278.00647,2025-12-08 00:02:00
1,1,1,1210.914286,2025-12-08 00:01:01,58177.0,,1,1,1,1277.920166,2025-12-08 00:02:01
1,2,1,1210.914286,2025-12-08 00:01:02,57175.0,,1,2,1,1276.30127,2025-12-08 00:02:02
1,3,1,1210.914286,2025-12-08 00:01:03,56172.0,,1,3,1,1273.574707,2025-12-08 00:02:03
1,4,1,801.0,2025-12-08 00:01:04,55170.0,,1,4,1,1270.032349,2025-12-08 00:02:04
1,5,1,1026.4,2025-12-08 00:01:05,54168.0,,1,5,1,1265.945923,2025-12-08 00:02:05
1,6,1,1181.0,2025-12-08 00:01:06,53166.0,,1,6,1,1261.566895,2025-12-08 00:02:06
1,7,1,1017.9,2025-12-08 00:01:07,52163.0,,1,7,1,1257.119141,2025-12-08 00:02:07
1,8,1,998.6,2025-12-08 00:01:08,51161.0,,1,8,1,1252.792603,2025-12-08 00:02:08
1,9,1,1076.1,2025-12-08 00:01:09,50158.0,,1,9,1,1248.738281,2025-12-08 00:02:09
1,10,1,1009.1,2025-12-08 00:01:10,49156.0,,1,10,1,1245.065674,2025-12-08 00:02:10
1,11,1,1058.5,2025-12-08 00:01:11,48153.0,,1,11,1,1241.844116,2025-12-08 00:02:11
1,12,1,1085.7,2025-12-08 00:01:12,47151.0,,1,12,1,1239.105713,2025-12-08 00:02:12
1,13,1,1110.5,2025-12-08 00:01:13,46147.0,,1,13,1,1236.849243,2025-12-08 00:02:13
1,14,1,1138.4,2025-12-08 00:01:14,45144.0,,1,14,1,1235.047485,2025-12-08 00:02:14
1,15,1,1162.7,2025-12-08 00:01:15,44140.0,,1,15,1,1233.6521,2025-12-08 00:02:15
1,16,1,1179.2,2025-12-08 00:01:16,43136.0,,1,16,1,1232.601562,2025-12-08 00:02:16
1,17,1,1200.0,2025-12-08 00:01:17,42132.0,,1,17,1,1231.826416,2025-12-08 00:02:17
1,18,1,1217.7,2025-12-08 00:01:18,41129.0,,1,18,1,1231.255249,2025-12-08 00:02:18
1,19,1,1231.6,2025-12-08 00:01:19,40126.0,,1,19,1,1230.819336,2025-12-08 00:02:19
1,20,1,1241.7,2025-12-08 00:01:20,39122.0,,1,20,1,1230.455811,2025-12-08 00:02:20
1,21,1,1244.7,2025-12-08 00:01:21,38118.0,,1,21,1,1230.111206,2025-12-08 00:02:21
1,22,1,1240.0,2025-12-08 00:01:22,37115.0,,1,22,1,1229.742432,2025-12-08 00:02:22
1,23,1,1247.0,2025-12-08 00:01:23,36113.0,,1,23,1,1229.317749,2025-12-08 00:02:23
1,24,1,1251.8,2025-12-08 00:01:24,35110.0,,1,24,1,1228.817139,2025-12-08 00:02:24
1,25,1,1247.7,2025-12-08 00:01:25,34108.0,,1,25,1,1228.230591,2025-12-08 00:02:25
1,26,1,1245.2,2025-12-08 00:01:26,33105.0,,1,26,1,1227.557739,2025-12-08 00:02:26
1,27,1,1251.2,2025-12-08 00:01:27,32102.0,,1,27,1,1226.806152,2025-12-08 00:02:27
1,28,1,1250.8,2025-12-08 00:01:28,31099.0,,1,28,1,1225.98877,2025-12-08 00:02:28
1,29,1,1253.0,2025-12-08 00:01:29,30096.0,,1,29,1,1225.122437,2025-12-08 00:02:29
1,30,1,1248.4,2025-12-08 00:01:30,29092.0,,1,30,1,1224.227173,2025-12-08 00:02:30
1,31,1,1245.4,2025-12-08 00:01:31,28089.0,,1,31,1,1223.322388,2025-12-08 00:02:31
1,32,1,1245.5,2025-12-08 00:01:32,27086.0,,1,32,1,1222.427002,2025-12-08 00:02:32
1,33,1,1246.1,2025-12-08 00:01:33,26083.0,,1,33,1,1221.55835,2025-12-08 00:02:33
1,34,1,1248.1,2025-12-08 00:01:34,25080.0,,1,34,1,1220.730103,2025-12-08 00:02:34
1,35,1,1249.2,2025-12-08 00:01:35,24077.0,,1,35,1,1219.953613,2025-12-08 00:02:35
1,36,1,1250.9,2025-12-08 00:01:36,23073.0,,1,36,1,1219.236084,2025-12-08 00:02:36
1,37,1,1243.0,2025-12-08 00:01:37,22070.0,,1,37,1,1218.581543,2025-12-08 00:02:37
1,38,1,1243.8,2025-12-08 00:01:38,21067.0,,1,38,1,1217.991211,2025-12-08 00:02:38
1,39,1,1248.7,2025-12-08 00:01:39,20064.0,,1,39,1,1217.462646,2025-12-08 00:02:39
1,40,1,1249.9,2025-12-08 00:01:40,19061.0,,1,40,1,1216.99231,2025-12-08 00:02:40
1,41,1,1249.9,2025-12-08 00:01:41,18059.0,,1,41,1,1216.574097,2025-12-08 00:02:41
1,42,1,1255.7,2025-12-08 00:01:42,17056.0,,1,42,1,1216.201538,2025-12-08 00:02:42
1,43,1,1259.2,2025-12-08 00:01:43,16053.0,,1,43,1,1215.867065,2025-12-08 00:02:43
1,44,1,1257.6,2025-12-08 00:01:44,15051.0,,1,44,1,1215.563354,2025-12-08 00:02:44
1,45,1,1266.0,2025-12-08 00:01:45,14050.0,,1,45,1,1215.283447,2025-12-08 00:02:45
1,46,1,1267.9,2025-12-08 00:01:46,13048.0,,1,46,1,1215.020874,2025-12-08 00:02:46
1,47,1,1266.5,2025-12-08 00:01:47,12046.0,,1,47,1,1214.77063,2025-12-08 00:02:47
1,48,1,1269.9,2025-12-08 00:01:48,11044.0,,1,48,1,1214.527832,2025-12-08 00:02:48
1,49,1,1267.9,2025-12-08 00:01:49,10043.0,,1,49,1,1214.289795,2025-12-08 00:02:49
1,50,1,1269.7,2025-12-08 00:01:50,9040.0,,1,50,1,1214.054077,2025-12-08 00:02:50
1,51,1,1274.2,2025-12-08 00:01:51,8038.0,,1,51,1,1213.819336,2025-12-08 00:02:51
1,52,1,1274.1,2025-12-08 00:01:52,7036.0,,1,52,1,1213.585571,2025-12-08 00:02:52
1,53,1,1271.6,2025-12-08 00:01:53,6034.0,,1,53,1,1213.353027,2025-12-08 00:02:53
1,54,1,1274.6,2025-12-08 00:01:54,5032.0,,1,54,1,1213.122559,2025-12-08 00:02:54
1,55,1,1273.1,2025-12-08 00:01:55,4030.0,,1,55,1,1212.895752,2025-12-08 00:02:55
1,56,1,1273.5,2025-12-08 00:01:56,3028.0,,1,56,1,1212.673462,2025-12-08 00:02:56
1,57,1,1279.1,2025-12-08 00:01:57,2025.0,,1,57,1,1212.458008,2025-12-08 00:02:57
1,58,1,1277.1,2025-12-08 00:01:58,1023.0,,1,58,1,1212.249878,2025-12-08 00:02:58
1,59,1,1297.1,2025-12-08 00:01:59,21.0,,1,59,1,1212.050903,2025-12-08 00:02:59
2,0,1,1279.1,2025-12-08 00:02:00,59172.0,,2,0,1,1267.731079,2025-12-08 00:03:00
2,1,1,1272.2,2025-12-08 00:02:01,58170.0,,2,1,1,1266.646118,2025-12-08 00:03:01
2,2,1,1270.8,2025-12-08 00:02:02,57168.0,,2,2,1,1264.669434,2025-12-08 00:03:02
2,3,1,1271.8,2025-12-08 00:02:03,56166.0,,2,3,1,1262.057007,2025-12-08 00:03:03
2,4,1,1271.3,2025-12-08 00:02:04,55163.0,,2,4,1,1258.999878,2025-12-08 00:03:04
2,5,1,1270.7,2025-12-08 00:02:05,54161.0,,2,5,1,1255.674438,2025-12-08 00:03:05
2,6,1,1272.9,2025-12-08 00:02:06,53159.0,,2,6,1,1252.240845,2025-12-08 00:03:06
2,7,1,1276.5,2025-12-08 00:02:07,52156.0,,2,7,1,1248.838623,2025-12-08 00:03:07
2,8,1,1268.7,2025-12-08 00:02:08,51153.0,,2,8,1,1245.58313,2025-12-08 00:03:08
2,9,1,1267.4,2025-12-08 00:02:09,50151.0,,2,9,1,1242.562622,2025-12-08 00:03:09
2,10,1,1270.3,2025-12-08 00:02:10,49149.0,,2,10,1,1239.838257,2025-12-08 00:03:10
2,11,1,1266.6,2025-12-08 00:02:11,48147.0,,2,11,1,1237.445068,2025-12-08 00:03:11
2,12,1,1271.5,2025-12-08 00:02:12,47144.0,,2,12,1,1235.394287,2025-12-08 00:03:12
2,13,1,1267.8,2025-12-08 00:02:13,46142.0,,2,13,1,1233.67688,2025-12-08 00:03:13
2,14,1,1268.8,2025-12-08 00:02:14,45139.0,,2,14,1,1232.2677,2025-12-08 00:03:14
2,15,1,1288.2,2025-12-08 00:02:15,44136.0,,2,15,1,1231.129517,2025-12-08 00:03:15
2,16,1,1267.6,2025-12-08 00:02:16,43133.0,,2,16,1,1230.218018,2025-12-08 00:03:16
2,17,1,1271.8,2025-12-08 00:02:17,42130.0,,2,17,1,1229.485107,2025-12-08 00:03:17
2,18,1,1272.5,2025-12-08 00:02:18,41127.0,,2,18,1,1228.882568,2025-12-08 00:03:18
2,19,1,1277.3,2025-12-08 00:02:19,40124.0,,2,19,1,1228.364868,2025-12-08 00:03:19
2,20,1,1277.5,2025-12-08 00:02:20,39122.0,,2,20,1,1227.89209,2025-12-08 00:03:20
2,21,1,1280.7,2025-12-08 00:02:21,38119.0,,2,21,1,1227.430298,2025-12-08 00:03:21
2,22,1,1274.7,2025-12-08 00:02:22,37117.0,,2,22,1,1226.953125,2025-12-08 00:03:22
2,23,1,1274.9,2025-12-08 00:02:23,36115.0,,2,23,1,1226.442139,2025-12-08 00:03:23
2,24,1,1278.8,2025-12-08 00:02:24,35113.0,,2,24,1,1225.886353,2025-12-08 00:03:24
2,25,1,1271.3,2025-12-08 00:02:25,34111.0,,2,25,1,1225.281372,2025-12-08 00:03:25
2,26,1,1271.4,2025-12-08 00:02:26,33109.0,,2,26,1,1224.628784,2025-12-08 00:03:26
2,27,1,1276.4,2025-12-08 00:02:27,32107.0,,2,27,1,1223.934814,2025-12-08 00:03:27
2,28,1,1275.2,2025-12-08 00:02:28,31104.0,,2,28,1,1223.209229,2025-12-08 00:03:28
2,29,1,1276.9,2025-12-08 00:02:29,30102.0,,2,29,1,1222.463989,2025-12-08 00:03:29
2,30,1,1274.4,2025-12-08 00:02:30,29100.0,,2,30,1,1221.711914,2025-12-08 00:03:30
2,31,1,1268.6,2025-12-08 00:02:31,28099.0,,2,31,1,1220.965942,2025-12-08 00:03:31
2,32,1,1269.6,2025-12-08 00:02:32,27096.0,,2,32,1,1220.237671,2025-12-08 00:03:32
2,33,1,1274.0,2025-12-08 00:02:33,26094.0,,2,33,1,1219.537842,2025-12-08 00:03:33
2,34,1,1270.5,2025-12-08 00:02:34,25092.0,,2,34,1,1218.874512,2025-12-08 00:03:34
2,35,1,1271.8,2025-12-08 00:02:35,24090.0,,2,35,1,1218.254028,2025-12-08 00:03:35
2,36,1,1270.9,2025-12-08 00:02:36,23088.0,,2,36,1,1217.680176,2025-12-08 00:03:36
2,37,1,1269.2,2025-12-08 00:02:37,22086.0,,2,37,1,1217.154297,2025-12-08 00:03:37
2,38,1,1271.1,2025-12-08 00:02:38,21084.0,,2,38,1,1216.675903,2025-12-08 00:03:38
2,39,1,1273.3,2025-12-08 00:02:39,20082.0,,2,39,1,1216.243408,2025-12-08 00:03:39
2,40,1,1272.9,2025-12-08 00:02:40,19080.0,,2,40,1,1215.852783,2025-12-08 00:03:40
2,41,1,1277.5,2025-12-08 00:02:41,18078.0,,2,41,1,1215.499756,2025-12-08 00:03:41
2,42,1,1269.7,2025-12-08 00:02:42,17074.0,,2,42,1,1215.179565,2025-12-08 00:03:42
2,43,1,1266.1,2025-12-08 00:02:43,16073.0,,2,43,1,1214.886963,2025-12-08 00:03:43
2,44,1,1271.0,2025-12-08 00:02:44,15071.0,,2,44,1,1214.616699,2025-12-08 00:03:44
2,45,1,1269.3,2025-12-08 00:02:45,14070.0,,2,45,1,1214.364136,2025-12-08 00:03:45
2,46,1,1272.8,2025-12-08 00:02:46,13068.0,,2,46,1,1214.125366,2025-12-08 00:03:46
2,47,1,1274.3,2025-12-08 00:02:47,12066.0,,2,47,1,1213.896484,2025-12-08 00:03:47
2,48,1,1269.5,2025-12-08 00:02:48,11065.0,,2,48,1,1213.674927,2025-12-08 00:03:48
2,49,1,1268.6,2025-12-08 00:02:49,10061.0,,2,49,1,1213.458496,2025-12-08 00:03:49
2,50,1,1269.2,2025-12-08 00:02:50,9059.0,,2,50,1,1213.246216,2025-12-08 00:03:50
2,51,1,1272.9,2025-12-08 00:02:51,8057.0,,2,51,1,1213.037231,2025-12-08 00:03:51
2,52,1,1269.6,2025-12-08 00:02:52,7056.0,,2,52,1,1212.831299,2025-12-08 00:03:52
2,53,1,1269.1,2025-12-08 00:02:53,6054.0,,2,53,1,1212.628906,2025-12-08 00:03:53
2,54,1,1265.1,2025-12-08 00:02:54,5050.0,,2,54,1,1212.43042,2025-12-08 00:03:54
2,55,1,1269.0,2025-12-08 00:02:55,4049.0,,2,55,1,1212.236694,2025-12-08 00:03:55
2,56,1,1269.0,2025-12-08 00:02:56,3048.0,,2,56,1,1212.048828,2025-12-08 00:03:56
2,57,1,1273.6,2025-12-08 00:02:57,2045.0,,2,57,1,1211.867798,2025-12-08 00:03:57
2,58,1,1269.1,2025-12-08 00:02:58,1044.0,,2,58,1,1211.694092,2025-12-08 00:03:58
2,59,1,1277.4,2025-12-08 00:02:59,40.0,,2,59,1,1211.52832,2025-12-08 00:03:59
3,0,1,1271.2,2025-12-08 00:03:00,59165.0,,3,0,1,1432.454468,2025-12-08 00:04:00
3,1,1,1273.9,2025-12-08 00:03:01,58160.0,,3,1,1,1433.93103,2025-12-08 00:04:01
3,2,1,1271.9,2025-12-08 00:03:02,57152.0,,3,2,1,1431.391479,2025-12-08 00:04:02
3,3,1,1269.8,2025-12-08 00:03:03,56150.0,,3,3,1,1425.591064,2025-12-08 00:04:03
3,4,1,1285.8,2025-12-08 00:03:04,55145.0,,3,4,1,1417.229248,2025-12-08 00:04:04
3,5,1,1270.1,2025-12-08 00:03:05,54144.0,,3,5,1,1407.018555,2025-12-08 00:04:05
3,6,1,1291.2,2025-12-08 00:03:06,53142.0,,3,6,1,1395.656494,2025-12-08 00:04:06
3,7,1,1266.4,2025-12-08 00:03:07,52141.0,,3,7,1,1383.790405,2025-12-08 00:04:07
3,8,1,1264.3,2025-12-08 00:03:08,51137.0,,3,8,1,1371.986816,2025-12-08 00:04:08
3,9,1,1275.5,2025-12-08 00:03:09,50134.0,,3,9,1,1360.708496,2025-12-08 00:04:09
3,10,1,1272.3,2025-12-08 00:03:10,49125.0,,3,10,1,1350.302734,2025-12-08 00:04:10
3,11,1,1268.3,2025-12-08 00:03:11,48123.0,,3,11,1,1340.999878,2025-12-08 00:04:11
3,12,1,1271.6,2025-12-08 00:03:12,47116.0,,3,12,1,1332.919312,2025-12-08 00:04:12
3,13,1,1267.8,2025-12-08 00:03:13,46102.0,,3,13,1,1326.084351,2025-12-08 00:04:13
3,14,1,1269.1,2025-12-08 00:03:14,45100.0,,3,14,1,1320.437378,2025-12-08 00:04:14
3,15,1,1279.5,2025-12-08 00:03:15,44099.0,,3,15,1,1315.86145,2025-12-08 00:04:15
3,16,1,1265.1,2025-12-08 00:03:16,43097.0,,3,16,1,1312.197388,2025-12-08 00:04:16
3,17,1,1267.3,2025-12-08 00:03:17,42095.0,,3,17,1,1309.262573,2025-12-08 00:04:17
3,18,1,1271.7,2025-12-08 00:03:18,41092.0,,3,18,1,1306.867432,2025-12-08 00:04:18
3,19,1,1273.7,2025-12-08 00:03:19,40090.0,,3,19,1,1304.827881,2025-12-08 00:04:19
3,20,1,1271.5,2025-12-08 00:03:20,39088.0,,3,20,1,1302.975952,2025-12-08 00:04:20
3,21,1,1275.9,2025-12-08 00:03:21,38087.0,,3,21,1,1301.167114,2025-12-08 00:04:21
3,22,1,1274.3,2025-12-08 00:03:22,37085.0,,3,22,1,1299.285767,2025-12-08 00:04:22
3,23,1,1280.4,2025-12-08 00:03:23,36083.0,,3,23,1,1297.24707,2025-12-08 00:04:23
3,24,1,1283.8,2025-12-08 00:03:24,35082.0,,3,24,1,1294.99646,2025-12-08 00:04:24
3,25,1,1263.9,2025-12-08 00:03:25,34080.0,,3,25,1,1292.509277,2025-12-08 00:04:25
3,26,1,1270.2,2025-12-08 00:03:26,33078.0,,3,26,1,1289.785278,2025-12-08 00:04:26
3,27,1,1307.2,2025-12-08 00:03:27,32077.0,,3,27,1,1286.846558,2025-12-08 00:04:27
3,28,1,1400.8,2025-12-08 00:03:28,31076.0,,3,28,1,1283.730591,2025-12-08 00:04:28
3,29,1,1377.4,2025-12-08 00:03:29,30074.0,,3,29,1,1280.486694,2025-12-08 00:04:29
3,30,1,1377.1,2025-12-08 00:03:30,29072.0,,3,30,1,1277.169312,2025-12-08 00:04:30
3,31,1,1377.2,2025-12-08 00:03:31,28070.0,,3,31,1,1273.834717,2025-12-08 00:04:31
3,32,1,1377.5,2025-12-08 00:03:32,27068.0,,3,32,1,1270.536255,2025-12-08 00:04:32
3,33,1,1380.9,2025-12-08 00:03:33,26066.0,,3,33,1,1267.322021,2025-12-08 00:04:33
3,34,1,1385.2,2025-12-08 00:03:34,25063.0,,3,34,1,1264.232178,2025-12-08 00:04:34
3,35,1,1390.8,2025-12-08 00:03:35,24061.0,,3,35,1,1261.297729,2025-12-08 00:04:35
3,36,1,1366.7,2025-12-08 00:03:36,23059.0,,3,36,1,1258.539551,2025-12-08 00:04:36
3,37,1,1379.2,2025-12-08 00:03:37,22057.0,,3,37,1,1255.969604,2025-12-08 00:04:37
3,38,1,1378.3,2025-12-08 00:03:38,21055.0,,3,38,1,1253.590942,2025-12-08 00:04:38
3,39,1,1380.6,2025-12-08 00:03:39,20053.0,,3,39,1,1251.398804,2025-12-08 00:04:39
3,40,1,1381.1,2025-12-08 00:03:40,19052.0,,3,40,1,1249.38269,2025-12-08 00:04:40
3,41,1,1374.5,2025-12-08 00:03:41,18049.0,,3,41,1,1247.527466,2025-12-08 00:04:41
3,42,1,1382.2,2025-12-08 00:03:42,17047.0,,3,42,1,1245.815063,2025-12-08 00:04:42
3,43,1,1373.4,2025-12-08 00:03:43,16045.0,,3,43,1,1244.22583,2025-12-08 00:04:43
3,44,1,1379.1,2025-12-08 00:03:44,15043.0,,3,44,1,1242.740112,2025-12-08 00:04:44
3,45,1,1376.6,2025-12-08 00:03:45,14041.0,,3,45,1,1241.339355,2025-12-08 00:04:45
3,46,1,1376.0,2025-12-08 00:03:46,13039.0,,3,46,1,1240.006714,2025-12-08 00:04:46
3,47,1,1375.1,2025-12-08 00:03:47,12038.0,,3,47,1,1238.727539,2025-12-08 00:04:47
3,48,1,1376.3,2025-12-08 00:03:48,11036.0,,3,48,1,1237.490356,2025-12-08 00:04:48
3,49,1,1374.8,2025-12-08 00:03:49,10034.0,,3,49,1,1236.286499,2025-12-08 00:04:49
3,50,1,1374.6,2025-12-08 00:03:50,9031.0,,3,50,1,1235.109863,2025-12-08 00:04:50
3,51,1,1377.9,2025-12-08 00:03:51,8029.0,,3,51,1,1233.957275,2025-12-08 00:04:51
3,52,1,1382.4,2025-12-08 00:03:52,7027.0,,3,52,1,1232.827393,2025-12-08 00:04:52
3,53,1,1386.4,2025-12-08 00:03:53,6024.0,,3,53,1,1231.721313,2025-12-08 00:04:53
3,54,1,1383.3,2025-12-08 00:03:54,5022.0,,3,54,1,1230.640625,2025-12-08 00:04:54
3,55,1,1376.1,2025-12-08 00:03:55,4020.0,,3,55,1,1229.588257,2025-12-08 00:04:55
3,56,1,1405.4,2025-12-08 00:03:56,3019.0,,3,56,1,1228.567749,2025-12-08 00:04:56
3,57,1,1447.6,2025-12-08 00:03:57,2016.0,,3,57,1,1227.582397,2025-12-08 00:04:57
3,58,1,1438.7,2025-12-08 00:03:58,1014.0,,3,58,1,1226.635254,2025-12-08 00:04:58
3,59,1,1437.0,2025-12-08 00:03:59,12.0,,3,59,1,1225.728882,2025-12-08 00:04:59
4,0,1,1447.4,2025-12-08 00:04:00,59133.0,,4,0,1,1509.44458,2025-12-08 00:05:00
4,1,1,1447.4,2025-12-08 00:04:01,58130.0,,4,1,1,1506.035889,2025-12-08 00:05:01
4,2,1,1437.7,2025-12-08 00:04:02,57128.0,,4,2,1,1501.447998,2025-12-08 00:05:02
4,3,1,1439.2,2025-12-08 00:04:03,56127.0,,4,3,1,1495.992188,2025-12-08 00:05:03
4,4,1,1441.2,2025-12-08 00:04:04,55125.0,,4,4,1,1489.892578,2025-12-08 00:05:04
4,5,1,1443.6,2025-12-08 00:04:05,54123.0,,4,5,1,1483.353516,2025-12-08 00:05:05
4,6,1,1451.0,2025-12-08 00:04:06,53121.0,,4,6,1,1476.558716,2025-12-08 00:05:06
4,7,1,1440.2,2025-12-08 00:04:07,52119.0,,4,7,1,1469.667114,2025-12-08 00:05:07
4,8,1,1446.8,2025-12-08 00:04:08,51117.0,,4,8,1,1462.810303,2025-12-08 00:05:08
4,9,1,1444.9,2025-12-08 00:04:09,50115.0,,4,9,1,1456.088745,2025-12-08 00:05:09
4,10,1,1443.8,2025-12-08 00:04:10,49113.0,,4,10,1,1449.57312,2025-12-08 00:05:10
4,11,1,1441.1,2025-12-08 00:04:11,48111.0,,4,11,1,1443.30542,2025-12-08 00:05:11
4,12,1,1447.9,2025-12-08 00:04:12,47110.0,,4,12,1,1437.302612,2025-12-08 00:05:12
4,13,1,1434.4,2025-12-08 00:04:13,46107.0,,4,13,1,1431.560059,2025-12-08 00:05:13
4,14,1,1432.2,2025-12-08 00:04:14,45105.0,,4,14,1,1426.05603,2025-12-08 00:05:14
4,15,1,1442.3,2025-12-08 00:04:15,44103.0,,4,15,1,1420.757812,2025-12-08 00:05:15
4,16,1,1448.0,2025-12-08 00:04:16,43101.0,,4,16,1,1415.625366,2025-12-08 00:05:16
4,17,1,1439.5,2025-12-08 00:04:17,42099.0,,4,17,1,1410.615967,2025-12-08 00:05:17
4,18,1,1438.1,2025-12-08 00:04:18,41098.0,,4,18,1,1405.687866,2025-12-08 00:05:18
4,19,1,1444.6,2025-12-08 00:04:19,40096.0,,4,19,1,1400.802856,2025-12-08 00:05:19
4,20,1,1446.1,2025-12-08 00:04:20,39093.0,,4,20,1,1395.929688,2025-12-08 00:05:20
4,21,1,1445.6,2025-12-08 00:04:21,38091.0,,4,21,1,1391.043457,2025-12-08 00:05:21
4,22,1,1448.8,2025-12-08 00:04:22,37088.0,,4,22,1,1386.128174,2025-12-08 00:05:22
4,23,1,1433.7,2025-12-08 00:04:23,36086.0,,4,23,1,1381.175415,2025-12-08 00:05:23
4,24,1,1436.8,2025-12-08 00:04:24,35085.0,,4,24,1,1376.184937,2025-12-08 00:05:24
4,25,1,1446.8,2025-12-08 00:04:25,34083.0,,4,25,1,1371.162476,2025-12-08 00:05:25
4,26,1,1440.7,2025-12-08 00:04:26,33080.0,,4,26,1,1366.119873,2025-12-08 00:05:26
4,27,1,1445.4,2025-12-08 00:04:27,32078.0,,4,27,1,1361.072144,2025-12-08 00:05:27
4,28,1,1446.4,2025-12-08 00:04:28,31077.0,,4,28,1,1356.037842,2025-12-08 00:05:28
4,29,1,1455.5,2025-12-08 00:04:29,30075.0,,4,29,1,1351.036377,2025-12-08 00:05:29
4,30,1,1439.8,2025-12-08 00:04:30,29073.0,,4,30,1,1346.087158,2025-12-08 00:05:30
4,31,1,1435.1,2025-12-08 00:04:31,28072.0,,4,31,1,1341.208862,2025-12-08 00:05:31
4,32,1,1450.0,2025-12-08 00:04:32,27070.0,,4,32,1,1336.418091,2025-12-08 00:05:32
4,33,1,1436.3,2025-12-08 00:04:33,26068.0,,4,33,1,1331.729248,2025-12-08 00:05:33
4,34,1,1436.4,2025-12-08 00:04:34,25066.0,,4,34,1,1327.153931,2025-12-08 00:05:34
4,35,1,1430.8,2025-12-08 00:04:35,24064.0,,4,35,1,1322.700806,2025-12-08 00:05:35
4,36,1,1453.1,2025-12-08 00:04:36,23061.0,,4,36,1,1318.375854,2025-12-08 00:05:36
4,37,1,1519.4,2025-12-08 00:04:37,22059.0,,4,37,1,1314.182495,2025-12-08 00:05:37
4,38,1,1517.6,2025-12-08 00:04:38,21057.0,,4,38,1,1310.121704,2025-12-08 00:05:38
4,39,1,1517.7,2025-12-08 00:04:39,20054.0,,4,39,1,1306.192505,2025-12-08 00:05:39
4,40,1,1519.5,2025-12-08 00:04:40,19052.0,,4,40,1,1302.392334,2025-12-08 00:05:40
4,41,1,1525.4,2025-12-08 00:04:41,18051.0,,4,41,1,1298.717529,2025-12-08 00:05:41
4,42,1,1522.1,2025-12-08 00:04:42,17049.0,,4,42,1,1295.16394,2025-12-08 00:05:42
4,43,1,1521.4,2025-12-08 00:04:43,16047.0,,4,43,1,1291.726929,2025-12-08 00:05:43
4,44,1,1523.2,2025-12-08 00:04:44,15044.0,,4,44,1,1288.401855,2025-12-08 00:05:44
4,45,1,1525.5,2025-12-08 00:04:45,14042.0,,4,45,1,1285.184326,2025-12-08 00:05:45
4,46,1,1525.0,2025-12-08 00:04:46,13040.0,,4,46,1,1282.070312,2025-12-08 00:05:46
4,47,1,1523.2,2025-12-08 00:04:47,12038.0,,4,47,1,1279.056274,2025-12-08 00:05:47
4,48,1,1525.8,2025-12-08 00:04:48,11036.0,,4,48,1,1276.139282,2025-12-08 00:05:48
4,49,1,1522.6,2025-12-08 00:04:49,10034.0,,4,49,1,1273.31665,2025-12-08 00:05:49
4,50,1,1529.2,2025-12-08 00:04:50,9032.0,,4,50,1,1270.586426,2025-12-08 00:05:50
4,51,1,1529.3,2025-12-08 00:04:51,8030.0,,4,51,1,1267.947266,2025-12-08 00:05:51
4,52,1,1528.0,2025-12-08 00:04:52,7029.0,,4,52,1,1265.397583,2025-12-08 00:05:52
4,53,1,1520.6,2025-12-08 00:04:53,6026.0,,4,53,1,1262.936768,2025-12-08 00:05:53
4,54,1,1516.6,2025-12-08 00:04:54,5025.0,,4,54,1,1260.563232,2025-12-08 00:05:54
4,55,1,1515.9,2025-12-08 00:04:55,4023.0,,4,55,1,1258.276855,2025-12-08 00:05:55
4,56,1,1516.2,2025-12-08 00:04:56,3021.0,,4,56,1,1256.07605,2025-12-08 00:05:56
4,57,1,1523.6,2025-12-08 00:04:57,2020.0,,4,57,1,1253.959717,2025-12-08 00:05:57
4,58,1,1520.8,2025-12-08 00:04:58,1018.0,,4,58,1,1251.92688,2025-12-08 00:05:58
4,59,1,1518.0,2025-12-08 00:04:59,16.0,,4,59,1,1249.975586,2025-12-08 00:05:59
5,0,1,1519.6,2025-12-08 00:05:00,59127.0,,5,0,1,1660.916382,2025-12-08 00:06:00
5,1,1,1523.3,2025-12-08 00:05:01,58125.0,,5,1,1,1661.677856,2025-12-08 00:06:01
5,2,1,1518.2,2025-12-08 00:05:02,57122.0,,5,2,1,1662.850464,2025-12-08 00:06:02
5,3,1,1520.7,2025-12-08 00:05:03,56121.0,,5,3,1,1664.322754,2025-12-08 00:06:03
5,4,1,1521.0,2025-12-08 00:05:04,55119.0,,5,4,1,1666.042725,2025-12-08 00:06:04
5,5,1,1519.3,2025-12-08 00:05:05,54117.0,,5,5,1,1667.964966,2025-12-08 00:06:05
5,6,1,1525.3,2025-12-08 00:05:06,53115.0,,5,6,1,1670.050171,2025-12-08 00:06:06
5,7,1,1533.0,2025-12-08 00:05:07,52113.0,,5,7,1,1672.264404,2025-12-08 00:06:07
5,8,1,1517.4,2025-12-08 00:05:08,51111.0,,5,8,1,1674.580688,2025-12-08 00:06:08
5,9,1,1526.6,2025-12-08 00:05:09,50109.0,,5,9,1,1676.979126,2025-12-08 00:06:09
5,10,1,1537.7,2025-12-08 00:05:10,49107.0,,5,10,1,1679.447876,2025-12-08 00:06:10
5,11,1,1518.0,2025-12-08 00:05:11,48105.0,,5,11,1,1681.982178,2025-12-08 00:06:11
5,12,1,1518.7,2025-12-08 00:05:12,47103.0,,5,12,1,1684.584106,2025-12-08 00:06:12
5,13,1,1518.7,2025-12-08 00:05:13,46102.0,,5,13,1,1687.261353,2025-12-08 00:06:13
5,14,1,1519.6,2025-12-08 00:05:14,45100.0,,5,14,1,1690.0271,2025-12-08 00:06:14
5,15,1,1524.2,2025-12-08 00:05:15,44098.0,,5,15,1,1692.898315,2025-12-08 00:06:15
5,16,1,1526.9,2025-12-08 00:05:16,43096.0,,5,16,1,1695.894775,2025-12-08 00:06:16
5,17,1,1526.4,2025-12-08 00:05:17,42095.0,,5,17,1,1699.038574,2025-12-08 00:06:17
5,18,1,1521.5,2025-12-08 00:05:18,41093.0,,5,18,1,1702.352783,2025-12-08 00:06:18
5,19,1,1528.6,2025-12-08 00:05:19,40091.0,,5,19,1,1705.86145,2025-12-08 00:06:19
5,20,1,1528.6,2025-12-08 00:05:20,39089.0,,5,20,1,1709.588745,2025-12-08 00:06:20
5,21,1,1529.4,2025-12-08 00:05:21,38088.0,,5,21,1,1713.558716,2025-12-08 00:06:21
5,22,1,1526.4,2025-12-08 00:05:22,37086.0,,5,22,1,1717.796143,2025-12-08 00:06:22
5,23,1,1522.6,2025-12-08 00:05:23,36084.0,,5,23,1,1722.324463,2025-12-08 00:06:23
5,24,1,1523.5,2025-12-08 00:05:24,35083.0,,5,24,1,1727.169067,2025-12-08 00:06:24
5,25,1,1521.9,2025-12-08 00:05:25,34081.0,,5,25,1,1732.354736,2025-12-08 00:06:25
5,26,1,1586.5,2025-12-08 00:05:26,33079.0,,5,26,1,1737.908447,2025-12-08 00:06:26
5,27,1,1641.7,2025-12-08 00:05:27,32078.0,,5,27,1,1743.858887,2025-12-08 00:06:27
5,28,1,1661.5,2025-12-08 00:05:28,31075.0,,5,28,1,1750.23645,2025-12-08 00:06:28
5,29,1,1650.5,2025-12-08 00:05:29,30074.0,,5,29,1,1757.074585,2025-12-08 00:06:29
5,30,1,1658.5,2025-12-08 00:05:30,29072.0,,5,30,1,1764.411011,2025-12-08 00:06:30
5,31,1,1678.8,2025-12-08 00:05:31,28070.0,,5,31,1,1772.287231,2025-12-08 00:06:31
5,32,1,1661.6,2025-12-08 00:05:32,27069.0,,5,32,1,1780.751221,2025-12-08 00:06:32
5,33,1,1675.6,2025-12-08 00:05:33,26068.0,,5,33,1,1789.854248,2025-12-08 00:06:33
5,34,1,1655.6,2025-12-08 00:05:34,25051.0,,5,34,1,1799.657959,2025-12-08 00:06:34
5,35,1,1658.7,2025-12-08 00:05:35,24049.0,,5,35,1,1810.229248,2025-12-08 00:06:35
5,36,1,1659.3,2025-12-08 00:05:36,23048.0,,5,36,1,1821.645264,2025-12-08 00:06:36
5,37,1,1659.2,2025-12-08 00:05:37,22046.0,,5,37,1,1833.99353,2025-12-08 00:06:37
5,38,1,1654.4,2025-12-08 00:05:38,21045.0,,5,38,1,1847.372925,2025-12-08 00:06:38
5,39,1,1657.6,2025-12-08 00:05:39,20043.0,,5,39,1,1861.896606,2025-12-08 00:06:39
5,40,1,1660.4,2025-12-08 00:05:40,19042.0,,5,40,1,1877.692749,2025-12-08 00:06:40
5,41,1,1658.5,2025-12-08 00:05:41,18040.0,,5,41,1,1894.908569,2025-12-08 00:06:41
5,42,1,1658.1,2025-12-08 00:05:42,17039.0,,5,42,1,1913.71106,2025-12-08 00:06:42
5,43,1,1660.9,2025-12-08 00:05:43,16037.0,,5,43,1,1934.292847,2025-12-08 00:06:43
5,44,1,1656.0,2025-12-08 00:05:44,15035.0,,5,44,1,1956.874146,2025-12-08 00:06:44
5,45,1,1658.1,2025-12-08 00:05:45,14034.0,,5,45,1,1981.70813,2025-12-08 00:06:45
5,46,1,1664.1,2025-12-08 00:05:46,13032.0,,5,46,1,2009.086426,2025-12-08 00:06:46
5,47,1,1653.0,2025-12-08 00:05:47,12031.0,,5,47,1,2039.344849,2025-12-08 00:06:47
5,48,1,1659.9,2025-12-08 00:05:48,11029.0,,5,48,1,2072.869141,2025-12-08 00:06:48
5,49,1,1659.2,2025-12-08 00:05:49,10028.0,,5,49,1,2110.103271,2025-12-08 00:06:49
5,50,1,1661.0,2025-12-08 00:05:50,9026.0,,5,50,1,2151.554932,2025-12-08 00:06:50
5,51,1,1658.9,2025-12-08 00:05:51,8024.0,,5,51,1,2197.801758,2025-12-08 00:06:51
5,52,1,1658.9,2025-12-08 00:05:52,7023.0,,5,52,1,2249.493652,2025-12-08 00:06:52
5,53,1,1656.0,2025-12-08 00:05:53,6021.0,,5,53,1,2307.351562,2025-12-08 00:06:53
5,54,1,1661.9,2025-12-08 00:05:54,5019.0,,5,54,1,2372.154785,2025-12-08 00:06:54
5,55,1,1656.5,2025-12-08 00:05:55,4017.0,,5,55,1,2444.716797,2025-12-08 00:06:55
5,56,1,1656.9,2025-12-08 00:05:56,3015.0,,5,56,1,2525.833496,2025-12-08 00:06:56
5,57,1,1662.3,2025-12-08 00:05:57,2014.0,,5,57,1,2616.202637,2025-12-08 00:06:57
5,58,1,1659.5,2025-12-08 00:05:58,1013.0,,5,58,1,2716.299805,2025-12-08 00:06:58
5,59,1,1656.2,2025-12-08 00:05:59,12.0,,5,59,1,2826.202881,2025-12-08 00:06:59
6,0,1,1665.2,2025-12-08 00:06:00,59238.0,,6,0,1,1667.325684,2025-12-08 00:07:00
6,1,1,1662.2,2025-12-08 00:06:01,58236.0,,6,1,1,1668.033081,2025-12-08 00:07:01
6,2,1,1665.4,2025-12-08 00:06:02,57232.0,,6,2,1,1669.218262,2025-12-08 00:07:02
6,3,1,1661.2,2025-12-08 00:06:03,56231.0,,6,3,1,1670.737793,2025-12-08 00:07:03
6,4,1,1657.8,2025-12-08 00:06:04,55229.0,,6,4,1,1672.54541,2025-12-08 00:07:04
6,5,1,1660.2,2025-12-08 00:06:05,54228.0,,6,5,1,1674.603882,2025-12-08 00:07:05
6,6,1,1660.8,2025-12-08 00:06:06,53215.0,,6,6,1,1676.880737,2025-12-08 00:07:06
6,7,1,1662.0,2025-12-08 00:06:07,52213.0,,6,7,1,1679.346313,2025-12-08 00:07:07
6,8,1,1657.4,2025-12-08 00:06:08,51212.0,,6,8,1,1681.976318,2025-12-08 00:07:08
6,9,1,1667.2,2025-12-08 00:06:09,50211.0,,6,9,1,1684.751099,2025-12-08 00:07:09
6,10,1,1669.9,2025-12-08 00:06:10,49209.0,,6,10,1,1687.657593,2025-12-08 00:07:10
6,11,1,1659.0,2025-12-08 00:06:11,48143.0,,6,11,1,1690.688354,2025-12-08 00:07:11
6,12,1,1677.0,2025-12-08 00:06:12,47139.0,,6,12,1,1693.842896,2025-12-08 00:07:12
6,13,1,1662.9,2025-12-08 00:06:13,46136.0,,6,13,1,1697.126221,2025-12-08 00:07:13
6,14,1,1659.6,2025-12-08 00:06:14,45127.0,,6,14,1,1700.548706,2025-12-08 00:07:14
6,15,1,1661.2,2025-12-08 00:06:15,44109.0,,6,15,1,1704.12561,2025-12-08 00:07:15
6,16,1,1656.5,2025-12-08 00:06:16,43107.0,,6,16,1,1707.876099,2025-12-08 00:07:16
6,17,1,1657.6,2025-12-08 00:06:17,42106.0,,6,17,1,1711.822998,2025-12-08 00:07:17
6,18,1,1676.1,2025-12-08 00:06:18,41104.0,,6,18,1,1715.991333,2025-12-08 00:07:18
6,19,1,1667.9,2025-12-08 00:06:19,40100.0,,6,19,1,1720.407349,2025-12-08 00:07:19
6,20,1,1663.4,2025-12-08 00:06:20,39091.0,,6,20,1,1725.100464,2025-12-08 00:07:20
6,21,1,1660.5,2025-12-08 00:06:21,38085.0,,6,21,1,1730.100952,2025-12-08 00:07:21
6,22,1,1662.1,2025-12-08 00:06:22,37082.0,,6,22,1,1735.439941,2025-12-08 00:07:22
6,23,1,1662.5,2025-12-08 00:06:23,36077.0,,6,23,1,1741.149902,2025-12-08 00:07:23
6,24,1,1661.6,2025-12-08 00:06:24,35074.0,,6,24,1,1747.265869,2025-12-08 00:07:24
6,25,1,1660.0,2025-12-08 00:06:25,34072.0,,6,25,1,1753.824219,2025-12-08 00:07:25
6,26,1,1669.5,2025-12-08 00:06:26,33071.0,,6,26,1,1760.863892,2025-12-08 00:07:26
6,27,1,1659.9,2025-12-08 00:06:27,32070.0,,6,27,1,1768.427002,2025-12-08 00:07:27
6,28,1,1663.0,2025-12-08 00:06:28,31067.0,,6,28,1,1776.560303,2025-12-08 00:07:28
6,29,1,1657.2,2025-12-08 00:06:29,30066.0,,6,29,1,1785.314087,2025-12-08 00:07:29
6,30,1,1660.4,2025-12-08 00:06:30,29064.0,,6,30,1,1794.745361,2025-12-08 00:07:30
6,31,1,1660.3,2025-12-08 00:06:31,28062.0,,6,31,1,1804.918335,2025-12-08 00:07:31
6,32,1,1670.6,2025-12-08 00:06:32,27061.0,,6,32,1,1815.903687,2025-12-08 00:07:32
6,33,1,1662.7,2025-12-08 00:06:33,26059.0,,6,33,1,1827.783203,2025-12-08 00:07:33
6,34,1,1660.2,2025-12-08 00:06:34,25058.0,,6,34,1,1840.648926,2025-12-08 00:07:34
6,35,1,1658.2,2025-12-08 00:06:35,24057.0,,6,35,1,1854.605225,2025-12-08 00:07:35
6,36,1,1658.5,2025-12-08 00:06:36,23056.0,,6,36,1,1869.771851,2025-12-08 00:07:36
6,37,1,1659.8,2025-12-08 00:06:37,22055.0,,6,37,1,1886.285156,2025-12-08 00:07:37
6,38,1,1660.9,2025-12-08 00:06:38,21053.0,,6,38,1,1904.301147,2025-12-08 00:07:38
6,39,1,1663.8,2025-12-08 00:06:39,20052.0,,6,39,1,1923.999146,2025-12-08 00:07:39
6,40,1,1656.1,2025-12-08 00:06:40,19050.0,,6,40,1,1945.584106,2025-12-08 00:07:40
6,41,1,1660.8,2025-12-08 00:06:41,18048.0,,6,41,1,1969.293091,2025-12-08 00:07:41
6,42,1,1663.3,2025-12-08 00:06:42,17047.0,,6,42,1,1995.397461,2025-12-08 00:07:42
6,43,1,1661.1,2025-12-08 00:06:43,16045.0,,6,43,1,2024.210815,2025-12-08 00:07:43
6,44,1,1664.5,2025-12-08 00:06:44,15044.0,,6,44,1,2056.093994,2025-12-08 00:07:44
6,45,1,1660.4,2025-12-08 00:06:45,14042.0,,6,45,1,2091.461914,2025-12-08 00:07:45
6,46,1,1660.0,2025-12-08 00:06:46,13040.0,,6,46,1,2130.790283,2025-12-08 00:07:46
6,47,1,1657.3,2025-12-08 00:06:47,12038.0,,6,47,1,2174.62207,2025-12-08 00:07:47
6,48,1,1662.7,2025-12-08 00:06:48,11036.0,,6,48,1,2223.572998,2025-12-08 00:07:48
6,49,1,1663.8,2025-12-08 00:06:49,10035.0,,6,49,1,2278.329102,2025-12-08 00:07:49
6,50,1,1662.0,2025-12-08 00:06:50,9033.0,,6,50,1,2339.644531,2025-12-08 00:07:50
6,51,1,1663.6,2025-12-08 00:06:51,8031.0,,6,51,1,2408.320312,2025-12-08 00:07:51
6,52,1,1658.6,2025-12-08 00:06:52,7030.0,,6,52,1,2485.169189,2025-12-08 00:07:52
6,53,1,1659.8,2025-12-08 00:06:53,6028.0,,6,53,1,2570.949219,2025-12-08 00:07:53
6,54,1,1657.2,2025-12-08 00:06:54,5027.0,,6,54,1,2666.263428,2025-12-08 00:07:54
6,55,1,1661.4,2025-12-08 00:06:55,4025.0,,6,55,1,2771.408691,2025-12-08 00:07:55
6,56,1,1668.6,2025-12-08 00:06:56,3022.0,,6,56,1,2886.176514,2025-12-08 00:07:56
6,57,1,1671.0,2025-12-08 00:06:57,2020.0,,6,57,1,3009.62915,2025-12-08 00:07:57
6,58,1,1661.0,2025-12-08 00:06:58,1018.0,,6,58,1,3139.888428,2025-12-08 00:07:58
6,59,1,1660.3,2025-12-08 00:06:59,17.0,,6,59,1,3274.042236,2025-12-08 00:07:59
7,0,1,1666.8,2025-12-08 00:07:00,59114.0,,7,0,1,1668.840454,2025-12-08 00:08:00
7,1,1,1664.8,2025-12-08 00:07:01,58113.0,,7,1,1,1670.134521,2025-12-08 00:08:01
7,2,1,1665.6,2025-12-08 00:07:02,57112.0,,7,2,1,1671.756958,2025-12-08 00:08:02
7,3,1,1664.7,2025-12-08 00:07:03,56110.0,,7,3,1,1673.611328,2025-12-08 00:08:03
7,4,1,1660.1,2025-12-08 00:07:04,55108.0,,7,4,1,1675.666626,2025-12-08 00:08:04
7,5,1,1657.1,2025-12-08 00:07:05,54107.0,,7,5,1,1677.900635,2025-12-08 00:08:05
7,6,1,1657.1,2025-12-08 00:07:06,53105.0,,7,6,1,1680.296143,2025-12-08 00:08:06
7,7,1,1661.0,2025-12-08 00:07:07,52104.0,,7,7,1,1682.8396,2025-12-08 00:08:07
7,8,1,1656.3,2025-12-08 00:07:08,51103.0,,7,8,1,1685.522583,2025-12-08 00:08:08
7,9,1,1665.0,2025-12-08 00:07:09,50101.0,,7,9,1,1688.34021,2025-12-08 00:08:09
7,10,1,1657.6,2025-12-08 00:07:10,49100.0,,7,10,1,1691.292603,2025-12-08 00:08:10
7,11,1,1662.0,2025-12-08 00:07:11,48098.0,,7,11,1,1694.384277,2025-12-08 00:08:11
7,12,1,1658.0,2025-12-08 00:07:12,47096.0,,7,12,1,1697.623657,2025-12-08 00:08:12
7,13,1,1662.1,2025-12-08 00:07:13,46094.0,,7,13,1,1701.022095,2025-12-08 00:08:13
7,14,1,1658.8,2025-12-08 00:07:14,45092.0,,7,14,1,1704.595825,2025-12-08 00:08:14
7,15,1,1663.7,2025-12-08 00:07:15,44091.0,,7,15,1,1708.363037,2025-12-08 00:08:15
7,16,1,1661.0,2025-12-08 00:07:16,43089.0,,7,16,1,1712.344238,2025-12-08 00:08:16
7,17,1,1661.0,2025-12-08 00:07:17,42087.0,,7,17,1,1716.56189,2025-12-08 00:08:17
7,18,1,1661.9,2025-12-08 00:07:18,41085.0,,7,18,1,1721.040894,2025-12-08 00:08:18
7,19,1,1668.6,2025-12-08 00:07:19,40083.0,,7,19,1,1725.807373,2025-12-08 00:08:19
7,20,1,1667.3,2025-12-08 00:07:20,39081.0,,7,20,1,1730.888794,2025-12-08 00:08:20
7,21,1,1658.9,2025-12-08 00:07:21,38080.0,,7,21,1,1736.314941,2025-12-08 00:08:21
7,22,1,1657.3,2025-12-08 00:07:22,37078.0,,7,22,1,1742.117188,2025-12-08 00:08:22
7,23,1,1663.7,2025-12-08 00:07:23,36077.0,,7,23,1,1748.328613,2025-12-08 00:08:23
7,24,1,1664.6,2025-12-08 00:07:24,35075.0,,7,24,1,1754.985352,2025-12-08 00:08:24
7,25,1,1660.6,2025-12-08 00:07:25,34073.0,,7,25,1,1762.126465,2025-12-08 00:08:25
7,26,1,1665.2,2025-12-08 00:07:26,33072.0,,7,26,1,1769.7948,2025-12-08 00:08:26
7,27,1,1654.9,2025-12-08 00:07:27,32071.0,,7,27,1,1778.037354,2025-12-08 00:08:27
7,28,1,1660.4,2025-12-08 00:07:28,31069.0,,7,28,1,1786.90625,2025-12-08 00:08:28
7,29,1,1660.3,2025-12-08 00:07:29,30067.0,,7,29,1,1796.460083,2025-12-08 00:08:29
7,30,1,1680.3,2025-12-08 00:07:30,29066.0,,7,30,1,1806.764282,2025-12-08 00:08:30
7,31,1,1660.4,2025-12-08 00:07:31,28064.0,,7,31,1,1817.8927,2025-12-08 00:08:31
7,32,1,1662.4,2025-12-08 00:07:32,27062.0,,7,32,1,1829.928955,2025-12-08 00:08:32
7,33,1,1662.8,2025-12-08 00:07:33,26061.0,,7,33,1,1842.967285,2025-12-08 00:08:33
7,34,1,1659.9,2025-12-08 00:07:34,25059.0,,7,34,1,1857.115723,2025-12-08 00:08:34
7,35,1,1660.1,2025-12-08 00:07:35,24058.0,,7,35,1,1872.496582,2025-12-08 00:08:35
7,36,1,1659.9,2025-12-08 00:07:36,23056.0,,7,36,1,1889.249634,2025-12-08 00:08:36
7,37,1,1663.0,2025-12-08 00:07:37,22054.0,,7,37,1,1907.53479,2025-12-08 00:08:37
7,38,1,1662.1,2025-12-08 00:07:38,21052.0,,7,38,1,1927.535522,2025-12-08 00:08:38
7,39,1,1662.5,2025-12-08 00:07:39,20050.0,,7,39,1,1949.462524,2025-12-08 00:08:39
7,40,1,1661.6,2025-12-08 00:07:40,19048.0,,7,40,1,1973.557495,2025-12-08 00:08:40
7,41,1,1662.9,2025-12-08 00:07:41,18046.0,,7,41,1,2000.099365,2025-12-08 00:08:41
7,42,1,1668.3,2025-12-08 00:07:42,17044.0,,7,42,1,2029.408203,2025-12-08 00:08:42
7,43,1,1656.1,2025-12-08 00:07:43,16042.0,,7,43,1,2061.854248,2025-12-08 00:08:43
7,44,1,1652.5,2025-12-08 00:07:44,15040.0,,7,44,1,2097.861572,2025-12-08 00:08:44
7,45,1,1659.3,2025-12-08 00:07:45,14038.0,,7,45,1,2137.91748,2025-12-08 00:08:45
7,46,1,1660.9,2025-12-08 00:07:46,13035.0,,7,46,1,2182.576172,2025-12-08 00:08:46
7,47,1,1664.1,2025-12-08 00:07:47,12034.0,,7,47,1,2232.46582,2025-12-08 00:08:47
7,48,1,1659.1,2025-12-08 00:07:48,11032.0,,7,48,1,2288.285156,2025-12-08 00:08:48
7,49,1,1659.9,2025-12-08 00:07:49,10030.0,,7,49,1,2350.797363,2025-12-08 00:08:49
7,50,1,1659.1,2025-12-08 00:07:50,9028.0,,7,50,1,2420.808838,2025-12-08 00:08:50
7,51,1,1662.5,2025-12-08 00:07:51,8027.0,,7,51,1,2499.128174,2025-12-08 00:08:51
7,52,1,1657.8,2025-12-08 00:07:52,7025.0,,7,52,1,2586.496338,2025-12-08 00:08:52
7,53,1,1658.8,2025-12-08 00:07:53,6024.0,,7,53,1,2683.475342,2025-12-08 00:08:53
7,54,1,1658.5,2025-12-08 00:07:54,5022.0,,7,54,1,2790.29126,2025-12-08 00:08:54
7,55,1,1663.4,2025-12-08 00:07:55,4020.0,,7,55,1,2906.628662,2025-12-08 00:08:55
7,56,1,1667.0,2025-12-08 00:07:56,3019.0,,7,56,1,3031.401611,2025-12-08 00:08:56
7,57,1,1666.0,2025-12-08 00:07:57,2018.0,,7,57,1,3162.557861,2025-12-08 00:08:57
7,58,1,1665.2,2025-12-08 00:07:58,1016.0,,7,58,1,3297.014404,2025-12-08 00:08:58
7,59,1,1663.3,2025-12-08 00:07:59,14.0,,7,59,1,3430.830566,2025-12-08 00:08:59
8,0,1,1666.1,2025-12-08 00:08:00,59097.0,,8,0,1,1671.359253,2025-12-08 00:09:00
8,1,1,1667.0,2025-12-08 00:08:01,58096.0,,8,1,1,1673.774536,2025-12-08 00:09:01
8,2,1,1664.3,2025-12-08 00:08:02,57095.0,,8,2,1,1676.542847,2025-12-08 00:09:02
8,3,1,1660.9,2025-12-08 00:08:03,56093.0,,8,3,1,1679.594482,2025-12-08 00:09:03
8,4,1,1670.0,2025-12-08 00:08:04,55092.0,,8,4,1,1682.859253,2025-12-08 00:09:04
8,5,1,1661.1,2025-12-08 00:08:05,54090.0,,8,5,1,1686.278564,2025-12-08 00:09:05
8,6,1,1663.0,2025-12-08 00:08:06,53089.0,,8,6,1,1689.808105,2025-12-08 00:09:06
8,7,1,1661.4,2025-12-08 00:08:07,52088.0,,8,7,1,1693.417603,2025-12-08 00:09:07
8,8,1,1662.5,2025-12-08 00:08:08,51087.0,,8,8,1,1697.091919,2025-12-08 00:09:08
8,9,1,1662.5,2025-12-08 00:08:09,50085.0,,8,9,1,1700.82959,2025-12-08 00:09:09
8,10,1,1664.2,2025-12-08 00:08:10,49084.0,,8,10,1,1704.640747,2025-12-08 00:09:10
8,11,1,1663.6,2025-12-08 00:08:11,48082.0,,8,11,1,1708.545776,2025-12-08 00:09:11
8,12,1,1664.1,2025-12-08 00:08:12,47080.0,,8,12,1,1712.573486,2025-12-08 00:09:12
8,13,1,1664.1,2025-12-08 00:08:13,46079.0,,8,13,1,1716.758423,2025-12-08 00:09:13
8,14,1,1666.4,2025-12-08 00:08:14,45077.0,,8,14,1,1721.139404,2025-12-08 00:09:14
8,15,1,1659.1,2025-12-08 00:08:15,44075.0,,8,15,1,1725.757812,2025-12-08 00:09:15
8,16,1,1660.5,2025-12-08 00:08:16,43073.0,,8,16,1,1730.657104,2025-12-08 00:09:16
8,17,1,1662.7,2025-12-08 00:08:17,42072.0,,8,17,1,1735.879272,2025-12-08 00:09:17
8,18,1,1662.6,2025-12-08 00:08:18,41071.0,,8,18,1,1741.467896,2025-12-08 00:09:18
8,19,1,1666.0,2025-12-08 00:08:19,40069.0,,8,19,1,1747.466431,2025-12-08 00:09:19
8,20,1,1670.3,2025-12-08 00:08:20,39068.0,,8,20,1,1753.917358,2025-12-08 00:09:20
8,21,1,1661.8,2025-12-08 00:08:21,38066.0,,8,21,1,1760.864258,2025-12-08 00:09:21
8,22,1,1662.6,2025-12-08 00:08:22,37065.0,,8,22,1,1768.351929,2025-12-08 00:09:22
8,23,1,1660.8,2025-12-08 00:08:23,36063.0,,8,23,1,1776.42749,2025-12-08 00:09:23
8,24,1,1673.3,2025-12-08 00:08:24,35061.0,,8,24,1,1785.141479,2025-12-08 00:09:24
8,25,1,1663.6,2025-12-08 00:08:25,34060.0,,8,25,1,1794.549072,2025-12-08 00:09:25
8,26,1,1671.3,2025-12-08 00:08:26,33059.0,,8,26,1,1804.711426,2025-12-08 00:09:26
8,27,1,1663.6,2025-12-08 00:08:27,32057.0,,8,27,1,1815.698242,2025-12-08 00:09:27
8,28,1,1666.7,2025-12-08 00:08:28,31055.0,,8,28,1,1827.58728,2025-12-08 00:09:28
8,29,1,1660.9,2025-12-08 00:08:29,30054.0,,8,29,1,1840.467529,2025-12-08 00:09:29
8,30,1,1666.1,2025-12-08 00:08:30,29052.0,,8,30,1,1854.441162,2025-12-08 00:09:30
8,31,1,1662.3,2025-12-08 00:08:31,28051.0,,8,31,1,1869.625977,2025-12-08 00:09:31
8,32,1,1663.4,2025-12-08 00:08:32,27049.0,,8,32,1,1886.15564,2025-12-08 00:09:32
8,33,1,1668.4,2025-12-08 00:08:33,26048.0,,8,33,1,1904.185547,2025-12-08 00:09:33
8,34,1,1680.5,2025-12-08 00:08:34,25047.0,,8,34,1,1923.893311,2025-12-08 00:09:34
8,35,1,1665.1,2025-12-08 00:08:35,24045.0,,8,35,1,1945.484741,2025-12-08 00:09:35
8,36,1,1666.4,2025-12-08 00:08:36,23044.0,,8,36,1,1969.194458,2025-12-08 00:09:36
8,37,1,1665.0,2025-12-08 00:08:37,22042.0,,8,37,1,1995.295288,2025-12-08 00:09:37
8,38,1,1665.5,2025-12-08 00:08:38,21041.0,,8,38,1,2024.100952,2025-12-08 00:09:38
8,39,1,1667.6,2025-12-08 00:08:39,20039.0,,8,39,1,2055.97168,2025-12-08 00:09:39
8,40,1,1667.8,2025-12-08 00:08:40,19037.0,,8,40,1,2091.323242,2025-12-08 00:09:40
8,41,1,1663.8,2025-12-08 00:08:41,18036.0,,8,41,1,2130.63208,2025-12-08 00:09:41
8,42,1,1678.7,2025-12-08 00:08:42,17035.0,,8,42,1,2174.440674,2025-12-08 00:09:42
8,43,1,1664.3,2025-12-08 00:08:43,16033.0,,8,43,1,2223.364746,2025-12-08 00:09:43
8,44,1,1664.6,2025-12-08 00:08:44,15032.0,,8,44,1,2278.091553,2025-12-08 00:09:44
8,45,1,1669.4,2025-12-08 00:08:45,14030.0,,8,45,1,2339.374023,2025-12-08 00:09:45
8,46,1,1667.0,2025-12-08 00:08:46,13028.0,,8,46,1,2408.013916,2025-12-08 00:09:46
8,47,1,1663.1,2025-12-08 00:08:47,12026.0,,8,47,1,2484.82373,2025-12-08 00:09:47
8,48,1,1664.6,2025-12-08 00:08:48,11025.0,,8,48,1,2570.562256,2025-12-08 00:09:48
8,49,1,1663.7,2025-12-08 00:08:49,10024.0,,8,49,1,2665.833496,2025-12-08 00:09:49
8,50,1,1681.2,2025-12-08 00:08:50,9022.0,,8,50,1,2770.935303,2025-12-08 00:09:50
8,51,1,1675.9,2025-12-08 00:08:51,8021.0,,8,51,1,2885.662842,2025-12-08 00:09:51
8,52,1,1664.2,2025-12-08 00:08:52,7020.0,,8,52,1,3009.081299,2025-12-08 00:09:52
8,53,1,1664.9,2025-12-08 00:08:53,6018.0,,8,53,1,3139.316895,2025-12-08 00:09:53
8,54,1,1664.0,2025-12-08 00:08:54,5017.0,,8,54,1,3273.462158,2025-12-08 00:09:54
8,55,1,1665.3,2025-12-08 00:08:55,4016.0,,8,55,1,3407.698486,2025-12-08 00:09:55
8,56,1,1667.1,2025-12-08 00:08:56,3015.0,,8,56,1,3537.725586,2025-12-08 00:09:56
8,57,1,1667.8,2025-12-08 00:08:57,2014.0,,8,57,1,3659.42334,2025-12-08 00:09:57
8,58,1,1667.4,2025-12-08 00:08:58,1012.0,,8,58,1,3769.550537,2025-12-08 00:09:58
8,59,1,1670.1,2025-12-08 00:08:59,11.0,,8,59,1,3866.193848,2025-12-08 00:09:59
9,0,1,1667.0,2025-12-08 00:09:00,59130.0,,9,0,1,1699.640625,2025-12-08 00:10:00
9,1,1,1669.8,2025-12-08 00:09:01,58129.0,,9,1,1,1702.187134,2025-12-08 00:10:01
9,2,1,1667.8,2025-12-08 00:09:02,57128.0,,9,2,1,1705.012329,2025-12-08 00:10:02
9,3,1,1670.5,2025-12-08 00:09:03,56127.0,,9,3,1,1708.041382,2025-12-08 00:10:03
9,4,1,1670.8,2025-12-08 00:09:04,55125.0,,9,4,1,1711.260864,2025-12-08 00:10:04
9,5,1,1667.7,2025-12-08 00:09:05,54124.0,,9,5,1,1714.634766,2025-12-08 00:10:05
9,6,1,1669.1,2025-12-08 00:09:06,53122.0,,9,6,1,1718.134521,2025-12-08 00:10:06
9,7,1,1665.4,2025-12-08 00:09:07,52121.0,,9,7,1,1721.739258,2025-12-08 00:10:07
9,8,1,1668.6,2025-12-08 00:09:08,51120.0,,9,8,1,1725.434204,2025-12-08 00:10:08
9,9,1,1669.6,2025-12-08 00:09:09,50117.0,,9,9,1,1729.210205,2025-12-08 00:10:09
9,10,1,1668.8,2025-12-08 00:09:10,49112.0,,9,10,1,1733.061157,2025-12-08 00:10:10
9,11,1,1665.3,2025-12-08 00:09:11,48110.0,,9,11,1,1736.984863,2025-12-08 00:10:11
9,12,1,1669.2,2025-12-08 00:09:12,47109.0,,9,12,1,1740.980347,2025-12-08 00:10:12
9,13,1,1667.8,2025-12-08 00:09:13,46108.0,,9,13,1,1745.048584,2025-12-08 00:10:13
9,14,1,1668.1,2025-12-08 00:09:14,45106.0,,9,14,1,1749.19104,2025-12-08 00:10:14
9,15,1,1672.6,2025-12-08 00:09:15,44104.0,,9,15,1,1753.409912,2025-12-08 00:10:15
9,16,1,1672.6,2025-12-08 00:09:16,43103.0,,9,16,1,1757.707275,2025-12-08 00:10:16
9,17,1,1677.4,2025-12-08 00:09:17,42102.0,,9,17,1,1762.085693,2025-12-08 00:10:17
9,18,1,1672.4,2025-12-08 00:09:18,41100.0,,9,18,1,1766.547119,2025-12-08 00:10:18
9,19,1,1674.1,2025-12-08 00:09:19,40099.0,,9,19,1,1771.093628,2025-12-08 00:10:19
9,20,1,1674.4,2025-12-08 00:09:20,39098.0,,9,20,1,1775.727173,2025-12-08 00:10:20
9,21,1,1678.0,2025-12-08 00:09:21,38095.0,,9,21,1,1780.449341,2025-12-08 00:10:21
9,22,1,1666.0,2025-12-08 00:09:22,37093.0,,9,22,1,1785.261719,2025-12-08 00:10:22
9,23,1,1679.3,2025-12-08 00:09:23,36090.0,,9,23,1,1790.165283,2025-12-08 00:10:23
9,24,1,1672.2,2025-12-08 00:09:24,35088.0,,9,24,1,1795.161499,2025-12-08 00:10:24
9,25,1,1671.7,2025-12-08 00:09:25,34086.0,,9,25,1,1800.250732,2025-12-08 00:10:25
9,26,1,1672.4,2025-12-08 00:09:26,33085.0,,9,26,1,1805.433594,2025-12-08 00:10:26
9,27,1,1673.0,2025-12-08 00:09:27,32083.0,,9,27,1,1810.711182,2025-12-08 00:10:27
9,28,1,1674.5,2025-12-08 00:09:28,31080.0,,9,28,1,1816.083008,2025-12-08 00:10:28
9,29,1,1673.5,2025-12-08 00:09:29,30077.0,,9,29,1,1821.550293,2025-12-08 00:10:29
9,30,1,1673.1,2025-12-08 00:09:30,29066.0,,9,30,1,1827.112183,2025-12-08 00:10:30
9,31,1,1691.0,2025-12-08 00:09:31,28063.0,,9,31,1,1832.769043,2025-12-08 00:10:31
9,32,1,1671.8,2025-12-08 00:09:32,27056.0,,9,32,1,1838.520508,2025-12-08 00:10:32
9,33,1,1674.1,2025-12-08 00:09:33,26052.0,,9,33,1,1844.366089,2025-12-08 00:10:33
9,34,1,1669.5,2025-12-08 00:09:34,25051.0,,9,34,1,1850.305054,2025-12-08 00:10:34
9,35,1,1672.9,2025-12-08 00:09:35,24050.0,,9,35,1,1856.337036,2025-12-08 00:10:35
9,36,1,1677.3,2025-12-08 00:09:36,23048.0,,9,36,1,1862.460693,2025-12-08 00:10:36
9,37,1,1676.4,2025-12-08 00:09:37,22047.0,,9,37,1,1868.674805,2025-12-08 00:10:37
9,38,1,1676.4,2025-12-08 00:09:38,21045.0,,9,38,1,1874.978149,2025-12-08 00:10:38
9,39,1,1673.4,2025-12-08 00:09:39,20044.0,,9,39,1,1881.36853,2025-12-08 00:10:39
9,40,1,1674.6,2025-12-08 00:09:40,19043.0,,9,40,1,1887.844971,2025-12-08 00:10:40
9,41,1,1674.0,2025-12-08 00:09:41,18041.0,,9,41,1,1894.404785,2025-12-08 00:10:41
9,42,1,1681.9,2025-12-08 00:09:42,17040.0,,9,42,1,1901.045044,2025-12-08 00:10:42
9,43,1,1672.1,2025-12-08 00:09:43,16039.0,,9,43,1,1907.764038,2025-12-08 00:10:43
9,44,1,1672.7,2025-12-08 00:09:44,15037.0,,9,44,1,1914.55835,2025-12-08 00:10:44
9,45,1,1668.9,2025-12-08 00:09:45,14036.0,,9,45,1,1921.424194,2025-12-08 00:10:45
9,46,1,1674.2,2025-12-08 00:09:46,13034.0,,9,46,1,1928.358521,2025-12-08 00:10:46
9,47,1,1672.6,2025-12-08 00:09:47,12032.0,,9,47,1,1935.357544,2025-12-08 00:10:47
9,48,1,1675.3,2025-12-08 00:09:48,11031.0,,9,48,1,1942.416504,2025-12-08 00:10:48
9,49,1,1668.3,2025-12-08 00:09:49,10029.0,,9,49,1,1949.531372,2025-12-08 00:10:49
9,50,1,1671.2,2025-12-08 00:09:50,9027.0,,9,50,1,1956.697266,2025-12-08 00:10:50
9,51,1,1689.8,2025-12-08 00:09:51,8026.0,,9,51,1,1963.908936,2025-12-08 00:10:51
9,52,1,1674.0,2025-12-08 00:09:52,7024.0,,9,52,1,1971.160767,2025-12-08 00:10:52
9,53,1,1671.6,2025-12-08 00:09:53,6022.0,,9,53,1,1978.447632,2025-12-08 00:10:53
9,54,1,1672.1,2025-12-08 00:09:54,5020.0,,9,54,1,1985.762939,2025-12-08 00:10:54
9,55,1,1669.2,2025-12-08 00:09:55,4018.0,,9,55,1,1993.100952,2025-12-08 00:10:55
9,56,1,1673.9,2025-12-08 00:09:56,3016.0,,9,56,1,2000.455444,2025-12-08 00:10:56
9,57,1,1684.4,2025-12-08 00:09:57,2015.0,,9,57,1,2007.818848,2025-12-08 00:10:57
9,58,1,1674.8,2025-12-08 00:09:58,1013.0,,9,58,1,2015.185303,2025-12-08 00:10:58
9,59,1,1675.1,2025-12-08 00:09:59,12.0,,9,59,1,2022.547607,2025-12-08 00:10:59
10,0,1,1679.0,2025-12-08 00:10:00,59090.0,,10,0,1,865.817505,2025-12-08 00:11:00
10,1,1,1674.0,2025-12-08 00:10:01,58088.0,,10,1,1,889.978882,2025-12-08 00:11:01
10,2,1,1679.1,2025-12-08 00:10:02,57087.0,,10,2,1,912.283569,2025-12-08 00:11:02
10,3,1,1681.5,2025-12-08 00:10:03,56085.0,,10,3,1,935.018188,2025-12-08 00:11:03
10,4,1,1678.3,2025-12-08 00:10:04,55083.0,,10,4,1,957.474243,2025-12-08 00:11:04
10,5,1,1678.2,2025-12-08 00:10:05,54082.0,,10,5,1,979.126892,2025-12-08 00:11:05
10,6,1,1677.9,2025-12-08 00:10:06,53080.0,,10,6,1,999.644592,2025-12-08 00:11:06
10,7,1,1674.5,2025-12-08 00:10:07,52079.0,,10,7,1,1018.849365,2025-12-08 00:11:07
10,8,1,1501.0,2025-12-08 00:10:08,51078.0,,10,8,1,1036.674683,2025-12-08 00:11:08
10,9,1,1507.2,2025-12-08 00:10:09,50077.0,,10,9,1,1053.131104,2025-12-08 00:11:09
10,10,1,1512.8,2025-12-08 00:10:10,49075.0,,10,10,1,1068.277222,2025-12-08 00:11:10
10,11,1,1517.5,2025-12-08 00:10:11,48074.0,,10,11,1,1082.200073,2025-12-08 00:11:11
10,12,1,1470.8,2025-12-08 00:10:12,47073.0,,10,12,1,1095.0,2025-12-08 00:11:12
10,13,1,653.1,2025-12-08 00:10:13,46072.0,,10,13,1,1106.781128,2025-12-08 00:11:13
10,14,1,681.6,2025-12-08 00:10:14,45070.0,,10,14,1,1117.645874,2025-12-08 00:11:14
10,15,1,687.0,2025-12-08 00:10:15,44069.0,,10,15,1,1127.689331,2025-12-08 00:11:15
10,16,1,688.0,2025-12-08 00:10:16,43068.0,,10,16,1,1136.999268,2025-12-08 00:11:16
10,17,1,720.3,2025-12-08 00:10:17,42066.0,,10,17,1,1145.654907,2025-12-08 00:11:17
10,18,1,688.2,2025-12-08 00:10:18,41065.0,,10,18,1,1153.726562,2025-12-08 00:11:18
10,19,1,698.7,2025-12-08 00:10:19,40064.0,,10,19,1,1161.2771,2025-12-08 00:11:19
10,20,1,692.2,2025-12-08 00:10:20,39062.0,,10,20,1,1168.361084,2025-12-08 00:11:20
10,21,1,689.8,2025-12-08 00:10:21,38061.0,,10,21,1,1175.026489,2025-12-08 00:11:21
10,22,1,686.4,2025-12-08 00:10:22,37060.0,,10,22,1,1181.315308,2025-12-08 00:11:22
10,23,1,686.7,2025-12-08 00:10:23,36059.0,,10,23,1,1187.263916,2025-12-08 00:11:23
10,24,1,686.1,2025-12-08 00:10:24,35058.0,,10,24,1,1192.904663,2025-12-08 00:11:24
10,25,1,684.0,2025-12-08 00:10:25,34056.0,,10,25,1,1198.265137,2025-12-08 00:11:25
10,26,1,689.7,2025-12-08 00:10:26,33055.0,,10,26,1,1203.369873,2025-12-08 00:11:26
10,27,1,686.8,2025-12-08 00:10:27,32054.0,,10,27,1,1208.240234,2025-12-08 00:11:27
10,28,1,687.2,2025-12-08 00:10:28,31053.0,,10,28,1,1212.89502,2025-12-08 00:11:28
10,29,1,686.0,2025-12-08 00:10:29,30051.0,,10,29,1,1217.350952,2025-12-08 00:11:29
10,30,1,686.4,2025-12-08 00:10:30,29050.0,,10,30,1,1221.622803,2025-12-08 00:11:30
10,31,1,692.2,2025-12-08 00:10:31,28048.0,,10,31,1,1225.723389,2025-12-08 00:11:31
10,32,1,686.4,2025-12-08 00:10:32,27047.0,,10,32,1,1229.664429,2025-12-08 00:11:32
10,33,1,690.0,2025-12-08 00:10:33,26045.0,,10,33,1,1233.456177,2025-12-08 00:11:33
10,34,1,686.6,2025-12-08 00:10:34,25044.0,,10,34,1,1237.108398,2025-12-08 00:11:34
10,35,1,688.5,2025-12-08 00:10:35,24043.0,,10,35,1,1240.628906,2025-12-08 00:11:35
10,36,1,688.4,2025-12-08 00:10:36,23042.0,,10,36,1,1244.025757,2025-12-08 00:11:36
10,37,1,689.3,2025-12-08 00:10:37,22041.0,,10,37,1,1247.305786,2025-12-08 00:11:37
10,38,1,688.1,2025-12-08 00:10:38,21040.0,,10,38,1,1250.47522,2025-12-08 00:11:38
10,39,1,689.0,2025-12-08 00:10:39,20039.0,,10,39,1,1253.540039,2025-12-08 00:11:39
10,40,1,689.9,2025-12-08 00:10:40,19038.0,,10,40,1,1256.505249,2025-12-08 00:11:40
10,41,1,687.9,2025-12-08 00:10:41,18036.0,,10,41,1,1259.376221,2025-12-08 00:11:41
10,42,1,691.7,2025-12-08 00:10:42,17034.0,,10,42,1,1262.157349,2025-12-08 00:11:42
10,43,1,681.2,2025-12-08 00:10:43,16033.0,,10,43,1,1264.852783,2025-12-08 00:11:43
10,44,1,647.7,2025-12-08 00:10:44,15032.0,,10,44,1,1267.466553,2025-12-08 00:11:44
10,45,1,541.2,2025-12-08 00:10:45,14030.0,,10,45,1,1270.002563,2025-12-08 00:11:45
10,46,1,539.8,2025-12-08 00:10:46,13029.0,,10,46,1,1272.464111,2025-12-08 00:11:46
10,47,1,540.2,2025-12-08 00:10:47,12028.0,,10,47,1,1274.854614,2025-12-08 00:11:47
10,48,1,547.1,2025-12-08 00:10:48,11026.0,,10,48,1,1277.176758,2025-12-08 00:11:48
10,49,1,537.5,2025-12-08 00:10:49,10025.0,,10,49,1,1279.433838,2025-12-08 00:11:49
10,50,1,538.8,2025-12-08 00:10:50,9024.0,,10,50,1,1281.628418,2025-12-08 00:11:50
10,51,1,542.9,2025-12-08 00:10:51,8022.0,,10,51,1,1283.763184,2025-12-08 00:11:51
10,52,1,542.4,2025-12-08 00:10:52,7021.0,,10,52,1,1285.840332,2025-12-08 00:11:52
10,53,1,539.4,2025-12-08 00:10:53,6019.0,,10,53,1,1287.862549,2025-12-08 00:11:53
10,54,1,539.6,2025-12-08 00:10:54,5018.0,,10,54,1,1289.831665,2025-12-08 00:11:54
10,55,1,541.2,2025-12-08 00:10:55,4017.0,,10,55,1,1291.750122,2025-12-08 00:11:55
10,56,1,546.4,2025-12-08 00:10:56,3016.0,,10,56,1,1293.619751,2025-12-08 00:11:56
10,57,1,605.7,2025-12-08 00:10:57,2014.0,,10,57,1,1295.442383,2025-12-08 00:11:57
10,58,1,556.3,2025-12-08 00:10:58,1012.0,,10,58,1,1297.219604,2025-12-08 00:11:58
10,59,1,556.6,2025-12-08 00:10:59,11.0,,10,59,1,1298.953491,2025-12-08 00:11:59
11,0,1,555.8,2025-12-08 00:11:00,59089.0,,11,0,1,924.510071,2025-12-08 00:12:00
11,1,1,570.6,2025-12-08 00:11:01,58087.0,,11,1,1,943.194763,2025-12-08 00:12:01
11,2,1,558.3,2025-12-08 00:11:02,57086.0,,11,2,1,961.03894,2025-12-08 00:12:02
11,3,1,558.0,2025-12-08 00:11:03,56084.0,,11,3,1,979.420959,2025-12-08 00:12:03
11,4,1,557.3,2025-12-08 00:11:04,55083.0,,11,4,1,997.755249,2025-12-08 00:12:04
11,5,1,555.6,2025-12-08 00:11:05,54082.0,,11,5,1,1015.59552,2025-12-08 00:12:05
11,6,1,558.9,2025-12-08 00:11:06,53080.0,,11,6,1,1032.648804,2025-12-08 00:12:06
11,7,1,570.0,2025-12-08 00:11:07,52079.0,,11,7,1,1048.746338,2025-12-08 00:12:07
11,8,1,561.6,2025-12-08 00:11:08,51078.0,,11,8,1,1063.811401,2025-12-08 00:12:08
11,9,1,560.9,2025-12-08 00:11:09,50077.0,,11,9,1,1077.831421,2025-12-08 00:12:09
11,10,1,560.9,2025-12-08 00:11:10,49076.0,,11,10,1,1090.836182,2025-12-08 00:12:10
11,11,1,561.0,2025-12-08 00:11:11,48075.0,,11,11,1,1102.881226,2025-12-08 00:12:11
11,12,1,560.8,2025-12-08 00:11:12,47074.0,,11,12,1,1114.035522,2025-12-08 00:12:12
11,13,1,561.9,2025-12-08 00:11:13,46072.0,,11,13,1,1124.373291,2025-12-08 00:12:13
11,14,1,637.6,2025-12-08 00:11:14,45071.0,,11,14,1,1133.96936,2025-12-08 00:12:14
11,15,1,680.2,2025-12-08 00:11:15,44070.0,,11,15,1,1142.894897,2025-12-08 00:12:15
11,16,1,686.7,2025-12-08 00:11:16,43069.0,,11,16,1,1151.216675,2025-12-08 00:12:16
11,17,1,686.1,2025-12-08 00:11:17,42067.0,,11,17,1,1158.995239,2025-12-08 00:12:17
11,18,1,687.9,2025-12-08 00:11:18,41066.0,,11,18,1,1166.2854,2025-12-08 00:12:18
11,19,1,691.1,2025-12-08 00:11:19,40065.0,,11,19,1,1173.135864,2025-12-08 00:12:19
11,20,1,690.0,2025-12-08 00:11:20,39063.0,,11,20,1,1179.589844,2025-12-08 00:12:20
11,21,1,691.3,2025-12-08 00:11:21,38062.0,,11,21,1,1185.685547,2025-12-08 00:12:21
11,22,1,683.7,2025-12-08 00:11:22,37061.0,,11,22,1,1191.456543,2025-12-08 00:12:22
11,23,1,684.3,2025-12-08 00:11:23,36059.0,,11,23,1,1196.932373,2025-12-08 00:12:23
11,24,1,687.5,2025-12-08 00:11:24,35058.0,,11,24,1,1202.13916,2025-12-08 00:12:24
11,25,1,685.2,2025-12-08 00:11:25,34057.0,,11,25,1,1207.099487,2025-12-08 00:12:25
11,26,1,682.6,2025-12-08 00:11:26,33055.0,,11,26,1,1211.833862,2025-12-08 00:12:26
11,27,1,687.6,2025-12-08 00:11:27,32054.0,,11,27,1,1216.360107,2025-12-08 00:12:27
11,28,1,689.7,2025-12-08 00:11:28,31053.0,,11,28,1,1220.69397,2025-12-08 00:12:28
11,29,1,686.2,2025-12-08 00:11:29,30051.0,,11,29,1,1224.849609,2025-12-08 00:12:29
11,30,1,685.2,2025-12-08 00:11:30,29050.0,,11,30,1,1228.839355,2025-12-08 00:12:30
11,31,1,684.6,2025-12-08 00:11:31,28048.0,,11,31,1,1232.674683,2025-12-08 00:12:31
11,32,1,686.9,2025-12-08 00:11:32,27047.0,,11,32,1,1236.365356,2025-12-08 00:12:32
11,33,1,689.6,2025-12-08 00:11:33,26046.0,,11,33,1,1239.920654,2025-12-08 00:12:33
11,34,1,687.8,2025-12-08 00:11:34,25045.0,,11,34,1,1243.348511,2025-12-08 00:12:34
11,35,1,697.5,2025-12-08 00:11:35,24044.0,,11,35,1,1246.656982,2025-12-08 00:12:35
11,36,1,694.7,2025-12-08 00:11:36,23043.0,,11,36,1,1249.851807,2025-12-08 00:12:36
11,37,1,703.8,2025-12-08 00:11:37,22041.0,,11,37,1,1252.939941,2025-12-08 00:12:37
11,38,1,697.8,2025-12-08 00:11:38,21040.0,,11,38,1,1255.926636,2025-12-08 00:12:38
11,39,1,696.7,2025-12-08 00:11:39,20039.0,,11,39,1,1258.817383,2025-12-08 00:12:39
11,40,1,697.2,2025-12-08 00:11:40,19038.0,,11,40,1,1261.616699,2025-12-08 00:12:40
11,41,1,690.8,2025-12-08 00:11:41,18037.0,,11,41,1,1264.329224,2025-12-08 00:12:41
11,42,1,691.2,2025-12-08 00:11:42,17035.0,,11,42,1,1266.959106,2025-12-08 00:12:42
11,43,1,692.2,2025-12-08 00:11:43,16034.0,,11,43,1,1269.510254,2025-12-08 00:12:43
11,44,1,692.0,2025-12-08 00:11:44,15033.0,,11,44,1,1271.985962,2025-12-08 00:12:44
11,45,1,696.6,2025-12-08 00:11:45,14032.0,,11,45,1,1274.389404,2025-12-08 00:12:45
11,46,1,691.0,2025-12-08 00:11:46,13030.0,,11,46,1,1276.724487,2025-12-08 00:12:46
11,47,1,688.8,2025-12-08 00:11:47,12029.0,,11,47,1,1278.99353,2025-12-08 00:12:47
11,48,1,687.3,2025-12-08 00:11:48,11027.0,,11,48,1,1281.199829,2025-12-08 00:12:48
11,49,1,687.9,2025-12-08 00:11:49,10026.0,,11,49,1,1283.345459,2025-12-08 00:12:49
11,50,1,687.7,2025-12-08 00:11:50,9024.0,,11,50,1,1285.43335,2025-12-08 00:12:50
11,51,1,690.8,2025-12-08 00:11:51,8023.0,,11,51,1,1287.465698,2025-12-08 00:12:51
11,52,1,688.0,2025-12-08 00:11:52,7022.0,,11,52,1,1289.444458,2025-12-08 00:12:52
11,53,1,687.2,2025-12-08 00:11:53,6020.0,,11,53,1,1291.372314,2025-12-08 00:12:53
11,54,1,687.1,2025-12-08 00:11:54,5019.0,,11,54,1,1293.250732,2025-12-08 00:12:54
11,55,1,697.4,2025-12-08 00:11:55,4018.0,,11,55,1,1295.082031,2025-12-08 00:12:55
11,56,1,691.7,2025-12-08 00:11:56,3016.0,,11,56,1,1296.867798,2025-12-08 00:12:56
11,57,1,689.8,2025-12-08 00:11:57,2015.0,,11,57,1,1298.609741,2025-12-08 00:12:57
11,58,1,688.0,2025-12-08 00:11:58,1014.0,,11,58,1,1300.309448,2025-12-08 00:12:58
11,59,1,688.2,2025-12-08 00:11:59,13.0,,11,59,1,1301.968506,2025-12-08 00:12:59
12,0,1,691.5,2025-12-08 00:12:00,59192.0,,12,0,1,925.533569,2025-12-08 00:13:00
12,1,1,702.6,2025-12-08 00:12:01,58190.0,,12,1,1,944.071716,2025-12-08 00:13:01
12,2,1,688.3,2025-12-08 00:12:02,57189.0,,12,2,1,961.750671,2025-12-08 00:13:02
12,3,1,690.4,2025-12-08 00:12:03,56188.0,,12,3,1,980.000793,2025-12-08 00:13:03
12,4,1,688.7,2025-12-08 00:12:04,55186.0,,12,4,1,998.23175,2025-12-08 00:13:04
12,5,1,688.4,2025-12-08 00:12:05,54185.0,,12,5,1,1015.99176,2025-12-08 00:13:05
12,6,1,690.5,2025-12-08 00:12:06,53183.0,,12,6,1,1032.983032,2025-12-08 00:13:06
12,7,1,689.2,2025-12-08 00:12:07,52182.0,,12,7,1,1049.032593,2025-12-08 00:13:07
12,8,1,687.3,2025-12-08 00:12:08,51180.0,,12,8,1,1064.060425,2025-12-08 00:13:08
12,9,1,687.1,2025-12-08 00:12:09,50179.0,,12,9,1,1078.051392,2025-12-08 00:13:09
12,10,1,687.7,2025-12-08 00:12:10,49179.0,,12,10,1,1091.033325,2025-12-08 00:13:10
12,11,1,685.2,2025-12-08 00:12:11,48177.0,,12,11,1,1103.060059,2025-12-08 00:13:11
12,12,1,689.8,2025-12-08 00:12:12,47176.0,,12,12,1,1114.199585,2025-12-08 00:13:12
12,13,1,688.5,2025-12-08 00:12:13,46175.0,,12,13,1,1124.525269,2025-12-08 00:13:13
12,14,1,687.4,2025-12-08 00:12:14,45173.0,,12,14,1,1134.111328,2025-12-08 00:13:14
12,15,1,687.7,2025-12-08 00:12:15,44172.0,,12,15,1,1143.028442,2025-12-08 00:13:15
12,16,1,691.7,2025-12-08 00:12:16,43171.0,,12,16,1,1151.343018,2025-12-08 00:13:16
12,17,1,689.0,2025-12-08 00:12:17,42170.0,,12,17,1,1159.115479,2025-12-08 00:13:17
12,18,1,688.2,2025-12-08 00:12:18,41169.0,,12,18,1,1166.400146,2025-12-08 00:13:18
12,19,1,693.6,2025-12-08 00:12:19,40168.0,,12,19,1,1173.245728,2025-12-08 00:13:19
12,20,1,693.2,2025-12-08 00:12:20,39167.0,,12,20,1,1179.695312,2025-12-08 00:13:20
12,21,1,687.8,2025-12-08 00:12:21,38165.0,,12,21,1,1185.787109,2025-12-08 00:13:21
12,22,1,690.6,2025-12-08 00:12:22,37164.0,,12,22,1,1191.554199,2025-12-08 00:13:22
12,23,1,687.3,2025-12-08 00:12:23,36162.0,,12,23,1,1197.026489,2025-12-08 00:13:23
12,24,1,687.4,2025-12-08 00:12:24,35140.0,,12,24,1,1202.229858,2025-12-08 00:13:24
12,25,1,686.2,2025-12-08 00:12:25,34107.0,,12,25,1,1207.187378,2025-12-08 00:13:25
12,26,1,685.4,2025-12-08 00:12:26,33105.0,,12,26,1,1211.918823,2025-12-08 00:13:26
12,27,1,686.9,2025-12-08 00:12:27,32103.0,,12,27,1,1216.442139,2025-12-08 00:13:27
12,28,1,690.6,2025-12-08 00:12:28,31101.0,,12,28,1,1220.773438,2025-12-08 00:13:28
12,29,1,691.3,2025-12-08 00:12:29,30099.0,,12,29,1,1224.926514,2025-12-08 00:13:29
12,30,1,687.1,2025-12-08 00:12:30,29081.0,,12,30,1,1228.913818,2025-12-08 00:13:30
12,31,1,687.0,2025-12-08 00:12:31,28064.0,,12,31,1,1232.746582,2025-12-08 00:13:31
12,32,1,684.7,2025-12-08 00:12:32,27063.0,,12,32,1,1236.435059,2025-12-08 00:13:32
12,33,1,689.7,2025-12-08 00:12:33,26060.0,,12,33,1,1239.988159,2025-12-08 00:13:33
12,34,1,688.7,2025-12-08 00:12:34,25058.0,,12,34,1,1243.414062,2025-12-08 00:13:34
12,35,1,687.4,2025-12-08 00:12:35,24048.0,,12,35,1,1246.719971,2025-12-08 00:13:35
12,36,1,695.2,2025-12-08 00:12:36,23046.0,,12,36,1,1249.912964,2025-12-08 00:13:36
12,37,1,685.8,2025-12-08 00:12:37,22045.0,,12,37,1,1252.99939,2025-12-08 00:13:37
12,38,1,687.0,2025-12-08 00:12:38,21044.0,,12,38,1,1255.984131,2025-12-08 00:13:38
12,39,1,684.5,2025-12-08 00:12:39,20043.0,,12,39,1,1258.873169,2025-12-08 00:13:39
12,40,1,684.7,2025-12-08 00:12:40,19042.0,,12,40,1,1261.670898,2025-12-08 00:13:40
12,41,1,684.7,2025-12-08 00:12:41,18037.0,,12,41,1,1264.381958,2025-12-08 00:13:41
12,42,1,687.7,2025-12-08 00:12:42,17033.0,,12,42,1,1267.010132,2025-12-08 00:13:42
12,43,1,690.4,2025-12-08 00:12:43,16032.0,,12,43,1,1269.55957,2025-12-08 00:13:43
12,44,1,713.0,2025-12-08 00:12:44,15032.0,,12,44,1,1272.033936,2025-12-08 00:13:44
12,45,1,694.8,2025-12-08 00:12:45,14031.0,,12,45,1,1274.436157,2025-12-08 00:13:45
12,46,1,700.2,2025-12-08 00:12:46,13030.0,,12,46,1,1276.769775,2025-12-08 00:13:46
12,47,1,692.9,2025-12-08 00:12:47,12028.0,,12,47,1,1279.037598,2025-12-08 00:13:47
12,48,1,693.7,2025-12-08 00:12:48,11027.0,,12,48,1,1281.242554,2025-12-08 00:13:48
12,49,1,693.7,2025-12-08 00:12:49,10026.0,,12,49,1,1283.387085,2025-12-08 00:13:49
12,50,1,693.6,2025-12-08 00:12:50,9024.0,,12,50,1,1285.473999,2025-12-08 00:13:50
12,51,1,695.6,2025-12-08 00:12:51,8023.0,,12,51,1,1287.505005,2025-12-08 00:13:51
12,52,1,696.0,2025-12-08 00:12:52,7021.0,,12,52,1,1289.48291,2025-12-08 00:13:52
12,53,1,693.1,2025-12-08 00:12:53,6020.0,,12,53,1,1291.409668,2025-12-08 00:13:53
12,54,1,697.2,2025-12-08 00:12:54,5019.0,,12,54,1,1293.287231,2025-12-08 00:13:54
12,55,1,691.7,2025-12-08 00:12:55,4017.0,,12,55,1,1295.117554,2025-12-08 00:13:55
12,56,1,693.4,2025-12-08 00:12:56,3016.0,,12,56,1,1296.902344,2025-12-08 00:13:56
12,57,1,694.6,2025-12-08 00:12:57,2016.0,,12,57,1,1298.643433,2025-12-08 00:13:57
12,58,1,689.8,2025-12-08 00:12:58,1014.0,,12,58,1,1300.342163,2025-12-08 00:13:58
12,59,1,683.8,2025-12-08 00:12:59,13.0,,12,59,1,1302.00061,2025-12-08 00:13:59
13,0,1,688.6,2025-12-08 00:13:00,59091.0,,13,0,1,909.247864,2025-12-08 00:14:00
13,1,1,684.9,2025-12-08 00:13:01,58088.0,,13,1,1,929.216736,2025-12-08 00:14:01
13,2,1,688.1,2025-12-08 00:13:02,57086.0,,13,2,1,948.150085,2025-12-08 00:14:02
13,3,1,689.1,2025-12-08 00:13:03,56085.0,,13,3,1,967.607666,2025-12-08 00:14:03
13,4,1,686.7,2025-12-08 00:13:04,55083.0,,13,4,1,986.970398,2025-12-08 00:14:04
13,5,1,689.1,2025-12-08 00:13:05,54082.0,,13,5,1,1005.769531,2025-12-08 00:14:05
13,6,1,695.1,2025-12-08 00:13:06,53081.0,,13,6,1,1023.700684,2025-12-08 00:14:06
13,7,1,688.8,2025-12-08 00:13:07,52080.0,,13,7,1,1040.590942,2025-12-08 00:14:07
13,8,1,695.9,2025-12-08 00:13:08,51078.0,,13,8,1,1056.364502,2025-12-08 00:14:08
13,9,1,686.3,2025-12-08 00:13:09,50077.0,,13,9,1,1071.014038,2025-12-08 00:14:09
13,10,1,685.1,2025-12-08 00:13:10,49075.0,,13,10,1,1084.575684,2025-12-08 00:14:10
13,11,1,684.5,2025-12-08 00:13:11,48074.0,,13,11,1,1097.112061,2025-12-08 00:14:11
13,12,1,688.2,2025-12-08 00:13:12,47073.0,,13,12,1,1108.699829,2025-12-08 00:14:12
13,13,1,687.0,2025-12-08 00:13:13,46071.0,,13,13,1,1119.420166,2025-12-08 00:14:13
13,14,1,689.0,2025-12-08 00:13:14,45070.0,,13,14,1,1129.354614,2025-12-08 00:14:14
13,15,1,687.3,2025-12-08 00:13:15,44068.0,,13,15,1,1138.580444,2025-12-08 00:14:15
13,16,1,684.8,2025-12-08 00:13:16,43067.0,,13,16,1,1147.169434,2025-12-08 00:14:16
13,17,1,687.5,2025-12-08 00:13:17,42066.0,,13,17,1,1155.186768,2025-12-08 00:14:17
13,18,1,688.8,2025-12-08 00:13:18,41065.0,,13,18,1,1162.69104,2025-12-08 00:14:18
13,19,1,689.4,2025-12-08 00:13:19,40064.0,,13,19,1,1169.734619,2025-12-08 00:14:19
13,20,1,690.8,2025-12-08 00:13:20,39063.0,,13,20,1,1176.363281,2025-12-08 00:14:20
13,21,1,687.4,2025-12-08 00:13:21,38061.0,,13,21,1,1182.61792,2025-12-08 00:14:21
13,22,1,685.1,2025-12-08 00:13:22,37060.0,,13,22,1,1188.53418,2025-12-08 00:14:22
13,23,1,686.8,2025-12-08 00:13:23,36059.0,,13,23,1,1194.143311,2025-12-08 00:14:23
13,24,1,691.3,2025-12-08 00:13:24,35058.0,,13,24,1,1199.472778,2025-12-08 00:14:24
13,25,1,683.3,2025-12-08 00:13:25,34056.0,,13,25,1,1204.546875,2025-12-08 00:14:25
13,26,1,686.5,2025-12-08 00:13:26,33055.0,,13,26,1,1209.386597,2025-12-08 00:14:26
13,27,1,684.8,2025-12-08 00:13:27,32053.0,,13,27,1,1214.011353,2025-12-08 00:14:27
13,28,1,683.7,2025-12-08 00:13:28,31052.0,,13,28,1,1218.437134,2025-12-08 00:14:28
13,29,1,684.8,2025-12-08 00:13:29,30051.0,,13,29,1,1222.678833,2025-12-08 00:14:29
13,30,1,684.1,2025-12-08 00:13:30,29050.0,,13,30,1,1226.749634,2025-12-08 00:14:30
13,31,1,653.7,2025-12-08 00:13:31,28049.0,,13,31,1,1230.661377,2025-12-08 00:14:31
13,32,1,656.2,2025-12-08 00:13:32,27048.0,,13,32,1,1234.424194,2025-12-08 00:14:32
13,33,1,656.4,2025-12-08 00:13:33,26047.0,,13,33,1,1238.047729,2025-12-08 00:14:33
13,34,1,656.9,2025-12-08 00:13:34,25045.0,,13,34,1,1241.540283,2025-12-08 00:14:34
13,35,1,652.9,2025-12-08 00:13:35,24041.0,,13,35,1,1244.909668,2025-12-08 00:14:35
13,36,1,654.3,2025-12-08 00:13:36,23040.0,,13,36,1,1248.162964,2025-12-08 00:14:36
13,37,1,654.3,2025-12-08 00:13:37,22039.0,,13,37,1,1251.306396,2025-12-08 00:14:37
13,38,1,655.0,2025-12-08 00:13:38,21037.0,,13,38,1,1254.345825,2025-12-08 00:14:38
13,39,1,657.5,2025-12-08 00:13:39,20035.0,,13,39,1,1257.286743,2025-12-08 00:14:39
13,40,1,653.5,2025-12-08 00:13:40,19034.0,,13,40,1,1260.134033,2025-12-08 00:14:40
13,41,1,653.9,2025-12-08 00:13:41,18033.0,,13,41,1,1262.892334,2025-12-08 00:14:41
13,42,1,656.9,2025-12-08 00:13:42,17032.0,,13,42,1,1265.565552,2025-12-08 00:14:42
13,43,1,656.0,2025-12-08 00:13:43,16031.0,,13,43,1,1268.158203,2025-12-08 00:14:43
13,44,1,658.0,2025-12-08 00:13:44,15030.0,,13,44,1,1270.673706,2025-12-08 00:14:44
13,45,1,657.0,2025-12-08 00:13:45,14029.0,,13,45,1,1273.115601,2025-12-08 00:14:45
13,46,1,651.6,2025-12-08 00:13:46,13028.0,,13,46,1,1275.487061,2025-12-08 00:14:46
13,47,1,655.4,2025-12-08 00:13:47,12027.0,,13,47,1,1277.791138,2025-12-08 00:14:47
13,48,1,655.8,2025-12-08 00:13:48,11026.0,,13,48,1,1280.030762,2025-12-08 00:14:48
13,49,1,654.3,2025-12-08 00:13:49,10024.0,,13,49,1,1282.208496,2025-12-08 00:14:49
13,50,1,659.0,2025-12-08 00:13:50,9022.0,,13,50,1,1284.327148,2025-12-08 00:14:50
13,51,1,653.3,2025-12-08 00:13:51,8021.0,,13,51,1,1286.388916,2025-12-08 00:14:51
13,52,1,655.4,2025-12-08 00:13:52,7020.0,,13,52,1,1288.396118,2025-12-08 00:14:52
13,53,1,654.8,2025-12-08 00:13:53,6019.0,,13,53,1,1290.351196,2025-12-08 00:14:53
13,54,1,658.2,2025-12-08 00:13:54,5018.0,,13,54,1,1292.255737,2025-12-08 00:14:54
13,55,1,655.4,2025-12-08 00:13:55,4017.0,,13,55,1,1294.112183,2025-12-08 00:14:55
13,56,1,654.4,2025-12-08 00:13:56,3016.0,,13,56,1,1295.922119,2025-12-08 00:14:56
13,57,1,653.5,2025-12-08 00:13:57,2015.0,,13,57,1,1297.687256,2025-12-08 00:14:57
13,58,1,655.7,2025-12-08 00:13:58,1014.0,,13,58,1,1299.409546,2025-12-08 00:14:58
13,59,1,658.7,2025-12-08 00:13:59,13.0,,13,59,1,1301.090088,2025-12-08 00:14:59
14,0,1,666.2,2025-12-08 00:14:00,59088.0,,14,0,1,907.729919,2025-12-08 00:15:00
14,1,1,660.5,2025-12-08 00:14:01,58087.0,,14,1,1,927.820251,2025-12-08 00:15:01
14,2,1,659.9,2025-12-08 00:14:02,57085.0,,14,2,1,946.833984,2025-12-08 00:15:02
14,3,1,659.3,2025-12-08 00:14:03,56084.0,,14,3,1,966.379578,2025-12-08 00:15:03
14,4,1,655.3,2025-12-08 00:14:04,55083.0,,14,4,1,985.832886,2025-12-08 00:15:04
14,5,1,673.0,2025-12-08 00:14:05,54082.0,,14,5,1,1004.721375,2025-12-08 00:15:05
14,6,1,655.7,2025-12-08 00:14:06,53081.0,,14,6,1,1022.737915,2025-12-08 00:15:06
14,7,1,657.3,2025-12-08 00:14:07,52080.0,,14,7,1,1039.707642,2025-12-08 00:15:07
14,8,1,658.0,2025-12-08 00:14:08,51079.0,,14,8,1,1055.554443,2025-12-08 00:15:08
14,9,1,658.9,2025-12-08 00:14:09,50078.0,,14,9,1,1070.270142,2025-12-08 00:15:09
14,10,1,653.8,2025-12-08 00:14:10,49076.0,,14,10,1,1083.891113,2025-12-08 00:15:10
14,11,1,652.6,2025-12-08 00:14:11,48076.0,,14,11,1,1096.480591,2025-12-08 00:15:11
14,12,1,655.2,2025-12-08 00:14:12,47075.0,,14,12,1,1108.115723,2025-12-08 00:15:12
14,13,1,653.4,2025-12-08 00:14:13,46073.0,,14,13,1,1118.878296,2025-12-08 00:15:13
14,14,1,654.1,2025-12-08 00:14:14,45072.0,,14,14,1,1128.85022,2025-12-08 00:15:14
14,15,1,651.8,2025-12-08 00:14:15,44071.0,,14,15,1,1138.109375,2025-12-08 00:15:15
14,16,1,650.8,2025-12-08 00:14:16,43070.0,,14,16,1,1146.728149,2025-12-08 00:15:16
14,17,1,654.9,2025-12-08 00:14:17,42068.0,,14,17,1,1154.772339,2025-12-08 00:15:17
14,18,1,654.1,2025-12-08 00:14:18,41067.0,,14,18,1,1162.300781,2025-12-08 00:15:18
14,19,1,660.6,2025-12-08 00:14:19,40066.0,,14,19,1,1169.365723,2025-12-08 00:15:19
14,20,1,654.3,2025-12-08 00:14:20,39065.0,,14,20,1,1176.014038,2025-12-08 00:15:20
14,21,1,651.1,2025-12-08 00:14:21,38061.0,,14,21,1,1182.286621,2025-12-08 00:15:21
14,22,1,651.7,2025-12-08 00:14:22,37060.0,,14,22,1,1188.219116,2025-12-08 00:15:22
14,23,1,651.7,2025-12-08 00:14:23,36059.0,,14,23,1,1193.843018,2025-12-08 00:15:23
14,24,1,654.8,2025-12-08 00:14:24,35058.0,,14,24,1,1199.186157,2025-12-08 00:15:24
14,25,1,652.7,2025-12-08 00:14:25,34057.0,,14,25,1,1204.272827,2025-12-08 00:15:25
14,26,1,653.7,2025-12-08 00:14:26,33056.0,,14,26,1,1209.124512,2025-12-08 00:15:26
14,27,1,653.1,2025-12-08 00:14:27,32055.0,,14,27,1,1213.759888,2025-12-08 00:15:27
14,28,1,652.6,2025-12-08 00:14:28,31053.0,,14,28,1,1218.195923,2025-12-08 00:15:28
14,29,1,652.4,2025-12-08 00:14:29,30052.0,,14,29,1,1222.447144,2025-12-08 00:15:29
14,30,1,654.9,2025-12-08 00:14:30,29051.0,,14,30,1,1226.526978,2025-12-08 00:15:30
14,31,1,652.3,2025-12-08 00:14:31,28049.0,,14,31,1,1230.446777,2025-12-08 00:15:31
14,32,1,652.6,2025-12-08 00:14:32,27048.0,,14,32,1,1234.217529,2025-12-08 00:15:32
14,33,1,651.8,2025-12-08 00:14:33,26047.0,,14,33,1,1237.848267,2025-12-08 00:15:33
14,34,1,650.3,2025-12-08 00:14:34,25046.0,,14,34,1,1241.3479,2025-12-08 00:15:34
14,35,1,653.3,2025-12-08 00:14:35,24045.0,,14,35,1,1244.723999,2025-12-08 00:15:35
14,36,1,647.4,2025-12-08 00:14:36,23043.0,,14,36,1,1247.983398,2025-12-08 00:15:36
14,37,1,657.1,2025-12-08 00:14:37,22043.0,,14,37,1,1251.132812,2025-12-08 00:15:37
14,38,1,654.3,2025-12-08 00:14:38,21041.0,,14,38,1,1254.177979,2025-12-08 00:15:38
14,39,1,655.4,2025-12-08 00:14:39,20040.0,,14,39,1,1257.124268,2025-12-08 00:15:39
14,40,1,654.4,2025-12-08 00:14:40,19039.0,,14,40,1,1259.976562,2025-12-08 00:15:40
14,41,1,652.2,2025-12-08 00:14:41,18038.0,,14,41,1,1262.739624,2025-12-08 00:15:41
14,42,1,654.8,2025-12-08 00:14:42,17037.0,,14,42,1,1265.417725,2025-12-08 00:15:42
14,43,1,653.1,2025-12-08 00:14:43,16036.0,,14,43,1,1268.014771,2025-12-08 00:15:43
14,44,1,654.7,2025-12-08 00:14:44,15035.0,,14,44,1,1270.534424,2025-12-08 00:15:44
14,45,1,653.1,2025-12-08 00:14:45,14033.0,,14,45,1,1272.980469,2025-12-08 00:15:45
14,46,1,650.4,2025-12-08 00:14:46,13031.0,,14,46,1,1275.355835,2025-12-08 00:15:46
14,47,1,652.4,2025-12-08 00:14:47,12030.0,,14,47,1,1277.663696,2025-12-08 00:15:47
14,48,1,651.7,2025-12-08 00:14:48,11029.0,,14,48,1,1279.906616,2025-12-08 00:15:48
14,49,1,651.3,2025-12-08 00:14:49,10027.0,,14,49,1,1282.088013,2025-12-08 00:15:49
14,50,1,653.5,2025-12-08 00:14:50,9026.0,,14,50,1,1284.209839,2025-12-08 00:15:50
14,51,1,657.3,2025-12-08 00:14:51,8025.0,,14,51,1,1286.274658,2025-12-08 00:15:51
14,52,1,650.1,2025-12-08 00:14:52,7023.0,,14,52,1,1288.285034,2025-12-08 00:15:52
14,53,1,653.6,2025-12-08 00:14:53,6022.0,,14,53,1,1290.24292,2025-12-08 00:15:53
14,54,1,653.0,2025-12-08 00:14:54,5020.0,,14,54,1,1292.150391,2025-12-08 00:15:54
14,55,1,649.9,2025-12-08 00:14:55,4019.0,,14,55,1,1294.009399,2025-12-08 00:15:55
14,56,1,653.7,2025-12-08 00:14:56,3018.0,,14,56,1,1295.821777,2025-12-08 00:15:56
14,57,1,653.2,2025-12-08 00:14:57,2016.0,,14,57,1,1297.589478,2025-12-08 00:15:57
14,58,1,650.8,2025-12-08 00:14:58,1014.0,,14,58,1,1299.314087,2025-12-08 00:15:58
14,59,1,653.0,2025-12-08 00:14:59,13.0,,14,59,1,1300.99707,2025-12-08 00:15:59
15,0,1,654.0,2025-12-08 00:15:00,59127.0,,15,0,1,1147.143555,2025-12-08 00:16:00
15,1,1,656.4,2025-12-08 00:15:01,58126.0,,15,1,1,1156.06604,2025-12-08 00:16:01
15,2,1,654.8,2025-12-08 00:15:02,57125.0,,15,2,1,1164.328857,2025-12-08 00:16:02
15,3,1,653.6,2025-12-08 00:15:03,56123.0,,15,3,1,1171.90564,2025-12-08 00:16:03
15,4,1,652.0,2025-12-08 00:15:04,55122.0,,15,4,1,1178.880615,2025-12-08 00:16:04
15,5,1,654.8,2025-12-08 00:15:05,54121.0,,15,5,1,1185.339722,2025-12-08 00:16:05
15,6,1,655.2,2025-12-08 00:15:06,53119.0,,15,6,1,1191.357178,2025-12-08 00:16:06
15,7,1,785.1,2025-12-08 00:15:07,52118.0,,15,7,1,1196.994507,2025-12-08 00:16:07
15,8,1,755.4,2025-12-08 00:15:08,51117.0,,15,8,1,1202.302612,2025-12-08 00:16:08
15,9,1,753.1,2025-12-08 00:15:09,50116.0,,15,9,1,1207.322876,2025-12-08 00:16:09
15,10,1,752.3,2025-12-08 00:15:10,49114.0,,15,10,1,1212.088745,2025-12-08 00:16:10
15,11,1,659.7,2025-12-08 00:15:11,48113.0,,15,11,1,1216.62793,2025-12-08 00:16:11
15,12,1,754.7,2025-12-08 00:15:12,47112.0,,15,12,1,1220.962891,2025-12-08 00:16:12
15,13,1,750.5,2025-12-08 00:15:13,46111.0,,15,13,1,1225.111816,2025-12-08 00:16:13
15,14,1,806.2,2025-12-08 00:15:14,45109.0,,15,14,1,1229.090576,2025-12-08 00:16:14
15,15,1,769.2,2025-12-08 00:15:15,44108.0,,15,15,1,1232.91272,2025-12-08 00:16:15
15,16,1,762.5,2025-12-08 00:15:16,43107.0,,15,16,1,1236.589111,2025-12-08 00:16:16
15,17,1,763.7,2025-12-08 00:15:17,42106.0,,15,17,1,1240.130249,2025-12-08 00:16:17
15,18,1,755.4,2025-12-08 00:15:18,41104.0,,15,18,1,1243.543945,2025-12-08 00:16:18
15,19,1,758.0,2025-12-08 00:15:19,40103.0,,15,19,1,1246.838623,2025-12-08 00:16:19
15,20,1,758.4,2025-12-08 00:15:20,39102.0,,15,20,1,1250.020996,2025-12-08 00:16:20
15,21,1,761.6,2025-12-08 00:15:21,38101.0,,15,21,1,1253.097168,2025-12-08 00:16:21
15,22,1,759.7,2025-12-08 00:15:22,37099.0,,15,22,1,1256.072876,2025-12-08 00:16:22
15,23,1,758.5,2025-12-08 00:15:23,36098.0,,15,23,1,1258.953491,2025-12-08 00:16:23
15,24,1,760.1,2025-12-08 00:15:24,35096.0,,15,24,1,1261.74353,2025-12-08 00:16:24
15,25,1,756.9,2025-12-08 00:15:25,34095.0,,15,25,1,1264.44751,2025-12-08 00:16:25
15,26,1,758.9,2025-12-08 00:15:26,33094.0,,15,26,1,1267.069458,2025-12-08 00:16:26
15,27,1,762.2,2025-12-08 00:15:27,32093.0,,15,27,1,1269.613281,2025-12-08 00:16:27
15,28,1,759.7,2025-12-08 00:15:28,31093.0,,15,28,1,1272.08252,2025-12-08 00:16:28
15,29,1,760.5,2025-12-08 00:15:29,30092.0,,15,29,1,1274.480469,2025-12-08 00:16:29
15,30,1,758.1,2025-12-08 00:15:30,29091.0,,15,30,1,1276.810059,2025-12-08 00:16:30
15,31,1,756.9,2025-12-08 00:15:31,28089.0,,15,31,1,1279.074341,2025-12-08 00:16:31
15,32,1,761.4,2025-12-08 00:15:32,27087.0,,15,32,1,1281.276123,2025-12-08 00:16:32
15,33,1,762.3,2025-12-08 00:15:33,26086.0,,15,33,1,1283.417847,2025-12-08 00:16:33
15,34,1,761.3,2025-12-08 00:15:34,25073.0,,15,34,1,1285.502075,2025-12-08 00:16:34
15,35,1,760.0,2025-12-08 00:15:35,24066.0,,15,35,1,1287.531128,2025-12-08 00:16:35
15,36,1,757.6,2025-12-08 00:15:36,23065.0,,15,36,1,1289.507324,2025-12-08 00:16:36
15,37,1,768.0,2025-12-08 00:15:37,22064.0,,15,37,1,1291.432373,2025-12-08 00:16:37
15,38,1,757.0,2025-12-08 00:15:38,21063.0,,15,38,1,1293.308228,2025-12-08 00:16:38
15,39,1,758.9,2025-12-08 00:15:39,20060.0,,15,39,1,1295.137329,2025-12-08 00:16:39
15,40,1,775.6,2025-12-08 00:15:40,19059.0,,15,40,1,1296.920898,2025-12-08 00:16:40
15,41,1,765.9,2025-12-08 00:15:41,18058.0,,15,41,1,1298.660645,2025-12-08 00:16:41
15,42,1,775.3,2025-12-08 00:15:42,17055.0,,15,42,1,1300.358643,2025-12-08 00:16:42
15,43,1,760.5,2025-12-08 00:15:43,16051.0,,15,43,1,1302.015991,2025-12-08 00:16:43
15,44,1,758.7,2025-12-08 00:15:44,15049.0,,15,44,1,1303.634399,2025-12-08 00:16:44
15,45,1,759.7,2025-12-08 00:15:45,14048.0,,15,45,1,1305.215088,2025-12-08 00:16:45
15,46,1,1056.1,2025-12-08 00:15:46,13047.0,,15,46,1,1306.759399,2025-12-08 00:16:46
15,47,1,1055.4,2025-12-08 00:15:47,12041.0,,15,47,1,1308.267334,2025-12-08 00:16:47
15,48,1,948.7,2025-12-08 00:15:48,11028.0,,15,48,1,1309.741211,2025-12-08 00:16:48
15,49,1,966.7,2025-12-08 00:15:49,10027.0,,15,49,1,1311.183105,2025-12-08 00:16:49
15,50,1,1063.0,2025-12-08 00:15:50,9026.0,,15,50,1,1312.593262,2025-12-08 00:16:50
15,51,1,968.2,2025-12-08 00:15:51,8026.0,,15,51,1,1313.97229,2025-12-08 00:16:51
15,52,1,1014.7,2025-12-08 00:15:52,7021.0,,15,52,1,1315.32251,2025-12-08 00:16:52
15,53,1,1042.8,2025-12-08 00:15:53,6016.0,,15,53,1,1316.643799,2025-12-08 00:16:53
15,54,1,1068.5,2025-12-08 00:15:54,5015.0,,15,54,1,1317.937256,2025-12-08 00:16:54
15,55,1,1091.4,2025-12-08 00:15:55,4014.0,,15,55,1,1319.203613,2025-12-08 00:16:55
15,56,1,1112.9,2025-12-08 00:15:56,3013.0,,15,56,1,1320.444092,2025-12-08 00:16:56
15,57,1,1134.1,2025-12-08 00:15:57,2012.0,,15,57,1,1321.65918,2025-12-08 00:16:57
15,58,1,1152.1,2025-12-08 00:15:58,1010.0,,15,58,1,1322.849854,2025-12-08 00:16:58
15,59,1,1167.1,2025-12-08 00:15:59,10.0,,15,59,1,1324.016968,2025-12-08 00:16:59
16,0,1,1178.8,2025-12-08 00:16:00,59084.0,,16,0,1,1245.228271,2025-12-08 00:17:00
16,1,1,1184.0,2025-12-08 00:16:01,58083.0,,16,1,1,1247.653687,2025-12-08 00:17:01
16,2,1,1187.3,2025-12-08 00:16:02,57082.0,,16,2,1,1250.259766,2025-12-08 00:17:02
16,3,1,1193.4,2025-12-08 00:16:03,56081.0,,16,3,1,1252.996582,2025-12-08 00:17:03
16,4,1,1200.4,2025-12-08 00:16:04,55080.0,,16,4,1,1255.803345,2025-12-08 00:17:04
16,5,1,1199.6,2025-12-08 00:16:05,54078.0,,16,5,1,1258.629517,2025-12-08 00:17:05
16,6,1,1199.7,2025-12-08 00:16:06,53077.0,,16,6,1,1261.437744,2025-12-08 00:17:06
16,7,1,1198.5,2025-12-08 00:16:07,52076.0,,16,7,1,1264.202637,2025-12-08 00:17:07
16,8,1,1198.9,2025-12-08 00:16:08,51075.0,,16,8,1,1266.907471,2025-12-08 00:17:08
16,9,1,1198.8,2025-12-08 00:16:09,50074.0,,16,9,1,1269.541992,2025-12-08 00:17:09
16,10,1,1199.1,2025-12-08 00:16:10,49072.0,,16,10,1,1272.101196,2025-12-08 00:17:10
16,11,1,1198.0,2025-12-08 00:16:11,48071.0,,16,11,1,1274.583008,2025-12-08 00:17:11
16,12,1,1197.6,2025-12-08 00:16:12,47070.0,,16,12,1,1276.988159,2025-12-08 00:17:12
16,13,1,1196.1,2025-12-08 00:16:13,46069.0,,16,13,1,1279.318237,2025-12-08 00:17:13
16,14,1,1191.7,2025-12-08 00:16:14,45068.0,,16,14,1,1281.575684,2025-12-08 00:17:14
16,15,1,1194.8,2025-12-08 00:16:15,44067.0,,16,15,1,1283.763916,2025-12-08 00:17:15
16,16,1,1193.1,2025-12-08 00:16:16,43066.0,,16,16,1,1285.885986,2025-12-08 00:17:16
16,17,1,1196.3,2025-12-08 00:16:17,42065.0,,16,17,1,1287.94519,2025-12-08 00:17:17
16,18,1,1193.5,2025-12-08 00:16:18,41063.0,,16,18,1,1289.944336,2025-12-08 00:17:18
16,19,1,1197.7,2025-12-08 00:16:19,40063.0,,16,19,1,1291.886963,2025-12-08 00:17:19
16,20,1,1200.0,2025-12-08 00:16:20,39061.0,,16,20,1,1293.775635,2025-12-08 00:17:20
16,21,1,1196.6,2025-12-08 00:16:21,38060.0,,16,21,1,1295.612915,2025-12-08 00:17:21
16,22,1,1198.6,2025-12-08 00:16:22,37058.0,,16,22,1,1297.401001,2025-12-08 00:17:22
16,23,1,1201.7,2025-12-08 00:16:23,36057.0,,16,23,1,1299.1427,2025-12-08 00:17:23
16,24,1,1207.1,2025-12-08 00:16:24,35056.0,,16,24,1,1300.839722,2025-12-08 00:17:24
16,25,1,1201.5,2025-12-08 00:16:25,34055.0,,16,25,1,1302.494263,2025-12-08 00:17:25
16,26,1,1208.4,2025-12-08 00:16:26,33054.0,,16,26,1,1304.108154,2025-12-08 00:17:26
16,27,1,1212.6,2025-12-08 00:16:27,32052.0,,16,27,1,1305.682617,2025-12-08 00:17:27
16,28,1,1215.5,2025-12-08 00:16:28,31051.0,,16,28,1,1307.219849,2025-12-08 00:17:28
16,29,1,1215.5,2025-12-08 00:16:29,30050.0,,16,29,1,1308.720947,2025-12-08 00:17:29
16,30,1,1217.1,2025-12-08 00:16:30,29048.0,,16,30,1,1310.1875,2025-12-08 00:17:30
16,31,1,1215.3,2025-12-08 00:16:31,28048.0,,16,31,1,1311.620728,2025-12-08 00:17:31
16,32,1,1218.6,2025-12-08 00:16:32,27046.0,,16,32,1,1313.022095,2025-12-08 00:17:32
16,33,1,1222.1,2025-12-08 00:16:33,26045.0,,16,33,1,1314.392456,2025-12-08 00:17:33
16,34,1,1227.1,2025-12-08 00:16:34,25044.0,,16,34,1,1315.733154,2025-12-08 00:17:34
16,35,1,1219.9,2025-12-08 00:16:35,24043.0,,16,35,1,1317.045166,2025-12-08 00:17:35
16,36,1,1219.9,2025-12-08 00:16:36,23041.0,,16,36,1,1318.32959,2025-12-08 00:17:36
16,37,1,1222.3,2025-12-08 00:16:37,22040.0,,16,37,1,1319.58728,2025-12-08 00:17:37
16,38,1,1222.1,2025-12-08 00:16:38,21039.0,,16,38,1,1320.819092,2025-12-08 00:17:38
16,39,1,1222.0,2025-12-08 00:16:39,20038.0,,16,39,1,1322.025879,2025-12-08 00:17:39
16,40,1,1220.9,2025-12-08 00:16:40,19037.0,,16,40,1,1323.208618,2025-12-08 00:17:40
16,41,1,1221.8,2025-12-08 00:16:41,18036.0,,16,41,1,1324.367676,2025-12-08 00:17:41
16,42,1,1223.5,2025-12-08 00:16:42,17035.0,,16,42,1,1325.50415,2025-12-08 00:17:42
16,43,1,1228.2,2025-12-08 00:16:43,16034.0,,16,43,1,1326.618896,2025-12-08 00:17:43
16,44,1,1223.1,2025-12-08 00:16:44,15033.0,,16,44,1,1327.712036,2025-12-08 00:17:44
16,45,1,1223.7,2025-12-08 00:16:45,14032.0,,16,45,1,1328.784668,2025-12-08 00:17:45
16,46,1,1217.6,2025-12-08 00:16:46,13030.0,,16,46,1,1329.837036,2025-12-08 00:17:46
16,47,1,1217.3,2025-12-08 00:16:47,12029.0,,16,47,1,1330.870239,2025-12-08 00:17:47
16,48,1,1219.2,2025-12-08 00:16:48,11027.0,,16,48,1,1331.884521,2025-12-08 00:17:48
16,49,1,1215.0,2025-12-08 00:16:49,10026.0,,16,49,1,1332.880371,2025-12-08 00:17:49
16,50,1,1217.1,2025-12-08 00:16:50,9024.0,,16,50,1,1333.858154,2025-12-08 00:17:50
16,51,1,1217.6,2025-12-08 00:16:51,8022.0,,16,51,1,1334.818848,2025-12-08 00:17:51
16,52,1,1219.0,2025-12-08 00:16:52,7019.0,,16,52,1,1335.762451,2025-12-08 00:17:52
16,53,1,1216.6,2025-12-08 00:16:53,6018.0,,16,53,1,1336.689697,2025-12-08 00:17:53
16,54,1,1217.0,2025-12-08 00:16:54,5016.0,,16,54,1,1337.60083,2025-12-08 00:17:54
16,55,1,1219.0,2025-12-08 00:16:55,4015.0,,16,55,1,1338.496582,2025-12-08 00:17:55
16,56,1,1221.1,2025-12-08 00:16:56,3014.0,,16,56,1,1339.377197,2025-12-08 00:17:56
16,57,1,1224.6,2025-12-08 00:16:57,2013.0,,16,57,1,1340.242676,2025-12-08 00:17:57
16,58,1,1217.7,2025-12-08 00:16:58,1011.0,,16,58,1,1341.094116,2025-12-08 00:17:58
16,59,1,1232.6,2025-12-08 00:16:59,10.0,,16,59,1,1341.931274,2025-12-08 00:17:59
17,0,1,1225.4,2025-12-08 00:17:00,59083.0,,17,0,1,1242.981934,2025-12-08 00:18:00
17,1,1,1220.7,2025-12-08 00:17:01,58082.0,,17,1,1,1245.206787,2025-12-08 00:18:01
17,2,1,1224.0,2025-12-08 00:17:02,57081.0,,17,2,1,1247.666138,2025-12-08 00:18:02
17,3,1,1225.4,2025-12-08 00:17:03,56080.0,,17,3,1,1250.321899,2025-12-08 00:18:03
17,4,1,1221.3,2025-12-08 00:17:04,55079.0,,17,4,1,1253.102539,2025-12-08 00:18:04
17,5,1,1221.8,2025-12-08 00:17:05,54077.0,,17,5,1,1255.942383,2025-12-08 00:18:05
17,6,1,1221.3,2025-12-08 00:17:06,53075.0,,17,6,1,1258.791504,2025-12-08 00:18:06
17,7,1,1224.8,2025-12-08 00:17:07,52074.0,,17,7,1,1261.61499,2025-12-08 00:18:07
17,8,1,1222.7,2025-12-08 00:17:08,51072.0,,17,8,1,1264.388916,2025-12-08 00:18:08
17,9,1,1221.6,2025-12-08 00:17:09,50071.0,,17,9,1,1267.098022,2025-12-08 00:18:09
17,10,1,1218.0,2025-12-08 00:17:10,49070.0,,17,10,1,1269.733521,2025-12-08 00:18:10
17,11,1,1222.8,2025-12-08 00:17:11,48069.0,,17,11,1,1272.291504,2025-12-08 00:18:11
17,12,1,1219.7,2025-12-08 00:17:12,47065.0,,17,12,1,1274.77063,2025-12-08 00:18:12
17,13,1,1219.9,2025-12-08 00:17:13,46064.0,,17,13,1,1277.171875,2025-12-08 00:18:13
17,14,1,1217.8,2025-12-08 00:17:14,45062.0,,17,14,1,1279.497314,2025-12-08 00:18:14
17,15,1,1221.7,2025-12-08 00:17:15,44061.0,,17,15,1,1281.750244,2025-12-08 00:18:15
17,16,1,1215.5,2025-12-08 00:17:16,43060.0,,17,16,1,1283.933594,2025-12-08 00:18:16
17,17,1,1219.2,2025-12-08 00:17:17,42059.0,,17,17,1,1286.050659,2025-12-08 00:18:17
17,18,1,1221.0,2025-12-08 00:17:18,41058.0,,17,18,1,1288.105103,2025-12-08 00:18:18
17,19,1,1225.6,2025-12-08 00:17:19,40057.0,,17,19,1,1290.099731,2025-12-08 00:18:19
17,20,1,1223.8,2025-12-08 00:17:20,39056.0,,17,20,1,1292.037964,2025-12-08 00:18:20
17,21,1,1221.9,2025-12-08 00:17:21,38055.0,,17,21,1,1293.921997,2025-12-08 00:18:21
17,22,1,1211.0,2025-12-08 00:17:22,37053.0,,17,22,1,1295.755249,2025-12-08 00:18:22
17,23,1,1216.8,2025-12-08 00:17:23,36052.0,,17,23,1,1297.539795,2025-12-08 00:18:23
17,24,1,1219.8,2025-12-08 00:17:24,35051.0,,17,24,1,1299.277588,2025-12-08 00:18:24
17,25,1,1213.8,2025-12-08 00:17:25,34050.0,,17,25,1,1300.971191,2025-12-08 00:18:25
17,26,1,1213.6,2025-12-08 00:17:26,33049.0,,17,26,1,1302.622314,2025-12-08 00:18:26
17,27,1,1218.1,2025-12-08 00:17:27,32048.0,,17,27,1,1304.23291,2025-12-08 00:18:27
17,28,1,1218.1,2025-12-08 00:17:28,31046.0,,17,28,1,1305.804443,2025-12-08 00:18:28
17,29,1,1222.9,2025-12-08 00:17:29,30045.0,,17,29,1,1307.338623,2025-12-08 00:18:29
17,30,1,1218.3,2025-12-08 00:17:30,29044.0,,17,30,1,1308.836914,2025-12-08 00:18:30
17,31,1,1214.6,2025-12-08 00:17:31,28043.0,,17,31,1,1310.300903,2025-12-08 00:18:31
17,32,1,1217.0,2025-12-08 00:17:32,27041.0,,17,32,1,1311.731567,2025-12-08 00:18:32
17,33,1,1218.8,2025-12-08 00:17:33,26040.0,,17,33,1,1313.130249,2025-12-08 00:18:33
17,34,1,1219.4,2025-12-08 00:17:34,25039.0,,17,34,1,1314.498535,2025-12-08 00:18:34
17,35,1,1214.6,2025-12-08 00:17:35,24038.0,,17,35,1,1315.836914,2025-12-08 00:18:35
17,36,1,1222.3,2025-12-08 00:17:36,23037.0,,17,36,1,1317.146851,2025-12-08 00:18:36
17,37,1,1219.4,2025-12-08 00:17:37,22036.0,,17,37,1,1318.428955,2025-12-08 00:18:37
17,38,1,1219.8,2025-12-08 00:17:38,21035.0,,17,38,1,1319.684448,2025-12-08 00:18:38
17,39,1,1219.9,2025-12-08 00:17:39,20034.0,,17,39,1,1320.914429,2025-12-08 00:18:39
17,40,1,1220.9,2025-12-08 00:17:40,19032.0,,17,40,1,1322.119263,2025-12-08 00:18:40
17,41,1,1228.5,2025-12-08 00:17:41,18031.0,,17,41,1,1323.299927,2025-12-08 00:18:41
17,42,1,1219.8,2025-12-08 00:17:42,17030.0,,17,42,1,1324.45752,2025-12-08 00:18:42
17,43,1,1215.3,2025-12-08 00:17:43,16029.0,,17,43,1,1325.592285,2025-12-08 00:18:43
17,44,1,1226.7,2025-12-08 00:17:44,15028.0,,17,44,1,1326.705078,2025-12-08 00:18:44
17,45,1,1228.4,2025-12-08 00:17:45,14026.0,,17,45,1,1327.796753,2025-12-08 00:18:45
17,46,1,1224.6,2025-12-08 00:17:46,13025.0,,17,46,1,1328.867676,2025-12-08 00:18:46
17,47,1,1224.2,2025-12-08 00:17:47,12024.0,,17,47,1,1329.918701,2025-12-08 00:18:47
17,48,1,1219.3,2025-12-08 00:17:48,11023.0,,17,48,1,1330.950195,2025-12-08 00:18:48
17,49,1,1218.6,2025-12-08 00:17:49,10022.0,,17,49,1,1331.962891,2025-12-08 00:18:49
17,50,1,1217.9,2025-12-08 00:17:50,9020.0,,17,50,1,1332.957275,2025-12-08 00:18:50
17,51,1,1221.7,2025-12-08 00:17:51,8020.0,,17,51,1,1333.933838,2025-12-08 00:18:51
17,52,1,1217.3,2025-12-08 00:17:52,7019.0,,17,52,1,1334.893066,2025-12-08 00:18:52
17,53,1,1216.0,2025-12-08 00:17:53,6017.0,,17,53,1,1335.835571,2025-12-08 00:18:53
17,54,1,1217.3,2025-12-08 00:17:54,5016.0,,17,54,1,1336.761353,2025-12-08 00:18:54
17,55,1,1215.9,2025-12-08 00:17:55,4014.0,,17,55,1,1337.671387,2025-12-08 00:18:55
17,56,1,1217.0,2025-12-08 00:17:56,3014.0,,17,56,1,1338.565918,2025-12-08 00:18:56
17,57,1,1219.2,2025-12-08 00:17:57,2013.0,,17,57,1,1339.445068,2025-12-08 00:18:57
17,58,1,1216.1,2025-12-08 00:17:58,1011.0,,17,58,1,1340.309814,2025-12-08 00:18:58
17,59,1,1216.8,2025-12-08 00:17:59,10.0,,17,59,1,1341.160156,2025-12-08 00:18:59
18,0,1,1290.571186,2025-12-08 00:18:00,59171.0,,18,0,1,1316.033203,2025-12-08 00:19:00
18,1,1,1218.6,2025-12-08 00:18:01,58170.0,,18,1,1,1316.905884,2025-12-08 00:19:01
18,2,1,1226.1,2025-12-08 00:18:02,57169.0,,18,2,1,1317.882812,2025-12-08 00:19:02
18,3,1,1219.9,2025-12-08 00:18:03,56168.0,,18,3,1,1318.942505,2025-12-08 00:19:03
18,4,1,1222.9,2025-12-08 00:18:04,55167.0,,18,4,1,1320.060303,2025-12-08 00:19:04
18,5,1,1222.7,2025-12-08 00:18:05,54166.0,,18,5,1,1321.211914,2025-12-08 00:19:05
18,6,1,1219.6,2025-12-08 00:18:06,53165.0,,18,6,1,1322.37915,2025-12-08 00:19:06
18,7,1,1217.6,2025-12-08 00:18:07,52163.0,,18,7,1,1323.548218,2025-12-08 00:19:07
18,8,1,1219.5,2025-12-08 00:18:08,51161.0,,18,8,1,1324.709717,2025-12-08 00:19:08
18,9,1,1218.0,2025-12-08 00:18:09,50160.0,,18,9,1,1325.8573,2025-12-08 00:19:09
18,10,1,1219.5,2025-12-08 00:18:10,49159.0,,18,10,1,1326.986694,2025-12-08 00:19:10
18,11,1,1221.6,2025-12-08 00:18:11,48158.0,,18,11,1,1328.095947,2025-12-08 00:19:11
18,12,1,1219.1,2025-12-08 00:18:12,47157.0,,18,12,1,1329.183716,2025-12-08 00:19:12
18,13,1,1217.7,2025-12-08 00:18:13,46156.0,,18,13,1,1330.249756,2025-12-08 00:19:13
18,14,1,1218.0,2025-12-08 00:18:14,45155.0,,18,14,1,1331.294067,2025-12-08 00:19:14
18,15,1,1254.1,2025-12-08 00:18:15,44154.0,,18,15,1,1332.317261,2025-12-08 00:19:15
18,16,1,1325.9,2025-12-08 00:18:16,43153.0,,18,16,1,1333.319336,2025-12-08 00:19:16
18,17,1,1318.2,2025-12-08 00:18:17,42145.0,,18,17,1,1334.300903,2025-12-08 00:19:17
18,18,1,1316.3,2025-12-08 00:18:18,41144.0,,18,18,1,1335.263794,2025-12-08 00:19:18
18,19,1,1325.4,2025-12-08 00:18:19,40142.0,,18,19,1,1336.208252,2025-12-08 00:19:19
18,20,1,1327.3,2025-12-08 00:18:20,39141.0,,18,20,1,1337.134766,2025-12-08 00:19:20
18,21,1,1318.2,2025-12-08 00:18:21,38139.0,,18,21,1,1338.044189,2025-12-08 00:19:21
18,22,1,1320.1,2025-12-08 00:18:22,37138.0,,18,22,1,1338.937378,2025-12-08 00:19:22
18,23,1,1332.2,2025-12-08 00:18:23,36137.0,,18,23,1,1339.814453,2025-12-08 00:19:23
18,24,1,1320.5,2025-12-08 00:18:24,35135.0,,18,24,1,1340.67627,2025-12-08 00:19:24
18,25,1,1316.8,2025-12-08 00:18:25,34134.0,,18,25,1,1341.523193,2025-12-08 00:19:25
18,26,1,1318.0,2025-12-08 00:18:26,33133.0,,18,26,1,1342.355835,2025-12-08 00:19:26
18,27,1,1322.0,2025-12-08 00:18:27,32132.0,,18,27,1,1343.174438,2025-12-08 00:19:27
18,28,1,1322.3,2025-12-08 00:18:28,31130.0,,18,28,1,1343.979126,2025-12-08 00:19:28
18,29,1,1322.3,2025-12-08 00:18:29,30129.0,,18,29,1,1344.770996,2025-12-08 00:19:29
18,30,1,1317.7,2025-12-08 00:18:30,29129.0,,18,30,1,1345.549805,2025-12-08 00:19:30
18,31,1,1326.4,2025-12-08 00:18:31,28127.0,,18,31,1,1346.316284,2025-12-08 00:19:31
18,32,1,1322.1,2025-12-08 00:18:32,27126.0,,18,32,1,1347.070557,2025-12-08 00:19:32
18,33,1,1320.3,2025-12-08 00:18:33,26125.0,,18,33,1,1347.812866,2025-12-08 00:19:33
18,34,1,1327.1,2025-12-08 00:18:34,25123.0,,18,34,1,1348.543945,2025-12-08 00:19:34
18,35,1,1309.0,2025-12-08 00:18:35,24122.0,,18,35,1,1349.263428,2025-12-08 00:19:35
18,36,1,1313.8,2025-12-08 00:18:36,23122.0,,18,36,1,1349.972534,2025-12-08 00:19:36
18,37,1,1308.7,2025-12-08 00:18:37,22120.0,,18,37,1,1350.670654,2025-12-08 00:19:37
18,38,1,1312.2,2025-12-08 00:18:38,21118.0,,18,38,1,1351.358643,2025-12-08 00:19:38
18,39,1,1310.3,2025-12-08 00:18:39,20117.0,,18,39,1,1352.036255,2025-12-08 00:19:39
18,40,1,1307.1,2025-12-08 00:18:40,19116.0,,18,40,1,1352.703979,2025-12-08 00:19:40
18,41,1,1309.1,2025-12-08 00:18:41,18115.0,,18,41,1,1353.362061,2025-12-08 00:19:41
18,42,1,1309.7,2025-12-08 00:18:42,17113.0,,18,42,1,1354.010986,2025-12-08 00:19:42
18,43,1,1308.7,2025-12-08 00:18:43,16112.0,,18,43,1,1354.650513,2025-12-08 00:19:43
18,44,1,1309.4,2025-12-08 00:18:44,15110.0,,18,44,1,1355.280884,2025-12-08 00:19:44
18,45,1,1304.5,2025-12-08 00:18:45,14110.0,,18,45,1,1355.90271,2025-12-08 00:19:45
18,46,1,1303.1,2025-12-08 00:18:46,13109.0,,18,46,1,1356.515869,2025-12-08 00:19:46
18,47,1,1306.1,2025-12-08 00:18:47,12108.0,,18,47,1,1357.120361,2025-12-08 00:19:47
18,48,1,1307.5,2025-12-08 00:18:48,11107.0,,18,48,1,1357.716797,2025-12-08 00:19:48
18,49,1,1306.1,2025-12-08 00:18:49,10105.0,,18,49,1,1358.305298,2025-12-08 00:19:49
18,50,1,1304.0,2025-12-08 00:18:50,9103.0,,18,50,1,1358.88562,2025-12-08 00:19:50
18,51,1,1308.9,2025-12-08 00:18:51,8032.0,,18,51,1,1359.458374,2025-12-08 00:19:51
18,52,1,1307.6,2025-12-08 00:18:52,7031.0,,18,52,1,1360.02356,2025-12-08 00:19:52
18,53,1,1306.3,2025-12-08 00:18:53,6030.0,,18,53,1,1360.581421,2025-12-08 00:19:53
18,54,1,1306.5,2025-12-08 00:18:54,5029.0,,18,54,1,1361.131958,2025-12-08 00:19:54
18,55,1,1306.4,2025-12-08 00:18:55,4026.0,,18,55,1,1361.675293,2025-12-08 00:19:55
18,56,1,1306.1,2025-12-08 00:18:56,3025.0,,18,56,1,1362.21167,2025-12-08 00:19:56
18,57,1,1308.0,2025-12-08 00:18:57,2024.0,,18,57,1,1362.741333,2025-12-08 00:19:57
18,58,1,1304.7,2025-12-08 00:18:58,1019.0,,18,58,1,1363.26416,2025-12-08 00:19:58
18,59,1,1305.9,2025-12-08 00:18:59,15.0,,18,59,1,1363.780518,2025-12-08 00:19:59
19,0,1,1303.9,2025-12-08 00:19:00,59099.0,,19,0,1,1271.220093,2025-12-08 00:20:00
19,1,1,1307.4,2025-12-08 00:19:01,58088.0,,19,1,1,1246.785522,2025-12-08 00:20:01
19,2,1,1308.9,2025-12-08 00:19:02,57087.0,,19,2,1,1223.508545,2025-12-08 00:20:02
19,3,1,1305.9,2025-12-08 00:19:03,56086.0,,19,3,1,1201.398193,2025-12-08 00:20:03
19,4,1,1307.9,2025-12-08 00:19:04,55082.0,,19,4,1,1180.565674,2025-12-08 00:20:04
19,5,1,1306.4,2025-12-08 00:19:05,54078.0,,19,5,1,1161.02771,2025-12-08 00:20:05
19,6,1,1307.3,2025-12-08 00:19:06,53071.0,,19,6,1,1142.692261,2025-12-08 00:20:06
19,7,1,1305.6,2025-12-08 00:19:07,52067.0,,19,7,1,1125.423584,2025-12-08 00:20:07
19,8,1,1309.4,2025-12-08 00:19:08,51066.0,,19,8,1,1109.075806,2025-12-08 00:20:08
19,9,1,1309.9,2025-12-08 00:19:09,50065.0,,19,9,1,1093.510864,2025-12-08 00:20:09
19,10,1,1312.1,2025-12-08 00:19:10,49064.0,,19,10,1,1078.605713,2025-12-08 00:20:10
19,11,1,1330.2,2025-12-08 00:19:11,48063.0,,19,11,1,1064.256592,2025-12-08 00:20:11
19,12,1,1380.9,2025-12-08 00:19:12,47061.0,,19,12,1,1050.37793,2025-12-08 00:20:12
19,13,1,1379.9,2025-12-08 00:19:13,46060.0,,19,13,1,1036.90271,2025-12-08 00:20:13
19,14,1,1383.5,2025-12-08 00:19:14,45059.0,,19,14,1,1023.778503,2025-12-08 00:20:14
19,15,1,1386.4,2025-12-08 00:19:15,44058.0,,19,15,1,1010.966919,2025-12-08 00:20:15
19,16,1,1380.8,2025-12-08 00:19:16,43057.0,,19,16,1,998.440796,2025-12-08 00:20:16
19,17,1,1384.6,2025-12-08 00:19:17,42056.0,,19,17,1,986.182434,2025-12-08 00:20:17
19,18,1,1384.0,2025-12-08 00:19:18,41055.0,,19,18,1,974.181946,2025-12-08 00:20:18
19,19,1,1389.2,2025-12-08 00:19:19,40053.0,,19,19,1,962.435791,2025-12-08 00:20:19
19,20,1,1389.5,2025-12-08 00:19:20,39052.0,,19,20,1,950.945801,2025-12-08 00:20:20
19,21,1,1389.3,2025-12-08 00:19:21,38051.0,,19,21,1,939.717773,2025-12-08 00:20:21
19,22,1,1382.7,2025-12-08 00:19:22,37050.0,,19,22,1,928.761047,2025-12-08 00:20:22
19,23,1,1409.4,2025-12-08 00:19:23,36048.0,,19,23,1,918.087646,2025-12-08 00:20:23
19,24,1,1389.1,2025-12-08 00:19:24,35047.0,,19,24,1,907.712158,2025-12-08 00:20:24
19,25,1,1390.4,2025-12-08 00:19:25,34046.0,,19,25,1,897.650696,2025-12-08 00:20:25
19,26,1,1388.3,2025-12-08 00:19:26,33045.0,,19,26,1,887.920715,2025-12-08 00:20:26
19,27,1,1387.9,2025-12-08 00:19:27,32044.0,,19,27,1,878.541077,2025-12-08 00:20:27
19,28,1,1387.5,2025-12-08 00:19:28,31042.0,,19,28,1,869.531189,2025-12-08 00:20:28
19,29,1,1391.2,2025-12-08 00:19:29,30041.0,,19,29,1,860.911072,2025-12-08 00:20:29
19,30,1,1392.8,2025-12-08 00:19:30,29040.0,,19,30,1,852.700867,2025-12-08 00:20:30
19,31,1,1397.3,2025-12-08 00:19:31,28038.0,,19,31,1,844.920837,2025-12-08 00:20:31
19,32,1,1386.3,2025-12-08 00:19:32,27037.0,,19,32,1,837.590454,2025-12-08 00:20:32
19,33,1,1384.5,2025-12-08 00:19:33,26036.0,,19,33,1,830.728088,2025-12-08 00:20:33
19,34,1,1383.3,2025-12-08 00:19:34,25035.0,,19,34,1,824.35144,2025-12-08 00:20:34
19,35,1,1384.3,2025-12-08 00:19:35,24034.0,,19,35,1,818.476257,2025-12-08 00:20:35
19,36,1,1388.3,2025-12-08 00:19:36,23032.0,,19,36,1,813.116272,2025-12-08 00:20:36
19,37,1,1382.5,2025-12-08 00:19:37,22031.0,,19,37,1,808.283264,2025-12-08 00:20:37
19,38,1,1388.2,2025-12-08 00:19:38,21030.0,,19,38,1,803.985291,2025-12-08 00:20:38
19,39,1,1387.2,2025-12-08 00:19:39,20029.0,,19,39,1,800.228455,2025-12-08 00:20:39
19,40,1,1390.4,2025-12-08 00:19:40,19028.0,,19,40,1,797.014404,2025-12-08 00:20:40
19,41,1,1388.0,2025-12-08 00:19:41,18027.0,,19,41,1,794.341614,2025-12-08 00:20:41
19,42,1,1398.6,2025-12-08 00:19:42,17026.0,,19,42,1,792.204163,2025-12-08 00:20:42
19,43,1,1389.9,2025-12-08 00:19:43,16025.0,,19,43,1,790.593506,2025-12-08 00:20:43
19,44,1,1391.8,2025-12-08 00:19:44,15024.0,,19,44,1,789.494141,2025-12-08 00:20:44
19,45,1,1390.1,2025-12-08 00:19:45,14023.0,,19,45,1,788.888733,2025-12-08 00:20:45
19,46,1,1387.0,2025-12-08 00:19:46,13022.0,,19,46,1,788.754822,2025-12-08 00:20:46
19,47,1,1390.2,2025-12-08 00:19:47,12021.0,,19,47,1,789.065491,2025-12-08 00:20:47
19,48,1,1388.1,2025-12-08 00:19:48,11020.0,,19,48,1,789.791992,2025-12-08 00:20:48
19,49,1,1388.4,2025-12-08 00:19:49,10019.0,,19,49,1,790.900024,2025-12-08 00:20:49
19,50,1,1390.9,2025-12-08 00:19:50,9018.0,,19,50,1,792.353577,2025-12-08 00:20:50
19,51,1,1397.5,2025-12-08 00:19:51,8017.0,,19,51,1,794.114807,2025-12-08 00:20:51
19,52,1,1390.6,2025-12-08 00:19:52,7016.0,,19,52,1,796.145386,2025-12-08 00:20:52
19,53,1,1391.6,2025-12-08 00:19:53,6015.0,,19,53,1,798.398926,2025-12-08 00:20:53
19,54,1,1390.5,2025-12-08 00:19:54,5014.0,,19,54,1,800.835632,2025-12-08 00:20:54
19,55,1,1387.3,2025-12-08 00:19:55,4013.0,,19,55,1,803.412659,2025-12-08 00:20:55
19,56,1,1389.5,2025-12-08 00:19:56,3012.0,,19,56,1,806.087708,2025-12-08 00:20:56
19,57,1,1394.0,2025-12-08 00:19:57,2011.0,,19,57,1,808.825562,2025-12-08 00:20:57
19,58,1,1387.7,2025-12-08 00:19:58,1010.0,,19,58,1,811.594543,2025-12-08 00:20:58
19,59,1,1390.3,2025-12-08 00:19:59,9.0,,19,59,1,814.356934,2025-12-08 00:20:59
20,0,1,1391.4,2025-12-08 00:20:00,59105.0,,20,0,1,1347.795898,2025-12-08 00:21:00
20,1,1,1389.0,2025-12-08 00:20:01,58102.0,,20,1,1,1317.163452,2025-12-08 00:21:01
20,2,1,1392.0,2025-12-08 00:20:02,57101.0,,20,2,1,1288.39624,2025-12-08 00:21:02
20,3,1,1392.5,2025-12-08 00:20:03,56100.0,,20,3,1,1261.383789,2025-12-08 00:21:03
20,4,1,1393.0,2025-12-08 00:20:04,55099.0,,20,4,1,1236.19519,2025-12-08 00:21:04
20,5,1,1389.9,2025-12-08 00:20:05,54098.0,,20,5,1,1212.828369,2025-12-08 00:21:05
20,6,1,1389.5,2025-12-08 00:20:06,53097.0,,20,6,1,1191.143066,2025-12-08 00:21:06
20,7,1,1391.8,2025-12-08 00:20:07,52095.0,,20,7,1,1170.945923,2025-12-08 00:21:07
20,8,1,1392.3,2025-12-08 00:20:08,51094.0,,20,8,1,1152.032349,2025-12-08 00:21:08
20,9,1,1394.0,2025-12-08 00:20:09,50091.0,,20,9,1,1134.209351,2025-12-08 00:21:09
20,10,1,1385.8,2025-12-08 00:20:10,49090.0,,20,10,1,1117.305664,2025-12-08 00:21:10
20,11,1,1391.5,2025-12-08 00:20:11,48089.0,,20,11,1,1101.175171,2025-12-08 00:21:11
20,12,1,1391.2,2025-12-08 00:20:12,47086.0,,20,12,1,1085.696411,2025-12-08 00:21:12
20,13,1,1404.7,2025-12-08 00:20:13,46085.0,,20,13,1,1070.77124,2025-12-08 00:21:13
20,14,1,1427.9,2025-12-08 00:20:14,45084.0,,20,14,1,1056.32251,2025-12-08 00:21:14
20,15,1,1488.7,2025-12-08 00:20:15,44082.0,,20,15,1,1042.289795,2025-12-08 00:21:15
20,16,1,1477.5,2025-12-08 00:20:16,43081.0,,20,16,1,1028.628052,2025-12-08 00:21:16
20,17,1,1494.6,2025-12-08 00:20:17,42080.0,,20,17,1,1015.304199,2025-12-08 00:21:17
20,18,1,1488.1,2025-12-08 00:20:18,41078.0,,20,18,1,1002.29541,2025-12-08 00:21:18
20,19,1,1493.0,2025-12-08 00:20:19,40077.0,,20,19,1,989.586975,2025-12-08 00:21:19
20,20,1,1496.4,2025-12-08 00:20:20,39076.0,,20,20,1,977.170837,2025-12-08 00:21:20
20,21,1,1493.0,2025-12-08 00:20:21,38075.0,,20,21,1,965.044128,2025-12-08 00:21:21
20,22,1,1487.7,2025-12-08 00:20:22,37056.0,,20,22,1,953.208679,2025-12-08 00:21:22
20,23,1,1490.3,2025-12-08 00:20:23,36055.0,,20,23,1,941.669434,2025-12-08 00:21:23
20,24,1,1491.6,2025-12-08 00:20:24,35054.0,,20,24,1,930.434631,2025-12-08 00:21:24
20,25,1,1489.1,2025-12-08 00:20:25,34053.0,,20,25,1,919.514587,2025-12-08 00:21:25
20,26,1,1488.6,2025-12-08 00:20:26,33052.0,,20,26,1,908.921814,2025-12-08 00:21:26
20,27,1,1488.7,2025-12-08 00:20:27,32051.0,,20,27,1,898.670227,2025-12-08 00:21:27
20,28,1,1487.8,2025-12-08 00:20:28,31049.0,,20,28,1,888.775391,2025-12-08 00:21:28
20,29,1,1491.6,2025-12-08 00:20:29,30048.0,,20,29,1,879.25354,2025-12-08 00:21:29
20,30,1,1494.6,2025-12-08 00:20:30,29047.0,,20,30,1,870.122009,2025-12-08 00:21:30
20,31,1,1491.5,2025-12-08 00:20:31,28046.0,,20,31,1,861.398376,2025-12-08 00:21:31
20,32,1,1492.6,2025-12-08 00:20:32,27045.0,,20,32,1,853.100708,2025-12-08 00:21:32
20,33,1,1493.1,2025-12-08 00:20:33,26044.0,,20,33,1,845.246826,2025-12-08 00:21:33
20,34,1,1494.7,2025-12-08 00:20:34,25042.0,,20,34,1,837.85437,2025-12-08 00:21:34
20,35,1,1498.4,2025-12-08 00:20:35,24041.0,,20,35,1,830.939941,2025-12-08 00:21:35
20,36,1,1491.7,2025-12-08 00:20:36,23040.0,,20,36,1,824.519531,2025-12-08 00:21:36
20,37,1,1493.7,2025-12-08 00:20:37,22039.0,,20,37,1,818.607117,2025-12-08 00:21:37
20,38,1,1497.1,2025-12-08 00:20:38,21038.0,,20,38,1,813.215454,2025-12-08 00:21:38
20,39,1,1494.8,2025-12-08 00:20:39,20037.0,,20,39,1,808.354614,2025-12-08 00:21:39
20,40,1,1493.6,2025-12-08 00:20:40,19036.0,,20,40,1,804.03241,2025-12-08 00:21:40
20,41,1,1496.7,2025-12-08 00:20:41,18035.0,,20,41,1,800.25354,2025-12-08 00:21:41
20,42,1,1495.7,2025-12-08 00:20:42,17033.0,,20,42,1,797.019653,2025-12-08 00:21:42
20,43,1,1496.6,2025-12-08 00:20:43,16032.0,,20,43,1,794.328735,2025-12-08 00:21:43
20,44,1,1498.3,2025-12-08 00:20:44,15031.0,,20,44,1,792.175232,2025-12-08 00:21:44
20,45,1,1502.4,2025-12-08 00:20:45,14029.0,,20,45,1,790.549622,2025-12-08 00:21:45
20,46,1,1497.2,2025-12-08 00:20:46,13028.0,,20,46,1,789.438843,2025-12-08 00:21:46
20,47,1,1495.7,2025-12-08 00:20:47,12027.0,,20,47,1,788.824585,2025-12-08 00:21:47
20,48,1,1495.7,2025-12-08 00:20:48,11026.0,,20,48,1,788.685547,2025-12-08 00:21:48
20,49,1,1496.7,2025-12-08 00:20:49,10024.0,,20,49,1,788.996155,2025-12-08 00:21:49
20,50,1,1499.1,2025-12-08 00:20:50,9023.0,,20,50,1,789.727417,2025-12-08 00:21:50
20,51,1,1497.6,2025-12-08 00:20:51,8021.0,,20,51,1,790.847412,2025-12-08 00:21:51
20,52,1,1495.4,2025-12-08 00:20:52,7020.0,,20,52,1,792.319885,2025-12-08 00:21:52
20,53,1,1495.3,2025-12-08 00:20:53,6019.0,,20,53,1,794.106323,2025-12-08 00:21:53
20,54,1,1496.5,2025-12-08 00:20:54,5018.0,,20,54,1,796.167175,2025-12-08 00:21:54
20,55,1,1508.0,2025-12-08 00:20:55,4016.0,,20,55,1,798.461975,2025-12-08 00:21:55
20,56,1,1497.7,2025-12-08 00:20:56,3015.0,,20,56,1,800.955139,2025-12-08 00:21:56
20,57,1,1499.1,2025-12-08 00:20:57,2014.0,,20,57,1,803.598999,2025-12-08 00:21:57
20,58,1,1499.9,2025-12-08 00:20:58,1012.0,,20,58,1,806.360657,2025-12-08 00:21:58
20,59,1,1500.7,2025-12-08 00:20:59,11.0,,20,59,1,809.207458,2025-12-08 00:21:59
21,0,1,1501.5,2025-12-08 00:21:00,59124.0,,21,0,1,1348.182495,2025-12-08 00:22:00
21,1,1,1499.8,2025-12-08 00:21:01,58123.0,,21,1,1,1317.520874,2025-12-08 00:22:01
21,2,1,1502.2,2025-12-08 00:21:02,57122.0,,21,2,1,1288.732056,2025-12-08 00:22:02
21,3,1,1496.8,2025-12-08 00:21:03,56119.0,,21,3,1,1261.702148,2025-12-08 00:22:03
21,4,1,1500.0,2025-12-08 00:21:04,55118.0,,21,4,1,1236.496948,2025-12-08 00:22:04
21,5,1,1500.7,2025-12-08 00:21:05,54117.0,,21,5,1,1213.113037,2025-12-08 00:22:05
21,6,1,1499.3,2025-12-08 00:21:06,53116.0,,21,6,1,1191.40979,2025-12-08 00:22:06
21,7,1,1495.7,2025-12-08 00:21:07,52115.0,,21,7,1,1171.193604,2025-12-08 00:22:07
21,8,1,1514.4,2025-12-08 00:21:08,51114.0,,21,8,1,1152.260254,2025-12-08 00:22:08
21,9,1,1497.3,2025-12-08 00:21:09,50113.0,,21,9,1,1134.417114,2025-12-08 00:22:09
21,10,1,1499.5,2025-12-08 00:21:10,49111.0,,21,10,1,1117.49353,2025-12-08 00:22:10
21,11,1,1502.8,2025-12-08 00:21:11,48110.0,,21,11,1,1101.343628,2025-12-08 00:22:11
21,12,1,1498.6,2025-12-08 00:21:12,47108.0,,21,12,1,1085.846191,2025-12-08 00:22:12
21,13,1,1497.7,2025-12-08 00:21:13,46107.0,,21,13,1,1070.903687,2025-12-08 00:22:13
21,14,1,1499.6,2025-12-08 00:21:14,45105.0,,21,14,1,1056.438599,2025-12-08 00:22:14
21,15,1,1505.6,2025-12-08 00:21:15,44103.0,,21,15,1,1042.391113,2025-12-08 00:22:15
21,16,1,1498.9,2025-12-08 00:21:16,43102.0,,21,16,1,1028.715942,2025-12-08 00:22:16
21,17,1,1506.9,2025-12-08 00:21:17,42101.0,,21,17,1,1015.380127,2025-12-08 00:22:17
21,18,1,1500.0,2025-12-08 00:21:18,41100.0,,21,18,1,1002.360901,2025-12-08 00:22:18
21,19,1,1502.8,2025-12-08 00:21:19,40099.0,,21,19,1,989.643311,2025-12-08 00:22:19
21,20,1,1506.1,2025-12-08 00:21:20,39097.0,,21,20,1,977.219421,2025-12-08 00:22:20
21,21,1,1495.0,2025-12-08 00:21:21,38096.0,,21,21,1,965.086121,2025-12-08 00:22:21
21,22,1,1496.6,2025-12-08 00:21:22,37095.0,,21,22,1,953.245178,2025-12-08 00:22:22
21,23,1,1496.8,2025-12-08 00:21:23,36093.0,,21,23,1,941.701477,2025-12-08 00:22:23
21,24,1,1500.1,2025-12-08 00:21:24,35092.0,,21,24,1,930.463135,2025-12-08 00:22:24
21,25,1,1495.0,2025-12-08 00:21:25,34091.0,,21,25,1,919.540283,2025-12-08 00:22:25
21,26,1,1499.5,2025-12-08 00:21:26,33090.0,,21,26,1,908.945496,2025-12-08 00:22:26
21,27,1,1500.2,2025-12-08 00:21:27,32089.0,,21,27,1,898.692444,2025-12-08 00:22:27
21,28,1,1500.3,2025-12-08 00:21:28,31087.0,,21,28,1,888.79657,2025-12-08 00:22:28
21,29,1,1499.0,2025-12-08 00:21:29,30087.0,,21,29,1,879.274109,2025-12-08 00:22:29
21,30,1,1494.8,2025-12-08 00:21:30,29085.0,,21,30,1,870.142273,2025-12-08 00:22:30
21,31,1,1496.1,2025-12-08 00:21:31,28084.0,,21,31,1,861.418579,2025-12-08 00:22:31
21,32,1,1500.7,2025-12-08 00:21:32,27083.0,,21,32,1,853.120911,2025-12-08 00:22:32
21,33,1,1495.7,2025-12-08 00:21:33,26082.0,,21,33,1,845.267151,2025-12-08 00:22:33
21,34,1,1500.3,2025-12-08 00:21:34,25081.0,,21,34,1,837.874756,2025-12-08 00:22:34
21,35,1,1497.5,2025-12-08 00:21:35,24079.0,,21,35,1,830.960449,2025-12-08 00:22:35
21,36,1,1495.1,2025-12-08 00:21:36,23078.0,,21,36,1,824.539856,2025-12-08 00:22:36
21,37,1,1498.4,2025-12-08 00:21:37,22076.0,,21,37,1,818.627319,2025-12-08 00:22:37
21,38,1,1497.1,2025-12-08 00:21:38,21076.0,,21,38,1,813.235291,2025-12-08 00:22:38
21,39,1,1498.6,2025-12-08 00:21:39,20075.0,,21,39,1,808.373901,2025-12-08 00:22:39
21,40,1,1500.5,2025-12-08 00:21:40,19074.0,,21,40,1,804.050903,2025-12-08 00:22:40
21,41,1,1501.3,2025-12-08 00:21:41,18073.0,,21,41,1,800.271179,2025-12-08 00:22:41
21,42,1,1502.4,2025-12-08 00:21:42,17072.0,,21,42,1,797.036255,2025-12-08 00:22:42
21,43,1,1502.3,2025-12-08 00:21:43,16071.0,,21,43,1,794.344238,2025-12-08 00:22:43
21,44,1,1513.3,2025-12-08 00:21:44,15069.0,,21,44,1,792.189453,2025-12-08 00:22:44
21,45,1,1503.2,2025-12-08 00:21:45,14068.0,,21,45,1,790.563293,2025-12-08 00:22:45
21,46,1,1501.5,2025-12-08 00:21:46,13067.0,,21,46,1,789.451111,2025-12-08 00:22:46
21,47,1,1503.7,2025-12-08 00:21:47,12065.0,,21,47,1,788.835693,2025-12-08 00:22:47
21,48,1,1505.8,2025-12-08 00:21:48,11063.0,,21,48,1,788.695801,2025-12-08 00:22:48
21,49,1,1503.6,2025-12-08 00:21:49,10061.0,,21,49,1,789.006165,2025-12-08 00:22:49
21,50,1,1504.5,2025-12-08 00:21:50,9058.0,,21,50,1,789.737366,2025-12-08 00:22:50
21,51,1,1504.7,2025-12-08 00:21:51,8052.0,,21,51,1,790.857178,2025-12-08 00:22:51
21,52,1,1502.1,2025-12-08 00:21:52,7051.0,,21,52,1,792.330383,2025-12-08 00:22:52
21,53,1,1502.5,2025-12-08 00:21:53,6050.0,,21,53,1,794.118286,2025-12-08 00:22:53
21,54,1,1500.6,2025-12-08 00:21:54,5049.0,,21,54,1,796.181763,2025-12-08 00:22:54
21,55,1,1499.9,2025-12-08 00:21:55,4047.0,,21,55,1,798.479126,2025-12-08 00:22:55
21,56,1,1499.3,2025-12-08 00:21:56,3046.0,,21,56,1,800.969971,2025-12-08 00:22:56
21,57,1,1497.1,2025-12-08 00:21:57,2045.0,,21,57,1,803.614563,2025-12-08 00:22:57
21,58,1,1501.2,2025-12-08 00:21:58,1024.0,,21,58,1,806.374756,2025-12-08 00:22:58
21,59,1,1501.4,2025-12-08 00:21:59,22.0,,21,59,1,809.221436,2025-12-08 00:22:59
22,0,1,1508.6,2025-12-08 00:22:00,59105.0,,22,0,1,1355.605957,2025-12-08 00:23:00
22,1,1,1505.2,2025-12-08 00:22:01,58104.0,,22,1,1,1324.348999,2025-12-08 00:23:01
22,2,1,1504.8,2025-12-08 00:22:02,57097.0,,22,2,1,1295.030151,2025-12-08 00:23:02
22,3,1,1503.4,2025-12-08 00:22:03,56096.0,,22,3,1,1267.511108,2025-12-08 00:23:03
22,4,1,1502.9,2025-12-08 00:22:04,55091.0,,22,4,1,1241.8573,2025-12-08 00:23:04
22,5,1,1505.1,2025-12-08 00:22:05,54089.0,,22,5,1,1218.075073,2025-12-08 00:23:05
22,6,1,1502.4,2025-12-08 00:22:06,53088.0,,22,6,1,1196.024902,2025-12-08 00:23:06
22,7,1,1504.7,2025-12-08 00:22:07,52083.0,,22,7,1,1175.509277,2025-12-08 00:23:07
22,8,1,1503.1,2025-12-08 00:22:08,51082.0,,22,8,1,1156.318726,2025-12-08 00:23:08
22,9,1,1499.8,2025-12-08 00:22:09,50079.0,,22,9,1,1138.254883,2025-12-08 00:23:09
22,10,1,1499.9,2025-12-08 00:22:10,49078.0,,22,10,1,1121.140991,2025-12-08 00:23:10
22,11,1,1501.8,2025-12-08 00:22:11,48076.0,,22,11,1,1104.82605,2025-12-08 00:23:11
22,12,1,1501.4,2025-12-08 00:22:12,47069.0,,22,12,1,1089.18457,2025-12-08 00:23:12
22,13,1,1505.6,2025-12-08 00:22:13,46068.0,,22,13,1,1074.114502,2025-12-08 00:23:13
22,14,1,1502.7,2025-12-08 00:22:14,45065.0,,22,14,1,1059.5354,2025-12-08 00:23:14
22,15,1,1497.0,2025-12-08 00:22:15,44064.0,,22,15,1,1045.384521,2025-12-08 00:23:15
22,16,1,1500.3,2025-12-08 00:22:16,43060.0,,22,16,1,1031.614258,2025-12-08 00:23:16
22,17,1,1504.1,2025-12-08 00:22:17,42059.0,,22,17,1,1018.190002,2025-12-08 00:23:17
22,18,1,1503.7,2025-12-08 00:22:18,41057.0,,22,18,1,1005.087341,2025-12-08 00:23:18
22,19,1,1508.4,2025-12-08 00:22:19,40055.0,,22,19,1,992.290039,2025-12-08 00:23:19
22,20,1,1509.2,2025-12-08 00:22:20,39054.0,,22,20,1,979.788818,2025-12-08 00:23:20
22,21,1,1500.9,2025-12-08 00:22:21,38053.0,,22,21,1,967.580139,2025-12-08 00:23:21
22,22,1,1502.2,2025-12-08 00:22:22,37052.0,,22,22,1,955.664734,2025-12-08 00:23:22
22,23,1,1502.4,2025-12-08 00:22:23,36051.0,,22,23,1,944.046936,2025-12-08 00:23:23
22,24,1,1502.1,2025-12-08 00:22:24,35050.0,,22,24,1,932.734253,2025-12-08 00:23:24
22,25,1,1502.2,2025-12-08 00:22:25,34049.0,,22,25,1,921.736389,2025-12-08 00:23:25
22,26,1,1501.1,2025-12-08 00:22:26,33047.0,,22,26,1,911.065308,2025-12-08 00:23:26
22,27,1,1501.6,2025-12-08 00:22:27,32046.0,,22,27,1,900.734558,2025-12-08 00:23:27
22,28,1,1502.1,2025-12-08 00:22:28,31044.0,,22,28,1,890.758972,2025-12-08 00:23:28
22,29,1,1501.9,2025-12-08 00:22:29,30042.0,,22,29,1,881.154724,2025-12-08 00:23:29
22,30,1,1503.9,2025-12-08 00:22:30,29041.0,,22,30,1,871.938599,2025-12-08 00:23:30
22,31,1,1498.7,2025-12-08 00:22:31,28040.0,,22,31,1,863.127991,2025-12-08 00:23:31
22,32,1,1504.9,2025-12-08 00:22:32,27039.0,,22,32,1,854.740784,2025-12-08 00:23:32
22,33,1,1501.8,2025-12-08 00:22:33,26038.0,,22,33,1,846.794617,2025-12-08 00:23:33
22,34,1,1506.2,2025-12-08 00:22:34,25036.0,,22,34,1,839.306946,2025-12-08 00:23:34
22,35,1,1507.3,2025-12-08 00:22:35,24035.0,,22,35,1,832.294739,2025-12-08 00:23:35
22,36,1,1505.9,2025-12-08 00:22:36,23034.0,,22,36,1,825.773682,2025-12-08 00:23:36
22,37,1,1508.0,2025-12-08 00:22:37,22033.0,,22,37,1,819.758362,2025-12-08 00:23:37
22,38,1,1509.8,2025-12-08 00:22:38,21032.0,,22,38,1,814.261475,2025-12-08 00:23:38
22,39,1,1504.9,2025-12-08 00:22:39,20031.0,,22,39,1,809.293884,2025-12-08 00:23:39
22,40,1,1505.3,2025-12-08 00:22:40,19030.0,,22,40,1,804.863464,2025-12-08 00:23:40
22,41,1,1507.3,2025-12-08 00:22:41,18028.0,,22,41,1,800.975708,2025-12-08 00:23:41
22,42,1,1500.5,2025-12-08 00:22:42,17027.0,,22,42,1,797.632874,2025-12-08 00:23:42
22,43,1,1503.1,2025-12-08 00:22:43,16026.0,,22,43,1,794.833435,2025-12-08 00:23:43
22,44,1,1502.7,2025-12-08 00:22:44,15024.0,,22,44,1,792.572693,2025-12-08 00:23:44
22,45,1,1514.3,2025-12-08 00:22:45,14023.0,,22,45,1,790.841675,2025-12-08 00:23:45
22,46,1,1512.9,2025-12-08 00:22:46,13022.0,,22,46,1,789.628662,2025-12-08 00:23:46
22,47,1,1508.1,2025-12-08 00:22:47,12021.0,,22,47,1,788.916626,2025-12-08 00:23:47
22,48,1,1504.8,2025-12-08 00:22:48,11020.0,,22,48,1,788.684265,2025-12-08 00:23:48
22,49,1,1519.5,2025-12-08 00:22:49,10019.0,,22,49,1,788.90686,2025-12-08 00:23:49
22,50,1,1506.4,2025-12-08 00:22:50,9018.0,,22,50,1,789.558838,2025-12-08 00:23:50
22,51,1,1506.4,2025-12-08 00:22:51,8017.0,,22,51,1,790.604675,2025-12-08 00:23:51
22,52,1,1507.0,2025-12-08 00:22:52,7016.0,,22,52,1,792.010925,2025-12-08 00:23:52
22,53,1,1507.8,2025-12-08 00:22:53,6015.0,,22,53,1,793.740051,2025-12-08 00:23:53
22,54,1,1505.2,2025-12-08 00:22:54,5014.0,,22,54,1,795.753113,2025-12-08 00:23:54
22,55,1,1508.9,2025-12-08 00:22:55,4013.0,,22,55,1,798.008118,2025-12-08 00:23:55
22,56,1,1506.2,2025-12-08 00:22:56,3012.0,,22,56,1,800.466736,2025-12-08 00:23:56
22,57,1,1508.5,2025-12-08 00:22:57,2011.0,,22,57,1,803.087036,2025-12-08 00:23:57
22,58,1,1507.1,2025-12-08 00:22:58,1010.0,,22,58,1,805.833984,2025-12-08 00:23:58
22,59,1,1520.8,2025-12-08 00:22:59,9.0,,22,59,1,808.672729,2025-12-08 00:23:59
23,0,1,1508.0,2025-12-08 00:23:00,59097.0,,23,0,1,1365.05603,2025-12-08 00:24:00
23,1,1,1510.8,2025-12-08 00:23:01,58096.0,,23,1,1,1332.908325,2025-12-08 00:24:01
23,2,1,1515.1,2025-12-08 00:23:02,57094.0,,23,2,1,1302.818115,2025-12-08 00:24:02
23,3,1,1512.9,2025-12-08 00:23:03,56093.0,,23,3,1,1274.637207,2025-12-08 00:24:03
23,4,1,1514.8,2025-12-08 00:23:04,55092.0,,23,4,1,1248.416992,2025-12-08 00:24:04
23,5,1,1510.9,2025-12-08 00:23:05,54091.0,,23,5,1,1224.14856,2025-12-08 00:24:05
23,6,1,1510.2,2025-12-08 00:23:06,53090.0,,23,6,1,1201.678955,2025-12-08 00:24:06
23,7,1,1511.5,2025-12-08 00:23:07,52086.0,,23,7,1,1180.799561,2025-12-08 00:24:07
23,8,1,1508.1,2025-12-08 00:23:08,51083.0,,23,8,1,1161.291504,2025-12-08 00:24:08
23,9,1,1509.8,2025-12-08 00:23:09,50082.0,,23,9,1,1142.948486,2025-12-08 00:24:09
23,10,1,1512.0,2025-12-08 00:23:10,49081.0,,23,10,1,1125.587402,2025-12-08 00:24:10
23,11,1,1510.9,2025-12-08 00:23:11,48080.0,,23,11,1,1109.051636,2025-12-08 00:24:11
23,12,1,1531.3,2025-12-08 00:23:12,47079.0,,23,12,1,1093.211548,2025-12-08 00:24:12
23,13,1,1508.3,2025-12-08 00:23:13,46078.0,,23,13,1,1077.961792,2025-12-08 00:24:13
23,14,1,1510.6,2025-12-08 00:23:14,45077.0,,23,14,1,1063.218506,2025-12-08 00:24:14
23,15,1,1512.3,2025-12-08 00:23:15,44076.0,,23,15,1,1048.91687,2025-12-08 00:24:15
23,16,1,1509.5,2025-12-08 00:23:16,43075.0,,23,16,1,1035.007324,2025-12-08 00:24:16
23,17,1,1513.7,2025-12-08 00:23:17,42074.0,,23,17,1,1021.453369,2025-12-08 00:24:17
23,18,1,1509.6,2025-12-08 00:23:18,41072.0,,23,18,1,1008.228943,2025-12-08 00:24:18
23,19,1,1518.0,2025-12-08 00:23:19,40069.0,,23,19,1,995.316956,2025-12-08 00:24:19
23,20,1,1518.5,2025-12-08 00:23:20,39068.0,,23,20,1,982.70697,2025-12-08 00:24:20
23,21,1,1518.1,2025-12-08 00:23:21,38067.0,,23,21,1,970.394409,2025-12-08 00:24:21
23,22,1,1509.1,2025-12-08 00:23:22,37065.0,,23,22,1,958.378845,2025-12-08 00:24:22
23,23,1,1514.0,2025-12-08 00:23:23,36063.0,,23,23,1,946.664062,2025-12-08 00:24:23
23,24,1,1511.4,2025-12-08 00:23:24,35062.0,,23,24,1,935.256775,2025-12-08 00:24:24
23,25,1,1511.9,2025-12-08 00:23:25,34061.0,,23,25,1,924.165955,2025-12-08 00:24:25
23,26,1,1512.8,2025-12-08 00:23:26,33058.0,,23,26,1,913.402832,2025-12-08 00:24:26
23,27,1,1517.2,2025-12-08 00:23:27,32056.0,,23,27,1,902.980347,2025-12-08 00:24:27
23,28,1,1517.6,2025-12-08 00:23:28,31054.0,,23,28,1,892.912781,2025-12-08 00:24:28
23,29,1,1519.2,2025-12-08 00:23:29,30053.0,,23,29,1,883.215698,2025-12-08 00:24:29
23,30,1,1528.3,2025-12-08 00:23:30,29052.0,,23,30,1,873.905701,2025-12-08 00:24:30
23,31,1,1514.3,2025-12-08 00:23:31,28050.0,,23,31,1,864.999573,2025-12-08 00:24:31
23,32,1,1519.8,2025-12-08 00:23:32,27048.0,,23,32,1,856.514648,2025-12-08 00:24:32
23,33,1,1521.0,2025-12-08 00:23:33,26047.0,,23,33,1,848.468811,2025-12-08 00:24:33
23,34,1,1519.5,2025-12-08 00:23:34,25042.0,,23,34,1,840.878906,2025-12-08 00:24:34
23,35,1,1519.9,2025-12-08 00:23:35,24041.0,,23,35,1,833.762024,2025-12-08 00:24:35
23,36,1,1518.9,2025-12-08 00:23:36,23040.0,,23,36,1,827.133789,2025-12-08 00:24:36
23,37,1,1520.1,2025-12-08 00:23:37,22038.0,,23,37,1,821.00885,2025-12-08 00:24:37
23,38,1,1522.2,2025-12-08 00:23:38,21037.0,,23,38,1,815.400208,2025-12-08 00:24:38
23,39,1,1524.9,2025-12-08 00:23:39,20036.0,,23,39,1,810.318787,2025-12-08 00:24:39
23,40,1,1521.5,2025-12-08 00:23:40,19035.0,,23,40,1,805.773315,2025-12-08 00:24:40
23,41,1,1524.2,2025-12-08 00:23:41,18033.0,,23,41,1,801.769531,2025-12-08 00:24:41
23,42,1,1521.0,2025-12-08 00:23:42,17032.0,,23,42,1,798.310425,2025-12-08 00:24:42
23,43,1,1522.9,2025-12-08 00:23:43,16031.0,,23,43,1,795.395325,2025-12-08 00:24:43
23,44,1,1535.5,2025-12-08 00:23:44,15030.0,,23,44,1,793.020264,2025-12-08 00:24:44
23,45,1,1520.8,2025-12-08 00:23:45,14029.0,,23,45,1,791.17804,2025-12-08 00:24:45
23,46,1,1521.3,2025-12-08 00:23:46,13028.0,,23,46,1,789.855774,2025-12-08 00:24:46
23,47,1,1525.6,2025-12-08 00:23:47,12023.0,,23,47,1,789.038086,2025-12-08 00:24:47
23,48,1,1522.0,2025-12-08 00:23:48,11022.0,,23,48,1,788.705566,2025-12-08 00:24:48
23,49,1,1523.2,2025-12-08 00:23:49,10021.0,,23,49,1,788.833984,2025-12-08 00:24:49
23,50,1,1526.7,2025-12-08 00:23:50,9020.0,,23,50,1,789.396179,2025-12-08 00:24:50
23,51,1,1525.3,2025-12-08 00:23:51,8019.0,,23,51,1,790.361755,2025-12-08 00:24:51
23,52,1,1523.3,2025-12-08 00:23:52,7017.0,,23,52,1,791.696045,2025-12-08 00:24:52
23,53,1,1524.1,2025-12-08 00:23:53,6017.0,,23,53,1,793.361755,2025-12-08 00:24:53
23,54,1,1527.4,2025-12-08 00:23:54,5015.0,,23,54,1,795.320618,2025-12-08 00:24:54
23,55,1,1523.1,2025-12-08 00:23:55,4014.0,,23,55,1,797.53363,2025-12-08 00:24:55
23,56,1,1526.8,2025-12-08 00:23:56,3013.0,,23,56,1,799.957947,2025-12-08 00:24:56
23,57,1,1525.8,2025-12-08 00:23:57,2012.0,,23,57,1,802.557068,2025-12-08 00:24:57
23,58,1,1523.9,2025-12-08 00:23:58,1011.0,,23,58,1,805.292542,2025-12-08 00:24:58
23,59,1,1526.7,2025-12-08 00:23:59,10.0,,23,59,1,808.130615,2025-12-08 00:24:59
24,0,1,1535.9,2025-12-08 00:24:00,59137.0,,24,0,1,933.841675,2025-12-08 00:25:00
24,1,1,1525.0,2025-12-08 00:24:01,58136.0,,24,1,1,916.848511,2025-12-08 00:25:01
24,2,1,1528.7,2025-12-08 00:24:02,57135.0,,24,2,1,905.266357,2025-12-08 00:25:02
24,3,1,1529.1,2025-12-08 00:24:03,56133.0,,24,3,1,894.524231,2025-12-08 00:25:03
24,4,1,1532.2,2025-12-08 00:24:04,55131.0,,24,4,1,883.403748,2025-12-08 00:25:04
24,5,1,1532.4,2025-12-08 00:24:05,54130.0,,24,5,1,871.361145,2025-12-08 00:25:05
24,6,1,1530.8,2025-12-08 00:24:06,53129.0,,24,6,1,858.213135,2025-12-08 00:25:06
24,7,1,1523.7,2025-12-08 00:24:07,52126.0,,24,7,1,843.985291,2025-12-08 00:25:07
24,8,1,1527.3,2025-12-08 00:24:08,51125.0,,24,8,1,828.819336,2025-12-08 00:25:08
24,9,1,1533.2,2025-12-08 00:24:09,50123.0,,24,9,1,812.91925,2025-12-08 00:25:09
24,10,1,1528.0,2025-12-08 00:24:10,49122.0,,24,10,1,796.519348,2025-12-08 00:25:10
24,11,1,1527.9,2025-12-08 00:24:11,48122.0,,24,11,1,779.867859,2025-12-08 00:25:11
24,12,1,1527.1,2025-12-08 00:24:12,47121.0,,24,12,1,763.217224,2025-12-08 00:25:12
24,13,1,1531.2,2025-12-08 00:24:13,46120.0,,24,13,1,746.82074,2025-12-08 00:25:13
24,14,1,1530.0,2025-12-08 00:24:14,45118.0,,24,14,1,730.930115,2025-12-08 00:25:14
24,15,1,1538.4,2025-12-08 00:24:15,44117.0,,24,15,1,715.795593,2025-12-08 00:25:15
24,16,1,1531.3,2025-12-08 00:24:16,43115.0,,24,16,1,701.66449,2025-12-08 00:25:16
24,17,1,1534.0,2025-12-08 00:24:17,42115.0,,24,17,1,688.780396,2025-12-08 00:25:17
24,18,1,1537.0,2025-12-08 00:24:18,41114.0,,24,18,1,677.380432,2025-12-08 00:25:18
24,19,1,1537.6,2025-12-08 00:24:19,40112.0,,24,19,1,667.690735,2025-12-08 00:25:19
24,20,1,1539.0,2025-12-08 00:24:20,39109.0,,24,20,1,659.921692,2025-12-08 00:25:20
24,21,1,1534.6,2025-12-08 00:24:21,38108.0,,24,21,1,654.26062,2025-12-08 00:25:21
24,22,1,1533.7,2025-12-08 00:24:22,37107.0,,24,22,1,650.863525,2025-12-08 00:25:22
24,23,1,1538.7,2025-12-08 00:24:23,36106.0,,24,23,1,649.846802,2025-12-08 00:25:23
24,24,1,1533.4,2025-12-08 00:24:24,35105.0,,24,24,1,651.278992,2025-12-08 00:25:24
24,25,1,1534.9,2025-12-08 00:24:25,34104.0,,24,25,1,655.172607,2025-12-08 00:25:25
24,26,1,1536.3,2025-12-08 00:24:26,33103.0,,24,26,1,661.478088,2025-12-08 00:25:26
24,27,1,1534.7,2025-12-08 00:24:27,32102.0,,24,27,1,670.0802,2025-12-08 00:25:27
24,28,1,1536.5,2025-12-08 00:24:28,31101.0,,24,28,1,680.796021,2025-12-08 00:25:28
24,29,1,1540.1,2025-12-08 00:24:29,30100.0,,24,29,1,693.378357,2025-12-08 00:25:29
24,30,1,1533.5,2025-12-08 00:24:30,29099.0,,24,30,1,707.520874,2025-12-08 00:25:30
24,31,1,1535.7,2025-12-08 00:24:31,28098.0,,24,31,1,722.868042,2025-12-08 00:25:31
24,32,1,1540.9,2025-12-08 00:24:32,27097.0,,24,32,1,739.031494,2025-12-08 00:25:32
24,33,1,1537.4,2025-12-08 00:24:33,26096.0,,24,33,1,755.607056,2025-12-08 00:25:33
24,34,1,1540.3,2025-12-08 00:24:34,25095.0,,24,34,1,772.193604,2025-12-08 00:25:34
24,35,1,1542.9,2025-12-08 00:24:35,24094.0,,24,35,1,788.41626,2025-12-08 00:25:35
24,36,1,1541.8,2025-12-08 00:24:36,23093.0,,24,36,1,803.942688,2025-12-08 00:25:36
24,37,1,1545.8,2025-12-08 00:24:37,22092.0,,24,37,1,818.495972,2025-12-08 00:25:37
24,38,1,1543.2,2025-12-08 00:24:38,21090.0,,24,38,1,831.865967,2025-12-08 00:25:38
24,39,1,1542.8,2025-12-08 00:24:39,20088.0,,24,39,1,843.905151,2025-12-08 00:25:39
24,40,1,1541.7,2025-12-08 00:24:40,19086.0,,24,40,1,854.530701,2025-12-08 00:25:40
24,41,1,1545.5,2025-12-08 00:24:41,18085.0,,24,41,1,863.713379,2025-12-08 00:25:41
24,42,1,1544.0,2025-12-08 00:24:42,17084.0,,24,42,1,871.473755,2025-12-08 00:25:42
24,43,1,1543.4,2025-12-08 00:24:43,16083.0,,24,43,1,877.860046,2025-12-08 00:25:43
24,44,1,1545.3,2025-12-08 00:24:44,15082.0,,24,44,1,882.94873,2025-12-08 00:25:44
24,45,1,1545.6,2025-12-08 00:24:45,14081.0,,24,45,1,886.834412,2025-12-08 00:25:45
24,46,1,1550.5,2025-12-08 00:24:46,13080.0,,24,46,1,889.617615,2025-12-08 00:25:46
24,47,1,1548.9,2025-12-08 00:24:47,12079.0,,24,47,1,891.410522,2025-12-08 00:25:47
24,48,1,1546.1,2025-12-08 00:24:48,11078.0,,24,48,1,892.313721,2025-12-08 00:25:48
24,49,1,1548.3,2025-12-08 00:24:49,10076.0,,24,49,1,892.431274,2025-12-08 00:25:49
24,50,1,1549.1,2025-12-08 00:24:50,9075.0,,24,50,1,891.877319,2025-12-08 00:25:50
24,51,1,1548.8,2025-12-08 00:24:51,8072.0,,24,51,1,890.761292,2025-12-08 00:25:51
24,52,1,1375.7,2025-12-08 00:24:52,7071.0,,24,52,1,889.196594,2025-12-08 00:25:52
24,53,1,1379.9,2025-12-08 00:24:53,6070.0,,24,53,1,886.892456,2025-12-08 00:25:53
24,54,1,1388.1,2025-12-08 00:24:54,5069.0,,24,54,1,884.224976,2025-12-08 00:25:54
24,55,1,1397.6,2025-12-08 00:24:55,4067.0,,24,55,1,881.315308,2025-12-08 00:25:55
24,56,1,1358.4,2025-12-08 00:24:56,3066.0,,24,56,1,878.289612,2025-12-08 00:25:56
24,57,1,649.8,2025-12-08 00:24:57,2063.0,,24,57,1,875.100464,2025-12-08 00:25:57
24,58,1,648.6,2025-12-08 00:24:58,1059.0,,24,58,1,869.501099,2025-12-08 00:25:58
24,59,1,655.3,2025-12-08 00:24:59,58.0,,24,59,1,863.498596,2025-12-08 00:25:59
25,0,1,905.0,2025-12-08 00:25:00,59206.0,,25,0,1,746.317932,2025-12-08 00:26:00
25,1,1,667.9,2025-12-08 00:25:01,58203.0,,25,1,1,762.295654,2025-12-08 00:26:01
25,2,1,658.3,2025-12-08 00:25:02,57202.0,,25,2,1,774.479675,2025-12-08 00:26:02
25,3,1,658.5,2025-12-08 00:25:03,56200.0,,25,3,1,785.327148,2025-12-08 00:26:03
25,4,1,656.6,2025-12-08 00:25:04,55192.0,,25,4,1,794.78656,2025-12-08 00:26:04
25,5,1,655.7,2025-12-08 00:25:05,54185.0,,25,5,1,802.787903,2025-12-08 00:26:05
25,6,1,658.5,2025-12-08 00:25:06,53182.0,,25,6,1,809.378967,2025-12-08 00:26:06
25,7,1,659.3,2025-12-08 00:25:07,52181.0,,25,7,1,814.688293,2025-12-08 00:26:07
25,8,1,659.5,2025-12-08 00:25:08,51146.0,,25,8,1,818.808777,2025-12-08 00:26:08
25,9,1,659.5,2025-12-08 00:25:09,50145.0,,25,9,1,821.860901,2025-12-08 00:26:09
25,10,1,659.0,2025-12-08 00:25:10,49143.0,,25,10,1,823.972473,2025-12-08 00:26:10
25,11,1,660.9,2025-12-08 00:25:11,48142.0,,25,11,1,825.264893,2025-12-08 00:26:11
25,12,1,657.0,2025-12-08 00:25:12,47131.0,,25,12,1,825.880249,2025-12-08 00:26:12
25,13,1,658.8,2025-12-08 00:25:13,46129.0,,25,13,1,825.874268,2025-12-08 00:26:13
25,14,1,661.8,2025-12-08 00:25:14,45128.0,,25,14,1,825.396606,2025-12-08 00:26:14
25,15,1,658.9,2025-12-08 00:25:15,44085.0,,25,15,1,824.546143,2025-12-08 00:26:15
25,16,1,661.5,2025-12-08 00:25:16,43077.0,,25,16,1,823.351135,2025-12-08 00:26:16
25,17,1,658.4,2025-12-08 00:25:17,42076.0,,25,17,1,821.924316,2025-12-08 00:26:17
25,18,1,658.0,2025-12-08 00:25:18,41072.0,,25,18,1,820.280457,2025-12-08 00:26:18
25,19,1,663.8,2025-12-08 00:25:19,40072.0,,25,19,1,818.492798,2025-12-08 00:26:19
25,20,1,663.4,2025-12-08 00:25:20,39071.0,,25,20,1,816.656982,2025-12-08 00:26:20
25,21,1,658.0,2025-12-08 00:25:21,38070.0,,25,21,1,814.770691,2025-12-08 00:26:21
25,22,1,660.2,2025-12-08 00:25:22,37066.0,,25,22,1,812.832703,2025-12-08 00:26:22
25,23,1,661.6,2025-12-08 00:25:23,36060.0,,25,23,1,810.932495,2025-12-08 00:26:23
25,24,1,658.3,2025-12-08 00:25:24,35059.0,,25,24,1,809.097412,2025-12-08 00:26:24
25,25,1,658.6,2025-12-08 00:25:25,34052.0,,25,25,1,807.321777,2025-12-08 00:26:25
25,26,1,663.1,2025-12-08 00:25:26,33052.0,,25,26,1,805.655823,2025-12-08 00:26:26
25,27,1,648.2,2025-12-08 00:25:27,32050.0,,25,27,1,804.153015,2025-12-08 00:26:27
25,28,1,647.3,2025-12-08 00:25:28,31045.0,,25,28,1,802.695618,2025-12-08 00:26:28
25,29,1,545.2,2025-12-08 00:25:29,30044.0,,25,29,1,801.390503,2025-12-08 00:26:29
25,30,1,538.6,2025-12-08 00:25:30,29041.0,,25,30,1,799.570374,2025-12-08 00:26:30
25,31,1,666.1,2025-12-08 00:25:31,28040.0,,25,31,1,797.854126,2025-12-08 00:26:31
25,32,1,563.1,2025-12-08 00:25:32,27039.0,,25,32,1,797.1203,2025-12-08 00:26:32
25,33,1,557.4,2025-12-08 00:25:33,26038.0,,25,33,1,796.000305,2025-12-08 00:26:33
25,34,1,558.1,2025-12-08 00:25:34,25036.0,,25,34,1,795.054565,2025-12-08 00:26:34
25,35,1,555.6,2025-12-08 00:25:35,24036.0,,25,35,1,794.329834,2025-12-08 00:26:35
25,36,1,555.5,2025-12-08 00:25:36,23035.0,,25,36,1,793.814453,2025-12-08 00:26:36
25,37,1,553.5,2025-12-08 00:25:37,22034.0,,25,37,1,793.522278,2025-12-08 00:26:37
25,38,1,553.5,2025-12-08 00:25:38,21032.0,,25,38,1,793.439514,2025-12-08 00:26:38
25,39,1,552.4,2025-12-08 00:25:39,20031.0,,25,39,1,793.568359,2025-12-08 00:26:39
25,40,1,554.2,2025-12-08 00:25:40,19030.0,,25,40,1,793.891907,2025-12-08 00:26:40
25,41,1,561.7,2025-12-08 00:25:41,18028.0,,25,41,1,794.410095,2025-12-08 00:26:41
25,42,1,557.8,2025-12-08 00:25:42,17027.0,,25,42,1,795.135376,2025-12-08 00:26:42
25,43,1,558.6,2025-12-08 00:25:43,16026.0,,25,43,1,795.99585,2025-12-08 00:26:43
25,44,1,563.8,2025-12-08 00:25:44,15025.0,,25,44,1,796.992554,2025-12-08 00:26:44
25,45,1,559.3,2025-12-08 00:25:45,14024.0,,25,45,1,798.12616,2025-12-08 00:26:45
25,46,1,561.0,2025-12-08 00:25:46,13022.0,,25,46,1,799.333618,2025-12-08 00:26:46
25,47,1,583.7,2025-12-08 00:25:47,12021.0,,25,47,1,800.620728,2025-12-08 00:26:47
25,48,1,631.1,2025-12-08 00:25:48,11020.0,,25,48,1,802.057922,2025-12-08 00:26:48
25,49,1,671.7,2025-12-08 00:25:49,10019.0,,25,49,1,803.729736,2025-12-08 00:26:49
25,50,1,680.7,2025-12-08 00:25:50,9018.0,,25,50,1,805.5896,2025-12-08 00:26:50
25,51,1,679.6,2025-12-08 00:25:51,8017.0,,25,51,1,807.484192,2025-12-08 00:26:51
25,52,1,680.8,2025-12-08 00:25:52,7015.0,,25,52,1,809.337158,2025-12-08 00:26:52
25,53,1,679.8,2025-12-08 00:25:53,6014.0,,25,53,1,811.120422,2025-12-08 00:26:53
25,54,1,682.2,2025-12-08 00:25:54,5013.0,,25,54,1,812.793213,2025-12-08 00:26:54
25,55,1,683.3,2025-12-08 00:25:55,4012.0,,25,55,1,814.339966,2025-12-08 00:26:55
25,56,1,681.1,2025-12-08 00:25:56,3011.0,,25,56,1,815.734375,2025-12-08 00:26:56
25,57,1,681.8,2025-12-08 00:25:57,2010.0,,25,57,1,816.947693,2025-12-08 00:26:57
25,58,1,687.6,2025-12-08 00:25:58,1009.0,,25,58,1,817.978271,2025-12-08 00:26:58
25,59,1,685.7,2025-12-08 00:25:59,8.0,,25,59,1,818.838013,2025-12-08 00:26:59
26,0,1,685.7,2025-12-08 00:26:00,59124.0,,26,0,1,713.974121,2025-12-08 00:27:00
26,1,1,686.1,2025-12-08 00:26:01,58123.0,,26,1,1,719.086304,2025-12-08 00:27:01
26,2,1,686.8,2025-12-08 00:26:02,57122.0,,26,2,1,724.42688,2025-12-08 00:27:02
26,3,1,686.3,2025-12-08 00:26:03,56121.0,,26,3,1,729.900146,2025-12-08 00:27:03
26,4,1,687.9,2025-12-08 00:26:04,55120.0,,26,4,1,735.434631,2025-12-08 00:27:04
26,5,1,686.6,2025-12-08 00:26:05,54119.0,,26,5,1,741.020142,2025-12-08 00:27:05
26,6,1,685.2,2025-12-08 00:26:06,53117.0,,26,6,1,746.612488,2025-12-08 00:27:06
26,7,1,686.8,2025-12-08 00:26:07,52116.0,,26,7,1,752.196106,2025-12-08 00:27:07
26,8,1,687.5,2025-12-08 00:26:08,51115.0,,26,8,1,757.782837,2025-12-08 00:27:08
26,9,1,685.7,2025-12-08 00:26:09,50114.0,,26,9,1,763.345032,2025-12-08 00:27:09
26,10,1,687.7,2025-12-08 00:26:10,49113.0,,26,10,1,768.83374,2025-12-08 00:27:10
26,11,1,685.4,2025-12-08 00:26:11,48112.0,,26,11,1,774.250183,2025-12-08 00:27:11
26,12,1,686.1,2025-12-08 00:26:12,47111.0,,26,12,1,779.521851,2025-12-08 00:27:12
26,13,1,688.6,2025-12-08 00:26:13,46109.0,,26,13,1,784.635376,2025-12-08 00:27:13
26,14,1,689.3,2025-12-08 00:26:14,45108.0,,26,14,1,789.567627,2025-12-08 00:27:14
26,15,1,686.7,2025-12-08 00:26:15,44107.0,,26,15,1,794.266846,2025-12-08 00:27:15
26,16,1,692.7,2025-12-08 00:26:16,43106.0,,26,16,1,798.671082,2025-12-08 00:27:16
26,17,1,686.2,2025-12-08 00:26:17,42104.0,,26,17,1,802.81543,2025-12-08 00:27:17
26,18,1,684.3,2025-12-08 00:26:18,41103.0,,26,18,1,806.579224,2025-12-08 00:27:18
26,19,1,690.4,2025-12-08 00:26:19,40101.0,,26,19,1,809.973877,2025-12-08 00:27:19
26,20,1,697.3,2025-12-08 00:26:20,39086.0,,26,20,1,813.043762,2025-12-08 00:27:20
26,21,1,696.8,2025-12-08 00:26:21,38084.0,,26,21,1,815.788513,2025-12-08 00:27:21
26,22,1,687.5,2025-12-08 00:26:22,37084.0,,26,22,1,818.15448,2025-12-08 00:27:22
26,23,1,699.5,2025-12-08 00:26:23,36083.0,,26,23,1,820.081909,2025-12-08 00:27:23
26,24,1,683.9,2025-12-08 00:26:24,35081.0,,26,24,1,821.718567,2025-12-08 00:27:24
26,25,1,687.3,2025-12-08 00:26:25,34080.0,,26,25,1,822.89801,2025-12-08 00:27:25
26,26,1,693.3,2025-12-08 00:26:26,33079.0,,26,26,1,823.753906,2025-12-08 00:27:26
26,27,1,690.4,2025-12-08 00:26:27,32075.0,,26,27,1,824.324463,2025-12-08 00:27:27
26,28,1,690.7,2025-12-08 00:26:28,31061.0,,26,28,1,824.578979,2025-12-08 00:27:28
26,29,1,691.5,2025-12-08 00:26:29,30060.0,,26,29,1,824.559814,2025-12-08 00:27:29
26,30,1,687.3,2025-12-08 00:26:30,29059.0,,26,30,1,824.295471,2025-12-08 00:27:30
26,31,1,687.9,2025-12-08 00:26:31,28057.0,,26,31,1,823.783508,2025-12-08 00:27:31
26,32,1,686.1,2025-12-08 00:26:32,27057.0,,26,32,1,823.076721,2025-12-08 00:27:32
26,33,1,688.0,2025-12-08 00:26:33,26055.0,,26,33,1,822.189148,2025-12-08 00:27:33
26,34,1,688.1,2025-12-08 00:26:34,25052.0,,26,34,1,821.167419,2025-12-08 00:27:34
26,35,1,688.9,2025-12-08 00:26:35,24051.0,,26,35,1,820.029053,2025-12-08 00:27:35
26,36,1,687.0,2025-12-08 00:26:36,23049.0,,26,36,1,818.803284,2025-12-08 00:27:36
26,37,1,687.7,2025-12-08 00:26:37,22043.0,,26,37,1,817.500854,2025-12-08 00:27:37
26,38,1,690.5,2025-12-08 00:26:38,21040.0,,26,38,1,816.157593,2025-12-08 00:27:38
26,39,1,686.7,2025-12-08 00:26:39,20039.0,,26,39,1,814.806335,2025-12-08 00:27:39
26,40,1,686.4,2025-12-08 00:26:40,19038.0,,26,40,1,813.436096,2025-12-08 00:27:40
26,41,1,686.6,2025-12-08 00:26:41,18034.0,,26,41,1,812.08136,2025-12-08 00:27:41
26,42,1,686.8,2025-12-08 00:26:42,17033.0,,26,42,1,810.762207,2025-12-08 00:27:42
26,43,1,690.7,2025-12-08 00:26:43,16032.0,,26,43,1,809.494751,2025-12-08 00:27:43
26,44,1,692.0,2025-12-08 00:26:44,15030.0,,26,44,1,808.310608,2025-12-08 00:27:44
26,45,1,689.5,2025-12-08 00:26:45,14029.0,,26,45,1,807.211426,2025-12-08 00:27:45
26,46,1,687.8,2025-12-08 00:26:46,13029.0,,26,46,1,806.190002,2025-12-08 00:27:46
26,47,1,689.7,2025-12-08 00:26:47,12028.0,,26,47,1,805.256958,2025-12-08 00:27:47
26,48,1,687.2,2025-12-08 00:26:48,11026.0,,26,48,1,804.433716,2025-12-08 00:27:48
26,49,1,696.3,2025-12-08 00:26:49,10026.0,,26,49,1,803.706177,2025-12-08 00:27:49
26,50,1,688.7,2025-12-08 00:26:50,9025.0,,26,50,1,803.125793,2025-12-08 00:27:50
26,51,1,687.9,2025-12-08 00:26:51,8023.0,,26,51,1,802.625671,2025-12-08 00:27:51
26,52,1,688.2,2025-12-08 00:26:52,7022.0,,26,52,1,802.230103,2025-12-08 00:27:52
26,53,1,687.6,2025-12-08 00:26:53,6021.0,,26,53,1,801.940979,2025-12-08 00:27:53
26,54,1,689.4,2025-12-08 00:26:54,5019.0,,26,54,1,801.751343,2025-12-08 00:27:54
26,55,1,697.9,2025-12-08 00:26:55,4018.0,,26,55,1,801.666016,2025-12-08 00:27:55
26,56,1,690.1,2025-12-08 00:26:56,3016.0,,26,56,1,801.706421,2025-12-08 00:27:56
26,57,1,689.6,2025-12-08 00:26:57,2015.0,,26,57,1,801.804993,2025-12-08 00:27:57
26,58,1,688.8,2025-12-08 00:26:58,1014.0,,26,58,1,801.979126,2025-12-08 00:27:58
26,59,1,687.0,2025-12-08 00:26:59,13.0,,26,59,1,802.219543,2025-12-08 00:27:59
27,0,1,699.5,2025-12-08 00:27:00,59084.0,,27,0,1,709.635681,2025-12-08 00:28:00
27,1,1,694.9,2025-12-08 00:27:01,58083.0,,27,1,1,714.542297,2025-12-08 00:28:01
27,2,1,691.8,2025-12-08 00:27:02,57082.0,,27,2,1,719.705994,2025-12-08 00:28:02
27,3,1,692.7,2025-12-08 00:27:03,56081.0,,27,3,1,725.056885,2025-12-08 00:28:03
27,4,1,702.1,2025-12-08 00:27:04,55079.0,,27,4,1,730.582947,2025-12-08 00:28:04
27,5,1,690.4,2025-12-08 00:27:05,54077.0,,27,5,1,736.341064,2025-12-08 00:28:05
27,6,1,688.8,2025-12-08 00:27:06,53076.0,,27,6,1,742.110596,2025-12-08 00:28:06
27,7,1,693.8,2025-12-08 00:27:07,52075.0,,27,7,1,747.95636,2025-12-08 00:28:07
27,8,1,688.0,2025-12-08 00:27:08,51074.0,,27,8,1,753.913757,2025-12-08 00:28:08
27,9,1,685.6,2025-12-08 00:27:09,50071.0,,27,9,1,759.851746,2025-12-08 00:28:09
27,10,1,688.5,2025-12-08 00:27:10,49070.0,,27,10,1,765.757996,2025-12-08 00:28:10
27,11,1,686.4,2025-12-08 00:27:11,48067.0,,27,11,1,771.634766,2025-12-08 00:28:11
27,12,1,686.0,2025-12-08 00:27:12,47065.0,,27,12,1,777.391174,2025-12-08 00:28:12
27,13,1,686.6,2025-12-08 00:27:13,46063.0,,27,13,1,782.990723,2025-12-08 00:28:13
27,14,1,690.4,2025-12-08 00:27:14,45062.0,,27,14,1,788.391968,2025-12-08 00:28:14
27,15,1,686.9,2025-12-08 00:27:15,44062.0,,27,15,1,793.573914,2025-12-08 00:28:15
27,16,1,685.6,2025-12-08 00:27:16,43060.0,,27,16,1,798.43457,2025-12-08 00:28:16
27,17,1,691.0,2025-12-08 00:27:17,42059.0,,27,17,1,802.950745,2025-12-08 00:28:17
27,18,1,689.5,2025-12-08 00:27:18,41059.0,,27,18,1,807.141785,2025-12-08 00:28:18
27,19,1,695.3,2025-12-08 00:27:19,40058.0,,27,19,1,810.931763,2025-12-08 00:28:19
27,20,1,693.5,2025-12-08 00:27:20,39057.0,,27,20,1,814.355164,2025-12-08 00:28:20
27,21,1,688.5,2025-12-08 00:27:21,38056.0,,27,21,1,817.347656,2025-12-08 00:28:21
27,22,1,687.2,2025-12-08 00:27:22,37055.0,,27,22,1,819.881226,2025-12-08 00:28:22
27,23,1,689.6,2025-12-08 00:27:23,36054.0,,27,23,1,821.982544,2025-12-08 00:28:23
27,24,1,689.5,2025-12-08 00:27:24,35053.0,,27,24,1,823.68573,2025-12-08 00:28:24
27,25,1,688.2,2025-12-08 00:27:25,34052.0,,27,25,1,824.990112,2025-12-08 00:28:25
27,26,1,689.5,2025-12-08 00:27:26,33051.0,,27,26,1,825.907227,2025-12-08 00:28:26
27,27,1,691.2,2025-12-08 00:27:27,32050.0,,27,27,1,826.47583,2025-12-08 00:28:27
27,28,1,693.0,2025-12-08 00:27:28,31048.0,,27,28,1,826.724548,2025-12-08 00:28:28
27,29,1,695.4,2025-12-08 00:27:29,30047.0,,27,29,1,826.681702,2025-12-08 00:28:29
27,30,1,694.3,2025-12-08 00:27:30,29046.0,,27,30,1,826.379639,2025-12-08 00:28:30
27,31,1,695.8,2025-12-08 00:27:31,28045.0,,27,31,1,825.827759,2025-12-08 00:28:31
27,32,1,695.6,2025-12-08 00:27:32,27044.0,,27,32,1,825.068848,2025-12-08 00:28:32
27,33,1,695.6,2025-12-08 00:27:33,26035.0,,27,33,1,824.122925,2025-12-08 00:28:33
27,34,1,693.6,2025-12-08 00:27:34,25035.0,,27,34,1,823.019287,2025-12-08 00:28:34
27,35,1,693.7,2025-12-08 00:27:35,24034.0,,27,35,1,821.774841,2025-12-08 00:28:35
27,36,1,691.3,2025-12-08 00:27:36,23033.0,,27,36,1,820.427124,2025-12-08 00:28:36
27,37,1,692.7,2025-12-08 00:27:37,22030.0,,27,37,1,818.989563,2025-12-08 00:28:37
27,38,1,694.4,2025-12-08 00:27:38,21030.0,,27,38,1,817.50592,2025-12-08 00:28:38
27,39,1,691.9,2025-12-08 00:27:39,20029.0,,27,39,1,816.002441,2025-12-08 00:28:39
27,40,1,693.0,2025-12-08 00:27:40,19028.0,,27,40,1,814.481689,2025-12-08 00:28:40
27,41,1,693.0,2025-12-08 00:27:41,18027.0,,27,41,1,812.981201,2025-12-08 00:28:41
27,42,1,698.4,2025-12-08 00:27:42,17026.0,,27,42,1,811.515442,2025-12-08 00:28:42
27,43,1,690.1,2025-12-08 00:27:43,16025.0,,27,43,1,810.127747,2025-12-08 00:28:43
27,44,1,689.9,2025-12-08 00:27:44,15024.0,,27,44,1,808.771057,2025-12-08 00:28:44
27,45,1,685.0,2025-12-08 00:27:45,14023.0,,27,45,1,807.493103,2025-12-08 00:28:45
27,46,1,685.3,2025-12-08 00:27:46,13020.0,,27,46,1,806.284485,2025-12-08 00:28:46
27,47,1,689.0,2025-12-08 00:27:47,12019.0,,27,47,1,805.177246,2025-12-08 00:28:47
27,48,1,689.4,2025-12-08 00:27:48,11018.0,,27,48,1,804.195557,2025-12-08 00:28:48
27,49,1,690.3,2025-12-08 00:27:49,10017.0,,27,49,1,803.333069,2025-12-08 00:28:49
27,50,1,693.7,2025-12-08 00:27:50,9016.0,,27,50,1,802.596313,2025-12-08 00:28:50
27,51,1,686.7,2025-12-08 00:27:51,8015.0,,27,51,1,801.998291,2025-12-08 00:28:51
27,52,1,688.6,2025-12-08 00:27:52,7014.0,,27,52,1,801.496643,2025-12-08 00:28:52
27,53,1,686.6,2025-12-08 00:27:53,6013.0,,27,53,1,801.123596,2025-12-08 00:28:53
27,54,1,686.7,2025-12-08 00:27:54,5012.0,,27,54,1,800.861023,2025-12-08 00:28:54
27,55,1,689.7,2025-12-08 00:27:55,4011.0,,27,55,1,800.712036,2025-12-08 00:28:55
27,56,1,686.9,2025-12-08 00:27:56,3010.0,,27,56,1,800.682678,2025-12-08 00:28:56
27,57,1,685.7,2025-12-08 00:27:57,2010.0,,27,57,1,800.744629,2025-12-08 00:28:57
27,58,1,687.6,2025-12-08 00:27:58,1009.0,,27,58,1,800.895142,2025-12-08 00:28:58
27,59,1,688.3,2025-12-08 00:27:59,8.0,,27,59,1,801.137451,2025-12-08 00:28:59
28,0,1,703.2,2025-12-08 00:28:00,59120.0,,28,0,1,711.462219,2025-12-08 00:29:00
28,1,1,687.9,2025-12-08 00:28:01,58119.0,,28,1,1,716.635681,2025-12-08 00:29:01
28,2,1,688.0,2025-12-08 00:28:02,57118.0,,28,2,1,721.900391,2025-12-08 00:29:02
28,3,1,688.2,2025-12-08 00:28:03,56117.0,,28,3,1,727.310059,2025-12-08 00:29:03
28,4,1,688.5,2025-12-08 00:28:04,55116.0,,28,4,1,732.817383,2025-12-08 00:29:04
28,5,1,702.6,2025-12-08 00:28:05,54115.0,,28,5,1,738.399597,2025-12-08 00:29:05
28,6,1,689.9,2025-12-08 00:28:06,53113.0,,28,6,1,744.179077,2025-12-08 00:29:06
28,7,1,689.5,2025-12-08 00:28:07,52112.0,,28,7,1,749.889832,2025-12-08 00:29:07
28,8,1,690.7,2025-12-08 00:28:08,51111.0,,28,8,1,755.61969,2025-12-08 00:29:08
28,9,1,686.9,2025-12-08 00:28:09,50109.0,,28,9,1,761.358643,2025-12-08 00:29:09
28,10,1,690.5,2025-12-08 00:28:10,49107.0,,28,10,1,767.029297,2025-12-08 00:29:10
28,11,1,691.5,2025-12-08 00:28:11,48104.0,,28,11,1,772.660034,2025-12-08 00:29:11
28,12,1,688.9,2025-12-08 00:28:12,47102.0,,28,12,1,778.188416,2025-12-08 00:29:12
28,13,1,688.4,2025-12-08 00:28:13,46101.0,,28,13,1,783.539001,2025-12-08 00:29:13
28,14,1,688.9,2025-12-08 00:28:14,45098.0,,28,14,1,788.684143,2025-12-08 00:29:14
28,15,1,686.4,2025-12-08 00:28:15,44084.0,,28,15,1,793.589478,2025-12-08 00:29:15
28,16,1,689.1,2025-12-08 00:28:16,43082.0,,28,16,1,798.19165,2025-12-08 00:29:16
28,17,1,686.9,2025-12-08 00:28:17,42081.0,,28,17,1,802.496948,2025-12-08 00:29:17
28,18,1,686.9,2025-12-08 00:28:18,41074.0,,28,18,1,806.439697,2025-12-08 00:29:18
28,19,1,693.8,2025-12-08 00:28:19,40065.0,,28,19,1,810.013611,2025-12-08 00:29:19
28,20,1,692.0,2025-12-08 00:28:20,39063.0,,28,20,1,813.254761,2025-12-08 00:29:20
28,21,1,686.9,2025-12-08 00:28:21,38063.0,,28,21,1,816.092285,2025-12-08 00:29:21
28,22,1,687.5,2025-12-08 00:28:22,37061.0,,28,22,1,818.498108,2025-12-08 00:29:22
28,23,1,690.6,2025-12-08 00:28:23,36059.0,,28,23,1,820.513428,2025-12-08 00:29:23
28,24,1,687.5,2025-12-08 00:28:24,35058.0,,28,24,1,822.164368,2025-12-08 00:29:24
28,25,1,687.0,2025-12-08 00:28:25,34057.0,,28,25,1,823.424072,2025-12-08 00:29:25
28,26,1,685.3,2025-12-08 00:28:26,33056.0,,28,26,1,824.325806,2025-12-08 00:29:26
28,27,1,686.8,2025-12-08 00:28:27,32054.0,,28,27,1,824.882996,2025-12-08 00:29:27
28,28,1,688.9,2025-12-08 00:28:28,31053.0,,28,28,1,825.138794,2025-12-08 00:29:28
28,29,1,699.0,2025-12-08 00:28:29,30052.0,,28,29,1,825.122986,2025-12-08 00:29:29
28,30,1,684.8,2025-12-08 00:28:30,29051.0,,28,30,1,824.909973,2025-12-08 00:29:30
28,31,1,686.8,2025-12-08 00:28:31,28049.0,,28,31,1,824.388,2025-12-08 00:29:31
28,32,1,686.7,2025-12-08 00:28:32,27046.0,,28,32,1,823.671509,2025-12-08 00:29:32
28,33,1,682.3,2025-12-08 00:28:33,26044.0,,28,33,1,822.777283,2025-12-08 00:29:33
28,34,1,686.5,2025-12-08 00:28:34,25043.0,,28,34,1,821.709412,2025-12-08 00:29:34
28,35,1,687.2,2025-12-08 00:28:35,24038.0,,28,35,1,820.539856,2025-12-08 00:29:35
28,36,1,685.1,2025-12-08 00:28:36,23036.0,,28,36,1,819.278503,2025-12-08 00:29:36
28,37,1,686.5,2025-12-08 00:28:37,22035.0,,28,37,1,817.936157,2025-12-08 00:29:37
28,38,1,687.6,2025-12-08 00:28:38,21034.0,,28,38,1,816.55426,2025-12-08 00:29:38
28,39,1,685.9,2025-12-08 00:28:39,20033.0,,28,39,1,815.154663,2025-12-08 00:29:39
28,40,1,690.7,2025-12-08 00:28:40,19031.0,,28,40,1,813.745178,2025-12-08 00:29:40
28,41,1,686.0,2025-12-08 00:28:41,18030.0,,28,41,1,812.376587,2025-12-08 00:29:41
28,42,1,686.5,2025-12-08 00:28:42,17028.0,,28,42,1,811.022522,2025-12-08 00:29:42
28,43,1,689.6,2025-12-08 00:28:43,16027.0,,28,43,1,809.721924,2025-12-08 00:29:43
28,44,1,688.0,2025-12-08 00:28:44,15027.0,,28,44,1,808.501648,2025-12-08 00:29:44
28,45,1,687.6,2025-12-08 00:28:45,14026.0,,28,45,1,807.353271,2025-12-08 00:29:45
28,46,1,686.1,2025-12-08 00:28:46,13024.0,,28,46,1,806.291931,2025-12-08 00:29:46
28,47,1,691.0,2025-12-08 00:28:47,12023.0,,28,47,1,805.320923,2025-12-08 00:29:47
28,48,1,684.0,2025-12-08 00:28:48,11022.0,,28,48,1,804.474854,2025-12-08 00:29:48
28,49,1,687.2,2025-12-08 00:28:49,10021.0,,28,49,1,803.707825,2025-12-08 00:29:49
28,50,1,684.8,2025-12-08 00:28:50,9020.0,,28,50,1,803.064087,2025-12-08 00:29:50
28,51,1,683.9,2025-12-08 00:28:51,8019.0,,28,51,1,802.5224,2025-12-08 00:29:51
28,52,1,688.5,2025-12-08 00:28:52,7018.0,,28,52,1,802.087891,2025-12-08 00:29:52
28,53,1,686.1,2025-12-08 00:28:53,6016.0,,28,53,1,801.78125,2025-12-08 00:29:53
28,54,1,689.8,2025-12-08 00:28:54,5015.0,,28,54,1,801.572449,2025-12-08 00:29:54
28,55,1,687.7,2025-12-08 00:28:55,4014.0,,28,55,1,801.480408,2025-12-08 00:29:55
28,56,1,687.7,2025-12-08 00:28:56,3013.0,,28,56,1,801.477539,2025-12-08 00:29:56
28,57,1,687.2,2025-12-08 00:28:57,2012.0,,28,57,1,801.564453,2025-12-08 00:29:57
28,58,1,687.2,2025-12-08 00:28:58,1011.0,,28,58,1,801.731689,2025-12-08 00:29:58
28,59,1,688.2,2025-12-08 00:28:59,10.0,,28,59,1,801.9729,2025-12-08 00:29:59
29,0,1,693.2,2025-12-08 00:29:00,59105.0,,29,0,1,849.259949,2025-12-08 00:30:00
29,1,1,689.1,2025-12-08 00:29:01,58102.0,,29,1,1,871.044556,2025-12-08 00:30:01
29,2,1,687.2,2025-12-08 00:29:02,57101.0,,29,2,1,898.113708,2025-12-08 00:30:02
29,3,1,687.6,2025-12-08 00:29:03,56098.0,,29,3,1,930.775269,2025-12-08 00:30:03
29,4,1,689.7,2025-12-08 00:29:04,55096.0,,29,4,1,969.527039,2025-12-08 00:30:04
29,5,1,686.5,2025-12-08 00:29:05,54096.0,,29,5,1,1015.176514,2025-12-08 00:30:05
29,6,1,689.9,2025-12-08 00:29:06,53094.0,,29,6,1,1068.893188,2025-12-08 00:30:06
29,7,1,688.8,2025-12-08 00:29:07,52093.0,,29,7,1,1132.302002,2025-12-08 00:30:07
29,8,1,685.4,2025-12-08 00:29:08,51092.0,,29,8,1,1207.625488,2025-12-08 00:30:08
29,9,1,686.3,2025-12-08 00:29:09,50091.0,,29,9,1,1297.886963,2025-12-08 00:30:09
29,10,1,692.5,2025-12-08 00:29:10,49090.0,,29,10,1,1407.17627,2025-12-08 00:30:10
29,11,1,685.9,2025-12-08 00:29:11,48088.0,,29,11,1,1540.95166,2025-12-08 00:30:11
29,12,1,684.8,2025-12-08 00:29:12,47087.0,,29,12,1,1706.254639,2025-12-08 00:30:12
29,13,1,686.6,2025-12-08 00:29:13,46085.0,,29,13,1,1911.468384,2025-12-08 00:30:13
29,14,1,687.3,2025-12-08 00:29:14,45084.0,,29,14,1,2164.758545,2025-12-08 00:30:14
29,15,1,684.6,2025-12-08 00:29:15,44081.0,,29,15,1,2469.806152,2025-12-08 00:30:15
29,16,1,685.5,2025-12-08 00:29:16,43079.0,,29,16,1,2818.236816,2025-12-08 00:30:16
29,17,1,685.7,2025-12-08 00:29:17,42077.0,,29,17,1,3183.050537,2025-12-08 00:30:17
29,18,1,684.7,2025-12-08 00:29:18,41076.0,,29,18,1,3523.46167,2025-12-08 00:30:18
29,19,1,691.8,2025-12-08 00:29:19,40075.0,,29,19,1,3804.075439,2025-12-08 00:30:19
29,20,1,692.7,2025-12-08 00:29:20,39073.0,,29,20,1,4011.55957,2025-12-08 00:30:20
29,21,1,688.5,2025-12-08 00:29:21,38072.0,,29,21,1,4153.637695,2025-12-08 00:30:21
29,22,1,689.7,2025-12-08 00:29:22,37071.0,,29,22,1,4247.103027,2025-12-08 00:30:22
29,23,1,692.6,2025-12-08 00:29:23,36069.0,,29,23,1,4308.045898,2025-12-08 00:30:23
29,24,1,688.1,2025-12-08 00:29:24,35068.0,,29,24,1,4348.272461,2025-12-08 00:30:24
29,25,1,685.8,2025-12-08 00:29:25,34067.0,,29,25,1,4375.450684,2025-12-08 00:30:25
29,26,1,684.9,2025-12-08 00:29:26,33066.0,,29,26,1,4394.312988,2025-12-08 00:30:26
29,27,1,685.9,2025-12-08 00:29:27,32061.0,,29,27,1,4407.75,2025-12-08 00:30:27
29,28,1,686.2,2025-12-08 00:29:28,31059.0,,29,28,1,4417.54834,2025-12-08 00:30:28
29,29,1,684.5,2025-12-08 00:29:29,30057.0,,29,29,1,4424.836426,2025-12-08 00:30:29
29,30,1,684.1,2025-12-08 00:29:30,29056.0,,29,30,1,4430.348145,2025-12-08 00:30:30
29,31,1,684.9,2025-12-08 00:29:31,28054.0,,29,31,1,4434.57666,2025-12-08 00:30:31
29,32,1,683.5,2025-12-08 00:29:32,27053.0,,29,32,1,4437.858887,2025-12-08 00:30:32
29,33,1,684.8,2025-12-08 00:29:33,26052.0,,29,33,1,4440.432617,2025-12-08 00:30:33
29,34,1,687.2,2025-12-08 00:29:34,25050.0,,29,34,1,4442.469238,2025-12-08 00:30:34
29,35,1,683.9,2025-12-08 00:29:35,24049.0,,29,35,1,4444.092285,2025-12-08 00:30:35
29,36,1,687.5,2025-12-08 00:29:36,23048.0,,29,36,1,4445.396973,2025-12-08 00:30:36
29,37,1,686.5,2025-12-08 00:29:37,22047.0,,29,37,1,4446.450684,2025-12-08 00:30:37
29,38,1,686.8,2025-12-08 00:29:38,21044.0,,29,38,1,4447.307617,2025-12-08 00:30:38
29,39,1,802.6,2025-12-08 00:29:39,20041.0,,29,39,1,4448.009277,2025-12-08 00:30:39
29,40,1,788.3,2025-12-08 00:29:40,19039.0,,29,40,1,4448.585449,2025-12-08 00:30:40
29,41,1,784.3,2025-12-08 00:29:41,18036.0,,29,41,1,4449.061035,2025-12-08 00:30:41
29,42,1,784.9,2025-12-08 00:29:42,17034.0,,29,42,1,4449.456055,2025-12-08 00:30:42
29,43,1,786.5,2025-12-08 00:29:43,16033.0,,29,43,1,4449.785156,2025-12-08 00:30:43
29,44,1,783.7,2025-12-08 00:29:44,15032.0,,29,44,1,4450.061035,2025-12-08 00:30:44
29,45,1,780.5,2025-12-08 00:29:45,14031.0,,29,45,1,4450.292969,2025-12-08 00:30:45
29,46,1,782.6,2025-12-08 00:29:46,13030.0,,29,46,1,4450.487793,2025-12-08 00:30:46
29,47,1,782.2,2025-12-08 00:29:47,12028.0,,29,47,1,4450.65332,2025-12-08 00:30:47
29,48,1,780.6,2025-12-08 00:29:48,11027.0,,29,48,1,4450.794434,2025-12-08 00:30:48
29,49,1,774.6,2025-12-08 00:29:49,10026.0,,29,49,1,4450.914062,2025-12-08 00:30:49
29,50,1,773.7,2025-12-08 00:29:50,9025.0,,29,50,1,4451.016113,2025-12-08 00:30:50
29,51,1,776.5,2025-12-08 00:29:51,8023.0,,29,51,1,4451.104492,2025-12-08 00:30:51
29,52,1,776.0,2025-12-08 00:29:52,7021.0,,29,52,1,4451.180664,2025-12-08 00:30:52
29,53,1,774.1,2025-12-08 00:29:53,6019.0,,29,53,1,4451.245605,2025-12-08 00:30:53
29,54,1,775.1,2025-12-08 00:29:54,5014.0,,29,54,1,4451.300781,2025-12-08 00:30:54
29,55,1,776.8,2025-12-08 00:29:55,4013.0,,29,55,1,4451.349609,2025-12-08 00:30:55
29,56,1,773.6,2025-12-08 00:29:56,3012.0,,29,56,1,4451.39209,2025-12-08 00:30:56
29,57,1,774.6,2025-12-08 00:29:57,2011.0,,29,57,1,4451.428711,2025-12-08 00:30:57
29,58,1,825.2,2025-12-08 00:29:58,1010.0,,29,58,1,4451.459961,2025-12-08 00:30:58
29,59,1,792.8,2025-12-08 00:29:59,8.0,,29,59,1,4451.487793,2025-12-08 00:30:59
30,0,1,786.2,2025-12-08 00:30:00,59838.0,,30,0,1,1210.39624,2025-12-08 00:31:00
30,1,1,785.6,2025-12-08 00:30:01,58837.0,,30,1,1,1198.477051,2025-12-08 00:31:01
30,2,1,785.0,2025-12-08 00:30:02,57836.0,,30,2,1,1182.315552,2025-12-08 00:31:02
30,3,1,785.9,2025-12-08 00:30:03,56835.0,,30,3,1,1161.202271,2025-12-08 00:31:03
30,4,1,791.9,2025-12-08 00:30:04,55834.0,,30,4,1,1134.322266,2025-12-08 00:31:04
30,5,1,790.0,2025-12-08 00:30:05,54833.0,,30,5,1,1100.778198,2025-12-08 00:31:05
30,6,1,789.9,2025-12-08 00:30:06,53832.0,,30,6,1,1059.679443,2025-12-08 00:31:06
30,7,1,790.3,2025-12-08 00:30:07,52828.0,,30,7,1,1010.283264,2025-12-08 00:31:07
30,8,1,788.2,2025-12-08 00:30:08,51827.0,,30,8,1,952.195312,2025-12-08 00:31:08
30,9,1,790.3,2025-12-08 00:30:09,50823.0,,30,9,1,885.634033,2025-12-08 00:31:09
30,10,1,791.4,2025-12-08 00:30:10,49822.0,,30,10,1,811.71698,2025-12-08 00:31:10
30,11,1,790.0,2025-12-08 00:30:11,48821.0,,30,11,1,732.674744,2025-12-08 00:31:11
30,12,1,789.0,2025-12-08 00:30:12,47820.0,,30,12,1,651.846497,2025-12-08 00:31:12
30,13,1,790.0,2025-12-08 00:30:13,46819.0,,30,13,1,573.318726,2025-12-08 00:31:13
30,14,1,790.1,2025-12-08 00:30:14,45818.0,,30,14,1,501.204803,2025-12-08 00:31:14
30,15,1,792.3,2025-12-08 00:30:15,44812.0,,30,15,1,438.791168,2025-12-08 00:31:15
30,16,1,790.9,2025-12-08 00:30:16,43811.0,,30,16,1,387.93515,2025-12-08 00:31:16
30,17,1,796.2,2025-12-08 00:30:17,42809.0,,30,17,1,348.97641,2025-12-08 00:31:17
30,18,1,789.5,2025-12-08 00:30:18,41807.0,,30,18,1,321.110352,2025-12-08 00:31:18
30,19,1,794.1,2025-12-08 00:30:19,40805.0,,30,19,1,302.926025,2025-12-08 00:31:19
30,20,1,797.2,2025-12-08 00:30:20,39803.0,,30,20,1,292.852936,2025-12-08 00:31:20
30,21,1,796.1,2025-12-08 00:30:21,38802.0,,30,21,1,289.413513,2025-12-08 00:31:21
30,22,1,797.7,2025-12-08 00:30:22,37801.0,,30,22,1,291.329163,2025-12-08 00:31:22
30,23,1,789.4,2025-12-08 00:30:23,36800.0,,30,23,1,297.541962,2025-12-08 00:31:23
30,24,1,788.0,2025-12-08 00:30:24,35798.0,,30,24,1,307.198242,2025-12-08 00:31:24
30,25,1,799.6,2025-12-08 00:30:25,34797.0,,30,25,1,319.623718,2025-12-08 00:31:25
30,26,1,788.6,2025-12-08 00:30:26,33796.0,,30,26,1,334.294556,2025-12-08 00:31:26
30,27,1,786.5,2025-12-08 00:30:27,32794.0,,30,27,1,350.810547,2025-12-08 00:31:27
30,28,1,791.7,2025-12-08 00:30:28,31793.0,,30,28,1,368.875336,2025-12-08 00:31:28
30,29,1,790.9,2025-12-08 00:30:29,30791.0,,30,29,1,388.276428,2025-12-08 00:31:29
30,30,1,1070.5,2025-12-08 00:30:30,29790.0,,30,30,1,408.870087,2025-12-08 00:31:30
30,31,1,1123.4,2025-12-08 00:30:31,28788.0,,30,31,1,430.573334,2025-12-08 00:31:31
30,32,1,993.0,2025-12-08 00:30:32,27787.0,,30,32,1,453.345245,2025-12-08 00:31:32
30,33,1,1002.5,2025-12-08 00:30:33,26787.0,,30,33,1,477.19046,2025-12-08 00:31:33
30,34,1,1077.8,2025-12-08 00:30:34,25785.0,,30,34,1,502.153687,2025-12-08 00:31:34
30,35,1,1004.7,2025-12-08 00:30:35,24784.0,,30,35,1,528.315674,2025-12-08 00:31:35
30,36,1,1050.1,2025-12-08 00:30:36,23783.0,,30,36,1,555.794067,2025-12-08 00:31:36
30,37,1,1077.3,2025-12-08 00:30:37,22782.0,,30,37,1,584.746033,2025-12-08 00:31:37
30,38,1,1104.5,2025-12-08 00:30:38,21781.0,,30,38,1,615.372681,2025-12-08 00:31:38
30,39,1,1129.0,2025-12-08 00:30:39,20780.0,,30,39,1,647.926453,2025-12-08 00:31:39
30,40,1,1153.1,2025-12-08 00:30:40,19778.0,,30,40,1,682.721008,2025-12-08 00:31:40
30,41,1,1174.7,2025-12-08 00:30:41,18777.0,,30,41,1,720.146057,2025-12-08 00:31:41
30,42,1,1191.0,2025-12-08 00:30:42,17775.0,,30,42,1,760.687195,2025-12-08 00:31:42
30,43,1,1207.9,2025-12-08 00:30:43,16775.0,,30,43,1,804.953247,2025-12-08 00:31:43
30,44,1,1222.8,2025-12-08 00:30:44,15773.0,,30,44,1,853.71405,2025-12-08 00:31:44
30,45,1,1227.4,2025-12-08 00:30:45,14772.0,,30,45,1,907.952881,2025-12-08 00:31:45
30,46,1,1233.7,2025-12-08 00:30:46,13768.0,,30,46,1,968.939697,2025-12-08 00:31:46
30,47,1,1236.4,2025-12-08 00:30:47,12765.0,,30,47,1,1038.33313,2025-12-08 00:31:47
30,48,1,1236.9,2025-12-08 00:30:48,11764.0,,30,48,1,1118.322754,2025-12-08 00:31:48
30,49,1,1237.9,2025-12-08 00:30:49,10764.0,,30,49,1,1211.824097,2025-12-08 00:31:49
30,50,1,1240.2,2025-12-08 00:30:50,9762.0,,30,50,1,1322.735352,2025-12-08 00:31:50
30,51,1,1237.0,2025-12-08 00:30:51,8762.0,,30,51,1,1456.239868,2025-12-08 00:31:51
30,52,1,1249.3,2025-12-08 00:30:52,7760.0,,30,52,1,1619.062988,2025-12-08 00:31:52
30,53,1,1248.2,2025-12-08 00:30:53,6760.0,,30,53,1,1819.394531,2025-12-08 00:31:53
30,54,1,1236.8,2025-12-08 00:30:54,5758.0,,30,54,1,2065.75708,2025-12-08 00:31:54
30,55,1,1238.5,2025-12-08 00:30:55,4758.0,,30,55,1,2363.526367,2025-12-08 00:31:55
30,56,1,1240.2,2025-12-08 00:30:56,3756.0,,30,56,1,2708.072021,2025-12-08 00:31:56
30,57,1,1238.4,2025-12-08 00:30:57,2754.0,,30,57,1,3077.119141,2025-12-08 00:31:57
30,58,1,1241.3,2025-12-08 00:30:58,1753.0,,30,58,1,3431.741211,2025-12-08 00:31:58
30,59,1,1239.6,2025-12-08 00:30:59,752.0,,30,59,1,3732.873779,2025-12-08 00:31:59
31,0,1,1245.1,2025-12-08 00:31:00,59227.0,,31,0,1,1243.656128,2025-12-08 00:32:00
31,1,1,1274.4,2025-12-08 00:31:01,58226.0,,31,1,1,1232.565308,2025-12-08 00:32:01
31,2,1,1242.0,2025-12-08 00:31:02,57225.0,,31,2,1,1216.942261,2025-12-08 00:32:02
31,3,1,1240.7,2025-12-08 00:31:03,56224.0,,31,3,1,1195.964966,2025-12-08 00:32:03
31,4,1,1242.2,2025-12-08 00:31:04,55222.0,,31,4,1,1168.655396,2025-12-08 00:32:04
31,5,1,1242.8,2025-12-08 00:31:05,54221.0,,31,5,1,1133.895264,2025-12-08 00:32:05
31,6,1,1247.3,2025-12-08 00:31:06,53220.0,,31,6,1,1090.51709,2025-12-08 00:32:06
31,7,1,1247.6,2025-12-08 00:31:07,52219.0,,31,7,1,1037.459473,2025-12-08 00:32:07
31,8,1,1253.0,2025-12-08 00:31:08,51218.0,,31,8,1,974.010559,2025-12-08 00:32:08
31,9,1,1252.7,2025-12-08 00:31:09,50217.0,,31,9,1,900.160278,2025-12-08 00:32:09
31,10,1,1253.9,2025-12-08 00:31:10,49216.0,,31,10,1,817.017944,2025-12-08 00:32:10
31,11,1,1254.3,2025-12-08 00:31:11,48215.0,,31,11,1,727.178833,2025-12-08 00:32:11
31,12,1,1256.0,2025-12-08 00:31:12,47215.0,,31,12,1,634.804443,2025-12-08 00:32:12
31,13,1,1259.2,2025-12-08 00:31:13,46214.0,,31,13,1,545.170776,2025-12-08 00:32:13
31,14,1,1267.4,2025-12-08 00:31:14,45213.0,,31,14,1,463.626587,2025-12-08 00:32:14
31,15,1,1260.9,2025-12-08 00:31:15,44211.0,,31,15,1,394.315765,2025-12-08 00:32:15
31,16,1,1261.4,2025-12-08 00:31:16,43210.0,,31,16,1,339.305695,2025-12-08 00:32:16
31,17,1,1270.6,2025-12-08 00:31:17,42210.0,,31,17,1,298.567902,2025-12-08 00:32:17
31,18,1,1262.8,2025-12-08 00:31:18,41209.0,,31,18,1,270.648529,2025-12-08 00:32:18
31,19,1,1269.2,2025-12-08 00:31:19,40202.0,,31,19,1,253.494965,2025-12-08 00:32:19
31,20,1,1271.1,2025-12-08 00:31:20,39201.0,,31,20,1,245.044815,2025-12-08 00:32:20
31,21,1,1273.4,2025-12-08 00:31:21,38196.0,,31,21,1,243.489792,2025-12-08 00:32:21
31,22,1,1264.8,2025-12-08 00:31:22,37195.0,,31,22,1,247.344864,2025-12-08 00:32:22
31,23,1,1264.0,2025-12-08 00:31:23,36193.0,,31,23,1,255.426041,2025-12-08 00:32:23
31,24,1,1267.8,2025-12-08 00:31:24,35192.0,,31,24,1,266.807922,2025-12-08 00:32:24
31,25,1,1265.0,2025-12-08 00:31:25,34190.0,,31,25,1,280.775574,2025-12-08 00:32:25
31,26,1,1263.5,2025-12-08 00:31:26,33189.0,,31,26,1,296.783539,2025-12-08 00:32:26
31,27,1,1263.3,2025-12-08 00:31:27,32186.0,,31,27,1,314.424469,2025-12-08 00:32:27
31,28,1,1264.1,2025-12-08 00:31:28,31134.0,,31,28,1,333.400421,2025-12-08 00:32:28
31,29,1,1263.0,2025-12-08 00:31:29,30131.0,,31,29,1,353.500702,2025-12-08 00:32:29
31,30,1,1257.7,2025-12-08 00:31:30,29130.0,,31,30,1,374.585022,2025-12-08 00:32:30
31,31,1,1264.5,2025-12-08 00:31:31,28106.0,,31,31,1,396.569275,2025-12-08 00:32:31
31,32,1,1260.0,2025-12-08 00:31:32,27101.0,,31,32,1,419.416107,2025-12-08 00:32:32
31,33,1,1262.6,2025-12-08 00:31:33,26100.0,,31,33,1,443.127319,2025-12-08 00:32:33
31,34,1,1263.4,2025-12-08 00:31:34,25099.0,,31,34,1,467.739227,2025-12-08 00:32:34
31,35,1,1263.7,2025-12-08 00:31:35,24070.0,,31,35,1,493.320221,2025-12-08 00:32:35
31,36,1,1263.2,2025-12-08 00:31:36,23068.0,,31,36,1,519.969788,2025-12-08 00:32:36
31,37,1,1261.3,2025-12-08 00:31:37,22064.0,,31,37,1,547.819885,2025-12-08 00:32:37
31,38,1,1264.3,2025-12-08 00:31:38,21060.0,,31,38,1,577.037537,2025-12-08 00:32:38
31,39,1,1264.5,2025-12-08 00:31:39,20059.0,,31,39,1,607.830261,2025-12-08 00:32:39
31,40,1,1268.0,2025-12-08 00:31:40,19058.0,,31,40,1,640.453003,2025-12-08 00:32:40
31,41,1,1265.2,2025-12-08 00:31:41,18057.0,,31,41,1,675.218567,2025-12-08 00:32:41
31,42,1,1264.6,2025-12-08 00:31:42,17055.0,,31,42,1,712.511841,2025-12-08 00:32:42
31,43,1,1267.0,2025-12-08 00:31:43,16043.0,,31,43,1,752.809082,2025-12-08 00:32:43
31,44,1,1266.5,2025-12-08 00:31:44,15031.0,,31,44,1,796.704285,2025-12-08 00:32:44
31,45,1,1265.2,2025-12-08 00:31:45,14028.0,,31,45,1,844.945312,2025-12-08 00:32:45
31,46,1,1269.7,2025-12-08 00:31:46,13027.0,,31,46,1,898.484253,2025-12-08 00:32:46
31,47,1,1269.1,2025-12-08 00:31:47,12026.0,,31,47,1,958.547241,2025-12-08 00:32:47
31,48,1,1267.4,2025-12-08 00:31:48,11026.0,,31,48,1,1026.731201,2025-12-08 00:32:48
31,49,1,1270.8,2025-12-08 00:31:49,10024.0,,31,49,1,1105.140503,2025-12-08 00:32:49
31,50,1,1271.3,2025-12-08 00:31:50,9018.0,,31,50,1,1196.573364,2025-12-08 00:32:50
31,51,1,1270.6,2025-12-08 00:31:51,8017.0,,31,51,1,1304.769409,2025-12-08 00:32:51
31,52,1,1270.3,2025-12-08 00:31:52,7017.0,,31,52,1,1434.70874,2025-12-08 00:32:52
31,53,1,1267.3,2025-12-08 00:31:53,6016.0,,31,53,1,1592.887329,2025-12-08 00:32:53
31,54,1,1267.2,2025-12-08 00:31:54,5014.0,,31,54,1,1787.318604,2025-12-08 00:32:54
31,55,1,1268.3,2025-12-08 00:31:55,4013.0,,31,55,1,2026.621948,2025-12-08 00:32:55
31,56,1,1266.9,2025-12-08 00:31:56,3012.0,,31,56,1,2316.976807,2025-12-08 00:32:56
31,57,1,1268.1,2025-12-08 00:31:57,2011.0,,31,57,1,2655.726318,2025-12-08 00:32:57
31,58,1,1268.0,2025-12-08 00:31:58,1010.0,,31,58,1,3023.420898,2025-12-08 00:32:58
31,59,1,1265.1,2025-12-08 00:31:59,9.0,,31,59,1,3382.85498,2025-12-08 00:32:59
32,0,1,1269.3,2025-12-08 00:32:00,59108.0,,32,0,1,1231.608643,2025-12-08 00:33:00
32,1,1,1272.0,2025-12-08 00:32:01,58107.0,,32,1,1,1220.840332,2025-12-08 00:33:01
32,2,1,1270.4,2025-12-08 00:32:02,57105.0,,32,2,1,1205.714966,2025-12-08 00:33:02
32,3,1,1267.9,2025-12-08 00:32:03,56104.0,,32,3,1,1185.474121,2025-12-08 00:33:03
32,4,1,1268.4,2025-12-08 00:32:04,55103.0,,32,4,1,1159.209473,2025-12-08 00:33:04
32,5,1,1265.6,2025-12-08 00:32:05,54102.0,,32,5,1,1125.893311,2025-12-08 00:33:05
32,6,1,1264.8,2025-12-08 00:32:06,53101.0,,32,6,1,1084.459473,2025-12-08 00:33:06
32,7,1,1268.3,2025-12-08 00:32:07,52100.0,,32,7,1,1033.945312,2025-12-08 00:33:07
32,8,1,1262.1,2025-12-08 00:32:08,51099.0,,32,8,1,973.707336,2025-12-08 00:33:08
32,9,1,1262.2,2025-12-08 00:32:09,50098.0,,32,9,1,903.728577,2025-12-08 00:33:09
32,10,1,1264.4,2025-12-08 00:32:10,49097.0,,32,10,1,824.985901,2025-12-08 00:33:10
32,11,1,1264.3,2025-12-08 00:32:11,48096.0,,32,11,1,739.768188,2025-12-08 00:33:11
32,12,1,1260.3,2025-12-08 00:32:12,47095.0,,32,12,1,651.764221,2025-12-08 00:33:12
32,13,1,1284.7,2025-12-08 00:32:13,46095.0,,32,13,1,565.708252,2025-12-08 00:33:13
32,14,1,1263.0,2025-12-08 00:32:14,45093.0,,32,14,1,486.522766,2025-12-08 00:33:14
32,15,1,1264.2,2025-12-08 00:32:15,44092.0,,32,15,1,418.201172,2025-12-08 00:33:15
32,16,1,1264.5,2025-12-08 00:32:16,43091.0,,32,16,1,362.987122,2025-12-08 00:33:16
32,17,1,1271.3,2025-12-08 00:32:17,42090.0,,32,17,1,321.220764,2025-12-08 00:33:17
32,18,1,1266.0,2025-12-08 00:32:18,41089.0,,32,18,1,291.83374,2025-12-08 00:33:18
32,19,1,1269.7,2025-12-08 00:32:19,40087.0,,32,19,1,273.063721,2025-12-08 00:33:19
32,20,1,1269.6,2025-12-08 00:32:20,39086.0,,32,20,1,263.022247,2025-12-08 00:33:20
32,21,1,1268.7,2025-12-08 00:32:21,38085.0,,32,21,1,259.989502,2025-12-08 00:33:21
32,22,1,1269.9,2025-12-08 00:32:22,37084.0,,32,22,1,262.517517,2025-12-08 00:33:22
32,23,1,1266.9,2025-12-08 00:32:23,36083.0,,32,23,1,269.433441,2025-12-08 00:33:23
32,24,1,1263.2,2025-12-08 00:32:24,35082.0,,32,24,1,279.806854,2025-12-08 00:33:24
32,25,1,1268.2,2025-12-08 00:32:25,34080.0,,32,25,1,292.912415,2025-12-08 00:33:25
32,26,1,1286.5,2025-12-08 00:32:26,33078.0,,32,26,1,308.193054,2025-12-08 00:33:26
32,27,1,1267.4,2025-12-08 00:32:27,32077.0,,32,27,1,325.228546,2025-12-08 00:33:27
32,28,1,1274.2,2025-12-08 00:32:28,31076.0,,32,28,1,343.706329,2025-12-08 00:33:28
32,29,1,1276.7,2025-12-08 00:32:29,30075.0,,32,29,1,363.406189,2025-12-08 00:33:29
32,30,1,1263.7,2025-12-08 00:32:30,29074.0,,32,30,1,384.177856,2025-12-08 00:33:30
32,31,1,1265.1,2025-12-08 00:32:31,28073.0,,32,31,1,405.929718,2025-12-08 00:33:31
32,32,1,1253.7,2025-12-08 00:32:32,27070.0,,32,32,1,428.618958,2025-12-08 00:33:32
32,33,1,1254.5,2025-12-08 00:32:33,26069.0,,32,33,1,452.243469,2025-12-08 00:33:33
32,34,1,1257.1,2025-12-08 00:32:34,25068.0,,32,34,1,476.837494,2025-12-08 00:33:34
32,35,1,1250.0,2025-12-08 00:32:35,24067.0,,32,35,1,502.469452,2025-12-08 00:33:35
32,36,1,1250.0,2025-12-08 00:32:36,23066.0,,32,36,1,529.240295,2025-12-08 00:33:36
32,37,1,1253.3,2025-12-08 00:32:37,22060.0,,32,37,1,557.285767,2025-12-08 00:33:37
32,38,1,1259.0,2025-12-08 00:32:38,21043.0,,32,38,1,586.778931,2025-12-08 00:33:38
32,39,1,1259.6,2025-12-08 00:32:39,20042.0,,32,39,1,617.936157,2025-12-08 00:33:39
32,40,1,1253.6,2025-12-08 00:32:40,19041.0,,32,40,1,651.024475,2025-12-08 00:33:40
32,41,1,1262.6,2025-12-08 00:32:41,18040.0,,32,41,1,686.372986,2025-12-08 00:33:41
32,42,1,1252.5,2025-12-08 00:32:42,17039.0,,32,42,1,724.388489,2025-12-08 00:33:42
32,43,1,1258.9,2025-12-08 00:32:43,16038.0,,32,43,1,765.575867,2025-12-08 00:33:43
32,44,1,1251.6,2025-12-08 00:32:44,15037.0,,32,44,1,810.567505,2025-12-08 00:33:44
32,45,1,1252.1,2025-12-08 00:32:45,14036.0,,32,45,1,860.163025,2025-12-08 00:33:45
32,46,1,1256.8,2025-12-08 00:32:46,13035.0,,32,46,1,915.383545,2025-12-08 00:33:46
32,47,1,1271.4,2025-12-08 00:32:47,12034.0,,32,47,1,977.549316,2025-12-08 00:33:47
32,48,1,1251.6,2025-12-08 00:32:48,11034.0,,32,48,1,1048.386475,2025-12-08 00:33:48
32,49,1,1260.3,2025-12-08 00:32:49,10031.0,,32,49,1,1130.175903,2025-12-08 00:33:49
32,50,1,1252.0,2025-12-08 00:32:50,9031.0,,32,50,1,1225.957397,2025-12-08 00:33:50
32,51,1,1253.5,2025-12-08 00:32:51,8029.0,,32,51,1,1339.794312,2025-12-08 00:33:51
32,52,1,1253.2,2025-12-08 00:32:52,7026.0,,32,52,1,1477.077881,2025-12-08 00:33:52
32,53,1,1255.7,2025-12-08 00:32:53,6025.0,,32,53,1,1644.762817,2025-12-08 00:33:53
32,54,1,1253.2,2025-12-08 00:32:54,5023.0,,32,54,1,1851.19458,2025-12-08 00:33:54
32,55,1,1267.1,2025-12-08 00:32:55,4021.0,,32,55,1,2104.734863,2025-12-08 00:33:55
32,56,1,1254.9,2025-12-08 00:32:56,3019.0,,32,56,1,2409.832031,2025-12-08 00:33:56
32,57,1,1253.1,2025-12-08 00:32:57,2019.0,,32,57,1,2759.738525,2025-12-08 00:33:57
32,58,1,1254.1,2025-12-08 00:32:58,1018.0,,32,58,1,3129.396729,2025-12-08 00:33:58
32,59,1,1251.8,2025-12-08 00:32:59,15.0,,32,59,1,3478.540283,2025-12-08 00:33:59
33,0,1,1255.4,2025-12-08 00:33:00,59104.0,,33,0,1,1401.633423,2025-12-08 00:34:00
33,1,1,1251.8,2025-12-08 00:33:01,58103.0,,33,1,1,1392.151123,2025-12-08 00:34:01
33,2,1,1254.1,2025-12-08 00:33:02,57101.0,,33,2,1,1379.765015,2025-12-08 00:34:02
33,3,1,1253.2,2025-12-08 00:33:03,56089.0,,33,3,1,1363.528564,2025-12-08 00:34:03
33,4,1,1317.5,2025-12-08 00:33:04,55079.0,,33,4,1,1342.257935,2025-12-08 00:34:04
33,5,1,1341.5,2025-12-08 00:33:05,54078.0,,33,5,1,1314.474487,2025-12-08 00:34:05
33,6,1,1344.8,2025-12-08 00:33:06,53076.0,,33,6,1,1278.362793,2025-12-08 00:34:06
33,7,1,1329.8,2025-12-08 00:33:07,52075.0,,33,7,1,1231.774658,2025-12-08 00:34:07
33,8,1,1328.1,2025-12-08 00:33:08,51074.0,,33,8,1,1172.311401,2025-12-08 00:34:08
33,9,1,1327.0,2025-12-08 00:33:09,50071.0,,33,9,1,1097.567383,2025-12-08 00:34:09
33,10,1,1336.4,2025-12-08 00:33:10,49070.0,,33,10,1,1005.645752,2025-12-08 00:34:10
33,11,1,1331.0,2025-12-08 00:33:11,48068.0,,33,11,1,896.054504,2025-12-08 00:34:11
33,12,1,1326.1,2025-12-08 00:33:12,47066.0,,33,12,1,770.946472,2025-12-08 00:34:12
33,13,1,1329.7,2025-12-08 00:33:13,46065.0,,33,13,1,636.283203,2025-12-08 00:34:13
33,14,1,1327.3,2025-12-08 00:33:14,45064.0,,33,14,1,501.932587,2025-12-08 00:34:14
33,15,1,1338.9,2025-12-08 00:33:15,44063.0,,33,15,1,379.6362,2025-12-08 00:34:15
33,16,1,1329.7,2025-12-08 00:33:16,43062.0,,33,16,1,279.100769,2025-12-08 00:34:16
33,17,1,1327.7,2025-12-08 00:33:17,42061.0,,33,17,1,204.610474,2025-12-08 00:34:17
33,18,1,1332.8,2025-12-08 00:33:18,41059.0,,33,18,1,154.73819,2025-12-08 00:34:18
33,19,1,1341.9,2025-12-08 00:33:19,40058.0,,33,19,1,124.869194,2025-12-08 00:34:19
33,20,1,1335.7,2025-12-08 00:33:20,39058.0,,33,20,1,109.962296,2025-12-08 00:34:20
33,21,1,1336.1,2025-12-08 00:33:21,38057.0,,33,21,1,105.897652,2025-12-08 00:34:21
33,22,1,1338.9,2025-12-08 00:33:22,37055.0,,33,22,1,109.654282,2025-12-08 00:34:22
33,23,1,1326.3,2025-12-08 00:33:23,36055.0,,33,23,1,119.067368,2025-12-08 00:34:23
33,24,1,1328.6,2025-12-08 00:33:24,35054.0,,33,24,1,132.572006,2025-12-08 00:34:24
33,25,1,1333.1,2025-12-08 00:33:25,34052.0,,33,25,1,149.029221,2025-12-08 00:34:25
33,26,1,1337.5,2025-12-08 00:33:26,33051.0,,33,26,1,167.605545,2025-12-08 00:34:26
33,27,1,1334.0,2025-12-08 00:33:27,32049.0,,33,27,1,187.695831,2025-12-08 00:34:27
33,28,1,1331.8,2025-12-08 00:33:28,31048.0,,33,28,1,208.866867,2025-12-08 00:34:28
33,29,1,1328.2,2025-12-08 00:33:29,30047.0,,33,29,1,230.816254,2025-12-08 00:34:29
33,30,1,1332.6,2025-12-08 00:33:30,29046.0,,33,30,1,253.339645,2025-12-08 00:34:30
33,31,1,1333.8,2025-12-08 00:33:31,28045.0,,33,31,1,276.307556,2025-12-08 00:34:31
33,32,1,1331.0,2025-12-08 00:33:32,27044.0,,33,32,1,299.645905,2025-12-08 00:34:32
33,33,1,1330.7,2025-12-08 00:33:33,26041.0,,33,33,1,323.323639,2025-12-08 00:34:33
33,34,1,1333.3,2025-12-08 00:33:34,25040.0,,33,34,1,347.342987,2025-12-08 00:34:34
33,35,1,1345.8,2025-12-08 00:33:35,24039.0,,33,35,1,371.732727,2025-12-08 00:34:35
33,36,1,1332.6,2025-12-08 00:33:36,23038.0,,33,36,1,396.544037,2025-12-08 00:34:36
33,37,1,1330.6,2025-12-08 00:33:37,22037.0,,33,37,1,421.848022,2025-12-08 00:34:37
33,38,1,1328.8,2025-12-08 00:33:38,21037.0,,33,38,1,447.734833,2025-12-08 00:34:38
33,39,1,1333.5,2025-12-08 00:33:39,20035.0,,33,39,1,474.313477,2025-12-08 00:34:39
33,40,1,1330.7,2025-12-08 00:33:40,19029.0,,33,40,1,501.714172,2025-12-08 00:34:40
33,41,1,1332.5,2025-12-08 00:33:41,18028.0,,33,41,1,530.09021,2025-12-08 00:34:41
33,42,1,1332.8,2025-12-08 00:33:42,17027.0,,33,42,1,559.622437,2025-12-08 00:34:42
33,43,1,1331.0,2025-12-08 00:33:43,16026.0,,33,43,1,590.524719,2025-12-08 00:34:43
33,44,1,1399.2,2025-12-08 00:33:44,15025.0,,33,44,1,623.051086,2025-12-08 00:34:44
33,45,1,1406.3,2025-12-08 00:33:45,14024.0,,33,45,1,657.506165,2025-12-08 00:34:45
33,46,1,1408.5,2025-12-08 00:33:46,13023.0,,33,46,1,694.257507,2025-12-08 00:34:46
33,47,1,1410.3,2025-12-08 00:33:47,12022.0,,33,47,1,733.753967,2025-12-08 00:34:47
33,48,1,1408.3,2025-12-08 00:33:48,11021.0,,33,48,1,776.549011,2025-12-08 00:34:48
33,49,1,1410.8,2025-12-08 00:33:49,10020.0,,33,49,1,823.333374,2025-12-08 00:34:49
33,50,1,1408.0,2025-12-08 00:33:50,9018.0,,33,50,1,874.979553,2025-12-08 00:34:50
33,51,1,1409.9,2025-12-08 00:33:51,8018.0,,33,51,1,932.602905,2025-12-08 00:34:51
33,52,1,1416.4,2025-12-08 00:33:52,7016.0,,33,52,1,997.648254,2025-12-08 00:34:52
33,53,1,1409.6,2025-12-08 00:33:53,6015.0,,33,53,1,1072.008545,2025-12-08 00:34:53
33,54,1,1410.6,2025-12-08 00:33:54,5014.0,,33,54,1,1158.191406,2025-12-08 00:34:54
33,55,1,1418.5,2025-12-08 00:33:55,4013.0,,33,55,1,1259.541992,2025-12-08 00:34:55
33,56,1,1420.1,2025-12-08 00:33:56,3011.0,,33,56,1,1380.527222,2025-12-08 00:34:56
33,57,1,1412.1,2025-12-08 00:33:57,2010.0,,33,57,1,1527.035278,2025-12-08 00:34:57
33,58,1,1413.8,2025-12-08 00:33:58,1009.0,,33,58,1,1706.534058,2025-12-08 00:34:58
33,59,1,1415.4,2025-12-08 00:33:59,8.0,,33,59,1,1927.622925,2025-12-08 00:34:59
34,0,1,1421.1,2025-12-08 00:34:00,59175.0,,34,0,1,1549.119507,2025-12-08 00:35:00
34,1,1,1415.9,2025-12-08 00:34:01,58174.0,,34,1,1,1563.402466,2025-12-08 00:35:01
34,2,1,1410.1,2025-12-08 00:34:02,57173.0,,34,2,1,1585.276489,2025-12-08 00:35:02
34,3,1,1413.5,2025-12-08 00:34:03,56172.0,,34,3,1,1616.955811,2025-12-08 00:35:03
34,4,1,1413.2,2025-12-08 00:34:04,55171.0,,34,4,1,1661.635742,2025-12-08 00:35:04
34,5,1,1421.4,2025-12-08 00:34:05,54170.0,,34,5,1,1723.809082,2025-12-08 00:35:05
34,6,1,1416.0,2025-12-08 00:34:06,53169.0,,34,6,1,1809.63269,2025-12-08 00:35:06
34,7,1,1418.5,2025-12-08 00:34:07,52168.0,,34,7,1,1927.256104,2025-12-08 00:35:07
34,8,1,1415.3,2025-12-08 00:34:08,51167.0,,34,8,1,2086.718018,2025-12-08 00:35:08
34,9,1,1412.6,2025-12-08 00:34:09,50165.0,,34,9,1,2298.413086,2025-12-08 00:35:09
34,10,1,1414.0,2025-12-08 00:34:10,49164.0,,34,10,1,2568.429199,2025-12-08 00:35:10
34,11,1,1421.7,2025-12-08 00:34:11,48164.0,,34,11,1,2889.894775,2025-12-08 00:35:11
34,12,1,1415.3,2025-12-08 00:34:12,47163.0,,34,12,1,3235.328125,2025-12-08 00:35:12
34,13,1,1421.4,2025-12-08 00:34:13,46161.0,,34,13,1,3561.979492,2025-12-08 00:35:13
34,14,1,1417.5,2025-12-08 00:34:14,45160.0,,34,14,1,3832.618164,2025-12-08 00:35:14
34,15,1,1415.2,2025-12-08 00:34:15,44159.0,,34,15,1,4032.804688,2025-12-08 00:35:15
34,16,1,1413.4,2025-12-08 00:34:16,43158.0,,34,16,1,4169.578125,2025-12-08 00:35:16
34,17,1,1414.1,2025-12-08 00:34:17,42157.0,,34,17,1,4259.209961,2025-12-08 00:35:17
34,18,1,1413.3,2025-12-08 00:34:18,41154.0,,34,18,1,4317.379395,2025-12-08 00:35:18
34,19,1,1422.1,2025-12-08 00:34:19,40154.0,,34,19,1,4355.580078,2025-12-08 00:35:19
34,20,1,1420.7,2025-12-08 00:34:20,39153.0,,34,20,1,4381.258301,2025-12-08 00:35:20
34,21,1,1422.2,2025-12-08 00:34:21,38152.0,,34,21,1,4398.992676,2025-12-08 00:35:21
34,22,1,1417.6,2025-12-08 00:34:22,37151.0,,34,22,1,4411.568359,2025-12-08 00:35:22
34,23,1,1425.5,2025-12-08 00:34:23,36150.0,,34,23,1,4420.696777,2025-12-08 00:35:23
34,24,1,1498.6,2025-12-08 00:34:24,35149.0,,34,24,1,4427.45752,2025-12-08 00:35:24
34,25,1,1510.0,2025-12-08 00:34:25,34149.0,,34,25,1,4432.548828,2025-12-08 00:35:25
34,26,1,1505.2,2025-12-08 00:34:26,33148.0,,34,26,1,4436.4375,2025-12-08 00:35:26
34,27,1,1504.3,2025-12-08 00:34:27,32147.0,,34,27,1,4439.441895,2025-12-08 00:35:27
34,28,1,1505.7,2025-12-08 00:34:28,31142.0,,34,28,1,4441.787598,2025-12-08 00:35:28
34,29,1,1507.5,2025-12-08 00:34:29,30142.0,,34,29,1,4443.633301,2025-12-08 00:35:29
34,30,1,1514.9,2025-12-08 00:34:30,29141.0,,34,30,1,4445.098145,2025-12-08 00:35:30
34,31,1,1521.9,2025-12-08 00:34:31,28140.0,,34,31,1,4446.267578,2025-12-08 00:35:31
34,32,1,1520.9,2025-12-08 00:34:32,27139.0,,34,32,1,4447.208008,2025-12-08 00:35:32
34,33,1,1517.3,2025-12-08 00:34:33,26138.0,,34,33,1,4447.968262,2025-12-08 00:35:33
34,34,1,1510.4,2025-12-08 00:34:34,25127.0,,34,34,1,4448.585449,2025-12-08 00:35:34
34,35,1,1513.3,2025-12-08 00:34:35,24126.0,,34,35,1,4449.089355,2025-12-08 00:35:35
34,36,1,1510.5,2025-12-08 00:34:36,23126.0,,34,36,1,4449.503418,2025-12-08 00:35:36
34,37,1,1511.6,2025-12-08 00:34:37,22125.0,,34,37,1,4449.84375,2025-12-08 00:35:37
34,38,1,1517.5,2025-12-08 00:34:38,21124.0,,34,38,1,4450.125488,2025-12-08 00:35:38
34,39,1,1513.4,2025-12-08 00:34:39,20120.0,,34,39,1,4450.359863,2025-12-08 00:35:39
34,40,1,1514.7,2025-12-08 00:34:40,19119.0,,34,40,1,4450.554688,2025-12-08 00:35:40
34,41,1,1513.7,2025-12-08 00:34:41,18060.0,,34,41,1,4450.718262,2025-12-08 00:35:41
34,42,1,1515.7,2025-12-08 00:34:42,17059.0,,34,42,1,4450.855957,2025-12-08 00:35:42
34,43,1,1514.2,2025-12-08 00:34:43,16055.0,,34,43,1,4450.97168,2025-12-08 00:35:43
34,44,1,1523.0,2025-12-08 00:34:44,15053.0,,34,44,1,4451.070801,2025-12-08 00:35:44
34,45,1,1513.0,2025-12-08 00:34:45,14047.0,,34,45,1,4451.154785,2025-12-08 00:35:45
34,46,1,1515.1,2025-12-08 00:34:46,13046.0,,34,46,1,4451.225586,2025-12-08 00:35:46
34,47,1,1519.8,2025-12-08 00:34:47,12046.0,,34,47,1,4451.287109,2025-12-08 00:35:47
34,48,1,1516.9,2025-12-08 00:34:48,11038.0,,34,48,1,4451.34082,2025-12-08 00:35:48
34,49,1,1518.2,2025-12-08 00:34:49,10035.0,,34,49,1,4451.385742,2025-12-08 00:35:49
34,50,1,1520.1,2025-12-08 00:34:50,9031.0,,34,50,1,4451.425293,2025-12-08 00:35:50
34,51,1,1517.1,2025-12-08 00:34:51,8030.0,,34,51,1,4451.460449,2025-12-08 00:35:51
34,52,1,1515.0,2025-12-08 00:34:52,7029.0,,34,52,1,4451.489258,2025-12-08 00:35:52
34,53,1,1519.9,2025-12-08 00:34:53,6025.0,,34,53,1,4451.515625,2025-12-08 00:35:53
34,54,1,1520.3,2025-12-08 00:34:54,5017.0,,34,54,1,4451.536621,2025-12-08 00:35:54
34,55,1,1520.1,2025-12-08 00:34:55,4014.0,,34,55,1,4451.555176,2025-12-08 00:35:55
34,56,1,1524.8,2025-12-08 00:34:56,3013.0,,34,56,1,4451.570312,2025-12-08 00:35:56
34,57,1,1518.4,2025-12-08 00:34:57,2011.0,,34,57,1,4451.582031,2025-12-08 00:35:57
34,58,1,1519.0,2025-12-08 00:34:58,1010.0,,34,58,1,4451.591797,2025-12-08 00:35:58
34,59,1,1518.7,2025-12-08 00:34:59,8.0,,34,59,1,4451.600098,2025-12-08 00:35:59
35,0,1,1520.0,2025-12-08 00:35:00,59073.0,,35,0,1,1564.769287,2025-12-08 00:36:00
35,1,1,1520.8,2025-12-08 00:35:01,58072.0,,35,1,1,1583.184692,2025-12-08 00:36:01
35,2,1,1518.3,2025-12-08 00:35:02,57071.0,,35,2,1,1610.892456,2025-12-08 00:36:02
35,3,1,1522.9,2025-12-08 00:35:03,56070.0,,35,3,1,1650.708862,2025-12-08 00:36:03
35,4,1,1519.4,2025-12-08 00:35:04,55070.0,,35,4,1,1706.662231,2025-12-08 00:36:04
35,5,1,1520.7,2025-12-08 00:35:05,54068.0,,35,5,1,1784.364624,2025-12-08 00:36:05
35,6,1,1523.5,2025-12-08 00:35:06,53067.0,,35,6,1,1891.361328,2025-12-08 00:36:06
35,7,1,1521.3,2025-12-08 00:35:07,52065.0,,35,7,1,2037.211914,2025-12-08 00:36:07
35,8,1,1517.6,2025-12-08 00:35:08,51063.0,,35,8,1,2232.52002,2025-12-08 00:36:08
35,9,1,1518.9,2025-12-08 00:35:09,50062.0,,35,9,1,2485.356934,2025-12-08 00:36:09
35,10,1,1522.4,2025-12-08 00:35:10,49061.0,,35,10,1,2793.617432,2025-12-08 00:36:10
35,11,1,1523.3,2025-12-08 00:35:11,48060.0,,35,11,1,3136.012207,2025-12-08 00:36:11
35,12,1,1519.8,2025-12-08 00:35:12,47059.0,,35,12,1,3472.513672,2025-12-08 00:36:12
35,13,1,1523.3,2025-12-08 00:35:13,46058.0,,35,13,1,3761.875244,2025-12-08 00:36:13
35,14,1,1526.5,2025-12-08 00:35:14,45058.0,,35,14,1,3982.357178,2025-12-08 00:36:14
35,15,1,1519.8,2025-12-08 00:35:15,44057.0,,35,15,1,4135.875977,2025-12-08 00:36:15
35,16,1,1519.1,2025-12-08 00:35:16,43056.0,,35,16,1,4237.319824,2025-12-08 00:36:16
35,17,1,1521.0,2025-12-08 00:35:17,42055.0,,35,17,1,4303.158691,2025-12-08 00:36:17
35,18,1,1520.3,2025-12-08 00:35:18,41054.0,,35,18,1,4346.177246,2025-12-08 00:36:18
35,19,1,1529.5,2025-12-08 00:35:19,40053.0,,35,19,1,4374.879883,2025-12-08 00:36:19
35,20,1,1527.6,2025-12-08 00:35:20,39052.0,,35,20,1,4394.54541,2025-12-08 00:36:20
35,21,1,1523.7,2025-12-08 00:35:21,38051.0,,35,21,1,4408.388184,2025-12-08 00:36:21
35,22,1,1524.2,2025-12-08 00:35:22,37050.0,,35,22,1,4418.37207,2025-12-08 00:36:22
35,23,1,1524.8,2025-12-08 00:35:23,36049.0,,35,23,1,4425.726074,2025-12-08 00:36:23
35,24,1,1529.5,2025-12-08 00:35:24,35048.0,,35,24,1,4431.23877,2025-12-08 00:36:24
35,25,1,1520.8,2025-12-08 00:35:25,34047.0,,35,25,1,4435.433594,2025-12-08 00:36:25
35,26,1,1523.0,2025-12-08 00:35:26,33047.0,,35,26,1,4438.664062,2025-12-08 00:36:26
35,27,1,1520.7,2025-12-08 00:35:27,32046.0,,35,27,1,4441.178711,2025-12-08 00:36:27
35,28,1,1524.3,2025-12-08 00:35:28,31045.0,,35,28,1,4443.15332,2025-12-08 00:36:28
35,29,1,1522.0,2025-12-08 00:35:29,30044.0,,35,29,1,4444.717285,2025-12-08 00:36:29
35,30,1,1519.0,2025-12-08 00:35:30,29043.0,,35,30,1,4445.963379,2025-12-08 00:36:30
35,31,1,1522.3,2025-12-08 00:35:31,28042.0,,35,31,1,4446.962891,2025-12-08 00:36:31
35,32,1,1524.5,2025-12-08 00:35:32,27041.0,,35,32,1,4447.77002,2025-12-08 00:36:32
35,33,1,1541.1,2025-12-08 00:35:33,26039.0,,35,33,1,4448.424316,2025-12-08 00:36:33
35,34,1,1521.6,2025-12-08 00:35:34,25038.0,,35,34,1,4448.958008,2025-12-08 00:36:34
35,35,1,1523.3,2025-12-08 00:35:35,24037.0,,35,35,1,4449.395508,2025-12-08 00:36:35
35,36,1,1521.8,2025-12-08 00:35:36,23036.0,,35,36,1,4449.754883,2025-12-08 00:36:36
35,37,1,1522.9,2025-12-08 00:35:37,22035.0,,35,37,1,4450.051758,2025-12-08 00:36:37
35,38,1,1525.7,2025-12-08 00:35:38,21034.0,,35,38,1,4450.29834,2025-12-08 00:36:38
35,39,1,1524.3,2025-12-08 00:35:39,20032.0,,35,39,1,4450.503906,2025-12-08 00:36:39
35,40,1,1524.2,2025-12-08 00:35:40,19031.0,,35,40,1,4450.675293,2025-12-08 00:36:40
35,41,1,1525.9,2025-12-08 00:35:41,18029.0,,35,41,1,4450.820312,2025-12-08 00:36:41
35,42,1,1525.4,2025-12-08 00:35:42,17028.0,,35,42,1,4450.942383,2025-12-08 00:36:42
35,43,1,1526.2,2025-12-08 00:35:43,16027.0,,35,43,1,4451.044922,2025-12-08 00:36:43
35,44,1,1525.9,2025-12-08 00:35:44,15026.0,,35,44,1,4451.131836,2025-12-08 00:36:44
35,45,1,1520.6,2025-12-08 00:35:45,14025.0,,35,45,1,4451.207031,2025-12-08 00:36:45
35,46,1,1525.0,2025-12-08 00:35:46,13024.0,,35,46,1,4451.271973,2025-12-08 00:36:46
35,47,1,1524.4,2025-12-08 00:35:47,12023.0,,35,47,1,4451.326172,2025-12-08 00:36:47
35,48,1,1523.6,2025-12-08 00:35:48,11022.0,,35,48,1,4451.374512,2025-12-08 00:36:48
35,49,1,1526.8,2025-12-08 00:35:49,10021.0,,35,49,1,4451.416016,2025-12-08 00:36:49
35,50,1,1524.9,2025-12-08 00:35:50,9020.0,,35,50,1,4451.45166,2025-12-08 00:36:50
35,51,1,1524.3,2025-12-08 00:35:51,8018.0,,35,51,1,4451.482422,2025-12-08 00:36:51
35,52,1,1526.6,2025-12-08 00:35:52,7017.0,,35,52,1,4451.509277,2025-12-08 00:36:52
35,53,1,1527.5,2025-12-08 00:35:53,6016.0,,35,53,1,4451.53125,2025-12-08 00:36:53
35,54,1,1527.6,2025-12-08 00:35:54,5015.0,,35,54,1,4451.55127,2025-12-08 00:36:54
35,55,1,1527.3,2025-12-08 00:35:55,4011.0,,35,55,1,4451.566406,2025-12-08 00:36:55
35,56,1,1527.1,2025-12-08 00:35:56,3010.0,,35,56,1,4451.578613,2025-12-08 00:36:56
35,57,1,1533.5,2025-12-08 00:35:57,2009.0,,35,57,1,4451.589844,2025-12-08 00:36:57
35,58,1,1528.3,2025-12-08 00:35:58,1008.0,,35,58,1,4451.598145,2025-12-08 00:36:58
35,59,1,1527.9,2025-12-08 00:35:59,7.0,,35,59,1,4451.60498,2025-12-08 00:36:59
36,0,1,1537.2,2025-12-08 00:36:00,59091.0,,36,0,1,1567.609985,2025-12-08 00:37:00
36,1,1,1529.7,2025-12-08 00:36:01,58090.0,,36,1,1,1586.912109,2025-12-08 00:37:01
36,2,1,1530.8,2025-12-08 00:36:02,57087.0,,36,2,1,1615.759155,2025-12-08 00:37:02
36,3,1,1525.8,2025-12-08 00:36:03,56085.0,,36,3,1,1657.105469,2025-12-08 00:37:03
36,4,1,1528.6,2025-12-08 00:36:04,55084.0,,36,4,1,1715.151855,2025-12-08 00:37:04
36,5,1,1529.8,2025-12-08 00:36:05,54083.0,,36,5,1,1795.722778,2025-12-08 00:37:05
36,6,1,1521.7,2025-12-08 00:36:06,53082.0,,36,6,1,1906.607178,2025-12-08 00:37:06
36,7,1,1524.4,2025-12-08 00:36:07,52081.0,,36,7,1,2057.57373,2025-12-08 00:37:07
36,8,1,1527.5,2025-12-08 00:36:08,51080.0,,36,8,1,2259.186768,2025-12-08 00:37:08
36,9,1,1530.2,2025-12-08 00:36:09,50080.0,,36,9,1,2518.809814,2025-12-08 00:37:09
36,10,1,1527.8,2025-12-08 00:36:10,49079.0,,36,10,1,2832.511963,2025-12-08 00:37:10
36,11,1,1525.9,2025-12-08 00:36:11,48078.0,,36,11,1,3176.478271,2025-12-08 00:37:11
36,12,1,1525.5,2025-12-08 00:36:12,47077.0,,36,12,1,3509.358154,2025-12-08 00:37:12
36,13,1,1527.5,2025-12-08 00:36:13,46077.0,,36,13,1,3791.302246,2025-12-08 00:37:13
36,14,1,1524.6,2025-12-08 00:36:14,45075.0,,36,14,1,4003.5,2025-12-08 00:37:14
36,15,1,1522.8,2025-12-08 00:36:15,44074.0,,36,15,1,4150.065918,2025-12-08 00:37:15
36,16,1,1527.3,2025-12-08 00:36:16,43073.0,,36,16,1,4246.555664,2025-12-08 00:37:16
36,17,1,1527.9,2025-12-08 00:36:17,42072.0,,36,17,1,4309.161621,2025-12-08 00:37:17
36,18,1,1543.4,2025-12-08 00:36:18,41070.0,,36,18,1,4350.144531,2025-12-08 00:37:18
36,19,1,1530.6,2025-12-08 00:36:19,40068.0,,36,19,1,4377.569824,2025-12-08 00:37:19
36,20,1,1528.8,2025-12-08 00:36:20,39068.0,,36,20,1,4396.42041,2025-12-08 00:37:20
36,21,1,1532.2,2025-12-08 00:36:21,38067.0,,36,21,1,4409.728027,2025-12-08 00:37:21
36,22,1,1526.7,2025-12-08 00:36:22,37065.0,,36,22,1,4419.352539,2025-12-08 00:37:22
36,23,1,1524.8,2025-12-08 00:36:23,36064.0,,36,23,1,4426.456055,2025-12-08 00:37:23
36,24,1,1526.2,2025-12-08 00:36:24,35063.0,,36,24,1,4431.791992,2025-12-08 00:37:24
36,25,1,1527.5,2025-12-08 00:36:25,34062.0,,36,25,1,4435.857422,2025-12-08 00:37:25
36,26,1,1526.9,2025-12-08 00:36:26,33061.0,,36,26,1,4438.993164,2025-12-08 00:37:26
36,27,1,1523.7,2025-12-08 00:36:27,32060.0,,36,27,1,4441.436035,2025-12-08 00:37:27
36,28,1,1529.4,2025-12-08 00:36:28,31058.0,,36,28,1,4443.357422,2025-12-08 00:37:28
36,29,1,1525.0,2025-12-08 00:36:29,30058.0,,36,29,1,4444.878906,2025-12-08 00:37:29
36,30,1,1527.3,2025-12-08 00:36:30,29056.0,,36,30,1,4446.092285,2025-12-08 00:37:30
36,31,1,1524.3,2025-12-08 00:36:31,28055.0,,36,31,1,4447.067871,2025-12-08 00:37:31
36,32,1,1525.4,2025-12-08 00:36:32,27054.0,,36,32,1,4447.85498,2025-12-08 00:37:32
36,33,1,1528.4,2025-12-08 00:36:33,26053.0,,36,33,1,4448.493164,2025-12-08 00:37:33
36,34,1,1529.9,2025-12-08 00:36:34,25052.0,,36,34,1,4449.014648,2025-12-08 00:37:34
36,35,1,1526.1,2025-12-08 00:36:35,24051.0,,36,35,1,4449.441895,2025-12-08 00:37:35
36,36,1,1530.8,2025-12-08 00:36:36,23047.0,,36,36,1,4449.793457,2025-12-08 00:37:36
36,37,1,1528.4,2025-12-08 00:36:37,22045.0,,36,37,1,4450.083984,2025-12-08 00:37:37
36,38,1,1526.8,2025-12-08 00:36:38,21044.0,,36,38,1,4450.325195,2025-12-08 00:37:38
36,39,1,1528.1,2025-12-08 00:36:39,20043.0,,36,39,1,4450.526367,2025-12-08 00:37:39
36,40,1,1529.7,2025-12-08 00:36:40,19041.0,,36,40,1,4450.694824,2025-12-08 00:37:40
36,41,1,1528.7,2025-12-08 00:36:41,18039.0,,36,41,1,4450.835938,2025-12-08 00:37:41
36,42,1,1528.9,2025-12-08 00:36:42,17038.0,,36,42,1,4450.955078,2025-12-08 00:37:42
36,43,1,1531.9,2025-12-08 00:36:43,16036.0,,36,43,1,4451.055664,2025-12-08 00:37:43
36,44,1,1531.6,2025-12-08 00:36:44,15035.0,,36,44,1,4451.142578,2025-12-08 00:37:44
36,45,1,1530.5,2025-12-08 00:36:45,14034.0,,36,45,1,4451.21582,2025-12-08 00:37:45
36,46,1,1531.2,2025-12-08 00:36:46,13033.0,,36,46,1,4451.278809,2025-12-08 00:37:46
36,47,1,1531.3,2025-12-08 00:36:47,12031.0,,36,47,1,4451.333008,2025-12-08 00:37:47
36,48,1,1525.1,2025-12-08 00:36:48,11030.0,,36,48,1,4451.379883,2025-12-08 00:37:48
36,49,1,1527.1,2025-12-08 00:36:49,10029.0,,36,49,1,4451.42041,2025-12-08 00:37:49
36,50,1,1526.8,2025-12-08 00:36:50,9028.0,,36,50,1,4451.455566,2025-12-08 00:37:50
36,51,1,1529.1,2025-12-08 00:36:51,8027.0,,36,51,1,4451.486328,2025-12-08 00:37:51
36,52,1,1532.5,2025-12-08 00:36:52,7025.0,,36,52,1,4451.511719,2025-12-08 00:37:52
36,53,1,1526.9,2025-12-08 00:36:53,6024.0,,36,53,1,4451.533203,2025-12-08 00:37:53
36,54,1,1543.2,2025-12-08 00:36:54,5022.0,,36,54,1,4451.552246,2025-12-08 00:37:54
36,55,1,1526.1,2025-12-08 00:36:55,4021.0,,36,55,1,4451.567871,2025-12-08 00:37:55
36,56,1,1524.3,2025-12-08 00:36:56,3018.0,,36,56,1,4451.580566,2025-12-08 00:37:56
36,57,1,1528.9,2025-12-08 00:36:57,2015.0,,36,57,1,4451.59082,2025-12-08 00:37:57
36,58,1,1535.2,2025-12-08 00:36:58,1010.0,,36,58,1,4451.599609,2025-12-08 00:37:58
36,59,1,1535.6,2025-12-08 00:36:59,9.0,,36,59,1,4451.606445,2025-12-08 00:37:59
37,0,1,1531.8,2025-12-08 00:37:00,59275.0,,37,0,1,1823.356079,2025-12-08 00:38:00
37,1,1,1536.7,2025-12-08 00:37:01,58274.0,,37,1,1,1888.57373,2025-12-08 00:38:01
37,2,1,1535.9,2025-12-08 00:37:02,57272.0,,37,2,1,1990.430664,2025-12-08 00:38:02
37,3,1,1533.4,2025-12-08 00:37:03,56270.0,,37,3,1,2138.076416,2025-12-08 00:38:03
37,4,1,1531.1,2025-12-08 00:37:04,55269.0,,37,4,1,2341.415527,2025-12-08 00:38:04
37,5,1,1532.3,2025-12-08 00:37:05,54268.0,,37,5,1,2606.112793,2025-12-08 00:38:05
37,6,1,1531.0,2025-12-08 00:37:06,53266.0,,37,6,1,2924.215088,2025-12-08 00:38:06
37,7,1,1532.6,2025-12-08 00:37:07,52266.0,,37,7,1,3266.418701,2025-12-08 00:38:07
37,8,1,1527.1,2025-12-08 00:37:08,51265.0,,37,8,1,3588.577881,2025-12-08 00:38:08
37,9,1,1524.9,2025-12-08 00:37:09,50263.0,,37,9,1,3853.628174,2025-12-08 00:38:09
37,10,1,1529.0,2025-12-08 00:37:10,49262.0,,37,10,1,4048.296875,2025-12-08 00:38:10
37,11,1,1530.8,2025-12-08 00:37:11,48261.0,,37,11,1,4180.537598,2025-12-08 00:38:11
37,12,1,1529.8,2025-12-08 00:37:12,47260.0,,37,12,1,4266.863281,2025-12-08 00:38:12
37,13,1,1532.6,2025-12-08 00:37:13,46259.0,,37,13,1,4322.763184,2025-12-08 00:38:13
37,14,1,1531.1,2025-12-08 00:37:14,45258.0,,37,14,1,4359.4375,2025-12-08 00:38:14
37,15,1,1528.4,2025-12-08 00:37:15,44255.0,,37,15,1,4384.086426,2025-12-08 00:38:15
37,16,1,1528.5,2025-12-08 00:37:16,43254.0,,37,16,1,4401.112793,2025-12-08 00:38:16
37,17,1,1529.8,2025-12-08 00:37:17,42253.0,,37,17,1,4413.19043,2025-12-08 00:38:17
37,18,1,1531.8,2025-12-08 00:37:18,41252.0,,37,18,1,4421.960938,2025-12-08 00:38:18
37,19,1,1537.2,2025-12-08 00:37:19,40251.0,,37,19,1,4428.458496,2025-12-08 00:38:19
37,20,1,1534.3,2025-12-08 00:37:20,39250.0,,37,20,1,4433.351074,2025-12-08 00:38:20
37,21,1,1531.6,2025-12-08 00:37:21,38249.0,,37,21,1,4437.087402,2025-12-08 00:38:21
37,22,1,1530.7,2025-12-08 00:37:22,37248.0,,37,22,1,4439.974121,2025-12-08 00:38:22
37,23,1,1528.8,2025-12-08 00:37:23,36247.0,,37,23,1,4442.225586,2025-12-08 00:38:23
37,24,1,1529.2,2025-12-08 00:37:24,35246.0,,37,24,1,4443.998047,2025-12-08 00:38:24
37,25,1,1544.2,2025-12-08 00:37:25,34245.0,,37,25,1,4445.40332,2025-12-08 00:38:25
37,26,1,1528.4,2025-12-08 00:37:26,33243.0,,37,26,1,4446.523926,2025-12-08 00:38:26
37,27,1,1527.6,2025-12-08 00:37:27,32242.0,,37,27,1,4447.424805,2025-12-08 00:38:27
37,28,1,1531.5,2025-12-08 00:37:28,31241.0,,37,28,1,4448.151855,2025-12-08 00:38:28
37,29,1,1530.7,2025-12-08 00:37:29,30240.0,,37,29,1,4448.742188,2025-12-08 00:38:29
37,30,1,1528.7,2025-12-08 00:37:30,29239.0,,37,30,1,4449.222656,2025-12-08 00:38:30
37,31,1,1530.9,2025-12-08 00:37:31,28238.0,,37,31,1,4449.617676,2025-12-08 00:38:31
37,32,1,1528.8,2025-12-08 00:37:32,27237.0,,37,32,1,4449.942383,2025-12-08 00:38:32
37,33,1,1539.1,2025-12-08 00:37:33,26236.0,,37,33,1,4450.211426,2025-12-08 00:38:33
37,34,1,1532.2,2025-12-08 00:37:34,25234.0,,37,34,1,4450.434082,2025-12-08 00:38:34
37,35,1,1532.9,2025-12-08 00:37:35,24234.0,,37,35,1,4450.619629,2025-12-08 00:38:35
37,36,1,1528.8,2025-12-08 00:37:36,23230.0,,37,36,1,4450.774902,2025-12-08 00:38:36
37,37,1,1531.8,2025-12-08 00:37:37,22229.0,,37,37,1,4450.904785,2025-12-08 00:38:37
37,38,1,1532.2,2025-12-08 00:37:38,21226.0,,37,38,1,4451.015625,2025-12-08 00:38:38
37,39,1,1532.6,2025-12-08 00:37:39,20226.0,,37,39,1,4451.108398,2025-12-08 00:38:39
37,40,1,1537.2,2025-12-08 00:37:40,19225.0,,37,40,1,4451.187988,2025-12-08 00:38:40
37,41,1,1538.3,2025-12-08 00:37:41,18223.0,,37,41,1,4451.255859,2025-12-08 00:38:41
37,42,1,1528.5,2025-12-08 00:37:42,17222.0,,37,42,1,4451.312988,2025-12-08 00:38:42
37,43,1,1532.0,2025-12-08 00:37:43,16221.0,,37,43,1,4451.36377,2025-12-08 00:38:43
37,44,1,1531.0,2025-12-08 00:37:44,15219.0,,37,44,1,4451.40625,2025-12-08 00:38:44
37,45,1,1533.5,2025-12-08 00:37:45,14218.0,,37,45,1,4451.443848,2025-12-08 00:38:45
37,46,1,1534.7,2025-12-08 00:37:46,13217.0,,37,46,1,4451.475586,2025-12-08 00:38:46
37,47,1,1537.7,2025-12-08 00:37:47,12166.0,,37,47,1,4451.50293,2025-12-08 00:38:47
37,48,1,1631.7,2025-12-08 00:37:48,11145.0,,37,48,1,4451.526855,2025-12-08 00:38:48
37,49,1,1659.2,2025-12-08 00:37:49,10142.0,,37,49,1,4451.546875,2025-12-08 00:38:49
37,50,1,1660.0,2025-12-08 00:37:50,9141.0,,37,50,1,4451.563477,2025-12-08 00:38:50
37,51,1,1666.0,2025-12-08 00:37:51,8124.0,,37,51,1,4451.57666,2025-12-08 00:38:51
37,52,1,1666.8,2025-12-08 00:37:52,7081.0,,37,52,1,4451.588867,2025-12-08 00:38:52
37,53,1,1664.8,2025-12-08 00:37:53,6055.0,,37,53,1,4451.597168,2025-12-08 00:38:53
37,54,1,1673.2,2025-12-08 00:37:54,5054.0,,37,54,1,4451.604004,2025-12-08 00:38:54
37,55,1,1667.1,2025-12-08 00:37:55,4025.0,,37,55,1,4451.609863,2025-12-08 00:38:55
37,56,1,1666.1,2025-12-08 00:37:56,3025.0,,37,56,1,4451.614746,2025-12-08 00:38:56
37,57,1,1664.7,2025-12-08 00:37:57,2024.0,,37,57,1,4451.619141,2025-12-08 00:38:57
37,58,1,1671.5,2025-12-08 00:37:58,1022.0,,37,58,1,4451.622559,2025-12-08 00:38:58
37,59,1,1665.3,2025-12-08 00:37:59,19.0,,37,59,1,4451.625,2025-12-08 00:38:59
38,0,1,1679.5,2025-12-08 00:38:00,59089.0,,38,0,1,1782.697998,2025-12-08 00:39:00
38,1,1,1665.9,2025-12-08 00:38:01,58086.0,,38,1,1,1844.744751,2025-12-08 00:39:01
38,2,1,1666.8,2025-12-08 00:38:02,57084.0,,38,2,1,1938.99585,2025-12-08 00:39:02
38,3,1,1663.1,2025-12-08 00:38:03,56079.0,,38,3,1,2074.500732,2025-12-08 00:39:03
38,4,1,1663.3,2025-12-08 00:38:04,55073.0,,38,4,1,2261.641113,2025-12-08 00:39:04
38,5,1,1661.5,2025-12-08 00:38:05,54072.0,,38,5,1,2508.459473,2025-12-08 00:39:05
38,6,1,1664.1,2025-12-08 00:38:06,53071.0,,38,6,1,2812.629395,2025-12-08 00:39:06
38,7,1,1666.0,2025-12-08 00:38:07,52070.0,,38,7,1,3152.174561,2025-12-08 00:39:07
38,8,1,1664.1,2025-12-08 00:38:08,51069.0,,38,8,1,3486.161133,2025-12-08 00:39:08
38,9,1,1664.5,2025-12-08 00:38:09,50068.0,,38,9,1,3772.887207,2025-12-08 00:39:09
38,10,1,1662.7,2025-12-08 00:38:10,49067.0,,38,10,1,3990.767578,2025-12-08 00:39:10
38,11,1,1664.4,2025-12-08 00:38:11,48065.0,,38,11,1,4142.04834,2025-12-08 00:39:11
38,12,1,1664.9,2025-12-08 00:38:12,47064.0,,38,12,1,4241.775879,2025-12-08 00:39:12
38,13,1,1668.8,2025-12-08 00:38:13,46062.0,,38,13,1,4306.384766,2025-12-08 00:39:13
38,14,1,1664.4,2025-12-08 00:38:14,45061.0,,38,14,1,4348.54834,2025-12-08 00:39:14
38,15,1,1661.9,2025-12-08 00:38:15,44060.0,,38,15,1,4376.656738,2025-12-08 00:39:15
38,16,1,1665.5,2025-12-08 00:38:16,43058.0,,38,16,1,4395.905273,2025-12-08 00:39:16
38,17,1,1666.3,2025-12-08 00:38:17,42057.0,,38,17,1,4409.448242,2025-12-08 00:39:17
38,18,1,1665.9,2025-12-08 00:38:18,41056.0,,38,18,1,4419.212402,2025-12-08 00:39:18
38,19,1,1669.9,2025-12-08 00:38:19,40055.0,,38,19,1,4426.402344,2025-12-08 00:39:19
38,20,1,1667.7,2025-12-08 00:38:20,39051.0,,38,20,1,4431.789551,2025-12-08 00:39:20
38,21,1,1661.1,2025-12-08 00:38:21,38050.0,,38,21,1,4435.88623,2025-12-08 00:39:21
38,22,1,1666.3,2025-12-08 00:38:22,37049.0,,38,22,1,4439.040527,2025-12-08 00:39:22
38,23,1,1667.2,2025-12-08 00:38:23,36047.0,,38,23,1,4441.493652,2025-12-08 00:39:23
38,24,1,1664.1,2025-12-08 00:38:24,35046.0,,38,24,1,4443.418945,2025-12-08 00:39:24
38,25,1,1664.6,2025-12-08 00:38:25,34046.0,,38,25,1,4444.940918,2025-12-08 00:39:25
38,26,1,1662.8,2025-12-08 00:38:26,33045.0,,38,26,1,4446.153809,2025-12-08 00:39:26
38,27,1,1665.3,2025-12-08 00:38:27,32043.0,,38,27,1,4447.125488,2025-12-08 00:39:27
38,28,1,1665.8,2025-12-08 00:38:28,31042.0,,38,28,1,4447.90918,2025-12-08 00:39:28
38,29,1,1662.6,2025-12-08 00:38:29,30041.0,,38,29,1,4448.544922,2025-12-08 00:39:29
38,30,1,1663.1,2025-12-08 00:38:30,29040.0,,38,30,1,4449.061523,2025-12-08 00:39:30
38,31,1,1661.6,2025-12-08 00:38:31,28039.0,,38,31,1,4449.484863,2025-12-08 00:39:31
38,32,1,1664.1,2025-12-08 00:38:32,27038.0,,38,32,1,4449.833496,2025-12-08 00:39:32
38,33,1,1673.3,2025-12-08 00:38:33,26037.0,,38,33,1,4450.120117,2025-12-08 00:39:33
38,34,1,1663.3,2025-12-08 00:38:34,25036.0,,38,34,1,4450.35791,2025-12-08 00:39:34
38,35,1,1664.0,2025-12-08 00:38:35,24035.0,,38,35,1,4450.556641,2025-12-08 00:39:35
38,36,1,1663.0,2025-12-08 00:38:36,23033.0,,38,36,1,4450.72168,2025-12-08 00:39:36
38,37,1,1666.4,2025-12-08 00:38:37,22032.0,,38,37,1,4450.860352,2025-12-08 00:39:37
38,38,1,1674.0,2025-12-08 00:38:38,21030.0,,38,38,1,4450.977539,2025-12-08 00:39:38
38,39,1,1665.0,2025-12-08 00:38:39,20030.0,,38,39,1,4451.076172,2025-12-08 00:39:39
38,40,1,1665.6,2025-12-08 00:38:40,19028.0,,38,40,1,4451.159668,2025-12-08 00:39:40
38,41,1,1664.3,2025-12-08 00:38:41,18028.0,,38,41,1,4451.230957,2025-12-08 00:39:41
38,42,1,1666.5,2025-12-08 00:38:42,17027.0,,38,42,1,4451.29248,2025-12-08 00:39:42
38,43,1,1666.6,2025-12-08 00:38:43,16025.0,,38,43,1,4451.345215,2025-12-08 00:39:43
38,44,1,1666.8,2025-12-08 00:38:44,15024.0,,38,44,1,4451.391113,2025-12-08 00:39:44
38,45,1,1670.5,2025-12-08 00:38:45,14023.0,,38,45,1,4451.429688,2025-12-08 00:39:45
38,46,1,1667.3,2025-12-08 00:38:46,13022.0,,38,46,1,4451.463867,2025-12-08 00:39:46
38,47,1,1667.0,2025-12-08 00:38:47,12021.0,,38,47,1,4451.493652,2025-12-08 00:39:47
38,48,1,1677.0,2025-12-08 00:38:48,11020.0,,38,48,1,4451.518555,2025-12-08 00:39:48
38,49,1,1664.4,2025-12-08 00:38:49,10019.0,,38,49,1,4451.539062,2025-12-08 00:39:49
38,50,1,1662.4,2025-12-08 00:38:50,9018.0,,38,50,1,4451.557617,2025-12-08 00:39:50
38,51,1,1663.9,2025-12-08 00:38:51,8017.0,,38,51,1,4451.572754,2025-12-08 00:39:51
38,52,1,1666.7,2025-12-08 00:38:52,7016.0,,38,52,1,4451.584961,2025-12-08 00:39:52
38,53,1,1667.0,2025-12-08 00:38:53,6015.0,,38,53,1,4451.594238,2025-12-08 00:39:53
38,54,1,1663.1,2025-12-08 00:38:54,5014.0,,38,54,1,4451.602051,2025-12-08 00:39:54
38,55,1,1667.3,2025-12-08 00:38:55,4013.0,,38,55,1,4451.608398,2025-12-08 00:39:55
38,56,1,1665.2,2025-12-08 00:38:56,3012.0,,38,56,1,4451.612793,2025-12-08 00:39:56
38,57,1,1668.4,2025-12-08 00:38:57,2011.0,,38,57,1,4451.617676,2025-12-08 00:39:57
38,58,1,1669.4,2025-12-08 00:38:58,1010.0,,38,58,1,4451.621582,2025-12-08 00:39:58
38,59,1,1668.2,2025-12-08 00:38:59,9.0,,38,59,1,4451.624023,2025-12-08 00:39:59
39,0,1,1669.7,2025-12-08 00:39:00,59121.0,,39,0,1,747.373352,2025-12-08 00:40:00
39,1,1,1670.2,2025-12-08 00:39:01,58120.0,,39,1,1,756.037659,2025-12-08 00:40:01
39,2,1,1667.3,2025-12-08 00:39:02,57119.0,,39,2,1,766.414062,2025-12-08 00:40:02
39,3,1,1668.4,2025-12-08 00:39:03,56115.0,,39,3,1,777.637817,2025-12-08 00:40:03
39,4,1,1670.6,2025-12-08 00:39:04,55114.0,,39,4,1,789.303406,2025-12-08 00:40:04
39,5,1,1664.3,2025-12-08 00:39:05,54113.0,,39,5,1,801.135193,2025-12-08 00:40:05
39,6,1,1665.8,2025-12-08 00:39:06,53111.0,,39,6,1,812.945801,2025-12-08 00:40:06
39,7,1,1668.4,2025-12-08 00:39:07,52111.0,,39,7,1,824.608704,2025-12-08 00:40:07
39,8,1,1666.1,2025-12-08 00:39:08,51110.0,,39,8,1,836.039124,2025-12-08 00:40:08
39,9,1,1665.2,2025-12-08 00:39:09,50109.0,,39,9,1,847.181702,2025-12-08 00:40:09
39,10,1,1669.5,2025-12-08 00:39:10,49107.0,,39,10,1,858.002258,2025-12-08 00:40:10
39,11,1,1664.1,2025-12-08 00:39:11,48107.0,,39,11,1,868.480896,2025-12-08 00:40:11
39,12,1,1666.9,2025-12-08 00:39:12,47105.0,,39,12,1,878.609009,2025-12-08 00:40:12
39,13,1,1666.7,2025-12-08 00:39:13,46104.0,,39,13,1,888.385376,2025-12-08 00:40:13
39,14,1,1667.8,2025-12-08 00:39:14,45103.0,,39,14,1,897.814026,2025-12-08 00:40:14
39,15,1,1668.4,2025-12-08 00:39:15,44102.0,,39,15,1,906.902832,2025-12-08 00:40:15
39,16,1,1668.0,2025-12-08 00:39:16,43100.0,,39,16,1,915.662231,2025-12-08 00:40:16
39,17,1,1668.9,2025-12-08 00:39:17,42099.0,,39,17,1,924.104431,2025-12-08 00:40:17
39,18,1,1668.1,2025-12-08 00:39:18,41097.0,,39,18,1,932.242432,2025-12-08 00:40:18
39,19,1,1676.5,2025-12-08 00:39:19,40094.0,,39,19,1,940.0896,2025-12-08 00:40:19
39,20,1,1696.8,2025-12-08 00:39:20,39092.0,,39,20,1,947.659546,2025-12-08 00:40:20
39,21,1,1692.1,2025-12-08 00:39:21,38091.0,,39,21,1,954.965759,2025-12-08 00:40:21
39,22,1,1672.9,2025-12-08 00:39:22,37089.0,,39,22,1,962.021301,2025-12-08 00:40:22
39,23,1,1673.2,2025-12-08 00:39:23,36086.0,,39,23,1,968.838745,2025-12-08 00:40:23
39,24,1,1669.3,2025-12-08 00:39:24,35085.0,,39,24,1,975.430237,2025-12-08 00:40:24
39,25,1,1677.2,2025-12-08 00:39:25,34080.0,,39,25,1,981.807129,2025-12-08 00:40:25
39,26,1,1673.1,2025-12-08 00:39:26,33077.0,,39,26,1,987.980591,2025-12-08 00:40:26
39,27,1,1676.4,2025-12-08 00:39:27,32076.0,,39,27,1,993.960876,2025-12-08 00:40:27
39,28,1,1697.0,2025-12-08 00:39:28,31075.0,,39,28,1,999.757446,2025-12-08 00:40:28
39,29,1,1671.9,2025-12-08 00:39:29,30074.0,,39,29,1,1005.379639,2025-12-08 00:40:29
39,30,1,1672.0,2025-12-08 00:39:30,29073.0,,39,30,1,1010.835693,2025-12-08 00:40:30
39,31,1,1679.2,2025-12-08 00:39:31,28069.0,,39,31,1,1016.133606,2025-12-08 00:40:31
39,32,1,1678.2,2025-12-08 00:39:32,27067.0,,39,32,1,1021.281067,2025-12-08 00:40:32
39,33,1,1678.6,2025-12-08 00:39:33,26066.0,,39,33,1,1026.28479,2025-12-08 00:40:33
39,34,1,1681.3,2025-12-08 00:39:34,25065.0,,39,34,1,1031.151367,2025-12-08 00:40:34
39,35,1,1565.7,2025-12-08 00:39:35,24061.0,,39,35,1,1035.886841,2025-12-08 00:40:35
39,36,1,1537.8,2025-12-08 00:39:36,23060.0,,39,36,1,1040.496704,2025-12-08 00:40:36
39,37,1,1548.6,2025-12-08 00:39:37,22059.0,,39,37,1,1044.986572,2025-12-08 00:40:37
39,38,1,1557.3,2025-12-08 00:39:38,21058.0,,39,38,1,1049.361572,2025-12-08 00:40:38
39,39,1,1549.9,2025-12-08 00:39:39,20057.0,,39,39,1,1053.626465,2025-12-08 00:40:39
39,40,1,1504.0,2025-12-08 00:39:40,19055.0,,39,40,1,1057.785522,2025-12-08 00:40:40
39,41,1,677.2,2025-12-08 00:39:41,18054.0,,39,41,1,1061.843384,2025-12-08 00:40:41
39,42,1,684.1,2025-12-08 00:39:42,17053.0,,39,42,1,1065.802612,2025-12-08 00:40:42
39,43,1,690.4,2025-12-08 00:39:43,16052.0,,39,43,1,1069.668823,2025-12-08 00:40:43
39,44,1,715.3,2025-12-08 00:39:44,15051.0,,39,44,1,1073.445435,2025-12-08 00:40:44
39,45,1,689.8,2025-12-08 00:39:45,14050.0,,39,45,1,1077.13562,2025-12-08 00:40:45
39,46,1,689.5,2025-12-08 00:39:46,13049.0,,39,46,1,1080.742432,2025-12-08 00:40:46
39,47,1,691.2,2025-12-08 00:39:47,12048.0,,39,47,1,1084.269165,2025-12-08 00:40:47
39,48,1,691.5,2025-12-08 00:39:48,11047.0,,39,48,1,1087.718506,2025-12-08 00:40:48
39,49,1,690.4,2025-12-08 00:39:49,10045.0,,39,49,1,1091.093262,2025-12-08 00:40:49
39,50,1,689.3,2025-12-08 00:39:50,9044.0,,39,50,1,1094.395996,2025-12-08 00:40:50
39,51,1,687.5,2025-12-08 00:39:51,8042.0,,39,51,1,1097.629028,2025-12-08 00:40:51
39,52,1,691.4,2025-12-08 00:39:52,7038.0,,39,52,1,1100.794922,2025-12-08 00:40:52
39,53,1,689.0,2025-12-08 00:39:53,6037.0,,39,53,1,1103.895874,2025-12-08 00:40:53
39,54,1,690.0,2025-12-08 00:39:54,5036.0,,39,54,1,1106.93396,2025-12-08 00:40:54
39,55,1,688.6,2025-12-08 00:39:55,4035.0,,39,55,1,1109.911499,2025-12-08 00:40:55
39,56,1,689.9,2025-12-08 00:39:56,3033.0,,39,56,1,1112.8302,2025-12-08 00:40:56
39,57,1,693.2,2025-12-08 00:39:57,2026.0,,39,57,1,1115.691895,2025-12-08 00:40:57
39,58,1,693.4,2025-12-08 00:39:58,1016.0,,39,58,1,1118.498535,2025-12-08 00:40:58
39,59,1,689.9,2025-12-08 00:39:59,14.0,,39,59,1,1121.251831,2025-12-08 00:40:59
40,0,1,690.6,2025-12-08 00:40:00,73282.0,,40,0,1,768.049622,2025-12-08 00:41:00
40,1,1,692.3,2025-12-08 00:40:01,72279.0,,40,1,1,774.441711,2025-12-08 00:41:01
40,2,1,692.7,2025-12-08 00:40:02,71277.0,,40,2,1,783.105652,2025-12-08 00:41:02
40,3,1,692.8,2025-12-08 00:40:03,70276.0,,40,3,1,792.930725,2025-12-08 00:41:03
40,4,1,717.9,2025-12-08 00:40:04,69275.0,,40,4,1,803.420044,2025-12-08 00:41:04
40,5,1,706.9,2025-12-08 00:40:05,68274.0,,40,5,1,814.239868,2025-12-08 00:41:05
40,6,1,706.3,2025-12-08 00:40:06,67272.0,,40,6,1,825.166077,2025-12-08 00:41:06
40,7,1,707.8,2025-12-08 00:40:07,66271.0,,40,7,1,836.047424,2025-12-08 00:41:07
40,8,1,707.6,2025-12-08 00:40:08,65270.0,,40,8,1,846.782104,2025-12-08 00:41:08
40,9,1,707.3,2025-12-08 00:40:09,64269.0,,40,9,1,857.302185,2025-12-08 00:41:09
40,10,1,704.2,2025-12-08 00:40:10,63268.0,,40,10,1,867.563354,2025-12-08 00:41:10
40,11,1,660.4,2025-12-08 00:40:11,62268.0,,40,11,1,877.538269,2025-12-08 00:41:11
40,12,1,660.5,2025-12-08 00:40:12,61267.0,,40,12,1,887.210999,2025-12-08 00:41:12
40,13,1,564.7,2025-12-08 00:40:13,60266.0,,40,13,1,896.574524,2025-12-08 00:41:13
40,14,1,563.9,2025-12-08 00:40:14,59264.0,,40,14,1,905.627747,2025-12-08 00:41:14
40,15,1,565.1,2025-12-08 00:40:15,58263.0,,40,15,1,914.374084,2025-12-08 00:41:15
40,16,1,562.2,2025-12-08 00:40:16,57261.0,,40,16,1,922.820068,2025-12-08 00:41:16
40,17,1,560.6,2025-12-08 00:40:17,56259.0,,40,17,1,930.974121,2025-12-08 00:41:17
40,18,1,562.9,2025-12-08 00:40:18,55258.0,,40,18,1,938.846497,2025-12-08 00:41:18
40,19,1,565.8,2025-12-08 00:40:19,54256.0,,40,19,1,946.447693,2025-12-08 00:41:19
40,20,1,601.3,2025-12-08 00:40:20,53255.0,,40,20,1,953.789246,2025-12-08 00:41:20
40,21,1,651.9,2025-12-08 00:40:21,52254.0,,40,21,1,960.882446,2025-12-08 00:41:21
40,22,1,662.5,2025-12-08 00:40:22,51253.0,,40,22,1,967.738892,2025-12-08 00:41:22
40,23,1,661.8,2025-12-08 00:40:23,50252.0,,40,23,1,974.369568,2025-12-08 00:41:23
40,24,1,661.9,2025-12-08 00:40:24,49251.0,,40,24,1,980.785156,2025-12-08 00:41:24
40,25,1,663.7,2025-12-08 00:40:25,48249.0,,40,25,1,986.996277,2025-12-08 00:41:25
40,26,1,663.5,2025-12-08 00:40:26,47247.0,,40,26,1,993.012634,2025-12-08 00:41:26
40,27,1,667.5,2025-12-08 00:40:27,46244.0,,40,27,1,998.843933,2025-12-08 00:41:27
40,28,1,671.8,2025-12-08 00:40:28,45243.0,,40,28,1,1004.498779,2025-12-08 00:41:28
40,29,1,671.0,2025-12-08 00:40:29,44242.0,,40,29,1,1009.98584,2025-12-08 00:41:29
40,30,1,678.5,2025-12-08 00:40:30,43241.0,,40,30,1,1015.31311,2025-12-08 00:41:30
40,31,1,674.8,2025-12-08 00:40:31,42240.0,,40,31,1,1020.487915,2025-12-08 00:41:31
40,32,1,671.8,2025-12-08 00:40:32,41238.0,,40,32,1,1025.517334,2025-12-08 00:41:32
40,33,1,678.6,2025-12-08 00:40:33,40237.0,,40,33,1,1030.408203,2025-12-08 00:41:33
40,34,1,680.0,2025-12-08 00:40:34,39237.0,,40,34,1,1035.166382,2025-12-08 00:41:34
40,35,1,677.8,2025-12-08 00:40:35,38235.0,,40,35,1,1039.797974,2025-12-08 00:41:35
40,36,1,682.9,2025-12-08 00:40:36,37234.0,,40,36,1,1044.30835,2025-12-08 00:41:36
40,37,1,682.2,2025-12-08 00:40:37,36233.0,,40,37,1,1048.702759,2025-12-08 00:41:37
40,38,1,682.3,2025-12-08 00:40:38,35231.0,,40,38,1,1052.985962,2025-12-08 00:41:38
40,39,1,687.6,2025-12-08 00:40:39,34230.0,,40,39,1,1057.162598,2025-12-08 00:41:39
40,40,1,686.8,2025-12-08 00:40:40,33228.0,,40,40,1,1061.237183,2025-12-08 00:41:40
40,41,1,686.2,2025-12-08 00:40:41,32227.0,,40,41,1,1065.213379,2025-12-08 00:41:41
40,42,1,688.6,2025-12-08 00:40:42,31226.0,,40,42,1,1069.095337,2025-12-08 00:41:42
40,43,1,686.7,2025-12-08 00:40:43,30225.0,,40,43,1,1072.886475,2025-12-08 00:41:43
40,44,1,686.3,2025-12-08 00:40:44,29224.0,,40,44,1,1076.590454,2025-12-08 00:41:44
40,45,1,696.0,2025-12-08 00:40:45,28220.0,,40,45,1,1080.210571,2025-12-08 00:41:45
40,46,1,688.2,2025-12-08 00:40:46,27220.0,,40,46,1,1083.749634,2025-12-08 00:41:46
40,47,1,688.8,2025-12-08 00:40:47,26219.0,,40,47,1,1087.210815,2025-12-08 00:41:47
40,48,1,689.4,2025-12-08 00:40:48,25213.0,,40,48,1,1090.596802,2025-12-08 00:41:48
40,49,1,687.2,2025-12-08 00:40:49,24210.0,,40,49,1,1093.910278,2025-12-08 00:41:49
40,50,1,688.9,2025-12-08 00:40:50,23209.0,,40,50,1,1097.153687,2025-12-08 00:41:50
40,51,1,687.7,2025-12-08 00:40:51,22208.0,,40,51,1,1100.32959,2025-12-08 00:41:51
40,52,1,688.4,2025-12-08 00:40:52,21119.0,,40,52,1,1103.440063,2025-12-08 00:41:52
40,53,1,688.8,2025-12-08 00:40:53,20076.0,,40,53,1,1106.487427,2025-12-08 00:41:53
40,54,1,689.8,2025-12-08 00:40:54,19073.0,,40,54,1,1109.473755,2025-12-08 00:41:54
40,55,1,689.5,2025-12-08 00:40:55,18071.0,,40,55,1,1112.401001,2025-12-08 00:41:55
40,56,1,687.9,2025-12-08 00:40:56,17068.0,,40,56,1,1115.271118,2025-12-08 00:41:56
40,57,1,706.1,2025-12-08 00:40:57,16067.0,,40,57,1,1118.085815,2025-12-08 00:41:57
40,58,1,695.9,2025-12-08 00:40:58,15066.0,,40,58,1,1120.846924,2025-12-08 00:41:58
40,59,1,694.8,2025-12-08 00:40:59,14061.0,,40,59,1,1123.555908,2025-12-08 00:41:59
41,0,1,714.3,2025-12-08 00:41:00,59315.0,,41,0,1,766.529053,2025-12-08 00:42:00
41,1,1,702.8,2025-12-08 00:41:01,58314.0,,41,1,1,772.552124,2025-12-08 00:42:01
41,2,1,694.6,2025-12-08 00:41:02,57313.0,,41,2,1,781.002502,2025-12-08 00:42:02
41,3,1,693.0,2025-12-08 00:41:03,56312.0,,41,3,1,790.706726,2025-12-08 00:42:03
41,4,1,689.2,2025-12-08 00:41:04,55249.0,,41,4,1,801.137939,2025-12-08 00:42:04
41,5,1,705.3,2025-12-08 00:41:05,54246.0,,41,5,1,811.942444,2025-12-08 00:42:05
41,6,1,692.6,2025-12-08 00:41:06,53241.0,,41,6,1,822.882507,2025-12-08 00:42:06
41,7,1,691.2,2025-12-08 00:41:07,52152.0,,41,7,1,833.797607,2025-12-08 00:42:07
41,8,1,691.0,2025-12-08 00:41:08,51103.0,,41,8,1,844.579407,2025-12-08 00:42:08
41,9,1,691.1,2025-12-08 00:41:09,50101.0,,41,9,1,855.155396,2025-12-08 00:42:09
41,10,1,689.3,2025-12-08 00:41:10,49099.0,,41,10,1,865.478088,2025-12-08 00:42:10
41,11,1,693.1,2025-12-08 00:41:11,48097.0,,41,11,1,875.517334,2025-12-08 00:42:11
41,12,1,691.3,2025-12-08 00:41:12,47095.0,,41,12,1,885.255981,2025-12-08 00:42:12
41,13,1,691.1,2025-12-08 00:41:13,46089.0,,41,13,1,894.685425,2025-12-08 00:42:13
41,14,1,692.0,2025-12-08 00:41:14,45088.0,,41,14,1,903.803894,2025-12-08 00:42:14
41,15,1,700.9,2025-12-08 00:41:15,44084.0,,41,15,1,912.614075,2025-12-08 00:42:15
41,16,1,691.8,2025-12-08 00:41:16,43083.0,,41,16,1,921.121887,2025-12-08 00:42:16
41,17,1,691.8,2025-12-08 00:41:17,42080.0,,41,17,1,929.335693,2025-12-08 00:42:17
41,18,1,692.2,2025-12-08 00:41:18,41072.0,,41,18,1,937.265259,2025-12-08 00:42:18
41,19,1,697.1,2025-12-08 00:41:19,40071.0,,41,19,1,944.921204,2025-12-08 00:42:19
41,20,1,696.0,2025-12-08 00:41:20,39070.0,,41,20,1,952.315125,2025-12-08 00:42:20
41,21,1,690.5,2025-12-08 00:41:21,38068.0,,41,21,1,959.458252,2025-12-08 00:42:21
41,22,1,689.3,2025-12-08 00:41:22,37067.0,,41,22,1,966.362,2025-12-08 00:42:22
41,23,1,700.5,2025-12-08 00:41:23,36061.0,,41,23,1,973.03772,2025-12-08 00:42:23
41,24,1,691.9,2025-12-08 00:41:24,35058.0,,41,24,1,979.496216,2025-12-08 00:42:24
41,25,1,689.2,2025-12-08 00:41:25,34056.0,,41,25,1,985.748108,2025-12-08 00:42:25
41,26,1,692.9,2025-12-08 00:41:26,33053.0,,41,26,1,991.803284,2025-12-08 00:42:26
41,27,1,692.9,2025-12-08 00:41:27,32052.0,,41,27,1,997.671448,2025-12-08 00:42:27
41,28,1,692.5,2025-12-08 00:41:28,31050.0,,41,28,1,1003.36145,2025-12-08 00:42:28
41,29,1,692.3,2025-12-08 00:41:29,30048.0,,41,29,1,1008.882019,2025-12-08 00:42:29
41,30,1,689.6,2025-12-08 00:41:30,29047.0,,41,30,1,1014.241028,2025-12-08 00:42:30
41,31,1,689.7,2025-12-08 00:41:31,28044.0,,41,31,1,1019.446289,2025-12-08 00:42:31
41,32,1,690.5,2025-12-08 00:41:32,27043.0,,41,32,1,1024.504761,2025-12-08 00:42:32
41,33,1,691.8,2025-12-08 00:41:33,26040.0,,41,33,1,1029.423096,2025-12-08 00:42:33
41,34,1,692.0,2025-12-08 00:41:34,25038.0,,41,34,1,1034.207764,2025-12-08 00:42:34
41,35,1,690.6,2025-12-08 00:41:35,24037.0,,41,35,1,1038.864746,2025-12-08 00:42:35
41,36,1,689.1,2025-12-08 00:41:36,23036.0,,41,36,1,1043.399292,2025-12-08 00:42:36
41,37,1,691.1,2025-12-08 00:41:37,22035.0,,41,37,1,1047.816895,2025-12-08 00:42:37
41,38,1,689.9,2025-12-08 00:41:38,21034.0,,41,38,1,1052.122314,2025-12-08 00:42:38
41,39,1,687.9,2025-12-08 00:41:39,20033.0,,41,39,1,1056.320312,2025-12-08 00:42:39
41,40,1,684.9,2025-12-08 00:41:40,19032.0,,41,40,1,1060.415161,2025-12-08 00:42:40
41,41,1,689.7,2025-12-08 00:41:41,18031.0,,41,41,1,1064.411133,2025-12-08 00:42:41
41,42,1,690.1,2025-12-08 00:41:42,17030.0,,41,42,1,1068.31189,2025-12-08 00:42:42
41,43,1,707.1,2025-12-08 00:41:43,16029.0,,41,43,1,1072.121338,2025-12-08 00:42:43
41,44,1,690.7,2025-12-08 00:41:44,15028.0,,41,44,1,1075.842773,2025-12-08 00:42:44
41,45,1,687.0,2025-12-08 00:41:45,14026.0,,41,45,1,1079.479736,2025-12-08 00:42:45
41,46,1,686.4,2025-12-08 00:41:46,13025.0,,41,46,1,1083.035034,2025-12-08 00:42:46
41,47,1,689.5,2025-12-08 00:41:47,12024.0,,41,47,1,1086.511841,2025-12-08 00:42:47
41,48,1,694.2,2025-12-08 00:41:48,11024.0,,41,48,1,1089.912842,2025-12-08 00:42:48
41,49,1,692.1,2025-12-08 00:41:49,10023.0,,41,49,1,1093.240967,2025-12-08 00:42:49
41,50,1,688.2,2025-12-08 00:41:50,9022.0,,41,50,1,1096.498413,2025-12-08 00:42:50
41,51,1,688.7,2025-12-08 00:41:51,8021.0,,41,51,1,1099.687866,2025-12-08 00:42:51
41,52,1,688.9,2025-12-08 00:41:52,7020.0,,41,52,1,1102.811523,2025-12-08 00:42:52
41,53,1,688.8,2025-12-08 00:41:53,6019.0,,41,53,1,1105.871582,2025-12-08 00:42:53
41,54,1,691.3,2025-12-08 00:41:54,5018.0,,41,54,1,1108.870117,2025-12-08 00:42:54
41,55,1,700.0,2025-12-08 00:41:55,4017.0,,41,55,1,1111.809326,2025-12-08 00:42:55
41,56,1,688.7,2025-12-08 00:41:56,3016.0,,41,56,1,1114.690918,2025-12-08 00:42:56
41,57,1,687.5,2025-12-08 00:41:57,2015.0,,41,57,1,1117.516724,2025-12-08 00:42:57
41,58,1,691.0,2025-12-08 00:41:58,1013.0,,41,58,1,1120.288574,2025-12-08 00:42:58
41,59,1,691.7,2025-12-08 00:41:59,11.0,,41,59,1,1123.008179,2025-12-08 00:42:59
42,0,1,692.6,2025-12-08 00:42:00,59106.0,,42,0,1,763.953796,2025-12-08 00:43:00
42,1,1,701.5,2025-12-08 00:42:01,58104.0,,42,1,1,769.827576,2025-12-08 00:43:01
42,2,1,692.8,2025-12-08 00:42:02,57103.0,,42,2,1,778.232361,2025-12-08 00:43:02
42,3,1,693.6,2025-12-08 00:42:03,56097.0,,42,3,1,787.940674,2025-12-08 00:43:03
42,4,1,693.9,2025-12-08 00:42:04,55095.0,,42,4,1,798.408325,2025-12-08 00:43:04
42,5,1,690.9,2025-12-08 00:42:05,54091.0,,42,5,1,809.270142,2025-12-08 00:43:05
42,6,1,692.3,2025-12-08 00:42:06,53090.0,,42,6,1,820.280762,2025-12-08 00:43:06
42,7,1,687.3,2025-12-08 00:42:07,52085.0,,42,7,1,831.274231,2025-12-08 00:43:07
42,8,1,686.7,2025-12-08 00:42:08,51082.0,,42,8,1,842.138672,2025-12-08 00:43:08
42,9,1,690.6,2025-12-08 00:42:09,50081.0,,42,9,1,852.799072,2025-12-08 00:43:09
42,10,1,688.5,2025-12-08 00:42:10,49080.0,,42,10,1,863.206177,2025-12-08 00:43:10
42,11,1,707.6,2025-12-08 00:42:11,48079.0,,42,11,1,873.328735,2025-12-08 00:43:11
42,12,1,694.5,2025-12-08 00:42:12,47078.0,,42,12,1,883.148499,2025-12-08 00:43:12
42,13,1,695.2,2025-12-08 00:42:13,46077.0,,42,13,1,892.656677,2025-12-08 00:43:13
42,14,1,696.2,2025-12-08 00:42:14,45077.0,,42,14,1,901.850769,2025-12-08 00:43:14
42,15,1,696.8,2025-12-08 00:42:15,44076.0,,42,15,1,910.733398,2025-12-08 00:43:15
42,16,1,699.3,2025-12-08 00:42:16,43074.0,,42,16,1,919.310608,2025-12-08 00:43:16
42,17,1,694.5,2025-12-08 00:42:17,42073.0,,42,17,1,927.590393,2025-12-08 00:43:17
42,18,1,696.3,2025-12-08 00:42:18,41071.0,,42,18,1,935.582764,2025-12-08 00:43:18
42,19,1,701.5,2025-12-08 00:42:19,40070.0,,42,19,1,943.298523,2025-12-08 00:43:19
42,20,1,698.0,2025-12-08 00:42:20,39068.0,,42,20,1,950.749084,2025-12-08 00:43:20
42,21,1,701.7,2025-12-08 00:42:21,38067.0,,42,21,1,957.945923,2025-12-08 00:43:21
42,22,1,696.5,2025-12-08 00:42:22,37066.0,,42,22,1,964.900757,2025-12-08 00:43:22
42,23,1,695.2,2025-12-08 00:42:23,36065.0,,42,23,1,971.624878,2025-12-08 00:43:23
42,24,1,697.3,2025-12-08 00:42:24,35064.0,,42,24,1,978.129272,2025-12-08 00:43:24
42,25,1,708.9,2025-12-08 00:42:25,34063.0,,42,25,1,984.424622,2025-12-08 00:43:25
42,26,1,693.2,2025-12-08 00:42:26,33062.0,,42,26,1,990.521362,2025-12-08 00:43:26
42,27,1,689.3,2025-12-08 00:42:27,32061.0,,42,27,1,996.428711,2025-12-08 00:43:27
42,28,1,692.1,2025-12-08 00:42:28,31058.0,,42,28,1,1002.156189,2025-12-08 00:43:28
42,29,1,687.7,2025-12-08 00:42:29,30058.0,,42,29,1,1007.712219,2025-12-08 00:43:29
42,30,1,689.9,2025-12-08 00:42:30,29056.0,,42,30,1,1013.105164,2025-12-08 00:43:30
42,31,1,688.2,2025-12-08 00:42:31,28054.0,,42,31,1,1018.342712,2025-12-08 00:43:31
42,32,1,687.7,2025-12-08 00:42:32,27053.0,,42,32,1,1023.432068,2025-12-08 00:43:32
42,33,1,686.2,2025-12-08 00:42:33,26052.0,,42,33,1,1028.379883,2025-12-08 00:43:33
42,34,1,692.5,2025-12-08 00:42:34,25051.0,,42,34,1,1033.192749,2025-12-08 00:43:34
42,35,1,687.8,2025-12-08 00:42:35,24050.0,,42,35,1,1037.876465,2025-12-08 00:43:35
42,36,1,688.8,2025-12-08 00:42:36,23049.0,,42,36,1,1042.436768,2025-12-08 00:43:36
42,37,1,692.3,2025-12-08 00:42:37,22047.0,,42,37,1,1046.879028,2025-12-08 00:43:37
42,38,1,686.6,2025-12-08 00:42:38,21044.0,,42,38,1,1051.20813,2025-12-08 00:43:38
42,39,1,685.9,2025-12-08 00:42:39,20043.0,,42,39,1,1055.428711,2025-12-08 00:43:39
42,40,1,689.4,2025-12-08 00:42:40,19040.0,,42,40,1,1059.54541,2025-12-08 00:43:40
42,41,1,687.1,2025-12-08 00:42:41,18039.0,,42,41,1,1063.562134,2025-12-08 00:43:41
42,42,1,689.3,2025-12-08 00:42:42,17037.0,,42,42,1,1067.483032,2025-12-08 00:43:42
42,43,1,688.9,2025-12-08 00:42:43,16036.0,,42,43,1,1071.311768,2025-12-08 00:43:43
42,44,1,687.1,2025-12-08 00:42:44,15035.0,,42,44,1,1075.051758,2025-12-08 00:43:44
42,45,1,686.7,2025-12-08 00:42:45,14034.0,,42,45,1,1078.706543,2025-12-08 00:43:45
42,46,1,688.7,2025-12-08 00:42:46,13033.0,,42,46,1,1082.279175,2025-12-08 00:43:46
42,47,1,692.9,2025-12-08 00:42:47,12032.0,,42,47,1,1085.772583,2025-12-08 00:43:47
42,48,1,689.7,2025-12-08 00:42:48,11031.0,,42,48,1,1089.189697,2025-12-08 00:43:48
42,49,1,687.8,2025-12-08 00:42:49,10030.0,,42,49,1,1092.533081,2025-12-08 00:43:49
42,50,1,697.0,2025-12-08 00:42:50,9029.0,,42,50,1,1095.805542,2025-12-08 00:43:50
42,51,1,686.9,2025-12-08 00:42:51,8028.0,,42,51,1,1099.009399,2025-12-08 00:43:51
42,52,1,688.4,2025-12-08 00:42:52,7027.0,,42,52,1,1102.147095,2025-12-08 00:43:52
42,53,1,687.7,2025-12-08 00:42:53,6026.0,,42,53,1,1105.220459,2025-12-08 00:43:53
42,54,1,690.0,2025-12-08 00:42:54,5023.0,,42,54,1,1108.232178,2025-12-08 00:43:54
42,55,1,686.8,2025-12-08 00:42:55,4022.0,,42,55,1,1111.183838,2025-12-08 00:43:55
42,56,1,685.3,2025-12-08 00:42:56,3021.0,,42,56,1,1114.077759,2025-12-08 00:43:56
42,57,1,685.5,2025-12-08 00:42:57,2020.0,,42,57,1,1116.915283,2025-12-08 00:43:57
42,58,1,688.2,2025-12-08 00:42:58,1018.0,,42,58,1,1119.698608,2025-12-08 00:43:58
42,59,1,685.7,2025-12-08 00:42:59,15.0,,42,59,1,1122.429199,2025-12-08 00:43:59
43,0,1,687.9,2025-12-08 00:43:00,59128.0,,43,0,1,764.381897,2025-12-08 00:44:00
43,1,1,690.3,2025-12-08 00:43:01,58127.0,,43,1,1,770.246948,2025-12-08 00:44:01
43,2,1,694.5,2025-12-08 00:43:02,57125.0,,43,2,1,778.648376,2025-12-08 00:44:02
43,3,1,699.6,2025-12-08 00:43:03,56124.0,,43,3,1,788.350952,2025-12-08 00:44:03
43,4,1,694.0,2025-12-08 00:43:04,55121.0,,43,4,1,798.810974,2025-12-08 00:44:04
43,5,1,699.1,2025-12-08 00:43:05,54120.0,,43,5,1,809.663574,2025-12-08 00:44:05
43,6,1,690.6,2025-12-08 00:43:06,53118.0,,43,6,1,820.663818,2025-12-08 00:44:06
43,7,1,695.3,2025-12-08 00:43:07,52116.0,,43,7,1,831.645996,2025-12-08 00:44:07
43,8,1,702.1,2025-12-08 00:43:08,51115.0,,43,8,1,842.498718,2025-12-08 00:44:08
43,9,1,686.4,2025-12-08 00:43:09,50113.0,,43,9,1,853.147034,2025-12-08 00:44:09
43,10,1,688.2,2025-12-08 00:43:10,49112.0,,43,10,1,863.54187,2025-12-08 00:44:10
43,11,1,687.8,2025-12-08 00:43:11,48111.0,,43,11,1,873.652344,2025-12-08 00:44:11
43,12,1,689.0,2025-12-08 00:43:12,47110.0,,43,12,1,883.460327,2025-12-08 00:44:12
43,13,1,689.9,2025-12-08 00:43:13,46109.0,,43,13,1,892.956848,2025-12-08 00:44:13
43,14,1,687.6,2025-12-08 00:43:14,45100.0,,43,14,1,902.139893,2025-12-08 00:44:14
43,15,1,688.2,2025-12-08 00:43:15,44096.0,,43,15,1,911.011841,2025-12-08 00:44:15
43,16,1,686.2,2025-12-08 00:43:16,43095.0,,43,16,1,919.578613,2025-12-08 00:44:16
43,17,1,686.5,2025-12-08 00:43:17,42091.0,,43,17,1,927.848572,2025-12-08 00:44:17
43,18,1,689.6,2025-12-08 00:43:18,41090.0,,43,18,1,935.831665,2025-12-08 00:44:18
43,19,1,692.0,2025-12-08 00:43:19,40088.0,,43,19,1,943.538513,2025-12-08 00:44:19
43,20,1,686.8,2025-12-08 00:43:20,39087.0,,43,20,1,950.980713,2025-12-08 00:44:20
43,21,1,696.0,2025-12-08 00:43:21,38086.0,,43,21,1,958.169495,2025-12-08 00:44:21
43,22,1,684.9,2025-12-08 00:43:22,37085.0,,43,22,1,965.11676,2025-12-08 00:44:22
43,23,1,688.0,2025-12-08 00:43:23,36084.0,,43,23,1,971.833557,2025-12-08 00:44:23
43,24,1,686.0,2025-12-08 00:43:24,35082.0,,43,24,1,978.331177,2025-12-08 00:44:24
43,25,1,692.1,2025-12-08 00:43:25,34081.0,,43,25,1,984.620178,2025-12-08 00:44:25
43,26,1,682.8,2025-12-08 00:43:26,33076.0,,43,26,1,990.710571,2025-12-08 00:44:26
43,27,1,684.1,2025-12-08 00:43:27,32073.0,,43,27,1,996.612244,2025-12-08 00:44:27
43,28,1,689.3,2025-12-08 00:43:28,31072.0,,43,28,1,1002.334106,2025-12-08 00:44:28
43,29,1,684.0,2025-12-08 00:43:29,30071.0,,43,29,1,1007.884949,2025-12-08 00:44:29
43,30,1,686.1,2025-12-08 00:43:30,29069.0,,43,30,1,1013.272888,2025-12-08 00:44:30
43,31,1,700.2,2025-12-08 00:43:31,28067.0,,43,31,1,1018.505615,2025-12-08 00:44:31
43,32,1,684.4,2025-12-08 00:43:32,27066.0,,43,32,1,1023.590393,2025-12-08 00:44:32
43,33,1,689.7,2025-12-08 00:43:33,26065.0,,43,33,1,1028.533936,2025-12-08 00:44:33
43,34,1,688.7,2025-12-08 00:43:34,25064.0,,43,34,1,1033.342529,2025-12-08 00:44:34
43,35,1,687.0,2025-12-08 00:43:35,24062.0,,43,35,1,1038.022339,2025-12-08 00:44:35
43,36,1,695.1,2025-12-08 00:43:36,23061.0,,43,36,1,1042.578857,2025-12-08 00:44:36
43,37,1,687.7,2025-12-08 00:43:37,22059.0,,43,37,1,1047.017456,2025-12-08 00:44:37
43,38,1,688.2,2025-12-08 00:43:38,21057.0,,43,38,1,1051.34314,2025-12-08 00:44:38
43,39,1,691.2,2025-12-08 00:43:39,20056.0,,43,39,1,1055.560425,2025-12-08 00:44:39
43,40,1,688.6,2025-12-08 00:43:40,19049.0,,43,40,1,1059.673828,2025-12-08 00:44:40
43,41,1,685.8,2025-12-08 00:43:41,18045.0,,43,41,1,1063.6875,2025-12-08 00:44:41
43,42,1,686.5,2025-12-08 00:43:42,17044.0,,43,42,1,1067.605469,2025-12-08 00:44:42
43,43,1,686.7,2025-12-08 00:43:43,16042.0,,43,43,1,1071.431274,2025-12-08 00:44:43
43,44,1,691.8,2025-12-08 00:43:44,15041.0,,43,44,1,1075.168579,2025-12-08 00:44:44
43,45,1,689.8,2025-12-08 00:43:45,14039.0,,43,45,1,1078.820679,2025-12-08 00:44:45
43,46,1,688.0,2025-12-08 00:43:46,13038.0,,43,46,1,1082.390747,2025-12-08 00:44:46
43,47,1,687.9,2025-12-08 00:43:47,12037.0,,43,47,1,1085.881714,2025-12-08 00:44:47
43,48,1,689.8,2025-12-08 00:43:48,11036.0,,43,48,1,1089.296387,2025-12-08 00:44:48
43,49,1,692.0,2025-12-08 00:43:49,10034.0,,43,49,1,1092.637573,2025-12-08 00:44:49
43,50,1,687.7,2025-12-08 00:43:50,9033.0,,43,50,1,1095.907837,2025-12-08 00:44:50
43,51,1,687.9,2025-12-08 00:43:51,8032.0,,43,51,1,1099.109497,2025-12-08 00:44:51
43,52,1,689.7,2025-12-08 00:43:52,7031.0,,43,52,1,1102.245117,2025-12-08 00:44:52
43,53,1,685.1,2025-12-08 00:43:53,6030.0,,43,53,1,1105.31665,2025-12-08 00:44:53
43,54,1,687.1,2025-12-08 00:43:54,5028.0,,43,54,1,1108.326294,2025-12-08 00:44:54
43,55,1,683.7,2025-12-08 00:43:55,4026.0,,43,55,1,1111.276123,2025-12-08 00:44:55
43,56,1,698.9,2025-12-08 00:43:56,3023.0,,43,56,1,1114.168091,2025-12-08 00:44:56
43,57,1,688.7,2025-12-08 00:43:57,2017.0,,43,57,1,1117.004028,2025-12-08 00:44:57
43,58,1,684.4,2025-12-08 00:43:58,1016.0,,43,58,1,1119.785645,2025-12-08 00:44:58
43,59,1,684.4,2025-12-08 00:43:59,14.0,,43,59,1,1122.514648,2025-12-08 00:44:59
44,0,1,691.6,2025-12-08 00:44:00,60022.0,,44,0,1,845.782654,2025-12-08 00:45:00
44,1,1,685.9,2025-12-08 00:44:01,59019.0,,44,1,1,850.64502,2025-12-08 00:45:01
44,2,1,694.0,2025-12-08 00:44:02,58018.0,,44,2,1,857.120605,2025-12-08 00:45:02
44,3,1,698.1,2025-12-08 00:44:03,56967.0,,44,3,1,864.526917,2025-12-08 00:45:03
44,4,1,690.8,2025-12-08 00:44:04,55966.0,,44,4,1,872.49231,2025-12-08 00:45:04
44,5,1,693.1,2025-12-08 00:44:05,54965.0,,44,5,1,880.763916,2025-12-08 00:45:05
44,6,1,694.5,2025-12-08 00:44:06,53953.0,,44,6,1,889.169373,2025-12-08 00:45:06
44,7,1,686.6,2025-12-08 00:44:07,52952.0,,44,7,1,897.590393,2025-12-08 00:45:07
44,8,1,691.0,2025-12-08 00:44:08,51907.0,,44,8,1,905.94519,2025-12-08 00:45:08
44,9,1,687.2,2025-12-08 00:44:09,50878.0,,44,9,1,914.177979,2025-12-08 00:45:09
44,10,1,688.1,2025-12-08 00:44:10,49823.0,,44,10,1,922.250854,2025-12-08 00:45:10
44,11,1,684.8,2025-12-08 00:44:11,48710.0,,44,11,1,930.138733,2025-12-08 00:45:11
44,12,1,685.3,2025-12-08 00:44:12,47708.0,,44,12,1,937.82605,2025-12-08 00:45:12
44,13,1,685.4,2025-12-08 00:44:13,46707.0,,44,13,1,945.303833,2025-12-08 00:45:13
44,14,1,804.4,2025-12-08 00:44:14,45702.0,,44,14,1,952.568176,2025-12-08 00:45:14
44,15,1,791.3,2025-12-08 00:44:15,44701.0,,44,15,1,959.618774,2025-12-08 00:45:15
44,16,1,788.1,2025-12-08 00:44:16,43686.0,,44,16,1,966.457825,2025-12-08 00:45:16
44,17,1,788.0,2025-12-08 00:44:17,42659.0,,44,17,1,973.089233,2025-12-08 00:45:17
44,18,1,788.4,2025-12-08 00:44:18,41320.0,,44,18,1,979.518616,2025-12-08 00:45:18
44,19,1,789.1,2025-12-08 00:44:19,40312.0,,44,19,1,985.752319,2025-12-08 00:45:19
44,20,1,787.1,2025-12-08 00:44:20,39311.0,,44,20,1,991.796997,2025-12-08 00:45:20
44,21,1,789.2,2025-12-08 00:44:21,38265.0,,44,21,1,997.660095,2025-12-08 00:45:21
44,22,1,783.3,2025-12-08 00:44:22,37083.0,,44,22,1,1003.348633,2025-12-08 00:45:22
44,23,1,781.7,2025-12-08 00:44:23,36078.0,,44,23,1,1008.869995,2025-12-08 00:45:23
44,24,1,776.9,2025-12-08 00:44:24,35077.0,,44,24,1,1014.231262,2025-12-08 00:45:24
44,25,1,775.7,2025-12-08 00:44:25,34074.0,,44,25,1,1019.43927,2025-12-08 00:45:25
44,26,1,776.8,2025-12-08 00:44:26,33073.0,,44,26,1,1024.500977,2025-12-08 00:45:26
44,27,1,778.1,2025-12-08 00:44:27,32071.0,,44,27,1,1029.422363,2025-12-08 00:45:27
44,28,1,775.8,2025-12-08 00:44:28,31070.0,,44,28,1,1034.209717,2025-12-08 00:45:28
44,29,1,775.0,2025-12-08 00:44:29,30066.0,,44,29,1,1038.869141,2025-12-08 00:45:29
44,30,1,776.8,2025-12-08 00:44:30,29065.0,,44,30,1,1043.405762,2025-12-08 00:45:30
44,31,1,774.9,2025-12-08 00:44:31,28063.0,,44,31,1,1047.825073,2025-12-08 00:45:31
44,32,1,777.3,2025-12-08 00:44:32,27062.0,,44,32,1,1052.131714,2025-12-08 00:45:32
44,33,1,778.2,2025-12-08 00:44:33,26061.0,,44,33,1,1056.330566,2025-12-08 00:45:33
44,34,1,776.7,2025-12-08 00:44:34,25060.0,,44,34,1,1060.426147,2025-12-08 00:45:34
44,35,1,777.0,2025-12-08 00:44:35,24060.0,,44,35,1,1064.422363,2025-12-08 00:45:35
44,36,1,777.4,2025-12-08 00:44:36,23058.0,,44,36,1,1068.323364,2025-12-08 00:45:36
44,37,1,774.9,2025-12-08 00:44:37,22057.0,,44,37,1,1072.13269,2025-12-08 00:45:37
44,38,1,779.6,2025-12-08 00:44:38,21056.0,,44,38,1,1075.853882,2025-12-08 00:45:38
44,39,1,783.7,2025-12-08 00:44:39,20055.0,,44,39,1,1079.490356,2025-12-08 00:45:39
44,40,1,778.6,2025-12-08 00:44:40,19054.0,,44,40,1,1083.04541,2025-12-08 00:45:40
44,41,1,777.9,2025-12-08 00:44:41,18045.0,,44,41,1,1086.521851,2025-12-08 00:45:41
44,42,1,794.6,2025-12-08 00:44:42,17043.0,,44,42,1,1089.922363,2025-12-08 00:45:42
44,43,1,815.5,2025-12-08 00:44:43,16042.0,,44,43,1,1093.25,2025-12-08 00:45:43
44,44,1,791.9,2025-12-08 00:44:44,15041.0,,44,44,1,1096.506836,2025-12-08 00:45:44
44,45,1,788.0,2025-12-08 00:44:45,14040.0,,44,45,1,1099.695801,2025-12-08 00:45:45
44,46,1,788.1,2025-12-08 00:44:46,13038.0,,44,46,1,1102.81897,2025-12-08 00:45:46
44,47,1,788.7,2025-12-08 00:44:47,12037.0,,44,47,1,1105.87854,2025-12-08 00:45:47
44,48,1,788.9,2025-12-08 00:44:48,11036.0,,44,48,1,1108.876709,2025-12-08 00:45:48
44,49,1,787.5,2025-12-08 00:44:49,10035.0,,44,49,1,1111.815308,2025-12-08 00:45:49
44,50,1,793.4,2025-12-08 00:44:50,9034.0,,44,50,1,1114.696533,2025-12-08 00:45:50
44,51,1,789.9,2025-12-08 00:44:51,8033.0,,44,51,1,1117.521973,2025-12-08 00:45:51
44,52,1,790.8,2025-12-08 00:44:52,7031.0,,44,52,1,1120.293457,2025-12-08 00:45:52
44,53,1,790.3,2025-12-08 00:44:53,6030.0,,44,53,1,1123.012573,2025-12-08 00:45:53
44,54,1,789.7,2025-12-08 00:44:54,5029.0,,44,54,1,1125.681152,2025-12-08 00:45:54
44,55,1,789.9,2025-12-08 00:44:55,4028.0,,44,55,1,1128.300537,2025-12-08 00:45:55
44,56,1,791.7,2025-12-08 00:44:56,3027.0,,44,56,1,1130.872192,2025-12-08 00:45:56
44,57,1,793.9,2025-12-08 00:44:57,2026.0,,44,57,1,1133.397705,2025-12-08 00:45:57
44,58,1,796.4,2025-12-08 00:44:58,1025.0,,44,58,1,1135.878296,2025-12-08 00:45:58
44,59,1,791.9,2025-12-08 00:44:59,23.0,,44,59,1,1138.315308,2025-12-08 00:45:59
45,0,1,793.8,2025-12-08 00:45:00,59073.0,,45,0,1,1262.608521,2025-12-08 00:46:00
45,1,1,791.7,2025-12-08 00:45:01,58072.0,,45,1,1,1264.336792,2025-12-08 00:46:01
45,2,1,793.5,2025-12-08 00:45:02,57071.0,,45,2,1,1265.815186,2025-12-08 00:46:02
45,3,1,794.3,2025-12-08 00:45:03,56070.0,,45,3,1,1267.106812,2025-12-08 00:46:03
45,4,1,788.9,2025-12-08 00:45:04,55069.0,,45,4,1,1268.26062,2025-12-08 00:46:04
45,5,1,793.7,2025-12-08 00:45:05,54068.0,,45,5,1,1269.311157,2025-12-08 00:46:05
45,6,1,792.8,2025-12-08 00:45:06,53067.0,,45,6,1,1270.283203,2025-12-08 00:46:06
45,7,1,785.8,2025-12-08 00:45:07,52067.0,,45,7,1,1271.195068,2025-12-08 00:46:07
45,8,1,790.1,2025-12-08 00:45:08,51066.0,,45,8,1,1272.059692,2025-12-08 00:46:08
45,9,1,791.2,2025-12-08 00:45:09,50065.0,,45,9,1,1272.887329,2025-12-08 00:46:09
45,10,1,790.0,2025-12-08 00:45:10,49064.0,,45,10,1,1273.685791,2025-12-08 00:46:10
45,11,1,791.4,2025-12-08 00:45:11,48063.0,,45,11,1,1274.460327,2025-12-08 00:46:11
45,12,1,791.6,2025-12-08 00:45:12,47062.0,,45,12,1,1275.215698,2025-12-08 00:46:12
45,13,1,776.8,2025-12-08 00:45:13,46061.0,,45,13,1,1275.955444,2025-12-08 00:46:13
45,14,1,1056.7,2025-12-08 00:45:14,45060.0,,45,14,1,1276.682129,2025-12-08 00:46:14
45,15,1,1131.5,2025-12-08 00:45:15,44058.0,,45,15,1,1277.397705,2025-12-08 00:46:15
45,16,1,996.1,2025-12-08 00:45:16,43058.0,,45,16,1,1278.10376,2025-12-08 00:46:16
45,17,1,994.6,2025-12-08 00:45:17,42056.0,,45,17,1,1278.801392,2025-12-08 00:46:17
45,18,1,1073.1,2025-12-08 00:45:18,41056.0,,45,18,1,1279.491821,2025-12-08 00:46:18
45,19,1,1008.9,2025-12-08 00:45:19,40054.0,,45,19,1,1280.175903,2025-12-08 00:46:19
45,20,1,1057.6,2025-12-08 00:45:20,39054.0,,45,20,1,1280.854126,2025-12-08 00:46:20
45,21,1,1086.4,2025-12-08 00:45:21,38053.0,,45,21,1,1281.526611,2025-12-08 00:46:21
45,22,1,1105.7,2025-12-08 00:45:22,37052.0,,45,22,1,1282.194214,2025-12-08 00:46:22
45,23,1,1133.4,2025-12-08 00:45:23,36051.0,,45,23,1,1282.856812,2025-12-08 00:46:23
45,24,1,1153.8,2025-12-08 00:45:24,35050.0,,45,24,1,1283.514648,2025-12-08 00:46:24
45,25,1,1174.7,2025-12-08 00:45:25,34049.0,,45,25,1,1284.167847,2025-12-08 00:46:25
45,26,1,1191.8,2025-12-08 00:45:26,33049.0,,45,26,1,1284.816772,2025-12-08 00:46:26
45,27,1,1209.7,2025-12-08 00:45:27,32048.0,,45,27,1,1285.461182,2025-12-08 00:46:27
45,28,1,1225.6,2025-12-08 00:45:28,31046.0,,45,28,1,1286.101196,2025-12-08 00:46:28
45,29,1,1230.7,2025-12-08 00:45:29,30045.0,,45,29,1,1286.736938,2025-12-08 00:46:29
45,30,1,1235.0,2025-12-08 00:45:30,29044.0,,45,30,1,1287.368408,2025-12-08 00:46:30
45,31,1,1238.3,2025-12-08 00:45:31,28043.0,,45,31,1,1287.995605,2025-12-08 00:46:31
45,32,1,1245.1,2025-12-08 00:45:32,27042.0,,45,32,1,1288.618652,2025-12-08 00:46:32
45,33,1,1244.5,2025-12-08 00:45:33,26041.0,,45,33,1,1289.237549,2025-12-08 00:46:33
45,34,1,1243.9,2025-12-08 00:45:34,25040.0,,45,34,1,1289.852295,2025-12-08 00:46:34
45,35,1,1243.3,2025-12-08 00:45:35,24039.0,,45,35,1,1290.463135,2025-12-08 00:46:35
45,36,1,1246.2,2025-12-08 00:45:36,23039.0,,45,36,1,1291.069824,2025-12-08 00:46:36
45,37,1,1242.8,2025-12-08 00:45:37,22038.0,,45,37,1,1291.672607,2025-12-08 00:46:37
45,38,1,1242.2,2025-12-08 00:45:38,21037.0,,45,38,1,1292.271362,2025-12-08 00:46:38
45,39,1,1244.5,2025-12-08 00:45:39,20036.0,,45,39,1,1292.866089,2025-12-08 00:46:39
45,40,1,1244.0,2025-12-08 00:45:40,19035.0,,45,40,1,1293.457153,2025-12-08 00:46:40
45,41,1,1240.7,2025-12-08 00:45:41,18035.0,,45,41,1,1294.044189,2025-12-08 00:46:41
45,42,1,1239.9,2025-12-08 00:45:42,17034.0,,45,42,1,1294.627319,2025-12-08 00:46:42
45,43,1,1238.9,2025-12-08 00:45:43,16033.0,,45,43,1,1295.207031,2025-12-08 00:46:43
45,44,1,1241.9,2025-12-08 00:45:44,15031.0,,45,44,1,1295.782593,2025-12-08 00:46:44
45,45,1,1240.6,2025-12-08 00:45:45,14031.0,,45,45,1,1296.354614,2025-12-08 00:46:45
45,46,1,1237.6,2025-12-08 00:45:46,13030.0,,45,46,1,1296.922974,2025-12-08 00:46:46
45,47,1,1239.4,2025-12-08 00:45:47,12028.0,,45,47,1,1297.487671,2025-12-08 00:46:47
45,48,1,1241.5,2025-12-08 00:45:48,11027.0,,45,48,1,1298.048828,2025-12-08 00:46:48
45,49,1,1243.6,2025-12-08 00:45:49,10026.0,,45,49,1,1298.606445,2025-12-08 00:46:49
45,50,1,1244.6,2025-12-08 00:45:50,9025.0,,45,50,1,1299.160522,2025-12-08 00:46:50
45,51,1,1247.9,2025-12-08 00:45:51,8024.0,,45,51,1,1299.71106,2025-12-08 00:46:51
45,52,1,1249.9,2025-12-08 00:45:52,7023.0,,45,52,1,1300.258179,2025-12-08 00:46:52
45,53,1,1251.2,2025-12-08 00:45:53,6022.0,,45,53,1,1300.802002,2025-12-08 00:46:53
45,54,1,1254.3,2025-12-08 00:45:54,5021.0,,45,54,1,1301.342285,2025-12-08 00:46:54
45,55,1,1257.9,2025-12-08 00:45:55,4020.0,,45,55,1,1301.879517,2025-12-08 00:46:55
45,56,1,1259.5,2025-12-08 00:45:56,3019.0,,45,56,1,1302.413086,2025-12-08 00:46:56
45,57,1,1262.6,2025-12-08 00:45:57,2017.0,,45,57,1,1302.943726,2025-12-08 00:46:57
45,58,1,1276.0,2025-12-08 00:45:58,1016.0,,45,58,1,1303.470947,2025-12-08 00:46:58
45,59,1,1260.8,2025-12-08 00:45:59,15.0,,45,59,1,1303.995117,2025-12-08 00:46:59
46,0,1,1262.5,2025-12-08 00:46:00,59098.0,,46,0,1,1265.920044,2025-12-08 00:47:00
46,1,1,1266.8,2025-12-08 00:46:01,58097.0,,46,1,1,1266.180786,2025-12-08 00:47:01
46,2,1,1264.7,2025-12-08 00:46:02,57096.0,,46,2,1,1266.496826,2025-12-08 00:47:02
46,3,1,1265.8,2025-12-08 00:46:03,56095.0,,46,3,1,1266.849243,2025-12-08 00:47:03
46,4,1,1265.4,2025-12-08 00:46:04,55094.0,,46,4,1,1267.227661,2025-12-08 00:47:04
46,5,1,1263.9,2025-12-08 00:46:05,54093.0,,46,5,1,1267.624756,2025-12-08 00:47:05
46,6,1,1264.5,2025-12-08 00:46:06,53092.0,,46,6,1,1268.034668,2025-12-08 00:47:06
46,7,1,1263.6,2025-12-08 00:46:07,52091.0,,46,7,1,1268.453979,2025-12-08 00:47:07
46,8,1,1261.3,2025-12-08 00:46:08,51090.0,,46,8,1,1268.879395,2025-12-08 00:47:08
46,9,1,1281.6,2025-12-08 00:46:09,50089.0,,46,9,1,1269.30835,2025-12-08 00:47:09
46,10,1,1264.1,2025-12-08 00:46:10,49088.0,,46,10,1,1269.739624,2025-12-08 00:47:10
46,11,1,1264.2,2025-12-08 00:46:11,48083.0,,46,11,1,1270.171509,2025-12-08 00:47:11
46,12,1,1261.7,2025-12-08 00:46:12,47072.0,,46,12,1,1270.603271,2025-12-08 00:47:12
46,13,1,1262.5,2025-12-08 00:46:13,46071.0,,46,13,1,1271.034302,2025-12-08 00:47:13
46,14,1,1262.9,2025-12-08 00:46:14,45070.0,,46,14,1,1271.463867,2025-12-08 00:47:14
46,15,1,1260.2,2025-12-08 00:46:15,44069.0,,46,15,1,1271.891724,2025-12-08 00:47:15
46,16,1,1260.1,2025-12-08 00:46:16,43068.0,,46,16,1,1272.317627,2025-12-08 00:47:16
46,17,1,1261.3,2025-12-08 00:46:17,42065.0,,46,17,1,1272.741333,2025-12-08 00:47:17
46,18,1,1260.7,2025-12-08 00:46:18,41064.0,,46,18,1,1273.16272,2025-12-08 00:47:18
46,19,1,1286.0,2025-12-08 00:46:19,40063.0,,46,19,1,1273.581909,2025-12-08 00:47:19
46,20,1,1267.9,2025-12-08 00:46:20,39062.0,,46,20,1,1273.998779,2025-12-08 00:47:20
46,21,1,1269.2,2025-12-08 00:46:21,38061.0,,46,21,1,1274.413208,2025-12-08 00:47:21
46,22,1,1263.3,2025-12-08 00:46:22,37060.0,,46,22,1,1274.825195,2025-12-08 00:47:22
46,23,1,1264.4,2025-12-08 00:46:23,36059.0,,46,23,1,1275.235107,2025-12-08 00:47:23
46,24,1,1265.7,2025-12-08 00:46:24,35058.0,,46,24,1,1275.642822,2025-12-08 00:47:24
46,25,1,1264.0,2025-12-08 00:46:25,34057.0,,46,25,1,1276.04834,2025-12-08 00:47:25
46,26,1,1265.2,2025-12-08 00:46:26,33056.0,,46,26,1,1276.451416,2025-12-08 00:47:26
46,27,1,1268.6,2025-12-08 00:46:27,32055.0,,46,27,1,1276.852539,2025-12-08 00:47:27
46,28,1,1268.8,2025-12-08 00:46:28,31053.0,,46,28,1,1277.251587,2025-12-08 00:47:28
46,29,1,1269.0,2025-12-08 00:46:29,30051.0,,46,29,1,1277.648804,2025-12-08 00:47:29
46,30,1,1271.0,2025-12-08 00:46:30,29050.0,,46,30,1,1278.043823,2025-12-08 00:47:30
46,31,1,1266.0,2025-12-08 00:46:31,28048.0,,46,31,1,1278.436768,2025-12-08 00:47:31
46,32,1,1267.1,2025-12-08 00:46:32,27048.0,,46,32,1,1278.828003,2025-12-08 00:47:32
46,33,1,1271.0,2025-12-08 00:46:33,26047.0,,46,33,1,1279.217285,2025-12-08 00:47:33
46,34,1,1271.4,2025-12-08 00:46:34,25046.0,,46,34,1,1279.604858,2025-12-08 00:47:34
46,35,1,1266.1,2025-12-08 00:46:35,24045.0,,46,35,1,1279.990356,2025-12-08 00:47:35
46,36,1,1268.0,2025-12-08 00:46:36,23044.0,,46,36,1,1280.374146,2025-12-08 00:47:36
46,37,1,1266.2,2025-12-08 00:46:37,22043.0,,46,37,1,1280.756226,2025-12-08 00:47:37
46,38,1,1271.1,2025-12-08 00:46:38,21042.0,,46,38,1,1281.136475,2025-12-08 00:47:38
46,39,1,1271.2,2025-12-08 00:46:39,20039.0,,46,39,1,1281.515137,2025-12-08 00:47:39
46,40,1,1270.4,2025-12-08 00:46:40,19035.0,,46,40,1,1281.891968,2025-12-08 00:47:40
46,41,1,1267.3,2025-12-08 00:46:41,18033.0,,46,41,1,1282.267212,2025-12-08 00:47:41
46,42,1,1269.8,2025-12-08 00:46:42,17031.0,,46,42,1,1282.640625,2025-12-08 00:47:42
46,43,1,1268.4,2025-12-08 00:46:43,16029.0,,46,43,1,1283.012451,2025-12-08 00:47:43
46,44,1,1269.5,2025-12-08 00:46:44,15028.0,,46,44,1,1283.38269,2025-12-08 00:47:44
46,45,1,1266.8,2025-12-08 00:46:45,14026.0,,46,45,1,1283.751099,2025-12-08 00:47:45
46,46,1,1264.9,2025-12-08 00:46:46,13025.0,,46,46,1,1284.11792,2025-12-08 00:47:46
46,47,1,1266.6,2025-12-08 00:46:47,12022.0,,46,47,1,1284.483398,2025-12-08 00:47:47
46,48,1,1267.8,2025-12-08 00:46:48,11020.0,,46,48,1,1284.847046,2025-12-08 00:47:48
46,49,1,1260.4,2025-12-08 00:46:49,10019.0,,46,49,1,1285.209229,2025-12-08 00:47:49
46,50,1,1263.4,2025-12-08 00:46:50,9017.0,,46,50,1,1285.569946,2025-12-08 00:47:50
46,51,1,1265.3,2025-12-08 00:46:51,8016.0,,46,51,1,1285.928955,2025-12-08 00:47:51
46,52,1,1261.0,2025-12-08 00:46:52,7015.0,,46,52,1,1286.286621,2025-12-08 00:47:52
46,53,1,1265.4,2025-12-08 00:46:53,6014.0,,46,53,1,1286.642578,2025-12-08 00:47:53
46,54,1,1267.4,2025-12-08 00:46:54,5013.0,,46,54,1,1286.99707,2025-12-08 00:47:54
46,55,1,1261.9,2025-12-08 00:46:55,4011.0,,46,55,1,1287.35022,2025-12-08 00:47:55
46,56,1,1262.4,2025-12-08 00:46:56,3010.0,,46,56,1,1287.70166,2025-12-08 00:47:56
46,57,1,1267.6,2025-12-08 00:46:57,2009.0,,46,57,1,1288.05188,2025-12-08 00:47:57
46,58,1,1262.3,2025-12-08 00:46:58,1008.0,,46,58,1,1288.400513,2025-12-08 00:47:58
46,59,1,1266.3,2025-12-08 00:46:59,8.0,,46,59,1,1288.747681,2025-12-08 00:47:59
47,0,1,1266.6,2025-12-08 00:47:00,59457.0,,47,0,1,1213.942017,2025-12-08 00:48:00
47,1,1,1275.7,2025-12-08 00:47:01,58456.0,,47,1,1,1214.644775,2025-12-08 00:48:01
47,2,1,1268.3,2025-12-08 00:47:02,57455.0,,47,2,1,1215.459717,2025-12-08 00:48:02
47,3,1,1264.4,2025-12-08 00:47:03,56452.0,,47,3,1,1216.394043,2025-12-08 00:48:03
47,4,1,1265.4,2025-12-08 00:47:04,55451.0,,47,4,1,1217.412964,2025-12-08 00:48:04
47,5,1,1250.8,2025-12-08 00:47:05,54450.0,,47,5,1,1218.489746,2025-12-08 00:48:05
47,6,1,1253.5,2025-12-08 00:47:06,53447.0,,47,6,1,1219.606079,2025-12-08 00:48:06
47,7,1,1252.1,2025-12-08 00:47:07,52445.0,,47,7,1,1220.747681,2025-12-08 00:48:07
47,8,1,1259.1,2025-12-08 00:47:08,51444.0,,47,8,1,1221.905151,2025-12-08 00:48:08
47,9,1,1257.9,2025-12-08 00:47:09,50442.0,,47,9,1,1223.070801,2025-12-08 00:48:09
47,10,1,1257.9,2025-12-08 00:47:10,49439.0,,47,10,1,1224.239014,2025-12-08 00:48:10
47,11,1,1253.1,2025-12-08 00:47:11,48438.0,,47,11,1,1225.405884,2025-12-08 00:48:11
47,12,1,1254.3,2025-12-08 00:47:12,47438.0,,47,12,1,1226.568726,2025-12-08 00:48:12
47,13,1,1261.8,2025-12-08 00:47:13,46436.0,,47,13,1,1227.724854,2025-12-08 00:48:13
47,14,1,1257.0,2025-12-08 00:47:14,45426.0,,47,14,1,1228.872803,2025-12-08 00:48:14
47,15,1,1253.7,2025-12-08 00:47:15,44424.0,,47,15,1,1230.011475,2025-12-08 00:48:15
47,16,1,1249.3,2025-12-08 00:47:16,43422.0,,47,16,1,1231.140015,2025-12-08 00:48:16
47,17,1,1253.9,2025-12-08 00:47:17,42408.0,,47,17,1,1232.258057,2025-12-08 00:48:17
47,18,1,1254.7,2025-12-08 00:47:18,41406.0,,47,18,1,1233.364868,2025-12-08 00:48:18
47,19,1,1258.7,2025-12-08 00:47:19,40399.0,,47,19,1,1234.460693,2025-12-08 00:48:19
47,20,1,1258.9,2025-12-08 00:47:20,39352.0,,47,20,1,1235.545166,2025-12-08 00:48:20
47,21,1,1255.9,2025-12-08 00:47:21,38212.0,,47,21,1,1236.618652,2025-12-08 00:48:21
47,22,1,1249.9,2025-12-08 00:47:22,37204.0,,47,22,1,1237.680664,2025-12-08 00:48:22
47,23,1,1266.5,2025-12-08 00:47:23,36183.0,,47,23,1,1238.731934,2025-12-08 00:48:23
47,24,1,1251.8,2025-12-08 00:47:24,35182.0,,47,24,1,1239.772339,2025-12-08 00:48:24
47,25,1,1250.2,2025-12-08 00:47:25,34182.0,,47,25,1,1240.802002,2025-12-08 00:48:25
47,26,1,1210.2,2025-12-08 00:47:26,33180.0,,47,26,1,1241.821289,2025-12-08 00:48:26
47,27,1,1212.1,2025-12-08 00:47:27,32161.0,,47,27,1,1242.830078,2025-12-08 00:48:27
47,28,1,1209.4,2025-12-08 00:47:28,31155.0,,47,28,1,1243.828979,2025-12-08 00:48:28
47,29,1,1208.0,2025-12-08 00:47:29,30149.0,,47,29,1,1244.817993,2025-12-08 00:48:29
47,30,1,1209.4,2025-12-08 00:47:30,29148.0,,47,30,1,1245.797241,2025-12-08 00:48:30
47,31,1,1205.6,2025-12-08 00:47:31,28088.0,,47,31,1,1246.76709,2025-12-08 00:48:31
47,32,1,1208.4,2025-12-08 00:47:32,27087.0,,47,32,1,1247.727661,2025-12-08 00:48:32
47,33,1,1210.0,2025-12-08 00:47:33,26084.0,,47,33,1,1248.678955,2025-12-08 00:48:33
47,34,1,1209.2,2025-12-08 00:47:34,25082.0,,47,34,1,1249.621216,2025-12-08 00:48:34
47,35,1,1208.0,2025-12-08 00:47:35,24081.0,,47,35,1,1250.55481,2025-12-08 00:48:35
47,36,1,1211.3,2025-12-08 00:47:36,23080.0,,47,36,1,1251.479492,2025-12-08 00:48:36
47,37,1,1209.6,2025-12-08 00:47:37,22077.0,,47,37,1,1252.395874,2025-12-08 00:48:37
47,38,1,1210.0,2025-12-08 00:47:38,21072.0,,47,38,1,1253.303711,2025-12-08 00:48:38
47,39,1,1210.0,2025-12-08 00:47:39,20071.0,,47,39,1,1254.203491,2025-12-08 00:48:39
47,40,1,1207.0,2025-12-08 00:47:40,19067.0,,47,40,1,1255.094971,2025-12-08 00:48:40
47,41,1,1216.9,2025-12-08 00:47:41,18062.0,,47,41,1,1255.978516,2025-12-08 00:48:41
47,42,1,1207.6,2025-12-08 00:47:42,17061.0,,47,42,1,1256.854248,2025-12-08 00:48:42
47,43,1,1207.5,2025-12-08 00:47:43,16051.0,,47,43,1,1257.72229,2025-12-08 00:48:43
47,44,1,1208.8,2025-12-08 00:47:44,15047.0,,47,44,1,1258.58252,2025-12-08 00:48:44
47,45,1,1206.5,2025-12-08 00:47:45,14036.0,,47,45,1,1259.435425,2025-12-08 00:48:45
47,46,1,1208.7,2025-12-08 00:47:46,13034.0,,47,46,1,1260.281006,2025-12-08 00:48:46
47,47,1,1212.2,2025-12-08 00:47:47,12033.0,,47,47,1,1261.119141,2025-12-08 00:48:47
47,48,1,1210.5,2025-12-08 00:47:48,11026.0,,47,48,1,1261.950195,2025-12-08 00:48:48
47,49,1,1206.4,2025-12-08 00:47:49,10026.0,,47,49,1,1262.774292,2025-12-08 00:48:49
47,50,1,1207.2,2025-12-08 00:47:50,9025.0,,47,50,1,1263.591309,2025-12-08 00:48:50
47,51,1,1206.8,2025-12-08 00:47:51,8023.0,,47,51,1,1264.401489,2025-12-08 00:48:51
47,52,1,1205.0,2025-12-08 00:47:52,7022.0,,47,52,1,1265.204956,2025-12-08 00:48:52
47,53,1,1216.5,2025-12-08 00:47:53,6021.0,,47,53,1,1266.001831,2025-12-08 00:48:53
47,54,1,1204.6,2025-12-08 00:47:54,5020.0,,47,54,1,1266.792114,2025-12-08 00:48:54
47,55,1,1211.7,2025-12-08 00:47:55,4017.0,,47,55,1,1267.575684,2025-12-08 00:48:55
47,56,1,1204.0,2025-12-08 00:47:56,3017.0,,47,56,1,1268.353149,2025-12-08 00:48:56
47,57,1,1204.2,2025-12-08 00:47:57,2012.0,,47,57,1,1269.124146,2025-12-08 00:48:57
47,58,1,1217.6,2025-12-08 00:47:58,1011.0,,47,58,1,1269.889038,2025-12-08 00:48:58
47,59,1,1206.1,2025-12-08 00:47:59,10.0,,47,59,1,1270.647583,2025-12-08 00:48:59
48,0,1,1207.1,2025-12-08 00:48:00,59109.0,,48,0,1,1301.849121,2025-12-08 00:49:00
48,1,1,1221.9,2025-12-08 00:48:01,58105.0,,48,1,1,1302.252563,2025-12-08 00:49:01
48,2,1,1209.5,2025-12-08 00:48:02,57103.0,,48,2,1,1302.598267,2025-12-08 00:49:02
48,3,1,1204.4,2025-12-08 00:48:03,56102.0,,48,3,1,1302.930176,2025-12-08 00:49:03
48,4,1,1276.2,2025-12-08 00:48:04,55101.0,,48,4,1,1303.252686,2025-12-08 00:49:04
48,5,1,1309.7,2025-12-08 00:48:05,54101.0,,48,5,1,1303.567749,2025-12-08 00:49:05
48,6,1,1308.8,2025-12-08 00:48:06,53100.0,,48,6,1,1303.876953,2025-12-08 00:49:06
48,7,1,1298.3,2025-12-08 00:48:07,52099.0,,48,7,1,1304.181641,2025-12-08 00:49:07
48,8,1,1300.3,2025-12-08 00:48:08,51098.0,,48,8,1,1304.481812,2025-12-08 00:49:08
48,9,1,1298.9,2025-12-08 00:48:09,50098.0,,48,9,1,1304.778809,2025-12-08 00:49:09
48,10,1,1299.4,2025-12-08 00:48:10,49092.0,,48,10,1,1305.072754,2025-12-08 00:49:10
48,11,1,1306.7,2025-12-08 00:48:11,48091.0,,48,11,1,1305.364014,2025-12-08 00:49:11
48,12,1,1304.0,2025-12-08 00:48:12,47089.0,,48,12,1,1305.65332,2025-12-08 00:49:12
48,13,1,1300.4,2025-12-08 00:48:13,46089.0,,48,13,1,1305.94043,2025-12-08 00:49:13
48,14,1,1302.2,2025-12-08 00:48:14,45088.0,,48,14,1,1306.225464,2025-12-08 00:49:14
48,15,1,1300.8,2025-12-08 00:48:15,44087.0,,48,15,1,1306.509277,2025-12-08 00:49:15
48,16,1,1299.2,2025-12-08 00:48:16,43086.0,,48,16,1,1306.791504,2025-12-08 00:49:16
48,17,1,1301.8,2025-12-08 00:48:17,42085.0,,48,17,1,1307.072388,2025-12-08 00:49:17
48,18,1,1304.3,2025-12-08 00:48:18,41081.0,,48,18,1,1307.351929,2025-12-08 00:49:18
48,19,1,1317.3,2025-12-08 00:48:19,40079.0,,48,19,1,1307.630249,2025-12-08 00:49:19
48,20,1,1310.0,2025-12-08 00:48:20,39077.0,,48,20,1,1307.907471,2025-12-08 00:49:20
48,21,1,1300.0,2025-12-08 00:48:21,38076.0,,48,21,1,1308.183838,2025-12-08 00:49:21
48,22,1,1297.5,2025-12-08 00:48:22,37075.0,,48,22,1,1308.458862,2025-12-08 00:49:22
48,23,1,1303.6,2025-12-08 00:48:23,36074.0,,48,23,1,1308.733276,2025-12-08 00:49:23
48,24,1,1310.1,2025-12-08 00:48:24,35073.0,,48,24,1,1309.006592,2025-12-08 00:49:24
48,25,1,1307.4,2025-12-08 00:48:25,34072.0,,48,25,1,1309.279053,2025-12-08 00:49:25
48,26,1,1306.5,2025-12-08 00:48:26,33071.0,,48,26,1,1309.550659,2025-12-08 00:49:26
48,27,1,1303.6,2025-12-08 00:48:27,32070.0,,48,27,1,1309.821411,2025-12-08 00:49:27
48,28,1,1298.5,2025-12-08 00:48:28,31067.0,,48,28,1,1310.091309,2025-12-08 00:49:28
48,29,1,1310.7,2025-12-08 00:48:29,30064.0,,48,29,1,1310.360352,2025-12-08 00:49:29
48,30,1,1300.3,2025-12-08 00:48:30,29062.0,,48,30,1,1310.62854,2025-12-08 00:49:30
48,31,1,1300.2,2025-12-08 00:48:31,28060.0,,48,31,1,1310.895874,2025-12-08 00:49:31
48,32,1,1300.7,2025-12-08 00:48:32,27059.0,,48,32,1,1311.162476,2025-12-08 00:49:32
48,33,1,1300.3,2025-12-08 00:48:33,26058.0,,48,33,1,1311.428345,2025-12-08 00:49:33
48,34,1,1301.4,2025-12-08 00:48:34,25057.0,,48,34,1,1311.693481,2025-12-08 00:49:34
48,35,1,1299.5,2025-12-08 00:48:35,24055.0,,48,35,1,1311.957642,2025-12-08 00:49:35
48,36,1,1299.1,2025-12-08 00:48:36,23054.0,,48,36,1,1312.221191,2025-12-08 00:49:36
48,37,1,1298.4,2025-12-08 00:48:37,22053.0,,48,37,1,1312.483887,2025-12-08 00:49:37
48,38,1,1301.0,2025-12-08 00:48:38,21052.0,,48,38,1,1312.74585,2025-12-08 00:49:38
48,39,1,1301.6,2025-12-08 00:48:39,20050.0,,48,39,1,1313.006958,2025-12-08 00:49:39
48,40,1,1304.6,2025-12-08 00:48:40,19049.0,,48,40,1,1313.267456,2025-12-08 00:49:40
48,41,1,1299.6,2025-12-08 00:48:41,18047.0,,48,41,1,1313.5271,2025-12-08 00:49:41
48,42,1,1298.1,2025-12-08 00:48:42,17046.0,,48,42,1,1313.785889,2025-12-08 00:49:42
48,43,1,1298.7,2025-12-08 00:48:43,16044.0,,48,43,1,1314.044067,2025-12-08 00:49:43
48,44,1,1299.5,2025-12-08 00:48:44,15043.0,,48,44,1,1314.301636,2025-12-08 00:49:44
48,45,1,1305.2,2025-12-08 00:48:45,14042.0,,48,45,1,1314.55835,2025-12-08 00:49:45
48,46,1,1298.7,2025-12-08 00:48:46,13040.0,,48,46,1,1314.814209,2025-12-08 00:49:46
48,47,1,1297.6,2025-12-08 00:48:47,12039.0,,48,47,1,1315.069458,2025-12-08 00:49:47
48,48,1,1298.8,2025-12-08 00:48:48,11038.0,,48,48,1,1315.323975,2025-12-08 00:49:48
48,49,1,1297.6,2025-12-08 00:48:49,10037.0,,48,49,1,1315.577881,2025-12-08 00:49:49
48,50,1,1297.6,2025-12-08 00:48:50,9035.0,,48,50,1,1315.830933,2025-12-08 00:49:50
48,51,1,1298.6,2025-12-08 00:48:51,8034.0,,48,51,1,1316.083374,2025-12-08 00:49:51
48,52,1,1297.3,2025-12-08 00:48:52,7032.0,,48,52,1,1316.335205,2025-12-08 00:49:52
48,53,1,1301.3,2025-12-08 00:48:53,6031.0,,48,53,1,1316.586182,2025-12-08 00:49:53
48,54,1,1300.0,2025-12-08 00:48:54,5030.0,,48,54,1,1316.836426,2025-12-08 00:49:54
48,55,1,1298.1,2025-12-08 00:48:55,4026.0,,48,55,1,1317.08606,2025-12-08 00:49:55
48,56,1,1296.9,2025-12-08 00:48:56,3025.0,,48,56,1,1317.334961,2025-12-08 00:49:56
48,57,1,1306.2,2025-12-08 00:48:57,2020.0,,48,57,1,1317.583374,2025-12-08 00:49:57
48,58,1,1307.3,2025-12-08 00:48:58,1018.0,,48,58,1,1317.830811,2025-12-08 00:49:58
48,59,1,1297.9,2025-12-08 00:48:59,14.0,,48,59,1,1318.077759,2025-12-08 00:49:59
49,0,1,1301.5,2025-12-08 00:49:00,59111.0,,49,0,1,1387.052612,2025-12-08 00:50:00
49,1,1,1302.0,2025-12-08 00:49:01,58107.0,,49,1,1,1387.507446,2025-12-08 00:50:01
49,2,1,1305.9,2025-12-08 00:49:02,57106.0,,49,2,1,1387.820557,2025-12-08 00:50:02
49,3,1,1301.7,2025-12-08 00:49:03,56104.0,,49,3,1,1388.022339,2025-12-08 00:50:03
49,4,1,1302.3,2025-12-08 00:49:04,55104.0,,49,4,1,1388.139282,2025-12-08 00:50:04
49,5,1,1300.3,2025-12-08 00:49:05,54101.0,,49,5,1,1388.193848,2025-12-08 00:50:05
49,6,1,1302.4,2025-12-08 00:49:06,53100.0,,49,6,1,1388.203613,2025-12-08 00:50:06
49,7,1,1299.6,2025-12-08 00:49:07,52099.0,,49,7,1,1388.182129,2025-12-08 00:50:07
49,8,1,1302.6,2025-12-08 00:49:08,51097.0,,49,8,1,1388.139771,2025-12-08 00:50:08
49,9,1,1300.1,2025-12-08 00:49:09,50096.0,,49,9,1,1388.083252,2025-12-08 00:50:09
49,10,1,1298.9,2025-12-08 00:49:10,49093.0,,49,10,1,1388.017334,2025-12-08 00:50:10
49,11,1,1300.3,2025-12-08 00:49:11,48091.0,,49,11,1,1387.944702,2025-12-08 00:50:11
49,12,1,1302.1,2025-12-08 00:49:12,47088.0,,49,12,1,1387.867065,2025-12-08 00:50:12
49,13,1,1297.7,2025-12-08 00:49:13,46087.0,,49,13,1,1387.784912,2025-12-08 00:50:13
49,14,1,1300.1,2025-12-08 00:49:14,45085.0,,49,14,1,1387.698486,2025-12-08 00:50:14
49,15,1,1304.4,2025-12-08 00:49:15,44082.0,,49,15,1,1387.60791,2025-12-08 00:50:15
49,16,1,1301.1,2025-12-08 00:49:16,43079.0,,49,16,1,1387.512573,2025-12-08 00:50:16
49,17,1,1300.7,2025-12-08 00:49:17,42078.0,,49,17,1,1387.41272,2025-12-08 00:50:17
49,18,1,1300.7,2025-12-08 00:49:18,41076.0,,49,18,1,1387.308228,2025-12-08 00:50:18
49,19,1,1301.9,2025-12-08 00:49:19,40075.0,,49,19,1,1387.198853,2025-12-08 00:50:19
49,20,1,1303.9,2025-12-08 00:49:20,39073.0,,49,20,1,1387.085327,2025-12-08 00:50:20
49,21,1,1308.1,2025-12-08 00:49:21,38072.0,,49,21,1,1386.967285,2025-12-08 00:50:21
49,22,1,1298.2,2025-12-08 00:49:22,37069.0,,49,22,1,1386.845459,2025-12-08 00:50:22
49,23,1,1303.1,2025-12-08 00:49:23,36067.0,,49,23,1,1386.720093,2025-12-08 00:50:23
49,24,1,1299.2,2025-12-08 00:49:24,35065.0,,49,24,1,1386.591553,2025-12-08 00:50:24
49,25,1,1299.6,2025-12-08 00:49:25,34063.0,,49,25,1,1386.460205,2025-12-08 00:50:25
49,26,1,1300.6,2025-12-08 00:49:26,33062.0,,49,26,1,1386.326416,2025-12-08 00:50:26
49,27,1,1298.4,2025-12-08 00:49:27,32061.0,,49,27,1,1386.190674,2025-12-08 00:50:27
49,28,1,1299.5,2025-12-08 00:49:28,31060.0,,49,28,1,1386.052979,2025-12-08 00:50:28
49,29,1,1300.3,2025-12-08 00:49:29,30058.0,,49,29,1,1385.913574,2025-12-08 00:50:29
49,30,1,1300.6,2025-12-08 00:49:30,29058.0,,49,30,1,1385.772827,2025-12-08 00:50:30
49,31,1,1299.8,2025-12-08 00:49:31,28055.0,,49,31,1,1385.630859,2025-12-08 00:50:31
49,32,1,1306.5,2025-12-08 00:49:32,27053.0,,49,32,1,1385.487671,2025-12-08 00:50:32
49,33,1,1309.3,2025-12-08 00:49:33,26052.0,,49,33,1,1385.343384,2025-12-08 00:50:33
49,34,1,1306.6,2025-12-08 00:49:34,25051.0,,49,34,1,1385.198242,2025-12-08 00:50:34
49,35,1,1309.1,2025-12-08 00:49:35,24050.0,,49,35,1,1385.052246,2025-12-08 00:50:35
49,36,1,1307.3,2025-12-08 00:49:36,23047.0,,49,36,1,1384.905151,2025-12-08 00:50:36
49,37,1,1302.5,2025-12-08 00:49:37,22046.0,,49,37,1,1384.757324,2025-12-08 00:50:37
49,38,1,1301.4,2025-12-08 00:49:38,21045.0,,49,38,1,1384.608521,2025-12-08 00:50:38
49,39,1,1299.9,2025-12-08 00:49:39,20044.0,,49,39,1,1384.459106,2025-12-08 00:50:39
49,40,1,1303.2,2025-12-08 00:49:40,19042.0,,49,40,1,1384.308716,2025-12-08 00:50:40
49,41,1,1302.4,2025-12-08 00:49:41,18041.0,,49,41,1,1384.157593,2025-12-08 00:50:41
49,42,1,1340.2,2025-12-08 00:49:42,17040.0,,49,42,1,1384.005493,2025-12-08 00:50:42
49,43,1,1392.7,2025-12-08 00:49:43,16039.0,,49,43,1,1383.852783,2025-12-08 00:50:43
49,44,1,1381.9,2025-12-08 00:49:44,15038.0,,49,44,1,1383.698975,2025-12-08 00:50:44
49,45,1,1382.0,2025-12-08 00:49:45,14035.0,,49,45,1,1383.544678,2025-12-08 00:50:45
49,46,1,1378.7,2025-12-08 00:49:46,13034.0,,49,46,1,1383.389282,2025-12-08 00:50:46
49,47,1,1379.9,2025-12-08 00:49:47,12034.0,,49,47,1,1383.233276,2025-12-08 00:50:47
49,48,1,1379.3,2025-12-08 00:49:48,11030.0,,49,48,1,1383.076538,2025-12-08 00:50:48
49,49,1,1377.1,2025-12-08 00:49:49,10029.0,,49,49,1,1382.919067,2025-12-08 00:50:49
49,50,1,1379.2,2025-12-08 00:49:50,9028.0,,49,50,1,1382.760742,2025-12-08 00:50:50
49,51,1,1380.2,2025-12-08 00:49:51,8028.0,,49,51,1,1382.601685,2025-12-08 00:50:51
49,52,1,1381.0,2025-12-08 00:49:52,7026.0,,49,52,1,1382.441895,2025-12-08 00:50:52
49,53,1,1381.4,2025-12-08 00:49:53,6024.0,,49,53,1,1382.28125,2025-12-08 00:50:53
49,54,1,1380.9,2025-12-08 00:49:54,5023.0,,49,54,1,1382.120117,2025-12-08 00:50:54
49,55,1,1380.5,2025-12-08 00:49:55,4022.0,,49,55,1,1381.95813,2025-12-08 00:50:55
49,56,1,1383.5,2025-12-08 00:49:56,3020.0,,49,56,1,1381.795288,2025-12-08 00:50:56
49,57,1,1381.8,2025-12-08 00:49:57,2017.0,,49,57,1,1381.631836,2025-12-08 00:50:57
49,58,1,1396.7,2025-12-08 00:49:58,1015.0,,49,58,1,1381.467651,2025-12-08 00:50:58
49,59,1,1385.9,2025-12-08 00:49:59,13.0,,49,59,1,1381.302734,2025-12-08 00:50:59
50,0,1,1386.9,2025-12-08 00:50:00,102168.0,,50,0,1,1495.856445,2025-12-08 00:51:00
50,1,1,1384.0,2025-12-08 00:50:01,101163.0,,50,1,1,1497.114868,2025-12-08 00:51:01
50,2,1,1390.0,2025-12-08 00:50:02,100160.0,,50,2,1,1498.424805,2025-12-08 00:51:02
50,3,1,1387.3,2025-12-08 00:50:03,99157.0,,50,3,1,1499.766968,2025-12-08 00:51:03
50,4,1,1384.9,2025-12-08 00:50:04,98155.0,,50,4,1,1501.125854,2025-12-08 00:51:04
50,5,1,1388.3,2025-12-08 00:50:05,97151.0,,50,5,1,1502.492432,2025-12-08 00:51:05
50,6,1,1384.4,2025-12-08 00:50:06,96148.0,,50,6,1,1503.863159,2025-12-08 00:51:06
50,7,1,1384.0,2025-12-08 00:50:07,95145.0,,50,7,1,1505.237793,2025-12-08 00:51:07
50,8,1,1384.5,2025-12-08 00:50:08,94144.0,,50,8,1,1506.619385,2025-12-08 00:51:08
50,9,1,1387.7,2025-12-08 00:50:09,93140.0,,50,9,1,1508.011963,2025-12-08 00:51:09
50,10,1,1387.1,2025-12-08 00:50:10,92139.0,,50,10,1,1509.420654,2025-12-08 00:51:10
50,11,1,1388.7,2025-12-08 00:50:11,91137.0,,50,11,1,1510.849854,2025-12-08 00:51:11
50,12,1,1390.7,2025-12-08 00:50:12,90135.0,,50,12,1,1512.304565,2025-12-08 00:51:12
50,13,1,1390.7,2025-12-08 00:50:13,89128.0,,50,13,1,1513.788574,2025-12-08 00:51:13
50,14,1,1395.2,2025-12-08 00:50:14,88126.0,,50,14,1,1515.305542,2025-12-08 00:51:14
50,15,1,1386.9,2025-12-08 00:50:15,87124.0,,50,15,1,1516.857422,2025-12-08 00:51:15
50,16,1,1404.6,2025-12-08 00:50:16,86119.0,,50,16,1,1518.446777,2025-12-08 00:51:16
50,17,1,1391.2,2025-12-08 00:50:17,85116.0,,50,17,1,1520.074707,2025-12-08 00:51:17
50,18,1,1387.5,2025-12-08 00:50:18,84111.0,,50,18,1,1521.742554,2025-12-08 00:51:18
50,19,1,1389.1,2025-12-08 00:50:19,83101.0,,50,19,1,1523.451172,2025-12-08 00:51:19
50,20,1,1394.6,2025-12-08 00:50:20,82095.0,,50,20,1,1525.201294,2025-12-08 00:51:20
50,21,1,1395.8,2025-12-08 00:50:21,81093.0,,50,21,1,1526.993408,2025-12-08 00:51:21
50,22,1,1390.8,2025-12-08 00:50:22,80081.0,,50,22,1,1528.828613,2025-12-08 00:51:22
50,23,1,1386.5,2025-12-08 00:50:23,79056.0,,50,23,1,1530.70752,2025-12-08 00:51:23
50,24,1,1398.6,2025-12-08 00:50:24,78055.0,,50,24,1,1532.630859,2025-12-08 00:51:24
50,25,1,1382.8,2025-12-08 00:50:25,77048.0,,50,25,1,1534.60022,2025-12-08 00:51:25
50,26,1,1384.9,2025-12-08 00:50:26,76047.0,,50,26,1,1536.616333,2025-12-08 00:51:26
50,27,1,1386.9,2025-12-08 00:50:27,75015.0,,50,27,1,1538.680664,2025-12-08 00:51:27
50,28,1,1387.7,2025-12-08 00:50:28,73973.0,,50,28,1,1540.794922,2025-12-08 00:51:28
50,29,1,1390.8,2025-12-08 00:50:29,72875.0,,50,29,1,1542.960449,2025-12-08 00:51:29
50,30,1,1386.1,2025-12-08 00:50:30,71584.0,,50,30,1,1545.179321,2025-12-08 00:51:30
50,31,1,1386.3,2025-12-08 00:50:31,70574.0,,50,31,1,1547.453369,2025-12-08 00:51:31
50,32,1,1394.7,2025-12-08 00:50:32,69408.0,,50,32,1,1549.784302,2025-12-08 00:51:32
50,33,1,1386.7,2025-12-08 00:50:33,68399.0,,50,33,1,1552.174438,2025-12-08 00:51:33
50,34,1,1385.3,2025-12-08 00:50:34,67398.0,,50,34,1,1554.625977,2025-12-08 00:51:34
50,35,1,1457.9,2025-12-08 00:50:35,66389.0,,50,35,1,1557.140991,2025-12-08 00:51:35
50,36,1,1481.8,2025-12-08 00:50:36,65376.0,,50,36,1,1559.722412,2025-12-08 00:51:36
50,37,1,1477.2,2025-12-08 00:50:37,64372.0,,50,37,1,1562.37207,2025-12-08 00:51:37
50,38,1,1481.4,2025-12-08 00:50:38,63195.0,,50,38,1,1565.093262,2025-12-08 00:51:38
50,39,1,1480.1,2025-12-08 00:50:39,62140.0,,50,39,1,1567.888306,2025-12-08 00:51:39
50,40,1,1486.7,2025-12-08 00:50:40,61133.0,,50,40,1,1570.760498,2025-12-08 00:51:40
50,41,1,1485.5,2025-12-08 00:50:41,60119.0,,50,41,1,1573.712769,2025-12-08 00:51:41
50,42,1,1494.5,2025-12-08 00:50:42,59117.0,,50,42,1,1576.748169,2025-12-08 00:51:42
50,43,1,1486.2,2025-12-08 00:50:43,58096.0,,50,43,1,1579.870117,2025-12-08 00:51:43
50,44,1,1493.2,2025-12-08 00:50:44,57095.0,,50,44,1,1583.082397,2025-12-08 00:51:44
50,45,1,1491.3,2025-12-08 00:50:45,56093.0,,50,45,1,1586.38855,2025-12-08 00:51:45
50,46,1,1488.6,2025-12-08 00:50:46,55091.0,,50,46,1,1589.792725,2025-12-08 00:51:46
50,47,1,1489.4,2025-12-08 00:50:47,54089.0,,50,47,1,1593.299072,2025-12-08 00:51:47
50,48,1,1485.6,2025-12-08 00:50:48,53084.0,,50,48,1,1596.911987,2025-12-08 00:51:48
50,49,1,1486.6,2025-12-08 00:50:49,52074.0,,50,49,1,1600.636108,2025-12-08 00:51:49
50,50,1,1499.1,2025-12-08 00:50:50,51068.0,,50,50,1,1604.47644,2025-12-08 00:51:50
50,51,1,1492.5,2025-12-08 00:50:51,50056.0,,50,51,1,1608.438232,2025-12-08 00:51:51
50,52,1,1490.8,2025-12-08 00:50:52,49046.0,,50,52,1,1612.526978,2025-12-08 00:51:52
50,53,1,1491.9,2025-12-08 00:50:53,48036.0,,50,53,1,1616.748657,2025-12-08 00:51:53
50,54,1,1486.8,2025-12-08 00:50:54,47019.0,,50,54,1,1621.109375,2025-12-08 00:51:54
50,55,1,1486.4,2025-12-08 00:50:55,46016.0,,50,55,1,1625.615967,2025-12-08 00:51:55
50,56,1,1494.3,2025-12-08 00:50:56,45010.0,,50,56,1,1630.275269,2025-12-08 00:51:56
50,57,1,1492.4,2025-12-08 00:50:57,44009.0,,50,57,1,1635.094971,2025-12-08 00:51:57
50,58,1,1492.5,2025-12-08 00:50:58,42996.0,,50,58,1,1640.082764,2025-12-08 00:51:58
50,59,1,1493.7,2025-12-08 00:50:59,41968.0,,50,59,1,1645.247437,2025-12-08 00:51:59
51,0,1,1493.0,2025-12-08 00:51:00,59164.0,,51,0,1,1612.91626,2025-12-08 00:52:00
51,1,1,1500.7,2025-12-08 00:51:01,58162.0,,51,1,1,1616.437134,2025-12-08 00:52:01
51,2,1,1502.2,2025-12-08 00:51:02,57160.0,,51,2,1,1620.424194,2025-12-08 00:52:02
51,3,1,1499.8,2025-12-08 00:51:03,56158.0,,51,3,1,1624.779053,2025-12-08 00:52:03
51,4,1,1501.1,2025-12-08 00:51:04,55155.0,,51,4,1,1629.40918,2025-12-08 00:52:04
51,5,1,1500.5,2025-12-08 00:51:05,54154.0,,51,5,1,1634.248657,2025-12-08 00:52:05
51,6,1,1503.8,2025-12-08 00:51:06,53151.0,,51,6,1,1639.255127,2025-12-08 00:52:06
51,7,1,1496.7,2025-12-08 00:51:07,52148.0,,51,7,1,1644.405762,2025-12-08 00:52:07
51,8,1,1498.1,2025-12-08 00:51:08,51142.0,,51,8,1,1649.694824,2025-12-08 00:52:08
51,9,1,1497.0,2025-12-08 00:51:09,50137.0,,51,9,1,1655.128174,2025-12-08 00:52:09
51,10,1,1495.3,2025-12-08 00:51:10,49136.0,,51,10,1,1660.720093,2025-12-08 00:52:10
51,11,1,1498.9,2025-12-08 00:51:11,48133.0,,51,11,1,1666.490112,2025-12-08 00:52:11
51,12,1,1526.0,2025-12-08 00:51:12,47132.0,,51,12,1,1672.460083,2025-12-08 00:52:12
51,13,1,1593.6,2025-12-08 00:51:13,46130.0,,51,13,1,1678.65332,2025-12-08 00:52:13
51,14,1,1604.1,2025-12-08 00:51:14,45126.0,,51,14,1,1685.092773,2025-12-08 00:52:14
51,15,1,1603.2,2025-12-08 00:51:15,44124.0,,51,15,1,1691.799927,2025-12-08 00:52:15
51,16,1,1610.7,2025-12-08 00:51:16,43122.0,,51,16,1,1698.795898,2025-12-08 00:52:16
51,17,1,1614.2,2025-12-08 00:51:17,42119.0,,51,17,1,1706.10022,2025-12-08 00:52:17
51,18,1,1604.8,2025-12-08 00:51:18,41117.0,,51,18,1,1713.732178,2025-12-08 00:52:18
51,19,1,1612.9,2025-12-08 00:51:19,40111.0,,51,19,1,1721.710693,2025-12-08 00:52:19
51,20,1,1614.1,2025-12-08 00:51:20,39109.0,,51,20,1,1730.055298,2025-12-08 00:52:20
51,21,1,1614.1,2025-12-08 00:51:21,38107.0,,51,21,1,1738.785767,2025-12-08 00:52:21
51,22,1,1611.4,2025-12-08 00:51:22,37105.0,,51,22,1,1747.92334,2025-12-08 00:52:22
51,23,1,1607.0,2025-12-08 00:51:23,36103.0,,51,23,1,1757.491577,2025-12-08 00:52:23
51,24,1,1602.5,2025-12-08 00:51:24,35100.0,,51,24,1,1767.515503,2025-12-08 00:52:24
51,25,1,1604.1,2025-12-08 00:51:25,34098.0,,51,25,1,1778.022339,2025-12-08 00:52:25
51,26,1,1604.9,2025-12-08 00:51:26,33096.0,,51,26,1,1789.042725,2025-12-08 00:52:26
51,27,1,1610.0,2025-12-08 00:51:27,32095.0,,51,27,1,1800.609985,2025-12-08 00:52:27
51,28,1,1618.8,2025-12-08 00:51:28,31093.0,,51,28,1,1812.760376,2025-12-08 00:52:28
51,29,1,1609.9,2025-12-08 00:51:29,30090.0,,51,29,1,1825.534424,2025-12-08 00:52:29
51,30,1,1609.5,2025-12-08 00:51:30,29089.0,,51,30,1,1838.975586,2025-12-08 00:52:30
51,31,1,1606.6,2025-12-08 00:51:31,28087.0,,51,31,1,1853.13147,2025-12-08 00:52:31
51,32,1,1605.7,2025-12-08 00:51:32,27085.0,,51,32,1,1868.055176,2025-12-08 00:52:32
51,33,1,1607.0,2025-12-08 00:51:33,26083.0,,51,33,1,1883.802979,2025-12-08 00:52:33
51,34,1,1605.5,2025-12-08 00:51:34,25081.0,,51,34,1,1900.43689,2025-12-08 00:52:34
51,35,1,1605.0,2025-12-08 00:51:35,24079.0,,51,35,1,1918.024536,2025-12-08 00:52:35
51,36,1,1603.1,2025-12-08 00:51:36,23077.0,,51,36,1,1936.639038,2025-12-08 00:52:36
51,37,1,1599.2,2025-12-08 00:51:37,22075.0,,51,37,1,1956.360352,2025-12-08 00:52:37
51,38,1,1605.4,2025-12-08 00:51:38,21073.0,,51,38,1,1977.274902,2025-12-08 00:52:38
51,39,1,1601.8,2025-12-08 00:51:39,20071.0,,51,39,1,1999.476685,2025-12-08 00:52:39
51,40,1,1622.5,2025-12-08 00:51:40,19069.0,,51,40,1,2023.067871,2025-12-08 00:52:40
51,41,1,1604.0,2025-12-08 00:51:41,18067.0,,51,41,1,2048.157715,2025-12-08 00:52:41
51,42,1,1600.9,2025-12-08 00:51:42,17064.0,,51,42,1,2074.864746,2025-12-08 00:52:42
51,43,1,1613.1,2025-12-08 00:51:43,16063.0,,51,43,1,2103.316406,2025-12-08 00:52:43
51,44,1,1606.3,2025-12-08 00:51:44,15061.0,,51,44,1,2133.647705,2025-12-08 00:52:44
51,45,1,1607.5,2025-12-08 00:51:45,14058.0,,51,45,1,2166.003662,2025-12-08 00:52:45
51,46,1,1606.0,2025-12-08 00:51:46,13056.0,,51,46,1,2200.5354,2025-12-08 00:52:46
51,47,1,1605.2,2025-12-08 00:51:47,12054.0,,51,47,1,2237.400146,2025-12-08 00:52:47
51,48,1,1602.4,2025-12-08 00:51:48,11048.0,,51,48,1,2276.76123,2025-12-08 00:52:48
51,49,1,1606.4,2025-12-08 00:51:49,10040.0,,51,49,1,2318.781738,2025-12-08 00:52:49
51,50,1,1602.8,2025-12-08 00:51:50,9038.0,,51,50,1,2363.622559,2025-12-08 00:52:50
51,51,1,1609.1,2025-12-08 00:51:51,8035.0,,51,51,1,2411.437744,2025-12-08 00:52:51
51,52,1,1605.6,2025-12-08 00:51:52,7032.0,,51,52,1,2462.365967,2025-12-08 00:52:52
51,53,1,1603.9,2025-12-08 00:51:53,6029.0,,51,53,1,2516.522705,2025-12-08 00:52:53
51,54,1,1603.7,2025-12-08 00:51:54,5026.0,,51,54,1,2573.991699,2025-12-08 00:52:54
51,55,1,1604.7,2025-12-08 00:51:55,4023.0,,51,55,1,2634.810547,2025-12-08 00:52:55
51,56,1,1603.5,2025-12-08 00:51:56,3021.0,,51,56,1,2698.960449,2025-12-08 00:52:56
51,57,1,1605.1,2025-12-08 00:51:57,2017.0,,51,57,1,2766.350586,2025-12-08 00:52:57
51,58,1,1599.4,2025-12-08 00:51:58,1013.0,,51,58,1,2836.806396,2025-12-08 00:52:58
51,59,1,1604.9,2025-12-08 00:51:59,11.0,,51,59,1,2910.058105,2025-12-08 00:52:59
52,0,1,1601.1,2025-12-08 00:52:00,59480.0,,52,0,1,1613.53479,2025-12-08 00:53:00
52,1,1,1607.1,2025-12-08 00:52:01,58477.0,,52,1,1,1616.997681,2025-12-08 00:53:01
52,2,1,1603.2,2025-12-08 00:52:02,57475.0,,52,2,1,1620.947144,2025-12-08 00:53:02
52,3,1,1598.7,2025-12-08 00:52:03,56472.0,,52,3,1,1625.289551,2025-12-08 00:53:03
52,4,1,1603.7,2025-12-08 00:52:04,55465.0,,52,4,1,1629.927856,2025-12-08 00:53:04
52,5,1,1604.8,2025-12-08 00:52:05,54462.0,,52,5,1,1634.79126,2025-12-08 00:53:05
52,6,1,1604.6,2025-12-08 00:52:06,53458.0,,52,6,1,1639.832153,2025-12-08 00:53:06
52,7,1,1602.8,2025-12-08 00:52:07,52452.0,,52,7,1,1645.024292,2025-12-08 00:53:07
52,8,1,1604.0,2025-12-08 00:52:08,51449.0,,52,8,1,1650.358521,2025-12-08 00:53:08
52,9,1,1598.6,2025-12-08 00:52:09,50436.0,,52,9,1,1655.838013,2025-12-08 00:53:09
52,10,1,1606.7,2025-12-08 00:52:10,49428.0,,52,10,1,1661.475708,2025-12-08 00:53:10
52,11,1,1604.6,2025-12-08 00:52:11,48416.0,,52,11,1,1667.290161,2025-12-08 00:53:11
52,12,1,1605.5,2025-12-08 00:52:12,47407.0,,52,12,1,1673.303345,2025-12-08 00:53:12
52,13,1,1601.6,2025-12-08 00:52:13,46398.0,,52,13,1,1679.538208,2025-12-08 00:53:13
52,14,1,1608.2,2025-12-08 00:52:14,45388.0,,52,14,1,1686.018066,2025-12-08 00:53:14
52,15,1,1605.2,2025-12-08 00:52:15,44379.0,,52,15,1,1692.765137,2025-12-08 00:53:15
52,16,1,1600.6,2025-12-08 00:52:16,43375.0,,52,16,1,1699.80127,2025-12-08 00:53:16
52,17,1,1601.7,2025-12-08 00:52:17,42365.0,,52,17,1,1707.146606,2025-12-08 00:53:17
52,18,1,1600.5,2025-12-08 00:52:18,41356.0,,52,18,1,1714.821411,2025-12-08 00:53:18
52,19,1,1601.5,2025-12-08 00:52:19,40354.0,,52,19,1,1722.844971,2025-12-08 00:53:19
52,20,1,1610.9,2025-12-08 00:52:20,39345.0,,52,20,1,1731.237183,2025-12-08 00:53:20
52,21,1,1610.5,2025-12-08 00:52:21,38344.0,,52,21,1,1740.018555,2025-12-08 00:53:21
52,22,1,1607.4,2025-12-08 00:52:22,37336.0,,52,22,1,1749.210815,2025-12-08 00:53:22
52,23,1,1606.2,2025-12-08 00:52:23,36327.0,,52,23,1,1758.837524,2025-12-08 00:53:23
52,24,1,1602.8,2025-12-08 00:52:24,35316.0,,52,24,1,1768.923584,2025-12-08 00:53:24
52,25,1,1601.4,2025-12-08 00:52:25,34307.0,,52,25,1,1779.497681,2025-12-08 00:53:25
52,26,1,1602.7,2025-12-08 00:52:26,33299.0,,52,26,1,1790.589966,2025-12-08 00:53:26
52,27,1,1603.2,2025-12-08 00:52:27,32293.0,,52,27,1,1802.234253,2025-12-08 00:53:27
52,28,1,1608.8,2025-12-08 00:52:28,31292.0,,52,28,1,1814.467651,2025-12-08 00:53:28
52,29,1,1606.0,2025-12-08 00:52:29,30282.0,,52,29,1,1827.330078,2025-12-08 00:53:29
52,30,1,1602.9,2025-12-08 00:52:30,29272.0,,52,30,1,1840.866333,2025-12-08 00:53:30
52,31,1,1604.3,2025-12-08 00:52:31,28263.0,,52,31,1,1855.124634,2025-12-08 00:53:31
52,32,1,1603.4,2025-12-08 00:52:32,27262.0,,52,32,1,1870.157471,2025-12-08 00:53:32
52,33,1,1602.4,2025-12-08 00:52:33,26241.0,,52,33,1,1886.023071,2025-12-08 00:53:33
52,34,1,1603.3,2025-12-08 00:52:34,25239.0,,52,34,1,1902.783203,2025-12-08 00:53:34
52,35,1,1602.9,2025-12-08 00:52:35,24231.0,,52,35,1,1920.506836,2025-12-08 00:53:35
52,36,1,1603.1,2025-12-08 00:52:36,23222.0,,52,36,1,1939.268066,2025-12-08 00:53:36
52,37,1,1603.9,2025-12-08 00:52:37,22211.0,,52,37,1,1959.147217,2025-12-08 00:53:37
52,38,1,1607.1,2025-12-08 00:52:38,21200.0,,52,38,1,1980.232178,2025-12-08 00:53:38
52,39,1,1602.6,2025-12-08 00:52:39,20186.0,,52,39,1,2002.617676,2025-12-08 00:53:39
52,40,1,1607.5,2025-12-08 00:52:40,19174.0,,52,40,1,2026.406738,2025-12-08 00:53:40
52,41,1,1605.1,2025-12-08 00:52:41,18165.0,,52,41,1,2051.710449,2025-12-08 00:53:41
52,42,1,1603.5,2025-12-08 00:52:42,17162.0,,52,42,1,2078.648438,2025-12-08 00:53:42
52,43,1,1600.7,2025-12-08 00:52:43,16151.0,,52,43,1,2107.348633,2025-12-08 00:53:43
52,44,1,1608.1,2025-12-08 00:52:44,15142.0,,52,44,1,2137.948242,2025-12-08 00:53:44
52,45,1,1604.3,2025-12-08 00:52:45,14132.0,,52,45,1,2170.592285,2025-12-08 00:53:45
52,46,1,1604.7,2025-12-08 00:52:46,13123.0,,52,46,1,2205.433105,2025-12-08 00:53:46
52,47,1,1604.0,2025-12-08 00:52:47,12113.0,,52,47,1,2242.629883,2025-12-08 00:53:47
52,48,1,1605.4,2025-12-08 00:52:48,11104.0,,52,48,1,2282.344482,2025-12-08 00:53:48
52,49,1,1603.6,2025-12-08 00:52:49,10094.0,,52,49,1,2324.741211,2025-12-08 00:53:49
52,50,1,1609.0,2025-12-08 00:52:50,9085.0,,52,50,1,2369.97998,2025-12-08 00:53:50
52,51,1,1603.9,2025-12-08 00:52:51,8076.0,,52,51,1,2418.212646,2025-12-08 00:53:51
52,52,1,1606.2,2025-12-08 00:52:52,7066.0,,52,52,1,2469.576172,2025-12-08 00:53:52
52,53,1,1605.9,2025-12-08 00:52:53,6057.0,,52,53,1,2524.181641,2025-12-08 00:53:53
52,54,1,1605.5,2025-12-08 00:52:54,5046.0,,52,54,1,2582.107422,2025-12-08 00:53:54
52,55,1,1606.6,2025-12-08 00:52:55,4044.0,,52,55,1,2643.384033,2025-12-08 00:53:55
52,56,1,1602.9,2025-12-08 00:52:56,3040.0,,52,56,1,2707.983643,2025-12-08 00:53:56
52,57,1,1606.8,2025-12-08 00:52:57,2030.0,,52,57,1,2775.805176,2025-12-08 00:53:57
52,58,1,1602.1,2025-12-08 00:52:58,1020.0,,52,58,1,2846.661377,2025-12-08 00:53:58
52,59,1,1603.4,2025-12-08 00:52:59,9.0,,52,59,1,2920.268311,2025-12-08 00:53:59
53,0,1,1609.7,2025-12-08 00:53:00,59862.0,,53,0,1,1649.130493,2025-12-08 00:54:00
53,1,1,1606.3,2025-12-08 00:53:01,58855.0,,53,1,1,1653.841797,2025-12-08 00:54:01
53,2,1,1606.7,2025-12-08 00:53:02,57854.0,,53,2,1,1659.120483,2025-12-08 00:54:02
53,3,1,1602.9,2025-12-08 00:53:03,56849.0,,53,3,1,1664.86731,2025-12-08 00:54:03
53,4,1,1602.1,2025-12-08 00:53:04,55846.0,,53,4,1,1670.976318,2025-12-08 00:54:04
53,5,1,1603.6,2025-12-08 00:53:05,54844.0,,53,5,1,1677.373413,2025-12-08 00:54:05
53,6,1,1603.8,2025-12-08 00:53:06,53840.0,,53,6,1,1684.011963,2025-12-08 00:54:06
53,7,1,1600.5,2025-12-08 00:53:07,52838.0,,53,7,1,1690.870728,2025-12-08 00:54:07
53,8,1,1609.3,2025-12-08 00:53:08,51835.0,,53,8,1,1697.946777,2025-12-08 00:54:08
53,9,1,1605.5,2025-12-08 00:53:09,50833.0,,53,9,1,1705.25354,2025-12-08 00:54:09
53,10,1,1605.9,2025-12-08 00:53:10,49831.0,,53,10,1,1712.813721,2025-12-08 00:54:10
53,11,1,1603.2,2025-12-08 00:53:11,48829.0,,53,11,1,1720.656738,2025-12-08 00:54:11
53,12,1,1626.8,2025-12-08 00:53:12,47823.0,,53,12,1,1728.81604,2025-12-08 00:54:12
53,13,1,1609.6,2025-12-08 00:53:13,46822.0,,53,13,1,1737.32605,2025-12-08 00:54:13
53,14,1,1607.3,2025-12-08 00:53:14,45818.0,,53,14,1,1746.221436,2025-12-08 00:54:14
53,15,1,1601.1,2025-12-08 00:53:15,44815.0,,53,15,1,1755.536743,2025-12-08 00:54:15
53,16,1,1610.1,2025-12-08 00:53:16,43812.0,,53,16,1,1765.305786,2025-12-08 00:54:16
53,17,1,1602.0,2025-12-08 00:53:17,42808.0,,53,17,1,1775.562256,2025-12-08 00:54:17
53,18,1,1607.4,2025-12-08 00:53:18,41805.0,,53,18,1,1786.338745,2025-12-08 00:54:18
53,19,1,1604.9,2025-12-08 00:53:19,40803.0,,53,19,1,1797.670044,2025-12-08 00:54:19
53,20,1,1614.3,2025-12-08 00:53:20,39802.0,,53,20,1,1809.591431,2025-12-08 00:54:20
53,21,1,1609.7,2025-12-08 00:53:21,38800.0,,53,21,1,1822.141235,2025-12-08 00:54:21
53,22,1,1607.1,2025-12-08 00:53:22,37798.0,,53,22,1,1835.359863,2025-12-08 00:54:22
53,23,1,1605.6,2025-12-08 00:53:23,36796.0,,53,23,1,1849.292114,2025-12-08 00:54:23
53,24,1,1606.4,2025-12-08 00:53:24,35795.0,,53,24,1,1863.985596,2025-12-08 00:54:24
53,25,1,1603.8,2025-12-08 00:53:25,34794.0,,53,25,1,1879.494751,2025-12-08 00:54:25
53,26,1,1604.6,2025-12-08 00:53:26,33792.0,,53,26,1,1895.877075,2025-12-08 00:54:26
53,27,1,1602.8,2025-12-08 00:53:27,32789.0,,53,27,1,1913.197144,2025-12-08 00:54:27
53,28,1,1603.9,2025-12-08 00:53:28,31784.0,,53,28,1,1931.525513,2025-12-08 00:54:28
53,29,1,1608.0,2025-12-08 00:53:29,30782.0,,53,29,1,1950.938843,2025-12-08 00:54:29
53,30,1,1607.9,2025-12-08 00:53:30,29780.0,,53,30,1,1971.521362,2025-12-08 00:54:30
53,31,1,1606.9,2025-12-08 00:53:31,28766.0,,53,31,1,1993.364624,2025-12-08 00:54:31
53,32,1,1689.5,2025-12-08 00:53:32,27742.0,,53,32,1,2016.568359,2025-12-08 00:54:32
53,33,1,1657.0,2025-12-08 00:53:33,26714.0,,53,33,1,2041.239502,2025-12-08 00:54:33
53,34,1,1633.6,2025-12-08 00:53:34,25660.0,,53,34,1,2067.494629,2025-12-08 00:54:34
53,35,1,1633.7,2025-12-08 00:53:35,24657.0,,53,35,1,2095.45874,2025-12-08 00:54:35
53,36,1,1632.0,2025-12-08 00:53:36,23655.0,,53,36,1,2125.264893,2025-12-08 00:54:36
53,37,1,1631.9,2025-12-08 00:53:37,22499.0,,53,37,1,2157.055908,2025-12-08 00:54:37
53,38,1,1632.8,2025-12-08 00:53:38,21391.0,,53,38,1,2190.981201,2025-12-08 00:54:38
53,39,1,1636.4,2025-12-08 00:53:39,20389.0,,53,39,1,2227.197021,2025-12-08 00:54:39
53,40,1,1631.8,2025-12-08 00:53:40,19383.0,,53,40,1,2265.864746,2025-12-08 00:54:40
53,41,1,1631.9,2025-12-08 00:53:41,18340.0,,53,41,1,2307.148438,2025-12-08 00:54:41
53,42,1,1631.5,2025-12-08 00:53:42,17304.0,,53,42,1,2351.209473,2025-12-08 00:54:42
53,43,1,1633.4,2025-12-08 00:53:43,16266.0,,53,43,1,2398.20459,2025-12-08 00:54:43
53,44,1,1643.9,2025-12-08 00:53:44,15265.0,,53,44,1,2448.277832,2025-12-08 00:54:44
53,45,1,1642.9,2025-12-08 00:53:45,14240.0,,53,45,1,2501.551514,2025-12-08 00:54:45
53,46,1,1635.7,2025-12-08 00:53:46,13224.0,,53,46,1,2558.118896,2025-12-08 00:54:46
53,47,1,1633.3,2025-12-08 00:53:47,12207.0,,53,47,1,2618.03125,2025-12-08 00:54:47
53,48,1,1634.8,2025-12-08 00:53:48,11176.0,,53,48,1,2681.286133,2025-12-08 00:54:48
53,49,1,1632.8,2025-12-08 00:53:49,10049.0,,53,49,1,2747.813232,2025-12-08 00:54:49
53,50,1,1639.3,2025-12-08 00:53:50,9047.0,,53,50,1,2817.462646,2025-12-08 00:54:50
53,51,1,1640.4,2025-12-08 00:53:51,8045.0,,53,51,1,2889.990479,2025-12-08 00:54:51
53,52,1,1635.5,2025-12-08 00:53:52,7040.0,,53,52,1,2965.053223,2025-12-08 00:54:52
53,53,1,1634.5,2025-12-08 00:53:53,6034.0,,53,53,1,3042.200439,2025-12-08 00:54:53
53,54,1,1634.7,2025-12-08 00:53:54,5032.0,,53,54,1,3120.879395,2025-12-08 00:54:54
53,55,1,1635.3,2025-12-08 00:53:55,4026.0,,53,55,1,3200.444824,2025-12-08 00:54:55
53,56,1,1639.1,2025-12-08 00:53:56,3020.0,,53,56,1,3280.177979,2025-12-08 00:54:56
53,57,1,1632.3,2025-12-08 00:53:57,2012.0,,53,57,1,3359.31543,2025-12-08 00:54:57
53,58,1,1641.3,2025-12-08 00:53:58,1011.0,,53,58,1,3437.081543,2025-12-08 00:54:58
53,59,1,1635.2,2025-12-08 00:53:59,9.0,,53,59,1,3512.727539,2025-12-08 00:54:59
54,0,1,1636.5,2025-12-08 00:54:00,59257.0,,54,0,1,1642.631348,2025-12-08 00:55:00
54,1,1,1636.7,2025-12-08 00:54:01,58249.0,,54,1,1,1647.137329,2025-12-08 00:55:01
54,2,1,1634.6,2025-12-08 00:54:02,57246.0,,54,2,1,1652.204834,2025-12-08 00:55:02
54,3,1,1634.6,2025-12-08 00:54:03,56236.0,,54,3,1,1657.723511,2025-12-08 00:55:03
54,4,1,1635.5,2025-12-08 00:54:04,55230.0,,54,4,1,1663.585693,2025-12-08 00:55:04
54,5,1,1635.4,2025-12-08 00:54:05,54228.0,,54,5,1,1669.71521,2025-12-08 00:55:05
54,6,1,1633.6,2025-12-08 00:54:06,53226.0,,54,6,1,1676.065308,2025-12-08 00:55:06
54,7,1,1635.4,2025-12-08 00:54:07,52183.0,,54,7,1,1682.613892,2025-12-08 00:55:07
54,8,1,1634.8,2025-12-08 00:54:08,51181.0,,54,8,1,1689.358276,2025-12-08 00:55:08
54,9,1,1633.8,2025-12-08 00:54:09,50177.0,,54,9,1,1696.311157,2025-12-08 00:55:09
54,10,1,1634.5,2025-12-08 00:54:10,49175.0,,54,10,1,1703.494873,2025-12-08 00:55:10
54,11,1,1634.0,2025-12-08 00:54:11,48171.0,,54,11,1,1710.937988,2025-12-08 00:55:11
54,12,1,1629.9,2025-12-08 00:54:12,47169.0,,54,12,1,1718.672852,2025-12-08 00:55:12
54,13,1,1631.3,2025-12-08 00:54:13,46164.0,,54,13,1,1726.732422,2025-12-08 00:55:13
54,14,1,1637.8,2025-12-08 00:54:14,45158.0,,54,14,1,1735.150024,2025-12-08 00:55:14
54,15,1,1634.0,2025-12-08 00:54:15,44157.0,,54,15,1,1743.958008,2025-12-08 00:55:15
54,16,1,1634.5,2025-12-08 00:54:16,43155.0,,54,16,1,1753.187622,2025-12-08 00:55:16
54,17,1,1632.0,2025-12-08 00:54:17,42153.0,,54,17,1,1762.869263,2025-12-08 00:55:17
54,18,1,1631.4,2025-12-08 00:54:18,41152.0,,54,18,1,1773.033936,2025-12-08 00:55:18
54,19,1,1633.4,2025-12-08 00:54:19,40150.0,,54,19,1,1783.712402,2025-12-08 00:55:19
54,20,1,1641.6,2025-12-08 00:54:20,39146.0,,54,20,1,1794.936768,2025-12-08 00:55:20
54,21,1,1636.0,2025-12-08 00:54:21,38143.0,,54,21,1,1806.740967,2025-12-08 00:55:21
54,22,1,1638.2,2025-12-08 00:54:22,37127.0,,54,22,1,1819.161499,2025-12-08 00:55:22
54,23,1,1635.3,2025-12-08 00:54:23,36095.0,,54,23,1,1832.238159,2025-12-08 00:55:23
54,24,1,1631.5,2025-12-08 00:54:24,35094.0,,54,24,1,1846.013916,2025-12-08 00:55:24
54,25,1,1630.1,2025-12-08 00:54:25,34091.0,,54,25,1,1860.537476,2025-12-08 00:55:25
54,26,1,1632.5,2025-12-08 00:54:26,33084.0,,54,26,1,1875.860718,2025-12-08 00:55:26
54,27,1,1630.1,2025-12-08 00:54:27,32082.0,,54,27,1,1892.04126,2025-12-08 00:55:27
54,28,1,1630.3,2025-12-08 00:54:28,31079.0,,54,28,1,1909.143311,2025-12-08 00:55:28
54,29,1,1631.6,2025-12-08 00:54:29,30077.0,,54,29,1,1927.234985,2025-12-08 00:55:29
54,30,1,1637.3,2025-12-08 00:54:30,29075.0,,54,30,1,1946.393066,2025-12-08 00:55:30
54,31,1,1629.8,2025-12-08 00:54:31,28070.0,,54,31,1,1966.699951,2025-12-08 00:55:31
54,32,1,1635.2,2025-12-08 00:54:32,27068.0,,54,32,1,1988.24585,2025-12-08 00:55:32
54,33,1,1628.2,2025-12-08 00:54:33,26066.0,,54,33,1,2011.128296,2025-12-08 00:55:33
54,34,1,1631.2,2025-12-08 00:54:34,25061.0,,54,34,1,2035.453369,2025-12-08 00:55:34
54,35,1,1631.5,2025-12-08 00:54:35,24059.0,,54,35,1,2061.335205,2025-12-08 00:55:35
54,36,1,1639.0,2025-12-08 00:54:36,23057.0,,54,36,1,2088.896484,2025-12-08 00:55:36
54,37,1,1631.3,2025-12-08 00:54:37,22055.0,,54,37,1,2118.269531,2025-12-08 00:55:37
54,38,1,1630.0,2025-12-08 00:54:38,21053.0,,54,38,1,2149.593262,2025-12-08 00:55:38
54,39,1,1628.7,2025-12-08 00:54:39,20051.0,,54,39,1,2183.016602,2025-12-08 00:55:39
54,40,1,1630.3,2025-12-08 00:54:40,19048.0,,54,40,1,2218.694336,2025-12-08 00:55:40
54,41,1,1631.1,2025-12-08 00:54:41,18045.0,,54,41,1,2256.787109,2025-12-08 00:55:41
54,42,1,1631.5,2025-12-08 00:54:42,17042.0,,54,42,1,2297.45752,2025-12-08 00:55:42
54,43,1,1638.4,2025-12-08 00:54:43,16039.0,,54,43,1,2340.869141,2025-12-08 00:55:43
54,44,1,1631.5,2025-12-08 00:54:44,15037.0,,54,44,1,2387.180176,2025-12-08 00:55:44
54,45,1,1629.3,2025-12-08 00:54:45,14035.0,,54,45,1,2436.537109,2025-12-08 00:55:45
54,46,1,1629.7,2025-12-08 00:54:46,13034.0,,54,46,1,2489.069092,2025-12-08 00:55:46
54,47,1,1636.0,2025-12-08 00:54:47,12033.0,,54,47,1,2544.875977,2025-12-08 00:55:47
54,48,1,1633.6,2025-12-08 00:54:48,11031.0,,54,48,1,2604.020508,2025-12-08 00:55:48
54,49,1,1631.3,2025-12-08 00:54:49,10030.0,,54,49,1,2666.513672,2025-12-08 00:55:49
54,50,1,1630.3,2025-12-08 00:54:50,9028.0,,54,50,1,2732.302246,2025-12-08 00:55:50
54,51,1,1630.7,2025-12-08 00:54:51,8026.0,,54,51,1,2801.254639,2025-12-08 00:55:51
54,52,1,1636.0,2025-12-08 00:54:52,7025.0,,54,52,1,2873.150391,2025-12-08 00:55:52
54,53,1,1635.4,2025-12-08 00:54:53,6023.0,,54,53,1,2947.668701,2025-12-08 00:55:53
54,54,1,1631.8,2025-12-08 00:54:54,5021.0,,54,54,1,3024.383301,2025-12-08 00:55:54
54,55,1,1631.5,2025-12-08 00:54:55,4018.0,,54,55,1,3102.765625,2025-12-08 00:55:55
54,56,1,1622.6,2025-12-08 00:54:56,3016.0,,54,56,1,3182.188965,2025-12-08 00:55:56
54,57,1,1631.1,2025-12-08 00:54:57,2015.0,,54,57,1,3261.950439,2025-12-08 00:55:57
54,58,1,1633.6,2025-12-08 00:54:58,1013.0,,54,58,1,3341.292725,2025-12-08 00:55:58
54,59,1,1630.8,2025-12-08 00:54:59,11.0,,54,59,1,3419.439941,2025-12-08 00:55:59
55,0,1,1633.5,2025-12-08 00:55:00,59187.0,,55,0,1,1651.802002,2025-12-08 00:56:00
55,1,1,1637.9,2025-12-08 00:55:01,58186.0,,55,1,1,1656.740601,2025-12-08 00:56:01
55,2,1,1644.0,2025-12-08 00:55:02,57183.0,,55,2,1,1662.231323,2025-12-08 00:56:02
55,3,1,1640.6,2025-12-08 00:55:03,56177.0,,55,3,1,1668.164185,2025-12-08 00:56:03
55,4,1,1637.2,2025-12-08 00:55:04,55175.0,,55,4,1,1674.437378,2025-12-08 00:56:04
55,5,1,1638.9,2025-12-08 00:55:05,54173.0,,55,5,1,1680.981445,2025-12-08 00:56:05
55,6,1,1630.5,2025-12-08 00:55:06,53170.0,,55,6,1,1687.756592,2025-12-08 00:56:06
55,7,1,1639.3,2025-12-08 00:55:07,52164.0,,55,7,1,1694.746826,2025-12-08 00:56:07
55,8,1,1636.8,2025-12-08 00:55:08,51162.0,,55,8,1,1701.956055,2025-12-08 00:56:08
55,9,1,1636.5,2025-12-08 00:55:09,50161.0,,55,9,1,1709.401123,2025-12-08 00:56:09
55,10,1,1639.3,2025-12-08 00:55:10,49158.0,,55,10,1,1717.108765,2025-12-08 00:56:10
55,11,1,1644.4,2025-12-08 00:55:11,48154.0,,55,11,1,1725.11145,2025-12-08 00:56:11
55,12,1,1639.7,2025-12-08 00:55:12,47153.0,,55,12,1,1733.444702,2025-12-08 00:56:12
55,13,1,1640.6,2025-12-08 00:55:13,46150.0,,55,13,1,1742.144531,2025-12-08 00:56:13
55,14,1,1640.1,2025-12-08 00:55:14,45149.0,,55,14,1,1751.246704,2025-12-08 00:56:14
55,15,1,1638.7,2025-12-08 00:55:15,44147.0,,55,15,1,1760.786377,2025-12-08 00:56:15
55,16,1,1637.8,2025-12-08 00:55:16,43139.0,,55,16,1,1770.797974,2025-12-08 00:56:16
55,17,1,1666.8,2025-12-08 00:55:17,42130.0,,55,17,1,1781.315674,2025-12-08 00:56:17
55,18,1,1636.7,2025-12-08 00:55:18,41129.0,,55,18,1,1792.373413,2025-12-08 00:56:18
55,19,1,1643.3,2025-12-08 00:55:19,40127.0,,55,19,1,1804.006348,2025-12-08 00:56:19
55,20,1,1646.1,2025-12-08 00:55:20,39126.0,,55,20,1,1816.251587,2025-12-08 00:56:20
55,21,1,1640.8,2025-12-08 00:55:21,38117.0,,55,21,1,1829.147949,2025-12-08 00:56:21
55,22,1,1641.9,2025-12-08 00:55:22,37115.0,,55,22,1,1842.737793,2025-12-08 00:56:22
55,23,1,1637.9,2025-12-08 00:55:23,36106.0,,55,23,1,1857.067627,2025-12-08 00:56:23
55,24,1,1633.3,2025-12-08 00:55:24,35097.0,,55,24,1,1872.188354,2025-12-08 00:56:24
55,25,1,1636.4,2025-12-08 00:55:25,34095.0,,55,25,1,1888.155273,2025-12-08 00:56:25
55,26,1,1632.9,2025-12-08 00:55:26,33091.0,,55,26,1,1905.030151,2025-12-08 00:56:26
55,27,1,1633.5,2025-12-08 00:55:27,32090.0,,55,27,1,1922.880005,2025-12-08 00:56:27
55,28,1,1641.9,2025-12-08 00:55:28,31088.0,,55,28,1,1941.778076,2025-12-08 00:56:28
55,29,1,1637.1,2025-12-08 00:55:29,30087.0,,55,29,1,1961.805908,2025-12-08 00:56:29
55,30,1,1635.6,2025-12-08 00:55:30,29085.0,,55,30,1,1983.050781,2025-12-08 00:56:30
55,31,1,1641.0,2025-12-08 00:55:31,28084.0,,55,31,1,2005.609009,2025-12-08 00:56:31
55,32,1,1636.5,2025-12-08 00:55:32,27082.0,,55,32,1,2029.58374,2025-12-08 00:56:32
55,33,1,1634.4,2025-12-08 00:55:33,26081.0,,55,33,1,2055.087402,2025-12-08 00:56:33
55,34,1,1638.1,2025-12-08 00:55:34,25080.0,,55,34,1,2082.240723,2025-12-08 00:56:34
55,35,1,1637.7,2025-12-08 00:55:35,24079.0,,55,35,1,2111.172852,2025-12-08 00:56:35
55,36,1,1637.5,2025-12-08 00:55:36,23077.0,,55,36,1,2142.022705,2025-12-08 00:56:36
55,37,1,1637.9,2025-12-08 00:55:37,22076.0,,55,37,1,2174.936279,2025-12-08 00:56:37
55,38,1,1635.5,2025-12-08 00:55:38,21075.0,,55,38,1,2210.066895,2025-12-08 00:56:38
55,39,1,1631.2,2025-12-08 00:55:39,20073.0,,55,39,1,2247.574219,2025-12-08 00:56:39
55,40,1,1650.0,2025-12-08 00:55:40,19072.0,,55,40,1,2287.621338,2025-12-08 00:56:40
55,41,1,1637.9,2025-12-08 00:55:41,18066.0,,55,41,1,2330.371338,2025-12-08 00:56:41
55,42,1,1638.1,2025-12-08 00:55:42,17057.0,,55,42,1,2375.983643,2025-12-08 00:56:42
55,43,1,1638.6,2025-12-08 00:55:43,16049.0,,55,43,1,2424.609375,2025-12-08 00:56:43
55,44,1,1638.8,2025-12-08 00:55:44,15039.0,,55,44,1,2476.381348,2025-12-08 00:56:44
55,45,1,1650.0,2025-12-08 00:55:45,14036.0,,55,45,1,2531.408203,2025-12-08 00:56:45
55,46,1,1641.8,2025-12-08 00:55:46,13035.0,,55,46,1,2589.762207,2025-12-08 00:56:46
55,47,1,1643.4,2025-12-08 00:55:47,12028.0,,55,47,1,2651.467529,2025-12-08 00:56:47
55,48,1,1636.9,2025-12-08 00:55:48,11027.0,,55,48,1,2716.486816,2025-12-08 00:56:48
55,49,1,1638.1,2025-12-08 00:55:49,10025.0,,55,49,1,2784.709229,2025-12-08 00:56:49
55,50,1,1636.2,2025-12-08 00:55:50,9024.0,,55,50,1,2855.935791,2025-12-08 00:56:50
55,51,1,1639.7,2025-12-08 00:55:51,8022.0,,55,51,1,2929.869629,2025-12-08 00:56:51
55,52,1,1641.7,2025-12-08 00:55:52,7021.0,,55,52,1,3006.110352,2025-12-08 00:56:52
55,53,1,1643.3,2025-12-08 00:55:53,6019.0,,55,53,1,3084.1521,2025-12-08 00:56:53
55,54,1,1634.6,2025-12-08 00:55:54,5018.0,,55,54,1,3163.390869,2025-12-08 00:56:54
55,55,1,1636.2,2025-12-08 00:55:55,4016.0,,55,55,1,3243.139648,2025-12-08 00:56:55
55,56,1,1636.2,2025-12-08 00:55:56,3015.0,,55,56,1,3322.650635,2025-12-08 00:56:56
55,57,1,1636.3,2025-12-08 00:55:57,2013.0,,55,57,1,3401.149414,2025-12-08 00:56:57
55,58,1,1641.1,2025-12-08 00:55:58,1012.0,,55,58,1,3477.871094,2025-12-08 00:56:58
55,59,1,1640.8,2025-12-08 00:55:59,10.0,,55,59,1,3552.095703,2025-12-08 00:56:59
56,0,1,1651.5,2025-12-08 00:56:00,60011.0,,56,0,1,1657.477173,2025-12-08 00:57:00
56,1,1,1643.4,2025-12-08 00:56:01,59007.0,,56,1,1,1663.096313,2025-12-08 00:57:01
56,2,1,1640.4,2025-12-08 00:56:02,58005.0,,56,2,1,1669.351318,2025-12-08 00:57:02
56,3,1,1639.3,2025-12-08 00:56:03,57004.0,,56,3,1,1676.120972,2025-12-08 00:57:03
56,4,1,1639.5,2025-12-08 00:56:04,56001.0,,56,4,1,1683.296387,2025-12-08 00:57:04
56,5,1,1638.1,2025-12-08 00:56:05,54999.0,,56,5,1,1690.803467,2025-12-08 00:57:05
56,6,1,1636.4,2025-12-08 00:56:06,53995.0,,56,6,1,1698.599854,2025-12-08 00:57:06
56,7,1,1638.3,2025-12-08 00:56:07,52994.0,,56,7,1,1706.6698,2025-12-08 00:57:07
56,8,1,1637.3,2025-12-08 00:56:08,51989.0,,56,8,1,1715.018677,2025-12-08 00:57:08
56,9,1,1637.4,2025-12-08 00:56:09,50986.0,,56,9,1,1723.667847,2025-12-08 00:57:09
56,10,1,1636.6,2025-12-08 00:56:10,49984.0,,56,10,1,1732.649048,2025-12-08 00:57:10
56,11,1,1635.2,2025-12-08 00:56:11,48977.0,,56,11,1,1742.001709,2025-12-08 00:57:11
56,12,1,1643.5,2025-12-08 00:56:12,47974.0,,56,12,1,1751.767944,2025-12-08 00:57:12
56,13,1,1642.0,2025-12-08 00:56:13,46972.0,,56,13,1,1761.992432,2025-12-08 00:57:13
56,14,1,1637.4,2025-12-08 00:56:14,45968.0,,56,14,1,1772.719727,2025-12-08 00:57:14
56,15,1,1635.5,2025-12-08 00:56:15,44966.0,,56,15,1,1783.994507,2025-12-08 00:57:15
56,16,1,1638.6,2025-12-08 00:56:16,43956.0,,56,16,1,1795.859985,2025-12-08 00:57:16
56,17,1,1639.3,2025-12-08 00:56:17,42949.0,,56,17,1,1808.361572,2025-12-08 00:57:17
56,18,1,1640.4,2025-12-08 00:56:18,41948.0,,56,18,1,1821.544067,2025-12-08 00:57:18
56,19,1,1638.4,2025-12-08 00:56:19,40947.0,,56,19,1,1835.455078,2025-12-08 00:57:19
56,20,1,1646.0,2025-12-08 00:56:20,39944.0,,56,20,1,1850.143799,2025-12-08 00:57:20
56,21,1,1642.0,2025-12-08 00:56:21,38940.0,,56,21,1,1865.663818,2025-12-08 00:57:21
56,22,1,1645.1,2025-12-08 00:56:22,37938.0,,56,22,1,1882.072998,2025-12-08 00:57:22
56,23,1,1643.4,2025-12-08 00:56:23,36936.0,,56,23,1,1899.434082,2025-12-08 00:57:23
56,24,1,1640.7,2025-12-08 00:56:24,35933.0,,56,24,1,1917.816162,2025-12-08 00:57:24
56,25,1,1640.8,2025-12-08 00:56:25,34932.0,,56,25,1,1937.2948,2025-12-08 00:57:25
56,26,1,1643.6,2025-12-08 00:56:26,33924.0,,56,26,1,1957.953247,2025-12-08 00:57:26
56,27,1,1636.7,2025-12-08 00:56:27,32920.0,,56,27,1,1979.88147,2025-12-08 00:57:27
56,28,1,1641.7,2025-12-08 00:56:28,31919.0,,56,28,1,2003.178101,2025-12-08 00:57:28
56,29,1,1641.5,2025-12-08 00:56:29,30917.0,,56,29,1,2027.951294,2025-12-08 00:57:29
56,30,1,1641.7,2025-12-08 00:56:30,29907.0,,56,30,1,2054.316895,2025-12-08 00:57:30
56,31,1,1638.4,2025-12-08 00:56:31,28904.0,,56,31,1,2082.399414,2025-12-08 00:57:31
56,32,1,1636.4,2025-12-08 00:56:32,27901.0,,56,32,1,2112.333252,2025-12-08 00:57:32
56,33,1,1641.8,2025-12-08 00:56:33,26898.0,,56,33,1,2144.260986,2025-12-08 00:57:33
56,34,1,1643.6,2025-12-08 00:56:34,25896.0,,56,34,1,2178.33252,2025-12-08 00:57:34
56,35,1,1652.3,2025-12-08 00:56:35,24888.0,,56,35,1,2214.705078,2025-12-08 00:57:35
56,36,1,1647.4,2025-12-08 00:56:36,23885.0,,56,36,1,2253.540527,2025-12-08 00:57:36
56,37,1,1640.2,2025-12-08 00:56:37,22883.0,,56,37,1,2295.002197,2025-12-08 00:57:37
56,38,1,1638.4,2025-12-08 00:56:38,21881.0,,56,38,1,2339.252686,2025-12-08 00:57:38
56,39,1,1646.7,2025-12-08 00:56:39,20878.0,,56,39,1,2386.44751,2025-12-08 00:57:39
56,40,1,1641.5,2025-12-08 00:56:40,19869.0,,56,40,1,2436.729248,2025-12-08 00:57:40
56,41,1,1639.2,2025-12-08 00:56:41,18866.0,,56,41,1,2490.218994,2025-12-08 00:57:41
56,42,1,1639.7,2025-12-08 00:56:42,17864.0,,56,42,1,2547.007568,2025-12-08 00:57:42
56,43,1,1640.8,2025-12-08 00:56:43,16747.0,,56,43,1,2607.143066,2025-12-08 00:57:43
56,44,1,1647.3,2025-12-08 00:56:44,15729.0,,56,44,1,2670.619385,2025-12-08 00:57:44
56,45,1,1641.5,2025-12-08 00:56:45,14720.0,,56,45,1,2737.360352,2025-12-08 00:57:45
56,46,1,1645.7,2025-12-08 00:56:46,13717.0,,56,46,1,2807.210938,2025-12-08 00:57:46
56,47,1,1640.5,2025-12-08 00:56:47,12713.0,,56,47,1,2879.92041,2025-12-08 00:57:47
56,48,1,1641.5,2025-12-08 00:56:48,11711.0,,56,48,1,2955.137939,2025-12-08 00:57:48
56,49,1,1644.5,2025-12-08 00:56:49,10707.0,,56,49,1,3032.40625,2025-12-08 00:57:49
56,50,1,1642.4,2025-12-08 00:56:50,9701.0,,56,50,1,3111.166016,2025-12-08 00:57:50
56,51,1,1639.6,2025-12-08 00:56:51,8696.0,,56,51,1,3190.766357,2025-12-08 00:57:51
56,52,1,1639.5,2025-12-08 00:56:52,7671.0,,56,52,1,3270.485352,2025-12-08 00:57:52
56,53,1,1639.8,2025-12-08 00:56:53,6590.0,,56,53,1,3349.55542,2025-12-08 00:57:53
56,54,1,1641.0,2025-12-08 00:56:54,5587.0,,56,54,1,3427.202637,2025-12-08 00:57:54
56,55,1,1643.3,2025-12-08 00:56:55,4218.0,,56,55,1,3502.681885,2025-12-08 00:57:55
56,56,1,1641.0,2025-12-08 00:56:56,3167.0,,56,56,1,3575.313965,2025-12-08 00:57:56
56,57,1,1640.8,2025-12-08 00:56:57,2119.0,,56,57,1,3644.520508,2025-12-08 00:57:57
56,58,1,1641.8,2025-12-08 00:56:58,1035.0,,56,58,1,3709.844727,2025-12-08 00:57:58
56,59,1,1646.2,2025-12-08 00:56:59,27.0,,56,59,1,3770.966064,2025-12-08 00:57:59
57,0,1,1647.1,2025-12-08 00:57:00,59422.0,,57,0,1,1678.376099,2025-12-08 00:58:00
57,1,1,1649.2,2025-12-08 00:57:01,58419.0,,57,1,1,1684.383789,2025-12-08 00:58:01
57,2,1,1648.1,2025-12-08 00:57:02,57354.0,,57,2,1,1690.978149,2025-12-08 00:58:02
57,3,1,1646.7,2025-12-08 00:57:03,56237.0,,57,3,1,1698.055786,2025-12-08 00:58:03
57,4,1,1649.4,2025-12-08 00:57:04,55235.0,,57,4,1,1705.522949,2025-12-08 00:58:04
57,5,1,1654.4,2025-12-08 00:57:05,54234.0,,57,5,1,1713.318604,2025-12-08 00:58:05
57,6,1,1654.2,2025-12-08 00:57:06,53227.0,,57,6,1,1721.410889,2025-12-08 00:58:06
57,7,1,1643.1,2025-12-08 00:57:07,52226.0,,57,7,1,1729.792969,2025-12-08 00:58:07
57,8,1,1642.0,2025-12-08 00:57:08,51215.0,,57,8,1,1738.476685,2025-12-08 00:58:08
57,9,1,1646.6,2025-12-08 00:57:09,50209.0,,57,9,1,1747.487793,2025-12-08 00:58:09
57,10,1,1650.5,2025-12-08 00:57:10,49208.0,,57,10,1,1756.861816,2025-12-08 00:58:10
57,11,1,1645.7,2025-12-08 00:57:11,48206.0,,57,11,1,1766.639404,2025-12-08 00:58:11
57,12,1,1646.8,2025-12-08 00:57:12,47205.0,,57,12,1,1776.865112,2025-12-08 00:58:12
57,13,1,1662.8,2025-12-08 00:57:13,46203.0,,57,13,1,1787.584473,2025-12-08 00:58:13
57,14,1,1647.3,2025-12-08 00:57:14,45195.0,,57,14,1,1798.84375,2025-12-08 00:58:14
57,15,1,1649.3,2025-12-08 00:57:15,44192.0,,57,15,1,1810.688354,2025-12-08 00:58:15
57,16,1,1646.6,2025-12-08 00:57:16,43186.0,,57,16,1,1823.164429,2025-12-08 00:58:16
57,17,1,1646.4,2025-12-08 00:57:17,42182.0,,57,17,1,1836.319458,2025-12-08 00:58:17
57,18,1,1649.0,2025-12-08 00:57:18,41180.0,,57,18,1,1850.201294,2025-12-08 00:58:18
57,19,1,1647.9,2025-12-08 00:57:19,40179.0,,57,19,1,1864.860474,2025-12-08 00:58:19
57,20,1,1653.6,2025-12-08 00:57:20,39175.0,,57,20,1,1880.351196,2025-12-08 00:58:20
57,21,1,1657.0,2025-12-08 00:57:21,38173.0,,57,21,1,1896.731323,2025-12-08 00:58:21
57,22,1,1655.2,2025-12-08 00:57:22,37169.0,,57,22,1,1914.063965,2025-12-08 00:58:22
57,23,1,1653.6,2025-12-08 00:57:23,36165.0,,57,23,1,1932.417603,2025-12-08 00:58:23
57,24,1,1647.9,2025-12-08 00:57:24,35157.0,,57,24,1,1951.867676,2025-12-08 00:58:24
57,25,1,1647.3,2025-12-08 00:57:25,34155.0,,57,25,1,1972.49707,2025-12-08 00:58:25
57,26,1,1652.4,2025-12-08 00:57:26,33151.0,,57,26,1,1994.395264,2025-12-08 00:58:26
57,27,1,1649.7,2025-12-08 00:57:27,32150.0,,57,27,1,2017.660767,2025-12-08 00:58:27
57,28,1,1650.0,2025-12-08 00:57:28,31147.0,,57,28,1,2042.400391,2025-12-08 00:58:28
57,29,1,1649.2,2025-12-08 00:57:29,30144.0,,57,29,1,2068.730469,2025-12-08 00:58:29
57,30,1,1648.2,2025-12-08 00:57:30,29143.0,,57,30,1,2096.774902,2025-12-08 00:58:30
57,31,1,1654.5,2025-12-08 00:57:31,28142.0,,57,31,1,2126.667236,2025-12-08 00:58:31
57,32,1,1659.0,2025-12-08 00:57:32,27140.0,,57,32,1,2158.550781,2025-12-08 00:58:32
57,33,1,1655.3,2025-12-08 00:57:33,26139.0,,57,33,1,2192.574463,2025-12-08 00:58:33
57,34,1,1674.1,2025-12-08 00:57:34,25137.0,,57,34,1,2228.895996,2025-12-08 00:58:34
57,35,1,1658.4,2025-12-08 00:57:35,24134.0,,57,35,1,2267.676514,2025-12-08 00:58:35
57,36,1,1654.0,2025-12-08 00:57:36,23131.0,,57,36,1,2309.080078,2025-12-08 00:58:36
57,37,1,1657.4,2025-12-08 00:57:37,22128.0,,57,37,1,2353.268555,2025-12-08 00:58:37
57,38,1,1657.7,2025-12-08 00:57:38,21124.0,,57,38,1,2400.397949,2025-12-08 00:58:38
57,39,1,1657.3,2025-12-08 00:57:39,20122.0,,57,39,1,2450.611328,2025-12-08 00:58:39
57,40,1,1656.7,2025-12-08 00:57:40,19121.0,,57,40,1,2504.030762,2025-12-08 00:58:40
57,41,1,1659.1,2025-12-08 00:57:41,18119.0,,57,41,1,2560.747314,2025-12-08 00:58:41
57,42,1,1658.3,2025-12-08 00:57:42,17115.0,,57,42,1,2620.810791,2025-12-08 00:58:42
57,43,1,1660.3,2025-12-08 00:57:43,16114.0,,57,43,1,2684.215088,2025-12-08 00:58:43
57,44,1,1661.1,2025-12-08 00:57:44,15112.0,,57,44,1,2750.887695,2025-12-08 00:58:44
57,45,1,1660.8,2025-12-08 00:57:45,14108.0,,57,45,1,2820.673096,2025-12-08 00:58:45
57,46,1,1658.2,2025-12-08 00:57:46,13105.0,,57,46,1,2893.324707,2025-12-08 00:58:46
57,47,1,1659.2,2025-12-08 00:57:47,12099.0,,57,47,1,2968.492432,2025-12-08 00:58:47
57,48,1,1656.7,2025-12-08 00:57:48,11097.0,,57,48,1,3045.722168,2025-12-08 00:58:48
57,49,1,1656.2,2025-12-08 00:57:49,10096.0,,57,49,1,3124.456543,2025-12-08 00:58:49
57,50,1,1662.3,2025-12-08 00:57:50,9095.0,,57,50,1,3204.046143,2025-12-08 00:58:50
57,51,1,1660.3,2025-12-08 00:57:51,8094.0,,57,51,1,3283.770264,2025-12-08 00:58:51
57,52,1,1656.6,2025-12-08 00:57:52,7092.0,,57,52,1,3362.862549,2025-12-08 00:58:52
57,53,1,1657.8,2025-12-08 00:57:53,6088.0,,57,53,1,3440.548828,2025-12-08 00:58:53
57,54,1,1658.6,2025-12-08 00:57:54,5060.0,,57,54,1,3516.08252,2025-12-08 00:58:54
57,55,1,1659.0,2025-12-08 00:57:55,4058.0,,57,55,1,3588.782959,2025-12-08 00:58:55
57,56,1,1659.7,2025-12-08 00:57:56,3055.0,,57,56,1,3658.067871,2025-12-08 00:58:56
57,57,1,1656.9,2025-12-08 00:57:57,2052.0,,57,57,1,3723.479736,2025-12-08 00:58:57
57,58,1,1668.1,2025-12-08 00:57:58,1047.0,,57,58,1,3784.694336,2025-12-08 00:58:58
57,59,1,1666.1,2025-12-08 00:57:59,40.0,,57,59,1,3841.524414,2025-12-08 00:58:59
58,0,1,1661.5,2025-12-08 00:58:00,59193.0,,58,0,1,1704.583374,2025-12-08 00:59:00
58,1,1,1671.2,2025-12-08 00:58:01,58192.0,,58,1,1,1711.273193,2025-12-08 00:59:01
58,2,1,1664.7,2025-12-08 00:58:02,57189.0,,58,2,1,1718.725586,2025-12-08 00:59:02
58,3,1,1683.1,2025-12-08 00:58:03,56187.0,,58,3,1,1726.835571,2025-12-08 00:59:03
58,4,1,1665.2,2025-12-08 00:58:04,55182.0,,58,4,1,1735.483154,2025-12-08 00:59:04
58,5,1,1663.6,2025-12-08 00:58:05,54181.0,,58,5,1,1744.585571,2025-12-08 00:59:05
58,6,1,1662.6,2025-12-08 00:58:06,53177.0,,58,6,1,1754.095215,2025-12-08 00:59:06
58,7,1,1666.6,2025-12-08 00:58:07,52175.0,,58,7,1,1763.993774,2025-12-08 00:59:07
58,8,1,1665.0,2025-12-08 00:58:08,51172.0,,58,8,1,1774.287842,2025-12-08 00:59:08
58,9,1,1662.8,2025-12-08 00:58:09,50167.0,,58,9,1,1785.003906,2025-12-08 00:59:09
58,10,1,1663.4,2025-12-08 00:58:10,49165.0,,58,10,1,1796.181274,2025-12-08 00:59:10
58,11,1,1663.8,2025-12-08 00:58:11,48159.0,,58,11,1,1807.869385,2025-12-08 00:59:11
58,12,1,1667.8,2025-12-08 00:58:12,47156.0,,58,12,1,1820.123169,2025-12-08 00:59:12
58,13,1,1674.4,2025-12-08 00:58:13,46152.0,,58,13,1,1833.001587,2025-12-08 00:59:13
58,14,1,1665.7,2025-12-08 00:58:14,45146.0,,58,14,1,1846.564941,2025-12-08 00:59:14
58,15,1,1664.7,2025-12-08 00:58:15,44142.0,,58,15,1,1860.875488,2025-12-08 00:59:15
58,16,1,1667.0,2025-12-08 00:58:16,43136.0,,58,16,1,1875.995972,2025-12-08 00:59:16
58,17,1,1662.4,2025-12-08 00:58:17,42133.0,,58,17,1,1891.990845,2025-12-08 00:59:17
58,18,1,1665.4,2025-12-08 00:58:18,41131.0,,58,18,1,1908.927856,2025-12-08 00:59:18
58,19,1,1681.4,2025-12-08 00:58:19,40125.0,,58,19,1,1926.876709,2025-12-08 00:59:19
58,20,1,1706.5,2025-12-08 00:58:20,39124.0,,58,20,1,1945.912476,2025-12-08 00:59:20
58,21,1,1674.0,2025-12-08 00:58:21,38122.0,,58,21,1,1966.115356,2025-12-08 00:59:21
58,22,1,1688.9,2025-12-08 00:58:22,37120.0,,58,22,1,1987.572021,2025-12-08 00:59:22
58,23,1,1675.5,2025-12-08 00:58:23,36118.0,,58,23,1,2010.376099,2025-12-08 00:59:23
58,24,1,1673.7,2025-12-08 00:58:24,35115.0,,58,24,1,2034.630737,2025-12-08 00:59:24
58,25,1,1674.3,2025-12-08 00:58:25,34112.0,,58,25,1,2060.445557,2025-12-08 00:59:25
58,26,1,1669.6,2025-12-08 00:58:26,33110.0,,58,26,1,2087.941162,2025-12-08 00:59:26
58,27,1,1666.8,2025-12-08 00:58:27,32108.0,,58,27,1,2117.246582,2025-12-08 00:59:27
58,28,1,1672.8,2025-12-08 00:58:28,31106.0,,58,28,1,2148.5,2025-12-08 00:59:28
58,29,1,1676.3,2025-12-08 00:58:29,30105.0,,58,29,1,2181.848145,2025-12-08 00:59:29
58,30,1,1675.5,2025-12-08 00:58:30,29103.0,,58,30,1,2217.444824,2025-12-08 00:59:30
58,31,1,1675.9,2025-12-08 00:58:31,28100.0,,58,31,1,2255.450195,2025-12-08 00:59:31
58,32,1,1675.3,2025-12-08 00:58:32,27097.0,,58,32,1,2296.027832,2025-12-08 00:59:32
58,33,1,1672.7,2025-12-08 00:58:33,26095.0,,58,33,1,2339.340332,2025-12-08 00:59:33
58,34,1,1677.4,2025-12-08 00:58:34,25093.0,,58,34,1,2385.546631,2025-12-08 00:59:34
58,35,1,1679.6,2025-12-08 00:58:35,24081.0,,58,35,1,2434.793945,2025-12-08 00:59:35
58,36,1,1678.3,2025-12-08 00:58:36,23075.0,,58,36,1,2487.212646,2025-12-08 00:59:36
58,37,1,1680.9,2025-12-08 00:58:37,22067.0,,58,37,1,2542.904053,2025-12-08 00:59:37
58,38,1,1681.8,2025-12-08 00:58:38,21065.0,,58,38,1,2601.932373,2025-12-08 00:59:38
58,39,1,1680.2,2025-12-08 00:58:39,20062.0,,58,39,1,2664.310547,2025-12-08 00:59:39
58,40,1,1699.8,2025-12-08 00:58:40,19060.0,,58,40,1,2729.987305,2025-12-08 00:59:40
58,41,1,1683.9,2025-12-08 00:58:41,18057.0,,58,41,1,2798.834961,2025-12-08 00:59:41
58,42,1,1673.2,2025-12-08 00:58:42,17055.0,,58,42,1,2870.635986,2025-12-08 00:59:42
58,43,1,1681.4,2025-12-08 00:58:43,16053.0,,58,43,1,2945.072266,2025-12-08 00:59:43
58,44,1,1677.3,2025-12-08 00:58:44,15050.0,,58,44,1,3021.722656,2025-12-08 00:59:44
58,45,1,1679.1,2025-12-08 00:58:45,14048.0,,58,45,1,3100.060059,2025-12-08 00:59:45
58,46,1,1693.0,2025-12-08 00:58:46,13046.0,,58,46,1,3179.461914,2025-12-08 00:59:46
58,47,1,1678.3,2025-12-08 00:58:47,12043.0,,58,47,1,3259.226562,2025-12-08 00:59:47
58,48,1,1681.1,2025-12-08 00:58:48,11041.0,,58,48,1,3338.598145,2025-12-08 00:59:48
58,49,1,1679.3,2025-12-08 00:58:49,10039.0,,58,49,1,3416.801025,2025-12-08 00:59:49
58,50,1,1678.6,2025-12-08 00:58:50,9037.0,,58,50,1,3493.07666,2025-12-08 00:59:50
58,51,1,1683.7,2025-12-08 00:58:51,8034.0,,58,51,1,3566.718506,2025-12-08 00:59:51
58,52,1,1680.3,2025-12-08 00:58:52,7032.0,,58,52,1,3637.112549,2025-12-08 00:59:52
58,53,1,1681.3,2025-12-08 00:58:53,6030.0,,58,53,1,3703.759277,2025-12-08 00:59:53
58,54,1,1680.9,2025-12-08 00:58:54,5029.0,,58,54,1,3766.293701,2025-12-08 00:59:54
58,55,1,1684.5,2025-12-08 00:58:55,4026.0,,58,55,1,3824.487793,2025-12-08 00:59:55
58,56,1,1689.5,2025-12-08 00:58:56,3023.0,,58,56,1,3878.24292,2025-12-08 00:59:56
58,57,1,1682.6,2025-12-08 00:58:57,2022.0,,58,57,1,3927.580566,2025-12-08 00:59:57
58,58,1,1694.8,2025-12-08 00:58:58,1020.0,,58,58,1,3972.616699,2025-12-08 00:59:58
58,59,1,1684.6,2025-12-08 00:58:59,18.0,,58,59,1,4013.542969,2025-12-08 00:59:59
59,0,1,1684.8,2025-12-08 00:59:00,59606.0,,59,0,1,1651.845337,2025-12-08 01:00:00
59,1,1,1692.4,2025-12-08 00:59:01,58576.0,,59,1,1,1644.829834,2025-12-08 01:00:01
59,2,1,1688.1,2025-12-08 00:59:02,57573.0,,59,2,1,1635.815063,2025-12-08 01:00:02
59,3,1,1688.4,2025-12-08 00:59:03,56571.0,,59,3,1,1625.555786,2025-12-08 01:00:03
59,4,1,1691.1,2025-12-08 00:59:04,55563.0,,59,4,1,1614.47937,2025-12-08 01:00:04
59,5,1,1686.8,2025-12-08 00:59:05,54562.0,,59,5,1,1602.904785,2025-12-08 01:00:05
59,6,1,1689.8,2025-12-08 00:59:06,53561.0,,59,6,1,1591.086182,2025-12-08 01:00:06
59,7,1,1701.3,2025-12-08 00:59:07,52560.0,,59,7,1,1579.223022,2025-12-08 01:00:07
59,8,1,1692.3,2025-12-08 00:59:08,51559.0,,59,8,1,1567.471802,2025-12-08 01:00:08
59,9,1,1690.1,2025-12-08 00:59:09,50558.0,,59,9,1,1555.953125,2025-12-08 01:00:09
59,10,1,1693.4,2025-12-08 00:59:10,49548.0,,59,10,1,1544.758057,2025-12-08 01:00:10
59,11,1,1692.1,2025-12-08 00:59:11,48542.0,,59,11,1,1533.952515,2025-12-08 01:00:11
59,12,1,1694.7,2025-12-08 00:59:12,47540.0,,59,12,1,1523.583252,2025-12-08 01:00:12
59,13,1,1701.6,2025-12-08 00:59:13,46537.0,,59,13,1,1513.68042,2025-12-08 01:00:13
59,14,1,1699.7,2025-12-08 00:59:14,45534.0,,59,14,1,1504.26001,2025-12-08 01:00:14
59,15,1,1692.7,2025-12-08 00:59:15,44532.0,,59,15,1,1495.328857,2025-12-08 01:00:15
59,16,1,1695.1,2025-12-08 00:59:16,43528.0,,59,16,1,1486.884155,2025-12-08 01:00:16
59,17,1,1695.4,2025-12-08 00:59:17,42521.0,,59,17,1,1478.91687,2025-12-08 01:00:17
59,18,1,1697.1,2025-12-08 00:59:18,41519.0,,59,18,1,1471.413574,2025-12-08 01:00:18
59,19,1,1699.5,2025-12-08 00:59:19,40517.0,,59,19,1,1464.357056,2025-12-08 01:00:19
59,20,1,1704.4,2025-12-08 00:59:20,39510.0,,59,20,1,1457.727051,2025-12-08 01:00:20
59,21,1,1703.7,2025-12-08 00:59:21,38504.0,,59,21,1,1451.502686,2025-12-08 01:00:21
59,22,1,1704.5,2025-12-08 00:59:22,37497.0,,59,22,1,1445.662231,2025-12-08 01:00:22
59,23,1,1696.2,2025-12-08 00:59:23,36493.0,,59,23,1,1440.183228,2025-12-08 01:00:23
59,24,1,1697.2,2025-12-08 00:59:24,35491.0,,59,24,1,1435.043457,2025-12-08 01:00:24
59,25,1,1699.8,2025-12-08 00:59:25,34485.0,,59,25,1,1430.221558,2025-12-08 01:00:25
59,26,1,1697.6,2025-12-08 00:59:26,33481.0,,59,26,1,1425.697266,2025-12-08 01:00:26
59,27,1,1707.0,2025-12-08 00:59:27,32475.0,,59,27,1,1421.450439,2025-12-08 01:00:27
59,28,1,1706.3,2025-12-08 00:59:28,31474.0,,59,28,1,1417.462646,2025-12-08 01:00:28
59,29,1,1699.7,2025-12-08 00:59:29,30473.0,,59,29,1,1413.716675,2025-12-08 01:00:29
59,30,1,1698.4,2025-12-08 00:59:30,29467.0,,59,30,1,1410.195923,2025-12-08 01:00:30
59,31,1,1700.0,2025-12-08 00:59:31,28464.0,,59,31,1,1406.88562,2025-12-08 01:00:31
59,32,1,1700.9,2025-12-08 00:59:32,27462.0,,59,32,1,1403.77124,2025-12-08 01:00:32
59,33,1,1707.7,2025-12-08 00:59:33,26459.0,,59,33,1,1400.840088,2025-12-08 01:00:33
59,34,1,1702.1,2025-12-08 00:59:34,25455.0,,59,34,1,1398.079956,2025-12-08 01:00:34
59,35,1,1717.7,2025-12-08 00:59:35,24451.0,,59,35,1,1395.480103,2025-12-08 01:00:35
59,36,1,1700.7,2025-12-08 00:59:36,23448.0,,59,36,1,1393.029907,2025-12-08 01:00:36
59,37,1,1701.9,2025-12-08 00:59:37,22441.0,,59,37,1,1390.720337,2025-12-08 01:00:37
59,38,1,1702.2,2025-12-08 00:59:38,21427.0,,59,38,1,1388.54248,2025-12-08 01:00:38
59,39,1,1702.1,2025-12-08 00:59:39,20424.0,,59,39,1,1386.488403,2025-12-08 01:00:39
59,40,1,1707.8,2025-12-08 00:59:40,19419.0,,59,40,1,1384.550415,2025-12-08 01:00:40
59,41,1,1708.9,2025-12-08 00:59:41,18417.0,,59,41,1,1382.721924,2025-12-08 01:00:41
59,42,1,1703.0,2025-12-08 00:59:42,17406.0,,59,42,1,1380.995972,2025-12-08 01:00:42
59,43,1,1711.0,2025-12-08 00:59:43,16400.0,,59,43,1,1379.367065,2025-12-08 01:00:43
59,44,1,1708.7,2025-12-08 00:59:44,15398.0,,59,44,1,1377.829834,2025-12-08 01:00:44
59,45,1,1707.6,2025-12-08 00:59:45,14394.0,,59,45,1,1376.37854,2025-12-08 01:00:45
59,46,1,1702.1,2025-12-08 00:59:46,13392.0,,59,46,1,1375.008911,2025-12-08 01:00:46
59,47,1,1702.8,2025-12-08 00:59:47,12389.0,,59,47,1,1373.716064,2025-12-08 01:00:47
59,48,1,1705.8,2025-12-08 00:59:48,11382.0,,59,48,1,1372.495483,2025-12-08 01:00:48
59,49,1,1710.0,2025-12-08 00:59:49,10348.0,,59,49,1,1371.34375,2025-12-08 01:00:49
59,50,1,1708.3,2025-12-08 00:59:50,9345.0,,59,50,1,1370.256714,2025-12-08 01:00:50
59,51,1,1731.3,2025-12-08 00:59:51,8332.0,,59,51,1,1369.230835,2025-12-08 01:00:51
59,52,1,1706.8,2025-12-08 00:59:52,7329.0,,59,52,1,1368.262817,2025-12-08 01:00:52
59,53,1,1705.3,2025-12-08 00:59:53,6310.0,,59,53,1,1367.349609,2025-12-08 01:00:53
59,54,1,1708.7,2025-12-08 00:59:54,5306.0,,59,54,1,1366.488159,2025-12-08 01:00:54
59,55,1,1707.5,2025-12-08 00:59:55,4291.0,,59,55,1,1365.675171,2025-12-08 01:00:55
59,56,1,1706.7,2025-12-08 00:59:56,3274.0,,59,56,1,1364.908691,2025-12-08 01:00:56
59,57,1,1706.4,2025-12-08 00:59:57,2268.0,,59,57,1,1364.185303,2025-12-08 01:00:57
59,58,1,1711.0,2025-12-08 00:59:58,1266.0,,59,58,1,1363.503174,2025-12-08 01:00:58
59,59,1,1725.6,2025-12-08 00:59:59,25.0,,59,59,1,1362.859741,2025-12-08 01:00:59
