block,id,sensor_id,sensor_energy_value,sensor_timestamp,message_delay,,block,id,sensor_id,sensor_energy_value_prediction,sensor_timestamp
0,0,10,599.6,2025-12-08 00:00:00,59185.0,,0,0,10,872.588196,2025-12-08 00:01:00
0,1,10,610.8,2025-12-08 00:00:01,58179.0,,0,1,10,883.238892,2025-12-08 00:01:01
0,2,10,595.3,2025-12-08 00:00:02,57176.0,,0,2,10,896.280518,2025-12-08 00:01:02
0,3,10,595.3,2025-12-08 00:00:03,56174.0,,0,3,10,910.280151,2025-12-08 00:01:03
0,4,10,593.7,2025-12-08 00:00:04,55171.0,,0,4,10,924.407715,2025-12-08 00:01:04
0,5,10,595.2,2025-12-08 00:00:05,54169.0,,0,5,10,938.183411,2025-12-08 00:01:05
0,6,10,594.9,2025-12-08 00:00:06,53168.0,,0,6,10,951.343872,2025-12-08 00:01:06
0,7,10,594.4,2025-12-08 00:00:07,52166.0,,0,7,10,963.760559,2025-12-08 00:01:07
0,8,10,593.6,2025-12-08 00:00:08,51164.0,,0,8,10,975.38501,2025-12-08 00:01:08
0,9,10,600.2,2025-12-08 00:00:09,50161.0,,0,9,10,986.216614,2025-12-08 00:01:09
0,10,10,602.3,2025-12-08 00:00:10,49158.0,,0,10,10,996.281494,2025-12-08 00:01:10
0,11,10,594.8,2025-12-08 00:00:11,48156.0,,0,11,10,1005.619812,2025-12-08 00:01:11
0,12,10,594.7,2025-12-08 00:00:12,47153.0,,0,12,10,1014.278015,2025-12-08 00:01:12
0,13,10,593.1,2025-12-08 00:00:13,46151.0,,0,13,10,1022.304749,2025-12-08 00:01:13
0,14,10,595.3,2025-12-08 00:00:14,45147.0,,0,14,10,1029.747314,2025-12-08 00:01:14
0,15,10,593.7,2025-12-08 00:00:15,44144.0,,0,15,10,1036.650879,2025-12-08 00:01:15
0,16,10,594.5,2025-12-08 00:00:16,43141.0,,0,16,10,1043.05835,2025-12-08 00:01:16
0,17,10,594.6,2025-12-08 00:00:17,42140.0,,0,17,10,1049.008667,2025-12-08 00:01:17
0,18,10,596.1,2025-12-08 00:00:18,41138.0,,0,18,10,1054.538208,2025-12-08 00:01:18
0,19,10,608.9,2025-12-08 00:00:19,40137.0,,0,19,10,1059.679932,2025-12-08 00:01:19
0,20,10,597.9,2025-12-08 00:00:20,39134.0,,0,20,10,1064.4646,2025-12-08 00:01:20
0,21,10,601.4,2025-12-08 00:00:21,38131.0,,0,21,10,1068.9198,2025-12-08 00:01:21
0,22,10,595.0,2025-12-08 00:00:22,37129.0,,0,22,10,1073.071045,2025-12-08 00:01:22
0,23,10,595.6,2025-12-08 00:00:23,36128.0,,0,23,10,1076.941406,2025-12-08 00:01:23
0,24,10,595.7,2025-12-08 00:00:24,35125.0,,0,24,10,1080.55249,2025-12-08 00:01:24
0,25,10,590.8,2025-12-08 00:00:25,34121.0,,0,25,10,1083.92395,2025-12-08 00:01:25
0,26,10,593.2,2025-12-08 00:00:26,33119.0,,0,26,10,1087.073486,2025-12-08 00:01:26
0,27,10,613.7,2025-12-08 00:00:27,32117.0,,0,27,10,1090.0177,2025-12-08 00:01:27
0,28,10,595.1,2025-12-08 00:00:28,31115.0,,0,28,10,1092.771973,2025-12-08 00:01:28
0,29,10,594.1,2025-12-08 00:00:29,30107.0,,0,29,10,1095.349976,2025-12-08 00:01:29
0,30,10,591.4,2025-12-08 00:00:30,29101.0,,0,30,10,1097.764771,2025-12-08 00:01:30
0,31,10,590.4,2025-12-08 00:00:31,28099.0,,0,31,10,1100.028076,2025-12-08 00:01:31
0,32,10,595.3,2025-12-08 00:00:32,27098.0,,0,32,10,1102.150757,2025-12-08 00:01:32
0,33,10,727.1,2025-12-08 00:00:33,26095.0,,0,33,10,1104.143188,2025-12-08 00:01:33
0,34,10,697.3,2025-12-08 00:00:34,25094.0,,0,34,10,1106.014282,2025-12-08 00:01:34
0,35,10,703.6,2025-12-08 00:00:35,24092.0,,0,35,10,1107.772583,2025-12-08 00:01:35
0,36,10,696.7,2025-12-08 00:00:36,23089.0,,0,36,10,1109.42627,2025-12-08 00:01:36
0,37,10,604.4,2025-12-08 00:00:37,22087.0,,0,37,10,1110.9823,2025-12-08 00:01:37
0,38,10,692.7,2025-12-08 00:00:38,21085.0,,0,38,10,1112.447388,2025-12-08 00:01:38
0,39,10,750.3,2025-12-08 00:00:39,20082.0,,0,39,10,1113.827759,2025-12-08 00:01:39
0,40,10,708.5,2025-12-08 00:00:40,19078.0,,0,40,10,1115.129028,2025-12-08 00:01:40
0,41,10,710.8,2025-12-08 00:00:41,18075.0,,0,41,10,1116.356567,2025-12-08 00:01:41
0,42,10,709.5,2025-12-08 00:00:42,17073.0,,0,42,10,1117.515259,2025-12-08 00:01:42
0,43,10,699.3,2025-12-08 00:00:43,16071.0,,0,43,10,1118.609497,2025-12-08 00:01:43
0,44,10,697.1,2025-12-08 00:00:44,15067.0,,0,44,10,1119.643433,2025-12-08 00:01:44
0,45,10,694.5,2025-12-08 00:00:45,14064.0,,0,45,10,1120.620972,2025-12-08 00:01:45
0,46,10,699.0,2025-12-08 00:00:46,13063.0,,0,46,10,1121.54541,2025-12-08 00:01:46
0,47,10,695.6,2025-12-08 00:00:47,12057.0,,0,47,10,1122.420532,2025-12-08 00:01:47
0,48,10,699.2,2025-12-08 00:00:48,11055.0,,0,48,10,1123.249023,2025-12-08 00:01:48
0,49,10,695.9,2025-12-08 00:00:49,10044.0,,0,49,10,1124.033813,2025-12-08 00:01:49
0,50,10,697.5,2025-12-08 00:00:50,9041.0,,0,50,10,1124.777466,2025-12-08 00:01:50
0,51,10,701.1,2025-12-08 00:00:51,8038.0,,0,51,10,1125.482422,2025-12-08 00:01:51
0,52,10,700.3,2025-12-08 00:00:52,7033.0,,0,52,10,1126.151123,2025-12-08 00:01:52
0,53,10,696.4,2025-12-08 00:00:53,6031.0,,0,53,10,1126.785645,2025-12-08 00:01:53
0,54,10,696.5,2025-12-08 00:00:54,5024.0,,0,54,10,1127.387695,2025-12-08 00:01:54
0,55,10,699.2,2025-12-08 00:00:55,4022.0,,0,55,10,1127.959595,2025-12-08 00:01:55
0,56,10,698.3,2025-12-08 00:00:56,3021.0,,0,56,10,1128.502441,2025-12-08 00:01:56
0,57,10,699.4,2025-12-08 00:00:57,2019.0,,0,57,10,1129.018433,2025-12-08 00:01:57
0,58,10,698.7,2025-12-08 00:00:58,1017.0,,0,58,10,1129.508667,2025-12-08 00:01:58
0,59,10,698.8,2025-12-08 00:00:59,15.0,,0,59,10,1129.974609,2025-12-08 00:01:59
1,0,10,1110.914286,2025-12-08 00:01:00,59193.0,,1,0,10,1169.021729,2025-12-08 00:02:00
1,1,10,1110.914286,2025-12-08 00:01:01,58189.0,,1,1,10,1168.808594,2025-12-08 00:02:01
1,2,10,1110.914286,2025-12-08 00:01:02,57187.0,,1,2,10,1168.360107,2025-12-08 00:02:02
1,3,10,1110.914286,2025-12-08 00:01:03,56185.0,,1,3,10,1167.685791,2025-12-08 00:02:03
1,4,10,701.0,2025-12-08 00:01:04,55182.0,,1,4,10,1166.877441,2025-12-08 00:02:04
1,5,10,926.4,2025-12-08 00:01:05,54180.0,,1,5,10,1165.99707,2025-12-08 00:02:05
1,6,10,1081.0,2025-12-08 00:01:06,53178.0,,1,6,10,1165.082886,2025-12-08 00:02:06
1,7,10,917.9,2025-12-08 00:01:07,52176.0,,1,7,10,1164.159546,2025-12-08 00:02:07
1,8,10,898.6,2025-12-08 00:01:08,51172.0,,1,8,10,1163.242188,2025-12-08 00:02:08
1,9,10,976.1,2025-12-08 00:01:09,50165.0,,1,9,10,1162.339722,2025-12-08 00:02:09
1,10,10,909.1,2025-12-08 00:01:10,49162.0,,1,10,10,1161.457031,2025-12-08 00:02:10
1,11,10,958.5,2025-12-08 00:01:11,48160.0,,1,11,10,1160.597656,2025-12-08 00:02:11
1,12,10,985.7,2025-12-08 00:01:12,47158.0,,1,12,10,1159.763306,2025-12-08 00:02:12
1,13,10,1010.5,2025-12-08 00:01:13,46156.0,,1,13,10,1158.953979,2025-12-08 00:02:13
1,14,10,1038.4,2025-12-08 00:01:14,45151.0,,1,14,10,1158.170776,2025-12-08 00:02:14
1,15,10,1062.7,2025-12-08 00:01:15,44149.0,,1,15,10,1157.413452,2025-12-08 00:02:15
1,16,10,1079.2,2025-12-08 00:01:16,43147.0,,1,16,10,1156.681763,2025-12-08 00:02:16
1,17,10,1100.0,2025-12-08 00:01:17,42145.0,,1,17,10,1155.97522,2025-12-08 00:02:17
1,18,10,1117.7,2025-12-08 00:01:18,41143.0,,1,18,10,1155.293945,2025-12-08 00:02:18
1,19,10,1131.6,2025-12-08 00:01:19,40136.0,,1,19,10,1154.636963,2025-12-08 00:02:19
1,20,10,1141.7,2025-12-08 00:01:20,39135.0,,1,20,10,1154.00415,2025-12-08 00:02:20
1,21,10,1144.7,2025-12-08 00:01:21,38127.0,,1,21,10,1153.394897,2025-12-08 00:02:21
1,22,10,1140.0,2025-12-08 00:01:22,37122.0,,1,22,10,1152.80896,2025-12-08 00:02:22
1,23,10,1147.0,2025-12-08 00:01:23,36117.0,,1,23,10,1152.245239,2025-12-08 00:02:23
1,24,10,1151.8,2025-12-08 00:01:24,35115.0,,1,24,10,1151.703491,2025-12-08 00:02:24
1,25,10,1147.7,2025-12-08 00:01:25,34113.0,,1,25,10,1151.183105,2025-12-08 00:02:25
1,26,10,1145.2,2025-12-08 00:01:26,33111.0,,1,26,10,1150.683228,2025-12-08 00:02:26
1,27,10,1151.2,2025-12-08 00:01:27,32110.0,,1,27,10,1150.203613,2025-12-08 00:02:27
1,28,10,1150.8,2025-12-08 00:01:28,31107.0,,1,28,10,1149.743164,2025-12-08 00:02:28
1,29,10,1153.0,2025-12-08 00:01:29,30106.0,,1,29,10,1149.301514,2025-12-08 00:02:29
1,30,10,1148.4,2025-12-08 00:01:30,29104.0,,1,30,10,1148.878052,2025-12-08 00:02:30
1,31,10,1145.4,2025-12-08 00:01:31,28101.0,,1,31,10,1148.472046,2025-12-08 00:02:31
1,32,10,1145.5,2025-12-08 00:01:32,27099.0,,1,32,10,1148.082886,2025-12-08 00:02:32
1,33,10,1146.1,2025-12-08 00:01:33,26096.0,,1,33,10,1147.709839,2025-12-08 00:02:33
1,34,10,1148.1,2025-12-08 00:01:34,25094.0,,1,34,10,1147.352539,2025-12-08 00:02:34
1,35,10,1149.2,2025-12-08 00:01:35,24090.0,,1,35,10,1147.010254,2025-12-08 00:02:35
1,36,10,1150.9,2025-12-08 00:01:36,23087.0,,1,36,10,1146.682251,2025-12-08 00:02:36
1,37,10,1143.0,2025-12-08 00:01:37,22083.0,,1,37,10,1146.368042,2025-12-08 00:02:37
1,38,10,1143.8,2025-12-08 00:01:38,21081.0,,1,38,10,1146.067261,2025-12-08 00:02:38
1,39,10,1148.7,2025-12-08 00:01:39,20074.0,,1,39,10,1145.779175,2025-12-08 00:02:39
1,40,10,1149.9,2025-12-08 00:01:40,19073.0,,1,40,10,1145.503296,2025-12-08 00:02:40
1,41,10,1149.9,2025-12-08 00:01:41,18071.0,,1,41,10,1145.239136,2025-12-08 00:02:41
1,42,10,1155.7,2025-12-08 00:01:42,17069.0,,1,42,10,1144.986328,2025-12-08 00:02:42
1,43,10,1159.2,2025-12-08 00:01:43,16067.0,,1,43,10,1144.744141,2025-12-08 00:02:43
1,44,10,1157.6,2025-12-08 00:01:44,15065.0,,1,44,10,1144.512451,2025-12-08 00:02:44
1,45,10,1166.0,2025-12-08 00:01:45,14061.0,,1,45,10,1144.290649,2025-12-08 00:02:45
1,46,10,1167.9,2025-12-08 00:01:46,13057.0,,1,46,10,1144.078369,2025-12-08 00:02:46
1,47,10,1166.5,2025-12-08 00:01:47,12054.0,,1,47,10,1143.874878,2025-12-08 00:02:47
1,48,10,1169.9,2025-12-08 00:01:48,11053.0,,1,48,10,1143.680542,2025-12-08 00:02:48
1,49,10,1167.9,2025-12-08 00:01:49,10051.0,,1,49,10,1143.494385,2025-12-08 00:02:49
1,50,10,1169.7,2025-12-08 00:01:50,9049.0,,1,50,10,1143.316284,2025-12-08 00:02:50
1,51,10,1174.2,2025-12-08 00:01:51,8047.0,,1,51,10,1143.145874,2025-12-08 00:02:51
1,52,10,1174.1,2025-12-08 00:01:52,7044.0,,1,52,10,1142.98291,2025-12-08 00:02:52
1,53,10,1171.6,2025-12-08 00:01:53,6041.0,,1,53,10,1142.826782,2025-12-08 00:02:53
1,54,10,1174.6,2025-12-08 00:01:54,5039.0,,1,54,10,1142.67749,2025-12-08 00:02:54
1,55,10,1173.1,2025-12-08 00:01:55,4037.0,,1,55,10,1142.534668,2025-12-08 00:02:55
1,56,10,1173.5,2025-12-08 00:01:56,3035.0,,1,56,10,1142.398193,2025-12-08 00:02:56
1,57,10,1179.1,2025-12-08 00:01:57,2033.0,,1,57,10,1142.267456,2025-12-08 00:02:57
1,58,10,1177.1,2025-12-08 00:01:58,1030.0,,1,58,10,1142.142456,2025-12-08 00:02:58
1,59,10,1197.1,2025-12-08 00:01:59,28.0,,1,59,10,1142.023071,2025-12-08 00:02:59
2,0,10,1179.1,2025-12-08 00:02:00,59267.0,,2,0,10,1164.225098,2025-12-08 00:03:00
2,1,10,1172.2,2025-12-08 00:02:01,58265.0,,2,1,10,1163.70166,2025-12-08 00:03:01
2,2,10,1170.8,2025-12-08 00:02:02,57264.0,,2,2,10,1163.071289,2025-12-08 00:03:02
2,3,10,1171.8,2025-12-08 00:02:03,56262.0,,2,3,10,1162.345581,2025-12-08 00:03:03
2,4,10,1171.3,2025-12-08 00:02:04,55260.0,,2,4,10,1161.569458,2025-12-08 00:03:04
2,5,10,1170.7,2025-12-08 00:02:05,54258.0,,2,5,10,1160.772705,2025-12-08 00:03:05
2,6,10,1172.9,2025-12-08 00:02:06,53255.0,,2,6,10,1159.973633,2025-12-08 00:03:06
2,7,10,1176.5,2025-12-08 00:02:07,52252.0,,2,7,10,1159.184204,2025-12-08 00:03:07
2,8,10,1168.7,2025-12-08 00:02:08,51250.0,,2,8,10,1158.410767,2025-12-08 00:03:08
2,9,10,1167.4,2025-12-08 00:02:09,50246.0,,2,9,10,1157.657715,2025-12-08 00:03:09
2,10,10,1170.3,2025-12-08 00:02:10,49245.0,,2,10,10,1156.927002,2025-12-08 00:03:10
2,11,10,1166.6,2025-12-08 00:02:11,48236.0,,2,11,10,1156.219727,2025-12-08 00:03:11
2,12,10,1171.5,2025-12-08 00:02:12,47234.0,,2,12,10,1155.536255,2025-12-08 00:03:12
2,13,10,1167.8,2025-12-08 00:02:13,46232.0,,2,13,10,1154.876465,2025-12-08 00:03:13
2,14,10,1168.8,2025-12-08 00:02:14,45183.0,,2,14,10,1154.240234,2025-12-08 00:03:14
2,15,10,1188.2,2025-12-08 00:02:15,44181.0,,2,15,10,1153.627197,2025-12-08 00:03:15
2,16,10,1167.6,2025-12-08 00:02:16,43179.0,,2,16,10,1153.036743,2025-12-08 00:03:16
2,17,10,1171.8,2025-12-08 00:02:17,42177.0,,2,17,10,1152.468262,2025-12-08 00:03:17
2,18,10,1172.5,2025-12-08 00:02:18,41176.0,,2,18,10,1151.921509,2025-12-08 00:03:18
2,19,10,1177.3,2025-12-08 00:02:19,40174.0,,2,19,10,1151.39563,2025-12-08 00:03:19
2,20,10,1177.5,2025-12-08 00:02:20,39171.0,,2,20,10,1150.890259,2025-12-08 00:03:20
2,21,10,1180.7,2025-12-08 00:02:21,38169.0,,2,21,10,1150.404419,2025-12-08 00:03:21
2,22,10,1174.7,2025-12-08 00:02:22,37165.0,,2,22,10,1149.937988,2025-12-08 00:03:22
2,23,10,1174.9,2025-12-08 00:02:23,36164.0,,2,23,10,1149.490112,2025-12-08 00:03:23
2,24,10,1178.8,2025-12-08 00:02:24,35162.0,,2,24,10,1149.060181,2025-12-08 00:03:24
2,25,10,1171.3,2025-12-08 00:02:25,34161.0,,2,25,10,1148.647583,2025-12-08 00:03:25
2,26,10,1171.4,2025-12-08 00:02:26,33160.0,,2,26,10,1148.251953,2025-12-08 00:03:26
2,27,10,1176.4,2025-12-08 00:02:27,32159.0,,2,27,10,1147.872437,2025-12-08 00:03:27
2,28,10,1175.2,2025-12-08 00:02:28,31157.0,,2,28,10,1147.508667,2025-12-08 00:03:28
2,29,10,1176.9,2025-12-08 00:02:29,30155.0,,2,29,10,1147.160034,2025-12-08 00:03:29
2,30,10,1174.4,2025-12-08 00:02:30,29153.0,,2,30,10,1146.825928,2025-12-08 00:03:30
2,31,10,1168.6,2025-12-08 00:02:31,28151.0,,2,31,10,1146.505859,2025-12-08 00:03:31
2,32,10,1169.6,2025-12-08 00:02:32,27149.0,,2,32,10,1146.199219,2025-12-08 00:03:32
2,33,10,1174.0,2025-12-08 00:02:33,26147.0,,2,33,10,1145.905273,2025-12-08 00:03:33
2,34,10,1170.5,2025-12-08 00:02:34,25145.0,,2,34,10,1145.624023,2025-12-08 00:03:34
2,35,10,1171.8,2025-12-08 00:02:35,24144.0,,2,35,10,1145.354736,2025-12-08 00:03:35
2,36,10,1170.9,2025-12-08 00:02:36,23142.0,,2,36,10,1145.096558,2025-12-08 00:03:36
2,37,10,1169.2,2025-12-08 00:02:37,22139.0,,2,37,10,1144.849731,2025-12-08 00:03:37
2,38,10,1171.1,2025-12-08 00:02:38,21135.0,,2,38,10,1144.613403,2025-12-08 00:03:38
2,39,10,1173.3,2025-12-08 00:02:39,20134.0,,2,39,10,1144.387085,2025-12-08 00:03:39
2,40,10,1172.9,2025-12-08 00:02:40,19131.0,,2,40,10,1144.170532,2025-12-08 00:03:40
2,41,10,1177.5,2025-12-08 00:02:41,18126.0,,2,41,10,1143.963257,2025-12-08 00:03:41
2,42,10,1169.7,2025-12-08 00:02:42,17125.0,,2,42,10,1143.764893,2025-12-08 00:03:42
2,43,10,1166.1,2025-12-08 00:02:43,16123.0,,2,43,10,1143.575073,2025-12-08 00:03:43
2,44,10,1171.0,2025-12-08 00:02:44,15120.0,,2,44,10,1143.393433,2025-12-08 00:03:44
2,45,10,1169.3,2025-12-08 00:02:45,14119.0,,2,45,10,1143.219727,2025-12-08 00:03:45
2,46,10,1172.8,2025-12-08 00:02:46,13107.0,,2,46,10,1143.053467,2025-12-08 00:03:46
2,47,10,1174.3,2025-12-08 00:02:47,12105.0,,2,47,10,1142.894287,2025-12-08 00:03:47
2,48,10,1169.5,2025-12-08 00:02:48,11100.0,,2,48,10,1142.742065,2025-12-08 00:03:48
2,49,10,1168.6,2025-12-08 00:02:49,10099.0,,2,49,10,1142.596558,2025-12-08 00:03:49
2,50,10,1169.2,2025-12-08 00:02:50,9076.0,,2,50,10,1142.457275,2025-12-08 00:03:50
2,51,10,1172.9,2025-12-08 00:02:51,8067.0,,2,51,10,1142.323975,2025-12-08 00:03:51
2,52,10,1169.6,2025-12-08 00:02:52,7034.0,,2,52,10,1142.196533,2025-12-08 00:03:52
2,53,10,1169.1,2025-12-08 00:02:53,6031.0,,2,53,10,1142.074829,2025-12-08 00:03:53
2,54,10,1165.1,2025-12-08 00:02:54,5030.0,,2,54,10,1141.958252,2025-12-08 00:03:54
2,55,10,1169.0,2025-12-08 00:02:55,4019.0,,2,55,10,1141.846802,2025-12-08 00:03:55
2,56,10,1169.0,2025-12-08 00:02:56,3017.0,,2,56,10,1141.740234,2025-12-08 00:03:56
2,57,10,1173.6,2025-12-08 00:02:57,2016.0,,2,57,10,1141.638184,2025-12-08 00:03:57
2,58,10,1169.1,2025-12-08 00:02:58,1011.0,,2,58,10,1141.540649,2025-12-08 00:03:58
2,59,10,1177.4,2025-12-08 00:02:59,9.0,,2,59,10,1141.44751,2025-12-08 00:03:59
3,0,10,1171.2,2025-12-08 00:03:00,59120.0,,3,0,10,1281.458618,2025-12-08 00:04:00
3,1,10,1173.9,2025-12-08 00:03:01,58112.0,,3,1,10,1280.769775,2025-12-08 00:04:01
3,2,10,1171.9,2025-12-08 00:03:02,57111.0,,3,2,10,1279.224609,2025-12-08 00:04:02
3,3,10,1169.8,2025-12-08 00:03:03,56109.0,,3,3,10,1276.948608,2025-12-08 00:04:03
3,4,10,1185.8,2025-12-08 00:03:04,55105.0,,3,4,10,1274.223389,2025-12-08 00:04:04
3,5,10,1170.1,2025-12-08 00:03:05,54100.0,,3,5,10,1271.238159,2025-12-08 00:04:05
3,6,10,1191.2,2025-12-08 00:03:06,53099.0,,3,6,10,1268.113159,2025-12-08 00:04:06
3,7,10,1166.4,2025-12-08 00:03:07,52096.0,,3,7,10,1264.922363,2025-12-08 00:04:07
3,8,10,1164.3,2025-12-08 00:03:08,51091.0,,3,8,10,1261.71167,2025-12-08 00:04:08
3,9,10,1175.5,2025-12-08 00:03:09,50090.0,,3,9,10,1258.508179,2025-12-08 00:04:09
3,10,10,1172.3,2025-12-08 00:03:10,49088.0,,3,10,10,1255.328491,2025-12-08 00:04:10
3,11,10,1168.3,2025-12-08 00:03:11,48085.0,,3,11,10,1252.182007,2025-12-08 00:04:11
3,12,10,1171.6,2025-12-08 00:03:12,47084.0,,3,12,10,1249.074585,2025-12-08 00:04:12
3,13,10,1167.8,2025-12-08 00:03:13,46082.0,,3,13,10,1246.009888,2025-12-08 00:04:13
3,14,10,1169.1,2025-12-08 00:03:14,45081.0,,3,14,10,1242.989746,2025-12-08 00:04:14
3,15,10,1179.5,2025-12-08 00:03:15,44078.0,,3,15,10,1240.015747,2025-12-08 00:04:15
3,16,10,1165.1,2025-12-08 00:03:16,43076.0,,3,16,10,1237.089111,2025-12-08 00:04:16
3,17,10,1167.3,2025-12-08 00:03:17,42074.0,,3,17,10,1234.21106,2025-12-08 00:04:17
3,18,10,1171.7,2025-12-08 00:03:18,41072.0,,3,18,10,1231.382202,2025-12-08 00:04:18
3,19,10,1173.7,2025-12-08 00:03:19,40071.0,,3,19,10,1228.603638,2025-12-08 00:04:19
3,20,10,1171.5,2025-12-08 00:03:20,39069.0,,3,20,10,1225.876099,2025-12-08 00:04:20
3,21,10,1175.9,2025-12-08 00:03:21,38068.0,,3,21,10,1223.200562,2025-12-08 00:04:21
3,22,10,1174.3,2025-12-08 00:03:22,37066.0,,3,22,10,1220.577515,2025-12-08 00:04:22
3,23,10,1180.4,2025-12-08 00:03:23,36064.0,,3,23,10,1218.007812,2025-12-08 00:04:23
3,24,10,1183.8,2025-12-08 00:03:24,35063.0,,3,24,10,1215.491821,2025-12-08 00:04:24
3,25,10,1163.9,2025-12-08 00:03:25,34062.0,,3,25,10,1213.030396,2025-12-08 00:04:25
3,26,10,1170.2,2025-12-08 00:03:26,33060.0,,3,26,10,1210.623413,2025-12-08 00:04:26
3,27,10,1207.2,2025-12-08 00:03:27,32058.0,,3,27,10,1208.271484,2025-12-08 00:04:27
3,28,10,1300.8,2025-12-08 00:03:28,31057.0,,3,28,10,1205.974365,2025-12-08 00:04:28
3,29,10,1277.4,2025-12-08 00:03:29,30056.0,,3,29,10,1203.731689,2025-12-08 00:04:29
3,30,10,1277.1,2025-12-08 00:03:30,29053.0,,3,30,10,1201.5448,2025-12-08 00:04:30
3,31,10,1277.2,2025-12-08 00:03:31,28052.0,,3,31,10,1199.412964,2025-12-08 00:04:31
3,32,10,1277.5,2025-12-08 00:03:32,27050.0,,3,32,10,1197.33606,2025-12-08 00:04:32
3,33,10,1280.9,2025-12-08 00:03:33,26049.0,,3,33,10,1195.314087,2025-12-08 00:04:33
3,34,10,1285.2,2025-12-08 00:03:34,25047.0,,3,34,10,1193.346191,2025-12-08 00:04:34
3,35,10,1290.8,2025-12-08 00:03:35,24046.0,,3,35,10,1191.432129,2025-12-08 00:04:35
3,36,10,1266.7,2025-12-08 00:03:36,23044.0,,3,36,10,1189.571411,2025-12-08 00:04:36
3,37,10,1279.2,2025-12-08 00:03:37,22042.0,,3,37,10,1187.763794,2025-12-08 00:04:37
3,38,10,1278.3,2025-12-08 00:03:38,21040.0,,3,38,10,1186.008057,2025-12-08 00:04:38
3,39,10,1280.6,2025-12-08 00:03:39,20039.0,,3,39,10,1184.303833,2025-12-08 00:04:39
3,40,10,1281.1,2025-12-08 00:03:40,19038.0,,3,40,10,1182.650269,2025-12-08 00:04:40
3,41,10,1274.5,2025-12-08 00:03:41,18037.0,,3,41,10,1181.046753,2025-12-08 00:04:41
3,42,10,1282.2,2025-12-08 00:03:42,17035.0,,3,42,10,1179.492432,2025-12-08 00:04:42
3,43,10,1273.4,2025-12-08 00:03:43,16034.0,,3,43,10,1177.986328,2025-12-08 00:04:43
3,44,10,1279.1,2025-12-08 00:03:44,15032.0,,3,44,10,1176.527832,2025-12-08 00:04:44
3,45,10,1276.6,2025-12-08 00:03:45,14031.0,,3,45,10,1175.115723,2025-12-08 00:04:45
3,46,10,1276.0,2025-12-08 00:03:46,13029.0,,3,46,10,1173.749512,2025-12-08 00:04:46
3,47,10,1275.1,2025-12-08 00:03:47,12028.0,,3,47,10,1172.427734,2025-12-08 00:04:47
3,48,10,1276.3,2025-12-08 00:03:48,11027.0,,3,48,10,1171.149902,2025-12-08 00:04:48
3,49,10,1274.8,2025-12-08 00:03:49,10025.0,,3,49,10,1169.914917,2025-12-08 00:04:49
3,50,10,1274.6,2025-12-08 00:03:50,9023.0,,3,50,10,1168.72168,2025-12-08 00:04:50
3,51,10,1277.9,2025-12-08 00:03:51,8022.0,,3,51,10,1167.569214,2025-12-08 00:04:51
3,52,10,1282.4,2025-12-08 00:03:52,7021.0,,3,52,10,1166.456787,2025-12-08 00:04:52
3,53,10,1286.4,2025-12-08 00:03:53,6019.0,,3,53,10,1165.382935,2025-12-08 00:04:53
3,54,10,1283.3,2025-12-08 00:03:54,5018.0,,3,54,10,1164.347046,2025-12-08 00:04:54
3,55,10,1276.1,2025-12-08 00:03:55,4016.0,,3,55,10,1163.348022,2025-12-08 00:04:55
3,56,10,1305.4,2025-12-08 00:03:56,3014.0,,3,56,10,1162.385132,2025-12-08 00:04:56
3,57,10,1347.6,2025-12-08 00:03:57,2013.0,,3,57,10,1161.456787,2025-12-08 00:04:57
3,58,10,1338.7,2025-12-08 00:03:58,1012.0,,3,58,10,1160.562256,2025-12-08 00:04:58
3,59,10,1337.0,2025-12-08 00:03:59,9.0,,3,59,10,1159.700806,2025-12-08 00:04:59
4,0,10,1347.4,2025-12-08 00:04:00,59141.0,,4,0,10,1400.274902,2025-12-08 00:05:00
4,1,10,1347.4,2025-12-08 00:04:01,58139.0,,4,1,10,1397.935425,2025-12-08 00:05:01
4,2,10,1337.7,2025-12-08 00:04:02,57138.0,,4,2,10,1395.316162,2025-12-08 00:05:02
4,3,10,1339.2,2025-12-08 00:04:03,56137.0,,4,3,10,1392.464355,2025-12-08 00:05:03
4,4,10,1341.2,2025-12-08 00:04:04,55135.0,,4,4,10,1389.460449,2025-12-08 00:05:04
4,5,10,1343.6,2025-12-08 00:04:05,54133.0,,4,5,10,1386.358765,2025-12-08 00:05:05
4,6,10,1351.0,2025-12-08 00:04:06,53132.0,,4,6,10,1383.193726,2025-12-08 00:05:06
4,7,10,1340.2,2025-12-08 00:04:07,52130.0,,4,7,10,1379.985718,2025-12-08 00:05:07
4,8,10,1346.8,2025-12-08 00:04:08,51128.0,,4,8,10,1376.747559,2025-12-08 00:05:08
4,9,10,1344.9,2025-12-08 00:04:09,50127.0,,4,9,10,1373.485229,2025-12-08 00:05:09
4,10,10,1343.8,2025-12-08 00:04:10,49126.0,,4,10,10,1370.203857,2025-12-08 00:05:10
4,11,10,1341.1,2025-12-08 00:04:11,48120.0,,4,11,10,1366.905273,2025-12-08 00:05:11
4,12,10,1347.9,2025-12-08 00:04:12,47116.0,,4,12,10,1363.59082,2025-12-08 00:05:12
4,13,10,1334.4,2025-12-08 00:04:13,46114.0,,4,13,10,1360.261353,2025-12-08 00:05:13
4,14,10,1332.2,2025-12-08 00:04:14,45112.0,,4,14,10,1356.917725,2025-12-08 00:05:14
4,15,10,1342.3,2025-12-08 00:04:15,44109.0,,4,15,10,1353.560669,2025-12-08 00:05:15
4,16,10,1348.0,2025-12-08 00:04:16,43106.0,,4,16,10,1350.190308,2025-12-08 00:05:16
4,17,10,1339.5,2025-12-08 00:04:17,42106.0,,4,17,10,1346.807617,2025-12-08 00:05:17
4,18,10,1338.1,2025-12-08 00:04:18,41104.0,,4,18,10,1343.414185,2025-12-08 00:05:18
4,19,10,1344.6,2025-12-08 00:04:19,40102.0,,4,19,10,1340.010132,2025-12-08 00:05:19
4,20,10,1346.1,2025-12-08 00:04:20,39101.0,,4,20,10,1336.597168,2025-12-08 00:05:20
4,21,10,1345.6,2025-12-08 00:04:21,38099.0,,4,21,10,1333.17627,2025-12-08 00:05:21
4,22,10,1348.8,2025-12-08 00:04:22,37098.0,,4,22,10,1329.748657,2025-12-08 00:05:22
4,23,10,1333.7,2025-12-08 00:04:23,36096.0,,4,23,10,1326.315796,2025-12-08 00:05:23
4,24,10,1336.8,2025-12-08 00:04:24,35095.0,,4,24,10,1322.879517,2025-12-08 00:05:24
4,25,10,1346.8,2025-12-08 00:04:25,34092.0,,4,25,10,1319.441162,2025-12-08 00:05:25
4,26,10,1340.7,2025-12-08 00:04:26,33089.0,,4,26,10,1316.001465,2025-12-08 00:05:26
4,27,10,1345.4,2025-12-08 00:04:27,32086.0,,4,27,10,1312.562988,2025-12-08 00:05:27
4,28,10,1346.4,2025-12-08 00:04:28,31085.0,,4,28,10,1309.127075,2025-12-08 00:05:28
4,29,10,1355.5,2025-12-08 00:04:29,30082.0,,4,29,10,1305.695679,2025-12-08 00:05:29
4,30,10,1339.8,2025-12-08 00:04:30,29077.0,,4,30,10,1302.270142,2025-12-08 00:05:30
4,31,10,1335.1,2025-12-08 00:04:31,28076.0,,4,31,10,1298.852783,2025-12-08 00:05:31
4,32,10,1350.0,2025-12-08 00:04:32,27075.0,,4,32,10,1295.445557,2025-12-08 00:05:32
4,33,10,1336.3,2025-12-08 00:04:33,26073.0,,4,33,10,1292.049561,2025-12-08 00:05:33
4,34,10,1336.4,2025-12-08 00:04:34,25069.0,,4,34,10,1288.66748,2025-12-08 00:05:34
4,35,10,1330.8,2025-12-08 00:04:35,24067.0,,4,35,10,1285.300781,2025-12-08 00:05:35
4,36,10,1353.1,2025-12-08 00:04:36,23066.0,,4,36,10,1281.951904,2025-12-08 00:05:36
4,37,10,1419.4,2025-12-08 00:04:37,22064.0,,4,37,10,1278.621582,2025-12-08 00:05:37
4,38,10,1417.6,2025-12-08 00:04:38,21063.0,,4,38,10,1275.311035,2025-12-08 00:05:38
4,39,10,1417.7,2025-12-08 00:04:39,20061.0,,4,39,10,1272.024658,2025-12-08 00:05:39
4,40,10,1419.5,2025-12-08 00:04:40,19060.0,,4,40,10,1268.764038,2025-12-08 00:05:40
4,41,10,1425.4,2025-12-08 00:04:41,18058.0,,4,41,10,1265.53125,2025-12-08 00:05:41
4,42,10,1422.1,2025-12-08 00:04:42,17055.0,,4,42,10,1262.327881,2025-12-08 00:05:42
4,43,10,1421.4,2025-12-08 00:04:43,16052.0,,4,43,10,1259.156128,2025-12-08 00:05:43
4,44,10,1423.2,2025-12-08 00:04:44,15051.0,,4,44,10,1256.0177,2025-12-08 00:05:44
4,45,10,1425.5,2025-12-08 00:04:45,14050.0,,4,45,10,1252.914551,2025-12-08 00:05:45
4,46,10,1425.0,2025-12-08 00:04:46,13047.0,,4,46,10,1249.848022,2025-12-08 00:05:46
4,47,10,1423.2,2025-12-08 00:04:47,12046.0,,4,47,10,1246.820312,2025-12-08 00:05:47
4,48,10,1425.8,2025-12-08 00:04:48,11044.0,,4,48,10,1243.832764,2025-12-08 00:05:48
4,49,10,1422.6,2025-12-08 00:04:49,10043.0,,4,49,10,1240.886719,2025-12-08 00:05:49
4,50,10,1429.2,2025-12-08 00:04:50,9041.0,,4,50,10,1237.983887,2025-12-08 00:05:50
4,51,10,1429.3,2025-12-08 00:04:51,8036.0,,4,51,10,1235.125366,2025-12-08 00:05:51
4,52,10,1428.0,2025-12-08 00:04:52,7034.0,,4,52,10,1232.3125,2025-12-08 00:05:52
4,53,10,1420.6,2025-12-08 00:04:53,6032.0,,4,53,10,1229.546753,2025-12-08 00:05:53
4,54,10,1416.6,2025-12-08 00:04:54,5031.0,,4,54,10,1226.828979,2025-12-08 00:05:54
4,55,10,1415.9,2025-12-08 00:04:55,4030.0,,4,55,10,1224.1604,2025-12-08 00:05:55
4,56,10,1416.2,2025-12-08 00:04:56,3028.0,,4,56,10,1221.541504,2025-12-08 00:05:56
4,57,10,1423.6,2025-12-08 00:04:57,2016.0,,4,57,10,1218.973389,2025-12-08 00:05:57
4,58,10,1420.8,2025-12-08 00:04:58,1013.0,,4,58,10,1216.456543,2025-12-08 00:05:58
4,59,10,1418.0,2025-12-08 00:04:59,12.0,,4,59,10,1213.991455,2025-12-08 00:05:59
5,0,10,1419.6,2025-12-08 00:05:00,59204.0,,5,0,10,1558.721558,2025-12-08 00:06:00
5,1,10,1423.3,2025-12-08 00:05:01,58203.0,,5,1,10,1558.897827,2025-12-08 00:06:01
5,2,10,1418.2,2025-12-08 00:05:02,57201.0,,5,2,10,1559.078369,2025-12-08 00:06:02
5,3,10,1420.7,2025-12-08 00:05:03,56200.0,,5,3,10,1559.275146,2025-12-08 00:06:03
5,4,10,1421.0,2025-12-08 00:05:04,55198.0,,5,4,10,1559.489014,2025-12-08 00:06:04
5,5,10,1419.3,2025-12-08 00:05:05,54197.0,,5,5,10,1559.719604,2025-12-08 00:06:05
5,6,10,1425.3,2025-12-08 00:05:06,53194.0,,5,6,10,1559.966675,2025-12-08 00:06:06
5,7,10,1433.0,2025-12-08 00:05:07,52193.0,,5,7,10,1560.229004,2025-12-08 00:06:07
5,8,10,1417.4,2025-12-08 00:05:08,51191.0,,5,8,10,1560.505981,2025-12-08 00:06:08
5,9,10,1426.6,2025-12-08 00:05:09,50189.0,,5,9,10,1560.798462,2025-12-08 00:06:09
5,10,10,1437.7,2025-12-08 00:05:10,49188.0,,5,10,10,1561.10437,2025-12-08 00:06:10
5,11,10,1418.0,2025-12-08 00:05:11,48187.0,,5,11,10,1561.423828,2025-12-08 00:06:11
5,12,10,1418.7,2025-12-08 00:05:12,47186.0,,5,12,10,1561.757812,2025-12-08 00:06:12
5,13,10,1418.7,2025-12-08 00:05:13,46184.0,,5,13,10,1562.104492,2025-12-08 00:06:13
5,14,10,1419.6,2025-12-08 00:05:14,45183.0,,5,14,10,1562.464478,2025-12-08 00:06:14
5,15,10,1424.2,2025-12-08 00:05:15,44181.0,,5,15,10,1562.837036,2025-12-08 00:06:15
5,16,10,1426.9,2025-12-08 00:05:16,43180.0,,5,16,10,1563.22168,2025-12-08 00:06:16
5,17,10,1426.4,2025-12-08 00:05:17,42179.0,,5,17,10,1563.618408,2025-12-08 00:06:17
5,18,10,1421.5,2025-12-08 00:05:18,41177.0,,5,18,10,1564.027588,2025-12-08 00:06:18
5,19,10,1428.6,2025-12-08 00:05:19,40176.0,,5,19,10,1564.448975,2025-12-08 00:06:19
5,20,10,1428.6,2025-12-08 00:05:20,39175.0,,5,20,10,1564.881714,2025-12-08 00:06:20
5,21,10,1429.4,2025-12-08 00:05:21,38173.0,,5,21,10,1565.326172,2025-12-08 00:06:21
5,22,10,1426.4,2025-12-08 00:05:22,37171.0,,5,22,10,1565.781982,2025-12-08 00:06:22
5,23,10,1422.6,2025-12-08 00:05:23,36170.0,,5,23,10,1566.249512,2025-12-08 00:06:23
5,24,10,1423.5,2025-12-08 00:05:24,35169.0,,5,24,10,1566.728394,2025-12-08 00:06:24
5,25,10,1421.9,2025-12-08 00:05:25,34167.0,,5,25,10,1567.218262,2025-12-08 00:06:25
5,26,10,1486.5,2025-12-08 00:05:26,33166.0,,5,26,10,1567.719604,2025-12-08 00:06:26
5,27,10,1541.7,2025-12-08 00:05:27,32164.0,,5,27,10,1568.227661,2025-12-08 00:06:27
5,28,10,1561.5,2025-12-08 00:05:28,31163.0,,5,28,10,1568.744019,2025-12-08 00:06:28
5,29,10,1550.5,2025-12-08 00:05:29,30161.0,,5,29,10,1569.271729,2025-12-08 00:06:29
5,30,10,1558.5,2025-12-08 00:05:30,29160.0,,5,30,10,1569.813477,2025-12-08 00:06:30
5,31,10,1578.8,2025-12-08 00:05:31,28158.0,,5,31,10,1570.368286,2025-12-08 00:06:31
5,32,10,1561.6,2025-12-08 00:05:32,27157.0,,5,32,10,1570.935425,2025-12-08 00:06:32
5,33,10,1575.6,2025-12-08 00:05:33,26156.0,,5,33,10,1571.518188,2025-12-08 00:06:33
5,34,10,1555.6,2025-12-08 00:05:34,25154.0,,5,34,10,1572.114746,2025-12-08 00:06:34
5,35,10,1558.7,2025-12-08 00:05:35,24153.0,,5,35,10,1572.727905,2025-12-08 00:06:35
5,36,10,1559.3,2025-12-08 00:05:36,23152.0,,5,36,10,1573.356201,2025-12-08 00:06:36
5,37,10,1559.2,2025-12-08 00:05:37,22150.0,,5,37,10,1574.000244,2025-12-08 00:06:37
5,38,10,1554.4,2025-12-08 00:05:38,21148.0,,5,38,10,1574.660522,2025-12-08 00:06:38
5,39,10,1557.6,2025-12-08 00:05:39,20147.0,,5,39,10,1575.338379,2025-12-08 00:06:39
5,40,10,1560.4,2025-12-08 00:05:40,19145.0,,5,40,10,1576.032837,2025-12-08 00:06:40
5,41,10,1558.5,2025-12-08 00:05:41,18144.0,,5,41,10,1576.744873,2025-12-08 00:06:41
5,42,10,1558.1,2025-12-08 00:05:42,17142.0,,5,42,10,1577.475464,2025-12-08 00:06:42
5,43,10,1560.9,2025-12-08 00:05:43,16141.0,,5,43,10,1578.224487,2025-12-08 00:06:43
5,44,10,1556.0,2025-12-08 00:05:44,15139.0,,5,44,10,1578.99292,2025-12-08 00:06:44
5,45,10,1558.1,2025-12-08 00:05:45,14138.0,,5,45,10,1579.781372,2025-12-08 00:06:45
5,46,10,1564.1,2025-12-08 00:05:46,13137.0,,5,46,10,1580.590088,2025-12-08 00:06:46
5,47,10,1553.0,2025-12-08 00:05:47,12134.0,,5,47,10,1581.419067,2025-12-08 00:06:47
5,48,10,1559.9,2025-12-08 00:05:48,11132.0,,5,48,10,1582.27063,2025-12-08 00:06:48
5,49,10,1559.2,2025-12-08 00:05:49,10130.0,,5,49,10,1583.143677,2025-12-08 00:06:49
5,50,10,1561.0,2025-12-08 00:05:50,9128.0,,5,50,10,1584.039429,2025-12-08 00:06:50
5,51,10,1558.9,2025-12-08 00:05:51,8124.0,,5,51,10,1584.958252,2025-12-08 00:06:51
5,52,10,1558.9,2025-12-08 00:05:52,7120.0,,5,52,10,1585.901245,2025-12-08 00:06:52
5,53,10,1556.0,2025-12-08 00:05:53,6119.0,,5,53,10,1586.869019,2025-12-08 00:06:53
5,54,10,1561.9,2025-12-08 00:05:54,5117.0,,5,54,10,1587.862183,2025-12-08 00:06:54
5,55,10,1556.5,2025-12-08 00:05:55,4116.0,,5,55,10,1588.880981,2025-12-08 00:06:55
5,56,10,1556.9,2025-12-08 00:05:56,3113.0,,5,56,10,1589.92688,2025-12-08 00:06:56
5,57,10,1562.3,2025-12-08 00:05:57,2112.0,,5,57,10,1591.000122,2025-12-08 00:06:57
5,58,10,1559.5,2025-12-08 00:05:58,1110.0,,5,58,10,1592.101318,2025-12-08 00:06:58
5,59,10,1556.2,2025-12-08 00:05:59,108.0,,5,59,10,1593.231445,2025-12-08 00:06:59
6,0,10,1565.2,2025-12-08 00:06:00,59155.0,,6,0,10,1565.277344,2025-12-08 00:07:00
6,1,10,1562.2,2025-12-08 00:06:01,58154.0,,6,1,10,1565.675659,2025-12-08 00:07:01
6,2,10,1565.4,2025-12-08 00:06:02,57152.0,,6,2,10,1566.087769,2025-12-08 00:07:02
6,3,10,1561.2,2025-12-08 00:06:03,56123.0,,6,3,10,1566.528198,2025-12-08 00:07:03
6,4,10,1557.8,2025-12-08 00:06:04,55119.0,,6,4,10,1566.99292,2025-12-08 00:07:04
6,5,10,1560.2,2025-12-08 00:06:05,54114.0,,6,5,10,1567.477173,2025-12-08 00:07:05
6,6,10,1560.8,2025-12-08 00:06:06,53109.0,,6,6,10,1567.977295,2025-12-08 00:07:06
6,7,10,1562.0,2025-12-08 00:06:07,52107.0,,6,7,10,1568.491943,2025-12-08 00:07:07
6,8,10,1557.4,2025-12-08 00:06:08,51106.0,,6,8,10,1569.02002,2025-12-08 00:07:08
6,9,10,1567.2,2025-12-08 00:06:09,50104.0,,6,9,10,1569.561523,2025-12-08 00:07:09
6,10,10,1569.9,2025-12-08 00:06:10,49103.0,,6,10,10,1570.115479,2025-12-08 00:07:10
6,11,10,1559.0,2025-12-08 00:06:11,48101.0,,6,11,10,1570.682983,2025-12-08 00:07:11
6,12,10,1577.0,2025-12-08 00:06:12,47099.0,,6,12,10,1571.264648,2025-12-08 00:07:12
6,13,10,1562.9,2025-12-08 00:06:13,46097.0,,6,13,10,1571.859253,2025-12-08 00:07:13
6,14,10,1559.6,2025-12-08 00:06:14,45096.0,,6,14,10,1572.46936,2025-12-08 00:07:14
6,15,10,1561.2,2025-12-08 00:06:15,44082.0,,6,15,10,1573.094727,2025-12-08 00:07:15
6,16,10,1556.5,2025-12-08 00:06:16,43080.0,,6,16,10,1573.735107,2025-12-08 00:07:16
6,17,10,1557.6,2025-12-08 00:06:17,42078.0,,6,17,10,1574.391724,2025-12-08 00:07:17
6,18,10,1576.1,2025-12-08 00:06:18,41076.0,,6,18,10,1575.064575,2025-12-08 00:07:18
6,19,10,1567.9,2025-12-08 00:06:19,40072.0,,6,19,10,1575.752686,2025-12-08 00:07:19
6,20,10,1563.4,2025-12-08 00:06:20,39071.0,,6,20,10,1576.458984,2025-12-08 00:07:20
6,21,10,1560.5,2025-12-08 00:06:21,38069.0,,6,21,10,1577.18335,2025-12-08 00:07:21
6,22,10,1562.1,2025-12-08 00:06:22,37067.0,,6,22,10,1577.926514,2025-12-08 00:07:22
6,23,10,1562.5,2025-12-08 00:06:23,36064.0,,6,23,10,1578.688232,2025-12-08 00:07:23
6,24,10,1561.6,2025-12-08 00:06:24,35063.0,,6,24,10,1579.46936,2025-12-08 00:07:24
6,25,10,1560.0,2025-12-08 00:06:25,34061.0,,6,25,10,1580.27063,2025-12-08 00:07:25
6,26,10,1569.5,2025-12-08 00:06:26,33059.0,,6,26,10,1581.092407,2025-12-08 00:07:26
6,27,10,1559.9,2025-12-08 00:06:27,32058.0,,6,27,10,1581.934448,2025-12-08 00:07:27
6,28,10,1563.0,2025-12-08 00:06:28,31057.0,,6,28,10,1582.799316,2025-12-08 00:07:28
6,29,10,1557.2,2025-12-08 00:06:29,30055.0,,6,29,10,1583.686279,2025-12-08 00:07:29
6,30,10,1560.4,2025-12-08 00:06:30,29054.0,,6,30,10,1584.596191,2025-12-08 00:07:30
6,31,10,1560.3,2025-12-08 00:06:31,28053.0,,6,31,10,1585.529907,2025-12-08 00:07:31
6,32,10,1570.6,2025-12-08 00:06:32,27051.0,,6,32,10,1586.487671,2025-12-08 00:07:32
6,33,10,1562.7,2025-12-08 00:06:33,26050.0,,6,33,10,1587.469971,2025-12-08 00:07:33
6,34,10,1560.2,2025-12-08 00:06:34,25048.0,,6,34,10,1588.478149,2025-12-08 00:07:34
6,35,10,1558.2,2025-12-08 00:06:35,24046.0,,6,35,10,1589.513306,2025-12-08 00:07:35
6,36,10,1558.5,2025-12-08 00:06:36,23045.0,,6,36,10,1590.575439,2025-12-08 00:07:36
6,37,10,1559.8,2025-12-08 00:06:37,22043.0,,6,37,10,1591.665527,2025-12-08 00:07:37
6,38,10,1560.9,2025-12-08 00:06:38,21039.0,,6,38,10,1592.78418,2025-12-08 00:07:38
6,39,10,1563.8,2025-12-08 00:06:39,20037.0,,6,39,10,1593.932007,2025-12-08 00:07:39
6,40,10,1556.1,2025-12-08 00:06:40,19036.0,,6,40,10,1595.109985,2025-12-08 00:07:40
6,41,10,1560.8,2025-12-08 00:06:41,18034.0,,6,41,10,1596.319824,2025-12-08 00:07:41
6,42,10,1563.3,2025-12-08 00:06:42,17033.0,,6,42,10,1597.560913,2025-12-08 00:07:42
6,43,10,1561.1,2025-12-08 00:06:43,16032.0,,6,43,10,1598.834839,2025-12-08 00:07:43
6,44,10,1564.5,2025-12-08 00:06:44,15031.0,,6,44,10,1600.1427,2025-12-08 00:07:44
6,45,10,1560.4,2025-12-08 00:06:45,14030.0,,6,45,10,1601.485229,2025-12-08 00:07:45
6,46,10,1560.0,2025-12-08 00:06:46,13028.0,,6,46,10,1602.863647,2025-12-08 00:07:46
6,47,10,1557.3,2025-12-08 00:06:47,12027.0,,6,47,10,1604.278809,2025-12-08 00:07:47
6,48,10,1562.7,2025-12-08 00:06:48,11026.0,,6,48,10,1605.732056,2025-12-08 00:07:48
6,49,10,1563.8,2025-12-08 00:06:49,10024.0,,6,49,10,1607.223389,2025-12-08 00:07:49
6,50,10,1562.0,2025-12-08 00:06:50,9022.0,,6,50,10,1608.754639,2025-12-08 00:07:50
6,51,10,1563.6,2025-12-08 00:06:51,8021.0,,6,51,10,1610.327026,2025-12-08 00:07:51
6,52,10,1558.6,2025-12-08 00:06:52,7019.0,,6,52,10,1611.94165,2025-12-08 00:07:52
6,53,10,1559.8,2025-12-08 00:06:53,6018.0,,6,53,10,1613.599731,2025-12-08 00:07:53
6,54,10,1557.2,2025-12-08 00:06:54,5017.0,,6,54,10,1615.302124,2025-12-08 00:07:54
6,55,10,1561.4,2025-12-08 00:06:55,4015.0,,6,55,10,1617.050659,2025-12-08 00:07:55
6,56,10,1568.6,2025-12-08 00:06:56,3014.0,,6,56,10,1618.845947,2025-12-08 00:07:56
6,57,10,1571.0,2025-12-08 00:06:57,2012.0,,6,57,10,1620.689087,2025-12-08 00:07:57
6,58,10,1561.0,2025-12-08 00:06:58,1011.0,,6,58,10,1622.581787,2025-12-08 00:07:58
6,59,10,1560.3,2025-12-08 00:06:59,10.0,,6,59,10,1624.526733,2025-12-08 00:07:59
7,0,10,1566.8,2025-12-08 00:07:00,59094.0,,7,0,10,1565.18396,2025-12-08 00:08:00
7,1,10,1564.8,2025-12-08 00:07:01,58093.0,,7,1,10,1565.655518,2025-12-08 00:08:01
7,2,10,1565.6,2025-12-08 00:07:02,57092.0,,7,2,10,1566.12561,2025-12-08 00:08:02
7,3,10,1564.7,2025-12-08 00:07:03,56090.0,,7,3,10,1566.602661,2025-12-08 00:08:03
7,4,10,1560.1,2025-12-08 00:07:04,55089.0,,7,4,10,1567.089111,2025-12-08 00:08:04
7,5,10,1557.1,2025-12-08 00:07:05,54088.0,,7,5,10,1567.585693,2025-12-08 00:08:05
7,6,10,1557.1,2025-12-08 00:07:06,53086.0,,7,6,10,1568.093506,2025-12-08 00:08:06
7,7,10,1561.0,2025-12-08 00:07:07,52085.0,,7,7,10,1568.612793,2025-12-08 00:08:07
7,8,10,1556.3,2025-12-08 00:07:08,51083.0,,7,8,10,1569.143921,2025-12-08 00:08:08
7,9,10,1565.0,2025-12-08 00:07:09,50082.0,,7,9,10,1569.687622,2025-12-08 00:08:09
7,10,10,1557.6,2025-12-08 00:07:10,49081.0,,7,10,10,1570.243896,2025-12-08 00:08:10
7,11,10,1562.0,2025-12-08 00:07:11,48079.0,,7,11,10,1570.814087,2025-12-08 00:08:11
7,12,10,1558.0,2025-12-08 00:07:12,47078.0,,7,12,10,1571.397827,2025-12-08 00:08:12
7,13,10,1562.1,2025-12-08 00:07:13,46077.0,,7,13,10,1571.996094,2025-12-08 00:08:13
7,14,10,1558.8,2025-12-08 00:07:14,45075.0,,7,14,10,1572.608521,2025-12-08 00:08:14
7,15,10,1563.7,2025-12-08 00:07:15,44074.0,,7,15,10,1573.23645,2025-12-08 00:08:15
7,16,10,1561.0,2025-12-08 00:07:16,43073.0,,7,16,10,1573.879517,2025-12-08 00:08:16
7,17,10,1561.0,2025-12-08 00:07:17,42071.0,,7,17,10,1574.53894,2025-12-08 00:08:17
7,18,10,1561.9,2025-12-08 00:07:18,41070.0,,7,18,10,1575.2146,2025-12-08 00:08:18
7,19,10,1568.6,2025-12-08 00:07:19,40068.0,,7,19,10,1575.907227,2025-12-08 00:08:19
7,20,10,1567.3,2025-12-08 00:07:20,39067.0,,7,20,10,1576.616699,2025-12-08 00:08:20
7,21,10,1558.9,2025-12-08 00:07:21,38066.0,,7,21,10,1577.344604,2025-12-08 00:08:21
7,22,10,1557.3,2025-12-08 00:07:22,37065.0,,7,22,10,1578.091187,2025-12-08 00:08:22
7,23,10,1563.7,2025-12-08 00:07:23,36062.0,,7,23,10,1578.856812,2025-12-08 00:08:23
7,24,10,1564.6,2025-12-08 00:07:24,35061.0,,7,24,10,1579.641968,2025-12-08 00:08:24
7,25,10,1560.6,2025-12-08 00:07:25,34060.0,,7,25,10,1580.446655,2025-12-08 00:08:25
7,26,10,1565.2,2025-12-08 00:07:26,33058.0,,7,26,10,1581.272461,2025-12-08 00:08:26
7,27,10,1554.9,2025-12-08 00:07:27,32057.0,,7,27,10,1582.119019,2025-12-08 00:08:27
7,28,10,1560.4,2025-12-08 00:07:28,31056.0,,7,28,10,1582.988403,2025-12-08 00:08:28
7,29,10,1560.3,2025-12-08 00:07:29,30054.0,,7,29,10,1583.879639,2025-12-08 00:08:29
7,30,10,1580.3,2025-12-08 00:07:30,29052.0,,7,30,10,1584.793823,2025-12-08 00:08:30
7,31,10,1560.4,2025-12-08 00:07:31,28049.0,,7,31,10,1585.730469,2025-12-08 00:08:31
7,32,10,1562.4,2025-12-08 00:07:32,27048.0,,7,32,10,1586.693481,2025-12-08 00:08:32
7,33,10,1562.8,2025-12-08 00:07:33,26047.0,,7,33,10,1587.681152,2025-12-08 00:08:33
7,34,10,1559.9,2025-12-08 00:07:34,25046.0,,7,34,10,1588.69458,2025-12-08 00:08:34
7,35,10,1560.1,2025-12-08 00:07:35,24045.0,,7,35,10,1589.734863,2025-12-08 00:08:35
7,36,10,1559.9,2025-12-08 00:07:36,23043.0,,7,36,10,1590.802368,2025-12-08 00:08:36
7,37,10,1563.0,2025-12-08 00:07:37,22042.0,,7,37,10,1591.897949,2025-12-08 00:08:37
7,38,10,1562.1,2025-12-08 00:07:38,21041.0,,7,38,10,1593.021973,2025-12-08 00:08:38
7,39,10,1562.5,2025-12-08 00:07:39,20040.0,,7,39,10,1594.176025,2025-12-08 00:08:39
7,40,10,1561.6,2025-12-08 00:07:40,19039.0,,7,40,10,1595.360352,2025-12-08 00:08:40
7,41,10,1562.9,2025-12-08 00:07:41,18037.0,,7,41,10,1596.575928,2025-12-08 00:08:41
7,42,10,1568.3,2025-12-08 00:07:42,17036.0,,7,42,10,1597.823975,2025-12-08 00:08:42
7,43,10,1556.1,2025-12-08 00:07:43,16034.0,,7,43,10,1599.104858,2025-12-08 00:08:43
7,44,10,1552.5,2025-12-08 00:07:44,15033.0,,7,44,10,1600.420166,2025-12-08 00:08:44
7,45,10,1559.3,2025-12-08 00:07:45,14031.0,,7,45,10,1601.770996,2025-12-08 00:08:45
7,46,10,1560.9,2025-12-08 00:07:46,13030.0,,7,46,10,1603.157104,2025-12-08 00:08:46
7,47,10,1564.1,2025-12-08 00:07:47,12029.0,,7,47,10,1604.5802,2025-12-08 00:08:47
7,48,10,1559.1,2025-12-08 00:07:48,11028.0,,7,48,10,1606.040771,2025-12-08 00:08:48
7,49,10,1559.9,2025-12-08 00:07:49,10027.0,,7,49,10,1607.541138,2025-12-08 00:08:49
7,50,10,1559.1,2025-12-08 00:07:50,9025.0,,7,50,10,1609.081055,2025-12-08 00:08:50
7,51,10,1562.5,2025-12-08 00:07:51,8023.0,,7,51,10,1610.66272,2025-12-08 00:08:51
7,52,10,1557.8,2025-12-08 00:07:52,7021.0,,7,52,10,1612.286133,2025-12-08 00:08:52
7,53,10,1558.8,2025-12-08 00:07:53,6020.0,,7,53,10,1613.953735,2025-12-08 00:08:53
7,54,10,1558.5,2025-12-08 00:07:54,5018.0,,7,54,10,1615.665894,2025-12-08 00:08:54
7,55,10,1563.4,2025-12-08 00:07:55,4017.0,,7,55,10,1617.42395,2025-12-08 00:08:55
7,56,10,1567.0,2025-12-08 00:07:56,3015.0,,7,56,10,1619.229248,2025-12-08 00:08:56
7,57,10,1566.0,2025-12-08 00:07:57,2013.0,,7,57,10,1621.082886,2025-12-08 00:08:57
7,58,10,1565.2,2025-12-08 00:07:58,1012.0,,7,58,10,1622.986694,2025-12-08 00:08:58
7,59,10,1563.3,2025-12-08 00:07:59,11.0,,7,59,10,1624.942139,2025-12-08 00:08:59
8,0,10,1566.1,2025-12-08 00:08:00,59094.0,,8,0,10,1571.340576,2025-12-08 00:09:00
8,1,10,1567.0,2025-12-08 00:08:01,58092.0,,8,1,10,1571.844238,2025-12-08 00:09:01
8,2,10,1564.3,2025-12-08 00:08:02,57089.0,,8,2,10,1572.405396,2025-12-08 00:09:02
8,3,10,1560.9,2025-12-08 00:08:03,56088.0,,8,3,10,1573.011597,2025-12-08 00:09:03
8,4,10,1570.0,2025-12-08 00:08:04,55086.0,,8,4,10,1573.650757,2025-12-08 00:09:04
8,5,10,1561.1,2025-12-08 00:08:05,54085.0,,8,5,10,1574.314697,2025-12-08 00:09:05
8,6,10,1563.0,2025-12-08 00:08:06,53083.0,,8,6,10,1575.000732,2025-12-08 00:09:06
8,7,10,1561.4,2025-12-08 00:08:07,52082.0,,8,7,10,1575.705322,2025-12-08 00:09:07
8,8,10,1562.5,2025-12-08 00:08:08,51081.0,,8,8,10,1576.427856,2025-12-08 00:09:08
8,9,10,1562.5,2025-12-08 00:08:09,50079.0,,8,9,10,1577.167725,2025-12-08 00:09:09
8,10,10,1564.2,2025-12-08 00:08:10,49078.0,,8,10,10,1577.925415,2025-12-08 00:09:10
8,11,10,1563.6,2025-12-08 00:08:11,48077.0,,8,11,10,1578.700928,2025-12-08 00:09:11
8,12,10,1564.1,2025-12-08 00:08:12,47076.0,,8,12,10,1579.495117,2025-12-08 00:09:12
8,13,10,1564.1,2025-12-08 00:08:13,46075.0,,8,13,10,1580.308472,2025-12-08 00:09:13
8,14,10,1566.4,2025-12-08 00:08:14,45074.0,,8,14,10,1581.141602,2025-12-08 00:09:14
8,15,10,1559.1,2025-12-08 00:08:15,44072.0,,8,15,10,1581.995239,2025-12-08 00:09:15
8,16,10,1560.5,2025-12-08 00:08:16,43070.0,,8,16,10,1582.870483,2025-12-08 00:09:16
8,17,10,1562.7,2025-12-08 00:08:17,42069.0,,8,17,10,1583.767334,2025-12-08 00:09:17
8,18,10,1562.6,2025-12-08 00:08:18,41067.0,,8,18,10,1584.686401,2025-12-08 00:09:18
8,19,10,1566.0,2025-12-08 00:08:19,40066.0,,8,19,10,1585.628784,2025-12-08 00:09:19
8,20,10,1570.3,2025-12-08 00:08:20,39065.0,,8,20,10,1586.594971,2025-12-08 00:09:20
8,21,10,1561.8,2025-12-08 00:08:21,38063.0,,8,21,10,1587.585205,2025-12-08 00:09:21
8,22,10,1562.6,2025-12-08 00:08:22,37060.0,,8,22,10,1588.601562,2025-12-08 00:09:22
8,23,10,1560.8,2025-12-08 00:08:23,36059.0,,8,23,10,1589.643799,2025-12-08 00:09:23
8,24,10,1573.3,2025-12-08 00:08:24,35058.0,,8,24,10,1590.712891,2025-12-08 00:09:24
8,25,10,1563.6,2025-12-08 00:08:25,34056.0,,8,25,10,1591.808716,2025-12-08 00:09:25
8,26,10,1571.3,2025-12-08 00:08:26,33055.0,,8,26,10,1592.933594,2025-12-08 00:09:26
8,27,10,1563.6,2025-12-08 00:08:27,32054.0,,8,27,10,1594.08728,2025-12-08 00:09:27
8,28,10,1566.7,2025-12-08 00:08:28,31052.0,,8,28,10,1595.271362,2025-12-08 00:09:28
8,29,10,1560.9,2025-12-08 00:08:29,30051.0,,8,29,10,1596.486328,2025-12-08 00:09:29
8,30,10,1566.1,2025-12-08 00:08:30,29050.0,,8,30,10,1597.733398,2025-12-08 00:09:30
8,31,10,1562.3,2025-12-08 00:08:31,28049.0,,8,31,10,1599.012695,2025-12-08 00:09:31
8,32,10,1563.4,2025-12-08 00:08:32,27047.0,,8,32,10,1600.32605,2025-12-08 00:09:32
8,33,10,1568.4,2025-12-08 00:08:33,26045.0,,8,33,10,1601.673828,2025-12-08 00:09:33
8,34,10,1580.5,2025-12-08 00:08:34,25043.0,,8,34,10,1603.056763,2025-12-08 00:09:34
8,35,10,1565.1,2025-12-08 00:08:35,24042.0,,8,35,10,1604.475586,2025-12-08 00:09:35
8,36,10,1566.4,2025-12-08 00:08:36,23041.0,,8,36,10,1605.93335,2025-12-08 00:09:36
8,37,10,1565.0,2025-12-08 00:08:37,22039.0,,8,37,10,1607.42981,2025-12-08 00:09:37
8,38,10,1565.5,2025-12-08 00:08:38,21038.0,,8,38,10,1608.966187,2025-12-08 00:09:38
8,39,10,1567.6,2025-12-08 00:08:39,20036.0,,8,39,10,1610.543579,2025-12-08 00:09:39
8,40,10,1567.8,2025-12-08 00:08:40,19035.0,,8,40,10,1612.162964,2025-12-08 00:09:40
8,41,10,1563.8,2025-12-08 00:08:41,18034.0,,8,41,10,1613.825684,2025-12-08 00:09:41
8,42,10,1578.7,2025-12-08 00:08:42,17033.0,,8,42,10,1615.533325,2025-12-08 00:09:42
8,43,10,1564.3,2025-12-08 00:08:43,16031.0,,8,43,10,1617.286011,2025-12-08 00:09:43
8,44,10,1564.6,2025-12-08 00:08:44,15030.0,,8,44,10,1619.086914,2025-12-08 00:09:44
8,45,10,1569.4,2025-12-08 00:08:45,14029.0,,8,45,10,1620.936523,2025-12-08 00:09:45
8,46,10,1567.0,2025-12-08 00:08:46,13027.0,,8,46,10,1622.835571,2025-12-08 00:09:46
8,47,10,1563.1,2025-12-08 00:08:47,12026.0,,8,47,10,1624.786255,2025-12-08 00:09:47
8,48,10,1564.6,2025-12-08 00:08:48,11025.0,,8,48,10,1626.790039,2025-12-08 00:09:48
8,49,10,1563.7,2025-12-08 00:08:49,10024.0,,8,49,10,1628.848145,2025-12-08 00:09:49
8,50,10,1581.2,2025-12-08 00:08:50,9022.0,,8,50,10,1630.962036,2025-12-08 00:09:50
8,51,10,1575.9,2025-12-08 00:08:51,8021.0,,8,51,10,1633.132324,2025-12-08 00:09:51
8,52,10,1564.2,2025-12-08 00:08:52,7019.0,,8,52,10,1635.362427,2025-12-08 00:09:52
8,53,10,1564.9,2025-12-08 00:08:53,6018.0,,8,53,10,1637.654053,2025-12-08 00:09:53
8,54,10,1564.0,2025-12-08 00:08:54,5017.0,,8,54,10,1640.008545,2025-12-08 00:09:54
8,55,10,1565.3,2025-12-08 00:08:55,4015.0,,8,55,10,1642.42688,2025-12-08 00:09:55
8,56,10,1567.1,2025-12-08 00:08:56,3014.0,,8,56,10,1644.911499,2025-12-08 00:09:56
8,57,10,1567.8,2025-12-08 00:08:57,2012.0,,8,57,10,1647.464111,2025-12-08 00:09:57
8,58,10,1567.4,2025-12-08 00:08:58,1011.0,,8,58,10,1650.086304,2025-12-08 00:09:58
8,59,10,1570.1,2025-12-08 00:08:59,10.0,,8,59,10,1652.780762,2025-12-08 00:09:59
9,0,10,1567.0,2025-12-08 00:09:00,59220.0,,9,0,10,1588.833496,2025-12-08 00:10:00
9,1,10,1569.8,2025-12-08 00:09:01,58217.0,,9,1,10,1590.870239,2025-12-08 00:10:01
9,2,10,1567.8,2025-12-08 00:09:02,57210.0,,9,2,10,1592.737549,2025-12-08 00:10:02
9,3,10,1570.5,2025-12-08 00:09:03,56208.0,,9,3,10,1594.562012,2025-12-08 00:10:03
9,4,10,1570.8,2025-12-08 00:09:04,55206.0,,9,4,10,1596.366089,2025-12-08 00:10:04
9,5,10,1567.7,2025-12-08 00:09:05,54201.0,,9,5,10,1598.166016,2025-12-08 00:10:05
9,6,10,1569.1,2025-12-08 00:09:06,53199.0,,9,6,10,1599.971436,2025-12-08 00:10:06
9,7,10,1565.4,2025-12-08 00:09:07,52199.0,,9,7,10,1601.787476,2025-12-08 00:10:07
9,8,10,1568.6,2025-12-08 00:09:08,51131.0,,9,8,10,1603.617065,2025-12-08 00:10:08
9,9,10,1569.6,2025-12-08 00:09:09,50128.0,,9,9,10,1605.46106,2025-12-08 00:10:09
9,10,10,1568.8,2025-12-08 00:09:10,49125.0,,9,10,10,1607.320435,2025-12-08 00:10:10
9,11,10,1565.3,2025-12-08 00:09:11,48124.0,,9,11,10,1609.195312,2025-12-08 00:10:11
9,12,10,1569.2,2025-12-08 00:09:12,47122.0,,9,12,10,1611.085571,2025-12-08 00:10:12
9,13,10,1567.8,2025-12-08 00:09:13,46119.0,,9,13,10,1612.992065,2025-12-08 00:10:13
9,14,10,1568.1,2025-12-08 00:09:14,45084.0,,9,14,10,1614.914185,2025-12-08 00:10:14
9,15,10,1572.6,2025-12-08 00:09:15,44083.0,,9,15,10,1616.852661,2025-12-08 00:10:15
9,16,10,1572.6,2025-12-08 00:09:16,43081.0,,9,16,10,1618.807983,2025-12-08 00:10:16
9,17,10,1577.4,2025-12-08 00:09:17,42080.0,,9,17,10,1620.780029,2025-12-08 00:10:17
9,18,10,1572.4,2025-12-08 00:09:18,41079.0,,9,18,10,1622.769531,2025-12-08 00:10:18
9,19,10,1574.1,2025-12-08 00:09:19,40075.0,,9,19,10,1624.776367,2025-12-08 00:10:19
9,20,10,1574.4,2025-12-08 00:09:20,39073.0,,9,20,10,1626.80127,2025-12-08 00:10:20
9,21,10,1578.0,2025-12-08 00:09:21,38072.0,,9,21,10,1628.843994,2025-12-08 00:10:21
9,22,10,1566.0,2025-12-08 00:09:22,37070.0,,9,22,10,1630.904907,2025-12-08 00:10:22
9,23,10,1579.3,2025-12-08 00:09:23,36062.0,,9,23,10,1632.983643,2025-12-08 00:10:23
9,24,10,1572.2,2025-12-08 00:09:24,35058.0,,9,24,10,1635.080322,2025-12-08 00:10:24
9,25,10,1571.7,2025-12-08 00:09:25,34057.0,,9,25,10,1637.19519,2025-12-08 00:10:25
9,26,10,1572.4,2025-12-08 00:09:26,33055.0,,9,26,10,1639.327515,2025-12-08 00:10:26
9,27,10,1573.0,2025-12-08 00:09:27,32054.0,,9,27,10,1641.477539,2025-12-08 00:10:27
9,28,10,1574.5,2025-12-08 00:09:28,31052.0,,9,28,10,1643.644897,2025-12-08 00:10:28
9,29,10,1573.5,2025-12-08 00:09:29,30050.0,,9,29,10,1645.82959,2025-12-08 00:10:29
9,30,10,1573.1,2025-12-08 00:09:30,29048.0,,9,30,10,1648.03064,2025-12-08 00:10:30
9,31,10,1591.0,2025-12-08 00:09:31,28047.0,,9,31,10,1650.248535,2025-12-08 00:10:31
9,32,10,1571.8,2025-12-08 00:09:32,27046.0,,9,32,10,1652.482666,2025-12-08 00:10:32
9,33,10,1574.1,2025-12-08 00:09:33,26045.0,,9,33,10,1654.732178,2025-12-08 00:10:33
9,34,10,1569.5,2025-12-08 00:09:34,25044.0,,9,34,10,1656.99707,2025-12-08 00:10:34
9,35,10,1572.9,2025-12-08 00:09:35,24042.0,,9,35,10,1659.276367,2025-12-08 00:10:35
9,36,10,1577.3,2025-12-08 00:09:36,23041.0,,9,36,10,1661.569946,2025-12-08 00:10:36
9,37,10,1576.4,2025-12-08 00:09:37,22039.0,,9,37,10,1663.877197,2025-12-08 00:10:37
9,38,10,1576.4,2025-12-08 00:09:38,21038.0,,9,38,10,1666.19751,2025-12-08 00:10:38
9,39,10,1573.4,2025-12-08 00:09:39,20037.0,,9,39,10,1668.53064,2025-12-08 00:10:39
9,40,10,1574.6,2025-12-08 00:09:40,19036.0,,9,40,10,1670.87561,2025-12-08 00:10:40
9,41,10,1574.0,2025-12-08 00:09:41,18035.0,,9,41,10,1673.231689,2025-12-08 00:10:41
9,42,10,1581.9,2025-12-08 00:09:42,17034.0,,9,42,10,1675.598633,2025-12-08 00:10:42
9,43,10,1572.1,2025-12-08 00:09:43,16032.0,,9,43,10,1677.975708,2025-12-08 00:10:43
9,44,10,1572.7,2025-12-08 00:09:44,15031.0,,9,44,10,1680.362061,2025-12-08 00:10:44
9,45,10,1568.9,2025-12-08 00:09:45,14030.0,,9,45,10,1682.75708,2025-12-08 00:10:45
9,46,10,1574.2,2025-12-08 00:09:46,13028.0,,9,46,10,1685.160034,2025-12-08 00:10:46
9,47,10,1572.6,2025-12-08 00:09:47,12026.0,,9,47,10,1687.570312,2025-12-08 00:10:47
9,48,10,1575.3,2025-12-08 00:09:48,11025.0,,9,48,10,1689.986816,2025-12-08 00:10:48
9,49,10,1568.3,2025-12-08 00:09:49,10024.0,,9,49,10,1692.408936,2025-12-08 00:10:49
9,50,10,1571.2,2025-12-08 00:09:50,9023.0,,9,50,10,1694.83606,2025-12-08 00:10:50
9,51,10,1589.8,2025-12-08 00:09:51,8022.0,,9,51,10,1697.267334,2025-12-08 00:10:51
9,52,10,1574.0,2025-12-08 00:09:52,7020.0,,9,52,10,1699.702148,2025-12-08 00:10:52
9,53,10,1571.6,2025-12-08 00:09:53,6019.0,,9,53,10,1702.139648,2025-12-08 00:10:53
9,54,10,1572.1,2025-12-08 00:09:54,5018.0,,9,54,10,1704.578491,2025-12-08 00:10:54
9,55,10,1569.2,2025-12-08 00:09:55,4017.0,,9,55,10,1707.018433,2025-12-08 00:10:55
9,56,10,1573.9,2025-12-08 00:09:56,3016.0,,9,56,10,1709.458374,2025-12-08 00:10:56
9,57,10,1584.4,2025-12-08 00:09:57,2014.0,,9,57,10,1711.897339,2025-12-08 00:10:57
9,58,10,1574.8,2025-12-08 00:09:58,1013.0,,9,58,10,1714.334839,2025-12-08 00:10:58
9,59,10,1575.1,2025-12-08 00:09:59,12.0,,9,59,10,1716.769897,2025-12-08 00:10:59
10,0,10,1579.0,2025-12-08 00:10:00,59131.0,,10,0,10,845.652954,2025-12-08 00:11:00
10,1,10,1574.0,2025-12-08 00:10:01,58130.0,,10,1,10,881.213196,2025-12-08 00:11:01
10,2,10,1579.1,2025-12-08 00:10:02,57129.0,,10,2,10,911.92926,2025-12-08 00:11:02
10,3,10,1581.5,2025-12-08 00:10:03,56128.0,,10,3,10,940.556519,2025-12-08 00:11:03
10,4,10,1578.3,2025-12-08 00:10:04,55126.0,,10,4,10,967.539673,2025-12-08 00:11:04
10,5,10,1578.2,2025-12-08 00:10:05,54125.0,,10,5,10,993.081726,2025-12-08 00:11:05
10,6,10,1577.9,2025-12-08 00:10:06,53124.0,,10,6,10,1017.268311,2025-12-08 00:11:06
10,7,10,1574.5,2025-12-08 00:10:07,52122.0,,10,7,10,1040.126099,2025-12-08 00:11:07
10,8,10,1401.0,2025-12-08 00:10:08,51121.0,,10,8,10,1061.659302,2025-12-08 00:11:08
10,9,10,1407.2,2025-12-08 00:10:09,50119.0,,10,9,10,1081.867065,2025-12-08 00:11:09
10,10,10,1412.8,2025-12-08 00:10:10,49118.0,,10,10,10,1100.757446,2025-12-08 00:11:10
10,11,10,1417.5,2025-12-08 00:10:11,48116.0,,10,11,10,1118.346191,2025-12-08 00:11:11
10,12,10,1370.8,2025-12-08 00:10:12,47115.0,,10,12,10,1134.659668,2025-12-08 00:11:12
10,13,10,553.1,2025-12-08 00:10:13,46110.0,,10,13,10,1149.73584,2025-12-08 00:11:13
10,14,10,581.6,2025-12-08 00:10:14,45103.0,,10,14,10,1163.626465,2025-12-08 00:11:14
10,15,10,587.0,2025-12-08 00:10:15,44101.0,,10,15,10,1176.384399,2025-12-08 00:11:15
10,16,10,588.0,2025-12-08 00:10:16,43100.0,,10,16,10,1188.069214,2025-12-08 00:11:16
10,17,10,620.3,2025-12-08 00:10:17,42099.0,,10,17,10,1198.745117,2025-12-08 00:11:17
10,18,10,588.2,2025-12-08 00:10:18,41093.0,,10,18,10,1208.478516,2025-12-08 00:11:18
10,19,10,598.7,2025-12-08 00:10:19,40087.0,,10,19,10,1217.338135,2025-12-08 00:11:19
10,20,10,592.2,2025-12-08 00:10:20,39085.0,,10,20,10,1225.391357,2025-12-08 00:11:20
10,21,10,589.8,2025-12-08 00:10:21,38084.0,,10,21,10,1232.704468,2025-12-08 00:11:21
10,22,10,586.4,2025-12-08 00:10:22,37082.0,,10,22,10,1239.341431,2025-12-08 00:11:22
10,23,10,586.7,2025-12-08 00:10:23,36079.0,,10,23,10,1245.362671,2025-12-08 00:11:23
10,24,10,586.1,2025-12-08 00:10:24,35078.0,,10,24,10,1250.82605,2025-12-08 00:11:24
10,25,10,584.0,2025-12-08 00:10:25,34076.0,,10,25,10,1255.784546,2025-12-08 00:11:25
10,26,10,589.7,2025-12-08 00:10:26,33074.0,,10,26,10,1260.287842,2025-12-08 00:11:26
10,27,10,586.8,2025-12-08 00:10:27,32073.0,,10,27,10,1264.381592,2025-12-08 00:11:27
10,28,10,587.2,2025-12-08 00:10:28,31071.0,,10,28,10,1268.107178,2025-12-08 00:11:28
10,29,10,586.0,2025-12-08 00:10:29,30068.0,,10,29,10,1271.502563,2025-12-08 00:11:29
10,30,10,586.4,2025-12-08 00:10:30,29067.0,,10,30,10,1274.602173,2025-12-08 00:11:30
10,31,10,592.2,2025-12-08 00:10:31,28064.0,,10,31,10,1277.436768,2025-12-08 00:11:31
10,32,10,586.4,2025-12-08 00:10:32,27063.0,,10,32,10,1280.034424,2025-12-08 00:11:32
10,33,10,590.0,2025-12-08 00:10:33,26061.0,,10,33,10,1282.420532,2025-12-08 00:11:33
10,34,10,586.6,2025-12-08 00:10:34,25060.0,,10,34,10,1284.617065,2025-12-08 00:11:34
10,35,10,588.5,2025-12-08 00:10:35,24058.0,,10,35,10,1286.644409,2025-12-08 00:11:35
10,36,10,588.4,2025-12-08 00:10:36,23056.0,,10,36,10,1288.52063,2025-12-08 00:11:36
10,37,10,589.3,2025-12-08 00:10:37,22054.0,,10,37,10,1290.261597,2025-12-08 00:11:37
10,38,10,588.1,2025-12-08 00:10:38,21052.0,,10,38,10,1291.881592,2025-12-08 00:11:38
10,39,10,589.0,2025-12-08 00:10:39,20048.0,,10,39,10,1293.393311,2025-12-08 00:11:39
10,40,10,589.9,2025-12-08 00:10:40,19047.0,,10,40,10,1294.808105,2025-12-08 00:11:40
10,41,10,587.9,2025-12-08 00:10:41,18045.0,,10,41,10,1296.135986,2025-12-08 00:11:41
10,42,10,591.7,2025-12-08 00:10:42,17044.0,,10,42,10,1297.38562,2025-12-08 00:11:42
10,43,10,581.2,2025-12-08 00:10:43,16042.0,,10,43,10,1298.565186,2025-12-08 00:11:43
10,44,10,547.7,2025-12-08 00:10:44,15038.0,,10,44,10,1299.681519,2025-12-08 00:11:44
10,45,10,441.2,2025-12-08 00:10:45,14036.0,,10,45,10,1300.741211,2025-12-08 00:11:45
10,46,10,439.8,2025-12-08 00:10:46,13035.0,,10,46,10,1301.751343,2025-12-08 00:11:46
10,47,10,440.2,2025-12-08 00:10:47,12034.0,,10,47,10,1302.715942,2025-12-08 00:11:47
10,48,10,447.1,2025-12-08 00:10:48,11032.0,,10,48,10,1303.639038,2025-12-08 00:11:48
10,49,10,437.5,2025-12-08 00:10:49,10030.0,,10,49,10,1304.52417,2025-12-08 00:11:49
10,50,10,438.8,2025-12-08 00:10:50,9029.0,,10,50,10,1305.375,2025-12-08 00:11:50
10,51,10,442.9,2025-12-08 00:10:51,8027.0,,10,51,10,1306.194092,2025-12-08 00:11:51
10,52,10,442.4,2025-12-08 00:10:52,7025.0,,10,52,10,1306.983765,2025-12-08 00:11:52
10,53,10,439.4,2025-12-08 00:10:53,6023.0,,10,53,10,1307.746216,2025-12-08 00:11:53
10,54,10,439.6,2025-12-08 00:10:54,5021.0,,10,54,10,1308.483521,2025-12-08 00:11:54
10,55,10,441.2,2025-12-08 00:10:55,4019.0,,10,55,10,1309.196899,2025-12-08 00:11:55
10,56,10,446.4,2025-12-08 00:10:56,3017.0,,10,56,10,1309.887817,2025-12-08 00:11:56
10,57,10,505.7,2025-12-08 00:10:57,2016.0,,10,57,10,1310.557251,2025-12-08 00:11:57
10,58,10,456.3,2025-12-08 00:10:58,1015.0,,10,58,10,1311.204346,2025-12-08 00:11:58
10,59,10,456.6,2025-12-08 00:10:59,13.0,,10,59,10,1311.832764,2025-12-08 00:11:59
11,0,10,455.8,2025-12-08 00:11:00,59107.0,,11,0,10,903.976013,2025-12-08 00:12:00
11,1,10,470.6,2025-12-08 00:11:01,58106.0,,11,1,10,935.14917,2025-12-08 00:12:01
11,2,10,458.3,2025-12-08 00:11:02,57105.0,,11,2,10,961.770691,2025-12-08 00:12:02
11,3,10,458.0,2025-12-08 00:11:03,56103.0,,11,3,10,986.42627,2025-12-08 00:12:03
11,4,10,457.3,2025-12-08 00:11:04,55102.0,,11,4,10,1009.553528,2025-12-08 00:12:04
11,5,10,455.6,2025-12-08 00:11:05,54100.0,,11,5,10,1031.355957,2025-12-08 00:12:05
11,6,10,458.9,2025-12-08 00:11:06,53099.0,,11,6,10,1051.928223,2025-12-08 00:12:06
11,7,10,470.0,2025-12-08 00:11:07,52097.0,,11,7,10,1071.310181,2025-12-08 00:12:07
11,8,10,461.6,2025-12-08 00:11:08,51095.0,,11,8,10,1089.519287,2025-12-08 00:12:08
11,9,10,460.9,2025-12-08 00:11:09,50093.0,,11,9,10,1106.567505,2025-12-08 00:12:09
11,10,10,460.9,2025-12-08 00:11:10,49092.0,,11,10,10,1122.471436,2025-12-08 00:12:10
11,11,10,461.0,2025-12-08 00:11:11,48091.0,,11,11,10,1137.255371,2025-12-08 00:12:11
11,12,10,460.8,2025-12-08 00:11:12,47090.0,,11,12,10,1150.953003,2025-12-08 00:12:12
11,13,10,461.9,2025-12-08 00:11:13,46085.0,,11,13,10,1163.606079,2025-12-08 00:12:13
11,14,10,537.6,2025-12-08 00:11:14,45083.0,,11,14,10,1175.263306,2025-12-08 00:12:14
11,15,10,580.2,2025-12-08 00:11:15,44081.0,,11,15,10,1185.977661,2025-12-08 00:12:15
11,16,10,586.7,2025-12-08 00:11:16,43078.0,,11,16,10,1195.806763,2025-12-08 00:12:16
11,17,10,586.1,2025-12-08 00:11:17,42077.0,,11,17,10,1204.809814,2025-12-08 00:12:17
11,18,10,587.9,2025-12-08 00:11:18,41076.0,,11,18,10,1213.047119,2025-12-08 00:12:18
11,19,10,591.1,2025-12-08 00:11:19,40073.0,,11,19,10,1220.577515,2025-12-08 00:12:19
11,20,10,590.0,2025-12-08 00:11:20,39070.0,,11,20,10,1227.458374,2025-12-08 00:12:20
11,21,10,591.3,2025-12-08 00:11:21,38069.0,,11,21,10,1233.744873,2025-12-08 00:12:21
11,22,10,583.7,2025-12-08 00:11:22,37068.0,,11,22,10,1239.489014,2025-12-08 00:12:22
11,23,10,584.3,2025-12-08 00:11:23,36065.0,,11,23,10,1244.739868,2025-12-08 00:12:23
11,24,10,587.5,2025-12-08 00:11:24,35061.0,,11,24,10,1249.543091,2025-12-08 00:12:24
11,25,10,585.2,2025-12-08 00:11:25,34060.0,,11,25,10,1253.940308,2025-12-08 00:12:25
11,26,10,582.6,2025-12-08 00:11:26,33058.0,,11,26,10,1257.970825,2025-12-08 00:12:26
11,27,10,587.6,2025-12-08 00:11:27,32057.0,,11,27,10,1261.6698,2025-12-08 00:12:27
11,28,10,589.7,2025-12-08 00:11:28,31056.0,,11,28,10,1265.06958,2025-12-08 00:12:28
11,29,10,586.2,2025-12-08 00:11:29,30053.0,,11,29,10,1268.199341,2025-12-08 00:12:29
11,30,10,585.2,2025-12-08 00:11:30,29051.0,,11,30,10,1271.086182,2025-12-08 00:12:30
11,31,10,584.6,2025-12-08 00:11:31,28050.0,,11,31,10,1273.75354,2025-12-08 00:12:31
11,32,10,586.9,2025-12-08 00:11:32,27049.0,,11,32,10,1276.223755,2025-12-08 00:12:32
11,33,10,589.6,2025-12-08 00:11:33,26048.0,,11,33,10,1278.515747,2025-12-08 00:12:33
11,34,10,587.8,2025-12-08 00:11:34,25047.0,,11,34,10,1280.647461,2025-12-08 00:12:34
11,35,10,597.5,2025-12-08 00:11:35,24045.0,,11,35,10,1282.634644,2025-12-08 00:12:35
11,36,10,594.7,2025-12-08 00:11:36,23044.0,,11,36,10,1284.490967,2025-12-08 00:12:36
11,37,10,603.8,2025-12-08 00:11:37,22042.0,,11,37,10,1286.229614,2025-12-08 00:12:37
11,38,10,597.8,2025-12-08 00:11:38,21040.0,,11,38,10,1287.86145,2025-12-08 00:12:38
11,39,10,596.7,2025-12-08 00:11:39,20036.0,,11,39,10,1289.397095,2025-12-08 00:12:39
11,40,10,597.2,2025-12-08 00:11:40,19033.0,,11,40,10,1290.845703,2025-12-08 00:12:40
11,41,10,590.8,2025-12-08 00:11:41,18032.0,,11,41,10,1292.215088,2025-12-08 00:12:41
11,42,10,591.2,2025-12-08 00:11:42,17029.0,,11,42,10,1293.512695,2025-12-08 00:12:42
11,43,10,592.2,2025-12-08 00:11:43,16028.0,,11,43,10,1294.744995,2025-12-08 00:12:43
11,44,10,592.0,2025-12-08 00:11:44,15027.0,,11,44,10,1295.917725,2025-12-08 00:12:44
11,45,10,596.6,2025-12-08 00:11:45,14025.0,,11,45,10,1297.035889,2025-12-08 00:12:45
11,46,10,591.0,2025-12-08 00:11:46,13024.0,,11,46,10,1298.10437,2025-12-08 00:12:46
11,47,10,588.8,2025-12-08 00:11:47,12023.0,,11,47,10,1299.127197,2025-12-08 00:12:47
11,48,10,587.3,2025-12-08 00:11:48,11022.0,,11,48,10,1300.108032,2025-12-08 00:12:48
11,49,10,587.9,2025-12-08 00:11:49,10021.0,,11,49,10,1301.050415,2025-12-08 00:12:49
11,50,10,587.7,2025-12-08 00:11:50,9020.0,,11,50,10,1301.956665,2025-12-08 00:12:50
11,51,10,590.8,2025-12-08 00:11:51,8019.0,,11,51,10,1302.829956,2025-12-08 00:12:51
11,52,10,588.0,2025-12-08 00:11:52,7018.0,,11,52,10,1303.672241,2025-12-08 00:12:52
11,53,10,587.2,2025-12-08 00:11:53,6016.0,,11,53,10,1304.48584,2025-12-08 00:12:53
11,54,10,587.1,2025-12-08 00:11:54,5015.0,,11,54,10,1305.272461,2025-12-08 00:12:54
11,55,10,597.4,2025-12-08 00:11:55,4014.0,,11,55,10,1306.033936,2025-12-08 00:12:55
11,56,10,591.7,2025-12-08 00:11:56,3013.0,,11,56,10,1306.771118,2025-12-08 00:12:56
11,57,10,589.8,2025-12-08 00:11:57,2011.0,,11,57,10,1307.485962,2025-12-08 00:12:57
11,58,10,588.0,2025-12-08 00:11:58,1010.0,,11,58,10,1308.179565,2025-12-08 00:12:58
11,59,10,588.2,2025-12-08 00:11:59,8.0,,11,59,10,1308.853149,2025-12-08 00:12:59
12,0,10,591.5,2025-12-08 00:12:00,59405.0,,12,0,10,904.669495,2025-12-08 00:13:00
12,1,10,602.6,2025-12-08 00:12:01,58403.0,,12,1,10,935.851074,2025-12-08 00:13:01
12,2,10,588.3,2025-12-08 00:12:02,57402.0,,12,2,10,962.423096,2025-12-08 00:13:02
12,3,10,590.4,2025-12-08 00:12:03,56399.0,,12,3,10,987.020752,2025-12-08 00:13:03
12,4,10,588.7,2025-12-08 00:12:04,55397.0,,12,4,10,1010.087219,2025-12-08 00:13:04
12,5,10,588.4,2025-12-08 00:12:05,54396.0,,12,5,10,1031.828613,2025-12-08 00:13:05
12,6,10,590.5,2025-12-08 00:12:06,53394.0,,12,6,10,1052.341431,2025-12-08 00:13:06
12,7,10,589.2,2025-12-08 00:12:07,52391.0,,12,7,10,1071.666382,2025-12-08 00:13:07
12,8,10,587.3,2025-12-08 00:12:08,51386.0,,12,8,10,1089.821167,2025-12-08 00:13:08
12,9,10,587.1,2025-12-08 00:12:09,50383.0,,12,9,10,1106.818115,2025-12-08 00:13:09
12,10,10,587.7,2025-12-08 00:12:10,49382.0,,12,10,10,1122.673828,2025-12-08 00:13:10
12,11,10,585.2,2025-12-08 00:12:11,48380.0,,12,11,10,1137.41272,2025-12-08 00:13:11
12,12,10,589.8,2025-12-08 00:12:12,47378.0,,12,12,10,1151.068237,2025-12-08 00:13:12
12,13,10,588.5,2025-12-08 00:12:13,46374.0,,12,13,10,1163.682373,2025-12-08 00:13:13
12,14,10,587.4,2025-12-08 00:12:14,45373.0,,12,14,10,1175.303467,2025-12-08 00:13:14
12,15,10,587.7,2025-12-08 00:12:15,44371.0,,12,15,10,1185.985718,2025-12-08 00:13:15
12,16,10,591.7,2025-12-08 00:12:16,43366.0,,12,16,10,1195.786377,2025-12-08 00:13:16
12,17,10,589.0,2025-12-08 00:12:17,42349.0,,12,17,10,1204.764404,2025-12-08 00:13:17
12,18,10,588.2,2025-12-08 00:12:18,41348.0,,12,18,10,1212.97998,2025-12-08 00:13:18
12,19,10,593.6,2025-12-08 00:12:19,40346.0,,12,19,10,1220.491455,2025-12-08 00:13:19
12,20,10,593.2,2025-12-08 00:12:20,39339.0,,12,20,10,1227.356201,2025-12-08 00:13:20
12,21,10,587.8,2025-12-08 00:12:21,38338.0,,12,21,10,1233.62915,2025-12-08 00:13:21
12,22,10,590.6,2025-12-08 00:12:22,37334.0,,12,22,10,1239.361938,2025-12-08 00:13:22
12,23,10,587.3,2025-12-08 00:12:23,36325.0,,12,23,10,1244.603516,2025-12-08 00:13:23
12,24,10,587.4,2025-12-08 00:12:24,35323.0,,12,24,10,1249.39917,2025-12-08 00:13:24
12,25,10,586.2,2025-12-08 00:12:25,34320.0,,12,25,10,1253.790649,2025-12-08 00:13:25
12,26,10,585.4,2025-12-08 00:12:26,33284.0,,12,26,10,1257.816895,2025-12-08 00:13:26
12,27,10,586.9,2025-12-08 00:12:27,32252.0,,12,27,10,1261.512573,2025-12-08 00:13:27
12,28,10,590.6,2025-12-08 00:12:28,31250.0,,12,28,10,1264.9104,2025-12-08 00:13:28
12,29,10,591.3,2025-12-08 00:12:29,30235.0,,12,29,10,1268.039062,2025-12-08 00:13:29
12,30,10,587.1,2025-12-08 00:12:30,29231.0,,12,30,10,1270.925415,2025-12-08 00:13:30
12,31,10,587.0,2025-12-08 00:12:31,28189.0,,12,31,10,1273.593506,2025-12-08 00:13:31
12,32,10,584.7,2025-12-08 00:12:32,27164.0,,12,32,10,1276.064331,2025-12-08 00:13:32
12,33,10,589.7,2025-12-08 00:12:33,26152.0,,12,33,10,1278.358154,2025-12-08 00:13:33
12,34,10,588.7,2025-12-08 00:12:34,25150.0,,12,34,10,1280.491455,2025-12-08 00:13:34
12,35,10,587.4,2025-12-08 00:12:35,24148.0,,12,35,10,1282.480835,2025-12-08 00:13:35
12,36,10,595.2,2025-12-08 00:12:36,23146.0,,12,36,10,1284.339844,2025-12-08 00:13:36
12,37,10,585.8,2025-12-08 00:12:37,22144.0,,12,37,10,1286.081177,2025-12-08 00:13:37
12,38,10,587.0,2025-12-08 00:12:38,21139.0,,12,38,10,1287.716309,2025-12-08 00:13:38
12,39,10,584.5,2025-12-08 00:12:39,20134.0,,12,39,10,1289.255371,2025-12-08 00:13:39
12,40,10,584.7,2025-12-08 00:12:40,19131.0,,12,40,10,1290.707275,2025-12-08 00:13:40
12,41,10,584.7,2025-12-08 00:12:41,18114.0,,12,41,10,1292.0802,2025-12-08 00:13:41
12,42,10,587.7,2025-12-08 00:12:42,17064.0,,12,42,10,1293.381348,2025-12-08 00:13:42
12,43,10,590.4,2025-12-08 00:12:43,16062.0,,12,43,10,1294.616943,2025-12-08 00:13:43
12,44,10,613.0,2025-12-08 00:12:44,15058.0,,12,44,10,1295.792969,2025-12-08 00:13:44
12,45,10,594.8,2025-12-08 00:12:45,14052.0,,12,45,10,1296.913696,2025-12-08 00:13:45
12,46,10,600.2,2025-12-08 00:12:46,13047.0,,12,46,10,1297.985107,2025-12-08 00:13:46
12,47,10,592.9,2025-12-08 00:12:47,12041.0,,12,47,10,1299.010376,2025-12-08 00:13:47
12,48,10,593.7,2025-12-08 00:12:48,11026.0,,12,48,10,1299.993652,2025-12-08 00:13:48
12,49,10,593.7,2025-12-08 00:12:49,10024.0,,12,49,10,1300.938232,2025-12-08 00:13:49
12,50,10,593.6,2025-12-08 00:12:50,9022.0,,12,50,10,1301.846924,2025-12-08 00:13:50
12,51,10,595.6,2025-12-08 00:12:51,8020.0,,12,51,10,1302.72229,2025-12-08 00:13:51
12,52,10,596.0,2025-12-08 00:12:52,7019.0,,12,52,10,1303.566528,2025-12-08 00:13:52
12,53,10,593.1,2025-12-08 00:12:53,6017.0,,12,53,10,1304.381836,2025-12-08 00:13:53
12,54,10,597.2,2025-12-08 00:12:54,5016.0,,12,54,10,1305.170288,2025-12-08 00:13:54
12,55,10,591.7,2025-12-08 00:12:55,4013.0,,12,55,10,1305.933228,2025-12-08 00:13:55
12,56,10,593.4,2025-12-08 00:12:56,3012.0,,12,56,10,1306.672363,2025-12-08 00:13:56
12,57,10,594.6,2025-12-08 00:12:57,2011.0,,12,57,10,1307.38916,2025-12-08 00:13:57
12,58,10,589.8,2025-12-08 00:12:58,1010.0,,12,58,10,1308.084473,2025-12-08 00:13:58
12,59,10,583.8,2025-12-08 00:12:59,9.0,,12,59,10,1308.759644,2025-12-08 00:13:59
13,0,10,588.6,2025-12-08 00:13:00,59105.0,,13,0,10,889.074402,2025-12-08 00:14:00
13,1,10,584.9,2025-12-08 00:13:01,58104.0,,13,1,10,921.519897,2025-12-08 00:14:01
13,2,10,588.1,2025-12-08 00:13:02,57103.0,,13,2,10,949.330322,2025-12-08 00:14:02
13,3,10,589.1,2025-12-08 00:13:03,56102.0,,13,3,10,975.131409,2025-12-08 00:14:03
13,4,10,586.7,2025-12-08 00:13:04,55101.0,,13,4,10,999.362122,2025-12-08 00:14:04
13,5,10,589.1,2025-12-08 00:13:05,54100.0,,13,5,10,1022.226318,2025-12-08 00:14:05
13,6,10,595.1,2025-12-08 00:13:06,53098.0,,13,6,10,1043.816284,2025-12-08 00:14:06
13,7,10,588.8,2025-12-08 00:13:07,52098.0,,13,7,10,1064.168335,2025-12-08 00:14:07
13,8,10,595.9,2025-12-08 00:13:08,51097.0,,13,8,10,1083.296387,2025-12-08 00:14:08
13,9,10,586.3,2025-12-08 00:13:09,50088.0,,13,9,10,1101.209473,2025-12-08 00:14:09
13,10,10,585.1,2025-12-08 00:13:10,49087.0,,13,10,10,1117.921265,2025-12-08 00:14:10
13,11,10,584.5,2025-12-08 00:13:11,48086.0,,13,11,10,1133.454468,2025-12-08 00:14:11
13,12,10,588.2,2025-12-08 00:13:12,47086.0,,13,12,10,1147.841553,2025-12-08 00:14:12
13,13,10,587.0,2025-12-08 00:13:13,46085.0,,13,13,10,1161.124023,2025-12-08 00:14:13
13,14,10,589.0,2025-12-08 00:13:14,45084.0,,13,14,10,1173.351318,2025-12-08 00:14:14
13,15,10,587.3,2025-12-08 00:13:15,44083.0,,13,15,10,1184.578613,2025-12-08 00:14:15
13,16,10,584.8,2025-12-08 00:13:16,43082.0,,13,16,10,1194.865601,2025-12-08 00:14:16
13,17,10,587.5,2025-12-08 00:13:17,42081.0,,13,17,10,1204.274414,2025-12-08 00:14:17
13,18,10,588.8,2025-12-08 00:13:18,41080.0,,13,18,10,1212.86792,2025-12-08 00:14:18
13,19,10,589.4,2025-12-08 00:13:19,40079.0,,13,19,10,1220.708496,2025-12-08 00:14:19
13,20,10,590.8,2025-12-08 00:13:20,39078.0,,13,20,10,1227.857178,2025-12-08 00:14:20
13,21,10,587.4,2025-12-08 00:13:21,38074.0,,13,21,10,1234.373169,2025-12-08 00:14:21
13,22,10,585.1,2025-12-08 00:13:22,37071.0,,13,22,10,1240.311768,2025-12-08 00:14:22
13,23,10,586.8,2025-12-08 00:13:23,36069.0,,13,23,10,1245.72583,2025-12-08 00:14:23
13,24,10,591.3,2025-12-08 00:13:24,35068.0,,13,24,10,1250.664307,2025-12-08 00:14:24
13,25,10,583.3,2025-12-08 00:13:25,34067.0,,13,25,10,1255.172363,2025-12-08 00:14:25
13,26,10,586.5,2025-12-08 00:13:26,33062.0,,13,26,10,1259.291992,2025-12-08 00:14:26
13,27,10,584.8,2025-12-08 00:13:27,32060.0,,13,27,10,1263.061279,2025-12-08 00:14:27
13,28,10,583.7,2025-12-08 00:13:28,31059.0,,13,28,10,1266.515259,2025-12-08 00:14:28
13,29,10,584.8,2025-12-08 00:13:29,30056.0,,13,29,10,1269.685181,2025-12-08 00:14:29
13,30,10,584.1,2025-12-08 00:13:30,29054.0,,13,30,10,1272.599976,2025-12-08 00:14:30
13,31,10,553.7,2025-12-08 00:13:31,28053.0,,13,31,10,1275.285156,2025-12-08 00:14:31
13,32,10,556.2,2025-12-08 00:13:32,27052.0,,13,32,10,1277.764771,2025-12-08 00:14:32
13,33,10,556.4,2025-12-08 00:13:33,26050.0,,13,33,10,1280.059082,2025-12-08 00:14:33
13,34,10,556.9,2025-12-08 00:13:34,25050.0,,13,34,10,1282.187134,2025-12-08 00:14:34
13,35,10,552.9,2025-12-08 00:13:35,24049.0,,13,35,10,1284.165527,2025-12-08 00:14:35
13,36,10,554.3,2025-12-08 00:13:36,23048.0,,13,36,10,1286.009766,2025-12-08 00:14:36
13,37,10,554.3,2025-12-08 00:13:37,22047.0,,13,37,10,1287.732666,2025-12-08 00:14:37
13,38,10,555.0,2025-12-08 00:13:38,21044.0,,13,38,10,1289.346558,2025-12-08 00:14:38
13,39,10,557.5,2025-12-08 00:13:39,20042.0,,13,39,10,1290.862427,2025-12-08 00:14:39
13,40,10,553.5,2025-12-08 00:13:40,19041.0,,13,40,10,1292.289429,2025-12-08 00:14:40
13,41,10,553.9,2025-12-08 00:13:41,18040.0,,13,41,10,1293.636353,2025-12-08 00:14:41
13,42,10,556.9,2025-12-08 00:13:42,17039.0,,13,42,10,1294.910645,2025-12-08 00:14:42
13,43,10,556.0,2025-12-08 00:13:43,16037.0,,13,43,10,1296.119263,2025-12-08 00:14:43
13,44,10,558.0,2025-12-08 00:13:44,15034.0,,13,44,10,1297.267822,2025-12-08 00:14:44
13,45,10,557.0,2025-12-08 00:13:45,14031.0,,13,45,10,1298.362305,2025-12-08 00:14:45
13,46,10,551.6,2025-12-08 00:13:46,13031.0,,13,46,10,1299.406982,2025-12-08 00:14:46
13,47,10,555.4,2025-12-08 00:13:47,12030.0,,13,47,10,1300.406372,2025-12-08 00:14:47
13,48,10,555.8,2025-12-08 00:13:48,11029.0,,13,48,10,1301.364258,2025-12-08 00:14:48
13,49,10,554.3,2025-12-08 00:13:49,10027.0,,13,49,10,1302.283691,2025-12-08 00:14:49
13,50,10,559.0,2025-12-08 00:13:50,9026.0,,13,50,10,1303.168213,2025-12-08 00:14:50
13,51,10,553.3,2025-12-08 00:13:51,8025.0,,13,51,10,1304.019653,2025-12-08 00:14:51
13,52,10,555.4,2025-12-08 00:13:52,7024.0,,13,52,10,1304.84082,2025-12-08 00:14:52
13,53,10,554.8,2025-12-08 00:13:53,6022.0,,13,53,10,1305.633911,2025-12-08 00:14:53
13,54,10,558.2,2025-12-08 00:13:54,5021.0,,13,54,10,1306.400513,2025-12-08 00:14:54
13,55,10,555.4,2025-12-08 00:13:55,4019.0,,13,55,10,1307.142334,2025-12-08 00:14:55
13,56,10,554.4,2025-12-08 00:13:56,3018.0,,13,56,10,1307.860962,2025-12-08 00:14:56
13,57,10,553.5,2025-12-08 00:13:57,2016.0,,13,57,10,1308.557373,2025-12-08 00:14:57
13,58,10,555.7,2025-12-08 00:13:58,1015.0,,13,58,10,1309.233032,2025-12-08 00:14:58
13,59,10,558.7,2025-12-08 00:13:59,14.0,,13,59,10,1309.888672,2025-12-08 00:14:59
14,0,10,566.2,2025-12-08 00:14:00,59166.0,,14,0,10,887.821411,2025-12-08 00:15:00
14,1,10,560.5,2025-12-08 00:14:01,58165.0,,14,1,10,920.431335,2025-12-08 00:15:01
14,2,10,559.9,2025-12-08 00:14:02,57163.0,,14,2,10,948.358765,2025-12-08 00:15:02
14,3,10,559.3,2025-12-08 00:14:03,56162.0,,14,3,10,974.264954,2025-12-08 00:15:03
14,4,10,555.3,2025-12-08 00:14:04,55160.0,,14,4,10,998.592712,2025-12-08 00:15:04
14,5,10,573.0,2025-12-08 00:14:05,54158.0,,14,5,10,1021.547363,2025-12-08 00:15:05
14,6,10,555.7,2025-12-08 00:14:06,53157.0,,14,6,10,1043.222534,2025-12-08 00:15:06
14,7,10,557.3,2025-12-08 00:14:07,52156.0,,14,7,10,1063.654785,2025-12-08 00:15:07
14,8,10,558.0,2025-12-08 00:14:08,51154.0,,14,8,10,1082.857666,2025-12-08 00:15:08
14,9,10,558.9,2025-12-08 00:14:09,50152.0,,14,9,10,1100.840576,2025-12-08 00:15:09
14,10,10,553.8,2025-12-08 00:14:10,49151.0,,14,10,10,1117.617065,2025-12-08 00:15:10
14,11,10,552.6,2025-12-08 00:14:11,48149.0,,14,11,10,1133.209839,2025-12-08 00:15:11
14,12,10,555.2,2025-12-08 00:14:12,47148.0,,14,12,10,1147.651123,2025-12-08 00:15:12
14,13,10,553.4,2025-12-08 00:14:13,46147.0,,14,13,10,1160.982666,2025-12-08 00:15:13
14,14,10,554.1,2025-12-08 00:14:14,45145.0,,14,14,10,1173.254272,2025-12-08 00:15:14
14,15,10,551.8,2025-12-08 00:14:15,44143.0,,14,15,10,1184.520996,2025-12-08 00:15:15
14,16,10,550.8,2025-12-08 00:14:16,43141.0,,14,16,10,1194.843018,2025-12-08 00:15:16
14,17,10,554.9,2025-12-08 00:14:17,42104.0,,14,17,10,1204.282593,2025-12-08 00:15:17
14,18,10,554.1,2025-12-08 00:14:18,41103.0,,14,18,10,1212.90271,2025-12-08 00:15:18
14,19,10,560.6,2025-12-08 00:14:19,40102.0,,14,19,10,1220.766479,2025-12-08 00:15:19
14,20,10,554.3,2025-12-08 00:14:20,39098.0,,14,20,10,1227.935181,2025-12-08 00:15:20
14,21,10,551.1,2025-12-08 00:14:21,38093.0,,14,21,10,1234.467896,2025-12-08 00:15:21
14,22,10,551.7,2025-12-08 00:14:22,37091.0,,14,22,10,1240.421021,2025-12-08 00:15:22
14,23,10,551.7,2025-12-08 00:14:23,36088.0,,14,23,10,1245.847046,2025-12-08 00:15:23
14,24,10,554.8,2025-12-08 00:14:24,35086.0,,14,24,10,1250.795532,2025-12-08 00:15:24
14,25,10,552.7,2025-12-08 00:14:25,34084.0,,14,25,10,1255.311768,2025-12-08 00:15:25
14,26,10,553.7,2025-12-08 00:14:26,33082.0,,14,26,10,1259.437866,2025-12-08 00:15:26
14,27,10,553.1,2025-12-08 00:14:27,32081.0,,14,27,10,1263.212524,2025-12-08 00:15:27
14,28,10,552.6,2025-12-08 00:14:28,31078.0,,14,28,10,1266.670288,2025-12-08 00:15:28
14,29,10,552.4,2025-12-08 00:14:29,30077.0,,14,29,10,1269.84314,2025-12-08 00:15:29
14,30,10,554.9,2025-12-08 00:14:30,29075.0,,14,30,10,1272.76001,2025-12-08 00:15:30
14,31,10,552.3,2025-12-08 00:14:31,28074.0,,14,31,10,1275.446655,2025-12-08 00:15:31
14,32,10,552.6,2025-12-08 00:14:32,27070.0,,14,32,10,1277.926636,2025-12-08 00:15:32
14,33,10,551.8,2025-12-08 00:14:33,26063.0,,14,33,10,1280.220581,2025-12-08 00:15:33
14,34,10,550.3,2025-12-08 00:14:34,25062.0,,14,34,10,1282.347778,2025-12-08 00:15:34
14,35,10,553.3,2025-12-08 00:14:35,24060.0,,14,35,10,1284.325073,2025-12-08 00:15:35
14,36,10,547.4,2025-12-08 00:14:36,23056.0,,14,36,10,1286.167603,2025-12-08 00:15:36
14,37,10,557.1,2025-12-08 00:14:37,22055.0,,14,37,10,1287.888672,2025-12-08 00:15:37
14,38,10,554.3,2025-12-08 00:14:38,21054.0,,14,38,10,1289.500488,2025-12-08 00:15:38
14,39,10,555.4,2025-12-08 00:14:39,20052.0,,14,39,10,1291.014038,2025-12-08 00:15:39
14,40,10,554.4,2025-12-08 00:14:40,19050.0,,14,40,10,1292.438477,2025-12-08 00:15:40
14,41,10,552.2,2025-12-08 00:14:41,18048.0,,14,41,10,1293.782715,2025-12-08 00:15:41
14,42,10,554.8,2025-12-08 00:14:42,17047.0,,14,42,10,1295.054565,2025-12-08 00:15:42
14,43,10,553.1,2025-12-08 00:14:43,16045.0,,14,43,10,1296.260376,2025-12-08 00:15:43
14,44,10,554.7,2025-12-08 00:14:44,15045.0,,14,44,10,1297.406494,2025-12-08 00:15:44
14,45,10,553.1,2025-12-08 00:14:45,14043.0,,14,45,10,1298.498291,2025-12-08 00:15:45
14,46,10,550.4,2025-12-08 00:14:46,13041.0,,14,46,10,1299.540649,2025-12-08 00:15:46
14,47,10,552.4,2025-12-08 00:14:47,12038.0,,14,47,10,1300.537476,2025-12-08 00:15:47
14,48,10,551.7,2025-12-08 00:14:48,11037.0,,14,48,10,1301.492676,2025-12-08 00:15:48
14,49,10,551.3,2025-12-08 00:14:49,10035.0,,14,49,10,1302.409668,2025-12-08 00:15:49
14,50,10,553.5,2025-12-08 00:14:50,9032.0,,14,50,10,1303.291748,2025-12-08 00:15:50
14,51,10,557.3,2025-12-08 00:14:51,8030.0,,14,51,10,1304.140869,2025-12-08 00:15:51
14,52,10,550.1,2025-12-08 00:14:52,7027.0,,14,52,10,1304.959717,2025-12-08 00:15:52
14,53,10,553.6,2025-12-08 00:14:53,6026.0,,14,53,10,1305.750732,2025-12-08 00:15:53
14,54,10,553.0,2025-12-08 00:14:54,5022.0,,14,54,10,1306.515137,2025-12-08 00:15:54
14,55,10,549.9,2025-12-08 00:14:55,4020.0,,14,55,10,1307.255005,2025-12-08 00:15:55
14,56,10,553.7,2025-12-08 00:14:56,3018.0,,14,56,10,1307.971558,2025-12-08 00:15:56
14,57,10,553.2,2025-12-08 00:14:57,2017.0,,14,57,10,1308.666016,2025-12-08 00:15:57
14,58,10,550.8,2025-12-08 00:14:58,1015.0,,14,58,10,1309.339722,2025-12-08 00:15:58
14,59,10,553.0,2025-12-08 00:14:59,14.0,,14,59,10,1309.99353,2025-12-08 00:15:59
15,0,10,554.0,2025-12-08 00:15:00,59372.0,,15,0,10,1110.190674,2025-12-08 00:16:00
15,1,10,556.4,2025-12-08 00:15:01,58371.0,,15,1,10,1123.902832,2025-12-08 00:16:01
15,2,10,554.8,2025-12-08 00:15:02,57368.0,,15,2,10,1136.37854,2025-12-08 00:16:02
15,3,10,553.6,2025-12-08 00:15:03,56367.0,,15,3,10,1147.920532,2025-12-08 00:16:03
15,4,10,552.0,2025-12-08 00:15:04,55366.0,,15,4,10,1158.626953,2025-12-08 00:16:04
15,5,10,554.8,2025-12-08 00:15:05,54364.0,,15,5,10,1168.566772,2025-12-08 00:16:05
15,6,10,555.2,2025-12-08 00:15:06,53363.0,,15,6,10,1177.794678,2025-12-08 00:16:06
15,7,10,685.1,2025-12-08 00:15:07,52362.0,,15,7,10,1186.358276,2025-12-08 00:16:07
15,8,10,655.4,2025-12-08 00:15:08,51360.0,,15,8,10,1194.297607,2025-12-08 00:16:08
15,9,10,653.1,2025-12-08 00:15:09,50358.0,,15,9,10,1201.65686,2025-12-08 00:16:09
15,10,10,652.3,2025-12-08 00:15:10,49357.0,,15,10,10,1208.475098,2025-12-08 00:16:10
15,11,10,559.7,2025-12-08 00:15:11,48356.0,,15,11,10,1214.791138,2025-12-08 00:16:11
15,12,10,654.7,2025-12-08 00:15:12,47354.0,,15,12,10,1220.644775,2025-12-08 00:16:12
15,13,10,650.5,2025-12-08 00:15:13,46353.0,,15,13,10,1226.067383,2025-12-08 00:16:13
15,14,10,706.2,2025-12-08 00:15:14,45351.0,,15,14,10,1231.094849,2025-12-08 00:16:14
15,15,10,669.2,2025-12-08 00:15:15,44349.0,,15,15,10,1235.758423,2025-12-08 00:16:15
15,16,10,662.5,2025-12-08 00:15:16,43347.0,,15,16,10,1240.090576,2025-12-08 00:16:16
15,17,10,663.7,2025-12-08 00:15:17,42343.0,,15,17,10,1244.118896,2025-12-08 00:16:17
15,18,10,655.4,2025-12-08 00:15:18,41341.0,,15,18,10,1247.869385,2025-12-08 00:16:18
15,19,10,658.0,2025-12-08 00:15:19,40335.0,,15,19,10,1251.366577,2025-12-08 00:16:19
15,20,10,658.4,2025-12-08 00:15:20,39333.0,,15,20,10,1254.631836,2025-12-08 00:16:20
15,21,10,661.6,2025-12-08 00:15:21,38323.0,,15,21,10,1257.686035,2025-12-08 00:16:21
15,22,10,659.7,2025-12-08 00:15:22,37322.0,,15,22,10,1260.546753,2025-12-08 00:16:22
15,23,10,658.5,2025-12-08 00:15:23,36320.0,,15,23,10,1263.231323,2025-12-08 00:16:23
15,24,10,660.1,2025-12-08 00:15:24,35318.0,,15,24,10,1265.754639,2025-12-08 00:16:24
15,25,10,656.9,2025-12-08 00:15:25,34311.0,,15,25,10,1268.130127,2025-12-08 00:16:25
15,26,10,658.9,2025-12-08 00:15:26,33304.0,,15,26,10,1270.37085,2025-12-08 00:16:26
15,27,10,662.2,2025-12-08 00:15:27,32230.0,,15,27,10,1272.487549,2025-12-08 00:16:27
15,28,10,659.7,2025-12-08 00:15:28,31214.0,,15,28,10,1274.490356,2025-12-08 00:16:28
15,29,10,660.5,2025-12-08 00:15:29,30154.0,,15,29,10,1276.388916,2025-12-08 00:16:29
15,30,10,658.1,2025-12-08 00:15:30,29094.0,,15,30,10,1278.191162,2025-12-08 00:16:30
15,31,10,656.9,2025-12-08 00:15:31,28093.0,,15,31,10,1279.905029,2025-12-08 00:16:31
15,32,10,661.4,2025-12-08 00:15:32,27090.0,,15,32,10,1281.536987,2025-12-08 00:16:32
15,33,10,662.3,2025-12-08 00:15:33,26090.0,,15,33,10,1283.093262,2025-12-08 00:16:33
15,34,10,661.3,2025-12-08 00:15:34,25088.0,,15,34,10,1284.579468,2025-12-08 00:16:34
15,35,10,660.0,2025-12-08 00:15:35,24086.0,,15,35,10,1286.000732,2025-12-08 00:16:35
15,36,10,657.6,2025-12-08 00:15:36,23082.0,,15,36,10,1287.361938,2025-12-08 00:16:36
15,37,10,668.0,2025-12-08 00:15:37,22080.0,,15,37,10,1288.667114,2025-12-08 00:16:37
15,38,10,657.0,2025-12-08 00:15:38,21080.0,,15,38,10,1289.919678,2025-12-08 00:16:38
15,39,10,658.9,2025-12-08 00:15:39,20061.0,,15,39,10,1291.123779,2025-12-08 00:16:39
15,40,10,675.6,2025-12-08 00:15:40,19058.0,,15,40,10,1292.282471,2025-12-08 00:16:40
15,41,10,665.9,2025-12-08 00:15:41,18053.0,,15,41,10,1293.397705,2025-12-08 00:16:41
15,42,10,675.3,2025-12-08 00:15:42,17050.0,,15,42,10,1294.473145,2025-12-08 00:16:42
15,43,10,660.5,2025-12-08 00:15:43,16045.0,,15,43,10,1295.51062,2025-12-08 00:16:43
15,44,10,658.7,2025-12-08 00:15:44,15043.0,,15,44,10,1296.513306,2025-12-08 00:16:44
15,45,10,659.7,2025-12-08 00:15:45,14041.0,,15,45,10,1297.483032,2025-12-08 00:16:45
15,46,10,956.1,2025-12-08 00:15:46,13040.0,,15,46,10,1298.421265,2025-12-08 00:16:46
15,47,10,955.4,2025-12-08 00:15:47,12037.0,,15,47,10,1299.32019,2025-12-08 00:16:47
15,48,10,848.7,2025-12-08 00:15:48,11031.0,,15,48,10,1300.188843,2025-12-08 00:16:48
15,49,10,866.7,2025-12-08 00:15:49,10028.0,,15,49,10,1301.032837,2025-12-08 00:16:49
15,50,10,963.0,2025-12-08 00:15:50,9027.0,,15,50,10,1301.851074,2025-12-08 00:16:50
15,51,10,868.2,2025-12-08 00:15:51,8024.0,,15,51,10,1302.6427,2025-12-08 00:16:51
15,52,10,914.7,2025-12-08 00:15:52,7022.0,,15,52,10,1303.413208,2025-12-08 00:16:52
15,53,10,942.8,2025-12-08 00:15:53,6020.0,,15,53,10,1304.161865,2025-12-08 00:16:53
15,54,10,968.5,2025-12-08 00:15:54,5017.0,,15,54,10,1304.889771,2025-12-08 00:16:54
15,55,10,991.4,2025-12-08 00:15:55,4016.0,,15,55,10,1305.598511,2025-12-08 00:16:55
15,56,10,1012.9,2025-12-08 00:15:56,3015.0,,15,56,10,1306.288696,2025-12-08 00:16:56
15,57,10,1034.1,2025-12-08 00:15:57,2013.0,,15,57,10,1306.961426,2025-12-08 00:16:57
15,58,10,1052.1,2025-12-08 00:15:58,1012.0,,15,58,10,1307.617798,2025-12-08 00:16:58
15,59,10,1067.1,2025-12-08 00:15:59,10.0,,15,59,10,1308.258179,2025-12-08 00:16:59
16,0,10,1078.8,2025-12-08 00:16:00,59079.0,,16,0,10,1170.877197,2025-12-08 00:17:00
16,1,10,1084.0,2025-12-08 00:16:01,58078.0,,16,1,10,1176.845459,2025-12-08 00:17:01
16,2,10,1087.3,2025-12-08 00:16:02,57077.0,,16,2,10,1182.147339,2025-12-08 00:17:02
16,3,10,1093.4,2025-12-08 00:16:03,56076.0,,16,3,10,1187.112671,2025-12-08 00:17:03
16,4,10,1100.4,2025-12-08 00:16:04,55075.0,,16,4,10,1191.834717,2025-12-08 00:17:04
16,5,10,1099.6,2025-12-08 00:16:05,54073.0,,16,5,10,1196.361694,2025-12-08 00:17:05
16,6,10,1099.7,2025-12-08 00:16:06,53070.0,,16,6,10,1200.720947,2025-12-08 00:17:06
16,7,10,1098.5,2025-12-08 00:16:07,52069.0,,16,7,10,1204.927002,2025-12-08 00:17:07
16,8,10,1098.9,2025-12-08 00:16:08,51068.0,,16,8,10,1208.987793,2025-12-08 00:17:08
16,9,10,1098.8,2025-12-08 00:16:09,50067.0,,16,9,10,1212.907227,2025-12-08 00:17:09
16,10,10,1099.1,2025-12-08 00:16:10,49066.0,,16,10,10,1216.688843,2025-12-08 00:17:10
16,11,10,1098.0,2025-12-08 00:16:11,48064.0,,16,11,10,1220.334839,2025-12-08 00:17:11
16,12,10,1097.6,2025-12-08 00:16:12,47063.0,,16,12,10,1223.848389,2025-12-08 00:17:12
16,13,10,1096.1,2025-12-08 00:16:13,46062.0,,16,13,10,1227.233276,2025-12-08 00:17:13
16,14,10,1091.7,2025-12-08 00:16:14,45061.0,,16,14,10,1230.49292,2025-12-08 00:17:14
16,15,10,1094.8,2025-12-08 00:16:15,44060.0,,16,15,10,1233.631958,2025-12-08 00:17:15
16,16,10,1093.1,2025-12-08 00:16:16,43059.0,,16,16,10,1236.654297,2025-12-08 00:17:16
16,17,10,1096.3,2025-12-08 00:16:17,42058.0,,16,17,10,1239.564941,2025-12-08 00:17:17
16,18,10,1093.5,2025-12-08 00:16:18,41057.0,,16,18,10,1242.368164,2025-12-08 00:17:18
16,19,10,1097.7,2025-12-08 00:16:19,40055.0,,16,19,10,1245.068481,2025-12-08 00:17:19
16,20,10,1100.0,2025-12-08 00:16:20,39053.0,,16,20,10,1247.669922,2025-12-08 00:17:20
16,21,10,1096.6,2025-12-08 00:16:21,38052.0,,16,21,10,1250.176758,2025-12-08 00:17:21
16,22,10,1098.6,2025-12-08 00:16:22,37050.0,,16,22,10,1252.593018,2025-12-08 00:17:22
16,23,10,1101.7,2025-12-08 00:16:23,36049.0,,16,23,10,1254.922363,2025-12-08 00:17:23
16,24,10,1107.1,2025-12-08 00:16:24,35048.0,,16,24,10,1257.168457,2025-12-08 00:17:24
16,25,10,1101.5,2025-12-08 00:16:25,34048.0,,16,25,10,1259.334351,2025-12-08 00:17:25
16,26,10,1108.4,2025-12-08 00:16:26,33046.0,,16,26,10,1261.423828,2025-12-08 00:17:26
16,27,10,1112.6,2025-12-08 00:16:27,32046.0,,16,27,10,1263.439453,2025-12-08 00:17:27
16,28,10,1115.5,2025-12-08 00:16:28,31044.0,,16,28,10,1265.384644,2025-12-08 00:17:28
16,29,10,1115.5,2025-12-08 00:16:29,30043.0,,16,29,10,1267.261597,2025-12-08 00:17:29
16,30,10,1117.1,2025-12-08 00:16:30,29042.0,,16,30,10,1269.073364,2025-12-08 00:17:30
16,31,10,1115.3,2025-12-08 00:16:31,28041.0,,16,31,10,1270.822632,2025-12-08 00:17:31
16,32,10,1118.6,2025-12-08 00:16:32,27041.0,,16,32,10,1272.512085,2025-12-08 00:17:32
16,33,10,1122.1,2025-12-08 00:16:33,26040.0,,16,33,10,1274.143799,2025-12-08 00:17:33
16,34,10,1127.1,2025-12-08 00:16:34,25039.0,,16,34,10,1275.720093,2025-12-08 00:17:34
16,35,10,1119.9,2025-12-08 00:16:35,24037.0,,16,35,10,1277.243408,2025-12-08 00:17:35
16,36,10,1119.9,2025-12-08 00:16:36,23036.0,,16,36,10,1278.715942,2025-12-08 00:17:36
16,37,10,1122.3,2025-12-08 00:16:37,22035.0,,16,37,10,1280.139771,2025-12-08 00:17:37
16,38,10,1122.1,2025-12-08 00:16:38,21034.0,,16,38,10,1281.516846,2025-12-08 00:17:38
16,39,10,1122.0,2025-12-08 00:16:39,20033.0,,16,39,10,1282.849243,2025-12-08 00:17:39
16,40,10,1120.9,2025-12-08 00:16:40,19032.0,,16,40,10,1284.138794,2025-12-08 00:17:40
16,41,10,1121.8,2025-12-08 00:16:41,18031.0,,16,41,10,1285.387207,2025-12-08 00:17:41
16,42,10,1123.5,2025-12-08 00:16:42,17031.0,,16,42,10,1286.596436,2025-12-08 00:17:42
16,43,10,1128.2,2025-12-08 00:16:43,16030.0,,16,43,10,1287.768188,2025-12-08 00:17:43
16,44,10,1123.1,2025-12-08 00:16:44,15029.0,,16,44,10,1288.903687,2025-12-08 00:17:44
16,45,10,1123.7,2025-12-08 00:16:45,14027.0,,16,45,10,1290.004883,2025-12-08 00:17:45
16,46,10,1117.6,2025-12-08 00:16:46,13027.0,,16,46,10,1291.073242,2025-12-08 00:17:46
16,47,10,1117.3,2025-12-08 00:16:47,12024.0,,16,47,10,1292.109985,2025-12-08 00:17:47
16,48,10,1119.2,2025-12-08 00:16:48,11023.0,,16,48,10,1293.117065,2025-12-08 00:17:48
16,49,10,1115.0,2025-12-08 00:16:49,10022.0,,16,49,10,1294.095337,2025-12-08 00:17:49
16,50,10,1117.1,2025-12-08 00:16:50,9020.0,,16,50,10,1295.046387,2025-12-08 00:17:50
16,51,10,1117.6,2025-12-08 00:16:51,8019.0,,16,51,10,1295.971436,2025-12-08 00:17:51
16,52,10,1119.0,2025-12-08 00:16:52,7018.0,,16,52,10,1296.871704,2025-12-08 00:17:52
16,53,10,1116.6,2025-12-08 00:16:53,6017.0,,16,53,10,1297.748047,2025-12-08 00:17:53
16,54,10,1117.0,2025-12-08 00:16:54,5016.0,,16,54,10,1298.601685,2025-12-08 00:17:54
16,55,10,1119.0,2025-12-08 00:16:55,4015.0,,16,55,10,1299.43396,2025-12-08 00:17:55
16,56,10,1121.1,2025-12-08 00:16:56,3013.0,,16,56,10,1300.245605,2025-12-08 00:17:56
16,57,10,1124.6,2025-12-08 00:16:57,2013.0,,16,57,10,1301.037476,2025-12-08 00:17:57
16,58,10,1117.7,2025-12-08 00:16:58,1011.0,,16,58,10,1301.810669,2025-12-08 00:17:58
16,59,10,1132.6,2025-12-08 00:16:59,10.0,,16,59,10,1302.565674,2025-12-08 00:17:59
17,0,10,1125.4,2025-12-08 00:17:00,59101.0,,17,0,10,1188.469727,2025-12-08 00:18:00
17,1,10,1120.7,2025-12-08 00:17:01,58100.0,,17,1,10,1197.063843,2025-12-08 00:18:01
17,2,10,1124.0,2025-12-08 00:17:02,57099.0,,17,2,10,1204.512329,2025-12-08 00:18:02
17,3,10,1125.4,2025-12-08 00:17:03,56097.0,,17,3,10,1211.419556,2025-12-08 00:18:03
17,4,10,1121.3,2025-12-08 00:17:04,55096.0,,17,4,10,1217.939575,2025-12-08 00:18:04
17,5,10,1121.8,2025-12-08 00:17:05,54095.0,,17,5,10,1224.150879,2025-12-08 00:18:05
17,6,10,1121.3,2025-12-08 00:17:06,53094.0,,17,6,10,1230.097534,2025-12-08 00:18:06
17,7,10,1124.8,2025-12-08 00:17:07,52093.0,,17,7,10,1235.803833,2025-12-08 00:18:07
17,8,10,1122.7,2025-12-08 00:17:08,51092.0,,17,8,10,1241.282349,2025-12-08 00:18:08
17,9,10,1121.6,2025-12-08 00:17:09,50090.0,,17,9,10,1246.541138,2025-12-08 00:18:09
17,10,10,1118.0,2025-12-08 00:17:10,49089.0,,17,10,10,1251.585327,2025-12-08 00:18:10
17,11,10,1122.8,2025-12-08 00:17:11,48088.0,,17,11,10,1256.420166,2025-12-08 00:18:11
17,12,10,1119.7,2025-12-08 00:17:12,47087.0,,17,12,10,1261.050781,2025-12-08 00:18:12
17,13,10,1119.9,2025-12-08 00:17:13,46086.0,,17,13,10,1265.483643,2025-12-08 00:18:13
17,14,10,1117.8,2025-12-08 00:17:14,45085.0,,17,14,10,1269.72522,2025-12-08 00:18:14
17,15,10,1121.7,2025-12-08 00:17:15,44084.0,,17,15,10,1273.783203,2025-12-08 00:18:15
17,16,10,1115.5,2025-12-08 00:17:16,43082.0,,17,16,10,1277.665039,2025-12-08 00:18:16
17,17,10,1119.2,2025-12-08 00:17:17,42081.0,,17,17,10,1281.378906,2025-12-08 00:18:17
17,18,10,1121.0,2025-12-08 00:17:18,41080.0,,17,18,10,1284.932129,2025-12-08 00:18:18
17,19,10,1125.6,2025-12-08 00:17:19,40078.0,,17,19,10,1288.332642,2025-12-08 00:18:19
17,20,10,1123.8,2025-12-08 00:17:20,39076.0,,17,20,10,1291.587646,2025-12-08 00:18:20
17,21,10,1121.9,2025-12-08 00:17:21,38073.0,,17,21,10,1294.704224,2025-12-08 00:18:21
17,22,10,1111.0,2025-12-08 00:17:22,37072.0,,17,22,10,1297.689453,2025-12-08 00:18:22
17,23,10,1116.8,2025-12-08 00:17:23,36071.0,,17,23,10,1300.550171,2025-12-08 00:18:23
17,24,10,1119.8,2025-12-08 00:17:24,35070.0,,17,24,10,1303.29187,2025-12-08 00:18:24
17,25,10,1113.8,2025-12-08 00:17:25,34068.0,,17,25,10,1305.92041,2025-12-08 00:18:25
17,26,10,1113.6,2025-12-08 00:17:26,33067.0,,17,26,10,1308.44165,2025-12-08 00:18:26
17,27,10,1118.1,2025-12-08 00:17:27,32066.0,,17,27,10,1310.860474,2025-12-08 00:18:27
17,28,10,1118.1,2025-12-08 00:17:28,31064.0,,17,28,10,1313.182007,2025-12-08 00:18:28
17,29,10,1122.9,2025-12-08 00:17:29,30063.0,,17,29,10,1315.410767,2025-12-08 00:18:29
17,30,10,1118.3,2025-12-08 00:17:30,29061.0,,17,30,10,1317.551025,2025-12-08 00:18:30
17,31,10,1114.6,2025-12-08 00:17:31,28060.0,,17,31,10,1319.6073,2025-12-08 00:18:31
17,32,10,1117.0,2025-12-08 00:17:32,27059.0,,17,32,10,1321.58374,2025-12-08 00:18:32
17,33,10,1118.8,2025-12-08 00:17:33,26057.0,,17,33,10,1323.483887,2025-12-08 00:18:33
17,34,10,1119.4,2025-12-08 00:17:34,25054.0,,17,34,10,1325.311646,2025-12-08 00:18:34
17,35,10,1114.6,2025-12-08 00:17:35,24051.0,,17,35,10,1327.070312,2025-12-08 00:18:35
17,36,10,1122.3,2025-12-08 00:17:36,23050.0,,17,36,10,1328.763306,2025-12-08 00:18:36
17,37,10,1119.4,2025-12-08 00:17:37,22049.0,,17,37,10,1330.393677,2025-12-08 00:18:37
17,38,10,1119.8,2025-12-08 00:17:38,21048.0,,17,38,10,1331.964478,2025-12-08 00:18:38
17,39,10,1119.9,2025-12-08 00:17:39,20047.0,,17,39,10,1333.478516,2025-12-08 00:18:39
17,40,10,1120.9,2025-12-08 00:17:40,19046.0,,17,40,10,1334.938843,2025-12-08 00:18:40
17,41,10,1128.5,2025-12-08 00:17:41,18045.0,,17,41,10,1336.347656,2025-12-08 00:18:41
17,42,10,1119.8,2025-12-08 00:17:42,17043.0,,17,42,10,1337.707397,2025-12-08 00:18:42
17,43,10,1115.3,2025-12-08 00:17:43,16042.0,,17,43,10,1339.02063,2025-12-08 00:18:43
17,44,10,1126.7,2025-12-08 00:17:44,15040.0,,17,44,10,1340.289795,2025-12-08 00:18:44
17,45,10,1128.4,2025-12-08 00:17:45,14037.0,,17,45,10,1341.516724,2025-12-08 00:18:45
17,46,10,1124.6,2025-12-08 00:17:46,13036.0,,17,46,10,1342.703369,2025-12-08 00:18:46
17,47,10,1124.2,2025-12-08 00:17:47,12034.0,,17,47,10,1343.852051,2025-12-08 00:18:47
17,48,10,1119.3,2025-12-08 00:17:48,11033.0,,17,48,10,1344.964478,2025-12-08 00:18:48
17,49,10,1118.6,2025-12-08 00:17:49,10029.0,,17,49,10,1346.042603,2025-12-08 00:18:49
17,50,10,1117.9,2025-12-08 00:17:50,9027.0,,17,50,10,1347.088013,2025-12-08 00:18:50
17,51,10,1121.7,2025-12-08 00:17:51,8024.0,,17,51,10,1348.102417,2025-12-08 00:18:51
17,52,10,1117.3,2025-12-08 00:17:52,7023.0,,17,52,10,1349.08728,2025-12-08 00:18:52
17,53,10,1116.0,2025-12-08 00:17:53,6020.0,,17,53,10,1350.044312,2025-12-08 00:18:53
17,54,10,1117.3,2025-12-08 00:17:54,5019.0,,17,54,10,1350.974731,2025-12-08 00:18:54
17,55,10,1115.9,2025-12-08 00:17:55,4017.0,,17,55,10,1351.879883,2025-12-08 00:18:55
17,56,10,1117.0,2025-12-08 00:17:56,3016.0,,17,56,10,1352.760986,2025-12-08 00:18:56
17,57,10,1119.2,2025-12-08 00:17:57,2015.0,,17,57,10,1353.619263,2025-12-08 00:18:57
17,58,10,1116.1,2025-12-08 00:17:58,1013.0,,17,58,10,1354.456055,2025-12-08 00:18:58
17,59,10,1116.8,2025-12-08 00:17:59,12.0,,17,59,10,1355.272095,2025-12-08 00:18:59
18,0,10,1190.571186,2025-12-08 00:18:00,59858.0,,18,0,10,1229.98291,2025-12-08 00:19:00
18,1,10,1118.6,2025-12-08 00:18:01,58857.0,,18,1,10,1232.965332,2025-12-08 00:19:01
18,2,10,1126.1,2025-12-08 00:18:02,57856.0,,18,2,10,1235.589844,2025-12-08 00:19:02
18,3,10,1119.9,2025-12-08 00:18:03,56855.0,,18,3,10,1238.056519,2025-12-08 00:19:03
18,4,10,1122.9,2025-12-08 00:18:04,55851.0,,18,4,10,1240.418457,2025-12-08 00:19:04
18,5,10,1122.7,2025-12-08 00:18:05,54849.0,,18,5,10,1242.703857,2025-12-08 00:19:05
18,6,10,1119.6,2025-12-08 00:18:06,53847.0,,18,6,10,1244.927979,2025-12-08 00:19:06
18,7,10,1117.6,2025-12-08 00:18:07,52842.0,,18,7,10,1247.098877,2025-12-08 00:19:07
18,8,10,1119.5,2025-12-08 00:18:08,51841.0,,18,8,10,1249.220825,2025-12-08 00:19:08
18,9,10,1118.0,2025-12-08 00:18:09,50840.0,,18,9,10,1251.294922,2025-12-08 00:19:09
18,10,10,1119.5,2025-12-08 00:18:10,49838.0,,18,10,10,1253.322144,2025-12-08 00:19:10
18,11,10,1121.6,2025-12-08 00:18:11,48837.0,,18,11,10,1255.302368,2025-12-08 00:19:11
18,12,10,1119.1,2025-12-08 00:18:12,47836.0,,18,12,10,1257.235962,2025-12-08 00:19:12
18,13,10,1117.7,2025-12-08 00:18:13,46835.0,,18,13,10,1259.123291,2025-12-08 00:19:13
18,14,10,1118.0,2025-12-08 00:18:14,45834.0,,18,14,10,1260.964966,2025-12-08 00:19:14
18,15,10,1154.1,2025-12-08 00:18:15,44833.0,,18,15,10,1262.761841,2025-12-08 00:19:15
18,16,10,1225.9,2025-12-08 00:18:16,43831.0,,18,16,10,1264.515015,2025-12-08 00:19:16
18,17,10,1218.2,2025-12-08 00:18:17,42830.0,,18,17,10,1266.224976,2025-12-08 00:19:17
18,18,10,1216.3,2025-12-08 00:18:18,41828.0,,18,18,10,1267.891113,2025-12-08 00:19:18
18,19,10,1225.4,2025-12-08 00:18:19,40827.0,,18,19,10,1269.514282,2025-12-08 00:19:19
18,20,10,1227.3,2025-12-08 00:18:20,39818.0,,18,20,10,1271.095825,2025-12-08 00:19:20
18,21,10,1218.2,2025-12-08 00:18:21,38817.0,,18,21,10,1272.636719,2025-12-08 00:19:21
18,22,10,1220.1,2025-12-08 00:18:22,37814.0,,18,22,10,1274.137451,2025-12-08 00:19:22
18,23,10,1232.2,2025-12-08 00:18:23,36812.0,,18,23,10,1275.599487,2025-12-08 00:19:23
18,24,10,1220.5,2025-12-08 00:18:24,35810.0,,18,24,10,1277.023682,2025-12-08 00:19:24
18,25,10,1216.8,2025-12-08 00:18:25,34809.0,,18,25,10,1278.410645,2025-12-08 00:19:25
18,26,10,1218.0,2025-12-08 00:18:26,33806.0,,18,26,10,1279.761597,2025-12-08 00:19:26
18,27,10,1222.0,2025-12-08 00:18:27,32788.0,,18,27,10,1281.077271,2025-12-08 00:19:27
18,28,10,1222.3,2025-12-08 00:18:28,31784.0,,18,28,10,1282.358643,2025-12-08 00:19:28
18,29,10,1222.3,2025-12-08 00:18:29,30779.0,,18,29,10,1283.606567,2025-12-08 00:19:29
18,30,10,1217.7,2025-12-08 00:18:30,29775.0,,18,30,10,1284.821777,2025-12-08 00:19:30
18,31,10,1226.4,2025-12-08 00:18:31,28774.0,,18,31,10,1286.004883,2025-12-08 00:19:31
18,32,10,1222.1,2025-12-08 00:18:32,27763.0,,18,32,10,1287.157227,2025-12-08 00:19:32
18,33,10,1220.3,2025-12-08 00:18:33,26752.0,,18,33,10,1288.278809,2025-12-08 00:19:33
18,34,10,1227.1,2025-12-08 00:18:34,25683.0,,18,34,10,1289.371094,2025-12-08 00:19:34
18,35,10,1209.0,2025-12-08 00:18:35,24663.0,,18,35,10,1290.434814,2025-12-08 00:19:35
18,36,10,1213.8,2025-12-08 00:18:36,23641.0,,18,36,10,1291.470337,2025-12-08 00:19:36
18,37,10,1208.7,2025-12-08 00:18:37,22639.0,,18,37,10,1292.479004,2025-12-08 00:19:37
18,38,10,1212.2,2025-12-08 00:18:38,21624.0,,18,38,10,1293.461792,2025-12-08 00:19:38
18,39,10,1210.3,2025-12-08 00:18:39,20599.0,,18,39,10,1294.419189,2025-12-08 00:19:39
18,40,10,1207.1,2025-12-08 00:18:40,19532.0,,18,40,10,1295.352051,2025-12-08 00:19:40
18,41,10,1209.1,2025-12-08 00:18:41,18432.0,,18,41,10,1296.26123,2025-12-08 00:19:41
18,42,10,1209.7,2025-12-08 00:18:42,17430.0,,18,42,10,1297.147461,2025-12-08 00:19:42
18,43,10,1208.7,2025-12-08 00:18:43,16399.0,,18,43,10,1298.011475,2025-12-08 00:19:43
18,44,10,1209.4,2025-12-08 00:18:44,15347.0,,18,44,10,1298.854126,2025-12-08 00:19:44
18,45,10,1204.5,2025-12-08 00:18:45,14196.0,,18,45,10,1299.675781,2025-12-08 00:19:45
18,46,10,1203.1,2025-12-08 00:18:46,13126.0,,18,46,10,1300.477417,2025-12-08 00:19:46
18,47,10,1206.1,2025-12-08 00:18:47,12080.0,,18,47,10,1301.259644,2025-12-08 00:19:47
18,48,10,1207.5,2025-12-08 00:18:48,11077.0,,18,48,10,1302.023315,2025-12-08 00:19:48
18,49,10,1206.1,2025-12-08 00:18:49,10076.0,,18,49,10,1302.769165,2025-12-08 00:19:49
18,50,10,1204.0,2025-12-08 00:18:50,9073.0,,18,50,10,1303.497314,2025-12-08 00:19:50
18,51,10,1208.9,2025-12-08 00:18:51,8072.0,,18,51,10,1304.208862,2025-12-08 00:19:51
18,52,10,1207.6,2025-12-08 00:18:52,7071.0,,18,52,10,1304.904297,2025-12-08 00:19:52
18,53,10,1206.3,2025-12-08 00:18:53,6070.0,,18,53,10,1305.584106,2025-12-08 00:19:53
18,54,10,1206.5,2025-12-08 00:18:54,5069.0,,18,54,10,1306.249023,2025-12-08 00:19:54
18,55,10,1206.4,2025-12-08 00:18:55,4058.0,,18,55,10,1306.899292,2025-12-08 00:19:55
18,56,10,1206.1,2025-12-08 00:18:56,3057.0,,18,56,10,1307.535889,2025-12-08 00:19:56
18,57,10,1208.0,2025-12-08 00:18:57,2056.0,,18,57,10,1308.159058,2025-12-08 00:19:57
18,58,10,1204.7,2025-12-08 00:18:58,1054.0,,18,58,10,1308.769653,2025-12-08 00:19:58
18,59,10,1205.9,2025-12-08 00:18:59,21.0,,18,59,10,1309.367432,2025-12-08 00:19:59
19,0,10,1203.9,2025-12-08 00:19:00,59111.0,,19,0,10,1242.639526,2025-12-08 00:20:00
19,1,10,1207.4,2025-12-08 00:19:01,58107.0,,19,1,10,1227.197754,2025-12-08 00:20:01
19,2,10,1208.9,2025-12-08 00:19:02,57106.0,,19,2,10,1211.331055,2025-12-08 00:20:02
19,3,10,1205.9,2025-12-08 00:19:03,56105.0,,19,3,10,1195.84375,2025-12-08 00:20:03
19,4,10,1207.9,2025-12-08 00:19:04,55103.0,,19,4,10,1180.962036,2025-12-08 00:20:04
19,5,10,1206.4,2025-12-08 00:19:05,54100.0,,19,5,10,1166.749756,2025-12-08 00:20:05
19,6,10,1207.3,2025-12-08 00:19:06,53083.0,,19,6,10,1153.182495,2025-12-08 00:20:06
19,7,10,1205.6,2025-12-08 00:19:07,52082.0,,19,7,10,1140.197388,2025-12-08 00:20:07
19,8,10,1209.4,2025-12-08 00:19:08,51081.0,,19,8,10,1127.720581,2025-12-08 00:20:08
19,9,10,1209.9,2025-12-08 00:19:09,50080.0,,19,9,10,1115.681152,2025-12-08 00:20:09
19,10,10,1212.1,2025-12-08 00:19:10,49080.0,,19,10,10,1104.017822,2025-12-08 00:20:10
19,11,10,1230.2,2025-12-08 00:19:11,48078.0,,19,11,10,1092.679932,2025-12-08 00:20:11
19,12,10,1280.9,2025-12-08 00:19:12,47072.0,,19,12,10,1081.628052,2025-12-08 00:20:12
19,13,10,1279.9,2025-12-08 00:19:13,46070.0,,19,13,10,1070.832275,2025-12-08 00:20:13
19,14,10,1283.5,2025-12-08 00:19:14,45069.0,,19,14,10,1060.27063,2025-12-08 00:20:14
19,15,10,1286.4,2025-12-08 00:19:15,44067.0,,19,15,10,1049.927856,2025-12-08 00:20:15
19,16,10,1280.8,2025-12-08 00:19:16,43066.0,,19,16,10,1039.792847,2025-12-08 00:20:16
19,17,10,1284.6,2025-12-08 00:19:17,42065.0,,19,17,10,1029.858521,2025-12-08 00:20:17
19,18,10,1284.0,2025-12-08 00:19:18,41064.0,,19,18,10,1020.120239,2025-12-08 00:20:18
19,19,10,1289.2,2025-12-08 00:19:19,40063.0,,19,19,10,1010.574951,2025-12-08 00:20:19
19,20,10,1289.5,2025-12-08 00:19:20,39061.0,,19,20,10,1001.221008,2025-12-08 00:20:20
19,21,10,1289.3,2025-12-08 00:19:21,38060.0,,19,21,10,992.057434,2025-12-08 00:20:21
19,22,10,1282.7,2025-12-08 00:19:22,37059.0,,19,22,10,983.083191,2025-12-08 00:20:22
19,23,10,1309.4,2025-12-08 00:19:23,36057.0,,19,23,10,974.298279,2025-12-08 00:20:23
19,24,10,1289.1,2025-12-08 00:19:24,35056.0,,19,24,10,965.702087,2025-12-08 00:20:24
19,25,10,1290.4,2025-12-08 00:19:25,34055.0,,19,25,10,957.294189,2025-12-08 00:20:25
19,26,10,1288.3,2025-12-08 00:19:26,33054.0,,19,26,10,949.074097,2025-12-08 00:20:26
19,27,10,1287.9,2025-12-08 00:19:27,32053.0,,19,27,10,941.041199,2025-12-08 00:20:27
19,28,10,1287.5,2025-12-08 00:19:28,31052.0,,19,28,10,933.194824,2025-12-08 00:20:28
19,29,10,1291.2,2025-12-08 00:19:29,30051.0,,19,29,10,925.534302,2025-12-08 00:20:29
19,30,10,1292.8,2025-12-08 00:19:30,29050.0,,19,30,10,918.058533,2025-12-08 00:20:30
19,31,10,1297.3,2025-12-08 00:19:31,28049.0,,19,31,10,910.766724,2025-12-08 00:20:31
19,32,10,1286.3,2025-12-08 00:19:32,27049.0,,19,32,10,903.657654,2025-12-08 00:20:32
19,33,10,1284.5,2025-12-08 00:19:33,26048.0,,19,33,10,896.730469,2025-12-08 00:20:33
19,34,10,1283.3,2025-12-08 00:19:34,25047.0,,19,34,10,889.983826,2025-12-08 00:20:34
19,35,10,1284.3,2025-12-08 00:19:35,24046.0,,19,35,10,883.416504,2025-12-08 00:20:35
19,36,10,1288.3,2025-12-08 00:19:36,23045.0,,19,36,10,877.027649,2025-12-08 00:20:36
19,37,10,1282.5,2025-12-08 00:19:37,22044.0,,19,37,10,870.815613,2025-12-08 00:20:37
19,38,10,1288.2,2025-12-08 00:19:38,21042.0,,19,38,10,864.77948,2025-12-08 00:20:38
19,39,10,1287.2,2025-12-08 00:19:39,20039.0,,19,39,10,858.917786,2025-12-08 00:20:39
19,40,10,1290.4,2025-12-08 00:19:40,19038.0,,19,40,10,853.229309,2025-12-08 00:20:40
19,41,10,1288.0,2025-12-08 00:19:41,18037.0,,19,41,10,847.712769,2025-12-08 00:20:41
19,42,10,1298.6,2025-12-08 00:19:42,17036.0,,19,42,10,842.366699,2025-12-08 00:20:42
19,43,10,1289.9,2025-12-08 00:19:43,16035.0,,19,43,10,837.18988,2025-12-08 00:20:43
19,44,10,1291.8,2025-12-08 00:19:44,15034.0,,19,44,10,832.180786,2025-12-08 00:20:44
19,45,10,1290.1,2025-12-08 00:19:45,14033.0,,19,45,10,827.338013,2025-12-08 00:20:45
19,46,10,1287.0,2025-12-08 00:19:46,13032.0,,19,46,10,822.659973,2025-12-08 00:20:46
19,47,10,1290.2,2025-12-08 00:19:47,12030.0,,19,47,10,818.145203,2025-12-08 00:20:47
19,48,10,1288.1,2025-12-08 00:19:48,11029.0,,19,48,10,813.792114,2025-12-08 00:20:48
19,49,10,1288.4,2025-12-08 00:19:49,10028.0,,19,49,10,809.598999,2025-12-08 00:20:49
19,50,10,1290.9,2025-12-08 00:19:50,9025.0,,19,50,10,805.564026,2025-12-08 00:20:50
19,51,10,1297.5,2025-12-08 00:19:51,8024.0,,19,51,10,801.685486,2025-12-08 00:20:51
19,52,10,1290.6,2025-12-08 00:19:52,7023.0,,19,52,10,797.961548,2025-12-08 00:20:52
19,53,10,1291.6,2025-12-08 00:19:53,6022.0,,19,53,10,794.390076,2025-12-08 00:20:53
19,54,10,1290.5,2025-12-08 00:19:54,5020.0,,19,54,10,790.969116,2025-12-08 00:20:54
19,55,10,1287.3,2025-12-08 00:19:55,4017.0,,19,55,10,787.696472,2025-12-08 00:20:55
19,56,10,1289.5,2025-12-08 00:19:56,3015.0,,19,56,10,784.569946,2025-12-08 00:20:56
19,57,10,1294.0,2025-12-08 00:19:57,2014.0,,19,57,10,781.587219,2025-12-08 00:20:57
19,58,10,1287.7,2025-12-08 00:19:58,1013.0,,19,58,10,778.745728,2025-12-08 00:20:58
19,59,10,1290.3,2025-12-08 00:19:59,10.0,,19,59,10,776.043091,2025-12-08 00:20:59
20,0,10,1291.4,2025-12-08 00:20:00,67003.0,,20,0,10,1340.486694,2025-12-08 00:21:00
20,1,10,1289.0,2025-12-08 00:20:01,65999.0,,20,1,10,1321.513062,2025-12-08 00:21:01
20,2,10,1292.0,2025-12-08 00:20:02,64999.0,,20,2,10,1302.121094,2025-12-08 00:21:02
20,3,10,1292.5,2025-12-08 00:20:03,63998.0,,20,3,10,1283.343994,2025-12-08 00:21:03
20,4,10,1293.0,2025-12-08 00:20:04,62997.0,,20,4,10,1265.434937,2025-12-08 00:21:04
20,5,10,1289.9,2025-12-08 00:20:05,61996.0,,20,5,10,1248.450806,2025-12-08 00:21:05
20,6,10,1289.5,2025-12-08 00:20:06,60995.0,,20,6,10,1232.340088,2025-12-08 00:21:06
20,7,10,1291.8,2025-12-08 00:20:07,59993.0,,20,7,10,1217.008179,2025-12-08 00:21:07
20,8,10,1292.3,2025-12-08 00:20:08,58991.0,,20,8,10,1202.350098,2025-12-08 00:21:08
20,9,10,1294.0,2025-12-08 00:20:09,57989.0,,20,9,10,1188.267578,2025-12-08 00:21:09
20,10,10,1285.8,2025-12-08 00:20:10,56988.0,,20,10,10,1174.676147,2025-12-08 00:21:10
20,11,10,1291.5,2025-12-08 00:20:11,55986.0,,20,11,10,1161.506958,2025-12-08 00:21:11
20,12,10,1291.2,2025-12-08 00:20:12,54984.0,,20,12,10,1148.705688,2025-12-08 00:21:12
20,13,10,1304.7,2025-12-08 00:20:13,53983.0,,20,13,10,1136.231079,2025-12-08 00:21:13
20,14,10,1327.9,2025-12-08 00:20:14,52970.0,,20,14,10,1124.052124,2025-12-08 00:21:14
20,15,10,1388.7,2025-12-08 00:20:15,51968.0,,20,15,10,1112.146362,2025-12-08 00:21:15
20,16,10,1377.5,2025-12-08 00:20:16,50966.0,,20,16,10,1100.497437,2025-12-08 00:21:16
20,17,10,1394.6,2025-12-08 00:20:17,49956.0,,20,17,10,1089.093384,2025-12-08 00:21:17
20,18,10,1388.1,2025-12-08 00:20:18,48955.0,,20,18,10,1077.925781,2025-12-08 00:21:18
20,19,10,1393.0,2025-12-08 00:20:19,47953.0,,20,19,10,1066.98877,2025-12-08 00:21:19
20,20,10,1396.4,2025-12-08 00:20:20,46949.0,,20,20,10,1056.277466,2025-12-08 00:21:20
20,21,10,1393.0,2025-12-08 00:20:21,45947.0,,20,21,10,1045.78894,2025-12-08 00:21:21
20,22,10,1387.7,2025-12-08 00:20:22,44947.0,,20,22,10,1035.520264,2025-12-08 00:21:22
20,23,10,1390.3,2025-12-08 00:20:23,43945.0,,20,23,10,1025.468872,2025-12-08 00:21:23
20,24,10,1391.6,2025-12-08 00:20:24,42944.0,,20,24,10,1015.632935,2025-12-08 00:21:24
20,25,10,1389.1,2025-12-08 00:20:25,41943.0,,20,25,10,1006.010071,2025-12-08 00:21:25
20,26,10,1388.6,2025-12-08 00:20:26,40941.0,,20,26,10,996.598633,2025-12-08 00:21:26
20,27,10,1388.7,2025-12-08 00:20:27,39940.0,,20,27,10,987.396301,2025-12-08 00:21:27
20,28,10,1387.8,2025-12-08 00:20:28,38938.0,,20,28,10,978.401184,2025-12-08 00:21:28
20,29,10,1391.6,2025-12-08 00:20:29,37937.0,,20,29,10,969.611267,2025-12-08 00:21:29
20,30,10,1394.6,2025-12-08 00:20:30,36934.0,,20,30,10,961.024353,2025-12-08 00:21:30
20,31,10,1391.5,2025-12-08 00:20:31,35932.0,,20,31,10,952.638489,2025-12-08 00:21:31
20,32,10,1392.6,2025-12-08 00:20:32,34932.0,,20,32,10,944.451599,2025-12-08 00:21:32
20,33,10,1393.1,2025-12-08 00:20:33,33931.0,,20,33,10,936.461609,2025-12-08 00:21:33
20,34,10,1394.7,2025-12-08 00:20:34,32930.0,,20,34,10,928.666626,2025-12-08 00:21:34
20,35,10,1398.4,2025-12-08 00:20:35,31928.0,,20,35,10,921.064697,2025-12-08 00:21:35
20,36,10,1391.7,2025-12-08 00:20:36,30927.0,,20,36,10,913.653809,2025-12-08 00:21:36
20,37,10,1393.7,2025-12-08 00:20:37,29926.0,,20,37,10,906.43219,2025-12-08 00:21:37
20,38,10,1397.1,2025-12-08 00:20:38,28924.0,,20,38,10,899.398071,2025-12-08 00:21:38
20,39,10,1394.8,2025-12-08 00:20:39,27923.0,,20,39,10,892.549561,2025-12-08 00:21:39
20,40,10,1393.6,2025-12-08 00:20:40,26917.0,,20,40,10,885.88501,2025-12-08 00:21:40
20,41,10,1396.7,2025-12-08 00:20:41,25914.0,,20,41,10,879.402954,2025-12-08 00:21:41
20,42,10,1395.7,2025-12-08 00:20:42,24912.0,,20,42,10,873.101318,2025-12-08 00:21:42
20,43,10,1396.6,2025-12-08 00:20:43,23911.0,,20,43,10,866.978943,2025-12-08 00:21:43
20,44,10,1398.3,2025-12-08 00:20:44,22909.0,,20,44,10,861.034058,2025-12-08 00:21:44
20,45,10,1402.4,2025-12-08 00:20:45,21909.0,,20,45,10,855.265015,2025-12-08 00:21:45
20,46,10,1397.2,2025-12-08 00:20:46,20906.0,,20,46,10,849.670532,2025-12-08 00:21:46
20,47,10,1395.7,2025-12-08 00:20:47,19905.0,,20,47,10,844.248779,2025-12-08 00:21:47
20,48,10,1395.7,2025-12-08 00:20:48,18904.0,,20,48,10,838.998474,2025-12-08 00:21:48
20,49,10,1396.7,2025-12-08 00:20:49,17901.0,,20,49,10,833.917908,2025-12-08 00:21:49
20,50,10,1399.1,2025-12-08 00:20:50,16899.0,,20,50,10,829.005493,2025-12-08 00:21:50
20,51,10,1397.6,2025-12-08 00:20:51,15898.0,,20,51,10,824.259644,2025-12-08 00:21:51
20,52,10,1395.4,2025-12-08 00:20:52,14897.0,,20,52,10,819.678772,2025-12-08 00:21:52
20,53,10,1395.3,2025-12-08 00:20:53,13896.0,,20,53,10,815.261108,2025-12-08 00:21:53
20,54,10,1396.5,2025-12-08 00:20:54,12893.0,,20,54,10,811.005066,2025-12-08 00:21:54
20,55,10,1408.0,2025-12-08 00:20:55,11891.0,,20,55,10,806.908691,2025-12-08 00:21:55
20,56,10,1397.7,2025-12-08 00:20:56,10889.0,,20,56,10,802.970215,2025-12-08 00:21:56
20,57,10,1399.1,2025-12-08 00:20:57,9888.0,,20,57,10,799.187683,2025-12-08 00:21:57
20,58,10,1399.9,2025-12-08 00:20:58,8887.0,,20,58,10,795.559143,2025-12-08 00:21:58
20,59,10,1400.7,2025-12-08 00:20:59,7886.0,,20,59,10,792.082336,2025-12-08 00:21:59
21,0,10,1401.5,2025-12-08 00:21:00,60047.0,,21,0,10,1351.018433,2025-12-08 00:22:00
21,1,10,1399.8,2025-12-08 00:21:01,59044.0,,21,1,10,1335.040405,2025-12-08 00:22:01
21,2,10,1402.2,2025-12-08 00:21:02,58043.0,,21,2,10,1318.599854,2025-12-08 00:22:02
21,3,10,1396.8,2025-12-08 00:21:03,57042.0,,21,3,10,1302.55542,2025-12-08 00:22:03
21,4,10,1400.0,2025-12-08 00:21:04,56041.0,,21,4,10,1287.14563,2025-12-08 00:22:04
21,5,10,1400.7,2025-12-08 00:21:05,55039.0,,21,5,10,1272.438721,2025-12-08 00:22:05
21,6,10,1399.3,2025-12-08 00:21:06,54037.0,,21,6,10,1258.409302,2025-12-08 00:22:06
21,7,10,1395.7,2025-12-08 00:21:07,53036.0,,21,7,10,1244.991455,2025-12-08 00:22:07
21,8,10,1414.4,2025-12-08 00:21:08,52031.0,,21,8,10,1232.10791,2025-12-08 00:22:08
21,9,10,1397.3,2025-12-08 00:21:09,51029.0,,21,9,10,1219.684448,2025-12-08 00:22:09
21,10,10,1399.5,2025-12-08 00:21:10,50027.0,,21,10,10,1207.655884,2025-12-08 00:22:10
21,11,10,1402.8,2025-12-08 00:21:11,49024.0,,21,11,10,1195.96936,2025-12-08 00:22:11
21,12,10,1398.6,2025-12-08 00:21:12,48023.0,,21,12,10,1184.583252,2025-12-08 00:22:12
21,13,10,1397.7,2025-12-08 00:21:13,47020.0,,21,13,10,1173.465454,2025-12-08 00:22:13
21,14,10,1399.6,2025-12-08 00:21:14,46019.0,,21,14,10,1162.593018,2025-12-08 00:22:14
21,15,10,1405.6,2025-12-08 00:21:15,45016.0,,21,15,10,1151.948975,2025-12-08 00:22:15
21,16,10,1398.9,2025-12-08 00:21:16,44015.0,,21,16,10,1141.521851,2025-12-08 00:22:16
21,17,10,1406.9,2025-12-08 00:21:17,43014.0,,21,17,10,1131.303223,2025-12-08 00:22:17
21,18,10,1400.0,2025-12-08 00:21:18,42010.0,,21,18,10,1121.288086,2025-12-08 00:22:18
21,19,10,1402.8,2025-12-08 00:21:19,41002.0,,21,19,10,1111.472778,2025-12-08 00:22:19
21,20,10,1406.1,2025-12-08 00:21:20,39999.0,,21,20,10,1101.855103,2025-12-08 00:22:20
21,21,10,1395.0,2025-12-08 00:21:21,38994.0,,21,21,10,1092.433472,2025-12-08 00:22:21
21,22,10,1396.6,2025-12-08 00:21:22,37992.0,,21,22,10,1083.206909,2025-12-08 00:22:22
21,23,10,1396.8,2025-12-08 00:21:23,36991.0,,21,23,10,1074.174683,2025-12-08 00:22:23
21,24,10,1400.1,2025-12-08 00:21:24,35990.0,,21,24,10,1065.335938,2025-12-08 00:22:24
21,25,10,1395.0,2025-12-08 00:21:25,34961.0,,21,25,10,1056.690063,2025-12-08 00:22:25
21,26,10,1399.5,2025-12-08 00:21:26,33959.0,,21,26,10,1048.236084,2025-12-08 00:22:26
21,27,10,1400.2,2025-12-08 00:21:27,32958.0,,21,27,10,1039.973389,2025-12-08 00:22:27
21,28,10,1400.3,2025-12-08 00:21:28,31956.0,,21,28,10,1031.901123,2025-12-08 00:22:28
21,29,10,1399.0,2025-12-08 00:21:29,30953.0,,21,29,10,1024.017944,2025-12-08 00:22:29
21,30,10,1394.8,2025-12-08 00:21:30,29950.0,,21,30,10,1016.322815,2025-12-08 00:22:30
21,31,10,1396.1,2025-12-08 00:21:31,28947.0,,21,31,10,1008.814819,2025-12-08 00:22:31
21,32,10,1400.7,2025-12-08 00:21:32,27945.0,,21,32,10,1001.492432,2025-12-08 00:22:32
21,33,10,1395.7,2025-12-08 00:21:33,26944.0,,21,33,10,994.354614,2025-12-08 00:22:33
21,34,10,1400.3,2025-12-08 00:21:34,25943.0,,21,34,10,987.400085,2025-12-08 00:22:34
21,35,10,1397.5,2025-12-08 00:21:35,24941.0,,21,35,10,980.627441,2025-12-08 00:22:35
21,36,10,1395.1,2025-12-08 00:21:36,23937.0,,21,36,10,974.035583,2025-12-08 00:22:36
21,37,10,1398.4,2025-12-08 00:21:37,22925.0,,21,37,10,967.622864,2025-12-08 00:22:37
21,38,10,1397.1,2025-12-08 00:21:38,21924.0,,21,38,10,961.388184,2025-12-08 00:22:38
21,39,10,1398.6,2025-12-08 00:21:39,20921.0,,21,39,10,955.330078,2025-12-08 00:22:39
21,40,10,1400.5,2025-12-08 00:21:40,19919.0,,21,40,10,949.447388,2025-12-08 00:22:40
21,41,10,1401.3,2025-12-08 00:21:41,18918.0,,21,41,10,943.738525,2025-12-08 00:22:41
21,42,10,1402.4,2025-12-08 00:21:42,17917.0,,21,42,10,938.202271,2025-12-08 00:22:42
21,43,10,1402.3,2025-12-08 00:21:43,16914.0,,21,43,10,932.837158,2025-12-08 00:22:43
21,44,10,1413.3,2025-12-08 00:21:44,15912.0,,21,44,10,927.641785,2025-12-08 00:22:44
21,45,10,1403.2,2025-12-08 00:21:45,14909.0,,21,45,10,922.614685,2025-12-08 00:22:45
21,46,10,1401.5,2025-12-08 00:21:46,13902.0,,21,46,10,917.754333,2025-12-08 00:22:46
21,47,10,1403.7,2025-12-08 00:21:47,12891.0,,21,47,10,913.059326,2025-12-08 00:22:47
21,48,10,1405.8,2025-12-08 00:21:48,11886.0,,21,48,10,908.527893,2025-12-08 00:22:48
21,49,10,1403.6,2025-12-08 00:21:49,10885.0,,21,49,10,904.158508,2025-12-08 00:22:49
21,50,10,1404.5,2025-12-08 00:21:50,9754.0,,21,50,10,899.949585,2025-12-08 00:22:50
21,51,10,1404.7,2025-12-08 00:21:51,8753.0,,21,51,10,895.899231,2025-12-08 00:22:51
21,52,10,1402.1,2025-12-08 00:21:52,7552.0,,21,52,10,892.005615,2025-12-08 00:22:52
21,53,10,1402.5,2025-12-08 00:21:53,6550.0,,21,53,10,888.266968,2025-12-08 00:22:53
21,54,10,1400.6,2025-12-08 00:21:54,5549.0,,21,54,10,884.681091,2025-12-08 00:22:54
21,55,10,1399.9,2025-12-08 00:21:55,4546.0,,21,55,10,881.246094,2025-12-08 00:22:55
21,56,10,1399.3,2025-12-08 00:21:56,3529.0,,21,56,10,877.959839,2025-12-08 00:22:56
21,57,10,1397.1,2025-12-08 00:21:57,2528.0,,21,57,10,874.820007,2025-12-08 00:22:57
21,58,10,1401.2,2025-12-08 00:21:58,1243.0,,21,58,10,871.82428,2025-12-08 00:22:58
21,59,10,1401.4,2025-12-08 00:21:59,35.0,,21,59,10,868.970154,2025-12-08 00:22:59
22,0,10,1408.6,2025-12-08 00:22:00,59154.0,,22,0,10,1351.297485,2025-12-08 00:23:00
22,1,10,1405.2,2025-12-08 00:22:01,58152.0,,22,1,10,1332.172363,2025-12-08 00:23:01
22,2,10,1404.8,2025-12-08 00:22:02,57148.0,,22,2,10,1312.40979,2025-12-08 00:23:02
22,3,10,1403.4,2025-12-08 00:22:03,56146.0,,22,3,10,1293.222656,2025-12-08 00:23:03
22,4,10,1402.9,2025-12-08 00:22:04,55144.0,,22,4,10,1274.906494,2025-12-08 00:23:04
22,5,10,1405.1,2025-12-08 00:22:05,54141.0,,22,5,10,1257.539673,2025-12-08 00:23:05
22,6,10,1402.4,2025-12-08 00:22:06,53138.0,,22,6,10,1241.079102,2025-12-08 00:23:06
22,7,10,1404.7,2025-12-08 00:22:07,52136.0,,22,7,10,1225.430786,2025-12-08 00:23:07
22,8,10,1403.1,2025-12-08 00:22:08,51135.0,,22,8,10,1210.487183,2025-12-08 00:23:08
22,9,10,1399.8,2025-12-08 00:22:09,50132.0,,22,9,10,1196.146118,2025-12-08 00:23:09
22,10,10,1399.9,2025-12-08 00:22:10,49132.0,,22,10,10,1182.318726,2025-12-08 00:23:10
22,11,10,1401.8,2025-12-08 00:22:11,48125.0,,22,11,10,1168.932129,2025-12-08 00:23:11
22,12,10,1401.4,2025-12-08 00:22:12,47122.0,,22,12,10,1155.928955,2025-12-08 00:23:12
22,13,10,1405.6,2025-12-08 00:22:13,46118.0,,22,13,10,1143.264893,2025-12-08 00:23:13
22,14,10,1402.7,2025-12-08 00:22:14,45117.0,,22,14,10,1130.90686,2025-12-08 00:23:14
22,15,10,1397.0,2025-12-08 00:22:15,44114.0,,22,15,10,1118.830322,2025-12-08 00:23:15
22,16,10,1400.3,2025-12-08 00:22:16,43111.0,,22,16,10,1107.0177,2025-12-08 00:23:16
22,17,10,1404.1,2025-12-08 00:22:17,42099.0,,22,17,10,1095.455933,2025-12-08 00:23:17
22,18,10,1403.7,2025-12-08 00:22:18,41092.0,,22,18,10,1084.135864,2025-12-08 00:23:18
22,19,10,1408.4,2025-12-08 00:22:19,40089.0,,22,19,10,1073.051025,2025-12-08 00:23:19
22,20,10,1409.2,2025-12-08 00:22:20,39087.0,,22,20,10,1062.196289,2025-12-08 00:23:20
22,21,10,1400.9,2025-12-08 00:22:21,38086.0,,22,21,10,1051.567749,2025-12-08 00:23:21
22,22,10,1402.2,2025-12-08 00:22:22,37085.0,,22,22,10,1041.162354,2025-12-08 00:23:22
22,23,10,1402.4,2025-12-08 00:22:23,36084.0,,22,23,10,1030.977783,2025-12-08 00:23:23
22,24,10,1402.1,2025-12-08 00:22:24,35083.0,,22,24,10,1021.011475,2025-12-08 00:23:24
22,25,10,1402.2,2025-12-08 00:22:25,34082.0,,22,25,10,1011.261108,2025-12-08 00:23:25
22,26,10,1401.1,2025-12-08 00:22:26,33080.0,,22,26,10,1001.72467,2025-12-08 00:23:26
22,27,10,1401.6,2025-12-08 00:22:27,32075.0,,22,27,10,992.399719,2025-12-08 00:23:27
22,28,10,1402.1,2025-12-08 00:22:28,31073.0,,22,28,10,983.284424,2025-12-08 00:23:28
22,29,10,1401.9,2025-12-08 00:22:29,30070.0,,22,29,10,974.376282,2025-12-08 00:23:29
22,30,10,1403.9,2025-12-08 00:22:30,29068.0,,22,30,10,965.673401,2025-12-08 00:23:30
22,31,10,1398.7,2025-12-08 00:22:31,28067.0,,22,31,10,957.173401,2025-12-08 00:23:31
22,32,10,1404.9,2025-12-08 00:22:32,27063.0,,22,32,10,948.874207,2025-12-08 00:23:32
22,33,10,1401.8,2025-12-08 00:22:33,26062.0,,22,33,10,940.773621,2025-12-08 00:23:33
22,34,10,1406.2,2025-12-08 00:22:34,25060.0,,22,34,10,932.869629,2025-12-08 00:23:34
22,35,10,1407.3,2025-12-08 00:22:35,24058.0,,22,35,10,925.160156,2025-12-08 00:23:35
22,36,10,1405.9,2025-12-08 00:22:36,23057.0,,22,36,10,917.64325,2025-12-08 00:23:36
22,37,10,1408.0,2025-12-08 00:22:37,22056.0,,22,37,10,910.316956,2025-12-08 00:23:37
22,38,10,1409.8,2025-12-08 00:22:38,21055.0,,22,38,10,903.179443,2025-12-08 00:23:38
22,39,10,1404.9,2025-12-08 00:22:39,20053.0,,22,39,10,896.228699,2025-12-08 00:23:39
22,40,10,1405.3,2025-12-08 00:22:40,19052.0,,22,40,10,889.463196,2025-12-08 00:23:40
22,41,10,1407.3,2025-12-08 00:22:41,18050.0,,22,41,10,882.881104,2025-12-08 00:23:41
22,42,10,1400.5,2025-12-08 00:22:42,17048.0,,22,42,10,876.480774,2025-12-08 00:23:42
22,43,10,1403.1,2025-12-08 00:22:43,16046.0,,22,43,10,870.260498,2025-12-08 00:23:43
22,44,10,1402.7,2025-12-08 00:22:44,15045.0,,22,44,10,864.218811,2025-12-08 00:23:44
22,45,10,1414.3,2025-12-08 00:22:45,14043.0,,22,45,10,858.354065,2025-12-08 00:23:45
22,46,10,1412.9,2025-12-08 00:22:46,13042.0,,22,46,10,852.664673,2025-12-08 00:23:46
22,47,10,1408.1,2025-12-08 00:22:47,12041.0,,22,47,10,847.149048,2025-12-08 00:23:47
22,48,10,1404.8,2025-12-08 00:22:48,11040.0,,22,48,10,841.805664,2025-12-08 00:23:48
22,49,10,1419.5,2025-12-08 00:22:49,10037.0,,22,49,10,836.633057,2025-12-08 00:23:49
22,50,10,1406.4,2025-12-08 00:22:50,9036.0,,22,50,10,831.629578,2025-12-08 00:23:50
22,51,10,1406.4,2025-12-08 00:22:51,8035.0,,22,51,10,826.793701,2025-12-08 00:23:51
22,52,10,1407.0,2025-12-08 00:22:52,7033.0,,22,52,10,822.123535,2025-12-08 00:23:52
22,53,10,1407.8,2025-12-08 00:22:53,6032.0,,22,53,10,817.617737,2025-12-08 00:23:53
22,54,10,1405.2,2025-12-08 00:22:54,5031.0,,22,54,10,813.274414,2025-12-08 00:23:54
22,55,10,1408.9,2025-12-08 00:22:55,4030.0,,22,55,10,809.091858,2025-12-08 00:23:55
22,56,10,1406.2,2025-12-08 00:22:56,3028.0,,22,56,10,805.068237,2025-12-08 00:23:56
22,57,10,1408.5,2025-12-08 00:22:57,2011.0,,22,57,10,801.20166,2025-12-08 00:23:57
22,58,10,1407.1,2025-12-08 00:22:58,1010.0,,22,58,10,797.490234,2025-12-08 00:23:58
22,59,10,1420.8,2025-12-08 00:22:59,9.0,,22,59,10,793.931763,2025-12-08 00:23:59
23,0,10,1408.0,2025-12-08 00:23:00,59095.0,,23,0,10,1362.894043,2025-12-08 00:24:00
23,1,10,1410.8,2025-12-08 00:23:01,58093.0,,23,1,10,1343.050415,2025-12-08 00:24:01
23,2,10,1415.1,2025-12-08 00:23:02,57091.0,,23,2,10,1322.79126,2025-12-08 00:24:02
23,3,10,1412.9,2025-12-08 00:23:03,56090.0,,23,3,10,1303.208618,2025-12-08 00:24:03
23,4,10,1414.8,2025-12-08 00:23:04,55089.0,,23,4,10,1284.560303,2025-12-08 00:24:04
23,5,10,1410.9,2025-12-08 00:23:05,54088.0,,23,5,10,1266.900513,2025-12-08 00:24:05
23,6,10,1410.2,2025-12-08 00:23:06,53087.0,,23,6,10,1250.170898,2025-12-08 00:24:06
23,7,10,1411.5,2025-12-08 00:23:07,52085.0,,23,7,10,1234.269287,2025-12-08 00:24:07
23,8,10,1408.1,2025-12-08 00:23:08,51084.0,,23,8,10,1219.083374,2025-12-08 00:24:08
23,9,10,1409.8,2025-12-08 00:23:09,50083.0,,23,9,10,1204.508545,2025-12-08 00:24:09
23,10,10,1412.0,2025-12-08 00:23:10,49082.0,,23,10,10,1190.454834,2025-12-08 00:24:10
23,11,10,1410.9,2025-12-08 00:23:11,48080.0,,23,11,10,1176.848999,2025-12-08 00:24:11
23,12,10,1431.3,2025-12-08 00:23:12,47080.0,,23,12,10,1163.633179,2025-12-08 00:24:12
23,13,10,1408.3,2025-12-08 00:23:13,46078.0,,23,13,10,1150.763184,2025-12-08 00:24:13
23,14,10,1410.6,2025-12-08 00:23:14,45077.0,,23,14,10,1138.205811,2025-12-08 00:24:14
23,15,10,1412.3,2025-12-08 00:23:15,44076.0,,23,15,10,1125.936523,2025-12-08 00:24:15
23,16,10,1409.5,2025-12-08 00:23:16,43073.0,,23,16,10,1113.937256,2025-12-08 00:24:16
23,17,10,1413.7,2025-12-08 00:23:17,42072.0,,23,17,10,1102.195435,2025-12-08 00:24:17
23,18,10,1409.6,2025-12-08 00:23:18,41069.0,,23,18,10,1090.701416,2025-12-08 00:24:18
23,19,10,1418.0,2025-12-08 00:23:19,40068.0,,23,19,10,1079.44812,2025-12-08 00:24:19
23,20,10,1418.5,2025-12-08 00:23:20,39066.0,,23,20,10,1068.43042,2025-12-08 00:24:20
23,21,10,1418.1,2025-12-08 00:23:21,38065.0,,23,21,10,1057.644287,2025-12-08 00:24:21
23,22,10,1409.1,2025-12-08 00:23:22,37064.0,,23,22,10,1047.086304,2025-12-08 00:24:22
23,23,10,1414.0,2025-12-08 00:23:23,36062.0,,23,23,10,1036.753418,2025-12-08 00:24:23
23,24,10,1411.4,2025-12-08 00:23:24,35061.0,,23,24,10,1026.643066,2025-12-08 00:24:24
23,25,10,1411.9,2025-12-08 00:23:25,34058.0,,23,25,10,1016.752747,2025-12-08 00:24:25
23,26,10,1412.8,2025-12-08 00:23:26,33057.0,,23,26,10,1007.079895,2025-12-08 00:24:26
23,27,10,1417.2,2025-12-08 00:23:27,32056.0,,23,27,10,997.622253,2025-12-08 00:24:27
23,28,10,1417.6,2025-12-08 00:23:28,31055.0,,23,28,10,988.377258,2025-12-08 00:24:28
23,29,10,1419.2,2025-12-08 00:23:29,30053.0,,23,29,10,979.342407,2025-12-08 00:24:29
23,30,10,1428.3,2025-12-08 00:23:30,29051.0,,23,30,10,970.515625,2025-12-08 00:24:30
23,31,10,1414.3,2025-12-08 00:23:31,28050.0,,23,31,10,961.894165,2025-12-08 00:24:31
23,32,10,1419.8,2025-12-08 00:23:32,27048.0,,23,32,10,953.476013,2025-12-08 00:24:32
23,33,10,1421.0,2025-12-08 00:23:33,26047.0,,23,33,10,945.258606,2025-12-08 00:24:33
23,34,10,1419.5,2025-12-08 00:23:34,25046.0,,23,34,10,937.239868,2025-12-08 00:24:34
23,35,10,1419.9,2025-12-08 00:23:35,24044.0,,23,35,10,929.417603,2025-12-08 00:24:35
23,36,10,1418.9,2025-12-08 00:23:36,23043.0,,23,36,10,921.78949,2025-12-08 00:24:36
23,37,10,1420.1,2025-12-08 00:23:37,22042.0,,23,37,10,914.35376,2025-12-08 00:24:37
23,38,10,1422.2,2025-12-08 00:23:38,21040.0,,23,38,10,907.108337,2025-12-08 00:24:38
23,39,10,1424.9,2025-12-08 00:23:39,20040.0,,23,39,10,900.051208,2025-12-08 00:24:39
23,40,10,1421.5,2025-12-08 00:23:40,19038.0,,23,40,10,893.180603,2025-12-08 00:24:40
23,41,10,1424.2,2025-12-08 00:23:41,18036.0,,23,41,10,886.494751,2025-12-08 00:24:41
23,42,10,1421.0,2025-12-08 00:23:42,17035.0,,23,42,10,879.991943,2025-12-08 00:24:42
23,43,10,1422.9,2025-12-08 00:23:43,16034.0,,23,43,10,873.670349,2025-12-08 00:24:43
23,44,10,1435.5,2025-12-08 00:23:44,15032.0,,23,44,10,867.528381,2025-12-08 00:24:44
23,45,10,1420.8,2025-12-08 00:23:45,14031.0,,23,45,10,861.564514,2025-12-08 00:24:45
23,46,10,1421.3,2025-12-08 00:23:46,13030.0,,23,46,10,855.777039,2025-12-08 00:24:46
23,47,10,1425.6,2025-12-08 00:23:47,12029.0,,23,47,10,850.16449,2025-12-08 00:24:47
23,48,10,1422.0,2025-12-08 00:23:48,11028.0,,23,48,10,844.725098,2025-12-08 00:24:48
23,49,10,1423.2,2025-12-08 00:23:49,10027.0,,23,49,10,839.457458,2025-12-08 00:24:49
23,50,10,1426.7,2025-12-08 00:23:50,9026.0,,23,50,10,834.359924,2025-12-08 00:24:50
23,51,10,1425.3,2025-12-08 00:23:51,8025.0,,23,51,10,829.430969,2025-12-08 00:24:51
23,52,10,1423.3,2025-12-08 00:23:52,7024.0,,23,52,10,824.668945,2025-12-08 00:24:52
23,53,10,1424.1,2025-12-08 00:23:53,6023.0,,23,53,10,820.072144,2025-12-08 00:24:53
23,54,10,1427.4,2025-12-08 00:23:54,5022.0,,23,54,10,815.638977,2025-12-08 00:24:54
23,55,10,1423.1,2025-12-08 00:23:55,4020.0,,23,55,10,811.367615,2025-12-08 00:24:55
23,56,10,1426.8,2025-12-08 00:23:56,3020.0,,23,56,10,807.256287,2025-12-08 00:24:56
23,57,10,1425.8,2025-12-08 00:23:57,2018.0,,23,57,10,803.303101,2025-12-08 00:24:57
23,58,10,1423.9,2025-12-08 00:23:58,1016.0,,23,58,10,799.506226,2025-12-08 00:24:58
23,59,10,1426.7,2025-12-08 00:23:59,15.0,,23,59,10,795.863464,2025-12-08 00:24:59
24,0,10,1435.9,2025-12-08 00:24:00,59680.0,,24,0,10,717.602905,2025-12-08 00:25:00
24,1,10,1425.0,2025-12-08 00:24:01,58678.0,,24,1,10,700.310974,2025-12-08 00:25:01
24,2,10,1428.7,2025-12-08 00:24:02,57676.0,,24,2,10,693.182678,2025-12-08 00:25:02
24,3,10,1429.1,2025-12-08 00:24:03,56675.0,,24,3,10,691.160706,2025-12-08 00:25:03
24,4,10,1432.2,2025-12-08 00:24:04,55673.0,,24,4,10,691.807434,2025-12-08 00:25:04
24,5,10,1432.4,2025-12-08 00:24:05,54673.0,,24,5,10,693.658569,2025-12-08 00:25:05
24,6,10,1430.8,2025-12-08 00:24:06,53672.0,,24,6,10,695.896057,2025-12-08 00:25:06
24,7,10,1423.7,2025-12-08 00:24:07,52670.0,,24,7,10,698.107849,2025-12-08 00:25:07
24,8,10,1427.3,2025-12-08 00:24:08,51669.0,,24,8,10,700.130249,2025-12-08 00:25:08
24,9,10,1433.2,2025-12-08 00:24:09,50668.0,,24,9,10,701.944885,2025-12-08 00:25:09
24,10,10,1428.0,2025-12-08 00:24:10,49667.0,,24,10,10,703.611389,2025-12-08 00:25:10
24,11,10,1427.9,2025-12-08 00:24:11,48663.0,,24,11,10,705.224609,2025-12-08 00:25:11
24,12,10,1427.1,2025-12-08 00:24:12,47662.0,,24,12,10,706.888245,2025-12-08 00:25:12
24,13,10,1431.2,2025-12-08 00:24:13,46661.0,,24,13,10,708.69928,2025-12-08 00:25:13
24,14,10,1430.0,2025-12-08 00:24:14,45660.0,,24,14,10,710.740479,2025-12-08 00:25:14
24,15,10,1438.4,2025-12-08 00:24:15,44659.0,,24,15,10,713.075989,2025-12-08 00:25:15
24,16,10,1431.3,2025-12-08 00:24:16,43656.0,,24,16,10,715.751221,2025-12-08 00:25:16
24,17,10,1434.0,2025-12-08 00:24:17,42655.0,,24,17,10,718.793152,2025-12-08 00:25:17
24,18,10,1437.0,2025-12-08 00:24:18,41653.0,,24,18,10,722.212341,2025-12-08 00:25:18
24,19,10,1437.6,2025-12-08 00:24:19,40652.0,,24,19,10,726.005066,2025-12-08 00:25:19
24,20,10,1439.0,2025-12-08 00:24:20,39651.0,,24,20,10,730.155457,2025-12-08 00:25:20
24,21,10,1434.6,2025-12-08 00:24:21,38650.0,,24,21,10,734.637573,2025-12-08 00:25:21
24,22,10,1433.7,2025-12-08 00:24:22,37649.0,,24,22,10,739.41748,2025-12-08 00:25:22
24,23,10,1438.7,2025-12-08 00:24:23,36642.0,,24,23,10,744.455444,2025-12-08 00:25:23
24,24,10,1433.4,2025-12-08 00:24:24,35641.0,,24,24,10,749.707397,2025-12-08 00:25:24
24,25,10,1434.9,2025-12-08 00:24:25,34640.0,,24,25,10,755.126282,2025-12-08 00:25:25
24,26,10,1436.3,2025-12-08 00:24:26,33638.0,,24,26,10,760.664001,2025-12-08 00:25:26
24,27,10,1434.7,2025-12-08 00:24:27,32635.0,,24,27,10,766.272217,2025-12-08 00:25:27
24,28,10,1436.5,2025-12-08 00:24:28,31631.0,,24,28,10,771.903687,2025-12-08 00:25:28
24,29,10,1440.1,2025-12-08 00:24:29,30628.0,,24,29,10,777.513184,2025-12-08 00:25:29
24,30,10,1433.5,2025-12-08 00:24:30,29626.0,,24,30,10,783.058228,2025-12-08 00:25:30
24,31,10,1435.7,2025-12-08 00:24:31,28625.0,,24,31,10,788.499695,2025-12-08 00:25:31
24,32,10,1440.9,2025-12-08 00:24:32,27623.0,,24,32,10,793.80249,2025-12-08 00:25:32
24,33,10,1437.4,2025-12-08 00:24:33,26621.0,,24,33,10,798.935791,2025-12-08 00:25:33
24,34,10,1440.3,2025-12-08 00:24:34,25619.0,,24,34,10,803.872925,2025-12-08 00:25:34
24,35,10,1442.9,2025-12-08 00:24:35,24618.0,,24,35,10,808.592224,2025-12-08 00:25:35
24,36,10,1441.8,2025-12-08 00:24:36,23615.0,,24,36,10,813.07605,2025-12-08 00:25:36
24,37,10,1445.8,2025-12-08 00:24:37,22612.0,,24,37,10,817.311157,2025-12-08 00:25:37
24,38,10,1443.2,2025-12-08 00:24:38,21609.0,,24,38,10,821.28833,2025-12-08 00:25:38
24,39,10,1442.8,2025-12-08 00:24:39,20608.0,,24,39,10,825.002197,2025-12-08 00:25:39
24,40,10,1441.7,2025-12-08 00:24:40,19605.0,,24,40,10,828.450623,2025-12-08 00:25:40
24,41,10,1445.5,2025-12-08 00:24:41,18597.0,,24,41,10,831.634338,2025-12-08 00:25:41
24,42,10,1444.0,2025-12-08 00:24:42,17596.0,,24,42,10,834.557007,2025-12-08 00:25:42
24,43,10,1443.4,2025-12-08 00:24:43,16595.0,,24,43,10,837.22406,2025-12-08 00:25:43
24,44,10,1445.3,2025-12-08 00:24:44,15591.0,,24,44,10,839.643066,2025-12-08 00:25:44
24,45,10,1445.6,2025-12-08 00:24:45,14590.0,,24,45,10,841.822876,2025-12-08 00:25:45
24,46,10,1450.5,2025-12-08 00:24:46,13588.0,,24,46,10,843.77356,2025-12-08 00:25:46
24,47,10,1448.9,2025-12-08 00:24:47,12586.0,,24,47,10,845.506165,2025-12-08 00:25:47
24,48,10,1446.1,2025-12-08 00:24:48,11584.0,,24,48,10,847.032043,2025-12-08 00:25:48
24,49,10,1448.3,2025-12-08 00:24:49,10583.0,,24,49,10,848.363159,2025-12-08 00:25:49
24,50,10,1449.1,2025-12-08 00:24:50,9582.0,,24,50,10,849.511536,2025-12-08 00:25:50
24,51,10,1448.8,2025-12-08 00:24:51,8580.0,,24,51,10,850.489197,2025-12-08 00:25:51
24,52,10,1275.7,2025-12-08 00:24:52,7578.0,,24,52,10,851.307617,2025-12-08 00:25:52
24,53,10,1279.9,2025-12-08 00:24:53,6575.0,,24,53,10,851.978333,2025-12-08 00:25:53
24,54,10,1288.1,2025-12-08 00:24:54,5562.0,,24,54,10,852.512878,2025-12-08 00:25:54
24,55,10,1297.6,2025-12-08 00:24:55,4558.0,,24,55,10,852.921692,2025-12-08 00:25:55
24,56,10,1258.4,2025-12-08 00:24:56,3556.0,,24,56,10,853.214111,2025-12-08 00:25:56
24,57,10,549.8,2025-12-08 00:24:57,2423.0,,24,57,10,853.398743,2025-12-08 00:25:57
24,58,10,548.6,2025-12-08 00:24:58,1337.0,,24,58,10,853.495911,2025-12-08 00:25:58
24,59,10,555.3,2025-12-08 00:24:59,44.0,,24,59,10,853.509155,2025-12-08 00:25:59
25,0,10,805.0,2025-12-08 00:25:00,59517.0,,25,0,10,629.843323,2025-12-08 00:26:00
25,1,10,567.9,2025-12-08 00:25:01,58486.0,,25,1,10,645.796021,2025-12-08 00:26:01
25,2,10,558.3,2025-12-08 00:25:02,57226.0,,25,2,10,662.584167,2025-12-08 00:26:02
25,3,10,558.5,2025-12-08 00:25:03,56225.0,,25,3,10,679.560608,2025-12-08 00:26:03
25,4,10,556.6,2025-12-08 00:25:04,55224.0,,25,4,10,696.144958,2025-12-08 00:26:04
25,5,10,555.7,2025-12-08 00:25:05,54223.0,,25,5,10,711.933228,2025-12-08 00:26:05
25,6,10,558.5,2025-12-08 00:25:06,53145.0,,25,6,10,726.65509,2025-12-08 00:26:06
25,7,10,559.3,2025-12-08 00:25:07,52143.0,,25,7,10,740.143616,2025-12-08 00:26:07
25,8,10,559.5,2025-12-08 00:25:08,51141.0,,25,8,10,752.312012,2025-12-08 00:26:08
25,9,10,559.5,2025-12-08 00:25:09,50140.0,,25,9,10,763.135071,2025-12-08 00:26:09
25,10,10,559.0,2025-12-08 00:25:10,49139.0,,25,10,10,772.634216,2025-12-08 00:26:10
25,11,10,560.9,2025-12-08 00:25:11,48136.0,,25,11,10,780.86377,2025-12-08 00:26:11
25,12,10,557.0,2025-12-08 00:25:12,47135.0,,25,12,10,787.90033,2025-12-08 00:26:12
25,13,10,558.8,2025-12-08 00:25:13,46133.0,,25,13,10,793.834045,2025-12-08 00:26:13
25,14,10,561.8,2025-12-08 00:25:14,45131.0,,25,14,10,798.761292,2025-12-08 00:26:14
25,15,10,558.9,2025-12-08 00:25:15,44128.0,,25,15,10,802.779541,2025-12-08 00:26:15
25,16,10,561.5,2025-12-08 00:25:16,43127.0,,25,16,10,805.984192,2025-12-08 00:26:16
25,17,10,558.4,2025-12-08 00:25:17,42121.0,,25,17,10,808.465271,2025-12-08 00:26:17
25,18,10,558.0,2025-12-08 00:25:18,41117.0,,25,18,10,810.306519,2025-12-08 00:26:18
25,19,10,563.8,2025-12-08 00:25:19,40104.0,,25,19,10,811.584595,2025-12-08 00:26:19
25,20,10,563.4,2025-12-08 00:25:20,39102.0,,25,20,10,812.368774,2025-12-08 00:26:20
25,21,10,558.0,2025-12-08 00:25:21,38099.0,,25,21,10,812.721191,2025-12-08 00:26:21
25,22,10,560.2,2025-12-08 00:25:22,37094.0,,25,22,10,812.69751,2025-12-08 00:26:22
25,23,10,561.6,2025-12-08 00:25:23,36076.0,,25,23,10,812.346924,2025-12-08 00:26:23
25,24,10,558.3,2025-12-08 00:25:24,35073.0,,25,24,10,811.713257,2025-12-08 00:26:24
25,25,10,558.6,2025-12-08 00:25:25,34072.0,,25,25,10,810.835327,2025-12-08 00:26:25
25,26,10,563.1,2025-12-08 00:25:26,33071.0,,25,26,10,809.747559,2025-12-08 00:26:26
25,27,10,548.2,2025-12-08 00:25:27,32069.0,,25,27,10,808.480469,2025-12-08 00:26:27
25,28,10,547.3,2025-12-08 00:25:28,31068.0,,25,28,10,807.061523,2025-12-08 00:26:28
25,29,10,445.2,2025-12-08 00:25:29,30067.0,,25,29,10,805.514893,2025-12-08 00:26:29
25,30,10,438.6,2025-12-08 00:25:30,29064.0,,25,30,10,803.864075,2025-12-08 00:26:30
25,31,10,566.1,2025-12-08 00:25:31,28063.0,,25,31,10,802.126892,2025-12-08 00:26:31
25,32,10,463.1,2025-12-08 00:25:32,27062.0,,25,32,10,800.31781,2025-12-08 00:26:32
25,33,10,457.4,2025-12-08 00:25:33,26059.0,,25,33,10,798.456421,2025-12-08 00:26:33
25,34,10,458.1,2025-12-08 00:25:34,25057.0,,25,34,10,796.555054,2025-12-08 00:26:34
25,35,10,455.6,2025-12-08 00:25:35,24056.0,,25,35,10,794.625793,2025-12-08 00:26:35
25,36,10,455.5,2025-12-08 00:25:36,23055.0,,25,36,10,792.679688,2025-12-08 00:26:36
25,37,10,453.5,2025-12-08 00:25:37,22053.0,,25,37,10,790.726807,2025-12-08 00:26:37
25,38,10,453.5,2025-12-08 00:25:38,21052.0,,25,38,10,788.775818,2025-12-08 00:26:38
25,39,10,452.4,2025-12-08 00:25:39,20050.0,,25,39,10,786.834839,2025-12-08 00:26:39
25,40,10,454.2,2025-12-08 00:25:40,19049.0,,25,40,10,784.910889,2025-12-08 00:26:40
25,41,10,461.7,2025-12-08 00:25:41,18048.0,,25,41,10,783.010132,2025-12-08 00:26:41
25,42,10,457.8,2025-12-08 00:25:42,17048.0,,25,42,10,781.138245,2025-12-08 00:26:42
25,43,10,458.6,2025-12-08 00:25:43,16046.0,,25,43,10,779.300232,2025-12-08 00:26:43
25,44,10,463.8,2025-12-08 00:25:44,15046.0,,25,44,10,777.500549,2025-12-08 00:26:44
25,45,10,459.3,2025-12-08 00:25:45,14044.0,,25,45,10,775.742798,2025-12-08 00:26:45
25,46,10,461.0,2025-12-08 00:25:46,13043.0,,25,46,10,774.030396,2025-12-08 00:26:46
25,47,10,483.7,2025-12-08 00:25:47,12039.0,,25,47,10,772.366211,2025-12-08 00:26:47
25,48,10,531.1,2025-12-08 00:25:48,11035.0,,25,48,10,770.752441,2025-12-08 00:26:48
25,49,10,571.7,2025-12-08 00:25:49,10033.0,,25,49,10,769.190735,2025-12-08 00:26:49
25,50,10,580.7,2025-12-08 00:25:50,9032.0,,25,50,10,767.682922,2025-12-08 00:26:50
25,51,10,579.6,2025-12-08 00:25:51,8031.0,,25,51,10,766.230652,2025-12-08 00:26:51
25,52,10,580.8,2025-12-08 00:25:52,7029.0,,25,52,10,764.835022,2025-12-08 00:26:52
25,53,10,579.8,2025-12-08 00:25:53,6025.0,,25,53,10,763.496887,2025-12-08 00:26:53
25,54,10,582.2,2025-12-08 00:25:54,5021.0,,25,54,10,762.216675,2025-12-08 00:26:54
25,55,10,583.3,2025-12-08 00:25:55,4020.0,,25,55,10,760.99469,2025-12-08 00:26:55
25,56,10,581.1,2025-12-08 00:25:56,3019.0,,25,56,10,759.831055,2025-12-08 00:26:56
25,57,10,581.8,2025-12-08 00:25:57,2016.0,,25,57,10,758.725403,2025-12-08 00:26:57
25,58,10,587.6,2025-12-08 00:25:58,1015.0,,25,58,10,757.677368,2025-12-08 00:26:58
25,59,10,585.7,2025-12-08 00:25:59,13.0,,25,59,10,756.686401,2025-12-08 00:26:59
26,0,10,585.7,2025-12-08 00:26:00,59107.0,,26,0,10,613.174561,2025-12-08 00:27:00
26,1,10,586.1,2025-12-08 00:26:01,58101.0,,26,1,10,622.222656,2025-12-08 00:27:01
26,2,10,586.8,2025-12-08 00:26:02,57099.0,,26,2,10,632.104797,2025-12-08 00:27:02
26,3,10,586.3,2025-12-08 00:26:03,56099.0,,26,3,10,642.457031,2025-12-08 00:27:03
26,4,10,587.9,2025-12-08 00:26:04,55098.0,,26,4,10,652.97644,2025-12-08 00:27:04
26,5,10,586.6,2025-12-08 00:26:05,54097.0,,26,5,10,663.446472,2025-12-08 00:27:05
26,6,10,585.2,2025-12-08 00:26:06,53096.0,,26,6,10,673.709778,2025-12-08 00:27:06
26,7,10,586.8,2025-12-08 00:26:07,52095.0,,26,7,10,683.650269,2025-12-08 00:27:07
26,8,10,587.5,2025-12-08 00:26:08,51094.0,,26,8,10,693.182312,2025-12-08 00:27:08
26,9,10,585.7,2025-12-08 00:26:09,50093.0,,26,9,10,702.24292,2025-12-08 00:27:09
26,10,10,587.7,2025-12-08 00:26:10,49086.0,,26,10,10,710.78717,2025-12-08 00:27:10
26,11,10,585.4,2025-12-08 00:26:11,48085.0,,26,11,10,718.784607,2025-12-08 00:27:11
26,12,10,586.1,2025-12-08 00:26:12,47084.0,,26,12,10,726.217041,2025-12-08 00:27:12
26,13,10,588.6,2025-12-08 00:26:13,46083.0,,26,13,10,733.076477,2025-12-08 00:27:13
26,14,10,589.3,2025-12-08 00:26:14,45082.0,,26,14,10,739.363892,2025-12-08 00:27:14
26,15,10,586.7,2025-12-08 00:26:15,44081.0,,26,15,10,745.08728,2025-12-08 00:27:15
26,16,10,592.7,2025-12-08 00:26:16,43080.0,,26,16,10,750.260925,2025-12-08 00:27:16
26,17,10,586.2,2025-12-08 00:26:17,42079.0,,26,17,10,754.903931,2025-12-08 00:27:17
26,18,10,584.3,2025-12-08 00:26:18,41078.0,,26,18,10,759.039124,2025-12-08 00:27:18
26,19,10,590.4,2025-12-08 00:26:19,40076.0,,26,19,10,762.692078,2025-12-08 00:27:19
26,20,10,597.3,2025-12-08 00:26:20,39073.0,,26,20,10,765.89032,2025-12-08 00:27:20
26,21,10,596.8,2025-12-08 00:26:21,38072.0,,26,21,10,768.662354,2025-12-08 00:27:21
26,22,10,587.5,2025-12-08 00:26:22,37071.0,,26,22,10,771.037354,2025-12-08 00:27:22
26,23,10,599.5,2025-12-08 00:26:23,36069.0,,26,23,10,773.04425,2025-12-08 00:27:23
26,24,10,583.9,2025-12-08 00:26:24,35068.0,,26,24,10,774.711609,2025-12-08 00:27:24
26,25,10,587.3,2025-12-08 00:26:25,34067.0,,26,25,10,776.0672,2025-12-08 00:27:25
26,26,10,593.3,2025-12-08 00:26:26,33060.0,,26,26,10,777.137573,2025-12-08 00:27:26
26,27,10,590.4,2025-12-08 00:26:27,32055.0,,26,27,10,777.94812,2025-12-08 00:27:27
26,28,10,590.7,2025-12-08 00:26:28,31053.0,,26,28,10,778.523132,2025-12-08 00:27:28
26,29,10,591.5,2025-12-08 00:26:29,30052.0,,26,29,10,778.885254,2025-12-08 00:27:29
26,30,10,587.3,2025-12-08 00:26:30,29051.0,,26,30,10,779.055725,2025-12-08 00:27:30
26,31,10,587.9,2025-12-08 00:26:31,28047.0,,26,31,10,779.054688,2025-12-08 00:27:31
26,32,10,586.1,2025-12-08 00:26:32,27046.0,,26,32,10,778.900513,2025-12-08 00:27:32
26,33,10,588.0,2025-12-08 00:26:33,26041.0,,26,33,10,778.610535,2025-12-08 00:27:33
26,34,10,588.1,2025-12-08 00:26:34,25040.0,,26,34,10,778.200684,2025-12-08 00:27:34
26,35,10,588.9,2025-12-08 00:26:35,24039.0,,26,35,10,777.685669,2025-12-08 00:27:35
26,36,10,587.0,2025-12-08 00:26:36,23036.0,,26,36,10,777.079224,2025-12-08 00:27:36
26,37,10,587.7,2025-12-08 00:26:37,22036.0,,26,37,10,776.393738,2025-12-08 00:27:37
26,38,10,590.5,2025-12-08 00:26:38,21034.0,,26,38,10,775.640869,2025-12-08 00:27:38
26,39,10,586.7,2025-12-08 00:26:39,20032.0,,26,39,10,774.831238,2025-12-08 00:27:39
26,40,10,586.4,2025-12-08 00:26:40,19031.0,,26,40,10,773.974426,2025-12-08 00:27:40
26,41,10,586.6,2025-12-08 00:26:41,18030.0,,26,41,10,773.079468,2025-12-08 00:27:41
26,42,10,586.8,2025-12-08 00:26:42,17029.0,,26,42,10,772.154419,2025-12-08 00:27:42
26,43,10,590.7,2025-12-08 00:26:43,16028.0,,26,43,10,771.206604,2025-12-08 00:27:43
26,44,10,592.0,2025-12-08 00:26:44,15027.0,,26,44,10,770.242859,2025-12-08 00:27:44
26,45,10,589.5,2025-12-08 00:26:45,14026.0,,26,45,10,769.269165,2025-12-08 00:27:45
26,46,10,587.8,2025-12-08 00:26:46,13025.0,,26,46,10,768.29126,2025-12-08 00:27:46
26,47,10,589.7,2025-12-08 00:26:47,12024.0,,26,47,10,767.313965,2025-12-08 00:27:47
26,48,10,587.2,2025-12-08 00:26:48,11023.0,,26,48,10,766.341919,2025-12-08 00:27:48
26,49,10,596.3,2025-12-08 00:26:49,10022.0,,26,49,10,765.37915,2025-12-08 00:27:49
26,50,10,588.7,2025-12-08 00:26:50,9021.0,,26,50,10,764.429077,2025-12-08 00:27:50
26,51,10,587.9,2025-12-08 00:26:51,8020.0,,26,51,10,763.495117,2025-12-08 00:27:51
26,52,10,588.2,2025-12-08 00:26:52,7019.0,,26,52,10,762.579956,2025-12-08 00:27:52
26,53,10,587.6,2025-12-08 00:26:53,6018.0,,26,53,10,761.686157,2025-12-08 00:27:53
26,54,10,589.4,2025-12-08 00:26:54,5016.0,,26,54,10,760.815735,2025-12-08 00:27:54
26,55,10,597.9,2025-12-08 00:26:55,4016.0,,26,55,10,759.970642,2025-12-08 00:27:55
26,56,10,590.1,2025-12-08 00:26:56,3014.0,,26,56,10,759.152283,2025-12-08 00:27:56
26,57,10,589.6,2025-12-08 00:26:57,2013.0,,26,57,10,758.362183,2025-12-08 00:27:57
26,58,10,588.8,2025-12-08 00:26:58,1012.0,,26,58,10,757.601257,2025-12-08 00:27:58
26,59,10,587.0,2025-12-08 00:26:59,11.0,,26,59,10,756.8703,2025-12-08 00:27:59
27,0,10,599.5,2025-12-08 00:27:00,59102.0,,27,0,10,611.588928,2025-12-08 00:28:00
27,1,10,594.9,2025-12-08 00:27:01,58101.0,,27,1,10,620.797852,2025-12-08 00:28:01
27,2,10,591.8,2025-12-08 00:27:02,57100.0,,27,2,10,630.786377,2025-12-08 00:28:02
27,3,10,592.7,2025-12-08 00:27:03,56100.0,,27,3,10,641.209717,2025-12-08 00:28:03
27,4,10,602.1,2025-12-08 00:27:04,55099.0,,27,4,10,651.784119,2025-12-08 00:28:04
27,5,10,590.4,2025-12-08 00:27:05,54098.0,,27,5,10,662.30481,2025-12-08 00:28:05
27,6,10,588.8,2025-12-08 00:27:06,53097.0,,27,6,10,672.621277,2025-12-08 00:28:06
27,7,10,593.8,2025-12-08 00:27:07,52096.0,,27,7,10,682.620972,2025-12-08 00:28:07
27,8,10,588.0,2025-12-08 00:27:08,51094.0,,27,8,10,692.21936,2025-12-08 00:28:08
27,9,10,585.6,2025-12-08 00:27:09,50093.0,,27,9,10,701.353149,2025-12-08 00:28:09
27,10,10,588.5,2025-12-08 00:27:10,49092.0,,27,10,10,709.976318,2025-12-08 00:28:10
27,11,10,586.4,2025-12-08 00:27:11,48091.0,,27,11,10,718.056702,2025-12-08 00:28:11
27,12,10,586.0,2025-12-08 00:27:12,47090.0,,27,12,10,725.574341,2025-12-08 00:28:12
27,13,10,586.6,2025-12-08 00:27:13,46088.0,,27,13,10,732.519592,2025-12-08 00:28:13
27,14,10,590.4,2025-12-08 00:27:14,45086.0,,27,14,10,738.891724,2025-12-08 00:28:14
27,15,10,586.9,2025-12-08 00:27:15,44083.0,,27,15,10,744.697327,2025-12-08 00:28:15
27,16,10,585.6,2025-12-08 00:27:16,43082.0,,27,16,10,749.949707,2025-12-08 00:28:16
27,17,10,591.0,2025-12-08 00:27:17,42080.0,,27,17,10,754.666992,2025-12-08 00:28:17
27,18,10,589.5,2025-12-08 00:27:18,41079.0,,27,18,10,758.87146,2025-12-08 00:28:18
27,19,10,595.3,2025-12-08 00:27:19,40078.0,,27,19,10,762.588196,2025-12-08 00:28:19
27,20,10,593.5,2025-12-08 00:27:20,39077.0,,27,20,10,765.844604,2025-12-08 00:28:20
27,21,10,588.5,2025-12-08 00:27:21,38075.0,,27,21,10,768.669312,2025-12-08 00:28:21
27,22,10,587.2,2025-12-08 00:27:22,37075.0,,27,22,10,771.09137,2025-12-08 00:28:22
27,23,10,589.6,2025-12-08 00:27:23,36072.0,,27,23,10,773.140076,2025-12-08 00:28:23
27,24,10,589.5,2025-12-08 00:27:24,35071.0,,27,24,10,774.844116,2025-12-08 00:28:24
27,25,10,588.2,2025-12-08 00:27:25,34070.0,,27,25,10,776.231506,2025-12-08 00:28:25
27,26,10,589.5,2025-12-08 00:27:26,33069.0,,27,26,10,777.329346,2025-12-08 00:28:26
27,27,10,591.2,2025-12-08 00:27:27,32068.0,,27,27,10,778.16333,2025-12-08 00:28:27
27,28,10,593.0,2025-12-08 00:27:28,31067.0,,27,28,10,778.757812,2025-12-08 00:28:28
27,29,10,595.4,2025-12-08 00:27:29,30065.0,,27,29,10,779.135986,2025-12-08 00:28:29
27,30,10,594.3,2025-12-08 00:27:30,29064.0,,27,30,10,779.319458,2025-12-08 00:28:30
27,31,10,595.8,2025-12-08 00:27:31,28062.0,,27,31,10,779.32843,2025-12-08 00:28:31
27,32,10,595.6,2025-12-08 00:27:32,27061.0,,27,32,10,779.181763,2025-12-08 00:28:32
27,33,10,595.6,2025-12-08 00:27:33,26059.0,,27,33,10,778.896912,2025-12-08 00:28:33
27,34,10,593.6,2025-12-08 00:27:34,25057.0,,27,34,10,778.490112,2025-12-08 00:28:34
27,35,10,593.7,2025-12-08 00:27:35,24055.0,,27,35,10,777.97644,2025-12-08 00:28:35
27,36,10,591.3,2025-12-08 00:27:36,23054.0,,27,36,10,777.36969,2025-12-08 00:28:36
27,37,10,592.7,2025-12-08 00:27:37,22051.0,,27,37,10,776.682495,2025-12-08 00:28:37
27,38,10,594.4,2025-12-08 00:27:38,21048.0,,27,38,10,775.926636,2025-12-08 00:28:38
27,39,10,591.9,2025-12-08 00:27:39,20047.0,,27,39,10,775.112854,2025-12-08 00:28:39
27,40,10,593.0,2025-12-08 00:27:40,19046.0,,27,40,10,774.251038,2025-12-08 00:28:40
27,41,10,593.0,2025-12-08 00:27:41,18043.0,,27,41,10,773.350159,2025-12-08 00:28:41
27,42,10,598.4,2025-12-08 00:27:42,17042.0,,27,42,10,772.418457,2025-12-08 00:28:42
27,43,10,590.1,2025-12-08 00:27:43,16041.0,,27,43,10,771.46344,2025-12-08 00:28:43
27,44,10,589.9,2025-12-08 00:27:44,15040.0,,27,44,10,770.492004,2025-12-08 00:28:44
27,45,10,585.0,2025-12-08 00:27:45,14036.0,,27,45,10,769.510315,2025-12-08 00:28:45
27,46,10,585.3,2025-12-08 00:27:46,13034.0,,27,46,10,768.524048,2025-12-08 00:28:46
27,47,10,589.0,2025-12-08 00:27:47,12033.0,,27,47,10,767.538269,2025-12-08 00:28:47
27,48,10,589.4,2025-12-08 00:27:48,11032.0,,27,48,10,766.557434,2025-12-08 00:28:48
27,49,10,590.3,2025-12-08 00:27:49,10031.0,,27,49,10,765.585693,2025-12-08 00:28:49
27,50,10,593.7,2025-12-08 00:27:50,9029.0,,27,50,10,764.626648,2025-12-08 00:28:50
27,51,10,586.7,2025-12-08 00:27:51,8028.0,,27,51,10,763.683594,2025-12-08 00:28:51
27,52,10,588.6,2025-12-08 00:27:52,7027.0,,27,52,10,762.75946,2025-12-08 00:28:52
27,53,10,586.6,2025-12-08 00:27:53,6025.0,,27,53,10,761.856628,2025-12-08 00:28:53
27,54,10,586.7,2025-12-08 00:27:54,5024.0,,27,54,10,760.977356,2025-12-08 00:28:54
27,55,10,589.7,2025-12-08 00:27:55,4023.0,,27,55,10,760.123474,2025-12-08 00:28:55
27,56,10,586.9,2025-12-08 00:27:56,3022.0,,27,56,10,759.296509,2025-12-08 00:28:56
27,57,10,585.7,2025-12-08 00:27:57,2021.0,,27,57,10,758.497925,2025-12-08 00:28:57
27,58,10,587.6,2025-12-08 00:27:58,1020.0,,27,58,10,757.728699,2025-12-08 00:28:58
27,59,10,588.3,2025-12-08 00:27:59,19.0,,27,59,10,756.989624,2025-12-08 00:28:59
28,0,10,603.2,2025-12-08 00:28:00,60654.0,,28,0,10,612.454651,2025-12-08 00:29:00
28,1,10,587.9,2025-12-08 00:28:01,59652.0,,28,1,10,621.855103,2025-12-08 00:29:01
28,2,10,588.0,2025-12-08 00:28:02,58651.0,,28,2,10,632.038208,2025-12-08 00:29:02
28,3,10,588.2,2025-12-08 00:28:03,57650.0,,28,3,10,642.650635,2025-12-08 00:29:03
28,4,10,588.5,2025-12-08 00:28:04,56649.0,,28,4,10,653.400085,2025-12-08 00:29:04
28,5,10,602.6,2025-12-08 00:28:05,55649.0,,28,5,10,664.075806,2025-12-08 00:29:05
28,6,10,589.9,2025-12-08 00:28:06,54566.0,,28,6,10,674.523376,2025-12-08 00:29:06
28,7,10,589.5,2025-12-08 00:28:07,53518.0,,28,7,10,684.628296,2025-12-08 00:29:07
28,8,10,590.7,2025-12-08 00:28:08,52518.0,,28,8,10,694.305298,2025-12-08 00:29:08
28,9,10,586.9,2025-12-08 00:28:09,51515.0,,28,9,10,703.491516,2025-12-08 00:29:09
28,10,10,590.5,2025-12-08 00:28:10,50513.0,,28,10,10,712.14209,2025-12-08 00:29:10
28,11,10,591.5,2025-12-08 00:28:11,49510.0,,28,11,10,720.226868,2025-12-08 00:29:11
28,12,10,588.9,2025-12-08 00:28:12,48447.0,,28,12,10,727.728027,2025-12-08 00:29:12
28,13,10,588.4,2025-12-08 00:28:13,47440.0,,28,13,10,734.638611,2025-12-08 00:29:13
28,14,10,588.9,2025-12-08 00:28:14,46067.0,,28,14,10,740.960571,2025-12-08 00:29:14
28,15,10,586.4,2025-12-08 00:28:15,44692.0,,28,15,10,746.703308,2025-12-08 00:29:15
28,16,10,589.1,2025-12-08 00:28:16,43661.0,,28,16,10,751.882446,2025-12-08 00:29:16
28,17,10,586.9,2025-12-08 00:28:17,42344.0,,28,17,10,756.518738,2025-12-08 00:29:17
28,18,10,586.9,2025-12-08 00:28:18,41339.0,,28,18,10,760.636475,2025-12-08 00:29:18
28,19,10,593.8,2025-12-08 00:28:19,40295.0,,28,19,10,764.262878,2025-12-08 00:29:19
28,20,10,592.0,2025-12-08 00:28:20,39279.0,,28,20,10,767.426758,2025-12-08 00:29:20
28,21,10,586.9,2025-12-08 00:28:21,38265.0,,28,21,10,770.158203,2025-12-08 00:29:21
28,22,10,587.5,2025-12-08 00:28:22,37254.0,,28,22,10,772.487427,2025-12-08 00:29:22
28,23,10,590.6,2025-12-08 00:28:23,36251.0,,28,23,10,774.444702,2025-12-08 00:29:23
28,24,10,587.5,2025-12-08 00:28:24,35250.0,,28,24,10,776.059326,2025-12-08 00:29:24
28,25,10,587.0,2025-12-08 00:28:25,34228.0,,28,25,10,777.360107,2025-12-08 00:29:25
28,26,10,585.3,2025-12-08 00:28:26,33224.0,,28,26,10,778.374329,2025-12-08 00:29:26
28,27,10,586.8,2025-12-08 00:28:27,32219.0,,28,27,10,779.128052,2025-12-08 00:29:27
28,28,10,588.9,2025-12-08 00:28:28,31215.0,,28,28,10,779.645935,2025-12-08 00:29:28
28,29,10,599.0,2025-12-08 00:28:29,30205.0,,28,29,10,779.951111,2025-12-08 00:29:29
28,30,10,584.8,2025-12-08 00:28:30,29199.0,,28,30,10,780.065247,2025-12-08 00:29:30
28,31,10,586.8,2025-12-08 00:28:31,28197.0,,28,31,10,780.008667,2025-12-08 00:29:31
28,32,10,586.7,2025-12-08 00:28:32,27194.0,,28,32,10,779.800171,2025-12-08 00:29:32
28,33,10,582.3,2025-12-08 00:28:33,26183.0,,28,33,10,779.457153,2025-12-08 00:29:33
28,34,10,586.5,2025-12-08 00:28:34,25174.0,,28,34,10,778.995789,2025-12-08 00:29:34
28,35,10,587.2,2025-12-08 00:28:35,24139.0,,28,35,10,778.430786,2025-12-08 00:29:35
28,36,10,585.1,2025-12-08 00:28:36,23136.0,,28,36,10,777.776001,2025-12-08 00:29:36
28,37,10,586.5,2025-12-08 00:28:37,22134.0,,28,37,10,777.043945,2025-12-08 00:29:37
28,38,10,587.6,2025-12-08 00:28:38,21132.0,,28,38,10,776.246338,2025-12-08 00:29:38
28,39,10,585.9,2025-12-08 00:28:39,20107.0,,28,39,10,775.393494,2025-12-08 00:29:39
28,40,10,590.7,2025-12-08 00:28:40,19094.0,,28,40,10,774.495483,2025-12-08 00:29:40
28,41,10,586.0,2025-12-08 00:28:41,18089.0,,28,41,10,773.560913,2025-12-08 00:29:41
28,42,10,586.5,2025-12-08 00:28:42,17087.0,,28,42,10,772.598022,2025-12-08 00:29:42
28,43,10,589.6,2025-12-08 00:28:43,16086.0,,28,43,10,771.614319,2025-12-08 00:29:43
28,44,10,588.0,2025-12-08 00:28:44,15085.0,,28,44,10,770.616272,2025-12-08 00:29:44
28,45,10,587.6,2025-12-08 00:28:45,14081.0,,28,45,10,769.610107,2025-12-08 00:29:45
28,46,10,586.1,2025-12-08 00:28:46,13079.0,,28,46,10,768.601257,2025-12-08 00:29:46
28,47,10,591.0,2025-12-08 00:28:47,12077.0,,28,47,10,767.594788,2025-12-08 00:29:47
28,48,10,584.0,2025-12-08 00:28:48,11076.0,,28,48,10,766.595093,2025-12-08 00:29:48
28,49,10,587.2,2025-12-08 00:28:49,10075.0,,28,49,10,765.606262,2025-12-08 00:29:49
28,50,10,584.8,2025-12-08 00:28:50,9067.0,,28,50,10,764.631714,2025-12-08 00:29:50
28,51,10,583.9,2025-12-08 00:28:51,8066.0,,28,51,10,763.674683,2025-12-08 00:29:51
28,52,10,588.5,2025-12-08 00:28:52,7066.0,,28,52,10,762.737976,2025-12-08 00:29:52
28,53,10,586.1,2025-12-08 00:28:53,6065.0,,28,53,10,761.823853,2025-12-08 00:29:53
28,54,10,589.8,2025-12-08 00:28:54,5064.0,,28,54,10,760.93457,2025-12-08 00:29:54
28,55,10,587.7,2025-12-08 00:28:55,4025.0,,28,55,10,760.071777,2025-12-08 00:29:55
28,56,10,587.7,2025-12-08 00:28:56,3024.0,,28,56,10,759.237122,2025-12-08 00:29:56
28,57,10,587.2,2025-12-08 00:28:57,2017.0,,28,57,10,758.431702,2025-12-08 00:29:57
28,58,10,587.2,2025-12-08 00:28:58,1014.0,,28,58,10,757.656738,2025-12-08 00:29:58
28,59,10,588.2,2025-12-08 00:28:59,13.0,,28,59,10,756.912781,2025-12-08 00:29:59
29,0,10,593.2,2025-12-08 00:29:00,59122.0,,29,0,10,727.563843,2025-12-08 00:30:00
29,1,10,589.1,2025-12-08 00:29:01,58121.0,,29,1,10,738.497314,2025-12-08 00:30:01
29,2,10,587.2,2025-12-08 00:29:02,57120.0,,29,2,10,750.859619,2025-12-08 00:30:02
29,3,10,587.6,2025-12-08 00:29:03,56117.0,,29,3,10,764.625427,2025-12-08 00:30:03
29,4,10,589.7,2025-12-08 00:29:04,55115.0,,29,4,10,779.801819,2025-12-08 00:30:04
29,5,10,586.5,2025-12-08 00:29:05,54114.0,,29,5,10,796.430481,2025-12-08 00:30:05
29,6,10,589.9,2025-12-08 00:29:06,53111.0,,29,6,10,814.590332,2025-12-08 00:30:06
29,7,10,588.8,2025-12-08 00:29:07,52110.0,,29,7,10,834.400879,2025-12-08 00:30:07
29,8,10,585.4,2025-12-08 00:29:08,51109.0,,29,8,10,856.029358,2025-12-08 00:30:08
29,9,10,586.3,2025-12-08 00:29:09,50106.0,,29,9,10,879.69928,2025-12-08 00:30:09
29,10,10,592.5,2025-12-08 00:29:10,49104.0,,29,10,10,905.703857,2025-12-08 00:30:10
29,11,10,585.9,2025-12-08 00:29:11,48103.0,,29,11,10,934.424683,2025-12-08 00:30:11
29,12,10,584.8,2025-12-08 00:29:12,47101.0,,29,12,10,966.358398,2025-12-08 00:30:12
29,13,10,586.6,2025-12-08 00:29:13,46100.0,,29,13,10,1002.154053,2025-12-08 00:30:13
29,14,10,587.3,2025-12-08 00:29:14,45099.0,,29,14,10,1042.669678,2025-12-08 00:30:14
29,15,10,584.6,2025-12-08 00:29:15,44097.0,,29,15,10,1089.05249,2025-12-08 00:30:15
29,16,10,585.5,2025-12-08 00:29:16,43095.0,,29,16,10,1142.861572,2025-12-08 00:30:16
29,17,10,585.7,2025-12-08 00:29:17,42094.0,,29,17,10,1206.250122,2025-12-08 00:30:17
29,18,10,584.7,2025-12-08 00:29:18,41091.0,,29,18,10,1282.245483,2025-12-08 00:30:18
29,19,10,591.8,2025-12-08 00:29:19,40089.0,,29,19,10,1375.169556,2025-12-08 00:30:19
29,20,10,592.7,2025-12-08 00:29:20,39085.0,,29,20,10,1491.252563,2025-12-08 00:30:20
29,21,10,588.5,2025-12-08 00:29:21,38083.0,,29,21,10,1639.431152,2025-12-08 00:30:21
29,22,10,589.7,2025-12-08 00:29:22,37081.0,,29,22,10,1832.05249,2025-12-08 00:30:22
29,23,10,592.6,2025-12-08 00:29:23,36079.0,,29,23,10,2084.364258,2025-12-08 00:30:23
29,24,10,588.1,2025-12-08 00:29:24,35078.0,,29,24,10,2410.085205,2025-12-08 00:30:24
29,25,10,585.8,2025-12-08 00:29:25,34077.0,,29,25,10,2810.237549,2025-12-08 00:30:25
29,26,10,584.9,2025-12-08 00:29:26,33073.0,,29,26,10,3260.076904,2025-12-08 00:30:26
29,27,10,585.9,2025-12-08 00:29:27,32071.0,,29,27,10,3709.814697,2025-12-08 00:30:27
29,28,10,586.2,2025-12-08 00:29:28,31070.0,,29,28,10,4105.297852,2025-12-08 00:30:28
29,29,10,584.5,2025-12-08 00:29:29,30065.0,,29,29,10,4412.838379,2025-12-08 00:30:29
29,30,10,584.1,2025-12-08 00:29:30,29061.0,,29,30,10,4628.745605,2025-12-08 00:30:30
29,31,10,584.9,2025-12-08 00:29:31,28060.0,,29,31,10,4770.002441,2025-12-08 00:30:31
29,32,10,583.5,2025-12-08 00:29:32,27058.0,,29,32,10,4859.096191,2025-12-08 00:30:32
29,33,10,584.8,2025-12-08 00:29:33,26057.0,,29,33,10,4914.811523,2025-12-08 00:30:33
29,34,10,587.2,2025-12-08 00:29:34,25055.0,,29,34,10,4950.025391,2025-12-08 00:30:34
29,35,10,583.9,2025-12-08 00:29:35,24052.0,,29,35,10,4972.761719,2025-12-08 00:30:35
29,36,10,587.5,2025-12-08 00:29:36,23050.0,,29,36,10,4987.831055,2025-12-08 00:30:36
29,37,10,586.5,2025-12-08 00:29:37,22048.0,,29,37,10,4998.092285,2025-12-08 00:30:37
29,38,10,586.8,2025-12-08 00:29:38,21046.0,,29,38,10,5005.260742,2025-12-08 00:30:38
29,39,10,702.6,2025-12-08 00:29:39,20044.0,,29,39,10,5010.389648,2025-12-08 00:30:39
29,40,10,688.3,2025-12-08 00:29:40,19042.0,,29,40,10,5014.138184,2025-12-08 00:30:40
29,41,10,684.3,2025-12-08 00:29:41,18040.0,,29,41,10,5016.928223,2025-12-08 00:30:41
29,42,10,684.9,2025-12-08 00:29:42,17038.0,,29,42,10,5019.040527,2025-12-08 00:30:42
29,43,10,686.5,2025-12-08 00:29:43,16037.0,,29,43,10,5020.661133,2025-12-08 00:30:43
29,44,10,683.7,2025-12-08 00:29:44,15036.0,,29,44,10,5021.919922,2025-12-08 00:30:44
29,45,10,680.5,2025-12-08 00:29:45,14034.0,,29,45,10,5022.90918,2025-12-08 00:30:45
29,46,10,682.6,2025-12-08 00:29:46,13033.0,,29,46,10,5023.692383,2025-12-08 00:30:46
29,47,10,682.2,2025-12-08 00:29:47,12031.0,,29,47,10,5024.318848,2025-12-08 00:30:47
29,48,10,680.6,2025-12-08 00:29:48,11030.0,,29,48,10,5024.821289,2025-12-08 00:30:48
29,49,10,674.6,2025-12-08 00:29:49,10029.0,,29,49,10,5025.228027,2025-12-08 00:30:49
29,50,10,673.7,2025-12-08 00:29:50,9028.0,,29,50,10,5025.559082,2025-12-08 00:30:50
29,51,10,676.5,2025-12-08 00:29:51,8023.0,,29,51,10,5025.830566,2025-12-08 00:30:51
29,52,10,676.0,2025-12-08 00:29:52,7021.0,,29,52,10,5026.053223,2025-12-08 00:30:52
29,53,10,674.1,2025-12-08 00:29:53,6020.0,,29,53,10,5026.23584,2025-12-08 00:30:53
29,54,10,675.1,2025-12-08 00:29:54,5018.0,,29,54,10,5026.387695,2025-12-08 00:30:54
29,55,10,676.8,2025-12-08 00:29:55,4017.0,,29,55,10,5026.512695,2025-12-08 00:30:55
29,56,10,673.6,2025-12-08 00:29:56,3014.0,,29,56,10,5026.616699,2025-12-08 00:30:56
29,57,10,674.6,2025-12-08 00:29:57,2013.0,,29,57,10,5026.704102,2025-12-08 00:30:57
29,58,10,725.2,2025-12-08 00:29:58,1011.0,,29,58,10,5026.776855,2025-12-08 00:30:58
29,59,10,692.8,2025-12-08 00:29:59,10.0,,29,59,10,5026.837402,2025-12-08 00:30:59
30,0,10,686.2,2025-12-08 00:30:00,121705.0,,30,0,10,1080.692627,2025-12-08 00:31:00
30,1,10,685.6,2025-12-08 00:30:01,120703.0,,30,1,10,1061.135254,2025-12-08 00:31:01
30,2,10,685.0,2025-12-08 00:30:02,119700.0,,30,2,10,1039.498901,2025-12-08 00:31:02
30,3,10,685.9,2025-12-08 00:30:03,118699.0,,30,3,10,1015.516724,2025-12-08 00:31:03
30,4,10,691.9,2025-12-08 00:30:04,117698.0,,30,4,10,989.420898,2025-12-08 00:31:04
30,5,10,690.0,2025-12-08 00:30:05,116698.0,,30,5,10,961.610291,2025-12-08 00:31:05
30,6,10,689.9,2025-12-08 00:30:06,115696.0,,30,6,10,932.630615,2025-12-08 00:31:06
30,7,10,690.3,2025-12-08 00:30:07,114694.0,,30,7,10,903.144775,2025-12-08 00:31:07
30,8,10,688.2,2025-12-08 00:30:08,113693.0,,30,8,10,873.890259,2025-12-08 00:31:08
30,9,10,690.3,2025-12-08 00:30:09,112691.0,,30,9,10,845.620056,2025-12-08 00:31:09
30,10,10,691.4,2025-12-08 00:30:10,111689.0,,30,10,10,819.035156,2025-12-08 00:31:10
30,11,10,690.0,2025-12-08 00:30:11,110688.0,,30,11,10,794.730652,2025-12-08 00:31:11
30,12,10,689.0,2025-12-08 00:30:12,109686.0,,30,12,10,773.155884,2025-12-08 00:31:12
30,13,10,690.0,2025-12-08 00:30:13,108684.0,,30,13,10,754.599121,2025-12-08 00:31:13
30,14,10,690.1,2025-12-08 00:30:14,107681.0,,30,14,10,739.195007,2025-12-08 00:31:14
30,15,10,692.3,2025-12-08 00:30:15,106679.0,,30,15,10,726.94873,2025-12-08 00:31:15
30,16,10,690.9,2025-12-08 00:30:16,105678.0,,30,16,10,717.766418,2025-12-08 00:31:16
30,17,10,696.2,2025-12-08 00:30:17,104673.0,,30,17,10,711.489258,2025-12-08 00:31:17
30,18,10,689.5,2025-12-08 00:30:18,103672.0,,30,18,10,707.917786,2025-12-08 00:31:18
30,19,10,694.1,2025-12-08 00:30:19,102668.0,,30,19,10,706.842651,2025-12-08 00:31:19
30,20,10,697.2,2025-12-08 00:30:20,101667.0,,30,20,10,708.050049,2025-12-08 00:31:20
30,21,10,696.1,2025-12-08 00:30:21,100666.0,,30,21,10,711.343323,2025-12-08 00:31:21
30,22,10,697.7,2025-12-08 00:30:22,99665.0,,30,22,10,716.547424,2025-12-08 00:31:22
30,23,10,689.4,2025-12-08 00:30:23,98663.0,,30,23,10,723.510559,2025-12-08 00:31:23
30,24,10,688.0,2025-12-08 00:30:24,97659.0,,30,24,10,732.111816,2025-12-08 00:31:24
30,25,10,699.6,2025-12-08 00:30:25,96656.0,,30,25,10,742.25531,2025-12-08 00:31:25
30,26,10,688.6,2025-12-08 00:30:26,95654.0,,30,26,10,753.872986,2025-12-08 00:31:26
30,27,10,686.5,2025-12-08 00:30:27,94650.0,,30,27,10,766.9375,2025-12-08 00:31:27
30,28,10,691.7,2025-12-08 00:30:28,93649.0,,30,28,10,781.443481,2025-12-08 00:31:28
30,29,10,690.9,2025-12-08 00:30:29,92646.0,,30,29,10,797.4198,2025-12-08 00:31:29
30,30,10,970.5,2025-12-08 00:30:30,91644.0,,30,30,10,814.934937,2025-12-08 00:31:30
30,31,10,1023.4,2025-12-08 00:30:31,90641.0,,30,31,10,834.013428,2025-12-08 00:31:31
30,32,10,893.0,2025-12-08 00:30:32,89638.0,,30,32,10,854.885071,2025-12-08 00:31:32
30,33,10,902.5,2025-12-08 00:30:33,88635.0,,30,33,10,877.81134,2025-12-08 00:31:33
30,34,10,977.8,2025-12-08 00:30:34,87633.0,,30,34,10,903.018738,2025-12-08 00:31:34
30,35,10,904.7,2025-12-08 00:30:35,86631.0,,30,35,10,930.843323,2025-12-08 00:31:35
30,36,10,950.1,2025-12-08 00:30:36,85630.0,,30,36,10,961.798584,2025-12-08 00:31:36
30,37,10,977.3,2025-12-08 00:30:37,84626.0,,30,37,10,996.454285,2025-12-08 00:31:37
30,38,10,1004.5,2025-12-08 00:30:38,83626.0,,30,38,10,1035.619873,2025-12-08 00:31:38
30,39,10,1029.0,2025-12-08 00:30:39,82625.0,,30,39,10,1080.366577,2025-12-08 00:31:39
30,40,10,1053.1,2025-12-08 00:30:40,81623.0,,30,40,10,1132.145508,2025-12-08 00:31:40
30,41,10,1074.7,2025-12-08 00:30:41,80621.0,,30,41,10,1192.953369,2025-12-08 00:31:41
30,42,10,1091.0,2025-12-08 00:30:42,79619.0,,30,42,10,1265.587036,2025-12-08 00:31:42
30,43,10,1107.9,2025-12-08 00:30:43,78615.0,,30,43,10,1354.027832,2025-12-08 00:31:43
30,44,10,1122.8,2025-12-08 00:30:44,77613.0,,30,44,10,1464.006714,2025-12-08 00:31:44
30,45,10,1127.4,2025-12-08 00:30:45,76612.0,,30,45,10,1603.771973,2025-12-08 00:31:45
30,46,10,1133.7,2025-12-08 00:30:46,75610.0,,30,46,10,1784.874268,2025-12-08 00:31:46
30,47,10,1136.4,2025-12-08 00:30:47,74605.0,,30,47,10,2022.099976,2025-12-08 00:31:47
30,48,10,1136.9,2025-12-08 00:30:48,73599.0,,30,48,10,2330.253418,2025-12-08 00:31:48
30,49,10,1137.9,2025-12-08 00:30:49,72597.0,,30,49,10,2714.527832,2025-12-08 00:31:49
30,50,10,1140.2,2025-12-08 00:30:50,71596.0,,30,50,10,3156.709229,2025-12-08 00:31:50
30,51,10,1137.0,2025-12-08 00:30:51,70595.0,,30,51,10,3611.431641,2025-12-08 00:31:51
30,52,10,1149.3,2025-12-08 00:30:52,69592.0,,30,52,10,4023.106934,2025-12-08 00:31:52
30,53,10,1148.2,2025-12-08 00:30:53,68588.0,,30,53,10,4351.811035,2025-12-08 00:31:53
30,54,10,1136.8,2025-12-08 00:30:54,67587.0,,30,54,10,4587.364258,2025-12-08 00:31:54
30,55,10,1138.5,2025-12-08 00:30:55,66585.0,,30,55,10,4743.469238,2025-12-08 00:31:55
30,56,10,1140.2,2025-12-08 00:30:56,65583.0,,30,56,10,4842.475586,2025-12-08 00:31:56
30,57,10,1138.4,2025-12-08 00:30:57,64582.0,,30,57,10,4904.390625,2025-12-08 00:31:57
30,58,10,1141.3,2025-12-08 00:30:58,63579.0,,30,58,10,4943.384277,2025-12-08 00:31:58
30,59,10,1139.6,2025-12-08 00:30:59,62578.0,,30,59,10,4968.428223,2025-12-08 00:31:59
31,0,10,1145.1,2025-12-08 00:31:00,100484.0,,31,0,10,1161.627686,2025-12-08 00:32:00
31,1,10,1174.4,2025-12-08 00:31:01,99481.0,,31,1,10,1159.143799,2025-12-08 00:32:01
31,2,10,1142.0,2025-12-08 00:31:02,98478.0,,31,2,10,1156.325562,2025-12-08 00:32:02
31,3,10,1140.7,2025-12-08 00:31:03,97474.0,,31,3,10,1152.971802,2025-12-08 00:32:03
31,4,10,1142.2,2025-12-08 00:31:04,96467.0,,31,4,10,1149.065674,2025-12-08 00:32:04
31,5,10,1142.8,2025-12-08 00:31:05,95466.0,,31,5,10,1144.554932,2025-12-08 00:32:05
31,6,10,1147.3,2025-12-08 00:31:06,94464.0,,31,6,10,1139.380249,2025-12-08 00:32:06
31,7,10,1147.6,2025-12-08 00:31:07,93458.0,,31,7,10,1133.494629,2025-12-08 00:32:07
31,8,10,1153.0,2025-12-08 00:31:08,92457.0,,31,8,10,1126.83606,2025-12-08 00:32:08
31,9,10,1152.7,2025-12-08 00:31:09,91455.0,,31,9,10,1119.36792,2025-12-08 00:32:09
31,10,10,1153.9,2025-12-08 00:31:10,90454.0,,31,10,10,1111.037354,2025-12-08 00:32:10
31,11,10,1154.3,2025-12-08 00:31:11,89453.0,,31,11,10,1101.815063,2025-12-08 00:32:11
31,12,10,1156.0,2025-12-08 00:31:12,88452.0,,31,12,10,1091.682495,2025-12-08 00:32:12
31,13,10,1159.2,2025-12-08 00:31:13,87308.0,,31,13,10,1080.646606,2025-12-08 00:32:13
31,14,10,1167.4,2025-12-08 00:31:14,86306.0,,31,14,10,1068.741211,2025-12-08 00:32:14
31,15,10,1160.9,2025-12-08 00:31:15,85286.0,,31,15,10,1056.041382,2025-12-08 00:32:15
31,16,10,1161.4,2025-12-08 00:31:16,84263.0,,31,16,10,1042.605347,2025-12-08 00:32:16
31,17,10,1170.6,2025-12-08 00:31:17,83211.0,,31,17,10,1028.567871,2025-12-08 00:32:17
31,18,10,1162.8,2025-12-08 00:31:18,82118.0,,31,18,10,1014.11145,2025-12-08 00:32:18
31,19,10,1169.2,2025-12-08 00:31:19,81112.0,,31,19,10,999.393677,2025-12-08 00:32:19
31,20,10,1171.1,2025-12-08 00:31:20,80086.0,,31,20,10,984.660156,2025-12-08 00:32:20
31,21,10,1173.4,2025-12-08 00:31:21,78927.0,,31,21,10,970.146179,2025-12-08 00:32:21
31,22,10,1164.8,2025-12-08 00:31:22,77923.0,,31,22,10,956.104004,2025-12-08 00:32:22
31,23,10,1164.0,2025-12-08 00:31:23,76922.0,,31,23,10,942.763306,2025-12-08 00:32:23
31,24,10,1167.8,2025-12-08 00:31:24,75576.0,,31,24,10,930.376099,2025-12-08 00:32:24
31,25,10,1165.0,2025-12-08 00:31:25,74413.0,,31,25,10,919.175598,2025-12-08 00:32:25
31,26,10,1163.5,2025-12-08 00:31:26,73317.0,,31,26,10,909.352844,2025-12-08 00:32:26
31,27,10,1163.3,2025-12-08 00:31:27,72269.0,,31,27,10,901.078979,2025-12-08 00:32:27
31,28,10,1164.1,2025-12-08 00:31:28,71204.0,,31,28,10,894.494751,2025-12-08 00:32:28
31,29,10,1163.0,2025-12-08 00:31:29,70184.0,,31,29,10,889.711609,2025-12-08 00:32:29
31,30,10,1157.7,2025-12-08 00:31:30,69182.0,,31,30,10,886.811707,2025-12-08 00:32:30
31,31,10,1164.5,2025-12-08 00:31:31,68172.0,,31,31,10,885.854248,2025-12-08 00:32:31
31,32,10,1160.0,2025-12-08 00:31:32,67171.0,,31,32,10,886.895813,2025-12-08 00:32:32
31,33,10,1162.6,2025-12-08 00:31:33,66164.0,,31,33,10,889.9729,2025-12-08 00:32:33
31,34,10,1163.4,2025-12-08 00:31:34,65158.0,,31,34,10,895.130371,2025-12-08 00:32:34
31,35,10,1163.7,2025-12-08 00:31:35,64151.0,,31,35,10,902.41864,2025-12-08 00:32:35
31,36,10,1163.2,2025-12-08 00:31:36,63150.0,,31,36,10,911.905273,2025-12-08 00:32:36
31,37,10,1161.3,2025-12-08 00:31:37,62146.0,,31,37,10,923.684021,2025-12-08 00:32:37
31,38,10,1164.3,2025-12-08 00:31:38,61137.0,,31,38,10,937.884583,2025-12-08 00:32:38
31,39,10,1164.5,2025-12-08 00:31:39,60135.0,,31,39,10,954.685974,2025-12-08 00:32:39
31,40,10,1168.0,2025-12-08 00:31:40,59130.0,,31,40,10,974.331604,2025-12-08 00:32:40
31,41,10,1165.2,2025-12-08 00:31:41,58120.0,,31,41,10,997.148621,2025-12-08 00:32:41
31,42,10,1164.6,2025-12-08 00:31:42,57115.0,,31,42,10,1023.577698,2025-12-08 00:32:42
31,43,10,1167.0,2025-12-08 00:31:43,56103.0,,31,43,10,1054.206909,2025-12-08 00:32:43
31,44,10,1166.5,2025-12-08 00:31:44,55102.0,,31,44,10,1089.829834,2025-12-08 00:32:44
31,45,10,1165.2,2025-12-08 00:31:45,54100.0,,31,45,10,1131.526978,2025-12-08 00:32:45
31,46,10,1169.7,2025-12-08 00:31:46,53099.0,,31,46,10,1180.782593,2025-12-08 00:32:46
31,47,10,1169.1,2025-12-08 00:31:47,52097.0,,31,47,10,1239.664307,2025-12-08 00:32:47
31,48,10,1167.4,2025-12-08 00:31:48,51093.0,,31,48,10,1311.106079,2025-12-08 00:32:48
31,49,10,1170.8,2025-12-08 00:31:49,50088.0,,31,49,10,1399.320801,2025-12-08 00:32:49
31,50,10,1171.3,2025-12-08 00:31:50,49066.0,,31,50,10,1510.413452,2025-12-08 00:32:50
31,51,10,1170.6,2025-12-08 00:31:51,48063.0,,31,51,10,1653.205688,2025-12-08 00:32:51
31,52,10,1170.3,2025-12-08 00:31:52,47059.0,,31,52,10,1839.993652,2025-12-08 00:32:52
31,53,10,1167.3,2025-12-08 00:31:53,46052.0,,31,53,10,2086.177002,2025-12-08 00:32:53
31,54,10,1167.2,2025-12-08 00:31:54,45045.0,,31,54,10,2406.046875,2025-12-08 00:32:54
31,55,10,1168.3,2025-12-08 00:31:55,44040.0,,31,55,10,2801.665039,2025-12-08 00:32:55
31,56,10,1166.9,2025-12-08 00:31:56,43035.0,,31,56,10,3249.332275,2025-12-08 00:32:56
31,57,10,1168.1,2025-12-08 00:31:57,42032.0,,31,57,10,3699.517822,2025-12-08 00:32:57
31,58,10,1168.0,2025-12-08 00:31:58,41029.0,,31,58,10,4097.189941,2025-12-08 00:32:58
31,59,10,1165.1,2025-12-08 00:31:59,40024.0,,31,59,10,4407.305176,2025-12-08 00:32:59
32,0,10,1169.3,2025-12-08 00:32:00,70333.0,,32,0,10,1153.465576,2025-12-08 00:33:00
32,1,10,1172.0,2025-12-08 00:32:01,69331.0,,32,1,10,1151.908447,2025-12-08 00:33:01
32,2,10,1170.4,2025-12-08 00:32:02,68330.0,,32,2,10,1150.209961,2025-12-08 00:33:02
32,3,10,1167.9,2025-12-08 00:32:03,67328.0,,32,3,10,1148.386353,2025-12-08 00:33:03
32,4,10,1168.4,2025-12-08 00:32:04,66327.0,,32,4,10,1146.43042,2025-12-08 00:33:04
32,5,10,1165.6,2025-12-08 00:32:05,65324.0,,32,5,10,1144.341675,2025-12-08 00:33:05
32,6,10,1164.8,2025-12-08 00:32:06,64319.0,,32,6,10,1142.105225,2025-12-08 00:33:06
32,7,10,1168.3,2025-12-08 00:32:07,63311.0,,32,7,10,1139.716553,2025-12-08 00:33:07
32,8,10,1162.1,2025-12-08 00:32:08,62306.0,,32,8,10,1137.182251,2025-12-08 00:33:08
32,9,10,1162.2,2025-12-08 00:32:09,61304.0,,32,9,10,1134.479126,2025-12-08 00:33:09
32,10,10,1164.4,2025-12-08 00:32:10,60302.0,,32,10,10,1131.61792,2025-12-08 00:33:10
32,11,10,1164.3,2025-12-08 00:32:11,59300.0,,32,11,10,1128.611084,2025-12-08 00:33:11
32,12,10,1160.3,2025-12-08 00:32:12,58298.0,,32,12,10,1125.466675,2025-12-08 00:33:12
32,13,10,1184.7,2025-12-08 00:32:13,57291.0,,32,13,10,1122.188843,2025-12-08 00:33:13
32,14,10,1163.0,2025-12-08 00:32:14,56280.0,,32,14,10,1118.865845,2025-12-08 00:33:14
32,15,10,1164.2,2025-12-08 00:32:15,55277.0,,32,15,10,1115.43335,2025-12-08 00:33:15
32,16,10,1164.5,2025-12-08 00:32:16,54268.0,,32,16,10,1111.947266,2025-12-08 00:33:16
32,17,10,1171.3,2025-12-08 00:32:17,53262.0,,32,17,10,1108.4375,2025-12-08 00:33:17
32,18,10,1166.0,2025-12-08 00:32:18,52245.0,,32,18,10,1104.956177,2025-12-08 00:33:18
32,19,10,1169.7,2025-12-08 00:32:19,51238.0,,32,19,10,1101.522705,2025-12-08 00:33:19
32,20,10,1169.6,2025-12-08 00:32:20,50236.0,,32,20,10,1098.199829,2025-12-08 00:33:20
32,21,10,1168.7,2025-12-08 00:32:21,49231.0,,32,21,10,1095.037476,2025-12-08 00:33:21
32,22,10,1169.9,2025-12-08 00:32:22,48229.0,,32,22,10,1092.095703,2025-12-08 00:33:22
32,23,10,1166.9,2025-12-08 00:32:23,47125.0,,32,23,10,1089.447998,2025-12-08 00:33:23
32,24,10,1163.2,2025-12-08 00:32:24,46124.0,,32,24,10,1087.162842,2025-12-08 00:33:24
32,25,10,1168.2,2025-12-08 00:32:25,45122.0,,32,25,10,1085.319336,2025-12-08 00:33:25
32,26,10,1186.5,2025-12-08 00:32:26,44121.0,,32,26,10,1084.023926,2025-12-08 00:33:26
32,27,10,1167.4,2025-12-08 00:32:27,43119.0,,32,27,10,1083.409302,2025-12-08 00:33:27
32,28,10,1174.2,2025-12-08 00:32:28,42091.0,,32,28,10,1083.520508,2025-12-08 00:33:28
32,29,10,1176.7,2025-12-08 00:32:29,41088.0,,32,29,10,1084.504883,2025-12-08 00:33:29
32,30,10,1163.7,2025-12-08 00:32:30,40083.0,,32,30,10,1086.484985,2025-12-08 00:33:30
32,31,10,1165.1,2025-12-08 00:32:31,39082.0,,32,31,10,1089.569702,2025-12-08 00:33:31
32,32,10,1153.7,2025-12-08 00:32:32,38081.0,,32,32,10,1093.925171,2025-12-08 00:33:32
32,33,10,1154.5,2025-12-08 00:32:33,37077.0,,32,33,10,1099.701294,2025-12-08 00:33:33
32,34,10,1157.1,2025-12-08 00:32:34,36071.0,,32,34,10,1107.104858,2025-12-08 00:33:34
32,35,10,1150.0,2025-12-08 00:32:35,35067.0,,32,35,10,1116.369385,2025-12-08 00:33:35
32,36,10,1150.0,2025-12-08 00:32:36,34062.0,,32,36,10,1127.755371,2025-12-08 00:33:36
32,37,10,1153.3,2025-12-08 00:32:37,33061.0,,32,37,10,1141.600342,2025-12-08 00:33:37
32,38,10,1159.0,2025-12-08 00:32:38,32059.0,,32,38,10,1158.322388,2025-12-08 00:33:38
32,39,10,1159.6,2025-12-08 00:32:39,31058.0,,32,39,10,1178.451172,2025-12-08 00:33:39
32,40,10,1153.6,2025-12-08 00:32:40,30057.0,,32,40,10,1202.6604,2025-12-08 00:33:40
32,41,10,1162.6,2025-12-08 00:32:41,29052.0,,32,41,10,1231.83374,2025-12-08 00:33:41
32,42,10,1152.5,2025-12-08 00:32:42,28049.0,,32,42,10,1267.183838,2025-12-08 00:33:42
32,43,10,1158.9,2025-12-08 00:32:43,27044.0,,32,43,10,1310.343384,2025-12-08 00:33:43
32,44,10,1151.6,2025-12-08 00:32:44,26043.0,,32,44,10,1363.631592,2025-12-08 00:33:44
32,45,10,1152.1,2025-12-08 00:32:45,25042.0,,32,45,10,1430.341064,2025-12-08 00:33:45
32,46,10,1156.8,2025-12-08 00:32:46,24041.0,,32,46,10,1515.268188,2025-12-08 00:33:46
32,47,10,1171.4,2025-12-08 00:32:47,23040.0,,32,47,10,1625.436768,2025-12-08 00:33:47
32,48,10,1151.6,2025-12-08 00:32:48,22033.0,,32,48,10,1771.026489,2025-12-08 00:33:48
32,49,10,1160.3,2025-12-08 00:32:49,21029.0,,32,49,10,1966.025513,2025-12-08 00:33:49
32,50,10,1152.0,2025-12-08 00:32:50,20028.0,,32,50,10,2227.004883,2025-12-08 00:33:50
32,51,10,1153.5,2025-12-08 00:32:51,19027.0,,32,51,10,2566.495605,2025-12-08 00:33:51
32,52,10,1153.2,2025-12-08 00:32:52,18023.0,,32,52,10,2979.162598,2025-12-08 00:33:52
32,53,10,1155.7,2025-12-08 00:32:53,17020.0,,32,53,10,3430.669678,2025-12-08 00:33:53
32,54,10,1153.2,2025-12-08 00:32:54,16017.0,,32,54,10,3865.45752,2025-12-08 00:33:54
32,55,10,1167.1,2025-12-08 00:32:55,15016.0,,32,55,10,4231.924316,2025-12-08 00:33:55
32,56,10,1154.9,2025-12-08 00:32:56,14015.0,,32,56,10,4505.375,2025-12-08 00:33:56
32,57,10,1153.1,2025-12-08 00:32:57,13014.0,,32,57,10,4691.057129,2025-12-08 00:33:57
32,58,10,1154.1,2025-12-08 00:32:58,12008.0,,32,58,10,4809.975098,2025-12-08 00:33:58
32,59,10,1151.8,2025-12-08 00:32:59,11006.0,,32,59,10,4884.276367,2025-12-08 00:33:59
