2026-05-16 09:52:42.214 INFO  [132373211918464] Client:86 | Subscribing on Topic :device8_model_consume
2026-05-16 09:52:42.214 INFO  [132373211918464] ClientConnection:196 | [<none> -> pulsar://localhost:6650] Create ClientConnection, timeout=10000
2026-05-16 09:52:42.214 INFO  [132373211918464] ConnectionPool:125 | Created connection for pulsar://localhost:6650-pulsar://localhost:6650-0
2026-05-16 09:52:42.215 INFO  [132372685125312] ClientConnection:416 | [127.0.0.1:40334 -> 127.0.0.1:6650] Connected to broker
2026-05-16 09:52:42.219 INFO  [132372685125312] HandlerBase:112 | [persistent://public/default/device8_model_consume, pythonSubscription, 0] Getting connection from pool
2026-05-16 09:52:42.220 INFO  [132372685125312] BinaryProtoLookupService:85 | Lookup response for persistent://public/default/device8_model_consume, lookup-broker-url pulsar://localhost:6650, from [127.0.0.1:40334 -> 127.0.0.1:6650] 
2026-05-16 09:52:42.234 INFO  [132372685125312] ConsumerImpl:337 | [persistent://public/default/device8_model_consume, pythonSubscription, 0] Created consumer on broker [127.0.0.1:40334 -> 127.0.0.1:6650] 
2026-05-16 09:52:42.234 INFO  [132372685125312] HandlerBase:134 | Finished connecting to broker after 15 ms
Coordinator service started

Database connection established
Dropped table device8_actualvalues
Table device8_actualvalues created successfully

No new messages received yet.Trying again...
No new messages received yet.Trying again...
No new messages received yet.Trying again...
No new messages received yet.Trying again...
No new messages received yet.Trying again...
No new messages received yet.Trying again...
No new messages received yet.Trying again...
No new messages received yet.Trying again...
No new messages received yet.Trying again...
No new messages received yet.Trying again...
No new messages received yet.Trying again...
No new messages received yet.Trying again...
No new messages received yet.Trying again...
No new messages received yet.Trying again...
No new messages received yet.Trying again...
No new messages received yet.Trying again...
No new messages received yet.Trying again...
No new messages received yet.Trying again...
No new messages received yet.Trying again...
No new messages received yet.Trying again...
No new messages received yet.Trying again...
No new messages received yet.Trying again...
No new messages received yet.Trying again...
No new messages received yet.Trying again...
No new messages received yet.Trying again...
No new messages received yet.Trying again...
No new messages received yet.Trying again...
No new messages received yet.Trying again...
No new messages received yet.Trying again...
No new messages received yet.Trying again...
No new messages received yet.Trying again...
No new messages received yet.Trying again...
No new messages received yet.Trying again...
No new messages received yet.Trying again...
No new messages received yet.Trying again...
No new messages received yet.Trying again...
No new messages received yet.Trying again...
No new messages received yet.Trying again...
No new messages received yet.Trying again...
No new messages received yet.Trying again...
No new messages received yet.Trying again...
No new messages received yet.Trying again...
No new messages received yet.Trying again...
No new messages received yet.Trying again...
No new messages received yet.Trying again...
No new messages received yet.Trying again...
No new messages received yet.Trying again...
No new messages received yet.Trying again...
No new messages received yet.Trying again...
No new messages received yet.Trying again...
No new messages received yet.Trying again...
No new messages received yet.Trying again...
No new messages received yet.Trying again...
No new messages received yet.Trying again...
No new messages received yet.Trying again...
No new messages received yet.Trying again...
No new messages received yet.Trying again...
No new messages received yet.Trying again...

Actual data inserted to database
No retrain triggered
Triggering forecasting

Forecasting.py script logs
Database connection established
Dropped table device8_forecastedvalues
Table device8_forecastedvalues created successfully

Value of --retrain flag: False

Forecasting for initial model using device8/initial/device8.keras and device8/initial/scaler.save
Successfully downloaded model and scaler from S3

Actual values fetched from database
    sensor_id  sensor_energy_value    sensor_timestamp  message_delay
0           8                629.6 2025-12-08 00:00:00        59150.0
1           8                640.8 2025-12-08 00:00:01        58147.0
2           8                625.3 2025-12-08 00:00:02        57145.0
3           8                625.3 2025-12-08 00:00:03        56143.0
4           8                623.7 2025-12-08 00:00:04        55141.0
5           8                625.2 2025-12-08 00:00:05        54138.0
6           8                624.9 2025-12-08 00:00:06        53136.0
7           8                624.4 2025-12-08 00:00:07        52134.0
8           8                623.6 2025-12-08 00:00:08        51132.0
9           8                630.2 2025-12-08 00:00:09        50130.0
10          8                632.3 2025-12-08 00:00:10        49128.0
11          8                624.8 2025-12-08 00:00:11        48126.0
12          8                624.7 2025-12-08 00:00:12        47124.0
13          8                623.1 2025-12-08 00:00:13        46122.0
14          8                625.3 2025-12-08 00:00:14        45120.0
15          8                623.7 2025-12-08 00:00:15        44118.0
16          8                624.5 2025-12-08 00:00:16        43116.0
17          8                624.6 2025-12-08 00:00:17        42110.0
18          8                626.1 2025-12-08 00:00:18        41105.0
19          8                638.9 2025-12-08 00:00:19        40104.0
20          8                627.9 2025-12-08 00:00:20        39100.0
21          8                631.4 2025-12-08 00:00:21        38098.0
22          8                625.0 2025-12-08 00:00:22        37096.0
23          8                625.6 2025-12-08 00:00:23        36093.0
24          8                625.7 2025-12-08 00:00:24        35091.0
25          8                620.8 2025-12-08 00:00:25        34089.0
26          8                623.2 2025-12-08 00:00:26        33087.0
27          8                643.7 2025-12-08 00:00:27        32084.0
28          8                625.1 2025-12-08 00:00:28        31082.0
29          8                624.1 2025-12-08 00:00:29        30080.0
30          8                621.4 2025-12-08 00:00:30        29078.0
31          8                620.4 2025-12-08 00:00:31        28077.0
32          8                625.3 2025-12-08 00:00:32        27075.0
33          8                757.1 2025-12-08 00:00:33        26074.0
34          8                727.3 2025-12-08 00:00:34        25072.0
35          8                733.6 2025-12-08 00:00:35        24070.0
36          8                726.7 2025-12-08 00:00:36        23068.0
37          8                634.4 2025-12-08 00:00:37        22066.0
38          8                722.7 2025-12-08 00:00:38        21064.0
39          8                780.3 2025-12-08 00:00:39        20061.0
40          8                738.5 2025-12-08 00:00:40        19059.0
41          8                740.8 2025-12-08 00:00:41        18056.0
42          8                739.5 2025-12-08 00:00:42        17054.0
43          8                729.3 2025-12-08 00:00:43        16049.0
44          8                727.1 2025-12-08 00:00:44        15047.0
45          8                724.5 2025-12-08 00:00:45        14044.0
46          8                729.0 2025-12-08 00:00:46        13042.0
47          8                725.6 2025-12-08 00:00:47        12040.0
48          8                729.2 2025-12-08 00:00:48        11039.0
49          8                725.9 2025-12-08 00:00:49        10036.0
50          8                727.5 2025-12-08 00:00:50         9033.0
51          8                731.1 2025-12-08 00:00:51         8032.0
52          8                730.3 2025-12-08 00:00:52         7030.0
53          8                726.4 2025-12-08 00:00:53         6028.0
54          8                726.5 2025-12-08 00:00:54         5027.0
55          8                729.2 2025-12-08 00:00:55         4025.0
56          8                728.3 2025-12-08 00:00:56         3023.0
57          8                729.4 2025-12-08 00:00:57         2021.0
58          8                728.7 2025-12-08 00:00:58         1019.0
59          8                728.8 2025-12-08 00:00:59           17.0
Forecasted values:
    sensor_id  sensor_energy_value_prediction    sensor_timestamp
0           8                      909.098328 2025-12-08 00:01:00
1           8                      931.345337 2025-12-08 00:01:01
2           8                      949.618103 2025-12-08 00:01:02
3           8                      965.882568 2025-12-08 00:01:03
4           8                      980.474854 2025-12-08 00:01:04
5           8                      993.674988 2025-12-08 00:01:05
6           8                     1005.713562 2025-12-08 00:01:06
7           8                     1016.775146 2025-12-08 00:01:07
8           8                     1027.005493 2025-12-08 00:01:08
9           8                     1036.517334 2025-12-08 00:01:09
10          8                     1045.399170 2025-12-08 00:01:10
11          8                     1053.719727 2025-12-08 00:01:11
12          8                     1061.533691 2025-12-08 00:01:12
13          8                     1068.885254 2025-12-08 00:01:13
14          8                     1075.811401 2025-12-08 00:01:14
15          8                     1082.343628 2025-12-08 00:01:15
16          8                     1088.509521 2025-12-08 00:01:16
17          8                     1094.333740 2025-12-08 00:01:17
18          8                     1099.838989 2025-12-08 00:01:18
19          8                     1105.046143 2025-12-08 00:01:19
20          8                     1109.974243 2025-12-08 00:01:20
21          8                     1114.641724 2025-12-08 00:01:21
22          8                     1119.065552 2025-12-08 00:01:22
23          8                     1123.261353 2025-12-08 00:01:23
24          8                     1127.244141 2025-12-08 00:01:24
25          8                     1131.027832 2025-12-08 00:01:25
26          8                     1134.625244 2025-12-08 00:01:26
27          8                     1138.048584 2025-12-08 00:01:27
28          8                     1141.309204 2025-12-08 00:01:28
29          8                     1144.417236 2025-12-08 00:01:29
30          8                     1147.382690 2025-12-08 00:01:30
31          8                     1150.214478 2025-12-08 00:01:31
32          8                     1152.920898 2025-12-08 00:01:32
33          8                     1155.509766 2025-12-08 00:01:33
34          8                     1157.988037 2025-12-08 00:01:34
35          8                     1160.362549 2025-12-08 00:01:35
36          8                     1162.639526 2025-12-08 00:01:36
37          8                     1164.824463 2025-12-08 00:01:37
38          8                     1166.922974 2025-12-08 00:01:38
39          8                     1168.939575 2025-12-08 00:01:39
40          8                     1170.879028 2025-12-08 00:01:40
41          8                     1172.745605 2025-12-08 00:01:41
42          8                     1174.543213 2025-12-08 00:01:42
43          8                     1176.275635 2025-12-08 00:01:43
44          8                     1177.946045 2025-12-08 00:01:44
45          8                     1179.558105 2025-12-08 00:01:45
46          8                     1181.114380 2025-12-08 00:01:46
47          8                     1182.617676 2025-12-08 00:01:47
48          8                     1184.070801 2025-12-08 00:01:48
49          8                     1185.476196 2025-12-08 00:01:49
50          8                     1186.835938 2025-12-08 00:01:50
51          8                     1188.152466 2025-12-08 00:01:51
52          8                     1189.427490 2025-12-08 00:01:52
53          8                     1190.663208 2025-12-08 00:01:53
54          8                     1191.861206 2025-12-08 00:01:54
55          8                     1193.023071 2025-12-08 00:01:55
56          8                     1194.150635 2025-12-08 00:01:56
57          8                     1195.245361 2025-12-08 00:01:57
58          8                     1196.308228 2025-12-08 00:01:58
59          8                     1197.341064 2025-12-08 00:01:59
Forecasted values inserted into database
Exiting forecasting script

No new messages received yet.Trying again...
No new messages received yet.Trying again...
No new messages received yet.Trying again...
No new messages received yet.Trying again...
No new messages received yet.Trying again...
No new messages received yet.Trying again...
No new messages received yet.Trying again...
No new messages received yet.Trying again...
No new messages received yet.Trying again...
No new messages received yet.Trying again...
No new messages received yet.Trying again...
No new messages received yet.Trying again...
No new messages received yet.Trying again...
No new messages received yet.Trying again...
No new messages received yet.Trying again...
No new messages received yet.Trying again...
No new messages received yet.Trying again...
No new messages received yet.Trying again...
No new messages received yet.Trying again...
No new messages received yet.Trying again...
No new messages received yet.Trying again...
No new messages received yet.Trying again...
No new messages received yet.Trying again...
No new messages received yet.Trying again...
No new messages received yet.Trying again...
No new messages received yet.Trying again...
No new messages received yet.Trying again...
No new messages received yet.Trying again...
No new messages received yet.Trying again...
No new messages received yet.Trying again...
No new messages received yet.Trying again...
No new messages received yet.Trying again...
No new messages received yet.Trying again...
No new messages received yet.Trying again...

Actual data inserted to database
No retrain triggered
Triggering forecasting

Forecasting.py script logs
Database connection established
Value of --retrain flag: False

Forecasting for initial model using device8/initial/device8.keras and device8/initial/scaler.save
Successfully downloaded model and scaler from S3

Actual values fetched from database
    sensor_id  sensor_energy_value    sensor_timestamp  message_delay
0           8          1140.914286 2025-12-08 00:01:00        59152.0
1           8          1140.914286 2025-12-08 00:01:01        58149.0
2           8          1140.914286 2025-12-08 00:01:02        57146.0
3           8          1140.914286 2025-12-08 00:01:03        56141.0
4           8           731.000000 2025-12-08 00:01:04        55138.0
5           8           956.400000 2025-12-08 00:01:05        54136.0
6           8          1111.000000 2025-12-08 00:01:06        53133.0
7           8           947.900000 2025-12-08 00:01:07        52131.0
8           8           928.600000 2025-12-08 00:01:08        51128.0
9           8          1006.100000 2025-12-08 00:01:09        50126.0
10          8           939.100000 2025-12-08 00:01:10        49123.0
11          8           988.500000 2025-12-08 00:01:11        48121.0
12          8          1015.700000 2025-12-08 00:01:12        47119.0
13          8          1040.500000 2025-12-08 00:01:13        46115.0
14          8          1068.400000 2025-12-08 00:01:14        45114.0
15          8          1092.700000 2025-12-08 00:01:15        44112.0
16          8          1109.200000 2025-12-08 00:01:16        43109.0
17          8          1130.000000 2025-12-08 00:01:17        42107.0
18          8          1147.700000 2025-12-08 00:01:18        41105.0
19          8          1161.600000 2025-12-08 00:01:19        40103.0
20          8          1171.700000 2025-12-08 00:01:20        39101.0
21          8          1174.700000 2025-12-08 00:01:21        38099.0
22          8          1170.000000 2025-12-08 00:01:22        37097.0
23          8          1177.000000 2025-12-08 00:01:23        36095.0
24          8          1181.800000 2025-12-08 00:01:24        35092.0
25          8          1177.700000 2025-12-08 00:01:25        34090.0
26          8          1175.200000 2025-12-08 00:01:26        33088.0
27          8          1181.200000 2025-12-08 00:01:27        32087.0
28          8          1180.800000 2025-12-08 00:01:28        31085.0
29          8          1183.000000 2025-12-08 00:01:29        30084.0
30          8          1178.400000 2025-12-08 00:01:30        29082.0
31          8          1175.400000 2025-12-08 00:01:31        28080.0
32          8          1175.500000 2025-12-08 00:01:32        27078.0
33          8          1176.100000 2025-12-08 00:01:33        26074.0
34          8          1178.100000 2025-12-08 00:01:34        25073.0
35          8          1179.200000 2025-12-08 00:01:35        24071.0
36          8          1180.900000 2025-12-08 00:01:36        23069.0
37          8          1173.000000 2025-12-08 00:01:37        22067.0
38          8          1173.800000 2025-12-08 00:01:38        21063.0
39          8          1178.700000 2025-12-08 00:01:39        20062.0
40          8          1179.900000 2025-12-08 00:01:40        19060.0
41          8          1179.900000 2025-12-08 00:01:41        18059.0
42          8          1185.700000 2025-12-08 00:01:42        17051.0
43          8          1189.200000 2025-12-08 00:01:43        16042.0
44          8          1187.600000 2025-12-08 00:01:44        15040.0
45          8          1196.000000 2025-12-08 00:01:45        14038.0
46          8          1197.900000 2025-12-08 00:01:46        13037.0
47          8          1196.500000 2025-12-08 00:01:47        12036.0
48          8          1199.900000 2025-12-08 00:01:48        11034.0
49          8          1197.900000 2025-12-08 00:01:49        10032.0
50          8          1199.700000 2025-12-08 00:01:50         9029.0
51          8          1204.200000 2025-12-08 00:01:51         8025.0
52          8          1204.100000 2025-12-08 00:01:52         7024.0
53          8          1201.600000 2025-12-08 00:01:53         6021.0
54          8          1204.600000 2025-12-08 00:01:54         5020.0
55          8          1203.100000 2025-12-08 00:01:55         4018.0
56          8          1203.500000 2025-12-08 00:01:56         3017.0
57          8          1209.100000 2025-12-08 00:01:57         2015.0
58          8          1207.100000 2025-12-08 00:01:58         1014.0
59          8          1227.100000 2025-12-08 00:01:59           12.0
Forecasted values:
    sensor_id  sensor_energy_value_prediction    sensor_timestamp
0           8                     1211.446777 2025-12-08 00:02:00
1           8                     1211.773438 2025-12-08 00:02:01
2           8                     1212.352661 2025-12-08 00:02:02
3           8                     1212.938354 2025-12-08 00:02:03
4           8                     1213.526245 2025-12-08 00:02:04
5           8                     1214.113281 2025-12-08 00:02:05
6           8                     1214.694580 2025-12-08 00:02:06
7           8                     1215.267090 2025-12-08 00:02:07
8           8                     1215.829956 2025-12-08 00:02:08
9           8                     1216.381348 2025-12-08 00:02:09
10          8                     1216.919922 2025-12-08 00:02:10
11          8                     1217.445923 2025-12-08 00:02:11
12          8                     1217.958862 2025-12-08 00:02:12
13          8                     1218.458984 2025-12-08 00:02:13
14          8                     1218.946777 2025-12-08 00:02:14
15          8                     1219.422241 2025-12-08 00:02:15
16          8                     1219.886230 2025-12-08 00:02:16
17          8                     1220.338989 2025-12-08 00:02:17
18          8                     1220.781250 2025-12-08 00:02:18
19          8                     1221.213257 2025-12-08 00:02:19
20          8                     1221.635498 2025-12-08 00:02:20
21          8                     1222.048218 2025-12-08 00:02:21
22          8                     1222.452271 2025-12-08 00:02:22
23          8                     1222.847656 2025-12-08 00:02:23
24          8                     1223.234741 2025-12-08 00:02:24
25          8                     1223.613892 2025-12-08 00:02:25
26          8                     1223.985229 2025-12-08 00:02:26
27          8                     1224.349121 2025-12-08 00:02:27
28          8                     1224.705811 2025-12-08 00:02:28
29          8                     1225.055420 2025-12-08 00:02:29
30          8                     1225.398193 2025-12-08 00:02:30
31          8                     1225.734375 2025-12-08 00:02:31
32          8                     1226.063965 2025-12-08 00:02:32
33          8                     1226.387207 2025-12-08 00:02:33
34          8                     1226.704346 2025-12-08 00:02:34
35          8                     1227.015503 2025-12-08 00:02:35
36          8                     1227.320679 2025-12-08 00:02:36
37          8                     1227.620117 2025-12-08 00:02:37
38          8                     1227.914062 2025-12-08 00:02:38
39          8                     1228.202515 2025-12-08 00:02:39
40          8                     1228.485596 2025-12-08 00:02:40
41          8                     1228.763184 2025-12-08 00:02:41
42          8                     1229.035767 2025-12-08 00:02:42
43          8                     1229.303467 2025-12-08 00:02:43
44          8                     1229.566040 2025-12-08 00:02:44
45          8                     1229.823853 2025-12-08 00:02:45
46          8                     1230.076904 2025-12-08 00:02:46
47          8                     1230.325317 2025-12-08 00:02:47
48          8                     1230.569336 2025-12-08 00:02:48
49          8                     1230.808838 2025-12-08 00:02:49
50          8                     1231.044067 2025-12-08 00:02:50
51          8                     1231.275146 2025-12-08 00:02:51
52          8                     1231.501953 2025-12-08 00:02:52
53          8                     1231.724854 2025-12-08 00:02:53
54          8                     1231.943726 2025-12-08 00:02:54
55          8                     1232.158691 2025-12-08 00:02:55
56          8                     1232.369995 2025-12-08 00:02:56
57          8                     1232.577515 2025-12-08 00:02:57
58          8                     1232.781250 2025-12-08 00:02:58
59          8                     1232.981567 2025-12-08 00:02:59
Forecasted values inserted into database
Exiting forecasting script

No new messages received yet.Trying again...
No new messages received yet.Trying again...
No new messages received yet.Trying again...
No new messages received yet.Trying again...
No new messages received yet.Trying again...
No new messages received yet.Trying again...
No new messages received yet.Trying again...
No new messages received yet.Trying again...
No new messages received yet.Trying again...
No new messages received yet.Trying again...
No new messages received yet.Trying again...
No new messages received yet.Trying again...
No new messages received yet.Trying again...
No new messages received yet.Trying again...
No new messages received yet.Trying again...
No new messages received yet.Trying again...
No new messages received yet.Trying again...
No new messages received yet.Trying again...
No new messages received yet.Trying again...
No new messages received yet.Trying again...
No new messages received yet.Trying again...
No new messages received yet.Trying again...
No new messages received yet.Trying again...
No new messages received yet.Trying again...
No new messages received yet.Trying again...
No new messages received yet.Trying again...
No new messages received yet.Trying again...
No new messages received yet.Trying again...
No new messages received yet.Trying again...
No new messages received yet.Trying again...
No new messages received yet.Trying again...
No new messages received yet.Trying again...
No new messages received yet.Trying again...
No new messages received yet.Trying again...
No new messages received yet.Trying again...

Actual data inserted to database
No retrain triggered
Triggering forecasting

Forecasting.py script logs
Database connection established
Value of --retrain flag: False

Forecasting for initial model using device8/initial/device8.keras and device8/initial/scaler.save
Successfully downloaded model and scaler from S3

Actual values fetched from database
    sensor_id  sensor_energy_value    sensor_timestamp  message_delay
0           8               1209.1 2025-12-08 00:02:00        59462.0
1           8               1202.2 2025-12-08 00:02:01        58457.0
2           8               1200.8 2025-12-08 00:02:02        57456.0
3           8               1201.8 2025-12-08 00:02:03        56451.0
4           8               1201.3 2025-12-08 00:02:04        55448.0
5           8               1200.7 2025-12-08 00:02:05        54447.0
6           8               1202.9 2025-12-08 00:02:06        53445.0
7           8               1206.5 2025-12-08 00:02:07        52442.0
8           8               1198.7 2025-12-08 00:02:08        51440.0
9           8               1197.4 2025-12-08 00:02:09        50438.0
10          8               1200.3 2025-12-08 00:02:10        49436.0
11          8               1196.6 2025-12-08 00:02:11        48434.0
12          8               1201.5 2025-12-08 00:02:12        47432.0
13          8               1197.8 2025-12-08 00:02:13        46431.0
14          8               1198.8 2025-12-08 00:02:14        45429.0
15          8               1218.2 2025-12-08 00:02:15        44427.0
16          8               1197.6 2025-12-08 00:02:16        43426.0
17          8               1201.8 2025-12-08 00:02:17        42424.0
18          8               1202.5 2025-12-08 00:02:18        41422.0
19          8               1207.3 2025-12-08 00:02:19        40421.0
20          8               1207.5 2025-12-08 00:02:20        39420.0
21          8               1210.7 2025-12-08 00:02:21        38418.0
22          8               1204.7 2025-12-08 00:02:22        37415.0
23          8               1204.9 2025-12-08 00:02:23        36414.0
24          8               1208.8 2025-12-08 00:02:24        35412.0
25          8               1201.3 2025-12-08 00:02:25        34410.0
26          8               1201.4 2025-12-08 00:02:26        33408.0
27          8               1206.4 2025-12-08 00:02:27        32407.0
28          8               1205.2 2025-12-08 00:02:28        31405.0
29          8               1206.9 2025-12-08 00:02:29        30403.0
30          8               1204.4 2025-12-08 00:02:30        29401.0
31          8               1198.6 2025-12-08 00:02:31        28400.0
32          8               1199.6 2025-12-08 00:02:32        27398.0
33          8               1204.0 2025-12-08 00:02:33        26396.0
34          8               1200.5 2025-12-08 00:02:34        25394.0
35          8               1201.8 2025-12-08 00:02:35        24393.0
36          8               1200.9 2025-12-08 00:02:36        23391.0
37          8               1199.2 2025-12-08 00:02:37        22389.0
38          8               1201.1 2025-12-08 00:02:38        21388.0
39          8               1203.3 2025-12-08 00:02:39        20385.0
40          8               1202.9 2025-12-08 00:02:40        19383.0
41          8               1207.5 2025-12-08 00:02:41        18379.0
42          8               1199.7 2025-12-08 00:02:42        17375.0
43          8               1196.1 2025-12-08 00:02:43        16373.0
44          8               1201.0 2025-12-08 00:02:44        15368.0
45          8               1199.3 2025-12-08 00:02:45        14357.0
46          8               1202.8 2025-12-08 00:02:46        13356.0
47          8               1204.3 2025-12-08 00:02:47        12352.0
48          8               1199.5 2025-12-08 00:02:48        11350.0
49          8               1198.6 2025-12-08 00:02:49        10349.0
50          8               1199.2 2025-12-08 00:02:50         9348.0
51          8               1202.9 2025-12-08 00:02:51         8320.0
52          8               1199.6 2025-12-08 00:02:52         7314.0
53          8               1199.1 2025-12-08 00:02:53         6301.0
54          8               1195.1 2025-12-08 00:02:54         5211.0
55          8               1199.0 2025-12-08 00:02:55         4208.0
56          8               1199.0 2025-12-08 00:02:56         3206.0
57          8               1203.6 2025-12-08 00:02:57         2197.0
58          8               1199.1 2025-12-08 00:02:58         1194.0
59          8               1207.4 2025-12-08 00:02:59           75.0
Forecasted values:
    sensor_id  sensor_energy_value_prediction    sensor_timestamp
0           8                     1206.602417 2025-12-08 00:03:00
1           8                     1207.329224 2025-12-08 00:03:01
2           8                     1208.049927 2025-12-08 00:03:02
3           8                     1208.745605 2025-12-08 00:03:03
4           8                     1209.421143 2025-12-08 00:03:04
5           8                     1210.079956 2025-12-08 00:03:05
6           8                     1210.724365 2025-12-08 00:03:06
7           8                     1211.356201 2025-12-08 00:03:07
8           8                     1211.976196 2025-12-08 00:03:08
9           8                     1212.584961 2025-12-08 00:03:09
10          8                     1213.182861 2025-12-08 00:03:10
11          8                     1213.769775 2025-12-08 00:03:11
12          8                     1214.345825 2025-12-08 00:03:12
13          8                     1214.910767 2025-12-08 00:03:13
14          8                     1215.464600 2025-12-08 00:03:14
15          8                     1216.007568 2025-12-08 00:03:15
16          8                     1216.539429 2025-12-08 00:03:16
17          8                     1217.060181 2025-12-08 00:03:17
18          8                     1217.570312 2025-12-08 00:03:18
19          8                     1218.069580 2025-12-08 00:03:19
20          8                     1218.558105 2025-12-08 00:03:20
21          8                     1219.036377 2025-12-08 00:03:21
22          8                     1219.504395 2025-12-08 00:03:22
23          8                     1219.962524 2025-12-08 00:03:23
24          8                     1220.411011 2025-12-08 00:03:24
25          8                     1220.849854 2025-12-08 00:03:25
26          8                     1221.279541 2025-12-08 00:03:26
27          8                     1221.700073 2025-12-08 00:03:27
28          8                     1222.111816 2025-12-08 00:03:28
29          8                     1222.515137 2025-12-08 00:03:29
30          8                     1222.909912 2025-12-08 00:03:30
31          8                     1223.296631 2025-12-08 00:03:31
32          8                     1223.675415 2025-12-08 00:03:32
33          8                     1224.046631 2025-12-08 00:03:33
34          8                     1224.410400 2025-12-08 00:03:34
35          8                     1224.766602 2025-12-08 00:03:35
36          8                     1225.115845 2025-12-08 00:03:36
37          8                     1225.458130 2025-12-08 00:03:37
38          8                     1225.793701 2025-12-08 00:03:38
39          8                     1226.122681 2025-12-08 00:03:39
40          8                     1226.445312 2025-12-08 00:03:40
41          8                     1226.761597 2025-12-08 00:03:41
42          8                     1227.071899 2025-12-08 00:03:42
43          8                     1227.376221 2025-12-08 00:03:43
44          8                     1227.674683 2025-12-08 00:03:44
45          8                     1227.967651 2025-12-08 00:03:45
46          8                     1228.255005 2025-12-08 00:03:46
47          8                     1228.536865 2025-12-08 00:03:47
48          8                     1228.813599 2025-12-08 00:03:48
49          8                     1229.085205 2025-12-08 00:03:49
50          8                     1229.351685 2025-12-08 00:03:50
51          8                     1229.613403 2025-12-08 00:03:51
52          8                     1229.870239 2025-12-08 00:03:52
53          8                     1230.122437 2025-12-08 00:03:53
54          8                     1230.369995 2025-12-08 00:03:54
55          8                     1230.613281 2025-12-08 00:03:55
56          8                     1230.851929 2025-12-08 00:03:56
57          8                     1231.086548 2025-12-08 00:03:57
58          8                     1231.316650 2025-12-08 00:03:58
59          8                     1231.542847 2025-12-08 00:03:59
Forecasted values inserted into database
Exiting forecasting script

No new messages received yet.Trying again...
No new messages received yet.Trying again...
No new messages received yet.Trying again...
No new messages received yet.Trying again...
No new messages received yet.Trying again...
No new messages received yet.Trying again...
No new messages received yet.Trying again...
No new messages received yet.Trying again...
No new messages received yet.Trying again...
No new messages received yet.Trying again...
No new messages received yet.Trying again...
No new messages received yet.Trying again...
No new messages received yet.Trying again...
No new messages received yet.Trying again...
No new messages received yet.Trying again...
No new messages received yet.Trying again...
No new messages received yet.Trying again...
No new messages received yet.Trying again...
No new messages received yet.Trying again...
No new messages received yet.Trying again...
No new messages received yet.Trying again...
No new messages received yet.Trying again...
No new messages received yet.Trying again...
No new messages received yet.Trying again...
No new messages received yet.Trying again...
No new messages received yet.Trying again...
No new messages received yet.Trying again...
No new messages received yet.Trying again...
No new messages received yet.Trying again...
No new messages received yet.Trying again...
No new messages received yet.Trying again...
No new messages received yet.Trying again...
No new messages received yet.Trying again...
No new messages received yet.Trying again...

Actual data inserted to database
No retrain triggered
Triggering forecasting

Forecasting.py script logs
Database connection established
Value of --retrain flag: False

Forecasting for initial model using device8/initial/device8.keras and device8/initial/scaler.save
Successfully downloaded model and scaler from S3

Actual values fetched from database
    sensor_id  sensor_energy_value    sensor_timestamp  message_delay
0           8               1201.2 2025-12-08 00:03:00        59165.0
1           8               1203.9 2025-12-08 00:03:01        58162.0
2           8               1201.9 2025-12-08 00:03:02        57141.0
3           8               1199.8 2025-12-08 00:03:03        56136.0
4           8               1215.8 2025-12-08 00:03:04        55127.0
5           8               1200.1 2025-12-08 00:03:05        54123.0
6           8               1221.2 2025-12-08 00:03:06        53121.0
7           8               1196.4 2025-12-08 00:03:07        52116.0
8           8               1194.3 2025-12-08 00:03:08        51113.0
9           8               1205.5 2025-12-08 00:03:09        50110.0
10          8               1202.3 2025-12-08 00:03:10        49102.0
11          8               1198.3 2025-12-08 00:03:11        48090.0
12          8               1201.6 2025-12-08 00:03:12        47088.0
13          8               1197.8 2025-12-08 00:03:13        46086.0
14          8               1199.1 2025-12-08 00:03:14        45083.0
15          8               1209.5 2025-12-08 00:03:15        44082.0
16          8               1195.1 2025-12-08 00:03:16        43080.0
17          8               1197.3 2025-12-08 00:03:17        42075.0
18          8               1201.7 2025-12-08 00:03:18        41073.0
19          8               1203.7 2025-12-08 00:03:19        40072.0
20          8               1201.5 2025-12-08 00:03:20        39071.0
21          8               1205.9 2025-12-08 00:03:21        38069.0
22          8               1204.3 2025-12-08 00:03:22        37068.0
23          8               1210.4 2025-12-08 00:03:23        36067.0
24          8               1213.8 2025-12-08 00:03:24        35066.0
25          8               1193.9 2025-12-08 00:03:25        34065.0
26          8               1200.2 2025-12-08 00:03:26        33063.0
27          8               1237.2 2025-12-08 00:03:27        32061.0
28          8               1330.8 2025-12-08 00:03:28        31060.0
29          8               1307.4 2025-12-08 00:03:29        30058.0
30          8               1307.1 2025-12-08 00:03:30        29057.0
31          8               1307.2 2025-12-08 00:03:31        28055.0
32          8               1307.5 2025-12-08 00:03:32        27054.0
33          8               1310.9 2025-12-08 00:03:33        26052.0
34          8               1315.2 2025-12-08 00:03:34        25051.0
35          8               1320.8 2025-12-08 00:03:35        24049.0
36          8               1296.7 2025-12-08 00:03:36        23048.0
37          8               1309.2 2025-12-08 00:03:37        22047.0
38          8               1308.3 2025-12-08 00:03:38        21046.0
39          8               1310.6 2025-12-08 00:03:39        20045.0
40          8               1311.1 2025-12-08 00:03:40        19043.0
41          8               1304.5 2025-12-08 00:03:41        18042.0
42          8               1312.2 2025-12-08 00:03:42        17040.0
43          8               1303.4 2025-12-08 00:03:43        16039.0
44          8               1309.1 2025-12-08 00:03:44        15037.0
45          8               1306.6 2025-12-08 00:03:45        14036.0
46          8               1306.0 2025-12-08 00:03:46        13034.0
47          8               1305.1 2025-12-08 00:03:47        12032.0
48          8               1306.3 2025-12-08 00:03:48        11031.0
49          8               1304.8 2025-12-08 00:03:49        10029.0
50          8               1304.6 2025-12-08 00:03:50         9028.0
51          8               1307.9 2025-12-08 00:03:51         8025.0
52          8               1312.4 2025-12-08 00:03:52         7023.0
53          8               1316.4 2025-12-08 00:03:53         6020.0
54          8               1313.3 2025-12-08 00:03:54         5019.0
55          8               1306.1 2025-12-08 00:03:55         4017.0
56          8               1335.4 2025-12-08 00:03:56         3016.0
57          8               1377.6 2025-12-08 00:03:57         2015.0
58          8               1368.7 2025-12-08 00:03:58         1013.0
59          8               1367.0 2025-12-08 00:03:59           11.0
Forecasted values:
    sensor_id  sensor_energy_value_prediction    sensor_timestamp
0           8                     1332.760986 2025-12-08 00:04:00
1           8                     1331.319092 2025-12-08 00:04:01
2           8                     1330.585571 2025-12-08 00:04:02
3           8                     1330.009766 2025-12-08 00:04:03
4           8                     1329.552368 2025-12-08 00:04:04
5           8                     1329.179077 2025-12-08 00:04:05
6           8                     1328.862915 2025-12-08 00:04:06
7           8                     1328.581543 2025-12-08 00:04:07
8           8                     1328.319702 2025-12-08 00:04:08
9           8                     1328.066040 2025-12-08 00:04:09
10          8                     1327.812744 2025-12-08 00:04:10
11          8                     1327.555786 2025-12-08 00:04:11
12          8                     1327.292969 2025-12-08 00:04:12
13          8                     1327.023315 2025-12-08 00:04:13
14          8                     1326.746948 2025-12-08 00:04:14
15          8                     1326.464600 2025-12-08 00:04:15
16          8                     1326.176514 2025-12-08 00:04:16
17          8                     1325.884277 2025-12-08 00:04:17
18          8                     1325.588379 2025-12-08 00:04:18
19          8                     1325.289673 2025-12-08 00:04:19
20          8                     1324.988525 2025-12-08 00:04:20
21          8                     1324.685791 2025-12-08 00:04:21
22          8                     1324.381470 2025-12-08 00:04:22
23          8                     1324.076172 2025-12-08 00:04:23
24          8                     1323.769653 2025-12-08 00:04:24
25          8                     1323.462158 2025-12-08 00:04:25
26          8                     1323.154175 2025-12-08 00:04:26
27          8                     1322.845093 2025-12-08 00:04:27
28          8                     1322.533691 2025-12-08 00:04:28
29          8                     1322.218506 2025-12-08 00:04:29
30          8                     1321.903198 2025-12-08 00:04:30
31          8                     1321.587280 2025-12-08 00:04:31
32          8                     1321.270264 2025-12-08 00:04:32
33          8                     1320.952637 2025-12-08 00:04:33
34          8                     1320.634033 2025-12-08 00:04:34
35          8                     1320.314209 2025-12-08 00:04:35
36          8                     1319.993408 2025-12-08 00:04:36
37          8                     1319.672241 2025-12-08 00:04:37
38          8                     1319.349976 2025-12-08 00:04:38
39          8                     1319.026367 2025-12-08 00:04:39
40          8                     1318.701660 2025-12-08 00:04:40
41          8                     1318.376099 2025-12-08 00:04:41
42          8                     1318.049316 2025-12-08 00:04:42
43          8                     1317.721191 2025-12-08 00:04:43
44          8                     1317.392090 2025-12-08 00:04:44
45          8                     1317.061646 2025-12-08 00:04:45
46          8                     1316.729980 2025-12-08 00:04:46
47          8                     1316.397217 2025-12-08 00:04:47
48          8                     1316.063110 2025-12-08 00:04:48
49          8                     1315.727417 2025-12-08 00:04:49
50          8                     1315.390747 2025-12-08 00:04:50
51          8                     1315.052612 2025-12-08 00:04:51
52          8                     1314.712891 2025-12-08 00:04:52
53          8                     1314.371582 2025-12-08 00:04:53
54          8                     1314.028809 2025-12-08 00:04:54
55          8                     1313.684692 2025-12-08 00:04:55
56          8                     1313.339478 2025-12-08 00:04:56
57          8                     1312.991699 2025-12-08 00:04:57
58          8                     1312.641724 2025-12-08 00:04:58
59          8                     1312.290771 2025-12-08 00:04:59
Forecasted values inserted into database
Exiting forecasting script

No new messages received yet.Trying again...
No new messages received yet.Trying again...
No new messages received yet.Trying again...
No new messages received yet.Trying again...
No new messages received yet.Trying again...
No new messages received yet.Trying again...
No new messages received yet.Trying again...
No new messages received yet.Trying again...
No new messages received yet.Trying again...
No new messages received yet.Trying again...
No new messages received yet.Trying again...
No new messages received yet.Trying again...
No new messages received yet.Trying again...
No new messages received yet.Trying again...
No new messages received yet.Trying again...
No new messages received yet.Trying again...
No new messages received yet.Trying again...
No new messages received yet.Trying again...
No new messages received yet.Trying again...
No new messages received yet.Trying again...
No new messages received yet.Trying again...
No new messages received yet.Trying again...
No new messages received yet.Trying again...
No new messages received yet.Trying again...
No new messages received yet.Trying again...
No new messages received yet.Trying again...
No new messages received yet.Trying again...
No new messages received yet.Trying again...
No new messages received yet.Trying again...
No new messages received yet.Trying again...
No new messages received yet.Trying again...
No new messages received yet.Trying again...

Actual data inserted to database
No retrain triggered
Triggering forecasting

Forecasting.py script logs
Database connection established
Value of --retrain flag: False

Forecasting for initial model using device8/initial/device8.keras and device8/initial/scaler.save
Successfully downloaded model and scaler from S3

Actual values fetched from database
    sensor_id  sensor_energy_value    sensor_timestamp  message_delay
0           8               1377.4 2025-12-08 00:04:00        59115.0
1           8               1377.4 2025-12-08 00:04:01        58112.0
2           8               1367.7 2025-12-08 00:04:02        57111.0
3           8               1369.2 2025-12-08 00:04:03        56110.0
4           8               1371.2 2025-12-08 00:04:04        55109.0
5           8               1373.6 2025-12-08 00:04:05        54108.0
6           8               1381.0 2025-12-08 00:04:06        53103.0
7           8               1370.2 2025-12-08 00:04:07        52102.0
8           8               1376.8 2025-12-08 00:04:08        51100.0
9           8               1374.9 2025-12-08 00:04:09        50099.0
10          8               1373.8 2025-12-08 00:04:10        49098.0
11          8               1371.1 2025-12-08 00:04:11        48096.0
12          8               1377.9 2025-12-08 00:04:12        47095.0
13          8               1364.4 2025-12-08 00:04:13        46093.0
14          8               1362.2 2025-12-08 00:04:14        45091.0
15          8               1372.3 2025-12-08 00:04:15        44089.0
16          8               1378.0 2025-12-08 00:04:16        43087.0
17          8               1369.5 2025-12-08 00:04:17        42084.0
18          8               1368.1 2025-12-08 00:04:18        41081.0
19          8               1374.6 2025-12-08 00:04:19        40078.0
20          8               1376.1 2025-12-08 00:04:20        39076.0
21          8               1375.6 2025-12-08 00:04:21        38074.0
22          8               1378.8 2025-12-08 00:04:22        37072.0
23          8               1363.7 2025-12-08 00:04:23        36071.0
24          8               1366.8 2025-12-08 00:04:24        35069.0
25          8               1376.8 2025-12-08 00:04:25        34068.0
26          8               1370.7 2025-12-08 00:04:26        33066.0
27          8               1375.4 2025-12-08 00:04:27        32064.0
28          8               1376.4 2025-12-08 00:04:28        31063.0
29          8               1385.5 2025-12-08 00:04:29        30062.0
30          8               1369.8 2025-12-08 00:04:30        29060.0
31          8               1365.1 2025-12-08 00:04:31        28059.0
32          8               1380.0 2025-12-08 00:04:32        27056.0
33          8               1366.3 2025-12-08 00:04:33        26055.0
34          8               1366.4 2025-12-08 00:04:34        25052.0
35          8               1360.8 2025-12-08 00:04:35        24051.0
36          8               1383.1 2025-12-08 00:04:36        23049.0
37          8               1449.4 2025-12-08 00:04:37        22047.0
38          8               1447.6 2025-12-08 00:04:38        21046.0
39          8               1447.7 2025-12-08 00:04:39        20045.0
40          8               1449.5 2025-12-08 00:04:40        19043.0
41          8               1455.4 2025-12-08 00:04:41        18042.0
42          8               1452.1 2025-12-08 00:04:42        17040.0
43          8               1451.4 2025-12-08 00:04:43        16038.0
44          8               1453.2 2025-12-08 00:04:44        15036.0
45          8               1455.5 2025-12-08 00:04:45        14035.0
46          8               1455.0 2025-12-08 00:04:46        13033.0
47          8               1453.2 2025-12-08 00:04:47        12032.0
48          8               1455.8 2025-12-08 00:04:48        11029.0
49          8               1452.6 2025-12-08 00:04:49        10028.0
50          8               1459.2 2025-12-08 00:04:50         9027.0
51          8               1459.3 2025-12-08 00:04:51         8025.0
52          8               1458.0 2025-12-08 00:04:52         7024.0
53          8               1450.6 2025-12-08 00:04:53         6022.0
54          8               1446.6 2025-12-08 00:04:54         5021.0
55          8               1445.9 2025-12-08 00:04:55         4020.0
56          8               1446.2 2025-12-08 00:04:56         3019.0
57          8               1453.6 2025-12-08 00:04:57         2017.0
58          8               1450.8 2025-12-08 00:04:58         1015.0
59          8               1448.0 2025-12-08 00:04:59           14.0
Forecasted values:
    sensor_id  sensor_energy_value_prediction    sensor_timestamp
0           8                     1461.098267 2025-12-08 00:05:00
1           8                     1463.680908 2025-12-08 00:05:01
2           8                     1466.088013 2025-12-08 00:05:02
3           8                     1468.516235 2025-12-08 00:05:03
4           8                     1470.978638 2025-12-08 00:05:04
5           8                     1473.488525 2025-12-08 00:05:05
6           8                     1476.057007 2025-12-08 00:05:06
7           8                     1478.692749 2025-12-08 00:05:07
8           8                     1481.405762 2025-12-08 00:05:08
9           8                     1484.200928 2025-12-08 00:05:09
10          8                     1487.084717 2025-12-08 00:05:10
11          8                     1490.062744 2025-12-08 00:05:11
12          8                     1493.139038 2025-12-08 00:05:12
13          8                     1496.317627 2025-12-08 00:05:13
14          8                     1499.604004 2025-12-08 00:05:14
15          8                     1503.001709 2025-12-08 00:05:15
16          8                     1506.513916 2025-12-08 00:05:16
17          8                     1510.145752 2025-12-08 00:05:17
18          8                     1513.903320 2025-12-08 00:05:18
19          8                     1517.791016 2025-12-08 00:05:19
20          8                     1521.813232 2025-12-08 00:05:20
21          8                     1525.976074 2025-12-08 00:05:21
22          8                     1530.286255 2025-12-08 00:05:22
23          8                     1534.749268 2025-12-08 00:05:23
24          8                     1539.374023 2025-12-08 00:05:24
25          8                     1544.164795 2025-12-08 00:05:25
26          8                     1549.128906 2025-12-08 00:05:26
27          8                     1554.275269 2025-12-08 00:05:27
28          8                     1559.611084 2025-12-08 00:05:28
29          8                     1565.144897 2025-12-08 00:05:29
30          8                     1570.884766 2025-12-08 00:05:30
31          8                     1576.843018 2025-12-08 00:05:31
32          8                     1583.027588 2025-12-08 00:05:32
33          8                     1589.445190 2025-12-08 00:05:33
34          8                     1596.110474 2025-12-08 00:05:34
35          8                     1603.031372 2025-12-08 00:05:35
36          8                     1610.219604 2025-12-08 00:05:36
37          8                     1617.682007 2025-12-08 00:05:37
38          8                     1625.423584 2025-12-08 00:05:38
39          8                     1633.468262 2025-12-08 00:05:39
40          8                     1641.828857 2025-12-08 00:05:40
41          8                     1650.517944 2025-12-08 00:05:41
42          8                     1659.547974 2025-12-08 00:05:42
43          8                     1668.934204 2025-12-08 00:05:43
44          8                     1678.688477 2025-12-08 00:05:44
45          8                     1688.824219 2025-12-08 00:05:45
46          8                     1699.353882 2025-12-08 00:05:46
47          8                     1710.290405 2025-12-08 00:05:47
48          8                     1721.645752 2025-12-08 00:05:48
49          8                     1733.431030 2025-12-08 00:05:49
50          8                     1745.657471 2025-12-08 00:05:50
51          8                     1758.332275 2025-12-08 00:05:51
52          8                     1771.464844 2025-12-08 00:05:52
53          8                     1785.061890 2025-12-08 00:05:53
54          8                     1799.128906 2025-12-08 00:05:54
55          8                     1813.666992 2025-12-08 00:05:55
56          8                     1828.675781 2025-12-08 00:05:56
57          8                     1844.151245 2025-12-08 00:05:57
58          8                     1860.086182 2025-12-08 00:05:58
59          8                     1876.473999 2025-12-08 00:05:59
Forecasted values inserted into database
Exiting forecasting script

No new messages received yet.Trying again...
No new messages received yet.Trying again...
No new messages received yet.Trying again...
No new messages received yet.Trying again...
No new messages received yet.Trying again...
No new messages received yet.Trying again...
No new messages received yet.Trying again...
No new messages received yet.Trying again...
No new messages received yet.Trying again...
No new messages received yet.Trying again...
No new messages received yet.Trying again...
No new messages received yet.Trying again...
No new messages received yet.Trying again...
No new messages received yet.Trying again...
No new messages received yet.Trying again...
No new messages received yet.Trying again...
No new messages received yet.Trying again...
No new messages received yet.Trying again...
No new messages received yet.Trying again...
No new messages received yet.Trying again...
No new messages received yet.Trying again...
No new messages received yet.Trying again...
No new messages received yet.Trying again...
No new messages received yet.Trying again...
No new messages received yet.Trying again...
No new messages received yet.Trying again...
No new messages received yet.Trying again...
No new messages received yet.Trying again...
No new messages received yet.Trying again...
No new messages received yet.Trying again...
No new messages received yet.Trying again...
No new messages received yet.Trying again...
No new messages received yet.Trying again...
No new messages received yet.Trying again...

Actual data inserted to database
No retrain triggered
Triggering forecasting

Forecasting.py script logs
Database connection established
Value of --retrain flag: False

Forecasting for initial model using device8/initial/device8.keras and device8/initial/scaler.save
Successfully downloaded model and scaler from S3

Actual values fetched from database
    sensor_id  sensor_energy_value    sensor_timestamp  message_delay
0           8               1449.6 2025-12-08 00:05:00        59130.0
1           8               1453.3 2025-12-08 00:05:01        58127.0
2           8               1448.2 2025-12-08 00:05:02        57126.0
3           8               1450.7 2025-12-08 00:05:03        56125.0
4           8               1451.0 2025-12-08 00:05:04        55123.0
5           8               1449.3 2025-12-08 00:05:05        54122.0
6           8               1455.3 2025-12-08 00:05:06        53119.0
7           8               1463.0 2025-12-08 00:05:07        52115.0
8           8               1447.4 2025-12-08 00:05:08        51113.0
9           8               1456.6 2025-12-08 00:05:09        50112.0
10          8               1467.7 2025-12-08 00:05:10        49111.0
11          8               1448.0 2025-12-08 00:05:11        48109.0
12          8               1448.7 2025-12-08 00:05:12        47107.0
13          8               1448.7 2025-12-08 00:05:13        46106.0
14          8               1449.6 2025-12-08 00:05:14        45105.0
15          8               1454.2 2025-12-08 00:05:15        44103.0
16          8               1456.9 2025-12-08 00:05:16        43102.0
17          8               1456.4 2025-12-08 00:05:17        42099.0
18          8               1451.5 2025-12-08 00:05:18        41097.0
19          8               1458.6 2025-12-08 00:05:19        40095.0
20          8               1458.6 2025-12-08 00:05:20        39094.0
21          8               1459.4 2025-12-08 00:05:21        38092.0
22          8               1456.4 2025-12-08 00:05:22        37090.0
23          8               1452.6 2025-12-08 00:05:23        36089.0
24          8               1453.5 2025-12-08 00:05:24        35087.0
25          8               1451.9 2025-12-08 00:05:25        34086.0
26          8               1516.5 2025-12-08 00:05:26        33084.0
27          8               1571.7 2025-12-08 00:05:27        32082.0
28          8               1591.5 2025-12-08 00:05:28        31081.0
29          8               1580.5 2025-12-08 00:05:29        30079.0
30          8               1588.5 2025-12-08 00:05:30        29078.0
31          8               1608.8 2025-12-08 00:05:31        28076.0
32          8               1591.6 2025-12-08 00:05:32        27075.0
33          8               1605.6 2025-12-08 00:05:33        26074.0
34          8               1585.6 2025-12-08 00:05:34        25073.0
35          8               1588.7 2025-12-08 00:05:35        24072.0
36          8               1589.3 2025-12-08 00:05:36        23070.0
37          8               1589.2 2025-12-08 00:05:37        22069.0
38          8               1584.4 2025-12-08 00:05:38        21068.0
39          8               1587.6 2025-12-08 00:05:39        20066.0
40          8               1590.4 2025-12-08 00:05:40        19065.0
41          8               1588.5 2025-12-08 00:05:41        18064.0
42          8               1588.1 2025-12-08 00:05:42        17060.0
43          8               1590.9 2025-12-08 00:05:43        16059.0
44          8               1586.0 2025-12-08 00:05:44        15057.0
45          8               1588.1 2025-12-08 00:05:45        14056.0
46          8               1594.1 2025-12-08 00:05:46        13055.0
47          8               1583.0 2025-12-08 00:05:47        12053.0
48          8               1589.9 2025-12-08 00:05:48        11052.0
49          8               1589.2 2025-12-08 00:05:49        10049.0
50          8               1591.0 2025-12-08 00:05:50         9045.0
51          8               1588.9 2025-12-08 00:05:51         8043.0
52          8               1588.9 2025-12-08 00:05:52         7041.0
53          8               1586.0 2025-12-08 00:05:53         6039.0
54          8               1591.9 2025-12-08 00:05:54         5038.0
55          8               1586.5 2025-12-08 00:05:55         4035.0
56          8               1586.9 2025-12-08 00:05:56         3034.0
57          8               1592.3 2025-12-08 00:05:57         2032.0
58          8               1589.5 2025-12-08 00:05:58         1031.0
59          8               1586.2 2025-12-08 00:05:59           29.0
Forecasted values:
    sensor_id  sensor_energy_value_prediction    sensor_timestamp
0           8                     1643.812500 2025-12-08 00:06:00
1           8                     1655.163330 2025-12-08 00:06:01
2           8                     1665.669800 2025-12-08 00:06:02
3           8                     1676.288086 2025-12-08 00:06:03
4           8                     1687.089478 2025-12-08 00:06:04
5           8                     1698.142212 2025-12-08 00:06:05
6           8                     1709.498413 2025-12-08 00:06:06
7           8                     1721.198120 2025-12-08 00:06:07
8           8                     1733.274658 2025-12-08 00:06:08
9           8                     1745.759277 2025-12-08 00:06:09
10          8                     1758.667114 2025-12-08 00:06:10
11          8                     1772.012085 2025-12-08 00:06:11
12          8                     1785.811768 2025-12-08 00:06:12
13          8                     1800.067993 2025-12-08 00:06:13
14          8                     1814.784058 2025-12-08 00:06:14
15          8                     1829.959595 2025-12-08 00:06:15
16          8                     1845.590698 2025-12-08 00:06:16
17          8                     1861.672119 2025-12-08 00:06:17
18          8                     1878.193848 2025-12-08 00:06:18
19          8                     1895.144653 2025-12-08 00:06:19
20          8                     1912.504272 2025-12-08 00:06:20
21          8                     1930.253662 2025-12-08 00:06:21
22          8                     1948.368774 2025-12-08 00:06:22
23          8                     1966.821655 2025-12-08 00:06:23
24          8                     1985.579712 2025-12-08 00:06:24
25          8                     2004.605713 2025-12-08 00:06:25
26          8                     2023.861084 2025-12-08 00:06:26
27          8                     2043.289185 2025-12-08 00:06:27
28          8                     2062.849609 2025-12-08 00:06:28
29          8                     2082.506104 2025-12-08 00:06:29
30          8                     2102.218750 2025-12-08 00:06:30
31          8                     2121.933350 2025-12-08 00:06:31
32          8                     2141.598633 2025-12-08 00:06:32
33          8                     2161.171143 2025-12-08 00:06:33
34          8                     2180.594727 2025-12-08 00:06:34
35          8                     2199.827393 2025-12-08 00:06:35
36          8                     2218.815918 2025-12-08 00:06:36
37          8                     2237.515869 2025-12-08 00:06:37
38          8                     2255.884521 2025-12-08 00:06:38
39          8                     2273.882080 2025-12-08 00:06:39
40          8                     2291.471191 2025-12-08 00:06:40
41          8                     2308.619629 2025-12-08 00:06:41
42          8                     2325.298096 2025-12-08 00:06:42
43          8                     2341.482666 2025-12-08 00:06:43
44          8                     2357.151367 2025-12-08 00:06:44
45          8                     2372.288818 2025-12-08 00:06:45
46          8                     2386.880615 2025-12-08 00:06:46
47          8                     2400.918457 2025-12-08 00:06:47
48          8                     2414.398682 2025-12-08 00:06:48
49          8                     2427.317139 2025-12-08 00:06:49
50          8                     2439.676514 2025-12-08 00:06:50
51          8                     2451.481201 2025-12-08 00:06:51
52          8                     2462.738281 2025-12-08 00:06:52
53          8                     2473.456787 2025-12-08 00:06:53
54          8                     2483.647705 2025-12-08 00:06:54
55          8                     2493.323975 2025-12-08 00:06:55
56          8                     2502.501221 2025-12-08 00:06:56
57          8                     2511.193604 2025-12-08 00:06:57
58          8                     2519.418213 2025-12-08 00:06:58
59          8                     2527.192139 2025-12-08 00:06:59
Forecasted values inserted into database
Exiting forecasting script

No new messages received yet.Trying again...
No new messages received yet.Trying again...
No new messages received yet.Trying again...
No new messages received yet.Trying again...
No new messages received yet.Trying again...
No new messages received yet.Trying again...
No new messages received yet.Trying again...
No new messages received yet.Trying again...
No new messages received yet.Trying again...
No new messages received yet.Trying again...
No new messages received yet.Trying again...
No new messages received yet.Trying again...
No new messages received yet.Trying again...
No new messages received yet.Trying again...
No new messages received yet.Trying again...
No new messages received yet.Trying again...
No new messages received yet.Trying again...
No new messages received yet.Trying again...
No new messages received yet.Trying again...
No new messages received yet.Trying again...
No new messages received yet.Trying again...
No new messages received yet.Trying again...
No new messages received yet.Trying again...
No new messages received yet.Trying again...
No new messages received yet.Trying again...
No new messages received yet.Trying again...
No new messages received yet.Trying again...
No new messages received yet.Trying again...
No new messages received yet.Trying again...
No new messages received yet.Trying again...
No new messages received yet.Trying again...

Actual data inserted to database
No retrain triggered
Triggering forecasting

Forecasting.py script logs
Database connection established
Value of --retrain flag: False

Forecasting for initial model using device8/initial/device8.keras and device8/initial/scaler.save
Successfully downloaded model and scaler from S3

Actual values fetched from database
    sensor_id  sensor_energy_value    sensor_timestamp  message_delay
0           8               1595.2 2025-12-08 00:06:00        59181.0
1           8               1592.2 2025-12-08 00:06:01        58176.0
2           8               1595.4 2025-12-08 00:06:02        57174.0
3           8               1591.2 2025-12-08 00:06:03        56173.0
4           8               1587.8 2025-12-08 00:06:04        55156.0
5           8               1590.2 2025-12-08 00:06:05        54152.0
6           8               1590.8 2025-12-08 00:06:06        53147.0
7           8               1592.0 2025-12-08 00:06:07        52146.0
8           8               1587.4 2025-12-08 00:06:08        51138.0
9           8               1597.2 2025-12-08 00:06:09        50134.0
10          8               1599.9 2025-12-08 00:06:10        49118.0
11          8               1589.0 2025-12-08 00:06:11        48108.0
12          8               1607.0 2025-12-08 00:06:12        47102.0
13          8               1592.9 2025-12-08 00:06:13        46101.0
14          8               1589.6 2025-12-08 00:06:14        45098.0
15          8               1591.2 2025-12-08 00:06:15        44096.0
16          8               1586.5 2025-12-08 00:06:16        43093.0
17          8               1587.6 2025-12-08 00:06:17        42091.0
18          8               1606.1 2025-12-08 00:06:18        41089.0
19          8               1597.9 2025-12-08 00:06:19        40087.0
20          8               1593.4 2025-12-08 00:06:20        39080.0
21          8               1590.5 2025-12-08 00:06:21        38073.0
22          8               1592.1 2025-12-08 00:06:22        37070.0
23          8               1592.5 2025-12-08 00:06:23        36065.0
24          8               1591.6 2025-12-08 00:06:24        35064.0
25          8               1590.0 2025-12-08 00:06:25        34063.0
26          8               1599.5 2025-12-08 00:06:26        33062.0
27          8               1589.9 2025-12-08 00:06:27        32060.0
28          8               1593.0 2025-12-08 00:06:28        31059.0
29          8               1587.2 2025-12-08 00:06:29        30058.0
30          8               1590.4 2025-12-08 00:06:30        29057.0
31          8               1590.3 2025-12-08 00:06:31        28055.0
32          8               1600.6 2025-12-08 00:06:32        27054.0
33          8               1592.7 2025-12-08 00:06:33        26052.0
34          8               1590.2 2025-12-08 00:06:34        25051.0
35          8               1588.2 2025-12-08 00:06:35        24049.0
36          8               1588.5 2025-12-08 00:06:36        23048.0
37          8               1589.8 2025-12-08 00:06:37        22047.0
38          8               1590.9 2025-12-08 00:06:38        21045.0
39          8               1593.8 2025-12-08 00:06:39        20044.0
40          8               1586.1 2025-12-08 00:06:40        19042.0
41          8               1590.8 2025-12-08 00:06:41        18040.0
42          8               1593.3 2025-12-08 00:06:42        17039.0
43          8               1591.1 2025-12-08 00:06:43        16038.0
44          8               1594.5 2025-12-08 00:06:44        15036.0
45          8               1590.4 2025-12-08 00:06:45        14035.0
46          8               1590.0 2025-12-08 00:06:46        13034.0
47          8               1587.3 2025-12-08 00:06:47        12033.0
48          8               1592.7 2025-12-08 00:06:48        11032.0
49          8               1593.8 2025-12-08 00:06:49        10031.0
50          8               1592.0 2025-12-08 00:06:50         9030.0
51          8               1593.6 2025-12-08 00:06:51         8027.0
52          8               1588.6 2025-12-08 00:06:52         7026.0
53          8               1589.8 2025-12-08 00:06:53         6019.0
54          8               1587.2 2025-12-08 00:06:54         5018.0
55          8               1591.4 2025-12-08 00:06:55         4016.0
56          8               1598.6 2025-12-08 00:06:56         3014.0
57          8               1601.0 2025-12-08 00:06:57         2013.0
58          8               1591.0 2025-12-08 00:06:58         1011.0
59          8               1590.3 2025-12-08 00:06:59           10.0
Forecasted values:
    sensor_id  sensor_energy_value_prediction    sensor_timestamp
0           8                     1655.787109 2025-12-08 00:07:00
1           8                     1668.126099 2025-12-08 00:07:01
2           8                     1679.425903 2025-12-08 00:07:02
3           8                     1690.788696 2025-12-08 00:07:03
4           8                     1702.302002 2025-12-08 00:07:04
5           8                     1714.042969 2025-12-08 00:07:05
6           8                     1726.067993 2025-12-08 00:07:06
7           8                     1738.423706 2025-12-08 00:07:07
8           8                     1751.147705 2025-12-08 00:07:08
9           8                     1764.269165 2025-12-08 00:07:09
10          8                     1777.805176 2025-12-08 00:07:10
11          8                     1791.772583 2025-12-08 00:07:11
12          8                     1806.185303 2025-12-08 00:07:12
13          8                     1821.040771 2025-12-08 00:07:13
14          8                     1836.348877 2025-12-08 00:07:14
15          8                     1852.104492 2025-12-08 00:07:15
16          8                     1868.299194 2025-12-08 00:07:16
17          8                     1884.925781 2025-12-08 00:07:17
18          8                     1901.968750 2025-12-08 00:07:18
19          8                     1919.407227 2025-12-08 00:07:19
20          8                     1937.227783 2025-12-08 00:07:20
21          8                     1955.405029 2025-12-08 00:07:21
22          8                     1973.910156 2025-12-08 00:07:22
23          8                     1992.709595 2025-12-08 00:07:23
24          8                     2011.768066 2025-12-08 00:07:24
25          8                     2031.046265 2025-12-08 00:07:25
26          8                     2050.502441 2025-12-08 00:07:26
27          8                     2070.089844 2025-12-08 00:07:27
28          8                     2089.764893 2025-12-08 00:07:28
29          8                     2109.476807 2025-12-08 00:07:29
30          8                     2129.176514 2025-12-08 00:07:30
31          8                     2148.811768 2025-12-08 00:07:31
32          8                     2168.332520 2025-12-08 00:07:32
33          8                     2187.687500 2025-12-08 00:07:33
34          8                     2206.831299 2025-12-08 00:07:34
35          8                     2225.716064 2025-12-08 00:07:35
36          8                     2244.296631 2025-12-08 00:07:36
37          8                     2262.530518 2025-12-08 00:07:37
38          8                     2280.379883 2025-12-08 00:07:38
39          8                     2297.808350 2025-12-08 00:07:39
40          8                     2314.785400 2025-12-08 00:07:40
41          8                     2331.284180 2025-12-08 00:07:41
42          8                     2347.280518 2025-12-08 00:07:42
43          8                     2362.754150 2025-12-08 00:07:43
44          8                     2377.691650 2025-12-08 00:07:44
45          8                     2392.079834 2025-12-08 00:07:45
46          8                     2405.913330 2025-12-08 00:07:46
47          8                     2419.187012 2025-12-08 00:07:47
48          8                     2431.900391 2025-12-08 00:07:48
49          8                     2444.055420 2025-12-08 00:07:49
50          8                     2455.657959 2025-12-08 00:07:50
51          8                     2466.716064 2025-12-08 00:07:51
52          8                     2477.239990 2025-12-08 00:07:52
53          8                     2487.241699 2025-12-08 00:07:53
54          8                     2496.733887 2025-12-08 00:07:54
55          8                     2505.731934 2025-12-08 00:07:55
56          8                     2514.251709 2025-12-08 00:07:56
57          8                     2522.309570 2025-12-08 00:07:57
58          8                     2529.923096 2025-12-08 00:07:58
59          8                     2537.111572 2025-12-08 00:07:59
Forecasted values inserted into database
Exiting forecasting script

No new messages received yet.Trying again...
No new messages received yet.Trying again...
No new messages received yet.Trying again...
No new messages received yet.Trying again...
No new messages received yet.Trying again...
No new messages received yet.Trying again...
No new messages received yet.Trying again...
No new messages received yet.Trying again...
No new messages received yet.Trying again...
No new messages received yet.Trying again...
No new messages received yet.Trying again...
No new messages received yet.Trying again...
No new messages received yet.Trying again...
No new messages received yet.Trying again...
No new messages received yet.Trying again...
No new messages received yet.Trying again...
No new messages received yet.Trying again...
No new messages received yet.Trying again...
No new messages received yet.Trying again...
No new messages received yet.Trying again...
No new messages received yet.Trying again...
No new messages received yet.Trying again...
No new messages received yet.Trying again...
No new messages received yet.Trying again...
No new messages received yet.Trying again...
No new messages received yet.Trying again...
No new messages received yet.Trying again...
No new messages received yet.Trying again...
No new messages received yet.Trying again...
No new messages received yet.Trying again...
No new messages received yet.Trying again...
No new messages received yet.Trying again...
No new messages received yet.Trying again...

Actual data inserted to database
No retrain triggered
Triggering forecasting

Forecasting.py script logs
Database connection established
Value of --retrain flag: False

Forecasting for initial model using device8/initial/device8.keras and device8/initial/scaler.save
Successfully downloaded model and scaler from S3

Actual values fetched from database
    sensor_id  sensor_energy_value    sensor_timestamp  message_delay
0           8               1596.8 2025-12-08 00:07:00        59109.0
1           8               1594.8 2025-12-08 00:07:01        58107.0
2           8               1595.6 2025-12-08 00:07:02        57103.0
3           8               1594.7 2025-12-08 00:07:03        56101.0
4           8               1590.1 2025-12-08 00:07:04        55100.0
5           8               1587.1 2025-12-08 00:07:05        54098.0
6           8               1587.1 2025-12-08 00:07:06        53096.0
7           8               1591.0 2025-12-08 00:07:07        52095.0
8           8               1586.3 2025-12-08 00:07:08        51094.0
9           8               1595.0 2025-12-08 00:07:09        50092.0
10          8               1587.6 2025-12-08 00:07:10        49091.0
11          8               1592.0 2025-12-08 00:07:11        48090.0
12          8               1588.0 2025-12-08 00:07:12        47088.0
13          8               1592.1 2025-12-08 00:07:13        46087.0
14          8               1588.8 2025-12-08 00:07:14        45086.0
15          8               1593.7 2025-12-08 00:07:15        44084.0
16          8               1591.0 2025-12-08 00:07:16        43083.0
17          8               1591.0 2025-12-08 00:07:17        42079.0
18          8               1591.9 2025-12-08 00:07:18        41078.0
19          8               1598.6 2025-12-08 00:07:19        40076.0
20          8               1597.3 2025-12-08 00:07:20        39074.0
21          8               1588.9 2025-12-08 00:07:21        38073.0
22          8               1587.3 2025-12-08 00:07:22        37071.0
23          8               1593.7 2025-12-08 00:07:23        36070.0
24          8               1594.6 2025-12-08 00:07:24        35069.0
25          8               1590.6 2025-12-08 00:07:25        34068.0
26          8               1595.2 2025-12-08 00:07:26        33065.0
27          8               1584.9 2025-12-08 00:07:27        32063.0
28          8               1590.4 2025-12-08 00:07:28        31062.0
29          8               1590.3 2025-12-08 00:07:29        30061.0
30          8               1610.3 2025-12-08 00:07:30        29059.0
31          8               1590.4 2025-12-08 00:07:31        28058.0
32          8               1592.4 2025-12-08 00:07:32        27057.0
33          8               1592.8 2025-12-08 00:07:33        26055.0
34          8               1589.9 2025-12-08 00:07:34        25054.0
35          8               1590.1 2025-12-08 00:07:35        24052.0
36          8               1589.9 2025-12-08 00:07:36        23051.0
37          8               1593.0 2025-12-08 00:07:37        22050.0
38          8               1592.1 2025-12-08 00:07:38        21049.0
39          8               1592.5 2025-12-08 00:07:39        20048.0
40          8               1591.6 2025-12-08 00:07:40        19046.0
41          8               1592.9 2025-12-08 00:07:41        18044.0
42          8               1598.3 2025-12-08 00:07:42        17043.0
43          8               1586.1 2025-12-08 00:07:43        16041.0
44          8               1582.5 2025-12-08 00:07:44        15041.0
45          8               1589.3 2025-12-08 00:07:45        14039.0
46          8               1590.9 2025-12-08 00:07:46        13036.0
47          8               1594.1 2025-12-08 00:07:47        12034.0
48          8               1589.1 2025-12-08 00:07:48        11032.0
49          8               1589.9 2025-12-08 00:07:49        10030.0
50          8               1589.1 2025-12-08 00:07:50         9028.0
51          8               1592.5 2025-12-08 00:07:51         8027.0
52          8               1587.8 2025-12-08 00:07:52         7026.0
53          8               1588.8 2025-12-08 00:07:53         6024.0
54          8               1588.5 2025-12-08 00:07:54         5022.0
55          8               1593.4 2025-12-08 00:07:55         4017.0
56          8               1597.0 2025-12-08 00:07:56         3016.0
57          8               1596.0 2025-12-08 00:07:57         2014.0
58          8               1595.2 2025-12-08 00:07:58         1013.0
59          8               1593.3 2025-12-08 00:07:59           12.0
Forecasted values:
    sensor_id  sensor_energy_value_prediction    sensor_timestamp
0           8                     1655.983521 2025-12-08 00:08:00
1           8                     1668.232178 2025-12-08 00:08:01
2           8                     1679.501343 2025-12-08 00:08:02
3           8                     1690.841919 2025-12-08 00:08:03
4           8                     1702.337891 2025-12-08 00:08:04
5           8                     1714.067383 2025-12-08 00:08:05
6           8                     1726.085938 2025-12-08 00:08:06
7           8                     1738.438477 2025-12-08 00:08:07
8           8                     1751.160156 2025-12-08 00:08:08
9           8                     1764.280884 2025-12-08 00:08:09
10          8                     1777.817993 2025-12-08 00:08:10
11          8                     1791.790161 2025-12-08 00:08:11
12          8                     1806.203247 2025-12-08 00:08:12
13          8                     1821.064819 2025-12-08 00:08:13
14          8                     1836.373901 2025-12-08 00:08:14
15          8                     1852.129883 2025-12-08 00:08:15
16          8                     1868.324219 2025-12-08 00:08:16
17          8                     1884.949341 2025-12-08 00:08:17
18          8                     1901.992188 2025-12-08 00:08:18
19          8                     1919.434937 2025-12-08 00:08:19
20          8                     1937.255859 2025-12-08 00:08:20
21          8                     1955.432251 2025-12-08 00:08:21
22          8                     1973.937988 2025-12-08 00:08:22
23          8                     1992.738403 2025-12-08 00:08:23
24          8                     2011.796143 2025-12-08 00:08:24
25          8                     2031.073608 2025-12-08 00:08:25
26          8                     2050.529541 2025-12-08 00:08:26
27          8                     2070.117676 2025-12-08 00:08:27
28          8                     2089.793457 2025-12-08 00:08:28
29          8                     2109.504395 2025-12-08 00:08:29
30          8                     2129.202393 2025-12-08 00:08:30
31          8                     2148.832764 2025-12-08 00:08:31
32          8                     2168.353027 2025-12-08 00:08:32
33          8                     2187.709229 2025-12-08 00:08:33
34          8                     2206.852295 2025-12-08 00:08:34
35          8                     2225.736084 2025-12-08 00:08:35
36          8                     2244.315674 2025-12-08 00:08:36
37          8                     2262.548828 2025-12-08 00:08:37
38          8                     2280.396973 2025-12-08 00:08:38
39          8                     2297.825195 2025-12-08 00:08:39
40          8                     2314.801514 2025-12-08 00:08:40
41          8                     2331.299561 2025-12-08 00:08:41
42          8                     2347.294678 2025-12-08 00:08:42
43          8                     2362.767822 2025-12-08 00:08:43
44          8                     2377.705566 2025-12-08 00:08:44
45          8                     2392.095215 2025-12-08 00:08:45
46          8                     2405.927979 2025-12-08 00:08:46
47          8                     2419.200928 2025-12-08 00:08:47
48          8                     2431.913330 2025-12-08 00:08:48
49          8                     2444.068115 2025-12-08 00:08:49
50          8                     2455.670898 2025-12-08 00:08:50
51          8                     2466.728760 2025-12-08 00:08:51
52          8                     2477.252197 2025-12-08 00:08:52
53          8                     2487.252930 2025-12-08 00:08:53
54          8                     2496.744629 2025-12-08 00:08:54
55          8                     2505.742188 2025-12-08 00:08:55
56          8                     2514.261230 2025-12-08 00:08:56
57          8                     2522.318848 2025-12-08 00:08:57
58          8                     2529.932373 2025-12-08 00:08:58
59          8                     2537.119629 2025-12-08 00:08:59
Forecasted values inserted into database
Exiting forecasting script

No new messages received yet.Trying again...
No new messages received yet.Trying again...
No new messages received yet.Trying again...
No new messages received yet.Trying again...
No new messages received yet.Trying again...
No new messages received yet.Trying again...
No new messages received yet.Trying again...
No new messages received yet.Trying again...
No new messages received yet.Trying again...
No new messages received yet.Trying again...
No new messages received yet.Trying again...
No new messages received yet.Trying again...
No new messages received yet.Trying again...
No new messages received yet.Trying again...
No new messages received yet.Trying again...
No new messages received yet.Trying again...
No new messages received yet.Trying again...
No new messages received yet.Trying again...
No new messages received yet.Trying again...
No new messages received yet.Trying again...
No new messages received yet.Trying again...
No new messages received yet.Trying again...
No new messages received yet.Trying again...
No new messages received yet.Trying again...
No new messages received yet.Trying again...
No new messages received yet.Trying again...
No new messages received yet.Trying again...
No new messages received yet.Trying again...
No new messages received yet.Trying again...
No new messages received yet.Trying again...
No new messages received yet.Trying again...
No new messages received yet.Trying again...
No new messages received yet.Trying again...
No new messages received yet.Trying again...
No new messages received yet.Trying again...

Actual data inserted to database
No retrain triggered
Triggering forecasting

Forecasting.py script logs
Database connection established
Value of --retrain flag: False

Forecasting for initial model using device8/initial/device8.keras and device8/initial/scaler.save
Successfully downloaded model and scaler from S3

Actual values fetched from database
    sensor_id  sensor_energy_value    sensor_timestamp  message_delay
0           8               1596.1 2025-12-08 00:08:00        59123.0
1           8               1597.0 2025-12-08 00:08:01        58122.0
2           8               1594.3 2025-12-08 00:08:02        57120.0
3           8               1590.9 2025-12-08 00:08:03        56118.0
4           8               1600.0 2025-12-08 00:08:04        55115.0
5           8               1591.1 2025-12-08 00:08:05        54114.0
6           8               1593.0 2025-12-08 00:08:06        53106.0
7           8               1591.4 2025-12-08 00:08:07        52104.0
8           8               1592.5 2025-12-08 00:08:08        51103.0
9           8               1592.5 2025-12-08 00:08:09        50102.0
10          8               1594.2 2025-12-08 00:08:10        49099.0
11          8               1593.6 2025-12-08 00:08:11        48098.0
12          8               1594.1 2025-12-08 00:08:12        47096.0
13          8               1594.1 2025-12-08 00:08:13        46095.0
14          8               1596.4 2025-12-08 00:08:14        45094.0
15          8               1589.1 2025-12-08 00:08:15        44092.0
16          8               1590.5 2025-12-08 00:08:16        43091.0
17          8               1592.7 2025-12-08 00:08:17        42090.0
18          8               1592.6 2025-12-08 00:08:18        41089.0
19          8               1596.0 2025-12-08 00:08:19        40088.0
20          8               1600.3 2025-12-08 00:08:20        39087.0
21          8               1591.8 2025-12-08 00:08:21        38086.0
22          8               1592.6 2025-12-08 00:08:22        37085.0
23          8               1590.8 2025-12-08 00:08:23        36083.0
24          8               1603.3 2025-12-08 00:08:24        35080.0
25          8               1593.6 2025-12-08 00:08:25        34078.0
26          8               1601.3 2025-12-08 00:08:26        33075.0
27          8               1593.6 2025-12-08 00:08:27        32074.0
28          8               1596.7 2025-12-08 00:08:28        31072.0
29          8               1590.9 2025-12-08 00:08:29        30071.0
30          8               1596.1 2025-12-08 00:08:30        29067.0
31          8               1592.3 2025-12-08 00:08:31        28056.0
32          8               1593.4 2025-12-08 00:08:32        27054.0
33          8               1598.4 2025-12-08 00:08:33        26052.0
34          8               1610.5 2025-12-08 00:08:34        25051.0
35          8               1595.1 2025-12-08 00:08:35        24050.0
36          8               1596.4 2025-12-08 00:08:36        23048.0
37          8               1595.0 2025-12-08 00:08:37        22047.0
38          8               1595.5 2025-12-08 00:08:38        21046.0
39          8               1597.6 2025-12-08 00:08:39        20044.0
40          8               1597.8 2025-12-08 00:08:40        19043.0
41          8               1593.8 2025-12-08 00:08:41        18042.0
42          8               1608.7 2025-12-08 00:08:42        17040.0
43          8               1594.3 2025-12-08 00:08:43        16038.0
44          8               1594.6 2025-12-08 00:08:44        15037.0
45          8               1599.4 2025-12-08 00:08:45        14035.0
46          8               1597.0 2025-12-08 00:08:46        13034.0
47          8               1593.1 2025-12-08 00:08:47        12032.0
48          8               1594.6 2025-12-08 00:08:48        11030.0
49          8               1593.7 2025-12-08 00:08:49        10029.0
50          8               1611.2 2025-12-08 00:08:50         9028.0
51          8               1605.9 2025-12-08 00:08:51         8026.0
52          8               1594.2 2025-12-08 00:08:52         7025.0
53          8               1594.9 2025-12-08 00:08:53         6024.0
54          8               1594.0 2025-12-08 00:08:54         5022.0
55          8               1595.3 2025-12-08 00:08:55         4021.0
56          8               1597.1 2025-12-08 00:08:56         3020.0
57          8               1597.8 2025-12-08 00:08:57         2019.0
58          8               1597.4 2025-12-08 00:08:58         1019.0
59          8               1600.1 2025-12-08 00:08:59           16.0
Forecasted values:
    sensor_id  sensor_energy_value_prediction    sensor_timestamp
0           8                     1663.085815 2025-12-08 00:09:00
1           8                     1675.738770 2025-12-08 00:09:01
2           8                     1687.394531 2025-12-08 00:09:02
3           8                     1699.112305 2025-12-08 00:09:03
4           8                     1710.980591 2025-12-08 00:09:04
5           8                     1723.075562 2025-12-08 00:09:05
6           8                     1735.462036 2025-12-08 00:09:06
7           8                     1748.184204 2025-12-08 00:09:07
8           8                     1761.279419 2025-12-08 00:09:08
9           8                     1774.775024 2025-12-08 00:09:09
10          8                     1788.691895 2025-12-08 00:09:10
11          8                     1803.042358 2025-12-08 00:09:11
12          8                     1817.835205 2025-12-08 00:09:12
13          8                     1833.073486 2025-12-08 00:09:13
14          8                     1848.756836 2025-12-08 00:09:14
15          8                     1864.879272 2025-12-08 00:09:15
16          8                     1881.435181 2025-12-08 00:09:16
17          8                     1898.409546 2025-12-08 00:09:17
18          8                     1915.785767 2025-12-08 00:09:18
19          8                     1933.544800 2025-12-08 00:09:19
20          8                     1951.661743 2025-12-08 00:09:20
21          8                     1970.109375 2025-12-08 00:09:21
22          8                     1988.859863 2025-12-08 00:09:22
23          8                     2007.874756 2025-12-08 00:09:23
24          8                     2027.117065 2025-12-08 00:09:24
25          8                     2046.541748 2025-12-08 00:09:25
26          8                     2066.110352 2025-12-08 00:09:26
27          8                     2085.771484 2025-12-08 00:09:27
28          8                     2105.480957 2025-12-08 00:09:28
29          8                     2125.185791 2025-12-08 00:09:29
30          8                     2144.838379 2025-12-08 00:09:30
31          8                     2164.384766 2025-12-08 00:09:31
32          8                     2183.777832 2025-12-08 00:09:32
33          8                     2202.966553 2025-12-08 00:09:33
34          8                     2221.904297 2025-12-08 00:09:34
35          8                     2240.544678 2025-12-08 00:09:35
36          8                     2258.849609 2025-12-08 00:09:36
37          8                     2276.776855 2025-12-08 00:09:37
38          8                     2294.291504 2025-12-08 00:09:38
39          8                     2311.360840 2025-12-08 00:09:39
40          8                     2327.955811 2025-12-08 00:09:40
41          8                     2344.053223 2025-12-08 00:09:41
42          8                     2359.633301 2025-12-08 00:09:42
43          8                     2374.677979 2025-12-08 00:09:43
44          8                     2389.178223 2025-12-08 00:09:44
45          8                     2403.123779 2025-12-08 00:09:45
46          8                     2416.510010 2025-12-08 00:09:46
47          8                     2429.335938 2025-12-08 00:09:47
48          8                     2441.604492 2025-12-08 00:09:48
49          8                     2453.318604 2025-12-08 00:09:49
50          8                     2464.486572 2025-12-08 00:09:50
51          8                     2475.117188 2025-12-08 00:09:51
52          8                     2485.223145 2025-12-08 00:09:52
53          8                     2494.817871 2025-12-08 00:09:53
54          8                     2503.916260 2025-12-08 00:09:54
55          8                     2512.532959 2025-12-08 00:09:55
56          8                     2520.684814 2025-12-08 00:09:56
57          8                     2528.388916 2025-12-08 00:09:57
58          8                     2535.663330 2025-12-08 00:09:58
59          8                     2542.525635 2025-12-08 00:09:59
Forecasted values inserted into database
Exiting forecasting script

No new messages received yet.Trying again...
No new messages received yet.Trying again...
No new messages received yet.Trying again...
No new messages received yet.Trying again...
No new messages received yet.Trying again...
No new messages received yet.Trying again...
No new messages received yet.Trying again...
No new messages received yet.Trying again...
No new messages received yet.Trying again...
No new messages received yet.Trying again...
No new messages received yet.Trying again...
No new messages received yet.Trying again...
No new messages received yet.Trying again...
No new messages received yet.Trying again...
No new messages received yet.Trying again...
No new messages received yet.Trying again...
No new messages received yet.Trying again...
No new messages received yet.Trying again...
No new messages received yet.Trying again...
No new messages received yet.Trying again...
2026-05-16 10:02:42.219 INFO  [132372685125312] ConsumerStatsImpl:59 | Consumer [persistent://public/default/device8_model_consume, pythonSubscription, 0] , ConsumerStatsImpl (numBytesRecieved_ = 14112, totalNumBytesRecieved_ = 14112, receivedMsgMap_ = {[Key: Ok, Value: 588], [Key: TimeOut, Value: 346], }, ackedMsgMap_ = {[Key: {Result: Ok, ackType: 0}, Value: 588], }, totalReceivedMsgMap_ = {[Key: Ok, Value: 588], [Key: TimeOut, Value: 346], }, totalAckedMsgMap_ = {[Key: {Result: Ok, ackType: 0}, Value: 588], })
No new messages received yet.Trying again...
No new messages received yet.Trying again...
No new messages received yet.Trying again...
No new messages received yet.Trying again...
No new messages received yet.Trying again...
No new messages received yet.Trying again...
No new messages received yet.Trying again...
No new messages received yet.Trying again...

Actual data inserted to database
Triggering retrain for window beetween 00:00:00 and 00:09:59
lasttimestamp is  2025-12-08 00:09:59
retrain.py completed successfully:
Database connection established
Retraining model for device device8 with data from table device8_actualvalues between timestamps 2025-12-08-00-00-00 and 2025-12-08-00-09-59...
Epoch 1/200

[1m1/8[0m [32m━━[0m[37m━━━━━━━━━━━━━━━━━━[0m [1m10s[0m 2s/step - loss: 0.6095
[1m4/8[0m [32m━━━━━━━━━━[0m[37m━━━━━━━━━━[0m [1m0s[0m 20ms/step - loss: 0.5715
[1m8/8[0m [32m━━━━━━━━━━━━━━━━━━━━[0m[37m[0m [1m0s[0m 17ms/step - loss: 0.5336
[1m8/8[0m [32m━━━━━━━━━━━━━━━━━━━━[0m[37m[0m [1m2s[0m 21ms/step - loss: 0.4752
Epoch 2/200

[1m1/8[0m [32m━━[0m[37m━━━━━━━━━━━━━━━━━━[0m [1m0s[0m 47ms/step - loss: 0.3394
[1m4/8[0m [32m━━━━━━━━━━[0m[37m━━━━━━━━━━[0m [1m0s[0m 18ms/step - loss: 0.3139
[1m7/8[0m [32m━━━━━━━━━━━━━━━━━[0m[37m━━━[0m [1m0s[0m 17ms/step - loss: 0.2945
[1m8/8[0m [32m━━━━━━━━━━━━━━━━━━━━[0m[37m[0m [1m0s[0m 20ms/step - loss: 0.2557
Epoch 3/200

[1m1/8[0m [32m━━[0m[37m━━━━━━━━━━━━━━━━━━[0m [1m0s[0m 40ms/step - loss: 0.1610
[1m5/8[0m [32m━━━━━━━━━━━━[0m[37m━━━━━━━━[0m [1m0s[0m 15ms/step - loss: 0.1333
[1m8/8[0m [32m━━━━━━━━━━━━━━━━━━━━[0m[37m[0m [1m0s[0m 20ms/step - loss: 0.0920
Epoch 4/200

[1m1/8[0m [32m━━[0m[37m━━━━━━━━━━━━━━━━━━[0m [1m0s[0m 51ms/step - loss: 0.0233
[1m4/8[0m [32m━━━━━━━━━━[0m[37m━━━━━━━━━━[0m [1m0s[0m 19ms/step - loss: 0.0185
[1m7/8[0m [32m━━━━━━━━━━━━━━━━━[0m[37m━━━[0m [1m0s[0m 20ms/step - loss: 0.0168
[1m8/8[0m [32m━━━━━━━━━━━━━━━━━━━━[0m[37m[0m [1m0s[0m 23ms/step - loss: 0.0140
Epoch 5/200

[1m1/8[0m [32m━━[0m[37m━━━━━━━━━━━━━━━━━━[0m [1m0s[0m 41ms/step - loss: 0.0244
[1m5/8[0m [32m━━━━━━━━━━━━[0m[37m━━━━━━━━[0m [1m0s[0m 16ms/step - loss: 0.0222
[1m8/8[0m [32m━━━━━━━━━━━━━━━━━━━━[0m[37m[0m [1m0s[0m 20ms/step - loss: 0.0218
Epoch 6/200

[1m1/8[0m [32m━━[0m[37m━━━━━━━━━━━━━━━━━━[0m [1m0s[0m 53ms/step - loss: 0.0157
[1m5/8[0m [32m━━━━━━━━━━━━[0m[37m━━━━━━━━[0m [1m0s[0m 16ms/step - loss: 0.0133
[1m8/8[0m [32m━━━━━━━━━━━━━━━━━━━━[0m[37m[0m [1m0s[0m 20ms/step - loss: 0.0118
Epoch 7/200

[1m1/8[0m [32m━━[0m[37m━━━━━━━━━━━━━━━━━━[0m [1m0s[0m 47ms/step - loss: 0.0072
[1m5/8[0m [32m━━━━━━━━━━━━[0m[37m━━━━━━━━[0m [1m0s[0m 17ms/step - loss: 0.0093
[1m8/8[0m [32m━━━━━━━━━━━━━━━━━━━━[0m[37m[0m [1m0s[0m 19ms/step - loss: 0.0094
[1m8/8[0m [32m━━━━━━━━━━━━━━━━━━━━[0m[37m[0m [1m0s[0m 23ms/step - loss: 0.0096
Epoch 8/200

[1m1/8[0m [32m━━[0m[37m━━━━━━━━━━━━━━━━━━[0m [1m0s[0m 52ms/step - loss: 0.0104
[1m5/8[0m [32m━━━━━━━━━━━━[0m[37m━━━━━━━━[0m [1m0s[0m 16ms/step - loss: 0.0112
[1m8/8[0m [32m━━━━━━━━━━━━━━━━━━━━[0m[37m[0m [1m0s[0m 19ms/step - loss: 0.0107
Epoch 9/200

[1m1/8[0m [32m━━[0m[37m━━━━━━━━━━━━━━━━━━[0m [1m0s[0m 45ms/step - loss: 0.0145
[1m5/8[0m [32m━━━━━━━━━━━━[0m[37m━━━━━━━━[0m [1m0s[0m 16ms/step - loss: 0.0116
[1m8/8[0m [32m━━━━━━━━━━━━━━━━━━━━[0m[37m[0m [1m0s[0m 20ms/step - loss: 0.0098
Epoch 10/200

[1m1/8[0m [32m━━[0m[37m━━━━━━━━━━━━━━━━━━[0m [1m0s[0m 50ms/step - loss: 0.0092
[1m5/8[0m [32m━━━━━━━━━━━━[0m[37m━━━━━━━━[0m [1m0s[0m 15ms/step - loss: 0.0093
[1m8/8[0m [32m━━━━━━━━━━━━━━━━━━━━[0m[37m[0m [1m0s[0m 20ms/step - loss: 0.0093
Epoch 11/200

[1m1/8[0m [32m━━[0m[37m━━━━━━━━━━━━━━━━━━[0m [1m0s[0m 46ms/step - loss: 0.0087
[1m5/8[0m [32m━━━━━━━━━━━━[0m[37m━━━━━━━━[0m [1m0s[0m 16ms/step - loss: 0.0078
[1m8/8[0m [32m━━━━━━━━━━━━━━━━━━━━[0m[37m[0m [1m0s[0m 20ms/step - loss: 0.0076
Epoch 12/200

[1m1/8[0m [32m━━[0m[37m━━━━━━━━━━━━━━━━━━[0m [1m0s[0m 43ms/step - loss: 0.0113
[1m5/8[0m [32m━━━━━━━━━━━━[0m[37m━━━━━━━━[0m [1m0s[0m 16ms/step - loss: 0.0095
[1m8/8[0m [32m━━━━━━━━━━━━━━━━━━━━[0m[37m[0m [1m0s[0m 18ms/step - loss: 0.0097
Epoch 13/200

[1m1/8[0m [32m━━[0m[37m━━━━━━━━━━━━━━━━━━[0m [1m0s[0m 41ms/step - loss: 0.0061
[1m5/8[0m [32m━━━━━━━━━━━━[0m[37m━━━━━━━━[0m [1m0s[0m 13ms/step - loss: 0.0068
[1m8/8[0m [32m━━━━━━━━━━━━━━━━━━━━[0m[37m[0m [1m0s[0m 16ms/step - loss: 0.0081
Epoch 14/200

[1m1/8[0m [32m━━[0m[37m━━━━━━━━━━━━━━━━━━[0m [1m0s[0m 40ms/step - loss: 0.0079
[1m5/8[0m [32m━━━━━━━━━━━━[0m[37m━━━━━━━━[0m [1m0s[0m 14ms/step - loss: 0.0082
[1m8/8[0m [32m━━━━━━━━━━━━━━━━━━━━[0m[37m[0m [1m0s[0m 18ms/step - loss: 0.0082
Epoch 15/200

[1m1/8[0m [32m━━[0m[37m━━━━━━━━━━━━━━━━━━[0m [1m0s[0m 40ms/step - loss: 0.0142
[1m4/8[0m [32m━━━━━━━━━━[0m[37m━━━━━━━━━━[0m [1m0s[0m 17ms/step - loss: 0.0112
[1m7/8[0m [32m━━━━━━━━━━━━━━━━━[0m[37m━━━[0m [1m0s[0m 19ms/step - loss: 0.0103
[1m8/8[0m [32m━━━━━━━━━━━━━━━━━━━━[0m[37m[0m [1m0s[0m 23ms/step - loss: 0.0087
Epoch 16/200

[1m1/8[0m [32m━━[0m[37m━━━━━━━━━━━━━━━━━━[0m [1m0s[0m 42ms/step - loss: 0.0058
[1m5/8[0m [32m━━━━━━━━━━━━[0m[37m━━━━━━━━[0m [1m0s[0m 16ms/step - loss: 0.0063
[1m8/8[0m [32m━━━━━━━━━━━━━━━━━━━━[0m[37m[0m [1m0s[0m 18ms/step - loss: 0.0086
Epoch 17/200

[1m1/8[0m [32m━━[0m[37m━━━━━━━━━━━━━━━━━━[0m [1m0s[0m 45ms/step - loss: 0.0099
[1m5/8[0m [32m━━━━━━━━━━━━[0m[37m━━━━━━━━[0m [1m0s[0m 16ms/step - loss: 0.0119
[1m8/8[0m [32m━━━━━━━━━━━━━━━━━━━━[0m[37m[0m [1m0s[0m 19ms/step - loss: 0.0100
Epoch 18/200

[1m1/8[0m [32m━━[0m[37m━━━━━━━━━━━━━━━━━━[0m [1m0s[0m 44ms/step - loss: 0.0084
[1m5/8[0m [32m━━━━━━━━━━━━[0m[37m━━━━━━━━[0m [1m0s[0m 15ms/step - loss: 0.0074
[1m8/8[0m [32m━━━━━━━━━━━━━━━━━━━━[0m[37m[0m [1m0s[0m 16ms/step - loss: 0.0073
[1m8/8[0m [32m━━━━━━━━━━━━━━━━━━━━[0m[37m[0m [1m0s[0m 19ms/step - loss: 0.0075
Epoch 19/200

[1m1/8[0m [32m━━[0m[37m━━━━━━━━━━━━━━━━━━[0m [1m0s[0m 50ms/step - loss: 0.0095
[1m4/8[0m [32m━━━━━━━━━━[0m[37m━━━━━━━━━━[0m [1m0s[0m 17ms/step - loss: 0.0077
[1m7/8[0m [32m━━━━━━━━━━━━━━━━━[0m[37m━━━[0m [1m0s[0m 17ms/step - loss: 0.0076
[1m8/8[0m [32m━━━━━━━━━━━━━━━━━━━━[0m[37m[0m [1m0s[0m 21ms/step - loss: 0.0072
Epoch 20/200

[1m1/8[0m [32m━━[0m[37m━━━━━━━━━━━━━━━━━━[0m [1m0s[0m 50ms/step - loss: 0.0072
[1m4/8[0m [32m━━━━━━━━━━[0m[37m━━━━━━━━━━[0m [1m0s[0m 17ms/step - loss: 0.0087
[1m8/8[0m [32m━━━━━━━━━━━━━━━━━━━━[0m[37m[0m [1m0s[0m 14ms/step - loss: 0.0088
[1m8/8[0m [32m━━━━━━━━━━━━━━━━━━━━[0m[37m[0m [1m0s[0m 18ms/step - loss: 0.0093
Epoch 21/200

[1m1/8[0m [32m━━[0m[37m━━━━━━━━━━━━━━━━━━[0m [1m0s[0m 50ms/step - loss: 0.0085
[1m4/8[0m [32m━━━━━━━━━━[0m[37m━━━━━━━━━━[0m [1m0s[0m 17ms/step - loss: 0.0081
[1m8/8[0m [32m━━━━━━━━━━━━━━━━━━━━[0m[37m[0m [1m0s[0m 16ms/step - loss: 0.0083
[1m8/8[0m [32m━━━━━━━━━━━━━━━━━━━━[0m[37m[0m [1m0s[0m 21ms/step - loss: 0.0084
Epoch 22/200

[1m1/8[0m [32m━━[0m[37m━━━━━━━━━━━━━━━━━━[0m [1m0s[0m 48ms/step - loss: 0.0068
[1m4/8[0m [32m━━━━━━━━━━[0m[37m━━━━━━━━━━[0m [1m0s[0m 17ms/step - loss: 0.0071
[1m8/8[0m [32m━━━━━━━━━━━━━━━━━━━━[0m[37m[0m [1m0s[0m 15ms/step - loss: 0.0073
[1m8/8[0m [32m━━━━━━━━━━━━━━━━━━━━[0m[37m[0m [1m0s[0m 19ms/step - loss: 0.0075
Epoch 23/200

[1m1/8[0m [32m━━[0m[37m━━━━━━━━━━━━━━━━━━[0m [1m0s[0m 43ms/step - loss: 0.0071
[1m4/8[0m [32m━━━━━━━━━━[0m[37m━━━━━━━━━━[0m [1m0s[0m 25ms/step - loss: 0.0079
[1m7/8[0m [32m━━━━━━━━━━━━━━━━━[0m[37m━━━[0m [1m0s[0m 22ms/step - loss: 0.0080
[1m8/8[0m [32m━━━━━━━━━━━━━━━━━━━━[0m[37m[0m [1m0s[0m 26ms/step - loss: 0.0080
Epoch 24/200

[1m1/8[0m [32m━━[0m[37m━━━━━━━━━━━━━━━━━━[0m [1m0s[0m 52ms/step - loss: 0.0082
[1m5/8[0m [32m━━━━━━━━━━━━[0m[37m━━━━━━━━[0m [1m0s[0m 15ms/step - loss: 0.0093
[1m8/8[0m [32m━━━━━━━━━━━━━━━━━━━━[0m[37m[0m [1m0s[0m 19ms/step - loss: 0.0096
Epoch 25/200

[1m1/8[0m [32m━━[0m[37m━━━━━━━━━━━━━━━━━━[0m [1m0s[0m 42ms/step - loss: 0.0058
[1m4/8[0m [32m━━━━━━━━━━[0m[37m━━━━━━━━━━[0m [1m0s[0m 19ms/step - loss: 0.0072
[1m8/8[0m [32m━━━━━━━━━━━━━━━━━━━━[0m[37m[0m [1m0s[0m 17ms/step - loss: 0.0075
[1m8/8[0m [32m━━━━━━━━━━━━━━━━━━━━[0m[37m[0m [1m0s[0m 20ms/step - loss: 0.0077
Epoch 26/200

[1m1/8[0m [32m━━[0m[37m━━━━━━━━━━━━━━━━━━[0m [1m0s[0m 41ms/step - loss: 0.0099
[1m5/8[0m [32m━━━━━━━━━━━━[0m[37m━━━━━━━━[0m [1m0s[0m 15ms/step - loss: 0.0093
[1m8/8[0m [32m━━━━━━━━━━━━━━━━━━━━[0m[37m[0m [1m0s[0m 19ms/step - loss: 0.0080
Epoch 27/200

[1m1/8[0m [32m━━[0m[37m━━━━━━━━━━━━━━━━━━[0m [1m0s[0m 40ms/step - loss: 0.0039
[1m4/8[0m [32m━━━━━━━━━━[0m[37m━━━━━━━━━━[0m [1m0s[0m 17ms/step - loss: 0.0060
[1m8/8[0m [32m━━━━━━━━━━━━━━━━━━━━[0m[37m[0m [1m0s[0m 16ms/step - loss: 0.0067
[1m8/8[0m [32m━━━━━━━━━━━━━━━━━━━━[0m[37m[0m [1m0s[0m 20ms/step - loss: 0.0080
Epoch 28/200

[1m1/8[0m [32m━━[0m[37m━━━━━━━━━━━━━━━━━━[0m [1m0s[0m 41ms/step - loss: 0.0091
[1m3/8[0m [32m━━━━━━━[0m[37m━━━━━━━━━━━━━[0m [1m0s[0m 26ms/step - loss: 0.0085
[1m7/8[0m [32m━━━━━━━━━━━━━━━━━[0m[37m━━━[0m [1m0s[0m 19ms/step - loss: 0.0078
[1m8/8[0m [32m━━━━━━━━━━━━━━━━━━━━[0m[37m[0m [1m0s[0m 21ms/step - loss: 0.0076
Epoch 29/200

[1m1/8[0m [32m━━[0m[37m━━━━━━━━━━━━━━━━━━[0m [1m0s[0m 43ms/step - loss: 0.0071
[1m5/8[0m [32m━━━━━━━━━━━━[0m[37m━━━━━━━━[0m [1m0s[0m 15ms/step - loss: 0.0074
[1m8/8[0m [32m━━━━━━━━━━━━━━━━━━━━[0m[37m[0m [1m0s[0m 18ms/step - loss: 0.0075
Epoch 30/200

[1m1/8[0m [32m━━[0m[37m━━━━━━━━━━━━━━━━━━[0m [1m0s[0m 41ms/step - loss: 0.0090
[1m5/8[0m [32m━━━━━━━━━━━━[0m[37m━━━━━━━━[0m [1m0s[0m 15ms/step - loss: 0.0076
[1m8/8[0m [32m━━━━━━━━━━━━━━━━━━━━[0m[37m[0m [1m0s[0m 18ms/step - loss: 0.0070
Epoch 31/200

[1m1/8[0m [32m━━[0m[37m━━━━━━━━━━━━━━━━━━[0m [1m0s[0m 40ms/step - loss: 0.0093
[1m5/8[0m [32m━━━━━━━━━━━━[0m[37m━━━━━━━━[0m [1m0s[0m 15ms/step - loss: 0.0078
[1m8/8[0m [32m━━━━━━━━━━━━━━━━━━━━[0m[37m[0m [1m0s[0m 19ms/step - loss: 0.0068
Epoch 32/200

[1m1/8[0m [32m━━[0m[37m━━━━━━━━━━━━━━━━━━[0m [1m0s[0m 43ms/step - loss: 0.0043
[1m5/8[0m [32m━━━━━━━━━━━━[0m[37m━━━━━━━━[0m [1m0s[0m 15ms/step - loss: 0.0054
[1m8/8[0m [32m━━━━━━━━━━━━━━━━━━━━[0m[37m[0m [1m0s[0m 16ms/step - loss: 0.0061
[1m8/8[0m [32m━━━━━━━━━━━━━━━━━━━━[0m[37m[0m [1m0s[0m 19ms/step - loss: 0.0070
Epoch 33/200

[1m1/8[0m [32m━━[0m[37m━━━━━━━━━━━━━━━━━━[0m [1m0s[0m 46ms/step - loss: 0.0117
[1m5/8[0m [32m━━━━━━━━━━━━[0m[37m━━━━━━━━[0m [1m0s[0m 16ms/step - loss: 0.0086
[1m8/8[0m [32m━━━━━━━━━━━━━━━━━━━━[0m[37m[0m [1m0s[0m 18ms/step - loss: 0.0078
Epoch 34/200

[1m1/8[0m [32m━━[0m[37m━━━━━━━━━━━━━━━━━━[0m [1m0s[0m 38ms/step - loss: 0.0080
[1m5/8[0m [32m━━━━━━━━━━━━[0m[37m━━━━━━━━[0m [1m0s[0m 15ms/step - loss: 0.0060
[1m8/8[0m [32m━━━━━━━━━━━━━━━━━━━━[0m[37m[0m [1m0s[0m 19ms/step - loss: 0.0073
Epoch 35/200

[1m1/8[0m [32m━━[0m[37m━━━━━━━━━━━━━━━━━━[0m [1m0s[0m 43ms/step - loss: 0.0059
[1m5/8[0m [32m━━━━━━━━━━━━[0m[37m━━━━━━━━[0m [1m0s[0m 15ms/step - loss: 0.0064
[1m8/8[0m [32m━━━━━━━━━━━━━━━━━━━━[0m[37m[0m [1m0s[0m 18ms/step - loss: 0.0076
Epoch 36/200

[1m1/8[0m [32m━━[0m[37m━━━━━━━━━━━━━━━━━━[0m [1m0s[0m 41ms/step - loss: 0.0051
[1m5/8[0m [32m━━━━━━━━━━━━[0m[37m━━━━━━━━[0m [1m0s[0m 16ms/step - loss: 0.0056
[1m8/8[0m [32m━━━━━━━━━━━━━━━━━━━━[0m[37m[0m [1m0s[0m 21ms/step - loss: 0.0060
Epoch 37/200

[1m1/8[0m [32m━━[0m[37m━━━━━━━━━━━━━━━━━━[0m [1m0s[0m 49ms/step - loss: 0.0072
[1m5/8[0m [32m━━━━━━━━━━━━[0m[37m━━━━━━━━[0m [1m0s[0m 15ms/step - loss: 0.0086
[1m8/8[0m [32m━━━━━━━━━━━━━━━━━━━━[0m[37m[0m [1m0s[0m 18ms/step - loss: 0.0073
Epoch 38/200

[1m1/8[0m [32m━━[0m[37m━━━━━━━━━━━━━━━━━━[0m [1m0s[0m 44ms/step - loss: 0.0118
[1m5/8[0m [32m━━━━━━━━━━━━[0m[37m━━━━━━━━[0m [1m0s[0m 16ms/step - loss: 0.0085
[1m8/8[0m [32m━━━━━━━━━━━━━━━━━━━━[0m[37m[0m [1m0s[0m 19ms/step - loss: 0.0073
Epoch 39/200

[1m1/8[0m [32m━━[0m[37m━━━━━━━━━━━━━━━━━━[0m [1m0s[0m 77ms/step - loss: 0.0059
[1m4/8[0m [32m━━━━━━━━━━[0m[37m━━━━━━━━━━[0m [1m0s[0m 20ms/step - loss: 0.0064
[1m8/8[0m [32m━━━━━━━━━━━━━━━━━━━━[0m[37m[0m [1m0s[0m 17ms/step - loss: 0.0067
[1m8/8[0m [32m━━━━━━━━━━━━━━━━━━━━[0m[37m[0m [1m0s[0m 21ms/step - loss: 0.0070
Epoch 40/200

[1m1/8[0m [32m━━[0m[37m━━━━━━━━━━━━━━━━━━[0m [1m0s[0m 51ms/step - loss: 0.0063
[1m5/8[0m [32m━━━━━━━━━━━━[0m[37m━━━━━━━━[0m [1m0s[0m 16ms/step - loss: 0.0076
[1m8/8[0m [32m━━━━━━━━━━━━━━━━━━━━[0m[37m[0m [1m0s[0m 16ms/step - loss: 0.0075
[1m8/8[0m [32m━━━━━━━━━━━━━━━━━━━━[0m[37m[0m [1m0s[0m 21ms/step - loss: 0.0070
Epoch 41/200

[1m1/8[0m [32m━━[0m[37m━━━━━━━━━━━━━━━━━━[0m [1m0s[0m 53ms/step - loss: 0.0058
[1m5/8[0m [32m━━━━━━━━━━━━[0m[37m━━━━━━━━[0m [1m0s[0m 15ms/step - loss: 0.0076
[1m8/8[0m [32m━━━━━━━━━━━━━━━━━━━━[0m[37m[0m [1m0s[0m 17ms/step - loss: 0.0068
Epoch 42/200

[1m1/8[0m [32m━━[0m[37m━━━━━━━━━━━━━━━━━━[0m [1m0s[0m 40ms/step - loss: 0.0111
[1m5/8[0m [32m━━━━━━━━━━━━[0m[37m━━━━━━━━[0m [1m0s[0m 16ms/step - loss: 0.0078
[1m8/8[0m [32m━━━━━━━━━━━━━━━━━━━━[0m[37m[0m [1m0s[0m 19ms/step - loss: 0.0064
Epoch 43/200

[1m1/8[0m [32m━━[0m[37m━━━━━━━━━━━━━━━━━━[0m [1m0s[0m 52ms/step - loss: 0.0053
[1m4/8[0m [32m━━━━━━━━━━[0m[37m━━━━━━━━━━[0m [1m0s[0m 21ms/step - loss: 0.0058
[1m7/8[0m [32m━━━━━━━━━━━━━━━━━[0m[37m━━━[0m [1m0s[0m 22ms/step - loss: 0.0058
[1m8/8[0m [32m━━━━━━━━━━━━━━━━━━━━[0m[37m[0m [1m0s[0m 25ms/step - loss: 0.0064
Epoch 44/200

[1m1/8[0m [32m━━[0m[37m━━━━━━━━━━━━━━━━━━[0m [1m0s[0m 45ms/step - loss: 0.0103
[1m4/8[0m [32m━━━━━━━━━━[0m[37m━━━━━━━━━━[0m [1m0s[0m 18ms/step - loss: 0.0082
[1m8/8[0m [32m━━━━━━━━━━━━━━━━━━━━[0m[37m[0m [1m0s[0m 16ms/step - loss: 0.0074
[1m8/8[0m [32m━━━━━━━━━━━━━━━━━━━━[0m[37m[0m [1m0s[0m 20ms/step - loss: 0.0064
Epoch 45/200

[1m1/8[0m [32m━━[0m[37m━━━━━━━━━━━━━━━━━━[0m [1m0s[0m 39ms/step - loss: 0.0108
[1m5/8[0m [32m━━━━━━━━━━━━[0m[37m━━━━━━━━[0m [1m0s[0m 14ms/step - loss: 0.0086
[1m8/8[0m [32m━━━━━━━━━━━━━━━━━━━━[0m[37m[0m [1m0s[0m 18ms/step - loss: 0.0070
Epoch 46/200

[1m1/8[0m [32m━━[0m[37m━━━━━━━━━━━━━━━━━━[0m [1m0s[0m 43ms/step - loss: 0.0091
[1m5/8[0m [32m━━━━━━━━━━━━[0m[37m━━━━━━━━[0m [1m0s[0m 16ms/step - loss: 0.0063
[1m8/8[0m [32m━━━━━━━━━━━━━━━━━━━━[0m[37m[0m [1m0s[0m 20ms/step - loss: 0.0057
Epoch 47/200

[1m1/8[0m [32m━━[0m[37m━━━━━━━━━━━━━━━━━━[0m [1m0s[0m 56ms/step - loss: 0.0055
[1m5/8[0m [32m━━━━━━━━━━━━[0m[37m━━━━━━━━[0m [1m0s[0m 15ms/step - loss: 0.0050
[1m8/8[0m [32m━━━━━━━━━━━━━━━━━━━━[0m[37m[0m [1m0s[0m 16ms/step - loss: 0.0055
[1m8/8[0m [32m━━━━━━━━━━━━━━━━━━━━[0m[37m[0m [1m0s[0m 23ms/step - loss: 0.0062
Epoch 48/200

[1m1/8[0m [32m━━[0m[37m━━━━━━━━━━━━━━━━━━[0m [1m0s[0m 51ms/step - loss: 0.0049
[1m5/8[0m [32m━━━━━━━━━━━━[0m[37m━━━━━━━━[0m [1m0s[0m 14ms/step - loss: 0.0052
[1m8/8[0m [32m━━━━━━━━━━━━━━━━━━━━[0m[37m[0m [1m0s[0m 18ms/step - loss: 0.0067
Epoch 49/200

[1m1/8[0m [32m━━[0m[37m━━━━━━━━━━━━━━━━━━[0m [1m0s[0m 55ms/step - loss: 0.0062
[1m4/8[0m [32m━━━━━━━━━━[0m[37m━━━━━━━━━━[0m [1m0s[0m 18ms/step - loss: 0.0059
[1m8/8[0m [32m━━━━━━━━━━━━━━━━━━━━[0m[37m[0m [1m0s[0m 16ms/step - loss: 0.0061
[1m8/8[0m [32m━━━━━━━━━━━━━━━━━━━━[0m[37m[0m [1m0s[0m 21ms/step - loss: 0.0065
Epoch 50/200

[1m1/8[0m [32m━━[0m[37m━━━━━━━━━━━━━━━━━━[0m [1m0s[0m 46ms/step - loss: 0.0119
[1m5/8[0m [32m━━━━━━━━━━━━[0m[37m━━━━━━━━[0m [1m0s[0m 14ms/step - loss: 0.0080
[1m8/8[0m [32m━━━━━━━━━━━━━━━━━━━━[0m[37m[0m [1m0s[0m 20ms/step - loss: 0.0064
Epoch 51/200

[1m1/8[0m [32m━━[0m[37m━━━━━━━━━━━━━━━━━━[0m [1m0s[0m 52ms/step - loss: 0.0092
[1m4/8[0m [32m━━━━━━━━━━[0m[37m━━━━━━━━━━[0m [1m0s[0m 17ms/step - loss: 0.0067
[1m8/8[0m [32m━━━━━━━━━━━━━━━━━━━━[0m[37m[0m [1m0s[0m 16ms/step - loss: 0.0062
[1m8/8[0m [32m━━━━━━━━━━━━━━━━━━━━[0m[37m[0m [1m0s[0m 21ms/step - loss: 0.0055
Epoch 52/200

[1m1/8[0m [32m━━[0m[37m━━━━━━━━━━━━━━━━━━[0m [1m0s[0m 55ms/step - loss: 0.0074
[1m5/8[0m [32m━━━━━━━━━━━━[0m[37m━━━━━━━━[0m [1m0s[0m 15ms/step - loss: 0.0063
[1m8/8[0m [32m━━━━━━━━━━━━━━━━━━━━[0m[37m[0m [1m0s[0m 19ms/step - loss: 0.0050
Epoch 53/200

[1m1/8[0m [32m━━[0m[37m━━━━━━━━━━━━━━━━━━[0m [1m0s[0m 42ms/step - loss: 0.0068
[1m5/8[0m [32m━━━━━━━━━━━━[0m[37m━━━━━━━━[0m [1m0s[0m 16ms/step - loss: 0.0057
[1m8/8[0m [32m━━━━━━━━━━━━━━━━━━━━[0m[37m[0m [1m0s[0m 20ms/step - loss: 0.0064
Epoch 54/200

[1m1/8[0m [32m━━[0m[37m━━━━━━━━━━━━━━━━━━[0m [1m0s[0m 52ms/step - loss: 0.0073
[1m5/8[0m [32m━━━━━━━━━━━━[0m[37m━━━━━━━━[0m [1m0s[0m 16ms/step - loss: 0.0078
[1m6/8[0m [32m━━━━━━━━━━━━━━━[0m[37m━━━━━[0m [1m0s[0m 24ms/step - loss: 0.0077
[1m8/8[0m [32m━━━━━━━━━━━━━━━━━━━━[0m[37m[0m [1m0s[0m 30ms/step - loss: 0.0068
Epoch 55/200

[1m1/8[0m [32m━━[0m[37m━━━━━━━━━━━━━━━━━━[0m [1m0s[0m 43ms/step - loss: 0.0054
[1m5/8[0m [32m━━━━━━━━━━━━[0m[37m━━━━━━━━[0m [1m0s[0m 15ms/step - loss: 0.0079
[1m8/8[0m [32m━━━━━━━━━━━━━━━━━━━━[0m[37m[0m [1m0s[0m 16ms/step - loss: 0.0076
[1m8/8[0m [32m━━━━━━━━━━━━━━━━━━━━[0m[37m[0m [1m0s[0m 20ms/step - loss: 0.0068
Epoch 56/200

[1m1/8[0m [32m━━[0m[37m━━━━━━━━━━━━━━━━━━[0m [1m0s[0m 45ms/step - loss: 0.0106
[1m5/8[0m [32m━━━━━━━━━━━━[0m[37m━━━━━━━━[0m [1m0s[0m 16ms/step - loss: 0.0082
[1m8/8[0m [32m━━━━━━━━━━━━━━━━━━━━[0m[37m[0m [1m0s[0m 21ms/step - loss: 0.0066
Epoch 57/200

[1m1/8[0m [32m━━[0m[37m━━━━━━━━━━━━━━━━━━[0m [1m0s[0m 128ms/step - loss: 0.0073
[1m4/8[0m [32m━━━━━━━━━━[0m[37m━━━━━━━━━━[0m [1m0s[0m 20ms/step - loss: 0.0075 
[1m7/8[0m [32m━━━━━━━━━━━━━━━━━[0m[37m━━━[0m [1m0s[0m 19ms/step - loss: 0.0074
[1m8/8[0m [32m━━━━━━━━━━━━━━━━━━━━[0m[37m[0m [1m0s[0m 23ms/step - loss: 0.0070
Epoch 58/200

[1m1/8[0m [32m━━[0m[37m━━━━━━━━━━━━━━━━━━[0m [1m0s[0m 47ms/step - loss: 0.0051
[1m5/8[0m [32m━━━━━━━━━━━━[0m[37m━━━━━━━━[0m [1m0s[0m 16ms/step - loss: 0.0057
[1m8/8[0m [32m━━━━━━━━━━━━━━━━━━━━[0m[37m[0m [1m0s[0m 19ms/step - loss: 0.0062
Epoch 59/200

[1m1/8[0m [32m━━[0m[37m━━━━━━━━━━━━━━━━━━[0m [1m0s[0m 40ms/step - loss: 0.0086
[1m5/8[0m [32m━━━━━━━━━━━━[0m[37m━━━━━━━━[0m [1m0s[0m 16ms/step - loss: 0.0074
[1m8/8[0m [32m━━━━━━━━━━━━━━━━━━━━[0m[37m[0m [1m0s[0m 21ms/step - loss: 0.0064
Epoch 60/200

[1m1/8[0m [32m━━[0m[37m━━━━━━━━━━━━━━━━━━[0m [1m0s[0m 45ms/step - loss: 0.0078
[1m4/8[0m [32m━━━━━━━━━━[0m[37m━━━━━━━━━━[0m [1m0s[0m 17ms/step - loss: 0.0076
[1m8/8[0m [32m━━━━━━━━━━━━━━━━━━━━[0m[37m[0m [1m0s[0m 17ms/step - loss: 0.0070
[1m8/8[0m [32m━━━━━━━━━━━━━━━━━━━━[0m[37m[0m [1m0s[0m 20ms/step - loss: 0.0060
Epoch 61/200

[1m1/8[0m [32m━━[0m[37m━━━━━━━━━━━━━━━━━━[0m [1m0s[0m 44ms/step - loss: 0.0031
[1m5/8[0m [32m━━━━━━━━━━━━[0m[37m━━━━━━━━[0m [1m0s[0m 16ms/step - loss: 0.0051
[1m8/8[0m [32m━━━━━━━━━━━━━━━━━━━━[0m[37m[0m [1m0s[0m 16ms/step - loss: 0.0056
[1m8/8[0m [32m━━━━━━━━━━━━━━━━━━━━[0m[37m[0m [1m0s[0m 20ms/step - loss: 0.0066
Epoch 62/200

[1m1/8[0m [32m━━[0m[37m━━━━━━━━━━━━━━━━━━[0m [1m0s[0m 73ms/step - loss: 0.0020
[1m3/8[0m [32m━━━━━━━[0m[37m━━━━━━━━━━━━━[0m [1m0s[0m 27ms/step - loss: 0.0038
[1m6/8[0m [32m━━━━━━━━━━━━━━━[0m[37m━━━━━[0m [1m0s[0m 22ms/step - loss: 0.0045
[1m8/8[0m [32m━━━━━━━━━━━━━━━━━━━━[0m[37m[0m [1m0s[0m 25ms/step - loss: 0.0064
Epoch 63/200

[1m1/8[0m [32m━━[0m[37m━━━━━━━━━━━━━━━━━━[0m [1m0s[0m 47ms/step - loss: 0.0024
[1m4/8[0m [32m━━━━━━━━━━[0m[37m━━━━━━━━━━[0m [1m0s[0m 18ms/step - loss: 0.0030
[1m7/8[0m [32m━━━━━━━━━━━━━━━━━[0m[37m━━━[0m [1m0s[0m 19ms/step - loss: 0.0038
[1m8/8[0m [32m━━━━━━━━━━━━━━━━━━━━[0m[37m[0m [1m0s[0m 23ms/step - loss: 0.0058
Epoch 64/200

[1m1/8[0m [32m━━[0m[37m━━━━━━━━━━━━━━━━━━[0m [1m0s[0m 44ms/step - loss: 0.0028
[1m4/8[0m [32m━━━━━━━━━━[0m[37m━━━━━━━━━━[0m [1m0s[0m 18ms/step - loss: 0.0045
[1m8/8[0m [32m━━━━━━━━━━━━━━━━━━━━[0m[37m[0m [1m0s[0m 17ms/step - loss: 0.0047
[1m8/8[0m [32m━━━━━━━━━━━━━━━━━━━━[0m[37m[0m [1m0s[0m 21ms/step - loss: 0.0051
Epoch 65/200

[1m1/8[0m [32m━━[0m[37m━━━━━━━━━━━━━━━━━━[0m [1m0s[0m 46ms/step - loss: 0.0068
[1m4/8[0m [32m━━━━━━━━━━[0m[37m━━━━━━━━━━[0m [1m0s[0m 22ms/step - loss: 0.0068
[1m7/8[0m [32m━━━━━━━━━━━━━━━━━[0m[37m━━━[0m [1m0s[0m 19ms/step - loss: 0.0068
[1m8/8[0m [32m━━━━━━━━━━━━━━━━━━━━[0m[37m[0m [1m0s[0m 22ms/step - loss: 0.0067
Epoch 66/200

[1m1/8[0m [32m━━[0m[37m━━━━━━━━━━━━━━━━━━[0m [1m0s[0m 45ms/step - loss: 0.0068
[1m5/8[0m [32m━━━━━━━━━━━━[0m[37m━━━━━━━━[0m [1m0s[0m 16ms/step - loss: 0.0058
[1m8/8[0m [32m━━━━━━━━━━━━━━━━━━━━[0m[37m[0m [1m0s[0m 20ms/step - loss: 0.0067
Epoch 67/200

[1m1/8[0m [32m━━[0m[37m━━━━━━━━━━━━━━━━━━[0m [1m0s[0m 52ms/step - loss: 0.0034
[1m5/8[0m [32m━━━━━━━━━━━━[0m[37m━━━━━━━━[0m [1m0s[0m 15ms/step - loss: 0.0048
[1m8/8[0m [32m━━━━━━━━━━━━━━━━━━━━[0m[37m[0m [1m0s[0m 18ms/step - loss: 0.0054
Epoch 68/200

[1m1/8[0m [32m━━[0m[37m━━━━━━━━━━━━━━━━━━[0m [1m0s[0m 42ms/step - loss: 0.0076
[1m5/8[0m [32m━━━━━━━━━━━━[0m[37m━━━━━━━━[0m [1m0s[0m 15ms/step - loss: 0.0060
[1m8/8[0m [32m━━━━━━━━━━━━━━━━━━━━[0m[37m[0m [1m0s[0m 19ms/step - loss: 0.0054
Epoch 69/200

[1m1/8[0m [32m━━[0m[37m━━━━━━━━━━━━━━━━━━[0m [1m0s[0m 50ms/step - loss: 0.0027
[1m5/8[0m [32m━━━━━━━━━━━━[0m[37m━━━━━━━━[0m [1m0s[0m 15ms/step - loss: 0.0066
[1m8/8[0m [32m━━━━━━━━━━━━━━━━━━━━[0m[37m[0m [1m0s[0m 19ms/step - loss: 0.0066
Epoch 70/200

[1m1/8[0m [32m━━[0m[37m━━━━━━━━━━━━━━━━━━[0m [1m0s[0m 48ms/step - loss: 0.0075
[1m5/8[0m [32m━━━━━━━━━━━━[0m[37m━━━━━━━━[0m [1m0s[0m 15ms/step - loss: 0.0061
[1m8/8[0m [32m━━━━━━━━━━━━━━━━━━━━[0m[37m[0m [1m0s[0m 19ms/step - loss: 0.0060
Epoch 71/200

[1m1/8[0m [32m━━[0m[37m━━━━━━━━━━━━━━━━━━[0m [1m0s[0m 49ms/step - loss: 0.0029
[1m5/8[0m [32m━━━━━━━━━━━━[0m[37m━━━━━━━━[0m [1m0s[0m 20ms/step - loss: 0.0054
[1m8/8[0m [32m━━━━━━━━━━━━━━━━━━━━[0m[37m[0m [1m0s[0m 19ms/step - loss: 0.0055
[1m8/8[0m [32m━━━━━━━━━━━━━━━━━━━━[0m[37m[0m [1m0s[0m 23ms/step - loss: 0.0057
Epoch 72/200

[1m1/8[0m [32m━━[0m[37m━━━━━━━━━━━━━━━━━━[0m [1m0s[0m 52ms/step - loss: 0.0039
[1m5/8[0m [32m━━━━━━━━━━━━[0m[37m━━━━━━━━[0m [1m0s[0m 16ms/step - loss: 0.0050
[1m8/8[0m [32m━━━━━━━━━━━━━━━━━━━━[0m[37m[0m [1m0s[0m 19ms/step - loss: 0.0051
Epoch 73/200

[1m1/8[0m [32m━━[0m[37m━━━━━━━━━━━━━━━━━━[0m [1m0s[0m 51ms/step - loss: 0.0049
[1m5/8[0m [32m━━━━━━━━━━━━[0m[37m━━━━━━━━[0m [1m0s[0m 16ms/step - loss: 0.0047
[1m8/8[0m [32m━━━━━━━━━━━━━━━━━━━━[0m[37m[0m [1m0s[0m 21ms/step - loss: 0.0054
Epoch 74/200

[1m1/8[0m [32m━━[0m[37m━━━━━━━━━━━━━━━━━━[0m [1m0s[0m 59ms/step - loss: 0.0025
[1m5/8[0m [32m━━━━━━━━━━━━[0m[37m━━━━━━━━[0m [1m0s[0m 16ms/step - loss: 0.0038
[1m8/8[0m [32m━━━━━━━━━━━━━━━━━━━━[0m[37m[0m [1m0s[0m 21ms/step - loss: 0.0050
Epoch 75/200

[1m1/8[0m [32m━━[0m[37m━━━━━━━━━━━━━━━━━━[0m [1m0s[0m 92ms/step - loss: 0.0095
[1m5/8[0m [32m━━━━━━━━━━━━[0m[37m━━━━━━━━[0m [1m0s[0m 14ms/step - loss: 0.0064
[1m8/8[0m [32m━━━━━━━━━━━━━━━━━━━━[0m[37m[0m [1m0s[0m 18ms/step - loss: 0.0056
Epoch 76/200

[1m1/8[0m [32m━━[0m[37m━━━━━━━━━━━━━━━━━━[0m [1m0s[0m 44ms/step - loss: 0.0083
[1m4/8[0m [32m━━━━━━━━━━[0m[37m━━━━━━━━━━[0m [1m0s[0m 17ms/step - loss: 0.0072
[1m8/8[0m [32m━━━━━━━━━━━━━━━━━━━━[0m[37m[0m [1m0s[0m 16ms/step - loss: 0.0065
[1m8/8[0m [32m━━━━━━━━━━━━━━━━━━━━[0m[37m[0m [1m0s[0m 20ms/step - loss: 0.0057
Epoch 77/200

[1m1/8[0m [32m━━[0m[37m━━━━━━━━━━━━━━━━━━[0m [1m0s[0m 47ms/step - loss: 0.0060
[1m5/8[0m [32m━━━━━━━━━━━━[0m[37m━━━━━━━━[0m [1m0s[0m 15ms/step - loss: 0.0059
[1m8/8[0m [32m━━━━━━━━━━━━━━━━━━━━[0m[37m[0m [1m0s[0m 20ms/step - loss: 0.0059
Epoch 78/200

[1m1/8[0m [32m━━[0m[37m━━━━━━━━━━━━━━━━━━[0m [1m0s[0m 53ms/step - loss: 0.0106
[1m5/8[0m [32m━━━━━━━━━━━━[0m[37m━━━━━━━━[0m [1m0s[0m 15ms/step - loss: 0.0074
[1m8/8[0m [32m━━━━━━━━━━━━━━━━━━━━[0m[37m[0m [1m0s[0m 20ms/step - loss: 0.0054
Epoch 79/200

[1m1/8[0m [32m━━[0m[37m━━━━━━━━━━━━━━━━━━[0m [1m0s[0m 54ms/step - loss: 0.0043
[1m5/8[0m [32m━━━━━━━━━━━━[0m[37m━━━━━━━━[0m [1m0s[0m 16ms/step - loss: 0.0052
[1m8/8[0m [32m━━━━━━━━━━━━━━━━━━━━[0m[37m[0m [1m0s[0m 17ms/step - loss: 0.0055
[1m8/8[0m [32m━━━━━━━━━━━━━━━━━━━━[0m[37m[0m [1m0s[0m 22ms/step - loss: 0.0060
Epoch 80/200

[1m1/8[0m [32m━━[0m[37m━━━━━━━━━━━━━━━━━━[0m [1m0s[0m 62ms/step - loss: 0.0051
[1m5/8[0m [32m━━━━━━━━━━━━[0m[37m━━━━━━━━[0m [1m0s[0m 15ms/step - loss: 0.0059
[1m8/8[0m [32m━━━━━━━━━━━━━━━━━━━━[0m[37m[0m [1m0s[0m 19ms/step - loss: 0.0059
Epoch 81/200

[1m1/8[0m [32m━━[0m[37m━━━━━━━━━━━━━━━━━━[0m [1m0s[0m 48ms/step - loss: 0.0060
[1m5/8[0m [32m━━━━━━━━━━━━[0m[37m━━━━━━━━[0m [1m0s[0m 17ms/step - loss: 0.0056
[1m8/8[0m [32m━━━━━━━━━━━━━━━━━━━━[0m[37m[0m [1m0s[0m 20ms/step - loss: 0.0047
Epoch 82/200

[1m1/8[0m [32m━━[0m[37m━━━━━━━━━━━━━━━━━━[0m [1m0s[0m 39ms/step - loss: 0.0055
[1m5/8[0m [32m━━━━━━━━━━━━[0m[37m━━━━━━━━[0m [1m0s[0m 14ms/step - loss: 0.0050
[1m8/8[0m [32m━━━━━━━━━━━━━━━━━━━━[0m[37m[0m [1m0s[0m 20ms/step - loss: 0.0052
Epoch 83/200

[1m1/8[0m [32m━━[0m[37m━━━━━━━━━━━━━━━━━━[0m [1m0s[0m 54ms/step - loss: 0.0091
[1m5/8[0m [32m━━━━━━━━━━━━[0m[37m━━━━━━━━[0m [1m0s[0m 15ms/step - loss: 0.0068
[1m8/8[0m [32m━━━━━━━━━━━━━━━━━━━━[0m[37m[0m [1m0s[0m 18ms/step - loss: 0.0064
Epoch 84/200

[1m1/8[0m [32m━━[0m[37m━━━━━━━━━━━━━━━━━━[0m [1m0s[0m 40ms/step - loss: 0.0038
[1m5/8[0m [32m━━━━━━━━━━━━[0m[37m━━━━━━━━[0m [1m0s[0m 15ms/step - loss: 0.0051
[1m8/8[0m [32m━━━━━━━━━━━━━━━━━━━━[0m[37m[0m [1m0s[0m 18ms/step - loss: 0.0063
Epoch 85/200

[1m1/8[0m [32m━━[0m[37m━━━━━━━━━━━━━━━━━━[0m [1m0s[0m 44ms/step - loss: 0.0088
[1m5/8[0m [32m━━━━━━━━━━━━[0m[37m━━━━━━━━[0m [1m0s[0m 15ms/step - loss: 0.0061
[1m8/8[0m [32m━━━━━━━━━━━━━━━━━━━━[0m[37m[0m [1m0s[0m 18ms/step - loss: 0.0056
Epoch 86/200

[1m1/8[0m [32m━━[0m[37m━━━━━━━━━━━━━━━━━━[0m [1m0s[0m 42ms/step - loss: 0.0071
[1m5/8[0m [32m━━━━━━━━━━━━[0m[37m━━━━━━━━[0m [1m0s[0m 15ms/step - loss: 0.0064
[1m8/8[0m [32m━━━━━━━━━━━━━━━━━━━━[0m[37m[0m [1m0s[0m 19ms/step - loss: 0.0061
Epoch 87/200

[1m1/8[0m [32m━━[0m[37m━━━━━━━━━━━━━━━━━━[0m [1m0s[0m 51ms/step - loss: 0.0086
[1m5/8[0m [32m━━━━━━━━━━━━[0m[37m━━━━━━━━[0m [1m0s[0m 15ms/step - loss: 0.0071
[1m8/8[0m [32m━━━━━━━━━━━━━━━━━━━━[0m[37m[0m [1m0s[0m 18ms/step - loss: 0.0056
Epoch 88/200

[1m1/8[0m [32m━━[0m[37m━━━━━━━━━━━━━━━━━━[0m [1m0s[0m 42ms/step - loss: 0.0074
[1m5/8[0m [32m━━━━━━━━━━━━[0m[37m━━━━━━━━[0m [1m0s[0m 15ms/step - loss: 0.0065
[1m8/8[0m [32m━━━━━━━━━━━━━━━━━━━━[0m[37m[0m [1m0s[0m 19ms/step - loss: 0.0058
Epoch 89/200

[1m1/8[0m [32m━━[0m[37m━━━━━━━━━━━━━━━━━━[0m [1m0s[0m 58ms/step - loss: 0.0079
[1m5/8[0m [32m━━━━━━━━━━━━[0m[37m━━━━━━━━[0m [1m0s[0m 14ms/step - loss: 0.0066
[1m8/8[0m [32m━━━━━━━━━━━━━━━━━━━━[0m[37m[0m [1m0s[0m 17ms/step - loss: 0.0055
Epoch 90/200

[1m1/8[0m [32m━━[0m[37m━━━━━━━━━━━━━━━━━━[0m [1m0s[0m 42ms/step - loss: 0.0084
[1m5/8[0m [32m━━━━━━━━━━━━[0m[37m━━━━━━━━[0m [1m0s[0m 15ms/step - loss: 0.0074
[1m8/8[0m [32m━━━━━━━━━━━━━━━━━━━━[0m[37m[0m [1m0s[0m 16ms/step - loss: 0.0069
[1m8/8[0m [32m━━━━━━━━━━━━━━━━━━━━[0m[37m[0m [1m0s[0m 27ms/step - loss: 0.0059
Epoch 91/200

[1m1/8[0m [32m━━[0m[37m━━━━━━━━━━━━━━━━━━[0m [1m0s[0m 48ms/step - loss: 0.0045
[1m5/8[0m [32m━━━━━━━━━━━━[0m[37m━━━━━━━━[0m [1m0s[0m 15ms/step - loss: 0.0047
[1m8/8[0m [32m━━━━━━━━━━━━━━━━━━━━[0m[37m[0m [1m0s[0m 19ms/step - loss: 0.0055
Epoch 92/200

[1m1/8[0m [32m━━[0m[37m━━━━━━━━━━━━━━━━━━[0m [1m0s[0m 48ms/step - loss: 0.0080
[1m4/8[0m [32m━━━━━━━━━━[0m[37m━━━━━━━━━━[0m [1m0s[0m 17ms/step - loss: 0.0061
[1m8/8[0m [32m━━━━━━━━━━━━━━━━━━━━[0m[37m[0m [1m0s[0m 16ms/step - loss: 0.0054
[1m8/8[0m [32m━━━━━━━━━━━━━━━━━━━━[0m[37m[0m [1m0s[0m 20ms/step - loss: 0.0048
Epoch 93/200

[1m1/8[0m [32m━━[0m[37m━━━━━━━━━━━━━━━━━━[0m [1m0s[0m 43ms/step - loss: 0.0038
[1m5/8[0m [32m━━━━━━━━━━━━[0m[37m━━━━━━━━[0m [1m0s[0m 15ms/step - loss: 0.0042
[1m8/8[0m [32m━━━━━━━━━━━━━━━━━━━━[0m[37m[0m [1m0s[0m 19ms/step - loss: 0.0052
Epoch 94/200

[1m1/8[0m [32m━━[0m[37m━━━━━━━━━━━━━━━━━━[0m [1m0s[0m 47ms/step - loss: 0.0035
[1m5/8[0m [32m━━━━━━━━━━━━[0m[37m━━━━━━━━[0m [1m0s[0m 16ms/step - loss: 0.0052
[1m8/8[0m [32m━━━━━━━━━━━━━━━━━━━━[0m[37m[0m [1m0s[0m 21ms/step - loss: 0.0051
Epoch 95/200

[1m1/8[0m [32m━━[0m[37m━━━━━━━━━━━━━━━━━━[0m [1m0s[0m 48ms/step - loss: 0.0038
[1m5/8[0m [32m━━━━━━━━━━━━[0m[37m━━━━━━━━[0m [1m0s[0m 15ms/step - loss: 0.0050
[1m8/8[0m [32m━━━━━━━━━━━━━━━━━━━━[0m[37m[0m [1m0s[0m 18ms/step - loss: 0.0057
Epoch 96/200

[1m1/8[0m [32m━━[0m[37m━━━━━━━━━━━━━━━━━━[0m [1m0s[0m 42ms/step - loss: 0.0064
[1m5/8[0m [32m━━━━━━━━━━━━[0m[37m━━━━━━━━[0m [1m0s[0m 16ms/step - loss: 0.0049
[1m8/8[0m [32m━━━━━━━━━━━━━━━━━━━━[0m[37m[0m [1m0s[0m 19ms/step - loss: 0.0055
Epoch 97/200

[1m1/8[0m [32m━━[0m[37m━━━━━━━━━━━━━━━━━━[0m [1m0s[0m 43ms/step - loss: 0.0025
[1m5/8[0m [32m━━━━━━━━━━━━[0m[37m━━━━━━━━[0m [1m0s[0m 16ms/step - loss: 0.0039
[1m8/8[0m [32m━━━━━━━━━━━━━━━━━━━━[0m[37m[0m [1m0s[0m 20ms/step - loss: 0.0050
Epoch 98/200

[1m1/8[0m [32m━━[0m[37m━━━━━━━━━━━━━━━━━━[0m [1m0s[0m 44ms/step - loss: 0.0031
[1m5/8[0m [32m━━━━━━━━━━━━[0m[37m━━━━━━━━[0m [1m0s[0m 15ms/step - loss: 0.0057
[1m8/8[0m [32m━━━━━━━━━━━━━━━━━━━━[0m[37m[0m [1m0s[0m 19ms/step - loss: 0.0052
Epoch 99/200

[1m1/8[0m [32m━━[0m[37m━━━━━━━━━━━━━━━━━━[0m [1m0s[0m 52ms/step - loss: 0.0069
[1m4/8[0m [32m━━━━━━━━━━[0m[37m━━━━━━━━━━[0m [1m0s[0m 17ms/step - loss: 0.0067
[1m7/8[0m [32m━━━━━━━━━━━━━━━━━[0m[37m━━━[0m [1m0s[0m 17ms/step - loss: 0.0064
[1m8/8[0m [32m━━━━━━━━━━━━━━━━━━━━[0m[37m[0m [1m0s[0m 20ms/step - loss: 0.0053
Epoch 100/200

[1m1/8[0m [32m━━[0m[37m━━━━━━━━━━━━━━━━━━[0m [1m0s[0m 43ms/step - loss: 0.0080
[1m5/8[0m [32m━━━━━━━━━━━━[0m[37m━━━━━━━━[0m [1m0s[0m 14ms/step - loss: 0.0058
[1m8/8[0m [32m━━━━━━━━━━━━━━━━━━━━[0m[37m[0m [1m0s[0m 18ms/step - loss: 0.0053
Epoch 101/200

[1m1/8[0m [32m━━[0m[37m━━━━━━━━━━━━━━━━━━[0m [1m0s[0m 42ms/step - loss: 0.0053
[1m5/8[0m [32m━━━━━━━━━━━━[0m[37m━━━━━━━━[0m [1m0s[0m 16ms/step - loss: 0.0064
[1m8/8[0m [32m━━━━━━━━━━━━━━━━━━━━[0m[37m[0m [1m0s[0m 19ms/step - loss: 0.0056
Epoch 102/200

[1m1/8[0m [32m━━[0m[37m━━━━━━━━━━━━━━━━━━[0m [1m0s[0m 45ms/step - loss: 0.0036
[1m5/8[0m [32m━━━━━━━━━━━━[0m[37m━━━━━━━━[0m [1m0s[0m 13ms/step - loss: 0.0043
[1m8/8[0m [32m━━━━━━━━━━━━━━━━━━━━[0m[37m[0m [1m0s[0m 16ms/step - loss: 0.0051
Epoch 103/200

[1m1/8[0m [32m━━[0m[37m━━━━━━━━━━━━━━━━━━[0m [1m0s[0m 44ms/step - loss: 0.0034
[1m5/8[0m [32m━━━━━━━━━━━━[0m[37m━━━━━━━━[0m [1m0s[0m 16ms/step - loss: 0.0040
[1m8/8[0m [32m━━━━━━━━━━━━━━━━━━━━[0m[37m[0m [1m0s[0m 18ms/step - loss: 0.0060
Epoch 104/200

[1m1/8[0m [32m━━[0m[37m━━━━━━━━━━━━━━━━━━[0m [1m0s[0m 44ms/step - loss: 0.0081
[1m4/8[0m [32m━━━━━━━━━━[0m[37m━━━━━━━━━━[0m [1m0s[0m 17ms/step - loss: 0.0064
[1m8/8[0m [32m━━━━━━━━━━━━━━━━━━━━[0m[37m[0m [1m0s[0m 17ms/step - loss: 0.0060
[1m8/8[0m [32m━━━━━━━━━━━━━━━━━━━━[0m[37m[0m [1m0s[0m 20ms/step - loss: 0.0051
Epoch 105/200

[1m1/8[0m [32m━━[0m[37m━━━━━━━━━━━━━━━━━━[0m [1m0s[0m 46ms/step - loss: 0.0083
[1m5/8[0m [32m━━━━━━━━━━━━[0m[37m━━━━━━━━[0m [1m0s[0m 16ms/step - loss: 0.0061
[1m8/8[0m [32m━━━━━━━━━━━━━━━━━━━━[0m[37m[0m [1m0s[0m 19ms/step - loss: 0.0053
Epoch 106/200

[1m1/8[0m [32m━━[0m[37m━━━━━━━━━━━━━━━━━━[0m [1m0s[0m 38ms/step - loss: 0.0055
[1m5/8[0m [32m━━━━━━━━━━━━[0m[37m━━━━━━━━[0m [1m0s[0m 13ms/step - loss: 0.0064
[1m8/8[0m [32m━━━━━━━━━━━━━━━━━━━━[0m[37m[0m [1m0s[0m 19ms/step - loss: 0.0058
Epoch 107/200

[1m1/8[0m [32m━━[0m[37m━━━━━━━━━━━━━━━━━━[0m [1m0s[0m 59ms/step - loss: 0.0039
[1m4/8[0m [32m━━━━━━━━━━[0m[37m━━━━━━━━━━[0m [1m0s[0m 18ms/step - loss: 0.0053
[1m8/8[0m [32m━━━━━━━━━━━━━━━━━━━━[0m[37m[0m [1m0s[0m 18ms/step - loss: 0.0054
[1m8/8[0m [32m━━━━━━━━━━━━━━━━━━━━[0m[37m[0m [1m0s[0m 23ms/step - loss: 0.0054
Epoch 108/200

[1m1/8[0m [32m━━[0m[37m━━━━━━━━━━━━━━━━━━[0m [1m0s[0m 55ms/step - loss: 0.0037
[1m4/8[0m [32m━━━━━━━━━━[0m[37m━━━━━━━━━━[0m [1m0s[0m 17ms/step - loss: 0.0049
[1m8/8[0m [32m━━━━━━━━━━━━━━━━━━━━[0m[37m[0m [1m0s[0m 16ms/step - loss: 0.0054
[1m8/8[0m [32m━━━━━━━━━━━━━━━━━━━━[0m[37m[0m [1m0s[0m 19ms/step - loss: 0.0056
Epoch 109/200

[1m1/8[0m [32m━━[0m[37m━━━━━━━━━━━━━━━━━━[0m [1m0s[0m 44ms/step - loss: 0.0047
[1m5/8[0m [32m━━━━━━━━━━━━[0m[37m━━━━━━━━[0m [1m0s[0m 16ms/step - loss: 0.0047
[1m8/8[0m [32m━━━━━━━━━━━━━━━━━━━━[0m[37m[0m [1m0s[0m 20ms/step - loss: 0.0048
Epoch 110/200

[1m1/8[0m [32m━━[0m[37m━━━━━━━━━━━━━━━━━━[0m [1m0s[0m 79ms/step - loss: 0.0056
[1m5/8[0m [32m━━━━━━━━━━━━[0m[37m━━━━━━━━[0m [1m0s[0m 14ms/step - loss: 0.0050
[1m8/8[0m [32m━━━━━━━━━━━━━━━━━━━━[0m[37m[0m [1m0s[0m 19ms/step - loss: 0.0053
Epoch 111/200

[1m1/8[0m [32m━━[0m[37m━━━━━━━━━━━━━━━━━━[0m [1m0s[0m 53ms/step - loss: 0.0078
[1m5/8[0m [32m━━━━━━━━━━━━[0m[37m━━━━━━━━[0m [1m0s[0m 17ms/step - loss: 0.0059
[1m8/8[0m [32m━━━━━━━━━━━━━━━━━━━━[0m[37m[0m [1m0s[0m 23ms/step - loss: 0.0045
Epoch 112/200

[1m1/8[0m [32m━━[0m[37m━━━━━━━━━━━━━━━━━━[0m [1m0s[0m 41ms/step - loss: 0.0060
[1m5/8[0m [32m━━━━━━━━━━━━[0m[37m━━━━━━━━[0m [1m0s[0m 14ms/step - loss: 0.0058
[1m8/8[0m [32m━━━━━━━━━━━━━━━━━━━━[0m[37m[0m [1m0s[0m 17ms/step - loss: 0.0053
Epoch 113/200

[1m1/8[0m [32m━━[0m[37m━━━━━━━━━━━━━━━━━━[0m [1m0s[0m 41ms/step - loss: 0.0039
[1m5/8[0m [32m━━━━━━━━━━━━[0m[37m━━━━━━━━[0m [1m0s[0m 17ms/step - loss: 0.0040
[1m8/8[0m [32m━━━━━━━━━━━━━━━━━━━━[0m[37m[0m [1m0s[0m 19ms/step - loss: 0.0054
Epoch 114/200

[1m1/8[0m [32m━━[0m[37m━━━━━━━━━━━━━━━━━━[0m [1m0s[0m 40ms/step - loss: 0.0032
[1m5/8[0m [32m━━━━━━━━━━━━[0m[37m━━━━━━━━[0m [1m0s[0m 15ms/step - loss: 0.0041
[1m8/8[0m [32m━━━━━━━━━━━━━━━━━━━━[0m[37m[0m [1m0s[0m 19ms/step - loss: 0.0050
Epoch 115/200

[1m1/8[0m [32m━━[0m[37m━━━━━━━━━━━━━━━━━━[0m [1m0s[0m 39ms/step - loss: 0.0023
[1m5/8[0m [32m━━━━━━━━━━━━[0m[37m━━━━━━━━[0m [1m0s[0m 13ms/step - loss: 0.0050
[1m8/8[0m [32m━━━━━━━━━━━━━━━━━━━━[0m[37m[0m [1m0s[0m 18ms/step - loss: 0.0052
Epoch 116/200

[1m1/8[0m [32m━━[0m[37m━━━━━━━━━━━━━━━━━━[0m [1m0s[0m 49ms/step - loss: 0.0034
[1m5/8[0m [32m━━━━━━━━━━━━[0m[37m━━━━━━━━[0m [1m0s[0m 15ms/step - loss: 0.0039
[1m8/8[0m [32m━━━━━━━━━━━━━━━━━━━━[0m[37m[0m [1m0s[0m 17ms/step - loss: 0.0051
Epoch 117/200

[1m1/8[0m [32m━━[0m[37m━━━━━━━━━━━━━━━━━━[0m [1m0s[0m 43ms/step - loss: 0.0028
[1m5/8[0m [32m━━━━━━━━━━━━[0m[37m━━━━━━━━[0m [1m0s[0m 16ms/step - loss: 0.0032
[1m8/8[0m [32m━━━━━━━━━━━━━━━━━━━━[0m[37m[0m [1m0s[0m 19ms/step - loss: 0.0045
Epoch 118/200

[1m1/8[0m [32m━━[0m[37m━━━━━━━━━━━━━━━━━━[0m [1m0s[0m 45ms/step - loss: 0.0032
[1m5/8[0m [32m━━━━━━━━━━━━[0m[37m━━━━━━━━[0m [1m0s[0m 15ms/step - loss: 0.0047
[1m8/8[0m [32m━━━━━━━━━━━━━━━━━━━━[0m[37m[0m [1m0s[0m 19ms/step - loss: 0.0049
Epoch 119/200

[1m1/8[0m [32m━━[0m[37m━━━━━━━━━━━━━━━━━━[0m [1m0s[0m 46ms/step - loss: 0.0029
[1m3/8[0m [32m━━━━━━━[0m[37m━━━━━━━━━━━━━[0m [1m0s[0m 34ms/step - loss: 0.0047
[1m6/8[0m [32m━━━━━━━━━━━━━━━[0m[37m━━━━━[0m [1m0s[0m 25ms/step - loss: 0.0051
[1m8/8[0m [32m━━━━━━━━━━━━━━━━━━━━[0m[37m[0m [1m0s[0m 26ms/step - loss: 0.0051
Epoch 120/200

[1m1/8[0m [32m━━[0m[37m━━━━━━━━━━━━━━━━━━[0m [1m0s[0m 41ms/step - loss: 0.0050
[1m5/8[0m [32m━━━━━━━━━━━━[0m[37m━━━━━━━━[0m [1m0s[0m 13ms/step - loss: 0.0054
[1m8/8[0m [32m━━━━━━━━━━━━━━━━━━━━[0m[37m[0m [1m0s[0m 17ms/step - loss: 0.0054
Epoch 121/200

[1m1/8[0m [32m━━[0m[37m━━━━━━━━━━━━━━━━━━[0m [1m0s[0m 48ms/step - loss: 0.0032
[1m5/8[0m [32m━━━━━━━━━━━━[0m[37m━━━━━━━━[0m [1m0s[0m 15ms/step - loss: 0.0046
[1m8/8[0m [32m━━━━━━━━━━━━━━━━━━━━[0m[37m[0m [1m0s[0m 19ms/step - loss: 0.0052
Epoch 122/200

[1m1/8[0m [32m━━[0m[37m━━━━━━━━━━━━━━━━━━[0m [1m0s[0m 44ms/step - loss: 0.0046
[1m4/8[0m [32m━━━━━━━━━━[0m[37m━━━━━━━━━━[0m [1m0s[0m 17ms/step - loss: 0.0052
[1m8/8[0m [32m━━━━━━━━━━━━━━━━━━━━[0m[37m[0m [1m0s[0m 17ms/step - loss: 0.0050
[1m8/8[0m [32m━━━━━━━━━━━━━━━━━━━━[0m[37m[0m [1m0s[0m 21ms/step - loss: 0.0048
Epoch 123/200

[1m1/8[0m [32m━━[0m[37m━━━━━━━━━━━━━━━━━━[0m [1m0s[0m 45ms/step - loss: 0.0047
[1m5/8[0m [32m━━━━━━━━━━━━[0m[37m━━━━━━━━[0m [1m0s[0m 16ms/step - loss: 0.0051
[1m8/8[0m [32m━━━━━━━━━━━━━━━━━━━━[0m[37m[0m [1m0s[0m 20ms/step - loss: 0.0052
Epoch 124/200

[1m1/8[0m [32m━━[0m[37m━━━━━━━━━━━━━━━━━━[0m [1m0s[0m 57ms/step - loss: 0.0065
[1m5/8[0m [32m━━━━━━━━━━━━[0m[37m━━━━━━━━[0m [1m0s[0m 16ms/step - loss: 0.0062
[1m8/8[0m [32m━━━━━━━━━━━━━━━━━━━━[0m[37m[0m [1m0s[0m 19ms/step - loss: 0.0053
Epoch 125/200

[1m1/8[0m [32m━━[0m[37m━━━━━━━━━━━━━━━━━━[0m [1m0s[0m 43ms/step - loss: 0.0066
[1m5/8[0m [32m━━━━━━━━━━━━[0m[37m━━━━━━━━[0m [1m0s[0m 15ms/step - loss: 0.0049
[1m8/8[0m [32m━━━━━━━━━━━━━━━━━━━━[0m[37m[0m [1m0s[0m 19ms/step - loss: 0.0048
Epoch 126/200

[1m1/8[0m [32m━━[0m[37m━━━━━━━━━━━━━━━━━━[0m [1m0s[0m 51ms/step - loss: 0.0040
[1m5/8[0m [32m━━━━━━━━━━━━[0m[37m━━━━━━━━[0m [1m0s[0m 16ms/step - loss: 0.0042
[1m8/8[0m [32m━━━━━━━━━━━━━━━━━━━━[0m[37m[0m [1m0s[0m 20ms/step - loss: 0.0047
Epoch 127/200

[1m1/8[0m [32m━━[0m[37m━━━━━━━━━━━━━━━━━━[0m [1m0s[0m 40ms/step - loss: 0.0039
[1m5/8[0m [32m━━━━━━━━━━━━[0m[37m━━━━━━━━[0m [1m0s[0m 16ms/step - loss: 0.0058
[1m8/8[0m [32m━━━━━━━━━━━━━━━━━━━━[0m[37m[0m [1m0s[0m 20ms/step - loss: 0.0052
Epoch 128/200

[1m1/8[0m [32m━━[0m[37m━━━━━━━━━━━━━━━━━━[0m [1m0s[0m 51ms/step - loss: 0.0041
[1m5/8[0m [32m━━━━━━━━━━━━[0m[37m━━━━━━━━[0m [1m0s[0m 14ms/step - loss: 0.0039
[1m8/8[0m [32m━━━━━━━━━━━━━━━━━━━━[0m[37m[0m [1m0s[0m 19ms/step - loss: 0.0053
Epoch 129/200

[1m1/8[0m [32m━━[0m[37m━━━━━━━━━━━━━━━━━━[0m [1m0s[0m 51ms/step - loss: 0.0061
[1m4/8[0m [32m━━━━━━━━━━[0m[37m━━━━━━━━━━[0m [1m0s[0m 17ms/step - loss: 0.0052
[1m8/8[0m [32m━━━━━━━━━━━━━━━━━━━━[0m[37m[0m [1m0s[0m 15ms/step - loss: 0.0054
[1m8/8[0m [32m━━━━━━━━━━━━━━━━━━━━[0m[37m[0m [1m0s[0m 19ms/step - loss: 0.0059
Epoch 130/200

[1m1/8[0m [32m━━[0m[37m━━━━━━━━━━━━━━━━━━[0m [1m0s[0m 49ms/step - loss: 0.0031
[1m5/8[0m [32m━━━━━━━━━━━━[0m[37m━━━━━━━━[0m [1m0s[0m 15ms/step - loss: 0.0042
[1m8/8[0m [32m━━━━━━━━━━━━━━━━━━━━[0m[37m[0m [1m0s[0m 18ms/step - loss: 0.0045
Epoch 131/200

[1m1/8[0m [32m━━[0m[37m━━━━━━━━━━━━━━━━━━[0m [1m0s[0m 44ms/step - loss: 0.0055
[1m5/8[0m [32m━━━━━━━━━━━━[0m[37m━━━━━━━━[0m [1m0s[0m 15ms/step - loss: 0.0043
[1m8/8[0m [32m━━━━━━━━━━━━━━━━━━━━[0m[37m[0m [1m0s[0m 19ms/step - loss: 0.0048
Epoch 132/200

[1m1/8[0m [32m━━[0m[37m━━━━━━━━━━━━━━━━━━[0m [1m0s[0m 40ms/step - loss: 0.0069
[1m5/8[0m [32m━━━━━━━━━━━━[0m[37m━━━━━━━━[0m [1m0s[0m 16ms/step - loss: 0.0050
[1m8/8[0m [32m━━━━━━━━━━━━━━━━━━━━[0m[37m[0m [1m0s[0m 19ms/step - loss: 0.0052
Epoch 133/200

[1m1/8[0m [32m━━[0m[37m━━━━━━━━━━━━━━━━━━[0m [1m0s[0m 51ms/step - loss: 0.0062
[1m5/8[0m [32m━━━━━━━━━━━━[0m[37m━━━━━━━━[0m [1m0s[0m 15ms/step - loss: 0.0049
[1m8/8[0m [32m━━━━━━━━━━━━━━━━━━━━[0m[37m[0m [1m0s[0m 20ms/step - loss: 0.0041
Epoch 134/200

[1m1/8[0m [32m━━[0m[37m━━━━━━━━━━━━━━━━━━[0m [1m0s[0m 56ms/step - loss: 0.0095
[1m5/8[0m [32m━━━━━━━━━━━━[0m[37m━━━━━━━━[0m [1m0s[0m 20ms/step - loss: 0.0060
[1m8/8[0m [32m━━━━━━━━━━━━━━━━━━━━[0m[37m[0m [1m0s[0m 19ms/step - loss: 0.0057
[1m8/8[0m [32m━━━━━━━━━━━━━━━━━━━━[0m[37m[0m [1m0s[0m 24ms/step - loss: 0.0050
Epoch 135/200

[1m1/8[0m [32m━━[0m[37m━━━━━━━━━━━━━━━━━━[0m [1m0s[0m 133ms/step - loss: 0.0045
[1m5/8[0m [32m━━━━━━━━━━━━[0m[37m━━━━━━━━[0m [1m0s[0m 14ms/step - loss: 0.0057 
[1m8/8[0m [32m━━━━━━━━━━━━━━━━━━━━[0m[37m[0m [1m0s[0m 19ms/step - loss: 0.0052
Epoch 136/200

[1m1/8[0m [32m━━[0m[37m━━━━━━━━━━━━━━━━━━[0m [1m0s[0m 51ms/step - loss: 0.0028
[1m5/8[0m [32m━━━━━━━━━━━━[0m[37m━━━━━━━━[0m [1m0s[0m 16ms/step - loss: 0.0039
[1m8/8[0m [32m━━━━━━━━━━━━━━━━━━━━[0m[37m[0m [1m0s[0m 20ms/step - loss: 0.0050
Epoch 137/200

[1m1/8[0m [32m━━[0m[37m━━━━━━━━━━━━━━━━━━[0m [1m0s[0m 51ms/step - loss: 0.0030
[1m4/8[0m [32m━━━━━━━━━━[0m[37m━━━━━━━━━━[0m [1m0s[0m 19ms/step - loss: 0.0041
[1m6/8[0m [32m━━━━━━━━━━━━━━━[0m[37m━━━━━[0m [1m0s[0m 27ms/step - loss: 0.0045
[1m8/8[0m [32m━━━━━━━━━━━━━━━━━━━━[0m[37m[0m [1m0s[0m 29ms/step - loss: 0.0052
Epoch 138/200

[1m1/8[0m [32m━━[0m[37m━━━━━━━━━━━━━━━━━━[0m [1m0s[0m 49ms/step - loss: 0.0023
[1m5/8[0m [32m━━━━━━━━━━━━[0m[37m━━━━━━━━[0m [1m0s[0m 15ms/step - loss: 0.0026
[1m8/8[0m [32m━━━━━━━━━━━━━━━━━━━━[0m[37m[0m [1m0s[0m 18ms/step - loss: 0.0044
Epoch 139/200

[1m1/8[0m [32m━━[0m[37m━━━━━━━━━━━━━━━━━━[0m [1m0s[0m 42ms/step - loss: 0.0097
[1m5/8[0m [32m━━━━━━━━━━━━[0m[37m━━━━━━━━[0m [1m0s[0m 15ms/step - loss: 0.0070
[1m8/8[0m [32m━━━━━━━━━━━━━━━━━━━━[0m[37m[0m [1m0s[0m 20ms/step - loss: 0.0046
Epoch 140/200

[1m1/8[0m [32m━━[0m[37m━━━━━━━━━━━━━━━━━━[0m [1m0s[0m 54ms/step - loss: 0.0026
[1m5/8[0m [32m━━━━━━━━━━━━[0m[37m━━━━━━━━[0m [1m0s[0m 15ms/step - loss: 0.0050
[1m8/8[0m [32m━━━━━━━━━━━━━━━━━━━━[0m[37m[0m [1m0s[0m 19ms/step - loss: 0.0049
Epoch 141/200

[1m1/8[0m [32m━━[0m[37m━━━━━━━━━━━━━━━━━━[0m [1m0s[0m 43ms/step - loss: 0.0047
[1m5/8[0m [32m━━━━━━━━━━━━[0m[37m━━━━━━━━[0m [1m0s[0m 14ms/step - loss: 0.0056
[1m8/8[0m [32m━━━━━━━━━━━━━━━━━━━━[0m[37m[0m [1m0s[0m 19ms/step - loss: 0.0050
Epoch 142/200

[1m1/8[0m [32m━━[0m[37m━━━━━━━━━━━━━━━━━━[0m [1m1s[0m 171ms/step - loss: 0.0023
[1m5/8[0m [32m━━━━━━━━━━━━[0m[37m━━━━━━━━[0m [1m0s[0m 13ms/step - loss: 0.0032 
[1m8/8[0m [32m━━━━━━━━━━━━━━━━━━━━[0m[37m[0m [1m0s[0m 16ms/step - loss: 0.0044
Epoch 143/200

[1m1/8[0m [32m━━[0m[37m━━━━━━━━━━━━━━━━━━[0m [1m0s[0m 48ms/step - loss: 0.0044
[1m5/8[0m [32m━━━━━━━━━━━━[0m[37m━━━━━━━━[0m [1m0s[0m 16ms/step - loss: 0.0048
[1m8/8[0m [32m━━━━━━━━━━━━━━━━━━━━[0m[37m[0m [1m0s[0m 20ms/step - loss: 0.0051
Epoch 144/200

[1m1/8[0m [32m━━[0m[37m━━━━━━━━━━━━━━━━━━[0m [1m0s[0m 49ms/step - loss: 0.0026
[1m5/8[0m [32m━━━━━━━━━━━━[0m[37m━━━━━━━━[0m [1m0s[0m 16ms/step - loss: 0.0040
[1m8/8[0m [32m━━━━━━━━━━━━━━━━━━━━[0m[37m[0m [1m0s[0m 19ms/step - loss: 0.0049
Epoch 145/200

[1m1/8[0m [32m━━[0m[37m━━━━━━━━━━━━━━━━━━[0m [1m0s[0m 40ms/step - loss: 0.0075
[1m5/8[0m [32m━━━━━━━━━━━━[0m[37m━━━━━━━━[0m [1m0s[0m 16ms/step - loss: 0.0070
[1m8/8[0m [32m━━━━━━━━━━━━━━━━━━━━[0m[37m[0m [1m0s[0m 19ms/step - loss: 0.0052
Epoch 146/200

[1m1/8[0m [32m━━[0m[37m━━━━━━━━━━━━━━━━━━[0m [1m0s[0m 45ms/step - loss: 0.0055
[1m5/8[0m [32m━━━━━━━━━━━━[0m[37m━━━━━━━━[0m [1m0s[0m 15ms/step - loss: 0.0043
[1m8/8[0m [32m━━━━━━━━━━━━━━━━━━━━[0m[37m[0m [1m0s[0m 19ms/step - loss: 0.0043
Epoch 147/200

[1m1/8[0m [32m━━[0m[37m━━━━━━━━━━━━━━━━━━[0m [1m0s[0m 52ms/step - loss: 0.0084
[1m4/8[0m [32m━━━━━━━━━━[0m[37m━━━━━━━━━━[0m [1m0s[0m 18ms/step - loss: 0.0066
[1m8/8[0m [32m━━━━━━━━━━━━━━━━━━━━[0m[37m[0m [1m0s[0m 16ms/step - loss: 0.0057
[1m8/8[0m [32m━━━━━━━━━━━━━━━━━━━━[0m[37m[0m [1m0s[0m 21ms/step - loss: 0.0047
Epoch 148/200

[1m1/8[0m [32m━━[0m[37m━━━━━━━━━━━━━━━━━━[0m [1m0s[0m 51ms/step - loss: 0.0064
[1m5/8[0m [32m━━━━━━━━━━━━[0m[37m━━━━━━━━[0m [1m0s[0m 16ms/step - loss: 0.0063
[1m8/8[0m [32m━━━━━━━━━━━━━━━━━━━━[0m[37m[0m [1m0s[0m 20ms/step - loss: 0.0049
Epoch 149/200

[1m1/8[0m [32m━━[0m[37m━━━━━━━━━━━━━━━━━━[0m [1m0s[0m 62ms/step - loss: 0.0034
[1m3/8[0m [32m━━━━━━━[0m[37m━━━━━━━━━━━━━[0m [1m0s[0m 34ms/step - loss: 0.0037
[1m5/8[0m [32m━━━━━━━━━━━━[0m[37m━━━━━━━━[0m [1m0s[0m 36ms/step - loss: 0.0039
[1m8/8[0m [32m━━━━━━━━━━━━━━━━━━━━[0m[37m[0m [1m0s[0m 32ms/step - loss: 0.0048
Epoch 150/200

[1m1/8[0m [32m━━[0m[37m━━━━━━━━━━━━━━━━━━[0m [1m0s[0m 54ms/step - loss: 0.0044
[1m5/8[0m [32m━━━━━━━━━━━━[0m[37m━━━━━━━━[0m [1m0s[0m 16ms/step - loss: 0.0050
[1m8/8[0m [32m━━━━━━━━━━━━━━━━━━━━[0m[37m[0m [1m0s[0m 20ms/step - loss: 0.0050
Epoch 151/200

[1m1/8[0m [32m━━[0m[37m━━━━━━━━━━━━━━━━━━[0m [1m0s[0m 46ms/step - loss: 0.0044
[1m5/8[0m [32m━━━━━━━━━━━━[0m[37m━━━━━━━━[0m [1m0s[0m 15ms/step - loss: 0.0049
[1m8/8[0m [32m━━━━━━━━━━━━━━━━━━━━[0m[37m[0m [1m0s[0m 17ms/step - loss: 0.0050
[1m8/8[0m [32m━━━━━━━━━━━━━━━━━━━━[0m[37m[0m [1m0s[0m 22ms/step - loss: 0.0052
Epoch 152/200

[1m1/8[0m [32m━━[0m[37m━━━━━━━━━━━━━━━━━━[0m [1m0s[0m 53ms/step - loss: 0.0041
[1m5/8[0m [32m━━━━━━━━━━━━[0m[37m━━━━━━━━[0m [1m0s[0m 14ms/step - loss: 0.0057
[1m8/8[0m [32m━━━━━━━━━━━━━━━━━━━━[0m[37m[0m [1m0s[0m 19ms/step - loss: 0.0050
Epoch 153/200

[1m1/8[0m [32m━━[0m[37m━━━━━━━━━━━━━━━━━━[0m [1m0s[0m 57ms/step - loss: 0.0042
[1m4/8[0m [32m━━━━━━━━━━[0m[37m━━━━━━━━━━[0m [1m0s[0m 18ms/step - loss: 0.0044
[1m7/8[0m [32m━━━━━━━━━━━━━━━━━[0m[37m━━━[0m [1m0s[0m 18ms/step - loss: 0.0045
[1m8/8[0m [32m━━━━━━━━━━━━━━━━━━━━[0m[37m[0m [1m0s[0m 21ms/step - loss: 0.0049
Epoch 154/200

[1m1/8[0m [32m━━[0m[37m━━━━━━━━━━━━━━━━━━[0m [1m0s[0m 46ms/step - loss: 0.0054
[1m5/8[0m [32m━━━━━━━━━━━━[0m[37m━━━━━━━━[0m [1m0s[0m 17ms/step - loss: 0.0044
[1m8/8[0m [32m━━━━━━━━━━━━━━━━━━━━[0m[37m[0m [1m0s[0m 21ms/step - loss: 0.0042
Epoch 155/200

[1m1/8[0m [32m━━[0m[37m━━━━━━━━━━━━━━━━━━[0m [1m0s[0m 59ms/step - loss: 0.0053
[1m4/8[0m [32m━━━━━━━━━━[0m[37m━━━━━━━━━━[0m [1m0s[0m 21ms/step - loss: 0.0045
[1m8/8[0m [32m━━━━━━━━━━━━━━━━━━━━[0m[37m[0m [1m0s[0m 17ms/step - loss: 0.0047
[1m8/8[0m [32m━━━━━━━━━━━━━━━━━━━━[0m[37m[0m [1m0s[0m 22ms/step - loss: 0.0048
Epoch 156/200

[1m1/8[0m [32m━━[0m[37m━━━━━━━━━━━━━━━━━━[0m [1m0s[0m 47ms/step - loss: 0.0052
[1m5/8[0m [32m━━━━━━━━━━━━[0m[37m━━━━━━━━[0m [1m0s[0m 14ms/step - loss: 0.0046
[1m8/8[0m [32m━━━━━━━━━━━━━━━━━━━━[0m[37m[0m [1m0s[0m 19ms/step - loss: 0.0047
Epoch 157/200

[1m1/8[0m [32m━━[0m[37m━━━━━━━━━━━━━━━━━━[0m [1m0s[0m 49ms/step - loss: 0.0090
[1m5/8[0m [32m━━━━━━━━━━━━[0m[37m━━━━━━━━[0m [1m0s[0m 16ms/step - loss: 0.0063
[1m8/8[0m [32m━━━━━━━━━━━━━━━━━━━━[0m[37m[0m [1m0s[0m 20ms/step - loss: 0.0046
Epoch 158/200

[1m1/8[0m [32m━━[0m[37m━━━━━━━━━━━━━━━━━━[0m [1m0s[0m 49ms/step - loss: 0.0046
[1m4/8[0m [32m━━━━━━━━━━[0m[37m━━━━━━━━━━[0m [1m0s[0m 18ms/step - loss: 0.0042
[1m7/8[0m [32m━━━━━━━━━━━━━━━━━[0m[37m━━━[0m [1m0s[0m 18ms/step - loss: 0.0045
[1m8/8[0m [32m━━━━━━━━━━━━━━━━━━━━[0m[37m[0m [1m0s[0m 22ms/step - loss: 0.0046
Epoch 159/200

[1m1/8[0m [32m━━[0m[37m━━━━━━━━━━━━━━━━━━[0m [1m0s[0m 48ms/step - loss: 0.0056
[1m3/8[0m [32m━━━━━━━[0m[37m━━━━━━━━━━━━━[0m [1m0s[0m 26ms/step - loss: 0.0044
[1m6/8[0m [32m━━━━━━━━━━━━━━━[0m[37m━━━━━[0m [1m0s[0m 21ms/step - loss: 0.0043
[1m8/8[0m [32m━━━━━━━━━━━━━━━━━━━━[0m[37m[0m [1m0s[0m 24ms/step - loss: 0.0047
Epoch 160/200

[1m1/8[0m [32m━━[0m[37m━━━━━━━━━━━━━━━━━━[0m [1m0s[0m 55ms/step - loss: 0.0040
[1m5/8[0m [32m━━━━━━━━━━━━[0m[37m━━━━━━━━[0m [1m0s[0m 16ms/step - loss: 0.0058
[1m8/8[0m [32m━━━━━━━━━━━━━━━━━━━━[0m[37m[0m [1m0s[0m 18ms/step - loss: 0.0050
Epoch 161/200

[1m1/8[0m [32m━━[0m[37m━━━━━━━━━━━━━━━━━━[0m [1m0s[0m 43ms/step - loss: 0.0065
[1m5/8[0m [32m━━━━━━━━━━━━[0m[37m━━━━━━━━[0m [1m0s[0m 16ms/step - loss: 0.0051
[1m8/8[0m [32m━━━━━━━━━━━━━━━━━━━━[0m[37m[0m [1m0s[0m 20ms/step - loss: 0.0044
Epoch 162/200

[1m1/8[0m [32m━━[0m[37m━━━━━━━━━━━━━━━━━━[0m [1m0s[0m 62ms/step - loss: 0.0040
[1m3/8[0m [32m━━━━━━━[0m[37m━━━━━━━━━━━━━[0m [1m0s[0m 37ms/step - loss: 0.0037
[1m6/8[0m [32m━━━━━━━━━━━━━━━[0m[37m━━━━━[0m [1m0s[0m 25ms/step - loss: 0.0039
[1m8/8[0m [32m━━━━━━━━━━━━━━━━━━━━[0m[37m[0m [1m0s[0m 27ms/step - loss: 0.0049
Epoch 163/200

[1m1/8[0m [32m━━[0m[37m━━━━━━━━━━━━━━━━━━[0m [1m0s[0m 59ms/step - loss: 0.0047
[1m4/8[0m [32m━━━━━━━━━━[0m[37m━━━━━━━━━━[0m [1m0s[0m 22ms/step - loss: 0.0042
[1m7/8[0m [32m━━━━━━━━━━━━━━━━━[0m[37m━━━[0m [1m0s[0m 20ms/step - loss: 0.0042
[1m8/8[0m [32m━━━━━━━━━━━━━━━━━━━━[0m[37m[0m [1m0s[0m 24ms/step - loss: 0.0045
Epoch 164/200

[1m1/8[0m [32m━━[0m[37m━━━━━━━━━━━━━━━━━━[0m [1m0s[0m 49ms/step - loss: 0.0022
[1m4/8[0m [32m━━━━━━━━━━[0m[37m━━━━━━━━━━[0m [1m0s[0m 17ms/step - loss: 0.0026
[1m8/8[0m [32m━━━━━━━━━━━━━━━━━━━━[0m[37m[0m [1m0s[0m 16ms/step - loss: 0.0032
[1m8/8[0m [32m━━━━━━━━━━━━━━━━━━━━[0m[37m[0m [1m0s[0m 19ms/step - loss: 0.0040
Epoch 165/200

[1m1/8[0m [32m━━[0m[37m━━━━━━━━━━━━━━━━━━[0m [1m0s[0m 54ms/step - loss: 0.0025
[1m4/8[0m [32m━━━━━━━━━━[0m[37m━━━━━━━━━━[0m [1m0s[0m 17ms/step - loss: 0.0033
[1m8/8[0m [32m━━━━━━━━━━━━━━━━━━━━[0m[37m[0m [1m0s[0m 16ms/step - loss: 0.0044
[1m8/8[0m [32m━━━━━━━━━━━━━━━━━━━━[0m[37m[0m [1m0s[0m 21ms/step - loss: 0.0054
Epoch 166/200

[1m1/8[0m [32m━━[0m[37m━━━━━━━━━━━━━━━━━━[0m [1m0s[0m 48ms/step - loss: 0.0023
[1m4/8[0m [32m━━━━━━━━━━[0m[37m━━━━━━━━━━[0m [1m0s[0m 17ms/step - loss: 0.0036
[1m6/8[0m [32m━━━━━━━━━━━━━━━[0m[37m━━━━━[0m [1m0s[0m 21ms/step - loss: 0.0040
[1m8/8[0m [32m━━━━━━━━━━━━━━━━━━━━[0m[37m[0m [1m0s[0m 24ms/step - loss: 0.0042
[1m8/8[0m [32m━━━━━━━━━━━━━━━━━━━━[0m[37m[0m [1m0s[0m 28ms/step - loss: 0.0047
Epoch 167/200

[1m1/8[0m [32m━━[0m[37m━━━━━━━━━━━━━━━━━━[0m [1m0s[0m 54ms/step - loss: 0.0017
[1m4/8[0m [32m━━━━━━━━━━[0m[37m━━━━━━━━━━[0m [1m0s[0m 18ms/step - loss: 0.0039
[1m7/8[0m [32m━━━━━━━━━━━━━━━━━[0m[37m━━━[0m [1m0s[0m 18ms/step - loss: 0.0041
[1m8/8[0m [32m━━━━━━━━━━━━━━━━━━━━[0m[37m[0m [1m0s[0m 20ms/step - loss: 0.0042
Epoch 168/200

[1m1/8[0m [32m━━[0m[37m━━━━━━━━━━━━━━━━━━[0m [1m0s[0m 58ms/step - loss: 0.0104
[1m3/8[0m [32m━━━━━━━[0m[37m━━━━━━━━━━━━━[0m [1m0s[0m 27ms/step - loss: 0.0079
[1m6/8[0m [32m━━━━━━━━━━━━━━━[0m[37m━━━━━[0m [1m0s[0m 22ms/step - loss: 0.0066
[1m8/8[0m [32m━━━━━━━━━━━━━━━━━━━━[0m[37m[0m [1m0s[0m 26ms/step - loss: 0.0049
Epoch 169/200

[1m1/8[0m [32m━━[0m[37m━━━━━━━━━━━━━━━━━━[0m [1m0s[0m 47ms/step - loss: 0.0039
[1m4/8[0m [32m━━━━━━━━━━[0m[37m━━━━━━━━━━[0m [1m0s[0m 17ms/step - loss: 0.0040
[1m7/8[0m [32m━━━━━━━━━━━━━━━━━[0m[37m━━━[0m [1m0s[0m 18ms/step - loss: 0.0042
[1m8/8[0m [32m━━━━━━━━━━━━━━━━━━━━[0m[37m[0m [1m0s[0m 23ms/step - loss: 0.0046
Epoch 170/200

[1m1/8[0m [32m━━[0m[37m━━━━━━━━━━━━━━━━━━[0m [1m0s[0m 54ms/step - loss: 0.0080
[1m5/8[0m [32m━━━━━━━━━━━━[0m[37m━━━━━━━━[0m [1m0s[0m 16ms/step - loss: 0.0058
[1m8/8[0m [32m━━━━━━━━━━━━━━━━━━━━[0m[37m[0m [1m0s[0m 21ms/step - loss: 0.0047
Epoch 171/200

[1m1/8[0m [32m━━[0m[37m━━━━━━━━━━━━━━━━━━[0m [1m0s[0m 64ms/step - loss: 0.0101
[1m4/8[0m [32m━━━━━━━━━━[0m[37m━━━━━━━━━━[0m [1m0s[0m 17ms/step - loss: 0.0073
[1m7/8[0m [32m━━━━━━━━━━━━━━━━━[0m[37m━━━[0m [1m0s[0m 17ms/step - loss: 0.0064
[1m8/8[0m [32m━━━━━━━━━━━━━━━━━━━━[0m[37m[0m [1m0s[0m 20ms/step - loss: 0.0048
Epoch 172/200

[1m1/8[0m [32m━━[0m[37m━━━━━━━━━━━━━━━━━━[0m [1m0s[0m 49ms/step - loss: 0.0021
[1m4/8[0m [32m━━━━━━━━━━[0m[37m━━━━━━━━━━[0m [1m0s[0m 18ms/step - loss: 0.0027
[1m7/8[0m [32m━━━━━━━━━━━━━━━━━[0m[37m━━━[0m [1m0s[0m 18ms/step - loss: 0.0032
[1m8/8[0m [32m━━━━━━━━━━━━━━━━━━━━[0m[37m[0m [1m0s[0m 21ms/step - loss: 0.0042
Epoch 173/200

[1m1/8[0m [32m━━[0m[37m━━━━━━━━━━━━━━━━━━[0m [1m0s[0m 41ms/step - loss: 0.0060
[1m4/8[0m [32m━━━━━━━━━━[0m[37m━━━━━━━━━━[0m [1m0s[0m 19ms/step - loss: 0.0052
[1m7/8[0m [32m━━━━━━━━━━━━━━━━━[0m[37m━━━[0m [1m0s[0m 19ms/step - loss: 0.0050
[1m8/8[0m [32m━━━━━━━━━━━━━━━━━━━━[0m[37m[0m [1m0s[0m 22ms/step - loss: 0.0045
Epoch 174/200

[1m1/8[0m [32m━━[0m[37m━━━━━━━━━━━━━━━━━━[0m [1m0s[0m 43ms/step - loss: 0.0028
[1m4/8[0m [32m━━━━━━━━━━[0m[37m━━━━━━━━━━[0m [1m0s[0m 19ms/step - loss: 0.0039
[1m7/8[0m [32m━━━━━━━━━━━━━━━━━[0m[37m━━━[0m [1m0s[0m 18ms/step - loss: 0.0043
[1m8/8[0m [32m━━━━━━━━━━━━━━━━━━━━[0m[37m[0m [1m0s[0m 23ms/step - loss: 0.0048
Epoch 175/200

[1m1/8[0m [32m━━[0m[37m━━━━━━━━━━━━━━━━━━[0m [1m0s[0m 60ms/step - loss: 0.0027
[1m4/8[0m [32m━━━━━━━━━━[0m[37m━━━━━━━━━━[0m [1m0s[0m 23ms/step - loss: 0.0031
[1m7/8[0m [32m━━━━━━━━━━━━━━━━━[0m[37m━━━[0m [1m0s[0m 21ms/step - loss: 0.0034
[1m8/8[0m [32m━━━━━━━━━━━━━━━━━━━━[0m[37m[0m [1m0s[0m 24ms/step - loss: 0.0047
Epoch 176/200

[1m1/8[0m [32m━━[0m[37m━━━━━━━━━━━━━━━━━━[0m [1m0s[0m 48ms/step - loss: 0.0092
[1m5/8[0m [32m━━━━━━━━━━━━[0m[37m━━━━━━━━[0m [1m0s[0m 16ms/step - loss: 0.0063
[1m8/8[0m [32m━━━━━━━━━━━━━━━━━━━━[0m[37m[0m [1m0s[0m 16ms/step - loss: 0.0057
[1m8/8[0m [32m━━━━━━━━━━━━━━━━━━━━[0m[37m[0m [1m0s[0m 20ms/step - loss: 0.0046
Epoch 177/200

[1m1/8[0m [32m━━[0m[37m━━━━━━━━━━━━━━━━━━[0m [1m0s[0m 44ms/step - loss: 0.0034
[1m5/8[0m [32m━━━━━━━━━━━━[0m[37m━━━━━━━━[0m [1m0s[0m 15ms/step - loss: 0.0047
[1m8/8[0m [32m━━━━━━━━━━━━━━━━━━━━[0m[37m[0m [1m0s[0m 21ms/step - loss: 0.0051
Epoch 178/200

[1m1/8[0m [32m━━[0m[37m━━━━━━━━━━━━━━━━━━[0m [1m0s[0m 55ms/step - loss: 0.0061
[1m4/8[0m [32m━━━━━━━━━━[0m[37m━━━━━━━━━━[0m [1m0s[0m 19ms/step - loss: 0.0053
[1m7/8[0m [32m━━━━━━━━━━━━━━━━━[0m[37m━━━[0m [1m0s[0m 18ms/step - loss: 0.0051
[1m8/8[0m [32m━━━━━━━━━━━━━━━━━━━━[0m[37m[0m [1m0s[0m 21ms/step - loss: 0.0047
Epoch 179/200

[1m1/8[0m [32m━━[0m[37m━━━━━━━━━━━━━━━━━━[0m [1m1s[0m 151ms/step - loss: 0.0032
[1m4/8[0m [32m━━━━━━━━━━[0m[37m━━━━━━━━━━[0m [1m0s[0m 17ms/step - loss: 0.0050 
[1m8/8[0m [32m━━━━━━━━━━━━━━━━━━━━[0m[37m[0m [1m0s[0m 16ms/step - loss: 0.0051
[1m8/8[0m [32m━━━━━━━━━━━━━━━━━━━━[0m[37m[0m [1m0s[0m 20ms/step - loss: 0.0051
Epoch 180/200

[1m1/8[0m [32m━━[0m[37m━━━━━━━━━━━━━━━━━━[0m [1m0s[0m 42ms/step - loss: 0.0063
[1m5/8[0m [32m━━━━━━━━━━━━[0m[37m━━━━━━━━[0m [1m0s[0m 16ms/step - loss: 0.0053
[1m8/8[0m [32m━━━━━━━━━━━━━━━━━━━━[0m[37m[0m [1m0s[0m 18ms/step - loss: 0.0045
Epoch 181/200

[1m1/8[0m [32m━━[0m[37m━━━━━━━━━━━━━━━━━━[0m [1m0s[0m 45ms/step - loss: 0.0038
[1m4/8[0m [32m━━━━━━━━━━[0m[37m━━━━━━━━━━[0m [1m0s[0m 18ms/step - loss: 0.0043
[1m7/8[0m [32m━━━━━━━━━━━━━━━━━[0m[37m━━━[0m [1m0s[0m 18ms/step - loss: 0.0043
[1m8/8[0m [32m━━━━━━━━━━━━━━━━━━━━[0m[37m[0m [1m0s[0m 23ms/step - loss: 0.0046
Epoch 182/200

[1m1/8[0m [32m━━[0m[37m━━━━━━━━━━━━━━━━━━[0m [1m0s[0m 53ms/step - loss: 0.0022
[1m4/8[0m [32m━━━━━━━━━━[0m[37m━━━━━━━━━━[0m [1m0s[0m 22ms/step - loss: 0.0030
[1m7/8[0m [32m━━━━━━━━━━━━━━━━━[0m[37m━━━[0m [1m0s[0m 21ms/step - loss: 0.0034
[1m8/8[0m [32m━━━━━━━━━━━━━━━━━━━━[0m[37m[0m [1m0s[0m 24ms/step - loss: 0.0043
Epoch 183/200

[1m1/8[0m [32m━━[0m[37m━━━━━━━━━━━━━━━━━━[0m [1m0s[0m 71ms/step - loss: 0.0033
[1m4/8[0m [32m━━━━━━━━━━[0m[37m━━━━━━━━━━[0m [1m0s[0m 19ms/step - loss: 0.0034
[1m7/8[0m [32m━━━━━━━━━━━━━━━━━[0m[37m━━━[0m [1m0s[0m 19ms/step - loss: 0.0038
[1m8/8[0m [32m━━━━━━━━━━━━━━━━━━━━[0m[37m[0m [1m0s[0m 23ms/step - loss: 0.0041
Epoch 184/200

[1m1/8[0m [32m━━[0m[37m━━━━━━━━━━━━━━━━━━[0m [1m0s[0m 48ms/step - loss: 0.0038
[1m4/8[0m [32m━━━━━━━━━━[0m[37m━━━━━━━━━━[0m [1m0s[0m 17ms/step - loss: 0.0045
[1m7/8[0m [32m━━━━━━━━━━━━━━━━━[0m[37m━━━[0m [1m0s[0m 18ms/step - loss: 0.0044
[1m8/8[0m [32m━━━━━━━━━━━━━━━━━━━━[0m[37m[0m [1m0s[0m 22ms/step - loss: 0.0042
Epoch 185/200

[1m1/8[0m [32m━━[0m[37m━━━━━━━━━━━━━━━━━━[0m [1m0s[0m 48ms/step - loss: 0.0028
[1m5/8[0m [32m━━━━━━━━━━━━[0m[37m━━━━━━━━[0m [1m0s[0m 17ms/step - loss: 0.0032
[1m8/8[0m [32m━━━━━━━━━━━━━━━━━━━━[0m[37m[0m [1m0s[0m 17ms/step - loss: 0.0035
[1m8/8[0m [32m━━━━━━━━━━━━━━━━━━━━[0m[37m[0m [1m0s[0m 21ms/step - loss: 0.0042
Epoch 186/200

[1m1/8[0m [32m━━[0m[37m━━━━━━━━━━━━━━━━━━[0m [1m0s[0m 49ms/step - loss: 0.0043
[1m5/8[0m [32m━━━━━━━━━━━━[0m[37m━━━━━━━━[0m [1m0s[0m 15ms/step - loss: 0.0047
[1m8/8[0m [32m━━━━━━━━━━━━━━━━━━━━[0m[37m[0m [1m0s[0m 17ms/step - loss: 0.0049
[1m8/8[0m [32m━━━━━━━━━━━━━━━━━━━━[0m[37m[0m [1m0s[0m 21ms/step - loss: 0.0050
Epoch 187/200

[1m1/8[0m [32m━━[0m[37m━━━━━━━━━━━━━━━━━━[0m [1m0s[0m 44ms/step - loss: 0.0029
[1m4/8[0m [32m━━━━━━━━━━[0m[37m━━━━━━━━━━[0m [1m0s[0m 19ms/step - loss: 0.0042
[1m7/8[0m [32m━━━━━━━━━━━━━━━━━[0m[37m━━━[0m [1m0s[0m 21ms/step - loss: 0.0044
[1m8/8[0m [32m━━━━━━━━━━━━━━━━━━━━[0m[37m[0m [1m0s[0m 26ms/step - loss: 0.0046
Epoch 188/200

[1m1/8[0m [32m━━[0m[37m━━━━━━━━━━━━━━━━━━[0m [1m0s[0m 142ms/step - loss: 0.0101
[1m4/8[0m [32m━━━━━━━━━━[0m[37m━━━━━━━━━━[0m [1m0s[0m 20ms/step - loss: 0.0078 
[1m7/8[0m [32m━━━━━━━━━━━━━━━━━[0m[37m━━━[0m [1m0s[0m 21ms/step - loss: 0.0069
[1m8/8[0m [32m━━━━━━━━━━━━━━━━━━━━[0m[37m[0m [1m0s[0m 25ms/step - loss: 0.0054
Epoch 189/200

[1m1/8[0m [32m━━[0m[37m━━━━━━━━━━━━━━━━━━[0m [1m0s[0m 48ms/step - loss: 0.0048
[1m5/8[0m [32m━━━━━━━━━━━━[0m[37m━━━━━━━━[0m [1m0s[0m 16ms/step - loss: 0.0044
[1m8/8[0m [32m━━━━━━━━━━━━━━━━━━━━[0m[37m[0m [1m0s[0m 19ms/step - loss: 0.0044
[1m8/8[0m [32m━━━━━━━━━━━━━━━━━━━━[0m[37m[0m [1m0s[0m 23ms/step - loss: 0.0047
Epoch 190/200

[1m1/8[0m [32m━━[0m[37m━━━━━━━━━━━━━━━━━━[0m [1m1s[0m 166ms/step - loss: 0.0081
[1m4/8[0m [32m━━━━━━━━━━[0m[37m━━━━━━━━━━[0m [1m0s[0m 19ms/step - loss: 0.0056 
[1m8/8[0m [32m━━━━━━━━━━━━━━━━━━━━[0m[37m[0m [1m0s[0m 17ms/step - loss: 0.0049
[1m8/8[0m [32m━━━━━━━━━━━━━━━━━━━━[0m[37m[0m [1m0s[0m 22ms/step - loss: 0.0043
Epoch 191/200

[1m1/8[0m [32m━━[0m[37m━━━━━━━━━━━━━━━━━━[0m [1m0s[0m 60ms/step - loss: 0.0045
[1m4/8[0m [32m━━━━━━━━━━[0m[37m━━━━━━━━━━[0m [1m0s[0m 18ms/step - loss: 0.0047
[1m7/8[0m [32m━━━━━━━━━━━━━━━━━[0m[37m━━━[0m [1m0s[0m 19ms/step - loss: 0.0046
[1m8/8[0m [32m━━━━━━━━━━━━━━━━━━━━[0m[37m[0m [1m0s[0m 21ms/step - loss: 0.0040
Epoch 192/200

[1m1/8[0m [32m━━[0m[37m━━━━━━━━━━━━━━━━━━[0m [1m0s[0m 56ms/step - loss: 0.0051
[1m4/8[0m [32m━━━━━━━━━━[0m[37m━━━━━━━━━━[0m [1m0s[0m 20ms/step - loss: 0.0042
[1m7/8[0m [32m━━━━━━━━━━━━━━━━━[0m[37m━━━[0m [1m0s[0m 19ms/step - loss: 0.0043
[1m8/8[0m [32m━━━━━━━━━━━━━━━━━━━━[0m[37m[0m [1m0s[0m 23ms/step - loss: 0.0040
Epoch 193/200

[1m1/8[0m [32m━━[0m[37m━━━━━━━━━━━━━━━━━━[0m [1m0s[0m 55ms/step - loss: 0.0040
[1m4/8[0m [32m━━━━━━━━━━[0m[37m━━━━━━━━━━[0m [1m0s[0m 22ms/step - loss: 0.0038
[1m7/8[0m [32m━━━━━━━━━━━━━━━━━[0m[37m━━━[0m [1m0s[0m 22ms/step - loss: 0.0040
[1m8/8[0m [32m━━━━━━━━━━━━━━━━━━━━[0m[37m[0m [1m0s[0m 25ms/step - loss: 0.0050
Epoch 194/200

[1m1/8[0m [32m━━[0m[37m━━━━━━━━━━━━━━━━━━[0m [1m0s[0m 129ms/step - loss: 0.0031
[1m4/8[0m [32m━━━━━━━━━━[0m[37m━━━━━━━━━━[0m [1m0s[0m 19ms/step - loss: 0.0043 
[1m7/8[0m [32m━━━━━━━━━━━━━━━━━[0m[37m━━━[0m [1m0s[0m 20ms/step - loss: 0.0044
[1m8/8[0m [32m━━━━━━━━━━━━━━━━━━━━[0m[37m[0m [1m0s[0m 26ms/step - loss: 0.0043
Epoch 195/200

[1m1/8[0m [32m━━[0m[37m━━━━━━━━━━━━━━━━━━[0m [1m0s[0m 71ms/step - loss: 0.0024
[1m4/8[0m [32m━━━━━━━━━━[0m[37m━━━━━━━━━━[0m [1m0s[0m 21ms/step - loss: 0.0025
[1m7/8[0m [32m━━━━━━━━━━━━━━━━━[0m[37m━━━[0m [1m0s[0m 22ms/step - loss: 0.0031
[1m8/8[0m [32m━━━━━━━━━━━━━━━━━━━━[0m[37m[0m [1m0s[0m 27ms/step - loss: 0.0043
Epoch 196/200

[1m1/8[0m [32m━━[0m[37m━━━━━━━━━━━━━━━━━━[0m [1m0s[0m 58ms/step - loss: 0.0041
[1m4/8[0m [32m━━━━━━━━━━[0m[37m━━━━━━━━━━[0m [1m0s[0m 18ms/step - loss: 0.0038
[1m7/8[0m [32m━━━━━━━━━━━━━━━━━[0m[37m━━━[0m [1m0s[0m 18ms/step - loss: 0.0038
[1m8/8[0m [32m━━━━━━━━━━━━━━━━━━━━[0m[37m[0m [1m0s[0m 23ms/step - loss: 0.0040
Epoch 197/200

[1m1/8[0m [32m━━[0m[37m━━━━━━━━━━━━━━━━━━[0m [1m0s[0m 61ms/step - loss: 0.0039
[1m4/8[0m [32m━━━━━━━━━━[0m[37m━━━━━━━━━━[0m [1m0s[0m 19ms/step - loss: 0.0045
[1m7/8[0m [32m━━━━━━━━━━━━━━━━━[0m[37m━━━[0m [1m0s[0m 18ms/step - loss: 0.0047
[1m8/8[0m [32m━━━━━━━━━━━━━━━━━━━━[0m[37m[0m [1m0s[0m 22ms/step - loss: 0.0049
Epoch 198/200

[1m1/8[0m [32m━━[0m[37m━━━━━━━━━━━━━━━━━━[0m [1m0s[0m 56ms/step - loss: 0.0028
[1m4/8[0m [32m━━━━━━━━━━[0m[37m━━━━━━━━━━[0m [1m0s[0m 18ms/step - loss: 0.0039
[1m7/8[0m [32m━━━━━━━━━━━━━━━━━[0m[37m━━━[0m [1m0s[0m 19ms/step - loss: 0.0038
[1m8/8[0m [32m━━━━━━━━━━━━━━━━━━━━[0m[37m[0m [1m0s[0m 23ms/step - loss: 0.0047
Epoch 199/200

[1m1/8[0m [32m━━[0m[37m━━━━━━━━━━━━━━━━━━[0m [1m0s[0m 57ms/step - loss: 0.0043
[1m4/8[0m [32m━━━━━━━━━━[0m[37m━━━━━━━━━━[0m [1m0s[0m 19ms/step - loss: 0.0044
[1m7/8[0m [32m━━━━━━━━━━━━━━━━━[0m[37m━━━[0m [1m0s[0m 19ms/step - loss: 0.0045
[1m8/8[0m [32m━━━━━━━━━━━━━━━━━━━━[0m[37m[0m [1m0s[0m 25ms/step - loss: 0.0045
Epoch 200/200

[1m1/8[0m [32m━━[0m[37m━━━━━━━━━━━━━━━━━━[0m [1m0s[0m 66ms/step - loss: 0.0021
[1m4/8[0m [32m━━━━━━━━━━[0m[37m━━━━━━━━━━[0m [1m0s[0m 20ms/step - loss: 0.0036
[1m7/8[0m [32m━━━━━━━━━━━━━━━━━[0m[37m━━━[0m [1m0s[0m 19ms/step - loss: 0.0038
[1m8/8[0m [32m━━━━━━━━━━━━━━━━━━━━[0m[37m[0m [1m0s[0m 23ms/step - loss: 0.0038
Using bucket name: missingtimestamp
Bucket missingtimestamp created.
Uploading device8.keras to bucket missingtimestamp...
device8.keras uploaded to bucket missingtimestamp.
Uploading scaler to bucket missingtimestamp...
scaler.save uploaded to bucket missingtimestamp.

Model path is:  2025-12-08-00-00-00-2025-12-08-00-09-59-model
Triggering forecasting with retrained model
Forecasting.py script logs
Database connection established
Value of --retrain flag: True

Forecasting for retrained model using device8/2025-12-08-00-00-00-2025-12-08-00-09-59-model/device8.keras and device8/2025-12-08-00-00-00-2025-12-08-00-09-59-model/scaler.save
Successfully downloaded model and scaler from S3

Actual values fetched from database
    sensor_id  sensor_energy_value    sensor_timestamp  message_delay
0           8               1597.0 2025-12-08 00:09:00        59197.0
1           8               1599.8 2025-12-08 00:09:01        58192.0
2           8               1597.8 2025-12-08 00:09:02        57192.0
3           8               1600.5 2025-12-08 00:09:03        56191.0
4           8               1600.8 2025-12-08 00:09:04        55189.0
5           8               1597.7 2025-12-08 00:09:05        54187.0
6           8               1599.1 2025-12-08 00:09:06        53180.0
7           8               1595.4 2025-12-08 00:09:07        52179.0
8           8               1598.6 2025-12-08 00:09:08        51178.0
9           8               1599.6 2025-12-08 00:09:09        50165.0
10          8               1598.8 2025-12-08 00:09:10        49163.0
11          8               1595.3 2025-12-08 00:09:11        48162.0
12          8               1599.2 2025-12-08 00:09:12        47160.0
13          8               1597.8 2025-12-08 00:09:13        46157.0
14          8               1598.1 2025-12-08 00:09:14        45150.0
15          8               1602.6 2025-12-08 00:09:15        44123.0
16          8               1602.6 2025-12-08 00:09:16        43120.0
17          8               1607.4 2025-12-08 00:09:17        42090.0
18          8               1602.4 2025-12-08 00:09:18        41089.0
19          8               1604.1 2025-12-08 00:09:19        40088.0
20          8               1604.4 2025-12-08 00:09:20        39087.0
21          8               1608.0 2025-12-08 00:09:21        38070.0
22          8               1596.0 2025-12-08 00:09:22        37069.0
23          8               1609.3 2025-12-08 00:09:23        36068.0
24          8               1602.2 2025-12-08 00:09:24        35066.0
25          8               1601.7 2025-12-08 00:09:25        34064.0
26          8               1602.4 2025-12-08 00:09:26        33063.0
27          8               1603.0 2025-12-08 00:09:27        32060.0
28          8               1604.5 2025-12-08 00:09:28        31057.0
29          8               1603.5 2025-12-08 00:09:29        30054.0
30          8               1603.1 2025-12-08 00:09:30        29049.0
31          8               1621.0 2025-12-08 00:09:31        28048.0
32          8               1601.8 2025-12-08 00:09:32        27045.0
33          8               1604.1 2025-12-08 00:09:33        26041.0
34          8               1599.5 2025-12-08 00:09:34        25039.0
35          8               1602.9 2025-12-08 00:09:35        24038.0
36          8               1607.3 2025-12-08 00:09:36        23037.0
37          8               1606.4 2025-12-08 00:09:37        22036.0
38          8               1606.4 2025-12-08 00:09:38        21035.0
39          8               1603.4 2025-12-08 00:09:39        20034.0
40          8               1604.6 2025-12-08 00:09:40        19033.0
41          8               1604.0 2025-12-08 00:09:41        18032.0
42          8               1611.9 2025-12-08 00:09:42        17031.0
43          8               1602.1 2025-12-08 00:09:43        16030.0
44          8               1602.7 2025-12-08 00:09:44        15029.0
45          8               1598.9 2025-12-08 00:09:45        14027.0
46          8               1604.2 2025-12-08 00:09:46        13026.0
47          8               1602.6 2025-12-08 00:09:47        12025.0
48          8               1605.3 2025-12-08 00:09:48        11023.0
49          8               1598.3 2025-12-08 00:09:49        10022.0
50          8               1601.2 2025-12-08 00:09:50         9020.0
51          8               1619.8 2025-12-08 00:09:51         8019.0
52          8               1604.0 2025-12-08 00:09:52         7018.0
53          8               1601.6 2025-12-08 00:09:53         6017.0
54          8               1602.1 2025-12-08 00:09:54         5016.0
55          8               1599.2 2025-12-08 00:09:55         4015.0
56          8               1603.9 2025-12-08 00:09:56         3014.0
57          8               1614.4 2025-12-08 00:09:57         2012.0
58          8               1604.8 2025-12-08 00:09:58         1011.0
59          8               1605.1 2025-12-08 00:09:59            9.0
Forecasted values:
    sensor_id  sensor_energy_value_prediction    sensor_timestamp
0           8                     1612.316406 2025-12-08 00:10:00
1           8                     1613.579468 2025-12-08 00:10:01
2           8                     1614.740479 2025-12-08 00:10:02
3           8                     1615.904419 2025-12-08 00:10:03
4           8                     1617.073242 2025-12-08 00:10:04
5           8                     1618.250488 2025-12-08 00:10:05
6           8                     1619.439331 2025-12-08 00:10:06
7           8                     1620.643188 2025-12-08 00:10:07
8           8                     1621.864868 2025-12-08 00:10:08
9           8                     1623.107178 2025-12-08 00:10:09
10          8                     1624.371826 2025-12-08 00:10:10
11          8                     1625.661621 2025-12-08 00:10:11
12          8                     1626.977661 2025-12-08 00:10:12
13          8                     1628.321777 2025-12-08 00:10:13
14          8                     1629.694824 2025-12-08 00:10:14
15          8                     1631.098511 2025-12-08 00:10:15
16          8                     1632.533325 2025-12-08 00:10:16
17          8                     1634.000977 2025-12-08 00:10:17
18          8                     1635.502319 2025-12-08 00:10:18
19          8                     1637.037964 2025-12-08 00:10:19
20          8                     1638.609253 2025-12-08 00:10:20
21          8                     1640.216675 2025-12-08 00:10:21
22          8                     1641.861816 2025-12-08 00:10:22
23          8                     1643.544922 2025-12-08 00:10:23
24          8                     1645.266724 2025-12-08 00:10:24
25          8                     1647.029297 2025-12-08 00:10:25
26          8                     1648.832275 2025-12-08 00:10:26
27          8                     1650.677612 2025-12-08 00:10:27
28          8                     1652.565918 2025-12-08 00:10:28
29          8                     1654.498047 2025-12-08 00:10:29
30          8                     1656.475342 2025-12-08 00:10:30
31          8                     1658.498779 2025-12-08 00:10:31
32          8                     1660.569458 2025-12-08 00:10:32
33          8                     1662.689209 2025-12-08 00:10:33
34          8                     1664.858521 2025-12-08 00:10:34
35          8                     1667.078369 2025-12-08 00:10:35
36          8                     1669.350342 2025-12-08 00:10:36
37          8                     1671.675171 2025-12-08 00:10:37
38          8                     1674.054688 2025-12-08 00:10:38
39          8                     1676.489990 2025-12-08 00:10:39
40          8                     1678.982300 2025-12-08 00:10:40
41          8                     1681.533081 2025-12-08 00:10:41
42          8                     1684.143555 2025-12-08 00:10:42
43          8                     1686.815308 2025-12-08 00:10:43
44          8                     1689.549438 2025-12-08 00:10:44
45          8                     1692.347534 2025-12-08 00:10:45
46          8                     1695.210693 2025-12-08 00:10:46
47          8                     1698.140381 2025-12-08 00:10:47
48          8                     1701.138428 2025-12-08 00:10:48
49          8                     1704.205933 2025-12-08 00:10:49
50          8                     1707.344482 2025-12-08 00:10:50
51          8                     1710.555664 2025-12-08 00:10:51
52          8                     1713.840576 2025-12-08 00:10:52
53          8                     1717.201538 2025-12-08 00:10:53
54          8                     1720.639526 2025-12-08 00:10:54
55          8                     1724.155884 2025-12-08 00:10:55
56          8                     1727.752197 2025-12-08 00:10:56
57          8                     1731.429932 2025-12-08 00:10:57
58          8                     1735.190308 2025-12-08 00:10:58
59          8                     1739.035767 2025-12-08 00:10:59
Forecasted values inserted into database
Exiting forecasting script


Actual data inserted to database
Triggering forecasting with retrained model
Forecasting.py script logs
Database connection established
Value of --retrain flag: True

Forecasting for retrained model using device8/2025-12-08-00-00-00-2025-12-08-00-09-59-model/device8.keras and device8/2025-12-08-00-00-00-2025-12-08-00-09-59-model/scaler.save
Successfully downloaded model and scaler from S3

Actual values fetched from database
    sensor_id  sensor_energy_value    sensor_timestamp  message_delay
0           8               1609.0 2025-12-08 00:10:00        59097.0
1           8               1604.0 2025-12-08 00:10:01        58096.0
2           8               1609.1 2025-12-08 00:10:02        57095.0
3           8               1611.5 2025-12-08 00:10:03        56093.0
4           8               1608.3 2025-12-08 00:10:04        55092.0
5           8               1608.2 2025-12-08 00:10:05        54091.0
6           8               1607.9 2025-12-08 00:10:06        53089.0
7           8               1604.5 2025-12-08 00:10:07        52088.0
8           8               1431.0 2025-12-08 00:10:08        51086.0
9           8               1437.2 2025-12-08 00:10:09        50085.0
10          8               1442.8 2025-12-08 00:10:10        49084.0
11          8               1447.5 2025-12-08 00:10:11        48083.0
12          8               1400.8 2025-12-08 00:10:12        47082.0
13          8                583.1 2025-12-08 00:10:13        46081.0
14          8                611.6 2025-12-08 00:10:14        45080.0
15          8                617.0 2025-12-08 00:10:15        44078.0
16          8                618.0 2025-12-08 00:10:16        43076.0
17          8                650.3 2025-12-08 00:10:17        42071.0
18          8                618.2 2025-12-08 00:10:18        41070.0
19          8                628.7 2025-12-08 00:10:19        40069.0
20          8                622.2 2025-12-08 00:10:20        39068.0
21          8                619.8 2025-12-08 00:10:21        38067.0
22          8                616.4 2025-12-08 00:10:22        37065.0
23          8                616.7 2025-12-08 00:10:23        36064.0
24          8                616.1 2025-12-08 00:10:24        35063.0
25          8                614.0 2025-12-08 00:10:25        34062.0
26          8                619.7 2025-12-08 00:10:26        33061.0
27          8                616.8 2025-12-08 00:10:27        32060.0
28          8                617.2 2025-12-08 00:10:28        31059.0
29          8                616.0 2025-12-08 00:10:29        30058.0
30          8                616.4 2025-12-08 00:10:30        29057.0
31          8                622.2 2025-12-08 00:10:31        28056.0
32          8                616.4 2025-12-08 00:10:32        27054.0
33          8                620.0 2025-12-08 00:10:33        26050.0
34          8                616.6 2025-12-08 00:10:34        25048.0
35          8                618.5 2025-12-08 00:10:35        24047.0
36          8                618.4 2025-12-08 00:10:36        23046.0
37          8                619.3 2025-12-08 00:10:37        22044.0
38          8                618.1 2025-12-08 00:10:38        21042.0
39          8                619.0 2025-12-08 00:10:39        20041.0
40          8                619.9 2025-12-08 00:10:40        19038.0
41          8                617.9 2025-12-08 00:10:41        18036.0
42          8                621.7 2025-12-08 00:10:42        17034.0
43          8                611.2 2025-12-08 00:10:43        16031.0
44          8                577.7 2025-12-08 00:10:44        15030.0
45          8                471.2 2025-12-08 00:10:45        14028.0
46          8                469.8 2025-12-08 00:10:46        13024.0
47          8                470.2 2025-12-08 00:10:47        12022.0
48          8                477.1 2025-12-08 00:10:48        11021.0
49          8                467.5 2025-12-08 00:10:49        10020.0
50          8                468.8 2025-12-08 00:10:50         9019.0
51          8                472.9 2025-12-08 00:10:51         8018.0
52          8                472.4 2025-12-08 00:10:52         7017.0
53          8                469.4 2025-12-08 00:10:53         6016.0
54          8                469.6 2025-12-08 00:10:54         5015.0
55          8                471.2 2025-12-08 00:10:55         4014.0
56          8                476.4 2025-12-08 00:10:56         3013.0
57          8                535.7 2025-12-08 00:10:57         2011.0
58          8                486.3 2025-12-08 00:10:58         1010.0
59          8                486.6 2025-12-08 00:10:59            9.0
Forecasted values:
    sensor_id  sensor_energy_value_prediction    sensor_timestamp
0           8                      838.147583 2025-12-08 00:11:00
1           8                      877.912292 2025-12-08 00:11:01
2           8                      912.769409 2025-12-08 00:11:02
3           8                      944.497253 2025-12-08 00:11:03
4           8                      973.239929 2025-12-08 00:11:04
5           8                      999.199768 2025-12-08 00:11:05
6           8                     1022.629211 2025-12-08 00:11:06
7           8                     1043.790283 2025-12-08 00:11:07
8           8                     1062.930420 2025-12-08 00:11:08
9           8                     1080.271973 2025-12-08 00:11:09
10          8                     1096.013428 2025-12-08 00:11:10
11          8                     1110.326416 2025-12-08 00:11:11
12          8                     1123.360474 2025-12-08 00:11:12
13          8                     1135.244263 2025-12-08 00:11:13
14          8                     1146.078003 2025-12-08 00:11:14
15          8                     1155.973267 2025-12-08 00:11:15
16          8                     1165.017944 2025-12-08 00:11:16
17          8                     1173.291138 2025-12-08 00:11:17
18          8                     1180.864014 2025-12-08 00:11:18
19          8                     1187.799072 2025-12-08 00:11:19
20          8                     1194.154785 2025-12-08 00:11:20
21          8                     1199.983154 2025-12-08 00:11:21
22          8                     1205.331665 2025-12-08 00:11:22
23          8                     1210.243408 2025-12-08 00:11:23
24          8                     1214.757812 2025-12-08 00:11:24
25          8                     1218.910522 2025-12-08 00:11:25
26          8                     1222.733765 2025-12-08 00:11:26
27          8                     1226.257812 2025-12-08 00:11:27
28          8                     1229.508545 2025-12-08 00:11:28
29          8                     1232.510498 2025-12-08 00:11:29
30          8                     1235.286133 2025-12-08 00:11:30
31          8                     1237.855347 2025-12-08 00:11:31
32          8                     1240.236206 2025-12-08 00:11:32
33          8                     1242.445068 2025-12-08 00:11:33
34          8                     1244.496948 2025-12-08 00:11:34
35          8                     1246.405273 2025-12-08 00:11:35
36          8                     1248.182617 2025-12-08 00:11:36
37          8                     1249.839844 2025-12-08 00:11:37
38          8                     1251.386963 2025-12-08 00:11:38
39          8                     1252.833252 2025-12-08 00:11:39
40          8                     1254.187012 2025-12-08 00:11:40
41          8                     1255.455688 2025-12-08 00:11:41
42          8                     1256.645996 2025-12-08 00:11:42
43          8                     1257.764282 2025-12-08 00:11:43
44          8                     1258.815674 2025-12-08 00:11:44
45          8                     1259.804077 2025-12-08 00:11:45
46          8                     1260.730957 2025-12-08 00:11:46
47          8                     1261.604858 2025-12-08 00:11:47
48          8                     1262.430054 2025-12-08 00:11:48
49          8                     1263.210327 2025-12-08 00:11:49
50          8                     1263.947998 2025-12-08 00:11:50
51          8                     1264.646851 2025-12-08 00:11:51
52          8                     1265.309448 2025-12-08 00:11:52
53          8                     1265.938110 2025-12-08 00:11:53
54          8                     1266.534912 2025-12-08 00:11:54
55          8                     1267.102295 2025-12-08 00:11:55
56          8                     1267.641846 2025-12-08 00:11:56
57          8                     1268.155762 2025-12-08 00:11:57
58          8                     1268.647705 2025-12-08 00:11:58
59          8                     1269.114746 2025-12-08 00:11:59
Forecasted values inserted into database
Exiting forecasting script

No new messages received yet.Trying again...
No new messages received yet.Trying again...
No new messages received yet.Trying again...
No new messages received yet.Trying again...
No new messages received yet.Trying again...
No new messages received yet.Trying again...
No new messages received yet.Trying again...
No new messages received yet.Trying again...
No new messages received yet.Trying again...
No new messages received yet.Trying again...
No new messages received yet.Trying again...
No new messages received yet.Trying again...
No new messages received yet.Trying again...
No new messages received yet.Trying again...
No new messages received yet.Trying again...
No new messages received yet.Trying again...
No new messages received yet.Trying again...
No new messages received yet.Trying again...
No new messages received yet.Trying again...
No new messages received yet.Trying again...
No new messages received yet.Trying again...
No new messages received yet.Trying again...
No new messages received yet.Trying again...
No new messages received yet.Trying again...
No new messages received yet.Trying again...
No new messages received yet.Trying again...
No new messages received yet.Trying again...
No new messages received yet.Trying again...
No new messages received yet.Trying again...
No new messages received yet.Trying again...
No new messages received yet.Trying again...
No new messages received yet.Trying again...
No new messages received yet.Trying again...
No new messages received yet.Trying again...
No new messages received yet.Trying again...

Actual data inserted to database
Triggering forecasting with retrained model
Forecasting.py script logs
Database connection established
Value of --retrain flag: True

Forecasting for retrained model using device8/2025-12-08-00-00-00-2025-12-08-00-09-59-model/device8.keras and device8/2025-12-08-00-00-00-2025-12-08-00-09-59-model/scaler.save
Successfully downloaded model and scaler from S3

Actual values fetched from database
    sensor_id  sensor_energy_value    sensor_timestamp  message_delay
0           8                485.8 2025-12-08 00:11:00        59094.0
1           8                500.6 2025-12-08 00:11:01        58093.0
2           8                488.3 2025-12-08 00:11:02        57092.0
3           8                488.0 2025-12-08 00:11:03        56091.0
4           8                487.3 2025-12-08 00:11:04        55090.0
5           8                485.6 2025-12-08 00:11:05        54089.0
6           8                488.9 2025-12-08 00:11:06        53087.0
7           8                500.0 2025-12-08 00:11:07        52086.0
8           8                491.6 2025-12-08 00:11:08        51085.0
9           8                490.9 2025-12-08 00:11:09        50084.0
10          8                490.9 2025-12-08 00:11:10        49082.0
11          8                491.0 2025-12-08 00:11:11        48081.0
12          8                490.8 2025-12-08 00:11:12        47079.0
13          8                491.9 2025-12-08 00:11:13        46077.0
14          8                567.6 2025-12-08 00:11:14        45076.0
15          8                610.2 2025-12-08 00:11:15        44075.0
16          8                616.7 2025-12-08 00:11:16        43074.0
17          8                616.1 2025-12-08 00:11:17        42072.0
18          8                617.9 2025-12-08 00:11:18        41071.0
19          8                621.1 2025-12-08 00:11:19        40069.0
20          8                620.0 2025-12-08 00:11:20        39065.0
21          8                621.3 2025-12-08 00:11:21        38064.0
22          8                613.7 2025-12-08 00:11:22        37063.0
23          8                614.3 2025-12-08 00:11:23        36062.0
24          8                617.5 2025-12-08 00:11:24        35061.0
25          8                615.2 2025-12-08 00:11:25        34059.0
26          8                612.6 2025-12-08 00:11:26        33058.0
27          8                617.6 2025-12-08 00:11:27        32057.0
28          8                619.7 2025-12-08 00:11:28        31056.0
29          8                616.2 2025-12-08 00:11:29        30055.0
30          8                615.2 2025-12-08 00:11:30        29054.0
31          8                614.6 2025-12-08 00:11:31        28053.0
32          8                616.9 2025-12-08 00:11:32        27052.0
33          8                619.6 2025-12-08 00:11:33        26050.0
34          8                617.8 2025-12-08 00:11:34        25049.0
35          8                627.5 2025-12-08 00:11:35        24048.0
36          8                624.7 2025-12-08 00:11:36        23046.0
37          8                633.8 2025-12-08 00:11:37        22045.0
38          8                627.8 2025-12-08 00:11:38        21043.0
39          8                626.7 2025-12-08 00:11:39        20042.0
40          8                627.2 2025-12-08 00:11:40        19040.0
41          8                620.8 2025-12-08 00:11:41        18038.0
42          8                621.2 2025-12-08 00:11:42        17035.0
43          8                622.2 2025-12-08 00:11:43        16034.0
44          8                622.0 2025-12-08 00:11:44        15033.0
45          8                626.6 2025-12-08 00:11:45        14032.0
46          8                621.0 2025-12-08 00:11:46        13030.0
47          8                618.8 2025-12-08 00:11:47        12029.0
48          8                617.3 2025-12-08 00:11:48        11027.0
49          8                617.9 2025-12-08 00:11:49        10026.0
50          8                617.7 2025-12-08 00:11:50         9025.0
51          8                620.8 2025-12-08 00:11:51         8023.0
52          8                618.0 2025-12-08 00:11:52         7022.0
53          8                617.2 2025-12-08 00:11:53         6021.0
54          8                617.1 2025-12-08 00:11:54         5020.0
55          8                627.4 2025-12-08 00:11:55         4018.0
56          8                621.7 2025-12-08 00:11:56         3017.0
57          8                619.8 2025-12-08 00:11:57         2012.0
58          8                618.0 2025-12-08 00:11:58         1011.0
59          8                618.2 2025-12-08 00:11:59           10.0
Forecasted values:
    sensor_id  sensor_energy_value_prediction    sensor_timestamp
0           8                      896.948669 2025-12-08 00:12:00
1           8                      930.255737 2025-12-08 00:12:01
2           8                      959.277893 2025-12-08 00:12:02
3           8                      985.670105 2025-12-08 00:12:03
4           8                     1009.580811 2025-12-08 00:12:04
5           8                     1031.195923 2025-12-08 00:12:05
6           8                     1050.735718 2025-12-08 00:12:06
7           8                     1068.421997 2025-12-08 00:12:07
8           8                     1084.461548 2025-12-08 00:12:08
9           8                     1099.039185 2025-12-08 00:12:09
10          8                     1112.316406 2025-12-08 00:12:10
11          8                     1124.433350 2025-12-08 00:12:11
12          8                     1135.510376 2025-12-08 00:12:12
13          8                     1145.651978 2025-12-08 00:12:13
14          8                     1154.949463 2025-12-08 00:12:14
15          8                     1163.483643 2025-12-08 00:12:15
16          8                     1171.324951 2025-12-08 00:12:16
17          8                     1178.535156 2025-12-08 00:12:17
18          8                     1185.170288 2025-12-08 00:12:18
19          8                     1191.281128 2025-12-08 00:12:19
20          8                     1196.913330 2025-12-08 00:12:20
21          8                     1202.108643 2025-12-08 00:12:21
22          8                     1206.904419 2025-12-08 00:12:22
23          8                     1211.335083 2025-12-08 00:12:23
24          8                     1215.432007 2025-12-08 00:12:24
25          8                     1219.223877 2025-12-08 00:12:25
26          8                     1222.736572 2025-12-08 00:12:26
27          8                     1225.994019 2025-12-08 00:12:27
28          8                     1229.017700 2025-12-08 00:12:28
29          8                     1231.827637 2025-12-08 00:12:29
30          8                     1234.441162 2025-12-08 00:12:30
31          8                     1236.875000 2025-12-08 00:12:31
32          8                     1239.143921 2025-12-08 00:12:32
33          8                     1241.261719 2025-12-08 00:12:33
34          8                     1243.240601 2025-12-08 00:12:34
35          8                     1245.091431 2025-12-08 00:12:35
36          8                     1246.825317 2025-12-08 00:12:36
37          8                     1248.450806 2025-12-08 00:12:37
38          8                     1249.976807 2025-12-08 00:12:38
39          8                     1251.410645 2025-12-08 00:12:39
40          8                     1252.759277 2025-12-08 00:12:40
41          8                     1254.029419 2025-12-08 00:12:41
42          8                     1255.226318 2025-12-08 00:12:42
43          8                     1256.356079 2025-12-08 00:12:43
44          8                     1257.423096 2025-12-08 00:12:44
45          8                     1258.432007 2025-12-08 00:12:45
46          8                     1259.387329 2025-12-08 00:12:46
47          8                     1260.291748 2025-12-08 00:12:47
48          8                     1261.149170 2025-12-08 00:12:48
49          8                     1261.962891 2025-12-08 00:12:49
50          8                     1262.735718 2025-12-08 00:12:50
51          8                     1263.470093 2025-12-08 00:12:51
52          8                     1264.168701 2025-12-08 00:12:52
53          8                     1264.833740 2025-12-08 00:12:53
54          8                     1265.467041 2025-12-08 00:12:54
55          8                     1266.070679 2025-12-08 00:12:55
56          8                     1266.646606 2025-12-08 00:12:56
57          8                     1267.195923 2025-12-08 00:12:57
58          8                     1267.720337 2025-12-08 00:12:58
59          8                     1268.221069 2025-12-08 00:12:59
Forecasted values inserted into database
Exiting forecasting script

No new messages received yet.Trying again...
No new messages received yet.Trying again...
No new messages received yet.Trying again...
No new messages received yet.Trying again...
No new messages received yet.Trying again...
No new messages received yet.Trying again...
No new messages received yet.Trying again...
No new messages received yet.Trying again...
No new messages received yet.Trying again...
No new messages received yet.Trying again...
No new messages received yet.Trying again...
No new messages received yet.Trying again...
No new messages received yet.Trying again...
No new messages received yet.Trying again...
No new messages received yet.Trying again...
No new messages received yet.Trying again...
No new messages received yet.Trying again...
No new messages received yet.Trying again...
No new messages received yet.Trying again...
No new messages received yet.Trying again...
No new messages received yet.Trying again...
No new messages received yet.Trying again...
No new messages received yet.Trying again...
No new messages received yet.Trying again...
No new messages received yet.Trying again...
No new messages received yet.Trying again...
No new messages received yet.Trying again...
No new messages received yet.Trying again...

Actual data inserted to database
Triggering forecasting with retrained model
Forecasting.py script logs
Database connection established
Value of --retrain flag: True

Forecasting for retrained model using device8/2025-12-08-00-00-00-2025-12-08-00-09-59-model/device8.keras and device8/2025-12-08-00-00-00-2025-12-08-00-09-59-model/scaler.save
Successfully downloaded model and scaler from S3

Actual values fetched from database
    sensor_id  sensor_energy_value    sensor_timestamp  message_delay
0           8                621.5 2025-12-08 00:12:00        59138.0
1           8                632.6 2025-12-08 00:12:01        58136.0
2           8                618.3 2025-12-08 00:12:02        57135.0
3           8                620.4 2025-12-08 00:12:03        56134.0
4           8                618.7 2025-12-08 00:12:04        55133.0
5           8                618.4 2025-12-08 00:12:05        54132.0
6           8                620.5 2025-12-08 00:12:06        53130.0
7           8                619.2 2025-12-08 00:12:07        52129.0
8           8                617.3 2025-12-08 00:12:08        51128.0
9           8                617.1 2025-12-08 00:12:09        50127.0
10          8                617.7 2025-12-08 00:12:10        49125.0
11          8                615.2 2025-12-08 00:12:11        48124.0
12          8                619.8 2025-12-08 00:12:12        47123.0
13          8                618.5 2025-12-08 00:12:13        46122.0
14          8                617.4 2025-12-08 00:12:14        45121.0
15          8                617.7 2025-12-08 00:12:15        44118.0
16          8                621.7 2025-12-08 00:12:16        43117.0
17          8                619.0 2025-12-08 00:12:17        42114.0
18          8                618.2 2025-12-08 00:12:18        41112.0
19          8                623.6 2025-12-08 00:12:19        40096.0
20          8                623.2 2025-12-08 00:12:20        39095.0
21          8                617.8 2025-12-08 00:12:21        38091.0
22          8                620.6 2025-12-08 00:12:22        37090.0
23          8                617.3 2025-12-08 00:12:23        36089.0
24          8                617.4 2025-12-08 00:12:24        35088.0
25          8                616.2 2025-12-08 00:12:25        34070.0
26          8                615.4 2025-12-08 00:12:26        33069.0
27          8                616.9 2025-12-08 00:12:27        32058.0
28          8                620.6 2025-12-08 00:12:28        31054.0
29          8                621.3 2025-12-08 00:12:29        30053.0
30          8                617.1 2025-12-08 00:12:30        29051.0
31          8                617.0 2025-12-08 00:12:31        28050.0
32          8                614.7 2025-12-08 00:12:32        27045.0
33          8                619.7 2025-12-08 00:12:33        26044.0
34          8                618.7 2025-12-08 00:12:34        25043.0
35          8                617.4 2025-12-08 00:12:35        24042.0
36          8                625.2 2025-12-08 00:12:36        23040.0
37          8                615.8 2025-12-08 00:12:37        22040.0
38          8                617.0 2025-12-08 00:12:38        21036.0
39          8                614.5 2025-12-08 00:12:39        20034.0
40          8                614.7 2025-12-08 00:12:40        19033.0
41          8                614.7 2025-12-08 00:12:41        18032.0
42          8                617.7 2025-12-08 00:12:42        17031.0
43          8                620.4 2025-12-08 00:12:43        16029.0
44          8                643.0 2025-12-08 00:12:44        15028.0
45          8                624.8 2025-12-08 00:12:45        14027.0
46          8                630.2 2025-12-08 00:12:46        13027.0
47          8                622.9 2025-12-08 00:12:47        12025.0
48          8                623.7 2025-12-08 00:12:48        11024.0
49          8                623.7 2025-12-08 00:12:49        10022.0
50          8                623.6 2025-12-08 00:12:50         9021.0
51          8                625.6 2025-12-08 00:12:51         8019.0
52          8                626.0 2025-12-08 00:12:52         7018.0
53          8                623.1 2025-12-08 00:12:53         6017.0
54          8                627.2 2025-12-08 00:12:54         5016.0
55          8                621.7 2025-12-08 00:12:55         4015.0
56          8                623.4 2025-12-08 00:12:56         3014.0
57          8                624.6 2025-12-08 00:12:57         2013.0
58          8                619.8 2025-12-08 00:12:58         1011.0
59          8                613.8 2025-12-08 00:12:59           10.0
Forecasted values:
    sensor_id  sensor_energy_value_prediction    sensor_timestamp
0           8                      897.504761 2025-12-08 00:13:00
1           8                      930.760864 2025-12-08 00:13:01
2           8                      959.706787 2025-12-08 00:13:02
3           8                      986.033142 2025-12-08 00:13:03
4           8                     1009.886414 2025-12-08 00:13:04
5           8                     1031.451050 2025-12-08 00:13:05
6           8                     1050.946167 2025-12-08 00:13:06
7           8                     1068.592529 2025-12-08 00:13:07
8           8                     1084.596924 2025-12-08 00:13:08
9           8                     1099.143555 2025-12-08 00:13:09
10          8                     1112.393677 2025-12-08 00:13:10
11          8                     1124.486938 2025-12-08 00:13:11
12          8                     1135.543701 2025-12-08 00:13:12
13          8                     1145.668335 2025-12-08 00:13:13
14          8                     1154.951294 2025-12-08 00:13:14
15          8                     1163.472168 2025-12-08 00:13:15
16          8                     1171.301392 2025-12-08 00:13:16
17          8                     1178.501221 2025-12-08 00:13:17
18          8                     1185.127686 2025-12-08 00:13:18
19          8                     1191.231079 2025-12-08 00:13:19
20          8                     1196.857422 2025-12-08 00:13:20
21          8                     1202.047607 2025-12-08 00:13:21
22          8                     1206.839233 2025-12-08 00:13:22
23          8                     1211.267090 2025-12-08 00:13:23
24          8                     1215.361694 2025-12-08 00:13:24
25          8                     1219.151978 2025-12-08 00:13:25
26          8                     1222.663696 2025-12-08 00:13:26
27          8                     1225.920532 2025-12-08 00:13:27
28          8                     1228.944092 2025-12-08 00:13:28
29          8                     1231.754272 2025-12-08 00:13:29
30          8                     1234.368286 2025-12-08 00:13:30
31          8                     1236.803101 2025-12-08 00:13:31
32          8                     1239.073120 2025-12-08 00:13:32
33          8                     1241.191895 2025-12-08 00:13:33
34          8                     1243.171997 2025-12-08 00:13:34
35          8                     1245.024414 2025-12-08 00:13:35
36          8                     1246.759277 2025-12-08 00:13:36
37          8                     1248.386353 2025-12-08 00:13:37
38          8                     1249.913208 2025-12-08 00:13:38
39          8                     1251.348145 2025-12-08 00:13:39
40          8                     1252.697876 2025-12-08 00:13:40
41          8                     1253.969116 2025-12-08 00:13:41
42          8                     1255.167480 2025-12-08 00:13:42
43          8                     1256.298584 2025-12-08 00:13:43
44          8                     1257.367188 2025-12-08 00:13:44
45          8                     1258.378662 2025-12-08 00:13:45
46          8                     1259.335449 2025-12-08 00:13:46
47          8                     1260.241943 2025-12-08 00:13:47
48          8                     1261.101318 2025-12-08 00:13:48
49          8                     1261.916870 2025-12-08 00:13:49
50          8                     1262.691284 2025-12-08 00:13:50
51          8                     1263.427490 2025-12-08 00:13:51
52          8                     1264.127930 2025-12-08 00:13:52
53          8                     1264.794556 2025-12-08 00:13:53
54          8                     1265.429443 2025-12-08 00:13:54
55          8                     1266.034668 2025-12-08 00:13:55
56          8                     1266.611694 2025-12-08 00:13:56
57          8                     1267.162476 2025-12-08 00:13:57
58          8                     1267.688232 2025-12-08 00:13:58
59          8                     1268.190186 2025-12-08 00:13:59
Forecasted values inserted into database
Exiting forecasting script

No new messages received yet.Trying again...
No new messages received yet.Trying again...
No new messages received yet.Trying again...
No new messages received yet.Trying again...
No new messages received yet.Trying again...
No new messages received yet.Trying again...
No new messages received yet.Trying again...
No new messages received yet.Trying again...
No new messages received yet.Trying again...
No new messages received yet.Trying again...
No new messages received yet.Trying again...
No new messages received yet.Trying again...
No new messages received yet.Trying again...
No new messages received yet.Trying again...
No new messages received yet.Trying again...
No new messages received yet.Trying again...
No new messages received yet.Trying again...
No new messages received yet.Trying again...
No new messages received yet.Trying again...
No new messages received yet.Trying again...
No new messages received yet.Trying again...
No new messages received yet.Trying again...
No new messages received yet.Trying again...
No new messages received yet.Trying again...
No new messages received yet.Trying again...
No new messages received yet.Trying again...
No new messages received yet.Trying again...
No new messages received yet.Trying again...
No new messages received yet.Trying again...
No new messages received yet.Trying again...
No new messages received yet.Trying again...
No new messages received yet.Trying again...
No new messages received yet.Trying again...

Actual data inserted to database
Triggering forecasting with retrained model
Forecasting.py script logs
Database connection established
Value of --retrain flag: True

Forecasting for retrained model using device8/2025-12-08-00-00-00-2025-12-08-00-09-59-model/device8.keras and device8/2025-12-08-00-00-00-2025-12-08-00-09-59-model/scaler.save
Successfully downloaded model and scaler from S3

Actual values fetched from database
    sensor_id  sensor_energy_value    sensor_timestamp  message_delay
0           8                618.6 2025-12-08 00:13:00        59109.0
1           8                614.9 2025-12-08 00:13:01        58108.0
2           8                618.1 2025-12-08 00:13:02        57107.0
3           8                619.1 2025-12-08 00:13:03        56105.0
4           8                616.7 2025-12-08 00:13:04        55104.0
5           8                619.1 2025-12-08 00:13:05        54103.0
6           8                625.1 2025-12-08 00:13:06        53102.0
7           8                618.8 2025-12-08 00:13:07        52101.0
8           8                625.9 2025-12-08 00:13:08        51100.0
9           8                616.3 2025-12-08 00:13:09        50099.0
10          8                615.1 2025-12-08 00:13:10        49098.0
11          8                614.5 2025-12-08 00:13:11        48096.0
12          8                618.2 2025-12-08 00:13:12        47095.0
13          8                617.0 2025-12-08 00:13:13        46094.0
14          8                619.0 2025-12-08 00:13:14        45093.0
15          8                617.3 2025-12-08 00:13:15        44092.0
16          8                614.8 2025-12-08 00:13:16        43091.0
17          8                617.5 2025-12-08 00:13:17        42090.0
18          8                618.8 2025-12-08 00:13:18        41089.0
19          8                619.4 2025-12-08 00:13:19        40088.0
20          8                620.8 2025-12-08 00:13:20        39087.0
21          8                617.4 2025-12-08 00:13:21        38086.0
22          8                615.1 2025-12-08 00:13:22        37085.0
23          8                616.8 2025-12-08 00:13:23        36084.0
24          8                621.3 2025-12-08 00:13:24        35083.0
25          8                613.3 2025-12-08 00:13:25        34082.0
26          8                616.5 2025-12-08 00:13:26        33081.0
27          8                614.8 2025-12-08 00:13:27        32078.0
28          8                613.7 2025-12-08 00:13:28        31077.0
29          8                614.8 2025-12-08 00:13:29        30076.0
30          8                614.1 2025-12-08 00:13:30        29075.0
31          8                583.7 2025-12-08 00:13:31        28074.0
32          8                586.2 2025-12-08 00:13:32        27070.0
33          8                586.4 2025-12-08 00:13:33        26070.0
34          8                586.9 2025-12-08 00:13:34        25068.0
35          8                582.9 2025-12-08 00:13:35        24068.0
36          8                584.3 2025-12-08 00:13:36        23067.0
37          8                584.3 2025-12-08 00:13:37        22065.0
38          8                585.0 2025-12-08 00:13:38        21064.0
39          8                587.5 2025-12-08 00:13:39        20063.0
40          8                583.5 2025-12-08 00:13:40        19063.0
41          8                583.9 2025-12-08 00:13:41        18061.0
42          8                586.9 2025-12-08 00:13:42        17059.0
43          8                586.0 2025-12-08 00:13:43        16058.0
44          8                588.0 2025-12-08 00:13:44        15057.0
45          8                587.0 2025-12-08 00:13:45        14054.0
46          8                581.6 2025-12-08 00:13:46        13052.0
47          8                585.4 2025-12-08 00:13:47        12051.0
48          8                585.8 2025-12-08 00:13:48        11050.0
49          8                584.3 2025-12-08 00:13:49        10049.0
50          8                589.0 2025-12-08 00:13:50         9047.0
51          8                583.3 2025-12-08 00:13:51         8046.0
52          8                585.4 2025-12-08 00:13:52         7045.0
53          8                584.8 2025-12-08 00:13:53         6043.0
54          8                588.2 2025-12-08 00:13:54         5042.0
55          8                585.4 2025-12-08 00:13:55         4040.0
56          8                584.4 2025-12-08 00:13:56         3039.0
57          8                583.5 2025-12-08 00:13:57         2037.0
58          8                585.7 2025-12-08 00:13:58         1036.0
59          8                588.7 2025-12-08 00:13:59           10.0
Forecasted values:
    sensor_id  sensor_energy_value_prediction    sensor_timestamp
0           8                      881.556458 2025-12-08 00:14:00
1           8                      916.594482 2025-12-08 00:14:01
2           8                      947.202637 2025-12-08 00:14:02
3           8                      975.040527 2025-12-08 00:14:03
4           8                     1000.255371 2025-12-08 00:14:04
5           8                     1023.038574 2025-12-08 00:14:05
6           8                     1043.620361 2025-12-08 00:14:06
7           8                     1062.233643 2025-12-08 00:14:07
8           8                     1079.097046 2025-12-08 00:14:08
9           8                     1094.406372 2025-12-08 00:14:09
10          8                     1108.332886 2025-12-08 00:14:10
11          8                     1121.025391 2025-12-08 00:14:11
12          8                     1132.612915 2025-12-08 00:14:12
13          8                     1143.206787 2025-12-08 00:14:13
14          8                     1152.904175 2025-12-08 00:14:14
15          8                     1161.790405 2025-12-08 00:14:15
16          8                     1169.940674 2025-12-08 00:14:16
17          8                     1177.422363 2025-12-08 00:14:17
18          8                     1184.295654 2025-12-08 00:14:18
19          8                     1190.614746 2025-12-08 00:14:19
20          8                     1196.428589 2025-12-08 00:14:20
21          8                     1201.781616 2025-12-08 00:14:21
22          8                     1206.713989 2025-12-08 00:14:22
23          8                     1211.262817 2025-12-08 00:14:23
24          8                     1215.461426 2025-12-08 00:14:24
25          8                     1219.340454 2025-12-08 00:14:25
26          8                     1222.927002 2025-12-08 00:14:26
27          8                     1226.247070 2025-12-08 00:14:27
28          8                     1229.323120 2025-12-08 00:14:28
29          8                     1232.176392 2025-12-08 00:14:29
30          8                     1234.825928 2025-12-08 00:14:30
31          8                     1237.288696 2025-12-08 00:14:31
32          8                     1239.579834 2025-12-08 00:14:32
33          8                     1241.714233 2025-12-08 00:14:33
34          8                     1243.705322 2025-12-08 00:14:34
35          8                     1245.564697 2025-12-08 00:14:35
36          8                     1247.302979 2025-12-08 00:14:36
37          8                     1248.930054 2025-12-08 00:14:37
38          8                     1250.454834 2025-12-08 00:14:38
39          8                     1251.885620 2025-12-08 00:14:39
40          8                     1253.229492 2025-12-08 00:14:40
41          8                     1254.493286 2025-12-08 00:14:41
42          8                     1255.682861 2025-12-08 00:14:42
43          8                     1256.804199 2025-12-08 00:14:43
44          8                     1257.862061 2025-12-08 00:14:44
45          8                     1258.861084 2025-12-08 00:14:45
46          8                     1259.805786 2025-12-08 00:14:46
47          8                     1260.699219 2025-12-08 00:14:47
48          8                     1261.545776 2025-12-08 00:14:48
49          8                     1262.348267 2025-12-08 00:14:49
50          8                     1263.109741 2025-12-08 00:14:50
51          8                     1263.832764 2025-12-08 00:14:51
52          8                     1264.519897 2025-12-08 00:14:52
53          8                     1265.173584 2025-12-08 00:14:53
54          8                     1265.795532 2025-12-08 00:14:54
55          8                     1266.388184 2025-12-08 00:14:55
56          8                     1266.952881 2025-12-08 00:14:56
57          8                     1267.491333 2025-12-08 00:14:57
58          8                     1268.004883 2025-12-08 00:14:58
59          8                     1268.495239 2025-12-08 00:14:59
Forecasted values inserted into database
Exiting forecasting script

No new messages received yet.Trying again...
No new messages received yet.Trying again...
No new messages received yet.Trying again...
No new messages received yet.Trying again...
No new messages received yet.Trying again...
No new messages received yet.Trying again...
No new messages received yet.Trying again...
No new messages received yet.Trying again...
No new messages received yet.Trying again...
No new messages received yet.Trying again...
No new messages received yet.Trying again...
No new messages received yet.Trying again...
No new messages received yet.Trying again...
No new messages received yet.Trying again...
No new messages received yet.Trying again...
No new messages received yet.Trying again...
No new messages received yet.Trying again...
No new messages received yet.Trying again...
No new messages received yet.Trying again...
No new messages received yet.Trying again...
No new messages received yet.Trying again...
No new messages received yet.Trying again...
No new messages received yet.Trying again...
No new messages received yet.Trying again...
No new messages received yet.Trying again...
No new messages received yet.Trying again...
No new messages received yet.Trying again...

Actual data inserted to database
Triggering forecasting with retrained model
Forecasting.py script logs
Database connection established
Value of --retrain flag: True

Forecasting for retrained model using device8/2025-12-08-00-00-00-2025-12-08-00-09-59-model/device8.keras and device8/2025-12-08-00-00-00-2025-12-08-00-09-59-model/scaler.save
Successfully downloaded model and scaler from S3

Actual values fetched from database
    sensor_id  sensor_energy_value    sensor_timestamp  message_delay
0           8                596.2 2025-12-08 00:14:00        59109.0
1           8                590.5 2025-12-08 00:14:01        58108.0
2           8                589.9 2025-12-08 00:14:02        57107.0
3           8                589.3 2025-12-08 00:14:03        56105.0
4           8                585.3 2025-12-08 00:14:04        55104.0
5           8                603.0 2025-12-08 00:14:05        54103.0
6           8                585.7 2025-12-08 00:14:06        53099.0
7           8                587.3 2025-12-08 00:14:07        52099.0
8           8                588.0 2025-12-08 00:14:08        51098.0
9           8                588.9 2025-12-08 00:14:09        50094.0
10          8                583.8 2025-12-08 00:14:10        49093.0
11          8                582.6 2025-12-08 00:14:11        48091.0
12          8                585.2 2025-12-08 00:14:12        47090.0
13          8                583.4 2025-12-08 00:14:13        46089.0
14          8                584.1 2025-12-08 00:14:14        45087.0
15          8                581.8 2025-12-08 00:14:15        44086.0
16          8                580.8 2025-12-08 00:14:16        43084.0
17          8                584.9 2025-12-08 00:14:17        42081.0
18          8                584.1 2025-12-08 00:14:18        41079.0
19          8                590.6 2025-12-08 00:14:19        40078.0
20          8                584.3 2025-12-08 00:14:20        39076.0
21          8                581.1 2025-12-08 00:14:21        38076.0
22          8                581.7 2025-12-08 00:14:22        37074.0
23          8                581.7 2025-12-08 00:14:23        36072.0
24          8                584.8 2025-12-08 00:14:24        35071.0
25          8                582.7 2025-12-08 00:14:25        34067.0
26          8                583.7 2025-12-08 00:14:26        33065.0
27          8                583.1 2025-12-08 00:14:27        32062.0
28          8                582.6 2025-12-08 00:14:28        31061.0
29          8                582.4 2025-12-08 00:14:29        30060.0
30          8                584.9 2025-12-08 00:14:30        29059.0
31          8                582.3 2025-12-08 00:14:31        28057.0
32          8                582.6 2025-12-08 00:14:32        27056.0
33          8                581.8 2025-12-08 00:14:33        26055.0
34          8                580.3 2025-12-08 00:14:34        25054.0
35          8                583.3 2025-12-08 00:14:35        24053.0
36          8                577.4 2025-12-08 00:14:36        23051.0
37          8                587.1 2025-12-08 00:14:37        22050.0
38          8                584.3 2025-12-08 00:14:38        21049.0
39          8                585.4 2025-12-08 00:14:39        20047.0
40          8                584.4 2025-12-08 00:14:40        19045.0
41          8                582.2 2025-12-08 00:14:41        18044.0
42          8                584.8 2025-12-08 00:14:42        17044.0
43          8                583.1 2025-12-08 00:14:43        16042.0
44          8                584.7 2025-12-08 00:14:44        15038.0
45          8                583.1 2025-12-08 00:14:45        14036.0
46          8                580.4 2025-12-08 00:14:46        13033.0
47          8                582.4 2025-12-08 00:14:47        12026.0
48          8                581.7 2025-12-08 00:14:48        11025.0
49          8                581.3 2025-12-08 00:14:49        10024.0
50          8                583.5 2025-12-08 00:14:50         9023.0
51          8                587.3 2025-12-08 00:14:51         8022.0
52          8                580.1 2025-12-08 00:14:52         7021.0
53          8                583.6 2025-12-08 00:14:53         6016.0
54          8                583.0 2025-12-08 00:14:54         5014.0
55          8                579.9 2025-12-08 00:14:55         4013.0
56          8                583.7 2025-12-08 00:14:56         3012.0
57          8                583.2 2025-12-08 00:14:57         2011.0
58          8                580.8 2025-12-08 00:14:58         1010.0
59          8                583.0 2025-12-08 00:14:59            9.0
Forecasted values:
    sensor_id  sensor_energy_value_prediction    sensor_timestamp
0           8                      879.966187 2025-12-08 00:15:00
1           8                      915.200684 2025-12-08 00:15:01
2           8                      945.976868 2025-12-08 00:15:02
3           8                      973.969971 2025-12-08 00:15:03
4           8                      999.325562 2025-12-08 00:15:04
5           8                     1022.234924 2025-12-08 00:15:05
6           8                     1042.928833 2025-12-08 00:15:06
7           8                     1061.641235 2025-12-08 00:15:07
8           8                     1078.591797 2025-12-08 00:15:08
9           8                     1093.977661 2025-12-08 00:15:09
10          8                     1107.971680 2025-12-08 00:15:10
11          8                     1120.723267 2025-12-08 00:15:11
12          8                     1132.362549 2025-12-08 00:15:12
13          8                     1143.001831 2025-12-08 00:15:13
14          8                     1152.738770 2025-12-08 00:15:14
15          8                     1161.659546 2025-12-08 00:15:15
16          8                     1169.839966 2025-12-08 00:15:16
17          8                     1177.347534 2025-12-08 00:15:17
18          8                     1184.243408 2025-12-08 00:15:18
19          8                     1190.581909 2025-12-08 00:15:19
20          8                     1196.412231 2025-12-08 00:15:20
21          8                     1201.779297 2025-12-08 00:15:21
22          8                     1206.723633 2025-12-08 00:15:22
23          8                     1211.282349 2025-12-08 00:15:23
24          8                     1215.489014 2025-12-08 00:15:24
25          8                     1219.374634 2025-12-08 00:15:25
26          8                     1222.966797 2025-12-08 00:15:26
27          8                     1226.291016 2025-12-08 00:15:27
28          8                     1229.370361 2025-12-08 00:15:28
29          8                     1232.226074 2025-12-08 00:15:29
30          8                     1234.876953 2025-12-08 00:15:30
31          8                     1237.340820 2025-12-08 00:15:31
32          8                     1239.633423 2025-12-08 00:15:32
33          8                     1241.768921 2025-12-08 00:15:33
34          8                     1243.760620 2025-12-08 00:15:34
35          8                     1245.619873 2025-12-08 00:15:35
36          8                     1247.358276 2025-12-08 00:15:36
37          8                     1248.984985 2025-12-08 00:15:37
38          8                     1250.509644 2025-12-08 00:15:38
39          8                     1251.939819 2025-12-08 00:15:39
40          8                     1253.283081 2025-12-08 00:15:40
41          8                     1254.545898 2025-12-08 00:15:41
42          8                     1255.734619 2025-12-08 00:15:42
43          8                     1256.854736 2025-12-08 00:15:43
44          8                     1257.911499 2025-12-08 00:15:44
45          8                     1258.909546 2025-12-08 00:15:45
46          8                     1259.852783 2025-12-08 00:15:46
47          8                     1260.744995 2025-12-08 00:15:47
48          8                     1261.590210 2025-12-08 00:15:48
49          8                     1262.391235 2025-12-08 00:15:49
50          8                     1263.151367 2025-12-08 00:15:50
51          8                     1263.873169 2025-12-08 00:15:51
52          8                     1264.559326 2025-12-08 00:15:52
53          8                     1265.211548 2025-12-08 00:15:53
54          8                     1265.832397 2025-12-08 00:15:54
55          8                     1266.423584 2025-12-08 00:15:55
56          8                     1266.986816 2025-12-08 00:15:56
57          8                     1267.524170 2025-12-08 00:15:57
58          8                     1268.036743 2025-12-08 00:15:58
59          8                     1268.525879 2025-12-08 00:15:59
Forecasted values inserted into database
Exiting forecasting script

No new messages received yet.Trying again...
No new messages received yet.Trying again...
No new messages received yet.Trying again...
No new messages received yet.Trying again...
No new messages received yet.Trying again...
No new messages received yet.Trying again...
No new messages received yet.Trying again...
No new messages received yet.Trying again...
No new messages received yet.Trying again...
No new messages received yet.Trying again...
No new messages received yet.Trying again...
No new messages received yet.Trying again...
No new messages received yet.Trying again...
No new messages received yet.Trying again...
No new messages received yet.Trying again...
No new messages received yet.Trying again...
No new messages received yet.Trying again...
No new messages received yet.Trying again...
No new messages received yet.Trying again...
No new messages received yet.Trying again...
No new messages received yet.Trying again...
No new messages received yet.Trying again...
No new messages received yet.Trying again...
No new messages received yet.Trying again...
No new messages received yet.Trying again...
No new messages received yet.Trying again...

Actual data inserted to database
Triggering forecasting with retrained model
Forecasting.py script logs
Database connection established
Value of --retrain flag: True

Forecasting for retrained model using device8/2025-12-08-00-00-00-2025-12-08-00-09-59-model/device8.keras and device8/2025-12-08-00-00-00-2025-12-08-00-09-59-model/scaler.save
Successfully downloaded model and scaler from S3

Actual values fetched from database
    sensor_id  sensor_energy_value    sensor_timestamp  message_delay
0           8                584.0 2025-12-08 00:15:00        59253.0
1           8                586.4 2025-12-08 00:15:01        58251.0
2           8                584.8 2025-12-08 00:15:02        57250.0
3           8                583.6 2025-12-08 00:15:03        56249.0
4           8                582.0 2025-12-08 00:15:04        55248.0
5           8                584.8 2025-12-08 00:15:05        54247.0
6           8                585.2 2025-12-08 00:15:06        53246.0
7           8                715.1 2025-12-08 00:15:07        52245.0
8           8                685.4 2025-12-08 00:15:08        51244.0
9           8                683.1 2025-12-08 00:15:09        50242.0
10          8                682.3 2025-12-08 00:15:10        49242.0
11          8                589.7 2025-12-08 00:15:11        48240.0
12          8                684.7 2025-12-08 00:15:12        47239.0
13          8                680.5 2025-12-08 00:15:13        46238.0
14          8                736.2 2025-12-08 00:15:14        45237.0
15          8                699.2 2025-12-08 00:15:15        44236.0
16          8                692.5 2025-12-08 00:15:16        43235.0
17          8                693.7 2025-12-08 00:15:17        42234.0
18          8                685.4 2025-12-08 00:15:18        41233.0
19          8                688.0 2025-12-08 00:15:19        40232.0
20          8                688.4 2025-12-08 00:15:20        39230.0
21          8                691.6 2025-12-08 00:15:21        38229.0
22          8                689.7 2025-12-08 00:15:22        37228.0
23          8                688.5 2025-12-08 00:15:23        36226.0
24          8                690.1 2025-12-08 00:15:24        35225.0
25          8                686.9 2025-12-08 00:15:25        34223.0
26          8                688.9 2025-12-08 00:15:26        33198.0
27          8                692.2 2025-12-08 00:15:27        32195.0
28          8                689.7 2025-12-08 00:15:28        31063.0
29          8                690.5 2025-12-08 00:15:29        30061.0
30          8                688.1 2025-12-08 00:15:30        29061.0
31          8                686.9 2025-12-08 00:15:31        28059.0
32          8                691.4 2025-12-08 00:15:32        27057.0
33          8                692.3 2025-12-08 00:15:33        26056.0
34          8                691.3 2025-12-08 00:15:34        25051.0
35          8                690.0 2025-12-08 00:15:35        24049.0
36          8                687.6 2025-12-08 00:15:36        23048.0
37          8                698.0 2025-12-08 00:15:37        22046.0
38          8                687.0 2025-12-08 00:15:38        21043.0
39          8                688.9 2025-12-08 00:15:39        20042.0
40          8                705.6 2025-12-08 00:15:40        19041.0
41          8                695.9 2025-12-08 00:15:41        18039.0
42          8                705.3 2025-12-08 00:15:42        17038.0
43          8                690.5 2025-12-08 00:15:43        16035.0
44          8                688.7 2025-12-08 00:15:44        15034.0
45          8                689.7 2025-12-08 00:15:45        14031.0
46          8                986.1 2025-12-08 00:15:46        13029.0
47          8                985.4 2025-12-08 00:15:47        12028.0
48          8                878.7 2025-12-08 00:15:48        11026.0
49          8                896.7 2025-12-08 00:15:49        10025.0
50          8                993.0 2025-12-08 00:15:50         9022.0
51          8                898.2 2025-12-08 00:15:51         8017.0
52          8                944.7 2025-12-08 00:15:52         7016.0
53          8                972.8 2025-12-08 00:15:53         6015.0
54          8                998.5 2025-12-08 00:15:54         5013.0
55          8               1021.4 2025-12-08 00:15:55         4012.0
56          8               1042.9 2025-12-08 00:15:56         3011.0
57          8               1064.1 2025-12-08 00:15:57         2010.0
58          8               1082.1 2025-12-08 00:15:58         1009.0
59          8               1097.1 2025-12-08 00:15:59            8.0
Forecasted values:
    sensor_id  sensor_energy_value_prediction    sensor_timestamp
0           8                     1115.586426 2025-12-08 00:16:00
1           8                     1126.675537 2025-12-08 00:16:01
2           8                     1136.789307 2025-12-08 00:16:02
3           8                     1146.071411 2025-12-08 00:16:03
4           8                     1154.600464 2025-12-08 00:16:04
5           8                     1162.449341 2025-12-08 00:16:05
6           8                     1169.684082 2025-12-08 00:16:06
7           8                     1176.363403 2025-12-08 00:16:07
8           8                     1182.542725 2025-12-08 00:16:08
9           8                     1188.264526 2025-12-08 00:16:09
10          8                     1193.570679 2025-12-08 00:16:10
11          8                     1198.497437 2025-12-08 00:16:11
12          8                     1203.074585 2025-12-08 00:16:12
13          8                     1207.336060 2025-12-08 00:16:13
14          8                     1211.305908 2025-12-08 00:16:14
15          8                     1215.008789 2025-12-08 00:16:15
16          8                     1218.464233 2025-12-08 00:16:16
17          8                     1221.691895 2025-12-08 00:16:17
18          8                     1224.710327 2025-12-08 00:16:18
19          8                     1227.535156 2025-12-08 00:16:19
20          8                     1230.181396 2025-12-08 00:16:20
21          8                     1232.662720 2025-12-08 00:16:21
22          8                     1234.991577 2025-12-08 00:16:22
23          8                     1237.179321 2025-12-08 00:16:23
24          8                     1239.236206 2025-12-08 00:16:24
25          8                     1241.171997 2025-12-08 00:16:25
26          8                     1242.995361 2025-12-08 00:16:26
27          8                     1244.714478 2025-12-08 00:16:27
28          8                     1246.336670 2025-12-08 00:16:28
29          8                     1247.868896 2025-12-08 00:16:29
30          8                     1249.317261 2025-12-08 00:16:30
31          8                     1250.687256 2025-12-08 00:16:31
32          8                     1251.984619 2025-12-08 00:16:32
33          8                     1253.213989 2025-12-08 00:16:33
34          8                     1254.380127 2025-12-08 00:16:34
35          8                     1255.486694 2025-12-08 00:16:35
36          8                     1256.537598 2025-12-08 00:16:36
37          8                     1257.536255 2025-12-08 00:16:37
38          8                     1258.486694 2025-12-08 00:16:38
39          8                     1259.390503 2025-12-08 00:16:39
40          8                     1260.251587 2025-12-08 00:16:40
41          8                     1261.072632 2025-12-08 00:16:41
42          8                     1261.854980 2025-12-08 00:16:42
43          8                     1262.601807 2025-12-08 00:16:43
44          8                     1263.314087 2025-12-08 00:16:44
45          8                     1263.994385 2025-12-08 00:16:45
46          8                     1264.644165 2025-12-08 00:16:46
47          8                     1265.277222 2025-12-08 00:16:47
48          8                     1265.883789 2025-12-08 00:16:48
49          8                     1266.460693 2025-12-08 00:16:49
50          8                     1267.013916 2025-12-08 00:16:50
51          8                     1267.547852 2025-12-08 00:16:51
52          8                     1268.056274 2025-12-08 00:16:52
53          8                     1268.545532 2025-12-08 00:16:53
54          8                     1269.015991 2025-12-08 00:16:54
55          8                     1269.468750 2025-12-08 00:16:55
56          8                     1269.904175 2025-12-08 00:16:56
57          8                     1270.323364 2025-12-08 00:16:57
58          8                     1270.727417 2025-12-08 00:16:58
59          8                     1271.116333 2025-12-08 00:16:59
Forecasted values inserted into database
Exiting forecasting script

No new messages received yet.Trying again...
No new messages received yet.Trying again...
No new messages received yet.Trying again...
No new messages received yet.Trying again...
No new messages received yet.Trying again...
No new messages received yet.Trying again...
No new messages received yet.Trying again...
No new messages received yet.Trying again...
No new messages received yet.Trying again...
No new messages received yet.Trying again...
No new messages received yet.Trying again...
No new messages received yet.Trying again...
No new messages received yet.Trying again...
No new messages received yet.Trying again...
No new messages received yet.Trying again...
No new messages received yet.Trying again...
No new messages received yet.Trying again...
No new messages received yet.Trying again...
No new messages received yet.Trying again...
No new messages received yet.Trying again...
No new messages received yet.Trying again...
No new messages received yet.Trying again...
No new messages received yet.Trying again...
No new messages received yet.Trying again...
No new messages received yet.Trying again...
No new messages received yet.Trying again...
No new messages received yet.Trying again...
No new messages received yet.Trying again...
No new messages received yet.Trying again...
No new messages received yet.Trying again...
No new messages received yet.Trying again...
No new messages received yet.Trying again...
No new messages received yet.Trying again...
No new messages received yet.Trying again...
No new messages received yet.Trying again...

Actual data inserted to database
Triggering forecasting with retrained model
Forecasting.py script logs
Database connection established
Value of --retrain flag: True

Forecasting for retrained model using device8/2025-12-08-00-00-00-2025-12-08-00-09-59-model/device8.keras and device8/2025-12-08-00-00-00-2025-12-08-00-09-59-model/scaler.save
Successfully downloaded model and scaler from S3

Actual values fetched from database
    sensor_id  sensor_energy_value    sensor_timestamp  message_delay
0           8               1108.8 2025-12-08 00:16:00        59097.0
1           8               1114.0 2025-12-08 00:16:01        58096.0
2           8               1117.3 2025-12-08 00:16:02        57095.0
3           8               1123.4 2025-12-08 00:16:03        56094.0
4           8               1130.4 2025-12-08 00:16:04        55093.0
5           8               1129.6 2025-12-08 00:16:05        54091.0
6           8               1129.7 2025-12-08 00:16:06        53089.0
7           8               1128.5 2025-12-08 00:16:07        52088.0
8           8               1128.9 2025-12-08 00:16:08        51087.0
9           8               1128.8 2025-12-08 00:16:09        50085.0
10          8               1129.1 2025-12-08 00:16:10        49085.0
11          8               1128.0 2025-12-08 00:16:11        48083.0
12          8               1127.6 2025-12-08 00:16:12        47082.0
13          8               1126.1 2025-12-08 00:16:13        46081.0
14          8               1121.7 2025-12-08 00:16:14        45080.0
15          8               1124.8 2025-12-08 00:16:15        44079.0
16          8               1123.1 2025-12-08 00:16:16        43078.0
17          8               1126.3 2025-12-08 00:16:17        42077.0
18          8               1123.5 2025-12-08 00:16:18        41076.0
19          8               1127.7 2025-12-08 00:16:19        40074.0
20          8               1130.0 2025-12-08 00:16:20        39073.0
21          8               1126.6 2025-12-08 00:16:21        38072.0
22          8               1128.6 2025-12-08 00:16:22        37071.0
23          8               1131.7 2025-12-08 00:16:23        36070.0
24          8               1137.1 2025-12-08 00:16:24        35069.0
25          8               1131.5 2025-12-08 00:16:25        34068.0
26          8               1138.4 2025-12-08 00:16:26        33067.0
27          8               1142.6 2025-12-08 00:16:27        32066.0
28          8               1145.5 2025-12-08 00:16:28        31065.0
29          8               1145.5 2025-12-08 00:16:29        30064.0
30          8               1147.1 2025-12-08 00:16:30        29063.0
31          8               1145.3 2025-12-08 00:16:31        28061.0
32          8               1148.6 2025-12-08 00:16:32        27043.0
33          8               1152.1 2025-12-08 00:16:33        26041.0
34          8               1157.1 2025-12-08 00:16:34        25040.0
35          8               1149.9 2025-12-08 00:16:35        24039.0
36          8               1149.9 2025-12-08 00:16:36        23038.0
37          8               1152.3 2025-12-08 00:16:37        22037.0
38          8               1152.1 2025-12-08 00:16:38        21036.0
39          8               1152.0 2025-12-08 00:16:39        20034.0
40          8               1150.9 2025-12-08 00:16:40        19033.0
41          8               1151.8 2025-12-08 00:16:41        18032.0
42          8               1153.5 2025-12-08 00:16:42        17031.0
43          8               1158.2 2025-12-08 00:16:43        16029.0
44          8               1153.1 2025-12-08 00:16:44        15027.0
45          8               1153.7 2025-12-08 00:16:45        14026.0
46          8               1147.6 2025-12-08 00:16:46        13024.0
47          8               1147.3 2025-12-08 00:16:47        12023.0
48          8               1149.2 2025-12-08 00:16:48        11023.0
49          8               1145.0 2025-12-08 00:16:49        10022.0
50          8               1147.1 2025-12-08 00:16:50         9021.0
51          8               1147.6 2025-12-08 00:16:51         8020.0
52          8               1149.0 2025-12-08 00:16:52         7017.0
53          8               1146.6 2025-12-08 00:16:53         6016.0
54          8               1147.0 2025-12-08 00:16:54         5014.0
55          8               1149.0 2025-12-08 00:16:55         4013.0
56          8               1151.1 2025-12-08 00:16:56         3012.0
57          8               1154.6 2025-12-08 00:16:57         2011.0
58          8               1147.7 2025-12-08 00:16:58         1010.0
59          8               1162.6 2025-12-08 00:16:59            9.0
Forecasted values:
    sensor_id  sensor_energy_value_prediction    sensor_timestamp
0           8                     1185.432617 2025-12-08 00:17:00
1           8                     1190.205444 2025-12-08 00:17:01
2           8                     1194.500122 2025-12-08 00:17:02
3           8                     1198.526245 2025-12-08 00:17:03
4           8                     1202.301025 2025-12-08 00:17:04
5           8                     1205.843994 2025-12-08 00:17:05
6           8                     1209.176147 2025-12-08 00:17:06
7           8                     1212.317261 2025-12-08 00:17:07
8           8                     1215.285645 2025-12-08 00:17:08
9           8                     1218.096924 2025-12-08 00:17:09
10          8                     1220.764526 2025-12-08 00:17:10
11          8                     1223.299683 2025-12-08 00:17:11
12          8                     1225.712036 2025-12-08 00:17:12
13          8                     1228.010254 2025-12-08 00:17:13
14          8                     1230.201172 2025-12-08 00:17:14
15          8                     1232.291382 2025-12-08 00:17:15
16          8                     1234.286377 2025-12-08 00:17:16
17          8                     1236.191284 2025-12-08 00:17:17
18          8                     1238.010986 2025-12-08 00:17:18
19          8                     1239.749634 2025-12-08 00:17:19
20          8                     1241.411255 2025-12-08 00:17:20
21          8                     1242.999756 2025-12-08 00:17:21
22          8                     1244.518555 2025-12-08 00:17:22
23          8                     1245.971069 2025-12-08 00:17:23
24          8                     1247.360718 2025-12-08 00:17:24
25          8                     1248.690552 2025-12-08 00:17:25
26          8                     1249.963013 2025-12-08 00:17:26
27          8                     1251.181274 2025-12-08 00:17:27
28          8                     1252.347778 2025-12-08 00:17:28
29          8                     1253.465210 2025-12-08 00:17:29
30          8                     1254.535889 2025-12-08 00:17:30
31          8                     1255.561646 2025-12-08 00:17:31
32          8                     1256.544678 2025-12-08 00:17:32
33          8                     1257.487183 2025-12-08 00:17:33
34          8                     1258.391235 2025-12-08 00:17:34
35          8                     1259.258667 2025-12-08 00:17:35
36          8                     1260.090576 2025-12-08 00:17:36
37          8                     1260.888794 2025-12-08 00:17:37
38          8                     1261.655273 2025-12-08 00:17:38
39          8                     1262.390869 2025-12-08 00:17:39
40          8                     1263.097412 2025-12-08 00:17:40
41          8                     1263.776001 2025-12-08 00:17:41
42          8                     1264.427979 2025-12-08 00:17:42
43          8                     1265.054565 2025-12-08 00:17:43
44          8                     1265.656982 2025-12-08 00:17:44
45          8                     1266.235962 2025-12-08 00:17:45
46          8                     1266.792603 2025-12-08 00:17:46
47          8                     1267.327759 2025-12-08 00:17:47
48          8                     1267.842285 2025-12-08 00:17:48
49          8                     1268.337524 2025-12-08 00:17:49
50          8                     1268.813843 2025-12-08 00:17:50
51          8                     1269.272339 2025-12-08 00:17:51
52          8                     1269.713501 2025-12-08 00:17:52
53          8                     1270.138184 2025-12-08 00:17:53
54          8                     1270.547119 2025-12-08 00:17:54
55          8                     1270.940796 2025-12-08 00:17:55
56          8                     1271.320068 2025-12-08 00:17:56
57          8                     1271.685425 2025-12-08 00:17:57
58          8                     1272.037476 2025-12-08 00:17:58
59          8                     1272.376465 2025-12-08 00:17:59
Forecasted values inserted into database
Exiting forecasting script

No new messages received yet.Trying again...
No new messages received yet.Trying again...
No new messages received yet.Trying again...
No new messages received yet.Trying again...
No new messages received yet.Trying again...
No new messages received yet.Trying again...
No new messages received yet.Trying again...
No new messages received yet.Trying again...
No new messages received yet.Trying again...
No new messages received yet.Trying again...
No new messages received yet.Trying again...
No new messages received yet.Trying again...
No new messages received yet.Trying again...
No new messages received yet.Trying again...
No new messages received yet.Trying again...
No new messages received yet.Trying again...
No new messages received yet.Trying again...
No new messages received yet.Trying again...
No new messages received yet.Trying again...
No new messages received yet.Trying again...
No new messages received yet.Trying again...
No new messages received yet.Trying again...
No new messages received yet.Trying again...
No new messages received yet.Trying again...
No new messages received yet.Trying again...
No new messages received yet.Trying again...
No new messages received yet.Trying again...
No new messages received yet.Trying again...
No new messages received yet.Trying again...
No new messages received yet.Trying again...
No new messages received yet.Trying again...
No new messages received yet.Trying again...
No new messages received yet.Trying again...

Actual data inserted to database
Triggering forecasting with retrained model
Forecasting.py script logs
Database connection established
Value of --retrain flag: True

Forecasting for retrained model using device8/2025-12-08-00-00-00-2025-12-08-00-09-59-model/device8.keras and device8/2025-12-08-00-00-00-2025-12-08-00-09-59-model/scaler.save
Successfully downloaded model and scaler from S3

Actual values fetched from database
    sensor_id  sensor_energy_value    sensor_timestamp  message_delay
0           8               1155.4 2025-12-08 00:17:00        59097.0
1           8               1150.7 2025-12-08 00:17:01        58096.0
2           8               1154.0 2025-12-08 00:17:02        57094.0
3           8               1155.4 2025-12-08 00:17:03        56093.0
4           8               1151.3 2025-12-08 00:17:04        55092.0
5           8               1151.8 2025-12-08 00:17:05        54090.0
6           8               1151.3 2025-12-08 00:17:06        53089.0
7           8               1154.8 2025-12-08 00:17:07        52088.0
8           8               1152.7 2025-12-08 00:17:08        51087.0
9           8               1151.6 2025-12-08 00:17:09        50086.0
10          8               1148.0 2025-12-08 00:17:10        49085.0
11          8               1152.8 2025-12-08 00:17:11        48084.0
12          8               1149.7 2025-12-08 00:17:12        47083.0
13          8               1149.9 2025-12-08 00:17:13        46082.0
14          8               1147.8 2025-12-08 00:17:14        45081.0
15          8               1151.7 2025-12-08 00:17:15        44080.0
16          8               1145.5 2025-12-08 00:17:16        43079.0
17          8               1149.2 2025-12-08 00:17:17        42078.0
18          8               1151.0 2025-12-08 00:17:18        41076.0
19          8               1155.6 2025-12-08 00:17:19        40075.0
20          8               1153.8 2025-12-08 00:17:20        39074.0
21          8               1151.9 2025-12-08 00:17:21        38073.0
22          8               1141.0 2025-12-08 00:17:22        37072.0
23          8               1146.8 2025-12-08 00:17:23        36071.0
24          8               1149.8 2025-12-08 00:17:24        35070.0
25          8               1143.8 2025-12-08 00:17:25        34069.0
26          8               1143.6 2025-12-08 00:17:26        33067.0
27          8               1148.1 2025-12-08 00:17:27        32066.0
28          8               1148.1 2025-12-08 00:17:28        31065.0
29          8               1152.9 2025-12-08 00:17:29        30064.0
30          8               1148.3 2025-12-08 00:17:30        29063.0
31          8               1144.6 2025-12-08 00:17:31        28059.0
32          8               1147.0 2025-12-08 00:17:32        27053.0
33          8               1148.8 2025-12-08 00:17:33        26051.0
34          8               1149.4 2025-12-08 00:17:34        25050.0
35          8               1144.6 2025-12-08 00:17:35        24049.0
36          8               1152.3 2025-12-08 00:17:36        23046.0
37          8               1149.4 2025-12-08 00:17:37        22045.0
38          8               1149.8 2025-12-08 00:17:38        21044.0
39          8               1149.9 2025-12-08 00:17:39        20043.0
40          8               1150.9 2025-12-08 00:17:40        19041.0
41          8               1158.5 2025-12-08 00:17:41        18039.0
42          8               1149.8 2025-12-08 00:17:42        17038.0
43          8               1145.3 2025-12-08 00:17:43        16037.0
44          8               1156.7 2025-12-08 00:17:44        15035.0
45          8               1158.4 2025-12-08 00:17:45        14034.0
46          8               1154.6 2025-12-08 00:17:46        13033.0
47          8               1154.2 2025-12-08 00:17:47        12032.0
48          8               1149.3 2025-12-08 00:17:48        11029.0
49          8               1148.6 2025-12-08 00:17:49        10028.0
50          8               1147.9 2025-12-08 00:17:50         9027.0
51          8               1151.7 2025-12-08 00:17:51         8026.0
52          8               1147.3 2025-12-08 00:17:52         7025.0
53          8               1146.0 2025-12-08 00:17:53         6022.0
54          8               1147.3 2025-12-08 00:17:54         5021.0
55          8               1145.9 2025-12-08 00:17:55         4020.0
56          8               1147.0 2025-12-08 00:17:56         3018.0
57          8               1149.2 2025-12-08 00:17:57         2017.0
58          8               1146.1 2025-12-08 00:17:58         1012.0
59          8               1146.8 2025-12-08 00:17:59           11.0
Forecasted values:
    sensor_id  sensor_energy_value_prediction    sensor_timestamp
0           8                     1182.173462 2025-12-08 00:18:00
1           8                     1187.275879 2025-12-08 00:18:01
2           8                     1191.753174 2025-12-08 00:18:02
3           8                     1195.948486 2025-12-08 00:18:03
4           8                     1199.878784 2025-12-08 00:18:04
5           8                     1203.562744 2025-12-08 00:18:05
6           8                     1207.022217 2025-12-08 00:18:06
7           8                     1210.279053 2025-12-08 00:18:07
8           8                     1213.352905 2025-12-08 00:18:08
9           8                     1216.260742 2025-12-08 00:18:09
10          8                     1219.017456 2025-12-08 00:18:10
11          8                     1221.635498 2025-12-08 00:18:11
12          8                     1224.125854 2025-12-08 00:18:12
13          8                     1226.496948 2025-12-08 00:18:13
14          8                     1228.756958 2025-12-08 00:18:14
15          8                     1230.912598 2025-12-08 00:18:15
16          8                     1232.969727 2025-12-08 00:18:16
17          8                     1234.933716 2025-12-08 00:18:17
18          8                     1236.809448 2025-12-08 00:18:18
19          8                     1238.601685 2025-12-08 00:18:19
20          8                     1240.314575 2025-12-08 00:18:20
21          8                     1241.951660 2025-12-08 00:18:21
22          8                     1243.516968 2025-12-08 00:18:22
23          8                     1245.013428 2025-12-08 00:18:23
24          8                     1246.444946 2025-12-08 00:18:24
25          8                     1247.814575 2025-12-08 00:18:25
26          8                     1249.124878 2025-12-08 00:18:26
27          8                     1250.379150 2025-12-08 00:18:27
28          8                     1251.580078 2025-12-08 00:18:28
29          8                     1252.729980 2025-12-08 00:18:29
30          8                     1253.831665 2025-12-08 00:18:30
31          8                     1254.886841 2025-12-08 00:18:31
32          8                     1255.898071 2025-12-08 00:18:32
33          8                     1256.867310 2025-12-08 00:18:33
34          8                     1257.796631 2025-12-08 00:18:34
35          8                     1258.687866 2025-12-08 00:18:35
36          8                     1259.542725 2025-12-08 00:18:36
37          8                     1260.363159 2025-12-08 00:18:37
38          8                     1261.150391 2025-12-08 00:18:38
39          8                     1261.906250 2025-12-08 00:18:39
40          8                     1262.631836 2025-12-08 00:18:40
41          8                     1263.328735 2025-12-08 00:18:41
42          8                     1263.998535 2025-12-08 00:18:42
43          8                     1264.641602 2025-12-08 00:18:43
44          8                     1265.259644 2025-12-08 00:18:44
45          8                     1265.854004 2025-12-08 00:18:45
46          8                     1266.425537 2025-12-08 00:18:46
47          8                     1266.974976 2025-12-08 00:18:47
48          8                     1267.503296 2025-12-08 00:18:48
49          8                     1268.011353 2025-12-08 00:18:49
50          8                     1268.500122 2025-12-08 00:18:50
51          8                     1268.970581 2025-12-08 00:18:51
52          8                     1269.423218 2025-12-08 00:18:52
53          8                     1269.858765 2025-12-08 00:18:53
54          8                     1270.278076 2025-12-08 00:18:54
55          8                     1270.681885 2025-12-08 00:18:55
56          8                     1271.070435 2025-12-08 00:18:56
57          8                     1271.444824 2025-12-08 00:18:57
58          8                     1271.805542 2025-12-08 00:18:58
59          8                     1272.152832 2025-12-08 00:18:59
Forecasted values inserted into database
Exiting forecasting script

No new messages received yet.Trying again...
No new messages received yet.Trying again...
No new messages received yet.Trying again...
No new messages received yet.Trying again...
No new messages received yet.Trying again...
No new messages received yet.Trying again...
No new messages received yet.Trying again...
No new messages received yet.Trying again...
No new messages received yet.Trying again...
No new messages received yet.Trying again...
No new messages received yet.Trying again...
No new messages received yet.Trying again...
No new messages received yet.Trying again...
No new messages received yet.Trying again...
No new messages received yet.Trying again...
No new messages received yet.Trying again...
No new messages received yet.Trying again...
No new messages received yet.Trying again...
No new messages received yet.Trying again...
No new messages received yet.Trying again...
No new messages received yet.Trying again...
No new messages received yet.Trying again...
No new messages received yet.Trying again...
No new messages received yet.Trying again...
No new messages received yet.Trying again...
No new messages received yet.Trying again...
No new messages received yet.Trying again...
No new messages received yet.Trying again...
No new messages received yet.Trying again...
No new messages received yet.Trying again...
No new messages received yet.Trying again...

Actual data inserted to database
Triggering forecasting with retrained model
Forecasting.py script logs
Database connection established
Value of --retrain flag: True

Forecasting for retrained model using device8/2025-12-08-00-00-00-2025-12-08-00-09-59-model/device8.keras and device8/2025-12-08-00-00-00-2025-12-08-00-09-59-model/scaler.save
Successfully downloaded model and scaler from S3

Actual values fetched from database
    sensor_id  sensor_energy_value    sensor_timestamp  message_delay
0           8          1220.571186 2025-12-08 00:18:00        59883.0
1           8          1148.600000 2025-12-08 00:18:01        58882.0
2           8          1156.100000 2025-12-08 00:18:02        57881.0
3           8          1149.900000 2025-12-08 00:18:03        56878.0
4           8          1152.900000 2025-12-08 00:18:04        55877.0
5           8          1152.700000 2025-12-08 00:18:05        54875.0
6           8          1149.600000 2025-12-08 00:18:06        53874.0
7           8          1147.600000 2025-12-08 00:18:07        52873.0
8           8          1149.500000 2025-12-08 00:18:08        51871.0
9           8          1148.000000 2025-12-08 00:18:09        50869.0
10          8          1149.500000 2025-12-08 00:18:10        49869.0
11          8          1151.600000 2025-12-08 00:18:11        48868.0
12          8          1149.100000 2025-12-08 00:18:12        47867.0
13          8          1147.700000 2025-12-08 00:18:13        46865.0
14          8          1148.000000 2025-12-08 00:18:14        45864.0
15          8          1184.100000 2025-12-08 00:18:15        44862.0
16          8          1255.900000 2025-12-08 00:18:16        43861.0
17          8          1248.200000 2025-12-08 00:18:17        42860.0
18          8          1246.300000 2025-12-08 00:18:18        41859.0
19          8          1255.400000 2025-12-08 00:18:19        40856.0
20          8          1257.300000 2025-12-08 00:18:20        39855.0
21          8          1248.200000 2025-12-08 00:18:21        38853.0
22          8          1250.100000 2025-12-08 00:18:22        37852.0
23          8          1262.200000 2025-12-08 00:18:23        36851.0
24          8          1250.500000 2025-12-08 00:18:24        35850.0
25          8          1246.800000 2025-12-08 00:18:25        34849.0
26          8          1248.000000 2025-12-08 00:18:26        33848.0
27          8          1252.000000 2025-12-08 00:18:27        32846.0
28          8          1252.300000 2025-12-08 00:18:28        31845.0
29          8          1252.300000 2025-12-08 00:18:29        30843.0
30          8          1247.700000 2025-12-08 00:18:30        29833.0
31          8          1256.400000 2025-12-08 00:18:31        28832.0
32          8          1252.100000 2025-12-08 00:18:32        27832.0
33          8          1250.300000 2025-12-08 00:18:33        26829.0
34          8          1257.100000 2025-12-08 00:18:34        25828.0
35          8          1239.000000 2025-12-08 00:18:35        24826.0
36          8          1243.800000 2025-12-08 00:18:36        23825.0
37          8          1238.700000 2025-12-08 00:18:37        22824.0
38          8          1242.200000 2025-12-08 00:18:38        21822.0
39          8          1240.300000 2025-12-08 00:18:39        20817.0
40          8          1237.100000 2025-12-08 00:18:40        19815.0
41          8          1239.100000 2025-12-08 00:18:41        18813.0
42          8          1239.700000 2025-12-08 00:18:42        17809.0
43          8          1238.700000 2025-12-08 00:18:43        16807.0
44          8          1239.400000 2025-12-08 00:18:44        15794.0
45          8          1234.500000 2025-12-08 00:18:45        14792.0
46          8          1233.100000 2025-12-08 00:18:46        13789.0
47          8          1236.100000 2025-12-08 00:18:47        12777.0
48          8          1237.500000 2025-12-08 00:18:48        11757.0
49          8          1236.100000 2025-12-08 00:18:49        10732.0
50          8          1234.000000 2025-12-08 00:18:50         9707.0
51          8          1238.900000 2025-12-08 00:18:51         8277.0
52          8          1237.600000 2025-12-08 00:18:52         7173.0
53          8          1236.300000 2025-12-08 00:18:53         6167.0
54          8          1236.500000 2025-12-08 00:18:54         5166.0
55          8          1236.400000 2025-12-08 00:18:55         4100.0
56          8          1236.100000 2025-12-08 00:18:56         3082.0
57          8          1238.000000 2025-12-08 00:18:57         2071.0
58          8          1234.700000 2025-12-08 00:18:58         1069.0
59          8          1235.900000 2025-12-08 00:18:59           24.0
Forecasted values:
    sensor_id  sensor_energy_value_prediction    sensor_timestamp
0           8                     1246.172974 2025-12-08 00:19:00
1           8                     1247.657593 2025-12-08 00:19:01
2           8                     1248.964478 2025-12-08 00:19:02
3           8                     1250.203491 2025-12-08 00:19:03
4           8                     1251.378296 2025-12-08 00:19:04
5           8                     1252.493408 2025-12-08 00:19:05
6           8                     1253.553833 2025-12-08 00:19:06
7           8                     1254.564575 2025-12-08 00:19:07
8           8                     1255.530518 2025-12-08 00:19:08
9           8                     1256.455811 2025-12-08 00:19:09
10          8                     1257.343628 2025-12-08 00:19:10
11          8                     1258.197021 2025-12-08 00:19:11
12          8                     1259.018433 2025-12-08 00:19:12
13          8                     1259.809326 2025-12-08 00:19:13
14          8                     1260.572021 2025-12-08 00:19:14
15          8                     1261.307007 2025-12-08 00:19:15
16          8                     1262.017456 2025-12-08 00:19:16
17          8                     1262.705444 2025-12-08 00:19:17
18          8                     1263.369385 2025-12-08 00:19:18
19          8                     1264.010376 2025-12-08 00:19:19
20          8                     1264.629150 2025-12-08 00:19:20
21          8                     1265.226929 2025-12-08 00:19:21
22          8                     1265.803467 2025-12-08 00:19:22
23          8                     1266.359985 2025-12-08 00:19:23
24          8                     1266.897705 2025-12-08 00:19:24
25          8                     1267.416138 2025-12-08 00:19:25
26          8                     1267.916260 2025-12-08 00:19:26
27          8                     1268.399170 2025-12-08 00:19:27
28          8                     1268.865356 2025-12-08 00:19:28
29          8                     1269.315186 2025-12-08 00:19:29
30          8                     1269.749390 2025-12-08 00:19:30
31          8                     1270.168213 2025-12-08 00:19:31
32          8                     1270.572876 2025-12-08 00:19:32
33          8                     1270.963013 2025-12-08 00:19:33
34          8                     1271.339722 2025-12-08 00:19:34
35          8                     1271.703735 2025-12-08 00:19:35
36          8                     1272.054321 2025-12-08 00:19:36
37          8                     1272.392700 2025-12-08 00:19:37
38          8                     1272.719360 2025-12-08 00:19:38
39          8                     1273.034546 2025-12-08 00:19:39
40          8                     1273.338989 2025-12-08 00:19:40
41          8                     1273.632568 2025-12-08 00:19:41
42          8                     1273.916138 2025-12-08 00:19:42
43          8                     1274.190063 2025-12-08 00:19:43
44          8                     1274.454346 2025-12-08 00:19:44
45          8                     1274.709595 2025-12-08 00:19:45
46          8                     1274.955811 2025-12-08 00:19:46
47          8                     1275.193604 2025-12-08 00:19:47
48          8                     1275.423218 2025-12-08 00:19:48
49          8                     1275.645142 2025-12-08 00:19:49
50          8                     1275.859253 2025-12-08 00:19:50
51          8                     1276.066040 2025-12-08 00:19:51
52          8                     1276.265869 2025-12-08 00:19:52
53          8                     1276.458862 2025-12-08 00:19:53
54          8                     1276.645264 2025-12-08 00:19:54
55          8                     1276.825439 2025-12-08 00:19:55
56          8                     1276.999390 2025-12-08 00:19:56
57          8                     1277.167358 2025-12-08 00:19:57
58          8                     1277.329590 2025-12-08 00:19:58
59          8                     1277.486328 2025-12-08 00:19:59
Forecasted values inserted into database
Exiting forecasting script

No new messages received yet.Trying again...
No new messages received yet.Trying again...
No new messages received yet.Trying again...
No new messages received yet.Trying again...
No new messages received yet.Trying again...
No new messages received yet.Trying again...
No new messages received yet.Trying again...
No new messages received yet.Trying again...
No new messages received yet.Trying again...
No new messages received yet.Trying again...
No new messages received yet.Trying again...
No new messages received yet.Trying again...
No new messages received yet.Trying again...
No new messages received yet.Trying again...
No new messages received yet.Trying again...
No new messages received yet.Trying again...
2026-05-16 10:12:42.220 INFO  [132372685125312] ConsumerStatsImpl:59 | Consumer [persistent://public/default/device8_model_consume, pythonSubscription, 0] , ConsumerStatsImpl (numBytesRecieved_ = 14352, totalNumBytesRecieved_ = 28464, receivedMsgMap_ = {[Key: Ok, Value: 598], [Key: TimeOut, Value: 272], }, ackedMsgMap_ = {[Key: {Result: Ok, ackType: 0}, Value: 598], }, totalReceivedMsgMap_ = {[Key: Ok, Value: 1186], [Key: TimeOut, Value: 618], }, totalAckedMsgMap_ = {[Key: {Result: Ok, ackType: 0}, Value: 1186], })
No new messages received yet.Trying again...
No new messages received yet.Trying again...
No new messages received yet.Trying again...
No new messages received yet.Trying again...
No new messages received yet.Trying again...
No new messages received yet.Trying again...
No new messages received yet.Trying again...

Actual data inserted to database
Triggering retrain for window beetween 00:10:00 and 00:19:59
lasttimestamp is  2025-12-08 00:19:59
retrain.py completed successfully:
Database connection established
Retraining model for device device8 with data from table device8_actualvalues between timestamps 2025-12-08-00-10-00 and 2025-12-08-00-19-59...
Epoch 1/200

[1m1/8[0m [32m━━[0m[37m━━━━━━━━━━━━━━━━━━[0m [1m11s[0m 2s/step - loss: 0.0146
[1m5/8[0m [32m━━━━━━━━━━━━[0m[37m━━━━━━━━[0m [1m0s[0m 17ms/step - loss: 0.0116
[1m8/8[0m [32m━━━━━━━━━━━━━━━━━━━━[0m[37m[0m [1m2s[0m 20ms/step - loss: 0.0072
Epoch 2/200

[1m1/8[0m [32m━━[0m[37m━━━━━━━━━━━━━━━━━━[0m [1m0s[0m 46ms/step - loss: 6.9811e-04
[1m5/8[0m [32m━━━━━━━━━━━━[0m[37m━━━━━━━━[0m [1m0s[0m 16ms/step - loss: 6.9649e-04
[1m8/8[0m [32m━━━━━━━━━━━━━━━━━━━━[0m[37m[0m [1m0s[0m 19ms/step - loss: 0.0010    
Epoch 3/200

[1m1/8[0m [32m━━[0m[37m━━━━━━━━━━━━━━━━━━[0m [1m0s[0m 44ms/step - loss: 0.0019
[1m5/8[0m [32m━━━━━━━━━━━━[0m[37m━━━━━━━━[0m [1m0s[0m 14ms/step - loss: 0.0016
[1m8/8[0m [32m━━━━━━━━━━━━━━━━━━━━[0m[37m[0m [1m0s[0m 18ms/step - loss: 0.0011
Epoch 4/200

[1m1/8[0m [32m━━[0m[37m━━━━━━━━━━━━━━━━━━[0m [1m0s[0m 42ms/step - loss: 6.1768e-04
[1m5/8[0m [32m━━━━━━━━━━━━[0m[37m━━━━━━━━[0m [1m0s[0m 14ms/step - loss: 5.4788e-04
[1m8/8[0m [32m━━━━━━━━━━━━━━━━━━━━[0m[37m[0m [1m0s[0m 18ms/step - loss: 5.2388e-04
Epoch 5/200

[1m1/8[0m [32m━━[0m[37m━━━━━━━━━━━━━━━━━━[0m [1m0s[0m 46ms/step - loss: 9.1242e-04
[1m4/8[0m [32m━━━━━━━━━━[0m[37m━━━━━━━━━━[0m [1m0s[0m 18ms/step - loss: 8.0262e-04
[1m8/8[0m [32m━━━━━━━━━━━━━━━━━━━━[0m[37m[0m [1m0s[0m 17ms/step - loss: 7.2636e-04
[1m8/8[0m [32m━━━━━━━━━━━━━━━━━━━━[0m[37m[0m [1m0s[0m 20ms/step - loss: 6.6343e-04
Epoch 6/200

[1m1/8[0m [32m━━[0m[37m━━━━━━━━━━━━━━━━━━[0m [1m0s[0m 42ms/step - loss: 6.8463e-04
[1m5/8[0m [32m━━━━━━━━━━━━[0m[37m━━━━━━━━[0m [1m0s[0m 16ms/step - loss: 7.3557e-04
[1m8/8[0m [32m━━━━━━━━━━━━━━━━━━━━[0m[37m[0m [1m0s[0m 20ms/step - loss: 5.0924e-04
Epoch 7/200

[1m1/8[0m [32m━━[0m[37m━━━━━━━━━━━━━━━━━━[0m [1m0s[0m 45ms/step - loss: 3.1427e-04
[1m5/8[0m [32m━━━━━━━━━━━━[0m[37m━━━━━━━━[0m [1m0s[0m 15ms/step - loss: 3.8991e-04
[1m8/8[0m [32m━━━━━━━━━━━━━━━━━━━━[0m[37m[0m [1m0s[0m 19ms/step - loss: 4.5783e-04
Epoch 8/200

[1m1/8[0m [32m━━[0m[37m━━━━━━━━━━━━━━━━━━[0m [1m0s[0m 44ms/step - loss: 3.0008e-04
[1m5/8[0m [32m━━━━━━━━━━━━[0m[37m━━━━━━━━[0m [1m0s[0m 16ms/step - loss: 3.0095e-04
[1m8/8[0m [32m━━━━━━━━━━━━━━━━━━━━[0m[37m[0m [1m0s[0m 21ms/step - loss: 4.1489e-04
Epoch 9/200

[1m1/8[0m [32m━━[0m[37m━━━━━━━━━━━━━━━━━━[0m [1m0s[0m 53ms/step - loss: 4.0439e-04
[1m5/8[0m [32m━━━━━━━━━━━━[0m[37m━━━━━━━━[0m [1m0s[0m 16ms/step - loss: 4.4504e-04
[1m8/8[0m [32m━━━━━━━━━━━━━━━━━━━━[0m[37m[0m [1m0s[0m 21ms/step - loss: 4.4188e-04
Epoch 10/200

[1m1/8[0m [32m━━[0m[37m━━━━━━━━━━━━━━━━━━[0m [1m0s[0m 46ms/step - loss: 2.2983e-04
[1m5/8[0m [32m━━━━━━━━━━━━[0m[37m━━━━━━━━[0m [1m0s[0m 15ms/step - loss: 4.3337e-04
[1m8/8[0m [32m━━━━━━━━━━━━━━━━━━━━[0m[37m[0m [1m0s[0m 19ms/step - loss: 4.0329e-04
Epoch 11/200

[1m1/8[0m [32m━━[0m[37m━━━━━━━━━━━━━━━━━━[0m [1m0s[0m 42ms/step - loss: 1.2842e-04
[1m5/8[0m [32m━━━━━━━━━━━━[0m[37m━━━━━━━━[0m [1m0s[0m 15ms/step - loss: 2.2923e-04
[1m8/8[0m [32m━━━━━━━━━━━━━━━━━━━━[0m[37m[0m [1m0s[0m 20ms/step - loss: 3.2784e-04
Epoch 12/200

[1m1/8[0m [32m━━[0m[37m━━━━━━━━━━━━━━━━━━[0m [1m0s[0m 50ms/step - loss: 4.0526e-04
[1m5/8[0m [32m━━━━━━━━━━━━[0m[37m━━━━━━━━[0m [1m0s[0m 13ms/step - loss: 4.0192e-04
[1m8/8[0m [32m━━━━━━━━━━━━━━━━━━━━[0m[37m[0m [1m0s[0m 17ms/step - loss: 4.2166e-04
Epoch 13/200

[1m1/8[0m [32m━━[0m[37m━━━━━━━━━━━━━━━━━━[0m [1m0s[0m 46ms/step - loss: 3.6988e-04
[1m5/8[0m [32m━━━━━━━━━━━━[0m[37m━━━━━━━━[0m [1m0s[0m 14ms/step - loss: 3.7550e-04
[1m8/8[0m [32m━━━━━━━━━━━━━━━━━━━━[0m[37m[0m [1m0s[0m 18ms/step - loss: 3.7575e-04
Epoch 14/200

[1m1/8[0m [32m━━[0m[37m━━━━━━━━━━━━━━━━━━[0m [1m0s[0m 48ms/step - loss: 3.6565e-04
[1m5/8[0m [32m━━━━━━━━━━━━[0m[37m━━━━━━━━[0m [1m0s[0m 15ms/step - loss: 3.1643e-04
[1m8/8[0m [32m━━━━━━━━━━━━━━━━━━━━[0m[37m[0m [1m0s[0m 18ms/step - loss: 3.2724e-04
Epoch 15/200

[1m1/8[0m [32m━━[0m[37m━━━━━━━━━━━━━━━━━━[0m [1m0s[0m 42ms/step - loss: 3.3012e-04
[1m5/8[0m [32m━━━━━━━━━━━━[0m[37m━━━━━━━━[0m [1m0s[0m 15ms/step - loss: 3.6270e-04
[1m8/8[0m [32m━━━━━━━━━━━━━━━━━━━━[0m[37m[0m [1m0s[0m 19ms/step - loss: 3.3908e-04
Epoch 16/200

[1m1/8[0m [32m━━[0m[37m━━━━━━━━━━━━━━━━━━[0m [1m0s[0m 39ms/step - loss: 3.2337e-04
[1m5/8[0m [32m━━━━━━━━━━━━[0m[37m━━━━━━━━[0m [1m0s[0m 14ms/step - loss: 3.6388e-04
[1m8/8[0m [32m━━━━━━━━━━━━━━━━━━━━[0m[37m[0m [1m0s[0m 19ms/step - loss: 3.3585e-04
Epoch 17/200

[1m1/8[0m [32m━━[0m[37m━━━━━━━━━━━━━━━━━━[0m [1m0s[0m 52ms/step - loss: 2.0413e-04
[1m5/8[0m [32m━━━━━━━━━━━━[0m[37m━━━━━━━━[0m [1m0s[0m 16ms/step - loss: 2.8108e-04
[1m8/8[0m [32m━━━━━━━━━━━━━━━━━━━━[0m[37m[0m [1m0s[0m 16ms/step - loss: 2.8965e-04
[1m8/8[0m [32m━━━━━━━━━━━━━━━━━━━━[0m[37m[0m [1m0s[0m 21ms/step - loss: 3.0075e-04
Epoch 18/200

[1m1/8[0m [32m━━[0m[37m━━━━━━━━━━━━━━━━━━[0m [1m0s[0m 56ms/step - loss: 5.1523e-04
[1m5/8[0m [32m━━━━━━━━━━━━[0m[37m━━━━━━━━[0m [1m0s[0m 17ms/step - loss: 3.6782e-04
[1m8/8[0m [32m━━━━━━━━━━━━━━━━━━━━[0m[37m[0m [1m0s[0m 18ms/step - loss: 3.4719e-04
[1m8/8[0m [32m━━━━━━━━━━━━━━━━━━━━[0m[37m[0m [1m0s[0m 21ms/step - loss: 3.1430e-04
Epoch 19/200

[1m1/8[0m [32m━━[0m[37m━━━━━━━━━━━━━━━━━━[0m [1m0s[0m 42ms/step - loss: 2.7910e-04
[1m5/8[0m [32m━━━━━━━━━━━━[0m[37m━━━━━━━━[0m [1m0s[0m 15ms/step - loss: 2.7433e-04
[1m8/8[0m [32m━━━━━━━━━━━━━━━━━━━━[0m[37m[0m [1m0s[0m 26ms/step - loss: 2.8203e-04
Epoch 20/200

[1m1/8[0m [32m━━[0m[37m━━━━━━━━━━━━━━━━━━[0m [1m0s[0m 55ms/step - loss: 4.5051e-04
[1m5/8[0m [32m━━━━━━━━━━━━[0m[37m━━━━━━━━[0m [1m0s[0m 16ms/step - loss: 3.8287e-04
[1m8/8[0m [32m━━━━━━━━━━━━━━━━━━━━[0m[37m[0m [1m0s[0m 19ms/step - loss: 3.2228e-04
Epoch 21/200

[1m1/8[0m [32m━━[0m[37m━━━━━━━━━━━━━━━━━━[0m [1m0s[0m 43ms/step - loss: 3.7851e-04
[1m5/8[0m [32m━━━━━━━━━━━━[0m[37m━━━━━━━━[0m [1m0s[0m 16ms/step - loss: 3.0018e-04
[1m8/8[0m [32m━━━━━━━━━━━━━━━━━━━━[0m[37m[0m [1m0s[0m 20ms/step - loss: 2.7217e-04
Epoch 22/200

[1m1/8[0m [32m━━[0m[37m━━━━━━━━━━━━━━━━━━[0m [1m0s[0m 51ms/step - loss: 2.5141e-04
[1m5/8[0m [32m━━━━━━━━━━━━[0m[37m━━━━━━━━[0m [1m0s[0m 15ms/step - loss: 2.5641e-04
[1m8/8[0m [32m━━━━━━━━━━━━━━━━━━━━[0m[37m[0m [1m0s[0m 19ms/step - loss: 2.6745e-04
Epoch 23/200

[1m1/8[0m [32m━━[0m[37m━━━━━━━━━━━━━━━━━━[0m [1m0s[0m 41ms/step - loss: 2.1284e-04
[1m5/8[0m [32m━━━━━━━━━━━━[0m[37m━━━━━━━━[0m [1m0s[0m 14ms/step - loss: 2.1979e-04
[1m8/8[0m [32m━━━━━━━━━━━━━━━━━━━━[0m[37m[0m [1m0s[0m 18ms/step - loss: 2.6665e-04
Epoch 24/200

[1m1/8[0m [32m━━[0m[37m━━━━━━━━━━━━━━━━━━[0m [1m0s[0m 43ms/step - loss: 5.5558e-04
[1m5/8[0m [32m━━━━━━━━━━━━[0m[37m━━━━━━━━[0m [1m0s[0m 16ms/step - loss: 3.5686e-04
[1m8/8[0m [32m━━━━━━━━━━━━━━━━━━━━[0m[37m[0m [1m0s[0m 17ms/step - loss: 3.2705e-04
[1m8/8[0m [32m━━━━━━━━━━━━━━━━━━━━[0m[37m[0m [1m0s[0m 20ms/step - loss: 2.7801e-04
Epoch 25/200

[1m1/8[0m [32m━━[0m[37m━━━━━━━━━━━━━━━━━━[0m [1m0s[0m 40ms/step - loss: 2.0251e-04
[1m4/8[0m [32m━━━━━━━━━━[0m[37m━━━━━━━━━━[0m [1m0s[0m 20ms/step - loss: 2.2359e-04
[1m6/8[0m [32m━━━━━━━━━━━━━━━[0m[37m━━━━━[0m [1m0s[0m 23ms/step - loss: 2.3317e-04
[1m8/8[0m [32m━━━━━━━━━━━━━━━━━━━━[0m[37m[0m [1m0s[0m 24ms/step - loss: 2.7302e-04
Epoch 26/200

[1m1/8[0m [32m━━[0m[37m━━━━━━━━━━━━━━━━━━[0m [1m0s[0m 39ms/step - loss: 3.0791e-04
[1m5/8[0m [32m━━━━━━━━━━━━[0m[37m━━━━━━━━[0m [1m0s[0m 14ms/step - loss: 2.8422e-04
[1m8/8[0m [32m━━━━━━━━━━━━━━━━━━━━[0m[37m[0m [1m0s[0m 20ms/step - loss: 2.7579e-04
Epoch 27/200

[1m1/8[0m [32m━━[0m[37m━━━━━━━━━━━━━━━━━━[0m [1m0s[0m 47ms/step - loss: 2.9949e-04
[1m5/8[0m [32m━━━━━━━━━━━━[0m[37m━━━━━━━━[0m [1m0s[0m 14ms/step - loss: 3.1705e-04
[1m8/8[0m [32m━━━━━━━━━━━━━━━━━━━━[0m[37m[0m [1m0s[0m 19ms/step - loss: 2.7137e-04
Epoch 28/200

[1m1/8[0m [32m━━[0m[37m━━━━━━━━━━━━━━━━━━[0m [1m0s[0m 46ms/step - loss: 9.2469e-05
[1m5/8[0m [32m━━━━━━━━━━━━[0m[37m━━━━━━━━[0m [1m0s[0m 13ms/step - loss: 2.1033e-04
[1m8/8[0m [32m━━━━━━━━━━━━━━━━━━━━[0m[37m[0m [1m0s[0m 17ms/step - loss: 2.7619e-04
Epoch 29/200

[1m1/8[0m [32m━━[0m[37m━━━━━━━━━━━━━━━━━━[0m [1m0s[0m 43ms/step - loss: 2.1758e-04
[1m5/8[0m [32m━━━━━━━━━━━━[0m[37m━━━━━━━━[0m [1m0s[0m 15ms/step - loss: 2.5358e-04
[1m8/8[0m [32m━━━━━━━━━━━━━━━━━━━━[0m[37m[0m [1m0s[0m 18ms/step - loss: 2.4970e-04
Epoch 30/200

[1m1/8[0m [32m━━[0m[37m━━━━━━━━━━━━━━━━━━[0m [1m0s[0m 41ms/step - loss: 1.4371e-04
[1m5/8[0m [32m━━━━━━━━━━━━[0m[37m━━━━━━━━[0m [1m0s[0m 15ms/step - loss: 2.0204e-04
[1m8/8[0m [32m━━━━━━━━━━━━━━━━━━━━[0m[37m[0m [1m0s[0m 19ms/step - loss: 2.5334e-04
Epoch 31/200

[1m1/8[0m [32m━━[0m[37m━━━━━━━━━━━━━━━━━━[0m [1m0s[0m 43ms/step - loss: 2.4944e-04
[1m5/8[0m [32m━━━━━━━━━━━━[0m[37m━━━━━━━━[0m [1m0s[0m 16ms/step - loss: 2.2132e-04
[1m8/8[0m [32m━━━━━━━━━━━━━━━━━━━━[0m[37m[0m [1m0s[0m 18ms/step - loss: 2.4097e-04
Epoch 32/200

[1m1/8[0m [32m━━[0m[37m━━━━━━━━━━━━━━━━━━[0m [1m0s[0m 42ms/step - loss: 3.5173e-04
[1m5/8[0m [32m━━━━━━━━━━━━[0m[37m━━━━━━━━[0m [1m0s[0m 16ms/step - loss: 2.8529e-04
[1m8/8[0m [32m━━━━━━━━━━━━━━━━━━━━[0m[37m[0m [1m0s[0m 20ms/step - loss: 2.3866e-04
Epoch 33/200

[1m1/8[0m [32m━━[0m[37m━━━━━━━━━━━━━━━━━━[0m [1m0s[0m 49ms/step - loss: 1.2309e-04
[1m5/8[0m [32m━━━━━━━━━━━━[0m[37m━━━━━━━━[0m [1m0s[0m 15ms/step - loss: 2.0429e-04
[1m8/8[0m [32m━━━━━━━━━━━━━━━━━━━━[0m[37m[0m [1m0s[0m 18ms/step - loss: 2.6347e-04
Epoch 34/200

[1m1/8[0m [32m━━[0m[37m━━━━━━━━━━━━━━━━━━[0m [1m0s[0m 44ms/step - loss: 1.9393e-04
[1m5/8[0m [32m━━━━━━━━━━━━[0m[37m━━━━━━━━[0m [1m0s[0m 16ms/step - loss: 1.8528e-04
[1m8/8[0m [32m━━━━━━━━━━━━━━━━━━━━[0m[37m[0m [1m0s[0m 20ms/step - loss: 2.1717e-04
Epoch 35/200

[1m1/8[0m [32m━━[0m[37m━━━━━━━━━━━━━━━━━━[0m [1m0s[0m 70ms/step - loss: 1.3314e-04
[1m4/8[0m [32m━━━━━━━━━━[0m[37m━━━━━━━━━━[0m [1m0s[0m 18ms/step - loss: 1.6506e-04
[1m6/8[0m [32m━━━━━━━━━━━━━━━[0m[37m━━━━━[0m [1m0s[0m 21ms/step - loss: 1.8636e-04
[1m8/8[0m [32m━━━━━━━━━━━━━━━━━━━━[0m[37m[0m [1m0s[0m 23ms/step - loss: 2.0072e-04
[1m8/8[0m [32m━━━━━━━━━━━━━━━━━━━━[0m[37m[0m [1m0s[0m 26ms/step - loss: 2.4310e-04
Epoch 36/200

[1m1/8[0m [32m━━[0m[37m━━━━━━━━━━━━━━━━━━[0m [1m0s[0m 41ms/step - loss: 3.0632e-04
[1m5/8[0m [32m━━━━━━━━━━━━[0m[37m━━━━━━━━[0m [1m0s[0m 15ms/step - loss: 2.4099e-04
[1m8/8[0m [32m━━━━━━━━━━━━━━━━━━━━[0m[37m[0m [1m0s[0m 19ms/step - loss: 2.1507e-04
Epoch 37/200

[1m1/8[0m [32m━━[0m[37m━━━━━━━━━━━━━━━━━━[0m [1m0s[0m 53ms/step - loss: 1.4702e-04
[1m5/8[0m [32m━━━━━━━━━━━━[0m[37m━━━━━━━━[0m [1m0s[0m 15ms/step - loss: 1.6904e-04
[1m8/8[0m [32m━━━━━━━━━━━━━━━━━━━━[0m[37m[0m [1m0s[0m 19ms/step - loss: 2.1487e-04
Epoch 38/200

[1m1/8[0m [32m━━[0m[37m━━━━━━━━━━━━━━━━━━[0m [1m0s[0m 44ms/step - loss: 2.9468e-04
[1m5/8[0m [32m━━━━━━━━━━━━[0m[37m━━━━━━━━[0m [1m0s[0m 13ms/step - loss: 2.1851e-04
[1m8/8[0m [32m━━━━━━━━━━━━━━━━━━━━[0m[37m[0m [1m0s[0m 16ms/step - loss: 2.2374e-04
Epoch 39/200

[1m1/8[0m [32m━━[0m[37m━━━━━━━━━━━━━━━━━━[0m [1m0s[0m 45ms/step - loss: 1.6279e-04
[1m5/8[0m [32m━━━━━━━━━━━━[0m[37m━━━━━━━━[0m [1m0s[0m 13ms/step - loss: 1.9755e-04
[1m8/8[0m [32m━━━━━━━━━━━━━━━━━━━━[0m[37m[0m [1m0s[0m 18ms/step - loss: 2.1274e-04
Epoch 40/200

[1m1/8[0m [32m━━[0m[37m━━━━━━━━━━━━━━━━━━[0m [1m0s[0m 50ms/step - loss: 3.4926e-04
[1m5/8[0m [32m━━━━━━━━━━━━[0m[37m━━━━━━━━[0m [1m0s[0m 16ms/step - loss: 2.9866e-04
[1m8/8[0m [32m━━━━━━━━━━━━━━━━━━━━[0m[37m[0m [1m0s[0m 16ms/step - loss: 2.6904e-04
[1m8/8[0m [32m━━━━━━━━━━━━━━━━━━━━[0m[37m[0m [1m0s[0m 20ms/step - loss: 2.1911e-04
Epoch 41/200

[1m1/8[0m [32m━━[0m[37m━━━━━━━━━━━━━━━━━━[0m [1m0s[0m 56ms/step - loss: 1.2207e-04
[1m4/8[0m [32m━━━━━━━━━━[0m[37m━━━━━━━━━━[0m [1m0s[0m 17ms/step - loss: 1.8177e-04
[1m7/8[0m [32m━━━━━━━━━━━━━━━━━[0m[37m━━━[0m [1m0s[0m 18ms/step - loss: 1.8664e-04
[1m8/8[0m [32m━━━━━━━━━━━━━━━━━━━━[0m[37m[0m [1m0s[0m 21ms/step - loss: 1.9774e-04
Epoch 42/200

[1m1/8[0m [32m━━[0m[37m━━━━━━━━━━━━━━━━━━[0m [1m0s[0m 42ms/step - loss: 1.8920e-04
[1m5/8[0m [32m━━━━━━━━━━━━[0m[37m━━━━━━━━[0m [1m0s[0m 16ms/step - loss: 2.4941e-04
[1m8/8[0m [32m━━━━━━━━━━━━━━━━━━━━[0m[37m[0m [1m0s[0m 20ms/step - loss: 2.1066e-04
Epoch 43/200

[1m1/8[0m [32m━━[0m[37m━━━━━━━━━━━━━━━━━━[0m [1m0s[0m 51ms/step - loss: 2.0765e-04
[1m5/8[0m [32m━━━━━━━━━━━━[0m[37m━━━━━━━━[0m [1m0s[0m 16ms/step - loss: 2.1366e-04
[1m8/8[0m [32m━━━━━━━━━━━━━━━━━━━━[0m[37m[0m [1m0s[0m 20ms/step - loss: 2.1661e-04
Epoch 44/200

[1m1/8[0m [32m━━[0m[37m━━━━━━━━━━━━━━━━━━[0m [1m0s[0m 57ms/step - loss: 5.7260e-05
[1m3/8[0m [32m━━━━━━━[0m[37m━━━━━━━━━━━━━[0m [1m0s[0m 36ms/step - loss: 1.6535e-04
[1m6/8[0m [32m━━━━━━━━━━━━━━━[0m[37m━━━━━[0m [1m0s[0m 28ms/step - loss: 1.8432e-04
[1m8/8[0m [32m━━━━━━━━━━━━━━━━━━━━[0m[37m[0m [1m0s[0m 27ms/step - loss: 2.0565e-04
Epoch 45/200

[1m1/8[0m [32m━━[0m[37m━━━━━━━━━━━━━━━━━━[0m [1m0s[0m 49ms/step - loss: 1.1766e-04
[1m4/8[0m [32m━━━━━━━━━━[0m[37m━━━━━━━━━━[0m [1m0s[0m 20ms/step - loss: 1.9557e-04
[1m7/8[0m [32m━━━━━━━━━━━━━━━━━[0m[37m━━━[0m [1m0s[0m 18ms/step - loss: 1.9558e-04
[1m8/8[0m [32m━━━━━━━━━━━━━━━━━━━━[0m[37m[0m [1m0s[0m 23ms/step - loss: 1.8330e-04
Epoch 46/200

[1m1/8[0m [32m━━[0m[37m━━━━━━━━━━━━━━━━━━[0m [1m0s[0m 53ms/step - loss: 8.8788e-05
[1m5/8[0m [32m━━━━━━━━━━━━[0m[37m━━━━━━━━[0m [1m0s[0m 16ms/step - loss: 1.3140e-04
[1m8/8[0m [32m━━━━━━━━━━━━━━━━━━━━[0m[37m[0m [1m0s[0m 21ms/step - loss: 1.8515e-04
Epoch 47/200

[1m1/8[0m [32m━━[0m[37m━━━━━━━━━━━━━━━━━━[0m [1m0s[0m 60ms/step - loss: 1.4168e-04
[1m5/8[0m [32m━━━━━━━━━━━━[0m[37m━━━━━━━━[0m [1m0s[0m 15ms/step - loss: 1.9058e-04
[1m8/8[0m [32m━━━━━━━━━━━━━━━━━━━━[0m[37m[0m [1m0s[0m 19ms/step - loss: 1.9856e-04
Epoch 48/200

[1m1/8[0m [32m━━[0m[37m━━━━━━━━━━━━━━━━━━[0m [1m0s[0m 50ms/step - loss: 2.4490e-04
[1m5/8[0m [32m━━━━━━━━━━━━[0m[37m━━━━━━━━[0m [1m0s[0m 15ms/step - loss: 2.3834e-04
[1m8/8[0m [32m━━━━━━━━━━━━━━━━━━━━[0m[37m[0m [1m0s[0m 20ms/step - loss: 2.1336e-04
Epoch 49/200

[1m1/8[0m [32m━━[0m[37m━━━━━━━━━━━━━━━━━━[0m [1m0s[0m 45ms/step - loss: 3.1677e-04
[1m5/8[0m [32m━━━━━━━━━━━━[0m[37m━━━━━━━━[0m [1m0s[0m 15ms/step - loss: 2.1706e-04
[1m8/8[0m [32m━━━━━━━━━━━━━━━━━━━━[0m[37m[0m [1m0s[0m 19ms/step - loss: 1.9082e-04
Epoch 50/200

[1m1/8[0m [32m━━[0m[37m━━━━━━━━━━━━━━━━━━[0m [1m0s[0m 49ms/step - loss: 2.5372e-04
[1m5/8[0m [32m━━━━━━━━━━━━[0m[37m━━━━━━━━[0m [1m0s[0m 15ms/step - loss: 1.8525e-04
[1m8/8[0m [32m━━━━━━━━━━━━━━━━━━━━[0m[37m[0m [1m0s[0m 18ms/step - loss: 2.0136e-04
Epoch 51/200

[1m1/8[0m [32m━━[0m[37m━━━━━━━━━━━━━━━━━━[0m [1m0s[0m 41ms/step - loss: 1.5624e-04
[1m5/8[0m [32m━━━━━━━━━━━━[0m[37m━━━━━━━━[0m [1m0s[0m 15ms/step - loss: 1.9183e-04
[1m8/8[0m [32m━━━━━━━━━━━━━━━━━━━━[0m[37m[0m [1m0s[0m 18ms/step - loss: 2.0828e-04
Epoch 52/200

[1m1/8[0m [32m━━[0m[37m━━━━━━━━━━━━━━━━━━[0m [1m0s[0m 41ms/step - loss: 8.2982e-05
[1m5/8[0m [32m━━━━━━━━━━━━[0m[37m━━━━━━━━[0m [1m0s[0m 17ms/step - loss: 1.6055e-04
[1m8/8[0m [32m━━━━━━━━━━━━━━━━━━━━[0m[37m[0m [1m0s[0m 17ms/step - loss: 1.7263e-04
[1m8/8[0m [32m━━━━━━━━━━━━━━━━━━━━[0m[37m[0m [1m0s[0m 21ms/step - loss: 1.9738e-04
Epoch 53/200

[1m1/8[0m [32m━━[0m[37m━━━━━━━━━━━━━━━━━━[0m [1m0s[0m 42ms/step - loss: 1.3133e-04
[1m5/8[0m [32m━━━━━━━━━━━━[0m[37m━━━━━━━━[0m [1m0s[0m 16ms/step - loss: 1.6479e-04
[1m8/8[0m [32m━━━━━━━━━━━━━━━━━━━━[0m[37m[0m [1m0s[0m 19ms/step - loss: 1.7658e-04
[1m8/8[0m [32m━━━━━━━━━━━━━━━━━━━━[0m[37m[0m [1m0s[0m 25ms/step - loss: 1.8687e-04
Epoch 54/200

[1m1/8[0m [32m━━[0m[37m━━━━━━━━━━━━━━━━━━[0m [1m0s[0m 69ms/step - loss: 1.8002e-04
[1m3/8[0m [32m━━━━━━━[0m[37m━━━━━━━━━━━━━[0m [1m0s[0m 26ms/step - loss: 1.7002e-04
[1m7/8[0m [32m━━━━━━━━━━━━━━━━━[0m[37m━━━[0m [1m0s[0m 20ms/step - loss: 1.6685e-04
[1m8/8[0m [32m━━━━━━━━━━━━━━━━━━━━[0m[37m[0m [1m0s[0m 24ms/step - loss: 1.9051e-04
Epoch 55/200

[1m1/8[0m [32m━━[0m[37m━━━━━━━━━━━━━━━━━━[0m [1m0s[0m 53ms/step - loss: 3.6495e-04
[1m5/8[0m [32m━━━━━━━━━━━━[0m[37m━━━━━━━━[0m [1m0s[0m 18ms/step - loss: 2.3454e-04
[1m8/8[0m [32m━━━━━━━━━━━━━━━━━━━━[0m[37m[0m [1m0s[0m 19ms/step - loss: 2.1722e-04
[1m8/8[0m [32m━━━━━━━━━━━━━━━━━━━━[0m[37m[0m [1m0s[0m 22ms/step - loss: 1.8952e-04
Epoch 56/200

[1m1/8[0m [32m━━[0m[37m━━━━━━━━━━━━━━━━━━[0m [1m0s[0m 44ms/step - loss: 1.8598e-04
[1m4/8[0m [32m━━━━━━━━━━[0m[37m━━━━━━━━━━[0m [1m0s[0m 18ms/step - loss: 1.5649e-04
[1m7/8[0m [32m━━━━━━━━━━━━━━━━━[0m[37m━━━[0m [1m0s[0m 19ms/step - loss: 1.6634e-04
[1m8/8[0m [32m━━━━━━━━━━━━━━━━━━━━[0m[37m[0m [1m0s[0m 22ms/step - loss: 1.6912e-04
Epoch 57/200

[1m1/8[0m [32m━━[0m[37m━━━━━━━━━━━━━━━━━━[0m [1m0s[0m 46ms/step - loss: 1.1141e-04
[1m4/8[0m [32m━━━━━━━━━━[0m[37m━━━━━━━━━━[0m [1m0s[0m 18ms/step - loss: 1.6150e-04
[1m7/8[0m [32m━━━━━━━━━━━━━━━━━[0m[37m━━━[0m [1m0s[0m 18ms/step - loss: 1.7560e-04
[1m8/8[0m [32m━━━━━━━━━━━━━━━━━━━━[0m[37m[0m [1m0s[0m 23ms/step - loss: 1.8193e-04
Epoch 58/200

[1m1/8[0m [32m━━[0m[37m━━━━━━━━━━━━━━━━━━[0m [1m0s[0m 57ms/step - loss: 2.5889e-04
[1m5/8[0m [32m━━━━━━━━━━━━[0m[37m━━━━━━━━[0m [1m0s[0m 16ms/step - loss: 1.9698e-04
[1m8/8[0m [32m━━━━━━━━━━━━━━━━━━━━[0m[37m[0m [1m0s[0m 20ms/step - loss: 1.7804e-04
Epoch 59/200

[1m1/8[0m [32m━━[0m[37m━━━━━━━━━━━━━━━━━━[0m [1m0s[0m 51ms/step - loss: 2.6672e-04
[1m5/8[0m [32m━━━━━━━━━━━━[0m[37m━━━━━━━━[0m [1m0s[0m 17ms/step - loss: 2.4040e-04
[1m8/8[0m [32m━━━━━━━━━━━━━━━━━━━━[0m[37m[0m [1m0s[0m 20ms/step - loss: 1.9251e-04
Epoch 60/200

[1m1/8[0m [32m━━[0m[37m━━━━━━━━━━━━━━━━━━[0m [1m0s[0m 41ms/step - loss: 1.6497e-04
[1m5/8[0m [32m━━━━━━━━━━━━[0m[37m━━━━━━━━[0m [1m0s[0m 15ms/step - loss: 1.8737e-04
[1m8/8[0m [32m━━━━━━━━━━━━━━━━━━━━[0m[37m[0m [1m0s[0m 16ms/step - loss: 1.8255e-04
[1m8/8[0m [32m━━━━━━━━━━━━━━━━━━━━[0m[37m[0m [1m0s[0m 21ms/step - loss: 1.7942e-04
Epoch 61/200

[1m1/8[0m [32m━━[0m[37m━━━━━━━━━━━━━━━━━━[0m [1m0s[0m 48ms/step - loss: 1.1650e-04
[1m5/8[0m [32m━━━━━━━━━━━━[0m[37m━━━━━━━━[0m [1m0s[0m 16ms/step - loss: 1.3173e-04
[1m8/8[0m [32m━━━━━━━━━━━━━━━━━━━━[0m[37m[0m [1m0s[0m 20ms/step - loss: 1.7919e-04
Epoch 62/200

[1m1/8[0m [32m━━[0m[37m━━━━━━━━━━━━━━━━━━[0m [1m0s[0m 43ms/step - loss: 1.4136e-04
[1m5/8[0m [32m━━━━━━━━━━━━[0m[37m━━━━━━━━[0m [1m0s[0m 17ms/step - loss: 1.4346e-04
[1m8/8[0m [32m━━━━━━━━━━━━━━━━━━━━[0m[37m[0m [1m0s[0m 21ms/step - loss: 1.8895e-04
Epoch 63/200

[1m1/8[0m [32m━━[0m[37m━━━━━━━━━━━━━━━━━━[0m [1m0s[0m 50ms/step - loss: 1.5210e-04
[1m4/8[0m [32m━━━━━━━━━━[0m[37m━━━━━━━━━━[0m [1m0s[0m 20ms/step - loss: 1.6713e-04
[1m7/8[0m [32m━━━━━━━━━━━━━━━━━[0m[37m━━━[0m [1m0s[0m 19ms/step - loss: 1.6328e-04
[1m8/8[0m [32m━━━━━━━━━━━━━━━━━━━━[0m[37m[0m [1m0s[0m 21ms/step - loss: 1.6385e-04
Epoch 64/200

[1m1/8[0m [32m━━[0m[37m━━━━━━━━━━━━━━━━━━[0m [1m0s[0m 43ms/step - loss: 1.0486e-04
[1m4/8[0m [32m━━━━━━━━━━[0m[37m━━━━━━━━━━[0m [1m0s[0m 17ms/step - loss: 1.1362e-04
[1m7/8[0m [32m━━━━━━━━━━━━━━━━━[0m[37m━━━[0m [1m0s[0m 17ms/step - loss: 1.3514e-04
[1m8/8[0m [32m━━━━━━━━━━━━━━━━━━━━[0m[37m[0m [1m0s[0m 20ms/step - loss: 1.6689e-04
Epoch 65/200

[1m1/8[0m [32m━━[0m[37m━━━━━━━━━━━━━━━━━━[0m [1m0s[0m 44ms/step - loss: 2.2832e-04
[1m5/8[0m [32m━━━━━━━━━━━━[0m[37m━━━━━━━━[0m [1m0s[0m 15ms/step - loss: 1.6215e-04
[1m8/8[0m [32m━━━━━━━━━━━━━━━━━━━━[0m[37m[0m [1m0s[0m 19ms/step - loss: 1.6906e-04
Epoch 66/200

[1m1/8[0m [32m━━[0m[37m━━━━━━━━━━━━━━━━━━[0m [1m0s[0m 47ms/step - loss: 3.8477e-04
[1m4/8[0m [32m━━━━━━━━━━[0m[37m━━━━━━━━━━[0m [1m0s[0m 17ms/step - loss: 2.5641e-04
[1m8/8[0m [32m━━━━━━━━━━━━━━━━━━━━[0m[37m[0m [1m0s[0m 16ms/step - loss: 2.1619e-04
[1m8/8[0m [32m━━━━━━━━━━━━━━━━━━━━[0m[37m[0m [1m0s[0m 21ms/step - loss: 1.7463e-04
Epoch 67/200

[1m1/8[0m [32m━━[0m[37m━━━━━━━━━━━━━━━━━━[0m [1m0s[0m 66ms/step - loss: 1.2746e-04
[1m3/8[0m [32m━━━━━━━[0m[37m━━━━━━━━━━━━━[0m [1m0s[0m 32ms/step - loss: 2.1101e-04
[1m6/8[0m [32m━━━━━━━━━━━━━━━[0m[37m━━━━━[0m [1m0s[0m 27ms/step - loss: 1.9695e-04
[1m8/8[0m [32m━━━━━━━━━━━━━━━━━━━━[0m[37m[0m [1m0s[0m 29ms/step - loss: 1.6780e-04
Epoch 68/200

[1m1/8[0m [32m━━[0m[37m━━━━━━━━━━━━━━━━━━[0m [1m0s[0m 51ms/step - loss: 1.1586e-04
[1m4/8[0m [32m━━━━━━━━━━[0m[37m━━━━━━━━━━[0m [1m0s[0m 19ms/step - loss: 1.0767e-04
[1m8/8[0m [32m━━━━━━━━━━━━━━━━━━━━[0m[37m[0m [1m0s[0m 18ms/step - loss: 1.3166e-04
[1m8/8[0m [32m━━━━━━━━━━━━━━━━━━━━[0m[37m[0m [1m0s[0m 21ms/step - loss: 1.6188e-04
Epoch 69/200

[1m1/8[0m [32m━━[0m[37m━━━━━━━━━━━━━━━━━━[0m [1m0s[0m 50ms/step - loss: 1.4129e-04
[1m4/8[0m [32m━━━━━━━━━━[0m[37m━━━━━━━━━━[0m [1m0s[0m 18ms/step - loss: 1.7931e-04
[1m7/8[0m [32m━━━━━━━━━━━━━━━━━[0m[37m━━━[0m [1m0s[0m 17ms/step - loss: 1.7519e-04
[1m8/8[0m [32m━━━━━━━━━━━━━━━━━━━━[0m[37m[0m [1m0s[0m 22ms/step - loss: 1.5369e-04
Epoch 70/200

[1m1/8[0m [32m━━[0m[37m━━━━━━━━━━━━━━━━━━[0m [1m0s[0m 52ms/step - loss: 1.6575e-04
[1m5/8[0m [32m━━━━━━━━━━━━[0m[37m━━━━━━━━[0m [1m0s[0m 16ms/step - loss: 1.7541e-04
[1m8/8[0m [32m━━━━━━━━━━━━━━━━━━━━[0m[37m[0m [1m0s[0m 17ms/step - loss: 1.7108e-04
[1m8/8[0m [32m━━━━━━━━━━━━━━━━━━━━[0m[37m[0m [1m0s[0m 20ms/step - loss: 1.5181e-04
Epoch 71/200

[1m1/8[0m [32m━━[0m[37m━━━━━━━━━━━━━━━━━━[0m [1m0s[0m 42ms/step - loss: 1.0031e-04
[1m5/8[0m [32m━━━━━━━━━━━━[0m[37m━━━━━━━━[0m [1m0s[0m 16ms/step - loss: 1.8315e-04
[1m8/8[0m [32m━━━━━━━━━━━━━━━━━━━━[0m[37m[0m [1m0s[0m 16ms/step - loss: 1.8207e-04
[1m8/8[0m [32m━━━━━━━━━━━━━━━━━━━━[0m[37m[0m [1m0s[0m 24ms/step - loss: 1.8500e-04
Epoch 72/200

[1m1/8[0m [32m━━[0m[37m━━━━━━━━━━━━━━━━━━[0m [1m0s[0m 47ms/step - loss: 3.4928e-04
[1m5/8[0m [32m━━━━━━━━━━━━[0m[37m━━━━━━━━[0m [1m0s[0m 16ms/step - loss: 2.2054e-04
[1m8/8[0m [32m━━━━━━━━━━━━━━━━━━━━[0m[37m[0m [1m0s[0m 19ms/step - loss: 1.6578e-04
Epoch 73/200

[1m1/8[0m [32m━━[0m[37m━━━━━━━━━━━━━━━━━━[0m [1m0s[0m 43ms/step - loss: 6.8619e-05
[1m4/8[0m [32m━━━━━━━━━━[0m[37m━━━━━━━━━━[0m [1m0s[0m 18ms/step - loss: 1.2799e-04
[1m7/8[0m [32m━━━━━━━━━━━━━━━━━[0m[37m━━━[0m [1m0s[0m 18ms/step - loss: 1.5033e-04
[1m8/8[0m [32m━━━━━━━━━━━━━━━━━━━━[0m[37m[0m [1m0s[0m 21ms/step - loss: 1.7752e-04
Epoch 74/200

[1m1/8[0m [32m━━[0m[37m━━━━━━━━━━━━━━━━━━[0m [1m0s[0m 43ms/step - loss: 2.7081e-04
[1m4/8[0m [32m━━━━━━━━━━[0m[37m━━━━━━━━━━[0m [1m0s[0m 19ms/step - loss: 1.9510e-04
[1m8/8[0m [32m━━━━━━━━━━━━━━━━━━━━[0m[37m[0m [1m0s[0m 18ms/step - loss: 1.8629e-04
[1m8/8[0m [32m━━━━━━━━━━━━━━━━━━━━[0m[37m[0m [1m0s[0m 22ms/step - loss: 1.8986e-04
Epoch 75/200

[1m1/8[0m [32m━━[0m[37m━━━━━━━━━━━━━━━━━━[0m [1m0s[0m 52ms/step - loss: 1.6125e-04
[1m5/8[0m [32m━━━━━━━━━━━━[0m[37m━━━━━━━━[0m [1m0s[0m 16ms/step - loss: 1.6844e-04
[1m8/8[0m [32m━━━━━━━━━━━━━━━━━━━━[0m[37m[0m [1m0s[0m 19ms/step - loss: 1.5752e-04
Epoch 76/200

[1m1/8[0m [32m━━[0m[37m━━━━━━━━━━━━━━━━━━[0m [1m0s[0m 43ms/step - loss: 2.8326e-04
[1m5/8[0m [32m━━━━━━━━━━━━[0m[37m━━━━━━━━[0m [1m0s[0m 15ms/step - loss: 1.6181e-04
[1m8/8[0m [32m━━━━━━━━━━━━━━━━━━━━[0m[37m[0m [1m0s[0m 18ms/step - loss: 1.5380e-04
Epoch 77/200

[1m1/8[0m [32m━━[0m[37m━━━━━━━━━━━━━━━━━━[0m [1m0s[0m 42ms/step - loss: 1.0788e-04
[1m5/8[0m [32m━━━━━━━━━━━━[0m[37m━━━━━━━━[0m [1m0s[0m 15ms/step - loss: 1.1869e-04
[1m8/8[0m [32m━━━━━━━━━━━━━━━━━━━━[0m[37m[0m [1m0s[0m 20ms/step - loss: 1.6220e-04
Epoch 78/200

[1m1/8[0m [32m━━[0m[37m━━━━━━━━━━━━━━━━━━[0m [1m0s[0m 44ms/step - loss: 2.1738e-04
[1m5/8[0m [32m━━━━━━━━━━━━[0m[37m━━━━━━━━[0m [1m0s[0m 14ms/step - loss: 2.2290e-04
[1m8/8[0m [32m━━━━━━━━━━━━━━━━━━━━[0m[37m[0m [1m0s[0m 19ms/step - loss: 1.7646e-04
Epoch 79/200

[1m1/8[0m [32m━━[0m[37m━━━━━━━━━━━━━━━━━━[0m [1m0s[0m 46ms/step - loss: 2.7846e-04
[1m5/8[0m [32m━━━━━━━━━━━━[0m[37m━━━━━━━━[0m [1m0s[0m 14ms/step - loss: 1.9629e-04
[1m8/8[0m [32m━━━━━━━━━━━━━━━━━━━━[0m[37m[0m [1m0s[0m 18ms/step - loss: 1.5751e-04
Epoch 80/200

[1m1/8[0m [32m━━[0m[37m━━━━━━━━━━━━━━━━━━[0m [1m0s[0m 57ms/step - loss: 1.8445e-04
[1m5/8[0m [32m━━━━━━━━━━━━[0m[37m━━━━━━━━[0m [1m0s[0m 14ms/step - loss: 1.2355e-04
[1m8/8[0m [32m━━━━━━━━━━━━━━━━━━━━[0m[37m[0m [1m0s[0m 18ms/step - loss: 1.5503e-04
Epoch 81/200

[1m1/8[0m [32m━━[0m[37m━━━━━━━━━━━━━━━━━━[0m [1m0s[0m 36ms/step - loss: 6.5347e-05
[1m5/8[0m [32m━━━━━━━━━━━━[0m[37m━━━━━━━━[0m [1m0s[0m 17ms/step - loss: 1.3845e-04
[1m8/8[0m [32m━━━━━━━━━━━━━━━━━━━━[0m[37m[0m [1m0s[0m 21ms/step - loss: 1.5563e-04
Epoch 82/200

[1m1/8[0m [32m━━[0m[37m━━━━━━━━━━━━━━━━━━[0m [1m0s[0m 54ms/step - loss: 1.2316e-04
[1m4/8[0m [32m━━━━━━━━━━[0m[37m━━━━━━━━━━[0m [1m0s[0m 19ms/step - loss: 1.4023e-04
[1m7/8[0m [32m━━━━━━━━━━━━━━━━━[0m[37m━━━[0m [1m0s[0m 18ms/step - loss: 1.5265e-04
[1m8/8[0m [32m━━━━━━━━━━━━━━━━━━━━[0m[37m[0m [1m0s[0m 21ms/step - loss: 1.6405e-04
Epoch 83/200

[1m1/8[0m [32m━━[0m[37m━━━━━━━━━━━━━━━━━━[0m [1m0s[0m 52ms/step - loss: 2.1012e-04
[1m4/8[0m [32m━━━━━━━━━━[0m[37m━━━━━━━━━━[0m [1m0s[0m 17ms/step - loss: 1.5894e-04
[1m7/8[0m [32m━━━━━━━━━━━━━━━━━[0m[37m━━━[0m [1m0s[0m 18ms/step - loss: 1.5646e-04
[1m8/8[0m [32m━━━━━━━━━━━━━━━━━━━━[0m[37m[0m [1m0s[0m 24ms/step - loss: 1.4427e-04
Epoch 84/200

[1m1/8[0m [32m━━[0m[37m━━━━━━━━━━━━━━━━━━[0m [1m0s[0m 60ms/step - loss: 2.6998e-04
[1m5/8[0m [32m━━━━━━━━━━━━[0m[37m━━━━━━━━[0m [1m0s[0m 16ms/step - loss: 2.3566e-04
[1m8/8[0m [32m━━━━━━━━━━━━━━━━━━━━[0m[37m[0m [1m0s[0m 20ms/step - loss: 1.6111e-04
Epoch 85/200

[1m1/8[0m [32m━━[0m[37m━━━━━━━━━━━━━━━━━━[0m [1m0s[0m 47ms/step - loss: 2.6536e-04
[1m5/8[0m [32m━━━━━━━━━━━━[0m[37m━━━━━━━━[0m [1m0s[0m 16ms/step - loss: 1.9592e-04
[1m8/8[0m [32m━━━━━━━━━━━━━━━━━━━━[0m[37m[0m [1m0s[0m 20ms/step - loss: 1.5311e-04
Epoch 86/200

[1m1/8[0m [32m━━[0m[37m━━━━━━━━━━━━━━━━━━[0m [1m0s[0m 51ms/step - loss: 7.7644e-05
[1m5/8[0m [32m━━━━━━━━━━━━[0m[37m━━━━━━━━[0m [1m0s[0m 18ms/step - loss: 1.4337e-04
[1m7/8[0m [32m━━━━━━━━━━━━━━━━━[0m[37m━━━[0m [1m0s[0m 20ms/step - loss: 1.4142e-04
[1m8/8[0m [32m━━━━━━━━━━━━━━━━━━━━[0m[37m[0m [1m0s[0m 24ms/step - loss: 1.3633e-04
Epoch 87/200

[1m1/8[0m [32m━━[0m[37m━━━━━━━━━━━━━━━━━━[0m [1m0s[0m 85ms/step - loss: 1.3155e-04
[1m4/8[0m [32m━━━━━━━━━━[0m[37m━━━━━━━━━━[0m [1m0s[0m 17ms/step - loss: 1.2173e-04
[1m7/8[0m [32m━━━━━━━━━━━━━━━━━[0m[37m━━━[0m [1m0s[0m 17ms/step - loss: 1.3020e-04
[1m8/8[0m [32m━━━━━━━━━━━━━━━━━━━━[0m[37m[0m [1m0s[0m 21ms/step - loss: 1.5218e-04
Epoch 88/200

[1m1/8[0m [32m━━[0m[37m━━━━━━━━━━━━━━━━━━[0m [1m0s[0m 52ms/step - loss: 4.0708e-04
[1m4/8[0m [32m━━━━━━━━━━[0m[37m━━━━━━━━━━[0m [1m0s[0m 17ms/step - loss: 3.0660e-04
[1m7/8[0m [32m━━━━━━━━━━━━━━━━━[0m[37m━━━[0m [1m0s[0m 19ms/step - loss: 2.5363e-04
[1m8/8[0m [32m━━━━━━━━━━━━━━━━━━━━[0m[37m[0m [1m0s[0m 24ms/step - loss: 1.6069e-04
Epoch 89/200

[1m1/8[0m [32m━━[0m[37m━━━━━━━━━━━━━━━━━━[0m [1m0s[0m 61ms/step - loss: 3.6118e-04
[1m4/8[0m [32m━━━━━━━━━━[0m[37m━━━━━━━━━━[0m [1m0s[0m 19ms/step - loss: 2.2948e-04
[1m7/8[0m [32m━━━━━━━━━━━━━━━━━[0m[37m━━━[0m [1m0s[0m 21ms/step - loss: 1.9701e-04
[1m8/8[0m [32m━━━━━━━━━━━━━━━━━━━━[0m[37m[0m [1m0s[0m 25ms/step - loss: 1.4158e-04
Epoch 90/200

[1m1/8[0m [32m━━[0m[37m━━━━━━━━━━━━━━━━━━[0m [1m0s[0m 54ms/step - loss: 1.6820e-04
[1m4/8[0m [32m━━━━━━━━━━[0m[37m━━━━━━━━━━[0m [1m0s[0m 18ms/step - loss: 1.6214e-04
[1m8/8[0m [32m━━━━━━━━━━━━━━━━━━━━[0m[37m[0m [1m0s[0m 16ms/step - loss: 1.6153e-04
[1m8/8[0m [32m━━━━━━━━━━━━━━━━━━━━[0m[37m[0m [1m0s[0m 21ms/step - loss: 1.6068e-04
Epoch 91/200

[1m1/8[0m [32m━━[0m[37m━━━━━━━━━━━━━━━━━━[0m [1m0s[0m 50ms/step - loss: 1.8379e-04
[1m5/8[0m [32m━━━━━━━━━━━━[0m[37m━━━━━━━━[0m [1m0s[0m 15ms/step - loss: 1.5750e-04
[1m8/8[0m [32m━━━━━━━━━━━━━━━━━━━━[0m[37m[0m [1m0s[0m 20ms/step - loss: 1.6128e-04
Epoch 92/200

[1m1/8[0m [32m━━[0m[37m━━━━━━━━━━━━━━━━━━[0m [1m0s[0m 50ms/step - loss: 9.1202e-05
[1m5/8[0m [32m━━━━━━━━━━━━[0m[37m━━━━━━━━[0m [1m0s[0m 15ms/step - loss: 1.9397e-04
[1m8/8[0m [32m━━━━━━━━━━━━━━━━━━━━[0m[37m[0m [1m0s[0m 21ms/step - loss: 1.8393e-04
Epoch 93/200

[1m1/8[0m [32m━━[0m[37m━━━━━━━━━━━━━━━━━━[0m [1m0s[0m 53ms/step - loss: 2.5436e-04
[1m5/8[0m [32m━━━━━━━━━━━━[0m[37m━━━━━━━━[0m [1m0s[0m 15ms/step - loss: 2.0775e-04
[1m8/8[0m [32m━━━━━━━━━━━━━━━━━━━━[0m[37m[0m [1m0s[0m 16ms/step - loss: 1.8507e-04
[1m8/8[0m [32m━━━━━━━━━━━━━━━━━━━━[0m[37m[0m [1m0s[0m 19ms/step - loss: 1.3782e-04
Epoch 94/200

[1m1/8[0m [32m━━[0m[37m━━━━━━━━━━━━━━━━━━[0m [1m0s[0m 46ms/step - loss: 2.6218e-04
[1m4/8[0m [32m━━━━━━━━━━[0m[37m━━━━━━━━━━[0m [1m0s[0m 20ms/step - loss: 1.9478e-04
[1m7/8[0m [32m━━━━━━━━━━━━━━━━━[0m[37m━━━[0m [1m0s[0m 21ms/step - loss: 1.7209e-04
[1m8/8[0m [32m━━━━━━━━━━━━━━━━━━━━[0m[37m[0m [1m0s[0m 27ms/step - loss: 1.4267e-04
Epoch 95/200

[1m1/8[0m [32m━━[0m[37m━━━━━━━━━━━━━━━━━━[0m [1m0s[0m 56ms/step - loss: 9.9053e-05
[1m4/8[0m [32m━━━━━━━━━━[0m[37m━━━━━━━━━━[0m [1m0s[0m 23ms/step - loss: 1.7376e-04
[1m7/8[0m [32m━━━━━━━━━━━━━━━━━[0m[37m━━━[0m [1m0s[0m 21ms/step - loss: 1.6534e-04
[1m8/8[0m [32m━━━━━━━━━━━━━━━━━━━━[0m[37m[0m [1m0s[0m 26ms/step - loss: 1.5332e-04
Epoch 96/200

[1m1/8[0m [32m━━[0m[37m━━━━━━━━━━━━━━━━━━[0m [1m0s[0m 47ms/step - loss: 2.0876e-04
[1m5/8[0m [32m━━━━━━━━━━━━[0m[37m━━━━━━━━[0m [1m0s[0m 15ms/step - loss: 1.5669e-04
[1m8/8[0m [32m━━━━━━━━━━━━━━━━━━━━[0m[37m[0m [1m0s[0m 17ms/step - loss: 1.4994e-04
[1m8/8[0m [32m━━━━━━━━━━━━━━━━━━━━[0m[37m[0m [1m0s[0m 20ms/step - loss: 1.4113e-04
Epoch 97/200

[1m1/8[0m [32m━━[0m[37m━━━━━━━━━━━━━━━━━━[0m [1m0s[0m 44ms/step - loss: 8.1689e-05
[1m4/8[0m [32m━━━━━━━━━━[0m[37m━━━━━━━━━━[0m [1m0s[0m 17ms/step - loss: 1.1558e-04
[1m8/8[0m [32m━━━━━━━━━━━━━━━━━━━━[0m[37m[0m [1m0s[0m 15ms/step - loss: 1.3020e-04
[1m8/8[0m [32m━━━━━━━━━━━━━━━━━━━━[0m[37m[0m [1m0s[0m 20ms/step - loss: 1.6152e-04
Epoch 98/200

[1m1/8[0m [32m━━[0m[37m━━━━━━━━━━━━━━━━━━[0m [1m0s[0m 44ms/step - loss: 4.7760e-05
[1m5/8[0m [32m━━━━━━━━━━━━[0m[37m━━━━━━━━[0m [1m0s[0m 15ms/step - loss: 6.8501e-05
[1m8/8[0m [32m━━━━━━━━━━━━━━━━━━━━[0m[37m[0m [1m0s[0m 19ms/step - loss: 1.3409e-04
Epoch 99/200

[1m1/8[0m [32m━━[0m[37m━━━━━━━━━━━━━━━━━━[0m [1m0s[0m 46ms/step - loss: 1.4585e-04
[1m5/8[0m [32m━━━━━━━━━━━━[0m[37m━━━━━━━━[0m [1m0s[0m 14ms/step - loss: 1.4243e-04
[1m8/8[0m [32m━━━━━━━━━━━━━━━━━━━━[0m[37m[0m [1m0s[0m 18ms/step - loss: 1.3681e-04
Epoch 100/200

[1m1/8[0m [32m━━[0m[37m━━━━━━━━━━━━━━━━━━[0m [1m0s[0m 43ms/step - loss: 7.5571e-05
[1m5/8[0m [32m━━━━━━━━━━━━[0m[37m━━━━━━━━[0m [1m0s[0m 15ms/step - loss: 1.1728e-04
[1m8/8[0m [32m━━━━━━━━━━━━━━━━━━━━[0m[37m[0m [1m0s[0m 18ms/step - loss: 1.5671e-04
Epoch 101/200

[1m1/8[0m [32m━━[0m[37m━━━━━━━━━━━━━━━━━━[0m [1m0s[0m 42ms/step - loss: 1.5228e-04
[1m4/8[0m [32m━━━━━━━━━━[0m[37m━━━━━━━━━━[0m [1m0s[0m 17ms/step - loss: 1.5599e-04
[1m7/8[0m [32m━━━━━━━━━━━━━━━━━[0m[37m━━━[0m [1m0s[0m 18ms/step - loss: 1.6262e-04
[1m8/8[0m [32m━━━━━━━━━━━━━━━━━━━━[0m[37m[0m [1m0s[0m 22ms/step - loss: 1.5039e-04
Epoch 102/200

[1m1/8[0m [32m━━[0m[37m━━━━━━━━━━━━━━━━━━[0m [1m0s[0m 52ms/step - loss: 1.0692e-04
[1m5/8[0m [32m━━━━━━━━━━━━[0m[37m━━━━━━━━[0m [1m0s[0m 16ms/step - loss: 1.1568e-04
[1m8/8[0m [32m━━━━━━━━━━━━━━━━━━━━[0m[37m[0m [1m0s[0m 18ms/step - loss: 1.3837e-04
Epoch 103/200

[1m1/8[0m [32m━━[0m[37m━━━━━━━━━━━━━━━━━━[0m [1m0s[0m 44ms/step - loss: 2.2798e-04
[1m4/8[0m [32m━━━━━━━━━━[0m[37m━━━━━━━━━━[0m [1m0s[0m 17ms/step - loss: 2.0382e-04
[1m8/8[0m [32m━━━━━━━━━━━━━━━━━━━━[0m[37m[0m [1m0s[0m 15ms/step - loss: 1.8039e-04
[1m8/8[0m [32m━━━━━━━━━━━━━━━━━━━━[0m[37m[0m [1m0s[0m 18ms/step - loss: 1.4395e-04
Epoch 104/200

[1m1/8[0m [32m━━[0m[37m━━━━━━━━━━━━━━━━━━[0m [1m0s[0m 39ms/step - loss: 1.4401e-04
[1m5/8[0m [32m━━━━━━━━━━━━[0m[37m━━━━━━━━[0m [1m0s[0m 14ms/step - loss: 1.1294e-04
[1m8/8[0m [32m━━━━━━━━━━━━━━━━━━━━[0m[37m[0m [1m0s[0m 18ms/step - loss: 1.3425e-04
Epoch 105/200

[1m1/8[0m [32m━━[0m[37m━━━━━━━━━━━━━━━━━━[0m [1m0s[0m 91ms/step - loss: 2.0202e-04
[1m4/8[0m [32m━━━━━━━━━━[0m[37m━━━━━━━━━━[0m [1m0s[0m 17ms/step - loss: 1.6791e-04
[1m8/8[0m [32m━━━━━━━━━━━━━━━━━━━━[0m[37m[0m [1m0s[0m 16ms/step - loss: 1.6272e-04
[1m8/8[0m [32m━━━━━━━━━━━━━━━━━━━━[0m[37m[0m [1m0s[0m 20ms/step - loss: 1.4813e-04
Epoch 106/200

[1m1/8[0m [32m━━[0m[37m━━━━━━━━━━━━━━━━━━[0m [1m0s[0m 45ms/step - loss: 2.7918e-04
[1m5/8[0m [32m━━━━━━━━━━━━[0m[37m━━━━━━━━[0m [1m0s[0m 16ms/step - loss: 2.0192e-04
[1m8/8[0m [32m━━━━━━━━━━━━━━━━━━━━[0m[37m[0m [1m0s[0m 19ms/step - loss: 1.6111e-04
Epoch 107/200

[1m1/8[0m [32m━━[0m[37m━━━━━━━━━━━━━━━━━━[0m [1m0s[0m 43ms/step - loss: 5.2315e-05
[1m5/8[0m [32m━━━━━━━━━━━━[0m[37m━━━━━━━━[0m [1m0s[0m 15ms/step - loss: 6.9580e-05
[1m8/8[0m [32m━━━━━━━━━━━━━━━━━━━━[0m[37m[0m [1m0s[0m 18ms/step - loss: 1.2852e-04
Epoch 108/200

[1m1/8[0m [32m━━[0m[37m━━━━━━━━━━━━━━━━━━[0m [1m0s[0m 40ms/step - loss: 2.0091e-04
[1m5/8[0m [32m━━━━━━━━━━━━[0m[37m━━━━━━━━[0m [1m0s[0m 15ms/step - loss: 2.0883e-04
[1m8/8[0m [32m━━━━━━━━━━━━━━━━━━━━[0m[37m[0m [1m0s[0m 17ms/step - loss: 1.9265e-04
[1m8/8[0m [32m━━━━━━━━━━━━━━━━━━━━[0m[37m[0m [1m0s[0m 21ms/step - loss: 1.6013e-04
Epoch 109/200

[1m1/8[0m [32m━━[0m[37m━━━━━━━━━━━━━━━━━━[0m [1m0s[0m 48ms/step - loss: 7.0836e-05
[1m5/8[0m [32m━━━━━━━━━━━━[0m[37m━━━━━━━━[0m [1m0s[0m 14ms/step - loss: 1.2368e-04
[1m8/8[0m [32m━━━━━━━━━━━━━━━━━━━━[0m[37m[0m [1m0s[0m 17ms/step - loss: 1.4142e-04
Epoch 110/200

[1m1/8[0m [32m━━[0m[37m━━━━━━━━━━━━━━━━━━[0m [1m0s[0m 39ms/step - loss: 1.0300e-04
[1m5/8[0m [32m━━━━━━━━━━━━[0m[37m━━━━━━━━[0m [1m0s[0m 14ms/step - loss: 9.3835e-05
[1m8/8[0m [32m━━━━━━━━━━━━━━━━━━━━[0m[37m[0m [1m0s[0m 18ms/step - loss: 1.4322e-04
Epoch 111/200

[1m1/8[0m [32m━━[0m[37m━━━━━━━━━━━━━━━━━━[0m [1m0s[0m 51ms/step - loss: 1.0146e-04
[1m5/8[0m [32m━━━━━━━━━━━━[0m[37m━━━━━━━━[0m [1m0s[0m 14ms/step - loss: 1.0195e-04
[1m8/8[0m [32m━━━━━━━━━━━━━━━━━━━━[0m[37m[0m [1m0s[0m 17ms/step - loss: 1.3561e-04
Epoch 112/200

[1m1/8[0m [32m━━[0m[37m━━━━━━━━━━━━━━━━━━[0m [1m0s[0m 43ms/step - loss: 8.4152e-05
[1m5/8[0m [32m━━━━━━━━━━━━[0m[37m━━━━━━━━[0m [1m0s[0m 15ms/step - loss: 1.0900e-04
[1m8/8[0m [32m━━━━━━━━━━━━━━━━━━━━[0m[37m[0m [1m0s[0m 17ms/step - loss: 1.1910e-04
[1m8/8[0m [32m━━━━━━━━━━━━━━━━━━━━[0m[37m[0m [1m0s[0m 20ms/step - loss: 1.5339e-04
Epoch 113/200

[1m1/8[0m [32m━━[0m[37m━━━━━━━━━━━━━━━━━━[0m [1m0s[0m 41ms/step - loss: 5.0694e-05
[1m5/8[0m [32m━━━━━━━━━━━━[0m[37m━━━━━━━━[0m [1m0s[0m 15ms/step - loss: 1.3572e-04
[1m8/8[0m [32m━━━━━━━━━━━━━━━━━━━━[0m[37m[0m [1m0s[0m 19ms/step - loss: 1.5901e-04
Epoch 114/200

[1m1/8[0m [32m━━[0m[37m━━━━━━━━━━━━━━━━━━[0m [1m0s[0m 39ms/step - loss: 6.2725e-05
[1m5/8[0m [32m━━━━━━━━━━━━[0m[37m━━━━━━━━[0m [1m0s[0m 14ms/step - loss: 1.3607e-04
[1m8/8[0m [32m━━━━━━━━━━━━━━━━━━━━[0m[37m[0m [1m0s[0m 18ms/step - loss: 1.4959e-04
Epoch 115/200

[1m1/8[0m [32m━━[0m[37m━━━━━━━━━━━━━━━━━━[0m [1m0s[0m 42ms/step - loss: 9.1465e-05
[1m4/8[0m [32m━━━━━━━━━━[0m[37m━━━━━━━━━━[0m [1m0s[0m 25ms/step - loss: 1.3483e-04
[1m8/8[0m [32m━━━━━━━━━━━━━━━━━━━━[0m[37m[0m [1m0s[0m 19ms/step - loss: 1.3647e-04
[1m8/8[0m [32m━━━━━━━━━━━━━━━━━━━━[0m[37m[0m [1m0s[0m 23ms/step - loss: 1.3779e-04
Epoch 116/200

[1m1/8[0m [32m━━[0m[37m━━━━━━━━━━━━━━━━━━[0m [1m0s[0m 40ms/step - loss: 7.6161e-05
[1m5/8[0m [32m━━━━━━━━━━━━[0m[37m━━━━━━━━[0m [1m0s[0m 13ms/step - loss: 1.0258e-04
[1m8/8[0m [32m━━━━━━━━━━━━━━━━━━━━[0m[37m[0m [1m0s[0m 17ms/step - loss: 1.3999e-04
Epoch 117/200

[1m1/8[0m [32m━━[0m[37m━━━━━━━━━━━━━━━━━━[0m [1m0s[0m 43ms/step - loss: 6.5991e-05
[1m5/8[0m [32m━━━━━━━━━━━━[0m[37m━━━━━━━━[0m [1m0s[0m 13ms/step - loss: 1.4152e-04
[1m8/8[0m [32m━━━━━━━━━━━━━━━━━━━━[0m[37m[0m [1m0s[0m 17ms/step - loss: 1.4088e-04
Epoch 118/200

[1m1/8[0m [32m━━[0m[37m━━━━━━━━━━━━━━━━━━[0m [1m0s[0m 47ms/step - loss: 6.7184e-05
[1m5/8[0m [32m━━━━━━━━━━━━[0m[37m━━━━━━━━[0m [1m0s[0m 15ms/step - loss: 1.2053e-04
[1m8/8[0m [32m━━━━━━━━━━━━━━━━━━━━[0m[37m[0m [1m0s[0m 18ms/step - loss: 1.2630e-04
Epoch 119/200

[1m1/8[0m [32m━━[0m[37m━━━━━━━━━━━━━━━━━━[0m [1m0s[0m 49ms/step - loss: 2.3485e-04
[1m5/8[0m [32m━━━━━━━━━━━━[0m[37m━━━━━━━━[0m [1m0s[0m 16ms/step - loss: 1.9235e-04
[1m8/8[0m [32m━━━━━━━━━━━━━━━━━━━━[0m[37m[0m [1m0s[0m 19ms/step - loss: 1.3680e-04
Epoch 120/200

[1m1/8[0m [32m━━[0m[37m━━━━━━━━━━━━━━━━━━[0m [1m0s[0m 41ms/step - loss: 5.7981e-05
[1m5/8[0m [32m━━━━━━━━━━━━[0m[37m━━━━━━━━[0m [1m0s[0m 16ms/step - loss: 9.0067e-05
[1m8/8[0m [32m━━━━━━━━━━━━━━━━━━━━[0m[37m[0m [1m0s[0m 20ms/step - loss: 1.2188e-04
Epoch 121/200

[1m1/8[0m [32m━━[0m[37m━━━━━━━━━━━━━━━━━━[0m [1m0s[0m 51ms/step - loss: 1.6829e-04
[1m4/8[0m [32m━━━━━━━━━━[0m[37m━━━━━━━━━━[0m [1m0s[0m 18ms/step - loss: 1.6451e-04
[1m7/8[0m [32m━━━━━━━━━━━━━━━━━[0m[37m━━━[0m [1m0s[0m 20ms/step - loss: 1.6199e-04
[1m8/8[0m [32m━━━━━━━━━━━━━━━━━━━━[0m[37m[0m [1m0s[0m 24ms/step - loss: 1.4505e-04
Epoch 122/200

[1m1/8[0m [32m━━[0m[37m━━━━━━━━━━━━━━━━━━[0m [1m0s[0m 46ms/step - loss: 1.0717e-04
[1m4/8[0m [32m━━━━━━━━━━[0m[37m━━━━━━━━━━[0m [1m0s[0m 19ms/step - loss: 9.4102e-05
[1m6/8[0m [32m━━━━━━━━━━━━━━━[0m[37m━━━━━[0m [1m0s[0m 24ms/step - loss: 1.0860e-04
[1m8/8[0m [32m━━━━━━━━━━━━━━━━━━━━[0m[37m[0m [1m0s[0m 26ms/step - loss: 1.3680e-04
Epoch 123/200

[1m1/8[0m [32m━━[0m[37m━━━━━━━━━━━━━━━━━━[0m [1m0s[0m 55ms/step - loss: 7.6937e-05
[1m4/8[0m [32m━━━━━━━━━━[0m[37m━━━━━━━━━━[0m [1m0s[0m 17ms/step - loss: 1.2126e-04
[1m8/8[0m [32m━━━━━━━━━━━━━━━━━━━━[0m[37m[0m [1m0s[0m 16ms/step - loss: 1.2897e-04
[1m8/8[0m [32m━━━━━━━━━━━━━━━━━━━━[0m[37m[0m [1m0s[0m 19ms/step - loss: 1.3387e-04
Epoch 124/200

[1m1/8[0m [32m━━[0m[37m━━━━━━━━━━━━━━━━━━[0m [1m0s[0m 41ms/step - loss: 7.0813e-05
[1m5/8[0m [32m━━━━━━━━━━━━[0m[37m━━━━━━━━[0m [1m0s[0m 15ms/step - loss: 1.1913e-04
[1m8/8[0m [32m━━━━━━━━━━━━━━━━━━━━[0m[37m[0m [1m0s[0m 20ms/step - loss: 1.2623e-04
Epoch 125/200

[1m1/8[0m [32m━━[0m[37m━━━━━━━━━━━━━━━━━━[0m [1m0s[0m 44ms/step - loss: 2.0484e-04
[1m5/8[0m [32m━━━━━━━━━━━━[0m[37m━━━━━━━━[0m [1m0s[0m 15ms/step - loss: 1.8107e-04
[1m8/8[0m [32m━━━━━━━━━━━━━━━━━━━━[0m[37m[0m [1m0s[0m 18ms/step - loss: 1.3780e-04
Epoch 126/200

[1m1/8[0m [32m━━[0m[37m━━━━━━━━━━━━━━━━━━[0m [1m0s[0m 44ms/step - loss: 2.1853e-04
[1m5/8[0m [32m━━━━━━━━━━━━[0m[37m━━━━━━━━[0m [1m0s[0m 16ms/step - loss: 1.6247e-04
[1m8/8[0m [32m━━━━━━━━━━━━━━━━━━━━[0m[37m[0m [1m0s[0m 20ms/step - loss: 1.4208e-04
Epoch 127/200

[1m1/8[0m [32m━━[0m[37m━━━━━━━━━━━━━━━━━━[0m [1m0s[0m 53ms/step - loss: 2.6953e-04
[1m4/8[0m [32m━━━━━━━━━━[0m[37m━━━━━━━━━━[0m [1m0s[0m 17ms/step - loss: 1.7049e-04
[1m8/8[0m [32m━━━━━━━━━━━━━━━━━━━━[0m[37m[0m [1m0s[0m 16ms/step - loss: 1.5059e-04
[1m8/8[0m [32m━━━━━━━━━━━━━━━━━━━━[0m[37m[0m [1m0s[0m 21ms/step - loss: 1.2534e-04
Epoch 128/200

[1m1/8[0m [32m━━[0m[37m━━━━━━━━━━━━━━━━━━[0m [1m0s[0m 46ms/step - loss: 2.8705e-04
[1m5/8[0m [32m━━━━━━━━━━━━[0m[37m━━━━━━━━[0m [1m0s[0m 13ms/step - loss: 1.7740e-04
[1m8/8[0m [32m━━━━━━━━━━━━━━━━━━━━[0m[37m[0m [1m0s[0m 17ms/step - loss: 1.4277e-04
Epoch 129/200

[1m1/8[0m [32m━━[0m[37m━━━━━━━━━━━━━━━━━━[0m [1m0s[0m 44ms/step - loss: 6.5475e-05
[1m5/8[0m [32m━━━━━━━━━━━━[0m[37m━━━━━━━━[0m [1m0s[0m 16ms/step - loss: 1.2221e-04
[1m8/8[0m [32m━━━━━━━━━━━━━━━━━━━━[0m[37m[0m [1m0s[0m 19ms/step - loss: 1.4881e-04
Epoch 130/200

[1m1/8[0m [32m━━[0m[37m━━━━━━━━━━━━━━━━━━[0m [1m0s[0m 43ms/step - loss: 1.9212e-04
[1m5/8[0m [32m━━━━━━━━━━━━[0m[37m━━━━━━━━[0m [1m0s[0m 17ms/step - loss: 1.4129e-04
[1m8/8[0m [32m━━━━━━━━━━━━━━━━━━━━[0m[37m[0m [1m0s[0m 18ms/step - loss: 1.3341e-04
[1m8/8[0m [32m━━━━━━━━━━━━━━━━━━━━[0m[37m[0m [1m0s[0m 23ms/step - loss: 1.3339e-04
Epoch 131/200

[1m1/8[0m [32m━━[0m[37m━━━━━━━━━━━━━━━━━━[0m [1m0s[0m 54ms/step - loss: 8.5218e-05
[1m4/8[0m [32m━━━━━━━━━━[0m[37m━━━━━━━━━━[0m [1m0s[0m 20ms/step - loss: 1.0852e-04
[1m8/8[0m [32m━━━━━━━━━━━━━━━━━━━━[0m[37m[0m [1m0s[0m 16ms/step - loss: 1.1994e-04
[1m8/8[0m [32m━━━━━━━━━━━━━━━━━━━━[0m[37m[0m [1m0s[0m 20ms/step - loss: 1.2263e-04
Epoch 132/200

[1m1/8[0m [32m━━[0m[37m━━━━━━━━━━━━━━━━━━[0m [1m0s[0m 43ms/step - loss: 2.6378e-04
[1m5/8[0m [32m━━━━━━━━━━━━[0m[37m━━━━━━━━[0m [1m0s[0m 16ms/step - loss: 1.8549e-04
[1m8/8[0m [32m━━━━━━━━━━━━━━━━━━━━[0m[37m[0m [1m0s[0m 17ms/step - loss: 1.6667e-04
[1m8/8[0m [32m━━━━━━━━━━━━━━━━━━━━[0m[37m[0m [1m0s[0m 21ms/step - loss: 1.2834e-04
Epoch 133/200

[1m1/8[0m [32m━━[0m[37m━━━━━━━━━━━━━━━━━━[0m [1m0s[0m 43ms/step - loss: 3.0472e-05
[1m4/8[0m [32m━━━━━━━━━━[0m[37m━━━━━━━━━━[0m [1m0s[0m 17ms/step - loss: 8.0877e-05
[1m7/8[0m [32m━━━━━━━━━━━━━━━━━[0m[37m━━━[0m [1m0s[0m 17ms/step - loss: 1.0219e-04
[1m8/8[0m [32m━━━━━━━━━━━━━━━━━━━━[0m[37m[0m [1m0s[0m 26ms/step - loss: 1.2693e-04
Epoch 134/200

[1m1/8[0m [32m━━[0m[37m━━━━━━━━━━━━━━━━━━[0m [1m0s[0m 39ms/step - loss: 1.2225e-04
[1m5/8[0m [32m━━━━━━━━━━━━[0m[37m━━━━━━━━[0m [1m0s[0m 14ms/step - loss: 1.0077e-04
[1m8/8[0m [32m━━━━━━━━━━━━━━━━━━━━[0m[37m[0m [1m0s[0m 18ms/step - loss: 1.4367e-04
Epoch 135/200

[1m1/8[0m [32m━━[0m[37m━━━━━━━━━━━━━━━━━━[0m [1m0s[0m 41ms/step - loss: 1.4206e-04
[1m5/8[0m [32m━━━━━━━━━━━━[0m[37m━━━━━━━━[0m [1m0s[0m 15ms/step - loss: 1.1844e-04
[1m8/8[0m [32m━━━━━━━━━━━━━━━━━━━━[0m[37m[0m [1m0s[0m 16ms/step - loss: 1.2107e-04
[1m8/8[0m [32m━━━━━━━━━━━━━━━━━━━━[0m[37m[0m [1m0s[0m 19ms/step - loss: 1.2018e-04
Epoch 136/200

[1m1/8[0m [32m━━[0m[37m━━━━━━━━━━━━━━━━━━[0m [1m0s[0m 45ms/step - loss: 5.2224e-05
[1m5/8[0m [32m━━━━━━━━━━━━[0m[37m━━━━━━━━[0m [1m0s[0m 16ms/step - loss: 1.1210e-04
[1m8/8[0m [32m━━━━━━━━━━━━━━━━━━━━[0m[37m[0m [1m0s[0m 20ms/step - loss: 1.2365e-04
Epoch 137/200

[1m1/8[0m [32m━━[0m[37m━━━━━━━━━━━━━━━━━━[0m [1m0s[0m 56ms/step - loss: 5.1241e-05
[1m5/8[0m [32m━━━━━━━━━━━━[0m[37m━━━━━━━━[0m [1m0s[0m 16ms/step - loss: 1.3643e-04
[1m8/8[0m [32m━━━━━━━━━━━━━━━━━━━━[0m[37m[0m [1m0s[0m 20ms/step - loss: 1.2498e-04
Epoch 138/200

[1m1/8[0m [32m━━[0m[37m━━━━━━━━━━━━━━━━━━[0m [1m0s[0m 50ms/step - loss: 4.1228e-05
[1m5/8[0m [32m━━━━━━━━━━━━[0m[37m━━━━━━━━[0m [1m0s[0m 15ms/step - loss: 7.7842e-05
[1m8/8[0m [32m━━━━━━━━━━━━━━━━━━━━[0m[37m[0m [1m0s[0m 18ms/step - loss: 1.2211e-04
Epoch 139/200

[1m1/8[0m [32m━━[0m[37m━━━━━━━━━━━━━━━━━━[0m [1m0s[0m 45ms/step - loss: 4.0834e-04
[1m5/8[0m [32m━━━━━━━━━━━━[0m[37m━━━━━━━━[0m [1m0s[0m 16ms/step - loss: 2.2984e-04
[1m8/8[0m [32m━━━━━━━━━━━━━━━━━━━━[0m[37m[0m [1m0s[0m 19ms/step - loss: 1.1045e-04
Epoch 140/200

[1m1/8[0m [32m━━[0m[37m━━━━━━━━━━━━━━━━━━[0m [1m0s[0m 51ms/step - loss: 7.4988e-05
[1m5/8[0m [32m━━━━━━━━━━━━[0m[37m━━━━━━━━[0m [1m0s[0m 15ms/step - loss: 1.3256e-04
[1m8/8[0m [32m━━━━━━━━━━━━━━━━━━━━[0m[37m[0m [1m0s[0m 19ms/step - loss: 1.3064e-04
Epoch 141/200

[1m1/8[0m [32m━━[0m[37m━━━━━━━━━━━━━━━━━━[0m [1m0s[0m 43ms/step - loss: 2.0135e-04
[1m5/8[0m [32m━━━━━━━━━━━━[0m[37m━━━━━━━━[0m [1m0s[0m 16ms/step - loss: 1.3515e-04
[1m8/8[0m [32m━━━━━━━━━━━━━━━━━━━━[0m[37m[0m [1m0s[0m 21ms/step - loss: 1.2677e-04
Epoch 142/200

[1m1/8[0m [32m━━[0m[37m━━━━━━━━━━━━━━━━━━[0m [1m0s[0m 53ms/step - loss: 1.3056e-04
[1m5/8[0m [32m━━━━━━━━━━━━[0m[37m━━━━━━━━[0m [1m0s[0m 16ms/step - loss: 1.2816e-04
[1m8/8[0m [32m━━━━━━━━━━━━━━━━━━━━[0m[37m[0m [1m0s[0m 19ms/step - loss: 1.4238e-04
Epoch 143/200

[1m1/8[0m [32m━━[0m[37m━━━━━━━━━━━━━━━━━━[0m [1m0s[0m 43ms/step - loss: 9.2539e-05
[1m5/8[0m [32m━━━━━━━━━━━━[0m[37m━━━━━━━━[0m [1m0s[0m 15ms/step - loss: 8.6409e-05
[1m8/8[0m [32m━━━━━━━━━━━━━━━━━━━━[0m[37m[0m [1m0s[0m 16ms/step - loss: 9.7449e-05
[1m8/8[0m [32m━━━━━━━━━━━━━━━━━━━━[0m[37m[0m [1m0s[0m 19ms/step - loss: 1.1145e-04
Epoch 144/200

[1m1/8[0m [32m━━[0m[37m━━━━━━━━━━━━━━━━━━[0m [1m0s[0m 43ms/step - loss: 1.0733e-04
[1m5/8[0m [32m━━━━━━━━━━━━[0m[37m━━━━━━━━[0m [1m0s[0m 15ms/step - loss: 1.1992e-04
[1m8/8[0m [32m━━━━━━━━━━━━━━━━━━━━[0m[37m[0m [1m0s[0m 16ms/step - loss: 1.1726e-04
[1m8/8[0m [32m━━━━━━━━━━━━━━━━━━━━[0m[37m[0m [1m0s[0m 19ms/step - loss: 1.2719e-04
Epoch 145/200

[1m1/8[0m [32m━━[0m[37m━━━━━━━━━━━━━━━━━━[0m [1m0s[0m 40ms/step - loss: 2.0871e-04
[1m5/8[0m [32m━━━━━━━━━━━━[0m[37m━━━━━━━━[0m [1m0s[0m 16ms/step - loss: 1.4905e-04
[1m8/8[0m [32m━━━━━━━━━━━━━━━━━━━━[0m[37m[0m [1m0s[0m 21ms/step - loss: 1.2434e-04
Epoch 146/200

[1m1/8[0m [32m━━[0m[37m━━━━━━━━━━━━━━━━━━[0m [1m0s[0m 51ms/step - loss: 1.6658e-04
[1m5/8[0m [32m━━━━━━━━━━━━[0m[37m━━━━━━━━[0m [1m0s[0m 14ms/step - loss: 1.2528e-04
[1m8/8[0m [32m━━━━━━━━━━━━━━━━━━━━[0m[37m[0m [1m0s[0m 18ms/step - loss: 1.3618e-04
Epoch 147/200

[1m1/8[0m [32m━━[0m[37m━━━━━━━━━━━━━━━━━━[0m [1m0s[0m 42ms/step - loss: 6.8113e-05
[1m5/8[0m [32m━━━━━━━━━━━━[0m[37m━━━━━━━━[0m [1m0s[0m 16ms/step - loss: 8.8383e-05
[1m8/8[0m [32m━━━━━━━━━━━━━━━━━━━━[0m[37m[0m [1m0s[0m 20ms/step - loss: 1.1674e-04
Epoch 148/200

[1m1/8[0m [32m━━[0m[37m━━━━━━━━━━━━━━━━━━[0m [1m0s[0m 57ms/step - loss: 4.4909e-05
[1m4/8[0m [32m━━━━━━━━━━[0m[37m━━━━━━━━━━[0m [1m0s[0m 17ms/step - loss: 1.0159e-04
[1m8/8[0m [32m━━━━━━━━━━━━━━━━━━━━[0m[37m[0m [1m0s[0m 16ms/step - loss: 1.0667e-04
[1m8/8[0m [32m━━━━━━━━━━━━━━━━━━━━[0m[37m[0m [1m0s[0m 19ms/step - loss: 1.1692e-04
Epoch 149/200

[1m1/8[0m [32m━━[0m[37m━━━━━━━━━━━━━━━━━━[0m [1m0s[0m 42ms/step - loss: 5.3078e-05
[1m4/8[0m [32m━━━━━━━━━━[0m[37m━━━━━━━━━━[0m [1m0s[0m 17ms/step - loss: 7.2687e-05
[1m7/8[0m [32m━━━━━━━━━━━━━━━━━[0m[37m━━━[0m [1m0s[0m 17ms/step - loss: 8.0054e-05
[1m8/8[0m [32m━━━━━━━━━━━━━━━━━━━━[0m[37m[0m [1m0s[0m 20ms/step - loss: 1.0895e-04
Epoch 150/200

[1m1/8[0m [32m━━[0m[37m━━━━━━━━━━━━━━━━━━[0m [1m0s[0m 47ms/step - loss: 3.1781e-04
[1m4/8[0m [32m━━━━━━━━━━[0m[37m━━━━━━━━━━[0m [1m0s[0m 21ms/step - loss: 2.3847e-04
[1m6/8[0m [32m━━━━━━━━━━━━━━━[0m[37m━━━━━[0m [1m0s[0m 24ms/step - loss: 2.0850e-04
[1m8/8[0m [32m━━━━━━━━━━━━━━━━━━━━[0m[37m[0m [1m0s[0m 28ms/step - loss: 1.2964e-04
Epoch 151/200

[1m1/8[0m [32m━━[0m[37m━━━━━━━━━━━━━━━━━━[0m [1m0s[0m 46ms/step - loss: 7.7524e-05
[1m5/8[0m [32m━━━━━━━━━━━━[0m[37m━━━━━━━━[0m [1m0s[0m 16ms/step - loss: 1.1797e-04
[1m8/8[0m [32m━━━━━━━━━━━━━━━━━━━━[0m[37m[0m [1m0s[0m 20ms/step - loss: 1.1648e-04
Epoch 152/200

[1m1/8[0m [32m━━[0m[37m━━━━━━━━━━━━━━━━━━[0m [1m0s[0m 46ms/step - loss: 1.5564e-04
[1m5/8[0m [32m━━━━━━━━━━━━[0m[37m━━━━━━━━[0m [1m0s[0m 16ms/step - loss: 1.2063e-04
[1m8/8[0m [32m━━━━━━━━━━━━━━━━━━━━[0m[37m[0m [1m0s[0m 20ms/step - loss: 1.2655e-04
Epoch 153/200

[1m1/8[0m [32m━━[0m[37m━━━━━━━━━━━━━━━━━━[0m [1m0s[0m 47ms/step - loss: 5.0860e-05
[1m5/8[0m [32m━━━━━━━━━━━━[0m[37m━━━━━━━━[0m [1m0s[0m 16ms/step - loss: 6.2935e-05
[1m8/8[0m [32m━━━━━━━━━━━━━━━━━━━━[0m[37m[0m [1m0s[0m 17ms/step - loss: 8.3098e-05
[1m8/8[0m [32m━━━━━━━━━━━━━━━━━━━━[0m[37m[0m [1m0s[0m 21ms/step - loss: 1.1362e-04
Epoch 154/200

[1m1/8[0m [32m━━[0m[37m━━━━━━━━━━━━━━━━━━[0m [1m0s[0m 40ms/step - loss: 2.1662e-04
[1m4/8[0m [32m━━━━━━━━━━[0m[37m━━━━━━━━━━[0m [1m0s[0m 17ms/step - loss: 1.4891e-04
[1m8/8[0m [32m━━━━━━━━━━━━━━━━━━━━[0m[37m[0m [1m0s[0m 16ms/step - loss: 1.3748e-04
[1m8/8[0m [32m━━━━━━━━━━━━━━━━━━━━[0m[37m[0m [1m0s[0m 20ms/step - loss: 1.1813e-04
Epoch 155/200

[1m1/8[0m [32m━━[0m[37m━━━━━━━━━━━━━━━━━━[0m [1m0s[0m 39ms/step - loss: 2.2706e-04
[1m4/8[0m [32m━━━━━━━━━━[0m[37m━━━━━━━━━━[0m [1m0s[0m 17ms/step - loss: 1.5481e-04
[1m8/8[0m [32m━━━━━━━━━━━━━━━━━━━━[0m[37m[0m [1m0s[0m 16ms/step - loss: 1.4804e-04
[1m8/8[0m [32m━━━━━━━━━━━━━━━━━━━━[0m[37m[0m [1m0s[0m 21ms/step - loss: 1.3428e-04
Epoch 156/200

[1m1/8[0m [32m━━[0m[37m━━━━━━━━━━━━━━━━━━[0m [1m0s[0m 50ms/step - loss: 2.2973e-04
[1m5/8[0m [32m━━━━━━━━━━━━[0m[37m━━━━━━━━[0m [1m0s[0m 16ms/step - loss: 1.4811e-04
[1m8/8[0m [32m━━━━━━━━━━━━━━━━━━━━[0m[37m[0m [1m0s[0m 16ms/step - loss: 1.4423e-04
[1m8/8[0m [32m━━━━━━━━━━━━━━━━━━━━[0m[37m[0m [1m0s[0m 21ms/step - loss: 1.3126e-04
Epoch 157/200

[1m1/8[0m [32m━━[0m[37m━━━━━━━━━━━━━━━━━━[0m [1m0s[0m 51ms/step - loss: 6.1041e-05
[1m5/8[0m [32m━━━━━━━━━━━━[0m[37m━━━━━━━━[0m [1m0s[0m 15ms/step - loss: 1.0278e-04
[1m8/8[0m [32m━━━━━━━━━━━━━━━━━━━━[0m[37m[0m [1m0s[0m 20ms/step - loss: 1.2035e-04
Epoch 158/200

[1m1/8[0m [32m━━[0m[37m━━━━━━━━━━━━━━━━━━[0m [1m0s[0m 57ms/step - loss: 7.6540e-05
[1m4/8[0m [32m━━━━━━━━━━[0m[37m━━━━━━━━━━[0m [1m0s[0m 19ms/step - loss: 1.2642e-04
[1m6/8[0m [32m━━━━━━━━━━━━━━━[0m[37m━━━━━[0m [1m0s[0m 24ms/step - loss: 1.2783e-04
[1m8/8[0m [32m━━━━━━━━━━━━━━━━━━━━[0m[37m[0m [1m0s[0m 27ms/step - loss: 1.2185e-04
Epoch 159/200

[1m1/8[0m [32m━━[0m[37m━━━━━━━━━━━━━━━━━━[0m [1m0s[0m 50ms/step - loss: 2.3614e-04
[1m4/8[0m [32m━━━━━━━━━━[0m[37m━━━━━━━━━━[0m [1m0s[0m 17ms/step - loss: 1.5494e-04
[1m7/8[0m [32m━━━━━━━━━━━━━━━━━[0m[37m━━━[0m [1m0s[0m 17ms/step - loss: 1.4174e-04
[1m8/8[0m [32m━━━━━━━━━━━━━━━━━━━━[0m[37m[0m [1m0s[0m 20ms/step - loss: 1.1664e-04
Epoch 160/200

[1m1/8[0m [32m━━[0m[37m━━━━━━━━━━━━━━━━━━[0m [1m0s[0m 47ms/step - loss: 6.2195e-05
[1m4/8[0m [32m━━━━━━━━━━[0m[37m━━━━━━━━━━[0m [1m0s[0m 17ms/step - loss: 8.5965e-05
[1m8/8[0m [32m━━━━━━━━━━━━━━━━━━━━[0m[37m[0m [1m0s[0m 16ms/step - loss: 1.0800e-04
[1m8/8[0m [32m━━━━━━━━━━━━━━━━━━━━[0m[37m[0m [1m0s[0m 20ms/step - loss: 1.2178e-04
Epoch 161/200

[1m1/8[0m [32m━━[0m[37m━━━━━━━━━━━━━━━━━━[0m [1m0s[0m 45ms/step - loss: 7.8279e-05
[1m5/8[0m [32m━━━━━━━━━━━━[0m[37m━━━━━━━━[0m [1m0s[0m 16ms/step - loss: 9.6805e-05
[1m8/8[0m [32m━━━━━━━━━━━━━━━━━━━━[0m[37m[0m [1m0s[0m 21ms/step - loss: 1.1531e-04
Epoch 162/200

[1m1/8[0m [32m━━[0m[37m━━━━━━━━━━━━━━━━━━[0m [1m0s[0m 50ms/step - loss: 6.1993e-05
[1m5/8[0m [32m━━━━━━━━━━━━[0m[37m━━━━━━━━[0m [1m0s[0m 16ms/step - loss: 8.0469e-05
[1m8/8[0m [32m━━━━━━━━━━━━━━━━━━━━[0m[37m[0m [1m0s[0m 20ms/step - loss: 1.0798e-04
Epoch 163/200

[1m1/8[0m [32m━━[0m[37m━━━━━━━━━━━━━━━━━━[0m [1m0s[0m 45ms/step - loss: 5.0810e-05
[1m5/8[0m [32m━━━━━━━━━━━━[0m[37m━━━━━━━━[0m [1m0s[0m 16ms/step - loss: 6.7707e-05
[1m8/8[0m [32m━━━━━━━━━━━━━━━━━━━━[0m[37m[0m [1m0s[0m 17ms/step - loss: 8.2679e-05
[1m8/8[0m [32m━━━━━━━━━━━━━━━━━━━━[0m[37m[0m [1m0s[0m 21ms/step - loss: 1.1435e-04
Epoch 164/200

[1m1/8[0m [32m━━[0m[37m━━━━━━━━━━━━━━━━━━[0m [1m0s[0m 46ms/step - loss: 1.1958e-04
[1m4/8[0m [32m━━━━━━━━━━[0m[37m━━━━━━━━━━[0m [1m0s[0m 18ms/step - loss: 1.1795e-04
[1m8/8[0m [32m━━━━━━━━━━━━━━━━━━━━[0m[37m[0m [1m0s[0m 17ms/step - loss: 1.1614e-04
[1m8/8[0m [32m━━━━━━━━━━━━━━━━━━━━[0m[37m[0m [1m0s[0m 21ms/step - loss: 1.1251e-04
Epoch 165/200

[1m1/8[0m [32m━━[0m[37m━━━━━━━━━━━━━━━━━━[0m [1m0s[0m 42ms/step - loss: 2.3960e-04
[1m4/8[0m [32m━━━━━━━━━━[0m[37m━━━━━━━━━━[0m [1m0s[0m 18ms/step - loss: 1.6037e-04
[1m7/8[0m [32m━━━━━━━━━━━━━━━━━[0m[37m━━━[0m [1m0s[0m 19ms/step - loss: 1.3329e-04
[1m8/8[0m [32m━━━━━━━━━━━━━━━━━━━━[0m[37m[0m [1m0s[0m 23ms/step - loss: 1.0474e-04
Epoch 166/200

[1m1/8[0m [32m━━[0m[37m━━━━━━━━━━━━━━━━━━[0m [1m0s[0m 45ms/step - loss: 9.1689e-05
[1m4/8[0m [32m━━━━━━━━━━[0m[37m━━━━━━━━━━[0m [1m0s[0m 19ms/step - loss: 9.4489e-05
[1m7/8[0m [32m━━━━━━━━━━━━━━━━━[0m[37m━━━[0m [1m0s[0m 18ms/step - loss: 9.4137e-05
[1m8/8[0m [32m━━━━━━━━━━━━━━━━━━━━[0m[37m[0m [1m0s[0m 23ms/step - loss: 1.1889e-04
Epoch 167/200

[1m1/8[0m [32m━━[0m[37m━━━━━━━━━━━━━━━━━━[0m [1m0s[0m 63ms/step - loss: 2.3263e-04
[1m5/8[0m [32m━━━━━━━━━━━━[0m[37m━━━━━━━━[0m [1m0s[0m 17ms/step - loss: 1.4878e-04
[1m8/8[0m [32m━━━━━━━━━━━━━━━━━━━━[0m[37m[0m [1m0s[0m 20ms/step - loss: 1.1726e-04
Epoch 168/200

[1m1/8[0m [32m━━[0m[37m━━━━━━━━━━━━━━━━━━[0m [1m0s[0m 44ms/step - loss: 8.3174e-05
[1m4/8[0m [32m━━━━━━━━━━[0m[37m━━━━━━━━━━[0m [1m0s[0m 28ms/step - loss: 1.5578e-04
[1m7/8[0m [32m━━━━━━━━━━━━━━━━━[0m[37m━━━[0m [1m0s[0m 26ms/step - loss: 1.4574e-04
[1m8/8[0m [32m━━━━━━━━━━━━━━━━━━━━[0m[37m[0m [1m0s[0m 29ms/step - loss: 1.2499e-04
Epoch 169/200

[1m1/8[0m [32m━━[0m[37m━━━━━━━━━━━━━━━━━━[0m [1m0s[0m 109ms/step - loss: 6.6262e-05
[1m4/8[0m [32m━━━━━━━━━━[0m[37m━━━━━━━━━━[0m [1m0s[0m 22ms/step - loss: 5.8304e-05 
[1m7/8[0m [32m━━━━━━━━━━━━━━━━━[0m[37m━━━[0m [1m0s[0m 23ms/step - loss: 6.7808e-05
[1m8/8[0m [32m━━━━━━━━━━━━━━━━━━━━[0m[37m[0m [1m0s[0m 29ms/step - loss: 1.1127e-04
Epoch 170/200

[1m1/8[0m [32m━━[0m[37m━━━━━━━━━━━━━━━━━━[0m [1m0s[0m 64ms/step - loss: 3.1003e-05
[1m3/8[0m [32m━━━━━━━[0m[37m━━━━━━━━━━━━━[0m [1m0s[0m 27ms/step - loss: 3.8392e-05
[1m6/8[0m [32m━━━━━━━━━━━━━━━[0m[37m━━━━━[0m [1m0s[0m 23ms/step - loss: 5.8975e-05
[1m8/8[0m [32m━━━━━━━━━━━━━━━━━━━━[0m[37m[0m [1m0s[0m 26ms/step - loss: 9.8878e-05
Epoch 171/200

[1m1/8[0m [32m━━[0m[37m━━━━━━━━━━━━━━━━━━[0m [1m0s[0m 63ms/step - loss: 9.7346e-05
[1m4/8[0m [32m━━━━━━━━━━[0m[37m━━━━━━━━━━[0m [1m0s[0m 20ms/step - loss: 9.3996e-05
[1m7/8[0m [32m━━━━━━━━━━━━━━━━━[0m[37m━━━[0m [1m0s[0m 20ms/step - loss: 1.0257e-04
[1m8/8[0m [32m━━━━━━━━━━━━━━━━━━━━[0m[37m[0m [1m0s[0m 24ms/step - loss: 1.1324e-04
Epoch 172/200

[1m1/8[0m [32m━━[0m[37m━━━━━━━━━━━━━━━━━━[0m [1m0s[0m 53ms/step - loss: 1.7770e-04
[1m3/8[0m [32m━━━━━━━[0m[37m━━━━━━━━━━━━━[0m [1m0s[0m 28ms/step - loss: 1.6023e-04
[1m6/8[0m [32m━━━━━━━━━━━━━━━[0m[37m━━━━━[0m [1m0s[0m 28ms/step - loss: 1.4446e-04
[1m8/8[0m [32m━━━━━━━━━━━━━━━━━━━━[0m[37m[0m [1m0s[0m 29ms/step - loss: 1.0842e-04
Epoch 173/200

[1m1/8[0m [32m━━[0m[37m━━━━━━━━━━━━━━━━━━[0m [1m0s[0m 54ms/step - loss: 4.0043e-04
[1m4/8[0m [32m━━━━━━━━━━[0m[37m━━━━━━━━━━[0m [1m0s[0m 18ms/step - loss: 2.4246e-04
[1m7/8[0m [32m━━━━━━━━━━━━━━━━━[0m[37m━━━[0m [1m0s[0m 18ms/step - loss: 1.9510e-04
[1m8/8[0m [32m━━━━━━━━━━━━━━━━━━━━[0m[37m[0m [1m0s[0m 26ms/step - loss: 1.2030e-04
Epoch 174/200

[1m1/8[0m [32m━━[0m[37m━━━━━━━━━━━━━━━━━━[0m [1m0s[0m 61ms/step - loss: 1.6454e-04
[1m4/8[0m [32m━━━━━━━━━━[0m[37m━━━━━━━━━━[0m [1m0s[0m 25ms/step - loss: 1.3629e-04
[1m6/8[0m [32m━━━━━━━━━━━━━━━[0m[37m━━━━━[0m [1m0s[0m 30ms/step - loss: 1.3275e-04
[1m8/8[0m [32m━━━━━━━━━━━━━━━━━━━━[0m[37m[0m [1m0s[0m 31ms/step - loss: 1.0319e-04
Epoch 175/200

[1m1/8[0m [32m━━[0m[37m━━━━━━━━━━━━━━━━━━[0m [1m0s[0m 75ms/step - loss: 2.2202e-04
[1m4/8[0m [32m━━━━━━━━━━[0m[37m━━━━━━━━━━[0m [1m0s[0m 23ms/step - loss: 1.4890e-04
[1m6/8[0m [32m━━━━━━━━━━━━━━━[0m[37m━━━━━[0m [1m0s[0m 24ms/step - loss: 1.4109e-04
[1m8/8[0m [32m━━━━━━━━━━━━━━━━━━━━[0m[37m[0m [1m0s[0m 28ms/step - loss: 1.0893e-04
Epoch 176/200

[1m1/8[0m [32m━━[0m[37m━━━━━━━━━━━━━━━━━━[0m [1m0s[0m 49ms/step - loss: 4.9443e-05
[1m4/8[0m [32m━━━━━━━━━━[0m[37m━━━━━━━━━━[0m [1m0s[0m 19ms/step - loss: 7.3546e-05
[1m8/8[0m [32m━━━━━━━━━━━━━━━━━━━━[0m[37m[0m [1m0s[0m 17ms/step - loss: 9.2183e-05
[1m8/8[0m [32m━━━━━━━━━━━━━━━━━━━━[0m[37m[0m [1m0s[0m 21ms/step - loss: 1.0410e-04
Epoch 177/200

[1m1/8[0m [32m━━[0m[37m━━━━━━━━━━━━━━━━━━[0m [1m0s[0m 45ms/step - loss: 3.2496e-05
[1m4/8[0m [32m━━━━━━━━━━[0m[37m━━━━━━━━━━[0m [1m0s[0m 19ms/step - loss: 5.2857e-05
[1m7/8[0m [32m━━━━━━━━━━━━━━━━━[0m[37m━━━[0m [1m0s[0m 19ms/step - loss: 7.2708e-05
[1m8/8[0m [32m━━━━━━━━━━━━━━━━━━━━[0m[37m[0m [1m0s[0m 23ms/step - loss: 1.1035e-04
Epoch 178/200

[1m1/8[0m [32m━━[0m[37m━━━━━━━━━━━━━━━━━━[0m [1m0s[0m 56ms/step - loss: 5.4453e-05
[1m4/8[0m [32m━━━━━━━━━━[0m[37m━━━━━━━━━━[0m [1m0s[0m 19ms/step - loss: 1.1625e-04
[1m7/8[0m [32m━━━━━━━━━━━━━━━━━[0m[37m━━━[0m [1m0s[0m 18ms/step - loss: 1.1660e-04
[1m8/8[0m [32m━━━━━━━━━━━━━━━━━━━━[0m[37m[0m [1m0s[0m 21ms/step - loss: 1.0225e-04
Epoch 179/200

[1m1/8[0m [32m━━[0m[37m━━━━━━━━━━━━━━━━━━[0m [1m0s[0m 46ms/step - loss: 6.8186e-05
[1m4/8[0m [32m━━━━━━━━━━[0m[37m━━━━━━━━━━[0m [1m0s[0m 18ms/step - loss: 6.9003e-05
[1m7/8[0m [32m━━━━━━━━━━━━━━━━━[0m[37m━━━[0m [1m0s[0m 18ms/step - loss: 8.4536e-05
[1m8/8[0m [32m━━━━━━━━━━━━━━━━━━━━[0m[37m[0m [1m0s[0m 22ms/step - loss: 1.0700e-04
Epoch 180/200

[1m1/8[0m [32m━━[0m[37m━━━━━━━━━━━━━━━━━━[0m [1m0s[0m 49ms/step - loss: 1.6058e-04
[1m5/8[0m [32m━━━━━━━━━━━━[0m[37m━━━━━━━━[0m [1m0s[0m 18ms/step - loss: 1.3834e-04
[1m8/8[0m [32m━━━━━━━━━━━━━━━━━━━━[0m[37m[0m [1m0s[0m 24ms/step - loss: 1.3339e-04
[1m8/8[0m [32m━━━━━━━━━━━━━━━━━━━━[0m[37m[0m [1m0s[0m 29ms/step - loss: 1.1774e-04
Epoch 181/200

[1m1/8[0m [32m━━[0m[37m━━━━━━━━━━━━━━━━━━[0m [1m0s[0m 86ms/step - loss: 5.4116e-05
[1m3/8[0m [32m━━━━━━━[0m[37m━━━━━━━━━━━━━[0m [1m0s[0m 33ms/step - loss: 8.8382e-05
[1m5/8[0m [32m━━━━━━━━━━━━[0m[37m━━━━━━━━[0m [1m0s[0m 32ms/step - loss: 9.6521e-05
[1m7/8[0m [32m━━━━━━━━━━━━━━━━━[0m[37m━━━[0m [1m0s[0m 30ms/step - loss: 9.8742e-05
[1m8/8[0m [32m━━━━━━━━━━━━━━━━━━━━[0m[37m[0m [1m0s[0m 34ms/step - loss: 9.7056e-05
Epoch 182/200

[1m1/8[0m [32m━━[0m[37m━━━━━━━━━━━━━━━━━━[0m [1m0s[0m 74ms/step - loss: 2.1330e-04
[1m3/8[0m [32m━━━━━━━[0m[37m━━━━━━━━━━━━━[0m [1m0s[0m 32ms/step - loss: 1.4894e-04
[1m5/8[0m [32m━━━━━━━━━━━━[0m[37m━━━━━━━━[0m [1m0s[0m 31ms/step - loss: 1.3547e-04
[1m7/8[0m [32m━━━━━━━━━━━━━━━━━[0m[37m━━━[0m [1m0s[0m 32ms/step - loss: 1.2513e-04
[1m8/8[0m [32m━━━━━━━━━━━━━━━━━━━━[0m[37m[0m [1m0s[0m 35ms/step - loss: 9.3715e-05
Epoch 183/200

[1m1/8[0m [32m━━[0m[37m━━━━━━━━━━━━━━━━━━[0m [1m0s[0m 101ms/step - loss: 2.7185e-05
[1m3/8[0m [32m━━━━━━━[0m[37m━━━━━━━━━━━━━[0m [1m0s[0m 33ms/step - loss: 7.2167e-05 
[1m5/8[0m [32m━━━━━━━━━━━━[0m[37m━━━━━━━━[0m [1m0s[0m 31ms/step - loss: 7.4172e-05
[1m6/8[0m [32m━━━━━━━━━━━━━━━[0m[37m━━━━━[0m [1m0s[0m 35ms/step - loss: 7.9575e-05
[1m8/8[0m [32m━━━━━━━━━━━━━━━━━━━━[0m[37m[0m [1m0s[0m 37ms/step - loss: 1.0613e-04
Epoch 184/200

[1m1/8[0m [32m━━[0m[37m━━━━━━━━━━━━━━━━━━[0m [1m0s[0m 65ms/step - loss: 3.2545e-05
[1m4/8[0m [32m━━━━━━━━━━[0m[37m━━━━━━━━━━[0m [1m0s[0m 19ms/step - loss: 9.3416e-05
[1m7/8[0m [32m━━━━━━━━━━━━━━━━━[0m[37m━━━[0m [1m0s[0m 18ms/step - loss: 1.0406e-04
[1m8/8[0m [32m━━━━━━━━━━━━━━━━━━━━[0m[37m[0m [1m0s[0m 22ms/step - loss: 1.0968e-04
Epoch 185/200

[1m1/8[0m [32m━━[0m[37m━━━━━━━━━━━━━━━━━━[0m [1m0s[0m 51ms/step - loss: 7.3380e-05
[1m4/8[0m [32m━━━━━━━━━━[0m[37m━━━━━━━━━━[0m [1m0s[0m 22ms/step - loss: 1.1790e-04
[1m6/8[0m [32m━━━━━━━━━━━━━━━[0m[37m━━━━━[0m [1m0s[0m 26ms/step - loss: 1.1941e-04
[1m8/8[0m [32m━━━━━━━━━━━━━━━━━━━━[0m[37m[0m [1m0s[0m 30ms/step - loss: 1.1570e-04
Epoch 186/200

[1m1/8[0m [32m━━[0m[37m━━━━━━━━━━━━━━━━━━[0m [1m0s[0m 69ms/step - loss: 6.2870e-05
[1m4/8[0m [32m━━━━━━━━━━[0m[37m━━━━━━━━━━[0m [1m0s[0m 24ms/step - loss: 6.9165e-05
[1m7/8[0m [32m━━━━━━━━━━━━━━━━━[0m[37m━━━[0m [1m0s[0m 23ms/step - loss: 8.7786e-05
[1m8/8[0m [32m━━━━━━━━━━━━━━━━━━━━[0m[37m[0m [1m0s[0m 27ms/step - loss: 1.0732e-04
Epoch 187/200

[1m1/8[0m [32m━━[0m[37m━━━━━━━━━━━━━━━━━━[0m [1m0s[0m 56ms/step - loss: 2.1287e-04
[1m4/8[0m [32m━━━━━━━━━━[0m[37m━━━━━━━━━━[0m [1m0s[0m 24ms/step - loss: 1.6429e-04
[1m7/8[0m [32m━━━━━━━━━━━━━━━━━[0m[37m━━━[0m [1m0s[0m 24ms/step - loss: 1.4901e-04
[1m8/8[0m [32m━━━━━━━━━━━━━━━━━━━━[0m[37m[0m [1m0s[0m 28ms/step - loss: 1.1913e-04
Epoch 188/200

[1m1/8[0m [32m━━[0m[37m━━━━━━━━━━━━━━━━━━[0m [1m0s[0m 59ms/step - loss: 2.9037e-04
[1m4/8[0m [32m━━━━━━━━━━[0m[37m━━━━━━━━━━[0m [1m0s[0m 21ms/step - loss: 2.0894e-04
[1m7/8[0m [32m━━━━━━━━━━━━━━━━━[0m[37m━━━[0m [1m0s[0m 20ms/step - loss: 1.6972e-04
[1m8/8[0m [32m━━━━━━━━━━━━━━━━━━━━[0m[37m[0m [1m0s[0m 25ms/step - loss: 1.1048e-04
Epoch 189/200

[1m1/8[0m [32m━━[0m[37m━━━━━━━━━━━━━━━━━━[0m [1m0s[0m 64ms/step - loss: 3.2961e-05
[1m4/8[0m [32m━━━━━━━━━━[0m[37m━━━━━━━━━━[0m [1m0s[0m 23ms/step - loss: 5.0188e-05
[1m7/8[0m [32m━━━━━━━━━━━━━━━━━[0m[37m━━━[0m [1m0s[0m 22ms/step - loss: 7.5134e-05
[1m8/8[0m [32m━━━━━━━━━━━━━━━━━━━━[0m[37m[0m [1m0s[0m 26ms/step - loss: 1.0669e-04
Epoch 190/200

[1m1/8[0m [32m━━[0m[37m━━━━━━━━━━━━━━━━━━[0m [1m0s[0m 80ms/step - loss: 3.2606e-05
[1m3/8[0m [32m━━━━━━━[0m[37m━━━━━━━━━━━━━[0m [1m0s[0m 28ms/step - loss: 8.1152e-05
[1m5/8[0m [32m━━━━━━━━━━━━[0m[37m━━━━━━━━[0m [1m0s[0m 31ms/step - loss: 9.2853e-05
[1m7/8[0m [32m━━━━━━━━━━━━━━━━━[0m[37m━━━[0m [1m0s[0m 32ms/step - loss: 9.7713e-05
[1m8/8[0m [32m━━━━━━━━━━━━━━━━━━━━[0m[37m[0m [1m0s[0m 36ms/step - loss: 1.0614e-04
Epoch 191/200

[1m1/8[0m [32m━━[0m[37m━━━━━━━━━━━━━━━━━━[0m [1m2s[0m 357ms/step - loss: 3.8132e-05
[1m4/8[0m [32m━━━━━━━━━━[0m[37m━━━━━━━━━━[0m [1m0s[0m 26ms/step - loss: 6.6969e-05 
[1m6/8[0m [32m━━━━━━━━━━━━━━━[0m[37m━━━━━[0m [1m0s[0m 26ms/step - loss: 8.4147e-05
[1m8/8[0m [32m━━━━━━━━━━━━━━━━━━━━[0m[37m[0m [1m1s[0m 32ms/step - loss: 1.1561e-04
Epoch 192/200

[1m1/8[0m [32m━━[0m[37m━━━━━━━━━━━━━━━━━━[0m [1m0s[0m 57ms/step - loss: 5.4680e-05
[1m4/8[0m [32m━━━━━━━━━━[0m[37m━━━━━━━━━━[0m [1m0s[0m 18ms/step - loss: 8.7776e-05
[1m6/8[0m [32m━━━━━━━━━━━━━━━[0m[37m━━━━━[0m [1m0s[0m 22ms/step - loss: 8.7973e-05
[1m8/8[0m [32m━━━━━━━━━━━━━━━━━━━━[0m[37m[0m [1m0s[0m 23ms/step - loss: 9.0035e-05
[1m8/8[0m [32m━━━━━━━━━━━━━━━━━━━━[0m[37m[0m [1m0s[0m 27ms/step - loss: 9.6451e-05
Epoch 193/200

[1m1/8[0m [32m━━[0m[37m━━━━━━━━━━━━━━━━━━[0m [1m0s[0m 54ms/step - loss: 3.3945e-05
[1m4/8[0m [32m━━━━━━━━━━[0m[37m━━━━━━━━━━[0m [1m0s[0m 24ms/step - loss: 6.5551e-05
[1m6/8[0m [32m━━━━━━━━━━━━━━━[0m[37m━━━━━[0m [1m0s[0m 25ms/step - loss: 7.9454e-05
[1m8/8[0m [32m━━━━━━━━━━━━━━━━━━━━[0m[37m[0m [1m0s[0m 25ms/step - loss: 8.5359e-05
[1m8/8[0m [32m━━━━━━━━━━━━━━━━━━━━[0m[37m[0m [1m0s[0m 29ms/step - loss: 1.0078e-04
Epoch 194/200

[1m1/8[0m [32m━━[0m[37m━━━━━━━━━━━━━━━━━━[0m [1m0s[0m 68ms/step - loss: 5.0549e-05
[1m4/8[0m [32m━━━━━━━━━━[0m[37m━━━━━━━━━━[0m [1m0s[0m 23ms/step - loss: 7.2480e-05
[1m7/8[0m [32m━━━━━━━━━━━━━━━━━[0m[37m━━━[0m [1m0s[0m 23ms/step - loss: 8.5643e-05
[1m8/8[0m [32m━━━━━━━━━━━━━━━━━━━━[0m[37m[0m [1m0s[0m 29ms/step - loss: 1.0159e-04
Epoch 195/200

[1m1/8[0m [32m━━[0m[37m━━━━━━━━━━━━━━━━━━[0m [1m0s[0m 89ms/step - loss: 5.7349e-05
[1m4/8[0m [32m━━━━━━━━━━[0m[37m━━━━━━━━━━[0m [1m0s[0m 19ms/step - loss: 6.5667e-05
[1m7/8[0m [32m━━━━━━━━━━━━━━━━━[0m[37m━━━[0m [1m0s[0m 23ms/step - loss: 7.9034e-05
[1m8/8[0m [32m━━━━━━━━━━━━━━━━━━━━[0m[37m[0m [1m0s[0m 32ms/step - loss: 1.0443e-04
Epoch 196/200

[1m1/8[0m [32m━━[0m[37m━━━━━━━━━━━━━━━━━━[0m [1m0s[0m 70ms/step - loss: 1.2801e-04
[1m4/8[0m [32m━━━━━━━━━━[0m[37m━━━━━━━━━━[0m [1m0s[0m 22ms/step - loss: 9.5222e-05
[1m7/8[0m [32m━━━━━━━━━━━━━━━━━[0m[37m━━━[0m [1m0s[0m 21ms/step - loss: 9.4509e-05
[1m8/8[0m [32m━━━━━━━━━━━━━━━━━━━━[0m[37m[0m [1m0s[0m 26ms/step - loss: 1.0441e-04
Epoch 197/200

[1m1/8[0m [32m━━[0m[37m━━━━━━━━━━━━━━━━━━[0m [1m0s[0m 56ms/step - loss: 2.9748e-04
[1m4/8[0m [32m━━━━━━━━━━[0m[37m━━━━━━━━━━[0m [1m0s[0m 20ms/step - loss: 1.8308e-04
[1m8/8[0m [32m━━━━━━━━━━━━━━━━━━━━[0m[37m[0m [1m0s[0m 20ms/step - loss: 1.4426e-04
[1m8/8[0m [32m━━━━━━━━━━━━━━━━━━━━[0m[37m[0m [1m0s[0m 26ms/step - loss: 1.0400e-04
Epoch 198/200

[1m1/8[0m [32m━━[0m[37m━━━━━━━━━━━━━━━━━━[0m [1m0s[0m 90ms/step - loss: 1.1572e-04
[1m3/8[0m [32m━━━━━━━[0m[37m━━━━━━━━━━━━━[0m [1m0s[0m 34ms/step - loss: 1.0188e-04
[1m5/8[0m [32m━━━━━━━━━━━━[0m[37m━━━━━━━━[0m [1m0s[0m 33ms/step - loss: 1.0339e-04
[1m8/8[0m [32m━━━━━━━━━━━━━━━━━━━━[0m[37m[0m [1m0s[0m 26ms/step - loss: 1.0222e-04
[1m8/8[0m [32m━━━━━━━━━━━━━━━━━━━━[0m[37m[0m [1m0s[0m 31ms/step - loss: 9.4392e-05
Epoch 199/200

[1m1/8[0m [32m━━[0m[37m━━━━━━━━━━━━━━━━━━[0m [1m0s[0m 59ms/step - loss: 4.1678e-05
[1m4/8[0m [32m━━━━━━━━━━[0m[37m━━━━━━━━━━[0m [1m0s[0m 23ms/step - loss: 5.8449e-05
[1m7/8[0m [32m━━━━━━━━━━━━━━━━━[0m[37m━━━[0m [1m0s[0m 21ms/step - loss: 7.3691e-05
[1m8/8[0m [32m━━━━━━━━━━━━━━━━━━━━[0m[37m[0m [1m0s[0m 24ms/step - loss: 1.0310e-04
Epoch 200/200

[1m1/8[0m [32m━━[0m[37m━━━━━━━━━━━━━━━━━━[0m [1m0s[0m 55ms/step - loss: 5.8114e-05
[1m4/8[0m [32m━━━━━━━━━━[0m[37m━━━━━━━━━━[0m [1m0s[0m 21ms/step - loss: 6.6010e-05
[1m7/8[0m [32m━━━━━━━━━━━━━━━━━[0m[37m━━━[0m [1m0s[0m 21ms/step - loss: 8.3591e-05
[1m8/8[0m [32m━━━━━━━━━━━━━━━━━━━━[0m[37m[0m [1m0s[0m 24ms/step - loss: 9.9652e-05
Using bucket name: missingtimestamp
Bucket missingtimestamp created.
Uploading device8.keras to bucket missingtimestamp...
device8.keras uploaded to bucket missingtimestamp.
Uploading scaler to bucket missingtimestamp...
scaler.save uploaded to bucket missingtimestamp.

Model path is:  2025-12-08-00-10-00-2025-12-08-00-19-59-model
Triggering forecasting with retrained model
Forecasting.py script logs
Database connection established
Value of --retrain flag: True

Forecasting for retrained model using device8/2025-12-08-00-10-00-2025-12-08-00-19-59-model/device8.keras and device8/2025-12-08-00-10-00-2025-12-08-00-19-59-model/scaler.save
Successfully downloaded model and scaler from S3

Actual values fetched from database
    sensor_id  sensor_energy_value    sensor_timestamp  message_delay
0           8               1233.9 2025-12-08 00:19:00        59109.0
1           8               1237.4 2025-12-08 00:19:01        58107.0
2           8               1238.9 2025-12-08 00:19:02        57106.0
3           8               1235.9 2025-12-08 00:19:03        56105.0
4           8               1237.9 2025-12-08 00:19:04        55099.0
5           8               1236.4 2025-12-08 00:19:05        54094.0
6           8               1237.3 2025-12-08 00:19:06        53093.0
7           8               1235.6 2025-12-08 00:19:07        52092.0
8           8               1239.4 2025-12-08 00:19:08        51090.0
9           8               1239.9 2025-12-08 00:19:09        50090.0
10          8               1242.1 2025-12-08 00:19:10        49089.0
11          8               1260.2 2025-12-08 00:19:11        48088.0
12          8               1310.9 2025-12-08 00:19:12        47087.0
13          8               1309.9 2025-12-08 00:19:13        46087.0
14          8               1313.5 2025-12-08 00:19:14        45086.0
15          8               1316.4 2025-12-08 00:19:15        44085.0
16          8               1310.8 2025-12-08 00:19:16        43084.0
17          8               1314.6 2025-12-08 00:19:17        42082.0
18          8               1314.0 2025-12-08 00:19:18        41081.0
19          8               1319.2 2025-12-08 00:19:19        40080.0
20          8               1319.5 2025-12-08 00:19:20        39080.0
21          8               1319.3 2025-12-08 00:19:21        38079.0
22          8               1312.7 2025-12-08 00:19:22        37078.0
23          8               1339.4 2025-12-08 00:19:23        36076.0
24          8               1319.1 2025-12-08 00:19:24        35075.0
25          8               1320.4 2025-12-08 00:19:25        34075.0
26          8               1318.3 2025-12-08 00:19:26        33074.0
27          8               1317.9 2025-12-08 00:19:27        32073.0
28          8               1317.5 2025-12-08 00:19:28        31072.0
29          8               1321.2 2025-12-08 00:19:29        30071.0
30          8               1322.8 2025-12-08 00:19:30        29070.0
31          8               1327.3 2025-12-08 00:19:31        28068.0
32          8               1316.3 2025-12-08 00:19:32        27067.0
33          8               1314.5 2025-12-08 00:19:33        26067.0
34          8               1313.3 2025-12-08 00:19:34        25065.0
35          8               1314.3 2025-12-08 00:19:35        24064.0
36          8               1318.3 2025-12-08 00:19:36        23063.0
37          8               1312.5 2025-12-08 00:19:37        22062.0
38          8               1318.2 2025-12-08 00:19:38        21061.0
39          8               1317.2 2025-12-08 00:19:39        20060.0
40          8               1320.4 2025-12-08 00:19:40        19059.0
41          8               1318.0 2025-12-08 00:19:41        18056.0
42          8               1328.6 2025-12-08 00:19:42        17053.0
43          8               1319.9 2025-12-08 00:19:43        16051.0
44          8               1321.8 2025-12-08 00:19:44        15042.0
45          8               1320.1 2025-12-08 00:19:45        14038.0
46          8               1317.0 2025-12-08 00:19:46        13033.0
47          8               1320.2 2025-12-08 00:19:47        12032.0
48          8               1318.1 2025-12-08 00:19:48        11031.0
49          8               1318.4 2025-12-08 00:19:49        10030.0
50          8               1320.9 2025-12-08 00:19:50         9027.0
51          8               1327.5 2025-12-08 00:19:51         8019.0
52          8               1320.6 2025-12-08 00:19:52         7018.0
53          8               1321.6 2025-12-08 00:19:53         6017.0
54          8               1320.5 2025-12-08 00:19:54         5016.0
55          8               1317.3 2025-12-08 00:19:55         4015.0
56          8               1319.5 2025-12-08 00:19:56         3014.0
57          8               1324.0 2025-12-08 00:19:57         2011.0
58          8               1317.7 2025-12-08 00:19:58         1010.0
59          8               1320.3 2025-12-08 00:19:59            9.0
Forecasted values:
    sensor_id  sensor_energy_value_prediction    sensor_timestamp
0           8                     1349.454468 2025-12-08 00:20:00
1           8                     1357.277100 2025-12-08 00:20:01
2           8                     1365.508911 2025-12-08 00:20:02
3           8                     1374.125732 2025-12-08 00:20:03
4           8                     1383.087646 2025-12-08 00:20:04
5           8                     1392.364868 2025-12-08 00:20:05
6           8                     1401.944824 2025-12-08 00:20:06
7           8                     1411.825073 2025-12-08 00:20:07
8           8                     1422.008057 2025-12-08 00:20:08
9           8                     1432.499878 2025-12-08 00:20:09
10          8                     1443.307007 2025-12-08 00:20:10
11          8                     1454.436279 2025-12-08 00:20:11
12          8                     1465.894165 2025-12-08 00:20:12
13          8                     1477.686768 2025-12-08 00:20:13
14          8                     1489.818726 2025-12-08 00:20:14
15          8                     1502.294434 2025-12-08 00:20:15
16          8                     1515.116333 2025-12-08 00:20:16
17          8                     1528.286377 2025-12-08 00:20:17
18          8                     1541.804688 2025-12-08 00:20:18
19          8                     1555.670166 2025-12-08 00:20:19
20          8                     1569.880249 2025-12-08 00:20:20
21          8                     1584.429932 2025-12-08 00:20:21
22          8                     1599.313232 2025-12-08 00:20:22
23          8                     1614.521362 2025-12-08 00:20:23
24          8                     1630.044189 2025-12-08 00:20:24
25          8                     1645.868774 2025-12-08 00:20:25
26          8                     1661.980103 2025-12-08 00:20:26
27          8                     1678.360352 2025-12-08 00:20:27
28          8                     1694.989746 2025-12-08 00:20:28
29          8                     1711.845215 2025-12-08 00:20:29
30          8                     1728.902100 2025-12-08 00:20:30
31          8                     1746.132446 2025-12-08 00:20:31
32          8                     1763.507080 2025-12-08 00:20:32
33          8                     1780.993286 2025-12-08 00:20:33
34          8                     1798.557373 2025-12-08 00:20:34
35          8                     1816.163330 2025-12-08 00:20:35
36          8                     1833.774780 2025-12-08 00:20:36
37          8                     1851.353149 2025-12-08 00:20:37
38          8                     1868.859619 2025-12-08 00:20:38
39          8                     1886.255249 2025-12-08 00:20:39
40          8                     1903.501099 2025-12-08 00:20:40
41          8                     1920.558594 2025-12-08 00:20:41
42          8                     1937.390991 2025-12-08 00:20:42
43          8                     1953.962402 2025-12-08 00:20:43
44          8                     1970.238770 2025-12-08 00:20:44
45          8                     1986.188354 2025-12-08 00:20:45
46          8                     2001.781616 2025-12-08 00:20:46
47          8                     2016.992798 2025-12-08 00:20:47
48          8                     2031.797607 2025-12-08 00:20:48
49          8                     2046.176147 2025-12-08 00:20:49
50          8                     2060.111084 2025-12-08 00:20:50
51          8                     2073.588379 2025-12-08 00:20:51
52          8                     2086.596924 2025-12-08 00:20:52
53          8                     2099.129150 2025-12-08 00:20:53
54          8                     2111.180420 2025-12-08 00:20:54
55          8                     2122.747803 2025-12-08 00:20:55
56          8                     2133.833496 2025-12-08 00:20:56
57          8                     2144.439209 2025-12-08 00:20:57
58          8                     2154.570801 2025-12-08 00:20:58
59          8                     2164.234863 2025-12-08 00:20:59
Forecasted values inserted into database
Exiting forecasting script


Actual data inserted to database
Triggering forecasting with retrained model
Forecasting.py script logs
Database connection established
Value of --retrain flag: True

Forecasting for retrained model using device8/2025-12-08-00-10-00-2025-12-08-00-19-59-model/device8.keras and device8/2025-12-08-00-10-00-2025-12-08-00-19-59-model/scaler.save
Successfully downloaded model and scaler from S3

Actual values fetched from database
    sensor_id  sensor_energy_value    sensor_timestamp  message_delay
0           8               1321.4 2025-12-08 00:20:00        60990.0
1           8               1319.0 2025-12-08 00:20:01        59989.0
2           8               1322.0 2025-12-08 00:20:02        58988.0
3           8               1322.5 2025-12-08 00:20:03        57987.0
4           8               1323.0 2025-12-08 00:20:04        56986.0
5           8               1319.9 2025-12-08 00:20:05        55985.0
6           8               1319.5 2025-12-08 00:20:06        54983.0
7           8               1321.8 2025-12-08 00:20:07        53983.0
8           8               1322.3 2025-12-08 00:20:08        52982.0
9           8               1324.0 2025-12-08 00:20:09        51981.0
10          8               1315.8 2025-12-08 00:20:10        50980.0
11          8               1321.5 2025-12-08 00:20:11        49978.0
12          8               1321.2 2025-12-08 00:20:12        48975.0
13          8               1334.7 2025-12-08 00:20:13        47973.0
14          8               1357.9 2025-12-08 00:20:14        46972.0
15          8               1418.7 2025-12-08 00:20:15        45970.0
16          8               1407.5 2025-12-08 00:20:16        44968.0
17          8               1424.6 2025-12-08 00:20:17        43966.0
18          8               1418.1 2025-12-08 00:20:18        42964.0
19          8               1423.0 2025-12-08 00:20:19        41963.0
20          8               1426.4 2025-12-08 00:20:20        40960.0
21          8               1423.0 2025-12-08 00:20:21        39959.0
22          8               1417.7 2025-12-08 00:20:22        38959.0
23          8               1420.3 2025-12-08 00:20:23        37957.0
24          8               1421.6 2025-12-08 00:20:24        36956.0
25          8               1419.1 2025-12-08 00:20:25        35955.0
26          8               1418.6 2025-12-08 00:20:26        34954.0
27          8               1418.7 2025-12-08 00:20:27        33953.0
28          8               1417.8 2025-12-08 00:20:28        32952.0
29          8               1421.6 2025-12-08 00:20:29        31951.0
30          8               1424.6 2025-12-08 00:20:30        30949.0
31          8               1421.5 2025-12-08 00:20:31        29948.0
32          8               1422.6 2025-12-08 00:20:32        28946.0
33          8               1423.1 2025-12-08 00:20:33        27945.0
34          8               1424.7 2025-12-08 00:20:34        26944.0
35          8               1428.4 2025-12-08 00:20:35        25941.0
36          8               1421.7 2025-12-08 00:20:36        24939.0
37          8               1423.7 2025-12-08 00:20:37        23938.0
38          8               1427.1 2025-12-08 00:20:38        22936.0
39          8               1424.8 2025-12-08 00:20:39        21934.0
40          8               1423.6 2025-12-08 00:20:40        20932.0
41          8               1426.7 2025-12-08 00:20:41        19930.0
42          8               1425.7 2025-12-08 00:20:42        18928.0
43          8               1426.6 2025-12-08 00:20:43        17927.0
44          8               1428.3 2025-12-08 00:20:44        16925.0
45          8               1432.4 2025-12-08 00:20:45        15924.0
46          8               1427.2 2025-12-08 00:20:46        14922.0
47          8               1425.7 2025-12-08 00:20:47        13919.0
48          8               1425.7 2025-12-08 00:20:48        12918.0
49          8               1426.7 2025-12-08 00:20:49        11917.0
50          8               1429.1 2025-12-08 00:20:50        10913.0
51          8               1427.6 2025-12-08 00:20:51         9912.0
52          8               1425.4 2025-12-08 00:20:52         8910.0
53          8               1425.3 2025-12-08 00:20:53         7909.0
54          8               1426.5 2025-12-08 00:20:54         6907.0
55          8               1438.0 2025-12-08 00:20:55         5904.0
56          8               1427.7 2025-12-08 00:20:56         4902.0
57          8               1429.1 2025-12-08 00:20:57         3900.0
58          8               1429.9 2025-12-08 00:20:58         2899.0
59          8               1430.7 2025-12-08 00:20:59         1898.0
Forecasted values:
    sensor_id  sensor_energy_value_prediction    sensor_timestamp
0           8                     1472.646729 2025-12-08 00:21:00
1           8                     1484.195801 2025-12-08 00:21:01
2           8                     1496.190796 2025-12-08 00:21:02
3           8                     1508.677124 2025-12-08 00:21:03
4           8                     1521.605957 2025-12-08 00:21:04
5           8                     1534.929321 2025-12-08 00:21:05
6           8                     1548.620117 2025-12-08 00:21:06
7           8                     1562.662842 2025-12-08 00:21:07
8           8                     1577.047607 2025-12-08 00:21:08
9           8                     1591.766479 2025-12-08 00:21:09
10          8                     1606.812012 2025-12-08 00:21:10
11          8                     1622.174683 2025-12-08 00:21:11
12          8                     1637.843994 2025-12-08 00:21:12
13          8                     1653.806519 2025-12-08 00:21:13
14          8                     1670.047119 2025-12-08 00:21:14
15          8                     1686.546753 2025-12-08 00:21:15
16          8                     1703.284912 2025-12-08 00:21:16
17          8                     1720.237671 2025-12-08 00:21:17
18          8                     1737.379028 2025-12-08 00:21:18
19          8                     1754.680298 2025-12-08 00:21:19
20          8                     1772.110352 2025-12-08 00:21:20
21          8                     1789.636353 2025-12-08 00:21:21
22          8                     1807.223389 2025-12-08 00:21:22
23          8                     1824.834961 2025-12-08 00:21:23
24          8                     1842.432983 2025-12-08 00:21:24
25          8                     1859.979370 2025-12-08 00:21:25
26          8                     1877.435181 2025-12-08 00:21:26
27          8                     1894.760986 2025-12-08 00:21:27
28          8                     1911.918579 2025-12-08 00:21:28
29          8                     1928.869385 2025-12-08 00:21:29
30          8                     1945.577148 2025-12-08 00:21:30
31          8                     1962.007324 2025-12-08 00:21:31
32          8                     1978.126343 2025-12-08 00:21:32
33          8                     1993.904053 2025-12-08 00:21:33
34          8                     2009.312378 2025-12-08 00:21:34
35          8                     2024.326538 2025-12-08 00:21:35
36          8                     2038.923950 2025-12-08 00:21:36
37          8                     2053.086182 2025-12-08 00:21:37
38          8                     2066.797363 2025-12-08 00:21:38
39          8                     2080.045166 2025-12-08 00:21:39
40          8                     2092.820312 2025-12-08 00:21:40
41          8                     2105.115967 2025-12-08 00:21:41
42          8                     2116.929932 2025-12-08 00:21:42
43          8                     2128.260010 2025-12-08 00:21:43
44          8                     2139.108887 2025-12-08 00:21:44
45          8                     2149.480957 2025-12-08 00:21:45
46          8                     2159.381348 2025-12-08 00:21:46
47          8                     2168.819092 2025-12-08 00:21:47
48          8                     2177.803223 2025-12-08 00:21:48
49          8                     2186.344971 2025-12-08 00:21:49
50          8                     2194.456543 2025-12-08 00:21:50
51          8                     2202.151123 2025-12-08 00:21:51
52          8                     2209.441895 2025-12-08 00:21:52
53          8                     2216.343750 2025-12-08 00:21:53
54          8                     2222.871094 2025-12-08 00:21:54
55          8                     2229.038574 2025-12-08 00:21:55
56          8                     2234.862549 2025-12-08 00:21:56
57          8                     2240.356689 2025-12-08 00:21:57
58          8                     2245.536621 2025-12-08 00:21:58
59          8                     2250.416992 2025-12-08 00:21:59
Forecasted values inserted into database
Exiting forecasting script

No new messages received yet.Trying again...
No new messages received yet.Trying again...
No new messages received yet.Trying again...
No new messages received yet.Trying again...
No new messages received yet.Trying again...
No new messages received yet.Trying again...
No new messages received yet.Trying again...
No new messages received yet.Trying again...
No new messages received yet.Trying again...
No new messages received yet.Trying again...
No new messages received yet.Trying again...
No new messages received yet.Trying again...
No new messages received yet.Trying again...
No new messages received yet.Trying again...
No new messages received yet.Trying again...
No new messages received yet.Trying again...
No new messages received yet.Trying again...
No new messages received yet.Trying again...
No new messages received yet.Trying again...
No new messages received yet.Trying again...
No new messages received yet.Trying again...
No new messages received yet.Trying again...
No new messages received yet.Trying again...
No new messages received yet.Trying again...
No new messages received yet.Trying again...
No new messages received yet.Trying again...

Actual data inserted to database
Triggering forecasting with retrained model
Forecasting.py script logs
Database connection established
Value of --retrain flag: True

Forecasting for retrained model using device8/2025-12-08-00-10-00-2025-12-08-00-19-59-model/device8.keras and device8/2025-12-08-00-10-00-2025-12-08-00-19-59-model/scaler.save
Successfully downloaded model and scaler from S3

Actual values fetched from database
    sensor_id  sensor_energy_value    sensor_timestamp  message_delay
0           8               1431.5 2025-12-08 00:21:00        59824.0
1           8               1429.8 2025-12-08 00:21:01        58823.0
2           8               1432.2 2025-12-08 00:21:02        57819.0
3           8               1426.8 2025-12-08 00:21:03        56816.0
4           8               1430.0 2025-12-08 00:21:04        55815.0
5           8               1430.7 2025-12-08 00:21:05        54814.0
6           8               1429.3 2025-12-08 00:21:06        53812.0
7           8               1425.7 2025-12-08 00:21:07        52810.0
8           8               1444.4 2025-12-08 00:21:08        51809.0
9           8               1427.3 2025-12-08 00:21:09        50805.0
10          8               1429.5 2025-12-08 00:21:10        49803.0
11          8               1432.8 2025-12-08 00:21:11        48802.0
12          8               1428.6 2025-12-08 00:21:12        47796.0
13          8               1427.7 2025-12-08 00:21:13        46792.0
14          8               1429.6 2025-12-08 00:21:14        45791.0
15          8               1435.6 2025-12-08 00:21:15        44789.0
16          8               1428.9 2025-12-08 00:21:16        43787.0
17          8               1436.9 2025-12-08 00:21:17        42786.0
18          8               1430.0 2025-12-08 00:21:18        41784.0
19          8               1432.8 2025-12-08 00:21:19        40783.0
20          8               1436.1 2025-12-08 00:21:20        39780.0
21          8               1425.0 2025-12-08 00:21:21        38779.0
22          8               1426.6 2025-12-08 00:21:22        37776.0
23          8               1426.8 2025-12-08 00:21:23        36773.0
24          8               1430.1 2025-12-08 00:21:24        35771.0
25          8               1425.0 2025-12-08 00:21:25        34768.0
26          8               1429.5 2025-12-08 00:21:26        33766.0
27          8               1430.2 2025-12-08 00:21:27        32764.0
28          8               1430.3 2025-12-08 00:21:28        31761.0
29          8               1429.0 2025-12-08 00:21:29        30760.0
30          8               1424.8 2025-12-08 00:21:30        29759.0
31          8               1426.1 2025-12-08 00:21:31        28757.0
32          8               1430.7 2025-12-08 00:21:32        27756.0
33          8               1425.7 2025-12-08 00:21:33        26755.0
34          8               1430.3 2025-12-08 00:21:34        25754.0
35          8               1427.5 2025-12-08 00:21:35        24753.0
36          8               1425.1 2025-12-08 00:21:36        23750.0
37          8               1428.4 2025-12-08 00:21:37        22747.0
38          8               1427.1 2025-12-08 00:21:38        21746.0
39          8               1428.6 2025-12-08 00:21:39        20739.0
40          8               1430.5 2025-12-08 00:21:40        19737.0
41          8               1431.3 2025-12-08 00:21:41        18732.0
42          8               1432.4 2025-12-08 00:21:42        17731.0
43          8               1432.3 2025-12-08 00:21:43        16730.0
44          8               1443.3 2025-12-08 00:21:44        15729.0
45          8               1433.2 2025-12-08 00:21:45        14728.0
46          8               1431.5 2025-12-08 00:21:46        13723.0
47          8               1433.7 2025-12-08 00:21:47        12719.0
48          8               1435.8 2025-12-08 00:21:48        11719.0
49          8               1433.6 2025-12-08 00:21:49        10715.0
50          8               1434.5 2025-12-08 00:21:50         9712.0
51          8               1434.7 2025-12-08 00:21:51         8711.0
52          8               1432.1 2025-12-08 00:21:52         7645.0
53          8               1432.5 2025-12-08 00:21:53         6545.0
54          8               1430.6 2025-12-08 00:21:54         5406.0
55          8               1429.9 2025-12-08 00:21:55         4402.0
56          8               1429.3 2025-12-08 00:21:56         3398.0
57          8               1427.1 2025-12-08 00:21:57         2390.0
58          8               1431.2 2025-12-08 00:21:58         1387.0
59          8               1431.4 2025-12-08 00:21:59          328.0
Forecasted values:
    sensor_id  sensor_energy_value_prediction    sensor_timestamp
0           8                     1473.867798 2025-12-08 00:22:00
1           8                     1485.429932 2025-12-08 00:22:01
2           8                     1497.449097 2025-12-08 00:22:02
3           8                     1509.966797 2025-12-08 00:22:03
4           8                     1522.930786 2025-12-08 00:22:04
5           8                     1536.290405 2025-12-08 00:22:05
6           8                     1550.017700 2025-12-08 00:22:06
7           8                     1564.096313 2025-12-08 00:22:07
8           8                     1578.516235 2025-12-08 00:22:08
9           8                     1593.269165 2025-12-08 00:22:09
10          8                     1608.347290 2025-12-08 00:22:10
11          8                     1623.741577 2025-12-08 00:22:11
12          8                     1639.441040 2025-12-08 00:22:12
13          8                     1655.432251 2025-12-08 00:22:13
14          8                     1671.699219 2025-12-08 00:22:14
15          8                     1688.223511 2025-12-08 00:22:15
16          8                     1704.984009 2025-12-08 00:22:16
17          8                     1721.956543 2025-12-08 00:22:17
18          8                     1739.115112 2025-12-08 00:22:18
19          8                     1756.430420 2025-12-08 00:22:19
20          8                     1773.871338 2025-12-08 00:22:20
21          8                     1791.404785 2025-12-08 00:22:21
22          8                     1808.995850 2025-12-08 00:22:22
23          8                     1826.607666 2025-12-08 00:22:23
24          8                     1844.202271 2025-12-08 00:22:24
25          8                     1861.741333 2025-12-08 00:22:25
26          8                     1879.185669 2025-12-08 00:22:26
27          8                     1896.496094 2025-12-08 00:22:27
28          8                     1913.634277 2025-12-08 00:22:28
29          8                     1930.562500 2025-12-08 00:22:29
30          8                     1947.243896 2025-12-08 00:22:30
31          8                     1963.643799 2025-12-08 00:22:31
32          8                     1979.729980 2025-12-08 00:22:32
33          8                     1995.471802 2025-12-08 00:22:33
34          8                     2010.841431 2025-12-08 00:22:34
35          8                     2025.814575 2025-12-08 00:22:35
36          8                     2040.368896 2025-12-08 00:22:36
37          8                     2054.486572 2025-12-08 00:22:37
38          8                     2068.151855 2025-12-08 00:22:38
39          8                     2081.352051 2025-12-08 00:22:39
40          8                     2094.079590 2025-12-08 00:22:40
41          8                     2106.326904 2025-12-08 00:22:41
42          8                     2118.091797 2025-12-08 00:22:42
43          8                     2129.373535 2025-12-08 00:22:43
44          8                     2140.174316 2025-12-08 00:22:44
45          8                     2150.498291 2025-12-08 00:22:45
46          8                     2160.351807 2025-12-08 00:22:46
47          8                     2169.743408 2025-12-08 00:22:47
48          8                     2178.682617 2025-12-08 00:22:48
49          8                     2187.180420 2025-12-08 00:22:49
50          8                     2195.249512 2025-12-08 00:22:50
51          8                     2202.902344 2025-12-08 00:22:51
52          8                     2210.153320 2025-12-08 00:22:52
53          8                     2217.016602 2025-12-08 00:22:53
54          8                     2223.507324 2025-12-08 00:22:54
55          8                     2229.639893 2025-12-08 00:22:55
56          8                     2235.429688 2025-12-08 00:22:56
57          8                     2240.891846 2025-12-08 00:22:57
58          8                     2246.040771 2025-12-08 00:22:58
59          8                     2250.892090 2025-12-08 00:22:59
Forecasted values inserted into database
Exiting forecasting script

No new messages received yet.Trying again...
No new messages received yet.Trying again...
No new messages received yet.Trying again...
No new messages received yet.Trying again...
No new messages received yet.Trying again...
No new messages received yet.Trying again...
No new messages received yet.Trying again...
No new messages received yet.Trying again...
No new messages received yet.Trying again...
No new messages received yet.Trying again...
No new messages received yet.Trying again...
No new messages received yet.Trying again...
No new messages received yet.Trying again...
No new messages received yet.Trying again...
No new messages received yet.Trying again...
No new messages received yet.Trying again...
No new messages received yet.Trying again...
No new messages received yet.Trying again...
No new messages received yet.Trying again...
No new messages received yet.Trying again...
No new messages received yet.Trying again...
No new messages received yet.Trying again...
No new messages received yet.Trying again...
No new messages received yet.Trying again...
No new messages received yet.Trying again...
No new messages received yet.Trying again...
No new messages received yet.Trying again...

Actual data inserted to database
Triggering forecasting with retrained model
Forecasting.py script logs
Database connection established
Value of --retrain flag: True

Forecasting for retrained model using device8/2025-12-08-00-10-00-2025-12-08-00-19-59-model/device8.keras and device8/2025-12-08-00-10-00-2025-12-08-00-19-59-model/scaler.save
Successfully downloaded model and scaler from S3

Actual values fetched from database
    sensor_id  sensor_energy_value    sensor_timestamp  message_delay
0           8               1438.6 2025-12-08 00:22:00        59181.0
1           8               1435.2 2025-12-08 00:22:01        58179.0
2           8               1434.8 2025-12-08 00:22:02        57176.0
3           8               1433.4 2025-12-08 00:22:03        56089.0
4           8               1432.9 2025-12-08 00:22:04        55081.0
5           8               1435.1 2025-12-08 00:22:05        54079.0
6           8               1432.4 2025-12-08 00:22:06        53076.0
7           8               1434.7 2025-12-08 00:22:07        52074.0
8           8               1433.1 2025-12-08 00:22:08        51073.0
9           8               1429.8 2025-12-08 00:22:09        50071.0
10          8               1429.9 2025-12-08 00:22:10        49065.0
11          8               1431.8 2025-12-08 00:22:11        48062.0
12          8               1431.4 2025-12-08 00:22:12        47062.0
13          8               1435.6 2025-12-08 00:22:13        46061.0
14          8               1432.7 2025-12-08 00:22:14        45060.0
15          8               1427.0 2025-12-08 00:22:15        44060.0
16          8               1430.3 2025-12-08 00:22:16        43059.0
17          8               1434.1 2025-12-08 00:22:17        42058.0
18          8               1433.7 2025-12-08 00:22:18        41057.0
19          8               1438.4 2025-12-08 00:22:19        40056.0
20          8               1439.2 2025-12-08 00:22:20        39055.0
21          8               1430.9 2025-12-08 00:22:21        38053.0
22          8               1432.2 2025-12-08 00:22:22        37052.0
23          8               1432.4 2025-12-08 00:22:23        36051.0
24          8               1432.1 2025-12-08 00:22:24        35049.0
25          8               1432.2 2025-12-08 00:22:25        34048.0
26          8               1431.1 2025-12-08 00:22:26        33048.0
27          8               1431.6 2025-12-08 00:22:27        32046.0
28          8               1432.1 2025-12-08 00:22:28        31045.0
29          8               1431.9 2025-12-08 00:22:29        30044.0
30          8               1433.9 2025-12-08 00:22:30        29043.0
31          8               1428.7 2025-12-08 00:22:31        28042.0
32          8               1434.9 2025-12-08 00:22:32        27040.0
33          8               1431.8 2025-12-08 00:22:33        26039.0
34          8               1436.2 2025-12-08 00:22:34        25038.0
35          8               1437.3 2025-12-08 00:22:35        24037.0
36          8               1435.9 2025-12-08 00:22:36        23036.0
37          8               1438.0 2025-12-08 00:22:37        22035.0
38          8               1439.8 2025-12-08 00:22:38        21034.0
39          8               1434.9 2025-12-08 00:22:39        20033.0
40          8               1435.3 2025-12-08 00:22:40        19031.0
41          8               1437.3 2025-12-08 00:22:41        18030.0
42          8               1430.5 2025-12-08 00:22:42        17029.0
43          8               1433.1 2025-12-08 00:22:43        16028.0
44          8               1432.7 2025-12-08 00:22:44        15027.0
45          8               1444.3 2025-12-08 00:22:45        14026.0
46          8               1442.9 2025-12-08 00:22:46        13024.0
47          8               1438.1 2025-12-08 00:22:47        12023.0
48          8               1434.8 2025-12-08 00:22:48        11022.0
49          8               1449.5 2025-12-08 00:22:49        10021.0
50          8               1436.4 2025-12-08 00:22:50         9020.0
51          8               1436.4 2025-12-08 00:22:51         8019.0
52          8               1437.0 2025-12-08 00:22:52         7019.0
53          8               1437.8 2025-12-08 00:22:53         6018.0
54          8               1435.2 2025-12-08 00:22:54         5017.0
55          8               1438.9 2025-12-08 00:22:55         4016.0
56          8               1436.2 2025-12-08 00:22:56         3015.0
57          8               1438.5 2025-12-08 00:22:57         2014.0
58          8               1437.1 2025-12-08 00:22:58         1013.0
59          8               1450.8 2025-12-08 00:22:59           12.0
Forecasted values:
    sensor_id  sensor_energy_value_prediction    sensor_timestamp
0           8                     1485.073608 2025-12-08 00:23:00
1           8                     1496.999023 2025-12-08 00:23:01
2           8                     1509.384399 2025-12-08 00:23:02
3           8                     1522.254272 2025-12-08 00:23:03
4           8                     1535.557007 2025-12-08 00:23:04
5           8                     1549.247925 2025-12-08 00:23:05
6           8                     1563.301147 2025-12-08 00:23:06
7           8                     1577.700806 2025-12-08 00:23:07
8           8                     1592.436279 2025-12-08 00:23:08
9           8                     1607.498169 2025-12-08 00:23:09
10          8                     1622.876465 2025-12-08 00:23:10
11          8                     1638.560425 2025-12-08 00:23:11
12          8                     1654.536377 2025-12-08 00:23:12
13          8                     1670.788696 2025-12-08 00:23:13
14          8                     1687.299316 2025-12-08 00:23:14
15          8                     1704.047119 2025-12-08 00:23:15
16          8                     1721.008301 2025-12-08 00:23:16
17          8                     1738.156860 2025-12-08 00:23:17
18          8                     1755.463745 2025-12-08 00:23:18
19          8                     1772.898560 2025-12-08 00:23:19
20          8                     1790.427612 2025-12-08 00:23:20
21          8                     1808.015625 2025-12-08 00:23:21
22          8                     1825.626953 2025-12-08 00:23:22
23          8                     1843.223389 2025-12-08 00:23:23
24          8                     1860.766479 2025-12-08 00:23:24
25          8                     1878.217041 2025-12-08 00:23:25
26          8                     1895.535645 2025-12-08 00:23:26
27          8                     1912.684448 2025-12-08 00:23:27
28          8                     1929.625244 2025-12-08 00:23:28
29          8                     1946.321289 2025-12-08 00:23:29
30          8                     1962.737793 2025-12-08 00:23:30
31          8                     1978.842407 2025-12-08 00:23:31
32          8                     1994.604126 2025-12-08 00:23:32
33          8                     2009.994995 2025-12-08 00:23:33
34          8                     2024.990967 2025-12-08 00:23:34
35          8                     2039.569214 2025-12-08 00:23:35
36          8                     2053.711426 2025-12-08 00:23:36
37          8                     2067.402100 2025-12-08 00:23:37
38          8                     2080.628662 2025-12-08 00:23:38
39          8                     2093.382812 2025-12-08 00:23:39
40          8                     2105.656982 2025-12-08 00:23:40
41          8                     2117.448730 2025-12-08 00:23:41
42          8                     2128.757324 2025-12-08 00:23:42
43          8                     2139.584961 2025-12-08 00:23:43
44          8                     2149.935059 2025-12-08 00:23:44
45          8                     2159.814941 2025-12-08 00:23:45
46          8                     2169.232178 2025-12-08 00:23:46
47          8                     2178.196045 2025-12-08 00:23:47
48          8                     2186.718506 2025-12-08 00:23:48
49          8                     2194.811035 2025-12-08 00:23:49
50          8                     2202.486816 2025-12-08 00:23:50
51          8                     2209.759521 2025-12-08 00:23:51
52          8                     2216.644287 2025-12-08 00:23:52
53          8                     2223.155029 2025-12-08 00:23:53
54          8                     2229.307373 2025-12-08 00:23:54
55          8                     2235.115723 2025-12-08 00:23:55
56          8                     2240.595703 2025-12-08 00:23:56
57          8                     2245.761963 2025-12-08 00:23:57
58          8                     2250.629395 2025-12-08 00:23:58
59          8                     2255.212402 2025-12-08 00:23:59
Forecasted values inserted into database
Exiting forecasting script

No new messages received yet.Trying again...
No new messages received yet.Trying again...
No new messages received yet.Trying again...
No new messages received yet.Trying again...
No new messages received yet.Trying again...
No new messages received yet.Trying again...
No new messages received yet.Trying again...
No new messages received yet.Trying again...
No new messages received yet.Trying again...
No new messages received yet.Trying again...
No new messages received yet.Trying again...
No new messages received yet.Trying again...
No new messages received yet.Trying again...
No new messages received yet.Trying again...
No new messages received yet.Trying again...
No new messages received yet.Trying again...
No new messages received yet.Trying again...
No new messages received yet.Trying again...
No new messages received yet.Trying again...
No new messages received yet.Trying again...
No new messages received yet.Trying again...
No new messages received yet.Trying again...
No new messages received yet.Trying again...
No new messages received yet.Trying again...
No new messages received yet.Trying again...
No new messages received yet.Trying again...
No new messages received yet.Trying again...
No new messages received yet.Trying again...
No new messages received yet.Trying again...
No new messages received yet.Trying again...
No new messages received yet.Trying again...
No new messages received yet.Trying again...
No new messages received yet.Trying again...

Actual data inserted to database
Triggering forecasting with retrained model
Forecasting.py script logs
Database connection established
Value of --retrain flag: True

Forecasting for retrained model using device8/2025-12-08-00-10-00-2025-12-08-00-19-59-model/device8.keras and device8/2025-12-08-00-10-00-2025-12-08-00-19-59-model/scaler.save
Successfully downloaded model and scaler from S3

Actual values fetched from database
    sensor_id  sensor_energy_value    sensor_timestamp  message_delay
0           8               1438.0 2025-12-08 00:23:00        59084.0
1           8               1440.8 2025-12-08 00:23:01        58083.0
2           8               1445.1 2025-12-08 00:23:02        57082.0
3           8               1442.9 2025-12-08 00:23:03        56081.0
4           8               1444.8 2025-12-08 00:23:04        55080.0
5           8               1440.9 2025-12-08 00:23:05        54079.0
6           8               1440.2 2025-12-08 00:23:06        53078.0
7           8               1441.5 2025-12-08 00:23:07        52077.0
8           8               1438.1 2025-12-08 00:23:08        51076.0
9           8               1439.8 2025-12-08 00:23:09        50075.0
10          8               1442.0 2025-12-08 00:23:10        49074.0
11          8               1440.9 2025-12-08 00:23:11        48072.0
12          8               1461.3 2025-12-08 00:23:12        47071.0
13          8               1438.3 2025-12-08 00:23:13        46071.0
14          8               1440.6 2025-12-08 00:23:14        45069.0
15          8               1442.3 2025-12-08 00:23:15        44068.0
16          8               1439.5 2025-12-08 00:23:16        43067.0
17          8               1443.7 2025-12-08 00:23:17        42066.0
18          8               1439.6 2025-12-08 00:23:18        41065.0
19          8               1448.0 2025-12-08 00:23:19        40064.0
20          8               1448.5 2025-12-08 00:23:20        39063.0
21          8               1448.1 2025-12-08 00:23:21        38059.0
22          8               1439.1 2025-12-08 00:23:22        37058.0
23          8               1444.0 2025-12-08 00:23:23        36057.0
24          8               1441.4 2025-12-08 00:23:24        35056.0
25          8               1441.9 2025-12-08 00:23:25        34055.0
26          8               1442.8 2025-12-08 00:23:26        33054.0
27          8               1447.2 2025-12-08 00:23:27        32053.0
28          8               1447.6 2025-12-08 00:23:28        31052.0
29          8               1449.2 2025-12-08 00:23:29        30051.0
30          8               1458.3 2025-12-08 00:23:30        29050.0
31          8               1444.3 2025-12-08 00:23:31        28049.0
32          8               1449.8 2025-12-08 00:23:32        27048.0
33          8               1451.0 2025-12-08 00:23:33        26047.0
34          8               1449.5 2025-12-08 00:23:34        25046.0
35          8               1449.9 2025-12-08 00:23:35        24045.0
36          8               1448.9 2025-12-08 00:23:36        23043.0
37          8               1450.1 2025-12-08 00:23:37        22040.0
38          8               1452.2 2025-12-08 00:23:38        21039.0
39          8               1454.9 2025-12-08 00:23:39        20039.0
40          8               1451.5 2025-12-08 00:23:40        19038.0
41          8               1454.2 2025-12-08 00:23:41        18036.0
42          8               1451.0 2025-12-08 00:23:42        17034.0
43          8               1452.9 2025-12-08 00:23:43        16033.0
44          8               1465.5 2025-12-08 00:23:44        15032.0
45          8               1450.8 2025-12-08 00:23:45        14031.0
46          8               1451.3 2025-12-08 00:23:46        13030.0
47          8               1455.6 2025-12-08 00:23:47        12029.0
48          8               1452.0 2025-12-08 00:23:48        11028.0
49          8               1453.2 2025-12-08 00:23:49        10027.0
50          8               1456.7 2025-12-08 00:23:50         9026.0
51          8               1455.3 2025-12-08 00:23:51         8025.0
52          8               1453.3 2025-12-08 00:23:52         7024.0
53          8               1454.1 2025-12-08 00:23:53         6019.0
54          8               1457.4 2025-12-08 00:23:54         5016.0
55          8               1453.1 2025-12-08 00:23:55         4015.0
56          8               1456.8 2025-12-08 00:23:56         3014.0
57          8               1455.8 2025-12-08 00:23:57         2012.0
58          8               1453.9 2025-12-08 00:23:58         1011.0
59          8               1456.7 2025-12-08 00:23:59           10.0
Forecasted values:
    sensor_id  sensor_energy_value_prediction    sensor_timestamp
0           8                     1501.488281 2025-12-08 00:24:00
1           8                     1513.835083 2025-12-08 00:24:01
2           8                     1526.617920 2025-12-08 00:24:02
3           8                     1539.905029 2025-12-08 00:24:03
4           8                     1553.642334 2025-12-08 00:24:04
5           8                     1567.775146 2025-12-08 00:24:05
6           8                     1582.270874 2025-12-08 00:24:06
7           8                     1597.108276 2025-12-08 00:24:07
8           8                     1612.272827 2025-12-08 00:24:08
9           8                     1627.751587 2025-12-08 00:24:09
10          8                     1643.531250 2025-12-08 00:24:10
11          8                     1659.597412 2025-12-08 00:24:11
12          8                     1675.933960 2025-12-08 00:24:12
13          8                     1692.521118 2025-12-08 00:24:13
14          8                     1709.338135 2025-12-08 00:24:14
15          8                     1726.360107 2025-12-08 00:24:15
16          8                     1743.560303 2025-12-08 00:24:16
17          8                     1760.909790 2025-12-08 00:24:17
18          8                     1778.376343 2025-12-08 00:24:18
19          8                     1795.927002 2025-12-08 00:24:19
20          8                     1813.525635 2025-12-08 00:24:20
21          8                     1831.135620 2025-12-08 00:24:21
22          8                     1848.718872 2025-12-08 00:24:22
23          8                     1866.236450 2025-12-08 00:24:23
24          8                     1883.649536 2025-12-08 00:24:24
25          8                     1900.918945 2025-12-08 00:24:25
26          8                     1918.006348 2025-12-08 00:24:26
27          8                     1934.874268 2025-12-08 00:24:27
28          8                     1951.486450 2025-12-08 00:24:28
29          8                     1967.808472 2025-12-08 00:24:29
30          8                     1983.808594 2025-12-08 00:24:30
31          8                     1999.457275 2025-12-08 00:24:31
32          8                     2014.727295 2025-12-08 00:24:32
33          8                     2029.594727 2025-12-08 00:24:33
34          8                     2044.038452 2025-12-08 00:24:34
35          8                     2058.041016 2025-12-08 00:24:35
36          8                     2071.587891 2025-12-08 00:24:36
37          8                     2084.667725 2025-12-08 00:24:37
38          8                     2097.271973 2025-12-08 00:24:38
39          8                     2109.395752 2025-12-08 00:24:39
40          8                     2121.036133 2025-12-08 00:24:40
41          8                     2132.193848 2025-12-08 00:24:41
42          8                     2142.871826 2025-12-08 00:24:42
43          8                     2153.074219 2025-12-08 00:24:43
44          8                     2162.808350 2025-12-08 00:24:44
45          8                     2172.082764 2025-12-08 00:24:45
46          8                     2180.907715 2025-12-08 00:24:46
47          8                     2189.293945 2025-12-08 00:24:47
48          8                     2197.254883 2025-12-08 00:24:48
49          8                     2204.803223 2025-12-08 00:24:49
50          8                     2211.953369 2025-12-08 00:24:50
51          8                     2218.719238 2025-12-08 00:24:51
52          8                     2225.116699 2025-12-08 00:24:52
53          8                     2231.159668 2025-12-08 00:24:53
54          8                     2236.863525 2025-12-08 00:24:54
55          8                     2242.243896 2025-12-08 00:24:55
56          8                     2247.315430 2025-12-08 00:24:56
57          8                     2252.092285 2025-12-08 00:24:57
58          8                     2256.589111 2025-12-08 00:24:58
59          8                     2260.820557 2025-12-08 00:24:59
Forecasted values inserted into database
Exiting forecasting script

No new messages received yet.Trying again...
No new messages received yet.Trying again...
No new messages received yet.Trying again...
No new messages received yet.Trying again...
No new messages received yet.Trying again...
No new messages received yet.Trying again...
No new messages received yet.Trying again...
No new messages received yet.Trying again...
No new messages received yet.Trying again...
No new messages received yet.Trying again...
No new messages received yet.Trying again...
No new messages received yet.Trying again...
No new messages received yet.Trying again...
No new messages received yet.Trying again...
No new messages received yet.Trying again...
No new messages received yet.Trying again...
No new messages received yet.Trying again...
No new messages received yet.Trying again...
No new messages received yet.Trying again...
No new messages received yet.Trying again...
No new messages received yet.Trying again...
No new messages received yet.Trying again...
No new messages received yet.Trying again...
No new messages received yet.Trying again...
No new messages received yet.Trying again...
No new messages received yet.Trying again...
No new messages received yet.Trying again...

Actual data inserted to database
Triggering forecasting with retrained model
Forecasting.py script logs
Database connection established
Value of --retrain flag: True

Forecasting for retrained model using device8/2025-12-08-00-10-00-2025-12-08-00-19-59-model/device8.keras and device8/2025-12-08-00-10-00-2025-12-08-00-19-59-model/scaler.save
Successfully downloaded model and scaler from S3

Actual values fetched from database
    sensor_id  sensor_energy_value    sensor_timestamp  message_delay
0           8               1465.9 2025-12-08 00:24:00        59181.0
1           8               1455.0 2025-12-08 00:24:01        58179.0
2           8               1458.7 2025-12-08 00:24:02        57179.0
3           8               1459.1 2025-12-08 00:24:03        56178.0
4           8               1462.2 2025-12-08 00:24:04        55177.0
5           8               1462.4 2025-12-08 00:24:05        54175.0
6           8               1460.8 2025-12-08 00:24:06        53173.0
7           8               1453.7 2025-12-08 00:24:07        52172.0
8           8               1457.3 2025-12-08 00:24:08        51172.0
9           8               1463.2 2025-12-08 00:24:09        50171.0
10          8               1458.0 2025-12-08 00:24:10        49170.0
11          8               1457.9 2025-12-08 00:24:11        48168.0
12          8               1457.1 2025-12-08 00:24:12        47167.0
13          8               1461.2 2025-12-08 00:24:13        46165.0
14          8               1460.0 2025-12-08 00:24:14        45164.0
15          8               1468.4 2025-12-08 00:24:15        44163.0
16          8               1461.3 2025-12-08 00:24:16        43162.0
17          8               1464.0 2025-12-08 00:24:17        42161.0
18          8               1467.0 2025-12-08 00:24:18        41160.0
19          8               1467.6 2025-12-08 00:24:19        40159.0
20          8               1469.0 2025-12-08 00:24:20        39156.0
21          8               1464.6 2025-12-08 00:24:21        38154.0
22          8               1463.7 2025-12-08 00:24:22        37153.0
23          8               1468.7 2025-12-08 00:24:23        36151.0
24          8               1463.4 2025-12-08 00:24:24        35149.0
25          8               1464.9 2025-12-08 00:24:25        34142.0
26          8               1466.3 2025-12-08 00:24:26        33141.0
27          8               1464.7 2025-12-08 00:24:27        32140.0
28          8               1466.5 2025-12-08 00:24:28        31138.0
29          8               1470.1 2025-12-08 00:24:29        30134.0
30          8               1463.5 2025-12-08 00:24:30        29132.0
31          8               1465.7 2025-12-08 00:24:31        28131.0
32          8               1470.9 2025-12-08 00:24:32        27130.0
33          8               1467.4 2025-12-08 00:24:33        26129.0
34          8               1470.3 2025-12-08 00:24:34        25129.0
35          8               1472.9 2025-12-08 00:24:35        24128.0
36          8               1471.8 2025-12-08 00:24:36        23127.0
37          8               1475.8 2025-12-08 00:24:37        22125.0
38          8               1473.2 2025-12-08 00:24:38        21123.0
39          8               1472.8 2025-12-08 00:24:39        20122.0
40          8               1471.7 2025-12-08 00:24:40        19121.0
41          8               1475.5 2025-12-08 00:24:41        18119.0
42          8               1474.0 2025-12-08 00:24:42        17118.0
43          8               1473.4 2025-12-08 00:24:43        16117.0
44          8               1475.3 2025-12-08 00:24:44        15116.0
45          8               1475.6 2025-12-08 00:24:45        14115.0
46          8               1480.5 2025-12-08 00:24:46        13114.0
47          8               1478.9 2025-12-08 00:24:47        12111.0
48          8               1476.1 2025-12-08 00:24:48        11108.0
49          8               1478.3 2025-12-08 00:24:49        10107.0
50          8               1479.1 2025-12-08 00:24:50         9104.0
51          8               1478.8 2025-12-08 00:24:51         8098.0
52          8               1305.7 2025-12-08 00:24:52         7095.0
53          8               1309.9 2025-12-08 00:24:53         6094.0
54          8               1318.1 2025-12-08 00:24:54         5092.0
55          8               1327.6 2025-12-08 00:24:55         4090.0
56          8               1288.4 2025-12-08 00:24:56         3089.0
57          8                579.8 2025-12-08 00:24:57         2084.0
58          8                578.6 2025-12-08 00:24:58         1070.0
59          8                585.3 2025-12-08 00:24:59           61.0
Forecasted values:
    sensor_id  sensor_energy_value_prediction    sensor_timestamp
0           8                      896.639526 2025-12-08 00:25:00
1           8                      881.298950 2025-12-08 00:25:01
2           8                      873.083252 2025-12-08 00:25:02
3           8                      868.116333 2025-12-08 00:25:03
4           8                      865.043152 2025-12-08 00:25:04
5           8                      863.008179 2025-12-08 00:25:05
6           8                      861.500488 2025-12-08 00:25:06
7           8                      860.228210 2025-12-08 00:25:07
8           8                      859.034607 2025-12-08 00:25:08
9           8                      857.843201 2025-12-08 00:25:09
10          8                      856.624451 2025-12-08 00:25:10
11          8                      855.373840 2025-12-08 00:25:11
12          8                      854.098633 2025-12-08 00:25:12
13          8                      852.811218 2025-12-08 00:25:13
14          8                      851.524353 2025-12-08 00:25:14
15          8                      850.249756 2025-12-08 00:25:15
16          8                      848.996826 2025-12-08 00:25:16
17          8                      847.772644 2025-12-08 00:25:17
18          8                      846.582397 2025-12-08 00:25:18
19          8                      845.429138 2025-12-08 00:25:19
20          8                      844.314819 2025-12-08 00:25:20
21          8                      843.240051 2025-12-08 00:25:21
22          8                      842.205017 2025-12-08 00:25:22
23          8                      841.209045 2025-12-08 00:25:23
24          8                      840.251221 2025-12-08 00:25:24
25          8                      839.330261 2025-12-08 00:25:25
26          8                      838.445129 2025-12-08 00:25:26
27          8                      837.594421 2025-12-08 00:25:27
28          8                      836.776855 2025-12-08 00:25:28
29          8                      835.991089 2025-12-08 00:25:29
30          8                      835.235962 2025-12-08 00:25:30
31          8                      834.510315 2025-12-08 00:25:31
32          8                      833.813049 2025-12-08 00:25:32
33          8                      833.143066 2025-12-08 00:25:33
34          8                      832.499451 2025-12-08 00:25:34
35          8                      831.881226 2025-12-08 00:25:35
36          8                      831.287537 2025-12-08 00:25:36
37          8                      830.717529 2025-12-08 00:25:37
38          8                      830.170410 2025-12-08 00:25:38
39          8                      829.645447 2025-12-08 00:25:39
40          8                      829.141907 2025-12-08 00:25:40
41          8                      828.658997 2025-12-08 00:25:41
42          8                      828.196167 2025-12-08 00:25:42
43          8                      827.752747 2025-12-08 00:25:43
44          8                      827.327942 2025-12-08 00:25:44
45          8                      826.921326 2025-12-08 00:25:45
46          8                      826.532288 2025-12-08 00:25:46
47          8                      826.160156 2025-12-08 00:25:47
48          8                      825.804382 2025-12-08 00:25:48
49          8                      825.464417 2025-12-08 00:25:49
50          8                      825.139709 2025-12-08 00:25:50
51          8                      824.829712 2025-12-08 00:25:51
52          8                      824.533875 2025-12-08 00:25:52
53          8                      824.251648 2025-12-08 00:25:53
54          8                      823.982544 2025-12-08 00:25:54
55          8                      823.726074 2025-12-08 00:25:55
56          8                      823.481689 2025-12-08 00:25:56
57          8                      823.248779 2025-12-08 00:25:57
58          8                      823.028320 2025-12-08 00:25:58
59          8                      822.818970 2025-12-08 00:25:59
Forecasted values inserted into database
Exiting forecasting script

No new messages received yet.Trying again...
No new messages received yet.Trying again...
No new messages received yet.Trying again...
No new messages received yet.Trying again...
No new messages received yet.Trying again...
No new messages received yet.Trying again...
No new messages received yet.Trying again...
No new messages received yet.Trying again...
No new messages received yet.Trying again...
No new messages received yet.Trying again...
No new messages received yet.Trying again...
No new messages received yet.Trying again...
No new messages received yet.Trying again...
No new messages received yet.Trying again...
No new messages received yet.Trying again...
No new messages received yet.Trying again...
No new messages received yet.Trying again...
No new messages received yet.Trying again...

Actual data inserted to database
Triggering forecasting with retrained model
Forecasting.py script logs
Database connection established
Value of --retrain flag: True

Forecasting for retrained model using device8/2025-12-08-00-10-00-2025-12-08-00-19-59-model/device8.keras and device8/2025-12-08-00-10-00-2025-12-08-00-19-59-model/scaler.save
Successfully downloaded model and scaler from S3

Actual values fetched from database
    sensor_id  sensor_energy_value    sensor_timestamp  message_delay
0           8                835.0 2025-12-08 00:25:00        59579.0
1           8                597.9 2025-12-08 00:25:01        58578.0
2           8                588.3 2025-12-08 00:25:02        57574.0
3           8                588.5 2025-12-08 00:25:03        56202.0
4           8                586.6 2025-12-08 00:25:04        55197.0
5           8                585.7 2025-12-08 00:25:05        54181.0
6           8                588.5 2025-12-08 00:25:06        53180.0
7           8                589.3 2025-12-08 00:25:07        52179.0
8           8                589.5 2025-12-08 00:25:08        51177.0
9           8                589.5 2025-12-08 00:25:09        50161.0
10          8                589.0 2025-12-08 00:25:10        49159.0
11          8                590.9 2025-12-08 00:25:11        48155.0
12          8                587.0 2025-12-08 00:25:12        47139.0
13          8                588.8 2025-12-08 00:25:13        46115.0
14          8                591.8 2025-12-08 00:25:14        45114.0
15          8                588.9 2025-12-08 00:25:15        44113.0
16          8                591.5 2025-12-08 00:25:16        43108.0
17          8                588.4 2025-12-08 00:25:17        42106.0
18          8                588.0 2025-12-08 00:25:18        41105.0
19          8                593.8 2025-12-08 00:25:19        40100.0
20          8                593.4 2025-12-08 00:25:20        39092.0
21          8                588.0 2025-12-08 00:25:21        38088.0
22          8                590.2 2025-12-08 00:25:22        37086.0
23          8                591.6 2025-12-08 00:25:23        36085.0
24          8                588.3 2025-12-08 00:25:24        35084.0
25          8                588.6 2025-12-08 00:25:25        34078.0
26          8                593.1 2025-12-08 00:25:26        33077.0
27          8                578.2 2025-12-08 00:25:27        32076.0
28          8                577.3 2025-12-08 00:25:28        31074.0
29          8                475.2 2025-12-08 00:25:29        30069.0
30          8                468.6 2025-12-08 00:25:30        29068.0
31          8                596.1 2025-12-08 00:25:31        28068.0
32          8                493.1 2025-12-08 00:25:32        27067.0
33          8                487.4 2025-12-08 00:25:33        26066.0
34          8                488.1 2025-12-08 00:25:34        25062.0
35          8                485.6 2025-12-08 00:25:35        24058.0
36          8                485.5 2025-12-08 00:25:36        23057.0
37          8                483.5 2025-12-08 00:25:37        22056.0
38          8                483.5 2025-12-08 00:25:38        21055.0
39          8                482.4 2025-12-08 00:25:39        20053.0
40          8                484.2 2025-12-08 00:25:40        19052.0
41          8                491.7 2025-12-08 00:25:41        18051.0
42          8                487.8 2025-12-08 00:25:42        17030.0
43          8                488.6 2025-12-08 00:25:43        16028.0
44          8                493.8 2025-12-08 00:25:44        15027.0
45          8                489.3 2025-12-08 00:25:45        14025.0
46          8                491.0 2025-12-08 00:25:46        13023.0
47          8                513.7 2025-12-08 00:25:47        12021.0
48          8                561.1 2025-12-08 00:25:48        11020.0
49          8                601.7 2025-12-08 00:25:49        10020.0
50          8                610.7 2025-12-08 00:25:50         9019.0
51          8                609.6 2025-12-08 00:25:51         8017.0
52          8                610.8 2025-12-08 00:25:52         7016.0
53          8                609.8 2025-12-08 00:25:53         6013.0
54          8                612.2 2025-12-08 00:25:54         5012.0
55          8                613.3 2025-12-08 00:25:55         4011.0
56          8                611.1 2025-12-08 00:25:56         3010.0
57          8                611.8 2025-12-08 00:25:57         2009.0
58          8                617.6 2025-12-08 00:25:58         1008.0
59          8                615.7 2025-12-08 00:25:59            7.0
Forecasted values:
    sensor_id  sensor_energy_value_prediction    sensor_timestamp
0           8                      728.147705 2025-12-08 00:26:00
1           8                      759.552917 2025-12-08 00:26:01
2           8                      790.941772 2025-12-08 00:26:02
3           8                      822.361755 2025-12-08 00:26:03
4           8                      852.785461 2025-12-08 00:26:04
5           8                      881.332153 2025-12-08 00:26:05
6           8                      907.355835 2025-12-08 00:26:06
7           8                      930.466736 2025-12-08 00:26:07
8           8                      950.520081 2025-12-08 00:26:08
9           8                      967.577637 2025-12-08 00:26:09
10          8                      981.848999 2025-12-08 00:26:10
11          8                      993.630676 2025-12-08 00:26:11
12          8                     1003.255005 2025-12-08 00:26:12
13          8                     1011.051880 2025-12-08 00:26:13
14          8                     1017.327881 2025-12-08 00:26:14
15          8                     1022.353638 2025-12-08 00:26:15
16          8                     1026.359985 2025-12-08 00:26:16
17          8                     1029.541016 2025-12-08 00:26:17
18          8                     1032.055054 2025-12-08 00:26:18
19          8                     1034.032104 2025-12-08 00:26:19
20          8                     1035.576904 2025-12-08 00:26:20
21          8                     1036.773315 2025-12-08 00:26:21
22          8                     1037.688599 2025-12-08 00:26:22
23          8                     1038.377075 2025-12-08 00:26:23
24          8                     1038.881958 2025-12-08 00:26:24
25          8                     1039.238037 2025-12-08 00:26:25
26          8                     1039.473022 2025-12-08 00:26:26
27          8                     1039.609741 2025-12-08 00:26:27
28          8                     1039.665649 2025-12-08 00:26:28
29          8                     1039.655640 2025-12-08 00:26:29
30          8                     1039.589478 2025-12-08 00:26:30
31          8                     1039.479248 2025-12-08 00:26:31
32          8                     1039.333984 2025-12-08 00:26:32
33          8                     1039.156616 2025-12-08 00:26:33
34          8                     1038.953491 2025-12-08 00:26:34
35          8                     1038.728760 2025-12-08 00:26:35
36          8                     1038.485474 2025-12-08 00:26:36
37          8                     1038.226196 2025-12-08 00:26:37
38          8                     1037.952881 2025-12-08 00:26:38
39          8                     1037.667236 2025-12-08 00:26:39
40          8                     1037.370483 2025-12-08 00:26:40
41          8                     1037.063599 2025-12-08 00:26:41
42          8                     1036.747437 2025-12-08 00:26:42
43          8                     1036.422607 2025-12-08 00:26:43
44          8                     1036.089355 2025-12-08 00:26:44
45          8                     1035.748291 2025-12-08 00:26:45
46          8                     1035.399658 2025-12-08 00:26:46
47          8                     1035.043457 2025-12-08 00:26:47
48          8                     1034.680054 2025-12-08 00:26:48
49          8                     1034.309448 2025-12-08 00:26:49
50          8                     1033.931519 2025-12-08 00:26:50
51          8                     1033.546631 2025-12-08 00:26:51
52          8                     1033.154541 2025-12-08 00:26:52
53          8                     1032.755249 2025-12-08 00:26:53
54          8                     1032.348755 2025-12-08 00:26:54
55          8                     1031.935059 2025-12-08 00:26:55
56          8                     1031.514160 2025-12-08 00:26:56
57          8                     1031.085938 2025-12-08 00:26:57
58          8                     1030.650269 2025-12-08 00:26:58
59          8                     1030.207031 2025-12-08 00:26:59
Forecasted values inserted into database
Exiting forecasting script

No new messages received yet.Trying again...
No new messages received yet.Trying again...
No new messages received yet.Trying again...
No new messages received yet.Trying again...
No new messages received yet.Trying again...
No new messages received yet.Trying again...
No new messages received yet.Trying again...
No new messages received yet.Trying again...
No new messages received yet.Trying again...
No new messages received yet.Trying again...
No new messages received yet.Trying again...
No new messages received yet.Trying again...
No new messages received yet.Trying again...
No new messages received yet.Trying again...
No new messages received yet.Trying again...
No new messages received yet.Trying again...
No new messages received yet.Trying again...
No new messages received yet.Trying again...
No new messages received yet.Trying again...
No new messages received yet.Trying again...
No new messages received yet.Trying again...
No new messages received yet.Trying again...
No new messages received yet.Trying again...
No new messages received yet.Trying again...
No new messages received yet.Trying again...
No new messages received yet.Trying again...

Actual data inserted to database
Triggering forecasting with retrained model
Forecasting.py script logs
Database connection established
Value of --retrain flag: True

Forecasting for retrained model using device8/2025-12-08-00-10-00-2025-12-08-00-19-59-model/device8.keras and device8/2025-12-08-00-10-00-2025-12-08-00-19-59-model/scaler.save
Successfully downloaded model and scaler from S3

Actual values fetched from database
    sensor_id  sensor_energy_value    sensor_timestamp  message_delay
0           8                615.7 2025-12-08 00:26:00        59116.0
1           8                616.1 2025-12-08 00:26:01        58114.0
2           8                616.8 2025-12-08 00:26:02        57113.0
3           8                616.3 2025-12-08 00:26:03        56112.0
4           8                617.9 2025-12-08 00:26:04        55112.0
5           8                616.6 2025-12-08 00:26:05        54111.0
6           8                615.2 2025-12-08 00:26:06        53109.0
7           8                616.8 2025-12-08 00:26:07        52108.0
8           8                617.5 2025-12-08 00:26:08        51107.0
9           8                615.7 2025-12-08 00:26:09        50106.0
10          8                617.7 2025-12-08 00:26:10        49105.0
11          8                615.4 2025-12-08 00:26:11        48099.0
12          8                616.1 2025-12-08 00:26:12        47098.0
13          8                618.6 2025-12-08 00:26:13        46097.0
14          8                619.3 2025-12-08 00:26:14        45094.0
15          8                616.7 2025-12-08 00:26:15        44093.0
16          8                622.7 2025-12-08 00:26:16        43089.0
17          8                616.2 2025-12-08 00:26:17        42088.0
18          8                614.3 2025-12-08 00:26:18        41087.0
19          8                620.4 2025-12-08 00:26:19        40085.0
20          8                627.3 2025-12-08 00:26:20        39083.0
21          8                626.8 2025-12-08 00:26:21        38081.0
22          8                617.5 2025-12-08 00:26:22        37078.0
23          8                629.5 2025-12-08 00:26:23        36075.0
24          8                613.9 2025-12-08 00:26:24        35074.0
25          8                617.3 2025-12-08 00:26:25        34073.0
26          8                623.3 2025-12-08 00:26:26        33072.0
27          8                620.4 2025-12-08 00:26:27        32071.0
28          8                620.7 2025-12-08 00:26:28        31070.0
29          8                621.5 2025-12-08 00:26:29        30069.0
30          8                617.3 2025-12-08 00:26:30        29067.0
31          8                617.9 2025-12-08 00:26:31        28066.0
32          8                616.1 2025-12-08 00:26:32        27065.0
33          8                618.0 2025-12-08 00:26:33        26063.0
34          8                618.1 2025-12-08 00:26:34        25062.0
35          8                618.9 2025-12-08 00:26:35        24061.0
36          8                617.0 2025-12-08 00:26:36        23061.0
37          8                617.7 2025-12-08 00:26:37        22060.0
38          8                620.5 2025-12-08 00:26:38        21057.0
39          8                616.7 2025-12-08 00:26:39        20049.0
40          8                616.4 2025-12-08 00:26:40        19045.0
41          8                616.6 2025-12-08 00:26:41        18044.0
42          8                616.8 2025-12-08 00:26:42        17039.0
43          8                620.7 2025-12-08 00:26:43        16038.0
44          8                622.0 2025-12-08 00:26:44        15037.0
45          8                619.5 2025-12-08 00:26:45        14036.0
46          8                617.8 2025-12-08 00:26:46        13035.0
47          8                619.7 2025-12-08 00:26:47        12034.0
48          8                617.2 2025-12-08 00:26:48        11032.0
49          8                626.3 2025-12-08 00:26:49        10030.0
50          8                618.7 2025-12-08 00:26:50         9028.0
51          8                617.9 2025-12-08 00:26:51         8027.0
52          8                618.2 2025-12-08 00:26:52         7026.0
53          8                617.6 2025-12-08 00:26:53         6024.0
54          8                619.4 2025-12-08 00:26:54         5023.0
55          8                627.9 2025-12-08 00:26:55         4022.0
56          8                620.1 2025-12-08 00:26:56         3014.0
57          8                619.6 2025-12-08 00:26:57         2012.0
58          8                618.8 2025-12-08 00:26:58         1010.0
59          8                617.0 2025-12-08 00:26:59            8.0
Forecasted values:
    sensor_id  sensor_energy_value_prediction    sensor_timestamp
0           8                      670.036438 2025-12-08 00:27:00
1           8                      684.430725 2025-12-08 00:27:01
2           8                      699.652710 2025-12-08 00:27:02
3           8                      715.589294 2025-12-08 00:27:03
4           8                      731.868713 2025-12-08 00:27:04
5           8                      748.159668 2025-12-08 00:27:05
6           8                      764.173462 2025-12-08 00:27:06
7           8                      779.661438 2025-12-08 00:27:07
8           8                      794.415283 2025-12-08 00:27:08
9           8                      808.268799 2025-12-08 00:27:09
10          8                      821.099731 2025-12-08 00:27:10
11          8                      832.828857 2025-12-08 00:27:11
12          8                      843.417847 2025-12-08 00:27:12
13          8                      852.864197 2025-12-08 00:27:13
14          8                      861.195679 2025-12-08 00:27:14
15          8                      868.462646 2025-12-08 00:27:15
16          8                      874.731995 2025-12-08 00:27:16
17          8                      880.081055 2025-12-08 00:27:17
18          8                      884.591492 2025-12-08 00:27:18
19          8                      888.346375 2025-12-08 00:27:19
20          8                      891.426270 2025-12-08 00:27:20
21          8                      893.908020 2025-12-08 00:27:21
22          8                      895.862305 2025-12-08 00:27:22
23          8                      897.354004 2025-12-08 00:27:23
24          8                      898.441833 2025-12-08 00:27:24
25          8                      899.177673 2025-12-08 00:27:25
26          8                      899.608154 2025-12-08 00:27:26
27          8                      899.774109 2025-12-08 00:27:27
28          8                      899.711304 2025-12-08 00:27:28
29          8                      899.450989 2025-12-08 00:27:29
30          8                      899.020630 2025-12-08 00:27:30
31          8                      898.443909 2025-12-08 00:27:31
32          8                      897.741516 2025-12-08 00:27:32
33          8                      896.931458 2025-12-08 00:27:33
34          8                      896.029419 2025-12-08 00:27:34
35          8                      895.048889 2025-12-08 00:27:35
36          8                      894.001648 2025-12-08 00:27:36
37          8                      892.897888 2025-12-08 00:27:37
38          8                      891.746643 2025-12-08 00:27:38
39          8                      890.555542 2025-12-08 00:27:39
40          8                      889.331482 2025-12-08 00:27:40
41          8                      888.080322 2025-12-08 00:27:41
42          8                      886.807373 2025-12-08 00:27:42
43          8                      885.516907 2025-12-08 00:27:43
44          8                      884.213135 2025-12-08 00:27:44
45          8                      882.899414 2025-12-08 00:27:45
46          8                      881.578918 2025-12-08 00:27:46
47          8                      880.254395 2025-12-08 00:27:47
48          8                      878.928101 2025-12-08 00:27:48
49          8                      877.602478 2025-12-08 00:27:49
50          8                      876.279175 2025-12-08 00:27:50
51          8                      874.960205 2025-12-08 00:27:51
52          8                      873.646851 2025-12-08 00:27:52
53          8                      872.340698 2025-12-08 00:27:53
54          8                      871.042847 2025-12-08 00:27:54
55          8                      869.754578 2025-12-08 00:27:55
56          8                      868.476807 2025-12-08 00:27:56
57          8                      867.210693 2025-12-08 00:27:57
58          8                      865.956787 2025-12-08 00:27:58
59          8                      864.716125 2025-12-08 00:27:59
Forecasted values inserted into database
Exiting forecasting script

No new messages received yet.Trying again...
No new messages received yet.Trying again...
No new messages received yet.Trying again...
No new messages received yet.Trying again...
No new messages received yet.Trying again...
No new messages received yet.Trying again...
No new messages received yet.Trying again...
No new messages received yet.Trying again...
No new messages received yet.Trying again...
No new messages received yet.Trying again...
No new messages received yet.Trying again...
No new messages received yet.Trying again...
No new messages received yet.Trying again...
No new messages received yet.Trying again...
No new messages received yet.Trying again...
No new messages received yet.Trying again...
No new messages received yet.Trying again...
No new messages received yet.Trying again...
No new messages received yet.Trying again...
No new messages received yet.Trying again...
No new messages received yet.Trying again...
No new messages received yet.Trying again...
No new messages received yet.Trying again...
No new messages received yet.Trying again...
No new messages received yet.Trying again...
No new messages received yet.Trying again...
No new messages received yet.Trying again...

Actual data inserted to database
Triggering forecasting with retrained model
Forecasting.py script logs
Database connection established
Value of --retrain flag: True

Forecasting for retrained model using device8/2025-12-08-00-10-00-2025-12-08-00-19-59-model/device8.keras and device8/2025-12-08-00-10-00-2025-12-08-00-19-59-model/scaler.save
Successfully downloaded model and scaler from S3

Actual values fetched from database
    sensor_id  sensor_energy_value    sensor_timestamp  message_delay
0           8                629.5 2025-12-08 00:27:00        59134.0
1           8                624.9 2025-12-08 00:27:01        58129.0
2           8                621.8 2025-12-08 00:27:02        57128.0
3           8                622.7 2025-12-08 00:27:03        56127.0
4           8                632.1 2025-12-08 00:27:04        55125.0
5           8                620.4 2025-12-08 00:27:05        54121.0
6           8                618.8 2025-12-08 00:27:06        53119.0
7           8                623.8 2025-12-08 00:27:07        52116.0
8           8                618.0 2025-12-08 00:27:08        51114.0
9           8                615.6 2025-12-08 00:27:09        50113.0
10          8                618.5 2025-12-08 00:27:10        49112.0
11          8                616.4 2025-12-08 00:27:11        48110.0
12          8                616.0 2025-12-08 00:27:12        47108.0
13          8                616.6 2025-12-08 00:27:13        46106.0
14          8                620.4 2025-12-08 00:27:14        45103.0
15          8                616.9 2025-12-08 00:27:15        44101.0
16          8                615.6 2025-12-08 00:27:16        43099.0
17          8                621.0 2025-12-08 00:27:17        42096.0
18          8                619.5 2025-12-08 00:27:18        41094.0
19          8                625.3 2025-12-08 00:27:19        40090.0
20          8                623.5 2025-12-08 00:27:20        39088.0
21          8                618.5 2025-12-08 00:27:21        38088.0
22          8                617.2 2025-12-08 00:27:22        37086.0
23          8                619.6 2025-12-08 00:27:23        36084.0
24          8                619.5 2025-12-08 00:27:24        35082.0
25          8                618.2 2025-12-08 00:27:25        34081.0
26          8                619.5 2025-12-08 00:27:26        33080.0
27          8                621.2 2025-12-08 00:27:27        32079.0
28          8                623.0 2025-12-08 00:27:28        31077.0
29          8                625.4 2025-12-08 00:27:29        30075.0
30          8                624.3 2025-12-08 00:27:30        29074.0
31          8                625.8 2025-12-08 00:27:31        28073.0
32          8                625.6 2025-12-08 00:27:32        27071.0
33          8                625.6 2025-12-08 00:27:33        26070.0
34          8                623.6 2025-12-08 00:27:34        25068.0
35          8                623.7 2025-12-08 00:27:35        24066.0
36          8                621.3 2025-12-08 00:27:36        23065.0
37          8                622.7 2025-12-08 00:27:37        22064.0
38          8                624.4 2025-12-08 00:27:38        21060.0
39          8                621.9 2025-12-08 00:27:39        20056.0
40          8                623.0 2025-12-08 00:27:40        19055.0
41          8                623.0 2025-12-08 00:27:41        18053.0
42          8                628.4 2025-12-08 00:27:42        17052.0
43          8                620.1 2025-12-08 00:27:43        16046.0
44          8                619.9 2025-12-08 00:27:44        15044.0
45          8                615.0 2025-12-08 00:27:45        14043.0
46          8                615.3 2025-12-08 00:27:46        13042.0
47          8                619.0 2025-12-08 00:27:47        12041.0
48          8                619.4 2025-12-08 00:27:48        11039.0
49          8                620.3 2025-12-08 00:27:49        10038.0
50          8                623.7 2025-12-08 00:27:50         9036.0
51          8                616.7 2025-12-08 00:27:51         8035.0
52          8                618.6 2025-12-08 00:27:52         7034.0
53          8                616.6 2025-12-08 00:27:53         6033.0
54          8                616.7 2025-12-08 00:27:54         5031.0
55          8                619.7 2025-12-08 00:27:55         4027.0
56          8                616.9 2025-12-08 00:27:56         3025.0
57          8                615.7 2025-12-08 00:27:57         2021.0
58          8                617.6 2025-12-08 00:27:58         1019.0
59          8                618.3 2025-12-08 00:27:59           18.0
Forecasted values:
    sensor_id  sensor_energy_value_prediction    sensor_timestamp
0           8                      667.364075 2025-12-08 00:28:00
1           8                      681.729858 2025-12-08 00:28:01
2           8                      696.959534 2025-12-08 00:28:02
3           8                      712.921265 2025-12-08 00:28:03
4           8                      729.251770 2025-12-08 00:28:04
5           8                      745.624451 2025-12-08 00:28:05
6           8                      761.751587 2025-12-08 00:28:06
7           8                      777.382690 2025-12-08 00:28:07
8           8                      792.305176 2025-12-08 00:28:08
9           8                      806.347046 2025-12-08 00:28:09
10          8                      819.379272 2025-12-08 00:28:10
11          8                      831.316162 2025-12-08 00:28:11
12          8                      842.112793 2025-12-08 00:28:12
13          8                      851.761658 2025-12-08 00:28:13
14          8                      860.285828 2025-12-08 00:28:14
15          8                      867.733093 2025-12-08 00:28:15
16          8                      874.168274 2025-12-08 00:28:16
17          8                      879.667542 2025-12-08 00:28:17
18          8                      884.312744 2025-12-08 00:28:18
19          8                      888.187317 2025-12-08 00:28:19
20          8                      891.372681 2025-12-08 00:28:20
21          8                      893.946533 2025-12-08 00:28:21
22          8                      895.980835 2025-12-08 00:28:22
23          8                      897.541809 2025-12-08 00:28:23
24          8                      898.689148 2025-12-08 00:28:24
25          8                      899.476379 2025-12-08 00:28:25
26          8                      899.950684 2025-12-08 00:28:26
27          8                      900.153992 2025-12-08 00:28:27
28          8                      900.122925 2025-12-08 00:28:28
29          8                      899.889709 2025-12-08 00:28:29
30          8                      899.481995 2025-12-08 00:28:30
31          8                      898.924377 2025-12-08 00:28:31
32          8                      898.237915 2025-12-08 00:28:32
33          8                      897.441162 2025-12-08 00:28:33
34          8                      896.549866 2025-12-08 00:28:34
35          8                      895.578064 2025-12-08 00:28:35
36          8                      894.537842 2025-12-08 00:28:36
37          8                      893.439514 2025-12-08 00:28:37
38          8                      892.292358 2025-12-08 00:28:38
39          8                      891.104187 2025-12-08 00:28:39
40          8                      889.882019 2025-12-08 00:28:40
41          8                      888.631897 2025-12-08 00:28:41
42          8                      887.358887 2025-12-08 00:28:42
43          8                      886.067932 2025-12-08 00:28:43
44          8                      884.763000 2025-12-08 00:28:44
45          8                      883.447510 2025-12-08 00:28:45
46          8                      882.124634 2025-12-08 00:28:46
47          8                      880.797424 2025-12-08 00:28:47
48          8                      879.468140 2025-12-08 00:28:48
49          8                      878.138855 2025-12-08 00:28:49
50          8                      876.811829 2025-12-08 00:28:50
51          8                      875.488525 2025-12-08 00:28:51
52          8                      874.170776 2025-12-08 00:28:52
53          8                      872.859802 2025-12-08 00:28:53
54          8                      871.556946 2025-12-08 00:28:54
55          8                      870.263428 2025-12-08 00:28:55
56          8                      868.980225 2025-12-08 00:28:56
57          8                      867.708374 2025-12-08 00:28:57
58          8                      866.448608 2025-12-08 00:28:58
59          8                      865.201965 2025-12-08 00:28:59
Forecasted values inserted into database
Exiting forecasting script

No new messages received yet.Trying again...
No new messages received yet.Trying again...
No new messages received yet.Trying again...
No new messages received yet.Trying again...
No new messages received yet.Trying again...
No new messages received yet.Trying again...
No new messages received yet.Trying again...
No new messages received yet.Trying again...
No new messages received yet.Trying again...
No new messages received yet.Trying again...
No new messages received yet.Trying again...
No new messages received yet.Trying again...
No new messages received yet.Trying again...
No new messages received yet.Trying again...
No new messages received yet.Trying again...
No new messages received yet.Trying again...

Actual data inserted to database
Triggering forecasting with retrained model
Forecasting.py script logs
Database connection established
Value of --retrain flag: True

Forecasting for retrained model using device8/2025-12-08-00-10-00-2025-12-08-00-19-59-model/device8.keras and device8/2025-12-08-00-10-00-2025-12-08-00-19-59-model/scaler.save
Successfully downloaded model and scaler from S3

Actual values fetched from database
    sensor_id  sensor_energy_value    sensor_timestamp  message_delay
0           8                633.2 2025-12-08 00:28:00        59885.0
1           8                617.9 2025-12-08 00:28:01        58884.0
2           8                618.0 2025-12-08 00:28:02        57882.0
3           8                618.2 2025-12-08 00:28:03        56881.0
4           8                618.5 2025-12-08 00:28:04        55878.0
5           8                632.6 2025-12-08 00:28:05        54878.0
6           8                619.9 2025-12-08 00:28:06        53877.0
7           8                619.5 2025-12-08 00:28:07        52875.0
8           8                620.7 2025-12-08 00:28:08        51874.0
9           8                616.9 2025-12-08 00:28:09        50872.0
10          8                620.5 2025-12-08 00:28:10        49871.0
11          8                621.5 2025-12-08 00:28:11        48849.0
12          8                618.9 2025-12-08 00:28:12        47844.0
13          8                618.4 2025-12-08 00:28:13        46844.0
14          8                618.9 2025-12-08 00:28:14        45591.0
15          8                616.4 2025-12-08 00:28:15        44590.0
16          8                619.1 2025-12-08 00:28:16        43584.0
17          8                616.9 2025-12-08 00:28:17        42583.0
18          8                616.9 2025-12-08 00:28:18        41581.0
19          8                623.8 2025-12-08 00:28:19        40544.0
20          8                622.0 2025-12-08 00:28:20        39513.0
21          8                616.9 2025-12-08 00:28:21        38316.0
22          8                617.5 2025-12-08 00:28:22        37314.0
23          8                620.6 2025-12-08 00:28:23        36308.0
24          8                617.5 2025-12-08 00:28:24        35139.0
25          8                617.0 2025-12-08 00:28:25        34137.0
26          8                615.3 2025-12-08 00:28:26        33112.0
27          8                616.8 2025-12-08 00:28:27        32110.0
28          8                618.9 2025-12-08 00:28:28        31108.0
29          8                629.0 2025-12-08 00:28:29        30100.0
30          8                614.8 2025-12-08 00:28:30        29096.0
31          8                616.8 2025-12-08 00:28:31        28093.0
32          8                616.7 2025-12-08 00:28:32        27090.0
33          8                612.3 2025-12-08 00:28:33        26087.0
34          8                616.5 2025-12-08 00:28:34        25085.0
35          8                617.2 2025-12-08 00:28:35        24078.0
36          8                615.1 2025-12-08 00:28:36        23076.0
37          8                616.5 2025-12-08 00:28:37        22073.0
38          8                617.6 2025-12-08 00:28:38        21067.0
39          8                615.9 2025-12-08 00:28:39        20066.0
40          8                620.7 2025-12-08 00:28:40        19064.0
41          8                616.0 2025-12-08 00:28:41        18060.0
42          8                616.5 2025-12-08 00:28:42        17054.0
43          8                619.6 2025-12-08 00:28:43        16052.0
44          8                618.0 2025-12-08 00:28:44        15043.0
45          8                617.6 2025-12-08 00:28:45        14042.0
46          8                616.1 2025-12-08 00:28:46        13039.0
47          8                621.0 2025-12-08 00:28:47        12038.0
48          8                614.0 2025-12-08 00:28:48        11037.0
49          8                617.2 2025-12-08 00:28:49        10035.0
50          8                614.8 2025-12-08 00:28:50         9035.0
51          8                613.9 2025-12-08 00:28:51         8034.0
52          8                618.5 2025-12-08 00:28:52         7032.0
53          8                616.1 2025-12-08 00:28:53         6027.0
54          8                619.8 2025-12-08 00:28:54         5026.0
55          8                617.7 2025-12-08 00:28:55         4024.0
56          8                617.7 2025-12-08 00:28:56         3023.0
57          8                617.2 2025-12-08 00:28:57         2022.0
58          8                617.2 2025-12-08 00:28:58         1016.0
59          8                618.2 2025-12-08 00:28:59           15.0
Forecasted values:
    sensor_id  sensor_energy_value_prediction    sensor_timestamp
0           8                      669.280029 2025-12-08 00:29:00
1           8                      684.114380 2025-12-08 00:29:01
2           8                      699.787781 2025-12-08 00:29:02
3           8                      716.172546 2025-12-08 00:29:03
4           8                      732.891113 2025-12-08 00:29:04
5           8                      749.604736 2025-12-08 00:29:05
6           8                      766.016968 2025-12-08 00:29:06
7           8                      781.871094 2025-12-08 00:29:07
8           8                      796.952393 2025-12-08 00:29:08
9           8                      811.090271 2025-12-08 00:29:09
10          8                      824.159973 2025-12-08 00:29:10
11          8                      836.082336 2025-12-08 00:29:11
12          8                      846.820923 2025-12-08 00:29:12
13          8                      856.376831 2025-12-08 00:29:13
14          8                      864.782349 2025-12-08 00:29:14
15          8                      872.093323 2025-12-08 00:29:15
16          8                      878.381897 2025-12-08 00:29:16
17          8                      883.730164 2025-12-08 00:29:17
18          8                      888.224548 2025-12-08 00:29:18
19          8                      891.952148 2025-12-08 00:29:19
20          8                      894.996887 2025-12-08 00:29:20
21          8                      897.437866 2025-12-08 00:29:21
22          8                      899.348145 2025-12-08 00:29:22
23          8                      900.794312 2025-12-08 00:29:23
24          8                      901.836182 2025-12-08 00:29:24
25          8                      902.526794 2025-12-08 00:29:25
26          8                      902.912964 2025-12-08 00:29:26
27          8                      903.035950 2025-12-08 00:29:27
28          8                      902.931824 2025-12-08 00:29:28
29          8                      902.632141 2025-12-08 00:29:29
30          8                      902.164185 2025-12-08 00:29:30
31          8                      901.551575 2025-12-08 00:29:31
32          8                      900.814941 2025-12-08 00:29:32
33          8                      899.972107 2025-12-08 00:29:33
34          8                      899.038635 2025-12-08 00:29:34
35          8                      898.027832 2025-12-08 00:29:35
36          8                      896.951477 2025-12-08 00:29:36
37          8                      895.819519 2025-12-08 00:29:37
38          8                      894.640869 2025-12-08 00:29:38
39          8                      893.422974 2025-12-08 00:29:39
40          8                      892.172546 2025-12-08 00:29:40
41          8                      890.895447 2025-12-08 00:29:41
42          8                      889.596619 2025-12-08 00:29:42
43          8                      888.280640 2025-12-08 00:29:43
44          8                      886.951294 2025-12-08 00:29:44
45          8                      885.611938 2025-12-08 00:29:45
46          8                      884.265686 2025-12-08 00:29:46
47          8                      882.915222 2025-12-08 00:29:47
48          8                      881.562866 2025-12-08 00:29:48
49          8                      880.210693 2025-12-08 00:29:49
50          8                      878.860596 2025-12-08 00:29:50
51          8                      877.514343 2025-12-08 00:29:51
52          8                      876.173401 2025-12-08 00:29:52
53          8                      874.839111 2025-12-08 00:29:53
54          8                      873.512756 2025-12-08 00:29:54
55          8                      872.195374 2025-12-08 00:29:55
56          8                      870.888245 2025-12-08 00:29:56
57          8                      869.591980 2025-12-08 00:29:57
58          8                      868.307617 2025-12-08 00:29:58
59          8                      867.035950 2025-12-08 00:29:59
Forecasted values inserted into database
Exiting forecasting script

No new messages received yet.Trying again...
No new messages received yet.Trying again...
No new messages received yet.Trying again...
No new messages received yet.Trying again...
No new messages received yet.Trying again...
No new messages received yet.Trying again...
No new messages received yet.Trying again...
No new messages received yet.Trying again...
No new messages received yet.Trying again...
No new messages received yet.Trying again...
No new messages received yet.Trying again...
No new messages received yet.Trying again...
No new messages received yet.Trying again...
No new messages received yet.Trying again...
No new messages received yet.Trying again...
No new messages received yet.Trying again...
No new messages received yet.Trying again...
No new messages received yet.Trying again...
2026-05-16 10:22:42.220 INFO  [132372685125312] ConsumerStatsImpl:59 | Consumer [persistent://public/default/device8_model_consume, pythonSubscription, 0] , ConsumerStatsImpl (numBytesRecieved_ = 14328, totalNumBytesRecieved_ = 42792, receivedMsgMap_ = {[Key: Ok, Value: 597], [Key: TimeOut, Value: 225], }, ackedMsgMap_ = {[Key: {Result: Ok, ackType: 0}, Value: 597], }, totalReceivedMsgMap_ = {[Key: Ok, Value: 1783], [Key: TimeOut, Value: 843], }, totalAckedMsgMap_ = {[Key: {Result: Ok, ackType: 0}, Value: 1783], })
No new messages received yet.Trying again...
No new messages received yet.Trying again...
No new messages received yet.Trying again...
No new messages received yet.Trying again...
No new messages received yet.Trying again...
No new messages received yet.Trying again...
No new messages received yet.Trying again...
No new messages received yet.Trying again...
No new messages received yet.Trying again...

Actual data inserted to database
Triggering retrain for window beetween 00:20:00 and 00:29:59
lasttimestamp is  2025-12-08 00:29:59
retrain.py completed successfully:
Database connection established
Retraining model for device device8 with data from table device8_actualvalues between timestamps 2025-12-08-00-20-00 and 2025-12-08-00-29-59...
Epoch 1/200

[1m1/8[0m [32m━━[0m[37m━━━━━━━━━━━━━━━━━━[0m [1m11s[0m 2s/step - loss: 1.6085
[1m4/8[0m [32m━━━━━━━━━━[0m[37m━━━━━━━━━━[0m [1m0s[0m 17ms/step - loss: 1.4926
[1m8/8[0m [32m━━━━━━━━━━━━━━━━━━━━[0m[37m[0m [1m0s[0m 15ms/step - loss: 1.4158
[1m8/8[0m [32m━━━━━━━━━━━━━━━━━━━━[0m[37m[0m [1m2s[0m 19ms/step - loss: 1.2978
Epoch 2/200

[1m1/8[0m [32m━━[0m[37m━━━━━━━━━━━━━━━━━━[0m [1m0s[0m 45ms/step - loss: 0.9828
[1m5/8[0m [32m━━━━━━━━━━━━[0m[37m━━━━━━━━[0m [1m0s[0m 16ms/step - loss: 0.9316
[1m8/8[0m [32m━━━━━━━━━━━━━━━━━━━━[0m[37m[0m [1m0s[0m 20ms/step - loss: 0.8224
Epoch 3/200

[1m1/8[0m [32m━━[0m[37m━━━━━━━━━━━━━━━━━━[0m [1m0s[0m 60ms/step - loss: 0.6056
[1m4/8[0m [32m━━━━━━━━━━[0m[37m━━━━━━━━━━[0m [1m0s[0m 17ms/step - loss: 0.5729
[1m7/8[0m [32m━━━━━━━━━━━━━━━━━[0m[37m━━━[0m [1m0s[0m 18ms/step - loss: 0.5408
[1m8/8[0m [32m━━━━━━━━━━━━━━━━━━━━[0m[37m[0m [1m0s[0m 24ms/step - loss: 0.4657
Epoch 4/200

[1m1/8[0m [32m━━[0m[37m━━━━━━━━━━━━━━━━━━[0m [1m0s[0m 79ms/step - loss: 0.3001
[1m5/8[0m [32m━━━━━━━━━━━━[0m[37m━━━━━━━━[0m [1m0s[0m 16ms/step - loss: 0.2692
[1m8/8[0m [32m━━━━━━━━━━━━━━━━━━━━[0m[37m[0m [1m0s[0m 21ms/step - loss: 0.2007
Epoch 5/200

[1m1/8[0m [32m━━[0m[37m━━━━━━━━━━━━━━━━━━[0m [1m0s[0m 56ms/step - loss: 0.0834
[1m5/8[0m [32m━━━━━━━━━━━━[0m[37m━━━━━━━━[0m [1m0s[0m 16ms/step - loss: 0.0608
[1m8/8[0m [32m━━━━━━━━━━━━━━━━━━━━[0m[37m[0m [1m0s[0m 21ms/step - loss: 0.0450
Epoch 6/200

[1m1/8[0m [32m━━[0m[37m━━━━━━━━━━━━━━━━━━[0m [1m0s[0m 49ms/step - loss: 0.0330
[1m5/8[0m [32m━━━━━━━━━━━━[0m[37m━━━━━━━━[0m [1m0s[0m 15ms/step - loss: 0.0361
[1m8/8[0m [32m━━━━━━━━━━━━━━━━━━━━[0m[37m[0m [1m0s[0m 18ms/step - loss: 0.0378
Epoch 7/200

[1m1/8[0m [32m━━[0m[37m━━━━━━━━━━━━━━━━━━[0m [1m0s[0m 46ms/step - loss: 0.0478
[1m4/8[0m [32m━━━━━━━━━━[0m[37m━━━━━━━━━━[0m [1m0s[0m 19ms/step - loss: 0.0371
[1m8/8[0m [32m━━━━━━━━━━━━━━━━━━━━[0m[37m[0m [1m0s[0m 18ms/step - loss: 0.0322
[1m8/8[0m [32m━━━━━━━━━━━━━━━━━━━━[0m[37m[0m [1m0s[0m 23ms/step - loss: 0.0245
Epoch 8/200

[1m1/8[0m [32m━━[0m[37m━━━━━━━━━━━━━━━━━━[0m [1m0s[0m 51ms/step - loss: 0.0147
[1m5/8[0m [32m━━━━━━━━━━━━[0m[37m━━━━━━━━[0m [1m0s[0m 18ms/step - loss: 0.0196
[1m8/8[0m [32m━━━━━━━━━━━━━━━━━━━━[0m[37m[0m [1m0s[0m 21ms/step - loss: 0.0244
Epoch 9/200

[1m1/8[0m [32m━━[0m[37m━━━━━━━━━━━━━━━━━━[0m [1m0s[0m 46ms/step - loss: 0.0717
[1m5/8[0m [32m━━━━━━━━━━━━[0m[37m━━━━━━━━[0m [1m0s[0m 16ms/step - loss: 0.0433
[1m8/8[0m [32m━━━━━━━━━━━━━━━━━━━━[0m[37m[0m [1m0s[0m 21ms/step - loss: 0.0234
Epoch 10/200

[1m1/8[0m [32m━━[0m[37m━━━━━━━━━━━━━━━━━━[0m [1m0s[0m 43ms/step - loss: 0.0123
[1m5/8[0m [32m━━━━━━━━━━━━[0m[37m━━━━━━━━[0m [1m0s[0m 14ms/step - loss: 0.0242
[1m8/8[0m [32m━━━━━━━━━━━━━━━━━━━━[0m[37m[0m [1m0s[0m 20ms/step - loss: 0.0184
Epoch 11/200

[1m1/8[0m [32m━━[0m[37m━━━━━━━━━━━━━━━━━━[0m [1m0s[0m 52ms/step - loss: 0.0110
[1m5/8[0m [32m━━━━━━━━━━━━[0m[37m━━━━━━━━[0m [1m0s[0m 16ms/step - loss: 0.0233
[1m8/8[0m [32m━━━━━━━━━━━━━━━━━━━━[0m[37m[0m [1m0s[0m 19ms/step - loss: 0.0208
Epoch 12/200

[1m1/8[0m [32m━━[0m[37m━━━━━━━━━━━━━━━━━━[0m [1m0s[0m 45ms/step - loss: 0.0099
[1m5/8[0m [32m━━━━━━━━━━━━[0m[37m━━━━━━━━[0m [1m0s[0m 15ms/step - loss: 0.0179
[1m8/8[0m [32m━━━━━━━━━━━━━━━━━━━━[0m[37m[0m [1m0s[0m 20ms/step - loss: 0.0213
Epoch 13/200

[1m1/8[0m [32m━━[0m[37m━━━━━━━━━━━━━━━━━━[0m [1m0s[0m 56ms/step - loss: 0.0103
[1m4/8[0m [32m━━━━━━━━━━[0m[37m━━━━━━━━━━[0m [1m0s[0m 20ms/step - loss: 0.0163
[1m7/8[0m [32m━━━━━━━━━━━━━━━━━[0m[37m━━━[0m [1m0s[0m 22ms/step - loss: 0.0175
[1m8/8[0m [32m━━━━━━━━━━━━━━━━━━━━[0m[37m[0m [1m0s[0m 26ms/step - loss: 0.0207
Epoch 14/200

[1m1/8[0m [32m━━[0m[37m━━━━━━━━━━━━━━━━━━[0m [1m0s[0m 56ms/step - loss: 0.0115
[1m5/8[0m [32m━━━━━━━━━━━━[0m[37m━━━━━━━━[0m [1m0s[0m 15ms/step - loss: 0.0115
[1m8/8[0m [32m━━━━━━━━━━━━━━━━━━━━[0m[37m[0m [1m0s[0m 17ms/step - loss: 0.0197
Epoch 15/200

[1m1/8[0m [32m━━[0m[37m━━━━━━━━━━━━━━━━━━[0m [1m0s[0m 45ms/step - loss: 0.0074
[1m5/8[0m [32m━━━━━━━━━━━━[0m[37m━━━━━━━━[0m [1m0s[0m 13ms/step - loss: 0.0137
[1m8/8[0m [32m━━━━━━━━━━━━━━━━━━━━[0m[37m[0m [1m0s[0m 17ms/step - loss: 0.0211
Epoch 16/200

[1m1/8[0m [32m━━[0m[37m━━━━━━━━━━━━━━━━━━[0m [1m0s[0m 42ms/step - loss: 0.0047
[1m5/8[0m [32m━━━━━━━━━━━━[0m[37m━━━━━━━━[0m [1m0s[0m 15ms/step - loss: 0.0107
[1m8/8[0m [32m━━━━━━━━━━━━━━━━━━━━[0m[37m[0m [1m0s[0m 19ms/step - loss: 0.0191
Epoch 17/200

[1m1/8[0m [32m━━[0m[37m━━━━━━━━━━━━━━━━━━[0m [1m0s[0m 46ms/step - loss: 0.0422
[1m3/8[0m [32m━━━━━━━[0m[37m━━━━━━━━━━━━━[0m [1m0s[0m 32ms/step - loss: 0.0315
[1m5/8[0m [32m━━━━━━━━━━━━[0m[37m━━━━━━━━[0m [1m0s[0m 31ms/step - loss: 0.0266
[1m8/8[0m [32m━━━━━━━━━━━━━━━━━━━━[0m[37m[0m [1m0s[0m 28ms/step - loss: 0.0199
Epoch 18/200

[1m1/8[0m [32m━━[0m[37m━━━━━━━━━━━━━━━━━━[0m [1m0s[0m 46ms/step - loss: 0.0049
[1m5/8[0m [32m━━━━━━━━━━━━[0m[37m━━━━━━━━[0m [1m0s[0m 16ms/step - loss: 0.0089
[1m8/8[0m [32m━━━━━━━━━━━━━━━━━━━━[0m[37m[0m [1m0s[0m 21ms/step - loss: 0.0207
Epoch 19/200

[1m1/8[0m [32m━━[0m[37m━━━━━━━━━━━━━━━━━━[0m [1m0s[0m 52ms/step - loss: 0.0362
[1m5/8[0m [32m━━━━━━━━━━━━[0m[37m━━━━━━━━[0m [1m0s[0m 15ms/step - loss: 0.0284
[1m8/8[0m [32m━━━━━━━━━━━━━━━━━━━━[0m[37m[0m [1m0s[0m 20ms/step - loss: 0.0210
Epoch 20/200

[1m1/8[0m [32m━━[0m[37m━━━━━━━━━━━━━━━━━━[0m [1m0s[0m 51ms/step - loss: 0.0108
[1m5/8[0m [32m━━━━━━━━━━━━[0m[37m━━━━━━━━[0m [1m0s[0m 15ms/step - loss: 0.0191
[1m8/8[0m [32m━━━━━━━━━━━━━━━━━━━━[0m[37m[0m [1m0s[0m 19ms/step - loss: 0.0225
Epoch 21/200

[1m1/8[0m [32m━━[0m[37m━━━━━━━━━━━━━━━━━━[0m [1m0s[0m 44ms/step - loss: 0.0314
[1m5/8[0m [32m━━━━━━━━━━━━[0m[37m━━━━━━━━[0m [1m0s[0m 16ms/step - loss: 0.0220
[1m8/8[0m [32m━━━━━━━━━━━━━━━━━━━━[0m[37m[0m [1m0s[0m 19ms/step - loss: 0.0187
Epoch 22/200

[1m1/8[0m [32m━━[0m[37m━━━━━━━━━━━━━━━━━━[0m [1m0s[0m 42ms/step - loss: 0.0289
[1m5/8[0m [32m━━━━━━━━━━━━[0m[37m━━━━━━━━[0m [1m0s[0m 15ms/step - loss: 0.0269
[1m8/8[0m [32m━━━━━━━━━━━━━━━━━━━━[0m[37m[0m [1m0s[0m 18ms/step - loss: 0.0197
Epoch 23/200

[1m1/8[0m [32m━━[0m[37m━━━━━━━━━━━━━━━━━━[0m [1m0s[0m 43ms/step - loss: 0.0660
[1m5/8[0m [32m━━━━━━━━━━━━[0m[37m━━━━━━━━[0m [1m0s[0m 15ms/step - loss: 0.0420
[1m8/8[0m [32m━━━━━━━━━━━━━━━━━━━━[0m[37m[0m [1m0s[0m 18ms/step - loss: 0.0205
Epoch 24/200

[1m1/8[0m [32m━━[0m[37m━━━━━━━━━━━━━━━━━━[0m [1m0s[0m 42ms/step - loss: 0.0114
[1m4/8[0m [32m━━━━━━━━━━[0m[37m━━━━━━━━━━[0m [1m0s[0m 19ms/step - loss: 0.0128
[1m7/8[0m [32m━━━━━━━━━━━━━━━━━[0m[37m━━━[0m [1m0s[0m 18ms/step - loss: 0.0164
[1m8/8[0m [32m━━━━━━━━━━━━━━━━━━━━[0m[37m[0m [1m0s[0m 27ms/step - loss: 0.0209
Epoch 25/200

[1m1/8[0m [32m━━[0m[37m━━━━━━━━━━━━━━━━━━[0m [1m0s[0m 69ms/step - loss: 0.0048
[1m4/8[0m [32m━━━━━━━━━━[0m[37m━━━━━━━━━━[0m [1m0s[0m 18ms/step - loss: 0.0173
[1m7/8[0m [32m━━━━━━━━━━━━━━━━━[0m[37m━━━[0m [1m0s[0m 19ms/step - loss: 0.0195
[1m8/8[0m [32m━━━━━━━━━━━━━━━━━━━━[0m[37m[0m [1m0s[0m 23ms/step - loss: 0.0188
Epoch 26/200

[1m1/8[0m [32m━━[0m[37m━━━━━━━━━━━━━━━━━━[0m [1m0s[0m 51ms/step - loss: 0.0354
[1m4/8[0m [32m━━━━━━━━━━[0m[37m━━━━━━━━━━[0m [1m0s[0m 19ms/step - loss: 0.0288
[1m8/8[0m [32m━━━━━━━━━━━━━━━━━━━━[0m[37m[0m [1m0s[0m 17ms/step - loss: 0.0250
[1m8/8[0m [32m━━━━━━━━━━━━━━━━━━━━[0m[37m[0m [1m0s[0m 20ms/step - loss: 0.0190
Epoch 27/200

[1m1/8[0m [32m━━[0m[37m━━━━━━━━━━━━━━━━━━[0m [1m0s[0m 41ms/step - loss: 0.0090
[1m5/8[0m [32m━━━━━━━━━━━━[0m[37m━━━━━━━━[0m [1m0s[0m 15ms/step - loss: 0.0108
[1m8/8[0m [32m━━━━━━━━━━━━━━━━━━━━[0m[37m[0m [1m0s[0m 18ms/step - loss: 0.0179
Epoch 28/200

[1m1/8[0m [32m━━[0m[37m━━━━━━━━━━━━━━━━━━[0m [1m0s[0m 41ms/step - loss: 0.0399
[1m5/8[0m [32m━━━━━━━━━━━━[0m[37m━━━━━━━━[0m [1m0s[0m 16ms/step - loss: 0.0316
[1m8/8[0m [32m━━━━━━━━━━━━━━━━━━━━[0m[37m[0m [1m0s[0m 19ms/step - loss: 0.0218
Epoch 29/200

[1m1/8[0m [32m━━[0m[37m━━━━━━━━━━━━━━━━━━[0m [1m0s[0m 41ms/step - loss: 0.0100
[1m4/8[0m [32m━━━━━━━━━━[0m[37m━━━━━━━━━━[0m [1m0s[0m 17ms/step - loss: 0.0093
[1m8/8[0m [32m━━━━━━━━━━━━━━━━━━━━[0m[37m[0m [1m0s[0m 15ms/step - loss: 0.0135
[1m8/8[0m [32m━━━━━━━━━━━━━━━━━━━━[0m[37m[0m [1m0s[0m 20ms/step - loss: 0.0198
Epoch 30/200

[1m1/8[0m [32m━━[0m[37m━━━━━━━━━━━━━━━━━━[0m [1m0s[0m 52ms/step - loss: 0.0088
[1m5/8[0m [32m━━━━━━━━━━━━[0m[37m━━━━━━━━[0m [1m0s[0m 15ms/step - loss: 0.0103
[1m8/8[0m [32m━━━━━━━━━━━━━━━━━━━━[0m[37m[0m [1m0s[0m 20ms/step - loss: 0.0194
Epoch 31/200

[1m1/8[0m [32m━━[0m[37m━━━━━━━━━━━━━━━━━━[0m [1m0s[0m 56ms/step - loss: 0.0055
[1m5/8[0m [32m━━━━━━━━━━━━[0m[37m━━━━━━━━[0m [1m0s[0m 14ms/step - loss: 0.0158
[1m8/8[0m [32m━━━━━━━━━━━━━━━━━━━━[0m[37m[0m [1m0s[0m 17ms/step - loss: 0.0181
Epoch 32/200

[1m1/8[0m [32m━━[0m[37m━━━━━━━━━━━━━━━━━━[0m [1m0s[0m 43ms/step - loss: 0.0060
[1m5/8[0m [32m━━━━━━━━━━━━[0m[37m━━━━━━━━[0m [1m0s[0m 16ms/step - loss: 0.0108
[1m8/8[0m [32m━━━━━━━━━━━━━━━━━━━━[0m[37m[0m [1m0s[0m 16ms/step - loss: 0.0131
[1m8/8[0m [32m━━━━━━━━━━━━━━━━━━━━[0m[37m[0m [1m0s[0m 20ms/step - loss: 0.0193
Epoch 33/200

[1m1/8[0m [32m━━[0m[37m━━━━━━━━━━━━━━━━━━[0m [1m0s[0m 86ms/step - loss: 0.0119
[1m4/8[0m [32m━━━━━━━━━━[0m[37m━━━━━━━━━━[0m [1m0s[0m 22ms/step - loss: 0.0223
[1m7/8[0m [32m━━━━━━━━━━━━━━━━━[0m[37m━━━[0m [1m0s[0m 20ms/step - loss: 0.0232
[1m8/8[0m [32m━━━━━━━━━━━━━━━━━━━━[0m[37m[0m [1m0s[0m 24ms/step - loss: 0.0209
Epoch 34/200

[1m1/8[0m [32m━━[0m[37m━━━━━━━━━━━━━━━━━━[0m [1m0s[0m 51ms/step - loss: 0.0058
[1m4/8[0m [32m━━━━━━━━━━[0m[37m━━━━━━━━━━[0m [1m0s[0m 20ms/step - loss: 0.0091
[1m8/8[0m [32m━━━━━━━━━━━━━━━━━━━━[0m[37m[0m [1m0s[0m 17ms/step - loss: 0.0136
[1m8/8[0m [32m━━━━━━━━━━━━━━━━━━━━[0m[37m[0m [1m0s[0m 22ms/step - loss: 0.0182
Epoch 35/200

[1m1/8[0m [32m━━[0m[37m━━━━━━━━━━━━━━━━━━[0m [1m0s[0m 51ms/step - loss: 0.0361
[1m5/8[0m [32m━━━━━━━━━━━━[0m[37m━━━━━━━━[0m [1m0s[0m 14ms/step - loss: 0.0220
[1m8/8[0m [32m━━━━━━━━━━━━━━━━━━━━[0m[37m[0m [1m0s[0m 18ms/step - loss: 0.0183
Epoch 36/200

[1m1/8[0m [32m━━[0m[37m━━━━━━━━━━━━━━━━━━[0m [1m0s[0m 43ms/step - loss: 0.0074
[1m5/8[0m [32m━━━━━━━━━━━━[0m[37m━━━━━━━━[0m [1m0s[0m 14ms/step - loss: 0.0156
[1m8/8[0m [32m━━━━━━━━━━━━━━━━━━━━[0m[37m[0m [1m0s[0m 17ms/step - loss: 0.0179
Epoch 37/200

[1m1/8[0m [32m━━[0m[37m━━━━━━━━━━━━━━━━━━[0m [1m0s[0m 44ms/step - loss: 0.0407
[1m5/8[0m [32m━━━━━━━━━━━━[0m[37m━━━━━━━━[0m [1m0s[0m 15ms/step - loss: 0.0256
[1m8/8[0m [32m━━━━━━━━━━━━━━━━━━━━[0m[37m[0m [1m0s[0m 19ms/step - loss: 0.0200
Epoch 38/200

[1m1/8[0m [32m━━[0m[37m━━━━━━━━━━━━━━━━━━[0m [1m0s[0m 51ms/step - loss: 0.0053
[1m5/8[0m [32m━━━━━━━━━━━━[0m[37m━━━━━━━━[0m [1m0s[0m 17ms/step - loss: 0.0160
[1m8/8[0m [32m━━━━━━━━━━━━━━━━━━━━[0m[37m[0m [1m0s[0m 20ms/step - loss: 0.0176
Epoch 39/200

[1m1/8[0m [32m━━[0m[37m━━━━━━━━━━━━━━━━━━[0m [1m0s[0m 42ms/step - loss: 0.0037
[1m4/8[0m [32m━━━━━━━━━━[0m[37m━━━━━━━━━━[0m [1m0s[0m 17ms/step - loss: 0.0158
[1m8/8[0m [32m━━━━━━━━━━━━━━━━━━━━[0m[37m[0m [1m0s[0m 15ms/step - loss: 0.0164
[1m8/8[0m [32m━━━━━━━━━━━━━━━━━━━━[0m[37m[0m [1m0s[0m 20ms/step - loss: 0.0176
Epoch 40/200

[1m1/8[0m [32m━━[0m[37m━━━━━━━━━━━━━━━━━━[0m [1m0s[0m 49ms/step - loss: 0.0065
[1m5/8[0m [32m━━━━━━━━━━━━[0m[37m━━━━━━━━[0m [1m0s[0m 15ms/step - loss: 0.0127
[1m8/8[0m [32m━━━━━━━━━━━━━━━━━━━━[0m[37m[0m [1m0s[0m 19ms/step - loss: 0.0182
Epoch 41/200

[1m1/8[0m [32m━━[0m[37m━━━━━━━━━━━━━━━━━━[0m [1m0s[0m 49ms/step - loss: 0.0067
[1m5/8[0m [32m━━━━━━━━━━━━[0m[37m━━━━━━━━[0m [1m0s[0m 16ms/step - loss: 0.0178
[1m8/8[0m [32m━━━━━━━━━━━━━━━━━━━━[0m[37m[0m [1m0s[0m 19ms/step - loss: 0.0149
Epoch 42/200

[1m1/8[0m [32m━━[0m[37m━━━━━━━━━━━━━━━━━━[0m [1m0s[0m 40ms/step - loss: 0.0328
[1m5/8[0m [32m━━━━━━━━━━━━[0m[37m━━━━━━━━[0m [1m0s[0m 15ms/step - loss: 0.0243
[1m8/8[0m [32m━━━━━━━━━━━━━━━━━━━━[0m[37m[0m [1m0s[0m 16ms/step - loss: 0.0220
[1m8/8[0m [32m━━━━━━━━━━━━━━━━━━━━[0m[37m[0m [1m0s[0m 20ms/step - loss: 0.0168
Epoch 43/200

[1m1/8[0m [32m━━[0m[37m━━━━━━━━━━━━━━━━━━[0m [1m0s[0m 48ms/step - loss: 0.0062
[1m5/8[0m [32m━━━━━━━━━━━━[0m[37m━━━━━━━━[0m [1m0s[0m 15ms/step - loss: 0.0159
[1m8/8[0m [32m━━━━━━━━━━━━━━━━━━━━[0m[37m[0m [1m0s[0m 19ms/step - loss: 0.0167
Epoch 44/200

[1m1/8[0m [32m━━[0m[37m━━━━━━━━━━━━━━━━━━[0m [1m0s[0m 44ms/step - loss: 0.0039
[1m4/8[0m [32m━━━━━━━━━━[0m[37m━━━━━━━━━━[0m [1m0s[0m 17ms/step - loss: 0.0060
[1m8/8[0m [32m━━━━━━━━━━━━━━━━━━━━[0m[37m[0m [1m0s[0m 16ms/step - loss: 0.0105
[1m8/8[0m [32m━━━━━━━━━━━━━━━━━━━━[0m[37m[0m [1m0s[0m 21ms/step - loss: 0.0150
Epoch 45/200

[1m1/8[0m [32m━━[0m[37m━━━━━━━━━━━━━━━━━━[0m [1m0s[0m 49ms/step - loss: 0.0279
[1m4/8[0m [32m━━━━━━━━━━[0m[37m━━━━━━━━━━[0m [1m0s[0m 17ms/step - loss: 0.0242
[1m8/8[0m [32m━━━━━━━━━━━━━━━━━━━━[0m[37m[0m [1m0s[0m 16ms/step - loss: 0.0219
[1m8/8[0m [32m━━━━━━━━━━━━━━━━━━━━[0m[37m[0m [1m0s[0m 19ms/step - loss: 0.0172
Epoch 46/200

[1m1/8[0m [32m━━[0m[37m━━━━━━━━━━━━━━━━━━[0m [1m0s[0m 42ms/step - loss: 0.0334
[1m5/8[0m [32m━━━━━━━━━━━━[0m[37m━━━━━━━━[0m [1m0s[0m 15ms/step - loss: 0.0206
[1m8/8[0m [32m━━━━━━━━━━━━━━━━━━━━[0m[37m[0m [1m0s[0m 19ms/step - loss: 0.0169
Epoch 47/200

[1m1/8[0m [32m━━[0m[37m━━━━━━━━━━━━━━━━━━[0m [1m0s[0m 42ms/step - loss: 0.0329
[1m5/8[0m [32m━━━━━━━━━━━━[0m[37m━━━━━━━━[0m [1m0s[0m 15ms/step - loss: 0.0300
[1m8/8[0m [32m━━━━━━━━━━━━━━━━━━━━[0m[37m[0m [1m0s[0m 19ms/step - loss: 0.0168
Epoch 48/200

[1m1/8[0m [32m━━[0m[37m━━━━━━━━━━━━━━━━━━[0m [1m0s[0m 51ms/step - loss: 0.0282
[1m5/8[0m [32m━━━━━━━━━━━━[0m[37m━━━━━━━━[0m [1m0s[0m 16ms/step - loss: 0.0166
[1m8/8[0m [32m━━━━━━━━━━━━━━━━━━━━[0m[37m[0m [1m0s[0m 19ms/step - loss: 0.0149
Epoch 49/200

[1m1/8[0m [32m━━[0m[37m━━━━━━━━━━━━━━━━━━[0m [1m0s[0m 42ms/step - loss: 0.0041
[1m5/8[0m [32m━━━━━━━━━━━━[0m[37m━━━━━━━━[0m [1m0s[0m 15ms/step - loss: 0.0057
[1m8/8[0m [32m━━━━━━━━━━━━━━━━━━━━[0m[37m[0m [1m0s[0m 20ms/step - loss: 0.0153
Epoch 50/200

[1m1/8[0m [32m━━[0m[37m━━━━━━━━━━━━━━━━━━[0m [1m0s[0m 55ms/step - loss: 0.0304
[1m4/8[0m [32m━━━━━━━━━━[0m[37m━━━━━━━━━━[0m [1m0s[0m 22ms/step - loss: 0.0214
[1m6/8[0m [32m━━━━━━━━━━━━━━━[0m[37m━━━━━[0m [1m0s[0m 26ms/step - loss: 0.0195
[1m8/8[0m [32m━━━━━━━━━━━━━━━━━━━━[0m[37m[0m [1m0s[0m 30ms/step - loss: 0.0154
Epoch 51/200

[1m1/8[0m [32m━━[0m[37m━━━━━━━━━━━━━━━━━━[0m [1m0s[0m 57ms/step - loss: 0.0079
[1m3/8[0m [32m━━━━━━━[0m[37m━━━━━━━━━━━━━[0m [1m0s[0m 46ms/step - loss: 0.0068
[1m5/8[0m [32m━━━━━━━━━━━━[0m[37m━━━━━━━━[0m [1m0s[0m 44ms/step - loss: 0.0067
[1m7/8[0m [32m━━━━━━━━━━━━━━━━━[0m[37m━━━[0m [1m0s[0m 42ms/step - loss: 0.0089
[1m8/8[0m [32m━━━━━━━━━━━━━━━━━━━━[0m[37m[0m [1m0s[0m 46ms/step - loss: 0.0169
Epoch 52/200

[1m1/8[0m [32m━━[0m[37m━━━━━━━━━━━━━━━━━━[0m [1m0s[0m 60ms/step - loss: 0.0318
[1m4/8[0m [32m━━━━━━━━━━[0m[37m━━━━━━━━━━[0m [1m0s[0m 19ms/step - loss: 0.0198
[1m8/8[0m [32m━━━━━━━━━━━━━━━━━━━━[0m[37m[0m [1m0s[0m 16ms/step - loss: 0.0173
[1m8/8[0m [32m━━━━━━━━━━━━━━━━━━━━[0m[37m[0m [1m0s[0m 19ms/step - loss: 0.0158
Epoch 53/200

[1m1/8[0m [32m━━[0m[37m━━━━━━━━━━━━━━━━━━[0m [1m0s[0m 38ms/step - loss: 0.0068
[1m4/8[0m [32m━━━━━━━━━━[0m[37m━━━━━━━━━━[0m [1m0s[0m 19ms/step - loss: 0.0069
[1m8/8[0m [32m━━━━━━━━━━━━━━━━━━━━[0m[37m[0m [1m0s[0m 17ms/step - loss: 0.0096
[1m8/8[0m [32m━━━━━━━━━━━━━━━━━━━━[0m[37m[0m [1m0s[0m 22ms/step - loss: 0.0162
Epoch 54/200

[1m1/8[0m [32m━━[0m[37m━━━━━━━━━━━━━━━━━━[0m [1m0s[0m 44ms/step - loss: 0.0291
[1m4/8[0m [32m━━━━━━━━━━[0m[37m━━━━━━━━━━[0m [1m0s[0m 19ms/step - loss: 0.0189
[1m8/8[0m [32m━━━━━━━━━━━━━━━━━━━━[0m[37m[0m [1m0s[0m 19ms/step - loss: 0.0173
[1m8/8[0m [32m━━━━━━━━━━━━━━━━━━━━[0m[37m[0m [1m0s[0m 22ms/step - loss: 0.0152
Epoch 55/200

[1m1/8[0m [32m━━[0m[37m━━━━━━━━━━━━━━━━━━[0m [1m0s[0m 47ms/step - loss: 0.0078
[1m5/8[0m [32m━━━━━━━━━━━━[0m[37m━━━━━━━━[0m [1m0s[0m 17ms/step - loss: 0.0082
[1m8/8[0m [32m━━━━━━━━━━━━━━━━━━━━[0m[37m[0m [1m0s[0m 21ms/step - loss: 0.0168
Epoch 56/200

[1m1/8[0m [32m━━[0m[37m━━━━━━━━━━━━━━━━━━[0m [1m0s[0m 54ms/step - loss: 0.0058
[1m5/8[0m [32m━━━━━━━━━━━━[0m[37m━━━━━━━━[0m [1m0s[0m 17ms/step - loss: 0.0205
[1m8/8[0m [32m━━━━━━━━━━━━━━━━━━━━[0m[37m[0m [1m0s[0m 19ms/step - loss: 0.0161
Epoch 57/200

[1m1/8[0m [32m━━[0m[37m━━━━━━━━━━━━━━━━━━[0m [1m0s[0m 58ms/step - loss: 0.0045
[1m4/8[0m [32m━━━━━━━━━━[0m[37m━━━━━━━━━━[0m [1m0s[0m 25ms/step - loss: 0.0074
[1m7/8[0m [32m━━━━━━━━━━━━━━━━━[0m[37m━━━[0m [1m0s[0m 22ms/step - loss: 0.0088
[1m8/8[0m [32m━━━━━━━━━━━━━━━━━━━━[0m[37m[0m [1m0s[0m 24ms/step - loss: 0.0164
Epoch 58/200

[1m1/8[0m [32m━━[0m[37m━━━━━━━━━━━━━━━━━━[0m [1m0s[0m 44ms/step - loss: 0.0290
[1m4/8[0m [32m━━━━━━━━━━[0m[37m━━━━━━━━━━[0m [1m0s[0m 19ms/step - loss: 0.0203
[1m7/8[0m [32m━━━━━━━━━━━━━━━━━[0m[37m━━━[0m [1m0s[0m 19ms/step - loss: 0.0198
[1m8/8[0m [32m━━━━━━━━━━━━━━━━━━━━[0m[37m[0m [1m0s[0m 22ms/step - loss: 0.0166
Epoch 59/200

[1m1/8[0m [32m━━[0m[37m━━━━━━━━━━━━━━━━━━[0m [1m0s[0m 40ms/step - loss: 0.0063
[1m4/8[0m [32m━━━━━━━━━━[0m[37m━━━━━━━━━━[0m [1m0s[0m 18ms/step - loss: 0.0187
[1m7/8[0m [32m━━━━━━━━━━━━━━━━━[0m[37m━━━[0m [1m0s[0m 18ms/step - loss: 0.0184
[1m8/8[0m [32m━━━━━━━━━━━━━━━━━━━━[0m[37m[0m [1m0s[0m 25ms/step - loss: 0.0163
Epoch 60/200

[1m1/8[0m [32m━━[0m[37m━━━━━━━━━━━━━━━━━━[0m [1m0s[0m 48ms/step - loss: 0.0076
[1m5/8[0m [32m━━━━━━━━━━━━[0m[37m━━━━━━━━[0m [1m0s[0m 16ms/step - loss: 0.0096
[1m8/8[0m [32m━━━━━━━━━━━━━━━━━━━━[0m[37m[0m [1m0s[0m 19ms/step - loss: 0.0166
Epoch 61/200

[1m1/8[0m [32m━━[0m[37m━━━━━━━━━━━━━━━━━━[0m [1m0s[0m 46ms/step - loss: 0.0055
[1m5/8[0m [32m━━━━━━━━━━━━[0m[37m━━━━━━━━[0m [1m0s[0m 15ms/step - loss: 0.0058
[1m8/8[0m [32m━━━━━━━━━━━━━━━━━━━━[0m[37m[0m [1m0s[0m 18ms/step - loss: 0.0144
Epoch 62/200

[1m1/8[0m [32m━━[0m[37m━━━━━━━━━━━━━━━━━━[0m [1m0s[0m 46ms/step - loss: 0.0301
[1m4/8[0m [32m━━━━━━━━━━[0m[37m━━━━━━━━━━[0m [1m0s[0m 19ms/step - loss: 0.0185
[1m7/8[0m [32m━━━━━━━━━━━━━━━━━[0m[37m━━━[0m [1m0s[0m 18ms/step - loss: 0.0174
[1m8/8[0m [32m━━━━━━━━━━━━━━━━━━━━[0m[37m[0m [1m0s[0m 22ms/step - loss: 0.0151
Epoch 63/200

[1m1/8[0m [32m━━[0m[37m━━━━━━━━━━━━━━━━━━[0m [1m0s[0m 51ms/step - loss: 0.0039
[1m4/8[0m [32m━━━━━━━━━━[0m[37m━━━━━━━━━━[0m [1m0s[0m 19ms/step - loss: 0.0112
[1m7/8[0m [32m━━━━━━━━━━━━━━━━━[0m[37m━━━[0m [1m0s[0m 18ms/step - loss: 0.0127
[1m8/8[0m [32m━━━━━━━━━━━━━━━━━━━━[0m[37m[0m [1m0s[0m 23ms/step - loss: 0.0161
Epoch 64/200

[1m1/8[0m [32m━━[0m[37m━━━━━━━━━━━━━━━━━━[0m [1m0s[0m 50ms/step - loss: 0.0065
[1m5/8[0m [32m━━━━━━━━━━━━[0m[37m━━━━━━━━[0m [1m0s[0m 16ms/step - loss: 0.0129
[1m8/8[0m [32m━━━━━━━━━━━━━━━━━━━━[0m[37m[0m [1m0s[0m 20ms/step - loss: 0.0154
Epoch 65/200

[1m1/8[0m [32m━━[0m[37m━━━━━━━━━━━━━━━━━━[0m [1m0s[0m 47ms/step - loss: 0.0308
[1m5/8[0m [32m━━━━━━━━━━━━[0m[37m━━━━━━━━[0m [1m0s[0m 13ms/step - loss: 0.0175
[1m8/8[0m [32m━━━━━━━━━━━━━━━━━━━━[0m[37m[0m [1m0s[0m 18ms/step - loss: 0.0154
Epoch 66/200

[1m1/8[0m [32m━━[0m[37m━━━━━━━━━━━━━━━━━━[0m [1m0s[0m 43ms/step - loss: 0.0041
[1m5/8[0m [32m━━━━━━━━━━━━[0m[37m━━━━━━━━[0m [1m0s[0m 14ms/step - loss: 0.0138
[1m8/8[0m [32m━━━━━━━━━━━━━━━━━━━━[0m[37m[0m [1m0s[0m 18ms/step - loss: 0.0161
Epoch 67/200

[1m1/8[0m [32m━━[0m[37m━━━━━━━━━━━━━━━━━━[0m [1m0s[0m 45ms/step - loss: 0.0065
[1m4/8[0m [32m━━━━━━━━━━[0m[37m━━━━━━━━━━[0m [1m0s[0m 18ms/step - loss: 0.0070
[1m8/8[0m [32m━━━━━━━━━━━━━━━━━━━━[0m[37m[0m [1m0s[0m 17ms/step - loss: 0.0111
[1m8/8[0m [32m━━━━━━━━━━━━━━━━━━━━[0m[37m[0m [1m0s[0m 21ms/step - loss: 0.0155
Epoch 68/200

[1m1/8[0m [32m━━[0m[37m━━━━━━━━━━━━━━━━━━[0m [1m0s[0m 100ms/step - loss: 0.0059
[1m4/8[0m [32m━━━━━━━━━━[0m[37m━━━━━━━━━━[0m [1m0s[0m 20ms/step - loss: 0.0147 
[1m6/8[0m [32m━━━━━━━━━━━━━━━[0m[37m━━━━━[0m [1m0s[0m 23ms/step - loss: 0.0163
[1m7/8[0m [32m━━━━━━━━━━━━━━━━━[0m[37m━━━[0m [1m0s[0m 30ms/step - loss: 0.0162
[1m8/8[0m [32m━━━━━━━━━━━━━━━━━━━━[0m[37m[0m [1m0s[0m 37ms/step - loss: 0.0161
Epoch 69/200

[1m1/8[0m [32m━━[0m[37m━━━━━━━━━━━━━━━━━━[0m [1m0s[0m 51ms/step - loss: 0.0265
[1m4/8[0m [32m━━━━━━━━━━[0m[37m━━━━━━━━━━[0m [1m0s[0m 18ms/step - loss: 0.0180
[1m8/8[0m [32m━━━━━━━━━━━━━━━━━━━━[0m[37m[0m [1m0s[0m 17ms/step - loss: 0.0166
[1m8/8[0m [32m━━━━━━━━━━━━━━━━━━━━[0m[37m[0m [1m0s[0m 22ms/step - loss: 0.0145
Epoch 70/200

[1m1/8[0m [32m━━[0m[37m━━━━━━━━━━━━━━━━━━[0m [1m0s[0m 49ms/step - loss: 0.0055
[1m5/8[0m [32m━━━━━━━━━━━━[0m[37m━━━━━━━━[0m [1m0s[0m 15ms/step - loss: 0.0103
[1m8/8[0m [32m━━━━━━━━━━━━━━━━━━━━[0m[37m[0m [1m0s[0m 18ms/step - loss: 0.0146
Epoch 71/200

[1m1/8[0m [32m━━[0m[37m━━━━━━━━━━━━━━━━━━[0m [1m0s[0m 44ms/step - loss: 0.0312
[1m5/8[0m [32m━━━━━━━━━━━━[0m[37m━━━━━━━━[0m [1m0s[0m 15ms/step - loss: 0.0202
[1m8/8[0m [32m━━━━━━━━━━━━━━━━━━━━[0m[37m[0m [1m0s[0m 19ms/step - loss: 0.0154
Epoch 72/200

[1m1/8[0m [32m━━[0m[37m━━━━━━━━━━━━━━━━━━[0m [1m0s[0m 45ms/step - loss: 0.0326
[1m4/8[0m [32m━━━━━━━━━━[0m[37m━━━━━━━━━━[0m [1m0s[0m 18ms/step - loss: 0.0210
[1m6/8[0m [32m━━━━━━━━━━━━━━━[0m[37m━━━━━[0m [1m0s[0m 22ms/step - loss: 0.0203
[1m8/8[0m [32m━━━━━━━━━━━━━━━━━━━━[0m[37m[0m [1m0s[0m 26ms/step - loss: 0.0155
Epoch 73/200

[1m1/8[0m [32m━━[0m[37m━━━━━━━━━━━━━━━━━━[0m [1m0s[0m 56ms/step - loss: 0.0365
[1m3/8[0m [32m━━━━━━━[0m[37m━━━━━━━━━━━━━[0m [1m0s[0m 26ms/step - loss: 0.0287
[1m5/8[0m [32m━━━━━━━━━━━━[0m[37m━━━━━━━━[0m [1m0s[0m 28ms/step - loss: 0.0257
[1m7/8[0m [32m━━━━━━━━━━━━━━━━━[0m[37m━━━[0m [1m0s[0m 27ms/step - loss: 0.0229
[1m8/8[0m [32m━━━━━━━━━━━━━━━━━━━━[0m[37m[0m [1m0s[0m 32ms/step - loss: 0.0145
Epoch 74/200

[1m1/8[0m [32m━━[0m[37m━━━━━━━━━━━━━━━━━━[0m [1m0s[0m 90ms/step - loss: 0.0281
[1m4/8[0m [32m━━━━━━━━━━[0m[37m━━━━━━━━━━[0m [1m0s[0m 21ms/step - loss: 0.0189
[1m6/8[0m [32m━━━━━━━━━━━━━━━[0m[37m━━━━━[0m [1m0s[0m 23ms/step - loss: 0.0185
[1m8/8[0m [32m━━━━━━━━━━━━━━━━━━━━[0m[37m[0m [1m0s[0m 25ms/step - loss: 0.0176
[1m8/8[0m [32m━━━━━━━━━━━━━━━━━━━━[0m[37m[0m [1m0s[0m 31ms/step - loss: 0.0144
Epoch 75/200

[1m1/8[0m [32m━━[0m[37m━━━━━━━━━━━━━━━━━━[0m [1m0s[0m 85ms/step - loss: 0.0071
[1m3/8[0m [32m━━━━━━━[0m[37m━━━━━━━━━━━━━[0m [1m0s[0m 26ms/step - loss: 0.0096
[1m5/8[0m [32m━━━━━━━━━━━━[0m[37m━━━━━━━━[0m [1m0s[0m 27ms/step - loss: 0.0105
[1m6/8[0m [32m━━━━━━━━━━━━━━━[0m[37m━━━━━[0m [1m0s[0m 33ms/step - loss: 0.0120
[1m7/8[0m [32m━━━━━━━━━━━━━━━━━[0m[37m━━━[0m [1m0s[0m 36ms/step - loss: 0.0127
[1m8/8[0m [32m━━━━━━━━━━━━━━━━━━━━[0m[37m[0m [1m0s[0m 39ms/step - loss: 0.0165
Epoch 76/200

[1m1/8[0m [32m━━[0m[37m━━━━━━━━━━━━━━━━━━[0m [1m0s[0m 81ms/step - loss: 0.0458
[1m4/8[0m [32m━━━━━━━━━━[0m[37m━━━━━━━━━━[0m [1m0s[0m 21ms/step - loss: 0.0265
[1m7/8[0m [32m━━━━━━━━━━━━━━━━━[0m[37m━━━[0m [1m0s[0m 21ms/step - loss: 0.0214
[1m8/8[0m [32m━━━━━━━━━━━━━━━━━━━━[0m[37m[0m [1m0s[0m 26ms/step - loss: 0.0138
Epoch 77/200

[1m1/8[0m [32m━━[0m[37m━━━━━━━━━━━━━━━━━━[0m [1m0s[0m 57ms/step - loss: 0.0073
[1m3/8[0m [32m━━━━━━━[0m[37m━━━━━━━━━━━━━[0m [1m0s[0m 29ms/step - loss: 0.0061
[1m5/8[0m [32m━━━━━━━━━━━━[0m[37m━━━━━━━━[0m [1m0s[0m 29ms/step - loss: 0.0095
[1m8/8[0m [32m━━━━━━━━━━━━━━━━━━━━[0m[37m[0m [1m0s[0m 25ms/step - loss: 0.0118
[1m8/8[0m [32m━━━━━━━━━━━━━━━━━━━━[0m[37m[0m [1m0s[0m 30ms/step - loss: 0.0146
Epoch 78/200

[1m1/8[0m [32m━━[0m[37m━━━━━━━━━━━━━━━━━━[0m [1m0s[0m 51ms/step - loss: 0.0063
[1m4/8[0m [32m━━━━━━━━━━[0m[37m━━━━━━━━━━[0m [1m0s[0m 18ms/step - loss: 0.0145
[1m7/8[0m [32m━━━━━━━━━━━━━━━━━[0m[37m━━━[0m [1m0s[0m 20ms/step - loss: 0.0155
[1m8/8[0m [32m━━━━━━━━━━━━━━━━━━━━[0m[37m[0m [1m0s[0m 26ms/step - loss: 0.0143
Epoch 79/200

[1m1/8[0m [32m━━[0m[37m━━━━━━━━━━━━━━━━━━[0m [1m0s[0m 47ms/step - loss: 0.0228
[1m3/8[0m [32m━━━━━━━[0m[37m━━━━━━━━━━━━━[0m [1m0s[0m 26ms/step - loss: 0.0165
[1m6/8[0m [32m━━━━━━━━━━━━━━━[0m[37m━━━━━[0m [1m0s[0m 25ms/step - loss: 0.0139
[1m8/8[0m [32m━━━━━━━━━━━━━━━━━━━━[0m[37m[0m [1m0s[0m 28ms/step - loss: 0.0149
Epoch 80/200

[1m1/8[0m [32m━━[0m[37m━━━━━━━━━━━━━━━━━━[0m [1m0s[0m 92ms/step - loss: 0.0051
[1m4/8[0m [32m━━━━━━━━━━[0m[37m━━━━━━━━━━[0m [1m0s[0m 20ms/step - loss: 0.0064
[1m7/8[0m [32m━━━━━━━━━━━━━━━━━[0m[37m━━━[0m [1m0s[0m 20ms/step - loss: 0.0108
[1m8/8[0m [32m━━━━━━━━━━━━━━━━━━━━[0m[37m[0m [1m0s[0m 24ms/step - loss: 0.0152
Epoch 81/200

[1m1/8[0m [32m━━[0m[37m━━━━━━━━━━━━━━━━━━[0m [1m0s[0m 56ms/step - loss: 0.0064
[1m3/8[0m [32m━━━━━━━[0m[37m━━━━━━━━━━━━━[0m [1m0s[0m 25ms/step - loss: 0.0181
[1m6/8[0m [32m━━━━━━━━━━━━━━━[0m[37m━━━━━[0m [1m0s[0m 21ms/step - loss: 0.0171
[1m8/8[0m [32m━━━━━━━━━━━━━━━━━━━━[0m[37m[0m [1m0s[0m 24ms/step - loss: 0.0149
Epoch 82/200

[1m1/8[0m [32m━━[0m[37m━━━━━━━━━━━━━━━━━━[0m [1m0s[0m 54ms/step - loss: 0.0043
[1m5/8[0m [32m━━━━━━━━━━━━[0m[37m━━━━━━━━[0m [1m0s[0m 16ms/step - loss: 0.0120
[1m8/8[0m [32m━━━━━━━━━━━━━━━━━━━━[0m[37m[0m [1m0s[0m 17ms/step - loss: 0.0124
[1m8/8[0m [32m━━━━━━━━━━━━━━━━━━━━[0m[37m[0m [1m0s[0m 21ms/step - loss: 0.0139
Epoch 83/200

[1m1/8[0m [32m━━[0m[37m━━━━━━━━━━━━━━━━━━[0m [1m0s[0m 53ms/step - loss: 0.0252
[1m5/8[0m [32m━━━━━━━━━━━━[0m[37m━━━━━━━━[0m [1m0s[0m 17ms/step - loss: 0.0202
[1m8/8[0m [32m━━━━━━━━━━━━━━━━━━━━[0m[37m[0m [1m0s[0m 20ms/step - loss: 0.0188
[1m8/8[0m [32m━━━━━━━━━━━━━━━━━━━━[0m[37m[0m [1m0s[0m 23ms/step - loss: 0.0156
Epoch 84/200

[1m1/8[0m [32m━━[0m[37m━━━━━━━━━━━━━━━━━━[0m [1m0s[0m 47ms/step - loss: 0.0101
[1m4/8[0m [32m━━━━━━━━━━[0m[37m━━━━━━━━━━[0m [1m0s[0m 24ms/step - loss: 0.0141
[1m7/8[0m [32m━━━━━━━━━━━━━━━━━[0m[37m━━━[0m [1m0s[0m 23ms/step - loss: 0.0139
[1m8/8[0m [32m━━━━━━━━━━━━━━━━━━━━[0m[37m[0m [1m0s[0m 27ms/step - loss: 0.0147
Epoch 85/200

[1m1/8[0m [32m━━[0m[37m━━━━━━━━━━━━━━━━━━[0m [1m0s[0m 53ms/step - loss: 0.0048
[1m4/8[0m [32m━━━━━━━━━━[0m[37m━━━━━━━━━━[0m [1m0s[0m 22ms/step - loss: 0.0142
[1m7/8[0m [32m━━━━━━━━━━━━━━━━━[0m[37m━━━[0m [1m0s[0m 22ms/step - loss: 0.0151
[1m8/8[0m [32m━━━━━━━━━━━━━━━━━━━━[0m[37m[0m [1m0s[0m 26ms/step - loss: 0.0142
Epoch 86/200

[1m1/8[0m [32m━━[0m[37m━━━━━━━━━━━━━━━━━━[0m [1m0s[0m 58ms/step - loss: 0.0276
[1m4/8[0m [32m━━━━━━━━━━[0m[37m━━━━━━━━━━[0m [1m0s[0m 21ms/step - loss: 0.0170
[1m7/8[0m [32m━━━━━━━━━━━━━━━━━[0m[37m━━━[0m [1m0s[0m 22ms/step - loss: 0.0160
[1m8/8[0m [32m━━━━━━━━━━━━━━━━━━━━[0m[37m[0m [1m0s[0m 27ms/step - loss: 0.0153
Epoch 87/200

[1m1/8[0m [32m━━[0m[37m━━━━━━━━━━━━━━━━━━[0m [1m0s[0m 71ms/step - loss: 0.0046
[1m4/8[0m [32m━━━━━━━━━━[0m[37m━━━━━━━━━━[0m [1m0s[0m 22ms/step - loss: 0.0137
[1m7/8[0m [32m━━━━━━━━━━━━━━━━━[0m[37m━━━[0m [1m0s[0m 20ms/step - loss: 0.0147
[1m8/8[0m [32m━━━━━━━━━━━━━━━━━━━━[0m[37m[0m [1m0s[0m 24ms/step - loss: 0.0152
Epoch 88/200

[1m1/8[0m [32m━━[0m[37m━━━━━━━━━━━━━━━━━━[0m [1m0s[0m 53ms/step - loss: 0.0029
[1m4/8[0m [32m━━━━━━━━━━[0m[37m━━━━━━━━━━[0m [1m0s[0m 21ms/step - loss: 0.0186
[1m7/8[0m [32m━━━━━━━━━━━━━━━━━[0m[37m━━━[0m [1m0s[0m 21ms/step - loss: 0.0166
[1m8/8[0m [32m━━━━━━━━━━━━━━━━━━━━[0m[37m[0m [1m0s[0m 24ms/step - loss: 0.0126
Epoch 89/200

[1m1/8[0m [32m━━[0m[37m━━━━━━━━━━━━━━━━━━[0m [1m0s[0m 48ms/step - loss: 0.0050
[1m4/8[0m [32m━━━━━━━━━━[0m[37m━━━━━━━━━━[0m [1m0s[0m 19ms/step - loss: 0.0102
[1m7/8[0m [32m━━━━━━━━━━━━━━━━━[0m[37m━━━[0m [1m0s[0m 19ms/step - loss: 0.0114
[1m8/8[0m [32m━━━━━━━━━━━━━━━━━━━━[0m[37m[0m [1m0s[0m 23ms/step - loss: 0.0138
Epoch 90/200

[1m1/8[0m [32m━━[0m[37m━━━━━━━━━━━━━━━━━━[0m [1m0s[0m 57ms/step - loss: 0.0281
[1m3/8[0m [32m━━━━━━━[0m[37m━━━━━━━━━━━━━[0m [1m0s[0m 27ms/step - loss: 0.0235
[1m6/8[0m [32m━━━━━━━━━━━━━━━[0m[37m━━━━━[0m [1m0s[0m 21ms/step - loss: 0.0183
[1m8/8[0m [32m━━━━━━━━━━━━━━━━━━━━[0m[37m[0m [1m0s[0m 22ms/step - loss: 0.0140
Epoch 91/200

[1m1/8[0m [32m━━[0m[37m━━━━━━━━━━━━━━━━━━[0m [1m0s[0m 47ms/step - loss: 0.0218
[1m4/8[0m [32m━━━━━━━━━━[0m[37m━━━━━━━━━━[0m [1m0s[0m 19ms/step - loss: 0.0206
[1m7/8[0m [32m━━━━━━━━━━━━━━━━━[0m[37m━━━[0m [1m0s[0m 19ms/step - loss: 0.0173
[1m8/8[0m [32m━━━━━━━━━━━━━━━━━━━━[0m[37m[0m [1m0s[0m 23ms/step - loss: 0.0126
Epoch 92/200

[1m1/8[0m [32m━━[0m[37m━━━━━━━━━━━━━━━━━━[0m [1m0s[0m 55ms/step - loss: 0.0046
[1m4/8[0m [32m━━━━━━━━━━[0m[37m━━━━━━━━━━[0m [1m0s[0m 18ms/step - loss: 0.0100
[1m7/8[0m [32m━━━━━━━━━━━━━━━━━[0m[37m━━━[0m [1m0s[0m 19ms/step - loss: 0.0120
[1m8/8[0m [32m━━━━━━━━━━━━━━━━━━━━[0m[37m[0m [1m0s[0m 24ms/step - loss: 0.0144
Epoch 93/200

[1m1/8[0m [32m━━[0m[37m━━━━━━━━━━━━━━━━━━[0m [1m0s[0m 53ms/step - loss: 0.0332
[1m4/8[0m [32m━━━━━━━━━━[0m[37m━━━━━━━━━━[0m [1m0s[0m 22ms/step - loss: 0.0221
[1m8/8[0m [32m━━━━━━━━━━━━━━━━━━━━[0m[37m[0m [1m0s[0m 18ms/step - loss: 0.0198
[1m8/8[0m [32m━━━━━━━━━━━━━━━━━━━━[0m[37m[0m [1m0s[0m 22ms/step - loss: 0.0154
Epoch 94/200

[1m1/8[0m [32m━━[0m[37m━━━━━━━━━━━━━━━━━━[0m [1m0s[0m 58ms/step - loss: 0.0036
[1m4/8[0m [32m━━━━━━━━━━[0m[37m━━━━━━━━━━[0m [1m0s[0m 21ms/step - loss: 0.0060
[1m7/8[0m [32m━━━━━━━━━━━━━━━━━[0m[37m━━━[0m [1m0s[0m 19ms/step - loss: 0.0104
[1m8/8[0m [32m━━━━━━━━━━━━━━━━━━━━[0m[37m[0m [1m0s[0m 23ms/step - loss: 0.0140
Epoch 95/200

[1m1/8[0m [32m━━[0m[37m━━━━━━━━━━━━━━━━━━[0m [1m0s[0m 65ms/step - loss: 0.0032
[1m3/8[0m [32m━━━━━━━[0m[37m━━━━━━━━━━━━━[0m [1m0s[0m 33ms/step - loss: 0.0038
[1m5/8[0m [32m━━━━━━━━━━━━[0m[37m━━━━━━━━[0m [1m0s[0m 30ms/step - loss: 0.0072
[1m7/8[0m [32m━━━━━━━━━━━━━━━━━[0m[37m━━━[0m [1m0s[0m 29ms/step - loss: 0.0094
[1m8/8[0m [32m━━━━━━━━━━━━━━━━━━━━[0m[37m[0m [1m0s[0m 38ms/step - loss: 0.0139
Epoch 96/200

[1m1/8[0m [32m━━[0m[37m━━━━━━━━━━━━━━━━━━[0m [1m0s[0m 55ms/step - loss: 0.0220
[1m4/8[0m [32m━━━━━━━━━━[0m[37m━━━━━━━━━━[0m [1m0s[0m 18ms/step - loss: 0.0198
[1m7/8[0m [32m━━━━━━━━━━━━━━━━━[0m[37m━━━[0m [1m0s[0m 19ms/step - loss: 0.0180
[1m8/8[0m [32m━━━━━━━━━━━━━━━━━━━━[0m[37m[0m [1m0s[0m 23ms/step - loss: 0.0129
Epoch 97/200

[1m1/8[0m [32m━━[0m[37m━━━━━━━━━━━━━━━━━━[0m [1m0s[0m 51ms/step - loss: 0.0322
[1m5/8[0m [32m━━━━━━━━━━━━[0m[37m━━━━━━━━[0m [1m0s[0m 16ms/step - loss: 0.0218
[1m8/8[0m [32m━━━━━━━━━━━━━━━━━━━━[0m[37m[0m [1m0s[0m 21ms/step - loss: 0.0139
Epoch 98/200

[1m1/8[0m [32m━━[0m[37m━━━━━━━━━━━━━━━━━━[0m [1m0s[0m 53ms/step - loss: 0.0045
[1m5/8[0m [32m━━━━━━━━━━━━[0m[37m━━━━━━━━[0m [1m0s[0m 15ms/step - loss: 0.0066
[1m8/8[0m [32m━━━━━━━━━━━━━━━━━━━━[0m[37m[0m [1m0s[0m 18ms/step - loss: 0.0139
Epoch 99/200

[1m1/8[0m [32m━━[0m[37m━━━━━━━━━━━━━━━━━━[0m [1m0s[0m 41ms/step - loss: 0.0046
[1m4/8[0m [32m━━━━━━━━━━[0m[37m━━━━━━━━━━[0m [1m0s[0m 20ms/step - loss: 0.0072
[1m7/8[0m [32m━━━━━━━━━━━━━━━━━[0m[37m━━━[0m [1m0s[0m 20ms/step - loss: 0.0108
[1m8/8[0m [32m━━━━━━━━━━━━━━━━━━━━[0m[37m[0m [1m0s[0m 23ms/step - loss: 0.0144
Epoch 100/200

[1m1/8[0m [32m━━[0m[37m━━━━━━━━━━━━━━━━━━[0m [1m0s[0m 43ms/step - loss: 0.0039
[1m5/8[0m [32m━━━━━━━━━━━━[0m[37m━━━━━━━━[0m [1m0s[0m 16ms/step - loss: 0.0111
[1m8/8[0m [32m━━━━━━━━━━━━━━━━━━━━[0m[37m[0m [1m0s[0m 19ms/step - loss: 0.0135
Epoch 101/200

[1m1/8[0m [32m━━[0m[37m━━━━━━━━━━━━━━━━━━[0m [1m0s[0m 44ms/step - loss: 0.0068
[1m4/8[0m [32m━━━━━━━━━━[0m[37m━━━━━━━━━━[0m [1m0s[0m 17ms/step - loss: 0.0077
[1m8/8[0m [32m━━━━━━━━━━━━━━━━━━━━[0m[37m[0m [1m0s[0m 18ms/step - loss: 0.0096
[1m8/8[0m [32m━━━━━━━━━━━━━━━━━━━━[0m[37m[0m [1m0s[0m 21ms/step - loss: 0.0131
Epoch 102/200

[1m1/8[0m [32m━━[0m[37m━━━━━━━━━━━━━━━━━━[0m [1m0s[0m 44ms/step - loss: 0.0054
[1m5/8[0m [32m━━━━━━━━━━━━[0m[37m━━━━━━━━[0m [1m0s[0m 16ms/step - loss: 0.0203
[1m8/8[0m [32m━━━━━━━━━━━━━━━━━━━━[0m[37m[0m [1m0s[0m 19ms/step - loss: 0.0140
Epoch 103/200

[1m1/8[0m [32m━━[0m[37m━━━━━━━━━━━━━━━━━━[0m [1m0s[0m 39ms/step - loss: 0.0201
[1m4/8[0m [32m━━━━━━━━━━[0m[37m━━━━━━━━━━[0m [1m0s[0m 19ms/step - loss: 0.0151
[1m8/8[0m [32m━━━━━━━━━━━━━━━━━━━━[0m[37m[0m [1m0s[0m 18ms/step - loss: 0.0131
[1m8/8[0m [32m━━━━━━━━━━━━━━━━━━━━[0m[37m[0m [1m0s[0m 21ms/step - loss: 0.0113
Epoch 104/200

[1m1/8[0m [32m━━[0m[37m━━━━━━━━━━━━━━━━━━[0m [1m0s[0m 40ms/step - loss: 0.0055
[1m5/8[0m [32m━━━━━━━━━━━━[0m[37m━━━━━━━━[0m [1m0s[0m 16ms/step - loss: 0.0082
[1m8/8[0m [32m━━━━━━━━━━━━━━━━━━━━[0m[37m[0m [1m0s[0m 18ms/step - loss: 0.0109
[1m8/8[0m [32m━━━━━━━━━━━━━━━━━━━━[0m[37m[0m [1m0s[0m 23ms/step - loss: 0.0144
Epoch 105/200

[1m1/8[0m [32m━━[0m[37m━━━━━━━━━━━━━━━━━━[0m [1m0s[0m 56ms/step - loss: 0.0040
[1m4/8[0m [32m━━━━━━━━━━[0m[37m━━━━━━━━━━[0m [1m0s[0m 24ms/step - loss: 0.0138
[1m6/8[0m [32m━━━━━━━━━━━━━━━[0m[37m━━━━━[0m [1m0s[0m 27ms/step - loss: 0.0142
[1m8/8[0m [32m━━━━━━━━━━━━━━━━━━━━[0m[37m[0m [1m0s[0m 28ms/step - loss: 0.0125
Epoch 106/200

[1m1/8[0m [32m━━[0m[37m━━━━━━━━━━━━━━━━━━[0m [1m0s[0m 47ms/step - loss: 0.0055
[1m4/8[0m [32m━━━━━━━━━━[0m[37m━━━━━━━━━━[0m [1m0s[0m 18ms/step - loss: 0.0063
[1m7/8[0m [32m━━━━━━━━━━━━━━━━━[0m[37m━━━[0m [1m0s[0m 17ms/step - loss: 0.0076
[1m8/8[0m [32m━━━━━━━━━━━━━━━━━━━━[0m[37m[0m [1m0s[0m 21ms/step - loss: 0.0126
Epoch 107/200

[1m1/8[0m [32m━━[0m[37m━━━━━━━━━━━━━━━━━━[0m [1m0s[0m 51ms/step - loss: 0.0050
[1m5/8[0m [32m━━━━━━━━━━━━[0m[37m━━━━━━━━[0m [1m0s[0m 17ms/step - loss: 0.0131
[1m8/8[0m [32m━━━━━━━━━━━━━━━━━━━━[0m[37m[0m [1m0s[0m 18ms/step - loss: 0.0129
[1m8/8[0m [32m━━━━━━━━━━━━━━━━━━━━[0m[37m[0m [1m0s[0m 21ms/step - loss: 0.0138
Epoch 108/200

[1m1/8[0m [32m━━[0m[37m━━━━━━━━━━━━━━━━━━[0m [1m0s[0m 50ms/step - loss: 0.0227
[1m4/8[0m [32m━━━━━━━━━━[0m[37m━━━━━━━━━━[0m [1m0s[0m 21ms/step - loss: 0.0173
[1m7/8[0m [32m━━━━━━━━━━━━━━━━━[0m[37m━━━[0m [1m0s[0m 20ms/step - loss: 0.0159
[1m8/8[0m [32m━━━━━━━━━━━━━━━━━━━━[0m[37m[0m [1m0s[0m 24ms/step - loss: 0.0130
Epoch 109/200

[1m1/8[0m [32m━━[0m[37m━━━━━━━━━━━━━━━━━━[0m [1m0s[0m 44ms/step - loss: 0.0036
[1m4/8[0m [32m━━━━━━━━━━[0m[37m━━━━━━━━━━[0m [1m0s[0m 23ms/step - loss: 0.0097
[1m8/8[0m [32m━━━━━━━━━━━━━━━━━━━━[0m[37m[0m [1m0s[0m 18ms/step - loss: 0.0110
[1m8/8[0m [32m━━━━━━━━━━━━━━━━━━━━[0m[37m[0m [1m0s[0m 22ms/step - loss: 0.0130
Epoch 110/200

[1m1/8[0m [32m━━[0m[37m━━━━━━━━━━━━━━━━━━[0m [1m0s[0m 47ms/step - loss: 0.0063
[1m5/8[0m [32m━━━━━━━━━━━━[0m[37m━━━━━━━━[0m [1m0s[0m 15ms/step - loss: 0.0087
[1m8/8[0m [32m━━━━━━━━━━━━━━━━━━━━[0m[37m[0m [1m0s[0m 19ms/step - loss: 0.0126
Epoch 111/200

[1m1/8[0m [32m━━[0m[37m━━━━━━━━━━━━━━━━━━[0m [1m0s[0m 51ms/step - loss: 0.0318
[1m4/8[0m [32m━━━━━━━━━━[0m[37m━━━━━━━━━━[0m [1m0s[0m 18ms/step - loss: 0.0260
[1m7/8[0m [32m━━━━━━━━━━━━━━━━━[0m[37m━━━[0m [1m0s[0m 18ms/step - loss: 0.0214
[1m8/8[0m [32m━━━━━━━━━━━━━━━━━━━━[0m[37m[0m [1m0s[0m 22ms/step - loss: 0.0130
Epoch 112/200

[1m1/8[0m [32m━━[0m[37m━━━━━━━━━━━━━━━━━━[0m [1m0s[0m 46ms/step - loss: 0.0034
[1m5/8[0m [32m━━━━━━━━━━━━[0m[37m━━━━━━━━[0m [1m0s[0m 15ms/step - loss: 0.0086
[1m8/8[0m [32m━━━━━━━━━━━━━━━━━━━━[0m[37m[0m [1m0s[0m 18ms/step - loss: 0.0141
Epoch 113/200

[1m1/8[0m [32m━━[0m[37m━━━━━━━━━━━━━━━━━━[0m [1m0s[0m 52ms/step - loss: 0.0251
[1m5/8[0m [32m━━━━━━━━━━━━[0m[37m━━━━━━━━[0m [1m0s[0m 14ms/step - loss: 0.0205
[1m8/8[0m [32m━━━━━━━━━━━━━━━━━━━━[0m[37m[0m [1m0s[0m 20ms/step - loss: 0.0129
Epoch 114/200

[1m1/8[0m [32m━━[0m[37m━━━━━━━━━━━━━━━━━━[0m [1m0s[0m 56ms/step - loss: 0.0056
[1m5/8[0m [32m━━━━━━━━━━━━[0m[37m━━━━━━━━[0m [1m0s[0m 16ms/step - loss: 0.0104
[1m8/8[0m [32m━━━━━━━━━━━━━━━━━━━━[0m[37m[0m [1m0s[0m 17ms/step - loss: 0.0118
[1m8/8[0m [32m━━━━━━━━━━━━━━━━━━━━[0m[37m[0m [1m0s[0m 23ms/step - loss: 0.0134
Epoch 115/200

[1m1/8[0m [32m━━[0m[37m━━━━━━━━━━━━━━━━━━[0m [1m0s[0m 48ms/step - loss: 0.0090
[1m5/8[0m [32m━━━━━━━━━━━━[0m[37m━━━━━━━━[0m [1m0s[0m 14ms/step - loss: 0.0123
[1m8/8[0m [32m━━━━━━━━━━━━━━━━━━━━[0m[37m[0m [1m0s[0m 17ms/step - loss: 0.0134
Epoch 116/200

[1m1/8[0m [32m━━[0m[37m━━━━━━━━━━━━━━━━━━[0m [1m0s[0m 45ms/step - loss: 0.0286
[1m4/8[0m [32m━━━━━━━━━━[0m[37m━━━━━━━━━━[0m [1m0s[0m 18ms/step - loss: 0.0180
[1m8/8[0m [32m━━━━━━━━━━━━━━━━━━━━[0m[37m[0m [1m0s[0m 16ms/step - loss: 0.0155
[1m8/8[0m [32m━━━━━━━━━━━━━━━━━━━━[0m[37m[0m [1m0s[0m 21ms/step - loss: 0.0134
Epoch 117/200

[1m1/8[0m [32m━━[0m[37m━━━━━━━━━━━━━━━━━━[0m [1m0s[0m 51ms/step - loss: 0.0040
[1m5/8[0m [32m━━━━━━━━━━━━[0m[37m━━━━━━━━[0m [1m0s[0m 17ms/step - loss: 0.0102
[1m8/8[0m [32m━━━━━━━━━━━━━━━━━━━━[0m[37m[0m [1m0s[0m 20ms/step - loss: 0.0119
Epoch 118/200

[1m1/8[0m [32m━━[0m[37m━━━━━━━━━━━━━━━━━━[0m [1m0s[0m 45ms/step - loss: 0.0373
[1m5/8[0m [32m━━━━━━━━━━━━[0m[37m━━━━━━━━[0m [1m0s[0m 14ms/step - loss: 0.0197
[1m8/8[0m [32m━━━━━━━━━━━━━━━━━━━━[0m[37m[0m [1m0s[0m 20ms/step - loss: 0.0123
Epoch 119/200

[1m1/8[0m [32m━━[0m[37m━━━━━━━━━━━━━━━━━━[0m [1m0s[0m 52ms/step - loss: 0.0037
[1m5/8[0m [32m━━━━━━━━━━━━[0m[37m━━━━━━━━[0m [1m0s[0m 14ms/step - loss: 0.0111
[1m8/8[0m [32m━━━━━━━━━━━━━━━━━━━━[0m[37m[0m [1m0s[0m 18ms/step - loss: 0.0118
Epoch 120/200

[1m1/8[0m [32m━━[0m[37m━━━━━━━━━━━━━━━━━━[0m [1m0s[0m 50ms/step - loss: 0.0026
[1m3/8[0m [32m━━━━━━━[0m[37m━━━━━━━━━━━━━[0m [1m0s[0m 52ms/step - loss: 0.0039
[1m6/8[0m [32m━━━━━━━━━━━━━━━[0m[37m━━━━━[0m [1m0s[0m 35ms/step - loss: 0.0069
[1m8/8[0m [32m━━━━━━━━━━━━━━━━━━━━[0m[37m[0m [1m0s[0m 35ms/step - loss: 0.0138
Epoch 121/200

[1m1/8[0m [32m━━[0m[37m━━━━━━━━━━━━━━━━━━[0m [1m0s[0m 49ms/step - loss: 0.0100
[1m4/8[0m [32m━━━━━━━━━━[0m[37m━━━━━━━━━━[0m [1m0s[0m 20ms/step - loss: 0.0166
[1m7/8[0m [32m━━━━━━━━━━━━━━━━━[0m[37m━━━[0m [1m0s[0m 20ms/step - loss: 0.0149
[1m8/8[0m [32m━━━━━━━━━━━━━━━━━━━━[0m[37m[0m [1m0s[0m 23ms/step - loss: 0.0131
Epoch 122/200

[1m1/8[0m [32m━━[0m[37m━━━━━━━━━━━━━━━━━━[0m [1m0s[0m 40ms/step - loss: 0.0060
[1m5/8[0m [32m━━━━━━━━━━━━[0m[37m━━━━━━━━[0m [1m0s[0m 17ms/step - loss: 0.0072
[1m8/8[0m [32m━━━━━━━━━━━━━━━━━━━━[0m[37m[0m [1m0s[0m 24ms/step - loss: 0.0125
Epoch 123/200

[1m1/8[0m [32m━━[0m[37m━━━━━━━━━━━━━━━━━━[0m [1m0s[0m 71ms/step - loss: 0.0252
[1m5/8[0m [32m━━━━━━━━━━━━[0m[37m━━━━━━━━[0m [1m0s[0m 16ms/step - loss: 0.0147
[1m8/8[0m [32m━━━━━━━━━━━━━━━━━━━━[0m[37m[0m [1m0s[0m 20ms/step - loss: 0.0119
Epoch 124/200

[1m1/8[0m [32m━━[0m[37m━━━━━━━━━━━━━━━━━━[0m [1m0s[0m 64ms/step - loss: 0.0044
[1m4/8[0m [32m━━━━━━━━━━[0m[37m━━━━━━━━━━[0m [1m0s[0m 20ms/step - loss: 0.0166
[1m7/8[0m [32m━━━━━━━━━━━━━━━━━[0m[37m━━━[0m [1m0s[0m 20ms/step - loss: 0.0156
[1m8/8[0m [32m━━━━━━━━━━━━━━━━━━━━[0m[37m[0m [1m0s[0m 24ms/step - loss: 0.0121
Epoch 125/200

[1m1/8[0m [32m━━[0m[37m━━━━━━━━━━━━━━━━━━[0m [1m0s[0m 50ms/step - loss: 0.0052
[1m5/8[0m [32m━━━━━━━━━━━━[0m[37m━━━━━━━━[0m [1m0s[0m 15ms/step - loss: 0.0080
[1m8/8[0m [32m━━━━━━━━━━━━━━━━━━━━[0m[37m[0m [1m0s[0m 18ms/step - loss: 0.0119
Epoch 126/200

[1m1/8[0m [32m━━[0m[37m━━━━━━━━━━━━━━━━━━[0m [1m0s[0m 41ms/step - loss: 0.0062
[1m4/8[0m [32m━━━━━━━━━━[0m[37m━━━━━━━━━━[0m [1m0s[0m 17ms/step - loss: 0.0084
[1m7/8[0m [32m━━━━━━━━━━━━━━━━━[0m[37m━━━[0m [1m0s[0m 18ms/step - loss: 0.0098
[1m8/8[0m [32m━━━━━━━━━━━━━━━━━━━━[0m[37m[0m [1m0s[0m 21ms/step - loss: 0.0129
Epoch 127/200

[1m1/8[0m [32m━━[0m[37m━━━━━━━━━━━━━━━━━━[0m [1m0s[0m 45ms/step - loss: 0.0351
[1m5/8[0m [32m━━━━━━━━━━━━[0m[37m━━━━━━━━[0m [1m0s[0m 15ms/step - loss: 0.0254
[1m8/8[0m [32m━━━━━━━━━━━━━━━━━━━━[0m[37m[0m [1m0s[0m 18ms/step - loss: 0.0127
Epoch 128/200

[1m1/8[0m [32m━━[0m[37m━━━━━━━━━━━━━━━━━━[0m [1m0s[0m 41ms/step - loss: 0.0071
[1m6/8[0m [32m━━━━━━━━━━━━━━━[0m[37m━━━━━[0m [1m0s[0m 13ms/step - loss: 0.0099
[1m8/8[0m [32m━━━━━━━━━━━━━━━━━━━━[0m[37m[0m [1m0s[0m 17ms/step - loss: 0.0134
Epoch 129/200

[1m1/8[0m [32m━━[0m[37m━━━━━━━━━━━━━━━━━━[0m [1m0s[0m 46ms/step - loss: 0.0294
[1m6/8[0m [32m━━━━━━━━━━━━━━━[0m[37m━━━━━[0m [1m0s[0m 12ms/step - loss: 0.0205
[1m8/8[0m [32m━━━━━━━━━━━━━━━━━━━━[0m[37m[0m [1m0s[0m 17ms/step - loss: 0.0131
Epoch 130/200

[1m1/8[0m [32m━━[0m[37m━━━━━━━━━━━━━━━━━━[0m [1m0s[0m 42ms/step - loss: 0.0038
[1m5/8[0m [32m━━━━━━━━━━━━[0m[37m━━━━━━━━[0m [1m0s[0m 14ms/step - loss: 0.0117
[1m8/8[0m [32m━━━━━━━━━━━━━━━━━━━━[0m[37m[0m [1m0s[0m 18ms/step - loss: 0.0127
Epoch 131/200

[1m1/8[0m [32m━━[0m[37m━━━━━━━━━━━━━━━━━━[0m [1m0s[0m 44ms/step - loss: 0.0075
[1m5/8[0m [32m━━━━━━━━━━━━[0m[37m━━━━━━━━[0m [1m0s[0m 16ms/step - loss: 0.0087
[1m8/8[0m [32m━━━━━━━━━━━━━━━━━━━━[0m[37m[0m [1m0s[0m 19ms/step - loss: 0.0129
Epoch 132/200

[1m1/8[0m [32m━━[0m[37m━━━━━━━━━━━━━━━━━━[0m [1m0s[0m 43ms/step - loss: 0.0308
[1m5/8[0m [32m━━━━━━━━━━━━[0m[37m━━━━━━━━[0m [1m0s[0m 15ms/step - loss: 0.0205
[1m8/8[0m [32m━━━━━━━━━━━━━━━━━━━━[0m[37m[0m [1m0s[0m 18ms/step - loss: 0.0131
Epoch 133/200

[1m1/8[0m [32m━━[0m[37m━━━━━━━━━━━━━━━━━━[0m [1m0s[0m 46ms/step - loss: 0.0300
[1m5/8[0m [32m━━━━━━━━━━━━[0m[37m━━━━━━━━[0m [1m0s[0m 16ms/step - loss: 0.0159
[1m7/8[0m [32m━━━━━━━━━━━━━━━━━[0m[37m━━━[0m [1m0s[0m 21ms/step - loss: 0.0147
[1m8/8[0m [32m━━━━━━━━━━━━━━━━━━━━[0m[37m[0m [1m0s[0m 29ms/step - loss: 0.0123
Epoch 134/200

[1m1/8[0m [32m━━[0m[37m━━━━━━━━━━━━━━━━━━[0m [1m0s[0m 63ms/step - loss: 0.0063
[1m5/8[0m [32m━━━━━━━━━━━━[0m[37m━━━━━━━━[0m [1m0s[0m 16ms/step - loss: 0.0087
[1m8/8[0m [32m━━━━━━━━━━━━━━━━━━━━[0m[37m[0m [1m0s[0m 20ms/step - loss: 0.0132
Epoch 135/200

[1m1/8[0m [32m━━[0m[37m━━━━━━━━━━━━━━━━━━[0m [1m0s[0m 50ms/step - loss: 0.0034
[1m5/8[0m [32m━━━━━━━━━━━━[0m[37m━━━━━━━━[0m [1m0s[0m 16ms/step - loss: 0.0067
[1m8/8[0m [32m━━━━━━━━━━━━━━━━━━━━[0m[37m[0m [1m0s[0m 19ms/step - loss: 0.0122
Epoch 136/200

[1m1/8[0m [32m━━[0m[37m━━━━━━━━━━━━━━━━━━[0m [1m0s[0m 42ms/step - loss: 0.0152
[1m5/8[0m [32m━━━━━━━━━━━━[0m[37m━━━━━━━━[0m [1m0s[0m 14ms/step - loss: 0.0123
[1m8/8[0m [32m━━━━━━━━━━━━━━━━━━━━[0m[37m[0m [1m0s[0m 19ms/step - loss: 0.0122
Epoch 137/200

[1m1/8[0m [32m━━[0m[37m━━━━━━━━━━━━━━━━━━[0m [1m0s[0m 46ms/step - loss: 0.0029
[1m5/8[0m [32m━━━━━━━━━━━━[0m[37m━━━━━━━━[0m [1m0s[0m 17ms/step - loss: 0.0098
[1m8/8[0m [32m━━━━━━━━━━━━━━━━━━━━[0m[37m[0m [1m0s[0m 17ms/step - loss: 0.0105
[1m8/8[0m [32m━━━━━━━━━━━━━━━━━━━━[0m[37m[0m [1m0s[0m 21ms/step - loss: 0.0117
Epoch 138/200

[1m1/8[0m [32m━━[0m[37m━━━━━━━━━━━━━━━━━━[0m [1m0s[0m 69ms/step - loss: 0.0064
[1m3/8[0m [32m━━━━━━━[0m[37m━━━━━━━━━━━━━[0m [1m0s[0m 25ms/step - loss: 0.0056
[1m5/8[0m [32m━━━━━━━━━━━━[0m[37m━━━━━━━━[0m [1m0s[0m 34ms/step - loss: 0.0061
[1m7/8[0m [32m━━━━━━━━━━━━━━━━━[0m[37m━━━[0m [1m0s[0m 31ms/step - loss: 0.0069
[1m8/8[0m [32m━━━━━━━━━━━━━━━━━━━━[0m[37m[0m [1m0s[0m 35ms/step - loss: 0.0120
Epoch 139/200

[1m1/8[0m [32m━━[0m[37m━━━━━━━━━━━━━━━━━━[0m [1m0s[0m 82ms/step - loss: 0.0053
[1m4/8[0m [32m━━━━━━━━━━[0m[37m━━━━━━━━━━[0m [1m0s[0m 24ms/step - loss: 0.0092
[1m7/8[0m [32m━━━━━━━━━━━━━━━━━[0m[37m━━━[0m [1m0s[0m 22ms/step - loss: 0.0103
[1m8/8[0m [32m━━━━━━━━━━━━━━━━━━━━[0m[37m[0m [1m0s[0m 25ms/step - loss: 0.0119
Epoch 140/200

[1m1/8[0m [32m━━[0m[37m━━━━━━━━━━━━━━━━━━[0m [1m0s[0m 49ms/step - loss: 0.0231
[1m3/8[0m [32m━━━━━━━[0m[37m━━━━━━━━━━━━━[0m [1m0s[0m 26ms/step - loss: 0.0154
[1m6/8[0m [32m━━━━━━━━━━━━━━━[0m[37m━━━━━[0m [1m0s[0m 21ms/step - loss: 0.0132
[1m8/8[0m [32m━━━━━━━━━━━━━━━━━━━━[0m[37m[0m [1m0s[0m 23ms/step - loss: 0.0124
Epoch 141/200

[1m1/8[0m [32m━━[0m[37m━━━━━━━━━━━━━━━━━━[0m [1m0s[0m 56ms/step - loss: 0.0039
[1m4/8[0m [32m━━━━━━━━━━[0m[37m━━━━━━━━━━[0m [1m0s[0m 18ms/step - loss: 0.0100
[1m7/8[0m [32m━━━━━━━━━━━━━━━━━[0m[37m━━━[0m [1m0s[0m 19ms/step - loss: 0.0109
[1m8/8[0m [32m━━━━━━━━━━━━━━━━━━━━[0m[37m[0m [1m0s[0m 23ms/step - loss: 0.0117
Epoch 142/200

[1m1/8[0m [32m━━[0m[37m━━━━━━━━━━━━━━━━━━[0m [1m0s[0m 51ms/step - loss: 0.0312
[1m4/8[0m [32m━━━━━━━━━━[0m[37m━━━━━━━━━━[0m [1m0s[0m 20ms/step - loss: 0.0179
[1m7/8[0m [32m━━━━━━━━━━━━━━━━━[0m[37m━━━[0m [1m0s[0m 19ms/step - loss: 0.0146
[1m8/8[0m [32m━━━━━━━━━━━━━━━━━━━━[0m[37m[0m [1m0s[0m 21ms/step - loss: 0.0126
Epoch 143/200

[1m1/8[0m [32m━━[0m[37m━━━━━━━━━━━━━━━━━━[0m [1m0s[0m 46ms/step - loss: 0.0060
[1m4/8[0m [32m━━━━━━━━━━[0m[37m━━━━━━━━━━[0m [1m0s[0m 18ms/step - loss: 0.0086
[1m7/8[0m [32m━━━━━━━━━━━━━━━━━[0m[37m━━━[0m [1m0s[0m 17ms/step - loss: 0.0094
[1m8/8[0m [32m━━━━━━━━━━━━━━━━━━━━[0m[37m[0m [1m0s[0m 20ms/step - loss: 0.0122
Epoch 144/200

[1m1/8[0m [32m━━[0m[37m━━━━━━━━━━━━━━━━━━[0m [1m0s[0m 47ms/step - loss: 0.0053
[1m3/8[0m [32m━━━━━━━[0m[37m━━━━━━━━━━━━━[0m [1m0s[0m 25ms/step - loss: 0.0048
[1m5/8[0m [32m━━━━━━━━━━━━[0m[37m━━━━━━━━[0m [1m0s[0m 26ms/step - loss: 0.0056
[1m8/8[0m [32m━━━━━━━━━━━━━━━━━━━━[0m[37m[0m [1m0s[0m 24ms/step - loss: 0.0078
[1m8/8[0m [32m━━━━━━━━━━━━━━━━━━━━[0m[37m[0m [1m0s[0m 28ms/step - loss: 0.0116
Epoch 145/200

[1m1/8[0m [32m━━[0m[37m━━━━━━━━━━━━━━━━━━[0m [1m0s[0m 111ms/step - loss: 0.0073
[1m3/8[0m [32m━━━━━━━[0m[37m━━━━━━━━━━━━━[0m [1m0s[0m 26ms/step - loss: 0.0131 
[1m5/8[0m [32m━━━━━━━━━━━━[0m[37m━━━━━━━━[0m [1m0s[0m 27ms/step - loss: 0.0139
[1m8/8[0m [32m━━━━━━━━━━━━━━━━━━━━[0m[37m[0m [1m0s[0m 28ms/step - loss: 0.0122
Epoch 146/200

[1m1/8[0m [32m━━[0m[37m━━━━━━━━━━━━━━━━━━[0m [1m0s[0m 60ms/step - loss: 0.0054
[1m4/8[0m [32m━━━━━━━━━━[0m[37m━━━━━━━━━━[0m [1m0s[0m 21ms/step - loss: 0.0101
[1m7/8[0m [32m━━━━━━━━━━━━━━━━━[0m[37m━━━[0m [1m0s[0m 22ms/step - loss: 0.0116
[1m8/8[0m [32m━━━━━━━━━━━━━━━━━━━━[0m[37m[0m [1m0s[0m 27ms/step - loss: 0.0116
Epoch 147/200

[1m1/8[0m [32m━━[0m[37m━━━━━━━━━━━━━━━━━━[0m [1m0s[0m 50ms/step - loss: 0.0340
[1m4/8[0m [32m━━━━━━━━━━[0m[37m━━━━━━━━━━[0m [1m0s[0m 18ms/step - loss: 0.0208
[1m7/8[0m [32m━━━━━━━━━━━━━━━━━[0m[37m━━━[0m [1m0s[0m 20ms/step - loss: 0.0171
[1m8/8[0m [32m━━━━━━━━━━━━━━━━━━━━[0m[37m[0m [1m0s[0m 24ms/step - loss: 0.0116
Epoch 148/200

[1m1/8[0m [32m━━[0m[37m━━━━━━━━━━━━━━━━━━[0m [1m0s[0m 57ms/step - loss: 0.0139
[1m4/8[0m [32m━━━━━━━━━━[0m[37m━━━━━━━━━━[0m [1m0s[0m 22ms/step - loss: 0.0107
[1m7/8[0m [32m━━━━━━━━━━━━━━━━━[0m[37m━━━[0m [1m0s[0m 20ms/step - loss: 0.0107
[1m8/8[0m [32m━━━━━━━━━━━━━━━━━━━━[0m[37m[0m [1m0s[0m 24ms/step - loss: 0.0114
Epoch 149/200

[1m1/8[0m [32m━━[0m[37m━━━━━━━━━━━━━━━━━━[0m [1m0s[0m 56ms/step - loss: 0.0042
[1m4/8[0m [32m━━━━━━━━━━[0m[37m━━━━━━━━━━[0m [1m0s[0m 21ms/step - loss: 0.0108
[1m7/8[0m [32m━━━━━━━━━━━━━━━━━[0m[37m━━━[0m [1m0s[0m 22ms/step - loss: 0.0120
[1m8/8[0m [32m━━━━━━━━━━━━━━━━━━━━[0m[37m[0m [1m0s[0m 25ms/step - loss: 0.0117
Epoch 150/200

[1m1/8[0m [32m━━[0m[37m━━━━━━━━━━━━━━━━━━[0m [1m0s[0m 71ms/step - loss: 0.0221
[1m4/8[0m [32m━━━━━━━━━━[0m[37m━━━━━━━━━━[0m [1m0s[0m 22ms/step - loss: 0.0171
[1m7/8[0m [32m━━━━━━━━━━━━━━━━━[0m[37m━━━[0m [1m0s[0m 21ms/step - loss: 0.0144
[1m8/8[0m [32m━━━━━━━━━━━━━━━━━━━━[0m[37m[0m [1m0s[0m 25ms/step - loss: 0.0095
Epoch 151/200

[1m1/8[0m [32m━━[0m[37m━━━━━━━━━━━━━━━━━━[0m [1m0s[0m 66ms/step - loss: 0.0054
[1m4/8[0m [32m━━━━━━━━━━[0m[37m━━━━━━━━━━[0m [1m0s[0m 24ms/step - loss: 0.0071
[1m7/8[0m [32m━━━━━━━━━━━━━━━━━[0m[37m━━━[0m [1m0s[0m 21ms/step - loss: 0.0094
[1m8/8[0m [32m━━━━━━━━━━━━━━━━━━━━[0m[37m[0m [1m0s[0m 24ms/step - loss: 0.0106
Epoch 152/200

[1m1/8[0m [32m━━[0m[37m━━━━━━━━━━━━━━━━━━[0m [1m0s[0m 47ms/step - loss: 0.0063
[1m4/8[0m [32m━━━━━━━━━━[0m[37m━━━━━━━━━━[0m [1m0s[0m 20ms/step - loss: 0.0056
[1m7/8[0m [32m━━━━━━━━━━━━━━━━━[0m[37m━━━[0m [1m0s[0m 21ms/step - loss: 0.0084
[1m8/8[0m [32m━━━━━━━━━━━━━━━━━━━━[0m[37m[0m [1m0s[0m 25ms/step - loss: 0.0113
Epoch 153/200

[1m1/8[0m [32m━━[0m[37m━━━━━━━━━━━━━━━━━━[0m [1m0s[0m 80ms/step - loss: 0.0143
[1m4/8[0m [32m━━━━━━━━━━[0m[37m━━━━━━━━━━[0m [1m0s[0m 24ms/step - loss: 0.0136
[1m7/8[0m [32m━━━━━━━━━━━━━━━━━[0m[37m━━━[0m [1m0s[0m 20ms/step - loss: 0.0130
[1m8/8[0m [32m━━━━━━━━━━━━━━━━━━━━[0m[37m[0m [1m0s[0m 23ms/step - loss: 0.0115
Epoch 154/200

[1m1/8[0m [32m━━[0m[37m━━━━━━━━━━━━━━━━━━[0m [1m0s[0m 42ms/step - loss: 0.0026
[1m4/8[0m [32m━━━━━━━━━━[0m[37m━━━━━━━━━━[0m [1m0s[0m 24ms/step - loss: 0.0066
[1m7/8[0m [32m━━━━━━━━━━━━━━━━━[0m[37m━━━[0m [1m0s[0m 22ms/step - loss: 0.0086
[1m8/8[0m [32m━━━━━━━━━━━━━━━━━━━━[0m[37m[0m [1m0s[0m 26ms/step - loss: 0.0113
Epoch 155/200

[1m1/8[0m [32m━━[0m[37m━━━━━━━━━━━━━━━━━━[0m [1m0s[0m 53ms/step - loss: 0.0025
[1m4/8[0m [32m━━━━━━━━━━[0m[37m━━━━━━━━━━[0m [1m0s[0m 22ms/step - loss: 0.0085
[1m7/8[0m [32m━━━━━━━━━━━━━━━━━[0m[37m━━━[0m [1m0s[0m 22ms/step - loss: 0.0090
[1m8/8[0m [32m━━━━━━━━━━━━━━━━━━━━[0m[37m[0m [1m0s[0m 25ms/step - loss: 0.0097
Epoch 156/200

[1m1/8[0m [32m━━[0m[37m━━━━━━━━━━━━━━━━━━[0m [1m0s[0m 46ms/step - loss: 0.0041
[1m4/8[0m [32m━━━━━━━━━━[0m[37m━━━━━━━━━━[0m [1m0s[0m 22ms/step - loss: 0.0155
[1m7/8[0m [32m━━━━━━━━━━━━━━━━━[0m[37m━━━[0m [1m0s[0m 22ms/step - loss: 0.0142
[1m8/8[0m [32m━━━━━━━━━━━━━━━━━━━━[0m[37m[0m [1m0s[0m 26ms/step - loss: 0.0117
Epoch 157/200

[1m1/8[0m [32m━━[0m[37m━━━━━━━━━━━━━━━━━━[0m [1m0s[0m 43ms/step - loss: 0.0035
[1m4/8[0m [32m━━━━━━━━━━[0m[37m━━━━━━━━━━[0m [1m0s[0m 18ms/step - loss: 0.0058
[1m7/8[0m [32m━━━━━━━━━━━━━━━━━[0m[37m━━━[0m [1m0s[0m 18ms/step - loss: 0.0085
[1m8/8[0m [32m━━━━━━━━━━━━━━━━━━━━[0m[37m[0m [1m0s[0m 23ms/step - loss: 0.0113
Epoch 158/200

[1m1/8[0m [32m━━[0m[37m━━━━━━━━━━━━━━━━━━[0m [1m0s[0m 59ms/step - loss: 0.0259
[1m4/8[0m [32m━━━━━━━━━━[0m[37m━━━━━━━━━━[0m [1m0s[0m 20ms/step - loss: 0.0186
[1m7/8[0m [32m━━━━━━━━━━━━━━━━━[0m[37m━━━[0m [1m0s[0m 19ms/step - loss: 0.0160
[1m8/8[0m [32m━━━━━━━━━━━━━━━━━━━━[0m[37m[0m [1m0s[0m 24ms/step - loss: 0.0107
Epoch 159/200

[1m1/8[0m [32m━━[0m[37m━━━━━━━━━━━━━━━━━━[0m [1m0s[0m 62ms/step - loss: 0.0174
[1m4/8[0m [32m━━━━━━━━━━[0m[37m━━━━━━━━━━[0m [1m0s[0m 20ms/step - loss: 0.0146
[1m7/8[0m [32m━━━━━━━━━━━━━━━━━[0m[37m━━━[0m [1m0s[0m 20ms/step - loss: 0.0136
[1m8/8[0m [32m━━━━━━━━━━━━━━━━━━━━[0m[37m[0m [1m0s[0m 30ms/step - loss: 0.0116
Epoch 160/200

[1m1/8[0m [32m━━[0m[37m━━━━━━━━━━━━━━━━━━[0m [1m0s[0m 68ms/step - loss: 0.0050
[1m4/8[0m [32m━━━━━━━━━━[0m[37m━━━━━━━━━━[0m [1m0s[0m 20ms/step - loss: 0.0138
[1m7/8[0m [32m━━━━━━━━━━━━━━━━━[0m[37m━━━[0m [1m0s[0m 19ms/step - loss: 0.0130
[1m8/8[0m [32m━━━━━━━━━━━━━━━━━━━━[0m[37m[0m [1m0s[0m 23ms/step - loss: 0.0112
Epoch 161/200

[1m1/8[0m [32m━━[0m[37m━━━━━━━━━━━━━━━━━━[0m [1m0s[0m 54ms/step - loss: 0.0063
[1m4/8[0m [32m━━━━━━━━━━[0m[37m━━━━━━━━━━[0m [1m0s[0m 20ms/step - loss: 0.0065
[1m7/8[0m [32m━━━━━━━━━━━━━━━━━[0m[37m━━━[0m [1m0s[0m 19ms/step - loss: 0.0090
[1m8/8[0m [32m━━━━━━━━━━━━━━━━━━━━[0m[37m[0m [1m0s[0m 22ms/step - loss: 0.0113
Epoch 162/200

[1m1/8[0m [32m━━[0m[37m━━━━━━━━━━━━━━━━━━[0m [1m0s[0m 46ms/step - loss: 0.0030
[1m4/8[0m [32m━━━━━━━━━━[0m[37m━━━━━━━━━━[0m [1m0s[0m 20ms/step - loss: 0.0123
[1m7/8[0m [32m━━━━━━━━━━━━━━━━━[0m[37m━━━[0m [1m0s[0m 21ms/step - loss: 0.0119
[1m8/8[0m [32m━━━━━━━━━━━━━━━━━━━━[0m[37m[0m [1m0s[0m 25ms/step - loss: 0.0113
Epoch 163/200

[1m1/8[0m [32m━━[0m[37m━━━━━━━━━━━━━━━━━━[0m [1m0s[0m 62ms/step - loss: 0.0304
[1m3/8[0m [32m━━━━━━━[0m[37m━━━━━━━━━━━━━[0m [1m0s[0m 25ms/step - loss: 0.0203
[1m6/8[0m [32m━━━━━━━━━━━━━━━[0m[37m━━━━━[0m [1m0s[0m 24ms/step - loss: 0.0171
[1m8/8[0m [32m━━━━━━━━━━━━━━━━━━━━[0m[37m[0m [1m0s[0m 28ms/step - loss: 0.0116
Epoch 164/200

[1m1/8[0m [32m━━[0m[37m━━━━━━━━━━━━━━━━━━[0m [1m0s[0m 56ms/step - loss: 0.0275
[1m4/8[0m [32m━━━━━━━━━━[0m[37m━━━━━━━━━━[0m [1m0s[0m 23ms/step - loss: 0.0180
[1m7/8[0m [32m━━━━━━━━━━━━━━━━━[0m[37m━━━[0m [1m0s[0m 22ms/step - loss: 0.0158
[1m8/8[0m [32m━━━━━━━━━━━━━━━━━━━━[0m[37m[0m [1m0s[0m 24ms/step - loss: 0.0109
Epoch 165/200

[1m1/8[0m [32m━━[0m[37m━━━━━━━━━━━━━━━━━━[0m [1m0s[0m 44ms/step - loss: 0.0052
[1m4/8[0m [32m━━━━━━━━━━[0m[37m━━━━━━━━━━[0m [1m0s[0m 17ms/step - loss: 0.0057
[1m7/8[0m [32m━━━━━━━━━━━━━━━━━[0m[37m━━━[0m [1m0s[0m 20ms/step - loss: 0.0086
[1m8/8[0m [32m━━━━━━━━━━━━━━━━━━━━[0m[37m[0m [1m0s[0m 25ms/step - loss: 0.0088
[1m8/8[0m [32m━━━━━━━━━━━━━━━━━━━━[0m[37m[0m [1m0s[0m 29ms/step - loss: 0.0107
Epoch 166/200

[1m1/8[0m [32m━━[0m[37m━━━━━━━━━━━━━━━━━━[0m [1m0s[0m 100ms/step - loss: 0.0187
[1m2/8[0m [32m━━━━━[0m[37m━━━━━━━━━━━━━━━[0m [1m0s[0m 53ms/step - loss: 0.0153 
[1m5/8[0m [32m━━━━━━━━━━━━[0m[37m━━━━━━━━[0m [1m0s[0m 29ms/step - loss: 0.0114
[1m8/8[0m [32m━━━━━━━━━━━━━━━━━━━━[0m[37m[0m [1m0s[0m 26ms/step - loss: 0.0105
[1m8/8[0m [32m━━━━━━━━━━━━━━━━━━━━[0m[37m[0m [1m0s[0m 31ms/step - loss: 0.0108
Epoch 167/200

[1m1/8[0m [32m━━[0m[37m━━━━━━━━━━━━━━━━━━[0m [1m0s[0m 82ms/step - loss: 0.0179
[1m3/8[0m [32m━━━━━━━[0m[37m━━━━━━━━━━━━━[0m [1m0s[0m 28ms/step - loss: 0.0148
[1m5/8[0m [32m━━━━━━━━━━━━[0m[37m━━━━━━━━[0m [1m0s[0m 32ms/step - loss: 0.0136
[1m7/8[0m [32m━━━━━━━━━━━━━━━━━[0m[37m━━━[0m [1m0s[0m 32ms/step - loss: 0.0126
[1m8/8[0m [32m━━━━━━━━━━━━━━━━━━━━[0m[37m[0m [1m0s[0m 35ms/step - loss: 0.0101
Epoch 168/200

[1m1/8[0m [32m━━[0m[37m━━━━━━━━━━━━━━━━━━[0m [1m0s[0m 58ms/step - loss: 0.0052
[1m4/8[0m [32m━━━━━━━━━━[0m[37m━━━━━━━━━━[0m [1m0s[0m 20ms/step - loss: 0.0094
[1m6/8[0m [32m━━━━━━━━━━━━━━━[0m[37m━━━━━[0m [1m0s[0m 22ms/step - loss: 0.0089
[1m8/8[0m [32m━━━━━━━━━━━━━━━━━━━━[0m[37m[0m [1m0s[0m 27ms/step - loss: 0.0103
Epoch 169/200

[1m1/8[0m [32m━━[0m[37m━━━━━━━━━━━━━━━━━━[0m [1m0s[0m 56ms/step - loss: 0.0042
[1m4/8[0m [32m━━━━━━━━━━[0m[37m━━━━━━━━━━[0m [1m0s[0m 22ms/step - loss: 0.0062
[1m7/8[0m [32m━━━━━━━━━━━━━━━━━[0m[37m━━━[0m [1m0s[0m 22ms/step - loss: 0.0077
[1m8/8[0m [32m━━━━━━━━━━━━━━━━━━━━[0m[37m[0m [1m0s[0m 27ms/step - loss: 0.0118
Epoch 170/200

[1m1/8[0m [32m━━[0m[37m━━━━━━━━━━━━━━━━━━[0m [1m0s[0m 116ms/step - loss: 0.0033
[1m4/8[0m [32m━━━━━━━━━━[0m[37m━━━━━━━━━━[0m [1m0s[0m 24ms/step - loss: 0.0107 
[1m6/8[0m [32m━━━━━━━━━━━━━━━[0m[37m━━━━━[0m [1m0s[0m 28ms/step - loss: 0.0101
[1m8/8[0m [32m━━━━━━━━━━━━━━━━━━━━[0m[37m[0m [1m0s[0m 31ms/step - loss: 0.0102
[1m8/8[0m [32m━━━━━━━━━━━━━━━━━━━━[0m[37m[0m [1m0s[0m 34ms/step - loss: 0.0100
Epoch 171/200

[1m1/8[0m [32m━━[0m[37m━━━━━━━━━━━━━━━━━━[0m [1m0s[0m 102ms/step - loss: 0.0216
[1m3/8[0m [32m━━━━━━━[0m[37m━━━━━━━━━━━━━[0m [1m0s[0m 35ms/step - loss: 0.0170 
[1m6/8[0m [32m━━━━━━━━━━━━━━━[0m[37m━━━━━[0m [1m0s[0m 28ms/step - loss: 0.0147
[1m8/8[0m [32m━━━━━━━━━━━━━━━━━━━━[0m[37m[0m [1m0s[0m 34ms/step - loss: 0.0105
Epoch 172/200

[1m1/8[0m [32m━━[0m[37m━━━━━━━━━━━━━━━━━━[0m [1m0s[0m 94ms/step - loss: 0.0039
[1m3/8[0m [32m━━━━━━━[0m[37m━━━━━━━━━━━━━[0m [1m0s[0m 26ms/step - loss: 0.0058
[1m6/8[0m [32m━━━━━━━━━━━━━━━[0m[37m━━━━━[0m [1m0s[0m 22ms/step - loss: 0.0068
[1m8/8[0m [32m━━━━━━━━━━━━━━━━━━━━[0m[37m[0m [1m0s[0m 24ms/step - loss: 0.0076
[1m8/8[0m [32m━━━━━━━━━━━━━━━━━━━━[0m[37m[0m [1m0s[0m 32ms/step - loss: 0.0097
Epoch 173/200

[1m1/8[0m [32m━━[0m[37m━━━━━━━━━━━━━━━━━━[0m [1m0s[0m 81ms/step - loss: 0.0229
[1m3/8[0m [32m━━━━━━━[0m[37m━━━━━━━━━━━━━[0m [1m0s[0m 26ms/step - loss: 0.0215
[1m5/8[0m [32m━━━━━━━━━━━━[0m[37m━━━━━━━━[0m [1m0s[0m 26ms/step - loss: 0.0183
[1m7/8[0m [32m━━━━━━━━━━━━━━━━━[0m[37m━━━[0m [1m0s[0m 28ms/step - loss: 0.0167
[1m8/8[0m [32m━━━━━━━━━━━━━━━━━━━━[0m[37m[0m [1m0s[0m 34ms/step - loss: 0.0120
Epoch 174/200

[1m1/8[0m [32m━━[0m[37m━━━━━━━━━━━━━━━━━━[0m [1m0s[0m 66ms/step - loss: 0.0042
[1m3/8[0m [32m━━━━━━━[0m[37m━━━━━━━━━━━━━[0m [1m0s[0m 34ms/step - loss: 0.0101
[1m5/8[0m [32m━━━━━━━━━━━━[0m[37m━━━━━━━━[0m [1m0s[0m 34ms/step - loss: 0.0107
[1m8/8[0m [32m━━━━━━━━━━━━━━━━━━━━[0m[37m[0m [1m0s[0m 29ms/step - loss: 0.0104
[1m8/8[0m [32m━━━━━━━━━━━━━━━━━━━━[0m[37m[0m [1m0s[0m 33ms/step - loss: 0.0099
Epoch 175/200

[1m1/8[0m [32m━━[0m[37m━━━━━━━━━━━━━━━━━━[0m [1m0s[0m 68ms/step - loss: 0.0061
[1m4/8[0m [32m━━━━━━━━━━[0m[37m━━━━━━━━━━[0m [1m0s[0m 27ms/step - loss: 0.0058
[1m6/8[0m [32m━━━━━━━━━━━━━━━[0m[37m━━━━━[0m [1m0s[0m 30ms/step - loss: 0.0073
[1m8/8[0m [32m━━━━━━━━━━━━━━━━━━━━[0m[37m[0m [1m0s[0m 33ms/step - loss: 0.0101
Epoch 176/200

[1m1/8[0m [32m━━[0m[37m━━━━━━━━━━━━━━━━━━[0m [1m0s[0m 69ms/step - loss: 0.0027
[1m4/8[0m [32m━━━━━━━━━━[0m[37m━━━━━━━━━━[0m [1m0s[0m 25ms/step - loss: 0.0092
[1m6/8[0m [32m━━━━━━━━━━━━━━━[0m[37m━━━━━[0m [1m0s[0m 25ms/step - loss: 0.0091
[1m8/8[0m [32m━━━━━━━━━━━━━━━━━━━━[0m[37m[0m [1m0s[0m 25ms/step - loss: 0.0092
[1m8/8[0m [32m━━━━━━━━━━━━━━━━━━━━[0m[37m[0m [1m0s[0m 31ms/step - loss: 0.0105
Epoch 177/200

[1m1/8[0m [32m━━[0m[37m━━━━━━━━━━━━━━━━━━[0m [1m0s[0m 77ms/step - loss: 0.0026
[1m4/8[0m [32m━━━━━━━━━━[0m[37m━━━━━━━━━━[0m [1m0s[0m 22ms/step - loss: 0.0067
[1m7/8[0m [32m━━━━━━━━━━━━━━━━━[0m[37m━━━[0m [1m0s[0m 23ms/step - loss: 0.0075
[1m8/8[0m [32m━━━━━━━━━━━━━━━━━━━━[0m[37m[0m [1m0s[0m 28ms/step - loss: 0.0097
Epoch 178/200

[1m1/8[0m [32m━━[0m[37m━━━━━━━━━━━━━━━━━━[0m [1m0s[0m 59ms/step - loss: 0.0240
[1m4/8[0m [32m━━━━━━━━━━[0m[37m━━━━━━━━━━[0m [1m0s[0m 22ms/step - loss: 0.0196
[1m6/8[0m [32m━━━━━━━━━━━━━━━[0m[37m━━━━━[0m [1m0s[0m 25ms/step - loss: 0.0169
[1m8/8[0m [32m━━━━━━━━━━━━━━━━━━━━[0m[37m[0m [1m0s[0m 27ms/step - loss: 0.0103
Epoch 179/200

[1m1/8[0m [32m━━[0m[37m━━━━━━━━━━━━━━━━━━[0m [1m0s[0m 56ms/step - loss: 0.0041
[1m4/8[0m [32m━━━━━━━━━━[0m[37m━━━━━━━━━━[0m [1m0s[0m 22ms/step - loss: 0.0095
[1m7/8[0m [32m━━━━━━━━━━━━━━━━━[0m[37m━━━[0m [1m0s[0m 22ms/step - loss: 0.0098
[1m8/8[0m [32m━━━━━━━━━━━━━━━━━━━━[0m[37m[0m [1m0s[0m 24ms/step - loss: 0.0097
Epoch 180/200

[1m1/8[0m [32m━━[0m[37m━━━━━━━━━━━━━━━━━━[0m [1m0s[0m 44ms/step - loss: 0.0068
[1m5/8[0m [32m━━━━━━━━━━━━[0m[37m━━━━━━━━[0m [1m0s[0m 17ms/step - loss: 0.0105
[1m8/8[0m [32m━━━━━━━━━━━━━━━━━━━━[0m[37m[0m [1m0s[0m 18ms/step - loss: 0.0099
[1m8/8[0m [32m━━━━━━━━━━━━━━━━━━━━[0m[37m[0m [1m0s[0m 22ms/step - loss: 0.0084
Epoch 181/200

[1m1/8[0m [32m━━[0m[37m━━━━━━━━━━━━━━━━━━[0m [1m0s[0m 115ms/step - loss: 0.0042
[1m4/8[0m [32m━━━━━━━━━━[0m[37m━━━━━━━━━━[0m [1m0s[0m 17ms/step - loss: 0.0109 
[1m7/8[0m [32m━━━━━━━━━━━━━━━━━[0m[37m━━━[0m [1m0s[0m 19ms/step - loss: 0.0105
[1m8/8[0m [32m━━━━━━━━━━━━━━━━━━━━[0m[37m[0m [1m0s[0m 23ms/step - loss: 0.0097
Epoch 182/200

[1m1/8[0m [32m━━[0m[37m━━━━━━━━━━━━━━━━━━[0m [1m0s[0m 65ms/step - loss: 0.0156
[1m4/8[0m [32m━━━━━━━━━━[0m[37m━━━━━━━━━━[0m [1m0s[0m 22ms/step - loss: 0.0174
[1m7/8[0m [32m━━━━━━━━━━━━━━━━━[0m[37m━━━[0m [1m0s[0m 22ms/step - loss: 0.0151
[1m8/8[0m [32m━━━━━━━━━━━━━━━━━━━━[0m[37m[0m [1m0s[0m 27ms/step - loss: 0.0103
Epoch 183/200

[1m1/8[0m [32m━━[0m[37m━━━━━━━━━━━━━━━━━━[0m [1m0s[0m 76ms/step - loss: 0.0243
[1m4/8[0m [32m━━━━━━━━━━[0m[37m━━━━━━━━━━[0m [1m0s[0m 26ms/step - loss: 0.0153
[1m6/8[0m [32m━━━━━━━━━━━━━━━[0m[37m━━━━━[0m [1m0s[0m 27ms/step - loss: 0.0135
[1m8/8[0m [32m━━━━━━━━━━━━━━━━━━━━[0m[37m[0m [1m0s[0m 32ms/step - loss: 0.0127
[1m8/8[0m [32m━━━━━━━━━━━━━━━━━━━━[0m[37m[0m [1m0s[0m 36ms/step - loss: 0.0100
Epoch 184/200

[1m1/8[0m [32m━━[0m[37m━━━━━━━━━━━━━━━━━━[0m [1m2s[0m 366ms/step - loss: 0.0200
[1m3/8[0m [32m━━━━━━━[0m[37m━━━━━━━━━━━━━[0m [1m0s[0m 38ms/step - loss: 0.0158 
[1m5/8[0m [32m━━━━━━━━━━━━[0m[37m━━━━━━━━[0m [1m0s[0m 32ms/step - loss: 0.0152
[1m7/8[0m [32m━━━━━━━━━━━━━━━━━[0m[37m━━━[0m [1m0s[0m 31ms/step - loss: 0.0140
[1m8/8[0m [32m━━━━━━━━━━━━━━━━━━━━[0m[37m[0m [1m1s[0m 36ms/step - loss: 0.0101
Epoch 185/200

[1m1/8[0m [32m━━[0m[37m━━━━━━━━━━━━━━━━━━[0m [1m0s[0m 62ms/step - loss: 0.0111
[1m3/8[0m [32m━━━━━━━[0m[37m━━━━━━━━━━━━━[0m [1m0s[0m 38ms/step - loss: 0.0082
[1m5/8[0m [32m━━━━━━━━━━━━[0m[37m━━━━━━━━[0m [1m0s[0m 35ms/step - loss: 0.0077
[1m7/8[0m [32m━━━━━━━━━━━━━━━━━[0m[37m━━━[0m [1m0s[0m 32ms/step - loss: 0.0086
[1m8/8[0m [32m━━━━━━━━━━━━━━━━━━━━[0m[37m[0m [1m0s[0m 36ms/step - loss: 0.0096
Epoch 186/200

[1m1/8[0m [32m━━[0m[37m━━━━━━━━━━━━━━━━━━[0m [1m2s[0m 372ms/step - loss: 0.0040
[1m3/8[0m [32m━━━━━━━[0m[37m━━━━━━━━━━━━━[0m [1m0s[0m 26ms/step - loss: 0.0040 
[1m5/8[0m [32m━━━━━━━━━━━━[0m[37m━━━━━━━━[0m [1m0s[0m 29ms/step - loss: 0.0057
[1m7/8[0m [32m━━━━━━━━━━━━━━━━━[0m[37m━━━[0m [1m0s[0m 31ms/step - loss: 0.0067
[1m8/8[0m [32m━━━━━━━━━━━━━━━━━━━━[0m[37m[0m [1m1s[0m 33ms/step - loss: 0.0102
Epoch 187/200

[1m1/8[0m [32m━━[0m[37m━━━━━━━━━━━━━━━━━━[0m [1m0s[0m 62ms/step - loss: 0.0243
[1m3/8[0m [32m━━━━━━━[0m[37m━━━━━━━━━━━━━[0m [1m0s[0m 29ms/step - loss: 0.0164
[1m5/8[0m [32m━━━━━━━━━━━━[0m[37m━━━━━━━━[0m [1m0s[0m 31ms/step - loss: 0.0153
[1m7/8[0m [32m━━━━━━━━━━━━━━━━━[0m[37m━━━[0m [1m0s[0m 31ms/step - loss: 0.0139
[1m8/8[0m [32m━━━━━━━━━━━━━━━━━━━━[0m[37m[0m [1m0s[0m 34ms/step - loss: 0.0098
Epoch 188/200

[1m1/8[0m [32m━━[0m[37m━━━━━━━━━━━━━━━━━━[0m [1m0s[0m 53ms/step - loss: 0.0042
[1m4/8[0m [32m━━━━━━━━━━[0m[37m━━━━━━━━━━[0m [1m0s[0m 25ms/step - loss: 0.0094
[1m7/8[0m [32m━━━━━━━━━━━━━━━━━[0m[37m━━━[0m [1m0s[0m 25ms/step - loss: 0.0098
[1m8/8[0m [32m━━━━━━━━━━━━━━━━━━━━[0m[37m[0m [1m0s[0m 29ms/step - loss: 0.0103
Epoch 189/200

[1m1/8[0m [32m━━[0m[37m━━━━━━━━━━━━━━━━━━[0m [1m0s[0m 57ms/step - loss: 0.0286
[1m3/8[0m [32m━━━━━━━[0m[37m━━━━━━━━━━━━━[0m [1m0s[0m 30ms/step - loss: 0.0195
[1m6/8[0m [32m━━━━━━━━━━━━━━━[0m[37m━━━━━[0m [1m0s[0m 25ms/step - loss: 0.0147
[1m8/8[0m [32m━━━━━━━━━━━━━━━━━━━━[0m[37m[0m [1m0s[0m 27ms/step - loss: 0.0098
Epoch 190/200

[1m1/8[0m [32m━━[0m[37m━━━━━━━━━━━━━━━━━━[0m [1m0s[0m 116ms/step - loss: 0.0040
[1m3/8[0m [32m━━━━━━━[0m[37m━━━━━━━━━━━━━[0m [1m0s[0m 28ms/step - loss: 0.0040 
[1m6/8[0m [32m━━━━━━━━━━━━━━━[0m[37m━━━━━[0m [1m0s[0m 27ms/step - loss: 0.0072
[1m8/8[0m [32m━━━━━━━━━━━━━━━━━━━━[0m[37m[0m [1m0s[0m 28ms/step - loss: 0.0080
[1m8/8[0m [32m━━━━━━━━━━━━━━━━━━━━[0m[37m[0m [1m0s[0m 32ms/step - loss: 0.0101
Epoch 191/200

[1m1/8[0m [32m━━[0m[37m━━━━━━━━━━━━━━━━━━[0m [1m0s[0m 48ms/step - loss: 0.0034
[1m3/8[0m [32m━━━━━━━[0m[37m━━━━━━━━━━━━━[0m [1m0s[0m 26ms/step - loss: 0.0039
[1m5/8[0m [32m━━━━━━━━━━━━[0m[37m━━━━━━━━[0m [1m0s[0m 26ms/step - loss: 0.0048
[1m8/8[0m [32m━━━━━━━━━━━━━━━━━━━━[0m[37m[0m [1m0s[0m 24ms/step - loss: 0.0067
[1m8/8[0m [32m━━━━━━━━━━━━━━━━━━━━[0m[37m[0m [1m0s[0m 29ms/step - loss: 0.0096
Epoch 192/200

[1m1/8[0m [32m━━[0m[37m━━━━━━━━━━━━━━━━━━[0m [1m0s[0m 103ms/step - loss: 0.0049
[1m4/8[0m [32m━━━━━━━━━━[0m[37m━━━━━━━━━━[0m [1m0s[0m 22ms/step - loss: 0.0059 
[1m7/8[0m [32m━━━━━━━━━━━━━━━━━[0m[37m━━━[0m [1m0s[0m 21ms/step - loss: 0.0077
[1m8/8[0m [32m━━━━━━━━━━━━━━━━━━━━[0m[37m[0m [1m0s[0m 25ms/step - loss: 0.0101
Epoch 193/200

[1m1/8[0m [32m━━[0m[37m━━━━━━━━━━━━━━━━━━[0m [1m0s[0m 49ms/step - loss: 0.0049
[1m4/8[0m [32m━━━━━━━━━━[0m[37m━━━━━━━━━━[0m [1m0s[0m 26ms/step - loss: 0.0050
[1m6/8[0m [32m━━━━━━━━━━━━━━━[0m[37m━━━━━[0m [1m0s[0m 26ms/step - loss: 0.0055
[1m8/8[0m [32m━━━━━━━━━━━━━━━━━━━━[0m[37m[0m [1m0s[0m 29ms/step - loss: 0.0093
Epoch 194/200

[1m1/8[0m [32m━━[0m[37m━━━━━━━━━━━━━━━━━━[0m [1m0s[0m 81ms/step - loss: 0.0189
[1m4/8[0m [32m━━━━━━━━━━[0m[37m━━━━━━━━━━[0m [1m0s[0m 25ms/step - loss: 0.0134
[1m6/8[0m [32m━━━━━━━━━━━━━━━[0m[37m━━━━━[0m [1m0s[0m 34ms/step - loss: 0.0116
[1m8/8[0m [32m━━━━━━━━━━━━━━━━━━━━[0m[37m[0m [1m0s[0m 37ms/step - loss: 0.0111
[1m8/8[0m [32m━━━━━━━━━━━━━━━━━━━━[0m[37m[0m [1m0s[0m 43ms/step - loss: 0.0093
Epoch 195/200

[1m1/8[0m [32m━━[0m[37m━━━━━━━━━━━━━━━━━━[0m [1m1s[0m 162ms/step - loss: 0.0059
[1m3/8[0m [32m━━━━━━━[0m[37m━━━━━━━━━━━━━[0m [1m0s[0m 34ms/step - loss: 0.0070 
[1m5/8[0m [32m━━━━━━━━━━━━[0m[37m━━━━━━━━[0m [1m0s[0m 31ms/step - loss: 0.0066
[1m7/8[0m [32m━━━━━━━━━━━━━━━━━[0m[37m━━━[0m [1m0s[0m 34ms/step - loss: 0.0073
[1m8/8[0m [32m━━━━━━━━━━━━━━━━━━━━[0m[37m[0m [1m0s[0m 38ms/step - loss: 0.0097
Epoch 196/200

[1m1/8[0m [32m━━[0m[37m━━━━━━━━━━━━━━━━━━[0m [1m0s[0m 54ms/step - loss: 0.0024
[1m4/8[0m [32m━━━━━━━━━━[0m[37m━━━━━━━━━━[0m [1m0s[0m 23ms/step - loss: 0.0042
[1m6/8[0m [32m━━━━━━━━━━━━━━━[0m[37m━━━━━[0m [1m0s[0m 30ms/step - loss: 0.0057
[1m8/8[0m [32m━━━━━━━━━━━━━━━━━━━━[0m[37m[0m [1m0s[0m 30ms/step - loss: 0.0064
[1m8/8[0m [32m━━━━━━━━━━━━━━━━━━━━[0m[37m[0m [1m0s[0m 34ms/step - loss: 0.0085
Epoch 197/200

[1m1/8[0m [32m━━[0m[37m━━━━━━━━━━━━━━━━━━[0m [1m0s[0m 49ms/step - loss: 0.0037
[1m4/8[0m [32m━━━━━━━━━━[0m[37m━━━━━━━━━━[0m [1m0s[0m 21ms/step - loss: 0.0049
[1m7/8[0m [32m━━━━━━━━━━━━━━━━━[0m[37m━━━[0m [1m0s[0m 22ms/step - loss: 0.0065
[1m8/8[0m [32m━━━━━━━━━━━━━━━━━━━━[0m[37m[0m [1m0s[0m 26ms/step - loss: 0.0095
Epoch 198/200

[1m1/8[0m [32m━━[0m[37m━━━━━━━━━━━━━━━━━━[0m [1m0s[0m 70ms/step - loss: 0.0227
[1m3/8[0m [32m━━━━━━━[0m[37m━━━━━━━━━━━━━[0m [1m0s[0m 35ms/step - loss: 0.0152
[1m5/8[0m [32m━━━━━━━━━━━━[0m[37m━━━━━━━━[0m [1m0s[0m 33ms/step - loss: 0.0125
[1m7/8[0m [32m━━━━━━━━━━━━━━━━━[0m[37m━━━[0m [1m0s[0m 35ms/step - loss: 0.0110
[1m8/8[0m [32m━━━━━━━━━━━━━━━━━━━━[0m[37m[0m [1m0s[0m 41ms/step - loss: 0.0089
Epoch 199/200

[1m1/8[0m [32m━━[0m[37m━━━━━━━━━━━━━━━━━━[0m [1m2s[0m 336ms/step - loss: 0.0041
[1m3/8[0m [32m━━━━━━━[0m[37m━━━━━━━━━━━━━[0m [1m0s[0m 44ms/step - loss: 0.0056 
[1m5/8[0m [32m━━━━━━━━━━━━[0m[37m━━━━━━━━[0m [1m0s[0m 38ms/step - loss: 0.0069
[1m7/8[0m [32m━━━━━━━━━━━━━━━━━[0m[37m━━━[0m [1m0s[0m 38ms/step - loss: 0.0076
[1m8/8[0m [32m━━━━━━━━━━━━━━━━━━━━[0m[37m[0m [1m1s[0m 41ms/step - loss: 0.0089
Epoch 200/200

[1m1/8[0m [32m━━[0m[37m━━━━━━━━━━━━━━━━━━[0m [1m0s[0m 61ms/step - loss: 0.0063
[1m3/8[0m [32m━━━━━━━[0m[37m━━━━━━━━━━━━━[0m [1m0s[0m 31ms/step - loss: 0.0054
[1m5/8[0m [32m━━━━━━━━━━━━[0m[37m━━━━━━━━[0m [1m0s[0m 33ms/step - loss: 0.0069
[1m7/8[0m [32m━━━━━━━━━━━━━━━━━[0m[37m━━━[0m [1m0s[0m 34ms/step - loss: 0.0077
[1m8/8[0m [32m━━━━━━━━━━━━━━━━━━━━[0m[37m[0m [1m0s[0m 38ms/step - loss: 0.0095
Using bucket name: missingtimestamp
Bucket missingtimestamp created.
Uploading device8.keras to bucket missingtimestamp...
device8.keras uploaded to bucket missingtimestamp.
Uploading scaler to bucket missingtimestamp...
scaler.save uploaded to bucket missingtimestamp.

Model path is:  2025-12-08-00-20-00-2025-12-08-00-29-59-model
Triggering forecasting with retrained model
Forecasting.py script logs
Database connection established
Value of --retrain flag: True

Forecasting for retrained model using device8/2025-12-08-00-20-00-2025-12-08-00-29-59-model/device8.keras and device8/2025-12-08-00-20-00-2025-12-08-00-29-59-model/scaler.save
Successfully downloaded model and scaler from S3

Actual values fetched from database
    sensor_id  sensor_energy_value    sensor_timestamp  message_delay
0           8                623.2 2025-12-08 00:29:00        59141.0
1           8                619.1 2025-12-08 00:29:01        58140.0
2           8                617.2 2025-12-08 00:29:02        57138.0
3           8                617.6 2025-12-08 00:29:03        56137.0
4           8                619.7 2025-12-08 00:29:04        55136.0
5           8                616.5 2025-12-08 00:29:05        54130.0
6           8                619.9 2025-12-08 00:29:06        53118.0
7           8                618.8 2025-12-08 00:29:07        52114.0
8           8                615.4 2025-12-08 00:29:08        51112.0
9           8                616.3 2025-12-08 00:29:09        50111.0
10          8                622.5 2025-12-08 00:29:10        49110.0
11          8                615.9 2025-12-08 00:29:11        48108.0
12          8                614.8 2025-12-08 00:29:12        47100.0
13          8                616.6 2025-12-08 00:29:13        46099.0
14          8                617.3 2025-12-08 00:29:14        45098.0
15          8                614.6 2025-12-08 00:29:15        44097.0
16          8                615.5 2025-12-08 00:29:16        43096.0
17          8                615.7 2025-12-08 00:29:17        42094.0
18          8                614.7 2025-12-08 00:29:18        41093.0
19          8                621.8 2025-12-08 00:29:19        40092.0
20          8                622.7 2025-12-08 00:29:20        39091.0
21          8                618.5 2025-12-08 00:29:21        38090.0
22          8                619.7 2025-12-08 00:29:22        37087.0
23          8                622.6 2025-12-08 00:29:23        36085.0
24          8                618.1 2025-12-08 00:29:24        35084.0
25          8                615.8 2025-12-08 00:29:25        34083.0
26          8                614.9 2025-12-08 00:29:26        33082.0
27          8                615.9 2025-12-08 00:29:27        32081.0
28          8                616.2 2025-12-08 00:29:28        31080.0
29          8                614.5 2025-12-08 00:29:29        30078.0
30          8                614.1 2025-12-08 00:29:30        29076.0
31          8                614.9 2025-12-08 00:29:31        28070.0
32          8                613.5 2025-12-08 00:29:32        27068.0
33          8                614.8 2025-12-08 00:29:33        26066.0
34          8                617.2 2025-12-08 00:29:34        25065.0
35          8                613.9 2025-12-08 00:29:35        24064.0
36          8                617.5 2025-12-08 00:29:36        23061.0
37          8                616.5 2025-12-08 00:29:37        22060.0
38          8                616.8 2025-12-08 00:29:38        21059.0
39          8                732.6 2025-12-08 00:29:39        20054.0
40          8                718.3 2025-12-08 00:29:40        19047.0
41          8                714.3 2025-12-08 00:29:41        18046.0
42          8                714.9 2025-12-08 00:29:42        17044.0
43          8                716.5 2025-12-08 00:29:43        16042.0
44          8                713.7 2025-12-08 00:29:44        15041.0
45          8                710.5 2025-12-08 00:29:45        14039.0
46          8                712.6 2025-12-08 00:29:46        13037.0
47          8                712.2 2025-12-08 00:29:47        12036.0
48          8                710.6 2025-12-08 00:29:48        11033.0
49          8                704.6 2025-12-08 00:29:49        10028.0
50          8                703.7 2025-12-08 00:29:50         9024.0
51          8                706.5 2025-12-08 00:29:51         8023.0
52          8                706.0 2025-12-08 00:29:52         7021.0
53          8                704.1 2025-12-08 00:29:53         6017.0
54          8                705.1 2025-12-08 00:29:54         5016.0
55          8                706.8 2025-12-08 00:29:55         4014.0
56          8                703.6 2025-12-08 00:29:56         3013.0
57          8                704.6 2025-12-08 00:29:57         2012.0
58          8                755.2 2025-12-08 00:29:58         1011.0
59          8                722.8 2025-12-08 00:29:59           10.0
Forecasted values:
    sensor_id  sensor_energy_value_prediction    sensor_timestamp
0           8                      872.097473 2025-12-08 00:30:00
1           8                      891.866211 2025-12-08 00:30:01
2           8                      918.363647 2025-12-08 00:30:02
3           8                      949.231384 2025-12-08 00:30:03
4           8                      982.810669 2025-12-08 00:30:04
5           8                     1018.071411 2025-12-08 00:30:05
6           8                     1054.367676 2025-12-08 00:30:06
7           8                     1091.288818 2025-12-08 00:30:07
8           8                     1128.568359 2025-12-08 00:30:08
9           8                     1166.029175 2025-12-08 00:30:09
10          8                     1203.549438 2025-12-08 00:30:10
11          8                     1241.041260 2025-12-08 00:30:11
12          8                     1278.437378 2025-12-08 00:30:12
13          8                     1315.682007 2025-12-08 00:30:13
14          8                     1352.725708 2025-12-08 00:30:14
15          8                     1389.520264 2025-12-08 00:30:15
16          8                     1426.017090 2025-12-08 00:30:16
17          8                     1462.164062 2025-12-08 00:30:17
18          8                     1497.904419 2025-12-08 00:30:18
19          8                     1533.174927 2025-12-08 00:30:19
20          8                     1567.905518 2025-12-08 00:30:20
21          8                     1602.018433 2025-12-08 00:30:21
22          8                     1635.426758 2025-12-08 00:30:22
23          8                     1668.036133 2025-12-08 00:30:23
24          8                     1699.742676 2025-12-08 00:30:24
25          8                     1730.434570 2025-12-08 00:30:25
26          8                     1759.991943 2025-12-08 00:30:26
27          8                     1788.288086 2025-12-08 00:30:27
28          8                     1815.189453 2025-12-08 00:30:28
29          8                     1840.558472 2025-12-08 00:30:29
30          8                     1864.252441 2025-12-08 00:30:30
31          8                     1886.127197 2025-12-08 00:30:31
32          8                     1906.037720 2025-12-08 00:30:32
33          8                     1923.839966 2025-12-08 00:30:33
34          8                     1939.392334 2025-12-08 00:30:34
35          8                     1952.557373 2025-12-08 00:30:35
36          8                     1963.204590 2025-12-08 00:30:36
37          8                     1971.211182 2025-12-08 00:30:37
38          8                     1976.464600 2025-12-08 00:30:38
39          8                     1978.865356 2025-12-08 00:30:39
40          8                     1978.329346 2025-12-08 00:30:40
41          8                     1974.788330 2025-12-08 00:30:41
42          8                     1968.196411 2025-12-08 00:30:42
43          8                     1958.533203 2025-12-08 00:30:43
44          8                     1945.806641 2025-12-08 00:30:44
45          8                     1930.060303 2025-12-08 00:30:45
46          8                     1911.375366 2025-12-08 00:30:46
47          8                     1889.878662 2025-12-08 00:30:47
48          8                     1865.747314 2025-12-08 00:30:48
49          8                     1839.210205 2025-12-08 00:30:49
50          8                     1810.554688 2025-12-08 00:30:50
51          8                     1780.123657 2025-12-08 00:30:51
52          8                     1748.313965 2025-12-08 00:30:52
53          8                     1715.570190 2025-12-08 00:30:53
54          8                     1682.374146 2025-12-08 00:30:54
55          8                     1649.230591 2025-12-08 00:30:55
56          8                     1616.650513 2025-12-08 00:30:56
57          8                     1585.132935 2025-12-08 00:30:57
58          8                     1555.145386 2025-12-08 00:30:58
59          8                     1527.104492 2025-12-08 00:30:59
Forecasted values inserted into database
Exiting forecasting script


Actual data inserted to database
Triggering forecasting with retrained model
Forecasting.py script logs
Database connection established
Value of --retrain flag: True

Forecasting for retrained model using device8/2025-12-08-00-20-00-2025-12-08-00-29-59-model/device8.keras and device8/2025-12-08-00-20-00-2025-12-08-00-29-59-model/scaler.save
Successfully downloaded model and scaler from S3

Actual values fetched from database
    sensor_id  sensor_energy_value    sensor_timestamp  message_delay
0           8                716.2 2025-12-08 00:30:00        66814.0
1           8                715.6 2025-12-08 00:30:01        65811.0
2           8                715.0 2025-12-08 00:30:02        64810.0
3           8                715.9 2025-12-08 00:30:03        63809.0
4           8                721.9 2025-12-08 00:30:04        62808.0
5           8                720.0 2025-12-08 00:30:05        61806.0
6           8                719.9 2025-12-08 00:30:06        60804.0
7           8                720.3 2025-12-08 00:30:07        59801.0
8           8                718.2 2025-12-08 00:30:08        58800.0
9           8                720.3 2025-12-08 00:30:09        57799.0
10          8                721.4 2025-12-08 00:30:10        56798.0
11          8                720.0 2025-12-08 00:30:11        55797.0
12          8                719.0 2025-12-08 00:30:12        54796.0
13          8                720.0 2025-12-08 00:30:13        53794.0
14          8                720.1 2025-12-08 00:30:14        52792.0
15          8                722.3 2025-12-08 00:30:15        51791.0
16          8                720.9 2025-12-08 00:30:16        50790.0
17          8                726.2 2025-12-08 00:30:17        49788.0
18          8                719.5 2025-12-08 00:30:18        48787.0
19          8                724.1 2025-12-08 00:30:19        47784.0
20          8                727.2 2025-12-08 00:30:20        46780.0
21          8                726.1 2025-12-08 00:30:21        45779.0
22          8                727.7 2025-12-08 00:30:22        44778.0
23          8                719.4 2025-12-08 00:30:23        43776.0
24          8                718.0 2025-12-08 00:30:24        42774.0
25          8                729.6 2025-12-08 00:30:25        41773.0
26          8                718.6 2025-12-08 00:30:26        40772.0
27          8                716.5 2025-12-08 00:30:27        39767.0
28          8                721.7 2025-12-08 00:30:28        38766.0
29          8                720.9 2025-12-08 00:30:29        37765.0
30          8               1000.5 2025-12-08 00:30:30        36763.0
31          8               1053.4 2025-12-08 00:30:31        35762.0
32          8                923.0 2025-12-08 00:30:32        34760.0
33          8                932.5 2025-12-08 00:30:33        33758.0
34          8               1007.8 2025-12-08 00:30:34        32754.0
35          8                934.7 2025-12-08 00:30:35        31748.0
36          8                980.1 2025-12-08 00:30:36        30746.0
37          8               1007.3 2025-12-08 00:30:37        29746.0
38          8               1034.5 2025-12-08 00:30:38        28744.0
39          8               1059.0 2025-12-08 00:30:39        27741.0
40          8               1083.1 2025-12-08 00:30:40        26739.0
41          8               1104.7 2025-12-08 00:30:41        25738.0
42          8               1121.0 2025-12-08 00:30:42        24734.0
43          8               1137.9 2025-12-08 00:30:43        23733.0
44          8               1152.8 2025-12-08 00:30:44        22732.0
45          8               1157.4 2025-12-08 00:30:45        21731.0
46          8               1163.7 2025-12-08 00:30:46        20730.0
47          8               1166.4 2025-12-08 00:30:47        19728.0
48          8               1166.9 2025-12-08 00:30:48        18722.0
49          8               1167.9 2025-12-08 00:30:49        17716.0
50          8               1170.2 2025-12-08 00:30:50        16714.0
51          8               1167.0 2025-12-08 00:30:51        15713.0
52          8               1179.3 2025-12-08 00:30:52        14712.0
53          8               1178.2 2025-12-08 00:30:53        13710.0
54          8               1166.8 2025-12-08 00:30:54        12709.0
55          8               1168.5 2025-12-08 00:30:55        11707.0
56          8               1170.2 2025-12-08 00:30:56        10706.0
57          8               1168.4 2025-12-08 00:30:57         9703.0
58          8               1171.3 2025-12-08 00:30:58         8701.0
59          8               1169.6 2025-12-08 00:30:59         7699.0
Forecasted values:
    sensor_id  sensor_energy_value_prediction    sensor_timestamp
0           8                     1229.948242 2025-12-08 00:31:00
1           8                     1239.239990 2025-12-08 00:31:01
2           8                     1252.854858 2025-12-08 00:31:02
3           8                     1269.750366 2025-12-08 00:31:03
4           8                     1289.106445 2025-12-08 00:31:04
5           8                     1310.341675 2025-12-08 00:31:05
6           8                     1333.030396 2025-12-08 00:31:06
7           8                     1356.850098 2025-12-08 00:31:07
8           8                     1381.546631 2025-12-08 00:31:08
9           8                     1406.912354 2025-12-08 00:31:09
10          8                     1432.771362 2025-12-08 00:31:10
11          8                     1458.970337 2025-12-08 00:31:11
12          8                     1485.370728 2025-12-08 00:31:12
13          8                     1511.844482 2025-12-08 00:31:13
14          8                     1538.271851 2025-12-08 00:31:14
15          8                     1564.536011 2025-12-08 00:31:15
16          8                     1590.524414 2025-12-08 00:31:16
17          8                     1616.124756 2025-12-08 00:31:17
18          8                     1641.225830 2025-12-08 00:31:18
19          8                     1665.715454 2025-12-08 00:31:19
20          8                     1689.480591 2025-12-08 00:31:20
21          8                     1712.408081 2025-12-08 00:31:21
22          8                     1734.382690 2025-12-08 00:31:22
23          8                     1755.289307 2025-12-08 00:31:23
24          8                     1775.012207 2025-12-08 00:31:24
25          8                     1793.436279 2025-12-08 00:31:25
26          8                     1810.447510 2025-12-08 00:31:26
27          8                     1825.933838 2025-12-08 00:31:27
28          8                     1839.787231 2025-12-08 00:31:28
29          8                     1851.903076 2025-12-08 00:31:29
30          8                     1862.182251 2025-12-08 00:31:30
31          8                     1870.534546 2025-12-08 00:31:31
32          8                     1876.873779 2025-12-08 00:31:32
33          8                     1881.126587 2025-12-08 00:31:33
34          8                     1883.234253 2025-12-08 00:31:34
35          8                     1883.149292 2025-12-08 00:31:35
36          8                     1880.840820 2025-12-08 00:31:36
37          8                     1876.296753 2025-12-08 00:31:37
38          8                     1869.524658 2025-12-08 00:31:38
39          8                     1860.554688 2025-12-08 00:31:39
40          8                     1849.442139 2025-12-08 00:31:40
41          8                     1836.270874 2025-12-08 00:31:41
42          8                     1821.152344 2025-12-08 00:31:42
43          8                     1804.229736 2025-12-08 00:31:43
44          8                     1785.677979 2025-12-08 00:31:44
45          8                     1765.702637 2025-12-08 00:31:45
46          8                     1744.538818 2025-12-08 00:31:46
47          8                     1722.449341 2025-12-08 00:31:47
48          8                     1699.718750 2025-12-08 00:31:48
49          8                     1676.648315 2025-12-08 00:31:49
50          8                     1653.548950 2025-12-08 00:31:50
51          8                     1630.733276 2025-12-08 00:31:51
52          8                     1608.506592 2025-12-08 00:31:52
53          8                     1587.158203 2025-12-08 00:31:53
54          8                     1566.954468 2025-12-08 00:31:54
55          8                     1548.132446 2025-12-08 00:31:55
56          8                     1530.891846 2025-12-08 00:31:56
57          8                     1515.393921 2025-12-08 00:31:57
58          8                     1501.759888 2025-12-08 00:31:58
59          8                     1490.070557 2025-12-08 00:31:59
Forecasted values inserted into database
Exiting forecasting script

No new messages received yet.Trying again...
No new messages received yet.Trying again...
No new messages received yet.Trying again...
No new messages received yet.Trying again...
No new messages received yet.Trying again...
No new messages received yet.Trying again...
No new messages received yet.Trying again...
No new messages received yet.Trying again...
No new messages received yet.Trying again...
No new messages received yet.Trying again...
No new messages received yet.Trying again...
No new messages received yet.Trying again...
No new messages received yet.Trying again...
No new messages received yet.Trying again...
No new messages received yet.Trying again...
No new messages received yet.Trying again...

Actual data inserted to database
Triggering forecasting with retrained model
Forecasting.py script logs
Database connection established
Value of --retrain flag: True

Forecasting for retrained model using device8/2025-12-08-00-20-00-2025-12-08-00-29-59-model/device8.keras and device8/2025-12-08-00-20-00-2025-12-08-00-29-59-model/scaler.save
Successfully downloaded model and scaler from S3

Actual values fetched from database
    sensor_id  sensor_energy_value    sensor_timestamp  message_delay
0           8               1175.1 2025-12-08 00:31:00        59645.0
1           8               1204.4 2025-12-08 00:31:01        58644.0
2           8               1172.0 2025-12-08 00:31:02        57643.0
3           8               1170.7 2025-12-08 00:31:03        56642.0
4           8               1172.2 2025-12-08 00:31:04        55640.0
5           8               1172.8 2025-12-08 00:31:05        54638.0
6           8               1177.3 2025-12-08 00:31:06        53636.0
7           8               1177.6 2025-12-08 00:31:07        52633.0
8           8               1183.0 2025-12-08 00:31:08        51627.0
9           8               1182.7 2025-12-08 00:31:09        50626.0
10          8               1183.9 2025-12-08 00:31:10        49624.0
11          8               1184.3 2025-12-08 00:31:11        48623.0
12          8               1186.0 2025-12-08 00:31:12        47614.0
13          8               1189.2 2025-12-08 00:31:13        46608.0
14          8               1197.4 2025-12-08 00:31:14        45603.0
15          8               1190.9 2025-12-08 00:31:15        44599.0
16          8               1191.4 2025-12-08 00:31:16        43597.0
17          8               1200.6 2025-12-08 00:31:17        42595.0
18          8               1192.8 2025-12-08 00:31:18        41593.0
19          8               1199.2 2025-12-08 00:31:19        40584.0
20          8               1201.1 2025-12-08 00:31:20        39561.0
21          8               1203.4 2025-12-08 00:31:21        38551.0
22          8               1194.8 2025-12-08 00:31:22        37491.0
23          8               1194.0 2025-12-08 00:31:23        36490.0
24          8               1197.8 2025-12-08 00:31:24        35486.0
25          8               1195.0 2025-12-08 00:31:25        34485.0
26          8               1193.5 2025-12-08 00:31:26        33416.0
27          8               1193.3 2025-12-08 00:31:27        32150.0
28          8               1194.1 2025-12-08 00:31:28        31146.0
29          8               1193.0 2025-12-08 00:31:29        30144.0
30          8               1187.7 2025-12-08 00:31:30        29139.0
31          8               1194.5 2025-12-08 00:31:31        28121.0
32          8               1190.0 2025-12-08 00:31:32        27103.0
33          8               1192.6 2025-12-08 00:31:33        26101.0
34          8               1193.4 2025-12-08 00:31:34        25099.0
35          8               1193.7 2025-12-08 00:31:35        24098.0
36          8               1193.2 2025-12-08 00:31:36        23090.0
37          8               1191.3 2025-12-08 00:31:37        22085.0
38          8               1194.3 2025-12-08 00:31:38        21084.0
39          8               1194.5 2025-12-08 00:31:39        20083.0
40          8               1198.0 2025-12-08 00:31:40        19076.0
41          8               1195.2 2025-12-08 00:31:41        18075.0
42          8               1194.6 2025-12-08 00:31:42        17068.0
43          8               1197.0 2025-12-08 00:31:43        16067.0
44          8               1196.5 2025-12-08 00:31:44        15065.0
45          8               1195.2 2025-12-08 00:31:45        14064.0
46          8               1199.7 2025-12-08 00:31:46        13063.0
47          8               1199.1 2025-12-08 00:31:47        12061.0
48          8               1197.4 2025-12-08 00:31:48        11056.0
49          8               1200.8 2025-12-08 00:31:49        10050.0
50          8               1201.3 2025-12-08 00:31:50         9045.0
51          8               1200.6 2025-12-08 00:31:51         8043.0
52          8               1200.3 2025-12-08 00:31:52         7039.0
53          8               1197.3 2025-12-08 00:31:53         6038.0
54          8               1197.2 2025-12-08 00:31:54         5037.0
55          8               1198.3 2025-12-08 00:31:55         4029.0
56          8               1196.9 2025-12-08 00:31:56         3027.0
57          8               1198.1 2025-12-08 00:31:57         2023.0
58          8               1198.0 2025-12-08 00:31:58         1019.0
59          8               1195.1 2025-12-08 00:31:59           17.0
Forecasted values:
    sensor_id  sensor_energy_value_prediction    sensor_timestamp
0           8                     1255.142700 2025-12-08 00:32:00
1           8                     1264.527344 2025-12-08 00:32:01
2           8                     1277.921753 2025-12-08 00:32:02
3           8                     1294.378296 2025-12-08 00:32:03
4           8                     1313.145874 2025-12-08 00:32:04
5           8                     1333.687622 2025-12-08 00:32:05
6           8                     1355.607056 2025-12-08 00:32:06
7           8                     1378.600342 2025-12-08 00:32:07
8           8                     1402.425293 2025-12-08 00:32:08
9           8                     1426.881958 2025-12-08 00:32:09
10          8                     1451.799194 2025-12-08 00:32:10
11          8                     1477.026001 2025-12-08 00:32:11
12          8                     1502.425171 2025-12-08 00:32:12
13          8                     1527.869507 2025-12-08 00:32:13
14          8                     1553.238403 2025-12-08 00:32:14
15          8                     1578.415527 2025-12-08 00:32:15
16          8                     1603.286743 2025-12-08 00:32:16
17          8                     1627.740234 2025-12-08 00:32:17
18          8                     1651.663818 2025-12-08 00:32:18
19          8                     1674.945801 2025-12-08 00:32:19
20          8                     1697.473755 2025-12-08 00:32:20
21          8                     1719.135010 2025-12-08 00:32:21
22          8                     1739.816528 2025-12-08 00:32:22
23          8                     1759.405151 2025-12-08 00:32:23
24          8                     1777.788208 2025-12-08 00:32:24
25          8                     1794.854736 2025-12-08 00:32:25
26          8                     1810.494873 2025-12-08 00:32:26
27          8                     1824.602539 2025-12-08 00:32:27
28          8                     1837.075073 2025-12-08 00:32:28
29          8                     1847.815063 2025-12-08 00:32:29
30          8                     1856.732056 2025-12-08 00:32:30
31          8                     1863.743164 2025-12-08 00:32:31
32          8                     1868.775391 2025-12-08 00:32:32
33          8                     1871.765747 2025-12-08 00:32:33
34          8                     1872.666138 2025-12-08 00:32:34
35          8                     1871.441162 2025-12-08 00:32:35
36          8                     1868.073608 2025-12-08 00:32:36
37          8                     1862.564697 2025-12-08 00:32:37
38          8                     1854.936401 2025-12-08 00:32:38
39          8                     1845.234131 2025-12-08 00:32:39
40          8                     1833.528564 2025-12-08 00:32:40
41          8                     1819.917114 2025-12-08 00:32:41
42          8                     1804.525635 2025-12-08 00:32:42
43          8                     1787.509155 2025-12-08 00:32:43
44          8                     1769.052124 2025-12-08 00:32:44
45          8                     1749.365845 2025-12-08 00:32:45
46          8                     1728.689209 2025-12-08 00:32:46
47          8                     1707.281494 2025-12-08 00:32:47
48          8                     1685.420898 2025-12-08 00:32:48
49          8                     1663.396362 2025-12-08 00:32:49
50          8                     1641.501465 2025-12-08 00:32:50
51          8                     1620.026733 2025-12-08 00:32:51
52          8                     1599.251709 2025-12-08 00:32:52
53          8                     1579.437622 2025-12-08 00:32:53
54          8                     1560.820679 2025-12-08 00:32:54
55          8                     1543.606567 2025-12-08 00:32:55
56          8                     1527.965454 2025-12-08 00:32:56
57          8                     1514.032593 2025-12-08 00:32:57
58          8                     1501.904053 2025-12-08 00:32:58
59          8                     1491.640625 2025-12-08 00:32:59
Forecasted values inserted into database
Exiting forecasting script

No new messages received yet.Trying again...
No new messages received yet.Trying again...
No new messages received yet.Trying again...
No new messages received yet.Trying again...
No new messages received yet.Trying again...
No new messages received yet.Trying again...
No new messages received yet.Trying again...
No new messages received yet.Trying again...
No new messages received yet.Trying again...
No new messages received yet.Trying again...
No new messages received yet.Trying again...
No new messages received yet.Trying again...
No new messages received yet.Trying again...
No new messages received yet.Trying again...
No new messages received yet.Trying again...
No new messages received yet.Trying again...
No new messages received yet.Trying again...
No new messages received yet.Trying again...
No new messages received yet.Trying again...
No new messages received yet.Trying again...
No new messages received yet.Trying again...
No new messages received yet.Trying again...
No new messages received yet.Trying again...
No new messages received yet.Trying again...
No new messages received yet.Trying again...
No new messages received yet.Trying again...
No new messages received yet.Trying again...
No new messages received yet.Trying again...
No new messages received yet.Trying again...

Actual data inserted to database
Triggering forecasting with retrained model
Forecasting.py script logs
Database connection established
Value of --retrain flag: True

Forecasting for retrained model using device8/2025-12-08-00-20-00-2025-12-08-00-29-59-model/device8.keras and device8/2025-12-08-00-20-00-2025-12-08-00-29-59-model/scaler.save
Successfully downloaded model and scaler from S3

Actual values fetched from database
    sensor_id  sensor_energy_value    sensor_timestamp  message_delay
0           8               1199.3 2025-12-08 00:32:00        59168.0
1           8               1202.0 2025-12-08 00:32:01        58166.0
2           8               1200.4 2025-12-08 00:32:02        57164.0
3           8               1197.9 2025-12-08 00:32:03        56163.0
4           8               1198.4 2025-12-08 00:32:04        55157.0
5           8               1195.6 2025-12-08 00:32:05        54156.0
6           8               1194.8 2025-12-08 00:32:06        53155.0
7           8               1198.3 2025-12-08 00:32:07        52153.0
8           8               1192.1 2025-12-08 00:32:08        51152.0
9           8               1192.2 2025-12-08 00:32:09        50150.0
10          8               1194.4 2025-12-08 00:32:10        49148.0
11          8               1194.3 2025-12-08 00:32:11        48147.0
12          8               1190.3 2025-12-08 00:32:12        47144.0
13          8               1214.7 2025-12-08 00:32:13        46143.0
14          8               1193.0 2025-12-08 00:32:14        45142.0
15          8               1194.2 2025-12-08 00:32:15        44140.0
16          8               1194.5 2025-12-08 00:32:16        43138.0
17          8               1201.3 2025-12-08 00:32:17        42136.0
18          8               1196.0 2025-12-08 00:32:18        41133.0
19          8               1199.7 2025-12-08 00:32:19        40131.0
20          8               1199.6 2025-12-08 00:32:20        39129.0
21          8               1198.7 2025-12-08 00:32:21        38127.0
22          8               1199.9 2025-12-08 00:32:22        37126.0
23          8               1196.9 2025-12-08 00:32:23        36122.0
24          8               1193.2 2025-12-08 00:32:24        35120.0
25          8               1198.2 2025-12-08 00:32:25        34118.0
26          8               1216.5 2025-12-08 00:32:26        33116.0
27          8               1197.4 2025-12-08 00:32:27        32115.0
28          8               1204.2 2025-12-08 00:32:28        31114.0
29          8               1206.7 2025-12-08 00:32:29        30113.0
30          8               1193.7 2025-12-08 00:32:30        29111.0
31          8               1195.1 2025-12-08 00:32:31        28110.0
32          8               1183.7 2025-12-08 00:32:32        27109.0
33          8               1184.5 2025-12-08 00:32:33        26108.0
34          8               1187.1 2025-12-08 00:32:34        25105.0
35          8               1180.0 2025-12-08 00:32:35        24098.0
36          8               1180.0 2025-12-08 00:32:36        23097.0
37          8               1183.3 2025-12-08 00:32:37        22096.0
38          8               1189.0 2025-12-08 00:32:38        21095.0
39          8               1189.6 2025-12-08 00:32:39        20094.0
40          8               1183.6 2025-12-08 00:32:40        19093.0
41          8               1192.6 2025-12-08 00:32:41        18092.0
42          8               1182.5 2025-12-08 00:32:42        17091.0
43          8               1188.9 2025-12-08 00:32:43        16090.0
44          8               1181.6 2025-12-08 00:32:44        15089.0
45          8               1182.1 2025-12-08 00:32:45        14087.0
46          8               1186.8 2025-12-08 00:32:46        13073.0
47          8               1201.4 2025-12-08 00:32:47        12071.0
48          8               1181.6 2025-12-08 00:32:48        11070.0
49          8               1190.3 2025-12-08 00:32:49        10065.0
50          8               1182.0 2025-12-08 00:32:50         9063.0
51          8               1183.5 2025-12-08 00:32:51         8060.0
52          8               1183.2 2025-12-08 00:32:52         7058.0
53          8               1185.7 2025-12-08 00:32:53         6056.0
54          8               1183.2 2025-12-08 00:32:54         5040.0
55          8               1197.1 2025-12-08 00:32:55         4038.0
56          8               1184.9 2025-12-08 00:32:56         3037.0
57          8               1183.1 2025-12-08 00:32:57         2036.0
58          8               1184.1 2025-12-08 00:32:58         1034.0
59          8               1181.8 2025-12-08 00:32:59           30.0
Forecasted values:
    sensor_id  sensor_energy_value_prediction    sensor_timestamp
0           8                     1244.813599 2025-12-08 00:33:00
1           8                     1254.432495 2025-12-08 00:33:01
2           8                     1268.159912 2025-12-08 00:33:02
3           8                     1285.014282 2025-12-08 00:33:03
4           8                     1304.216919 2025-12-08 00:33:04
5           8                     1325.214600 2025-12-08 00:33:05
6           8                     1347.600586 2025-12-08 00:33:06
7           8                     1371.065430 2025-12-08 00:33:07
8           8                     1395.363403 2025-12-08 00:33:08
9           8                     1420.292969 2025-12-08 00:33:09
10          8                     1445.682129 2025-12-08 00:33:10
11          8                     1471.379883 2025-12-08 00:33:11
12          8                     1497.249390 2025-12-08 00:33:12
13          8                     1523.164185 2025-12-08 00:33:13
14          8                     1549.003906 2025-12-08 00:33:14
15          8                     1574.652466 2025-12-08 00:33:15
16          8                     1599.997192 2025-12-08 00:33:16
17          8                     1624.925415 2025-12-08 00:33:17
18          8                     1649.325928 2025-12-08 00:33:18
19          8                     1673.086548 2025-12-08 00:33:19
20          8                     1696.094727 2025-12-08 00:33:20
21          8                     1718.237183 2025-12-08 00:33:21
22          8                     1739.399780 2025-12-08 00:33:22
23          8                     1759.468262 2025-12-08 00:33:23
24          8                     1778.329224 2025-12-08 00:33:24
25          8                     1795.869263 2025-12-08 00:33:25
26          8                     1811.976807 2025-12-08 00:33:26
27          8                     1826.543457 2025-12-08 00:33:27
28          8                     1839.463989 2025-12-08 00:33:28
29          8                     1850.638428 2025-12-08 00:33:29
30          8                     1859.973145 2025-12-08 00:33:30
31          8                     1867.382202 2025-12-08 00:33:31
32          8                     1872.788818 2025-12-08 00:33:32
33          8                     1876.127319 2025-12-08 00:33:33
34          8                     1877.345215 2025-12-08 00:33:34
35          8                     1876.403320 2025-12-08 00:33:35
36          8                     1873.280029 2025-12-08 00:33:36
37          8                     1867.972778 2025-12-08 00:33:37
38          8                     1860.499390 2025-12-08 00:33:38
39          8                     1850.901367 2025-12-08 00:33:39
40          8                     1839.245239 2025-12-08 00:33:40
41          8                     1825.625854 2025-12-08 00:33:41
42          8                     1810.165894 2025-12-08 00:33:42
43          8                     1793.018433 2025-12-08 00:33:43
44          8                     1774.367432 2025-12-08 00:33:44
45          8                     1754.424683 2025-12-08 00:33:45
46          8                     1733.430664 2025-12-08 00:33:46
47          8                     1711.648926 2025-12-08 00:33:47
48          8                     1689.361084 2025-12-08 00:33:48
49          8                     1666.864502 2025-12-08 00:33:49
50          8                     1644.459961 2025-12-08 00:33:50
51          8                     1622.447754 2025-12-08 00:33:51
52          8                     1601.117310 2025-12-08 00:33:52
53          8                     1580.739746 2025-12-08 00:33:53
54          8                     1561.561401 2025-12-08 00:33:54
55          8                     1543.797974 2025-12-08 00:33:55
56          8                     1527.628052 2025-12-08 00:33:56
57          8                     1513.195435 2025-12-08 00:33:57
58          8                     1500.602661 2025-12-08 00:33:58
59          8                     1489.915283 2025-12-08 00:33:59
Forecasted values inserted into database
Exiting forecasting script

No new messages received yet.Trying again...
No new messages received yet.Trying again...
No new messages received yet.Trying again...
No new messages received yet.Trying again...
No new messages received yet.Trying again...
No new messages received yet.Trying again...
No new messages received yet.Trying again...
No new messages received yet.Trying again...
No new messages received yet.Trying again...
No new messages received yet.Trying again...
No new messages received yet.Trying again...
No new messages received yet.Trying again...
No new messages received yet.Trying again...
No new messages received yet.Trying again...
No new messages received yet.Trying again...
No new messages received yet.Trying again...
No new messages received yet.Trying again...
No new messages received yet.Trying again...
No new messages received yet.Trying again...
No new messages received yet.Trying again...
No new messages received yet.Trying again...
No new messages received yet.Trying again...
No new messages received yet.Trying again...
No new messages received yet.Trying again...
No new messages received yet.Trying again...
No new messages received yet.Trying again...
No new messages received yet.Trying again...
No new messages received yet.Trying again...
No new messages received yet.Trying again...
No new messages received yet.Trying again...
No new messages received yet.Trying again...
No new messages received yet.Trying again...
No new messages received yet.Trying again...
No new messages received yet.Trying again...
No new messages received yet.Trying again...

Actual data inserted to database
Triggering forecasting with retrained model
Forecasting.py script logs
Database connection established
Value of --retrain flag: True

Forecasting for retrained model using device8/2025-12-08-00-20-00-2025-12-08-00-29-59-model/device8.keras and device8/2025-12-08-00-20-00-2025-12-08-00-29-59-model/scaler.save
Successfully downloaded model and scaler from S3

Actual values fetched from database
    sensor_id  sensor_energy_value    sensor_timestamp  message_delay
0           8               1185.4 2025-12-08 00:33:00        59102.0
1           8               1181.8 2025-12-08 00:33:01        58098.0
2           8               1184.1 2025-12-08 00:33:02        57097.0
3           8               1183.2 2025-12-08 00:33:03        56096.0
4           8               1247.5 2025-12-08 00:33:04        55094.0
5           8               1271.5 2025-12-08 00:33:05        54093.0
6           8               1274.8 2025-12-08 00:33:06        53091.0
7           8               1259.8 2025-12-08 00:33:07        52090.0
8           8               1258.1 2025-12-08 00:33:08        51089.0
9           8               1257.0 2025-12-08 00:33:09        50088.0
10          8               1266.4 2025-12-08 00:33:10        49087.0
11          8               1261.0 2025-12-08 00:33:11        48086.0
12          8               1256.1 2025-12-08 00:33:12        47085.0
13          8               1259.7 2025-12-08 00:33:13        46084.0
14          8               1257.3 2025-12-08 00:33:14        45082.0
15          8               1268.9 2025-12-08 00:33:15        44081.0
16          8               1259.7 2025-12-08 00:33:16        43080.0
17          8               1257.7 2025-12-08 00:33:17        42079.0
18          8               1262.8 2025-12-08 00:33:18        41078.0
19          8               1271.9 2025-12-08 00:33:19        40077.0
20          8               1265.7 2025-12-08 00:33:20        39075.0
21          8               1266.1 2025-12-08 00:33:21        38074.0
22          8               1268.9 2025-12-08 00:33:22        37073.0
23          8               1256.3 2025-12-08 00:33:23        36072.0
24          8               1258.6 2025-12-08 00:33:24        35071.0
25          8               1263.1 2025-12-08 00:33:25        34070.0
26          8               1267.5 2025-12-08 00:33:26        33069.0
27          8               1264.0 2025-12-08 00:33:27        32067.0
28          8               1261.8 2025-12-08 00:33:28        31067.0
29          8               1258.2 2025-12-08 00:33:29        30066.0
30          8               1262.6 2025-12-08 00:33:30        29065.0
31          8               1263.8 2025-12-08 00:33:31        28061.0
32          8               1261.0 2025-12-08 00:33:32        27060.0
33          8               1260.7 2025-12-08 00:33:33        26058.0
34          8               1263.3 2025-12-08 00:33:34        25055.0
35          8               1275.8 2025-12-08 00:33:35        24054.0
36          8               1262.6 2025-12-08 00:33:36        23053.0
37          8               1260.6 2025-12-08 00:33:37        22051.0
38          8               1258.8 2025-12-08 00:33:38        21048.0
39          8               1263.5 2025-12-08 00:33:39        20048.0
40          8               1260.7 2025-12-08 00:33:40        19047.0
41          8               1262.5 2025-12-08 00:33:41        18045.0
42          8               1262.8 2025-12-08 00:33:42        17043.0
43          8               1261.0 2025-12-08 00:33:43        16041.0
44          8               1329.2 2025-12-08 00:33:44        15040.0
45          8               1336.3 2025-12-08 00:33:45        14038.0
46          8               1338.5 2025-12-08 00:33:46        13036.0
47          8               1340.3 2025-12-08 00:33:47        12035.0
48          8               1338.3 2025-12-08 00:33:48        11034.0
49          8               1340.8 2025-12-08 00:33:49        10033.0
50          8               1338.0 2025-12-08 00:33:50         9032.0
51          8               1339.9 2025-12-08 00:33:51         8029.0
52          8               1346.4 2025-12-08 00:33:52         7026.0
53          8               1339.6 2025-12-08 00:33:53         6024.0
54          8               1340.6 2025-12-08 00:33:54         5021.0
55          8               1348.5 2025-12-08 00:33:55         4019.0
56          8               1350.1 2025-12-08 00:33:56         3018.0
57          8               1342.1 2025-12-08 00:33:57         2016.0
58          8               1343.8 2025-12-08 00:33:58         1015.0
59          8               1345.4 2025-12-08 00:33:59           14.0
Forecasted values:
    sensor_id  sensor_energy_value_prediction    sensor_timestamp
0           8                     1381.762085 2025-12-08 00:34:00
1           8                     1386.947876 2025-12-08 00:34:01
2           8                     1395.209106 2025-12-08 00:34:02
3           8                     1405.896484 2025-12-08 00:34:03
4           8                     1418.492554 2025-12-08 00:34:04
5           8                     1432.612671 2025-12-08 00:34:05
6           8                     1447.958984 2025-12-08 00:34:06
7           8                     1464.291748 2025-12-08 00:34:07
8           8                     1481.410522 2025-12-08 00:34:08
9           8                     1499.141357 2025-12-08 00:34:09
10          8                     1517.329956 2025-12-08 00:34:10
11          8                     1535.835327 2025-12-08 00:34:11
12          8                     1554.527100 2025-12-08 00:34:12
13          8                     1573.282349 2025-12-08 00:34:13
14          8                     1591.984375 2025-12-08 00:34:14
15          8                     1610.520630 2025-12-08 00:34:15
16          8                     1628.782593 2025-12-08 00:34:16
17          8                     1646.664429 2025-12-08 00:34:17
18          8                     1664.063354 2025-12-08 00:34:18
19          8                     1680.878784 2025-12-08 00:34:19
20          8                     1697.011841 2025-12-08 00:34:20
21          8                     1712.366455 2025-12-08 00:34:21
22          8                     1726.849121 2025-12-08 00:34:22
23          8                     1740.369751 2025-12-08 00:34:23
24          8                     1752.840820 2025-12-08 00:34:24
25          8                     1764.178955 2025-12-08 00:34:25
26          8                     1774.306152 2025-12-08 00:34:26
27          8                     1783.148804 2025-12-08 00:34:27
28          8                     1790.640503 2025-12-08 00:34:28
29          8                     1796.721680 2025-12-08 00:34:29
30          8                     1801.340698 2025-12-08 00:34:30
31          8                     1804.456055 2025-12-08 00:34:31
32          8                     1806.035645 2025-12-08 00:34:32
33          8                     1806.059692 2025-12-08 00:34:33
34          8                     1804.520752 2025-12-08 00:34:34
35          8                     1801.425903 2025-12-08 00:34:35
36          8                     1796.795654 2025-12-08 00:34:36
37          8                     1790.667969 2025-12-08 00:34:37
38          8                     1783.096802 2025-12-08 00:34:38
39          8                     1774.153809 2025-12-08 00:34:39
40          8                     1763.927368 2025-12-08 00:34:40
41          8                     1752.524414 2025-12-08 00:34:41
42          8                     1740.068604 2025-12-08 00:34:42
43          8                     1726.699585 2025-12-08 00:34:43
44          8                     1712.572510 2025-12-08 00:34:44
45          8                     1697.849365 2025-12-08 00:34:45
46          8                     1682.710327 2025-12-08 00:34:46
47          8                     1667.339844 2025-12-08 00:34:47
48          8                     1651.925659 2025-12-08 00:34:48
49          8                     1636.655151 2025-12-08 00:34:49
50          8                     1621.710938 2025-12-08 00:34:50
51          8                     1607.267944 2025-12-08 00:34:51
52          8                     1593.488281 2025-12-08 00:34:52
53          8                     1580.519897 2025-12-08 00:34:53
54          8                     1568.493530 2025-12-08 00:34:54
55          8                     1557.519287 2025-12-08 00:34:55
56          8                     1547.686646 2025-12-08 00:34:56
57          8                     1539.064575 2025-12-08 00:34:57
58          8                     1531.702148 2025-12-08 00:34:58
59          8                     1525.626221 2025-12-08 00:34:59
Forecasted values inserted into database
Exiting forecasting script

No new messages received yet.Trying again...
No new messages received yet.Trying again...
No new messages received yet.Trying again...
No new messages received yet.Trying again...
No new messages received yet.Trying again...
No new messages received yet.Trying again...
No new messages received yet.Trying again...
No new messages received yet.Trying again...
No new messages received yet.Trying again...
No new messages received yet.Trying again...
No new messages received yet.Trying again...
No new messages received yet.Trying again...
No new messages received yet.Trying again...
No new messages received yet.Trying again...
No new messages received yet.Trying again...
No new messages received yet.Trying again...
No new messages received yet.Trying again...
No new messages received yet.Trying again...
No new messages received yet.Trying again...
No new messages received yet.Trying again...
No new messages received yet.Trying again...
No new messages received yet.Trying again...
No new messages received yet.Trying again...
No new messages received yet.Trying again...
No new messages received yet.Trying again...
No new messages received yet.Trying again...
No new messages received yet.Trying again...
No new messages received yet.Trying again...
No new messages received yet.Trying again...
No new messages received yet.Trying again...
No new messages received yet.Trying again...
No new messages received yet.Trying again...

Actual data inserted to database
Triggering forecasting with retrained model
Forecasting.py script logs
Database connection established
Value of --retrain flag: True

Forecasting for retrained model using device8/2025-12-08-00-20-00-2025-12-08-00-29-59-model/device8.keras and device8/2025-12-08-00-20-00-2025-12-08-00-29-59-model/scaler.save
Successfully downloaded model and scaler from S3

Actual values fetched from database
    sensor_id  sensor_energy_value    sensor_timestamp  message_delay
0           8               1351.1 2025-12-08 00:34:00        60331.0
1           8               1345.9 2025-12-08 00:34:01        59329.0
2           8               1340.1 2025-12-08 00:34:02        58328.0
3           8               1343.5 2025-12-08 00:34:03        57326.0
4           8               1343.2 2025-12-08 00:34:04        56325.0
5           8               1351.4 2025-12-08 00:34:05        55324.0
6           8               1346.0 2025-12-08 00:34:06        54323.0
7           8               1348.5 2025-12-08 00:34:07        53322.0
8           8               1345.3 2025-12-08 00:34:08        52320.0
9           8               1342.6 2025-12-08 00:34:09        51319.0
10          8               1344.0 2025-12-08 00:34:10        50318.0
11          8               1351.7 2025-12-08 00:34:11        49317.0
12          8               1345.3 2025-12-08 00:34:12        48316.0
13          8               1351.4 2025-12-08 00:34:13        47315.0
14          8               1347.5 2025-12-08 00:34:14        46310.0
15          8               1345.2 2025-12-08 00:34:15        45309.0
16          8               1343.4 2025-12-08 00:34:16        44306.0
17          8               1344.1 2025-12-08 00:34:17        43302.0
18          8               1343.3 2025-12-08 00:34:18        42301.0
19          8               1352.1 2025-12-08 00:34:19        41301.0
20          8               1350.7 2025-12-08 00:34:20        40299.0
21          8               1352.2 2025-12-08 00:34:21        39295.0
22          8               1347.6 2025-12-08 00:34:22        38293.0
23          8               1355.5 2025-12-08 00:34:23        37290.0
24          8               1428.6 2025-12-08 00:34:24        36275.0
25          8               1440.0 2025-12-08 00:34:25        35273.0
26          8               1435.2 2025-12-08 00:34:26        34270.0
27          8               1434.3 2025-12-08 00:34:27        33266.0
28          8               1435.7 2025-12-08 00:34:28        32260.0
29          8               1437.5 2025-12-08 00:34:29        31082.0
30          8               1444.9 2025-12-08 00:34:30        30081.0
31          8               1451.9 2025-12-08 00:34:31        29080.0
32          8               1450.9 2025-12-08 00:34:32        28077.0
33          8               1447.3 2025-12-08 00:34:33        27073.0
34          8               1440.4 2025-12-08 00:34:34        26039.0
35          8               1443.3 2025-12-08 00:34:35        24960.0
36          8               1440.5 2025-12-08 00:34:36        23955.0
37          8               1441.6 2025-12-08 00:34:37        22581.0
38          8               1447.5 2025-12-08 00:34:38        21205.0
39          8               1443.4 2025-12-08 00:34:39        20177.0
40          8               1444.7 2025-12-08 00:34:40        19163.0
41          8               1443.7 2025-12-08 00:34:41        18152.0
42          8               1445.7 2025-12-08 00:34:42        17148.0
43          8               1444.2 2025-12-08 00:34:43        16136.0
44          8               1453.0 2025-12-08 00:34:44        15130.0
45          8               1443.0 2025-12-08 00:34:45        14128.0
46          8               1445.1 2025-12-08 00:34:46        13075.0
47          8               1449.8 2025-12-08 00:34:47        12060.0
48          8               1446.9 2025-12-08 00:34:48        11059.0
49          8               1448.2 2025-12-08 00:34:49        10057.0
50          8               1450.1 2025-12-08 00:34:50         9056.0
51          8               1447.1 2025-12-08 00:34:51         8054.0
52          8               1445.0 2025-12-08 00:34:52         7053.0
53          8               1449.9 2025-12-08 00:34:53         6052.0
54          8               1450.3 2025-12-08 00:34:54         5051.0
55          8               1450.1 2025-12-08 00:34:55         4048.0
56          8               1454.8 2025-12-08 00:34:56         3045.0
57          8               1448.4 2025-12-08 00:34:57         2038.0
58          8               1449.0 2025-12-08 00:34:58         1034.0
59          8               1448.7 2025-12-08 00:34:59           32.0
Forecasted values:
    sensor_id  sensor_energy_value_prediction    sensor_timestamp
0           8                     1473.844360 2025-12-08 00:35:00
1           8                     1478.117188 2025-12-08 00:35:01
2           8                     1484.301392 2025-12-08 00:35:02
3           8                     1492.029907 2025-12-08 00:35:03
4           8                     1501.002930 2025-12-08 00:35:04
5           8                     1510.988892 2025-12-08 00:35:05
6           8                     1521.800171 2025-12-08 00:35:06
7           8                     1533.278564 2025-12-08 00:35:07
8           8                     1545.284302 2025-12-08 00:35:08
9           8                     1557.692505 2025-12-08 00:35:09
10          8                     1570.387817 2025-12-08 00:35:10
11          8                     1583.261963 2025-12-08 00:35:11
12          8                     1596.212646 2025-12-08 00:35:12
13          8                     1609.143188 2025-12-08 00:35:13
14          8                     1621.959717 2025-12-08 00:35:14
15          8                     1634.573730 2025-12-08 00:35:15
16          8                     1646.898682 2025-12-08 00:35:16
17          8                     1658.852051 2025-12-08 00:35:17
18          8                     1670.354004 2025-12-08 00:35:18
19          8                     1681.328003 2025-12-08 00:35:19
20          8                     1691.701172 2025-12-08 00:35:20
21          8                     1701.403564 2025-12-08 00:35:21
22          8                     1710.370361 2025-12-08 00:35:22
23          8                     1718.540771 2025-12-08 00:35:23
24          8                     1725.858276 2025-12-08 00:35:24
25          8                     1732.268188 2025-12-08 00:35:25
26          8                     1737.727539 2025-12-08 00:35:26
27          8                     1742.197754 2025-12-08 00:35:27
28          8                     1745.647217 2025-12-08 00:35:28
29          8                     1748.051392 2025-12-08 00:35:29
30          8                     1749.393799 2025-12-08 00:35:30
31          8                     1749.666626 2025-12-08 00:35:31
32          8                     1748.871460 2025-12-08 00:35:32
33          8                     1747.018921 2025-12-08 00:35:33
34          8                     1744.131348 2025-12-08 00:35:34
35          8                     1740.239746 2025-12-08 00:35:35
36          8                     1735.385986 2025-12-08 00:35:36
37          8                     1729.622559 2025-12-08 00:35:37
38          8                     1723.012451 2025-12-08 00:35:38
39          8                     1715.627197 2025-12-08 00:35:39
40          8                     1707.550659 2025-12-08 00:35:40
41          8                     1698.872925 2025-12-08 00:35:41
42          8                     1689.692383 2025-12-08 00:35:42
43          8                     1680.114014 2025-12-08 00:35:43
44          8                     1670.247559 2025-12-08 00:35:44
45          8                     1660.204712 2025-12-08 00:35:45
46          8                     1650.100830 2025-12-08 00:35:46
47          8                     1640.049072 2025-12-08 00:35:47
48          8                     1630.160400 2025-12-08 00:35:48
49          8                     1620.542236 2025-12-08 00:35:49
50          8                     1611.295166 2025-12-08 00:35:50
51          8                     1602.512329 2025-12-08 00:35:51
52          8                     1594.278931 2025-12-08 00:35:52
53          8                     1586.669189 2025-12-08 00:35:53
54          8                     1579.746338 2025-12-08 00:35:54
55          8                     1573.562378 2025-12-08 00:35:55
56          8                     1568.159058 2025-12-08 00:35:56
57          8                     1563.564575 2025-12-08 00:35:57
58          8                     1559.798340 2025-12-08 00:35:58
59          8                     1556.867554 2025-12-08 00:35:59
Forecasted values inserted into database
Exiting forecasting script

No new messages received yet.Trying again...
No new messages received yet.Trying again...
No new messages received yet.Trying again...
No new messages received yet.Trying again...
No new messages received yet.Trying again...
No new messages received yet.Trying again...
No new messages received yet.Trying again...
No new messages received yet.Trying again...
No new messages received yet.Trying again...
No new messages received yet.Trying again...
No new messages received yet.Trying again...
No new messages received yet.Trying again...
No new messages received yet.Trying again...
No new messages received yet.Trying again...
No new messages received yet.Trying again...
No new messages received yet.Trying again...
No new messages received yet.Trying again...
No new messages received yet.Trying again...
No new messages received yet.Trying again...

Actual data inserted to database
Triggering forecasting with retrained model
Forecasting.py script logs
Database connection established
Value of --retrain flag: True

Forecasting for retrained model using device8/2025-12-08-00-20-00-2025-12-08-00-29-59-model/device8.keras and device8/2025-12-08-00-20-00-2025-12-08-00-29-59-model/scaler.save
Successfully downloaded model and scaler from S3

Actual values fetched from database
    sensor_id  sensor_energy_value    sensor_timestamp  message_delay
0           8               1450.0 2025-12-08 00:35:00        59121.0
1           8               1450.8 2025-12-08 00:35:01        58120.0
2           8               1448.3 2025-12-08 00:35:02        57119.0
3           8               1452.9 2025-12-08 00:35:03        56117.0
4           8               1449.4 2025-12-08 00:35:04        55115.0
5           8               1450.7 2025-12-08 00:35:05        54110.0
6           8               1453.5 2025-12-08 00:35:06        53105.0
7           8               1451.3 2025-12-08 00:35:07        52105.0
8           8               1447.6 2025-12-08 00:35:08        51104.0
9           8               1448.9 2025-12-08 00:35:09        50103.0
10          8               1452.4 2025-12-08 00:35:10        49102.0
11          8               1453.3 2025-12-08 00:35:11        48101.0
12          8               1449.8 2025-12-08 00:35:12        47099.0
13          8               1453.3 2025-12-08 00:35:13        46097.0
14          8               1456.5 2025-12-08 00:35:14        45096.0
15          8               1449.8 2025-12-08 00:35:15        44093.0
16          8               1449.1 2025-12-08 00:35:16        43090.0
17          8               1451.0 2025-12-08 00:35:17        42087.0
18          8               1450.3 2025-12-08 00:35:18        41086.0
19          8               1459.5 2025-12-08 00:35:19        40084.0
20          8               1457.6 2025-12-08 00:35:20        39083.0
21          8               1453.7 2025-12-08 00:35:21        38083.0
22          8               1454.2 2025-12-08 00:35:22        37080.0
23          8               1454.8 2025-12-08 00:35:23        36078.0
24          8               1459.5 2025-12-08 00:35:24        35077.0
25          8               1450.8 2025-12-08 00:35:25        34076.0
26          8               1453.0 2025-12-08 00:35:26        33075.0
27          8               1450.7 2025-12-08 00:35:27        32073.0
28          8               1454.3 2025-12-08 00:35:28        31073.0
29          8               1452.0 2025-12-08 00:35:29        30072.0
30          8               1449.0 2025-12-08 00:35:30        29070.0
31          8               1452.3 2025-12-08 00:35:31        28069.0
32          8               1454.5 2025-12-08 00:35:32        27068.0
33          8               1471.1 2025-12-08 00:35:33        26067.0
34          8               1451.6 2025-12-08 00:35:34        25062.0
35          8               1453.3 2025-12-08 00:35:35        24061.0
36          8               1451.8 2025-12-08 00:35:36        23060.0
37          8               1452.9 2025-12-08 00:35:37        22059.0
38          8               1455.7 2025-12-08 00:35:38        21058.0
39          8               1454.3 2025-12-08 00:35:39        20056.0
40          8               1454.2 2025-12-08 00:35:40        19055.0
41          8               1455.9 2025-12-08 00:35:41        18054.0
42          8               1455.4 2025-12-08 00:35:42        17052.0
43          8               1456.2 2025-12-08 00:35:43        16049.0
44          8               1455.9 2025-12-08 00:35:44        15048.0
45          8               1450.6 2025-12-08 00:35:45        14045.0
46          8               1455.0 2025-12-08 00:35:46        13044.0
47          8               1454.4 2025-12-08 00:35:47        12042.0
48          8               1453.6 2025-12-08 00:35:48        11039.0
49          8               1456.8 2025-12-08 00:35:49        10034.0
50          8               1454.9 2025-12-08 00:35:50         9033.0
51          8               1454.3 2025-12-08 00:35:51         8032.0
52          8               1456.6 2025-12-08 00:35:52         7030.0
53          8               1457.5 2025-12-08 00:35:53         6029.0
54          8               1457.6 2025-12-08 00:35:54         5023.0
55          8               1457.3 2025-12-08 00:35:55         4023.0
56          8               1457.1 2025-12-08 00:35:56         3021.0
57          8               1463.5 2025-12-08 00:35:57         2020.0
58          8               1458.3 2025-12-08 00:35:58         1019.0
59          8               1457.9 2025-12-08 00:35:59           17.0
Forecasted values:
    sensor_id  sensor_energy_value_prediction    sensor_timestamp
0           8                     1482.485107 2025-12-08 00:36:00
1           8                     1487.142090 2025-12-08 00:36:01
2           8                     1493.540894 2025-12-08 00:36:02
3           8                     1501.348267 2025-12-08 00:36:03
4           8                     1510.289795 2025-12-08 00:36:04
5           8                     1520.152466 2025-12-08 00:36:05
6           8                     1530.761841 2025-12-08 00:36:06
7           8                     1541.969238 2025-12-08 00:36:07
8           8                     1553.643921 2025-12-08 00:36:08
9           8                     1565.667236 2025-12-08 00:36:09
10          8                     1577.928589 2025-12-08 00:36:10
11          8                     1590.325439 2025-12-08 00:36:11
12          8                     1602.760132 2025-12-08 00:36:12
13          8                     1615.138794 2025-12-08 00:36:13
14          8                     1627.372803 2025-12-08 00:36:14
15          8                     1639.376221 2025-12-08 00:36:15
16          8                     1651.066528 2025-12-08 00:36:16
17          8                     1662.364502 2025-12-08 00:36:17
18          8                     1673.194580 2025-12-08 00:36:18
19          8                     1683.483765 2025-12-08 00:36:19
20          8                     1693.162842 2025-12-08 00:36:20
21          8                     1702.166992 2025-12-08 00:36:21
22          8                     1710.435425 2025-12-08 00:36:22
23          8                     1717.911499 2025-12-08 00:36:23
24          8                     1724.543823 2025-12-08 00:36:24
25          8                     1730.285767 2025-12-08 00:36:25
26          8                     1735.098389 2025-12-08 00:36:26
27          8                     1738.946533 2025-12-08 00:36:27
28          8                     1741.804321 2025-12-08 00:36:28
29          8                     1743.651733 2025-12-08 00:36:29
30          8                     1744.478149 2025-12-08 00:36:30
31          8                     1744.280762 2025-12-08 00:36:31
32          8                     1743.065552 2025-12-08 00:36:32
33          8                     1740.848267 2025-12-08 00:36:33
34          8                     1737.652832 2025-12-08 00:36:34
35          8                     1733.517456 2025-12-08 00:36:35
36          8                     1728.485596 2025-12-08 00:36:36
37          8                     1722.613403 2025-12-08 00:36:37
38          8                     1715.964478 2025-12-08 00:36:38
39          8                     1708.613281 2025-12-08 00:36:39
40          8                     1700.642334 2025-12-08 00:36:40
41          8                     1692.141113 2025-12-08 00:36:41
42          8                     1683.206787 2025-12-08 00:36:42
43          8                     1673.940430 2025-12-08 00:36:43
44          8                     1664.447876 2025-12-08 00:36:44
45          8                     1654.836548 2025-12-08 00:36:45
46          8                     1645.215088 2025-12-08 00:36:46
47          8                     1635.689331 2025-12-08 00:36:47
48          8                     1626.363159 2025-12-08 00:36:48
49          8                     1617.335815 2025-12-08 00:36:49
50          8                     1608.699097 2025-12-08 00:36:50
51          8                     1600.538330 2025-12-08 00:36:51
52          8                     1592.929565 2025-12-08 00:36:52
53          8                     1585.939331 2025-12-08 00:36:53
54          8                     1579.622925 2025-12-08 00:36:54
55          8                     1574.026489 2025-12-08 00:36:55
56          8                     1569.183960 2025-12-08 00:36:56
57          8                     1565.119873 2025-12-08 00:36:57
58          8                     1561.846313 2025-12-08 00:36:58
59          8                     1559.368652 2025-12-08 00:36:59
Forecasted values inserted into database
Exiting forecasting script

No new messages received yet.Trying again...
No new messages received yet.Trying again...
No new messages received yet.Trying again...
No new messages received yet.Trying again...
No new messages received yet.Trying again...
No new messages received yet.Trying again...
No new messages received yet.Trying again...
No new messages received yet.Trying again...
No new messages received yet.Trying again...
No new messages received yet.Trying again...
No new messages received yet.Trying again...
No new messages received yet.Trying again...
No new messages received yet.Trying again...
No new messages received yet.Trying again...
No new messages received yet.Trying again...
No new messages received yet.Trying again...
No new messages received yet.Trying again...
No new messages received yet.Trying again...
No new messages received yet.Trying again...
No new messages received yet.Trying again...
No new messages received yet.Trying again...
No new messages received yet.Trying again...
No new messages received yet.Trying again...
No new messages received yet.Trying again...
No new messages received yet.Trying again...
No new messages received yet.Trying again...
No new messages received yet.Trying again...
No new messages received yet.Trying again...
No new messages received yet.Trying again...
No new messages received yet.Trying again...
No new messages received yet.Trying again...
No new messages received yet.Trying again...

Actual data inserted to database
Triggering forecasting with retrained model
Forecasting.py script logs
Database connection established
Value of --retrain flag: True

Forecasting for retrained model using device8/2025-12-08-00-20-00-2025-12-08-00-29-59-model/device8.keras and device8/2025-12-08-00-20-00-2025-12-08-00-29-59-model/scaler.save
Successfully downloaded model and scaler from S3

Actual values fetched from database
    sensor_id  sensor_energy_value    sensor_timestamp  message_delay
0           8               1467.2 2025-12-08 00:36:00        59172.0
1           8               1459.7 2025-12-08 00:36:01        58168.0
2           8               1460.8 2025-12-08 00:36:02        57164.0
3           8               1455.8 2025-12-08 00:36:03        56163.0
4           8               1458.6 2025-12-08 00:36:04        55161.0
5           8               1459.8 2025-12-08 00:36:05        54159.0
6           8               1451.7 2025-12-08 00:36:06        53157.0
7           8               1454.4 2025-12-08 00:36:07        52156.0
8           8               1457.5 2025-12-08 00:36:08        51154.0
9           8               1460.2 2025-12-08 00:36:09        50152.0
10          8               1457.8 2025-12-08 00:36:10        49151.0
11          8               1455.9 2025-12-08 00:36:11        48150.0
12          8               1455.5 2025-12-08 00:36:12        47149.0
13          8               1457.5 2025-12-08 00:36:13        46147.0
14          8               1454.6 2025-12-08 00:36:14        45146.0
15          8               1452.8 2025-12-08 00:36:15        44144.0
16          8               1457.3 2025-12-08 00:36:16        43143.0
17          8               1457.9 2025-12-08 00:36:17        42141.0
18          8               1473.4 2025-12-08 00:36:18        41139.0
19          8               1460.6 2025-12-08 00:36:19        40127.0
20          8               1458.8 2025-12-08 00:36:20        39126.0
21          8               1462.2 2025-12-08 00:36:21        38124.0
22          8               1456.7 2025-12-08 00:36:22        37121.0
23          8               1454.8 2025-12-08 00:36:23        36120.0
24          8               1456.2 2025-12-08 00:36:24        35117.0
25          8               1457.5 2025-12-08 00:36:25        34116.0
26          8               1456.9 2025-12-08 00:36:26        33115.0
27          8               1453.7 2025-12-08 00:36:27        32114.0
28          8               1459.4 2025-12-08 00:36:28        31112.0
29          8               1455.0 2025-12-08 00:36:29        30109.0
30          8               1457.3 2025-12-08 00:36:30        29108.0
31          8               1454.3 2025-12-08 00:36:31        28107.0
32          8               1455.4 2025-12-08 00:36:32        27106.0
33          8               1458.4 2025-12-08 00:36:33        26105.0
34          8               1459.9 2025-12-08 00:36:34        25103.0
35          8               1456.1 2025-12-08 00:36:35        24102.0
36          8               1460.8 2025-12-08 00:36:36        23102.0
37          8               1458.4 2025-12-08 00:36:37        22100.0
38          8               1456.8 2025-12-08 00:36:38        21079.0
39          8               1458.1 2025-12-08 00:36:39        20076.0
40          8               1459.7 2025-12-08 00:36:40        19074.0
41          8               1458.7 2025-12-08 00:36:41        18072.0
42          8               1458.9 2025-12-08 00:36:42        17070.0
43          8               1461.9 2025-12-08 00:36:43        16064.0
44          8               1461.6 2025-12-08 00:36:44        15061.0
45          8               1460.5 2025-12-08 00:36:45        14060.0
46          8               1461.2 2025-12-08 00:36:46        13059.0
47          8               1461.3 2025-12-08 00:36:47        12058.0
48          8               1455.1 2025-12-08 00:36:48        11034.0
49          8               1457.1 2025-12-08 00:36:49        10029.0
50          8               1456.8 2025-12-08 00:36:50         9027.0
51          8               1459.1 2025-12-08 00:36:51         8026.0
52          8               1462.5 2025-12-08 00:36:52         7022.0
53          8               1456.9 2025-12-08 00:36:53         6018.0
54          8               1473.2 2025-12-08 00:36:54         5016.0
55          8               1456.1 2025-12-08 00:36:55         4015.0
56          8               1454.3 2025-12-08 00:36:56         3014.0
57          8               1458.9 2025-12-08 00:36:57         2013.0
58          8               1465.2 2025-12-08 00:36:58         1012.0
59          8               1465.6 2025-12-08 00:36:59           10.0
Forecasted values:
    sensor_id  sensor_energy_value_prediction    sensor_timestamp
0           8                     1483.932495 2025-12-08 00:37:00
1           8                     1488.823486 2025-12-08 00:37:01
2           8                     1495.361328 2025-12-08 00:37:02
3           8                     1503.235962 2025-12-08 00:37:03
4           8                     1512.195923 2025-12-08 00:37:04
5           8                     1522.041016 2025-12-08 00:37:05
6           8                     1532.606689 2025-12-08 00:37:06
7           8                     1543.750610 2025-12-08 00:37:07
8           8                     1555.345581 2025-12-08 00:37:08
9           8                     1567.275757 2025-12-08 00:37:09
10          8                     1579.433228 2025-12-08 00:37:10
11          8                     1591.717041 2025-12-08 00:37:11
12          8                     1604.030884 2025-12-08 00:37:12
13          8                     1616.282349 2025-12-08 00:37:13
14          8                     1628.383179 2025-12-08 00:37:14
15          8                     1640.248779 2025-12-08 00:37:15
16          8                     1651.797607 2025-12-08 00:37:16
17          8                     1662.950928 2025-12-08 00:37:17
18          8                     1673.633911 2025-12-08 00:37:18
19          8                     1683.774414 2025-12-08 00:37:19
20          8                     1693.304810 2025-12-08 00:37:20
21          8                     1702.161011 2025-12-08 00:37:21
22          8                     1710.282837 2025-12-08 00:37:22
23          8                     1717.614746 2025-12-08 00:37:23
24          8                     1724.106201 2025-12-08 00:37:24
25          8                     1729.712524 2025-12-08 00:37:25
26          8                     1734.393921 2025-12-08 00:37:26
27          8                     1738.117676 2025-12-08 00:37:27
28          8                     1740.858643 2025-12-08 00:37:28
29          8                     1742.597656 2025-12-08 00:37:29
30          8                     1743.325195 2025-12-08 00:37:30
31          8                     1743.039551 2025-12-08 00:37:31
32          8                     1741.747314 2025-12-08 00:37:32
33          8                     1739.465576 2025-12-08 00:37:33
34          8                     1736.219971 2025-12-08 00:37:34
35          8                     1732.047241 2025-12-08 00:37:35
36          8                     1726.992432 2025-12-08 00:37:36
37          8                     1721.111328 2025-12-08 00:37:37
38          8                     1714.468994 2025-12-08 00:37:38
39          8                     1707.139404 2025-12-08 00:37:39
40          8                     1699.204834 2025-12-08 00:37:40
41          8                     1690.754639 2025-12-08 00:37:41
42          8                     1681.885132 2025-12-08 00:37:42
43          8                     1672.696655 2025-12-08 00:37:43
44          8                     1663.293701 2025-12-08 00:37:44
45          8                     1653.782959 2025-12-08 00:37:45
46          8                     1644.271118 2025-12-08 00:37:46
47          8                     1634.862915 2025-12-08 00:37:47
48          8                     1625.660767 2025-12-08 00:37:48
49          8                     1616.762085 2025-12-08 00:37:49
50          8                     1608.257080 2025-12-08 00:37:50
51          8                     1600.229004 2025-12-08 00:37:51
52          8                     1592.751953 2025-12-08 00:37:52
53          8                     1585.890625 2025-12-08 00:37:53
54          8                     1579.700317 2025-12-08 00:37:54
55          8                     1574.222656 2025-12-08 00:37:55
56          8                     1569.494507 2025-12-08 00:37:56
57          8                     1565.537231 2025-12-08 00:37:57
58          8                     1562.362671 2025-12-08 00:37:58
59          8                     1559.973877 2025-12-08 00:37:59
Forecasted values inserted into database
Exiting forecasting script

No new messages received yet.Trying again...
No new messages received yet.Trying again...
No new messages received yet.Trying again...
No new messages received yet.Trying again...
No new messages received yet.Trying again...
No new messages received yet.Trying again...
No new messages received yet.Trying again...
No new messages received yet.Trying again...
No new messages received yet.Trying again...
No new messages received yet.Trying again...
No new messages received yet.Trying again...
No new messages received yet.Trying again...
No new messages received yet.Trying again...
No new messages received yet.Trying again...
No new messages received yet.Trying again...
No new messages received yet.Trying again...
No new messages received yet.Trying again...
No new messages received yet.Trying again...
No new messages received yet.Trying again...
No new messages received yet.Trying again...
No new messages received yet.Trying again...
No new messages received yet.Trying again...

Actual data inserted to database
Triggering forecasting with retrained model
Forecasting.py script logs
Database connection established
Value of --retrain flag: True

Forecasting for retrained model using device8/2025-12-08-00-20-00-2025-12-08-00-29-59-model/device8.keras and device8/2025-12-08-00-20-00-2025-12-08-00-29-59-model/scaler.save
Successfully downloaded model and scaler from S3

Actual values fetched from database
    sensor_id  sensor_energy_value    sensor_timestamp  message_delay
0           8               1461.8 2025-12-08 00:37:00        59863.0
1           8               1466.7 2025-12-08 00:37:01        58862.0
2           8               1465.9 2025-12-08 00:37:02        57861.0
3           8               1463.4 2025-12-08 00:37:03        56860.0
4           8               1461.1 2025-12-08 00:37:04        55855.0
5           8               1462.3 2025-12-08 00:37:05        54854.0
6           8               1461.0 2025-12-08 00:37:06        53853.0
7           8               1462.6 2025-12-08 00:37:07        52852.0
8           8               1457.1 2025-12-08 00:37:08        51851.0
9           8               1454.9 2025-12-08 00:37:09        50850.0
10          8               1459.0 2025-12-08 00:37:10        49848.0
11          8               1460.8 2025-12-08 00:37:11        48845.0
12          8               1459.8 2025-12-08 00:37:12        47842.0
13          8               1462.6 2025-12-08 00:37:13        46840.0
14          8               1461.1 2025-12-08 00:37:14        45836.0
15          8               1458.4 2025-12-08 00:37:15        44834.0
16          8               1458.5 2025-12-08 00:37:16        43832.0
17          8               1459.8 2025-12-08 00:37:17        42831.0
18          8               1461.8 2025-12-08 00:37:18        41824.0
19          8               1467.2 2025-12-08 00:37:19        40822.0
20          8               1464.3 2025-12-08 00:37:20        39819.0
21          8               1461.6 2025-12-08 00:37:21        38818.0
22          8               1460.7 2025-12-08 00:37:22        37816.0
23          8               1458.8 2025-12-08 00:37:23        36816.0
24          8               1459.2 2025-12-08 00:37:24        35815.0
25          8               1474.2 2025-12-08 00:37:25        34814.0
26          8               1458.4 2025-12-08 00:37:26        33813.0
27          8               1457.6 2025-12-08 00:37:27        32812.0
28          8               1461.5 2025-12-08 00:37:28        31802.0
29          8               1460.7 2025-12-08 00:37:29        30801.0
30          8               1458.7 2025-12-08 00:37:30        29800.0
31          8               1460.9 2025-12-08 00:37:31        28798.0
32          8               1458.8 2025-12-08 00:37:32        27796.0
33          8               1469.1 2025-12-08 00:37:33        26795.0
34          8               1462.2 2025-12-08 00:37:34        25790.0
35          8               1462.9 2025-12-08 00:37:35        24785.0
36          8               1458.8 2025-12-08 00:37:36        23694.0
37          8               1461.8 2025-12-08 00:37:37        22690.0
38          8               1462.2 2025-12-08 00:37:38        21676.0
39          8               1462.6 2025-12-08 00:37:39        20674.0
40          8               1467.2 2025-12-08 00:37:40        19673.0
41          8               1468.3 2025-12-08 00:37:41        18447.0
42          8               1458.5 2025-12-08 00:37:42        17447.0
43          8               1462.0 2025-12-08 00:37:43        16441.0
44          8               1461.0 2025-12-08 00:37:44        15436.0
45          8               1463.5 2025-12-08 00:37:45        14429.0
46          8               1464.7 2025-12-08 00:37:46        13426.0
47          8               1467.7 2025-12-08 00:37:47        12388.0
48          8               1561.7 2025-12-08 00:37:48        11329.0
49          8               1589.2 2025-12-08 00:37:49        10318.0
50          8               1590.0 2025-12-08 00:37:50         9220.0
51          8               1596.0 2025-12-08 00:37:51         8177.0
52          8               1596.8 2025-12-08 00:37:52         7106.0
53          8               1594.8 2025-12-08 00:37:53         6082.0
54          8               1603.2 2025-12-08 00:37:54         5073.0
55          8               1597.1 2025-12-08 00:37:55         4067.0
56          8               1596.1 2025-12-08 00:37:56         3065.0
57          8               1594.7 2025-12-08 00:37:57         2035.0
58          8               1601.5 2025-12-08 00:37:58         1031.0
59          8               1595.3 2025-12-08 00:37:59           27.0
Forecasted values:
    sensor_id  sensor_energy_value_prediction    sensor_timestamp
0           8                     1629.041260 2025-12-08 00:38:00
1           8                     1624.970459 2025-12-08 00:38:01
2           8                     1622.446655 2025-12-08 00:38:02
3           8                     1621.068848 2025-12-08 00:38:03
4           8                     1620.536865 2025-12-08 00:38:04
5           8                     1620.650757 2025-12-08 00:38:05
6           8                     1621.273315 2025-12-08 00:38:06
7           8                     1622.306763 2025-12-08 00:38:07
8           8                     1623.678101 2025-12-08 00:38:08
9           8                     1625.330322 2025-12-08 00:38:09
10          8                     1627.216553 2025-12-08 00:38:10
11          8                     1629.296509 2025-12-08 00:38:11
12          8                     1631.534912 2025-12-08 00:38:12
13          8                     1633.899292 2025-12-08 00:38:13
14          8                     1636.359497 2025-12-08 00:38:14
15          8                     1638.887085 2025-12-08 00:38:15
16          8                     1641.454956 2025-12-08 00:38:16
17          8                     1644.037476 2025-12-08 00:38:17
18          8                     1646.609741 2025-12-08 00:38:18
19          8                     1649.147705 2025-12-08 00:38:19
20          8                     1651.629395 2025-12-08 00:38:20
21          8                     1654.033081 2025-12-08 00:38:21
22          8                     1656.338623 2025-12-08 00:38:22
23          8                     1658.527344 2025-12-08 00:38:23
24          8                     1660.581299 2025-12-08 00:38:24
25          8                     1662.484497 2025-12-08 00:38:25
26          8                     1664.221802 2025-12-08 00:38:26
27          8                     1665.781738 2025-12-08 00:38:27
28          8                     1667.153442 2025-12-08 00:38:28
29          8                     1668.327148 2025-12-08 00:38:29
30          8                     1669.296143 2025-12-08 00:38:30
31          8                     1670.055176 2025-12-08 00:38:31
32          8                     1670.601074 2025-12-08 00:38:32
33          8                     1670.932495 2025-12-08 00:38:33
34          8                     1671.049194 2025-12-08 00:38:34
35          8                     1670.955200 2025-12-08 00:38:35
36          8                     1670.654785 2025-12-08 00:38:36
37          8                     1670.154907 2025-12-08 00:38:37
38          8                     1669.463745 2025-12-08 00:38:38
39          8                     1668.591797 2025-12-08 00:38:39
40          8                     1667.550171 2025-12-08 00:38:40
41          8                     1666.351929 2025-12-08 00:38:41
42          8                     1665.010986 2025-12-08 00:38:42
43          8                     1663.543457 2025-12-08 00:38:43
44          8                     1661.964478 2025-12-08 00:38:44
45          8                     1660.291016 2025-12-08 00:38:45
46          8                     1658.540527 2025-12-08 00:38:46
47          8                     1656.731079 2025-12-08 00:38:47
48          8                     1654.880859 2025-12-08 00:38:48
49          8                     1652.998535 2025-12-08 00:38:49
50          8                     1651.107788 2025-12-08 00:38:50
51          8                     1649.229126 2025-12-08 00:38:51
52          8                     1647.380005 2025-12-08 00:38:52
53          8                     1645.578003 2025-12-08 00:38:53
54          8                     1643.839478 2025-12-08 00:38:54
55          8                     1642.178833 2025-12-08 00:38:55
56          8                     1640.611328 2025-12-08 00:38:56
57          8                     1639.149292 2025-12-08 00:38:57
58          8                     1637.804077 2025-12-08 00:38:58
59          8                     1636.585083 2025-12-08 00:38:59
Forecasted values inserted into database
Exiting forecasting script

No new messages received yet.Trying again...
No new messages received yet.Trying again...
No new messages received yet.Trying again...
No new messages received yet.Trying again...
No new messages received yet.Trying again...
No new messages received yet.Trying again...
No new messages received yet.Trying again...
No new messages received yet.Trying again...
No new messages received yet.Trying again...

Actual data inserted to database
Triggering forecasting with retrained model
Forecasting.py script logs
Database connection established
Value of --retrain flag: True

Forecasting for retrained model using device8/2025-12-08-00-20-00-2025-12-08-00-29-59-model/device8.keras and device8/2025-12-08-00-20-00-2025-12-08-00-29-59-model/scaler.save
Successfully downloaded model and scaler from S3

Actual values fetched from database
    sensor_id  sensor_energy_value    sensor_timestamp  message_delay
0           8               1609.5 2025-12-08 00:38:00        59299.0
1           8               1595.9 2025-12-08 00:38:01        58298.0
2           8               1596.8 2025-12-08 00:38:02        57289.0
3           8               1593.1 2025-12-08 00:38:03        56285.0
4           8               1593.3 2025-12-08 00:38:04        55283.0
5           8               1591.5 2025-12-08 00:38:05        54281.0
6           8               1594.1 2025-12-08 00:38:06        53274.0
7           8               1596.0 2025-12-08 00:38:07        52268.0
8           8               1594.1 2025-12-08 00:38:08        51265.0
9           8               1594.5 2025-12-08 00:38:09        50255.0
10          8               1592.7 2025-12-08 00:38:10        49253.0
11          8               1594.4 2025-12-08 00:38:11        48251.0
12          8               1594.9 2025-12-08 00:38:12        47249.0
13          8               1598.8 2025-12-08 00:38:13        46244.0
14          8               1594.4 2025-12-08 00:38:14        45235.0
15          8               1591.9 2025-12-08 00:38:15        44229.0
16          8               1595.5 2025-12-08 00:38:16        43228.0
17          8               1596.3 2025-12-08 00:38:17        42222.0
18          8               1595.9 2025-12-08 00:38:18        41216.0
19          8               1599.9 2025-12-08 00:38:19        40198.0
20          8               1597.7 2025-12-08 00:38:20        39190.0
21          8               1591.1 2025-12-08 00:38:21        38182.0
22          8               1596.3 2025-12-08 00:38:22        37175.0
23          8               1597.2 2025-12-08 00:38:23        36174.0
24          8               1594.1 2025-12-08 00:38:24        35169.0
25          8               1594.6 2025-12-08 00:38:25        34168.0
26          8               1592.8 2025-12-08 00:38:26        33166.0
27          8               1595.3 2025-12-08 00:38:27        32164.0
28          8               1595.8 2025-12-08 00:38:28        31162.0
29          8               1592.6 2025-12-08 00:38:29        30140.0
30          8               1593.1 2025-12-08 00:38:30        29136.0
31          8               1591.6 2025-12-08 00:38:31        28130.0
32          8               1594.1 2025-12-08 00:38:32        27127.0
33          8               1603.3 2025-12-08 00:38:33        26122.0
34          8               1593.3 2025-12-08 00:38:34        25120.0
35          8               1594.0 2025-12-08 00:38:35        24114.0
36          8               1593.0 2025-12-08 00:38:36        23112.0
37          8               1596.4 2025-12-08 00:38:37        22108.0
38          8               1604.0 2025-12-08 00:38:38        21106.0
39          8               1595.0 2025-12-08 00:38:39        20105.0
40          8               1595.6 2025-12-08 00:38:40        19093.0
41          8               1594.3 2025-12-08 00:38:41        18084.0
42          8               1596.5 2025-12-08 00:38:42        17077.0
43          8               1596.6 2025-12-08 00:38:43        16076.0
44          8               1596.8 2025-12-08 00:38:44        15074.0
45          8               1600.5 2025-12-08 00:38:45        14069.0
46          8               1597.3 2025-12-08 00:38:46        13064.0
47          8               1597.0 2025-12-08 00:38:47        12062.0
48          8               1607.0 2025-12-08 00:38:48        11060.0
49          8               1594.4 2025-12-08 00:38:49        10058.0
50          8               1592.4 2025-12-08 00:38:50         9054.0
51          8               1593.9 2025-12-08 00:38:51         8052.0
52          8               1596.7 2025-12-08 00:38:52         7044.0
53          8               1597.0 2025-12-08 00:38:53         6036.0
54          8               1593.1 2025-12-08 00:38:54         5033.0
55          8               1597.3 2025-12-08 00:38:55         4030.0
56          8               1595.2 2025-12-08 00:38:56         3025.0
57          8               1598.4 2025-12-08 00:38:57         2019.0
58          8               1599.4 2025-12-08 00:38:58         1015.0
59          8               1598.2 2025-12-08 00:38:59           13.0
Forecasted values:
    sensor_id  sensor_energy_value_prediction    sensor_timestamp
0           8                     1601.475220 2025-12-08 00:39:00
1           8                     1602.998047 2025-12-08 00:39:01
2           8                     1604.821167 2025-12-08 00:39:02
3           8                     1606.899292 2025-12-08 00:39:03
4           8                     1609.192749 2025-12-08 00:39:04
5           8                     1611.665161 2025-12-08 00:39:05
6           8                     1614.283936 2025-12-08 00:39:06
7           8                     1617.016724 2025-12-08 00:39:07
8           8                     1619.833618 2025-12-08 00:39:08
9           8                     1622.705566 2025-12-08 00:39:09
10          8                     1625.603882 2025-12-08 00:39:10
11          8                     1628.502197 2025-12-08 00:39:11
12          8                     1631.372925 2025-12-08 00:39:12
13          8                     1634.191528 2025-12-08 00:39:13
14          8                     1636.933228 2025-12-08 00:39:14
15          8                     1639.575928 2025-12-08 00:39:15
16          8                     1642.098267 2025-12-08 00:39:16
17          8                     1644.479370 2025-12-08 00:39:17
18          8                     1646.701416 2025-12-08 00:39:18
19          8                     1648.747925 2025-12-08 00:39:19
20          8                     1650.603638 2025-12-08 00:39:20
21          8                     1652.256226 2025-12-08 00:39:21
22          8                     1653.694946 2025-12-08 00:39:22
23          8                     1654.910400 2025-12-08 00:39:23
24          8                     1655.895874 2025-12-08 00:39:24
25          8                     1656.647217 2025-12-08 00:39:25
26          8                     1657.161743 2025-12-08 00:39:26
27          8                     1657.439575 2025-12-08 00:39:27
28          8                     1657.481689 2025-12-08 00:39:28
29          8                     1657.292603 2025-12-08 00:39:29
30          8                     1656.878784 2025-12-08 00:39:30
31          8                     1656.247925 2025-12-08 00:39:31
32          8                     1655.410400 2025-12-08 00:39:32
33          8                     1654.377808 2025-12-08 00:39:33
34          8                     1653.162476 2025-12-08 00:39:34
35          8                     1651.781860 2025-12-08 00:39:35
36          8                     1650.251099 2025-12-08 00:39:36
37          8                     1648.588257 2025-12-08 00:39:37
38          8                     1646.811401 2025-12-08 00:39:38
39          8                     1644.939575 2025-12-08 00:39:39
40          8                     1642.994385 2025-12-08 00:39:40
41          8                     1640.995117 2025-12-08 00:39:41
42          8                     1638.963013 2025-12-08 00:39:42
43          8                     1636.917603 2025-12-08 00:39:43
44          8                     1634.879639 2025-12-08 00:39:44
45          8                     1632.868530 2025-12-08 00:39:45
46          8                     1630.902832 2025-12-08 00:39:46
47          8                     1629.001343 2025-12-08 00:39:47
48          8                     1627.180542 2025-12-08 00:39:48
49          8                     1625.455078 2025-12-08 00:39:49
50          8                     1623.841553 2025-12-08 00:39:50
51          8                     1622.352051 2025-12-08 00:39:51
52          8                     1620.997070 2025-12-08 00:39:52
53          8                     1619.786377 2025-12-08 00:39:53
54          8                     1618.727661 2025-12-08 00:39:54
55          8                     1617.827759 2025-12-08 00:39:55
56          8                     1617.090210 2025-12-08 00:39:56
57          8                     1616.518433 2025-12-08 00:39:57
58          8                     1616.112427 2025-12-08 00:39:58
59          8                     1615.871948 2025-12-08 00:39:59
Forecasted values inserted into database
Exiting forecasting script

No new messages received yet.Trying again...
No new messages received yet.Trying again...
No new messages received yet.Trying again...
No new messages received yet.Trying again...
No new messages received yet.Trying again...
No new messages received yet.Trying again...
No new messages received yet.Trying again...
2026-05-16 10:32:42.220 INFO  [132372685125312] ConsumerStatsImpl:59 | Consumer [persistent://public/default/device8_model_consume, pythonSubscription, 0] , ConsumerStatsImpl (numBytesRecieved_ = 14304, totalNumBytesRecieved_ = 57096, receivedMsgMap_ = {[Key: Ok, Value: 596], [Key: TimeOut, Value: 210], }, ackedMsgMap_ = {[Key: {Result: Ok, ackType: 0}, Value: 596], }, totalReceivedMsgMap_ = {[Key: Ok, Value: 2379], [Key: TimeOut, Value: 1053], }, totalAckedMsgMap_ = {[Key: {Result: Ok, ackType: 0}, Value: 2379], })
No new messages received yet.Trying again...
No new messages received yet.Trying again...
No new messages received yet.Trying again...
No new messages received yet.Trying again...
No new messages received yet.Trying again...
No new messages received yet.Trying again...
No new messages received yet.Trying again...
No new messages received yet.Trying again...
No new messages received yet.Trying again...
No new messages received yet.Trying again...
No new messages received yet.Trying again...
No new messages received yet.Trying again...
No new messages received yet.Trying again...
No new messages received yet.Trying again...

Actual data inserted to database
Triggering retrain for window beetween 00:30:00 and 00:39:59
lasttimestamp is  2025-12-08 00:39:59
