2026-05-16 10:11:53.502 INFO  [123778186985600] Client:86 | Subscribing on Topic :device14_model_consume
2026-05-16 10:11:53.503 INFO  [123778186985600] ClientConnection:196 | [<none> -> pulsar://localhost:6650] Create ClientConnection, timeout=10000
2026-05-16 10:11:53.503 INFO  [123778186985600] ConnectionPool:125 | Created connection for pulsar://localhost:6650-pulsar://localhost:6650-0
2026-05-16 10:11:53.504 INFO  [123777660745408] ClientConnection:416 | [127.0.0.1:45590 -> 127.0.0.1:6650] Connected to broker
2026-05-16 10:11:53.508 INFO  [123777660745408] HandlerBase:112 | [persistent://public/default/device14_model_consume, pythonSubscription, 0] Getting connection from pool
2026-05-16 10:11:53.510 INFO  [123777660745408] BinaryProtoLookupService:85 | Lookup response for persistent://public/default/device14_model_consume, lookup-broker-url pulsar://localhost:6650, from [127.0.0.1:45590 -> 127.0.0.1:6650] 
2026-05-16 10:11:53.531 INFO  [123777660745408] ConsumerImpl:337 | [persistent://public/default/device14_model_consume, pythonSubscription, 0] Created consumer on broker [127.0.0.1:45590 -> 127.0.0.1:6650] 
2026-05-16 10:11:53.531 INFO  [123777660745408] HandlerBase:134 | Finished connecting to broker after 21 ms
Coordinator service started

Database connection established
Dropped table device14_actualvalues
Table device14_actualvalues created successfully

No new messages received yet.Trying again...
No new messages received yet.Trying again...
No new messages received yet.Trying again...
No new messages received yet.Trying again...
No new messages received yet.Trying again...
No new messages received yet.Trying again...
No new messages received yet.Trying again...
No new messages received yet.Trying again...
No new messages received yet.Trying again...
No new messages received yet.Trying again...
No new messages received yet.Trying again...
No new messages received yet.Trying again...
No new messages received yet.Trying again...
No new messages received yet.Trying again...
No new messages received yet.Trying again...
No new messages received yet.Trying again...
No new messages received yet.Trying again...
No new messages received yet.Trying again...
No new messages received yet.Trying again...
No new messages received yet.Trying again...
No new messages received yet.Trying again...
No new messages received yet.Trying again...
No new messages received yet.Trying again...
No new messages received yet.Trying again...
No new messages received yet.Trying again...
No new messages received yet.Trying again...
No new messages received yet.Trying again...
No new messages received yet.Trying again...
No new messages received yet.Trying again...
No new messages received yet.Trying again...
No new messages received yet.Trying again...
No new messages received yet.Trying again...
No new messages received yet.Trying again...
No new messages received yet.Trying again...
No new messages received yet.Trying again...
No new messages received yet.Trying again...
No new messages received yet.Trying again...
No new messages received yet.Trying again...
No new messages received yet.Trying again...
No new messages received yet.Trying again...
No new messages received yet.Trying again...
No new messages received yet.Trying again...
No new messages received yet.Trying again...
No new messages received yet.Trying again...
No new messages received yet.Trying again...
No new messages received yet.Trying again...
No new messages received yet.Trying again...
No new messages received yet.Trying again...
No new messages received yet.Trying again...
No new messages received yet.Trying again...
No new messages received yet.Trying again...
No new messages received yet.Trying again...
No new messages received yet.Trying again...
No new messages received yet.Trying again...
No new messages received yet.Trying again...
No new messages received yet.Trying again...
No new messages received yet.Trying again...
No new messages received yet.Trying again...

Actual data inserted to database
No retrain triggered
Triggering forecasting

Forecasting.py script logs
Database connection established
Dropped table device14_forecastedvalues
Table device14_forecastedvalues created successfully

Value of --retrain flag: False

Forecasting for initial model using device14/initial/device14.keras and device14/initial/scaler.save
Successfully downloaded model and scaler from S3

Actual values fetched from database
    sensor_id  sensor_energy_value    sensor_timestamp  message_delay
0          14                644.6 2025-12-08 00:00:00        59191.0
1          14                655.8 2025-12-08 00:00:01        58181.0
2          14                640.3 2025-12-08 00:00:02        57175.0
3          14                640.3 2025-12-08 00:00:03        56173.0
4          14                638.7 2025-12-08 00:00:04        55164.0
5          14                640.2 2025-12-08 00:00:05        54161.0
6          14                639.9 2025-12-08 00:00:06        53156.0
7          14                639.4 2025-12-08 00:00:07        52153.0
8          14                638.6 2025-12-08 00:00:08        51151.0
9          14                645.2 2025-12-08 00:00:09        50150.0
10         14                647.3 2025-12-08 00:00:10        49148.0
11         14                639.8 2025-12-08 00:00:11        48146.0
12         14                639.7 2025-12-08 00:00:12        47145.0
13         14                638.1 2025-12-08 00:00:13        46143.0
14         14                640.3 2025-12-08 00:00:14        45141.0
15         14                638.7 2025-12-08 00:00:15        44140.0
16         14                639.5 2025-12-08 00:00:16        43137.0
17         14                639.6 2025-12-08 00:00:17        42135.0
18         14                641.1 2025-12-08 00:00:18        41133.0
19         14                653.9 2025-12-08 00:00:19        40131.0
20         14                642.9 2025-12-08 00:00:20        39129.0
21         14                646.4 2025-12-08 00:00:21        38127.0
22         14                640.0 2025-12-08 00:00:22        37125.0
23         14                640.6 2025-12-08 00:00:23        36122.0
24         14                640.7 2025-12-08 00:00:24        35116.0
25         14                635.8 2025-12-08 00:00:25        34115.0
26         14                638.2 2025-12-08 00:00:26        33113.0
27         14                658.7 2025-12-08 00:00:27        32111.0
28         14                640.1 2025-12-08 00:00:28        31110.0
29         14                639.1 2025-12-08 00:00:29        30102.0
30         14                636.4 2025-12-08 00:00:30        29101.0
31         14                635.4 2025-12-08 00:00:31        28099.0
32         14                640.3 2025-12-08 00:00:32        27097.0
33         14                772.1 2025-12-08 00:00:33        26094.0
34         14                742.3 2025-12-08 00:00:34        25085.0
35         14                748.6 2025-12-08 00:00:35        24082.0
36         14                741.7 2025-12-08 00:00:36        23080.0
37         14                649.4 2025-12-08 00:00:37        22077.0
38         14                737.7 2025-12-08 00:00:38        21074.0
39         14                795.3 2025-12-08 00:00:39        20066.0
40         14                753.5 2025-12-08 00:00:40        19063.0
41         14                755.8 2025-12-08 00:00:41        18061.0
42         14                754.5 2025-12-08 00:00:42        17058.0
43         14                744.3 2025-12-08 00:00:43        16056.0
44         14                742.1 2025-12-08 00:00:44        15055.0
45         14                739.5 2025-12-08 00:00:45        14052.0
46         14                744.0 2025-12-08 00:00:46        13045.0
47         14                740.6 2025-12-08 00:00:47        12044.0
48         14                744.2 2025-12-08 00:00:48        11041.0
49         14                740.9 2025-12-08 00:00:49        10038.0
50         14                742.5 2025-12-08 00:00:50         9034.0
51         14                746.1 2025-12-08 00:00:51         8030.0
52         14                745.3 2025-12-08 00:00:52         7028.0
53         14                741.4 2025-12-08 00:00:53         6026.0
54         14                741.5 2025-12-08 00:00:54         5024.0
55         14                744.2 2025-12-08 00:00:55         4022.0
56         14                743.3 2025-12-08 00:00:56         3021.0
57         14                744.4 2025-12-08 00:00:57         2019.0
58         14                743.7 2025-12-08 00:00:58         1017.0
59         14                743.8 2025-12-08 00:00:59           15.0
Forecasted values:
    sensor_id  sensor_energy_value_prediction    sensor_timestamp
0          14                      912.315369 2025-12-08 00:01:00
1          14                      935.690552 2025-12-08 00:01:01
2          14                      956.749878 2025-12-08 00:01:02
3          14                      975.696228 2025-12-08 00:01:03
4          14                      992.846619 2025-12-08 00:01:04
5          14                     1008.440369 2025-12-08 00:01:05
6          14                     1022.663818 2025-12-08 00:01:06
7          14                     1035.667603 2025-12-08 00:01:07
8          14                     1047.577148 2025-12-08 00:01:08
9          14                     1058.501343 2025-12-08 00:01:09
10         14                     1068.535767 2025-12-08 00:01:10
11         14                     1077.766968 2025-12-08 00:01:11
12         14                     1086.272461 2025-12-08 00:01:12
13         14                     1094.122925 2025-12-08 00:01:13
14         14                     1101.382568 2025-12-08 00:01:14
15         14                     1108.108643 2025-12-08 00:01:15
16         14                     1114.353516 2025-12-08 00:01:16
17         14                     1120.163940 2025-12-08 00:01:17
18         14                     1125.582031 2025-12-08 00:01:18
19         14                     1130.645264 2025-12-08 00:01:19
20         14                     1135.386719 2025-12-08 00:01:20
21         14                     1139.836548 2025-12-08 00:01:21
22         14                     1144.020874 2025-12-08 00:01:22
23         14                     1147.963379 2025-12-08 00:01:23
24         14                     1151.685059 2025-12-08 00:01:24
25         14                     1155.204590 2025-12-08 00:01:25
26         14                     1158.538696 2025-12-08 00:01:26
27         14                     1161.702026 2025-12-08 00:01:27
28         14                     1164.708130 2025-12-08 00:01:28
29         14                     1167.568848 2025-12-08 00:01:29
30         14                     1170.294678 2025-12-08 00:01:30
31         14                     1172.895386 2025-12-08 00:01:31
32         14                     1175.379761 2025-12-08 00:01:32
33         14                     1177.755371 2025-12-08 00:01:33
34         14                     1180.029907 2025-12-08 00:01:34
35         14                     1182.209229 2025-12-08 00:01:35
36         14                     1184.299438 2025-12-08 00:01:36
37         14                     1186.305786 2025-12-08 00:01:37
38         14                     1188.233276 2025-12-08 00:01:38
39         14                     1190.086548 2025-12-08 00:01:39
40         14                     1191.869751 2025-12-08 00:01:40
41         14                     1193.586548 2025-12-08 00:01:41
42         14                     1195.240479 2025-12-08 00:01:42
43         14                     1196.834961 2025-12-08 00:01:43
44         14                     1198.372803 2025-12-08 00:01:44
45         14                     1199.857178 2025-12-08 00:01:45
46         14                     1201.290283 2025-12-08 00:01:46
47         14                     1202.674805 2025-12-08 00:01:47
48         14                     1204.013062 2025-12-08 00:01:48
49         14                     1205.307251 2025-12-08 00:01:49
50         14                     1206.559082 2025-12-08 00:01:50
51         14                     1207.770752 2025-12-08 00:01:51
52         14                     1208.943970 2025-12-08 00:01:52
53         14                     1210.080322 2025-12-08 00:01:53
54         14                     1211.181396 2025-12-08 00:01:54
55         14                     1212.248657 2025-12-08 00:01:55
56         14                     1213.283569 2025-12-08 00:01:56
57         14                     1214.287354 2025-12-08 00:01:57
58         14                     1215.261475 2025-12-08 00:01:58
59         14                     1216.206909 2025-12-08 00:01:59
Forecasted values inserted into database
Exiting forecasting script

No new messages received yet.Trying again...
No new messages received yet.Trying again...
No new messages received yet.Trying again...
No new messages received yet.Trying again...
No new messages received yet.Trying again...
No new messages received yet.Trying again...
No new messages received yet.Trying again...
No new messages received yet.Trying again...
No new messages received yet.Trying again...
No new messages received yet.Trying again...
No new messages received yet.Trying again...
No new messages received yet.Trying again...
No new messages received yet.Trying again...
No new messages received yet.Trying again...
No new messages received yet.Trying again...
No new messages received yet.Trying again...
No new messages received yet.Trying again...
No new messages received yet.Trying again...
No new messages received yet.Trying again...
No new messages received yet.Trying again...
No new messages received yet.Trying again...
No new messages received yet.Trying again...
No new messages received yet.Trying again...
No new messages received yet.Trying again...
No new messages received yet.Trying again...
No new messages received yet.Trying again...
No new messages received yet.Trying again...
No new messages received yet.Trying again...
No new messages received yet.Trying again...
No new messages received yet.Trying again...
No new messages received yet.Trying again...
No new messages received yet.Trying again...
No new messages received yet.Trying again...
No new messages received yet.Trying again...
No new messages received yet.Trying again...
No new messages received yet.Trying again...
No new messages received yet.Trying again...

Actual data inserted to database
No retrain triggered
Triggering forecasting

Forecasting.py script logs
Database connection established
Value of --retrain flag: False

Forecasting for initial model using device14/initial/device14.keras and device14/initial/scaler.save
Successfully downloaded model and scaler from S3

Actual values fetched from database
    sensor_id  sensor_energy_value    sensor_timestamp  message_delay
0          14          1155.914286 2025-12-08 00:01:00        59161.0
1          14          1155.914286 2025-12-08 00:01:01        58158.0
2          14          1155.914286 2025-12-08 00:01:02        57156.0
3          14          1155.914286 2025-12-08 00:01:03        56154.0
4          14           746.000000 2025-12-08 00:01:04        55151.0
5          14           971.400000 2025-12-08 00:01:05        54150.0
6          14          1126.000000 2025-12-08 00:01:06        53148.0
7          14           962.900000 2025-12-08 00:01:07        52146.0
8          14           943.600000 2025-12-08 00:01:08        51144.0
9          14          1021.100000 2025-12-08 00:01:09        50142.0
10         14           954.100000 2025-12-08 00:01:10        49140.0
11         14          1003.500000 2025-12-08 00:01:11        48137.0
12         14          1030.700000 2025-12-08 00:01:12        47129.0
13         14          1055.500000 2025-12-08 00:01:13        46127.0
14         14          1083.400000 2025-12-08 00:01:14        45125.0
15         14          1107.700000 2025-12-08 00:01:15        44122.0
16         14          1124.200000 2025-12-08 00:01:16        43121.0
17         14          1145.000000 2025-12-08 00:01:17        42119.0
18         14          1162.700000 2025-12-08 00:01:18        41118.0
19         14          1176.600000 2025-12-08 00:01:19        40116.0
20         14          1186.700000 2025-12-08 00:01:20        39114.0
21         14          1189.700000 2025-12-08 00:01:21        38112.0
22         14          1185.000000 2025-12-08 00:01:22        37110.0
23         14          1192.000000 2025-12-08 00:01:23        36106.0
24         14          1196.800000 2025-12-08 00:01:24        35104.0
25         14          1192.700000 2025-12-08 00:01:25        34102.0
26         14          1190.200000 2025-12-08 00:01:26        33099.0
27         14          1196.200000 2025-12-08 00:01:27        32097.0
28         14          1195.800000 2025-12-08 00:01:28        31094.0
29         14          1198.000000 2025-12-08 00:01:29        30091.0
30         14          1193.400000 2025-12-08 00:01:30        29089.0
31         14          1190.400000 2025-12-08 00:01:31        28086.0
32         14          1190.500000 2025-12-08 00:01:32        27081.0
33         14          1191.100000 2025-12-08 00:01:33        26078.0
34         14          1193.100000 2025-12-08 00:01:34        25074.0
35         14          1194.200000 2025-12-08 00:01:35        24072.0
36         14          1195.900000 2025-12-08 00:01:36        23069.0
37         14          1188.000000 2025-12-08 00:01:37        22066.0
38         14          1188.800000 2025-12-08 00:01:38        21064.0
39         14          1193.700000 2025-12-08 00:01:39        20062.0
40         14          1194.900000 2025-12-08 00:01:40        19058.0
41         14          1194.900000 2025-12-08 00:01:41        18056.0
42         14          1200.700000 2025-12-08 00:01:42        17054.0
43         14          1204.200000 2025-12-08 00:01:43        16052.0
44         14          1202.600000 2025-12-08 00:01:44        15050.0
45         14          1211.000000 2025-12-08 00:01:45        14048.0
46         14          1212.900000 2025-12-08 00:01:46        13046.0
47         14          1211.500000 2025-12-08 00:01:47        12044.0
48         14          1214.900000 2025-12-08 00:01:48        11041.0
49         14          1212.900000 2025-12-08 00:01:49        10039.0
50         14          1214.700000 2025-12-08 00:01:50         9036.0
51         14          1219.200000 2025-12-08 00:01:51         8035.0
52         14          1219.100000 2025-12-08 00:01:52         7032.0
53         14          1216.600000 2025-12-08 00:01:53         6030.0
54         14          1219.600000 2025-12-08 00:01:54         5028.0
55         14          1218.100000 2025-12-08 00:01:55         4026.0
56         14          1218.500000 2025-12-08 00:01:56         3023.0
57         14          1224.100000 2025-12-08 00:01:57         2021.0
58         14          1222.100000 2025-12-08 00:01:58         1020.0
59         14          1242.100000 2025-12-08 00:01:59           18.0
Forecasted values:
    sensor_id  sensor_energy_value_prediction    sensor_timestamp
0          14                     1226.756592 2025-12-08 00:02:00
1          14                     1227.313721 2025-12-08 00:02:01
2          14                     1227.884888 2025-12-08 00:02:02
3          14                     1228.462646 2025-12-08 00:02:03
4          14                     1229.034180 2025-12-08 00:02:04
5          14                     1229.594971 2025-12-08 00:02:05
6          14                     1230.143677 2025-12-08 00:02:06
7          14                     1230.679199 2025-12-08 00:02:07
8          14                     1231.201172 2025-12-08 00:02:08
9          14                     1231.710327 2025-12-08 00:02:09
10         14                     1232.207153 2025-12-08 00:02:10
11         14                     1232.692139 2025-12-08 00:02:11
12         14                     1233.166016 2025-12-08 00:02:12
13         14                     1233.629028 2025-12-08 00:02:13
14         14                     1234.081787 2025-12-08 00:02:14
15         14                     1234.524658 2025-12-08 00:02:15
16         14                     1234.957886 2025-12-08 00:02:16
17         14                     1235.381836 2025-12-08 00:02:17
18         14                     1235.796509 2025-12-08 00:02:18
19         14                     1236.202271 2025-12-08 00:02:19
20         14                     1236.599365 2025-12-08 00:02:20
21         14                     1236.987915 2025-12-08 00:02:21
22         14                     1237.367920 2025-12-08 00:02:22
23         14                     1237.739746 2025-12-08 00:02:23
24         14                     1238.103638 2025-12-08 00:02:24
25         14                     1238.459595 2025-12-08 00:02:25
26         14                     1238.807739 2025-12-08 00:02:26
27         14                     1239.148315 2025-12-08 00:02:27
28         14                     1239.481567 2025-12-08 00:02:28
29         14                     1239.807617 2025-12-08 00:02:29
30         14                     1240.126465 2025-12-08 00:02:30
31         14                     1240.438599 2025-12-08 00:02:31
32         14                     1240.743896 2025-12-08 00:02:32
33         14                     1241.042603 2025-12-08 00:02:33
34         14                     1241.334839 2025-12-08 00:02:34
35         14                     1241.620728 2025-12-08 00:02:35
36         14                     1241.900635 2025-12-08 00:02:36
37         14                     1242.174561 2025-12-08 00:02:37
38         14                     1242.442505 2025-12-08 00:02:38
39         14                     1242.704834 2025-12-08 00:02:39
40         14                     1242.961548 2025-12-08 00:02:40
41         14                     1243.212891 2025-12-08 00:02:41
42         14                     1243.458984 2025-12-08 00:02:42
43         14                     1243.699829 2025-12-08 00:02:43
44         14                     1243.935547 2025-12-08 00:02:44
45         14                     1244.166260 2025-12-08 00:02:45
46         14                     1244.392334 2025-12-08 00:02:46
47         14                     1244.613647 2025-12-08 00:02:47
48         14                     1244.830444 2025-12-08 00:02:48
49         14                     1245.042725 2025-12-08 00:02:49
50         14                     1245.250732 2025-12-08 00:02:50
51         14                     1245.454468 2025-12-08 00:02:51
52         14                     1245.654053 2025-12-08 00:02:52
53         14                     1245.849487 2025-12-08 00:02:53
54         14                     1246.040894 2025-12-08 00:02:54
55         14                     1246.228516 2025-12-08 00:02:55
56         14                     1246.412354 2025-12-08 00:02:56
57         14                     1246.592407 2025-12-08 00:02:57
58         14                     1246.768921 2025-12-08 00:02:58
59         14                     1246.941895 2025-12-08 00:02:59
Forecasted values inserted into database
Exiting forecasting script

No new messages received yet.Trying again...
No new messages received yet.Trying again...
No new messages received yet.Trying again...
No new messages received yet.Trying again...
No new messages received yet.Trying again...
No new messages received yet.Trying again...
No new messages received yet.Trying again...
No new messages received yet.Trying again...
No new messages received yet.Trying again...
No new messages received yet.Trying again...
No new messages received yet.Trying again...
No new messages received yet.Trying again...
No new messages received yet.Trying again...
No new messages received yet.Trying again...
No new messages received yet.Trying again...
No new messages received yet.Trying again...
No new messages received yet.Trying again...
No new messages received yet.Trying again...
No new messages received yet.Trying again...
No new messages received yet.Trying again...
No new messages received yet.Trying again...
No new messages received yet.Trying again...
No new messages received yet.Trying again...
No new messages received yet.Trying again...
No new messages received yet.Trying again...
No new messages received yet.Trying again...
No new messages received yet.Trying again...
No new messages received yet.Trying again...
No new messages received yet.Trying again...
No new messages received yet.Trying again...
No new messages received yet.Trying again...

Actual data inserted to database
No retrain triggered
Triggering forecasting

Forecasting.py script logs
Database connection established
Value of --retrain flag: False

Forecasting for initial model using device14/initial/device14.keras and device14/initial/scaler.save
Successfully downloaded model and scaler from S3

Actual values fetched from database
    sensor_id  sensor_energy_value    sensor_timestamp  message_delay
0          14               1224.1 2025-12-08 00:02:00        59884.0
1          14               1217.2 2025-12-08 00:02:01        58881.0
2          14               1215.8 2025-12-08 00:02:02        57872.0
3          14               1216.8 2025-12-08 00:02:03        56864.0
4          14               1216.3 2025-12-08 00:02:04        55859.0
5          14               1215.7 2025-12-08 00:02:05        54856.0
6          14               1217.9 2025-12-08 00:02:06        53852.0
7          14               1221.5 2025-12-08 00:02:07        52850.0
8          14               1213.7 2025-12-08 00:02:08        51847.0
9          14               1212.4 2025-12-08 00:02:09        50846.0
10         14               1215.3 2025-12-08 00:02:10        49840.0
11         14               1211.6 2025-12-08 00:02:11        48838.0
12         14               1216.5 2025-12-08 00:02:12        47829.0
13         14               1212.8 2025-12-08 00:02:13        46827.0
14         14               1213.8 2025-12-08 00:02:14        45825.0
15         14               1233.2 2025-12-08 00:02:15        44823.0
16         14               1212.6 2025-12-08 00:02:16        43822.0
17         14               1216.8 2025-12-08 00:02:17        42820.0
18         14               1217.5 2025-12-08 00:02:18        41818.0
19         14               1222.3 2025-12-08 00:02:19        40817.0
20         14               1222.5 2025-12-08 00:02:20        39816.0
21         14               1225.7 2025-12-08 00:02:21        38814.0
22         14               1219.7 2025-12-08 00:02:22        37812.0
23         14               1219.9 2025-12-08 00:02:23        36810.0
24         14               1223.8 2025-12-08 00:02:24        35808.0
25         14               1216.3 2025-12-08 00:02:25        34805.0
26         14               1216.4 2025-12-08 00:02:26        33799.0
27         14               1221.4 2025-12-08 00:02:27        32797.0
28         14               1220.2 2025-12-08 00:02:28        31794.0
29         14               1221.9 2025-12-08 00:02:29        30792.0
30         14               1219.4 2025-12-08 00:02:30        29791.0
31         14               1213.6 2025-12-08 00:02:31        28785.0
32         14               1214.6 2025-12-08 00:02:32        27784.0
33         14               1219.0 2025-12-08 00:02:33        26782.0
34         14               1215.5 2025-12-08 00:02:34        25781.0
35         14               1216.8 2025-12-08 00:02:35        24700.0
36         14               1215.9 2025-12-08 00:02:36        23578.0
37         14               1214.2 2025-12-08 00:02:37        22486.0
38         14               1216.1 2025-12-08 00:02:38        21484.0
39         14               1218.3 2025-12-08 00:02:39        20468.0
40         14               1217.9 2025-12-08 00:02:40        19427.0
41         14               1222.5 2025-12-08 00:02:41        18422.0
42         14               1214.7 2025-12-08 00:02:42        17420.0
43         14               1211.1 2025-12-08 00:02:43        16369.0
44         14               1216.0 2025-12-08 00:02:44        15300.0
45         14               1214.3 2025-12-08 00:02:45        14297.0
46         14               1217.8 2025-12-08 00:02:46        13293.0
47         14               1219.3 2025-12-08 00:02:47        12289.0
48         14               1214.5 2025-12-08 00:02:48        11286.0
49         14               1213.6 2025-12-08 00:02:49        10074.0
50         14               1214.2 2025-12-08 00:02:50         9073.0
51         14               1217.9 2025-12-08 00:02:51         8072.0
52         14               1214.6 2025-12-08 00:02:52         7070.0
53         14               1214.1 2025-12-08 00:02:53         6037.0
54         14               1210.1 2025-12-08 00:02:54         5035.0
55         14               1214.0 2025-12-08 00:02:55         4031.0
56         14               1214.0 2025-12-08 00:02:56         3030.0
57         14               1218.6 2025-12-08 00:02:57         2026.0
58         14               1214.1 2025-12-08 00:02:58         1024.0
59         14               1222.4 2025-12-08 00:02:59           11.0
Forecasted values:
    sensor_id  sensor_energy_value_prediction    sensor_timestamp
0          14                     1221.373047 2025-12-08 00:03:00
1          14                     1222.183228 2025-12-08 00:03:01
2          14                     1222.964233 2025-12-08 00:03:02
3          14                     1223.721802 2025-12-08 00:03:03
4          14                     1224.457153 2025-12-08 00:03:04
5          14                     1225.171509 2025-12-08 00:03:05
6          14                     1225.865479 2025-12-08 00:03:06
7          14                     1226.539429 2025-12-08 00:03:07
8          14                     1227.193848 2025-12-08 00:03:08
9          14                     1227.829590 2025-12-08 00:03:09
10         14                     1228.446777 2025-12-08 00:03:10
11         14                     1229.046265 2025-12-08 00:03:11
12         14                     1229.628784 2025-12-08 00:03:12
13         14                     1230.194824 2025-12-08 00:03:13
14         14                     1230.745117 2025-12-08 00:03:14
15         14                     1231.280640 2025-12-08 00:03:15
16         14                     1231.801514 2025-12-08 00:03:16
17         14                     1232.308838 2025-12-08 00:03:17
18         14                     1232.802979 2025-12-08 00:03:18
19         14                     1233.284546 2025-12-08 00:03:19
20         14                     1233.753906 2025-12-08 00:03:20
21         14                     1234.211792 2025-12-08 00:03:21
22         14                     1234.658325 2025-12-08 00:03:22
23         14                     1235.094116 2025-12-08 00:03:23
24         14                     1235.519653 2025-12-08 00:03:24
25         14                     1235.934937 2025-12-08 00:03:25
26         14                     1236.340576 2025-12-08 00:03:26
27         14                     1236.736816 2025-12-08 00:03:27
28         14                     1237.124023 2025-12-08 00:03:28
29         14                     1237.502319 2025-12-08 00:03:29
30         14                     1237.871948 2025-12-08 00:03:30
31         14                     1238.233398 2025-12-08 00:03:31
32         14                     1238.586792 2025-12-08 00:03:32
33         14                     1238.932129 2025-12-08 00:03:33
34         14                     1239.269897 2025-12-08 00:03:34
35         14                     1239.600342 2025-12-08 00:03:35
36         14                     1239.923462 2025-12-08 00:03:36
37         14                     1240.239502 2025-12-08 00:03:37
38         14                     1240.548584 2025-12-08 00:03:38
39         14                     1240.851196 2025-12-08 00:03:39
40         14                     1241.147095 2025-12-08 00:03:40
41         14                     1241.436646 2025-12-08 00:03:41
42         14                     1241.719849 2025-12-08 00:03:42
43         14                     1241.997314 2025-12-08 00:03:43
44         14                     1242.268677 2025-12-08 00:03:44
45         14                     1242.534302 2025-12-08 00:03:45
46         14                     1242.794556 2025-12-08 00:03:46
47         14                     1243.049072 2025-12-08 00:03:47
48         14                     1243.298340 2025-12-08 00:03:48
49         14                     1243.542358 2025-12-08 00:03:49
50         14                     1243.781250 2025-12-08 00:03:50
51         14                     1244.015137 2025-12-08 00:03:51
52         14                     1244.244263 2025-12-08 00:03:52
53         14                     1244.468628 2025-12-08 00:03:53
54         14                     1244.688354 2025-12-08 00:03:54
55         14                     1244.903564 2025-12-08 00:03:55
56         14                     1245.114380 2025-12-08 00:03:56
57         14                     1245.320801 2025-12-08 00:03:57
58         14                     1245.522949 2025-12-08 00:03:58
59         14                     1245.721191 2025-12-08 00:03:59
Forecasted values inserted into database
Exiting forecasting script

No new messages received yet.Trying again...
No new messages received yet.Trying again...
No new messages received yet.Trying again...
No new messages received yet.Trying again...
No new messages received yet.Trying again...
No new messages received yet.Trying again...
No new messages received yet.Trying again...
No new messages received yet.Trying again...
No new messages received yet.Trying again...
No new messages received yet.Trying again...
No new messages received yet.Trying again...
No new messages received yet.Trying again...
No new messages received yet.Trying again...
No new messages received yet.Trying again...
No new messages received yet.Trying again...
No new messages received yet.Trying again...
No new messages received yet.Trying again...
No new messages received yet.Trying again...
No new messages received yet.Trying again...
No new messages received yet.Trying again...
No new messages received yet.Trying again...
No new messages received yet.Trying again...
No new messages received yet.Trying again...
No new messages received yet.Trying again...
No new messages received yet.Trying again...
No new messages received yet.Trying again...
No new messages received yet.Trying again...
No new messages received yet.Trying again...
No new messages received yet.Trying again...
No new messages received yet.Trying again...
No new messages received yet.Trying again...
No new messages received yet.Trying again...
No new messages received yet.Trying again...
No new messages received yet.Trying again...
No new messages received yet.Trying again...

Actual data inserted to database
No retrain triggered
Triggering forecasting

Forecasting.py script logs
Database connection established
Value of --retrain flag: False

Forecasting for initial model using device14/initial/device14.keras and device14/initial/scaler.save
Successfully downloaded model and scaler from S3

Actual values fetched from database
    sensor_id  sensor_energy_value    sensor_timestamp  message_delay
0          14               1216.2 2025-12-08 00:03:00        59122.0
1          14               1218.9 2025-12-08 00:03:01        58116.0
2          14               1216.9 2025-12-08 00:03:02        57113.0
3          14               1214.8 2025-12-08 00:03:03        56100.0
4          14               1230.8 2025-12-08 00:03:04        55099.0
5          14               1215.1 2025-12-08 00:03:05        54098.0
6          14               1236.2 2025-12-08 00:03:06        53097.0
7          14               1211.4 2025-12-08 00:03:07        52096.0
8          14               1209.3 2025-12-08 00:03:08        51094.0
9          14               1220.5 2025-12-08 00:03:09        50091.0
10         14               1217.3 2025-12-08 00:03:10        49083.0
11         14               1213.3 2025-12-08 00:03:11        48080.0
12         14               1216.6 2025-12-08 00:03:12        47079.0
13         14               1212.8 2025-12-08 00:03:13        46077.0
14         14               1214.1 2025-12-08 00:03:14        45075.0
15         14               1224.5 2025-12-08 00:03:15        44074.0
16         14               1210.1 2025-12-08 00:03:16        43071.0
17         14               1212.3 2025-12-08 00:03:17        42070.0
18         14               1216.7 2025-12-08 00:03:18        41068.0
19         14               1218.7 2025-12-08 00:03:19        40066.0
20         14               1216.5 2025-12-08 00:03:20        39065.0
21         14               1220.9 2025-12-08 00:03:21        38063.0
22         14               1219.3 2025-12-08 00:03:22        37062.0
23         14               1225.4 2025-12-08 00:03:23        36060.0
24         14               1228.8 2025-12-08 00:03:24        35059.0
25         14               1208.9 2025-12-08 00:03:25        34057.0
26         14               1215.2 2025-12-08 00:03:26        33056.0
27         14               1252.2 2025-12-08 00:03:27        32055.0
28         14               1345.8 2025-12-08 00:03:28        31053.0
29         14               1322.4 2025-12-08 00:03:29        30052.0
30         14               1322.1 2025-12-08 00:03:30        29050.0
31         14               1322.2 2025-12-08 00:03:31        28049.0
32         14               1322.5 2025-12-08 00:03:32        27047.0
33         14               1325.9 2025-12-08 00:03:33        26046.0
34         14               1330.2 2025-12-08 00:03:34        25044.0
35         14               1335.8 2025-12-08 00:03:35        24043.0
36         14               1311.7 2025-12-08 00:03:36        23042.0
37         14               1324.2 2025-12-08 00:03:37        22040.0
38         14               1323.3 2025-12-08 00:03:38        21038.0
39         14               1325.6 2025-12-08 00:03:39        20036.0
40         14               1326.1 2025-12-08 00:03:40        19035.0
41         14               1319.5 2025-12-08 00:03:41        18034.0
42         14               1327.2 2025-12-08 00:03:42        17033.0
43         14               1318.4 2025-12-08 00:03:43        16031.0
44         14               1324.1 2025-12-08 00:03:44        15030.0
45         14               1321.6 2025-12-08 00:03:45        14028.0
46         14               1321.0 2025-12-08 00:03:46        13027.0
47         14               1320.1 2025-12-08 00:03:47        12026.0
48         14               1321.3 2025-12-08 00:03:48        11024.0
49         14               1319.8 2025-12-08 00:03:49        10023.0
50         14               1319.6 2025-12-08 00:03:50         9021.0
51         14               1322.9 2025-12-08 00:03:51         8020.0
52         14               1327.4 2025-12-08 00:03:52         7018.0
53         14               1331.4 2025-12-08 00:03:53         6017.0
54         14               1328.3 2025-12-08 00:03:54         5015.0
55         14               1321.1 2025-12-08 00:03:55         4013.0
56         14               1350.4 2025-12-08 00:03:56         3012.0
57         14               1392.6 2025-12-08 00:03:57         2011.0
58         14               1383.7 2025-12-08 00:03:58         1010.0
59         14               1382.0 2025-12-08 00:03:59            9.0
Forecasted values:
    sensor_id  sensor_energy_value_prediction    sensor_timestamp
0          14                     1348.015991 2025-12-08 00:04:00
1          14                     1346.834106 2025-12-08 00:04:01
2          14                     1345.836304 2025-12-08 00:04:02
3          14                     1344.960327 2025-12-08 00:04:03
4          14                     1344.144287 2025-12-08 00:04:04
5          14                     1343.362549 2025-12-08 00:04:05
6          14                     1342.600830 2025-12-08 00:04:06
7          14                     1341.852417 2025-12-08 00:04:07
8          14                     1341.115479 2025-12-08 00:04:08
9          14                     1340.388794 2025-12-08 00:04:09
10         14                     1339.673218 2025-12-08 00:04:10
11         14                     1338.969482 2025-12-08 00:04:11
12         14                     1338.277588 2025-12-08 00:04:12
13         14                     1337.597656 2025-12-08 00:04:13
14         14                     1336.929199 2025-12-08 00:04:14
15         14                     1336.271851 2025-12-08 00:04:15
16         14                     1335.624023 2025-12-08 00:04:16
17         14                     1334.985352 2025-12-08 00:04:17
18         14                     1334.354126 2025-12-08 00:04:18
19         14                     1333.729492 2025-12-08 00:04:19
20         14                     1333.110229 2025-12-08 00:04:20
21         14                     1332.495483 2025-12-08 00:04:21
22         14                     1331.884277 2025-12-08 00:04:22
23         14                     1331.275757 2025-12-08 00:04:23
24         14                     1330.669556 2025-12-08 00:04:24
25         14                     1330.064819 2025-12-08 00:04:25
26         14                     1329.461548 2025-12-08 00:04:26
27         14                     1328.858887 2025-12-08 00:04:27
28         14                     1328.256226 2025-12-08 00:04:28
29         14                     1327.653320 2025-12-08 00:04:29
30         14                     1327.051147 2025-12-08 00:04:30
31         14                     1326.449341 2025-12-08 00:04:31
32         14                     1325.848022 2025-12-08 00:04:32
33         14                     1325.246948 2025-12-08 00:04:33
34         14                     1324.646118 2025-12-08 00:04:34
35         14                     1324.045654 2025-12-08 00:04:35
36         14                     1323.445557 2025-12-08 00:04:36
37         14                     1322.846191 2025-12-08 00:04:37
38         14                     1322.247070 2025-12-08 00:04:38
39         14                     1321.648560 2025-12-08 00:04:39
40         14                     1321.050659 2025-12-08 00:04:40
41         14                     1320.453369 2025-12-08 00:04:41
42         14                     1319.856934 2025-12-08 00:04:42
43         14                     1319.261230 2025-12-08 00:04:43
44         14                     1318.666626 2025-12-08 00:04:44
45         14                     1318.072632 2025-12-08 00:04:45
46         14                     1317.479980 2025-12-08 00:04:46
47         14                     1316.888062 2025-12-08 00:04:47
48         14                     1316.297607 2025-12-08 00:04:48
49         14                     1315.708374 2025-12-08 00:04:49
50         14                     1315.120361 2025-12-08 00:04:50
51         14                     1314.533569 2025-12-08 00:04:51
52         14                     1313.948364 2025-12-08 00:04:52
53         14                     1313.364624 2025-12-08 00:04:53
54         14                     1312.782349 2025-12-08 00:04:54
55         14                     1312.202026 2025-12-08 00:04:55
56         14                     1311.623657 2025-12-08 00:04:56
57         14                     1311.046875 2025-12-08 00:04:57
58         14                     1310.471558 2025-12-08 00:04:58
59         14                     1309.898926 2025-12-08 00:04:59
Forecasted values inserted into database
Exiting forecasting script

No new messages received yet.Trying again...
No new messages received yet.Trying again...
No new messages received yet.Trying again...
No new messages received yet.Trying again...
No new messages received yet.Trying again...
No new messages received yet.Trying again...
No new messages received yet.Trying again...
No new messages received yet.Trying again...
No new messages received yet.Trying again...
No new messages received yet.Trying again...
No new messages received yet.Trying again...
No new messages received yet.Trying again...
No new messages received yet.Trying again...
No new messages received yet.Trying again...
No new messages received yet.Trying again...
No new messages received yet.Trying again...
No new messages received yet.Trying again...
No new messages received yet.Trying again...
No new messages received yet.Trying again...
No new messages received yet.Trying again...
No new messages received yet.Trying again...
No new messages received yet.Trying again...
No new messages received yet.Trying again...
No new messages received yet.Trying again...
No new messages received yet.Trying again...
No new messages received yet.Trying again...
No new messages received yet.Trying again...
No new messages received yet.Trying again...
No new messages received yet.Trying again...
No new messages received yet.Trying again...
No new messages received yet.Trying again...
No new messages received yet.Trying again...
No new messages received yet.Trying again...
No new messages received yet.Trying again...
No new messages received yet.Trying again...
No new messages received yet.Trying again...
No new messages received yet.Trying again...
No new messages received yet.Trying again...
No new messages received yet.Trying again...

Actual data inserted to database
No retrain triggered
Triggering forecasting

Forecasting.py script logs
Database connection established
Value of --retrain flag: False

Forecasting for initial model using device14/initial/device14.keras and device14/initial/scaler.save
Successfully downloaded model and scaler from S3

Actual values fetched from database
    sensor_id  sensor_energy_value    sensor_timestamp  message_delay
0          14               1392.4 2025-12-08 00:04:00        59112.0
1          14               1392.4 2025-12-08 00:04:01        58110.0
2          14               1382.7 2025-12-08 00:04:02        57109.0
3          14               1384.2 2025-12-08 00:04:03        56108.0
4          14               1386.2 2025-12-08 00:04:04        55106.0
5          14               1388.6 2025-12-08 00:04:05        54105.0
6          14               1396.0 2025-12-08 00:04:06        53103.0
7          14               1385.2 2025-12-08 00:04:07        52102.0
8          14               1391.8 2025-12-08 00:04:08        51099.0
9          14               1389.9 2025-12-08 00:04:09        50098.0
10         14               1388.8 2025-12-08 00:04:10        49095.0
11         14               1386.1 2025-12-08 00:04:11        48093.0
12         14               1392.9 2025-12-08 00:04:12        47091.0
13         14               1379.4 2025-12-08 00:04:13        46090.0
14         14               1377.2 2025-12-08 00:04:14        45089.0
15         14               1387.3 2025-12-08 00:04:15        44086.0
16         14               1393.0 2025-12-08 00:04:16        43084.0
17         14               1384.5 2025-12-08 00:04:17        42083.0
18         14               1383.1 2025-12-08 00:04:18        41082.0
19         14               1389.6 2025-12-08 00:04:19        40080.0
20         14               1391.1 2025-12-08 00:04:20        39077.0
21         14               1390.6 2025-12-08 00:04:21        38076.0
22         14               1393.8 2025-12-08 00:04:22        37074.0
23         14               1378.7 2025-12-08 00:04:23        36073.0
24         14               1381.8 2025-12-08 00:04:24        35071.0
25         14               1391.8 2025-12-08 00:04:25        34070.0
26         14               1385.7 2025-12-08 00:04:26        33068.0
27         14               1390.4 2025-12-08 00:04:27        32066.0
28         14               1391.4 2025-12-08 00:04:28        31065.0
29         14               1400.5 2025-12-08 00:04:29        30064.0
30         14               1384.8 2025-12-08 00:04:30        29062.0
31         14               1380.1 2025-12-08 00:04:31        28061.0
32         14               1395.0 2025-12-08 00:04:32        27059.0
33         14               1381.3 2025-12-08 00:04:33        26058.0
34         14               1381.4 2025-12-08 00:04:34        25057.0
35         14               1375.8 2025-12-08 00:04:35        24055.0
36         14               1398.1 2025-12-08 00:04:36        23054.0
37         14               1464.4 2025-12-08 00:04:37        22052.0
38         14               1462.6 2025-12-08 00:04:38        21049.0
39         14               1462.7 2025-12-08 00:04:39        20048.0
40         14               1464.5 2025-12-08 00:04:40        19047.0
41         14               1470.4 2025-12-08 00:04:41        18045.0
42         14               1467.1 2025-12-08 00:04:42        17044.0
43         14               1466.4 2025-12-08 00:04:43        16039.0
44         14               1468.2 2025-12-08 00:04:44        15037.0
45         14               1470.5 2025-12-08 00:04:45        14035.0
46         14               1470.0 2025-12-08 00:04:46        13032.0
47         14               1468.2 2025-12-08 00:04:47        12031.0
48         14               1470.8 2025-12-08 00:04:48        11029.0
49         14               1467.6 2025-12-08 00:04:49        10028.0
50         14               1474.2 2025-12-08 00:04:50         9026.0
51         14               1474.3 2025-12-08 00:04:51         8025.0
52         14               1473.0 2025-12-08 00:04:52         7024.0
53         14               1465.6 2025-12-08 00:04:53         6022.0
54         14               1461.6 2025-12-08 00:04:54         5020.0
55         14               1460.9 2025-12-08 00:04:55         4018.0
56         14               1461.2 2025-12-08 00:04:56         3017.0
57         14               1468.6 2025-12-08 00:04:57         2015.0
58         14               1465.8 2025-12-08 00:04:58         1014.0
59         14               1463.0 2025-12-08 00:04:59           10.0
Forecasted values:
    sensor_id  sensor_energy_value_prediction    sensor_timestamp
0          14                     1469.498169 2025-12-08 00:05:00
1          14                     1470.644897 2025-12-08 00:05:01
2          14                     1471.821655 2025-12-08 00:05:02
3          14                     1473.026367 2025-12-08 00:05:03
4          14                     1474.267700 2025-12-08 00:05:04
5          14                     1475.547974 2025-12-08 00:05:05
6          14                     1476.868530 2025-12-08 00:05:06
7          14                     1478.229492 2025-12-08 00:05:07
8          14                     1479.631470 2025-12-08 00:05:08
9          14                     1481.073608 2025-12-08 00:05:09
10         14                     1482.556274 2025-12-08 00:05:10
11         14                     1484.078979 2025-12-08 00:05:11
12         14                     1485.642212 2025-12-08 00:05:12
13         14                     1487.246094 2025-12-08 00:05:13
14         14                     1488.891724 2025-12-08 00:05:14
15         14                     1490.579468 2025-12-08 00:05:15
16         14                     1492.310059 2025-12-08 00:05:16
17         14                     1494.084229 2025-12-08 00:05:17
18         14                     1495.904419 2025-12-08 00:05:18
19         14                     1497.771118 2025-12-08 00:05:19
20         14                     1499.685303 2025-12-08 00:05:20
21         14                     1501.649292 2025-12-08 00:05:21
22         14                     1503.664185 2025-12-08 00:05:22
23         14                     1505.732056 2025-12-08 00:05:23
24         14                     1507.854858 2025-12-08 00:05:24
25         14                     1510.033691 2025-12-08 00:05:25
26         14                     1512.270386 2025-12-08 00:05:26
27         14                     1514.567383 2025-12-08 00:05:27
28         14                     1516.926392 2025-12-08 00:05:28
29         14                     1519.349487 2025-12-08 00:05:29
30         14                     1521.838501 2025-12-08 00:05:30
31         14                     1524.396973 2025-12-08 00:05:31
32         14                     1527.026733 2025-12-08 00:05:32
33         14                     1529.728760 2025-12-08 00:05:33
34         14                     1532.507446 2025-12-08 00:05:34
35         14                     1535.364380 2025-12-08 00:05:35
36         14                     1538.302734 2025-12-08 00:05:36
37         14                     1541.323975 2025-12-08 00:05:37
38         14                     1544.428833 2025-12-08 00:05:38
39         14                     1547.625122 2025-12-08 00:05:39
40         14                     1550.916138 2025-12-08 00:05:40
41         14                     1554.305176 2025-12-08 00:05:41
42         14                     1557.796021 2025-12-08 00:05:42
43         14                     1561.393188 2025-12-08 00:05:43
44         14                     1565.099854 2025-12-08 00:05:44
45         14                     1568.921021 2025-12-08 00:05:45
46         14                     1572.860229 2025-12-08 00:05:46
47         14                     1576.922363 2025-12-08 00:05:47
48         14                     1581.112061 2025-12-08 00:05:48
49         14                     1585.434082 2025-12-08 00:05:49
50         14                     1589.893311 2025-12-08 00:05:50
51         14                     1594.494995 2025-12-08 00:05:51
52         14                     1599.244385 2025-12-08 00:05:52
53         14                     1604.147461 2025-12-08 00:05:53
54         14                     1609.209961 2025-12-08 00:05:54
55         14                     1614.437622 2025-12-08 00:05:55
56         14                     1619.836426 2025-12-08 00:05:56
57         14                     1625.412476 2025-12-08 00:05:57
58         14                     1631.171753 2025-12-08 00:05:58
59         14                     1637.121826 2025-12-08 00:05:59
Forecasted values inserted into database
Exiting forecasting script

No new messages received yet.Trying again...
No new messages received yet.Trying again...
No new messages received yet.Trying again...
No new messages received yet.Trying again...
No new messages received yet.Trying again...
No new messages received yet.Trying again...
No new messages received yet.Trying again...
No new messages received yet.Trying again...
No new messages received yet.Trying again...
No new messages received yet.Trying again...
No new messages received yet.Trying again...
No new messages received yet.Trying again...
No new messages received yet.Trying again...
No new messages received yet.Trying again...
No new messages received yet.Trying again...
No new messages received yet.Trying again...
No new messages received yet.Trying again...
No new messages received yet.Trying again...
No new messages received yet.Trying again...
No new messages received yet.Trying again...
No new messages received yet.Trying again...
No new messages received yet.Trying again...
No new messages received yet.Trying again...
No new messages received yet.Trying again...
No new messages received yet.Trying again...
No new messages received yet.Trying again...
No new messages received yet.Trying again...
No new messages received yet.Trying again...

Actual data inserted to database
No retrain triggered
Triggering forecasting

Forecasting.py script logs
Database connection established
Value of --retrain flag: False

Forecasting for initial model using device14/initial/device14.keras and device14/initial/scaler.save
Successfully downloaded model and scaler from S3

Actual values fetched from database
    sensor_id  sensor_energy_value    sensor_timestamp  message_delay
0          14               1464.6 2025-12-08 00:05:00        59450.0
1          14               1468.3 2025-12-08 00:05:01        58449.0
2          14               1463.2 2025-12-08 00:05:02        57447.0
3          14               1465.7 2025-12-08 00:05:03        56445.0
4          14               1466.0 2025-12-08 00:05:04        55444.0
5          14               1464.3 2025-12-08 00:05:05        54442.0
6          14               1470.3 2025-12-08 00:05:06        53441.0
7          14               1478.0 2025-12-08 00:05:07        52439.0
8          14               1462.4 2025-12-08 00:05:08        51435.0
9          14               1471.6 2025-12-08 00:05:09        50431.0
10         14               1482.7 2025-12-08 00:05:10        49427.0
11         14               1463.0 2025-12-08 00:05:11        48425.0
12         14               1463.7 2025-12-08 00:05:12        47423.0
13         14               1463.7 2025-12-08 00:05:13        46417.0
14         14               1464.6 2025-12-08 00:05:14        45415.0
15         14               1469.2 2025-12-08 00:05:15        44414.0
16         14               1471.9 2025-12-08 00:05:16        43413.0
17         14               1471.4 2025-12-08 00:05:17        42411.0
18         14               1466.5 2025-12-08 00:05:18        41409.0
19         14               1473.6 2025-12-08 00:05:19        40408.0
20         14               1473.6 2025-12-08 00:05:20        39406.0
21         14               1474.4 2025-12-08 00:05:21        38404.0
22         14               1471.4 2025-12-08 00:05:22        37403.0
23         14               1467.6 2025-12-08 00:05:23        36402.0
24         14               1468.5 2025-12-08 00:05:24        35400.0
25         14               1466.9 2025-12-08 00:05:25        34399.0
26         14               1531.5 2025-12-08 00:05:26        33396.0
27         14               1586.7 2025-12-08 00:05:27        32390.0
28         14               1606.5 2025-12-08 00:05:28        31388.0
29         14               1595.5 2025-12-08 00:05:29        30386.0
30         14               1603.5 2025-12-08 00:05:30        29383.0
31         14               1623.8 2025-12-08 00:05:31        28382.0
32         14               1606.6 2025-12-08 00:05:32        27381.0
33         14               1620.6 2025-12-08 00:05:33        26380.0
34         14               1600.6 2025-12-08 00:05:34        25377.0
35         14               1603.7 2025-12-08 00:05:35        24373.0
36         14               1604.3 2025-12-08 00:05:36        23372.0
37         14               1604.2 2025-12-08 00:05:37        22369.0
38         14               1599.4 2025-12-08 00:05:38        21366.0
39         14               1602.6 2025-12-08 00:05:39        20365.0
40         14               1605.4 2025-12-08 00:05:40        19363.0
41         14               1603.5 2025-12-08 00:05:41        18358.0
42         14               1603.1 2025-12-08 00:05:42        17357.0
43         14               1605.9 2025-12-08 00:05:43        16355.0
44         14               1601.0 2025-12-08 00:05:44        15354.0
45         14               1603.1 2025-12-08 00:05:45        14353.0
46         14               1609.1 2025-12-08 00:05:46        13352.0
47         14               1598.0 2025-12-08 00:05:47        12310.0
48         14               1604.9 2025-12-08 00:05:48        11306.0
49         14               1604.2 2025-12-08 00:05:49        10304.0
50         14               1606.0 2025-12-08 00:05:50         9301.0
51         14               1603.9 2025-12-08 00:05:51         8290.0
52         14               1603.9 2025-12-08 00:05:52         7285.0
53         14               1601.0 2025-12-08 00:05:53         6147.0
54         14               1606.9 2025-12-08 00:05:54         5145.0
55         14               1601.5 2025-12-08 00:05:55         4143.0
56         14               1601.9 2025-12-08 00:05:56         3139.0
57         14               1607.3 2025-12-08 00:05:57         2096.0
58         14               1604.5 2025-12-08 00:05:58         1052.0
59         14               1601.2 2025-12-08 00:05:59           48.0
Forecasted values:
    sensor_id  sensor_energy_value_prediction    sensor_timestamp
0          14                     1639.744629 2025-12-08 00:06:00
1          14                     1646.977783 2025-12-08 00:06:01
2          14                     1654.261841 2025-12-08 00:06:02
3          14                     1661.592773 2025-12-08 00:06:03
4          14                     1669.061157 2025-12-08 00:06:04
5          14                     1676.706177 2025-12-08 00:06:05
6          14                     1684.555176 2025-12-08 00:06:06
7          14                     1692.626343 2025-12-08 00:06:07
8          14                     1700.933960 2025-12-08 00:06:08
9          14                     1709.489990 2025-12-08 00:06:09
10         14                     1718.302124 2025-12-08 00:06:10
11         14                     1727.380371 2025-12-08 00:06:11
12         14                     1736.734863 2025-12-08 00:06:12
13         14                     1746.373047 2025-12-08 00:06:13
14         14                     1756.303345 2025-12-08 00:06:14
15         14                     1766.534668 2025-12-08 00:06:15
16         14                     1777.074707 2025-12-08 00:06:16
17         14                     1787.932007 2025-12-08 00:06:17
18         14                     1799.114136 2025-12-08 00:06:18
19         14                     1810.628662 2025-12-08 00:06:19
20         14                     1822.480835 2025-12-08 00:06:20
21         14                     1834.677002 2025-12-08 00:06:21
22         14                     1847.221558 2025-12-08 00:06:22
23         14                     1860.118652 2025-12-08 00:06:23
24         14                     1873.370850 2025-12-08 00:06:24
25         14                     1886.978638 2025-12-08 00:06:25
26         14                     1900.942871 2025-12-08 00:06:26
27         14                     1915.256348 2025-12-08 00:06:27
28         14                     1929.919067 2025-12-08 00:06:28
29         14                     1944.930786 2025-12-08 00:06:29
30         14                     1960.289307 2025-12-08 00:06:30
31         14                     1975.984863 2025-12-08 00:06:31
32         14                     1992.008423 2025-12-08 00:06:32
33         14                     2008.351196 2025-12-08 00:06:33
34         14                     2024.998291 2025-12-08 00:06:34
35         14                     2041.936279 2025-12-08 00:06:35
36         14                     2059.146240 2025-12-08 00:06:36
37         14                     2076.607666 2025-12-08 00:06:37
38         14                     2094.299805 2025-12-08 00:06:38
39         14                     2112.198730 2025-12-08 00:06:39
40         14                     2130.278076 2025-12-08 00:06:40
41         14                     2148.509521 2025-12-08 00:06:41
42         14                     2166.864502 2025-12-08 00:06:42
43         14                     2185.311523 2025-12-08 00:06:43
44         14                     2203.817139 2025-12-08 00:06:44
45         14                     2222.348633 2025-12-08 00:06:45
46         14                     2240.870850 2025-12-08 00:06:46
47         14                     2259.347656 2025-12-08 00:06:47
48         14                     2277.745361 2025-12-08 00:06:48
49         14                     2296.025391 2025-12-08 00:06:49
50         14                     2314.155029 2025-12-08 00:06:50
51         14                     2332.097900 2025-12-08 00:06:51
52         14                     2349.821533 2025-12-08 00:06:52
53         14                     2367.292725 2025-12-08 00:06:53
54         14                     2384.481934 2025-12-08 00:06:54
55         14                     2401.359131 2025-12-08 00:06:55
56         14                     2417.899414 2025-12-08 00:06:56
57         14                     2434.077881 2025-12-08 00:06:57
58         14                     2449.872314 2025-12-08 00:06:58
59         14                     2465.264893 2025-12-08 00:06:59
Forecasted values inserted into database
Exiting forecasting script

No new messages received yet.Trying again...
No new messages received yet.Trying again...
No new messages received yet.Trying again...
No new messages received yet.Trying again...
No new messages received yet.Trying again...
No new messages received yet.Trying again...
No new messages received yet.Trying again...
No new messages received yet.Trying again...
No new messages received yet.Trying again...
No new messages received yet.Trying again...
No new messages received yet.Trying again...
No new messages received yet.Trying again...
No new messages received yet.Trying again...
No new messages received yet.Trying again...
No new messages received yet.Trying again...
No new messages received yet.Trying again...
No new messages received yet.Trying again...
No new messages received yet.Trying again...
No new messages received yet.Trying again...
No new messages received yet.Trying again...
No new messages received yet.Trying again...
No new messages received yet.Trying again...
No new messages received yet.Trying again...
No new messages received yet.Trying again...
No new messages received yet.Trying again...
No new messages received yet.Trying again...

Actual data inserted to database
No retrain triggered
Triggering forecasting

Forecasting.py script logs
Database connection established
Value of --retrain flag: False

Forecasting for initial model using device14/initial/device14.keras and device14/initial/scaler.save
Successfully downloaded model and scaler from S3

Actual values fetched from database
    sensor_id  sensor_energy_value    sensor_timestamp  message_delay
0          14               1610.2 2025-12-08 00:06:00        59236.0
1          14               1607.2 2025-12-08 00:06:01        58234.0
2          14               1610.4 2025-12-08 00:06:02        57199.0
3          14               1606.2 2025-12-08 00:06:03        56196.0
4          14               1602.8 2025-12-08 00:06:04        55190.0
5          14               1605.2 2025-12-08 00:06:05        54186.0
6          14               1605.8 2025-12-08 00:06:06        53179.0
7          14               1607.0 2025-12-08 00:06:07        52171.0
8          14               1602.4 2025-12-08 00:06:08        51161.0
9          14               1612.2 2025-12-08 00:06:09        50156.0
10         14               1614.9 2025-12-08 00:06:10        49154.0
11         14               1604.0 2025-12-08 00:06:11        48152.0
12         14               1622.0 2025-12-08 00:06:12        47148.0
13         14               1607.9 2025-12-08 00:06:13        46142.0
14         14               1604.6 2025-12-08 00:06:14        45140.0
15         14               1606.2 2025-12-08 00:06:15        44135.0
16         14               1601.5 2025-12-08 00:06:16        43125.0
17         14               1602.6 2025-12-08 00:06:17        42115.0
18         14               1621.1 2025-12-08 00:06:18        41114.0
19         14               1612.9 2025-12-08 00:06:19        40113.0
20         14               1608.4 2025-12-08 00:06:20        39112.0
21         14               1605.5 2025-12-08 00:06:21        38111.0
22         14               1607.1 2025-12-08 00:06:22        37108.0
23         14               1607.5 2025-12-08 00:06:23        36107.0
24         14               1606.6 2025-12-08 00:06:24        35101.0
25         14               1605.0 2025-12-08 00:06:25        34099.0
26         14               1614.5 2025-12-08 00:06:26        33095.0
27         14               1604.9 2025-12-08 00:06:27        32093.0
28         14               1608.0 2025-12-08 00:06:28        31090.0
29         14               1602.2 2025-12-08 00:06:29        30089.0
30         14               1605.4 2025-12-08 00:06:30        29088.0
31         14               1605.3 2025-12-08 00:06:31        28087.0
32         14               1615.6 2025-12-08 00:06:32        27083.0
33         14               1607.7 2025-12-08 00:06:33        26081.0
34         14               1605.2 2025-12-08 00:06:34        25079.0
35         14               1603.2 2025-12-08 00:06:35        24078.0
36         14               1603.5 2025-12-08 00:06:36        23077.0
37         14               1604.8 2025-12-08 00:06:37        22075.0
38         14               1605.9 2025-12-08 00:06:38        21074.0
39         14               1608.8 2025-12-08 00:06:39        20072.0
40         14               1601.1 2025-12-08 00:06:40        19071.0
41         14               1605.8 2025-12-08 00:06:41        18069.0
42         14               1608.3 2025-12-08 00:06:42        17067.0
43         14               1606.1 2025-12-08 00:06:43        16065.0
44         14               1609.5 2025-12-08 00:06:44        15064.0
45         14               1605.4 2025-12-08 00:06:45        14062.0
46         14               1605.0 2025-12-08 00:06:46        13061.0
47         14               1602.3 2025-12-08 00:06:47        12059.0
48         14               1607.7 2025-12-08 00:06:48        11058.0
49         14               1608.8 2025-12-08 00:06:49        10056.0
50         14               1607.0 2025-12-08 00:06:50         9056.0
51         14               1608.6 2025-12-08 00:06:51         8054.0
52         14               1603.6 2025-12-08 00:06:52         7052.0
53         14               1604.8 2025-12-08 00:06:53         6051.0
54         14               1602.2 2025-12-08 00:06:54         5050.0
55         14               1606.4 2025-12-08 00:06:55         4049.0
56         14               1613.6 2025-12-08 00:06:56         3047.0
57         14               1616.0 2025-12-08 00:06:57         2045.0
58         14               1606.0 2025-12-08 00:06:58         1044.0
59         14               1605.3 2025-12-08 00:06:59           20.0
Forecasted values:
    sensor_id  sensor_energy_value_prediction    sensor_timestamp
0          14                     1648.666992 2025-12-08 00:07:00
1          14                     1656.451660 2025-12-08 00:07:01
2          14                     1664.248657 2025-12-08 00:07:02
3          14                     1672.054932 2025-12-08 00:07:03
4          14                     1679.978149 2025-12-08 00:07:04
5          14                     1688.064941 2025-12-08 00:07:05
6          14                     1696.346924 2025-12-08 00:07:06
7          14                     1704.846924 2025-12-08 00:07:07
8          14                     1713.580933 2025-12-08 00:07:08
9          14                     1722.563232 2025-12-08 00:07:09
10         14                     1731.802612 2025-12-08 00:07:10
11         14                     1741.311035 2025-12-08 00:07:11
12         14                     1751.098877 2025-12-08 00:07:12
13         14                     1761.173218 2025-12-08 00:07:13
14         14                     1771.546509 2025-12-08 00:07:14
15         14                     1782.226562 2025-12-08 00:07:15
16         14                     1793.221924 2025-12-08 00:07:16
17         14                     1804.540771 2025-12-08 00:07:17
18         14                     1816.190552 2025-12-08 00:07:18
19         14                     1828.176270 2025-12-08 00:07:19
20         14                     1840.507690 2025-12-08 00:07:20
21         14                     1853.188721 2025-12-08 00:07:21
22         14                     1866.222900 2025-12-08 00:07:22
23         14                     1879.613525 2025-12-08 00:07:23
24         14                     1893.361816 2025-12-08 00:07:24
25         14                     1907.468384 2025-12-08 00:07:25
26         14                     1921.931763 2025-12-08 00:07:26
27         14                     1936.748169 2025-12-08 00:07:27
28         14                     1951.914917 2025-12-08 00:07:28
29         14                     1967.424072 2025-12-08 00:07:29
30         14                     1983.268799 2025-12-08 00:07:30
31         14                     1999.437988 2025-12-08 00:07:31
32         14                     2015.918701 2025-12-08 00:07:32
33         14                     2032.697510 2025-12-08 00:07:33
34         14                     2049.758789 2025-12-08 00:07:34
35         14                     2067.083496 2025-12-08 00:07:35
36         14                     2084.651123 2025-12-08 00:07:36
37         14                     2102.438232 2025-12-08 00:07:37
38         14                     2120.420410 2025-12-08 00:07:38
39         14                     2138.571289 2025-12-08 00:07:39
40         14                     2156.860840 2025-12-08 00:07:40
41         14                     2175.260498 2025-12-08 00:07:41
42         14                     2193.737061 2025-12-08 00:07:42
43         14                     2212.257324 2025-12-08 00:07:43
44         14                     2230.787598 2025-12-08 00:07:44
45         14                     2249.292725 2025-12-08 00:07:45
46         14                     2267.736816 2025-12-08 00:07:46
47         14                     2286.084473 2025-12-08 00:07:47
48         14                     2304.300293 2025-12-08 00:07:48
49         14                     2322.348145 2025-12-08 00:07:49
50         14                     2340.194580 2025-12-08 00:07:50
51         14                     2357.806641 2025-12-08 00:07:51
52         14                     2375.153076 2025-12-08 00:07:52
53         14                     2392.203613 2025-12-08 00:07:53
54         14                     2408.930176 2025-12-08 00:07:54
55         14                     2425.308350 2025-12-08 00:07:55
56         14                     2441.314697 2025-12-08 00:07:56
57         14                     2456.928467 2025-12-08 00:07:57
58         14                     2472.132324 2025-12-08 00:07:58
59         14                     2486.911865 2025-12-08 00:07:59
Forecasted values inserted into database
Exiting forecasting script

No new messages received yet.Trying again...
No new messages received yet.Trying again...
No new messages received yet.Trying again...
No new messages received yet.Trying again...
No new messages received yet.Trying again...
No new messages received yet.Trying again...
No new messages received yet.Trying again...
No new messages received yet.Trying again...
No new messages received yet.Trying again...
No new messages received yet.Trying again...
No new messages received yet.Trying again...
No new messages received yet.Trying again...
No new messages received yet.Trying again...
No new messages received yet.Trying again...
No new messages received yet.Trying again...
No new messages received yet.Trying again...
No new messages received yet.Trying again...
No new messages received yet.Trying again...
No new messages received yet.Trying again...
No new messages received yet.Trying again...
No new messages received yet.Trying again...
No new messages received yet.Trying again...
No new messages received yet.Trying again...
No new messages received yet.Trying again...
No new messages received yet.Trying again...
No new messages received yet.Trying again...
No new messages received yet.Trying again...
No new messages received yet.Trying again...
No new messages received yet.Trying again...
No new messages received yet.Trying again...
No new messages received yet.Trying again...
No new messages received yet.Trying again...

Actual data inserted to database
No retrain triggered
Triggering forecasting

Forecasting.py script logs
Database connection established
Value of --retrain flag: False

Forecasting for initial model using device14/initial/device14.keras and device14/initial/scaler.save
Successfully downloaded model and scaler from S3

Actual values fetched from database
    sensor_id  sensor_energy_value    sensor_timestamp  message_delay
0          14               1611.8 2025-12-08 00:07:00        59178.0
1          14               1609.8 2025-12-08 00:07:01        58177.0
2          14               1610.6 2025-12-08 00:07:02        57174.0
3          14               1609.7 2025-12-08 00:07:03        56173.0
4          14               1605.1 2025-12-08 00:07:04        55171.0
5          14               1602.1 2025-12-08 00:07:05        54170.0
6          14               1602.1 2025-12-08 00:07:06        53169.0
7          14               1606.0 2025-12-08 00:07:07        52165.0
8          14               1601.3 2025-12-08 00:07:08        51162.0
9          14               1610.0 2025-12-08 00:07:09        50161.0
10         14               1602.6 2025-12-08 00:07:10        49157.0
11         14               1607.0 2025-12-08 00:07:11        48152.0
12         14               1603.0 2025-12-08 00:07:12        47152.0
13         14               1607.1 2025-12-08 00:07:13        46150.0
14         14               1603.8 2025-12-08 00:07:14        45149.0
15         14               1608.7 2025-12-08 00:07:15        44148.0
16         14               1606.0 2025-12-08 00:07:16        43147.0
17         14               1606.0 2025-12-08 00:07:17        42146.0
18         14               1606.9 2025-12-08 00:07:18        41142.0
19         14               1613.6 2025-12-08 00:07:19        40139.0
20         14               1612.3 2025-12-08 00:07:20        39136.0
21         14               1603.9 2025-12-08 00:07:21        38134.0
22         14               1602.3 2025-12-08 00:07:22        37132.0
23         14               1608.7 2025-12-08 00:07:23        36131.0
24         14               1609.6 2025-12-08 00:07:24        35129.0
25         14               1605.6 2025-12-08 00:07:25        34128.0
26         14               1610.2 2025-12-08 00:07:26        33100.0
27         14               1599.9 2025-12-08 00:07:27        32098.0
28         14               1605.4 2025-12-08 00:07:28        31083.0
29         14               1605.3 2025-12-08 00:07:29        30078.0
30         14               1625.3 2025-12-08 00:07:30        29074.0
31         14               1605.4 2025-12-08 00:07:31        28068.0
32         14               1607.4 2025-12-08 00:07:32        27066.0
33         14               1607.8 2025-12-08 00:07:33        26064.0
34         14               1604.9 2025-12-08 00:07:34        25063.0
35         14               1605.1 2025-12-08 00:07:35        24061.0
36         14               1604.9 2025-12-08 00:07:36        23059.0
37         14               1608.0 2025-12-08 00:07:37        22058.0
38         14               1607.1 2025-12-08 00:07:38        21056.0
39         14               1607.5 2025-12-08 00:07:39        20054.0
40         14               1606.6 2025-12-08 00:07:40        19050.0
41         14               1607.9 2025-12-08 00:07:41        18048.0
42         14               1613.3 2025-12-08 00:07:42        17047.0
43         14               1601.1 2025-12-08 00:07:43        16043.0
44         14               1597.5 2025-12-08 00:07:44        15041.0
45         14               1604.3 2025-12-08 00:07:45        14039.0
46         14               1605.9 2025-12-08 00:07:46        13037.0
47         14               1609.1 2025-12-08 00:07:47        12035.0
48         14               1604.1 2025-12-08 00:07:48        11033.0
49         14               1604.9 2025-12-08 00:07:49        10031.0
50         14               1604.1 2025-12-08 00:07:50         9028.0
51         14               1607.5 2025-12-08 00:07:51         8027.0
52         14               1602.8 2025-12-08 00:07:52         7025.0
53         14               1603.8 2025-12-08 00:07:53         6024.0
54         14               1603.5 2025-12-08 00:07:54         5022.0
55         14               1608.4 2025-12-08 00:07:55         4018.0
56         14               1612.0 2025-12-08 00:07:56         3017.0
57         14               1611.0 2025-12-08 00:07:57         2016.0
58         14               1610.2 2025-12-08 00:07:58         1014.0
59         14               1608.3 2025-12-08 00:07:59           13.0
Forecasted values:
    sensor_id  sensor_energy_value_prediction    sensor_timestamp
0          14                     1648.920776 2025-12-08 00:08:00
1          14                     1656.676270 2025-12-08 00:08:01
2          14                     1664.453125 2025-12-08 00:08:02
3          14                     1672.250610 2025-12-08 00:08:03
4          14                     1680.169800 2025-12-08 00:08:04
5          14                     1688.255737 2025-12-08 00:08:05
6          14                     1696.539795 2025-12-08 00:08:06
7          14                     1705.042603 2025-12-08 00:08:07
8          14                     1713.779785 2025-12-08 00:08:08
9          14                     1722.765381 2025-12-08 00:08:09
10         14                     1732.009033 2025-12-08 00:08:10
11         14                     1741.522217 2025-12-08 00:08:11
12         14                     1751.314331 2025-12-08 00:08:12
13         14                     1761.394775 2025-12-08 00:08:13
14         14                     1771.772705 2025-12-08 00:08:14
15         14                     1782.457764 2025-12-08 00:08:15
16         14                     1793.457520 2025-12-08 00:08:16
17         14                     1804.781250 2025-12-08 00:08:17
18         14                     1816.436523 2025-12-08 00:08:18
19         14                     1828.429688 2025-12-08 00:08:19
20         14                     1840.766724 2025-12-08 00:08:20
21         14                     1853.453491 2025-12-08 00:08:21
22         14                     1866.494751 2025-12-08 00:08:22
23         14                     1879.892334 2025-12-08 00:08:23
24         14                     1893.647217 2025-12-08 00:08:24
25         14                     1907.760010 2025-12-08 00:08:25
26         14                     1922.229858 2025-12-08 00:08:26
27         14                     1937.053467 2025-12-08 00:08:27
28         14                     1952.226929 2025-12-08 00:08:28
29         14                     1967.742432 2025-12-08 00:08:29
30         14                     1983.592773 2025-12-08 00:08:30
31         14                     1999.765991 2025-12-08 00:08:31
32         14                     2016.253174 2025-12-08 00:08:32
33         14                     2033.038086 2025-12-08 00:08:33
34         14                     2050.104248 2025-12-08 00:08:34
35         14                     2067.433838 2025-12-08 00:08:35
36         14                     2085.005615 2025-12-08 00:08:36
37         14                     2102.796875 2025-12-08 00:08:37
38         14                     2120.782471 2025-12-08 00:08:38
39         14                     2138.935791 2025-12-08 00:08:39
40         14                     2157.228027 2025-12-08 00:08:40
41         14                     2175.628906 2025-12-08 00:08:41
42         14                     2194.106689 2025-12-08 00:08:42
43         14                     2212.627686 2025-12-08 00:08:43
44         14                     2231.158203 2025-12-08 00:08:44
45         14                     2249.663086 2025-12-08 00:08:45
46         14                     2268.105957 2025-12-08 00:08:46
47         14                     2286.450928 2025-12-08 00:08:47
48         14                     2304.663574 2025-12-08 00:08:48
49         14                     2322.708252 2025-12-08 00:08:49
50         14                     2340.550293 2025-12-08 00:08:50
51         14                     2358.157959 2025-12-08 00:08:51
52         14                     2375.498291 2025-12-08 00:08:52
53         14                     2392.542725 2025-12-08 00:08:53
54         14                     2409.263184 2025-12-08 00:08:54
55         14                     2425.634277 2025-12-08 00:08:55
56         14                     2441.632324 2025-12-08 00:08:56
57         14                     2457.238037 2025-12-08 00:08:57
58         14                     2472.433594 2025-12-08 00:08:58
59         14                     2487.204346 2025-12-08 00:08:59
Forecasted values inserted into database
Exiting forecasting script

No new messages received yet.Trying again...
No new messages received yet.Trying again...
No new messages received yet.Trying again...
No new messages received yet.Trying again...
No new messages received yet.Trying again...
No new messages received yet.Trying again...
No new messages received yet.Trying again...
No new messages received yet.Trying again...
No new messages received yet.Trying again...
No new messages received yet.Trying again...
No new messages received yet.Trying again...
No new messages received yet.Trying again...
No new messages received yet.Trying again...
No new messages received yet.Trying again...
No new messages received yet.Trying again...
No new messages received yet.Trying again...
No new messages received yet.Trying again...
No new messages received yet.Trying again...
No new messages received yet.Trying again...
No new messages received yet.Trying again...
No new messages received yet.Trying again...
No new messages received yet.Trying again...
No new messages received yet.Trying again...
No new messages received yet.Trying again...
No new messages received yet.Trying again...
No new messages received yet.Trying again...
No new messages received yet.Trying again...
No new messages received yet.Trying again...
No new messages received yet.Trying again...

Actual data inserted to database
No retrain triggered
Triggering forecasting

Forecasting.py script logs
Database connection established
Value of --retrain flag: False

Forecasting for initial model using device14/initial/device14.keras and device14/initial/scaler.save
Successfully downloaded model and scaler from S3

Actual values fetched from database
    sensor_id  sensor_energy_value    sensor_timestamp  message_delay
0          14               1611.1 2025-12-08 00:08:00        59604.0
1          14               1612.0 2025-12-08 00:08:01        58602.0
2          14               1609.3 2025-12-08 00:08:02        57601.0
3          14               1605.9 2025-12-08 00:08:03        56600.0
4          14               1615.0 2025-12-08 00:08:04        55597.0
5          14               1606.1 2025-12-08 00:08:05        54594.0
6          14               1608.0 2025-12-08 00:08:06        53589.0
7          14               1606.4 2025-12-08 00:08:07        52587.0
8          14               1607.5 2025-12-08 00:08:08        51585.0
9          14               1607.5 2025-12-08 00:08:09        50582.0
10         14               1609.2 2025-12-08 00:08:10        49581.0
11         14               1608.6 2025-12-08 00:08:11        48579.0
12         14               1609.1 2025-12-08 00:08:12        47577.0
13         14               1609.1 2025-12-08 00:08:13        46572.0
14         14               1611.4 2025-12-08 00:08:14        45571.0
15         14               1604.1 2025-12-08 00:08:15        44569.0
16         14               1605.5 2025-12-08 00:08:16        43567.0
17         14               1607.7 2025-12-08 00:08:17        42566.0
18         14               1607.6 2025-12-08 00:08:18        41565.0
19         14               1611.0 2025-12-08 00:08:19        40563.0
20         14               1615.3 2025-12-08 00:08:20        39561.0
21         14               1606.8 2025-12-08 00:08:21        38559.0
22         14               1607.6 2025-12-08 00:08:22        37558.0
23         14               1605.8 2025-12-08 00:08:23        36555.0
24         14               1618.3 2025-12-08 00:08:24        35550.0
25         14               1608.6 2025-12-08 00:08:25        34547.0
26         14               1616.3 2025-12-08 00:08:26        33544.0
27         14               1608.6 2025-12-08 00:08:27        32542.0
28         14               1611.7 2025-12-08 00:08:28        31538.0
29         14               1605.9 2025-12-08 00:08:29        30534.0
30         14               1611.1 2025-12-08 00:08:30        29532.0
31         14               1607.3 2025-12-08 00:08:31        28525.0
32         14               1608.4 2025-12-08 00:08:32        27520.0
33         14               1613.4 2025-12-08 00:08:33        26518.0
34         14               1625.5 2025-12-08 00:08:34        25517.0
35         14               1610.1 2025-12-08 00:08:35        24515.0
36         14               1611.4 2025-12-08 00:08:36        23513.0
37         14               1610.0 2025-12-08 00:08:37        22512.0
38         14               1610.5 2025-12-08 00:08:38        21511.0
39         14               1612.6 2025-12-08 00:08:39        20509.0
40         14               1612.8 2025-12-08 00:08:40        19506.0
41         14               1608.8 2025-12-08 00:08:41        18504.0
42         14               1623.7 2025-12-08 00:08:42        17503.0
43         14               1609.3 2025-12-08 00:08:43        16501.0
44         14               1609.6 2025-12-08 00:08:44        15498.0
45         14               1614.4 2025-12-08 00:08:45        14496.0
46         14               1612.0 2025-12-08 00:08:46        13488.0
47         14               1608.1 2025-12-08 00:08:47        12486.0
48         14               1609.6 2025-12-08 00:08:48        11484.0
49         14               1608.7 2025-12-08 00:08:49        10481.0
50         14               1626.2 2025-12-08 00:08:50         9479.0
51         14               1620.9 2025-12-08 00:08:51         8477.0
52         14               1609.2 2025-12-08 00:08:52         7476.0
53         14               1609.9 2025-12-08 00:08:53         6473.0
54         14               1609.0 2025-12-08 00:08:54         5462.0
55         14               1610.3 2025-12-08 00:08:55         4386.0
56         14               1612.1 2025-12-08 00:08:56         3385.0
57         14               1612.8 2025-12-08 00:08:57         2318.0
58         14               1612.4 2025-12-08 00:08:58         1315.0
59         14               1615.1 2025-12-08 00:08:59          307.0
Forecasted values:
    sensor_id  sensor_energy_value_prediction    sensor_timestamp
0          14                     1628.345337 2025-12-08 00:09:00
1          14                     1631.228882 2025-12-08 00:09:01
2          14                     1634.103638 2025-12-08 00:09:02
3          14                     1636.983521 2025-12-08 00:09:03
4          14                     1639.899170 2025-12-08 00:09:04
5          14                     1642.864258 2025-12-08 00:09:05
6          14                     1645.889648 2025-12-08 00:09:06
7          14                     1648.981323 2025-12-08 00:09:07
8          14                     1652.145508 2025-12-08 00:09:08
9          14                     1655.385864 2025-12-08 00:09:09
10         14                     1658.706787 2025-12-08 00:09:10
11         14                     1662.112549 2025-12-08 00:09:11
12         14                     1665.607666 2025-12-08 00:09:12
13         14                     1669.196289 2025-12-08 00:09:13
14         14                     1672.883423 2025-12-08 00:09:14
15         14                     1676.673828 2025-12-08 00:09:15
16         14                     1680.572998 2025-12-08 00:09:16
17         14                     1684.585571 2025-12-08 00:09:17
18         14                     1688.717041 2025-12-08 00:09:18
19         14                     1692.972778 2025-12-08 00:09:19
20         14                     1697.358398 2025-12-08 00:09:20
21         14                     1701.879150 2025-12-08 00:09:21
22         14                     1706.542236 2025-12-08 00:09:22
23         14                     1711.352417 2025-12-08 00:09:23
24         14                     1716.316284 2025-12-08 00:09:24
25         14                     1721.438965 2025-12-08 00:09:25
26         14                     1726.728149 2025-12-08 00:09:26
27         14                     1732.189453 2025-12-08 00:09:27
28         14                     1737.830322 2025-12-08 00:09:28
29         14                     1743.656616 2025-12-08 00:09:29
30         14                     1749.676270 2025-12-08 00:09:30
31         14                     1755.895508 2025-12-08 00:09:31
32         14                     1762.322021 2025-12-08 00:09:32
33         14                     1768.963135 2025-12-08 00:09:33
34         14                     1775.826050 2025-12-08 00:09:34
35         14                     1782.918213 2025-12-08 00:09:35
36         14                     1790.249512 2025-12-08 00:09:36
37         14                     1797.826294 2025-12-08 00:09:37
38         14                     1805.657227 2025-12-08 00:09:38
39         14                     1813.750244 2025-12-08 00:09:39
40         14                     1822.113037 2025-12-08 00:09:40
41         14                     1830.754272 2025-12-08 00:09:41
42         14                     1839.682495 2025-12-08 00:09:42
43         14                     1848.903931 2025-12-08 00:09:43
44         14                     1858.429321 2025-12-08 00:09:44
45         14                     1868.265015 2025-12-08 00:09:45
46         14                     1878.418457 2025-12-08 00:09:46
47         14                     1888.896729 2025-12-08 00:09:47
48         14                     1899.707520 2025-12-08 00:09:48
49         14                     1910.856567 2025-12-08 00:09:49
50         14                     1922.349976 2025-12-08 00:09:50
51         14                     1934.192017 2025-12-08 00:09:51
52         14                     1946.388794 2025-12-08 00:09:52
53         14                     1958.944458 2025-12-08 00:09:53
54         14                     1971.861084 2025-12-08 00:09:54
55         14                     1985.140503 2025-12-08 00:09:55
56         14                     1998.783081 2025-12-08 00:09:56
57         14                     2012.788696 2025-12-08 00:09:57
58         14                     2027.155640 2025-12-08 00:09:58
59         14                     2041.880493 2025-12-08 00:09:59
Forecasted values inserted into database
Exiting forecasting script

No new messages received yet.Trying again...
No new messages received yet.Trying again...
No new messages received yet.Trying again...
No new messages received yet.Trying again...
No new messages received yet.Trying again...
No new messages received yet.Trying again...
2026-05-16 10:21:53.508 INFO  [123777660745408] ConsumerStatsImpl:59 | Consumer [persistent://public/default/device14_model_consume, pythonSubscription, 0] , ConsumerStatsImpl (numBytesRecieved_ = 13992, totalNumBytesRecieved_ = 13992, receivedMsgMap_ = {[Key: Ok, Value: 583], [Key: TimeOut, Value: 321], }, ackedMsgMap_ = {[Key: {Result: Ok, ackType: 0}, Value: 583], }, totalReceivedMsgMap_ = {[Key: Ok, Value: 583], [Key: TimeOut, Value: 321], }, totalAckedMsgMap_ = {[Key: {Result: Ok, ackType: 0}, Value: 583], })
No new messages received yet.Trying again...
No new messages received yet.Trying again...
No new messages received yet.Trying again...
No new messages received yet.Trying again...
No new messages received yet.Trying again...
No new messages received yet.Trying again...
No new messages received yet.Trying again...
No new messages received yet.Trying again...
No new messages received yet.Trying again...
No new messages received yet.Trying again...

Actual data inserted to database
Triggering retrain for window beetween 00:00:00 and 00:09:59
lasttimestamp is  2025-12-08 00:09:59
retrain.py completed successfully:
Database connection established
Retraining model for device device14 with data from table device14_actualvalues between timestamps 2025-12-08-00-00-00 and 2025-12-08-00-09-59...
Epoch 1/200

[1m1/8[0m [32m━━[0m[37m━━━━━━━━━━━━━━━━━━[0m [1m11s[0m 2s/step - loss: 0.4212
[1m5/8[0m [32m━━━━━━━━━━━━[0m[37m━━━━━━━━[0m [1m0s[0m 16ms/step - loss: 0.3771
[1m8/8[0m [32m━━━━━━━━━━━━━━━━━━━━[0m[37m[0m [1m2s[0m 20ms/step - loss: 0.2774
Epoch 2/200

[1m1/8[0m [32m━━[0m[37m━━━━━━━━━━━━━━━━━━[0m [1m0s[0m 49ms/step - loss: 0.1000
[1m4/8[0m [32m━━━━━━━━━━[0m[37m━━━━━━━━━━[0m [1m0s[0m 18ms/step - loss: 0.0863
[1m8/8[0m [32m━━━━━━━━━━━━━━━━━━━━[0m[37m[0m [1m0s[0m 17ms/step - loss: 0.0694
[1m8/8[0m [32m━━━━━━━━━━━━━━━━━━━━[0m[37m[0m [1m0s[0m 20ms/step - loss: 0.0464
Epoch 3/200

[1m1/8[0m [32m━━[0m[37m━━━━━━━━━━━━━━━━━━[0m [1m0s[0m 55ms/step - loss: 0.0206
[1m4/8[0m [32m━━━━━━━━━━[0m[37m━━━━━━━━━━[0m [1m0s[0m 18ms/step - loss: 0.0242
[1m7/8[0m [32m━━━━━━━━━━━━━━━━━[0m[37m━━━[0m [1m0s[0m 18ms/step - loss: 0.0265
[1m8/8[0m [32m━━━━━━━━━━━━━━━━━━━━[0m[37m[0m [1m0s[0m 22ms/step - loss: 0.0300
Epoch 4/200

[1m1/8[0m [32m━━[0m[37m━━━━━━━━━━━━━━━━━━[0m [1m0s[0m 50ms/step - loss: 0.0240
[1m4/8[0m [32m━━━━━━━━━━[0m[37m━━━━━━━━━━[0m [1m0s[0m 17ms/step - loss: 0.0191
[1m7/8[0m [32m━━━━━━━━━━━━━━━━━[0m[37m━━━[0m [1m0s[0m 17ms/step - loss: 0.0175
[1m8/8[0m [32m━━━━━━━━━━━━━━━━━━━━[0m[37m[0m [1m0s[0m 22ms/step - loss: 0.0147
Epoch 5/200

[1m1/8[0m [32m━━[0m[37m━━━━━━━━━━━━━━━━━━[0m [1m0s[0m 52ms/step - loss: 0.0070
[1m5/8[0m [32m━━━━━━━━━━━━[0m[37m━━━━━━━━[0m [1m0s[0m 13ms/step - loss: 0.0111
[1m8/8[0m [32m━━━━━━━━━━━━━━━━━━━━[0m[37m[0m [1m0s[0m 15ms/step - loss: 0.0121
[1m8/8[0m [32m━━━━━━━━━━━━━━━━━━━━[0m[37m[0m [1m0s[0m 19ms/step - loss: 0.0142
Epoch 6/200

[1m1/8[0m [32m━━[0m[37m━━━━━━━━━━━━━━━━━━[0m [1m0s[0m 73ms/step - loss: 0.0075
[1m4/8[0m [32m━━━━━━━━━━[0m[37m━━━━━━━━━━[0m [1m0s[0m 19ms/step - loss: 0.0091
[1m8/8[0m [32m━━━━━━━━━━━━━━━━━━━━[0m[37m[0m [1m0s[0m 17ms/step - loss: 0.0102
[1m8/8[0m [32m━━━━━━━━━━━━━━━━━━━━[0m[37m[0m [1m0s[0m 28ms/step - loss: 0.0111
Epoch 7/200

[1m1/8[0m [32m━━[0m[37m━━━━━━━━━━━━━━━━━━[0m [1m0s[0m 49ms/step - loss: 0.0127
[1m5/8[0m [32m━━━━━━━━━━━━[0m[37m━━━━━━━━[0m [1m0s[0m 16ms/step - loss: 0.0100
[1m8/8[0m [32m━━━━━━━━━━━━━━━━━━━━[0m[37m[0m [1m0s[0m 16ms/step - loss: 0.0098
[1m8/8[0m [32m━━━━━━━━━━━━━━━━━━━━[0m[37m[0m [1m0s[0m 21ms/step - loss: 0.0092
Epoch 8/200

[1m1/8[0m [32m━━[0m[37m━━━━━━━━━━━━━━━━━━[0m [1m0s[0m 55ms/step - loss: 0.0104
[1m5/8[0m [32m━━━━━━━━━━━━[0m[37m━━━━━━━━[0m [1m0s[0m 16ms/step - loss: 0.0114
[1m8/8[0m [32m━━━━━━━━━━━━━━━━━━━━[0m[37m[0m [1m0s[0m 20ms/step - loss: 0.0110
Epoch 9/200

[1m1/8[0m [32m━━[0m[37m━━━━━━━━━━━━━━━━━━[0m [1m0s[0m 51ms/step - loss: 0.0073
[1m5/8[0m [32m━━━━━━━━━━━━[0m[37m━━━━━━━━[0m [1m0s[0m 15ms/step - loss: 0.0105
[1m8/8[0m [32m━━━━━━━━━━━━━━━━━━━━[0m[37m[0m [1m0s[0m 19ms/step - loss: 0.0104
Epoch 10/200

[1m1/8[0m [32m━━[0m[37m━━━━━━━━━━━━━━━━━━[0m [1m0s[0m 51ms/step - loss: 0.0131
[1m5/8[0m [32m━━━━━━━━━━━━[0m[37m━━━━━━━━[0m [1m0s[0m 16ms/step - loss: 0.0129
[1m8/8[0m [32m━━━━━━━━━━━━━━━━━━━━[0m[37m[0m [1m0s[0m 19ms/step - loss: 0.0107
Epoch 11/200

[1m1/8[0m [32m━━[0m[37m━━━━━━━━━━━━━━━━━━[0m [1m0s[0m 42ms/step - loss: 0.0094
[1m5/8[0m [32m━━━━━━━━━━━━[0m[37m━━━━━━━━[0m [1m0s[0m 16ms/step - loss: 0.0086
[1m8/8[0m [32m━━━━━━━━━━━━━━━━━━━━[0m[37m[0m [1m0s[0m 21ms/step - loss: 0.0091
Epoch 12/200

[1m1/8[0m [32m━━[0m[37m━━━━━━━━━━━━━━━━━━[0m [1m0s[0m 50ms/step - loss: 0.0072
[1m3/8[0m [32m━━━━━━━[0m[37m━━━━━━━━━━━━━[0m [1m0s[0m 36ms/step - loss: 0.0079
[1m6/8[0m [32m━━━━━━━━━━━━━━━[0m[37m━━━━━[0m [1m0s[0m 27ms/step - loss: 0.0088
[1m8/8[0m [32m━━━━━━━━━━━━━━━━━━━━[0m[37m[0m [1m0s[0m 27ms/step - loss: 0.0092
Epoch 13/200

[1m1/8[0m [32m━━[0m[37m━━━━━━━━━━━━━━━━━━[0m [1m0s[0m 45ms/step - loss: 0.0090
[1m4/8[0m [32m━━━━━━━━━━[0m[37m━━━━━━━━━━[0m [1m0s[0m 19ms/step - loss: 0.0082
[1m7/8[0m [32m━━━━━━━━━━━━━━━━━[0m[37m━━━[0m [1m0s[0m 18ms/step - loss: 0.0083
[1m8/8[0m [32m━━━━━━━━━━━━━━━━━━━━[0m[37m[0m [1m0s[0m 22ms/step - loss: 0.0084
Epoch 14/200

[1m1/8[0m [32m━━[0m[37m━━━━━━━━━━━━━━━━━━[0m [1m0s[0m 52ms/step - loss: 0.0045
[1m4/8[0m [32m━━━━━━━━━━[0m[37m━━━━━━━━━━[0m [1m0s[0m 19ms/step - loss: 0.0063
[1m8/8[0m [32m━━━━━━━━━━━━━━━━━━━━[0m[37m[0m [1m0s[0m 17ms/step - loss: 0.0072
[1m8/8[0m [32m━━━━━━━━━━━━━━━━━━━━[0m[37m[0m [1m0s[0m 21ms/step - loss: 0.0084
Epoch 15/200

[1m1/8[0m [32m━━[0m[37m━━━━━━━━━━━━━━━━━━[0m [1m0s[0m 55ms/step - loss: 0.0071
[1m4/8[0m [32m━━━━━━━━━━[0m[37m━━━━━━━━━━[0m [1m0s[0m 19ms/step - loss: 0.0074
[1m6/8[0m [32m━━━━━━━━━━━━━━━[0m[37m━━━━━[0m [1m0s[0m 23ms/step - loss: 0.0077
[1m8/8[0m [32m━━━━━━━━━━━━━━━━━━━━[0m[37m[0m [1m0s[0m 25ms/step - loss: 0.0080
[1m8/8[0m [32m━━━━━━━━━━━━━━━━━━━━[0m[37m[0m [1m0s[0m 30ms/step - loss: 0.0086
Epoch 16/200

[1m1/8[0m [32m━━[0m[37m━━━━━━━━━━━━━━━━━━[0m [1m0s[0m 79ms/step - loss: 0.0083
[1m4/8[0m [32m━━━━━━━━━━[0m[37m━━━━━━━━━━[0m [1m0s[0m 23ms/step - loss: 0.0078
[1m6/8[0m [32m━━━━━━━━━━━━━━━[0m[37m━━━━━[0m [1m0s[0m 24ms/step - loss: 0.0077
[1m8/8[0m [32m━━━━━━━━━━━━━━━━━━━━[0m[37m[0m [1m0s[0m 25ms/step - loss: 0.0078
[1m8/8[0m [32m━━━━━━━━━━━━━━━━━━━━[0m[37m[0m [1m0s[0m 29ms/step - loss: 0.0078
Epoch 17/200

[1m1/8[0m [32m━━[0m[37m━━━━━━━━━━━━━━━━━━[0m [1m0s[0m 51ms/step - loss: 0.0110
[1m5/8[0m [32m━━━━━━━━━━━━[0m[37m━━━━━━━━[0m [1m0s[0m 16ms/step - loss: 0.0105
[1m8/8[0m [32m━━━━━━━━━━━━━━━━━━━━[0m[37m[0m [1m0s[0m 18ms/step - loss: 0.0104
[1m8/8[0m [32m━━━━━━━━━━━━━━━━━━━━[0m[37m[0m [1m0s[0m 22ms/step - loss: 0.0101
Epoch 18/200

[1m1/8[0m [32m━━[0m[37m━━━━━━━━━━━━━━━━━━[0m [1m0s[0m 58ms/step - loss: 0.0079
[1m4/8[0m [32m━━━━━━━━━━[0m[37m━━━━━━━━━━[0m [1m0s[0m 20ms/step - loss: 0.0087
[1m7/8[0m [32m━━━━━━━━━━━━━━━━━[0m[37m━━━[0m [1m0s[0m 19ms/step - loss: 0.0087
[1m8/8[0m [32m━━━━━━━━━━━━━━━━━━━━[0m[37m[0m [1m0s[0m 23ms/step - loss: 0.0090
Epoch 19/200

[1m1/8[0m [32m━━[0m[37m━━━━━━━━━━━━━━━━━━[0m [1m0s[0m 54ms/step - loss: 0.0079
[1m5/8[0m [32m━━━━━━━━━━━━[0m[37m━━━━━━━━[0m [1m0s[0m 16ms/step - loss: 0.0094
[1m8/8[0m [32m━━━━━━━━━━━━━━━━━━━━[0m[37m[0m [1m0s[0m 19ms/step - loss: 0.0079
Epoch 20/200

[1m1/8[0m [32m━━[0m[37m━━━━━━━━━━━━━━━━━━[0m [1m0s[0m 40ms/step - loss: 0.0054
[1m5/8[0m [32m━━━━━━━━━━━━[0m[37m━━━━━━━━[0m [1m0s[0m 16ms/step - loss: 0.0070
[1m8/8[0m [32m━━━━━━━━━━━━━━━━━━━━[0m[37m[0m [1m0s[0m 18ms/step - loss: 0.0075
[1m8/8[0m [32m━━━━━━━━━━━━━━━━━━━━[0m[37m[0m [1m0s[0m 22ms/step - loss: 0.0083
Epoch 21/200

[1m1/8[0m [32m━━[0m[37m━━━━━━━━━━━━━━━━━━[0m [1m0s[0m 53ms/step - loss: 0.0168
[1m4/8[0m [32m━━━━━━━━━━[0m[37m━━━━━━━━━━[0m [1m0s[0m 18ms/step - loss: 0.0129
[1m7/8[0m [32m━━━━━━━━━━━━━━━━━[0m[37m━━━[0m [1m0s[0m 19ms/step - loss: 0.0111
[1m8/8[0m [32m━━━━━━━━━━━━━━━━━━━━[0m[37m[0m [1m0s[0m 24ms/step - loss: 0.0084
Epoch 22/200

[1m1/8[0m [32m━━[0m[37m━━━━━━━━━━━━━━━━━━[0m [1m0s[0m 80ms/step - loss: 0.0040
[1m4/8[0m [32m━━━━━━━━━━[0m[37m━━━━━━━━━━[0m [1m0s[0m 20ms/step - loss: 0.0062
[1m7/8[0m [32m━━━━━━━━━━━━━━━━━[0m[37m━━━[0m [1m0s[0m 20ms/step - loss: 0.0072
[1m8/8[0m [32m━━━━━━━━━━━━━━━━━━━━[0m[37m[0m [1m0s[0m 24ms/step - loss: 0.0087
Epoch 23/200

[1m1/8[0m [32m━━[0m[37m━━━━━━━━━━━━━━━━━━[0m [1m0s[0m 44ms/step - loss: 0.0057
[1m4/8[0m [32m━━━━━━━━━━[0m[37m━━━━━━━━━━[0m [1m0s[0m 20ms/step - loss: 0.0067
[1m7/8[0m [32m━━━━━━━━━━━━━━━━━[0m[37m━━━[0m [1m0s[0m 19ms/step - loss: 0.0071
[1m8/8[0m [32m━━━━━━━━━━━━━━━━━━━━[0m[37m[0m [1m0s[0m 23ms/step - loss: 0.0081
Epoch 24/200

[1m1/8[0m [32m━━[0m[37m━━━━━━━━━━━━━━━━━━[0m [1m0s[0m 49ms/step - loss: 0.0095
[1m5/8[0m [32m━━━━━━━━━━━━[0m[37m━━━━━━━━[0m [1m0s[0m 17ms/step - loss: 0.0079
[1m8/8[0m [32m━━━━━━━━━━━━━━━━━━━━[0m[37m[0m [1m0s[0m 20ms/step - loss: 0.0076
Epoch 25/200

[1m1/8[0m [32m━━[0m[37m━━━━━━━━━━━━━━━━━━[0m [1m0s[0m 48ms/step - loss: 0.0069
[1m4/8[0m [32m━━━━━━━━━━[0m[37m━━━━━━━━━━[0m [1m0s[0m 22ms/step - loss: 0.0072
[1m6/8[0m [32m━━━━━━━━━━━━━━━[0m[37m━━━━━[0m [1m0s[0m 24ms/step - loss: 0.0074
[1m8/8[0m [32m━━━━━━━━━━━━━━━━━━━━[0m[37m[0m [1m0s[0m 27ms/step - loss: 0.0073
Epoch 26/200

[1m1/8[0m [32m━━[0m[37m━━━━━━━━━━━━━━━━━━[0m [1m0s[0m 48ms/step - loss: 0.0098
[1m4/8[0m [32m━━━━━━━━━━[0m[37m━━━━━━━━━━[0m [1m0s[0m 19ms/step - loss: 0.0097
[1m7/8[0m [32m━━━━━━━━━━━━━━━━━[0m[37m━━━[0m [1m0s[0m 21ms/step - loss: 0.0093
[1m8/8[0m [32m━━━━━━━━━━━━━━━━━━━━[0m[37m[0m [1m0s[0m 25ms/step - loss: 0.0082
Epoch 27/200

[1m1/8[0m [32m━━[0m[37m━━━━━━━━━━━━━━━━━━[0m [1m0s[0m 52ms/step - loss: 0.0083
[1m4/8[0m [32m━━━━━━━━━━[0m[37m━━━━━━━━━━[0m [1m0s[0m 19ms/step - loss: 0.0073
[1m7/8[0m [32m━━━━━━━━━━━━━━━━━[0m[37m━━━[0m [1m0s[0m 20ms/step - loss: 0.0077
[1m8/8[0m [32m━━━━━━━━━━━━━━━━━━━━[0m[37m[0m [1m0s[0m 26ms/step - loss: 0.0079
Epoch 28/200

[1m1/8[0m [32m━━[0m[37m━━━━━━━━━━━━━━━━━━[0m [1m0s[0m 49ms/step - loss: 0.0075
[1m4/8[0m [32m━━━━━━━━━━[0m[37m━━━━━━━━━━[0m [1m0s[0m 23ms/step - loss: 0.0072
[1m7/8[0m [32m━━━━━━━━━━━━━━━━━[0m[37m━━━[0m [1m0s[0m 23ms/step - loss: 0.0068
[1m8/8[0m [32m━━━━━━━━━━━━━━━━━━━━[0m[37m[0m [1m0s[0m 26ms/step - loss: 0.0067
Epoch 29/200

[1m1/8[0m [32m━━[0m[37m━━━━━━━━━━━━━━━━━━[0m [1m0s[0m 46ms/step - loss: 0.0073
[1m4/8[0m [32m━━━━━━━━━━[0m[37m━━━━━━━━━━[0m [1m0s[0m 19ms/step - loss: 0.0068
[1m7/8[0m [32m━━━━━━━━━━━━━━━━━[0m[37m━━━[0m [1m0s[0m 19ms/step - loss: 0.0071
[1m8/8[0m [32m━━━━━━━━━━━━━━━━━━━━[0m[37m[0m [1m0s[0m 25ms/step - loss: 0.0070
Epoch 30/200

[1m1/8[0m [32m━━[0m[37m━━━━━━━━━━━━━━━━━━[0m [1m0s[0m 60ms/step - loss: 0.0054
[1m5/8[0m [32m━━━━━━━━━━━━[0m[37m━━━━━━━━[0m [1m0s[0m 18ms/step - loss: 0.0066
[1m8/8[0m [32m━━━━━━━━━━━━━━━━━━━━[0m[37m[0m [1m0s[0m 18ms/step - loss: 0.0071
[1m8/8[0m [32m━━━━━━━━━━━━━━━━━━━━[0m[37m[0m [1m0s[0m 22ms/step - loss: 0.0080
Epoch 31/200

[1m1/8[0m [32m━━[0m[37m━━━━━━━━━━━━━━━━━━[0m [1m0s[0m 58ms/step - loss: 0.0044
[1m4/8[0m [32m━━━━━━━━━━[0m[37m━━━━━━━━━━[0m [1m0s[0m 24ms/step - loss: 0.0060
[1m7/8[0m [32m━━━━━━━━━━━━━━━━━[0m[37m━━━[0m [1m0s[0m 23ms/step - loss: 0.0064
[1m8/8[0m [32m━━━━━━━━━━━━━━━━━━━━[0m[37m[0m [1m0s[0m 27ms/step - loss: 0.0065
Epoch 32/200

[1m1/8[0m [32m━━[0m[37m━━━━━━━━━━━━━━━━━━[0m [1m0s[0m 56ms/step - loss: 0.0051
[1m4/8[0m [32m━━━━━━━━━━[0m[37m━━━━━━━━━━[0m [1m0s[0m 18ms/step - loss: 0.0056
[1m7/8[0m [32m━━━━━━━━━━━━━━━━━[0m[37m━━━[0m [1m0s[0m 18ms/step - loss: 0.0060
[1m8/8[0m [32m━━━━━━━━━━━━━━━━━━━━[0m[37m[0m [1m0s[0m 21ms/step - loss: 0.0077
Epoch 33/200

[1m1/8[0m [32m━━[0m[37m━━━━━━━━━━━━━━━━━━[0m [1m0s[0m 44ms/step - loss: 0.0054
[1m5/8[0m [32m━━━━━━━━━━━━[0m[37m━━━━━━━━[0m [1m0s[0m 16ms/step - loss: 0.0063
[1m8/8[0m [32m━━━━━━━━━━━━━━━━━━━━[0m[37m[0m [1m0s[0m 19ms/step - loss: 0.0076
Epoch 34/200

[1m1/8[0m [32m━━[0m[37m━━━━━━━━━━━━━━━━━━[0m [1m0s[0m 53ms/step - loss: 0.0066
[1m5/8[0m [32m━━━━━━━━━━━━[0m[37m━━━━━━━━[0m [1m0s[0m 16ms/step - loss: 0.0070
[1m8/8[0m [32m━━━━━━━━━━━━━━━━━━━━[0m[37m[0m [1m0s[0m 20ms/step - loss: 0.0074
Epoch 35/200

[1m1/8[0m [32m━━[0m[37m━━━━━━━━━━━━━━━━━━[0m [1m0s[0m 50ms/step - loss: 0.0120
[1m4/8[0m [32m━━━━━━━━━━[0m[37m━━━━━━━━━━[0m [1m0s[0m 17ms/step - loss: 0.0083
[1m8/8[0m [32m━━━━━━━━━━━━━━━━━━━━[0m[37m[0m [1m0s[0m 16ms/step - loss: 0.0073
[1m8/8[0m [32m━━━━━━━━━━━━━━━━━━━━[0m[37m[0m [1m0s[0m 20ms/step - loss: 0.0069
Epoch 36/200

[1m1/8[0m [32m━━[0m[37m━━━━━━━━━━━━━━━━━━[0m [1m0s[0m 49ms/step - loss: 0.0124
[1m5/8[0m [32m━━━━━━━━━━━━[0m[37m━━━━━━━━[0m [1m0s[0m 15ms/step - loss: 0.0090
[1m8/8[0m [32m━━━━━━━━━━━━━━━━━━━━[0m[37m[0m [1m0s[0m 17ms/step - loss: 0.0063
Epoch 37/200

[1m1/8[0m [32m━━[0m[37m━━━━━━━━━━━━━━━━━━[0m [1m0s[0m 44ms/step - loss: 0.0066
[1m5/8[0m [32m━━━━━━━━━━━━[0m[37m━━━━━━━━[0m [1m0s[0m 15ms/step - loss: 0.0065
[1m8/8[0m [32m━━━━━━━━━━━━━━━━━━━━[0m[37m[0m [1m0s[0m 16ms/step - loss: 0.0068
[1m8/8[0m [32m━━━━━━━━━━━━━━━━━━━━[0m[37m[0m [1m0s[0m 21ms/step - loss: 0.0075
Epoch 38/200

[1m1/8[0m [32m━━[0m[37m━━━━━━━━━━━━━━━━━━[0m [1m0s[0m 54ms/step - loss: 0.0058
[1m5/8[0m [32m━━━━━━━━━━━━[0m[37m━━━━━━━━[0m [1m0s[0m 17ms/step - loss: 0.0062
[1m8/8[0m [32m━━━━━━━━━━━━━━━━━━━━[0m[37m[0m [1m0s[0m 19ms/step - loss: 0.0063
[1m8/8[0m [32m━━━━━━━━━━━━━━━━━━━━[0m[37m[0m [1m0s[0m 24ms/step - loss: 0.0066
Epoch 39/200

[1m1/8[0m [32m━━[0m[37m━━━━━━━━━━━━━━━━━━[0m [1m0s[0m 93ms/step - loss: 0.0031
[1m5/8[0m [32m━━━━━━━━━━━━[0m[37m━━━━━━━━[0m [1m0s[0m 16ms/step - loss: 0.0061
[1m8/8[0m [32m━━━━━━━━━━━━━━━━━━━━[0m[37m[0m [1m0s[0m 17ms/step - loss: 0.0064
[1m8/8[0m [32m━━━━━━━━━━━━━━━━━━━━[0m[37m[0m [1m0s[0m 21ms/step - loss: 0.0067
Epoch 40/200

[1m1/8[0m [32m━━[0m[37m━━━━━━━━━━━━━━━━━━[0m [1m0s[0m 46ms/step - loss: 0.0038
[1m5/8[0m [32m━━━━━━━━━━━━[0m[37m━━━━━━━━[0m [1m0s[0m 16ms/step - loss: 0.0049
[1m8/8[0m [32m━━━━━━━━━━━━━━━━━━━━[0m[37m[0m [1m0s[0m 20ms/step - loss: 0.0077
Epoch 41/200

[1m1/8[0m [32m━━[0m[37m━━━━━━━━━━━━━━━━━━[0m [1m0s[0m 52ms/step - loss: 0.0088
[1m4/8[0m [32m━━━━━━━━━━[0m[37m━━━━━━━━━━[0m [1m0s[0m 17ms/step - loss: 0.0079
[1m7/8[0m [32m━━━━━━━━━━━━━━━━━[0m[37m━━━[0m [1m0s[0m 17ms/step - loss: 0.0077
[1m8/8[0m [32m━━━━━━━━━━━━━━━━━━━━[0m[37m[0m [1m0s[0m 21ms/step - loss: 0.0066
Epoch 42/200

[1m1/8[0m [32m━━[0m[37m━━━━━━━━━━━━━━━━━━[0m [1m0s[0m 42ms/step - loss: 0.0039
[1m4/8[0m [32m━━━━━━━━━━[0m[37m━━━━━━━━━━[0m [1m0s[0m 19ms/step - loss: 0.0058
[1m8/8[0m [32m━━━━━━━━━━━━━━━━━━━━[0m[37m[0m [1m0s[0m 18ms/step - loss: 0.0066
[1m8/8[0m [32m━━━━━━━━━━━━━━━━━━━━[0m[37m[0m [1m0s[0m 22ms/step - loss: 0.0067
Epoch 43/200

[1m1/8[0m [32m━━[0m[37m━━━━━━━━━━━━━━━━━━[0m [1m0s[0m 53ms/step - loss: 0.0045
[1m5/8[0m [32m━━━━━━━━━━━━[0m[37m━━━━━━━━[0m [1m0s[0m 16ms/step - loss: 0.0061
[1m8/8[0m [32m━━━━━━━━━━━━━━━━━━━━[0m[37m[0m [1m0s[0m 19ms/step - loss: 0.0064
Epoch 44/200

[1m1/8[0m [32m━━[0m[37m━━━━━━━━━━━━━━━━━━[0m [1m0s[0m 46ms/step - loss: 0.0092
[1m5/8[0m [32m━━━━━━━━━━━━[0m[37m━━━━━━━━[0m [1m0s[0m 14ms/step - loss: 0.0069
[1m8/8[0m [32m━━━━━━━━━━━━━━━━━━━━[0m[37m[0m [1m0s[0m 18ms/step - loss: 0.0058
Epoch 45/200

[1m1/8[0m [32m━━[0m[37m━━━━━━━━━━━━━━━━━━[0m [1m0s[0m 42ms/step - loss: 0.0047
[1m5/8[0m [32m━━━━━━━━━━━━[0m[37m━━━━━━━━[0m [1m0s[0m 15ms/step - loss: 0.0052
[1m8/8[0m [32m━━━━━━━━━━━━━━━━━━━━[0m[37m[0m [1m0s[0m 19ms/step - loss: 0.0053
[1m8/8[0m [32m━━━━━━━━━━━━━━━━━━━━[0m[37m[0m [1m0s[0m 24ms/step - loss: 0.0054
Epoch 46/200

[1m1/8[0m [32m━━[0m[37m━━━━━━━━━━━━━━━━━━[0m [1m0s[0m 42ms/step - loss: 0.0058
[1m5/8[0m [32m━━━━━━━━━━━━[0m[37m━━━━━━━━[0m [1m0s[0m 15ms/step - loss: 0.0057
[1m8/8[0m [32m━━━━━━━━━━━━━━━━━━━━[0m[37m[0m [1m0s[0m 17ms/step - loss: 0.0059
[1m8/8[0m [32m━━━━━━━━━━━━━━━━━━━━[0m[37m[0m [1m0s[0m 21ms/step - loss: 0.0063
Epoch 47/200

[1m1/8[0m [32m━━[0m[37m━━━━━━━━━━━━━━━━━━[0m [1m0s[0m 60ms/step - loss: 0.0090
[1m5/8[0m [32m━━━━━━━━━━━━[0m[37m━━━━━━━━[0m [1m0s[0m 15ms/step - loss: 0.0069
[1m8/8[0m [32m━━━━━━━━━━━━━━━━━━━━[0m[37m[0m [1m0s[0m 18ms/step - loss: 0.0067
[1m8/8[0m [32m━━━━━━━━━━━━━━━━━━━━[0m[37m[0m [1m0s[0m 21ms/step - loss: 0.0062
Epoch 48/200

[1m1/8[0m [32m━━[0m[37m━━━━━━━━━━━━━━━━━━[0m [1m0s[0m 102ms/step - loss: 0.0067
[1m4/8[0m [32m━━━━━━━━━━[0m[37m━━━━━━━━━━[0m [1m0s[0m 20ms/step - loss: 0.0062 
[1m7/8[0m [32m━━━━━━━━━━━━━━━━━[0m[37m━━━[0m [1m0s[0m 20ms/step - loss: 0.0065
[1m8/8[0m [32m━━━━━━━━━━━━━━━━━━━━[0m[37m[0m [1m0s[0m 24ms/step - loss: 0.0073
Epoch 49/200

[1m1/8[0m [32m━━[0m[37m━━━━━━━━━━━━━━━━━━[0m [1m0s[0m 49ms/step - loss: 0.0086
[1m4/8[0m [32m━━━━━━━━━━[0m[37m━━━━━━━━━━[0m [1m0s[0m 19ms/step - loss: 0.0070
[1m8/8[0m [32m━━━━━━━━━━━━━━━━━━━━[0m[37m[0m [1m0s[0m 16ms/step - loss: 0.0064
[1m8/8[0m [32m━━━━━━━━━━━━━━━━━━━━[0m[37m[0m [1m0s[0m 21ms/step - loss: 0.0060
Epoch 50/200

[1m1/8[0m [32m━━[0m[37m━━━━━━━━━━━━━━━━━━[0m [1m0s[0m 47ms/step - loss: 0.0070
[1m4/8[0m [32m━━━━━━━━━━[0m[37m━━━━━━━━━━[0m [1m0s[0m 18ms/step - loss: 0.0056
[1m8/8[0m [32m━━━━━━━━━━━━━━━━━━━━[0m[37m[0m [1m0s[0m 17ms/step - loss: 0.0056
[1m8/8[0m [32m━━━━━━━━━━━━━━━━━━━━[0m[37m[0m [1m0s[0m 21ms/step - loss: 0.0053
Epoch 51/200

[1m1/8[0m [32m━━[0m[37m━━━━━━━━━━━━━━━━━━[0m [1m0s[0m 51ms/step - loss: 0.0069
[1m3/8[0m [32m━━━━━━━[0m[37m━━━━━━━━━━━━━[0m [1m0s[0m 27ms/step - loss: 0.0067
[1m6/8[0m [32m━━━━━━━━━━━━━━━[0m[37m━━━━━[0m [1m0s[0m 22ms/step - loss: 0.0066
[1m8/8[0m [32m━━━━━━━━━━━━━━━━━━━━[0m[37m[0m [1m0s[0m 26ms/step - loss: 0.0059
Epoch 52/200

[1m1/8[0m [32m━━[0m[37m━━━━━━━━━━━━━━━━━━[0m [1m0s[0m 59ms/step - loss: 0.0055
[1m4/8[0m [32m━━━━━━━━━━[0m[37m━━━━━━━━━━[0m [1m0s[0m 18ms/step - loss: 0.0059
[1m8/8[0m [32m━━━━━━━━━━━━━━━━━━━━[0m[37m[0m [1m0s[0m 17ms/step - loss: 0.0062
[1m8/8[0m [32m━━━━━━━━━━━━━━━━━━━━[0m[37m[0m [1m0s[0m 21ms/step - loss: 0.0064
Epoch 53/200

[1m1/8[0m [32m━━[0m[37m━━━━━━━━━━━━━━━━━━[0m [1m0s[0m 51ms/step - loss: 0.0079
[1m4/8[0m [32m━━━━━━━━━━[0m[37m━━━━━━━━━━[0m [1m0s[0m 28ms/step - loss: 0.0078
[1m6/8[0m [32m━━━━━━━━━━━━━━━[0m[37m━━━━━[0m [1m0s[0m 32ms/step - loss: 0.0073
[1m8/8[0m [32m━━━━━━━━━━━━━━━━━━━━[0m[37m[0m [1m0s[0m 34ms/step - loss: 0.0059
Epoch 54/200

[1m1/8[0m [32m━━[0m[37m━━━━━━━━━━━━━━━━━━[0m [1m0s[0m 41ms/step - loss: 0.0048
[1m4/8[0m [32m━━━━━━━━━━[0m[37m━━━━━━━━━━[0m [1m0s[0m 17ms/step - loss: 0.0052
[1m8/8[0m [32m━━━━━━━━━━━━━━━━━━━━[0m[37m[0m [1m0s[0m 16ms/step - loss: 0.0059
[1m8/8[0m [32m━━━━━━━━━━━━━━━━━━━━[0m[37m[0m [1m0s[0m 20ms/step - loss: 0.0065
Epoch 55/200

[1m1/8[0m [32m━━[0m[37m━━━━━━━━━━━━━━━━━━[0m [1m0s[0m 51ms/step - loss: 0.0045
[1m5/8[0m [32m━━━━━━━━━━━━[0m[37m━━━━━━━━[0m [1m0s[0m 21ms/step - loss: 0.0059
[1m7/8[0m [32m━━━━━━━━━━━━━━━━━[0m[37m━━━[0m [1m0s[0m 27ms/step - loss: 0.0060
[1m8/8[0m [32m━━━━━━━━━━━━━━━━━━━━[0m[37m[0m [1m0s[0m 34ms/step - loss: 0.0065
Epoch 56/200

[1m1/8[0m [32m━━[0m[37m━━━━━━━━━━━━━━━━━━[0m [1m0s[0m 54ms/step - loss: 0.0069
[1m5/8[0m [32m━━━━━━━━━━━━[0m[37m━━━━━━━━[0m [1m0s[0m 16ms/step - loss: 0.0061
[1m8/8[0m [32m━━━━━━━━━━━━━━━━━━━━[0m[37m[0m [1m0s[0m 16ms/step - loss: 0.0060
[1m8/8[0m [32m━━━━━━━━━━━━━━━━━━━━[0m[37m[0m [1m0s[0m 21ms/step - loss: 0.0058
Epoch 57/200

[1m1/8[0m [32m━━[0m[37m━━━━━━━━━━━━━━━━━━[0m [1m0s[0m 48ms/step - loss: 0.0054
[1m5/8[0m [32m━━━━━━━━━━━━[0m[37m━━━━━━━━[0m [1m0s[0m 15ms/step - loss: 0.0066
[1m8/8[0m [32m━━━━━━━━━━━━━━━━━━━━[0m[37m[0m [1m0s[0m 18ms/step - loss: 0.0061
Epoch 58/200

[1m1/8[0m [32m━━[0m[37m━━━━━━━━━━━━━━━━━━[0m [1m0s[0m 41ms/step - loss: 0.0059
[1m5/8[0m [32m━━━━━━━━━━━━[0m[37m━━━━━━━━[0m [1m0s[0m 15ms/step - loss: 0.0052
[1m8/8[0m [32m━━━━━━━━━━━━━━━━━━━━[0m[37m[0m [1m0s[0m 16ms/step - loss: 0.0052
[1m8/8[0m [32m━━━━━━━━━━━━━━━━━━━━[0m[37m[0m [1m0s[0m 20ms/step - loss: 0.0054
Epoch 59/200

[1m1/8[0m [32m━━[0m[37m━━━━━━━━━━━━━━━━━━[0m [1m0s[0m 59ms/step - loss: 0.0062
[1m3/8[0m [32m━━━━━━━[0m[37m━━━━━━━━━━━━━[0m [1m0s[0m 31ms/step - loss: 0.0063
[1m5/8[0m [32m━━━━━━━━━━━━[0m[37m━━━━━━━━[0m [1m0s[0m 30ms/step - loss: 0.0061
[1m7/8[0m [32m━━━━━━━━━━━━━━━━━[0m[37m━━━[0m [1m0s[0m 29ms/step - loss: 0.0060
[1m8/8[0m [32m━━━━━━━━━━━━━━━━━━━━[0m[37m[0m [1m0s[0m 30ms/step - loss: 0.0061
Epoch 60/200

[1m1/8[0m [32m━━[0m[37m━━━━━━━━━━━━━━━━━━[0m [1m0s[0m 48ms/step - loss: 0.0045
[1m4/8[0m [32m━━━━━━━━━━[0m[37m━━━━━━━━━━[0m [1m0s[0m 18ms/step - loss: 0.0055
[1m8/8[0m [32m━━━━━━━━━━━━━━━━━━━━[0m[37m[0m [1m0s[0m 17ms/step - loss: 0.0058
[1m8/8[0m [32m━━━━━━━━━━━━━━━━━━━━[0m[37m[0m [1m0s[0m 22ms/step - loss: 0.0060
Epoch 61/200

[1m1/8[0m [32m━━[0m[37m━━━━━━━━━━━━━━━━━━[0m [1m0s[0m 77ms/step - loss: 0.0053
[1m3/8[0m [32m━━━━━━━[0m[37m━━━━━━━━━━━━━[0m [1m0s[0m 30ms/step - loss: 0.0074
[1m6/8[0m [32m━━━━━━━━━━━━━━━[0m[37m━━━━━[0m [1m0s[0m 26ms/step - loss: 0.0070
[1m8/8[0m [32m━━━━━━━━━━━━━━━━━━━━[0m[37m[0m [1m0s[0m 27ms/step - loss: 0.0069
[1m8/8[0m [32m━━━━━━━━━━━━━━━━━━━━[0m[37m[0m [1m0s[0m 32ms/step - loss: 0.0066
Epoch 62/200

[1m1/8[0m [32m━━[0m[37m━━━━━━━━━━━━━━━━━━[0m [1m0s[0m 72ms/step - loss: 0.0040
[1m4/8[0m [32m━━━━━━━━━━[0m[37m━━━━━━━━━━[0m [1m0s[0m 25ms/step - loss: 0.0049
[1m7/8[0m [32m━━━━━━━━━━━━━━━━━[0m[37m━━━[0m [1m0s[0m 24ms/step - loss: 0.0051
[1m8/8[0m [32m━━━━━━━━━━━━━━━━━━━━[0m[37m[0m [1m0s[0m 28ms/step - loss: 0.0053
Epoch 63/200

[1m1/8[0m [32m━━[0m[37m━━━━━━━━━━━━━━━━━━[0m [1m0s[0m 75ms/step - loss: 0.0044
[1m4/8[0m [32m━━━━━━━━━━[0m[37m━━━━━━━━━━[0m [1m0s[0m 18ms/step - loss: 0.0061
[1m6/8[0m [32m━━━━━━━━━━━━━━━[0m[37m━━━━━[0m [1m0s[0m 22ms/step - loss: 0.0061
[1m8/8[0m [32m━━━━━━━━━━━━━━━━━━━━[0m[37m[0m [1m0s[0m 25ms/step - loss: 0.0064
Epoch 64/200

[1m1/8[0m [32m━━[0m[37m━━━━━━━━━━━━━━━━━━[0m [1m0s[0m 49ms/step - loss: 0.0033
[1m5/8[0m [32m━━━━━━━━━━━━[0m[37m━━━━━━━━[0m [1m0s[0m 18ms/step - loss: 0.0065
[1m8/8[0m [32m━━━━━━━━━━━━━━━━━━━━[0m[37m[0m [1m0s[0m 19ms/step - loss: 0.0065
[1m8/8[0m [32m━━━━━━━━━━━━━━━━━━━━[0m[37m[0m [1m0s[0m 24ms/step - loss: 0.0063
Epoch 65/200

[1m1/8[0m [32m━━[0m[37m━━━━━━━━━━━━━━━━━━[0m [1m0s[0m 53ms/step - loss: 0.0029
[1m4/8[0m [32m━━━━━━━━━━[0m[37m━━━━━━━━━━[0m [1m0s[0m 18ms/step - loss: 0.0037
[1m7/8[0m [32m━━━━━━━━━━━━━━━━━[0m[37m━━━[0m [1m0s[0m 18ms/step - loss: 0.0047
[1m8/8[0m [32m━━━━━━━━━━━━━━━━━━━━[0m[37m[0m [1m0s[0m 25ms/step - loss: 0.0059
Epoch 66/200

[1m1/8[0m [32m━━[0m[37m━━━━━━━━━━━━━━━━━━[0m [1m0s[0m 50ms/step - loss: 0.0081
[1m4/8[0m [32m━━━━━━━━━━[0m[37m━━━━━━━━━━[0m [1m0s[0m 18ms/step - loss: 0.0064
[1m7/8[0m [32m━━━━━━━━━━━━━━━━━[0m[37m━━━[0m [1m0s[0m 18ms/step - loss: 0.0062
[1m8/8[0m [32m━━━━━━━━━━━━━━━━━━━━[0m[37m[0m [1m0s[0m 21ms/step - loss: 0.0060
Epoch 67/200

[1m1/8[0m [32m━━[0m[37m━━━━━━━━━━━━━━━━━━[0m [1m0s[0m 48ms/step - loss: 0.0075
[1m4/8[0m [32m━━━━━━━━━━[0m[37m━━━━━━━━━━[0m [1m0s[0m 21ms/step - loss: 0.0068
[1m7/8[0m [32m━━━━━━━━━━━━━━━━━[0m[37m━━━[0m [1m0s[0m 21ms/step - loss: 0.0068
[1m8/8[0m [32m━━━━━━━━━━━━━━━━━━━━[0m[37m[0m [1m0s[0m 25ms/step - loss: 0.0064
Epoch 68/200

[1m1/8[0m [32m━━[0m[37m━━━━━━━━━━━━━━━━━━[0m [1m0s[0m 50ms/step - loss: 0.0064
[1m4/8[0m [32m━━━━━━━━━━[0m[37m━━━━━━━━━━[0m [1m0s[0m 17ms/step - loss: 0.0061
[1m7/8[0m [32m━━━━━━━━━━━━━━━━━[0m[37m━━━[0m [1m0s[0m 18ms/step - loss: 0.0058
[1m8/8[0m [32m━━━━━━━━━━━━━━━━━━━━[0m[37m[0m [1m0s[0m 22ms/step - loss: 0.0056
Epoch 69/200

[1m1/8[0m [32m━━[0m[37m━━━━━━━━━━━━━━━━━━[0m [1m0s[0m 51ms/step - loss: 0.0065
[1m3/8[0m [32m━━━━━━━[0m[37m━━━━━━━━━━━━━[0m [1m0s[0m 33ms/step - loss: 0.0066
[1m6/8[0m [32m━━━━━━━━━━━━━━━[0m[37m━━━━━[0m [1m0s[0m 28ms/step - loss: 0.0067
[1m8/8[0m [32m━━━━━━━━━━━━━━━━━━━━[0m[37m[0m [1m0s[0m 32ms/step - loss: 0.0059
Epoch 70/200

[1m1/8[0m [32m━━[0m[37m━━━━━━━━━━━━━━━━━━[0m [1m0s[0m 46ms/step - loss: 0.0077
[1m5/8[0m [32m━━━━━━━━━━━━[0m[37m━━━━━━━━[0m [1m0s[0m 16ms/step - loss: 0.0060
[1m8/8[0m [32m━━━━━━━━━━━━━━━━━━━━[0m[37m[0m [1m0s[0m 20ms/step - loss: 0.0064
Epoch 71/200

[1m1/8[0m [32m━━[0m[37m━━━━━━━━━━━━━━━━━━[0m [1m0s[0m 47ms/step - loss: 0.0034
[1m4/8[0m [32m━━━━━━━━━━[0m[37m━━━━━━━━━━[0m [1m0s[0m 17ms/step - loss: 0.0051
[1m7/8[0m [32m━━━━━━━━━━━━━━━━━[0m[37m━━━[0m [1m0s[0m 19ms/step - loss: 0.0053
[1m8/8[0m [32m━━━━━━━━━━━━━━━━━━━━[0m[37m[0m [1m0s[0m 23ms/step - loss: 0.0052
Epoch 72/200

[1m1/8[0m [32m━━[0m[37m━━━━━━━━━━━━━━━━━━[0m [1m0s[0m 51ms/step - loss: 0.0041
[1m4/8[0m [32m━━━━━━━━━━[0m[37m━━━━━━━━━━[0m [1m0s[0m 21ms/step - loss: 0.0044
[1m7/8[0m [32m━━━━━━━━━━━━━━━━━[0m[37m━━━[0m [1m0s[0m 20ms/step - loss: 0.0048
[1m8/8[0m [32m━━━━━━━━━━━━━━━━━━━━[0m[37m[0m [1m0s[0m 25ms/step - loss: 0.0055
Epoch 73/200

[1m1/8[0m [32m━━[0m[37m━━━━━━━━━━━━━━━━━━[0m [1m0s[0m 48ms/step - loss: 0.0039
[1m4/8[0m [32m━━━━━━━━━━[0m[37m━━━━━━━━━━[0m [1m0s[0m 17ms/step - loss: 0.0051
[1m7/8[0m [32m━━━━━━━━━━━━━━━━━[0m[37m━━━[0m [1m0s[0m 18ms/step - loss: 0.0055
[1m8/8[0m [32m━━━━━━━━━━━━━━━━━━━━[0m[37m[0m [1m0s[0m 23ms/step - loss: 0.0061
Epoch 74/200

[1m1/8[0m [32m━━[0m[37m━━━━━━━━━━━━━━━━━━[0m [1m0s[0m 53ms/step - loss: 0.0049
[1m4/8[0m [32m━━━━━━━━━━[0m[37m━━━━━━━━━━[0m [1m0s[0m 18ms/step - loss: 0.0061
[1m7/8[0m [32m━━━━━━━━━━━━━━━━━[0m[37m━━━[0m [1m0s[0m 18ms/step - loss: 0.0061
[1m8/8[0m [32m━━━━━━━━━━━━━━━━━━━━[0m[37m[0m [1m0s[0m 22ms/step - loss: 0.0059
Epoch 75/200

[1m1/8[0m [32m━━[0m[37m━━━━━━━━━━━━━━━━━━[0m [1m0s[0m 49ms/step - loss: 0.0053
[1m5/8[0m [32m━━━━━━━━━━━━[0m[37m━━━━━━━━[0m [1m0s[0m 15ms/step - loss: 0.0055
[1m8/8[0m [32m━━━━━━━━━━━━━━━━━━━━[0m[37m[0m [1m0s[0m 19ms/step - loss: 0.0053
Epoch 76/200

[1m1/8[0m [32m━━[0m[37m━━━━━━━━━━━━━━━━━━[0m [1m0s[0m 43ms/step - loss: 0.0037
[1m4/8[0m [32m━━━━━━━━━━[0m[37m━━━━━━━━━━[0m [1m0s[0m 20ms/step - loss: 0.0049
[1m7/8[0m [32m━━━━━━━━━━━━━━━━━[0m[37m━━━[0m [1m0s[0m 21ms/step - loss: 0.0049
[1m8/8[0m [32m━━━━━━━━━━━━━━━━━━━━[0m[37m[0m [1m0s[0m 25ms/step - loss: 0.0054
Epoch 77/200

[1m1/8[0m [32m━━[0m[37m━━━━━━━━━━━━━━━━━━[0m [1m0s[0m 59ms/step - loss: 0.0095
[1m2/8[0m [32m━━━━━[0m[37m━━━━━━━━━━━━━━━[0m [1m0s[0m 68ms/step - loss: 0.0080
[1m5/8[0m [32m━━━━━━━━━━━━[0m[37m━━━━━━━━[0m [1m0s[0m 34ms/step - loss: 0.0070
[1m7/8[0m [32m━━━━━━━━━━━━━━━━━[0m[37m━━━[0m [1m0s[0m 32ms/step - loss: 0.0065
[1m8/8[0m [32m━━━━━━━━━━━━━━━━━━━━[0m[37m[0m [1m0s[0m 36ms/step - loss: 0.0053
Epoch 78/200

[1m1/8[0m [32m━━[0m[37m━━━━━━━━━━━━━━━━━━[0m [1m0s[0m 70ms/step - loss: 0.0080
[1m4/8[0m [32m━━━━━━━━━━[0m[37m━━━━━━━━━━[0m [1m0s[0m 27ms/step - loss: 0.0072
[1m7/8[0m [32m━━━━━━━━━━━━━━━━━[0m[37m━━━[0m [1m0s[0m 24ms/step - loss: 0.0067
[1m8/8[0m [32m━━━━━━━━━━━━━━━━━━━━[0m[37m[0m [1m0s[0m 26ms/step - loss: 0.0057
Epoch 79/200

[1m1/8[0m [32m━━[0m[37m━━━━━━━━━━━━━━━━━━[0m [1m0s[0m 123ms/step - loss: 0.0076
[1m4/8[0m [32m━━━━━━━━━━[0m[37m━━━━━━━━━━[0m [1m0s[0m 18ms/step - loss: 0.0058 
[1m7/8[0m [32m━━━━━━━━━━━━━━━━━[0m[37m━━━[0m [1m0s[0m 17ms/step - loss: 0.0053
[1m8/8[0m [32m━━━━━━━━━━━━━━━━━━━━[0m[37m[0m [1m0s[0m 21ms/step - loss: 0.0056
Epoch 80/200

[1m1/8[0m [32m━━[0m[37m━━━━━━━━━━━━━━━━━━[0m [1m0s[0m 48ms/step - loss: 0.0038
[1m4/8[0m [32m━━━━━━━━━━[0m[37m━━━━━━━━━━[0m [1m0s[0m 19ms/step - loss: 0.0037
[1m7/8[0m [32m━━━━━━━━━━━━━━━━━[0m[37m━━━[0m [1m0s[0m 19ms/step - loss: 0.0042
[1m8/8[0m [32m━━━━━━━━━━━━━━━━━━━━[0m[37m[0m [1m0s[0m 22ms/step - loss: 0.0050
Epoch 81/200

[1m1/8[0m [32m━━[0m[37m━━━━━━━━━━━━━━━━━━[0m [1m0s[0m 52ms/step - loss: 0.0069
[1m5/8[0m [32m━━━━━━━━━━━━[0m[37m━━━━━━━━[0m [1m0s[0m 16ms/step - loss: 0.0063
[1m8/8[0m [32m━━━━━━━━━━━━━━━━━━━━[0m[37m[0m [1m0s[0m 19ms/step - loss: 0.0059
Epoch 82/200

[1m1/8[0m [32m━━[0m[37m━━━━━━━━━━━━━━━━━━[0m [1m0s[0m 54ms/step - loss: 0.0050
[1m5/8[0m [32m━━━━━━━━━━━━[0m[37m━━━━━━━━[0m [1m0s[0m 17ms/step - loss: 0.0047
[1m8/8[0m [32m━━━━━━━━━━━━━━━━━━━━[0m[37m[0m [1m0s[0m 17ms/step - loss: 0.0048
[1m8/8[0m [32m━━━━━━━━━━━━━━━━━━━━[0m[37m[0m [1m0s[0m 21ms/step - loss: 0.0048
Epoch 83/200

[1m1/8[0m [32m━━[0m[37m━━━━━━━━━━━━━━━━━━[0m [1m0s[0m 55ms/step - loss: 0.0053
[1m4/8[0m [32m━━━━━━━━━━[0m[37m━━━━━━━━━━[0m [1m0s[0m 22ms/step - loss: 0.0059
[1m6/8[0m [32m━━━━━━━━━━━━━━━[0m[37m━━━━━[0m [1m0s[0m 25ms/step - loss: 0.0060
[1m7/8[0m [32m━━━━━━━━━━━━━━━━━[0m[37m━━━[0m [1m0s[0m 31ms/step - loss: 0.0060
[1m8/8[0m [32m━━━━━━━━━━━━━━━━━━━━[0m[37m[0m [1m0s[0m 33ms/step - loss: 0.0058
Epoch 84/200

[1m1/8[0m [32m━━[0m[37m━━━━━━━━━━━━━━━━━━[0m [1m0s[0m 79ms/step - loss: 0.0040
[1m3/8[0m [32m━━━━━━━[0m[37m━━━━━━━━━━━━━[0m [1m0s[0m 37ms/step - loss: 0.0044
[1m5/8[0m [32m━━━━━━━━━━━━[0m[37m━━━━━━━━[0m [1m0s[0m 35ms/step - loss: 0.0045
[1m8/8[0m [32m━━━━━━━━━━━━━━━━━━━━[0m[37m[0m [1m0s[0m 28ms/step - loss: 0.0047
[1m8/8[0m [32m━━━━━━━━━━━━━━━━━━━━[0m[37m[0m [1m0s[0m 32ms/step - loss: 0.0055
Epoch 85/200

[1m1/8[0m [32m━━[0m[37m━━━━━━━━━━━━━━━━━━[0m [1m0s[0m 48ms/step - loss: 0.0068
[1m4/8[0m [32m━━━━━━━━━━[0m[37m━━━━━━━━━━[0m [1m0s[0m 20ms/step - loss: 0.0057
[1m7/8[0m [32m━━━━━━━━━━━━━━━━━[0m[37m━━━[0m [1m0s[0m 21ms/step - loss: 0.0053
[1m8/8[0m [32m━━━━━━━━━━━━━━━━━━━━[0m[37m[0m [1m0s[0m 24ms/step - loss: 0.0049
Epoch 86/200

[1m1/8[0m [32m━━[0m[37m━━━━━━━━━━━━━━━━━━[0m [1m0s[0m 61ms/step - loss: 0.0094
[1m4/8[0m [32m━━━━━━━━━━[0m[37m━━━━━━━━━━[0m [1m0s[0m 21ms/step - loss: 0.0076
[1m7/8[0m [32m━━━━━━━━━━━━━━━━━[0m[37m━━━[0m [1m0s[0m 20ms/step - loss: 0.0069
[1m8/8[0m [32m━━━━━━━━━━━━━━━━━━━━[0m[37m[0m [1m0s[0m 24ms/step - loss: 0.0058
Epoch 87/200

[1m1/8[0m [32m━━[0m[37m━━━━━━━━━━━━━━━━━━[0m [1m0s[0m 58ms/step - loss: 0.0038
[1m4/8[0m [32m━━━━━━━━━━[0m[37m━━━━━━━━━━[0m [1m0s[0m 17ms/step - loss: 0.0037
[1m8/8[0m [32m━━━━━━━━━━━━━━━━━━━━[0m[37m[0m [1m0s[0m 17ms/step - loss: 0.0045
[1m8/8[0m [32m━━━━━━━━━━━━━━━━━━━━[0m[37m[0m [1m0s[0m 22ms/step - loss: 0.0055
Epoch 88/200

[1m1/8[0m [32m━━[0m[37m━━━━━━━━━━━━━━━━━━[0m [1m0s[0m 57ms/step - loss: 0.0073
[1m4/8[0m [32m━━━━━━━━━━[0m[37m━━━━━━━━━━[0m [1m0s[0m 17ms/step - loss: 0.0065
[1m8/8[0m [32m━━━━━━━━━━━━━━━━━━━━[0m[37m[0m [1m0s[0m 16ms/step - loss: 0.0057
[1m8/8[0m [32m━━━━━━━━━━━━━━━━━━━━[0m[37m[0m [1m0s[0m 21ms/step - loss: 0.0051
Epoch 89/200

[1m1/8[0m [32m━━[0m[37m━━━━━━━━━━━━━━━━━━[0m [1m0s[0m 49ms/step - loss: 0.0040
[1m4/8[0m [32m━━━━━━━━━━[0m[37m━━━━━━━━━━[0m [1m0s[0m 20ms/step - loss: 0.0041
[1m7/8[0m [32m━━━━━━━━━━━━━━━━━[0m[37m━━━[0m [1m0s[0m 19ms/step - loss: 0.0044
[1m8/8[0m [32m━━━━━━━━━━━━━━━━━━━━[0m[37m[0m [1m0s[0m 23ms/step - loss: 0.0048
Epoch 90/200

[1m1/8[0m [32m━━[0m[37m━━━━━━━━━━━━━━━━━━[0m [1m0s[0m 54ms/step - loss: 0.0073
[1m4/8[0m [32m━━━━━━━━━━[0m[37m━━━━━━━━━━[0m [1m0s[0m 20ms/step - loss: 0.0068
[1m7/8[0m [32m━━━━━━━━━━━━━━━━━[0m[37m━━━[0m [1m0s[0m 18ms/step - loss: 0.0064
[1m8/8[0m [32m━━━━━━━━━━━━━━━━━━━━[0m[37m[0m [1m0s[0m 23ms/step - loss: 0.0056
Epoch 91/200

[1m1/8[0m [32m━━[0m[37m━━━━━━━━━━━━━━━━━━[0m [1m0s[0m 55ms/step - loss: 0.0064
[1m4/8[0m [32m━━━━━━━━━━[0m[37m━━━━━━━━━━[0m [1m0s[0m 22ms/step - loss: 0.0054
[1m7/8[0m [32m━━━━━━━━━━━━━━━━━[0m[37m━━━[0m [1m0s[0m 20ms/step - loss: 0.0053
[1m8/8[0m [32m━━━━━━━━━━━━━━━━━━━━[0m[37m[0m [1m0s[0m 23ms/step - loss: 0.0055
Epoch 92/200

[1m1/8[0m [32m━━[0m[37m━━━━━━━━━━━━━━━━━━[0m [1m0s[0m 52ms/step - loss: 0.0068
[1m4/8[0m [32m━━━━━━━━━━[0m[37m━━━━━━━━━━[0m [1m0s[0m 18ms/step - loss: 0.0062
[1m7/8[0m [32m━━━━━━━━━━━━━━━━━[0m[37m━━━[0m [1m0s[0m 18ms/step - loss: 0.0058
[1m8/8[0m [32m━━━━━━━━━━━━━━━━━━━━[0m[37m[0m [1m0s[0m 28ms/step - loss: 0.0052
Epoch 93/200

[1m1/8[0m [32m━━[0m[37m━━━━━━━━━━━━━━━━━━[0m [1m0s[0m 99ms/step - loss: 0.0035
[1m4/8[0m [32m━━━━━━━━━━[0m[37m━━━━━━━━━━[0m [1m0s[0m 21ms/step - loss: 0.0041
[1m8/8[0m [32m━━━━━━━━━━━━━━━━━━━━[0m[37m[0m [1m0s[0m 17ms/step - loss: 0.0047
[1m8/8[0m [32m━━━━━━━━━━━━━━━━━━━━[0m[37m[0m [1m0s[0m 21ms/step - loss: 0.0053
Epoch 94/200

[1m1/8[0m [32m━━[0m[37m━━━━━━━━━━━━━━━━━━[0m [1m0s[0m 48ms/step - loss: 0.0083
[1m4/8[0m [32m━━━━━━━━━━[0m[37m━━━━━━━━━━[0m [1m0s[0m 18ms/step - loss: 0.0062
[1m7/8[0m [32m━━━━━━━━━━━━━━━━━[0m[37m━━━[0m [1m0s[0m 19ms/step - loss: 0.0060
[1m8/8[0m [32m━━━━━━━━━━━━━━━━━━━━[0m[37m[0m [1m0s[0m 23ms/step - loss: 0.0053
Epoch 95/200

[1m1/8[0m [32m━━[0m[37m━━━━━━━━━━━━━━━━━━[0m [1m0s[0m 50ms/step - loss: 0.0042
[1m4/8[0m [32m━━━━━━━━━━[0m[37m━━━━━━━━━━[0m [1m0s[0m 18ms/step - loss: 0.0045
[1m7/8[0m [32m━━━━━━━━━━━━━━━━━[0m[37m━━━[0m [1m0s[0m 19ms/step - loss: 0.0047
[1m8/8[0m [32m━━━━━━━━━━━━━━━━━━━━[0m[37m[0m [1m0s[0m 22ms/step - loss: 0.0048
Epoch 96/200

[1m1/8[0m [32m━━[0m[37m━━━━━━━━━━━━━━━━━━[0m [1m0s[0m 44ms/step - loss: 0.0063
[1m5/8[0m [32m━━━━━━━━━━━━[0m[37m━━━━━━━━[0m [1m0s[0m 14ms/step - loss: 0.0052
[1m8/8[0m [32m━━━━━━━━━━━━━━━━━━━━[0m[37m[0m [1m0s[0m 17ms/step - loss: 0.0053
Epoch 97/200

[1m1/8[0m [32m━━[0m[37m━━━━━━━━━━━━━━━━━━[0m [1m0s[0m 45ms/step - loss: 0.0048
[1m5/8[0m [32m━━━━━━━━━━━━[0m[37m━━━━━━━━[0m [1m0s[0m 15ms/step - loss: 0.0039
[1m8/8[0m [32m━━━━━━━━━━━━━━━━━━━━[0m[37m[0m [1m0s[0m 19ms/step - loss: 0.0047
Epoch 98/200

[1m1/8[0m [32m━━[0m[37m━━━━━━━━━━━━━━━━━━[0m [1m0s[0m 50ms/step - loss: 0.0050
[1m4/8[0m [32m━━━━━━━━━━[0m[37m━━━━━━━━━━[0m [1m0s[0m 19ms/step - loss: 0.0047
[1m8/8[0m [32m━━━━━━━━━━━━━━━━━━━━[0m[37m[0m [1m0s[0m 17ms/step - loss: 0.0051
[1m8/8[0m [32m━━━━━━━━━━━━━━━━━━━━[0m[37m[0m [1m0s[0m 21ms/step - loss: 0.0056
Epoch 99/200

[1m1/8[0m [32m━━[0m[37m━━━━━━━━━━━━━━━━━━[0m [1m0s[0m 53ms/step - loss: 0.0026
[1m4/8[0m [32m━━━━━━━━━━[0m[37m━━━━━━━━━━[0m [1m0s[0m 23ms/step - loss: 0.0036
[1m6/8[0m [32m━━━━━━━━━━━━━━━[0m[37m━━━━━[0m [1m0s[0m 27ms/step - loss: 0.0039
[1m8/8[0m [32m━━━━━━━━━━━━━━━━━━━━[0m[37m[0m [1m0s[0m 29ms/step - loss: 0.0041
[1m8/8[0m [32m━━━━━━━━━━━━━━━━━━━━[0m[37m[0m [1m0s[0m 34ms/step - loss: 0.0048
Epoch 100/200

[1m1/8[0m [32m━━[0m[37m━━━━━━━━━━━━━━━━━━[0m [1m0s[0m 58ms/step - loss: 0.0060
[1m4/8[0m [32m━━━━━━━━━━[0m[37m━━━━━━━━━━[0m [1m0s[0m 18ms/step - loss: 0.0058
[1m8/8[0m [32m━━━━━━━━━━━━━━━━━━━━[0m[37m[0m [1m0s[0m 17ms/step - loss: 0.0053
[1m8/8[0m [32m━━━━━━━━━━━━━━━━━━━━[0m[37m[0m [1m0s[0m 21ms/step - loss: 0.0045
Epoch 101/200

[1m1/8[0m [32m━━[0m[37m━━━━━━━━━━━━━━━━━━[0m [1m0s[0m 59ms/step - loss: 0.0074
[1m4/8[0m [32m━━━━━━━━━━[0m[37m━━━━━━━━━━[0m [1m0s[0m 20ms/step - loss: 0.0065
[1m8/8[0m [32m━━━━━━━━━━━━━━━━━━━━[0m[37m[0m [1m0s[0m 18ms/step - loss: 0.0057
[1m8/8[0m [32m━━━━━━━━━━━━━━━━━━━━[0m[37m[0m [1m0s[0m 23ms/step - loss: 0.0051
Epoch 102/200

[1m1/8[0m [32m━━[0m[37m━━━━━━━━━━━━━━━━━━[0m [1m0s[0m 52ms/step - loss: 0.0044
[1m4/8[0m [32m━━━━━━━━━━[0m[37m━━━━━━━━━━[0m [1m0s[0m 19ms/step - loss: 0.0049
[1m7/8[0m [32m━━━━━━━━━━━━━━━━━[0m[37m━━━[0m [1m0s[0m 18ms/step - loss: 0.0050
[1m8/8[0m [32m━━━━━━━━━━━━━━━━━━━━[0m[37m[0m [1m0s[0m 22ms/step - loss: 0.0052
Epoch 103/200

[1m1/8[0m [32m━━[0m[37m━━━━━━━━━━━━━━━━━━[0m [1m0s[0m 44ms/step - loss: 0.0055
[1m4/8[0m [32m━━━━━━━━━━[0m[37m━━━━━━━━━━[0m [1m0s[0m 22ms/step - loss: 0.0047
[1m7/8[0m [32m━━━━━━━━━━━━━━━━━[0m[37m━━━[0m [1m0s[0m 23ms/step - loss: 0.0051
[1m8/8[0m [32m━━━━━━━━━━━━━━━━━━━━[0m[37m[0m [1m0s[0m 26ms/step - loss: 0.0057
Epoch 104/200

[1m1/8[0m [32m━━[0m[37m━━━━━━━━━━━━━━━━━━[0m [1m0s[0m 49ms/step - loss: 0.0066
[1m4/8[0m [32m━━━━━━━━━━[0m[37m━━━━━━━━━━[0m [1m0s[0m 18ms/step - loss: 0.0053
[1m7/8[0m [32m━━━━━━━━━━━━━━━━━[0m[37m━━━[0m [1m0s[0m 18ms/step - loss: 0.0054
[1m8/8[0m [32m━━━━━━━━━━━━━━━━━━━━[0m[37m[0m [1m0s[0m 22ms/step - loss: 0.0054
Epoch 105/200

[1m1/8[0m [32m━━[0m[37m━━━━━━━━━━━━━━━━━━[0m [1m0s[0m 49ms/step - loss: 0.0077
[1m5/8[0m [32m━━━━━━━━━━━━[0m[37m━━━━━━━━[0m [1m0s[0m 16ms/step - loss: 0.0065
[1m8/8[0m [32m━━━━━━━━━━━━━━━━━━━━[0m[37m[0m [1m0s[0m 20ms/step - loss: 0.0054
Epoch 106/200

[1m1/8[0m [32m━━[0m[37m━━━━━━━━━━━━━━━━━━[0m [1m0s[0m 54ms/step - loss: 0.0067
[1m4/8[0m [32m━━━━━━━━━━[0m[37m━━━━━━━━━━[0m [1m0s[0m 21ms/step - loss: 0.0061
[1m6/8[0m [32m━━━━━━━━━━━━━━━[0m[37m━━━━━[0m [1m0s[0m 24ms/step - loss: 0.0060
[1m8/8[0m [32m━━━━━━━━━━━━━━━━━━━━[0m[37m[0m [1m0s[0m 26ms/step - loss: 0.0055
Epoch 107/200

[1m1/8[0m [32m━━[0m[37m━━━━━━━━━━━━━━━━━━[0m [1m0s[0m 46ms/step - loss: 0.0037
[1m4/8[0m [32m━━━━━━━━━━[0m[37m━━━━━━━━━━[0m [1m0s[0m 17ms/step - loss: 0.0035
[1m7/8[0m [32m━━━━━━━━━━━━━━━━━[0m[37m━━━[0m [1m0s[0m 20ms/step - loss: 0.0041
[1m8/8[0m [32m━━━━━━━━━━━━━━━━━━━━[0m[37m[0m [1m0s[0m 23ms/step - loss: 0.0052
Epoch 108/200

[1m1/8[0m [32m━━[0m[37m━━━━━━━━━━━━━━━━━━[0m [1m0s[0m 64ms/step - loss: 0.0076
[1m2/8[0m [32m━━━━━[0m[37m━━━━━━━━━━━━━━━[0m [1m0s[0m 58ms/step - loss: 0.0070
[1m5/8[0m [32m━━━━━━━━━━━━[0m[37m━━━━━━━━[0m [1m0s[0m 29ms/step - loss: 0.0066
[1m8/8[0m [32m━━━━━━━━━━━━━━━━━━━━[0m[37m[0m [1m0s[0m 26ms/step - loss: 0.0063
[1m8/8[0m [32m━━━━━━━━━━━━━━━━━━━━[0m[37m[0m [1m0s[0m 30ms/step - loss: 0.0058
Epoch 109/200

[1m1/8[0m [32m━━[0m[37m━━━━━━━━━━━━━━━━━━[0m [1m0s[0m 56ms/step - loss: 0.0030
[1m4/8[0m [32m━━━━━━━━━━[0m[37m━━━━━━━━━━[0m [1m0s[0m 20ms/step - loss: 0.0048
[1m7/8[0m [32m━━━━━━━━━━━━━━━━━[0m[37m━━━[0m [1m0s[0m 22ms/step - loss: 0.0053
[1m8/8[0m [32m━━━━━━━━━━━━━━━━━━━━[0m[37m[0m [1m0s[0m 25ms/step - loss: 0.0055
Epoch 110/200

[1m1/8[0m [32m━━[0m[37m━━━━━━━━━━━━━━━━━━[0m [1m0s[0m 41ms/step - loss: 0.0027
[1m4/8[0m [32m━━━━━━━━━━[0m[37m━━━━━━━━━━[0m [1m0s[0m 18ms/step - loss: 0.0036
[1m7/8[0m [32m━━━━━━━━━━━━━━━━━[0m[37m━━━[0m [1m0s[0m 18ms/step - loss: 0.0040
[1m8/8[0m [32m━━━━━━━━━━━━━━━━━━━━[0m[37m[0m [1m0s[0m 27ms/step - loss: 0.0049
Epoch 111/200

[1m1/8[0m [32m━━[0m[37m━━━━━━━━━━━━━━━━━━[0m [1m0s[0m 55ms/step - loss: 0.0060
[1m4/8[0m [32m━━━━━━━━━━[0m[37m━━━━━━━━━━[0m [1m0s[0m 22ms/step - loss: 0.0057
[1m7/8[0m [32m━━━━━━━━━━━━━━━━━[0m[37m━━━[0m [1m0s[0m 22ms/step - loss: 0.0055
[1m8/8[0m [32m━━━━━━━━━━━━━━━━━━━━[0m[37m[0m [1m0s[0m 25ms/step - loss: 0.0052
Epoch 112/200

[1m1/8[0m [32m━━[0m[37m━━━━━━━━━━━━━━━━━━[0m [1m0s[0m 55ms/step - loss: 0.0039
[1m4/8[0m [32m━━━━━━━━━━[0m[37m━━━━━━━━━━[0m [1m0s[0m 23ms/step - loss: 0.0043
[1m7/8[0m [32m━━━━━━━━━━━━━━━━━[0m[37m━━━[0m [1m0s[0m 22ms/step - loss: 0.0045
[1m8/8[0m [32m━━━━━━━━━━━━━━━━━━━━[0m[37m[0m [1m0s[0m 26ms/step - loss: 0.0046
Epoch 113/200

[1m1/8[0m [32m━━[0m[37m━━━━━━━━━━━━━━━━━━[0m [1m0s[0m 54ms/step - loss: 0.0035
[1m4/8[0m [32m━━━━━━━━━━[0m[37m━━━━━━━━━━[0m [1m0s[0m 20ms/step - loss: 0.0048
[1m7/8[0m [32m━━━━━━━━━━━━━━━━━[0m[37m━━━[0m [1m0s[0m 19ms/step - loss: 0.0052
[1m8/8[0m [32m━━━━━━━━━━━━━━━━━━━━[0m[37m[0m [1m0s[0m 26ms/step - loss: 0.0053
Epoch 114/200

[1m1/8[0m [32m━━[0m[37m━━━━━━━━━━━━━━━━━━[0m [1m0s[0m 56ms/step - loss: 0.0069
[1m4/8[0m [32m━━━━━━━━━━[0m[37m━━━━━━━━━━[0m [1m0s[0m 19ms/step - loss: 0.0057
[1m7/8[0m [32m━━━━━━━━━━━━━━━━━[0m[37m━━━[0m [1m0s[0m 19ms/step - loss: 0.0053
[1m8/8[0m [32m━━━━━━━━━━━━━━━━━━━━[0m[37m[0m [1m0s[0m 23ms/step - loss: 0.0049
Epoch 115/200

[1m1/8[0m [32m━━[0m[37m━━━━━━━━━━━━━━━━━━[0m [1m0s[0m 70ms/step - loss: 0.0054
[1m4/8[0m [32m━━━━━━━━━━[0m[37m━━━━━━━━━━[0m [1m0s[0m 19ms/step - loss: 0.0050
[1m7/8[0m [32m━━━━━━━━━━━━━━━━━[0m[37m━━━[0m [1m0s[0m 18ms/step - loss: 0.0052
[1m8/8[0m [32m━━━━━━━━━━━━━━━━━━━━[0m[37m[0m [1m0s[0m 23ms/step - loss: 0.0053
Epoch 116/200

[1m1/8[0m [32m━━[0m[37m━━━━━━━━━━━━━━━━━━[0m [1m0s[0m 63ms/step - loss: 0.0059
[1m4/8[0m [32m━━━━━━━━━━[0m[37m━━━━━━━━━━[0m [1m0s[0m 25ms/step - loss: 0.0058
[1m6/8[0m [32m━━━━━━━━━━━━━━━[0m[37m━━━━━[0m [1m0s[0m 27ms/step - loss: 0.0058
[1m8/8[0m [32m━━━━━━━━━━━━━━━━━━━━[0m[37m[0m [1m0s[0m 29ms/step - loss: 0.0056
[1m8/8[0m [32m━━━━━━━━━━━━━━━━━━━━[0m[37m[0m [1m0s[0m 36ms/step - loss: 0.0051
Epoch 117/200

[1m1/8[0m [32m━━[0m[37m━━━━━━━━━━━━━━━━━━[0m [1m0s[0m 62ms/step - loss: 0.0036
[1m4/8[0m [32m━━━━━━━━━━[0m[37m━━━━━━━━━━[0m [1m0s[0m 18ms/step - loss: 0.0051
[1m7/8[0m [32m━━━━━━━━━━━━━━━━━[0m[37m━━━[0m [1m0s[0m 20ms/step - loss: 0.0050
[1m8/8[0m [32m━━━━━━━━━━━━━━━━━━━━[0m[37m[0m [1m0s[0m 26ms/step - loss: 0.0050
Epoch 118/200

[1m1/8[0m [32m━━[0m[37m━━━━━━━━━━━━━━━━━━[0m [1m0s[0m 48ms/step - loss: 0.0124
[1m5/8[0m [32m━━━━━━━━━━━━[0m[37m━━━━━━━━[0m [1m0s[0m 16ms/step - loss: 0.0083
[1m8/8[0m [32m━━━━━━━━━━━━━━━━━━━━[0m[37m[0m [1m0s[0m 19ms/step - loss: 0.0056
Epoch 119/200

[1m1/8[0m [32m━━[0m[37m━━━━━━━━━━━━━━━━━━[0m [1m0s[0m 55ms/step - loss: 0.0044
[1m4/8[0m [32m━━━━━━━━━━[0m[37m━━━━━━━━━━[0m [1m0s[0m 18ms/step - loss: 0.0062
[1m7/8[0m [32m━━━━━━━━━━━━━━━━━[0m[37m━━━[0m [1m0s[0m 18ms/step - loss: 0.0057
[1m8/8[0m [32m━━━━━━━━━━━━━━━━━━━━[0m[37m[0m [1m0s[0m 21ms/step - loss: 0.0049
Epoch 120/200

[1m1/8[0m [32m━━[0m[37m━━━━━━━━━━━━━━━━━━[0m [1m0s[0m 45ms/step - loss: 0.0050
[1m4/8[0m [32m━━━━━━━━━━[0m[37m━━━━━━━━━━[0m [1m0s[0m 18ms/step - loss: 0.0046
[1m7/8[0m [32m━━━━━━━━━━━━━━━━━[0m[37m━━━[0m [1m0s[0m 19ms/step - loss: 0.0049
[1m8/8[0m [32m━━━━━━━━━━━━━━━━━━━━[0m[37m[0m [1m0s[0m 22ms/step - loss: 0.0051
Epoch 121/200

[1m1/8[0m [32m━━[0m[37m━━━━━━━━━━━━━━━━━━[0m [1m0s[0m 44ms/step - loss: 0.0051
[1m4/8[0m [32m━━━━━━━━━━[0m[37m━━━━━━━━━━[0m [1m0s[0m 19ms/step - loss: 0.0046
[1m7/8[0m [32m━━━━━━━━━━━━━━━━━[0m[37m━━━[0m [1m0s[0m 18ms/step - loss: 0.0047
[1m8/8[0m [32m━━━━━━━━━━━━━━━━━━━━[0m[37m[0m [1m0s[0m 21ms/step - loss: 0.0049
Epoch 122/200

[1m1/8[0m [32m━━[0m[37m━━━━━━━━━━━━━━━━━━[0m [1m0s[0m 46ms/step - loss: 0.0032
[1m4/8[0m [32m━━━━━━━━━━[0m[37m━━━━━━━━━━[0m [1m0s[0m 19ms/step - loss: 0.0049
[1m7/8[0m [32m━━━━━━━━━━━━━━━━━[0m[37m━━━[0m [1m0s[0m 19ms/step - loss: 0.0050
[1m8/8[0m [32m━━━━━━━━━━━━━━━━━━━━[0m[37m[0m [1m0s[0m 22ms/step - loss: 0.0049
Epoch 123/200

[1m1/8[0m [32m━━[0m[37m━━━━━━━━━━━━━━━━━━[0m [1m0s[0m 50ms/step - loss: 0.0044
[1m4/8[0m [32m━━━━━━━━━━[0m[37m━━━━━━━━━━[0m [1m0s[0m 17ms/step - loss: 0.0039
[1m7/8[0m [32m━━━━━━━━━━━━━━━━━[0m[37m━━━[0m [1m0s[0m 17ms/step - loss: 0.0040
[1m8/8[0m [32m━━━━━━━━━━━━━━━━━━━━[0m[37m[0m [1m0s[0m 22ms/step - loss: 0.0047
Epoch 124/200

[1m1/8[0m [32m━━[0m[37m━━━━━━━━━━━━━━━━━━[0m [1m0s[0m 93ms/step - loss: 0.0030
[1m5/8[0m [32m━━━━━━━━━━━━[0m[37m━━━━━━━━[0m [1m0s[0m 15ms/step - loss: 0.0036
[1m8/8[0m [32m━━━━━━━━━━━━━━━━━━━━[0m[37m[0m [1m0s[0m 18ms/step - loss: 0.0045
Epoch 125/200

[1m1/8[0m [32m━━[0m[37m━━━━━━━━━━━━━━━━━━[0m [1m0s[0m 62ms/step - loss: 0.0040
[1m5/8[0m [32m━━━━━━━━━━━━[0m[37m━━━━━━━━[0m [1m0s[0m 17ms/step - loss: 0.0049
[1m8/8[0m [32m━━━━━━━━━━━━━━━━━━━━[0m[37m[0m [1m0s[0m 17ms/step - loss: 0.0051
[1m8/8[0m [32m━━━━━━━━━━━━━━━━━━━━[0m[37m[0m [1m0s[0m 22ms/step - loss: 0.0052
Epoch 126/200

[1m1/8[0m [32m━━[0m[37m━━━━━━━━━━━━━━━━━━[0m [1m0s[0m 55ms/step - loss: 0.0045
[1m4/8[0m [32m━━━━━━━━━━[0m[37m━━━━━━━━━━[0m [1m0s[0m 18ms/step - loss: 0.0050
[1m7/8[0m [32m━━━━━━━━━━━━━━━━━[0m[37m━━━[0m [1m0s[0m 19ms/step - loss: 0.0049
[1m8/8[0m [32m━━━━━━━━━━━━━━━━━━━━[0m[37m[0m [1m0s[0m 33ms/step - loss: 0.0043
Epoch 127/200

[1m1/8[0m [32m━━[0m[37m━━━━━━━━━━━━━━━━━━[0m [1m0s[0m 54ms/step - loss: 0.0031
[1m3/8[0m [32m━━━━━━━[0m[37m━━━━━━━━━━━━━[0m [1m0s[0m 32ms/step - loss: 0.0034
[1m6/8[0m [32m━━━━━━━━━━━━━━━[0m[37m━━━━━[0m [1m0s[0m 31ms/step - loss: 0.0040
[1m8/8[0m [32m━━━━━━━━━━━━━━━━━━━━[0m[37m[0m [1m0s[0m 32ms/step - loss: 0.0042
[1m8/8[0m [32m━━━━━━━━━━━━━━━━━━━━[0m[37m[0m [1m0s[0m 35ms/step - loss: 0.0049
Epoch 128/200

[1m1/8[0m [32m━━[0m[37m━━━━━━━━━━━━━━━━━━[0m [1m0s[0m 51ms/step - loss: 0.0065
[1m3/8[0m [32m━━━━━━━[0m[37m━━━━━━━━━━━━━[0m [1m0s[0m 30ms/step - loss: 0.0077
[1m6/8[0m [32m━━━━━━━━━━━━━━━[0m[37m━━━━━[0m [1m0s[0m 24ms/step - loss: 0.0068
[1m8/8[0m [32m━━━━━━━━━━━━━━━━━━━━[0m[37m[0m [1m0s[0m 27ms/step - loss: 0.0056
Epoch 129/200

[1m1/8[0m [32m━━[0m[37m━━━━━━━━━━━━━━━━━━[0m [1m0s[0m 56ms/step - loss: 0.0061
[1m4/8[0m [32m━━━━━━━━━━[0m[37m━━━━━━━━━━[0m [1m0s[0m 23ms/step - loss: 0.0058
[1m7/8[0m [32m━━━━━━━━━━━━━━━━━[0m[37m━━━[0m [1m0s[0m 21ms/step - loss: 0.0054
[1m8/8[0m [32m━━━━━━━━━━━━━━━━━━━━[0m[37m[0m [1m0s[0m 26ms/step - loss: 0.0055
Epoch 130/200

[1m1/8[0m [32m━━[0m[37m━━━━━━━━━━━━━━━━━━[0m [1m0s[0m 60ms/step - loss: 0.0040
[1m3/8[0m [32m━━━━━━━[0m[37m━━━━━━━━━━━━━[0m [1m0s[0m 26ms/step - loss: 0.0045
[1m6/8[0m [32m━━━━━━━━━━━━━━━[0m[37m━━━━━[0m [1m0s[0m 21ms/step - loss: 0.0045
[1m8/8[0m [32m━━━━━━━━━━━━━━━━━━━━[0m[37m[0m [1m0s[0m 26ms/step - loss: 0.0048
Epoch 131/200

[1m1/8[0m [32m━━[0m[37m━━━━━━━━━━━━━━━━━━[0m [1m0s[0m 120ms/step - loss: 0.0031
[1m5/8[0m [32m━━━━━━━━━━━━[0m[37m━━━━━━━━[0m [1m0s[0m 14ms/step - loss: 0.0043 
[1m8/8[0m [32m━━━━━━━━━━━━━━━━━━━━[0m[37m[0m [1m0s[0m 19ms/step - loss: 0.0047
Epoch 132/200

[1m1/8[0m [32m━━[0m[37m━━━━━━━━━━━━━━━━━━[0m [1m0s[0m 57ms/step - loss: 0.0039
[1m4/8[0m [32m━━━━━━━━━━[0m[37m━━━━━━━━━━[0m [1m0s[0m 19ms/step - loss: 0.0050
[1m7/8[0m [32m━━━━━━━━━━━━━━━━━[0m[37m━━━[0m [1m0s[0m 19ms/step - loss: 0.0053
[1m8/8[0m [32m━━━━━━━━━━━━━━━━━━━━[0m[37m[0m [1m0s[0m 23ms/step - loss: 0.0056
Epoch 133/200

[1m1/8[0m [32m━━[0m[37m━━━━━━━━━━━━━━━━━━[0m [1m0s[0m 69ms/step - loss: 0.0038
[1m4/8[0m [32m━━━━━━━━━━[0m[37m━━━━━━━━━━[0m [1m0s[0m 22ms/step - loss: 0.0045
[1m7/8[0m [32m━━━━━━━━━━━━━━━━━[0m[37m━━━[0m [1m0s[0m 22ms/step - loss: 0.0046
[1m8/8[0m [32m━━━━━━━━━━━━━━━━━━━━[0m[37m[0m [1m0s[0m 25ms/step - loss: 0.0049
Epoch 134/200

[1m1/8[0m [32m━━[0m[37m━━━━━━━━━━━━━━━━━━[0m [1m0s[0m 68ms/step - loss: 0.0043
[1m3/8[0m [32m━━━━━━━[0m[37m━━━━━━━━━━━━━[0m [1m0s[0m 34ms/step - loss: 0.0046
[1m6/8[0m [32m━━━━━━━━━━━━━━━[0m[37m━━━━━[0m [1m0s[0m 27ms/step - loss: 0.0049
[1m8/8[0m [32m━━━━━━━━━━━━━━━━━━━━[0m[37m[0m [1m0s[0m 28ms/step - loss: 0.0050
[1m8/8[0m [32m━━━━━━━━━━━━━━━━━━━━[0m[37m[0m [1m0s[0m 31ms/step - loss: 0.0057
Epoch 135/200

[1m1/8[0m [32m━━[0m[37m━━━━━━━━━━━━━━━━━━[0m [1m0s[0m 45ms/step - loss: 0.0019
[1m4/8[0m [32m━━━━━━━━━━[0m[37m━━━━━━━━━━[0m [1m0s[0m 17ms/step - loss: 0.0048
[1m8/8[0m [32m━━━━━━━━━━━━━━━━━━━━[0m[37m[0m [1m0s[0m 17ms/step - loss: 0.0050
[1m8/8[0m [32m━━━━━━━━━━━━━━━━━━━━[0m[37m[0m [1m0s[0m 21ms/step - loss: 0.0052
Epoch 136/200

[1m1/8[0m [32m━━[0m[37m━━━━━━━━━━━━━━━━━━[0m [1m0s[0m 51ms/step - loss: 0.0095
[1m4/8[0m [32m━━━━━━━━━━[0m[37m━━━━━━━━━━[0m [1m0s[0m 20ms/step - loss: 0.0066
[1m7/8[0m [32m━━━━━━━━━━━━━━━━━[0m[37m━━━[0m [1m0s[0m 20ms/step - loss: 0.0058
[1m8/8[0m [32m━━━━━━━━━━━━━━━━━━━━[0m[37m[0m [1m0s[0m 24ms/step - loss: 0.0048
Epoch 137/200

[1m1/8[0m [32m━━[0m[37m━━━━━━━━━━━━━━━━━━[0m [1m0s[0m 50ms/step - loss: 0.0050
[1m4/8[0m [32m━━━━━━━━━━[0m[37m━━━━━━━━━━[0m [1m0s[0m 21ms/step - loss: 0.0049
[1m7/8[0m [32m━━━━━━━━━━━━━━━━━[0m[37m━━━[0m [1m0s[0m 20ms/step - loss: 0.0050
[1m8/8[0m [32m━━━━━━━━━━━━━━━━━━━━[0m[37m[0m [1m0s[0m 24ms/step - loss: 0.0055
Epoch 138/200

[1m1/8[0m [32m━━[0m[37m━━━━━━━━━━━━━━━━━━[0m [1m0s[0m 51ms/step - loss: 0.0037
[1m5/8[0m [32m━━━━━━━━━━━━[0m[37m━━━━━━━━[0m [1m0s[0m 13ms/step - loss: 0.0040
[1m8/8[0m [32m━━━━━━━━━━━━━━━━━━━━[0m[37m[0m [1m0s[0m 15ms/step - loss: 0.0042
[1m8/8[0m [32m━━━━━━━━━━━━━━━━━━━━[0m[37m[0m [1m0s[0m 20ms/step - loss: 0.0045
Epoch 139/200

[1m1/8[0m [32m━━[0m[37m━━━━━━━━━━━━━━━━━━[0m [1m0s[0m 51ms/step - loss: 0.0034
[1m4/8[0m [32m━━━━━━━━━━[0m[37m━━━━━━━━━━[0m [1m0s[0m 17ms/step - loss: 0.0042
[1m7/8[0m [32m━━━━━━━━━━━━━━━━━[0m[37m━━━[0m [1m0s[0m 18ms/step - loss: 0.0045
[1m8/8[0m [32m━━━━━━━━━━━━━━━━━━━━[0m[37m[0m [1m0s[0m 21ms/step - loss: 0.0048
Epoch 140/200

[1m1/8[0m [32m━━[0m[37m━━━━━━━━━━━━━━━━━━[0m [1m0s[0m 54ms/step - loss: 0.0075
[1m5/8[0m [32m━━━━━━━━━━━━[0m[37m━━━━━━━━[0m [1m0s[0m 15ms/step - loss: 0.0058
[1m8/8[0m [32m━━━━━━━━━━━━━━━━━━━━[0m[37m[0m [1m0s[0m 20ms/step - loss: 0.0044
Epoch 141/200

[1m1/8[0m [32m━━[0m[37m━━━━━━━━━━━━━━━━━━[0m [1m0s[0m 53ms/step - loss: 0.0047
[1m5/8[0m [32m━━━━━━━━━━━━[0m[37m━━━━━━━━[0m [1m0s[0m 16ms/step - loss: 0.0046
[1m8/8[0m [32m━━━━━━━━━━━━━━━━━━━━[0m[37m[0m [1m0s[0m 21ms/step - loss: 0.0048
Epoch 142/200

[1m1/8[0m [32m━━[0m[37m━━━━━━━━━━━━━━━━━━[0m [1m0s[0m 55ms/step - loss: 0.0064
[1m5/8[0m [32m━━━━━━━━━━━━[0m[37m━━━━━━━━[0m [1m0s[0m 15ms/step - loss: 0.0049
[1m8/8[0m [32m━━━━━━━━━━━━━━━━━━━━[0m[37m[0m [1m0s[0m 18ms/step - loss: 0.0047
Epoch 143/200

[1m1/8[0m [32m━━[0m[37m━━━━━━━━━━━━━━━━━━[0m [1m0s[0m 40ms/step - loss: 0.0033
[1m5/8[0m [32m━━━━━━━━━━━━[0m[37m━━━━━━━━[0m [1m0s[0m 13ms/step - loss: 0.0041
[1m8/8[0m [32m━━━━━━━━━━━━━━━━━━━━[0m[37m[0m [1m0s[0m 19ms/step - loss: 0.0043
Epoch 144/200

[1m1/8[0m [32m━━[0m[37m━━━━━━━━━━━━━━━━━━[0m [1m0s[0m 78ms/step - loss: 0.0088
[1m5/8[0m [32m━━━━━━━━━━━━[0m[37m━━━━━━━━[0m [1m0s[0m 13ms/step - loss: 0.0064
[1m8/8[0m [32m━━━━━━━━━━━━━━━━━━━━[0m[37m[0m [1m0s[0m 17ms/step - loss: 0.0050
Epoch 145/200

[1m1/8[0m [32m━━[0m[37m━━━━━━━━━━━━━━━━━━[0m [1m0s[0m 40ms/step - loss: 0.0029
[1m4/8[0m [32m━━━━━━━━━━[0m[37m━━━━━━━━━━[0m [1m0s[0m 19ms/step - loss: 0.0035
[1m7/8[0m [32m━━━━━━━━━━━━━━━━━[0m[37m━━━[0m [1m0s[0m 20ms/step - loss: 0.0039
[1m8/8[0m [32m━━━━━━━━━━━━━━━━━━━━[0m[37m[0m [1m0s[0m 28ms/step - loss: 0.0048
Epoch 146/200

[1m1/8[0m [32m━━[0m[37m━━━━━━━━━━━━━━━━━━[0m [1m0s[0m 82ms/step - loss: 0.0024
[1m4/8[0m [32m━━━━━━━━━━[0m[37m━━━━━━━━━━[0m [1m0s[0m 19ms/step - loss: 0.0038
[1m7/8[0m [32m━━━━━━━━━━━━━━━━━[0m[37m━━━[0m [1m0s[0m 18ms/step - loss: 0.0042
[1m8/8[0m [32m━━━━━━━━━━━━━━━━━━━━[0m[37m[0m [1m0s[0m 23ms/step - loss: 0.0046
Epoch 147/200

[1m1/8[0m [32m━━[0m[37m━━━━━━━━━━━━━━━━━━[0m [1m0s[0m 57ms/step - loss: 0.0054
[1m3/8[0m [32m━━━━━━━[0m[37m━━━━━━━━━━━━━[0m [1m0s[0m 26ms/step - loss: 0.0050
[1m7/8[0m [32m━━━━━━━━━━━━━━━━━[0m[37m━━━[0m [1m0s[0m 21ms/step - loss: 0.0051
[1m8/8[0m [32m━━━━━━━━━━━━━━━━━━━━[0m[37m[0m [1m0s[0m 25ms/step - loss: 0.0050
Epoch 148/200

[1m1/8[0m [32m━━[0m[37m━━━━━━━━━━━━━━━━━━[0m [1m0s[0m 53ms/step - loss: 0.0048
[1m3/8[0m [32m━━━━━━━[0m[37m━━━━━━━━━━━━━[0m [1m0s[0m 29ms/step - loss: 0.0043
[1m5/8[0m [32m━━━━━━━━━━━━[0m[37m━━━━━━━━[0m [1m0s[0m 27ms/step - loss: 0.0044
[1m7/8[0m [32m━━━━━━━━━━━━━━━━━[0m[37m━━━[0m [1m0s[0m 28ms/step - loss: 0.0046
[1m8/8[0m [32m━━━━━━━━━━━━━━━━━━━━[0m[37m[0m [1m0s[0m 31ms/step - loss: 0.0051
Epoch 149/200

[1m1/8[0m [32m━━[0m[37m━━━━━━━━━━━━━━━━━━[0m [1m0s[0m 104ms/step - loss: 0.0048
[1m4/8[0m [32m━━━━━━━━━━[0m[37m━━━━━━━━━━[0m [1m0s[0m 20ms/step - loss: 0.0043 
[1m7/8[0m [32m━━━━━━━━━━━━━━━━━[0m[37m━━━[0m [1m0s[0m 19ms/step - loss: 0.0044
[1m8/8[0m [32m━━━━━━━━━━━━━━━━━━━━[0m[37m[0m [1m0s[0m 25ms/step - loss: 0.0051
Epoch 150/200

[1m1/8[0m [32m━━[0m[37m━━━━━━━━━━━━━━━━━━[0m [1m0s[0m 65ms/step - loss: 0.0057
[1m3/8[0m [32m━━━━━━━[0m[37m━━━━━━━━━━━━━[0m [1m0s[0m 29ms/step - loss: 0.0047
[1m4/8[0m [32m━━━━━━━━━━[0m[37m━━━━━━━━━━[0m [1m0s[0m 39ms/step - loss: 0.0047
[1m7/8[0m [32m━━━━━━━━━━━━━━━━━[0m[37m━━━[0m [1m0s[0m 34ms/step - loss: 0.0046
[1m8/8[0m [32m━━━━━━━━━━━━━━━━━━━━[0m[37m[0m [1m0s[0m 39ms/step - loss: 0.0043
Epoch 151/200

[1m1/8[0m [32m━━[0m[37m━━━━━━━━━━━━━━━━━━[0m [1m0s[0m 70ms/step - loss: 0.0028
[1m3/8[0m [32m━━━━━━━[0m[37m━━━━━━━━━━━━━[0m [1m0s[0m 30ms/step - loss: 0.0032
[1m5/8[0m [32m━━━━━━━━━━━━[0m[37m━━━━━━━━[0m [1m0s[0m 29ms/step - loss: 0.0035
[1m7/8[0m [32m━━━━━━━━━━━━━━━━━[0m[37m━━━[0m [1m0s[0m 29ms/step - loss: 0.0039
[1m8/8[0m [32m━━━━━━━━━━━━━━━━━━━━[0m[37m[0m [1m0s[0m 31ms/step - loss: 0.0045
Epoch 152/200

[1m1/8[0m [32m━━[0m[37m━━━━━━━━━━━━━━━━━━[0m [1m0s[0m 57ms/step - loss: 0.0040
[1m4/8[0m [32m━━━━━━━━━━[0m[37m━━━━━━━━━━[0m [1m0s[0m 19ms/step - loss: 0.0042
[1m6/8[0m [32m━━━━━━━━━━━━━━━[0m[37m━━━━━[0m [1m0s[0m 22ms/step - loss: 0.0042
[1m8/8[0m [32m━━━━━━━━━━━━━━━━━━━━[0m[37m[0m [1m0s[0m 27ms/step - loss: 0.0046
Epoch 153/200

[1m1/8[0m [32m━━[0m[37m━━━━━━━━━━━━━━━━━━[0m [1m0s[0m 50ms/step - loss: 0.0034
[1m4/8[0m [32m━━━━━━━━━━[0m[37m━━━━━━━━━━[0m [1m0s[0m 20ms/step - loss: 0.0033
[1m7/8[0m [32m━━━━━━━━━━━━━━━━━[0m[37m━━━[0m [1m0s[0m 20ms/step - loss: 0.0037
[1m8/8[0m [32m━━━━━━━━━━━━━━━━━━━━[0m[37m[0m [1m0s[0m 24ms/step - loss: 0.0046
Epoch 154/200

[1m1/8[0m [32m━━[0m[37m━━━━━━━━━━━━━━━━━━[0m [1m0s[0m 52ms/step - loss: 0.0048
[1m4/8[0m [32m━━━━━━━━━━[0m[37m━━━━━━━━━━[0m [1m0s[0m 21ms/step - loss: 0.0044
[1m7/8[0m [32m━━━━━━━━━━━━━━━━━[0m[37m━━━[0m [1m0s[0m 21ms/step - loss: 0.0046
[1m8/8[0m [32m━━━━━━━━━━━━━━━━━━━━[0m[37m[0m [1m0s[0m 26ms/step - loss: 0.0049
Epoch 155/200

[1m1/8[0m [32m━━[0m[37m━━━━━━━━━━━━━━━━━━[0m [1m0s[0m 71ms/step - loss: 0.0049
[1m4/8[0m [32m━━━━━━━━━━[0m[37m━━━━━━━━━━[0m [1m0s[0m 19ms/step - loss: 0.0044
[1m7/8[0m [32m━━━━━━━━━━━━━━━━━[0m[37m━━━[0m [1m0s[0m 19ms/step - loss: 0.0043
[1m8/8[0m [32m━━━━━━━━━━━━━━━━━━━━[0m[37m[0m [1m0s[0m 24ms/step - loss: 0.0046
Epoch 156/200

[1m1/8[0m [32m━━[0m[37m━━━━━━━━━━━━━━━━━━[0m [1m0s[0m 52ms/step - loss: 0.0031
[1m3/8[0m [32m━━━━━━━[0m[37m━━━━━━━━━━━━━[0m [1m0s[0m 25ms/step - loss: 0.0041
[1m6/8[0m [32m━━━━━━━━━━━━━━━[0m[37m━━━━━[0m [1m0s[0m 23ms/step - loss: 0.0042
[1m8/8[0m [32m━━━━━━━━━━━━━━━━━━━━[0m[37m[0m [1m0s[0m 29ms/step - loss: 0.0045
Epoch 157/200

[1m1/8[0m [32m━━[0m[37m━━━━━━━━━━━━━━━━━━[0m [1m0s[0m 65ms/step - loss: 0.0062
[1m4/8[0m [32m━━━━━━━━━━[0m[37m━━━━━━━━━━[0m [1m0s[0m 20ms/step - loss: 0.0047
[1m7/8[0m [32m━━━━━━━━━━━━━━━━━[0m[37m━━━[0m [1m0s[0m 21ms/step - loss: 0.0048
[1m8/8[0m [32m━━━━━━━━━━━━━━━━━━━━[0m[37m[0m [1m0s[0m 24ms/step - loss: 0.0047
Epoch 158/200

[1m1/8[0m [32m━━[0m[37m━━━━━━━━━━━━━━━━━━[0m [1m0s[0m 47ms/step - loss: 0.0022
[1m4/8[0m [32m━━━━━━━━━━[0m[37m━━━━━━━━━━[0m [1m0s[0m 19ms/step - loss: 0.0037
[1m7/8[0m [32m━━━━━━━━━━━━━━━━━[0m[37m━━━[0m [1m0s[0m 19ms/step - loss: 0.0041
[1m8/8[0m [32m━━━━━━━━━━━━━━━━━━━━[0m[37m[0m [1m0s[0m 25ms/step - loss: 0.0045
Epoch 159/200

[1m1/8[0m [32m━━[0m[37m━━━━━━━━━━━━━━━━━━[0m [1m0s[0m 82ms/step - loss: 0.0080
[1m3/8[0m [32m━━━━━━━[0m[37m━━━━━━━━━━━━━[0m [1m0s[0m 25ms/step - loss: 0.0065
[1m5/8[0m [32m━━━━━━━━━━━━[0m[37m━━━━━━━━[0m [1m0s[0m 26ms/step - loss: 0.0062
[1m8/8[0m [32m━━━━━━━━━━━━━━━━━━━━[0m[37m[0m [1m0s[0m 23ms/step - loss: 0.0058
[1m8/8[0m [32m━━━━━━━━━━━━━━━━━━━━[0m[37m[0m [1m0s[0m 32ms/step - loss: 0.0050
Epoch 160/200

[1m1/8[0m [32m━━[0m[37m━━━━━━━━━━━━━━━━━━[0m [1m0s[0m 101ms/step - loss: 0.0031
[1m4/8[0m [32m━━━━━━━━━━[0m[37m━━━━━━━━━━[0m [1m0s[0m 19ms/step - loss: 0.0036 
[1m7/8[0m [32m━━━━━━━━━━━━━━━━━[0m[37m━━━[0m [1m0s[0m 20ms/step - loss: 0.0041
[1m8/8[0m [32m━━━━━━━━━━━━━━━━━━━━[0m[37m[0m [1m0s[0m 26ms/step - loss: 0.0050
Epoch 161/200

[1m1/8[0m [32m━━[0m[37m━━━━━━━━━━━━━━━━━━[0m [1m0s[0m 53ms/step - loss: 0.0059
[1m4/8[0m [32m━━━━━━━━━━[0m[37m━━━━━━━━━━[0m [1m0s[0m 18ms/step - loss: 0.0060
[1m7/8[0m [32m━━━━━━━━━━━━━━━━━[0m[37m━━━[0m [1m0s[0m 20ms/step - loss: 0.0054
[1m8/8[0m [32m━━━━━━━━━━━━━━━━━━━━[0m[37m[0m [1m0s[0m 24ms/step - loss: 0.0048
Epoch 162/200

[1m1/8[0m [32m━━[0m[37m━━━━━━━━━━━━━━━━━━[0m [1m0s[0m 64ms/step - loss: 0.0017
[1m4/8[0m [32m━━━━━━━━━━[0m[37m━━━━━━━━━━[0m [1m0s[0m 22ms/step - loss: 0.0023
[1m7/8[0m [32m━━━━━━━━━━━━━━━━━[0m[37m━━━[0m [1m0s[0m 22ms/step - loss: 0.0029
[1m8/8[0m [32m━━━━━━━━━━━━━━━━━━━━[0m[37m[0m [1m0s[0m 25ms/step - loss: 0.0042
Epoch 163/200

[1m1/8[0m [32m━━[0m[37m━━━━━━━━━━━━━━━━━━[0m [1m0s[0m 51ms/step - loss: 0.0045
[1m3/8[0m [32m━━━━━━━[0m[37m━━━━━━━━━━━━━[0m [1m0s[0m 25ms/step - loss: 0.0044
[1m6/8[0m [32m━━━━━━━━━━━━━━━[0m[37m━━━━━[0m [1m0s[0m 22ms/step - loss: 0.0045
[1m8/8[0m [32m━━━━━━━━━━━━━━━━━━━━[0m[37m[0m [1m0s[0m 25ms/step - loss: 0.0050
Epoch 164/200

[1m1/8[0m [32m━━[0m[37m━━━━━━━━━━━━━━━━━━[0m [1m0s[0m 58ms/step - loss: 0.0036
[1m4/8[0m [32m━━━━━━━━━━[0m[37m━━━━━━━━━━[0m [1m0s[0m 18ms/step - loss: 0.0043
[1m7/8[0m [32m━━━━━━━━━━━━━━━━━[0m[37m━━━[0m [1m0s[0m 19ms/step - loss: 0.0046
[1m8/8[0m [32m━━━━━━━━━━━━━━━━━━━━[0m[37m[0m [1m0s[0m 26ms/step - loss: 0.0052
Epoch 165/200

[1m1/8[0m [32m━━[0m[37m━━━━━━━━━━━━━━━━━━[0m [1m0s[0m 62ms/step - loss: 0.0021
[1m5/8[0m [32m━━━━━━━━━━━━[0m[37m━━━━━━━━[0m [1m0s[0m 15ms/step - loss: 0.0041
[1m8/8[0m [32m━━━━━━━━━━━━━━━━━━━━[0m[37m[0m [1m0s[0m 20ms/step - loss: 0.0050
Epoch 166/200

[1m1/8[0m [32m━━[0m[37m━━━━━━━━━━━━━━━━━━[0m [1m0s[0m 47ms/step - loss: 0.0054
[1m5/8[0m [32m━━━━━━━━━━━━[0m[37m━━━━━━━━[0m [1m0s[0m 15ms/step - loss: 0.0039
[1m8/8[0m [32m━━━━━━━━━━━━━━━━━━━━[0m[37m[0m [1m0s[0m 19ms/step - loss: 0.0042
Epoch 167/200

[1m1/8[0m [32m━━[0m[37m━━━━━━━━━━━━━━━━━━[0m [1m0s[0m 45ms/step - loss: 0.0059
[1m5/8[0m [32m━━━━━━━━━━━━[0m[37m━━━━━━━━[0m [1m0s[0m 16ms/step - loss: 0.0055
[1m8/8[0m [32m━━━━━━━━━━━━━━━━━━━━[0m[37m[0m [1m0s[0m 18ms/step - loss: 0.0051
[1m8/8[0m [32m━━━━━━━━━━━━━━━━━━━━[0m[37m[0m [1m0s[0m 22ms/step - loss: 0.0047
Epoch 168/200

[1m1/8[0m [32m━━[0m[37m━━━━━━━━━━━━━━━━━━[0m [1m0s[0m 53ms/step - loss: 0.0070
[1m5/8[0m [32m━━━━━━━━━━━━[0m[37m━━━━━━━━[0m [1m0s[0m 14ms/step - loss: 0.0056
[1m8/8[0m [32m━━━━━━━━━━━━━━━━━━━━[0m[37m[0m [1m0s[0m 15ms/step - loss: 0.0054
[1m8/8[0m [32m━━━━━━━━━━━━━━━━━━━━[0m[37m[0m [1m0s[0m 19ms/step - loss: 0.0052
Epoch 169/200

[1m1/8[0m [32m━━[0m[37m━━━━━━━━━━━━━━━━━━[0m [1m0s[0m 42ms/step - loss: 0.0040
[1m5/8[0m [32m━━━━━━━━━━━━[0m[37m━━━━━━━━[0m [1m0s[0m 16ms/step - loss: 0.0044
[1m8/8[0m [32m━━━━━━━━━━━━━━━━━━━━[0m[37m[0m [1m0s[0m 18ms/step - loss: 0.0047
Epoch 170/200

[1m1/8[0m [32m━━[0m[37m━━━━━━━━━━━━━━━━━━[0m [1m0s[0m 44ms/step - loss: 0.0046
[1m4/8[0m [32m━━━━━━━━━━[0m[37m━━━━━━━━━━[0m [1m0s[0m 19ms/step - loss: 0.0042
[1m8/8[0m [32m━━━━━━━━━━━━━━━━━━━━[0m[37m[0m [1m0s[0m 16ms/step - loss: 0.0044
[1m8/8[0m [32m━━━━━━━━━━━━━━━━━━━━[0m[37m[0m [1m0s[0m 20ms/step - loss: 0.0049
Epoch 171/200

[1m1/8[0m [32m━━[0m[37m━━━━━━━━━━━━━━━━━━[0m [1m0s[0m 42ms/step - loss: 0.0101
[1m5/8[0m [32m━━━━━━━━━━━━[0m[37m━━━━━━━━[0m [1m0s[0m 16ms/step - loss: 0.0068
[1m8/8[0m [32m━━━━━━━━━━━━━━━━━━━━[0m[37m[0m [1m0s[0m 18ms/step - loss: 0.0060
[1m8/8[0m [32m━━━━━━━━━━━━━━━━━━━━[0m[37m[0m [1m0s[0m 23ms/step - loss: 0.0046
Epoch 172/200

[1m1/8[0m [32m━━[0m[37m━━━━━━━━━━━━━━━━━━[0m [1m0s[0m 47ms/step - loss: 0.0045
[1m4/8[0m [32m━━━━━━━━━━[0m[37m━━━━━━━━━━[0m [1m0s[0m 20ms/step - loss: 0.0042
[1m7/8[0m [32m━━━━━━━━━━━━━━━━━[0m[37m━━━[0m [1m0s[0m 19ms/step - loss: 0.0041
[1m8/8[0m [32m━━━━━━━━━━━━━━━━━━━━[0m[37m[0m [1m0s[0m 23ms/step - loss: 0.0046
Epoch 173/200

[1m1/8[0m [32m━━[0m[37m━━━━━━━━━━━━━━━━━━[0m [1m0s[0m 46ms/step - loss: 0.0049
[1m4/8[0m [32m━━━━━━━━━━[0m[37m━━━━━━━━━━[0m [1m0s[0m 17ms/step - loss: 0.0047
[1m8/8[0m [32m━━━━━━━━━━━━━━━━━━━━[0m[37m[0m [1m0s[0m 16ms/step - loss: 0.0045
[1m8/8[0m [32m━━━━━━━━━━━━━━━━━━━━[0m[37m[0m [1m0s[0m 21ms/step - loss: 0.0048
Epoch 174/200

[1m1/8[0m [32m━━[0m[37m━━━━━━━━━━━━━━━━━━[0m [1m0s[0m 47ms/step - loss: 0.0029
[1m5/8[0m [32m━━━━━━━━━━━━[0m[37m━━━━━━━━[0m [1m0s[0m 16ms/step - loss: 0.0035
[1m8/8[0m [32m━━━━━━━━━━━━━━━━━━━━[0m[37m[0m [1m0s[0m 19ms/step - loss: 0.0051
Epoch 175/200

[1m1/8[0m [32m━━[0m[37m━━━━━━━━━━━━━━━━━━[0m [1m0s[0m 43ms/step - loss: 0.0053
[1m4/8[0m [32m━━━━━━━━━━[0m[37m━━━━━━━━━━[0m [1m0s[0m 19ms/step - loss: 0.0048
[1m7/8[0m [32m━━━━━━━━━━━━━━━━━[0m[37m━━━[0m [1m0s[0m 21ms/step - loss: 0.0050
[1m8/8[0m [32m━━━━━━━━━━━━━━━━━━━━[0m[37m[0m [1m0s[0m 29ms/step - loss: 0.0048
Epoch 176/200

[1m1/8[0m [32m━━[0m[37m━━━━━━━━━━━━━━━━━━[0m [1m0s[0m 49ms/step - loss: 0.0046
[1m5/8[0m [32m━━━━━━━━━━━━[0m[37m━━━━━━━━[0m [1m0s[0m 16ms/step - loss: 0.0048
[1m8/8[0m [32m━━━━━━━━━━━━━━━━━━━━[0m[37m[0m [1m0s[0m 19ms/step - loss: 0.0040
Epoch 177/200

[1m1/8[0m [32m━━[0m[37m━━━━━━━━━━━━━━━━━━[0m [1m0s[0m 43ms/step - loss: 0.0068
[1m5/8[0m [32m━━━━━━━━━━━━[0m[37m━━━━━━━━[0m [1m0s[0m 16ms/step - loss: 0.0048
[1m8/8[0m [32m━━━━━━━━━━━━━━━━━━━━[0m[37m[0m [1m0s[0m 19ms/step - loss: 0.0040
Epoch 178/200

[1m1/8[0m [32m━━[0m[37m━━━━━━━━━━━━━━━━━━[0m [1m0s[0m 43ms/step - loss: 0.0025
[1m5/8[0m [32m━━━━━━━━━━━━[0m[37m━━━━━━━━[0m [1m0s[0m 16ms/step - loss: 0.0040
[1m8/8[0m [32m━━━━━━━━━━━━━━━━━━━━[0m[37m[0m [1m0s[0m 19ms/step - loss: 0.0050
Epoch 179/200

[1m1/8[0m [32m━━[0m[37m━━━━━━━━━━━━━━━━━━[0m [1m0s[0m 40ms/step - loss: 0.0055
[1m5/8[0m [32m━━━━━━━━━━━━[0m[37m━━━━━━━━[0m [1m0s[0m 15ms/step - loss: 0.0064
[1m8/8[0m [32m━━━━━━━━━━━━━━━━━━━━[0m[37m[0m [1m0s[0m 16ms/step - loss: 0.0062
[1m8/8[0m [32m━━━━━━━━━━━━━━━━━━━━[0m[37m[0m [1m0s[0m 20ms/step - loss: 0.0055
Epoch 180/200

[1m1/8[0m [32m━━[0m[37m━━━━━━━━━━━━━━━━━━[0m [1m0s[0m 85ms/step - loss: 0.0056
[1m3/8[0m [32m━━━━━━━[0m[37m━━━━━━━━━━━━━[0m [1m0s[0m 36ms/step - loss: 0.0053
[1m6/8[0m [32m━━━━━━━━━━━━━━━[0m[37m━━━━━[0m [1m0s[0m 26ms/step - loss: 0.0053
[1m8/8[0m [32m━━━━━━━━━━━━━━━━━━━━[0m[37m[0m [1m0s[0m 28ms/step - loss: 0.0048
Epoch 181/200

[1m1/8[0m [32m━━[0m[37m━━━━━━━━━━━━━━━━━━[0m [1m0s[0m 49ms/step - loss: 0.0044
[1m5/8[0m [32m━━━━━━━━━━━━[0m[37m━━━━━━━━[0m [1m0s[0m 16ms/step - loss: 0.0034
[1m8/8[0m [32m━━━━━━━━━━━━━━━━━━━━[0m[37m[0m [1m0s[0m 19ms/step - loss: 0.0043
Epoch 182/200

[1m1/8[0m [32m━━[0m[37m━━━━━━━━━━━━━━━━━━[0m [1m0s[0m 45ms/step - loss: 0.0026
[1m5/8[0m [32m━━━━━━━━━━━━[0m[37m━━━━━━━━[0m [1m0s[0m 15ms/step - loss: 0.0033
[1m8/8[0m [32m━━━━━━━━━━━━━━━━━━━━[0m[37m[0m [1m0s[0m 19ms/step - loss: 0.0045
Epoch 183/200

[1m1/8[0m [32m━━[0m[37m━━━━━━━━━━━━━━━━━━[0m [1m0s[0m 45ms/step - loss: 0.0022
[1m4/8[0m [32m━━━━━━━━━━[0m[37m━━━━━━━━━━[0m [1m0s[0m 17ms/step - loss: 0.0033
[1m7/8[0m [32m━━━━━━━━━━━━━━━━━[0m[37m━━━[0m [1m0s[0m 17ms/step - loss: 0.0035
[1m8/8[0m [32m━━━━━━━━━━━━━━━━━━━━[0m[37m[0m [1m0s[0m 21ms/step - loss: 0.0040
Epoch 184/200

[1m1/8[0m [32m━━[0m[37m━━━━━━━━━━━━━━━━━━[0m [1m0s[0m 54ms/step - loss: 0.0042
[1m4/8[0m [32m━━━━━━━━━━[0m[37m━━━━━━━━━━[0m [1m0s[0m 18ms/step - loss: 0.0049
[1m7/8[0m [32m━━━━━━━━━━━━━━━━━[0m[37m━━━[0m [1m0s[0m 18ms/step - loss: 0.0047
[1m8/8[0m [32m━━━━━━━━━━━━━━━━━━━━[0m[37m[0m [1m0s[0m 21ms/step - loss: 0.0044
Epoch 185/200

[1m1/8[0m [32m━━[0m[37m━━━━━━━━━━━━━━━━━━[0m [1m0s[0m 53ms/step - loss: 0.0058
[1m5/8[0m [32m━━━━━━━━━━━━[0m[37m━━━━━━━━[0m [1m0s[0m 16ms/step - loss: 0.0052
[1m8/8[0m [32m━━━━━━━━━━━━━━━━━━━━[0m[37m[0m [1m0s[0m 19ms/step - loss: 0.0047
Epoch 186/200

[1m1/8[0m [32m━━[0m[37m━━━━━━━━━━━━━━━━━━[0m [1m0s[0m 39ms/step - loss: 0.0086
[1m5/8[0m [32m━━━━━━━━━━━━[0m[37m━━━━━━━━[0m [1m0s[0m 15ms/step - loss: 0.0060
[1m8/8[0m [32m━━━━━━━━━━━━━━━━━━━━[0m[37m[0m [1m0s[0m 18ms/step - loss: 0.0045
Epoch 187/200

[1m1/8[0m [32m━━[0m[37m━━━━━━━━━━━━━━━━━━[0m [1m0s[0m 44ms/step - loss: 0.0027
[1m5/8[0m [32m━━━━━━━━━━━━[0m[37m━━━━━━━━[0m [1m0s[0m 17ms/step - loss: 0.0038
[1m8/8[0m [32m━━━━━━━━━━━━━━━━━━━━[0m[37m[0m [1m0s[0m 21ms/step - loss: 0.0043
Epoch 188/200

[1m1/8[0m [32m━━[0m[37m━━━━━━━━━━━━━━━━━━[0m [1m0s[0m 46ms/step - loss: 0.0020
[1m4/8[0m [32m━━━━━━━━━━[0m[37m━━━━━━━━━━[0m [1m0s[0m 18ms/step - loss: 0.0042
[1m7/8[0m [32m━━━━━━━━━━━━━━━━━[0m[37m━━━[0m [1m0s[0m 18ms/step - loss: 0.0043
[1m8/8[0m [32m━━━━━━━━━━━━━━━━━━━━[0m[37m[0m [1m0s[0m 23ms/step - loss: 0.0042
Epoch 189/200

[1m1/8[0m [32m━━[0m[37m━━━━━━━━━━━━━━━━━━[0m [1m0s[0m 50ms/step - loss: 0.0056
[1m4/8[0m [32m━━━━━━━━━━[0m[37m━━━━━━━━━━[0m [1m0s[0m 18ms/step - loss: 0.0042
[1m7/8[0m [32m━━━━━━━━━━━━━━━━━[0m[37m━━━[0m [1m0s[0m 18ms/step - loss: 0.0042
[1m8/8[0m [32m━━━━━━━━━━━━━━━━━━━━[0m[37m[0m [1m0s[0m 22ms/step - loss: 0.0048
Epoch 190/200

[1m1/8[0m [32m━━[0m[37m━━━━━━━━━━━━━━━━━━[0m [1m0s[0m 49ms/step - loss: 0.0028
[1m4/8[0m [32m━━━━━━━━━━[0m[37m━━━━━━━━━━[0m [1m0s[0m 31ms/step - loss: 0.0052
[1m7/8[0m [32m━━━━━━━━━━━━━━━━━[0m[37m━━━[0m [1m0s[0m 25ms/step - loss: 0.0051
[1m8/8[0m [32m━━━━━━━━━━━━━━━━━━━━[0m[37m[0m [1m0s[0m 27ms/step - loss: 0.0046
Epoch 191/200

[1m1/8[0m [32m━━[0m[37m━━━━━━━━━━━━━━━━━━[0m [1m0s[0m 40ms/step - loss: 0.0097
[1m5/8[0m [32m━━━━━━━━━━━━[0m[37m━━━━━━━━[0m [1m0s[0m 15ms/step - loss: 0.0062
[1m8/8[0m [32m━━━━━━━━━━━━━━━━━━━━[0m[37m[0m [1m0s[0m 16ms/step - loss: 0.0055
[1m8/8[0m [32m━━━━━━━━━━━━━━━━━━━━[0m[37m[0m [1m0s[0m 21ms/step - loss: 0.0041
Epoch 192/200

[1m1/8[0m [32m━━[0m[37m━━━━━━━━━━━━━━━━━━[0m [1m0s[0m 52ms/step - loss: 0.0027
[1m4/8[0m [32m━━━━━━━━━━[0m[37m━━━━━━━━━━[0m [1m0s[0m 17ms/step - loss: 0.0029
[1m7/8[0m [32m━━━━━━━━━━━━━━━━━[0m[37m━━━[0m [1m0s[0m 18ms/step - loss: 0.0032
[1m8/8[0m [32m━━━━━━━━━━━━━━━━━━━━[0m[37m[0m [1m0s[0m 21ms/step - loss: 0.0040
Epoch 193/200

[1m1/8[0m [32m━━[0m[37m━━━━━━━━━━━━━━━━━━[0m [1m0s[0m 51ms/step - loss: 0.0064
[1m4/8[0m [32m━━━━━━━━━━[0m[37m━━━━━━━━━━[0m [1m0s[0m 18ms/step - loss: 0.0050
[1m7/8[0m [32m━━━━━━━━━━━━━━━━━[0m[37m━━━[0m [1m0s[0m 23ms/step - loss: 0.0048
[1m8/8[0m [32m━━━━━━━━━━━━━━━━━━━━[0m[37m[0m [1m0s[0m 31ms/step - loss: 0.0041
Epoch 194/200

[1m1/8[0m [32m━━[0m[37m━━━━━━━━━━━━━━━━━━[0m [1m0s[0m 56ms/step - loss: 0.0034
[1m4/8[0m [32m━━━━━━━━━━[0m[37m━━━━━━━━━━[0m [1m0s[0m 18ms/step - loss: 0.0041
[1m8/8[0m [32m━━━━━━━━━━━━━━━━━━━━[0m[37m[0m [1m0s[0m 16ms/step - loss: 0.0044
[1m8/8[0m [32m━━━━━━━━━━━━━━━━━━━━[0m[37m[0m [1m0s[0m 20ms/step - loss: 0.0044
Epoch 195/200

[1m1/8[0m [32m━━[0m[37m━━━━━━━━━━━━━━━━━━[0m [1m0s[0m 52ms/step - loss: 0.0032
[1m3/8[0m [32m━━━━━━━[0m[37m━━━━━━━━━━━━━[0m [1m0s[0m 25ms/step - loss: 0.0040
[1m6/8[0m [32m━━━━━━━━━━━━━━━[0m[37m━━━━━[0m [1m0s[0m 23ms/step - loss: 0.0039
[1m8/8[0m [32m━━━━━━━━━━━━━━━━━━━━[0m[37m[0m [1m0s[0m 24ms/step - loss: 0.0042
Epoch 196/200

[1m1/8[0m [32m━━[0m[37m━━━━━━━━━━━━━━━━━━[0m [1m0s[0m 51ms/step - loss: 0.0042
[1m4/8[0m [32m━━━━━━━━━━[0m[37m━━━━━━━━━━[0m [1m0s[0m 22ms/step - loss: 0.0033
[1m6/8[0m [32m━━━━━━━━━━━━━━━[0m[37m━━━━━[0m [1m0s[0m 25ms/step - loss: 0.0034
[1m8/8[0m [32m━━━━━━━━━━━━━━━━━━━━[0m[37m[0m [1m0s[0m 31ms/step - loss: 0.0041
Epoch 197/200

[1m1/8[0m [32m━━[0m[37m━━━━━━━━━━━━━━━━━━[0m [1m0s[0m 56ms/step - loss: 0.0023
[1m4/8[0m [32m━━━━━━━━━━[0m[37m━━━━━━━━━━[0m [1m0s[0m 23ms/step - loss: 0.0030
[1m7/8[0m [32m━━━━━━━━━━━━━━━━━[0m[37m━━━[0m [1m0s[0m 22ms/step - loss: 0.0034
[1m8/8[0m [32m━━━━━━━━━━━━━━━━━━━━[0m[37m[0m [1m0s[0m 24ms/step - loss: 0.0046
Epoch 198/200

[1m1/8[0m [32m━━[0m[37m━━━━━━━━━━━━━━━━━━[0m [1m0s[0m 40ms/step - loss: 0.0034
[1m5/8[0m [32m━━━━━━━━━━━━[0m[37m━━━━━━━━[0m [1m0s[0m 15ms/step - loss: 0.0034
[1m8/8[0m [32m━━━━━━━━━━━━━━━━━━━━[0m[37m[0m [1m0s[0m 21ms/step - loss: 0.0039
Epoch 199/200

[1m1/8[0m [32m━━[0m[37m━━━━━━━━━━━━━━━━━━[0m [1m0s[0m 47ms/step - loss: 0.0036
[1m5/8[0m [32m━━━━━━━━━━━━[0m[37m━━━━━━━━[0m [1m0s[0m 15ms/step - loss: 0.0039
[1m7/8[0m [32m━━━━━━━━━━━━━━━━━[0m[37m━━━[0m [1m0s[0m 19ms/step - loss: 0.0039
[1m8/8[0m [32m━━━━━━━━━━━━━━━━━━━━[0m[37m[0m [1m0s[0m 23ms/step - loss: 0.0039
Epoch 200/200

[1m1/8[0m [32m━━[0m[37m━━━━━━━━━━━━━━━━━━[0m [1m0s[0m 43ms/step - loss: 0.0038
[1m5/8[0m [32m━━━━━━━━━━━━[0m[37m━━━━━━━━[0m [1m0s[0m 16ms/step - loss: 0.0034
[1m8/8[0m [32m━━━━━━━━━━━━━━━━━━━━[0m[37m[0m [1m0s[0m 17ms/step - loss: 0.0037
[1m8/8[0m [32m━━━━━━━━━━━━━━━━━━━━[0m[37m[0m [1m0s[0m 21ms/step - loss: 0.0044
Using bucket name: missingtimestamp
Bucket missingtimestamp created.
Uploading device14.keras to bucket missingtimestamp...
device14.keras uploaded to bucket missingtimestamp.
Uploading scaler to bucket missingtimestamp...
scaler.save uploaded to bucket missingtimestamp.

Model path is:  2025-12-08-00-00-00-2025-12-08-00-09-59-model
Triggering forecasting with retrained model
Forecasting.py script logs
Database connection established
Value of --retrain flag: True

Forecasting for retrained model using device14/2025-12-08-00-00-00-2025-12-08-00-09-59-model/device14.keras and device14/2025-12-08-00-00-00-2025-12-08-00-09-59-model/scaler.save
Successfully downloaded model and scaler from S3

Actual values fetched from database
    sensor_id  sensor_energy_value    sensor_timestamp  message_delay
0          14               1612.0 2025-12-08 00:09:00        60217.0
1          14               1614.8 2025-12-08 00:09:01        59066.0
2          14               1612.8 2025-12-08 00:09:02        58063.0
3          14               1615.5 2025-12-08 00:09:03        57030.0
4          14               1615.8 2025-12-08 00:09:04        56013.0
5          14               1612.7 2025-12-08 00:09:05        54930.0
6          14               1614.1 2025-12-08 00:09:06        53924.0
7          14               1610.4 2025-12-08 00:09:07        52922.0
8          14               1613.6 2025-12-08 00:09:08        51918.0
9          14               1614.6 2025-12-08 00:09:09        50664.0
10         14               1613.8 2025-12-08 00:09:10        49284.0
11         14               1610.3 2025-12-08 00:09:11        48276.0
12         14               1614.2 2025-12-08 00:09:12        47274.0
13         14               1612.8 2025-12-08 00:09:13        46272.0
14         14               1613.1 2025-12-08 00:09:14        45263.0
15         14               1617.6 2025-12-08 00:09:15        44259.0
16         14               1617.6 2025-12-08 00:09:16        43258.0
17         14               1622.4 2025-12-08 00:09:17        42256.0
18         14               1617.4 2025-12-08 00:09:18        41255.0
19         14               1619.1 2025-12-08 00:09:19        40245.0
20         14               1619.4 2025-12-08 00:09:20        39242.0
21         14               1623.0 2025-12-08 00:09:21        38234.0
22         14               1611.0 2025-12-08 00:09:22        37232.0
23         14               1624.3 2025-12-08 00:09:23        36229.0
24         14               1617.2 2025-12-08 00:09:24        35226.0
25         14               1616.7 2025-12-08 00:09:25        34218.0
26         14               1617.4 2025-12-08 00:09:26        33216.0
27         14               1618.0 2025-12-08 00:09:27        32214.0
28         14               1619.5 2025-12-08 00:09:28        31210.0
29         14               1618.5 2025-12-08 00:09:29        30209.0
30         14               1618.1 2025-12-08 00:09:30        29165.0
31         14               1636.0 2025-12-08 00:09:31        28157.0
32         14               1616.8 2025-12-08 00:09:32        27151.0
33         14               1619.1 2025-12-08 00:09:33        26149.0
34         14               1614.5 2025-12-08 00:09:34        25148.0
35         14               1617.9 2025-12-08 00:09:35        24147.0
36         14               1622.3 2025-12-08 00:09:36        23144.0
37         14               1621.4 2025-12-08 00:09:37        22142.0
38         14               1621.4 2025-12-08 00:09:38        21142.0
39         14               1618.4 2025-12-08 00:09:39        20140.0
40         14               1619.6 2025-12-08 00:09:40        19138.0
41         14               1619.0 2025-12-08 00:09:41        18137.0
42         14               1626.9 2025-12-08 00:09:42        17135.0
43         14               1617.1 2025-12-08 00:09:43        16134.0
44         14               1617.7 2025-12-08 00:09:44        15130.0
45         14               1613.9 2025-12-08 00:09:45        14052.0
46         14               1619.2 2025-12-08 00:09:46        13048.0
47         14               1617.6 2025-12-08 00:09:47        12047.0
48         14               1620.3 2025-12-08 00:09:48        11045.0
49         14               1613.3 2025-12-08 00:09:49        10040.0
50         14               1616.2 2025-12-08 00:09:50         9038.0
51         14               1634.8 2025-12-08 00:09:51         8037.0
52         14               1619.0 2025-12-08 00:09:52         7035.0
53         14               1616.6 2025-12-08 00:09:53         6032.0
54         14               1617.1 2025-12-08 00:09:54         5031.0
55         14               1614.2 2025-12-08 00:09:55         4030.0
56         14               1618.9 2025-12-08 00:09:56         3029.0
57         14               1629.4 2025-12-08 00:09:57         2025.0
58         14               1619.8 2025-12-08 00:09:58         1023.0
59         14               1620.1 2025-12-08 00:09:59           22.0
Forecasted values:
    sensor_id  sensor_energy_value_prediction    sensor_timestamp
0          14                     1617.497437 2025-12-08 00:10:00
1          14                     1617.126099 2025-12-08 00:10:01
2          14                     1616.763794 2025-12-08 00:10:02
3          14                     1616.381592 2025-12-08 00:10:03
4          14                     1615.981567 2025-12-08 00:10:04
5          14                     1615.565186 2025-12-08 00:10:05
6          14                     1615.132324 2025-12-08 00:10:06
7          14                     1614.682739 2025-12-08 00:10:07
8          14                     1614.216309 2025-12-08 00:10:08
9          14                     1613.733032 2025-12-08 00:10:09
10         14                     1613.232666 2025-12-08 00:10:10
11         14                     1612.715088 2025-12-08 00:10:11
12         14                     1612.180664 2025-12-08 00:10:12
13         14                     1611.629150 2025-12-08 00:10:13
14         14                     1611.061157 2025-12-08 00:10:14
15         14                     1610.476318 2025-12-08 00:10:15
16         14                     1609.875122 2025-12-08 00:10:16
17         14                     1609.257446 2025-12-08 00:10:17
18         14                     1608.623413 2025-12-08 00:10:18
19         14                     1607.973267 2025-12-08 00:10:19
20         14                     1607.306396 2025-12-08 00:10:20
21         14                     1606.623413 2025-12-08 00:10:21
22         14                     1605.923340 2025-12-08 00:10:22
23         14                     1605.206543 2025-12-08 00:10:23
24         14                     1604.472656 2025-12-08 00:10:24
25         14                     1603.721558 2025-12-08 00:10:25
26         14                     1602.952759 2025-12-08 00:10:26
27         14                     1602.166382 2025-12-08 00:10:27
28         14                     1601.361450 2025-12-08 00:10:28
29         14                     1600.538208 2025-12-08 00:10:29
30         14                     1599.696045 2025-12-08 00:10:30
31         14                     1598.834961 2025-12-08 00:10:31
32         14                     1597.954102 2025-12-08 00:10:32
33         14                     1597.053467 2025-12-08 00:10:33
34         14                     1596.132690 2025-12-08 00:10:34
35         14                     1595.191406 2025-12-08 00:10:35
36         14                     1594.229004 2025-12-08 00:10:36
37         14                     1593.245361 2025-12-08 00:10:37
38         14                     1592.240112 2025-12-08 00:10:38
39         14                     1591.212646 2025-12-08 00:10:39
40         14                     1590.162964 2025-12-08 00:10:40
41         14                     1589.090576 2025-12-08 00:10:41
42         14                     1587.994873 2025-12-08 00:10:42
43         14                     1586.875854 2025-12-08 00:10:43
44         14                     1585.733032 2025-12-08 00:10:44
45         14                     1584.565918 2025-12-08 00:10:45
46         14                     1583.374023 2025-12-08 00:10:46
47         14                     1582.157593 2025-12-08 00:10:47
48         14                     1580.915771 2025-12-08 00:10:48
49         14                     1579.648071 2025-12-08 00:10:49
50         14                     1578.354614 2025-12-08 00:10:50
51         14                     1577.034912 2025-12-08 00:10:51
52         14                     1575.688721 2025-12-08 00:10:52
53         14                     1574.315430 2025-12-08 00:10:53
54         14                     1572.914795 2025-12-08 00:10:54
55         14                     1571.486938 2025-12-08 00:10:55
56         14                     1570.031006 2025-12-08 00:10:56
57         14                     1568.546997 2025-12-08 00:10:57
58         14                     1567.034668 2025-12-08 00:10:58
59         14                     1565.493652 2025-12-08 00:10:59
Forecasted values inserted into database
Exiting forecasting script


Actual data inserted to database
Triggering forecasting with retrained model
Forecasting.py script logs
Database connection established
Value of --retrain flag: True

Forecasting for retrained model using device14/2025-12-08-00-00-00-2025-12-08-00-09-59-model/device14.keras and device14/2025-12-08-00-00-00-2025-12-08-00-09-59-model/scaler.save
Successfully downloaded model and scaler from S3

Actual values fetched from database
    sensor_id  sensor_energy_value    sensor_timestamp  message_delay
0          14               1624.0 2025-12-08 00:10:00        63691.0
1          14               1619.0 2025-12-08 00:10:01        62690.0
2          14               1624.1 2025-12-08 00:10:02        61689.0
3          14               1626.5 2025-12-08 00:10:03        60687.0
4          14               1623.3 2025-12-08 00:10:04        59686.0
5          14               1623.2 2025-12-08 00:10:05        58685.0
6          14               1622.9 2025-12-08 00:10:06        57684.0
7          14               1619.5 2025-12-08 00:10:07        56683.0
8          14               1446.0 2025-12-08 00:10:08        55681.0
9          14               1452.2 2025-12-08 00:10:09        54678.0
10         14               1457.8 2025-12-08 00:10:10        53676.0
11         14               1462.5 2025-12-08 00:10:11        52674.0
12         14               1415.8 2025-12-08 00:10:12        51671.0
13         14                598.1 2025-12-08 00:10:13        50669.0
14         14                626.6 2025-12-08 00:10:14        49666.0
15         14                632.0 2025-12-08 00:10:15        48665.0
16         14                633.0 2025-12-08 00:10:16        47664.0
17         14                665.3 2025-12-08 00:10:17        46661.0
18         14                633.2 2025-12-08 00:10:18        45659.0
19         14                643.7 2025-12-08 00:10:19        44658.0
20         14                637.2 2025-12-08 00:10:20        43656.0
21         14                634.8 2025-12-08 00:10:21        42652.0
22         14                631.4 2025-12-08 00:10:22        41651.0
23         14                631.7 2025-12-08 00:10:23        40648.0
24         14                631.1 2025-12-08 00:10:24        39647.0
25         14                629.0 2025-12-08 00:10:25        38643.0
26         14                634.7 2025-12-08 00:10:26        37642.0
27         14                631.8 2025-12-08 00:10:27        36640.0
28         14                632.2 2025-12-08 00:10:28        35639.0
29         14                631.0 2025-12-08 00:10:29        34638.0
30         14                631.4 2025-12-08 00:10:30        33637.0
31         14                637.2 2025-12-08 00:10:31        32634.0
32         14                631.4 2025-12-08 00:10:32        31632.0
33         14                635.0 2025-12-08 00:10:33        30630.0
34         14                631.6 2025-12-08 00:10:34        29628.0
35         14                633.5 2025-12-08 00:10:35        28624.0
36         14                633.4 2025-12-08 00:10:36        27622.0
37         14                634.3 2025-12-08 00:10:37        26621.0
38         14                633.1 2025-12-08 00:10:38        25619.0
39         14                634.0 2025-12-08 00:10:39        24617.0
40         14                634.9 2025-12-08 00:10:40        23610.0
41         14                632.9 2025-12-08 00:10:41        22607.0
42         14                636.7 2025-12-08 00:10:42        21604.0
43         14                626.2 2025-12-08 00:10:43        20602.0
44         14                592.7 2025-12-08 00:10:44        19600.0
45         14                486.2 2025-12-08 00:10:45        18598.0
46         14                484.8 2025-12-08 00:10:46        17596.0
47         14                485.2 2025-12-08 00:10:47        16595.0
48         14                492.1 2025-12-08 00:10:48        15594.0
49         14                482.5 2025-12-08 00:10:49        14591.0
50         14                483.8 2025-12-08 00:10:50        13589.0
51         14                487.9 2025-12-08 00:10:51        12588.0
52         14                487.4 2025-12-08 00:10:52        11587.0
53         14                484.4 2025-12-08 00:10:53        10587.0
54         14                484.6 2025-12-08 00:10:54         9585.0
55         14                486.2 2025-12-08 00:10:55         8584.0
56         14                491.4 2025-12-08 00:10:56         7583.0
57         14                550.7 2025-12-08 00:10:57         6582.0
58         14                501.3 2025-12-08 00:10:58         5581.0
59         14                501.6 2025-12-08 00:10:59         4580.0
Forecasted values:
    sensor_id  sensor_energy_value_prediction    sensor_timestamp
0          14                      894.707031 2025-12-08 00:11:00
1          14                      922.282471 2025-12-08 00:11:01
2          14                      947.194336 2025-12-08 00:11:02
3          14                      970.202759 2025-12-08 00:11:03
4          14                      991.483459 2025-12-08 00:11:04
5          14                     1011.172729 2025-12-08 00:11:05
6          14                     1029.401611 2025-12-08 00:11:06
7          14                     1046.293213 2025-12-08 00:11:07
8          14                     1061.960693 2025-12-08 00:11:08
9          14                     1076.505371 2025-12-08 00:11:09
10         14                     1090.017212 2025-12-08 00:11:10
11         14                     1102.575928 2025-12-08 00:11:11
12         14                     1114.253174 2025-12-08 00:11:12
13         14                     1125.112915 2025-12-08 00:11:13
14         14                     1135.214722 2025-12-08 00:11:14
15         14                     1144.610352 2025-12-08 00:11:15
16         14                     1153.349365 2025-12-08 00:11:16
17         14                     1161.478027 2025-12-08 00:11:17
18         14                     1169.039429 2025-12-08 00:11:18
19         14                     1176.074219 2025-12-08 00:11:19
20         14                     1182.620483 2025-12-08 00:11:20
21         14                     1188.714355 2025-12-08 00:11:21
22         14                     1194.389526 2025-12-08 00:11:22
23         14                     1199.676880 2025-12-08 00:11:23
24         14                     1204.606567 2025-12-08 00:11:24
25         14                     1209.205200 2025-12-08 00:11:25
26         14                     1213.498169 2025-12-08 00:11:26
27         14                     1217.509155 2025-12-08 00:11:27
28         14                     1221.259277 2025-12-08 00:11:28
29         14                     1224.768921 2025-12-08 00:11:29
30         14                     1228.056030 2025-12-08 00:11:30
31         14                     1231.137329 2025-12-08 00:11:31
32         14                     1234.028076 2025-12-08 00:11:32
33         14                     1236.742676 2025-12-08 00:11:33
34         14                     1239.293701 2025-12-08 00:11:34
35         14                     1241.693115 2025-12-08 00:11:35
36         14                     1243.951660 2025-12-08 00:11:36
37         14                     1246.079346 2025-12-08 00:11:37
38         14                     1248.085205 2025-12-08 00:11:38
39         14                     1249.977417 2025-12-08 00:11:39
40         14                     1251.763916 2025-12-08 00:11:40
41         14                     1253.451782 2025-12-08 00:11:41
42         14                     1255.047485 2025-12-08 00:11:42
43         14                     1256.556519 2025-12-08 00:11:43
44         14                     1257.985229 2025-12-08 00:11:44
45         14                     1259.338501 2025-12-08 00:11:45
46         14                     1260.621582 2025-12-08 00:11:46
47         14                     1261.838013 2025-12-08 00:11:47
48         14                     1262.992065 2025-12-08 00:11:48
49         14                     1264.087280 2025-12-08 00:11:49
50         14                     1265.127563 2025-12-08 00:11:50
51         14                     1266.115845 2025-12-08 00:11:51
52         14                     1267.055298 2025-12-08 00:11:52
53         14                     1267.948486 2025-12-08 00:11:53
54         14                     1268.798340 2025-12-08 00:11:54
55         14                     1269.607422 2025-12-08 00:11:55
56         14                     1270.377808 2025-12-08 00:11:56
57         14                     1271.111694 2025-12-08 00:11:57
58         14                     1271.810669 2025-12-08 00:11:58
59         14                     1272.477539 2025-12-08 00:11:59
Forecasted values inserted into database
Exiting forecasting script

No new messages received yet.Trying again...
No new messages received yet.Trying again...
No new messages received yet.Trying again...
No new messages received yet.Trying again...
No new messages received yet.Trying again...
No new messages received yet.Trying again...
No new messages received yet.Trying again...
No new messages received yet.Trying again...
No new messages received yet.Trying again...
No new messages received yet.Trying again...
No new messages received yet.Trying again...
No new messages received yet.Trying again...
No new messages received yet.Trying again...
No new messages received yet.Trying again...
No new messages received yet.Trying again...
No new messages received yet.Trying again...
No new messages received yet.Trying again...
No new messages received yet.Trying again...
No new messages received yet.Trying again...
No new messages received yet.Trying again...
No new messages received yet.Trying again...
No new messages received yet.Trying again...
No new messages received yet.Trying again...
No new messages received yet.Trying again...
No new messages received yet.Trying again...
No new messages received yet.Trying again...
No new messages received yet.Trying again...
No new messages received yet.Trying again...

Actual data inserted to database
Triggering forecasting with retrained model
Forecasting.py script logs
Database connection established
Value of --retrain flag: True

Forecasting for retrained model using device14/2025-12-08-00-00-00-2025-12-08-00-09-59-model/device14.keras and device14/2025-12-08-00-00-00-2025-12-08-00-09-59-model/scaler.save
Successfully downloaded model and scaler from S3

Actual values fetched from database
    sensor_id  sensor_energy_value    sensor_timestamp  message_delay
0          14                500.8 2025-12-08 00:11:00        59154.0
1          14                515.6 2025-12-08 00:11:01        58153.0
2          14                503.3 2025-12-08 00:11:02        57152.0
3          14                503.0 2025-12-08 00:11:03        56151.0
4          14                502.3 2025-12-08 00:11:04        55150.0
5          14                500.6 2025-12-08 00:11:05        54148.0
6          14                503.9 2025-12-08 00:11:06        53145.0
7          14                515.0 2025-12-08 00:11:07        52144.0
8          14                506.6 2025-12-08 00:11:08        51143.0
9          14                505.9 2025-12-08 00:11:09        50142.0
10         14                505.9 2025-12-08 00:11:10        49136.0
11         14                506.0 2025-12-08 00:11:11        48134.0
12         14                505.8 2025-12-08 00:11:12        47133.0
13         14                506.9 2025-12-08 00:11:13        46131.0
14         14                582.6 2025-12-08 00:11:14        45129.0
15         14                625.2 2025-12-08 00:11:15        44128.0
16         14                631.7 2025-12-08 00:11:16        43127.0
17         14                631.1 2025-12-08 00:11:17        42124.0
18         14                632.9 2025-12-08 00:11:18        41122.0
19         14                636.1 2025-12-08 00:11:19        40121.0
20         14                635.0 2025-12-08 00:11:20        39116.0
21         14                636.3 2025-12-08 00:11:21        38115.0
22         14                628.7 2025-12-08 00:11:22        37114.0
23         14                629.3 2025-12-08 00:11:23        36112.0
24         14                632.5 2025-12-08 00:11:24        35111.0
25         14                630.2 2025-12-08 00:11:25        34109.0
26         14                627.6 2025-12-08 00:11:26        33108.0
27         14                632.6 2025-12-08 00:11:27        32106.0
28         14                634.7 2025-12-08 00:11:28        31102.0
29         14                631.2 2025-12-08 00:11:29        30101.0
30         14                630.2 2025-12-08 00:11:30        29100.0
31         14                629.6 2025-12-08 00:11:31        28098.0
32         14                631.9 2025-12-08 00:11:32        27095.0
33         14                634.6 2025-12-08 00:11:33        26094.0
34         14                632.8 2025-12-08 00:11:34        25093.0
35         14                642.5 2025-12-08 00:11:35        24093.0
36         14                639.7 2025-12-08 00:11:36        23092.0
37         14                648.8 2025-12-08 00:11:37        22091.0
38         14                642.8 2025-12-08 00:11:38        21089.0
39         14                641.7 2025-12-08 00:11:39        20086.0
40         14                642.2 2025-12-08 00:11:40        19082.0
41         14                635.8 2025-12-08 00:11:41        18080.0
42         14                636.2 2025-12-08 00:11:42        17071.0
43         14                637.2 2025-12-08 00:11:43        16069.0
44         14                637.0 2025-12-08 00:11:44        15062.0
45         14                641.6 2025-12-08 00:11:45        14053.0
46         14                636.0 2025-12-08 00:11:46        13044.0
47         14                633.8 2025-12-08 00:11:47        12043.0
48         14                632.3 2025-12-08 00:11:48        11039.0
49         14                632.9 2025-12-08 00:11:49        10039.0
50         14                632.7 2025-12-08 00:11:50         9037.0
51         14                635.8 2025-12-08 00:11:51         8036.0
52         14                633.0 2025-12-08 00:11:52         7032.0
53         14                632.2 2025-12-08 00:11:53         6028.0
54         14                632.1 2025-12-08 00:11:54         5027.0
55         14                642.4 2025-12-08 00:11:55         4020.0
56         14                636.7 2025-12-08 00:11:56         3019.0
57         14                634.8 2025-12-08 00:11:57         2018.0
58         14                633.0 2025-12-08 00:11:58         1018.0
59         14                633.2 2025-12-08 00:11:59           17.0
Forecasted values:
    sensor_id  sensor_energy_value_prediction    sensor_timestamp
0          14                      933.191040 2025-12-08 00:12:00
1          14                      956.733276 2025-12-08 00:12:01
2          14                      977.896362 2025-12-08 00:12:02
3          14                      997.596252 2025-12-08 00:12:03
4          14                     1015.945251 2025-12-08 00:12:04
5          14                     1033.034424 2025-12-08 00:12:05
6          14                     1048.956909 2025-12-08 00:12:06
7          14                     1063.802246 2025-12-08 00:12:07
8          14                     1077.653198 2025-12-08 00:12:08
9          14                     1090.584473 2025-12-08 00:12:09
10         14                     1102.662231 2025-12-08 00:12:10
11         14                     1113.945801 2025-12-08 00:12:11
12         14                     1124.488037 2025-12-08 00:12:12
13         14                     1134.337036 2025-12-08 00:12:13
14         14                     1143.537109 2025-12-08 00:12:14
15         14                     1152.128662 2025-12-08 00:12:15
16         14                     1160.151123 2025-12-08 00:12:16
17         14                     1167.640259 2025-12-08 00:12:17
18         14                     1174.631348 2025-12-08 00:12:18
19         14                     1181.157104 2025-12-08 00:12:19
20         14                     1187.248779 2025-12-08 00:12:20
21         14                     1192.936401 2025-12-08 00:12:21
22         14                     1198.248047 2025-12-08 00:12:22
23         14                     1203.210327 2025-12-08 00:12:23
24         14                     1207.848145 2025-12-08 00:12:24
25         14                     1212.185059 2025-12-08 00:12:25
26         14                     1216.242920 2025-12-08 00:12:26
27         14                     1220.041870 2025-12-08 00:12:27
28         14                     1223.600952 2025-12-08 00:12:28
29         14                     1226.937622 2025-12-08 00:12:29
30         14                     1230.067993 2025-12-08 00:12:30
31         14                     1233.007080 2025-12-08 00:12:31
32         14                     1235.768555 2025-12-08 00:12:32
33         14                     1238.365112 2025-12-08 00:12:33
34         14                     1240.808472 2025-12-08 00:12:34
35         14                     1243.109131 2025-12-08 00:12:35
36         14                     1245.277100 2025-12-08 00:12:36
37         14                     1247.321533 2025-12-08 00:12:37
38         14                     1249.250610 2025-12-08 00:12:38
39         14                     1251.072144 2025-12-08 00:12:39
40         14                     1252.793213 2025-12-08 00:12:40
41         14                     1254.420532 2025-12-08 00:12:41
42         14                     1255.960205 2025-12-08 00:12:42
43         14                     1257.417358 2025-12-08 00:12:43
44         14                     1258.797485 2025-12-08 00:12:44
45         14                     1260.105591 2025-12-08 00:12:45
46         14                     1261.345825 2025-12-08 00:12:46
47         14                     1262.522217 2025-12-08 00:12:47
48         14                     1263.639160 2025-12-08 00:12:48
49         14                     1264.699585 2025-12-08 00:12:49
50         14                     1265.707031 2025-12-08 00:12:50
51         14                     1266.664795 2025-12-08 00:12:51
52         14                     1267.575439 2025-12-08 00:12:52
53         14                     1268.441772 2025-12-08 00:12:53
54         14                     1269.266357 2025-12-08 00:12:54
55         14                     1270.051636 2025-12-08 00:12:55
56         14                     1270.799194 2025-12-08 00:12:56
57         14                     1271.511841 2025-12-08 00:12:57
58         14                     1272.191162 2025-12-08 00:12:58
59         14                     1272.838989 2025-12-08 00:12:59
Forecasted values inserted into database
Exiting forecasting script

No new messages received yet.Trying again...
No new messages received yet.Trying again...
No new messages received yet.Trying again...
No new messages received yet.Trying again...
No new messages received yet.Trying again...
No new messages received yet.Trying again...
No new messages received yet.Trying again...
No new messages received yet.Trying again...
No new messages received yet.Trying again...
No new messages received yet.Trying again...
No new messages received yet.Trying again...
No new messages received yet.Trying again...
No new messages received yet.Trying again...
No new messages received yet.Trying again...
No new messages received yet.Trying again...
No new messages received yet.Trying again...
No new messages received yet.Trying again...
No new messages received yet.Trying again...

Actual data inserted to database
Triggering forecasting with retrained model
Forecasting.py script logs
Database connection established
Value of --retrain flag: True

Forecasting for retrained model using device14/2025-12-08-00-00-00-2025-12-08-00-09-59-model/device14.keras and device14/2025-12-08-00-00-00-2025-12-08-00-09-59-model/scaler.save
Successfully downloaded model and scaler from S3

Actual values fetched from database
    sensor_id  sensor_energy_value    sensor_timestamp  message_delay
0          14                636.5 2025-12-08 00:12:00        59501.0
1          14                647.6 2025-12-08 00:12:01        58492.0
2          14                633.3 2025-12-08 00:12:02        57487.0
3          14                635.4 2025-12-08 00:12:03        56483.0
4          14                633.7 2025-12-08 00:12:04        55482.0
5          14                633.4 2025-12-08 00:12:05        54479.0
6          14                635.5 2025-12-08 00:12:06        53476.0
7          14                634.2 2025-12-08 00:12:07        52475.0
8          14                632.3 2025-12-08 00:12:08        51474.0
9          14                632.1 2025-12-08 00:12:09        50472.0
10         14                632.7 2025-12-08 00:12:10        49464.0
11         14                630.2 2025-12-08 00:12:11        48460.0
12         14                634.8 2025-12-08 00:12:12        47456.0
13         14                633.5 2025-12-08 00:12:13        46404.0
14         14                632.4 2025-12-08 00:12:14        45395.0
15         14                632.7 2025-12-08 00:12:15        44383.0
16         14                636.7 2025-12-08 00:12:16        43147.0
17         14                634.0 2025-12-08 00:12:17        42143.0
18         14                633.2 2025-12-08 00:12:18        41139.0
19         14                638.6 2025-12-08 00:12:19        40138.0
20         14                638.2 2025-12-08 00:12:20        39135.0
21         14                632.8 2025-12-08 00:12:21        38134.0
22         14                635.6 2025-12-08 00:12:22        37131.0
23         14                632.3 2025-12-08 00:12:23        36114.0
24         14                632.4 2025-12-08 00:12:24        35113.0
25         14                631.2 2025-12-08 00:12:25        34112.0
26         14                630.4 2025-12-08 00:12:26        33111.0
27         14                631.9 2025-12-08 00:12:27        32108.0
28         14                635.6 2025-12-08 00:12:28        31104.0
29         14                636.3 2025-12-08 00:12:29        30102.0
30         14                632.1 2025-12-08 00:12:30        29099.0
31         14                632.0 2025-12-08 00:12:31        28094.0
32         14                629.7 2025-12-08 00:12:32        27087.0
33         14                634.7 2025-12-08 00:12:33        26081.0
34         14                633.7 2025-12-08 00:12:34        25079.0
35         14                632.4 2025-12-08 00:12:35        24076.0
36         14                640.2 2025-12-08 00:12:36        23072.0
37         14                630.8 2025-12-08 00:12:37        22071.0
38         14                632.0 2025-12-08 00:12:38        21070.0
39         14                629.5 2025-12-08 00:12:39        20069.0
40         14                629.7 2025-12-08 00:12:40        19068.0
41         14                629.7 2025-12-08 00:12:41        18066.0
42         14                632.7 2025-12-08 00:12:42        17064.0
43         14                635.4 2025-12-08 00:12:43        16063.0
44         14                658.0 2025-12-08 00:12:44        15060.0
45         14                639.8 2025-12-08 00:12:45        14058.0
46         14                645.2 2025-12-08 00:12:46        13056.0
47         14                637.9 2025-12-08 00:12:47        12051.0
48         14                638.7 2025-12-08 00:12:48        11049.0
49         14                638.7 2025-12-08 00:12:49        10035.0
50         14                638.6 2025-12-08 00:12:50         9033.0
51         14                640.6 2025-12-08 00:12:51         8028.0
52         14                641.0 2025-12-08 00:12:52         7027.0
53         14                638.1 2025-12-08 00:12:53         6026.0
54         14                642.2 2025-12-08 00:12:54         5025.0
55         14                636.7 2025-12-08 00:12:55         4023.0
56         14                638.4 2025-12-08 00:12:56         3022.0
57         14                639.6 2025-12-08 00:12:57         2022.0
58         14                634.8 2025-12-08 00:12:58         1019.0
59         14                628.8 2025-12-08 00:12:59           18.0
Forecasted values:
    sensor_id  sensor_energy_value_prediction    sensor_timestamp
0          14                      933.732056 2025-12-08 00:13:00
1          14                      957.211487 2025-12-08 00:13:01
2          14                      978.307556 2025-12-08 00:13:02
3          14                      997.948303 2025-12-08 00:13:03
4          14                     1016.245422 2025-12-08 00:13:04
5          14                     1033.289185 2025-12-08 00:13:05
6          14                     1049.171753 2025-12-08 00:13:06
7          14                     1063.982300 2025-12-08 00:13:07
8          14                     1077.802856 2025-12-08 00:13:08
9          14                     1090.707642 2025-12-08 00:13:09
10         14                     1102.762695 2025-12-08 00:13:10
11         14                     1114.026611 2025-12-08 00:13:11
12         14                     1124.552124 2025-12-08 00:13:12
13         14                     1134.386963 2025-12-08 00:13:13
14         14                     1143.574951 2025-12-08 00:13:14
15         14                     1152.156738 2025-12-08 00:13:15
16         14                     1160.170898 2025-12-08 00:13:16
17         14                     1167.653442 2025-12-08 00:13:17
18         14                     1174.638916 2025-12-08 00:13:18
19         14                     1181.160278 2025-12-08 00:13:19
20         14                     1187.248291 2025-12-08 00:13:20
21         14                     1192.932983 2025-12-08 00:13:21
22         14                     1198.242432 2025-12-08 00:13:22
23         14                     1203.203125 2025-12-08 00:13:23
24         14                     1207.839600 2025-12-08 00:13:24
25         14                     1212.175537 2025-12-08 00:13:25
26         14                     1216.232544 2025-12-08 00:13:26
27         14                     1220.031128 2025-12-08 00:13:27
28         14                     1223.589844 2025-12-08 00:13:28
29         14                     1226.926392 2025-12-08 00:13:29
30         14                     1230.056763 2025-12-08 00:13:30
31         14                     1232.995850 2025-12-08 00:13:31
32         14                     1235.757568 2025-12-08 00:13:32
33         14                     1238.354370 2025-12-08 00:13:33
34         14                     1240.797852 2025-12-08 00:13:34
35         14                     1243.098755 2025-12-08 00:13:35
36         14                     1245.267090 2025-12-08 00:13:36
37         14                     1247.311768 2025-12-08 00:13:37
38         14                     1249.241211 2025-12-08 00:13:38
39         14                     1251.063110 2025-12-08 00:13:39
40         14                     1252.784546 2025-12-08 00:13:40
41         14                     1254.412476 2025-12-08 00:13:41
42         14                     1255.952148 2025-12-08 00:13:42
43         14                     1257.409790 2025-12-08 00:13:43
44         14                     1258.790527 2025-12-08 00:13:44
45         14                     1260.098511 2025-12-08 00:13:45
46         14                     1261.338989 2025-12-08 00:13:46
47         14                     1262.515869 2025-12-08 00:13:47
48         14                     1263.632690 2025-12-08 00:13:48
49         14                     1264.693604 2025-12-08 00:13:49
50         14                     1265.701172 2025-12-08 00:13:50
51         14                     1266.659302 2025-12-08 00:13:51
52         14                     1267.570068 2025-12-08 00:13:52
53         14                     1268.436523 2025-12-08 00:13:53
54         14                     1269.261353 2025-12-08 00:13:54
55         14                     1270.046631 2025-12-08 00:13:55
56         14                     1270.794678 2025-12-08 00:13:56
57         14                     1271.507324 2025-12-08 00:13:57
58         14                     1272.186768 2025-12-08 00:13:58
59         14                     1272.834717 2025-12-08 00:13:59
Forecasted values inserted into database
Exiting forecasting script

No new messages received yet.Trying again...
No new messages received yet.Trying again...
No new messages received yet.Trying again...
No new messages received yet.Trying again...
No new messages received yet.Trying again...
No new messages received yet.Trying again...
No new messages received yet.Trying again...
No new messages received yet.Trying again...
No new messages received yet.Trying again...
No new messages received yet.Trying again...
No new messages received yet.Trying again...
No new messages received yet.Trying again...
No new messages received yet.Trying again...
No new messages received yet.Trying again...
No new messages received yet.Trying again...
No new messages received yet.Trying again...
No new messages received yet.Trying again...
No new messages received yet.Trying again...
No new messages received yet.Trying again...
No new messages received yet.Trying again...
No new messages received yet.Trying again...
No new messages received yet.Trying again...
No new messages received yet.Trying again...
No new messages received yet.Trying again...
No new messages received yet.Trying again...
No new messages received yet.Trying again...
No new messages received yet.Trying again...

Actual data inserted to database
Triggering forecasting with retrained model
Forecasting.py script logs
Database connection established
Value of --retrain flag: True

Forecasting for retrained model using device14/2025-12-08-00-00-00-2025-12-08-00-09-59-model/device14.keras and device14/2025-12-08-00-00-00-2025-12-08-00-09-59-model/scaler.save
Successfully downloaded model and scaler from S3

Actual values fetched from database
    sensor_id  sensor_energy_value    sensor_timestamp  message_delay
0          14                633.6 2025-12-08 00:13:00        59129.0
1          14                629.9 2025-12-08 00:13:01        58127.0
2          14                633.1 2025-12-08 00:13:02        57126.0
3          14                634.1 2025-12-08 00:13:03        56123.0
4          14                631.7 2025-12-08 00:13:04        55122.0
5          14                634.1 2025-12-08 00:13:05        54120.0
6          14                640.1 2025-12-08 00:13:06        53117.0
7          14                633.8 2025-12-08 00:13:07        52116.0
8          14                640.9 2025-12-08 00:13:08        51113.0
9          14                631.3 2025-12-08 00:13:09        50103.0
10         14                630.1 2025-12-08 00:13:10        49102.0
11         14                629.5 2025-12-08 00:13:11        48099.0
12         14                633.2 2025-12-08 00:13:12        47095.0
13         14                632.0 2025-12-08 00:13:13        46094.0
14         14                634.0 2025-12-08 00:13:14        45092.0
15         14                632.3 2025-12-08 00:13:15        44091.0
16         14                629.8 2025-12-08 00:13:16        43089.0
17         14                632.5 2025-12-08 00:13:17        42088.0
18         14                633.8 2025-12-08 00:13:18        41087.0
19         14                634.4 2025-12-08 00:13:19        40086.0
20         14                635.8 2025-12-08 00:13:20        39085.0
21         14                632.4 2025-12-08 00:13:21        38084.0
22         14                630.1 2025-12-08 00:13:22        37082.0
23         14                631.8 2025-12-08 00:13:23        36079.0
24         14                636.3 2025-12-08 00:13:24        35078.0
25         14                628.3 2025-12-08 00:13:25        34077.0
26         14                631.5 2025-12-08 00:13:26        33075.0
27         14                629.8 2025-12-08 00:13:27        32074.0
28         14                628.7 2025-12-08 00:13:28        31073.0
29         14                629.8 2025-12-08 00:13:29        30069.0
30         14                629.1 2025-12-08 00:13:30        29068.0
31         14                598.7 2025-12-08 00:13:31        28065.0
32         14                601.2 2025-12-08 00:13:32        27064.0
33         14                601.4 2025-12-08 00:13:33        26063.0
34         14                601.9 2025-12-08 00:13:34        25055.0
35         14                597.9 2025-12-08 00:13:35        24054.0
36         14                599.3 2025-12-08 00:13:36        23053.0
37         14                599.3 2025-12-08 00:13:37        22052.0
38         14                600.0 2025-12-08 00:13:38        21051.0
39         14                602.5 2025-12-08 00:13:39        20045.0
40         14                598.5 2025-12-08 00:13:40        19043.0
41         14                598.9 2025-12-08 00:13:41        18041.0
42         14                601.9 2025-12-08 00:13:42        17039.0
43         14                601.0 2025-12-08 00:13:43        16037.0
44         14                603.0 2025-12-08 00:13:44        15035.0
45         14                602.0 2025-12-08 00:13:45        14034.0
46         14                596.6 2025-12-08 00:13:46        13033.0
47         14                600.4 2025-12-08 00:13:47        12032.0
48         14                600.8 2025-12-08 00:13:48        11030.0
49         14                599.3 2025-12-08 00:13:49        10029.0
50         14                604.0 2025-12-08 00:13:50         9027.0
51         14                598.3 2025-12-08 00:13:51         8026.0
52         14                600.4 2025-12-08 00:13:52         7025.0
53         14                599.8 2025-12-08 00:13:53         6023.0
54         14                603.2 2025-12-08 00:13:54         5018.0
55         14                600.4 2025-12-08 00:13:55         4017.0
56         14                599.4 2025-12-08 00:13:56         3016.0
57         14                598.5 2025-12-08 00:13:57         2013.0
58         14                600.7 2025-12-08 00:13:58         1012.0
59         14                603.7 2025-12-08 00:13:59           11.0
Forecasted values:
    sensor_id  sensor_energy_value_prediction    sensor_timestamp
0          14                      922.660339 2025-12-08 00:14:00
1          14                      947.321411 2025-12-08 00:14:01
2          14                      969.512939 2025-12-08 00:14:02
3          14                      990.119934 2025-12-08 00:14:03
4          14                     1009.271240 2025-12-08 00:14:04
5          14                     1027.070435 2025-12-08 00:14:05
6          14                     1043.621460 2025-12-08 00:14:06
7          14                     1059.023682 2025-12-08 00:14:07
8          14                     1073.368652 2025-12-08 00:14:08
9          14                     1086.738281 2025-12-08 00:14:09
10         14                     1099.205566 2025-12-08 00:14:10
11         14                     1110.835449 2025-12-08 00:14:11
12         14                     1121.686035 2025-12-08 00:14:12
13         14                     1131.809814 2025-12-08 00:14:13
14         14                     1141.254761 2025-12-08 00:14:14
15         14                     1150.065186 2025-12-08 00:14:15
16         14                     1158.282593 2025-12-08 00:14:16
17         14                     1165.946167 2025-12-08 00:14:17
18         14                     1173.092896 2025-12-08 00:14:18
19         14                     1179.757812 2025-12-08 00:14:19
20         14                     1185.973877 2025-12-08 00:14:20
21         14                     1191.772949 2025-12-08 00:14:21
22         14                     1197.184448 2025-12-08 00:14:22
23         14                     1202.236084 2025-12-08 00:14:23
24         14                     1206.954102 2025-12-08 00:14:24
25         14                     1211.363037 2025-12-08 00:14:25
26         14                     1215.485718 2025-12-08 00:14:26
27         14                     1219.343262 2025-12-08 00:14:27
28         14                     1222.955200 2025-12-08 00:14:28
29         14                     1226.339600 2025-12-08 00:14:29
30         14                     1229.513306 2025-12-08 00:14:30
31         14                     1232.491821 2025-12-08 00:14:31
32         14                     1235.289185 2025-12-08 00:14:32
33         14                     1237.918457 2025-12-08 00:14:33
34         14                     1240.391602 2025-12-08 00:14:34
35         14                     1242.719727 2025-12-08 00:14:35
36         14                     1244.912842 2025-12-08 00:14:36
37         14                     1246.980347 2025-12-08 00:14:37
38         14                     1248.930786 2025-12-08 00:14:38
39         14                     1250.772095 2025-12-08 00:14:39
40         14                     1252.511353 2025-12-08 00:14:40
41         14                     1254.155640 2025-12-08 00:14:41
42         14                     1255.710693 2025-12-08 00:14:42
43         14                     1257.182373 2025-12-08 00:14:43
44         14                     1258.576050 2025-12-08 00:14:44
45         14                     1259.896729 2025-12-08 00:14:45
46         14                     1261.148560 2025-12-08 00:14:46
47         14                     1262.336304 2025-12-08 00:14:47
48         14                     1263.463135 2025-12-08 00:14:48
49         14                     1264.533203 2025-12-08 00:14:49
50         14                     1265.549438 2025-12-08 00:14:50
51         14                     1266.515503 2025-12-08 00:14:51
52         14                     1267.433838 2025-12-08 00:14:52
53         14                     1268.307739 2025-12-08 00:14:53
54         14                     1269.139160 2025-12-08 00:14:54
55         14                     1269.930786 2025-12-08 00:14:55
56         14                     1270.684814 2025-12-08 00:14:56
57         14                     1271.403076 2025-12-08 00:14:57
58         14                     1272.087891 2025-12-08 00:14:58
59         14                     1272.740967 2025-12-08 00:14:59
Forecasted values inserted into database
Exiting forecasting script

No new messages received yet.Trying again...
No new messages received yet.Trying again...
No new messages received yet.Trying again...
No new messages received yet.Trying again...
No new messages received yet.Trying again...
No new messages received yet.Trying again...
No new messages received yet.Trying again...
No new messages received yet.Trying again...
No new messages received yet.Trying again...
No new messages received yet.Trying again...
No new messages received yet.Trying again...
No new messages received yet.Trying again...
No new messages received yet.Trying again...
No new messages received yet.Trying again...
No new messages received yet.Trying again...
No new messages received yet.Trying again...
No new messages received yet.Trying again...
No new messages received yet.Trying again...
No new messages received yet.Trying again...
No new messages received yet.Trying again...
No new messages received yet.Trying again...
No new messages received yet.Trying again...
No new messages received yet.Trying again...
No new messages received yet.Trying again...
No new messages received yet.Trying again...
No new messages received yet.Trying again...
No new messages received yet.Trying again...
No new messages received yet.Trying again...
No new messages received yet.Trying again...

Actual data inserted to database
Triggering forecasting with retrained model
Forecasting.py script logs
Database connection established
Value of --retrain flag: True

Forecasting for retrained model using device14/2025-12-08-00-00-00-2025-12-08-00-09-59-model/device14.keras and device14/2025-12-08-00-00-00-2025-12-08-00-09-59-model/scaler.save
Successfully downloaded model and scaler from S3

Actual values fetched from database
    sensor_id  sensor_energy_value    sensor_timestamp  message_delay
0          14                611.2 2025-12-08 00:14:00        59120.0
1          14                605.5 2025-12-08 00:14:01        58118.0
2          14                604.9 2025-12-08 00:14:02        57117.0
3          14                604.3 2025-12-08 00:14:03        56115.0
4          14                600.3 2025-12-08 00:14:04        55114.0
5          14                618.0 2025-12-08 00:14:05        54113.0
6          14                600.7 2025-12-08 00:14:06        53112.0
7          14                602.3 2025-12-08 00:14:07        52111.0
8          14                603.0 2025-12-08 00:14:08        51109.0
9          14                603.9 2025-12-08 00:14:09        50108.0
10         14                598.8 2025-12-08 00:14:10        49107.0
11         14                597.6 2025-12-08 00:14:11        48105.0
12         14                600.2 2025-12-08 00:14:12        47104.0
13         14                598.4 2025-12-08 00:14:13        46103.0
14         14                599.1 2025-12-08 00:14:14        45102.0
15         14                596.8 2025-12-08 00:14:15        44098.0
16         14                595.8 2025-12-08 00:14:16        43097.0
17         14                599.9 2025-12-08 00:14:17        42096.0
18         14                599.1 2025-12-08 00:14:18        41094.0
19         14                605.6 2025-12-08 00:14:19        40093.0
20         14                599.3 2025-12-08 00:14:20        39092.0
21         14                596.1 2025-12-08 00:14:21        38091.0
22         14                596.7 2025-12-08 00:14:22        37089.0
23         14                596.7 2025-12-08 00:14:23        36088.0
24         14                599.8 2025-12-08 00:14:24        35080.0
25         14                597.7 2025-12-08 00:14:25        34079.0
26         14                598.7 2025-12-08 00:14:26        33077.0
27         14                598.1 2025-12-08 00:14:27        32076.0
28         14                597.6 2025-12-08 00:14:28        31074.0
29         14                597.4 2025-12-08 00:14:29        30068.0
30         14                599.9 2025-12-08 00:14:30        29067.0
31         14                597.3 2025-12-08 00:14:31        28065.0
32         14                597.6 2025-12-08 00:14:32        27063.0
33         14                596.8 2025-12-08 00:14:33        26062.0
34         14                595.3 2025-12-08 00:14:34        25059.0
35         14                598.3 2025-12-08 00:14:35        24057.0
36         14                592.4 2025-12-08 00:14:36        23056.0
37         14                602.1 2025-12-08 00:14:37        22055.0
38         14                599.3 2025-12-08 00:14:38        21053.0
39         14                600.4 2025-12-08 00:14:39        20051.0
40         14                599.4 2025-12-08 00:14:40        19049.0
41         14                597.2 2025-12-08 00:14:41        18048.0
42         14                599.8 2025-12-08 00:14:42        17040.0
43         14                598.1 2025-12-08 00:14:43        16039.0
44         14                599.7 2025-12-08 00:14:44        15035.0
45         14                598.1 2025-12-08 00:14:45        14034.0
46         14                595.4 2025-12-08 00:14:46        13033.0
47         14                597.4 2025-12-08 00:14:47        12031.0
48         14                596.7 2025-12-08 00:14:48        11029.0
49         14                596.3 2025-12-08 00:14:49        10026.0
50         14                598.5 2025-12-08 00:14:50         9024.0
51         14                602.3 2025-12-08 00:14:51         8020.0
52         14                595.1 2025-12-08 00:14:52         7019.0
53         14                598.6 2025-12-08 00:14:53         6018.0
54         14                598.0 2025-12-08 00:14:54         5017.0
55         14                594.9 2025-12-08 00:14:55         4015.0
56         14                598.7 2025-12-08 00:14:56         3013.0
57         14                598.2 2025-12-08 00:14:57         2012.0
58         14                595.8 2025-12-08 00:14:58         1011.0
59         14                598.0 2025-12-08 00:14:59            9.0
Forecasted values:
    sensor_id  sensor_energy_value_prediction    sensor_timestamp
0          14                      921.619690 2025-12-08 00:15:00
1          14                      946.385376 2025-12-08 00:15:01
2          14                      968.670715 2025-12-08 00:15:02
3          14                      989.360779 2025-12-08 00:15:03
4          14                     1008.585999 2025-12-08 00:15:04
5          14                     1026.451172 2025-12-08 00:15:05
6          14                     1043.061035 2025-12-08 00:15:06
7          14                     1058.515869 2025-12-08 00:15:07
8          14                     1072.907837 2025-12-08 00:15:08
9          14                     1086.319580 2025-12-08 00:15:09
10         14                     1098.824829 2025-12-08 00:15:10
11         14                     1110.488892 2025-12-08 00:15:11
12         14                     1121.370117 2025-12-08 00:15:12
13         14                     1131.521729 2025-12-08 00:15:13
14         14                     1140.991577 2025-12-08 00:15:14
15         14                     1149.824585 2025-12-08 00:15:15
16         14                     1158.062622 2025-12-08 00:15:16
17         14                     1165.744873 2025-12-08 00:15:17
18         14                     1172.908325 2025-12-08 00:15:18
19         14                     1179.588379 2025-12-08 00:15:19
20         14                     1185.818237 2025-12-08 00:15:20
21         14                     1191.629761 2025-12-08 00:15:21
22         14                     1197.052368 2025-12-08 00:15:22
23         14                     1202.114258 2025-12-08 00:15:23
24         14                     1206.841675 2025-12-08 00:15:24
25         14                     1211.259155 2025-12-08 00:15:25
26         14                     1215.389404 2025-12-08 00:15:26
27         14                     1219.253784 2025-12-08 00:15:27
28         14                     1222.872192 2025-12-08 00:15:28
29         14                     1226.262451 2025-12-08 00:15:29
30         14                     1229.441528 2025-12-08 00:15:30
31         14                     1232.424805 2025-12-08 00:15:31
32         14                     1235.226562 2025-12-08 00:15:32
33         14                     1237.859863 2025-12-08 00:15:33
34         14                     1240.336670 2025-12-08 00:15:34
35         14                     1242.668213 2025-12-08 00:15:35
36         14                     1244.864624 2025-12-08 00:15:36
37         14                     1246.935181 2025-12-08 00:15:37
38         14                     1248.888184 2025-12-08 00:15:38
39         14                     1250.731934 2025-12-08 00:15:39
40         14                     1252.473633 2025-12-08 00:15:40
41         14                     1254.119873 2025-12-08 00:15:41
42         14                     1255.676880 2025-12-08 00:15:42
43         14                     1257.150635 2025-12-08 00:15:43
44         14                     1258.546021 2025-12-08 00:15:44
45         14                     1259.868286 2025-12-08 00:15:45
46         14                     1261.121826 2025-12-08 00:15:46
47         14                     1262.310669 2025-12-08 00:15:47
48         14                     1263.438843 2025-12-08 00:15:48
49         14                     1264.510132 2025-12-08 00:15:49
50         14                     1265.527832 2025-12-08 00:15:50
51         14                     1266.494873 2025-12-08 00:15:51
52         14                     1267.414429 2025-12-08 00:15:52
53         14                     1268.289185 2025-12-08 00:15:53
54         14                     1269.121582 2025-12-08 00:15:54
55         14                     1269.914062 2025-12-08 00:15:55
56         14                     1270.668823 2025-12-08 00:15:56
57         14                     1271.387817 2025-12-08 00:15:57
58         14                     1272.073486 2025-12-08 00:15:58
59         14                     1272.727173 2025-12-08 00:15:59
Forecasted values inserted into database
Exiting forecasting script

No new messages received yet.Trying again...
No new messages received yet.Trying again...
No new messages received yet.Trying again...
No new messages received yet.Trying again...
No new messages received yet.Trying again...
No new messages received yet.Trying again...
No new messages received yet.Trying again...
No new messages received yet.Trying again...
No new messages received yet.Trying again...
No new messages received yet.Trying again...
No new messages received yet.Trying again...
No new messages received yet.Trying again...
No new messages received yet.Trying again...
No new messages received yet.Trying again...
No new messages received yet.Trying again...
No new messages received yet.Trying again...
No new messages received yet.Trying again...
No new messages received yet.Trying again...

Actual data inserted to database
Triggering forecasting with retrained model
Forecasting.py script logs
Database connection established
Value of --retrain flag: True

Forecasting for retrained model using device14/2025-12-08-00-00-00-2025-12-08-00-09-59-model/device14.keras and device14/2025-12-08-00-00-00-2025-12-08-00-09-59-model/scaler.save
Successfully downloaded model and scaler from S3

Actual values fetched from database
    sensor_id  sensor_energy_value    sensor_timestamp  message_delay
0          14                599.0 2025-12-08 00:15:00        59971.0
1          14                601.4 2025-12-08 00:15:01        58969.0
2          14                599.8 2025-12-08 00:15:02        57967.0
3          14                598.6 2025-12-08 00:15:03        56964.0
4          14                597.0 2025-12-08 00:15:04        55961.0
5          14                599.8 2025-12-08 00:15:05        54952.0
6          14                600.2 2025-12-08 00:15:06        53951.0
7          14                730.1 2025-12-08 00:15:07        52950.0
8          14                700.4 2025-12-08 00:15:08        51948.0
9          14                698.1 2025-12-08 00:15:09        50947.0
10         14                697.3 2025-12-08 00:15:10        49945.0
11         14                604.7 2025-12-08 00:15:11        48944.0
12         14                699.7 2025-12-08 00:15:12        47942.0
13         14                695.5 2025-12-08 00:15:13        46937.0
14         14                751.2 2025-12-08 00:15:14        45936.0
15         14                714.2 2025-12-08 00:15:15        44935.0
16         14                707.5 2025-12-08 00:15:16        43931.0
17         14                708.7 2025-12-08 00:15:17        42849.0
18         14                700.4 2025-12-08 00:15:18        41841.0
19         14                703.0 2025-12-08 00:15:19        40839.0
20         14                703.4 2025-12-08 00:15:20        39790.0
21         14                706.6 2025-12-08 00:15:21        38596.0
22         14                704.7 2025-12-08 00:15:22        37595.0
23         14                703.5 2025-12-08 00:15:23        36592.0
24         14                705.1 2025-12-08 00:15:24        35589.0
25         14                701.9 2025-12-08 00:15:25        34588.0
26         14                703.9 2025-12-08 00:15:26        33583.0
27         14                707.2 2025-12-08 00:15:27        32486.0
28         14                704.7 2025-12-08 00:15:28        31467.0
29         14                705.5 2025-12-08 00:15:29        30304.0
30         14                703.1 2025-12-08 00:15:30        29301.0
31         14                701.9 2025-12-08 00:15:31        28297.0
32         14                706.4 2025-12-08 00:15:32        27295.0
33         14                707.3 2025-12-08 00:15:33        26221.0
34         14                706.3 2025-12-08 00:15:34        25220.0
35         14                705.0 2025-12-08 00:15:35        24219.0
36         14                702.6 2025-12-08 00:15:36        23215.0
37         14                713.0 2025-12-08 00:15:37        22212.0
38         14                702.0 2025-12-08 00:15:38        21209.0
39         14                703.9 2025-12-08 00:15:39        20207.0
40         14                720.6 2025-12-08 00:15:40        19206.0
41         14                710.9 2025-12-08 00:15:41        18201.0
42         14                720.3 2025-12-08 00:15:42        17198.0
43         14                705.5 2025-12-08 00:15:43        16196.0
44         14                703.7 2025-12-08 00:15:44        15188.0
45         14                704.7 2025-12-08 00:15:45        14177.0
46         14               1001.1 2025-12-08 00:15:46        13168.0
47         14               1000.4 2025-12-08 00:15:47        12106.0
48         14                893.7 2025-12-08 00:15:48        11087.0
49         14                911.7 2025-12-08 00:15:49        10084.0
50         14               1008.0 2025-12-08 00:15:50         9068.0
51         14                913.2 2025-12-08 00:15:51         8063.0
52         14                959.7 2025-12-08 00:15:52         7058.0
53         14                987.8 2025-12-08 00:15:53         6053.0
54         14               1013.5 2025-12-08 00:15:54         5049.0
55         14               1036.4 2025-12-08 00:15:55         4026.0
56         14               1057.9 2025-12-08 00:15:56         3025.0
57         14               1079.1 2025-12-08 00:15:57         2024.0
58         14               1097.1 2025-12-08 00:15:58         1018.0
59         14               1112.1 2025-12-08 00:15:59           16.0
Forecasted values:
    sensor_id  sensor_energy_value_prediction    sensor_timestamp
0          14                     1117.226440 2025-12-08 00:16:00
1          14                     1126.840942 2025-12-08 00:16:01
2          14                     1135.918701 2025-12-08 00:16:02
3          14                     1144.452148 2025-12-08 00:16:03
4          14                     1152.474121 2025-12-08 00:16:04
5          14                     1160.015259 2025-12-08 00:16:05
6          14                     1167.104614 2025-12-08 00:16:06
7          14                     1173.768555 2025-12-08 00:16:07
8          14                     1180.031372 2025-12-08 00:16:08
9          14                     1185.916870 2025-12-08 00:16:09
10         14                     1191.447266 2025-12-08 00:16:10
11         14                     1196.643433 2025-12-08 00:16:11
12         14                     1201.525635 2025-12-08 00:16:12
13         14                     1206.112549 2025-12-08 00:16:13
14         14                     1210.422363 2025-12-08 00:16:14
15         14                     1214.472778 2025-12-08 00:16:15
16         14                     1218.280151 2025-12-08 00:16:16
17         14                     1221.860107 2025-12-08 00:16:17
18         14                     1225.227295 2025-12-08 00:16:18
19         14                     1228.395508 2025-12-08 00:16:19
20         14                     1231.378052 2025-12-08 00:16:20
21         14                     1234.186768 2025-12-08 00:16:21
22         14                     1236.833008 2025-12-08 00:16:22
23         14                     1239.328003 2025-12-08 00:16:23
24         14                     1241.681030 2025-12-08 00:16:24
25         14                     1243.901611 2025-12-08 00:16:25
26         14                     1245.998291 2025-12-08 00:16:26
27         14                     1247.979126 2025-12-08 00:16:27
28         14                     1249.851440 2025-12-08 00:16:28
29         14                     1251.622192 2025-12-08 00:16:29
30         14                     1253.297607 2025-12-08 00:16:30
31         14                     1254.883667 2025-12-08 00:16:31
32         14                     1256.386353 2025-12-08 00:16:32
33         14                     1257.810181 2025-12-08 00:16:33
34         14                     1259.160278 2025-12-08 00:16:34
35         14                     1260.440918 2025-12-08 00:16:35
36         14                     1261.656372 2025-12-08 00:16:36
37         14                     1262.810669 2025-12-08 00:16:37
38         14                     1263.906982 2025-12-08 00:16:38
39         14                     1264.948730 2025-12-08 00:16:39
40         14                     1265.939453 2025-12-08 00:16:40
41         14                     1266.881470 2025-12-08 00:16:41
42         14                     1267.777954 2025-12-08 00:16:42
43         14                     1268.630981 2025-12-08 00:16:43
44         14                     1269.443604 2025-12-08 00:16:44
45         14                     1270.217651 2025-12-08 00:16:45
46         14                     1270.955078 2025-12-08 00:16:46
47         14                     1271.654907 2025-12-08 00:16:47
48         14                     1272.322144 2025-12-08 00:16:48
49         14                     1272.959595 2025-12-08 00:16:49
50         14                     1273.567139 2025-12-08 00:16:50
51         14                     1274.146240 2025-12-08 00:16:51
52         14                     1274.699829 2025-12-08 00:16:52
53         14                     1275.227661 2025-12-08 00:16:53
54         14                     1275.731445 2025-12-08 00:16:54
55         14                     1276.212280 2025-12-08 00:16:55
56         14                     1276.671265 2025-12-08 00:16:56
57         14                     1277.109497 2025-12-08 00:16:57
58         14                     1277.528198 2025-12-08 00:16:58
59         14                     1277.927734 2025-12-08 00:16:59
Forecasted values inserted into database
Exiting forecasting script

No new messages received yet.Trying again...
No new messages received yet.Trying again...
No new messages received yet.Trying again...
No new messages received yet.Trying again...
No new messages received yet.Trying again...
No new messages received yet.Trying again...
No new messages received yet.Trying again...
No new messages received yet.Trying again...
No new messages received yet.Trying again...
No new messages received yet.Trying again...
No new messages received yet.Trying again...
No new messages received yet.Trying again...
No new messages received yet.Trying again...
No new messages received yet.Trying again...
No new messages received yet.Trying again...
No new messages received yet.Trying again...
No new messages received yet.Trying again...
No new messages received yet.Trying again...
No new messages received yet.Trying again...
No new messages received yet.Trying again...
No new messages received yet.Trying again...

Actual data inserted to database
Triggering forecasting with retrained model
Forecasting.py script logs
Database connection established
Value of --retrain flag: True

Forecasting for retrained model using device14/2025-12-08-00-00-00-2025-12-08-00-09-59-model/device14.keras and device14/2025-12-08-00-00-00-2025-12-08-00-09-59-model/scaler.save
Successfully downloaded model and scaler from S3

Actual values fetched from database
    sensor_id  sensor_energy_value    sensor_timestamp  message_delay
0          14               1123.8 2025-12-08 00:16:00        59141.0
1          14               1129.0 2025-12-08 00:16:01        58138.0
2          14               1132.3 2025-12-08 00:16:02        57134.0
3          14               1138.4 2025-12-08 00:16:03        56133.0
4          14               1145.4 2025-12-08 00:16:04        55132.0
5          14               1144.6 2025-12-08 00:16:05        54131.0
6          14               1144.7 2025-12-08 00:16:06        53130.0
7          14               1143.5 2025-12-08 00:16:07        52128.0
8          14               1143.9 2025-12-08 00:16:08        51127.0
9          14               1143.8 2025-12-08 00:16:09        50122.0
10         14               1144.1 2025-12-08 00:16:10        49119.0
11         14               1143.0 2025-12-08 00:16:11        48118.0
12         14               1142.6 2025-12-08 00:16:12        47117.0
13         14               1141.1 2025-12-08 00:16:13        46117.0
14         14               1136.7 2025-12-08 00:16:14        45115.0
15         14               1139.8 2025-12-08 00:16:15        44114.0
16         14               1138.1 2025-12-08 00:16:16        43113.0
17         14               1141.3 2025-12-08 00:16:17        42109.0
18         14               1138.5 2025-12-08 00:16:18        41108.0
19         14               1142.7 2025-12-08 00:16:19        40105.0
20         14               1145.0 2025-12-08 00:16:20        39093.0
21         14               1141.6 2025-12-08 00:16:21        38093.0
22         14               1143.6 2025-12-08 00:16:22        37092.0
23         14               1146.7 2025-12-08 00:16:23        36091.0
24         14               1152.1 2025-12-08 00:16:24        35090.0
25         14               1146.5 2025-12-08 00:16:25        34087.0
26         14               1153.4 2025-12-08 00:16:26        33084.0
27         14               1157.6 2025-12-08 00:16:27        32080.0
28         14               1160.5 2025-12-08 00:16:28        31076.0
29         14               1160.5 2025-12-08 00:16:29        30072.0
30         14               1162.1 2025-12-08 00:16:30        29071.0
31         14               1160.3 2025-12-08 00:16:31        28068.0
32         14               1163.6 2025-12-08 00:16:32        27066.0
33         14               1167.1 2025-12-08 00:16:33        26064.0
34         14               1172.1 2025-12-08 00:16:34        25062.0
35         14               1164.9 2025-12-08 00:16:35        24056.0
36         14               1164.9 2025-12-08 00:16:36        23054.0
37         14               1167.3 2025-12-08 00:16:37        22053.0
38         14               1167.1 2025-12-08 00:16:38        21052.0
39         14               1167.0 2025-12-08 00:16:39        20048.0
40         14               1165.9 2025-12-08 00:16:40        19047.0
41         14               1166.8 2025-12-08 00:16:41        18045.0
42         14               1168.5 2025-12-08 00:16:42        17043.0
43         14               1173.2 2025-12-08 00:16:43        16040.0
44         14               1168.1 2025-12-08 00:16:44        15037.0
45         14               1168.7 2025-12-08 00:16:45        14031.0
46         14               1162.6 2025-12-08 00:16:46        13029.0
47         14               1162.3 2025-12-08 00:16:47        12028.0
48         14               1164.2 2025-12-08 00:16:48        11026.0
49         14               1160.0 2025-12-08 00:16:49        10024.0
50         14               1162.1 2025-12-08 00:16:50         9023.0
51         14               1162.6 2025-12-08 00:16:51         8022.0
52         14               1164.0 2025-12-08 00:16:52         7020.0
53         14               1161.6 2025-12-08 00:16:53         6019.0
54         14               1162.0 2025-12-08 00:16:54         5018.0
55         14               1164.0 2025-12-08 00:16:55         4016.0
56         14               1166.1 2025-12-08 00:16:56         3015.0
57         14               1169.6 2025-12-08 00:16:57         2012.0
58         14               1162.7 2025-12-08 00:16:58         1010.0
59         14               1177.6 2025-12-08 00:16:59           10.0
Forecasted values:
    sensor_id  sensor_energy_value_prediction    sensor_timestamp
0          14                     1213.788818 2025-12-08 00:17:00
1          14                     1219.130737 2025-12-08 00:17:01
2          14                     1224.113770 2025-12-08 00:17:02
3          14                     1228.979736 2025-12-08 00:17:03
4          14                     1233.717407 2025-12-08 00:17:04
5          14                     1238.319458 2025-12-08 00:17:05
6          14                     1242.782104 2025-12-08 00:17:06
7          14                     1247.104004 2025-12-08 00:17:07
8          14                     1251.283813 2025-12-08 00:17:08
9          14                     1255.320801 2025-12-08 00:17:09
10         14                     1259.214233 2025-12-08 00:17:10
11         14                     1262.963501 2025-12-08 00:17:11
12         14                     1266.568604 2025-12-08 00:17:12
13         14                     1270.029785 2025-12-08 00:17:13
14         14                     1273.348267 2025-12-08 00:17:14
15         14                     1276.525635 2025-12-08 00:17:15
16         14                     1279.563965 2025-12-08 00:17:16
17         14                     1282.466431 2025-12-08 00:17:17
18         14                     1285.236450 2025-12-08 00:17:18
19         14                     1287.877930 2025-12-08 00:17:19
20         14                     1290.395020 2025-12-08 00:17:20
21         14                     1292.792358 2025-12-08 00:17:21
22         14                     1295.074585 2025-12-08 00:17:22
23         14                     1297.246460 2025-12-08 00:17:23
24         14                     1299.312988 2025-12-08 00:17:24
25         14                     1301.278687 2025-12-08 00:17:25
26         14                     1303.148438 2025-12-08 00:17:26
27         14                     1304.926880 2025-12-08 00:17:27
28         14                     1306.618286 2025-12-08 00:17:28
29         14                     1308.227051 2025-12-08 00:17:29
30         14                     1309.757690 2025-12-08 00:17:30
31         14                     1311.213623 2025-12-08 00:17:31
32         14                     1312.599243 2025-12-08 00:17:32
33         14                     1313.917725 2025-12-08 00:17:33
34         14                     1315.172729 2025-12-08 00:17:34
35         14                     1316.367432 2025-12-08 00:17:35
36         14                     1317.505005 2025-12-08 00:17:36
37         14                     1318.588501 2025-12-08 00:17:37
38         14                     1319.620483 2025-12-08 00:17:38
39         14                     1320.603882 2025-12-08 00:17:39
40         14                     1321.541016 2025-12-08 00:17:40
41         14                     1322.434204 2025-12-08 00:17:41
42         14                     1323.285889 2025-12-08 00:17:42
43         14                     1324.098022 2025-12-08 00:17:43
44         14                     1324.872559 2025-12-08 00:17:44
45         14                     1325.611694 2025-12-08 00:17:45
46         14                     1326.316895 2025-12-08 00:17:46
47         14                     1326.990112 2025-12-08 00:17:47
48         14                     1327.633057 2025-12-08 00:17:48
49         14                     1328.246704 2025-12-08 00:17:49
50         14                     1328.833008 2025-12-08 00:17:50
51         14                     1329.392944 2025-12-08 00:17:51
52         14                     1329.927979 2025-12-08 00:17:52
53         14                     1330.439331 2025-12-08 00:17:53
54         14                     1330.928101 2025-12-08 00:17:54
55         14                     1331.395386 2025-12-08 00:17:55
56         14                     1331.842041 2025-12-08 00:17:56
57         14                     1332.269165 2025-12-08 00:17:57
58         14                     1332.677612 2025-12-08 00:17:58
59         14                     1333.068359 2025-12-08 00:17:59
Forecasted values inserted into database
Exiting forecasting script

No new messages received yet.Trying again...
No new messages received yet.Trying again...
No new messages received yet.Trying again...
No new messages received yet.Trying again...
No new messages received yet.Trying again...
No new messages received yet.Trying again...
No new messages received yet.Trying again...
No new messages received yet.Trying again...
No new messages received yet.Trying again...
No new messages received yet.Trying again...
No new messages received yet.Trying again...
No new messages received yet.Trying again...
No new messages received yet.Trying again...
No new messages received yet.Trying again...
No new messages received yet.Trying again...
No new messages received yet.Trying again...
No new messages received yet.Trying again...
No new messages received yet.Trying again...
No new messages received yet.Trying again...
No new messages received yet.Trying again...
No new messages received yet.Trying again...
No new messages received yet.Trying again...

Actual data inserted to database
Triggering forecasting with retrained model
Forecasting.py script logs
Database connection established
Value of --retrain flag: True

Forecasting for retrained model using device14/2025-12-08-00-00-00-2025-12-08-00-09-59-model/device14.keras and device14/2025-12-08-00-00-00-2025-12-08-00-09-59-model/scaler.save
Successfully downloaded model and scaler from S3

Actual values fetched from database
    sensor_id  sensor_energy_value    sensor_timestamp  message_delay
0          14               1170.4 2025-12-08 00:17:00        59147.0
1          14               1165.7 2025-12-08 00:17:01        58146.0
2          14               1169.0 2025-12-08 00:17:02        57145.0
3          14               1170.4 2025-12-08 00:17:03        56143.0
4          14               1166.3 2025-12-08 00:17:04        55142.0
5          14               1166.8 2025-12-08 00:17:05        54139.0
6          14               1166.3 2025-12-08 00:17:06        53137.0
7          14               1169.8 2025-12-08 00:17:07        52135.0
8          14               1167.7 2025-12-08 00:17:08        51134.0
9          14               1166.6 2025-12-08 00:17:09        50133.0
10         14               1163.0 2025-12-08 00:17:10        49132.0
11         14               1167.8 2025-12-08 00:17:11        48129.0
12         14               1164.7 2025-12-08 00:17:12        47127.0
13         14               1164.9 2025-12-08 00:17:13        46124.0
14         14               1162.8 2025-12-08 00:17:14        45123.0
15         14               1166.7 2025-12-08 00:17:15        44122.0
16         14               1160.5 2025-12-08 00:17:16        43121.0
17         14               1164.2 2025-12-08 00:17:17        42120.0
18         14               1166.0 2025-12-08 00:17:18        41119.0
19         14               1170.6 2025-12-08 00:17:19        40117.0
20         14               1168.8 2025-12-08 00:17:20        39114.0
21         14               1166.9 2025-12-08 00:17:21        38113.0
22         14               1156.0 2025-12-08 00:17:22        37110.0
23         14               1161.8 2025-12-08 00:17:23        36108.0
24         14               1164.8 2025-12-08 00:17:24        35106.0
25         14               1158.8 2025-12-08 00:17:25        34105.0
26         14               1158.6 2025-12-08 00:17:26        33103.0
27         14               1163.1 2025-12-08 00:17:27        32100.0
28         14               1163.1 2025-12-08 00:17:28        31098.0
29         14               1167.9 2025-12-08 00:17:29        30095.0
30         14               1163.3 2025-12-08 00:17:30        29091.0
31         14               1159.6 2025-12-08 00:17:31        28090.0
32         14               1162.0 2025-12-08 00:17:32        27088.0
33         14               1163.8 2025-12-08 00:17:33        26086.0
34         14               1164.4 2025-12-08 00:17:34        25085.0
35         14               1159.6 2025-12-08 00:17:35        24084.0
36         14               1167.3 2025-12-08 00:17:36        23082.0
37         14               1164.4 2025-12-08 00:17:37        22081.0
38         14               1164.8 2025-12-08 00:17:38        21080.0
39         14               1164.9 2025-12-08 00:17:39        20079.0
40         14               1165.9 2025-12-08 00:17:40        19078.0
41         14               1173.5 2025-12-08 00:17:41        18077.0
42         14               1164.8 2025-12-08 00:17:42        17055.0
43         14               1160.3 2025-12-08 00:17:43        16053.0
44         14               1171.7 2025-12-08 00:17:44        15050.0
45         14               1173.4 2025-12-08 00:17:45        14049.0
46         14               1169.6 2025-12-08 00:17:46        13048.0
47         14               1169.2 2025-12-08 00:17:47        12044.0
48         14               1164.3 2025-12-08 00:17:48        11040.0
49         14               1163.6 2025-12-08 00:17:49        10038.0
50         14               1162.9 2025-12-08 00:17:50         9036.0
51         14               1166.7 2025-12-08 00:17:51         8035.0
52         14               1162.3 2025-12-08 00:17:52         7032.0
53         14               1161.0 2025-12-08 00:17:53         6031.0
54         14               1162.3 2025-12-08 00:17:54         5029.0
55         14               1160.9 2025-12-08 00:17:55         4025.0
56         14               1162.0 2025-12-08 00:17:56         3021.0
57         14               1164.2 2025-12-08 00:17:57         2018.0
58         14               1161.1 2025-12-08 00:17:58         1016.0
59         14               1161.8 2025-12-08 00:17:59           14.0
Forecasted values:
    sensor_id  sensor_energy_value_prediction    sensor_timestamp
0          14                     1193.207031 2025-12-08 00:18:00
1          14                     1196.776123 2025-12-08 00:18:01
2          14                     1200.062744 2025-12-08 00:18:02
3          14                     1203.301636 2025-12-08 00:18:03
4          14                     1206.482666 2025-12-08 00:18:04
5          14                     1209.597412 2025-12-08 00:18:05
6          14                     1212.641113 2025-12-08 00:18:06
7          14                     1215.610840 2025-12-08 00:18:07
8          14                     1218.503540 2025-12-08 00:18:08
9          14                     1221.317139 2025-12-08 00:18:09
10         14                     1224.049072 2025-12-08 00:18:10
11         14                     1226.697021 2025-12-08 00:18:11
12         14                     1229.259155 2025-12-08 00:18:12
13         14                     1231.734009 2025-12-08 00:18:13
14         14                     1234.120483 2025-12-08 00:18:14
15         14                     1236.418457 2025-12-08 00:18:15
16         14                     1238.627563 2025-12-08 00:18:16
17         14                     1240.748779 2025-12-08 00:18:17
18         14                     1242.783569 2025-12-08 00:18:18
19         14                     1244.732788 2025-12-08 00:18:19
20         14                     1246.598877 2025-12-08 00:18:20
21         14                     1248.384033 2025-12-08 00:18:21
22         14                     1250.090820 2025-12-08 00:18:22
23         14                     1251.721802 2025-12-08 00:18:23
24         14                     1253.279663 2025-12-08 00:18:24
25         14                     1254.767334 2025-12-08 00:18:25
26         14                     1256.187378 2025-12-08 00:18:26
27         14                     1257.542969 2025-12-08 00:18:27
28         14                     1258.836670 2025-12-08 00:18:28
29         14                     1260.071167 2025-12-08 00:18:29
30         14                     1261.249390 2025-12-08 00:18:30
31         14                     1262.373657 2025-12-08 00:18:31
32         14                     1263.446533 2025-12-08 00:18:32
33         14                     1264.470337 2025-12-08 00:18:33
34         14                     1265.447388 2025-12-08 00:18:34
35         14                     1266.380249 2025-12-08 00:18:35
36         14                     1267.270508 2025-12-08 00:18:36
37         14                     1268.120361 2025-12-08 00:18:37
38         14                     1268.931763 2025-12-08 00:18:38
39         14                     1269.706421 2025-12-08 00:18:39
40         14                     1270.446289 2025-12-08 00:18:40
41         14                     1271.152832 2025-12-08 00:18:41
42         14                     1271.827637 2025-12-08 00:18:42
43         14                     1272.472534 2025-12-08 00:18:43
44         14                     1273.088989 2025-12-08 00:18:44
45         14                     1273.677612 2025-12-08 00:18:45
46         14                     1274.240234 2025-12-08 00:18:46
47         14                     1274.778442 2025-12-08 00:18:47
48         14                     1275.292603 2025-12-08 00:18:48
49         14                     1275.784668 2025-12-08 00:18:49
50         14                     1276.255127 2025-12-08 00:18:50
51         14                     1276.705078 2025-12-08 00:18:51
52         14                     1277.135498 2025-12-08 00:18:52
53         14                     1277.547607 2025-12-08 00:18:53
54         14                     1277.941772 2025-12-08 00:18:54
55         14                     1278.318970 2025-12-08 00:18:55
56         14                     1278.680054 2025-12-08 00:18:56
57         14                     1279.025635 2025-12-08 00:18:57
58         14                     1279.356445 2025-12-08 00:18:58
59         14                     1279.673218 2025-12-08 00:18:59
Forecasted values inserted into database
Exiting forecasting script

No new messages received yet.Trying again...
No new messages received yet.Trying again...
No new messages received yet.Trying again...
No new messages received yet.Trying again...
No new messages received yet.Trying again...
No new messages received yet.Trying again...
No new messages received yet.Trying again...
No new messages received yet.Trying again...
No new messages received yet.Trying again...
No new messages received yet.Trying again...
No new messages received yet.Trying again...
No new messages received yet.Trying again...
No new messages received yet.Trying again...
No new messages received yet.Trying again...
No new messages received yet.Trying again...
No new messages received yet.Trying again...
No new messages received yet.Trying again...
No new messages received yet.Trying again...
No new messages received yet.Trying again...
No new messages received yet.Trying again...
No new messages received yet.Trying again...
No new messages received yet.Trying again...
No new messages received yet.Trying again...

Actual data inserted to database
Triggering forecasting with retrained model
2026-05-16 10:31:53.508 INFO  [123777660745408] ConsumerStatsImpl:59 | Consumer [persistent://public/default/device14_model_consume, pythonSubscription, 0] , ConsumerStatsImpl (numBytesRecieved_ = 13368, totalNumBytesRecieved_ = 27360, receivedMsgMap_ = {[Key: Ok, Value: 557], [Key: TimeOut, Value: 196], }, ackedMsgMap_ = {[Key: {Result: Ok, ackType: 0}, Value: 557], }, totalReceivedMsgMap_ = {[Key: Ok, Value: 1140], [Key: TimeOut, Value: 517], }, totalAckedMsgMap_ = {[Key: {Result: Ok, ackType: 0}, Value: 1140], })
Forecasting.py script logs
Database connection established
Value of --retrain flag: True

Forecasting for retrained model using device14/2025-12-08-00-00-00-2025-12-08-00-09-59-model/device14.keras and device14/2025-12-08-00-00-00-2025-12-08-00-09-59-model/scaler.save
Successfully downloaded model and scaler from S3

Actual values fetched from database
    sensor_id  sensor_energy_value    sensor_timestamp  message_delay
0          14          1235.571186 2025-12-08 00:18:00        60686.0
1          14          1163.600000 2025-12-08 00:18:01        59684.0
2          14          1171.100000 2025-12-08 00:18:02        58682.0
3          14          1164.900000 2025-12-08 00:18:03        57679.0
4          14          1167.900000 2025-12-08 00:18:04        56678.0
5          14          1167.700000 2025-12-08 00:18:05        55677.0
6          14          1164.600000 2025-12-08 00:18:06        54675.0
7          14          1162.600000 2025-12-08 00:18:07        53674.0
8          14          1164.500000 2025-12-08 00:18:08        52670.0
9          14          1163.000000 2025-12-08 00:18:09        51668.0
10         14          1164.500000 2025-12-08 00:18:10        50666.0
11         14          1166.600000 2025-12-08 00:18:11        49665.0
12         14          1164.100000 2025-12-08 00:18:12        48662.0
13         14          1162.700000 2025-12-08 00:18:13        47660.0
14         14          1163.000000 2025-12-08 00:18:14        46657.0
15         14          1199.100000 2025-12-08 00:18:15        45656.0
16         14          1270.900000 2025-12-08 00:18:16        44655.0
17         14          1263.200000 2025-12-08 00:18:17        43637.0
18         14          1261.300000 2025-12-08 00:18:18        42636.0
19         14          1270.400000 2025-12-08 00:18:19        41630.0
20         14          1272.300000 2025-12-08 00:18:20        40630.0
21         14          1263.200000 2025-12-08 00:18:21        39629.0
22         14          1265.100000 2025-12-08 00:18:22        38627.0
23         14          1277.200000 2025-12-08 00:18:23        37626.0
24         14          1265.500000 2025-12-08 00:18:24        36625.0
25         14          1261.800000 2025-12-08 00:18:25        35435.0
26         14          1263.000000 2025-12-08 00:18:26        34430.0
27         14          1267.000000 2025-12-08 00:18:27        33427.0
28         14          1267.300000 2025-12-08 00:18:28        32423.0
29         14          1267.300000 2025-12-08 00:18:29        31361.0
30         14          1262.700000 2025-12-08 00:18:30        30315.0
31         14          1271.400000 2025-12-08 00:18:31        29282.0
32         14          1267.100000 2025-12-08 00:18:32        28281.0
33         14          1265.300000 2025-12-08 00:18:33        27213.0
34         14          1272.100000 2025-12-08 00:18:34        25902.0
35         14          1254.000000 2025-12-08 00:18:35        24890.0
36         14          1258.800000 2025-12-08 00:18:36        23469.0
37         14          1253.700000 2025-12-08 00:18:37        22436.0
38         14          1257.200000 2025-12-08 00:18:38        21327.0
39         14          1255.300000 2025-12-08 00:18:39        20275.0
40         14          1252.100000 2025-12-08 00:18:40        19204.0
41         14          1254.100000 2025-12-08 00:18:41        18182.0
42         14          1254.700000 2025-12-08 00:18:42        17116.0
43         14          1253.700000 2025-12-08 00:18:43        16112.0
44         14          1254.400000 2025-12-08 00:18:44        15107.0
45         14          1249.500000 2025-12-08 00:18:45        14100.0
46         14          1248.100000 2025-12-08 00:18:46        13093.0
47         14          1251.100000 2025-12-08 00:18:47        12091.0
48         14          1252.500000 2025-12-08 00:18:48        11089.0
49         14          1251.100000 2025-12-08 00:18:49        10087.0
50         14          1249.000000 2025-12-08 00:18:50         9083.0
51         14          1253.900000 2025-12-08 00:18:51         8081.0
52         14          1252.600000 2025-12-08 00:18:52         7073.0
53         14          1251.300000 2025-12-08 00:18:53         6066.0
54         14          1251.500000 2025-12-08 00:18:54         5060.0
55         14          1251.400000 2025-12-08 00:18:55         4042.0
56         14          1251.100000 2025-12-08 00:18:56         3041.0
57         14          1253.000000 2025-12-08 00:18:57         2040.0
58         14          1249.700000 2025-12-08 00:18:58         1019.0
59         14          1250.900000 2025-12-08 00:18:59           18.0
Forecasted values:
    sensor_id  sensor_energy_value_prediction    sensor_timestamp
0          14                     1258.292480 2025-12-08 00:19:00
1          14                     1259.154907 2025-12-08 00:19:01
2          14                     1259.963745 2025-12-08 00:19:02
3          14                     1260.777832 2025-12-08 00:19:03
4          14                     1261.592651 2025-12-08 00:19:04
5          14                     1262.404419 2025-12-08 00:19:05
6          14                     1263.210938 2025-12-08 00:19:06
7          14                     1264.009155 2025-12-08 00:19:07
8          14                     1264.797974 2025-12-08 00:19:08
9          14                     1265.574951 2025-12-08 00:19:09
10         14                     1266.338867 2025-12-08 00:19:10
11         14                     1267.087891 2025-12-08 00:19:11
12         14                     1267.820923 2025-12-08 00:19:12
13         14                     1268.536377 2025-12-08 00:19:13
14         14                     1269.233398 2025-12-08 00:19:14
15         14                     1269.911011 2025-12-08 00:19:15
16         14                     1270.568481 2025-12-08 00:19:16
17         14                     1271.204712 2025-12-08 00:19:17
18         14                     1271.820435 2025-12-08 00:19:18
19         14                     1272.415771 2025-12-08 00:19:19
20         14                     1272.990356 2025-12-08 00:19:20
21         14                     1273.544556 2025-12-08 00:19:21
22         14                     1274.078979 2025-12-08 00:19:22
23         14                     1274.593628 2025-12-08 00:19:23
24         14                     1275.088989 2025-12-08 00:19:24
25         14                     1275.565674 2025-12-08 00:19:25
26         14                     1276.024292 2025-12-08 00:19:26
27         14                     1276.464966 2025-12-08 00:19:27
28         14                     1276.888550 2025-12-08 00:19:28
29         14                     1277.295288 2025-12-08 00:19:29
30         14                     1277.686401 2025-12-08 00:19:30
31         14                     1278.061768 2025-12-08 00:19:31
32         14                     1278.422241 2025-12-08 00:19:32
33         14                     1278.768188 2025-12-08 00:19:33
34         14                     1279.100464 2025-12-08 00:19:34
35         14                     1279.419067 2025-12-08 00:19:35
36         14                     1279.725220 2025-12-08 00:19:36
37         14                     1280.019043 2025-12-08 00:19:37
38         14                     1280.300903 2025-12-08 00:19:38
39         14                     1280.571533 2025-12-08 00:19:39
40         14                     1280.831055 2025-12-08 00:19:40
41         14                     1281.080322 2025-12-08 00:19:41
42         14                     1281.319092 2025-12-08 00:19:42
43         14                     1281.548340 2025-12-08 00:19:43
44         14                     1281.768311 2025-12-08 00:19:44
45         14                     1281.979614 2025-12-08 00:19:45
46         14                     1282.182007 2025-12-08 00:19:46
47         14                     1282.376343 2025-12-08 00:19:47
48         14                     1282.562744 2025-12-08 00:19:48
49         14                     1282.741577 2025-12-08 00:19:49
50         14                     1282.913208 2025-12-08 00:19:50
51         14                     1283.078003 2025-12-08 00:19:51
52         14                     1283.235840 2025-12-08 00:19:52
53         14                     1283.387451 2025-12-08 00:19:53
54         14                     1283.532837 2025-12-08 00:19:54
55         14                     1283.672485 2025-12-08 00:19:55
56         14                     1283.806396 2025-12-08 00:19:56
57         14                     1283.934814 2025-12-08 00:19:57
58         14                     1284.058105 2025-12-08 00:19:58
59         14                     1284.176514 2025-12-08 00:19:59
Forecasted values inserted into database
Exiting forecasting script

No new messages received yet.Trying again...
No new messages received yet.Trying again...
No new messages received yet.Trying again...
No new messages received yet.Trying again...
No new messages received yet.Trying again...
No new messages received yet.Trying again...
No new messages received yet.Trying again...
No new messages received yet.Trying again...

Actual data inserted to database
Triggering retrain for window beetween 00:10:00 and 00:19:59
lasttimestamp is  2025-12-08 00:19:59
