2026-05-16 09:59:04.804 INFO  [129508494147712] Client:86 | Subscribing on Topic :device10_model_consume
2026-05-16 09:59:04.805 INFO  [129508494147712] ClientConnection:196 | [<none> -> pulsar://localhost:6650] Create ClientConnection, timeout=10000
2026-05-16 09:59:04.805 INFO  [129508494147712] ConnectionPool:125 | Created connection for pulsar://localhost:6650-pulsar://localhost:6650-0
2026-05-16 09:59:04.806 INFO  [129507969201856] ClientConnection:416 | [127.0.0.1:55306 -> 127.0.0.1:6650] Connected to broker
2026-05-16 09:59:04.810 INFO  [129507969201856] HandlerBase:112 | [persistent://public/default/device10_model_consume, pythonSubscription, 0] Getting connection from pool
2026-05-16 09:59:04.810 INFO  [129507969201856] BinaryProtoLookupService:85 | Lookup response for persistent://public/default/device10_model_consume, lookup-broker-url pulsar://localhost:6650, from [127.0.0.1:55306 -> 127.0.0.1:6650] 
2026-05-16 09:59:04.826 INFO  [129507969201856] ConsumerImpl:337 | [persistent://public/default/device10_model_consume, pythonSubscription, 0] Created consumer on broker [127.0.0.1:55306 -> 127.0.0.1:6650] 
2026-05-16 09:59:04.826 INFO  [129507969201856] HandlerBase:134 | Finished connecting to broker after 16 ms
Coordinator service started

Database connection established
Dropped table device10_actualvalues
Table device10_actualvalues created successfully

No new messages received yet.Trying again...
No new messages received yet.Trying again...
No new messages received yet.Trying again...
No new messages received yet.Trying again...
No new messages received yet.Trying again...
No new messages received yet.Trying again...
No new messages received yet.Trying again...
No new messages received yet.Trying again...
No new messages received yet.Trying again...
No new messages received yet.Trying again...
No new messages received yet.Trying again...
No new messages received yet.Trying again...
No new messages received yet.Trying again...
No new messages received yet.Trying again...
No new messages received yet.Trying again...
No new messages received yet.Trying again...
No new messages received yet.Trying again...
No new messages received yet.Trying again...
No new messages received yet.Trying again...
No new messages received yet.Trying again...
No new messages received yet.Trying again...
No new messages received yet.Trying again...
No new messages received yet.Trying again...
No new messages received yet.Trying again...
No new messages received yet.Trying again...
No new messages received yet.Trying again...
No new messages received yet.Trying again...
No new messages received yet.Trying again...
No new messages received yet.Trying again...
No new messages received yet.Trying again...
No new messages received yet.Trying again...
No new messages received yet.Trying again...
No new messages received yet.Trying again...
No new messages received yet.Trying again...
No new messages received yet.Trying again...
No new messages received yet.Trying again...
No new messages received yet.Trying again...
No new messages received yet.Trying again...
No new messages received yet.Trying again...
No new messages received yet.Trying again...
No new messages received yet.Trying again...
No new messages received yet.Trying again...
No new messages received yet.Trying again...
No new messages received yet.Trying again...
No new messages received yet.Trying again...
No new messages received yet.Trying again...
No new messages received yet.Trying again...
No new messages received yet.Trying again...
No new messages received yet.Trying again...
No new messages received yet.Trying again...
No new messages received yet.Trying again...
No new messages received yet.Trying again...
No new messages received yet.Trying again...
No new messages received yet.Trying again...
No new messages received yet.Trying again...
No new messages received yet.Trying again...
No new messages received yet.Trying again...
No new messages received yet.Trying again...
No new messages received yet.Trying again...
No new messages received yet.Trying again...
No new messages received yet.Trying again...

Actual data inserted to database
No retrain triggered
Triggering forecasting

Forecasting.py script logs
Database connection established
Dropped table device10_forecastedvalues
Table device10_forecastedvalues created successfully

Value of --retrain flag: False

Forecasting for initial model using device10/initial/device10.keras and device10/initial/scaler.save
Successfully downloaded model and scaler from S3

Actual values fetched from database
    sensor_id  sensor_energy_value    sensor_timestamp  message_delay
0          10                599.6 2025-12-08 00:00:00        59185.0
1          10                610.8 2025-12-08 00:00:01        58179.0
2          10                595.3 2025-12-08 00:00:02        57176.0
3          10                595.3 2025-12-08 00:00:03        56174.0
4          10                593.7 2025-12-08 00:00:04        55171.0
5          10                595.2 2025-12-08 00:00:05        54169.0
6          10                594.9 2025-12-08 00:00:06        53168.0
7          10                594.4 2025-12-08 00:00:07        52166.0
8          10                593.6 2025-12-08 00:00:08        51164.0
9          10                600.2 2025-12-08 00:00:09        50161.0
10         10                602.3 2025-12-08 00:00:10        49158.0
11         10                594.8 2025-12-08 00:00:11        48156.0
12         10                594.7 2025-12-08 00:00:12        47153.0
13         10                593.1 2025-12-08 00:00:13        46151.0
14         10                595.3 2025-12-08 00:00:14        45147.0
15         10                593.7 2025-12-08 00:00:15        44144.0
16         10                594.5 2025-12-08 00:00:16        43141.0
17         10                594.6 2025-12-08 00:00:17        42140.0
18         10                596.1 2025-12-08 00:00:18        41138.0
19         10                608.9 2025-12-08 00:00:19        40137.0
20         10                597.9 2025-12-08 00:00:20        39134.0
21         10                601.4 2025-12-08 00:00:21        38131.0
22         10                595.0 2025-12-08 00:00:22        37129.0
23         10                595.6 2025-12-08 00:00:23        36128.0
24         10                595.7 2025-12-08 00:00:24        35125.0
25         10                590.8 2025-12-08 00:00:25        34121.0
26         10                593.2 2025-12-08 00:00:26        33119.0
27         10                613.7 2025-12-08 00:00:27        32117.0
28         10                595.1 2025-12-08 00:00:28        31115.0
29         10                594.1 2025-12-08 00:00:29        30107.0
30         10                591.4 2025-12-08 00:00:30        29101.0
31         10                590.4 2025-12-08 00:00:31        28099.0
32         10                595.3 2025-12-08 00:00:32        27098.0
33         10                727.1 2025-12-08 00:00:33        26095.0
34         10                697.3 2025-12-08 00:00:34        25094.0
35         10                703.6 2025-12-08 00:00:35        24092.0
36         10                696.7 2025-12-08 00:00:36        23089.0
37         10                604.4 2025-12-08 00:00:37        22087.0
38         10                692.7 2025-12-08 00:00:38        21085.0
39         10                750.3 2025-12-08 00:00:39        20082.0
40         10                708.5 2025-12-08 00:00:40        19078.0
41         10                710.8 2025-12-08 00:00:41        18075.0
42         10                709.5 2025-12-08 00:00:42        17073.0
43         10                699.3 2025-12-08 00:00:43        16071.0
44         10                697.1 2025-12-08 00:00:44        15067.0
45         10                694.5 2025-12-08 00:00:45        14064.0
46         10                699.0 2025-12-08 00:00:46        13063.0
47         10                695.6 2025-12-08 00:00:47        12057.0
48         10                699.2 2025-12-08 00:00:48        11055.0
49         10                695.9 2025-12-08 00:00:49        10044.0
50         10                697.5 2025-12-08 00:00:50         9041.0
51         10                701.1 2025-12-08 00:00:51         8038.0
52         10                700.3 2025-12-08 00:00:52         7033.0
53         10                696.4 2025-12-08 00:00:53         6031.0
54         10                696.5 2025-12-08 00:00:54         5024.0
55         10                699.2 2025-12-08 00:00:55         4022.0
56         10                698.3 2025-12-08 00:00:56         3021.0
57         10                699.4 2025-12-08 00:00:57         2019.0
58         10                698.7 2025-12-08 00:00:58         1017.0
59         10                698.8 2025-12-08 00:00:59           15.0
Forecasted values:
    sensor_id  sensor_energy_value_prediction    sensor_timestamp
0          10                      872.588196 2025-12-08 00:01:00
1          10                      883.238892 2025-12-08 00:01:01
2          10                      896.280518 2025-12-08 00:01:02
3          10                      910.280151 2025-12-08 00:01:03
4          10                      924.407715 2025-12-08 00:01:04
5          10                      938.183411 2025-12-08 00:01:05
6          10                      951.343872 2025-12-08 00:01:06
7          10                      963.760559 2025-12-08 00:01:07
8          10                      975.385010 2025-12-08 00:01:08
9          10                      986.216614 2025-12-08 00:01:09
10         10                      996.281494 2025-12-08 00:01:10
11         10                     1005.619812 2025-12-08 00:01:11
12         10                     1014.278015 2025-12-08 00:01:12
13         10                     1022.304749 2025-12-08 00:01:13
14         10                     1029.747314 2025-12-08 00:01:14
15         10                     1036.650879 2025-12-08 00:01:15
16         10                     1043.058350 2025-12-08 00:01:16
17         10                     1049.008667 2025-12-08 00:01:17
18         10                     1054.538208 2025-12-08 00:01:18
19         10                     1059.679932 2025-12-08 00:01:19
20         10                     1064.464600 2025-12-08 00:01:20
21         10                     1068.919800 2025-12-08 00:01:21
22         10                     1073.071045 2025-12-08 00:01:22
23         10                     1076.941406 2025-12-08 00:01:23
24         10                     1080.552490 2025-12-08 00:01:24
25         10                     1083.923950 2025-12-08 00:01:25
26         10                     1087.073486 2025-12-08 00:01:26
27         10                     1090.017700 2025-12-08 00:01:27
28         10                     1092.771973 2025-12-08 00:01:28
29         10                     1095.349976 2025-12-08 00:01:29
30         10                     1097.764771 2025-12-08 00:01:30
31         10                     1100.028076 2025-12-08 00:01:31
32         10                     1102.150757 2025-12-08 00:01:32
33         10                     1104.143188 2025-12-08 00:01:33
34         10                     1106.014282 2025-12-08 00:01:34
35         10                     1107.772583 2025-12-08 00:01:35
36         10                     1109.426270 2025-12-08 00:01:36
37         10                     1110.982300 2025-12-08 00:01:37
38         10                     1112.447388 2025-12-08 00:01:38
39         10                     1113.827759 2025-12-08 00:01:39
40         10                     1115.129028 2025-12-08 00:01:40
41         10                     1116.356567 2025-12-08 00:01:41
42         10                     1117.515259 2025-12-08 00:01:42
43         10                     1118.609497 2025-12-08 00:01:43
44         10                     1119.643433 2025-12-08 00:01:44
45         10                     1120.620972 2025-12-08 00:01:45
46         10                     1121.545410 2025-12-08 00:01:46
47         10                     1122.420532 2025-12-08 00:01:47
48         10                     1123.249023 2025-12-08 00:01:48
49         10                     1124.033813 2025-12-08 00:01:49
50         10                     1124.777466 2025-12-08 00:01:50
51         10                     1125.482422 2025-12-08 00:01:51
52         10                     1126.151123 2025-12-08 00:01:52
53         10                     1126.785645 2025-12-08 00:01:53
54         10                     1127.387695 2025-12-08 00:01:54
55         10                     1127.959595 2025-12-08 00:01:55
56         10                     1128.502441 2025-12-08 00:01:56
57         10                     1129.018433 2025-12-08 00:01:57
58         10                     1129.508667 2025-12-08 00:01:58
59         10                     1129.974609 2025-12-08 00:01:59
Forecasted values inserted into database
Exiting forecasting script

No new messages received yet.Trying again...
No new messages received yet.Trying again...
No new messages received yet.Trying again...
No new messages received yet.Trying again...
No new messages received yet.Trying again...
No new messages received yet.Trying again...
No new messages received yet.Trying again...
No new messages received yet.Trying again...
No new messages received yet.Trying again...
No new messages received yet.Trying again...
No new messages received yet.Trying again...
No new messages received yet.Trying again...
No new messages received yet.Trying again...
No new messages received yet.Trying again...
No new messages received yet.Trying again...
No new messages received yet.Trying again...
No new messages received yet.Trying again...
No new messages received yet.Trying again...
No new messages received yet.Trying again...
No new messages received yet.Trying again...
No new messages received yet.Trying again...
No new messages received yet.Trying again...
No new messages received yet.Trying again...
No new messages received yet.Trying again...
No new messages received yet.Trying again...
No new messages received yet.Trying again...
No new messages received yet.Trying again...
No new messages received yet.Trying again...
No new messages received yet.Trying again...
No new messages received yet.Trying again...
No new messages received yet.Trying again...
No new messages received yet.Trying again...

Actual data inserted to database
No retrain triggered
Triggering forecasting

Forecasting.py script logs
Database connection established
Value of --retrain flag: False

Forecasting for initial model using device10/initial/device10.keras and device10/initial/scaler.save
Successfully downloaded model and scaler from S3

Actual values fetched from database
    sensor_id  sensor_energy_value    sensor_timestamp  message_delay
0          10          1110.914286 2025-12-08 00:01:00        59193.0
1          10          1110.914286 2025-12-08 00:01:01        58189.0
2          10          1110.914286 2025-12-08 00:01:02        57187.0
3          10          1110.914286 2025-12-08 00:01:03        56185.0
4          10           701.000000 2025-12-08 00:01:04        55182.0
5          10           926.400000 2025-12-08 00:01:05        54180.0
6          10          1081.000000 2025-12-08 00:01:06        53178.0
7          10           917.900000 2025-12-08 00:01:07        52176.0
8          10           898.600000 2025-12-08 00:01:08        51172.0
9          10           976.100000 2025-12-08 00:01:09        50165.0
10         10           909.100000 2025-12-08 00:01:10        49162.0
11         10           958.500000 2025-12-08 00:01:11        48160.0
12         10           985.700000 2025-12-08 00:01:12        47158.0
13         10          1010.500000 2025-12-08 00:01:13        46156.0
14         10          1038.400000 2025-12-08 00:01:14        45151.0
15         10          1062.700000 2025-12-08 00:01:15        44149.0
16         10          1079.200000 2025-12-08 00:01:16        43147.0
17         10          1100.000000 2025-12-08 00:01:17        42145.0
18         10          1117.700000 2025-12-08 00:01:18        41143.0
19         10          1131.600000 2025-12-08 00:01:19        40136.0
20         10          1141.700000 2025-12-08 00:01:20        39135.0
21         10          1144.700000 2025-12-08 00:01:21        38127.0
22         10          1140.000000 2025-12-08 00:01:22        37122.0
23         10          1147.000000 2025-12-08 00:01:23        36117.0
24         10          1151.800000 2025-12-08 00:01:24        35115.0
25         10          1147.700000 2025-12-08 00:01:25        34113.0
26         10          1145.200000 2025-12-08 00:01:26        33111.0
27         10          1151.200000 2025-12-08 00:01:27        32110.0
28         10          1150.800000 2025-12-08 00:01:28        31107.0
29         10          1153.000000 2025-12-08 00:01:29        30106.0
30         10          1148.400000 2025-12-08 00:01:30        29104.0
31         10          1145.400000 2025-12-08 00:01:31        28101.0
32         10          1145.500000 2025-12-08 00:01:32        27099.0
33         10          1146.100000 2025-12-08 00:01:33        26096.0
34         10          1148.100000 2025-12-08 00:01:34        25094.0
35         10          1149.200000 2025-12-08 00:01:35        24090.0
36         10          1150.900000 2025-12-08 00:01:36        23087.0
37         10          1143.000000 2025-12-08 00:01:37        22083.0
38         10          1143.800000 2025-12-08 00:01:38        21081.0
39         10          1148.700000 2025-12-08 00:01:39        20074.0
40         10          1149.900000 2025-12-08 00:01:40        19073.0
41         10          1149.900000 2025-12-08 00:01:41        18071.0
42         10          1155.700000 2025-12-08 00:01:42        17069.0
43         10          1159.200000 2025-12-08 00:01:43        16067.0
44         10          1157.600000 2025-12-08 00:01:44        15065.0
45         10          1166.000000 2025-12-08 00:01:45        14061.0
46         10          1167.900000 2025-12-08 00:01:46        13057.0
47         10          1166.500000 2025-12-08 00:01:47        12054.0
48         10          1169.900000 2025-12-08 00:01:48        11053.0
49         10          1167.900000 2025-12-08 00:01:49        10051.0
50         10          1169.700000 2025-12-08 00:01:50         9049.0
51         10          1174.200000 2025-12-08 00:01:51         8047.0
52         10          1174.100000 2025-12-08 00:01:52         7044.0
53         10          1171.600000 2025-12-08 00:01:53         6041.0
54         10          1174.600000 2025-12-08 00:01:54         5039.0
55         10          1173.100000 2025-12-08 00:01:55         4037.0
56         10          1173.500000 2025-12-08 00:01:56         3035.0
57         10          1179.100000 2025-12-08 00:01:57         2033.0
58         10          1177.100000 2025-12-08 00:01:58         1030.0
59         10          1197.100000 2025-12-08 00:01:59           28.0
Forecasted values:
    sensor_id  sensor_energy_value_prediction    sensor_timestamp
0          10                     1169.021729 2025-12-08 00:02:00
1          10                     1168.808594 2025-12-08 00:02:01
2          10                     1168.360107 2025-12-08 00:02:02
3          10                     1167.685791 2025-12-08 00:02:03
4          10                     1166.877441 2025-12-08 00:02:04
5          10                     1165.997070 2025-12-08 00:02:05
6          10                     1165.082886 2025-12-08 00:02:06
7          10                     1164.159546 2025-12-08 00:02:07
8          10                     1163.242188 2025-12-08 00:02:08
9          10                     1162.339722 2025-12-08 00:02:09
10         10                     1161.457031 2025-12-08 00:02:10
11         10                     1160.597656 2025-12-08 00:02:11
12         10                     1159.763306 2025-12-08 00:02:12
13         10                     1158.953979 2025-12-08 00:02:13
14         10                     1158.170776 2025-12-08 00:02:14
15         10                     1157.413452 2025-12-08 00:02:15
16         10                     1156.681763 2025-12-08 00:02:16
17         10                     1155.975220 2025-12-08 00:02:17
18         10                     1155.293945 2025-12-08 00:02:18
19         10                     1154.636963 2025-12-08 00:02:19
20         10                     1154.004150 2025-12-08 00:02:20
21         10                     1153.394897 2025-12-08 00:02:21
22         10                     1152.808960 2025-12-08 00:02:22
23         10                     1152.245239 2025-12-08 00:02:23
24         10                     1151.703491 2025-12-08 00:02:24
25         10                     1151.183105 2025-12-08 00:02:25
26         10                     1150.683228 2025-12-08 00:02:26
27         10                     1150.203613 2025-12-08 00:02:27
28         10                     1149.743164 2025-12-08 00:02:28
29         10                     1149.301514 2025-12-08 00:02:29
30         10                     1148.878052 2025-12-08 00:02:30
31         10                     1148.472046 2025-12-08 00:02:31
32         10                     1148.082886 2025-12-08 00:02:32
33         10                     1147.709839 2025-12-08 00:02:33
34         10                     1147.352539 2025-12-08 00:02:34
35         10                     1147.010254 2025-12-08 00:02:35
36         10                     1146.682251 2025-12-08 00:02:36
37         10                     1146.368042 2025-12-08 00:02:37
38         10                     1146.067261 2025-12-08 00:02:38
39         10                     1145.779175 2025-12-08 00:02:39
40         10                     1145.503296 2025-12-08 00:02:40
41         10                     1145.239136 2025-12-08 00:02:41
42         10                     1144.986328 2025-12-08 00:02:42
43         10                     1144.744141 2025-12-08 00:02:43
44         10                     1144.512451 2025-12-08 00:02:44
45         10                     1144.290649 2025-12-08 00:02:45
46         10                     1144.078369 2025-12-08 00:02:46
47         10                     1143.874878 2025-12-08 00:02:47
48         10                     1143.680542 2025-12-08 00:02:48
49         10                     1143.494385 2025-12-08 00:02:49
50         10                     1143.316284 2025-12-08 00:02:50
51         10                     1143.145874 2025-12-08 00:02:51
52         10                     1142.982910 2025-12-08 00:02:52
53         10                     1142.826782 2025-12-08 00:02:53
54         10                     1142.677490 2025-12-08 00:02:54
55         10                     1142.534668 2025-12-08 00:02:55
56         10                     1142.398193 2025-12-08 00:02:56
57         10                     1142.267456 2025-12-08 00:02:57
58         10                     1142.142456 2025-12-08 00:02:58
59         10                     1142.023071 2025-12-08 00:02:59
Forecasted values inserted into database
Exiting forecasting script

No new messages received yet.Trying again...
No new messages received yet.Trying again...
No new messages received yet.Trying again...
No new messages received yet.Trying again...
No new messages received yet.Trying again...
No new messages received yet.Trying again...
No new messages received yet.Trying again...
No new messages received yet.Trying again...
No new messages received yet.Trying again...
No new messages received yet.Trying again...
No new messages received yet.Trying again...
No new messages received yet.Trying again...
No new messages received yet.Trying again...
No new messages received yet.Trying again...
No new messages received yet.Trying again...
No new messages received yet.Trying again...
No new messages received yet.Trying again...
No new messages received yet.Trying again...
No new messages received yet.Trying again...
No new messages received yet.Trying again...
No new messages received yet.Trying again...
No new messages received yet.Trying again...
No new messages received yet.Trying again...
No new messages received yet.Trying again...
No new messages received yet.Trying again...
No new messages received yet.Trying again...
No new messages received yet.Trying again...
No new messages received yet.Trying again...
No new messages received yet.Trying again...
No new messages received yet.Trying again...
No new messages received yet.Trying again...
No new messages received yet.Trying again...
No new messages received yet.Trying again...
No new messages received yet.Trying again...
No new messages received yet.Trying again...
No new messages received yet.Trying again...

Actual data inserted to database
No retrain triggered
Triggering forecasting

Forecasting.py script logs
Database connection established
Value of --retrain flag: False

Forecasting for initial model using device10/initial/device10.keras and device10/initial/scaler.save
Successfully downloaded model and scaler from S3

Actual values fetched from database
    sensor_id  sensor_energy_value    sensor_timestamp  message_delay
0          10               1179.1 2025-12-08 00:02:00        59267.0
1          10               1172.2 2025-12-08 00:02:01        58265.0
2          10               1170.8 2025-12-08 00:02:02        57264.0
3          10               1171.8 2025-12-08 00:02:03        56262.0
4          10               1171.3 2025-12-08 00:02:04        55260.0
5          10               1170.7 2025-12-08 00:02:05        54258.0
6          10               1172.9 2025-12-08 00:02:06        53255.0
7          10               1176.5 2025-12-08 00:02:07        52252.0
8          10               1168.7 2025-12-08 00:02:08        51250.0
9          10               1167.4 2025-12-08 00:02:09        50246.0
10         10               1170.3 2025-12-08 00:02:10        49245.0
11         10               1166.6 2025-12-08 00:02:11        48236.0
12         10               1171.5 2025-12-08 00:02:12        47234.0
13         10               1167.8 2025-12-08 00:02:13        46232.0
14         10               1168.8 2025-12-08 00:02:14        45183.0
15         10               1188.2 2025-12-08 00:02:15        44181.0
16         10               1167.6 2025-12-08 00:02:16        43179.0
17         10               1171.8 2025-12-08 00:02:17        42177.0
18         10               1172.5 2025-12-08 00:02:18        41176.0
19         10               1177.3 2025-12-08 00:02:19        40174.0
20         10               1177.5 2025-12-08 00:02:20        39171.0
21         10               1180.7 2025-12-08 00:02:21        38169.0
22         10               1174.7 2025-12-08 00:02:22        37165.0
23         10               1174.9 2025-12-08 00:02:23        36164.0
24         10               1178.8 2025-12-08 00:02:24        35162.0
25         10               1171.3 2025-12-08 00:02:25        34161.0
26         10               1171.4 2025-12-08 00:02:26        33160.0
27         10               1176.4 2025-12-08 00:02:27        32159.0
28         10               1175.2 2025-12-08 00:02:28        31157.0
29         10               1176.9 2025-12-08 00:02:29        30155.0
30         10               1174.4 2025-12-08 00:02:30        29153.0
31         10               1168.6 2025-12-08 00:02:31        28151.0
32         10               1169.6 2025-12-08 00:02:32        27149.0
33         10               1174.0 2025-12-08 00:02:33        26147.0
34         10               1170.5 2025-12-08 00:02:34        25145.0
35         10               1171.8 2025-12-08 00:02:35        24144.0
36         10               1170.9 2025-12-08 00:02:36        23142.0
37         10               1169.2 2025-12-08 00:02:37        22139.0
38         10               1171.1 2025-12-08 00:02:38        21135.0
39         10               1173.3 2025-12-08 00:02:39        20134.0
40         10               1172.9 2025-12-08 00:02:40        19131.0
41         10               1177.5 2025-12-08 00:02:41        18126.0
42         10               1169.7 2025-12-08 00:02:42        17125.0
43         10               1166.1 2025-12-08 00:02:43        16123.0
44         10               1171.0 2025-12-08 00:02:44        15120.0
45         10               1169.3 2025-12-08 00:02:45        14119.0
46         10               1172.8 2025-12-08 00:02:46        13107.0
47         10               1174.3 2025-12-08 00:02:47        12105.0
48         10               1169.5 2025-12-08 00:02:48        11100.0
49         10               1168.6 2025-12-08 00:02:49        10099.0
50         10               1169.2 2025-12-08 00:02:50         9076.0
51         10               1172.9 2025-12-08 00:02:51         8067.0
52         10               1169.6 2025-12-08 00:02:52         7034.0
53         10               1169.1 2025-12-08 00:02:53         6031.0
54         10               1165.1 2025-12-08 00:02:54         5030.0
55         10               1169.0 2025-12-08 00:02:55         4019.0
56         10               1169.0 2025-12-08 00:02:56         3017.0
57         10               1173.6 2025-12-08 00:02:57         2016.0
58         10               1169.1 2025-12-08 00:02:58         1011.0
59         10               1177.4 2025-12-08 00:02:59            9.0
Forecasted values:
    sensor_id  sensor_energy_value_prediction    sensor_timestamp
0          10                     1164.225098 2025-12-08 00:03:00
1          10                     1163.701660 2025-12-08 00:03:01
2          10                     1163.071289 2025-12-08 00:03:02
3          10                     1162.345581 2025-12-08 00:03:03
4          10                     1161.569458 2025-12-08 00:03:04
5          10                     1160.772705 2025-12-08 00:03:05
6          10                     1159.973633 2025-12-08 00:03:06
7          10                     1159.184204 2025-12-08 00:03:07
8          10                     1158.410767 2025-12-08 00:03:08
9          10                     1157.657715 2025-12-08 00:03:09
10         10                     1156.927002 2025-12-08 00:03:10
11         10                     1156.219727 2025-12-08 00:03:11
12         10                     1155.536255 2025-12-08 00:03:12
13         10                     1154.876465 2025-12-08 00:03:13
14         10                     1154.240234 2025-12-08 00:03:14
15         10                     1153.627197 2025-12-08 00:03:15
16         10                     1153.036743 2025-12-08 00:03:16
17         10                     1152.468262 2025-12-08 00:03:17
18         10                     1151.921509 2025-12-08 00:03:18
19         10                     1151.395630 2025-12-08 00:03:19
20         10                     1150.890259 2025-12-08 00:03:20
21         10                     1150.404419 2025-12-08 00:03:21
22         10                     1149.937988 2025-12-08 00:03:22
23         10                     1149.490112 2025-12-08 00:03:23
24         10                     1149.060181 2025-12-08 00:03:24
25         10                     1148.647583 2025-12-08 00:03:25
26         10                     1148.251953 2025-12-08 00:03:26
27         10                     1147.872437 2025-12-08 00:03:27
28         10                     1147.508667 2025-12-08 00:03:28
29         10                     1147.160034 2025-12-08 00:03:29
30         10                     1146.825928 2025-12-08 00:03:30
31         10                     1146.505859 2025-12-08 00:03:31
32         10                     1146.199219 2025-12-08 00:03:32
33         10                     1145.905273 2025-12-08 00:03:33
34         10                     1145.624023 2025-12-08 00:03:34
35         10                     1145.354736 2025-12-08 00:03:35
36         10                     1145.096558 2025-12-08 00:03:36
37         10                     1144.849731 2025-12-08 00:03:37
38         10                     1144.613403 2025-12-08 00:03:38
39         10                     1144.387085 2025-12-08 00:03:39
40         10                     1144.170532 2025-12-08 00:03:40
41         10                     1143.963257 2025-12-08 00:03:41
42         10                     1143.764893 2025-12-08 00:03:42
43         10                     1143.575073 2025-12-08 00:03:43
44         10                     1143.393433 2025-12-08 00:03:44
45         10                     1143.219727 2025-12-08 00:03:45
46         10                     1143.053467 2025-12-08 00:03:46
47         10                     1142.894287 2025-12-08 00:03:47
48         10                     1142.742065 2025-12-08 00:03:48
49         10                     1142.596558 2025-12-08 00:03:49
50         10                     1142.457275 2025-12-08 00:03:50
51         10                     1142.323975 2025-12-08 00:03:51
52         10                     1142.196533 2025-12-08 00:03:52
53         10                     1142.074829 2025-12-08 00:03:53
54         10                     1141.958252 2025-12-08 00:03:54
55         10                     1141.846802 2025-12-08 00:03:55
56         10                     1141.740234 2025-12-08 00:03:56
57         10                     1141.638184 2025-12-08 00:03:57
58         10                     1141.540649 2025-12-08 00:03:58
59         10                     1141.447510 2025-12-08 00:03:59
Forecasted values inserted into database
Exiting forecasting script

No new messages received yet.Trying again...
No new messages received yet.Trying again...
No new messages received yet.Trying again...
No new messages received yet.Trying again...
No new messages received yet.Trying again...
No new messages received yet.Trying again...
No new messages received yet.Trying again...
No new messages received yet.Trying again...
No new messages received yet.Trying again...
No new messages received yet.Trying again...
No new messages received yet.Trying again...
No new messages received yet.Trying again...
No new messages received yet.Trying again...
No new messages received yet.Trying again...
No new messages received yet.Trying again...
No new messages received yet.Trying again...
No new messages received yet.Trying again...
No new messages received yet.Trying again...
No new messages received yet.Trying again...
No new messages received yet.Trying again...
No new messages received yet.Trying again...
No new messages received yet.Trying again...
No new messages received yet.Trying again...
No new messages received yet.Trying again...
No new messages received yet.Trying again...
No new messages received yet.Trying again...
No new messages received yet.Trying again...
No new messages received yet.Trying again...
No new messages received yet.Trying again...
No new messages received yet.Trying again...
No new messages received yet.Trying again...
No new messages received yet.Trying again...

Actual data inserted to database
No retrain triggered
Triggering forecasting

Forecasting.py script logs
Database connection established
Value of --retrain flag: False

Forecasting for initial model using device10/initial/device10.keras and device10/initial/scaler.save
Successfully downloaded model and scaler from S3

Actual values fetched from database
    sensor_id  sensor_energy_value    sensor_timestamp  message_delay
0          10               1171.2 2025-12-08 00:03:00        59120.0
1          10               1173.9 2025-12-08 00:03:01        58112.0
2          10               1171.9 2025-12-08 00:03:02        57111.0
3          10               1169.8 2025-12-08 00:03:03        56109.0
4          10               1185.8 2025-12-08 00:03:04        55105.0
5          10               1170.1 2025-12-08 00:03:05        54100.0
6          10               1191.2 2025-12-08 00:03:06        53099.0
7          10               1166.4 2025-12-08 00:03:07        52096.0
8          10               1164.3 2025-12-08 00:03:08        51091.0
9          10               1175.5 2025-12-08 00:03:09        50090.0
10         10               1172.3 2025-12-08 00:03:10        49088.0
11         10               1168.3 2025-12-08 00:03:11        48085.0
12         10               1171.6 2025-12-08 00:03:12        47084.0
13         10               1167.8 2025-12-08 00:03:13        46082.0
14         10               1169.1 2025-12-08 00:03:14        45081.0
15         10               1179.5 2025-12-08 00:03:15        44078.0
16         10               1165.1 2025-12-08 00:03:16        43076.0
17         10               1167.3 2025-12-08 00:03:17        42074.0
18         10               1171.7 2025-12-08 00:03:18        41072.0
19         10               1173.7 2025-12-08 00:03:19        40071.0
20         10               1171.5 2025-12-08 00:03:20        39069.0
21         10               1175.9 2025-12-08 00:03:21        38068.0
22         10               1174.3 2025-12-08 00:03:22        37066.0
23         10               1180.4 2025-12-08 00:03:23        36064.0
24         10               1183.8 2025-12-08 00:03:24        35063.0
25         10               1163.9 2025-12-08 00:03:25        34062.0
26         10               1170.2 2025-12-08 00:03:26        33060.0
27         10               1207.2 2025-12-08 00:03:27        32058.0
28         10               1300.8 2025-12-08 00:03:28        31057.0
29         10               1277.4 2025-12-08 00:03:29        30056.0
30         10               1277.1 2025-12-08 00:03:30        29053.0
31         10               1277.2 2025-12-08 00:03:31        28052.0
32         10               1277.5 2025-12-08 00:03:32        27050.0
33         10               1280.9 2025-12-08 00:03:33        26049.0
34         10               1285.2 2025-12-08 00:03:34        25047.0
35         10               1290.8 2025-12-08 00:03:35        24046.0
36         10               1266.7 2025-12-08 00:03:36        23044.0
37         10               1279.2 2025-12-08 00:03:37        22042.0
38         10               1278.3 2025-12-08 00:03:38        21040.0
39         10               1280.6 2025-12-08 00:03:39        20039.0
40         10               1281.1 2025-12-08 00:03:40        19038.0
41         10               1274.5 2025-12-08 00:03:41        18037.0
42         10               1282.2 2025-12-08 00:03:42        17035.0
43         10               1273.4 2025-12-08 00:03:43        16034.0
44         10               1279.1 2025-12-08 00:03:44        15032.0
45         10               1276.6 2025-12-08 00:03:45        14031.0
46         10               1276.0 2025-12-08 00:03:46        13029.0
47         10               1275.1 2025-12-08 00:03:47        12028.0
48         10               1276.3 2025-12-08 00:03:48        11027.0
49         10               1274.8 2025-12-08 00:03:49        10025.0
50         10               1274.6 2025-12-08 00:03:50         9023.0
51         10               1277.9 2025-12-08 00:03:51         8022.0
52         10               1282.4 2025-12-08 00:03:52         7021.0
53         10               1286.4 2025-12-08 00:03:53         6019.0
54         10               1283.3 2025-12-08 00:03:54         5018.0
55         10               1276.1 2025-12-08 00:03:55         4016.0
56         10               1305.4 2025-12-08 00:03:56         3014.0
57         10               1347.6 2025-12-08 00:03:57         2013.0
58         10               1338.7 2025-12-08 00:03:58         1012.0
59         10               1337.0 2025-12-08 00:03:59            9.0
Forecasted values:
    sensor_id  sensor_energy_value_prediction    sensor_timestamp
0          10                     1281.458618 2025-12-08 00:04:00
1          10                     1280.769775 2025-12-08 00:04:01
2          10                     1279.224609 2025-12-08 00:04:02
3          10                     1276.948608 2025-12-08 00:04:03
4          10                     1274.223389 2025-12-08 00:04:04
5          10                     1271.238159 2025-12-08 00:04:05
6          10                     1268.113159 2025-12-08 00:04:06
7          10                     1264.922363 2025-12-08 00:04:07
8          10                     1261.711670 2025-12-08 00:04:08
9          10                     1258.508179 2025-12-08 00:04:09
10         10                     1255.328491 2025-12-08 00:04:10
11         10                     1252.182007 2025-12-08 00:04:11
12         10                     1249.074585 2025-12-08 00:04:12
13         10                     1246.009888 2025-12-08 00:04:13
14         10                     1242.989746 2025-12-08 00:04:14
15         10                     1240.015747 2025-12-08 00:04:15
16         10                     1237.089111 2025-12-08 00:04:16
17         10                     1234.211060 2025-12-08 00:04:17
18         10                     1231.382202 2025-12-08 00:04:18
19         10                     1228.603638 2025-12-08 00:04:19
20         10                     1225.876099 2025-12-08 00:04:20
21         10                     1223.200562 2025-12-08 00:04:21
22         10                     1220.577515 2025-12-08 00:04:22
23         10                     1218.007812 2025-12-08 00:04:23
24         10                     1215.491821 2025-12-08 00:04:24
25         10                     1213.030396 2025-12-08 00:04:25
26         10                     1210.623413 2025-12-08 00:04:26
27         10                     1208.271484 2025-12-08 00:04:27
28         10                     1205.974365 2025-12-08 00:04:28
29         10                     1203.731689 2025-12-08 00:04:29
30         10                     1201.544800 2025-12-08 00:04:30
31         10                     1199.412964 2025-12-08 00:04:31
32         10                     1197.336060 2025-12-08 00:04:32
33         10                     1195.314087 2025-12-08 00:04:33
34         10                     1193.346191 2025-12-08 00:04:34
35         10                     1191.432129 2025-12-08 00:04:35
36         10                     1189.571411 2025-12-08 00:04:36
37         10                     1187.763794 2025-12-08 00:04:37
38         10                     1186.008057 2025-12-08 00:04:38
39         10                     1184.303833 2025-12-08 00:04:39
40         10                     1182.650269 2025-12-08 00:04:40
41         10                     1181.046753 2025-12-08 00:04:41
42         10                     1179.492432 2025-12-08 00:04:42
43         10                     1177.986328 2025-12-08 00:04:43
44         10                     1176.527832 2025-12-08 00:04:44
45         10                     1175.115723 2025-12-08 00:04:45
46         10                     1173.749512 2025-12-08 00:04:46
47         10                     1172.427734 2025-12-08 00:04:47
48         10                     1171.149902 2025-12-08 00:04:48
49         10                     1169.914917 2025-12-08 00:04:49
50         10                     1168.721680 2025-12-08 00:04:50
51         10                     1167.569214 2025-12-08 00:04:51
52         10                     1166.456787 2025-12-08 00:04:52
53         10                     1165.382935 2025-12-08 00:04:53
54         10                     1164.347046 2025-12-08 00:04:54
55         10                     1163.348022 2025-12-08 00:04:55
56         10                     1162.385132 2025-12-08 00:04:56
57         10                     1161.456787 2025-12-08 00:04:57
58         10                     1160.562256 2025-12-08 00:04:58
59         10                     1159.700806 2025-12-08 00:04:59
Forecasted values inserted into database
Exiting forecasting script

No new messages received yet.Trying again...
No new messages received yet.Trying again...
No new messages received yet.Trying again...
No new messages received yet.Trying again...
No new messages received yet.Trying again...
No new messages received yet.Trying again...
No new messages received yet.Trying again...
No new messages received yet.Trying again...
No new messages received yet.Trying again...
No new messages received yet.Trying again...
No new messages received yet.Trying again...
No new messages received yet.Trying again...
No new messages received yet.Trying again...
No new messages received yet.Trying again...
No new messages received yet.Trying again...
No new messages received yet.Trying again...
No new messages received yet.Trying again...
No new messages received yet.Trying again...
No new messages received yet.Trying again...
No new messages received yet.Trying again...
No new messages received yet.Trying again...
No new messages received yet.Trying again...
No new messages received yet.Trying again...
No new messages received yet.Trying again...
No new messages received yet.Trying again...
No new messages received yet.Trying again...
No new messages received yet.Trying again...
No new messages received yet.Trying again...
No new messages received yet.Trying again...
No new messages received yet.Trying again...

Actual data inserted to database
No retrain triggered
Triggering forecasting

Forecasting.py script logs
Database connection established
Value of --retrain flag: False

Forecasting for initial model using device10/initial/device10.keras and device10/initial/scaler.save
Successfully downloaded model and scaler from S3

Actual values fetched from database
    sensor_id  sensor_energy_value    sensor_timestamp  message_delay
0          10               1347.4 2025-12-08 00:04:00        59141.0
1          10               1347.4 2025-12-08 00:04:01        58139.0
2          10               1337.7 2025-12-08 00:04:02        57138.0
3          10               1339.2 2025-12-08 00:04:03        56137.0
4          10               1341.2 2025-12-08 00:04:04        55135.0
5          10               1343.6 2025-12-08 00:04:05        54133.0
6          10               1351.0 2025-12-08 00:04:06        53132.0
7          10               1340.2 2025-12-08 00:04:07        52130.0
8          10               1346.8 2025-12-08 00:04:08        51128.0
9          10               1344.9 2025-12-08 00:04:09        50127.0
10         10               1343.8 2025-12-08 00:04:10        49126.0
11         10               1341.1 2025-12-08 00:04:11        48120.0
12         10               1347.9 2025-12-08 00:04:12        47116.0
13         10               1334.4 2025-12-08 00:04:13        46114.0
14         10               1332.2 2025-12-08 00:04:14        45112.0
15         10               1342.3 2025-12-08 00:04:15        44109.0
16         10               1348.0 2025-12-08 00:04:16        43106.0
17         10               1339.5 2025-12-08 00:04:17        42106.0
18         10               1338.1 2025-12-08 00:04:18        41104.0
19         10               1344.6 2025-12-08 00:04:19        40102.0
20         10               1346.1 2025-12-08 00:04:20        39101.0
21         10               1345.6 2025-12-08 00:04:21        38099.0
22         10               1348.8 2025-12-08 00:04:22        37098.0
23         10               1333.7 2025-12-08 00:04:23        36096.0
24         10               1336.8 2025-12-08 00:04:24        35095.0
25         10               1346.8 2025-12-08 00:04:25        34092.0
26         10               1340.7 2025-12-08 00:04:26        33089.0
27         10               1345.4 2025-12-08 00:04:27        32086.0
28         10               1346.4 2025-12-08 00:04:28        31085.0
29         10               1355.5 2025-12-08 00:04:29        30082.0
30         10               1339.8 2025-12-08 00:04:30        29077.0
31         10               1335.1 2025-12-08 00:04:31        28076.0
32         10               1350.0 2025-12-08 00:04:32        27075.0
33         10               1336.3 2025-12-08 00:04:33        26073.0
34         10               1336.4 2025-12-08 00:04:34        25069.0
35         10               1330.8 2025-12-08 00:04:35        24067.0
36         10               1353.1 2025-12-08 00:04:36        23066.0
37         10               1419.4 2025-12-08 00:04:37        22064.0
38         10               1417.6 2025-12-08 00:04:38        21063.0
39         10               1417.7 2025-12-08 00:04:39        20061.0
40         10               1419.5 2025-12-08 00:04:40        19060.0
41         10               1425.4 2025-12-08 00:04:41        18058.0
42         10               1422.1 2025-12-08 00:04:42        17055.0
43         10               1421.4 2025-12-08 00:04:43        16052.0
44         10               1423.2 2025-12-08 00:04:44        15051.0
45         10               1425.5 2025-12-08 00:04:45        14050.0
46         10               1425.0 2025-12-08 00:04:46        13047.0
47         10               1423.2 2025-12-08 00:04:47        12046.0
48         10               1425.8 2025-12-08 00:04:48        11044.0
49         10               1422.6 2025-12-08 00:04:49        10043.0
50         10               1429.2 2025-12-08 00:04:50         9041.0
51         10               1429.3 2025-12-08 00:04:51         8036.0
52         10               1428.0 2025-12-08 00:04:52         7034.0
53         10               1420.6 2025-12-08 00:04:53         6032.0
54         10               1416.6 2025-12-08 00:04:54         5031.0
55         10               1415.9 2025-12-08 00:04:55         4030.0
56         10               1416.2 2025-12-08 00:04:56         3028.0
57         10               1423.6 2025-12-08 00:04:57         2016.0
58         10               1420.8 2025-12-08 00:04:58         1013.0
59         10               1418.0 2025-12-08 00:04:59           12.0
Forecasted values:
    sensor_id  sensor_energy_value_prediction    sensor_timestamp
0          10                     1400.274902 2025-12-08 00:05:00
1          10                     1397.935425 2025-12-08 00:05:01
2          10                     1395.316162 2025-12-08 00:05:02
3          10                     1392.464355 2025-12-08 00:05:03
4          10                     1389.460449 2025-12-08 00:05:04
5          10                     1386.358765 2025-12-08 00:05:05
6          10                     1383.193726 2025-12-08 00:05:06
7          10                     1379.985718 2025-12-08 00:05:07
8          10                     1376.747559 2025-12-08 00:05:08
9          10                     1373.485229 2025-12-08 00:05:09
10         10                     1370.203857 2025-12-08 00:05:10
11         10                     1366.905273 2025-12-08 00:05:11
12         10                     1363.590820 2025-12-08 00:05:12
13         10                     1360.261353 2025-12-08 00:05:13
14         10                     1356.917725 2025-12-08 00:05:14
15         10                     1353.560669 2025-12-08 00:05:15
16         10                     1350.190308 2025-12-08 00:05:16
17         10                     1346.807617 2025-12-08 00:05:17
18         10                     1343.414185 2025-12-08 00:05:18
19         10                     1340.010132 2025-12-08 00:05:19
20         10                     1336.597168 2025-12-08 00:05:20
21         10                     1333.176270 2025-12-08 00:05:21
22         10                     1329.748657 2025-12-08 00:05:22
23         10                     1326.315796 2025-12-08 00:05:23
24         10                     1322.879517 2025-12-08 00:05:24
25         10                     1319.441162 2025-12-08 00:05:25
26         10                     1316.001465 2025-12-08 00:05:26
27         10                     1312.562988 2025-12-08 00:05:27
28         10                     1309.127075 2025-12-08 00:05:28
29         10                     1305.695679 2025-12-08 00:05:29
30         10                     1302.270142 2025-12-08 00:05:30
31         10                     1298.852783 2025-12-08 00:05:31
32         10                     1295.445557 2025-12-08 00:05:32
33         10                     1292.049561 2025-12-08 00:05:33
34         10                     1288.667480 2025-12-08 00:05:34
35         10                     1285.300781 2025-12-08 00:05:35
36         10                     1281.951904 2025-12-08 00:05:36
37         10                     1278.621582 2025-12-08 00:05:37
38         10                     1275.311035 2025-12-08 00:05:38
39         10                     1272.024658 2025-12-08 00:05:39
40         10                     1268.764038 2025-12-08 00:05:40
41         10                     1265.531250 2025-12-08 00:05:41
42         10                     1262.327881 2025-12-08 00:05:42
43         10                     1259.156128 2025-12-08 00:05:43
44         10                     1256.017700 2025-12-08 00:05:44
45         10                     1252.914551 2025-12-08 00:05:45
46         10                     1249.848022 2025-12-08 00:05:46
47         10                     1246.820312 2025-12-08 00:05:47
48         10                     1243.832764 2025-12-08 00:05:48
49         10                     1240.886719 2025-12-08 00:05:49
50         10                     1237.983887 2025-12-08 00:05:50
51         10                     1235.125366 2025-12-08 00:05:51
52         10                     1232.312500 2025-12-08 00:05:52
53         10                     1229.546753 2025-12-08 00:05:53
54         10                     1226.828979 2025-12-08 00:05:54
55         10                     1224.160400 2025-12-08 00:05:55
56         10                     1221.541504 2025-12-08 00:05:56
57         10                     1218.973389 2025-12-08 00:05:57
58         10                     1216.456543 2025-12-08 00:05:58
59         10                     1213.991455 2025-12-08 00:05:59
Forecasted values inserted into database
Exiting forecasting script

No new messages received yet.Trying again...
No new messages received yet.Trying again...
No new messages received yet.Trying again...
No new messages received yet.Trying again...
No new messages received yet.Trying again...
No new messages received yet.Trying again...
No new messages received yet.Trying again...
No new messages received yet.Trying again...
No new messages received yet.Trying again...
No new messages received yet.Trying again...
No new messages received yet.Trying again...
No new messages received yet.Trying again...
No new messages received yet.Trying again...
No new messages received yet.Trying again...
No new messages received yet.Trying again...
No new messages received yet.Trying again...
No new messages received yet.Trying again...
No new messages received yet.Trying again...
No new messages received yet.Trying again...
No new messages received yet.Trying again...
No new messages received yet.Trying again...
No new messages received yet.Trying again...
No new messages received yet.Trying again...
No new messages received yet.Trying again...
No new messages received yet.Trying again...
No new messages received yet.Trying again...
No new messages received yet.Trying again...
No new messages received yet.Trying again...
No new messages received yet.Trying again...
No new messages received yet.Trying again...
No new messages received yet.Trying again...
No new messages received yet.Trying again...
No new messages received yet.Trying again...
No new messages received yet.Trying again...
No new messages received yet.Trying again...

Actual data inserted to database
No retrain triggered
Triggering forecasting

Forecasting.py script logs
Database connection established
Value of --retrain flag: False

Forecasting for initial model using device10/initial/device10.keras and device10/initial/scaler.save
Successfully downloaded model and scaler from S3

Actual values fetched from database
    sensor_id  sensor_energy_value    sensor_timestamp  message_delay
0          10               1419.6 2025-12-08 00:05:00        59204.0
1          10               1423.3 2025-12-08 00:05:01        58203.0
2          10               1418.2 2025-12-08 00:05:02        57201.0
3          10               1420.7 2025-12-08 00:05:03        56200.0
4          10               1421.0 2025-12-08 00:05:04        55198.0
5          10               1419.3 2025-12-08 00:05:05        54197.0
6          10               1425.3 2025-12-08 00:05:06        53194.0
7          10               1433.0 2025-12-08 00:05:07        52193.0
8          10               1417.4 2025-12-08 00:05:08        51191.0
9          10               1426.6 2025-12-08 00:05:09        50189.0
10         10               1437.7 2025-12-08 00:05:10        49188.0
11         10               1418.0 2025-12-08 00:05:11        48187.0
12         10               1418.7 2025-12-08 00:05:12        47186.0
13         10               1418.7 2025-12-08 00:05:13        46184.0
14         10               1419.6 2025-12-08 00:05:14        45183.0
15         10               1424.2 2025-12-08 00:05:15        44181.0
16         10               1426.9 2025-12-08 00:05:16        43180.0
17         10               1426.4 2025-12-08 00:05:17        42179.0
18         10               1421.5 2025-12-08 00:05:18        41177.0
19         10               1428.6 2025-12-08 00:05:19        40176.0
20         10               1428.6 2025-12-08 00:05:20        39175.0
21         10               1429.4 2025-12-08 00:05:21        38173.0
22         10               1426.4 2025-12-08 00:05:22        37171.0
23         10               1422.6 2025-12-08 00:05:23        36170.0
24         10               1423.5 2025-12-08 00:05:24        35169.0
25         10               1421.9 2025-12-08 00:05:25        34167.0
26         10               1486.5 2025-12-08 00:05:26        33166.0
27         10               1541.7 2025-12-08 00:05:27        32164.0
28         10               1561.5 2025-12-08 00:05:28        31163.0
29         10               1550.5 2025-12-08 00:05:29        30161.0
30         10               1558.5 2025-12-08 00:05:30        29160.0
31         10               1578.8 2025-12-08 00:05:31        28158.0
32         10               1561.6 2025-12-08 00:05:32        27157.0
33         10               1575.6 2025-12-08 00:05:33        26156.0
34         10               1555.6 2025-12-08 00:05:34        25154.0
35         10               1558.7 2025-12-08 00:05:35        24153.0
36         10               1559.3 2025-12-08 00:05:36        23152.0
37         10               1559.2 2025-12-08 00:05:37        22150.0
38         10               1554.4 2025-12-08 00:05:38        21148.0
39         10               1557.6 2025-12-08 00:05:39        20147.0
40         10               1560.4 2025-12-08 00:05:40        19145.0
41         10               1558.5 2025-12-08 00:05:41        18144.0
42         10               1558.1 2025-12-08 00:05:42        17142.0
43         10               1560.9 2025-12-08 00:05:43        16141.0
44         10               1556.0 2025-12-08 00:05:44        15139.0
45         10               1558.1 2025-12-08 00:05:45        14138.0
46         10               1564.1 2025-12-08 00:05:46        13137.0
47         10               1553.0 2025-12-08 00:05:47        12134.0
48         10               1559.9 2025-12-08 00:05:48        11132.0
49         10               1559.2 2025-12-08 00:05:49        10130.0
50         10               1561.0 2025-12-08 00:05:50         9128.0
51         10               1558.9 2025-12-08 00:05:51         8124.0
52         10               1558.9 2025-12-08 00:05:52         7120.0
53         10               1556.0 2025-12-08 00:05:53         6119.0
54         10               1561.9 2025-12-08 00:05:54         5117.0
55         10               1556.5 2025-12-08 00:05:55         4116.0
56         10               1556.9 2025-12-08 00:05:56         3113.0
57         10               1562.3 2025-12-08 00:05:57         2112.0
58         10               1559.5 2025-12-08 00:05:58         1110.0
59         10               1556.2 2025-12-08 00:05:59          108.0
Forecasted values:
    sensor_id  sensor_energy_value_prediction    sensor_timestamp
0          10                     1558.721558 2025-12-08 00:06:00
1          10                     1558.897827 2025-12-08 00:06:01
2          10                     1559.078369 2025-12-08 00:06:02
3          10                     1559.275146 2025-12-08 00:06:03
4          10                     1559.489014 2025-12-08 00:06:04
5          10                     1559.719604 2025-12-08 00:06:05
6          10                     1559.966675 2025-12-08 00:06:06
7          10                     1560.229004 2025-12-08 00:06:07
8          10                     1560.505981 2025-12-08 00:06:08
9          10                     1560.798462 2025-12-08 00:06:09
10         10                     1561.104370 2025-12-08 00:06:10
11         10                     1561.423828 2025-12-08 00:06:11
12         10                     1561.757812 2025-12-08 00:06:12
13         10                     1562.104492 2025-12-08 00:06:13
14         10                     1562.464478 2025-12-08 00:06:14
15         10                     1562.837036 2025-12-08 00:06:15
16         10                     1563.221680 2025-12-08 00:06:16
17         10                     1563.618408 2025-12-08 00:06:17
18         10                     1564.027588 2025-12-08 00:06:18
19         10                     1564.448975 2025-12-08 00:06:19
20         10                     1564.881714 2025-12-08 00:06:20
21         10                     1565.326172 2025-12-08 00:06:21
22         10                     1565.781982 2025-12-08 00:06:22
23         10                     1566.249512 2025-12-08 00:06:23
24         10                     1566.728394 2025-12-08 00:06:24
25         10                     1567.218262 2025-12-08 00:06:25
26         10                     1567.719604 2025-12-08 00:06:26
27         10                     1568.227661 2025-12-08 00:06:27
28         10                     1568.744019 2025-12-08 00:06:28
29         10                     1569.271729 2025-12-08 00:06:29
30         10                     1569.813477 2025-12-08 00:06:30
31         10                     1570.368286 2025-12-08 00:06:31
32         10                     1570.935425 2025-12-08 00:06:32
33         10                     1571.518188 2025-12-08 00:06:33
34         10                     1572.114746 2025-12-08 00:06:34
35         10                     1572.727905 2025-12-08 00:06:35
36         10                     1573.356201 2025-12-08 00:06:36
37         10                     1574.000244 2025-12-08 00:06:37
38         10                     1574.660522 2025-12-08 00:06:38
39         10                     1575.338379 2025-12-08 00:06:39
40         10                     1576.032837 2025-12-08 00:06:40
41         10                     1576.744873 2025-12-08 00:06:41
42         10                     1577.475464 2025-12-08 00:06:42
43         10                     1578.224487 2025-12-08 00:06:43
44         10                     1578.992920 2025-12-08 00:06:44
45         10                     1579.781372 2025-12-08 00:06:45
46         10                     1580.590088 2025-12-08 00:06:46
47         10                     1581.419067 2025-12-08 00:06:47
48         10                     1582.270630 2025-12-08 00:06:48
49         10                     1583.143677 2025-12-08 00:06:49
50         10                     1584.039429 2025-12-08 00:06:50
51         10                     1584.958252 2025-12-08 00:06:51
52         10                     1585.901245 2025-12-08 00:06:52
53         10                     1586.869019 2025-12-08 00:06:53
54         10                     1587.862183 2025-12-08 00:06:54
55         10                     1588.880981 2025-12-08 00:06:55
56         10                     1589.926880 2025-12-08 00:06:56
57         10                     1591.000122 2025-12-08 00:06:57
58         10                     1592.101318 2025-12-08 00:06:58
59         10                     1593.231445 2025-12-08 00:06:59
Forecasted values inserted into database
Exiting forecasting script

No new messages received yet.Trying again...
No new messages received yet.Trying again...
No new messages received yet.Trying again...
No new messages received yet.Trying again...
No new messages received yet.Trying again...
No new messages received yet.Trying again...
No new messages received yet.Trying again...
No new messages received yet.Trying again...
No new messages received yet.Trying again...
No new messages received yet.Trying again...
No new messages received yet.Trying again...
No new messages received yet.Trying again...
No new messages received yet.Trying again...
No new messages received yet.Trying again...
No new messages received yet.Trying again...
No new messages received yet.Trying again...
No new messages received yet.Trying again...
No new messages received yet.Trying again...
No new messages received yet.Trying again...
No new messages received yet.Trying again...
No new messages received yet.Trying again...
No new messages received yet.Trying again...
No new messages received yet.Trying again...
No new messages received yet.Trying again...
No new messages received yet.Trying again...
No new messages received yet.Trying again...
No new messages received yet.Trying again...
No new messages received yet.Trying again...
No new messages received yet.Trying again...

Actual data inserted to database
No retrain triggered
Triggering forecasting

Forecasting.py script logs
Database connection established
Value of --retrain flag: False

Forecasting for initial model using device10/initial/device10.keras and device10/initial/scaler.save
Successfully downloaded model and scaler from S3

Actual values fetched from database
    sensor_id  sensor_energy_value    sensor_timestamp  message_delay
0          10               1565.2 2025-12-08 00:06:00        59155.0
1          10               1562.2 2025-12-08 00:06:01        58154.0
2          10               1565.4 2025-12-08 00:06:02        57152.0
3          10               1561.2 2025-12-08 00:06:03        56123.0
4          10               1557.8 2025-12-08 00:06:04        55119.0
5          10               1560.2 2025-12-08 00:06:05        54114.0
6          10               1560.8 2025-12-08 00:06:06        53109.0
7          10               1562.0 2025-12-08 00:06:07        52107.0
8          10               1557.4 2025-12-08 00:06:08        51106.0
9          10               1567.2 2025-12-08 00:06:09        50104.0
10         10               1569.9 2025-12-08 00:06:10        49103.0
11         10               1559.0 2025-12-08 00:06:11        48101.0
12         10               1577.0 2025-12-08 00:06:12        47099.0
13         10               1562.9 2025-12-08 00:06:13        46097.0
14         10               1559.6 2025-12-08 00:06:14        45096.0
15         10               1561.2 2025-12-08 00:06:15        44082.0
16         10               1556.5 2025-12-08 00:06:16        43080.0
17         10               1557.6 2025-12-08 00:06:17        42078.0
18         10               1576.1 2025-12-08 00:06:18        41076.0
19         10               1567.9 2025-12-08 00:06:19        40072.0
20         10               1563.4 2025-12-08 00:06:20        39071.0
21         10               1560.5 2025-12-08 00:06:21        38069.0
22         10               1562.1 2025-12-08 00:06:22        37067.0
23         10               1562.5 2025-12-08 00:06:23        36064.0
24         10               1561.6 2025-12-08 00:06:24        35063.0
25         10               1560.0 2025-12-08 00:06:25        34061.0
26         10               1569.5 2025-12-08 00:06:26        33059.0
27         10               1559.9 2025-12-08 00:06:27        32058.0
28         10               1563.0 2025-12-08 00:06:28        31057.0
29         10               1557.2 2025-12-08 00:06:29        30055.0
30         10               1560.4 2025-12-08 00:06:30        29054.0
31         10               1560.3 2025-12-08 00:06:31        28053.0
32         10               1570.6 2025-12-08 00:06:32        27051.0
33         10               1562.7 2025-12-08 00:06:33        26050.0
34         10               1560.2 2025-12-08 00:06:34        25048.0
35         10               1558.2 2025-12-08 00:06:35        24046.0
36         10               1558.5 2025-12-08 00:06:36        23045.0
37         10               1559.8 2025-12-08 00:06:37        22043.0
38         10               1560.9 2025-12-08 00:06:38        21039.0
39         10               1563.8 2025-12-08 00:06:39        20037.0
40         10               1556.1 2025-12-08 00:06:40        19036.0
41         10               1560.8 2025-12-08 00:06:41        18034.0
42         10               1563.3 2025-12-08 00:06:42        17033.0
43         10               1561.1 2025-12-08 00:06:43        16032.0
44         10               1564.5 2025-12-08 00:06:44        15031.0
45         10               1560.4 2025-12-08 00:06:45        14030.0
46         10               1560.0 2025-12-08 00:06:46        13028.0
47         10               1557.3 2025-12-08 00:06:47        12027.0
48         10               1562.7 2025-12-08 00:06:48        11026.0
49         10               1563.8 2025-12-08 00:06:49        10024.0
50         10               1562.0 2025-12-08 00:06:50         9022.0
51         10               1563.6 2025-12-08 00:06:51         8021.0
52         10               1558.6 2025-12-08 00:06:52         7019.0
53         10               1559.8 2025-12-08 00:06:53         6018.0
54         10               1557.2 2025-12-08 00:06:54         5017.0
55         10               1561.4 2025-12-08 00:06:55         4015.0
56         10               1568.6 2025-12-08 00:06:56         3014.0
57         10               1571.0 2025-12-08 00:06:57         2012.0
58         10               1561.0 2025-12-08 00:06:58         1011.0
59         10               1560.3 2025-12-08 00:06:59           10.0
Forecasted values:
    sensor_id  sensor_energy_value_prediction    sensor_timestamp
0          10                     1565.277344 2025-12-08 00:07:00
1          10                     1565.675659 2025-12-08 00:07:01
2          10                     1566.087769 2025-12-08 00:07:02
3          10                     1566.528198 2025-12-08 00:07:03
4          10                     1566.992920 2025-12-08 00:07:04
5          10                     1567.477173 2025-12-08 00:07:05
6          10                     1567.977295 2025-12-08 00:07:06
7          10                     1568.491943 2025-12-08 00:07:07
8          10                     1569.020020 2025-12-08 00:07:08
9          10                     1569.561523 2025-12-08 00:07:09
10         10                     1570.115479 2025-12-08 00:07:10
11         10                     1570.682983 2025-12-08 00:07:11
12         10                     1571.264648 2025-12-08 00:07:12
13         10                     1571.859253 2025-12-08 00:07:13
14         10                     1572.469360 2025-12-08 00:07:14
15         10                     1573.094727 2025-12-08 00:07:15
16         10                     1573.735107 2025-12-08 00:07:16
17         10                     1574.391724 2025-12-08 00:07:17
18         10                     1575.064575 2025-12-08 00:07:18
19         10                     1575.752686 2025-12-08 00:07:19
20         10                     1576.458984 2025-12-08 00:07:20
21         10                     1577.183350 2025-12-08 00:07:21
22         10                     1577.926514 2025-12-08 00:07:22
23         10                     1578.688232 2025-12-08 00:07:23
24         10                     1579.469360 2025-12-08 00:07:24
25         10                     1580.270630 2025-12-08 00:07:25
26         10                     1581.092407 2025-12-08 00:07:26
27         10                     1581.934448 2025-12-08 00:07:27
28         10                     1582.799316 2025-12-08 00:07:28
29         10                     1583.686279 2025-12-08 00:07:29
30         10                     1584.596191 2025-12-08 00:07:30
31         10                     1585.529907 2025-12-08 00:07:31
32         10                     1586.487671 2025-12-08 00:07:32
33         10                     1587.469971 2025-12-08 00:07:33
34         10                     1588.478149 2025-12-08 00:07:34
35         10                     1589.513306 2025-12-08 00:07:35
36         10                     1590.575439 2025-12-08 00:07:36
37         10                     1591.665527 2025-12-08 00:07:37
38         10                     1592.784180 2025-12-08 00:07:38
39         10                     1593.932007 2025-12-08 00:07:39
40         10                     1595.109985 2025-12-08 00:07:40
41         10                     1596.319824 2025-12-08 00:07:41
42         10                     1597.560913 2025-12-08 00:07:42
43         10                     1598.834839 2025-12-08 00:07:43
44         10                     1600.142700 2025-12-08 00:07:44
45         10                     1601.485229 2025-12-08 00:07:45
46         10                     1602.863647 2025-12-08 00:07:46
47         10                     1604.278809 2025-12-08 00:07:47
48         10                     1605.732056 2025-12-08 00:07:48
49         10                     1607.223389 2025-12-08 00:07:49
50         10                     1608.754639 2025-12-08 00:07:50
51         10                     1610.327026 2025-12-08 00:07:51
52         10                     1611.941650 2025-12-08 00:07:52
53         10                     1613.599731 2025-12-08 00:07:53
54         10                     1615.302124 2025-12-08 00:07:54
55         10                     1617.050659 2025-12-08 00:07:55
56         10                     1618.845947 2025-12-08 00:07:56
57         10                     1620.689087 2025-12-08 00:07:57
58         10                     1622.581787 2025-12-08 00:07:58
59         10                     1624.526733 2025-12-08 00:07:59
Forecasted values inserted into database
Exiting forecasting script

No new messages received yet.Trying again...
No new messages received yet.Trying again...
No new messages received yet.Trying again...
No new messages received yet.Trying again...
No new messages received yet.Trying again...
No new messages received yet.Trying again...
No new messages received yet.Trying again...
No new messages received yet.Trying again...
No new messages received yet.Trying again...
No new messages received yet.Trying again...
No new messages received yet.Trying again...
No new messages received yet.Trying again...
No new messages received yet.Trying again...
No new messages received yet.Trying again...
No new messages received yet.Trying again...
No new messages received yet.Trying again...
No new messages received yet.Trying again...
No new messages received yet.Trying again...
No new messages received yet.Trying again...
No new messages received yet.Trying again...
No new messages received yet.Trying again...
No new messages received yet.Trying again...
No new messages received yet.Trying again...
No new messages received yet.Trying again...
No new messages received yet.Trying again...
No new messages received yet.Trying again...
No new messages received yet.Trying again...
No new messages received yet.Trying again...
No new messages received yet.Trying again...
No new messages received yet.Trying again...
No new messages received yet.Trying again...
No new messages received yet.Trying again...
No new messages received yet.Trying again...
No new messages received yet.Trying again...
No new messages received yet.Trying again...
No new messages received yet.Trying again...

Actual data inserted to database
No retrain triggered
Triggering forecasting

Forecasting.py script logs
Database connection established
Value of --retrain flag: False

Forecasting for initial model using device10/initial/device10.keras and device10/initial/scaler.save
Successfully downloaded model and scaler from S3

Actual values fetched from database
    sensor_id  sensor_energy_value    sensor_timestamp  message_delay
0          10               1566.8 2025-12-08 00:07:00        59094.0
1          10               1564.8 2025-12-08 00:07:01        58093.0
2          10               1565.6 2025-12-08 00:07:02        57092.0
3          10               1564.7 2025-12-08 00:07:03        56090.0
4          10               1560.1 2025-12-08 00:07:04        55089.0
5          10               1557.1 2025-12-08 00:07:05        54088.0
6          10               1557.1 2025-12-08 00:07:06        53086.0
7          10               1561.0 2025-12-08 00:07:07        52085.0
8          10               1556.3 2025-12-08 00:07:08        51083.0
9          10               1565.0 2025-12-08 00:07:09        50082.0
10         10               1557.6 2025-12-08 00:07:10        49081.0
11         10               1562.0 2025-12-08 00:07:11        48079.0
12         10               1558.0 2025-12-08 00:07:12        47078.0
13         10               1562.1 2025-12-08 00:07:13        46077.0
14         10               1558.8 2025-12-08 00:07:14        45075.0
15         10               1563.7 2025-12-08 00:07:15        44074.0
16         10               1561.0 2025-12-08 00:07:16        43073.0
17         10               1561.0 2025-12-08 00:07:17        42071.0
18         10               1561.9 2025-12-08 00:07:18        41070.0
19         10               1568.6 2025-12-08 00:07:19        40068.0
20         10               1567.3 2025-12-08 00:07:20        39067.0
21         10               1558.9 2025-12-08 00:07:21        38066.0
22         10               1557.3 2025-12-08 00:07:22        37065.0
23         10               1563.7 2025-12-08 00:07:23        36062.0
24         10               1564.6 2025-12-08 00:07:24        35061.0
25         10               1560.6 2025-12-08 00:07:25        34060.0
26         10               1565.2 2025-12-08 00:07:26        33058.0
27         10               1554.9 2025-12-08 00:07:27        32057.0
28         10               1560.4 2025-12-08 00:07:28        31056.0
29         10               1560.3 2025-12-08 00:07:29        30054.0
30         10               1580.3 2025-12-08 00:07:30        29052.0
31         10               1560.4 2025-12-08 00:07:31        28049.0
32         10               1562.4 2025-12-08 00:07:32        27048.0
33         10               1562.8 2025-12-08 00:07:33        26047.0
34         10               1559.9 2025-12-08 00:07:34        25046.0
35         10               1560.1 2025-12-08 00:07:35        24045.0
36         10               1559.9 2025-12-08 00:07:36        23043.0
37         10               1563.0 2025-12-08 00:07:37        22042.0
38         10               1562.1 2025-12-08 00:07:38        21041.0
39         10               1562.5 2025-12-08 00:07:39        20040.0
40         10               1561.6 2025-12-08 00:07:40        19039.0
41         10               1562.9 2025-12-08 00:07:41        18037.0
42         10               1568.3 2025-12-08 00:07:42        17036.0
43         10               1556.1 2025-12-08 00:07:43        16034.0
44         10               1552.5 2025-12-08 00:07:44        15033.0
45         10               1559.3 2025-12-08 00:07:45        14031.0
46         10               1560.9 2025-12-08 00:07:46        13030.0
47         10               1564.1 2025-12-08 00:07:47        12029.0
48         10               1559.1 2025-12-08 00:07:48        11028.0
49         10               1559.9 2025-12-08 00:07:49        10027.0
50         10               1559.1 2025-12-08 00:07:50         9025.0
51         10               1562.5 2025-12-08 00:07:51         8023.0
52         10               1557.8 2025-12-08 00:07:52         7021.0
53         10               1558.8 2025-12-08 00:07:53         6020.0
54         10               1558.5 2025-12-08 00:07:54         5018.0
55         10               1563.4 2025-12-08 00:07:55         4017.0
56         10               1567.0 2025-12-08 00:07:56         3015.0
57         10               1566.0 2025-12-08 00:07:57         2013.0
58         10               1565.2 2025-12-08 00:07:58         1012.0
59         10               1563.3 2025-12-08 00:07:59           11.0
Forecasted values:
    sensor_id  sensor_energy_value_prediction    sensor_timestamp
0          10                     1565.183960 2025-12-08 00:08:00
1          10                     1565.655518 2025-12-08 00:08:01
2          10                     1566.125610 2025-12-08 00:08:02
3          10                     1566.602661 2025-12-08 00:08:03
4          10                     1567.089111 2025-12-08 00:08:04
5          10                     1567.585693 2025-12-08 00:08:05
6          10                     1568.093506 2025-12-08 00:08:06
7          10                     1568.612793 2025-12-08 00:08:07
8          10                     1569.143921 2025-12-08 00:08:08
9          10                     1569.687622 2025-12-08 00:08:09
10         10                     1570.243896 2025-12-08 00:08:10
11         10                     1570.814087 2025-12-08 00:08:11
12         10                     1571.397827 2025-12-08 00:08:12
13         10                     1571.996094 2025-12-08 00:08:13
14         10                     1572.608521 2025-12-08 00:08:14
15         10                     1573.236450 2025-12-08 00:08:15
16         10                     1573.879517 2025-12-08 00:08:16
17         10                     1574.538940 2025-12-08 00:08:17
18         10                     1575.214600 2025-12-08 00:08:18
19         10                     1575.907227 2025-12-08 00:08:19
20         10                     1576.616699 2025-12-08 00:08:20
21         10                     1577.344604 2025-12-08 00:08:21
22         10                     1578.091187 2025-12-08 00:08:22
23         10                     1578.856812 2025-12-08 00:08:23
24         10                     1579.641968 2025-12-08 00:08:24
25         10                     1580.446655 2025-12-08 00:08:25
26         10                     1581.272461 2025-12-08 00:08:26
27         10                     1582.119019 2025-12-08 00:08:27
28         10                     1582.988403 2025-12-08 00:08:28
29         10                     1583.879639 2025-12-08 00:08:29
30         10                     1584.793823 2025-12-08 00:08:30
31         10                     1585.730469 2025-12-08 00:08:31
32         10                     1586.693481 2025-12-08 00:08:32
33         10                     1587.681152 2025-12-08 00:08:33
34         10                     1588.694580 2025-12-08 00:08:34
35         10                     1589.734863 2025-12-08 00:08:35
36         10                     1590.802368 2025-12-08 00:08:36
37         10                     1591.897949 2025-12-08 00:08:37
38         10                     1593.021973 2025-12-08 00:08:38
39         10                     1594.176025 2025-12-08 00:08:39
40         10                     1595.360352 2025-12-08 00:08:40
41         10                     1596.575928 2025-12-08 00:08:41
42         10                     1597.823975 2025-12-08 00:08:42
43         10                     1599.104858 2025-12-08 00:08:43
44         10                     1600.420166 2025-12-08 00:08:44
45         10                     1601.770996 2025-12-08 00:08:45
46         10                     1603.157104 2025-12-08 00:08:46
47         10                     1604.580200 2025-12-08 00:08:47
48         10                     1606.040771 2025-12-08 00:08:48
49         10                     1607.541138 2025-12-08 00:08:49
50         10                     1609.081055 2025-12-08 00:08:50
51         10                     1610.662720 2025-12-08 00:08:51
52         10                     1612.286133 2025-12-08 00:08:52
53         10                     1613.953735 2025-12-08 00:08:53
54         10                     1615.665894 2025-12-08 00:08:54
55         10                     1617.423950 2025-12-08 00:08:55
56         10                     1619.229248 2025-12-08 00:08:56
57         10                     1621.082886 2025-12-08 00:08:57
58         10                     1622.986694 2025-12-08 00:08:58
59         10                     1624.942139 2025-12-08 00:08:59
Forecasted values inserted into database
Exiting forecasting script

No new messages received yet.Trying again...
No new messages received yet.Trying again...
No new messages received yet.Trying again...
No new messages received yet.Trying again...
No new messages received yet.Trying again...
No new messages received yet.Trying again...
No new messages received yet.Trying again...
No new messages received yet.Trying again...
No new messages received yet.Trying again...
No new messages received yet.Trying again...
No new messages received yet.Trying again...
No new messages received yet.Trying again...
No new messages received yet.Trying again...
No new messages received yet.Trying again...
No new messages received yet.Trying again...
No new messages received yet.Trying again...
No new messages received yet.Trying again...
No new messages received yet.Trying again...
No new messages received yet.Trying again...
No new messages received yet.Trying again...
No new messages received yet.Trying again...
No new messages received yet.Trying again...
No new messages received yet.Trying again...
No new messages received yet.Trying again...
No new messages received yet.Trying again...
No new messages received yet.Trying again...
No new messages received yet.Trying again...
No new messages received yet.Trying again...
No new messages received yet.Trying again...
No new messages received yet.Trying again...
No new messages received yet.Trying again...
No new messages received yet.Trying again...
No new messages received yet.Trying again...
No new messages received yet.Trying again...
No new messages received yet.Trying again...

Actual data inserted to database
No retrain triggered
Triggering forecasting

Forecasting.py script logs
Database connection established
Value of --retrain flag: False

Forecasting for initial model using device10/initial/device10.keras and device10/initial/scaler.save
Successfully downloaded model and scaler from S3

Actual values fetched from database
    sensor_id  sensor_energy_value    sensor_timestamp  message_delay
0          10               1566.1 2025-12-08 00:08:00        59094.0
1          10               1567.0 2025-12-08 00:08:01        58092.0
2          10               1564.3 2025-12-08 00:08:02        57089.0
3          10               1560.9 2025-12-08 00:08:03        56088.0
4          10               1570.0 2025-12-08 00:08:04        55086.0
5          10               1561.1 2025-12-08 00:08:05        54085.0
6          10               1563.0 2025-12-08 00:08:06        53083.0
7          10               1561.4 2025-12-08 00:08:07        52082.0
8          10               1562.5 2025-12-08 00:08:08        51081.0
9          10               1562.5 2025-12-08 00:08:09        50079.0
10         10               1564.2 2025-12-08 00:08:10        49078.0
11         10               1563.6 2025-12-08 00:08:11        48077.0
12         10               1564.1 2025-12-08 00:08:12        47076.0
13         10               1564.1 2025-12-08 00:08:13        46075.0
14         10               1566.4 2025-12-08 00:08:14        45074.0
15         10               1559.1 2025-12-08 00:08:15        44072.0
16         10               1560.5 2025-12-08 00:08:16        43070.0
17         10               1562.7 2025-12-08 00:08:17        42069.0
18         10               1562.6 2025-12-08 00:08:18        41067.0
19         10               1566.0 2025-12-08 00:08:19        40066.0
20         10               1570.3 2025-12-08 00:08:20        39065.0
21         10               1561.8 2025-12-08 00:08:21        38063.0
22         10               1562.6 2025-12-08 00:08:22        37060.0
23         10               1560.8 2025-12-08 00:08:23        36059.0
24         10               1573.3 2025-12-08 00:08:24        35058.0
25         10               1563.6 2025-12-08 00:08:25        34056.0
26         10               1571.3 2025-12-08 00:08:26        33055.0
27         10               1563.6 2025-12-08 00:08:27        32054.0
28         10               1566.7 2025-12-08 00:08:28        31052.0
29         10               1560.9 2025-12-08 00:08:29        30051.0
30         10               1566.1 2025-12-08 00:08:30        29050.0
31         10               1562.3 2025-12-08 00:08:31        28049.0
32         10               1563.4 2025-12-08 00:08:32        27047.0
33         10               1568.4 2025-12-08 00:08:33        26045.0
34         10               1580.5 2025-12-08 00:08:34        25043.0
35         10               1565.1 2025-12-08 00:08:35        24042.0
36         10               1566.4 2025-12-08 00:08:36        23041.0
37         10               1565.0 2025-12-08 00:08:37        22039.0
38         10               1565.5 2025-12-08 00:08:38        21038.0
39         10               1567.6 2025-12-08 00:08:39        20036.0
40         10               1567.8 2025-12-08 00:08:40        19035.0
41         10               1563.8 2025-12-08 00:08:41        18034.0
42         10               1578.7 2025-12-08 00:08:42        17033.0
43         10               1564.3 2025-12-08 00:08:43        16031.0
44         10               1564.6 2025-12-08 00:08:44        15030.0
45         10               1569.4 2025-12-08 00:08:45        14029.0
46         10               1567.0 2025-12-08 00:08:46        13027.0
47         10               1563.1 2025-12-08 00:08:47        12026.0
48         10               1564.6 2025-12-08 00:08:48        11025.0
49         10               1563.7 2025-12-08 00:08:49        10024.0
50         10               1581.2 2025-12-08 00:08:50         9022.0
51         10               1575.9 2025-12-08 00:08:51         8021.0
52         10               1564.2 2025-12-08 00:08:52         7019.0
53         10               1564.9 2025-12-08 00:08:53         6018.0
54         10               1564.0 2025-12-08 00:08:54         5017.0
55         10               1565.3 2025-12-08 00:08:55         4015.0
56         10               1567.1 2025-12-08 00:08:56         3014.0
57         10               1567.8 2025-12-08 00:08:57         2012.0
58         10               1567.4 2025-12-08 00:08:58         1011.0
59         10               1570.1 2025-12-08 00:08:59           10.0
Forecasted values:
    sensor_id  sensor_energy_value_prediction    sensor_timestamp
0          10                     1571.340576 2025-12-08 00:09:00
1          10                     1571.844238 2025-12-08 00:09:01
2          10                     1572.405396 2025-12-08 00:09:02
3          10                     1573.011597 2025-12-08 00:09:03
4          10                     1573.650757 2025-12-08 00:09:04
5          10                     1574.314697 2025-12-08 00:09:05
6          10                     1575.000732 2025-12-08 00:09:06
7          10                     1575.705322 2025-12-08 00:09:07
8          10                     1576.427856 2025-12-08 00:09:08
9          10                     1577.167725 2025-12-08 00:09:09
10         10                     1577.925415 2025-12-08 00:09:10
11         10                     1578.700928 2025-12-08 00:09:11
12         10                     1579.495117 2025-12-08 00:09:12
13         10                     1580.308472 2025-12-08 00:09:13
14         10                     1581.141602 2025-12-08 00:09:14
15         10                     1581.995239 2025-12-08 00:09:15
16         10                     1582.870483 2025-12-08 00:09:16
17         10                     1583.767334 2025-12-08 00:09:17
18         10                     1584.686401 2025-12-08 00:09:18
19         10                     1585.628784 2025-12-08 00:09:19
20         10                     1586.594971 2025-12-08 00:09:20
21         10                     1587.585205 2025-12-08 00:09:21
22         10                     1588.601562 2025-12-08 00:09:22
23         10                     1589.643799 2025-12-08 00:09:23
24         10                     1590.712891 2025-12-08 00:09:24
25         10                     1591.808716 2025-12-08 00:09:25
26         10                     1592.933594 2025-12-08 00:09:26
27         10                     1594.087280 2025-12-08 00:09:27
28         10                     1595.271362 2025-12-08 00:09:28
29         10                     1596.486328 2025-12-08 00:09:29
30         10                     1597.733398 2025-12-08 00:09:30
31         10                     1599.012695 2025-12-08 00:09:31
32         10                     1600.326050 2025-12-08 00:09:32
33         10                     1601.673828 2025-12-08 00:09:33
34         10                     1603.056763 2025-12-08 00:09:34
35         10                     1604.475586 2025-12-08 00:09:35
36         10                     1605.933350 2025-12-08 00:09:36
37         10                     1607.429810 2025-12-08 00:09:37
38         10                     1608.966187 2025-12-08 00:09:38
39         10                     1610.543579 2025-12-08 00:09:39
40         10                     1612.162964 2025-12-08 00:09:40
41         10                     1613.825684 2025-12-08 00:09:41
42         10                     1615.533325 2025-12-08 00:09:42
43         10                     1617.286011 2025-12-08 00:09:43
44         10                     1619.086914 2025-12-08 00:09:44
45         10                     1620.936523 2025-12-08 00:09:45
46         10                     1622.835571 2025-12-08 00:09:46
47         10                     1624.786255 2025-12-08 00:09:47
48         10                     1626.790039 2025-12-08 00:09:48
49         10                     1628.848145 2025-12-08 00:09:49
50         10                     1630.962036 2025-12-08 00:09:50
51         10                     1633.132324 2025-12-08 00:09:51
52         10                     1635.362427 2025-12-08 00:09:52
53         10                     1637.654053 2025-12-08 00:09:53
54         10                     1640.008545 2025-12-08 00:09:54
55         10                     1642.426880 2025-12-08 00:09:55
56         10                     1644.911499 2025-12-08 00:09:56
57         10                     1647.464111 2025-12-08 00:09:57
58         10                     1650.086304 2025-12-08 00:09:58
59         10                     1652.780762 2025-12-08 00:09:59
Forecasted values inserted into database
Exiting forecasting script

No new messages received yet.Trying again...
No new messages received yet.Trying again...
No new messages received yet.Trying again...
No new messages received yet.Trying again...
No new messages received yet.Trying again...
No new messages received yet.Trying again...
No new messages received yet.Trying again...
No new messages received yet.Trying again...
No new messages received yet.Trying again...
No new messages received yet.Trying again...
No new messages received yet.Trying again...
No new messages received yet.Trying again...
No new messages received yet.Trying again...
No new messages received yet.Trying again...
No new messages received yet.Trying again...
No new messages received yet.Trying again...
No new messages received yet.Trying again...
No new messages received yet.Trying again...
No new messages received yet.Trying again...
No new messages received yet.Trying again...
No new messages received yet.Trying again...
No new messages received yet.Trying again...
No new messages received yet.Trying again...
2026-05-16 10:09:04.814 INFO  [129507969201856] ConsumerStatsImpl:59 | Consumer [persistent://public/default/device10_model_consume, pythonSubscription, 0] , ConsumerStatsImpl (numBytesRecieved_ = 14088, totalNumBytesRecieved_ = 14088, receivedMsgMap_ = {[Key: Ok, Value: 587], [Key: TimeOut, Value: 349], }, ackedMsgMap_ = {[Key: {Result: Ok, ackType: 0}, Value: 587], }, totalReceivedMsgMap_ = {[Key: Ok, Value: 587], [Key: TimeOut, Value: 349], }, totalAckedMsgMap_ = {[Key: {Result: Ok, ackType: 0}, Value: 587], })
No new messages received yet.Trying again...
No new messages received yet.Trying again...
No new messages received yet.Trying again...
No new messages received yet.Trying again...
No new messages received yet.Trying again...
No new messages received yet.Trying again...
No new messages received yet.Trying again...
No new messages received yet.Trying again...
No new messages received yet.Trying again...
No new messages received yet.Trying again...
No new messages received yet.Trying again...

Actual data inserted to database
Triggering retrain for window beetween 00:00:00 and 00:09:59
lasttimestamp is  2025-12-08 00:09:59
retrain.py completed successfully:
Database connection established
Retraining model for device device10 with data from table device10_actualvalues between timestamps 2025-12-08-00-00-00 and 2025-12-08-00-09-59...
Epoch 1/200

[1m1/8[0m [32m━━[0m[37m━━━━━━━━━━━━━━━━━━[0m [1m10s[0m 2s/step - loss: 0.5622
[1m4/8[0m [32m━━━━━━━━━━[0m[37m━━━━━━━━━━[0m [1m0s[0m 18ms/step - loss: 0.5372
[1m8/8[0m [32m━━━━━━━━━━━━━━━━━━━━[0m[37m[0m [1m0s[0m 17ms/step - loss: 0.4905
[1m8/8[0m [32m━━━━━━━━━━━━━━━━━━━━[0m[37m[0m [1m2s[0m 21ms/step - loss: 0.4194
Epoch 2/200

[1m1/8[0m [32m━━[0m[37m━━━━━━━━━━━━━━━━━━[0m [1m0s[0m 47ms/step - loss: 0.2597
[1m5/8[0m [32m━━━━━━━━━━━━[0m[37m━━━━━━━━[0m [1m0s[0m 15ms/step - loss: 0.2171
[1m8/8[0m [32m━━━━━━━━━━━━━━━━━━━━[0m[37m[0m [1m0s[0m 18ms/step - loss: 0.1494
Epoch 3/200

[1m1/8[0m [32m━━[0m[37m━━━━━━━━━━━━━━━━━━[0m [1m0s[0m 43ms/step - loss: 0.0294
[1m5/8[0m [32m━━━━━━━━━━━━[0m[37m━━━━━━━━[0m [1m0s[0m 15ms/step - loss: 0.0233
[1m8/8[0m [32m━━━━━━━━━━━━━━━━━━━━[0m[37m[0m [1m0s[0m 20ms/step - loss: 0.0172
Epoch 4/200

[1m1/8[0m [32m━━[0m[37m━━━━━━━━━━━━━━━━━━[0m [1m0s[0m 47ms/step - loss: 0.0300
[1m5/8[0m [32m━━━━━━━━━━━━[0m[37m━━━━━━━━[0m [1m0s[0m 15ms/step - loss: 0.0296
[1m8/8[0m [32m━━━━━━━━━━━━━━━━━━━━[0m[37m[0m [1m0s[0m 19ms/step - loss: 0.0284
Epoch 5/200

[1m1/8[0m [32m━━[0m[37m━━━━━━━━━━━━━━━━━━[0m [1m0s[0m 47ms/step - loss: 0.0241
[1m5/8[0m [32m━━━━━━━━━━━━[0m[37m━━━━━━━━[0m [1m0s[0m 15ms/step - loss: 0.0186
[1m8/8[0m [32m━━━━━━━━━━━━━━━━━━━━[0m[37m[0m [1m0s[0m 17ms/step - loss: 0.0139
Epoch 6/200

[1m1/8[0m [32m━━[0m[37m━━━━━━━━━━━━━━━━━━[0m [1m0s[0m 42ms/step - loss: 0.0131
[1m5/8[0m [32m━━━━━━━━━━━━[0m[37m━━━━━━━━[0m [1m0s[0m 16ms/step - loss: 0.0137
[1m8/8[0m [32m━━━━━━━━━━━━━━━━━━━━[0m[37m[0m [1m0s[0m 19ms/step - loss: 0.0134
Epoch 7/200

[1m1/8[0m [32m━━[0m[37m━━━━━━━━━━━━━━━━━━[0m [1m0s[0m 43ms/step - loss: 0.0103
[1m4/8[0m [32m━━━━━━━━━━[0m[37m━━━━━━━━━━[0m [1m0s[0m 17ms/step - loss: 0.0103
[1m7/8[0m [32m━━━━━━━━━━━━━━━━━[0m[37m━━━[0m [1m0s[0m 18ms/step - loss: 0.0106
[1m8/8[0m [32m━━━━━━━━━━━━━━━━━━━━[0m[37m[0m [1m0s[0m 23ms/step - loss: 0.0113
Epoch 8/200

[1m1/8[0m [32m━━[0m[37m━━━━━━━━━━━━━━━━━━[0m [1m0s[0m 51ms/step - loss: 0.0100
[1m5/8[0m [32m━━━━━━━━━━━━[0m[37m━━━━━━━━[0m [1m0s[0m 14ms/step - loss: 0.0113
[1m8/8[0m [32m━━━━━━━━━━━━━━━━━━━━[0m[37m[0m [1m0s[0m 17ms/step - loss: 0.0112
Epoch 9/200

[1m1/8[0m [32m━━[0m[37m━━━━━━━━━━━━━━━━━━[0m [1m0s[0m 43ms/step - loss: 0.0102
[1m5/8[0m [32m━━━━━━━━━━━━[0m[37m━━━━━━━━[0m [1m0s[0m 16ms/step - loss: 0.0109
[1m8/8[0m [32m━━━━━━━━━━━━━━━━━━━━[0m[37m[0m [1m0s[0m 21ms/step - loss: 0.0105
Epoch 10/200

[1m1/8[0m [32m━━[0m[37m━━━━━━━━━━━━━━━━━━[0m [1m0s[0m 48ms/step - loss: 0.0083
[1m5/8[0m [32m━━━━━━━━━━━━[0m[37m━━━━━━━━[0m [1m0s[0m 16ms/step - loss: 0.0109
[1m8/8[0m [32m━━━━━━━━━━━━━━━━━━━━[0m[37m[0m [1m0s[0m 20ms/step - loss: 0.0100
Epoch 11/200

[1m1/8[0m [32m━━[0m[37m━━━━━━━━━━━━━━━━━━[0m [1m0s[0m 47ms/step - loss: 0.0034
[1m5/8[0m [32m━━━━━━━━━━━━[0m[37m━━━━━━━━[0m [1m0s[0m 16ms/step - loss: 0.0084
[1m8/8[0m [32m━━━━━━━━━━━━━━━━━━━━[0m[37m[0m [1m0s[0m 20ms/step - loss: 0.0093
Epoch 12/200

[1m1/8[0m [32m━━[0m[37m━━━━━━━━━━━━━━━━━━[0m [1m0s[0m 42ms/step - loss: 0.0110
[1m5/8[0m [32m━━━━━━━━━━━━[0m[37m━━━━━━━━[0m [1m0s[0m 14ms/step - loss: 0.0095
[1m8/8[0m [32m━━━━━━━━━━━━━━━━━━━━[0m[37m[0m [1m0s[0m 19ms/step - loss: 0.0086
Epoch 13/200

[1m1/8[0m [32m━━[0m[37m━━━━━━━━━━━━━━━━━━[0m [1m0s[0m 49ms/step - loss: 0.0101
[1m5/8[0m [32m━━━━━━━━━━━━[0m[37m━━━━━━━━[0m [1m0s[0m 15ms/step - loss: 0.0106
[1m8/8[0m [32m━━━━━━━━━━━━━━━━━━━━[0m[37m[0m [1m0s[0m 20ms/step - loss: 0.0091
Epoch 14/200

[1m1/8[0m [32m━━[0m[37m━━━━━━━━━━━━━━━━━━[0m [1m0s[0m 50ms/step - loss: 0.0186
[1m4/8[0m [32m━━━━━━━━━━[0m[37m━━━━━━━━━━[0m [1m0s[0m 18ms/step - loss: 0.0141
[1m6/8[0m [32m━━━━━━━━━━━━━━━[0m[37m━━━━━[0m [1m0s[0m 25ms/step - loss: 0.0132
[1m8/8[0m [32m━━━━━━━━━━━━━━━━━━━━[0m[37m[0m [1m0s[0m 27ms/step - loss: 0.0103
Epoch 15/200

[1m1/8[0m [32m━━[0m[37m━━━━━━━━━━━━━━━━━━[0m [1m0s[0m 48ms/step - loss: 0.0170
[1m5/8[0m [32m━━━━━━━━━━━━[0m[37m━━━━━━━━[0m [1m0s[0m 14ms/step - loss: 0.0122
[1m8/8[0m [32m━━━━━━━━━━━━━━━━━━━━[0m[37m[0m [1m0s[0m 19ms/step - loss: 0.0102
Epoch 16/200

[1m1/8[0m [32m━━[0m[37m━━━━━━━━━━━━━━━━━━[0m [1m0s[0m 48ms/step - loss: 0.0077
[1m4/8[0m [32m━━━━━━━━━━[0m[37m━━━━━━━━━━[0m [1m0s[0m 19ms/step - loss: 0.0084
[1m8/8[0m [32m━━━━━━━━━━━━━━━━━━━━[0m[37m[0m [1m0s[0m 16ms/step - loss: 0.0085
[1m8/8[0m [32m━━━━━━━━━━━━━━━━━━━━[0m[37m[0m [1m0s[0m 20ms/step - loss: 0.0088
Epoch 17/200

[1m1/8[0m [32m━━[0m[37m━━━━━━━━━━━━━━━━━━[0m [1m0s[0m 42ms/step - loss: 0.0070
[1m5/8[0m [32m━━━━━━━━━━━━[0m[37m━━━━━━━━[0m [1m0s[0m 17ms/step - loss: 0.0083
[1m8/8[0m [32m━━━━━━━━━━━━━━━━━━━━[0m[37m[0m [1m0s[0m 21ms/step - loss: 0.0085
Epoch 18/200

[1m1/8[0m [32m━━[0m[37m━━━━━━━━━━━━━━━━━━[0m [1m0s[0m 48ms/step - loss: 0.0064
[1m5/8[0m [32m━━━━━━━━━━━━[0m[37m━━━━━━━━[0m [1m0s[0m 16ms/step - loss: 0.0079
[1m8/8[0m [32m━━━━━━━━━━━━━━━━━━━━[0m[37m[0m [1m0s[0m 21ms/step - loss: 0.0083
Epoch 19/200

[1m1/8[0m [32m━━[0m[37m━━━━━━━━━━━━━━━━━━[0m [1m0s[0m 47ms/step - loss: 0.0105
[1m5/8[0m [32m━━━━━━━━━━━━[0m[37m━━━━━━━━[0m [1m0s[0m 13ms/step - loss: 0.0106
[1m8/8[0m [32m━━━━━━━━━━━━━━━━━━━━[0m[37m[0m [1m0s[0m 17ms/step - loss: 0.0091
Epoch 20/200

[1m1/8[0m [32m━━[0m[37m━━━━━━━━━━━━━━━━━━[0m [1m0s[0m 51ms/step - loss: 0.0039
[1m5/8[0m [32m━━━━━━━━━━━━[0m[37m━━━━━━━━[0m [1m0s[0m 16ms/step - loss: 0.0063
[1m8/8[0m [32m━━━━━━━━━━━━━━━━━━━━[0m[37m[0m [1m0s[0m 18ms/step - loss: 0.0075
Epoch 21/200

[1m1/8[0m [32m━━[0m[37m━━━━━━━━━━━━━━━━━━[0m [1m0s[0m 41ms/step - loss: 0.0052
[1m5/8[0m [32m━━━━━━━━━━━━[0m[37m━━━━━━━━[0m [1m0s[0m 15ms/step - loss: 0.0071
[1m8/8[0m [32m━━━━━━━━━━━━━━━━━━━━[0m[37m[0m [1m0s[0m 20ms/step - loss: 0.0083
Epoch 22/200

[1m1/8[0m [32m━━[0m[37m━━━━━━━━━━━━━━━━━━[0m [1m0s[0m 47ms/step - loss: 0.0092
[1m5/8[0m [32m━━━━━━━━━━━━[0m[37m━━━━━━━━[0m [1m0s[0m 15ms/step - loss: 0.0089
[1m8/8[0m [32m━━━━━━━━━━━━━━━━━━━━[0m[37m[0m [1m0s[0m 19ms/step - loss: 0.0086
Epoch 23/200

[1m1/8[0m [32m━━[0m[37m━━━━━━━━━━━━━━━━━━[0m [1m0s[0m 38ms/step - loss: 0.0071
[1m5/8[0m [32m━━━━━━━━━━━━[0m[37m━━━━━━━━[0m [1m0s[0m 15ms/step - loss: 0.0069
[1m8/8[0m [32m━━━━━━━━━━━━━━━━━━━━[0m[37m[0m [1m0s[0m 18ms/step - loss: 0.0091
Epoch 24/200

[1m1/8[0m [32m━━[0m[37m━━━━━━━━━━━━━━━━━━[0m [1m0s[0m 39ms/step - loss: 0.0097
[1m5/8[0m [32m━━━━━━━━━━━━[0m[37m━━━━━━━━[0m [1m0s[0m 15ms/step - loss: 0.0077
[1m8/8[0m [32m━━━━━━━━━━━━━━━━━━━━[0m[37m[0m [1m0s[0m 18ms/step - loss: 0.0081
Epoch 25/200

[1m1/8[0m [32m━━[0m[37m━━━━━━━━━━━━━━━━━━[0m [1m0s[0m 38ms/step - loss: 0.0078
[1m5/8[0m [32m━━━━━━━━━━━━[0m[37m━━━━━━━━[0m [1m0s[0m 15ms/step - loss: 0.0086
[1m8/8[0m [32m━━━━━━━━━━━━━━━━━━━━[0m[37m[0m [1m0s[0m 18ms/step - loss: 0.0089
Epoch 26/200

[1m1/8[0m [32m━━[0m[37m━━━━━━━━━━━━━━━━━━[0m [1m0s[0m 37ms/step - loss: 0.0074
[1m5/8[0m [32m━━━━━━━━━━━━[0m[37m━━━━━━━━[0m [1m0s[0m 14ms/step - loss: 0.0080
[1m8/8[0m [32m━━━━━━━━━━━━━━━━━━━━[0m[37m[0m [1m0s[0m 17ms/step - loss: 0.0070
Epoch 27/200

[1m1/8[0m [32m━━[0m[37m━━━━━━━━━━━━━━━━━━[0m [1m0s[0m 43ms/step - loss: 0.0129
[1m5/8[0m [32m━━━━━━━━━━━━[0m[37m━━━━━━━━[0m [1m0s[0m 15ms/step - loss: 0.0101
[1m8/8[0m [32m━━━━━━━━━━━━━━━━━━━━[0m[37m[0m [1m0s[0m 20ms/step - loss: 0.0081
Epoch 28/200

[1m1/8[0m [32m━━[0m[37m━━━━━━━━━━━━━━━━━━[0m [1m0s[0m 48ms/step - loss: 0.0057
[1m5/8[0m [32m━━━━━━━━━━━━[0m[37m━━━━━━━━[0m [1m0s[0m 15ms/step - loss: 0.0069
[1m8/8[0m [32m━━━━━━━━━━━━━━━━━━━━[0m[37m[0m [1m0s[0m 21ms/step - loss: 0.0069
Epoch 29/200

[1m1/8[0m [32m━━[0m[37m━━━━━━━━━━━━━━━━━━[0m [1m0s[0m 52ms/step - loss: 0.0054
[1m5/8[0m [32m━━━━━━━━━━━━[0m[37m━━━━━━━━[0m [1m0s[0m 13ms/step - loss: 0.0080
[1m8/8[0m [32m━━━━━━━━━━━━━━━━━━━━[0m[37m[0m [1m0s[0m 21ms/step - loss: 0.0092
Epoch 30/200

[1m1/8[0m [32m━━[0m[37m━━━━━━━━━━━━━━━━━━[0m [1m0s[0m 57ms/step - loss: 0.0063
[1m5/8[0m [32m━━━━━━━━━━━━[0m[37m━━━━━━━━[0m [1m0s[0m 14ms/step - loss: 0.0062
[1m8/8[0m [32m━━━━━━━━━━━━━━━━━━━━[0m[37m[0m [1m0s[0m 20ms/step - loss: 0.0067
Epoch 31/200

[1m1/8[0m [32m━━[0m[37m━━━━━━━━━━━━━━━━━━[0m [1m0s[0m 55ms/step - loss: 0.0057
[1m5/8[0m [32m━━━━━━━━━━━━[0m[37m━━━━━━━━[0m [1m0s[0m 14ms/step - loss: 0.0077
[1m8/8[0m [32m━━━━━━━━━━━━━━━━━━━━[0m[37m[0m [1m0s[0m 18ms/step - loss: 0.0071
Epoch 32/200

[1m1/8[0m [32m━━[0m[37m━━━━━━━━━━━━━━━━━━[0m [1m0s[0m 46ms/step - loss: 0.0091
[1m5/8[0m [32m━━━━━━━━━━━━[0m[37m━━━━━━━━[0m [1m0s[0m 15ms/step - loss: 0.0076
[1m8/8[0m [32m━━━━━━━━━━━━━━━━━━━━[0m[37m[0m [1m0s[0m 18ms/step - loss: 0.0072
Epoch 33/200

[1m1/8[0m [32m━━[0m[37m━━━━━━━━━━━━━━━━━━[0m [1m0s[0m 40ms/step - loss: 0.0088
[1m5/8[0m [32m━━━━━━━━━━━━[0m[37m━━━━━━━━[0m [1m0s[0m 13ms/step - loss: 0.0083
[1m8/8[0m [32m━━━━━━━━━━━━━━━━━━━━[0m[37m[0m [1m0s[0m 16ms/step - loss: 0.0077
Epoch 34/200

[1m1/8[0m [32m━━[0m[37m━━━━━━━━━━━━━━━━━━[0m [1m0s[0m 39ms/step - loss: 0.0046
[1m5/8[0m [32m━━━━━━━━━━━━[0m[37m━━━━━━━━[0m [1m0s[0m 15ms/step - loss: 0.0062
[1m8/8[0m [32m━━━━━━━━━━━━━━━━━━━━[0m[37m[0m [1m0s[0m 20ms/step - loss: 0.0067
Epoch 35/200

[1m1/8[0m [32m━━[0m[37m━━━━━━━━━━━━━━━━━━[0m [1m0s[0m 52ms/step - loss: 0.0122
[1m4/8[0m [32m━━━━━━━━━━[0m[37m━━━━━━━━━━[0m [1m0s[0m 20ms/step - loss: 0.0115
[1m7/8[0m [32m━━━━━━━━━━━━━━━━━[0m[37m━━━[0m [1m0s[0m 19ms/step - loss: 0.0107
[1m8/8[0m [32m━━━━━━━━━━━━━━━━━━━━[0m[37m[0m [1m0s[0m 22ms/step - loss: 0.0093
Epoch 36/200

[1m1/8[0m [32m━━[0m[37m━━━━━━━━━━━━━━━━━━[0m [1m0s[0m 44ms/step - loss: 0.0087
[1m5/8[0m [32m━━━━━━━━━━━━[0m[37m━━━━━━━━[0m [1m0s[0m 14ms/step - loss: 0.0085
[1m8/8[0m [32m━━━━━━━━━━━━━━━━━━━━[0m[37m[0m [1m0s[0m 18ms/step - loss: 0.0069
Epoch 37/200

[1m1/8[0m [32m━━[0m[37m━━━━━━━━━━━━━━━━━━[0m [1m0s[0m 41ms/step - loss: 0.0057
[1m5/8[0m [32m━━━━━━━━━━━━[0m[37m━━━━━━━━[0m [1m0s[0m 16ms/step - loss: 0.0061
[1m8/8[0m [32m━━━━━━━━━━━━━━━━━━━━[0m[37m[0m [1m0s[0m 20ms/step - loss: 0.0068
Epoch 38/200

[1m1/8[0m [32m━━[0m[37m━━━━━━━━━━━━━━━━━━[0m [1m0s[0m 47ms/step - loss: 0.0103
[1m5/8[0m [32m━━━━━━━━━━━━[0m[37m━━━━━━━━[0m [1m0s[0m 15ms/step - loss: 0.0074
[1m8/8[0m [32m━━━━━━━━━━━━━━━━━━━━[0m[37m[0m [1m0s[0m 18ms/step - loss: 0.0071
Epoch 39/200

[1m1/8[0m [32m━━[0m[37m━━━━━━━━━━━━━━━━━━[0m [1m0s[0m 41ms/step - loss: 0.0039
[1m5/8[0m [32m━━━━━━━━━━━━[0m[37m━━━━━━━━[0m [1m0s[0m 15ms/step - loss: 0.0058
[1m8/8[0m [32m━━━━━━━━━━━━━━━━━━━━[0m[37m[0m [1m0s[0m 18ms/step - loss: 0.0072
Epoch 40/200

[1m1/8[0m [32m━━[0m[37m━━━━━━━━━━━━━━━━━━[0m [1m0s[0m 44ms/step - loss: 0.0054
[1m5/8[0m [32m━━━━━━━━━━━━[0m[37m━━━━━━━━[0m [1m0s[0m 15ms/step - loss: 0.0062
[1m8/8[0m [32m━━━━━━━━━━━━━━━━━━━━[0m[37m[0m [1m0s[0m 20ms/step - loss: 0.0064
Epoch 41/200

[1m1/8[0m [32m━━[0m[37m━━━━━━━━━━━━━━━━━━[0m [1m0s[0m 50ms/step - loss: 0.0065
[1m5/8[0m [32m━━━━━━━━━━━━[0m[37m━━━━━━━━[0m [1m0s[0m 14ms/step - loss: 0.0067
[1m8/8[0m [32m━━━━━━━━━━━━━━━━━━━━[0m[37m[0m [1m0s[0m 17ms/step - loss: 0.0067
Epoch 42/200

[1m1/8[0m [32m━━[0m[37m━━━━━━━━━━━━━━━━━━[0m [1m0s[0m 42ms/step - loss: 0.0079
[1m5/8[0m [32m━━━━━━━━━━━━[0m[37m━━━━━━━━[0m [1m0s[0m 15ms/step - loss: 0.0067
[1m8/8[0m [32m━━━━━━━━━━━━━━━━━━━━[0m[37m[0m [1m0s[0m 16ms/step - loss: 0.0066
[1m8/8[0m [32m━━━━━━━━━━━━━━━━━━━━[0m[37m[0m [1m0s[0m 20ms/step - loss: 0.0066
Epoch 43/200

[1m1/8[0m [32m━━[0m[37m━━━━━━━━━━━━━━━━━━[0m [1m0s[0m 50ms/step - loss: 0.0093
[1m5/8[0m [32m━━━━━━━━━━━━[0m[37m━━━━━━━━[0m [1m0s[0m 14ms/step - loss: 0.0077
[1m8/8[0m [32m━━━━━━━━━━━━━━━━━━━━[0m[37m[0m [1m0s[0m 20ms/step - loss: 0.0066
Epoch 44/200

[1m1/8[0m [32m━━[0m[37m━━━━━━━━━━━━━━━━━━[0m [1m0s[0m 71ms/step - loss: 0.0037
[1m4/8[0m [32m━━━━━━━━━━[0m[37m━━━━━━━━━━[0m [1m0s[0m 21ms/step - loss: 0.0045
[1m8/8[0m [32m━━━━━━━━━━━━━━━━━━━━[0m[37m[0m [1m0s[0m 17ms/step - loss: 0.0054
[1m8/8[0m [32m━━━━━━━━━━━━━━━━━━━━[0m[37m[0m [1m0s[0m 21ms/step - loss: 0.0064
Epoch 45/200

[1m1/8[0m [32m━━[0m[37m━━━━━━━━━━━━━━━━━━[0m [1m0s[0m 49ms/step - loss: 0.0073
[1m5/8[0m [32m━━━━━━━━━━━━[0m[37m━━━━━━━━[0m [1m0s[0m 13ms/step - loss: 0.0063
[1m8/8[0m [32m━━━━━━━━━━━━━━━━━━━━[0m[37m[0m [1m0s[0m 17ms/step - loss: 0.0063
Epoch 46/200

[1m1/8[0m [32m━━[0m[37m━━━━━━━━━━━━━━━━━━[0m [1m0s[0m 40ms/step - loss: 0.0042
[1m6/8[0m [32m━━━━━━━━━━━━━━━[0m[37m━━━━━[0m [1m0s[0m 12ms/step - loss: 0.0066
[1m8/8[0m [32m━━━━━━━━━━━━━━━━━━━━[0m[37m[0m [1m0s[0m 16ms/step - loss: 0.0066
Epoch 47/200

[1m1/8[0m [32m━━[0m[37m━━━━━━━━━━━━━━━━━━[0m [1m0s[0m 49ms/step - loss: 0.0043
[1m5/8[0m [32m━━━━━━━━━━━━[0m[37m━━━━━━━━[0m [1m0s[0m 15ms/step - loss: 0.0056
[1m8/8[0m [32m━━━━━━━━━━━━━━━━━━━━[0m[37m[0m [1m0s[0m 19ms/step - loss: 0.0066
Epoch 48/200

[1m1/8[0m [32m━━[0m[37m━━━━━━━━━━━━━━━━━━[0m [1m0s[0m 54ms/step - loss: 0.0065
[1m5/8[0m [32m━━━━━━━━━━━━[0m[37m━━━━━━━━[0m [1m0s[0m 15ms/step - loss: 0.0065
[1m8/8[0m [32m━━━━━━━━━━━━━━━━━━━━[0m[37m[0m [1m0s[0m 27ms/step - loss: 0.0069
Epoch 49/200

[1m1/8[0m [32m━━[0m[37m━━━━━━━━━━━━━━━━━━[0m [1m0s[0m 48ms/step - loss: 0.0106
[1m5/8[0m [32m━━━━━━━━━━━━[0m[37m━━━━━━━━[0m [1m0s[0m 14ms/step - loss: 0.0074
[1m8/8[0m [32m━━━━━━━━━━━━━━━━━━━━[0m[37m[0m [1m0s[0m 18ms/step - loss: 0.0064
Epoch 50/200

[1m1/8[0m [32m━━[0m[37m━━━━━━━━━━━━━━━━━━[0m [1m0s[0m 51ms/step - loss: 0.0082
[1m5/8[0m [32m━━━━━━━━━━━━[0m[37m━━━━━━━━[0m [1m0s[0m 15ms/step - loss: 0.0067
[1m8/8[0m [32m━━━━━━━━━━━━━━━━━━━━[0m[37m[0m [1m0s[0m 19ms/step - loss: 0.0068
Epoch 51/200

[1m1/8[0m [32m━━[0m[37m━━━━━━━━━━━━━━━━━━[0m [1m0s[0m 40ms/step - loss: 0.0073
[1m4/8[0m [32m━━━━━━━━━━[0m[37m━━━━━━━━━━[0m [1m0s[0m 17ms/step - loss: 0.0056
[1m8/8[0m [32m━━━━━━━━━━━━━━━━━━━━[0m[37m[0m [1m0s[0m 16ms/step - loss: 0.0059
[1m8/8[0m [32m━━━━━━━━━━━━━━━━━━━━[0m[37m[0m [1m0s[0m 20ms/step - loss: 0.0064
Epoch 52/200

[1m1/8[0m [32m━━[0m[37m━━━━━━━━━━━━━━━━━━[0m [1m0s[0m 42ms/step - loss: 0.0080
[1m5/8[0m [32m━━━━━━━━━━━━[0m[37m━━━━━━━━[0m [1m0s[0m 15ms/step - loss: 0.0069
[1m8/8[0m [32m━━━━━━━━━━━━━━━━━━━━[0m[37m[0m [1m0s[0m 16ms/step - loss: 0.0066
[1m8/8[0m [32m━━━━━━━━━━━━━━━━━━━━[0m[37m[0m [1m0s[0m 21ms/step - loss: 0.0064
Epoch 53/200

[1m1/8[0m [32m━━[0m[37m━━━━━━━━━━━━━━━━━━[0m [1m0s[0m 49ms/step - loss: 0.0071
[1m5/8[0m [32m━━━━━━━━━━━━[0m[37m━━━━━━━━[0m [1m0s[0m 16ms/step - loss: 0.0071
[1m8/8[0m [32m━━━━━━━━━━━━━━━━━━━━[0m[37m[0m [1m0s[0m 19ms/step - loss: 0.0065
Epoch 54/200

[1m1/8[0m [32m━━[0m[37m━━━━━━━━━━━━━━━━━━[0m [1m0s[0m 37ms/step - loss: 0.0095
[1m6/8[0m [32m━━━━━━━━━━━━━━━[0m[37m━━━━━[0m [1m0s[0m 13ms/step - loss: 0.0065
[1m8/8[0m [32m━━━━━━━━━━━━━━━━━━━━[0m[37m[0m [1m0s[0m 17ms/step - loss: 0.0056
Epoch 55/200

[1m1/8[0m [32m━━[0m[37m━━━━━━━━━━━━━━━━━━[0m [1m0s[0m 45ms/step - loss: 0.0073
[1m5/8[0m [32m━━━━━━━━━━━━[0m[37m━━━━━━━━[0m [1m0s[0m 13ms/step - loss: 0.0078
[1m8/8[0m [32m━━━━━━━━━━━━━━━━━━━━[0m[37m[0m [1m0s[0m 17ms/step - loss: 0.0073
Epoch 56/200

[1m1/8[0m [32m━━[0m[37m━━━━━━━━━━━━━━━━━━[0m [1m0s[0m 46ms/step - loss: 0.0039
[1m5/8[0m [32m━━━━━━━━━━━━[0m[37m━━━━━━━━[0m [1m0s[0m 15ms/step - loss: 0.0051
[1m8/8[0m [32m━━━━━━━━━━━━━━━━━━━━[0m[37m[0m [1m0s[0m 19ms/step - loss: 0.0061
Epoch 57/200

[1m1/8[0m [32m━━[0m[37m━━━━━━━━━━━━━━━━━━[0m [1m0s[0m 49ms/step - loss: 0.0082
[1m5/8[0m [32m━━━━━━━━━━━━[0m[37m━━━━━━━━[0m [1m0s[0m 14ms/step - loss: 0.0069
[1m8/8[0m [32m━━━━━━━━━━━━━━━━━━━━[0m[37m[0m [1m0s[0m 18ms/step - loss: 0.0058
Epoch 58/200

[1m1/8[0m [32m━━[0m[37m━━━━━━━━━━━━━━━━━━[0m [1m0s[0m 52ms/step - loss: 0.0110
[1m5/8[0m [32m━━━━━━━━━━━━[0m[37m━━━━━━━━[0m [1m0s[0m 15ms/step - loss: 0.0084
[1m8/8[0m [32m━━━━━━━━━━━━━━━━━━━━[0m[37m[0m [1m0s[0m 18ms/step - loss: 0.0059
Epoch 59/200

[1m1/8[0m [32m━━[0m[37m━━━━━━━━━━━━━━━━━━[0m [1m0s[0m 42ms/step - loss: 0.0062
[1m5/8[0m [32m━━━━━━━━━━━━[0m[37m━━━━━━━━[0m [1m0s[0m 15ms/step - loss: 0.0055
[1m8/8[0m [32m━━━━━━━━━━━━━━━━━━━━[0m[37m[0m [1m0s[0m 17ms/step - loss: 0.0052
Epoch 60/200

[1m1/8[0m [32m━━[0m[37m━━━━━━━━━━━━━━━━━━[0m [1m0s[0m 42ms/step - loss: 0.0039
[1m5/8[0m [32m━━━━━━━━━━━━[0m[37m━━━━━━━━[0m [1m0s[0m 15ms/step - loss: 0.0046
[1m8/8[0m [32m━━━━━━━━━━━━━━━━━━━━[0m[37m[0m [1m0s[0m 18ms/step - loss: 0.0056
Epoch 61/200

[1m1/8[0m [32m━━[0m[37m━━━━━━━━━━━━━━━━━━[0m [1m0s[0m 42ms/step - loss: 0.0029
[1m5/8[0m [32m━━━━━━━━━━━━[0m[37m━━━━━━━━[0m [1m0s[0m 15ms/step - loss: 0.0041
[1m8/8[0m [32m━━━━━━━━━━━━━━━━━━━━[0m[37m[0m [1m0s[0m 18ms/step - loss: 0.0053
Epoch 62/200

[1m1/8[0m [32m━━[0m[37m━━━━━━━━━━━━━━━━━━[0m [1m0s[0m 43ms/step - loss: 0.0084
[1m4/8[0m [32m━━━━━━━━━━[0m[37m━━━━━━━━━━[0m [1m0s[0m 29ms/step - loss: 0.0061
[1m7/8[0m [32m━━━━━━━━━━━━━━━━━[0m[37m━━━[0m [1m0s[0m 24ms/step - loss: 0.0059
[1m8/8[0m [32m━━━━━━━━━━━━━━━━━━━━[0m[37m[0m [1m0s[0m 27ms/step - loss: 0.0062
Epoch 63/200

[1m1/8[0m [32m━━[0m[37m━━━━━━━━━━━━━━━━━━[0m [1m0s[0m 42ms/step - loss: 0.0083
[1m5/8[0m [32m━━━━━━━━━━━━[0m[37m━━━━━━━━[0m [1m0s[0m 15ms/step - loss: 0.0072
[1m8/8[0m [32m━━━━━━━━━━━━━━━━━━━━[0m[37m[0m [1m0s[0m 18ms/step - loss: 0.0060
Epoch 64/200

[1m1/8[0m [32m━━[0m[37m━━━━━━━━━━━━━━━━━━[0m [1m0s[0m 42ms/step - loss: 0.0046
[1m5/8[0m [32m━━━━━━━━━━━━[0m[37m━━━━━━━━[0m [1m0s[0m 16ms/step - loss: 0.0048
[1m8/8[0m [32m━━━━━━━━━━━━━━━━━━━━[0m[37m[0m [1m0s[0m 21ms/step - loss: 0.0058
Epoch 65/200

[1m1/8[0m [32m━━[0m[37m━━━━━━━━━━━━━━━━━━[0m [1m0s[0m 51ms/step - loss: 0.0026
[1m5/8[0m [32m━━━━━━━━━━━━[0m[37m━━━━━━━━[0m [1m0s[0m 15ms/step - loss: 0.0040
[1m8/8[0m [32m━━━━━━━━━━━━━━━━━━━━[0m[37m[0m [1m0s[0m 18ms/step - loss: 0.0052
Epoch 66/200

[1m1/8[0m [32m━━[0m[37m━━━━━━━━━━━━━━━━━━[0m [1m0s[0m 42ms/step - loss: 0.0092
[1m5/8[0m [32m━━━━━━━━━━━━[0m[37m━━━━━━━━[0m [1m0s[0m 15ms/step - loss: 0.0069
[1m8/8[0m [32m━━━━━━━━━━━━━━━━━━━━[0m[37m[0m [1m0s[0m 19ms/step - loss: 0.0053
Epoch 67/200

[1m1/8[0m [32m━━[0m[37m━━━━━━━━━━━━━━━━━━[0m [1m0s[0m 50ms/step - loss: 0.0060
[1m5/8[0m [32m━━━━━━━━━━━━[0m[37m━━━━━━━━[0m [1m0s[0m 15ms/step - loss: 0.0058
[1m8/8[0m [32m━━━━━━━━━━━━━━━━━━━━[0m[37m[0m [1m0s[0m 18ms/step - loss: 0.0052
Epoch 68/200

[1m1/8[0m [32m━━[0m[37m━━━━━━━━━━━━━━━━━━[0m [1m0s[0m 42ms/step - loss: 0.0079
[1m5/8[0m [32m━━━━━━━━━━━━[0m[37m━━━━━━━━[0m [1m0s[0m 16ms/step - loss: 0.0071
[1m8/8[0m [32m━━━━━━━━━━━━━━━━━━━━[0m[37m[0m [1m0s[0m 19ms/step - loss: 0.0067
Epoch 69/200

[1m1/8[0m [32m━━[0m[37m━━━━━━━━━━━━━━━━━━[0m [1m0s[0m 38ms/step - loss: 0.0083
[1m5/8[0m [32m━━━━━━━━━━━━[0m[37m━━━━━━━━[0m [1m0s[0m 13ms/step - loss: 0.0079
[1m8/8[0m [32m━━━━━━━━━━━━━━━━━━━━[0m[37m[0m [1m0s[0m 18ms/step - loss: 0.0060
Epoch 70/200

[1m1/8[0m [32m━━[0m[37m━━━━━━━━━━━━━━━━━━[0m [1m0s[0m 46ms/step - loss: 0.0059
[1m5/8[0m [32m━━━━━━━━━━━━[0m[37m━━━━━━━━[0m [1m0s[0m 15ms/step - loss: 0.0067
[1m8/8[0m [32m━━━━━━━━━━━━━━━━━━━━[0m[37m[0m [1m0s[0m 18ms/step - loss: 0.0053
Epoch 71/200

[1m1/8[0m [32m━━[0m[37m━━━━━━━━━━━━━━━━━━[0m [1m0s[0m 40ms/step - loss: 0.0095
[1m4/8[0m [32m━━━━━━━━━━[0m[37m━━━━━━━━━━[0m [1m0s[0m 23ms/step - loss: 0.0070
[1m6/8[0m [32m━━━━━━━━━━━━━━━[0m[37m━━━━━[0m [1m0s[0m 28ms/step - loss: 0.0065
[1m8/8[0m [32m━━━━━━━━━━━━━━━━━━━━[0m[37m[0m [1m0s[0m 29ms/step - loss: 0.0056
Epoch 72/200

[1m1/8[0m [32m━━[0m[37m━━━━━━━━━━━━━━━━━━[0m [1m0s[0m 39ms/step - loss: 0.0040
[1m5/8[0m [32m━━━━━━━━━━━━[0m[37m━━━━━━━━[0m [1m0s[0m 16ms/step - loss: 0.0052
[1m8/8[0m [32m━━━━━━━━━━━━━━━━━━━━[0m[37m[0m [1m0s[0m 20ms/step - loss: 0.0069
Epoch 73/200

[1m1/8[0m [32m━━[0m[37m━━━━━━━━━━━━━━━━━━[0m [1m0s[0m 81ms/step - loss: 0.0038
[1m5/8[0m [32m━━━━━━━━━━━━[0m[37m━━━━━━━━[0m [1m0s[0m 14ms/step - loss: 0.0060
[1m8/8[0m [32m━━━━━━━━━━━━━━━━━━━━[0m[37m[0m [1m0s[0m 19ms/step - loss: 0.0065
Epoch 74/200

[1m1/8[0m [32m━━[0m[37m━━━━━━━━━━━━━━━━━━[0m [1m0s[0m 42ms/step - loss: 0.0040
[1m6/8[0m [32m━━━━━━━━━━━━━━━[0m[37m━━━━━[0m [1m0s[0m 12ms/step - loss: 0.0051
[1m8/8[0m [32m━━━━━━━━━━━━━━━━━━━━[0m[37m[0m [1m0s[0m 17ms/step - loss: 0.0060
Epoch 75/200

[1m1/8[0m [32m━━[0m[37m━━━━━━━━━━━━━━━━━━[0m [1m0s[0m 40ms/step - loss: 0.0028
[1m5/8[0m [32m━━━━━━━━━━━━[0m[37m━━━━━━━━[0m [1m0s[0m 14ms/step - loss: 0.0044
[1m8/8[0m [32m━━━━━━━━━━━━━━━━━━━━[0m[37m[0m [1m0s[0m 18ms/step - loss: 0.0056
Epoch 76/200

[1m1/8[0m [32m━━[0m[37m━━━━━━━━━━━━━━━━━━[0m [1m0s[0m 44ms/step - loss: 0.0026
[1m5/8[0m [32m━━━━━━━━━━━━[0m[37m━━━━━━━━[0m [1m0s[0m 15ms/step - loss: 0.0044
[1m8/8[0m [32m━━━━━━━━━━━━━━━━━━━━[0m[37m[0m [1m0s[0m 17ms/step - loss: 0.0047
[1m8/8[0m [32m━━━━━━━━━━━━━━━━━━━━[0m[37m[0m [1m0s[0m 20ms/step - loss: 0.0051
Epoch 77/200

[1m1/8[0m [32m━━[0m[37m━━━━━━━━━━━━━━━━━━[0m [1m0s[0m 42ms/step - loss: 0.0049
[1m5/8[0m [32m━━━━━━━━━━━━[0m[37m━━━━━━━━[0m [1m0s[0m 15ms/step - loss: 0.0064
[1m8/8[0m [32m━━━━━━━━━━━━━━━━━━━━[0m[37m[0m [1m0s[0m 17ms/step - loss: 0.0055
Epoch 78/200

[1m1/8[0m [32m━━[0m[37m━━━━━━━━━━━━━━━━━━[0m [1m0s[0m 41ms/step - loss: 0.0058
[1m5/8[0m [32m━━━━━━━━━━━━[0m[37m━━━━━━━━[0m [1m0s[0m 16ms/step - loss: 0.0055
[1m8/8[0m [32m━━━━━━━━━━━━━━━━━━━━[0m[37m[0m [1m0s[0m 20ms/step - loss: 0.0055
Epoch 79/200

[1m1/8[0m [32m━━[0m[37m━━━━━━━━━━━━━━━━━━[0m [1m0s[0m 47ms/step - loss: 0.0041
[1m4/8[0m [32m━━━━━━━━━━[0m[37m━━━━━━━━━━[0m [1m0s[0m 17ms/step - loss: 0.0064
[1m8/8[0m [32m━━━━━━━━━━━━━━━━━━━━[0m[37m[0m [1m0s[0m 15ms/step - loss: 0.0066
[1m8/8[0m [32m━━━━━━━━━━━━━━━━━━━━[0m[37m[0m [1m0s[0m 19ms/step - loss: 0.0065
Epoch 80/200

[1m1/8[0m [32m━━[0m[37m━━━━━━━━━━━━━━━━━━[0m [1m0s[0m 40ms/step - loss: 0.0072
[1m5/8[0m [32m━━━━━━━━━━━━[0m[37m━━━━━━━━[0m [1m0s[0m 15ms/step - loss: 0.0067
[1m8/8[0m [32m━━━━━━━━━━━━━━━━━━━━[0m[37m[0m [1m0s[0m 16ms/step - loss: 0.0063
[1m8/8[0m [32m━━━━━━━━━━━━━━━━━━━━[0m[37m[0m [1m0s[0m 22ms/step - loss: 0.0058
Epoch 81/200

[1m1/8[0m [32m━━[0m[37m━━━━━━━━━━━━━━━━━━[0m [1m0s[0m 47ms/step - loss: 0.0062
[1m5/8[0m [32m━━━━━━━━━━━━[0m[37m━━━━━━━━[0m [1m0s[0m 16ms/step - loss: 0.0069
[1m8/8[0m [32m━━━━━━━━━━━━━━━━━━━━[0m[37m[0m [1m0s[0m 21ms/step - loss: 0.0054
Epoch 82/200

[1m1/8[0m [32m━━[0m[37m━━━━━━━━━━━━━━━━━━[0m [1m0s[0m 48ms/step - loss: 0.0090
[1m5/8[0m [32m━━━━━━━━━━━━[0m[37m━━━━━━━━[0m [1m0s[0m 16ms/step - loss: 0.0059
[1m8/8[0m [32m━━━━━━━━━━━━━━━━━━━━[0m[37m[0m [1m0s[0m 17ms/step - loss: 0.0054
[1m8/8[0m [32m━━━━━━━━━━━━━━━━━━━━[0m[37m[0m [1m0s[0m 21ms/step - loss: 0.0047
Epoch 83/200

[1m1/8[0m [32m━━[0m[37m━━━━━━━━━━━━━━━━━━[0m [1m0s[0m 52ms/step - loss: 0.0042
[1m5/8[0m [32m━━━━━━━━━━━━[0m[37m━━━━━━━━[0m [1m0s[0m 15ms/step - loss: 0.0045
[1m8/8[0m [32m━━━━━━━━━━━━━━━━━━━━[0m[37m[0m [1m0s[0m 19ms/step - loss: 0.0051
Epoch 84/200

[1m1/8[0m [32m━━[0m[37m━━━━━━━━━━━━━━━━━━[0m [1m0s[0m 43ms/step - loss: 0.0029
[1m5/8[0m [32m━━━━━━━━━━━━[0m[37m━━━━━━━━[0m [1m0s[0m 16ms/step - loss: 0.0037
[1m8/8[0m [32m━━━━━━━━━━━━━━━━━━━━[0m[37m[0m [1m0s[0m 20ms/step - loss: 0.0048
Epoch 85/200

[1m1/8[0m [32m━━[0m[37m━━━━━━━━━━━━━━━━━━[0m [1m0s[0m 55ms/step - loss: 0.0082
[1m5/8[0m [32m━━━━━━━━━━━━[0m[37m━━━━━━━━[0m [1m0s[0m 16ms/step - loss: 0.0064
[1m8/8[0m [32m━━━━━━━━━━━━━━━━━━━━[0m[37m[0m [1m0s[0m 20ms/step - loss: 0.0053
Epoch 86/200

[1m1/8[0m [32m━━[0m[37m━━━━━━━━━━━━━━━━━━[0m [1m0s[0m 43ms/step - loss: 0.0048
[1m5/8[0m [32m━━━━━━━━━━━━[0m[37m━━━━━━━━[0m [1m0s[0m 17ms/step - loss: 0.0046
[1m8/8[0m [32m━━━━━━━━━━━━━━━━━━━━[0m[37m[0m [1m0s[0m 21ms/step - loss: 0.0054
Epoch 87/200

[1m1/8[0m [32m━━[0m[37m━━━━━━━━━━━━━━━━━━[0m [1m0s[0m 50ms/step - loss: 0.0054
[1m5/8[0m [32m━━━━━━━━━━━━[0m[37m━━━━━━━━[0m [1m0s[0m 14ms/step - loss: 0.0060
[1m8/8[0m [32m━━━━━━━━━━━━━━━━━━━━[0m[37m[0m [1m0s[0m 19ms/step - loss: 0.0059
Epoch 88/200

[1m1/8[0m [32m━━[0m[37m━━━━━━━━━━━━━━━━━━[0m [1m0s[0m 57ms/step - loss: 0.0049
[1m5/8[0m [32m━━━━━━━━━━━━[0m[37m━━━━━━━━[0m [1m0s[0m 14ms/step - loss: 0.0041
[1m8/8[0m [32m━━━━━━━━━━━━━━━━━━━━[0m[37m[0m [1m0s[0m 19ms/step - loss: 0.0048
Epoch 89/200

[1m1/8[0m [32m━━[0m[37m━━━━━━━━━━━━━━━━━━[0m [1m0s[0m 50ms/step - loss: 0.0064
[1m4/8[0m [32m━━━━━━━━━━[0m[37m━━━━━━━━━━[0m [1m0s[0m 19ms/step - loss: 0.0066
[1m7/8[0m [32m━━━━━━━━━━━━━━━━━[0m[37m━━━[0m [1m0s[0m 20ms/step - loss: 0.0062
[1m8/8[0m [32m━━━━━━━━━━━━━━━━━━━━[0m[37m[0m [1m0s[0m 27ms/step - loss: 0.0052
Epoch 90/200

[1m1/8[0m [32m━━[0m[37m━━━━━━━━━━━━━━━━━━[0m [1m0s[0m 65ms/step - loss: 0.0070
[1m4/8[0m [32m━━━━━━━━━━[0m[37m━━━━━━━━━━[0m [1m0s[0m 18ms/step - loss: 0.0063
[1m7/8[0m [32m━━━━━━━━━━━━━━━━━[0m[37m━━━[0m [1m0s[0m 19ms/step - loss: 0.0058
[1m8/8[0m [32m━━━━━━━━━━━━━━━━━━━━[0m[37m[0m [1m0s[0m 24ms/step - loss: 0.0048
Epoch 91/200

[1m1/8[0m [32m━━[0m[37m━━━━━━━━━━━━━━━━━━[0m [1m0s[0m 52ms/step - loss: 0.0030
[1m5/8[0m [32m━━━━━━━━━━━━[0m[37m━━━━━━━━[0m [1m0s[0m 18ms/step - loss: 0.0037
[1m7/8[0m [32m━━━━━━━━━━━━━━━━━[0m[37m━━━[0m [1m0s[0m 21ms/step - loss: 0.0040
[1m8/8[0m [32m━━━━━━━━━━━━━━━━━━━━[0m[37m[0m [1m0s[0m 25ms/step - loss: 0.0048
Epoch 92/200

[1m1/8[0m [32m━━[0m[37m━━━━━━━━━━━━━━━━━━[0m [1m0s[0m 56ms/step - loss: 0.0060
[1m4/8[0m [32m━━━━━━━━━━[0m[37m━━━━━━━━━━[0m [1m0s[0m 17ms/step - loss: 0.0055
[1m8/8[0m [32m━━━━━━━━━━━━━━━━━━━━[0m[37m[0m [1m0s[0m 17ms/step - loss: 0.0053
[1m8/8[0m [32m━━━━━━━━━━━━━━━━━━━━[0m[37m[0m [1m0s[0m 22ms/step - loss: 0.0050
Epoch 93/200

[1m1/8[0m [32m━━[0m[37m━━━━━━━━━━━━━━━━━━[0m [1m0s[0m 44ms/step - loss: 0.0034
[1m5/8[0m [32m━━━━━━━━━━━━[0m[37m━━━━━━━━[0m [1m0s[0m 15ms/step - loss: 0.0042
[1m8/8[0m [32m━━━━━━━━━━━━━━━━━━━━[0m[37m[0m [1m0s[0m 19ms/step - loss: 0.0049
Epoch 94/200

[1m1/8[0m [32m━━[0m[37m━━━━━━━━━━━━━━━━━━[0m [1m0s[0m 48ms/step - loss: 0.0043
[1m5/8[0m [32m━━━━━━━━━━━━[0m[37m━━━━━━━━[0m [1m0s[0m 14ms/step - loss: 0.0042
[1m8/8[0m [32m━━━━━━━━━━━━━━━━━━━━[0m[37m[0m [1m0s[0m 19ms/step - loss: 0.0055
Epoch 95/200

[1m1/8[0m [32m━━[0m[37m━━━━━━━━━━━━━━━━━━[0m [1m0s[0m 41ms/step - loss: 0.0048
[1m6/8[0m [32m━━━━━━━━━━━━━━━[0m[37m━━━━━[0m [1m0s[0m 11ms/step - loss: 0.0045
[1m8/8[0m [32m━━━━━━━━━━━━━━━━━━━━[0m[37m[0m [1m0s[0m 16ms/step - loss: 0.0050
Epoch 96/200

[1m1/8[0m [32m━━[0m[37m━━━━━━━━━━━━━━━━━━[0m [1m0s[0m 49ms/step - loss: 0.0048
[1m5/8[0m [32m━━━━━━━━━━━━[0m[37m━━━━━━━━[0m [1m0s[0m 15ms/step - loss: 0.0047
[1m8/8[0m [32m━━━━━━━━━━━━━━━━━━━━[0m[37m[0m [1m0s[0m 17ms/step - loss: 0.0047
Epoch 97/200

[1m1/8[0m [32m━━[0m[37m━━━━━━━━━━━━━━━━━━[0m [1m0s[0m 46ms/step - loss: 0.0038
[1m6/8[0m [32m━━━━━━━━━━━━━━━[0m[37m━━━━━[0m [1m0s[0m 13ms/step - loss: 0.0036
[1m8/8[0m [32m━━━━━━━━━━━━━━━━━━━━[0m[37m[0m [1m0s[0m 18ms/step - loss: 0.0044
Epoch 98/200

[1m1/8[0m [32m━━[0m[37m━━━━━━━━━━━━━━━━━━[0m [1m0s[0m 53ms/step - loss: 0.0043
[1m4/8[0m [32m━━━━━━━━━━[0m[37m━━━━━━━━━━[0m [1m0s[0m 21ms/step - loss: 0.0056
[1m8/8[0m [32m━━━━━━━━━━━━━━━━━━━━[0m[37m[0m [1m0s[0m 18ms/step - loss: 0.0055
[1m8/8[0m [32m━━━━━━━━━━━━━━━━━━━━[0m[37m[0m [1m0s[0m 22ms/step - loss: 0.0052
Epoch 99/200

[1m1/8[0m [32m━━[0m[37m━━━━━━━━━━━━━━━━━━[0m [1m0s[0m 48ms/step - loss: 0.0051
[1m5/8[0m [32m━━━━━━━━━━━━[0m[37m━━━━━━━━[0m [1m0s[0m 13ms/step - loss: 0.0047
[1m8/8[0m [32m━━━━━━━━━━━━━━━━━━━━[0m[37m[0m [1m0s[0m 16ms/step - loss: 0.0049
Epoch 100/200

[1m1/8[0m [32m━━[0m[37m━━━━━━━━━━━━━━━━━━[0m [1m0s[0m 37ms/step - loss: 0.0039
[1m5/8[0m [32m━━━━━━━━━━━━[0m[37m━━━━━━━━[0m [1m0s[0m 14ms/step - loss: 0.0049
[1m8/8[0m [32m━━━━━━━━━━━━━━━━━━━━[0m[37m[0m [1m0s[0m 19ms/step - loss: 0.0051
Epoch 101/200

[1m1/8[0m [32m━━[0m[37m━━━━━━━━━━━━━━━━━━[0m [1m0s[0m 47ms/step - loss: 0.0026
[1m5/8[0m [32m━━━━━━━━━━━━[0m[37m━━━━━━━━[0m [1m0s[0m 14ms/step - loss: 0.0036
[1m8/8[0m [32m━━━━━━━━━━━━━━━━━━━━[0m[37m[0m [1m0s[0m 16ms/step - loss: 0.0039
[1m8/8[0m [32m━━━━━━━━━━━━━━━━━━━━[0m[37m[0m [1m0s[0m 20ms/step - loss: 0.0046
Epoch 102/200

[1m1/8[0m [32m━━[0m[37m━━━━━━━━━━━━━━━━━━[0m [1m0s[0m 39ms/step - loss: 0.0073
[1m5/8[0m [32m━━━━━━━━━━━━[0m[37m━━━━━━━━[0m [1m0s[0m 13ms/step - loss: 0.0062
[1m8/8[0m [32m━━━━━━━━━━━━━━━━━━━━[0m[37m[0m [1m0s[0m 17ms/step - loss: 0.0056
Epoch 103/200

[1m1/8[0m [32m━━[0m[37m━━━━━━━━━━━━━━━━━━[0m [1m0s[0m 37ms/step - loss: 0.0033
[1m5/8[0m [32m━━━━━━━━━━━━[0m[37m━━━━━━━━[0m [1m0s[0m 16ms/step - loss: 0.0036
[1m8/8[0m [32m━━━━━━━━━━━━━━━━━━━━[0m[37m[0m [1m0s[0m 20ms/step - loss: 0.0044
Epoch 104/200

[1m1/8[0m [32m━━[0m[37m━━━━━━━━━━━━━━━━━━[0m [1m0s[0m 45ms/step - loss: 0.0047
[1m5/8[0m [32m━━━━━━━━━━━━[0m[37m━━━━━━━━[0m [1m0s[0m 14ms/step - loss: 0.0054
[1m8/8[0m [32m━━━━━━━━━━━━━━━━━━━━[0m[37m[0m [1m0s[0m 19ms/step - loss: 0.0048
Epoch 105/200

[1m1/8[0m [32m━━[0m[37m━━━━━━━━━━━━━━━━━━[0m [1m0s[0m 46ms/step - loss: 0.0047
[1m5/8[0m [32m━━━━━━━━━━━━[0m[37m━━━━━━━━[0m [1m0s[0m 14ms/step - loss: 0.0045
[1m8/8[0m [32m━━━━━━━━━━━━━━━━━━━━[0m[37m[0m [1m0s[0m 15ms/step - loss: 0.0048
[1m8/8[0m [32m━━━━━━━━━━━━━━━━━━━━[0m[37m[0m [1m0s[0m 19ms/step - loss: 0.0049
Epoch 106/200

[1m1/8[0m [32m━━[0m[37m━━━━━━━━━━━━━━━━━━[0m [1m0s[0m 40ms/step - loss: 0.0039
[1m5/8[0m [32m━━━━━━━━━━━━[0m[37m━━━━━━━━[0m [1m0s[0m 15ms/step - loss: 0.0044
[1m8/8[0m [32m━━━━━━━━━━━━━━━━━━━━[0m[37m[0m [1m0s[0m 18ms/step - loss: 0.0045
Epoch 107/200

[1m1/8[0m [32m━━[0m[37m━━━━━━━━━━━━━━━━━━[0m [1m0s[0m 41ms/step - loss: 0.0029
[1m5/8[0m [32m━━━━━━━━━━━━[0m[37m━━━━━━━━[0m [1m0s[0m 14ms/step - loss: 0.0036
[1m8/8[0m [32m━━━━━━━━━━━━━━━━━━━━[0m[37m[0m [1m0s[0m 18ms/step - loss: 0.0044
Epoch 108/200

[1m1/8[0m [32m━━[0m[37m━━━━━━━━━━━━━━━━━━[0m [1m0s[0m 46ms/step - loss: 0.0071
[1m5/8[0m [32m━━━━━━━━━━━━[0m[37m━━━━━━━━[0m [1m0s[0m 16ms/step - loss: 0.0056
[1m8/8[0m [32m━━━━━━━━━━━━━━━━━━━━[0m[37m[0m [1m0s[0m 19ms/step - loss: 0.0052
Epoch 109/200

[1m1/8[0m [32m━━[0m[37m━━━━━━━━━━━━━━━━━━[0m [1m0s[0m 41ms/step - loss: 0.0046
[1m5/8[0m [32m━━━━━━━━━━━━[0m[37m━━━━━━━━[0m [1m0s[0m 15ms/step - loss: 0.0047
[1m8/8[0m [32m━━━━━━━━━━━━━━━━━━━━[0m[37m[0m [1m0s[0m 18ms/step - loss: 0.0047
Epoch 110/200

[1m1/8[0m [32m━━[0m[37m━━━━━━━━━━━━━━━━━━[0m [1m0s[0m 41ms/step - loss: 0.0052
[1m5/8[0m [32m━━━━━━━━━━━━[0m[37m━━━━━━━━[0m [1m0s[0m 14ms/step - loss: 0.0049
[1m8/8[0m [32m━━━━━━━━━━━━━━━━━━━━[0m[37m[0m [1m0s[0m 17ms/step - loss: 0.0044
Epoch 111/200

[1m1/8[0m [32m━━[0m[37m━━━━━━━━━━━━━━━━━━[0m [1m0s[0m 39ms/step - loss: 0.0037
[1m5/8[0m [32m━━━━━━━━━━━━[0m[37m━━━━━━━━[0m [1m0s[0m 15ms/step - loss: 0.0042
[1m8/8[0m [32m━━━━━━━━━━━━━━━━━━━━[0m[37m[0m [1m0s[0m 18ms/step - loss: 0.0047
Epoch 112/200

[1m1/8[0m [32m━━[0m[37m━━━━━━━━━━━━━━━━━━[0m [1m0s[0m 40ms/step - loss: 0.0030
[1m5/8[0m [32m━━━━━━━━━━━━[0m[37m━━━━━━━━[0m [1m0s[0m 15ms/step - loss: 0.0041
[1m8/8[0m [32m━━━━━━━━━━━━━━━━━━━━[0m[37m[0m [1m0s[0m 19ms/step - loss: 0.0058
Epoch 113/200

[1m1/8[0m [32m━━[0m[37m━━━━━━━━━━━━━━━━━━[0m [1m0s[0m 53ms/step - loss: 0.0061
[1m5/8[0m [32m━━━━━━━━━━━━[0m[37m━━━━━━━━[0m [1m0s[0m 15ms/step - loss: 0.0051
[1m8/8[0m [32m━━━━━━━━━━━━━━━━━━━━[0m[37m[0m [1m0s[0m 20ms/step - loss: 0.0053
Epoch 114/200

[1m1/8[0m [32m━━[0m[37m━━━━━━━━━━━━━━━━━━[0m [1m0s[0m 52ms/step - loss: 0.0060
[1m5/8[0m [32m━━━━━━━━━━━━[0m[37m━━━━━━━━[0m [1m0s[0m 14ms/step - loss: 0.0062
[1m8/8[0m [32m━━━━━━━━━━━━━━━━━━━━[0m[37m[0m [1m0s[0m 19ms/step - loss: 0.0057
Epoch 115/200

[1m1/8[0m [32m━━[0m[37m━━━━━━━━━━━━━━━━━━[0m [1m0s[0m 47ms/step - loss: 0.0104
[1m5/8[0m [32m━━━━━━━━━━━━[0m[37m━━━━━━━━[0m [1m0s[0m 16ms/step - loss: 0.0071
[1m8/8[0m [32m━━━━━━━━━━━━━━━━━━━━[0m[37m[0m [1m0s[0m 16ms/step - loss: 0.0063
[1m8/8[0m [32m━━━━━━━━━━━━━━━━━━━━[0m[37m[0m [1m0s[0m 21ms/step - loss: 0.0049
Epoch 116/200

[1m1/8[0m [32m━━[0m[37m━━━━━━━━━━━━━━━━━━[0m [1m0s[0m 51ms/step - loss: 0.0037
[1m4/8[0m [32m━━━━━━━━━━[0m[37m━━━━━━━━━━[0m [1m0s[0m 17ms/step - loss: 0.0032
[1m7/8[0m [32m━━━━━━━━━━━━━━━━━[0m[37m━━━[0m [1m0s[0m 19ms/step - loss: 0.0033
[1m8/8[0m [32m━━━━━━━━━━━━━━━━━━━━[0m[37m[0m [1m0s[0m 24ms/step - loss: 0.0033
[1m8/8[0m [32m━━━━━━━━━━━━━━━━━━━━[0m[37m[0m [1m0s[0m 32ms/step - loss: 0.0039
Epoch 117/200

[1m1/8[0m [32m━━[0m[37m━━━━━━━━━━━━━━━━━━[0m [1m0s[0m 44ms/step - loss: 0.0049
[1m5/8[0m [32m━━━━━━━━━━━━[0m[37m━━━━━━━━[0m [1m0s[0m 15ms/step - loss: 0.0051
[1m8/8[0m [32m━━━━━━━━━━━━━━━━━━━━[0m[37m[0m [1m0s[0m 18ms/step - loss: 0.0051
Epoch 118/200

[1m1/8[0m [32m━━[0m[37m━━━━━━━━━━━━━━━━━━[0m [1m0s[0m 54ms/step - loss: 0.0026
[1m5/8[0m [32m━━━━━━━━━━━━[0m[37m━━━━━━━━[0m [1m0s[0m 16ms/step - loss: 0.0035
[1m8/8[0m [32m━━━━━━━━━━━━━━━━━━━━[0m[37m[0m [1m0s[0m 23ms/step - loss: 0.0048
Epoch 119/200

[1m1/8[0m [32m━━[0m[37m━━━━━━━━━━━━━━━━━━[0m [1m0s[0m 53ms/step - loss: 0.0024
[1m5/8[0m [32m━━━━━━━━━━━━[0m[37m━━━━━━━━[0m [1m0s[0m 14ms/step - loss: 0.0029
[1m8/8[0m [32m━━━━━━━━━━━━━━━━━━━━[0m[37m[0m [1m0s[0m 19ms/step - loss: 0.0046
Epoch 120/200

[1m1/8[0m [32m━━[0m[37m━━━━━━━━━━━━━━━━━━[0m [1m0s[0m 49ms/step - loss: 0.0072
[1m5/8[0m [32m━━━━━━━━━━━━[0m[37m━━━━━━━━[0m [1m0s[0m 15ms/step - loss: 0.0064
[1m8/8[0m [32m━━━━━━━━━━━━━━━━━━━━[0m[37m[0m [1m0s[0m 20ms/step - loss: 0.0052
Epoch 121/200

[1m1/8[0m [32m━━[0m[37m━━━━━━━━━━━━━━━━━━[0m [1m0s[0m 45ms/step - loss: 0.0047
[1m5/8[0m [32m━━━━━━━━━━━━[0m[37m━━━━━━━━[0m [1m0s[0m 15ms/step - loss: 0.0048
[1m8/8[0m [32m━━━━━━━━━━━━━━━━━━━━[0m[37m[0m [1m0s[0m 19ms/step - loss: 0.0050
Epoch 122/200

[1m1/8[0m [32m━━[0m[37m━━━━━━━━━━━━━━━━━━[0m [1m0s[0m 51ms/step - loss: 0.0037
[1m4/8[0m [32m━━━━━━━━━━[0m[37m━━━━━━━━━━[0m [1m0s[0m 18ms/step - loss: 0.0043
[1m8/8[0m [32m━━━━━━━━━━━━━━━━━━━━[0m[37m[0m [1m0s[0m 16ms/step - loss: 0.0049
[1m8/8[0m [32m━━━━━━━━━━━━━━━━━━━━[0m[37m[0m [1m0s[0m 20ms/step - loss: 0.0052
Epoch 123/200

[1m1/8[0m [32m━━[0m[37m━━━━━━━━━━━━━━━━━━[0m [1m0s[0m 49ms/step - loss: 0.0047
[1m4/8[0m [32m━━━━━━━━━━[0m[37m━━━━━━━━━━[0m [1m0s[0m 18ms/step - loss: 0.0044
[1m8/8[0m [32m━━━━━━━━━━━━━━━━━━━━[0m[37m[0m [1m0s[0m 16ms/step - loss: 0.0043
[1m8/8[0m [32m━━━━━━━━━━━━━━━━━━━━[0m[37m[0m [1m0s[0m 20ms/step - loss: 0.0042
Epoch 124/200

[1m1/8[0m [32m━━[0m[37m━━━━━━━━━━━━━━━━━━[0m [1m0s[0m 45ms/step - loss: 0.0028
[1m5/8[0m [32m━━━━━━━━━━━━[0m[37m━━━━━━━━[0m [1m0s[0m 16ms/step - loss: 0.0041
[1m8/8[0m [32m━━━━━━━━━━━━━━━━━━━━[0m[37m[0m [1m0s[0m 24ms/step - loss: 0.0044
Epoch 125/200

[1m1/8[0m [32m━━[0m[37m━━━━━━━━━━━━━━━━━━[0m [1m0s[0m 64ms/step - loss: 0.0052
[1m4/8[0m [32m━━━━━━━━━━[0m[37m━━━━━━━━━━[0m [1m0s[0m 20ms/step - loss: 0.0043
[1m7/8[0m [32m━━━━━━━━━━━━━━━━━[0m[37m━━━[0m [1m0s[0m 20ms/step - loss: 0.0042
[1m8/8[0m [32m━━━━━━━━━━━━━━━━━━━━[0m[37m[0m [1m0s[0m 25ms/step - loss: 0.0048
Epoch 126/200

[1m1/8[0m [32m━━[0m[37m━━━━━━━━━━━━━━━━━━[0m [1m0s[0m 59ms/step - loss: 0.0045
[1m4/8[0m [32m━━━━━━━━━━[0m[37m━━━━━━━━━━[0m [1m0s[0m 22ms/step - loss: 0.0053
[1m7/8[0m [32m━━━━━━━━━━━━━━━━━[0m[37m━━━[0m [1m0s[0m 20ms/step - loss: 0.0053
[1m8/8[0m [32m━━━━━━━━━━━━━━━━━━━━[0m[37m[0m [1m0s[0m 23ms/step - loss: 0.0049
Epoch 127/200

[1m1/8[0m [32m━━[0m[37m━━━━━━━━━━━━━━━━━━[0m [1m0s[0m 55ms/step - loss: 0.0048
[1m5/8[0m [32m━━━━━━━━━━━━[0m[37m━━━━━━━━[0m [1m0s[0m 15ms/step - loss: 0.0049
[1m8/8[0m [32m━━━━━━━━━━━━━━━━━━━━[0m[37m[0m [1m0s[0m 17ms/step - loss: 0.0049
Epoch 128/200

[1m1/8[0m [32m━━[0m[37m━━━━━━━━━━━━━━━━━━[0m [1m0s[0m 51ms/step - loss: 0.0030
[1m5/8[0m [32m━━━━━━━━━━━━[0m[37m━━━━━━━━[0m [1m0s[0m 13ms/step - loss: 0.0030
[1m8/8[0m [32m━━━━━━━━━━━━━━━━━━━━[0m[37m[0m [1m0s[0m 18ms/step - loss: 0.0045
Epoch 129/200

[1m1/8[0m [32m━━[0m[37m━━━━━━━━━━━━━━━━━━[0m [1m0s[0m 46ms/step - loss: 0.0034
[1m5/8[0m [32m━━━━━━━━━━━━[0m[37m━━━━━━━━[0m [1m0s[0m 15ms/step - loss: 0.0052
[1m8/8[0m [32m━━━━━━━━━━━━━━━━━━━━[0m[37m[0m [1m0s[0m 19ms/step - loss: 0.0050
Epoch 130/200

[1m1/8[0m [32m━━[0m[37m━━━━━━━━━━━━━━━━━━[0m [1m0s[0m 52ms/step - loss: 0.0029
[1m5/8[0m [32m━━━━━━━━━━━━[0m[37m━━━━━━━━[0m [1m0s[0m 16ms/step - loss: 0.0038
[1m8/8[0m [32m━━━━━━━━━━━━━━━━━━━━[0m[37m[0m [1m0s[0m 19ms/step - loss: 0.0046
Epoch 131/200

[1m1/8[0m [32m━━[0m[37m━━━━━━━━━━━━━━━━━━[0m [1m0s[0m 45ms/step - loss: 0.0020
[1m5/8[0m [32m━━━━━━━━━━━━[0m[37m━━━━━━━━[0m [1m0s[0m 16ms/step - loss: 0.0028
[1m8/8[0m [32m━━━━━━━━━━━━━━━━━━━━[0m[37m[0m [1m0s[0m 18ms/step - loss: 0.0043
Epoch 132/200

[1m1/8[0m [32m━━[0m[37m━━━━━━━━━━━━━━━━━━[0m [1m0s[0m 43ms/step - loss: 0.0038
[1m5/8[0m [32m━━━━━━━━━━━━[0m[37m━━━━━━━━[0m [1m0s[0m 15ms/step - loss: 0.0042
[1m8/8[0m [32m━━━━━━━━━━━━━━━━━━━━[0m[37m[0m [1m0s[0m 18ms/step - loss: 0.0041
Epoch 133/200

[1m1/8[0m [32m━━[0m[37m━━━━━━━━━━━━━━━━━━[0m [1m0s[0m 48ms/step - loss: 0.0087
[1m5/8[0m [32m━━━━━━━━━━━━[0m[37m━━━━━━━━[0m [1m0s[0m 16ms/step - loss: 0.0066
[1m8/8[0m [32m━━━━━━━━━━━━━━━━━━━━[0m[37m[0m [1m0s[0m 16ms/step - loss: 0.0059
[1m8/8[0m [32m━━━━━━━━━━━━━━━━━━━━[0m[37m[0m [1m0s[0m 21ms/step - loss: 0.0045
Epoch 134/200

[1m1/8[0m [32m━━[0m[37m━━━━━━━━━━━━━━━━━━[0m [1m0s[0m 48ms/step - loss: 0.0029
[1m5/8[0m [32m━━━━━━━━━━━━[0m[37m━━━━━━━━[0m [1m0s[0m 13ms/step - loss: 0.0037
[1m8/8[0m [32m━━━━━━━━━━━━━━━━━━━━[0m[37m[0m [1m0s[0m 17ms/step - loss: 0.0040
[1m8/8[0m [32m━━━━━━━━━━━━━━━━━━━━[0m[37m[0m [1m0s[0m 25ms/step - loss: 0.0046
Epoch 135/200

[1m1/8[0m [32m━━[0m[37m━━━━━━━━━━━━━━━━━━[0m [1m0s[0m 42ms/step - loss: 0.0018
[1m4/8[0m [32m━━━━━━━━━━[0m[37m━━━━━━━━━━[0m [1m0s[0m 18ms/step - loss: 0.0031
[1m8/8[0m [32m━━━━━━━━━━━━━━━━━━━━[0m[37m[0m [1m0s[0m 15ms/step - loss: 0.0038
[1m8/8[0m [32m━━━━━━━━━━━━━━━━━━━━[0m[37m[0m [1m0s[0m 18ms/step - loss: 0.0045
Epoch 136/200

[1m1/8[0m [32m━━[0m[37m━━━━━━━━━━━━━━━━━━[0m [1m0s[0m 35ms/step - loss: 0.0093
[1m6/8[0m [32m━━━━━━━━━━━━━━━[0m[37m━━━━━[0m [1m0s[0m 10ms/step - loss: 0.0064
[1m8/8[0m [32m━━━━━━━━━━━━━━━━━━━━[0m[37m[0m [1m0s[0m 14ms/step - loss: 0.0050
Epoch 137/200

[1m1/8[0m [32m━━[0m[37m━━━━━━━━━━━━━━━━━━[0m [1m0s[0m 37ms/step - loss: 0.0040
[1m4/8[0m [32m━━━━━━━━━━[0m[37m━━━━━━━━━━[0m [1m0s[0m 21ms/step - loss: 0.0041
[1m7/8[0m [32m━━━━━━━━━━━━━━━━━[0m[37m━━━[0m [1m0s[0m 20ms/step - loss: 0.0043
[1m8/8[0m [32m━━━━━━━━━━━━━━━━━━━━[0m[37m[0m [1m0s[0m 22ms/step - loss: 0.0052
Epoch 138/200

[1m1/8[0m [32m━━[0m[37m━━━━━━━━━━━━━━━━━━[0m [1m0s[0m 36ms/step - loss: 0.0025
[1m6/8[0m [32m━━━━━━━━━━━━━━━[0m[37m━━━━━[0m [1m0s[0m 11ms/step - loss: 0.0036
[1m8/8[0m [32m━━━━━━━━━━━━━━━━━━━━[0m[37m[0m [1m0s[0m 14ms/step - loss: 0.0046
Epoch 139/200

[1m1/8[0m [32m━━[0m[37m━━━━━━━━━━━━━━━━━━[0m [1m0s[0m 37ms/step - loss: 0.0032
[1m6/8[0m [32m━━━━━━━━━━━━━━━[0m[37m━━━━━[0m [1m0s[0m 10ms/step - loss: 0.0034
[1m8/8[0m [32m━━━━━━━━━━━━━━━━━━━━[0m[37m[0m [1m0s[0m 16ms/step - loss: 0.0043
Epoch 140/200

[1m1/8[0m [32m━━[0m[37m━━━━━━━━━━━━━━━━━━[0m [1m0s[0m 41ms/step - loss: 0.0047
[1m6/8[0m [32m━━━━━━━━━━━━━━━[0m[37m━━━━━[0m [1m0s[0m 13ms/step - loss: 0.0047
[1m8/8[0m [32m━━━━━━━━━━━━━━━━━━━━[0m[37m[0m [1m0s[0m 19ms/step - loss: 0.0051
Epoch 141/200

[1m1/8[0m [32m━━[0m[37m━━━━━━━━━━━━━━━━━━[0m [1m0s[0m 43ms/step - loss: 0.0057
[1m6/8[0m [32m━━━━━━━━━━━━━━━[0m[37m━━━━━[0m [1m0s[0m 12ms/step - loss: 0.0052
[1m8/8[0m [32m━━━━━━━━━━━━━━━━━━━━[0m[37m[0m [1m0s[0m 16ms/step - loss: 0.0047
Epoch 142/200

[1m1/8[0m [32m━━[0m[37m━━━━━━━━━━━━━━━━━━[0m [1m0s[0m 38ms/step - loss: 0.0043
[1m5/8[0m [32m━━━━━━━━━━━━[0m[37m━━━━━━━━[0m [1m0s[0m 13ms/step - loss: 0.0043
[1m8/8[0m [32m━━━━━━━━━━━━━━━━━━━━[0m[37m[0m [1m0s[0m 17ms/step - loss: 0.0054
Epoch 143/200

[1m1/8[0m [32m━━[0m[37m━━━━━━━━━━━━━━━━━━[0m [1m0s[0m 49ms/step - loss: 0.0046
[1m5/8[0m [32m━━━━━━━━━━━━[0m[37m━━━━━━━━[0m [1m0s[0m 16ms/step - loss: 0.0055
[1m8/8[0m [32m━━━━━━━━━━━━━━━━━━━━[0m[37m[0m [1m0s[0m 19ms/step - loss: 0.0049
Epoch 144/200

[1m1/8[0m [32m━━[0m[37m━━━━━━━━━━━━━━━━━━[0m [1m0s[0m 52ms/step - loss: 0.0065
[1m5/8[0m [32m━━━━━━━━━━━━[0m[37m━━━━━━━━[0m [1m0s[0m 15ms/step - loss: 0.0070
[1m8/8[0m [32m━━━━━━━━━━━━━━━━━━━━[0m[37m[0m [1m0s[0m 19ms/step - loss: 0.0056
Epoch 145/200

[1m1/8[0m [32m━━[0m[37m━━━━━━━━━━━━━━━━━━[0m [1m0s[0m 40ms/step - loss: 0.0050
[1m5/8[0m [32m━━━━━━━━━━━━[0m[37m━━━━━━━━[0m [1m0s[0m 14ms/step - loss: 0.0047
[1m8/8[0m [32m━━━━━━━━━━━━━━━━━━━━[0m[37m[0m [1m0s[0m 19ms/step - loss: 0.0044
Epoch 146/200

[1m1/8[0m [32m━━[0m[37m━━━━━━━━━━━━━━━━━━[0m [1m0s[0m 45ms/step - loss: 0.0059
[1m5/8[0m [32m━━━━━━━━━━━━[0m[37m━━━━━━━━[0m [1m0s[0m 15ms/step - loss: 0.0045
[1m8/8[0m [32m━━━━━━━━━━━━━━━━━━━━[0m[37m[0m [1m0s[0m 19ms/step - loss: 0.0041
Epoch 147/200

[1m1/8[0m [32m━━[0m[37m━━━━━━━━━━━━━━━━━━[0m [1m0s[0m 49ms/step - loss: 0.0042
[1m4/8[0m [32m━━━━━━━━━━[0m[37m━━━━━━━━━━[0m [1m0s[0m 17ms/step - loss: 0.0043
[1m8/8[0m [32m━━━━━━━━━━━━━━━━━━━━[0m[37m[0m [1m0s[0m 16ms/step - loss: 0.0045
[1m8/8[0m [32m━━━━━━━━━━━━━━━━━━━━[0m[37m[0m [1m0s[0m 20ms/step - loss: 0.0044
Epoch 148/200

[1m1/8[0m [32m━━[0m[37m━━━━━━━━━━━━━━━━━━[0m [1m0s[0m 52ms/step - loss: 0.0036
[1m5/8[0m [32m━━━━━━━━━━━━[0m[37m━━━━━━━━[0m [1m0s[0m 16ms/step - loss: 0.0039
[1m8/8[0m [32m━━━━━━━━━━━━━━━━━━━━[0m[37m[0m [1m0s[0m 19ms/step - loss: 0.0044
Epoch 149/200

[1m1/8[0m [32m━━[0m[37m━━━━━━━━━━━━━━━━━━[0m [1m0s[0m 42ms/step - loss: 0.0050
[1m5/8[0m [32m━━━━━━━━━━━━[0m[37m━━━━━━━━[0m [1m0s[0m 15ms/step - loss: 0.0048
[1m8/8[0m [32m━━━━━━━━━━━━━━━━━━━━[0m[37m[0m [1m0s[0m 19ms/step - loss: 0.0044
Epoch 150/200

[1m1/8[0m [32m━━[0m[37m━━━━━━━━━━━━━━━━━━[0m [1m0s[0m 43ms/step - loss: 0.0039
[1m5/8[0m [32m━━━━━━━━━━━━[0m[37m━━━━━━━━[0m [1m0s[0m 16ms/step - loss: 0.0032
[1m8/8[0m [32m━━━━━━━━━━━━━━━━━━━━[0m[37m[0m [1m0s[0m 20ms/step - loss: 0.0044
Epoch 151/200

[1m1/8[0m [32m━━[0m[37m━━━━━━━━━━━━━━━━━━[0m [1m0s[0m 45ms/step - loss: 0.0029
[1m5/8[0m [32m━━━━━━━━━━━━[0m[37m━━━━━━━━[0m [1m0s[0m 15ms/step - loss: 0.0037
[1m7/8[0m [32m━━━━━━━━━━━━━━━━━[0m[37m━━━[0m [1m0s[0m 22ms/step - loss: 0.0042
[1m8/8[0m [32m━━━━━━━━━━━━━━━━━━━━[0m[37m[0m [1m0s[0m 26ms/step - loss: 0.0049
Epoch 152/200

[1m1/8[0m [32m━━[0m[37m━━━━━━━━━━━━━━━━━━[0m [1m0s[0m 51ms/step - loss: 0.0041
[1m3/8[0m [32m━━━━━━━[0m[37m━━━━━━━━━━━━━[0m [1m0s[0m 28ms/step - loss: 0.0037
[1m5/8[0m [32m━━━━━━━━━━━━[0m[37m━━━━━━━━[0m [1m0s[0m 27ms/step - loss: 0.0036
[1m8/8[0m [32m━━━━━━━━━━━━━━━━━━━━[0m[37m[0m [1m0s[0m 25ms/step - loss: 0.0039
[1m8/8[0m [32m━━━━━━━━━━━━━━━━━━━━[0m[37m[0m [1m0s[0m 30ms/step - loss: 0.0043
Epoch 153/200

[1m1/8[0m [32m━━[0m[37m━━━━━━━━━━━━━━━━━━[0m [1m0s[0m 58ms/step - loss: 0.0048
[1m5/8[0m [32m━━━━━━━━━━━━[0m[37m━━━━━━━━[0m [1m0s[0m 16ms/step - loss: 0.0044
[1m8/8[0m [32m━━━━━━━━━━━━━━━━━━━━[0m[37m[0m [1m0s[0m 17ms/step - loss: 0.0043
[1m8/8[0m [32m━━━━━━━━━━━━━━━━━━━━[0m[37m[0m [1m0s[0m 20ms/step - loss: 0.0045
Epoch 154/200

[1m1/8[0m [32m━━[0m[37m━━━━━━━━━━━━━━━━━━[0m [1m0s[0m 44ms/step - loss: 0.0069
[1m5/8[0m [32m━━━━━━━━━━━━[0m[37m━━━━━━━━[0m [1m0s[0m 15ms/step - loss: 0.0057
[1m8/8[0m [32m━━━━━━━━━━━━━━━━━━━━[0m[37m[0m [1m0s[0m 16ms/step - loss: 0.0054
[1m8/8[0m [32m━━━━━━━━━━━━━━━━━━━━[0m[37m[0m [1m0s[0m 20ms/step - loss: 0.0047
Epoch 155/200

[1m1/8[0m [32m━━[0m[37m━━━━━━━━━━━━━━━━━━[0m [1m0s[0m 50ms/step - loss: 0.0056
[1m5/8[0m [32m━━━━━━━━━━━━[0m[37m━━━━━━━━[0m [1m0s[0m 15ms/step - loss: 0.0041
[1m8/8[0m [32m━━━━━━━━━━━━━━━━━━━━[0m[37m[0m [1m0s[0m 16ms/step - loss: 0.0044
[1m8/8[0m [32m━━━━━━━━━━━━━━━━━━━━[0m[37m[0m [1m0s[0m 20ms/step - loss: 0.0049
Epoch 156/200

[1m1/8[0m [32m━━[0m[37m━━━━━━━━━━━━━━━━━━[0m [1m0s[0m 43ms/step - loss: 0.0025
[1m5/8[0m [32m━━━━━━━━━━━━[0m[37m━━━━━━━━[0m [1m0s[0m 16ms/step - loss: 0.0033
[1m8/8[0m [32m━━━━━━━━━━━━━━━━━━━━[0m[37m[0m [1m0s[0m 20ms/step - loss: 0.0043
Epoch 157/200

[1m1/8[0m [32m━━[0m[37m━━━━━━━━━━━━━━━━━━[0m [1m0s[0m 62ms/step - loss: 0.0038
[1m4/8[0m [32m━━━━━━━━━━[0m[37m━━━━━━━━━━[0m [1m0s[0m 19ms/step - loss: 0.0045
[1m7/8[0m [32m━━━━━━━━━━━━━━━━━[0m[37m━━━[0m [1m0s[0m 18ms/step - loss: 0.0045
[1m8/8[0m [32m━━━━━━━━━━━━━━━━━━━━[0m[37m[0m [1m0s[0m 21ms/step - loss: 0.0044
Epoch 158/200

[1m1/8[0m [32m━━[0m[37m━━━━━━━━━━━━━━━━━━[0m [1m0s[0m 48ms/step - loss: 0.0072
[1m4/8[0m [32m━━━━━━━━━━[0m[37m━━━━━━━━━━[0m [1m0s[0m 18ms/step - loss: 0.0053
[1m8/8[0m [32m━━━━━━━━━━━━━━━━━━━━[0m[37m[0m [1m0s[0m 17ms/step - loss: 0.0047
[1m8/8[0m [32m━━━━━━━━━━━━━━━━━━━━[0m[37m[0m [1m0s[0m 21ms/step - loss: 0.0044
Epoch 159/200

[1m1/8[0m [32m━━[0m[37m━━━━━━━━━━━━━━━━━━[0m [1m0s[0m 61ms/step - loss: 0.0069
[1m5/8[0m [32m━━━━━━━━━━━━[0m[37m━━━━━━━━[0m [1m0s[0m 16ms/step - loss: 0.0050
[1m8/8[0m [32m━━━━━━━━━━━━━━━━━━━━[0m[37m[0m [1m0s[0m 20ms/step - loss: 0.0039
Epoch 160/200

[1m1/8[0m [32m━━[0m[37m━━━━━━━━━━━━━━━━━━[0m [1m0s[0m 50ms/step - loss: 0.0045
[1m5/8[0m [32m━━━━━━━━━━━━[0m[37m━━━━━━━━[0m [1m0s[0m 17ms/step - loss: 0.0048
[1m8/8[0m [32m━━━━━━━━━━━━━━━━━━━━[0m[37m[0m [1m0s[0m 19ms/step - loss: 0.0047
Epoch 161/200

[1m1/8[0m [32m━━[0m[37m━━━━━━━━━━━━━━━━━━[0m [1m0s[0m 43ms/step - loss: 0.0048
[1m5/8[0m [32m━━━━━━━━━━━━[0m[37m━━━━━━━━[0m [1m0s[0m 16ms/step - loss: 0.0050
[1m8/8[0m [32m━━━━━━━━━━━━━━━━━━━━[0m[37m[0m [1m0s[0m 20ms/step - loss: 0.0049
Epoch 162/200

[1m1/8[0m [32m━━[0m[37m━━━━━━━━━━━━━━━━━━[0m [1m0s[0m 52ms/step - loss: 0.0035
[1m4/8[0m [32m━━━━━━━━━━[0m[37m━━━━━━━━━━[0m [1m0s[0m 18ms/step - loss: 0.0032
[1m7/8[0m [32m━━━━━━━━━━━━━━━━━[0m[37m━━━[0m [1m0s[0m 18ms/step - loss: 0.0034
[1m8/8[0m [32m━━━━━━━━━━━━━━━━━━━━[0m[37m[0m [1m0s[0m 21ms/step - loss: 0.0038
Epoch 163/200

[1m1/8[0m [32m━━[0m[37m━━━━━━━━━━━━━━━━━━[0m [1m0s[0m 42ms/step - loss: 0.0030
[1m5/8[0m [32m━━━━━━━━━━━━[0m[37m━━━━━━━━[0m [1m0s[0m 15ms/step - loss: 0.0046
[1m8/8[0m [32m━━━━━━━━━━━━━━━━━━━━[0m[37m[0m [1m0s[0m 18ms/step - loss: 0.0044
Epoch 164/200

[1m1/8[0m [32m━━[0m[37m━━━━━━━━━━━━━━━━━━[0m [1m0s[0m 45ms/step - loss: 0.0029
[1m5/8[0m [32m━━━━━━━━━━━━[0m[37m━━━━━━━━[0m [1m0s[0m 15ms/step - loss: 0.0038
[1m8/8[0m [32m━━━━━━━━━━━━━━━━━━━━[0m[37m[0m [1m0s[0m 20ms/step - loss: 0.0049
Epoch 165/200

[1m1/8[0m [32m━━[0m[37m━━━━━━━━━━━━━━━━━━[0m [1m0s[0m 50ms/step - loss: 0.0034
[1m5/8[0m [32m━━━━━━━━━━━━[0m[37m━━━━━━━━[0m [1m0s[0m 16ms/step - loss: 0.0037
[1m8/8[0m [32m━━━━━━━━━━━━━━━━━━━━[0m[37m[0m [1m0s[0m 18ms/step - loss: 0.0045
Epoch 166/200

[1m1/8[0m [32m━━[0m[37m━━━━━━━━━━━━━━━━━━[0m [1m0s[0m 41ms/step - loss: 0.0034
[1m4/8[0m [32m━━━━━━━━━━[0m[37m━━━━━━━━━━[0m [1m0s[0m 17ms/step - loss: 0.0036
[1m8/8[0m [32m━━━━━━━━━━━━━━━━━━━━[0m[37m[0m [1m0s[0m 15ms/step - loss: 0.0040
[1m8/8[0m [32m━━━━━━━━━━━━━━━━━━━━[0m[37m[0m [1m0s[0m 19ms/step - loss: 0.0048
Epoch 167/200

[1m1/8[0m [32m━━[0m[37m━━━━━━━━━━━━━━━━━━[0m [1m0s[0m 48ms/step - loss: 0.0052
[1m4/8[0m [32m━━━━━━━━━━[0m[37m━━━━━━━━━━[0m [1m0s[0m 25ms/step - loss: 0.0053
[1m7/8[0m [32m━━━━━━━━━━━━━━━━━[0m[37m━━━[0m [1m0s[0m 22ms/step - loss: 0.0051
[1m8/8[0m [32m━━━━━━━━━━━━━━━━━━━━[0m[37m[0m [1m0s[0m 25ms/step - loss: 0.0044
Epoch 168/200

[1m1/8[0m [32m━━[0m[37m━━━━━━━━━━━━━━━━━━[0m [1m0s[0m 51ms/step - loss: 0.0034
[1m4/8[0m [32m━━━━━━━━━━[0m[37m━━━━━━━━━━[0m [1m0s[0m 22ms/step - loss: 0.0051
[1m7/8[0m [32m━━━━━━━━━━━━━━━━━[0m[37m━━━[0m [1m0s[0m 22ms/step - loss: 0.0051
[1m8/8[0m [32m━━━━━━━━━━━━━━━━━━━━[0m[37m[0m [1m0s[0m 30ms/step - loss: 0.0047
Epoch 169/200

[1m1/8[0m [32m━━[0m[37m━━━━━━━━━━━━━━━━━━[0m [1m0s[0m 59ms/step - loss: 0.0039
[1m4/8[0m [32m━━━━━━━━━━[0m[37m━━━━━━━━━━[0m [1m0s[0m 25ms/step - loss: 0.0046
[1m7/8[0m [32m━━━━━━━━━━━━━━━━━[0m[37m━━━[0m [1m0s[0m 25ms/step - loss: 0.0044
[1m8/8[0m [32m━━━━━━━━━━━━━━━━━━━━[0m[37m[0m [1m0s[0m 29ms/step - loss: 0.0036
Epoch 170/200

[1m1/8[0m [32m━━[0m[37m━━━━━━━━━━━━━━━━━━[0m [1m0s[0m 53ms/step - loss: 0.0033
[1m4/8[0m [32m━━━━━━━━━━[0m[37m━━━━━━━━━━[0m [1m0s[0m 20ms/step - loss: 0.0034
[1m7/8[0m [32m━━━━━━━━━━━━━━━━━[0m[37m━━━[0m [1m0s[0m 21ms/step - loss: 0.0039
[1m8/8[0m [32m━━━━━━━━━━━━━━━━━━━━[0m[37m[0m [1m0s[0m 24ms/step - loss: 0.0050
Epoch 171/200

[1m1/8[0m [32m━━[0m[37m━━━━━━━━━━━━━━━━━━[0m [1m0s[0m 50ms/step - loss: 0.0031
[1m4/8[0m [32m━━━━━━━━━━[0m[37m━━━━━━━━━━[0m [1m0s[0m 18ms/step - loss: 0.0039
[1m7/8[0m [32m━━━━━━━━━━━━━━━━━[0m[37m━━━[0m [1m0s[0m 18ms/step - loss: 0.0044
[1m8/8[0m [32m━━━━━━━━━━━━━━━━━━━━[0m[37m[0m [1m0s[0m 22ms/step - loss: 0.0048
Epoch 172/200

[1m1/8[0m [32m━━[0m[37m━━━━━━━━━━━━━━━━━━[0m [1m0s[0m 57ms/step - loss: 0.0098
[1m5/8[0m [32m━━━━━━━━━━━━[0m[37m━━━━━━━━[0m [1m0s[0m 16ms/step - loss: 0.0058
[1m8/8[0m [32m━━━━━━━━━━━━━━━━━━━━[0m[37m[0m [1m0s[0m 20ms/step - loss: 0.0043
Epoch 173/200

[1m1/8[0m [32m━━[0m[37m━━━━━━━━━━━━━━━━━━[0m [1m0s[0m 55ms/step - loss: 0.0038
[1m5/8[0m [32m━━━━━━━━━━━━[0m[37m━━━━━━━━[0m [1m0s[0m 14ms/step - loss: 0.0046
[1m8/8[0m [32m━━━━━━━━━━━━━━━━━━━━[0m[37m[0m [1m0s[0m 15ms/step - loss: 0.0049
[1m8/8[0m [32m━━━━━━━━━━━━━━━━━━━━[0m[37m[0m [1m0s[0m 20ms/step - loss: 0.0052
Epoch 174/200

[1m1/8[0m [32m━━[0m[37m━━━━━━━━━━━━━━━━━━[0m [1m0s[0m 57ms/step - loss: 0.0041
[1m5/8[0m [32m━━━━━━━━━━━━[0m[37m━━━━━━━━[0m [1m0s[0m 15ms/step - loss: 0.0045
[1m8/8[0m [32m━━━━━━━━━━━━━━━━━━━━[0m[37m[0m [1m0s[0m 19ms/step - loss: 0.0047
Epoch 175/200

[1m1/8[0m [32m━━[0m[37m━━━━━━━━━━━━━━━━━━[0m [1m0s[0m 45ms/step - loss: 0.0056
[1m5/8[0m [32m━━━━━━━━━━━━[0m[37m━━━━━━━━[0m [1m0s[0m 16ms/step - loss: 0.0051
[1m8/8[0m [32m━━━━━━━━━━━━━━━━━━━━[0m[37m[0m [1m0s[0m 20ms/step - loss: 0.0047
Epoch 176/200

[1m1/8[0m [32m━━[0m[37m━━━━━━━━━━━━━━━━━━[0m [1m0s[0m 50ms/step - loss: 0.0026
[1m4/8[0m [32m━━━━━━━━━━[0m[37m━━━━━━━━━━[0m [1m0s[0m 18ms/step - loss: 0.0030
[1m8/8[0m [32m━━━━━━━━━━━━━━━━━━━━[0m[37m[0m [1m0s[0m 16ms/step - loss: 0.0034
[1m8/8[0m [32m━━━━━━━━━━━━━━━━━━━━[0m[37m[0m [1m0s[0m 21ms/step - loss: 0.0037
Epoch 177/200

[1m1/8[0m [32m━━[0m[37m━━━━━━━━━━━━━━━━━━[0m [1m0s[0m 82ms/step - loss: 0.0040
[1m3/8[0m [32m━━━━━━━[0m[37m━━━━━━━━━━━━━[0m [1m0s[0m 35ms/step - loss: 0.0042
[1m5/8[0m [32m━━━━━━━━━━━━[0m[37m━━━━━━━━[0m [1m0s[0m 34ms/step - loss: 0.0043
[1m7/8[0m [32m━━━━━━━━━━━━━━━━━[0m[37m━━━[0m [1m0s[0m 31ms/step - loss: 0.0043
[1m8/8[0m [32m━━━━━━━━━━━━━━━━━━━━[0m[37m[0m [1m0s[0m 36ms/step - loss: 0.0044
Epoch 178/200

[1m1/8[0m [32m━━[0m[37m━━━━━━━━━━━━━━━━━━[0m [1m0s[0m 55ms/step - loss: 0.0060
[1m5/8[0m [32m━━━━━━━━━━━━[0m[37m━━━━━━━━[0m [1m0s[0m 16ms/step - loss: 0.0042
[1m8/8[0m [32m━━━━━━━━━━━━━━━━━━━━[0m[37m[0m [1m0s[0m 17ms/step - loss: 0.0042
[1m8/8[0m [32m━━━━━━━━━━━━━━━━━━━━[0m[37m[0m [1m0s[0m 21ms/step - loss: 0.0042
Epoch 179/200

[1m1/8[0m [32m━━[0m[37m━━━━━━━━━━━━━━━━━━[0m [1m0s[0m 52ms/step - loss: 0.0029
[1m4/8[0m [32m━━━━━━━━━━[0m[37m━━━━━━━━━━[0m [1m0s[0m 20ms/step - loss: 0.0045
[1m8/8[0m [32m━━━━━━━━━━━━━━━━━━━━[0m[37m[0m [1m0s[0m 18ms/step - loss: 0.0046
[1m8/8[0m [32m━━━━━━━━━━━━━━━━━━━━[0m[37m[0m [1m0s[0m 22ms/step - loss: 0.0048
Epoch 180/200

[1m1/8[0m [32m━━[0m[37m━━━━━━━━━━━━━━━━━━[0m [1m0s[0m 55ms/step - loss: 0.0026
[1m4/8[0m [32m━━━━━━━━━━[0m[37m━━━━━━━━━━[0m [1m0s[0m 20ms/step - loss: 0.0041
[1m7/8[0m [32m━━━━━━━━━━━━━━━━━[0m[37m━━━[0m [1m0s[0m 19ms/step - loss: 0.0043
[1m8/8[0m [32m━━━━━━━━━━━━━━━━━━━━[0m[37m[0m [1m0s[0m 23ms/step - loss: 0.0046
Epoch 181/200

[1m1/8[0m [32m━━[0m[37m━━━━━━━━━━━━━━━━━━[0m [1m0s[0m 56ms/step - loss: 0.0030
[1m3/8[0m [32m━━━━━━━[0m[37m━━━━━━━━━━━━━[0m [1m0s[0m 29ms/step - loss: 0.0031
[1m6/8[0m [32m━━━━━━━━━━━━━━━[0m[37m━━━━━[0m [1m0s[0m 24ms/step - loss: 0.0034
[1m8/8[0m [32m━━━━━━━━━━━━━━━━━━━━[0m[37m[0m [1m0s[0m 25ms/step - loss: 0.0046
Epoch 182/200

[1m1/8[0m [32m━━[0m[37m━━━━━━━━━━━━━━━━━━[0m [1m0s[0m 47ms/step - loss: 9.7495e-04
[1m5/8[0m [32m━━━━━━━━━━━━[0m[37m━━━━━━━━[0m [1m0s[0m 16ms/step - loss: 0.0031    
[1m8/8[0m [32m━━━━━━━━━━━━━━━━━━━━[0m[37m[0m [1m0s[0m 19ms/step - loss: 0.0042
Epoch 183/200

[1m1/8[0m [32m━━[0m[37m━━━━━━━━━━━━━━━━━━[0m [1m0s[0m 50ms/step - loss: 0.0034
[1m4/8[0m [32m━━━━━━━━━━[0m[37m━━━━━━━━━━[0m [1m0s[0m 17ms/step - loss: 0.0035
[1m8/8[0m [32m━━━━━━━━━━━━━━━━━━━━[0m[37m[0m [1m0s[0m 17ms/step - loss: 0.0041
[1m8/8[0m [32m━━━━━━━━━━━━━━━━━━━━[0m[37m[0m [1m0s[0m 22ms/step - loss: 0.0046
Epoch 184/200

[1m1/8[0m [32m━━[0m[37m━━━━━━━━━━━━━━━━━━[0m [1m0s[0m 56ms/step - loss: 0.0025
[1m5/8[0m [32m━━━━━━━━━━━━[0m[37m━━━━━━━━[0m [1m0s[0m 16ms/step - loss: 0.0028
[1m8/8[0m [32m━━━━━━━━━━━━━━━━━━━━[0m[37m[0m [1m0s[0m 18ms/step - loss: 0.0033
[1m8/8[0m [32m━━━━━━━━━━━━━━━━━━━━[0m[37m[0m [1m0s[0m 22ms/step - loss: 0.0041
Epoch 185/200

[1m1/8[0m [32m━━[0m[37m━━━━━━━━━━━━━━━━━━[0m [1m0s[0m 60ms/step - loss: 0.0078
[1m4/8[0m [32m━━━━━━━━━━[0m[37m━━━━━━━━━━[0m [1m0s[0m 19ms/step - loss: 0.0061
[1m7/8[0m [32m━━━━━━━━━━━━━━━━━[0m[37m━━━[0m [1m0s[0m 19ms/step - loss: 0.0054
[1m8/8[0m [32m━━━━━━━━━━━━━━━━━━━━[0m[37m[0m [1m0s[0m 22ms/step - loss: 0.0045
Epoch 186/200

[1m1/8[0m [32m━━[0m[37m━━━━━━━━━━━━━━━━━━[0m [1m0s[0m 53ms/step - loss: 0.0046
[1m4/8[0m [32m━━━━━━━━━━[0m[37m━━━━━━━━━━[0m [1m0s[0m 20ms/step - loss: 0.0040
[1m7/8[0m [32m━━━━━━━━━━━━━━━━━[0m[37m━━━[0m [1m0s[0m 19ms/step - loss: 0.0041
[1m8/8[0m [32m━━━━━━━━━━━━━━━━━━━━[0m[37m[0m [1m0s[0m 23ms/step - loss: 0.0046
Epoch 187/200

[1m1/8[0m [32m━━[0m[37m━━━━━━━━━━━━━━━━━━[0m [1m0s[0m 54ms/step - loss: 0.0065
[1m5/8[0m [32m━━━━━━━━━━━━[0m[37m━━━━━━━━[0m [1m0s[0m 18ms/step - loss: 0.0048
[1m8/8[0m [32m━━━━━━━━━━━━━━━━━━━━[0m[37m[0m [1m0s[0m 20ms/step - loss: 0.0043
Epoch 188/200

[1m1/8[0m [32m━━[0m[37m━━━━━━━━━━━━━━━━━━[0m [1m0s[0m 44ms/step - loss: 0.0036
[1m5/8[0m [32m━━━━━━━━━━━━[0m[37m━━━━━━━━[0m [1m0s[0m 15ms/step - loss: 0.0040
[1m8/8[0m [32m━━━━━━━━━━━━━━━━━━━━[0m[37m[0m [1m0s[0m 19ms/step - loss: 0.0048
Epoch 189/200

[1m1/8[0m [32m━━[0m[37m━━━━━━━━━━━━━━━━━━[0m [1m0s[0m 46ms/step - loss: 0.0041
[1m5/8[0m [32m━━━━━━━━━━━━[0m[37m━━━━━━━━[0m [1m0s[0m 15ms/step - loss: 0.0037
[1m8/8[0m [32m━━━━━━━━━━━━━━━━━━━━[0m[37m[0m [1m0s[0m 19ms/step - loss: 0.0046
Epoch 190/200

[1m1/8[0m [32m━━[0m[37m━━━━━━━━━━━━━━━━━━[0m [1m0s[0m 42ms/step - loss: 0.0086
[1m5/8[0m [32m━━━━━━━━━━━━[0m[37m━━━━━━━━[0m [1m0s[0m 15ms/step - loss: 0.0057
[1m8/8[0m [32m━━━━━━━━━━━━━━━━━━━━[0m[37m[0m [1m0s[0m 20ms/step - loss: 0.0043
Epoch 191/200

[1m1/8[0m [32m━━[0m[37m━━━━━━━━━━━━━━━━━━[0m [1m0s[0m 48ms/step - loss: 0.0029
[1m5/8[0m [32m━━━━━━━━━━━━[0m[37m━━━━━━━━[0m [1m0s[0m 16ms/step - loss: 0.0047
[1m8/8[0m [32m━━━━━━━━━━━━━━━━━━━━[0m[37m[0m [1m0s[0m 20ms/step - loss: 0.0046
Epoch 192/200

[1m1/8[0m [32m━━[0m[37m━━━━━━━━━━━━━━━━━━[0m [1m0s[0m 53ms/step - loss: 0.0055
[1m5/8[0m [32m━━━━━━━━━━━━[0m[37m━━━━━━━━[0m [1m0s[0m 15ms/step - loss: 0.0054
[1m8/8[0m [32m━━━━━━━━━━━━━━━━━━━━[0m[37m[0m [1m0s[0m 20ms/step - loss: 0.0042
Epoch 193/200

[1m1/8[0m [32m━━[0m[37m━━━━━━━━━━━━━━━━━━[0m [1m0s[0m 62ms/step - loss: 0.0019
[1m4/8[0m [32m━━━━━━━━━━[0m[37m━━━━━━━━━━[0m [1m0s[0m 20ms/step - loss: 0.0025
[1m7/8[0m [32m━━━━━━━━━━━━━━━━━[0m[37m━━━[0m [1m0s[0m 21ms/step - loss: 0.0033
[1m8/8[0m [32m━━━━━━━━━━━━━━━━━━━━[0m[37m[0m [1m0s[0m 25ms/step - loss: 0.0044
Epoch 194/200

[1m1/8[0m [32m━━[0m[37m━━━━━━━━━━━━━━━━━━[0m [1m0s[0m 52ms/step - loss: 0.0021
[1m4/8[0m [32m━━━━━━━━━━[0m[37m━━━━━━━━━━[0m [1m0s[0m 17ms/step - loss: 0.0040
[1m7/8[0m [32m━━━━━━━━━━━━━━━━━[0m[37m━━━[0m [1m0s[0m 17ms/step - loss: 0.0042
[1m8/8[0m [32m━━━━━━━━━━━━━━━━━━━━[0m[37m[0m [1m0s[0m 21ms/step - loss: 0.0046
Epoch 195/200

[1m1/8[0m [32m━━[0m[37m━━━━━━━━━━━━━━━━━━[0m [1m0s[0m 51ms/step - loss: 0.0036
[1m5/8[0m [32m━━━━━━━━━━━━[0m[37m━━━━━━━━[0m [1m0s[0m 16ms/step - loss: 0.0038
[1m8/8[0m [32m━━━━━━━━━━━━━━━━━━━━[0m[37m[0m [1m0s[0m 20ms/step - loss: 0.0045
Epoch 196/200

[1m1/8[0m [32m━━[0m[37m━━━━━━━━━━━━━━━━━━[0m [1m0s[0m 48ms/step - loss: 0.0078
[1m4/8[0m [32m━━━━━━━━━━[0m[37m━━━━━━━━━━[0m [1m0s[0m 17ms/step - loss: 0.0054
[1m8/8[0m [32m━━━━━━━━━━━━━━━━━━━━[0m[37m[0m [1m0s[0m 16ms/step - loss: 0.0048
[1m8/8[0m [32m━━━━━━━━━━━━━━━━━━━━[0m[37m[0m [1m0s[0m 19ms/step - loss: 0.0042
Epoch 197/200

[1m1/8[0m [32m━━[0m[37m━━━━━━━━━━━━━━━━━━[0m [1m0s[0m 42ms/step - loss: 0.0029
[1m4/8[0m [32m━━━━━━━━━━[0m[37m━━━━━━━━━━[0m [1m0s[0m 20ms/step - loss: 0.0040
[1m7/8[0m [32m━━━━━━━━━━━━━━━━━[0m[37m━━━[0m [1m0s[0m 18ms/step - loss: 0.0040
[1m8/8[0m [32m━━━━━━━━━━━━━━━━━━━━[0m[37m[0m [1m0s[0m 23ms/step - loss: 0.0046
Epoch 198/200

[1m1/8[0m [32m━━[0m[37m━━━━━━━━━━━━━━━━━━[0m [1m0s[0m 43ms/step - loss: 0.0049
[1m5/8[0m [32m━━━━━━━━━━━━[0m[37m━━━━━━━━[0m [1m0s[0m 15ms/step - loss: 0.0045
[1m8/8[0m [32m━━━━━━━━━━━━━━━━━━━━[0m[37m[0m [1m0s[0m 18ms/step - loss: 0.0046
Epoch 199/200

[1m1/8[0m [32m━━[0m[37m━━━━━━━━━━━━━━━━━━[0m [1m0s[0m 39ms/step - loss: 0.0019
[1m4/8[0m [32m━━━━━━━━━━[0m[37m━━━━━━━━━━[0m [1m0s[0m 18ms/step - loss: 0.0028
[1m7/8[0m [32m━━━━━━━━━━━━━━━━━[0m[37m━━━[0m [1m0s[0m 17ms/step - loss: 0.0029
[1m8/8[0m [32m━━━━━━━━━━━━━━━━━━━━[0m[37m[0m [1m0s[0m 22ms/step - loss: 0.0039
Epoch 200/200

[1m1/8[0m [32m━━[0m[37m━━━━━━━━━━━━━━━━━━[0m [1m0s[0m 55ms/step - loss: 0.0031
[1m4/8[0m [32m━━━━━━━━━━[0m[37m━━━━━━━━━━[0m [1m0s[0m 19ms/step - loss: 0.0030
[1m7/8[0m [32m━━━━━━━━━━━━━━━━━[0m[37m━━━[0m [1m0s[0m 18ms/step - loss: 0.0034
[1m8/8[0m [32m━━━━━━━━━━━━━━━━━━━━[0m[37m[0m [1m0s[0m 23ms/step - loss: 0.0041
Using bucket name: missingtimestamp
Bucket missingtimestamp created.
Uploading device10.keras to bucket missingtimestamp...
device10.keras uploaded to bucket missingtimestamp.
Uploading scaler to bucket missingtimestamp...
scaler.save uploaded to bucket missingtimestamp.

Model path is:  2025-12-08-00-00-00-2025-12-08-00-09-59-model
Triggering forecasting with retrained model
Forecasting.py script logs
Database connection established
Value of --retrain flag: True

Forecasting for retrained model using device10/2025-12-08-00-00-00-2025-12-08-00-09-59-model/device10.keras and device10/2025-12-08-00-00-00-2025-12-08-00-09-59-model/scaler.save
Successfully downloaded model and scaler from S3

Actual values fetched from database
    sensor_id  sensor_energy_value    sensor_timestamp  message_delay
0          10               1567.0 2025-12-08 00:09:00        59220.0
1          10               1569.8 2025-12-08 00:09:01        58217.0
2          10               1567.8 2025-12-08 00:09:02        57210.0
3          10               1570.5 2025-12-08 00:09:03        56208.0
4          10               1570.8 2025-12-08 00:09:04        55206.0
5          10               1567.7 2025-12-08 00:09:05        54201.0
6          10               1569.1 2025-12-08 00:09:06        53199.0
7          10               1565.4 2025-12-08 00:09:07        52199.0
8          10               1568.6 2025-12-08 00:09:08        51131.0
9          10               1569.6 2025-12-08 00:09:09        50128.0
10         10               1568.8 2025-12-08 00:09:10        49125.0
11         10               1565.3 2025-12-08 00:09:11        48124.0
12         10               1569.2 2025-12-08 00:09:12        47122.0
13         10               1567.8 2025-12-08 00:09:13        46119.0
14         10               1568.1 2025-12-08 00:09:14        45084.0
15         10               1572.6 2025-12-08 00:09:15        44083.0
16         10               1572.6 2025-12-08 00:09:16        43081.0
17         10               1577.4 2025-12-08 00:09:17        42080.0
18         10               1572.4 2025-12-08 00:09:18        41079.0
19         10               1574.1 2025-12-08 00:09:19        40075.0
20         10               1574.4 2025-12-08 00:09:20        39073.0
21         10               1578.0 2025-12-08 00:09:21        38072.0
22         10               1566.0 2025-12-08 00:09:22        37070.0
23         10               1579.3 2025-12-08 00:09:23        36062.0
24         10               1572.2 2025-12-08 00:09:24        35058.0
25         10               1571.7 2025-12-08 00:09:25        34057.0
26         10               1572.4 2025-12-08 00:09:26        33055.0
27         10               1573.0 2025-12-08 00:09:27        32054.0
28         10               1574.5 2025-12-08 00:09:28        31052.0
29         10               1573.5 2025-12-08 00:09:29        30050.0
30         10               1573.1 2025-12-08 00:09:30        29048.0
31         10               1591.0 2025-12-08 00:09:31        28047.0
32         10               1571.8 2025-12-08 00:09:32        27046.0
33         10               1574.1 2025-12-08 00:09:33        26045.0
34         10               1569.5 2025-12-08 00:09:34        25044.0
35         10               1572.9 2025-12-08 00:09:35        24042.0
36         10               1577.3 2025-12-08 00:09:36        23041.0
37         10               1576.4 2025-12-08 00:09:37        22039.0
38         10               1576.4 2025-12-08 00:09:38        21038.0
39         10               1573.4 2025-12-08 00:09:39        20037.0
40         10               1574.6 2025-12-08 00:09:40        19036.0
41         10               1574.0 2025-12-08 00:09:41        18035.0
42         10               1581.9 2025-12-08 00:09:42        17034.0
43         10               1572.1 2025-12-08 00:09:43        16032.0
44         10               1572.7 2025-12-08 00:09:44        15031.0
45         10               1568.9 2025-12-08 00:09:45        14030.0
46         10               1574.2 2025-12-08 00:09:46        13028.0
47         10               1572.6 2025-12-08 00:09:47        12026.0
48         10               1575.3 2025-12-08 00:09:48        11025.0
49         10               1568.3 2025-12-08 00:09:49        10024.0
50         10               1571.2 2025-12-08 00:09:50         9023.0
51         10               1589.8 2025-12-08 00:09:51         8022.0
52         10               1574.0 2025-12-08 00:09:52         7020.0
53         10               1571.6 2025-12-08 00:09:53         6019.0
54         10               1572.1 2025-12-08 00:09:54         5018.0
55         10               1569.2 2025-12-08 00:09:55         4017.0
56         10               1573.9 2025-12-08 00:09:56         3016.0
57         10               1584.4 2025-12-08 00:09:57         2014.0
58         10               1574.8 2025-12-08 00:09:58         1013.0
59         10               1575.1 2025-12-08 00:09:59           12.0
Forecasted values:
    sensor_id  sensor_energy_value_prediction    sensor_timestamp
0          10                     1588.833496 2025-12-08 00:10:00
1          10                     1590.870239 2025-12-08 00:10:01
2          10                     1592.737549 2025-12-08 00:10:02
3          10                     1594.562012 2025-12-08 00:10:03
4          10                     1596.366089 2025-12-08 00:10:04
5          10                     1598.166016 2025-12-08 00:10:05
6          10                     1599.971436 2025-12-08 00:10:06
7          10                     1601.787476 2025-12-08 00:10:07
8          10                     1603.617065 2025-12-08 00:10:08
9          10                     1605.461060 2025-12-08 00:10:09
10         10                     1607.320435 2025-12-08 00:10:10
11         10                     1609.195312 2025-12-08 00:10:11
12         10                     1611.085571 2025-12-08 00:10:12
13         10                     1612.992065 2025-12-08 00:10:13
14         10                     1614.914185 2025-12-08 00:10:14
15         10                     1616.852661 2025-12-08 00:10:15
16         10                     1618.807983 2025-12-08 00:10:16
17         10                     1620.780029 2025-12-08 00:10:17
18         10                     1622.769531 2025-12-08 00:10:18
19         10                     1624.776367 2025-12-08 00:10:19
20         10                     1626.801270 2025-12-08 00:10:20
21         10                     1628.843994 2025-12-08 00:10:21
22         10                     1630.904907 2025-12-08 00:10:22
23         10                     1632.983643 2025-12-08 00:10:23
24         10                     1635.080322 2025-12-08 00:10:24
25         10                     1637.195190 2025-12-08 00:10:25
26         10                     1639.327515 2025-12-08 00:10:26
27         10                     1641.477539 2025-12-08 00:10:27
28         10                     1643.644897 2025-12-08 00:10:28
29         10                     1645.829590 2025-12-08 00:10:29
30         10                     1648.030640 2025-12-08 00:10:30
31         10                     1650.248535 2025-12-08 00:10:31
32         10                     1652.482666 2025-12-08 00:10:32
33         10                     1654.732178 2025-12-08 00:10:33
34         10                     1656.997070 2025-12-08 00:10:34
35         10                     1659.276367 2025-12-08 00:10:35
36         10                     1661.569946 2025-12-08 00:10:36
37         10                     1663.877197 2025-12-08 00:10:37
38         10                     1666.197510 2025-12-08 00:10:38
39         10                     1668.530640 2025-12-08 00:10:39
40         10                     1670.875610 2025-12-08 00:10:40
41         10                     1673.231689 2025-12-08 00:10:41
42         10                     1675.598633 2025-12-08 00:10:42
43         10                     1677.975708 2025-12-08 00:10:43
44         10                     1680.362061 2025-12-08 00:10:44
45         10                     1682.757080 2025-12-08 00:10:45
46         10                     1685.160034 2025-12-08 00:10:46
47         10                     1687.570312 2025-12-08 00:10:47
48         10                     1689.986816 2025-12-08 00:10:48
49         10                     1692.408936 2025-12-08 00:10:49
50         10                     1694.836060 2025-12-08 00:10:50
51         10                     1697.267334 2025-12-08 00:10:51
52         10                     1699.702148 2025-12-08 00:10:52
53         10                     1702.139648 2025-12-08 00:10:53
54         10                     1704.578491 2025-12-08 00:10:54
55         10                     1707.018433 2025-12-08 00:10:55
56         10                     1709.458374 2025-12-08 00:10:56
57         10                     1711.897339 2025-12-08 00:10:57
58         10                     1714.334839 2025-12-08 00:10:58
59         10                     1716.769897 2025-12-08 00:10:59
Forecasted values inserted into database
Exiting forecasting script

No new messages received yet.Trying again...

Actual data inserted to database
Triggering forecasting with retrained model
Forecasting.py script logs
Database connection established
Value of --retrain flag: True

Forecasting for retrained model using device10/2025-12-08-00-00-00-2025-12-08-00-09-59-model/device10.keras and device10/2025-12-08-00-00-00-2025-12-08-00-09-59-model/scaler.save
Successfully downloaded model and scaler from S3

Actual values fetched from database
    sensor_id  sensor_energy_value    sensor_timestamp  message_delay
0          10               1579.0 2025-12-08 00:10:00        59131.0
1          10               1574.0 2025-12-08 00:10:01        58130.0
2          10               1579.1 2025-12-08 00:10:02        57129.0
3          10               1581.5 2025-12-08 00:10:03        56128.0
4          10               1578.3 2025-12-08 00:10:04        55126.0
5          10               1578.2 2025-12-08 00:10:05        54125.0
6          10               1577.9 2025-12-08 00:10:06        53124.0
7          10               1574.5 2025-12-08 00:10:07        52122.0
8          10               1401.0 2025-12-08 00:10:08        51121.0
9          10               1407.2 2025-12-08 00:10:09        50119.0
10         10               1412.8 2025-12-08 00:10:10        49118.0
11         10               1417.5 2025-12-08 00:10:11        48116.0
12         10               1370.8 2025-12-08 00:10:12        47115.0
13         10                553.1 2025-12-08 00:10:13        46110.0
14         10                581.6 2025-12-08 00:10:14        45103.0
15         10                587.0 2025-12-08 00:10:15        44101.0
16         10                588.0 2025-12-08 00:10:16        43100.0
17         10                620.3 2025-12-08 00:10:17        42099.0
18         10                588.2 2025-12-08 00:10:18        41093.0
19         10                598.7 2025-12-08 00:10:19        40087.0
20         10                592.2 2025-12-08 00:10:20        39085.0
21         10                589.8 2025-12-08 00:10:21        38084.0
22         10                586.4 2025-12-08 00:10:22        37082.0
23         10                586.7 2025-12-08 00:10:23        36079.0
24         10                586.1 2025-12-08 00:10:24        35078.0
25         10                584.0 2025-12-08 00:10:25        34076.0
26         10                589.7 2025-12-08 00:10:26        33074.0
27         10                586.8 2025-12-08 00:10:27        32073.0
28         10                587.2 2025-12-08 00:10:28        31071.0
29         10                586.0 2025-12-08 00:10:29        30068.0
30         10                586.4 2025-12-08 00:10:30        29067.0
31         10                592.2 2025-12-08 00:10:31        28064.0
32         10                586.4 2025-12-08 00:10:32        27063.0
33         10                590.0 2025-12-08 00:10:33        26061.0
34         10                586.6 2025-12-08 00:10:34        25060.0
35         10                588.5 2025-12-08 00:10:35        24058.0
36         10                588.4 2025-12-08 00:10:36        23056.0
37         10                589.3 2025-12-08 00:10:37        22054.0
38         10                588.1 2025-12-08 00:10:38        21052.0
39         10                589.0 2025-12-08 00:10:39        20048.0
40         10                589.9 2025-12-08 00:10:40        19047.0
41         10                587.9 2025-12-08 00:10:41        18045.0
42         10                591.7 2025-12-08 00:10:42        17044.0
43         10                581.2 2025-12-08 00:10:43        16042.0
44         10                547.7 2025-12-08 00:10:44        15038.0
45         10                441.2 2025-12-08 00:10:45        14036.0
46         10                439.8 2025-12-08 00:10:46        13035.0
47         10                440.2 2025-12-08 00:10:47        12034.0
48         10                447.1 2025-12-08 00:10:48        11032.0
49         10                437.5 2025-12-08 00:10:49        10030.0
50         10                438.8 2025-12-08 00:10:50         9029.0
51         10                442.9 2025-12-08 00:10:51         8027.0
52         10                442.4 2025-12-08 00:10:52         7025.0
53         10                439.4 2025-12-08 00:10:53         6023.0
54         10                439.6 2025-12-08 00:10:54         5021.0
55         10                441.2 2025-12-08 00:10:55         4019.0
56         10                446.4 2025-12-08 00:10:56         3017.0
57         10                505.7 2025-12-08 00:10:57         2016.0
58         10                456.3 2025-12-08 00:10:58         1015.0
59         10                456.6 2025-12-08 00:10:59           13.0
Forecasted values:
    sensor_id  sensor_energy_value_prediction    sensor_timestamp
0          10                      845.652954 2025-12-08 00:11:00
1          10                      881.213196 2025-12-08 00:11:01
2          10                      911.929260 2025-12-08 00:11:02
3          10                      940.556519 2025-12-08 00:11:03
4          10                      967.539673 2025-12-08 00:11:04
5          10                      993.081726 2025-12-08 00:11:05
6          10                     1017.268311 2025-12-08 00:11:06
7          10                     1040.126099 2025-12-08 00:11:07
8          10                     1061.659302 2025-12-08 00:11:08
9          10                     1081.867065 2025-12-08 00:11:09
10         10                     1100.757446 2025-12-08 00:11:10
11         10                     1118.346191 2025-12-08 00:11:11
12         10                     1134.659668 2025-12-08 00:11:12
13         10                     1149.735840 2025-12-08 00:11:13
14         10                     1163.626465 2025-12-08 00:11:14
15         10                     1176.384399 2025-12-08 00:11:15
16         10                     1188.069214 2025-12-08 00:11:16
17         10                     1198.745117 2025-12-08 00:11:17
18         10                     1208.478516 2025-12-08 00:11:18
19         10                     1217.338135 2025-12-08 00:11:19
20         10                     1225.391357 2025-12-08 00:11:20
21         10                     1232.704468 2025-12-08 00:11:21
22         10                     1239.341431 2025-12-08 00:11:22
23         10                     1245.362671 2025-12-08 00:11:23
24         10                     1250.826050 2025-12-08 00:11:24
25         10                     1255.784546 2025-12-08 00:11:25
26         10                     1260.287842 2025-12-08 00:11:26
27         10                     1264.381592 2025-12-08 00:11:27
28         10                     1268.107178 2025-12-08 00:11:28
29         10                     1271.502563 2025-12-08 00:11:29
30         10                     1274.602173 2025-12-08 00:11:30
31         10                     1277.436768 2025-12-08 00:11:31
32         10                     1280.034424 2025-12-08 00:11:32
33         10                     1282.420532 2025-12-08 00:11:33
34         10                     1284.617065 2025-12-08 00:11:34
35         10                     1286.644409 2025-12-08 00:11:35
36         10                     1288.520630 2025-12-08 00:11:36
37         10                     1290.261597 2025-12-08 00:11:37
38         10                     1291.881592 2025-12-08 00:11:38
39         10                     1293.393311 2025-12-08 00:11:39
40         10                     1294.808105 2025-12-08 00:11:40
41         10                     1296.135986 2025-12-08 00:11:41
42         10                     1297.385620 2025-12-08 00:11:42
43         10                     1298.565186 2025-12-08 00:11:43
44         10                     1299.681519 2025-12-08 00:11:44
45         10                     1300.741211 2025-12-08 00:11:45
46         10                     1301.751343 2025-12-08 00:11:46
47         10                     1302.715942 2025-12-08 00:11:47
48         10                     1303.639038 2025-12-08 00:11:48
49         10                     1304.524170 2025-12-08 00:11:49
50         10                     1305.375000 2025-12-08 00:11:50
51         10                     1306.194092 2025-12-08 00:11:51
52         10                     1306.983765 2025-12-08 00:11:52
53         10                     1307.746216 2025-12-08 00:11:53
54         10                     1308.483521 2025-12-08 00:11:54
55         10                     1309.196899 2025-12-08 00:11:55
56         10                     1309.887817 2025-12-08 00:11:56
57         10                     1310.557251 2025-12-08 00:11:57
58         10                     1311.204346 2025-12-08 00:11:58
59         10                     1311.832764 2025-12-08 00:11:59
Forecasted values inserted into database
Exiting forecasting script

No new messages received yet.Trying again...
No new messages received yet.Trying again...
No new messages received yet.Trying again...
No new messages received yet.Trying again...
No new messages received yet.Trying again...
No new messages received yet.Trying again...
No new messages received yet.Trying again...
No new messages received yet.Trying again...
No new messages received yet.Trying again...
No new messages received yet.Trying again...
No new messages received yet.Trying again...
No new messages received yet.Trying again...
No new messages received yet.Trying again...
No new messages received yet.Trying again...
No new messages received yet.Trying again...
No new messages received yet.Trying again...
No new messages received yet.Trying again...
No new messages received yet.Trying again...
No new messages received yet.Trying again...
No new messages received yet.Trying again...
No new messages received yet.Trying again...
No new messages received yet.Trying again...
No new messages received yet.Trying again...
No new messages received yet.Trying again...
No new messages received yet.Trying again...
No new messages received yet.Trying again...
No new messages received yet.Trying again...
No new messages received yet.Trying again...

Actual data inserted to database
Triggering forecasting with retrained model
Forecasting.py script logs
Database connection established
Value of --retrain flag: True

Forecasting for retrained model using device10/2025-12-08-00-00-00-2025-12-08-00-09-59-model/device10.keras and device10/2025-12-08-00-00-00-2025-12-08-00-09-59-model/scaler.save
Successfully downloaded model and scaler from S3

Actual values fetched from database
    sensor_id  sensor_energy_value    sensor_timestamp  message_delay
0          10                455.8 2025-12-08 00:11:00        59107.0
1          10                470.6 2025-12-08 00:11:01        58106.0
2          10                458.3 2025-12-08 00:11:02        57105.0
3          10                458.0 2025-12-08 00:11:03        56103.0
4          10                457.3 2025-12-08 00:11:04        55102.0
5          10                455.6 2025-12-08 00:11:05        54100.0
6          10                458.9 2025-12-08 00:11:06        53099.0
7          10                470.0 2025-12-08 00:11:07        52097.0
8          10                461.6 2025-12-08 00:11:08        51095.0
9          10                460.9 2025-12-08 00:11:09        50093.0
10         10                460.9 2025-12-08 00:11:10        49092.0
11         10                461.0 2025-12-08 00:11:11        48091.0
12         10                460.8 2025-12-08 00:11:12        47090.0
13         10                461.9 2025-12-08 00:11:13        46085.0
14         10                537.6 2025-12-08 00:11:14        45083.0
15         10                580.2 2025-12-08 00:11:15        44081.0
16         10                586.7 2025-12-08 00:11:16        43078.0
17         10                586.1 2025-12-08 00:11:17        42077.0
18         10                587.9 2025-12-08 00:11:18        41076.0
19         10                591.1 2025-12-08 00:11:19        40073.0
20         10                590.0 2025-12-08 00:11:20        39070.0
21         10                591.3 2025-12-08 00:11:21        38069.0
22         10                583.7 2025-12-08 00:11:22        37068.0
23         10                584.3 2025-12-08 00:11:23        36065.0
24         10                587.5 2025-12-08 00:11:24        35061.0
25         10                585.2 2025-12-08 00:11:25        34060.0
26         10                582.6 2025-12-08 00:11:26        33058.0
27         10                587.6 2025-12-08 00:11:27        32057.0
28         10                589.7 2025-12-08 00:11:28        31056.0
29         10                586.2 2025-12-08 00:11:29        30053.0
30         10                585.2 2025-12-08 00:11:30        29051.0
31         10                584.6 2025-12-08 00:11:31        28050.0
32         10                586.9 2025-12-08 00:11:32        27049.0
33         10                589.6 2025-12-08 00:11:33        26048.0
34         10                587.8 2025-12-08 00:11:34        25047.0
35         10                597.5 2025-12-08 00:11:35        24045.0
36         10                594.7 2025-12-08 00:11:36        23044.0
37         10                603.8 2025-12-08 00:11:37        22042.0
38         10                597.8 2025-12-08 00:11:38        21040.0
39         10                596.7 2025-12-08 00:11:39        20036.0
40         10                597.2 2025-12-08 00:11:40        19033.0
41         10                590.8 2025-12-08 00:11:41        18032.0
42         10                591.2 2025-12-08 00:11:42        17029.0
43         10                592.2 2025-12-08 00:11:43        16028.0
44         10                592.0 2025-12-08 00:11:44        15027.0
45         10                596.6 2025-12-08 00:11:45        14025.0
46         10                591.0 2025-12-08 00:11:46        13024.0
47         10                588.8 2025-12-08 00:11:47        12023.0
48         10                587.3 2025-12-08 00:11:48        11022.0
49         10                587.9 2025-12-08 00:11:49        10021.0
50         10                587.7 2025-12-08 00:11:50         9020.0
51         10                590.8 2025-12-08 00:11:51         8019.0
52         10                588.0 2025-12-08 00:11:52         7018.0
53         10                587.2 2025-12-08 00:11:53         6016.0
54         10                587.1 2025-12-08 00:11:54         5015.0
55         10                597.4 2025-12-08 00:11:55         4014.0
56         10                591.7 2025-12-08 00:11:56         3013.0
57         10                589.8 2025-12-08 00:11:57         2011.0
58         10                588.0 2025-12-08 00:11:58         1010.0
59         10                588.2 2025-12-08 00:11:59            8.0
Forecasted values:
    sensor_id  sensor_energy_value_prediction    sensor_timestamp
0          10                      903.976013 2025-12-08 00:12:00
1          10                      935.149170 2025-12-08 00:12:01
2          10                      961.770691 2025-12-08 00:12:02
3          10                      986.426270 2025-12-08 00:12:03
4          10                     1009.553528 2025-12-08 00:12:04
5          10                     1031.355957 2025-12-08 00:12:05
6          10                     1051.928223 2025-12-08 00:12:06
7          10                     1071.310181 2025-12-08 00:12:07
8          10                     1089.519287 2025-12-08 00:12:08
9          10                     1106.567505 2025-12-08 00:12:09
10         10                     1122.471436 2025-12-08 00:12:10
11         10                     1137.255371 2025-12-08 00:12:11
12         10                     1150.953003 2025-12-08 00:12:12
13         10                     1163.606079 2025-12-08 00:12:13
14         10                     1175.263306 2025-12-08 00:12:14
15         10                     1185.977661 2025-12-08 00:12:15
16         10                     1195.806763 2025-12-08 00:12:16
17         10                     1204.809814 2025-12-08 00:12:17
18         10                     1213.047119 2025-12-08 00:12:18
19         10                     1220.577515 2025-12-08 00:12:19
20         10                     1227.458374 2025-12-08 00:12:20
21         10                     1233.744873 2025-12-08 00:12:21
22         10                     1239.489014 2025-12-08 00:12:22
23         10                     1244.739868 2025-12-08 00:12:23
24         10                     1249.543091 2025-12-08 00:12:24
25         10                     1253.940308 2025-12-08 00:12:25
26         10                     1257.970825 2025-12-08 00:12:26
27         10                     1261.669800 2025-12-08 00:12:27
28         10                     1265.069580 2025-12-08 00:12:28
29         10                     1268.199341 2025-12-08 00:12:29
30         10                     1271.086182 2025-12-08 00:12:30
31         10                     1273.753540 2025-12-08 00:12:31
32         10                     1276.223755 2025-12-08 00:12:32
33         10                     1278.515747 2025-12-08 00:12:33
34         10                     1280.647461 2025-12-08 00:12:34
35         10                     1282.634644 2025-12-08 00:12:35
36         10                     1284.490967 2025-12-08 00:12:36
37         10                     1286.229614 2025-12-08 00:12:37
38         10                     1287.861450 2025-12-08 00:12:38
39         10                     1289.397095 2025-12-08 00:12:39
40         10                     1290.845703 2025-12-08 00:12:40
41         10                     1292.215088 2025-12-08 00:12:41
42         10                     1293.512695 2025-12-08 00:12:42
43         10                     1294.744995 2025-12-08 00:12:43
44         10                     1295.917725 2025-12-08 00:12:44
45         10                     1297.035889 2025-12-08 00:12:45
46         10                     1298.104370 2025-12-08 00:12:46
47         10                     1299.127197 2025-12-08 00:12:47
48         10                     1300.108032 2025-12-08 00:12:48
49         10                     1301.050415 2025-12-08 00:12:49
50         10                     1301.956665 2025-12-08 00:12:50
51         10                     1302.829956 2025-12-08 00:12:51
52         10                     1303.672241 2025-12-08 00:12:52
53         10                     1304.485840 2025-12-08 00:12:53
54         10                     1305.272461 2025-12-08 00:12:54
55         10                     1306.033936 2025-12-08 00:12:55
56         10                     1306.771118 2025-12-08 00:12:56
57         10                     1307.485962 2025-12-08 00:12:57
58         10                     1308.179565 2025-12-08 00:12:58
59         10                     1308.853149 2025-12-08 00:12:59
Forecasted values inserted into database
Exiting forecasting script

No new messages received yet.Trying again...
No new messages received yet.Trying again...
No new messages received yet.Trying again...
No new messages received yet.Trying again...
No new messages received yet.Trying again...
No new messages received yet.Trying again...
No new messages received yet.Trying again...
No new messages received yet.Trying again...
No new messages received yet.Trying again...
No new messages received yet.Trying again...
No new messages received yet.Trying again...
No new messages received yet.Trying again...
No new messages received yet.Trying again...
No new messages received yet.Trying again...
No new messages received yet.Trying again...
No new messages received yet.Trying again...
No new messages received yet.Trying again...
No new messages received yet.Trying again...
No new messages received yet.Trying again...
No new messages received yet.Trying again...
No new messages received yet.Trying again...
No new messages received yet.Trying again...

Actual data inserted to database
Triggering forecasting with retrained model
Forecasting.py script logs
Database connection established
Value of --retrain flag: True

Forecasting for retrained model using device10/2025-12-08-00-00-00-2025-12-08-00-09-59-model/device10.keras and device10/2025-12-08-00-00-00-2025-12-08-00-09-59-model/scaler.save
Successfully downloaded model and scaler from S3

Actual values fetched from database
    sensor_id  sensor_energy_value    sensor_timestamp  message_delay
0          10                591.5 2025-12-08 00:12:00        59405.0
1          10                602.6 2025-12-08 00:12:01        58403.0
2          10                588.3 2025-12-08 00:12:02        57402.0
3          10                590.4 2025-12-08 00:12:03        56399.0
4          10                588.7 2025-12-08 00:12:04        55397.0
5          10                588.4 2025-12-08 00:12:05        54396.0
6          10                590.5 2025-12-08 00:12:06        53394.0
7          10                589.2 2025-12-08 00:12:07        52391.0
8          10                587.3 2025-12-08 00:12:08        51386.0
9          10                587.1 2025-12-08 00:12:09        50383.0
10         10                587.7 2025-12-08 00:12:10        49382.0
11         10                585.2 2025-12-08 00:12:11        48380.0
12         10                589.8 2025-12-08 00:12:12        47378.0
13         10                588.5 2025-12-08 00:12:13        46374.0
14         10                587.4 2025-12-08 00:12:14        45373.0
15         10                587.7 2025-12-08 00:12:15        44371.0
16         10                591.7 2025-12-08 00:12:16        43366.0
17         10                589.0 2025-12-08 00:12:17        42349.0
18         10                588.2 2025-12-08 00:12:18        41348.0
19         10                593.6 2025-12-08 00:12:19        40346.0
20         10                593.2 2025-12-08 00:12:20        39339.0
21         10                587.8 2025-12-08 00:12:21        38338.0
22         10                590.6 2025-12-08 00:12:22        37334.0
23         10                587.3 2025-12-08 00:12:23        36325.0
24         10                587.4 2025-12-08 00:12:24        35323.0
25         10                586.2 2025-12-08 00:12:25        34320.0
26         10                585.4 2025-12-08 00:12:26        33284.0
27         10                586.9 2025-12-08 00:12:27        32252.0
28         10                590.6 2025-12-08 00:12:28        31250.0
29         10                591.3 2025-12-08 00:12:29        30235.0
30         10                587.1 2025-12-08 00:12:30        29231.0
31         10                587.0 2025-12-08 00:12:31        28189.0
32         10                584.7 2025-12-08 00:12:32        27164.0
33         10                589.7 2025-12-08 00:12:33        26152.0
34         10                588.7 2025-12-08 00:12:34        25150.0
35         10                587.4 2025-12-08 00:12:35        24148.0
36         10                595.2 2025-12-08 00:12:36        23146.0
37         10                585.8 2025-12-08 00:12:37        22144.0
38         10                587.0 2025-12-08 00:12:38        21139.0
39         10                584.5 2025-12-08 00:12:39        20134.0
40         10                584.7 2025-12-08 00:12:40        19131.0
41         10                584.7 2025-12-08 00:12:41        18114.0
42         10                587.7 2025-12-08 00:12:42        17064.0
43         10                590.4 2025-12-08 00:12:43        16062.0
44         10                613.0 2025-12-08 00:12:44        15058.0
45         10                594.8 2025-12-08 00:12:45        14052.0
46         10                600.2 2025-12-08 00:12:46        13047.0
47         10                592.9 2025-12-08 00:12:47        12041.0
48         10                593.7 2025-12-08 00:12:48        11026.0
49         10                593.7 2025-12-08 00:12:49        10024.0
50         10                593.6 2025-12-08 00:12:50         9022.0
51         10                595.6 2025-12-08 00:12:51         8020.0
52         10                596.0 2025-12-08 00:12:52         7019.0
53         10                593.1 2025-12-08 00:12:53         6017.0
54         10                597.2 2025-12-08 00:12:54         5016.0
55         10                591.7 2025-12-08 00:12:55         4013.0
56         10                593.4 2025-12-08 00:12:56         3012.0
57         10                594.6 2025-12-08 00:12:57         2011.0
58         10                589.8 2025-12-08 00:12:58         1010.0
59         10                583.8 2025-12-08 00:12:59            9.0
Forecasted values:
    sensor_id  sensor_energy_value_prediction    sensor_timestamp
0          10                      904.669495 2025-12-08 00:13:00
1          10                      935.851074 2025-12-08 00:13:01
2          10                      962.423096 2025-12-08 00:13:02
3          10                      987.020752 2025-12-08 00:13:03
4          10                     1010.087219 2025-12-08 00:13:04
5          10                     1031.828613 2025-12-08 00:13:05
6          10                     1052.341431 2025-12-08 00:13:06
7          10                     1071.666382 2025-12-08 00:13:07
8          10                     1089.821167 2025-12-08 00:13:08
9          10                     1106.818115 2025-12-08 00:13:09
10         10                     1122.673828 2025-12-08 00:13:10
11         10                     1137.412720 2025-12-08 00:13:11
12         10                     1151.068237 2025-12-08 00:13:12
13         10                     1163.682373 2025-12-08 00:13:13
14         10                     1175.303467 2025-12-08 00:13:14
15         10                     1185.985718 2025-12-08 00:13:15
16         10                     1195.786377 2025-12-08 00:13:16
17         10                     1204.764404 2025-12-08 00:13:17
18         10                     1212.979980 2025-12-08 00:13:18
19         10                     1220.491455 2025-12-08 00:13:19
20         10                     1227.356201 2025-12-08 00:13:20
21         10                     1233.629150 2025-12-08 00:13:21
22         10                     1239.361938 2025-12-08 00:13:22
23         10                     1244.603516 2025-12-08 00:13:23
24         10                     1249.399170 2025-12-08 00:13:24
25         10                     1253.790649 2025-12-08 00:13:25
26         10                     1257.816895 2025-12-08 00:13:26
27         10                     1261.512573 2025-12-08 00:13:27
28         10                     1264.910400 2025-12-08 00:13:28
29         10                     1268.039062 2025-12-08 00:13:29
30         10                     1270.925415 2025-12-08 00:13:30
31         10                     1273.593506 2025-12-08 00:13:31
32         10                     1276.064331 2025-12-08 00:13:32
33         10                     1278.358154 2025-12-08 00:13:33
34         10                     1280.491455 2025-12-08 00:13:34
35         10                     1282.480835 2025-12-08 00:13:35
36         10                     1284.339844 2025-12-08 00:13:36
37         10                     1286.081177 2025-12-08 00:13:37
38         10                     1287.716309 2025-12-08 00:13:38
39         10                     1289.255371 2025-12-08 00:13:39
40         10                     1290.707275 2025-12-08 00:13:40
41         10                     1292.080200 2025-12-08 00:13:41
42         10                     1293.381348 2025-12-08 00:13:42
43         10                     1294.616943 2025-12-08 00:13:43
44         10                     1295.792969 2025-12-08 00:13:44
45         10                     1296.913696 2025-12-08 00:13:45
46         10                     1297.985107 2025-12-08 00:13:46
47         10                     1299.010376 2025-12-08 00:13:47
48         10                     1299.993652 2025-12-08 00:13:48
49         10                     1300.938232 2025-12-08 00:13:49
50         10                     1301.846924 2025-12-08 00:13:50
51         10                     1302.722290 2025-12-08 00:13:51
52         10                     1303.566528 2025-12-08 00:13:52
53         10                     1304.381836 2025-12-08 00:13:53
54         10                     1305.170288 2025-12-08 00:13:54
55         10                     1305.933228 2025-12-08 00:13:55
56         10                     1306.672363 2025-12-08 00:13:56
57         10                     1307.389160 2025-12-08 00:13:57
58         10                     1308.084473 2025-12-08 00:13:58
59         10                     1308.759644 2025-12-08 00:13:59
Forecasted values inserted into database
Exiting forecasting script

No new messages received yet.Trying again...
No new messages received yet.Trying again...
No new messages received yet.Trying again...
No new messages received yet.Trying again...
No new messages received yet.Trying again...
No new messages received yet.Trying again...
No new messages received yet.Trying again...
No new messages received yet.Trying again...
No new messages received yet.Trying again...
No new messages received yet.Trying again...
No new messages received yet.Trying again...
No new messages received yet.Trying again...
No new messages received yet.Trying again...
No new messages received yet.Trying again...
No new messages received yet.Trying again...
No new messages received yet.Trying again...
No new messages received yet.Trying again...
No new messages received yet.Trying again...
No new messages received yet.Trying again...
No new messages received yet.Trying again...
No new messages received yet.Trying again...
No new messages received yet.Trying again...
No new messages received yet.Trying again...
No new messages received yet.Trying again...
No new messages received yet.Trying again...
No new messages received yet.Trying again...
No new messages received yet.Trying again...
No new messages received yet.Trying again...

Actual data inserted to database
Triggering forecasting with retrained model
Forecasting.py script logs
Database connection established
Value of --retrain flag: True

Forecasting for retrained model using device10/2025-12-08-00-00-00-2025-12-08-00-09-59-model/device10.keras and device10/2025-12-08-00-00-00-2025-12-08-00-09-59-model/scaler.save
Successfully downloaded model and scaler from S3

Actual values fetched from database
    sensor_id  sensor_energy_value    sensor_timestamp  message_delay
0          10                588.6 2025-12-08 00:13:00        59105.0
1          10                584.9 2025-12-08 00:13:01        58104.0
2          10                588.1 2025-12-08 00:13:02        57103.0
3          10                589.1 2025-12-08 00:13:03        56102.0
4          10                586.7 2025-12-08 00:13:04        55101.0
5          10                589.1 2025-12-08 00:13:05        54100.0
6          10                595.1 2025-12-08 00:13:06        53098.0
7          10                588.8 2025-12-08 00:13:07        52098.0
8          10                595.9 2025-12-08 00:13:08        51097.0
9          10                586.3 2025-12-08 00:13:09        50088.0
10         10                585.1 2025-12-08 00:13:10        49087.0
11         10                584.5 2025-12-08 00:13:11        48086.0
12         10                588.2 2025-12-08 00:13:12        47086.0
13         10                587.0 2025-12-08 00:13:13        46085.0
14         10                589.0 2025-12-08 00:13:14        45084.0
15         10                587.3 2025-12-08 00:13:15        44083.0
16         10                584.8 2025-12-08 00:13:16        43082.0
17         10                587.5 2025-12-08 00:13:17        42081.0
18         10                588.8 2025-12-08 00:13:18        41080.0
19         10                589.4 2025-12-08 00:13:19        40079.0
20         10                590.8 2025-12-08 00:13:20        39078.0
21         10                587.4 2025-12-08 00:13:21        38074.0
22         10                585.1 2025-12-08 00:13:22        37071.0
23         10                586.8 2025-12-08 00:13:23        36069.0
24         10                591.3 2025-12-08 00:13:24        35068.0
25         10                583.3 2025-12-08 00:13:25        34067.0
26         10                586.5 2025-12-08 00:13:26        33062.0
27         10                584.8 2025-12-08 00:13:27        32060.0
28         10                583.7 2025-12-08 00:13:28        31059.0
29         10                584.8 2025-12-08 00:13:29        30056.0
30         10                584.1 2025-12-08 00:13:30        29054.0
31         10                553.7 2025-12-08 00:13:31        28053.0
32         10                556.2 2025-12-08 00:13:32        27052.0
33         10                556.4 2025-12-08 00:13:33        26050.0
34         10                556.9 2025-12-08 00:13:34        25050.0
35         10                552.9 2025-12-08 00:13:35        24049.0
36         10                554.3 2025-12-08 00:13:36        23048.0
37         10                554.3 2025-12-08 00:13:37        22047.0
38         10                555.0 2025-12-08 00:13:38        21044.0
39         10                557.5 2025-12-08 00:13:39        20042.0
40         10                553.5 2025-12-08 00:13:40        19041.0
41         10                553.9 2025-12-08 00:13:41        18040.0
42         10                556.9 2025-12-08 00:13:42        17039.0
43         10                556.0 2025-12-08 00:13:43        16037.0
44         10                558.0 2025-12-08 00:13:44        15034.0
45         10                557.0 2025-12-08 00:13:45        14031.0
46         10                551.6 2025-12-08 00:13:46        13031.0
47         10                555.4 2025-12-08 00:13:47        12030.0
48         10                555.8 2025-12-08 00:13:48        11029.0
49         10                554.3 2025-12-08 00:13:49        10027.0
50         10                559.0 2025-12-08 00:13:50         9026.0
51         10                553.3 2025-12-08 00:13:51         8025.0
52         10                555.4 2025-12-08 00:13:52         7024.0
53         10                554.8 2025-12-08 00:13:53         6022.0
54         10                558.2 2025-12-08 00:13:54         5021.0
55         10                555.4 2025-12-08 00:13:55         4019.0
56         10                554.4 2025-12-08 00:13:56         3018.0
57         10                553.5 2025-12-08 00:13:57         2016.0
58         10                555.7 2025-12-08 00:13:58         1015.0
59         10                558.7 2025-12-08 00:13:59           14.0
Forecasted values:
    sensor_id  sensor_energy_value_prediction    sensor_timestamp
0          10                      889.074402 2025-12-08 00:14:00
1          10                      921.519897 2025-12-08 00:14:01
2          10                      949.330322 2025-12-08 00:14:02
3          10                      975.131409 2025-12-08 00:14:03
4          10                      999.362122 2025-12-08 00:14:04
5          10                     1022.226318 2025-12-08 00:14:05
6          10                     1043.816284 2025-12-08 00:14:06
7          10                     1064.168335 2025-12-08 00:14:07
8          10                     1083.296387 2025-12-08 00:14:08
9          10                     1101.209473 2025-12-08 00:14:09
10         10                     1117.921265 2025-12-08 00:14:10
11         10                     1133.454468 2025-12-08 00:14:11
12         10                     1147.841553 2025-12-08 00:14:12
13         10                     1161.124023 2025-12-08 00:14:13
14         10                     1173.351318 2025-12-08 00:14:14
15         10                     1184.578613 2025-12-08 00:14:15
16         10                     1194.865601 2025-12-08 00:14:16
17         10                     1204.274414 2025-12-08 00:14:17
18         10                     1212.867920 2025-12-08 00:14:18
19         10                     1220.708496 2025-12-08 00:14:19
20         10                     1227.857178 2025-12-08 00:14:20
21         10                     1234.373169 2025-12-08 00:14:21
22         10                     1240.311768 2025-12-08 00:14:22
23         10                     1245.725830 2025-12-08 00:14:23
24         10                     1250.664307 2025-12-08 00:14:24
25         10                     1255.172363 2025-12-08 00:14:25
26         10                     1259.291992 2025-12-08 00:14:26
27         10                     1263.061279 2025-12-08 00:14:27
28         10                     1266.515259 2025-12-08 00:14:28
29         10                     1269.685181 2025-12-08 00:14:29
30         10                     1272.599976 2025-12-08 00:14:30
31         10                     1275.285156 2025-12-08 00:14:31
32         10                     1277.764771 2025-12-08 00:14:32
33         10                     1280.059082 2025-12-08 00:14:33
34         10                     1282.187134 2025-12-08 00:14:34
35         10                     1284.165527 2025-12-08 00:14:35
36         10                     1286.009766 2025-12-08 00:14:36
37         10                     1287.732666 2025-12-08 00:14:37
38         10                     1289.346558 2025-12-08 00:14:38
39         10                     1290.862427 2025-12-08 00:14:39
40         10                     1292.289429 2025-12-08 00:14:40
41         10                     1293.636353 2025-12-08 00:14:41
42         10                     1294.910645 2025-12-08 00:14:42
43         10                     1296.119263 2025-12-08 00:14:43
44         10                     1297.267822 2025-12-08 00:14:44
45         10                     1298.362305 2025-12-08 00:14:45
46         10                     1299.406982 2025-12-08 00:14:46
47         10                     1300.406372 2025-12-08 00:14:47
48         10                     1301.364258 2025-12-08 00:14:48
49         10                     1302.283691 2025-12-08 00:14:49
50         10                     1303.168213 2025-12-08 00:14:50
51         10                     1304.019653 2025-12-08 00:14:51
52         10                     1304.840820 2025-12-08 00:14:52
53         10                     1305.633911 2025-12-08 00:14:53
54         10                     1306.400513 2025-12-08 00:14:54
55         10                     1307.142334 2025-12-08 00:14:55
56         10                     1307.860962 2025-12-08 00:14:56
57         10                     1308.557373 2025-12-08 00:14:57
58         10                     1309.233032 2025-12-08 00:14:58
59         10                     1309.888672 2025-12-08 00:14:59
Forecasted values inserted into database
Exiting forecasting script

No new messages received yet.Trying again...
No new messages received yet.Trying again...
No new messages received yet.Trying again...
No new messages received yet.Trying again...
No new messages received yet.Trying again...
No new messages received yet.Trying again...
No new messages received yet.Trying again...
No new messages received yet.Trying again...
No new messages received yet.Trying again...
No new messages received yet.Trying again...
No new messages received yet.Trying again...
No new messages received yet.Trying again...
No new messages received yet.Trying again...
No new messages received yet.Trying again...
No new messages received yet.Trying again...
No new messages received yet.Trying again...
No new messages received yet.Trying again...
No new messages received yet.Trying again...
No new messages received yet.Trying again...
No new messages received yet.Trying again...
No new messages received yet.Trying again...
No new messages received yet.Trying again...
No new messages received yet.Trying again...
No new messages received yet.Trying again...
No new messages received yet.Trying again...
No new messages received yet.Trying again...
No new messages received yet.Trying again...
No new messages received yet.Trying again...
No new messages received yet.Trying again...
No new messages received yet.Trying again...
No new messages received yet.Trying again...
No new messages received yet.Trying again...
No new messages received yet.Trying again...

Actual data inserted to database
Triggering forecasting with retrained model
Forecasting.py script logs
Database connection established
Value of --retrain flag: True

Forecasting for retrained model using device10/2025-12-08-00-00-00-2025-12-08-00-09-59-model/device10.keras and device10/2025-12-08-00-00-00-2025-12-08-00-09-59-model/scaler.save
Successfully downloaded model and scaler from S3

Actual values fetched from database
    sensor_id  sensor_energy_value    sensor_timestamp  message_delay
0          10                566.2 2025-12-08 00:14:00        59166.0
1          10                560.5 2025-12-08 00:14:01        58165.0
2          10                559.9 2025-12-08 00:14:02        57163.0
3          10                559.3 2025-12-08 00:14:03        56162.0
4          10                555.3 2025-12-08 00:14:04        55160.0
5          10                573.0 2025-12-08 00:14:05        54158.0
6          10                555.7 2025-12-08 00:14:06        53157.0
7          10                557.3 2025-12-08 00:14:07        52156.0
8          10                558.0 2025-12-08 00:14:08        51154.0
9          10                558.9 2025-12-08 00:14:09        50152.0
10         10                553.8 2025-12-08 00:14:10        49151.0
11         10                552.6 2025-12-08 00:14:11        48149.0
12         10                555.2 2025-12-08 00:14:12        47148.0
13         10                553.4 2025-12-08 00:14:13        46147.0
14         10                554.1 2025-12-08 00:14:14        45145.0
15         10                551.8 2025-12-08 00:14:15        44143.0
16         10                550.8 2025-12-08 00:14:16        43141.0
17         10                554.9 2025-12-08 00:14:17        42104.0
18         10                554.1 2025-12-08 00:14:18        41103.0
19         10                560.6 2025-12-08 00:14:19        40102.0
20         10                554.3 2025-12-08 00:14:20        39098.0
21         10                551.1 2025-12-08 00:14:21        38093.0
22         10                551.7 2025-12-08 00:14:22        37091.0
23         10                551.7 2025-12-08 00:14:23        36088.0
24         10                554.8 2025-12-08 00:14:24        35086.0
25         10                552.7 2025-12-08 00:14:25        34084.0
26         10                553.7 2025-12-08 00:14:26        33082.0
27         10                553.1 2025-12-08 00:14:27        32081.0
28         10                552.6 2025-12-08 00:14:28        31078.0
29         10                552.4 2025-12-08 00:14:29        30077.0
30         10                554.9 2025-12-08 00:14:30        29075.0
31         10                552.3 2025-12-08 00:14:31        28074.0
32         10                552.6 2025-12-08 00:14:32        27070.0
33         10                551.8 2025-12-08 00:14:33        26063.0
34         10                550.3 2025-12-08 00:14:34        25062.0
35         10                553.3 2025-12-08 00:14:35        24060.0
36         10                547.4 2025-12-08 00:14:36        23056.0
37         10                557.1 2025-12-08 00:14:37        22055.0
38         10                554.3 2025-12-08 00:14:38        21054.0
39         10                555.4 2025-12-08 00:14:39        20052.0
40         10                554.4 2025-12-08 00:14:40        19050.0
41         10                552.2 2025-12-08 00:14:41        18048.0
42         10                554.8 2025-12-08 00:14:42        17047.0
43         10                553.1 2025-12-08 00:14:43        16045.0
44         10                554.7 2025-12-08 00:14:44        15045.0
45         10                553.1 2025-12-08 00:14:45        14043.0
46         10                550.4 2025-12-08 00:14:46        13041.0
47         10                552.4 2025-12-08 00:14:47        12038.0
48         10                551.7 2025-12-08 00:14:48        11037.0
49         10                551.3 2025-12-08 00:14:49        10035.0
50         10                553.5 2025-12-08 00:14:50         9032.0
51         10                557.3 2025-12-08 00:14:51         8030.0
52         10                550.1 2025-12-08 00:14:52         7027.0
53         10                553.6 2025-12-08 00:14:53         6026.0
54         10                553.0 2025-12-08 00:14:54         5022.0
55         10                549.9 2025-12-08 00:14:55         4020.0
56         10                553.7 2025-12-08 00:14:56         3018.0
57         10                553.2 2025-12-08 00:14:57         2017.0
58         10                550.8 2025-12-08 00:14:58         1015.0
59         10                553.0 2025-12-08 00:14:59           14.0
Forecasted values:
    sensor_id  sensor_energy_value_prediction    sensor_timestamp
0          10                      887.821411 2025-12-08 00:15:00
1          10                      920.431335 2025-12-08 00:15:01
2          10                      948.358765 2025-12-08 00:15:02
3          10                      974.264954 2025-12-08 00:15:03
4          10                      998.592712 2025-12-08 00:15:04
5          10                     1021.547363 2025-12-08 00:15:05
6          10                     1043.222534 2025-12-08 00:15:06
7          10                     1063.654785 2025-12-08 00:15:07
8          10                     1082.857666 2025-12-08 00:15:08
9          10                     1100.840576 2025-12-08 00:15:09
10         10                     1117.617065 2025-12-08 00:15:10
11         10                     1133.209839 2025-12-08 00:15:11
12         10                     1147.651123 2025-12-08 00:15:12
13         10                     1160.982666 2025-12-08 00:15:13
14         10                     1173.254272 2025-12-08 00:15:14
15         10                     1184.520996 2025-12-08 00:15:15
16         10                     1194.843018 2025-12-08 00:15:16
17         10                     1204.282593 2025-12-08 00:15:17
18         10                     1212.902710 2025-12-08 00:15:18
19         10                     1220.766479 2025-12-08 00:15:19
20         10                     1227.935181 2025-12-08 00:15:20
21         10                     1234.467896 2025-12-08 00:15:21
22         10                     1240.421021 2025-12-08 00:15:22
23         10                     1245.847046 2025-12-08 00:15:23
24         10                     1250.795532 2025-12-08 00:15:24
25         10                     1255.311768 2025-12-08 00:15:25
26         10                     1259.437866 2025-12-08 00:15:26
27         10                     1263.212524 2025-12-08 00:15:27
28         10                     1266.670288 2025-12-08 00:15:28
29         10                     1269.843140 2025-12-08 00:15:29
30         10                     1272.760010 2025-12-08 00:15:30
31         10                     1275.446655 2025-12-08 00:15:31
32         10                     1277.926636 2025-12-08 00:15:32
33         10                     1280.220581 2025-12-08 00:15:33
34         10                     1282.347778 2025-12-08 00:15:34
35         10                     1284.325073 2025-12-08 00:15:35
36         10                     1286.167603 2025-12-08 00:15:36
37         10                     1287.888672 2025-12-08 00:15:37
38         10                     1289.500488 2025-12-08 00:15:38
39         10                     1291.014038 2025-12-08 00:15:39
40         10                     1292.438477 2025-12-08 00:15:40
41         10                     1293.782715 2025-12-08 00:15:41
42         10                     1295.054565 2025-12-08 00:15:42
43         10                     1296.260376 2025-12-08 00:15:43
44         10                     1297.406494 2025-12-08 00:15:44
45         10                     1298.498291 2025-12-08 00:15:45
46         10                     1299.540649 2025-12-08 00:15:46
47         10                     1300.537476 2025-12-08 00:15:47
48         10                     1301.492676 2025-12-08 00:15:48
49         10                     1302.409668 2025-12-08 00:15:49
50         10                     1303.291748 2025-12-08 00:15:50
51         10                     1304.140869 2025-12-08 00:15:51
52         10                     1304.959717 2025-12-08 00:15:52
53         10                     1305.750732 2025-12-08 00:15:53
54         10                     1306.515137 2025-12-08 00:15:54
55         10                     1307.255005 2025-12-08 00:15:55
56         10                     1307.971558 2025-12-08 00:15:56
57         10                     1308.666016 2025-12-08 00:15:57
58         10                     1309.339722 2025-12-08 00:15:58
59         10                     1309.993530 2025-12-08 00:15:59
Forecasted values inserted into database
Exiting forecasting script

No new messages received yet.Trying again...
No new messages received yet.Trying again...
No new messages received yet.Trying again...
No new messages received yet.Trying again...
No new messages received yet.Trying again...
No new messages received yet.Trying again...
No new messages received yet.Trying again...
No new messages received yet.Trying again...
No new messages received yet.Trying again...
No new messages received yet.Trying again...
No new messages received yet.Trying again...
No new messages received yet.Trying again...
No new messages received yet.Trying again...
No new messages received yet.Trying again...
No new messages received yet.Trying again...
No new messages received yet.Trying again...
No new messages received yet.Trying again...
No new messages received yet.Trying again...
No new messages received yet.Trying again...
No new messages received yet.Trying again...
No new messages received yet.Trying again...
No new messages received yet.Trying again...
No new messages received yet.Trying again...
No new messages received yet.Trying again...
No new messages received yet.Trying again...
No new messages received yet.Trying again...
No new messages received yet.Trying again...

Actual data inserted to database
Triggering forecasting with retrained model
Forecasting.py script logs
Database connection established
Value of --retrain flag: True

Forecasting for retrained model using device10/2025-12-08-00-00-00-2025-12-08-00-09-59-model/device10.keras and device10/2025-12-08-00-00-00-2025-12-08-00-09-59-model/scaler.save
Successfully downloaded model and scaler from S3

Actual values fetched from database
    sensor_id  sensor_energy_value    sensor_timestamp  message_delay
0          10                554.0 2025-12-08 00:15:00        59372.0
1          10                556.4 2025-12-08 00:15:01        58371.0
2          10                554.8 2025-12-08 00:15:02        57368.0
3          10                553.6 2025-12-08 00:15:03        56367.0
4          10                552.0 2025-12-08 00:15:04        55366.0
5          10                554.8 2025-12-08 00:15:05        54364.0
6          10                555.2 2025-12-08 00:15:06        53363.0
7          10                685.1 2025-12-08 00:15:07        52362.0
8          10                655.4 2025-12-08 00:15:08        51360.0
9          10                653.1 2025-12-08 00:15:09        50358.0
10         10                652.3 2025-12-08 00:15:10        49357.0
11         10                559.7 2025-12-08 00:15:11        48356.0
12         10                654.7 2025-12-08 00:15:12        47354.0
13         10                650.5 2025-12-08 00:15:13        46353.0
14         10                706.2 2025-12-08 00:15:14        45351.0
15         10                669.2 2025-12-08 00:15:15        44349.0
16         10                662.5 2025-12-08 00:15:16        43347.0
17         10                663.7 2025-12-08 00:15:17        42343.0
18         10                655.4 2025-12-08 00:15:18        41341.0
19         10                658.0 2025-12-08 00:15:19        40335.0
20         10                658.4 2025-12-08 00:15:20        39333.0
21         10                661.6 2025-12-08 00:15:21        38323.0
22         10                659.7 2025-12-08 00:15:22        37322.0
23         10                658.5 2025-12-08 00:15:23        36320.0
24         10                660.1 2025-12-08 00:15:24        35318.0
25         10                656.9 2025-12-08 00:15:25        34311.0
26         10                658.9 2025-12-08 00:15:26        33304.0
27         10                662.2 2025-12-08 00:15:27        32230.0
28         10                659.7 2025-12-08 00:15:28        31214.0
29         10                660.5 2025-12-08 00:15:29        30154.0
30         10                658.1 2025-12-08 00:15:30        29094.0
31         10                656.9 2025-12-08 00:15:31        28093.0
32         10                661.4 2025-12-08 00:15:32        27090.0
33         10                662.3 2025-12-08 00:15:33        26090.0
34         10                661.3 2025-12-08 00:15:34        25088.0
35         10                660.0 2025-12-08 00:15:35        24086.0
36         10                657.6 2025-12-08 00:15:36        23082.0
37         10                668.0 2025-12-08 00:15:37        22080.0
38         10                657.0 2025-12-08 00:15:38        21080.0
39         10                658.9 2025-12-08 00:15:39        20061.0
40         10                675.6 2025-12-08 00:15:40        19058.0
41         10                665.9 2025-12-08 00:15:41        18053.0
42         10                675.3 2025-12-08 00:15:42        17050.0
43         10                660.5 2025-12-08 00:15:43        16045.0
44         10                658.7 2025-12-08 00:15:44        15043.0
45         10                659.7 2025-12-08 00:15:45        14041.0
46         10                956.1 2025-12-08 00:15:46        13040.0
47         10                955.4 2025-12-08 00:15:47        12037.0
48         10                848.7 2025-12-08 00:15:48        11031.0
49         10                866.7 2025-12-08 00:15:49        10028.0
50         10                963.0 2025-12-08 00:15:50         9027.0
51         10                868.2 2025-12-08 00:15:51         8024.0
52         10                914.7 2025-12-08 00:15:52         7022.0
53         10                942.8 2025-12-08 00:15:53         6020.0
54         10                968.5 2025-12-08 00:15:54         5017.0
55         10                991.4 2025-12-08 00:15:55         4016.0
56         10               1012.9 2025-12-08 00:15:56         3015.0
57         10               1034.1 2025-12-08 00:15:57         2013.0
58         10               1052.1 2025-12-08 00:15:58         1012.0
59         10               1067.1 2025-12-08 00:15:59           10.0
Forecasted values:
    sensor_id  sensor_energy_value_prediction    sensor_timestamp
0          10                     1110.190674 2025-12-08 00:16:00
1          10                     1123.902832 2025-12-08 00:16:01
2          10                     1136.378540 2025-12-08 00:16:02
3          10                     1147.920532 2025-12-08 00:16:03
4          10                     1158.626953 2025-12-08 00:16:04
5          10                     1168.566772 2025-12-08 00:16:05
6          10                     1177.794678 2025-12-08 00:16:06
7          10                     1186.358276 2025-12-08 00:16:07
8          10                     1194.297607 2025-12-08 00:16:08
9          10                     1201.656860 2025-12-08 00:16:09
10         10                     1208.475098 2025-12-08 00:16:10
11         10                     1214.791138 2025-12-08 00:16:11
12         10                     1220.644775 2025-12-08 00:16:12
13         10                     1226.067383 2025-12-08 00:16:13
14         10                     1231.094849 2025-12-08 00:16:14
15         10                     1235.758423 2025-12-08 00:16:15
16         10                     1240.090576 2025-12-08 00:16:16
17         10                     1244.118896 2025-12-08 00:16:17
18         10                     1247.869385 2025-12-08 00:16:18
19         10                     1251.366577 2025-12-08 00:16:19
20         10                     1254.631836 2025-12-08 00:16:20
21         10                     1257.686035 2025-12-08 00:16:21
22         10                     1260.546753 2025-12-08 00:16:22
23         10                     1263.231323 2025-12-08 00:16:23
24         10                     1265.754639 2025-12-08 00:16:24
25         10                     1268.130127 2025-12-08 00:16:25
26         10                     1270.370850 2025-12-08 00:16:26
27         10                     1272.487549 2025-12-08 00:16:27
28         10                     1274.490356 2025-12-08 00:16:28
29         10                     1276.388916 2025-12-08 00:16:29
30         10                     1278.191162 2025-12-08 00:16:30
31         10                     1279.905029 2025-12-08 00:16:31
32         10                     1281.536987 2025-12-08 00:16:32
33         10                     1283.093262 2025-12-08 00:16:33
34         10                     1284.579468 2025-12-08 00:16:34
35         10                     1286.000732 2025-12-08 00:16:35
36         10                     1287.361938 2025-12-08 00:16:36
37         10                     1288.667114 2025-12-08 00:16:37
38         10                     1289.919678 2025-12-08 00:16:38
39         10                     1291.123779 2025-12-08 00:16:39
40         10                     1292.282471 2025-12-08 00:16:40
41         10                     1293.397705 2025-12-08 00:16:41
42         10                     1294.473145 2025-12-08 00:16:42
43         10                     1295.510620 2025-12-08 00:16:43
44         10                     1296.513306 2025-12-08 00:16:44
45         10                     1297.483032 2025-12-08 00:16:45
46         10                     1298.421265 2025-12-08 00:16:46
47         10                     1299.320190 2025-12-08 00:16:47
48         10                     1300.188843 2025-12-08 00:16:48
49         10                     1301.032837 2025-12-08 00:16:49
50         10                     1301.851074 2025-12-08 00:16:50
51         10                     1302.642700 2025-12-08 00:16:51
52         10                     1303.413208 2025-12-08 00:16:52
53         10                     1304.161865 2025-12-08 00:16:53
54         10                     1304.889771 2025-12-08 00:16:54
55         10                     1305.598511 2025-12-08 00:16:55
56         10                     1306.288696 2025-12-08 00:16:56
57         10                     1306.961426 2025-12-08 00:16:57
58         10                     1307.617798 2025-12-08 00:16:58
59         10                     1308.258179 2025-12-08 00:16:59
Forecasted values inserted into database
Exiting forecasting script

No new messages received yet.Trying again...
No new messages received yet.Trying again...
No new messages received yet.Trying again...
No new messages received yet.Trying again...
No new messages received yet.Trying again...
No new messages received yet.Trying again...
No new messages received yet.Trying again...
No new messages received yet.Trying again...
No new messages received yet.Trying again...
No new messages received yet.Trying again...
No new messages received yet.Trying again...
No new messages received yet.Trying again...
No new messages received yet.Trying again...
No new messages received yet.Trying again...
No new messages received yet.Trying again...
No new messages received yet.Trying again...
No new messages received yet.Trying again...
No new messages received yet.Trying again...
No new messages received yet.Trying again...
No new messages received yet.Trying again...
No new messages received yet.Trying again...
No new messages received yet.Trying again...
No new messages received yet.Trying again...
No new messages received yet.Trying again...
No new messages received yet.Trying again...
No new messages received yet.Trying again...
No new messages received yet.Trying again...
No new messages received yet.Trying again...
No new messages received yet.Trying again...
No new messages received yet.Trying again...

Actual data inserted to database
Triggering forecasting with retrained model
Forecasting.py script logs
Database connection established
Value of --retrain flag: True

Forecasting for retrained model using device10/2025-12-08-00-00-00-2025-12-08-00-09-59-model/device10.keras and device10/2025-12-08-00-00-00-2025-12-08-00-09-59-model/scaler.save
Successfully downloaded model and scaler from S3

Actual values fetched from database
    sensor_id  sensor_energy_value    sensor_timestamp  message_delay
0          10               1078.8 2025-12-08 00:16:00        59079.0
1          10               1084.0 2025-12-08 00:16:01        58078.0
2          10               1087.3 2025-12-08 00:16:02        57077.0
3          10               1093.4 2025-12-08 00:16:03        56076.0
4          10               1100.4 2025-12-08 00:16:04        55075.0
5          10               1099.6 2025-12-08 00:16:05        54073.0
6          10               1099.7 2025-12-08 00:16:06        53070.0
7          10               1098.5 2025-12-08 00:16:07        52069.0
8          10               1098.9 2025-12-08 00:16:08        51068.0
9          10               1098.8 2025-12-08 00:16:09        50067.0
10         10               1099.1 2025-12-08 00:16:10        49066.0
11         10               1098.0 2025-12-08 00:16:11        48064.0
12         10               1097.6 2025-12-08 00:16:12        47063.0
13         10               1096.1 2025-12-08 00:16:13        46062.0
14         10               1091.7 2025-12-08 00:16:14        45061.0
15         10               1094.8 2025-12-08 00:16:15        44060.0
16         10               1093.1 2025-12-08 00:16:16        43059.0
17         10               1096.3 2025-12-08 00:16:17        42058.0
18         10               1093.5 2025-12-08 00:16:18        41057.0
19         10               1097.7 2025-12-08 00:16:19        40055.0
20         10               1100.0 2025-12-08 00:16:20        39053.0
21         10               1096.6 2025-12-08 00:16:21        38052.0
22         10               1098.6 2025-12-08 00:16:22        37050.0
23         10               1101.7 2025-12-08 00:16:23        36049.0
24         10               1107.1 2025-12-08 00:16:24        35048.0
25         10               1101.5 2025-12-08 00:16:25        34048.0
26         10               1108.4 2025-12-08 00:16:26        33046.0
27         10               1112.6 2025-12-08 00:16:27        32046.0
28         10               1115.5 2025-12-08 00:16:28        31044.0
29         10               1115.5 2025-12-08 00:16:29        30043.0
30         10               1117.1 2025-12-08 00:16:30        29042.0
31         10               1115.3 2025-12-08 00:16:31        28041.0
32         10               1118.6 2025-12-08 00:16:32        27041.0
33         10               1122.1 2025-12-08 00:16:33        26040.0
34         10               1127.1 2025-12-08 00:16:34        25039.0
35         10               1119.9 2025-12-08 00:16:35        24037.0
36         10               1119.9 2025-12-08 00:16:36        23036.0
37         10               1122.3 2025-12-08 00:16:37        22035.0
38         10               1122.1 2025-12-08 00:16:38        21034.0
39         10               1122.0 2025-12-08 00:16:39        20033.0
40         10               1120.9 2025-12-08 00:16:40        19032.0
41         10               1121.8 2025-12-08 00:16:41        18031.0
42         10               1123.5 2025-12-08 00:16:42        17031.0
43         10               1128.2 2025-12-08 00:16:43        16030.0
44         10               1123.1 2025-12-08 00:16:44        15029.0
45         10               1123.7 2025-12-08 00:16:45        14027.0
46         10               1117.6 2025-12-08 00:16:46        13027.0
47         10               1117.3 2025-12-08 00:16:47        12024.0
48         10               1119.2 2025-12-08 00:16:48        11023.0
49         10               1115.0 2025-12-08 00:16:49        10022.0
50         10               1117.1 2025-12-08 00:16:50         9020.0
51         10               1117.6 2025-12-08 00:16:51         8019.0
52         10               1119.0 2025-12-08 00:16:52         7018.0
53         10               1116.6 2025-12-08 00:16:53         6017.0
54         10               1117.0 2025-12-08 00:16:54         5016.0
55         10               1119.0 2025-12-08 00:16:55         4015.0
56         10               1121.1 2025-12-08 00:16:56         3013.0
57         10               1124.6 2025-12-08 00:16:57         2013.0
58         10               1117.7 2025-12-08 00:16:58         1011.0
59         10               1132.6 2025-12-08 00:16:59           10.0
Forecasted values:
    sensor_id  sensor_energy_value_prediction    sensor_timestamp
0          10                     1170.877197 2025-12-08 00:17:00
1          10                     1176.845459 2025-12-08 00:17:01
2          10                     1182.147339 2025-12-08 00:17:02
3          10                     1187.112671 2025-12-08 00:17:03
4          10                     1191.834717 2025-12-08 00:17:04
5          10                     1196.361694 2025-12-08 00:17:05
6          10                     1200.720947 2025-12-08 00:17:06
7          10                     1204.927002 2025-12-08 00:17:07
8          10                     1208.987793 2025-12-08 00:17:08
9          10                     1212.907227 2025-12-08 00:17:09
10         10                     1216.688843 2025-12-08 00:17:10
11         10                     1220.334839 2025-12-08 00:17:11
12         10                     1223.848389 2025-12-08 00:17:12
13         10                     1227.233276 2025-12-08 00:17:13
14         10                     1230.492920 2025-12-08 00:17:14
15         10                     1233.631958 2025-12-08 00:17:15
16         10                     1236.654297 2025-12-08 00:17:16
17         10                     1239.564941 2025-12-08 00:17:17
18         10                     1242.368164 2025-12-08 00:17:18
19         10                     1245.068481 2025-12-08 00:17:19
20         10                     1247.669922 2025-12-08 00:17:20
21         10                     1250.176758 2025-12-08 00:17:21
22         10                     1252.593018 2025-12-08 00:17:22
23         10                     1254.922363 2025-12-08 00:17:23
24         10                     1257.168457 2025-12-08 00:17:24
25         10                     1259.334351 2025-12-08 00:17:25
26         10                     1261.423828 2025-12-08 00:17:26
27         10                     1263.439453 2025-12-08 00:17:27
28         10                     1265.384644 2025-12-08 00:17:28
29         10                     1267.261597 2025-12-08 00:17:29
30         10                     1269.073364 2025-12-08 00:17:30
31         10                     1270.822632 2025-12-08 00:17:31
32         10                     1272.512085 2025-12-08 00:17:32
33         10                     1274.143799 2025-12-08 00:17:33
34         10                     1275.720093 2025-12-08 00:17:34
35         10                     1277.243408 2025-12-08 00:17:35
36         10                     1278.715942 2025-12-08 00:17:36
37         10                     1280.139771 2025-12-08 00:17:37
38         10                     1281.516846 2025-12-08 00:17:38
39         10                     1282.849243 2025-12-08 00:17:39
40         10                     1284.138794 2025-12-08 00:17:40
41         10                     1285.387207 2025-12-08 00:17:41
42         10                     1286.596436 2025-12-08 00:17:42
43         10                     1287.768188 2025-12-08 00:17:43
44         10                     1288.903687 2025-12-08 00:17:44
45         10                     1290.004883 2025-12-08 00:17:45
46         10                     1291.073242 2025-12-08 00:17:46
47         10                     1292.109985 2025-12-08 00:17:47
48         10                     1293.117065 2025-12-08 00:17:48
49         10                     1294.095337 2025-12-08 00:17:49
50         10                     1295.046387 2025-12-08 00:17:50
51         10                     1295.971436 2025-12-08 00:17:51
52         10                     1296.871704 2025-12-08 00:17:52
53         10                     1297.748047 2025-12-08 00:17:53
54         10                     1298.601685 2025-12-08 00:17:54
55         10                     1299.433960 2025-12-08 00:17:55
56         10                     1300.245605 2025-12-08 00:17:56
57         10                     1301.037476 2025-12-08 00:17:57
58         10                     1301.810669 2025-12-08 00:17:58
59         10                     1302.565674 2025-12-08 00:17:59
Forecasted values inserted into database
Exiting forecasting script

No new messages received yet.Trying again...
No new messages received yet.Trying again...
No new messages received yet.Trying again...
No new messages received yet.Trying again...
No new messages received yet.Trying again...
No new messages received yet.Trying again...
No new messages received yet.Trying again...
No new messages received yet.Trying again...
No new messages received yet.Trying again...
No new messages received yet.Trying again...
No new messages received yet.Trying again...
No new messages received yet.Trying again...
No new messages received yet.Trying again...
No new messages received yet.Trying again...
No new messages received yet.Trying again...
No new messages received yet.Trying again...
No new messages received yet.Trying again...
No new messages received yet.Trying again...
No new messages received yet.Trying again...
No new messages received yet.Trying again...
No new messages received yet.Trying again...
No new messages received yet.Trying again...
No new messages received yet.Trying again...
No new messages received yet.Trying again...
No new messages received yet.Trying again...
No new messages received yet.Trying again...
No new messages received yet.Trying again...
No new messages received yet.Trying again...
No new messages received yet.Trying again...
No new messages received yet.Trying again...
No new messages received yet.Trying again...
No new messages received yet.Trying again...

Actual data inserted to database
Triggering forecasting with retrained model
Forecasting.py script logs
Database connection established
Value of --retrain flag: True

Forecasting for retrained model using device10/2025-12-08-00-00-00-2025-12-08-00-09-59-model/device10.keras and device10/2025-12-08-00-00-00-2025-12-08-00-09-59-model/scaler.save
Successfully downloaded model and scaler from S3

Actual values fetched from database
    sensor_id  sensor_energy_value    sensor_timestamp  message_delay
0          10               1125.4 2025-12-08 00:17:00        59101.0
1          10               1120.7 2025-12-08 00:17:01        58100.0
2          10               1124.0 2025-12-08 00:17:02        57099.0
3          10               1125.4 2025-12-08 00:17:03        56097.0
4          10               1121.3 2025-12-08 00:17:04        55096.0
5          10               1121.8 2025-12-08 00:17:05        54095.0
6          10               1121.3 2025-12-08 00:17:06        53094.0
7          10               1124.8 2025-12-08 00:17:07        52093.0
8          10               1122.7 2025-12-08 00:17:08        51092.0
9          10               1121.6 2025-12-08 00:17:09        50090.0
10         10               1118.0 2025-12-08 00:17:10        49089.0
11         10               1122.8 2025-12-08 00:17:11        48088.0
12         10               1119.7 2025-12-08 00:17:12        47087.0
13         10               1119.9 2025-12-08 00:17:13        46086.0
14         10               1117.8 2025-12-08 00:17:14        45085.0
15         10               1121.7 2025-12-08 00:17:15        44084.0
16         10               1115.5 2025-12-08 00:17:16        43082.0
17         10               1119.2 2025-12-08 00:17:17        42081.0
18         10               1121.0 2025-12-08 00:17:18        41080.0
19         10               1125.6 2025-12-08 00:17:19        40078.0
20         10               1123.8 2025-12-08 00:17:20        39076.0
21         10               1121.9 2025-12-08 00:17:21        38073.0
22         10               1111.0 2025-12-08 00:17:22        37072.0
23         10               1116.8 2025-12-08 00:17:23        36071.0
24         10               1119.8 2025-12-08 00:17:24        35070.0
25         10               1113.8 2025-12-08 00:17:25        34068.0
26         10               1113.6 2025-12-08 00:17:26        33067.0
27         10               1118.1 2025-12-08 00:17:27        32066.0
28         10               1118.1 2025-12-08 00:17:28        31064.0
29         10               1122.9 2025-12-08 00:17:29        30063.0
30         10               1118.3 2025-12-08 00:17:30        29061.0
31         10               1114.6 2025-12-08 00:17:31        28060.0
32         10               1117.0 2025-12-08 00:17:32        27059.0
33         10               1118.8 2025-12-08 00:17:33        26057.0
34         10               1119.4 2025-12-08 00:17:34        25054.0
35         10               1114.6 2025-12-08 00:17:35        24051.0
36         10               1122.3 2025-12-08 00:17:36        23050.0
37         10               1119.4 2025-12-08 00:17:37        22049.0
38         10               1119.8 2025-12-08 00:17:38        21048.0
39         10               1119.9 2025-12-08 00:17:39        20047.0
40         10               1120.9 2025-12-08 00:17:40        19046.0
41         10               1128.5 2025-12-08 00:17:41        18045.0
42         10               1119.8 2025-12-08 00:17:42        17043.0
43         10               1115.3 2025-12-08 00:17:43        16042.0
44         10               1126.7 2025-12-08 00:17:44        15040.0
45         10               1128.4 2025-12-08 00:17:45        14037.0
46         10               1124.6 2025-12-08 00:17:46        13036.0
47         10               1124.2 2025-12-08 00:17:47        12034.0
48         10               1119.3 2025-12-08 00:17:48        11033.0
49         10               1118.6 2025-12-08 00:17:49        10029.0
50         10               1117.9 2025-12-08 00:17:50         9027.0
51         10               1121.7 2025-12-08 00:17:51         8024.0
52         10               1117.3 2025-12-08 00:17:52         7023.0
53         10               1116.0 2025-12-08 00:17:53         6020.0
54         10               1117.3 2025-12-08 00:17:54         5019.0
55         10               1115.9 2025-12-08 00:17:55         4017.0
56         10               1117.0 2025-12-08 00:17:56         3016.0
57         10               1119.2 2025-12-08 00:17:57         2015.0
58         10               1116.1 2025-12-08 00:17:58         1013.0
59         10               1116.8 2025-12-08 00:17:59           12.0
Forecasted values:
    sensor_id  sensor_energy_value_prediction    sensor_timestamp
0          10                     1188.469727 2025-12-08 00:18:00
1          10                     1197.063843 2025-12-08 00:18:01
2          10                     1204.512329 2025-12-08 00:18:02
3          10                     1211.419556 2025-12-08 00:18:03
4          10                     1217.939575 2025-12-08 00:18:04
5          10                     1224.150879 2025-12-08 00:18:05
6          10                     1230.097534 2025-12-08 00:18:06
7          10                     1235.803833 2025-12-08 00:18:07
8          10                     1241.282349 2025-12-08 00:18:08
9          10                     1246.541138 2025-12-08 00:18:09
10         10                     1251.585327 2025-12-08 00:18:10
11         10                     1256.420166 2025-12-08 00:18:11
12         10                     1261.050781 2025-12-08 00:18:12
13         10                     1265.483643 2025-12-08 00:18:13
14         10                     1269.725220 2025-12-08 00:18:14
15         10                     1273.783203 2025-12-08 00:18:15
16         10                     1277.665039 2025-12-08 00:18:16
17         10                     1281.378906 2025-12-08 00:18:17
18         10                     1284.932129 2025-12-08 00:18:18
19         10                     1288.332642 2025-12-08 00:18:19
20         10                     1291.587646 2025-12-08 00:18:20
21         10                     1294.704224 2025-12-08 00:18:21
22         10                     1297.689453 2025-12-08 00:18:22
23         10                     1300.550171 2025-12-08 00:18:23
24         10                     1303.291870 2025-12-08 00:18:24
25         10                     1305.920410 2025-12-08 00:18:25
26         10                     1308.441650 2025-12-08 00:18:26
27         10                     1310.860474 2025-12-08 00:18:27
28         10                     1313.182007 2025-12-08 00:18:28
29         10                     1315.410767 2025-12-08 00:18:29
30         10                     1317.551025 2025-12-08 00:18:30
31         10                     1319.607300 2025-12-08 00:18:31
32         10                     1321.583740 2025-12-08 00:18:32
33         10                     1323.483887 2025-12-08 00:18:33
34         10                     1325.311646 2025-12-08 00:18:34
35         10                     1327.070312 2025-12-08 00:18:35
36         10                     1328.763306 2025-12-08 00:18:36
37         10                     1330.393677 2025-12-08 00:18:37
38         10                     1331.964478 2025-12-08 00:18:38
39         10                     1333.478516 2025-12-08 00:18:39
40         10                     1334.938843 2025-12-08 00:18:40
41         10                     1336.347656 2025-12-08 00:18:41
42         10                     1337.707397 2025-12-08 00:18:42
43         10                     1339.020630 2025-12-08 00:18:43
44         10                     1340.289795 2025-12-08 00:18:44
45         10                     1341.516724 2025-12-08 00:18:45
46         10                     1342.703369 2025-12-08 00:18:46
47         10                     1343.852051 2025-12-08 00:18:47
48         10                     1344.964478 2025-12-08 00:18:48
49         10                     1346.042603 2025-12-08 00:18:49
50         10                     1347.088013 2025-12-08 00:18:50
51         10                     1348.102417 2025-12-08 00:18:51
52         10                     1349.087280 2025-12-08 00:18:52
53         10                     1350.044312 2025-12-08 00:18:53
54         10                     1350.974731 2025-12-08 00:18:54
55         10                     1351.879883 2025-12-08 00:18:55
56         10                     1352.760986 2025-12-08 00:18:56
57         10                     1353.619263 2025-12-08 00:18:57
58         10                     1354.456055 2025-12-08 00:18:58
59         10                     1355.272095 2025-12-08 00:18:59
Forecasted values inserted into database
Exiting forecasting script

No new messages received yet.Trying again...
No new messages received yet.Trying again...
No new messages received yet.Trying again...
No new messages received yet.Trying again...
No new messages received yet.Trying again...
No new messages received yet.Trying again...
No new messages received yet.Trying again...
No new messages received yet.Trying again...
No new messages received yet.Trying again...
No new messages received yet.Trying again...
No new messages received yet.Trying again...
No new messages received yet.Trying again...
No new messages received yet.Trying again...
No new messages received yet.Trying again...
No new messages received yet.Trying again...
No new messages received yet.Trying again...
No new messages received yet.Trying again...
No new messages received yet.Trying again...
No new messages received yet.Trying again...
No new messages received yet.Trying again...
No new messages received yet.Trying again...
No new messages received yet.Trying again...
No new messages received yet.Trying again...
No new messages received yet.Trying again...
No new messages received yet.Trying again...
No new messages received yet.Trying again...
No new messages received yet.Trying again...

Actual data inserted to database
Triggering forecasting with retrained model
Forecasting.py script logs
Database connection established
Value of --retrain flag: True

Forecasting for retrained model using device10/2025-12-08-00-00-00-2025-12-08-00-09-59-model/device10.keras and device10/2025-12-08-00-00-00-2025-12-08-00-09-59-model/scaler.save
Successfully downloaded model and scaler from S3

Actual values fetched from database
    sensor_id  sensor_energy_value    sensor_timestamp  message_delay
0          10          1190.571186 2025-12-08 00:18:00        59858.0
1          10          1118.600000 2025-12-08 00:18:01        58857.0
2          10          1126.100000 2025-12-08 00:18:02        57856.0
3          10          1119.900000 2025-12-08 00:18:03        56855.0
4          10          1122.900000 2025-12-08 00:18:04        55851.0
5          10          1122.700000 2025-12-08 00:18:05        54849.0
6          10          1119.600000 2025-12-08 00:18:06        53847.0
7          10          1117.600000 2025-12-08 00:18:07        52842.0
8          10          1119.500000 2025-12-08 00:18:08        51841.0
9          10          1118.000000 2025-12-08 00:18:09        50840.0
10         10          1119.500000 2025-12-08 00:18:10        49838.0
11         10          1121.600000 2025-12-08 00:18:11        48837.0
12         10          1119.100000 2025-12-08 00:18:12        47836.0
13         10          1117.700000 2025-12-08 00:18:13        46835.0
14         10          1118.000000 2025-12-08 00:18:14        45834.0
15         10          1154.100000 2025-12-08 00:18:15        44833.0
16         10          1225.900000 2025-12-08 00:18:16        43831.0
17         10          1218.200000 2025-12-08 00:18:17        42830.0
18         10          1216.300000 2025-12-08 00:18:18        41828.0
19         10          1225.400000 2025-12-08 00:18:19        40827.0
20         10          1227.300000 2025-12-08 00:18:20        39818.0
21         10          1218.200000 2025-12-08 00:18:21        38817.0
22         10          1220.100000 2025-12-08 00:18:22        37814.0
23         10          1232.200000 2025-12-08 00:18:23        36812.0
24         10          1220.500000 2025-12-08 00:18:24        35810.0
25         10          1216.800000 2025-12-08 00:18:25        34809.0
26         10          1218.000000 2025-12-08 00:18:26        33806.0
27         10          1222.000000 2025-12-08 00:18:27        32788.0
28         10          1222.300000 2025-12-08 00:18:28        31784.0
29         10          1222.300000 2025-12-08 00:18:29        30779.0
30         10          1217.700000 2025-12-08 00:18:30        29775.0
31         10          1226.400000 2025-12-08 00:18:31        28774.0
32         10          1222.100000 2025-12-08 00:18:32        27763.0
33         10          1220.300000 2025-12-08 00:18:33        26752.0
34         10          1227.100000 2025-12-08 00:18:34        25683.0
35         10          1209.000000 2025-12-08 00:18:35        24663.0
36         10          1213.800000 2025-12-08 00:18:36        23641.0
37         10          1208.700000 2025-12-08 00:18:37        22639.0
38         10          1212.200000 2025-12-08 00:18:38        21624.0
39         10          1210.300000 2025-12-08 00:18:39        20599.0
40         10          1207.100000 2025-12-08 00:18:40        19532.0
41         10          1209.100000 2025-12-08 00:18:41        18432.0
42         10          1209.700000 2025-12-08 00:18:42        17430.0
43         10          1208.700000 2025-12-08 00:18:43        16399.0
44         10          1209.400000 2025-12-08 00:18:44        15347.0
45         10          1204.500000 2025-12-08 00:18:45        14196.0
46         10          1203.100000 2025-12-08 00:18:46        13126.0
47         10          1206.100000 2025-12-08 00:18:47        12080.0
48         10          1207.500000 2025-12-08 00:18:48        11077.0
49         10          1206.100000 2025-12-08 00:18:49        10076.0
50         10          1204.000000 2025-12-08 00:18:50         9073.0
51         10          1208.900000 2025-12-08 00:18:51         8072.0
52         10          1207.600000 2025-12-08 00:18:52         7071.0
53         10          1206.300000 2025-12-08 00:18:53         6070.0
54         10          1206.500000 2025-12-08 00:18:54         5069.0
55         10          1206.400000 2025-12-08 00:18:55         4058.0
56         10          1206.100000 2025-12-08 00:18:56         3057.0
57         10          1208.000000 2025-12-08 00:18:57         2056.0
58         10          1204.700000 2025-12-08 00:18:58         1054.0
59         10          1205.900000 2025-12-08 00:18:59           21.0
Forecasted values:
    sensor_id  sensor_energy_value_prediction    sensor_timestamp
0          10                     1229.982910 2025-12-08 00:19:00
1          10                     1232.965332 2025-12-08 00:19:01
2          10                     1235.589844 2025-12-08 00:19:02
3          10                     1238.056519 2025-12-08 00:19:03
4          10                     1240.418457 2025-12-08 00:19:04
5          10                     1242.703857 2025-12-08 00:19:05
6          10                     1244.927979 2025-12-08 00:19:06
7          10                     1247.098877 2025-12-08 00:19:07
8          10                     1249.220825 2025-12-08 00:19:08
9          10                     1251.294922 2025-12-08 00:19:09
10         10                     1253.322144 2025-12-08 00:19:10
11         10                     1255.302368 2025-12-08 00:19:11
12         10                     1257.235962 2025-12-08 00:19:12
13         10                     1259.123291 2025-12-08 00:19:13
14         10                     1260.964966 2025-12-08 00:19:14
15         10                     1262.761841 2025-12-08 00:19:15
16         10                     1264.515015 2025-12-08 00:19:16
17         10                     1266.224976 2025-12-08 00:19:17
18         10                     1267.891113 2025-12-08 00:19:18
19         10                     1269.514282 2025-12-08 00:19:19
20         10                     1271.095825 2025-12-08 00:19:20
21         10                     1272.636719 2025-12-08 00:19:21
22         10                     1274.137451 2025-12-08 00:19:22
23         10                     1275.599487 2025-12-08 00:19:23
24         10                     1277.023682 2025-12-08 00:19:24
25         10                     1278.410645 2025-12-08 00:19:25
26         10                     1279.761597 2025-12-08 00:19:26
27         10                     1281.077271 2025-12-08 00:19:27
28         10                     1282.358643 2025-12-08 00:19:28
29         10                     1283.606567 2025-12-08 00:19:29
30         10                     1284.821777 2025-12-08 00:19:30
31         10                     1286.004883 2025-12-08 00:19:31
32         10                     1287.157227 2025-12-08 00:19:32
33         10                     1288.278809 2025-12-08 00:19:33
34         10                     1289.371094 2025-12-08 00:19:34
35         10                     1290.434814 2025-12-08 00:19:35
36         10                     1291.470337 2025-12-08 00:19:36
37         10                     1292.479004 2025-12-08 00:19:37
38         10                     1293.461792 2025-12-08 00:19:38
39         10                     1294.419189 2025-12-08 00:19:39
40         10                     1295.352051 2025-12-08 00:19:40
41         10                     1296.261230 2025-12-08 00:19:41
42         10                     1297.147461 2025-12-08 00:19:42
43         10                     1298.011475 2025-12-08 00:19:43
44         10                     1298.854126 2025-12-08 00:19:44
45         10                     1299.675781 2025-12-08 00:19:45
46         10                     1300.477417 2025-12-08 00:19:46
47         10                     1301.259644 2025-12-08 00:19:47
48         10                     1302.023315 2025-12-08 00:19:48
49         10                     1302.769165 2025-12-08 00:19:49
50         10                     1303.497314 2025-12-08 00:19:50
51         10                     1304.208862 2025-12-08 00:19:51
52         10                     1304.904297 2025-12-08 00:19:52
53         10                     1305.584106 2025-12-08 00:19:53
54         10                     1306.249023 2025-12-08 00:19:54
55         10                     1306.899292 2025-12-08 00:19:55
56         10                     1307.535889 2025-12-08 00:19:56
57         10                     1308.159058 2025-12-08 00:19:57
58         10                     1308.769653 2025-12-08 00:19:58
59         10                     1309.367432 2025-12-08 00:19:59
Forecasted values inserted into database
Exiting forecasting script

No new messages received yet.Trying again...
No new messages received yet.Trying again...
No new messages received yet.Trying again...
No new messages received yet.Trying again...
No new messages received yet.Trying again...
No new messages received yet.Trying again...
No new messages received yet.Trying again...
No new messages received yet.Trying again...
No new messages received yet.Trying again...
No new messages received yet.Trying again...
No new messages received yet.Trying again...
No new messages received yet.Trying again...
No new messages received yet.Trying again...
No new messages received yet.Trying again...
No new messages received yet.Trying again...
No new messages received yet.Trying again...
2026-05-16 10:19:04.814 INFO  [129507969201856] ConsumerStatsImpl:59 | Consumer [persistent://public/default/device10_model_consume, pythonSubscription, 0] , ConsumerStatsImpl (numBytesRecieved_ = 14328, totalNumBytesRecieved_ = 28416, receivedMsgMap_ = {[Key: Ok, Value: 597], [Key: TimeOut, Value: 255], }, ackedMsgMap_ = {[Key: {Result: Ok, ackType: 0}, Value: 597], }, totalReceivedMsgMap_ = {[Key: Ok, Value: 1184], [Key: TimeOut, Value: 604], }, totalAckedMsgMap_ = {[Key: {Result: Ok, ackType: 0}, Value: 1184], })
No new messages received yet.Trying again...
No new messages received yet.Trying again...
No new messages received yet.Trying again...
No new messages received yet.Trying again...
No new messages received yet.Trying again...
No new messages received yet.Trying again...
No new messages received yet.Trying again...
No new messages received yet.Trying again...
No new messages received yet.Trying again...
No new messages received yet.Trying again...

Actual data inserted to database
Triggering retrain for window beetween 00:10:00 and 00:19:59
lasttimestamp is  2025-12-08 00:19:59
retrain.py completed successfully:
Database connection established
Retraining model for device device10 with data from table device10_actualvalues between timestamps 2025-12-08-00-10-00 and 2025-12-08-00-19-59...
Epoch 1/200

[1m1/8[0m [32m━━[0m[37m━━━━━━━━━━━━━━━━━━[0m [1m11s[0m 2s/step - loss: 0.0061
[1m4/8[0m [32m━━━━━━━━━━[0m[37m━━━━━━━━━━[0m [1m0s[0m 22ms/step - loss: 0.0054
[1m7/8[0m [32m━━━━━━━━━━━━━━━━━[0m[37m━━━[0m [1m0s[0m 20ms/step - loss: 0.0046
[1m8/8[0m [32m━━━━━━━━━━━━━━━━━━━━[0m[37m[0m [1m2s[0m 24ms/step - loss: 0.0029
Epoch 2/200

[1m1/8[0m [32m━━[0m[37m━━━━━━━━━━━━━━━━━━[0m [1m0s[0m 47ms/step - loss: 5.1206e-04
[1m4/8[0m [32m━━━━━━━━━━[0m[37m━━━━━━━━━━[0m [1m0s[0m 19ms/step - loss: 4.9330e-04
[1m7/8[0m [32m━━━━━━━━━━━━━━━━━[0m[37m━━━[0m [1m0s[0m 21ms/step - loss: 5.6615e-04
[1m8/8[0m [32m━━━━━━━━━━━━━━━━━━━━[0m[37m[0m [1m0s[0m 25ms/step - loss: 7.3305e-04
Epoch 3/200

[1m1/8[0m [32m━━[0m[37m━━━━━━━━━━━━━━━━━━[0m [1m0s[0m 49ms/step - loss: 5.4792e-04
[1m4/8[0m [32m━━━━━━━━━━[0m[37m━━━━━━━━━━[0m [1m0s[0m 19ms/step - loss: 5.7688e-04
[1m7/8[0m [32m━━━━━━━━━━━━━━━━━[0m[37m━━━[0m [1m0s[0m 19ms/step - loss: 5.5618e-04
[1m8/8[0m [32m━━━━━━━━━━━━━━━━━━━━[0m[37m[0m [1m0s[0m 23ms/step - loss: 4.8621e-04
Epoch 4/200

[1m1/8[0m [32m━━[0m[37m━━━━━━━━━━━━━━━━━━[0m [1m0s[0m 57ms/step - loss: 5.1380e-04
[1m4/8[0m [32m━━━━━━━━━━[0m[37m━━━━━━━━━━[0m [1m0s[0m 19ms/step - loss: 4.9243e-04
[1m7/8[0m [32m━━━━━━━━━━━━━━━━━[0m[37m━━━[0m [1m0s[0m 20ms/step - loss: 4.8042e-04
[1m8/8[0m [32m━━━━━━━━━━━━━━━━━━━━[0m[37m[0m [1m0s[0m 23ms/step - loss: 4.8465e-04
Epoch 5/200

[1m1/8[0m [32m━━[0m[37m━━━━━━━━━━━━━━━━━━[0m [1m0s[0m 44ms/step - loss: 3.7909e-04
[1m4/8[0m [32m━━━━━━━━━━[0m[37m━━━━━━━━━━[0m [1m0s[0m 19ms/step - loss: 3.6795e-04
[1m7/8[0m [32m━━━━━━━━━━━━━━━━━[0m[37m━━━[0m [1m0s[0m 19ms/step - loss: 3.6845e-04
[1m8/8[0m [32m━━━━━━━━━━━━━━━━━━━━[0m[37m[0m [1m0s[0m 22ms/step - loss: 3.7319e-04
Epoch 6/200

[1m1/8[0m [32m━━[0m[37m━━━━━━━━━━━━━━━━━━[0m [1m0s[0m 41ms/step - loss: 3.7537e-04
[1m5/8[0m [32m━━━━━━━━━━━━[0m[37m━━━━━━━━[0m [1m0s[0m 16ms/step - loss: 3.1843e-04
[1m8/8[0m [32m━━━━━━━━━━━━━━━━━━━━[0m[37m[0m [1m0s[0m 21ms/step - loss: 3.3987e-04
Epoch 7/200

[1m1/8[0m [32m━━[0m[37m━━━━━━━━━━━━━━━━━━[0m [1m0s[0m 49ms/step - loss: 4.0045e-04
[1m4/8[0m [32m━━━━━━━━━━[0m[37m━━━━━━━━━━[0m [1m0s[0m 17ms/step - loss: 3.2607e-04
[1m7/8[0m [32m━━━━━━━━━━━━━━━━━[0m[37m━━━[0m [1m0s[0m 17ms/step - loss: 3.1453e-04
[1m8/8[0m [32m━━━━━━━━━━━━━━━━━━━━[0m[37m[0m [1m0s[0m 21ms/step - loss: 3.0773e-04
Epoch 8/200

[1m1/8[0m [32m━━[0m[37m━━━━━━━━━━━━━━━━━━[0m [1m0s[0m 50ms/step - loss: 1.8271e-04
[1m5/8[0m [32m━━━━━━━━━━━━[0m[37m━━━━━━━━[0m [1m0s[0m 16ms/step - loss: 2.5194e-04
[1m8/8[0m [32m━━━━━━━━━━━━━━━━━━━━[0m[37m[0m [1m0s[0m 17ms/step - loss: 2.6055e-04
[1m8/8[0m [32m━━━━━━━━━━━━━━━━━━━━[0m[37m[0m [1m0s[0m 21ms/step - loss: 2.7992e-04
Epoch 9/200

[1m1/8[0m [32m━━[0m[37m━━━━━━━━━━━━━━━━━━[0m [1m0s[0m 50ms/step - loss: 3.5897e-04
[1m4/8[0m [32m━━━━━━━━━━[0m[37m━━━━━━━━━━[0m [1m0s[0m 20ms/step - loss: 3.2203e-04
[1m6/8[0m [32m━━━━━━━━━━━━━━━[0m[37m━━━━━[0m [1m0s[0m 22ms/step - loss: 3.1155e-04
[1m8/8[0m [32m━━━━━━━━━━━━━━━━━━━━[0m[37m[0m [1m0s[0m 27ms/step - loss: 2.7381e-04
Epoch 10/200

[1m1/8[0m [32m━━[0m[37m━━━━━━━━━━━━━━━━━━[0m [1m0s[0m 59ms/step - loss: 3.0254e-04
[1m3/8[0m [32m━━━━━━━[0m[37m━━━━━━━━━━━━━[0m [1m0s[0m 30ms/step - loss: 2.6771e-04
[1m6/8[0m [32m━━━━━━━━━━━━━━━[0m[37m━━━━━[0m [1m0s[0m 24ms/step - loss: 2.7713e-04
[1m8/8[0m [32m━━━━━━━━━━━━━━━━━━━━[0m[37m[0m [1m0s[0m 26ms/step - loss: 3.0739e-04
Epoch 11/200

[1m1/8[0m [32m━━[0m[37m━━━━━━━━━━━━━━━━━━[0m [1m0s[0m 48ms/step - loss: 2.7661e-04
[1m4/8[0m [32m━━━━━━━━━━[0m[37m━━━━━━━━━━[0m [1m0s[0m 18ms/step - loss: 2.7295e-04
[1m8/8[0m [32m━━━━━━━━━━━━━━━━━━━━[0m[37m[0m [1m0s[0m 17ms/step - loss: 2.6986e-04
[1m8/8[0m [32m━━━━━━━━━━━━━━━━━━━━[0m[37m[0m [1m0s[0m 21ms/step - loss: 2.7358e-04
Epoch 12/200

[1m1/8[0m [32m━━[0m[37m━━━━━━━━━━━━━━━━━━[0m [1m0s[0m 44ms/step - loss: 4.4299e-04
[1m4/8[0m [32m━━━━━━━━━━[0m[37m━━━━━━━━━━[0m [1m0s[0m 19ms/step - loss: 3.4905e-04
[1m7/8[0m [32m━━━━━━━━━━━━━━━━━[0m[37m━━━[0m [1m0s[0m 18ms/step - loss: 3.2085e-04
[1m8/8[0m [32m━━━━━━━━━━━━━━━━━━━━[0m[37m[0m [1m0s[0m 23ms/step - loss: 2.8734e-04
Epoch 13/200

[1m1/8[0m [32m━━[0m[37m━━━━━━━━━━━━━━━━━━[0m [1m0s[0m 49ms/step - loss: 1.8740e-04
[1m5/8[0m [32m━━━━━━━━━━━━[0m[37m━━━━━━━━[0m [1m0s[0m 16ms/step - loss: 2.2594e-04
[1m8/8[0m [32m━━━━━━━━━━━━━━━━━━━━[0m[37m[0m [1m0s[0m 18ms/step - loss: 2.2895e-04
[1m8/8[0m [32m━━━━━━━━━━━━━━━━━━━━[0m[37m[0m [1m0s[0m 22ms/step - loss: 2.4557e-04
Epoch 14/200

[1m1/8[0m [32m━━[0m[37m━━━━━━━━━━━━━━━━━━[0m [1m0s[0m 59ms/step - loss: 2.7014e-04
[1m4/8[0m [32m━━━━━━━━━━[0m[37m━━━━━━━━━━[0m [1m0s[0m 20ms/step - loss: 2.3791e-04
[1m7/8[0m [32m━━━━━━━━━━━━━━━━━[0m[37m━━━[0m [1m0s[0m 21ms/step - loss: 2.6140e-04
[1m8/8[0m [32m━━━━━━━━━━━━━━━━━━━━[0m[37m[0m [1m0s[0m 25ms/step - loss: 2.7311e-04
Epoch 15/200

[1m1/8[0m [32m━━[0m[37m━━━━━━━━━━━━━━━━━━[0m [1m0s[0m 60ms/step - loss: 2.3590e-04
[1m3/8[0m [32m━━━━━━━[0m[37m━━━━━━━━━━━━━[0m [1m0s[0m 25ms/step - loss: 2.3374e-04
[1m5/8[0m [32m━━━━━━━━━━━━[0m[37m━━━━━━━━[0m [1m0s[0m 29ms/step - loss: 2.4687e-04
[1m8/8[0m [32m━━━━━━━━━━━━━━━━━━━━[0m[37m[0m [1m0s[0m 26ms/step - loss: 2.6512e-04
[1m8/8[0m [32m━━━━━━━━━━━━━━━━━━━━[0m[37m[0m [1m0s[0m 30ms/step - loss: 2.7969e-04
Epoch 16/200

[1m1/8[0m [32m━━[0m[37m━━━━━━━━━━━━━━━━━━[0m [1m0s[0m 46ms/step - loss: 1.3987e-04
[1m5/8[0m [32m━━━━━━━━━━━━[0m[37m━━━━━━━━[0m [1m0s[0m 19ms/step - loss: 2.1600e-04
[1m7/8[0m [32m━━━━━━━━━━━━━━━━━[0m[37m━━━[0m [1m0s[0m 23ms/step - loss: 2.3149e-04
[1m8/8[0m [32m━━━━━━━━━━━━━━━━━━━━[0m[37m[0m [1m0s[0m 26ms/step - loss: 2.6971e-04
Epoch 17/200

[1m1/8[0m [32m━━[0m[37m━━━━━━━━━━━━━━━━━━[0m [1m0s[0m 82ms/step - loss: 3.8060e-04
[1m3/8[0m [32m━━━━━━━[0m[37m━━━━━━━━━━━━━[0m [1m0s[0m 58ms/step - loss: 2.9301e-04
[1m6/8[0m [32m━━━━━━━━━━━━━━━[0m[37m━━━━━[0m [1m0s[0m 37ms/step - loss: 2.6095e-04
[1m8/8[0m [32m━━━━━━━━━━━━━━━━━━━━[0m[37m[0m [1m0s[0m 34ms/step - loss: 2.5339e-04
[1m8/8[0m [32m━━━━━━━━━━━━━━━━━━━━[0m[37m[0m [1m0s[0m 38ms/step - loss: 2.2400e-04
Epoch 18/200

[1m1/8[0m [32m━━[0m[37m━━━━━━━━━━━━━━━━━━[0m [1m0s[0m 56ms/step - loss: 1.7816e-04
[1m4/8[0m [32m━━━━━━━━━━[0m[37m━━━━━━━━━━[0m [1m0s[0m 23ms/step - loss: 1.8507e-04
[1m7/8[0m [32m━━━━━━━━━━━━━━━━━[0m[37m━━━[0m [1m0s[0m 21ms/step - loss: 1.9634e-04
[1m8/8[0m [32m━━━━━━━━━━━━━━━━━━━━[0m[37m[0m [1m0s[0m 24ms/step - loss: 2.3340e-04
Epoch 19/200

[1m1/8[0m [32m━━[0m[37m━━━━━━━━━━━━━━━━━━[0m [1m0s[0m 47ms/step - loss: 1.3707e-04
[1m4/8[0m [32m━━━━━━━━━━[0m[37m━━━━━━━━━━[0m [1m0s[0m 17ms/step - loss: 1.5737e-04
[1m8/8[0m [32m━━━━━━━━━━━━━━━━━━━━[0m[37m[0m [1m0s[0m 16ms/step - loss: 1.8681e-04
[1m8/8[0m [32m━━━━━━━━━━━━━━━━━━━━[0m[37m[0m [1m0s[0m 20ms/step - loss: 2.1366e-04
Epoch 20/200

[1m1/8[0m [32m━━[0m[37m━━━━━━━━━━━━━━━━━━[0m [1m0s[0m 51ms/step - loss: 1.1442e-04
[1m5/8[0m [32m━━━━━━━━━━━━[0m[37m━━━━━━━━[0m [1m0s[0m 15ms/step - loss: 1.9691e-04
[1m8/8[0m [32m━━━━━━━━━━━━━━━━━━━━[0m[37m[0m [1m0s[0m 18ms/step - loss: 2.1339e-04
[1m8/8[0m [32m━━━━━━━━━━━━━━━━━━━━[0m[37m[0m [1m0s[0m 22ms/step - loss: 2.4248e-04
Epoch 21/200

[1m1/8[0m [32m━━[0m[37m━━━━━━━━━━━━━━━━━━[0m [1m0s[0m 49ms/step - loss: 2.3732e-04
[1m5/8[0m [32m━━━━━━━━━━━━[0m[37m━━━━━━━━[0m [1m0s[0m 17ms/step - loss: 2.8893e-04
[1m8/8[0m [32m━━━━━━━━━━━━━━━━━━━━[0m[37m[0m [1m0s[0m 17ms/step - loss: 2.6960e-04
[1m8/8[0m [32m━━━━━━━━━━━━━━━━━━━━[0m[37m[0m [1m0s[0m 22ms/step - loss: 2.2652e-04
Epoch 22/200

[1m1/8[0m [32m━━[0m[37m━━━━━━━━━━━━━━━━━━[0m [1m0s[0m 59ms/step - loss: 2.1640e-04
[1m4/8[0m [32m━━━━━━━━━━[0m[37m━━━━━━━━━━[0m [1m0s[0m 21ms/step - loss: 1.9389e-04
[1m7/8[0m [32m━━━━━━━━━━━━━━━━━[0m[37m━━━[0m [1m0s[0m 19ms/step - loss: 1.9814e-04
[1m8/8[0m [32m━━━━━━━━━━━━━━━━━━━━[0m[37m[0m [1m0s[0m 22ms/step - loss: 2.2779e-04
Epoch 23/200

[1m1/8[0m [32m━━[0m[37m━━━━━━━━━━━━━━━━━━[0m [1m0s[0m 47ms/step - loss: 2.8465e-04
[1m4/8[0m [32m━━━━━━━━━━[0m[37m━━━━━━━━━━[0m [1m0s[0m 18ms/step - loss: 2.5110e-04
[1m7/8[0m [32m━━━━━━━━━━━━━━━━━[0m[37m━━━[0m [1m0s[0m 17ms/step - loss: 2.3689e-04
[1m8/8[0m [32m━━━━━━━━━━━━━━━━━━━━[0m[37m[0m [1m0s[0m 20ms/step - loss: 2.1661e-04
Epoch 24/200

[1m1/8[0m [32m━━[0m[37m━━━━━━━━━━━━━━━━━━[0m [1m0s[0m 44ms/step - loss: 2.0886e-04
[1m4/8[0m [32m━━━━━━━━━━[0m[37m━━━━━━━━━━[0m [1m0s[0m 18ms/step - loss: 1.8227e-04
[1m7/8[0m [32m━━━━━━━━━━━━━━━━━[0m[37m━━━[0m [1m0s[0m 17ms/step - loss: 1.8582e-04
[1m8/8[0m [32m━━━━━━━━━━━━━━━━━━━━[0m[37m[0m [1m0s[0m 21ms/step - loss: 2.0147e-04
Epoch 25/200

[1m1/8[0m [32m━━[0m[37m━━━━━━━━━━━━━━━━━━[0m [1m0s[0m 49ms/step - loss: 1.0449e-04
[1m4/8[0m [32m━━━━━━━━━━[0m[37m━━━━━━━━━━[0m [1m0s[0m 18ms/step - loss: 1.8713e-04
[1m7/8[0m [32m━━━━━━━━━━━━━━━━━[0m[37m━━━[0m [1m0s[0m 19ms/step - loss: 1.9537e-04
[1m8/8[0m [32m━━━━━━━━━━━━━━━━━━━━[0m[37m[0m [1m0s[0m 25ms/step - loss: 1.9691e-04
Epoch 26/200

[1m1/8[0m [32m━━[0m[37m━━━━━━━━━━━━━━━━━━[0m [1m0s[0m 68ms/step - loss: 1.5735e-04
[1m2/8[0m [32m━━━━━[0m[37m━━━━━━━━━━━━━━━[0m [1m0s[0m 52ms/step - loss: 1.3730e-04
[1m5/8[0m [32m━━━━━━━━━━━━[0m[37m━━━━━━━━[0m [1m0s[0m 29ms/step - loss: 1.6787e-04
[1m8/8[0m [32m━━━━━━━━━━━━━━━━━━━━[0m[37m[0m [1m0s[0m 24ms/step - loss: 1.7329e-04
[1m8/8[0m [32m━━━━━━━━━━━━━━━━━━━━[0m[37m[0m [1m0s[0m 28ms/step - loss: 1.8628e-04
Epoch 27/200

[1m1/8[0m [32m━━[0m[37m━━━━━━━━━━━━━━━━━━[0m [1m0s[0m 50ms/step - loss: 3.1840e-04
[1m3/8[0m [32m━━━━━━━[0m[37m━━━━━━━━━━━━━[0m [1m0s[0m 26ms/step - loss: 2.3097e-04
[1m5/8[0m [32m━━━━━━━━━━━━[0m[37m━━━━━━━━[0m [1m0s[0m 27ms/step - loss: 2.1754e-04
[1m7/8[0m [32m━━━━━━━━━━━━━━━━━[0m[37m━━━[0m [1m0s[0m 26ms/step - loss: 2.0732e-04
[1m8/8[0m [32m━━━━━━━━━━━━━━━━━━━━[0m[37m[0m [1m0s[0m 29ms/step - loss: 1.8699e-04
Epoch 28/200

[1m1/8[0m [32m━━[0m[37m━━━━━━━━━━━━━━━━━━[0m [1m0s[0m 47ms/step - loss: 1.1409e-04
[1m4/8[0m [32m━━━━━━━━━━[0m[37m━━━━━━━━━━[0m [1m0s[0m 19ms/step - loss: 1.3680e-04
[1m7/8[0m [32m━━━━━━━━━━━━━━━━━[0m[37m━━━[0m [1m0s[0m 19ms/step - loss: 1.5572e-04
[1m8/8[0m [32m━━━━━━━━━━━━━━━━━━━━[0m[37m[0m [1m0s[0m 23ms/step - loss: 1.8003e-04
Epoch 29/200

[1m1/8[0m [32m━━[0m[37m━━━━━━━━━━━━━━━━━━[0m [1m0s[0m 48ms/step - loss: 1.9488e-04
[1m4/8[0m [32m━━━━━━━━━━[0m[37m━━━━━━━━━━[0m [1m0s[0m 19ms/step - loss: 1.9333e-04
[1m7/8[0m [32m━━━━━━━━━━━━━━━━━[0m[37m━━━[0m [1m0s[0m 19ms/step - loss: 1.9228e-04
[1m8/8[0m [32m━━━━━━━━━━━━━━━━━━━━[0m[37m[0m [1m0s[0m 22ms/step - loss: 1.9091e-04
Epoch 30/200

[1m1/8[0m [32m━━[0m[37m━━━━━━━━━━━━━━━━━━[0m [1m0s[0m 46ms/step - loss: 2.0294e-04
[1m4/8[0m [32m━━━━━━━━━━[0m[37m━━━━━━━━━━[0m [1m0s[0m 17ms/step - loss: 1.7551e-04
[1m7/8[0m [32m━━━━━━━━━━━━━━━━━[0m[37m━━━[0m [1m0s[0m 19ms/step - loss: 1.8206e-04
[1m8/8[0m [32m━━━━━━━━━━━━━━━━━━━━[0m[37m[0m [1m0s[0m 23ms/step - loss: 1.7699e-04
Epoch 31/200

[1m1/8[0m [32m━━[0m[37m━━━━━━━━━━━━━━━━━━[0m [1m0s[0m 47ms/step - loss: 1.1215e-04
[1m4/8[0m [32m━━━━━━━━━━[0m[37m━━━━━━━━━━[0m [1m0s[0m 20ms/step - loss: 1.5054e-04
[1m6/8[0m [32m━━━━━━━━━━━━━━━[0m[37m━━━━━[0m [1m0s[0m 23ms/step - loss: 1.6404e-04
[1m8/8[0m [32m━━━━━━━━━━━━━━━━━━━━[0m[37m[0m [1m0s[0m 28ms/step - loss: 1.6754e-04
Epoch 32/200

[1m1/8[0m [32m━━[0m[37m━━━━━━━━━━━━━━━━━━[0m [1m0s[0m 50ms/step - loss: 2.2150e-04
[1m5/8[0m [32m━━━━━━━━━━━━[0m[37m━━━━━━━━[0m [1m0s[0m 16ms/step - loss: 1.9895e-04
[1m8/8[0m [32m━━━━━━━━━━━━━━━━━━━━[0m[37m[0m [1m0s[0m 18ms/step - loss: 1.9156e-04
[1m8/8[0m [32m━━━━━━━━━━━━━━━━━━━━[0m[37m[0m [1m0s[0m 23ms/step - loss: 1.7042e-04
Epoch 33/200

[1m1/8[0m [32m━━[0m[37m━━━━━━━━━━━━━━━━━━[0m [1m0s[0m 54ms/step - loss: 1.8703e-04
[1m4/8[0m [32m━━━━━━━━━━[0m[37m━━━━━━━━━━[0m [1m0s[0m 18ms/step - loss: 1.8752e-04
[1m7/8[0m [32m━━━━━━━━━━━━━━━━━[0m[37m━━━[0m [1m0s[0m 17ms/step - loss: 1.8746e-04
[1m8/8[0m [32m━━━━━━━━━━━━━━━━━━━━[0m[37m[0m [1m0s[0m 22ms/step - loss: 1.7348e-04
Epoch 34/200

[1m1/8[0m [32m━━[0m[37m━━━━━━━━━━━━━━━━━━[0m [1m0s[0m 54ms/step - loss: 1.6349e-04
[1m4/8[0m [32m━━━━━━━━━━[0m[37m━━━━━━━━━━[0m [1m0s[0m 17ms/step - loss: 1.5477e-04
[1m7/8[0m [32m━━━━━━━━━━━━━━━━━[0m[37m━━━[0m [1m0s[0m 21ms/step - loss: 1.5877e-04
[1m8/8[0m [32m━━━━━━━━━━━━━━━━━━━━[0m[37m[0m [1m0s[0m 25ms/step - loss: 1.6639e-04
Epoch 35/200

[1m1/8[0m [32m━━[0m[37m━━━━━━━━━━━━━━━━━━[0m [1m0s[0m 109ms/step - loss: 2.6958e-04
[1m4/8[0m [32m━━━━━━━━━━[0m[37m━━━━━━━━━━[0m [1m0s[0m 22ms/step - loss: 1.9262e-04 
[1m7/8[0m [32m━━━━━━━━━━━━━━━━━[0m[37m━━━[0m [1m0s[0m 22ms/step - loss: 1.7768e-04
[1m8/8[0m [32m━━━━━━━━━━━━━━━━━━━━[0m[37m[0m [1m0s[0m 28ms/step - loss: 1.5974e-04
Epoch 36/200

[1m1/8[0m [32m━━[0m[37m━━━━━━━━━━━━━━━━━━[0m [1m0s[0m 82ms/step - loss: 6.7133e-05
[1m3/8[0m [32m━━━━━━━[0m[37m━━━━━━━━━━━━━[0m [1m0s[0m 26ms/step - loss: 7.8134e-05
[1m6/8[0m [32m━━━━━━━━━━━━━━━[0m[37m━━━━━[0m [1m0s[0m 23ms/step - loss: 1.0239e-04
[1m8/8[0m [32m━━━━━━━━━━━━━━━━━━━━[0m[37m[0m [1m0s[0m 27ms/step - loss: 1.7995e-04
Epoch 37/200

[1m1/8[0m [32m━━[0m[37m━━━━━━━━━━━━━━━━━━[0m [1m0s[0m 76ms/step - loss: 1.5203e-04
[1m2/8[0m [32m━━━━━[0m[37m━━━━━━━━━━━━━━━[0m [1m0s[0m 50ms/step - loss: 1.4562e-04
[1m4/8[0m [32m━━━━━━━━━━[0m[37m━━━━━━━━━━[0m [1m0s[0m 35ms/step - loss: 1.2951e-04
[1m6/8[0m [32m━━━━━━━━━━━━━━━[0m[37m━━━━━[0m [1m0s[0m 32ms/step - loss: 1.3603e-04
[1m8/8[0m [32m━━━━━━━━━━━━━━━━━━━━[0m[37m[0m [1m0s[0m 31ms/step - loss: 1.4025e-04
[1m8/8[0m [32m━━━━━━━━━━━━━━━━━━━━[0m[37m[0m [1m0s[0m 35ms/step - loss: 1.5097e-04
Epoch 38/200

[1m1/8[0m [32m━━[0m[37m━━━━━━━━━━━━━━━━━━[0m [1m0s[0m 92ms/step - loss: 9.0399e-05
[1m3/8[0m [32m━━━━━━━[0m[37m━━━━━━━━━━━━━[0m [1m0s[0m 31ms/step - loss: 9.6571e-05
[1m5/8[0m [32m━━━━━━━━━━━━[0m[37m━━━━━━━━[0m [1m0s[0m 28ms/step - loss: 1.0309e-04
[1m8/8[0m [32m━━━━━━━━━━━━━━━━━━━━[0m[37m[0m [1m0s[0m 26ms/step - loss: 1.1475e-04
[1m8/8[0m [32m━━━━━━━━━━━━━━━━━━━━[0m[37m[0m [1m0s[0m 29ms/step - loss: 1.5366e-04
Epoch 39/200

[1m1/8[0m [32m━━[0m[37m━━━━━━━━━━━━━━━━━━[0m [1m0s[0m 55ms/step - loss: 2.2914e-04
[1m3/8[0m [32m━━━━━━━[0m[37m━━━━━━━━━━━━━[0m [1m0s[0m 26ms/step - loss: 2.2291e-04
[1m5/8[0m [32m━━━━━━━━━━━━[0m[37m━━━━━━━━[0m [1m0s[0m 30ms/step - loss: 2.0853e-04
[1m7/8[0m [32m━━━━━━━━━━━━━━━━━[0m[37m━━━[0m [1m0s[0m 34ms/step - loss: 1.9553e-04
[1m8/8[0m [32m━━━━━━━━━━━━━━━━━━━━[0m[37m[0m [1m0s[0m 40ms/step - loss: 1.6704e-04
Epoch 40/200

[1m1/8[0m [32m━━[0m[37m━━━━━━━━━━━━━━━━━━[0m [1m0s[0m 81ms/step - loss: 2.7274e-04
[1m2/8[0m [32m━━━━━[0m[37m━━━━━━━━━━━━━━━[0m [1m0s[0m 52ms/step - loss: 2.2981e-04
[1m4/8[0m [32m━━━━━━━━━━[0m[37m━━━━━━━━━━[0m [1m0s[0m 39ms/step - loss: 1.9939e-04
[1m7/8[0m [32m━━━━━━━━━━━━━━━━━[0m[37m━━━[0m [1m0s[0m 29ms/step - loss: 1.8448e-04
[1m8/8[0m [32m━━━━━━━━━━━━━━━━━━━━[0m[37m[0m [1m0s[0m 34ms/step - loss: 1.5935e-04
Epoch 41/200

[1m1/8[0m [32m━━[0m[37m━━━━━━━━━━━━━━━━━━[0m [1m0s[0m 76ms/step - loss: 2.7452e-04
[1m2/8[0m [32m━━━━━[0m[37m━━━━━━━━━━━━━━━[0m [1m0s[0m 50ms/step - loss: 2.2003e-04
[1m4/8[0m [32m━━━━━━━━━━[0m[37m━━━━━━━━━━[0m [1m0s[0m 37ms/step - loss: 2.1048e-04
[1m6/8[0m [32m━━━━━━━━━━━━━━━[0m[37m━━━━━[0m [1m0s[0m 38ms/step - loss: 1.9903e-04
[1m8/8[0m [32m━━━━━━━━━━━━━━━━━━━━[0m[37m[0m [1m0s[0m 39ms/step - loss: 1.6150e-04
Epoch 42/200

[1m1/8[0m [32m━━[0m[37m━━━━━━━━━━━━━━━━━━[0m [1m0s[0m 90ms/step - loss: 1.0880e-04
[1m2/8[0m [32m━━━━━[0m[37m━━━━━━━━━━━━━━━[0m [1m0s[0m 124ms/step - loss: 1.0569e-04
[1m3/8[0m [32m━━━━━━━[0m[37m━━━━━━━━━━━━━[0m [1m0s[0m 88ms/step - loss: 1.1283e-04 
[1m5/8[0m [32m━━━━━━━━━━━━[0m[37m━━━━━━━━[0m [1m0s[0m 65ms/step - loss: 1.3079e-04
[1m7/8[0m [32m━━━━━━━━━━━━━━━━━[0m[37m━━━[0m [1m0s[0m 54ms/step - loss: 1.4358e-04
[1m8/8[0m [32m━━━━━━━━━━━━━━━━━━━━[0m[37m[0m [1m0s[0m 56ms/step - loss: 1.6714e-04
Epoch 43/200

[1m1/8[0m [32m━━[0m[37m━━━━━━━━━━━━━━━━━━[0m [1m0s[0m 67ms/step - loss: 8.9703e-05
[1m3/8[0m [32m━━━━━━━[0m[37m━━━━━━━━━━━━━[0m [1m0s[0m 26ms/step - loss: 1.3016e-04
[1m5/8[0m [32m━━━━━━━━━━━━[0m[37m━━━━━━━━[0m [1m0s[0m 31ms/step - loss: 1.4665e-04
[1m7/8[0m [32m━━━━━━━━━━━━━━━━━[0m[37m━━━[0m [1m0s[0m 34ms/step - loss: 1.5001e-04
[1m8/8[0m [32m━━━━━━━━━━━━━━━━━━━━[0m[37m[0m [1m0s[0m 37ms/step - loss: 1.5032e-04
Epoch 44/200

[1m1/8[0m [32m━━[0m[37m━━━━━━━━━━━━━━━━━━[0m [1m0s[0m 49ms/step - loss: 7.3644e-05
[1m4/8[0m [32m━━━━━━━━━━[0m[37m━━━━━━━━━━[0m [1m0s[0m 22ms/step - loss: 9.9895e-05
[1m7/8[0m [32m━━━━━━━━━━━━━━━━━[0m[37m━━━[0m [1m0s[0m 22ms/step - loss: 1.2252e-04
[1m8/8[0m [32m━━━━━━━━━━━━━━━━━━━━[0m[37m[0m [1m0s[0m 37ms/step - loss: 1.5585e-04
Epoch 45/200

[1m1/8[0m [32m━━[0m[37m━━━━━━━━━━━━━━━━━━[0m [1m0s[0m 85ms/step - loss: 1.1816e-04
[1m2/8[0m [32m━━━━━[0m[37m━━━━━━━━━━━━━━━[0m [1m0s[0m 55ms/step - loss: 1.8946e-04
[1m5/8[0m [32m━━━━━━━━━━━━[0m[37m━━━━━━━━[0m [1m0s[0m 30ms/step - loss: 1.9166e-04
[1m8/8[0m [32m━━━━━━━━━━━━━━━━━━━━[0m[37m[0m [1m0s[0m 27ms/step - loss: 1.8325e-04
[1m8/8[0m [32m━━━━━━━━━━━━━━━━━━━━[0m[37m[0m [1m0s[0m 31ms/step - loss: 1.5977e-04
Epoch 46/200

[1m1/8[0m [32m━━[0m[37m━━━━━━━━━━━━━━━━━━[0m [1m0s[0m 48ms/step - loss: 1.4038e-04
[1m3/8[0m [32m━━━━━━━[0m[37m━━━━━━━━━━━━━[0m [1m0s[0m 28ms/step - loss: 1.7994e-04
[1m6/8[0m [32m━━━━━━━━━━━━━━━[0m[37m━━━━━[0m [1m0s[0m 24ms/step - loss: 1.6818e-04
[1m8/8[0m [32m━━━━━━━━━━━━━━━━━━━━[0m[37m[0m [1m0s[0m 30ms/step - loss: 1.6498e-04
[1m8/8[0m [32m━━━━━━━━━━━━━━━━━━━━[0m[37m[0m [1m0s[0m 35ms/step - loss: 1.5595e-04
Epoch 47/200

[1m1/8[0m [32m━━[0m[37m━━━━━━━━━━━━━━━━━━[0m [1m0s[0m 58ms/step - loss: 2.6902e-04
[1m4/8[0m [32m━━━━━━━━━━[0m[37m━━━━━━━━━━[0m [1m0s[0m 22ms/step - loss: 1.8716e-04
[1m7/8[0m [32m━━━━━━━━━━━━━━━━━[0m[37m━━━[0m [1m0s[0m 21ms/step - loss: 1.7771e-04
[1m8/8[0m [32m━━━━━━━━━━━━━━━━━━━━[0m[37m[0m [1m0s[0m 26ms/step - loss: 1.5461e-04
Epoch 48/200

[1m1/8[0m [32m━━[0m[37m━━━━━━━━━━━━━━━━━━[0m [1m0s[0m 65ms/step - loss: 9.3207e-05
[1m4/8[0m [32m━━━━━━━━━━[0m[37m━━━━━━━━━━[0m [1m0s[0m 23ms/step - loss: 1.3040e-04
[1m7/8[0m [32m━━━━━━━━━━━━━━━━━[0m[37m━━━[0m [1m0s[0m 24ms/step - loss: 1.4344e-04
[1m8/8[0m [32m━━━━━━━━━━━━━━━━━━━━[0m[37m[0m [1m0s[0m 28ms/step - loss: 1.7798e-04
Epoch 49/200

[1m1/8[0m [32m━━[0m[37m━━━━━━━━━━━━━━━━━━[0m [1m0s[0m 49ms/step - loss: 1.9704e-04
[1m4/8[0m [32m━━━━━━━━━━[0m[37m━━━━━━━━━━[0m [1m0s[0m 21ms/step - loss: 2.0371e-04
[1m7/8[0m [32m━━━━━━━━━━━━━━━━━[0m[37m━━━[0m [1m0s[0m 20ms/step - loss: 1.8739e-04
[1m8/8[0m [32m━━━━━━━━━━━━━━━━━━━━[0m[37m[0m [1m0s[0m 25ms/step - loss: 1.4907e-04
Epoch 50/200

[1m1/8[0m [32m━━[0m[37m━━━━━━━━━━━━━━━━━━[0m [1m0s[0m 56ms/step - loss: 2.0822e-04
[1m4/8[0m [32m━━━━━━━━━━[0m[37m━━━━━━━━━━[0m [1m0s[0m 20ms/step - loss: 1.6855e-04
[1m7/8[0m [32m━━━━━━━━━━━━━━━━━[0m[37m━━━[0m [1m0s[0m 21ms/step - loss: 1.5791e-04
[1m8/8[0m [32m━━━━━━━━━━━━━━━━━━━━[0m[37m[0m [1m0s[0m 24ms/step - loss: 1.5022e-04
Epoch 51/200

[1m1/8[0m [32m━━[0m[37m━━━━━━━━━━━━━━━━━━[0m [1m0s[0m 50ms/step - loss: 1.7722e-04
[1m3/8[0m [32m━━━━━━━[0m[37m━━━━━━━━━━━━━[0m [1m0s[0m 28ms/step - loss: 1.5743e-04
[1m6/8[0m [32m━━━━━━━━━━━━━━━[0m[37m━━━━━[0m [1m0s[0m 24ms/step - loss: 1.5997e-04
[1m8/8[0m [32m━━━━━━━━━━━━━━━━━━━━[0m[37m[0m [1m0s[0m 25ms/step - loss: 1.6020e-04
Epoch 52/200

[1m1/8[0m [32m━━[0m[37m━━━━━━━━━━━━━━━━━━[0m [1m0s[0m 46ms/step - loss: 7.9181e-05
[1m5/8[0m [32m━━━━━━━━━━━━[0m[37m━━━━━━━━[0m [1m0s[0m 16ms/step - loss: 1.3316e-04
[1m8/8[0m [32m━━━━━━━━━━━━━━━━━━━━[0m[37m[0m [1m0s[0m 17ms/step - loss: 1.4199e-04
[1m8/8[0m [32m━━━━━━━━━━━━━━━━━━━━[0m[37m[0m [1m0s[0m 22ms/step - loss: 1.5132e-04
Epoch 53/200

[1m1/8[0m [32m━━[0m[37m━━━━━━━━━━━━━━━━━━[0m [1m0s[0m 75ms/step - loss: 3.8909e-04
[1m3/8[0m [32m━━━━━━━[0m[37m━━━━━━━━━━━━━[0m [1m0s[0m 42ms/step - loss: 2.8888e-04
[1m5/8[0m [32m━━━━━━━━━━━━[0m[37m━━━━━━━━[0m [1m0s[0m 39ms/step - loss: 2.4287e-04
[1m6/8[0m [32m━━━━━━━━━━━━━━━[0m[37m━━━━━[0m [1m0s[0m 43ms/step - loss: 2.2800e-04
[1m8/8[0m [32m━━━━━━━━━━━━━━━━━━━━[0m[37m[0m [1m0s[0m 44ms/step - loss: 2.0716e-04
[1m8/8[0m [32m━━━━━━━━━━━━━━━━━━━━[0m[37m[0m [1m0s[0m 49ms/step - loss: 1.4149e-04
Epoch 54/200

[1m1/8[0m [32m━━[0m[37m━━━━━━━━━━━━━━━━━━[0m [1m0s[0m 70ms/step - loss: 1.4783e-04
[1m4/8[0m [32m━━━━━━━━━━[0m[37m━━━━━━━━━━[0m [1m0s[0m 42ms/step - loss: 1.3592e-04
[1m5/8[0m [32m━━━━━━━━━━━━[0m[37m━━━━━━━━[0m [1m0s[0m 61ms/step - loss: 1.3523e-04
[1m7/8[0m [32m━━━━━━━━━━━━━━━━━[0m[37m━━━[0m [1m0s[0m 52ms/step - loss: 1.4295e-04
[1m8/8[0m [32m━━━━━━━━━━━━━━━━━━━━[0m[37m[0m [1m0s[0m 53ms/step - loss: 1.5703e-04
Epoch 55/200

[1m1/8[0m [32m━━[0m[37m━━━━━━━━━━━━━━━━━━[0m [1m0s[0m 121ms/step - loss: 7.1586e-05
[1m3/8[0m [32m━━━━━━━[0m[37m━━━━━━━━━━━━━[0m [1m0s[0m 51ms/step - loss: 9.3249e-05 
[1m5/8[0m [32m━━━━━━━━━━━━[0m[37m━━━━━━━━[0m [1m0s[0m 47ms/step - loss: 1.1289e-04
[1m7/8[0m [32m━━━━━━━━━━━━━━━━━[0m[37m━━━[0m [1m0s[0m 42ms/step - loss: 1.2306e-04
[1m8/8[0m [32m━━━━━━━━━━━━━━━━━━━━[0m[37m[0m [1m0s[0m 50ms/step - loss: 1.4241e-04
Epoch 56/200

[1m1/8[0m [32m━━[0m[37m━━━━━━━━━━━━━━━━━━[0m [1m0s[0m 73ms/step - loss: 1.8198e-04
[1m3/8[0m [32m━━━━━━━[0m[37m━━━━━━━━━━━━━[0m [1m0s[0m 27ms/step - loss: 1.5727e-04
[1m5/8[0m [32m━━━━━━━━━━━━[0m[37m━━━━━━━━[0m [1m0s[0m 31ms/step - loss: 1.6014e-04
[1m6/8[0m [32m━━━━━━━━━━━━━━━[0m[37m━━━━━[0m [1m0s[0m 36ms/step - loss: 1.6354e-04
[1m8/8[0m [32m━━━━━━━━━━━━━━━━━━━━[0m[37m[0m [1m0s[0m 38ms/step - loss: 1.6457e-04
[1m8/8[0m [32m━━━━━━━━━━━━━━━━━━━━[0m[37m[0m [1m0s[0m 46ms/step - loss: 1.6700e-04
Epoch 57/200

[1m1/8[0m [32m━━[0m[37m━━━━━━━━━━━━━━━━━━[0m [1m0s[0m 61ms/step - loss: 2.0615e-04
[1m3/8[0m [32m━━━━━━━[0m[37m━━━━━━━━━━━━━[0m [1m0s[0m 26ms/step - loss: 1.9933e-04
[1m5/8[0m [32m━━━━━━━━━━━━[0m[37m━━━━━━━━[0m [1m0s[0m 28ms/step - loss: 1.9564e-04
[1m7/8[0m [32m━━━━━━━━━━━━━━━━━[0m[37m━━━[0m [1m0s[0m 29ms/step - loss: 1.8556e-04
[1m8/8[0m [32m━━━━━━━━━━━━━━━━━━━━[0m[37m[0m [1m0s[0m 34ms/step - loss: 1.5860e-04
Epoch 58/200

[1m1/8[0m [32m━━[0m[37m━━━━━━━━━━━━━━━━━━[0m [1m0s[0m 79ms/step - loss: 1.6306e-04
[1m3/8[0m [32m━━━━━━━[0m[37m━━━━━━━━━━━━━[0m [1m0s[0m 26ms/step - loss: 1.7965e-04
[1m6/8[0m [32m━━━━━━━━━━━━━━━[0m[37m━━━━━[0m [1m0s[0m 25ms/step - loss: 1.7876e-04
[1m8/8[0m [32m━━━━━━━━━━━━━━━━━━━━[0m[37m[0m [1m0s[0m 32ms/step - loss: 1.4412e-04
Epoch 59/200

[1m1/8[0m [32m━━[0m[37m━━━━━━━━━━━━━━━━━━[0m [1m0s[0m 77ms/step - loss: 2.7009e-04
[1m4/8[0m [32m━━━━━━━━━━[0m[37m━━━━━━━━━━[0m [1m0s[0m 23ms/step - loss: 2.0375e-04
[1m6/8[0m [32m━━━━━━━━━━━━━━━[0m[37m━━━━━[0m [1m0s[0m 26ms/step - loss: 1.8238e-04
[1m8/8[0m [32m━━━━━━━━━━━━━━━━━━━━[0m[37m[0m [1m0s[0m 29ms/step - loss: 1.5628e-04
Epoch 60/200

[1m1/8[0m [32m━━[0m[37m━━━━━━━━━━━━━━━━━━[0m [1m0s[0m 63ms/step - loss: 2.5665e-04
[1m4/8[0m [32m━━━━━━━━━━[0m[37m━━━━━━━━━━[0m [1m0s[0m 23ms/step - loss: 2.0602e-04
[1m7/8[0m [32m━━━━━━━━━━━━━━━━━[0m[37m━━━[0m [1m0s[0m 23ms/step - loss: 1.9575e-04
[1m8/8[0m [32m━━━━━━━━━━━━━━━━━━━━[0m[37m[0m [1m0s[0m 30ms/step - loss: 1.6031e-04
Epoch 61/200

[1m1/8[0m [32m━━[0m[37m━━━━━━━━━━━━━━━━━━[0m [1m0s[0m 76ms/step - loss: 1.3466e-04
[1m3/8[0m [32m━━━━━━━[0m[37m━━━━━━━━━━━━━[0m [1m0s[0m 41ms/step - loss: 1.9987e-04
[1m5/8[0m [32m━━━━━━━━━━━━[0m[37m━━━━━━━━[0m [1m0s[0m 39ms/step - loss: 1.8776e-04
[1m8/8[0m [32m━━━━━━━━━━━━━━━━━━━━[0m[37m[0m [1m0s[0m 31ms/step - loss: 1.7250e-04
[1m8/8[0m [32m━━━━━━━━━━━━━━━━━━━━[0m[37m[0m [1m0s[0m 35ms/step - loss: 1.3960e-04
Epoch 62/200

[1m1/8[0m [32m━━[0m[37m━━━━━━━━━━━━━━━━━━[0m [1m0s[0m 68ms/step - loss: 1.9073e-04
[1m3/8[0m [32m━━━━━━━[0m[37m━━━━━━━━━━━━━[0m [1m0s[0m 30ms/step - loss: 1.9684e-04
[1m5/8[0m [32m━━━━━━━━━━━━[0m[37m━━━━━━━━[0m [1m0s[0m 29ms/step - loss: 1.8018e-04
[1m7/8[0m [32m━━━━━━━━━━━━━━━━━[0m[37m━━━[0m [1m0s[0m 29ms/step - loss: 1.7093e-04
[1m8/8[0m [32m━━━━━━━━━━━━━━━━━━━━[0m[37m[0m [1m0s[0m 32ms/step - loss: 1.3628e-04
Epoch 63/200

[1m1/8[0m [32m━━[0m[37m━━━━━━━━━━━━━━━━━━[0m [1m0s[0m 76ms/step - loss: 1.1198e-04
[1m3/8[0m [32m━━━━━━━[0m[37m━━━━━━━━━━━━━[0m [1m0s[0m 29ms/step - loss: 1.3409e-04
[1m5/8[0m [32m━━━━━━━━━━━━[0m[37m━━━━━━━━[0m [1m0s[0m 28ms/step - loss: 1.4623e-04
[1m7/8[0m [32m━━━━━━━━━━━━━━━━━[0m[37m━━━[0m [1m0s[0m 28ms/step - loss: 1.4987e-04
[1m8/8[0m [32m━━━━━━━━━━━━━━━━━━━━[0m[37m[0m [1m0s[0m 31ms/step - loss: 1.5309e-04
Epoch 64/200

[1m1/8[0m [32m━━[0m[37m━━━━━━━━━━━━━━━━━━[0m [1m0s[0m 64ms/step - loss: 1.4151e-04
[1m3/8[0m [32m━━━━━━━[0m[37m━━━━━━━━━━━━━[0m [1m0s[0m 25ms/step - loss: 1.5413e-04
[1m5/8[0m [32m━━━━━━━━━━━━[0m[37m━━━━━━━━[0m [1m0s[0m 33ms/step - loss: 1.4840e-04
[1m7/8[0m [32m━━━━━━━━━━━━━━━━━[0m[37m━━━[0m [1m0s[0m 36ms/step - loss: 1.4626e-04
[1m8/8[0m [32m━━━━━━━━━━━━━━━━━━━━[0m[37m[0m [1m0s[0m 41ms/step - loss: 1.4991e-04
Epoch 65/200

[1m1/8[0m [32m━━[0m[37m━━━━━━━━━━━━━━━━━━[0m [1m0s[0m 91ms/step - loss: 5.8569e-05
[1m3/8[0m [32m━━━━━━━[0m[37m━━━━━━━━━━━━━[0m [1m0s[0m 47ms/step - loss: 1.1120e-04
[1m5/8[0m [32m━━━━━━━━━━━━[0m[37m━━━━━━━━[0m [1m0s[0m 38ms/step - loss: 1.1749e-04
[1m8/8[0m [32m━━━━━━━━━━━━━━━━━━━━[0m[37m[0m [1m0s[0m 30ms/step - loss: 1.3015e-04
[1m8/8[0m [32m━━━━━━━━━━━━━━━━━━━━[0m[37m[0m [1m0s[0m 34ms/step - loss: 1.5351e-04
Epoch 66/200

[1m1/8[0m [32m━━[0m[37m━━━━━━━━━━━━━━━━━━[0m [1m0s[0m 57ms/step - loss: 2.2154e-04
[1m4/8[0m [32m━━━━━━━━━━[0m[37m━━━━━━━━━━[0m [1m0s[0m 21ms/step - loss: 1.8039e-04
[1m7/8[0m [32m━━━━━━━━━━━━━━━━━[0m[37m━━━[0m [1m0s[0m 21ms/step - loss: 1.5782e-04
[1m8/8[0m [32m━━━━━━━━━━━━━━━━━━━━[0m[37m[0m [1m0s[0m 26ms/step - loss: 1.3479e-04
Epoch 67/200

[1m1/8[0m [32m━━[0m[37m━━━━━━━━━━━━━━━━━━[0m [1m0s[0m 56ms/step - loss: 1.2146e-04
[1m4/8[0m [32m━━━━━━━━━━[0m[37m━━━━━━━━━━[0m [1m0s[0m 25ms/step - loss: 1.3966e-04
[1m7/8[0m [32m━━━━━━━━━━━━━━━━━[0m[37m━━━[0m [1m0s[0m 23ms/step - loss: 1.4735e-04
[1m8/8[0m [32m━━━━━━━━━━━━━━━━━━━━[0m[37m[0m [1m0s[0m 27ms/step - loss: 1.4451e-04
Epoch 68/200

[1m1/8[0m [32m━━[0m[37m━━━━━━━━━━━━━━━━━━[0m [1m0s[0m 68ms/step - loss: 1.9153e-04
[1m3/8[0m [32m━━━━━━━[0m[37m━━━━━━━━━━━━━[0m [1m0s[0m 28ms/step - loss: 1.8921e-04
[1m6/8[0m [32m━━━━━━━━━━━━━━━[0m[37m━━━━━[0m [1m0s[0m 26ms/step - loss: 1.7065e-04
[1m8/8[0m [32m━━━━━━━━━━━━━━━━━━━━[0m[37m[0m [1m0s[0m 28ms/step - loss: 1.3644e-04
Epoch 69/200

[1m1/8[0m [32m━━[0m[37m━━━━━━━━━━━━━━━━━━[0m [1m0s[0m 49ms/step - loss: 1.5802e-04
[1m4/8[0m [32m━━━━━━━━━━[0m[37m━━━━━━━━━━[0m [1m0s[0m 22ms/step - loss: 1.3004e-04
[1m7/8[0m [32m━━━━━━━━━━━━━━━━━[0m[37m━━━[0m [1m0s[0m 22ms/step - loss: 1.2739e-04
[1m8/8[0m [32m━━━━━━━━━━━━━━━━━━━━[0m[37m[0m [1m0s[0m 25ms/step - loss: 1.4928e-04
Epoch 70/200

[1m1/8[0m [32m━━[0m[37m━━━━━━━━━━━━━━━━━━[0m [1m0s[0m 48ms/step - loss: 9.7187e-05
[1m4/8[0m [32m━━━━━━━━━━[0m[37m━━━━━━━━━━[0m [1m0s[0m 35ms/step - loss: 1.0039e-04
[1m6/8[0m [32m━━━━━━━━━━━━━━━[0m[37m━━━━━[0m [1m0s[0m 32ms/step - loss: 1.1530e-04
[1m8/8[0m [32m━━━━━━━━━━━━━━━━━━━━[0m[37m[0m [1m0s[0m 31ms/step - loss: 1.3008e-04
Epoch 71/200

[1m1/8[0m [32m━━[0m[37m━━━━━━━━━━━━━━━━━━[0m [1m0s[0m 54ms/step - loss: 1.5740e-04
[1m4/8[0m [32m━━━━━━━━━━[0m[37m━━━━━━━━━━[0m [1m0s[0m 22ms/step - loss: 1.7865e-04
[1m6/8[0m [32m━━━━━━━━━━━━━━━[0m[37m━━━━━[0m [1m0s[0m 25ms/step - loss: 1.6665e-04
[1m8/8[0m [32m━━━━━━━━━━━━━━━━━━━━[0m[37m[0m [1m0s[0m 25ms/step - loss: 1.6222e-04
[1m8/8[0m [32m━━━━━━━━━━━━━━━━━━━━[0m[37m[0m [1m0s[0m 29ms/step - loss: 1.4741e-04
Epoch 72/200

[1m1/8[0m [32m━━[0m[37m━━━━━━━━━━━━━━━━━━[0m [1m0s[0m 59ms/step - loss: 1.8187e-04
[1m4/8[0m [32m━━━━━━━━━━[0m[37m━━━━━━━━━━[0m [1m0s[0m 22ms/step - loss: 1.7288e-04
[1m7/8[0m [32m━━━━━━━━━━━━━━━━━[0m[37m━━━[0m [1m0s[0m 20ms/step - loss: 1.6184e-04
[1m8/8[0m [32m━━━━━━━━━━━━━━━━━━━━[0m[37m[0m [1m0s[0m 24ms/step - loss: 1.3833e-04
Epoch 73/200

[1m1/8[0m [32m━━[0m[37m━━━━━━━━━━━━━━━━━━[0m [1m0s[0m 72ms/step - loss: 2.0217e-04
[1m4/8[0m [32m━━━━━━━━━━[0m[37m━━━━━━━━━━[0m [1m0s[0m 24ms/step - loss: 2.0894e-04
[1m7/8[0m [32m━━━━━━━━━━━━━━━━━[0m[37m━━━[0m [1m0s[0m 21ms/step - loss: 1.8701e-04
[1m8/8[0m [32m━━━━━━━━━━━━━━━━━━━━[0m[37m[0m [1m0s[0m 24ms/step - loss: 1.4244e-04
Epoch 74/200

[1m1/8[0m [32m━━[0m[37m━━━━━━━━━━━━━━━━━━[0m [1m0s[0m 52ms/step - loss: 2.9029e-04
[1m4/8[0m [32m━━━━━━━━━━[0m[37m━━━━━━━━━━[0m [1m0s[0m 18ms/step - loss: 1.8385e-04
[1m7/8[0m [32m━━━━━━━━━━━━━━━━━[0m[37m━━━[0m [1m0s[0m 20ms/step - loss: 1.6873e-04
[1m8/8[0m [32m━━━━━━━━━━━━━━━━━━━━[0m[37m[0m [1m0s[0m 25ms/step - loss: 1.3280e-04
Epoch 75/200

[1m1/8[0m [32m━━[0m[37m━━━━━━━━━━━━━━━━━━[0m [1m0s[0m 52ms/step - loss: 6.3099e-05
[1m4/8[0m [32m━━━━━━━━━━[0m[37m━━━━━━━━━━[0m [1m0s[0m 22ms/step - loss: 1.1080e-04
[1m5/8[0m [32m━━━━━━━━━━━━[0m[37m━━━━━━━━[0m [1m0s[0m 29ms/step - loss: 1.1737e-04
[1m7/8[0m [32m━━━━━━━━━━━━━━━━━[0m[37m━━━[0m [1m0s[0m 32ms/step - loss: 1.2189e-04
[1m8/8[0m [32m━━━━━━━━━━━━━━━━━━━━[0m[37m[0m [1m0s[0m 39ms/step - loss: 1.3727e-04
Epoch 76/200

[1m1/8[0m [32m━━[0m[37m━━━━━━━━━━━━━━━━━━[0m [1m0s[0m 69ms/step - loss: 5.7067e-05
[1m3/8[0m [32m━━━━━━━[0m[37m━━━━━━━━━━━━━[0m [1m0s[0m 25ms/step - loss: 1.5853e-04
[1m6/8[0m [32m━━━━━━━━━━━━━━━[0m[37m━━━━━[0m [1m0s[0m 24ms/step - loss: 1.5298e-04
[1m8/8[0m [32m━━━━━━━━━━━━━━━━━━━━[0m[37m[0m [1m0s[0m 28ms/step - loss: 1.3383e-04
Epoch 77/200

[1m1/8[0m [32m━━[0m[37m━━━━━━━━━━━━━━━━━━[0m [1m0s[0m 60ms/step - loss: 6.0476e-05
[1m4/8[0m [32m━━━━━━━━━━[0m[37m━━━━━━━━━━[0m [1m0s[0m 18ms/step - loss: 1.3206e-04
[1m7/8[0m [32m━━━━━━━━━━━━━━━━━[0m[37m━━━[0m [1m0s[0m 18ms/step - loss: 1.3606e-04
[1m8/8[0m [32m━━━━━━━━━━━━━━━━━━━━[0m[37m[0m [1m0s[0m 22ms/step - loss: 1.4132e-04
Epoch 78/200

[1m1/8[0m [32m━━[0m[37m━━━━━━━━━━━━━━━━━━[0m [1m0s[0m 49ms/step - loss: 6.3696e-05
[1m5/8[0m [32m━━━━━━━━━━━━[0m[37m━━━━━━━━[0m [1m0s[0m 16ms/step - loss: 1.1233e-04
[1m8/8[0m [32m━━━━━━━━━━━━━━━━━━━━[0m[37m[0m [1m0s[0m 16ms/step - loss: 1.2181e-04
[1m8/8[0m [32m━━━━━━━━━━━━━━━━━━━━[0m[37m[0m [1m0s[0m 20ms/step - loss: 1.3210e-04
Epoch 79/200

[1m1/8[0m [32m━━[0m[37m━━━━━━━━━━━━━━━━━━[0m [1m0s[0m 42ms/step - loss: 1.6480e-04
[1m4/8[0m [32m━━━━━━━━━━[0m[37m━━━━━━━━━━[0m [1m0s[0m 25ms/step - loss: 1.3777e-04
[1m7/8[0m [32m━━━━━━━━━━━━━━━━━[0m[37m━━━[0m [1m0s[0m 22ms/step - loss: 1.2706e-04
[1m8/8[0m [32m━━━━━━━━━━━━━━━━━━━━[0m[37m[0m [1m0s[0m 26ms/step - loss: 1.1971e-04
Epoch 80/200

[1m1/8[0m [32m━━[0m[37m━━━━━━━━━━━━━━━━━━[0m [1m0s[0m 48ms/step - loss: 4.6940e-05
[1m4/8[0m [32m━━━━━━━━━━[0m[37m━━━━━━━━━━[0m [1m0s[0m 21ms/step - loss: 1.0796e-04
[1m6/8[0m [32m━━━━━━━━━━━━━━━[0m[37m━━━━━[0m [1m0s[0m 24ms/step - loss: 1.1963e-04
[1m8/8[0m [32m━━━━━━━━━━━━━━━━━━━━[0m[37m[0m [1m0s[0m 28ms/step - loss: 1.2941e-04
Epoch 81/200

[1m1/8[0m [32m━━[0m[37m━━━━━━━━━━━━━━━━━━[0m [1m0s[0m 57ms/step - loss: 2.4342e-04
[1m4/8[0m [32m━━━━━━━━━━[0m[37m━━━━━━━━━━[0m [1m0s[0m 25ms/step - loss: 2.0135e-04
[1m5/8[0m [32m━━━━━━━━━━━━[0m[37m━━━━━━━━[0m [1m0s[0m 34ms/step - loss: 1.9358e-04
[1m8/8[0m [32m━━━━━━━━━━━━━━━━━━━━[0m[37m[0m [1m0s[0m 28ms/step - loss: 1.7180e-04
[1m8/8[0m [32m━━━━━━━━━━━━━━━━━━━━[0m[37m[0m [1m0s[0m 33ms/step - loss: 1.2973e-04
Epoch 82/200

[1m1/8[0m [32m━━[0m[37m━━━━━━━━━━━━━━━━━━[0m [1m0s[0m 63ms/step - loss: 7.8334e-05
[1m4/8[0m [32m━━━━━━━━━━[0m[37m━━━━━━━━━━[0m [1m0s[0m 18ms/step - loss: 9.1836e-05
[1m7/8[0m [32m━━━━━━━━━━━━━━━━━[0m[37m━━━[0m [1m0s[0m 19ms/step - loss: 1.0523e-04
[1m8/8[0m [32m━━━━━━━━━━━━━━━━━━━━[0m[37m[0m [1m0s[0m 24ms/step - loss: 1.1737e-04
Epoch 83/200

[1m1/8[0m [32m━━[0m[37m━━━━━━━━━━━━━━━━━━[0m [1m0s[0m 46ms/step - loss: 8.3352e-05
[1m5/8[0m [32m━━━━━━━━━━━━[0m[37m━━━━━━━━[0m [1m0s[0m 14ms/step - loss: 1.0815e-04
[1m8/8[0m [32m━━━━━━━━━━━━━━━━━━━━[0m[37m[0m [1m0s[0m 17ms/step - loss: 1.1679e-04
[1m8/8[0m [32m━━━━━━━━━━━━━━━━━━━━[0m[37m[0m [1m0s[0m 21ms/step - loss: 1.4388e-04
Epoch 84/200

[1m1/8[0m [32m━━[0m[37m━━━━━━━━━━━━━━━━━━[0m [1m0s[0m 54ms/step - loss: 1.1438e-04
[1m5/8[0m [32m━━━━━━━━━━━━[0m[37m━━━━━━━━[0m [1m0s[0m 18ms/step - loss: 1.0744e-04
[1m8/8[0m [32m━━━━━━━━━━━━━━━━━━━━[0m[37m[0m [1m0s[0m 18ms/step - loss: 1.0974e-04
[1m8/8[0m [32m━━━━━━━━━━━━━━━━━━━━[0m[37m[0m [1m0s[0m 22ms/step - loss: 1.2333e-04
Epoch 85/200

[1m1/8[0m [32m━━[0m[37m━━━━━━━━━━━━━━━━━━[0m [1m0s[0m 54ms/step - loss: 2.2248e-04
[1m3/8[0m [32m━━━━━━━[0m[37m━━━━━━━━━━━━━[0m [1m0s[0m 26ms/step - loss: 1.8173e-04
[1m5/8[0m [32m━━━━━━━━━━━━[0m[37m━━━━━━━━[0m [1m0s[0m 26ms/step - loss: 1.5945e-04
[1m8/8[0m [32m━━━━━━━━━━━━━━━━━━━━[0m[37m[0m [1m0s[0m 25ms/step - loss: 1.4863e-04
[1m8/8[0m [32m━━━━━━━━━━━━━━━━━━━━[0m[37m[0m [1m0s[0m 28ms/step - loss: 1.2251e-04
Epoch 86/200

[1m1/8[0m [32m━━[0m[37m━━━━━━━━━━━━━━━━━━[0m [1m0s[0m 42ms/step - loss: 8.2596e-05
[1m5/8[0m [32m━━━━━━━━━━━━[0m[37m━━━━━━━━[0m [1m0s[0m 16ms/step - loss: 1.2174e-04
[1m8/8[0m [32m━━━━━━━━━━━━━━━━━━━━[0m[37m[0m [1m0s[0m 19ms/step - loss: 1.1352e-04
Epoch 87/200

[1m1/8[0m [32m━━[0m[37m━━━━━━━━━━━━━━━━━━[0m [1m0s[0m 52ms/step - loss: 1.0475e-04
[1m4/8[0m [32m━━━━━━━━━━[0m[37m━━━━━━━━━━[0m [1m0s[0m 18ms/step - loss: 9.1845e-05
[1m8/8[0m [32m━━━━━━━━━━━━━━━━━━━━[0m[37m[0m [1m0s[0m 17ms/step - loss: 1.0970e-04
[1m8/8[0m [32m━━━━━━━━━━━━━━━━━━━━[0m[37m[0m [1m0s[0m 21ms/step - loss: 1.2891e-04
Epoch 88/200

[1m1/8[0m [32m━━[0m[37m━━━━━━━━━━━━━━━━━━[0m [1m0s[0m 51ms/step - loss: 7.5333e-05
[1m4/8[0m [32m━━━━━━━━━━[0m[37m━━━━━━━━━━[0m [1m0s[0m 18ms/step - loss: 1.4493e-04
[1m7/8[0m [32m━━━━━━━━━━━━━━━━━[0m[37m━━━[0m [1m0s[0m 18ms/step - loss: 1.4312e-04
[1m8/8[0m [32m━━━━━━━━━━━━━━━━━━━━[0m[37m[0m [1m0s[0m 21ms/step - loss: 1.3035e-04
Epoch 89/200

[1m1/8[0m [32m━━[0m[37m━━━━━━━━━━━━━━━━━━[0m [1m0s[0m 42ms/step - loss: 2.0694e-04
[1m5/8[0m [32m━━━━━━━━━━━━[0m[37m━━━━━━━━[0m [1m0s[0m 16ms/step - loss: 1.7217e-04
[1m8/8[0m [32m━━━━━━━━━━━━━━━━━━━━[0m[37m[0m [1m0s[0m 21ms/step - loss: 1.2161e-04
Epoch 90/200

[1m1/8[0m [32m━━[0m[37m━━━━━━━━━━━━━━━━━━[0m [1m0s[0m 53ms/step - loss: 2.4673e-04
[1m5/8[0m [32m━━━━━━━━━━━━[0m[37m━━━━━━━━[0m [1m0s[0m 16ms/step - loss: 1.6584e-04
[1m8/8[0m [32m━━━━━━━━━━━━━━━━━━━━[0m[37m[0m [1m0s[0m 20ms/step - loss: 1.2262e-04
Epoch 91/200

[1m1/8[0m [32m━━[0m[37m━━━━━━━━━━━━━━━━━━[0m [1m0s[0m 46ms/step - loss: 1.1355e-04
[1m5/8[0m [32m━━━━━━━━━━━━[0m[37m━━━━━━━━[0m [1m0s[0m 15ms/step - loss: 1.2348e-04
[1m8/8[0m [32m━━━━━━━━━━━━━━━━━━━━[0m[37m[0m [1m0s[0m 16ms/step - loss: 1.2298e-04
[1m8/8[0m [32m━━━━━━━━━━━━━━━━━━━━[0m[37m[0m [1m0s[0m 22ms/step - loss: 1.2121e-04
Epoch 92/200

[1m1/8[0m [32m━━[0m[37m━━━━━━━━━━━━━━━━━━[0m [1m0s[0m 58ms/step - loss: 1.0879e-04
[1m4/8[0m [32m━━━━━━━━━━[0m[37m━━━━━━━━━━[0m [1m0s[0m 18ms/step - loss: 8.3974e-05
[1m6/8[0m [32m━━━━━━━━━━━━━━━[0m[37m━━━━━[0m [1m0s[0m 22ms/step - loss: 9.0669e-05
[1m8/8[0m [32m━━━━━━━━━━━━━━━━━━━━[0m[37m[0m [1m0s[0m 26ms/step - loss: 1.3011e-04
Epoch 93/200

[1m1/8[0m [32m━━[0m[37m━━━━━━━━━━━━━━━━━━[0m [1m0s[0m 72ms/step - loss: 1.0717e-04
[1m4/8[0m [32m━━━━━━━━━━[0m[37m━━━━━━━━━━[0m [1m0s[0m 19ms/step - loss: 1.0419e-04
[1m7/8[0m [32m━━━━━━━━━━━━━━━━━[0m[37m━━━[0m [1m0s[0m 19ms/step - loss: 1.1151e-04
[1m8/8[0m [32m━━━━━━━━━━━━━━━━━━━━[0m[37m[0m [1m0s[0m 23ms/step - loss: 1.2408e-04
Epoch 94/200

[1m1/8[0m [32m━━[0m[37m━━━━━━━━━━━━━━━━━━[0m [1m0s[0m 54ms/step - loss: 6.5055e-05
[1m4/8[0m [32m━━━━━━━━━━[0m[37m━━━━━━━━━━[0m [1m0s[0m 23ms/step - loss: 9.1213e-05
[1m8/8[0m [32m━━━━━━━━━━━━━━━━━━━━[0m[37m[0m [1m0s[0m 18ms/step - loss: 1.0464e-04
[1m8/8[0m [32m━━━━━━━━━━━━━━━━━━━━[0m[37m[0m [1m0s[0m 22ms/step - loss: 1.1676e-04
Epoch 95/200

[1m1/8[0m [32m━━[0m[37m━━━━━━━━━━━━━━━━━━[0m [1m0s[0m 47ms/step - loss: 1.0427e-04
[1m4/8[0m [32m━━━━━━━━━━[0m[37m━━━━━━━━━━[0m [1m0s[0m 20ms/step - loss: 1.0125e-04
[1m7/8[0m [32m━━━━━━━━━━━━━━━━━[0m[37m━━━[0m [1m0s[0m 19ms/step - loss: 1.0354e-04
[1m8/8[0m [32m━━━━━━━━━━━━━━━━━━━━[0m[37m[0m [1m0s[0m 26ms/step - loss: 1.2026e-04
Epoch 96/200

[1m1/8[0m [32m━━[0m[37m━━━━━━━━━━━━━━━━━━[0m [1m0s[0m 53ms/step - loss: 1.1914e-04
[1m5/8[0m [32m━━━━━━━━━━━━[0m[37m━━━━━━━━[0m [1m0s[0m 14ms/step - loss: 9.6973e-05
[1m8/8[0m [32m━━━━━━━━━━━━━━━━━━━━[0m[37m[0m [1m0s[0m 19ms/step - loss: 1.2817e-04
Epoch 97/200

[1m1/8[0m [32m━━[0m[37m━━━━━━━━━━━━━━━━━━[0m [1m0s[0m 42ms/step - loss: 9.3959e-05
[1m4/8[0m [32m━━━━━━━━━━[0m[37m━━━━━━━━━━[0m [1m0s[0m 17ms/step - loss: 1.1185e-04
[1m7/8[0m [32m━━━━━━━━━━━━━━━━━[0m[37m━━━[0m [1m0s[0m 19ms/step - loss: 1.1302e-04
[1m8/8[0m [32m━━━━━━━━━━━━━━━━━━━━[0m[37m[0m [1m0s[0m 29ms/step - loss: 1.1589e-04
Epoch 98/200

[1m1/8[0m [32m━━[0m[37m━━━━━━━━━━━━━━━━━━[0m [1m0s[0m 50ms/step - loss: 1.4059e-04
[1m5/8[0m [32m━━━━━━━━━━━━[0m[37m━━━━━━━━[0m [1m0s[0m 16ms/step - loss: 1.3933e-04
[1m8/8[0m [32m━━━━━━━━━━━━━━━━━━━━[0m[37m[0m [1m0s[0m 20ms/step - loss: 1.0545e-04
Epoch 99/200

[1m1/8[0m [32m━━[0m[37m━━━━━━━━━━━━━━━━━━[0m [1m0s[0m 46ms/step - loss: 1.8914e-04
[1m4/8[0m [32m━━━━━━━━━━[0m[37m━━━━━━━━━━[0m [1m0s[0m 19ms/step - loss: 1.4412e-04
[1m8/8[0m [32m━━━━━━━━━━━━━━━━━━━━[0m[37m[0m [1m0s[0m 17ms/step - loss: 1.4067e-04
[1m8/8[0m [32m━━━━━━━━━━━━━━━━━━━━[0m[37m[0m [1m0s[0m 22ms/step - loss: 1.2421e-04
Epoch 100/200

[1m1/8[0m [32m━━[0m[37m━━━━━━━━━━━━━━━━━━[0m [1m0s[0m 53ms/step - loss: 1.9236e-04
[1m4/8[0m [32m━━━━━━━━━━[0m[37m━━━━━━━━━━[0m [1m0s[0m 22ms/step - loss: 1.3512e-04
[1m7/8[0m [32m━━━━━━━━━━━━━━━━━[0m[37m━━━[0m [1m0s[0m 21ms/step - loss: 1.3370e-04
[1m8/8[0m [32m━━━━━━━━━━━━━━━━━━━━[0m[37m[0m [1m0s[0m 25ms/step - loss: 1.3450e-04
Epoch 101/200

[1m1/8[0m [32m━━[0m[37m━━━━━━━━━━━━━━━━━━[0m [1m0s[0m 52ms/step - loss: 2.8666e-04
[1m5/8[0m [32m━━━━━━━━━━━━[0m[37m━━━━━━━━[0m [1m0s[0m 16ms/step - loss: 1.8405e-04
[1m8/8[0m [32m━━━━━━━━━━━━━━━━━━━━[0m[37m[0m [1m0s[0m 18ms/step - loss: 1.6771e-04
[1m8/8[0m [32m━━━━━━━━━━━━━━━━━━━━[0m[37m[0m [1m0s[0m 23ms/step - loss: 1.3364e-04
Epoch 102/200

[1m1/8[0m [32m━━[0m[37m━━━━━━━━━━━━━━━━━━[0m [1m0s[0m 46ms/step - loss: 5.9000e-05
[1m5/8[0m [32m━━━━━━━━━━━━[0m[37m━━━━━━━━[0m [1m0s[0m 15ms/step - loss: 1.1570e-04
[1m8/8[0m [32m━━━━━━━━━━━━━━━━━━━━[0m[37m[0m [1m0s[0m 20ms/step - loss: 1.1181e-04
Epoch 103/200

[1m1/8[0m [32m━━[0m[37m━━━━━━━━━━━━━━━━━━[0m [1m0s[0m 51ms/step - loss: 7.6713e-05
[1m4/8[0m [32m━━━━━━━━━━[0m[37m━━━━━━━━━━[0m [1m0s[0m 17ms/step - loss: 9.2715e-05
[1m7/8[0m [32m━━━━━━━━━━━━━━━━━[0m[37m━━━[0m [1m0s[0m 19ms/step - loss: 1.0964e-04
[1m8/8[0m [32m━━━━━━━━━━━━━━━━━━━━[0m[37m[0m [1m0s[0m 22ms/step - loss: 1.2321e-04
Epoch 104/200

[1m1/8[0m [32m━━[0m[37m━━━━━━━━━━━━━━━━━━[0m [1m0s[0m 52ms/step - loss: 6.1562e-05
[1m4/8[0m [32m━━━━━━━━━━[0m[37m━━━━━━━━━━[0m [1m0s[0m 18ms/step - loss: 1.0645e-04
[1m8/8[0m [32m━━━━━━━━━━━━━━━━━━━━[0m[37m[0m [1m0s[0m 15ms/step - loss: 1.0397e-04
[1m8/8[0m [32m━━━━━━━━━━━━━━━━━━━━[0m[37m[0m [1m0s[0m 19ms/step - loss: 9.5994e-05
Epoch 105/200

[1m1/8[0m [32m━━[0m[37m━━━━━━━━━━━━━━━━━━[0m [1m0s[0m 55ms/step - loss: 6.9188e-05
[1m5/8[0m [32m━━━━━━━━━━━━[0m[37m━━━━━━━━[0m [1m0s[0m 15ms/step - loss: 1.1093e-04
[1m8/8[0m [32m━━━━━━━━━━━━━━━━━━━━[0m[37m[0m [1m0s[0m 17ms/step - loss: 1.0732e-04
Epoch 106/200

[1m1/8[0m [32m━━[0m[37m━━━━━━━━━━━━━━━━━━[0m [1m0s[0m 39ms/step - loss: 4.4348e-05
[1m5/8[0m [32m━━━━━━━━━━━━[0m[37m━━━━━━━━[0m [1m0s[0m 13ms/step - loss: 7.3490e-05
[1m8/8[0m [32m━━━━━━━━━━━━━━━━━━━━[0m[37m[0m [1m0s[0m 17ms/step - loss: 1.1772e-04
Epoch 107/200

[1m1/8[0m [32m━━[0m[37m━━━━━━━━━━━━━━━━━━[0m [1m0s[0m 40ms/step - loss: 7.2309e-05
[1m5/8[0m [32m━━━━━━━━━━━━[0m[37m━━━━━━━━[0m [1m0s[0m 14ms/step - loss: 5.3693e-05
[1m8/8[0m [32m━━━━━━━━━━━━━━━━━━━━[0m[37m[0m [1m0s[0m 16ms/step - loss: 1.0353e-04
Epoch 108/200

[1m1/8[0m [32m━━[0m[37m━━━━━━━━━━━━━━━━━━[0m [1m0s[0m 39ms/step - loss: 2.0360e-04
[1m5/8[0m [32m━━━━━━━━━━━━[0m[37m━━━━━━━━[0m [1m0s[0m 14ms/step - loss: 1.9344e-04
[1m8/8[0m [32m━━━━━━━━━━━━━━━━━━━━[0m[37m[0m [1m0s[0m 17ms/step - loss: 1.2381e-04
Epoch 109/200

[1m1/8[0m [32m━━[0m[37m━━━━━━━━━━━━━━━━━━[0m [1m0s[0m 43ms/step - loss: 7.6198e-05
[1m5/8[0m [32m━━━━━━━━━━━━[0m[37m━━━━━━━━[0m [1m0s[0m 16ms/step - loss: 1.1594e-04
[1m8/8[0m [32m━━━━━━━━━━━━━━━━━━━━[0m[37m[0m [1m0s[0m 21ms/step - loss: 1.3249e-04
Epoch 110/200

[1m1/8[0m [32m━━[0m[37m━━━━━━━━━━━━━━━━━━[0m [1m0s[0m 57ms/step - loss: 7.1320e-05
[1m4/8[0m [32m━━━━━━━━━━[0m[37m━━━━━━━━━━[0m [1m0s[0m 27ms/step - loss: 7.3432e-05
[1m6/8[0m [32m━━━━━━━━━━━━━━━[0m[37m━━━━━[0m [1m0s[0m 26ms/step - loss: 8.3785e-05
[1m8/8[0m [32m━━━━━━━━━━━━━━━━━━━━[0m[37m[0m [1m0s[0m 29ms/step - loss: 1.0140e-04
Epoch 111/200

[1m1/8[0m [32m━━[0m[37m━━━━━━━━━━━━━━━━━━[0m [1m0s[0m 54ms/step - loss: 1.5078e-04
[1m5/8[0m [32m━━━━━━━━━━━━[0m[37m━━━━━━━━[0m [1m0s[0m 15ms/step - loss: 1.0188e-04
[1m8/8[0m [32m━━━━━━━━━━━━━━━━━━━━[0m[37m[0m [1m0s[0m 19ms/step - loss: 1.1679e-04
Epoch 112/200

[1m1/8[0m [32m━━[0m[37m━━━━━━━━━━━━━━━━━━[0m [1m0s[0m 41ms/step - loss: 9.0994e-05
[1m5/8[0m [32m━━━━━━━━━━━━[0m[37m━━━━━━━━[0m [1m0s[0m 15ms/step - loss: 1.1045e-04
[1m8/8[0m [32m━━━━━━━━━━━━━━━━━━━━[0m[37m[0m [1m0s[0m 20ms/step - loss: 1.0878e-04
Epoch 113/200

[1m1/8[0m [32m━━[0m[37m━━━━━━━━━━━━━━━━━━[0m [1m0s[0m 43ms/step - loss: 1.4559e-04
[1m5/8[0m [32m━━━━━━━━━━━━[0m[37m━━━━━━━━[0m [1m0s[0m 14ms/step - loss: 1.1795e-04
[1m8/8[0m [32m━━━━━━━━━━━━━━━━━━━━[0m[37m[0m [1m0s[0m 18ms/step - loss: 1.2118e-04
Epoch 114/200

[1m1/8[0m [32m━━[0m[37m━━━━━━━━━━━━━━━━━━[0m [1m0s[0m 47ms/step - loss: 4.9696e-05
[1m4/8[0m [32m━━━━━━━━━━[0m[37m━━━━━━━━━━[0m [1m0s[0m 18ms/step - loss: 7.1288e-05
[1m6/8[0m [32m━━━━━━━━━━━━━━━[0m[37m━━━━━[0m [1m0s[0m 21ms/step - loss: 7.1859e-05
[1m8/8[0m [32m━━━━━━━━━━━━━━━━━━━━[0m[37m[0m [1m0s[0m 25ms/step - loss: 7.5729e-05
[1m8/8[0m [32m━━━━━━━━━━━━━━━━━━━━[0m[37m[0m [1m0s[0m 29ms/step - loss: 1.0533e-04
Epoch 115/200

[1m1/8[0m [32m━━[0m[37m━━━━━━━━━━━━━━━━━━[0m [1m0s[0m 51ms/step - loss: 5.1564e-05
[1m4/8[0m [32m━━━━━━━━━━[0m[37m━━━━━━━━━━[0m [1m0s[0m 17ms/step - loss: 6.9625e-05
[1m8/8[0m [32m━━━━━━━━━━━━━━━━━━━━[0m[37m[0m [1m0s[0m 16ms/step - loss: 9.7463e-05
[1m8/8[0m [32m━━━━━━━━━━━━━━━━━━━━[0m[37m[0m [1m0s[0m 21ms/step - loss: 1.2275e-04
Epoch 116/200

[1m1/8[0m [32m━━[0m[37m━━━━━━━━━━━━━━━━━━[0m [1m0s[0m 58ms/step - loss: 6.0161e-05
[1m5/8[0m [32m━━━━━━━━━━━━[0m[37m━━━━━━━━[0m [1m0s[0m 15ms/step - loss: 8.5399e-05
[1m8/8[0m [32m━━━━━━━━━━━━━━━━━━━━[0m[37m[0m [1m0s[0m 18ms/step - loss: 1.0889e-04
Epoch 117/200

[1m1/8[0m [32m━━[0m[37m━━━━━━━━━━━━━━━━━━[0m [1m0s[0m 48ms/step - loss: 3.3331e-05
[1m3/8[0m [32m━━━━━━━[0m[37m━━━━━━━━━━━━━[0m [1m0s[0m 34ms/step - loss: 9.2616e-05
[1m6/8[0m [32m━━━━━━━━━━━━━━━[0m[37m━━━━━[0m [1m0s[0m 25ms/step - loss: 1.1285e-04
[1m8/8[0m [32m━━━━━━━━━━━━━━━━━━━━[0m[37m[0m [1m0s[0m 25ms/step - loss: 1.1249e-04
[1m8/8[0m [32m━━━━━━━━━━━━━━━━━━━━[0m[37m[0m [1m0s[0m 29ms/step - loss: 1.1206e-04
Epoch 118/200

[1m1/8[0m [32m━━[0m[37m━━━━━━━━━━━━━━━━━━[0m [1m0s[0m 56ms/step - loss: 2.3147e-04
[1m3/8[0m [32m━━━━━━━[0m[37m━━━━━━━━━━━━━[0m [1m0s[0m 26ms/step - loss: 1.9149e-04
[1m6/8[0m [32m━━━━━━━━━━━━━━━[0m[37m━━━━━[0m [1m0s[0m 22ms/step - loss: 1.6906e-04
[1m8/8[0m [32m━━━━━━━━━━━━━━━━━━━━[0m[37m[0m [1m0s[0m 24ms/step - loss: 1.1632e-04
Epoch 119/200

[1m1/8[0m [32m━━[0m[37m━━━━━━━━━━━━━━━━━━[0m [1m0s[0m 46ms/step - loss: 1.4657e-04
[1m4/8[0m [32m━━━━━━━━━━[0m[37m━━━━━━━━━━[0m [1m0s[0m 18ms/step - loss: 1.1189e-04
[1m8/8[0m [32m━━━━━━━━━━━━━━━━━━━━[0m[37m[0m [1m0s[0m 17ms/step - loss: 1.1136e-04
[1m8/8[0m [32m━━━━━━━━━━━━━━━━━━━━[0m[37m[0m [1m0s[0m 20ms/step - loss: 1.0151e-04
Epoch 120/200

[1m1/8[0m [32m━━[0m[37m━━━━━━━━━━━━━━━━━━[0m [1m0s[0m 44ms/step - loss: 4.0994e-05
[1m5/8[0m [32m━━━━━━━━━━━━[0m[37m━━━━━━━━[0m [1m0s[0m 16ms/step - loss: 1.1077e-04
[1m8/8[0m [32m━━━━━━━━━━━━━━━━━━━━[0m[37m[0m [1m0s[0m 20ms/step - loss: 1.0526e-04
Epoch 121/200

[1m1/8[0m [32m━━[0m[37m━━━━━━━━━━━━━━━━━━[0m [1m0s[0m 59ms/step - loss: 6.8983e-05
[1m4/8[0m [32m━━━━━━━━━━[0m[37m━━━━━━━━━━[0m [1m0s[0m 17ms/step - loss: 6.4619e-05
[1m8/8[0m [32m━━━━━━━━━━━━━━━━━━━━[0m[37m[0m [1m0s[0m 15ms/step - loss: 8.1744e-05
[1m8/8[0m [32m━━━━━━━━━━━━━━━━━━━━[0m[37m[0m [1m0s[0m 19ms/step - loss: 9.7609e-05
Epoch 122/200

[1m1/8[0m [32m━━[0m[37m━━━━━━━━━━━━━━━━━━[0m [1m0s[0m 48ms/step - loss: 1.0612e-04
[1m4/8[0m [32m━━━━━━━━━━[0m[37m━━━━━━━━━━[0m [1m0s[0m 18ms/step - loss: 1.3875e-04
[1m8/8[0m [32m━━━━━━━━━━━━━━━━━━━━[0m[37m[0m [1m0s[0m 17ms/step - loss: 1.2472e-04
[1m8/8[0m [32m━━━━━━━━━━━━━━━━━━━━[0m[37m[0m [1m0s[0m 21ms/step - loss: 1.1767e-04
Epoch 123/200

[1m1/8[0m [32m━━[0m[37m━━━━━━━━━━━━━━━━━━[0m [1m0s[0m 58ms/step - loss: 7.3482e-05
[1m4/8[0m [32m━━━━━━━━━━[0m[37m━━━━━━━━━━[0m [1m0s[0m 18ms/step - loss: 8.9005e-05
[1m8/8[0m [32m━━━━━━━━━━━━━━━━━━━━[0m[37m[0m [1m0s[0m 17ms/step - loss: 9.5977e-05
[1m8/8[0m [32m━━━━━━━━━━━━━━━━━━━━[0m[37m[0m [1m0s[0m 21ms/step - loss: 1.1289e-04
Epoch 124/200

[1m1/8[0m [32m━━[0m[37m━━━━━━━━━━━━━━━━━━[0m [1m0s[0m 52ms/step - loss: 7.2657e-05
[1m4/8[0m [32m━━━━━━━━━━[0m[37m━━━━━━━━━━[0m [1m0s[0m 22ms/step - loss: 8.7210e-05
[1m7/8[0m [32m━━━━━━━━━━━━━━━━━[0m[37m━━━[0m [1m0s[0m 19ms/step - loss: 9.8974e-05
[1m8/8[0m [32m━━━━━━━━━━━━━━━━━━━━[0m[37m[0m [1m0s[0m 23ms/step - loss: 1.1383e-04
Epoch 125/200

[1m1/8[0m [32m━━[0m[37m━━━━━━━━━━━━━━━━━━[0m [1m0s[0m 47ms/step - loss: 6.7787e-05
[1m4/8[0m [32m━━━━━━━━━━[0m[37m━━━━━━━━━━[0m [1m0s[0m 18ms/step - loss: 8.3923e-05
[1m6/8[0m [32m━━━━━━━━━━━━━━━[0m[37m━━━━━[0m [1m0s[0m 24ms/step - loss: 9.8154e-05
[1m8/8[0m [32m━━━━━━━━━━━━━━━━━━━━[0m[37m[0m [1m0s[0m 27ms/step - loss: 1.0104e-04
[1m8/8[0m [32m━━━━━━━━━━━━━━━━━━━━[0m[37m[0m [1m0s[0m 32ms/step - loss: 1.0691e-04
Epoch 126/200

[1m1/8[0m [32m━━[0m[37m━━━━━━━━━━━━━━━━━━[0m [1m0s[0m 58ms/step - loss: 4.7199e-05
[1m4/8[0m [32m━━━━━━━━━━[0m[37m━━━━━━━━━━[0m [1m0s[0m 18ms/step - loss: 6.3414e-05
[1m8/8[0m [32m━━━━━━━━━━━━━━━━━━━━[0m[37m[0m [1m0s[0m 16ms/step - loss: 8.3864e-05
[1m8/8[0m [32m━━━━━━━━━━━━━━━━━━━━[0m[37m[0m [1m0s[0m 22ms/step - loss: 1.1476e-04
Epoch 127/200

[1m1/8[0m [32m━━[0m[37m━━━━━━━━━━━━━━━━━━[0m [1m0s[0m 59ms/step - loss: 9.8969e-05
[1m5/8[0m [32m━━━━━━━━━━━━[0m[37m━━━━━━━━[0m [1m0s[0m 17ms/step - loss: 1.3512e-04
[1m8/8[0m [32m━━━━━━━━━━━━━━━━━━━━[0m[37m[0m [1m0s[0m 20ms/step - loss: 1.1167e-04
Epoch 128/200

[1m1/8[0m [32m━━[0m[37m━━━━━━━━━━━━━━━━━━[0m [1m0s[0m 46ms/step - loss: 6.1851e-05
[1m4/8[0m [32m━━━━━━━━━━[0m[37m━━━━━━━━━━[0m [1m0s[0m 18ms/step - loss: 7.1138e-05
[1m7/8[0m [32m━━━━━━━━━━━━━━━━━[0m[37m━━━[0m [1m0s[0m 18ms/step - loss: 7.4503e-05
[1m8/8[0m [32m━━━━━━━━━━━━━━━━━━━━[0m[37m[0m [1m0s[0m 22ms/step - loss: 1.0063e-04
Epoch 129/200

[1m1/8[0m [32m━━[0m[37m━━━━━━━━━━━━━━━━━━[0m [1m0s[0m 64ms/step - loss: 1.8307e-04
[1m3/8[0m [32m━━━━━━━[0m[37m━━━━━━━━━━━━━[0m [1m0s[0m 35ms/step - loss: 1.4524e-04
[1m5/8[0m [32m━━━━━━━━━━━━[0m[37m━━━━━━━━[0m [1m0s[0m 34ms/step - loss: 1.3374e-04
[1m8/8[0m [32m━━━━━━━━━━━━━━━━━━━━[0m[37m[0m [1m0s[0m 29ms/step - loss: 1.2687e-04
[1m8/8[0m [32m━━━━━━━━━━━━━━━━━━━━[0m[37m[0m [1m0s[0m 33ms/step - loss: 1.1112e-04
Epoch 130/200

[1m1/8[0m [32m━━[0m[37m━━━━━━━━━━━━━━━━━━[0m [1m0s[0m 67ms/step - loss: 5.7647e-05
[1m4/8[0m [32m━━━━━━━━━━[0m[37m━━━━━━━━━━[0m [1m0s[0m 21ms/step - loss: 6.5319e-05
[1m7/8[0m [32m━━━━━━━━━━━━━━━━━[0m[37m━━━[0m [1m0s[0m 20ms/step - loss: 8.4167e-05
[1m8/8[0m [32m━━━━━━━━━━━━━━━━━━━━[0m[37m[0m [1m0s[0m 23ms/step - loss: 1.0637e-04
Epoch 131/200

[1m1/8[0m [32m━━[0m[37m━━━━━━━━━━━━━━━━━━[0m [1m0s[0m 44ms/step - loss: 1.5316e-04
[1m4/8[0m [32m━━━━━━━━━━[0m[37m━━━━━━━━━━[0m [1m0s[0m 18ms/step - loss: 1.2675e-04
[1m8/8[0m [32m━━━━━━━━━━━━━━━━━━━━[0m[37m[0m [1m0s[0m 17ms/step - loss: 1.2172e-04
[1m8/8[0m [32m━━━━━━━━━━━━━━━━━━━━[0m[37m[0m [1m0s[0m 21ms/step - loss: 1.0621e-04
Epoch 132/200

[1m1/8[0m [32m━━[0m[37m━━━━━━━━━━━━━━━━━━[0m [1m0s[0m 55ms/step - loss: 2.1483e-04
[1m4/8[0m [32m━━━━━━━━━━[0m[37m━━━━━━━━━━[0m [1m0s[0m 17ms/step - loss: 1.3947e-04
[1m7/8[0m [32m━━━━━━━━━━━━━━━━━[0m[37m━━━[0m [1m0s[0m 18ms/step - loss: 1.2184e-04
[1m8/8[0m [32m━━━━━━━━━━━━━━━━━━━━[0m[37m[0m [1m0s[0m 21ms/step - loss: 1.0725e-04
Epoch 133/200

[1m1/8[0m [32m━━[0m[37m━━━━━━━━━━━━━━━━━━[0m [1m0s[0m 47ms/step - loss: 6.8476e-05
[1m4/8[0m [32m━━━━━━━━━━[0m[37m━━━━━━━━━━[0m [1m0s[0m 18ms/step - loss: 6.9502e-05
[1m7/8[0m [32m━━━━━━━━━━━━━━━━━[0m[37m━━━[0m [1m0s[0m 20ms/step - loss: 8.4963e-05
[1m8/8[0m [32m━━━━━━━━━━━━━━━━━━━━[0m[37m[0m [1m0s[0m 23ms/step - loss: 1.0896e-04
Epoch 134/200

[1m1/8[0m [32m━━[0m[37m━━━━━━━━━━━━━━━━━━[0m [1m0s[0m 51ms/step - loss: 1.0430e-04
[1m4/8[0m [32m━━━━━━━━━━[0m[37m━━━━━━━━━━[0m [1m0s[0m 18ms/step - loss: 9.8316e-05
[1m7/8[0m [32m━━━━━━━━━━━━━━━━━[0m[37m━━━[0m [1m0s[0m 18ms/step - loss: 1.0303e-04
[1m8/8[0m [32m━━━━━━━━━━━━━━━━━━━━[0m[37m[0m [1m0s[0m 23ms/step - loss: 1.0535e-04
Epoch 135/200

[1m1/8[0m [32m━━[0m[37m━━━━━━━━━━━━━━━━━━[0m [1m0s[0m 56ms/step - loss: 6.2391e-05
[1m4/8[0m [32m━━━━━━━━━━[0m[37m━━━━━━━━━━[0m [1m0s[0m 20ms/step - loss: 1.0313e-04
[1m7/8[0m [32m━━━━━━━━━━━━━━━━━[0m[37m━━━[0m [1m0s[0m 19ms/step - loss: 1.0843e-04
[1m8/8[0m [32m━━━━━━━━━━━━━━━━━━━━[0m[37m[0m [1m0s[0m 22ms/step - loss: 1.0119e-04
Epoch 136/200

[1m1/8[0m [32m━━[0m[37m━━━━━━━━━━━━━━━━━━[0m [1m0s[0m 47ms/step - loss: 6.3821e-05
[1m4/8[0m [32m━━━━━━━━━━[0m[37m━━━━━━━━━━[0m [1m0s[0m 20ms/step - loss: 1.1371e-04
[1m7/8[0m [32m━━━━━━━━━━━━━━━━━[0m[37m━━━[0m [1m0s[0m 20ms/step - loss: 1.1339e-04
[1m8/8[0m [32m━━━━━━━━━━━━━━━━━━━━[0m[37m[0m [1m0s[0m 24ms/step - loss: 1.0052e-04
Epoch 137/200

[1m1/8[0m [32m━━[0m[37m━━━━━━━━━━━━━━━━━━[0m [1m0s[0m 54ms/step - loss: 2.1951e-05
[1m5/8[0m [32m━━━━━━━━━━━━[0m[37m━━━━━━━━[0m [1m0s[0m 15ms/step - loss: 7.5660e-05
[1m8/8[0m [32m━━━━━━━━━━━━━━━━━━━━[0m[37m[0m [1m0s[0m 16ms/step - loss: 8.4632e-05
[1m8/8[0m [32m━━━━━━━━━━━━━━━━━━━━[0m[37m[0m [1m0s[0m 21ms/step - loss: 1.0190e-04
Epoch 138/200

[1m1/8[0m [32m━━[0m[37m━━━━━━━━━━━━━━━━━━[0m [1m0s[0m 59ms/step - loss: 2.6632e-04
[1m4/8[0m [32m━━━━━━━━━━[0m[37m━━━━━━━━━━[0m [1m0s[0m 21ms/step - loss: 1.7307e-04
[1m7/8[0m [32m━━━━━━━━━━━━━━━━━[0m[37m━━━[0m [1m0s[0m 20ms/step - loss: 1.4116e-04
[1m8/8[0m [32m━━━━━━━━━━━━━━━━━━━━[0m[37m[0m [1m0s[0m 24ms/step - loss: 9.0460e-05
Epoch 139/200

[1m1/8[0m [32m━━[0m[37m━━━━━━━━━━━━━━━━━━[0m [1m0s[0m 60ms/step - loss: 4.1496e-05
[1m4/8[0m [32m━━━━━━━━━━[0m[37m━━━━━━━━━━[0m [1m0s[0m 23ms/step - loss: 6.1070e-05
[1m7/8[0m [32m━━━━━━━━━━━━━━━━━[0m[37m━━━[0m [1m0s[0m 21ms/step - loss: 7.2606e-05
[1m8/8[0m [32m━━━━━━━━━━━━━━━━━━━━[0m[37m[0m [1m0s[0m 25ms/step - loss: 9.4601e-05
Epoch 140/200

[1m1/8[0m [32m━━[0m[37m━━━━━━━━━━━━━━━━━━[0m [1m0s[0m 55ms/step - loss: 1.5923e-04
[1m4/8[0m [32m━━━━━━━━━━[0m[37m━━━━━━━━━━[0m [1m0s[0m 20ms/step - loss: 1.5217e-04
[1m6/8[0m [32m━━━━━━━━━━━━━━━[0m[37m━━━━━[0m [1m0s[0m 22ms/step - loss: 1.3751e-04
[1m8/8[0m [32m━━━━━━━━━━━━━━━━━━━━[0m[37m[0m [1m0s[0m 25ms/step - loss: 1.0913e-04
Epoch 141/200

[1m1/8[0m [32m━━[0m[37m━━━━━━━━━━━━━━━━━━[0m [1m0s[0m 50ms/step - loss: 3.6954e-05
[1m3/8[0m [32m━━━━━━━[0m[37m━━━━━━━━━━━━━[0m [1m0s[0m 29ms/step - loss: 6.0121e-05
[1m6/8[0m [32m━━━━━━━━━━━━━━━[0m[37m━━━━━[0m [1m0s[0m 26ms/step - loss: 6.9096e-05
[1m8/8[0m [32m━━━━━━━━━━━━━━━━━━━━[0m[37m[0m [1m0s[0m 26ms/step - loss: 7.6798e-05
[1m8/8[0m [32m━━━━━━━━━━━━━━━━━━━━[0m[37m[0m [1m0s[0m 31ms/step - loss: 9.7549e-05
Epoch 142/200

[1m1/8[0m [32m━━[0m[37m━━━━━━━━━━━━━━━━━━[0m [1m0s[0m 57ms/step - loss: 2.2606e-04
[1m3/8[0m [32m━━━━━━━[0m[37m━━━━━━━━━━━━━[0m [1m0s[0m 25ms/step - loss: 1.6072e-04
[1m5/8[0m [32m━━━━━━━━━━━━[0m[37m━━━━━━━━[0m [1m0s[0m 25ms/step - loss: 1.3183e-04
[1m8/8[0m [32m━━━━━━━━━━━━━━━━━━━━[0m[37m[0m [1m0s[0m 22ms/step - loss: 1.1580e-04
[1m8/8[0m [32m━━━━━━━━━━━━━━━━━━━━[0m[37m[0m [1m0s[0m 27ms/step - loss: 9.8089e-05
Epoch 143/200

[1m1/8[0m [32m━━[0m[37m━━━━━━━━━━━━━━━━━━[0m [1m0s[0m 69ms/step - loss: 4.1038e-05
[1m4/8[0m [32m━━━━━━━━━━[0m[37m━━━━━━━━━━[0m [1m0s[0m 23ms/step - loss: 1.1657e-04
[1m6/8[0m [32m━━━━━━━━━━━━━━━[0m[37m━━━━━[0m [1m0s[0m 24ms/step - loss: 1.1161e-04
[1m8/8[0m [32m━━━━━━━━━━━━━━━━━━━━[0m[37m[0m [1m0s[0m 28ms/step - loss: 9.6772e-05
Epoch 144/200

[1m1/8[0m [32m━━[0m[37m━━━━━━━━━━━━━━━━━━[0m [1m0s[0m 52ms/step - loss: 6.1823e-05
[1m4/8[0m [32m━━━━━━━━━━[0m[37m━━━━━━━━━━[0m [1m0s[0m 20ms/step - loss: 8.0262e-05
[1m7/8[0m [32m━━━━━━━━━━━━━━━━━[0m[37m━━━[0m [1m0s[0m 20ms/step - loss: 9.2611e-05
[1m8/8[0m [32m━━━━━━━━━━━━━━━━━━━━[0m[37m[0m [1m0s[0m 29ms/step - loss: 1.0381e-04
Epoch 145/200

[1m1/8[0m [32m━━[0m[37m━━━━━━━━━━━━━━━━━━[0m [1m0s[0m 45ms/step - loss: 4.9035e-05
[1m4/8[0m [32m━━━━━━━━━━[0m[37m━━━━━━━━━━[0m [1m0s[0m 21ms/step - loss: 6.2758e-05
[1m7/8[0m [32m━━━━━━━━━━━━━━━━━[0m[37m━━━[0m [1m0s[0m 21ms/step - loss: 8.2565e-05
[1m8/8[0m [32m━━━━━━━━━━━━━━━━━━━━[0m[37m[0m [1m0s[0m 25ms/step - loss: 9.9629e-05
Epoch 146/200

[1m1/8[0m [32m━━[0m[37m━━━━━━━━━━━━━━━━━━[0m [1m0s[0m 54ms/step - loss: 7.4164e-05
[1m4/8[0m [32m━━━━━━━━━━[0m[37m━━━━━━━━━━[0m [1m0s[0m 24ms/step - loss: 6.4687e-05
[1m7/8[0m [32m━━━━━━━━━━━━━━━━━[0m[37m━━━[0m [1m0s[0m 23ms/step - loss: 6.9815e-05
[1m8/8[0m [32m━━━━━━━━━━━━━━━━━━━━[0m[37m[0m [1m0s[0m 28ms/step - loss: 1.0813e-04
Epoch 147/200

[1m1/8[0m [32m━━[0m[37m━━━━━━━━━━━━━━━━━━[0m [1m0s[0m 65ms/step - loss: 2.3178e-04
[1m4/8[0m [32m━━━━━━━━━━[0m[37m━━━━━━━━━━[0m [1m0s[0m 21ms/step - loss: 1.5710e-04
[1m7/8[0m [32m━━━━━━━━━━━━━━━━━[0m[37m━━━[0m [1m0s[0m 19ms/step - loss: 1.2824e-04
[1m8/8[0m [32m━━━━━━━━━━━━━━━━━━━━[0m[37m[0m [1m0s[0m 25ms/step - loss: 8.3330e-05
Epoch 148/200

[1m1/8[0m [32m━━[0m[37m━━━━━━━━━━━━━━━━━━[0m [1m0s[0m 67ms/step - loss: 1.6822e-04
[1m4/8[0m [32m━━━━━━━━━━[0m[37m━━━━━━━━━━[0m [1m0s[0m 24ms/step - loss: 1.1602e-04
[1m7/8[0m [32m━━━━━━━━━━━━━━━━━[0m[37m━━━[0m [1m0s[0m 22ms/step - loss: 1.0805e-04
[1m8/8[0m [32m━━━━━━━━━━━━━━━━━━━━[0m[37m[0m [1m0s[0m 26ms/step - loss: 9.1400e-05
Epoch 149/200

[1m1/8[0m [32m━━[0m[37m━━━━━━━━━━━━━━━━━━[0m [1m0s[0m 45ms/step - loss: 1.9616e-04
[1m4/8[0m [32m━━━━━━━━━━[0m[37m━━━━━━━━━━[0m [1m0s[0m 17ms/step - loss: 1.4029e-04
[1m7/8[0m [32m━━━━━━━━━━━━━━━━━[0m[37m━━━[0m [1m0s[0m 18ms/step - loss: 1.2483e-04
[1m8/8[0m [32m━━━━━━━━━━━━━━━━━━━━[0m[37m[0m [1m0s[0m 22ms/step - loss: 1.0294e-04
Epoch 150/200

[1m1/8[0m [32m━━[0m[37m━━━━━━━━━━━━━━━━━━[0m [1m0s[0m 56ms/step - loss: 2.9045e-05
[1m4/8[0m [32m━━━━━━━━━━[0m[37m━━━━━━━━━━[0m [1m0s[0m 20ms/step - loss: 9.1722e-05
[1m7/8[0m [32m━━━━━━━━━━━━━━━━━[0m[37m━━━[0m [1m0s[0m 22ms/step - loss: 9.0799e-05
[1m8/8[0m [32m━━━━━━━━━━━━━━━━━━━━[0m[37m[0m [1m0s[0m 26ms/step - loss: 9.7725e-05
Epoch 151/200

[1m1/8[0m [32m━━[0m[37m━━━━━━━━━━━━━━━━━━[0m [1m0s[0m 59ms/step - loss: 2.1136e-04
[1m4/8[0m [32m━━━━━━━━━━[0m[37m━━━━━━━━━━[0m [1m0s[0m 21ms/step - loss: 1.4320e-04
[1m6/8[0m [32m━━━━━━━━━━━━━━━[0m[37m━━━━━[0m [1m0s[0m 23ms/step - loss: 1.3149e-04
[1m8/8[0m [32m━━━━━━━━━━━━━━━━━━━━[0m[37m[0m [1m0s[0m 26ms/step - loss: 9.8538e-05
Epoch 152/200

[1m1/8[0m [32m━━[0m[37m━━━━━━━━━━━━━━━━━━[0m [1m0s[0m 58ms/step - loss: 3.6476e-05
[1m4/8[0m [32m━━━━━━━━━━[0m[37m━━━━━━━━━━[0m [1m0s[0m 21ms/step - loss: 4.8044e-05
[1m8/8[0m [32m━━━━━━━━━━━━━━━━━━━━[0m[37m[0m [1m0s[0m 18ms/step - loss: 6.4765e-05
[1m8/8[0m [32m━━━━━━━━━━━━━━━━━━━━[0m[37m[0m [1m0s[0m 23ms/step - loss: 1.0130e-04
Epoch 153/200

[1m1/8[0m [32m━━[0m[37m━━━━━━━━━━━━━━━━━━[0m [1m0s[0m 59ms/step - loss: 4.7360e-05
[1m4/8[0m [32m━━━━━━━━━━[0m[37m━━━━━━━━━━[0m [1m0s[0m 20ms/step - loss: 6.8351e-05
[1m8/8[0m [32m━━━━━━━━━━━━━━━━━━━━[0m[37m[0m [1m0s[0m 18ms/step - loss: 7.8560e-05
[1m8/8[0m [32m━━━━━━━━━━━━━━━━━━━━[0m[37m[0m [1m0s[0m 23ms/step - loss: 9.1848e-05
Epoch 154/200

[1m1/8[0m [32m━━[0m[37m━━━━━━━━━━━━━━━━━━[0m [1m0s[0m 56ms/step - loss: 4.6718e-05
[1m4/8[0m [32m━━━━━━━━━━[0m[37m━━━━━━━━━━[0m [1m0s[0m 19ms/step - loss: 4.8275e-05
[1m7/8[0m [32m━━━━━━━━━━━━━━━━━[0m[37m━━━[0m [1m0s[0m 18ms/step - loss: 5.8272e-05
[1m8/8[0m [32m━━━━━━━━━━━━━━━━━━━━[0m[37m[0m [1m0s[0m 23ms/step - loss: 9.6259e-05
Epoch 155/200

[1m1/8[0m [32m━━[0m[37m━━━━━━━━━━━━━━━━━━[0m [1m0s[0m 64ms/step - loss: 1.1236e-04
[1m3/8[0m [32m━━━━━━━[0m[37m━━━━━━━━━━━━━[0m [1m0s[0m 26ms/step - loss: 9.0063e-05
[1m6/8[0m [32m━━━━━━━━━━━━━━━[0m[37m━━━━━[0m [1m0s[0m 27ms/step - loss: 8.9083e-05
[1m8/8[0m [32m━━━━━━━━━━━━━━━━━━━━[0m[37m[0m [1m0s[0m 31ms/step - loss: 1.0614e-04
Epoch 156/200

[1m1/8[0m [32m━━[0m[37m━━━━━━━━━━━━━━━━━━[0m [1m0s[0m 58ms/step - loss: 5.4038e-05
[1m3/8[0m [32m━━━━━━━[0m[37m━━━━━━━━━━━━━[0m [1m0s[0m 25ms/step - loss: 5.5124e-05
[1m6/8[0m [32m━━━━━━━━━━━━━━━[0m[37m━━━━━[0m [1m0s[0m 21ms/step - loss: 6.2720e-05
[1m8/8[0m [32m━━━━━━━━━━━━━━━━━━━━[0m[37m[0m [1m0s[0m 24ms/step - loss: 8.6638e-05
Epoch 157/200

[1m1/8[0m [32m━━[0m[37m━━━━━━━━━━━━━━━━━━[0m [1m0s[0m 45ms/step - loss: 7.1907e-05
[1m4/8[0m [32m━━━━━━━━━━[0m[37m━━━━━━━━━━[0m [1m0s[0m 22ms/step - loss: 1.1608e-04
[1m7/8[0m [32m━━━━━━━━━━━━━━━━━[0m[37m━━━[0m [1m0s[0m 20ms/step - loss: 1.1536e-04
[1m8/8[0m [32m━━━━━━━━━━━━━━━━━━━━[0m[37m[0m [1m0s[0m 23ms/step - loss: 1.0580e-04
Epoch 158/200

[1m1/8[0m [32m━━[0m[37m━━━━━━━━━━━━━━━━━━[0m [1m0s[0m 48ms/step - loss: 6.8098e-05
[1m4/8[0m [32m━━━━━━━━━━[0m[37m━━━━━━━━━━[0m [1m0s[0m 20ms/step - loss: 1.0833e-04
[1m8/8[0m [32m━━━━━━━━━━━━━━━━━━━━[0m[37m[0m [1m0s[0m 18ms/step - loss: 1.0233e-04
[1m8/8[0m [32m━━━━━━━━━━━━━━━━━━━━[0m[37m[0m [1m0s[0m 22ms/step - loss: 8.8653e-05
Epoch 159/200

[1m1/8[0m [32m━━[0m[37m━━━━━━━━━━━━━━━━━━[0m [1m0s[0m 49ms/step - loss: 8.6554e-05
[1m4/8[0m [32m━━━━━━━━━━[0m[37m━━━━━━━━━━[0m [1m0s[0m 19ms/step - loss: 9.3004e-05
[1m7/8[0m [32m━━━━━━━━━━━━━━━━━[0m[37m━━━[0m [1m0s[0m 18ms/step - loss: 9.2601e-05
[1m8/8[0m [32m━━━━━━━━━━━━━━━━━━━━[0m[37m[0m [1m0s[0m 22ms/step - loss: 9.9332e-05
Epoch 160/200

[1m1/8[0m [32m━━[0m[37m━━━━━━━━━━━━━━━━━━[0m [1m0s[0m 50ms/step - loss: 5.8701e-05
[1m4/8[0m [32m━━━━━━━━━━[0m[37m━━━━━━━━━━[0m [1m0s[0m 21ms/step - loss: 8.8908e-05
[1m8/8[0m [32m━━━━━━━━━━━━━━━━━━━━[0m[37m[0m [1m0s[0m 18ms/step - loss: 9.4028e-05
[1m8/8[0m [32m━━━━━━━━━━━━━━━━━━━━[0m[37m[0m [1m0s[0m 22ms/step - loss: 1.0464e-04
Epoch 161/200

[1m1/8[0m [32m━━[0m[37m━━━━━━━━━━━━━━━━━━[0m [1m0s[0m 44ms/step - loss: 4.8904e-05
[1m4/8[0m [32m━━━━━━━━━━[0m[37m━━━━━━━━━━[0m [1m0s[0m 19ms/step - loss: 9.6979e-05
[1m7/8[0m [32m━━━━━━━━━━━━━━━━━[0m[37m━━━[0m [1m0s[0m 18ms/step - loss: 9.3523e-05
[1m8/8[0m [32m━━━━━━━━━━━━━━━━━━━━[0m[37m[0m [1m0s[0m 22ms/step - loss: 9.3763e-05
Epoch 162/200

[1m1/8[0m [32m━━[0m[37m━━━━━━━━━━━━━━━━━━[0m [1m0s[0m 64ms/step - loss: 1.9340e-04
[1m3/8[0m [32m━━━━━━━[0m[37m━━━━━━━━━━━━━[0m [1m0s[0m 28ms/step - loss: 1.3367e-04
[1m5/8[0m [32m━━━━━━━━━━━━[0m[37m━━━━━━━━[0m [1m0s[0m 33ms/step - loss: 1.1649e-04
[1m7/8[0m [32m━━━━━━━━━━━━━━━━━[0m[37m━━━[0m [1m0s[0m 30ms/step - loss: 1.1155e-04
[1m8/8[0m [32m━━━━━━━━━━━━━━━━━━━━[0m[37m[0m [1m0s[0m 35ms/step - loss: 9.1126e-05
Epoch 163/200

[1m1/8[0m [32m━━[0m[37m━━━━━━━━━━━━━━━━━━[0m [1m0s[0m 71ms/step - loss: 3.3215e-05
[1m4/8[0m [32m━━━━━━━━━━[0m[37m━━━━━━━━━━[0m [1m0s[0m 20ms/step - loss: 5.3632e-05
[1m8/8[0m [32m━━━━━━━━━━━━━━━━━━━━[0m[37m[0m [1m0s[0m 20ms/step - loss: 9.2412e-05
Epoch 164/200

[1m1/8[0m [32m━━[0m[37m━━━━━━━━━━━━━━━━━━[0m [1m0s[0m 53ms/step - loss: 1.4100e-04
[1m4/8[0m [32m━━━━━━━━━━[0m[37m━━━━━━━━━━[0m [1m0s[0m 20ms/step - loss: 1.2097e-04
[1m7/8[0m [32m━━━━━━━━━━━━━━━━━[0m[37m━━━[0m [1m0s[0m 19ms/step - loss: 1.0738e-04
[1m8/8[0m [32m━━━━━━━━━━━━━━━━━━━━[0m[37m[0m [1m0s[0m 26ms/step - loss: 9.1591e-05
Epoch 165/200

[1m1/8[0m [32m━━[0m[37m━━━━━━━━━━━━━━━━━━[0m [1m0s[0m 60ms/step - loss: 1.2947e-04
[1m4/8[0m [32m━━━━━━━━━━[0m[37m━━━━━━━━━━[0m [1m0s[0m 20ms/step - loss: 8.5700e-05
[1m7/8[0m [32m━━━━━━━━━━━━━━━━━[0m[37m━━━[0m [1m0s[0m 20ms/step - loss: 8.9100e-05
[1m8/8[0m [32m━━━━━━━━━━━━━━━━━━━━[0m[37m[0m [1m0s[0m 24ms/step - loss: 8.6875e-05
Epoch 166/200

[1m1/8[0m [32m━━[0m[37m━━━━━━━━━━━━━━━━━━[0m [1m0s[0m 65ms/step - loss: 1.6266e-04
[1m5/8[0m [32m━━━━━━━━━━━━[0m[37m━━━━━━━━[0m [1m0s[0m 17ms/step - loss: 1.0168e-04
[1m8/8[0m [32m━━━━━━━━━━━━━━━━━━━━[0m[37m[0m [1m0s[0m 21ms/step - loss: 8.4213e-05
Epoch 167/200

[1m1/8[0m [32m━━[0m[37m━━━━━━━━━━━━━━━━━━[0m [1m0s[0m 50ms/step - loss: 4.2386e-05
[1m5/8[0m [32m━━━━━━━━━━━━[0m[37m━━━━━━━━[0m [1m0s[0m 16ms/step - loss: 1.0170e-04
[1m8/8[0m [32m━━━━━━━━━━━━━━━━━━━━[0m[37m[0m [1m0s[0m 20ms/step - loss: 9.6921e-05
Epoch 168/200

[1m1/8[0m [32m━━[0m[37m━━━━━━━━━━━━━━━━━━[0m [1m0s[0m 56ms/step - loss: 7.6487e-05
[1m5/8[0m [32m━━━━━━━━━━━━[0m[37m━━━━━━━━[0m [1m0s[0m 16ms/step - loss: 9.5885e-05
[1m8/8[0m [32m━━━━━━━━━━━━━━━━━━━━[0m[37m[0m [1m0s[0m 17ms/step - loss: 1.0154e-04
[1m8/8[0m [32m━━━━━━━━━━━━━━━━━━━━[0m[37m[0m [1m0s[0m 21ms/step - loss: 1.0483e-04
Epoch 169/200

[1m1/8[0m [32m━━[0m[37m━━━━━━━━━━━━━━━━━━[0m [1m0s[0m 47ms/step - loss: 4.5740e-05
[1m5/8[0m [32m━━━━━━━━━━━━[0m[37m━━━━━━━━[0m [1m0s[0m 13ms/step - loss: 1.0006e-04
[1m7/8[0m [32m━━━━━━━━━━━━━━━━━[0m[37m━━━[0m [1m0s[0m 18ms/step - loss: 1.0314e-04
[1m8/8[0m [32m━━━━━━━━━━━━━━━━━━━━[0m[37m[0m [1m0s[0m 27ms/step - loss: 1.0328e-04
Epoch 170/200

[1m1/8[0m [32m━━[0m[37m━━━━━━━━━━━━━━━━━━[0m [1m0s[0m 69ms/step - loss: 2.8041e-05
[1m4/8[0m [32m━━━━━━━━━━[0m[37m━━━━━━━━━━[0m [1m0s[0m 18ms/step - loss: 9.5063e-05
[1m8/8[0m [32m━━━━━━━━━━━━━━━━━━━━[0m[37m[0m [1m0s[0m 17ms/step - loss: 9.4994e-05
[1m8/8[0m [32m━━━━━━━━━━━━━━━━━━━━[0m[37m[0m [1m0s[0m 20ms/step - loss: 9.2174e-05
Epoch 171/200

[1m1/8[0m [32m━━[0m[37m━━━━━━━━━━━━━━━━━━[0m [1m0s[0m 51ms/step - loss: 4.5187e-05
[1m4/8[0m [32m━━━━━━━━━━[0m[37m━━━━━━━━━━[0m [1m0s[0m 20ms/step - loss: 8.6972e-05
[1m6/8[0m [32m━━━━━━━━━━━━━━━[0m[37m━━━━━[0m [1m0s[0m 23ms/step - loss: 9.2628e-05
[1m8/8[0m [32m━━━━━━━━━━━━━━━━━━━━[0m[37m[0m [1m0s[0m 26ms/step - loss: 8.9575e-05
Epoch 172/200

[1m1/8[0m [32m━━[0m[37m━━━━━━━━━━━━━━━━━━[0m [1m0s[0m 46ms/step - loss: 2.0352e-04
[1m4/8[0m [32m━━━━━━━━━━[0m[37m━━━━━━━━━━[0m [1m0s[0m 19ms/step - loss: 1.3734e-04
[1m7/8[0m [32m━━━━━━━━━━━━━━━━━[0m[37m━━━[0m [1m0s[0m 18ms/step - loss: 1.1744e-04
[1m8/8[0m [32m━━━━━━━━━━━━━━━━━━━━[0m[37m[0m [1m0s[0m 23ms/step - loss: 9.4226e-05
Epoch 173/200

[1m1/8[0m [32m━━[0m[37m━━━━━━━━━━━━━━━━━━[0m [1m0s[0m 136ms/step - loss: 3.5227e-05
[1m4/8[0m [32m━━━━━━━━━━[0m[37m━━━━━━━━━━[0m [1m0s[0m 17ms/step - loss: 5.8453e-05 
[1m7/8[0m [32m━━━━━━━━━━━━━━━━━[0m[37m━━━[0m [1m0s[0m 17ms/step - loss: 7.2692e-05
[1m8/8[0m [32m━━━━━━━━━━━━━━━━━━━━[0m[37m[0m [1m0s[0m 22ms/step - loss: 8.3299e-05
Epoch 174/200

[1m1/8[0m [32m━━[0m[37m━━━━━━━━━━━━━━━━━━[0m [1m0s[0m 52ms/step - loss: 1.6435e-04
[1m5/8[0m [32m━━━━━━━━━━━━[0m[37m━━━━━━━━[0m [1m0s[0m 16ms/step - loss: 1.2424e-04
[1m8/8[0m [32m━━━━━━━━━━━━━━━━━━━━[0m[37m[0m [1m0s[0m 16ms/step - loss: 1.1202e-04
[1m8/8[0m [32m━━━━━━━━━━━━━━━━━━━━[0m[37m[0m [1m0s[0m 21ms/step - loss: 8.5353e-05
Epoch 175/200

[1m1/8[0m [32m━━[0m[37m━━━━━━━━━━━━━━━━━━[0m [1m0s[0m 50ms/step - loss: 3.8612e-05
[1m5/8[0m [32m━━━━━━━━━━━━[0m[37m━━━━━━━━[0m [1m0s[0m 16ms/step - loss: 9.3085e-05
[1m8/8[0m [32m━━━━━━━━━━━━━━━━━━━━[0m[37m[0m [1m0s[0m 17ms/step - loss: 9.4019e-05
[1m8/8[0m [32m━━━━━━━━━━━━━━━━━━━━[0m[37m[0m [1m0s[0m 20ms/step - loss: 9.1046e-05
Epoch 176/200

[1m1/8[0m [32m━━[0m[37m━━━━━━━━━━━━━━━━━━[0m [1m0s[0m 46ms/step - loss: 1.2773e-04
[1m5/8[0m [32m━━━━━━━━━━━━[0m[37m━━━━━━━━[0m [1m0s[0m 15ms/step - loss: 8.2299e-05
[1m8/8[0m [32m━━━━━━━━━━━━━━━━━━━━[0m[37m[0m [1m0s[0m 16ms/step - loss: 7.6438e-05
[1m8/8[0m [32m━━━━━━━━━━━━━━━━━━━━[0m[37m[0m [1m0s[0m 20ms/step - loss: 8.3447e-05
Epoch 177/200

[1m1/8[0m [32m━━[0m[37m━━━━━━━━━━━━━━━━━━[0m [1m0s[0m 42ms/step - loss: 5.7585e-05
[1m5/8[0m [32m━━━━━━━━━━━━[0m[37m━━━━━━━━[0m [1m0s[0m 15ms/step - loss: 6.9095e-05
[1m8/8[0m [32m━━━━━━━━━━━━━━━━━━━━[0m[37m[0m [1m0s[0m 17ms/step - loss: 7.8180e-05
[1m8/8[0m [32m━━━━━━━━━━━━━━━━━━━━[0m[37m[0m [1m0s[0m 21ms/step - loss: 8.8442e-05
Epoch 178/200

[1m1/8[0m [32m━━[0m[37m━━━━━━━━━━━━━━━━━━[0m [1m0s[0m 55ms/step - loss: 2.8847e-05
[1m4/8[0m [32m━━━━━━━━━━[0m[37m━━━━━━━━━━[0m [1m0s[0m 25ms/step - loss: 1.0005e-04
[1m6/8[0m [32m━━━━━━━━━━━━━━━[0m[37m━━━━━[0m [1m0s[0m 28ms/step - loss: 9.4973e-05
[1m8/8[0m [32m━━━━━━━━━━━━━━━━━━━━[0m[37m[0m [1m0s[0m 30ms/step - loss: 7.7426e-05
Epoch 179/200

[1m1/8[0m [32m━━[0m[37m━━━━━━━━━━━━━━━━━━[0m [1m0s[0m 54ms/step - loss: 4.4761e-05
[1m4/8[0m [32m━━━━━━━━━━[0m[37m━━━━━━━━━━[0m [1m0s[0m 18ms/step - loss: 4.7413e-05
[1m7/8[0m [32m━━━━━━━━━━━━━━━━━[0m[37m━━━[0m [1m0s[0m 18ms/step - loss: 6.4654e-05
[1m8/8[0m [32m━━━━━━━━━━━━━━━━━━━━[0m[37m[0m [1m0s[0m 22ms/step - loss: 9.0210e-05
Epoch 180/200

[1m1/8[0m [32m━━[0m[37m━━━━━━━━━━━━━━━━━━[0m [1m0s[0m 51ms/step - loss: 3.4098e-05
[1m4/8[0m [32m━━━━━━━━━━[0m[37m━━━━━━━━━━[0m [1m0s[0m 20ms/step - loss: 4.5923e-05
[1m8/8[0m [32m━━━━━━━━━━━━━━━━━━━━[0m[37m[0m [1m0s[0m 17ms/step - loss: 6.7514e-05
[1m8/8[0m [32m━━━━━━━━━━━━━━━━━━━━[0m[37m[0m [1m0s[0m 21ms/step - loss: 9.3473e-05
Epoch 181/200

[1m1/8[0m [32m━━[0m[37m━━━━━━━━━━━━━━━━━━[0m [1m0s[0m 54ms/step - loss: 3.4551e-05
[1m4/8[0m [32m━━━━━━━━━━[0m[37m━━━━━━━━━━[0m [1m0s[0m 19ms/step - loss: 3.8149e-05
[1m8/8[0m [32m━━━━━━━━━━━━━━━━━━━━[0m[37m[0m [1m0s[0m 17ms/step - loss: 6.0842e-05
[1m8/8[0m [32m━━━━━━━━━━━━━━━━━━━━[0m[37m[0m [1m0s[0m 21ms/step - loss: 8.1173e-05
Epoch 182/200

[1m1/8[0m [32m━━[0m[37m━━━━━━━━━━━━━━━━━━[0m [1m0s[0m 58ms/step - loss: 4.5333e-05
[1m4/8[0m [32m━━━━━━━━━━[0m[37m━━━━━━━━━━[0m [1m0s[0m 22ms/step - loss: 8.1088e-05
[1m7/8[0m [32m━━━━━━━━━━━━━━━━━[0m[37m━━━[0m [1m0s[0m 19ms/step - loss: 9.2103e-05
[1m8/8[0m [32m━━━━━━━━━━━━━━━━━━━━[0m[37m[0m [1m0s[0m 23ms/step - loss: 9.5898e-05
Epoch 183/200

[1m1/8[0m [32m━━[0m[37m━━━━━━━━━━━━━━━━━━[0m [1m0s[0m 49ms/step - loss: 5.3391e-05
[1m4/8[0m [32m━━━━━━━━━━[0m[37m━━━━━━━━━━[0m [1m0s[0m 23ms/step - loss: 6.1243e-05
[1m7/8[0m [32m━━━━━━━━━━━━━━━━━[0m[37m━━━[0m [1m0s[0m 22ms/step - loss: 5.6988e-05
[1m8/8[0m [32m━━━━━━━━━━━━━━━━━━━━[0m[37m[0m [1m0s[0m 27ms/step - loss: 7.7206e-05
Epoch 184/200

[1m1/8[0m [32m━━[0m[37m━━━━━━━━━━━━━━━━━━[0m [1m0s[0m 100ms/step - loss: 2.0142e-04
[1m3/8[0m [32m━━━━━━━[0m[37m━━━━━━━━━━━━━[0m [1m0s[0m 37ms/step - loss: 1.8098e-04 
[1m5/8[0m [32m━━━━━━━━━━━━[0m[37m━━━━━━━━[0m [1m0s[0m 34ms/step - loss: 1.5541e-04
[1m7/8[0m [32m━━━━━━━━━━━━━━━━━[0m[37m━━━[0m [1m0s[0m 33ms/step - loss: 1.3894e-04
[1m8/8[0m [32m━━━━━━━━━━━━━━━━━━━━[0m[37m[0m [1m0s[0m 35ms/step - loss: 8.9253e-05
Epoch 185/200

[1m1/8[0m [32m━━[0m[37m━━━━━━━━━━━━━━━━━━[0m [1m0s[0m 64ms/step - loss: 2.2730e-04
[1m3/8[0m [32m━━━━━━━[0m[37m━━━━━━━━━━━━━[0m [1m0s[0m 28ms/step - loss: 1.6969e-04
[1m5/8[0m [32m━━━━━━━━━━━━[0m[37m━━━━━━━━[0m [1m0s[0m 29ms/step - loss: 1.4618e-04
[1m7/8[0m [32m━━━━━━━━━━━━━━━━━[0m[37m━━━[0m [1m0s[0m 28ms/step - loss: 1.3134e-04
[1m8/8[0m [32m━━━━━━━━━━━━━━━━━━━━[0m[37m[0m [1m0s[0m 32ms/step - loss: 9.0569e-05
Epoch 186/200

[1m1/8[0m [32m━━[0m[37m━━━━━━━━━━━━━━━━━━[0m [1m0s[0m 62ms/step - loss: 8.1056e-05
[1m4/8[0m [32m━━━━━━━━━━[0m[37m━━━━━━━━━━[0m [1m0s[0m 18ms/step - loss: 7.1467e-05
[1m7/8[0m [32m━━━━━━━━━━━━━━━━━[0m[37m━━━[0m [1m0s[0m 19ms/step - loss: 8.1448e-05
[1m8/8[0m [32m━━━━━━━━━━━━━━━━━━━━[0m[37m[0m [1m0s[0m 24ms/step - loss: 8.9257e-05
Epoch 187/200

[1m1/8[0m [32m━━[0m[37m━━━━━━━━━━━━━━━━━━[0m [1m0s[0m 58ms/step - loss: 1.0132e-04
[1m4/8[0m [32m━━━━━━━━━━[0m[37m━━━━━━━━━━[0m [1m0s[0m 21ms/step - loss: 7.0479e-05
[1m7/8[0m [32m━━━━━━━━━━━━━━━━━[0m[37m━━━[0m [1m0s[0m 20ms/step - loss: 6.6986e-05
[1m8/8[0m [32m━━━━━━━━━━━━━━━━━━━━[0m[37m[0m [1m0s[0m 22ms/step - loss: 7.1446e-05
Epoch 188/200

[1m1/8[0m [32m━━[0m[37m━━━━━━━━━━━━━━━━━━[0m [1m0s[0m 42ms/step - loss: 3.5068e-05
[1m4/8[0m [32m━━━━━━━━━━[0m[37m━━━━━━━━━━[0m [1m0s[0m 18ms/step - loss: 7.3054e-05
[1m7/8[0m [32m━━━━━━━━━━━━━━━━━[0m[37m━━━[0m [1m0s[0m 20ms/step - loss: 7.7727e-05
[1m8/8[0m [32m━━━━━━━━━━━━━━━━━━━━[0m[37m[0m [1m0s[0m 24ms/step - loss: 7.6104e-05
Epoch 189/200

[1m1/8[0m [32m━━[0m[37m━━━━━━━━━━━━━━━━━━[0m [1m0s[0m 46ms/step - loss: 1.5302e-04
[1m4/8[0m [32m━━━━━━━━━━[0m[37m━━━━━━━━━━[0m [1m0s[0m 23ms/step - loss: 1.0160e-04
[1m7/8[0m [32m━━━━━━━━━━━━━━━━━[0m[37m━━━[0m [1m0s[0m 21ms/step - loss: 8.9598e-05
[1m8/8[0m [32m━━━━━━━━━━━━━━━━━━━━[0m[37m[0m [1m0s[0m 25ms/step - loss: 7.6441e-05
Epoch 190/200

[1m1/8[0m [32m━━[0m[37m━━━━━━━━━━━━━━━━━━[0m [1m0s[0m 47ms/step - loss: 4.7550e-05
[1m4/8[0m [32m━━━━━━━━━━[0m[37m━━━━━━━━━━[0m [1m0s[0m 21ms/step - loss: 4.3692e-05
[1m6/8[0m [32m━━━━━━━━━━━━━━━[0m[37m━━━━━[0m [1m0s[0m 23ms/step - loss: 5.9314e-05
[1m8/8[0m [32m━━━━━━━━━━━━━━━━━━━━[0m[37m[0m [1m0s[0m 28ms/step - loss: 9.2692e-05
Epoch 191/200

[1m1/8[0m [32m━━[0m[37m━━━━━━━━━━━━━━━━━━[0m [1m0s[0m 56ms/step - loss: 1.0493e-04
[1m4/8[0m [32m━━━━━━━━━━[0m[37m━━━━━━━━━━[0m [1m0s[0m 24ms/step - loss: 8.6504e-05
[1m6/8[0m [32m━━━━━━━━━━━━━━━[0m[37m━━━━━[0m [1m0s[0m 26ms/step - loss: 9.2763e-05
[1m8/8[0m [32m━━━━━━━━━━━━━━━━━━━━[0m[37m[0m [1m0s[0m 28ms/step - loss: 9.0749e-05
Epoch 192/200

[1m1/8[0m [32m━━[0m[37m━━━━━━━━━━━━━━━━━━[0m [1m0s[0m 54ms/step - loss: 8.0214e-05
[1m4/8[0m [32m━━━━━━━━━━[0m[37m━━━━━━━━━━[0m [1m0s[0m 21ms/step - loss: 9.5780e-05
[1m7/8[0m [32m━━━━━━━━━━━━━━━━━[0m[37m━━━[0m [1m0s[0m 21ms/step - loss: 9.0757e-05
[1m8/8[0m [32m━━━━━━━━━━━━━━━━━━━━[0m[37m[0m [1m0s[0m 24ms/step - loss: 8.1831e-05
Epoch 193/200

[1m1/8[0m [32m━━[0m[37m━━━━━━━━━━━━━━━━━━[0m [1m0s[0m 126ms/step - loss: 5.4801e-05
[1m4/8[0m [32m━━━━━━━━━━[0m[37m━━━━━━━━━━[0m [1m0s[0m 24ms/step - loss: 5.6835e-05 
[1m6/8[0m [32m━━━━━━━━━━━━━━━[0m[37m━━━━━[0m [1m0s[0m 27ms/step - loss: 6.6712e-05
[1m8/8[0m [32m━━━━━━━━━━━━━━━━━━━━[0m[37m[0m [1m0s[0m 27ms/step - loss: 8.6433e-05
Epoch 194/200

[1m1/8[0m [32m━━[0m[37m━━━━━━━━━━━━━━━━━━[0m [1m0s[0m 52ms/step - loss: 4.0168e-05
[1m4/8[0m [32m━━━━━━━━━━[0m[37m━━━━━━━━━━[0m [1m0s[0m 18ms/step - loss: 6.7857e-05
[1m7/8[0m [32m━━━━━━━━━━━━━━━━━[0m[37m━━━[0m [1m0s[0m 19ms/step - loss: 7.5036e-05
[1m8/8[0m [32m━━━━━━━━━━━━━━━━━━━━[0m[37m[0m [1m0s[0m 22ms/step - loss: 9.3797e-05
Epoch 195/200

[1m1/8[0m [32m━━[0m[37m━━━━━━━━━━━━━━━━━━[0m [1m0s[0m 44ms/step - loss: 1.8091e-04
[1m3/8[0m [32m━━━━━━━[0m[37m━━━━━━━━━━━━━[0m [1m0s[0m 25ms/step - loss: 1.3457e-04
[1m6/8[0m [32m━━━━━━━━━━━━━━━[0m[37m━━━━━[0m [1m0s[0m 25ms/step - loss: 1.1271e-04
[1m8/8[0m [32m━━━━━━━━━━━━━━━━━━━━[0m[37m[0m [1m0s[0m 28ms/step - loss: 7.8548e-05
Epoch 196/200

[1m1/8[0m [32m━━[0m[37m━━━━━━━━━━━━━━━━━━[0m [1m0s[0m 53ms/step - loss: 4.8871e-05
[1m4/8[0m [32m━━━━━━━━━━[0m[37m━━━━━━━━━━[0m [1m0s[0m 22ms/step - loss: 7.0217e-05
[1m7/8[0m [32m━━━━━━━━━━━━━━━━━[0m[37m━━━[0m [1m0s[0m 20ms/step - loss: 7.7972e-05
[1m8/8[0m [32m━━━━━━━━━━━━━━━━━━━━[0m[37m[0m [1m0s[0m 25ms/step - loss: 8.1852e-05
Epoch 197/200

[1m1/8[0m [32m━━[0m[37m━━━━━━━━━━━━━━━━━━[0m [1m0s[0m 52ms/step - loss: 3.7228e-05
[1m4/8[0m [32m━━━━━━━━━━[0m[37m━━━━━━━━━━[0m [1m0s[0m 17ms/step - loss: 3.5727e-05
[1m7/8[0m [32m━━━━━━━━━━━━━━━━━[0m[37m━━━[0m [1m0s[0m 18ms/step - loss: 5.4707e-05
[1m8/8[0m [32m━━━━━━━━━━━━━━━━━━━━[0m[37m[0m [1m0s[0m 23ms/step - loss: 7.6696e-05
Epoch 198/200

[1m1/8[0m [32m━━[0m[37m━━━━━━━━━━━━━━━━━━[0m [1m0s[0m 46ms/step - loss: 3.0216e-05
[1m4/8[0m [32m━━━━━━━━━━[0m[37m━━━━━━━━━━[0m [1m0s[0m 21ms/step - loss: 4.2985e-05
[1m7/8[0m [32m━━━━━━━━━━━━━━━━━[0m[37m━━━[0m [1m0s[0m 21ms/step - loss: 4.9594e-05
[1m8/8[0m [32m━━━━━━━━━━━━━━━━━━━━[0m[37m[0m [1m0s[0m 26ms/step - loss: 8.5466e-05
Epoch 199/200

[1m1/8[0m [32m━━[0m[37m━━━━━━━━━━━━━━━━━━[0m [1m0s[0m 51ms/step - loss: 3.8575e-05
[1m3/8[0m [32m━━━━━━━[0m[37m━━━━━━━━━━━━━[0m [1m0s[0m 29ms/step - loss: 9.9237e-05
[1m4/8[0m [32m━━━━━━━━━━[0m[37m━━━━━━━━━━[0m [1m0s[0m 41ms/step - loss: 1.0002e-04
[1m7/8[0m [32m━━━━━━━━━━━━━━━━━[0m[37m━━━[0m [1m0s[0m 32ms/step - loss: 9.7488e-05
[1m8/8[0m [32m━━━━━━━━━━━━━━━━━━━━[0m[37m[0m [1m0s[0m 34ms/step - loss: 8.3808e-05
Epoch 200/200

[1m1/8[0m [32m━━[0m[37m━━━━━━━━━━━━━━━━━━[0m [1m0s[0m 43ms/step - loss: 4.9191e-05
[1m4/8[0m [32m━━━━━━━━━━[0m[37m━━━━━━━━━━[0m [1m0s[0m 18ms/step - loss: 1.0439e-04
[1m7/8[0m [32m━━━━━━━━━━━━━━━━━[0m[37m━━━[0m [1m0s[0m 19ms/step - loss: 9.9186e-05
[1m8/8[0m [32m━━━━━━━━━━━━━━━━━━━━[0m[37m[0m [1m0s[0m 23ms/step - loss: 8.6824e-05
Using bucket name: missingtimestamp
Bucket missingtimestamp created.
Uploading device10.keras to bucket missingtimestamp...
device10.keras uploaded to bucket missingtimestamp.
Uploading scaler to bucket missingtimestamp...
scaler.save uploaded to bucket missingtimestamp.

Model path is:  2025-12-08-00-10-00-2025-12-08-00-19-59-model
Triggering forecasting with retrained model
Forecasting.py script logs
Database connection established
Value of --retrain flag: True

Forecasting for retrained model using device10/2025-12-08-00-10-00-2025-12-08-00-19-59-model/device10.keras and device10/2025-12-08-00-10-00-2025-12-08-00-19-59-model/scaler.save
Successfully downloaded model and scaler from S3

Actual values fetched from database
    sensor_id  sensor_energy_value    sensor_timestamp  message_delay
0          10               1203.9 2025-12-08 00:19:00        59111.0
1          10               1207.4 2025-12-08 00:19:01        58107.0
2          10               1208.9 2025-12-08 00:19:02        57106.0
3          10               1205.9 2025-12-08 00:19:03        56105.0
4          10               1207.9 2025-12-08 00:19:04        55103.0
5          10               1206.4 2025-12-08 00:19:05        54100.0
6          10               1207.3 2025-12-08 00:19:06        53083.0
7          10               1205.6 2025-12-08 00:19:07        52082.0
8          10               1209.4 2025-12-08 00:19:08        51081.0
9          10               1209.9 2025-12-08 00:19:09        50080.0
10         10               1212.1 2025-12-08 00:19:10        49080.0
11         10               1230.2 2025-12-08 00:19:11        48078.0
12         10               1280.9 2025-12-08 00:19:12        47072.0
13         10               1279.9 2025-12-08 00:19:13        46070.0
14         10               1283.5 2025-12-08 00:19:14        45069.0
15         10               1286.4 2025-12-08 00:19:15        44067.0
16         10               1280.8 2025-12-08 00:19:16        43066.0
17         10               1284.6 2025-12-08 00:19:17        42065.0
18         10               1284.0 2025-12-08 00:19:18        41064.0
19         10               1289.2 2025-12-08 00:19:19        40063.0
20         10               1289.5 2025-12-08 00:19:20        39061.0
21         10               1289.3 2025-12-08 00:19:21        38060.0
22         10               1282.7 2025-12-08 00:19:22        37059.0
23         10               1309.4 2025-12-08 00:19:23        36057.0
24         10               1289.1 2025-12-08 00:19:24        35056.0
25         10               1290.4 2025-12-08 00:19:25        34055.0
26         10               1288.3 2025-12-08 00:19:26        33054.0
27         10               1287.9 2025-12-08 00:19:27        32053.0
28         10               1287.5 2025-12-08 00:19:28        31052.0
29         10               1291.2 2025-12-08 00:19:29        30051.0
30         10               1292.8 2025-12-08 00:19:30        29050.0
31         10               1297.3 2025-12-08 00:19:31        28049.0
32         10               1286.3 2025-12-08 00:19:32        27049.0
33         10               1284.5 2025-12-08 00:19:33        26048.0
34         10               1283.3 2025-12-08 00:19:34        25047.0
35         10               1284.3 2025-12-08 00:19:35        24046.0
36         10               1288.3 2025-12-08 00:19:36        23045.0
37         10               1282.5 2025-12-08 00:19:37        22044.0
38         10               1288.2 2025-12-08 00:19:38        21042.0
39         10               1287.2 2025-12-08 00:19:39        20039.0
40         10               1290.4 2025-12-08 00:19:40        19038.0
41         10               1288.0 2025-12-08 00:19:41        18037.0
42         10               1298.6 2025-12-08 00:19:42        17036.0
43         10               1289.9 2025-12-08 00:19:43        16035.0
44         10               1291.8 2025-12-08 00:19:44        15034.0
45         10               1290.1 2025-12-08 00:19:45        14033.0
46         10               1287.0 2025-12-08 00:19:46        13032.0
47         10               1290.2 2025-12-08 00:19:47        12030.0
48         10               1288.1 2025-12-08 00:19:48        11029.0
49         10               1288.4 2025-12-08 00:19:49        10028.0
50         10               1290.9 2025-12-08 00:19:50         9025.0
51         10               1297.5 2025-12-08 00:19:51         8024.0
52         10               1290.6 2025-12-08 00:19:52         7023.0
53         10               1291.6 2025-12-08 00:19:53         6022.0
54         10               1290.5 2025-12-08 00:19:54         5020.0
55         10               1287.3 2025-12-08 00:19:55         4017.0
56         10               1289.5 2025-12-08 00:19:56         3015.0
57         10               1294.0 2025-12-08 00:19:57         2014.0
58         10               1287.7 2025-12-08 00:19:58         1013.0
59         10               1290.3 2025-12-08 00:19:59           10.0
Forecasted values:
    sensor_id  sensor_energy_value_prediction    sensor_timestamp
0          10                     1242.639526 2025-12-08 00:20:00
1          10                     1227.197754 2025-12-08 00:20:01
2          10                     1211.331055 2025-12-08 00:20:02
3          10                     1195.843750 2025-12-08 00:20:03
4          10                     1180.962036 2025-12-08 00:20:04
5          10                     1166.749756 2025-12-08 00:20:05
6          10                     1153.182495 2025-12-08 00:20:06
7          10                     1140.197388 2025-12-08 00:20:07
8          10                     1127.720581 2025-12-08 00:20:08
9          10                     1115.681152 2025-12-08 00:20:09
10         10                     1104.017822 2025-12-08 00:20:10
11         10                     1092.679932 2025-12-08 00:20:11
12         10                     1081.628052 2025-12-08 00:20:12
13         10                     1070.832275 2025-12-08 00:20:13
14         10                     1060.270630 2025-12-08 00:20:14
15         10                     1049.927856 2025-12-08 00:20:15
16         10                     1039.792847 2025-12-08 00:20:16
17         10                     1029.858521 2025-12-08 00:20:17
18         10                     1020.120239 2025-12-08 00:20:18
19         10                     1010.574951 2025-12-08 00:20:19
20         10                     1001.221008 2025-12-08 00:20:20
21         10                      992.057434 2025-12-08 00:20:21
22         10                      983.083191 2025-12-08 00:20:22
23         10                      974.298279 2025-12-08 00:20:23
24         10                      965.702087 2025-12-08 00:20:24
25         10                      957.294189 2025-12-08 00:20:25
26         10                      949.074097 2025-12-08 00:20:26
27         10                      941.041199 2025-12-08 00:20:27
28         10                      933.194824 2025-12-08 00:20:28
29         10                      925.534302 2025-12-08 00:20:29
30         10                      918.058533 2025-12-08 00:20:30
31         10                      910.766724 2025-12-08 00:20:31
32         10                      903.657654 2025-12-08 00:20:32
33         10                      896.730469 2025-12-08 00:20:33
34         10                      889.983826 2025-12-08 00:20:34
35         10                      883.416504 2025-12-08 00:20:35
36         10                      877.027649 2025-12-08 00:20:36
37         10                      870.815613 2025-12-08 00:20:37
38         10                      864.779480 2025-12-08 00:20:38
39         10                      858.917786 2025-12-08 00:20:39
40         10                      853.229309 2025-12-08 00:20:40
41         10                      847.712769 2025-12-08 00:20:41
42         10                      842.366699 2025-12-08 00:20:42
43         10                      837.189880 2025-12-08 00:20:43
44         10                      832.180786 2025-12-08 00:20:44
45         10                      827.338013 2025-12-08 00:20:45
46         10                      822.659973 2025-12-08 00:20:46
47         10                      818.145203 2025-12-08 00:20:47
48         10                      813.792114 2025-12-08 00:20:48
49         10                      809.598999 2025-12-08 00:20:49
50         10                      805.564026 2025-12-08 00:20:50
51         10                      801.685486 2025-12-08 00:20:51
52         10                      797.961548 2025-12-08 00:20:52
53         10                      794.390076 2025-12-08 00:20:53
54         10                      790.969116 2025-12-08 00:20:54
55         10                      787.696472 2025-12-08 00:20:55
56         10                      784.569946 2025-12-08 00:20:56
57         10                      781.587219 2025-12-08 00:20:57
58         10                      778.745728 2025-12-08 00:20:58
59         10                      776.043091 2025-12-08 00:20:59
Forecasted values inserted into database
Exiting forecasting script


Actual data inserted to database
Triggering forecasting with retrained model
Forecasting.py script logs
Database connection established
Value of --retrain flag: True

Forecasting for retrained model using device10/2025-12-08-00-10-00-2025-12-08-00-19-59-model/device10.keras and device10/2025-12-08-00-10-00-2025-12-08-00-19-59-model/scaler.save
Successfully downloaded model and scaler from S3

Actual values fetched from database
    sensor_id  sensor_energy_value    sensor_timestamp  message_delay
0          10               1291.4 2025-12-08 00:20:00        67003.0
1          10               1289.0 2025-12-08 00:20:01        65999.0
2          10               1292.0 2025-12-08 00:20:02        64999.0
3          10               1292.5 2025-12-08 00:20:03        63998.0
4          10               1293.0 2025-12-08 00:20:04        62997.0
5          10               1289.9 2025-12-08 00:20:05        61996.0
6          10               1289.5 2025-12-08 00:20:06        60995.0
7          10               1291.8 2025-12-08 00:20:07        59993.0
8          10               1292.3 2025-12-08 00:20:08        58991.0
9          10               1294.0 2025-12-08 00:20:09        57989.0
10         10               1285.8 2025-12-08 00:20:10        56988.0
11         10               1291.5 2025-12-08 00:20:11        55986.0
12         10               1291.2 2025-12-08 00:20:12        54984.0
13         10               1304.7 2025-12-08 00:20:13        53983.0
14         10               1327.9 2025-12-08 00:20:14        52970.0
15         10               1388.7 2025-12-08 00:20:15        51968.0
16         10               1377.5 2025-12-08 00:20:16        50966.0
17         10               1394.6 2025-12-08 00:20:17        49956.0
18         10               1388.1 2025-12-08 00:20:18        48955.0
19         10               1393.0 2025-12-08 00:20:19        47953.0
20         10               1396.4 2025-12-08 00:20:20        46949.0
21         10               1393.0 2025-12-08 00:20:21        45947.0
22         10               1387.7 2025-12-08 00:20:22        44947.0
23         10               1390.3 2025-12-08 00:20:23        43945.0
24         10               1391.6 2025-12-08 00:20:24        42944.0
25         10               1389.1 2025-12-08 00:20:25        41943.0
26         10               1388.6 2025-12-08 00:20:26        40941.0
27         10               1388.7 2025-12-08 00:20:27        39940.0
28         10               1387.8 2025-12-08 00:20:28        38938.0
29         10               1391.6 2025-12-08 00:20:29        37937.0
30         10               1394.6 2025-12-08 00:20:30        36934.0
31         10               1391.5 2025-12-08 00:20:31        35932.0
32         10               1392.6 2025-12-08 00:20:32        34932.0
33         10               1393.1 2025-12-08 00:20:33        33931.0
34         10               1394.7 2025-12-08 00:20:34        32930.0
35         10               1398.4 2025-12-08 00:20:35        31928.0
36         10               1391.7 2025-12-08 00:20:36        30927.0
37         10               1393.7 2025-12-08 00:20:37        29926.0
38         10               1397.1 2025-12-08 00:20:38        28924.0
39         10               1394.8 2025-12-08 00:20:39        27923.0
40         10               1393.6 2025-12-08 00:20:40        26917.0
41         10               1396.7 2025-12-08 00:20:41        25914.0
42         10               1395.7 2025-12-08 00:20:42        24912.0
43         10               1396.6 2025-12-08 00:20:43        23911.0
44         10               1398.3 2025-12-08 00:20:44        22909.0
45         10               1402.4 2025-12-08 00:20:45        21909.0
46         10               1397.2 2025-12-08 00:20:46        20906.0
47         10               1395.7 2025-12-08 00:20:47        19905.0
48         10               1395.7 2025-12-08 00:20:48        18904.0
49         10               1396.7 2025-12-08 00:20:49        17901.0
50         10               1399.1 2025-12-08 00:20:50        16899.0
51         10               1397.6 2025-12-08 00:20:51        15898.0
52         10               1395.4 2025-12-08 00:20:52        14897.0
53         10               1395.3 2025-12-08 00:20:53        13896.0
54         10               1396.5 2025-12-08 00:20:54        12893.0
55         10               1408.0 2025-12-08 00:20:55        11891.0
56         10               1397.7 2025-12-08 00:20:56        10889.0
57         10               1399.1 2025-12-08 00:20:57         9888.0
58         10               1399.9 2025-12-08 00:20:58         8887.0
59         10               1400.7 2025-12-08 00:20:59         7886.0
Forecasted values:
    sensor_id  sensor_energy_value_prediction    sensor_timestamp
0          10                     1340.486694 2025-12-08 00:21:00
1          10                     1321.513062 2025-12-08 00:21:01
2          10                     1302.121094 2025-12-08 00:21:02
3          10                     1283.343994 2025-12-08 00:21:03
4          10                     1265.434937 2025-12-08 00:21:04
5          10                     1248.450806 2025-12-08 00:21:05
6          10                     1232.340088 2025-12-08 00:21:06
7          10                     1217.008179 2025-12-08 00:21:07
8          10                     1202.350098 2025-12-08 00:21:08
9          10                     1188.267578 2025-12-08 00:21:09
10         10                     1174.676147 2025-12-08 00:21:10
11         10                     1161.506958 2025-12-08 00:21:11
12         10                     1148.705688 2025-12-08 00:21:12
13         10                     1136.231079 2025-12-08 00:21:13
14         10                     1124.052124 2025-12-08 00:21:14
15         10                     1112.146362 2025-12-08 00:21:15
16         10                     1100.497437 2025-12-08 00:21:16
17         10                     1089.093384 2025-12-08 00:21:17
18         10                     1077.925781 2025-12-08 00:21:18
19         10                     1066.988770 2025-12-08 00:21:19
20         10                     1056.277466 2025-12-08 00:21:20
21         10                     1045.788940 2025-12-08 00:21:21
22         10                     1035.520264 2025-12-08 00:21:22
23         10                     1025.468872 2025-12-08 00:21:23
24         10                     1015.632935 2025-12-08 00:21:24
25         10                     1006.010071 2025-12-08 00:21:25
26         10                      996.598633 2025-12-08 00:21:26
27         10                      987.396301 2025-12-08 00:21:27
28         10                      978.401184 2025-12-08 00:21:28
29         10                      969.611267 2025-12-08 00:21:29
30         10                      961.024353 2025-12-08 00:21:30
31         10                      952.638489 2025-12-08 00:21:31
32         10                      944.451599 2025-12-08 00:21:32
33         10                      936.461609 2025-12-08 00:21:33
34         10                      928.666626 2025-12-08 00:21:34
35         10                      921.064697 2025-12-08 00:21:35
36         10                      913.653809 2025-12-08 00:21:36
37         10                      906.432190 2025-12-08 00:21:37
38         10                      899.398071 2025-12-08 00:21:38
39         10                      892.549561 2025-12-08 00:21:39
40         10                      885.885010 2025-12-08 00:21:40
41         10                      879.402954 2025-12-08 00:21:41
42         10                      873.101318 2025-12-08 00:21:42
43         10                      866.978943 2025-12-08 00:21:43
44         10                      861.034058 2025-12-08 00:21:44
45         10                      855.265015 2025-12-08 00:21:45
46         10                      849.670532 2025-12-08 00:21:46
47         10                      844.248779 2025-12-08 00:21:47
48         10                      838.998474 2025-12-08 00:21:48
49         10                      833.917908 2025-12-08 00:21:49
50         10                      829.005493 2025-12-08 00:21:50
51         10                      824.259644 2025-12-08 00:21:51
52         10                      819.678772 2025-12-08 00:21:52
53         10                      815.261108 2025-12-08 00:21:53
54         10                      811.005066 2025-12-08 00:21:54
55         10                      806.908691 2025-12-08 00:21:55
56         10                      802.970215 2025-12-08 00:21:56
57         10                      799.187683 2025-12-08 00:21:57
58         10                      795.559143 2025-12-08 00:21:58
59         10                      792.082336 2025-12-08 00:21:59
Forecasted values inserted into database
Exiting forecasting script

No new messages received yet.Trying again...
No new messages received yet.Trying again...
No new messages received yet.Trying again...
No new messages received yet.Trying again...
No new messages received yet.Trying again...
No new messages received yet.Trying again...
No new messages received yet.Trying again...
No new messages received yet.Trying again...
No new messages received yet.Trying again...
No new messages received yet.Trying again...
No new messages received yet.Trying again...
No new messages received yet.Trying again...
No new messages received yet.Trying again...
No new messages received yet.Trying again...
No new messages received yet.Trying again...
No new messages received yet.Trying again...
No new messages received yet.Trying again...
No new messages received yet.Trying again...
No new messages received yet.Trying again...
No new messages received yet.Trying again...
No new messages received yet.Trying again...
No new messages received yet.Trying again...
No new messages received yet.Trying again...
No new messages received yet.Trying again...
No new messages received yet.Trying again...
No new messages received yet.Trying again...

Actual data inserted to database
Triggering forecasting with retrained model
Forecasting.py script logs
Database connection established
Value of --retrain flag: True

Forecasting for retrained model using device10/2025-12-08-00-10-00-2025-12-08-00-19-59-model/device10.keras and device10/2025-12-08-00-10-00-2025-12-08-00-19-59-model/scaler.save
Successfully downloaded model and scaler from S3

Actual values fetched from database
    sensor_id  sensor_energy_value    sensor_timestamp  message_delay
0          10               1401.5 2025-12-08 00:21:00        60047.0
1          10               1399.8 2025-12-08 00:21:01        59044.0
2          10               1402.2 2025-12-08 00:21:02        58043.0
3          10               1396.8 2025-12-08 00:21:03        57042.0
4          10               1400.0 2025-12-08 00:21:04        56041.0
5          10               1400.7 2025-12-08 00:21:05        55039.0
6          10               1399.3 2025-12-08 00:21:06        54037.0
7          10               1395.7 2025-12-08 00:21:07        53036.0
8          10               1414.4 2025-12-08 00:21:08        52031.0
9          10               1397.3 2025-12-08 00:21:09        51029.0
10         10               1399.5 2025-12-08 00:21:10        50027.0
11         10               1402.8 2025-12-08 00:21:11        49024.0
12         10               1398.6 2025-12-08 00:21:12        48023.0
13         10               1397.7 2025-12-08 00:21:13        47020.0
14         10               1399.6 2025-12-08 00:21:14        46019.0
15         10               1405.6 2025-12-08 00:21:15        45016.0
16         10               1398.9 2025-12-08 00:21:16        44015.0
17         10               1406.9 2025-12-08 00:21:17        43014.0
18         10               1400.0 2025-12-08 00:21:18        42010.0
19         10               1402.8 2025-12-08 00:21:19        41002.0
20         10               1406.1 2025-12-08 00:21:20        39999.0
21         10               1395.0 2025-12-08 00:21:21        38994.0
22         10               1396.6 2025-12-08 00:21:22        37992.0
23         10               1396.8 2025-12-08 00:21:23        36991.0
24         10               1400.1 2025-12-08 00:21:24        35990.0
25         10               1395.0 2025-12-08 00:21:25        34961.0
26         10               1399.5 2025-12-08 00:21:26        33959.0
27         10               1400.2 2025-12-08 00:21:27        32958.0
28         10               1400.3 2025-12-08 00:21:28        31956.0
29         10               1399.0 2025-12-08 00:21:29        30953.0
30         10               1394.8 2025-12-08 00:21:30        29950.0
31         10               1396.1 2025-12-08 00:21:31        28947.0
32         10               1400.7 2025-12-08 00:21:32        27945.0
33         10               1395.7 2025-12-08 00:21:33        26944.0
34         10               1400.3 2025-12-08 00:21:34        25943.0
35         10               1397.5 2025-12-08 00:21:35        24941.0
36         10               1395.1 2025-12-08 00:21:36        23937.0
37         10               1398.4 2025-12-08 00:21:37        22925.0
38         10               1397.1 2025-12-08 00:21:38        21924.0
39         10               1398.6 2025-12-08 00:21:39        20921.0
40         10               1400.5 2025-12-08 00:21:40        19919.0
41         10               1401.3 2025-12-08 00:21:41        18918.0
42         10               1402.4 2025-12-08 00:21:42        17917.0
43         10               1402.3 2025-12-08 00:21:43        16914.0
44         10               1413.3 2025-12-08 00:21:44        15912.0
45         10               1403.2 2025-12-08 00:21:45        14909.0
46         10               1401.5 2025-12-08 00:21:46        13902.0
47         10               1403.7 2025-12-08 00:21:47        12891.0
48         10               1405.8 2025-12-08 00:21:48        11886.0
49         10               1403.6 2025-12-08 00:21:49        10885.0
50         10               1404.5 2025-12-08 00:21:50         9754.0
51         10               1404.7 2025-12-08 00:21:51         8753.0
52         10               1402.1 2025-12-08 00:21:52         7552.0
53         10               1402.5 2025-12-08 00:21:53         6550.0
54         10               1400.6 2025-12-08 00:21:54         5549.0
55         10               1399.9 2025-12-08 00:21:55         4546.0
56         10               1399.3 2025-12-08 00:21:56         3529.0
57         10               1397.1 2025-12-08 00:21:57         2528.0
58         10               1401.2 2025-12-08 00:21:58         1243.0
59         10               1401.4 2025-12-08 00:21:59           35.0
Forecasted values:
    sensor_id  sensor_energy_value_prediction    sensor_timestamp
0          10                     1351.018433 2025-12-08 00:22:00
1          10                     1335.040405 2025-12-08 00:22:01
2          10                     1318.599854 2025-12-08 00:22:02
3          10                     1302.555420 2025-12-08 00:22:03
4          10                     1287.145630 2025-12-08 00:22:04
5          10                     1272.438721 2025-12-08 00:22:05
6          10                     1258.409302 2025-12-08 00:22:06
7          10                     1244.991455 2025-12-08 00:22:07
8          10                     1232.107910 2025-12-08 00:22:08
9          10                     1219.684448 2025-12-08 00:22:09
10         10                     1207.655884 2025-12-08 00:22:10
11         10                     1195.969360 2025-12-08 00:22:11
12         10                     1184.583252 2025-12-08 00:22:12
13         10                     1173.465454 2025-12-08 00:22:13
14         10                     1162.593018 2025-12-08 00:22:14
15         10                     1151.948975 2025-12-08 00:22:15
16         10                     1141.521851 2025-12-08 00:22:16
17         10                     1131.303223 2025-12-08 00:22:17
18         10                     1121.288086 2025-12-08 00:22:18
19         10                     1111.472778 2025-12-08 00:22:19
20         10                     1101.855103 2025-12-08 00:22:20
21         10                     1092.433472 2025-12-08 00:22:21
22         10                     1083.206909 2025-12-08 00:22:22
23         10                     1074.174683 2025-12-08 00:22:23
24         10                     1065.335938 2025-12-08 00:22:24
25         10                     1056.690063 2025-12-08 00:22:25
26         10                     1048.236084 2025-12-08 00:22:26
27         10                     1039.973389 2025-12-08 00:22:27
28         10                     1031.901123 2025-12-08 00:22:28
29         10                     1024.017944 2025-12-08 00:22:29
30         10                     1016.322815 2025-12-08 00:22:30
31         10                     1008.814819 2025-12-08 00:22:31
32         10                     1001.492432 2025-12-08 00:22:32
33         10                      994.354614 2025-12-08 00:22:33
34         10                      987.400085 2025-12-08 00:22:34
35         10                      980.627441 2025-12-08 00:22:35
36         10                      974.035583 2025-12-08 00:22:36
37         10                      967.622864 2025-12-08 00:22:37
38         10                      961.388184 2025-12-08 00:22:38
39         10                      955.330078 2025-12-08 00:22:39
40         10                      949.447388 2025-12-08 00:22:40
41         10                      943.738525 2025-12-08 00:22:41
42         10                      938.202271 2025-12-08 00:22:42
43         10                      932.837158 2025-12-08 00:22:43
44         10                      927.641785 2025-12-08 00:22:44
45         10                      922.614685 2025-12-08 00:22:45
46         10                      917.754333 2025-12-08 00:22:46
47         10                      913.059326 2025-12-08 00:22:47
48         10                      908.527893 2025-12-08 00:22:48
49         10                      904.158508 2025-12-08 00:22:49
50         10                      899.949585 2025-12-08 00:22:50
51         10                      895.899231 2025-12-08 00:22:51
52         10                      892.005615 2025-12-08 00:22:52
53         10                      888.266968 2025-12-08 00:22:53
54         10                      884.681091 2025-12-08 00:22:54
55         10                      881.246094 2025-12-08 00:22:55
56         10                      877.959839 2025-12-08 00:22:56
57         10                      874.820007 2025-12-08 00:22:57
58         10                      871.824280 2025-12-08 00:22:58
59         10                      868.970154 2025-12-08 00:22:59
Forecasted values inserted into database
Exiting forecasting script

No new messages received yet.Trying again...
No new messages received yet.Trying again...
No new messages received yet.Trying again...
No new messages received yet.Trying again...
No new messages received yet.Trying again...
No new messages received yet.Trying again...
No new messages received yet.Trying again...
No new messages received yet.Trying again...
No new messages received yet.Trying again...
No new messages received yet.Trying again...
No new messages received yet.Trying again...
No new messages received yet.Trying again...
No new messages received yet.Trying again...
No new messages received yet.Trying again...
No new messages received yet.Trying again...
No new messages received yet.Trying again...
No new messages received yet.Trying again...

Actual data inserted to database
Triggering forecasting with retrained model
Forecasting.py script logs
Database connection established
Value of --retrain flag: True

Forecasting for retrained model using device10/2025-12-08-00-10-00-2025-12-08-00-19-59-model/device10.keras and device10/2025-12-08-00-10-00-2025-12-08-00-19-59-model/scaler.save
Successfully downloaded model and scaler from S3

Actual values fetched from database
    sensor_id  sensor_energy_value    sensor_timestamp  message_delay
0          10               1408.6 2025-12-08 00:22:00        59154.0
1          10               1405.2 2025-12-08 00:22:01        58152.0
2          10               1404.8 2025-12-08 00:22:02        57148.0
3          10               1403.4 2025-12-08 00:22:03        56146.0
4          10               1402.9 2025-12-08 00:22:04        55144.0
5          10               1405.1 2025-12-08 00:22:05        54141.0
6          10               1402.4 2025-12-08 00:22:06        53138.0
7          10               1404.7 2025-12-08 00:22:07        52136.0
8          10               1403.1 2025-12-08 00:22:08        51135.0
9          10               1399.8 2025-12-08 00:22:09        50132.0
10         10               1399.9 2025-12-08 00:22:10        49132.0
11         10               1401.8 2025-12-08 00:22:11        48125.0
12         10               1401.4 2025-12-08 00:22:12        47122.0
13         10               1405.6 2025-12-08 00:22:13        46118.0
14         10               1402.7 2025-12-08 00:22:14        45117.0
15         10               1397.0 2025-12-08 00:22:15        44114.0
16         10               1400.3 2025-12-08 00:22:16        43111.0
17         10               1404.1 2025-12-08 00:22:17        42099.0
18         10               1403.7 2025-12-08 00:22:18        41092.0
19         10               1408.4 2025-12-08 00:22:19        40089.0
20         10               1409.2 2025-12-08 00:22:20        39087.0
21         10               1400.9 2025-12-08 00:22:21        38086.0
22         10               1402.2 2025-12-08 00:22:22        37085.0
23         10               1402.4 2025-12-08 00:22:23        36084.0
24         10               1402.1 2025-12-08 00:22:24        35083.0
25         10               1402.2 2025-12-08 00:22:25        34082.0
26         10               1401.1 2025-12-08 00:22:26        33080.0
27         10               1401.6 2025-12-08 00:22:27        32075.0
28         10               1402.1 2025-12-08 00:22:28        31073.0
29         10               1401.9 2025-12-08 00:22:29        30070.0
30         10               1403.9 2025-12-08 00:22:30        29068.0
31         10               1398.7 2025-12-08 00:22:31        28067.0
32         10               1404.9 2025-12-08 00:22:32        27063.0
33         10               1401.8 2025-12-08 00:22:33        26062.0
34         10               1406.2 2025-12-08 00:22:34        25060.0
35         10               1407.3 2025-12-08 00:22:35        24058.0
36         10               1405.9 2025-12-08 00:22:36        23057.0
37         10               1408.0 2025-12-08 00:22:37        22056.0
38         10               1409.8 2025-12-08 00:22:38        21055.0
39         10               1404.9 2025-12-08 00:22:39        20053.0
40         10               1405.3 2025-12-08 00:22:40        19052.0
41         10               1407.3 2025-12-08 00:22:41        18050.0
42         10               1400.5 2025-12-08 00:22:42        17048.0
43         10               1403.1 2025-12-08 00:22:43        16046.0
44         10               1402.7 2025-12-08 00:22:44        15045.0
45         10               1414.3 2025-12-08 00:22:45        14043.0
46         10               1412.9 2025-12-08 00:22:46        13042.0
47         10               1408.1 2025-12-08 00:22:47        12041.0
48         10               1404.8 2025-12-08 00:22:48        11040.0
49         10               1419.5 2025-12-08 00:22:49        10037.0
50         10               1406.4 2025-12-08 00:22:50         9036.0
51         10               1406.4 2025-12-08 00:22:51         8035.0
52         10               1407.0 2025-12-08 00:22:52         7033.0
53         10               1407.8 2025-12-08 00:22:53         6032.0
54         10               1405.2 2025-12-08 00:22:54         5031.0
55         10               1408.9 2025-12-08 00:22:55         4030.0
56         10               1406.2 2025-12-08 00:22:56         3028.0
57         10               1408.5 2025-12-08 00:22:57         2011.0
58         10               1407.1 2025-12-08 00:22:58         1010.0
59         10               1420.8 2025-12-08 00:22:59            9.0
Forecasted values:
    sensor_id  sensor_energy_value_prediction    sensor_timestamp
0          10                     1351.297485 2025-12-08 00:23:00
1          10                     1332.172363 2025-12-08 00:23:01
2          10                     1312.409790 2025-12-08 00:23:02
3          10                     1293.222656 2025-12-08 00:23:03
4          10                     1274.906494 2025-12-08 00:23:04
5          10                     1257.539673 2025-12-08 00:23:05
6          10                     1241.079102 2025-12-08 00:23:06
7          10                     1225.430786 2025-12-08 00:23:07
8          10                     1210.487183 2025-12-08 00:23:08
9          10                     1196.146118 2025-12-08 00:23:09
10         10                     1182.318726 2025-12-08 00:23:10
11         10                     1168.932129 2025-12-08 00:23:11
12         10                     1155.928955 2025-12-08 00:23:12
13         10                     1143.264893 2025-12-08 00:23:13
14         10                     1130.906860 2025-12-08 00:23:14
15         10                     1118.830322 2025-12-08 00:23:15
16         10                     1107.017700 2025-12-08 00:23:16
17         10                     1095.455933 2025-12-08 00:23:17
18         10                     1084.135864 2025-12-08 00:23:18
19         10                     1073.051025 2025-12-08 00:23:19
20         10                     1062.196289 2025-12-08 00:23:20
21         10                     1051.567749 2025-12-08 00:23:21
22         10                     1041.162354 2025-12-08 00:23:22
23         10                     1030.977783 2025-12-08 00:23:23
24         10                     1021.011475 2025-12-08 00:23:24
25         10                     1011.261108 2025-12-08 00:23:25
26         10                     1001.724670 2025-12-08 00:23:26
27         10                      992.399719 2025-12-08 00:23:27
28         10                      983.284424 2025-12-08 00:23:28
29         10                      974.376282 2025-12-08 00:23:29
30         10                      965.673401 2025-12-08 00:23:30
31         10                      957.173401 2025-12-08 00:23:31
32         10                      948.874207 2025-12-08 00:23:32
33         10                      940.773621 2025-12-08 00:23:33
34         10                      932.869629 2025-12-08 00:23:34
35         10                      925.160156 2025-12-08 00:23:35
36         10                      917.643250 2025-12-08 00:23:36
37         10                      910.316956 2025-12-08 00:23:37
38         10                      903.179443 2025-12-08 00:23:38
39         10                      896.228699 2025-12-08 00:23:39
40         10                      889.463196 2025-12-08 00:23:40
41         10                      882.881104 2025-12-08 00:23:41
42         10                      876.480774 2025-12-08 00:23:42
43         10                      870.260498 2025-12-08 00:23:43
44         10                      864.218811 2025-12-08 00:23:44
45         10                      858.354065 2025-12-08 00:23:45
46         10                      852.664673 2025-12-08 00:23:46
47         10                      847.149048 2025-12-08 00:23:47
48         10                      841.805664 2025-12-08 00:23:48
49         10                      836.633057 2025-12-08 00:23:49
50         10                      831.629578 2025-12-08 00:23:50
51         10                      826.793701 2025-12-08 00:23:51
52         10                      822.123535 2025-12-08 00:23:52
53         10                      817.617737 2025-12-08 00:23:53
54         10                      813.274414 2025-12-08 00:23:54
55         10                      809.091858 2025-12-08 00:23:55
56         10                      805.068237 2025-12-08 00:23:56
57         10                      801.201660 2025-12-08 00:23:57
58         10                      797.490234 2025-12-08 00:23:58
59         10                      793.931763 2025-12-08 00:23:59
Forecasted values inserted into database
Exiting forecasting script

No new messages received yet.Trying again...
No new messages received yet.Trying again...
No new messages received yet.Trying again...
No new messages received yet.Trying again...
No new messages received yet.Trying again...
No new messages received yet.Trying again...
No new messages received yet.Trying again...
No new messages received yet.Trying again...
No new messages received yet.Trying again...
No new messages received yet.Trying again...
No new messages received yet.Trying again...
No new messages received yet.Trying again...
No new messages received yet.Trying again...
No new messages received yet.Trying again...
No new messages received yet.Trying again...
No new messages received yet.Trying again...
No new messages received yet.Trying again...
No new messages received yet.Trying again...
No new messages received yet.Trying again...
No new messages received yet.Trying again...
No new messages received yet.Trying again...
No new messages received yet.Trying again...
No new messages received yet.Trying again...
No new messages received yet.Trying again...
No new messages received yet.Trying again...
No new messages received yet.Trying again...
No new messages received yet.Trying again...
No new messages received yet.Trying again...
No new messages received yet.Trying again...

Actual data inserted to database
Triggering forecasting with retrained model
Forecasting.py script logs
Database connection established
Value of --retrain flag: True

Forecasting for retrained model using device10/2025-12-08-00-10-00-2025-12-08-00-19-59-model/device10.keras and device10/2025-12-08-00-10-00-2025-12-08-00-19-59-model/scaler.save
Successfully downloaded model and scaler from S3

Actual values fetched from database
    sensor_id  sensor_energy_value    sensor_timestamp  message_delay
0          10               1408.0 2025-12-08 00:23:00        59095.0
1          10               1410.8 2025-12-08 00:23:01        58093.0
2          10               1415.1 2025-12-08 00:23:02        57091.0
3          10               1412.9 2025-12-08 00:23:03        56090.0
4          10               1414.8 2025-12-08 00:23:04        55089.0
5          10               1410.9 2025-12-08 00:23:05        54088.0
6          10               1410.2 2025-12-08 00:23:06        53087.0
7          10               1411.5 2025-12-08 00:23:07        52085.0
8          10               1408.1 2025-12-08 00:23:08        51084.0
9          10               1409.8 2025-12-08 00:23:09        50083.0
10         10               1412.0 2025-12-08 00:23:10        49082.0
11         10               1410.9 2025-12-08 00:23:11        48080.0
12         10               1431.3 2025-12-08 00:23:12        47080.0
13         10               1408.3 2025-12-08 00:23:13        46078.0
14         10               1410.6 2025-12-08 00:23:14        45077.0
15         10               1412.3 2025-12-08 00:23:15        44076.0
16         10               1409.5 2025-12-08 00:23:16        43073.0
17         10               1413.7 2025-12-08 00:23:17        42072.0
18         10               1409.6 2025-12-08 00:23:18        41069.0
19         10               1418.0 2025-12-08 00:23:19        40068.0
20         10               1418.5 2025-12-08 00:23:20        39066.0
21         10               1418.1 2025-12-08 00:23:21        38065.0
22         10               1409.1 2025-12-08 00:23:22        37064.0
23         10               1414.0 2025-12-08 00:23:23        36062.0
24         10               1411.4 2025-12-08 00:23:24        35061.0
25         10               1411.9 2025-12-08 00:23:25        34058.0
26         10               1412.8 2025-12-08 00:23:26        33057.0
27         10               1417.2 2025-12-08 00:23:27        32056.0
28         10               1417.6 2025-12-08 00:23:28        31055.0
29         10               1419.2 2025-12-08 00:23:29        30053.0
30         10               1428.3 2025-12-08 00:23:30        29051.0
31         10               1414.3 2025-12-08 00:23:31        28050.0
32         10               1419.8 2025-12-08 00:23:32        27048.0
33         10               1421.0 2025-12-08 00:23:33        26047.0
34         10               1419.5 2025-12-08 00:23:34        25046.0
35         10               1419.9 2025-12-08 00:23:35        24044.0
36         10               1418.9 2025-12-08 00:23:36        23043.0
37         10               1420.1 2025-12-08 00:23:37        22042.0
38         10               1422.2 2025-12-08 00:23:38        21040.0
39         10               1424.9 2025-12-08 00:23:39        20040.0
40         10               1421.5 2025-12-08 00:23:40        19038.0
41         10               1424.2 2025-12-08 00:23:41        18036.0
42         10               1421.0 2025-12-08 00:23:42        17035.0
43         10               1422.9 2025-12-08 00:23:43        16034.0
44         10               1435.5 2025-12-08 00:23:44        15032.0
45         10               1420.8 2025-12-08 00:23:45        14031.0
46         10               1421.3 2025-12-08 00:23:46        13030.0
47         10               1425.6 2025-12-08 00:23:47        12029.0
48         10               1422.0 2025-12-08 00:23:48        11028.0
49         10               1423.2 2025-12-08 00:23:49        10027.0
50         10               1426.7 2025-12-08 00:23:50         9026.0
51         10               1425.3 2025-12-08 00:23:51         8025.0
52         10               1423.3 2025-12-08 00:23:52         7024.0
53         10               1424.1 2025-12-08 00:23:53         6023.0
54         10               1427.4 2025-12-08 00:23:54         5022.0
55         10               1423.1 2025-12-08 00:23:55         4020.0
56         10               1426.8 2025-12-08 00:23:56         3020.0
57         10               1425.8 2025-12-08 00:23:57         2018.0
58         10               1423.9 2025-12-08 00:23:58         1016.0
59         10               1426.7 2025-12-08 00:23:59           15.0
Forecasted values:
    sensor_id  sensor_energy_value_prediction    sensor_timestamp
0          10                     1362.894043 2025-12-08 00:24:00
1          10                     1343.050415 2025-12-08 00:24:01
2          10                     1322.791260 2025-12-08 00:24:02
3          10                     1303.208618 2025-12-08 00:24:03
4          10                     1284.560303 2025-12-08 00:24:04
5          10                     1266.900513 2025-12-08 00:24:05
6          10                     1250.170898 2025-12-08 00:24:06
7          10                     1234.269287 2025-12-08 00:24:07
8          10                     1219.083374 2025-12-08 00:24:08
9          10                     1204.508545 2025-12-08 00:24:09
10         10                     1190.454834 2025-12-08 00:24:10
11         10                     1176.848999 2025-12-08 00:24:11
12         10                     1163.633179 2025-12-08 00:24:12
13         10                     1150.763184 2025-12-08 00:24:13
14         10                     1138.205811 2025-12-08 00:24:14
15         10                     1125.936523 2025-12-08 00:24:15
16         10                     1113.937256 2025-12-08 00:24:16
17         10                     1102.195435 2025-12-08 00:24:17
18         10                     1090.701416 2025-12-08 00:24:18
19         10                     1079.448120 2025-12-08 00:24:19
20         10                     1068.430420 2025-12-08 00:24:20
21         10                     1057.644287 2025-12-08 00:24:21
22         10                     1047.086304 2025-12-08 00:24:22
23         10                     1036.753418 2025-12-08 00:24:23
24         10                     1026.643066 2025-12-08 00:24:24
25         10                     1016.752747 2025-12-08 00:24:25
26         10                     1007.079895 2025-12-08 00:24:26
27         10                      997.622253 2025-12-08 00:24:27
28         10                      988.377258 2025-12-08 00:24:28
29         10                      979.342407 2025-12-08 00:24:29
30         10                      970.515625 2025-12-08 00:24:30
31         10                      961.894165 2025-12-08 00:24:31
32         10                      953.476013 2025-12-08 00:24:32
33         10                      945.258606 2025-12-08 00:24:33
34         10                      937.239868 2025-12-08 00:24:34
35         10                      929.417603 2025-12-08 00:24:35
36         10                      921.789490 2025-12-08 00:24:36
37         10                      914.353760 2025-12-08 00:24:37
38         10                      907.108337 2025-12-08 00:24:38
39         10                      900.051208 2025-12-08 00:24:39
40         10                      893.180603 2025-12-08 00:24:40
41         10                      886.494751 2025-12-08 00:24:41
42         10                      879.991943 2025-12-08 00:24:42
43         10                      873.670349 2025-12-08 00:24:43
44         10                      867.528381 2025-12-08 00:24:44
45         10                      861.564514 2025-12-08 00:24:45
46         10                      855.777039 2025-12-08 00:24:46
47         10                      850.164490 2025-12-08 00:24:47
48         10                      844.725098 2025-12-08 00:24:48
49         10                      839.457458 2025-12-08 00:24:49
50         10                      834.359924 2025-12-08 00:24:50
51         10                      829.430969 2025-12-08 00:24:51
52         10                      824.668945 2025-12-08 00:24:52
53         10                      820.072144 2025-12-08 00:24:53
54         10                      815.638977 2025-12-08 00:24:54
55         10                      811.367615 2025-12-08 00:24:55
56         10                      807.256287 2025-12-08 00:24:56
57         10                      803.303101 2025-12-08 00:24:57
58         10                      799.506226 2025-12-08 00:24:58
59         10                      795.863464 2025-12-08 00:24:59
Forecasted values inserted into database
Exiting forecasting script

No new messages received yet.Trying again...
No new messages received yet.Trying again...
No new messages received yet.Trying again...
No new messages received yet.Trying again...
No new messages received yet.Trying again...
No new messages received yet.Trying again...
No new messages received yet.Trying again...
No new messages received yet.Trying again...
No new messages received yet.Trying again...
No new messages received yet.Trying again...
No new messages received yet.Trying again...
No new messages received yet.Trying again...
No new messages received yet.Trying again...
No new messages received yet.Trying again...
No new messages received yet.Trying again...
No new messages received yet.Trying again...
No new messages received yet.Trying again...
No new messages received yet.Trying again...
No new messages received yet.Trying again...
No new messages received yet.Trying again...
No new messages received yet.Trying again...
No new messages received yet.Trying again...
No new messages received yet.Trying again...
No new messages received yet.Trying again...
No new messages received yet.Trying again...
No new messages received yet.Trying again...
No new messages received yet.Trying again...
No new messages received yet.Trying again...
No new messages received yet.Trying again...
No new messages received yet.Trying again...
No new messages received yet.Trying again...

Actual data inserted to database
Triggering forecasting with retrained model
Forecasting.py script logs
Database connection established
Value of --retrain flag: True

Forecasting for retrained model using device10/2025-12-08-00-10-00-2025-12-08-00-19-59-model/device10.keras and device10/2025-12-08-00-10-00-2025-12-08-00-19-59-model/scaler.save
Successfully downloaded model and scaler from S3

Actual values fetched from database
    sensor_id  sensor_energy_value    sensor_timestamp  message_delay
0          10               1435.9 2025-12-08 00:24:00        59680.0
1          10               1425.0 2025-12-08 00:24:01        58678.0
2          10               1428.7 2025-12-08 00:24:02        57676.0
3          10               1429.1 2025-12-08 00:24:03        56675.0
4          10               1432.2 2025-12-08 00:24:04        55673.0
5          10               1432.4 2025-12-08 00:24:05        54673.0
6          10               1430.8 2025-12-08 00:24:06        53672.0
7          10               1423.7 2025-12-08 00:24:07        52670.0
8          10               1427.3 2025-12-08 00:24:08        51669.0
9          10               1433.2 2025-12-08 00:24:09        50668.0
10         10               1428.0 2025-12-08 00:24:10        49667.0
11         10               1427.9 2025-12-08 00:24:11        48663.0
12         10               1427.1 2025-12-08 00:24:12        47662.0
13         10               1431.2 2025-12-08 00:24:13        46661.0
14         10               1430.0 2025-12-08 00:24:14        45660.0
15         10               1438.4 2025-12-08 00:24:15        44659.0
16         10               1431.3 2025-12-08 00:24:16        43656.0
17         10               1434.0 2025-12-08 00:24:17        42655.0
18         10               1437.0 2025-12-08 00:24:18        41653.0
19         10               1437.6 2025-12-08 00:24:19        40652.0
20         10               1439.0 2025-12-08 00:24:20        39651.0
21         10               1434.6 2025-12-08 00:24:21        38650.0
22         10               1433.7 2025-12-08 00:24:22        37649.0
23         10               1438.7 2025-12-08 00:24:23        36642.0
24         10               1433.4 2025-12-08 00:24:24        35641.0
25         10               1434.9 2025-12-08 00:24:25        34640.0
26         10               1436.3 2025-12-08 00:24:26        33638.0
27         10               1434.7 2025-12-08 00:24:27        32635.0
28         10               1436.5 2025-12-08 00:24:28        31631.0
29         10               1440.1 2025-12-08 00:24:29        30628.0
30         10               1433.5 2025-12-08 00:24:30        29626.0
31         10               1435.7 2025-12-08 00:24:31        28625.0
32         10               1440.9 2025-12-08 00:24:32        27623.0
33         10               1437.4 2025-12-08 00:24:33        26621.0
34         10               1440.3 2025-12-08 00:24:34        25619.0
35         10               1442.9 2025-12-08 00:24:35        24618.0
36         10               1441.8 2025-12-08 00:24:36        23615.0
37         10               1445.8 2025-12-08 00:24:37        22612.0
38         10               1443.2 2025-12-08 00:24:38        21609.0
39         10               1442.8 2025-12-08 00:24:39        20608.0
40         10               1441.7 2025-12-08 00:24:40        19605.0
41         10               1445.5 2025-12-08 00:24:41        18597.0
42         10               1444.0 2025-12-08 00:24:42        17596.0
43         10               1443.4 2025-12-08 00:24:43        16595.0
44         10               1445.3 2025-12-08 00:24:44        15591.0
45         10               1445.6 2025-12-08 00:24:45        14590.0
46         10               1450.5 2025-12-08 00:24:46        13588.0
47         10               1448.9 2025-12-08 00:24:47        12586.0
48         10               1446.1 2025-12-08 00:24:48        11584.0
49         10               1448.3 2025-12-08 00:24:49        10583.0
50         10               1449.1 2025-12-08 00:24:50         9582.0
51         10               1448.8 2025-12-08 00:24:51         8580.0
52         10               1275.7 2025-12-08 00:24:52         7578.0
53         10               1279.9 2025-12-08 00:24:53         6575.0
54         10               1288.1 2025-12-08 00:24:54         5562.0
55         10               1297.6 2025-12-08 00:24:55         4558.0
56         10               1258.4 2025-12-08 00:24:56         3556.0
57         10                549.8 2025-12-08 00:24:57         2423.0
58         10                548.6 2025-12-08 00:24:58         1337.0
59         10                555.3 2025-12-08 00:24:59           44.0
Forecasted values:
    sensor_id  sensor_energy_value_prediction    sensor_timestamp
0          10                      717.602905 2025-12-08 00:25:00
1          10                      700.310974 2025-12-08 00:25:01
2          10                      693.182678 2025-12-08 00:25:02
3          10                      691.160706 2025-12-08 00:25:03
4          10                      691.807434 2025-12-08 00:25:04
5          10                      693.658569 2025-12-08 00:25:05
6          10                      695.896057 2025-12-08 00:25:06
7          10                      698.107849 2025-12-08 00:25:07
8          10                      700.130249 2025-12-08 00:25:08
9          10                      701.944885 2025-12-08 00:25:09
10         10                      703.611389 2025-12-08 00:25:10
11         10                      705.224609 2025-12-08 00:25:11
12         10                      706.888245 2025-12-08 00:25:12
13         10                      708.699280 2025-12-08 00:25:13
14         10                      710.740479 2025-12-08 00:25:14
15         10                      713.075989 2025-12-08 00:25:15
16         10                      715.751221 2025-12-08 00:25:16
17         10                      718.793152 2025-12-08 00:25:17
18         10                      722.212341 2025-12-08 00:25:18
19         10                      726.005066 2025-12-08 00:25:19
20         10                      730.155457 2025-12-08 00:25:20
21         10                      734.637573 2025-12-08 00:25:21
22         10                      739.417480 2025-12-08 00:25:22
23         10                      744.455444 2025-12-08 00:25:23
24         10                      749.707397 2025-12-08 00:25:24
25         10                      755.126282 2025-12-08 00:25:25
26         10                      760.664001 2025-12-08 00:25:26
27         10                      766.272217 2025-12-08 00:25:27
28         10                      771.903687 2025-12-08 00:25:28
29         10                      777.513184 2025-12-08 00:25:29
30         10                      783.058228 2025-12-08 00:25:30
31         10                      788.499695 2025-12-08 00:25:31
32         10                      793.802490 2025-12-08 00:25:32
33         10                      798.935791 2025-12-08 00:25:33
34         10                      803.872925 2025-12-08 00:25:34
35         10                      808.592224 2025-12-08 00:25:35
36         10                      813.076050 2025-12-08 00:25:36
37         10                      817.311157 2025-12-08 00:25:37
38         10                      821.288330 2025-12-08 00:25:38
39         10                      825.002197 2025-12-08 00:25:39
40         10                      828.450623 2025-12-08 00:25:40
41         10                      831.634338 2025-12-08 00:25:41
42         10                      834.557007 2025-12-08 00:25:42
43         10                      837.224060 2025-12-08 00:25:43
44         10                      839.643066 2025-12-08 00:25:44
45         10                      841.822876 2025-12-08 00:25:45
46         10                      843.773560 2025-12-08 00:25:46
47         10                      845.506165 2025-12-08 00:25:47
48         10                      847.032043 2025-12-08 00:25:48
49         10                      848.363159 2025-12-08 00:25:49
50         10                      849.511536 2025-12-08 00:25:50
51         10                      850.489197 2025-12-08 00:25:51
52         10                      851.307617 2025-12-08 00:25:52
53         10                      851.978333 2025-12-08 00:25:53
54         10                      852.512878 2025-12-08 00:25:54
55         10                      852.921692 2025-12-08 00:25:55
56         10                      853.214111 2025-12-08 00:25:56
57         10                      853.398743 2025-12-08 00:25:57
58         10                      853.495911 2025-12-08 00:25:58
59         10                      853.509155 2025-12-08 00:25:59
Forecasted values inserted into database
Exiting forecasting script

No new messages received yet.Trying again...
No new messages received yet.Trying again...
No new messages received yet.Trying again...
No new messages received yet.Trying again...
No new messages received yet.Trying again...
No new messages received yet.Trying again...
No new messages received yet.Trying again...
No new messages received yet.Trying again...
No new messages received yet.Trying again...
No new messages received yet.Trying again...
No new messages received yet.Trying again...
No new messages received yet.Trying again...
No new messages received yet.Trying again...

Actual data inserted to database
Triggering forecasting with retrained model
Forecasting.py script logs
Database connection established
Value of --retrain flag: True

Forecasting for retrained model using device10/2025-12-08-00-10-00-2025-12-08-00-19-59-model/device10.keras and device10/2025-12-08-00-10-00-2025-12-08-00-19-59-model/scaler.save
Successfully downloaded model and scaler from S3

Actual values fetched from database
    sensor_id  sensor_energy_value    sensor_timestamp  message_delay
0          10                805.0 2025-12-08 00:25:00        59517.0
1          10                567.9 2025-12-08 00:25:01        58486.0
2          10                558.3 2025-12-08 00:25:02        57226.0
3          10                558.5 2025-12-08 00:25:03        56225.0
4          10                556.6 2025-12-08 00:25:04        55224.0
5          10                555.7 2025-12-08 00:25:05        54223.0
6          10                558.5 2025-12-08 00:25:06        53145.0
7          10                559.3 2025-12-08 00:25:07        52143.0
8          10                559.5 2025-12-08 00:25:08        51141.0
9          10                559.5 2025-12-08 00:25:09        50140.0
10         10                559.0 2025-12-08 00:25:10        49139.0
11         10                560.9 2025-12-08 00:25:11        48136.0
12         10                557.0 2025-12-08 00:25:12        47135.0
13         10                558.8 2025-12-08 00:25:13        46133.0
14         10                561.8 2025-12-08 00:25:14        45131.0
15         10                558.9 2025-12-08 00:25:15        44128.0
16         10                561.5 2025-12-08 00:25:16        43127.0
17         10                558.4 2025-12-08 00:25:17        42121.0
18         10                558.0 2025-12-08 00:25:18        41117.0
19         10                563.8 2025-12-08 00:25:19        40104.0
20         10                563.4 2025-12-08 00:25:20        39102.0
21         10                558.0 2025-12-08 00:25:21        38099.0
22         10                560.2 2025-12-08 00:25:22        37094.0
23         10                561.6 2025-12-08 00:25:23        36076.0
24         10                558.3 2025-12-08 00:25:24        35073.0
25         10                558.6 2025-12-08 00:25:25        34072.0
26         10                563.1 2025-12-08 00:25:26        33071.0
27         10                548.2 2025-12-08 00:25:27        32069.0
28         10                547.3 2025-12-08 00:25:28        31068.0
29         10                445.2 2025-12-08 00:25:29        30067.0
30         10                438.6 2025-12-08 00:25:30        29064.0
31         10                566.1 2025-12-08 00:25:31        28063.0
32         10                463.1 2025-12-08 00:25:32        27062.0
33         10                457.4 2025-12-08 00:25:33        26059.0
34         10                458.1 2025-12-08 00:25:34        25057.0
35         10                455.6 2025-12-08 00:25:35        24056.0
36         10                455.5 2025-12-08 00:25:36        23055.0
37         10                453.5 2025-12-08 00:25:37        22053.0
38         10                453.5 2025-12-08 00:25:38        21052.0
39         10                452.4 2025-12-08 00:25:39        20050.0
40         10                454.2 2025-12-08 00:25:40        19049.0
41         10                461.7 2025-12-08 00:25:41        18048.0
42         10                457.8 2025-12-08 00:25:42        17048.0
43         10                458.6 2025-12-08 00:25:43        16046.0
44         10                463.8 2025-12-08 00:25:44        15046.0
45         10                459.3 2025-12-08 00:25:45        14044.0
46         10                461.0 2025-12-08 00:25:46        13043.0
47         10                483.7 2025-12-08 00:25:47        12039.0
48         10                531.1 2025-12-08 00:25:48        11035.0
49         10                571.7 2025-12-08 00:25:49        10033.0
50         10                580.7 2025-12-08 00:25:50         9032.0
51         10                579.6 2025-12-08 00:25:51         8031.0
52         10                580.8 2025-12-08 00:25:52         7029.0
53         10                579.8 2025-12-08 00:25:53         6025.0
54         10                582.2 2025-12-08 00:25:54         5021.0
55         10                583.3 2025-12-08 00:25:55         4020.0
56         10                581.1 2025-12-08 00:25:56         3019.0
57         10                581.8 2025-12-08 00:25:57         2016.0
58         10                587.6 2025-12-08 00:25:58         1015.0
59         10                585.7 2025-12-08 00:25:59           13.0
Forecasted values:
    sensor_id  sensor_energy_value_prediction    sensor_timestamp
0          10                      629.843323 2025-12-08 00:26:00
1          10                      645.796021 2025-12-08 00:26:01
2          10                      662.584167 2025-12-08 00:26:02
3          10                      679.560608 2025-12-08 00:26:03
4          10                      696.144958 2025-12-08 00:26:04
5          10                      711.933228 2025-12-08 00:26:05
6          10                      726.655090 2025-12-08 00:26:06
7          10                      740.143616 2025-12-08 00:26:07
8          10                      752.312012 2025-12-08 00:26:08
9          10                      763.135071 2025-12-08 00:26:09
10         10                      772.634216 2025-12-08 00:26:10
11         10                      780.863770 2025-12-08 00:26:11
12         10                      787.900330 2025-12-08 00:26:12
13         10                      793.834045 2025-12-08 00:26:13
14         10                      798.761292 2025-12-08 00:26:14
15         10                      802.779541 2025-12-08 00:26:15
16         10                      805.984192 2025-12-08 00:26:16
17         10                      808.465271 2025-12-08 00:26:17
18         10                      810.306519 2025-12-08 00:26:18
19         10                      811.584595 2025-12-08 00:26:19
20         10                      812.368774 2025-12-08 00:26:20
21         10                      812.721191 2025-12-08 00:26:21
22         10                      812.697510 2025-12-08 00:26:22
23         10                      812.346924 2025-12-08 00:26:23
24         10                      811.713257 2025-12-08 00:26:24
25         10                      810.835327 2025-12-08 00:26:25
26         10                      809.747559 2025-12-08 00:26:26
27         10                      808.480469 2025-12-08 00:26:27
28         10                      807.061523 2025-12-08 00:26:28
29         10                      805.514893 2025-12-08 00:26:29
30         10                      803.864075 2025-12-08 00:26:30
31         10                      802.126892 2025-12-08 00:26:31
32         10                      800.317810 2025-12-08 00:26:32
33         10                      798.456421 2025-12-08 00:26:33
34         10                      796.555054 2025-12-08 00:26:34
35         10                      794.625793 2025-12-08 00:26:35
36         10                      792.679688 2025-12-08 00:26:36
37         10                      790.726807 2025-12-08 00:26:37
38         10                      788.775818 2025-12-08 00:26:38
39         10                      786.834839 2025-12-08 00:26:39
40         10                      784.910889 2025-12-08 00:26:40
41         10                      783.010132 2025-12-08 00:26:41
42         10                      781.138245 2025-12-08 00:26:42
43         10                      779.300232 2025-12-08 00:26:43
44         10                      777.500549 2025-12-08 00:26:44
45         10                      775.742798 2025-12-08 00:26:45
46         10                      774.030396 2025-12-08 00:26:46
47         10                      772.366211 2025-12-08 00:26:47
48         10                      770.752441 2025-12-08 00:26:48
49         10                      769.190735 2025-12-08 00:26:49
50         10                      767.682922 2025-12-08 00:26:50
51         10                      766.230652 2025-12-08 00:26:51
52         10                      764.835022 2025-12-08 00:26:52
53         10                      763.496887 2025-12-08 00:26:53
54         10                      762.216675 2025-12-08 00:26:54
55         10                      760.994690 2025-12-08 00:26:55
56         10                      759.831055 2025-12-08 00:26:56
57         10                      758.725403 2025-12-08 00:26:57
58         10                      757.677368 2025-12-08 00:26:58
59         10                      756.686401 2025-12-08 00:26:59
Forecasted values inserted into database
Exiting forecasting script

No new messages received yet.Trying again...
No new messages received yet.Trying again...
No new messages received yet.Trying again...
No new messages received yet.Trying again...
No new messages received yet.Trying again...
No new messages received yet.Trying again...
No new messages received yet.Trying again...
No new messages received yet.Trying again...
No new messages received yet.Trying again...
No new messages received yet.Trying again...
No new messages received yet.Trying again...
No new messages received yet.Trying again...
No new messages received yet.Trying again...
No new messages received yet.Trying again...
No new messages received yet.Trying again...
No new messages received yet.Trying again...
No new messages received yet.Trying again...
No new messages received yet.Trying again...
No new messages received yet.Trying again...
No new messages received yet.Trying again...
No new messages received yet.Trying again...
No new messages received yet.Trying again...
No new messages received yet.Trying again...
No new messages received yet.Trying again...
No new messages received yet.Trying again...
No new messages received yet.Trying again...
No new messages received yet.Trying again...
No new messages received yet.Trying again...
No new messages received yet.Trying again...
No new messages received yet.Trying again...
No new messages received yet.Trying again...
No new messages received yet.Trying again...

Actual data inserted to database
Triggering forecasting with retrained model
Forecasting.py script logs
Database connection established
Value of --retrain flag: True

Forecasting for retrained model using device10/2025-12-08-00-10-00-2025-12-08-00-19-59-model/device10.keras and device10/2025-12-08-00-10-00-2025-12-08-00-19-59-model/scaler.save
Successfully downloaded model and scaler from S3

Actual values fetched from database
    sensor_id  sensor_energy_value    sensor_timestamp  message_delay
0          10                585.7 2025-12-08 00:26:00        59107.0
1          10                586.1 2025-12-08 00:26:01        58101.0
2          10                586.8 2025-12-08 00:26:02        57099.0
3          10                586.3 2025-12-08 00:26:03        56099.0
4          10                587.9 2025-12-08 00:26:04        55098.0
5          10                586.6 2025-12-08 00:26:05        54097.0
6          10                585.2 2025-12-08 00:26:06        53096.0
7          10                586.8 2025-12-08 00:26:07        52095.0
8          10                587.5 2025-12-08 00:26:08        51094.0
9          10                585.7 2025-12-08 00:26:09        50093.0
10         10                587.7 2025-12-08 00:26:10        49086.0
11         10                585.4 2025-12-08 00:26:11        48085.0
12         10                586.1 2025-12-08 00:26:12        47084.0
13         10                588.6 2025-12-08 00:26:13        46083.0
14         10                589.3 2025-12-08 00:26:14        45082.0
15         10                586.7 2025-12-08 00:26:15        44081.0
16         10                592.7 2025-12-08 00:26:16        43080.0
17         10                586.2 2025-12-08 00:26:17        42079.0
18         10                584.3 2025-12-08 00:26:18        41078.0
19         10                590.4 2025-12-08 00:26:19        40076.0
20         10                597.3 2025-12-08 00:26:20        39073.0
21         10                596.8 2025-12-08 00:26:21        38072.0
22         10                587.5 2025-12-08 00:26:22        37071.0
23         10                599.5 2025-12-08 00:26:23        36069.0
24         10                583.9 2025-12-08 00:26:24        35068.0
25         10                587.3 2025-12-08 00:26:25        34067.0
26         10                593.3 2025-12-08 00:26:26        33060.0
27         10                590.4 2025-12-08 00:26:27        32055.0
28         10                590.7 2025-12-08 00:26:28        31053.0
29         10                591.5 2025-12-08 00:26:29        30052.0
30         10                587.3 2025-12-08 00:26:30        29051.0
31         10                587.9 2025-12-08 00:26:31        28047.0
32         10                586.1 2025-12-08 00:26:32        27046.0
33         10                588.0 2025-12-08 00:26:33        26041.0
34         10                588.1 2025-12-08 00:26:34        25040.0
35         10                588.9 2025-12-08 00:26:35        24039.0
36         10                587.0 2025-12-08 00:26:36        23036.0
37         10                587.7 2025-12-08 00:26:37        22036.0
38         10                590.5 2025-12-08 00:26:38        21034.0
39         10                586.7 2025-12-08 00:26:39        20032.0
40         10                586.4 2025-12-08 00:26:40        19031.0
41         10                586.6 2025-12-08 00:26:41        18030.0
42         10                586.8 2025-12-08 00:26:42        17029.0
43         10                590.7 2025-12-08 00:26:43        16028.0
44         10                592.0 2025-12-08 00:26:44        15027.0
45         10                589.5 2025-12-08 00:26:45        14026.0
46         10                587.8 2025-12-08 00:26:46        13025.0
47         10                589.7 2025-12-08 00:26:47        12024.0
48         10                587.2 2025-12-08 00:26:48        11023.0
49         10                596.3 2025-12-08 00:26:49        10022.0
50         10                588.7 2025-12-08 00:26:50         9021.0
51         10                587.9 2025-12-08 00:26:51         8020.0
52         10                588.2 2025-12-08 00:26:52         7019.0
53         10                587.6 2025-12-08 00:26:53         6018.0
54         10                589.4 2025-12-08 00:26:54         5016.0
55         10                597.9 2025-12-08 00:26:55         4016.0
56         10                590.1 2025-12-08 00:26:56         3014.0
57         10                589.6 2025-12-08 00:26:57         2013.0
58         10                588.8 2025-12-08 00:26:58         1012.0
59         10                587.0 2025-12-08 00:26:59           11.0
Forecasted values:
    sensor_id  sensor_energy_value_prediction    sensor_timestamp
0          10                      613.174561 2025-12-08 00:27:00
1          10                      622.222656 2025-12-08 00:27:01
2          10                      632.104797 2025-12-08 00:27:02
3          10                      642.457031 2025-12-08 00:27:03
4          10                      652.976440 2025-12-08 00:27:04
5          10                      663.446472 2025-12-08 00:27:05
6          10                      673.709778 2025-12-08 00:27:06
7          10                      683.650269 2025-12-08 00:27:07
8          10                      693.182312 2025-12-08 00:27:08
9          10                      702.242920 2025-12-08 00:27:09
10         10                      710.787170 2025-12-08 00:27:10
11         10                      718.784607 2025-12-08 00:27:11
12         10                      726.217041 2025-12-08 00:27:12
13         10                      733.076477 2025-12-08 00:27:13
14         10                      739.363892 2025-12-08 00:27:14
15         10                      745.087280 2025-12-08 00:27:15
16         10                      750.260925 2025-12-08 00:27:16
17         10                      754.903931 2025-12-08 00:27:17
18         10                      759.039124 2025-12-08 00:27:18
19         10                      762.692078 2025-12-08 00:27:19
20         10                      765.890320 2025-12-08 00:27:20
21         10                      768.662354 2025-12-08 00:27:21
22         10                      771.037354 2025-12-08 00:27:22
23         10                      773.044250 2025-12-08 00:27:23
24         10                      774.711609 2025-12-08 00:27:24
25         10                      776.067200 2025-12-08 00:27:25
26         10                      777.137573 2025-12-08 00:27:26
27         10                      777.948120 2025-12-08 00:27:27
28         10                      778.523132 2025-12-08 00:27:28
29         10                      778.885254 2025-12-08 00:27:29
30         10                      779.055725 2025-12-08 00:27:30
31         10                      779.054688 2025-12-08 00:27:31
32         10                      778.900513 2025-12-08 00:27:32
33         10                      778.610535 2025-12-08 00:27:33
34         10                      778.200684 2025-12-08 00:27:34
35         10                      777.685669 2025-12-08 00:27:35
36         10                      777.079224 2025-12-08 00:27:36
37         10                      776.393738 2025-12-08 00:27:37
38         10                      775.640869 2025-12-08 00:27:38
39         10                      774.831238 2025-12-08 00:27:39
40         10                      773.974426 2025-12-08 00:27:40
41         10                      773.079468 2025-12-08 00:27:41
42         10                      772.154419 2025-12-08 00:27:42
43         10                      771.206604 2025-12-08 00:27:43
44         10                      770.242859 2025-12-08 00:27:44
45         10                      769.269165 2025-12-08 00:27:45
46         10                      768.291260 2025-12-08 00:27:46
47         10                      767.313965 2025-12-08 00:27:47
48         10                      766.341919 2025-12-08 00:27:48
49         10                      765.379150 2025-12-08 00:27:49
50         10                      764.429077 2025-12-08 00:27:50
51         10                      763.495117 2025-12-08 00:27:51
52         10                      762.579956 2025-12-08 00:27:52
53         10                      761.686157 2025-12-08 00:27:53
54         10                      760.815735 2025-12-08 00:27:54
55         10                      759.970642 2025-12-08 00:27:55
56         10                      759.152283 2025-12-08 00:27:56
57         10                      758.362183 2025-12-08 00:27:57
58         10                      757.601257 2025-12-08 00:27:58
59         10                      756.870300 2025-12-08 00:27:59
Forecasted values inserted into database
Exiting forecasting script

No new messages received yet.Trying again...
No new messages received yet.Trying again...
No new messages received yet.Trying again...
No new messages received yet.Trying again...
No new messages received yet.Trying again...
No new messages received yet.Trying again...
No new messages received yet.Trying again...
No new messages received yet.Trying again...
No new messages received yet.Trying again...
No new messages received yet.Trying again...
No new messages received yet.Trying again...
No new messages received yet.Trying again...
No new messages received yet.Trying again...
No new messages received yet.Trying again...
No new messages received yet.Trying again...
No new messages received yet.Trying again...
No new messages received yet.Trying again...
No new messages received yet.Trying again...
No new messages received yet.Trying again...
No new messages received yet.Trying again...
No new messages received yet.Trying again...
No new messages received yet.Trying again...
No new messages received yet.Trying again...
No new messages received yet.Trying again...
No new messages received yet.Trying again...
No new messages received yet.Trying again...
No new messages received yet.Trying again...
No new messages received yet.Trying again...
No new messages received yet.Trying again...
No new messages received yet.Trying again...

Actual data inserted to database
Triggering forecasting with retrained model
Forecasting.py script logs
Database connection established
Value of --retrain flag: True

Forecasting for retrained model using device10/2025-12-08-00-10-00-2025-12-08-00-19-59-model/device10.keras and device10/2025-12-08-00-10-00-2025-12-08-00-19-59-model/scaler.save
Successfully downloaded model and scaler from S3

Actual values fetched from database
    sensor_id  sensor_energy_value    sensor_timestamp  message_delay
0          10                599.5 2025-12-08 00:27:00        59102.0
1          10                594.9 2025-12-08 00:27:01        58101.0
2          10                591.8 2025-12-08 00:27:02        57100.0
3          10                592.7 2025-12-08 00:27:03        56100.0
4          10                602.1 2025-12-08 00:27:04        55099.0
5          10                590.4 2025-12-08 00:27:05        54098.0
6          10                588.8 2025-12-08 00:27:06        53097.0
7          10                593.8 2025-12-08 00:27:07        52096.0
8          10                588.0 2025-12-08 00:27:08        51094.0
9          10                585.6 2025-12-08 00:27:09        50093.0
10         10                588.5 2025-12-08 00:27:10        49092.0
11         10                586.4 2025-12-08 00:27:11        48091.0
12         10                586.0 2025-12-08 00:27:12        47090.0
13         10                586.6 2025-12-08 00:27:13        46088.0
14         10                590.4 2025-12-08 00:27:14        45086.0
15         10                586.9 2025-12-08 00:27:15        44083.0
16         10                585.6 2025-12-08 00:27:16        43082.0
17         10                591.0 2025-12-08 00:27:17        42080.0
18         10                589.5 2025-12-08 00:27:18        41079.0
19         10                595.3 2025-12-08 00:27:19        40078.0
20         10                593.5 2025-12-08 00:27:20        39077.0
21         10                588.5 2025-12-08 00:27:21        38075.0
22         10                587.2 2025-12-08 00:27:22        37075.0
23         10                589.6 2025-12-08 00:27:23        36072.0
24         10                589.5 2025-12-08 00:27:24        35071.0
25         10                588.2 2025-12-08 00:27:25        34070.0
26         10                589.5 2025-12-08 00:27:26        33069.0
27         10                591.2 2025-12-08 00:27:27        32068.0
28         10                593.0 2025-12-08 00:27:28        31067.0
29         10                595.4 2025-12-08 00:27:29        30065.0
30         10                594.3 2025-12-08 00:27:30        29064.0
31         10                595.8 2025-12-08 00:27:31        28062.0
32         10                595.6 2025-12-08 00:27:32        27061.0
33         10                595.6 2025-12-08 00:27:33        26059.0
34         10                593.6 2025-12-08 00:27:34        25057.0
35         10                593.7 2025-12-08 00:27:35        24055.0
36         10                591.3 2025-12-08 00:27:36        23054.0
37         10                592.7 2025-12-08 00:27:37        22051.0
38         10                594.4 2025-12-08 00:27:38        21048.0
39         10                591.9 2025-12-08 00:27:39        20047.0
40         10                593.0 2025-12-08 00:27:40        19046.0
41         10                593.0 2025-12-08 00:27:41        18043.0
42         10                598.4 2025-12-08 00:27:42        17042.0
43         10                590.1 2025-12-08 00:27:43        16041.0
44         10                589.9 2025-12-08 00:27:44        15040.0
45         10                585.0 2025-12-08 00:27:45        14036.0
46         10                585.3 2025-12-08 00:27:46        13034.0
47         10                589.0 2025-12-08 00:27:47        12033.0
48         10                589.4 2025-12-08 00:27:48        11032.0
49         10                590.3 2025-12-08 00:27:49        10031.0
50         10                593.7 2025-12-08 00:27:50         9029.0
51         10                586.7 2025-12-08 00:27:51         8028.0
52         10                588.6 2025-12-08 00:27:52         7027.0
53         10                586.6 2025-12-08 00:27:53         6025.0
54         10                586.7 2025-12-08 00:27:54         5024.0
55         10                589.7 2025-12-08 00:27:55         4023.0
56         10                586.9 2025-12-08 00:27:56         3022.0
57         10                585.7 2025-12-08 00:27:57         2021.0
58         10                587.6 2025-12-08 00:27:58         1020.0
59         10                588.3 2025-12-08 00:27:59           19.0
Forecasted values:
    sensor_id  sensor_energy_value_prediction    sensor_timestamp
0          10                      611.588928 2025-12-08 00:28:00
1          10                      620.797852 2025-12-08 00:28:01
2          10                      630.786377 2025-12-08 00:28:02
3          10                      641.209717 2025-12-08 00:28:03
4          10                      651.784119 2025-12-08 00:28:04
5          10                      662.304810 2025-12-08 00:28:05
6          10                      672.621277 2025-12-08 00:28:06
7          10                      682.620972 2025-12-08 00:28:07
8          10                      692.219360 2025-12-08 00:28:08
9          10                      701.353149 2025-12-08 00:28:09
10         10                      709.976318 2025-12-08 00:28:10
11         10                      718.056702 2025-12-08 00:28:11
12         10                      725.574341 2025-12-08 00:28:12
13         10                      732.519592 2025-12-08 00:28:13
14         10                      738.891724 2025-12-08 00:28:14
15         10                      744.697327 2025-12-08 00:28:15
16         10                      749.949707 2025-12-08 00:28:16
17         10                      754.666992 2025-12-08 00:28:17
18         10                      758.871460 2025-12-08 00:28:18
19         10                      762.588196 2025-12-08 00:28:19
20         10                      765.844604 2025-12-08 00:28:20
21         10                      768.669312 2025-12-08 00:28:21
22         10                      771.091370 2025-12-08 00:28:22
23         10                      773.140076 2025-12-08 00:28:23
24         10                      774.844116 2025-12-08 00:28:24
25         10                      776.231506 2025-12-08 00:28:25
26         10                      777.329346 2025-12-08 00:28:26
27         10                      778.163330 2025-12-08 00:28:27
28         10                      778.757812 2025-12-08 00:28:28
29         10                      779.135986 2025-12-08 00:28:29
30         10                      779.319458 2025-12-08 00:28:30
31         10                      779.328430 2025-12-08 00:28:31
32         10                      779.181763 2025-12-08 00:28:32
33         10                      778.896912 2025-12-08 00:28:33
34         10                      778.490112 2025-12-08 00:28:34
35         10                      777.976440 2025-12-08 00:28:35
36         10                      777.369690 2025-12-08 00:28:36
37         10                      776.682495 2025-12-08 00:28:37
38         10                      775.926636 2025-12-08 00:28:38
39         10                      775.112854 2025-12-08 00:28:39
40         10                      774.251038 2025-12-08 00:28:40
41         10                      773.350159 2025-12-08 00:28:41
42         10                      772.418457 2025-12-08 00:28:42
43         10                      771.463440 2025-12-08 00:28:43
44         10                      770.492004 2025-12-08 00:28:44
45         10                      769.510315 2025-12-08 00:28:45
46         10                      768.524048 2025-12-08 00:28:46
47         10                      767.538269 2025-12-08 00:28:47
48         10                      766.557434 2025-12-08 00:28:48
49         10                      765.585693 2025-12-08 00:28:49
50         10                      764.626648 2025-12-08 00:28:50
51         10                      763.683594 2025-12-08 00:28:51
52         10                      762.759460 2025-12-08 00:28:52
53         10                      761.856628 2025-12-08 00:28:53
54         10                      760.977356 2025-12-08 00:28:54
55         10                      760.123474 2025-12-08 00:28:55
56         10                      759.296509 2025-12-08 00:28:56
57         10                      758.497925 2025-12-08 00:28:57
58         10                      757.728699 2025-12-08 00:28:58
59         10                      756.989624 2025-12-08 00:28:59
Forecasted values inserted into database
Exiting forecasting script

No new messages received yet.Trying again...
No new messages received yet.Trying again...
No new messages received yet.Trying again...
No new messages received yet.Trying again...
No new messages received yet.Trying again...
No new messages received yet.Trying again...
No new messages received yet.Trying again...
No new messages received yet.Trying again...
No new messages received yet.Trying again...
No new messages received yet.Trying again...
No new messages received yet.Trying again...
No new messages received yet.Trying again...
No new messages received yet.Trying again...
No new messages received yet.Trying again...

Actual data inserted to database
Triggering forecasting with retrained model
Forecasting.py script logs
Database connection established
Value of --retrain flag: True

Forecasting for retrained model using device10/2025-12-08-00-10-00-2025-12-08-00-19-59-model/device10.keras and device10/2025-12-08-00-10-00-2025-12-08-00-19-59-model/scaler.save
Successfully downloaded model and scaler from S3

Actual values fetched from database
    sensor_id  sensor_energy_value    sensor_timestamp  message_delay
0          10                603.2 2025-12-08 00:28:00        60654.0
1          10                587.9 2025-12-08 00:28:01        59652.0
2          10                588.0 2025-12-08 00:28:02        58651.0
3          10                588.2 2025-12-08 00:28:03        57650.0
4          10                588.5 2025-12-08 00:28:04        56649.0
5          10                602.6 2025-12-08 00:28:05        55649.0
6          10                589.9 2025-12-08 00:28:06        54566.0
7          10                589.5 2025-12-08 00:28:07        53518.0
8          10                590.7 2025-12-08 00:28:08        52518.0
9          10                586.9 2025-12-08 00:28:09        51515.0
10         10                590.5 2025-12-08 00:28:10        50513.0
11         10                591.5 2025-12-08 00:28:11        49510.0
12         10                588.9 2025-12-08 00:28:12        48447.0
13         10                588.4 2025-12-08 00:28:13        47440.0
14         10                588.9 2025-12-08 00:28:14        46067.0
15         10                586.4 2025-12-08 00:28:15        44692.0
16         10                589.1 2025-12-08 00:28:16        43661.0
17         10                586.9 2025-12-08 00:28:17        42344.0
18         10                586.9 2025-12-08 00:28:18        41339.0
19         10                593.8 2025-12-08 00:28:19        40295.0
20         10                592.0 2025-12-08 00:28:20        39279.0
21         10                586.9 2025-12-08 00:28:21        38265.0
22         10                587.5 2025-12-08 00:28:22        37254.0
23         10                590.6 2025-12-08 00:28:23        36251.0
24         10                587.5 2025-12-08 00:28:24        35250.0
25         10                587.0 2025-12-08 00:28:25        34228.0
26         10                585.3 2025-12-08 00:28:26        33224.0
27         10                586.8 2025-12-08 00:28:27        32219.0
28         10                588.9 2025-12-08 00:28:28        31215.0
29         10                599.0 2025-12-08 00:28:29        30205.0
30         10                584.8 2025-12-08 00:28:30        29199.0
31         10                586.8 2025-12-08 00:28:31        28197.0
32         10                586.7 2025-12-08 00:28:32        27194.0
33         10                582.3 2025-12-08 00:28:33        26183.0
34         10                586.5 2025-12-08 00:28:34        25174.0
35         10                587.2 2025-12-08 00:28:35        24139.0
36         10                585.1 2025-12-08 00:28:36        23136.0
37         10                586.5 2025-12-08 00:28:37        22134.0
38         10                587.6 2025-12-08 00:28:38        21132.0
39         10                585.9 2025-12-08 00:28:39        20107.0
40         10                590.7 2025-12-08 00:28:40        19094.0
41         10                586.0 2025-12-08 00:28:41        18089.0
42         10                586.5 2025-12-08 00:28:42        17087.0
43         10                589.6 2025-12-08 00:28:43        16086.0
44         10                588.0 2025-12-08 00:28:44        15085.0
45         10                587.6 2025-12-08 00:28:45        14081.0
46         10                586.1 2025-12-08 00:28:46        13079.0
47         10                591.0 2025-12-08 00:28:47        12077.0
48         10                584.0 2025-12-08 00:28:48        11076.0
49         10                587.2 2025-12-08 00:28:49        10075.0
50         10                584.8 2025-12-08 00:28:50         9067.0
51         10                583.9 2025-12-08 00:28:51         8066.0
52         10                588.5 2025-12-08 00:28:52         7066.0
53         10                586.1 2025-12-08 00:28:53         6065.0
54         10                589.8 2025-12-08 00:28:54         5064.0
55         10                587.7 2025-12-08 00:28:55         4025.0
56         10                587.7 2025-12-08 00:28:56         3024.0
57         10                587.2 2025-12-08 00:28:57         2017.0
58         10                587.2 2025-12-08 00:28:58         1014.0
59         10                588.2 2025-12-08 00:28:59           13.0
Forecasted values:
    sensor_id  sensor_energy_value_prediction    sensor_timestamp
0          10                      612.454651 2025-12-08 00:29:00
1          10                      621.855103 2025-12-08 00:29:01
2          10                      632.038208 2025-12-08 00:29:02
3          10                      642.650635 2025-12-08 00:29:03
4          10                      653.400085 2025-12-08 00:29:04
5          10                      664.075806 2025-12-08 00:29:05
6          10                      674.523376 2025-12-08 00:29:06
7          10                      684.628296 2025-12-08 00:29:07
8          10                      694.305298 2025-12-08 00:29:08
9          10                      703.491516 2025-12-08 00:29:09
10         10                      712.142090 2025-12-08 00:29:10
11         10                      720.226868 2025-12-08 00:29:11
12         10                      727.728027 2025-12-08 00:29:12
13         10                      734.638611 2025-12-08 00:29:13
14         10                      740.960571 2025-12-08 00:29:14
15         10                      746.703308 2025-12-08 00:29:15
16         10                      751.882446 2025-12-08 00:29:16
17         10                      756.518738 2025-12-08 00:29:17
18         10                      760.636475 2025-12-08 00:29:18
19         10                      764.262878 2025-12-08 00:29:19
20         10                      767.426758 2025-12-08 00:29:20
21         10                      770.158203 2025-12-08 00:29:21
22         10                      772.487427 2025-12-08 00:29:22
23         10                      774.444702 2025-12-08 00:29:23
24         10                      776.059326 2025-12-08 00:29:24
25         10                      777.360107 2025-12-08 00:29:25
26         10                      778.374329 2025-12-08 00:29:26
27         10                      779.128052 2025-12-08 00:29:27
28         10                      779.645935 2025-12-08 00:29:28
29         10                      779.951111 2025-12-08 00:29:29
30         10                      780.065247 2025-12-08 00:29:30
31         10                      780.008667 2025-12-08 00:29:31
32         10                      779.800171 2025-12-08 00:29:32
33         10                      779.457153 2025-12-08 00:29:33
34         10                      778.995789 2025-12-08 00:29:34
35         10                      778.430786 2025-12-08 00:29:35
36         10                      777.776001 2025-12-08 00:29:36
37         10                      777.043945 2025-12-08 00:29:37
38         10                      776.246338 2025-12-08 00:29:38
39         10                      775.393494 2025-12-08 00:29:39
40         10                      774.495483 2025-12-08 00:29:40
41         10                      773.560913 2025-12-08 00:29:41
42         10                      772.598022 2025-12-08 00:29:42
43         10                      771.614319 2025-12-08 00:29:43
44         10                      770.616272 2025-12-08 00:29:44
45         10                      769.610107 2025-12-08 00:29:45
46         10                      768.601257 2025-12-08 00:29:46
47         10                      767.594788 2025-12-08 00:29:47
48         10                      766.595093 2025-12-08 00:29:48
49         10                      765.606262 2025-12-08 00:29:49
50         10                      764.631714 2025-12-08 00:29:50
51         10                      763.674683 2025-12-08 00:29:51
52         10                      762.737976 2025-12-08 00:29:52
53         10                      761.823853 2025-12-08 00:29:53
54         10                      760.934570 2025-12-08 00:29:54
55         10                      760.071777 2025-12-08 00:29:55
56         10                      759.237122 2025-12-08 00:29:56
57         10                      758.431702 2025-12-08 00:29:57
58         10                      757.656738 2025-12-08 00:29:58
59         10                      756.912781 2025-12-08 00:29:59
Forecasted values inserted into database
Exiting forecasting script

No new messages received yet.Trying again...
No new messages received yet.Trying again...
No new messages received yet.Trying again...
No new messages received yet.Trying again...
No new messages received yet.Trying again...
No new messages received yet.Trying again...
No new messages received yet.Trying again...
No new messages received yet.Trying again...
No new messages received yet.Trying again...
No new messages received yet.Trying again...
No new messages received yet.Trying again...
No new messages received yet.Trying again...
No new messages received yet.Trying again...
No new messages received yet.Trying again...
No new messages received yet.Trying again...
2026-05-16 10:29:04.814 INFO  [129507969201856] ConsumerStatsImpl:59 | Consumer [persistent://public/default/device10_model_consume, pythonSubscription, 0] , ConsumerStatsImpl (numBytesRecieved_ = 14304, totalNumBytesRecieved_ = 42720, receivedMsgMap_ = {[Key: Ok, Value: 596], [Key: TimeOut, Value: 217], }, ackedMsgMap_ = {[Key: {Result: Ok, ackType: 0}, Value: 596], }, totalReceivedMsgMap_ = {[Key: Ok, Value: 1780], [Key: TimeOut, Value: 821], }, totalAckedMsgMap_ = {[Key: {Result: Ok, ackType: 0}, Value: 1780], })
No new messages received yet.Trying again...
No new messages received yet.Trying again...
No new messages received yet.Trying again...
No new messages received yet.Trying again...
No new messages received yet.Trying again...
No new messages received yet.Trying again...
No new messages received yet.Trying again...
No new messages received yet.Trying again...
No new messages received yet.Trying again...
No new messages received yet.Trying again...
No new messages received yet.Trying again...
No new messages received yet.Trying again...
No new messages received yet.Trying again...
No new messages received yet.Trying again...

Actual data inserted to database
Triggering retrain for window beetween 00:20:00 and 00:29:59
lasttimestamp is  2025-12-08 00:29:59
retrain.py completed successfully:
Database connection established
Retraining model for device device10 with data from table device10_actualvalues between timestamps 2025-12-08-00-20-00 and 2025-12-08-00-29-59...
Epoch 1/200

[1m1/8[0m [32m━━[0m[37m━━━━━━━━━━━━━━━━━━[0m [1m11s[0m 2s/step - loss: 0.2685
[1m4/8[0m [32m━━━━━━━━━━[0m[37m━━━━━━━━━━[0m [1m0s[0m 22ms/step - loss: 0.2369
[1m7/8[0m [32m━━━━━━━━━━━━━━━━━[0m[37m━━━[0m [1m0s[0m 19ms/step - loss: 0.2072
[1m8/8[0m [32m━━━━━━━━━━━━━━━━━━━━[0m[37m[0m [1m2s[0m 23ms/step - loss: 0.1461
Epoch 2/200

[1m1/8[0m [32m━━[0m[37m━━━━━━━━━━━━━━━━━━[0m [1m0s[0m 50ms/step - loss: 0.0126
[1m4/8[0m [32m━━━━━━━━━━[0m[37m━━━━━━━━━━[0m [1m0s[0m 17ms/step - loss: 0.0168
[1m7/8[0m [32m━━━━━━━━━━━━━━━━━[0m[37m━━━[0m [1m0s[0m 18ms/step - loss: 0.0240
[1m8/8[0m [32m━━━━━━━━━━━━━━━━━━━━[0m[37m[0m [1m0s[0m 23ms/step - loss: 0.0333
Epoch 3/200

[1m1/8[0m [32m━━[0m[37m━━━━━━━━━━━━━━━━━━[0m [1m0s[0m 57ms/step - loss: 0.0549
[1m4/8[0m [32m━━━━━━━━━━[0m[37m━━━━━━━━━━[0m [1m0s[0m 19ms/step - loss: 0.0366
[1m8/8[0m [32m━━━━━━━━━━━━━━━━━━━━[0m[37m[0m [1m0s[0m 17ms/step - loss: 0.0323
[1m8/8[0m [32m━━━━━━━━━━━━━━━━━━━━[0m[37m[0m [1m0s[0m 20ms/step - loss: 0.0258
Epoch 4/200

[1m1/8[0m [32m━━[0m[37m━━━━━━━━━━━━━━━━━━[0m [1m0s[0m 44ms/step - loss: 0.0302
[1m4/8[0m [32m━━━━━━━━━━[0m[37m━━━━━━━━━━[0m [1m0s[0m 18ms/step - loss: 0.0293
[1m7/8[0m [32m━━━━━━━━━━━━━━━━━[0m[37m━━━[0m [1m0s[0m 18ms/step - loss: 0.0269
[1m8/8[0m [32m━━━━━━━━━━━━━━━━━━━━[0m[37m[0m [1m0s[0m 21ms/step - loss: 0.0219
Epoch 5/200

[1m1/8[0m [32m━━[0m[37m━━━━━━━━━━━━━━━━━━[0m [1m0s[0m 52ms/step - loss: 0.0203
[1m3/8[0m [32m━━━━━━━[0m[37m━━━━━━━━━━━━━[0m [1m0s[0m 27ms/step - loss: 0.0236
[1m5/8[0m [32m━━━━━━━━━━━━[0m[37m━━━━━━━━[0m [1m0s[0m 28ms/step - loss: 0.0231
[1m7/8[0m [32m━━━━━━━━━━━━━━━━━[0m[37m━━━[0m [1m0s[0m 30ms/step - loss: 0.0228
[1m8/8[0m [32m━━━━━━━━━━━━━━━━━━━━[0m[37m[0m [1m0s[0m 32ms/step - loss: 0.0206
Epoch 6/200

[1m1/8[0m [32m━━[0m[37m━━━━━━━━━━━━━━━━━━[0m [1m0s[0m 47ms/step - loss: 0.0324
[1m4/8[0m [32m━━━━━━━━━━[0m[37m━━━━━━━━━━[0m [1m0s[0m 22ms/step - loss: 0.0254
[1m7/8[0m [32m━━━━━━━━━━━━━━━━━[0m[37m━━━[0m [1m0s[0m 20ms/step - loss: 0.0237
[1m8/8[0m [32m━━━━━━━━━━━━━━━━━━━━[0m[37m[0m [1m0s[0m 24ms/step - loss: 0.0191
Epoch 7/200

[1m1/8[0m [32m━━[0m[37m━━━━━━━━━━━━━━━━━━[0m [1m0s[0m 57ms/step - loss: 0.0170
[1m4/8[0m [32m━━━━━━━━━━[0m[37m━━━━━━━━━━[0m [1m0s[0m 21ms/step - loss: 0.0189
[1m7/8[0m [32m━━━━━━━━━━━━━━━━━[0m[37m━━━[0m [1m0s[0m 20ms/step - loss: 0.0186
[1m8/8[0m [32m━━━━━━━━━━━━━━━━━━━━[0m[37m[0m [1m0s[0m 23ms/step - loss: 0.0190
Epoch 8/200

[1m1/8[0m [32m━━[0m[37m━━━━━━━━━━━━━━━━━━[0m [1m0s[0m 52ms/step - loss: 0.0277
[1m4/8[0m [32m━━━━━━━━━━[0m[37m━━━━━━━━━━[0m [1m0s[0m 18ms/step - loss: 0.0198
[1m7/8[0m [32m━━━━━━━━━━━━━━━━━[0m[37m━━━[0m [1m0s[0m 19ms/step - loss: 0.0182
[1m8/8[0m [32m━━━━━━━━━━━━━━━━━━━━[0m[37m[0m [1m0s[0m 22ms/step - loss: 0.0182
Epoch 9/200

[1m1/8[0m [32m━━[0m[37m━━━━━━━━━━━━━━━━━━[0m [1m0s[0m 53ms/step - loss: 0.0096
[1m4/8[0m [32m━━━━━━━━━━[0m[37m━━━━━━━━━━[0m [1m0s[0m 21ms/step - loss: 0.0233
[1m7/8[0m [32m━━━━━━━━━━━━━━━━━[0m[37m━━━[0m [1m0s[0m 22ms/step - loss: 0.0217
[1m8/8[0m [32m━━━━━━━━━━━━━━━━━━━━[0m[37m[0m [1m0s[0m 26ms/step - loss: 0.0179
Epoch 10/200

[1m1/8[0m [32m━━[0m[37m━━━━━━━━━━━━━━━━━━[0m [1m0s[0m 60ms/step - loss: 0.0066
[1m4/8[0m [32m━━━━━━━━━━[0m[37m━━━━━━━━━━[0m [1m0s[0m 21ms/step - loss: 0.0087
[1m7/8[0m [32m━━━━━━━━━━━━━━━━━[0m[37m━━━[0m [1m0s[0m 19ms/step - loss: 0.0122
[1m8/8[0m [32m━━━━━━━━━━━━━━━━━━━━[0m[37m[0m [1m0s[0m 22ms/step - loss: 0.0175
Epoch 11/200

[1m1/8[0m [32m━━[0m[37m━━━━━━━━━━━━━━━━━━[0m [1m0s[0m 43ms/step - loss: 0.0228
[1m4/8[0m [32m━━━━━━━━━━[0m[37m━━━━━━━━━━[0m [1m0s[0m 22ms/step - loss: 0.0229
[1m6/8[0m [32m━━━━━━━━━━━━━━━[0m[37m━━━━━[0m [1m0s[0m 28ms/step - loss: 0.0224
[1m8/8[0m [32m━━━━━━━━━━━━━━━━━━━━[0m[37m[0m [1m0s[0m 29ms/step - loss: 0.0180
Epoch 12/200

[1m1/8[0m [32m━━[0m[37m━━━━━━━━━━━━━━━━━━[0m [1m0s[0m 84ms/step - loss: 0.0312
[1m3/8[0m [32m━━━━━━━[0m[37m━━━━━━━━━━━━━[0m [1m0s[0m 30ms/step - loss: 0.0230
[1m5/8[0m [32m━━━━━━━━━━━━[0m[37m━━━━━━━━[0m [1m0s[0m 30ms/step - loss: 0.0204
[1m7/8[0m [32m━━━━━━━━━━━━━━━━━[0m[37m━━━[0m [1m0s[0m 30ms/step - loss: 0.0189
[1m8/8[0m [32m━━━━━━━━━━━━━━━━━━━━[0m[37m[0m [1m0s[0m 34ms/step - loss: 0.0159
Epoch 13/200

[1m1/8[0m [32m━━[0m[37m━━━━━━━━━━━━━━━━━━[0m [1m0s[0m 48ms/step - loss: 0.0078
[1m4/8[0m [32m━━━━━━━━━━[0m[37m━━━━━━━━━━[0m [1m0s[0m 24ms/step - loss: 0.0117
[1m6/8[0m [32m━━━━━━━━━━━━━━━[0m[37m━━━━━[0m [1m0s[0m 26ms/step - loss: 0.0127
[1m8/8[0m [32m━━━━━━━━━━━━━━━━━━━━[0m[37m[0m [1m0s[0m 28ms/step - loss: 0.0153
Epoch 14/200

[1m1/8[0m [32m━━[0m[37m━━━━━━━━━━━━━━━━━━[0m [1m0s[0m 51ms/step - loss: 0.0133
[1m4/8[0m [32m━━━━━━━━━━[0m[37m━━━━━━━━━━[0m [1m0s[0m 19ms/step - loss: 0.0160
[1m7/8[0m [32m━━━━━━━━━━━━━━━━━[0m[37m━━━[0m [1m0s[0m 21ms/step - loss: 0.0166
[1m8/8[0m [32m━━━━━━━━━━━━━━━━━━━━[0m[37m[0m [1m0s[0m 26ms/step - loss: 0.0179
Epoch 15/200

[1m1/8[0m [32m━━[0m[37m━━━━━━━━━━━━━━━━━━[0m [1m0s[0m 54ms/step - loss: 0.0101
[1m4/8[0m [32m━━━━━━━━━━[0m[37m━━━━━━━━━━[0m [1m0s[0m 21ms/step - loss: 0.0167
[1m7/8[0m [32m━━━━━━━━━━━━━━━━━[0m[37m━━━[0m [1m0s[0m 22ms/step - loss: 0.0161
[1m8/8[0m [32m━━━━━━━━━━━━━━━━━━━━[0m[37m[0m [1m0s[0m 26ms/step - loss: 0.0154
Epoch 16/200

[1m1/8[0m [32m━━[0m[37m━━━━━━━━━━━━━━━━━━[0m [1m0s[0m 51ms/step - loss: 0.0077
[1m4/8[0m [32m━━━━━━━━━━[0m[37m━━━━━━━━━━[0m [1m0s[0m 19ms/step - loss: 0.0132
[1m7/8[0m [32m━━━━━━━━━━━━━━━━━[0m[37m━━━[0m [1m0s[0m 18ms/step - loss: 0.0145
[1m8/8[0m [32m━━━━━━━━━━━━━━━━━━━━[0m[37m[0m [1m0s[0m 22ms/step - loss: 0.0152
Epoch 17/200

[1m1/8[0m [32m━━[0m[37m━━━━━━━━━━━━━━━━━━[0m [1m0s[0m 55ms/step - loss: 0.0075
[1m4/8[0m [32m━━━━━━━━━━[0m[37m━━━━━━━━━━[0m [1m0s[0m 21ms/step - loss: 0.0075
[1m6/8[0m [32m━━━━━━━━━━━━━━━[0m[37m━━━━━[0m [1m0s[0m 24ms/step - loss: 0.0102
[1m8/8[0m [32m━━━━━━━━━━━━━━━━━━━━[0m[37m[0m [1m0s[0m 25ms/step - loss: 0.0117
[1m8/8[0m [32m━━━━━━━━━━━━━━━━━━━━[0m[37m[0m [1m0s[0m 32ms/step - loss: 0.0157
Epoch 18/200

[1m1/8[0m [32m━━[0m[37m━━━━━━━━━━━━━━━━━━[0m [1m0s[0m 109ms/step - loss: 0.0049
[1m4/8[0m [32m━━━━━━━━━━[0m[37m━━━━━━━━━━[0m [1m0s[0m 36ms/step - loss: 0.0063 
[1m7/8[0m [32m━━━━━━━━━━━━━━━━━[0m[37m━━━[0m [1m0s[0m 26ms/step - loss: 0.0104
[1m8/8[0m [32m━━━━━━━━━━━━━━━━━━━━[0m[37m[0m [1m0s[0m 28ms/step - loss: 0.0159
Epoch 19/200

[1m1/8[0m [32m━━[0m[37m━━━━━━━━━━━━━━━━━━[0m [1m0s[0m 49ms/step - loss: 0.0380
[1m4/8[0m [32m━━━━━━━━━━[0m[37m━━━━━━━━━━[0m [1m0s[0m 21ms/step - loss: 0.0261
[1m7/8[0m [32m━━━━━━━━━━━━━━━━━[0m[37m━━━[0m [1m0s[0m 19ms/step - loss: 0.0228
[1m8/8[0m [32m━━━━━━━━━━━━━━━━━━━━[0m[37m[0m [1m0s[0m 22ms/step - loss: 0.0169
Epoch 20/200

[1m1/8[0m [32m━━[0m[37m━━━━━━━━━━━━━━━━━━[0m [1m0s[0m 47ms/step - loss: 0.0059
[1m3/8[0m [32m━━━━━━━[0m[37m━━━━━━━━━━━━━[0m [1m0s[0m 35ms/step - loss: 0.0126
[1m5/8[0m [32m━━━━━━━━━━━━[0m[37m━━━━━━━━[0m [1m0s[0m 32ms/step - loss: 0.0129
[1m8/8[0m [32m━━━━━━━━━━━━━━━━━━━━[0m[37m[0m [1m0s[0m 27ms/step - loss: 0.0133
[1m8/8[0m [32m━━━━━━━━━━━━━━━━━━━━[0m[37m[0m [1m0s[0m 31ms/step - loss: 0.0153
Epoch 21/200

[1m1/8[0m [32m━━[0m[37m━━━━━━━━━━━━━━━━━━[0m [1m0s[0m 49ms/step - loss: 0.0052
[1m4/8[0m [32m━━━━━━━━━━[0m[37m━━━━━━━━━━[0m [1m0s[0m 20ms/step - loss: 0.0152
[1m7/8[0m [32m━━━━━━━━━━━━━━━━━[0m[37m━━━[0m [1m0s[0m 21ms/step - loss: 0.0154
[1m8/8[0m [32m━━━━━━━━━━━━━━━━━━━━[0m[37m[0m [1m0s[0m 25ms/step - loss: 0.0161
Epoch 22/200

[1m1/8[0m [32m━━[0m[37m━━━━━━━━━━━━━━━━━━[0m [1m0s[0m 51ms/step - loss: 0.0072
[1m4/8[0m [32m━━━━━━━━━━[0m[37m━━━━━━━━━━[0m [1m0s[0m 22ms/step - loss: 0.0107
[1m7/8[0m [32m━━━━━━━━━━━━━━━━━[0m[37m━━━[0m [1m0s[0m 21ms/step - loss: 0.0135
[1m8/8[0m [32m━━━━━━━━━━━━━━━━━━━━[0m[37m[0m [1m0s[0m 25ms/step - loss: 0.0154
Epoch 23/200

[1m1/8[0m [32m━━[0m[37m━━━━━━━━━━━━━━━━━━[0m [1m0s[0m 58ms/step - loss: 0.0085
[1m4/8[0m [32m━━━━━━━━━━[0m[37m━━━━━━━━━━[0m [1m0s[0m 19ms/step - loss: 0.0096
[1m7/8[0m [32m━━━━━━━━━━━━━━━━━[0m[37m━━━[0m [1m0s[0m 22ms/step - loss: 0.0116
[1m8/8[0m [32m━━━━━━━━━━━━━━━━━━━━[0m[37m[0m [1m0s[0m 31ms/step - loss: 0.0150
Epoch 24/200

[1m1/8[0m [32m━━[0m[37m━━━━━━━━━━━━━━━━━━[0m [1m0s[0m 88ms/step - loss: 0.0089
[1m3/8[0m [32m━━━━━━━[0m[37m━━━━━━━━━━━━━[0m [1m0s[0m 29ms/step - loss: 0.0120
[1m6/8[0m [32m━━━━━━━━━━━━━━━[0m[37m━━━━━[0m [1m0s[0m 22ms/step - loss: 0.0138
[1m8/8[0m [32m━━━━━━━━━━━━━━━━━━━━[0m[37m[0m [1m0s[0m 26ms/step - loss: 0.0137
Epoch 25/200

[1m1/8[0m [32m━━[0m[37m━━━━━━━━━━━━━━━━━━[0m [1m0s[0m 52ms/step - loss: 0.0207
[1m5/8[0m [32m━━━━━━━━━━━━[0m[37m━━━━━━━━[0m [1m0s[0m 16ms/step - loss: 0.0154
[1m8/8[0m [32m━━━━━━━━━━━━━━━━━━━━[0m[37m[0m [1m0s[0m 19ms/step - loss: 0.0149
[1m8/8[0m [32m━━━━━━━━━━━━━━━━━━━━[0m[37m[0m [1m0s[0m 22ms/step - loss: 0.0143
Epoch 26/200

[1m1/8[0m [32m━━[0m[37m━━━━━━━━━━━━━━━━━━[0m [1m0s[0m 60ms/step - loss: 0.0278
[1m4/8[0m [32m━━━━━━━━━━[0m[37m━━━━━━━━━━[0m [1m0s[0m 27ms/step - loss: 0.0223
[1m6/8[0m [32m━━━━━━━━━━━━━━━[0m[37m━━━━━[0m [1m0s[0m 31ms/step - loss: 0.0203
[1m8/8[0m [32m━━━━━━━━━━━━━━━━━━━━[0m[37m[0m [1m0s[0m 32ms/step - loss: 0.0139
Epoch 27/200

[1m1/8[0m [32m━━[0m[37m━━━━━━━━━━━━━━━━━━[0m [1m0s[0m 73ms/step - loss: 0.0242
[1m3/8[0m [32m━━━━━━━[0m[37m━━━━━━━━━━━━━[0m [1m0s[0m 30ms/step - loss: 0.0206
[1m5/8[0m [32m━━━━━━━━━━━━[0m[37m━━━━━━━━[0m [1m0s[0m 32ms/step - loss: 0.0190
[1m7/8[0m [32m━━━━━━━━━━━━━━━━━[0m[37m━━━[0m [1m0s[0m 30ms/step - loss: 0.0178
[1m8/8[0m [32m━━━━━━━━━━━━━━━━━━━━[0m[37m[0m [1m0s[0m 31ms/step - loss: 0.0149
Epoch 28/200

[1m1/8[0m [32m━━[0m[37m━━━━━━━━━━━━━━━━━━[0m [1m0s[0m 59ms/step - loss: 0.0063
[1m3/8[0m [32m━━━━━━━[0m[37m━━━━━━━━━━━━━[0m [1m0s[0m 26ms/step - loss: 0.0107
[1m5/8[0m [32m━━━━━━━━━━━━[0m[37m━━━━━━━━[0m [1m0s[0m 26ms/step - loss: 0.0132
[1m8/8[0m [32m━━━━━━━━━━━━━━━━━━━━[0m[37m[0m [1m0s[0m 27ms/step - loss: 0.0139
Epoch 29/200

[1m1/8[0m [32m━━[0m[37m━━━━━━━━━━━━━━━━━━[0m [1m0s[0m 64ms/step - loss: 0.0100
[1m3/8[0m [32m━━━━━━━[0m[37m━━━━━━━━━━━━━[0m [1m0s[0m 29ms/step - loss: 0.0083
[1m5/8[0m [32m━━━━━━━━━━━━[0m[37m━━━━━━━━[0m [1m0s[0m 30ms/step - loss: 0.0112
[1m8/8[0m [32m━━━━━━━━━━━━━━━━━━━━[0m[37m[0m [1m0s[0m 27ms/step - loss: 0.0121
[1m8/8[0m [32m━━━━━━━━━━━━━━━━━━━━[0m[37m[0m [1m0s[0m 32ms/step - loss: 0.0137
Epoch 30/200

[1m1/8[0m [32m━━[0m[37m━━━━━━━━━━━━━━━━━━[0m [1m0s[0m 57ms/step - loss: 0.0060
[1m3/8[0m [32m━━━━━━━[0m[37m━━━━━━━━━━━━━[0m [1m0s[0m 31ms/step - loss: 0.0080
[1m6/8[0m [32m━━━━━━━━━━━━━━━[0m[37m━━━━━[0m [1m0s[0m 25ms/step - loss: 0.0098
[1m8/8[0m [32m━━━━━━━━━━━━━━━━━━━━[0m[37m[0m [1m0s[0m 28ms/step - loss: 0.0131
Epoch 31/200

[1m1/8[0m [32m━━[0m[37m━━━━━━━━━━━━━━━━━━[0m [1m0s[0m 56ms/step - loss: 0.0225
[1m3/8[0m [32m━━━━━━━[0m[37m━━━━━━━━━━━━━[0m [1m0s[0m 26ms/step - loss: 0.0207
[1m5/8[0m [32m━━━━━━━━━━━━[0m[37m━━━━━━━━[0m [1m0s[0m 36ms/step - loss: 0.0201
[1m6/8[0m [32m━━━━━━━━━━━━━━━[0m[37m━━━━━[0m [1m0s[0m 40ms/step - loss: 0.0194
[1m7/8[0m [32m━━━━━━━━━━━━━━━━━[0m[37m━━━[0m [1m0s[0m 42ms/step - loss: 0.0187
[1m8/8[0m [32m━━━━━━━━━━━━━━━━━━━━[0m[37m[0m [1m0s[0m 46ms/step - loss: 0.0139
Epoch 32/200

[1m1/8[0m [32m━━[0m[37m━━━━━━━━━━━━━━━━━━[0m [1m0s[0m 62ms/step - loss: 0.0217
[1m4/8[0m [32m━━━━━━━━━━[0m[37m━━━━━━━━━━[0m [1m0s[0m 23ms/step - loss: 0.0136
[1m7/8[0m [32m━━━━━━━━━━━━━━━━━[0m[37m━━━[0m [1m0s[0m 22ms/step - loss: 0.0132
[1m8/8[0m [32m━━━━━━━━━━━━━━━━━━━━[0m[37m[0m [1m0s[0m 26ms/step - loss: 0.0132
Epoch 33/200

[1m1/8[0m [32m━━[0m[37m━━━━━━━━━━━━━━━━━━[0m [1m0s[0m 48ms/step - loss: 0.0068
[1m3/8[0m [32m━━━━━━━[0m[37m━━━━━━━━━━━━━[0m [1m0s[0m 26ms/step - loss: 0.0078
[1m5/8[0m [32m━━━━━━━━━━━━[0m[37m━━━━━━━━[0m [1m0s[0m 26ms/step - loss: 0.0092
[1m8/8[0m [32m━━━━━━━━━━━━━━━━━━━━[0m[37m[0m [1m0s[0m 26ms/step - loss: 0.0125
Epoch 34/200

[1m1/8[0m [32m━━[0m[37m━━━━━━━━━━━━━━━━━━[0m [1m0s[0m 58ms/step - loss: 0.0257
[1m4/8[0m [32m━━━━━━━━━━[0m[37m━━━━━━━━━━[0m [1m0s[0m 23ms/step - loss: 0.0230
[1m7/8[0m [32m━━━━━━━━━━━━━━━━━[0m[37m━━━[0m [1m0s[0m 22ms/step - loss: 0.0194
[1m8/8[0m [32m━━━━━━━━━━━━━━━━━━━━[0m[37m[0m [1m0s[0m 32ms/step - loss: 0.0126
Epoch 35/200

[1m1/8[0m [32m━━[0m[37m━━━━━━━━━━━━━━━━━━[0m [1m0s[0m 90ms/step - loss: 0.0286
[1m3/8[0m [32m━━━━━━━[0m[37m━━━━━━━━━━━━━[0m [1m0s[0m 26ms/step - loss: 0.0212
[1m5/8[0m [32m━━━━━━━━━━━━[0m[37m━━━━━━━━[0m [1m0s[0m 26ms/step - loss: 0.0184
[1m7/8[0m [32m━━━━━━━━━━━━━━━━━[0m[37m━━━[0m [1m0s[0m 29ms/step - loss: 0.0168
[1m8/8[0m [32m━━━━━━━━━━━━━━━━━━━━[0m[37m[0m [1m0s[0m 37ms/step - loss: 0.0123
Epoch 36/200

[1m1/8[0m [32m━━[0m[37m━━━━━━━━━━━━━━━━━━[0m [1m0s[0m 87ms/step - loss: 0.0136
[1m3/8[0m [32m━━━━━━━[0m[37m━━━━━━━━━━━━━[0m [1m0s[0m 42ms/step - loss: 0.0110
[1m5/8[0m [32m━━━━━━━━━━━━[0m[37m━━━━━━━━[0m [1m0s[0m 43ms/step - loss: 0.0100
[1m7/8[0m [32m━━━━━━━━━━━━━━━━━[0m[37m━━━[0m [1m0s[0m 40ms/step - loss: 0.0107
[1m8/8[0m [32m━━━━━━━━━━━━━━━━━━━━[0m[37m[0m [1m0s[0m 41ms/step - loss: 0.0136
Epoch 37/200

[1m1/8[0m [32m━━[0m[37m━━━━━━━━━━━━━━━━━━[0m [1m0s[0m 56ms/step - loss: 0.0245
[1m4/8[0m [32m━━━━━━━━━━[0m[37m━━━━━━━━━━[0m [1m0s[0m 21ms/step - loss: 0.0147
[1m6/8[0m [32m━━━━━━━━━━━━━━━[0m[37m━━━━━[0m [1m0s[0m 24ms/step - loss: 0.0129
[1m8/8[0m [32m━━━━━━━━━━━━━━━━━━━━[0m[37m[0m [1m0s[0m 29ms/step - loss: 0.0122
Epoch 38/200

[1m1/8[0m [32m━━[0m[37m━━━━━━━━━━━━━━━━━━[0m [1m0s[0m 58ms/step - loss: 0.0068
[1m4/8[0m [32m━━━━━━━━━━[0m[37m━━━━━━━━━━[0m [1m0s[0m 20ms/step - loss: 0.0101
[1m7/8[0m [32m━━━━━━━━━━━━━━━━━[0m[37m━━━[0m [1m0s[0m 20ms/step - loss: 0.0115
[1m8/8[0m [32m━━━━━━━━━━━━━━━━━━━━[0m[37m[0m [1m0s[0m 25ms/step - loss: 0.0136
Epoch 39/200

[1m1/8[0m [32m━━[0m[37m━━━━━━━━━━━━━━━━━━[0m [1m0s[0m 58ms/step - loss: 0.0084
[1m4/8[0m [32m━━━━━━━━━━[0m[37m━━━━━━━━━━[0m [1m0s[0m 22ms/step - loss: 0.0098
[1m7/8[0m [32m━━━━━━━━━━━━━━━━━[0m[37m━━━[0m [1m0s[0m 23ms/step - loss: 0.0110
[1m8/8[0m [32m━━━━━━━━━━━━━━━━━━━━[0m[37m[0m [1m0s[0m 32ms/step - loss: 0.0124
Epoch 40/200

[1m1/8[0m [32m━━[0m[37m━━━━━━━━━━━━━━━━━━[0m [1m0s[0m 67ms/step - loss: 0.0305
[1m4/8[0m [32m━━━━━━━━━━[0m[37m━━━━━━━━━━[0m [1m0s[0m 24ms/step - loss: 0.0177
[1m6/8[0m [32m━━━━━━━━━━━━━━━[0m[37m━━━━━[0m [1m0s[0m 25ms/step - loss: 0.0155
[1m8/8[0m [32m━━━━━━━━━━━━━━━━━━━━[0m[37m[0m [1m0s[0m 29ms/step - loss: 0.0112
Epoch 41/200

[1m1/8[0m [32m━━[0m[37m━━━━━━━━━━━━━━━━━━[0m [1m0s[0m 46ms/step - loss: 0.0083
[1m4/8[0m [32m━━━━━━━━━━[0m[37m━━━━━━━━━━[0m [1m0s[0m 24ms/step - loss: 0.0080
[1m7/8[0m [32m━━━━━━━━━━━━━━━━━[0m[37m━━━[0m [1m0s[0m 24ms/step - loss: 0.0090
[1m8/8[0m [32m━━━━━━━━━━━━━━━━━━━━[0m[37m[0m [1m0s[0m 28ms/step - loss: 0.0143
Epoch 42/200

[1m1/8[0m [32m━━[0m[37m━━━━━━━━━━━━━━━━━━[0m [1m0s[0m 52ms/step - loss: 0.0325
[1m4/8[0m [32m━━━━━━━━━━[0m[37m━━━━━━━━━━[0m [1m0s[0m 23ms/step - loss: 0.0193
[1m7/8[0m [32m━━━━━━━━━━━━━━━━━[0m[37m━━━[0m [1m0s[0m 22ms/step - loss: 0.0169
[1m8/8[0m [32m━━━━━━━━━━━━━━━━━━━━[0m[37m[0m [1m0s[0m 25ms/step - loss: 0.0121
Epoch 43/200

[1m1/8[0m [32m━━[0m[37m━━━━━━━━━━━━━━━━━━[0m [1m0s[0m 49ms/step - loss: 0.0300
[1m4/8[0m [32m━━━━━━━━━━[0m[37m━━━━━━━━━━[0m [1m0s[0m 20ms/step - loss: 0.0194
[1m7/8[0m [32m━━━━━━━━━━━━━━━━━[0m[37m━━━[0m [1m0s[0m 22ms/step - loss: 0.0167
[1m8/8[0m [32m━━━━━━━━━━━━━━━━━━━━[0m[37m[0m [1m0s[0m 27ms/step - loss: 0.0123
Epoch 44/200

[1m1/8[0m [32m━━[0m[37m━━━━━━━━━━━━━━━━━━[0m [1m0s[0m 79ms/step - loss: 0.0230
[1m3/8[0m [32m━━━━━━━[0m[37m━━━━━━━━━━━━━[0m [1m0s[0m 31ms/step - loss: 0.0187
[1m5/8[0m [32m━━━━━━━━━━━━[0m[37m━━━━━━━━[0m [1m0s[0m 30ms/step - loss: 0.0174
[1m7/8[0m [32m━━━━━━━━━━━━━━━━━[0m[37m━━━[0m [1m0s[0m 29ms/step - loss: 0.0161
[1m8/8[0m [32m━━━━━━━━━━━━━━━━━━━━[0m[37m[0m [1m0s[0m 32ms/step - loss: 0.0117
Epoch 45/200

[1m1/8[0m [32m━━[0m[37m━━━━━━━━━━━━━━━━━━[0m [1m0s[0m 57ms/step - loss: 0.0288
[1m4/8[0m [32m━━━━━━━━━━[0m[37m━━━━━━━━━━[0m [1m0s[0m 25ms/step - loss: 0.0178
[1m6/8[0m [32m━━━━━━━━━━━━━━━[0m[37m━━━━━[0m [1m0s[0m 28ms/step - loss: 0.0155
[1m8/8[0m [32m━━━━━━━━━━━━━━━━━━━━[0m[37m[0m [1m0s[0m 28ms/step - loss: 0.0144
[1m8/8[0m [32m━━━━━━━━━━━━━━━━━━━━[0m[37m[0m [1m0s[0m 33ms/step - loss: 0.0115
Epoch 46/200

[1m1/8[0m [32m━━[0m[37m━━━━━━━━━━━━━━━━━━[0m [1m0s[0m 59ms/step - loss: 0.0043
[1m3/8[0m [32m━━━━━━━[0m[37m━━━━━━━━━━━━━[0m [1m0s[0m 28ms/step - loss: 0.0093
[1m5/8[0m [32m━━━━━━━━━━━━[0m[37m━━━━━━━━[0m [1m0s[0m 27ms/step - loss: 0.0118
[1m7/8[0m [32m━━━━━━━━━━━━━━━━━[0m[37m━━━[0m [1m0s[0m 28ms/step - loss: 0.0119
[1m8/8[0m [32m━━━━━━━━━━━━━━━━━━━━[0m[37m[0m [1m0s[0m 31ms/step - loss: 0.0111
Epoch 47/200

[1m1/8[0m [32m━━[0m[37m━━━━━━━━━━━━━━━━━━[0m [1m0s[0m 67ms/step - loss: 0.0049
[1m3/8[0m [32m━━━━━━━[0m[37m━━━━━━━━━━━━━[0m [1m0s[0m 27ms/step - loss: 0.0048
[1m6/8[0m [32m━━━━━━━━━━━━━━━[0m[37m━━━━━[0m [1m0s[0m 25ms/step - loss: 0.0053
[1m8/8[0m [32m━━━━━━━━━━━━━━━━━━━━[0m[37m[0m [1m0s[0m 30ms/step - loss: 0.0111
Epoch 48/200

[1m1/8[0m [32m━━[0m[37m━━━━━━━━━━━━━━━━━━[0m [1m0s[0m 83ms/step - loss: 0.0039
[1m3/8[0m [32m━━━━━━━[0m[37m━━━━━━━━━━━━━[0m [1m0s[0m 28ms/step - loss: 0.0052
[1m5/8[0m [32m━━━━━━━━━━━━[0m[37m━━━━━━━━[0m [1m0s[0m 27ms/step - loss: 0.0060
[1m7/8[0m [32m━━━━━━━━━━━━━━━━━[0m[37m━━━[0m [1m0s[0m 27ms/step - loss: 0.0073
[1m8/8[0m [32m━━━━━━━━━━━━━━━━━━━━[0m[37m[0m [1m0s[0m 31ms/step - loss: 0.0111
Epoch 49/200

[1m1/8[0m [32m━━[0m[37m━━━━━━━━━━━━━━━━━━[0m [1m0s[0m 63ms/step - loss: 0.0455
[1m3/8[0m [32m━━━━━━━[0m[37m━━━━━━━━━━━━━[0m [1m0s[0m 33ms/step - loss: 0.0296
[1m5/8[0m [32m━━━━━━━━━━━━[0m[37m━━━━━━━━[0m [1m0s[0m 31ms/step - loss: 0.0237
[1m8/8[0m [32m━━━━━━━━━━━━━━━━━━━━[0m[37m[0m [1m0s[0m 26ms/step - loss: 0.0195
[1m8/8[0m [32m━━━━━━━━━━━━━━━━━━━━[0m[37m[0m [1m0s[0m 30ms/step - loss: 0.0119
Epoch 50/200

[1m1/8[0m [32m━━[0m[37m━━━━━━━━━━━━━━━━━━[0m [1m0s[0m 75ms/step - loss: 0.0189
[1m3/8[0m [32m━━━━━━━[0m[37m━━━━━━━━━━━━━[0m [1m0s[0m 28ms/step - loss: 0.0132
[1m5/8[0m [32m━━━━━━━━━━━━[0m[37m━━━━━━━━[0m [1m0s[0m 29ms/step - loss: 0.0118
[1m7/8[0m [32m━━━━━━━━━━━━━━━━━[0m[37m━━━[0m [1m0s[0m 33ms/step - loss: 0.0115
[1m8/8[0m [32m━━━━━━━━━━━━━━━━━━━━[0m[37m[0m [1m0s[0m 35ms/step - loss: 0.0104
Epoch 51/200

[1m1/8[0m [32m━━[0m[37m━━━━━━━━━━━━━━━━━━[0m [1m2s[0m 385ms/step - loss: 0.0119
[1m3/8[0m [32m━━━━━━━[0m[37m━━━━━━━━━━━━━[0m [1m0s[0m 30ms/step - loss: 0.0106 
[1m5/8[0m [32m━━━━━━━━━━━━[0m[37m━━━━━━━━[0m [1m0s[0m 29ms/step - loss: 0.0102
[1m7/8[0m [32m━━━━━━━━━━━━━━━━━[0m[37m━━━[0m [1m0s[0m 29ms/step - loss: 0.0102
[1m8/8[0m [32m━━━━━━━━━━━━━━━━━━━━[0m[37m[0m [1m1s[0m 33ms/step - loss: 0.0111
Epoch 52/200

[1m1/8[0m [32m━━[0m[37m━━━━━━━━━━━━━━━━━━[0m [1m0s[0m 72ms/step - loss: 0.0230
[1m3/8[0m [32m━━━━━━━[0m[37m━━━━━━━━━━━━━[0m [1m0s[0m 28ms/step - loss: 0.0174
[1m5/8[0m [32m━━━━━━━━━━━━[0m[37m━━━━━━━━[0m [1m0s[0m 30ms/step - loss: 0.0155
[1m7/8[0m [32m━━━━━━━━━━━━━━━━━[0m[37m━━━[0m [1m0s[0m 30ms/step - loss: 0.0142
[1m8/8[0m [32m━━━━━━━━━━━━━━━━━━━━[0m[37m[0m [1m0s[0m 34ms/step - loss: 0.0109
Epoch 53/200

[1m1/8[0m [32m━━[0m[37m━━━━━━━━━━━━━━━━━━[0m [1m0s[0m 91ms/step - loss: 0.0057
[1m3/8[0m [32m━━━━━━━[0m[37m━━━━━━━━━━━━━[0m [1m0s[0m 27ms/step - loss: 0.0083
[1m6/8[0m [32m━━━━━━━━━━━━━━━[0m[37m━━━━━[0m [1m0s[0m 23ms/step - loss: 0.0108
[1m8/8[0m [32m━━━━━━━━━━━━━━━━━━━━[0m[37m[0m [1m0s[0m 24ms/step - loss: 0.0107
[1m8/8[0m [32m━━━━━━━━━━━━━━━━━━━━[0m[37m[0m [1m0s[0m 29ms/step - loss: 0.0102
Epoch 54/200

[1m1/8[0m [32m━━[0m[37m━━━━━━━━━━━━━━━━━━[0m [1m0s[0m 50ms/step - loss: 0.0276
[1m4/8[0m [32m━━━━━━━━━━[0m[37m━━━━━━━━━━[0m [1m0s[0m 20ms/step - loss: 0.0162
[1m6/8[0m [32m━━━━━━━━━━━━━━━[0m[37m━━━━━[0m [1m0s[0m 22ms/step - loss: 0.0137
[1m8/8[0m [32m━━━━━━━━━━━━━━━━━━━━[0m[37m[0m [1m0s[0m 26ms/step - loss: 0.0130
[1m8/8[0m [32m━━━━━━━━━━━━━━━━━━━━[0m[37m[0m [1m0s[0m 49ms/step - loss: 0.0111
Epoch 55/200

[1m1/8[0m [32m━━[0m[37m━━━━━━━━━━━━━━━━━━[0m [1m0s[0m 112ms/step - loss: 0.0078
[1m4/8[0m [32m━━━━━━━━━━[0m[37m━━━━━━━━━━[0m [1m0s[0m 20ms/step - loss: 0.0068 
[1m6/8[0m [32m━━━━━━━━━━━━━━━[0m[37m━━━━━[0m [1m0s[0m 23ms/step - loss: 0.0071
[1m8/8[0m [32m━━━━━━━━━━━━━━━━━━━━[0m[37m[0m [1m0s[0m 26ms/step - loss: 0.0083
[1m8/8[0m [32m━━━━━━━━━━━━━━━━━━━━[0m[37m[0m [1m0s[0m 32ms/step - loss: 0.0114
Epoch 56/200

[1m1/8[0m [32m━━[0m[37m━━━━━━━━━━━━━━━━━━[0m [1m0s[0m 57ms/step - loss: 0.0057
[1m4/8[0m [32m━━━━━━━━━━[0m[37m━━━━━━━━━━[0m [1m0s[0m 25ms/step - loss: 0.0063
[1m6/8[0m [32m━━━━━━━━━━━━━━━[0m[37m━━━━━[0m [1m0s[0m 25ms/step - loss: 0.0081
[1m8/8[0m [32m━━━━━━━━━━━━━━━━━━━━[0m[37m[0m [1m0s[0m 28ms/step - loss: 0.0103
Epoch 57/200

[1m1/8[0m [32m━━[0m[37m━━━━━━━━━━━━━━━━━━[0m [1m0s[0m 50ms/step - loss: 0.0040
[1m4/8[0m [32m━━━━━━━━━━[0m[37m━━━━━━━━━━[0m [1m0s[0m 22ms/step - loss: 0.0121
[1m7/8[0m [32m━━━━━━━━━━━━━━━━━[0m[37m━━━[0m [1m0s[0m 23ms/step - loss: 0.0119
[1m8/8[0m [32m━━━━━━━━━━━━━━━━━━━━[0m[37m[0m [1m0s[0m 28ms/step - loss: 0.0101
Epoch 58/200

[1m1/8[0m [32m━━[0m[37m━━━━━━━━━━━━━━━━━━[0m [1m0s[0m 111ms/step - loss: 0.0354
[1m3/8[0m [32m━━━━━━━[0m[37m━━━━━━━━━━━━━[0m [1m0s[0m 26ms/step - loss: 0.0235 
[1m6/8[0m [32m━━━━━━━━━━━━━━━[0m[37m━━━━━[0m [1m0s[0m 24ms/step - loss: 0.0172
[1m8/8[0m [32m━━━━━━━━━━━━━━━━━━━━[0m[37m[0m [1m0s[0m 27ms/step - loss: 0.0106
Epoch 59/200

[1m1/8[0m [32m━━[0m[37m━━━━━━━━━━━━━━━━━━[0m [1m0s[0m 59ms/step - loss: 0.0031
[1m4/8[0m [32m━━━━━━━━━━[0m[37m━━━━━━━━━━[0m [1m0s[0m 19ms/step - loss: 0.0045
[1m6/8[0m [32m━━━━━━━━━━━━━━━[0m[37m━━━━━[0m [1m0s[0m 23ms/step - loss: 0.0058
[1m8/8[0m [32m━━━━━━━━━━━━━━━━━━━━[0m[37m[0m [1m0s[0m 26ms/step - loss: 0.0066
[1m8/8[0m [32m━━━━━━━━━━━━━━━━━━━━[0m[37m[0m [1m0s[0m 31ms/step - loss: 0.0089
Epoch 60/200

[1m1/8[0m [32m━━[0m[37m━━━━━━━━━━━━━━━━━━[0m [1m0s[0m 89ms/step - loss: 0.0039
[1m3/8[0m [32m━━━━━━━[0m[37m━━━━━━━━━━━━━[0m [1m0s[0m 26ms/step - loss: 0.0059
[1m5/8[0m [32m━━━━━━━━━━━━[0m[37m━━━━━━━━[0m [1m0s[0m 27ms/step - loss: 0.0064
[1m7/8[0m [32m━━━━━━━━━━━━━━━━━[0m[37m━━━[0m [1m0s[0m 27ms/step - loss: 0.0070
[1m8/8[0m [32m━━━━━━━━━━━━━━━━━━━━[0m[37m[0m [1m0s[0m 32ms/step - loss: 0.0102
Epoch 61/200

[1m1/8[0m [32m━━[0m[37m━━━━━━━━━━━━━━━━━━[0m [1m0s[0m 60ms/step - loss: 0.0046
[1m3/8[0m [32m━━━━━━━[0m[37m━━━━━━━━━━━━━[0m [1m0s[0m 33ms/step - loss: 0.0055
[1m5/8[0m [32m━━━━━━━━━━━━[0m[37m━━━━━━━━[0m [1m0s[0m 30ms/step - loss: 0.0055
[1m7/8[0m [32m━━━━━━━━━━━━━━━━━[0m[37m━━━[0m [1m0s[0m 34ms/step - loss: 0.0068
[1m8/8[0m [32m━━━━━━━━━━━━━━━━━━━━[0m[37m[0m [1m0s[0m 41ms/step - loss: 0.0094
Epoch 62/200

[1m1/8[0m [32m━━[0m[37m━━━━━━━━━━━━━━━━━━[0m [1m0s[0m 113ms/step - loss: 0.0027
[1m5/8[0m [32m━━━━━━━━━━━━[0m[37m━━━━━━━━[0m [1m0s[0m 17ms/step - loss: 0.0105 
[1m7/8[0m [32m━━━━━━━━━━━━━━━━━[0m[37m━━━[0m [1m0s[0m 20ms/step - loss: 0.0098
[1m8/8[0m [32m━━━━━━━━━━━━━━━━━━━━[0m[37m[0m [1m0s[0m 26ms/step - loss: 0.0089
Epoch 63/200

[1m1/8[0m [32m━━[0m[37m━━━━━━━━━━━━━━━━━━[0m [1m0s[0m 91ms/step - loss: 0.0201
[1m4/8[0m [32m━━━━━━━━━━[0m[37m━━━━━━━━━━[0m [1m0s[0m 28ms/step - loss: 0.0132
[1m6/8[0m [32m━━━━━━━━━━━━━━━[0m[37m━━━━━[0m [1m0s[0m 30ms/step - loss: 0.0123
[1m8/8[0m [32m━━━━━━━━━━━━━━━━━━━━[0m[37m[0m [1m0s[0m 30ms/step - loss: 0.0123
[1m8/8[0m [32m━━━━━━━━━━━━━━━━━━━━[0m[37m[0m [1m0s[0m 37ms/step - loss: 0.0118
Epoch 64/200

[1m1/8[0m [32m━━[0m[37m━━━━━━━━━━━━━━━━━━[0m [1m0s[0m 71ms/step - loss: 0.0036
[1m3/8[0m [32m━━━━━━━[0m[37m━━━━━━━━━━━━━[0m [1m0s[0m 35ms/step - loss: 0.0037
[1m4/8[0m [32m━━━━━━━━━━[0m[37m━━━━━━━━━━[0m [1m0s[0m 46ms/step - loss: 0.0044
[1m5/8[0m [32m━━━━━━━━━━━━[0m[37m━━━━━━━━[0m [1m0s[0m 51ms/step - loss: 0.0057
[1m6/8[0m [32m━━━━━━━━━━━━━━━[0m[37m━━━━━[0m [1m0s[0m 52ms/step - loss: 0.0065
[1m8/8[0m [32m━━━━━━━━━━━━━━━━━━━━[0m[37m[0m [1m0s[0m 50ms/step - loss: 0.0074
[1m8/8[0m [32m━━━━━━━━━━━━━━━━━━━━[0m[37m[0m [1m1s[0m 65ms/step - loss: 0.0096
Epoch 65/200

[1m1/8[0m [32m━━[0m[37m━━━━━━━━━━━━━━━━━━[0m [1m0s[0m 110ms/step - loss: 0.0176
[1m3/8[0m [32m━━━━━━━[0m[37m━━━━━━━━━━━━━[0m [1m0s[0m 37ms/step - loss: 0.0140 
[1m4/8[0m [32m━━━━━━━━━━[0m[37m━━━━━━━━━━[0m [1m0s[0m 43ms/step - loss: 0.0139
[1m6/8[0m [32m━━━━━━━━━━━━━━━[0m[37m━━━━━[0m [1m0s[0m 37ms/step - loss: 0.0130
[1m8/8[0m [32m━━━━━━━━━━━━━━━━━━━━[0m[37m[0m [1m0s[0m 35ms/step - loss: 0.0123
[1m8/8[0m [32m━━━━━━━━━━━━━━━━━━━━[0m[37m[0m [1m0s[0m 41ms/step - loss: 0.0098
Epoch 66/200

[1m1/8[0m [32m━━[0m[37m━━━━━━━━━━━━━━━━━━[0m [1m0s[0m 77ms/step - loss: 0.0271
[1m3/8[0m [32m━━━━━━━[0m[37m━━━━━━━━━━━━━[0m [1m0s[0m 44ms/step - loss: 0.0179
[1m5/8[0m [32m━━━━━━━━━━━━[0m[37m━━━━━━━━[0m [1m0s[0m 42ms/step - loss: 0.0144
[1m7/8[0m [32m━━━━━━━━━━━━━━━━━[0m[37m━━━[0m [1m0s[0m 42ms/step - loss: 0.0129
[1m8/8[0m [32m━━━━━━━━━━━━━━━━━━━━[0m[37m[0m [1m0s[0m 43ms/step - loss: 0.0094
Epoch 67/200

[1m1/8[0m [32m━━[0m[37m━━━━━━━━━━━━━━━━━━[0m [1m0s[0m 84ms/step - loss: 0.0290
[1m3/8[0m [32m━━━━━━━[0m[37m━━━━━━━━━━━━━[0m [1m0s[0m 35ms/step - loss: 0.0204
[1m5/8[0m [32m━━━━━━━━━━━━[0m[37m━━━━━━━━[0m [1m0s[0m 39ms/step - loss: 0.0164
[1m7/8[0m [32m━━━━━━━━━━━━━━━━━[0m[37m━━━[0m [1m0s[0m 36ms/step - loss: 0.0144
[1m8/8[0m [32m━━━━━━━━━━━━━━━━━━━━[0m[37m[0m [1m0s[0m 39ms/step - loss: 0.0093
Epoch 68/200

[1m1/8[0m [32m━━[0m[37m━━━━━━━━━━━━━━━━━━[0m [1m0s[0m 67ms/step - loss: 0.0068
[1m3/8[0m [32m━━━━━━━[0m[37m━━━━━━━━━━━━━[0m [1m0s[0m 41ms/step - loss: 0.0060
[1m5/8[0m [32m━━━━━━━━━━━━[0m[37m━━━━━━━━[0m [1m0s[0m 36ms/step - loss: 0.0059
[1m7/8[0m [32m━━━━━━━━━━━━━━━━━[0m[37m━━━[0m [1m0s[0m 32ms/step - loss: 0.0067
[1m8/8[0m [32m━━━━━━━━━━━━━━━━━━━━[0m[37m[0m [1m0s[0m 35ms/step - loss: 0.0096
Epoch 69/200

[1m1/8[0m [32m━━[0m[37m━━━━━━━━━━━━━━━━━━[0m [1m0s[0m 57ms/step - loss: 0.0184
[1m3/8[0m [32m━━━━━━━[0m[37m━━━━━━━━━━━━━[0m [1m0s[0m 25ms/step - loss: 0.0142
[1m6/8[0m [32m━━━━━━━━━━━━━━━[0m[37m━━━━━[0m [1m0s[0m 25ms/step - loss: 0.0113
[1m8/8[0m [32m━━━━━━━━━━━━━━━━━━━━[0m[37m[0m [1m0s[0m 30ms/step - loss: 0.0098
Epoch 70/200

[1m1/8[0m [32m━━[0m[37m━━━━━━━━━━━━━━━━━━[0m [1m0s[0m 64ms/step - loss: 0.0042
[1m4/8[0m [32m━━━━━━━━━━[0m[37m━━━━━━━━━━[0m [1m0s[0m 21ms/step - loss: 0.0051
[1m6/8[0m [32m━━━━━━━━━━━━━━━[0m[37m━━━━━[0m [1m0s[0m 24ms/step - loss: 0.0061
[1m7/8[0m [32m━━━━━━━━━━━━━━━━━[0m[37m━━━[0m [1m0s[0m 29ms/step - loss: 0.0063
[1m8/8[0m [32m━━━━━━━━━━━━━━━━━━━━[0m[37m[0m [1m0s[0m 34ms/step - loss: 0.0099
Epoch 71/200

[1m1/8[0m [32m━━[0m[37m━━━━━━━━━━━━━━━━━━[0m [1m0s[0m 105ms/step - loss: 0.0116
[1m4/8[0m [32m━━━━━━━━━━[0m[37m━━━━━━━━━━[0m [1m0s[0m 19ms/step - loss: 0.0092 
[1m7/8[0m [32m━━━━━━━━━━━━━━━━━[0m[37m━━━[0m [1m0s[0m 18ms/step - loss: 0.0094
[1m8/8[0m [32m━━━━━━━━━━━━━━━━━━━━[0m[37m[0m [1m0s[0m 25ms/step - loss: 0.0096
Epoch 72/200

[1m1/8[0m [32m━━[0m[37m━━━━━━━━━━━━━━━━━━[0m [1m0s[0m 66ms/step - loss: 0.0032
[1m3/8[0m [32m━━━━━━━[0m[37m━━━━━━━━━━━━━[0m [1m0s[0m 27ms/step - loss: 0.0101
[1m5/8[0m [32m━━━━━━━━━━━━[0m[37m━━━━━━━━[0m [1m0s[0m 27ms/step - loss: 0.0101
[1m7/8[0m [32m━━━━━━━━━━━━━━━━━[0m[37m━━━[0m [1m0s[0m 27ms/step - loss: 0.0097
[1m8/8[0m [32m━━━━━━━━━━━━━━━━━━━━[0m[37m[0m [1m0s[0m 36ms/step - loss: 0.0094
Epoch 73/200

[1m1/8[0m [32m━━[0m[37m━━━━━━━━━━━━━━━━━━[0m [1m0s[0m 97ms/step - loss: 0.0111
[1m3/8[0m [32m━━━━━━━[0m[37m━━━━━━━━━━━━━[0m [1m0s[0m 26ms/step - loss: 0.0108
[1m5/8[0m [32m━━━━━━━━━━━━[0m[37m━━━━━━━━[0m [1m0s[0m 27ms/step - loss: 0.0118
[1m7/8[0m [32m━━━━━━━━━━━━━━━━━[0m[37m━━━[0m [1m0s[0m 26ms/step - loss: 0.0116
[1m8/8[0m [32m━━━━━━━━━━━━━━━━━━━━[0m[37m[0m [1m0s[0m 29ms/step - loss: 0.0102
Epoch 74/200

[1m1/8[0m [32m━━[0m[37m━━━━━━━━━━━━━━━━━━[0m [1m0s[0m 77ms/step - loss: 0.0043
[1m3/8[0m [32m━━━━━━━[0m[37m━━━━━━━━━━━━━[0m [1m0s[0m 35ms/step - loss: 0.0044
[1m5/8[0m [32m━━━━━━━━━━━━[0m[37m━━━━━━━━[0m [1m0s[0m 32ms/step - loss: 0.0046
[1m7/8[0m [32m━━━━━━━━━━━━━━━━━[0m[37m━━━[0m [1m0s[0m 30ms/step - loss: 0.0053
[1m8/8[0m [32m━━━━━━━━━━━━━━━━━━━━[0m[37m[0m [1m0s[0m 35ms/step - loss: 0.0088
Epoch 75/200

[1m1/8[0m [32m━━[0m[37m━━━━━━━━━━━━━━━━━━[0m [1m0s[0m 73ms/step - loss: 0.0113
[1m3/8[0m [32m━━━━━━━[0m[37m━━━━━━━━━━━━━[0m [1m0s[0m 37ms/step - loss: 0.0086
[1m5/8[0m [32m━━━━━━━━━━━━[0m[37m━━━━━━━━[0m [1m0s[0m 35ms/step - loss: 0.0088
[1m7/8[0m [32m━━━━━━━━━━━━━━━━━[0m[37m━━━[0m [1m0s[0m 32ms/step - loss: 0.0092
[1m8/8[0m [32m━━━━━━━━━━━━━━━━━━━━[0m[37m[0m [1m0s[0m 37ms/step - loss: 0.0093
Epoch 76/200

[1m1/8[0m [32m━━[0m[37m━━━━━━━━━━━━━━━━━━[0m [1m0s[0m 68ms/step - loss: 0.0041
[1m3/8[0m [32m━━━━━━━[0m[37m━━━━━━━━━━━━━[0m [1m0s[0m 27ms/step - loss: 0.0066
[1m6/8[0m [32m━━━━━━━━━━━━━━━[0m[37m━━━━━[0m [1m0s[0m 25ms/step - loss: 0.0066
[1m8/8[0m [32m━━━━━━━━━━━━━━━━━━━━[0m[37m[0m [1m0s[0m 30ms/step - loss: 0.0095
Epoch 77/200

[1m1/8[0m [32m━━[0m[37m━━━━━━━━━━━━━━━━━━[0m [1m0s[0m 61ms/step - loss: 0.0261
[1m4/8[0m [32m━━━━━━━━━━[0m[37m━━━━━━━━━━[0m [1m0s[0m 25ms/step - loss: 0.0184
[1m7/8[0m [32m━━━━━━━━━━━━━━━━━[0m[37m━━━[0m [1m0s[0m 26ms/step - loss: 0.0154
[1m8/8[0m [32m━━━━━━━━━━━━━━━━━━━━[0m[37m[0m [1m0s[0m 31ms/step - loss: 0.0102
Epoch 78/200

[1m1/8[0m [32m━━[0m[37m━━━━━━━━━━━━━━━━━━[0m [1m0s[0m 61ms/step - loss: 0.0049
[1m4/8[0m [32m━━━━━━━━━━[0m[37m━━━━━━━━━━[0m [1m0s[0m 19ms/step - loss: 0.0054
[1m7/8[0m [32m━━━━━━━━━━━━━━━━━[0m[37m━━━[0m [1m0s[0m 20ms/step - loss: 0.0072
[1m8/8[0m [32m━━━━━━━━━━━━━━━━━━━━[0m[37m[0m [1m0s[0m 25ms/step - loss: 0.0100
Epoch 79/200

[1m1/8[0m [32m━━[0m[37m━━━━━━━━━━━━━━━━━━[0m [1m0s[0m 68ms/step - loss: 0.0220
[1m3/8[0m [32m━━━━━━━[0m[37m━━━━━━━━━━━━━[0m [1m0s[0m 44ms/step - loss: 0.0154
[1m6/8[0m [32m━━━━━━━━━━━━━━━[0m[37m━━━━━[0m [1m0s[0m 30ms/step - loss: 0.0126
[1m8/8[0m [32m━━━━━━━━━━━━━━━━━━━━[0m[37m[0m [1m0s[0m 38ms/step - loss: 0.0101
Epoch 80/200

[1m1/8[0m [32m━━[0m[37m━━━━━━━━━━━━━━━━━━[0m [1m0s[0m 98ms/step - loss: 0.0087
[1m3/8[0m [32m━━━━━━━[0m[37m━━━━━━━━━━━━━[0m [1m0s[0m 27ms/step - loss: 0.0068
[1m5/8[0m [32m━━━━━━━━━━━━[0m[37m━━━━━━━━[0m [1m0s[0m 37ms/step - loss: 0.0066
[1m7/8[0m [32m━━━━━━━━━━━━━━━━━[0m[37m━━━[0m [1m0s[0m 35ms/step - loss: 0.0066
[1m8/8[0m [32m━━━━━━━━━━━━━━━━━━━━[0m[37m[0m [1m0s[0m 37ms/step - loss: 0.0092
Epoch 81/200

[1m1/8[0m [32m━━[0m[37m━━━━━━━━━━━━━━━━━━[0m [1m0s[0m 70ms/step - loss: 0.0138
[1m3/8[0m [32m━━━━━━━[0m[37m━━━━━━━━━━━━━[0m [1m0s[0m 28ms/step - loss: 0.0101
[1m5/8[0m [32m━━━━━━━━━━━━[0m[37m━━━━━━━━[0m [1m0s[0m 28ms/step - loss: 0.0090
[1m7/8[0m [32m━━━━━━━━━━━━━━━━━[0m[37m━━━[0m [1m0s[0m 27ms/step - loss: 0.0087
[1m8/8[0m [32m━━━━━━━━━━━━━━━━━━━━[0m[37m[0m [1m0s[0m 30ms/step - loss: 0.0086
Epoch 82/200

[1m1/8[0m [32m━━[0m[37m━━━━━━━━━━━━━━━━━━[0m [1m0s[0m 51ms/step - loss: 0.0094
[1m3/8[0m [32m━━━━━━━[0m[37m━━━━━━━━━━━━━[0m [1m0s[0m 27ms/step - loss: 0.0097
[1m5/8[0m [32m━━━━━━━━━━━━[0m[37m━━━━━━━━[0m [1m0s[0m 29ms/step - loss: 0.0100
[1m7/8[0m [32m━━━━━━━━━━━━━━━━━[0m[37m━━━[0m [1m0s[0m 28ms/step - loss: 0.0099
[1m8/8[0m [32m━━━━━━━━━━━━━━━━━━━━[0m[37m[0m [1m0s[0m 34ms/step - loss: 0.0095
Epoch 83/200

[1m1/8[0m [32m━━[0m[37m━━━━━━━━━━━━━━━━━━[0m [1m0s[0m 81ms/step - loss: 0.0121
[1m3/8[0m [32m━━━━━━━[0m[37m━━━━━━━━━━━━━[0m [1m0s[0m 35ms/step - loss: 0.0116
[1m5/8[0m [32m━━━━━━━━━━━━[0m[37m━━━━━━━━[0m [1m0s[0m 34ms/step - loss: 0.0113
[1m6/8[0m [32m━━━━━━━━━━━━━━━[0m[37m━━━━━[0m [1m0s[0m 38ms/step - loss: 0.0111
[1m7/8[0m [32m━━━━━━━━━━━━━━━━━[0m[37m━━━[0m [1m0s[0m 45ms/step - loss: 0.0108
[1m8/8[0m [32m━━━━━━━━━━━━━━━━━━━━[0m[37m[0m [1m0s[0m 48ms/step - loss: 0.0106
[1m8/8[0m [32m━━━━━━━━━━━━━━━━━━━━[0m[37m[0m [1m0s[0m 58ms/step - loss: 0.0089
Epoch 84/200

[1m1/8[0m [32m━━[0m[37m━━━━━━━━━━━━━━━━━━[0m [1m1s[0m 205ms/step - loss: 0.0073
[1m3/8[0m [32m━━━━━━━[0m[37m━━━━━━━━━━━━━[0m [1m0s[0m 37ms/step - loss: 0.0071 
[1m5/8[0m [32m━━━━━━━━━━━━[0m[37m━━━━━━━━[0m [1m0s[0m 32ms/step - loss: 0.0078
[1m8/8[0m [32m━━━━━━━━━━━━━━━━━━━━[0m[37m[0m [1m0s[0m 28ms/step - loss: 0.0081
[1m8/8[0m [32m━━━━━━━━━━━━━━━━━━━━[0m[37m[0m [1m0s[0m 33ms/step - loss: 0.0083
Epoch 85/200

[1m1/8[0m [32m━━[0m[37m━━━━━━━━━━━━━━━━━━[0m [1m0s[0m 59ms/step - loss: 0.0145
[1m3/8[0m [32m━━━━━━━[0m[37m━━━━━━━━━━━━━[0m [1m0s[0m 30ms/step - loss: 0.0103
[1m6/8[0m [32m━━━━━━━━━━━━━━━[0m[37m━━━━━[0m [1m0s[0m 24ms/step - loss: 0.0085
[1m8/8[0m [32m━━━━━━━━━━━━━━━━━━━━[0m[37m[0m [1m0s[0m 24ms/step - loss: 0.0083
[1m8/8[0m [32m━━━━━━━━━━━━━━━━━━━━[0m[37m[0m [1m0s[0m 30ms/step - loss: 0.0077
Epoch 86/200

[1m1/8[0m [32m━━[0m[37m━━━━━━━━━━━━━━━━━━[0m [1m0s[0m 70ms/step - loss: 0.0030
[1m4/8[0m [32m━━━━━━━━━━[0m[37m━━━━━━━━━━[0m [1m0s[0m 22ms/step - loss: 0.0098
[1m6/8[0m [32m━━━━━━━━━━━━━━━[0m[37m━━━━━[0m [1m0s[0m 24ms/step - loss: 0.0101
[1m8/8[0m [32m━━━━━━━━━━━━━━━━━━━━[0m[37m[0m [1m0s[0m 26ms/step - loss: 0.0100
[1m8/8[0m [32m━━━━━━━━━━━━━━━━━━━━[0m[37m[0m [1m0s[0m 31ms/step - loss: 0.0097
Epoch 87/200

[1m1/8[0m [32m━━[0m[37m━━━━━━━━━━━━━━━━━━[0m [1m0s[0m 68ms/step - loss: 0.0033
[1m4/8[0m [32m━━━━━━━━━━[0m[37m━━━━━━━━━━[0m [1m0s[0m 23ms/step - loss: 0.0088
[1m6/8[0m [32m━━━━━━━━━━━━━━━[0m[37m━━━━━[0m [1m0s[0m 28ms/step - loss: 0.0091
[1m8/8[0m [32m━━━━━━━━━━━━━━━━━━━━[0m[37m[0m [1m0s[0m 32ms/step - loss: 0.0084
Epoch 88/200

[1m1/8[0m [32m━━[0m[37m━━━━━━━━━━━━━━━━━━[0m [1m0s[0m 64ms/step - loss: 0.0070
[1m4/8[0m [32m━━━━━━━━━━[0m[37m━━━━━━━━━━[0m [1m0s[0m 21ms/step - loss: 0.0061
[1m7/8[0m [32m━━━━━━━━━━━━━━━━━[0m[37m━━━[0m [1m0s[0m 22ms/step - loss: 0.0067
[1m8/8[0m [32m━━━━━━━━━━━━━━━━━━━━[0m[37m[0m [1m0s[0m 26ms/step - loss: 0.0095
Epoch 89/200

[1m1/8[0m [32m━━[0m[37m━━━━━━━━━━━━━━━━━━[0m [1m0s[0m 86ms/step - loss: 0.0035
[1m4/8[0m [32m━━━━━━━━━━[0m[37m━━━━━━━━━━[0m [1m0s[0m 24ms/step - loss: 0.0049
[1m7/8[0m [32m━━━━━━━━━━━━━━━━━[0m[37m━━━[0m [1m0s[0m 22ms/step - loss: 0.0064
[1m8/8[0m [32m━━━━━━━━━━━━━━━━━━━━[0m[37m[0m [1m0s[0m 27ms/step - loss: 0.0083
Epoch 90/200

[1m1/8[0m [32m━━[0m[37m━━━━━━━━━━━━━━━━━━[0m [1m0s[0m 107ms/step - loss: 0.0040
[1m4/8[0m [32m━━━━━━━━━━[0m[37m━━━━━━━━━━[0m [1m0s[0m 23ms/step - loss: 0.0050 
[1m6/8[0m [32m━━━━━━━━━━━━━━━[0m[37m━━━━━[0m [1m0s[0m 26ms/step - loss: 0.0056
[1m8/8[0m [32m━━━━━━━━━━━━━━━━━━━━[0m[37m[0m [1m0s[0m 27ms/step - loss: 0.0065
[1m8/8[0m [32m━━━━━━━━━━━━━━━━━━━━[0m[37m[0m [1m0s[0m 31ms/step - loss: 0.0090
Epoch 91/200

[1m1/8[0m [32m━━[0m[37m━━━━━━━━━━━━━━━━━━[0m [1m0s[0m 60ms/step - loss: 0.0086
[1m3/8[0m [32m━━━━━━━[0m[37m━━━━━━━━━━━━━[0m [1m0s[0m 25ms/step - loss: 0.0073
[1m5/8[0m [32m━━━━━━━━━━━━[0m[37m━━━━━━━━[0m [1m0s[0m 28ms/step - loss: 0.0067
[1m7/8[0m [32m━━━━━━━━━━━━━━━━━[0m[37m━━━[0m [1m0s[0m 30ms/step - loss: 0.0066
[1m8/8[0m [32m━━━━━━━━━━━━━━━━━━━━[0m[37m[0m [1m0s[0m 38ms/step - loss: 0.0098
Epoch 92/200

[1m1/8[0m [32m━━[0m[37m━━━━━━━━━━━━━━━━━━[0m [1m0s[0m 50ms/step - loss: 0.0034
[1m4/8[0m [32m━━━━━━━━━━[0m[37m━━━━━━━━━━[0m [1m0s[0m 20ms/step - loss: 0.0050
[1m7/8[0m [32m━━━━━━━━━━━━━━━━━[0m[37m━━━[0m [1m0s[0m 19ms/step - loss: 0.0070
[1m8/8[0m [32m━━━━━━━━━━━━━━━━━━━━[0m[37m[0m [1m0s[0m 23ms/step - loss: 0.0094
Epoch 93/200

[1m1/8[0m [32m━━[0m[37m━━━━━━━━━━━━━━━━━━[0m [1m0s[0m 49ms/step - loss: 0.0036
[1m5/8[0m [32m━━━━━━━━━━━━[0m[37m━━━━━━━━[0m [1m0s[0m 16ms/step - loss: 0.0052
[1m8/8[0m [32m━━━━━━━━━━━━━━━━━━━━[0m[37m[0m [1m0s[0m 19ms/step - loss: 0.0061
[1m8/8[0m [32m━━━━━━━━━━━━━━━━━━━━[0m[37m[0m [1m0s[0m 23ms/step - loss: 0.0082
Epoch 94/200

[1m1/8[0m [32m━━[0m[37m━━━━━━━━━━━━━━━━━━[0m [1m0s[0m 54ms/step - loss: 0.0040
[1m4/8[0m [32m━━━━━━━━━━[0m[37m━━━━━━━━━━[0m [1m0s[0m 27ms/step - loss: 0.0069
[1m6/8[0m [32m━━━━━━━━━━━━━━━[0m[37m━━━━━[0m [1m0s[0m 26ms/step - loss: 0.0072
[1m8/8[0m [32m━━━━━━━━━━━━━━━━━━━━[0m[37m[0m [1m0s[0m 26ms/step - loss: 0.0074
[1m8/8[0m [32m━━━━━━━━━━━━━━━━━━━━[0m[37m[0m [1m0s[0m 32ms/step - loss: 0.0077
Epoch 95/200

[1m1/8[0m [32m━━[0m[37m━━━━━━━━━━━━━━━━━━[0m [1m0s[0m 61ms/step - loss: 0.0116
[1m4/8[0m [32m━━━━━━━━━━[0m[37m━━━━━━━━━━[0m [1m0s[0m 24ms/step - loss: 0.0083
[1m6/8[0m [32m━━━━━━━━━━━━━━━[0m[37m━━━━━[0m [1m0s[0m 26ms/step - loss: 0.0086
[1m8/8[0m [32m━━━━━━━━━━━━━━━━━━━━[0m[37m[0m [1m0s[0m 27ms/step - loss: 0.0084
[1m8/8[0m [32m━━━━━━━━━━━━━━━━━━━━[0m[37m[0m [1m0s[0m 33ms/step - loss: 0.0078
Epoch 96/200

[1m1/8[0m [32m━━[0m[37m━━━━━━━━━━━━━━━━━━[0m [1m0s[0m 120ms/step - loss: 0.0036
[1m2/8[0m [32m━━━━━[0m[37m━━━━━━━━━━━━━━━[0m [1m0s[0m 58ms/step - loss: 0.0067 
[1m4/8[0m [32m━━━━━━━━━━[0m[37m━━━━━━━━━━[0m [1m0s[0m 50ms/step - loss: 0.0069
[1m6/8[0m [32m━━━━━━━━━━━━━━━[0m[37m━━━━━[0m [1m0s[0m 42ms/step - loss: 0.0068
[1m8/8[0m [32m━━━━━━━━━━━━━━━━━━━━[0m[37m[0m [1m0s[0m 41ms/step - loss: 0.0088
Epoch 97/200

[1m1/8[0m [32m━━[0m[37m━━━━━━━━━━━━━━━━━━[0m [1m0s[0m 53ms/step - loss: 0.0193
[1m5/8[0m [32m━━━━━━━━━━━━[0m[37m━━━━━━━━[0m [1m0s[0m 16ms/step - loss: 0.0117
[1m8/8[0m [32m━━━━━━━━━━━━━━━━━━━━[0m[37m[0m [1m0s[0m 17ms/step - loss: 0.0103
[1m8/8[0m [32m━━━━━━━━━━━━━━━━━━━━[0m[37m[0m [1m0s[0m 22ms/step - loss: 0.0083
Epoch 98/200

[1m1/8[0m [32m━━[0m[37m━━━━━━━━━━━━━━━━━━[0m [1m0s[0m 47ms/step - loss: 0.0103
[1m4/8[0m [32m━━━━━━━━━━[0m[37m━━━━━━━━━━[0m [1m0s[0m 24ms/step - loss: 0.0075
[1m7/8[0m [32m━━━━━━━━━━━━━━━━━[0m[37m━━━[0m [1m0s[0m 26ms/step - loss: 0.0076
[1m8/8[0m [32m━━━━━━━━━━━━━━━━━━━━[0m[37m[0m [1m0s[0m 30ms/step - loss: 0.0080
Epoch 99/200

[1m1/8[0m [32m━━[0m[37m━━━━━━━━━━━━━━━━━━[0m [1m0s[0m 53ms/step - loss: 0.0039
[1m4/8[0m [32m━━━━━━━━━━[0m[37m━━━━━━━━━━[0m [1m0s[0m 25ms/step - loss: 0.0091
[1m7/8[0m [32m━━━━━━━━━━━━━━━━━[0m[37m━━━[0m [1m0s[0m 24ms/step - loss: 0.0089
[1m8/8[0m [32m━━━━━━━━━━━━━━━━━━━━[0m[37m[0m [1m0s[0m 27ms/step - loss: 0.0081
Epoch 100/200

[1m1/8[0m [32m━━[0m[37m━━━━━━━━━━━━━━━━━━[0m [1m0s[0m 44ms/step - loss: 0.0040
[1m5/8[0m [32m━━━━━━━━━━━━[0m[37m━━━━━━━━[0m [1m0s[0m 19ms/step - loss: 0.0076
[1m7/8[0m [32m━━━━━━━━━━━━━━━━━[0m[37m━━━[0m [1m0s[0m 21ms/step - loss: 0.0079
[1m8/8[0m [32m━━━━━━━━━━━━━━━━━━━━[0m[37m[0m [1m0s[0m 26ms/step - loss: 0.0078
Epoch 101/200

[1m1/8[0m [32m━━[0m[37m━━━━━━━━━━━━━━━━━━[0m [1m0s[0m 88ms/step - loss: 0.0043
[1m2/8[0m [32m━━━━━[0m[37m━━━━━━━━━━━━━━━[0m [1m0s[0m 55ms/step - loss: 0.0043
[1m4/8[0m [32m━━━━━━━━━━[0m[37m━━━━━━━━━━[0m [1m0s[0m 36ms/step - loss: 0.0042
[1m6/8[0m [32m━━━━━━━━━━━━━━━[0m[37m━━━━━[0m [1m0s[0m 34ms/step - loss: 0.0052
[1m8/8[0m [32m━━━━━━━━━━━━━━━━━━━━[0m[37m[0m [1m0s[0m 36ms/step - loss: 0.0078
Epoch 102/200

[1m1/8[0m [32m━━[0m[37m━━━━━━━━━━━━━━━━━━[0m [1m0s[0m 62ms/step - loss: 0.0033
[1m4/8[0m [32m━━━━━━━━━━[0m[37m━━━━━━━━━━[0m [1m0s[0m 17ms/step - loss: 0.0044
[1m7/8[0m [32m━━━━━━━━━━━━━━━━━[0m[37m━━━[0m [1m0s[0m 20ms/step - loss: 0.0053
[1m8/8[0m [32m━━━━━━━━━━━━━━━━━━━━[0m[37m[0m [1m0s[0m 24ms/step - loss: 0.0087
Epoch 103/200

[1m1/8[0m [32m━━[0m[37m━━━━━━━━━━━━━━━━━━[0m [1m0s[0m 54ms/step - loss: 0.0049
[1m4/8[0m [32m━━━━━━━━━━[0m[37m━━━━━━━━━━[0m [1m0s[0m 19ms/step - loss: 0.0068
[1m7/8[0m [32m━━━━━━━━━━━━━━━━━[0m[37m━━━[0m [1m0s[0m 18ms/step - loss: 0.0075
[1m8/8[0m [32m━━━━━━━━━━━━━━━━━━━━[0m[37m[0m [1m0s[0m 22ms/step - loss: 0.0084
Epoch 104/200

[1m1/8[0m [32m━━[0m[37m━━━━━━━━━━━━━━━━━━[0m [1m0s[0m 49ms/step - loss: 0.0040
[1m4/8[0m [32m━━━━━━━━━━[0m[37m━━━━━━━━━━[0m [1m0s[0m 21ms/step - loss: 0.0039
[1m7/8[0m [32m━━━━━━━━━━━━━━━━━[0m[37m━━━[0m [1m0s[0m 21ms/step - loss: 0.0050
[1m8/8[0m [32m━━━━━━━━━━━━━━━━━━━━[0m[37m[0m [1m0s[0m 24ms/step - loss: 0.0080
Epoch 105/200

[1m1/8[0m [32m━━[0m[37m━━━━━━━━━━━━━━━━━━[0m [1m0s[0m 54ms/step - loss: 0.0043
[1m4/8[0m [32m━━━━━━━━━━[0m[37m━━━━━━━━━━[0m [1m0s[0m 23ms/step - loss: 0.0098
[1m7/8[0m [32m━━━━━━━━━━━━━━━━━[0m[37m━━━[0m [1m0s[0m 26ms/step - loss: 0.0091
[1m8/8[0m [32m━━━━━━━━━━━━━━━━━━━━[0m[37m[0m [1m0s[0m 34ms/step - loss: 0.0078
Epoch 106/200

[1m1/8[0m [32m━━[0m[37m━━━━━━━━━━━━━━━━━━[0m [1m0s[0m 75ms/step - loss: 0.0321
[1m4/8[0m [32m━━━━━━━━━━[0m[37m━━━━━━━━━━[0m [1m0s[0m 22ms/step - loss: 0.0193
[1m6/8[0m [32m━━━━━━━━━━━━━━━[0m[37m━━━━━[0m [1m0s[0m 24ms/step - loss: 0.0162
[1m8/8[0m [32m━━━━━━━━━━━━━━━━━━━━[0m[37m[0m [1m0s[0m 25ms/step - loss: 0.0143
[1m8/8[0m [32m━━━━━━━━━━━━━━━━━━━━[0m[37m[0m [1m0s[0m 29ms/step - loss: 0.0085
Epoch 107/200

[1m1/8[0m [32m━━[0m[37m━━━━━━━━━━━━━━━━━━[0m [1m0s[0m 59ms/step - loss: 0.0037
[1m3/8[0m [32m━━━━━━━[0m[37m━━━━━━━━━━━━━[0m [1m0s[0m 28ms/step - loss: 0.0039
[1m7/8[0m [32m━━━━━━━━━━━━━━━━━[0m[37m━━━[0m [1m0s[0m 21ms/step - loss: 0.0067
[1m8/8[0m [32m━━━━━━━━━━━━━━━━━━━━[0m[37m[0m [1m0s[0m 25ms/step - loss: 0.0075
Epoch 108/200

[1m1/8[0m [32m━━[0m[37m━━━━━━━━━━━━━━━━━━[0m [1m0s[0m 61ms/step - loss: 0.0042
[1m4/8[0m [32m━━━━━━━━━━[0m[37m━━━━━━━━━━[0m [1m0s[0m 20ms/step - loss: 0.0038
[1m7/8[0m [32m━━━━━━━━━━━━━━━━━[0m[37m━━━[0m [1m0s[0m 19ms/step - loss: 0.0049
[1m8/8[0m [32m━━━━━━━━━━━━━━━━━━━━[0m[37m[0m [1m0s[0m 29ms/step - loss: 0.0079
Epoch 109/200

[1m1/8[0m [32m━━[0m[37m━━━━━━━━━━━━━━━━━━[0m [1m0s[0m 62ms/step - loss: 0.0070
[1m3/8[0m [32m━━━━━━━[0m[37m━━━━━━━━━━━━━[0m [1m0s[0m 25ms/step - loss: 0.0067
[1m6/8[0m [32m━━━━━━━━━━━━━━━[0m[37m━━━━━[0m [1m0s[0m 24ms/step - loss: 0.0088
[1m8/8[0m [32m━━━━━━━━━━━━━━━━━━━━[0m[37m[0m [1m0s[0m 25ms/step - loss: 0.0088
[1m8/8[0m [32m━━━━━━━━━━━━━━━━━━━━[0m[37m[0m [1m0s[0m 35ms/step - loss: 0.0086
Epoch 110/200

[1m1/8[0m [32m━━[0m[37m━━━━━━━━━━━━━━━━━━[0m [1m0s[0m 56ms/step - loss: 0.0064
[1m4/8[0m [32m━━━━━━━━━━[0m[37m━━━━━━━━━━[0m [1m0s[0m 18ms/step - loss: 0.0058
[1m7/8[0m [32m━━━━━━━━━━━━━━━━━[0m[37m━━━[0m [1m0s[0m 19ms/step - loss: 0.0071
[1m8/8[0m [32m━━━━━━━━━━━━━━━━━━━━[0m[37m[0m [1m0s[0m 23ms/step - loss: 0.0076
Epoch 111/200

[1m1/8[0m [32m━━[0m[37m━━━━━━━━━━━━━━━━━━[0m [1m0s[0m 60ms/step - loss: 0.0106
[1m4/8[0m [32m━━━━━━━━━━[0m[37m━━━━━━━━━━[0m [1m0s[0m 20ms/step - loss: 0.0091
[1m7/8[0m [32m━━━━━━━━━━━━━━━━━[0m[37m━━━[0m [1m0s[0m 21ms/step - loss: 0.0081
[1m8/8[0m [32m━━━━━━━━━━━━━━━━━━━━[0m[37m[0m [1m0s[0m 25ms/step - loss: 0.0081
Epoch 112/200

[1m1/8[0m [32m━━[0m[37m━━━━━━━━━━━━━━━━━━[0m [1m0s[0m 50ms/step - loss: 0.0021
[1m4/8[0m [32m━━━━━━━━━━[0m[37m━━━━━━━━━━[0m [1m0s[0m 19ms/step - loss: 0.0062
[1m7/8[0m [32m━━━━━━━━━━━━━━━━━[0m[37m━━━[0m [1m0s[0m 18ms/step - loss: 0.0073
[1m8/8[0m [32m━━━━━━━━━━━━━━━━━━━━[0m[37m[0m [1m0s[0m 22ms/step - loss: 0.0081
Epoch 113/200

[1m1/8[0m [32m━━[0m[37m━━━━━━━━━━━━━━━━━━[0m [1m0s[0m 67ms/step - loss: 0.0061
[1m4/8[0m [32m━━━━━━━━━━[0m[37m━━━━━━━━━━[0m [1m0s[0m 20ms/step - loss: 0.0072
[1m7/8[0m [32m━━━━━━━━━━━━━━━━━[0m[37m━━━[0m [1m0s[0m 20ms/step - loss: 0.0069
[1m8/8[0m [32m━━━━━━━━━━━━━━━━━━━━[0m[37m[0m [1m0s[0m 24ms/step - loss: 0.0075
Epoch 114/200

[1m1/8[0m [32m━━[0m[37m━━━━━━━━━━━━━━━━━━[0m [1m0s[0m 58ms/step - loss: 0.0053
[1m4/8[0m [32m━━━━━━━━━━[0m[37m━━━━━━━━━━[0m [1m0s[0m 24ms/step - loss: 0.0070
[1m6/8[0m [32m━━━━━━━━━━━━━━━[0m[37m━━━━━[0m [1m0s[0m 32ms/step - loss: 0.0072
[1m8/8[0m [32m━━━━━━━━━━━━━━━━━━━━[0m[37m[0m [1m0s[0m 30ms/step - loss: 0.0073
[1m8/8[0m [32m━━━━━━━━━━━━━━━━━━━━[0m[37m[0m [1m0s[0m 35ms/step - loss: 0.0077
Epoch 115/200

[1m1/8[0m [32m━━[0m[37m━━━━━━━━━━━━━━━━━━[0m [1m0s[0m 50ms/step - loss: 0.0043
[1m4/8[0m [32m━━━━━━━━━━[0m[37m━━━━━━━━━━[0m [1m0s[0m 29ms/step - loss: 0.0061
[1m5/8[0m [32m━━━━━━━━━━━━[0m[37m━━━━━━━━[0m [1m0s[0m 37ms/step - loss: 0.0066
[1m7/8[0m [32m━━━━━━━━━━━━━━━━━[0m[37m━━━[0m [1m0s[0m 35ms/step - loss: 0.0070
[1m8/8[0m [32m━━━━━━━━━━━━━━━━━━━━[0m[37m[0m [1m0s[0m 36ms/step - loss: 0.0083
Epoch 116/200

[1m1/8[0m [32m━━[0m[37m━━━━━━━━━━━━━━━━━━[0m [1m0s[0m 53ms/step - loss: 0.0027
[1m4/8[0m [32m━━━━━━━━━━[0m[37m━━━━━━━━━━[0m [1m0s[0m 20ms/step - loss: 0.0047
[1m7/8[0m [32m━━━━━━━━━━━━━━━━━[0m[37m━━━[0m [1m0s[0m 21ms/step - loss: 0.0061
[1m8/8[0m [32m━━━━━━━━━━━━━━━━━━━━[0m[37m[0m [1m0s[0m 25ms/step - loss: 0.0068
Epoch 117/200

[1m1/8[0m [32m━━[0m[37m━━━━━━━━━━━━━━━━━━[0m [1m0s[0m 61ms/step - loss: 0.0034
[1m4/8[0m [32m━━━━━━━━━━[0m[37m━━━━━━━━━━[0m [1m0s[0m 23ms/step - loss: 0.0037
[1m7/8[0m [32m━━━━━━━━━━━━━━━━━[0m[37m━━━[0m [1m0s[0m 23ms/step - loss: 0.0044
[1m8/8[0m [32m━━━━━━━━━━━━━━━━━━━━[0m[37m[0m [1m0s[0m 27ms/step - loss: 0.0064
Epoch 118/200

[1m1/8[0m [32m━━[0m[37m━━━━━━━━━━━━━━━━━━[0m [1m0s[0m 53ms/step - loss: 0.0202
[1m3/8[0m [32m━━━━━━━[0m[37m━━━━━━━━━━━━━[0m [1m0s[0m 26ms/step - loss: 0.0141
[1m6/8[0m [32m━━━━━━━━━━━━━━━[0m[37m━━━━━[0m [1m0s[0m 23ms/step - loss: 0.0110
[1m8/8[0m [32m━━━━━━━━━━━━━━━━━━━━[0m[37m[0m [1m0s[0m 26ms/step - loss: 0.0073
Epoch 119/200

[1m1/8[0m [32m━━[0m[37m━━━━━━━━━━━━━━━━━━[0m [1m0s[0m 60ms/step - loss: 0.0235
[1m4/8[0m [32m━━━━━━━━━━[0m[37m━━━━━━━━━━[0m [1m0s[0m 23ms/step - loss: 0.0161
[1m7/8[0m [32m━━━━━━━━━━━━━━━━━[0m[37m━━━[0m [1m0s[0m 21ms/step - loss: 0.0132
[1m8/8[0m [32m━━━━━━━━━━━━━━━━━━━━[0m[37m[0m [1m0s[0m 24ms/step - loss: 0.0086
Epoch 120/200

[1m1/8[0m [32m━━[0m[37m━━━━━━━━━━━━━━━━━━[0m [1m0s[0m 113ms/step - loss: 0.0031
[1m3/8[0m [32m━━━━━━━[0m[37m━━━━━━━━━━━━━[0m [1m0s[0m 30ms/step - loss: 0.0034 
[1m6/8[0m [32m━━━━━━━━━━━━━━━[0m[37m━━━━━[0m [1m0s[0m 26ms/step - loss: 0.0058
[1m8/8[0m [32m━━━━━━━━━━━━━━━━━━━━[0m[37m[0m [1m0s[0m 26ms/step - loss: 0.0062
[1m8/8[0m [32m━━━━━━━━━━━━━━━━━━━━[0m[37m[0m [1m0s[0m 31ms/step - loss: 0.0073
Epoch 121/200

[1m1/8[0m [32m━━[0m[37m━━━━━━━━━━━━━━━━━━[0m [1m0s[0m 57ms/step - loss: 0.0041
[1m4/8[0m [32m━━━━━━━━━━[0m[37m━━━━━━━━━━[0m [1m0s[0m 21ms/step - loss: 0.0039
[1m7/8[0m [32m━━━━━━━━━━━━━━━━━[0m[37m━━━[0m [1m0s[0m 21ms/step - loss: 0.0049
[1m8/8[0m [32m━━━━━━━━━━━━━━━━━━━━[0m[37m[0m [1m0s[0m 25ms/step - loss: 0.0076
Epoch 122/200

[1m1/8[0m [32m━━[0m[37m━━━━━━━━━━━━━━━━━━[0m [1m0s[0m 43ms/step - loss: 0.0029
[1m4/8[0m [32m━━━━━━━━━━[0m[37m━━━━━━━━━━[0m [1m0s[0m 21ms/step - loss: 0.0050
[1m7/8[0m [32m━━━━━━━━━━━━━━━━━[0m[37m━━━[0m [1m0s[0m 23ms/step - loss: 0.0061
[1m8/8[0m [32m━━━━━━━━━━━━━━━━━━━━[0m[37m[0m [1m0s[0m 28ms/step - loss: 0.0074
Epoch 123/200

[1m1/8[0m [32m━━[0m[37m━━━━━━━━━━━━━━━━━━[0m [1m0s[0m 53ms/step - loss: 0.0037
[1m4/8[0m [32m━━━━━━━━━━[0m[37m━━━━━━━━━━[0m [1m0s[0m 20ms/step - loss: 0.0083
[1m7/8[0m [32m━━━━━━━━━━━━━━━━━[0m[37m━━━[0m [1m0s[0m 21ms/step - loss: 0.0084
[1m8/8[0m [32m━━━━━━━━━━━━━━━━━━━━[0m[37m[0m [1m0s[0m 26ms/step - loss: 0.0077
Epoch 124/200

[1m1/8[0m [32m━━[0m[37m━━━━━━━━━━━━━━━━━━[0m [1m0s[0m 59ms/step - loss: 0.0046
[1m3/8[0m [32m━━━━━━━[0m[37m━━━━━━━━━━━━━[0m [1m0s[0m 38ms/step - loss: 0.0067
[1m6/8[0m [32m━━━━━━━━━━━━━━━[0m[37m━━━━━[0m [1m0s[0m 27ms/step - loss: 0.0080
[1m8/8[0m [32m━━━━━━━━━━━━━━━━━━━━[0m[37m[0m [1m0s[0m 31ms/step - loss: 0.0076
Epoch 125/200

[1m1/8[0m [32m━━[0m[37m━━━━━━━━━━━━━━━━━━[0m [1m0s[0m 48ms/step - loss: 0.0022
[1m4/8[0m [32m━━━━━━━━━━[0m[37m━━━━━━━━━━[0m [1m0s[0m 21ms/step - loss: 0.0082
[1m7/8[0m [32m━━━━━━━━━━━━━━━━━[0m[37m━━━[0m [1m0s[0m 22ms/step - loss: 0.0078
[1m8/8[0m [32m━━━━━━━━━━━━━━━━━━━━[0m[37m[0m [1m0s[0m 26ms/step - loss: 0.0065
Epoch 126/200

[1m1/8[0m [32m━━[0m[37m━━━━━━━━━━━━━━━━━━[0m [1m0s[0m 54ms/step - loss: 0.0040
[1m4/8[0m [32m━━━━━━━━━━[0m[37m━━━━━━━━━━[0m [1m0s[0m 22ms/step - loss: 0.0040
[1m7/8[0m [32m━━━━━━━━━━━━━━━━━[0m[37m━━━[0m [1m0s[0m 21ms/step - loss: 0.0058
[1m8/8[0m [32m━━━━━━━━━━━━━━━━━━━━[0m[37m[0m [1m0s[0m 26ms/step - loss: 0.0074
Epoch 127/200

[1m1/8[0m [32m━━[0m[37m━━━━━━━━━━━━━━━━━━[0m [1m0s[0m 54ms/step - loss: 0.0159
[1m4/8[0m [32m━━━━━━━━━━[0m[37m━━━━━━━━━━[0m [1m0s[0m 18ms/step - loss: 0.0113
[1m7/8[0m [32m━━━━━━━━━━━━━━━━━[0m[37m━━━[0m [1m0s[0m 18ms/step - loss: 0.0093
[1m8/8[0m [32m━━━━━━━━━━━━━━━━━━━━[0m[37m[0m [1m0s[0m 23ms/step - loss: 0.0060
Epoch 128/200

[1m1/8[0m [32m━━[0m[37m━━━━━━━━━━━━━━━━━━[0m [1m0s[0m 51ms/step - loss: 0.0023
[1m4/8[0m [32m━━━━━━━━━━[0m[37m━━━━━━━━━━[0m [1m0s[0m 19ms/step - loss: 0.0064
[1m7/8[0m [32m━━━━━━━━━━━━━━━━━[0m[37m━━━[0m [1m0s[0m 19ms/step - loss: 0.0071
[1m8/8[0m [32m━━━━━━━━━━━━━━━━━━━━[0m[37m[0m [1m0s[0m 23ms/step - loss: 0.0074
Epoch 129/200

[1m1/8[0m [32m━━[0m[37m━━━━━━━━━━━━━━━━━━[0m [1m0s[0m 49ms/step - loss: 0.0035
[1m4/8[0m [32m━━━━━━━━━━[0m[37m━━━━━━━━━━[0m [1m0s[0m 25ms/step - loss: 0.0038
[1m7/8[0m [32m━━━━━━━━━━━━━━━━━[0m[37m━━━[0m [1m0s[0m 23ms/step - loss: 0.0048
[1m8/8[0m [32m━━━━━━━━━━━━━━━━━━━━[0m[37m[0m [1m0s[0m 28ms/step - loss: 0.0074
Epoch 130/200

[1m1/8[0m [32m━━[0m[37m━━━━━━━━━━━━━━━━━━[0m [1m0s[0m 67ms/step - loss: 0.0043
[1m3/8[0m [32m━━━━━━━[0m[37m━━━━━━━━━━━━━[0m [1m0s[0m 29ms/step - loss: 0.0047
[1m6/8[0m [32m━━━━━━━━━━━━━━━[0m[37m━━━━━[0m [1m0s[0m 25ms/step - loss: 0.0059
[1m8/8[0m [32m━━━━━━━━━━━━━━━━━━━━[0m[37m[0m [1m0s[0m 29ms/step - loss: 0.0071
Epoch 131/200

[1m1/8[0m [32m━━[0m[37m━━━━━━━━━━━━━━━━━━[0m [1m0s[0m 66ms/step - loss: 0.0041
[1m4/8[0m [32m━━━━━━━━━━[0m[37m━━━━━━━━━━[0m [1m0s[0m 21ms/step - loss: 0.0079
[1m7/8[0m [32m━━━━━━━━━━━━━━━━━[0m[37m━━━[0m [1m0s[0m 22ms/step - loss: 0.0077
[1m8/8[0m [32m━━━━━━━━━━━━━━━━━━━━[0m[37m[0m [1m0s[0m 26ms/step - loss: 0.0067
Epoch 132/200

[1m1/8[0m [32m━━[0m[37m━━━━━━━━━━━━━━━━━━[0m [1m0s[0m 76ms/step - loss: 0.0038
[1m4/8[0m [32m━━━━━━━━━━[0m[37m━━━━━━━━━━[0m [1m0s[0m 19ms/step - loss: 0.0044
[1m6/8[0m [32m━━━━━━━━━━━━━━━[0m[37m━━━━━[0m [1m0s[0m 24ms/step - loss: 0.0043
[1m8/8[0m [32m━━━━━━━━━━━━━━━━━━━━[0m[37m[0m [1m0s[0m 27ms/step - loss: 0.0049
[1m8/8[0m [32m━━━━━━━━━━━━━━━━━━━━[0m[37m[0m [1m0s[0m 30ms/step - loss: 0.0063
Epoch 133/200

[1m1/8[0m [32m━━[0m[37m━━━━━━━━━━━━━━━━━━[0m [1m0s[0m 81ms/step - loss: 0.0044
[1m3/8[0m [32m━━━━━━━[0m[37m━━━━━━━━━━━━━[0m [1m0s[0m 32ms/step - loss: 0.0084
[1m5/8[0m [32m━━━━━━━━━━━━[0m[37m━━━━━━━━[0m [1m0s[0m 29ms/step - loss: 0.0080
[1m8/8[0m [32m━━━━━━━━━━━━━━━━━━━━[0m[37m[0m [1m0s[0m 25ms/step - loss: 0.0072
[1m8/8[0m [32m━━━━━━━━━━━━━━━━━━━━[0m[37m[0m [1m0s[0m 29ms/step - loss: 0.0057
Epoch 134/200

[1m1/8[0m [32m━━[0m[37m━━━━━━━━━━━━━━━━━━[0m [1m0s[0m 57ms/step - loss: 0.0031
[1m3/8[0m [32m━━━━━━━[0m[37m━━━━━━━━━━━━━[0m [1m0s[0m 31ms/step - loss: 0.0033
[1m6/8[0m [32m━━━━━━━━━━━━━━━[0m[37m━━━━━[0m [1m0s[0m 26ms/step - loss: 0.0039
[1m8/8[0m [32m━━━━━━━━━━━━━━━━━━━━[0m[37m[0m [1m0s[0m 26ms/step - loss: 0.0042
[1m8/8[0m [32m━━━━━━━━━━━━━━━━━━━━[0m[37m[0m [1m0s[0m 31ms/step - loss: 0.0055
Epoch 135/200

[1m1/8[0m [32m━━[0m[37m━━━━━━━━━━━━━━━━━━[0m [1m0s[0m 108ms/step - loss: 0.0229
[1m3/8[0m [32m━━━━━━━[0m[37m━━━━━━━━━━━━━[0m [1m0s[0m 45ms/step - loss: 0.0158 
[1m4/8[0m [32m━━━━━━━━━━[0m[37m━━━━━━━━━━[0m [1m0s[0m 48ms/step - loss: 0.0141
[1m6/8[0m [32m━━━━━━━━━━━━━━━[0m[37m━━━━━[0m [1m0s[0m 41ms/step - loss: 0.0121
[1m8/8[0m [32m━━━━━━━━━━━━━━━━━━━━[0m[37m[0m [1m0s[0m 40ms/step - loss: 0.0067
Epoch 136/200

[1m1/8[0m [32m━━[0m[37m━━━━━━━━━━━━━━━━━━[0m [1m0s[0m 73ms/step - loss: 0.0055
[1m3/8[0m [32m━━━━━━━[0m[37m━━━━━━━━━━━━━[0m [1m0s[0m 34ms/step - loss: 0.0090
[1m5/8[0m [32m━━━━━━━━━━━━[0m[37m━━━━━━━━[0m [1m0s[0m 34ms/step - loss: 0.0088
[1m7/8[0m [32m━━━━━━━━━━━━━━━━━[0m[37m━━━[0m [1m0s[0m 32ms/step - loss: 0.0084
[1m8/8[0m [32m━━━━━━━━━━━━━━━━━━━━[0m[37m[0m [1m0s[0m 38ms/step - loss: 0.0070
Epoch 137/200

[1m1/8[0m [32m━━[0m[37m━━━━━━━━━━━━━━━━━━[0m [1m0s[0m 55ms/step - loss: 0.0060
[1m4/8[0m [32m━━━━━━━━━━[0m[37m━━━━━━━━━━[0m [1m0s[0m 19ms/step - loss: 0.0059
[1m6/8[0m [32m━━━━━━━━━━━━━━━[0m[37m━━━━━[0m [1m0s[0m 23ms/step - loss: 0.0060
[1m8/8[0m [32m━━━━━━━━━━━━━━━━━━━━[0m[37m[0m [1m0s[0m 28ms/step - loss: 0.0060
Epoch 138/200

[1m1/8[0m [32m━━[0m[37m━━━━━━━━━━━━━━━━━━[0m [1m0s[0m 76ms/step - loss: 0.0033
[1m4/8[0m [32m━━━━━━━━━━[0m[37m━━━━━━━━━━[0m [1m0s[0m 28ms/step - loss: 0.0043
[1m6/8[0m [32m━━━━━━━━━━━━━━━[0m[37m━━━━━[0m [1m0s[0m 30ms/step - loss: 0.0048
[1m7/8[0m [32m━━━━━━━━━━━━━━━━━[0m[37m━━━[0m [1m0s[0m 34ms/step - loss: 0.0050
[1m8/8[0m [32m━━━━━━━━━━━━━━━━━━━━[0m[37m[0m [1m0s[0m 38ms/step - loss: 0.0064
Epoch 139/200

[1m1/8[0m [32m━━[0m[37m━━━━━━━━━━━━━━━━━━[0m [1m0s[0m 82ms/step - loss: 0.0177
[1m3/8[0m [32m━━━━━━━[0m[37m━━━━━━━━━━━━━[0m [1m0s[0m 40ms/step - loss: 0.0124
[1m5/8[0m [32m━━━━━━━━━━━━[0m[37m━━━━━━━━[0m [1m0s[0m 52ms/step - loss: 0.0105
[1m6/8[0m [32m━━━━━━━━━━━━━━━[0m[37m━━━━━[0m [1m0s[0m 54ms/step - loss: 0.0100
[1m8/8[0m [32m━━━━━━━━━━━━━━━━━━━━[0m[37m[0m [1m0s[0m 49ms/step - loss: 0.0092
[1m8/8[0m [32m━━━━━━━━━━━━━━━━━━━━[0m[37m[0m [1m0s[0m 54ms/step - loss: 0.0067
Epoch 140/200

[1m1/8[0m [32m━━[0m[37m━━━━━━━━━━━━━━━━━━[0m [1m0s[0m 94ms/step - loss: 0.0050
[1m4/8[0m [32m━━━━━━━━━━[0m[37m━━━━━━━━━━[0m [1m0s[0m 29ms/step - loss: 0.0073
[1m6/8[0m [32m━━━━━━━━━━━━━━━[0m[37m━━━━━[0m [1m0s[0m 30ms/step - loss: 0.0076
[1m8/8[0m [32m━━━━━━━━━━━━━━━━━━━━[0m[37m[0m [1m0s[0m 31ms/step - loss: 0.0072
Epoch 141/200

[1m1/8[0m [32m━━[0m[37m━━━━━━━━━━━━━━━━━━[0m [1m0s[0m 73ms/step - loss: 0.0032
[1m3/8[0m [32m━━━━━━━[0m[37m━━━━━━━━━━━━━[0m [1m0s[0m 27ms/step - loss: 0.0039
[1m5/8[0m [32m━━━━━━━━━━━━[0m[37m━━━━━━━━[0m [1m0s[0m 27ms/step - loss: 0.0058
[1m7/8[0m [32m━━━━━━━━━━━━━━━━━[0m[37m━━━[0m [1m0s[0m 29ms/step - loss: 0.0066
[1m8/8[0m [32m━━━━━━━━━━━━━━━━━━━━[0m[37m[0m [1m0s[0m 32ms/step - loss: 0.0085
Epoch 142/200

[1m1/8[0m [32m━━[0m[37m━━━━━━━━━━━━━━━━━━[0m [1m0s[0m 61ms/step - loss: 0.0054
[1m3/8[0m [32m━━━━━━━[0m[37m━━━━━━━━━━━━━[0m [1m0s[0m 33ms/step - loss: 0.0044
[1m5/8[0m [32m━━━━━━━━━━━━[0m[37m━━━━━━━━[0m [1m0s[0m 32ms/step - loss: 0.0050
[1m7/8[0m [32m━━━━━━━━━━━━━━━━━[0m[37m━━━[0m [1m0s[0m 31ms/step - loss: 0.0056
[1m8/8[0m [32m━━━━━━━━━━━━━━━━━━━━[0m[37m[0m [1m0s[0m 33ms/step - loss: 0.0069
Epoch 143/200

[1m1/8[0m [32m━━[0m[37m━━━━━━━━━━━━━━━━━━[0m [1m0s[0m 55ms/step - loss: 0.0045
[1m4/8[0m [32m━━━━━━━━━━[0m[37m━━━━━━━━━━[0m [1m0s[0m 23ms/step - loss: 0.0049
[1m7/8[0m [32m━━━━━━━━━━━━━━━━━[0m[37m━━━[0m [1m0s[0m 24ms/step - loss: 0.0053
[1m8/8[0m [32m━━━━━━━━━━━━━━━━━━━━[0m[37m[0m [1m0s[0m 28ms/step - loss: 0.0071
Epoch 144/200

[1m1/8[0m [32m━━[0m[37m━━━━━━━━━━━━━━━━━━[0m [1m0s[0m 83ms/step - loss: 0.0038
[1m3/8[0m [32m━━━━━━━[0m[37m━━━━━━━━━━━━━[0m [1m0s[0m 26ms/step - loss: 0.0074
[1m4/8[0m [32m━━━━━━━━━━[0m[37m━━━━━━━━━━[0m [1m0s[0m 42ms/step - loss: 0.0072
[1m6/8[0m [32m━━━━━━━━━━━━━━━[0m[37m━━━━━[0m [1m0s[0m 39ms/step - loss: 0.0069
[1m8/8[0m [32m━━━━━━━━━━━━━━━━━━━━[0m[37m[0m [1m0s[0m 35ms/step - loss: 0.0066
[1m8/8[0m [32m━━━━━━━━━━━━━━━━━━━━[0m[37m[0m [1m0s[0m 40ms/step - loss: 0.0053
Epoch 145/200

[1m1/8[0m [32m━━[0m[37m━━━━━━━━━━━━━━━━━━[0m [1m0s[0m 60ms/step - loss: 0.0036
[1m4/8[0m [32m━━━━━━━━━━[0m[37m━━━━━━━━━━[0m [1m0s[0m 22ms/step - loss: 0.0042
[1m7/8[0m [32m━━━━━━━━━━━━━━━━━[0m[37m━━━[0m [1m0s[0m 24ms/step - loss: 0.0052
[1m8/8[0m [32m━━━━━━━━━━━━━━━━━━━━[0m[37m[0m [1m0s[0m 33ms/step - loss: 0.0068
Epoch 146/200

[1m1/8[0m [32m━━[0m[37m━━━━━━━━━━━━━━━━━━[0m [1m0s[0m 79ms/step - loss: 0.0045
[1m3/8[0m [32m━━━━━━━[0m[37m━━━━━━━━━━━━━[0m [1m0s[0m 28ms/step - loss: 0.0043
[1m6/8[0m [32m━━━━━━━━━━━━━━━[0m[37m━━━━━[0m [1m0s[0m 24ms/step - loss: 0.0065
[1m8/8[0m [32m━━━━━━━━━━━━━━━━━━━━[0m[37m[0m [1m0s[0m 30ms/step - loss: 0.0067
[1m8/8[0m [32m━━━━━━━━━━━━━━━━━━━━[0m[37m[0m [1m0s[0m 35ms/step - loss: 0.0073
Epoch 147/200

[1m1/8[0m [32m━━[0m[37m━━━━━━━━━━━━━━━━━━[0m [1m0s[0m 55ms/step - loss: 0.0064
[1m4/8[0m [32m━━━━━━━━━━[0m[37m━━━━━━━━━━[0m [1m0s[0m 23ms/step - loss: 0.0082
[1m6/8[0m [32m━━━━━━━━━━━━━━━[0m[37m━━━━━[0m [1m0s[0m 27ms/step - loss: 0.0076
[1m8/8[0m [32m━━━━━━━━━━━━━━━━━━━━[0m[37m[0m [1m0s[0m 27ms/step - loss: 0.0071
[1m8/8[0m [32m━━━━━━━━━━━━━━━━━━━━[0m[37m[0m [1m0s[0m 44ms/step - loss: 0.0055
Epoch 148/200

[1m1/8[0m [32m━━[0m[37m━━━━━━━━━━━━━━━━━━[0m [1m0s[0m 88ms/step - loss: 0.0035
[1m3/8[0m [32m━━━━━━━[0m[37m━━━━━━━━━━━━━[0m [1m0s[0m 27ms/step - loss: 0.0053
[1m5/8[0m [32m━━━━━━━━━━━━[0m[37m━━━━━━━━[0m [1m0s[0m 28ms/step - loss: 0.0062
[1m8/8[0m [32m━━━━━━━━━━━━━━━━━━━━[0m[37m[0m [1m0s[0m 26ms/step - loss: 0.0063
[1m8/8[0m [32m━━━━━━━━━━━━━━━━━━━━[0m[37m[0m [1m0s[0m 33ms/step - loss: 0.0062
Epoch 149/200

[1m1/8[0m [32m━━[0m[37m━━━━━━━━━━━━━━━━━━[0m [1m0s[0m 78ms/step - loss: 0.0053
[1m4/8[0m [32m━━━━━━━━━━[0m[37m━━━━━━━━━━[0m [1m0s[0m 25ms/step - loss: 0.0053
[1m7/8[0m [32m━━━━━━━━━━━━━━━━━[0m[37m━━━[0m [1m0s[0m 25ms/step - loss: 0.0052
[1m8/8[0m [32m━━━━━━━━━━━━━━━━━━━━[0m[37m[0m [1m0s[0m 31ms/step - loss: 0.0064
Epoch 150/200

[1m1/8[0m [32m━━[0m[37m━━━━━━━━━━━━━━━━━━[0m [1m0s[0m 71ms/step - loss: 0.0033
[1m3/8[0m [32m━━━━━━━[0m[37m━━━━━━━━━━━━━[0m [1m0s[0m 63ms/step - loss: 0.0036
[1m5/8[0m [32m━━━━━━━━━━━━[0m[37m━━━━━━━━[0m [1m0s[0m 48ms/step - loss: 0.0048
[1m7/8[0m [32m━━━━━━━━━━━━━━━━━[0m[37m━━━[0m [1m0s[0m 46ms/step - loss: 0.0051
[1m8/8[0m [32m━━━━━━━━━━━━━━━━━━━━[0m[37m[0m [1m0s[0m 46ms/step - loss: 0.0059
Epoch 151/200

[1m1/8[0m [32m━━[0m[37m━━━━━━━━━━━━━━━━━━[0m [1m0s[0m 51ms/step - loss: 0.0020
[1m3/8[0m [32m━━━━━━━[0m[37m━━━━━━━━━━━━━[0m [1m0s[0m 26ms/step - loss: 0.0028
[1m5/8[0m [32m━━━━━━━━━━━━[0m[37m━━━━━━━━[0m [1m0s[0m 31ms/step - loss: 0.0031
[1m7/8[0m [32m━━━━━━━━━━━━━━━━━[0m[37m━━━[0m [1m0s[0m 30ms/step - loss: 0.0037
[1m8/8[0m [32m━━━━━━━━━━━━━━━━━━━━[0m[37m[0m [1m0s[0m 33ms/step - loss: 0.0059
Epoch 152/200

[1m1/8[0m [32m━━[0m[37m━━━━━━━━━━━━━━━━━━[0m [1m0s[0m 93ms/step - loss: 0.0044
[1m4/8[0m [32m━━━━━━━━━━[0m[37m━━━━━━━━━━[0m [1m0s[0m 22ms/step - loss: 0.0038
[1m6/8[0m [32m━━━━━━━━━━━━━━━[0m[37m━━━━━[0m [1m0s[0m 26ms/step - loss: 0.0037
[1m8/8[0m [32m━━━━━━━━━━━━━━━━━━━━[0m[37m[0m [1m0s[0m 29ms/step - loss: 0.0058
Epoch 153/200

[1m1/8[0m [32m━━[0m[37m━━━━━━━━━━━━━━━━━━[0m [1m0s[0m 76ms/step - loss: 0.0041
[1m3/8[0m [32m━━━━━━━[0m[37m━━━━━━━━━━━━━[0m [1m0s[0m 31ms/step - loss: 0.0052
[1m5/8[0m [32m━━━━━━━━━━━━[0m[37m━━━━━━━━[0m [1m0s[0m 28ms/step - loss: 0.0057
[1m7/8[0m [32m━━━━━━━━━━━━━━━━━[0m[37m━━━[0m [1m0s[0m 28ms/step - loss: 0.0058
[1m8/8[0m [32m━━━━━━━━━━━━━━━━━━━━[0m[37m[0m [1m0s[0m 34ms/step - loss: 0.0056
Epoch 154/200

[1m1/8[0m [32m━━[0m[37m━━━━━━━━━━━━━━━━━━[0m [1m0s[0m 134ms/step - loss: 0.0032
[1m2/8[0m [32m━━━━━[0m[37m━━━━━━━━━━━━━━━[0m [1m0s[0m 74ms/step - loss: 0.0038 
[1m4/8[0m [32m━━━━━━━━━━[0m[37m━━━━━━━━━━[0m [1m0s[0m 46ms/step - loss: 0.0061
[1m6/8[0m [32m━━━━━━━━━━━━━━━[0m[37m━━━━━[0m [1m0s[0m 49ms/step - loss: 0.0061
[1m8/8[0m [32m━━━━━━━━━━━━━━━━━━━━[0m[37m[0m [1m0s[0m 46ms/step - loss: 0.0060
[1m8/8[0m [32m━━━━━━━━━━━━━━━━━━━━[0m[37m[0m [1m1s[0m 55ms/step - loss: 0.0056
Epoch 155/200

[1m1/8[0m [32m━━[0m[37m━━━━━━━━━━━━━━━━━━[0m [1m0s[0m 80ms/step - loss: 0.0034
[1m3/8[0m [32m━━━━━━━[0m[37m━━━━━━━━━━━━━[0m [1m0s[0m 26ms/step - loss: 0.0073
[1m5/8[0m [32m━━━━━━━━━━━━[0m[37m━━━━━━━━[0m [1m0s[0m 29ms/step - loss: 0.0075
[1m7/8[0m [32m━━━━━━━━━━━━━━━━━[0m[37m━━━[0m [1m0s[0m 28ms/step - loss: 0.0074
[1m8/8[0m [32m━━━━━━━━━━━━━━━━━━━━[0m[37m[0m [1m0s[0m 34ms/step - loss: 0.0068
Epoch 156/200

[1m1/8[0m [32m━━[0m[37m━━━━━━━━━━━━━━━━━━[0m [1m0s[0m 116ms/step - loss: 0.0034
[1m3/8[0m [32m━━━━━━━[0m[37m━━━━━━━━━━━━━[0m [1m0s[0m 40ms/step - loss: 0.0044 
[1m6/8[0m [32m━━━━━━━━━━━━━━━[0m[37m━━━━━[0m [1m0s[0m 33ms/step - loss: 0.0060
[1m8/8[0m [32m━━━━━━━━━━━━━━━━━━━━[0m[37m[0m [1m0s[0m 33ms/step - loss: 0.0063
Epoch 157/200

[1m1/8[0m [32m━━[0m[37m━━━━━━━━━━━━━━━━━━[0m [1m0s[0m 69ms/step - loss: 0.0030
[1m3/8[0m [32m━━━━━━━[0m[37m━━━━━━━━━━━━━[0m [1m0s[0m 48ms/step - loss: 0.0036
[1m5/8[0m [32m━━━━━━━━━━━━[0m[37m━━━━━━━━[0m [1m0s[0m 39ms/step - loss: 0.0039
[1m7/8[0m [32m━━━━━━━━━━━━━━━━━[0m[37m━━━[0m [1m0s[0m 36ms/step - loss: 0.0043
[1m8/8[0m [32m━━━━━━━━━━━━━━━━━━━━[0m[37m[0m [1m0s[0m 43ms/step - loss: 0.0051
Epoch 158/200

[1m1/8[0m [32m━━[0m[37m━━━━━━━━━━━━━━━━━━[0m [1m0s[0m 66ms/step - loss: 0.0074
[1m3/8[0m [32m━━━━━━━[0m[37m━━━━━━━━━━━━━[0m [1m0s[0m 33ms/step - loss: 0.0063
[1m5/8[0m [32m━━━━━━━━━━━━[0m[37m━━━━━━━━[0m [1m0s[0m 30ms/step - loss: 0.0058
[1m8/8[0m [32m━━━━━━━━━━━━━━━━━━━━[0m[37m[0m [1m0s[0m 27ms/step - loss: 0.0056
[1m8/8[0m [32m━━━━━━━━━━━━━━━━━━━━[0m[37m[0m [1m0s[0m 32ms/step - loss: 0.0063
Epoch 159/200

[1m1/8[0m [32m━━[0m[37m━━━━━━━━━━━━━━━━━━[0m [1m0s[0m 84ms/step - loss: 0.0195
[1m3/8[0m [32m━━━━━━━[0m[37m━━━━━━━━━━━━━[0m [1m0s[0m 34ms/step - loss: 0.0137
[1m5/8[0m [32m━━━━━━━━━━━━[0m[37m━━━━━━━━[0m [1m0s[0m 34ms/step - loss: 0.0116
[1m7/8[0m [32m━━━━━━━━━━━━━━━━━[0m[37m━━━[0m [1m0s[0m 38ms/step - loss: 0.0102
[1m8/8[0m [32m━━━━━━━━━━━━━━━━━━━━[0m[37m[0m [1m0s[0m 42ms/step - loss: 0.0067
Epoch 160/200

[1m1/8[0m [32m━━[0m[37m━━━━━━━━━━━━━━━━━━[0m [1m0s[0m 63ms/step - loss: 0.0024
[1m4/8[0m [32m━━━━━━━━━━[0m[37m━━━━━━━━━━[0m [1m0s[0m 24ms/step - loss: 0.0058
[1m6/8[0m [32m━━━━━━━━━━━━━━━[0m[37m━━━━━[0m [1m0s[0m 26ms/step - loss: 0.0058
[1m8/8[0m [32m━━━━━━━━━━━━━━━━━━━━[0m[37m[0m [1m0s[0m 28ms/step - loss: 0.0057
[1m8/8[0m [32m━━━━━━━━━━━━━━━━━━━━[0m[37m[0m [1m0s[0m 34ms/step - loss: 0.0054
Epoch 161/200

[1m1/8[0m [32m━━[0m[37m━━━━━━━━━━━━━━━━━━[0m [1m0s[0m 67ms/step - loss: 0.0031
[1m3/8[0m [32m━━━━━━━[0m[37m━━━━━━━━━━━━━[0m [1m0s[0m 45ms/step - loss: 0.0040
[1m5/8[0m [32m━━━━━━━━━━━━[0m[37m━━━━━━━━[0m [1m0s[0m 44ms/step - loss: 0.0046
[1m6/8[0m [32m━━━━━━━━━━━━━━━[0m[37m━━━━━[0m [1m0s[0m 46ms/step - loss: 0.0049
[1m8/8[0m [32m━━━━━━━━━━━━━━━━━━━━[0m[37m[0m [1m0s[0m 40ms/step - loss: 0.0051
[1m8/8[0m [32m━━━━━━━━━━━━━━━━━━━━[0m[37m[0m [1m0s[0m 47ms/step - loss: 0.0057
Epoch 162/200

[1m1/8[0m [32m━━[0m[37m━━━━━━━━━━━━━━━━━━[0m [1m0s[0m 57ms/step - loss: 0.0052
[1m4/8[0m [32m━━━━━━━━━━[0m[37m━━━━━━━━━━[0m [1m0s[0m 24ms/step - loss: 0.0057
[1m6/8[0m [32m━━━━━━━━━━━━━━━[0m[37m━━━━━[0m [1m0s[0m 25ms/step - loss: 0.0061
[1m8/8[0m [32m━━━━━━━━━━━━━━━━━━━━[0m[37m[0m [1m0s[0m 26ms/step - loss: 0.0061
[1m8/8[0m [32m━━━━━━━━━━━━━━━━━━━━[0m[37m[0m [1m0s[0m 31ms/step - loss: 0.0060
Epoch 163/200

[1m1/8[0m [32m━━[0m[37m━━━━━━━━━━━━━━━━━━[0m [1m0s[0m 78ms/step - loss: 0.0041
[1m3/8[0m [32m━━━━━━━[0m[37m━━━━━━━━━━━━━[0m [1m0s[0m 42ms/step - loss: 0.0047
[1m5/8[0m [32m━━━━━━━━━━━━[0m[37m━━━━━━━━[0m [1m0s[0m 35ms/step - loss: 0.0051
[1m7/8[0m [32m━━━━━━━━━━━━━━━━━[0m[37m━━━[0m [1m0s[0m 32ms/step - loss: 0.0054
[1m8/8[0m [32m━━━━━━━━━━━━━━━━━━━━[0m[37m[0m [1m0s[0m 34ms/step - loss: 0.0064
Epoch 164/200

[1m1/8[0m [32m━━[0m[37m━━━━━━━━━━━━━━━━━━[0m [1m0s[0m 55ms/step - loss: 0.0069
[1m4/8[0m [32m━━━━━━━━━━[0m[37m━━━━━━━━━━[0m [1m0s[0m 26ms/step - loss: 0.0062
[1m6/8[0m [32m━━━━━━━━━━━━━━━[0m[37m━━━━━[0m [1m0s[0m 28ms/step - loss: 0.0063
[1m8/8[0m [32m━━━━━━━━━━━━━━━━━━━━[0m[37m[0m [1m0s[0m 30ms/step - loss: 0.0057
Epoch 165/200

[1m1/8[0m [32m━━[0m[37m━━━━━━━━━━━━━━━━━━[0m [1m0s[0m 77ms/step - loss: 0.0040
[1m3/8[0m [32m━━━━━━━[0m[37m━━━━━━━━━━━━━[0m [1m0s[0m 39ms/step - loss: 0.0035
[1m5/8[0m [32m━━━━━━━━━━━━[0m[37m━━━━━━━━[0m [1m0s[0m 39ms/step - loss: 0.0042
[1m7/8[0m [32m━━━━━━━━━━━━━━━━━[0m[37m━━━[0m [1m0s[0m 36ms/step - loss: 0.0049
[1m8/8[0m [32m━━━━━━━━━━━━━━━━━━━━[0m[37m[0m [1m0s[0m 40ms/step - loss: 0.0067
Epoch 166/200

[1m1/8[0m [32m━━[0m[37m━━━━━━━━━━━━━━━━━━[0m [1m0s[0m 68ms/step - loss: 0.0032
[1m4/8[0m [32m━━━━━━━━━━[0m[37m━━━━━━━━━━[0m [1m0s[0m 27ms/step - loss: 0.0047
[1m6/8[0m [32m━━━━━━━━━━━━━━━[0m[37m━━━━━[0m [1m0s[0m 26ms/step - loss: 0.0053
[1m8/8[0m [32m━━━━━━━━━━━━━━━━━━━━[0m[37m[0m [1m0s[0m 28ms/step - loss: 0.0055
Epoch 167/200

[1m1/8[0m [32m━━[0m[37m━━━━━━━━━━━━━━━━━━[0m [1m0s[0m 70ms/step - loss: 0.0037
[1m4/8[0m [32m━━━━━━━━━━[0m[37m━━━━━━━━━━[0m [1m0s[0m 22ms/step - loss: 0.0043
[1m7/8[0m [32m━━━━━━━━━━━━━━━━━[0m[37m━━━[0m [1m0s[0m 24ms/step - loss: 0.0049
[1m8/8[0m [32m━━━━━━━━━━━━━━━━━━━━[0m[37m[0m [1m0s[0m 28ms/step - loss: 0.0056
Epoch 168/200

[1m1/8[0m [32m━━[0m[37m━━━━━━━━━━━━━━━━━━[0m [1m0s[0m 54ms/step - loss: 0.0029
[1m4/8[0m [32m━━━━━━━━━━[0m[37m━━━━━━━━━━[0m [1m0s[0m 21ms/step - loss: 0.0034
[1m7/8[0m [32m━━━━━━━━━━━━━━━━━[0m[37m━━━[0m [1m0s[0m 22ms/step - loss: 0.0040
[1m8/8[0m [32m━━━━━━━━━━━━━━━━━━━━[0m[37m[0m [1m0s[0m 29ms/step - loss: 0.0054
Epoch 169/200

[1m1/8[0m [32m━━[0m[37m━━━━━━━━━━━━━━━━━━[0m [1m0s[0m 84ms/step - loss: 0.0157
[1m3/8[0m [32m━━━━━━━[0m[37m━━━━━━━━━━━━━[0m [1m0s[0m 31ms/step - loss: 0.0116
[1m5/8[0m [32m━━━━━━━━━━━━[0m[37m━━━━━━━━[0m [1m0s[0m 31ms/step - loss: 0.0099
[1m6/8[0m [32m━━━━━━━━━━━━━━━[0m[37m━━━━━[0m [1m0s[0m 40ms/step - loss: 0.0093
[1m8/8[0m [32m━━━━━━━━━━━━━━━━━━━━[0m[37m[0m [1m0s[0m 38ms/step - loss: 0.0084
[1m8/8[0m [32m━━━━━━━━━━━━━━━━━━━━[0m[37m[0m [1m0s[0m 44ms/step - loss: 0.0056
Epoch 170/200

[1m1/8[0m [32m━━[0m[37m━━━━━━━━━━━━━━━━━━[0m [1m0s[0m 79ms/step - loss: 0.0128
[1m2/8[0m [32m━━━━━[0m[37m━━━━━━━━━━━━━━━[0m [1m0s[0m 59ms/step - loss: 0.0101
[1m4/8[0m [32m━━━━━━━━━━[0m[37m━━━━━━━━━━[0m [1m0s[0m 41ms/step - loss: 0.0079
[1m6/8[0m [32m━━━━━━━━━━━━━━━[0m[37m━━━━━[0m [1m0s[0m 36ms/step - loss: 0.0070
[1m8/8[0m [32m━━━━━━━━━━━━━━━━━━━━[0m[37m[0m [1m0s[0m 39ms/step - loss: 0.0048
Epoch 171/200

[1m1/8[0m [32m━━[0m[37m━━━━━━━━━━━━━━━━━━[0m [1m0s[0m 58ms/step - loss: 0.0031
[1m3/8[0m [32m━━━━━━━[0m[37m━━━━━━━━━━━━━[0m [1m0s[0m 32ms/step - loss: 0.0049
[1m6/8[0m [32m━━━━━━━━━━━━━━━[0m[37m━━━━━[0m [1m0s[0m 28ms/step - loss: 0.0056
[1m8/8[0m [32m━━━━━━━━━━━━━━━━━━━━[0m[37m[0m [1m0s[0m 27ms/step - loss: 0.0056
[1m8/8[0m [32m━━━━━━━━━━━━━━━━━━━━[0m[37m[0m [1m0s[0m 32ms/step - loss: 0.0052
Epoch 172/200

[1m1/8[0m [32m━━[0m[37m━━━━━━━━━━━━━━━━━━[0m [1m0s[0m 48ms/step - loss: 0.0028
[1m3/8[0m [32m━━━━━━━[0m[37m━━━━━━━━━━━━━[0m [1m0s[0m 28ms/step - loss: 0.0043
[1m5/8[0m [32m━━━━━━━━━━━━[0m[37m━━━━━━━━[0m [1m0s[0m 28ms/step - loss: 0.0052
[1m7/8[0m [32m━━━━━━━━━━━━━━━━━[0m[37m━━━[0m [1m0s[0m 28ms/step - loss: 0.0053
[1m8/8[0m [32m━━━━━━━━━━━━━━━━━━━━[0m[37m[0m [1m0s[0m 30ms/step - loss: 0.0055
Epoch 173/200

[1m1/8[0m [32m━━[0m[37m━━━━━━━━━━━━━━━━━━[0m [1m0s[0m 55ms/step - loss: 0.0141
[1m3/8[0m [32m━━━━━━━[0m[37m━━━━━━━━━━━━━[0m [1m0s[0m 26ms/step - loss: 0.0097
[1m5/8[0m [32m━━━━━━━━━━━━[0m[37m━━━━━━━━[0m [1m0s[0m 26ms/step - loss: 0.0081
[1m7/8[0m [32m━━━━━━━━━━━━━━━━━[0m[37m━━━[0m [1m0s[0m 26ms/step - loss: 0.0072
[1m8/8[0m [32m━━━━━━━━━━━━━━━━━━━━[0m[37m[0m [1m0s[0m 32ms/step - loss: 0.0049
Epoch 174/200

[1m1/8[0m [32m━━[0m[37m━━━━━━━━━━━━━━━━━━[0m [1m0s[0m 63ms/step - loss: 0.0022
[1m3/8[0m [32m━━━━━━━[0m[37m━━━━━━━━━━━━━[0m [1m0s[0m 27ms/step - loss: 0.0030
[1m5/8[0m [32m━━━━━━━━━━━━[0m[37m━━━━━━━━[0m [1m0s[0m 26ms/step - loss: 0.0043
[1m8/8[0m [32m━━━━━━━━━━━━━━━━━━━━[0m[37m[0m [1m0s[0m 25ms/step - loss: 0.0048
[1m8/8[0m [32m━━━━━━━━━━━━━━━━━━━━[0m[37m[0m [1m0s[0m 30ms/step - loss: 0.0053
Epoch 175/200

[1m1/8[0m [32m━━[0m[37m━━━━━━━━━━━━━━━━━━[0m [1m0s[0m 81ms/step - loss: 0.0039
[1m4/8[0m [32m━━━━━━━━━━[0m[37m━━━━━━━━━━[0m [1m0s[0m 24ms/step - loss: 0.0047
[1m7/8[0m [32m━━━━━━━━━━━━━━━━━[0m[37m━━━[0m [1m0s[0m 24ms/step - loss: 0.0049
[1m8/8[0m [32m━━━━━━━━━━━━━━━━━━━━[0m[37m[0m [1m0s[0m 26ms/step - loss: 0.0059
Epoch 176/200

[1m1/8[0m [32m━━[0m[37m━━━━━━━━━━━━━━━━━━[0m [1m0s[0m 49ms/step - loss: 0.0019
[1m4/8[0m [32m━━━━━━━━━━[0m[37m━━━━━━━━━━[0m [1m0s[0m 22ms/step - loss: 0.0025
[1m7/8[0m [32m━━━━━━━━━━━━━━━━━[0m[37m━━━[0m [1m0s[0m 22ms/step - loss: 0.0037
[1m8/8[0m [32m━━━━━━━━━━━━━━━━━━━━[0m[37m[0m [1m0s[0m 27ms/step - loss: 0.0050
Epoch 177/200

[1m1/8[0m [32m━━[0m[37m━━━━━━━━━━━━━━━━━━[0m [1m0s[0m 72ms/step - loss: 0.0165
[1m4/8[0m [32m━━━━━━━━━━[0m[37m━━━━━━━━━━[0m [1m0s[0m 24ms/step - loss: 0.0114
[1m6/8[0m [32m━━━━━━━━━━━━━━━[0m[37m━━━━━[0m [1m0s[0m 31ms/step - loss: 0.0099
[1m8/8[0m [32m━━━━━━━━━━━━━━━━━━━━[0m[37m[0m [1m0s[0m 32ms/step - loss: 0.0090
[1m8/8[0m [32m━━━━━━━━━━━━━━━━━━━━[0m[37m[0m [1m0s[0m 36ms/step - loss: 0.0064
Epoch 178/200

[1m1/8[0m [32m━━[0m[37m━━━━━━━━━━━━━━━━━━[0m [1m0s[0m 58ms/step - loss: 0.0020
[1m4/8[0m [32m━━━━━━━━━━[0m[37m━━━━━━━━━━[0m [1m0s[0m 25ms/step - loss: 0.0037
[1m7/8[0m [32m━━━━━━━━━━━━━━━━━[0m[37m━━━[0m [1m0s[0m 25ms/step - loss: 0.0043
[1m8/8[0m [32m━━━━━━━━━━━━━━━━━━━━[0m[37m[0m [1m0s[0m 37ms/step - loss: 0.0051
Epoch 179/200

[1m1/8[0m [32m━━[0m[37m━━━━━━━━━━━━━━━━━━[0m [1m2s[0m 386ms/step - loss: 0.0044
[1m3/8[0m [32m━━━━━━━[0m[37m━━━━━━━━━━━━━[0m [1m0s[0m 47ms/step - loss: 0.0039 
[1m4/8[0m [32m━━━━━━━━━━[0m[37m━━━━━━━━━━[0m [1m0s[0m 72ms/step - loss: 0.0039
[1m6/8[0m [32m━━━━━━━━━━━━━━━[0m[37m━━━━━[0m [1m0s[0m 58ms/step - loss: 0.0038
[1m8/8[0m [32m━━━━━━━━━━━━━━━━━━━━[0m[37m[0m [1m0s[0m 55ms/step - loss: 0.0041
[1m8/8[0m [32m━━━━━━━━━━━━━━━━━━━━[0m[37m[0m [1m1s[0m 61ms/step - loss: 0.0052
Epoch 180/200

[1m1/8[0m [32m━━[0m[37m━━━━━━━━━━━━━━━━━━[0m [1m1s[0m 156ms/step - loss: 0.0033
[1m3/8[0m [32m━━━━━━━[0m[37m━━━━━━━━━━━━━[0m [1m0s[0m 41ms/step - loss: 0.0034 
[1m4/8[0m [32m━━━━━━━━━━[0m[37m━━━━━━━━━━[0m [1m0s[0m 49ms/step - loss: 0.0041
[1m6/8[0m [32m━━━━━━━━━━━━━━━[0m[37m━━━━━[0m [1m0s[0m 45ms/step - loss: 0.0047
[1m8/8[0m [32m━━━━━━━━━━━━━━━━━━━━[0m[37m[0m [1m0s[0m 41ms/step - loss: 0.0049
[1m8/8[0m [32m━━━━━━━━━━━━━━━━━━━━[0m[37m[0m [1m0s[0m 46ms/step - loss: 0.0057
Epoch 181/200

[1m1/8[0m [32m━━[0m[37m━━━━━━━━━━━━━━━━━━[0m [1m0s[0m 56ms/step - loss: 0.0018
[1m3/8[0m [32m━━━━━━━[0m[37m━━━━━━━━━━━━━[0m [1m0s[0m 26ms/step - loss: 0.0038
[1m5/8[0m [32m━━━━━━━━━━━━[0m[37m━━━━━━━━[0m [1m0s[0m 30ms/step - loss: 0.0048
[1m7/8[0m [32m━━━━━━━━━━━━━━━━━[0m[37m━━━[0m [1m0s[0m 31ms/step - loss: 0.0051
[1m8/8[0m [32m━━━━━━━━━━━━━━━━━━━━[0m[37m[0m [1m0s[0m 37ms/step - loss: 0.0051
Epoch 182/200

[1m1/8[0m [32m━━[0m[37m━━━━━━━━━━━━━━━━━━[0m [1m0s[0m 75ms/step - loss: 0.0141
[1m3/8[0m [32m━━━━━━━[0m[37m━━━━━━━━━━━━━[0m [1m0s[0m 48ms/step - loss: 0.0095
[1m5/8[0m [32m━━━━━━━━━━━━[0m[37m━━━━━━━━[0m [1m0s[0m 39ms/step - loss: 0.0078
[1m7/8[0m [32m━━━━━━━━━━━━━━━━━[0m[37m━━━[0m [1m0s[0m 37ms/step - loss: 0.0069
[1m8/8[0m [32m━━━━━━━━━━━━━━━━━━━━[0m[37m[0m [1m0s[0m 42ms/step - loss: 0.0047
Epoch 183/200

[1m1/8[0m [32m━━[0m[37m━━━━━━━━━━━━━━━━━━[0m [1m0s[0m 80ms/step - loss: 0.0030
[1m4/8[0m [32m━━━━━━━━━━[0m[37m━━━━━━━━━━[0m [1m0s[0m 24ms/step - loss: 0.0058
[1m7/8[0m [32m━━━━━━━━━━━━━━━━━[0m[37m━━━[0m [1m0s[0m 25ms/step - loss: 0.0059
[1m8/8[0m [32m━━━━━━━━━━━━━━━━━━━━[0m[37m[0m [1m0s[0m 29ms/step - loss: 0.0054
Epoch 184/200

[1m1/8[0m [32m━━[0m[37m━━━━━━━━━━━━━━━━━━[0m [1m0s[0m 88ms/step - loss: 0.0041
[1m3/8[0m [32m━━━━━━━[0m[37m━━━━━━━━━━━━━[0m [1m0s[0m 28ms/step - loss: 0.0043
[1m5/8[0m [32m━━━━━━━━━━━━[0m[37m━━━━━━━━[0m [1m0s[0m 33ms/step - loss: 0.0057
[1m7/8[0m [32m━━━━━━━━━━━━━━━━━[0m[37m━━━[0m [1m0s[0m 33ms/step - loss: 0.0060
[1m8/8[0m [32m━━━━━━━━━━━━━━━━━━━━[0m[37m[0m [1m0s[0m 38ms/step - loss: 0.0063
Epoch 185/200

[1m1/8[0m [32m━━[0m[37m━━━━━━━━━━━━━━━━━━[0m [1m0s[0m 66ms/step - loss: 0.0025
[1m4/8[0m [32m━━━━━━━━━━[0m[37m━━━━━━━━━━[0m [1m0s[0m 24ms/step - loss: 0.0031
[1m7/8[0m [32m━━━━━━━━━━━━━━━━━[0m[37m━━━[0m [1m0s[0m 24ms/step - loss: 0.0036
[1m8/8[0m [32m━━━━━━━━━━━━━━━━━━━━[0m[37m[0m [1m0s[0m 29ms/step - loss: 0.0051
Epoch 186/200

[1m1/8[0m [32m━━[0m[37m━━━━━━━━━━━━━━━━━━[0m [1m0s[0m 65ms/step - loss: 0.0054
[1m4/8[0m [32m━━━━━━━━━━[0m[37m━━━━━━━━━━[0m [1m0s[0m 24ms/step - loss: 0.0044
[1m6/8[0m [32m━━━━━━━━━━━━━━━[0m[37m━━━━━[0m [1m0s[0m 25ms/step - loss: 0.0043
[1m8/8[0m [32m━━━━━━━━━━━━━━━━━━━━[0m[37m[0m [1m0s[0m 26ms/step - loss: 0.0046
[1m8/8[0m [32m━━━━━━━━━━━━━━━━━━━━[0m[37m[0m [1m0s[0m 30ms/step - loss: 0.0054
Epoch 187/200

[1m1/8[0m [32m━━[0m[37m━━━━━━━━━━━━━━━━━━[0m [1m0s[0m 69ms/step - loss: 0.0031
[1m3/8[0m [32m━━━━━━━[0m[37m━━━━━━━━━━━━━[0m [1m0s[0m 28ms/step - loss: 0.0031
[1m5/8[0m [32m━━━━━━━━━━━━[0m[37m━━━━━━━━[0m [1m0s[0m 31ms/step - loss: 0.0033
[1m7/8[0m [32m━━━━━━━━━━━━━━━━━[0m[37m━━━[0m [1m0s[0m 33ms/step - loss: 0.0038
[1m8/8[0m [32m━━━━━━━━━━━━━━━━━━━━[0m[37m[0m [1m0s[0m 40ms/step - loss: 0.0057
Epoch 188/200

[1m1/8[0m [32m━━[0m[37m━━━━━━━━━━━━━━━━━━[0m [1m0s[0m 76ms/step - loss: 0.0033
[1m3/8[0m [32m━━━━━━━[0m[37m━━━━━━━━━━━━━[0m [1m0s[0m 36ms/step - loss: 0.0034
[1m4/8[0m [32m━━━━━━━━━━[0m[37m━━━━━━━━━━[0m [1m0s[0m 41ms/step - loss: 0.0034
[1m6/8[0m [32m━━━━━━━━━━━━━━━[0m[37m━━━━━[0m [1m0s[0m 38ms/step - loss: 0.0035
[1m8/8[0m [32m━━━━━━━━━━━━━━━━━━━━[0m[37m[0m [1m0s[0m 40ms/step - loss: 0.0056
Epoch 189/200

[1m1/8[0m [32m━━[0m[37m━━━━━━━━━━━━━━━━━━[0m [1m0s[0m 71ms/step - loss: 0.0170
[1m3/8[0m [32m━━━━━━━[0m[37m━━━━━━━━━━━━━[0m [1m0s[0m 55ms/step - loss: 0.0116
[1m5/8[0m [32m━━━━━━━━━━━━[0m[37m━━━━━━━━[0m [1m0s[0m 44ms/step - loss: 0.0093
[1m7/8[0m [32m━━━━━━━━━━━━━━━━━[0m[37m━━━[0m [1m0s[0m 41ms/step - loss: 0.0081
[1m8/8[0m [32m━━━━━━━━━━━━━━━━━━━━[0m[37m[0m [1m0s[0m 47ms/step - loss: 0.0051
Epoch 190/200

[1m1/8[0m [32m━━[0m[37m━━━━━━━━━━━━━━━━━━[0m [1m0s[0m 87ms/step - loss: 0.0034
[1m3/8[0m [32m━━━━━━━[0m[37m━━━━━━━━━━━━━[0m [1m0s[0m 28ms/step - loss: 0.0041
[1m6/8[0m [32m━━━━━━━━━━━━━━━[0m[37m━━━━━[0m [1m0s[0m 24ms/step - loss: 0.0046
[1m8/8[0m [32m━━━━━━━━━━━━━━━━━━━━[0m[37m[0m [1m0s[0m 30ms/step - loss: 0.0048
[1m8/8[0m [32m━━━━━━━━━━━━━━━━━━━━[0m[37m[0m [1m0s[0m 37ms/step - loss: 0.0054
Epoch 191/200

[1m1/8[0m [32m━━[0m[37m━━━━━━━━━━━━━━━━━━[0m [1m0s[0m 89ms/step - loss: 0.0017
[1m3/8[0m [32m━━━━━━━[0m[37m━━━━━━━━━━━━━[0m [1m0s[0m 36ms/step - loss: 0.0021
[1m5/8[0m [32m━━━━━━━━━━━━[0m[37m━━━━━━━━[0m [1m0s[0m 37ms/step - loss: 0.0024
[1m7/8[0m [32m━━━━━━━━━━━━━━━━━[0m[37m━━━[0m [1m0s[0m 34ms/step - loss: 0.0031
[1m8/8[0m [32m━━━━━━━━━━━━━━━━━━━━[0m[37m[0m [1m0s[0m 37ms/step - loss: 0.0046
Epoch 192/200

[1m1/8[0m [32m━━[0m[37m━━━━━━━━━━━━━━━━━━[0m [1m0s[0m 94ms/step - loss: 0.0171
[1m3/8[0m [32m━━━━━━━[0m[37m━━━━━━━━━━━━━[0m [1m0s[0m 37ms/step - loss: 0.0127
[1m5/8[0m [32m━━━━━━━━━━━━[0m[37m━━━━━━━━[0m [1m0s[0m 34ms/step - loss: 0.0106
[1m7/8[0m [32m━━━━━━━━━━━━━━━━━[0m[37m━━━[0m [1m0s[0m 32ms/step - loss: 0.0094
[1m8/8[0m [32m━━━━━━━━━━━━━━━━━━━━[0m[37m[0m [1m0s[0m 41ms/step - loss: 0.0058
Epoch 193/200

[1m1/8[0m [32m━━[0m[37m━━━━━━━━━━━━━━━━━━[0m [1m0s[0m 69ms/step - loss: 0.0026
[1m3/8[0m [32m━━━━━━━[0m[37m━━━━━━━━━━━━━[0m [1m0s[0m 37ms/step - loss: 0.0040
[1m5/8[0m [32m━━━━━━━━━━━━[0m[37m━━━━━━━━[0m [1m0s[0m 35ms/step - loss: 0.0045
[1m7/8[0m [32m━━━━━━━━━━━━━━━━━[0m[37m━━━[0m [1m0s[0m 38ms/step - loss: 0.0048
[1m8/8[0m [32m━━━━━━━━━━━━━━━━━━━━[0m[37m[0m [1m0s[0m 44ms/step - loss: 0.0054
Epoch 194/200

[1m1/8[0m [32m━━[0m[37m━━━━━━━━━━━━━━━━━━[0m [1m0s[0m 74ms/step - loss: 0.0034
[1m3/8[0m [32m━━━━━━━[0m[37m━━━━━━━━━━━━━[0m [1m0s[0m 41ms/step - loss: 0.0029
[1m5/8[0m [32m━━━━━━━━━━━━[0m[37m━━━━━━━━[0m [1m0s[0m 38ms/step - loss: 0.0039
[1m7/8[0m [32m━━━━━━━━━━━━━━━━━[0m[37m━━━[0m [1m0s[0m 45ms/step - loss: 0.0042
[1m8/8[0m [32m━━━━━━━━━━━━━━━━━━━━[0m[37m[0m [1m0s[0m 48ms/step - loss: 0.0042
[1m8/8[0m [32m━━━━━━━━━━━━━━━━━━━━[0m[37m[0m [1m0s[0m 59ms/step - loss: 0.0047
Epoch 195/200

[1m1/8[0m [32m━━[0m[37m━━━━━━━━━━━━━━━━━━[0m [1m0s[0m 115ms/step - loss: 0.0060
[1m2/8[0m [32m━━━━━[0m[37m━━━━━━━━━━━━━━━[0m [1m0s[0m 58ms/step - loss: 0.0083 
[1m3/8[0m [32m━━━━━━━[0m[37m━━━━━━━━━━━━━[0m [1m0s[0m 60ms/step - loss: 0.0083
[1m4/8[0m [32m━━━━━━━━━━[0m[37m━━━━━━━━━━[0m [1m0s[0m 60ms/step - loss: 0.0079
[1m5/8[0m [32m━━━━━━━━━━━━[0m[37m━━━━━━━━[0m [1m0s[0m 58ms/step - loss: 0.0075
[1m7/8[0m [32m━━━━━━━━━━━━━━━━━[0m[37m━━━[0m [1m0s[0m 47ms/step - loss: 0.0069
[1m8/8[0m [32m━━━━━━━━━━━━━━━━━━━━[0m[37m[0m [1m0s[0m 51ms/step - loss: 0.0052
Epoch 196/200

[1m1/8[0m [32m━━[0m[37m━━━━━━━━━━━━━━━━━━[0m [1m0s[0m 89ms/step - loss: 0.0038
[1m3/8[0m [32m━━━━━━━[0m[37m━━━━━━━━━━━━━[0m [1m0s[0m 31ms/step - loss: 0.0034
[1m5/8[0m [32m━━━━━━━━━━━━[0m[37m━━━━━━━━[0m [1m0s[0m 28ms/step - loss: 0.0046
[1m8/8[0m [32m━━━━━━━━━━━━━━━━━━━━[0m[37m[0m [1m0s[0m 25ms/step - loss: 0.0049
[1m8/8[0m [32m━━━━━━━━━━━━━━━━━━━━[0m[37m[0m [1m0s[0m 29ms/step - loss: 0.0053
Epoch 197/200

[1m1/8[0m [32m━━[0m[37m━━━━━━━━━━━━━━━━━━[0m [1m0s[0m 73ms/step - loss: 0.0024
[1m3/8[0m [32m━━━━━━━[0m[37m━━━━━━━━━━━━━[0m [1m0s[0m 32ms/step - loss: 0.0025
[1m5/8[0m [32m━━━━━━━━━━━━[0m[37m━━━━━━━━[0m [1m0s[0m 31ms/step - loss: 0.0028
[1m7/8[0m [32m━━━━━━━━━━━━━━━━━[0m[37m━━━[0m [1m0s[0m 32ms/step - loss: 0.0032
[1m8/8[0m [32m━━━━━━━━━━━━━━━━━━━━[0m[37m[0m [1m0s[0m 40ms/step - loss: 0.0053
Epoch 198/200

[1m1/8[0m [32m━━[0m[37m━━━━━━━━━━━━━━━━━━[0m [1m0s[0m 108ms/step - loss: 0.0125
[1m3/8[0m [32m━━━━━━━[0m[37m━━━━━━━━━━━━━[0m [1m0s[0m 51ms/step - loss: 0.0087 
[1m5/8[0m [32m━━━━━━━━━━━━[0m[37m━━━━━━━━[0m [1m0s[0m 47ms/step - loss: 0.0075
[1m7/8[0m [32m━━━━━━━━━━━━━━━━━[0m[37m━━━[0m [1m0s[0m 41ms/step - loss: 0.0067
[1m8/8[0m [32m━━━━━━━━━━━━━━━━━━━━[0m[37m[0m [1m0s[0m 43ms/step - loss: 0.0049
Epoch 199/200

[1m1/8[0m [32m━━[0m[37m━━━━━━━━━━━━━━━━━━[0m [1m0s[0m 77ms/step - loss: 0.0040
[1m3/8[0m [32m━━━━━━━[0m[37m━━━━━━━━━━━━━[0m [1m0s[0m 26ms/step - loss: 0.0035
[1m5/8[0m [32m━━━━━━━━━━━━[0m[37m━━━━━━━━[0m [1m0s[0m 28ms/step - loss: 0.0046
[1m8/8[0m [32m━━━━━━━━━━━━━━━━━━━━[0m[37m[0m [1m0s[0m 24ms/step - loss: 0.0050
[1m8/8[0m [32m━━━━━━━━━━━━━━━━━━━━[0m[37m[0m [1m0s[0m 27ms/step - loss: 0.0056
Epoch 200/200

[1m1/8[0m [32m━━[0m[37m━━━━━━━━━━━━━━━━━━[0m [1m0s[0m 65ms/step - loss: 0.0040
[1m4/8[0m [32m━━━━━━━━━━[0m[37m━━━━━━━━━━[0m [1m0s[0m 35ms/step - loss: 0.0056
[1m7/8[0m [32m━━━━━━━━━━━━━━━━━[0m[37m━━━[0m [1m0s[0m 28ms/step - loss: 0.0058
[1m8/8[0m [32m━━━━━━━━━━━━━━━━━━━━[0m[37m[0m [1m0s[0m 31ms/step - loss: 0.0060
Using bucket name: missingtimestamp
Bucket missingtimestamp created.
Uploading device10.keras to bucket missingtimestamp...
device10.keras uploaded to bucket missingtimestamp.
Uploading scaler to bucket missingtimestamp...
scaler.save uploaded to bucket missingtimestamp.

Model path is:  2025-12-08-00-20-00-2025-12-08-00-29-59-model
Triggering forecasting with retrained model
Forecasting.py script logs
Database connection established
Value of --retrain flag: True

Forecasting for retrained model using device10/2025-12-08-00-20-00-2025-12-08-00-29-59-model/device10.keras and device10/2025-12-08-00-20-00-2025-12-08-00-29-59-model/scaler.save
Successfully downloaded model and scaler from S3

Actual values fetched from database
    sensor_id  sensor_energy_value    sensor_timestamp  message_delay
0          10                593.2 2025-12-08 00:29:00        59122.0
1          10                589.1 2025-12-08 00:29:01        58121.0
2          10                587.2 2025-12-08 00:29:02        57120.0
3          10                587.6 2025-12-08 00:29:03        56117.0
4          10                589.7 2025-12-08 00:29:04        55115.0
5          10                586.5 2025-12-08 00:29:05        54114.0
6          10                589.9 2025-12-08 00:29:06        53111.0
7          10                588.8 2025-12-08 00:29:07        52110.0
8          10                585.4 2025-12-08 00:29:08        51109.0
9          10                586.3 2025-12-08 00:29:09        50106.0
10         10                592.5 2025-12-08 00:29:10        49104.0
11         10                585.9 2025-12-08 00:29:11        48103.0
12         10                584.8 2025-12-08 00:29:12        47101.0
13         10                586.6 2025-12-08 00:29:13        46100.0
14         10                587.3 2025-12-08 00:29:14        45099.0
15         10                584.6 2025-12-08 00:29:15        44097.0
16         10                585.5 2025-12-08 00:29:16        43095.0
17         10                585.7 2025-12-08 00:29:17        42094.0
18         10                584.7 2025-12-08 00:29:18        41091.0
19         10                591.8 2025-12-08 00:29:19        40089.0
20         10                592.7 2025-12-08 00:29:20        39085.0
21         10                588.5 2025-12-08 00:29:21        38083.0
22         10                589.7 2025-12-08 00:29:22        37081.0
23         10                592.6 2025-12-08 00:29:23        36079.0
24         10                588.1 2025-12-08 00:29:24        35078.0
25         10                585.8 2025-12-08 00:29:25        34077.0
26         10                584.9 2025-12-08 00:29:26        33073.0
27         10                585.9 2025-12-08 00:29:27        32071.0
28         10                586.2 2025-12-08 00:29:28        31070.0
29         10                584.5 2025-12-08 00:29:29        30065.0
30         10                584.1 2025-12-08 00:29:30        29061.0
31         10                584.9 2025-12-08 00:29:31        28060.0
32         10                583.5 2025-12-08 00:29:32        27058.0
33         10                584.8 2025-12-08 00:29:33        26057.0
34         10                587.2 2025-12-08 00:29:34        25055.0
35         10                583.9 2025-12-08 00:29:35        24052.0
36         10                587.5 2025-12-08 00:29:36        23050.0
37         10                586.5 2025-12-08 00:29:37        22048.0
38         10                586.8 2025-12-08 00:29:38        21046.0
39         10                702.6 2025-12-08 00:29:39        20044.0
40         10                688.3 2025-12-08 00:29:40        19042.0
41         10                684.3 2025-12-08 00:29:41        18040.0
42         10                684.9 2025-12-08 00:29:42        17038.0
43         10                686.5 2025-12-08 00:29:43        16037.0
44         10                683.7 2025-12-08 00:29:44        15036.0
45         10                680.5 2025-12-08 00:29:45        14034.0
46         10                682.6 2025-12-08 00:29:46        13033.0
47         10                682.2 2025-12-08 00:29:47        12031.0
48         10                680.6 2025-12-08 00:29:48        11030.0
49         10                674.6 2025-12-08 00:29:49        10029.0
50         10                673.7 2025-12-08 00:29:50         9028.0
51         10                676.5 2025-12-08 00:29:51         8023.0
52         10                676.0 2025-12-08 00:29:52         7021.0
53         10                674.1 2025-12-08 00:29:53         6020.0
54         10                675.1 2025-12-08 00:29:54         5018.0
55         10                676.8 2025-12-08 00:29:55         4017.0
56         10                673.6 2025-12-08 00:29:56         3014.0
57         10                674.6 2025-12-08 00:29:57         2013.0
58         10                725.2 2025-12-08 00:29:58         1011.0
59         10                692.8 2025-12-08 00:29:59           10.0
Forecasted values:
    sensor_id  sensor_energy_value_prediction    sensor_timestamp
0          10                      727.563843 2025-12-08 00:30:00
1          10                      738.497314 2025-12-08 00:30:01
2          10                      750.859619 2025-12-08 00:30:02
3          10                      764.625427 2025-12-08 00:30:03
4          10                      779.801819 2025-12-08 00:30:04
5          10                      796.430481 2025-12-08 00:30:05
6          10                      814.590332 2025-12-08 00:30:06
7          10                      834.400879 2025-12-08 00:30:07
8          10                      856.029358 2025-12-08 00:30:08
9          10                      879.699280 2025-12-08 00:30:09
10         10                      905.703857 2025-12-08 00:30:10
11         10                      934.424683 2025-12-08 00:30:11
12         10                      966.358398 2025-12-08 00:30:12
13         10                     1002.154053 2025-12-08 00:30:13
14         10                     1042.669678 2025-12-08 00:30:14
15         10                     1089.052490 2025-12-08 00:30:15
16         10                     1142.861572 2025-12-08 00:30:16
17         10                     1206.250122 2025-12-08 00:30:17
18         10                     1282.245483 2025-12-08 00:30:18
19         10                     1375.169556 2025-12-08 00:30:19
20         10                     1491.252563 2025-12-08 00:30:20
21         10                     1639.431152 2025-12-08 00:30:21
22         10                     1832.052490 2025-12-08 00:30:22
23         10                     2084.364258 2025-12-08 00:30:23
24         10                     2410.085205 2025-12-08 00:30:24
25         10                     2810.237549 2025-12-08 00:30:25
26         10                     3260.076904 2025-12-08 00:30:26
27         10                     3709.814697 2025-12-08 00:30:27
28         10                     4105.297852 2025-12-08 00:30:28
29         10                     4412.838379 2025-12-08 00:30:29
30         10                     4628.745605 2025-12-08 00:30:30
31         10                     4770.002441 2025-12-08 00:30:31
32         10                     4859.096191 2025-12-08 00:30:32
33         10                     4914.811523 2025-12-08 00:30:33
34         10                     4950.025391 2025-12-08 00:30:34
35         10                     4972.761719 2025-12-08 00:30:35
36         10                     4987.831055 2025-12-08 00:30:36
37         10                     4998.092285 2025-12-08 00:30:37
38         10                     5005.260742 2025-12-08 00:30:38
39         10                     5010.389648 2025-12-08 00:30:39
40         10                     5014.138184 2025-12-08 00:30:40
41         10                     5016.928223 2025-12-08 00:30:41
42         10                     5019.040527 2025-12-08 00:30:42
43         10                     5020.661133 2025-12-08 00:30:43
44         10                     5021.919922 2025-12-08 00:30:44
45         10                     5022.909180 2025-12-08 00:30:45
46         10                     5023.692383 2025-12-08 00:30:46
47         10                     5024.318848 2025-12-08 00:30:47
48         10                     5024.821289 2025-12-08 00:30:48
49         10                     5025.228027 2025-12-08 00:30:49
50         10                     5025.559082 2025-12-08 00:30:50
51         10                     5025.830566 2025-12-08 00:30:51
52         10                     5026.053223 2025-12-08 00:30:52
53         10                     5026.235840 2025-12-08 00:30:53
54         10                     5026.387695 2025-12-08 00:30:54
55         10                     5026.512695 2025-12-08 00:30:55
56         10                     5026.616699 2025-12-08 00:30:56
57         10                     5026.704102 2025-12-08 00:30:57
58         10                     5026.776855 2025-12-08 00:30:58
59         10                     5026.837402 2025-12-08 00:30:59
Forecasted values inserted into database
Exiting forecasting script


Actual data inserted to database
Triggering forecasting with retrained model
Forecasting.py script logs
Database connection established
Value of --retrain flag: True

Forecasting for retrained model using device10/2025-12-08-00-20-00-2025-12-08-00-29-59-model/device10.keras and device10/2025-12-08-00-20-00-2025-12-08-00-29-59-model/scaler.save
Successfully downloaded model and scaler from S3

Actual values fetched from database
    sensor_id  sensor_energy_value    sensor_timestamp  message_delay
0          10                686.2 2025-12-08 00:30:00       121705.0
1          10                685.6 2025-12-08 00:30:01       120703.0
2          10                685.0 2025-12-08 00:30:02       119700.0
3          10                685.9 2025-12-08 00:30:03       118699.0
4          10                691.9 2025-12-08 00:30:04       117698.0
5          10                690.0 2025-12-08 00:30:05       116698.0
6          10                689.9 2025-12-08 00:30:06       115696.0
7          10                690.3 2025-12-08 00:30:07       114694.0
8          10                688.2 2025-12-08 00:30:08       113693.0
9          10                690.3 2025-12-08 00:30:09       112691.0
10         10                691.4 2025-12-08 00:30:10       111689.0
11         10                690.0 2025-12-08 00:30:11       110688.0
12         10                689.0 2025-12-08 00:30:12       109686.0
13         10                690.0 2025-12-08 00:30:13       108684.0
14         10                690.1 2025-12-08 00:30:14       107681.0
15         10                692.3 2025-12-08 00:30:15       106679.0
16         10                690.9 2025-12-08 00:30:16       105678.0
17         10                696.2 2025-12-08 00:30:17       104673.0
18         10                689.5 2025-12-08 00:30:18       103672.0
19         10                694.1 2025-12-08 00:30:19       102668.0
20         10                697.2 2025-12-08 00:30:20       101667.0
21         10                696.1 2025-12-08 00:30:21       100666.0
22         10                697.7 2025-12-08 00:30:22        99665.0
23         10                689.4 2025-12-08 00:30:23        98663.0
24         10                688.0 2025-12-08 00:30:24        97659.0
25         10                699.6 2025-12-08 00:30:25        96656.0
26         10                688.6 2025-12-08 00:30:26        95654.0
27         10                686.5 2025-12-08 00:30:27        94650.0
28         10                691.7 2025-12-08 00:30:28        93649.0
29         10                690.9 2025-12-08 00:30:29        92646.0
30         10                970.5 2025-12-08 00:30:30        91644.0
31         10               1023.4 2025-12-08 00:30:31        90641.0
32         10                893.0 2025-12-08 00:30:32        89638.0
33         10                902.5 2025-12-08 00:30:33        88635.0
34         10                977.8 2025-12-08 00:30:34        87633.0
35         10                904.7 2025-12-08 00:30:35        86631.0
36         10                950.1 2025-12-08 00:30:36        85630.0
37         10                977.3 2025-12-08 00:30:37        84626.0
38         10               1004.5 2025-12-08 00:30:38        83626.0
39         10               1029.0 2025-12-08 00:30:39        82625.0
40         10               1053.1 2025-12-08 00:30:40        81623.0
41         10               1074.7 2025-12-08 00:30:41        80621.0
42         10               1091.0 2025-12-08 00:30:42        79619.0
43         10               1107.9 2025-12-08 00:30:43        78615.0
44         10               1122.8 2025-12-08 00:30:44        77613.0
45         10               1127.4 2025-12-08 00:30:45        76612.0
46         10               1133.7 2025-12-08 00:30:46        75610.0
47         10               1136.4 2025-12-08 00:30:47        74605.0
48         10               1136.9 2025-12-08 00:30:48        73599.0
49         10               1137.9 2025-12-08 00:30:49        72597.0
50         10               1140.2 2025-12-08 00:30:50        71596.0
51         10               1137.0 2025-12-08 00:30:51        70595.0
52         10               1149.3 2025-12-08 00:30:52        69592.0
53         10               1148.2 2025-12-08 00:30:53        68588.0
54         10               1136.8 2025-12-08 00:30:54        67587.0
55         10               1138.5 2025-12-08 00:30:55        66585.0
56         10               1140.2 2025-12-08 00:30:56        65583.0
57         10               1138.4 2025-12-08 00:30:57        64582.0
58         10               1141.3 2025-12-08 00:30:58        63579.0
59         10               1139.6 2025-12-08 00:30:59        62578.0
Forecasted values:
    sensor_id  sensor_energy_value_prediction    sensor_timestamp
0          10                     1080.692627 2025-12-08 00:31:00
1          10                     1061.135254 2025-12-08 00:31:01
2          10                     1039.498901 2025-12-08 00:31:02
3          10                     1015.516724 2025-12-08 00:31:03
4          10                      989.420898 2025-12-08 00:31:04
5          10                      961.610291 2025-12-08 00:31:05
6          10                      932.630615 2025-12-08 00:31:06
7          10                      903.144775 2025-12-08 00:31:07
8          10                      873.890259 2025-12-08 00:31:08
9          10                      845.620056 2025-12-08 00:31:09
10         10                      819.035156 2025-12-08 00:31:10
11         10                      794.730652 2025-12-08 00:31:11
12         10                      773.155884 2025-12-08 00:31:12
13         10                      754.599121 2025-12-08 00:31:13
14         10                      739.195007 2025-12-08 00:31:14
15         10                      726.948730 2025-12-08 00:31:15
16         10                      717.766418 2025-12-08 00:31:16
17         10                      711.489258 2025-12-08 00:31:17
18         10                      707.917786 2025-12-08 00:31:18
19         10                      706.842651 2025-12-08 00:31:19
20         10                      708.050049 2025-12-08 00:31:20
21         10                      711.343323 2025-12-08 00:31:21
22         10                      716.547424 2025-12-08 00:31:22
23         10                      723.510559 2025-12-08 00:31:23
24         10                      732.111816 2025-12-08 00:31:24
25         10                      742.255310 2025-12-08 00:31:25
26         10                      753.872986 2025-12-08 00:31:26
27         10                      766.937500 2025-12-08 00:31:27
28         10                      781.443481 2025-12-08 00:31:28
29         10                      797.419800 2025-12-08 00:31:29
30         10                      814.934937 2025-12-08 00:31:30
31         10                      834.013428 2025-12-08 00:31:31
32         10                      854.885071 2025-12-08 00:31:32
33         10                      877.811340 2025-12-08 00:31:33
34         10                      903.018738 2025-12-08 00:31:34
35         10                      930.843323 2025-12-08 00:31:35
36         10                      961.798584 2025-12-08 00:31:36
37         10                      996.454285 2025-12-08 00:31:37
38         10                     1035.619873 2025-12-08 00:31:38
39         10                     1080.366577 2025-12-08 00:31:39
40         10                     1132.145508 2025-12-08 00:31:40
41         10                     1192.953369 2025-12-08 00:31:41
42         10                     1265.587036 2025-12-08 00:31:42
43         10                     1354.027832 2025-12-08 00:31:43
44         10                     1464.006714 2025-12-08 00:31:44
45         10                     1603.771973 2025-12-08 00:31:45
46         10                     1784.874268 2025-12-08 00:31:46
47         10                     2022.099976 2025-12-08 00:31:47
48         10                     2330.253418 2025-12-08 00:31:48
49         10                     2714.527832 2025-12-08 00:31:49
50         10                     3156.709229 2025-12-08 00:31:50
51         10                     3611.431641 2025-12-08 00:31:51
52         10                     4023.106934 2025-12-08 00:31:52
53         10                     4351.811035 2025-12-08 00:31:53
54         10                     4587.364258 2025-12-08 00:31:54
55         10                     4743.469238 2025-12-08 00:31:55
56         10                     4842.475586 2025-12-08 00:31:56
57         10                     4904.390625 2025-12-08 00:31:57
58         10                     4943.384277 2025-12-08 00:31:58
59         10                     4968.428223 2025-12-08 00:31:59
Forecasted values inserted into database
Exiting forecasting script


Actual data inserted to database
Triggering forecasting with retrained model
Forecasting.py script logs
Database connection established
Value of --retrain flag: True

Forecasting for retrained model using device10/2025-12-08-00-20-00-2025-12-08-00-29-59-model/device10.keras and device10/2025-12-08-00-20-00-2025-12-08-00-29-59-model/scaler.save
Successfully downloaded model and scaler from S3

Actual values fetched from database
    sensor_id  sensor_energy_value    sensor_timestamp  message_delay
0          10               1145.1 2025-12-08 00:31:00       100484.0
1          10               1174.4 2025-12-08 00:31:01        99481.0
2          10               1142.0 2025-12-08 00:31:02        98478.0
3          10               1140.7 2025-12-08 00:31:03        97474.0
4          10               1142.2 2025-12-08 00:31:04        96467.0
5          10               1142.8 2025-12-08 00:31:05        95466.0
6          10               1147.3 2025-12-08 00:31:06        94464.0
7          10               1147.6 2025-12-08 00:31:07        93458.0
8          10               1153.0 2025-12-08 00:31:08        92457.0
9          10               1152.7 2025-12-08 00:31:09        91455.0
10         10               1153.9 2025-12-08 00:31:10        90454.0
11         10               1154.3 2025-12-08 00:31:11        89453.0
12         10               1156.0 2025-12-08 00:31:12        88452.0
13         10               1159.2 2025-12-08 00:31:13        87308.0
14         10               1167.4 2025-12-08 00:31:14        86306.0
15         10               1160.9 2025-12-08 00:31:15        85286.0
16         10               1161.4 2025-12-08 00:31:16        84263.0
17         10               1170.6 2025-12-08 00:31:17        83211.0
18         10               1162.8 2025-12-08 00:31:18        82118.0
19         10               1169.2 2025-12-08 00:31:19        81112.0
20         10               1171.1 2025-12-08 00:31:20        80086.0
21         10               1173.4 2025-12-08 00:31:21        78927.0
22         10               1164.8 2025-12-08 00:31:22        77923.0
23         10               1164.0 2025-12-08 00:31:23        76922.0
24         10               1167.8 2025-12-08 00:31:24        75576.0
25         10               1165.0 2025-12-08 00:31:25        74413.0
26         10               1163.5 2025-12-08 00:31:26        73317.0
27         10               1163.3 2025-12-08 00:31:27        72269.0
28         10               1164.1 2025-12-08 00:31:28        71204.0
29         10               1163.0 2025-12-08 00:31:29        70184.0
30         10               1157.7 2025-12-08 00:31:30        69182.0
31         10               1164.5 2025-12-08 00:31:31        68172.0
32         10               1160.0 2025-12-08 00:31:32        67171.0
33         10               1162.6 2025-12-08 00:31:33        66164.0
34         10               1163.4 2025-12-08 00:31:34        65158.0
35         10               1163.7 2025-12-08 00:31:35        64151.0
36         10               1163.2 2025-12-08 00:31:36        63150.0
37         10               1161.3 2025-12-08 00:31:37        62146.0
38         10               1164.3 2025-12-08 00:31:38        61137.0
39         10               1164.5 2025-12-08 00:31:39        60135.0
40         10               1168.0 2025-12-08 00:31:40        59130.0
41         10               1165.2 2025-12-08 00:31:41        58120.0
42         10               1164.6 2025-12-08 00:31:42        57115.0
43         10               1167.0 2025-12-08 00:31:43        56103.0
44         10               1166.5 2025-12-08 00:31:44        55102.0
45         10               1165.2 2025-12-08 00:31:45        54100.0
46         10               1169.7 2025-12-08 00:31:46        53099.0
47         10               1169.1 2025-12-08 00:31:47        52097.0
48         10               1167.4 2025-12-08 00:31:48        51093.0
49         10               1170.8 2025-12-08 00:31:49        50088.0
50         10               1171.3 2025-12-08 00:31:50        49066.0
51         10               1170.6 2025-12-08 00:31:51        48063.0
52         10               1170.3 2025-12-08 00:31:52        47059.0
53         10               1167.3 2025-12-08 00:31:53        46052.0
54         10               1167.2 2025-12-08 00:31:54        45045.0
55         10               1168.3 2025-12-08 00:31:55        44040.0
56         10               1166.9 2025-12-08 00:31:56        43035.0
57         10               1168.1 2025-12-08 00:31:57        42032.0
58         10               1168.0 2025-12-08 00:31:58        41029.0
59         10               1165.1 2025-12-08 00:31:59        40024.0
Forecasted values:
    sensor_id  sensor_energy_value_prediction    sensor_timestamp
0          10                     1161.627686 2025-12-08 00:32:00
1          10                     1159.143799 2025-12-08 00:32:01
2          10                     1156.325562 2025-12-08 00:32:02
3          10                     1152.971802 2025-12-08 00:32:03
4          10                     1149.065674 2025-12-08 00:32:04
5          10                     1144.554932 2025-12-08 00:32:05
6          10                     1139.380249 2025-12-08 00:32:06
7          10                     1133.494629 2025-12-08 00:32:07
8          10                     1126.836060 2025-12-08 00:32:08
9          10                     1119.367920 2025-12-08 00:32:09
10         10                     1111.037354 2025-12-08 00:32:10
11         10                     1101.815063 2025-12-08 00:32:11
12         10                     1091.682495 2025-12-08 00:32:12
13         10                     1080.646606 2025-12-08 00:32:13
14         10                     1068.741211 2025-12-08 00:32:14
15         10                     1056.041382 2025-12-08 00:32:15
16         10                     1042.605347 2025-12-08 00:32:16
17         10                     1028.567871 2025-12-08 00:32:17
18         10                     1014.111450 2025-12-08 00:32:18
19         10                      999.393677 2025-12-08 00:32:19
20         10                      984.660156 2025-12-08 00:32:20
21         10                      970.146179 2025-12-08 00:32:21
22         10                      956.104004 2025-12-08 00:32:22
23         10                      942.763306 2025-12-08 00:32:23
24         10                      930.376099 2025-12-08 00:32:24
25         10                      919.175598 2025-12-08 00:32:25
26         10                      909.352844 2025-12-08 00:32:26
27         10                      901.078979 2025-12-08 00:32:27
28         10                      894.494751 2025-12-08 00:32:28
29         10                      889.711609 2025-12-08 00:32:29
30         10                      886.811707 2025-12-08 00:32:30
31         10                      885.854248 2025-12-08 00:32:31
32         10                      886.895813 2025-12-08 00:32:32
33         10                      889.972900 2025-12-08 00:32:33
34         10                      895.130371 2025-12-08 00:32:34
35         10                      902.418640 2025-12-08 00:32:35
36         10                      911.905273 2025-12-08 00:32:36
37         10                      923.684021 2025-12-08 00:32:37
38         10                      937.884583 2025-12-08 00:32:38
39         10                      954.685974 2025-12-08 00:32:39
40         10                      974.331604 2025-12-08 00:32:40
41         10                      997.148621 2025-12-08 00:32:41
42         10                     1023.577698 2025-12-08 00:32:42
43         10                     1054.206909 2025-12-08 00:32:43
44         10                     1089.829834 2025-12-08 00:32:44
45         10                     1131.526978 2025-12-08 00:32:45
46         10                     1180.782593 2025-12-08 00:32:46
47         10                     1239.664307 2025-12-08 00:32:47
48         10                     1311.106079 2025-12-08 00:32:48
49         10                     1399.320801 2025-12-08 00:32:49
50         10                     1510.413452 2025-12-08 00:32:50
51         10                     1653.205688 2025-12-08 00:32:51
52         10                     1839.993652 2025-12-08 00:32:52
53         10                     2086.177002 2025-12-08 00:32:53
54         10                     2406.046875 2025-12-08 00:32:54
55         10                     2801.665039 2025-12-08 00:32:55
56         10                     3249.332275 2025-12-08 00:32:56
57         10                     3699.517822 2025-12-08 00:32:57
58         10                     4097.189941 2025-12-08 00:32:58
59         10                     4407.305176 2025-12-08 00:32:59
Forecasted values inserted into database
Exiting forecasting script


Actual data inserted to database
Triggering forecasting with retrained model
Forecasting.py script logs
Database connection established
Value of --retrain flag: True

Forecasting for retrained model using device10/2025-12-08-00-20-00-2025-12-08-00-29-59-model/device10.keras and device10/2025-12-08-00-20-00-2025-12-08-00-29-59-model/scaler.save
Successfully downloaded model and scaler from S3

Actual values fetched from database
    sensor_id  sensor_energy_value    sensor_timestamp  message_delay
0          10               1169.3 2025-12-08 00:32:00        70333.0
1          10               1172.0 2025-12-08 00:32:01        69331.0
2          10               1170.4 2025-12-08 00:32:02        68330.0
3          10               1167.9 2025-12-08 00:32:03        67328.0
4          10               1168.4 2025-12-08 00:32:04        66327.0
5          10               1165.6 2025-12-08 00:32:05        65324.0
6          10               1164.8 2025-12-08 00:32:06        64319.0
7          10               1168.3 2025-12-08 00:32:07        63311.0
8          10               1162.1 2025-12-08 00:32:08        62306.0
9          10               1162.2 2025-12-08 00:32:09        61304.0
10         10               1164.4 2025-12-08 00:32:10        60302.0
11         10               1164.3 2025-12-08 00:32:11        59300.0
12         10               1160.3 2025-12-08 00:32:12        58298.0
13         10               1184.7 2025-12-08 00:32:13        57291.0
14         10               1163.0 2025-12-08 00:32:14        56280.0
15         10               1164.2 2025-12-08 00:32:15        55277.0
16         10               1164.5 2025-12-08 00:32:16        54268.0
17         10               1171.3 2025-12-08 00:32:17        53262.0
18         10               1166.0 2025-12-08 00:32:18        52245.0
19         10               1169.7 2025-12-08 00:32:19        51238.0
20         10               1169.6 2025-12-08 00:32:20        50236.0
21         10               1168.7 2025-12-08 00:32:21        49231.0
22         10               1169.9 2025-12-08 00:32:22        48229.0
23         10               1166.9 2025-12-08 00:32:23        47125.0
24         10               1163.2 2025-12-08 00:32:24        46124.0
25         10               1168.2 2025-12-08 00:32:25        45122.0
26         10               1186.5 2025-12-08 00:32:26        44121.0
27         10               1167.4 2025-12-08 00:32:27        43119.0
28         10               1174.2 2025-12-08 00:32:28        42091.0
29         10               1176.7 2025-12-08 00:32:29        41088.0
30         10               1163.7 2025-12-08 00:32:30        40083.0
31         10               1165.1 2025-12-08 00:32:31        39082.0
32         10               1153.7 2025-12-08 00:32:32        38081.0
33         10               1154.5 2025-12-08 00:32:33        37077.0
34         10               1157.1 2025-12-08 00:32:34        36071.0
35         10               1150.0 2025-12-08 00:32:35        35067.0
36         10               1150.0 2025-12-08 00:32:36        34062.0
37         10               1153.3 2025-12-08 00:32:37        33061.0
38         10               1159.0 2025-12-08 00:32:38        32059.0
39         10               1159.6 2025-12-08 00:32:39        31058.0
40         10               1153.6 2025-12-08 00:32:40        30057.0
41         10               1162.6 2025-12-08 00:32:41        29052.0
42         10               1152.5 2025-12-08 00:32:42        28049.0
43         10               1158.9 2025-12-08 00:32:43        27044.0
44         10               1151.6 2025-12-08 00:32:44        26043.0
45         10               1152.1 2025-12-08 00:32:45        25042.0
46         10               1156.8 2025-12-08 00:32:46        24041.0
47         10               1171.4 2025-12-08 00:32:47        23040.0
48         10               1151.6 2025-12-08 00:32:48        22033.0
49         10               1160.3 2025-12-08 00:32:49        21029.0
50         10               1152.0 2025-12-08 00:32:50        20028.0
51         10               1153.5 2025-12-08 00:32:51        19027.0
52         10               1153.2 2025-12-08 00:32:52        18023.0
53         10               1155.7 2025-12-08 00:32:53        17020.0
54         10               1153.2 2025-12-08 00:32:54        16017.0
55         10               1167.1 2025-12-08 00:32:55        15016.0
56         10               1154.9 2025-12-08 00:32:56        14015.0
57         10               1153.1 2025-12-08 00:32:57        13014.0
58         10               1154.1 2025-12-08 00:32:58        12008.0
59         10               1151.8 2025-12-08 00:32:59        11006.0
Forecasted values:
    sensor_id  sensor_energy_value_prediction    sensor_timestamp
0          10                     1153.465576 2025-12-08 00:33:00
1          10                     1151.908447 2025-12-08 00:33:01
2          10                     1150.209961 2025-12-08 00:33:02
3          10                     1148.386353 2025-12-08 00:33:03
4          10                     1146.430420 2025-12-08 00:33:04
5          10                     1144.341675 2025-12-08 00:33:05
6          10                     1142.105225 2025-12-08 00:33:06
7          10                     1139.716553 2025-12-08 00:33:07
8          10                     1137.182251 2025-12-08 00:33:08
9          10                     1134.479126 2025-12-08 00:33:09
10         10                     1131.617920 2025-12-08 00:33:10
11         10                     1128.611084 2025-12-08 00:33:11
12         10                     1125.466675 2025-12-08 00:33:12
13         10                     1122.188843 2025-12-08 00:33:13
14         10                     1118.865845 2025-12-08 00:33:14
15         10                     1115.433350 2025-12-08 00:33:15
16         10                     1111.947266 2025-12-08 00:33:16
17         10                     1108.437500 2025-12-08 00:33:17
18         10                     1104.956177 2025-12-08 00:33:18
19         10                     1101.522705 2025-12-08 00:33:19
20         10                     1098.199829 2025-12-08 00:33:20
21         10                     1095.037476 2025-12-08 00:33:21
22         10                     1092.095703 2025-12-08 00:33:22
23         10                     1089.447998 2025-12-08 00:33:23
24         10                     1087.162842 2025-12-08 00:33:24
25         10                     1085.319336 2025-12-08 00:33:25
26         10                     1084.023926 2025-12-08 00:33:26
27         10                     1083.409302 2025-12-08 00:33:27
28         10                     1083.520508 2025-12-08 00:33:28
29         10                     1084.504883 2025-12-08 00:33:29
30         10                     1086.484985 2025-12-08 00:33:30
31         10                     1089.569702 2025-12-08 00:33:31
32         10                     1093.925171 2025-12-08 00:33:32
33         10                     1099.701294 2025-12-08 00:33:33
34         10                     1107.104858 2025-12-08 00:33:34
35         10                     1116.369385 2025-12-08 00:33:35
36         10                     1127.755371 2025-12-08 00:33:36
37         10                     1141.600342 2025-12-08 00:33:37
38         10                     1158.322388 2025-12-08 00:33:38
39         10                     1178.451172 2025-12-08 00:33:39
40         10                     1202.660400 2025-12-08 00:33:40
41         10                     1231.833740 2025-12-08 00:33:41
42         10                     1267.183838 2025-12-08 00:33:42
43         10                     1310.343384 2025-12-08 00:33:43
44         10                     1363.631592 2025-12-08 00:33:44
45         10                     1430.341064 2025-12-08 00:33:45
46         10                     1515.268188 2025-12-08 00:33:46
47         10                     1625.436768 2025-12-08 00:33:47
48         10                     1771.026489 2025-12-08 00:33:48
49         10                     1966.025513 2025-12-08 00:33:49
50         10                     2227.004883 2025-12-08 00:33:50
51         10                     2566.495605 2025-12-08 00:33:51
52         10                     2979.162598 2025-12-08 00:33:52
53         10                     3430.669678 2025-12-08 00:33:53
54         10                     3865.457520 2025-12-08 00:33:54
55         10                     4231.924316 2025-12-08 00:33:55
56         10                     4505.375000 2025-12-08 00:33:56
57         10                     4691.057129 2025-12-08 00:33:57
58         10                     4809.975098 2025-12-08 00:33:58
59         10                     4884.276367 2025-12-08 00:33:59
Forecasted values inserted into database
Exiting forecasting script

No new messages received yet.Trying again...
No new messages received yet.Trying again...
No new messages received yet.Trying again...
No new messages received yet.Trying again...
No new messages received yet.Trying again...
No new messages received yet.Trying again...
No new messages received yet.Trying again...
No new messages received yet.Trying again...
No new messages received yet.Trying again...
No new messages received yet.Trying again...
No new messages received yet.Trying again...
No new messages received yet.Trying again...
No new messages received yet.Trying again...
No new messages received yet.Trying again...
No new messages received yet.Trying again...

Actual data inserted to database
Triggering forecasting with retrained model
