2026-05-15 19:43:58.257 INFO  [129662275899520] Client:86 | Subscribing on Topic :device15_model_consume
2026-05-15 19:43:58.259 INFO  [129662275899520] ClientConnection:196 | [<none> -> pulsar://localhost:6650] Create ClientConnection, timeout=10000
2026-05-15 19:43:58.259 INFO  [129662275899520] ConnectionPool:125 | Created connection for pulsar://localhost:6650-pulsar://localhost:6650-0
2026-05-15 19:43:58.265 INFO  [129661747066560] ClientConnection:416 | [127.0.0.1:34388 -> 127.0.0.1:6650] Connected to broker
2026-05-15 19:43:58.266 INFO  [129661747066560] HandlerBase:112 | [persistent://public/default/device15_model_consume, pythonSubscription, 0] Getting connection from pool
2026-05-15 19:43:58.268 INFO  [129661747066560] BinaryProtoLookupService:85 | Lookup response for persistent://public/default/device15_model_consume, lookup-broker-url pulsar://localhost:6650, from [127.0.0.1:34388 -> 127.0.0.1:6650] 
2026-05-15 19:43:58.285 INFO  [129661747066560] ConsumerImpl:337 | [persistent://public/default/device15_model_consume, pythonSubscription, 0] Created consumer on broker [127.0.0.1:34388 -> 127.0.0.1:6650] 
2026-05-15 19:43:58.286 INFO  [129661747066560] HandlerBase:134 | Finished connecting to broker after 17 ms
Coordinator service started

Database connection established
Table device15_actualvalues created successfully

No new messages received yet.Trying again...
No new messages received yet.Trying again...
No new messages received yet.Trying again...
No new messages received yet.Trying again...
No new messages received yet.Trying again...
No new messages received yet.Trying again...
No new messages received yet.Trying again...
No new messages received yet.Trying again...
No new messages received yet.Trying again...
No new messages received yet.Trying again...
No new messages received yet.Trying again...
No new messages received yet.Trying again...
No new messages received yet.Trying again...
No new messages received yet.Trying again...
No new messages received yet.Trying again...
No new messages received yet.Trying again...
No new messages received yet.Trying again...
No new messages received yet.Trying again...
No new messages received yet.Trying again...
No new messages received yet.Trying again...
No new messages received yet.Trying again...
No new messages received yet.Trying again...
No new messages received yet.Trying again...
No new messages received yet.Trying again...
No new messages received yet.Trying again...
No new messages received yet.Trying again...
No new messages received yet.Trying again...
No new messages received yet.Trying again...
No new messages received yet.Trying again...
No new messages received yet.Trying again...
No new messages received yet.Trying again...
No new messages received yet.Trying again...
No new messages received yet.Trying again...
No new messages received yet.Trying again...
No new messages received yet.Trying again...
No new messages received yet.Trying again...
No new messages received yet.Trying again...
No new messages received yet.Trying again...
No new messages received yet.Trying again...
No new messages received yet.Trying again...
No new messages received yet.Trying again...
No new messages received yet.Trying again...
No new messages received yet.Trying again...
No new messages received yet.Trying again...
No new messages received yet.Trying again...
No new messages received yet.Trying again...
No new messages received yet.Trying again...
No new messages received yet.Trying again...
No new messages received yet.Trying again...
No new messages received yet.Trying again...
No new messages received yet.Trying again...
No new messages received yet.Trying again...
No new messages received yet.Trying again...
No new messages received yet.Trying again...
No new messages received yet.Trying again...
No new messages received yet.Trying again...
No new messages received yet.Trying again...
No new messages received yet.Trying again...
No new messages received yet.Trying again...
No new messages received yet.Trying again...
No new messages received yet.Trying again...
No new messages received yet.Trying again...
No new messages received yet.Trying again...
No new messages received yet.Trying again...
No new messages received yet.Trying again...
No new messages received yet.Trying again...
No new messages received yet.Trying again...
No new messages received yet.Trying again...
No new messages received yet.Trying again...
No new messages received yet.Trying again...
No new messages received yet.Trying again...
No new messages received yet.Trying again...
No new messages received yet.Trying again...
No new messages received yet.Trying again...
No new messages received yet.Trying again...
No new messages received yet.Trying again...
No new messages received yet.Trying again...
No new messages received yet.Trying again...
No new messages received yet.Trying again...
No new messages received yet.Trying again...
No new messages received yet.Trying again...
No new messages received yet.Trying again...
No new messages received yet.Trying again...
No new messages received yet.Trying again...
No new messages received yet.Trying again...
No new messages received yet.Trying again...
No new messages received yet.Trying again...
No new messages received yet.Trying again...
No new messages received yet.Trying again...

Actual data inserted to database
No retrain triggered
Triggering forecasting

Forecasting.py script logs
Database connection established
Table device15_forecastedvalues created successfully

Value of --retrain flag: False

Forecasting for initial model using device15/initial/device15.keras and device15/initial/scaler.save
Successfully downloaded model and scaler from S3

Actual values fetched from database
    sensor_id  sensor_energy_value    sensor_timestamp  message_delay
0          15                734.6 2025-12-08 00:00:00        64329.0
1          15                745.8 2025-12-08 00:00:01        63286.0
2          15                730.3 2025-12-08 00:00:02        62282.0
3          15                730.3 2025-12-08 00:00:03        61272.0
4          15                728.7 2025-12-08 00:00:04        60269.0
5          15                730.2 2025-12-08 00:00:05        59256.0
6          15                729.9 2025-12-08 00:00:06        58254.0
7          15                729.4 2025-12-08 00:00:07        57248.0
8          15                728.6 2025-12-08 00:00:08        56245.0
9          15                735.2 2025-12-08 00:00:09        55243.0
10         15                737.3 2025-12-08 00:00:10        54238.0
11         15                729.8 2025-12-08 00:00:11        53235.0
12         15                729.7 2025-12-08 00:00:12        52230.0
13         15                728.1 2025-12-08 00:00:13        51227.0
14         15                730.3 2025-12-08 00:00:14        50205.0
15         15                728.7 2025-12-08 00:00:15        49202.0
16         15                729.5 2025-12-08 00:00:16        48162.0
17         15                729.6 2025-12-08 00:00:17        47154.0
18         15                731.1 2025-12-08 00:00:18        46149.0
19         15                743.9 2025-12-08 00:00:19        45135.0
20         15                732.9 2025-12-08 00:00:20        44132.0
21         15                736.4 2025-12-08 00:00:21        43128.0
22         15                730.0 2025-12-08 00:00:22        42124.0
23         15                730.6 2025-12-08 00:00:23        41120.0
24         15                730.7 2025-12-08 00:00:24        40112.0
25         15                725.8 2025-12-08 00:00:25        39107.0
26         15                728.2 2025-12-08 00:00:26        38105.0
27         15                748.7 2025-12-08 00:00:27        37096.0
28         15                730.1 2025-12-08 00:00:28        36092.0
29         15                729.1 2025-12-08 00:00:29        35089.0
30         15                726.4 2025-12-08 00:00:30        34082.0
31         15                725.4 2025-12-08 00:00:31        33080.0
32         15                730.3 2025-12-08 00:00:32        32078.0
33         15                862.1 2025-12-08 00:00:33        31077.0
34         15                832.3 2025-12-08 00:00:34        30075.0
35         15                838.6 2025-12-08 00:00:35        29073.0
36         15                831.7 2025-12-08 00:00:36        28071.0
37         15                739.4 2025-12-08 00:00:37        27070.0
38         15                827.7 2025-12-08 00:00:38        26068.0
39         15                885.3 2025-12-08 00:00:39        25066.0
40         15                843.5 2025-12-08 00:00:40        24064.0
41         15                845.8 2025-12-08 00:00:41        23063.0
42         15                844.5 2025-12-08 00:00:42        22061.0
43         15                834.3 2025-12-08 00:00:43        21060.0
44         15                832.1 2025-12-08 00:00:44        20057.0
45         15                829.5 2025-12-08 00:00:45        19056.0
46         15                834.0 2025-12-08 00:00:46        18054.0
47         15                830.6 2025-12-08 00:00:47        17053.0
48         15                834.2 2025-12-08 00:00:48        16051.0
49         15                830.9 2025-12-08 00:00:49        15049.0
50         15                832.5 2025-12-08 00:00:50        14046.0
51         15                836.1 2025-12-08 00:00:51        13044.0
52         15                835.3 2025-12-08 00:00:52        12043.0
53         15                831.4 2025-12-08 00:00:53        11041.0
54         15                831.5 2025-12-08 00:00:54        10039.0
55         15                834.2 2025-12-08 00:00:55         9034.0
56         15                833.3 2025-12-08 00:00:56         8029.0
57         15                834.4 2025-12-08 00:00:57         7027.0
58         15                833.7 2025-12-08 00:00:58         6023.0
59         15                833.8 2025-12-08 00:00:59         5018.0
Forecasted values:
    sensor_id  sensor_energy_value_prediction    sensor_timestamp
0          15                     1002.829529 2025-12-08 00:01:00
1          15                     1015.052490 2025-12-08 00:01:01
2          15                     1028.404053 2025-12-08 00:01:02
3          15                     1043.096436 2025-12-08 00:01:03
4          15                     1058.174316 2025-12-08 00:01:04
5          15                     1073.044312 2025-12-08 00:01:05
6          15                     1087.370361 2025-12-08 00:01:06
7          15                     1100.983154 2025-12-08 00:01:07
8          15                     1113.817017 2025-12-08 00:01:08
9          15                     1125.868652 2025-12-08 00:01:09
10         15                     1137.168945 2025-12-08 00:01:10
11         15                     1147.765259 2025-12-08 00:01:11
12         15                     1157.711548 2025-12-08 00:01:12
13         15                     1167.062134 2025-12-08 00:01:13
14         15                     1175.868042 2025-12-08 00:01:14
15         15                     1184.176025 2025-12-08 00:01:15
16         15                     1192.027588 2025-12-08 00:01:16
17         15                     1199.459961 2025-12-08 00:01:17
18         15                     1206.505615 2025-12-08 00:01:18
19         15                     1213.193848 2025-12-08 00:01:19
20         15                     1219.550049 2025-12-08 00:01:20
21         15                     1225.597168 2025-12-08 00:01:21
22         15                     1231.355713 2025-12-08 00:01:22
23         15                     1236.844238 2025-12-08 00:01:23
24         15                     1242.079956 2025-12-08 00:01:24
25         15                     1247.077881 2025-12-08 00:01:25
26         15                     1251.852661 2025-12-08 00:01:26
27         15                     1256.417480 2025-12-08 00:01:27
28         15                     1260.784790 2025-12-08 00:01:28
29         15                     1264.965576 2025-12-08 00:01:29
30         15                     1268.970947 2025-12-08 00:01:30
31         15                     1272.810547 2025-12-08 00:01:31
32         15                     1276.494019 2025-12-08 00:01:32
33         15                     1280.029907 2025-12-08 00:01:33
34         15                     1283.426880 2025-12-08 00:01:34
35         15                     1286.692139 2025-12-08 00:01:35
36         15                     1289.832764 2025-12-08 00:01:36
37         15                     1292.855713 2025-12-08 00:01:37
38         15                     1295.766846 2025-12-08 00:01:38
39         15                     1298.572754 2025-12-08 00:01:39
40         15                     1301.278931 2025-12-08 00:01:40
41         15                     1303.890015 2025-12-08 00:01:41
42         15                     1306.411133 2025-12-08 00:01:42
43         15                     1308.846924 2025-12-08 00:01:43
44         15                     1311.201538 2025-12-08 00:01:44
45         15                     1313.479248 2025-12-08 00:01:45
46         15                     1315.683472 2025-12-08 00:01:46
47         15                     1317.817993 2025-12-08 00:01:47
48         15                     1319.885986 2025-12-08 00:01:48
49         15                     1321.890869 2025-12-08 00:01:49
50         15                     1323.835205 2025-12-08 00:01:50
51         15                     1325.721924 2025-12-08 00:01:51
52         15                     1327.553711 2025-12-08 00:01:52
53         15                     1329.332764 2025-12-08 00:01:53
54         15                     1331.061523 2025-12-08 00:01:54
55         15                     1332.742188 2025-12-08 00:01:55
56         15                     1334.376953 2025-12-08 00:01:56
57         15                     1335.967651 2025-12-08 00:01:57
58         15                     1337.515991 2025-12-08 00:01:58
59         15                     1339.023804 2025-12-08 00:01:59
Forecasted values inserted into database
Exiting forecasting script

No new messages received yet.Trying again...
No new messages received yet.Trying again...
No new messages received yet.Trying again...
No new messages received yet.Trying again...
No new messages received yet.Trying again...
No new messages received yet.Trying again...
No new messages received yet.Trying again...
No new messages received yet.Trying again...
No new messages received yet.Trying again...
No new messages received yet.Trying again...
No new messages received yet.Trying again...
No new messages received yet.Trying again...
No new messages received yet.Trying again...
No new messages received yet.Trying again...
No new messages received yet.Trying again...
No new messages received yet.Trying again...
No new messages received yet.Trying again...
No new messages received yet.Trying again...
No new messages received yet.Trying again...
No new messages received yet.Trying again...
No new messages received yet.Trying again...
No new messages received yet.Trying again...
No new messages received yet.Trying again...
No new messages received yet.Trying again...
No new messages received yet.Trying again...
No new messages received yet.Trying again...
No new messages received yet.Trying again...
No new messages received yet.Trying again...
No new messages received yet.Trying again...
No new messages received yet.Trying again...
No new messages received yet.Trying again...
No new messages received yet.Trying again...
No new messages received yet.Trying again...
No new messages received yet.Trying again...
No new messages received yet.Trying again...
No new messages received yet.Trying again...
No new messages received yet.Trying again...

Actual data inserted to database
No retrain triggered
Triggering forecasting

Forecasting.py script logs
Database connection established
Value of --retrain flag: False

Forecasting for initial model using device15/initial/device15.keras and device15/initial/scaler.save
Successfully downloaded model and scaler from S3

Actual values fetched from database
    sensor_id  sensor_energy_value    sensor_timestamp  message_delay
0          15          1245.914286 2025-12-08 00:01:00        63877.0
1          15          1245.914286 2025-12-08 00:01:01        62871.0
2          15          1245.914286 2025-12-08 00:01:02        61865.0
3          15          1245.914286 2025-12-08 00:01:03        60859.0
4          15           836.000000 2025-12-08 00:01:04        59853.0
5          15          1061.400000 2025-12-08 00:01:05        58850.0
6          15          1216.000000 2025-12-08 00:01:06        57843.0
7          15          1052.900000 2025-12-08 00:01:07        56840.0
8          15          1033.600000 2025-12-08 00:01:08        55836.0
9          15          1111.100000 2025-12-08 00:01:09        54831.0
10         15          1044.100000 2025-12-08 00:01:10        53827.0
11         15          1093.500000 2025-12-08 00:01:11        52825.0
12         15          1120.700000 2025-12-08 00:01:12        51823.0
13         15          1145.500000 2025-12-08 00:01:13        50816.0
14         15          1173.400000 2025-12-08 00:01:14        49814.0
15         15          1197.700000 2025-12-08 00:01:15        48812.0
16         15          1214.200000 2025-12-08 00:01:16        47808.0
17         15          1235.000000 2025-12-08 00:01:17        46801.0
18         15          1252.700000 2025-12-08 00:01:18        45800.0
19         15          1266.600000 2025-12-08 00:01:19        44798.0
20         15          1276.700000 2025-12-08 00:01:20        43793.0
21         15          1279.700000 2025-12-08 00:01:21        42786.0
22         15          1275.000000 2025-12-08 00:01:22        41785.0
23         15          1282.000000 2025-12-08 00:01:23        40783.0
24         15          1286.800000 2025-12-08 00:01:24        39781.0
25         15          1282.700000 2025-12-08 00:01:25        38775.0
26         15          1280.200000 2025-12-08 00:01:26        37771.0
27         15          1286.200000 2025-12-08 00:01:27        36765.0
28         15          1285.800000 2025-12-08 00:01:28        35762.0
29         15          1288.000000 2025-12-08 00:01:29        34754.0
30         15          1283.400000 2025-12-08 00:01:30        33748.0
31         15          1280.400000 2025-12-08 00:01:31        32742.0
32         15          1280.500000 2025-12-08 00:01:32        31740.0
33         15          1281.100000 2025-12-08 00:01:33        30735.0
34         15          1283.100000 2025-12-08 00:01:34        29733.0
35         15          1284.200000 2025-12-08 00:01:35        28725.0
36         15          1285.900000 2025-12-08 00:01:36        27724.0
37         15          1278.000000 2025-12-08 00:01:37        26718.0
38         15          1278.800000 2025-12-08 00:01:38        25715.0
39         15          1283.700000 2025-12-08 00:01:39        24711.0
40         15          1284.900000 2025-12-08 00:01:40        23707.0
41         15          1284.900000 2025-12-08 00:01:41        22703.0
42         15          1290.700000 2025-12-08 00:01:42        21696.0
43         15          1294.200000 2025-12-08 00:01:43        20693.0
44         15          1292.600000 2025-12-08 00:01:44        19691.0
45         15          1301.000000 2025-12-08 00:01:45        18688.0
46         15          1302.900000 2025-12-08 00:01:46        17686.0
47         15          1301.500000 2025-12-08 00:01:47        16684.0
48         15          1304.900000 2025-12-08 00:01:48        15678.0
49         15          1302.900000 2025-12-08 00:01:49        14670.0
50         15          1304.700000 2025-12-08 00:01:50        13668.0
51         15          1309.200000 2025-12-08 00:01:51        12664.0
52         15          1309.100000 2025-12-08 00:01:52        11662.0
53         15          1306.600000 2025-12-08 00:01:53        10657.0
54         15          1309.600000 2025-12-08 00:01:54         9656.0
55         15          1308.100000 2025-12-08 00:01:55         8652.0
56         15          1308.500000 2025-12-08 00:01:56         7647.0
57         15          1314.100000 2025-12-08 00:01:57         6640.0
58         15          1312.100000 2025-12-08 00:01:58         5628.0
59         15          1332.100000 2025-12-08 00:01:59         4626.0
Forecasted values:
    sensor_id  sensor_energy_value_prediction    sensor_timestamp
0          15                     1323.456299 2025-12-08 00:02:00
1          15                     1325.023071 2025-12-08 00:02:01
2          15                     1326.768799 2025-12-08 00:02:02
3          15                     1328.487183 2025-12-08 00:02:03
4          15                     1330.165405 2025-12-08 00:02:04
5          15                     1331.799438 2025-12-08 00:02:05
6          15                     1333.393555 2025-12-08 00:02:06
7          15                     1334.947876 2025-12-08 00:02:07
8          15                     1336.462769 2025-12-08 00:02:08
9          15                     1337.940918 2025-12-08 00:02:09
10         15                     1339.385010 2025-12-08 00:02:10
11         15                     1340.795532 2025-12-08 00:02:11
12         15                     1342.174927 2025-12-08 00:02:12
13         15                     1343.524292 2025-12-08 00:02:13
14         15                     1344.844727 2025-12-08 00:02:14
15         15                     1346.137085 2025-12-08 00:02:15
16         15                     1347.402222 2025-12-08 00:02:16
17         15                     1348.640625 2025-12-08 00:02:17
18         15                     1349.853394 2025-12-08 00:02:18
19         15                     1351.041138 2025-12-08 00:02:19
20         15                     1352.204102 2025-12-08 00:02:20
21         15                     1353.343262 2025-12-08 00:02:21
22         15                     1354.458984 2025-12-08 00:02:22
23         15                     1355.551636 2025-12-08 00:02:23
24         15                     1356.622070 2025-12-08 00:02:24
25         15                     1357.670654 2025-12-08 00:02:25
26         15                     1358.698242 2025-12-08 00:02:26
27         15                     1359.705200 2025-12-08 00:02:27
28         15                     1360.692017 2025-12-08 00:02:28
29         15                     1361.659058 2025-12-08 00:02:29
30         15                     1362.607544 2025-12-08 00:02:30
31         15                     1363.537231 2025-12-08 00:02:31
32         15                     1364.448853 2025-12-08 00:02:32
33         15                     1365.342896 2025-12-08 00:02:33
34         15                     1366.219849 2025-12-08 00:02:34
35         15                     1367.080322 2025-12-08 00:02:35
36         15                     1367.924805 2025-12-08 00:02:36
37         15                     1368.753174 2025-12-08 00:02:37
38         15                     1369.566650 2025-12-08 00:02:38
39         15                     1370.365234 2025-12-08 00:02:39
40         15                     1371.149170 2025-12-08 00:02:40
41         15                     1371.919189 2025-12-08 00:02:41
42         15                     1372.675415 2025-12-08 00:02:42
43         15                     1373.418579 2025-12-08 00:02:43
44         15                     1374.148560 2025-12-08 00:02:44
45         15                     1374.865967 2025-12-08 00:02:45
46         15                     1375.570923 2025-12-08 00:02:46
47         15                     1376.263916 2025-12-08 00:02:47
48         15                     1376.945190 2025-12-08 00:02:48
49         15                     1377.614990 2025-12-08 00:02:49
50         15                     1378.273682 2025-12-08 00:02:50
51         15                     1378.921753 2025-12-08 00:02:51
52         15                     1379.558960 2025-12-08 00:02:52
53         15                     1380.185791 2025-12-08 00:02:53
54         15                     1380.802612 2025-12-08 00:02:54
55         15                     1381.409668 2025-12-08 00:02:55
56         15                     1382.007080 2025-12-08 00:02:56
57         15                     1382.595093 2025-12-08 00:02:57
58         15                     1383.174072 2025-12-08 00:02:58
59         15                     1383.744019 2025-12-08 00:02:59
Forecasted values inserted into database
Exiting forecasting script

No new messages received yet.Trying again...
No new messages received yet.Trying again...
No new messages received yet.Trying again...
No new messages received yet.Trying again...
No new messages received yet.Trying again...
No new messages received yet.Trying again...
No new messages received yet.Trying again...
No new messages received yet.Trying again...
No new messages received yet.Trying again...
No new messages received yet.Trying again...
No new messages received yet.Trying again...
No new messages received yet.Trying again...
No new messages received yet.Trying again...
No new messages received yet.Trying again...
No new messages received yet.Trying again...
No new messages received yet.Trying again...
No new messages received yet.Trying again...

Actual data inserted to database
No retrain triggered
Triggering forecasting

Forecasting.py script logs
Database connection established
Value of --retrain flag: False

Forecasting for initial model using device15/initial/device15.keras and device15/initial/scaler.save
Successfully downloaded model and scaler from S3

Actual values fetched from database
    sensor_id  sensor_energy_value    sensor_timestamp  message_delay
0          15               1314.1 2025-12-08 00:02:00        73534.0
1          15               1307.2 2025-12-08 00:02:01        72530.0
2          15               1305.8 2025-12-08 00:02:02        71524.0
3          15               1306.8 2025-12-08 00:02:03        70522.0
4          15               1306.3 2025-12-08 00:02:04        69517.0
5          15               1305.7 2025-12-08 00:02:05        68500.0
6          15               1307.9 2025-12-08 00:02:06        67493.0
7          15               1311.5 2025-12-08 00:02:07        66483.0
8          15               1303.7 2025-12-08 00:02:08        65477.0
9          15               1302.4 2025-12-08 00:02:09        64471.0
10         15               1305.3 2025-12-08 00:02:10        63469.0
11         15               1301.6 2025-12-08 00:02:11        62464.0
12         15               1306.5 2025-12-08 00:02:12        61463.0
13         15               1302.8 2025-12-08 00:02:13        60459.0
14         15               1303.8 2025-12-08 00:02:14        59452.0
15         15               1323.2 2025-12-08 00:02:15        58450.0
16         15               1302.6 2025-12-08 00:02:16        57446.0
17         15               1306.8 2025-12-08 00:02:17        56443.0
18         15               1307.5 2025-12-08 00:02:18        55439.0
19         15               1312.3 2025-12-08 00:02:19        54428.0
20         15               1312.5 2025-12-08 00:02:20        53393.0
21         15               1315.7 2025-12-08 00:02:21        52378.0
22         15               1309.7 2025-12-08 00:02:22        51349.0
23         15               1309.9 2025-12-08 00:02:23        50258.0
24         15               1313.8 2025-12-08 00:02:24        49045.0
25         15               1306.3 2025-12-08 00:02:25        46840.0
26         15               1306.4 2025-12-08 00:02:26        45612.0
27         15               1311.4 2025-12-08 00:02:27        44600.0
28         15               1310.2 2025-12-08 00:02:28        43562.0
29         15               1311.9 2025-12-08 00:02:29        42546.0
30         15               1309.4 2025-12-08 00:02:30        41525.0
31         15               1303.6 2025-12-08 00:02:31        40518.0
32         15               1304.6 2025-12-08 00:02:32        39502.0
33         15               1309.0 2025-12-08 00:02:33        38481.0
34         15               1305.5 2025-12-08 00:02:34        37477.0
35         15               1306.8 2025-12-08 00:02:35        36474.0
36         15               1305.9 2025-12-08 00:02:36        35468.0
37         15               1304.2 2025-12-08 00:02:37        34435.0
38         15               1306.1 2025-12-08 00:02:38        33427.0
39         15               1308.3 2025-12-08 00:02:39        32313.0
40         15               1307.9 2025-12-08 00:02:40        31273.0
41         15               1312.5 2025-12-08 00:02:41        30271.0
42         15               1304.7 2025-12-08 00:02:42        29270.0
43         15               1301.1 2025-12-08 00:02:43        28263.0
44         15               1306.0 2025-12-08 00:02:44        27262.0
45         15               1304.3 2025-12-08 00:02:45        26230.0
46         15               1307.8 2025-12-08 00:02:46        25186.0
47         15               1309.3 2025-12-08 00:02:47        24168.0
48         15               1304.5 2025-12-08 00:02:48        23129.0
49         15               1303.6 2025-12-08 00:02:49        22122.0
50         15               1304.2 2025-12-08 00:02:50        21119.0
51         15               1307.9 2025-12-08 00:02:51        20118.0
52         15               1304.6 2025-12-08 00:02:52        19117.0
53         15               1304.1 2025-12-08 00:02:53        18063.0
54         15               1300.1 2025-12-08 00:02:54        17060.0
55         15               1304.0 2025-12-08 00:02:55        16057.0
56         15               1304.0 2025-12-08 00:02:56        15052.0
57         15               1308.6 2025-12-08 00:02:57        13978.0
58         15               1304.1 2025-12-08 00:02:58        12971.0
59         15               1312.4 2025-12-08 00:02:59        11966.0
Forecasted values:
    sensor_id  sensor_energy_value_prediction    sensor_timestamp
0          15                     1318.805908 2025-12-08 00:03:00
1          15                     1320.131714 2025-12-08 00:03:01
2          15                     1321.566040 2025-12-08 00:03:02
3          15                     1323.121338 2025-12-08 00:03:03
4          15                     1324.738159 2025-12-08 00:03:04
5          15                     1326.376099 2025-12-08 00:03:05
6          15                     1328.009521 2025-12-08 00:03:06
7          15                     1329.623779 2025-12-08 00:03:07
8          15                     1331.210815 2025-12-08 00:03:08
9          15                     1332.766724 2025-12-08 00:03:09
10         15                     1334.290039 2025-12-08 00:03:10
11         15                     1335.781128 2025-12-08 00:03:11
12         15                     1337.240356 2025-12-08 00:03:12
13         15                     1338.669067 2025-12-08 00:03:13
14         15                     1340.068115 2025-12-08 00:03:14
15         15                     1341.438721 2025-12-08 00:03:15
16         15                     1342.781982 2025-12-08 00:03:16
17         15                     1344.098267 2025-12-08 00:03:17
18         15                     1345.388794 2025-12-08 00:03:18
19         15                     1346.653809 2025-12-08 00:03:19
20         15                     1347.894043 2025-12-08 00:03:20
21         15                     1349.109863 2025-12-08 00:03:21
22         15                     1350.302124 2025-12-08 00:03:22
23         15                     1351.470581 2025-12-08 00:03:23
24         15                     1352.616211 2025-12-08 00:03:24
25         15                     1353.739380 2025-12-08 00:03:25
26         15                     1354.840332 2025-12-08 00:03:26
27         15                     1355.919678 2025-12-08 00:03:27
28         15                     1356.977783 2025-12-08 00:03:28
29         15                     1358.015015 2025-12-08 00:03:29
30         15                     1359.032227 2025-12-08 00:03:30
31         15                     1360.029175 2025-12-08 00:03:31
32         15                     1361.006958 2025-12-08 00:03:32
33         15                     1361.965698 2025-12-08 00:03:33
34         15                     1362.906006 2025-12-08 00:03:34
35         15                     1363.828369 2025-12-08 00:03:35
36         15                     1364.733154 2025-12-08 00:03:36
37         15                     1365.620728 2025-12-08 00:03:37
38         15                     1366.491577 2025-12-08 00:03:38
39         15                     1367.346191 2025-12-08 00:03:39
40         15                     1368.185059 2025-12-08 00:03:40
41         15                     1369.008179 2025-12-08 00:03:41
42         15                     1369.816528 2025-12-08 00:03:42
43         15                     1370.610107 2025-12-08 00:03:43
44         15                     1371.389404 2025-12-08 00:03:44
45         15                     1372.154663 2025-12-08 00:03:45
46         15                     1372.906494 2025-12-08 00:03:46
47         15                     1373.645142 2025-12-08 00:03:47
48         15                     1374.370850 2025-12-08 00:03:48
49         15                     1375.084106 2025-12-08 00:03:49
50         15                     1375.784912 2025-12-08 00:03:50
51         15                     1376.473999 2025-12-08 00:03:51
52         15                     1377.151489 2025-12-08 00:03:52
53         15                     1377.817627 2025-12-08 00:03:53
54         15                     1378.472656 2025-12-08 00:03:54
55         15                     1379.117065 2025-12-08 00:03:55
56         15                     1379.750732 2025-12-08 00:03:56
57         15                     1380.374512 2025-12-08 00:03:57
58         15                     1380.988159 2025-12-08 00:03:58
59         15                     1381.592285 2025-12-08 00:03:59
Forecasted values inserted into database
Exiting forecasting script

No new messages received yet.Trying again...
No new messages received yet.Trying again...
No new messages received yet.Trying again...
No new messages received yet.Trying again...
No new messages received yet.Trying again...
No new messages received yet.Trying again...
No new messages received yet.Trying again...
No new messages received yet.Trying again...
No new messages received yet.Trying again...
No new messages received yet.Trying again...
No new messages received yet.Trying again...
No new messages received yet.Trying again...
No new messages received yet.Trying again...
No new messages received yet.Trying again...
No new messages received yet.Trying again...
No new messages received yet.Trying again...
No new messages received yet.Trying again...
No new messages received yet.Trying again...
No new messages received yet.Trying again...
No new messages received yet.Trying again...
No new messages received yet.Trying again...
No new messages received yet.Trying again...
No new messages received yet.Trying again...
No new messages received yet.Trying again...
No new messages received yet.Trying again...
No new messages received yet.Trying again...
No new messages received yet.Trying again...
No new messages received yet.Trying again...

Actual data inserted to database
No retrain triggered
Triggering forecasting

Forecasting.py script logs
Database connection established
Value of --retrain flag: False

Forecasting for initial model using device15/initial/device15.keras and device15/initial/scaler.save
Successfully downloaded model and scaler from S3

Actual values fetched from database
    sensor_id  sensor_energy_value    sensor_timestamp  message_delay
0          15               1306.2 2025-12-08 00:03:00        70759.0
1          15               1308.9 2025-12-08 00:03:01        69743.0
2          15               1306.9 2025-12-08 00:03:02        68741.0
3          15               1304.8 2025-12-08 00:03:03        67738.0
4          15               1320.8 2025-12-08 00:03:04        66735.0
5          15               1305.1 2025-12-08 00:03:05        65731.0
6          15               1326.2 2025-12-08 00:03:06        64725.0
7          15               1301.4 2025-12-08 00:03:07        63717.0
8          15               1299.3 2025-12-08 00:03:08        62716.0
9          15               1310.5 2025-12-08 00:03:09        61715.0
10         15               1307.3 2025-12-08 00:03:10        60713.0
11         15               1303.3 2025-12-08 00:03:11        59707.0
12         15               1306.6 2025-12-08 00:03:12        58695.0
13         15               1302.8 2025-12-08 00:03:13        57654.0
14         15               1304.1 2025-12-08 00:03:14        56653.0
15         15               1314.5 2025-12-08 00:03:15        55649.0
16         15               1300.1 2025-12-08 00:03:16        54644.0
17         15               1302.3 2025-12-08 00:03:17        53640.0
18         15               1306.7 2025-12-08 00:03:18        52638.0
19         15               1308.7 2025-12-08 00:03:19        51634.0
20         15               1306.5 2025-12-08 00:03:20        50633.0
21         15               1310.9 2025-12-08 00:03:21        49631.0
22         15               1309.3 2025-12-08 00:03:22        48628.0
23         15               1315.4 2025-12-08 00:03:23        47621.0
24         15               1318.8 2025-12-08 00:03:24        46610.0
25         15               1298.9 2025-12-08 00:03:25        45607.0
26         15               1305.2 2025-12-08 00:03:26        44596.0
27         15               1342.2 2025-12-08 00:03:27        43585.0
28         15               1435.8 2025-12-08 00:03:28        42578.0
29         15               1412.4 2025-12-08 00:03:29        41574.0
30         15               1412.1 2025-12-08 00:03:30        40573.0
31         15               1412.2 2025-12-08 00:03:31        39572.0
32         15               1412.5 2025-12-08 00:03:32        38571.0
33         15               1415.9 2025-12-08 00:03:33        37570.0
34         15               1420.2 2025-12-08 00:03:34        36567.0
35         15               1425.8 2025-12-08 00:03:35        35564.0
36         15               1401.7 2025-12-08 00:03:36        34557.0
37         15               1414.2 2025-12-08 00:03:37        33556.0
38         15               1413.3 2025-12-08 00:03:38        32551.0
39         15               1415.6 2025-12-08 00:03:39        31550.0
40         15               1416.1 2025-12-08 00:03:40        30548.0
41         15               1409.5 2025-12-08 00:03:41        29546.0
42         15               1417.2 2025-12-08 00:03:42        28544.0
43         15               1408.4 2025-12-08 00:03:43        27542.0
44         15               1414.1 2025-12-08 00:03:44        26540.0
45         15               1411.6 2025-12-08 00:03:45        25538.0
46         15               1411.0 2025-12-08 00:03:46        24535.0
47         15               1410.1 2025-12-08 00:03:47        23533.0
48         15               1411.3 2025-12-08 00:03:48        22532.0
49         15               1409.8 2025-12-08 00:03:49        21527.0
50         15               1409.6 2025-12-08 00:03:50        20525.0
51         15               1412.9 2025-12-08 00:03:51        19523.0
52         15               1417.4 2025-12-08 00:03:52        18520.0
53         15               1421.4 2025-12-08 00:03:53        17517.0
54         15               1418.3 2025-12-08 00:03:54        16511.0
55         15               1411.1 2025-12-08 00:03:55        15509.0
56         15               1440.4 2025-12-08 00:03:56        14507.0
57         15               1482.6 2025-12-08 00:03:57        13503.0
58         15               1473.7 2025-12-08 00:03:58        12501.0
59         15               1472.0 2025-12-08 00:03:59        11495.0
Forecasted values:
    sensor_id  sensor_energy_value_prediction    sensor_timestamp
0          15                     1436.847778 2025-12-08 00:04:00
1          15                     1438.522461 2025-12-08 00:04:01
2          15                     1440.142578 2025-12-08 00:04:02
3          15                     1441.185059 2025-12-08 00:04:03
4          15                     1441.830688 2025-12-08 00:04:04
5          15                     1442.227295 2025-12-08 00:04:05
6          15                     1442.473511 2025-12-08 00:04:06
7          15                     1442.633667 2025-12-08 00:04:07
8          15                     1442.746826 2025-12-08 00:04:08
9          15                     1442.836670 2025-12-08 00:04:09
10         15                     1442.916748 2025-12-08 00:04:10
11         15                     1442.992920 2025-12-08 00:04:11
12         15                     1443.067871 2025-12-08 00:04:12
13         15                     1443.142334 2025-12-08 00:04:13
14         15                     1443.215820 2025-12-08 00:04:14
15         15                     1443.287354 2025-12-08 00:04:15
16         15                     1443.356079 2025-12-08 00:04:16
17         15                     1443.420776 2025-12-08 00:04:17
18         15                     1443.481323 2025-12-08 00:04:18
19         15                     1443.536987 2025-12-08 00:04:19
20         15                     1443.588135 2025-12-08 00:04:20
21         15                     1443.634399 2025-12-08 00:04:21
22         15                     1443.676025 2025-12-08 00:04:22
23         15                     1443.713379 2025-12-08 00:04:23
24         15                     1443.746948 2025-12-08 00:04:24
25         15                     1443.776733 2025-12-08 00:04:25
26         15                     1443.803101 2025-12-08 00:04:26
27         15                     1443.826782 2025-12-08 00:04:27
28         15                     1443.848511 2025-12-08 00:04:28
29         15                     1443.869507 2025-12-08 00:04:29
30         15                     1443.887573 2025-12-08 00:04:30
31         15                     1443.903442 2025-12-08 00:04:31
32         15                     1443.917725 2025-12-08 00:04:32
33         15                     1443.930298 2025-12-08 00:04:33
34         15                     1443.941772 2025-12-08 00:04:34
35         15                     1443.952026 2025-12-08 00:04:35
36         15                     1443.961304 2025-12-08 00:04:36
37         15                     1443.969360 2025-12-08 00:04:37
38         15                     1443.976929 2025-12-08 00:04:38
39         15                     1443.983765 2025-12-08 00:04:39
40         15                     1443.990112 2025-12-08 00:04:40
41         15                     1443.996094 2025-12-08 00:04:41
42         15                     1444.001465 2025-12-08 00:04:42
43         15                     1444.006714 2025-12-08 00:04:43
44         15                     1444.011475 2025-12-08 00:04:44
45         15                     1444.015991 2025-12-08 00:04:45
46         15                     1444.020508 2025-12-08 00:04:46
47         15                     1444.024902 2025-12-08 00:04:47
48         15                     1444.029175 2025-12-08 00:04:48
49         15                     1444.033447 2025-12-08 00:04:49
50         15                     1444.037598 2025-12-08 00:04:50
51         15                     1444.041870 2025-12-08 00:04:51
52         15                     1444.046509 2025-12-08 00:04:52
53         15                     1444.051147 2025-12-08 00:04:53
54         15                     1444.055908 2025-12-08 00:04:54
55         15                     1444.060547 2025-12-08 00:04:55
56         15                     1444.065308 2025-12-08 00:04:56
57         15                     1444.070557 2025-12-08 00:04:57
58         15                     1444.076538 2025-12-08 00:04:58
59         15                     1444.082031 2025-12-08 00:04:59
Forecasted values inserted into database
Exiting forecasting script

No new messages received yet.Trying again...
No new messages received yet.Trying again...
No new messages received yet.Trying again...
No new messages received yet.Trying again...
No new messages received yet.Trying again...
No new messages received yet.Trying again...
No new messages received yet.Trying again...
No new messages received yet.Trying again...
No new messages received yet.Trying again...
No new messages received yet.Trying again...
No new messages received yet.Trying again...
No new messages received yet.Trying again...
No new messages received yet.Trying again...
No new messages received yet.Trying again...
No new messages received yet.Trying again...
No new messages received yet.Trying again...
No new messages received yet.Trying again...
No new messages received yet.Trying again...
No new messages received yet.Trying again...
No new messages received yet.Trying again...
No new messages received yet.Trying again...
No new messages received yet.Trying again...
No new messages received yet.Trying again...
No new messages received yet.Trying again...
No new messages received yet.Trying again...
No new messages received yet.Trying again...
No new messages received yet.Trying again...
No new messages received yet.Trying again...
No new messages received yet.Trying again...
No new messages received yet.Trying again...
No new messages received yet.Trying again...
No new messages received yet.Trying again...
No new messages received yet.Trying again...
No new messages received yet.Trying again...
No new messages received yet.Trying again...
No new messages received yet.Trying again...
No new messages received yet.Trying again...
No new messages received yet.Trying again...
No new messages received yet.Trying again...

Actual data inserted to database
No retrain triggered
Triggering forecasting

Forecasting.py script logs
Database connection established
Value of --retrain flag: False

Forecasting for initial model using device15/initial/device15.keras and device15/initial/scaler.save
Successfully downloaded model and scaler from S3

Actual values fetched from database
    sensor_id  sensor_energy_value    sensor_timestamp  message_delay
0          15               1482.4 2025-12-08 00:04:00        70603.0
1          15               1482.4 2025-12-08 00:04:01        69601.0
2          15               1472.7 2025-12-08 00:04:02        68599.0
3          15               1474.2 2025-12-08 00:04:03        67597.0
4          15               1476.2 2025-12-08 00:04:04        66593.0
5          15               1478.6 2025-12-08 00:04:05        65588.0
6          15               1486.0 2025-12-08 00:04:06        64584.0
7          15               1475.2 2025-12-08 00:04:07        63581.0
8          15               1481.8 2025-12-08 00:04:08        62579.0
9          15               1479.9 2025-12-08 00:04:09        61575.0
10         15               1478.8 2025-12-08 00:04:10        60573.0
11         15               1476.1 2025-12-08 00:04:11        59569.0
12         15               1482.9 2025-12-08 00:04:12        58565.0
13         15               1469.4 2025-12-08 00:04:13        57560.0
14         15               1467.2 2025-12-08 00:04:14        56557.0
15         15               1477.3 2025-12-08 00:04:15        55540.0
16         15               1483.0 2025-12-08 00:04:16        54530.0
17         15               1474.5 2025-12-08 00:04:17        53527.0
18         15               1473.1 2025-12-08 00:04:18        52526.0
19         15               1479.6 2025-12-08 00:04:19        51524.0
20         15               1481.1 2025-12-08 00:04:20        50522.0
21         15               1480.6 2025-12-08 00:04:21        49518.0
22         15               1483.8 2025-12-08 00:04:22        48514.0
23         15               1468.7 2025-12-08 00:04:23        47510.0
24         15               1471.8 2025-12-08 00:04:24        46499.0
25         15               1481.8 2025-12-08 00:04:25        45496.0
26         15               1475.7 2025-12-08 00:04:26        44490.0
27         15               1480.4 2025-12-08 00:04:27        43489.0
28         15               1481.4 2025-12-08 00:04:28        42488.0
29         15               1490.5 2025-12-08 00:04:29        41485.0
30         15               1474.8 2025-12-08 00:04:30        40484.0
31         15               1470.1 2025-12-08 00:04:31        39479.0
32         15               1485.0 2025-12-08 00:04:32        38474.0
33         15               1471.3 2025-12-08 00:04:33        37473.0
34         15               1471.4 2025-12-08 00:04:34        36471.0
35         15               1465.8 2025-12-08 00:04:35        35458.0
36         15               1488.1 2025-12-08 00:04:36        34455.0
37         15               1554.4 2025-12-08 00:04:37        33451.0
38         15               1552.6 2025-12-08 00:04:38        32449.0
39         15               1552.7 2025-12-08 00:04:39        31446.0
40         15               1554.5 2025-12-08 00:04:40        30444.0
41         15               1560.4 2025-12-08 00:04:41        29440.0
42         15               1557.1 2025-12-08 00:04:42        28439.0
43         15               1556.4 2025-12-08 00:04:43        27435.0
44         15               1558.2 2025-12-08 00:04:44        26426.0
45         15               1560.5 2025-12-08 00:04:45        25423.0
46         15               1560.0 2025-12-08 00:04:46        24419.0
47         15               1558.2 2025-12-08 00:04:47        23416.0
48         15               1560.8 2025-12-08 00:04:48        22415.0
49         15               1557.6 2025-12-08 00:04:49        21410.0
50         15               1564.2 2025-12-08 00:04:50        20405.0
51         15               1564.3 2025-12-08 00:04:51        19403.0
52         15               1563.0 2025-12-08 00:04:52        18401.0
53         15               1555.6 2025-12-08 00:04:53        17390.0
54         15               1551.6 2025-12-08 00:04:54        16387.0
55         15               1550.9 2025-12-08 00:04:55        15385.0
56         15               1551.2 2025-12-08 00:04:56        14381.0
57         15               1558.6 2025-12-08 00:04:57        13376.0
58         15               1555.8 2025-12-08 00:04:58        12373.0
59         15               1553.0 2025-12-08 00:04:59        11371.0
Forecasted values:
    sensor_id  sensor_energy_value_prediction    sensor_timestamp
0          15                     1560.002930 2025-12-08 00:05:00
1          15                     1560.669556 2025-12-08 00:05:01
2          15                     1561.294922 2025-12-08 00:05:02
3          15                     1561.989624 2025-12-08 00:05:03
4          15                     1562.734741 2025-12-08 00:05:04
5          15                     1563.512329 2025-12-08 00:05:05
6          15                     1564.309570 2025-12-08 00:05:06
7          15                     1565.119019 2025-12-08 00:05:07
8          15                     1565.935425 2025-12-08 00:05:08
9          15                     1566.757080 2025-12-08 00:05:09
10         15                     1567.582886 2025-12-08 00:05:10
11         15                     1568.412476 2025-12-08 00:05:11
12         15                     1569.247070 2025-12-08 00:05:12
13         15                     1570.087402 2025-12-08 00:05:13
14         15                     1570.933960 2025-12-08 00:05:14
15         15                     1571.788330 2025-12-08 00:05:15
16         15                     1572.651733 2025-12-08 00:05:16
17         15                     1573.524902 2025-12-08 00:05:17
18         15                     1574.408325 2025-12-08 00:05:18
19         15                     1575.303223 2025-12-08 00:05:19
20         15                     1576.210449 2025-12-08 00:05:20
21         15                     1577.130249 2025-12-08 00:05:21
22         15                     1578.063965 2025-12-08 00:05:22
23         15                     1579.011597 2025-12-08 00:05:23
24         15                     1579.973267 2025-12-08 00:05:24
25         15                     1580.950195 2025-12-08 00:05:25
26         15                     1581.943359 2025-12-08 00:05:26
27         15                     1582.952393 2025-12-08 00:05:27
28         15                     1583.978149 2025-12-08 00:05:28
29         15                     1585.021240 2025-12-08 00:05:29
30         15                     1586.082397 2025-12-08 00:05:30
31         15                     1587.161011 2025-12-08 00:05:31
32         15                     1588.258423 2025-12-08 00:05:32
33         15                     1589.375732 2025-12-08 00:05:33
34         15                     1590.512695 2025-12-08 00:05:34
35         15                     1591.670044 2025-12-08 00:05:35
36         15                     1592.848267 2025-12-08 00:05:36
37         15                     1594.049072 2025-12-08 00:05:37
38         15                     1595.274414 2025-12-08 00:05:38
39         15                     1596.521606 2025-12-08 00:05:39
40         15                     1597.791382 2025-12-08 00:05:40
41         15                     1599.084351 2025-12-08 00:05:41
42         15                     1600.401489 2025-12-08 00:05:42
43         15                     1601.742676 2025-12-08 00:05:43
44         15                     1603.109009 2025-12-08 00:05:44
45         15                     1604.501099 2025-12-08 00:05:45
46         15                     1605.919678 2025-12-08 00:05:46
47         15                     1607.365234 2025-12-08 00:05:47
48         15                     1608.838501 2025-12-08 00:05:48
49         15                     1610.340576 2025-12-08 00:05:49
50         15                     1611.871704 2025-12-08 00:05:50
51         15                     1613.433228 2025-12-08 00:05:51
52         15                     1615.025635 2025-12-08 00:05:52
53         15                     1616.649780 2025-12-08 00:05:53
54         15                     1618.306519 2025-12-08 00:05:54
55         15                     1619.996460 2025-12-08 00:05:55
56         15                     1621.721436 2025-12-08 00:05:56
57         15                     1623.482300 2025-12-08 00:05:57
58         15                     1625.279907 2025-12-08 00:05:58
59         15                     1627.115112 2025-12-08 00:05:59
Forecasted values inserted into database
Exiting forecasting script

No new messages received yet.Trying again...
No new messages received yet.Trying again...
No new messages received yet.Trying again...
No new messages received yet.Trying again...
No new messages received yet.Trying again...
No new messages received yet.Trying again...
No new messages received yet.Trying again...
No new messages received yet.Trying again...
No new messages received yet.Trying again...
No new messages received yet.Trying again...

Actual data inserted to database
No retrain triggered
Triggering forecasting

Forecasting.py script logs
Database connection established
Value of --retrain flag: False

Forecasting for initial model using device15/initial/device15.keras and device15/initial/scaler.save
Successfully downloaded model and scaler from S3

Actual values fetched from database
    sensor_id  sensor_energy_value    sensor_timestamp  message_delay
0          15               1554.6 2025-12-08 00:05:00        70488.0
1          15               1558.3 2025-12-08 00:05:01        69482.0
2          15               1553.2 2025-12-08 00:05:02        68480.0
3          15               1555.7 2025-12-08 00:05:03        67477.0
4          15               1556.0 2025-12-08 00:05:04        66472.0
5          15               1554.3 2025-12-08 00:05:05        65467.0
6          15               1560.3 2025-12-08 00:05:06        64463.0
7          15               1568.0 2025-12-08 00:05:07        63462.0
8          15               1552.4 2025-12-08 00:05:08        62460.0
9          15               1561.6 2025-12-08 00:05:09        61459.0
10         15               1572.7 2025-12-08 00:05:10        60457.0
11         15               1553.0 2025-12-08 00:05:11        59454.0
12         15               1553.7 2025-12-08 00:05:12        58450.0
13         15               1553.7 2025-12-08 00:05:13        57446.0
14         15               1554.6 2025-12-08 00:05:14        56445.0
15         15               1559.2 2025-12-08 00:05:15        55438.0
16         15               1561.9 2025-12-08 00:05:16        54434.0
17         15               1561.4 2025-12-08 00:05:17        53357.0
18         15               1556.5 2025-12-08 00:05:18        52330.0
19         15               1563.6 2025-12-08 00:05:19        51313.0
20         15               1563.6 2025-12-08 00:05:20        50310.0
21         15               1564.4 2025-12-08 00:05:21        49295.0
22         15               1561.4 2025-12-08 00:05:22        48276.0
23         15               1557.6 2025-12-08 00:05:23        47273.0
24         15               1558.5 2025-12-08 00:05:24        46206.0
25         15               1556.9 2025-12-08 00:05:25        44872.0
26         15               1621.5 2025-12-08 00:05:26        43870.0
27         15               1676.7 2025-12-08 00:05:27        42867.0
28         15               1696.5 2025-12-08 00:05:28        41863.0
29         15               1685.5 2025-12-08 00:05:29        40856.0
30         15               1693.5 2025-12-08 00:05:30        39836.0
31         15               1713.8 2025-12-08 00:05:31        38832.0
32         15               1696.6 2025-12-08 00:05:32        37503.0
33         15               1710.6 2025-12-08 00:05:33        36498.0
34         15               1690.6 2025-12-08 00:05:34        35452.0
35         15               1693.7 2025-12-08 00:05:35        34443.0
36         15               1694.3 2025-12-08 00:05:36        33431.0
37         15               1694.2 2025-12-08 00:05:37        32407.0
38         15               1689.4 2025-12-08 00:05:38        31322.0
39         15               1692.6 2025-12-08 00:05:39        30321.0
40         15               1695.4 2025-12-08 00:05:40        29320.0
41         15               1693.5 2025-12-08 00:05:41        28311.0
42         15               1693.1 2025-12-08 00:05:42        27303.0
43         15               1695.9 2025-12-08 00:05:43        26301.0
44         15               1691.0 2025-12-08 00:05:44        25292.0
45         15               1693.1 2025-12-08 00:05:45        24285.0
46         15               1699.1 2025-12-08 00:05:46        23281.0
47         15               1688.0 2025-12-08 00:05:47        22278.0
48         15               1694.9 2025-12-08 00:05:48        21250.0
49         15               1694.2 2025-12-08 00:05:49        20185.0
50         15               1696.0 2025-12-08 00:05:50        19182.0
51         15               1693.9 2025-12-08 00:05:51        18169.0
52         15               1693.9 2025-12-08 00:05:52        17161.0
53         15               1691.0 2025-12-08 00:05:53        16151.0
54         15               1696.9 2025-12-08 00:05:54        15148.0
55         15               1691.5 2025-12-08 00:05:55        14144.0
56         15               1691.9 2025-12-08 00:05:56        13141.0
57         15               1697.3 2025-12-08 00:05:57        12140.0
58         15               1694.5 2025-12-08 00:05:58        11134.0
59         15               1691.2 2025-12-08 00:05:59        10131.0
Forecasted values:
    sensor_id  sensor_energy_value_prediction    sensor_timestamp
0          15                     1724.455811 2025-12-08 00:06:00
1          15                     1728.053589 2025-12-08 00:06:01
2          15                     1731.505371 2025-12-08 00:06:02
3          15                     1735.390747 2025-12-08 00:06:03
4          15                     1739.626953 2025-12-08 00:06:04
5          15                     1744.128418 2025-12-08 00:06:05
6          15                     1748.839355 2025-12-08 00:06:06
7          15                     1753.727295 2025-12-08 00:06:07
8          15                     1758.774292 2025-12-08 00:06:08
9          15                     1763.972656 2025-12-08 00:06:09
10         15                     1769.323364 2025-12-08 00:06:10
11         15                     1774.829468 2025-12-08 00:06:11
12         15                     1780.494263 2025-12-08 00:06:12
13         15                     1786.326172 2025-12-08 00:06:13
14         15                     1792.332275 2025-12-08 00:06:14
15         15                     1798.519775 2025-12-08 00:06:15
16         15                     1804.895874 2025-12-08 00:06:16
17         15                     1811.467529 2025-12-08 00:06:17
18         15                     1818.241455 2025-12-08 00:06:18
19         15                     1825.223755 2025-12-08 00:06:19
20         15                     1832.422363 2025-12-08 00:06:20
21         15                     1839.842896 2025-12-08 00:06:21
22         15                     1847.491211 2025-12-08 00:06:22
23         15                     1855.374390 2025-12-08 00:06:23
24         15                     1863.497803 2025-12-08 00:06:24
25         15                     1871.868408 2025-12-08 00:06:25
26         15                     1880.491943 2025-12-08 00:06:26
27         15                     1889.378540 2025-12-08 00:06:27
28         15                     1898.532837 2025-12-08 00:06:28
29         15                     1907.957275 2025-12-08 00:06:29
30         15                     1917.653687 2025-12-08 00:06:30
31         15                     1927.629028 2025-12-08 00:06:31
32         15                     1937.887817 2025-12-08 00:06:32
33         15                     1948.431152 2025-12-08 00:06:33
34         15                     1959.264404 2025-12-08 00:06:34
35         15                     1970.387817 2025-12-08 00:06:35
36         15                     1981.805542 2025-12-08 00:06:36
37         15                     1993.517700 2025-12-08 00:06:37
38         15                     2005.525024 2025-12-08 00:06:38
39         15                     2017.825806 2025-12-08 00:06:39
40         15                     2030.419434 2025-12-08 00:06:40
41         15                     2043.302734 2025-12-08 00:06:41
42         15                     2056.470703 2025-12-08 00:06:42
43         15                     2069.917969 2025-12-08 00:06:43
44         15                     2083.637451 2025-12-08 00:06:44
45         15                     2097.620361 2025-12-08 00:06:45
46         15                     2111.856689 2025-12-08 00:06:46
47         15                     2126.335449 2025-12-08 00:06:47
48         15                     2141.041748 2025-12-08 00:06:48
49         15                     2155.961670 2025-12-08 00:06:49
50         15                     2171.078125 2025-12-08 00:06:50
51         15                     2186.373047 2025-12-08 00:06:51
52         15                     2201.826172 2025-12-08 00:06:52
53         15                     2217.416260 2025-12-08 00:06:53
54         15                     2233.120850 2025-12-08 00:06:54
55         15                     2248.915771 2025-12-08 00:06:55
56         15                     2264.775635 2025-12-08 00:06:56
57         15                     2280.674072 2025-12-08 00:06:57
58         15                     2296.585449 2025-12-08 00:06:58
59         15                     2312.480469 2025-12-08 00:06:59
Forecasted values inserted into database
Exiting forecasting script

No new messages received yet.Trying again...
No new messages received yet.Trying again...
No new messages received yet.Trying again...
No new messages received yet.Trying again...
No new messages received yet.Trying again...
No new messages received yet.Trying again...
No new messages received yet.Trying again...
No new messages received yet.Trying again...
No new messages received yet.Trying again...
No new messages received yet.Trying again...
No new messages received yet.Trying again...
No new messages received yet.Trying again...
No new messages received yet.Trying again...
No new messages received yet.Trying again...
No new messages received yet.Trying again...
No new messages received yet.Trying again...
No new messages received yet.Trying again...
No new messages received yet.Trying again...
No new messages received yet.Trying again...
No new messages received yet.Trying again...
No new messages received yet.Trying again...
No new messages received yet.Trying again...
No new messages received yet.Trying again...

Actual data inserted to database
No retrain triggered
Triggering forecasting

Forecasting.py script logs
Database connection established
Value of --retrain flag: False

Forecasting for initial model using device15/initial/device15.keras and device15/initial/scaler.save
Successfully downloaded model and scaler from S3

Actual values fetched from database
    sensor_id  sensor_energy_value    sensor_timestamp  message_delay
0          15               1700.2 2025-12-08 00:06:00        68995.0
1          15               1697.2 2025-12-08 00:06:01        67967.0
2          15               1700.4 2025-12-08 00:06:02        66964.0
3          15               1696.2 2025-12-08 00:06:03        65960.0
4          15               1692.8 2025-12-08 00:06:04        64956.0
5          15               1695.2 2025-12-08 00:06:05        63951.0
6          15               1695.8 2025-12-08 00:06:06        62946.0
7          15               1697.0 2025-12-08 00:06:07        61942.0
8          15               1692.4 2025-12-08 00:06:08        60938.0
9          15               1702.2 2025-12-08 00:06:09        59936.0
10         15               1704.9 2025-12-08 00:06:10        58933.0
11         15               1694.0 2025-12-08 00:06:11        57926.0
12         15               1712.0 2025-12-08 00:06:12        56917.0
13         15               1697.9 2025-12-08 00:06:13        55908.0
14         15               1694.6 2025-12-08 00:06:14        54901.0
15         15               1696.2 2025-12-08 00:06:15        53896.0
16         15               1691.5 2025-12-08 00:06:16        52894.0
17         15               1692.6 2025-12-08 00:06:17        51888.0
18         15               1711.1 2025-12-08 00:06:18        50885.0
19         15               1702.9 2025-12-08 00:06:19        49872.0
20         15               1698.4 2025-12-08 00:06:20        48866.0
21         15               1695.5 2025-12-08 00:06:21        47864.0
22         15               1697.1 2025-12-08 00:06:22        46857.0
23         15               1697.5 2025-12-08 00:06:23        45840.0
24         15               1696.6 2025-12-08 00:06:24        44838.0
25         15               1695.0 2025-12-08 00:06:25        43831.0
26         15               1704.5 2025-12-08 00:06:26        42829.0
27         15               1694.9 2025-12-08 00:06:27        41823.0
28         15               1698.0 2025-12-08 00:06:28        40820.0
29         15               1692.2 2025-12-08 00:06:29        39814.0
30         15               1695.4 2025-12-08 00:06:30        38805.0
31         15               1695.3 2025-12-08 00:06:31        37803.0
32         15               1705.6 2025-12-08 00:06:32        36801.0
33         15               1697.7 2025-12-08 00:06:33        35797.0
34         15               1695.2 2025-12-08 00:06:34        34789.0
35         15               1693.2 2025-12-08 00:06:35        33787.0
36         15               1693.5 2025-12-08 00:06:36        32782.0
37         15               1694.8 2025-12-08 00:06:37        31780.0
38         15               1695.9 2025-12-08 00:06:38        30777.0
39         15               1698.8 2025-12-08 00:06:39        29774.0
40         15               1691.1 2025-12-08 00:06:40        28771.0
41         15               1695.8 2025-12-08 00:06:41        27769.0
42         15               1698.3 2025-12-08 00:06:42        26757.0
43         15               1696.1 2025-12-08 00:06:43        25755.0
44         15               1699.5 2025-12-08 00:06:44        24745.0
45         15               1695.4 2025-12-08 00:06:45        23743.0
46         15               1695.0 2025-12-08 00:06:46        22742.0
47         15               1692.3 2025-12-08 00:06:47        21741.0
48         15               1697.7 2025-12-08 00:06:48        20738.0
49         15               1698.8 2025-12-08 00:06:49        19736.0
50         15               1697.0 2025-12-08 00:06:50        18733.0
51         15               1698.6 2025-12-08 00:06:51        17725.0
52         15               1693.6 2025-12-08 00:06:52        16722.0
53         15               1694.8 2025-12-08 00:06:53        15719.0
54         15               1692.2 2025-12-08 00:06:54        14715.0
55         15               1696.4 2025-12-08 00:06:55        13709.0
56         15               1703.6 2025-12-08 00:06:56        12707.0
57         15               1706.0 2025-12-08 00:06:57        11698.0
58         15               1696.0 2025-12-08 00:06:58        10697.0
59         15               1695.3 2025-12-08 00:06:59         9696.0
Forecasted values:
    sensor_id  sensor_energy_value_prediction    sensor_timestamp
0          15                     1728.829224 2025-12-08 00:07:00
1          15                     1732.451660 2025-12-08 00:07:01
2          15                     1735.925659 2025-12-08 00:07:02
3          15                     1739.842773 2025-12-08 00:07:03
4          15                     1744.121948 2025-12-08 00:07:04
5          15                     1748.678223 2025-12-08 00:07:05
6          15                     1753.456665 2025-12-08 00:07:06
7          15                     1758.423828 2025-12-08 00:07:07
8          15                     1763.562866 2025-12-08 00:07:08
9          15                     1768.865601 2025-12-08 00:07:09
10         15                     1774.332031 2025-12-08 00:07:10
11         15                     1779.964478 2025-12-08 00:07:11
12         15                     1785.766724 2025-12-08 00:07:12
13         15                     1791.747070 2025-12-08 00:07:13
14         15                     1797.910156 2025-12-08 00:07:14
15         15                     1804.263184 2025-12-08 00:07:15
16         15                     1810.813721 2025-12-08 00:07:16
17         15                     1817.567383 2025-12-08 00:07:17
18         15                     1824.531738 2025-12-08 00:07:18
19         15                     1831.713867 2025-12-08 00:07:19
20         15                     1839.118042 2025-12-08 00:07:20
21         15                     1846.750366 2025-12-08 00:07:21
22         15                     1854.617188 2025-12-08 00:07:22
23         15                     1862.724976 2025-12-08 00:07:23
24         15                     1871.079346 2025-12-08 00:07:24
25         15                     1879.685303 2025-12-08 00:07:25
26         15                     1888.549194 2025-12-08 00:07:26
27         15                     1897.676392 2025-12-08 00:07:27
28         15                     1907.071655 2025-12-08 00:07:28
29         15                     1916.740112 2025-12-08 00:07:29
30         15                     1926.685669 2025-12-08 00:07:30
31         15                     1936.914062 2025-12-08 00:07:31
32         15                     1947.428101 2025-12-08 00:07:32
33         15                     1958.232178 2025-12-08 00:07:33
34         15                     1969.327148 2025-12-08 00:07:34
35         15                     1980.715820 2025-12-08 00:07:35
36         15                     1992.398804 2025-12-08 00:07:36
37         15                     2004.377319 2025-12-08 00:07:37
38         15                     2016.650146 2025-12-08 00:07:38
39         15                     2029.215698 2025-12-08 00:07:39
40         15                     2042.071533 2025-12-08 00:07:40
41         15                     2055.212158 2025-12-08 00:07:41
42         15                     2068.633057 2025-12-08 00:07:42
43         15                     2082.327148 2025-12-08 00:07:43
44         15                     2096.285645 2025-12-08 00:07:44
45         15                     2110.499023 2025-12-08 00:07:45
46         15                     2124.955078 2025-12-08 00:07:46
47         15                     2139.640625 2025-12-08 00:07:47
48         15                     2154.541016 2025-12-08 00:07:48
49         15                     2169.639893 2025-12-08 00:07:49
50         15                     2184.918945 2025-12-08 00:07:50
51         15                     2200.358643 2025-12-08 00:07:51
52         15                     2215.936768 2025-12-08 00:07:52
53         15                     2231.632080 2025-12-08 00:07:53
54         15                     2247.419189 2025-12-08 00:07:54
55         15                     2263.273926 2025-12-08 00:07:55
56         15                     2279.170654 2025-12-08 00:07:56
57         15                     2295.082275 2025-12-08 00:07:57
58         15                     2310.981201 2025-12-08 00:07:58
59         15                     2326.838623 2025-12-08 00:07:59
Forecasted values inserted into database
Exiting forecasting script

No new messages received yet.Trying again...
No new messages received yet.Trying again...
No new messages received yet.Trying again...
No new messages received yet.Trying again...
No new messages received yet.Trying again...
No new messages received yet.Trying again...
No new messages received yet.Trying again...
No new messages received yet.Trying again...
No new messages received yet.Trying again...
No new messages received yet.Trying again...
No new messages received yet.Trying again...
No new messages received yet.Trying again...
No new messages received yet.Trying again...
No new messages received yet.Trying again...
No new messages received yet.Trying again...
No new messages received yet.Trying again...
No new messages received yet.Trying again...
No new messages received yet.Trying again...
No new messages received yet.Trying again...
No new messages received yet.Trying again...
No new messages received yet.Trying again...
No new messages received yet.Trying again...
No new messages received yet.Trying again...
No new messages received yet.Trying again...
No new messages received yet.Trying again...
No new messages received yet.Trying again...
No new messages received yet.Trying again...
No new messages received yet.Trying again...
No new messages received yet.Trying again...
No new messages received yet.Trying again...
No new messages received yet.Trying again...
No new messages received yet.Trying again...
No new messages received yet.Trying again...
No new messages received yet.Trying again...
No new messages received yet.Trying again...
No new messages received yet.Trying again...
No new messages received yet.Trying again...

Actual data inserted to database
No retrain triggered
Triggering forecasting

Forecasting.py script logs
Database connection established
Value of --retrain flag: False

Forecasting for initial model using device15/initial/device15.keras and device15/initial/scaler.save
Successfully downloaded model and scaler from S3

Actual values fetched from database
    sensor_id  sensor_energy_value    sensor_timestamp  message_delay
0          15               1701.8 2025-12-08 00:07:00        68488.0
1          15               1699.8 2025-12-08 00:07:01        67485.0
2          15               1700.6 2025-12-08 00:07:02        66479.0
3          15               1699.7 2025-12-08 00:07:03        65471.0
4          15               1695.1 2025-12-08 00:07:04        64461.0
5          15               1692.1 2025-12-08 00:07:05        63460.0
6          15               1692.1 2025-12-08 00:07:06        62405.0
7          15               1696.0 2025-12-08 00:07:07        61381.0
8          15               1691.3 2025-12-08 00:07:08        60380.0
9          15               1700.0 2025-12-08 00:07:09        59376.0
10         15               1692.6 2025-12-08 00:07:10        58373.0
11         15               1697.0 2025-12-08 00:07:11        57371.0
12         15               1693.0 2025-12-08 00:07:12        56368.0
13         15               1697.1 2025-12-08 00:07:13        55367.0
14         15               1693.8 2025-12-08 00:07:14        54364.0
15         15               1698.7 2025-12-08 00:07:15        53362.0
16         15               1696.0 2025-12-08 00:07:16        52360.0
17         15               1696.0 2025-12-08 00:07:17        51356.0
18         15               1696.9 2025-12-08 00:07:18        50350.0
19         15               1703.6 2025-12-08 00:07:19        49348.0
20         15               1702.3 2025-12-08 00:07:20        48342.0
21         15               1693.9 2025-12-08 00:07:21        47341.0
22         15               1692.3 2025-12-08 00:07:22        46339.0
23         15               1698.7 2025-12-08 00:07:23        45297.0
24         15               1699.6 2025-12-08 00:07:24        44294.0
25         15               1695.6 2025-12-08 00:07:25        43291.0
26         15               1700.2 2025-12-08 00:07:26        42289.0
27         15               1689.9 2025-12-08 00:07:27        41285.0
28         15               1695.4 2025-12-08 00:07:28        40281.0
29         15               1695.3 2025-12-08 00:07:29        39280.0
30         15               1715.3 2025-12-08 00:07:30        38279.0
31         15               1695.4 2025-12-08 00:07:31        37277.0
32         15               1697.4 2025-12-08 00:07:32        36275.0
33         15               1697.8 2025-12-08 00:07:33        35269.0
34         15               1694.9 2025-12-08 00:07:34        34265.0
35         15               1695.1 2025-12-08 00:07:35        33264.0
36         15               1694.9 2025-12-08 00:07:36        32263.0
37         15               1698.0 2025-12-08 00:07:37        31260.0
38         15               1697.1 2025-12-08 00:07:38        30258.0
39         15               1697.5 2025-12-08 00:07:39        29257.0
40         15               1696.6 2025-12-08 00:07:40        28256.0
41         15               1697.9 2025-12-08 00:07:41        27251.0
42         15               1703.3 2025-12-08 00:07:42        26246.0
43         15               1691.1 2025-12-08 00:07:43        25245.0
44         15               1687.5 2025-12-08 00:07:44        24244.0
45         15               1694.3 2025-12-08 00:07:45        23243.0
46         15               1695.9 2025-12-08 00:07:46        22242.0
47         15               1699.1 2025-12-08 00:07:47        21237.0
48         15               1694.1 2025-12-08 00:07:48        20233.0
49         15               1694.9 2025-12-08 00:07:49        19230.0
50         15               1694.1 2025-12-08 00:07:50        18227.0
51         15               1697.5 2025-12-08 00:07:51        17226.0
52         15               1692.8 2025-12-08 00:07:52        16225.0
53         15               1693.8 2025-12-08 00:07:53        15222.0
54         15               1693.5 2025-12-08 00:07:54        14219.0
55         15               1698.4 2025-12-08 00:07:55        13212.0
56         15               1702.0 2025-12-08 00:07:56        12210.0
57         15               1701.0 2025-12-08 00:07:57        11205.0
58         15               1700.2 2025-12-08 00:07:58        10204.0
59         15               1698.3 2025-12-08 00:07:59         9200.0
Forecasted values:
    sensor_id  sensor_energy_value_prediction    sensor_timestamp
0          15                     1728.617920 2025-12-08 00:08:00
1          15                     1732.244263 2025-12-08 00:08:01
2          15                     1735.775391 2025-12-08 00:08:02
3          15                     1739.730347 2025-12-08 00:08:03
4          15                     1744.030640 2025-12-08 00:08:04
5          15                     1748.597046 2025-12-08 00:08:05
6          15                     1753.378418 2025-12-08 00:08:06
7          15                     1758.344604 2025-12-08 00:08:07
8          15                     1763.480835 2025-12-08 00:08:08
9          15                     1768.779541 2025-12-08 00:08:09
10         15                     1774.241577 2025-12-08 00:08:10
11         15                     1779.869263 2025-12-08 00:08:11
12         15                     1785.667969 2025-12-08 00:08:12
13         15                     1791.643799 2025-12-08 00:08:13
14         15                     1797.803955 2025-12-08 00:08:14
15         15                     1804.154419 2025-12-08 00:08:15
16         15                     1810.702515 2025-12-08 00:08:16
17         15                     1817.454224 2025-12-08 00:08:17
18         15                     1824.416138 2025-12-08 00:08:18
19         15                     1831.594482 2025-12-08 00:08:19
20         15                     1838.995972 2025-12-08 00:08:20
21         15                     1846.625732 2025-12-08 00:08:21
22         15                     1854.489990 2025-12-08 00:08:22
23         15                     1862.594360 2025-12-08 00:08:23
24         15                     1870.945557 2025-12-08 00:08:24
25         15                     1879.548706 2025-12-08 00:08:25
26         15                     1888.409180 2025-12-08 00:08:26
27         15                     1897.532715 2025-12-08 00:08:27
28         15                     1906.923950 2025-12-08 00:08:28
29         15                     1916.588623 2025-12-08 00:08:29
30         15                     1926.530884 2025-12-08 00:08:30
31         15                     1936.756836 2025-12-08 00:08:31
32         15                     1947.266724 2025-12-08 00:08:32
33         15                     1958.066040 2025-12-08 00:08:33
34         15                     1969.156860 2025-12-08 00:08:34
35         15                     1980.541016 2025-12-08 00:08:35
36         15                     1992.220337 2025-12-08 00:08:36
37         15                     2004.194092 2025-12-08 00:08:37
38         15                     2016.463379 2025-12-08 00:08:38
39         15                     2029.024902 2025-12-08 00:08:39
40         15                     2041.876343 2025-12-08 00:08:40
41         15                     2055.012939 2025-12-08 00:08:41
42         15                     2068.429932 2025-12-08 00:08:42
43         15                     2082.120117 2025-12-08 00:08:43
44         15                     2096.074463 2025-12-08 00:08:44
45         15                     2110.283203 2025-12-08 00:08:45
46         15                     2124.735352 2025-12-08 00:08:46
47         15                     2139.417236 2025-12-08 00:08:47
48         15                     2154.315186 2025-12-08 00:08:48
49         15                     2169.410889 2025-12-08 00:08:49
50         15                     2184.687012 2025-12-08 00:08:50
51         15                     2200.124023 2025-12-08 00:08:51
52         15                     2215.700439 2025-12-08 00:08:52
53         15                     2231.393311 2025-12-08 00:08:53
54         15                     2247.179443 2025-12-08 00:08:54
55         15                     2263.033936 2025-12-08 00:08:55
56         15                     2278.929688 2025-12-08 00:08:56
57         15                     2294.841553 2025-12-08 00:08:57
58         15                     2310.740479 2025-12-08 00:08:58
59         15                     2326.599121 2025-12-08 00:08:59
Forecasted values inserted into database
Exiting forecasting script

No new messages received yet.Trying again...
No new messages received yet.Trying again...
No new messages received yet.Trying again...
No new messages received yet.Trying again...
No new messages received yet.Trying again...
No new messages received yet.Trying again...
No new messages received yet.Trying again...
No new messages received yet.Trying again...
No new messages received yet.Trying again...
No new messages received yet.Trying again...
No new messages received yet.Trying again...
No new messages received yet.Trying again...
No new messages received yet.Trying again...
No new messages received yet.Trying again...
No new messages received yet.Trying again...
No new messages received yet.Trying again...
No new messages received yet.Trying again...

Actual data inserted to database
No retrain triggered
Triggering forecasting

2026-05-15 19:53:58.269 INFO  [129661747066560] ConsumerStatsImpl:59 | Consumer [persistent://public/default/device15_model_consume, pythonSubscription, 0] , ConsumerStatsImpl (numBytesRecieved_ = 12960, totalNumBytesRecieved_ = 12960, receivedMsgMap_ = {[Key: Ok, Value: 540], [Key: TimeOut, Value: 297], }, ackedMsgMap_ = {[Key: {Result: Ok, ackType: 0}, Value: 540], }, totalReceivedMsgMap_ = {[Key: Ok, Value: 540], [Key: TimeOut, Value: 297], }, totalAckedMsgMap_ = {[Key: {Result: Ok, ackType: 0}, Value: 540], })
Forecasting.py script logs
Database connection established
Value of --retrain flag: False

Forecasting for initial model using device15/initial/device15.keras and device15/initial/scaler.save
Successfully downloaded model and scaler from S3

Actual values fetched from database
    sensor_id  sensor_energy_value    sensor_timestamp  message_delay
0          15               1701.1 2025-12-08 00:08:00        68528.0
1          15               1702.0 2025-12-08 00:08:01        67527.0
2          15               1699.3 2025-12-08 00:08:02        66524.0
3          15               1695.9 2025-12-08 00:08:03        65522.0
4          15               1705.0 2025-12-08 00:08:04        64521.0
5          15               1696.1 2025-12-08 00:08:05        63517.0
6          15               1698.0 2025-12-08 00:08:06        62514.0
7          15               1696.4 2025-12-08 00:08:07        61513.0
8          15               1697.5 2025-12-08 00:08:08        60512.0
9          15               1697.5 2025-12-08 00:08:09        59510.0
10         15               1699.2 2025-12-08 00:08:10        58488.0
11         15               1698.6 2025-12-08 00:08:11        57481.0
12         15               1699.1 2025-12-08 00:08:12        56478.0
13         15               1699.1 2025-12-08 00:08:13        55476.0
14         15               1701.4 2025-12-08 00:08:14        54471.0
15         15               1694.1 2025-12-08 00:08:15        53469.0
16         15               1695.5 2025-12-08 00:08:16        52468.0
17         15               1697.7 2025-12-08 00:08:17        51464.0
18         15               1697.6 2025-12-08 00:08:18        50463.0
19         15               1701.0 2025-12-08 00:08:19        49458.0
20         15               1705.3 2025-12-08 00:08:20        48450.0
21         15               1696.8 2025-12-08 00:08:21        47446.0
22         15               1697.6 2025-12-08 00:08:22        46445.0
23         15               1695.8 2025-12-08 00:08:23        45442.0
24         15               1708.3 2025-12-08 00:08:24        44437.0
25         15               1698.6 2025-12-08 00:08:25        43397.0
26         15               1706.3 2025-12-08 00:08:26        42396.0
27         15               1698.6 2025-12-08 00:08:27        41391.0
28         15               1701.7 2025-12-08 00:08:28        40390.0
29         15               1695.9 2025-12-08 00:08:29        39389.0
30         15               1701.1 2025-12-08 00:08:30        38352.0
31         15               1697.3 2025-12-08 00:08:31        37348.0
32         15               1698.4 2025-12-08 00:08:32        36285.0
33         15               1703.4 2025-12-08 00:08:33        35159.0
34         15               1715.5 2025-12-08 00:08:34        34141.0
35         15               1700.1 2025-12-08 00:08:35        32758.0
36         15               1701.4 2025-12-08 00:08:36        31686.0
37         15               1700.0 2025-12-08 00:08:37        30662.0
38         15               1700.5 2025-12-08 00:08:38        29642.0
39         15               1702.6 2025-12-08 00:08:39        28630.0
40         15               1702.8 2025-12-08 00:08:40        27629.0
41         15               1698.8 2025-12-08 00:08:41        26620.0
42         15               1713.7 2025-12-08 00:08:42        25616.0
43         15               1699.3 2025-12-08 00:08:43        24384.0
44         15               1699.6 2025-12-08 00:08:44        23379.0
45         15               1704.4 2025-12-08 00:08:45        22083.0
46         15               1702.0 2025-12-08 00:08:46        21067.0
47         15               1698.1 2025-12-08 00:08:47        20037.0
48         15               1699.6 2025-12-08 00:08:48        19007.0
49         15               1698.7 2025-12-08 00:08:49        17811.0
50         15               1716.2 2025-12-08 00:08:50        16809.0
51         15               1710.9 2025-12-08 00:08:51        15720.0
52         15               1699.2 2025-12-08 00:08:52        14711.0
53         15               1699.9 2025-12-08 00:08:53        13618.0
54         15               1699.0 2025-12-08 00:08:54        12589.0
55         15               1700.3 2025-12-08 00:08:55        11586.0
56         15               1702.1 2025-12-08 00:08:56        10581.0
57         15               1702.8 2025-12-08 00:08:57         9578.0
58         15               1702.4 2025-12-08 00:08:58         8541.0
59         15               1705.1 2025-12-08 00:08:59         7540.0
Forecasted values:
    sensor_id  sensor_energy_value_prediction    sensor_timestamp
0          15                     1735.759399 2025-12-08 00:09:00
1          15                     1739.413330 2025-12-08 00:09:01
2          15                     1743.032715 2025-12-08 00:09:02
3          15                     1747.127686 2025-12-08 00:09:03
4          15                     1751.603882 2025-12-08 00:09:04
5          15                     1756.371338 2025-12-08 00:09:05
6          15                     1761.369141 2025-12-08 00:09:06
7          15                     1766.564209 2025-12-08 00:09:07
8          15                     1771.937744 2025-12-08 00:09:08
9          15                     1777.482300 2025-12-08 00:09:09
10         15                     1783.197021 2025-12-08 00:09:10
11         15                     1789.084839 2025-12-08 00:09:11
12         15                     1795.151611 2025-12-08 00:09:12
13         15                     1801.403687 2025-12-08 00:09:13
14         15                     1807.848145 2025-12-08 00:09:14
15         15                     1814.492432 2025-12-08 00:09:15
16         15                     1821.342773 2025-12-08 00:09:16
17         15                     1828.406494 2025-12-08 00:09:17
18         15                     1835.690674 2025-12-08 00:09:18
19         15                     1843.201172 2025-12-08 00:09:19
20         15                     1850.944824 2025-12-08 00:09:20
21         15                     1858.927734 2025-12-08 00:09:21
22         15                     1867.154541 2025-12-08 00:09:22
23         15                     1875.631958 2025-12-08 00:09:23
24         15                     1884.365356 2025-12-08 00:09:24
25         15                     1893.361328 2025-12-08 00:09:25
26         15                     1902.623413 2025-12-08 00:09:26
27         15                     1912.157593 2025-12-08 00:09:27
28         15                     1921.967896 2025-12-08 00:09:28
29         15                     1932.059204 2025-12-08 00:09:29
30         15                     1942.435059 2025-12-08 00:09:30
31         15                     1953.098999 2025-12-08 00:09:31
32         15                     1964.054321 2025-12-08 00:09:32
33         15                     1975.302856 2025-12-08 00:09:33
34         15                     1986.846680 2025-12-08 00:09:34
35         15                     1998.686890 2025-12-08 00:09:35
36         15                     2010.820679 2025-12-08 00:09:36
37         15                     2023.248657 2025-12-08 00:09:37
38         15                     2035.968018 2025-12-08 00:09:38
39         15                     2048.974854 2025-12-08 00:09:39
40         15                     2062.264893 2025-12-08 00:09:40
41         15                     2075.831787 2025-12-08 00:09:41
42         15                     2089.666992 2025-12-08 00:09:42
43         15                     2103.762939 2025-12-08 00:09:43
44         15                     2118.106445 2025-12-08 00:09:44
45         15                     2132.686279 2025-12-08 00:09:45
46         15                     2147.488281 2025-12-08 00:09:46
47         15                     2162.496338 2025-12-08 00:09:47
48         15                     2177.693359 2025-12-08 00:09:48
49         15                     2193.060303 2025-12-08 00:09:49
50         15                     2208.576416 2025-12-08 00:09:50
51         15                     2224.221680 2025-12-08 00:09:51
52         15                     2239.969971 2025-12-08 00:09:52
53         15                     2255.796875 2025-12-08 00:09:53
54         15                     2271.677490 2025-12-08 00:09:54
55         15                     2287.585449 2025-12-08 00:09:55
56         15                     2303.493408 2025-12-08 00:09:56
57         15                     2319.373779 2025-12-08 00:09:57
58         15                     2335.198730 2025-12-08 00:09:58
59         15                     2350.940430 2025-12-08 00:09:59
Forecasted values inserted into database
Exiting forecasting script

No new messages received yet.Trying again...
No new messages received yet.Trying again...
No new messages received yet.Trying again...
No new messages received yet.Trying again...
No new messages received yet.Trying again...
No new messages received yet.Trying again...
No new messages received yet.Trying again...
No new messages received yet.Trying again...

Actual data inserted to database
Triggering retrain for window beetween 00:00:00 and 00:09:59
lasttimestamp is  2025-12-08 00:09:59
retrain.py completed successfully:
Database connection established
Retraining model for device device15 with data from table device15_actualvalues between timestamps 2025-12-08-00-00-00 and 2025-12-08-00-09-59...
Epoch 1/200

[1m1/8[0m [32m━━[0m[37m━━━━━━━━━━━━━━━━━━[0m [1m30s[0m 4s/step - loss: 1.0336
[1m3/8[0m [32m━━━━━━━[0m[37m━━━━━━━━━━━━━[0m [1m0s[0m 40ms/step - loss: 0.9994
[1m5/8[0m [32m━━━━━━━━━━━━[0m[37m━━━━━━━━[0m [1m0s[0m 38ms/step - loss: 0.9685
[1m7/8[0m [32m━━━━━━━━━━━━━━━━━[0m[37m━━━[0m [1m0s[0m 37ms/step - loss: 0.9463
[1m8/8[0m [32m━━━━━━━━━━━━━━━━━━━━[0m[37m[0m [1m5s[0m 55ms/step - loss: 0.8736
Epoch 2/200

[1m1/8[0m [32m━━[0m[37m━━━━━━━━━━━━━━━━━━[0m [1m1s[0m 192ms/step - loss: 0.6134
[1m2/8[0m [32m━━━━━[0m[37m━━━━━━━━━━━━━━━[0m [1m0s[0m 114ms/step - loss: 0.6077
[1m4/8[0m [32m━━━━━━━━━━[0m[37m━━━━━━━━━━[0m [1m0s[0m 60ms/step - loss: 0.5936 
[1m6/8[0m [32m━━━━━━━━━━━━━━━[0m[37m━━━━━[0m [1m0s[0m 52ms/step - loss: 0.5799
[1m8/8[0m [32m━━━━━━━━━━━━━━━━━━━━[0m[37m[0m [1m0s[0m 48ms/step - loss: 0.5656
[1m8/8[0m [32m━━━━━━━━━━━━━━━━━━━━[0m[37m[0m [1m1s[0m 57ms/step - loss: 0.5198
Epoch 3/200

[1m1/8[0m [32m━━[0m[37m━━━━━━━━━━━━━━━━━━[0m [1m0s[0m 138ms/step - loss: 0.3269
[1m2/8[0m [32m━━━━━[0m[37m━━━━━━━━━━━━━━━[0m [1m0s[0m 71ms/step - loss: 0.3343 
[1m4/8[0m [32m━━━━━━━━━━[0m[37m━━━━━━━━━━[0m [1m0s[0m 48ms/step - loss: 0.3264
[1m6/8[0m [32m━━━━━━━━━━━━━━━[0m[37m━━━━━[0m [1m0s[0m 42ms/step - loss: 0.3163
[1m8/8[0m [32m━━━━━━━━━━━━━━━━━━━━[0m[37m[0m [1m0s[0m 37ms/step - loss: 0.3060
[1m8/8[0m [32m━━━━━━━━━━━━━━━━━━━━[0m[37m[0m [1m0s[0m 42ms/step - loss: 0.2724
Epoch 4/200

[1m1/8[0m [32m━━[0m[37m━━━━━━━━━━━━━━━━━━[0m [1m2s[0m 343ms/step - loss: 0.1855
[1m2/8[0m [32m━━━━━[0m[37m━━━━━━━━━━━━━━━[0m [1m0s[0m 73ms/step - loss: 0.1693 
[1m4/8[0m [32m━━━━━━━━━━[0m[37m━━━━━━━━━━[0m [1m0s[0m 55ms/step - loss: 0.1563
[1m5/8[0m [32m━━━━━━━━━━━━[0m[37m━━━━━━━━[0m [1m0s[0m 58ms/step - loss: 0.1516
[1m7/8[0m [32m━━━━━━━━━━━━━━━━━[0m[37m━━━[0m [1m0s[0m 50ms/step - loss: 0.1419
[1m8/8[0m [32m━━━━━━━━━━━━━━━━━━━━[0m[37m[0m [1m1s[0m 54ms/step - loss: 0.1092
Epoch 5/200

[1m1/8[0m [32m━━[0m[37m━━━━━━━━━━━━━━━━━━[0m [1m0s[0m 83ms/step - loss: 0.0299
[1m3/8[0m [32m━━━━━━━[0m[37m━━━━━━━━━━━━━[0m [1m0s[0m 28ms/step - loss: 0.0281
[1m6/8[0m [32m━━━━━━━━━━━━━━━[0m[37m━━━━━[0m [1m0s[0m 26ms/step - loss: 0.0260
[1m8/8[0m [32m━━━━━━━━━━━━━━━━━━━━[0m[37m[0m [1m0s[0m 26ms/step - loss: 0.0247
[1m8/8[0m [32m━━━━━━━━━━━━━━━━━━━━[0m[37m[0m [1m0s[0m 30ms/step - loss: 0.0210
Epoch 6/200

[1m1/8[0m [32m━━[0m[37m━━━━━━━━━━━━━━━━━━[0m [1m0s[0m 73ms/step - loss: 0.0148
[1m3/8[0m [32m━━━━━━━[0m[37m━━━━━━━━━━━━━[0m [1m0s[0m 47ms/step - loss: 0.0161
[1m5/8[0m [32m━━━━━━━━━━━━[0m[37m━━━━━━━━[0m [1m0s[0m 46ms/step - loss: 0.0184
[1m7/8[0m [32m━━━━━━━━━━━━━━━━━[0m[37m━━━[0m [1m0s[0m 44ms/step - loss: 0.0200
[1m8/8[0m [32m━━━━━━━━━━━━━━━━━━━━[0m[37m[0m [1m0s[0m 51ms/step - loss: 0.0244
Epoch 7/200

[1m1/8[0m [32m━━[0m[37m━━━━━━━━━━━━━━━━━━[0m [1m0s[0m 106ms/step - loss: 0.0204
[1m2/8[0m [32m━━━━━[0m[37m━━━━━━━━━━━━━━━[0m [1m0s[0m 80ms/step - loss: 0.0205 
[1m3/8[0m [32m━━━━━━━[0m[37m━━━━━━━━━━━━━[0m [1m0s[0m 70ms/step - loss: 0.0202
[1m5/8[0m [32m━━━━━━━━━━━━[0m[37m━━━━━━━━[0m [1m0s[0m 61ms/step - loss: 0.0194
[1m7/8[0m [32m━━━━━━━━━━━━━━━━━[0m[37m━━━[0m [1m0s[0m 51ms/step - loss: 0.0185
[1m8/8[0m [32m━━━━━━━━━━━━━━━━━━━━[0m[37m[0m [1m0s[0m 51ms/step - loss: 0.0161
Epoch 8/200

[1m1/8[0m [32m━━[0m[37m━━━━━━━━━━━━━━━━━━[0m [1m0s[0m 69ms/step - loss: 0.0157
[1m3/8[0m [32m━━━━━━━[0m[37m━━━━━━━━━━━━━[0m [1m0s[0m 38ms/step - loss: 0.0146
[1m4/8[0m [32m━━━━━━━━━━[0m[37m━━━━━━━━━━[0m [1m0s[0m 42ms/step - loss: 0.0145
[1m6/8[0m [32m━━━━━━━━━━━━━━━[0m[37m━━━━━[0m [1m0s[0m 53ms/step - loss: 0.0141
[1m7/8[0m [32m━━━━━━━━━━━━━━━━━[0m[37m━━━[0m [1m0s[0m 53ms/step - loss: 0.0142
[1m8/8[0m [32m━━━━━━━━━━━━━━━━━━━━[0m[37m[0m [1m1s[0m 65ms/step - loss: 0.0147
Epoch 9/200

[1m1/8[0m [32m━━[0m[37m━━━━━━━━━━━━━━━━━━[0m [1m0s[0m 113ms/step - loss: 0.0105
[1m3/8[0m [32m━━━━━━━[0m[37m━━━━━━━━━━━━━[0m [1m0s[0m 37ms/step - loss: 0.0105 
[1m5/8[0m [32m━━━━━━━━━━━━[0m[37m━━━━━━━━[0m [1m0s[0m 39ms/step - loss: 0.0111
[1m6/8[0m [32m━━━━━━━━━━━━━━━[0m[37m━━━━━[0m [1m0s[0m 54ms/step - loss: 0.0114
[1m7/8[0m [32m━━━━━━━━━━━━━━━━━[0m[37m━━━[0m [1m0s[0m 57ms/step - loss: 0.0116
[1m8/8[0m [32m━━━━━━━━━━━━━━━━━━━━[0m[37m[0m [1m1s[0m 65ms/step - loss: 0.0128
Epoch 10/200

[1m1/8[0m [32m━━[0m[37m━━━━━━━━━━━━━━━━━━[0m [1m0s[0m 118ms/step - loss: 0.0051
[1m2/8[0m [32m━━━━━[0m[37m━━━━━━━━━━━━━━━[0m [1m0s[0m 76ms/step - loss: 0.0061 
[1m3/8[0m [32m━━━━━━━[0m[37m━━━━━━━━━━━━━[0m [1m0s[0m 68ms/step - loss: 0.0069
[1m4/8[0m [32m━━━━━━━━━━[0m[37m━━━━━━━━━━[0m [1m0s[0m 64ms/step - loss: 0.0076
[1m6/8[0m [32m━━━━━━━━━━━━━━━[0m[37m━━━━━[0m [1m0s[0m 52ms/step - loss: 0.0084
[1m8/8[0m [32m━━━━━━━━━━━━━━━━━━━━[0m[37m[0m [1m0s[0m 48ms/step - loss: 0.0114
Epoch 11/200

[1m1/8[0m [32m━━[0m[37m━━━━━━━━━━━━━━━━━━[0m [1m0s[0m 98ms/step - loss: 0.0124
[1m3/8[0m [32m━━━━━━━[0m[37m━━━━━━━━━━━━━[0m [1m0s[0m 43ms/step - loss: 0.0143
[1m4/8[0m [32m━━━━━━━━━━[0m[37m━━━━━━━━━━[0m [1m0s[0m 46ms/step - loss: 0.0143
[1m5/8[0m [32m━━━━━━━━━━━━[0m[37m━━━━━━━━[0m [1m0s[0m 49ms/step - loss: 0.0143
[1m7/8[0m [32m━━━━━━━━━━━━━━━━━[0m[37m━━━[0m [1m0s[0m 49ms/step - loss: 0.0140
[1m8/8[0m [32m━━━━━━━━━━━━━━━━━━━━[0m[37m[0m [1m0s[0m 51ms/step - loss: 0.0139
[1m8/8[0m [32m━━━━━━━━━━━━━━━━━━━━[0m[37m[0m [1m1s[0m 65ms/step - loss: 0.0132
Epoch 12/200

[1m1/8[0m [32m━━[0m[37m━━━━━━━━━━━━━━━━━━[0m [1m1s[0m 227ms/step - loss: 0.0148
[1m3/8[0m [32m━━━━━━━[0m[37m━━━━━━━━━━━━━[0m [1m0s[0m 34ms/step - loss: 0.0185 
[1m5/8[0m [32m━━━━━━━━━━━━[0m[37m━━━━━━━━[0m [1m0s[0m 38ms/step - loss: 0.0176
[1m7/8[0m [32m━━━━━━━━━━━━━━━━━[0m[37m━━━[0m [1m0s[0m 38ms/step - loss: 0.0168
[1m8/8[0m [32m━━━━━━━━━━━━━━━━━━━━[0m[37m[0m [1m1s[0m 40ms/step - loss: 0.0137
Epoch 13/200

[1m1/8[0m [32m━━[0m[37m━━━━━━━━━━━━━━━━━━[0m [1m0s[0m 65ms/step - loss: 0.0126
[1m3/8[0m [32m━━━━━━━[0m[37m━━━━━━━━━━━━━[0m [1m0s[0m 31ms/step - loss: 0.0120
[1m5/8[0m [32m━━━━━━━━━━━━[0m[37m━━━━━━━━[0m [1m0s[0m 31ms/step - loss: 0.0120
[1m6/8[0m [32m━━━━━━━━━━━━━━━[0m[37m━━━━━[0m [1m0s[0m 36ms/step - loss: 0.0123
[1m8/8[0m [32m━━━━━━━━━━━━━━━━━━━━[0m[37m[0m [1m0s[0m 34ms/step - loss: 0.0125
[1m8/8[0m [32m━━━━━━━━━━━━━━━━━━━━[0m[37m[0m [1m0s[0m 43ms/step - loss: 0.0133
Epoch 14/200

[1m1/8[0m [32m━━[0m[37m━━━━━━━━━━━━━━━━━━[0m [1m0s[0m 100ms/step - loss: 0.0155
[1m2/8[0m [32m━━━━━[0m[37m━━━━━━━━━━━━━━━[0m [1m0s[0m 67ms/step - loss: 0.0146 
[1m4/8[0m [32m━━━━━━━━━━[0m[37m━━━━━━━━━━[0m [1m0s[0m 55ms/step - loss: 0.0146
[1m6/8[0m [32m━━━━━━━━━━━━━━━[0m[37m━━━━━[0m [1m0s[0m 48ms/step - loss: 0.0142
[1m8/8[0m [32m━━━━━━━━━━━━━━━━━━━━[0m[37m[0m [1m0s[0m 43ms/step - loss: 0.0139
[1m8/8[0m [32m━━━━━━━━━━━━━━━━━━━━[0m[37m[0m [1m0s[0m 54ms/step - loss: 0.0127
Epoch 15/200

[1m1/8[0m [32m━━[0m[37m━━━━━━━━━━━━━━━━━━[0m [1m0s[0m 142ms/step - loss: 0.0110
[1m2/8[0m [32m━━━━━[0m[37m━━━━━━━━━━━━━━━[0m [1m0s[0m 95ms/step - loss: 0.0110 
[1m3/8[0m [32m━━━━━━━[0m[37m━━━━━━━━━━━━━[0m [1m0s[0m 79ms/step - loss: 0.0106
[1m4/8[0m [32m━━━━━━━━━━[0m[37m━━━━━━━━━━[0m [1m0s[0m 70ms/step - loss: 0.0103
[1m5/8[0m [32m━━━━━━━━━━━━[0m[37m━━━━━━━━[0m [1m0s[0m 66ms/step - loss: 0.0103
[1m7/8[0m [32m━━━━━━━━━━━━━━━━━[0m[37m━━━[0m [1m0s[0m 58ms/step - loss: 0.0103
[1m8/8[0m [32m━━━━━━━━━━━━━━━━━━━━[0m[37m[0m [1m1s[0m 69ms/step - loss: 0.0100
Epoch 16/200

[1m1/8[0m [32m━━[0m[37m━━━━━━━━━━━━━━━━━━[0m [1m0s[0m 93ms/step - loss: 0.0062
[1m2/8[0m [32m━━━━━[0m[37m━━━━━━━━━━━━━━━[0m [1m0s[0m 63ms/step - loss: 0.0083
[1m4/8[0m [32m━━━━━━━━━━[0m[37m━━━━━━━━━━[0m [1m0s[0m 44ms/step - loss: 0.0098
[1m6/8[0m [32m━━━━━━━━━━━━━━━[0m[37m━━━━━[0m [1m0s[0m 43ms/step - loss: 0.0101
[1m8/8[0m [32m━━━━━━━━━━━━━━━━━━━━[0m[37m[0m [1m0s[0m 42ms/step - loss: 0.0103
[1m8/8[0m [32m━━━━━━━━━━━━━━━━━━━━[0m[37m[0m [1m0s[0m 48ms/step - loss: 0.0106
Epoch 17/200

[1m1/8[0m [32m━━[0m[37m━━━━━━━━━━━━━━━━━━[0m [1m0s[0m 112ms/step - loss: 0.0164
[1m2/8[0m [32m━━━━━[0m[37m━━━━━━━━━━━━━━━[0m [1m0s[0m 75ms/step - loss: 0.0143 
[1m3/8[0m [32m━━━━━━━[0m[37m━━━━━━━━━━━━━[0m [1m0s[0m 66ms/step - loss: 0.0137
[1m5/8[0m [32m━━━━━━━━━━━━[0m[37m━━━━━━━━[0m [1m0s[0m 59ms/step - loss: 0.0127
[1m6/8[0m [32m━━━━━━━━━━━━━━━[0m[37m━━━━━[0m [1m0s[0m 59ms/step - loss: 0.0123
[1m7/8[0m [32m━━━━━━━━━━━━━━━━━[0m[37m━━━[0m [1m0s[0m 58ms/step - loss: 0.0120
[1m8/8[0m [32m━━━━━━━━━━━━━━━━━━━━[0m[37m[0m [1m1s[0m 66ms/step - loss: 0.0107
Epoch 18/200

[1m1/8[0m [32m━━[0m[37m━━━━━━━━━━━━━━━━━━[0m [1m1s[0m 244ms/step - loss: 0.0094
[1m2/8[0m [32m━━━━━[0m[37m━━━━━━━━━━━━━━━[0m [1m0s[0m 63ms/step - loss: 0.0099 
[1m4/8[0m [32m━━━━━━━━━━[0m[37m━━━━━━━━━━[0m [1m0s[0m 46ms/step - loss: 0.0096
[1m6/8[0m [32m━━━━━━━━━━━━━━━[0m[37m━━━━━[0m [1m0s[0m 45ms/step - loss: 0.0097
[1m8/8[0m [32m━━━━━━━━━━━━━━━━━━━━[0m[37m[0m [1m0s[0m 43ms/step - loss: 0.0099
[1m8/8[0m [32m━━━━━━━━━━━━━━━━━━━━[0m[37m[0m [1m1s[0m 52ms/step - loss: 0.0103
Epoch 19/200

[1m1/8[0m [32m━━[0m[37m━━━━━━━━━━━━━━━━━━[0m [1m0s[0m 96ms/step - loss: 0.0120
[1m3/8[0m [32m━━━━━━━[0m[37m━━━━━━━━━━━━━[0m [1m0s[0m 39ms/step - loss: 0.0093
[1m5/8[0m [32m━━━━━━━━━━━━[0m[37m━━━━━━━━[0m [1m0s[0m 41ms/step - loss: 0.0092
[1m6/8[0m [32m━━━━━━━━━━━━━━━[0m[37m━━━━━[0m [1m0s[0m 44ms/step - loss: 0.0093
[1m7/8[0m [32m━━━━━━━━━━━━━━━━━[0m[37m━━━[0m [1m0s[0m 48ms/step - loss: 0.0094
[1m8/8[0m [32m━━━━━━━━━━━━━━━━━━━━[0m[37m[0m [1m0s[0m 53ms/step - loss: 0.0102
Epoch 20/200

[1m1/8[0m [32m━━[0m[37m━━━━━━━━━━━━━━━━━━[0m [1m0s[0m 121ms/step - loss: 0.0115
[1m2/8[0m [32m━━━━━[0m[37m━━━━━━━━━━━━━━━[0m [1m0s[0m 77ms/step - loss: 0.0118 
[1m3/8[0m [32m━━━━━━━[0m[37m━━━━━━━━━━━━━[0m [1m0s[0m 97ms/step - loss: 0.0120
[1m5/8[0m [32m━━━━━━━━━━━━[0m[37m━━━━━━━━[0m [1m0s[0m 66ms/step - loss: 0.0114
[1m7/8[0m [32m━━━━━━━━━━━━━━━━━[0m[37m━━━[0m [1m0s[0m 55ms/step - loss: 0.0111
[1m8/8[0m [32m━━━━━━━━━━━━━━━━━━━━[0m[37m[0m [1m1s[0m 55ms/step - loss: 0.0101
Epoch 21/200

[1m1/8[0m [32m━━[0m[37m━━━━━━━━━━━━━━━━━━[0m [1m0s[0m 88ms/step - loss: 0.0125
[1m3/8[0m [32m━━━━━━━[0m[37m━━━━━━━━━━━━━[0m [1m0s[0m 35ms/step - loss: 0.0122
[1m5/8[0m [32m━━━━━━━━━━━━[0m[37m━━━━━━━━[0m [1m0s[0m 35ms/step - loss: 0.0118
[1m7/8[0m [32m━━━━━━━━━━━━━━━━━[0m[37m━━━[0m [1m0s[0m 32ms/step - loss: 0.0114
[1m8/8[0m [32m━━━━━━━━━━━━━━━━━━━━[0m[37m[0m [1m0s[0m 39ms/step - loss: 0.0112
[1m8/8[0m [32m━━━━━━━━━━━━━━━━━━━━[0m[37m[0m [1m0s[0m 44ms/step - loss: 0.0101
Epoch 22/200

[1m1/8[0m [32m━━[0m[37m━━━━━━━━━━━━━━━━━━[0m [1m1s[0m 179ms/step - loss: 0.0065
[1m2/8[0m [32m━━━━━[0m[37m━━━━━━━━━━━━━━━[0m [1m0s[0m 97ms/step - loss: 0.0074 
[1m4/8[0m [32m━━━━━━━━━━[0m[37m━━━━━━━━━━[0m [1m0s[0m 56ms/step - loss: 0.0087
[1m5/8[0m [32m━━━━━━━━━━━━[0m[37m━━━━━━━━[0m [1m0s[0m 55ms/step - loss: 0.0089
[1m6/8[0m [32m━━━━━━━━━━━━━━━[0m[37m━━━━━[0m [1m0s[0m 58ms/step - loss: 0.0090
[1m7/8[0m [32m━━━━━━━━━━━━━━━━━[0m[37m━━━[0m [1m0s[0m 57ms/step - loss: 0.0092
[1m8/8[0m [32m━━━━━━━━━━━━━━━━━━━━[0m[37m[0m [1m1s[0m 62ms/step - loss: 0.0105
Epoch 23/200

[1m1/8[0m [32m━━[0m[37m━━━━━━━━━━━━━━━━━━[0m [1m1s[0m 214ms/step - loss: 0.0066
[1m2/8[0m [32m━━━━━[0m[37m━━━━━━━━━━━━━━━[0m [1m0s[0m 53ms/step - loss: 0.0071 
[1m3/8[0m [32m━━━━━━━[0m[37m━━━━━━━━━━━━━[0m [1m0s[0m 56ms/step - loss: 0.0070
[1m4/8[0m [32m━━━━━━━━━━[0m[37m━━━━━━━━━━[0m [1m0s[0m 55ms/step - loss: 0.0075
[1m6/8[0m [32m━━━━━━━━━━━━━━━[0m[37m━━━━━[0m [1m0s[0m 46ms/step - loss: 0.0080
[1m8/8[0m [32m━━━━━━━━━━━━━━━━━━━━[0m[37m[0m [1m1s[0m 42ms/step - loss: 0.0091
Epoch 24/200

[1m1/8[0m [32m━━[0m[37m━━━━━━━━━━━━━━━━━━[0m [1m0s[0m 70ms/step - loss: 0.0130
[1m3/8[0m [32m━━━━━━━[0m[37m━━━━━━━━━━━━━[0m [1m0s[0m 31ms/step - loss: 0.0117
[1m5/8[0m [32m━━━━━━━━━━━━[0m[37m━━━━━━━━[0m [1m0s[0m 28ms/step - loss: 0.0109
[1m7/8[0m [32m━━━━━━━━━━━━━━━━━[0m[37m━━━[0m [1m0s[0m 32ms/step - loss: 0.0106
[1m8/8[0m [32m━━━━━━━━━━━━━━━━━━━━[0m[37m[0m [1m0s[0m 42ms/step - loss: 0.0106
Epoch 25/200

[1m1/8[0m [32m━━[0m[37m━━━━━━━━━━━━━━━━━━[0m [1m0s[0m 87ms/step - loss: 0.0163
[1m3/8[0m [32m━━━━━━━[0m[37m━━━━━━━━━━━━━[0m [1m0s[0m 32ms/step - loss: 0.0124
[1m5/8[0m [32m━━━━━━━━━━━━[0m[37m━━━━━━━━[0m [1m0s[0m 45ms/step - loss: 0.0109
[1m6/8[0m [32m━━━━━━━━━━━━━━━[0m[37m━━━━━[0m [1m0s[0m 48ms/step - loss: 0.0105
[1m7/8[0m [32m━━━━━━━━━━━━━━━━━[0m[37m━━━[0m [1m0s[0m 48ms/step - loss: 0.0103
[1m8/8[0m [32m━━━━━━━━━━━━━━━━━━━━[0m[37m[0m [1m0s[0m 49ms/step - loss: 0.0101
[1m8/8[0m [32m━━━━━━━━━━━━━━━━━━━━[0m[37m[0m [1m0s[0m 54ms/step - loss: 0.0087
Epoch 26/200

[1m1/8[0m [32m━━[0m[37m━━━━━━━━━━━━━━━━━━[0m [1m0s[0m 99ms/step - loss: 0.0103
[1m2/8[0m [32m━━━━━[0m[37m━━━━━━━━━━━━━━━[0m [1m0s[0m 72ms/step - loss: 0.0093
[1m4/8[0m [32m━━━━━━━━━━[0m[37m━━━━━━━━━━[0m [1m0s[0m 63ms/step - loss: 0.0088
[1m5/8[0m [32m━━━━━━━━━━━━[0m[37m━━━━━━━━[0m [1m0s[0m 64ms/step - loss: 0.0089
[1m6/8[0m [32m━━━━━━━━━━━━━━━[0m[37m━━━━━[0m [1m0s[0m 61ms/step - loss: 0.0089
[1m8/8[0m [32m━━━━━━━━━━━━━━━━━━━━[0m[37m[0m [1m0s[0m 52ms/step - loss: 0.0089
[1m8/8[0m [32m━━━━━━━━━━━━━━━━━━━━[0m[37m[0m [1m0s[0m 57ms/step - loss: 0.0084
Epoch 27/200

[1m1/8[0m [32m━━[0m[37m━━━━━━━━━━━━━━━━━━[0m [1m0s[0m 81ms/step - loss: 0.0071
[1m3/8[0m [32m━━━━━━━[0m[37m━━━━━━━━━━━━━[0m [1m0s[0m 41ms/step - loss: 0.0091
[1m5/8[0m [32m━━━━━━━━━━━━[0m[37m━━━━━━━━[0m [1m0s[0m 34ms/step - loss: 0.0098
[1m7/8[0m [32m━━━━━━━━━━━━━━━━━[0m[37m━━━[0m [1m0s[0m 33ms/step - loss: 0.0103
[1m8/8[0m [32m━━━━━━━━━━━━━━━━━━━━[0m[37m[0m [1m0s[0m 37ms/step - loss: 0.0109
Epoch 28/200

[1m1/8[0m [32m━━[0m[37m━━━━━━━━━━━━━━━━━━[0m [1m0s[0m 81ms/step - loss: 0.0095
[1m3/8[0m [32m━━━━━━━[0m[37m━━━━━━━━━━━━━[0m [1m0s[0m 55ms/step - loss: 0.0086
[1m4/8[0m [32m━━━━━━━━━━[0m[37m━━━━━━━━━━[0m [1m0s[0m 54ms/step - loss: 0.0085
[1m6/8[0m [32m━━━━━━━━━━━━━━━[0m[37m━━━━━[0m [1m0s[0m 55ms/step - loss: 0.0085
[1m8/8[0m [32m━━━━━━━━━━━━━━━━━━━━[0m[37m[0m [1m0s[0m 50ms/step - loss: 0.0085
[1m8/8[0m [32m━━━━━━━━━━━━━━━━━━━━[0m[37m[0m [1m0s[0m 57ms/step - loss: 0.0082
Epoch 29/200

[1m1/8[0m [32m━━[0m[37m━━━━━━━━━━━━━━━━━━[0m [1m0s[0m 82ms/step - loss: 0.0042
[1m3/8[0m [32m━━━━━━━[0m[37m━━━━━━━━━━━━━[0m [1m0s[0m 36ms/step - loss: 0.0056
[1m5/8[0m [32m━━━━━━━━━━━━[0m[37m━━━━━━━━[0m [1m0s[0m 39ms/step - loss: 0.0065
[1m6/8[0m [32m━━━━━━━━━━━━━━━[0m[37m━━━━━[0m [1m0s[0m 43ms/step - loss: 0.0067
[1m8/8[0m [32m━━━━━━━━━━━━━━━━━━━━[0m[37m[0m [1m0s[0m 41ms/step - loss: 0.0073
[1m8/8[0m [32m━━━━━━━━━━━━━━━━━━━━[0m[37m[0m [1m0s[0m 45ms/step - loss: 0.0092
Epoch 30/200

[1m1/8[0m [32m━━[0m[37m━━━━━━━━━━━━━━━━━━[0m [1m2s[0m 336ms/step - loss: 0.0060
[1m3/8[0m [32m━━━━━━━[0m[37m━━━━━━━━━━━━━[0m [1m0s[0m 41ms/step - loss: 0.0068 
[1m5/8[0m [32m━━━━━━━━━━━━[0m[37m━━━━━━━━[0m [1m0s[0m 36ms/step - loss: 0.0071
[1m7/8[0m [32m━━━━━━━━━━━━━━━━━[0m[37m━━━[0m [1m0s[0m 34ms/step - loss: 0.0073
[1m8/8[0m [32m━━━━━━━━━━━━━━━━━━━━[0m[37m[0m [1m1s[0m 42ms/step - loss: 0.0081
Epoch 31/200

[1m1/8[0m [32m━━[0m[37m━━━━━━━━━━━━━━━━━━[0m [1m0s[0m 123ms/step - loss: 0.0074
[1m3/8[0m [32m━━━━━━━[0m[37m━━━━━━━━━━━━━[0m [1m0s[0m 26ms/step - loss: 0.0073 
[1m5/8[0m [32m━━━━━━━━━━━━[0m[37m━━━━━━━━[0m [1m0s[0m 30ms/step - loss: 0.0075
[1m7/8[0m [32m━━━━━━━━━━━━━━━━━[0m[37m━━━[0m [1m0s[0m 30ms/step - loss: 0.0076
[1m8/8[0m [32m━━━━━━━━━━━━━━━━━━━━[0m[37m[0m [1m0s[0m 36ms/step - loss: 0.0081
Epoch 32/200

[1m1/8[0m [32m━━[0m[37m━━━━━━━━━━━━━━━━━━[0m [1m0s[0m 104ms/step - loss: 0.0120
[1m3/8[0m [32m━━━━━━━[0m[37m━━━━━━━━━━━━━[0m [1m0s[0m 49ms/step - loss: 0.0107 
[1m4/8[0m [32m━━━━━━━━━━[0m[37m━━━━━━━━━━[0m [1m0s[0m 50ms/step - loss: 0.0101
[1m5/8[0m [32m━━━━━━━━━━━━[0m[37m━━━━━━━━[0m [1m0s[0m 56ms/step - loss: 0.0099
[1m6/8[0m [32m━━━━━━━━━━━━━━━[0m[37m━━━━━[0m [1m0s[0m 56ms/step - loss: 0.0098
[1m7/8[0m [32m━━━━━━━━━━━━━━━━━[0m[37m━━━[0m [1m0s[0m 57ms/step - loss: 0.0097
[1m8/8[0m [32m━━━━━━━━━━━━━━━━━━━━[0m[37m[0m [1m1s[0m 65ms/step - loss: 0.0091
Epoch 33/200

[1m1/8[0m [32m━━[0m[37m━━━━━━━━━━━━━━━━━━[0m [1m1s[0m 235ms/step - loss: 0.0100
[1m2/8[0m [32m━━━━━[0m[37m━━━━━━━━━━━━━━━[0m [1m0s[0m 50ms/step - loss: 0.0092 
[1m3/8[0m [32m━━━━━━━[0m[37m━━━━━━━━━━━━━[0m [1m0s[0m 50ms/step - loss: 0.0089
[1m5/8[0m [32m━━━━━━━━━━━━[0m[37m━━━━━━━━[0m [1m0s[0m 52ms/step - loss: 0.0088
[1m7/8[0m [32m━━━━━━━━━━━━━━━━━[0m[37m━━━[0m [1m0s[0m 49ms/step - loss: 0.0089
[1m8/8[0m [32m━━━━━━━━━━━━━━━━━━━━[0m[37m[0m [1m1s[0m 61ms/step - loss: 0.0091
Epoch 34/200

[1m1/8[0m [32m━━[0m[37m━━━━━━━━━━━━━━━━━━[0m [1m1s[0m 170ms/step - loss: 0.0073
[1m3/8[0m [32m━━━━━━━[0m[37m━━━━━━━━━━━━━[0m [1m0s[0m 47ms/step - loss: 0.0078 
[1m4/8[0m [32m━━━━━━━━━━[0m[37m━━━━━━━━━━[0m [1m0s[0m 60ms/step - loss: 0.0077
[1m6/8[0m [32m━━━━━━━━━━━━━━━[0m[37m━━━━━[0m [1m0s[0m 53ms/step - loss: 0.0077
[1m8/8[0m [32m━━━━━━━━━━━━━━━━━━━━[0m[37m[0m [1m0s[0m 47ms/step - loss: 0.0079
[1m8/8[0m [32m━━━━━━━━━━━━━━━━━━━━[0m[37m[0m [1m1s[0m 60ms/step - loss: 0.0089
Epoch 35/200

[1m1/8[0m [32m━━[0m[37m━━━━━━━━━━━━━━━━━━[0m [1m0s[0m 97ms/step - loss: 0.0068
[1m3/8[0m [32m━━━━━━━[0m[37m━━━━━━━━━━━━━[0m [1m0s[0m 53ms/step - loss: 0.0061
[1m4/8[0m [32m━━━━━━━━━━[0m[37m━━━━━━━━━━[0m [1m0s[0m 56ms/step - loss: 0.0062
[1m5/8[0m [32m━━━━━━━━━━━━[0m[37m━━━━━━━━[0m [1m0s[0m 59ms/step - loss: 0.0065
[1m6/8[0m [32m━━━━━━━━━━━━━━━[0m[37m━━━━━[0m [1m0s[0m 61ms/step - loss: 0.0067
[1m7/8[0m [32m━━━━━━━━━━━━━━━━━[0m[37m━━━[0m [1m0s[0m 63ms/step - loss: 0.0068
[1m8/8[0m [32m━━━━━━━━━━━━━━━━━━━━[0m[37m[0m [1m0s[0m 67ms/step - loss: 0.0069
[1m8/8[0m [32m━━━━━━━━━━━━━━━━━━━━[0m[37m[0m [1m1s[0m 91ms/step - loss: 0.0080
Epoch 36/200

[1m1/8[0m [32m━━[0m[37m━━━━━━━━━━━━━━━━━━[0m [1m0s[0m 136ms/step - loss: 0.0121
[1m3/8[0m [32m━━━━━━━[0m[37m━━━━━━━━━━━━━[0m [1m0s[0m 39ms/step - loss: 0.0093 
[1m5/8[0m [32m━━━━━━━━━━━━[0m[37m━━━━━━━━[0m [1m0s[0m 39ms/step - loss: 0.0088
[1m6/8[0m [32m━━━━━━━━━━━━━━━[0m[37m━━━━━[0m [1m0s[0m 55ms/step - loss: 0.0087
[1m7/8[0m [32m━━━━━━━━━━━━━━━━━[0m[37m━━━[0m [1m0s[0m 64ms/step - loss: 0.0086
[1m8/8[0m [32m━━━━━━━━━━━━━━━━━━━━[0m[37m[0m [1m0s[0m 63ms/step - loss: 0.0086
[1m8/8[0m [32m━━━━━━━━━━━━━━━━━━━━[0m[37m[0m [1m1s[0m 70ms/step - loss: 0.0081
Epoch 37/200

[1m1/8[0m [32m━━[0m[37m━━━━━━━━━━━━━━━━━━[0m [1m1s[0m 159ms/step - loss: 0.0065
[1m2/8[0m [32m━━━━━[0m[37m━━━━━━━━━━━━━━━[0m [1m0s[0m 86ms/step - loss: 0.0067 
[1m3/8[0m [32m━━━━━━━[0m[37m━━━━━━━━━━━━━[0m [1m0s[0m 69ms/step - loss: 0.0068
[1m4/8[0m [32m━━━━━━━━━━[0m[37m━━━━━━━━━━[0m [1m0s[0m 66ms/step - loss: 0.0068
[1m6/8[0m [32m━━━━━━━━━━━━━━━[0m[37m━━━━━[0m [1m0s[0m 55ms/step - loss: 0.0070
[1m8/8[0m [32m━━━━━━━━━━━━━━━━━━━━[0m[37m[0m [1m0s[0m 49ms/step - loss: 0.0072
[1m8/8[0m [32m━━━━━━━━━━━━━━━━━━━━[0m[37m[0m [1m1s[0m 67ms/step - loss: 0.0081
Epoch 38/200

[1m1/8[0m [32m━━[0m[37m━━━━━━━━━━━━━━━━━━[0m [1m0s[0m 136ms/step - loss: 0.0103
[1m3/8[0m [32m━━━━━━━[0m[37m━━━━━━━━━━━━━[0m [1m0s[0m 34ms/step - loss: 0.0092 
[1m5/8[0m [32m━━━━━━━━━━━━[0m[37m━━━━━━━━[0m [1m0s[0m 46ms/step - loss: 0.0087
[1m6/8[0m [32m━━━━━━━━━━━━━━━[0m[37m━━━━━[0m [1m0s[0m 56ms/step - loss: 0.0086
[1m7/8[0m [32m━━━━━━━━━━━━━━━━━[0m[37m━━━[0m [1m0s[0m 60ms/step - loss: 0.0085
[1m8/8[0m [32m━━━━━━━━━━━━━━━━━━━━[0m[37m[0m [1m0s[0m 60ms/step - loss: 0.0084
[1m8/8[0m [32m━━━━━━━━━━━━━━━━━━━━[0m[37m[0m [1m1s[0m 67ms/step - loss: 0.0077
Epoch 39/200

[1m1/8[0m [32m━━[0m[37m━━━━━━━━━━━━━━━━━━[0m [1m0s[0m 98ms/step - loss: 0.0043
[1m3/8[0m [32m━━━━━━━[0m[37m━━━━━━━━━━━━━[0m [1m0s[0m 36ms/step - loss: 0.0060
[1m5/8[0m [32m━━━━━━━━━━━━[0m[37m━━━━━━━━[0m [1m0s[0m 42ms/step - loss: 0.0064
[1m6/8[0m [32m━━━━━━━━━━━━━━━[0m[37m━━━━━[0m [1m0s[0m 44ms/step - loss: 0.0065
[1m8/8[0m [32m━━━━━━━━━━━━━━━━━━━━[0m[37m[0m [1m0s[0m 45ms/step - loss: 0.0068
[1m8/8[0m [32m━━━━━━━━━━━━━━━━━━━━[0m[37m[0m [1m0s[0m 56ms/step - loss: 0.0077
Epoch 40/200

[1m1/8[0m [32m━━[0m[37m━━━━━━━━━━━━━━━━━━[0m [1m0s[0m 130ms/step - loss: 0.0083
[1m3/8[0m [32m━━━━━━━[0m[37m━━━━━━━━━━━━━[0m [1m0s[0m 32ms/step - loss: 0.0081 
[1m4/8[0m [32m━━━━━━━━━━[0m[37m━━━━━━━━━━[0m [1m0s[0m 41ms/step - loss: 0.0081
[1m6/8[0m [32m━━━━━━━━━━━━━━━[0m[37m━━━━━[0m [1m0s[0m 37ms/step - loss: 0.0079
[1m8/8[0m [32m━━━━━━━━━━━━━━━━━━━━[0m[37m[0m [1m0s[0m 47ms/step - loss: 0.0077
[1m8/8[0m [32m━━━━━━━━━━━━━━━━━━━━[0m[37m[0m [1m1s[0m 59ms/step - loss: 0.0072
Epoch 41/200

[1m1/8[0m [32m━━[0m[37m━━━━━━━━━━━━━━━━━━[0m [1m0s[0m 134ms/step - loss: 0.0038
[1m2/8[0m [32m━━━━━[0m[37m━━━━━━━━━━━━━━━[0m [1m0s[0m 118ms/step - loss: 0.0050
[1m4/8[0m [32m━━━━━━━━━━[0m[37m━━━━━━━━━━[0m [1m0s[0m 71ms/step - loss: 0.0058 
[1m5/8[0m [32m━━━━━━━━━━━━[0m[37m━━━━━━━━[0m [1m0s[0m 82ms/step - loss: 0.0062
[1m6/8[0m [32m━━━━━━━━━━━━━━━[0m[37m━━━━━[0m [1m0s[0m 76ms/step - loss: 0.0065
[1m7/8[0m [32m━━━━━━━━━━━━━━━━━[0m[37m━━━[0m [1m0s[0m 73ms/step - loss: 0.0067
[1m8/8[0m [32m━━━━━━━━━━━━━━━━━━━━[0m[37m[0m [1m0s[0m 71ms/step - loss: 0.0068
[1m8/8[0m [32m━━━━━━━━━━━━━━━━━━━━[0m[37m[0m [1m1s[0m 84ms/step - loss: 0.0077
Epoch 42/200

[1m1/8[0m [32m━━[0m[37m━━━━━━━━━━━━━━━━━━[0m [1m1s[0m 158ms/step - loss: 0.0061
[1m3/8[0m [32m━━━━━━━[0m[37m━━━━━━━━━━━━━[0m [1m0s[0m 36ms/step - loss: 0.0068 
[1m5/8[0m [32m━━━━━━━━━━━━[0m[37m━━━━━━━━[0m [1m0s[0m 35ms/step - loss: 0.0069
[1m7/8[0m [32m━━━━━━━━━━━━━━━━━[0m[37m━━━[0m [1m0s[0m 32ms/step - loss: 0.0070
[1m8/8[0m [32m━━━━━━━━━━━━━━━━━━━━[0m[37m[0m [1m0s[0m 42ms/step - loss: 0.0068
Epoch 43/200

[1m1/8[0m [32m━━[0m[37m━━━━━━━━━━━━━━━━━━[0m [1m0s[0m 113ms/step - loss: 0.0077
[1m2/8[0m [32m━━━━━[0m[37m━━━━━━━━━━━━━━━[0m [1m0s[0m 57ms/step - loss: 0.0068 
[1m4/8[0m [32m━━━━━━━━━━[0m[37m━━━━━━━━━━[0m [1m0s[0m 50ms/step - loss: 0.0066
[1m5/8[0m [32m━━━━━━━━━━━━[0m[37m━━━━━━━━[0m [1m0s[0m 51ms/step - loss: 0.0065
[1m6/8[0m [32m━━━━━━━━━━━━━━━[0m[37m━━━━━[0m [1m0s[0m 56ms/step - loss: 0.0066
[1m7/8[0m [32m━━━━━━━━━━━━━━━━━[0m[37m━━━[0m [1m0s[0m 61ms/step - loss: 0.0066
[1m8/8[0m [32m━━━━━━━━━━━━━━━━━━━━[0m[37m[0m [1m0s[0m 69ms/step - loss: 0.0066
[1m8/8[0m [32m━━━━━━━━━━━━━━━━━━━━[0m[37m[0m [1m1s[0m 79ms/step - loss: 0.0068
Epoch 44/200

[1m1/8[0m [32m━━[0m[37m━━━━━━━━━━━━━━━━━━[0m [1m1s[0m 186ms/step - loss: 0.0088
[1m3/8[0m [32m━━━━━━━[0m[37m━━━━━━━━━━━━━[0m [1m0s[0m 49ms/step - loss: 0.0079 
[1m4/8[0m [32m━━━━━━━━━━[0m[37m━━━━━━━━━━[0m [1m0s[0m 54ms/step - loss: 0.0075
[1m5/8[0m [32m━━━━━━━━━━━━[0m[37m━━━━━━━━[0m [1m0s[0m 55ms/step - loss: 0.0073
[1m6/8[0m [32m━━━━━━━━━━━━━━━[0m[37m━━━━━[0m [1m0s[0m 57ms/step - loss: 0.0074
[1m8/8[0m [32m━━━━━━━━━━━━━━━━━━━━[0m[37m[0m [1m0s[0m 55ms/step - loss: 0.0074
[1m8/8[0m [32m━━━━━━━━━━━━━━━━━━━━[0m[37m[0m [1m1s[0m 64ms/step - loss: 0.0074
Epoch 45/200

[1m1/8[0m [32m━━[0m[37m━━━━━━━━━━━━━━━━━━[0m [1m0s[0m 126ms/step - loss: 0.0081
[1m2/8[0m [32m━━━━━[0m[37m━━━━━━━━━━━━━━━[0m [1m0s[0m 52ms/step - loss: 0.0086 
[1m3/8[0m [32m━━━━━━━[0m[37m━━━━━━━━━━━━━[0m [1m0s[0m 55ms/step - loss: 0.0082
[1m4/8[0m [32m━━━━━━━━━━[0m[37m━━━━━━━━━━[0m [1m0s[0m 75ms/step - loss: 0.0079
[1m5/8[0m [32m━━━━━━━━━━━━[0m[37m━━━━━━━━[0m [1m0s[0m 72ms/step - loss: 0.0078
[1m6/8[0m [32m━━━━━━━━━━━━━━━[0m[37m━━━━━[0m [1m0s[0m 96ms/step - loss: 0.0079
[1m7/8[0m [32m━━━━━━━━━━━━━━━━━[0m[37m━━━[0m [1m0s[0m 90ms/step - loss: 0.0079
[1m8/8[0m [32m━━━━━━━━━━━━━━━━━━━━[0m[37m[0m [1m1s[0m 90ms/step - loss: 0.0084
Epoch 46/200

[1m1/8[0m [32m━━[0m[37m━━━━━━━━━━━━━━━━━━[0m [1m0s[0m 138ms/step - loss: 0.0068
[1m2/8[0m [32m━━━━━[0m[37m━━━━━━━━━━━━━━━[0m [1m0s[0m 58ms/step - loss: 0.0066 
[1m3/8[0m [32m━━━━━━━[0m[37m━━━━━━━━━━━━━[0m [1m0s[0m 97ms/step - loss: 0.0069
[1m4/8[0m [32m━━━━━━━━━━[0m[37m━━━━━━━━━━[0m [1m0s[0m 97ms/step - loss: 0.0072
[1m5/8[0m [32m━━━━━━━━━━━━[0m[37m━━━━━━━━[0m [1m0s[0m 90ms/step - loss: 0.0075
[1m6/8[0m [32m━━━━━━━━━━━━━━━[0m[37m━━━━━[0m [1m0s[0m 99ms/step - loss: 0.0076
[1m7/8[0m [32m━━━━━━━━━━━━━━━━━[0m[37m━━━[0m [1m0s[0m 92ms/step - loss: 0.0077
[1m8/8[0m [32m━━━━━━━━━━━━━━━━━━━━[0m[37m[0m [1m0s[0m 88ms/step - loss: 0.0078
[1m8/8[0m [32m━━━━━━━━━━━━━━━━━━━━[0m[37m[0m [1m1s[0m 96ms/step - loss: 0.0084
Epoch 47/200

[1m1/8[0m [32m━━[0m[37m━━━━━━━━━━━━━━━━━━[0m [1m1s[0m 168ms/step - loss: 0.0080
[1m2/8[0m [32m━━━━━[0m[37m━━━━━━━━━━━━━━━[0m [1m0s[0m 75ms/step - loss: 0.0081 
[1m4/8[0m [32m━━━━━━━━━━[0m[37m━━━━━━━━━━[0m [1m0s[0m 48ms/step - loss: 0.0075
[1m6/8[0m [32m━━━━━━━━━━━━━━━[0m[37m━━━━━[0m [1m0s[0m 43ms/step - loss: 0.0076
[1m8/8[0m [32m━━━━━━━━━━━━━━━━━━━━[0m[37m[0m [1m0s[0m 42ms/step - loss: 0.0077
Epoch 48/200

[1m1/8[0m [32m━━[0m[37m━━━━━━━━━━━━━━━━━━[0m [1m1s[0m 147ms/step - loss: 0.0072
[1m2/8[0m [32m━━━━━[0m[37m━━━━━━━━━━━━━━━[0m [1m0s[0m 81ms/step - loss: 0.0064 
[1m3/8[0m [32m━━━━━━━[0m[37m━━━━━━━━━━━━━[0m [1m0s[0m 79ms/step - loss: 0.0063
[1m4/8[0m [32m━━━━━━━━━━[0m[37m━━━━━━━━━━[0m [1m0s[0m 82ms/step - loss: 0.0064
[1m5/8[0m [32m━━━━━━━━━━━━[0m[37m━━━━━━━━[0m [1m0s[0m 80ms/step - loss: 0.0066
[1m7/8[0m [32m━━━━━━━━━━━━━━━━━[0m[37m━━━[0m [1m0s[0m 74ms/step - loss: 0.0067
[1m8/8[0m [32m━━━━━━━━━━━━━━━━━━━━[0m[37m[0m [1m1s[0m 74ms/step - loss: 0.0068
Epoch 49/200

[1m1/8[0m [32m━━[0m[37m━━━━━━━━━━━━━━━━━━[0m [1m0s[0m 136ms/step - loss: 0.0117
[1m2/8[0m [32m━━━━━[0m[37m━━━━━━━━━━━━━━━[0m [1m0s[0m 69ms/step - loss: 0.0103 
[1m3/8[0m [32m━━━━━━━[0m[37m━━━━━━━━━━━━━[0m [1m0s[0m 66ms/step - loss: 0.0094
[1m4/8[0m [32m━━━━━━━━━━[0m[37m━━━━━━━━━━[0m [1m0s[0m 63ms/step - loss: 0.0088
[1m6/8[0m [32m━━━━━━━━━━━━━━━[0m[37m━━━━━[0m [1m0s[0m 69ms/step - loss: 0.0084
[1m7/8[0m [32m━━━━━━━━━━━━━━━━━[0m[37m━━━[0m [1m0s[0m 102ms/step - loss: 0.0083
[1m8/8[0m [32m━━━━━━━━━━━━━━━━━━━━[0m[37m[0m [1m0s[0m 111ms/step - loss: 0.0082
[1m8/8[0m [32m━━━━━━━━━━━━━━━━━━━━[0m[37m[0m [1m1s[0m 133ms/step - loss: 0.0077
Epoch 50/200

[1m1/8[0m [32m━━[0m[37m━━━━━━━━━━━━━━━━━━[0m [1m2s[0m 286ms/step - loss: 0.0077
[1m2/8[0m [32m━━━━━[0m[37m━━━━━━━━━━━━━━━[0m [1m1s[0m 187ms/step - loss: 0.0083
[1m3/8[0m [32m━━━━━━━[0m[37m━━━━━━━━━━━━━[0m [1m0s[0m 132ms/step - loss: 0.0081
[1m4/8[0m [32m━━━━━━━━━━[0m[37m━━━━━━━━━━[0m [1m0s[0m 119ms/step - loss: 0.0080
[1m5/8[0m [32m━━━━━━━━━━━━[0m[37m━━━━━━━━[0m [1m0s[0m 116ms/step - loss: 0.0079
[1m6/8[0m [32m━━━━━━━━━━━━━━━[0m[37m━━━━━[0m [1m0s[0m 112ms/step - loss: 0.0078
[1m7/8[0m [32m━━━━━━━━━━━━━━━━━[0m[37m━━━[0m [1m0s[0m 134ms/step - loss: 0.0078
[1m8/8[0m [32m━━━━━━━━━━━━━━━━━━━━[0m[37m[0m [1m0s[0m 125ms/step - loss: 0.0077
[1m8/8[0m [32m━━━━━━━━━━━━━━━━━━━━[0m[37m[0m [1m1s[0m 155ms/step - loss: 0.0072
Epoch 51/200

[1m1/8[0m [32m━━[0m[37m━━━━━━━━━━━━━━━━━━[0m [1m2s[0m 351ms/step - loss: 0.0055
[1m2/8[0m [32m━━━━━[0m[37m━━━━━━━━━━━━━━━[0m [1m0s[0m 76ms/step - loss: 0.0055 
[1m3/8[0m [32m━━━━━━━[0m[37m━━━━━━━━━━━━━[0m [1m0s[0m 91ms/step - loss: 0.0061
[1m5/8[0m [32m━━━━━━━━━━━━[0m[37m━━━━━━━━[0m [1m0s[0m 73ms/step - loss: 0.0067
[1m7/8[0m [32m━━━━━━━━━━━━━━━━━[0m[37m━━━[0m [1m0s[0m 62ms/step - loss: 0.0070
[1m8/8[0m [32m━━━━━━━━━━━━━━━━━━━━[0m[37m[0m [1m0s[0m 61ms/step - loss: 0.0071
[1m8/8[0m [32m━━━━━━━━━━━━━━━━━━━━[0m[37m[0m [1m1s[0m 71ms/step - loss: 0.0074
Epoch 52/200

[1m1/8[0m [32m━━[0m[37m━━━━━━━━━━━━━━━━━━[0m [1m1s[0m 191ms/step - loss: 0.0028
[1m2/8[0m [32m━━━━━[0m[37m━━━━━━━━━━━━━━━[0m [1m0s[0m 94ms/step - loss: 0.0040 
[1m3/8[0m [32m━━━━━━━[0m[37m━━━━━━━━━━━━━[0m [1m0s[0m 85ms/step - loss: 0.0052
[1m4/8[0m [32m━━━━━━━━━━[0m[37m━━━━━━━━━━[0m [1m0s[0m 81ms/step - loss: 0.0059
[1m5/8[0m [32m━━━━━━━━━━━━[0m[37m━━━━━━━━[0m [1m0s[0m 77ms/step - loss: 0.0062
[1m7/8[0m [32m━━━━━━━━━━━━━━━━━[0m[37m━━━[0m [1m0s[0m 66ms/step - loss: 0.0064
[1m8/8[0m [32m━━━━━━━━━━━━━━━━━━━━[0m[37m[0m [1m1s[0m 79ms/step - loss: 0.0070
Epoch 53/200

[1m1/8[0m [32m━━[0m[37m━━━━━━━━━━━━━━━━━━[0m [1m5s[0m 734ms/step - loss: 0.0092
[1m2/8[0m [32m━━━━━[0m[37m━━━━━━━━━━━━━━━[0m [1m2s[0m 458ms/step - loss: 0.0081
[1m3/8[0m [32m━━━━━━━[0m[37m━━━━━━━━━━━━━[0m [1m1s[0m 302ms/step - loss: 0.0078
[1m4/8[0m [32m━━━━━━━━━━[0m[37m━━━━━━━━━━[0m [1m1s[0m 273ms/step - loss: 0.0078
[1m5/8[0m [32m━━━━━━━━━━━━[0m[37m━━━━━━━━[0m [1m0s[0m 255ms/step - loss: 0.0078
[1m6/8[0m [32m━━━━━━━━━━━━━━━[0m[37m━━━━━[0m [1m0s[0m 225ms/step - loss: 0.0078
[1m7/8[0m [32m━━━━━━━━━━━━━━━━━[0m[37m━━━[0m [1m0s[0m 206ms/step - loss: 0.0077
[1m8/8[0m [32m━━━━━━━━━━━━━━━━━━━━[0m[37m[0m [1m0s[0m 192ms/step - loss: 0.0077
[1m8/8[0m [32m━━━━━━━━━━━━━━━━━━━━[0m[37m[0m [1m2s[0m 214ms/step - loss: 0.0073
Epoch 54/200

[1m1/8[0m [32m━━[0m[37m━━━━━━━━━━━━━━━━━━[0m [1m1s[0m 220ms/step - loss: 0.0062
[1m2/8[0m [32m━━━━━[0m[37m━━━━━━━━━━━━━━━[0m [1m0s[0m 67ms/step - loss: 0.0060 
[1m3/8[0m [32m━━━━━━━[0m[37m━━━━━━━━━━━━━[0m [1m0s[0m 79ms/step - loss: 0.0058
[1m4/8[0m [32m━━━━━━━━━━[0m[37m━━━━━━━━━━[0m [1m0s[0m 78ms/step - loss: 0.0057
[1m6/8[0m [32m━━━━━━━━━━━━━━━[0m[37m━━━━━[0m [1m0s[0m 68ms/step - loss: 0.0055
[1m7/8[0m [32m━━━━━━━━━━━━━━━━━[0m[37m━━━[0m [1m0s[0m 68ms/step - loss: 0.0056
[1m8/8[0m [32m━━━━━━━━━━━━━━━━━━━━[0m[37m[0m [1m0s[0m 72ms/step - loss: 0.0056
[1m8/8[0m [32m━━━━━━━━━━━━━━━━━━━━[0m[37m[0m [1m1s[0m 83ms/step - loss: 0.0060
Epoch 55/200

[1m1/8[0m [32m━━[0m[37m━━━━━━━━━━━━━━━━━━[0m [1m1s[0m 154ms/step - loss: 0.0085
[1m2/8[0m [32m━━━━━[0m[37m━━━━━━━━━━━━━━━[0m [1m0s[0m 69ms/step - loss: 0.0098 
[1m3/8[0m [32m━━━━━━━[0m[37m━━━━━━━━━━━━━[0m [1m0s[0m 92ms/step - loss: 0.0101
[1m4/8[0m [32m━━━━━━━━━━[0m[37m━━━━━━━━━━[0m [1m0s[0m 100ms/step - loss: 0.0099
[1m5/8[0m [32m━━━━━━━━━━━━[0m[37m━━━━━━━━[0m [1m0s[0m 96ms/step - loss: 0.0096 
[1m7/8[0m [32m━━━━━━━━━━━━━━━━━[0m[37m━━━[0m [1m0s[0m 80ms/step - loss: 0.0090
[1m8/8[0m [32m━━━━━━━━━━━━━━━━━━━━[0m[37m[0m [1m1s[0m 82ms/step - loss: 0.0074
Epoch 56/200

[1m1/8[0m [32m━━[0m[37m━━━━━━━━━━━━━━━━━━[0m [1m0s[0m 138ms/step - loss: 0.0081
[1m3/8[0m [32m━━━━━━━[0m[37m━━━━━━━━━━━━━[0m [1m0s[0m 34ms/step - loss: 0.0069 
[1m5/8[0m [32m━━━━━━━━━━━━[0m[37m━━━━━━━━[0m [1m0s[0m 38ms/step - loss: 0.0065
[1m7/8[0m [32m━━━━━━━━━━━━━━━━━[0m[37m━━━[0m [1m0s[0m 38ms/step - loss: 0.0064
[1m8/8[0m [32m━━━━━━━━━━━━━━━━━━━━[0m[37m[0m [1m0s[0m 43ms/step - loss: 0.0068
Epoch 57/200

[1m1/8[0m [32m━━[0m[37m━━━━━━━━━━━━━━━━━━[0m [1m0s[0m 95ms/step - loss: 0.0050
[1m2/8[0m [32m━━━━━[0m[37m━━━━━━━━━━━━━━━[0m [1m0s[0m 81ms/step - loss: 0.0069
[1m4/8[0m [32m━━━━━━━━━━[0m[37m━━━━━━━━━━[0m [1m0s[0m 55ms/step - loss: 0.0073
[1m6/8[0m [32m━━━━━━━━━━━━━━━[0m[37m━━━━━[0m [1m0s[0m 58ms/step - loss: 0.0074
[1m7/8[0m [32m━━━━━━━━━━━━━━━━━[0m[37m━━━[0m [1m0s[0m 62ms/step - loss: 0.0074
[1m8/8[0m [32m━━━━━━━━━━━━━━━━━━━━[0m[37m[0m [1m1s[0m 75ms/step - loss: 0.0069
Epoch 58/200

[1m1/8[0m [32m━━[0m[37m━━━━━━━━━━━━━━━━━━[0m [1m1s[0m 171ms/step - loss: 0.0049
[1m2/8[0m [32m━━━━━[0m[37m━━━━━━━━━━━━━━━[0m [1m0s[0m 75ms/step - loss: 0.0057 
[1m3/8[0m [32m━━━━━━━[0m[37m━━━━━━━━━━━━━[0m [1m0s[0m 66ms/step - loss: 0.0060
[1m5/8[0m [32m━━━━━━━━━━━━[0m[37m━━━━━━━━[0m [1m0s[0m 58ms/step - loss: 0.0062
[1m6/8[0m [32m━━━━━━━━━━━━━━━[0m[37m━━━━━[0m [1m0s[0m 56ms/step - loss: 0.0063
[1m7/8[0m [32m━━━━━━━━━━━━━━━━━[0m[37m━━━[0m [1m0s[0m 56ms/step - loss: 0.0063
[1m8/8[0m [32m━━━━━━━━━━━━━━━━━━━━[0m[37m[0m [1m1s[0m 67ms/step - loss: 0.0063
Epoch 59/200

[1m1/8[0m [32m━━[0m[37m━━━━━━━━━━━━━━━━━━[0m [1m0s[0m 137ms/step - loss: 0.0090
[1m2/8[0m [32m━━━━━[0m[37m━━━━━━━━━━━━━━━[0m [1m0s[0m 138ms/step - loss: 0.0080
[1m4/8[0m [32m━━━━━━━━━━[0m[37m━━━━━━━━━━[0m [1m0s[0m 133ms/step - loss: 0.0075
[1m5/8[0m [32m━━━━━━━━━━━━[0m[37m━━━━━━━━[0m [1m0s[0m 158ms/step - loss: 0.0075
[1m6/8[0m [32m━━━━━━━━━━━━━━━[0m[37m━━━━━[0m [1m0s[0m 149ms/step - loss: 0.0074
[1m7/8[0m [32m━━━━━━━━━━━━━━━━━[0m[37m━━━[0m [1m0s[0m 147ms/step - loss: 0.0074
[1m8/8[0m [32m━━━━━━━━━━━━━━━━━━━━[0m[37m[0m [1m0s[0m 139ms/step - loss: 0.0073
[1m8/8[0m [32m━━━━━━━━━━━━━━━━━━━━[0m[37m[0m [1m1s[0m 163ms/step - loss: 0.0069
Epoch 60/200

[1m1/8[0m [32m━━[0m[37m━━━━━━━━━━━━━━━━━━[0m [1m2s[0m 340ms/step - loss: 0.0040
[1m3/8[0m [32m━━━━━━━[0m[37m━━━━━━━━━━━━━[0m [1m0s[0m 43ms/step - loss: 0.0055 
[1m5/8[0m [32m━━━━━━━━━━━━[0m[37m━━━━━━━━[0m [1m0s[0m 37ms/step - loss: 0.0058
[1m7/8[0m [32m━━━━━━━━━━━━━━━━━[0m[37m━━━[0m [1m0s[0m 38ms/step - loss: 0.0061
[1m8/8[0m [32m━━━━━━━━━━━━━━━━━━━━[0m[37m[0m [1m1s[0m 42ms/step - loss: 0.0069
Epoch 61/200

[1m1/8[0m [32m━━[0m[37m━━━━━━━━━━━━━━━━━━[0m [1m0s[0m 112ms/step - loss: 0.0059
[1m2/8[0m [32m━━━━━[0m[37m━━━━━━━━━━━━━━━[0m [1m0s[0m 91ms/step - loss: 0.0052 
[1m3/8[0m [32m━━━━━━━[0m[37m━━━━━━━━━━━━━[0m [1m0s[0m 73ms/step - loss: 0.0056
[1m4/8[0m [32m━━━━━━━━━━[0m[37m━━━━━━━━━━[0m [1m0s[0m 68ms/step - loss: 0.0057
[1m6/8[0m [32m━━━━━━━━━━━━━━━[0m[37m━━━━━[0m [1m0s[0m 56ms/step - loss: 0.0061
[1m8/8[0m [32m━━━━━━━━━━━━━━━━━━━━[0m[37m[0m [1m0s[0m 49ms/step - loss: 0.0063
[1m8/8[0m [32m━━━━━━━━━━━━━━━━━━━━[0m[37m[0m [1m0s[0m 55ms/step - loss: 0.0068
Epoch 62/200

[1m1/8[0m [32m━━[0m[37m━━━━━━━━━━━━━━━━━━[0m [1m0s[0m 107ms/step - loss: 0.0058
[1m2/8[0m [32m━━━━━[0m[37m━━━━━━━━━━━━━━━[0m [1m0s[0m 81ms/step - loss: 0.0056 
[1m3/8[0m [32m━━━━━━━[0m[37m━━━━━━━━━━━━━[0m [1m0s[0m 69ms/step - loss: 0.0054
[1m4/8[0m [32m━━━━━━━━━━[0m[37m━━━━━━━━━━[0m [1m0s[0m 66ms/step - loss: 0.0056
[1m6/8[0m [32m━━━━━━━━━━━━━━━[0m[37m━━━━━[0m [1m0s[0m 55ms/step - loss: 0.0059
[1m8/8[0m [32m━━━━━━━━━━━━━━━━━━━━[0m[37m[0m [1m0s[0m 53ms/step - loss: 0.0061
[1m8/8[0m [32m━━━━━━━━━━━━━━━━━━━━[0m[37m[0m [1m1s[0m 66ms/step - loss: 0.0068
Epoch 63/200

[1m1/8[0m [32m━━[0m[37m━━━━━━━━━━━━━━━━━━[0m [1m0s[0m 112ms/step - loss: 0.0060
[1m3/8[0m [32m━━━━━━━[0m[37m━━━━━━━━━━━━━[0m [1m0s[0m 41ms/step - loss: 0.0065 
[1m4/8[0m [32m━━━━━━━━━━[0m[37m━━━━━━━━━━[0m [1m0s[0m 71ms/step - loss: 0.0065
[1m5/8[0m [32m━━━━━━━━━━━━[0m[37m━━━━━━━━[0m [1m0s[0m 89ms/step - loss: 0.0065
[1m6/8[0m [32m━━━━━━━━━━━━━━━[0m[37m━━━━━[0m [1m0s[0m 87ms/step - loss: 0.0064
[1m8/8[0m [32m━━━━━━━━━━━━━━━━━━━━[0m[37m[0m [1m0s[0m 73ms/step - loss: 0.0063
[1m8/8[0m [32m━━━━━━━━━━━━━━━━━━━━[0m[37m[0m [1m1s[0m 85ms/step - loss: 0.0061
Epoch 64/200

[1m1/8[0m [32m━━[0m[37m━━━━━━━━━━━━━━━━━━[0m [1m1s[0m 181ms/step - loss: 0.0081
[1m2/8[0m [32m━━━━━[0m[37m━━━━━━━━━━━━━━━[0m [1m0s[0m 86ms/step - loss: 0.0075 
[1m3/8[0m [32m━━━━━━━[0m[37m━━━━━━━━━━━━━[0m [1m0s[0m 77ms/step - loss: 0.0074
[1m4/8[0m [32m━━━━━━━━━━[0m[37m━━━━━━━━━━[0m [1m0s[0m 76ms/step - loss: 0.0071
[1m5/8[0m [32m━━━━━━━━━━━━[0m[37m━━━━━━━━[0m [1m0s[0m 79ms/step - loss: 0.0070
[1m6/8[0m [32m━━━━━━━━━━━━━━━[0m[37m━━━━━[0m [1m0s[0m 76ms/step - loss: 0.0069
[1m7/8[0m [32m━━━━━━━━━━━━━━━━━[0m[37m━━━[0m [1m0s[0m 73ms/step - loss: 0.0068
[1m8/8[0m [32m━━━━━━━━━━━━━━━━━━━━[0m[37m[0m [1m0s[0m 71ms/step - loss: 0.0067
[1m8/8[0m [32m━━━━━━━━━━━━━━━━━━━━[0m[37m[0m [1m1s[0m 81ms/step - loss: 0.0060
Epoch 65/200

[1m1/8[0m [32m━━[0m[37m━━━━━━━━━━━━━━━━━━[0m [1m1s[0m 164ms/step - loss: 0.0077
[1m2/8[0m [32m━━━━━[0m[37m━━━━━━━━━━━━━━━[0m [1m0s[0m 78ms/step - loss: 0.0069 
[1m3/8[0m [32m━━━━━━━[0m[37m━━━━━━━━━━━━━[0m [1m0s[0m 84ms/step - loss: 0.0069
[1m4/8[0m [32m━━━━━━━━━━[0m[37m━━━━━━━━━━[0m [1m0s[0m 88ms/step - loss: 0.0069
[1m5/8[0m [32m━━━━━━━━━━━━[0m[37m━━━━━━━━[0m [1m0s[0m 80ms/step - loss: 0.0068
[1m6/8[0m [32m━━━━━━━━━━━━━━━[0m[37m━━━━━[0m [1m0s[0m 79ms/step - loss: 0.0067
[1m7/8[0m [32m━━━━━━━━━━━━━━━━━[0m[37m━━━[0m [1m0s[0m 77ms/step - loss: 0.0068
[1m8/8[0m [32m━━━━━━━━━━━━━━━━━━━━[0m[37m[0m [1m1s[0m 78ms/step - loss: 0.0069
Epoch 66/200

[1m1/8[0m [32m━━[0m[37m━━━━━━━━━━━━━━━━━━[0m [1m1s[0m 209ms/step - loss: 0.0111
[1m3/8[0m [32m━━━━━━━[0m[37m━━━━━━━━━━━━━[0m [1m0s[0m 42ms/step - loss: 0.0094 
[1m5/8[0m [32m━━━━━━━━━━━━[0m[37m━━━━━━━━[0m [1m0s[0m 45ms/step - loss: 0.0089
[1m7/8[0m [32m━━━━━━━━━━━━━━━━━[0m[37m━━━[0m [1m0s[0m 50ms/step - loss: 0.0087
[1m8/8[0m [32m━━━━━━━━━━━━━━━━━━━━[0m[37m[0m [1m0s[0m 52ms/step - loss: 0.0086
[1m8/8[0m [32m━━━━━━━━━━━━━━━━━━━━[0m[37m[0m [1m1s[0m 57ms/step - loss: 0.0082
Epoch 67/200

[1m1/8[0m [32m━━[0m[37m━━━━━━━━━━━━━━━━━━[0m [1m0s[0m 110ms/step - loss: 0.0096
[1m2/8[0m [32m━━━━━[0m[37m━━━━━━━━━━━━━━━[0m [1m0s[0m 97ms/step - loss: 0.0090 
[1m4/8[0m [32m━━━━━━━━━━[0m[37m━━━━━━━━━━[0m [1m0s[0m 55ms/step - loss: 0.0084
[1m6/8[0m [32m━━━━━━━━━━━━━━━[0m[37m━━━━━[0m [1m0s[0m 48ms/step - loss: 0.0079
[1m8/8[0m [32m━━━━━━━━━━━━━━━━━━━━[0m[37m[0m [1m0s[0m 46ms/step - loss: 0.0077
[1m8/8[0m [32m━━━━━━━━━━━━━━━━━━━━[0m[37m[0m [1m0s[0m 54ms/step - loss: 0.0070
Epoch 68/200

[1m1/8[0m [32m━━[0m[37m━━━━━━━━━━━━━━━━━━[0m [1m0s[0m 131ms/step - loss: 0.0067
[1m2/8[0m [32m━━━━━[0m[37m━━━━━━━━━━━━━━━[0m [1m0s[0m 95ms/step - loss: 0.0060 
[1m3/8[0m [32m━━━━━━━[0m[37m━━━━━━━━━━━━━[0m [1m0s[0m 79ms/step - loss: 0.0061
[1m4/8[0m [32m━━━━━━━━━━[0m[37m━━━━━━━━━━[0m [1m0s[0m 77ms/step - loss: 0.0065
[1m5/8[0m [32m━━━━━━━━━━━━[0m[37m━━━━━━━━[0m [1m0s[0m 74ms/step - loss: 0.0067
[1m7/8[0m [32m━━━━━━━━━━━━━━━━━[0m[37m━━━[0m [1m0s[0m 61ms/step - loss: 0.0067
[1m8/8[0m [32m━━━━━━━━━━━━━━━━━━━━[0m[37m[0m [1m0s[0m 64ms/step - loss: 0.0067
[1m8/8[0m [32m━━━━━━━━━━━━━━━━━━━━[0m[37m[0m [1m1s[0m 69ms/step - loss: 0.0064
Epoch 69/200

[1m1/8[0m [32m━━[0m[37m━━━━━━━━━━━━━━━━━━[0m [1m0s[0m 107ms/step - loss: 0.0068
[1m2/8[0m [32m━━━━━[0m[37m━━━━━━━━━━━━━━━[0m [1m0s[0m 79ms/step - loss: 0.0078 
[1m3/8[0m [32m━━━━━━━[0m[37m━━━━━━━━━━━━━[0m [1m0s[0m 69ms/step - loss: 0.0076
[1m4/8[0m [32m━━━━━━━━━━[0m[37m━━━━━━━━━━[0m [1m0s[0m 74ms/step - loss: 0.0076
[1m5/8[0m [32m━━━━━━━━━━━━[0m[37m━━━━━━━━[0m [1m0s[0m 71ms/step - loss: 0.0075
[1m6/8[0m [32m━━━━━━━━━━━━━━━[0m[37m━━━━━[0m [1m0s[0m 68ms/step - loss: 0.0075
[1m7/8[0m [32m━━━━━━━━━━━━━━━━━[0m[37m━━━[0m [1m0s[0m 67ms/step - loss: 0.0074
[1m8/8[0m [32m━━━━━━━━━━━━━━━━━━━━[0m[37m[0m [1m0s[0m 66ms/step - loss: 0.0074
[1m8/8[0m [32m━━━━━━━━━━━━━━━━━━━━[0m[37m[0m [1m1s[0m 77ms/step - loss: 0.0075
Epoch 70/200

[1m1/8[0m [32m━━[0m[37m━━━━━━━━━━━━━━━━━━[0m [1m1s[0m 175ms/step - loss: 0.0041
[1m2/8[0m [32m━━━━━[0m[37m━━━━━━━━━━━━━━━[0m [1m0s[0m 76ms/step - loss: 0.0046 
[1m4/8[0m [32m━━━━━━━━━━[0m[37m━━━━━━━━━━[0m [1m0s[0m 47ms/step - loss: 0.0049
[1m5/8[0m [32m━━━━━━━━━━━━[0m[37m━━━━━━━━[0m [1m0s[0m 58ms/step - loss: 0.0049
[1m6/8[0m [32m━━━━━━━━━━━━━━━[0m[37m━━━━━[0m [1m0s[0m 57ms/step - loss: 0.0052
[1m8/8[0m [32m━━━━━━━━━━━━━━━━━━━━[0m[37m[0m [1m0s[0m 53ms/step - loss: 0.0054
[1m8/8[0m [32m━━━━━━━━━━━━━━━━━━━━[0m[37m[0m [1m1s[0m 58ms/step - loss: 0.0060
Epoch 71/200

[1m1/8[0m [32m━━[0m[37m━━━━━━━━━━━━━━━━━━[0m [1m0s[0m 110ms/step - loss: 0.0072
[1m3/8[0m [32m━━━━━━━[0m[37m━━━━━━━━━━━━━[0m [1m0s[0m 51ms/step - loss: 0.0076 
[1m5/8[0m [32m━━━━━━━━━━━━[0m[37m━━━━━━━━[0m [1m0s[0m 41ms/step - loss: 0.0072
[1m7/8[0m [32m━━━━━━━━━━━━━━━━━[0m[37m━━━[0m [1m0s[0m 41ms/step - loss: 0.0070
[1m8/8[0m [32m━━━━━━━━━━━━━━━━━━━━[0m[37m[0m [1m0s[0m 44ms/step - loss: 0.0061
Epoch 72/200

[1m1/8[0m [32m━━[0m[37m━━━━━━━━━━━━━━━━━━[0m [1m0s[0m 80ms/step - loss: 0.0078
[1m2/8[0m [32m━━━━━[0m[37m━━━━━━━━━━━━━━━[0m [1m0s[0m 54ms/step - loss: 0.0078
[1m4/8[0m [32m━━━━━━━━━━[0m[37m━━━━━━━━━━[0m [1m0s[0m 41ms/step - loss: 0.0073
[1m6/8[0m [32m━━━━━━━━━━━━━━━[0m[37m━━━━━[0m [1m0s[0m 36ms/step - loss: 0.0069
[1m7/8[0m [32m━━━━━━━━━━━━━━━━━[0m[37m━━━[0m [1m0s[0m 39ms/step - loss: 0.0068
[1m8/8[0m [32m━━━━━━━━━━━━━━━━━━━━[0m[37m[0m [1m0s[0m 42ms/step - loss: 0.0067
[1m8/8[0m [32m━━━━━━━━━━━━━━━━━━━━[0m[37m[0m [1m0s[0m 48ms/step - loss: 0.0063
Epoch 73/200

[1m1/8[0m [32m━━[0m[37m━━━━━━━━━━━━━━━━━━[0m [1m0s[0m 109ms/step - loss: 0.0114
[1m2/8[0m [32m━━━━━[0m[37m━━━━━━━━━━━━━━━[0m [1m0s[0m 55ms/step - loss: 0.0094 
[1m3/8[0m [32m━━━━━━━[0m[37m━━━━━━━━━━━━━[0m [1m0s[0m 61ms/step - loss: 0.0083
[1m5/8[0m [32m━━━━━━━━━━━━[0m[37m━━━━━━━━[0m [1m0s[0m 52ms/step - loss: 0.0072
[1m7/8[0m [32m━━━━━━━━━━━━━━━━━[0m[37m━━━[0m [1m0s[0m 47ms/step - loss: 0.0069
[1m8/8[0m [32m━━━━━━━━━━━━━━━━━━━━[0m[37m[0m [1m0s[0m 54ms/step - loss: 0.0064
Epoch 74/200

[1m1/8[0m [32m━━[0m[37m━━━━━━━━━━━━━━━━━━[0m [1m0s[0m 89ms/step - loss: 0.0049
[1m2/8[0m [32m━━━━━[0m[37m━━━━━━━━━━━━━━━[0m [1m0s[0m 58ms/step - loss: 0.0066
[1m4/8[0m [32m━━━━━━━━━━[0m[37m━━━━━━━━━━[0m [1m0s[0m 44ms/step - loss: 0.0070
[1m6/8[0m [32m━━━━━━━━━━━━━━━[0m[37m━━━━━[0m [1m0s[0m 60ms/step - loss: 0.0068
[1m7/8[0m [32m━━━━━━━━━━━━━━━━━[0m[37m━━━[0m [1m0s[0m 60ms/step - loss: 0.0067
[1m8/8[0m [32m━━━━━━━━━━━━━━━━━━━━[0m[37m[0m [1m1s[0m 62ms/step - loss: 0.0060
Epoch 75/200

[1m1/8[0m [32m━━[0m[37m━━━━━━━━━━━━━━━━━━[0m [1m0s[0m 115ms/step - loss: 0.0097
[1m3/8[0m [32m━━━━━━━[0m[37m━━━━━━━━━━━━━[0m [1m0s[0m 33ms/step - loss: 0.0086 
[1m5/8[0m [32m━━━━━━━━━━━━[0m[37m━━━━━━━━[0m [1m0s[0m 31ms/step - loss: 0.0078
[1m7/8[0m [32m━━━━━━━━━━━━━━━━━[0m[37m━━━[0m [1m0s[0m 33ms/step - loss: 0.0074
[1m8/8[0m [32m━━━━━━━━━━━━━━━━━━━━[0m[37m[0m [1m0s[0m 38ms/step - loss: 0.0072
[1m8/8[0m [32m━━━━━━━━━━━━━━━━━━━━[0m[37m[0m [1m0s[0m 43ms/step - loss: 0.0060
Epoch 76/200

[1m1/8[0m [32m━━[0m[37m━━━━━━━━━━━━━━━━━━[0m [1m0s[0m 139ms/step - loss: 0.0031
[1m2/8[0m [32m━━━━━[0m[37m━━━━━━━━━━━━━━━[0m [1m0s[0m 77ms/step - loss: 0.0040 
[1m3/8[0m [32m━━━━━━━[0m[37m━━━━━━━━━━━━━[0m [1m0s[0m 88ms/step - loss: 0.0042
[1m4/8[0m [32m━━━━━━━━━━[0m[37m━━━━━━━━━━[0m [1m0s[0m 80ms/step - loss: 0.0047
[1m5/8[0m [32m━━━━━━━━━━━━[0m[37m━━━━━━━━[0m [1m0s[0m 106ms/step - loss: 0.0050
[1m7/8[0m [32m━━━━━━━━━━━━━━━━━[0m[37m━━━[0m [1m0s[0m 87ms/step - loss: 0.0055 
[1m8/8[0m [32m━━━━━━━━━━━━━━━━━━━━[0m[37m[0m [1m1s[0m 89ms/step - loss: 0.0066
Epoch 77/200

[1m1/8[0m [32m━━[0m[37m━━━━━━━━━━━━━━━━━━[0m [1m4s[0m 647ms/step - loss: 0.0091
[1m3/8[0m [32m━━━━━━━[0m[37m━━━━━━━━━━━━━[0m [1m0s[0m 41ms/step - loss: 0.0076 
[1m5/8[0m [32m━━━━━━━━━━━━[0m[37m━━━━━━━━[0m [1m0s[0m 49ms/step - loss: 0.0072
[1m6/8[0m [32m━━━━━━━━━━━━━━━[0m[37m━━━━━[0m [1m0s[0m 57ms/step - loss: 0.0072
[1m7/8[0m [32m━━━━━━━━━━━━━━━━━[0m[37m━━━[0m [1m0s[0m 58ms/step - loss: 0.0071
[1m8/8[0m [32m━━━━━━━━━━━━━━━━━━━━[0m[37m[0m [1m0s[0m 58ms/step - loss: 0.0070
[1m8/8[0m [32m━━━━━━━━━━━━━━━━━━━━[0m[37m[0m [1m1s[0m 65ms/step - loss: 0.0064
Epoch 78/200

[1m1/8[0m [32m━━[0m[37m━━━━━━━━━━━━━━━━━━[0m [1m0s[0m 114ms/step - loss: 0.0032
[1m2/8[0m [32m━━━━━[0m[37m━━━━━━━━━━━━━━━[0m [1m0s[0m 64ms/step - loss: 0.0038 
[1m4/8[0m [32m━━━━━━━━━━[0m[37m━━━━━━━━━━[0m [1m0s[0m 58ms/step - loss: 0.0049
[1m6/8[0m [32m━━━━━━━━━━━━━━━[0m[37m━━━━━[0m [1m0s[0m 51ms/step - loss: 0.0054
[1m8/8[0m [32m━━━━━━━━━━━━━━━━━━━━[0m[37m[0m [1m0s[0m 55ms/step - loss: 0.0057
[1m8/8[0m [32m━━━━━━━━━━━━━━━━━━━━[0m[37m[0m [1m1s[0m 64ms/step - loss: 0.0067
Epoch 79/200

[1m1/8[0m [32m━━[0m[37m━━━━━━━━━━━━━━━━━━[0m [1m0s[0m 103ms/step - loss: 0.0057
[1m3/8[0m [32m━━━━━━━[0m[37m━━━━━━━━━━━━━[0m [1m0s[0m 48ms/step - loss: 0.0059 
[1m4/8[0m [32m━━━━━━━━━━[0m[37m━━━━━━━━━━[0m [1m0s[0m 53ms/step - loss: 0.0060
[1m6/8[0m [32m━━━━━━━━━━━━━━━[0m[37m━━━━━[0m [1m0s[0m 48ms/step - loss: 0.0060
[1m7/8[0m [32m━━━━━━━━━━━━━━━━━[0m[37m━━━[0m [1m0s[0m 56ms/step - loss: 0.0061
[1m8/8[0m [32m━━━━━━━━━━━━━━━━━━━━[0m[37m[0m [1m0s[0m 56ms/step - loss: 0.0062
[1m8/8[0m [32m━━━━━━━━━━━━━━━━━━━━[0m[37m[0m [1m1s[0m 82ms/step - loss: 0.0064
Epoch 80/200

[1m1/8[0m [32m━━[0m[37m━━━━━━━━━━━━━━━━━━[0m [1m1s[0m 170ms/step - loss: 0.0073
[1m2/8[0m [32m━━━━━[0m[37m━━━━━━━━━━━━━━━[0m [1m0s[0m 83ms/step - loss: 0.0082 
[1m3/8[0m [32m━━━━━━━[0m[37m━━━━━━━━━━━━━[0m [1m0s[0m 70ms/step - loss: 0.0080
[1m4/8[0m [32m━━━━━━━━━━[0m[37m━━━━━━━━━━[0m [1m0s[0m 67ms/step - loss: 0.0080
[1m6/8[0m [32m━━━━━━━━━━━━━━━[0m[37m━━━━━[0m [1m0s[0m 60ms/step - loss: 0.0076
[1m7/8[0m [32m━━━━━━━━━━━━━━━━━[0m[37m━━━[0m [1m0s[0m 63ms/step - loss: 0.0075
[1m8/8[0m [32m━━━━━━━━━━━━━━━━━━━━[0m[37m[0m [1m0s[0m 66ms/step - loss: 0.0073
[1m8/8[0m [32m━━━━━━━━━━━━━━━━━━━━[0m[37m[0m [1m1s[0m 72ms/step - loss: 0.0063
Epoch 81/200

[1m1/8[0m [32m━━[0m[37m━━━━━━━━━━━━━━━━━━[0m [1m1s[0m 171ms/step - loss: 0.0076
[1m2/8[0m [32m━━━━━[0m[37m━━━━━━━━━━━━━━━[0m [1m0s[0m 73ms/step - loss: 0.0080 
[1m4/8[0m [32m━━━━━━━━━━[0m[37m━━━━━━━━━━[0m [1m0s[0m 50ms/step - loss: 0.0072
[1m6/8[0m [32m━━━━━━━━━━━━━━━[0m[37m━━━━━[0m [1m0s[0m 45ms/step - loss: 0.0067
[1m8/8[0m [32m━━━━━━━━━━━━━━━━━━━━[0m[37m[0m [1m0s[0m 40ms/step - loss: 0.0064
[1m8/8[0m [32m━━━━━━━━━━━━━━━━━━━━[0m[37m[0m [1m0s[0m 45ms/step - loss: 0.0056
Epoch 82/200

[1m1/8[0m [32m━━[0m[37m━━━━━━━━━━━━━━━━━━[0m [1m0s[0m 73ms/step - loss: 0.0075
[1m4/8[0m [32m━━━━━━━━━━[0m[37m━━━━━━━━━━[0m [1m0s[0m 28ms/step - loss: 0.0070
[1m6/8[0m [32m━━━━━━━━━━━━━━━[0m[37m━━━━━[0m [1m0s[0m 34ms/step - loss: 0.0069
[1m8/8[0m [32m━━━━━━━━━━━━━━━━━━━━[0m[37m[0m [1m0s[0m 36ms/step - loss: 0.0068
[1m8/8[0m [32m━━━━━━━━━━━━━━━━━━━━[0m[37m[0m [1m0s[0m 48ms/step - loss: 0.0066
Epoch 83/200

[1m1/8[0m [32m━━[0m[37m━━━━━━━━━━━━━━━━━━[0m [1m0s[0m 128ms/step - loss: 0.0045
[1m2/8[0m [32m━━━━━[0m[37m━━━━━━━━━━━━━━━[0m [1m0s[0m 62ms/step - loss: 0.0050 
[1m4/8[0m [32m━━━━━━━━━━[0m[37m━━━━━━━━━━[0m [1m0s[0m 54ms/step - loss: 0.0054
[1m5/8[0m [32m━━━━━━━━━━━━[0m[37m━━━━━━━━[0m [1m0s[0m 67ms/step - loss: 0.0055
[1m6/8[0m [32m━━━━━━━━━━━━━━━[0m[37m━━━━━[0m [1m0s[0m 73ms/step - loss: 0.0057
[1m7/8[0m [32m━━━━━━━━━━━━━━━━━[0m[37m━━━[0m [1m0s[0m 78ms/step - loss: 0.0058
[1m8/8[0m [32m━━━━━━━━━━━━━━━━━━━━[0m[37m[0m [1m1s[0m 83ms/step - loss: 0.0061
Epoch 84/200

[1m1/8[0m [32m━━[0m[37m━━━━━━━━━━━━━━━━━━[0m [1m0s[0m 134ms/step - loss: 0.0098
[1m2/8[0m [32m━━━━━[0m[37m━━━━━━━━━━━━━━━[0m [1m0s[0m 63ms/step - loss: 0.0085 
[1m3/8[0m [32m━━━━━━━[0m[37m━━━━━━━━━━━━━[0m [1m0s[0m 65ms/step - loss: 0.0078
[1m5/8[0m [32m━━━━━━━━━━━━[0m[37m━━━━━━━━[0m [1m0s[0m 55ms/step - loss: 0.0072
[1m7/8[0m [32m━━━━━━━━━━━━━━━━━[0m[37m━━━[0m [1m0s[0m 50ms/step - loss: 0.0068
[1m8/8[0m [32m━━━━━━━━━━━━━━━━━━━━[0m[37m[0m [1m1s[0m 55ms/step - loss: 0.0055
Epoch 85/200

[1m1/8[0m [32m━━[0m[37m━━━━━━━━━━━━━━━━━━[0m [1m0s[0m 127ms/step - loss: 0.0093
[1m3/8[0m [32m━━━━━━━[0m[37m━━━━━━━━━━━━━[0m [1m0s[0m 45ms/step - loss: 0.0073 
[1m4/8[0m [32m━━━━━━━━━━[0m[37m━━━━━━━━━━[0m [1m0s[0m 47ms/step - loss: 0.0071
[1m6/8[0m [32m━━━━━━━━━━━━━━━[0m[37m━━━━━[0m [1m0s[0m 46ms/step - loss: 0.0067
[1m8/8[0m [32m━━━━━━━━━━━━━━━━━━━━[0m[37m[0m [1m0s[0m 43ms/step - loss: 0.0067
[1m8/8[0m [32m━━━━━━━━━━━━━━━━━━━━[0m[37m[0m [1m0s[0m 49ms/step - loss: 0.0065
Epoch 86/200

[1m1/8[0m [32m━━[0m[37m━━━━━━━━━━━━━━━━━━[0m [1m0s[0m 99ms/step - loss: 0.0046
[1m3/8[0m [32m━━━━━━━[0m[37m━━━━━━━━━━━━━[0m [1m0s[0m 45ms/step - loss: 0.0060
[1m5/8[0m [32m━━━━━━━━━━━━[0m[37m━━━━━━━━[0m [1m0s[0m 38ms/step - loss: 0.0064
[1m7/8[0m [32m━━━━━━━━━━━━━━━━━[0m[37m━━━[0m [1m0s[0m 40ms/step - loss: 0.0064
[1m8/8[0m [32m━━━━━━━━━━━━━━━━━━━━[0m[37m[0m [1m0s[0m 46ms/step - loss: 0.0065
Epoch 87/200

[1m1/8[0m [32m━━[0m[37m━━━━━━━━━━━━━━━━━━[0m [1m2s[0m 299ms/step - loss: 0.0063
[1m2/8[0m [32m━━━━━[0m[37m━━━━━━━━━━━━━━━[0m [1m0s[0m 58ms/step - loss: 0.0055 
[1m4/8[0m [32m━━━━━━━━━━[0m[37m━━━━━━━━━━[0m [1m0s[0m 48ms/step - loss: 0.0054
[1m5/8[0m [32m━━━━━━━━━━━━[0m[37m━━━━━━━━[0m [1m0s[0m 51ms/step - loss: 0.0055
[1m6/8[0m [32m━━━━━━━━━━━━━━━[0m[37m━━━━━[0m [1m0s[0m 53ms/step - loss: 0.0057
[1m8/8[0m [32m━━━━━━━━━━━━━━━━━━━━[0m[37m[0m [1m0s[0m 50ms/step - loss: 0.0059
[1m8/8[0m [32m━━━━━━━━━━━━━━━━━━━━[0m[37m[0m [1m1s[0m 61ms/step - loss: 0.0062
Epoch 88/200

[1m1/8[0m [32m━━[0m[37m━━━━━━━━━━━━━━━━━━[0m [1m1s[0m 187ms/step - loss: 0.0101
[1m2/8[0m [32m━━━━━[0m[37m━━━━━━━━━━━━━━━[0m [1m0s[0m 55ms/step - loss: 0.0088 
[1m3/8[0m [32m━━━━━━━[0m[37m━━━━━━━━━━━━━[0m [1m0s[0m 55ms/step - loss: 0.0083
[1m4/8[0m [32m━━━━━━━━━━[0m[37m━━━━━━━━━━[0m [1m0s[0m 58ms/step - loss: 0.0081
[1m6/8[0m [32m━━━━━━━━━━━━━━━[0m[37m━━━━━[0m [1m0s[0m 54ms/step - loss: 0.0077
[1m8/8[0m [32m━━━━━━━━━━━━━━━━━━━━[0m[37m[0m [1m0s[0m 53ms/step - loss: 0.0074
[1m8/8[0m [32m━━━━━━━━━━━━━━━━━━━━[0m[37m[0m [1m1s[0m 62ms/step - loss: 0.0064
Epoch 89/200

[1m1/8[0m [32m━━[0m[37m━━━━━━━━━━━━━━━━━━[0m [1m1s[0m 162ms/step - loss: 0.0058
[1m2/8[0m [32m━━━━━[0m[37m━━━━━━━━━━━━━━━[0m [1m0s[0m 59ms/step - loss: 0.0060 
[1m3/8[0m [32m━━━━━━━[0m[37m━━━━━━━━━━━━━[0m [1m0s[0m 69ms/step - loss: 0.0060
[1m4/8[0m [32m━━━━━━━━━━[0m[37m━━━━━━━━━━[0m [1m0s[0m 66ms/step - loss: 0.0059
[1m5/8[0m [32m━━━━━━━━━━━━[0m[37m━━━━━━━━[0m [1m0s[0m 63ms/step - loss: 0.0060
[1m6/8[0m [32m━━━━━━━━━━━━━━━[0m[37m━━━━━[0m [1m0s[0m 69ms/step - loss: 0.0059
[1m7/8[0m [32m━━━━━━━━━━━━━━━━━[0m[37m━━━[0m [1m0s[0m 69ms/step - loss: 0.0059
[1m8/8[0m [32m━━━━━━━━━━━━━━━━━━━━[0m[37m[0m [1m1s[0m 71ms/step - loss: 0.0065
Epoch 90/200

[1m1/8[0m [32m━━[0m[37m━━━━━━━━━━━━━━━━━━[0m [1m0s[0m 134ms/step - loss: 0.0072
[1m2/8[0m [32m━━━━━[0m[37m━━━━━━━━━━━━━━━[0m [1m0s[0m 67ms/step - loss: 0.0067 
[1m3/8[0m [32m━━━━━━━[0m[37m━━━━━━━━━━━━━[0m [1m0s[0m 65ms/step - loss: 0.0063
[1m4/8[0m [32m━━━━━━━━━━[0m[37m━━━━━━━━━━[0m [1m0s[0m 64ms/step - loss: 0.0061
[1m5/8[0m [32m━━━━━━━━━━━━[0m[37m━━━━━━━━[0m [1m0s[0m 62ms/step - loss: 0.0061
[1m7/8[0m [32m━━━━━━━━━━━━━━━━━[0m[37m━━━[0m [1m0s[0m 60ms/step - loss: 0.0062
[1m8/8[0m [32m━━━━━━━━━━━━━━━━━━━━[0m[37m[0m [1m1s[0m 65ms/step - loss: 0.0062
Epoch 91/200

[1m1/8[0m [32m━━[0m[37m━━━━━━━━━━━━━━━━━━[0m [1m1s[0m 144ms/step - loss: 0.0043
[1m3/8[0m [32m━━━━━━━[0m[37m━━━━━━━━━━━━━[0m [1m0s[0m 37ms/step - loss: 0.0054 
[1m5/8[0m [32m━━━━━━━━━━━━[0m[37m━━━━━━━━[0m [1m0s[0m 40ms/step - loss: 0.0052
[1m6/8[0m [32m━━━━━━━━━━━━━━━[0m[37m━━━━━[0m [1m0s[0m 47ms/step - loss: 0.0051
[1m7/8[0m [32m━━━━━━━━━━━━━━━━━[0m[37m━━━[0m [1m0s[0m 52ms/step - loss: 0.0051
[1m8/8[0m [32m━━━━━━━━━━━━━━━━━━━━[0m[37m[0m [1m0s[0m 52ms/step - loss: 0.0052
[1m8/8[0m [32m━━━━━━━━━━━━━━━━━━━━[0m[37m[0m [1m1s[0m 62ms/step - loss: 0.0054
Epoch 92/200

[1m1/8[0m [32m━━[0m[37m━━━━━━━━━━━━━━━━━━[0m [1m0s[0m 98ms/step - loss: 0.0069
[1m2/8[0m [32m━━━━━[0m[37m━━━━━━━━━━━━━━━[0m [1m0s[0m 63ms/step - loss: 0.0065
[1m3/8[0m [32m━━━━━━━[0m[37m━━━━━━━━━━━━━[0m [1m0s[0m 88ms/step - loss: 0.0061
[1m4/8[0m [32m━━━━━━━━━━[0m[37m━━━━━━━━━━[0m [1m0s[0m 89ms/step - loss: 0.0060
[1m6/8[0m [32m━━━━━━━━━━━━━━━[0m[37m━━━━━[0m [1m0s[0m 67ms/step - loss: 0.0060
[1m8/8[0m [32m━━━━━━━━━━━━━━━━━━━━[0m[37m[0m [1m0s[0m 72ms/step - loss: 0.0060
[1m8/8[0m [32m━━━━━━━━━━━━━━━━━━━━[0m[37m[0m [1m1s[0m 81ms/step - loss: 0.0060
Epoch 93/200

[1m1/8[0m [32m━━[0m[37m━━━━━━━━━━━━━━━━━━[0m [1m1s[0m 177ms/step - loss: 0.0052
[1m2/8[0m [32m━━━━━[0m[37m━━━━━━━━━━━━━━━[0m [1m1s[0m 167ms/step - loss: 0.0059
[1m3/8[0m [32m━━━━━━━[0m[37m━━━━━━━━━━━━━[0m [1m0s[0m 115ms/step - loss: 0.0062
[1m4/8[0m [32m━━━━━━━━━━[0m[37m━━━━━━━━━━[0m [1m0s[0m 101ms/step - loss: 0.0063
[1m5/8[0m [32m━━━━━━━━━━━━[0m[37m━━━━━━━━[0m [1m0s[0m 93ms/step - loss: 0.0063 
[1m6/8[0m [32m━━━━━━━━━━━━━━━[0m[37m━━━━━[0m [1m0s[0m 89ms/step - loss: 0.0063
[1m7/8[0m [32m━━━━━━━━━━━━━━━━━[0m[37m━━━[0m [1m0s[0m 89ms/step - loss: 0.0063
[1m8/8[0m [32m━━━━━━━━━━━━━━━━━━━━[0m[37m[0m [1m0s[0m 91ms/step - loss: 0.0063
[1m8/8[0m [32m━━━━━━━━━━━━━━━━━━━━[0m[37m[0m [1m1s[0m 103ms/step - loss: 0.0063
Epoch 94/200

[1m1/8[0m [32m━━[0m[37m━━━━━━━━━━━━━━━━━━[0m [1m0s[0m 139ms/step - loss: 0.0039
[1m2/8[0m [32m━━━━━[0m[37m━━━━━━━━━━━━━━━[0m [1m0s[0m 55ms/step - loss: 0.0048 
[1m4/8[0m [32m━━━━━━━━━━[0m[37m━━━━━━━━━━[0m [1m0s[0m 56ms/step - loss: 0.0055
[1m5/8[0m [32m━━━━━━━━━━━━[0m[37m━━━━━━━━[0m [1m0s[0m 56ms/step - loss: 0.0055
[1m6/8[0m [32m━━━━━━━━━━━━━━━[0m[37m━━━━━[0m [1m0s[0m 61ms/step - loss: 0.0055
[1m7/8[0m [32m━━━━━━━━━━━━━━━━━[0m[37m━━━[0m [1m0s[0m 72ms/step - loss: 0.0056
[1m8/8[0m [32m━━━━━━━━━━━━━━━━━━━━[0m[37m[0m [1m0s[0m 73ms/step - loss: 0.0055
[1m8/8[0m [32m━━━━━━━━━━━━━━━━━━━━[0m[37m[0m [1m1s[0m 83ms/step - loss: 0.0055
Epoch 95/200

[1m1/8[0m [32m━━[0m[37m━━━━━━━━━━━━━━━━━━[0m [1m2s[0m 305ms/step - loss: 0.0044
[1m2/8[0m [32m━━━━━[0m[37m━━━━━━━━━━━━━━━[0m [1m0s[0m 103ms/step - loss: 0.0043
[1m3/8[0m [32m━━━━━━━[0m[37m━━━━━━━━━━━━━[0m [1m0s[0m 125ms/step - loss: 0.0051
[1m4/8[0m [32m━━━━━━━━━━[0m[37m━━━━━━━━━━[0m [1m0s[0m 112ms/step - loss: 0.0053
[1m5/8[0m [32m━━━━━━━━━━━━[0m[37m━━━━━━━━[0m [1m0s[0m 110ms/step - loss: 0.0055
[1m6/8[0m [32m━━━━━━━━━━━━━━━[0m[37m━━━━━[0m [1m0s[0m 117ms/step - loss: 0.0056
[1m7/8[0m [32m━━━━━━━━━━━━━━━━━[0m[37m━━━[0m [1m0s[0m 111ms/step - loss: 0.0057
[1m8/8[0m [32m━━━━━━━━━━━━━━━━━━━━[0m[37m[0m [1m0s[0m 111ms/step - loss: 0.0057
[1m8/8[0m [32m━━━━━━━━━━━━━━━━━━━━[0m[37m[0m [1m1s[0m 130ms/step - loss: 0.0059
Epoch 96/200

[1m1/8[0m [32m━━[0m[37m━━━━━━━━━━━━━━━━━━[0m [1m1s[0m 164ms/step - loss: 0.0043
[1m2/8[0m [32m━━━━━[0m[37m━━━━━━━━━━━━━━━[0m [1m0s[0m 51ms/step - loss: 0.0045 
[1m4/8[0m [32m━━━━━━━━━━[0m[37m━━━━━━━━━━[0m [1m0s[0m 45ms/step - loss: 0.0048
[1m6/8[0m [32m━━━━━━━━━━━━━━━[0m[37m━━━━━[0m [1m0s[0m 52ms/step - loss: 0.0049
[1m7/8[0m [32m━━━━━━━━━━━━━━━━━[0m[37m━━━[0m [1m0s[0m 78ms/step - loss: 0.0049
[1m8/8[0m [32m━━━━━━━━━━━━━━━━━━━━[0m[37m[0m [1m0s[0m 82ms/step - loss: 0.0049
[1m8/8[0m [32m━━━━━━━━━━━━━━━━━━━━[0m[37m[0m [1m1s[0m 108ms/step - loss: 0.0050
Epoch 97/200

[1m1/8[0m [32m━━[0m[37m━━━━━━━━━━━━━━━━━━[0m [1m1s[0m 184ms/step - loss: 0.0071
[1m2/8[0m [32m━━━━━[0m[37m━━━━━━━━━━━━━━━[0m [1m1s[0m 181ms/step - loss: 0.0063
[1m3/8[0m [32m━━━━━━━[0m[37m━━━━━━━━━━━━━[0m [1m0s[0m 123ms/step - loss: 0.0059
[1m4/8[0m [32m━━━━━━━━━━[0m[37m━━━━━━━━━━[0m [1m0s[0m 131ms/step - loss: 0.0057
[1m5/8[0m [32m━━━━━━━━━━━━[0m[37m━━━━━━━━[0m [1m0s[0m 145ms/step - loss: 0.0057
[1m6/8[0m [32m━━━━━━━━━━━━━━━[0m[37m━━━━━[0m [1m0s[0m 135ms/step - loss: 0.0056
[1m7/8[0m [32m━━━━━━━━━━━━━━━━━[0m[37m━━━[0m [1m0s[0m 127ms/step - loss: 0.0056
[1m8/8[0m [32m━━━━━━━━━━━━━━━━━━━━[0m[37m[0m [1m0s[0m 130ms/step - loss: 0.0055
[1m8/8[0m [32m━━━━━━━━━━━━━━━━━━━━[0m[37m[0m [1m1s[0m 143ms/step - loss: 0.0052
Epoch 98/200

[1m1/8[0m [32m━━[0m[37m━━━━━━━━━━━━━━━━━━[0m [1m1s[0m 217ms/step - loss: 0.0054
[1m2/8[0m [32m━━━━━[0m[37m━━━━━━━━━━━━━━━[0m [1m0s[0m 131ms/step - loss: 0.0060
[1m3/8[0m [32m━━━━━━━[0m[37m━━━━━━━━━━━━━[0m [1m0s[0m 102ms/step - loss: 0.0060
[1m4/8[0m [32m━━━━━━━━━━[0m[37m━━━━━━━━━━[0m [1m0s[0m 91ms/step - loss: 0.0061 
[1m5/8[0m [32m━━━━━━━━━━━━[0m[37m━━━━━━━━[0m [1m0s[0m 88ms/step - loss: 0.0062
[1m6/8[0m [32m━━━━━━━━━━━━━━━[0m[37m━━━━━[0m [1m0s[0m 81ms/step - loss: 0.0062
[1m7/8[0m [32m━━━━━━━━━━━━━━━━━[0m[37m━━━[0m [1m0s[0m 78ms/step - loss: 0.0062
[1m8/8[0m [32m━━━━━━━━━━━━━━━━━━━━[0m[37m[0m [1m0s[0m 75ms/step - loss: 0.0062
[1m8/8[0m [32m━━━━━━━━━━━━━━━━━━━━[0m[37m[0m [1m1s[0m 83ms/step - loss: 0.0062
Epoch 99/200

[1m1/8[0m [32m━━[0m[37m━━━━━━━━━━━━━━━━━━[0m [1m0s[0m 126ms/step - loss: 0.0064
[1m3/8[0m [32m━━━━━━━[0m[37m━━━━━━━━━━━━━[0m [1m0s[0m 32ms/step - loss: 0.0067 
[1m5/8[0m [32m━━━━━━━━━━━━[0m[37m━━━━━━━━[0m [1m0s[0m 35ms/step - loss: 0.0066
[1m7/8[0m [32m━━━━━━━━━━━━━━━━━[0m[37m━━━[0m [1m0s[0m 35ms/step - loss: 0.0067
[1m8/8[0m [32m━━━━━━━━━━━━━━━━━━━━[0m[37m[0m [1m0s[0m 37ms/step - loss: 0.0064
Epoch 100/200

[1m1/8[0m [32m━━[0m[37m━━━━━━━━━━━━━━━━━━[0m [1m0s[0m 90ms/step - loss: 0.0048
[1m3/8[0m [32m━━━━━━━[0m[37m━━━━━━━━━━━━━[0m [1m0s[0m 36ms/step - loss: 0.0062
[1m5/8[0m [32m━━━━━━━━━━━━[0m[37m━━━━━━━━[0m [1m0s[0m 42ms/step - loss: 0.0065
[1m7/8[0m [32m━━━━━━━━━━━━━━━━━[0m[37m━━━[0m [1m0s[0m 41ms/step - loss: 0.0064
[1m8/8[0m [32m━━━━━━━━━━━━━━━━━━━━[0m[37m[0m [1m0s[0m 48ms/step - loss: 0.0059
Epoch 101/200

[1m1/8[0m [32m━━[0m[37m━━━━━━━━━━━━━━━━━━[0m [1m0s[0m 76ms/step - loss: 0.0063
[1m2/8[0m [32m━━━━━[0m[37m━━━━━━━━━━━━━━━[0m [1m0s[0m 93ms/step - loss: 0.0077
[1m3/8[0m [32m━━━━━━━[0m[37m━━━━━━━━━━━━━[0m [1m0s[0m 102ms/step - loss: 0.0075
[1m4/8[0m [32m━━━━━━━━━━[0m[37m━━━━━━━━━━[0m [1m0s[0m 122ms/step - loss: 0.0073
[1m5/8[0m [32m━━━━━━━━━━━━[0m[37m━━━━━━━━[0m [1m0s[0m 114ms/step - loss: 0.0072
[1m7/8[0m [32m━━━━━━━━━━━━━━━━━[0m[37m━━━[0m [1m0s[0m 90ms/step - loss: 0.0068 
[1m8/8[0m [32m━━━━━━━━━━━━━━━━━━━━[0m[37m[0m [1m1s[0m 89ms/step - loss: 0.0054
Epoch 102/200

[1m1/8[0m [32m━━[0m[37m━━━━━━━━━━━━━━━━━━[0m [1m1s[0m 149ms/step - loss: 0.0059
[1m2/8[0m [32m━━━━━[0m[37m━━━━━━━━━━━━━━━[0m [1m0s[0m 81ms/step - loss: 0.0053 
[1m3/8[0m [32m━━━━━━━[0m[37m━━━━━━━━━━━━━[0m [1m0s[0m 71ms/step - loss: 0.0049
[1m4/8[0m [32m━━━━━━━━━━[0m[37m━━━━━━━━━━[0m [1m0s[0m 73ms/step - loss: 0.0050
[1m5/8[0m [32m━━━━━━━━━━━━[0m[37m━━━━━━━━[0m [1m0s[0m 74ms/step - loss: 0.0051
[1m6/8[0m [32m━━━━━━━━━━━━━━━[0m[37m━━━━━[0m [1m0s[0m 77ms/step - loss: 0.0052
[1m7/8[0m [32m━━━━━━━━━━━━━━━━━[0m[37m━━━[0m [1m0s[0m 76ms/step - loss: 0.0052
[1m8/8[0m [32m━━━━━━━━━━━━━━━━━━━━[0m[37m[0m [1m0s[0m 73ms/step - loss: 0.0053
[1m8/8[0m [32m━━━━━━━━━━━━━━━━━━━━[0m[37m[0m [1m1s[0m 92ms/step - loss: 0.0057
Epoch 103/200

[1m1/8[0m [32m━━[0m[37m━━━━━━━━━━━━━━━━━━[0m [1m1s[0m 156ms/step - loss: 0.0028
[1m3/8[0m [32m━━━━━━━[0m[37m━━━━━━━━━━━━━[0m [1m0s[0m 54ms/step - loss: 0.0038 
[1m5/8[0m [32m━━━━━━━━━━━━[0m[37m━━━━━━━━[0m [1m0s[0m 48ms/step - loss: 0.0043
[1m7/8[0m [32m━━━━━━━━━━━━━━━━━[0m[37m━━━[0m [1m0s[0m 46ms/step - loss: 0.0047
[1m8/8[0m [32m━━━━━━━━━━━━━━━━━━━━[0m[37m[0m [1m0s[0m 49ms/step - loss: 0.0048
[1m8/8[0m [32m━━━━━━━━━━━━━━━━━━━━[0m[37m[0m [1m1s[0m 56ms/step - loss: 0.0057
Epoch 104/200

[1m1/8[0m [32m━━[0m[37m━━━━━━━━━━━━━━━━━━[0m [1m1s[0m 160ms/step - loss: 0.0059
[1m2/8[0m [32m━━━━━[0m[37m━━━━━━━━━━━━━━━[0m [1m0s[0m 82ms/step - loss: 0.0066 
[1m3/8[0m [32m━━━━━━━[0m[37m━━━━━━━━━━━━━[0m [1m0s[0m 77ms/step - loss: 0.0066
[1m4/8[0m [32m━━━━━━━━━━[0m[37m━━━━━━━━━━[0m [1m0s[0m 80ms/step - loss: 0.0065
[1m5/8[0m [32m━━━━━━━━━━━━[0m[37m━━━━━━━━[0m [1m0s[0m 93ms/step - loss: 0.0064
[1m6/8[0m [32m━━━━━━━━━━━━━━━[0m[37m━━━━━[0m [1m0s[0m 112ms/step - loss: 0.0062
[1m7/8[0m [32m━━━━━━━━━━━━━━━━━[0m[37m━━━[0m [1m0s[0m 117ms/step - loss: 0.0062
[1m8/8[0m [32m━━━━━━━━━━━━━━━━━━━━[0m[37m[0m [1m0s[0m 112ms/step - loss: 0.0061
[1m8/8[0m [32m━━━━━━━━━━━━━━━━━━━━[0m[37m[0m [1m1s[0m 131ms/step - loss: 0.0057
Epoch 105/200

[1m1/8[0m [32m━━[0m[37m━━━━━━━━━━━━━━━━━━[0m [1m0s[0m 135ms/step - loss: 0.0037
[1m2/8[0m [32m━━━━━[0m[37m━━━━━━━━━━━━━━━[0m [1m0s[0m 61ms/step - loss: 0.0052 
[1m3/8[0m [32m━━━━━━━[0m[37m━━━━━━━━━━━━━[0m [1m0s[0m 57ms/step - loss: 0.0058
[1m4/8[0m [32m━━━━━━━━━━[0m[37m━━━━━━━━━━[0m [1m0s[0m 56ms/step - loss: 0.0060
[1m5/8[0m [32m━━━━━━━━━━━━[0m[37m━━━━━━━━[0m [1m0s[0m 64ms/step - loss: 0.0060
[1m6/8[0m [32m━━━━━━━━━━━━━━━[0m[37m━━━━━[0m [1m0s[0m 62ms/step - loss: 0.0060
[1m7/8[0m [32m━━━━━━━━━━━━━━━━━[0m[37m━━━[0m [1m0s[0m 79ms/step - loss: 0.0059
[1m8/8[0m [32m━━━━━━━━━━━━━━━━━━━━[0m[37m[0m [1m0s[0m 83ms/step - loss: 0.0058
[1m8/8[0m [32m━━━━━━━━━━━━━━━━━━━━[0m[37m[0m [1m1s[0m 99ms/step - loss: 0.0055
Epoch 106/200

[1m1/8[0m [32m━━[0m[37m━━━━━━━━━━━━━━━━━━[0m [1m1s[0m 187ms/step - loss: 0.0060
[1m3/8[0m [32m━━━━━━━[0m[37m━━━━━━━━━━━━━[0m [1m0s[0m 40ms/step - loss: 0.0060 
[1m5/8[0m [32m━━━━━━━━━━━━[0m[37m━━━━━━━━[0m [1m0s[0m 39ms/step - loss: 0.0055
[1m7/8[0m [32m━━━━━━━━━━━━━━━━━[0m[37m━━━[0m [1m0s[0m 38ms/step - loss: 0.0052
[1m8/8[0m [32m━━━━━━━━━━━━━━━━━━━━[0m[37m[0m [1m1s[0m 53ms/step - loss: 0.0049
Epoch 107/200

[1m1/8[0m [32m━━[0m[37m━━━━━━━━━━━━━━━━━━[0m [1m1s[0m 156ms/step - loss: 0.0033
[1m3/8[0m [32m━━━━━━━[0m[37m━━━━━━━━━━━━━[0m [1m0s[0m 39ms/step - loss: 0.0029 
[1m5/8[0m [32m━━━━━━━━━━━━[0m[37m━━━━━━━━[0m [1m0s[0m 37ms/step - loss: 0.0032
[1m6/8[0m [32m━━━━━━━━━━━━━━━[0m[37m━━━━━[0m [1m0s[0m 41ms/step - loss: 0.0033
[1m7/8[0m [32m━━━━━━━━━━━━━━━━━[0m[37m━━━[0m [1m0s[0m 44ms/step - loss: 0.0035
[1m8/8[0m [32m━━━━━━━━━━━━━━━━━━━━[0m[37m[0m [1m1s[0m 52ms/step - loss: 0.0051
Epoch 108/200

[1m1/8[0m [32m━━[0m[37m━━━━━━━━━━━━━━━━━━[0m [1m0s[0m 114ms/step - loss: 0.0045
[1m3/8[0m [32m━━━━━━━[0m[37m━━━━━━━━━━━━━[0m [1m0s[0m 28ms/step - loss: 0.0059 
[1m5/8[0m [32m━━━━━━━━━━━━[0m[37m━━━━━━━━[0m [1m0s[0m 32ms/step - loss: 0.0057
[1m7/8[0m [32m━━━━━━━━━━━━━━━━━[0m[37m━━━[0m [1m0s[0m 35ms/step - loss: 0.0059
[1m8/8[0m [32m━━━━━━━━━━━━━━━━━━━━[0m[37m[0m [1m0s[0m 49ms/step - loss: 0.0058
Epoch 109/200

[1m1/8[0m [32m━━[0m[37m━━━━━━━━━━━━━━━━━━[0m [1m1s[0m 157ms/step - loss: 0.0042
[1m2/8[0m [32m━━━━━[0m[37m━━━━━━━━━━━━━━━[0m [1m0s[0m 113ms/step - loss: 0.0049
[1m3/8[0m [32m━━━━━━━[0m[37m━━━━━━━━━━━━━[0m [1m0s[0m 95ms/step - loss: 0.0056 
[1m4/8[0m [32m━━━━━━━━━━[0m[37m━━━━━━━━━━[0m [1m0s[0m 97ms/step - loss: 0.0056
[1m5/8[0m [32m━━━━━━━━━━━━[0m[37m━━━━━━━━[0m [1m0s[0m 94ms/step - loss: 0.0057
[1m6/8[0m [32m━━━━━━━━━━━━━━━[0m[37m━━━━━[0m [1m0s[0m 87ms/step - loss: 0.0059
[1m7/8[0m [32m━━━━━━━━━━━━━━━━━[0m[37m━━━[0m [1m0s[0m 83ms/step - loss: 0.0060
[1m8/8[0m [32m━━━━━━━━━━━━━━━━━━━━[0m[37m[0m [1m0s[0m 82ms/step - loss: 0.0060
[1m8/8[0m [32m━━━━━━━━━━━━━━━━━━━━[0m[37m[0m [1m1s[0m 92ms/step - loss: 0.0063
Epoch 110/200

[1m1/8[0m [32m━━[0m[37m━━━━━━━━━━━━━━━━━━[0m [1m1s[0m 188ms/step - loss: 0.0053
[1m3/8[0m [32m━━━━━━━[0m[37m━━━━━━━━━━━━━[0m [1m0s[0m 44ms/step - loss: 0.0064 
[1m4/8[0m [32m━━━━━━━━━━[0m[37m━━━━━━━━━━[0m [1m0s[0m 63ms/step - loss: 0.0064
[1m5/8[0m [32m━━━━━━━━━━━━[0m[37m━━━━━━━━[0m [1m0s[0m 63ms/step - loss: 0.0065
[1m6/8[0m [32m━━━━━━━━━━━━━━━[0m[37m━━━━━[0m [1m0s[0m 64ms/step - loss: 0.0065
[1m7/8[0m [32m━━━━━━━━━━━━━━━━━[0m[37m━━━[0m [1m0s[0m 70ms/step - loss: 0.0065
[1m8/8[0m [32m━━━━━━━━━━━━━━━━━━━━[0m[37m[0m [1m0s[0m 67ms/step - loss: 0.0065
[1m8/8[0m [32m━━━━━━━━━━━━━━━━━━━━[0m[37m[0m [1m1s[0m 89ms/step - loss: 0.0063
Epoch 111/200

[1m1/8[0m [32m━━[0m[37m━━━━━━━━━━━━━━━━━━[0m [1m0s[0m 134ms/step - loss: 0.0043
[1m2/8[0m [32m━━━━━[0m[37m━━━━━━━━━━━━━━━[0m [1m0s[0m 66ms/step - loss: 0.0049 
[1m3/8[0m [32m━━━━━━━[0m[37m━━━━━━━━━━━━━[0m [1m0s[0m 71ms/step - loss: 0.0053
[1m4/8[0m [32m━━━━━━━━━━[0m[37m━━━━━━━━━━[0m [1m0s[0m 67ms/step - loss: 0.0054
[1m6/8[0m [32m━━━━━━━━━━━━━━━[0m[37m━━━━━[0m [1m0s[0m 56ms/step - loss: 0.0054
[1m7/8[0m [32m━━━━━━━━━━━━━━━━━[0m[37m━━━[0m [1m0s[0m 56ms/step - loss: 0.0055
[1m8/8[0m [32m━━━━━━━━━━━━━━━━━━━━[0m[37m[0m [1m1s[0m 63ms/step - loss: 0.0059
Epoch 112/200

[1m1/8[0m [32m━━[0m[37m━━━━━━━━━━━━━━━━━━[0m [1m0s[0m 113ms/step - loss: 0.0038
[1m2/8[0m [32m━━━━━[0m[37m━━━━━━━━━━━━━━━[0m [1m0s[0m 54ms/step - loss: 0.0040 
[1m4/8[0m [32m━━━━━━━━━━[0m[37m━━━━━━━━━━[0m [1m0s[0m 48ms/step - loss: 0.0042
[1m6/8[0m [32m━━━━━━━━━━━━━━━[0m[37m━━━━━[0m [1m0s[0m 49ms/step - loss: 0.0043
[1m7/8[0m [32m━━━━━━━━━━━━━━━━━[0m[37m━━━[0m [1m0s[0m 50ms/step - loss: 0.0044
[1m8/8[0m [32m━━━━━━━━━━━━━━━━━━━━[0m[37m[0m [1m1s[0m 58ms/step - loss: 0.0052
Epoch 113/200

[1m1/8[0m [32m━━[0m[37m━━━━━━━━━━━━━━━━━━[0m [1m0s[0m 112ms/step - loss: 0.0041
[1m3/8[0m [32m━━━━━━━[0m[37m━━━━━━━━━━━━━[0m [1m0s[0m 49ms/step - loss: 0.0054 
[1m4/8[0m [32m━━━━━━━━━━[0m[37m━━━━━━━━━━[0m [1m0s[0m 50ms/step - loss: 0.0054
[1m5/8[0m [32m━━━━━━━━━━━━[0m[37m━━━━━━━━[0m [1m0s[0m 96ms/step - loss: 0.0054
[1m6/8[0m [32m━━━━━━━━━━━━━━━[0m[37m━━━━━[0m [1m0s[0m 94ms/step - loss: 0.0055
[1m7/8[0m [32m━━━━━━━━━━━━━━━━━[0m[37m━━━[0m [1m0s[0m 96ms/step - loss: 0.0057
[1m8/8[0m [32m━━━━━━━━━━━━━━━━━━━━[0m[37m[0m [1m0s[0m 99ms/step - loss: 0.0058
[1m8/8[0m [32m━━━━━━━━━━━━━━━━━━━━[0m[37m[0m [1m1s[0m 124ms/step - loss: 0.0064
Epoch 114/200

[1m1/8[0m [32m━━[0m[37m━━━━━━━━━━━━━━━━━━[0m [1m1s[0m 154ms/step - loss: 0.0015
[1m2/8[0m [32m━━━━━[0m[37m━━━━━━━━━━━━━━━[0m [1m0s[0m 63ms/step - loss: 0.0030 
[1m3/8[0m [32m━━━━━━━[0m[37m━━━━━━━━━━━━━[0m [1m0s[0m 85ms/step - loss: 0.0038
[1m4/8[0m [32m━━━━━━━━━━[0m[37m━━━━━━━━━━[0m [1m0s[0m 82ms/step - loss: 0.0043
[1m5/8[0m [32m━━━━━━━━━━━━[0m[37m━━━━━━━━[0m [1m0s[0m 82ms/step - loss: 0.0046
[1m6/8[0m [32m━━━━━━━━━━━━━━━[0m[37m━━━━━[0m [1m0s[0m 78ms/step - loss: 0.0048
[1m7/8[0m [32m━━━━━━━━━━━━━━━━━[0m[37m━━━[0m [1m0s[0m 74ms/step - loss: 0.0050
[1m8/8[0m [32m━━━━━━━━━━━━━━━━━━━━[0m[37m[0m [1m1s[0m 84ms/step - loss: 0.0057
Epoch 115/200

[1m1/8[0m [32m━━[0m[37m━━━━━━━━━━━━━━━━━━[0m [1m1s[0m 161ms/step - loss: 0.0041
[1m2/8[0m [32m━━━━━[0m[37m━━━━━━━━━━━━━━━[0m [1m0s[0m 59ms/step - loss: 0.0049 
[1m4/8[0m [32m━━━━━━━━━━[0m[37m━━━━━━━━━━[0m [1m0s[0m 57ms/step - loss: 0.0053
[1m5/8[0m [32m━━━━━━━━━━━━[0m[37m━━━━━━━━[0m [1m0s[0m 64ms/step - loss: 0.0055
[1m6/8[0m [32m━━━━━━━━━━━━━━━[0m[37m━━━━━[0m [1m0s[0m 63ms/step - loss: 0.0056
[1m8/8[0m [32m━━━━━━━━━━━━━━━━━━━━[0m[37m[0m [1m0s[0m 54ms/step - loss: 0.0056
[1m8/8[0m [32m━━━━━━━━━━━━━━━━━━━━[0m[37m[0m [1m1s[0m 59ms/step - loss: 0.0055
Epoch 116/200

[1m1/8[0m [32m━━[0m[37m━━━━━━━━━━━━━━━━━━[0m [1m0s[0m 88ms/step - loss: 0.0050
[1m3/8[0m [32m━━━━━━━[0m[37m━━━━━━━━━━━━━[0m [1m0s[0m 30ms/step - loss: 0.0045
[1m4/8[0m [32m━━━━━━━━━━[0m[37m━━━━━━━━━━[0m [1m0s[0m 44ms/step - loss: 0.0042
[1m5/8[0m [32m━━━━━━━━━━━━[0m[37m━━━━━━━━[0m [1m0s[0m 52ms/step - loss: 0.0042
[1m6/8[0m [32m━━━━━━━━━━━━━━━[0m[37m━━━━━[0m [1m0s[0m 52ms/step - loss: 0.0042
[1m7/8[0m [32m━━━━━━━━━━━━━━━━━[0m[37m━━━[0m [1m0s[0m 55ms/step - loss: 0.0043
[1m8/8[0m [32m━━━━━━━━━━━━━━━━━━━━[0m[37m[0m [1m1s[0m 60ms/step - loss: 0.0051
Epoch 117/200

[1m1/8[0m [32m━━[0m[37m━━━━━━━━━━━━━━━━━━[0m [1m1s[0m 215ms/step - loss: 0.0055
[1m2/8[0m [32m━━━━━[0m[37m━━━━━━━━━━━━━━━[0m [1m0s[0m 78ms/step - loss: 0.0050 
[1m3/8[0m [32m━━━━━━━[0m[37m━━━━━━━━━━━━━[0m [1m0s[0m 86ms/step - loss: 0.0047
[1m4/8[0m [32m━━━━━━━━━━[0m[37m━━━━━━━━━━[0m [1m0s[0m 115ms/step - loss: 0.0045
[1m5/8[0m [32m━━━━━━━━━━━━[0m[37m━━━━━━━━[0m [1m0s[0m 103ms/step - loss: 0.0045
[1m6/8[0m [32m━━━━━━━━━━━━━━━[0m[37m━━━━━[0m [1m0s[0m 93ms/step - loss: 0.0044 
[1m7/8[0m [32m━━━━━━━━━━━━━━━━━[0m[37m━━━[0m [1m0s[0m 87ms/step - loss: 0.0044
[1m8/8[0m [32m━━━━━━━━━━━━━━━━━━━━[0m[37m[0m [1m0s[0m 82ms/step - loss: 0.0045
[1m8/8[0m [32m━━━━━━━━━━━━━━━━━━━━[0m[37m[0m [1m1s[0m 92ms/step - loss: 0.0047
Epoch 118/200

[1m1/8[0m [32m━━[0m[37m━━━━━━━━━━━━━━━━━━[0m [1m1s[0m 145ms/step - loss: 0.0066
[1m3/8[0m [32m━━━━━━━[0m[37m━━━━━━━━━━━━━[0m [1m0s[0m 42ms/step - loss: 0.0064 
[1m4/8[0m [32m━━━━━━━━━━[0m[37m━━━━━━━━━━[0m [1m0s[0m 51ms/step - loss: 0.0062
[1m5/8[0m [32m━━━━━━━━━━━━[0m[37m━━━━━━━━[0m [1m0s[0m 63ms/step - loss: 0.0060
[1m6/8[0m [32m━━━━━━━━━━━━━━━[0m[37m━━━━━[0m [1m0s[0m 63ms/step - loss: 0.0059
[1m7/8[0m [32m━━━━━━━━━━━━━━━━━[0m[37m━━━[0m [1m0s[0m 64ms/step - loss: 0.0059
[1m8/8[0m [32m━━━━━━━━━━━━━━━━━━━━[0m[37m[0m [1m0s[0m 65ms/step - loss: 0.0059
[1m8/8[0m [32m━━━━━━━━━━━━━━━━━━━━[0m[37m[0m [1m1s[0m 81ms/step - loss: 0.0057
Epoch 119/200

[1m1/8[0m [32m━━[0m[37m━━━━━━━━━━━━━━━━━━[0m [1m1s[0m 198ms/step - loss: 0.0041
[1m2/8[0m [32m━━━━━[0m[37m━━━━━━━━━━━━━━━[0m [1m0s[0m 90ms/step - loss: 0.0037 
[1m3/8[0m [32m━━━━━━━[0m[37m━━━━━━━━━━━━━[0m [1m0s[0m 71ms/step - loss: 0.0038
[1m5/8[0m [32m━━━━━━━━━━━━[0m[37m━━━━━━━━[0m [1m0s[0m 89ms/step - loss: 0.0042
[1m6/8[0m [32m━━━━━━━━━━━━━━━[0m[37m━━━━━[0m [1m0s[0m 83ms/step - loss: 0.0043
[1m7/8[0m [32m━━━━━━━━━━━━━━━━━[0m[37m━━━[0m [1m0s[0m 90ms/step - loss: 0.0044
[1m8/8[0m [32m━━━━━━━━━━━━━━━━━━━━[0m[37m[0m [1m0s[0m 91ms/step - loss: 0.0045
[1m8/8[0m [32m━━━━━━━━━━━━━━━━━━━━[0m[37m[0m [1m1s[0m 114ms/step - loss: 0.0050
Epoch 120/200

[1m1/8[0m [32m━━[0m[37m━━━━━━━━━━━━━━━━━━[0m [1m1s[0m 265ms/step - loss: 0.0036
[1m3/8[0m [32m━━━━━━━[0m[37m━━━━━━━━━━━━━[0m [1m0s[0m 37ms/step - loss: 0.0036 
[1m5/8[0m [32m━━━━━━━━━━━━[0m[37m━━━━━━━━[0m [1m0s[0m 34ms/step - loss: 0.0043
[1m7/8[0m [32m━━━━━━━━━━━━━━━━━[0m[37m━━━[0m [1m0s[0m 37ms/step - loss: 0.0046
[1m8/8[0m [32m━━━━━━━━━━━━━━━━━━━━[0m[37m[0m [1m0s[0m 39ms/step - loss: 0.0047
[1m8/8[0m [32m━━━━━━━━━━━━━━━━━━━━[0m[37m[0m [1m1s[0m 47ms/step - loss: 0.0057
Epoch 121/200

[1m1/8[0m [32m━━[0m[37m━━━━━━━━━━━━━━━━━━[0m [1m0s[0m 98ms/step - loss: 0.0032
[1m3/8[0m [32m━━━━━━━[0m[37m━━━━━━━━━━━━━[0m [1m0s[0m 45ms/step - loss: 0.0032
[1m5/8[0m [32m━━━━━━━━━━━━[0m[37m━━━━━━━━[0m [1m0s[0m 38ms/step - loss: 0.0034
[1m7/8[0m [32m━━━━━━━━━━━━━━━━━[0m[37m━━━[0m [1m0s[0m 36ms/step - loss: 0.0037
[1m8/8[0m [32m━━━━━━━━━━━━━━━━━━━━[0m[37m[0m [1m0s[0m 43ms/step - loss: 0.0049
Epoch 122/200

[1m1/8[0m [32m━━[0m[37m━━━━━━━━━━━━━━━━━━[0m [1m0s[0m 131ms/step - loss: 0.0098
[1m3/8[0m [32m━━━━━━━[0m[37m━━━━━━━━━━━━━[0m [1m0s[0m 40ms/step - loss: 0.0076 
[1m5/8[0m [32m━━━━━━━━━━━━[0m[37m━━━━━━━━[0m [1m0s[0m 40ms/step - loss: 0.0069
[1m7/8[0m [32m━━━━━━━━━━━━━━━━━[0m[37m━━━[0m [1m0s[0m 43ms/step - loss: 0.0067
[1m8/8[0m [32m━━━━━━━━━━━━━━━━━━━━[0m[37m[0m [1m0s[0m 45ms/step - loss: 0.0066
[1m8/8[0m [32m━━━━━━━━━━━━━━━━━━━━[0m[37m[0m [1m1s[0m 60ms/step - loss: 0.0059
Epoch 123/200

[1m1/8[0m [32m━━[0m[37m━━━━━━━━━━━━━━━━━━[0m [1m0s[0m 142ms/step - loss: 0.0066
[1m2/8[0m [32m━━━━━[0m[37m━━━━━━━━━━━━━━━[0m [1m0s[0m 50ms/step - loss: 0.0062 
[1m4/8[0m [32m━━━━━━━━━━[0m[37m━━━━━━━━━━[0m [1m0s[0m 47ms/step - loss: 0.0059
[1m5/8[0m [32m━━━━━━━━━━━━[0m[37m━━━━━━━━[0m [1m0s[0m 51ms/step - loss: 0.0057
[1m6/8[0m [32m━━━━━━━━━━━━━━━[0m[37m━━━━━[0m [1m0s[0m 55ms/step - loss: 0.0056
[1m7/8[0m [32m━━━━━━━━━━━━━━━━━[0m[37m━━━[0m [1m0s[0m 58ms/step - loss: 0.0055
[1m8/8[0m [32m━━━━━━━━━━━━━━━━━━━━[0m[37m[0m [1m0s[0m 61ms/step - loss: 0.0055
[1m8/8[0m [32m━━━━━━━━━━━━━━━━━━━━[0m[37m[0m [1m1s[0m 78ms/step - loss: 0.0054
Epoch 124/200

[1m1/8[0m [32m━━[0m[37m━━━━━━━━━━━━━━━━━━[0m [1m2s[0m 312ms/step - loss: 0.0056
[1m2/8[0m [32m━━━━━[0m[37m━━━━━━━━━━━━━━━[0m [1m0s[0m 134ms/step - loss: 0.0051
[1m3/8[0m [32m━━━━━━━[0m[37m━━━━━━━━━━━━━[0m [1m0s[0m 96ms/step - loss: 0.0050 
[1m4/8[0m [32m━━━━━━━━━━[0m[37m━━━━━━━━━━[0m [1m0s[0m 82ms/step - loss: 0.0050
[1m6/8[0m [32m━━━━━━━━━━━━━━━[0m[37m━━━━━[0m [1m0s[0m 65ms/step - loss: 0.0051
[1m8/8[0m [32m━━━━━━━━━━━━━━━━━━━━[0m[37m[0m [1m0s[0m 55ms/step - loss: 0.0053
[1m8/8[0m [32m━━━━━━━━━━━━━━━━━━━━[0m[37m[0m [1m1s[0m 61ms/step - loss: 0.0057
Epoch 125/200

[1m1/8[0m [32m━━[0m[37m━━━━━━━━━━━━━━━━━━[0m [1m1s[0m 280ms/step - loss: 0.0034
[1m2/8[0m [32m━━━━━[0m[37m━━━━━━━━━━━━━━━[0m [1m0s[0m 82ms/step - loss: 0.0036 
[1m3/8[0m [32m━━━━━━━[0m[37m━━━━━━━━━━━━━[0m [1m0s[0m 116ms/step - loss: 0.0039
[1m4/8[0m [32m━━━━━━━━━━[0m[37m━━━━━━━━━━[0m [1m0s[0m 118ms/step - loss: 0.0040
[1m5/8[0m [32m━━━━━━━━━━━━[0m[37m━━━━━━━━[0m [1m0s[0m 107ms/step - loss: 0.0040
[1m6/8[0m [32m━━━━━━━━━━━━━━━[0m[37m━━━━━[0m [1m0s[0m 103ms/step - loss: 0.0041
[1m8/8[0m [32m━━━━━━━━━━━━━━━━━━━━[0m[37m[0m [1m0s[0m 84ms/step - loss: 0.0044 
[1m8/8[0m [32m━━━━━━━━━━━━━━━━━━━━[0m[37m[0m [1m1s[0m 112ms/step - loss: 0.0053
Epoch 126/200

[1m1/8[0m [32m━━[0m[37m━━━━━━━━━━━━━━━━━━[0m [1m1s[0m 221ms/step - loss: 0.0026
[1m2/8[0m [32m━━━━━[0m[37m━━━━━━━━━━━━━━━[0m [1m0s[0m 91ms/step - loss: 0.0035 
[1m3/8[0m [32m━━━━━━━[0m[37m━━━━━━━━━━━━━[0m [1m0s[0m 88ms/step - loss: 0.0039
[1m4/8[0m [32m━━━━━━━━━━[0m[37m━━━━━━━━━━[0m [1m0s[0m 81ms/step - loss: 0.0040
[1m5/8[0m [32m━━━━━━━━━━━━[0m[37m━━━━━━━━[0m [1m0s[0m 85ms/step - loss: 0.0044
[1m6/8[0m [32m━━━━━━━━━━━━━━━[0m[37m━━━━━[0m [1m0s[0m 81ms/step - loss: 0.0045
[1m8/8[0m [32m━━━━━━━━━━━━━━━━━━━━[0m[37m[0m [1m0s[0m 76ms/step - loss: 0.0046
[1m8/8[0m [32m━━━━━━━━━━━━━━━━━━━━[0m[37m[0m [1m1s[0m 107ms/step - loss: 0.0050
Epoch 127/200

[1m1/8[0m [32m━━[0m[37m━━━━━━━━━━━━━━━━━━[0m [1m3s[0m 505ms/step - loss: 0.0077
[1m2/8[0m [32m━━━━━[0m[37m━━━━━━━━━━━━━━━[0m [1m1s[0m 317ms/step - loss: 0.0071
[1m3/8[0m [32m━━━━━━━[0m[37m━━━━━━━━━━━━━[0m [1m1s[0m 252ms/step - loss: 0.0065
[1m4/8[0m [32m━━━━━━━━━━[0m[37m━━━━━━━━━━[0m [1m0s[0m 191ms/step - loss: 0.0061
[1m5/8[0m [32m━━━━━━━━━━━━[0m[37m━━━━━━━━[0m [1m0s[0m 168ms/step - loss: 0.0058
[1m6/8[0m [32m━━━━━━━━━━━━━━━[0m[37m━━━━━[0m [1m0s[0m 152ms/step - loss: 0.0058
[1m7/8[0m [32m━━━━━━━━━━━━━━━━━[0m[37m━━━[0m [1m0s[0m 138ms/step - loss: 0.0057
[1m8/8[0m [32m━━━━━━━━━━━━━━━━━━━━[0m[37m[0m [1m0s[0m 128ms/step - loss: 0.0057
[1m8/8[0m [32m━━━━━━━━━━━━━━━━━━━━[0m[37m[0m [1m2s[0m 143ms/step - loss: 0.0055
Epoch 128/200

[1m1/8[0m [32m━━[0m[37m━━━━━━━━━━━━━━━━━━[0m [1m4s[0m 676ms/step - loss: 0.0052
[1m2/8[0m [32m━━━━━[0m[37m━━━━━━━━━━━━━━━[0m [1m1s[0m 176ms/step - loss: 0.0053
[1m3/8[0m [32m━━━━━━━[0m[37m━━━━━━━━━━━━━[0m [1m1s[0m 268ms/step - loss: 0.0055
[1m4/8[0m [32m━━━━━━━━━━[0m[37m━━━━━━━━━━[0m [1m1s[0m 252ms/step - loss: 0.0055
[1m5/8[0m [32m━━━━━━━━━━━━[0m[37m━━━━━━━━[0m [1m0s[0m 245ms/step - loss: 0.0054
[1m6/8[0m [32m━━━━━━━━━━━━━━━[0m[37m━━━━━[0m [1m0s[0m 209ms/step - loss: 0.0054
[1m7/8[0m [32m━━━━━━━━━━━━━━━━━[0m[37m━━━[0m [1m0s[0m 222ms/step - loss: 0.0054
[1m8/8[0m [32m━━━━━━━━━━━━━━━━━━━━[0m[37m[0m [1m0s[0m 216ms/step - loss: 0.0053
[1m8/8[0m [32m━━━━━━━━━━━━━━━━━━━━[0m[37m[0m [1m2s[0m 230ms/step - loss: 0.0051
Epoch 129/200

[1m1/8[0m [32m━━[0m[37m━━━━━━━━━━━━━━━━━━[0m [1m10s[0m 1s/step - loss: 0.0055
[1m3/8[0m [32m━━━━━━━[0m[37m━━━━━━━━━━━━━[0m [1m0s[0m 34ms/step - loss: 0.0055
[1m5/8[0m [32m━━━━━━━━━━━━[0m[37m━━━━━━━━[0m [1m0s[0m 34ms/step - loss: 0.0058
[1m7/8[0m [32m━━━━━━━━━━━━━━━━━[0m[37m━━━[0m [1m0s[0m 71ms/step - loss: 0.0058
[1m8/8[0m [32m━━━━━━━━━━━━━━━━━━━━[0m[37m[0m [1m2s[0m 80ms/step - loss: 0.0058
Epoch 130/200

[1m1/8[0m [32m━━[0m[37m━━━━━━━━━━━━━━━━━━[0m [1m13s[0m 2s/step - loss: 0.0065
[1m2/8[0m [32m━━━━━[0m[37m━━━━━━━━━━━━━━━[0m [1m4s[0m 740ms/step - loss: 0.0074
[1m4/8[0m [32m━━━━━━━━━━[0m[37m━━━━━━━━━━[0m [1m1s[0m 319ms/step - loss: 0.0073
[1m5/8[0m [32m━━━━━━━━━━━━[0m[37m━━━━━━━━[0m [1m1s[0m 373ms/step - loss: 0.0072
[1m6/8[0m [32m━━━━━━━━━━━━━━━[0m[37m━━━━━[0m [1m0s[0m 310ms/step - loss: 0.0070
[1m8/8[0m [32m━━━━━━━━━━━━━━━━━━━━[0m[37m[0m [1m0s[0m 235ms/step - loss: 0.0068
[1m8/8[0m [32m━━━━━━━━━━━━━━━━━━━━[0m[37m[0m [1m4s[0m 244ms/step - loss: 0.0059
Epoch 131/200

[1m1/8[0m [32m━━[0m[37m━━━━━━━━━━━━━━━━━━[0m [1m13s[0m 2s/step - loss: 0.0019
[1m2/8[0m [32m━━━━━[0m[37m━━━━━━━━━━━━━━━[0m [1m1s[0m 221ms/step - loss: 0.0025
[1m3/8[0m [32m━━━━━━━[0m[37m━━━━━━━━━━━━━[0m [1m1s[0m 360ms/step - loss: 0.0030
[1m4/8[0m [32m━━━━━━━━━━[0m[37m━━━━━━━━━━[0m [1m1s[0m 382ms/step - loss: 0.0035
[1m5/8[0m [32m━━━━━━━━━━━━[0m[37m━━━━━━━━[0m [1m1s[0m 571ms/step - loss: 0.0037
[1m6/8[0m [32m━━━━━━━━━━━━━━━[0m[37m━━━━━[0m [1m1s[0m 555ms/step - loss: 0.0039
[1m7/8[0m [32m━━━━━━━━━━━━━━━━━[0m[37m━━━[0m [1m0s[0m 490ms/step - loss: 0.0040
[1m8/8[0m [32m━━━━━━━━━━━━━━━━━━━━[0m[37m[0m [1m0s[0m 428ms/step - loss: 0.0042
[1m8/8[0m [32m━━━━━━━━━━━━━━━━━━━━[0m[37m[0m [1m5s[0m 493ms/step - loss: 0.0051
Epoch 132/200

[1m1/8[0m [32m━━[0m[37m━━━━━━━━━━━━━━━━━━[0m [1m5s[0m 781ms/step - loss: 0.0105
[1m2/8[0m [32m━━━━━[0m[37m━━━━━━━━━━━━━━━[0m [1m0s[0m 63ms/step - loss: 0.0089 
[1m3/8[0m [32m━━━━━━━[0m[37m━━━━━━━━━━━━━[0m [1m1s[0m 335ms/step - loss: 0.0079
[1m4/8[0m [32m━━━━━━━━━━[0m[37m━━━━━━━━━━[0m [1m1s[0m 285ms/step - loss: 0.0073
[1m5/8[0m [32m━━━━━━━━━━━━[0m[37m━━━━━━━━[0m [1m1s[0m 490ms/step - loss: 0.0069
[1m6/8[0m [32m━━━━━━━━━━━━━━━[0m[37m━━━━━[0m [1m0s[0m 433ms/step - loss: 0.0066
[1m8/8[0m [32m━━━━━━━━━━━━━━━━━━━━[0m[37m[0m [1m0s[0m 317ms/step - loss: 0.0062
[1m8/8[0m [32m━━━━━━━━━━━━━━━━━━━━[0m[37m[0m [1m3s[0m 329ms/step - loss: 0.0050
Epoch 133/200

[1m1/8[0m [32m━━[0m[37m━━━━━━━━━━━━━━━━━━[0m [1m9s[0m 1s/step - loss: 0.0032
[1m2/8[0m [32m━━━━━[0m[37m━━━━━━━━━━━━━━━[0m [1m1s[0m 262ms/step - loss: 0.0051
[1m4/8[0m [32m━━━━━━━━━━[0m[37m━━━━━━━━━━[0m [1m0s[0m 120ms/step - loss: 0.0053
[1m6/8[0m [32m━━━━━━━━━━━━━━━[0m[37m━━━━━[0m [1m0s[0m 91ms/step - loss: 0.0055 
[1m8/8[0m [32m━━━━━━━━━━━━━━━━━━━━[0m[37m[0m [1m0s[0m 81ms/step - loss: 0.0055
[1m8/8[0m [32m━━━━━━━━━━━━━━━━━━━━[0m[37m[0m [1m2s[0m 92ms/step - loss: 0.0054
Epoch 134/200

[1m1/8[0m [32m━━[0m[37m━━━━━━━━━━━━━━━━━━[0m [1m3s[0m 547ms/step - loss: 0.0045
[1m2/8[0m [32m━━━━━[0m[37m━━━━━━━━━━━━━━━[0m [1m1s[0m 200ms/step - loss: 0.0045
[1m3/8[0m [32m━━━━━━━[0m[37m━━━━━━━━━━━━━[0m [1m0s[0m 156ms/step - loss: 0.0045
[1m4/8[0m [32m━━━━━━━━━━[0m[37m━━━━━━━━━━[0m [1m0s[0m 215ms/step - loss: 0.0044
[1m5/8[0m [32m━━━━━━━━━━━━[0m[37m━━━━━━━━[0m [1m0s[0m 174ms/step - loss: 0.0043
[1m7/8[0m [32m━━━━━━━━━━━━━━━━━[0m[37m━━━[0m [1m0s[0m 126ms/step - loss: 0.0044
[1m8/8[0m [32m━━━━━━━━━━━━━━━━━━━━[0m[37m[0m [1m1s[0m 123ms/step - loss: 0.0051
Epoch 135/200

[1m1/8[0m [32m━━[0m[37m━━━━━━━━━━━━━━━━━━[0m [1m1s[0m 284ms/step - loss: 0.0030
[1m2/8[0m [32m━━━━━[0m[37m━━━━━━━━━━━━━━━[0m [1m0s[0m 111ms/step - loss: 0.0039
[1m3/8[0m [32m━━━━━━━[0m[37m━━━━━━━━━━━━━[0m [1m0s[0m 88ms/step - loss: 0.0041 
[1m4/8[0m [32m━━━━━━━━━━[0m[37m━━━━━━━━━━[0m [1m0s[0m 77ms/step - loss: 0.0041
[1m5/8[0m [32m━━━━━━━━━━━━[0m[37m━━━━━━━━[0m [1m0s[0m 115ms/step - loss: 0.0042
[1m6/8[0m [32m━━━━━━━━━━━━━━━[0m[37m━━━━━[0m [1m0s[0m 109ms/step - loss: 0.0044
[1m7/8[0m [32m━━━━━━━━━━━━━━━━━[0m[37m━━━[0m [1m0s[0m 104ms/step - loss: 0.0045
[1m8/8[0m [32m━━━━━━━━━━━━━━━━━━━━[0m[37m[0m [1m0s[0m 99ms/step - loss: 0.0047 
[1m8/8[0m [32m━━━━━━━━━━━━━━━━━━━━[0m[37m[0m [1m1s[0m 109ms/step - loss: 0.0060
Epoch 136/200

[1m1/8[0m [32m━━[0m[37m━━━━━━━━━━━━━━━━━━[0m [1m3s[0m 456ms/step - loss: 0.0034
[1m2/8[0m [32m━━━━━[0m[37m━━━━━━━━━━━━━━━[0m [1m0s[0m 68ms/step - loss: 0.0044 
[1m3/8[0m [32m━━━━━━━[0m[37m━━━━━━━━━━━━━[0m [1m1s[0m 224ms/step - loss: 0.0050
[1m4/8[0m [32m━━━━━━━━━━[0m[37m━━━━━━━━━━[0m [1m0s[0m 176ms/step - loss: 0.0052
[1m5/8[0m [32m━━━━━━━━━━━━[0m[37m━━━━━━━━[0m [1m0s[0m 159ms/step - loss: 0.0052
[1m6/8[0m [32m━━━━━━━━━━━━━━━[0m[37m━━━━━[0m [1m0s[0m 177ms/step - loss: 0.0052
[1m7/8[0m [32m━━━━━━━━━━━━━━━━━[0m[37m━━━[0m [1m0s[0m 161ms/step - loss: 0.0052
[1m8/8[0m [32m━━━━━━━━━━━━━━━━━━━━[0m[37m[0m [1m0s[0m 150ms/step - loss: 0.0052
[1m8/8[0m [32m━━━━━━━━━━━━━━━━━━━━[0m[37m[0m [1m2s[0m 171ms/step - loss: 0.0053
Epoch 137/200

[1m1/8[0m [32m━━[0m[37m━━━━━━━━━━━━━━━━━━[0m [1m2s[0m 353ms/step - loss: 0.0048
[1m2/8[0m [32m━━━━━[0m[37m━━━━━━━━━━━━━━━[0m [1m0s[0m 108ms/step - loss: 0.0047
[1m4/8[0m [32m━━━━━━━━━━[0m[37m━━━━━━━━━━[0m [1m0s[0m 61ms/step - loss: 0.0047 
[1m6/8[0m [32m━━━━━━━━━━━━━━━[0m[37m━━━━━[0m [1m0s[0m 47ms/step - loss: 0.0047
[1m8/8[0m [32m━━━━━━━━━━━━━━━━━━━━[0m[37m[0m [1m1s[0m 46ms/step - loss: 0.0053
Epoch 138/200

[1m1/8[0m [32m━━[0m[37m━━━━━━━━━━━━━━━━━━[0m [1m1s[0m 161ms/step - loss: 0.0021
[1m2/8[0m [32m━━━━━[0m[37m━━━━━━━━━━━━━━━[0m [1m0s[0m 98ms/step - loss: 0.0028 
[1m4/8[0m [32m━━━━━━━━━━[0m[37m━━━━━━━━━━[0m [1m0s[0m 69ms/step - loss: 0.0040
[1m5/8[0m [32m━━━━━━━━━━━━[0m[37m━━━━━━━━[0m [1m0s[0m 68ms/step - loss: 0.0043
[1m6/8[0m [32m━━━━━━━━━━━━━━━[0m[37m━━━━━[0m [1m0s[0m 78ms/step - loss: 0.0045
[1m7/8[0m [32m━━━━━━━━━━━━━━━━━[0m[37m━━━[0m [1m0s[0m 83ms/step - loss: 0.0047
[1m8/8[0m [32m━━━━━━━━━━━━━━━━━━━━[0m[37m[0m [1m0s[0m 80ms/step - loss: 0.0049
[1m8/8[0m [32m━━━━━━━━━━━━━━━━━━━━[0m[37m[0m [1m1s[0m 91ms/step - loss: 0.0058
Epoch 139/200

[1m1/8[0m [32m━━[0m[37m━━━━━━━━━━━━━━━━━━[0m [1m1s[0m 196ms/step - loss: 0.0033
[1m2/8[0m [32m━━━━━[0m[37m━━━━━━━━━━━━━━━[0m [1m0s[0m 131ms/step - loss: 0.0038
[1m4/8[0m [32m━━━━━━━━━━[0m[37m━━━━━━━━━━[0m [1m0s[0m 71ms/step - loss: 0.0042 
[1m6/8[0m [32m━━━━━━━━━━━━━━━[0m[37m━━━━━[0m [1m0s[0m 63ms/step - loss: 0.0046
[1m7/8[0m [32m━━━━━━━━━━━━━━━━━[0m[37m━━━[0m [1m0s[0m 66ms/step - loss: 0.0048
[1m8/8[0m [32m━━━━━━━━━━━━━━━━━━━━[0m[37m[0m [1m1s[0m 75ms/step - loss: 0.0055
Epoch 140/200

[1m1/8[0m [32m━━[0m[37m━━━━━━━━━━━━━━━━━━[0m [1m1s[0m 212ms/step - loss: 0.0038
[1m3/8[0m [32m━━━━━━━[0m[37m━━━━━━━━━━━━━[0m [1m0s[0m 44ms/step - loss: 0.0037 
[1m5/8[0m [32m━━━━━━━━━━━━[0m[37m━━━━━━━━[0m [1m0s[0m 40ms/step - loss: 0.0042
[1m7/8[0m [32m━━━━━━━━━━━━━━━━━[0m[37m━━━[0m [1m0s[0m 40ms/step - loss: 0.0045
[1m8/8[0m [32m━━━━━━━━━━━━━━━━━━━━[0m[37m[0m [1m1s[0m 61ms/step - loss: 0.0052
Epoch 141/200

[1m1/8[0m [32m━━[0m[37m━━━━━━━━━━━━━━━━━━[0m [1m2s[0m 416ms/step - loss: 0.0040
[1m2/8[0m [32m━━━━━[0m[37m━━━━━━━━━━━━━━━[0m [1m0s[0m 110ms/step - loss: 0.0041
[1m3/8[0m [32m━━━━━━━[0m[37m━━━━━━━━━━━━━[0m [1m0s[0m 89ms/step - loss: 0.0041 
[1m4/8[0m [32m━━━━━━━━━━[0m[37m━━━━━━━━━━[0m [1m0s[0m 79ms/step - loss: 0.0043
[1m5/8[0m [32m━━━━━━━━━━━━[0m[37m━━━━━━━━[0m [1m0s[0m 75ms/step - loss: 0.0045
[1m6/8[0m [32m━━━━━━━━━━━━━━━[0m[37m━━━━━[0m [1m0s[0m 74ms/step - loss: 0.0047
[1m7/8[0m [32m━━━━━━━━━━━━━━━━━[0m[37m━━━[0m [1m0s[0m 82ms/step - loss: 0.0047
[1m8/8[0m [32m━━━━━━━━━━━━━━━━━━━━[0m[37m[0m [1m0s[0m 86ms/step - loss: 0.0048
[1m8/8[0m [32m━━━━━━━━━━━━━━━━━━━━[0m[37m[0m [1m1s[0m 107ms/step - loss: 0.0052
Epoch 142/200

[1m1/8[0m [32m━━[0m[37m━━━━━━━━━━━━━━━━━━[0m [1m1s[0m 148ms/step - loss: 0.0026
[1m2/8[0m [32m━━━━━[0m[37m━━━━━━━━━━━━━━━[0m [1m0s[0m 77ms/step - loss: 0.0028 
[1m3/8[0m [32m━━━━━━━[0m[37m━━━━━━━━━━━━━[0m [1m0s[0m 64ms/step - loss: 0.0029
[1m5/8[0m [32m━━━━━━━━━━━━[0m[37m━━━━━━━━[0m [1m0s[0m 58ms/step - loss: 0.0035
[1m6/8[0m [32m━━━━━━━━━━━━━━━[0m[37m━━━━━[0m [1m0s[0m 59ms/step - loss: 0.0037
[1m8/8[0m [32m━━━━━━━━━━━━━━━━━━━━[0m[37m[0m [1m0s[0m 56ms/step - loss: 0.0041
[1m8/8[0m [32m━━━━━━━━━━━━━━━━━━━━[0m[37m[0m [1m1s[0m 67ms/step - loss: 0.0051
Epoch 143/200

[1m1/8[0m [32m━━[0m[37m━━━━━━━━━━━━━━━━━━[0m [1m1s[0m 166ms/step - loss: 0.0059
[1m2/8[0m [32m━━━━━[0m[37m━━━━━━━━━━━━━━━[0m [1m0s[0m 66ms/step - loss: 0.0054 
[1m4/8[0m [32m━━━━━━━━━━[0m[37m━━━━━━━━━━[0m [1m0s[0m 47ms/step - loss: 0.0052
[1m6/8[0m [32m━━━━━━━━━━━━━━━[0m[37m━━━━━[0m [1m0s[0m 42ms/step - loss: 0.0052
[1m8/8[0m [32m━━━━━━━━━━━━━━━━━━━━[0m[37m[0m [1m0s[0m 42ms/step - loss: 0.0051
[1m8/8[0m [32m━━━━━━━━━━━━━━━━━━━━[0m[37m[0m [1m1s[0m 63ms/step - loss: 0.0049
Epoch 144/200

[1m1/8[0m [32m━━[0m[37m━━━━━━━━━━━━━━━━━━[0m [1m1s[0m 201ms/step - loss: 0.0025
[1m2/8[0m [32m━━━━━[0m[37m━━━━━━━━━━━━━━━[0m [1m0s[0m 54ms/step - loss: 0.0038 
[1m3/8[0m [32m━━━━━━━[0m[37m━━━━━━━━━━━━━[0m [1m0s[0m 123ms/step - loss: 0.0042
[1m4/8[0m [32m━━━━━━━━━━[0m[37m━━━━━━━━━━[0m [1m0s[0m 103ms/step - loss: 0.0044
[1m6/8[0m [32m━━━━━━━━━━━━━━━[0m[37m━━━━━[0m [1m0s[0m 81ms/step - loss: 0.0046 
[1m8/8[0m [32m━━━━━━━━━━━━━━━━━━━━[0m[37m[0m [1m0s[0m 71ms/step - loss: 0.0047
[1m8/8[0m [32m━━━━━━━━━━━━━━━━━━━━[0m[37m[0m [1m1s[0m 89ms/step - loss: 0.0050
Epoch 145/200

[1m1/8[0m [32m━━[0m[37m━━━━━━━━━━━━━━━━━━[0m [1m1s[0m 188ms/step - loss: 0.0038
[1m2/8[0m [32m━━━━━[0m[37m━━━━━━━━━━━━━━━[0m [1m0s[0m 56ms/step - loss: 0.0048 
[1m4/8[0m [32m━━━━━━━━━━[0m[37m━━━━━━━━━━[0m [1m0s[0m 51ms/step - loss: 0.0052
[1m6/8[0m [32m━━━━━━━━━━━━━━━[0m[37m━━━━━[0m [1m0s[0m 45ms/step - loss: 0.0051
[1m7/8[0m [32m━━━━━━━━━━━━━━━━━[0m[37m━━━[0m [1m0s[0m 46ms/step - loss: 0.0050
[1m8/8[0m [32m━━━━━━━━━━━━━━━━━━━━[0m[37m[0m [1m0s[0m 48ms/step - loss: 0.0050
[1m8/8[0m [32m━━━━━━━━━━━━━━━━━━━━[0m[37m[0m [1m1s[0m 64ms/step - loss: 0.0045
Epoch 146/200

[1m1/8[0m [32m━━[0m[37m━━━━━━━━━━━━━━━━━━[0m [1m1s[0m 171ms/step - loss: 0.0060
[1m2/8[0m [32m━━━━━[0m[37m━━━━━━━━━━━━━━━[0m [1m2s[0m 347ms/step - loss: 0.0053
[1m3/8[0m [32m━━━━━━━[0m[37m━━━━━━━━━━━━━[0m [1m1s[0m 310ms/step - loss: 0.0052
[1m5/8[0m [32m━━━━━━━━━━━━[0m[37m━━━━━━━━[0m [1m0s[0m 174ms/step - loss: 0.0052
[1m6/8[0m [32m━━━━━━━━━━━━━━━[0m[37m━━━━━[0m [1m0s[0m 185ms/step - loss: 0.0052
[1m7/8[0m [32m━━━━━━━━━━━━━━━━━[0m[37m━━━[0m [1m0s[0m 181ms/step - loss: 0.0052
[1m8/8[0m [32m━━━━━━━━━━━━━━━━━━━━[0m[37m[0m [1m0s[0m 171ms/step - loss: 0.0052
[1m8/8[0m [32m━━━━━━━━━━━━━━━━━━━━[0m[37m[0m [1m2s[0m 202ms/step - loss: 0.0049
Epoch 147/200

[1m1/8[0m [32m━━[0m[37m━━━━━━━━━━━━━━━━━━[0m [1m2s[0m 302ms/step - loss: 0.0034
[1m2/8[0m [32m━━━━━[0m[37m━━━━━━━━━━━━━━━[0m [1m0s[0m 117ms/step - loss: 0.0032
[1m3/8[0m [32m━━━━━━━[0m[37m━━━━━━━━━━━━━[0m [1m0s[0m 101ms/step - loss: 0.0038
[1m4/8[0m [32m━━━━━━━━━━[0m[37m━━━━━━━━━━[0m [1m0s[0m 104ms/step - loss: 0.0040
[1m5/8[0m [32m━━━━━━━━━━━━[0m[37m━━━━━━━━[0m [1m0s[0m 101ms/step - loss: 0.0043
[1m6/8[0m [32m━━━━━━━━━━━━━━━[0m[37m━━━━━[0m [1m0s[0m 105ms/step - loss: 0.0044
[1m7/8[0m [32m━━━━━━━━━━━━━━━━━[0m[37m━━━[0m [1m0s[0m 115ms/step - loss: 0.0045
[1m8/8[0m [32m━━━━━━━━━━━━━━━━━━━━[0m[37m[0m [1m0s[0m 108ms/step - loss: 0.0046
[1m8/8[0m [32m━━━━━━━━━━━━━━━━━━━━[0m[37m[0m [1m1s[0m 120ms/step - loss: 0.0052
Epoch 148/200

[1m1/8[0m [32m━━[0m[37m━━━━━━━━━━━━━━━━━━[0m [1m3s[0m 508ms/step - loss: 0.0022
[1m2/8[0m [32m━━━━━[0m[37m━━━━━━━━━━━━━━━[0m [1m0s[0m 70ms/step - loss: 0.0024 
[1m3/8[0m [32m━━━━━━━[0m[37m━━━━━━━━━━━━━[0m [1m0s[0m 94ms/step - loss: 0.0027
[1m4/8[0m [32m━━━━━━━━━━[0m[37m━━━━━━━━━━[0m [1m0s[0m 89ms/step - loss: 0.0033
[1m5/8[0m [32m━━━━━━━━━━━━[0m[37m━━━━━━━━[0m [1m0s[0m 84ms/step - loss: 0.0037
[1m6/8[0m [32m━━━━━━━━━━━━━━━[0m[37m━━━━━[0m [1m0s[0m 133ms/step - loss: 0.0038
[1m7/8[0m [32m━━━━━━━━━━━━━━━━━[0m[37m━━━[0m [1m0s[0m 131ms/step - loss: 0.0040
[1m8/8[0m [32m━━━━━━━━━━━━━━━━━━━━[0m[37m[0m [1m0s[0m 126ms/step - loss: 0.0041
[1m8/8[0m [32m━━━━━━━━━━━━━━━━━━━━[0m[37m[0m [1m1s[0m 134ms/step - loss: 0.0050
Epoch 149/200

[1m1/8[0m [32m━━[0m[37m━━━━━━━━━━━━━━━━━━[0m [1m2s[0m 343ms/step - loss: 0.0051
[1m2/8[0m [32m━━━━━[0m[37m━━━━━━━━━━━━━━━[0m [1m0s[0m 158ms/step - loss: 0.0046
[1m3/8[0m [32m━━━━━━━[0m[37m━━━━━━━━━━━━━[0m [1m0s[0m 166ms/step - loss: 0.0044
[1m4/8[0m [32m━━━━━━━━━━[0m[37m━━━━━━━━━━[0m [1m0s[0m 233ms/step - loss: 0.0043
[1m5/8[0m [32m━━━━━━━━━━━━[0m[37m━━━━━━━━[0m [1m0s[0m 194ms/step - loss: 0.0042
[1m6/8[0m [32m━━━━━━━━━━━━━━━[0m[37m━━━━━[0m [1m0s[0m 167ms/step - loss: 0.0042
[1m8/8[0m [32m━━━━━━━━━━━━━━━━━━━━[0m[37m[0m [1m0s[0m 133ms/step - loss: 0.0043
[1m8/8[0m [32m━━━━━━━━━━━━━━━━━━━━[0m[37m[0m [1m1s[0m 142ms/step - loss: 0.0044
Epoch 150/200

[1m1/8[0m [32m━━[0m[37m━━━━━━━━━━━━━━━━━━[0m [1m0s[0m 81ms/step - loss: 0.0059
[1m2/8[0m [32m━━━━━[0m[37m━━━━━━━━━━━━━━━[0m [1m0s[0m 75ms/step - loss: 0.0064
[1m4/8[0m [32m━━━━━━━━━━[0m[37m━━━━━━━━━━[0m [1m0s[0m 55ms/step - loss: 0.0062
[1m5/8[0m [32m━━━━━━━━━━━━[0m[37m━━━━━━━━[0m [1m0s[0m 114ms/step - loss: 0.0060
[1m7/8[0m [32m━━━━━━━━━━━━━━━━━[0m[37m━━━[0m [1m0s[0m 88ms/step - loss: 0.0059 
[1m8/8[0m [32m━━━━━━━━━━━━━━━━━━━━[0m[37m[0m [1m0s[0m 86ms/step - loss: 0.0058
[1m8/8[0m [32m━━━━━━━━━━━━━━━━━━━━[0m[37m[0m [1m1s[0m 114ms/step - loss: 0.0056
Epoch 151/200

[1m1/8[0m [32m━━[0m[37m━━━━━━━━━━━━━━━━━━[0m [1m1s[0m 250ms/step - loss: 0.0066
[1m2/8[0m [32m━━━━━[0m[37m━━━━━━━━━━━━━━━[0m [1m0s[0m 98ms/step - loss: 0.0061 
[1m3/8[0m [32m━━━━━━━[0m[37m━━━━━━━━━━━━━[0m [1m0s[0m 102ms/step - loss: 0.0058
[1m4/8[0m [32m━━━━━━━━━━[0m[37m━━━━━━━━━━[0m [1m0s[0m 98ms/step - loss: 0.0057 
[1m5/8[0m [32m━━━━━━━━━━━━[0m[37m━━━━━━━━[0m [1m0s[0m 107ms/step - loss: 0.0056
[1m6/8[0m [32m━━━━━━━━━━━━━━━[0m[37m━━━━━[0m [1m0s[0m 101ms/step - loss: 0.0054
[1m7/8[0m [32m━━━━━━━━━━━━━━━━━[0m[37m━━━[0m [1m0s[0m 94ms/step - loss: 0.0052 
[1m8/8[0m [32m━━━━━━━━━━━━━━━━━━━━[0m[37m[0m [1m1s[0m 97ms/step - loss: 0.0045
Epoch 152/200

[1m1/8[0m [32m━━[0m[37m━━━━━━━━━━━━━━━━━━[0m [1m1s[0m 170ms/step - loss: 0.0043
[1m3/8[0m [32m━━━━━━━[0m[37m━━━━━━━━━━━━━[0m [1m0s[0m 45ms/step - loss: 0.0047 
[1m5/8[0m [32m━━━━━━━━━━━━[0m[37m━━━━━━━━[0m [1m0s[0m 85ms/step - loss: 0.0047
[1m6/8[0m [32m━━━━━━━━━━━━━━━[0m[37m━━━━━[0m [1m0s[0m 87ms/step - loss: 0.0047
[1m7/8[0m [32m━━━━━━━━━━━━━━━━━[0m[37m━━━[0m [1m0s[0m 105ms/step - loss: 0.0048
[1m8/8[0m [32m━━━━━━━━━━━━━━━━━━━━[0m[37m[0m [1m0s[0m 108ms/step - loss: 0.0049
[1m8/8[0m [32m━━━━━━━━━━━━━━━━━━━━[0m[37m[0m [1m1s[0m 116ms/step - loss: 0.0051
Epoch 153/200

[1m1/8[0m [32m━━[0m[37m━━━━━━━━━━━━━━━━━━[0m [1m1s[0m 274ms/step - loss: 0.0031
[1m2/8[0m [32m━━━━━[0m[37m━━━━━━━━━━━━━━━[0m [1m0s[0m 112ms/step - loss: 0.0032
[1m4/8[0m [32m━━━━━━━━━━[0m[37m━━━━━━━━━━[0m [1m0s[0m 71ms/step - loss: 0.0036 
[1m5/8[0m [32m━━━━━━━━━━━━[0m[37m━━━━━━━━[0m [1m0s[0m 73ms/step - loss: 0.0037
[1m6/8[0m [32m━━━━━━━━━━━━━━━[0m[37m━━━━━[0m [1m0s[0m 99ms/step - loss: 0.0038
[1m7/8[0m [32m━━━━━━━━━━━━━━━━━[0m[37m━━━[0m [1m0s[0m 94ms/step - loss: 0.0039
[1m8/8[0m [32m━━━━━━━━━━━━━━━━━━━━[0m[37m[0m [1m1s[0m 88ms/step - loss: 0.0045
Epoch 154/200

[1m1/8[0m [32m━━[0m[37m━━━━━━━━━━━━━━━━━━[0m [1m2s[0m 309ms/step - loss: 0.0061
[1m2/8[0m [32m━━━━━[0m[37m━━━━━━━━━━━━━━━[0m [1m0s[0m 106ms/step - loss: 0.0058
[1m3/8[0m [32m━━━━━━━[0m[37m━━━━━━━━━━━━━[0m [1m0s[0m 109ms/step - loss: 0.0056
[1m4/8[0m [32m━━━━━━━━━━[0m[37m━━━━━━━━━━[0m [1m0s[0m 98ms/step - loss: 0.0057 
[1m5/8[0m [32m━━━━━━━━━━━━[0m[37m━━━━━━━━[0m [1m0s[0m 105ms/step - loss: 0.0056
[1m6/8[0m [32m━━━━━━━━━━━━━━━[0m[37m━━━━━[0m [1m0s[0m 111ms/step - loss: 0.0055
[1m7/8[0m [32m━━━━━━━━━━━━━━━━━[0m[37m━━━[0m [1m0s[0m 119ms/step - loss: 0.0054
[1m8/8[0m [32m━━━━━━━━━━━━━━━━━━━━[0m[37m[0m [1m0s[0m 110ms/step - loss: 0.0053
[1m8/8[0m [32m━━━━━━━━━━━━━━━━━━━━[0m[37m[0m [1m1s[0m 140ms/step - loss: 0.0047
Epoch 155/200

[1m1/8[0m [32m━━[0m[37m━━━━━━━━━━━━━━━━━━[0m [1m2s[0m 301ms/step - loss: 0.0041
[1m2/8[0m [32m━━━━━[0m[37m━━━━━━━━━━━━━━━[0m [1m0s[0m 53ms/step - loss: 0.0038 
[1m3/8[0m [32m━━━━━━━[0m[37m━━━━━━━━━━━━━[0m [1m0s[0m 58ms/step - loss: 0.0039
[1m4/8[0m [32m━━━━━━━━━━[0m[37m━━━━━━━━━━[0m [1m0s[0m 67ms/step - loss: 0.0041
[1m6/8[0m [32m━━━━━━━━━━━━━━━[0m[37m━━━━━[0m [1m0s[0m 59ms/step - loss: 0.0046
[1m8/8[0m [32m━━━━━━━━━━━━━━━━━━━━[0m[37m[0m [1m0s[0m 60ms/step - loss: 0.0047
[1m8/8[0m [32m━━━━━━━━━━━━━━━━━━━━[0m[37m[0m [1m1s[0m 80ms/step - loss: 0.0051
Epoch 156/200

[1m1/8[0m [32m━━[0m[37m━━━━━━━━━━━━━━━━━━[0m [1m1s[0m 238ms/step - loss: 0.0057
[1m2/8[0m [32m━━━━━[0m[37m━━━━━━━━━━━━━━━[0m [1m0s[0m 84ms/step - loss: 0.0054 
[1m4/8[0m [32m━━━━━━━━━━[0m[37m━━━━━━━━━━[0m [1m0s[0m 52ms/step - loss: 0.0049
[1m5/8[0m [32m━━━━━━━━━━━━[0m[37m━━━━━━━━[0m [1m0s[0m 54ms/step - loss: 0.0048
[1m7/8[0m [32m━━━━━━━━━━━━━━━━━[0m[37m━━━[0m [1m0s[0m 51ms/step - loss: 0.0047
[1m8/8[0m [32m━━━━━━━━━━━━━━━━━━━━[0m[37m[0m [1m1s[0m 75ms/step - loss: 0.0046
Epoch 157/200

[1m1/8[0m [32m━━[0m[37m━━━━━━━━━━━━━━━━━━[0m [1m1s[0m 197ms/step - loss: 0.0019
[1m3/8[0m [32m━━━━━━━[0m[37m━━━━━━━━━━━━━[0m [1m0s[0m 32ms/step - loss: 0.0031 
[1m5/8[0m [32m━━━━━━━━━━━━[0m[37m━━━━━━━━[0m [1m0s[0m 34ms/step - loss: 0.0040
[1m7/8[0m [32m━━━━━━━━━━━━━━━━━[0m[37m━━━[0m [1m0s[0m 35ms/step - loss: 0.0043
[1m8/8[0m [32m━━━━━━━━━━━━━━━━━━━━[0m[37m[0m [1m0s[0m 39ms/step - loss: 0.0052
Epoch 158/200

[1m1/8[0m [32m━━[0m[37m━━━━━━━━━━━━━━━━━━[0m [1m0s[0m 111ms/step - loss: 0.0085
[1m3/8[0m [32m━━━━━━━[0m[37m━━━━━━━━━━━━━[0m [1m0s[0m 37ms/step - loss: 0.0072 
[1m4/8[0m [32m━━━━━━━━━━[0m[37m━━━━━━━━━━[0m [1m0s[0m 43ms/step - loss: 0.0069
[1m5/8[0m [32m━━━━━━━━━━━━[0m[37m━━━━━━━━[0m [1m0s[0m 46ms/step - loss: 0.0066
[1m6/8[0m [32m━━━━━━━━━━━━━━━[0m[37m━━━━━[0m [1m0s[0m 48ms/step - loss: 0.0064
[1m8/8[0m [32m━━━━━━━━━━━━━━━━━━━━[0m[37m[0m [1m0s[0m 45ms/step - loss: 0.0061
[1m8/8[0m [32m━━━━━━━━━━━━━━━━━━━━[0m[37m[0m [1m0s[0m 50ms/step - loss: 0.0052
Epoch 159/200

[1m1/8[0m [32m━━[0m[37m━━━━━━━━━━━━━━━━━━[0m [1m1s[0m 179ms/step - loss: 0.0026
[1m2/8[0m [32m━━━━━[0m[37m━━━━━━━━━━━━━━━[0m [1m0s[0m 57ms/step - loss: 0.0031 
[1m3/8[0m [32m━━━━━━━[0m[37m━━━━━━━━━━━━━[0m [1m0s[0m 105ms/step - loss: 0.0031
[1m4/8[0m [32m━━━━━━━━━━[0m[37m━━━━━━━━━━[0m [1m0s[0m 107ms/step - loss: 0.0033
[1m5/8[0m [32m━━━━━━━━━━━━[0m[37m━━━━━━━━[0m [1m0s[0m 96ms/step - loss: 0.0034 
[1m6/8[0m [32m━━━━━━━━━━━━━━━[0m[37m━━━━━[0m [1m0s[0m 87ms/step - loss: 0.0036
[1m8/8[0m [32m━━━━━━━━━━━━━━━━━━━━[0m[37m[0m [1m0s[0m 76ms/step - loss: 0.0039
[1m8/8[0m [32m━━━━━━━━━━━━━━━━━━━━[0m[37m[0m [1m1s[0m 89ms/step - loss: 0.0047
Epoch 160/200

[1m1/8[0m [32m━━[0m[37m━━━━━━━━━━━━━━━━━━[0m [1m1s[0m 200ms/step - loss: 0.0062
[1m2/8[0m [32m━━━━━[0m[37m━━━━━━━━━━━━━━━[0m [1m0s[0m 81ms/step - loss: 0.0063 
[1m3/8[0m [32m━━━━━━━[0m[37m━━━━━━━━━━━━━[0m [1m0s[0m 77ms/step - loss: 0.0058
[1m4/8[0m [32m━━━━━━━━━━[0m[37m━━━━━━━━━━[0m [1m0s[0m 91ms/step - loss: 0.0059
[1m5/8[0m [32m━━━━━━━━━━━━[0m[37m━━━━━━━━[0m [1m0s[0m 101ms/step - loss: 0.0058
[1m6/8[0m [32m━━━━━━━━━━━━━━━[0m[37m━━━━━[0m [1m0s[0m 97ms/step - loss: 0.0056 
[1m7/8[0m [32m━━━━━━━━━━━━━━━━━[0m[37m━━━[0m [1m0s[0m 99ms/step - loss: 0.0056
[1m8/8[0m [32m━━━━━━━━━━━━━━━━━━━━[0m[37m[0m [1m0s[0m 97ms/step - loss: 0.0055
[1m8/8[0m [32m━━━━━━━━━━━━━━━━━━━━[0m[37m[0m [1m1s[0m 135ms/step - loss: 0.0048
Epoch 161/200

[1m1/8[0m [32m━━[0m[37m━━━━━━━━━━━━━━━━━━[0m [1m1s[0m 269ms/step - loss: 0.0060
[1m2/8[0m [32m━━━━━[0m[37m━━━━━━━━━━━━━━━[0m [1m0s[0m 50ms/step - loss: 0.0056 
[1m4/8[0m [32m━━━━━━━━━━[0m[37m━━━━━━━━━━[0m [1m0s[0m 48ms/step - loss: 0.0056
[1m5/8[0m [32m━━━━━━━━━━━━[0m[37m━━━━━━━━[0m [1m0s[0m 54ms/step - loss: 0.0055
[1m6/8[0m [32m━━━━━━━━━━━━━━━[0m[37m━━━━━[0m [1m0s[0m 57ms/step - loss: 0.0054
[1m7/8[0m [32m━━━━━━━━━━━━━━━━━[0m[37m━━━[0m [1m0s[0m 62ms/step - loss: 0.0054
[1m8/8[0m [32m━━━━━━━━━━━━━━━━━━━━[0m[37m[0m [1m0s[0m 61ms/step - loss: 0.0053
[1m8/8[0m [32m━━━━━━━━━━━━━━━━━━━━[0m[37m[0m [1m1s[0m 82ms/step - loss: 0.0050
Epoch 162/200

[1m1/8[0m [32m━━[0m[37m━━━━━━━━━━━━━━━━━━[0m [1m1s[0m 152ms/step - loss: 0.0083
[1m3/8[0m [32m━━━━━━━[0m[37m━━━━━━━━━━━━━[0m [1m0s[0m 53ms/step - loss: 0.0066 
[1m4/8[0m [32m━━━━━━━━━━[0m[37m━━━━━━━━━━[0m [1m0s[0m 54ms/step - loss: 0.0061
[1m5/8[0m [32m━━━━━━━━━━━━[0m[37m━━━━━━━━[0m [1m0s[0m 58ms/step - loss: 0.0058
[1m6/8[0m [32m━━━━━━━━━━━━━━━[0m[37m━━━━━[0m [1m0s[0m 89ms/step - loss: 0.0058
[1m7/8[0m [32m━━━━━━━━━━━━━━━━━[0m[37m━━━[0m [1m0s[0m 85ms/step - loss: 0.0057
[1m8/8[0m [32m━━━━━━━━━━━━━━━━━━━━[0m[37m[0m [1m0s[0m 89ms/step - loss: 0.0057
[1m8/8[0m [32m━━━━━━━━━━━━━━━━━━━━[0m[37m[0m [1m1s[0m 114ms/step - loss: 0.0053
Epoch 163/200

[1m1/8[0m [32m━━[0m[37m━━━━━━━━━━━━━━━━━━[0m [1m0s[0m 116ms/step - loss: 0.0034
[1m2/8[0m [32m━━━━━[0m[37m━━━━━━━━━━━━━━━[0m [1m0s[0m 58ms/step - loss: 0.0039 
[1m4/8[0m [32m━━━━━━━━━━[0m[37m━━━━━━━━━━[0m [1m0s[0m 61ms/step - loss: 0.0040
[1m6/8[0m [32m━━━━━━━━━━━━━━━[0m[37m━━━━━[0m [1m0s[0m 56ms/step - loss: 0.0043
[1m8/8[0m [32m━━━━━━━━━━━━━━━━━━━━[0m[37m[0m [1m0s[0m 56ms/step - loss: 0.0044
[1m8/8[0m [32m━━━━━━━━━━━━━━━━━━━━[0m[37m[0m [1m1s[0m 66ms/step - loss: 0.0048
Epoch 164/200

[1m1/8[0m [32m━━[0m[37m━━━━━━━━━━━━━━━━━━[0m [1m0s[0m 120ms/step - loss: 0.0027
[1m2/8[0m [32m━━━━━[0m[37m━━━━━━━━━━━━━━━[0m [1m0s[0m 53ms/step - loss: 0.0034 
[1m3/8[0m [32m━━━━━━━[0m[37m━━━━━━━━━━━━━[0m [1m0s[0m 74ms/step - loss: 0.0038
[1m5/8[0m [32m━━━━━━━━━━━━[0m[37m━━━━━━━━[0m [1m0s[0m 58ms/step - loss: 0.0043
[1m6/8[0m [32m━━━━━━━━━━━━━━━[0m[37m━━━━━[0m [1m0s[0m 60ms/step - loss: 0.0044
[1m7/8[0m [32m━━━━━━━━━━━━━━━━━[0m[37m━━━[0m [1m0s[0m 63ms/step - loss: 0.0044
[1m8/8[0m [32m━━━━━━━━━━━━━━━━━━━━[0m[37m[0m [1m0s[0m 67ms/step - loss: 0.0044
[1m8/8[0m [32m━━━━━━━━━━━━━━━━━━━━[0m[37m[0m [1m1s[0m 88ms/step - loss: 0.0045
Epoch 165/200

[1m1/8[0m [32m━━[0m[37m━━━━━━━━━━━━━━━━━━[0m [1m2s[0m 333ms/step - loss: 0.0059
[1m2/8[0m [32m━━━━━[0m[37m━━━━━━━━━━━━━━━[0m [1m0s[0m 161ms/step - loss: 0.0051
[1m4/8[0m [32m━━━━━━━━━━[0m[37m━━━━━━━━━━[0m [1m0s[0m 81ms/step - loss: 0.0046 
[1m5/8[0m [32m━━━━━━━━━━━━[0m[37m━━━━━━━━[0m [1m0s[0m 80ms/step - loss: 0.0045
[1m6/8[0m [32m━━━━━━━━━━━━━━━[0m[37m━━━━━[0m [1m0s[0m 78ms/step - loss: 0.0045
[1m7/8[0m [32m━━━━━━━━━━━━━━━━━[0m[37m━━━[0m [1m0s[0m 79ms/step - loss: 0.0044
[1m8/8[0m [32m━━━━━━━━━━━━━━━━━━━━[0m[37m[0m [1m1s[0m 81ms/step - loss: 0.0042
Epoch 166/200

[1m1/8[0m [32m━━[0m[37m━━━━━━━━━━━━━━━━━━[0m [1m1s[0m 262ms/step - loss: 0.0026
[1m2/8[0m [32m━━━━━[0m[37m━━━━━━━━━━━━━━━[0m [1m0s[0m 104ms/step - loss: 0.0029
[1m3/8[0m [32m━━━━━━━[0m[37m━━━━━━━━━━━━━[0m [1m0s[0m 82ms/step - loss: 0.0034 
[1m5/8[0m [32m━━━━━━━━━━━━[0m[37m━━━━━━━━[0m [1m0s[0m 65ms/step - loss: 0.0040
[1m7/8[0m [32m━━━━━━━━━━━━━━━━━[0m[37m━━━[0m [1m0s[0m 55ms/step - loss: 0.0042
[1m8/8[0m [32m━━━━━━━━━━━━━━━━━━━━[0m[37m[0m [1m1s[0m 87ms/step - loss: 0.0050
Epoch 167/200

[1m1/8[0m [32m━━[0m[37m━━━━━━━━━━━━━━━━━━[0m [1m1s[0m 229ms/step - loss: 0.0066
[1m2/8[0m [32m━━━━━[0m[37m━━━━━━━━━━━━━━━[0m [1m0s[0m 87ms/step - loss: 0.0055 
[1m3/8[0m [32m━━━━━━━[0m[37m━━━━━━━━━━━━━[0m [1m0s[0m 72ms/step - loss: 0.0055
[1m5/8[0m [32m━━━━━━━━━━━━[0m[37m━━━━━━━━[0m [1m0s[0m 58ms/step - loss: 0.0053
[1m6/8[0m [32m━━━━━━━━━━━━━━━[0m[37m━━━━━[0m [1m0s[0m 61ms/step - loss: 0.0052
[1m7/8[0m [32m━━━━━━━━━━━━━━━━━[0m[37m━━━[0m [1m0s[0m 81ms/step - loss: 0.0051
[1m8/8[0m [32m━━━━━━━━━━━━━━━━━━━━[0m[37m[0m [1m1s[0m 86ms/step - loss: 0.0048
Epoch 168/200

[1m1/8[0m [32m━━[0m[37m━━━━━━━━━━━━━━━━━━[0m [1m4s[0m 641ms/step - loss: 0.0039
[1m3/8[0m [32m━━━━━━━[0m[37m━━━━━━━━━━━━━[0m [1m0s[0m 49ms/step - loss: 0.0039 
[1m4/8[0m [32m━━━━━━━━━━[0m[37m━━━━━━━━━━[0m [1m0s[0m 51ms/step - loss: 0.0040
[1m5/8[0m [32m━━━━━━━━━━━━[0m[37m━━━━━━━━[0m [1m0s[0m 51ms/step - loss: 0.0041
[1m6/8[0m [32m━━━━━━━━━━━━━━━[0m[37m━━━━━[0m [1m0s[0m 53ms/step - loss: 0.0041
[1m7/8[0m [32m━━━━━━━━━━━━━━━━━[0m[37m━━━[0m [1m0s[0m 53ms/step - loss: 0.0041
[1m8/8[0m [32m━━━━━━━━━━━━━━━━━━━━[0m[37m[0m [1m0s[0m 54ms/step - loss: 0.0041
[1m8/8[0m [32m━━━━━━━━━━━━━━━━━━━━[0m[37m[0m [1m1s[0m 67ms/step - loss: 0.0045
Epoch 169/200

[1m1/8[0m [32m━━[0m[37m━━━━━━━━━━━━━━━━━━[0m [1m1s[0m 242ms/step - loss: 0.0062
[1m2/8[0m [32m━━━━━[0m[37m━━━━━━━━━━━━━━━[0m [1m0s[0m 134ms/step - loss: 0.0054
[1m3/8[0m [32m━━━━━━━[0m[37m━━━━━━━━━━━━━[0m [1m0s[0m 110ms/step - loss: 0.0054
[1m4/8[0m [32m━━━━━━━━━━[0m[37m━━━━━━━━━━[0m [1m0s[0m 104ms/step - loss: 0.0053
[1m5/8[0m [32m━━━━━━━━━━━━[0m[37m━━━━━━━━[0m [1m0s[0m 98ms/step - loss: 0.0053 
[1m6/8[0m [32m━━━━━━━━━━━━━━━[0m[37m━━━━━[0m [1m0s[0m 98ms/step - loss: 0.0051
[1m7/8[0m [32m━━━━━━━━━━━━━━━━━[0m[37m━━━[0m [1m0s[0m 99ms/step - loss: 0.0051
[1m8/8[0m [32m━━━━━━━━━━━━━━━━━━━━[0m[37m[0m [1m0s[0m 99ms/step - loss: 0.0051
[1m8/8[0m [32m━━━━━━━━━━━━━━━━━━━━[0m[37m[0m [1m1s[0m 124ms/step - loss: 0.0049
Epoch 170/200

[1m1/8[0m [32m━━[0m[37m━━━━━━━━━━━━━━━━━━[0m [1m1s[0m 231ms/step - loss: 0.0040
[1m2/8[0m [32m━━━━━[0m[37m━━━━━━━━━━━━━━━[0m [1m1s[0m 171ms/step - loss: 0.0042
[1m3/8[0m [32m━━━━━━━[0m[37m━━━━━━━━━━━━━[0m [1m0s[0m 114ms/step - loss: 0.0043
[1m4/8[0m [32m━━━━━━━━━━[0m[37m━━━━━━━━━━[0m [1m0s[0m 96ms/step - loss: 0.0045 
[1m5/8[0m [32m━━━━━━━━━━━━[0m[37m━━━━━━━━[0m [1m0s[0m 92ms/step - loss: 0.0047
[1m6/8[0m [32m━━━━━━━━━━━━━━━[0m[37m━━━━━[0m [1m0s[0m 86ms/step - loss: 0.0048
[1m7/8[0m [32m━━━━━━━━━━━━━━━━━[0m[37m━━━[0m [1m0s[0m 95ms/step - loss: 0.0048
[1m8/8[0m [32m━━━━━━━━━━━━━━━━━━━━[0m[37m[0m [1m0s[0m 96ms/step - loss: 0.0048
[1m8/8[0m [32m━━━━━━━━━━━━━━━━━━━━[0m[37m[0m [1m1s[0m 116ms/step - loss: 0.0050
Epoch 171/200

[1m1/8[0m [32m━━[0m[37m━━━━━━━━━━━━━━━━━━[0m [1m1s[0m 193ms/step - loss: 0.0031
[1m2/8[0m [32m━━━━━[0m[37m━━━━━━━━━━━━━━━[0m [1m0s[0m 62ms/step - loss: 0.0041 
[1m3/8[0m [32m━━━━━━━[0m[37m━━━━━━━━━━━━━[0m [1m0s[0m 59ms/step - loss: 0.0044
[1m4/8[0m [32m━━━━━━━━━━[0m[37m━━━━━━━━━━[0m [1m0s[0m 64ms/step - loss: 0.0044
[1m5/8[0m [32m━━━━━━━━━━━━[0m[37m━━━━━━━━[0m [1m0s[0m 77ms/step - loss: 0.0044
[1m6/8[0m [32m━━━━━━━━━━━━━━━[0m[37m━━━━━[0m [1m0s[0m 80ms/step - loss: 0.0045
[1m7/8[0m [32m━━━━━━━━━━━━━━━━━[0m[37m━━━[0m [1m0s[0m 83ms/step - loss: 0.0045
[1m8/8[0m [32m━━━━━━━━━━━━━━━━━━━━[0m[37m[0m [1m0s[0m 83ms/step - loss: 0.0045
[1m8/8[0m [32m━━━━━━━━━━━━━━━━━━━━[0m[37m[0m [1m1s[0m 113ms/step - loss: 0.0044
Epoch 172/200

[1m1/8[0m [32m━━[0m[37m━━━━━━━━━━━━━━━━━━[0m [1m3s[0m 501ms/step - loss: 0.0035
[1m2/8[0m [32m━━━━━[0m[37m━━━━━━━━━━━━━━━[0m [1m0s[0m 68ms/step - loss: 0.0042 
[1m4/8[0m [32m━━━━━━━━━━[0m[37m━━━━━━━━━━[0m [1m0s[0m 61ms/step - loss: 0.0045
[1m6/8[0m [32m━━━━━━━━━━━━━━━[0m[37m━━━━━[0m [1m0s[0m 64ms/step - loss: 0.0045
[1m7/8[0m [32m━━━━━━━━━━━━━━━━━[0m[37m━━━[0m [1m0s[0m 74ms/step - loss: 0.0045
[1m8/8[0m [32m━━━━━━━━━━━━━━━━━━━━[0m[37m[0m [1m0s[0m 74ms/step - loss: 0.0045
[1m8/8[0m [32m━━━━━━━━━━━━━━━━━━━━[0m[37m[0m [1m1s[0m 101ms/step - loss: 0.0044
Epoch 173/200

[1m1/8[0m [32m━━[0m[37m━━━━━━━━━━━━━━━━━━[0m [1m1s[0m 197ms/step - loss: 0.0056
[1m2/8[0m [32m━━━━━[0m[37m━━━━━━━━━━━━━━━[0m [1m0s[0m 101ms/step - loss: 0.0048
[1m3/8[0m [32m━━━━━━━[0m[37m━━━━━━━━━━━━━[0m [1m0s[0m 127ms/step - loss: 0.0042
[1m4/8[0m [32m━━━━━━━━━━[0m[37m━━━━━━━━━━[0m [1m0s[0m 125ms/step - loss: 0.0040
[1m5/8[0m [32m━━━━━━━━━━━━[0m[37m━━━━━━━━[0m [1m0s[0m 120ms/step - loss: 0.0039
[1m6/8[0m [32m━━━━━━━━━━━━━━━[0m[37m━━━━━[0m [1m0s[0m 122ms/step - loss: 0.0039
[1m7/8[0m [32m━━━━━━━━━━━━━━━━━[0m[37m━━━[0m [1m0s[0m 120ms/step - loss: 0.0039
[1m8/8[0m [32m━━━━━━━━━━━━━━━━━━━━[0m[37m[0m [1m0s[0m 114ms/step - loss: 0.0040
[1m8/8[0m [32m━━━━━━━━━━━━━━━━━━━━[0m[37m[0m [1m1s[0m 152ms/step - loss: 0.0044
Epoch 174/200

[1m1/8[0m [32m━━[0m[37m━━━━━━━━━━━━━━━━━━[0m [1m1s[0m 262ms/step - loss: 0.0043
[1m2/8[0m [32m━━━━━[0m[37m━━━━━━━━━━━━━━━[0m [1m0s[0m 96ms/step - loss: 0.0037 
[1m3/8[0m [32m━━━━━━━[0m[37m━━━━━━━━━━━━━[0m [1m0s[0m 97ms/step - loss: 0.0036
[1m4/8[0m [32m━━━━━━━━━━[0m[37m━━━━━━━━━━[0m [1m0s[0m 94ms/step - loss: 0.0039
[1m5/8[0m [32m━━━━━━━━━━━━[0m[37m━━━━━━━━[0m [1m0s[0m 87ms/step - loss: 0.0041
[1m6/8[0m [32m━━━━━━━━━━━━━━━[0m[37m━━━━━[0m [1m0s[0m 87ms/step - loss: 0.0042
[1m7/8[0m [32m━━━━━━━━━━━━━━━━━[0m[37m━━━[0m [1m0s[0m 87ms/step - loss: 0.0043
[1m8/8[0m [32m━━━━━━━━━━━━━━━━━━━━[0m[37m[0m [1m1s[0m 93ms/step - loss: 0.0049
Epoch 175/200

[1m1/8[0m [32m━━[0m[37m━━━━━━━━━━━━━━━━━━[0m [1m1s[0m 229ms/step - loss: 0.0047
[1m2/8[0m [32m━━━━━[0m[37m━━━━━━━━━━━━━━━[0m [1m0s[0m 67ms/step - loss: 0.0053 
[1m4/8[0m [32m━━━━━━━━━━[0m[37m━━━━━━━━━━[0m [1m0s[0m 58ms/step - loss: 0.0050
[1m5/8[0m [32m━━━━━━━━━━━━[0m[37m━━━━━━━━[0m [1m0s[0m 71ms/step - loss: 0.0049
[1m6/8[0m [32m━━━━━━━━━━━━━━━[0m[37m━━━━━[0m [1m0s[0m 79ms/step - loss: 0.0050
[1m7/8[0m [32m━━━━━━━━━━━━━━━━━[0m[37m━━━[0m [1m0s[0m 82ms/step - loss: 0.0051
[1m8/8[0m [32m━━━━━━━━━━━━━━━━━━━━[0m[37m[0m [1m0s[0m 82ms/step - loss: 0.0051
[1m8/8[0m [32m━━━━━━━━━━━━━━━━━━━━[0m[37m[0m [1m1s[0m 116ms/step - loss: 0.0054
Epoch 176/200

[1m1/8[0m [32m━━[0m[37m━━━━━━━━━━━━━━━━━━[0m [1m5s[0m 783ms/step - loss: 0.0032
[1m2/8[0m [32m━━━━━[0m[37m━━━━━━━━━━━━━━━[0m [1m0s[0m 119ms/step - loss: 0.0036
[1m3/8[0m [32m━━━━━━━[0m[37m━━━━━━━━━━━━━[0m [1m0s[0m 113ms/step - loss: 0.0039
[1m4/8[0m [32m━━━━━━━━━━[0m[37m━━━━━━━━━━[0m [1m0s[0m 99ms/step - loss: 0.0040 
[1m5/8[0m [32m━━━━━━━━━━━━[0m[37m━━━━━━━━[0m [1m0s[0m 91ms/step - loss: 0.0040
[1m6/8[0m [32m━━━━━━━━━━━━━━━[0m[37m━━━━━[0m [1m0s[0m 88ms/step - loss: 0.0040
[1m7/8[0m [32m━━━━━━━━━━━━━━━━━[0m[37m━━━[0m [1m0s[0m 86ms/step - loss: 0.0042
[1m8/8[0m [32m━━━━━━━━━━━━━━━━━━━━[0m[37m[0m [1m1s[0m 85ms/step - loss: 0.0052
Epoch 177/200

[1m1/8[0m [32m━━[0m[37m━━━━━━━━━━━━━━━━━━[0m [1m1s[0m 144ms/step - loss: 0.0044
[1m2/8[0m [32m━━━━━[0m[37m━━━━━━━━━━━━━━━[0m [1m0s[0m 61ms/step - loss: 0.0047 
[1m3/8[0m [32m━━━━━━━[0m[37m━━━━━━━━━━━━━[0m [1m0s[0m 79ms/step - loss: 0.0045
[1m4/8[0m [32m━━━━━━━━━━[0m[37m━━━━━━━━━━[0m [1m0s[0m 82ms/step - loss: 0.0043
[1m5/8[0m [32m━━━━━━━━━━━━[0m[37m━━━━━━━━[0m [1m0s[0m 83ms/step - loss: 0.0042
[1m6/8[0m [32m━━━━━━━━━━━━━━━[0m[37m━━━━━[0m [1m0s[0m 87ms/step - loss: 0.0041
[1m7/8[0m [32m━━━━━━━━━━━━━━━━━[0m[37m━━━[0m [1m0s[0m 91ms/step - loss: 0.0042
[1m8/8[0m [32m━━━━━━━━━━━━━━━━━━━━[0m[37m[0m [1m0s[0m 89ms/step - loss: 0.0042
[1m8/8[0m [32m━━━━━━━━━━━━━━━━━━━━[0m[37m[0m [1m1s[0m 130ms/step - loss: 0.0044
Epoch 178/200

[1m1/8[0m [32m━━[0m[37m━━━━━━━━━━━━━━━━━━[0m [1m1s[0m 274ms/step - loss: 0.0078
[1m2/8[0m [32m━━━━━[0m[37m━━━━━━━━━━━━━━━[0m [1m1s[0m 177ms/step - loss: 0.0066
[1m3/8[0m [32m━━━━━━━[0m[37m━━━━━━━━━━━━━[0m [1m0s[0m 120ms/step - loss: 0.0061
[1m4/8[0m [32m━━━━━━━━━━[0m[37m━━━━━━━━━━[0m [1m0s[0m 109ms/step - loss: 0.0061
[1m5/8[0m [32m━━━━━━━━━━━━[0m[37m━━━━━━━━[0m [1m0s[0m 98ms/step - loss: 0.0060 
[1m6/8[0m [32m━━━━━━━━━━━━━━━[0m[37m━━━━━[0m [1m0s[0m 99ms/step - loss: 0.0059
[1m7/8[0m [32m━━━━━━━━━━━━━━━━━[0m[37m━━━[0m [1m0s[0m 98ms/step - loss: 0.0057
[1m8/8[0m [32m━━━━━━━━━━━━━━━━━━━━[0m[37m[0m [1m0s[0m 97ms/step - loss: 0.0056
[1m8/8[0m [32m━━━━━━━━━━━━━━━━━━━━[0m[37m[0m [1m1s[0m 130ms/step - loss: 0.0050
Epoch 179/200

[1m1/8[0m [32m━━[0m[37m━━━━━━━━━━━━━━━━━━[0m [1m1s[0m 251ms/step - loss: 0.0049
[1m3/8[0m [32m━━━━━━━[0m[37m━━━━━━━━━━━━━[0m [1m0s[0m 62ms/step - loss: 0.0049 
[1m4/8[0m [32m━━━━━━━━━━[0m[37m━━━━━━━━━━[0m [1m0s[0m 73ms/step - loss: 0.0053
[1m6/8[0m [32m━━━━━━━━━━━━━━━[0m[37m━━━━━[0m [1m0s[0m 61ms/step - loss: 0.0054
[1m8/8[0m [32m━━━━━━━━━━━━━━━━━━━━[0m[37m[0m [1m0s[0m 61ms/step - loss: 0.0052
[1m8/8[0m [32m━━━━━━━━━━━━━━━━━━━━[0m[37m[0m [1m1s[0m 71ms/step - loss: 0.0047
Epoch 180/200

[1m1/8[0m [32m━━[0m[37m━━━━━━━━━━━━━━━━━━[0m [1m1s[0m 189ms/step - loss: 0.0028
[1m2/8[0m [32m━━━━━[0m[37m━━━━━━━━━━━━━━━[0m [1m0s[0m 70ms/step - loss: 0.0030 
[1m3/8[0m [32m━━━━━━━[0m[37m━━━━━━━━━━━━━[0m [1m0s[0m 75ms/step - loss: 0.0035
[1m4/8[0m [32m━━━━━━━━━━[0m[37m━━━━━━━━━━[0m [1m0s[0m 94ms/step - loss: 0.0037
[1m5/8[0m [32m━━━━━━━━━━━━[0m[37m━━━━━━━━[0m [1m0s[0m 102ms/step - loss: 0.0038
[1m6/8[0m [32m━━━━━━━━━━━━━━━[0m[37m━━━━━[0m [1m0s[0m 104ms/step - loss: 0.0039
[1m7/8[0m [32m━━━━━━━━━━━━━━━━━[0m[37m━━━[0m [1m0s[0m 102ms/step - loss: 0.0040
[1m8/8[0m [32m━━━━━━━━━━━━━━━━━━━━[0m[37m[0m [1m0s[0m 98ms/step - loss: 0.0041 
[1m8/8[0m [32m━━━━━━━━━━━━━━━━━━━━[0m[37m[0m [1m1s[0m 102ms/step - loss: 0.0046
Epoch 181/200

[1m1/8[0m [32m━━[0m[37m━━━━━━━━━━━━━━━━━━[0m [1m1s[0m 168ms/step - loss: 0.0034
[1m2/8[0m [32m━━━━━[0m[37m━━━━━━━━━━━━━━━[0m [1m0s[0m 82ms/step - loss: 0.0044 
[1m4/8[0m [32m━━━━━━━━━━[0m[37m━━━━━━━━━━[0m [1m0s[0m 60ms/step - loss: 0.0049
[1m5/8[0m [32m━━━━━━━━━━━━[0m[37m━━━━━━━━[0m [1m0s[0m 59ms/step - loss: 0.0050
[1m6/8[0m [32m━━━━━━━━━━━━━━━[0m[37m━━━━━[0m [1m0s[0m 58ms/step - loss: 0.0051
[1m7/8[0m [32m━━━━━━━━━━━━━━━━━[0m[37m━━━[0m [1m0s[0m 71ms/step - loss: 0.0051
[1m8/8[0m [32m━━━━━━━━━━━━━━━━━━━━[0m[37m[0m [1m0s[0m 73ms/step - loss: 0.0051
[1m8/8[0m [32m━━━━━━━━━━━━━━━━━━━━[0m[37m[0m [1m1s[0m 89ms/step - loss: 0.0051
Epoch 182/200

[1m1/8[0m [32m━━[0m[37m━━━━━━━━━━━━━━━━━━[0m [1m7s[0m 1s/step - loss: 0.0039
[1m2/8[0m [32m━━━━━[0m[37m━━━━━━━━━━━━━━━[0m [1m0s[0m 155ms/step - loss: 0.0038
[1m3/8[0m [32m━━━━━━━[0m[37m━━━━━━━━━━━━━[0m [1m0s[0m 135ms/step - loss: 0.0038
[1m4/8[0m [32m━━━━━━━━━━[0m[37m━━━━━━━━━━[0m [1m0s[0m 133ms/step - loss: 0.0039
[1m5/8[0m [32m━━━━━━━━━━━━[0m[37m━━━━━━━━[0m [1m0s[0m 127ms/step - loss: 0.0040
[1m6/8[0m [32m━━━━━━━━━━━━━━━[0m[37m━━━━━[0m [1m0s[0m 117ms/step - loss: 0.0040
[1m7/8[0m [32m━━━━━━━━━━━━━━━━━[0m[37m━━━[0m [1m0s[0m 111ms/step - loss: 0.0042
[1m8/8[0m [32m━━━━━━━━━━━━━━━━━━━━[0m[37m[0m [1m2s[0m 107ms/step - loss: 0.0050
Epoch 183/200

[1m1/8[0m [32m━━[0m[37m━━━━━━━━━━━━━━━━━━[0m [1m1s[0m 193ms/step - loss: 0.0038
[1m2/8[0m [32m━━━━━[0m[37m━━━━━━━━━━━━━━━[0m [1m0s[0m 80ms/step - loss: 0.0049 
[1m3/8[0m [32m━━━━━━━[0m[37m━━━━━━━━━━━━━[0m [1m0s[0m 118ms/step - loss: 0.0050
[1m4/8[0m [32m━━━━━━━━━━[0m[37m━━━━━━━━━━[0m [1m0s[0m 98ms/step - loss: 0.0051 
[1m5/8[0m [32m━━━━━━━━━━━━[0m[37m━━━━━━━━[0m [1m0s[0m 95ms/step - loss: 0.0050
[1m6/8[0m [32m━━━━━━━━━━━━━━━[0m[37m━━━━━[0m [1m0s[0m 90ms/step - loss: 0.0050
[1m7/8[0m [32m━━━━━━━━━━━━━━━━━[0m[37m━━━[0m [1m0s[0m 92ms/step - loss: 0.0050
[1m8/8[0m [32m━━━━━━━━━━━━━━━━━━━━[0m[37m[0m [1m0s[0m 87ms/step - loss: 0.0050
[1m8/8[0m [32m━━━━━━━━━━━━━━━━━━━━[0m[37m[0m [1m1s[0m 112ms/step - loss: 0.0050
Epoch 184/200

[1m1/8[0m [32m━━[0m[37m━━━━━━━━━━━━━━━━━━[0m [1m0s[0m 114ms/step - loss: 0.0067
[1m3/8[0m [32m━━━━━━━[0m[37m━━━━━━━━━━━━━[0m [1m0s[0m 39ms/step - loss: 0.0056 
[1m4/8[0m [32m━━━━━━━━━━[0m[37m━━━━━━━━━━[0m [1m0s[0m 47ms/step - loss: 0.0056
[1m5/8[0m [32m━━━━━━━━━━━━[0m[37m━━━━━━━━[0m [1m0s[0m 74ms/step - loss: 0.0055
[1m6/8[0m [32m━━━━━━━━━━━━━━━[0m[37m━━━━━[0m [1m0s[0m 77ms/step - loss: 0.0054
[1m7/8[0m [32m━━━━━━━━━━━━━━━━━[0m[37m━━━[0m [1m0s[0m 86ms/step - loss: 0.0053
[1m8/8[0m [32m━━━━━━━━━━━━━━━━━━━━[0m[37m[0m [1m1s[0m 95ms/step - loss: 0.0043
Epoch 185/200

[1m1/8[0m [32m━━[0m[37m━━━━━━━━━━━━━━━━━━[0m [1m0s[0m 132ms/step - loss: 0.0037
[1m3/8[0m [32m━━━━━━━[0m[37m━━━━━━━━━━━━━[0m [1m0s[0m 49ms/step - loss: 0.0043 
[1m4/8[0m [32m━━━━━━━━━━[0m[37m━━━━━━━━━━[0m [1m0s[0m 68ms/step - loss: 0.0046
[1m5/8[0m [32m━━━━━━━━━━━━[0m[37m━━━━━━━━[0m [1m0s[0m 79ms/step - loss: 0.0047
[1m6/8[0m [32m━━━━━━━━━━━━━━━[0m[37m━━━━━[0m [1m0s[0m 78ms/step - loss: 0.0048
[1m7/8[0m [32m━━━━━━━━━━━━━━━━━[0m[37m━━━[0m [1m0s[0m 76ms/step - loss: 0.0049
[1m8/8[0m [32m━━━━━━━━━━━━━━━━━━━━[0m[37m[0m [1m0s[0m 73ms/step - loss: 0.0049
[1m8/8[0m [32m━━━━━━━━━━━━━━━━━━━━[0m[37m[0m [1m1s[0m 87ms/step - loss: 0.0048
Epoch 186/200

[1m1/8[0m [32m━━[0m[37m━━━━━━━━━━━━━━━━━━[0m [1m0s[0m 141ms/step - loss: 0.0043
[1m3/8[0m [32m━━━━━━━[0m[37m━━━━━━━━━━━━━[0m [1m0s[0m 32ms/step - loss: 0.0038 
[1m6/8[0m [32m━━━━━━━━━━━━━━━[0m[37m━━━━━[0m [1m0s[0m 29ms/step - loss: 0.0039
[1m8/8[0m [32m━━━━━━━━━━━━━━━━━━━━[0m[37m[0m [1m0s[0m 30ms/step - loss: 0.0038
[1m8/8[0m [32m━━━━━━━━━━━━━━━━━━━━[0m[37m[0m [1m0s[0m 41ms/step - loss: 0.0038
Epoch 187/200

[1m1/8[0m [32m━━[0m[37m━━━━━━━━━━━━━━━━━━[0m [1m2s[0m 378ms/step - loss: 0.0050
[1m3/8[0m [32m━━━━━━━[0m[37m━━━━━━━━━━━━━[0m [1m0s[0m 56ms/step - loss: 0.0047 
[1m4/8[0m [32m━━━━━━━━━━[0m[37m━━━━━━━━━━[0m [1m0s[0m 65ms/step - loss: 0.0048
[1m5/8[0m [32m━━━━━━━━━━━━[0m[37m━━━━━━━━[0m [1m0s[0m 79ms/step - loss: 0.0049
[1m6/8[0m [32m━━━━━━━━━━━━━━━[0m[37m━━━━━[0m [1m0s[0m 77ms/step - loss: 0.0049
[1m7/8[0m [32m━━━━━━━━━━━━━━━━━[0m[37m━━━[0m [1m0s[0m 77ms/step - loss: 0.0050
[1m8/8[0m [32m━━━━━━━━━━━━━━━━━━━━[0m[37m[0m [1m0s[0m 75ms/step - loss: 0.0050
[1m8/8[0m [32m━━━━━━━━━━━━━━━━━━━━[0m[37m[0m [1m1s[0m 93ms/step - loss: 0.0051
Epoch 188/200

[1m1/8[0m [32m━━[0m[37m━━━━━━━━━━━━━━━━━━[0m [1m1s[0m 189ms/step - loss: 0.0091
[1m3/8[0m [32m━━━━━━━[0m[37m━━━━━━━━━━━━━[0m [1m0s[0m 51ms/step - loss: 0.0068 
[1m5/8[0m [32m━━━━━━━━━━━━[0m[37m━━━━━━━━[0m [1m0s[0m 43ms/step - loss: 0.0059
[1m6/8[0m [32m━━━━━━━━━━━━━━━[0m[37m━━━━━[0m [1m0s[0m 44ms/step - loss: 0.0059
[1m8/8[0m [32m━━━━━━━━━━━━━━━━━━━━[0m[37m[0m [1m0s[0m 43ms/step - loss: 0.0057
[1m8/8[0m [32m━━━━━━━━━━━━━━━━━━━━[0m[37m[0m [1m1s[0m 50ms/step - loss: 0.0051
Epoch 189/200

[1m1/8[0m [32m━━[0m[37m━━━━━━━━━━━━━━━━━━[0m [1m0s[0m 112ms/step - loss: 0.0037
[1m2/8[0m [32m━━━━━[0m[37m━━━━━━━━━━━━━━━[0m [1m0s[0m 86ms/step - loss: 0.0035 
[1m3/8[0m [32m━━━━━━━[0m[37m━━━━━━━━━━━━━[0m [1m0s[0m 70ms/step - loss: 0.0039
[1m5/8[0m [32m━━━━━━━━━━━━[0m[37m━━━━━━━━[0m [1m0s[0m 57ms/step - loss: 0.0042
[1m6/8[0m [32m━━━━━━━━━━━━━━━[0m[37m━━━━━[0m [1m0s[0m 56ms/step - loss: 0.0042
[1m7/8[0m [32m━━━━━━━━━━━━━━━━━[0m[37m━━━[0m [1m0s[0m 56ms/step - loss: 0.0043
[1m8/8[0m [32m━━━━━━━━━━━━━━━━━━━━[0m[37m[0m [1m1s[0m 67ms/step - loss: 0.0046
Epoch 190/200

[1m1/8[0m [32m━━[0m[37m━━━━━━━━━━━━━━━━━━[0m [1m2s[0m 325ms/step - loss: 0.0089
[1m2/8[0m [32m━━━━━[0m[37m━━━━━━━━━━━━━━━[0m [1m0s[0m 114ms/step - loss: 0.0077
[1m3/8[0m [32m━━━━━━━[0m[37m━━━━━━━━━━━━━[0m [1m0s[0m 97ms/step - loss: 0.0069 
[1m4/8[0m [32m━━━━━━━━━━[0m[37m━━━━━━━━━━[0m [1m0s[0m 113ms/step - loss: 0.0065
[1m5/8[0m [32m━━━━━━━━━━━━[0m[37m━━━━━━━━[0m [1m0s[0m 124ms/step - loss: 0.0061
[1m6/8[0m [32m━━━━━━━━━━━━━━━[0m[37m━━━━━[0m [1m0s[0m 131ms/step - loss: 0.0058
[1m7/8[0m [32m━━━━━━━━━━━━━━━━━[0m[37m━━━[0m [1m0s[0m 125ms/step - loss: 0.0056
[1m8/8[0m [32m━━━━━━━━━━━━━━━━━━━━[0m[37m[0m [1m0s[0m 126ms/step - loss: 0.0055
[1m8/8[0m [32m━━━━━━━━━━━━━━━━━━━━[0m[37m[0m [1m1s[0m 138ms/step - loss: 0.0045
Epoch 191/200

[1m1/8[0m [32m━━[0m[37m━━━━━━━━━━━━━━━━━━[0m [1m0s[0m 142ms/step - loss: 0.0062
[1m2/8[0m [32m━━━━━[0m[37m━━━━━━━━━━━━━━━[0m [1m0s[0m 93ms/step - loss: 0.0059 
[1m3/8[0m [32m━━━━━━━[0m[37m━━━━━━━━━━━━━[0m [1m0s[0m 82ms/step - loss: 0.0057
[1m4/8[0m [32m━━━━━━━━━━[0m[37m━━━━━━━━━━[0m [1m0s[0m 73ms/step - loss: 0.0057
[1m5/8[0m [32m━━━━━━━━━━━━[0m[37m━━━━━━━━[0m [1m0s[0m 73ms/step - loss: 0.0055
[1m7/8[0m [32m━━━━━━━━━━━━━━━━━[0m[37m━━━[0m [1m0s[0m 61ms/step - loss: 0.0054
[1m8/8[0m [32m━━━━━━━━━━━━━━━━━━━━[0m[37m[0m [1m1s[0m 60ms/step - loss: 0.0053
Epoch 192/200

[1m1/8[0m [32m━━[0m[37m━━━━━━━━━━━━━━━━━━[0m [1m0s[0m 137ms/step - loss: 0.0027
[1m2/8[0m [32m━━━━━[0m[37m━━━━━━━━━━━━━━━[0m [1m0s[0m 111ms/step - loss: 0.0030
[1m3/8[0m [32m━━━━━━━[0m[37m━━━━━━━━━━━━━[0m [1m0s[0m 106ms/step - loss: 0.0033
[1m4/8[0m [32m━━━━━━━━━━[0m[37m━━━━━━━━━━[0m [1m0s[0m 100ms/step - loss: 0.0035
[1m5/8[0m [32m━━━━━━━━━━━━[0m[37m━━━━━━━━[0m [1m0s[0m 105ms/step - loss: 0.0038
[1m6/8[0m [32m━━━━━━━━━━━━━━━[0m[37m━━━━━[0m [1m0s[0m 114ms/step - loss: 0.0040
[1m7/8[0m [32m━━━━━━━━━━━━━━━━━[0m[37m━━━[0m [1m0s[0m 136ms/step - loss: 0.0041
[1m8/8[0m [32m━━━━━━━━━━━━━━━━━━━━[0m[37m[0m [1m0s[0m 137ms/step - loss: 0.0042
[1m8/8[0m [32m━━━━━━━━━━━━━━━━━━━━[0m[37m[0m [1m1s[0m 179ms/step - loss: 0.0047
Epoch 193/200

[1m1/8[0m [32m━━[0m[37m━━━━━━━━━━━━━━━━━━[0m [1m0s[0m 93ms/step - loss: 0.0027
[1m3/8[0m [32m━━━━━━━[0m[37m━━━━━━━━━━━━━[0m [1m0s[0m 37ms/step - loss: 0.0046
[1m4/8[0m [32m━━━━━━━━━━[0m[37m━━━━━━━━━━[0m [1m0s[0m 48ms/step - loss: 0.0046
[1m5/8[0m [32m━━━━━━━━━━━━[0m[37m━━━━━━━━[0m [1m0s[0m 51ms/step - loss: 0.0046
[1m7/8[0m [32m━━━━━━━━━━━━━━━━━[0m[37m━━━[0m [1m0s[0m 48ms/step - loss: 0.0045
[1m8/8[0m [32m━━━━━━━━━━━━━━━━━━━━[0m[37m[0m [1m0s[0m 49ms/step - loss: 0.0046
[1m8/8[0m [32m━━━━━━━━━━━━━━━━━━━━[0m[37m[0m [1m1s[0m 60ms/step - loss: 0.0047
Epoch 194/200

[1m1/8[0m [32m━━[0m[37m━━━━━━━━━━━━━━━━━━[0m [1m0s[0m 94ms/step - loss: 0.0056
[1m2/8[0m [32m━━━━━[0m[37m━━━━━━━━━━━━━━━[0m [1m0s[0m 55ms/step - loss: 0.0061
[1m4/8[0m [32m━━━━━━━━━━[0m[37m━━━━━━━━━━[0m [1m0s[0m 45ms/step - loss: 0.0063
[1m6/8[0m [32m━━━━━━━━━━━━━━━[0m[37m━━━━━[0m [1m0s[0m 43ms/step - loss: 0.0060
[1m7/8[0m [32m━━━━━━━━━━━━━━━━━[0m[37m━━━[0m [1m0s[0m 51ms/step - loss: 0.0059
[1m8/8[0m [32m━━━━━━━━━━━━━━━━━━━━[0m[37m[0m [1m0s[0m 54ms/step - loss: 0.0058
[1m8/8[0m [32m━━━━━━━━━━━━━━━━━━━━[0m[37m[0m [1m1s[0m 76ms/step - loss: 0.0052
Epoch 195/200

[1m1/8[0m [32m━━[0m[37m━━━━━━━━━━━━━━━━━━[0m [1m0s[0m 127ms/step - loss: 0.0059
[1m3/8[0m [32m━━━━━━━[0m[37m━━━━━━━━━━━━━[0m [1m0s[0m 40ms/step - loss: 0.0052 
[1m5/8[0m [32m━━━━━━━━━━━━[0m[37m━━━━━━━━[0m [1m0s[0m 35ms/step - loss: 0.0049
[1m6/8[0m [32m━━━━━━━━━━━━━━━[0m[37m━━━━━[0m [1m0s[0m 48ms/step - loss: 0.0048
[1m8/8[0m [32m━━━━━━━━━━━━━━━━━━━━[0m[37m[0m [1m0s[0m 49ms/step - loss: 0.0047
[1m8/8[0m [32m━━━━━━━━━━━━━━━━━━━━[0m[37m[0m [1m1s[0m 57ms/step - loss: 0.0043
Epoch 196/200

[1m1/8[0m [32m━━[0m[37m━━━━━━━━━━━━━━━━━━[0m [1m0s[0m 111ms/step - loss: 0.0058
[1m2/8[0m [32m━━━━━[0m[37m━━━━━━━━━━━━━━━[0m [1m0s[0m 57ms/step - loss: 0.0058 
[1m3/8[0m [32m━━━━━━━[0m[37m━━━━━━━━━━━━━[0m [1m0s[0m 56ms/step - loss: 0.0056
[1m5/8[0m [32m━━━━━━━━━━━━[0m[37m━━━━━━━━[0m [1m0s[0m 49ms/step - loss: 0.0053
[1m6/8[0m [32m━━━━━━━━━━━━━━━[0m[37m━━━━━[0m [1m0s[0m 51ms/step - loss: 0.0052
[1m7/8[0m [32m━━━━━━━━━━━━━━━━━[0m[37m━━━[0m [1m0s[0m 53ms/step - loss: 0.0051
[1m8/8[0m [32m━━━━━━━━━━━━━━━━━━━━[0m[37m[0m [1m1s[0m 58ms/step - loss: 0.0046
Epoch 197/200

[1m1/8[0m [32m━━[0m[37m━━━━━━━━━━━━━━━━━━[0m [1m1s[0m 198ms/step - loss: 0.0092
[1m2/8[0m [32m━━━━━[0m[37m━━━━━━━━━━━━━━━[0m [1m0s[0m 58ms/step - loss: 0.0079 
[1m3/8[0m [32m━━━━━━━[0m[37m━━━━━━━━━━━━━[0m [1m0s[0m 70ms/step - loss: 0.0071
[1m4/8[0m [32m━━━━━━━━━━[0m[37m━━━━━━━━━━[0m [1m0s[0m 89ms/step - loss: 0.0065
[1m5/8[0m [32m━━━━━━━━━━━━[0m[37m━━━━━━━━[0m [1m0s[0m 81ms/step - loss: 0.0061
[1m7/8[0m [32m━━━━━━━━━━━━━━━━━[0m[37m━━━[0m [1m0s[0m 70ms/step - loss: 0.0058
[1m8/8[0m [32m━━━━━━━━━━━━━━━━━━━━[0m[37m[0m [1m0s[0m 67ms/step - loss: 0.0057
[1m8/8[0m [32m━━━━━━━━━━━━━━━━━━━━[0m[37m[0m [1m1s[0m 72ms/step - loss: 0.0051
Epoch 198/200

[1m1/8[0m [32m━━[0m[37m━━━━━━━━━━━━━━━━━━[0m [1m1s[0m 147ms/step - loss: 0.0037
[1m2/8[0m [32m━━━━━[0m[37m━━━━━━━━━━━━━━━[0m [1m0s[0m 105ms/step - loss: 0.0046
[1m3/8[0m [32m━━━━━━━[0m[37m━━━━━━━━━━━━━[0m [1m0s[0m 130ms/step - loss: 0.0047
[1m4/8[0m [32m━━━━━━━━━━[0m[37m━━━━━━━━━━[0m [1m0s[0m 111ms/step - loss: 0.0047
[1m5/8[0m [32m━━━━━━━━━━━━[0m[37m━━━━━━━━[0m [1m0s[0m 98ms/step - loss: 0.0047 
[1m7/8[0m [32m━━━━━━━━━━━━━━━━━[0m[37m━━━[0m [1m0s[0m 88ms/step - loss: 0.0046
[1m8/8[0m [32m━━━━━━━━━━━━━━━━━━━━[0m[37m[0m [1m0s[0m 86ms/step - loss: 0.0046
[1m8/8[0m [32m━━━━━━━━━━━━━━━━━━━━[0m[37m[0m [1m1s[0m 95ms/step - loss: 0.0044
Epoch 199/200

[1m1/8[0m [32m━━[0m[37m━━━━━━━━━━━━━━━━━━[0m [1m1s[0m 182ms/step - loss: 0.0047
[1m2/8[0m [32m━━━━━[0m[37m━━━━━━━━━━━━━━━[0m [1m0s[0m 97ms/step - loss: 0.0046 
[1m3/8[0m [32m━━━━━━━[0m[37m━━━━━━━━━━━━━[0m [1m0s[0m 100ms/step - loss: 0.0044
[1m4/8[0m [32m━━━━━━━━━━[0m[37m━━━━━━━━━━[0m [1m0s[0m 98ms/step - loss: 0.0043 
[1m5/8[0m [32m━━━━━━━━━━━━[0m[37m━━━━━━━━[0m [1m0s[0m 100ms/step - loss: 0.0044
[1m6/8[0m [32m━━━━━━━━━━━━━━━[0m[37m━━━━━[0m [1m0s[0m 100ms/step - loss: 0.0045
[1m7/8[0m [32m━━━━━━━━━━━━━━━━━[0m[37m━━━[0m [1m0s[0m 95ms/step - loss: 0.0046 
[1m8/8[0m [32m━━━━━━━━━━━━━━━━━━━━[0m[37m[0m [1m0s[0m 90ms/step - loss: 0.0047
[1m8/8[0m [32m━━━━━━━━━━━━━━━━━━━━[0m[37m[0m [1m1s[0m 106ms/step - loss: 0.0050
Epoch 200/200

[1m1/8[0m [32m━━[0m[37m━━━━━━━━━━━━━━━━━━[0m [1m1s[0m 171ms/step - loss: 0.0085
[1m2/8[0m [32m━━━━━[0m[37m━━━━━━━━━━━━━━━[0m [1m0s[0m 54ms/step - loss: 0.0080 
[1m3/8[0m [32m━━━━━━━[0m[37m━━━━━━━━━━━━━[0m [1m0s[0m 66ms/step - loss: 0.0075
[1m4/8[0m [32m━━━━━━━━━━[0m[37m━━━━━━━━━━[0m [1m0s[0m 64ms/step - loss: 0.0070
[1m5/8[0m [32m━━━━━━━━━━━━[0m[37m━━━━━━━━[0m [1m0s[0m 61ms/step - loss: 0.0067
[1m6/8[0m [32m━━━━━━━━━━━━━━━[0m[37m━━━━━[0m [1m0s[0m 60ms/step - loss: 0.0066
[1m7/8[0m [32m━━━━━━━━━━━━━━━━━[0m[37m━━━[0m [1m0s[0m 61ms/step - loss: 0.0064
[1m8/8[0m [32m━━━━━━━━━━━━━━━━━━━━[0m[37m[0m [1m0s[0m 59ms/step - loss: 0.0062
[1m8/8[0m [32m━━━━━━━━━━━━━━━━━━━━[0m[37m[0m [1m1s[0m 89ms/step - loss: 0.0052
Using bucket name: missingtimestamp
Bucket missingtimestamp created.
Uploading device15.keras to bucket missingtimestamp...
device15.keras uploaded to bucket missingtimestamp.
Uploading scaler to bucket missingtimestamp...
scaler.save uploaded to bucket missingtimestamp.

Model path is:  2025-12-08-00-00-00-2025-12-08-00-09-59-model
Triggering forecasting with retrained model
Forecasting.py script logs
Database connection established
Value of --retrain flag: True

Forecasting for retrained model using device15/2025-12-08-00-00-00-2025-12-08-00-09-59-model/device15.keras and device15/2025-12-08-00-00-00-2025-12-08-00-09-59-model/scaler.save
Successfully downloaded model and scaler from S3

Actual values fetched from database
    sensor_id  sensor_energy_value    sensor_timestamp  message_delay
0          15               1702.0 2025-12-08 00:09:00        66394.0
1          15               1704.8 2025-12-08 00:09:01        65333.0
2          15               1702.8 2025-12-08 00:09:02        64331.0
3          15               1705.5 2025-12-08 00:09:03        63318.0
4          15               1705.8 2025-12-08 00:09:04        62308.0
5          15               1702.7 2025-12-08 00:09:05        61304.0
6          15               1704.1 2025-12-08 00:09:06        60297.0
7          15               1700.4 2025-12-08 00:09:07        59290.0
8          15               1703.6 2025-12-08 00:09:08        58284.0
9          15               1704.6 2025-12-08 00:09:09        57283.0
10         15               1703.8 2025-12-08 00:09:10        56270.0
11         15               1700.3 2025-12-08 00:09:11        55268.0
12         15               1704.2 2025-12-08 00:09:12        54267.0
13         15               1702.8 2025-12-08 00:09:13        53265.0
14         15               1703.1 2025-12-08 00:09:14        52264.0
15         15               1707.6 2025-12-08 00:09:15        51241.0
16         15               1707.6 2025-12-08 00:09:16        50237.0
17         15               1712.4 2025-12-08 00:09:17        49234.0
18         15               1707.4 2025-12-08 00:09:18        48180.0
19         15               1709.1 2025-12-08 00:09:19        47177.0
20         15               1709.4 2025-12-08 00:09:20        46174.0
21         15               1713.0 2025-12-08 00:09:21        45171.0
22         15               1701.0 2025-12-08 00:09:22        44169.0
23         15               1714.3 2025-12-08 00:09:23        43165.0
24         15               1707.2 2025-12-08 00:09:24        42162.0
25         15               1706.7 2025-12-08 00:09:25        41156.0
26         15               1707.4 2025-12-08 00:09:26        40154.0
27         15               1708.0 2025-12-08 00:09:27        39148.0
28         15               1709.5 2025-12-08 00:09:28        37991.0
29         15               1708.5 2025-12-08 00:09:29        36989.0
30         15               1708.1 2025-12-08 00:09:30        35961.0
31         15               1726.0 2025-12-08 00:09:31        34959.0
32         15               1706.8 2025-12-08 00:09:32        33957.0
33         15               1709.1 2025-12-08 00:09:33        32948.0
34         15               1704.5 2025-12-08 00:09:34        31941.0
35         15               1707.9 2025-12-08 00:09:35        30937.0
36         15               1712.3 2025-12-08 00:09:36        29935.0
37         15               1711.4 2025-12-08 00:09:37        28933.0
38         15               1711.4 2025-12-08 00:09:38        27931.0
39         15               1708.4 2025-12-08 00:09:39        26928.0
40         15               1709.6 2025-12-08 00:09:40        25926.0
41         15               1709.0 2025-12-08 00:09:41        24911.0
42         15               1716.9 2025-12-08 00:09:42        23905.0
43         15               1707.1 2025-12-08 00:09:43        22904.0
44         15               1707.7 2025-12-08 00:09:44        21903.0
45         15               1703.9 2025-12-08 00:09:45        20900.0
46         15               1709.2 2025-12-08 00:09:46        19898.0
47         15               1707.6 2025-12-08 00:09:47        18893.0
48         15               1710.3 2025-12-08 00:09:48        17890.0
49         15               1703.3 2025-12-08 00:09:49        16889.0
50         15               1706.2 2025-12-08 00:09:50        15885.0
51         15               1724.8 2025-12-08 00:09:51        14878.0
52         15               1709.0 2025-12-08 00:09:52        13767.0
53         15               1706.6 2025-12-08 00:09:53        12766.0
54         15               1707.1 2025-12-08 00:09:54        11764.0
55         15               1704.2 2025-12-08 00:09:55        10759.0
56         15               1708.9 2025-12-08 00:09:56         9750.0
57         15               1719.4 2025-12-08 00:09:57         8746.0
58         15               1709.8 2025-12-08 00:09:58         7738.0
59         15               1710.1 2025-12-08 00:09:59         6730.0
Forecasted values:
    sensor_id  sensor_energy_value_prediction    sensor_timestamp
0          15                     1672.370117 2025-12-08 00:10:00
1          15                     1669.694824 2025-12-08 00:10:01
2          15                     1667.052856 2025-12-08 00:10:02
3          15                     1664.082153 2025-12-08 00:10:03
4          15                     1660.832764 2025-12-08 00:10:04
5          15                     1657.413818 2025-12-08 00:10:05
6          15                     1653.914429 2025-12-08 00:10:06
7          15                     1650.399292 2025-12-08 00:10:07
8          15                     1646.916138 2025-12-08 00:10:08
9          15                     1643.497192 2025-12-08 00:10:09
10         15                     1640.165649 2025-12-08 00:10:10
11         15                     1636.935913 2025-12-08 00:10:11
12         15                     1633.816772 2025-12-08 00:10:12
13         15                     1630.812134 2025-12-08 00:10:13
14         15                     1627.924194 2025-12-08 00:10:14
15         15                     1625.151123 2025-12-08 00:10:15
16         15                     1622.490601 2025-12-08 00:10:16
17         15                     1619.938721 2025-12-08 00:10:17
18         15                     1617.491333 2025-12-08 00:10:18
19         15                     1615.143799 2025-12-08 00:10:19
20         15                     1612.891113 2025-12-08 00:10:20
21         15                     1610.728027 2025-12-08 00:10:21
22         15                     1608.649292 2025-12-08 00:10:22
23         15                     1606.651245 2025-12-08 00:10:23
24         15                     1604.727173 2025-12-08 00:10:24
25         15                     1602.873657 2025-12-08 00:10:25
26         15                     1601.086548 2025-12-08 00:10:26
27         15                     1599.361328 2025-12-08 00:10:27
28         15                     1597.694214 2025-12-08 00:10:28
29         15                     1596.081909 2025-12-08 00:10:29
30         15                     1594.521118 2025-12-08 00:10:30
31         15                     1593.008667 2025-12-08 00:10:31
32         15                     1591.540161 2025-12-08 00:10:32
33         15                     1590.116333 2025-12-08 00:10:33
34         15                     1588.732422 2025-12-08 00:10:34
35         15                     1587.387329 2025-12-08 00:10:35
36         15                     1586.078125 2025-12-08 00:10:36
37         15                     1584.802979 2025-12-08 00:10:37
38         15                     1583.560547 2025-12-08 00:10:38
39         15                     1582.349121 2025-12-08 00:10:39
40         15                     1581.167603 2025-12-08 00:10:40
41         15                     1580.014038 2025-12-08 00:10:41
42         15                     1578.887573 2025-12-08 00:10:42
43         15                     1577.786255 2025-12-08 00:10:43
44         15                     1576.710449 2025-12-08 00:10:44
45         15                     1575.658447 2025-12-08 00:10:45
46         15                     1574.629517 2025-12-08 00:10:46
47         15                     1573.622070 2025-12-08 00:10:47
48         15                     1572.635498 2025-12-08 00:10:48
49         15                     1571.669189 2025-12-08 00:10:49
50         15                     1570.723145 2025-12-08 00:10:50
51         15                     1569.795288 2025-12-08 00:10:51
52         15                     1568.884277 2025-12-08 00:10:52
53         15                     1567.992676 2025-12-08 00:10:53
54         15                     1567.118408 2025-12-08 00:10:54
55         15                     1566.260620 2025-12-08 00:10:55
56         15                     1565.419312 2025-12-08 00:10:56
57         15                     1564.593628 2025-12-08 00:10:57
58         15                     1563.782227 2025-12-08 00:10:58
59         15                     1562.987427 2025-12-08 00:10:59
Forecasted values inserted into database
Exiting forecasting script

No new messages received yet.Trying again...

Actual data inserted to database
Triggering forecasting with retrained model
Forecasting.py script logs
Database connection established
Value of --retrain flag: True

Forecasting for retrained model using device15/2025-12-08-00-00-00-2025-12-08-00-09-59-model/device15.keras and device15/2025-12-08-00-00-00-2025-12-08-00-09-59-model/scaler.save
Successfully downloaded model and scaler from S3

Actual values fetched from database
    sensor_id  sensor_energy_value    sensor_timestamp  message_delay
0          15               1714.0 2025-12-08 00:10:00       240696.0
1          15               1709.0 2025-12-08 00:10:01       239693.0
2          15               1714.1 2025-12-08 00:10:02       238692.0
3          15               1716.5 2025-12-08 00:10:03       237691.0
4          15               1713.3 2025-12-08 00:10:04       236688.0
5          15               1713.2 2025-12-08 00:10:05       235685.0
6          15               1712.9 2025-12-08 00:10:06       234681.0
7          15               1709.5 2025-12-08 00:10:07       233679.0
8          15               1536.0 2025-12-08 00:10:08       232677.0
9          15               1542.2 2025-12-08 00:10:09       231677.0
10         15               1547.8 2025-12-08 00:10:10       230674.0
11         15               1552.5 2025-12-08 00:10:11       229672.0
12         15               1505.8 2025-12-08 00:10:12       228667.0
13         15                688.1 2025-12-08 00:10:13       227666.0
14         15                716.6 2025-12-08 00:10:14       226665.0
15         15                722.0 2025-12-08 00:10:15       225663.0
16         15                723.0 2025-12-08 00:10:16       224660.0
17         15                755.3 2025-12-08 00:10:17       223650.0
18         15                723.2 2025-12-08 00:10:18       222647.0
19         15                733.7 2025-12-08 00:10:19       221644.0
20         15                727.2 2025-12-08 00:10:20       220624.0
21         15                724.8 2025-12-08 00:10:21       219619.0
22         15                721.4 2025-12-08 00:10:22       218608.0
23         15                721.7 2025-12-08 00:10:23       217607.0
24         15                721.1 2025-12-08 00:10:24       216606.0
25         15                719.0 2025-12-08 00:10:25       215605.0
26         15                724.7 2025-12-08 00:10:26       214603.0
27         15                721.8 2025-12-08 00:10:27       213601.0
28         15                722.2 2025-12-08 00:10:28       212598.0
29         15                721.0 2025-12-08 00:10:29       211596.0
30         15                721.4 2025-12-08 00:10:30       210593.0
31         15                727.2 2025-12-08 00:10:31       209592.0
32         15                721.4 2025-12-08 00:10:32       208590.0
33         15                725.0 2025-12-08 00:10:33       207589.0
34         15                721.6 2025-12-08 00:10:34       206588.0
35         15                723.5 2025-12-08 00:10:35       205587.0
36         15                723.4 2025-12-08 00:10:36       204584.0
37         15                724.3 2025-12-08 00:10:37       203580.0
38         15                723.1 2025-12-08 00:10:38       202570.0
39         15                724.0 2025-12-08 00:10:39       201566.0
40         15                724.9 2025-12-08 00:10:40       200544.0
41         15                722.9 2025-12-08 00:10:41       199538.0
42         15                726.7 2025-12-08 00:10:42       198531.0
43         15                716.2 2025-12-08 00:10:43       197529.0
44         15                682.7 2025-12-08 00:10:44       196527.0
45         15                576.2 2025-12-08 00:10:45       195523.0
46         15                574.8 2025-12-08 00:10:46       194519.0
47         15                575.2 2025-12-08 00:10:47       193517.0
48         15                582.1 2025-12-08 00:10:48       192514.0
49         15                572.5 2025-12-08 00:10:49       191505.0
50         15                573.8 2025-12-08 00:10:50       190502.0
51         15                577.9 2025-12-08 00:10:51       189501.0
52         15                577.4 2025-12-08 00:10:52       188500.0
53         15                574.4 2025-12-08 00:10:53       187498.0
54         15                574.6 2025-12-08 00:10:54       186496.0
55         15                576.2 2025-12-08 00:10:55       185495.0
56         15                581.4 2025-12-08 00:10:56       184494.0
57         15                640.7 2025-12-08 00:10:57       183491.0
58         15                591.3 2025-12-08 00:10:58       182487.0
59         15                591.6 2025-12-08 00:10:59       181484.0
Forecasted values:
    sensor_id  sensor_energy_value_prediction    sensor_timestamp
0          15                      880.184143 2025-12-08 00:11:00
1          15                      886.855164 2025-12-08 00:11:01
2          15                      898.269409 2025-12-08 00:11:02
3          15                      913.324524 2025-12-08 00:11:03
4          15                      930.198425 2025-12-08 00:11:04
5          15                      947.655701 2025-12-08 00:11:05
6          15                      964.907715 2025-12-08 00:11:06
7          15                      981.472229 2025-12-08 00:11:07
8          15                      997.075623 2025-12-08 00:11:08
9          15                     1011.584839 2025-12-08 00:11:09
10         15                     1024.960083 2025-12-08 00:11:10
11         15                     1037.219482 2025-12-08 00:11:11
12         15                     1048.417480 2025-12-08 00:11:12
13         15                     1058.628540 2025-12-08 00:11:13
14         15                     1067.937378 2025-12-08 00:11:14
15         15                     1076.428833 2025-12-08 00:11:15
16         15                     1084.186523 2025-12-08 00:11:16
17         15                     1091.289062 2025-12-08 00:11:17
18         15                     1097.808838 2025-12-08 00:11:18
19         15                     1103.811523 2025-12-08 00:11:19
20         15                     1109.355347 2025-12-08 00:11:20
21         15                     1114.492188 2025-12-08 00:11:21
22         15                     1119.266724 2025-12-08 00:11:22
23         15                     1123.718994 2025-12-08 00:11:23
24         15                     1127.882812 2025-12-08 00:11:24
25         15                     1131.787964 2025-12-08 00:11:25
26         15                     1135.460327 2025-12-08 00:11:26
27         15                     1138.922119 2025-12-08 00:11:27
28         15                     1142.192749 2025-12-08 00:11:28
29         15                     1145.288940 2025-12-08 00:11:29
30         15                     1148.225708 2025-12-08 00:11:30
31         15                     1151.015747 2025-12-08 00:11:31
32         15                     1153.670776 2025-12-08 00:11:32
33         15                     1156.200439 2025-12-08 00:11:33
34         15                     1158.614380 2025-12-08 00:11:34
35         15                     1160.920288 2025-12-08 00:11:35
36         15                     1163.125488 2025-12-08 00:11:36
37         15                     1165.236938 2025-12-08 00:11:37
38         15                     1167.260254 2025-12-08 00:11:38
39         15                     1169.201294 2025-12-08 00:11:39
40         15                     1171.064941 2025-12-08 00:11:40
41         15                     1172.855957 2025-12-08 00:11:41
42         15                     1174.578613 2025-12-08 00:11:42
43         15                     1176.237061 2025-12-08 00:11:43
44         15                     1177.834839 2025-12-08 00:11:44
45         15                     1179.375366 2025-12-08 00:11:45
46         15                     1180.861694 2025-12-08 00:11:46
47         15                     1182.297363 2025-12-08 00:11:47
48         15                     1183.684937 2025-12-08 00:11:48
49         15                     1185.027222 2025-12-08 00:11:49
50         15                     1186.326294 2025-12-08 00:11:50
51         15                     1187.584595 2025-12-08 00:11:51
52         15                     1188.804321 2025-12-08 00:11:52
53         15                     1189.987183 2025-12-08 00:11:53
54         15                     1191.135132 2025-12-08 00:11:54
55         15                     1192.250122 2025-12-08 00:11:55
56         15                     1193.333374 2025-12-08 00:11:56
57         15                     1194.386841 2025-12-08 00:11:57
58         15                     1195.412476 2025-12-08 00:11:58
59         15                     1196.410400 2025-12-08 00:11:59
Forecasted values inserted into database
Exiting forecasting script

No new messages received yet.Trying again...

Actual data inserted to database
Triggering forecasting with retrained model
2026-05-15 20:02:17.394 INFO  [129661747066560] ClientConnection:1326 | [127.0.0.1:34388 -> 127.0.0.1:6650] Connection disconnected (refCnt: 2)
2026-05-15 20:03:57.767 INFO  [129661747066560] ConnectionPool:142 | Remove connection for pulsar://localhost:6650-pulsar://localhost:6650-0
2026-05-15 20:04:34.744 INFO  [129661747066560] HandlerBase:186 | [persistent://public/default/device15_model_consume, pythonSubscription, 0] Schedule reconnection in 0.1 s
2026-05-15 20:06:03.401 INFO  [129661747066560] ClientConnection:288 | [127.0.0.1:34388 -> 127.0.0.1:6650] Destroyed connection to pulsar://localhost:6650-0
2026-05-15 20:06:53.505 INFO  [129661747066560] ConsumerStatsImpl:59 | Consumer [persistent://public/default/device15_model_consume, pythonSubscription, 0] , ConsumerStatsImpl (numBytesRecieved_ = 8640, totalNumBytesRecieved_ = 21600, receivedMsgMap_ = {[Key: Ok, Value: 360], [Key: TimeOut, Value: 10], }, ackedMsgMap_ = {[Key: {Result: Ok, ackType: 0}, Value: 360], }, totalReceivedMsgMap_ = {[Key: Ok, Value: 900], [Key: TimeOut, Value: 307], }, totalAckedMsgMap_ = {[Key: {Result: Ok, ackType: 0}, Value: 900], })
2026-05-15 20:06:53.523 INFO  [129661747066560] HandlerBase:112 | [persistent://public/default/device15_model_consume, pythonSubscription, 0] Getting connection from pool
2026-05-15 20:06:53.524 INFO  [129661747066560] ClientConnection:196 | [<none> -> pulsar://localhost:6650] Create ClientConnection, timeout=10000
2026-05-15 20:06:53.524 INFO  [129661747066560] ConnectionPool:125 | Created connection for pulsar://localhost:6650-pulsar://localhost:6650-0
2026-05-15 20:06:53.578 INFO  [129661747066560] ClientConnection:416 | [127.0.0.1:54208 -> 127.0.0.1:6650] Connected to broker
2026-05-15 20:07:01.561 INFO  [129661747066560] BinaryProtoLookupService:85 | Lookup response for persistent://public/default/device15_model_consume, lookup-broker-url pulsar://localhost:6650, from [127.0.0.1:54208 -> 127.0.0.1:6650] 
2026-05-15 20:07:03.355 INFO  [129661747066560] ConsumerImpl:337 | [persistent://public/default/device15_model_consume, pythonSubscription, 0] Created consumer on broker [127.0.0.1:54208 -> 127.0.0.1:6650] 
2026-05-15 20:07:15.332 INFO  [129661747066560] HandlerBase:134 | Finished connecting to broker after 21640 ms
2026-05-15 20:07:48.716 INFO  [129661747066560] ConsumerImpl:1334 | Broker notification of Closed consumer: 0
2026-05-15 20:07:48.717 INFO  [129661747066560] HandlerBase:186 | [persistent://public/default/device15_model_consume, pythonSubscription, 0] Schedule reconnection in 0.1 s
