2026-05-15 19:27:53.789 INFO  [127363384766592] Client:86 | Subscribing on Topic :device10_model_consume
2026-05-15 19:27:53.790 INFO  [127363384766592] ClientConnection:196 | [<none> -> pulsar://localhost:6650] Create ClientConnection, timeout=10000
2026-05-15 19:27:53.790 INFO  [127363384766592] ConnectionPool:125 | Created connection for pulsar://localhost:6650-pulsar://localhost:6650-0
2026-05-15 19:27:53.792 INFO  [127362855335616] ClientConnection:416 | [127.0.0.1:55044 -> 127.0.0.1:6650] Connected to broker
2026-05-15 19:27:53.795 INFO  [127362855335616] HandlerBase:112 | [persistent://public/default/device10_model_consume, pythonSubscription, 0] Getting connection from pool
2026-05-15 19:27:53.796 INFO  [127362855335616] BinaryProtoLookupService:85 | Lookup response for persistent://public/default/device10_model_consume, lookup-broker-url pulsar://localhost:6650, from [127.0.0.1:55044 -> 127.0.0.1:6650] 
2026-05-15 19:27:53.828 INFO  [127362855335616] ConsumerImpl:337 | [persistent://public/default/device10_model_consume, pythonSubscription, 0] Created consumer on broker [127.0.0.1:55044 -> 127.0.0.1:6650] 
Coordinator service started
2026-05-15 19:27:53.828 INFO  [127362855335616] HandlerBase:134 | Finished connecting to broker after 32 ms

Database connection established
Dropped table device10_actualvalues
Table device10_actualvalues created successfully

No new messages received yet.Trying again...
No new messages received yet.Trying again...
No new messages received yet.Trying again...
No new messages received yet.Trying again...
No new messages received yet.Trying again...
No new messages received yet.Trying again...
No new messages received yet.Trying again...
No new messages received yet.Trying again...
No new messages received yet.Trying again...
No new messages received yet.Trying again...
No new messages received yet.Trying again...
No new messages received yet.Trying again...
No new messages received yet.Trying again...
No new messages received yet.Trying again...
No new messages received yet.Trying again...
No new messages received yet.Trying again...
No new messages received yet.Trying again...
No new messages received yet.Trying again...
No new messages received yet.Trying again...
No new messages received yet.Trying again...
No new messages received yet.Trying again...
No new messages received yet.Trying again...
No new messages received yet.Trying again...
No new messages received yet.Trying again...
No new messages received yet.Trying again...
No new messages received yet.Trying again...
No new messages received yet.Trying again...
No new messages received yet.Trying again...
No new messages received yet.Trying again...
No new messages received yet.Trying again...
No new messages received yet.Trying again...
No new messages received yet.Trying again...
No new messages received yet.Trying again...
No new messages received yet.Trying again...
No new messages received yet.Trying again...
No new messages received yet.Trying again...
No new messages received yet.Trying again...
No new messages received yet.Trying again...
No new messages received yet.Trying again...
No new messages received yet.Trying again...
No new messages received yet.Trying again...
No new messages received yet.Trying again...
No new messages received yet.Trying again...
No new messages received yet.Trying again...
No new messages received yet.Trying again...
No new messages received yet.Trying again...
No new messages received yet.Trying again...
No new messages received yet.Trying again...
No new messages received yet.Trying again...
No new messages received yet.Trying again...
No new messages received yet.Trying again...
No new messages received yet.Trying again...
No new messages received yet.Trying again...
No new messages received yet.Trying again...
No new messages received yet.Trying again...
No new messages received yet.Trying again...
No new messages received yet.Trying again...
No new messages received yet.Trying again...
No new messages received yet.Trying again...
No new messages received yet.Trying again...
No new messages received yet.Trying again...
No new messages received yet.Trying again...
No new messages received yet.Trying again...
No new messages received yet.Trying again...
No new messages received yet.Trying again...
No new messages received yet.Trying again...
No new messages received yet.Trying again...
No new messages received yet.Trying again...
No new messages received yet.Trying again...
No new messages received yet.Trying again...
No new messages received yet.Trying again...
No new messages received yet.Trying again...
No new messages received yet.Trying again...
No new messages received yet.Trying again...
No new messages received yet.Trying again...
No new messages received yet.Trying again...
No new messages received yet.Trying again...
No new messages received yet.Trying again...
No new messages received yet.Trying again...
No new messages received yet.Trying again...
No new messages received yet.Trying again...
No new messages received yet.Trying again...
No new messages received yet.Trying again...
No new messages received yet.Trying again...
No new messages received yet.Trying again...
No new messages received yet.Trying again...
No new messages received yet.Trying again...
No new messages received yet.Trying again...

Actual data inserted to database
No retrain triggered
Triggering forecasting

Forecasting.py script logs
Database connection established
Dropped table device10_forecastedvalues
Table device10_forecastedvalues created successfully

Value of --retrain flag: False

Forecasting for initial model using device10/initial/device10.keras and device10/initial/scaler.save
Successfully downloaded model and scaler from S3

Actual values fetched from database
    sensor_id  sensor_energy_value    sensor_timestamp  message_delay
0          10                599.6 2025-12-08 00:00:00        70710.0
1          10                610.8 2025-12-08 00:00:01        69697.0
2          10                595.3 2025-12-08 00:00:02        68691.0
3          10                595.3 2025-12-08 00:00:03        67689.0
4          10                593.7 2025-12-08 00:00:04        66687.0
5          10                595.2 2025-12-08 00:00:05        65684.0
6          10                594.9 2025-12-08 00:00:06        64683.0
7          10                594.4 2025-12-08 00:00:07        63681.0
8          10                593.6 2025-12-08 00:00:08        62679.0
9          10                600.2 2025-12-08 00:00:09        61677.0
10         10                602.3 2025-12-08 00:00:10        60675.0
11         10                594.8 2025-12-08 00:00:11        59673.0
12         10                594.7 2025-12-08 00:00:12        58671.0
13         10                593.1 2025-12-08 00:00:13        57670.0
14         10                595.3 2025-12-08 00:00:14        56668.0
15         10                593.7 2025-12-08 00:00:15        55666.0
16         10                594.5 2025-12-08 00:00:16        54664.0
17         10                594.6 2025-12-08 00:00:17        53662.0
18         10                596.1 2025-12-08 00:00:18        52660.0
19         10                608.9 2025-12-08 00:00:19        51658.0
20         10                597.9 2025-12-08 00:00:20        50656.0
21         10                601.4 2025-12-08 00:00:21        49654.0
22         10                595.0 2025-12-08 00:00:22        48653.0
23         10                595.6 2025-12-08 00:00:23        47651.0
24         10                595.7 2025-12-08 00:00:24        46650.0
25         10                590.8 2025-12-08 00:00:25        45649.0
26         10                593.2 2025-12-08 00:00:26        44646.0
27         10                613.7 2025-12-08 00:00:27        43643.0
28         10                595.1 2025-12-08 00:00:28        42642.0
29         10                594.1 2025-12-08 00:00:29        41640.0
30         10                591.4 2025-12-08 00:00:30        40638.0
31         10                590.4 2025-12-08 00:00:31        39636.0
32         10                595.3 2025-12-08 00:00:32        38633.0
33         10                727.1 2025-12-08 00:00:33        37632.0
34         10                697.3 2025-12-08 00:00:34        36629.0
35         10                703.6 2025-12-08 00:00:35        35627.0
36         10                696.7 2025-12-08 00:00:36        34625.0
37         10                604.4 2025-12-08 00:00:37        33623.0
38         10                692.7 2025-12-08 00:00:38        32619.0
39         10                750.3 2025-12-08 00:00:39        31616.0
40         10                708.5 2025-12-08 00:00:40        30614.0
41         10                710.8 2025-12-08 00:00:41        29611.0
42         10                709.5 2025-12-08 00:00:42        28610.0
43         10                699.3 2025-12-08 00:00:43        27608.0
44         10                697.1 2025-12-08 00:00:44        26607.0
45         10                694.5 2025-12-08 00:00:45        25601.0
46         10                699.0 2025-12-08 00:00:46        24597.0
47         10                695.6 2025-12-08 00:00:47        23594.0
48         10                699.2 2025-12-08 00:00:48        22590.0
49         10                695.9 2025-12-08 00:00:49        21587.0
50         10                697.5 2025-12-08 00:00:50        20585.0
51         10                701.1 2025-12-08 00:00:51        19583.0
52         10                700.3 2025-12-08 00:00:52        18581.0
53         10                696.4 2025-12-08 00:00:53        17579.0
54         10                696.5 2025-12-08 00:00:54        16576.0
55         10                699.2 2025-12-08 00:00:55        15574.0
56         10                698.3 2025-12-08 00:00:56        14572.0
57         10                699.4 2025-12-08 00:00:57        13570.0
58         10                698.7 2025-12-08 00:00:58        12568.0
59         10                698.8 2025-12-08 00:00:59        11565.0
Forecasted values:
    sensor_id  sensor_energy_value_prediction    sensor_timestamp
0          10                      872.588196 2025-12-08 00:01:00
1          10                      883.238892 2025-12-08 00:01:01
2          10                      896.280518 2025-12-08 00:01:02
3          10                      910.280151 2025-12-08 00:01:03
4          10                      924.407715 2025-12-08 00:01:04
5          10                      938.183411 2025-12-08 00:01:05
6          10                      951.343872 2025-12-08 00:01:06
7          10                      963.760559 2025-12-08 00:01:07
8          10                      975.385010 2025-12-08 00:01:08
9          10                      986.216614 2025-12-08 00:01:09
10         10                      996.281494 2025-12-08 00:01:10
11         10                     1005.619812 2025-12-08 00:01:11
12         10                     1014.278015 2025-12-08 00:01:12
13         10                     1022.304749 2025-12-08 00:01:13
14         10                     1029.747314 2025-12-08 00:01:14
15         10                     1036.650879 2025-12-08 00:01:15
16         10                     1043.058350 2025-12-08 00:01:16
17         10                     1049.008667 2025-12-08 00:01:17
18         10                     1054.538208 2025-12-08 00:01:18
19         10                     1059.679932 2025-12-08 00:01:19
20         10                     1064.464600 2025-12-08 00:01:20
21         10                     1068.919800 2025-12-08 00:01:21
22         10                     1073.071045 2025-12-08 00:01:22
23         10                     1076.941406 2025-12-08 00:01:23
24         10                     1080.552490 2025-12-08 00:01:24
25         10                     1083.923950 2025-12-08 00:01:25
26         10                     1087.073486 2025-12-08 00:01:26
27         10                     1090.017700 2025-12-08 00:01:27
28         10                     1092.771973 2025-12-08 00:01:28
29         10                     1095.349976 2025-12-08 00:01:29
30         10                     1097.764771 2025-12-08 00:01:30
31         10                     1100.028076 2025-12-08 00:01:31
32         10                     1102.150757 2025-12-08 00:01:32
33         10                     1104.143188 2025-12-08 00:01:33
34         10                     1106.014282 2025-12-08 00:01:34
35         10                     1107.772583 2025-12-08 00:01:35
36         10                     1109.426270 2025-12-08 00:01:36
37         10                     1110.982300 2025-12-08 00:01:37
38         10                     1112.447388 2025-12-08 00:01:38
39         10                     1113.827759 2025-12-08 00:01:39
40         10                     1115.129028 2025-12-08 00:01:40
41         10                     1116.356567 2025-12-08 00:01:41
42         10                     1117.515259 2025-12-08 00:01:42
43         10                     1118.609497 2025-12-08 00:01:43
44         10                     1119.643433 2025-12-08 00:01:44
45         10                     1120.620972 2025-12-08 00:01:45
46         10                     1121.545410 2025-12-08 00:01:46
47         10                     1122.420532 2025-12-08 00:01:47
48         10                     1123.249023 2025-12-08 00:01:48
49         10                     1124.033813 2025-12-08 00:01:49
50         10                     1124.777466 2025-12-08 00:01:50
51         10                     1125.482422 2025-12-08 00:01:51
52         10                     1126.151123 2025-12-08 00:01:52
53         10                     1126.785645 2025-12-08 00:01:53
54         10                     1127.387695 2025-12-08 00:01:54
55         10                     1127.959595 2025-12-08 00:01:55
56         10                     1128.502441 2025-12-08 00:01:56
57         10                     1129.018433 2025-12-08 00:01:57
58         10                     1129.508667 2025-12-08 00:01:58
59         10                     1129.974609 2025-12-08 00:01:59
Forecasted values inserted into database
Exiting forecasting script

No new messages received yet.Trying again...
No new messages received yet.Trying again...
No new messages received yet.Trying again...
No new messages received yet.Trying again...
No new messages received yet.Trying again...
No new messages received yet.Trying again...
No new messages received yet.Trying again...
No new messages received yet.Trying again...
No new messages received yet.Trying again...
No new messages received yet.Trying again...
No new messages received yet.Trying again...
No new messages received yet.Trying again...
No new messages received yet.Trying again...
No new messages received yet.Trying again...
No new messages received yet.Trying again...
No new messages received yet.Trying again...
No new messages received yet.Trying again...
No new messages received yet.Trying again...
No new messages received yet.Trying again...
No new messages received yet.Trying again...
No new messages received yet.Trying again...
No new messages received yet.Trying again...
No new messages received yet.Trying again...
No new messages received yet.Trying again...
No new messages received yet.Trying again...
No new messages received yet.Trying again...
No new messages received yet.Trying again...
No new messages received yet.Trying again...
No new messages received yet.Trying again...
No new messages received yet.Trying again...
No new messages received yet.Trying again...
No new messages received yet.Trying again...
No new messages received yet.Trying again...
No new messages received yet.Trying again...
No new messages received yet.Trying again...
No new messages received yet.Trying again...
No new messages received yet.Trying again...
No new messages received yet.Trying again...
No new messages received yet.Trying again...
No new messages received yet.Trying again...
No new messages received yet.Trying again...
No new messages received yet.Trying again...
No new messages received yet.Trying again...
No new messages received yet.Trying again...
No new messages received yet.Trying again...
No new messages received yet.Trying again...

Actual data inserted to database
No retrain triggered
Triggering forecasting

Forecasting.py script logs
Database connection established
Value of --retrain flag: False

Forecasting for initial model using device10/initial/device10.keras and device10/initial/scaler.save
Successfully downloaded model and scaler from S3

Actual values fetched from database
    sensor_id  sensor_energy_value    sensor_timestamp  message_delay
0          10          1110.914286 2025-12-08 00:01:00        70208.0
1          10          1110.914286 2025-12-08 00:01:01        69206.0
2          10          1110.914286 2025-12-08 00:01:02        68204.0
3          10          1110.914286 2025-12-08 00:01:03        67203.0
4          10           701.000000 2025-12-08 00:01:04        66201.0
5          10           926.400000 2025-12-08 00:01:05        65199.0
6          10          1081.000000 2025-12-08 00:01:06        64197.0
7          10           917.900000 2025-12-08 00:01:07        63196.0
8          10           898.600000 2025-12-08 00:01:08        62194.0
9          10           976.100000 2025-12-08 00:01:09        61192.0
10         10           909.100000 2025-12-08 00:01:10        60190.0
11         10           958.500000 2025-12-08 00:01:11        59188.0
12         10           985.700000 2025-12-08 00:01:12        58187.0
13         10          1010.500000 2025-12-08 00:01:13        57185.0
14         10          1038.400000 2025-12-08 00:01:14        56182.0
15         10          1062.700000 2025-12-08 00:01:15        55181.0
16         10          1079.200000 2025-12-08 00:01:16        54179.0
17         10          1100.000000 2025-12-08 00:01:17        53177.0
18         10          1117.700000 2025-12-08 00:01:18        52175.0
19         10          1131.600000 2025-12-08 00:01:19        51166.0
20         10          1141.700000 2025-12-08 00:01:20        50164.0
21         10          1144.700000 2025-12-08 00:01:21        49162.0
22         10          1140.000000 2025-12-08 00:01:22        48160.0
23         10          1147.000000 2025-12-08 00:01:23        47158.0
24         10          1151.800000 2025-12-08 00:01:24        46141.0
25         10          1147.700000 2025-12-08 00:01:25        45139.0
26         10          1145.200000 2025-12-08 00:01:26        44137.0
27         10          1151.200000 2025-12-08 00:01:27        43136.0
28         10          1150.800000 2025-12-08 00:01:28        42135.0
29         10          1153.000000 2025-12-08 00:01:29        41131.0
30         10          1148.400000 2025-12-08 00:01:30        40129.0
31         10          1145.400000 2025-12-08 00:01:31        39127.0
32         10          1145.500000 2025-12-08 00:01:32        38125.0
33         10          1146.100000 2025-12-08 00:01:33        37124.0
34         10          1148.100000 2025-12-08 00:01:34        36122.0
35         10          1149.200000 2025-12-08 00:01:35        35121.0
36         10          1150.900000 2025-12-08 00:01:36        34119.0
37         10          1143.000000 2025-12-08 00:01:37        33117.0
38         10          1143.800000 2025-12-08 00:01:38        32115.0
39         10          1148.700000 2025-12-08 00:01:39        31112.0
40         10          1149.900000 2025-12-08 00:01:40        30109.0
41         10          1149.900000 2025-12-08 00:01:41        29108.0
42         10          1155.700000 2025-12-08 00:01:42        28106.0
43         10          1159.200000 2025-12-08 00:01:43        27105.0
44         10          1157.600000 2025-12-08 00:01:44        26103.0
45         10          1166.000000 2025-12-08 00:01:45        25100.0
46         10          1167.900000 2025-12-08 00:01:46        24093.0
47         10          1166.500000 2025-12-08 00:01:47        23092.0
48         10          1169.900000 2025-12-08 00:01:48        22089.0
49         10          1167.900000 2025-12-08 00:01:49        21088.0
50         10          1169.700000 2025-12-08 00:01:50        20084.0
51         10          1174.200000 2025-12-08 00:01:51        19083.0
52         10          1174.100000 2025-12-08 00:01:52        18081.0
53         10          1171.600000 2025-12-08 00:01:53        17080.0
54         10          1174.600000 2025-12-08 00:01:54        16078.0
55         10          1173.100000 2025-12-08 00:01:55        15077.0
56         10          1173.500000 2025-12-08 00:01:56        14075.0
57         10          1179.100000 2025-12-08 00:01:57        13074.0
58         10          1177.100000 2025-12-08 00:01:58        12072.0
59         10          1197.100000 2025-12-08 00:01:59        11071.0
Forecasted values:
    sensor_id  sensor_energy_value_prediction    sensor_timestamp
0          10                     1169.021729 2025-12-08 00:02:00
1          10                     1168.808594 2025-12-08 00:02:01
2          10                     1168.360107 2025-12-08 00:02:02
3          10                     1167.685791 2025-12-08 00:02:03
4          10                     1166.877441 2025-12-08 00:02:04
5          10                     1165.997070 2025-12-08 00:02:05
6          10                     1165.082886 2025-12-08 00:02:06
7          10                     1164.159546 2025-12-08 00:02:07
8          10                     1163.242188 2025-12-08 00:02:08
9          10                     1162.339722 2025-12-08 00:02:09
10         10                     1161.457031 2025-12-08 00:02:10
11         10                     1160.597656 2025-12-08 00:02:11
12         10                     1159.763306 2025-12-08 00:02:12
13         10                     1158.953979 2025-12-08 00:02:13
14         10                     1158.170776 2025-12-08 00:02:14
15         10                     1157.413452 2025-12-08 00:02:15
16         10                     1156.681763 2025-12-08 00:02:16
17         10                     1155.975220 2025-12-08 00:02:17
18         10                     1155.293945 2025-12-08 00:02:18
19         10                     1154.636963 2025-12-08 00:02:19
20         10                     1154.004150 2025-12-08 00:02:20
21         10                     1153.394897 2025-12-08 00:02:21
22         10                     1152.808960 2025-12-08 00:02:22
23         10                     1152.245239 2025-12-08 00:02:23
24         10                     1151.703491 2025-12-08 00:02:24
25         10                     1151.183105 2025-12-08 00:02:25
26         10                     1150.683228 2025-12-08 00:02:26
27         10                     1150.203613 2025-12-08 00:02:27
28         10                     1149.743164 2025-12-08 00:02:28
29         10                     1149.301514 2025-12-08 00:02:29
30         10                     1148.878052 2025-12-08 00:02:30
31         10                     1148.472046 2025-12-08 00:02:31
32         10                     1148.082886 2025-12-08 00:02:32
33         10                     1147.709839 2025-12-08 00:02:33
34         10                     1147.352539 2025-12-08 00:02:34
35         10                     1147.010254 2025-12-08 00:02:35
36         10                     1146.682251 2025-12-08 00:02:36
37         10                     1146.368042 2025-12-08 00:02:37
38         10                     1146.067261 2025-12-08 00:02:38
39         10                     1145.779175 2025-12-08 00:02:39
40         10                     1145.503296 2025-12-08 00:02:40
41         10                     1145.239136 2025-12-08 00:02:41
42         10                     1144.986328 2025-12-08 00:02:42
43         10                     1144.744141 2025-12-08 00:02:43
44         10                     1144.512451 2025-12-08 00:02:44
45         10                     1144.290649 2025-12-08 00:02:45
46         10                     1144.078369 2025-12-08 00:02:46
47         10                     1143.874878 2025-12-08 00:02:47
48         10                     1143.680542 2025-12-08 00:02:48
49         10                     1143.494385 2025-12-08 00:02:49
50         10                     1143.316284 2025-12-08 00:02:50
51         10                     1143.145874 2025-12-08 00:02:51
52         10                     1142.982910 2025-12-08 00:02:52
53         10                     1142.826782 2025-12-08 00:02:53
54         10                     1142.677490 2025-12-08 00:02:54
55         10                     1142.534668 2025-12-08 00:02:55
56         10                     1142.398193 2025-12-08 00:02:56
57         10                     1142.267456 2025-12-08 00:02:57
58         10                     1142.142456 2025-12-08 00:02:58
59         10                     1142.023071 2025-12-08 00:02:59
Forecasted values inserted into database
Exiting forecasting script

No new messages received yet.Trying again...
No new messages received yet.Trying again...
No new messages received yet.Trying again...
No new messages received yet.Trying again...
No new messages received yet.Trying again...
No new messages received yet.Trying again...
No new messages received yet.Trying again...
No new messages received yet.Trying again...
No new messages received yet.Trying again...
No new messages received yet.Trying again...
No new messages received yet.Trying again...
No new messages received yet.Trying again...
No new messages received yet.Trying again...
No new messages received yet.Trying again...
No new messages received yet.Trying again...
No new messages received yet.Trying again...
No new messages received yet.Trying again...
No new messages received yet.Trying again...
No new messages received yet.Trying again...
No new messages received yet.Trying again...
No new messages received yet.Trying again...
No new messages received yet.Trying again...
No new messages received yet.Trying again...
No new messages received yet.Trying again...
No new messages received yet.Trying again...
No new messages received yet.Trying again...
No new messages received yet.Trying again...
No new messages received yet.Trying again...
No new messages received yet.Trying again...
No new messages received yet.Trying again...
No new messages received yet.Trying again...
No new messages received yet.Trying again...
No new messages received yet.Trying again...
No new messages received yet.Trying again...
No new messages received yet.Trying again...
No new messages received yet.Trying again...
No new messages received yet.Trying again...
No new messages received yet.Trying again...
No new messages received yet.Trying again...
No new messages received yet.Trying again...
No new messages received yet.Trying again...
No new messages received yet.Trying again...
No new messages received yet.Trying again...
No new messages received yet.Trying again...

Actual data inserted to database
No retrain triggered
Triggering forecasting

Forecasting.py script logs
Database connection established
Value of --retrain flag: False

Forecasting for initial model using device10/initial/device10.keras and device10/initial/scaler.save
Successfully downloaded model and scaler from S3

Actual values fetched from database
    sensor_id  sensor_energy_value    sensor_timestamp  message_delay
0          10               1179.1 2025-12-08 00:02:00        70234.0
1          10               1172.2 2025-12-08 00:02:01        69232.0
2          10               1170.8 2025-12-08 00:02:02        68230.0
3          10               1171.8 2025-12-08 00:02:03        67229.0
4          10               1171.3 2025-12-08 00:02:04        66227.0
5          10               1170.7 2025-12-08 00:02:05        65224.0
6          10               1172.9 2025-12-08 00:02:06        64222.0
7          10               1176.5 2025-12-08 00:02:07        63220.0
8          10               1168.7 2025-12-08 00:02:08        62218.0
9          10               1167.4 2025-12-08 00:02:09        61216.0
10         10               1170.3 2025-12-08 00:02:10        60215.0
11         10               1166.6 2025-12-08 00:02:11        59214.0
12         10               1171.5 2025-12-08 00:02:12        58213.0
13         10               1167.8 2025-12-08 00:02:13        57212.0
14         10               1168.8 2025-12-08 00:02:14        56210.0
15         10               1188.2 2025-12-08 00:02:15        55209.0
16         10               1167.6 2025-12-08 00:02:16        54207.0
17         10               1171.8 2025-12-08 00:02:17        53205.0
18         10               1172.5 2025-12-08 00:02:18        52201.0
19         10               1177.3 2025-12-08 00:02:19        51199.0
20         10               1177.5 2025-12-08 00:02:20        50197.0
21         10               1180.7 2025-12-08 00:02:21        49193.0
22         10               1174.7 2025-12-08 00:02:22        48191.0
23         10               1174.9 2025-12-08 00:02:23        47186.0
24         10               1178.8 2025-12-08 00:02:24        46182.0
25         10               1171.3 2025-12-08 00:02:25        45179.0
26         10               1171.4 2025-12-08 00:02:26        44176.0
27         10               1176.4 2025-12-08 00:02:27        43156.0
28         10               1175.2 2025-12-08 00:02:28        42153.0
29         10               1176.9 2025-12-08 00:02:29        41152.0
30         10               1174.4 2025-12-08 00:02:30        40150.0
31         10               1168.6 2025-12-08 00:02:31        39147.0
32         10               1169.6 2025-12-08 00:02:32        38145.0
33         10               1174.0 2025-12-08 00:02:33        37110.0
34         10               1170.5 2025-12-08 00:02:34        36072.0
35         10               1171.8 2025-12-08 00:02:35        35056.0
36         10               1170.9 2025-12-08 00:02:36        34052.0
37         10               1169.2 2025-12-08 00:02:37        33050.0
38         10               1171.1 2025-12-08 00:02:38        32047.0
39         10               1173.3 2025-12-08 00:02:39        31045.0
40         10               1172.9 2025-12-08 00:02:40        30044.0
41         10               1177.5 2025-12-08 00:02:41        28937.0
42         10               1169.7 2025-12-08 00:02:42        27836.0
43         10               1166.1 2025-12-08 00:02:43        26749.0
44         10               1171.0 2025-12-08 00:02:44        25523.0
45         10               1169.3 2025-12-08 00:02:45        24500.0
46         10               1172.8 2025-12-08 00:02:46        23498.0
47         10               1174.3 2025-12-08 00:02:47        22453.0
48         10               1169.5 2025-12-08 00:02:48        21449.0
49         10               1168.6 2025-12-08 00:02:49        20445.0
50         10               1169.2 2025-12-08 00:02:50        19439.0
51         10               1172.9 2025-12-08 00:02:51        18437.0
52         10               1169.6 2025-12-08 00:02:52        17431.0
53         10               1169.1 2025-12-08 00:02:53        16430.0
54         10               1165.1 2025-12-08 00:02:54        15382.0
55         10               1169.0 2025-12-08 00:02:55        14381.0
56         10               1169.0 2025-12-08 00:02:56        13378.0
57         10               1173.6 2025-12-08 00:02:57        12376.0
58         10               1169.1 2025-12-08 00:02:58        11374.0
59         10               1177.4 2025-12-08 00:02:59        10370.0
Forecasted values:
    sensor_id  sensor_energy_value_prediction    sensor_timestamp
0          10                     1164.225098 2025-12-08 00:03:00
1          10                     1163.701660 2025-12-08 00:03:01
2          10                     1163.071289 2025-12-08 00:03:02
3          10                     1162.345581 2025-12-08 00:03:03
4          10                     1161.569458 2025-12-08 00:03:04
5          10                     1160.772705 2025-12-08 00:03:05
6          10                     1159.973633 2025-12-08 00:03:06
7          10                     1159.184204 2025-12-08 00:03:07
8          10                     1158.410767 2025-12-08 00:03:08
9          10                     1157.657715 2025-12-08 00:03:09
10         10                     1156.927002 2025-12-08 00:03:10
11         10                     1156.219727 2025-12-08 00:03:11
12         10                     1155.536255 2025-12-08 00:03:12
13         10                     1154.876465 2025-12-08 00:03:13
14         10                     1154.240234 2025-12-08 00:03:14
15         10                     1153.627197 2025-12-08 00:03:15
16         10                     1153.036743 2025-12-08 00:03:16
17         10                     1152.468262 2025-12-08 00:03:17
18         10                     1151.921509 2025-12-08 00:03:18
19         10                     1151.395630 2025-12-08 00:03:19
20         10                     1150.890259 2025-12-08 00:03:20
21         10                     1150.404419 2025-12-08 00:03:21
22         10                     1149.937988 2025-12-08 00:03:22
23         10                     1149.490112 2025-12-08 00:03:23
24         10                     1149.060181 2025-12-08 00:03:24
25         10                     1148.647583 2025-12-08 00:03:25
26         10                     1148.251953 2025-12-08 00:03:26
27         10                     1147.872437 2025-12-08 00:03:27
28         10                     1147.508667 2025-12-08 00:03:28
29         10                     1147.160034 2025-12-08 00:03:29
30         10                     1146.825928 2025-12-08 00:03:30
31         10                     1146.505859 2025-12-08 00:03:31
32         10                     1146.199219 2025-12-08 00:03:32
33         10                     1145.905273 2025-12-08 00:03:33
34         10                     1145.624023 2025-12-08 00:03:34
35         10                     1145.354736 2025-12-08 00:03:35
36         10                     1145.096558 2025-12-08 00:03:36
37         10                     1144.849731 2025-12-08 00:03:37
38         10                     1144.613403 2025-12-08 00:03:38
39         10                     1144.387085 2025-12-08 00:03:39
40         10                     1144.170532 2025-12-08 00:03:40
41         10                     1143.963257 2025-12-08 00:03:41
42         10                     1143.764893 2025-12-08 00:03:42
43         10                     1143.575073 2025-12-08 00:03:43
44         10                     1143.393433 2025-12-08 00:03:44
45         10                     1143.219727 2025-12-08 00:03:45
46         10                     1143.053467 2025-12-08 00:03:46
47         10                     1142.894287 2025-12-08 00:03:47
48         10                     1142.742065 2025-12-08 00:03:48
49         10                     1142.596558 2025-12-08 00:03:49
50         10                     1142.457275 2025-12-08 00:03:50
51         10                     1142.323975 2025-12-08 00:03:51
52         10                     1142.196533 2025-12-08 00:03:52
53         10                     1142.074829 2025-12-08 00:03:53
54         10                     1141.958252 2025-12-08 00:03:54
55         10                     1141.846802 2025-12-08 00:03:55
56         10                     1141.740234 2025-12-08 00:03:56
57         10                     1141.638184 2025-12-08 00:03:57
58         10                     1141.540649 2025-12-08 00:03:58
59         10                     1141.447510 2025-12-08 00:03:59
Forecasted values inserted into database
Exiting forecasting script

No new messages received yet.Trying again...
No new messages received yet.Trying again...
No new messages received yet.Trying again...
No new messages received yet.Trying again...
No new messages received yet.Trying again...
No new messages received yet.Trying again...
No new messages received yet.Trying again...
No new messages received yet.Trying again...
No new messages received yet.Trying again...
No new messages received yet.Trying again...
No new messages received yet.Trying again...
No new messages received yet.Trying again...
No new messages received yet.Trying again...
No new messages received yet.Trying again...
No new messages received yet.Trying again...
No new messages received yet.Trying again...
No new messages received yet.Trying again...
No new messages received yet.Trying again...
No new messages received yet.Trying again...
No new messages received yet.Trying again...
No new messages received yet.Trying again...
No new messages received yet.Trying again...
No new messages received yet.Trying again...
No new messages received yet.Trying again...
No new messages received yet.Trying again...
No new messages received yet.Trying again...
No new messages received yet.Trying again...
No new messages received yet.Trying again...
No new messages received yet.Trying again...
No new messages received yet.Trying again...
No new messages received yet.Trying again...
No new messages received yet.Trying again...
No new messages received yet.Trying again...
No new messages received yet.Trying again...
No new messages received yet.Trying again...
No new messages received yet.Trying again...
No new messages received yet.Trying again...
No new messages received yet.Trying again...
No new messages received yet.Trying again...
No new messages received yet.Trying again...
No new messages received yet.Trying again...
No new messages received yet.Trying again...
No new messages received yet.Trying again...
No new messages received yet.Trying again...

Actual data inserted to database
No retrain triggered
Triggering forecasting

Forecasting.py script logs
Database connection established
Value of --retrain flag: False

Forecasting for initial model using device10/initial/device10.keras and device10/initial/scaler.save
Successfully downloaded model and scaler from S3

Actual values fetched from database
    sensor_id  sensor_energy_value    sensor_timestamp  message_delay
0          10               1171.2 2025-12-08 00:03:00        69100.0
1          10               1173.9 2025-12-08 00:03:01        68099.0
2          10               1171.9 2025-12-08 00:03:02        67095.0
3          10               1169.8 2025-12-08 00:03:03        66093.0
4          10               1185.8 2025-12-08 00:03:04        65090.0
5          10               1170.1 2025-12-08 00:03:05        64087.0
6          10               1191.2 2025-12-08 00:03:06        63082.0
7          10               1166.4 2025-12-08 00:03:07        62077.0
8          10               1164.3 2025-12-08 00:03:08        61072.0
9          10               1175.5 2025-12-08 00:03:09        60067.0
10         10               1172.3 2025-12-08 00:03:10        59062.0
11         10               1168.3 2025-12-08 00:03:11        58050.0
12         10               1171.6 2025-12-08 00:03:12        57040.0
13         10               1167.8 2025-12-08 00:03:13        56039.0
14         10               1169.1 2025-12-08 00:03:14        55037.0
15         10               1179.5 2025-12-08 00:03:15        54036.0
16         10               1165.1 2025-12-08 00:03:16        53035.0
17         10               1167.3 2025-12-08 00:03:17        52033.0
18         10               1171.7 2025-12-08 00:03:18        51031.0
19         10               1173.7 2025-12-08 00:03:19        50030.0
20         10               1171.5 2025-12-08 00:03:20        49028.0
21         10               1175.9 2025-12-08 00:03:21        48027.0
22         10               1174.3 2025-12-08 00:03:22        47026.0
23         10               1180.4 2025-12-08 00:03:23        46024.0
24         10               1183.8 2025-12-08 00:03:24        45022.0
25         10               1163.9 2025-12-08 00:03:25        44021.0
26         10               1170.2 2025-12-08 00:03:26        43019.0
27         10               1207.2 2025-12-08 00:03:27        42018.0
28         10               1300.8 2025-12-08 00:03:28        41017.0
29         10               1277.4 2025-12-08 00:03:29        40015.0
30         10               1277.1 2025-12-08 00:03:30        39014.0
31         10               1277.2 2025-12-08 00:03:31        38012.0
32         10               1277.5 2025-12-08 00:03:32        37009.0
33         10               1280.9 2025-12-08 00:03:33        36007.0
34         10               1285.2 2025-12-08 00:03:34        35005.0
35         10               1290.8 2025-12-08 00:03:35        34004.0
36         10               1266.7 2025-12-08 00:03:36        33002.0
37         10               1279.2 2025-12-08 00:03:37        32000.0
38         10               1278.3 2025-12-08 00:03:38        30996.0
39         10               1280.6 2025-12-08 00:03:39        29994.0
40         10               1281.1 2025-12-08 00:03:40        28993.0
41         10               1274.5 2025-12-08 00:03:41        27991.0
42         10               1282.2 2025-12-08 00:03:42        26989.0
43         10               1273.4 2025-12-08 00:03:43        25987.0
44         10               1279.1 2025-12-08 00:03:44        24985.0
45         10               1276.6 2025-12-08 00:03:45        23984.0
46         10               1276.0 2025-12-08 00:03:46        22982.0
47         10               1275.1 2025-12-08 00:03:47        21981.0
48         10               1276.3 2025-12-08 00:03:48        20975.0
49         10               1274.8 2025-12-08 00:03:49        19974.0
50         10               1274.6 2025-12-08 00:03:50        18972.0
51         10               1277.9 2025-12-08 00:03:51        17971.0
52         10               1282.4 2025-12-08 00:03:52        16970.0
53         10               1286.4 2025-12-08 00:03:53        15969.0
54         10               1283.3 2025-12-08 00:03:54        14968.0
55         10               1276.1 2025-12-08 00:03:55        13967.0
56         10               1305.4 2025-12-08 00:03:56        12966.0
57         10               1347.6 2025-12-08 00:03:57        11965.0
58         10               1338.7 2025-12-08 00:03:58        10961.0
59         10               1337.0 2025-12-08 00:03:59         9959.0
Forecasted values:
    sensor_id  sensor_energy_value_prediction    sensor_timestamp
0          10                     1281.458618 2025-12-08 00:04:00
1          10                     1280.769775 2025-12-08 00:04:01
2          10                     1279.224609 2025-12-08 00:04:02
3          10                     1276.948608 2025-12-08 00:04:03
4          10                     1274.223389 2025-12-08 00:04:04
5          10                     1271.238159 2025-12-08 00:04:05
6          10                     1268.113159 2025-12-08 00:04:06
7          10                     1264.922363 2025-12-08 00:04:07
8          10                     1261.711670 2025-12-08 00:04:08
9          10                     1258.508179 2025-12-08 00:04:09
10         10                     1255.328491 2025-12-08 00:04:10
11         10                     1252.182007 2025-12-08 00:04:11
12         10                     1249.074585 2025-12-08 00:04:12
13         10                     1246.009888 2025-12-08 00:04:13
14         10                     1242.989746 2025-12-08 00:04:14
15         10                     1240.015747 2025-12-08 00:04:15
16         10                     1237.089111 2025-12-08 00:04:16
17         10                     1234.211060 2025-12-08 00:04:17
18         10                     1231.382202 2025-12-08 00:04:18
19         10                     1228.603638 2025-12-08 00:04:19
20         10                     1225.876099 2025-12-08 00:04:20
21         10                     1223.200562 2025-12-08 00:04:21
22         10                     1220.577515 2025-12-08 00:04:22
23         10                     1218.007812 2025-12-08 00:04:23
24         10                     1215.491821 2025-12-08 00:04:24
25         10                     1213.030396 2025-12-08 00:04:25
26         10                     1210.623413 2025-12-08 00:04:26
27         10                     1208.271484 2025-12-08 00:04:27
28         10                     1205.974365 2025-12-08 00:04:28
29         10                     1203.731689 2025-12-08 00:04:29
30         10                     1201.544800 2025-12-08 00:04:30
31         10                     1199.412964 2025-12-08 00:04:31
32         10                     1197.336060 2025-12-08 00:04:32
33         10                     1195.314087 2025-12-08 00:04:33
34         10                     1193.346191 2025-12-08 00:04:34
35         10                     1191.432129 2025-12-08 00:04:35
36         10                     1189.571411 2025-12-08 00:04:36
37         10                     1187.763794 2025-12-08 00:04:37
38         10                     1186.008057 2025-12-08 00:04:38
39         10                     1184.303833 2025-12-08 00:04:39
40         10                     1182.650269 2025-12-08 00:04:40
41         10                     1181.046753 2025-12-08 00:04:41
42         10                     1179.492432 2025-12-08 00:04:42
43         10                     1177.986328 2025-12-08 00:04:43
44         10                     1176.527832 2025-12-08 00:04:44
45         10                     1175.115723 2025-12-08 00:04:45
46         10                     1173.749512 2025-12-08 00:04:46
47         10                     1172.427734 2025-12-08 00:04:47
48         10                     1171.149902 2025-12-08 00:04:48
49         10                     1169.914917 2025-12-08 00:04:49
50         10                     1168.721680 2025-12-08 00:04:50
51         10                     1167.569214 2025-12-08 00:04:51
52         10                     1166.456787 2025-12-08 00:04:52
53         10                     1165.382935 2025-12-08 00:04:53
54         10                     1164.347046 2025-12-08 00:04:54
55         10                     1163.348022 2025-12-08 00:04:55
56         10                     1162.385132 2025-12-08 00:04:56
57         10                     1161.456787 2025-12-08 00:04:57
58         10                     1160.562256 2025-12-08 00:04:58
59         10                     1159.700806 2025-12-08 00:04:59
Forecasted values inserted into database
Exiting forecasting script

No new messages received yet.Trying again...
No new messages received yet.Trying again...
No new messages received yet.Trying again...
No new messages received yet.Trying again...
No new messages received yet.Trying again...
No new messages received yet.Trying again...
No new messages received yet.Trying again...
No new messages received yet.Trying again...
No new messages received yet.Trying again...
No new messages received yet.Trying again...
No new messages received yet.Trying again...
No new messages received yet.Trying again...
No new messages received yet.Trying again...
No new messages received yet.Trying again...
No new messages received yet.Trying again...
No new messages received yet.Trying again...
No new messages received yet.Trying again...
No new messages received yet.Trying again...
No new messages received yet.Trying again...
No new messages received yet.Trying again...
No new messages received yet.Trying again...
No new messages received yet.Trying again...
No new messages received yet.Trying again...
No new messages received yet.Trying again...
No new messages received yet.Trying again...
No new messages received yet.Trying again...
No new messages received yet.Trying again...
No new messages received yet.Trying again...
No new messages received yet.Trying again...
No new messages received yet.Trying again...
No new messages received yet.Trying again...
No new messages received yet.Trying again...
No new messages received yet.Trying again...
No new messages received yet.Trying again...
No new messages received yet.Trying again...
No new messages received yet.Trying again...
No new messages received yet.Trying again...
No new messages received yet.Trying again...
No new messages received yet.Trying again...
No new messages received yet.Trying again...
No new messages received yet.Trying again...
No new messages received yet.Trying again...
No new messages received yet.Trying again...
No new messages received yet.Trying again...
No new messages received yet.Trying again...

Actual data inserted to database
No retrain triggered
Triggering forecasting

Forecasting.py script logs
Database connection established
Value of --retrain flag: False

Forecasting for initial model using device10/initial/device10.keras and device10/initial/scaler.save
Successfully downloaded model and scaler from S3

Actual values fetched from database
    sensor_id  sensor_energy_value    sensor_timestamp  message_delay
0          10               1347.4 2025-12-08 00:04:00        69054.0
1          10               1347.4 2025-12-08 00:04:01        68052.0
2          10               1337.7 2025-12-08 00:04:02        67051.0
3          10               1339.2 2025-12-08 00:04:03        66049.0
4          10               1341.2 2025-12-08 00:04:04        65048.0
5          10               1343.6 2025-12-08 00:04:05        64046.0
6          10               1351.0 2025-12-08 00:04:06        63045.0
7          10               1340.2 2025-12-08 00:04:07        62043.0
8          10               1346.8 2025-12-08 00:04:08        61041.0
9          10               1344.9 2025-12-08 00:04:09        60039.0
10         10               1343.8 2025-12-08 00:04:10        59038.0
11         10               1341.1 2025-12-08 00:04:11        58036.0
12         10               1347.9 2025-12-08 00:04:12        57035.0
13         10               1334.4 2025-12-08 00:04:13        56033.0
14         10               1332.2 2025-12-08 00:04:14        55032.0
15         10               1342.3 2025-12-08 00:04:15        54030.0
16         10               1348.0 2025-12-08 00:04:16        53027.0
17         10               1339.5 2025-12-08 00:04:17        52025.0
18         10               1338.1 2025-12-08 00:04:18        51024.0
19         10               1344.6 2025-12-08 00:04:19        50022.0
20         10               1346.1 2025-12-08 00:04:20        49012.0
21         10               1345.6 2025-12-08 00:04:21        48011.0
22         10               1348.8 2025-12-08 00:04:22        47010.0
23         10               1333.7 2025-12-08 00:04:23        46009.0
24         10               1336.8 2025-12-08 00:04:24        45008.0
25         10               1346.8 2025-12-08 00:04:25        44007.0
26         10               1340.7 2025-12-08 00:04:26        43005.0
27         10               1345.4 2025-12-08 00:04:27        42004.0
28         10               1346.4 2025-12-08 00:04:28        41001.0
29         10               1355.5 2025-12-08 00:04:29        40000.0
30         10               1339.8 2025-12-08 00:04:30        38997.0
31         10               1335.1 2025-12-08 00:04:31        37995.0
32         10               1350.0 2025-12-08 00:04:32        36991.0
33         10               1336.3 2025-12-08 00:04:33        35981.0
34         10               1336.4 2025-12-08 00:04:34        34979.0
35         10               1330.8 2025-12-08 00:04:35        33975.0
36         10               1353.1 2025-12-08 00:04:36        32972.0
37         10               1419.4 2025-12-08 00:04:37        31971.0
38         10               1417.6 2025-12-08 00:04:38        30969.0
39         10               1417.7 2025-12-08 00:04:39        29966.0
40         10               1419.5 2025-12-08 00:04:40        28965.0
41         10               1425.4 2025-12-08 00:04:41        27960.0
42         10               1422.1 2025-12-08 00:04:42        26956.0
43         10               1421.4 2025-12-08 00:04:43        25954.0
44         10               1423.2 2025-12-08 00:04:44        24952.0
45         10               1425.5 2025-12-08 00:04:45        23950.0
46         10               1425.0 2025-12-08 00:04:46        22947.0
47         10               1423.2 2025-12-08 00:04:47        21920.0
48         10               1425.8 2025-12-08 00:04:48        20918.0
49         10               1422.6 2025-12-08 00:04:49        19917.0
50         10               1429.2 2025-12-08 00:04:50        18910.0
51         10               1429.3 2025-12-08 00:04:51        17903.0
52         10               1428.0 2025-12-08 00:04:52        16902.0
53         10               1420.6 2025-12-08 00:04:53        15901.0
54         10               1416.6 2025-12-08 00:04:54        14900.0
55         10               1415.9 2025-12-08 00:04:55        13898.0
56         10               1416.2 2025-12-08 00:04:56        12896.0
57         10               1423.6 2025-12-08 00:04:57        11894.0
58         10               1420.8 2025-12-08 00:04:58        10892.0
59         10               1418.0 2025-12-08 00:04:59         9890.0
Forecasted values:
    sensor_id  sensor_energy_value_prediction    sensor_timestamp
0          10                     1400.274902 2025-12-08 00:05:00
1          10                     1397.935425 2025-12-08 00:05:01
2          10                     1395.316162 2025-12-08 00:05:02
3          10                     1392.464355 2025-12-08 00:05:03
4          10                     1389.460449 2025-12-08 00:05:04
5          10                     1386.358765 2025-12-08 00:05:05
6          10                     1383.193726 2025-12-08 00:05:06
7          10                     1379.985718 2025-12-08 00:05:07
8          10                     1376.747559 2025-12-08 00:05:08
9          10                     1373.485229 2025-12-08 00:05:09
10         10                     1370.203857 2025-12-08 00:05:10
11         10                     1366.905273 2025-12-08 00:05:11
12         10                     1363.590820 2025-12-08 00:05:12
13         10                     1360.261353 2025-12-08 00:05:13
14         10                     1356.917725 2025-12-08 00:05:14
15         10                     1353.560669 2025-12-08 00:05:15
16         10                     1350.190308 2025-12-08 00:05:16
17         10                     1346.807617 2025-12-08 00:05:17
18         10                     1343.414185 2025-12-08 00:05:18
19         10                     1340.010132 2025-12-08 00:05:19
20         10                     1336.597168 2025-12-08 00:05:20
21         10                     1333.176270 2025-12-08 00:05:21
22         10                     1329.748657 2025-12-08 00:05:22
23         10                     1326.315796 2025-12-08 00:05:23
24         10                     1322.879517 2025-12-08 00:05:24
25         10                     1319.441162 2025-12-08 00:05:25
26         10                     1316.001465 2025-12-08 00:05:26
27         10                     1312.562988 2025-12-08 00:05:27
28         10                     1309.127075 2025-12-08 00:05:28
29         10                     1305.695679 2025-12-08 00:05:29
30         10                     1302.270142 2025-12-08 00:05:30
31         10                     1298.852783 2025-12-08 00:05:31
32         10                     1295.445557 2025-12-08 00:05:32
33         10                     1292.049561 2025-12-08 00:05:33
34         10                     1288.667480 2025-12-08 00:05:34
35         10                     1285.300781 2025-12-08 00:05:35
36         10                     1281.951904 2025-12-08 00:05:36
37         10                     1278.621582 2025-12-08 00:05:37
38         10                     1275.311035 2025-12-08 00:05:38
39         10                     1272.024658 2025-12-08 00:05:39
40         10                     1268.764038 2025-12-08 00:05:40
41         10                     1265.531250 2025-12-08 00:05:41
42         10                     1262.327881 2025-12-08 00:05:42
43         10                     1259.156128 2025-12-08 00:05:43
44         10                     1256.017700 2025-12-08 00:05:44
45         10                     1252.914551 2025-12-08 00:05:45
46         10                     1249.848022 2025-12-08 00:05:46
47         10                     1246.820312 2025-12-08 00:05:47
48         10                     1243.832764 2025-12-08 00:05:48
49         10                     1240.886719 2025-12-08 00:05:49
50         10                     1237.983887 2025-12-08 00:05:50
51         10                     1235.125366 2025-12-08 00:05:51
52         10                     1232.312500 2025-12-08 00:05:52
53         10                     1229.546753 2025-12-08 00:05:53
54         10                     1226.828979 2025-12-08 00:05:54
55         10                     1224.160400 2025-12-08 00:05:55
56         10                     1221.541504 2025-12-08 00:05:56
57         10                     1218.973389 2025-12-08 00:05:57
58         10                     1216.456543 2025-12-08 00:05:58
59         10                     1213.991455 2025-12-08 00:05:59
Forecasted values inserted into database
Exiting forecasting script

No new messages received yet.Trying again...
No new messages received yet.Trying again...
No new messages received yet.Trying again...
No new messages received yet.Trying again...
No new messages received yet.Trying again...
No new messages received yet.Trying again...
No new messages received yet.Trying again...
No new messages received yet.Trying again...
No new messages received yet.Trying again...
No new messages received yet.Trying again...
No new messages received yet.Trying again...
No new messages received yet.Trying again...
No new messages received yet.Trying again...
No new messages received yet.Trying again...
No new messages received yet.Trying again...
No new messages received yet.Trying again...
No new messages received yet.Trying again...
No new messages received yet.Trying again...
No new messages received yet.Trying again...
No new messages received yet.Trying again...
No new messages received yet.Trying again...
No new messages received yet.Trying again...
No new messages received yet.Trying again...
No new messages received yet.Trying again...
No new messages received yet.Trying again...
No new messages received yet.Trying again...
No new messages received yet.Trying again...
No new messages received yet.Trying again...
No new messages received yet.Trying again...
No new messages received yet.Trying again...
No new messages received yet.Trying again...
No new messages received yet.Trying again...
No new messages received yet.Trying again...
No new messages received yet.Trying again...
No new messages received yet.Trying again...
No new messages received yet.Trying again...
No new messages received yet.Trying again...
No new messages received yet.Trying again...
No new messages received yet.Trying again...
No new messages received yet.Trying again...
No new messages received yet.Trying again...
No new messages received yet.Trying again...
No new messages received yet.Trying again...
No new messages received yet.Trying again...
No new messages received yet.Trying again...

Actual data inserted to database
No retrain triggered
Triggering forecasting

Forecasting.py script logs
Database connection established
Value of --retrain flag: False

Forecasting for initial model using device10/initial/device10.keras and device10/initial/scaler.save
Successfully downloaded model and scaler from S3

Actual values fetched from database
    sensor_id  sensor_energy_value    sensor_timestamp  message_delay
0          10               1419.6 2025-12-08 00:05:00        68976.0
1          10               1423.3 2025-12-08 00:05:01        67973.0
2          10               1418.2 2025-12-08 00:05:02        66971.0
3          10               1420.7 2025-12-08 00:05:03        65968.0
4          10               1421.0 2025-12-08 00:05:04        64967.0
5          10               1419.3 2025-12-08 00:05:05        63965.0
6          10               1425.3 2025-12-08 00:05:06        62964.0
7          10               1433.0 2025-12-08 00:05:07        61961.0
8          10               1417.4 2025-12-08 00:05:08        60959.0
9          10               1426.6 2025-12-08 00:05:09        59957.0
10         10               1437.7 2025-12-08 00:05:10        58949.0
11         10               1418.0 2025-12-08 00:05:11        57947.0
12         10               1418.7 2025-12-08 00:05:12        56945.0
13         10               1418.7 2025-12-08 00:05:13        55943.0
14         10               1419.6 2025-12-08 00:05:14        54941.0
15         10               1424.2 2025-12-08 00:05:15        53939.0
16         10               1426.9 2025-12-08 00:05:16        52937.0
17         10               1426.4 2025-12-08 00:05:17        51934.0
18         10               1421.5 2025-12-08 00:05:18        50933.0
19         10               1428.6 2025-12-08 00:05:19        49930.0
20         10               1428.6 2025-12-08 00:05:20        48929.0
21         10               1429.4 2025-12-08 00:05:21        47926.0
22         10               1426.4 2025-12-08 00:05:22        46923.0
23         10               1422.6 2025-12-08 00:05:23        45921.0
24         10               1423.5 2025-12-08 00:05:24        44918.0
25         10               1421.9 2025-12-08 00:05:25        43917.0
26         10               1486.5 2025-12-08 00:05:26        42915.0
27         10               1541.7 2025-12-08 00:05:27        41907.0
28         10               1561.5 2025-12-08 00:05:28        40903.0
29         10               1550.5 2025-12-08 00:05:29        39901.0
30         10               1558.5 2025-12-08 00:05:30        38899.0
31         10               1578.8 2025-12-08 00:05:31        37893.0
32         10               1561.6 2025-12-08 00:05:32        36886.0
33         10               1575.6 2025-12-08 00:05:33        35884.0
34         10               1555.6 2025-12-08 00:05:34        34880.0
35         10               1558.7 2025-12-08 00:05:35        33877.0
36         10               1559.3 2025-12-08 00:05:36        32868.0
37         10               1559.2 2025-12-08 00:05:37        31865.0
38         10               1554.4 2025-12-08 00:05:38        30864.0
39         10               1557.6 2025-12-08 00:05:39        29848.0
40         10               1560.4 2025-12-08 00:05:40        28837.0
41         10               1558.5 2025-12-08 00:05:41        27835.0
42         10               1558.1 2025-12-08 00:05:42        26789.0
43         10               1560.9 2025-12-08 00:05:43        25788.0
44         10               1556.0 2025-12-08 00:05:44        24786.0
45         10               1558.1 2025-12-08 00:05:45        23783.0
46         10               1564.1 2025-12-08 00:05:46        22688.0
47         10               1553.0 2025-12-08 00:05:47        21679.0
48         10               1559.9 2025-12-08 00:05:48        20671.0
49         10               1559.2 2025-12-08 00:05:49        19669.0
50         10               1561.0 2025-12-08 00:05:50        18665.0
51         10               1558.9 2025-12-08 00:05:51        17614.0
52         10               1558.9 2025-12-08 00:05:52        16572.0
53         10               1556.0 2025-12-08 00:05:53        15568.0
54         10               1561.9 2025-12-08 00:05:54        14560.0
55         10               1556.5 2025-12-08 00:05:55        13558.0
56         10               1556.9 2025-12-08 00:05:56        12547.0
57         10               1562.3 2025-12-08 00:05:57        11396.0
58         10               1559.5 2025-12-08 00:05:58        10354.0
59         10               1556.2 2025-12-08 00:05:59         9318.0
Forecasted values:
    sensor_id  sensor_energy_value_prediction    sensor_timestamp
0          10                     1558.721558 2025-12-08 00:06:00
1          10                     1558.897827 2025-12-08 00:06:01
2          10                     1559.078369 2025-12-08 00:06:02
3          10                     1559.275146 2025-12-08 00:06:03
4          10                     1559.489014 2025-12-08 00:06:04
5          10                     1559.719604 2025-12-08 00:06:05
6          10                     1559.966675 2025-12-08 00:06:06
7          10                     1560.229004 2025-12-08 00:06:07
8          10                     1560.505981 2025-12-08 00:06:08
9          10                     1560.798462 2025-12-08 00:06:09
10         10                     1561.104370 2025-12-08 00:06:10
11         10                     1561.423828 2025-12-08 00:06:11
12         10                     1561.757812 2025-12-08 00:06:12
13         10                     1562.104492 2025-12-08 00:06:13
14         10                     1562.464478 2025-12-08 00:06:14
15         10                     1562.837036 2025-12-08 00:06:15
16         10                     1563.221680 2025-12-08 00:06:16
17         10                     1563.618408 2025-12-08 00:06:17
18         10                     1564.027588 2025-12-08 00:06:18
19         10                     1564.448975 2025-12-08 00:06:19
20         10                     1564.881714 2025-12-08 00:06:20
21         10                     1565.326172 2025-12-08 00:06:21
22         10                     1565.781982 2025-12-08 00:06:22
23         10                     1566.249512 2025-12-08 00:06:23
24         10                     1566.728394 2025-12-08 00:06:24
25         10                     1567.218262 2025-12-08 00:06:25
26         10                     1567.719604 2025-12-08 00:06:26
27         10                     1568.227661 2025-12-08 00:06:27
28         10                     1568.744019 2025-12-08 00:06:28
29         10                     1569.271729 2025-12-08 00:06:29
30         10                     1569.813477 2025-12-08 00:06:30
31         10                     1570.368286 2025-12-08 00:06:31
32         10                     1570.935425 2025-12-08 00:06:32
33         10                     1571.518188 2025-12-08 00:06:33
34         10                     1572.114746 2025-12-08 00:06:34
35         10                     1572.727905 2025-12-08 00:06:35
36         10                     1573.356201 2025-12-08 00:06:36
37         10                     1574.000244 2025-12-08 00:06:37
38         10                     1574.660522 2025-12-08 00:06:38
39         10                     1575.338379 2025-12-08 00:06:39
40         10                     1576.032837 2025-12-08 00:06:40
41         10                     1576.744873 2025-12-08 00:06:41
42         10                     1577.475464 2025-12-08 00:06:42
43         10                     1578.224487 2025-12-08 00:06:43
44         10                     1578.992920 2025-12-08 00:06:44
45         10                     1579.781372 2025-12-08 00:06:45
46         10                     1580.590088 2025-12-08 00:06:46
47         10                     1581.419067 2025-12-08 00:06:47
48         10                     1582.270630 2025-12-08 00:06:48
49         10                     1583.143677 2025-12-08 00:06:49
50         10                     1584.039429 2025-12-08 00:06:50
51         10                     1584.958252 2025-12-08 00:06:51
52         10                     1585.901245 2025-12-08 00:06:52
53         10                     1586.869019 2025-12-08 00:06:53
54         10                     1587.862183 2025-12-08 00:06:54
55         10                     1588.880981 2025-12-08 00:06:55
56         10                     1589.926880 2025-12-08 00:06:56
57         10                     1591.000122 2025-12-08 00:06:57
58         10                     1592.101318 2025-12-08 00:06:58
59         10                     1593.231445 2025-12-08 00:06:59
Forecasted values inserted into database
Exiting forecasting script

No new messages received yet.Trying again...
No new messages received yet.Trying again...
No new messages received yet.Trying again...
No new messages received yet.Trying again...
No new messages received yet.Trying again...
No new messages received yet.Trying again...
No new messages received yet.Trying again...
No new messages received yet.Trying again...
No new messages received yet.Trying again...
No new messages received yet.Trying again...
No new messages received yet.Trying again...
No new messages received yet.Trying again...
No new messages received yet.Trying again...
No new messages received yet.Trying again...
No new messages received yet.Trying again...
No new messages received yet.Trying again...
No new messages received yet.Trying again...
No new messages received yet.Trying again...
No new messages received yet.Trying again...
No new messages received yet.Trying again...
No new messages received yet.Trying again...
No new messages received yet.Trying again...
No new messages received yet.Trying again...
No new messages received yet.Trying again...
No new messages received yet.Trying again...
No new messages received yet.Trying again...
No new messages received yet.Trying again...
No new messages received yet.Trying again...
No new messages received yet.Trying again...
No new messages received yet.Trying again...
No new messages received yet.Trying again...
No new messages received yet.Trying again...
No new messages received yet.Trying again...
No new messages received yet.Trying again...
No new messages received yet.Trying again...
No new messages received yet.Trying again...
No new messages received yet.Trying again...
No new messages received yet.Trying again...
No new messages received yet.Trying again...

Actual data inserted to database
No retrain triggered
Triggering forecasting

Forecasting.py script logs
Database connection established
Value of --retrain flag: False

Forecasting for initial model using device10/initial/device10.keras and device10/initial/scaler.save
Successfully downloaded model and scaler from S3

Actual values fetched from database
    sensor_id  sensor_energy_value    sensor_timestamp  message_delay
0          10               1565.2 2025-12-08 00:06:00        68253.0
1          10               1562.2 2025-12-08 00:06:01        67251.0
2          10               1565.4 2025-12-08 00:06:02        66247.0
3          10               1561.2 2025-12-08 00:06:03        65243.0
4          10               1557.8 2025-12-08 00:06:04        64234.0
5          10               1560.2 2025-12-08 00:06:05        63222.0
6          10               1560.8 2025-12-08 00:06:06        62218.0
7          10               1562.0 2025-12-08 00:06:07        61215.0
8          10               1557.4 2025-12-08 00:06:08        60212.0
9          10               1567.2 2025-12-08 00:06:09        59210.0
10         10               1569.9 2025-12-08 00:06:10        58203.0
11         10               1559.0 2025-12-08 00:06:11        57201.0
12         10               1577.0 2025-12-08 00:06:12        56179.0
13         10               1562.9 2025-12-08 00:06:13        55173.0
14         10               1559.6 2025-12-08 00:06:14        54170.0
15         10               1561.2 2025-12-08 00:06:15        53168.0
16         10               1556.5 2025-12-08 00:06:16        52165.0
17         10               1557.6 2025-12-08 00:06:17        51158.0
18         10               1576.1 2025-12-08 00:06:18        50156.0
19         10               1567.9 2025-12-08 00:06:19        49155.0
20         10               1563.4 2025-12-08 00:06:20        48153.0
21         10               1560.5 2025-12-08 00:06:21        47152.0
22         10               1562.1 2025-12-08 00:06:22        46146.0
23         10               1562.5 2025-12-08 00:06:23        45142.0
24         10               1561.6 2025-12-08 00:06:24        44139.0
25         10               1560.0 2025-12-08 00:06:25        43135.0
26         10               1569.5 2025-12-08 00:06:26        42128.0
27         10               1559.9 2025-12-08 00:06:27        41121.0
28         10               1563.0 2025-12-08 00:06:28        40114.0
29         10               1557.2 2025-12-08 00:06:29        39109.0
30         10               1560.4 2025-12-08 00:06:30        38107.0
31         10               1560.3 2025-12-08 00:06:31        37106.0
32         10               1570.6 2025-12-08 00:06:32        36104.0
33         10               1562.7 2025-12-08 00:06:33        35099.0
34         10               1560.2 2025-12-08 00:06:34        34095.0
35         10               1558.2 2025-12-08 00:06:35        33091.0
36         10               1558.5 2025-12-08 00:06:36        32088.0
37         10               1559.8 2025-12-08 00:06:37        31087.0
38         10               1560.9 2025-12-08 00:06:38        30085.0
39         10               1563.8 2025-12-08 00:06:39        29082.0
40         10               1556.1 2025-12-08 00:06:40        28079.0
41         10               1560.8 2025-12-08 00:06:41        27077.0
42         10               1563.3 2025-12-08 00:06:42        26076.0
43         10               1561.1 2025-12-08 00:06:43        25074.0
44         10               1564.5 2025-12-08 00:06:44        24071.0
45         10               1560.4 2025-12-08 00:06:45        23070.0
46         10               1560.0 2025-12-08 00:06:46        22068.0
47         10               1557.3 2025-12-08 00:06:47        21065.0
48         10               1562.7 2025-12-08 00:06:48        20064.0
49         10               1563.8 2025-12-08 00:06:49        19063.0
50         10               1562.0 2025-12-08 00:06:50        18062.0
51         10               1563.6 2025-12-08 00:06:51        17061.0
52         10               1558.6 2025-12-08 00:06:52        16060.0
53         10               1559.8 2025-12-08 00:06:53        15059.0
54         10               1557.2 2025-12-08 00:06:54        14057.0
55         10               1561.4 2025-12-08 00:06:55        13056.0
56         10               1568.6 2025-12-08 00:06:56        12056.0
57         10               1571.0 2025-12-08 00:06:57        11054.0
58         10               1561.0 2025-12-08 00:06:58        10053.0
59         10               1560.3 2025-12-08 00:06:59         9052.0
Forecasted values:
    sensor_id  sensor_energy_value_prediction    sensor_timestamp
0          10                     1565.277344 2025-12-08 00:07:00
1          10                     1565.675659 2025-12-08 00:07:01
2          10                     1566.087769 2025-12-08 00:07:02
3          10                     1566.528198 2025-12-08 00:07:03
4          10                     1566.992920 2025-12-08 00:07:04
5          10                     1567.477173 2025-12-08 00:07:05
6          10                     1567.977295 2025-12-08 00:07:06
7          10                     1568.491943 2025-12-08 00:07:07
8          10                     1569.020020 2025-12-08 00:07:08
9          10                     1569.561523 2025-12-08 00:07:09
10         10                     1570.115479 2025-12-08 00:07:10
11         10                     1570.682983 2025-12-08 00:07:11
12         10                     1571.264648 2025-12-08 00:07:12
13         10                     1571.859253 2025-12-08 00:07:13
14         10                     1572.469360 2025-12-08 00:07:14
15         10                     1573.094727 2025-12-08 00:07:15
16         10                     1573.735107 2025-12-08 00:07:16
17         10                     1574.391724 2025-12-08 00:07:17
18         10                     1575.064575 2025-12-08 00:07:18
19         10                     1575.752686 2025-12-08 00:07:19
20         10                     1576.458984 2025-12-08 00:07:20
21         10                     1577.183350 2025-12-08 00:07:21
22         10                     1577.926514 2025-12-08 00:07:22
23         10                     1578.688232 2025-12-08 00:07:23
24         10                     1579.469360 2025-12-08 00:07:24
25         10                     1580.270630 2025-12-08 00:07:25
26         10                     1581.092407 2025-12-08 00:07:26
27         10                     1581.934448 2025-12-08 00:07:27
28         10                     1582.799316 2025-12-08 00:07:28
29         10                     1583.686279 2025-12-08 00:07:29
30         10                     1584.596191 2025-12-08 00:07:30
31         10                     1585.529907 2025-12-08 00:07:31
32         10                     1586.487671 2025-12-08 00:07:32
33         10                     1587.469971 2025-12-08 00:07:33
34         10                     1588.478149 2025-12-08 00:07:34
35         10                     1589.513306 2025-12-08 00:07:35
36         10                     1590.575439 2025-12-08 00:07:36
37         10                     1591.665527 2025-12-08 00:07:37
38         10                     1592.784180 2025-12-08 00:07:38
39         10                     1593.932007 2025-12-08 00:07:39
40         10                     1595.109985 2025-12-08 00:07:40
41         10                     1596.319824 2025-12-08 00:07:41
42         10                     1597.560913 2025-12-08 00:07:42
43         10                     1598.834839 2025-12-08 00:07:43
44         10                     1600.142700 2025-12-08 00:07:44
45         10                     1601.485229 2025-12-08 00:07:45
46         10                     1602.863647 2025-12-08 00:07:46
47         10                     1604.278809 2025-12-08 00:07:47
48         10                     1605.732056 2025-12-08 00:07:48
49         10                     1607.223389 2025-12-08 00:07:49
50         10                     1608.754639 2025-12-08 00:07:50
51         10                     1610.327026 2025-12-08 00:07:51
52         10                     1611.941650 2025-12-08 00:07:52
53         10                     1613.599731 2025-12-08 00:07:53
54         10                     1615.302124 2025-12-08 00:07:54
55         10                     1617.050659 2025-12-08 00:07:55
56         10                     1618.845947 2025-12-08 00:07:56
57         10                     1620.689087 2025-12-08 00:07:57
58         10                     1622.581787 2025-12-08 00:07:58
59         10                     1624.526733 2025-12-08 00:07:59
Forecasted values inserted into database
Exiting forecasting script

No new messages received yet.Trying again...
No new messages received yet.Trying again...
No new messages received yet.Trying again...
No new messages received yet.Trying again...
No new messages received yet.Trying again...
No new messages received yet.Trying again...
No new messages received yet.Trying again...
No new messages received yet.Trying again...
No new messages received yet.Trying again...
No new messages received yet.Trying again...
No new messages received yet.Trying again...
No new messages received yet.Trying again...
No new messages received yet.Trying again...
No new messages received yet.Trying again...
No new messages received yet.Trying again...
No new messages received yet.Trying again...
No new messages received yet.Trying again...
No new messages received yet.Trying again...
No new messages received yet.Trying again...
No new messages received yet.Trying again...
No new messages received yet.Trying again...
No new messages received yet.Trying again...
No new messages received yet.Trying again...
No new messages received yet.Trying again...
No new messages received yet.Trying again...
No new messages received yet.Trying again...
No new messages received yet.Trying again...
No new messages received yet.Trying again...
No new messages received yet.Trying again...
No new messages received yet.Trying again...
No new messages received yet.Trying again...
No new messages received yet.Trying again...
No new messages received yet.Trying again...
No new messages received yet.Trying again...
No new messages received yet.Trying again...
No new messages received yet.Trying again...
No new messages received yet.Trying again...
No new messages received yet.Trying again...
No new messages received yet.Trying again...
No new messages received yet.Trying again...
No new messages received yet.Trying again...
No new messages received yet.Trying again...
No new messages received yet.Trying again...
No new messages received yet.Trying again...
No new messages received yet.Trying again...

Actual data inserted to database
No retrain triggered
Triggering forecasting

Forecasting.py script logs
Database connection established
Value of --retrain flag: False

Forecasting for initial model using device10/initial/device10.keras and device10/initial/scaler.save
Successfully downloaded model and scaler from S3

Actual values fetched from database
    sensor_id  sensor_energy_value    sensor_timestamp  message_delay
0          10               1566.8 2025-12-08 00:07:00        68133.0
1          10               1564.8 2025-12-08 00:07:01        67132.0
2          10               1565.6 2025-12-08 00:07:02        66129.0
3          10               1564.7 2025-12-08 00:07:03        65128.0
4          10               1560.1 2025-12-08 00:07:04        64127.0
5          10               1557.1 2025-12-08 00:07:05        63126.0
6          10               1557.1 2025-12-08 00:07:06        62124.0
7          10               1561.0 2025-12-08 00:07:07        61122.0
8          10               1556.3 2025-12-08 00:07:08        60120.0
9          10               1565.0 2025-12-08 00:07:09        59119.0
10         10               1557.6 2025-12-08 00:07:10        58118.0
11         10               1562.0 2025-12-08 00:07:11        57117.0
12         10               1558.0 2025-12-08 00:07:12        56115.0
13         10               1562.1 2025-12-08 00:07:13        55112.0
14         10               1558.8 2025-12-08 00:07:14        54111.0
15         10               1563.7 2025-12-08 00:07:15        53109.0
16         10               1561.0 2025-12-08 00:07:16        52107.0
17         10               1561.0 2025-12-08 00:07:17        51105.0
18         10               1561.9 2025-12-08 00:07:18        50104.0
19         10               1568.6 2025-12-08 00:07:19        49102.0
20         10               1567.3 2025-12-08 00:07:20        48100.0
21         10               1558.9 2025-12-08 00:07:21        47098.0
22         10               1557.3 2025-12-08 00:07:22        46097.0
23         10               1563.7 2025-12-08 00:07:23        45096.0
24         10               1564.6 2025-12-08 00:07:24        44094.0
25         10               1560.6 2025-12-08 00:07:25        43093.0
26         10               1565.2 2025-12-08 00:07:26        42091.0
27         10               1554.9 2025-12-08 00:07:27        41089.0
28         10               1560.4 2025-12-08 00:07:28        40088.0
29         10               1560.3 2025-12-08 00:07:29        39086.0
30         10               1580.3 2025-12-08 00:07:30        38084.0
31         10               1560.4 2025-12-08 00:07:31        37083.0
32         10               1562.4 2025-12-08 00:07:32        36080.0
33         10               1562.8 2025-12-08 00:07:33        35079.0
34         10               1559.9 2025-12-08 00:07:34        34067.0
35         10               1560.1 2025-12-08 00:07:35        33066.0
36         10               1559.9 2025-12-08 00:07:36        32064.0
37         10               1563.0 2025-12-08 00:07:37        31063.0
38         10               1562.1 2025-12-08 00:07:38        30061.0
39         10               1562.5 2025-12-08 00:07:39        29059.0
40         10               1561.6 2025-12-08 00:07:40        28047.0
41         10               1562.9 2025-12-08 00:07:41        27046.0
42         10               1568.3 2025-12-08 00:07:42        26024.0
43         10               1556.1 2025-12-08 00:07:43        25022.0
44         10               1552.5 2025-12-08 00:07:44        24021.0
45         10               1559.3 2025-12-08 00:07:45        23019.0
46         10               1560.9 2025-12-08 00:07:46        22014.0
47         10               1564.1 2025-12-08 00:07:47        21012.0
48         10               1559.1 2025-12-08 00:07:48        20010.0
49         10               1559.9 2025-12-08 00:07:49        19008.0
50         10               1559.1 2025-12-08 00:07:50        18007.0
51         10               1562.5 2025-12-08 00:07:51        17005.0
52         10               1557.8 2025-12-08 00:07:52        16003.0
53         10               1558.8 2025-12-08 00:07:53        14999.0
54         10               1558.5 2025-12-08 00:07:54        13996.0
55         10               1563.4 2025-12-08 00:07:55        12994.0
56         10               1567.0 2025-12-08 00:07:56        11993.0
57         10               1566.0 2025-12-08 00:07:57        10992.0
58         10               1565.2 2025-12-08 00:07:58         9990.0
59         10               1563.3 2025-12-08 00:07:59         8988.0
Forecasted values:
    sensor_id  sensor_energy_value_prediction    sensor_timestamp
0          10                     1565.183960 2025-12-08 00:08:00
1          10                     1565.655518 2025-12-08 00:08:01
2          10                     1566.125610 2025-12-08 00:08:02
3          10                     1566.602661 2025-12-08 00:08:03
4          10                     1567.089111 2025-12-08 00:08:04
5          10                     1567.585693 2025-12-08 00:08:05
6          10                     1568.093506 2025-12-08 00:08:06
7          10                     1568.612793 2025-12-08 00:08:07
8          10                     1569.143921 2025-12-08 00:08:08
9          10                     1569.687622 2025-12-08 00:08:09
10         10                     1570.243896 2025-12-08 00:08:10
11         10                     1570.814087 2025-12-08 00:08:11
12         10                     1571.397827 2025-12-08 00:08:12
13         10                     1571.996094 2025-12-08 00:08:13
14         10                     1572.608521 2025-12-08 00:08:14
15         10                     1573.236450 2025-12-08 00:08:15
16         10                     1573.879517 2025-12-08 00:08:16
17         10                     1574.538940 2025-12-08 00:08:17
18         10                     1575.214600 2025-12-08 00:08:18
19         10                     1575.907227 2025-12-08 00:08:19
20         10                     1576.616699 2025-12-08 00:08:20
21         10                     1577.344604 2025-12-08 00:08:21
22         10                     1578.091187 2025-12-08 00:08:22
23         10                     1578.856812 2025-12-08 00:08:23
24         10                     1579.641968 2025-12-08 00:08:24
25         10                     1580.446655 2025-12-08 00:08:25
26         10                     1581.272461 2025-12-08 00:08:26
27         10                     1582.119019 2025-12-08 00:08:27
28         10                     1582.988403 2025-12-08 00:08:28
29         10                     1583.879639 2025-12-08 00:08:29
30         10                     1584.793823 2025-12-08 00:08:30
31         10                     1585.730469 2025-12-08 00:08:31
32         10                     1586.693481 2025-12-08 00:08:32
33         10                     1587.681152 2025-12-08 00:08:33
34         10                     1588.694580 2025-12-08 00:08:34
35         10                     1589.734863 2025-12-08 00:08:35
36         10                     1590.802368 2025-12-08 00:08:36
37         10                     1591.897949 2025-12-08 00:08:37
38         10                     1593.021973 2025-12-08 00:08:38
39         10                     1594.176025 2025-12-08 00:08:39
40         10                     1595.360352 2025-12-08 00:08:40
41         10                     1596.575928 2025-12-08 00:08:41
42         10                     1597.823975 2025-12-08 00:08:42
43         10                     1599.104858 2025-12-08 00:08:43
44         10                     1600.420166 2025-12-08 00:08:44
45         10                     1601.770996 2025-12-08 00:08:45
46         10                     1603.157104 2025-12-08 00:08:46
47         10                     1604.580200 2025-12-08 00:08:47
48         10                     1606.040771 2025-12-08 00:08:48
49         10                     1607.541138 2025-12-08 00:08:49
50         10                     1609.081055 2025-12-08 00:08:50
51         10                     1610.662720 2025-12-08 00:08:51
52         10                     1612.286133 2025-12-08 00:08:52
53         10                     1613.953735 2025-12-08 00:08:53
54         10                     1615.665894 2025-12-08 00:08:54
55         10                     1617.423950 2025-12-08 00:08:55
56         10                     1619.229248 2025-12-08 00:08:56
57         10                     1621.082886 2025-12-08 00:08:57
58         10                     1622.986694 2025-12-08 00:08:58
59         10                     1624.942139 2025-12-08 00:08:59
Forecasted values inserted into database
Exiting forecasting script

No new messages received yet.Trying again...
No new messages received yet.Trying again...
No new messages received yet.Trying again...
No new messages received yet.Trying again...
No new messages received yet.Trying again...
No new messages received yet.Trying again...
No new messages received yet.Trying again...
No new messages received yet.Trying again...
No new messages received yet.Trying again...
No new messages received yet.Trying again...
No new messages received yet.Trying again...
No new messages received yet.Trying again...
No new messages received yet.Trying again...
No new messages received yet.Trying again...
No new messages received yet.Trying again...
No new messages received yet.Trying again...
No new messages received yet.Trying again...
No new messages received yet.Trying again...
No new messages received yet.Trying again...
No new messages received yet.Trying again...
No new messages received yet.Trying again...
No new messages received yet.Trying again...
No new messages received yet.Trying again...
No new messages received yet.Trying again...
No new messages received yet.Trying again...
No new messages received yet.Trying again...
No new messages received yet.Trying again...
No new messages received yet.Trying again...
No new messages received yet.Trying again...
No new messages received yet.Trying again...
No new messages received yet.Trying again...
No new messages received yet.Trying again...
No new messages received yet.Trying again...
No new messages received yet.Trying again...
No new messages received yet.Trying again...
No new messages received yet.Trying again...
No new messages received yet.Trying again...
No new messages received yet.Trying again...
No new messages received yet.Trying again...
No new messages received yet.Trying again...
No new messages received yet.Trying again...
No new messages received yet.Trying again...
No new messages received yet.Trying again...
No new messages received yet.Trying again...

Actual data inserted to database
No retrain triggered
Triggering forecasting

Forecasting.py script logs
Database connection established
Value of --retrain flag: False

Forecasting for initial model using device10/initial/device10.keras and device10/initial/scaler.save
Successfully downloaded model and scaler from S3

Actual values fetched from database
    sensor_id  sensor_energy_value    sensor_timestamp  message_delay
0          10               1566.1 2025-12-08 00:08:00        68447.0
1          10               1567.0 2025-12-08 00:08:01        67443.0
2          10               1564.3 2025-12-08 00:08:02        66441.0
3          10               1560.9 2025-12-08 00:08:03        65439.0
4          10               1570.0 2025-12-08 00:08:04        64436.0
5          10               1561.1 2025-12-08 00:08:05        63435.0
6          10               1563.0 2025-12-08 00:08:06        62434.0
7          10               1561.4 2025-12-08 00:08:07        61432.0
8          10               1562.5 2025-12-08 00:08:08        60430.0
9          10               1562.5 2025-12-08 00:08:09        59428.0
10         10               1564.2 2025-12-08 00:08:10        58425.0
11         10               1563.6 2025-12-08 00:08:11        57421.0
12         10               1564.1 2025-12-08 00:08:12        56418.0
13         10               1564.1 2025-12-08 00:08:13        55415.0
14         10               1566.4 2025-12-08 00:08:14        54380.0
15         10               1559.1 2025-12-08 00:08:15        53377.0
16         10               1560.5 2025-12-08 00:08:16        52375.0
17         10               1562.7 2025-12-08 00:08:17        51373.0
18         10               1562.6 2025-12-08 00:08:18        50371.0
19         10               1566.0 2025-12-08 00:08:19        49366.0
20         10               1570.3 2025-12-08 00:08:20        48364.0
21         10               1561.8 2025-12-08 00:08:21        47362.0
22         10               1562.6 2025-12-08 00:08:22        46358.0
23         10               1560.8 2025-12-08 00:08:23        45354.0
24         10               1573.3 2025-12-08 00:08:24        44351.0
25         10               1563.6 2025-12-08 00:08:25        43348.0
26         10               1571.3 2025-12-08 00:08:26        42309.0
27         10               1563.6 2025-12-08 00:08:27        41307.0
28         10               1566.7 2025-12-08 00:08:28        40305.0
29         10               1560.9 2025-12-08 00:08:29        39303.0
30         10               1566.1 2025-12-08 00:08:30        38298.0
31         10               1562.3 2025-12-08 00:08:31        37296.0
32         10               1563.4 2025-12-08 00:08:32        36286.0
33         10               1568.4 2025-12-08 00:08:33        35283.0
34         10               1580.5 2025-12-08 00:08:34        34277.0
35         10               1565.1 2025-12-08 00:08:35        33274.0
36         10               1566.4 2025-12-08 00:08:36        32272.0
37         10               1565.0 2025-12-08 00:08:37        31267.0
38         10               1565.5 2025-12-08 00:08:38        30266.0
39         10               1567.6 2025-12-08 00:08:39        29263.0
40         10               1567.8 2025-12-08 00:08:40        28261.0
41         10               1563.8 2025-12-08 00:08:41        27256.0
42         10               1578.7 2025-12-08 00:08:42        26255.0
43         10               1564.3 2025-12-08 00:08:43        25252.0
44         10               1564.6 2025-12-08 00:08:44        24246.0
45         10               1569.4 2025-12-08 00:08:45        23236.0
46         10               1567.0 2025-12-08 00:08:46        22235.0
47         10               1563.1 2025-12-08 00:08:47        21234.0
48         10               1564.6 2025-12-08 00:08:48        20231.0
49         10               1563.7 2025-12-08 00:08:49        19229.0
50         10               1581.2 2025-12-08 00:08:50        18226.0
51         10               1575.9 2025-12-08 00:08:51        17223.0
52         10               1564.2 2025-12-08 00:08:52        16173.0
53         10               1564.9 2025-12-08 00:08:53        15172.0
54         10               1564.0 2025-12-08 00:08:54        14170.0
55         10               1565.3 2025-12-08 00:08:55        13131.0
56         10               1567.1 2025-12-08 00:08:56        12120.0
57         10               1567.8 2025-12-08 00:08:57        11060.0
58         10               1567.4 2025-12-08 00:08:58        10059.0
59         10               1570.1 2025-12-08 00:08:59         8949.0
Forecasted values:
    sensor_id  sensor_energy_value_prediction    sensor_timestamp
0          10                     1571.340576 2025-12-08 00:09:00
1          10                     1571.844238 2025-12-08 00:09:01
2          10                     1572.405396 2025-12-08 00:09:02
3          10                     1573.011597 2025-12-08 00:09:03
4          10                     1573.650757 2025-12-08 00:09:04
5          10                     1574.314697 2025-12-08 00:09:05
6          10                     1575.000732 2025-12-08 00:09:06
7          10                     1575.705322 2025-12-08 00:09:07
8          10                     1576.427856 2025-12-08 00:09:08
9          10                     1577.167725 2025-12-08 00:09:09
10         10                     1577.925415 2025-12-08 00:09:10
11         10                     1578.700928 2025-12-08 00:09:11
12         10                     1579.495117 2025-12-08 00:09:12
13         10                     1580.308472 2025-12-08 00:09:13
14         10                     1581.141602 2025-12-08 00:09:14
15         10                     1581.995239 2025-12-08 00:09:15
16         10                     1582.870483 2025-12-08 00:09:16
17         10                     1583.767334 2025-12-08 00:09:17
18         10                     1584.686401 2025-12-08 00:09:18
19         10                     1585.628784 2025-12-08 00:09:19
20         10                     1586.594971 2025-12-08 00:09:20
21         10                     1587.585205 2025-12-08 00:09:21
22         10                     1588.601562 2025-12-08 00:09:22
23         10                     1589.643799 2025-12-08 00:09:23
24         10                     1590.712891 2025-12-08 00:09:24
25         10                     1591.808716 2025-12-08 00:09:25
26         10                     1592.933594 2025-12-08 00:09:26
27         10                     1594.087280 2025-12-08 00:09:27
28         10                     1595.271362 2025-12-08 00:09:28
29         10                     1596.486328 2025-12-08 00:09:29
30         10                     1597.733398 2025-12-08 00:09:30
31         10                     1599.012695 2025-12-08 00:09:31
32         10                     1600.326050 2025-12-08 00:09:32
33         10                     1601.673828 2025-12-08 00:09:33
34         10                     1603.056763 2025-12-08 00:09:34
35         10                     1604.475586 2025-12-08 00:09:35
36         10                     1605.933350 2025-12-08 00:09:36
37         10                     1607.429810 2025-12-08 00:09:37
38         10                     1608.966187 2025-12-08 00:09:38
39         10                     1610.543579 2025-12-08 00:09:39
40         10                     1612.162964 2025-12-08 00:09:40
41         10                     1613.825684 2025-12-08 00:09:41
42         10                     1615.533325 2025-12-08 00:09:42
43         10                     1617.286011 2025-12-08 00:09:43
44         10                     1619.086914 2025-12-08 00:09:44
45         10                     1620.936523 2025-12-08 00:09:45
46         10                     1622.835571 2025-12-08 00:09:46
47         10                     1624.786255 2025-12-08 00:09:47
48         10                     1626.790039 2025-12-08 00:09:48
49         10                     1628.848145 2025-12-08 00:09:49
50         10                     1630.962036 2025-12-08 00:09:50
51         10                     1633.132324 2025-12-08 00:09:51
52         10                     1635.362427 2025-12-08 00:09:52
53         10                     1637.654053 2025-12-08 00:09:53
54         10                     1640.008545 2025-12-08 00:09:54
55         10                     1642.426880 2025-12-08 00:09:55
56         10                     1644.911499 2025-12-08 00:09:56
57         10                     1647.464111 2025-12-08 00:09:57
58         10                     1650.086304 2025-12-08 00:09:58
59         10                     1652.780762 2025-12-08 00:09:59
Forecasted values inserted into database
Exiting forecasting script

No new messages received yet.Trying again...
No new messages received yet.Trying again...
No new messages received yet.Trying again...
No new messages received yet.Trying again...
No new messages received yet.Trying again...
No new messages received yet.Trying again...
No new messages received yet.Trying again...
No new messages received yet.Trying again...
2026-05-15 19:37:53.795 INFO  [127362855335616] ConsumerStatsImpl:59 | Consumer [persistent://public/default/device10_model_consume, pythonSubscription, 0] , ConsumerStatsImpl (numBytesRecieved_ = 12960, totalNumBytesRecieved_ = 12960, receivedMsgMap_ = {[Key: Ok, Value: 540], [Key: TimeOut, Value: 448], }, ackedMsgMap_ = {[Key: {Result: Ok, ackType: 0}, Value: 540], }, totalReceivedMsgMap_ = {[Key: Ok, Value: 540], [Key: TimeOut, Value: 448], }, totalAckedMsgMap_ = {[Key: {Result: Ok, ackType: 0}, Value: 540], })
No new messages received yet.Trying again...
No new messages received yet.Trying again...
No new messages received yet.Trying again...
No new messages received yet.Trying again...
No new messages received yet.Trying again...
No new messages received yet.Trying again...
No new messages received yet.Trying again...
No new messages received yet.Trying again...
No new messages received yet.Trying again...
No new messages received yet.Trying again...
No new messages received yet.Trying again...
No new messages received yet.Trying again...
No new messages received yet.Trying again...
No new messages received yet.Trying again...
No new messages received yet.Trying again...
No new messages received yet.Trying again...
No new messages received yet.Trying again...
No new messages received yet.Trying again...
No new messages received yet.Trying again...
No new messages received yet.Trying again...
No new messages received yet.Trying again...
No new messages received yet.Trying again...
No new messages received yet.Trying again...
No new messages received yet.Trying again...
No new messages received yet.Trying again...
No new messages received yet.Trying again...
No new messages received yet.Trying again...
No new messages received yet.Trying again...
No new messages received yet.Trying again...

Actual data inserted to database
Triggering retrain for window beetween 00:00:00 and 00:09:59
lasttimestamp is  2025-12-08 00:09:59
retrain.py completed successfully:
Database connection established
Retraining model for device device10 with data from table device10_actualvalues between timestamps 2025-12-08-00-00-00 and 2025-12-08-00-09-59...
Epoch 1/200

[1m1/8[0m [32m━━[0m[37m━━━━━━━━━━━━━━━━━━[0m [1m11s[0m 2s/step - loss: 0.8764
[1m3/8[0m [32m━━━━━━━[0m[37m━━━━━━━━━━━━━[0m [1m0s[0m 42ms/step - loss: 0.8503
[1m5/8[0m [32m━━━━━━━━━━━━[0m[37m━━━━━━━━[0m [1m0s[0m 35ms/step - loss: 0.8163
[1m8/8[0m [32m━━━━━━━━━━━━━━━━━━━━[0m[37m[0m [1m0s[0m 29ms/step - loss: 0.7713
[1m8/8[0m [32m━━━━━━━━━━━━━━━━━━━━[0m[37m[0m [1m2s[0m 33ms/step - loss: 0.6768
Epoch 2/200

[1m1/8[0m [32m━━[0m[37m━━━━━━━━━━━━━━━━━━[0m [1m0s[0m 52ms/step - loss: 0.4187
[1m4/8[0m [32m━━━━━━━━━━[0m[37m━━━━━━━━━━[0m [1m0s[0m 21ms/step - loss: 0.3891
[1m7/8[0m [32m━━━━━━━━━━━━━━━━━[0m[37m━━━[0m [1m0s[0m 21ms/step - loss: 0.3597
[1m8/8[0m [32m━━━━━━━━━━━━━━━━━━━━[0m[37m[0m [1m0s[0m 24ms/step - loss: 0.2912
Epoch 3/200

[1m1/8[0m [32m━━[0m[37m━━━━━━━━━━━━━━━━━━[0m [1m0s[0m 52ms/step - loss: 0.1220
[1m4/8[0m [32m━━━━━━━━━━[0m[37m━━━━━━━━━━[0m [1m0s[0m 19ms/step - loss: 0.1020
[1m7/8[0m [32m━━━━━━━━━━━━━━━━━[0m[37m━━━[0m [1m0s[0m 21ms/step - loss: 0.0840
[1m8/8[0m [32m━━━━━━━━━━━━━━━━━━━━[0m[37m[0m [1m0s[0m 26ms/step - loss: 0.0495
Epoch 4/200

[1m1/8[0m [32m━━[0m[37m━━━━━━━━━━━━━━━━━━[0m [1m0s[0m 64ms/step - loss: 0.0244
[1m4/8[0m [32m━━━━━━━━━━[0m[37m━━━━━━━━━━[0m [1m0s[0m 19ms/step - loss: 0.0317
[1m7/8[0m [32m━━━━━━━━━━━━━━━━━[0m[37m━━━[0m [1m0s[0m 18ms/step - loss: 0.0351
[1m8/8[0m [32m━━━━━━━━━━━━━━━━━━━━[0m[37m[0m [1m0s[0m 22ms/step - loss: 0.0376
Epoch 5/200

[1m1/8[0m [32m━━[0m[37m━━━━━━━━━━━━━━━━━━[0m [1m0s[0m 71ms/step - loss: 0.0262
[1m3/8[0m [32m━━━━━━━[0m[37m━━━━━━━━━━━━━[0m [1m0s[0m 30ms/step - loss: 0.0208
[1m6/8[0m [32m━━━━━━━━━━━━━━━[0m[37m━━━━━[0m [1m0s[0m 28ms/step - loss: 0.0171
[1m8/8[0m [32m━━━━━━━━━━━━━━━━━━━━[0m[37m[0m [1m0s[0m 30ms/step - loss: 0.0119
Epoch 6/200

[1m1/8[0m [32m━━[0m[37m━━━━━━━━━━━━━━━━━━[0m [1m0s[0m 61ms/step - loss: 0.0150
[1m3/8[0m [32m━━━━━━━[0m[37m━━━━━━━━━━━━━[0m [1m0s[0m 41ms/step - loss: 0.0143
[1m5/8[0m [32m━━━━━━━━━━━━[0m[37m━━━━━━━━[0m [1m0s[0m 36ms/step - loss: 0.0145
[1m7/8[0m [32m━━━━━━━━━━━━━━━━━[0m[37m━━━[0m [1m0s[0m 33ms/step - loss: 0.0144
[1m8/8[0m [32m━━━━━━━━━━━━━━━━━━━━[0m[37m[0m [1m0s[0m 35ms/step - loss: 0.0144
Epoch 7/200

[1m1/8[0m [32m━━[0m[37m━━━━━━━━━━━━━━━━━━[0m [1m0s[0m 47ms/step - loss: 0.0186
[1m4/8[0m [32m━━━━━━━━━━[0m[37m━━━━━━━━━━[0m [1m0s[0m 19ms/step - loss: 0.0153
[1m7/8[0m [32m━━━━━━━━━━━━━━━━━[0m[37m━━━[0m [1m0s[0m 19ms/step - loss: 0.0145
[1m8/8[0m [32m━━━━━━━━━━━━━━━━━━━━[0m[37m[0m [1m0s[0m 22ms/step - loss: 0.0123
Epoch 8/200

[1m1/8[0m [32m━━[0m[37m━━━━━━━━━━━━━━━━━━[0m [1m0s[0m 45ms/step - loss: 0.0080
[1m4/8[0m [32m━━━━━━━━━━[0m[37m━━━━━━━━━━[0m [1m0s[0m 17ms/step - loss: 0.0079
[1m7/8[0m [32m━━━━━━━━━━━━━━━━━[0m[37m━━━[0m [1m0s[0m 17ms/step - loss: 0.0088
[1m8/8[0m [32m━━━━━━━━━━━━━━━━━━━━[0m[37m[0m [1m0s[0m 22ms/step - loss: 0.0102
Epoch 9/200

[1m1/8[0m [32m━━[0m[37m━━━━━━━━━━━━━━━━━━[0m [1m0s[0m 53ms/step - loss: 0.0141
[1m4/8[0m [32m━━━━━━━━━━[0m[37m━━━━━━━━━━[0m [1m0s[0m 17ms/step - loss: 0.0120
[1m8/8[0m [32m━━━━━━━━━━━━━━━━━━━━[0m[37m[0m [1m0s[0m 16ms/step - loss: 0.0111
[1m8/8[0m [32m━━━━━━━━━━━━━━━━━━━━[0m[37m[0m [1m0s[0m 20ms/step - loss: 0.0097
Epoch 10/200

[1m1/8[0m [32m━━[0m[37m━━━━━━━━━━━━━━━━━━[0m [1m0s[0m 44ms/step - loss: 0.0087
[1m5/8[0m [32m━━━━━━━━━━━━[0m[37m━━━━━━━━[0m [1m0s[0m 16ms/step - loss: 0.0088
[1m8/8[0m [32m━━━━━━━━━━━━━━━━━━━━[0m[37m[0m [1m0s[0m 17ms/step - loss: 0.0086
[1m8/8[0m [32m━━━━━━━━━━━━━━━━━━━━[0m[37m[0m [1m0s[0m 20ms/step - loss: 0.0081
Epoch 11/200

[1m1/8[0m [32m━━[0m[37m━━━━━━━━━━━━━━━━━━[0m [1m0s[0m 41ms/step - loss: 0.0051
[1m5/8[0m [32m━━━━━━━━━━━━[0m[37m━━━━━━━━[0m [1m0s[0m 16ms/step - loss: 0.0078
[1m8/8[0m [32m━━━━━━━━━━━━━━━━━━━━[0m[37m[0m [1m0s[0m 17ms/step - loss: 0.0080
[1m8/8[0m [32m━━━━━━━━━━━━━━━━━━━━[0m[37m[0m [1m0s[0m 21ms/step - loss: 0.0081
Epoch 12/200

[1m1/8[0m [32m━━[0m[37m━━━━━━━━━━━━━━━━━━[0m [1m0s[0m 43ms/step - loss: 0.0133
[1m4/8[0m [32m━━━━━━━━━━[0m[37m━━━━━━━━━━[0m [1m0s[0m 17ms/step - loss: 0.0109
[1m8/8[0m [32m━━━━━━━━━━━━━━━━━━━━[0m[37m[0m [1m0s[0m 16ms/step - loss: 0.0101
[1m8/8[0m [32m━━━━━━━━━━━━━━━━━━━━[0m[37m[0m [1m0s[0m 21ms/step - loss: 0.0094
Epoch 13/200

[1m1/8[0m [32m━━[0m[37m━━━━━━━━━━━━━━━━━━[0m [1m0s[0m 50ms/step - loss: 0.0061
[1m4/8[0m [32m━━━━━━━━━━[0m[37m━━━━━━━━━━[0m [1m0s[0m 18ms/step - loss: 0.0066
[1m7/8[0m [32m━━━━━━━━━━━━━━━━━[0m[37m━━━[0m [1m0s[0m 17ms/step - loss: 0.0074
[1m8/8[0m [32m━━━━━━━━━━━━━━━━━━━━[0m[37m[0m [1m0s[0m 20ms/step - loss: 0.0086
Epoch 14/200

[1m1/8[0m [32m━━[0m[37m━━━━━━━━━━━━━━━━━━[0m [1m0s[0m 43ms/step - loss: 0.0077
[1m4/8[0m [32m━━━━━━━━━━[0m[37m━━━━━━━━━━[0m [1m0s[0m 17ms/step - loss: 0.0082
[1m8/8[0m [32m━━━━━━━━━━━━━━━━━━━━[0m[37m[0m [1m0s[0m 17ms/step - loss: 0.0080
[1m8/8[0m [32m━━━━━━━━━━━━━━━━━━━━[0m[37m[0m [1m0s[0m 21ms/step - loss: 0.0076
Epoch 15/200

[1m1/8[0m [32m━━[0m[37m━━━━━━━━━━━━━━━━━━[0m [1m0s[0m 53ms/step - loss: 0.0066
[1m5/8[0m [32m━━━━━━━━━━━━[0m[37m━━━━━━━━[0m [1m0s[0m 16ms/step - loss: 0.0085
[1m8/8[0m [32m━━━━━━━━━━━━━━━━━━━━[0m[37m[0m [1m0s[0m 19ms/step - loss: 0.0095
Epoch 16/200

[1m1/8[0m [32m━━[0m[37m━━━━━━━━━━━━━━━━━━[0m [1m0s[0m 42ms/step - loss: 0.0148
[1m4/8[0m [32m━━━━━━━━━━[0m[37m━━━━━━━━━━[0m [1m0s[0m 17ms/step - loss: 0.0117
[1m7/8[0m [32m━━━━━━━━━━━━━━━━━[0m[37m━━━[0m [1m0s[0m 18ms/step - loss: 0.0107
[1m8/8[0m [32m━━━━━━━━━━━━━━━━━━━━[0m[37m[0m [1m0s[0m 23ms/step - loss: 0.0089
Epoch 17/200

[1m1/8[0m [32m━━[0m[37m━━━━━━━━━━━━━━━━━━[0m [1m0s[0m 55ms/step - loss: 0.0066
[1m4/8[0m [32m━━━━━━━━━━[0m[37m━━━━━━━━━━[0m [1m0s[0m 18ms/step - loss: 0.0069
[1m6/8[0m [32m━━━━━━━━━━━━━━━[0m[37m━━━━━[0m [1m0s[0m 25ms/step - loss: 0.0073
[1m8/8[0m [32m━━━━━━━━━━━━━━━━━━━━[0m[37m[0m [1m0s[0m 25ms/step - loss: 0.0075
[1m8/8[0m [32m━━━━━━━━━━━━━━━━━━━━[0m[37m[0m [1m0s[0m 29ms/step - loss: 0.0081
Epoch 18/200

[1m1/8[0m [32m━━[0m[37m━━━━━━━━━━━━━━━━━━[0m [1m0s[0m 70ms/step - loss: 0.0063
[1m4/8[0m [32m━━━━━━━━━━[0m[37m━━━━━━━━━━[0m [1m0s[0m 20ms/step - loss: 0.0085
[1m7/8[0m [32m━━━━━━━━━━━━━━━━━[0m[37m━━━[0m [1m0s[0m 20ms/step - loss: 0.0087
[1m8/8[0m [32m━━━━━━━━━━━━━━━━━━━━[0m[37m[0m [1m0s[0m 23ms/step - loss: 0.0088
Epoch 19/200

[1m1/8[0m [32m━━[0m[37m━━━━━━━━━━━━━━━━━━[0m [1m0s[0m 42ms/step - loss: 0.0133
[1m4/8[0m [32m━━━━━━━━━━[0m[37m━━━━━━━━━━[0m [1m0s[0m 18ms/step - loss: 0.0096
[1m7/8[0m [32m━━━━━━━━━━━━━━━━━[0m[37m━━━[0m [1m0s[0m 17ms/step - loss: 0.0092
[1m8/8[0m [32m━━━━━━━━━━━━━━━━━━━━[0m[37m[0m [1m0s[0m 20ms/step - loss: 0.0092
Epoch 20/200

[1m1/8[0m [32m━━[0m[37m━━━━━━━━━━━━━━━━━━[0m [1m0s[0m 41ms/step - loss: 0.0101
[1m5/8[0m [32m━━━━━━━━━━━━[0m[37m━━━━━━━━[0m [1m0s[0m 17ms/step - loss: 0.0093
[1m8/8[0m [32m━━━━━━━━━━━━━━━━━━━━[0m[37m[0m [1m0s[0m 17ms/step - loss: 0.0090
[1m8/8[0m [32m━━━━━━━━━━━━━━━━━━━━[0m[37m[0m [1m0s[0m 20ms/step - loss: 0.0085
Epoch 21/200

[1m1/8[0m [32m━━[0m[37m━━━━━━━━━━━━━━━━━━[0m [1m0s[0m 42ms/step - loss: 0.0049
[1m5/8[0m [32m━━━━━━━━━━━━[0m[37m━━━━━━━━[0m [1m0s[0m 17ms/step - loss: 0.0077
[1m8/8[0m [32m━━━━━━━━━━━━━━━━━━━━[0m[37m[0m [1m0s[0m 17ms/step - loss: 0.0080
[1m8/8[0m [32m━━━━━━━━━━━━━━━━━━━━[0m[37m[0m [1m0s[0m 20ms/step - loss: 0.0083
Epoch 22/200

[1m1/8[0m [32m━━[0m[37m━━━━━━━━━━━━━━━━━━[0m [1m0s[0m 41ms/step - loss: 0.0056
[1m4/8[0m [32m━━━━━━━━━━[0m[37m━━━━━━━━━━[0m [1m0s[0m 17ms/step - loss: 0.0078
[1m8/8[0m [32m━━━━━━━━━━━━━━━━━━━━[0m[37m[0m [1m0s[0m 17ms/step - loss: 0.0081
[1m8/8[0m [32m━━━━━━━━━━━━━━━━━━━━[0m[37m[0m [1m0s[0m 20ms/step - loss: 0.0081
Epoch 23/200

[1m1/8[0m [32m━━[0m[37m━━━━━━━━━━━━━━━━━━[0m [1m0s[0m 41ms/step - loss: 0.0105
[1m4/8[0m [32m━━━━━━━━━━[0m[37m━━━━━━━━━━[0m [1m0s[0m 18ms/step - loss: 0.0090
[1m7/8[0m [32m━━━━━━━━━━━━━━━━━[0m[37m━━━[0m [1m0s[0m 18ms/step - loss: 0.0086
[1m8/8[0m [32m━━━━━━━━━━━━━━━━━━━━[0m[37m[0m [1m0s[0m 21ms/step - loss: 0.0076
Epoch 24/200

[1m1/8[0m [32m━━[0m[37m━━━━━━━━━━━━━━━━━━[0m [1m0s[0m 44ms/step - loss: 0.0058
[1m4/8[0m [32m━━━━━━━━━━[0m[37m━━━━━━━━━━[0m [1m0s[0m 18ms/step - loss: 0.0067
[1m7/8[0m [32m━━━━━━━━━━━━━━━━━[0m[37m━━━[0m [1m0s[0m 17ms/step - loss: 0.0069
[1m8/8[0m [32m━━━━━━━━━━━━━━━━━━━━[0m[37m[0m [1m0s[0m 22ms/step - loss: 0.0083
Epoch 25/200

[1m1/8[0m [32m━━[0m[37m━━━━━━━━━━━━━━━━━━[0m [1m0s[0m 52ms/step - loss: 0.0124
[1m5/8[0m [32m━━━━━━━━━━━━[0m[37m━━━━━━━━[0m [1m0s[0m 16ms/step - loss: 0.0098
[1m8/8[0m [32m━━━━━━━━━━━━━━━━━━━━[0m[37m[0m [1m0s[0m 21ms/step - loss: 0.0085
Epoch 26/200

[1m1/8[0m [32m━━[0m[37m━━━━━━━━━━━━━━━━━━[0m [1m0s[0m 52ms/step - loss: 0.0065
[1m4/8[0m [32m━━━━━━━━━━[0m[37m━━━━━━━━━━[0m [1m0s[0m 18ms/step - loss: 0.0086
[1m8/8[0m [32m━━━━━━━━━━━━━━━━━━━━[0m[37m[0m [1m0s[0m 17ms/step - loss: 0.0086
[1m8/8[0m [32m━━━━━━━━━━━━━━━━━━━━[0m[37m[0m [1m0s[0m 22ms/step - loss: 0.0085
Epoch 27/200

[1m1/8[0m [32m━━[0m[37m━━━━━━━━━━━━━━━━━━[0m [1m0s[0m 53ms/step - loss: 0.0097
[1m4/8[0m [32m━━━━━━━━━━[0m[37m━━━━━━━━━━[0m [1m0s[0m 18ms/step - loss: 0.0085
[1m7/8[0m [32m━━━━━━━━━━━━━━━━━[0m[37m━━━[0m [1m0s[0m 18ms/step - loss: 0.0082
[1m8/8[0m [32m━━━━━━━━━━━━━━━━━━━━[0m[37m[0m [1m0s[0m 21ms/step - loss: 0.0074
Epoch 28/200

[1m1/8[0m [32m━━[0m[37m━━━━━━━━━━━━━━━━━━[0m [1m0s[0m 54ms/step - loss: 0.0084
[1m4/8[0m [32m━━━━━━━━━━[0m[37m━━━━━━━━━━[0m [1m0s[0m 20ms/step - loss: 0.0079
[1m8/8[0m [32m━━━━━━━━━━━━━━━━━━━━[0m[37m[0m [1m0s[0m 18ms/step - loss: 0.0076
[1m8/8[0m [32m━━━━━━━━━━━━━━━━━━━━[0m[37m[0m [1m0s[0m 21ms/step - loss: 0.0071
Epoch 29/200

[1m1/8[0m [32m━━[0m[37m━━━━━━━━━━━━━━━━━━[0m [1m0s[0m 50ms/step - loss: 0.0073
[1m4/8[0m [32m━━━━━━━━━━[0m[37m━━━━━━━━━━[0m [1m0s[0m 19ms/step - loss: 0.0081
[1m7/8[0m [32m━━━━━━━━━━━━━━━━━[0m[37m━━━[0m [1m0s[0m 20ms/step - loss: 0.0081
[1m8/8[0m [32m━━━━━━━━━━━━━━━━━━━━[0m[37m[0m [1m0s[0m 24ms/step - loss: 0.0078
Epoch 30/200

[1m1/8[0m [32m━━[0m[37m━━━━━━━━━━━━━━━━━━[0m [1m0s[0m 48ms/step - loss: 0.0071
[1m3/8[0m [32m━━━━━━━[0m[37m━━━━━━━━━━━━━[0m [1m0s[0m 28ms/step - loss: 0.0071
[1m6/8[0m [32m━━━━━━━━━━━━━━━[0m[37m━━━━━[0m [1m0s[0m 25ms/step - loss: 0.0070
[1m8/8[0m [32m━━━━━━━━━━━━━━━━━━━━[0m[37m[0m [1m0s[0m 27ms/step - loss: 0.0073
Epoch 31/200

[1m1/8[0m [32m━━[0m[37m━━━━━━━━━━━━━━━━━━[0m [1m0s[0m 42ms/step - loss: 0.0093
[1m4/8[0m [32m━━━━━━━━━━[0m[37m━━━━━━━━━━[0m [1m0s[0m 17ms/step - loss: 0.0082
[1m7/8[0m [32m━━━━━━━━━━━━━━━━━[0m[37m━━━[0m [1m0s[0m 18ms/step - loss: 0.0079
[1m8/8[0m [32m━━━━━━━━━━━━━━━━━━━━[0m[37m[0m [1m0s[0m 21ms/step - loss: 0.0076
Epoch 32/200

[1m1/8[0m [32m━━[0m[37m━━━━━━━━━━━━━━━━━━[0m [1m0s[0m 46ms/step - loss: 0.0069
[1m5/8[0m [32m━━━━━━━━━━━━[0m[37m━━━━━━━━[0m [1m0s[0m 17ms/step - loss: 0.0069
[1m8/8[0m [32m━━━━━━━━━━━━━━━━━━━━[0m[37m[0m [1m0s[0m 21ms/step - loss: 0.0082
Epoch 33/200

[1m1/8[0m [32m━━[0m[37m━━━━━━━━━━━━━━━━━━[0m [1m0s[0m 55ms/step - loss: 0.0058
[1m4/8[0m [32m━━━━━━━━━━[0m[37m━━━━━━━━━━[0m [1m0s[0m 17ms/step - loss: 0.0065
[1m8/8[0m [32m━━━━━━━━━━━━━━━━━━━━[0m[37m[0m [1m0s[0m 17ms/step - loss: 0.0077
[1m8/8[0m [32m━━━━━━━━━━━━━━━━━━━━[0m[37m[0m [1m0s[0m 22ms/step - loss: 0.0090
Epoch 34/200

[1m1/8[0m [32m━━[0m[37m━━━━━━━━━━━━━━━━━━[0m [1m0s[0m 52ms/step - loss: 0.0057
[1m5/8[0m [32m━━━━━━━━━━━━[0m[37m━━━━━━━━[0m [1m0s[0m 16ms/step - loss: 0.0061
[1m8/8[0m [32m━━━━━━━━━━━━━━━━━━━━[0m[37m[0m [1m0s[0m 19ms/step - loss: 0.0086
Epoch 35/200

[1m1/8[0m [32m━━[0m[37m━━━━━━━━━━━━━━━━━━[0m [1m0s[0m 44ms/step - loss: 0.0062
[1m4/8[0m [32m━━━━━━━━━━[0m[37m━━━━━━━━━━[0m [1m0s[0m 17ms/step - loss: 0.0060
[1m7/8[0m [32m━━━━━━━━━━━━━━━━━[0m[37m━━━[0m [1m0s[0m 17ms/step - loss: 0.0066
[1m8/8[0m [32m━━━━━━━━━━━━━━━━━━━━[0m[37m[0m [1m0s[0m 22ms/step - loss: 0.0070
Epoch 36/200

[1m1/8[0m [32m━━[0m[37m━━━━━━━━━━━━━━━━━━[0m [1m0s[0m 52ms/step - loss: 0.0042
[1m4/8[0m [32m━━━━━━━━━━[0m[37m━━━━━━━━━━[0m [1m0s[0m 23ms/step - loss: 0.0057
[1m6/8[0m [32m━━━━━━━━━━━━━━━[0m[37m━━━━━[0m [1m0s[0m 32ms/step - loss: 0.0063
[1m8/8[0m [32m━━━━━━━━━━━━━━━━━━━━[0m[37m[0m [1m0s[0m 31ms/step - loss: 0.0067
[1m8/8[0m [32m━━━━━━━━━━━━━━━━━━━━[0m[37m[0m [1m0s[0m 34ms/step - loss: 0.0076
Epoch 37/200

[1m1/8[0m [32m━━[0m[37m━━━━━━━━━━━━━━━━━━[0m [1m0s[0m 50ms/step - loss: 0.0090
[1m4/8[0m [32m━━━━━━━━━━[0m[37m━━━━━━━━━━[0m [1m0s[0m 21ms/step - loss: 0.0085
[1m7/8[0m [32m━━━━━━━━━━━━━━━━━[0m[37m━━━[0m [1m0s[0m 21ms/step - loss: 0.0079
[1m8/8[0m [32m━━━━━━━━━━━━━━━━━━━━[0m[37m[0m [1m0s[0m 25ms/step - loss: 0.0069
Epoch 38/200

[1m1/8[0m [32m━━[0m[37m━━━━━━━━━━━━━━━━━━[0m [1m0s[0m 50ms/step - loss: 0.0055
[1m4/8[0m [32m━━━━━━━━━━[0m[37m━━━━━━━━━━[0m [1m0s[0m 18ms/step - loss: 0.0073
[1m8/8[0m [32m━━━━━━━━━━━━━━━━━━━━[0m[37m[0m [1m0s[0m 17ms/step - loss: 0.0078
[1m8/8[0m [32m━━━━━━━━━━━━━━━━━━━━[0m[37m[0m [1m0s[0m 20ms/step - loss: 0.0081
Epoch 39/200

[1m1/8[0m [32m━━[0m[37m━━━━━━━━━━━━━━━━━━[0m [1m0s[0m 42ms/step - loss: 0.0087
[1m5/8[0m [32m━━━━━━━━━━━━[0m[37m━━━━━━━━[0m [1m0s[0m 16ms/step - loss: 0.0092
[1m8/8[0m [32m━━━━━━━━━━━━━━━━━━━━[0m[37m[0m [1m0s[0m 19ms/step - loss: 0.0072
Epoch 40/200

[1m1/8[0m [32m━━[0m[37m━━━━━━━━━━━━━━━━━━[0m [1m0s[0m 45ms/step - loss: 0.0067
[1m5/8[0m [32m━━━━━━━━━━━━[0m[37m━━━━━━━━[0m [1m0s[0m 16ms/step - loss: 0.0071
[1m8/8[0m [32m━━━━━━━━━━━━━━━━━━━━[0m[37m[0m [1m0s[0m 20ms/step - loss: 0.0066
Epoch 41/200

[1m1/8[0m [32m━━[0m[37m━━━━━━━━━━━━━━━━━━[0m [1m0s[0m 44ms/step - loss: 0.0068
[1m4/8[0m [32m━━━━━━━━━━[0m[37m━━━━━━━━━━[0m [1m0s[0m 18ms/step - loss: 0.0070
[1m7/8[0m [32m━━━━━━━━━━━━━━━━━[0m[37m━━━[0m [1m0s[0m 17ms/step - loss: 0.0068
[1m8/8[0m [32m━━━━━━━━━━━━━━━━━━━━[0m[37m[0m [1m0s[0m 22ms/step - loss: 0.0065
Epoch 42/200

[1m1/8[0m [32m━━[0m[37m━━━━━━━━━━━━━━━━━━[0m [1m0s[0m 78ms/step - loss: 0.0057
[1m4/8[0m [32m━━━━━━━━━━[0m[37m━━━━━━━━━━[0m [1m0s[0m 24ms/step - loss: 0.0053
[1m6/8[0m [32m━━━━━━━━━━━━━━━[0m[37m━━━━━[0m [1m0s[0m 25ms/step - loss: 0.0055
[1m8/8[0m [32m━━━━━━━━━━━━━━━━━━━━[0m[37m[0m [1m0s[0m 31ms/step - loss: 0.0065
Epoch 43/200

[1m1/8[0m [32m━━[0m[37m━━━━━━━━━━━━━━━━━━[0m [1m0s[0m 82ms/step - loss: 0.0045
[1m3/8[0m [32m━━━━━━━[0m[37m━━━━━━━━━━━━━[0m [1m0s[0m 33ms/step - loss: 0.0064
[1m6/8[0m [32m━━━━━━━━━━━━━━━[0m[37m━━━━━[0m [1m0s[0m 28ms/step - loss: 0.0072
[1m8/8[0m [32m━━━━━━━━━━━━━━━━━━━━[0m[37m[0m [1m0s[0m 28ms/step - loss: 0.0073
[1m8/8[0m [32m━━━━━━━━━━━━━━━━━━━━[0m[37m[0m [1m0s[0m 34ms/step - loss: 0.0076
Epoch 44/200

[1m1/8[0m [32m━━[0m[37m━━━━━━━━━━━━━━━━━━[0m [1m0s[0m 58ms/step - loss: 0.0040
[1m4/8[0m [32m━━━━━━━━━━[0m[37m━━━━━━━━━━[0m [1m0s[0m 18ms/step - loss: 0.0071
[1m7/8[0m [32m━━━━━━━━━━━━━━━━━[0m[37m━━━[0m [1m0s[0m 19ms/step - loss: 0.0071
[1m8/8[0m [32m━━━━━━━━━━━━━━━━━━━━[0m[37m[0m [1m0s[0m 24ms/step - loss: 0.0069
Epoch 45/200

[1m1/8[0m [32m━━[0m[37m━━━━━━━━━━━━━━━━━━[0m [1m0s[0m 53ms/step - loss: 0.0067
[1m4/8[0m [32m━━━━━━━━━━[0m[37m━━━━━━━━━━[0m [1m0s[0m 26ms/step - loss: 0.0066
[1m7/8[0m [32m━━━━━━━━━━━━━━━━━[0m[37m━━━[0m [1m0s[0m 27ms/step - loss: 0.0065
[1m8/8[0m [32m━━━━━━━━━━━━━━━━━━━━[0m[37m[0m [1m0s[0m 31ms/step - loss: 0.0072
Epoch 46/200

[1m1/8[0m [32m━━[0m[37m━━━━━━━━━━━━━━━━━━[0m [1m0s[0m 73ms/step - loss: 0.0078
[1m3/8[0m [32m━━━━━━━[0m[37m━━━━━━━━━━━━━[0m [1m0s[0m 34ms/step - loss: 0.0082
[1m6/8[0m [32m━━━━━━━━━━━━━━━[0m[37m━━━━━[0m [1m0s[0m 26ms/step - loss: 0.0078
[1m8/8[0m [32m━━━━━━━━━━━━━━━━━━━━[0m[37m[0m [1m0s[0m 28ms/step - loss: 0.0073
Epoch 47/200

[1m1/8[0m [32m━━[0m[37m━━━━━━━━━━━━━━━━━━[0m [1m0s[0m 43ms/step - loss: 0.0071
[1m5/8[0m [32m━━━━━━━━━━━━[0m[37m━━━━━━━━[0m [1m0s[0m 17ms/step - loss: 0.0064
[1m8/8[0m [32m━━━━━━━━━━━━━━━━━━━━[0m[37m[0m [1m0s[0m 21ms/step - loss: 0.0074
Epoch 48/200

[1m1/8[0m [32m━━[0m[37m━━━━━━━━━━━━━━━━━━[0m [1m0s[0m 53ms/step - loss: 0.0122
[1m4/8[0m [32m━━━━━━━━━━[0m[37m━━━━━━━━━━[0m [1m0s[0m 20ms/step - loss: 0.0090
[1m7/8[0m [32m━━━━━━━━━━━━━━━━━[0m[37m━━━[0m [1m0s[0m 20ms/step - loss: 0.0079
[1m8/8[0m [32m━━━━━━━━━━━━━━━━━━━━[0m[37m[0m [1m0s[0m 32ms/step - loss: 0.0066
Epoch 49/200

[1m1/8[0m [32m━━[0m[37m━━━━━━━━━━━━━━━━━━[0m [1m0s[0m 63ms/step - loss: 0.0045
[1m4/8[0m [32m━━━━━━━━━━[0m[37m━━━━━━━━━━[0m [1m0s[0m 19ms/step - loss: 0.0064
[1m7/8[0m [32m━━━━━━━━━━━━━━━━━[0m[37m━━━[0m [1m0s[0m 20ms/step - loss: 0.0064
[1m8/8[0m [32m━━━━━━━━━━━━━━━━━━━━[0m[37m[0m [1m0s[0m 24ms/step - loss: 0.0070
Epoch 50/200

[1m1/8[0m [32m━━[0m[37m━━━━━━━━━━━━━━━━━━[0m [1m0s[0m 57ms/step - loss: 0.0065
[1m4/8[0m [32m━━━━━━━━━━[0m[37m━━━━━━━━━━[0m [1m0s[0m 22ms/step - loss: 0.0076
[1m7/8[0m [32m━━━━━━━━━━━━━━━━━[0m[37m━━━[0m [1m0s[0m 21ms/step - loss: 0.0076
[1m8/8[0m [32m━━━━━━━━━━━━━━━━━━━━[0m[37m[0m [1m0s[0m 25ms/step - loss: 0.0074
Epoch 51/200

[1m1/8[0m [32m━━[0m[37m━━━━━━━━━━━━━━━━━━[0m [1m0s[0m 67ms/step - loss: 0.0051
[1m3/8[0m [32m━━━━━━━[0m[37m━━━━━━━━━━━━━[0m [1m0s[0m 30ms/step - loss: 0.0054
[1m5/8[0m [32m━━━━━━━━━━━━[0m[37m━━━━━━━━[0m [1m0s[0m 28ms/step - loss: 0.0059
[1m7/8[0m [32m━━━━━━━━━━━━━━━━━[0m[37m━━━[0m [1m0s[0m 30ms/step - loss: 0.0064
[1m8/8[0m [32m━━━━━━━━━━━━━━━━━━━━[0m[37m[0m [1m0s[0m 34ms/step - loss: 0.0071
Epoch 52/200

[1m1/8[0m [32m━━[0m[37m━━━━━━━━━━━━━━━━━━[0m [1m0s[0m 76ms/step - loss: 0.0046
[1m3/8[0m [32m━━━━━━━[0m[37m━━━━━━━━━━━━━[0m [1m0s[0m 25ms/step - loss: 0.0058
[1m6/8[0m [32m━━━━━━━━━━━━━━━[0m[37m━━━━━[0m [1m0s[0m 24ms/step - loss: 0.0059
[1m8/8[0m [32m━━━━━━━━━━━━━━━━━━━━[0m[37m[0m [1m0s[0m 28ms/step - loss: 0.0064
Epoch 53/200

[1m1/8[0m [32m━━[0m[37m━━━━━━━━━━━━━━━━━━[0m [1m0s[0m 58ms/step - loss: 0.0053
[1m4/8[0m [32m━━━━━━━━━━[0m[37m━━━━━━━━━━[0m [1m0s[0m 22ms/step - loss: 0.0069
[1m7/8[0m [32m━━━━━━━━━━━━━━━━━[0m[37m━━━[0m [1m0s[0m 21ms/step - loss: 0.0069
[1m8/8[0m [32m━━━━━━━━━━━━━━━━━━━━[0m[37m[0m [1m0s[0m 25ms/step - loss: 0.0068
Epoch 54/200

[1m1/8[0m [32m━━[0m[37m━━━━━━━━━━━━━━━━━━[0m [1m0s[0m 50ms/step - loss: 0.0065
[1m4/8[0m [32m━━━━━━━━━━[0m[37m━━━━━━━━━━[0m [1m0s[0m 20ms/step - loss: 0.0061
[1m7/8[0m [32m━━━━━━━━━━━━━━━━━[0m[37m━━━[0m [1m0s[0m 22ms/step - loss: 0.0062
[1m8/8[0m [32m━━━━━━━━━━━━━━━━━━━━[0m[37m[0m [1m0s[0m 26ms/step - loss: 0.0066
Epoch 55/200

[1m1/8[0m [32m━━[0m[37m━━━━━━━━━━━━━━━━━━[0m [1m0s[0m 69ms/step - loss: 0.0047
[1m4/8[0m [32m━━━━━━━━━━[0m[37m━━━━━━━━━━[0m [1m0s[0m 24ms/step - loss: 0.0051
[1m7/8[0m [32m━━━━━━━━━━━━━━━━━[0m[37m━━━[0m [1m0s[0m 23ms/step - loss: 0.0055
[1m8/8[0m [32m━━━━━━━━━━━━━━━━━━━━[0m[37m[0m [1m0s[0m 25ms/step - loss: 0.0063
Epoch 56/200

[1m1/8[0m [32m━━[0m[37m━━━━━━━━━━━━━━━━━━[0m [1m0s[0m 52ms/step - loss: 0.0063
[1m4/8[0m [32m━━━━━━━━━━[0m[37m━━━━━━━━━━[0m [1m0s[0m 19ms/step - loss: 0.0063
[1m7/8[0m [32m━━━━━━━━━━━━━━━━━[0m[37m━━━[0m [1m0s[0m 20ms/step - loss: 0.0068
[1m8/8[0m [32m━━━━━━━━━━━━━━━━━━━━[0m[37m[0m [1m0s[0m 31ms/step - loss: 0.0074
Epoch 57/200

[1m1/8[0m [32m━━[0m[37m━━━━━━━━━━━━━━━━━━[0m [1m0s[0m 58ms/step - loss: 0.0110
[1m4/8[0m [32m━━━━━━━━━━[0m[37m━━━━━━━━━━[0m [1m0s[0m 19ms/step - loss: 0.0104
[1m7/8[0m [32m━━━━━━━━━━━━━━━━━[0m[37m━━━[0m [1m0s[0m 19ms/step - loss: 0.0094
[1m8/8[0m [32m━━━━━━━━━━━━━━━━━━━━[0m[37m[0m [1m0s[0m 22ms/step - loss: 0.0078
Epoch 58/200

[1m1/8[0m [32m━━[0m[37m━━━━━━━━━━━━━━━━━━[0m [1m0s[0m 46ms/step - loss: 0.0091
[1m4/8[0m [32m━━━━━━━━━━[0m[37m━━━━━━━━━━[0m [1m0s[0m 20ms/step - loss: 0.0092
[1m7/8[0m [32m━━━━━━━━━━━━━━━━━[0m[37m━━━[0m [1m0s[0m 19ms/step - loss: 0.0084
[1m8/8[0m [32m━━━━━━━━━━━━━━━━━━━━[0m[37m[0m [1m0s[0m 22ms/step - loss: 0.0070
Epoch 59/200

[1m1/8[0m [32m━━[0m[37m━━━━━━━━━━━━━━━━━━[0m [1m0s[0m 50ms/step - loss: 0.0071
[1m4/8[0m [32m━━━━━━━━━━[0m[37m━━━━━━━━━━[0m [1m0s[0m 21ms/step - loss: 0.0075
[1m7/8[0m [32m━━━━━━━━━━━━━━━━━[0m[37m━━━[0m [1m0s[0m 21ms/step - loss: 0.0075
[1m8/8[0m [32m━━━━━━━━━━━━━━━━━━━━[0m[37m[0m [1m0s[0m 25ms/step - loss: 0.0073
Epoch 60/200

[1m1/8[0m [32m━━[0m[37m━━━━━━━━━━━━━━━━━━[0m [1m0s[0m 46ms/step - loss: 0.0065
[1m4/8[0m [32m━━━━━━━━━━[0m[37m━━━━━━━━━━[0m [1m0s[0m 24ms/step - loss: 0.0054
[1m6/8[0m [32m━━━━━━━━━━━━━━━[0m[37m━━━━━[0m [1m0s[0m 25ms/step - loss: 0.0055
[1m8/8[0m [32m━━━━━━━━━━━━━━━━━━━━[0m[37m[0m [1m0s[0m 29ms/step - loss: 0.0061
Epoch 61/200

[1m1/8[0m [32m━━[0m[37m━━━━━━━━━━━━━━━━━━[0m [1m0s[0m 50ms/step - loss: 0.0156
[1m4/8[0m [32m━━━━━━━━━━[0m[37m━━━━━━━━━━[0m [1m0s[0m 20ms/step - loss: 0.0108
[1m7/8[0m [32m━━━━━━━━━━━━━━━━━[0m[37m━━━[0m [1m0s[0m 20ms/step - loss: 0.0092
[1m8/8[0m [32m━━━━━━━━━━━━━━━━━━━━[0m[37m[0m [1m0s[0m 27ms/step - loss: 0.0068
Epoch 62/200

[1m1/8[0m [32m━━[0m[37m━━━━━━━━━━━━━━━━━━[0m [1m0s[0m 92ms/step - loss: 0.0088
[1m3/8[0m [32m━━━━━━━[0m[37m━━━━━━━━━━━━━[0m [1m0s[0m 30ms/step - loss: 0.0078
[1m5/8[0m [32m━━━━━━━━━━━━[0m[37m━━━━━━━━[0m [1m0s[0m 31ms/step - loss: 0.0077
[1m8/8[0m [32m━━━━━━━━━━━━━━━━━━━━[0m[37m[0m [1m0s[0m 27ms/step - loss: 0.0077
[1m8/8[0m [32m━━━━━━━━━━━━━━━━━━━━[0m[37m[0m [1m0s[0m 30ms/step - loss: 0.0075
Epoch 63/200

[1m1/8[0m [32m━━[0m[37m━━━━━━━━━━━━━━━━━━[0m [1m0s[0m 58ms/step - loss: 0.0063
[1m3/8[0m [32m━━━━━━━[0m[37m━━━━━━━━━━━━━[0m [1m0s[0m 36ms/step - loss: 0.0067
[1m6/8[0m [32m━━━━━━━━━━━━━━━[0m[37m━━━━━[0m [1m0s[0m 26ms/step - loss: 0.0069
[1m8/8[0m [32m━━━━━━━━━━━━━━━━━━━━[0m[37m[0m [1m0s[0m 29ms/step - loss: 0.0070
Epoch 64/200

[1m1/8[0m [32m━━[0m[37m━━━━━━━━━━━━━━━━━━[0m [1m0s[0m 52ms/step - loss: 0.0067
[1m4/8[0m [32m━━━━━━━━━━[0m[37m━━━━━━━━━━[0m [1m0s[0m 22ms/step - loss: 0.0065
[1m7/8[0m [32m━━━━━━━━━━━━━━━━━[0m[37m━━━[0m [1m0s[0m 23ms/step - loss: 0.0071
[1m8/8[0m [32m━━━━━━━━━━━━━━━━━━━━[0m[37m[0m [1m0s[0m 25ms/step - loss: 0.0081
Epoch 65/200

[1m1/8[0m [32m━━[0m[37m━━━━━━━━━━━━━━━━━━[0m [1m0s[0m 58ms/step - loss: 0.0079
[1m4/8[0m [32m━━━━━━━━━━[0m[37m━━━━━━━━━━[0m [1m0s[0m 26ms/step - loss: 0.0067
[1m6/8[0m [32m━━━━━━━━━━━━━━━[0m[37m━━━━━[0m [1m0s[0m 28ms/step - loss: 0.0066
[1m8/8[0m [32m━━━━━━━━━━━━━━━━━━━━[0m[37m[0m [1m0s[0m 32ms/step - loss: 0.0068
Epoch 66/200

[1m1/8[0m [32m━━[0m[37m━━━━━━━━━━━━━━━━━━[0m [1m0s[0m 67ms/step - loss: 0.0063
[1m3/8[0m [32m━━━━━━━[0m[37m━━━━━━━━━━━━━[0m [1m0s[0m 42ms/step - loss: 0.0055
[1m5/8[0m [32m━━━━━━━━━━━━[0m[37m━━━━━━━━[0m [1m0s[0m 35ms/step - loss: 0.0057
[1m7/8[0m [32m━━━━━━━━━━━━━━━━━[0m[37m━━━[0m [1m0s[0m 35ms/step - loss: 0.0060
[1m8/8[0m [32m━━━━━━━━━━━━━━━━━━━━[0m[37m[0m [1m0s[0m 40ms/step - loss: 0.0070
Epoch 67/200

[1m1/8[0m [32m━━[0m[37m━━━━━━━━━━━━━━━━━━[0m [1m0s[0m 66ms/step - loss: 0.0047
[1m4/8[0m [32m━━━━━━━━━━[0m[37m━━━━━━━━━━[0m [1m0s[0m 24ms/step - loss: 0.0070
[1m7/8[0m [32m━━━━━━━━━━━━━━━━━[0m[37m━━━[0m [1m0s[0m 24ms/step - loss: 0.0069
[1m8/8[0m [32m━━━━━━━━━━━━━━━━━━━━[0m[37m[0m [1m0s[0m 28ms/step - loss: 0.0066
Epoch 68/200

[1m1/8[0m [32m━━[0m[37m━━━━━━━━━━━━━━━━━━[0m [1m0s[0m 65ms/step - loss: 0.0044
[1m3/8[0m [32m━━━━━━━[0m[37m━━━━━━━━━━━━━[0m [1m0s[0m 32ms/step - loss: 0.0055
[1m5/8[0m [32m━━━━━━━━━━━━[0m[37m━━━━━━━━[0m [1m0s[0m 29ms/step - loss: 0.0060
[1m8/8[0m [32m━━━━━━━━━━━━━━━━━━━━[0m[37m[0m [1m0s[0m 28ms/step - loss: 0.0062
[1m8/8[0m [32m━━━━━━━━━━━━━━━━━━━━[0m[37m[0m [1m0s[0m 33ms/step - loss: 0.0071
Epoch 69/200

[1m1/8[0m [32m━━[0m[37m━━━━━━━━━━━━━━━━━━[0m [1m0s[0m 66ms/step - loss: 0.0060
[1m3/8[0m [32m━━━━━━━[0m[37m━━━━━━━━━━━━━[0m [1m0s[0m 25ms/step - loss: 0.0064
[1m6/8[0m [32m━━━━━━━━━━━━━━━[0m[37m━━━━━[0m [1m0s[0m 26ms/step - loss: 0.0072
[1m8/8[0m [32m━━━━━━━━━━━━━━━━━━━━[0m[37m[0m [1m0s[0m 31ms/step - loss: 0.0072
Epoch 70/200

[1m1/8[0m [32m━━[0m[37m━━━━━━━━━━━━━━━━━━[0m [1m0s[0m 95ms/step - loss: 0.0105
[1m3/8[0m [32m━━━━━━━[0m[37m━━━━━━━━━━━━━[0m [1m0s[0m 53ms/step - loss: 0.0085
[1m5/8[0m [32m━━━━━━━━━━━━[0m[37m━━━━━━━━[0m [1m0s[0m 42ms/step - loss: 0.0078
[1m6/8[0m [32m━━━━━━━━━━━━━━━[0m[37m━━━━━[0m [1m0s[0m 51ms/step - loss: 0.0076
[1m8/8[0m [32m━━━━━━━━━━━━━━━━━━━━[0m[37m[0m [1m0s[0m 47ms/step - loss: 0.0072
[1m8/8[0m [32m━━━━━━━━━━━━━━━━━━━━[0m[37m[0m [1m0s[0m 52ms/step - loss: 0.0063
Epoch 71/200

[1m1/8[0m [32m━━[0m[37m━━━━━━━━━━━━━━━━━━[0m [1m0s[0m 65ms/step - loss: 0.0116
[1m3/8[0m [32m━━━━━━━[0m[37m━━━━━━━━━━━━━[0m [1m0s[0m 31ms/step - loss: 0.0090
[1m6/8[0m [32m━━━━━━━━━━━━━━━[0m[37m━━━━━[0m [1m0s[0m 28ms/step - loss: 0.0081
[1m8/8[0m [32m━━━━━━━━━━━━━━━━━━━━[0m[37m[0m [1m0s[0m 30ms/step - loss: 0.0069
Epoch 72/200

[1m1/8[0m [32m━━[0m[37m━━━━━━━━━━━━━━━━━━[0m [1m0s[0m 63ms/step - loss: 0.0048
[1m3/8[0m [32m━━━━━━━[0m[37m━━━━━━━━━━━━━[0m [1m0s[0m 31ms/step - loss: 0.0070
[1m5/8[0m [32m━━━━━━━━━━━━[0m[37m━━━━━━━━[0m [1m0s[0m 33ms/step - loss: 0.0069
[1m7/8[0m [32m━━━━━━━━━━━━━━━━━[0m[37m━━━[0m [1m0s[0m 32ms/step - loss: 0.0067
[1m8/8[0m [32m━━━━━━━━━━━━━━━━━━━━[0m[37m[0m [1m0s[0m 38ms/step - loss: 0.0065
Epoch 73/200

[1m1/8[0m [32m━━[0m[37m━━━━━━━━━━━━━━━━━━[0m [1m0s[0m 87ms/step - loss: 0.0078
[1m3/8[0m [32m━━━━━━━[0m[37m━━━━━━━━━━━━━[0m [1m0s[0m 26ms/step - loss: 0.0062
[1m5/8[0m [32m━━━━━━━━━━━━[0m[37m━━━━━━━━[0m [1m0s[0m 28ms/step - loss: 0.0059
[1m7/8[0m [32m━━━━━━━━━━━━━━━━━[0m[37m━━━[0m [1m0s[0m 31ms/step - loss: 0.0059
[1m8/8[0m [32m━━━━━━━━━━━━━━━━━━━━[0m[37m[0m [1m0s[0m 36ms/step - loss: 0.0059
Epoch 74/200

[1m1/8[0m [32m━━[0m[37m━━━━━━━━━━━━━━━━━━[0m [1m0s[0m 76ms/step - loss: 0.0079
[1m3/8[0m [32m━━━━━━━[0m[37m━━━━━━━━━━━━━[0m [1m0s[0m 28ms/step - loss: 0.0078
[1m5/8[0m [32m━━━━━━━━━━━━[0m[37m━━━━━━━━[0m [1m0s[0m 33ms/step - loss: 0.0073
[1m7/8[0m [32m━━━━━━━━━━━━━━━━━[0m[37m━━━[0m [1m0s[0m 34ms/step - loss: 0.0071
[1m8/8[0m [32m━━━━━━━━━━━━━━━━━━━━[0m[37m[0m [1m0s[0m 38ms/step - loss: 0.0064
Epoch 75/200

[1m1/8[0m [32m━━[0m[37m━━━━━━━━━━━━━━━━━━[0m [1m0s[0m 64ms/step - loss: 0.0082
[1m3/8[0m [32m━━━━━━━[0m[37m━━━━━━━━━━━━━[0m [1m0s[0m 28ms/step - loss: 0.0072
[1m5/8[0m [32m━━━━━━━━━━━━[0m[37m━━━━━━━━[0m [1m0s[0m 29ms/step - loss: 0.0069
[1m7/8[0m [32m━━━━━━━━━━━━━━━━━[0m[37m━━━[0m [1m0s[0m 29ms/step - loss: 0.0068
[1m8/8[0m [32m━━━━━━━━━━━━━━━━━━━━[0m[37m[0m [1m0s[0m 33ms/step - loss: 0.0061
Epoch 76/200

[1m1/8[0m [32m━━[0m[37m━━━━━━━━━━━━━━━━━━[0m [1m0s[0m 56ms/step - loss: 0.0030
[1m3/8[0m [32m━━━━━━━[0m[37m━━━━━━━━━━━━━[0m [1m0s[0m 33ms/step - loss: 0.0042
[1m5/8[0m [32m━━━━━━━━━━━━[0m[37m━━━━━━━━[0m [1m0s[0m 30ms/step - loss: 0.0049
[1m7/8[0m [32m━━━━━━━━━━━━━━━━━[0m[37m━━━[0m [1m0s[0m 32ms/step - loss: 0.0052
[1m8/8[0m [32m━━━━━━━━━━━━━━━━━━━━[0m[37m[0m [1m0s[0m 45ms/step - loss: 0.0066
Epoch 77/200

[1m1/8[0m [32m━━[0m[37m━━━━━━━━━━━━━━━━━━[0m [1m1s[0m 237ms/step - loss: 0.0094
[1m3/8[0m [32m━━━━━━━[0m[37m━━━━━━━━━━━━━[0m [1m0s[0m 47ms/step - loss: 0.0076 
[1m4/8[0m [32m━━━━━━━━━━[0m[37m━━━━━━━━━━[0m [1m0s[0m 49ms/step - loss: 0.0074
[1m5/8[0m [32m━━━━━━━━━━━━[0m[37m━━━━━━━━[0m [1m0s[0m 50ms/step - loss: 0.0072
[1m7/8[0m [32m━━━━━━━━━━━━━━━━━[0m[37m━━━[0m [1m0s[0m 49ms/step - loss: 0.0070
[1m8/8[0m [32m━━━━━━━━━━━━━━━━━━━━[0m[37m[0m [1m1s[0m 53ms/step - loss: 0.0061
Epoch 78/200

[1m1/8[0m [32m━━[0m[37m━━━━━━━━━━━━━━━━━━[0m [1m0s[0m 73ms/step - loss: 0.0026
[1m3/8[0m [32m━━━━━━━[0m[37m━━━━━━━━━━━━━[0m [1m0s[0m 30ms/step - loss: 0.0037
[1m5/8[0m [32m━━━━━━━━━━━━[0m[37m━━━━━━━━[0m [1m0s[0m 30ms/step - loss: 0.0046
[1m7/8[0m [32m━━━━━━━━━━━━━━━━━[0m[37m━━━[0m [1m0s[0m 31ms/step - loss: 0.0052
[1m8/8[0m [32m━━━━━━━━━━━━━━━━━━━━[0m[37m[0m [1m0s[0m 35ms/step - loss: 0.0070
Epoch 79/200

[1m1/8[0m [32m━━[0m[37m━━━━━━━━━━━━━━━━━━[0m [1m0s[0m 72ms/step - loss: 0.0058
[1m3/8[0m [32m━━━━━━━[0m[37m━━━━━━━━━━━━━[0m [1m0s[0m 29ms/step - loss: 0.0052
[1m5/8[0m [32m━━━━━━━━━━━━[0m[37m━━━━━━━━[0m [1m0s[0m 29ms/step - loss: 0.0058
[1m7/8[0m [32m━━━━━━━━━━━━━━━━━[0m[37m━━━[0m [1m0s[0m 31ms/step - loss: 0.0061
[1m8/8[0m [32m━━━━━━━━━━━━━━━━━━━━[0m[37m[0m [1m0s[0m 33ms/step - loss: 0.0066
Epoch 80/200

[1m1/8[0m [32m━━[0m[37m━━━━━━━━━━━━━━━━━━[0m [1m0s[0m 59ms/step - loss: 0.0043
[1m3/8[0m [32m━━━━━━━[0m[37m━━━━━━━━━━━━━[0m [1m0s[0m 29ms/step - loss: 0.0049
[1m5/8[0m [32m━━━━━━━━━━━━[0m[37m━━━━━━━━[0m [1m0s[0m 29ms/step - loss: 0.0052
[1m7/8[0m [32m━━━━━━━━━━━━━━━━━[0m[37m━━━[0m [1m0s[0m 34ms/step - loss: 0.0054
[1m8/8[0m [32m━━━━━━━━━━━━━━━━━━━━[0m[37m[0m [1m0s[0m 41ms/step - loss: 0.0058
Epoch 81/200

[1m1/8[0m [32m━━[0m[37m━━━━━━━━━━━━━━━━━━[0m [1m0s[0m 76ms/step - loss: 0.0072
[1m3/8[0m [32m━━━━━━━[0m[37m━━━━━━━━━━━━━[0m [1m0s[0m 25ms/step - loss: 0.0075
[1m5/8[0m [32m━━━━━━━━━━━━[0m[37m━━━━━━━━[0m [1m0s[0m 27ms/step - loss: 0.0071
[1m7/8[0m [32m━━━━━━━━━━━━━━━━━[0m[37m━━━[0m [1m0s[0m 27ms/step - loss: 0.0068
[1m8/8[0m [32m━━━━━━━━━━━━━━━━━━━━[0m[37m[0m [1m0s[0m 32ms/step - loss: 0.0061
Epoch 82/200

[1m1/8[0m [32m━━[0m[37m━━━━━━━━━━━━━━━━━━[0m [1m0s[0m 64ms/step - loss: 0.0083
[1m3/8[0m [32m━━━━━━━[0m[37m━━━━━━━━━━━━━[0m [1m0s[0m 35ms/step - loss: 0.0080
[1m6/8[0m [32m━━━━━━━━━━━━━━━[0m[37m━━━━━[0m [1m0s[0m 31ms/step - loss: 0.0074
[1m8/8[0m [32m━━━━━━━━━━━━━━━━━━━━[0m[37m[0m [1m0s[0m 31ms/step - loss: 0.0070
[1m8/8[0m [32m━━━━━━━━━━━━━━━━━━━━[0m[37m[0m [1m0s[0m 37ms/step - loss: 0.0057
Epoch 83/200

[1m1/8[0m [32m━━[0m[37m━━━━━━━━━━━━━━━━━━[0m [1m0s[0m 76ms/step - loss: 0.0048
[1m3/8[0m [32m━━━━━━━[0m[37m━━━━━━━━━━━━━[0m [1m0s[0m 26ms/step - loss: 0.0055
[1m5/8[0m [32m━━━━━━━━━━━━[0m[37m━━━━━━━━[0m [1m0s[0m 26ms/step - loss: 0.0055
[1m7/8[0m [32m━━━━━━━━━━━━━━━━━[0m[37m━━━[0m [1m0s[0m 28ms/step - loss: 0.0056
[1m8/8[0m [32m━━━━━━━━━━━━━━━━━━━━[0m[37m[0m [1m0s[0m 35ms/step - loss: 0.0058
Epoch 84/200

[1m1/8[0m [32m━━[0m[37m━━━━━━━━━━━━━━━━━━[0m [1m0s[0m 86ms/step - loss: 0.0062
[1m3/8[0m [32m━━━━━━━[0m[37m━━━━━━━━━━━━━[0m [1m0s[0m 38ms/step - loss: 0.0064
[1m5/8[0m [32m━━━━━━━━━━━━[0m[37m━━━━━━━━[0m [1m0s[0m 38ms/step - loss: 0.0065
[1m8/8[0m [32m━━━━━━━━━━━━━━━━━━━━[0m[37m[0m [1m0s[0m 32ms/step - loss: 0.0063
[1m8/8[0m [32m━━━━━━━━━━━━━━━━━━━━[0m[37m[0m [1m0s[0m 41ms/step - loss: 0.0060
Epoch 85/200

[1m1/8[0m [32m━━[0m[37m━━━━━━━━━━━━━━━━━━[0m [1m0s[0m 114ms/step - loss: 0.0062
[1m3/8[0m [32m━━━━━━━[0m[37m━━━━━━━━━━━━━[0m [1m0s[0m 45ms/step - loss: 0.0058 
[1m5/8[0m [32m━━━━━━━━━━━━[0m[37m━━━━━━━━[0m [1m0s[0m 38ms/step - loss: 0.0056
[1m7/8[0m [32m━━━━━━━━━━━━━━━━━[0m[37m━━━[0m [1m0s[0m 40ms/step - loss: 0.0056
[1m8/8[0m [32m━━━━━━━━━━━━━━━━━━━━[0m[37m[0m [1m0s[0m 46ms/step - loss: 0.0054
Epoch 86/200

[1m1/8[0m [32m━━[0m[37m━━━━━━━━━━━━━━━━━━[0m [1m0s[0m 81ms/step - loss: 0.0046
[1m3/8[0m [32m━━━━━━━[0m[37m━━━━━━━━━━━━━[0m [1m0s[0m 44ms/step - loss: 0.0041
[1m5/8[0m [32m━━━━━━━━━━━━[0m[37m━━━━━━━━[0m [1m0s[0m 39ms/step - loss: 0.0041
[1m7/8[0m [32m━━━━━━━━━━━━━━━━━[0m[37m━━━[0m [1m0s[0m 39ms/step - loss: 0.0045
[1m8/8[0m [32m━━━━━━━━━━━━━━━━━━━━[0m[37m[0m [1m0s[0m 41ms/step - loss: 0.0056
Epoch 87/200

[1m1/8[0m [32m━━[0m[37m━━━━━━━━━━━━━━━━━━[0m [1m0s[0m 67ms/step - loss: 0.0086
[1m3/8[0m [32m━━━━━━━[0m[37m━━━━━━━━━━━━━[0m [1m0s[0m 41ms/step - loss: 0.0068
[1m5/8[0m [32m━━━━━━━━━━━━[0m[37m━━━━━━━━[0m [1m0s[0m 36ms/step - loss: 0.0062
[1m8/8[0m [32m━━━━━━━━━━━━━━━━━━━━[0m[37m[0m [1m0s[0m 32ms/step - loss: 0.0060
[1m8/8[0m [32m━━━━━━━━━━━━━━━━━━━━[0m[37m[0m [1m0s[0m 38ms/step - loss: 0.0055
Epoch 88/200

[1m1/8[0m [32m━━[0m[37m━━━━━━━━━━━━━━━━━━[0m [1m0s[0m 85ms/step - loss: 0.0021
[1m3/8[0m [32m━━━━━━━[0m[37m━━━━━━━━━━━━━[0m [1m0s[0m 31ms/step - loss: 0.0044
[1m5/8[0m [32m━━━━━━━━━━━━[0m[37m━━━━━━━━[0m [1m0s[0m 35ms/step - loss: 0.0048
[1m7/8[0m [32m━━━━━━━━━━━━━━━━━[0m[37m━━━[0m [1m0s[0m 36ms/step - loss: 0.0050
[1m8/8[0m [32m━━━━━━━━━━━━━━━━━━━━[0m[37m[0m [1m0s[0m 44ms/step - loss: 0.0058
Epoch 89/200

[1m1/8[0m [32m━━[0m[37m━━━━━━━━━━━━━━━━━━[0m [1m0s[0m 104ms/step - loss: 0.0056
[1m3/8[0m [32m━━━━━━━[0m[37m━━━━━━━━━━━━━[0m [1m0s[0m 29ms/step - loss: 0.0051 
[1m5/8[0m [32m━━━━━━━━━━━━[0m[37m━━━━━━━━[0m [1m0s[0m 34ms/step - loss: 0.0050
[1m7/8[0m [32m━━━━━━━━━━━━━━━━━[0m[37m━━━[0m [1m0s[0m 36ms/step - loss: 0.0050
[1m8/8[0m [32m━━━━━━━━━━━━━━━━━━━━[0m[37m[0m [1m0s[0m 39ms/step - loss: 0.0055
Epoch 90/200

[1m1/8[0m [32m━━[0m[37m━━━━━━━━━━━━━━━━━━[0m [1m0s[0m 84ms/step - loss: 0.0056
[1m3/8[0m [32m━━━━━━━[0m[37m━━━━━━━━━━━━━[0m [1m0s[0m 34ms/step - loss: 0.0058
[1m5/8[0m [32m━━━━━━━━━━━━[0m[37m━━━━━━━━[0m [1m0s[0m 39ms/step - loss: 0.0056
[1m7/8[0m [32m━━━━━━━━━━━━━━━━━[0m[37m━━━[0m [1m0s[0m 39ms/step - loss: 0.0056
[1m8/8[0m [32m━━━━━━━━━━━━━━━━━━━━[0m[37m[0m [1m0s[0m 44ms/step - loss: 0.0059
Epoch 91/200

[1m1/8[0m [32m━━[0m[37m━━━━━━━━━━━━━━━━━━[0m [1m0s[0m 106ms/step - loss: 0.0075
[1m3/8[0m [32m━━━━━━━[0m[37m━━━━━━━━━━━━━[0m [1m0s[0m 34ms/step - loss: 0.0062 
[1m5/8[0m [32m━━━━━━━━━━━━[0m[37m━━━━━━━━[0m [1m0s[0m 42ms/step - loss: 0.0059
[1m7/8[0m [32m━━━━━━━━━━━━━━━━━[0m[37m━━━[0m [1m0s[0m 42ms/step - loss: 0.0059
[1m8/8[0m [32m━━━━━━━━━━━━━━━━━━━━[0m[37m[0m [1m0s[0m 49ms/step - loss: 0.0060
Epoch 92/200

[1m1/8[0m [32m━━[0m[37m━━━━━━━━━━━━━━━━━━[0m [1m0s[0m 82ms/step - loss: 0.0047
[1m3/8[0m [32m━━━━━━━[0m[37m━━━━━━━━━━━━━[0m [1m0s[0m 37ms/step - loss: 0.0051
[1m5/8[0m [32m━━━━━━━━━━━━[0m[37m━━━━━━━━[0m [1m0s[0m 35ms/step - loss: 0.0056
[1m7/8[0m [32m━━━━━━━━━━━━━━━━━[0m[37m━━━[0m [1m0s[0m 35ms/step - loss: 0.0058
[1m8/8[0m [32m━━━━━━━━━━━━━━━━━━━━[0m[37m[0m [1m0s[0m 40ms/step - loss: 0.0060
Epoch 93/200

[1m1/8[0m [32m━━[0m[37m━━━━━━━━━━━━━━━━━━[0m [1m0s[0m 68ms/step - loss: 0.0057
[1m3/8[0m [32m━━━━━━━[0m[37m━━━━━━━━━━━━━[0m [1m0s[0m 36ms/step - loss: 0.0063
[1m6/8[0m [32m━━━━━━━━━━━━━━━[0m[37m━━━━━[0m [1m0s[0m 30ms/step - loss: 0.0066
[1m8/8[0m [32m━━━━━━━━━━━━━━━━━━━━[0m[37m[0m [1m0s[0m 29ms/step - loss: 0.0066
[1m8/8[0m [32m━━━━━━━━━━━━━━━━━━━━[0m[37m[0m [1m0s[0m 36ms/step - loss: 0.0065
Epoch 94/200

[1m1/8[0m [32m━━[0m[37m━━━━━━━━━━━━━━━━━━[0m [1m0s[0m 75ms/step - loss: 0.0054
[1m3/8[0m [32m━━━━━━━[0m[37m━━━━━━━━━━━━━[0m [1m0s[0m 35ms/step - loss: 0.0056
[1m5/8[0m [32m━━━━━━━━━━━━[0m[37m━━━━━━━━[0m [1m0s[0m 33ms/step - loss: 0.0058
[1m7/8[0m [32m━━━━━━━━━━━━━━━━━[0m[37m━━━[0m [1m0s[0m 35ms/step - loss: 0.0058
[1m8/8[0m [32m━━━━━━━━━━━━━━━━━━━━[0m[37m[0m [1m0s[0m 41ms/step - loss: 0.0062
Epoch 95/200

[1m1/8[0m [32m━━[0m[37m━━━━━━━━━━━━━━━━━━[0m [1m0s[0m 103ms/step - loss: 0.0050
[1m4/8[0m [32m━━━━━━━━━━[0m[37m━━━━━━━━━━[0m [1m0s[0m 25ms/step - loss: 0.0040 
[1m6/8[0m [32m━━━━━━━━━━━━━━━[0m[37m━━━━━[0m [1m0s[0m 26ms/step - loss: 0.0042
[1m8/8[0m [32m━━━━━━━━━━━━━━━━━━━━[0m[37m[0m [1m0s[0m 28ms/step - loss: 0.0046
[1m8/8[0m [32m━━━━━━━━━━━━━━━━━━━━[0m[37m[0m [1m0s[0m 33ms/step - loss: 0.0061
Epoch 96/200

[1m1/8[0m [32m━━[0m[37m━━━━━━━━━━━━━━━━━━[0m [1m0s[0m 64ms/step - loss: 0.0033
[1m3/8[0m [32m━━━━━━━[0m[37m━━━━━━━━━━━━━[0m [1m0s[0m 28ms/step - loss: 0.0038
[1m5/8[0m [32m━━━━━━━━━━━━[0m[37m━━━━━━━━[0m [1m0s[0m 32ms/step - loss: 0.0040
[1m7/8[0m [32m━━━━━━━━━━━━━━━━━[0m[37m━━━[0m [1m0s[0m 32ms/step - loss: 0.0044
[1m8/8[0m [32m━━━━━━━━━━━━━━━━━━━━[0m[37m[0m [1m0s[0m 33ms/step - loss: 0.0052
Epoch 97/200

[1m1/8[0m [32m━━[0m[37m━━━━━━━━━━━━━━━━━━[0m [1m0s[0m 47ms/step - loss: 0.0086
[1m3/8[0m [32m━━━━━━━[0m[37m━━━━━━━━━━━━━[0m [1m0s[0m 26ms/step - loss: 0.0071
[1m5/8[0m [32m━━━━━━━━━━━━[0m[37m━━━━━━━━[0m [1m0s[0m 29ms/step - loss: 0.0067
[1m7/8[0m [32m━━━━━━━━━━━━━━━━━[0m[37m━━━[0m [1m0s[0m 31ms/step - loss: 0.0064
[1m8/8[0m [32m━━━━━━━━━━━━━━━━━━━━[0m[37m[0m [1m0s[0m 35ms/step - loss: 0.0060
Epoch 98/200

[1m1/8[0m [32m━━[0m[37m━━━━━━━━━━━━━━━━━━[0m [1m0s[0m 97ms/step - loss: 0.0066
[1m3/8[0m [32m━━━━━━━[0m[37m━━━━━━━━━━━━━[0m [1m0s[0m 32ms/step - loss: 0.0060
[1m5/8[0m [32m━━━━━━━━━━━━[0m[37m━━━━━━━━[0m [1m0s[0m 35ms/step - loss: 0.0060
[1m7/8[0m [32m━━━━━━━━━━━━━━━━━[0m[37m━━━[0m [1m0s[0m 35ms/step - loss: 0.0061
[1m8/8[0m [32m━━━━━━━━━━━━━━━━━━━━[0m[37m[0m [1m0s[0m 39ms/step - loss: 0.0061
Epoch 99/200

[1m1/8[0m [32m━━[0m[37m━━━━━━━━━━━━━━━━━━[0m [1m0s[0m 59ms/step - loss: 0.0102
[1m3/8[0m [32m━━━━━━━[0m[37m━━━━━━━━━━━━━[0m [1m0s[0m 29ms/step - loss: 0.0073
[1m5/8[0m [32m━━━━━━━━━━━━[0m[37m━━━━━━━━[0m [1m0s[0m 29ms/step - loss: 0.0065
[1m7/8[0m [32m━━━━━━━━━━━━━━━━━[0m[37m━━━[0m [1m0s[0m 28ms/step - loss: 0.0061
[1m8/8[0m [32m━━━━━━━━━━━━━━━━━━━━[0m[37m[0m [1m0s[0m 32ms/step - loss: 0.0050
Epoch 100/200

[1m1/8[0m [32m━━[0m[37m━━━━━━━━━━━━━━━━━━[0m [1m0s[0m 67ms/step - loss: 0.0053
[1m3/8[0m [32m━━━━━━━[0m[37m━━━━━━━━━━━━━[0m [1m0s[0m 29ms/step - loss: 0.0051
[1m5/8[0m [32m━━━━━━━━━━━━[0m[37m━━━━━━━━[0m [1m0s[0m 31ms/step - loss: 0.0051
[1m7/8[0m [32m━━━━━━━━━━━━━━━━━[0m[37m━━━[0m [1m0s[0m 32ms/step - loss: 0.0052
[1m8/8[0m [32m━━━━━━━━━━━━━━━━━━━━[0m[37m[0m [1m0s[0m 35ms/step - loss: 0.0060
Epoch 101/200

[1m1/8[0m [32m━━[0m[37m━━━━━━━━━━━━━━━━━━[0m [1m0s[0m 60ms/step - loss: 0.0039
[1m3/8[0m [32m━━━━━━━[0m[37m━━━━━━━━━━━━━[0m [1m0s[0m 29ms/step - loss: 0.0043
[1m5/8[0m [32m━━━━━━━━━━━━[0m[37m━━━━━━━━[0m [1m0s[0m 28ms/step - loss: 0.0046
[1m7/8[0m [32m━━━━━━━━━━━━━━━━━[0m[37m━━━[0m [1m0s[0m 28ms/step - loss: 0.0048
[1m8/8[0m [32m━━━━━━━━━━━━━━━━━━━━[0m[37m[0m [1m0s[0m 31ms/step - loss: 0.0059
Epoch 102/200

[1m1/8[0m [32m━━[0m[37m━━━━━━━━━━━━━━━━━━[0m [1m0s[0m 49ms/step - loss: 0.0037
[1m3/8[0m [32m━━━━━━━[0m[37m━━━━━━━━━━━━━[0m [1m0s[0m 47ms/step - loss: 0.0057
[1m4/8[0m [32m━━━━━━━━━━[0m[37m━━━━━━━━━━[0m [1m0s[0m 53ms/step - loss: 0.0058
[1m6/8[0m [32m━━━━━━━━━━━━━━━[0m[37m━━━━━[0m [1m0s[0m 45ms/step - loss: 0.0059
[1m8/8[0m [32m━━━━━━━━━━━━━━━━━━━━[0m[37m[0m [1m0s[0m 39ms/step - loss: 0.0059
[1m8/8[0m [32m━━━━━━━━━━━━━━━━━━━━[0m[37m[0m [1m0s[0m 45ms/step - loss: 0.0057
Epoch 103/200

[1m1/8[0m [32m━━[0m[37m━━━━━━━━━━━━━━━━━━[0m [1m0s[0m 79ms/step - loss: 0.0075
[1m3/8[0m [32m━━━━━━━[0m[37m━━━━━━━━━━━━━[0m [1m0s[0m 30ms/step - loss: 0.0065
[1m5/8[0m [32m━━━━━━━━━━━━[0m[37m━━━━━━━━[0m [1m0s[0m 31ms/step - loss: 0.0067
[1m7/8[0m [32m━━━━━━━━━━━━━━━━━[0m[37m━━━[0m [1m0s[0m 31ms/step - loss: 0.0065
[1m8/8[0m [32m━━━━━━━━━━━━━━━━━━━━[0m[37m[0m [1m0s[0m 34ms/step - loss: 0.0059
Epoch 104/200

[1m1/8[0m [32m━━[0m[37m━━━━━━━━━━━━━━━━━━[0m [1m0s[0m 63ms/step - loss: 0.0048
[1m3/8[0m [32m━━━━━━━[0m[37m━━━━━━━━━━━━━[0m [1m0s[0m 33ms/step - loss: 0.0048
[1m5/8[0m [32m━━━━━━━━━━━━[0m[37m━━━━━━━━[0m [1m0s[0m 34ms/step - loss: 0.0050
[1m7/8[0m [32m━━━━━━━━━━━━━━━━━[0m[37m━━━[0m [1m0s[0m 32ms/step - loss: 0.0052
[1m8/8[0m [32m━━━━━━━━━━━━━━━━━━━━[0m[37m[0m [1m0s[0m 35ms/step - loss: 0.0055
Epoch 105/200

[1m1/8[0m [32m━━[0m[37m━━━━━━━━━━━━━━━━━━[0m [1m0s[0m 67ms/step - loss: 0.0082
[1m4/8[0m [32m━━━━━━━━━━[0m[37m━━━━━━━━━━[0m [1m0s[0m 23ms/step - loss: 0.0068
[1m6/8[0m [32m━━━━━━━━━━━━━━━[0m[37m━━━━━[0m [1m0s[0m 25ms/step - loss: 0.0067
[1m8/8[0m [32m━━━━━━━━━━━━━━━━━━━━[0m[37m[0m [1m0s[0m 29ms/step - loss: 0.0059
Epoch 106/200

[1m1/8[0m [32m━━[0m[37m━━━━━━━━━━━━━━━━━━[0m [1m0s[0m 57ms/step - loss: 0.0049
[1m3/8[0m [32m━━━━━━━[0m[37m━━━━━━━━━━━━━[0m [1m0s[0m 28ms/step - loss: 0.0051
[1m5/8[0m [32m━━━━━━━━━━━━[0m[37m━━━━━━━━[0m [1m0s[0m 28ms/step - loss: 0.0053
[1m7/8[0m [32m━━━━━━━━━━━━━━━━━[0m[37m━━━[0m [1m0s[0m 30ms/step - loss: 0.0052
[1m8/8[0m [32m━━━━━━━━━━━━━━━━━━━━[0m[37m[0m [1m0s[0m 33ms/step - loss: 0.0050
Epoch 107/200

[1m1/8[0m [32m━━[0m[37m━━━━━━━━━━━━━━━━━━[0m [1m0s[0m 81ms/step - loss: 0.0037
[1m3/8[0m [32m━━━━━━━[0m[37m━━━━━━━━━━━━━[0m [1m0s[0m 41ms/step - loss: 0.0054
[1m5/8[0m [32m━━━━━━━━━━━━[0m[37m━━━━━━━━[0m [1m0s[0m 38ms/step - loss: 0.0056
[1m7/8[0m [32m━━━━━━━━━━━━━━━━━[0m[37m━━━[0m [1m0s[0m 36ms/step - loss: 0.0056
[1m8/8[0m [32m━━━━━━━━━━━━━━━━━━━━[0m[37m[0m [1m0s[0m 41ms/step - loss: 0.0056
Epoch 108/200

[1m1/8[0m [32m━━[0m[37m━━━━━━━━━━━━━━━━━━[0m [1m0s[0m 69ms/step - loss: 0.0064
[1m3/8[0m [32m━━━━━━━[0m[37m━━━━━━━━━━━━━[0m [1m0s[0m 38ms/step - loss: 0.0065
[1m5/8[0m [32m━━━━━━━━━━━━[0m[37m━━━━━━━━[0m [1m0s[0m 32ms/step - loss: 0.0063
[1m8/8[0m [32m━━━━━━━━━━━━━━━━━━━━[0m[37m[0m [1m0s[0m 28ms/step - loss: 0.0063
[1m8/8[0m [32m━━━━━━━━━━━━━━━━━━━━[0m[37m[0m [1m0s[0m 34ms/step - loss: 0.0062
Epoch 109/200

[1m1/8[0m [32m━━[0m[37m━━━━━━━━━━━━━━━━━━[0m [1m0s[0m 77ms/step - loss: 0.0041
[1m3/8[0m [32m━━━━━━━[0m[37m━━━━━━━━━━━━━[0m [1m0s[0m 34ms/step - loss: 0.0047
[1m5/8[0m [32m━━━━━━━━━━━━[0m[37m━━━━━━━━[0m [1m0s[0m 31ms/step - loss: 0.0050
[1m7/8[0m [32m━━━━━━━━━━━━━━━━━[0m[37m━━━[0m [1m0s[0m 31ms/step - loss: 0.0053
[1m8/8[0m [32m━━━━━━━━━━━━━━━━━━━━[0m[37m[0m [1m0s[0m 36ms/step - loss: 0.0055
Epoch 110/200

[1m1/8[0m [32m━━[0m[37m━━━━━━━━━━━━━━━━━━[0m [1m0s[0m 73ms/step - loss: 0.0028
[1m4/8[0m [32m━━━━━━━━━━[0m[37m━━━━━━━━━━[0m [1m0s[0m 27ms/step - loss: 0.0042
[1m6/8[0m [32m━━━━━━━━━━━━━━━[0m[37m━━━━━[0m [1m0s[0m 28ms/step - loss: 0.0045
[1m8/8[0m [32m━━━━━━━━━━━━━━━━━━━━[0m[37m[0m [1m0s[0m 27ms/step - loss: 0.0048
[1m8/8[0m [32m━━━━━━━━━━━━━━━━━━━━[0m[37m[0m [1m0s[0m 33ms/step - loss: 0.0061
Epoch 111/200

[1m1/8[0m [32m━━[0m[37m━━━━━━━━━━━━━━━━━━[0m [1m0s[0m 67ms/step - loss: 0.0070
[1m3/8[0m [32m━━━━━━━[0m[37m━━━━━━━━━━━━━[0m [1m0s[0m 27ms/step - loss: 0.0064
[1m6/8[0m [32m━━━━━━━━━━━━━━━[0m[37m━━━━━[0m [1m0s[0m 25ms/step - loss: 0.0061
[1m8/8[0m [32m━━━━━━━━━━━━━━━━━━━━[0m[37m[0m [1m0s[0m 29ms/step - loss: 0.0056
Epoch 112/200

[1m1/8[0m [32m━━[0m[37m━━━━━━━━━━━━━━━━━━[0m [1m0s[0m 58ms/step - loss: 0.0076
[1m3/8[0m [32m━━━━━━━[0m[37m━━━━━━━━━━━━━[0m [1m0s[0m 26ms/step - loss: 0.0062
[1m5/8[0m [32m━━━━━━━━━━━━[0m[37m━━━━━━━━[0m [1m0s[0m 29ms/step - loss: 0.0060
[1m7/8[0m [32m━━━━━━━━━━━━━━━━━[0m[37m━━━[0m [1m0s[0m 28ms/step - loss: 0.0059
[1m8/8[0m [32m━━━━━━━━━━━━━━━━━━━━[0m[37m[0m [1m0s[0m 31ms/step - loss: 0.0057
Epoch 113/200

[1m1/8[0m [32m━━[0m[37m━━━━━━━━━━━━━━━━━━[0m [1m0s[0m 61ms/step - loss: 0.0029
[1m3/8[0m [32m━━━━━━━[0m[37m━━━━━━━━━━━━━[0m [1m0s[0m 41ms/step - loss: 0.0043
[1m5/8[0m [32m━━━━━━━━━━━━[0m[37m━━━━━━━━[0m [1m0s[0m 37ms/step - loss: 0.0047
[1m7/8[0m [32m━━━━━━━━━━━━━━━━━[0m[37m━━━[0m [1m0s[0m 34ms/step - loss: 0.0049
[1m8/8[0m [32m━━━━━━━━━━━━━━━━━━━━[0m[37m[0m [1m0s[0m 36ms/step - loss: 0.0059
Epoch 114/200

[1m1/8[0m [32m━━[0m[37m━━━━━━━━━━━━━━━━━━[0m [1m0s[0m 64ms/step - loss: 0.0051
[1m3/8[0m [32m━━━━━━━[0m[37m━━━━━━━━━━━━━[0m [1m0s[0m 33ms/step - loss: 0.0044
[1m6/8[0m [32m━━━━━━━━━━━━━━━[0m[37m━━━━━[0m [1m0s[0m 32ms/step - loss: 0.0046
[1m8/8[0m [32m━━━━━━━━━━━━━━━━━━━━[0m[37m[0m [1m0s[0m 34ms/step - loss: 0.0049
[1m8/8[0m [32m━━━━━━━━━━━━━━━━━━━━[0m[37m[0m [1m0s[0m 39ms/step - loss: 0.0061
Epoch 115/200

[1m1/8[0m [32m━━[0m[37m━━━━━━━━━━━━━━━━━━[0m [1m0s[0m 87ms/step - loss: 0.0050
[1m3/8[0m [32m━━━━━━━[0m[37m━━━━━━━━━━━━━[0m [1m0s[0m 42ms/step - loss: 0.0047
[1m5/8[0m [32m━━━━━━━━━━━━[0m[37m━━━━━━━━[0m [1m0s[0m 44ms/step - loss: 0.0045
[1m7/8[0m [32m━━━━━━━━━━━━━━━━━[0m[37m━━━[0m [1m0s[0m 41ms/step - loss: 0.0046
[1m8/8[0m [32m━━━━━━━━━━━━━━━━━━━━[0m[37m[0m [1m0s[0m 43ms/step - loss: 0.0048
Epoch 116/200

[1m1/8[0m [32m━━[0m[37m━━━━━━━━━━━━━━━━━━[0m [1m0s[0m 60ms/step - loss: 0.0076
[1m3/8[0m [32m━━━━━━━[0m[37m━━━━━━━━━━━━━[0m [1m0s[0m 29ms/step - loss: 0.0061
[1m5/8[0m [32m━━━━━━━━━━━━[0m[37m━━━━━━━━[0m [1m0s[0m 29ms/step - loss: 0.0061
[1m7/8[0m [32m━━━━━━━━━━━━━━━━━[0m[37m━━━[0m [1m0s[0m 29ms/step - loss: 0.0061
[1m8/8[0m [32m━━━━━━━━━━━━━━━━━━━━[0m[37m[0m [1m0s[0m 36ms/step - loss: 0.0057
Epoch 117/200

[1m1/8[0m [32m━━[0m[37m━━━━━━━━━━━━━━━━━━[0m [1m2s[0m 379ms/step - loss: 0.0030
[1m3/8[0m [32m━━━━━━━[0m[37m━━━━━━━━━━━━━[0m [1m0s[0m 36ms/step - loss: 0.0030 
[1m5/8[0m [32m━━━━━━━━━━━━[0m[37m━━━━━━━━[0m [1m0s[0m 36ms/step - loss: 0.0035
[1m7/8[0m [32m━━━━━━━━━━━━━━━━━[0m[37m━━━[0m [1m0s[0m 37ms/step - loss: 0.0038
[1m8/8[0m [32m━━━━━━━━━━━━━━━━━━━━[0m[37m[0m [1m1s[0m 42ms/step - loss: 0.0049
Epoch 118/200

[1m1/8[0m [32m━━[0m[37m━━━━━━━━━━━━━━━━━━[0m [1m0s[0m 64ms/step - loss: 0.0061
[1m3/8[0m [32m━━━━━━━[0m[37m━━━━━━━━━━━━━[0m [1m0s[0m 34ms/step - loss: 0.0062
[1m5/8[0m [32m━━━━━━━━━━━━[0m[37m━━━━━━━━[0m [1m0s[0m 36ms/step - loss: 0.0060
[1m7/8[0m [32m━━━━━━━━━━━━━━━━━[0m[37m━━━[0m [1m0s[0m 37ms/step - loss: 0.0060
[1m8/8[0m [32m━━━━━━━━━━━━━━━━━━━━[0m[37m[0m [1m0s[0m 43ms/step - loss: 0.0056
Epoch 119/200

[1m1/8[0m [32m━━[0m[37m━━━━━━━━━━━━━━━━━━[0m [1m0s[0m 64ms/step - loss: 0.0040
[1m3/8[0m [32m━━━━━━━[0m[37m━━━━━━━━━━━━━[0m [1m0s[0m 25ms/step - loss: 0.0041
[1m5/8[0m [32m━━━━━━━━━━━━[0m[37m━━━━━━━━[0m [1m0s[0m 25ms/step - loss: 0.0044
[1m7/8[0m [32m━━━━━━━━━━━━━━━━━[0m[37m━━━[0m [1m0s[0m 26ms/step - loss: 0.0047
[1m8/8[0m [32m━━━━━━━━━━━━━━━━━━━━[0m[37m[0m [1m0s[0m 31ms/step - loss: 0.0055
Epoch 120/200

[1m1/8[0m [32m━━[0m[37m━━━━━━━━━━━━━━━━━━[0m [1m0s[0m 81ms/step - loss: 0.0029
[1m3/8[0m [32m━━━━━━━[0m[37m━━━━━━━━━━━━━[0m [1m0s[0m 30ms/step - loss: 0.0036
[1m5/8[0m [32m━━━━━━━━━━━━[0m[37m━━━━━━━━[0m [1m0s[0m 31ms/step - loss: 0.0043
[1m7/8[0m [32m━━━━━━━━━━━━━━━━━[0m[37m━━━[0m [1m0s[0m 34ms/step - loss: 0.0045
[1m8/8[0m [32m━━━━━━━━━━━━━━━━━━━━[0m[37m[0m [1m0s[0m 36ms/step - loss: 0.0049
Epoch 121/200

[1m1/8[0m [32m━━[0m[37m━━━━━━━━━━━━━━━━━━[0m [1m0s[0m 64ms/step - loss: 0.0032
[1m3/8[0m [32m━━━━━━━[0m[37m━━━━━━━━━━━━━[0m [1m0s[0m 34ms/step - loss: 0.0040
[1m5/8[0m [32m━━━━━━━━━━━━[0m[37m━━━━━━━━[0m [1m0s[0m 30ms/step - loss: 0.0046
[1m7/8[0m [32m━━━━━━━━━━━━━━━━━[0m[37m━━━[0m [1m0s[0m 30ms/step - loss: 0.0048
[1m8/8[0m [32m━━━━━━━━━━━━━━━━━━━━[0m[37m[0m [1m0s[0m 34ms/step - loss: 0.0054
Epoch 122/200

[1m1/8[0m [32m━━[0m[37m━━━━━━━━━━━━━━━━━━[0m [1m0s[0m 64ms/step - loss: 0.0075
[1m3/8[0m [32m━━━━━━━[0m[37m━━━━━━━━━━━━━[0m [1m0s[0m 30ms/step - loss: 0.0063
[1m5/8[0m [32m━━━━━━━━━━━━[0m[37m━━━━━━━━[0m [1m0s[0m 29ms/step - loss: 0.0060
[1m7/8[0m [32m━━━━━━━━━━━━━━━━━[0m[37m━━━[0m [1m0s[0m 28ms/step - loss: 0.0058
[1m8/8[0m [32m━━━━━━━━━━━━━━━━━━━━[0m[37m[0m [1m0s[0m 35ms/step - loss: 0.0051
Epoch 123/200

[1m1/8[0m [32m━━[0m[37m━━━━━━━━━━━━━━━━━━[0m [1m0s[0m 81ms/step - loss: 0.0075
[1m3/8[0m [32m━━━━━━━[0m[37m━━━━━━━━━━━━━[0m [1m0s[0m 34ms/step - loss: 0.0070
[1m5/8[0m [32m━━━━━━━━━━━━[0m[37m━━━━━━━━[0m [1m0s[0m 32ms/step - loss: 0.0069
[1m7/8[0m [32m━━━━━━━━━━━━━━━━━[0m[37m━━━[0m [1m0s[0m 32ms/step - loss: 0.0065
[1m8/8[0m [32m━━━━━━━━━━━━━━━━━━━━[0m[37m[0m [1m0s[0m 38ms/step - loss: 0.0054
Epoch 124/200

[1m1/8[0m [32m━━[0m[37m━━━━━━━━━━━━━━━━━━[0m [1m0s[0m 83ms/step - loss: 0.0069
[1m3/8[0m [32m━━━━━━━[0m[37m━━━━━━━━━━━━━[0m [1m0s[0m 34ms/step - loss: 0.0060
[1m5/8[0m [32m━━━━━━━━━━━━[0m[37m━━━━━━━━[0m [1m0s[0m 35ms/step - loss: 0.0060
[1m7/8[0m [32m━━━━━━━━━━━━━━━━━[0m[37m━━━[0m [1m0s[0m 35ms/step - loss: 0.0058
[1m8/8[0m [32m━━━━━━━━━━━━━━━━━━━━[0m[37m[0m [1m0s[0m 40ms/step - loss: 0.0057
Epoch 125/200

[1m1/8[0m [32m━━[0m[37m━━━━━━━━━━━━━━━━━━[0m [1m0s[0m 66ms/step - loss: 0.0052
[1m3/8[0m [32m━━━━━━━[0m[37m━━━━━━━━━━━━━[0m [1m0s[0m 27ms/step - loss: 0.0060
[1m5/8[0m [32m━━━━━━━━━━━━[0m[37m━━━━━━━━[0m [1m0s[0m 26ms/step - loss: 0.0060
[1m7/8[0m [32m━━━━━━━━━━━━━━━━━[0m[37m━━━[0m [1m0s[0m 27ms/step - loss: 0.0058
[1m8/8[0m [32m━━━━━━━━━━━━━━━━━━━━[0m[37m[0m [1m0s[0m 33ms/step - loss: 0.0054
Epoch 126/200

[1m1/8[0m [32m━━[0m[37m━━━━━━━━━━━━━━━━━━[0m [1m0s[0m 77ms/step - loss: 0.0052
[1m3/8[0m [32m━━━━━━━[0m[37m━━━━━━━━━━━━━[0m [1m0s[0m 28ms/step - loss: 0.0057
[1m6/8[0m [32m━━━━━━━━━━━━━━━[0m[37m━━━━━[0m [1m0s[0m 25ms/step - loss: 0.0055
[1m8/8[0m [32m━━━━━━━━━━━━━━━━━━━━[0m[37m[0m [1m0s[0m 27ms/step - loss: 0.0056
Epoch 127/200

[1m1/8[0m [32m━━[0m[37m━━━━━━━━━━━━━━━━━━[0m [1m0s[0m 55ms/step - loss: 0.0035
[1m3/8[0m [32m━━━━━━━[0m[37m━━━━━━━━━━━━━[0m [1m0s[0m 26ms/step - loss: 0.0048
[1m5/8[0m [32m━━━━━━━━━━━━[0m[37m━━━━━━━━[0m [1m0s[0m 26ms/step - loss: 0.0052
[1m7/8[0m [32m━━━━━━━━━━━━━━━━━[0m[37m━━━[0m [1m0s[0m 26ms/step - loss: 0.0053
[1m8/8[0m [32m━━━━━━━━━━━━━━━━━━━━[0m[37m[0m [1m0s[0m 29ms/step - loss: 0.0058
Epoch 128/200

[1m1/8[0m [32m━━[0m[37m━━━━━━━━━━━━━━━━━━[0m [1m0s[0m 55ms/step - loss: 0.0050
[1m3/8[0m [32m━━━━━━━[0m[37m━━━━━━━━━━━━━[0m [1m0s[0m 29ms/step - loss: 0.0053
[1m5/8[0m [32m━━━━━━━━━━━━[0m[37m━━━━━━━━[0m [1m0s[0m 30ms/step - loss: 0.0054
[1m7/8[0m [32m━━━━━━━━━━━━━━━━━[0m[37m━━━[0m [1m0s[0m 33ms/step - loss: 0.0054
[1m8/8[0m [32m━━━━━━━━━━━━━━━━━━━━[0m[37m[0m [1m0s[0m 36ms/step - loss: 0.0052
Epoch 129/200

[1m1/8[0m [32m━━[0m[37m━━━━━━━━━━━━━━━━━━[0m [1m0s[0m 74ms/step - loss: 0.0025
[1m3/8[0m [32m━━━━━━━[0m[37m━━━━━━━━━━━━━[0m [1m0s[0m 39ms/step - loss: 0.0030
[1m5/8[0m [32m━━━━━━━━━━━━[0m[37m━━━━━━━━[0m [1m0s[0m 40ms/step - loss: 0.0036
[1m6/8[0m [32m━━━━━━━━━━━━━━━[0m[37m━━━━━[0m [1m0s[0m 44ms/step - loss: 0.0037
[1m8/8[0m [32m━━━━━━━━━━━━━━━━━━━━[0m[37m[0m [1m0s[0m 44ms/step - loss: 0.0040
[1m8/8[0m [32m━━━━━━━━━━━━━━━━━━━━[0m[37m[0m [1m0s[0m 49ms/step - loss: 0.0050
Epoch 130/200

[1m1/8[0m [32m━━[0m[37m━━━━━━━━━━━━━━━━━━[0m [1m0s[0m 63ms/step - loss: 0.0084
[1m4/8[0m [32m━━━━━━━━━━[0m[37m━━━━━━━━━━[0m [1m0s[0m 22ms/step - loss: 0.0070
[1m6/8[0m [32m━━━━━━━━━━━━━━━[0m[37m━━━━━[0m [1m0s[0m 24ms/step - loss: 0.0064
[1m8/8[0m [32m━━━━━━━━━━━━━━━━━━━━[0m[37m[0m [1m0s[0m 25ms/step - loss: 0.0061
[1m8/8[0m [32m━━━━━━━━━━━━━━━━━━━━[0m[37m[0m [1m0s[0m 29ms/step - loss: 0.0051
Epoch 131/200

[1m1/8[0m [32m━━[0m[37m━━━━━━━━━━━━━━━━━━[0m [1m0s[0m 63ms/step - loss: 0.0048
[1m4/8[0m [32m━━━━━━━━━━[0m[37m━━━━━━━━━━[0m [1m0s[0m 22ms/step - loss: 0.0049
[1m7/8[0m [32m━━━━━━━━━━━━━━━━━[0m[37m━━━[0m [1m0s[0m 21ms/step - loss: 0.0048
[1m8/8[0m [32m━━━━━━━━━━━━━━━━━━━━[0m[37m[0m [1m0s[0m 27ms/step - loss: 0.0048
Epoch 132/200

[1m1/8[0m [32m━━[0m[37m━━━━━━━━━━━━━━━━━━[0m [1m0s[0m 60ms/step - loss: 0.0043
[1m3/8[0m [32m━━━━━━━[0m[37m━━━━━━━━━━━━━[0m [1m0s[0m 25ms/step - loss: 0.0045
[1m6/8[0m [32m━━━━━━━━━━━━━━━[0m[37m━━━━━[0m [1m0s[0m 25ms/step - loss: 0.0046
[1m8/8[0m [32m━━━━━━━━━━━━━━━━━━━━[0m[37m[0m [1m0s[0m 30ms/step - loss: 0.0053
Epoch 133/200

[1m1/8[0m [32m━━[0m[37m━━━━━━━━━━━━━━━━━━[0m [1m0s[0m 72ms/step - loss: 0.0029
[1m3/8[0m [32m━━━━━━━[0m[37m━━━━━━━━━━━━━[0m [1m0s[0m 26ms/step - loss: 0.0035
[1m5/8[0m [32m━━━━━━━━━━━━[0m[37m━━━━━━━━[0m [1m0s[0m 27ms/step - loss: 0.0038
[1m7/8[0m [32m━━━━━━━━━━━━━━━━━[0m[37m━━━[0m [1m0s[0m 29ms/step - loss: 0.0040
[1m8/8[0m [32m━━━━━━━━━━━━━━━━━━━━[0m[37m[0m [1m0s[0m 32ms/step - loss: 0.0048
Epoch 134/200

[1m1/8[0m [32m━━[0m[37m━━━━━━━━━━━━━━━━━━[0m [1m0s[0m 58ms/step - loss: 0.0064
[1m4/8[0m [32m━━━━━━━━━━[0m[37m━━━━━━━━━━[0m [1m0s[0m 26ms/step - loss: 0.0053
[1m6/8[0m [32m━━━━━━━━━━━━━━━[0m[37m━━━━━[0m [1m0s[0m 28ms/step - loss: 0.0051
[1m8/8[0m [32m━━━━━━━━━━━━━━━━━━━━[0m[37m[0m [1m0s[0m 32ms/step - loss: 0.0051
[1m8/8[0m [32m━━━━━━━━━━━━━━━━━━━━[0m[37m[0m [1m0s[0m 40ms/step - loss: 0.0048
Epoch 135/200

[1m1/8[0m [32m━━[0m[37m━━━━━━━━━━━━━━━━━━[0m [1m0s[0m 88ms/step - loss: 0.0039
[1m3/8[0m [32m━━━━━━━[0m[37m━━━━━━━━━━━━━[0m [1m0s[0m 28ms/step - loss: 0.0052
[1m5/8[0m [32m━━━━━━━━━━━━[0m[37m━━━━━━━━[0m [1m0s[0m 27ms/step - loss: 0.0051
[1m7/8[0m [32m━━━━━━━━━━━━━━━━━[0m[37m━━━[0m [1m0s[0m 30ms/step - loss: 0.0050
[1m8/8[0m [32m━━━━━━━━━━━━━━━━━━━━[0m[37m[0m [1m0s[0m 33ms/step - loss: 0.0054
Epoch 136/200

[1m1/8[0m [32m━━[0m[37m━━━━━━━━━━━━━━━━━━[0m [1m0s[0m 65ms/step - loss: 0.0038
[1m3/8[0m [32m━━━━━━━[0m[37m━━━━━━━━━━━━━[0m [1m0s[0m 36ms/step - loss: 0.0051
[1m5/8[0m [32m━━━━━━━━━━━━[0m[37m━━━━━━━━[0m [1m0s[0m 34ms/step - loss: 0.0051
[1m7/8[0m [32m━━━━━━━━━━━━━━━━━[0m[37m━━━[0m [1m0s[0m 34ms/step - loss: 0.0053
[1m8/8[0m [32m━━━━━━━━━━━━━━━━━━━━[0m[37m[0m [1m0s[0m 36ms/step - loss: 0.0056
Epoch 137/200

[1m1/8[0m [32m━━[0m[37m━━━━━━━━━━━━━━━━━━[0m [1m2s[0m 364ms/step - loss: 0.0070
[1m4/8[0m [32m━━━━━━━━━━[0m[37m━━━━━━━━━━[0m [1m0s[0m 25ms/step - loss: 0.0050 
[1m6/8[0m [32m━━━━━━━━━━━━━━━[0m[37m━━━━━[0m [1m0s[0m 27ms/step - loss: 0.0048
[1m8/8[0m [32m━━━━━━━━━━━━━━━━━━━━[0m[37m[0m [1m1s[0m 32ms/step - loss: 0.0058
Epoch 138/200

[1m1/8[0m [32m━━[0m[37m━━━━━━━━━━━━━━━━━━[0m [1m0s[0m 72ms/step - loss: 0.0023
[1m3/8[0m [32m━━━━━━━[0m[37m━━━━━━━━━━━━━[0m [1m0s[0m 28ms/step - loss: 0.0028
[1m5/8[0m [32m━━━━━━━━━━━━[0m[37m━━━━━━━━[0m [1m0s[0m 29ms/step - loss: 0.0035
[1m7/8[0m [32m━━━━━━━━━━━━━━━━━[0m[37m━━━[0m [1m0s[0m 28ms/step - loss: 0.0039
[1m8/8[0m [32m━━━━━━━━━━━━━━━━━━━━[0m[37m[0m [1m0s[0m 32ms/step - loss: 0.0051
Epoch 139/200

[1m1/8[0m [32m━━[0m[37m━━━━━━━━━━━━━━━━━━[0m [1m0s[0m 66ms/step - loss: 0.0040
[1m3/8[0m [32m━━━━━━━[0m[37m━━━━━━━━━━━━━[0m [1m0s[0m 31ms/step - loss: 0.0046
[1m5/8[0m [32m━━━━━━━━━━━━[0m[37m━━━━━━━━[0m [1m0s[0m 34ms/step - loss: 0.0046
[1m6/8[0m [32m━━━━━━━━━━━━━━━[0m[37m━━━━━[0m [1m0s[0m 39ms/step - loss: 0.0046
[1m8/8[0m [32m━━━━━━━━━━━━━━━━━━━━[0m[37m[0m [1m0s[0m 40ms/step - loss: 0.0048
Epoch 140/200

[1m1/8[0m [32m━━[0m[37m━━━━━━━━━━━━━━━━━━[0m [1m0s[0m 108ms/step - loss: 0.0032
[1m3/8[0m [32m━━━━━━━[0m[37m━━━━━━━━━━━━━[0m [1m0s[0m 32ms/step - loss: 0.0033 
[1m5/8[0m [32m━━━━━━━━━━━━[0m[37m━━━━━━━━[0m [1m0s[0m 33ms/step - loss: 0.0040
[1m7/8[0m [32m━━━━━━━━━━━━━━━━━[0m[37m━━━[0m [1m0s[0m 33ms/step - loss: 0.0043
[1m8/8[0m [32m━━━━━━━━━━━━━━━━━━━━[0m[37m[0m [1m0s[0m 37ms/step - loss: 0.0052
Epoch 141/200

[1m1/8[0m [32m━━[0m[37m━━━━━━━━━━━━━━━━━━[0m [1m0s[0m 70ms/step - loss: 0.0034
[1m3/8[0m [32m━━━━━━━[0m[37m━━━━━━━━━━━━━[0m [1m0s[0m 27ms/step - loss: 0.0038
[1m5/8[0m [32m━━━━━━━━━━━━[0m[37m━━━━━━━━[0m [1m0s[0m 26ms/step - loss: 0.0040
[1m7/8[0m [32m━━━━━━━━━━━━━━━━━[0m[37m━━━[0m [1m0s[0m 26ms/step - loss: 0.0042
[1m8/8[0m [32m━━━━━━━━━━━━━━━━━━━━[0m[37m[0m [1m0s[0m 34ms/step - loss: 0.0045
Epoch 142/200

[1m1/8[0m [32m━━[0m[37m━━━━━━━━━━━━━━━━━━[0m [1m0s[0m 90ms/step - loss: 0.0077
[1m3/8[0m [32m━━━━━━━[0m[37m━━━━━━━━━━━━━[0m [1m0s[0m 28ms/step - loss: 0.0062
[1m6/8[0m [32m━━━━━━━━━━━━━━━[0m[37m━━━━━[0m [1m0s[0m 23ms/step - loss: 0.0058
[1m8/8[0m [32m━━━━━━━━━━━━━━━━━━━━[0m[37m[0m [1m0s[0m 26ms/step - loss: 0.0057
[1m8/8[0m [32m━━━━━━━━━━━━━━━━━━━━[0m[37m[0m [1m0s[0m 35ms/step - loss: 0.0054
Epoch 143/200

[1m1/8[0m [32m━━[0m[37m━━━━━━━━━━━━━━━━━━[0m [1m0s[0m 94ms/step - loss: 0.0042
[1m3/8[0m [32m━━━━━━━[0m[37m━━━━━━━━━━━━━[0m [1m0s[0m 33ms/step - loss: 0.0053
[1m5/8[0m [32m━━━━━━━━━━━━[0m[37m━━━━━━━━[0m [1m0s[0m 32ms/step - loss: 0.0052
[1m7/8[0m [32m━━━━━━━━━━━━━━━━━[0m[37m━━━[0m [1m0s[0m 35ms/step - loss: 0.0052
[1m8/8[0m [32m━━━━━━━━━━━━━━━━━━━━[0m[37m[0m [1m0s[0m 37ms/step - loss: 0.0057
Epoch 144/200

[1m1/8[0m [32m━━[0m[37m━━━━━━━━━━━━━━━━━━[0m [1m0s[0m 67ms/step - loss: 0.0106
[1m3/8[0m [32m━━━━━━━[0m[37m━━━━━━━━━━━━━[0m [1m0s[0m 34ms/step - loss: 0.0083
[1m5/8[0m [32m━━━━━━━━━━━━[0m[37m━━━━━━━━[0m [1m0s[0m 31ms/step - loss: 0.0073
[1m7/8[0m [32m━━━━━━━━━━━━━━━━━[0m[37m━━━[0m [1m0s[0m 34ms/step - loss: 0.0068
[1m8/8[0m [32m━━━━━━━━━━━━━━━━━━━━[0m[37m[0m [1m0s[0m 41ms/step - loss: 0.0057
Epoch 145/200

[1m1/8[0m [32m━━[0m[37m━━━━━━━━━━━━━━━━━━[0m [1m0s[0m 65ms/step - loss: 0.0034
[1m3/8[0m [32m━━━━━━━[0m[37m━━━━━━━━━━━━━[0m [1m0s[0m 25ms/step - loss: 0.0040
[1m5/8[0m [32m━━━━━━━━━━━━[0m[37m━━━━━━━━[0m [1m0s[0m 26ms/step - loss: 0.0042
[1m7/8[0m [32m━━━━━━━━━━━━━━━━━[0m[37m━━━[0m [1m0s[0m 29ms/step - loss: 0.0043
[1m8/8[0m [32m━━━━━━━━━━━━━━━━━━━━[0m[37m[0m [1m0s[0m 36ms/step - loss: 0.0045
Epoch 146/200

[1m1/8[0m [32m━━[0m[37m━━━━━━━━━━━━━━━━━━[0m [1m0s[0m 85ms/step - loss: 0.0030
[1m3/8[0m [32m━━━━━━━[0m[37m━━━━━━━━━━━━━[0m [1m0s[0m 31ms/step - loss: 0.0030
[1m5/8[0m [32m━━━━━━━━━━━━[0m[37m━━━━━━━━[0m [1m0s[0m 34ms/step - loss: 0.0038
[1m7/8[0m [32m━━━━━━━━━━━━━━━━━[0m[37m━━━[0m [1m0s[0m 36ms/step - loss: 0.0042
[1m8/8[0m [32m━━━━━━━━━━━━━━━━━━━━[0m[37m[0m [1m0s[0m 47ms/step - loss: 0.0047
Epoch 147/200

[1m1/8[0m [32m━━[0m[37m━━━━━━━━━━━━━━━━━━[0m [1m0s[0m 66ms/step - loss: 0.0051
[1m3/8[0m [32m━━━━━━━[0m[37m━━━━━━━━━━━━━[0m [1m0s[0m 39ms/step - loss: 0.0059
[1m5/8[0m [32m━━━━━━━━━━━━[0m[37m━━━━━━━━[0m [1m0s[0m 36ms/step - loss: 0.0061
[1m7/8[0m [32m━━━━━━━━━━━━━━━━━[0m[37m━━━[0m [1m0s[0m 38ms/step - loss: 0.0060
[1m8/8[0m [32m━━━━━━━━━━━━━━━━━━━━[0m[37m[0m [1m0s[0m 39ms/step - loss: 0.0053
Epoch 148/200

[1m1/8[0m [32m━━[0m[37m━━━━━━━━━━━━━━━━━━[0m [1m0s[0m 82ms/step - loss: 0.0038
[1m3/8[0m [32m━━━━━━━[0m[37m━━━━━━━━━━━━━[0m [1m0s[0m 29ms/step - loss: 0.0043
[1m5/8[0m [32m━━━━━━━━━━━━[0m[37m━━━━━━━━[0m [1m0s[0m 29ms/step - loss: 0.0042
[1m8/8[0m [32m━━━━━━━━━━━━━━━━━━━━[0m[37m[0m [1m0s[0m 28ms/step - loss: 0.0044
[1m8/8[0m [32m━━━━━━━━━━━━━━━━━━━━[0m[37m[0m [1m0s[0m 36ms/step - loss: 0.0046
Epoch 149/200

[1m1/8[0m [32m━━[0m[37m━━━━━━━━━━━━━━━━━━[0m [1m0s[0m 90ms/step - loss: 0.0020
[1m3/8[0m [32m━━━━━━━[0m[37m━━━━━━━━━━━━━[0m [1m0s[0m 42ms/step - loss: 0.0038
[1m5/8[0m [32m━━━━━━━━━━━━[0m[37m━━━━━━━━[0m [1m0s[0m 43ms/step - loss: 0.0041
[1m7/8[0m [32m━━━━━━━━━━━━━━━━━[0m[37m━━━[0m [1m0s[0m 40ms/step - loss: 0.0042
[1m8/8[0m [32m━━━━━━━━━━━━━━━━━━━━[0m[37m[0m [1m0s[0m 43ms/step - loss: 0.0049
Epoch 150/200

[1m1/8[0m [32m━━[0m[37m━━━━━━━━━━━━━━━━━━[0m [1m0s[0m 65ms/step - loss: 0.0034
[1m3/8[0m [32m━━━━━━━[0m[37m━━━━━━━━━━━━━[0m [1m0s[0m 35ms/step - loss: 0.0039
[1m5/8[0m [32m━━━━━━━━━━━━[0m[37m━━━━━━━━[0m [1m0s[0m 36ms/step - loss: 0.0042
[1m6/8[0m [32m━━━━━━━━━━━━━━━[0m[37m━━━━━[0m [1m0s[0m 43ms/step - loss: 0.0043
[1m7/8[0m [32m━━━━━━━━━━━━━━━━━[0m[37m━━━[0m [1m0s[0m 45ms/step - loss: 0.0044
[1m8/8[0m [32m━━━━━━━━━━━━━━━━━━━━[0m[37m[0m [1m0s[0m 49ms/step - loss: 0.0049
Epoch 151/200

[1m1/8[0m [32m━━[0m[37m━━━━━━━━━━━━━━━━━━[0m [1m0s[0m 120ms/step - loss: 0.0049
[1m3/8[0m [32m━━━━━━━[0m[37m━━━━━━━━━━━━━[0m [1m0s[0m 37ms/step - loss: 0.0047 
[1m5/8[0m [32m━━━━━━━━━━━━[0m[37m━━━━━━━━[0m [1m0s[0m 34ms/step - loss: 0.0047
[1m7/8[0m [32m━━━━━━━━━━━━━━━━━[0m[37m━━━[0m [1m0s[0m 34ms/step - loss: 0.0047
[1m8/8[0m [32m━━━━━━━━━━━━━━━━━━━━[0m[37m[0m [1m0s[0m 41ms/step - loss: 0.0053
Epoch 152/200

[1m1/8[0m [32m━━[0m[37m━━━━━━━━━━━━━━━━━━[0m [1m0s[0m 83ms/step - loss: 0.0079
[1m4/8[0m [32m━━━━━━━━━━[0m[37m━━━━━━━━━━[0m [1m0s[0m 26ms/step - loss: 0.0068
[1m6/8[0m [32m━━━━━━━━━━━━━━━[0m[37m━━━━━[0m [1m0s[0m 32ms/step - loss: 0.0064
[1m8/8[0m [32m━━━━━━━━━━━━━━━━━━━━[0m[37m[0m [1m0s[0m 33ms/step - loss: 0.0061
[1m8/8[0m [32m━━━━━━━━━━━━━━━━━━━━[0m[37m[0m [1m0s[0m 37ms/step - loss: 0.0050
Epoch 153/200

[1m1/8[0m [32m━━[0m[37m━━━━━━━━━━━━━━━━━━[0m [1m0s[0m 59ms/step - loss: 0.0066
[1m3/8[0m [32m━━━━━━━[0m[37m━━━━━━━━━━━━━[0m [1m0s[0m 29ms/step - loss: 0.0059
[1m5/8[0m [32m━━━━━━━━━━━━[0m[37m━━━━━━━━[0m [1m0s[0m 30ms/step - loss: 0.0057
[1m7/8[0m [32m━━━━━━━━━━━━━━━━━[0m[37m━━━[0m [1m0s[0m 30ms/step - loss: 0.0055
[1m8/8[0m [32m━━━━━━━━━━━━━━━━━━━━[0m[37m[0m [1m0s[0m 35ms/step - loss: 0.0050
Epoch 154/200

[1m1/8[0m [32m━━[0m[37m━━━━━━━━━━━━━━━━━━[0m [1m0s[0m 80ms/step - loss: 0.0075
[1m3/8[0m [32m━━━━━━━[0m[37m━━━━━━━━━━━━━[0m [1m0s[0m 27ms/step - loss: 0.0063
[1m6/8[0m [32m━━━━━━━━━━━━━━━[0m[37m━━━━━[0m [1m0s[0m 27ms/step - loss: 0.0060
[1m8/8[0m [32m━━━━━━━━━━━━━━━━━━━━[0m[37m[0m [1m0s[0m 28ms/step - loss: 0.0059
[1m8/8[0m [32m━━━━━━━━━━━━━━━━━━━━[0m[37m[0m [1m0s[0m 35ms/step - loss: 0.0055
Epoch 155/200

[1m1/8[0m [32m━━[0m[37m━━━━━━━━━━━━━━━━━━[0m [1m0s[0m 62ms/step - loss: 0.0053
[1m3/8[0m [32m━━━━━━━[0m[37m━━━━━━━━━━━━━[0m [1m0s[0m 36ms/step - loss: 0.0049
[1m5/8[0m [32m━━━━━━━━━━━━[0m[37m━━━━━━━━[0m [1m0s[0m 32ms/step - loss: 0.0046
[1m7/8[0m [32m━━━━━━━━━━━━━━━━━[0m[37m━━━[0m [1m0s[0m 30ms/step - loss: 0.0047
[1m8/8[0m [32m━━━━━━━━━━━━━━━━━━━━[0m[37m[0m [1m0s[0m 34ms/step - loss: 0.0051
Epoch 156/200

[1m1/8[0m [32m━━[0m[37m━━━━━━━━━━━━━━━━━━[0m [1m0s[0m 76ms/step - loss: 0.0038
[1m3/8[0m [32m━━━━━━━[0m[37m━━━━━━━━━━━━━[0m [1m0s[0m 31ms/step - loss: 0.0046
[1m5/8[0m [32m━━━━━━━━━━━━[0m[37m━━━━━━━━[0m [1m0s[0m 30ms/step - loss: 0.0047
[1m7/8[0m [32m━━━━━━━━━━━━━━━━━[0m[37m━━━[0m [1m0s[0m 30ms/step - loss: 0.0047
[1m8/8[0m [32m━━━━━━━━━━━━━━━━━━━━[0m[37m[0m [1m0s[0m 33ms/step - loss: 0.0046
Epoch 157/200

[1m1/8[0m [32m━━[0m[37m━━━━━━━━━━━━━━━━━━[0m [1m0s[0m 54ms/step - loss: 0.0059
[1m3/8[0m [32m━━━━━━━[0m[37m━━━━━━━━━━━━━[0m [1m0s[0m 29ms/step - loss: 0.0045
[1m5/8[0m [32m━━━━━━━━━━━━[0m[37m━━━━━━━━[0m [1m0s[0m 29ms/step - loss: 0.0044
[1m7/8[0m [32m━━━━━━━━━━━━━━━━━[0m[37m━━━[0m [1m0s[0m 28ms/step - loss: 0.0043
[1m8/8[0m [32m━━━━━━━━━━━━━━━━━━━━[0m[37m[0m [1m0s[0m 36ms/step - loss: 0.0043
Epoch 158/200

[1m1/8[0m [32m━━[0m[37m━━━━━━━━━━━━━━━━━━[0m [1m0s[0m 103ms/step - loss: 0.0036
[1m3/8[0m [32m━━━━━━━[0m[37m━━━━━━━━━━━━━[0m [1m0s[0m 46ms/step - loss: 0.0047 
[1m5/8[0m [32m━━━━━━━━━━━━[0m[37m━━━━━━━━[0m [1m0s[0m 47ms/step - loss: 0.0050
[1m7/8[0m [32m━━━━━━━━━━━━━━━━━[0m[37m━━━[0m [1m0s[0m 47ms/step - loss: 0.0050
[1m8/8[0m [32m━━━━━━━━━━━━━━━━━━━━[0m[37m[0m [1m0s[0m 47ms/step - loss: 0.0048
Epoch 159/200

[1m1/8[0m [32m━━[0m[37m━━━━━━━━━━━━━━━━━━[0m [1m0s[0m 57ms/step - loss: 0.0034
[1m3/8[0m [32m━━━━━━━[0m[37m━━━━━━━━━━━━━[0m [1m0s[0m 29ms/step - loss: 0.0044
[1m5/8[0m [32m━━━━━━━━━━━━[0m[37m━━━━━━━━[0m [1m0s[0m 29ms/step - loss: 0.0046
[1m7/8[0m [32m━━━━━━━━━━━━━━━━━[0m[37m━━━[0m [1m0s[0m 29ms/step - loss: 0.0046
[1m8/8[0m [32m━━━━━━━━━━━━━━━━━━━━[0m[37m[0m [1m0s[0m 34ms/step - loss: 0.0049
Epoch 160/200

[1m1/8[0m [32m━━[0m[37m━━━━━━━━━━━━━━━━━━[0m [1m0s[0m 65ms/step - loss: 0.0057
[1m3/8[0m [32m━━━━━━━[0m[37m━━━━━━━━━━━━━[0m [1m0s[0m 25ms/step - loss: 0.0056
[1m5/8[0m [32m━━━━━━━━━━━━[0m[37m━━━━━━━━[0m [1m0s[0m 27ms/step - loss: 0.0052
[1m8/8[0m [32m━━━━━━━━━━━━━━━━━━━━[0m[37m[0m [1m0s[0m 26ms/step - loss: 0.0051
[1m8/8[0m [32m━━━━━━━━━━━━━━━━━━━━[0m[37m[0m [1m0s[0m 29ms/step - loss: 0.0049
Epoch 161/200

[1m1/8[0m [32m━━[0m[37m━━━━━━━━━━━━━━━━━━[0m [1m0s[0m 52ms/step - loss: 0.0043
[1m4/8[0m [32m━━━━━━━━━━[0m[37m━━━━━━━━━━[0m [1m0s[0m 27ms/step - loss: 0.0043
[1m6/8[0m [32m━━━━━━━━━━━━━━━[0m[37m━━━━━[0m [1m0s[0m 28ms/step - loss: 0.0043
[1m8/8[0m [32m━━━━━━━━━━━━━━━━━━━━[0m[37m[0m [1m0s[0m 31ms/step - loss: 0.0044
Epoch 162/200

[1m1/8[0m [32m━━[0m[37m━━━━━━━━━━━━━━━━━━[0m [1m0s[0m 66ms/step - loss: 0.0050
[1m4/8[0m [32m━━━━━━━━━━[0m[37m━━━━━━━━━━[0m [1m0s[0m 25ms/step - loss: 0.0048
[1m6/8[0m [32m━━━━━━━━━━━━━━━[0m[37m━━━━━[0m [1m0s[0m 25ms/step - loss: 0.0048
[1m8/8[0m [32m━━━━━━━━━━━━━━━━━━━━[0m[37m[0m [1m0s[0m 28ms/step - loss: 0.0049
Epoch 163/200

[1m1/8[0m [32m━━[0m[37m━━━━━━━━━━━━━━━━━━[0m [1m0s[0m 56ms/step - loss: 0.0058
[1m3/8[0m [32m━━━━━━━[0m[37m━━━━━━━━━━━━━[0m [1m0s[0m 25ms/step - loss: 0.0050
[1m5/8[0m [32m━━━━━━━━━━━━[0m[37m━━━━━━━━[0m [1m0s[0m 27ms/step - loss: 0.0050
[1m8/8[0m [32m━━━━━━━━━━━━━━━━━━━━[0m[37m[0m [1m0s[0m 26ms/step - loss: 0.0051
[1m8/8[0m [32m━━━━━━━━━━━━━━━━━━━━[0m[37m[0m [1m0s[0m 31ms/step - loss: 0.0054
Epoch 164/200

[1m1/8[0m [32m━━[0m[37m━━━━━━━━━━━━━━━━━━[0m [1m0s[0m 70ms/step - loss: 0.0033
[1m3/8[0m [32m━━━━━━━[0m[37m━━━━━━━━━━━━━[0m [1m0s[0m 26ms/step - loss: 0.0053
[1m6/8[0m [32m━━━━━━━━━━━━━━━[0m[37m━━━━━[0m [1m0s[0m 26ms/step - loss: 0.0054
[1m8/8[0m [32m━━━━━━━━━━━━━━━━━━━━[0m[37m[0m [1m0s[0m 27ms/step - loss: 0.0053
[1m8/8[0m [32m━━━━━━━━━━━━━━━━━━━━[0m[37m[0m [1m0s[0m 32ms/step - loss: 0.0053
Epoch 165/200

[1m1/8[0m [32m━━[0m[37m━━━━━━━━━━━━━━━━━━[0m [1m0s[0m 83ms/step - loss: 0.0050
[1m4/8[0m [32m━━━━━━━━━━[0m[37m━━━━━━━━━━[0m [1m0s[0m 19ms/step - loss: 0.0054
[1m7/8[0m [32m━━━━━━━━━━━━━━━━━[0m[37m━━━[0m [1m0s[0m 22ms/step - loss: 0.0051
[1m8/8[0m [32m━━━━━━━━━━━━━━━━━━━━[0m[37m[0m [1m0s[0m 29ms/step - loss: 0.0045
Epoch 166/200

[1m1/8[0m [32m━━[0m[37m━━━━━━━━━━━━━━━━━━[0m [1m0s[0m 71ms/step - loss: 0.0088
[1m4/8[0m [32m━━━━━━━━━━[0m[37m━━━━━━━━━━[0m [1m0s[0m 25ms/step - loss: 0.0060
[1m6/8[0m [32m━━━━━━━━━━━━━━━[0m[37m━━━━━[0m [1m0s[0m 28ms/step - loss: 0.0056
[1m7/8[0m [32m━━━━━━━━━━━━━━━━━[0m[37m━━━[0m [1m0s[0m 32ms/step - loss: 0.0054
[1m8/8[0m [32m━━━━━━━━━━━━━━━━━━━━[0m[37m[0m [1m0s[0m 35ms/step - loss: 0.0053
[1m8/8[0m [32m━━━━━━━━━━━━━━━━━━━━[0m[37m[0m [1m0s[0m 40ms/step - loss: 0.0042
Epoch 167/200

[1m1/8[0m [32m━━[0m[37m━━━━━━━━━━━━━━━━━━[0m [1m0s[0m 67ms/step - loss: 0.0015
[1m3/8[0m [32m━━━━━━━[0m[37m━━━━━━━━━━━━━[0m [1m0s[0m 34ms/step - loss: 0.0025
[1m5/8[0m [32m━━━━━━━━━━━━[0m[37m━━━━━━━━[0m [1m0s[0m 30ms/step - loss: 0.0029
[1m8/8[0m [32m━━━━━━━━━━━━━━━━━━━━[0m[37m[0m [1m0s[0m 27ms/step - loss: 0.0034
[1m8/8[0m [32m━━━━━━━━━━━━━━━━━━━━[0m[37m[0m [1m0s[0m 31ms/step - loss: 0.0045
Epoch 168/200

[1m1/8[0m [32m━━[0m[37m━━━━━━━━━━━━━━━━━━[0m [1m0s[0m 64ms/step - loss: 0.0035
[1m3/8[0m [32m━━━━━━━[0m[37m━━━━━━━━━━━━━[0m [1m0s[0m 36ms/step - loss: 0.0035
[1m6/8[0m [32m━━━━━━━━━━━━━━━[0m[37m━━━━━[0m [1m0s[0m 29ms/step - loss: 0.0035
[1m8/8[0m [32m━━━━━━━━━━━━━━━━━━━━[0m[37m[0m [1m0s[0m 29ms/step - loss: 0.0037
[1m8/8[0m [32m━━━━━━━━━━━━━━━━━━━━[0m[37m[0m [1m0s[0m 33ms/step - loss: 0.0045
Epoch 169/200

[1m1/8[0m [32m━━[0m[37m━━━━━━━━━━━━━━━━━━[0m [1m0s[0m 61ms/step - loss: 0.0090
[1m4/8[0m [32m━━━━━━━━━━[0m[37m━━━━━━━━━━[0m [1m0s[0m 21ms/step - loss: 0.0077
[1m6/8[0m [32m━━━━━━━━━━━━━━━[0m[37m━━━━━[0m [1m0s[0m 22ms/step - loss: 0.0073
[1m8/8[0m [32m━━━━━━━━━━━━━━━━━━━━[0m[37m[0m [1m0s[0m 26ms/step - loss: 0.0056
Epoch 170/200

[1m1/8[0m [32m━━[0m[37m━━━━━━━━━━━━━━━━━━[0m [1m0s[0m 57ms/step - loss: 0.0023
[1m4/8[0m [32m━━━━━━━━━━[0m[37m━━━━━━━━━━[0m [1m0s[0m 24ms/step - loss: 0.0042
[1m7/8[0m [32m━━━━━━━━━━━━━━━━━[0m[37m━━━[0m [1m0s[0m 24ms/step - loss: 0.0045
[1m8/8[0m [32m━━━━━━━━━━━━━━━━━━━━[0m[37m[0m [1m0s[0m 30ms/step - loss: 0.0051
Epoch 171/200

[1m1/8[0m [32m━━[0m[37m━━━━━━━━━━━━━━━━━━[0m [1m0s[0m 74ms/step - loss: 0.0035
[1m3/8[0m [32m━━━━━━━[0m[37m━━━━━━━━━━━━━[0m [1m0s[0m 25ms/step - loss: 0.0042
[1m6/8[0m [32m━━━━━━━━━━━━━━━[0m[37m━━━━━[0m [1m0s[0m 26ms/step - loss: 0.0042
[1m8/8[0m [32m━━━━━━━━━━━━━━━━━━━━[0m[37m[0m [1m0s[0m 26ms/step - loss: 0.0043
[1m8/8[0m [32m━━━━━━━━━━━━━━━━━━━━[0m[37m[0m [1m0s[0m 32ms/step - loss: 0.0046
Epoch 172/200

[1m1/8[0m [32m━━[0m[37m━━━━━━━━━━━━━━━━━━[0m [1m0s[0m 69ms/step - loss: 0.0038
[1m4/8[0m [32m━━━━━━━━━━[0m[37m━━━━━━━━━━[0m [1m0s[0m 24ms/step - loss: 0.0048
[1m6/8[0m [32m━━━━━━━━━━━━━━━[0m[37m━━━━━[0m [1m0s[0m 26ms/step - loss: 0.0049
[1m8/8[0m [32m━━━━━━━━━━━━━━━━━━━━[0m[37m[0m [1m0s[0m 26ms/step - loss: 0.0049
[1m8/8[0m [32m━━━━━━━━━━━━━━━━━━━━[0m[37m[0m [1m0s[0m 32ms/step - loss: 0.0049
Epoch 173/200

[1m1/8[0m [32m━━[0m[37m━━━━━━━━━━━━━━━━━━[0m [1m0s[0m 74ms/step - loss: 0.0050
[1m4/8[0m [32m━━━━━━━━━━[0m[37m━━━━━━━━━━[0m [1m0s[0m 23ms/step - loss: 0.0046
[1m6/8[0m [32m━━━━━━━━━━━━━━━[0m[37m━━━━━[0m [1m0s[0m 25ms/step - loss: 0.0047
[1m8/8[0m [32m━━━━━━━━━━━━━━━━━━━━[0m[37m[0m [1m0s[0m 26ms/step - loss: 0.0047
[1m8/8[0m [32m━━━━━━━━━━━━━━━━━━━━[0m[37m[0m [1m0s[0m 29ms/step - loss: 0.0049
Epoch 174/200

[1m1/8[0m [32m━━[0m[37m━━━━━━━━━━━━━━━━━━[0m [1m0s[0m 51ms/step - loss: 0.0063
[1m3/8[0m [32m━━━━━━━[0m[37m━━━━━━━━━━━━━[0m [1m0s[0m 25ms/step - loss: 0.0061
[1m5/8[0m [32m━━━━━━━━━━━━[0m[37m━━━━━━━━[0m [1m0s[0m 26ms/step - loss: 0.0058
[1m7/8[0m [32m━━━━━━━━━━━━━━━━━[0m[37m━━━[0m [1m0s[0m 26ms/step - loss: 0.0056
[1m8/8[0m [32m━━━━━━━━━━━━━━━━━━━━[0m[37m[0m [1m0s[0m 30ms/step - loss: 0.0048
Epoch 175/200

[1m1/8[0m [32m━━[0m[37m━━━━━━━━━━━━━━━━━━[0m [1m0s[0m 55ms/step - loss: 0.0061
[1m3/8[0m [32m━━━━━━━[0m[37m━━━━━━━━━━━━━[0m [1m0s[0m 27ms/step - loss: 0.0049
[1m5/8[0m [32m━━━━━━━━━━━━[0m[37m━━━━━━━━[0m [1m0s[0m 33ms/step - loss: 0.0052
[1m7/8[0m [32m━━━━━━━━━━━━━━━━━[0m[37m━━━[0m [1m0s[0m 31ms/step - loss: 0.0052
[1m8/8[0m [32m━━━━━━━━━━━━━━━━━━━━[0m[37m[0m [1m0s[0m 34ms/step - loss: 0.0048
Epoch 176/200

[1m1/8[0m [32m━━[0m[37m━━━━━━━━━━━━━━━━━━[0m [1m0s[0m 63ms/step - loss: 0.0024
[1m3/8[0m [32m━━━━━━━[0m[37m━━━━━━━━━━━━━[0m [1m0s[0m 27ms/step - loss: 0.0034
[1m5/8[0m [32m━━━━━━━━━━━━[0m[37m━━━━━━━━[0m [1m0s[0m 31ms/step - loss: 0.0039
[1m7/8[0m [32m━━━━━━━━━━━━━━━━━[0m[37m━━━[0m [1m0s[0m 29ms/step - loss: 0.0042
[1m8/8[0m [32m━━━━━━━━━━━━━━━━━━━━[0m[37m[0m [1m0s[0m 32ms/step - loss: 0.0050
Epoch 177/200

[1m1/8[0m [32m━━[0m[37m━━━━━━━━━━━━━━━━━━[0m [1m0s[0m 55ms/step - loss: 0.0047
[1m3/8[0m [32m━━━━━━━[0m[37m━━━━━━━━━━━━━[0m [1m0s[0m 30ms/step - loss: 0.0044
[1m5/8[0m [32m━━━━━━━━━━━━[0m[37m━━━━━━━━[0m [1m0s[0m 29ms/step - loss: 0.0045
[1m7/8[0m [32m━━━━━━━━━━━━━━━━━[0m[37m━━━[0m [1m0s[0m 29ms/step - loss: 0.0046
[1m8/8[0m [32m━━━━━━━━━━━━━━━━━━━━[0m[37m[0m [1m0s[0m 36ms/step - loss: 0.0049
Epoch 178/200

[1m1/8[0m [32m━━[0m[37m━━━━━━━━━━━━━━━━━━[0m [1m0s[0m 93ms/step - loss: 0.0048
[1m3/8[0m [32m━━━━━━━[0m[37m━━━━━━━━━━━━━[0m [1m0s[0m 30ms/step - loss: 0.0047
[1m5/8[0m [32m━━━━━━━━━━━━[0m[37m━━━━━━━━[0m [1m0s[0m 33ms/step - loss: 0.0049
[1m7/8[0m [32m━━━━━━━━━━━━━━━━━[0m[37m━━━[0m [1m0s[0m 32ms/step - loss: 0.0050
[1m8/8[0m [32m━━━━━━━━━━━━━━━━━━━━[0m[37m[0m [1m0s[0m 35ms/step - loss: 0.0050
Epoch 179/200

[1m1/8[0m [32m━━[0m[37m━━━━━━━━━━━━━━━━━━[0m [1m0s[0m 49ms/step - loss: 0.0045
[1m3/8[0m [32m━━━━━━━[0m[37m━━━━━━━━━━━━━[0m [1m0s[0m 28ms/step - loss: 0.0049
[1m5/8[0m [32m━━━━━━━━━━━━[0m[37m━━━━━━━━[0m [1m0s[0m 27ms/step - loss: 0.0052
[1m8/8[0m [32m━━━━━━━━━━━━━━━━━━━━[0m[37m[0m [1m0s[0m 25ms/step - loss: 0.0052
[1m8/8[0m [32m━━━━━━━━━━━━━━━━━━━━[0m[37m[0m [1m0s[0m 29ms/step - loss: 0.0049
Epoch 180/200

[1m1/8[0m [32m━━[0m[37m━━━━━━━━━━━━━━━━━━[0m [1m0s[0m 64ms/step - loss: 0.0057
[1m4/8[0m [32m━━━━━━━━━━[0m[37m━━━━━━━━━━[0m [1m0s[0m 25ms/step - loss: 0.0046
[1m7/8[0m [32m━━━━━━━━━━━━━━━━━[0m[37m━━━[0m [1m0s[0m 24ms/step - loss: 0.0045
[1m8/8[0m [32m━━━━━━━━━━━━━━━━━━━━[0m[37m[0m [1m0s[0m 28ms/step - loss: 0.0046
Epoch 181/200

[1m1/8[0m [32m━━[0m[37m━━━━━━━━━━━━━━━━━━[0m [1m0s[0m 61ms/step - loss: 0.0026
[1m3/8[0m [32m━━━━━━━[0m[37m━━━━━━━━━━━━━[0m [1m0s[0m 27ms/step - loss: 0.0045
[1m5/8[0m [32m━━━━━━━━━━━━[0m[37m━━━━━━━━[0m [1m0s[0m 27ms/step - loss: 0.0045
[1m7/8[0m [32m━━━━━━━━━━━━━━━━━[0m[37m━━━[0m [1m0s[0m 27ms/step - loss: 0.0046
[1m8/8[0m [32m━━━━━━━━━━━━━━━━━━━━[0m[37m[0m [1m0s[0m 31ms/step - loss: 0.0048
Epoch 182/200

[1m1/8[0m [32m━━[0m[37m━━━━━━━━━━━━━━━━━━[0m [1m0s[0m 67ms/step - loss: 0.0080
[1m3/8[0m [32m━━━━━━━[0m[37m━━━━━━━━━━━━━[0m [1m0s[0m 27ms/step - loss: 0.0065
[1m6/8[0m [32m━━━━━━━━━━━━━━━[0m[37m━━━━━[0m [1m0s[0m 25ms/step - loss: 0.0059
[1m8/8[0m [32m━━━━━━━━━━━━━━━━━━━━[0m[37m[0m [1m0s[0m 27ms/step - loss: 0.0054
Epoch 183/200

[1m1/8[0m [32m━━[0m[37m━━━━━━━━━━━━━━━━━━[0m [1m0s[0m 50ms/step - loss: 0.0027
[1m3/8[0m [32m━━━━━━━[0m[37m━━━━━━━━━━━━━[0m [1m0s[0m 27ms/step - loss: 0.0029
[1m6/8[0m [32m━━━━━━━━━━━━━━━[0m[37m━━━━━[0m [1m0s[0m 23ms/step - loss: 0.0040
[1m8/8[0m [32m━━━━━━━━━━━━━━━━━━━━[0m[37m[0m [1m0s[0m 28ms/step - loss: 0.0050
Epoch 184/200

[1m1/8[0m [32m━━[0m[37m━━━━━━━━━━━━━━━━━━[0m [1m0s[0m 63ms/step - loss: 0.0048
[1m3/8[0m [32m━━━━━━━[0m[37m━━━━━━━━━━━━━[0m [1m0s[0m 30ms/step - loss: 0.0040
[1m5/8[0m [32m━━━━━━━━━━━━[0m[37m━━━━━━━━[0m [1m0s[0m 33ms/step - loss: 0.0043
[1m7/8[0m [32m━━━━━━━━━━━━━━━━━[0m[37m━━━[0m [1m0s[0m 32ms/step - loss: 0.0045
[1m8/8[0m [32m━━━━━━━━━━━━━━━━━━━━[0m[37m[0m [1m0s[0m 34ms/step - loss: 0.0049
Epoch 185/200

[1m1/8[0m [32m━━[0m[37m━━━━━━━━━━━━━━━━━━[0m [1m0s[0m 56ms/step - loss: 0.0021
[1m4/8[0m [32m━━━━━━━━━━[0m[37m━━━━━━━━━━[0m [1m0s[0m 23ms/step - loss: 0.0026
[1m7/8[0m [32m━━━━━━━━━━━━━━━━━[0m[37m━━━[0m [1m0s[0m 21ms/step - loss: 0.0033
[1m8/8[0m [32m━━━━━━━━━━━━━━━━━━━━[0m[37m[0m [1m0s[0m 24ms/step - loss: 0.0049
Epoch 186/200

[1m1/8[0m [32m━━[0m[37m━━━━━━━━━━━━━━━━━━[0m [1m0s[0m 48ms/step - loss: 0.0034
[1m3/8[0m [32m━━━━━━━[0m[37m━━━━━━━━━━━━━[0m [1m0s[0m 27ms/step - loss: 0.0047
[1m6/8[0m [32m━━━━━━━━━━━━━━━[0m[37m━━━━━[0m [1m0s[0m 24ms/step - loss: 0.0050
[1m8/8[0m [32m━━━━━━━━━━━━━━━━━━━━[0m[37m[0m [1m0s[0m 28ms/step - loss: 0.0050
Epoch 187/200

[1m1/8[0m [32m━━[0m[37m━━━━━━━━━━━━━━━━━━[0m [1m0s[0m 71ms/step - loss: 0.0035
[1m3/8[0m [32m━━━━━━━[0m[37m━━━━━━━━━━━━━[0m [1m0s[0m 26ms/step - loss: 0.0033
[1m6/8[0m [32m━━━━━━━━━━━━━━━[0m[37m━━━━━[0m [1m0s[0m 23ms/step - loss: 0.0041
[1m8/8[0m [32m━━━━━━━━━━━━━━━━━━━━[0m[37m[0m [1m0s[0m 28ms/step - loss: 0.0044
Epoch 188/200

[1m1/8[0m [32m━━[0m[37m━━━━━━━━━━━━━━━━━━[0m [1m0s[0m 65ms/step - loss: 0.0095
[1m4/8[0m [32m━━━━━━━━━━[0m[37m━━━━━━━━━━[0m [1m0s[0m 20ms/step - loss: 0.0073
[1m6/8[0m [32m━━━━━━━━━━━━━━━[0m[37m━━━━━[0m [1m0s[0m 23ms/step - loss: 0.0064
[1m8/8[0m [32m━━━━━━━━━━━━━━━━━━━━[0m[37m[0m [1m0s[0m 26ms/step - loss: 0.0046
Epoch 189/200

[1m1/8[0m [32m━━[0m[37m━━━━━━━━━━━━━━━━━━[0m [1m0s[0m 55ms/step - loss: 0.0027
[1m4/8[0m [32m━━━━━━━━━━[0m[37m━━━━━━━━━━[0m [1m0s[0m 20ms/step - loss: 0.0049
[1m7/8[0m [32m━━━━━━━━━━━━━━━━━[0m[37m━━━[0m [1m0s[0m 21ms/step - loss: 0.0050
[1m8/8[0m [32m━━━━━━━━━━━━━━━━━━━━[0m[37m[0m [1m0s[0m 26ms/step - loss: 0.0048
Epoch 190/200

[1m1/8[0m [32m━━[0m[37m━━━━━━━━━━━━━━━━━━[0m [1m0s[0m 62ms/step - loss: 0.0033
[1m4/8[0m [32m━━━━━━━━━━[0m[37m━━━━━━━━━━[0m [1m0s[0m 25ms/step - loss: 0.0041
[1m7/8[0m [32m━━━━━━━━━━━━━━━━━[0m[37m━━━[0m [1m0s[0m 22ms/step - loss: 0.0047
[1m8/8[0m [32m━━━━━━━━━━━━━━━━━━━━[0m[37m[0m [1m0s[0m 25ms/step - loss: 0.0052
Epoch 191/200

[1m1/8[0m [32m━━[0m[37m━━━━━━━━━━━━━━━━━━[0m [1m0s[0m 60ms/step - loss: 0.0080
[1m4/8[0m [32m━━━━━━━━━━[0m[37m━━━━━━━━━━[0m [1m0s[0m 23ms/step - loss: 0.0067
[1m7/8[0m [32m━━━━━━━━━━━━━━━━━[0m[37m━━━[0m [1m0s[0m 22ms/step - loss: 0.0060
[1m8/8[0m [32m━━━━━━━━━━━━━━━━━━━━[0m[37m[0m [1m0s[0m 26ms/step - loss: 0.0049
Epoch 192/200

[1m1/8[0m [32m━━[0m[37m━━━━━━━━━━━━━━━━━━[0m [1m0s[0m 45ms/step - loss: 0.0035
[1m4/8[0m [32m━━━━━━━━━━[0m[37m━━━━━━━━━━[0m [1m0s[0m 19ms/step - loss: 0.0051
[1m7/8[0m [32m━━━━━━━━━━━━━━━━━[0m[37m━━━[0m [1m0s[0m 20ms/step - loss: 0.0050
[1m8/8[0m [32m━━━━━━━━━━━━━━━━━━━━[0m[37m[0m [1m0s[0m 25ms/step - loss: 0.0044
Epoch 193/200

[1m1/8[0m [32m━━[0m[37m━━━━━━━━━━━━━━━━━━[0m [1m0s[0m 53ms/step - loss: 0.0065
[1m5/8[0m [32m━━━━━━━━━━━━[0m[37m━━━━━━━━[0m [1m0s[0m 17ms/step - loss: 0.0047
[1m8/8[0m [32m━━━━━━━━━━━━━━━━━━━━[0m[37m[0m [1m0s[0m 19ms/step - loss: 0.0046
[1m8/8[0m [32m━━━━━━━━━━━━━━━━━━━━[0m[37m[0m [1m0s[0m 22ms/step - loss: 0.0043
Epoch 194/200

[1m1/8[0m [32m━━[0m[37m━━━━━━━━━━━━━━━━━━[0m [1m0s[0m 47ms/step - loss: 0.0047
[1m4/8[0m [32m━━━━━━━━━━[0m[37m━━━━━━━━━━[0m [1m0s[0m 19ms/step - loss: 0.0043
[1m7/8[0m [32m━━━━━━━━━━━━━━━━━[0m[37m━━━[0m [1m0s[0m 22ms/step - loss: 0.0045
[1m8/8[0m [32m━━━━━━━━━━━━━━━━━━━━[0m[37m[0m [1m0s[0m 26ms/step - loss: 0.0049
Epoch 195/200

[1m1/8[0m [32m━━[0m[37m━━━━━━━━━━━━━━━━━━[0m [1m0s[0m 50ms/step - loss: 0.0031
[1m4/8[0m [32m━━━━━━━━━━[0m[37m━━━━━━━━━━[0m [1m0s[0m 23ms/step - loss: 0.0035
[1m7/8[0m [32m━━━━━━━━━━━━━━━━━[0m[37m━━━[0m [1m0s[0m 23ms/step - loss: 0.0042
[1m8/8[0m [32m━━━━━━━━━━━━━━━━━━━━[0m[37m[0m [1m0s[0m 26ms/step - loss: 0.0051
Epoch 196/200

[1m1/8[0m [32m━━[0m[37m━━━━━━━━━━━━━━━━━━[0m [1m0s[0m 55ms/step - loss: 0.0048
[1m4/8[0m [32m━━━━━━━━━━[0m[37m━━━━━━━━━━[0m [1m0s[0m 20ms/step - loss: 0.0048
[1m7/8[0m [32m━━━━━━━━━━━━━━━━━[0m[37m━━━[0m [1m0s[0m 21ms/step - loss: 0.0046
[1m8/8[0m [32m━━━━━━━━━━━━━━━━━━━━[0m[37m[0m [1m0s[0m 25ms/step - loss: 0.0050
Epoch 197/200

[1m1/8[0m [32m━━[0m[37m━━━━━━━━━━━━━━━━━━[0m [1m0s[0m 57ms/step - loss: 0.0068
[1m4/8[0m [32m━━━━━━━━━━[0m[37m━━━━━━━━━━[0m [1m0s[0m 23ms/step - loss: 0.0053
[1m7/8[0m [32m━━━━━━━━━━━━━━━━━[0m[37m━━━[0m [1m0s[0m 24ms/step - loss: 0.0049
[1m8/8[0m [32m━━━━━━━━━━━━━━━━━━━━[0m[37m[0m [1m0s[0m 27ms/step - loss: 0.0046
Epoch 198/200

[1m1/8[0m [32m━━[0m[37m━━━━━━━━━━━━━━━━━━[0m [1m0s[0m 50ms/step - loss: 0.0042
[1m4/8[0m [32m━━━━━━━━━━[0m[37m━━━━━━━━━━[0m [1m0s[0m 17ms/step - loss: 0.0051
[1m7/8[0m [32m━━━━━━━━━━━━━━━━━[0m[37m━━━[0m [1m0s[0m 18ms/step - loss: 0.0050
[1m8/8[0m [32m━━━━━━━━━━━━━━━━━━━━[0m[37m[0m [1m0s[0m 23ms/step - loss: 0.0048
Epoch 199/200

[1m1/8[0m [32m━━[0m[37m━━━━━━━━━━━━━━━━━━[0m [1m0s[0m 59ms/step - loss: 0.0028
[1m4/8[0m [32m━━━━━━━━━━[0m[37m━━━━━━━━━━[0m [1m0s[0m 17ms/step - loss: 0.0038
[1m7/8[0m [32m━━━━━━━━━━━━━━━━━[0m[37m━━━[0m [1m0s[0m 17ms/step - loss: 0.0043
[1m8/8[0m [32m━━━━━━━━━━━━━━━━━━━━[0m[37m[0m [1m0s[0m 21ms/step - loss: 0.0048
Epoch 200/200

[1m1/8[0m [32m━━[0m[37m━━━━━━━━━━━━━━━━━━[0m [1m0s[0m 45ms/step - loss: 0.0047
[1m4/8[0m [32m━━━━━━━━━━[0m[37m━━━━━━━━━━[0m [1m0s[0m 23ms/step - loss: 0.0043
[1m7/8[0m [32m━━━━━━━━━━━━━━━━━[0m[37m━━━[0m [1m0s[0m 21ms/step - loss: 0.0044
[1m8/8[0m [32m━━━━━━━━━━━━━━━━━━━━[0m[37m[0m [1m0s[0m 26ms/step - loss: 0.0044
Using bucket name: missingtimestamp
Bucket missingtimestamp created.
Uploading device10.keras to bucket missingtimestamp...
device10.keras uploaded to bucket missingtimestamp.
Uploading scaler to bucket missingtimestamp...
scaler.save uploaded to bucket missingtimestamp.

Model path is:  2025-12-08-00-00-00-2025-12-08-00-09-59-model
Triggering forecasting with retrained model
Forecasting.py script logs
Database connection established
Value of --retrain flag: True

Forecasting for retrained model using device10/2025-12-08-00-00-00-2025-12-08-00-09-59-model/device10.keras and device10/2025-12-08-00-00-00-2025-12-08-00-09-59-model/scaler.save
Successfully downloaded model and scaler from S3

Actual values fetched from database
    sensor_id  sensor_energy_value    sensor_timestamp  message_delay
0          10               1567.0 2025-12-08 00:09:00        67370.0
1          10               1569.8 2025-12-08 00:09:01        66200.0
2          10               1567.8 2025-12-08 00:09:02        65169.0
3          10               1570.5 2025-12-08 00:09:03        64166.0
4          10               1570.8 2025-12-08 00:09:04        63125.0
5          10               1567.7 2025-12-08 00:09:05        62124.0
6          10               1569.1 2025-12-08 00:09:06        61094.0
7          10               1565.4 2025-12-08 00:09:07        60091.0
8          10               1568.6 2025-12-08 00:09:08        59089.0
9          10               1569.6 2025-12-08 00:09:09        58065.0
10         10               1568.8 2025-12-08 00:09:10        56544.0
11         10               1565.3 2025-12-08 00:09:11        55542.0
12         10               1569.2 2025-12-08 00:09:12        54539.0
13         10               1567.8 2025-12-08 00:09:13        53536.0
14         10               1568.1 2025-12-08 00:09:14        52534.0
15         10               1572.6 2025-12-08 00:09:15        51514.0
16         10               1572.6 2025-12-08 00:09:16        50513.0
17         10               1577.4 2025-12-08 00:09:17        49510.0
18         10               1572.4 2025-12-08 00:09:18        48507.0
19         10               1574.1 2025-12-08 00:09:19        47501.0
20         10               1574.4 2025-12-08 00:09:20        46500.0
21         10               1578.0 2025-12-08 00:09:21        45495.0
22         10               1566.0 2025-12-08 00:09:22        44493.0
23         10               1579.3 2025-12-08 00:09:23        43489.0
24         10               1572.2 2025-12-08 00:09:24        42488.0
25         10               1571.7 2025-12-08 00:09:25        41485.0
26         10               1572.4 2025-12-08 00:09:26        40481.0
27         10               1573.0 2025-12-08 00:09:27        39478.0
28         10               1574.5 2025-12-08 00:09:28        38473.0
29         10               1573.5 2025-12-08 00:09:29        37468.0
30         10               1573.1 2025-12-08 00:09:30        36466.0
31         10               1591.0 2025-12-08 00:09:31        35464.0
32         10               1571.8 2025-12-08 00:09:32        34458.0
33         10               1574.1 2025-12-08 00:09:33        33456.0
34         10               1569.5 2025-12-08 00:09:34        32451.0
35         10               1572.9 2025-12-08 00:09:35        31447.0
36         10               1577.3 2025-12-08 00:09:36        30436.0
37         10               1576.4 2025-12-08 00:09:37        29430.0
38         10               1576.4 2025-12-08 00:09:38        28424.0
39         10               1573.4 2025-12-08 00:09:39        27418.0
40         10               1574.6 2025-12-08 00:09:40        26405.0
41         10               1574.0 2025-12-08 00:09:41        25395.0
42         10               1581.9 2025-12-08 00:09:42        24389.0
43         10               1572.1 2025-12-08 00:09:43        23384.0
44         10               1572.7 2025-12-08 00:09:44        22381.0
45         10               1568.9 2025-12-08 00:09:45        21378.0
46         10               1574.2 2025-12-08 00:09:46        20375.0
47         10               1572.6 2025-12-08 00:09:47        19372.0
48         10               1575.3 2025-12-08 00:09:48        18369.0
49         10               1568.3 2025-12-08 00:09:49        17368.0
50         10               1571.2 2025-12-08 00:09:50        16353.0
51         10               1589.8 2025-12-08 00:09:51        15347.0
52         10               1574.0 2025-12-08 00:09:52        14338.0
53         10               1571.6 2025-12-08 00:09:53        13335.0
54         10               1572.1 2025-12-08 00:09:54        12333.0
55         10               1569.2 2025-12-08 00:09:55        11331.0
56         10               1573.9 2025-12-08 00:09:56        10326.0
57         10               1584.4 2025-12-08 00:09:57         9323.0
58         10               1574.8 2025-12-08 00:09:58         8320.0
59         10               1575.1 2025-12-08 00:09:59         7319.0
Forecasted values:
    sensor_id  sensor_energy_value_prediction    sensor_timestamp
0          10                     1560.658691 2025-12-08 00:10:00
1          10                     1559.420776 2025-12-08 00:10:01
2          10                     1558.056885 2025-12-08 00:10:02
3          10                     1556.518433 2025-12-08 00:10:03
4          10                     1554.852295 2025-12-08 00:10:04
5          10                     1553.089355 2025-12-08 00:10:05
6          10                     1551.251831 2025-12-08 00:10:06
7          10                     1549.355835 2025-12-08 00:10:07
8          10                     1547.414307 2025-12-08 00:10:08
9          10                     1545.435913 2025-12-08 00:10:09
10         10                     1543.428223 2025-12-08 00:10:10
11         10                     1541.396240 2025-12-08 00:10:11
12         10                     1539.343750 2025-12-08 00:10:12
13         10                     1537.273193 2025-12-08 00:10:13
14         10                     1535.186401 2025-12-08 00:10:14
15         10                     1533.085205 2025-12-08 00:10:15
16         10                     1530.969482 2025-12-08 00:10:16
17         10                     1528.840820 2025-12-08 00:10:17
18         10                     1526.698975 2025-12-08 00:10:18
19         10                     1524.544800 2025-12-08 00:10:19
20         10                     1522.378174 2025-12-08 00:10:20
21         10                     1520.199219 2025-12-08 00:10:21
22         10                     1518.008057 2025-12-08 00:10:22
23         10                     1515.805786 2025-12-08 00:10:23
24         10                     1513.590942 2025-12-08 00:10:24
25         10                     1511.365356 2025-12-08 00:10:25
26         10                     1509.129028 2025-12-08 00:10:26
27         10                     1506.882202 2025-12-08 00:10:27
28         10                     1504.625366 2025-12-08 00:10:28
29         10                     1502.359009 2025-12-08 00:10:29
30         10                     1500.083740 2025-12-08 00:10:30
31         10                     1497.800659 2025-12-08 00:10:31
32         10                     1495.508911 2025-12-08 00:10:32
33         10                     1493.211426 2025-12-08 00:10:33
34         10                     1490.907959 2025-12-08 00:10:34
35         10                     1488.599243 2025-12-08 00:10:35
36         10                     1486.286011 2025-12-08 00:10:36
37         10                     1483.968628 2025-12-08 00:10:37
38         10                     1481.648315 2025-12-08 00:10:38
39         10                     1479.325928 2025-12-08 00:10:39
40         10                     1477.002686 2025-12-08 00:10:40
41         10                     1474.679199 2025-12-08 00:10:41
42         10                     1472.355957 2025-12-08 00:10:42
43         10                     1470.033936 2025-12-08 00:10:43
44         10                     1467.714722 2025-12-08 00:10:44
45         10                     1465.398682 2025-12-08 00:10:45
46         10                     1463.086914 2025-12-08 00:10:46
47         10                     1460.779785 2025-12-08 00:10:47
48         10                     1458.479004 2025-12-08 00:10:48
49         10                     1456.184692 2025-12-08 00:10:49
50         10                     1453.898560 2025-12-08 00:10:50
51         10                     1451.620850 2025-12-08 00:10:51
52         10                     1449.351807 2025-12-08 00:10:52
53         10                     1447.094116 2025-12-08 00:10:53
54         10                     1444.848022 2025-12-08 00:10:54
55         10                     1442.614014 2025-12-08 00:10:55
56         10                     1440.393188 2025-12-08 00:10:56
57         10                     1438.186035 2025-12-08 00:10:57
58         10                     1435.993286 2025-12-08 00:10:58
59         10                     1433.816406 2025-12-08 00:10:59
Forecasted values inserted into database
Exiting forecasting script

No new messages received yet.Trying again...

Actual data inserted to database
Triggering forecasting with retrained model
Forecasting.py script logs
Database connection established
Value of --retrain flag: True

Forecasting for retrained model using device10/2025-12-08-00-00-00-2025-12-08-00-09-59-model/device10.keras and device10/2025-12-08-00-00-00-2025-12-08-00-09-59-model/scaler.save
Successfully downloaded model and scaler from S3

Actual values fetched from database
    sensor_id  sensor_energy_value    sensor_timestamp  message_delay
0          10               1579.0 2025-12-08 00:10:00        87057.0
1          10               1574.0 2025-12-08 00:10:01        86055.0
2          10               1579.1 2025-12-08 00:10:02        85054.0
3          10               1581.5 2025-12-08 00:10:03        84053.0
4          10               1578.3 2025-12-08 00:10:04        83052.0
5          10               1578.2 2025-12-08 00:10:05        82050.0
6          10               1577.9 2025-12-08 00:10:06        81049.0
7          10               1574.5 2025-12-08 00:10:07        80048.0
8          10               1401.0 2025-12-08 00:10:08        79045.0
9          10               1407.2 2025-12-08 00:10:09        78043.0
10         10               1412.8 2025-12-08 00:10:10        77041.0
11         10               1417.5 2025-12-08 00:10:11        76036.0
12         10               1370.8 2025-12-08 00:10:12        75035.0
13         10                553.1 2025-12-08 00:10:13        74033.0
14         10                581.6 2025-12-08 00:10:14        73031.0
15         10                587.0 2025-12-08 00:10:15        72030.0
16         10                588.0 2025-12-08 00:10:16        71029.0
17         10                620.3 2025-12-08 00:10:17        70027.0
18         10                588.2 2025-12-08 00:10:18        69026.0
19         10                598.7 2025-12-08 00:10:19        68024.0
20         10                592.2 2025-12-08 00:10:20        67023.0
21         10                589.8 2025-12-08 00:10:21        66022.0
22         10                586.4 2025-12-08 00:10:22        65021.0
23         10                586.7 2025-12-08 00:10:23        64019.0
24         10                586.1 2025-12-08 00:10:24        63017.0
25         10                584.0 2025-12-08 00:10:25        62015.0
26         10                589.7 2025-12-08 00:10:26        61014.0
27         10                586.8 2025-12-08 00:10:27        60013.0
28         10                587.2 2025-12-08 00:10:28        59006.0
29         10                586.0 2025-12-08 00:10:29        58004.0
30         10                586.4 2025-12-08 00:10:30        57002.0
31         10                592.2 2025-12-08 00:10:31        56000.0
32         10                586.4 2025-12-08 00:10:32        54997.0
33         10                590.0 2025-12-08 00:10:33        53995.0
34         10                586.6 2025-12-08 00:10:34        52991.0
35         10                588.5 2025-12-08 00:10:35        51989.0
36         10                588.4 2025-12-08 00:10:36        50986.0
37         10                589.3 2025-12-08 00:10:37        49985.0
38         10                588.1 2025-12-08 00:10:38        48983.0
39         10                589.0 2025-12-08 00:10:39        47981.0
40         10                589.9 2025-12-08 00:10:40        46972.0
41         10                587.9 2025-12-08 00:10:41        45971.0
42         10                591.7 2025-12-08 00:10:42        44970.0
43         10                581.2 2025-12-08 00:10:43        43968.0
44         10                547.7 2025-12-08 00:10:44        42966.0
45         10                441.2 2025-12-08 00:10:45        41964.0
46         10                439.8 2025-12-08 00:10:46        40962.0
47         10                440.2 2025-12-08 00:10:47        39956.0
48         10                447.1 2025-12-08 00:10:48        38955.0
49         10                437.5 2025-12-08 00:10:49        37951.0
50         10                438.8 2025-12-08 00:10:50        36948.0
51         10                442.9 2025-12-08 00:10:51        35945.0
52         10                442.4 2025-12-08 00:10:52        34943.0
53         10                439.4 2025-12-08 00:10:53        33942.0
54         10                439.6 2025-12-08 00:10:54        32940.0
55         10                441.2 2025-12-08 00:10:55        31940.0
56         10                446.4 2025-12-08 00:10:56        30938.0
57         10                505.7 2025-12-08 00:10:57        29935.0
58         10                456.3 2025-12-08 00:10:58        28931.0
59         10                456.6 2025-12-08 00:10:59        27929.0
Forecasted values:
    sensor_id  sensor_energy_value_prediction    sensor_timestamp
0          10                      890.824219 2025-12-08 00:11:00
1          10                      906.297852 2025-12-08 00:11:01
2          10                      925.797607 2025-12-08 00:11:02
3          10                      946.344421 2025-12-08 00:11:03
4          10                      967.232849 2025-12-08 00:11:04
5          10                      987.941711 2025-12-08 00:11:05
6          10                     1008.111206 2025-12-08 00:11:06
7          10                     1027.497070 2025-12-08 00:11:07
8          10                     1045.940796 2025-12-08 00:11:08
9          10                     1063.347412 2025-12-08 00:11:09
10         10                     1079.671143 2025-12-08 00:11:10
11         10                     1094.902954 2025-12-08 00:11:11
12         10                     1109.060303 2025-12-08 00:11:12
13         10                     1122.180054 2025-12-08 00:11:13
14         10                     1134.312134 2025-12-08 00:11:14
15         10                     1145.515625 2025-12-08 00:11:15
16         10                     1155.853882 2025-12-08 00:11:16
17         10                     1165.391479 2025-12-08 00:11:17
18         10                     1174.192871 2025-12-08 00:11:18
19         10                     1182.319336 2025-12-08 00:11:19
20         10                     1189.830078 2025-12-08 00:11:20
21         10                     1196.779907 2025-12-08 00:11:21
22         10                     1203.219727 2025-12-08 00:11:22
23         10                     1209.195923 2025-12-08 00:11:23
24         10                     1214.751099 2025-12-08 00:11:24
25         10                     1219.923584 2025-12-08 00:11:25
26         10                     1224.747681 2025-12-08 00:11:26
27         10                     1229.255005 2025-12-08 00:11:27
28         10                     1233.473022 2025-12-08 00:11:28
29         10                     1237.426880 2025-12-08 00:11:29
30         10                     1241.138916 2025-12-08 00:11:30
31         10                     1244.629150 2025-12-08 00:11:31
32         10                     1247.915771 2025-12-08 00:11:32
33         10                     1251.014771 2025-12-08 00:11:33
34         10                     1253.940674 2025-12-08 00:11:34
35         10                     1256.706543 2025-12-08 00:11:35
36         10                     1259.324341 2025-12-08 00:11:36
37         10                     1261.804688 2025-12-08 00:11:37
38         10                     1264.157227 2025-12-08 00:11:38
39         10                     1266.390869 2025-12-08 00:11:39
40         10                     1268.513672 2025-12-08 00:11:40
41         10                     1270.532715 2025-12-08 00:11:41
42         10                     1272.455078 2025-12-08 00:11:42
43         10                     1274.286377 2025-12-08 00:11:43
44         10                     1276.032593 2025-12-08 00:11:44
45         10                     1277.698486 2025-12-08 00:11:45
46         10                     1279.288208 2025-12-08 00:11:46
47         10                     1280.807129 2025-12-08 00:11:47
48         10                     1282.259277 2025-12-08 00:11:48
49         10                     1283.648438 2025-12-08 00:11:49
50         10                     1284.977783 2025-12-08 00:11:50
51         10                     1286.250854 2025-12-08 00:11:51
52         10                     1287.470581 2025-12-08 00:11:52
53         10                     1288.639771 2025-12-08 00:11:53
54         10                     1289.761108 2025-12-08 00:11:54
55         10                     1290.836792 2025-12-08 00:11:55
56         10                     1291.869385 2025-12-08 00:11:56
57         10                     1292.860840 2025-12-08 00:11:57
58         10                     1293.813477 2025-12-08 00:11:58
59         10                     1294.728760 2025-12-08 00:11:59
Forecasted values inserted into database
Exiting forecasting script

No new messages received yet.Trying again...
No new messages received yet.Trying again...
No new messages received yet.Trying again...
No new messages received yet.Trying again...
No new messages received yet.Trying again...
No new messages received yet.Trying again...
No new messages received yet.Trying again...
No new messages received yet.Trying again...
No new messages received yet.Trying again...
No new messages received yet.Trying again...
No new messages received yet.Trying again...
No new messages received yet.Trying again...
No new messages received yet.Trying again...
No new messages received yet.Trying again...
No new messages received yet.Trying again...
No new messages received yet.Trying again...
No new messages received yet.Trying again...
No new messages received yet.Trying again...
No new messages received yet.Trying again...
No new messages received yet.Trying again...
No new messages received yet.Trying again...
No new messages received yet.Trying again...
No new messages received yet.Trying again...

Actual data inserted to database
Triggering forecasting with retrained model
Forecasting.py script logs
Database connection established
Value of --retrain flag: True

Forecasting for retrained model using device10/2025-12-08-00-00-00-2025-12-08-00-09-59-model/device10.keras and device10/2025-12-08-00-00-00-2025-12-08-00-09-59-model/scaler.save
Successfully downloaded model and scaler from S3

Actual values fetched from database
    sensor_id  sensor_energy_value    sensor_timestamp  message_delay
0          10                455.8 2025-12-08 00:11:00        66720.0
1          10                470.6 2025-12-08 00:11:01        65719.0
2          10                458.3 2025-12-08 00:11:02        64717.0
3          10                458.0 2025-12-08 00:11:03        63713.0
4          10                457.3 2025-12-08 00:11:04        62711.0
5          10                455.6 2025-12-08 00:11:05        61708.0
6          10                458.9 2025-12-08 00:11:06        60707.0
7          10                470.0 2025-12-08 00:11:07        59704.0
8          10                461.6 2025-12-08 00:11:08        58702.0
9          10                460.9 2025-12-08 00:11:09        57700.0
10         10                460.9 2025-12-08 00:11:10        56698.0
11         10                461.0 2025-12-08 00:11:11        55697.0
12         10                460.8 2025-12-08 00:11:12        54695.0
13         10                461.9 2025-12-08 00:11:13        53693.0
14         10                537.6 2025-12-08 00:11:14        52692.0
15         10                580.2 2025-12-08 00:11:15        51689.0
16         10                586.7 2025-12-08 00:11:16        50688.0
17         10                586.1 2025-12-08 00:11:17        49686.0
18         10                587.9 2025-12-08 00:11:18        48685.0
19         10                591.1 2025-12-08 00:11:19        47683.0
20         10                590.0 2025-12-08 00:11:20        46681.0
21         10                591.3 2025-12-08 00:11:21        45679.0
22         10                583.7 2025-12-08 00:11:22        44676.0
23         10                584.3 2025-12-08 00:11:23        43669.0
24         10                587.5 2025-12-08 00:11:24        42665.0
25         10                585.2 2025-12-08 00:11:25        41661.0
26         10                582.6 2025-12-08 00:11:26        40660.0
27         10                587.6 2025-12-08 00:11:27        39656.0
28         10                589.7 2025-12-08 00:11:28        38655.0
29         10                586.2 2025-12-08 00:11:29        37654.0
30         10                585.2 2025-12-08 00:11:30        36653.0
31         10                584.6 2025-12-08 00:11:31        35651.0
32         10                586.9 2025-12-08 00:11:32        34646.0
33         10                589.6 2025-12-08 00:11:33        33644.0
34         10                587.8 2025-12-08 00:11:34        32639.0
35         10                597.5 2025-12-08 00:11:35        31638.0
36         10                594.7 2025-12-08 00:11:36        30634.0
37         10                603.8 2025-12-08 00:11:37        29633.0
38         10                597.8 2025-12-08 00:11:38        28630.0
39         10                596.7 2025-12-08 00:11:39        27625.0
40         10                597.2 2025-12-08 00:11:40        26622.0
41         10                590.8 2025-12-08 00:11:41        25619.0
42         10                591.2 2025-12-08 00:11:42        24618.0
43         10                592.2 2025-12-08 00:11:43        23611.0
44         10                592.0 2025-12-08 00:11:44        22610.0
45         10                596.6 2025-12-08 00:11:45        21609.0
46         10                591.0 2025-12-08 00:11:46        20608.0
47         10                588.8 2025-12-08 00:11:47        19607.0
48         10                587.3 2025-12-08 00:11:48        18603.0
49         10                587.9 2025-12-08 00:11:49        17602.0
50         10                587.7 2025-12-08 00:11:50        16601.0
51         10                590.8 2025-12-08 00:11:51        15599.0
52         10                588.0 2025-12-08 00:11:52        14596.0
53         10                587.2 2025-12-08 00:11:53        13594.0
54         10                587.1 2025-12-08 00:11:54        12588.0
55         10                597.4 2025-12-08 00:11:55        11583.0
56         10                591.7 2025-12-08 00:11:56        10580.0
57         10                589.8 2025-12-08 00:11:57         9578.0
58         10                588.0 2025-12-08 00:11:58         8576.0
59         10                588.2 2025-12-08 00:11:59         7575.0
Forecasted values:
    sensor_id  sensor_energy_value_prediction    sensor_timestamp
0          10                      934.646057 2025-12-08 00:12:00
1          10                      948.524719 2025-12-08 00:12:01
2          10                      965.410645 2025-12-08 00:12:02
3          10                      983.226257 2025-12-08 00:12:03
4          10                     1001.343445 2025-12-08 00:12:04
5          10                     1019.317749 2025-12-08 00:12:05
6          10                     1036.843628 2025-12-08 00:12:06
7          10                     1053.714111 2025-12-08 00:12:07
8          10                     1069.794678 2025-12-08 00:12:08
9          10                     1085.004761 2025-12-08 00:12:09
10         10                     1099.304565 2025-12-08 00:12:10
11         10                     1112.684937 2025-12-08 00:12:11
12         10                     1125.159180 2025-12-08 00:12:12
13         10                     1136.756592 2025-12-08 00:12:13
14         10                     1147.518066 2025-12-08 00:12:14
15         10                     1157.490967 2025-12-08 00:12:15
16         10                     1166.727051 2025-12-08 00:12:16
17         10                     1175.278931 2025-12-08 00:12:17
18         10                     1183.199829 2025-12-08 00:12:18
19         10                     1190.540161 2025-12-08 00:12:19
20         10                     1197.349121 2025-12-08 00:12:20
21         10                     1203.671753 2025-12-08 00:12:21
22         10                     1209.550903 2025-12-08 00:12:22
23         10                     1215.025146 2025-12-08 00:12:23
24         10                     1220.130249 2025-12-08 00:12:24
25         10                     1224.898315 2025-12-08 00:12:25
26         10                     1229.358765 2025-12-08 00:12:26
27         10                     1233.537598 2025-12-08 00:12:27
28         10                     1237.458984 2025-12-08 00:12:28
29         10                     1241.144043 2025-12-08 00:12:29
30         10                     1244.611816 2025-12-08 00:12:30
31         10                     1247.879883 2025-12-08 00:12:31
32         10                     1250.963501 2025-12-08 00:12:32
33         10                     1253.877075 2025-12-08 00:12:33
34         10                     1256.632935 2025-12-08 00:12:34
35         10                     1259.242676 2025-12-08 00:12:35
36         10                     1261.716919 2025-12-08 00:12:36
37         10                     1264.064575 2025-12-08 00:12:37
38         10                     1266.294800 2025-12-08 00:12:38
39         10                     1268.414917 2025-12-08 00:12:39
40         10                     1270.432373 2025-12-08 00:12:40
41         10                     1272.353760 2025-12-08 00:12:41
42         10                     1274.184692 2025-12-08 00:12:42
43         10                     1275.931152 2025-12-08 00:12:43
44         10                     1277.597900 2025-12-08 00:12:44
45         10                     1279.189697 2025-12-08 00:12:45
46         10                     1280.711060 2025-12-08 00:12:46
47         10                     1282.165771 2025-12-08 00:12:47
48         10                     1283.557739 2025-12-08 00:12:48
49         10                     1284.890015 2025-12-08 00:12:49
50         10                     1286.166260 2025-12-08 00:12:50
51         10                     1287.389282 2025-12-08 00:12:51
52         10                     1288.561768 2025-12-08 00:12:52
53         10                     1289.686401 2025-12-08 00:12:53
54         10                     1290.765503 2025-12-08 00:12:54
55         10                     1291.801392 2025-12-08 00:12:55
56         10                     1292.796265 2025-12-08 00:12:56
57         10                     1293.751953 2025-12-08 00:12:57
58         10                     1294.670288 2025-12-08 00:12:58
59         10                     1295.553345 2025-12-08 00:12:59
Forecasted values inserted into database
Exiting forecasting script

No new messages received yet.Trying again...
No new messages received yet.Trying again...
No new messages received yet.Trying again...
No new messages received yet.Trying again...
No new messages received yet.Trying again...
No new messages received yet.Trying again...
No new messages received yet.Trying again...
No new messages received yet.Trying again...
No new messages received yet.Trying again...
No new messages received yet.Trying again...
No new messages received yet.Trying again...
No new messages received yet.Trying again...
No new messages received yet.Trying again...
No new messages received yet.Trying again...
No new messages received yet.Trying again...
No new messages received yet.Trying again...
No new messages received yet.Trying again...
No new messages received yet.Trying again...
No new messages received yet.Trying again...
No new messages received yet.Trying again...
No new messages received yet.Trying again...
No new messages received yet.Trying again...
No new messages received yet.Trying again...

Actual data inserted to database
Triggering forecasting with retrained model
Forecasting.py script logs
Database connection established
Value of --retrain flag: True

Forecasting for retrained model using device10/2025-12-08-00-00-00-2025-12-08-00-09-59-model/device10.keras and device10/2025-12-08-00-00-00-2025-12-08-00-09-59-model/scaler.save
Successfully downloaded model and scaler from S3

Actual values fetched from database
    sensor_id  sensor_energy_value    sensor_timestamp  message_delay
0          10                591.5 2025-12-08 00:12:00        65967.0
1          10                602.6 2025-12-08 00:12:01        64965.0
2          10                588.3 2025-12-08 00:12:02        63964.0
3          10                590.4 2025-12-08 00:12:03        62962.0
4          10                588.7 2025-12-08 00:12:04        61892.0
5          10                588.4 2025-12-08 00:12:05        60885.0
6          10                590.5 2025-12-08 00:12:06        59883.0
7          10                589.2 2025-12-08 00:12:07        58871.0
8          10                587.3 2025-12-08 00:12:08        57822.0
9          10                587.1 2025-12-08 00:12:09        56821.0
10         10                587.7 2025-12-08 00:12:10        55818.0
11         10                585.2 2025-12-08 00:12:11        54816.0
12         10                589.8 2025-12-08 00:12:12        53803.0
13         10                588.5 2025-12-08 00:12:13        52800.0
14         10                587.4 2025-12-08 00:12:14        51789.0
15         10                587.7 2025-12-08 00:12:15        50631.0
16         10                591.7 2025-12-08 00:12:16        49622.0
17         10                589.0 2025-12-08 00:12:17        48598.0
18         10                588.2 2025-12-08 00:12:18        47593.0
19         10                593.6 2025-12-08 00:12:19        46590.0
20         10                593.2 2025-12-08 00:12:20        45564.0
21         10                587.8 2025-12-08 00:12:21        44518.0
22         10                590.6 2025-12-08 00:12:22        43515.0
23         10                587.3 2025-12-08 00:12:23        42513.0
24         10                587.4 2025-12-08 00:12:24        41512.0
25         10                586.2 2025-12-08 00:12:25        40510.0
26         10                585.4 2025-12-08 00:12:26        39503.0
27         10                586.9 2025-12-08 00:12:27        38497.0
28         10                590.6 2025-12-08 00:12:28        37494.0
29         10                591.3 2025-12-08 00:12:29        36493.0
30         10                587.1 2025-12-08 00:12:30        35482.0
31         10                587.0 2025-12-08 00:12:31        34468.0
32         10                584.7 2025-12-08 00:12:32        33466.0
33         10                589.7 2025-12-08 00:12:33        32464.0
34         10                588.7 2025-12-08 00:12:34        31461.0
35         10                587.4 2025-12-08 00:12:35        30434.0
36         10                595.2 2025-12-08 00:12:36        29426.0
37         10                585.8 2025-12-08 00:12:37        28419.0
38         10                587.0 2025-12-08 00:12:38        27417.0
39         10                584.5 2025-12-08 00:12:39        26388.0
40         10                584.7 2025-12-08 00:12:40        25386.0
41         10                584.7 2025-12-08 00:12:41        24384.0
42         10                587.7 2025-12-08 00:12:42        23382.0
43         10                590.4 2025-12-08 00:12:43        22377.0
44         10                613.0 2025-12-08 00:12:44        21376.0
45         10                594.8 2025-12-08 00:12:45        20372.0
46         10                600.2 2025-12-08 00:12:46        19371.0
47         10                592.9 2025-12-08 00:12:47        18367.0
48         10                593.7 2025-12-08 00:12:48        17365.0
49         10                593.7 2025-12-08 00:12:49        16360.0
50         10                593.6 2025-12-08 00:12:50        15347.0
51         10                595.6 2025-12-08 00:12:51        14346.0
52         10                596.0 2025-12-08 00:12:52        13343.0
53         10                593.1 2025-12-08 00:12:53        12342.0
54         10                597.2 2025-12-08 00:12:54        11339.0
55         10                591.7 2025-12-08 00:12:55        10335.0
56         10                593.4 2025-12-08 00:12:56         9327.0
57         10                594.6 2025-12-08 00:12:57         8326.0
58         10                589.8 2025-12-08 00:12:58         7313.0
59         10                583.8 2025-12-08 00:12:59         6309.0
Forecasted values:
    sensor_id  sensor_energy_value_prediction    sensor_timestamp
0          10                      935.671570 2025-12-08 00:13:00
1          10                      949.406250 2025-12-08 00:13:01
2          10                      966.181458 2025-12-08 00:13:02
3          10                      983.899597 2025-12-08 00:13:03
4          10                     1001.931274 2025-12-08 00:13:04
5          10                     1019.830322 2025-12-08 00:13:05
6          10                     1037.290283 2025-12-08 00:13:06
7          10                     1054.103149 2025-12-08 00:13:07
8          10                     1070.133667 2025-12-08 00:13:08
9          10                     1085.300415 2025-12-08 00:13:09
10         10                     1099.562744 2025-12-08 00:13:10
11         10                     1112.910889 2025-12-08 00:13:11
12         10                     1125.357422 2025-12-08 00:13:12
13         10                     1136.931030 2025-12-08 00:13:13
14         10                     1147.672119 2025-12-08 00:13:14
15         10                     1157.627441 2025-12-08 00:13:15
16         10                     1166.848145 2025-12-08 00:13:16
17         10                     1175.386963 2025-12-08 00:13:17
18         10                     1183.296143 2025-12-08 00:13:18
19         10                     1190.626709 2025-12-08 00:13:19
20         10                     1197.427002 2025-12-08 00:13:20
21         10                     1203.742188 2025-12-08 00:13:21
22         10                     1209.614624 2025-12-08 00:13:22
23         10                     1215.083252 2025-12-08 00:13:23
24         10                     1220.183228 2025-12-08 00:13:24
25         10                     1224.946777 2025-12-08 00:13:25
26         10                     1229.403198 2025-12-08 00:13:26
27         10                     1233.578491 2025-12-08 00:13:27
28         10                     1237.496582 2025-12-08 00:13:28
29         10                     1241.178711 2025-12-08 00:13:29
30         10                     1244.643921 2025-12-08 00:13:30
31         10                     1247.909790 2025-12-08 00:13:31
32         10                     1250.991455 2025-12-08 00:13:32
33         10                     1253.903076 2025-12-08 00:13:33
34         10                     1256.657227 2025-12-08 00:13:34
35         10                     1259.265503 2025-12-08 00:13:35
36         10                     1261.738037 2025-12-08 00:13:36
37         10                     1264.084595 2025-12-08 00:13:37
38         10                     1266.313354 2025-12-08 00:13:38
39         10                     1268.432495 2025-12-08 00:13:39
40         10                     1270.448853 2025-12-08 00:13:40
41         10                     1272.369141 2025-12-08 00:13:41
42         10                     1274.199219 2025-12-08 00:13:42
43         10                     1275.944824 2025-12-08 00:13:43
44         10                     1277.610718 2025-12-08 00:13:44
45         10                     1279.202148 2025-12-08 00:13:45
46         10                     1280.722778 2025-12-08 00:13:46
47         10                     1282.177002 2025-12-08 00:13:47
48         10                     1283.568359 2025-12-08 00:13:48
49         10                     1284.900269 2025-12-08 00:13:49
50         10                     1286.176025 2025-12-08 00:13:50
51         10                     1287.398682 2025-12-08 00:13:51
52         10                     1288.570801 2025-12-08 00:13:52
53         10                     1289.694946 2025-12-08 00:13:53
54         10                     1290.773804 2025-12-08 00:13:54
55         10                     1291.809570 2025-12-08 00:13:55
56         10                     1292.803833 2025-12-08 00:13:56
57         10                     1293.759277 2025-12-08 00:13:57
58         10                     1294.677490 2025-12-08 00:13:58
59         10                     1295.560059 2025-12-08 00:13:59
Forecasted values inserted into database
Exiting forecasting script

No new messages received yet.Trying again...
No new messages received yet.Trying again...
No new messages received yet.Trying again...
No new messages received yet.Trying again...
No new messages received yet.Trying again...
No new messages received yet.Trying again...
No new messages received yet.Trying again...
No new messages received yet.Trying again...
No new messages received yet.Trying again...
No new messages received yet.Trying again...
No new messages received yet.Trying again...
No new messages received yet.Trying again...
No new messages received yet.Trying again...
No new messages received yet.Trying again...
No new messages received yet.Trying again...
No new messages received yet.Trying again...
No new messages received yet.Trying again...
No new messages received yet.Trying again...
No new messages received yet.Trying again...
No new messages received yet.Trying again...
No new messages received yet.Trying again...
No new messages received yet.Trying again...
No new messages received yet.Trying again...
No new messages received yet.Trying again...
No new messages received yet.Trying again...
No new messages received yet.Trying again...
No new messages received yet.Trying again...
No new messages received yet.Trying again...
No new messages received yet.Trying again...
No new messages received yet.Trying again...
No new messages received yet.Trying again...
No new messages received yet.Trying again...
No new messages received yet.Trying again...
No new messages received yet.Trying again...
No new messages received yet.Trying again...
No new messages received yet.Trying again...
No new messages received yet.Trying again...
No new messages received yet.Trying again...
No new messages received yet.Trying again...
No new messages received yet.Trying again...
No new messages received yet.Trying again...
No new messages received yet.Trying again...
No new messages received yet.Trying again...
No new messages received yet.Trying again...
No new messages received yet.Trying again...
No new messages received yet.Trying again...

Actual data inserted to database
Triggering forecasting with retrained model
Forecasting.py script logs
Database connection established
Value of --retrain flag: True

Forecasting for retrained model using device10/2025-12-08-00-00-00-2025-12-08-00-09-59-model/device10.keras and device10/2025-12-08-00-00-00-2025-12-08-00-09-59-model/scaler.save
Successfully downloaded model and scaler from S3

Actual values fetched from database
    sensor_id  sensor_energy_value    sensor_timestamp  message_delay
0          10                588.6 2025-12-08 00:13:00        65231.0
1          10                584.9 2025-12-08 00:13:01        64227.0
2          10                588.1 2025-12-08 00:13:02        63218.0
3          10                589.1 2025-12-08 00:13:03        62216.0
4          10                586.7 2025-12-08 00:13:04        61215.0
5          10                589.1 2025-12-08 00:13:05        60214.0
6          10                595.1 2025-12-08 00:13:06        59213.0
7          10                588.8 2025-12-08 00:13:07        58211.0
8          10                595.9 2025-12-08 00:13:08        57209.0
9          10                586.3 2025-12-08 00:13:09        56207.0
10         10                585.1 2025-12-08 00:13:10        55205.0
11         10                584.5 2025-12-08 00:13:11        54203.0
12         10                588.2 2025-12-08 00:13:12        53200.0
13         10                587.0 2025-12-08 00:13:13        52198.0
14         10                589.0 2025-12-08 00:13:14        51196.0
15         10                587.3 2025-12-08 00:13:15        50194.0
16         10                584.8 2025-12-08 00:13:16        49193.0
17         10                587.5 2025-12-08 00:13:17        48191.0
18         10                588.8 2025-12-08 00:13:18        47190.0
19         10                589.4 2025-12-08 00:13:19        46188.0
20         10                590.8 2025-12-08 00:13:20        45187.0
21         10                587.4 2025-12-08 00:13:21        44185.0
22         10                585.1 2025-12-08 00:13:22        43175.0
23         10                586.8 2025-12-08 00:13:23        42174.0
24         10                591.3 2025-12-08 00:13:24        41172.0
25         10                583.3 2025-12-08 00:13:25        40171.0
26         10                586.5 2025-12-08 00:13:26        39170.0
27         10                584.8 2025-12-08 00:13:27        38168.0
28         10                583.7 2025-12-08 00:13:28        37166.0
29         10                584.8 2025-12-08 00:13:29        36165.0
30         10                584.1 2025-12-08 00:13:30        35164.0
31         10                553.7 2025-12-08 00:13:31        34162.0
32         10                556.2 2025-12-08 00:13:32        33160.0
33         10                556.4 2025-12-08 00:13:33        32158.0
34         10                556.9 2025-12-08 00:13:34        31156.0
35         10                552.9 2025-12-08 00:13:35        30153.0
36         10                554.3 2025-12-08 00:13:36        29151.0
37         10                554.3 2025-12-08 00:13:37        28149.0
38         10                555.0 2025-12-08 00:13:38        27147.0
39         10                557.5 2025-12-08 00:13:39        26144.0
40         10                553.5 2025-12-08 00:13:40        25139.0
41         10                553.9 2025-12-08 00:13:41        24137.0
42         10                556.9 2025-12-08 00:13:42        23136.0
43         10                556.0 2025-12-08 00:13:43        22134.0
44         10                558.0 2025-12-08 00:13:44        21133.0
45         10                557.0 2025-12-08 00:13:45        20130.0
46         10                551.6 2025-12-08 00:13:46        19128.0
47         10                555.4 2025-12-08 00:13:47        18127.0
48         10                555.8 2025-12-08 00:13:48        17125.0
49         10                554.3 2025-12-08 00:13:49        16121.0
50         10                559.0 2025-12-08 00:13:50        15120.0
51         10                553.3 2025-12-08 00:13:51        14117.0
52         10                555.4 2025-12-08 00:13:52        13113.0
53         10                554.8 2025-12-08 00:13:53        12112.0
54         10                558.2 2025-12-08 00:13:54        11110.0
55         10                555.4 2025-12-08 00:13:55        10109.0
56         10                554.4 2025-12-08 00:13:56         9107.0
57         10                553.5 2025-12-08 00:13:57         8105.0
58         10                555.7 2025-12-08 00:13:58         7103.0
59         10                558.7 2025-12-08 00:13:59         6098.0
Forecasted values:
    sensor_id  sensor_energy_value_prediction    sensor_timestamp
0          10                      923.003479 2025-12-08 00:14:00
1          10                      937.414978 2025-12-08 00:14:01
2          10                      955.034485 2025-12-08 00:14:02
3          10                      973.601868 2025-12-08 00:14:03
4          10                      992.469238 2025-12-08 00:14:04
5          10                     1011.174866 2025-12-08 00:14:05
6          10                     1029.401001 2025-12-08 00:14:06
7          10                     1046.932983 2025-12-08 00:14:07
8          10                     1063.631592 2025-12-08 00:14:08
9          10                     1079.413574 2025-12-08 00:14:09
10         10                     1094.238770 2025-12-08 00:14:10
11         10                     1108.098389 2025-12-08 00:14:11
12         10                     1121.007446 2025-12-08 00:14:12
13         10                     1132.997925 2025-12-08 00:14:13
14         10                     1144.112793 2025-12-08 00:14:14
15         10                     1154.402954 2025-12-08 00:14:15
16         10                     1163.922974 2025-12-08 00:14:16
17         10                     1172.728760 2025-12-08 00:14:17
18         10                     1180.876343 2025-12-08 00:14:18
19         10                     1188.419189 2025-12-08 00:14:19
20         10                     1195.408813 2025-12-08 00:14:20
21         10                     1201.893188 2025-12-08 00:14:21
22         10                     1207.916870 2025-12-08 00:14:22
23         10                     1213.520630 2025-12-08 00:14:23
24         10                     1218.741821 2025-12-08 00:14:24
25         10                     1223.614258 2025-12-08 00:14:25
26         10                     1228.168579 2025-12-08 00:14:26
27         10                     1232.432251 2025-12-08 00:14:27
28         10                     1236.430298 2025-12-08 00:14:28
29         10                     1240.184570 2025-12-08 00:14:29
30         10                     1243.715576 2025-12-08 00:14:30
31         10                     1247.041016 2025-12-08 00:14:31
32         10                     1250.177002 2025-12-08 00:14:32
33         10                     1253.138184 2025-12-08 00:14:33
34         10                     1255.937988 2025-12-08 00:14:34
35         10                     1258.588013 2025-12-08 00:14:35
36         10                     1261.098999 2025-12-08 00:14:36
37         10                     1263.480835 2025-12-08 00:14:37
38         10                     1265.742310 2025-12-08 00:14:38
39         10                     1267.891602 2025-12-08 00:14:39
40         10                     1269.936035 2025-12-08 00:14:40
41         10                     1271.882324 2025-12-08 00:14:41
42         10                     1273.736694 2025-12-08 00:14:42
43         10                     1275.504639 2025-12-08 00:14:43
44         10                     1277.191650 2025-12-08 00:14:44
45         10                     1278.802490 2025-12-08 00:14:45
46         10                     1280.341431 2025-12-08 00:14:46
47         10                     1281.812744 2025-12-08 00:14:47
48         10                     1283.220093 2025-12-08 00:14:48
49         10                     1284.567261 2025-12-08 00:14:49
50         10                     1285.857178 2025-12-08 00:14:50
51         10                     1287.093140 2025-12-08 00:14:51
52         10                     1288.277954 2025-12-08 00:14:52
53         10                     1289.414185 2025-12-08 00:14:53
54         10                     1290.504272 2025-12-08 00:14:54
55         10                     1291.550537 2025-12-08 00:14:55
56         10                     1292.555054 2025-12-08 00:14:56
57         10                     1293.520142 2025-12-08 00:14:57
58         10                     1294.447266 2025-12-08 00:14:58
59         10                     1295.338623 2025-12-08 00:14:59
Forecasted values inserted into database
Exiting forecasting script

No new messages received yet.Trying again...
No new messages received yet.Trying again...
No new messages received yet.Trying again...
No new messages received yet.Trying again...
No new messages received yet.Trying again...
No new messages received yet.Trying again...
No new messages received yet.Trying again...
No new messages received yet.Trying again...
No new messages received yet.Trying again...
No new messages received yet.Trying again...
No new messages received yet.Trying again...
No new messages received yet.Trying again...
No new messages received yet.Trying again...
No new messages received yet.Trying again...
No new messages received yet.Trying again...
No new messages received yet.Trying again...
No new messages received yet.Trying again...
No new messages received yet.Trying again...
No new messages received yet.Trying again...
No new messages received yet.Trying again...
No new messages received yet.Trying again...
No new messages received yet.Trying again...
No new messages received yet.Trying again...
No new messages received yet.Trying again...
No new messages received yet.Trying again...
No new messages received yet.Trying again...
No new messages received yet.Trying again...
No new messages received yet.Trying again...
No new messages received yet.Trying again...
No new messages received yet.Trying again...
No new messages received yet.Trying again...
No new messages received yet.Trying again...
No new messages received yet.Trying again...
No new messages received yet.Trying again...
No new messages received yet.Trying again...
No new messages received yet.Trying again...
No new messages received yet.Trying again...
No new messages received yet.Trying again...
No new messages received yet.Trying again...
No new messages received yet.Trying again...
No new messages received yet.Trying again...
No new messages received yet.Trying again...
No new messages received yet.Trying again...
No new messages received yet.Trying again...
No new messages received yet.Trying again...
No new messages received yet.Trying again...

Actual data inserted to database
Triggering forecasting with retrained model
Forecasting.py script logs
Database connection established
Value of --retrain flag: True

Forecasting for retrained model using device10/2025-12-08-00-00-00-2025-12-08-00-09-59-model/device10.keras and device10/2025-12-08-00-00-00-2025-12-08-00-09-59-model/scaler.save
Successfully downloaded model and scaler from S3

Actual values fetched from database
    sensor_id  sensor_energy_value    sensor_timestamp  message_delay
0          10                566.2 2025-12-08 00:14:00        65350.0
1          10                560.5 2025-12-08 00:14:01        64348.0
2          10                559.9 2025-12-08 00:14:02        63347.0
3          10                559.3 2025-12-08 00:14:03        62344.0
4          10                555.3 2025-12-08 00:14:04        61338.0
5          10                573.0 2025-12-08 00:14:05        60337.0
6          10                555.7 2025-12-08 00:14:06        59336.0
7          10                557.3 2025-12-08 00:14:07        58335.0
8          10                558.0 2025-12-08 00:14:08        57333.0
9          10                558.9 2025-12-08 00:14:09        56331.0
10         10                553.8 2025-12-08 00:14:10        55329.0
11         10                552.6 2025-12-08 00:14:11        54328.0
12         10                555.2 2025-12-08 00:14:12        53326.0
13         10                553.4 2025-12-08 00:14:13        52324.0
14         10                554.1 2025-12-08 00:14:14        51323.0
15         10                551.8 2025-12-08 00:14:15        50321.0
16         10                550.8 2025-12-08 00:14:16        49320.0
17         10                554.9 2025-12-08 00:14:17        48319.0
18         10                554.1 2025-12-08 00:14:18        47316.0
19         10                560.6 2025-12-08 00:14:19        46314.0
20         10                554.3 2025-12-08 00:14:20        45312.0
21         10                551.1 2025-12-08 00:14:21        44311.0
22         10                551.7 2025-12-08 00:14:22        43308.0
23         10                551.7 2025-12-08 00:14:23        42306.0
24         10                554.8 2025-12-08 00:14:24        41304.0
25         10                552.7 2025-12-08 00:14:25        40302.0
26         10                553.7 2025-12-08 00:14:26        39300.0
27         10                553.1 2025-12-08 00:14:27        38299.0
28         10                552.6 2025-12-08 00:14:28        37297.0
29         10                552.4 2025-12-08 00:14:29        36294.0
30         10                554.9 2025-12-08 00:14:30        35292.0
31         10                552.3 2025-12-08 00:14:31        34291.0
32         10                552.6 2025-12-08 00:14:32        33289.0
33         10                551.8 2025-12-08 00:14:33        32285.0
34         10                550.3 2025-12-08 00:14:34        31283.0
35         10                553.3 2025-12-08 00:14:35        30280.0
36         10                547.4 2025-12-08 00:14:36        29279.0
37         10                557.1 2025-12-08 00:14:37        28271.0
38         10                554.3 2025-12-08 00:14:38        27265.0
39         10                555.4 2025-12-08 00:14:39        26264.0
40         10                554.4 2025-12-08 00:14:40        25261.0
41         10                552.2 2025-12-08 00:14:41        24255.0
42         10                554.8 2025-12-08 00:14:42        23252.0
43         10                553.1 2025-12-08 00:14:43        22251.0
44         10                554.7 2025-12-08 00:14:44        21250.0
45         10                553.1 2025-12-08 00:14:45        20248.0
46         10                550.4 2025-12-08 00:14:46        19243.0
47         10                552.4 2025-12-08 00:14:47        18242.0
48         10                551.7 2025-12-08 00:14:48        17226.0
49         10                551.3 2025-12-08 00:14:49        16224.0
50         10                553.5 2025-12-08 00:14:50        15219.0
51         10                557.3 2025-12-08 00:14:51        14217.0
52         10                550.1 2025-12-08 00:14:52        13215.0
53         10                553.6 2025-12-08 00:14:53        12209.0
54         10                553.0 2025-12-08 00:14:54        11207.0
55         10                549.9 2025-12-08 00:14:55        10204.0
56         10                553.7 2025-12-08 00:14:56         9200.0
57         10                553.2 2025-12-08 00:14:57         8194.0
58         10                550.8 2025-12-08 00:14:58         7189.0
59         10                553.0 2025-12-08 00:14:59         6180.0
Forecasted values:
    sensor_id  sensor_energy_value_prediction    sensor_timestamp
0          10                      922.003845 2025-12-08 00:15:00
1          10                      936.416626 2025-12-08 00:15:01
2          10                      954.079285 2025-12-08 00:15:02
3          10                      972.698486 2025-12-08 00:15:03
4          10                      991.622925 2025-12-08 00:15:04
5          10                     1010.387878 2025-12-08 00:15:05
6          10                     1028.673706 2025-12-08 00:15:06
7          10                     1046.264038 2025-12-08 00:15:07
8          10                     1063.018677 2025-12-08 00:15:08
9          10                     1078.853760 2025-12-08 00:15:09
10         10                     1093.728760 2025-12-08 00:15:10
11         10                     1107.634521 2025-12-08 00:15:11
12         10                     1120.585815 2025-12-08 00:15:12
13         10                     1132.614746 2025-12-08 00:15:13
14         10                     1143.764771 2025-12-08 00:15:14
15         10                     1154.086792 2025-12-08 00:15:15
16         10                     1163.635254 2025-12-08 00:15:16
17         10                     1172.466919 2025-12-08 00:15:17
18         10                     1180.637329 2025-12-08 00:15:18
19         10                     1188.200928 2025-12-08 00:15:19
20         10                     1195.209229 2025-12-08 00:15:20
21         10                     1201.709961 2025-12-08 00:15:21
22         10                     1207.748413 2025-12-08 00:15:22
23         10                     1213.365479 2025-12-08 00:15:23
24         10                     1218.598511 2025-12-08 00:15:24
25         10                     1223.481689 2025-12-08 00:15:25
26         10                     1228.045532 2025-12-08 00:15:26
27         10                     1232.317871 2025-12-08 00:15:27
28         10                     1236.323486 2025-12-08 00:15:28
29         10                     1240.084961 2025-12-08 00:15:29
30         10                     1243.622437 2025-12-08 00:15:30
31         10                     1246.953613 2025-12-08 00:15:31
32         10                     1250.094971 2025-12-08 00:15:32
33         10                     1253.061279 2025-12-08 00:15:33
34         10                     1255.865356 2025-12-08 00:15:34
35         10                     1258.519653 2025-12-08 00:15:35
36         10                     1261.034424 2025-12-08 00:15:36
37         10                     1263.419800 2025-12-08 00:15:37
38         10                     1265.684570 2025-12-08 00:15:38
39         10                     1267.836914 2025-12-08 00:15:39
40         10                     1269.884033 2025-12-08 00:15:40
41         10                     1271.832886 2025-12-08 00:15:41
42         10                     1273.689697 2025-12-08 00:15:42
43         10                     1275.459961 2025-12-08 00:15:43
44         10                     1277.149170 2025-12-08 00:15:44
45         10                     1278.761841 2025-12-08 00:15:45
46         10                     1280.302734 2025-12-08 00:15:46
47         10                     1281.775757 2025-12-08 00:15:47
48         10                     1283.184814 2025-12-08 00:15:48
49         10                     1284.533447 2025-12-08 00:15:49
50         10                     1285.824707 2025-12-08 00:15:50
51         10                     1287.062012 2025-12-08 00:15:51
52         10                     1288.248169 2025-12-08 00:15:52
53         10                     1289.385498 2025-12-08 00:15:53
54         10                     1290.476807 2025-12-08 00:15:54
55         10                     1291.524170 2025-12-08 00:15:55
56         10                     1292.529785 2025-12-08 00:15:56
57         10                     1293.495728 2025-12-08 00:15:57
58         10                     1294.423828 2025-12-08 00:15:58
59         10                     1295.316040 2025-12-08 00:15:59
Forecasted values inserted into database
Exiting forecasting script

No new messages received yet.Trying again...
No new messages received yet.Trying again...
No new messages received yet.Trying again...
No new messages received yet.Trying again...
No new messages received yet.Trying again...
No new messages received yet.Trying again...
No new messages received yet.Trying again...
No new messages received yet.Trying again...
No new messages received yet.Trying again...
No new messages received yet.Trying again...
No new messages received yet.Trying again...
No new messages received yet.Trying again...
No new messages received yet.Trying again...
No new messages received yet.Trying again...
No new messages received yet.Trying again...
No new messages received yet.Trying again...
No new messages received yet.Trying again...
No new messages received yet.Trying again...
No new messages received yet.Trying again...
No new messages received yet.Trying again...
No new messages received yet.Trying again...
No new messages received yet.Trying again...

Actual data inserted to database
Triggering forecasting with retrained model
Forecasting.py script logs
Database connection established
Value of --retrain flag: True

Forecasting for retrained model using device10/2025-12-08-00-00-00-2025-12-08-00-09-59-model/device10.keras and device10/2025-12-08-00-00-00-2025-12-08-00-09-59-model/scaler.save
Successfully downloaded model and scaler from S3

Actual values fetched from database
    sensor_id  sensor_energy_value    sensor_timestamp  message_delay
0          10                554.0 2025-12-08 00:15:00        65145.0
1          10                556.4 2025-12-08 00:15:01        64142.0
2          10                554.8 2025-12-08 00:15:02        63139.0
3          10                553.6 2025-12-08 00:15:03        62137.0
4          10                552.0 2025-12-08 00:15:04        61106.0
5          10                554.8 2025-12-08 00:15:05        60104.0
6          10                555.2 2025-12-08 00:15:06        59102.0
7          10                685.1 2025-12-08 00:15:07        58099.0
8          10                655.4 2025-12-08 00:15:08        56819.0
9          10                653.1 2025-12-08 00:15:09        55485.0
10         10                652.3 2025-12-08 00:15:10        54483.0
11         10                559.7 2025-12-08 00:15:11        53283.0
12         10                654.7 2025-12-08 00:15:12        52263.0
13         10                650.5 2025-12-08 00:15:13        51262.0
14         10                706.2 2025-12-08 00:15:14        50253.0
15         10                669.2 2025-12-08 00:15:15        49151.0
16         10                662.5 2025-12-08 00:15:16        48074.0
17         10                663.7 2025-12-08 00:15:17        46503.0
18         10                655.4 2025-12-08 00:15:18        45501.0
19         10                658.0 2025-12-08 00:15:19        44500.0
20         10                658.4 2025-12-08 00:15:20        43499.0
21         10                661.6 2025-12-08 00:15:21        42488.0
22         10                659.7 2025-12-08 00:15:22        41486.0
23         10                658.5 2025-12-08 00:15:23        40387.0
24         10                660.1 2025-12-08 00:15:24        39385.0
25         10                656.9 2025-12-08 00:15:25        38363.0
26         10                658.9 2025-12-08 00:15:26        37332.0
27         10                662.2 2025-12-08 00:15:27        36330.0
28         10                659.7 2025-12-08 00:15:28        35329.0
29         10                660.5 2025-12-08 00:15:29        34327.0
30         10                658.1 2025-12-08 00:15:30        33300.0
31         10                656.9 2025-12-08 00:15:31        32288.0
32         10                661.4 2025-12-08 00:15:32        31287.0
33         10                662.3 2025-12-08 00:15:33        30281.0
34         10                661.3 2025-12-08 00:15:34        29275.0
35         10                660.0 2025-12-08 00:15:35        28268.0
36         10                657.6 2025-12-08 00:15:36        27264.0
37         10                668.0 2025-12-08 00:15:37        26262.0
38         10                657.0 2025-12-08 00:15:38        25258.0
39         10                658.9 2025-12-08 00:15:39        24257.0
40         10                675.6 2025-12-08 00:15:40        23256.0
41         10                665.9 2025-12-08 00:15:41        22184.0
42         10                675.3 2025-12-08 00:15:42        21175.0
43         10                660.5 2025-12-08 00:15:43        20171.0
44         10                658.7 2025-12-08 00:15:44        19170.0
45         10                659.7 2025-12-08 00:15:45        18169.0
46         10                956.1 2025-12-08 00:15:46        17163.0
47         10                955.4 2025-12-08 00:15:47        16097.0
48         10                848.7 2025-12-08 00:15:48        15094.0
49         10                866.7 2025-12-08 00:15:49        14088.0
50         10                963.0 2025-12-08 00:15:50        13075.0
51         10                868.2 2025-12-08 00:15:51        12064.0
52         10                914.7 2025-12-08 00:15:52        11059.0
53         10                942.8 2025-12-08 00:15:53        10058.0
54         10                968.5 2025-12-08 00:15:54         9054.0
55         10                991.4 2025-12-08 00:15:55         8048.0
56         10               1012.9 2025-12-08 00:15:56         7045.0
57         10               1034.1 2025-12-08 00:15:57         6032.0
58         10               1052.1 2025-12-08 00:15:58         5031.0
59         10               1067.1 2025-12-08 00:15:59         4026.0
Forecasted values:
    sensor_id  sensor_energy_value_prediction    sensor_timestamp
0          10                     1101.213745 2025-12-08 00:16:00
1          10                     1112.193115 2025-12-08 00:16:01
2          10                     1122.898682 2025-12-08 00:16:02
3          10                     1133.219238 2025-12-08 00:16:03
4          10                     1143.083496 2025-12-08 00:16:04
5          10                     1152.453491 2025-12-08 00:16:05
6          10                     1161.314209 2025-12-08 00:16:06
7          10                     1169.664795 2025-12-08 00:16:07
8          10                     1177.515503 2025-12-08 00:16:08
9          10                     1184.882935 2025-12-08 00:16:09
10         10                     1191.788574 2025-12-08 00:16:10
11         10                     1198.256714 2025-12-08 00:16:11
12         10                     1204.313354 2025-12-08 00:16:12
13         10                     1209.985107 2025-12-08 00:16:13
14         10                     1215.297852 2025-12-08 00:16:14
15         10                     1220.277466 2025-12-08 00:16:15
16         10                     1224.947632 2025-12-08 00:16:16
17         10                     1229.331909 2025-12-08 00:16:17
18         10                     1233.451660 2025-12-08 00:16:18
19         10                     1237.326782 2025-12-08 00:16:19
20         10                     1240.975830 2025-12-08 00:16:20
21         10                     1244.416016 2025-12-08 00:16:21
22         10                     1247.662720 2025-12-08 00:16:22
23         10                     1250.730347 2025-12-08 00:16:23
24         10                     1253.632080 2025-12-08 00:16:24
25         10                     1256.379639 2025-12-08 00:16:25
26         10                     1258.983643 2025-12-08 00:16:26
27         10                     1261.454346 2025-12-08 00:16:27
28         10                     1263.800781 2025-12-08 00:16:28
29         10                     1266.030884 2025-12-08 00:16:29
30         10                     1268.152710 2025-12-08 00:16:30
31         10                     1270.172729 2025-12-08 00:16:31
32         10                     1272.097412 2025-12-08 00:16:32
33         10                     1273.932861 2025-12-08 00:16:33
34         10                     1275.684082 2025-12-08 00:16:34
35         10                     1277.356201 2025-12-08 00:16:35
36         10                     1278.953979 2025-12-08 00:16:36
37         10                     1280.481323 2025-12-08 00:16:37
38         10                     1281.942383 2025-12-08 00:16:38
39         10                     1283.340698 2025-12-08 00:16:39
40         10                     1284.679688 2025-12-08 00:16:40
41         10                     1285.962524 2025-12-08 00:16:41
42         10                     1287.192017 2025-12-08 00:16:42
43         10                     1288.371094 2025-12-08 00:16:43
44         10                     1289.502075 2025-12-08 00:16:44
45         10                     1290.587524 2025-12-08 00:16:45
46         10                     1291.629639 2025-12-08 00:16:46
47         10                     1292.632446 2025-12-08 00:16:47
48         10                     1293.596069 2025-12-08 00:16:48
49         10                     1294.521606 2025-12-08 00:16:49
50         10                     1295.411499 2025-12-08 00:16:50
51         10                     1296.267822 2025-12-08 00:16:51
52         10                     1297.091309 2025-12-08 00:16:52
53         10                     1297.883789 2025-12-08 00:16:53
54         10                     1298.646973 2025-12-08 00:16:54
55         10                     1299.381592 2025-12-08 00:16:55
56         10                     1300.089355 2025-12-08 00:16:56
57         10                     1300.770996 2025-12-08 00:16:57
58         10                     1301.427856 2025-12-08 00:16:58
59         10                     1302.061035 2025-12-08 00:16:59
Forecasted values inserted into database
Exiting forecasting script

No new messages received yet.Trying again...
No new messages received yet.Trying again...
No new messages received yet.Trying again...
No new messages received yet.Trying again...
No new messages received yet.Trying again...
No new messages received yet.Trying again...
No new messages received yet.Trying again...
No new messages received yet.Trying again...
No new messages received yet.Trying again...
No new messages received yet.Trying again...
No new messages received yet.Trying again...
No new messages received yet.Trying again...
No new messages received yet.Trying again...
No new messages received yet.Trying again...
No new messages received yet.Trying again...
No new messages received yet.Trying again...
No new messages received yet.Trying again...
No new messages received yet.Trying again...
No new messages received yet.Trying again...
No new messages received yet.Trying again...
No new messages received yet.Trying again...
No new messages received yet.Trying again...
No new messages received yet.Trying again...
No new messages received yet.Trying again...
No new messages received yet.Trying again...
No new messages received yet.Trying again...
No new messages received yet.Trying again...
No new messages received yet.Trying again...
No new messages received yet.Trying again...
No new messages received yet.Trying again...
No new messages received yet.Trying again...
No new messages received yet.Trying again...
No new messages received yet.Trying again...
No new messages received yet.Trying again...
No new messages received yet.Trying again...
No new messages received yet.Trying again...
No new messages received yet.Trying again...
No new messages received yet.Trying again...

Actual data inserted to database
Triggering forecasting with retrained model
Forecasting.py script logs
Database connection established
Value of --retrain flag: True

Forecasting for retrained model using device10/2025-12-08-00-00-00-2025-12-08-00-09-59-model/device10.keras and device10/2025-12-08-00-00-00-2025-12-08-00-09-59-model/scaler.save
Successfully downloaded model and scaler from S3

Actual values fetched from database
    sensor_id  sensor_energy_value    sensor_timestamp  message_delay
0          10               1078.8 2025-12-08 00:16:00        63002.0
1          10               1084.0 2025-12-08 00:16:01        62001.0
2          10               1087.3 2025-12-08 00:16:02        60999.0
3          10               1093.4 2025-12-08 00:16:03        59998.0
4          10               1100.4 2025-12-08 00:16:04        58986.0
5          10               1099.6 2025-12-08 00:16:05        57984.0
6          10               1099.7 2025-12-08 00:16:06        56978.0
7          10               1098.5 2025-12-08 00:16:07        55977.0
8          10               1098.9 2025-12-08 00:16:08        54970.0
9          10               1098.8 2025-12-08 00:16:09        53966.0
10         10               1099.1 2025-12-08 00:16:10        52961.0
11         10               1098.0 2025-12-08 00:16:11        51958.0
12         10               1097.6 2025-12-08 00:16:12        50956.0
13         10               1096.1 2025-12-08 00:16:13        49951.0
14         10               1091.7 2025-12-08 00:16:14        48949.0
15         10               1094.8 2025-12-08 00:16:15        47947.0
16         10               1093.1 2025-12-08 00:16:16        46945.0
17         10               1096.3 2025-12-08 00:16:17        45943.0
18         10               1093.5 2025-12-08 00:16:18        44941.0
19         10               1097.7 2025-12-08 00:16:19        43939.0
20         10               1100.0 2025-12-08 00:16:20        42938.0
21         10               1096.6 2025-12-08 00:16:21        41932.0
22         10               1098.6 2025-12-08 00:16:22        40931.0
23         10               1101.7 2025-12-08 00:16:23        39929.0
24         10               1107.1 2025-12-08 00:16:24        38929.0
25         10               1101.5 2025-12-08 00:16:25        37927.0
26         10               1108.4 2025-12-08 00:16:26        36925.0
27         10               1112.6 2025-12-08 00:16:27        35919.0
28         10               1115.5 2025-12-08 00:16:28        34916.0
29         10               1115.5 2025-12-08 00:16:29        33914.0
30         10               1117.1 2025-12-08 00:16:30        32910.0
31         10               1115.3 2025-12-08 00:16:31        31907.0
32         10               1118.6 2025-12-08 00:16:32        30905.0
33         10               1122.1 2025-12-08 00:16:33        29904.0
34         10               1127.1 2025-12-08 00:16:34        28901.0
35         10               1119.9 2025-12-08 00:16:35        27900.0
36         10               1119.9 2025-12-08 00:16:36        26898.0
37         10               1122.3 2025-12-08 00:16:37        25897.0
38         10               1122.1 2025-12-08 00:16:38        24896.0
39         10               1122.0 2025-12-08 00:16:39        23894.0
40         10               1120.9 2025-12-08 00:16:40        22893.0
41         10               1121.8 2025-12-08 00:16:41        21891.0
42         10               1123.5 2025-12-08 00:16:42        20887.0
43         10               1128.2 2025-12-08 00:16:43        19886.0
44         10               1123.1 2025-12-08 00:16:44        18885.0
45         10               1123.7 2025-12-08 00:16:45        17884.0
46         10               1117.6 2025-12-08 00:16:46        16883.0
47         10               1117.3 2025-12-08 00:16:47        15882.0
48         10               1119.2 2025-12-08 00:16:48        14881.0
49         10               1115.0 2025-12-08 00:16:49        13880.0
50         10               1117.1 2025-12-08 00:16:50        12879.0
51         10               1117.6 2025-12-08 00:16:51        11878.0
52         10               1119.0 2025-12-08 00:16:52        10877.0
53         10               1116.6 2025-12-08 00:16:53         9876.0
54         10               1117.0 2025-12-08 00:16:54         8875.0
55         10               1119.0 2025-12-08 00:16:55         7874.0
56         10               1121.1 2025-12-08 00:16:56         6873.0
57         10               1124.6 2025-12-08 00:16:57         5871.0
58         10               1117.7 2025-12-08 00:16:58         4870.0
59         10               1132.6 2025-12-08 00:16:59         3868.0
Forecasted values:
    sensor_id  sensor_energy_value_prediction    sensor_timestamp
0          10                     1180.836182 2025-12-08 00:17:00
1          10                     1184.781616 2025-12-08 00:17:01
2          10                     1189.178589 2025-12-08 00:17:02
3          10                     1193.858398 2025-12-08 00:17:03
4          10                     1198.670410 2025-12-08 00:17:04
5          10                     1203.511230 2025-12-08 00:17:05
6          10                     1208.307617 2025-12-08 00:17:06
7          10                     1213.007568 2025-12-08 00:17:07
8          10                     1217.574951 2025-12-08 00:17:08
9          10                     1221.985107 2025-12-08 00:17:09
10         10                     1226.222778 2025-12-08 00:17:10
11         10                     1230.279297 2025-12-08 00:17:11
12         10                     1234.151733 2025-12-08 00:17:12
13         10                     1237.840210 2025-12-08 00:17:13
14         10                     1241.348633 2025-12-08 00:17:14
15         10                     1244.682373 2025-12-08 00:17:15
16         10                     1247.848511 2025-12-08 00:17:16
17         10                     1250.854370 2025-12-08 00:17:17
18         10                     1253.708496 2025-12-08 00:17:18
19         10                     1256.418945 2025-12-08 00:17:19
20         10                     1258.994141 2025-12-08 00:17:20
21         10                     1261.442139 2025-12-08 00:17:21
22         10                     1263.770264 2025-12-08 00:17:22
23         10                     1265.986084 2025-12-08 00:17:23
24         10                     1268.096313 2025-12-08 00:17:24
25         10                     1270.107300 2025-12-08 00:17:25
26         10                     1272.024902 2025-12-08 00:17:26
27         10                     1273.854858 2025-12-08 00:17:27
28         10                     1275.602295 2025-12-08 00:17:28
29         10                     1277.271851 2025-12-08 00:17:29
30         10                     1278.867920 2025-12-08 00:17:30
31         10                     1280.394531 2025-12-08 00:17:31
32         10                     1281.855713 2025-12-08 00:17:32
33         10                     1283.254883 2025-12-08 00:17:33
34         10                     1284.595337 2025-12-08 00:17:34
35         10                     1285.880005 2025-12-08 00:17:35
36         10                     1287.111938 2025-12-08 00:17:36
37         10                     1288.293701 2025-12-08 00:17:37
38         10                     1289.427734 2025-12-08 00:17:38
39         10                     1290.516479 2025-12-08 00:17:39
40         10                     1291.562256 2025-12-08 00:17:40
41         10                     1292.566772 2025-12-08 00:17:41
42         10                     1293.532227 2025-12-08 00:17:42
43         10                     1294.460327 2025-12-08 00:17:43
44         10                     1295.353027 2025-12-08 00:17:44
45         10                     1296.211426 2025-12-08 00:17:45
46         10                     1297.037476 2025-12-08 00:17:46
47         10                     1297.832520 2025-12-08 00:17:47
48         10                     1298.597778 2025-12-08 00:17:48
49         10                     1299.334717 2025-12-08 00:17:49
50         10                     1300.044434 2025-12-08 00:17:50
51         10                     1300.728027 2025-12-08 00:17:51
52         10                     1301.386841 2025-12-08 00:17:52
53         10                     1302.021606 2025-12-08 00:17:53
54         10                     1302.633423 2025-12-08 00:17:54
55         10                     1303.223267 2025-12-08 00:17:55
56         10                     1303.791870 2025-12-08 00:17:56
57         10                     1304.340332 2025-12-08 00:17:57
58         10                     1304.869141 2025-12-08 00:17:58
59         10                     1305.379395 2025-12-08 00:17:59
Forecasted values inserted into database
Exiting forecasting script

No new messages received yet.Trying again...
No new messages received yet.Trying again...
No new messages received yet.Trying again...
No new messages received yet.Trying again...
No new messages received yet.Trying again...
No new messages received yet.Trying again...
No new messages received yet.Trying again...
No new messages received yet.Trying again...
No new messages received yet.Trying again...
No new messages received yet.Trying again...
No new messages received yet.Trying again...
No new messages received yet.Trying again...
No new messages received yet.Trying again...
No new messages received yet.Trying again...
No new messages received yet.Trying again...
No new messages received yet.Trying again...
No new messages received yet.Trying again...
No new messages received yet.Trying again...
No new messages received yet.Trying again...
No new messages received yet.Trying again...
No new messages received yet.Trying again...
No new messages received yet.Trying again...
No new messages received yet.Trying again...
No new messages received yet.Trying again...
No new messages received yet.Trying again...
No new messages received yet.Trying again...
No new messages received yet.Trying again...
No new messages received yet.Trying again...
No new messages received yet.Trying again...
No new messages received yet.Trying again...
No new messages received yet.Trying again...
No new messages received yet.Trying again...
No new messages received yet.Trying again...
No new messages received yet.Trying again...
No new messages received yet.Trying again...
No new messages received yet.Trying again...
No new messages received yet.Trying again...
No new messages received yet.Trying again...
No new messages received yet.Trying again...

Actual data inserted to database
Triggering forecasting with retrained model
Forecasting.py script logs
Database connection established
Value of --retrain flag: True

Forecasting for retrained model using device10/2025-12-08-00-00-00-2025-12-08-00-09-59-model/device10.keras and device10/2025-12-08-00-00-00-2025-12-08-00-09-59-model/scaler.save
Successfully downloaded model and scaler from S3

Actual values fetched from database
    sensor_id  sensor_energy_value    sensor_timestamp  message_delay
0          10               1125.4 2025-12-08 00:17:00        62671.0
1          10               1120.7 2025-12-08 00:17:01        61670.0
2          10               1124.0 2025-12-08 00:17:02        60668.0
3          10               1125.4 2025-12-08 00:17:03        59665.0
4          10               1121.3 2025-12-08 00:17:04        58659.0
5          10               1121.8 2025-12-08 00:17:05        57657.0
6          10               1121.3 2025-12-08 00:17:06        56656.0
7          10               1124.8 2025-12-08 00:17:07        55654.0
8          10               1122.7 2025-12-08 00:17:08        54652.0
9          10               1121.6 2025-12-08 00:17:09        53644.0
10         10               1118.0 2025-12-08 00:17:10        52641.0
11         10               1122.8 2025-12-08 00:17:11        51635.0
12         10               1119.7 2025-12-08 00:17:12        50629.0
13         10               1119.9 2025-12-08 00:17:13        49624.0
14         10               1117.8 2025-12-08 00:17:14        48623.0
15         10               1121.7 2025-12-08 00:17:15        47622.0
16         10               1115.5 2025-12-08 00:17:16        46618.0
17         10               1119.2 2025-12-08 00:17:17        45616.0
18         10               1121.0 2025-12-08 00:17:18        44615.0
19         10               1125.6 2025-12-08 00:17:19        43613.0
20         10               1123.8 2025-12-08 00:17:20        42613.0
21         10               1121.9 2025-12-08 00:17:21        41609.0
22         10               1111.0 2025-12-08 00:17:22        40604.0
23         10               1116.8 2025-12-08 00:17:23        39603.0
24         10               1119.8 2025-12-08 00:17:24        38600.0
25         10               1113.8 2025-12-08 00:17:25        37599.0
26         10               1113.6 2025-12-08 00:17:26        36592.0
27         10               1118.1 2025-12-08 00:17:27        35591.0
28         10               1118.1 2025-12-08 00:17:28        34589.0
29         10               1122.9 2025-12-08 00:17:29        33587.0
30         10               1118.3 2025-12-08 00:17:30        32585.0
31         10               1114.6 2025-12-08 00:17:31        31580.0
32         10               1117.0 2025-12-08 00:17:32        30579.0
33         10               1118.8 2025-12-08 00:17:33        29576.0
34         10               1119.4 2025-12-08 00:17:34        28573.0
35         10               1114.6 2025-12-08 00:17:35        27570.0
36         10               1122.3 2025-12-08 00:17:36        26568.0
37         10               1119.4 2025-12-08 00:17:37        25567.0
38         10               1119.8 2025-12-08 00:17:38        24560.0
39         10               1119.9 2025-12-08 00:17:39        23559.0
40         10               1120.9 2025-12-08 00:17:40        22557.0
41         10               1128.5 2025-12-08 00:17:41        21554.0
42         10               1119.8 2025-12-08 00:17:42        20553.0
43         10               1115.3 2025-12-08 00:17:43        19552.0
44         10               1126.7 2025-12-08 00:17:44        18550.0
45         10               1128.4 2025-12-08 00:17:45        17549.0
46         10               1124.6 2025-12-08 00:17:46        16548.0
47         10               1124.2 2025-12-08 00:17:47        15547.0
48         10               1119.3 2025-12-08 00:17:48        14544.0
49         10               1118.6 2025-12-08 00:17:49        13542.0
50         10               1117.9 2025-12-08 00:17:50        12538.0
51         10               1121.7 2025-12-08 00:17:51        11537.0
52         10               1117.3 2025-12-08 00:17:52        10535.0
53         10               1116.0 2025-12-08 00:17:53         9531.0
54         10               1117.3 2025-12-08 00:17:54         8527.0
55         10               1115.9 2025-12-08 00:17:55         7525.0
56         10               1117.0 2025-12-08 00:17:56         6524.0
57         10               1119.2 2025-12-08 00:17:57         5522.0
58         10               1116.1 2025-12-08 00:17:58         4520.0
59         10               1116.8 2025-12-08 00:17:59         3519.0
Forecasted values:
    sensor_id  sensor_energy_value_prediction    sensor_timestamp
0          10                     1179.296753 2025-12-08 00:18:00
1          10                     1183.062012 2025-12-08 00:18:01
2          10                     1187.347778 2025-12-08 00:18:02
3          10                     1191.974731 2025-12-08 00:18:03
4          10                     1196.774292 2025-12-08 00:18:04
5          10                     1201.631958 2025-12-08 00:18:05
6          10                     1206.466064 2025-12-08 00:18:06
7          10                     1211.218384 2025-12-08 00:18:07
8          10                     1215.848022 2025-12-08 00:18:08
9          10                     1220.326538 2025-12-08 00:18:09
10         10                     1224.636108 2025-12-08 00:18:10
11         10                     1228.765869 2025-12-08 00:18:11
12         10                     1232.711060 2025-12-08 00:18:12
13         10                     1236.471191 2025-12-08 00:18:13
14         10                     1240.048706 2025-12-08 00:18:14
15         10                     1243.448853 2025-12-08 00:18:15
16         10                     1246.677979 2025-12-08 00:18:16
17         10                     1249.743774 2025-12-08 00:18:17
18         10                     1252.654419 2025-12-08 00:18:18
19         10                     1255.418335 2025-12-08 00:18:19
20         10                     1258.043457 2025-12-08 00:18:20
21         10                     1260.538574 2025-12-08 00:18:21
22         10                     1262.910767 2025-12-08 00:18:22
23         10                     1265.167969 2025-12-08 00:18:23
24         10                     1267.317017 2025-12-08 00:18:24
25         10                     1269.364380 2025-12-08 00:18:25
26         10                     1271.316528 2025-12-08 00:18:26
27         10                     1273.178711 2025-12-08 00:18:27
28         10                     1274.956421 2025-12-08 00:18:28
29         10                     1276.654663 2025-12-08 00:18:29
30         10                     1278.277588 2025-12-08 00:18:30
31         10                     1279.830078 2025-12-08 00:18:31
32         10                     1281.315308 2025-12-08 00:18:32
33         10                     1282.737427 2025-12-08 00:18:33
34         10                     1284.099487 2025-12-08 00:18:34
35         10                     1285.404663 2025-12-08 00:18:35
36         10                     1286.656006 2025-12-08 00:18:36
37         10                     1287.856323 2025-12-08 00:18:37
38         10                     1289.007935 2025-12-08 00:18:38
39         10                     1290.113525 2025-12-08 00:18:39
40         10                     1291.175049 2025-12-08 00:18:40
41         10                     1292.194824 2025-12-08 00:18:41
42         10                     1293.174683 2025-12-08 00:18:42
43         10                     1294.116577 2025-12-08 00:18:43
44         10                     1295.022217 2025-12-08 00:18:44
45         10                     1295.893311 2025-12-08 00:18:45
46         10                     1296.731323 2025-12-08 00:18:46
47         10                     1297.537842 2025-12-08 00:18:47
48         10                     1298.314087 2025-12-08 00:18:48
49         10                     1299.061523 2025-12-08 00:18:49
50         10                     1299.781372 2025-12-08 00:18:50
51         10                     1300.474609 2025-12-08 00:18:51
52         10                     1301.142578 2025-12-08 00:18:52
53         10                     1301.786255 2025-12-08 00:18:53
54         10                     1302.406616 2025-12-08 00:18:54
55         10                     1303.004517 2025-12-08 00:18:55
56         10                     1303.581177 2025-12-08 00:18:56
57         10                     1304.136963 2025-12-08 00:18:57
58         10                     1304.672974 2025-12-08 00:18:58
59         10                     1305.190186 2025-12-08 00:18:59
Forecasted values inserted into database
Exiting forecasting script

No new messages received yet.Trying again...
No new messages received yet.Trying again...
No new messages received yet.Trying again...
No new messages received yet.Trying again...
No new messages received yet.Trying again...
No new messages received yet.Trying again...
No new messages received yet.Trying again...
No new messages received yet.Trying again...
No new messages received yet.Trying again...
No new messages received yet.Trying again...
No new messages received yet.Trying again...
No new messages received yet.Trying again...
No new messages received yet.Trying again...
No new messages received yet.Trying again...
No new messages received yet.Trying again...
No new messages received yet.Trying again...
No new messages received yet.Trying again...

Actual data inserted to database
Triggering forecasting with retrained model
2026-05-15 19:47:53.795 INFO  [127362855335616] ConsumerStatsImpl:59 | Consumer [persistent://public/default/device10_model_consume, pythonSubscription, 0] , ConsumerStatsImpl (numBytesRecieved_ = 14400, totalNumBytesRecieved_ = 27360, receivedMsgMap_ = {[Key: Ok, Value: 600], [Key: TimeOut, Value: 284], }, ackedMsgMap_ = {[Key: {Result: Ok, ackType: 0}, Value: 600], }, totalReceivedMsgMap_ = {[Key: Ok, Value: 1140], [Key: TimeOut, Value: 732], }, totalAckedMsgMap_ = {[Key: {Result: Ok, ackType: 0}, Value: 1140], })
Forecasting.py script logs
Database connection established
Value of --retrain flag: True

Forecasting for retrained model using device10/2025-12-08-00-00-00-2025-12-08-00-09-59-model/device10.keras and device10/2025-12-08-00-00-00-2025-12-08-00-09-59-model/scaler.save
Successfully downloaded model and scaler from S3

Actual values fetched from database
    sensor_id  sensor_energy_value    sensor_timestamp  message_delay
0          10          1190.571186 2025-12-08 00:18:00        72625.0
1          10          1118.600000 2025-12-08 00:18:01        71622.0
2          10          1126.100000 2025-12-08 00:18:02        70617.0
3          10          1119.900000 2025-12-08 00:18:03        69614.0
4          10          1122.900000 2025-12-08 00:18:04        68612.0
5          10          1122.700000 2025-12-08 00:18:05        67608.0
6          10          1119.600000 2025-12-08 00:18:06        66604.0
7          10          1117.600000 2025-12-08 00:18:07        65600.0
8          10          1119.500000 2025-12-08 00:18:08        64595.0
9          10          1118.000000 2025-12-08 00:18:09        63585.0
10         10          1119.500000 2025-12-08 00:18:10        62579.0
11         10          1121.600000 2025-12-08 00:18:11        61576.0
12         10          1119.100000 2025-12-08 00:18:12        60574.0
13         10          1117.700000 2025-12-08 00:18:13        59573.0
14         10          1118.000000 2025-12-08 00:18:14        58572.0
15         10          1154.100000 2025-12-08 00:18:15        57571.0
16         10          1225.900000 2025-12-08 00:18:16        56570.0
17         10          1218.200000 2025-12-08 00:18:17        55564.0
18         10          1216.300000 2025-12-08 00:18:18        54562.0
19         10          1225.400000 2025-12-08 00:18:19        53557.0
20         10          1227.300000 2025-12-08 00:18:20        52554.0
21         10          1218.200000 2025-12-08 00:18:21        51550.0
22         10          1220.100000 2025-12-08 00:18:22        50547.0
23         10          1232.200000 2025-12-08 00:18:23        49544.0
24         10          1220.500000 2025-12-08 00:18:24        48543.0
25         10          1216.800000 2025-12-08 00:18:25        47501.0
26         10          1218.000000 2025-12-08 00:18:26        46497.0
27         10          1222.000000 2025-12-08 00:18:27        45469.0
28         10          1222.300000 2025-12-08 00:18:28        44214.0
29         10          1222.300000 2025-12-08 00:18:29        43125.0
30         10          1217.700000 2025-12-08 00:18:30        42122.0
31         10          1226.400000 2025-12-08 00:18:31        41119.0
32         10          1222.100000 2025-12-08 00:18:32        40090.0
33         10          1220.300000 2025-12-08 00:18:33        39031.0
34         10          1227.100000 2025-12-08 00:18:34        37874.0
35         10          1209.000000 2025-12-08 00:18:35        36868.0
36         10          1213.800000 2025-12-08 00:18:36        35866.0
37         10          1208.700000 2025-12-08 00:18:37        34855.0
38         10          1212.200000 2025-12-08 00:18:38        33843.0
39         10          1210.300000 2025-12-08 00:18:39        32839.0
40         10          1207.100000 2025-12-08 00:18:40        31838.0
41         10          1209.100000 2025-12-08 00:18:41        30819.0
42         10          1209.700000 2025-12-08 00:18:42        29795.0
43         10          1208.700000 2025-12-08 00:18:43        28708.0
44         10          1209.400000 2025-12-08 00:18:44        27664.0
45         10          1204.500000 2025-12-08 00:18:45        26660.0
46         10          1203.100000 2025-12-08 00:18:46        25539.0
47         10          1206.100000 2025-12-08 00:18:47        24535.0
48         10          1207.500000 2025-12-08 00:18:48        23534.0
49         10          1206.100000 2025-12-08 00:18:49        22529.0
50         10          1204.000000 2025-12-08 00:18:50        21522.0
51         10          1208.900000 2025-12-08 00:18:51        20516.0
52         10          1207.600000 2025-12-08 00:18:52        19488.0
53         10          1206.300000 2025-12-08 00:18:53        18409.0
54         10          1206.500000 2025-12-08 00:18:54        17407.0
55         10          1206.400000 2025-12-08 00:18:55        16405.0
56         10          1206.100000 2025-12-08 00:18:56        15403.0
57         10          1208.000000 2025-12-08 00:18:57        14398.0
58         10          1204.700000 2025-12-08 00:18:58        13394.0
59         10          1205.900000 2025-12-08 00:18:59        12391.0
Forecasted values:
    sensor_id  sensor_energy_value_prediction    sensor_timestamp
0          10                     1236.475708 2025-12-08 00:19:00
1          10                     1238.489136 2025-12-08 00:19:01
2          10                     1240.756470 2025-12-08 00:19:02
3          10                     1243.212891 2025-12-08 00:19:03
4          10                     1245.771606 2025-12-08 00:19:04
5          10                     1248.374023 2025-12-08 00:19:05
6          10                     1250.977661 2025-12-08 00:19:06
7          10                     1253.551880 2025-12-08 00:19:07
8          10                     1256.074829 2025-12-08 00:19:08
9          10                     1258.531128 2025-12-08 00:19:09
10         10                     1260.910278 2025-12-08 00:19:10
11         10                     1263.205566 2025-12-08 00:19:11
12         10                     1265.413452 2025-12-08 00:19:12
13         10                     1267.532837 2025-12-08 00:19:13
14         10                     1269.563354 2025-12-08 00:19:14
15         10                     1271.506958 2025-12-08 00:19:15
16         10                     1273.365967 2025-12-08 00:19:16
17         10                     1275.143555 2025-12-08 00:19:17
18         10                     1276.842773 2025-12-08 00:19:18
19         10                     1278.467285 2025-12-08 00:19:19
20         10                     1280.020386 2025-12-08 00:19:20
21         10                     1281.506348 2025-12-08 00:19:21
22         10                     1282.927979 2025-12-08 00:19:22
23         10                     1284.288940 2025-12-08 00:19:23
24         10                     1285.592163 2025-12-08 00:19:24
25         10                     1286.841064 2025-12-08 00:19:25
26         10                     1288.037964 2025-12-08 00:19:26
27         10                     1289.186035 2025-12-08 00:19:27
28         10                     1290.287354 2025-12-08 00:19:28
29         10                     1291.344482 2025-12-08 00:19:29
30         10                     1292.359619 2025-12-08 00:19:30
31         10                     1293.334717 2025-12-08 00:19:31
32         10                     1294.271729 2025-12-08 00:19:32
33         10                     1295.172485 2025-12-08 00:19:33
34         10                     1296.038696 2025-12-08 00:19:34
35         10                     1296.871826 2025-12-08 00:19:35
36         10                     1297.673462 2025-12-08 00:19:36
37         10                     1298.444824 2025-12-08 00:19:37
38         10                     1299.187500 2025-12-08 00:19:38
39         10                     1299.902832 2025-12-08 00:19:39
40         10                     1300.591553 2025-12-08 00:19:40
41         10                     1301.255127 2025-12-08 00:19:41
42         10                     1301.894653 2025-12-08 00:19:42
43         10                     1302.510986 2025-12-08 00:19:43
44         10                     1303.104980 2025-12-08 00:19:44
45         10                     1303.677856 2025-12-08 00:19:45
46         10                     1304.230225 2025-12-08 00:19:46
47         10                     1304.762939 2025-12-08 00:19:47
48         10                     1305.276978 2025-12-08 00:19:48
49         10                     1305.772705 2025-12-08 00:19:49
50         10                     1306.251221 2025-12-08 00:19:50
51         10                     1306.712891 2025-12-08 00:19:51
52         10                     1307.158569 2025-12-08 00:19:52
53         10                     1307.588867 2025-12-08 00:19:53
54         10                     1308.004150 2025-12-08 00:19:54
55         10                     1308.405029 2025-12-08 00:19:55
56         10                     1308.792480 2025-12-08 00:19:56
57         10                     1309.166138 2025-12-08 00:19:57
58         10                     1309.527344 2025-12-08 00:19:58
59         10                     1309.876221 2025-12-08 00:19:59
Forecasted values inserted into database
Exiting forecasting script

No new messages received yet.Trying again...
No new messages received yet.Trying again...
No new messages received yet.Trying again...
No new messages received yet.Trying again...
No new messages received yet.Trying again...
No new messages received yet.Trying again...
No new messages received yet.Trying again...
No new messages received yet.Trying again...
No new messages received yet.Trying again...
No new messages received yet.Trying again...
No new messages received yet.Trying again...
No new messages received yet.Trying again...
No new messages received yet.Trying again...
No new messages received yet.Trying again...
No new messages received yet.Trying again...
No new messages received yet.Trying again...
No new messages received yet.Trying again...
No new messages received yet.Trying again...
No new messages received yet.Trying again...
No new messages received yet.Trying again...
No new messages received yet.Trying again...
No new messages received yet.Trying again...
No new messages received yet.Trying again...

Actual data inserted to database
Triggering retrain for window beetween 00:10:00 and 00:19:59
lasttimestamp is  2025-12-08 00:19:59
retrain.py completed successfully:
Database connection established
Retraining model for device device10 with data from table device10_actualvalues between timestamps 2025-12-08-00-10-00 and 2025-12-08-00-19-59...
Epoch 1/200

[1m1/8[0m [32m━━[0m[37m━━━━━━━━━━━━━━━━━━[0m [1m14s[0m 2s/step - loss: 0.0126
[1m2/8[0m [32m━━━━━[0m[37m━━━━━━━━━━━━━━━[0m [1m0s[0m 96ms/step - loss: 0.0120
[1m3/8[0m [32m━━━━━━━[0m[37m━━━━━━━━━━━━━[0m [1m0s[0m 117ms/step - loss: 0.0114
[1m4/8[0m [32m━━━━━━━━━━[0m[37m━━━━━━━━━━[0m [1m0s[0m 107ms/step - loss: 0.0108
[1m5/8[0m [32m━━━━━━━━━━━━[0m[37m━━━━━━━━[0m [1m0s[0m 109ms/step - loss: 0.0102
[1m7/8[0m [32m━━━━━━━━━━━━━━━━━[0m[37m━━━[0m [1m0s[0m 83ms/step - loss: 0.0092 
[1m8/8[0m [32m━━━━━━━━━━━━━━━━━━━━[0m[37m[0m [1m3s[0m 81ms/step - loss: 0.0060
Epoch 2/200

[1m1/8[0m [32m━━[0m[37m━━━━━━━━━━━━━━━━━━[0m [1m5s[0m 726ms/step - loss: 9.3234e-04
[1m3/8[0m [32m━━━━━━━[0m[37m━━━━━━━━━━━━━[0m [1m0s[0m 31ms/step - loss: 7.4297e-04 
[1m5/8[0m [32m━━━━━━━━━━━━[0m[37m━━━━━━━━[0m [1m0s[0m 36ms/step - loss: 6.6065e-04
[1m6/8[0m [32m━━━━━━━━━━━━━━━[0m[37m━━━━━[0m [1m0s[0m 39ms/step - loss: 6.5172e-04
[1m8/8[0m [32m━━━━━━━━━━━━━━━━━━━━[0m[37m[0m [1m0s[0m 38ms/step - loss: 6.5941e-04
[1m8/8[0m [32m━━━━━━━━━━━━━━━━━━━━[0m[37m[0m [1m1s[0m 45ms/step - loss: 6.7835e-04
Epoch 3/200

[1m1/8[0m [32m━━[0m[37m━━━━━━━━━━━━━━━━━━[0m [1m0s[0m 97ms/step - loss: 0.0012
[1m3/8[0m [32m━━━━━━━[0m[37m━━━━━━━━━━━━━[0m [1m0s[0m 34ms/step - loss: 0.0011
[1m5/8[0m [32m━━━━━━━━━━━━[0m[37m━━━━━━━━[0m [1m0s[0m 39ms/step - loss: 0.0011
[1m6/8[0m [32m━━━━━━━━━━━━━━━[0m[37m━━━━━[0m [1m0s[0m 47ms/step - loss: 0.0011
[1m8/8[0m [32m━━━━━━━━━━━━━━━━━━━━[0m[37m[0m [1m0s[0m 45ms/step - loss: 0.0011
[1m8/8[0m [32m━━━━━━━━━━━━━━━━━━━━[0m[37m[0m [1m0s[0m 55ms/step - loss: 0.0010
Epoch 4/200

[1m1/8[0m [32m━━[0m[37m━━━━━━━━━━━━━━━━━━[0m [1m0s[0m 88ms/step - loss: 7.3136e-04
[1m3/8[0m [32m━━━━━━━[0m[37m━━━━━━━━━━━━━[0m [1m0s[0m 43ms/step - loss: 6.8871e-04
[1m5/8[0m [32m━━━━━━━━━━━━[0m[37m━━━━━━━━[0m [1m0s[0m 40ms/step - loss: 6.4989e-04
[1m8/8[0m [32m━━━━━━━━━━━━━━━━━━━━[0m[37m[0m [1m0s[0m 32ms/step - loss: 6.0504e-04
[1m8/8[0m [32m━━━━━━━━━━━━━━━━━━━━[0m[37m[0m [1m0s[0m 36ms/step - loss: 5.2565e-04
Epoch 5/200

[1m1/8[0m [32m━━[0m[37m━━━━━━━━━━━━━━━━━━[0m [1m0s[0m 69ms/step - loss: 6.0263e-04
[1m3/8[0m [32m━━━━━━━[0m[37m━━━━━━━━━━━━━[0m [1m0s[0m 39ms/step - loss: 5.6575e-04
[1m5/8[0m [32m━━━━━━━━━━━━[0m[37m━━━━━━━━[0m [1m0s[0m 39ms/step - loss: 5.5014e-04
[1m7/8[0m [32m━━━━━━━━━━━━━━━━━[0m[37m━━━[0m [1m0s[0m 40ms/step - loss: 5.4057e-04
[1m8/8[0m [32m━━━━━━━━━━━━━━━━━━━━[0m[37m[0m [1m0s[0m 43ms/step - loss: 5.3707e-04
[1m8/8[0m [32m━━━━━━━━━━━━━━━━━━━━[0m[37m[0m [1m0s[0m 49ms/step - loss: 5.1253e-04
Epoch 6/200

[1m1/8[0m [32m━━[0m[37m━━━━━━━━━━━━━━━━━━[0m [1m0s[0m 85ms/step - loss: 3.5410e-04
[1m3/8[0m [32m━━━━━━━[0m[37m━━━━━━━━━━━━━[0m [1m0s[0m 47ms/step - loss: 4.1133e-04
[1m4/8[0m [32m━━━━━━━━━━[0m[37m━━━━━━━━━━[0m [1m0s[0m 53ms/step - loss: 4.2462e-04
[1m5/8[0m [32m━━━━━━━━━━━━[0m[37m━━━━━━━━[0m [1m0s[0m 53ms/step - loss: 4.3899e-04
[1m6/8[0m [32m━━━━━━━━━━━━━━━[0m[37m━━━━━[0m [1m0s[0m 54ms/step - loss: 4.4070e-04
[1m7/8[0m [32m━━━━━━━━━━━━━━━━━[0m[37m━━━[0m [1m0s[0m 55ms/step - loss: 4.4346e-04
[1m8/8[0m [32m━━━━━━━━━━━━━━━━━━━━[0m[37m[0m [1m0s[0m 56ms/step - loss: 4.4501e-04
Epoch 7/200

[1m1/8[0m [32m━━[0m[37m━━━━━━━━━━━━━━━━━━[0m [1m0s[0m 90ms/step - loss: 4.0856e-04
[1m2/8[0m [32m━━━━━[0m[37m━━━━━━━━━━━━━━━[0m [1m0s[0m 54ms/step - loss: 3.8323e-04
[1m3/8[0m [32m━━━━━━━[0m[37m━━━━━━━━━━━━━[0m [1m0s[0m 56ms/step - loss: 3.9951e-04
[1m5/8[0m [32m━━━━━━━━━━━━[0m[37m━━━━━━━━[0m [1m0s[0m 53ms/step - loss: 4.0831e-04
[1m7/8[0m [32m━━━━━━━━━━━━━━━━━[0m[37m━━━[0m [1m0s[0m 51ms/step - loss: 4.2445e-04
[1m8/8[0m [32m━━━━━━━━━━━━━━━━━━━━[0m[37m[0m [1m0s[0m 53ms/step - loss: 4.4585e-04
Epoch 8/200

[1m1/8[0m [32m━━[0m[37m━━━━━━━━━━━━━━━━━━[0m [1m0s[0m 90ms/step - loss: 5.0435e-04
[1m2/8[0m [32m━━━━━[0m[37m━━━━━━━━━━━━━━━[0m [1m0s[0m 52ms/step - loss: 4.6864e-04
[1m4/8[0m [32m━━━━━━━━━━[0m[37m━━━━━━━━━━[0m [1m0s[0m 48ms/step - loss: 4.1956e-04
[1m5/8[0m [32m━━━━━━━━━━━━[0m[37m━━━━━━━━[0m [1m0s[0m 53ms/step - loss: 4.0298e-04
[1m7/8[0m [32m━━━━━━━━━━━━━━━━━[0m[37m━━━[0m [1m0s[0m 51ms/step - loss: 3.8811e-04
[1m8/8[0m [32m━━━━━━━━━━━━━━━━━━━━[0m[37m[0m [1m0s[0m 56ms/step - loss: 3.5495e-04
Epoch 9/200

[1m1/8[0m [32m━━[0m[37m━━━━━━━━━━━━━━━━━━[0m [1m0s[0m 101ms/step - loss: 3.1655e-04
[1m2/8[0m [32m━━━━━[0m[37m━━━━━━━━━━━━━━━[0m [1m0s[0m 60ms/step - loss: 3.5263e-04 
[1m3/8[0m [32m━━━━━━━[0m[37m━━━━━━━━━━━━━[0m [1m0s[0m 57ms/step - loss: 3.5640e-04
[1m5/8[0m [32m━━━━━━━━━━━━[0m[37m━━━━━━━━[0m [1m0s[0m 50ms/step - loss: 3.6376e-04
[1m7/8[0m [32m━━━━━━━━━━━━━━━━━[0m[37m━━━[0m [1m0s[0m 46ms/step - loss: 3.7055e-04
[1m8/8[0m [32m━━━━━━━━━━━━━━━━━━━━[0m[37m[0m [1m0s[0m 51ms/step - loss: 3.8082e-04
Epoch 10/200

[1m1/8[0m [32m━━[0m[37m━━━━━━━━━━━━━━━━━━[0m [1m0s[0m 93ms/step - loss: 2.7478e-04
[1m3/8[0m [32m━━━━━━━[0m[37m━━━━━━━━━━━━━[0m [1m0s[0m 40ms/step - loss: 3.3325e-04
[1m5/8[0m [32m━━━━━━━━━━━━[0m[37m━━━━━━━━[0m [1m0s[0m 37ms/step - loss: 3.3585e-04
[1m7/8[0m [32m━━━━━━━━━━━━━━━━━[0m[37m━━━[0m [1m0s[0m 35ms/step - loss: 3.3565e-04
[1m8/8[0m [32m━━━━━━━━━━━━━━━━━━━━[0m[37m[0m [1m0s[0m 38ms/step - loss: 3.4769e-04
Epoch 11/200

[1m1/8[0m [32m━━[0m[37m━━━━━━━━━━━━━━━━━━[0m [1m0s[0m 131ms/step - loss: 4.4724e-04
[1m3/8[0m [32m━━━━━━━[0m[37m━━━━━━━━━━━━━[0m [1m0s[0m 33ms/step - loss: 3.4938e-04 
[1m5/8[0m [32m━━━━━━━━━━━━[0m[37m━━━━━━━━[0m [1m0s[0m 47ms/step - loss: 3.3633e-04
[1m6/8[0m [32m━━━━━━━━━━━━━━━[0m[37m━━━━━[0m [1m0s[0m 47ms/step - loss: 3.3200e-04
[1m7/8[0m [32m━━━━━━━━━━━━━━━━━[0m[37m━━━[0m [1m0s[0m 49ms/step - loss: 3.2658e-04
[1m8/8[0m [32m━━━━━━━━━━━━━━━━━━━━[0m[37m[0m [1m1s[0m 54ms/step - loss: 3.0009e-04
Epoch 12/200

[1m1/8[0m [32m━━[0m[37m━━━━━━━━━━━━━━━━━━[0m [1m0s[0m 95ms/step - loss: 3.1468e-04
[1m2/8[0m [32m━━━━━[0m[37m━━━━━━━━━━━━━━━[0m [1m0s[0m 53ms/step - loss: 2.7911e-04
[1m4/8[0m [32m━━━━━━━━━━[0m[37m━━━━━━━━━━[0m [1m0s[0m 43ms/step - loss: 2.7930e-04
[1m6/8[0m [32m━━━━━━━━━━━━━━━[0m[37m━━━━━[0m [1m0s[0m 40ms/step - loss: 3.0093e-04
[1m8/8[0m [32m━━━━━━━━━━━━━━━━━━━━[0m[37m[0m [1m0s[0m 37ms/step - loss: 3.1615e-04
[1m8/8[0m [32m━━━━━━━━━━━━━━━━━━━━[0m[37m[0m [1m0s[0m 46ms/step - loss: 3.6084e-04
Epoch 13/200

[1m1/8[0m [32m━━[0m[37m━━━━━━━━━━━━━━━━━━[0m [1m0s[0m 62ms/step - loss: 4.2451e-04
[1m3/8[0m [32m━━━━━━━[0m[37m━━━━━━━━━━━━━[0m [1m0s[0m 39ms/step - loss: 4.1904e-04
[1m5/8[0m [32m━━━━━━━━━━━━[0m[37m━━━━━━━━[0m [1m0s[0m 40ms/step - loss: 4.1317e-04
[1m8/8[0m [32m━━━━━━━━━━━━━━━━━━━━[0m[37m[0m [1m0s[0m 32ms/step - loss: 3.9636e-04
[1m8/8[0m [32m━━━━━━━━━━━━━━━━━━━━[0m[37m[0m [1m0s[0m 35ms/step - loss: 3.5733e-04
Epoch 14/200

[1m1/8[0m [32m━━[0m[37m━━━━━━━━━━━━━━━━━━[0m [1m0s[0m 59ms/step - loss: 2.4469e-04
[1m3/8[0m [32m━━━━━━━[0m[37m━━━━━━━━━━━━━[0m [1m0s[0m 31ms/step - loss: 2.4377e-04
[1m5/8[0m [32m━━━━━━━━━━━━[0m[37m━━━━━━━━[0m [1m0s[0m 31ms/step - loss: 2.6749e-04
[1m7/8[0m [32m━━━━━━━━━━━━━━━━━[0m[37m━━━[0m [1m0s[0m 35ms/step - loss: 2.7393e-04
[1m8/8[0m [32m━━━━━━━━━━━━━━━━━━━━[0m[37m[0m [1m0s[0m 43ms/step - loss: 2.8480e-04
Epoch 15/200

[1m1/8[0m [32m━━[0m[37m━━━━━━━━━━━━━━━━━━[0m [1m0s[0m 74ms/step - loss: 3.0414e-04
[1m3/8[0m [32m━━━━━━━[0m[37m━━━━━━━━━━━━━[0m [1m0s[0m 46ms/step - loss: 2.8236e-04
[1m5/8[0m [32m━━━━━━━━━━━━[0m[37m━━━━━━━━[0m [1m0s[0m 40ms/step - loss: 2.8144e-04
[1m7/8[0m [32m━━━━━━━━━━━━━━━━━[0m[37m━━━[0m [1m0s[0m 37ms/step - loss: 2.7900e-04
[1m8/8[0m [32m━━━━━━━━━━━━━━━━━━━━[0m[37m[0m [1m0s[0m 38ms/step - loss: 2.8711e-04
Epoch 16/200

[1m1/8[0m [32m━━[0m[37m━━━━━━━━━━━━━━━━━━[0m [1m2s[0m 367ms/step - loss: 3.5663e-04
[1m3/8[0m [32m━━━━━━━[0m[37m━━━━━━━━━━━━━[0m [1m0s[0m 38ms/step - loss: 2.8051e-04 
[1m5/8[0m [32m━━━━━━━━━━━━[0m[37m━━━━━━━━[0m [1m0s[0m 38ms/step - loss: 2.6220e-04
[1m7/8[0m [32m━━━━━━━━━━━━━━━━━[0m[37m━━━[0m [1m0s[0m 39ms/step - loss: 2.6659e-04
[1m8/8[0m [32m━━━━━━━━━━━━━━━━━━━━[0m[37m[0m [1m1s[0m 44ms/step - loss: 2.8162e-04
Epoch 17/200

[1m1/8[0m [32m━━[0m[37m━━━━━━━━━━━━━━━━━━[0m [1m0s[0m 80ms/step - loss: 3.5590e-04
[1m3/8[0m [32m━━━━━━━[0m[37m━━━━━━━━━━━━━[0m [1m0s[0m 43ms/step - loss: 3.4439e-04
[1m4/8[0m [32m━━━━━━━━━━[0m[37m━━━━━━━━━━[0m [1m0s[0m 55ms/step - loss: 3.4547e-04
[1m6/8[0m [32m━━━━━━━━━━━━━━━[0m[37m━━━━━[0m [1m0s[0m 44ms/step - loss: 3.3837e-04
[1m8/8[0m [32m━━━━━━━━━━━━━━━━━━━━[0m[37m[0m [1m0s[0m 44ms/step - loss: 2.9534e-04
Epoch 18/200

[1m1/8[0m [32m━━[0m[37m━━━━━━━━━━━━━━━━━━[0m [1m2s[0m 322ms/step - loss: 1.5631e-04
[1m3/8[0m [32m━━━━━━━[0m[37m━━━━━━━━━━━━━[0m [1m0s[0m 30ms/step - loss: 2.1968e-04 
[1m5/8[0m [32m━━━━━━━━━━━━[0m[37m━━━━━━━━[0m [1m0s[0m 37ms/step - loss: 2.3280e-04
[1m7/8[0m [32m━━━━━━━━━━━━━━━━━[0m[37m━━━[0m [1m0s[0m 36ms/step - loss: 2.4677e-04
[1m8/8[0m [32m━━━━━━━━━━━━━━━━━━━━[0m[37m[0m [1m1s[0m 41ms/step - loss: 2.7805e-04
Epoch 19/200

[1m1/8[0m [32m━━[0m[37m━━━━━━━━━━━━━━━━━━[0m [1m0s[0m 96ms/step - loss: 1.4871e-04
[1m3/8[0m [32m━━━━━━━[0m[37m━━━━━━━━━━━━━[0m [1m0s[0m 37ms/step - loss: 2.0814e-04
[1m6/8[0m [32m━━━━━━━━━━━━━━━[0m[37m━━━━━[0m [1m0s[0m 31ms/step - loss: 2.4070e-04
[1m8/8[0m [32m━━━━━━━━━━━━━━━━━━━━[0m[37m[0m [1m0s[0m 33ms/step - loss: 2.5070e-04
[1m8/8[0m [32m━━━━━━━━━━━━━━━━━━━━[0m[37m[0m [1m0s[0m 41ms/step - loss: 2.7983e-04
Epoch 20/200

[1m1/8[0m [32m━━[0m[37m━━━━━━━━━━━━━━━━━━[0m [1m0s[0m 93ms/step - loss: 2.5534e-04
[1m3/8[0m [32m━━━━━━━[0m[37m━━━━━━━━━━━━━[0m [1m0s[0m 31ms/step - loss: 2.6031e-04
[1m5/8[0m [32m━━━━━━━━━━━━[0m[37m━━━━━━━━[0m [1m0s[0m 38ms/step - loss: 2.6015e-04
[1m7/8[0m [32m━━━━━━━━━━━━━━━━━[0m[37m━━━[0m [1m0s[0m 40ms/step - loss: 2.6065e-04
[1m8/8[0m [32m━━━━━━━━━━━━━━━━━━━━[0m[37m[0m [1m0s[0m 42ms/step - loss: 2.6004e-04
[1m8/8[0m [32m━━━━━━━━━━━━━━━━━━━━[0m[37m[0m [1m0s[0m 46ms/step - loss: 2.5582e-04
Epoch 21/200

[1m1/8[0m [32m━━[0m[37m━━━━━━━━━━━━━━━━━━[0m [1m0s[0m 103ms/step - loss: 3.2612e-04
[1m2/8[0m [32m━━━━━[0m[37m━━━━━━━━━━━━━━━[0m [1m0s[0m 74ms/step - loss: 3.2010e-04 
[1m3/8[0m [32m━━━━━━━[0m[37m━━━━━━━━━━━━━[0m [1m0s[0m 67ms/step - loss: 3.2456e-04
[1m4/8[0m [32m━━━━━━━━━━[0m[37m━━━━━━━━━━[0m [1m0s[0m 66ms/step - loss: 3.1220e-04
[1m5/8[0m [32m━━━━━━━━━━━━[0m[37m━━━━━━━━[0m [1m0s[0m 62ms/step - loss: 3.0019e-04
[1m7/8[0m [32m━━━━━━━━━━━━━━━━━[0m[37m━━━[0m [1m0s[0m 54ms/step - loss: 2.8748e-04
[1m8/8[0m [32m━━━━━━━━━━━━━━━━━━━━[0m[37m[0m [1m0s[0m 53ms/step - loss: 2.5679e-04
Epoch 22/200

[1m1/8[0m [32m━━[0m[37m━━━━━━━━━━━━━━━━━━[0m [1m0s[0m 69ms/step - loss: 2.2898e-04
[1m3/8[0m [32m━━━━━━━[0m[37m━━━━━━━━━━━━━[0m [1m0s[0m 43ms/step - loss: 2.3656e-04
[1m5/8[0m [32m━━━━━━━━━━━━[0m[37m━━━━━━━━[0m [1m0s[0m 43ms/step - loss: 2.5303e-04
[1m7/8[0m [32m━━━━━━━━━━━━━━━━━[0m[37m━━━[0m [1m0s[0m 41ms/step - loss: 2.5429e-04
[1m8/8[0m [32m━━━━━━━━━━━━━━━━━━━━[0m[37m[0m [1m0s[0m 43ms/step - loss: 2.5474e-04
[1m8/8[0m [32m━━━━━━━━━━━━━━━━━━━━[0m[37m[0m [1m0s[0m 58ms/step - loss: 2.5791e-04
Epoch 23/200

[1m1/8[0m [32m━━[0m[37m━━━━━━━━━━━━━━━━━━[0m [1m0s[0m 126ms/step - loss: 2.2632e-04
[1m3/8[0m [32m━━━━━━━[0m[37m━━━━━━━━━━━━━[0m [1m0s[0m 37ms/step - loss: 2.1133e-04 
[1m4/8[0m [32m━━━━━━━━━━[0m[37m━━━━━━━━━━[0m [1m0s[0m 45ms/step - loss: 2.1827e-04
[1m6/8[0m [32m━━━━━━━━━━━━━━━[0m[37m━━━━━[0m [1m0s[0m 44ms/step - loss: 2.3490e-04
[1m8/8[0m [32m━━━━━━━━━━━━━━━━━━━━[0m[37m[0m [1m0s[0m 43ms/step - loss: 2.4055e-04
[1m8/8[0m [32m━━━━━━━━━━━━━━━━━━━━[0m[37m[0m [1m1s[0m 56ms/step - loss: 2.5719e-04
Epoch 24/200

[1m1/8[0m [32m━━[0m[37m━━━━━━━━━━━━━━━━━━[0m [1m0s[0m 121ms/step - loss: 2.3292e-04
[1m3/8[0m [32m━━━━━━━[0m[37m━━━━━━━━━━━━━[0m [1m0s[0m 36ms/step - loss: 2.1754e-04 
[1m4/8[0m [32m━━━━━━━━━━[0m[37m━━━━━━━━━━[0m [1m0s[0m 47ms/step - loss: 2.1969e-04
[1m6/8[0m [32m━━━━━━━━━━━━━━━[0m[37m━━━━━[0m [1m0s[0m 44ms/step - loss: 2.3106e-04
[1m8/8[0m [32m━━━━━━━━━━━━━━━━━━━━[0m[37m[0m [1m0s[0m 45ms/step - loss: 2.3593e-04
[1m8/8[0m [32m━━━━━━━━━━━━━━━━━━━━[0m[37m[0m [1m0s[0m 53ms/step - loss: 2.4800e-04
Epoch 25/200

[1m1/8[0m [32m━━[0m[37m━━━━━━━━━━━━━━━━━━[0m [1m0s[0m 116ms/step - loss: 2.2543e-04
[1m2/8[0m [32m━━━━━[0m[37m━━━━━━━━━━━━━━━[0m [1m0s[0m 64ms/step - loss: 2.1099e-04 
[1m3/8[0m [32m━━━━━━━[0m[37m━━━━━━━━━━━━━[0m [1m0s[0m 64ms/step - loss: 2.1713e-04
[1m4/8[0m [32m━━━━━━━━━━[0m[37m━━━━━━━━━━[0m [1m0s[0m 60ms/step - loss: 2.1864e-04
[1m5/8[0m [32m━━━━━━━━━━━━[0m[37m━━━━━━━━[0m [1m0s[0m 81ms/step - loss: 2.1662e-04
[1m7/8[0m [32m━━━━━━━━━━━━━━━━━[0m[37m━━━[0m [1m0s[0m 67ms/step - loss: 2.1459e-04
[1m8/8[0m [32m━━━━━━━━━━━━━━━━━━━━[0m[37m[0m [1m1s[0m 66ms/step - loss: 2.1668e-04
Epoch 26/200

[1m1/8[0m [32m━━[0m[37m━━━━━━━━━━━━━━━━━━[0m [1m0s[0m 82ms/step - loss: 4.4514e-04
[1m2/8[0m [32m━━━━━[0m[37m━━━━━━━━━━━━━━━[0m [1m0s[0m 66ms/step - loss: 3.7799e-04
[1m3/8[0m [32m━━━━━━━[0m[37m━━━━━━━━━━━━━[0m [1m0s[0m 62ms/step - loss: 3.4407e-04
[1m5/8[0m [32m━━━━━━━━━━━━[0m[37m━━━━━━━━[0m [1m0s[0m 54ms/step - loss: 2.9802e-04
[1m6/8[0m [32m━━━━━━━━━━━━━━━[0m[37m━━━━━[0m [1m0s[0m 54ms/step - loss: 2.8364e-04
[1m8/8[0m [32m━━━━━━━━━━━━━━━━━━━━[0m[37m[0m [1m0s[0m 46ms/step - loss: 2.7012e-04
[1m8/8[0m [32m━━━━━━━━━━━━━━━━━━━━[0m[37m[0m [1m0s[0m 53ms/step - loss: 2.2526e-04
Epoch 27/200

[1m1/8[0m [32m━━[0m[37m━━━━━━━━━━━━━━━━━━[0m [1m0s[0m 92ms/step - loss: 3.0305e-04
[1m4/8[0m [32m━━━━━━━━━━[0m[37m━━━━━━━━━━[0m [1m0s[0m 24ms/step - loss: 2.9867e-04
[1m6/8[0m [32m━━━━━━━━━━━━━━━[0m[37m━━━━━[0m [1m0s[0m 34ms/step - loss: 2.8611e-04
[1m8/8[0m [32m━━━━━━━━━━━━━━━━━━━━[0m[37m[0m [1m0s[0m 38ms/step - loss: 2.7384e-04
[1m8/8[0m [32m━━━━━━━━━━━━━━━━━━━━[0m[37m[0m [1m0s[0m 45ms/step - loss: 2.3523e-04
Epoch 28/200

[1m1/8[0m [32m━━[0m[37m━━━━━━━━━━━━━━━━━━[0m [1m0s[0m 101ms/step - loss: 1.9944e-04
[1m3/8[0m [32m━━━━━━━[0m[37m━━━━━━━━━━━━━[0m [1m0s[0m 58ms/step - loss: 1.7500e-04 
[1m5/8[0m [32m━━━━━━━━━━━━[0m[37m━━━━━━━━[0m [1m0s[0m 56ms/step - loss: 1.7786e-04
[1m6/8[0m [32m━━━━━━━━━━━━━━━[0m[37m━━━━━[0m [1m0s[0m 58ms/step - loss: 1.7955e-04
[1m7/8[0m [32m━━━━━━━━━━━━━━━━━[0m[37m━━━[0m [1m0s[0m 58ms/step - loss: 1.8101e-04
[1m8/8[0m [32m━━━━━━━━━━━━━━━━━━━━[0m[37m[0m [1m1s[0m 62ms/step - loss: 2.0413e-04
Epoch 29/200

[1m1/8[0m [32m━━[0m[37m━━━━━━━━━━━━━━━━━━[0m [1m0s[0m 139ms/step - loss: 1.5912e-04
[1m2/8[0m [32m━━━━━[0m[37m━━━━━━━━━━━━━━━[0m [1m0s[0m 81ms/step - loss: 2.2047e-04 
[1m3/8[0m [32m━━━━━━━[0m[37m━━━━━━━━━━━━━[0m [1m0s[0m 88ms/step - loss: 2.2996e-04
[1m4/8[0m [32m━━━━━━━━━━[0m[37m━━━━━━━━━━[0m [1m0s[0m 86ms/step - loss: 2.3079e-04
[1m6/8[0m [32m━━━━━━━━━━━━━━━[0m[37m━━━━━[0m [1m0s[0m 75ms/step - loss: 2.2686e-04
[1m7/8[0m [32m━━━━━━━━━━━━━━━━━[0m[37m━━━[0m [1m0s[0m 71ms/step - loss: 2.2848e-04
[1m8/8[0m [32m━━━━━━━━━━━━━━━━━━━━[0m[37m[0m [1m1s[0m 75ms/step - loss: 2.2899e-04
Epoch 30/200

[1m1/8[0m [32m━━[0m[37m━━━━━━━━━━━━━━━━━━[0m [1m0s[0m 91ms/step - loss: 7.1241e-05
[1m2/8[0m [32m━━━━━[0m[37m━━━━━━━━━━━━━━━[0m [1m0s[0m 50ms/step - loss: 1.0378e-04
[1m4/8[0m [32m━━━━━━━━━━[0m[37m━━━━━━━━━━[0m [1m0s[0m 49ms/step - loss: 1.1704e-04
[1m5/8[0m [32m━━━━━━━━━━━━[0m[37m━━━━━━━━[0m [1m0s[0m 49ms/step - loss: 1.3795e-04
[1m7/8[0m [32m━━━━━━━━━━━━━━━━━[0m[37m━━━[0m [1m0s[0m 50ms/step - loss: 1.5712e-04
[1m8/8[0m [32m━━━━━━━━━━━━━━━━━━━━[0m[37m[0m [1m0s[0m 52ms/step - loss: 2.0125e-04
Epoch 31/200

[1m1/8[0m [32m━━[0m[37m━━━━━━━━━━━━━━━━━━[0m [1m0s[0m 73ms/step - loss: 2.4073e-04
[1m3/8[0m [32m━━━━━━━[0m[37m━━━━━━━━━━━━━[0m [1m0s[0m 27ms/step - loss: 2.2370e-04
[1m5/8[0m [32m━━━━━━━━━━━━[0m[37m━━━━━━━━[0m [1m0s[0m 34ms/step - loss: 2.2843e-04
[1m6/8[0m [32m━━━━━━━━━━━━━━━[0m[37m━━━━━[0m [1m0s[0m 37ms/step - loss: 2.2670e-04
[1m7/8[0m [32m━━━━━━━━━━━━━━━━━[0m[37m━━━[0m [1m0s[0m 40ms/step - loss: 2.2244e-04
[1m8/8[0m [32m━━━━━━━━━━━━━━━━━━━━[0m[37m[0m [1m0s[0m 49ms/step - loss: 2.1208e-04
Epoch 32/200

[1m1/8[0m [32m━━[0m[37m━━━━━━━━━━━━━━━━━━[0m [1m0s[0m 136ms/step - loss: 1.3890e-04
[1m3/8[0m [32m━━━━━━━[0m[37m━━━━━━━━━━━━━[0m [1m0s[0m 46ms/step - loss: 1.3361e-04 
[1m5/8[0m [32m━━━━━━━━━━━━[0m[37m━━━━━━━━[0m [1m0s[0m 37ms/step - loss: 1.4455e-04
[1m7/8[0m [32m━━━━━━━━━━━━━━━━━[0m[37m━━━[0m [1m0s[0m 49ms/step - loss: 1.5400e-04
[1m8/8[0m [32m━━━━━━━━━━━━━━━━━━━━[0m[37m[0m [1m1s[0m 59ms/step - loss: 1.9131e-04
Epoch 33/200

[1m1/8[0m [32m━━[0m[37m━━━━━━━━━━━━━━━━━━[0m [1m1s[0m 214ms/step - loss: 9.1623e-05
[1m3/8[0m [32m━━━━━━━[0m[37m━━━━━━━━━━━━━[0m [1m0s[0m 28ms/step - loss: 1.7178e-04 
[1m4/8[0m [32m━━━━━━━━━━[0m[37m━━━━━━━━━━[0m [1m0s[0m 36ms/step - loss: 1.9587e-04
[1m6/8[0m [32m━━━━━━━━━━━━━━━[0m[37m━━━━━[0m [1m0s[0m 41ms/step - loss: 2.1188e-04
[1m7/8[0m [32m━━━━━━━━━━━━━━━━━[0m[37m━━━[0m [1m0s[0m 43ms/step - loss: 2.1221e-04
[1m8/8[0m [32m━━━━━━━━━━━━━━━━━━━━[0m[37m[0m [1m1s[0m 51ms/step - loss: 2.2918e-04
Epoch 34/200

[1m1/8[0m [32m━━[0m[37m━━━━━━━━━━━━━━━━━━[0m [1m0s[0m 97ms/step - loss: 1.1965e-04
[1m3/8[0m [32m━━━━━━━[0m[37m━━━━━━━━━━━━━[0m [1m0s[0m 41ms/step - loss: 1.2825e-04
[1m4/8[0m [32m━━━━━━━━━━[0m[37m━━━━━━━━━━[0m [1m0s[0m 47ms/step - loss: 1.2534e-04
[1m5/8[0m [32m━━━━━━━━━━━━[0m[37m━━━━━━━━[0m [1m0s[0m 50ms/step - loss: 1.2752e-04
[1m6/8[0m [32m━━━━━━━━━━━━━━━[0m[37m━━━━━[0m [1m0s[0m 52ms/step - loss: 1.2899e-04
[1m7/8[0m [32m━━━━━━━━━━━━━━━━━[0m[37m━━━[0m [1m0s[0m 53ms/step - loss: 1.3988e-04
[1m8/8[0m [32m━━━━━━━━━━━━━━━━━━━━[0m[37m[0m [1m1s[0m 58ms/step - loss: 2.1478e-04
Epoch 35/200

[1m1/8[0m [32m━━[0m[37m━━━━━━━━━━━━━━━━━━[0m [1m0s[0m 135ms/step - loss: 3.8687e-04
[1m2/8[0m [32m━━━━━[0m[37m━━━━━━━━━━━━━━━[0m [1m0s[0m 52ms/step - loss: 3.3871e-04 
[1m4/8[0m [32m━━━━━━━━━━[0m[37m━━━━━━━━━━[0m [1m0s[0m 42ms/step - loss: 2.7935e-04
[1m6/8[0m [32m━━━━━━━━━━━━━━━[0m[37m━━━━━[0m [1m0s[0m 41ms/step - loss: 2.5085e-04
[1m7/8[0m [32m━━━━━━━━━━━━━━━━━[0m[37m━━━[0m [1m0s[0m 46ms/step - loss: 2.4466e-04
[1m8/8[0m [32m━━━━━━━━━━━━━━━━━━━━[0m[37m[0m [1m0s[0m 48ms/step - loss: 2.0132e-04
Epoch 36/200

[1m1/8[0m [32m━━[0m[37m━━━━━━━━━━━━━━━━━━[0m [1m0s[0m 95ms/step - loss: 2.5597e-04
[1m3/8[0m [32m━━━━━━━[0m[37m━━━━━━━━━━━━━[0m [1m0s[0m 40ms/step - loss: 2.1270e-04
[1m5/8[0m [32m━━━━━━━━━━━━[0m[37m━━━━━━━━[0m [1m0s[0m 41ms/step - loss: 2.1388e-04
[1m7/8[0m [32m━━━━━━━━━━━━━━━━━[0m[37m━━━[0m [1m0s[0m 42ms/step - loss: 2.1638e-04
[1m8/8[0m [32m━━━━━━━━━━━━━━━━━━━━[0m[37m[0m [1m0s[0m 48ms/step - loss: 2.1279e-04
Epoch 37/200

[1m1/8[0m [32m━━[0m[37m━━━━━━━━━━━━━━━━━━[0m [1m0s[0m 87ms/step - loss: 1.9809e-04
[1m4/8[0m [32m━━━━━━━━━━[0m[37m━━━━━━━━━━[0m [1m0s[0m 24ms/step - loss: 2.1377e-04
[1m6/8[0m [32m━━━━━━━━━━━━━━━[0m[37m━━━━━[0m [1m0s[0m 27ms/step - loss: 2.0976e-04
[1m7/8[0m [32m━━━━━━━━━━━━━━━━━[0m[37m━━━[0m [1m0s[0m 32ms/step - loss: 2.0942e-04
[1m8/8[0m [32m━━━━━━━━━━━━━━━━━━━━[0m[37m[0m [1m0s[0m 37ms/step - loss: 2.0335e-04
Epoch 38/200

[1m1/8[0m [32m━━[0m[37m━━━━━━━━━━━━━━━━━━[0m [1m0s[0m 83ms/step - loss: 1.4225e-04
[1m3/8[0m [32m━━━━━━━[0m[37m━━━━━━━━━━━━━[0m [1m0s[0m 47ms/step - loss: 1.4271e-04
[1m5/8[0m [32m━━━━━━━━━━━━[0m[37m━━━━━━━━[0m [1m0s[0m 45ms/step - loss: 1.5237e-04
[1m7/8[0m [32m━━━━━━━━━━━━━━━━━[0m[37m━━━[0m [1m0s[0m 50ms/step - loss: 1.6226e-04
[1m8/8[0m [32m━━━━━━━━━━━━━━━━━━━━[0m[37m[0m [1m0s[0m 54ms/step - loss: 1.8985e-04
Epoch 39/200

[1m1/8[0m [32m━━[0m[37m━━━━━━━━━━━━━━━━━━[0m [1m0s[0m 92ms/step - loss: 8.1266e-05
[1m2/8[0m [32m━━━━━[0m[37m━━━━━━━━━━━━━━━[0m [1m0s[0m 67ms/step - loss: 8.4726e-05
[1m3/8[0m [32m━━━━━━━[0m[37m━━━━━━━━━━━━━[0m [1m0s[0m 61ms/step - loss: 9.2388e-05
[1m4/8[0m [32m━━━━━━━━━━[0m[37m━━━━━━━━━━[0m [1m0s[0m 63ms/step - loss: 1.0010e-04
[1m5/8[0m [32m━━━━━━━━━━━━[0m[37m━━━━━━━━[0m [1m0s[0m 61ms/step - loss: 1.1208e-04
[1m7/8[0m [32m━━━━━━━━━━━━━━━━━[0m[37m━━━[0m [1m0s[0m 56ms/step - loss: 1.3620e-04
[1m8/8[0m [32m━━━━━━━━━━━━━━━━━━━━[0m[37m[0m [1m1s[0m 61ms/step - loss: 2.0839e-04
Epoch 40/200

[1m1/8[0m [32m━━[0m[37m━━━━━━━━━━━━━━━━━━[0m [1m0s[0m 108ms/step - loss: 2.0013e-04
[1m2/8[0m [32m━━━━━[0m[37m━━━━━━━━━━━━━━━[0m [1m0s[0m 69ms/step - loss: 1.8714e-04 
[1m4/8[0m [32m━━━━━━━━━━[0m[37m━━━━━━━━━━[0m [1m0s[0m 53ms/step - loss: 1.9671e-04
[1m6/8[0m [32m━━━━━━━━━━━━━━━[0m[37m━━━━━[0m [1m0s[0m 48ms/step - loss: 1.9649e-04
[1m8/8[0m [32m━━━━━━━━━━━━━━━━━━━━[0m[37m[0m [1m0s[0m 45ms/step - loss: 1.9708e-04
[1m8/8[0m [32m━━━━━━━━━━━━━━━━━━━━[0m[37m[0m [1m0s[0m 50ms/step - loss: 1.9624e-04
Epoch 41/200

[1m1/8[0m [32m━━[0m[37m━━━━━━━━━━━━━━━━━━[0m [1m0s[0m 79ms/step - loss: 1.3670e-04
[1m3/8[0m [32m━━━━━━━[0m[37m━━━━━━━━━━━━━[0m [1m0s[0m 31ms/step - loss: 1.4227e-04
[1m5/8[0m [32m━━━━━━━━━━━━[0m[37m━━━━━━━━[0m [1m0s[0m 30ms/step - loss: 1.5810e-04
[1m7/8[0m [32m━━━━━━━━━━━━━━━━━[0m[37m━━━[0m [1m0s[0m 29ms/step - loss: 1.6163e-04
[1m8/8[0m [32m━━━━━━━━━━━━━━━━━━━━[0m[37m[0m [1m0s[0m 40ms/step - loss: 1.8484e-04
Epoch 42/200

[1m1/8[0m [32m━━[0m[37m━━━━━━━━━━━━━━━━━━[0m [1m0s[0m 84ms/step - loss: 9.1805e-05
[1m3/8[0m [32m━━━━━━━[0m[37m━━━━━━━━━━━━━[0m [1m0s[0m 41ms/step - loss: 1.4223e-04
[1m5/8[0m [32m━━━━━━━━━━━━[0m[37m━━━━━━━━[0m [1m0s[0m 39ms/step - loss: 1.7028e-04
[1m7/8[0m [32m━━━━━━━━━━━━━━━━━[0m[37m━━━[0m [1m0s[0m 38ms/step - loss: 1.7989e-04
[1m8/8[0m [32m━━━━━━━━━━━━━━━━━━━━[0m[37m[0m [1m0s[0m 47ms/step - loss: 2.0151e-04
Epoch 43/200

[1m1/8[0m [32m━━[0m[37m━━━━━━━━━━━━━━━━━━[0m [1m0s[0m 114ms/step - loss: 1.5344e-04
[1m3/8[0m [32m━━━━━━━[0m[37m━━━━━━━━━━━━━[0m [1m0s[0m 44ms/step - loss: 1.4887e-04 
[1m5/8[0m [32m━━━━━━━━━━━━[0m[37m━━━━━━━━[0m [1m0s[0m 41ms/step - loss: 1.4610e-04
[1m7/8[0m [32m━━━━━━━━━━━━━━━━━[0m[37m━━━[0m [1m0s[0m 38ms/step - loss: 1.5239e-04
[1m8/8[0m [32m━━━━━━━━━━━━━━━━━━━━[0m[37m[0m [1m0s[0m 47ms/step - loss: 1.8189e-04
Epoch 44/200

[1m1/8[0m [32m━━[0m[37m━━━━━━━━━━━━━━━━━━[0m [1m0s[0m 107ms/step - loss: 8.4281e-05
[1m3/8[0m [32m━━━━━━━[0m[37m━━━━━━━━━━━━━[0m [1m0s[0m 39ms/step - loss: 1.0559e-04 
[1m5/8[0m [32m━━━━━━━━━━━━[0m[37m━━━━━━━━[0m [1m0s[0m 35ms/step - loss: 1.4038e-04
[1m7/8[0m [32m━━━━━━━━━━━━━━━━━[0m[37m━━━[0m [1m0s[0m 36ms/step - loss: 1.5989e-04
[1m8/8[0m [32m━━━━━━━━━━━━━━━━━━━━[0m[37m[0m [1m0s[0m 42ms/step - loss: 2.0993e-04
Epoch 45/200

[1m1/8[0m [32m━━[0m[37m━━━━━━━━━━━━━━━━━━[0m [1m0s[0m 86ms/step - loss: 2.7376e-04
[1m3/8[0m [32m━━━━━━━[0m[37m━━━━━━━━━━━━━[0m [1m0s[0m 29ms/step - loss: 2.9242e-04
[1m6/8[0m [32m━━━━━━━━━━━━━━━[0m[37m━━━━━[0m [1m0s[0m 26ms/step - loss: 2.6705e-04
[1m8/8[0m [32m━━━━━━━━━━━━━━━━━━━━[0m[37m[0m [1m0s[0m 26ms/step - loss: 2.5181e-04
[1m8/8[0m [32m━━━━━━━━━━━━━━━━━━━━[0m[37m[0m [1m0s[0m 33ms/step - loss: 2.0200e-04
Epoch 46/200

[1m1/8[0m [32m━━[0m[37m━━━━━━━━━━━━━━━━━━[0m [1m1s[0m 148ms/step - loss: 1.7056e-04
[1m3/8[0m [32m━━━━━━━[0m[37m━━━━━━━━━━━━━[0m [1m0s[0m 33ms/step - loss: 1.7504e-04 
[1m5/8[0m [32m━━━━━━━━━━━━[0m[37m━━━━━━━━[0m [1m0s[0m 36ms/step - loss: 1.8348e-04
[1m7/8[0m [32m━━━━━━━━━━━━━━━━━[0m[37m━━━[0m [1m0s[0m 33ms/step - loss: 1.8608e-04
[1m8/8[0m [32m━━━━━━━━━━━━━━━━━━━━[0m[37m[0m [1m0s[0m 42ms/step - loss: 2.0390e-04
Epoch 47/200

[1m1/8[0m [32m━━[0m[37m━━━━━━━━━━━━━━━━━━[0m [1m2s[0m 300ms/step - loss: 1.5456e-04
[1m4/8[0m [32m━━━━━━━━━━[0m[37m━━━━━━━━━━[0m [1m0s[0m 28ms/step - loss: 2.1401e-04 
[1m6/8[0m [32m━━━━━━━━━━━━━━━[0m[37m━━━━━[0m [1m0s[0m 32ms/step - loss: 2.1195e-04
[1m8/8[0m [32m━━━━━━━━━━━━━━━━━━━━[0m[37m[0m [1m0s[0m 35ms/step - loss: 2.1093e-04
[1m8/8[0m [32m━━━━━━━━━━━━━━━━━━━━[0m[37m[0m [1m1s[0m 44ms/step - loss: 2.0653e-04
Epoch 48/200

[1m1/8[0m [32m━━[0m[37m━━━━━━━━━━━━━━━━━━[0m [1m0s[0m 78ms/step - loss: 1.5303e-04
[1m3/8[0m [32m━━━━━━━[0m[37m━━━━━━━━━━━━━[0m [1m0s[0m 38ms/step - loss: 2.0510e-04
[1m5/8[0m [32m━━━━━━━━━━━━[0m[37m━━━━━━━━[0m [1m0s[0m 37ms/step - loss: 1.9632e-04
[1m7/8[0m [32m━━━━━━━━━━━━━━━━━[0m[37m━━━[0m [1m0s[0m 33ms/step - loss: 1.9217e-04
[1m8/8[0m [32m━━━━━━━━━━━━━━━━━━━━[0m[37m[0m [1m0s[0m 37ms/step - loss: 2.1104e-04
Epoch 49/200

[1m1/8[0m [32m━━[0m[37m━━━━━━━━━━━━━━━━━━[0m [1m0s[0m 81ms/step - loss: 9.7937e-05
[1m3/8[0m [32m━━━━━━━[0m[37m━━━━━━━━━━━━━[0m [1m0s[0m 28ms/step - loss: 1.3401e-04
[1m5/8[0m [32m━━━━━━━━━━━━[0m[37m━━━━━━━━[0m [1m0s[0m 31ms/step - loss: 1.4884e-04
[1m7/8[0m [32m━━━━━━━━━━━━━━━━━[0m[37m━━━[0m [1m0s[0m 35ms/step - loss: 1.5974e-04
[1m8/8[0m [32m━━━━━━━━━━━━━━━━━━━━[0m[37m[0m [1m0s[0m 41ms/step - loss: 1.7681e-04
Epoch 50/200

[1m1/8[0m [32m━━[0m[37m━━━━━━━━━━━━━━━━━━[0m [1m0s[0m 88ms/step - loss: 2.1442e-04
[1m3/8[0m [32m━━━━━━━[0m[37m━━━━━━━━━━━━━[0m [1m0s[0m 39ms/step - loss: 1.9139e-04
[1m4/8[0m [32m━━━━━━━━━━[0m[37m━━━━━━━━━━[0m [1m0s[0m 43ms/step - loss: 1.8087e-04
[1m6/8[0m [32m━━━━━━━━━━━━━━━[0m[37m━━━━━[0m [1m0s[0m 42ms/step - loss: 1.6937e-04
[1m8/8[0m [32m━━━━━━━━━━━━━━━━━━━━[0m[37m[0m [1m0s[0m 42ms/step - loss: 1.6838e-04
[1m8/8[0m [32m━━━━━━━━━━━━━━━━━━━━[0m[37m[0m [1m0s[0m 48ms/step - loss: 1.6840e-04
Epoch 51/200

[1m1/8[0m [32m━━[0m[37m━━━━━━━━━━━━━━━━━━[0m [1m0s[0m 102ms/step - loss: 1.7053e-04
[1m3/8[0m [32m━━━━━━━[0m[37m━━━━━━━━━━━━━[0m [1m0s[0m 42ms/step - loss: 1.9548e-04 
[1m5/8[0m [32m━━━━━━━━━━━━[0m[37m━━━━━━━━[0m [1m0s[0m 34ms/step - loss: 2.0220e-04
[1m8/8[0m [32m━━━━━━━━━━━━━━━━━━━━[0m[37m[0m [1m0s[0m 29ms/step - loss: 1.9301e-04
[1m8/8[0m [32m━━━━━━━━━━━━━━━━━━━━[0m[37m[0m [1m0s[0m 32ms/step - loss: 1.7383e-04
Epoch 52/200

[1m1/8[0m [32m━━[0m[37m━━━━━━━━━━━━━━━━━━[0m [1m0s[0m 55ms/step - loss: 1.1040e-04
[1m3/8[0m [32m━━━━━━━[0m[37m━━━━━━━━━━━━━[0m [1m0s[0m 28ms/step - loss: 1.5369e-04
[1m6/8[0m [32m━━━━━━━━━━━━━━━[0m[37m━━━━━[0m [1m0s[0m 25ms/step - loss: 1.7693e-04
[1m8/8[0m [32m━━━━━━━━━━━━━━━━━━━━[0m[37m[0m [1m0s[0m 27ms/step - loss: 1.7532e-04
[1m8/8[0m [32m━━━━━━━━━━━━━━━━━━━━[0m[37m[0m [1m0s[0m 31ms/step - loss: 1.6793e-04
Epoch 53/200

[1m1/8[0m [32m━━[0m[37m━━━━━━━━━━━━━━━━━━[0m [1m0s[0m 59ms/step - loss: 9.5932e-05
[1m3/8[0m [32m━━━━━━━[0m[37m━━━━━━━━━━━━━[0m [1m0s[0m 49ms/step - loss: 1.2471e-04
[1m5/8[0m [32m━━━━━━━━━━━━[0m[37m━━━━━━━━[0m [1m0s[0m 39ms/step - loss: 1.4678e-04
[1m7/8[0m [32m━━━━━━━━━━━━━━━━━[0m[37m━━━[0m [1m0s[0m 37ms/step - loss: 1.5450e-04
[1m8/8[0m [32m━━━━━━━━━━━━━━━━━━━━[0m[37m[0m [1m0s[0m 42ms/step - loss: 1.6888e-04
Epoch 54/200

[1m1/8[0m [32m━━[0m[37m━━━━━━━━━━━━━━━━━━[0m [1m0s[0m 73ms/step - loss: 1.1157e-04
[1m3/8[0m [32m━━━━━━━[0m[37m━━━━━━━━━━━━━[0m [1m0s[0m 36ms/step - loss: 1.5021e-04
[1m5/8[0m [32m━━━━━━━━━━━━[0m[37m━━━━━━━━[0m [1m0s[0m 37ms/step - loss: 1.5846e-04
[1m6/8[0m [32m━━━━━━━━━━━━━━━[0m[37m━━━━━[0m [1m0s[0m 40ms/step - loss: 1.5912e-04
[1m8/8[0m [32m━━━━━━━━━━━━━━━━━━━━[0m[37m[0m [1m0s[0m 40ms/step - loss: 1.6329e-04
[1m8/8[0m [32m━━━━━━━━━━━━━━━━━━━━[0m[37m[0m [1m0s[0m 44ms/step - loss: 1.7225e-04
Epoch 55/200

[1m1/8[0m [32m━━[0m[37m━━━━━━━━━━━━━━━━━━[0m [1m0s[0m 90ms/step - loss: 9.2420e-05
[1m3/8[0m [32m━━━━━━━[0m[37m━━━━━━━━━━━━━[0m [1m0s[0m 32ms/step - loss: 1.0803e-04
[1m5/8[0m [32m━━━━━━━━━━━━[0m[37m━━━━━━━━[0m [1m0s[0m 34ms/step - loss: 1.3642e-04
[1m7/8[0m [32m━━━━━━━━━━━━━━━━━[0m[37m━━━[0m [1m0s[0m 37ms/step - loss: 1.5083e-04
[1m8/8[0m [32m━━━━━━━━━━━━━━━━━━━━[0m[37m[0m [1m0s[0m 40ms/step - loss: 1.8064e-04
Epoch 56/200

[1m1/8[0m [32m━━[0m[37m━━━━━━━━━━━━━━━━━━[0m [1m1s[0m 169ms/step - loss: 8.1842e-05
[1m3/8[0m [32m━━━━━━━[0m[37m━━━━━━━━━━━━━[0m [1m0s[0m 41ms/step - loss: 1.1995e-04 
[1m5/8[0m [32m━━━━━━━━━━━━[0m[37m━━━━━━━━[0m [1m0s[0m 39ms/step - loss: 1.4160e-04
[1m7/8[0m [32m━━━━━━━━━━━━━━━━━[0m[37m━━━[0m [1m0s[0m 43ms/step - loss: 1.5356e-04
[1m8/8[0m [32m━━━━━━━━━━━━━━━━━━━━[0m[37m[0m [1m1s[0m 48ms/step - loss: 1.8129e-04
Epoch 57/200

[1m1/8[0m [32m━━[0m[37m━━━━━━━━━━━━━━━━━━[0m [1m0s[0m 77ms/step - loss: 1.0037e-04
[1m3/8[0m [32m━━━━━━━[0m[37m━━━━━━━━━━━━━[0m [1m0s[0m 47ms/step - loss: 1.5868e-04
[1m5/8[0m [32m━━━━━━━━━━━━[0m[37m━━━━━━━━[0m [1m0s[0m 46ms/step - loss: 1.5503e-04
[1m7/8[0m [32m━━━━━━━━━━━━━━━━━[0m[37m━━━[0m [1m0s[0m 43ms/step - loss: 1.5267e-04
[1m8/8[0m [32m━━━━━━━━━━━━━━━━━━━━[0m[37m[0m [1m0s[0m 49ms/step - loss: 1.4666e-04
Epoch 58/200

[1m1/8[0m [32m━━[0m[37m━━━━━━━━━━━━━━━━━━[0m [1m1s[0m 163ms/step - loss: 1.2703e-04
[1m3/8[0m [32m━━━━━━━[0m[37m━━━━━━━━━━━━━[0m [1m0s[0m 45ms/step - loss: 1.7359e-04 
[1m5/8[0m [32m━━━━━━━━━━━━[0m[37m━━━━━━━━[0m [1m0s[0m 42ms/step - loss: 1.7901e-04
[1m7/8[0m [32m━━━━━━━━━━━━━━━━━[0m[37m━━━[0m [1m0s[0m 38ms/step - loss: 1.7692e-04
[1m8/8[0m [32m━━━━━━━━━━━━━━━━━━━━[0m[37m[0m [1m0s[0m 42ms/step - loss: 1.8760e-04
Epoch 59/200

[1m1/8[0m [32m━━[0m[37m━━━━━━━━━━━━━━━━━━[0m [1m1s[0m 269ms/step - loss: 1.1342e-04
[1m3/8[0m [32m━━━━━━━[0m[37m━━━━━━━━━━━━━[0m [1m0s[0m 27ms/step - loss: 1.7398e-04 
[1m5/8[0m [32m━━━━━━━━━━━━[0m[37m━━━━━━━━[0m [1m0s[0m 27ms/step - loss: 1.6816e-04
[1m7/8[0m [32m━━━━━━━━━━━━━━━━━[0m[37m━━━[0m [1m0s[0m 29ms/step - loss: 1.6942e-04
[1m8/8[0m [32m━━━━━━━━━━━━━━━━━━━━[0m[37m[0m [1m1s[0m 39ms/step - loss: 1.6441e-04
Epoch 60/200

[1m1/8[0m [32m━━[0m[37m━━━━━━━━━━━━━━━━━━[0m [1m0s[0m 101ms/step - loss: 9.1255e-05
[1m3/8[0m [32m━━━━━━━[0m[37m━━━━━━━━━━━━━[0m [1m0s[0m 34ms/step - loss: 1.5957e-04 
[1m5/8[0m [32m━━━━━━━━━━━━[0m[37m━━━━━━━━[0m [1m0s[0m 35ms/step - loss: 1.9210e-04
[1m7/8[0m [32m━━━━━━━━━━━━━━━━━[0m[37m━━━[0m [1m0s[0m 35ms/step - loss: 1.9112e-04
[1m8/8[0m [32m━━━━━━━━━━━━━━━━━━━━[0m[37m[0m [1m0s[0m 42ms/step - loss: 1.7433e-04
Epoch 61/200

[1m1/8[0m [32m━━[0m[37m━━━━━━━━━━━━━━━━━━[0m [1m0s[0m 83ms/step - loss: 9.2777e-05
[1m3/8[0m [32m━━━━━━━[0m[37m━━━━━━━━━━━━━[0m [1m0s[0m 38ms/step - loss: 1.2936e-04
[1m5/8[0m [32m━━━━━━━━━━━━[0m[37m━━━━━━━━[0m [1m0s[0m 42ms/step - loss: 1.3837e-04
[1m7/8[0m [32m━━━━━━━━━━━━━━━━━[0m[37m━━━[0m [1m0s[0m 38ms/step - loss: 1.4438e-04
[1m8/8[0m [32m━━━━━━━━━━━━━━━━━━━━[0m[37m[0m [1m0s[0m 40ms/step - loss: 1.6222e-04
Epoch 62/200

[1m1/8[0m [32m━━[0m[37m━━━━━━━━━━━━━━━━━━[0m [1m0s[0m 63ms/step - loss: 6.6629e-05
[1m3/8[0m [32m━━━━━━━[0m[37m━━━━━━━━━━━━━[0m [1m0s[0m 42ms/step - loss: 8.6689e-05
[1m5/8[0m [32m━━━━━━━━━━━━[0m[37m━━━━━━━━[0m [1m0s[0m 37ms/step - loss: 9.9963e-05
[1m7/8[0m [32m━━━━━━━━━━━━━━━━━[0m[37m━━━[0m [1m0s[0m 33ms/step - loss: 1.1192e-04
[1m8/8[0m [32m━━━━━━━━━━━━━━━━━━━━[0m[37m[0m [1m0s[0m 38ms/step - loss: 1.6549e-04
Epoch 63/200

[1m1/8[0m [32m━━[0m[37m━━━━━━━━━━━━━━━━━━[0m [1m0s[0m 142ms/step - loss: 7.4773e-05
[1m3/8[0m [32m━━━━━━━[0m[37m━━━━━━━━━━━━━[0m [1m0s[0m 41ms/step - loss: 1.4252e-04 
[1m4/8[0m [32m━━━━━━━━━━[0m[37m━━━━━━━━━━[0m [1m0s[0m 46ms/step - loss: 1.4472e-04
[1m6/8[0m [32m━━━━━━━━━━━━━━━[0m[37m━━━━━[0m [1m0s[0m 47ms/step - loss: 1.4293e-04
[1m8/8[0m [32m━━━━━━━━━━━━━━━━━━━━[0m[37m[0m [1m0s[0m 43ms/step - loss: 1.4625e-04
[1m8/8[0m [32m━━━━━━━━━━━━━━━━━━━━[0m[37m[0m [1m0s[0m 51ms/step - loss: 1.6261e-04
Epoch 64/200

[1m1/8[0m [32m━━[0m[37m━━━━━━━━━━━━━━━━━━[0m [1m0s[0m 138ms/step - loss: 1.8761e-04
[1m2/8[0m [32m━━━━━[0m[37m━━━━━━━━━━━━━━━[0m [1m0s[0m 54ms/step - loss: 1.8932e-04 
[1m4/8[0m [32m━━━━━━━━━━[0m[37m━━━━━━━━━━[0m [1m0s[0m 41ms/step - loss: 1.6757e-04
[1m5/8[0m [32m━━━━━━━━━━━━[0m[37m━━━━━━━━[0m [1m0s[0m 45ms/step - loss: 1.6303e-04
[1m6/8[0m [32m━━━━━━━━━━━━━━━[0m[37m━━━━━[0m [1m0s[0m 47ms/step - loss: 1.6262e-04
[1m8/8[0m [32m━━━━━━━━━━━━━━━━━━━━[0m[37m[0m [1m0s[0m 42ms/step - loss: 1.6249e-04
[1m8/8[0m [32m━━━━━━━━━━━━━━━━━━━━[0m[37m[0m [1m0s[0m 47ms/step - loss: 1.7321e-04
Epoch 65/200

[1m1/8[0m [32m━━[0m[37m━━━━━━━━━━━━━━━━━━[0m [1m0s[0m 72ms/step - loss: 7.6412e-05
[1m3/8[0m [32m━━━━━━━[0m[37m━━━━━━━━━━━━━[0m [1m0s[0m 42ms/step - loss: 8.7537e-05
[1m5/8[0m [32m━━━━━━━━━━━━[0m[37m━━━━━━━━[0m [1m0s[0m 45ms/step - loss: 1.1858e-04
[1m7/8[0m [32m━━━━━━━━━━━━━━━━━[0m[37m━━━[0m [1m0s[0m 42ms/step - loss: 1.3199e-04
[1m8/8[0m [32m━━━━━━━━━━━━━━━━━━━━[0m[37m[0m [1m0s[0m 46ms/step - loss: 1.6354e-04
Epoch 66/200

[1m1/8[0m [32m━━[0m[37m━━━━━━━━━━━━━━━━━━[0m [1m0s[0m 86ms/step - loss: 6.2957e-05
[1m3/8[0m [32m━━━━━━━[0m[37m━━━━━━━━━━━━━[0m [1m0s[0m 43ms/step - loss: 7.8178e-05
[1m5/8[0m [32m━━━━━━━━━━━━[0m[37m━━━━━━━━[0m [1m0s[0m 40ms/step - loss: 1.1060e-04
[1m7/8[0m [32m━━━━━━━━━━━━━━━━━[0m[37m━━━[0m [1m0s[0m 36ms/step - loss: 1.2487e-04
[1m8/8[0m [32m━━━━━━━━━━━━━━━━━━━━[0m[37m[0m [1m0s[0m 46ms/step - loss: 1.5850e-04
Epoch 67/200

[1m1/8[0m [32m━━[0m[37m━━━━━━━━━━━━━━━━━━[0m [1m0s[0m 88ms/step - loss: 9.8390e-05
[1m3/8[0m [32m━━━━━━━[0m[37m━━━━━━━━━━━━━[0m [1m0s[0m 26ms/step - loss: 1.5023e-04
[1m5/8[0m [32m━━━━━━━━━━━━[0m[37m━━━━━━━━[0m [1m0s[0m 29ms/step - loss: 1.5267e-04
[1m6/8[0m [32m━━━━━━━━━━━━━━━[0m[37m━━━━━[0m [1m0s[0m 34ms/step - loss: 1.5733e-04
[1m8/8[0m [32m━━━━━━━━━━━━━━━━━━━━[0m[37m[0m [1m0s[0m 38ms/step - loss: 1.5830e-04
[1m8/8[0m [32m━━━━━━━━━━━━━━━━━━━━[0m[37m[0m [1m0s[0m 42ms/step - loss: 1.5898e-04
Epoch 68/200

[1m1/8[0m [32m━━[0m[37m━━━━━━━━━━━━━━━━━━[0m [1m0s[0m 102ms/step - loss: 9.4438e-05
[1m3/8[0m [32m━━━━━━━[0m[37m━━━━━━━━━━━━━[0m [1m0s[0m 57ms/step - loss: 1.3179e-04 
[1m5/8[0m [32m━━━━━━━━━━━━[0m[37m━━━━━━━━[0m [1m0s[0m 49ms/step - loss: 1.4212e-04
[1m7/8[0m [32m━━━━━━━━━━━━━━━━━[0m[37m━━━[0m [1m0s[0m 43ms/step - loss: 1.4468e-04
[1m8/8[0m [32m━━━━━━━━━━━━━━━━━━━━[0m[37m[0m [1m0s[0m 47ms/step - loss: 1.5331e-04
Epoch 69/200

[1m1/8[0m [32m━━[0m[37m━━━━━━━━━━━━━━━━━━[0m [1m0s[0m 95ms/step - loss: 7.0949e-05
[1m2/8[0m [32m━━━━━[0m[37m━━━━━━━━━━━━━━━[0m [1m0s[0m 50ms/step - loss: 8.5662e-05
[1m4/8[0m [32m━━━━━━━━━━[0m[37m━━━━━━━━━━[0m [1m0s[0m 43ms/step - loss: 1.0782e-04
[1m5/8[0m [32m━━━━━━━━━━━━[0m[37m━━━━━━━━[0m [1m0s[0m 45ms/step - loss: 1.1051e-04
[1m7/8[0m [32m━━━━━━━━━━━━━━━━━[0m[37m━━━[0m [1m0s[0m 41ms/step - loss: 1.2269e-04
[1m8/8[0m [32m━━━━━━━━━━━━━━━━━━━━[0m[37m[0m [1m0s[0m 49ms/step - loss: 1.6459e-04
Epoch 70/200

[1m1/8[0m [32m━━[0m[37m━━━━━━━━━━━━━━━━━━[0m [1m0s[0m 82ms/step - loss: 1.8760e-04
[1m3/8[0m [32m━━━━━━━[0m[37m━━━━━━━━━━━━━[0m [1m0s[0m 44ms/step - loss: 1.9485e-04
[1m5/8[0m [32m━━━━━━━━━━━━[0m[37m━━━━━━━━[0m [1m0s[0m 43ms/step - loss: 1.9358e-04
[1m7/8[0m [32m━━━━━━━━━━━━━━━━━[0m[37m━━━[0m [1m0s[0m 44ms/step - loss: 1.8587e-04
[1m8/8[0m [32m━━━━━━━━━━━━━━━━━━━━[0m[37m[0m [1m0s[0m 51ms/step - loss: 1.6362e-04
Epoch 71/200

[1m1/8[0m [32m━━[0m[37m━━━━━━━━━━━━━━━━━━[0m [1m0s[0m 71ms/step - loss: 6.4251e-05
[1m2/8[0m [32m━━━━━[0m[37m━━━━━━━━━━━━━━━[0m [1m0s[0m 50ms/step - loss: 1.0319e-04
[1m4/8[0m [32m━━━━━━━━━━[0m[37m━━━━━━━━━━[0m [1m0s[0m 37ms/step - loss: 1.3791e-04
[1m6/8[0m [32m━━━━━━━━━━━━━━━[0m[37m━━━━━[0m [1m0s[0m 41ms/step - loss: 1.5065e-04
[1m8/8[0m [32m━━━━━━━━━━━━━━━━━━━━[0m[37m[0m [1m0s[0m 40ms/step - loss: 1.4772e-04
Epoch 72/200

[1m1/8[0m [32m━━[0m[37m━━━━━━━━━━━━━━━━━━[0m [1m0s[0m 69ms/step - loss: 1.8963e-04
[1m3/8[0m [32m━━━━━━━[0m[37m━━━━━━━━━━━━━[0m [1m0s[0m 36ms/step - loss: 1.4788e-04
[1m5/8[0m [32m━━━━━━━━━━━━[0m[37m━━━━━━━━[0m [1m0s[0m 37ms/step - loss: 1.3337e-04
[1m6/8[0m [32m━━━━━━━━━━━━━━━[0m[37m━━━━━[0m [1m0s[0m 41ms/step - loss: 1.3190e-04
[1m8/8[0m [32m━━━━━━━━━━━━━━━━━━━━[0m[37m[0m [1m0s[0m 39ms/step - loss: 1.3283e-04
[1m8/8[0m [32m━━━━━━━━━━━━━━━━━━━━[0m[37m[0m [1m0s[0m 43ms/step - loss: 1.5233e-04
Epoch 73/200

[1m1/8[0m [32m━━[0m[37m━━━━━━━━━━━━━━━━━━[0m [1m0s[0m 78ms/step - loss: 8.3615e-05
[1m3/8[0m [32m━━━━━━━[0m[37m━━━━━━━━━━━━━[0m [1m0s[0m 27ms/step - loss: 8.8312e-05
[1m5/8[0m [32m━━━━━━━━━━━━[0m[37m━━━━━━━━[0m [1m0s[0m 32ms/step - loss: 9.7623e-05
[1m6/8[0m [32m━━━━━━━━━━━━━━━[0m[37m━━━━━[0m [1m0s[0m 36ms/step - loss: 1.0890e-04
[1m8/8[0m [32m━━━━━━━━━━━━━━━━━━━━[0m[37m[0m [1m0s[0m 39ms/step - loss: 1.2070e-04
[1m8/8[0m [32m━━━━━━━━━━━━━━━━━━━━[0m[37m[0m [1m0s[0m 49ms/step - loss: 1.5625e-04
Epoch 74/200

[1m1/8[0m [32m━━[0m[37m━━━━━━━━━━━━━━━━━━[0m [1m0s[0m 89ms/step - loss: 1.2634e-04
[1m2/8[0m [32m━━━━━[0m[37m━━━━━━━━━━━━━━━[0m [1m0s[0m 63ms/step - loss: 1.7057e-04
[1m4/8[0m [32m━━━━━━━━━━[0m[37m━━━━━━━━━━[0m [1m0s[0m 38ms/step - loss: 1.6556e-04
[1m5/8[0m [32m━━━━━━━━━━━━[0m[37m━━━━━━━━[0m [1m0s[0m 42ms/step - loss: 1.6432e-04
[1m7/8[0m [32m━━━━━━━━━━━━━━━━━[0m[37m━━━[0m [1m0s[0m 40ms/step - loss: 1.6192e-04
[1m8/8[0m [32m━━━━━━━━━━━━━━━━━━━━[0m[37m[0m [1m0s[0m 42ms/step - loss: 1.4602e-04
Epoch 75/200

[1m1/8[0m [32m━━[0m[37m━━━━━━━━━━━━━━━━━━[0m [1m0s[0m 48ms/step - loss: 1.6368e-04
[1m4/8[0m [32m━━━━━━━━━━[0m[37m━━━━━━━━━━[0m [1m0s[0m 24ms/step - loss: 1.6146e-04
[1m5/8[0m [32m━━━━━━━━━━━━[0m[37m━━━━━━━━[0m [1m0s[0m 40ms/step - loss: 1.6124e-04
[1m7/8[0m [32m━━━━━━━━━━━━━━━━━[0m[37m━━━[0m [1m0s[0m 43ms/step - loss: 1.5498e-04
[1m8/8[0m [32m━━━━━━━━━━━━━━━━━━━━[0m[37m[0m [1m0s[0m 49ms/step - loss: 1.5226e-04
[1m8/8[0m [32m━━━━━━━━━━━━━━━━━━━━[0m[37m[0m [1m1s[0m 65ms/step - loss: 1.3329e-04
Epoch 76/200

[1m1/8[0m [32m━━[0m[37m━━━━━━━━━━━━━━━━━━[0m [1m0s[0m 127ms/step - loss: 1.6658e-04
[1m3/8[0m [32m━━━━━━━[0m[37m━━━━━━━━━━━━━[0m [1m0s[0m 42ms/step - loss: 1.7260e-04 
[1m4/8[0m [32m━━━━━━━━━━[0m[37m━━━━━━━━━━[0m [1m0s[0m 47ms/step - loss: 1.7627e-04
[1m5/8[0m [32m━━━━━━━━━━━━[0m[37m━━━━━━━━[0m [1m0s[0m 49ms/step - loss: 1.7379e-04
[1m7/8[0m [32m━━━━━━━━━━━━━━━━━[0m[37m━━━[0m [1m0s[0m 42ms/step - loss: 1.6679e-04
[1m8/8[0m [32m━━━━━━━━━━━━━━━━━━━━[0m[37m[0m [1m0s[0m 49ms/step - loss: 1.4818e-04
Epoch 77/200

[1m1/8[0m [32m━━[0m[37m━━━━━━━━━━━━━━━━━━[0m [1m0s[0m 85ms/step - loss: 2.4857e-04
[1m3/8[0m [32m━━━━━━━[0m[37m━━━━━━━━━━━━━[0m [1m0s[0m 27ms/step - loss: 1.8596e-04
[1m5/8[0m [32m━━━━━━━━━━━━[0m[37m━━━━━━━━[0m [1m0s[0m 31ms/step - loss: 1.7019e-04
[1m7/8[0m [32m━━━━━━━━━━━━━━━━━[0m[37m━━━[0m [1m0s[0m 32ms/step - loss: 1.6359e-04
[1m8/8[0m [32m━━━━━━━━━━━━━━━━━━━━[0m[37m[0m [1m0s[0m 40ms/step - loss: 1.3688e-04
Epoch 78/200

[1m1/8[0m [32m━━[0m[37m━━━━━━━━━━━━━━━━━━[0m [1m0s[0m 88ms/step - loss: 1.3497e-04
[1m3/8[0m [32m━━━━━━━[0m[37m━━━━━━━━━━━━━[0m [1m0s[0m 28ms/step - loss: 1.2532e-04
[1m5/8[0m [32m━━━━━━━━━━━━[0m[37m━━━━━━━━[0m [1m0s[0m 30ms/step - loss: 1.2884e-04
[1m7/8[0m [32m━━━━━━━━━━━━━━━━━[0m[37m━━━[0m [1m0s[0m 31ms/step - loss: 1.3438e-04
[1m8/8[0m [32m━━━━━━━━━━━━━━━━━━━━[0m[37m[0m [1m0s[0m 40ms/step - loss: 1.4190e-04
Epoch 79/200

[1m1/8[0m [32m━━[0m[37m━━━━━━━━━━━━━━━━━━[0m [1m0s[0m 84ms/step - loss: 2.2545e-04
[1m3/8[0m [32m━━━━━━━[0m[37m━━━━━━━━━━━━━[0m [1m0s[0m 35ms/step - loss: 1.9543e-04
[1m5/8[0m [32m━━━━━━━━━━━━[0m[37m━━━━━━━━[0m [1m0s[0m 33ms/step - loss: 1.9151e-04
[1m7/8[0m [32m━━━━━━━━━━━━━━━━━[0m[37m━━━[0m [1m0s[0m 34ms/step - loss: 1.8955e-04
[1m8/8[0m [32m━━━━━━━━━━━━━━━━━━━━[0m[37m[0m [1m0s[0m 41ms/step - loss: 1.6759e-04
Epoch 80/200

[1m1/8[0m [32m━━[0m[37m━━━━━━━━━━━━━━━━━━[0m [1m0s[0m 86ms/step - loss: 6.5810e-05
[1m2/8[0m [32m━━━━━[0m[37m━━━━━━━━━━━━━━━[0m [1m0s[0m 77ms/step - loss: 1.3574e-04
[1m3/8[0m [32m━━━━━━━[0m[37m━━━━━━━━━━━━━[0m [1m0s[0m 64ms/step - loss: 1.4546e-04
[1m5/8[0m [32m━━━━━━━━━━━━[0m[37m━━━━━━━━[0m [1m0s[0m 53ms/step - loss: 1.5618e-04
[1m7/8[0m [32m━━━━━━━━━━━━━━━━━[0m[37m━━━[0m [1m0s[0m 46ms/step - loss: 1.5531e-04
[1m8/8[0m [32m━━━━━━━━━━━━━━━━━━━━[0m[37m[0m [1m0s[0m 49ms/step - loss: 1.5322e-04
Epoch 81/200

[1m1/8[0m [32m━━[0m[37m━━━━━━━━━━━━━━━━━━[0m [1m0s[0m 82ms/step - loss: 3.3841e-04
[1m3/8[0m [32m━━━━━━━[0m[37m━━━━━━━━━━━━━[0m [1m0s[0m 33ms/step - loss: 2.6745e-04
[1m5/8[0m [32m━━━━━━━━━━━━[0m[37m━━━━━━━━[0m [1m0s[0m 34ms/step - loss: 2.3376e-04
[1m7/8[0m [32m━━━━━━━━━━━━━━━━━[0m[37m━━━[0m [1m0s[0m 37ms/step - loss: 2.1276e-04
[1m8/8[0m [32m━━━━━━━━━━━━━━━━━━━━[0m[37m[0m [1m0s[0m 43ms/step - loss: 1.4848e-04
Epoch 82/200

[1m1/8[0m [32m━━[0m[37m━━━━━━━━━━━━━━━━━━[0m [1m0s[0m 95ms/step - loss: 2.7535e-04
[1m2/8[0m [32m━━━━━[0m[37m━━━━━━━━━━━━━━━[0m [1m0s[0m 57ms/step - loss: 2.2206e-04
[1m4/8[0m [32m━━━━━━━━━━[0m[37m━━━━━━━━━━[0m [1m0s[0m 41ms/step - loss: 1.9135e-04
[1m6/8[0m [32m━━━━━━━━━━━━━━━[0m[37m━━━━━[0m [1m0s[0m 41ms/step - loss: 1.7726e-04
[1m8/8[0m [32m━━━━━━━━━━━━━━━━━━━━[0m[37m[0m [1m0s[0m 37ms/step - loss: 1.6895e-04
[1m8/8[0m [32m━━━━━━━━━━━━━━━━━━━━[0m[37m[0m [1m0s[0m 41ms/step - loss: 1.4229e-04
Epoch 83/200

[1m1/8[0m [32m━━[0m[37m━━━━━━━━━━━━━━━━━━[0m [1m0s[0m 74ms/step - loss: 1.7236e-04
[1m2/8[0m [32m━━━━━[0m[37m━━━━━━━━━━━━━━━[0m [1m0s[0m 55ms/step - loss: 1.7418e-04
[1m4/8[0m [32m━━━━━━━━━━[0m[37m━━━━━━━━━━[0m [1m0s[0m 37ms/step - loss: 1.7966e-04
[1m6/8[0m [32m━━━━━━━━━━━━━━━[0m[37m━━━━━[0m [1m0s[0m 33ms/step - loss: 1.7304e-04
[1m7/8[0m [32m━━━━━━━━━━━━━━━━━[0m[37m━━━[0m [1m0s[0m 36ms/step - loss: 1.6997e-04
[1m8/8[0m [32m━━━━━━━━━━━━━━━━━━━━[0m[37m[0m [1m0s[0m 43ms/step - loss: 1.4637e-04
Epoch 84/200

[1m1/8[0m [32m━━[0m[37m━━━━━━━━━━━━━━━━━━[0m [1m0s[0m 83ms/step - loss: 9.3772e-05
[1m3/8[0m [32m━━━━━━━[0m[37m━━━━━━━━━━━━━[0m [1m0s[0m 37ms/step - loss: 1.1653e-04
[1m5/8[0m [32m━━━━━━━━━━━━[0m[37m━━━━━━━━[0m [1m0s[0m 38ms/step - loss: 1.2005e-04
[1m6/8[0m [32m━━━━━━━━━━━━━━━[0m[37m━━━━━[0m [1m0s[0m 42ms/step - loss: 1.2817e-04
[1m8/8[0m [32m━━━━━━━━━━━━━━━━━━━━[0m[37m[0m [1m0s[0m 41ms/step - loss: 1.3502e-04
[1m8/8[0m [32m━━━━━━━━━━━━━━━━━━━━[0m[37m[0m [1m0s[0m 47ms/step - loss: 1.5181e-04
Epoch 85/200

[1m1/8[0m [32m━━[0m[37m━━━━━━━━━━━━━━━━━━[0m [1m0s[0m 106ms/step - loss: 1.3641e-04
[1m3/8[0m [32m━━━━━━━[0m[37m━━━━━━━━━━━━━[0m [1m0s[0m 38ms/step - loss: 1.6630e-04 
[1m5/8[0m [32m━━━━━━━━━━━━[0m[37m━━━━━━━━[0m [1m0s[0m 37ms/step - loss: 1.6915e-04
[1m7/8[0m [32m━━━━━━━━━━━━━━━━━[0m[37m━━━[0m [1m0s[0m 39ms/step - loss: 1.6731e-04
[1m8/8[0m [32m━━━━━━━━━━━━━━━━━━━━[0m[37m[0m [1m0s[0m 46ms/step - loss: 1.5240e-04
Epoch 86/200

[1m1/8[0m [32m━━[0m[37m━━━━━━━━━━━━━━━━━━[0m [1m0s[0m 81ms/step - loss: 8.9939e-05
[1m3/8[0m [32m━━━━━━━[0m[37m━━━━━━━━━━━━━[0m [1m0s[0m 32ms/step - loss: 1.8161e-04
[1m5/8[0m [32m━━━━━━━━━━━━[0m[37m━━━━━━━━[0m [1m0s[0m 30ms/step - loss: 1.8729e-04
[1m8/8[0m [32m━━━━━━━━━━━━━━━━━━━━[0m[37m[0m [1m0s[0m 29ms/step - loss: 1.7557e-04
[1m8/8[0m [32m━━━━━━━━━━━━━━━━━━━━[0m[37m[0m [1m0s[0m 34ms/step - loss: 1.4943e-04
Epoch 87/200

[1m1/8[0m [32m━━[0m[37m━━━━━━━━━━━━━━━━━━[0m [1m0s[0m 80ms/step - loss: 8.2672e-05
[1m3/8[0m [32m━━━━━━━[0m[37m━━━━━━━━━━━━━[0m [1m0s[0m 32ms/step - loss: 1.1909e-04
[1m5/8[0m [32m━━━━━━━━━━━━[0m[37m━━━━━━━━[0m [1m0s[0m 34ms/step - loss: 1.1512e-04
[1m6/8[0m [32m━━━━━━━━━━━━━━━[0m[37m━━━━━[0m [1m0s[0m 44ms/step - loss: 1.1319e-04
[1m8/8[0m [32m━━━━━━━━━━━━━━━━━━━━[0m[37m[0m [1m0s[0m 42ms/step - loss: 1.1986e-04
[1m8/8[0m [32m━━━━━━━━━━━━━━━━━━━━[0m[37m[0m [1m0s[0m 55ms/step - loss: 1.4385e-04
Epoch 88/200

[1m1/8[0m [32m━━[0m[37m━━━━━━━━━━━━━━━━━━[0m [1m0s[0m 91ms/step - loss: 2.9561e-04
[1m3/8[0m [32m━━━━━━━[0m[37m━━━━━━━━━━━━━[0m [1m0s[0m 43ms/step - loss: 2.3565e-04
[1m5/8[0m [32m━━━━━━━━━━━━[0m[37m━━━━━━━━[0m [1m0s[0m 38ms/step - loss: 2.1212e-04
[1m7/8[0m [32m━━━━━━━━━━━━━━━━━[0m[37m━━━[0m [1m0s[0m 35ms/step - loss: 1.9253e-04
[1m8/8[0m [32m━━━━━━━━━━━━━━━━━━━━[0m[37m[0m [1m0s[0m 40ms/step - loss: 1.3554e-04
Epoch 89/200

[1m1/8[0m [32m━━[0m[37m━━━━━━━━━━━━━━━━━━[0m [1m2s[0m 335ms/step - loss: 1.4160e-04
[1m3/8[0m [32m━━━━━━━[0m[37m━━━━━━━━━━━━━[0m [1m0s[0m 33ms/step - loss: 1.1130e-04 
[1m5/8[0m [32m━━━━━━━━━━━━[0m[37m━━━━━━━━[0m [1m0s[0m 31ms/step - loss: 1.2337e-04
[1m7/8[0m [32m━━━━━━━━━━━━━━━━━[0m[37m━━━[0m [1m0s[0m 31ms/step - loss: 1.2654e-04
[1m8/8[0m [32m━━━━━━━━━━━━━━━━━━━━[0m[37m[0m [1m1s[0m 37ms/step - loss: 1.4378e-04
Epoch 90/200

[1m1/8[0m [32m━━[0m[37m━━━━━━━━━━━━━━━━━━[0m [1m0s[0m 66ms/step - loss: 1.7622e-04
[1m3/8[0m [32m━━━━━━━[0m[37m━━━━━━━━━━━━━[0m [1m0s[0m 32ms/step - loss: 1.3778e-04
[1m5/8[0m [32m━━━━━━━━━━━━[0m[37m━━━━━━━━[0m [1m0s[0m 31ms/step - loss: 1.3432e-04
[1m7/8[0m [32m━━━━━━━━━━━━━━━━━[0m[37m━━━[0m [1m0s[0m 34ms/step - loss: 1.3639e-04
[1m8/8[0m [32m━━━━━━━━━━━━━━━━━━━━[0m[37m[0m [1m0s[0m 38ms/step - loss: 1.3050e-04
Epoch 91/200

[1m1/8[0m [32m━━[0m[37m━━━━━━━━━━━━━━━━━━[0m [1m0s[0m 66ms/step - loss: 6.6600e-05
[1m3/8[0m [32m━━━━━━━[0m[37m━━━━━━━━━━━━━[0m [1m0s[0m 32ms/step - loss: 9.7136e-05
[1m5/8[0m [32m━━━━━━━━━━━━[0m[37m━━━━━━━━[0m [1m0s[0m 32ms/step - loss: 1.0307e-04
[1m7/8[0m [32m━━━━━━━━━━━━━━━━━[0m[37m━━━[0m [1m0s[0m 32ms/step - loss: 1.1424e-04
[1m8/8[0m [32m━━━━━━━━━━━━━━━━━━━━[0m[37m[0m [1m0s[0m 40ms/step - loss: 1.4139e-04
Epoch 92/200

[1m1/8[0m [32m━━[0m[37m━━━━━━━━━━━━━━━━━━[0m [1m1s[0m 160ms/step - loss: 1.5037e-04
[1m3/8[0m [32m━━━━━━━[0m[37m━━━━━━━━━━━━━[0m [1m0s[0m 41ms/step - loss: 1.2736e-04 
[1m5/8[0m [32m━━━━━━━━━━━━[0m[37m━━━━━━━━[0m [1m0s[0m 42ms/step - loss: 1.2156e-04
[1m7/8[0m [32m━━━━━━━━━━━━━━━━━[0m[37m━━━[0m [1m0s[0m 40ms/step - loss: 1.2375e-04
[1m8/8[0m [32m━━━━━━━━━━━━━━━━━━━━[0m[37m[0m [1m0s[0m 44ms/step - loss: 1.3760e-04
Epoch 93/200

[1m1/8[0m [32m━━[0m[37m━━━━━━━━━━━━━━━━━━[0m [1m0s[0m 78ms/step - loss: 2.0976e-04
[1m3/8[0m [32m━━━━━━━[0m[37m━━━━━━━━━━━━━[0m [1m0s[0m 29ms/step - loss: 2.1205e-04
[1m5/8[0m [32m━━━━━━━━━━━━[0m[37m━━━━━━━━[0m [1m0s[0m 31ms/step - loss: 1.9019e-04
[1m8/8[0m [32m━━━━━━━━━━━━━━━━━━━━[0m[37m[0m [1m0s[0m 28ms/step - loss: 1.7516e-04
[1m8/8[0m [32m━━━━━━━━━━━━━━━━━━━━[0m[37m[0m [1m0s[0m 33ms/step - loss: 1.4704e-04
Epoch 94/200

[1m1/8[0m [32m━━[0m[37m━━━━━━━━━━━━━━━━━━[0m [1m0s[0m 77ms/step - loss: 9.4977e-05
[1m3/8[0m [32m━━━━━━━[0m[37m━━━━━━━━━━━━━[0m [1m0s[0m 31ms/step - loss: 1.6361e-04
[1m5/8[0m [32m━━━━━━━━━━━━[0m[37m━━━━━━━━[0m [1m0s[0m 33ms/step - loss: 1.6726e-04
[1m7/8[0m [32m━━━━━━━━━━━━━━━━━[0m[37m━━━[0m [1m0s[0m 32ms/step - loss: 1.6547e-04
[1m8/8[0m [32m━━━━━━━━━━━━━━━━━━━━[0m[37m[0m [1m0s[0m 37ms/step - loss: 1.5209e-04
Epoch 95/200

[1m1/8[0m [32m━━[0m[37m━━━━━━━━━━━━━━━━━━[0m [1m0s[0m 84ms/step - loss: 5.3546e-05
[1m3/8[0m [32m━━━━━━━[0m[37m━━━━━━━━━━━━━[0m [1m0s[0m 28ms/step - loss: 6.6109e-05
[1m5/8[0m [32m━━━━━━━━━━━━[0m[37m━━━━━━━━[0m [1m0s[0m 34ms/step - loss: 7.3229e-05
[1m8/8[0m [32m━━━━━━━━━━━━━━━━━━━━[0m[37m[0m [1m0s[0m 31ms/step - loss: 9.2337e-05
[1m8/8[0m [32m━━━━━━━━━━━━━━━━━━━━[0m[37m[0m [1m0s[0m 38ms/step - loss: 1.3942e-04
Epoch 96/200

[1m1/8[0m [32m━━[0m[37m━━━━━━━━━━━━━━━━━━[0m [1m0s[0m 90ms/step - loss: 4.5186e-05
[1m3/8[0m [32m━━━━━━━[0m[37m━━━━━━━━━━━━━[0m [1m0s[0m 27ms/step - loss: 7.2093e-05
[1m5/8[0m [32m━━━━━━━━━━━━[0m[37m━━━━━━━━[0m [1m0s[0m 30ms/step - loss: 8.8651e-05
[1m7/8[0m [32m━━━━━━━━━━━━━━━━━[0m[37m━━━[0m [1m0s[0m 30ms/step - loss: 1.0857e-04
[1m8/8[0m [32m━━━━━━━━━━━━━━━━━━━━[0m[37m[0m [1m0s[0m 33ms/step - loss: 1.5518e-04
Epoch 97/200

[1m1/8[0m [32m━━[0m[37m━━━━━━━━━━━━━━━━━━[0m [1m0s[0m 79ms/step - loss: 8.4475e-05
[1m3/8[0m [32m━━━━━━━[0m[37m━━━━━━━━━━━━━[0m [1m0s[0m 37ms/step - loss: 8.6118e-05
[1m4/8[0m [32m━━━━━━━━━━[0m[37m━━━━━━━━━━[0m [1m0s[0m 45ms/step - loss: 8.9207e-05
[1m6/8[0m [32m━━━━━━━━━━━━━━━[0m[37m━━━━━[0m [1m0s[0m 38ms/step - loss: 1.0349e-04
[1m8/8[0m [32m━━━━━━━━━━━━━━━━━━━━[0m[37m[0m [1m0s[0m 35ms/step - loss: 1.1581e-04
[1m8/8[0m [32m━━━━━━━━━━━━━━━━━━━━[0m[37m[0m [1m0s[0m 39ms/step - loss: 1.4976e-04
Epoch 98/200

[1m1/8[0m [32m━━[0m[37m━━━━━━━━━━━━━━━━━━[0m [1m0s[0m 62ms/step - loss: 1.2527e-04
[1m3/8[0m [32m━━━━━━━[0m[37m━━━━━━━━━━━━━[0m [1m0s[0m 39ms/step - loss: 1.4412e-04
[1m5/8[0m [32m━━━━━━━━━━━━[0m[37m━━━━━━━━[0m [1m0s[0m 36ms/step - loss: 1.5452e-04
[1m7/8[0m [32m━━━━━━━━━━━━━━━━━[0m[37m━━━[0m [1m0s[0m 34ms/step - loss: 1.5103e-04
[1m8/8[0m [32m━━━━━━━━━━━━━━━━━━━━[0m[37m[0m [1m0s[0m 38ms/step - loss: 1.3840e-04
Epoch 99/200

[1m1/8[0m [32m━━[0m[37m━━━━━━━━━━━━━━━━━━[0m [1m0s[0m 58ms/step - loss: 3.4381e-04
[1m3/8[0m [32m━━━━━━━[0m[37m━━━━━━━━━━━━━[0m [1m0s[0m 26ms/step - loss: 2.3902e-04
[1m5/8[0m [32m━━━━━━━━━━━━[0m[37m━━━━━━━━[0m [1m0s[0m 33ms/step - loss: 1.9847e-04
[1m7/8[0m [32m━━━━━━━━━━━━━━━━━[0m[37m━━━[0m [1m0s[0m 34ms/step - loss: 1.8221e-04
[1m8/8[0m [32m━━━━━━━━━━━━━━━━━━━━[0m[37m[0m [1m0s[0m 37ms/step - loss: 1.4777e-04
Epoch 100/200

[1m1/8[0m [32m━━[0m[37m━━━━━━━━━━━━━━━━━━[0m [1m0s[0m 83ms/step - loss: 3.8886e-05
[1m3/8[0m [32m━━━━━━━[0m[37m━━━━━━━━━━━━━[0m [1m0s[0m 39ms/step - loss: 5.8865e-05
[1m5/8[0m [32m━━━━━━━━━━━━[0m[37m━━━━━━━━[0m [1m0s[0m 39ms/step - loss: 7.5136e-05
[1m7/8[0m [32m━━━━━━━━━━━━━━━━━[0m[37m━━━[0m [1m0s[0m 39ms/step - loss: 9.2797e-05
[1m8/8[0m [32m━━━━━━━━━━━━━━━━━━━━[0m[37m[0m [1m0s[0m 45ms/step - loss: 1.2609e-04
Epoch 101/200

[1m1/8[0m [32m━━[0m[37m━━━━━━━━━━━━━━━━━━[0m [1m0s[0m 112ms/step - loss: 9.0603e-05
[1m3/8[0m [32m━━━━━━━[0m[37m━━━━━━━━━━━━━[0m [1m0s[0m 44ms/step - loss: 1.0287e-04 
[1m5/8[0m [32m━━━━━━━━━━━━[0m[37m━━━━━━━━[0m [1m0s[0m 39ms/step - loss: 1.0665e-04
[1m7/8[0m [32m━━━━━━━━━━━━━━━━━[0m[37m━━━[0m [1m0s[0m 36ms/step - loss: 1.1114e-04
[1m8/8[0m [32m━━━━━━━━━━━━━━━━━━━━[0m[37m[0m [1m0s[0m 40ms/step - loss: 1.3285e-04
Epoch 102/200

[1m1/8[0m [32m━━[0m[37m━━━━━━━━━━━━━━━━━━[0m [1m0s[0m 76ms/step - loss: 1.8635e-04
[1m3/8[0m [32m━━━━━━━[0m[37m━━━━━━━━━━━━━[0m [1m0s[0m 38ms/step - loss: 1.6412e-04
[1m5/8[0m [32m━━━━━━━━━━━━[0m[37m━━━━━━━━[0m [1m0s[0m 36ms/step - loss: 1.4706e-04
[1m7/8[0m [32m━━━━━━━━━━━━━━━━━[0m[37m━━━[0m [1m0s[0m 36ms/step - loss: 1.4827e-04
[1m8/8[0m [32m━━━━━━━━━━━━━━━━━━━━[0m[37m[0m [1m0s[0m 41ms/step - loss: 1.4745e-04
Epoch 103/200

[1m1/8[0m [32m━━[0m[37m━━━━━━━━━━━━━━━━━━[0m [1m0s[0m 73ms/step - loss: 1.4237e-04
[1m3/8[0m [32m━━━━━━━[0m[37m━━━━━━━━━━━━━[0m [1m0s[0m 42ms/step - loss: 1.1975e-04
[1m5/8[0m [32m━━━━━━━━━━━━[0m[37m━━━━━━━━[0m [1m0s[0m 40ms/step - loss: 1.1271e-04
[1m7/8[0m [32m━━━━━━━━━━━━━━━━━[0m[37m━━━[0m [1m0s[0m 36ms/step - loss: 1.2020e-04
[1m8/8[0m [32m━━━━━━━━━━━━━━━━━━━━[0m[37m[0m [1m0s[0m 42ms/step - loss: 1.3758e-04
Epoch 104/200

[1m1/8[0m [32m━━[0m[37m━━━━━━━━━━━━━━━━━━[0m [1m1s[0m 153ms/step - loss: 5.8413e-05
[1m2/8[0m [32m━━━━━[0m[37m━━━━━━━━━━━━━━━[0m [1m0s[0m 64ms/step - loss: 7.7316e-05 
[1m4/8[0m [32m━━━━━━━━━━[0m[37m━━━━━━━━━━[0m [1m0s[0m 41ms/step - loss: 1.1718e-04
[1m6/8[0m [32m━━━━━━━━━━━━━━━[0m[37m━━━━━[0m [1m0s[0m 39ms/step - loss: 1.3207e-04
[1m8/8[0m [32m━━━━━━━━━━━━━━━━━━━━[0m[37m[0m [1m0s[0m 35ms/step - loss: 1.3920e-04
[1m8/8[0m [32m━━━━━━━━━━━━━━━━━━━━[0m[37m[0m [1m0s[0m 42ms/step - loss: 1.5806e-04
Epoch 105/200

[1m1/8[0m [32m━━[0m[37m━━━━━━━━━━━━━━━━━━[0m [1m0s[0m 81ms/step - loss: 1.3311e-04
[1m3/8[0m [32m━━━━━━━[0m[37m━━━━━━━━━━━━━[0m [1m0s[0m 39ms/step - loss: 1.2411e-04
[1m5/8[0m [32m━━━━━━━━━━━━[0m[37m━━━━━━━━[0m [1m0s[0m 36ms/step - loss: 1.2630e-04
[1m7/8[0m [32m━━━━━━━━━━━━━━━━━[0m[37m━━━[0m [1m0s[0m 35ms/step - loss: 1.2666e-04
[1m8/8[0m [32m━━━━━━━━━━━━━━━━━━━━[0m[37m[0m [1m0s[0m 43ms/step - loss: 1.1982e-04
Epoch 106/200

[1m1/8[0m [32m━━[0m[37m━━━━━━━━━━━━━━━━━━[0m [1m0s[0m 84ms/step - loss: 3.3637e-04
[1m3/8[0m [32m━━━━━━━[0m[37m━━━━━━━━━━━━━[0m [1m0s[0m 41ms/step - loss: 2.4256e-04
[1m4/8[0m [32m━━━━━━━━━━[0m[37m━━━━━━━━━━[0m [1m0s[0m 49ms/step - loss: 2.2359e-04
[1m6/8[0m [32m━━━━━━━━━━━━━━━[0m[37m━━━━━[0m [1m0s[0m 44ms/step - loss: 2.0597e-04
[1m8/8[0m [32m━━━━━━━━━━━━━━━━━━━━[0m[37m[0m [1m0s[0m 40ms/step - loss: 1.9255e-04
[1m8/8[0m [32m━━━━━━━━━━━━━━━━━━━━[0m[37m[0m [1m0s[0m 45ms/step - loss: 1.5378e-04
Epoch 107/200

[1m1/8[0m [32m━━[0m[37m━━━━━━━━━━━━━━━━━━[0m [1m0s[0m 73ms/step - loss: 1.6546e-04
[1m3/8[0m [32m━━━━━━━[0m[37m━━━━━━━━━━━━━[0m [1m0s[0m 35ms/step - loss: 1.3975e-04
[1m5/8[0m [32m━━━━━━━━━━━━[0m[37m━━━━━━━━[0m [1m0s[0m 31ms/step - loss: 1.4554e-04
[1m7/8[0m [32m━━━━━━━━━━━━━━━━━[0m[37m━━━[0m [1m0s[0m 35ms/step - loss: 1.4824e-04
[1m8/8[0m [32m━━━━━━━━━━━━━━━━━━━━[0m[37m[0m [1m0s[0m 37ms/step - loss: 1.5706e-04
Epoch 108/200

[1m1/8[0m [32m━━[0m[37m━━━━━━━━━━━━━━━━━━[0m [1m2s[0m 352ms/step - loss: 1.0619e-04
[1m4/8[0m [32m━━━━━━━━━━[0m[37m━━━━━━━━━━[0m [1m0s[0m 26ms/step - loss: 8.3144e-05 
[1m6/8[0m [32m━━━━━━━━━━━━━━━[0m[37m━━━━━[0m [1m0s[0m 28ms/step - loss: 9.6814e-05
[1m8/8[0m [32m━━━━━━━━━━━━━━━━━━━━[0m[37m[0m [1m0s[0m 28ms/step - loss: 1.0152e-04
[1m8/8[0m [32m━━━━━━━━━━━━━━━━━━━━[0m[37m[0m [1m1s[0m 32ms/step - loss: 1.1612e-04
Epoch 109/200

[1m1/8[0m [32m━━[0m[37m━━━━━━━━━━━━━━━━━━[0m [1m0s[0m 81ms/step - loss: 4.5766e-05
[1m3/8[0m [32m━━━━━━━[0m[37m━━━━━━━━━━━━━[0m [1m0s[0m 36ms/step - loss: 9.5694e-05
[1m5/8[0m [32m━━━━━━━━━━━━[0m[37m━━━━━━━━[0m [1m0s[0m 35ms/step - loss: 1.0115e-04
[1m7/8[0m [32m━━━━━━━━━━━━━━━━━[0m[37m━━━[0m [1m0s[0m 35ms/step - loss: 1.1077e-04
[1m8/8[0m [32m━━━━━━━━━━━━━━━━━━━━[0m[37m[0m [1m0s[0m 37ms/step - loss: 1.3846e-04
Epoch 110/200

[1m1/8[0m [32m━━[0m[37m━━━━━━━━━━━━━━━━━━[0m [1m0s[0m 62ms/step - loss: 3.4174e-04
[1m3/8[0m [32m━━━━━━━[0m[37m━━━━━━━━━━━━━[0m [1m0s[0m 27ms/step - loss: 2.5358e-04
[1m5/8[0m [32m━━━━━━━━━━━━[0m[37m━━━━━━━━[0m [1m0s[0m 28ms/step - loss: 2.1878e-04
[1m7/8[0m [32m━━━━━━━━━━━━━━━━━[0m[37m━━━[0m [1m0s[0m 29ms/step - loss: 1.9643e-04
[1m8/8[0m [32m━━━━━━━━━━━━━━━━━━━━[0m[37m[0m [1m0s[0m 33ms/step - loss: 1.2913e-04
Epoch 111/200

[1m1/8[0m [32m━━[0m[37m━━━━━━━━━━━━━━━━━━[0m [1m0s[0m 56ms/step - loss: 4.4007e-05
[1m3/8[0m [32m━━━━━━━[0m[37m━━━━━━━━━━━━━[0m [1m0s[0m 32ms/step - loss: 7.9191e-05
[1m5/8[0m [32m━━━━━━━━━━━━[0m[37m━━━━━━━━[0m [1m0s[0m 29ms/step - loss: 9.6890e-05
[1m7/8[0m [32m━━━━━━━━━━━━━━━━━[0m[37m━━━[0m [1m0s[0m 30ms/step - loss: 1.0088e-04
[1m8/8[0m [32m━━━━━━━━━━━━━━━━━━━━[0m[37m[0m [1m0s[0m 36ms/step - loss: 1.3409e-04
Epoch 112/200

[1m1/8[0m [32m━━[0m[37m━━━━━━━━━━━━━━━━━━[0m [1m0s[0m 73ms/step - loss: 1.1296e-04
[1m3/8[0m [32m━━━━━━━[0m[37m━━━━━━━━━━━━━[0m [1m0s[0m 30ms/step - loss: 1.3043e-04
[1m5/8[0m [32m━━━━━━━━━━━━[0m[37m━━━━━━━━[0m [1m0s[0m 29ms/step - loss: 1.2263e-04
[1m7/8[0m [32m━━━━━━━━━━━━━━━━━[0m[37m━━━[0m [1m0s[0m 31ms/step - loss: 1.2346e-04
[1m8/8[0m [32m━━━━━━━━━━━━━━━━━━━━[0m[37m[0m [1m0s[0m 34ms/step - loss: 1.3133e-04
Epoch 113/200

[1m1/8[0m [32m━━[0m[37m━━━━━━━━━━━━━━━━━━[0m [1m0s[0m 62ms/step - loss: 6.8067e-05
[1m3/8[0m [32m━━━━━━━[0m[37m━━━━━━━━━━━━━[0m [1m0s[0m 27ms/step - loss: 9.3903e-05
[1m6/8[0m [32m━━━━━━━━━━━━━━━[0m[37m━━━━━[0m [1m0s[0m 27ms/step - loss: 1.2144e-04
[1m8/8[0m [32m━━━━━━━━━━━━━━━━━━━━[0m[37m[0m [1m0s[0m 29ms/step - loss: 1.2326e-04
[1m8/8[0m [32m━━━━━━━━━━━━━━━━━━━━[0m[37m[0m [1m0s[0m 35ms/step - loss: 1.2758e-04
Epoch 114/200

[1m1/8[0m [32m━━[0m[37m━━━━━━━━━━━━━━━━━━[0m [1m0s[0m 87ms/step - loss: 2.5736e-04
[1m3/8[0m [32m━━━━━━━[0m[37m━━━━━━━━━━━━━[0m [1m0s[0m 40ms/step - loss: 1.9618e-04
[1m5/8[0m [32m━━━━━━━━━━━━[0m[37m━━━━━━━━[0m [1m0s[0m 38ms/step - loss: 1.7213e-04
[1m7/8[0m [32m━━━━━━━━━━━━━━━━━[0m[37m━━━[0m [1m0s[0m 35ms/step - loss: 1.5960e-04
[1m8/8[0m [32m━━━━━━━━━━━━━━━━━━━━[0m[37m[0m [1m0s[0m 39ms/step - loss: 1.3594e-04
Epoch 115/200

[1m1/8[0m [32m━━[0m[37m━━━━━━━━━━━━━━━━━━[0m [1m0s[0m 81ms/step - loss: 1.6853e-04
[1m3/8[0m [32m━━━━━━━[0m[37m━━━━━━━━━━━━━[0m [1m0s[0m 30ms/step - loss: 1.4231e-04
[1m5/8[0m [32m━━━━━━━━━━━━[0m[37m━━━━━━━━[0m [1m0s[0m 32ms/step - loss: 1.2678e-04
[1m7/8[0m [32m━━━━━━━━━━━━━━━━━[0m[37m━━━[0m [1m0s[0m 31ms/step - loss: 1.2213e-04
[1m8/8[0m [32m━━━━━━━━━━━━━━━━━━━━[0m[37m[0m [1m0s[0m 35ms/step - loss: 1.3419e-04
Epoch 116/200

[1m1/8[0m [32m━━[0m[37m━━━━━━━━━━━━━━━━━━[0m [1m0s[0m 60ms/step - loss: 7.3588e-05
[1m3/8[0m [32m━━━━━━━[0m[37m━━━━━━━━━━━━━[0m [1m0s[0m 35ms/step - loss: 1.2546e-04
[1m5/8[0m [32m━━━━━━━━━━━━[0m[37m━━━━━━━━[0m [1m0s[0m 34ms/step - loss: 1.3080e-04
[1m7/8[0m [32m━━━━━━━━━━━━━━━━━[0m[37m━━━[0m [1m0s[0m 34ms/step - loss: 1.3336e-04
[1m8/8[0m [32m━━━━━━━━━━━━━━━━━━━━[0m[37m[0m [1m0s[0m 41ms/step - loss: 1.4406e-04
Epoch 117/200

[1m1/8[0m [32m━━[0m[37m━━━━━━━━━━━━━━━━━━[0m [1m0s[0m 66ms/step - loss: 1.7723e-04
[1m3/8[0m [32m━━━━━━━[0m[37m━━━━━━━━━━━━━[0m [1m0s[0m 26ms/step - loss: 1.4879e-04
[1m5/8[0m [32m━━━━━━━━━━━━[0m[37m━━━━━━━━[0m [1m0s[0m 29ms/step - loss: 1.3571e-04
[1m7/8[0m [32m━━━━━━━━━━━━━━━━━[0m[37m━━━[0m [1m0s[0m 31ms/step - loss: 1.3024e-04
[1m8/8[0m [32m━━━━━━━━━━━━━━━━━━━━[0m[37m[0m [1m0s[0m 35ms/step - loss: 1.2175e-04
Epoch 118/200

[1m1/8[0m [32m━━[0m[37m━━━━━━━━━━━━━━━━━━[0m [1m0s[0m 66ms/step - loss: 1.1573e-04
[1m3/8[0m [32m━━━━━━━[0m[37m━━━━━━━━━━━━━[0m [1m0s[0m 37ms/step - loss: 1.5423e-04
[1m5/8[0m [32m━━━━━━━━━━━━[0m[37m━━━━━━━━[0m [1m0s[0m 35ms/step - loss: 1.4892e-04
[1m7/8[0m [32m━━━━━━━━━━━━━━━━━[0m[37m━━━[0m [1m0s[0m 35ms/step - loss: 1.4594e-04
[1m8/8[0m [32m━━━━━━━━━━━━━━━━━━━━[0m[37m[0m [1m0s[0m 38ms/step - loss: 1.3035e-04
Epoch 119/200

[1m1/8[0m [32m━━[0m[37m━━━━━━━━━━━━━━━━━━[0m [1m2s[0m 369ms/step - loss: 1.1430e-04
[1m3/8[0m [32m━━━━━━━[0m[37m━━━━━━━━━━━━━[0m [1m0s[0m 32ms/step - loss: 1.2886e-04 
[1m5/8[0m [32m━━━━━━━━━━━━[0m[37m━━━━━━━━[0m [1m0s[0m 34ms/step - loss: 1.1547e-04
[1m7/8[0m [32m━━━━━━━━━━━━━━━━━[0m[37m━━━[0m [1m0s[0m 38ms/step - loss: 1.1487e-04
[1m8/8[0m [32m━━━━━━━━━━━━━━━━━━━━[0m[37m[0m [1m1s[0m 44ms/step - loss: 1.1713e-04
Epoch 120/200

[1m1/8[0m [32m━━[0m[37m━━━━━━━━━━━━━━━━━━[0m [1m0s[0m 110ms/step - loss: 5.1342e-05
[1m3/8[0m [32m━━━━━━━[0m[37m━━━━━━━━━━━━━[0m [1m0s[0m 35ms/step - loss: 5.2441e-05 
[1m6/8[0m [32m━━━━━━━━━━━━━━━[0m[37m━━━━━[0m [1m0s[0m 29ms/step - loss: 6.8290e-05
[1m8/8[0m [32m━━━━━━━━━━━━━━━━━━━━[0m[37m[0m [1m0s[0m 30ms/step - loss: 8.1719e-05
[1m8/8[0m [32m━━━━━━━━━━━━━━━━━━━━[0m[37m[0m [1m0s[0m 37ms/step - loss: 1.1965e-04
Epoch 121/200

[1m1/8[0m [32m━━[0m[37m━━━━━━━━━━━━━━━━━━[0m [1m0s[0m 92ms/step - loss: 1.3990e-04
[1m3/8[0m [32m━━━━━━━[0m[37m━━━━━━━━━━━━━[0m [1m0s[0m 50ms/step - loss: 1.5934e-04
[1m5/8[0m [32m━━━━━━━━━━━━[0m[37m━━━━━━━━[0m [1m0s[0m 44ms/step - loss: 1.5750e-04
[1m7/8[0m [32m━━━━━━━━━━━━━━━━━[0m[37m━━━[0m [1m0s[0m 42ms/step - loss: 1.5642e-04
[1m8/8[0m [32m━━━━━━━━━━━━━━━━━━━━[0m[37m[0m [1m0s[0m 49ms/step - loss: 1.4118e-04
Epoch 122/200

[1m1/8[0m [32m━━[0m[37m━━━━━━━━━━━━━━━━━━[0m [1m0s[0m 86ms/step - loss: 3.1180e-04
[1m3/8[0m [32m━━━━━━━[0m[37m━━━━━━━━━━━━━[0m [1m0s[0m 48ms/step - loss: 2.2181e-04
[1m4/8[0m [32m━━━━━━━━━━[0m[37m━━━━━━━━━━[0m [1m0s[0m 53ms/step - loss: 1.9888e-04
[1m6/8[0m [32m━━━━━━━━━━━━━━━[0m[37m━━━━━[0m [1m0s[0m 45ms/step - loss: 1.7287e-04
[1m8/8[0m [32m━━━━━━━━━━━━━━━━━━━━[0m[37m[0m [1m0s[0m 40ms/step - loss: 1.5910e-04
[1m8/8[0m [32m━━━━━━━━━━━━━━━━━━━━[0m[37m[0m [1m0s[0m 46ms/step - loss: 1.1469e-04
Epoch 123/200

[1m1/8[0m [32m━━[0m[37m━━━━━━━━━━━━━━━━━━[0m [1m0s[0m 78ms/step - loss: 8.0913e-05
[1m3/8[0m [32m━━━━━━━[0m[37m━━━━━━━━━━━━━[0m [1m0s[0m 40ms/step - loss: 1.0196e-04
[1m5/8[0m [32m━━━━━━━━━━━━[0m[37m━━━━━━━━[0m [1m0s[0m 40ms/step - loss: 1.1991e-04
[1m6/8[0m [32m━━━━━━━━━━━━━━━[0m[37m━━━━━[0m [1m0s[0m 43ms/step - loss: 1.2225e-04
[1m7/8[0m [32m━━━━━━━━━━━━━━━━━[0m[37m━━━[0m [1m0s[0m 47ms/step - loss: 1.2234e-04
[1m8/8[0m [32m━━━━━━━━━━━━━━━━━━━━[0m[37m[0m [1m0s[0m 49ms/step - loss: 1.2224e-04
[1m8/8[0m [32m━━━━━━━━━━━━━━━━━━━━[0m[37m[0m [1m0s[0m 55ms/step - loss: 1.2149e-04
Epoch 124/200

[1m1/8[0m [32m━━[0m[37m━━━━━━━━━━━━━━━━━━[0m [1m0s[0m 109ms/step - loss: 3.1682e-05
[1m3/8[0m [32m━━━━━━━[0m[37m━━━━━━━━━━━━━[0m [1m0s[0m 45ms/step - loss: 6.7164e-05 
[1m5/8[0m [32m━━━━━━━━━━━━[0m[37m━━━━━━━━[0m [1m0s[0m 49ms/step - loss: 9.5534e-05
[1m7/8[0m [32m━━━━━━━━━━━━━━━━━[0m[37m━━━[0m [1m0s[0m 47ms/step - loss: 1.0588e-04
[1m8/8[0m [32m━━━━━━━━━━━━━━━━━━━━[0m[37m[0m [1m0s[0m 51ms/step - loss: 1.2162e-04
Epoch 125/200

[1m1/8[0m [32m━━[0m[37m━━━━━━━━━━━━━━━━━━[0m [1m0s[0m 77ms/step - loss: 7.1833e-05
[1m3/8[0m [32m━━━━━━━[0m[37m━━━━━━━━━━━━━[0m [1m0s[0m 39ms/step - loss: 8.2194e-05
[1m5/8[0m [32m━━━━━━━━━━━━[0m[37m━━━━━━━━[0m [1m0s[0m 37ms/step - loss: 1.0418e-04
[1m7/8[0m [32m━━━━━━━━━━━━━━━━━[0m[37m━━━[0m [1m0s[0m 36ms/step - loss: 1.1150e-04
[1m8/8[0m [32m━━━━━━━━━━━━━━━━━━━━[0m[37m[0m [1m0s[0m 39ms/step - loss: 1.2096e-04
Epoch 126/200

[1m1/8[0m [32m━━[0m[37m━━━━━━━━━━━━━━━━━━[0m [1m0s[0m 98ms/step - loss: 2.9381e-04
[1m3/8[0m [32m━━━━━━━[0m[37m━━━━━━━━━━━━━[0m [1m0s[0m 41ms/step - loss: 2.5028e-04
[1m5/8[0m [32m━━━━━━━━━━━━[0m[37m━━━━━━━━[0m [1m0s[0m 45ms/step - loss: 2.0993e-04
[1m6/8[0m [32m━━━━━━━━━━━━━━━[0m[37m━━━━━[0m [1m0s[0m 51ms/step - loss: 1.9633e-04
[1m8/8[0m [32m━━━━━━━━━━━━━━━━━━━━[0m[37m[0m [1m0s[0m 46ms/step - loss: 1.7659e-04
[1m8/8[0m [32m━━━━━━━━━━━━━━━━━━━━[0m[37m[0m [1m0s[0m 57ms/step - loss: 1.1742e-04
Epoch 127/200

[1m1/8[0m [32m━━[0m[37m━━━━━━━━━━━━━━━━━━[0m [1m0s[0m 84ms/step - loss: 3.9864e-04
[1m3/8[0m [32m━━━━━━━[0m[37m━━━━━━━━━━━━━[0m [1m0s[0m 28ms/step - loss: 2.7820e-04
[1m5/8[0m [32m━━━━━━━━━━━━[0m[37m━━━━━━━━[0m [1m0s[0m 29ms/step - loss: 2.2354e-04
[1m7/8[0m [32m━━━━━━━━━━━━━━━━━[0m[37m━━━[0m [1m0s[0m 31ms/step - loss: 1.9234e-04
[1m8/8[0m [32m━━━━━━━━━━━━━━━━━━━━[0m[37m[0m [1m0s[0m 39ms/step - loss: 1.1419e-04
Epoch 128/200

[1m1/8[0m [32m━━[0m[37m━━━━━━━━━━━━━━━━━━[0m [1m0s[0m 76ms/step - loss: 2.0598e-05
[1m3/8[0m [32m━━━━━━━[0m[37m━━━━━━━━━━━━━[0m [1m0s[0m 35ms/step - loss: 6.4029e-05
[1m6/8[0m [32m━━━━━━━━━━━━━━━[0m[37m━━━━━[0m [1m0s[0m 28ms/step - loss: 8.7626e-05
[1m8/8[0m [32m━━━━━━━━━━━━━━━━━━━━[0m[37m[0m [1m0s[0m 30ms/step - loss: 1.0751e-04
Epoch 129/200

[1m1/8[0m [32m━━[0m[37m━━━━━━━━━━━━━━━━━━[0m [1m0s[0m 59ms/step - loss: 3.6008e-05
[1m4/8[0m [32m━━━━━━━━━━[0m[37m━━━━━━━━━━[0m [1m0s[0m 26ms/step - loss: 6.0594e-05
[1m7/8[0m [32m━━━━━━━━━━━━━━━━━[0m[37m━━━[0m [1m0s[0m 24ms/step - loss: 7.8922e-05
[1m8/8[0m [32m━━━━━━━━━━━━━━━━━━━━[0m[37m[0m [1m0s[0m 27ms/step - loss: 1.1076e-04
Epoch 130/200

[1m1/8[0m [32m━━[0m[37m━━━━━━━━━━━━━━━━━━[0m [1m0s[0m 92ms/step - loss: 6.5603e-05
[1m3/8[0m [32m━━━━━━━[0m[37m━━━━━━━━━━━━━[0m [1m0s[0m 30ms/step - loss: 7.4510e-05
[1m5/8[0m [32m━━━━━━━━━━━━[0m[37m━━━━━━━━[0m [1m0s[0m 35ms/step - loss: 1.0719e-04
[1m7/8[0m [32m━━━━━━━━━━━━━━━━━[0m[37m━━━[0m [1m0s[0m 38ms/step - loss: 1.1540e-04
[1m8/8[0m [32m━━━━━━━━━━━━━━━━━━━━[0m[37m[0m [1m0s[0m 44ms/step - loss: 1.2700e-04
Epoch 131/200

[1m1/8[0m [32m━━[0m[37m━━━━━━━━━━━━━━━━━━[0m [1m0s[0m 80ms/step - loss: 6.5089e-05
[1m3/8[0m [32m━━━━━━━[0m[37m━━━━━━━━━━━━━[0m [1m0s[0m 28ms/step - loss: 9.7371e-05
[1m5/8[0m [32m━━━━━━━━━━━━[0m[37m━━━━━━━━[0m [1m0s[0m 29ms/step - loss: 1.0146e-04
[1m7/8[0m [32m━━━━━━━━━━━━━━━━━[0m[37m━━━[0m [1m0s[0m 31ms/step - loss: 1.0546e-04
[1m8/8[0m [32m━━━━━━━━━━━━━━━━━━━━[0m[37m[0m [1m0s[0m 36ms/step - loss: 1.2360e-04
Epoch 132/200

[1m1/8[0m [32m━━[0m[37m━━━━━━━━━━━━━━━━━━[0m [1m0s[0m 91ms/step - loss: 6.2609e-05
[1m2/8[0m [32m━━━━━[0m[37m━━━━━━━━━━━━━━━[0m [1m0s[0m 50ms/step - loss: 5.8286e-05
[1m4/8[0m [32m━━━━━━━━━━[0m[37m━━━━━━━━━━[0m [1m0s[0m 37ms/step - loss: 7.3224e-05
[1m6/8[0m [32m━━━━━━━━━━━━━━━[0m[37m━━━━━[0m [1m0s[0m 35ms/step - loss: 7.7135e-05
[1m8/8[0m [32m━━━━━━━━━━━━━━━━━━━━[0m[37m[0m [1m0s[0m 36ms/step - loss: 8.5128e-05
[1m8/8[0m [32m━━━━━━━━━━━━━━━━━━━━[0m[37m[0m [1m0s[0m 41ms/step - loss: 1.1816e-04
Epoch 133/200

[1m1/8[0m [32m━━[0m[37m━━━━━━━━━━━━━━━━━━[0m [1m0s[0m 115ms/step - loss: 1.3198e-04
[1m3/8[0m [32m━━━━━━━[0m[37m━━━━━━━━━━━━━[0m [1m0s[0m 29ms/step - loss: 1.0436e-04 
[1m5/8[0m [32m━━━━━━━━━━━━[0m[37m━━━━━━━━[0m [1m0s[0m 30ms/step - loss: 1.0777e-04
[1m7/8[0m [32m━━━━━━━━━━━━━━━━━[0m[37m━━━[0m [1m0s[0m 35ms/step - loss: 1.1168e-04
[1m8/8[0m [32m━━━━━━━━━━━━━━━━━━━━[0m[37m[0m [1m0s[0m 41ms/step - loss: 1.1459e-04
Epoch 134/200

[1m1/8[0m [32m━━[0m[37m━━━━━━━━━━━━━━━━━━[0m [1m0s[0m 83ms/step - loss: 8.6586e-05
[1m2/8[0m [32m━━━━━[0m[37m━━━━━━━━━━━━━━━[0m [1m0s[0m 50ms/step - loss: 9.4056e-05
[1m3/8[0m [32m━━━━━━━[0m[37m━━━━━━━━━━━━━[0m [1m0s[0m 54ms/step - loss: 9.0084e-05
[1m5/8[0m [32m━━━━━━━━━━━━[0m[37m━━━━━━━━[0m [1m0s[0m 51ms/step - loss: 9.2961e-05
[1m7/8[0m [32m━━━━━━━━━━━━━━━━━[0m[37m━━━[0m [1m0s[0m 52ms/step - loss: 1.0059e-04
[1m8/8[0m [32m━━━━━━━━━━━━━━━━━━━━[0m[37m[0m [1m0s[0m 57ms/step - loss: 1.2583e-04
Epoch 135/200

[1m1/8[0m [32m━━[0m[37m━━━━━━━━━━━━━━━━━━[0m [1m0s[0m 88ms/step - loss: 1.1394e-04
[1m3/8[0m [32m━━━━━━━[0m[37m━━━━━━━━━━━━━[0m [1m0s[0m 48ms/step - loss: 1.1129e-04
[1m4/8[0m [32m━━━━━━━━━━[0m[37m━━━━━━━━━━[0m [1m0s[0m 49ms/step - loss: 1.2409e-04
[1m6/8[0m [32m━━━━━━━━━━━━━━━[0m[37m━━━━━[0m [1m0s[0m 44ms/step - loss: 1.2760e-04
[1m8/8[0m [32m━━━━━━━━━━━━━━━━━━━━[0m[37m[0m [1m0s[0m 44ms/step - loss: 1.2485e-04
[1m8/8[0m [32m━━━━━━━━━━━━━━━━━━━━[0m[37m[0m [1m0s[0m 51ms/step - loss: 1.1560e-04
Epoch 136/200

[1m1/8[0m [32m━━[0m[37m━━━━━━━━━━━━━━━━━━[0m [1m0s[0m 108ms/step - loss: 1.1585e-04
[1m2/8[0m [32m━━━━━[0m[37m━━━━━━━━━━━━━━━[0m [1m0s[0m 61ms/step - loss: 1.3751e-04 
[1m3/8[0m [32m━━━━━━━[0m[37m━━━━━━━━━━━━━[0m [1m0s[0m 76ms/step - loss: 1.4521e-04
[1m5/8[0m [32m━━━━━━━━━━━━[0m[37m━━━━━━━━[0m [1m0s[0m 55ms/step - loss: 1.4645e-04
[1m8/8[0m [32m━━━━━━━━━━━━━━━━━━━━[0m[37m[0m [1m0s[0m 43ms/step - loss: 1.3770e-04
[1m8/8[0m [32m━━━━━━━━━━━━━━━━━━━━[0m[37m[0m [1m0s[0m 47ms/step - loss: 1.2100e-04
Epoch 137/200

[1m1/8[0m [32m━━[0m[37m━━━━━━━━━━━━━━━━━━[0m [1m0s[0m 107ms/step - loss: 5.4433e-05
[1m3/8[0m [32m━━━━━━━[0m[37m━━━━━━━━━━━━━[0m [1m0s[0m 50ms/step - loss: 5.7213e-05 
[1m5/8[0m [32m━━━━━━━━━━━━[0m[37m━━━━━━━━[0m [1m0s[0m 43ms/step - loss: 7.6455e-05
[1m7/8[0m [32m━━━━━━━━━━━━━━━━━[0m[37m━━━[0m [1m0s[0m 39ms/step - loss: 8.5711e-05
[1m8/8[0m [32m━━━━━━━━━━━━━━━━━━━━[0m[37m[0m [1m0s[0m 43ms/step - loss: 1.1895e-04
Epoch 138/200

[1m1/8[0m [32m━━[0m[37m━━━━━━━━━━━━━━━━━━[0m [1m0s[0m 80ms/step - loss: 8.8697e-05
[1m3/8[0m [32m━━━━━━━[0m[37m━━━━━━━━━━━━━[0m [1m0s[0m 41ms/step - loss: 7.2205e-05
[1m5/8[0m [32m━━━━━━━━━━━━[0m[37m━━━━━━━━[0m [1m0s[0m 34ms/step - loss: 7.0354e-05
[1m7/8[0m [32m━━━━━━━━━━━━━━━━━[0m[37m━━━[0m [1m0s[0m 33ms/step - loss: 8.1062e-05
[1m8/8[0m [32m━━━━━━━━━━━━━━━━━━━━[0m[37m[0m [1m0s[0m 39ms/step - loss: 9.7481e-05
Epoch 139/200

[1m1/8[0m [32m━━[0m[37m━━━━━━━━━━━━━━━━━━[0m [1m0s[0m 56ms/step - loss: 8.4388e-05
[1m3/8[0m [32m━━━━━━━[0m[37m━━━━━━━━━━━━━[0m [1m0s[0m 28ms/step - loss: 6.9241e-05
[1m5/8[0m [32m━━━━━━━━━━━━[0m[37m━━━━━━━━[0m [1m0s[0m 34ms/step - loss: 8.1476e-05
[1m7/8[0m [32m━━━━━━━━━━━━━━━━━[0m[37m━━━[0m [1m0s[0m 33ms/step - loss: 8.7038e-05
[1m8/8[0m [32m━━━━━━━━━━━━━━━━━━━━[0m[37m[0m [1m0s[0m 36ms/step - loss: 1.1703e-04
Epoch 140/200

[1m1/8[0m [32m━━[0m[37m━━━━━━━━━━━━━━━━━━[0m [1m1s[0m 152ms/step - loss: 5.1459e-05
[1m2/8[0m [32m━━━━━[0m[37m━━━━━━━━━━━━━━━[0m [1m0s[0m 72ms/step - loss: 5.7528e-05 
[1m3/8[0m [32m━━━━━━━[0m[37m━━━━━━━━━━━━━[0m [1m0s[0m 76ms/step - loss: 6.5446e-05
[1m4/8[0m [32m━━━━━━━━━━[0m[37m━━━━━━━━━━[0m [1m0s[0m 74ms/step - loss: 7.2377e-05
[1m6/8[0m [32m━━━━━━━━━━━━━━━[0m[37m━━━━━[0m [1m0s[0m 60ms/step - loss: 8.8490e-05
[1m7/8[0m [32m━━━━━━━━━━━━━━━━━[0m[37m━━━[0m [1m0s[0m 61ms/step - loss: 9.2033e-05
[1m8/8[0m [32m━━━━━━━━━━━━━━━━━━━━[0m[37m[0m [1m0s[0m 59ms/step - loss: 9.4174e-05
[1m8/8[0m [32m━━━━━━━━━━━━━━━━━━━━[0m[37m[0m [1m1s[0m 64ms/step - loss: 1.0916e-04
Epoch 141/200

[1m1/8[0m [32m━━[0m[37m━━━━━━━━━━━━━━━━━━[0m [1m0s[0m 90ms/step - loss: 1.3144e-04
[1m3/8[0m [32m━━━━━━━[0m[37m━━━━━━━━━━━━━[0m [1m0s[0m 44ms/step - loss: 1.3006e-04
[1m5/8[0m [32m━━━━━━━━━━━━[0m[37m━━━━━━━━[0m [1m0s[0m 40ms/step - loss: 1.3093e-04
[1m7/8[0m [32m━━━━━━━━━━━━━━━━━[0m[37m━━━[0m [1m0s[0m 45ms/step - loss: 1.2598e-04
[1m8/8[0m [32m━━━━━━━━━━━━━━━━━━━━[0m[37m[0m [1m1s[0m 63ms/step - loss: 1.0513e-04
Epoch 142/200

[1m1/8[0m [32m━━[0m[37m━━━━━━━━━━━━━━━━━━[0m [1m0s[0m 78ms/step - loss: 1.5082e-04
[1m4/8[0m [32m━━━━━━━━━━[0m[37m━━━━━━━━━━[0m [1m0s[0m 27ms/step - loss: 1.4233e-04
[1m6/8[0m [32m━━━━━━━━━━━━━━━[0m[37m━━━━━[0m [1m0s[0m 32ms/step - loss: 1.3312e-04
[1m7/8[0m [32m━━━━━━━━━━━━━━━━━[0m[37m━━━[0m [1m0s[0m 35ms/step - loss: 1.3118e-04
[1m8/8[0m [32m━━━━━━━━━━━━━━━━━━━━[0m[37m[0m [1m0s[0m 46ms/step - loss: 1.1926e-04
Epoch 143/200

[1m1/8[0m [32m━━[0m[37m━━━━━━━━━━━━━━━━━━[0m [1m0s[0m 104ms/step - loss: 5.5010e-05
[1m3/8[0m [32m━━━━━━━[0m[37m━━━━━━━━━━━━━[0m [1m0s[0m 52ms/step - loss: 9.0043e-05 
[1m5/8[0m [32m━━━━━━━━━━━━[0m[37m━━━━━━━━[0m [1m0s[0m 71ms/step - loss: 9.3397e-05
[1m7/8[0m [32m━━━━━━━━━━━━━━━━━[0m[37m━━━[0m [1m0s[0m 57ms/step - loss: 1.0137e-04
[1m8/8[0m [32m━━━━━━━━━━━━━━━━━━━━[0m[37m[0m [1m0s[0m 55ms/step - loss: 1.1682e-04
Epoch 144/200

[1m1/8[0m [32m━━[0m[37m━━━━━━━━━━━━━━━━━━[0m [1m0s[0m 112ms/step - loss: 4.9434e-05
[1m3/8[0m [32m━━━━━━━[0m[37m━━━━━━━━━━━━━[0m [1m0s[0m 53ms/step - loss: 5.2152e-05 
[1m4/8[0m [32m━━━━━━━━━━[0m[37m━━━━━━━━━━[0m [1m0s[0m 55ms/step - loss: 5.3634e-05
[1m6/8[0m [32m━━━━━━━━━━━━━━━[0m[37m━━━━━[0m [1m0s[0m 51ms/step - loss: 6.5544e-05
[1m7/8[0m [32m━━━━━━━━━━━━━━━━━[0m[37m━━━[0m [1m0s[0m 54ms/step - loss: 7.2535e-05
[1m8/8[0m [32m━━━━━━━━━━━━━━━━━━━━[0m[37m[0m [1m1s[0m 58ms/step - loss: 1.0816e-04
Epoch 145/200

[1m1/8[0m [32m━━[0m[37m━━━━━━━━━━━━━━━━━━[0m [1m0s[0m 130ms/step - loss: 4.1506e-04
[1m2/8[0m [32m━━━━━[0m[37m━━━━━━━━━━━━━━━[0m [1m0s[0m 105ms/step - loss: 3.2770e-04
[1m3/8[0m [32m━━━━━━━[0m[37m━━━━━━━━━━━━━[0m [1m0s[0m 99ms/step - loss: 2.7457e-04 
[1m5/8[0m [32m━━━━━━━━━━━━[0m[37m━━━━━━━━[0m [1m0s[0m 69ms/step - loss: 2.2621e-04
[1m6/8[0m [32m━━━━━━━━━━━━━━━[0m[37m━━━━━[0m [1m0s[0m 71ms/step - loss: 2.1111e-04
[1m8/8[0m [32m━━━━━━━━━━━━━━━━━━━━[0m[37m[0m [1m0s[0m 59ms/step - loss: 1.8974e-04
[1m8/8[0m [32m━━━━━━━━━━━━━━━━━━━━[0m[37m[0m [1m1s[0m 67ms/step - loss: 1.2264e-04
Epoch 146/200

[1m1/8[0m [32m━━[0m[37m━━━━━━━━━━━━━━━━━━[0m [1m0s[0m 111ms/step - loss: 7.2154e-05
[1m2/8[0m [32m━━━━━[0m[37m━━━━━━━━━━━━━━━[0m [1m0s[0m 65ms/step - loss: 8.8423e-05 
[1m3/8[0m [32m━━━━━━━[0m[37m━━━━━━━━━━━━━[0m [1m0s[0m 61ms/step - loss: 1.0197e-04
[1m4/8[0m [32m━━━━━━━━━━[0m[37m━━━━━━━━━━[0m [1m0s[0m 58ms/step - loss: 1.0287e-04
[1m5/8[0m [32m━━━━━━━━━━━━[0m[37m━━━━━━━━[0m [1m0s[0m 57ms/step - loss: 1.0091e-04
[1m6/8[0m [32m━━━━━━━━━━━━━━━[0m[37m━━━━━[0m [1m0s[0m 57ms/step - loss: 1.0316e-04
[1m7/8[0m [32m━━━━━━━━━━━━━━━━━[0m[37m━━━[0m [1m0s[0m 58ms/step - loss: 1.0336e-04
[1m8/8[0m [32m━━━━━━━━━━━━━━━━━━━━[0m[37m[0m [1m1s[0m 66ms/step - loss: 1.0337e-04
Epoch 147/200

[1m1/8[0m [32m━━[0m[37m━━━━━━━━━━━━━━━━━━[0m [1m0s[0m 81ms/step - loss: 8.5789e-05
[1m3/8[0m [32m━━━━━━━[0m[37m━━━━━━━━━━━━━[0m [1m0s[0m 45ms/step - loss: 9.9549e-05
[1m5/8[0m [32m━━━━━━━━━━━━[0m[37m━━━━━━━━[0m [1m0s[0m 43ms/step - loss: 1.0677e-04
[1m7/8[0m [32m━━━━━━━━━━━━━━━━━[0m[37m━━━[0m [1m0s[0m 45ms/step - loss: 1.0915e-04
[1m8/8[0m [32m━━━━━━━━━━━━━━━━━━━━[0m[37m[0m [1m0s[0m 46ms/step - loss: 1.0937e-04
[1m8/8[0m [32m━━━━━━━━━━━━━━━━━━━━[0m[37m[0m [1m0s[0m 51ms/step - loss: 1.1095e-04
Epoch 148/200

[1m1/8[0m [32m━━[0m[37m━━━━━━━━━━━━━━━━━━[0m [1m0s[0m 141ms/step - loss: 2.6898e-04
[1m2/8[0m [32m━━━━━[0m[37m━━━━━━━━━━━━━━━[0m [1m0s[0m 81ms/step - loss: 2.1200e-04 
[1m3/8[0m [32m━━━━━━━[0m[37m━━━━━━━━━━━━━[0m [1m0s[0m 79ms/step - loss: 1.8685e-04
[1m4/8[0m [32m━━━━━━━━━━[0m[37m━━━━━━━━━━[0m [1m0s[0m 71ms/step - loss: 1.6708e-04
[1m6/8[0m [32m━━━━━━━━━━━━━━━[0m[37m━━━━━[0m [1m0s[0m 60ms/step - loss: 1.4288e-04
[1m7/8[0m [32m━━━━━━━━━━━━━━━━━[0m[37m━━━[0m [1m0s[0m 61ms/step - loss: 1.3776e-04
[1m8/8[0m [32m━━━━━━━━━━━━━━━━━━━━[0m[37m[0m [1m0s[0m 61ms/step - loss: 1.3342e-04
[1m8/8[0m [32m━━━━━━━━━━━━━━━━━━━━[0m[37m[0m [1m1s[0m 70ms/step - loss: 1.0303e-04
Epoch 149/200

[1m1/8[0m [32m━━[0m[37m━━━━━━━━━━━━━━━━━━[0m [1m0s[0m 97ms/step - loss: 1.3565e-04
[1m3/8[0m [32m━━━━━━━[0m[37m━━━━━━━━━━━━━[0m [1m0s[0m 51ms/step - loss: 1.1174e-04
[1m5/8[0m [32m━━━━━━━━━━━━[0m[37m━━━━━━━━[0m [1m0s[0m 48ms/step - loss: 1.0850e-04
[1m6/8[0m [32m━━━━━━━━━━━━━━━[0m[37m━━━━━[0m [1m0s[0m 49ms/step - loss: 1.1163e-04
[1m8/8[0m [32m━━━━━━━━━━━━━━━━━━━━[0m[37m[0m [1m0s[0m 45ms/step - loss: 1.1302e-04
[1m8/8[0m [32m━━━━━━━━━━━━━━━━━━━━[0m[37m[0m [1m1s[0m 60ms/step - loss: 1.1691e-04
Epoch 150/200

[1m1/8[0m [32m━━[0m[37m━━━━━━━━━━━━━━━━━━[0m [1m1s[0m 145ms/step - loss: 9.0536e-05
[1m3/8[0m [32m━━━━━━━[0m[37m━━━━━━━━━━━━━[0m [1m0s[0m 37ms/step - loss: 7.3640e-05 
[1m5/8[0m [32m━━━━━━━━━━━━[0m[37m━━━━━━━━[0m [1m0s[0m 36ms/step - loss: 8.5128e-05
[1m7/8[0m [32m━━━━━━━━━━━━━━━━━[0m[37m━━━[0m [1m0s[0m 37ms/step - loss: 9.3995e-05
[1m8/8[0m [32m━━━━━━━━━━━━━━━━━━━━[0m[37m[0m [1m0s[0m 42ms/step - loss: 1.1212e-04
Epoch 151/200

[1m1/8[0m [32m━━[0m[37m━━━━━━━━━━━━━━━━━━[0m [1m0s[0m 109ms/step - loss: 4.3950e-05
[1m2/8[0m [32m━━━━━[0m[37m━━━━━━━━━━━━━━━[0m [1m0s[0m 50ms/step - loss: 4.0865e-05 
[1m3/8[0m [32m━━━━━━━[0m[37m━━━━━━━━━━━━━[0m [1m0s[0m 51ms/step - loss: 4.0980e-05
[1m5/8[0m [32m━━━━━━━━━━━━[0m[37m━━━━━━━━[0m [1m0s[0m 41ms/step - loss: 4.8187e-05
[1m7/8[0m [32m━━━━━━━━━━━━━━━━━[0m[37m━━━[0m [1m0s[0m 41ms/step - loss: 5.8603e-05
[1m8/8[0m [32m━━━━━━━━━━━━━━━━━━━━[0m[37m[0m [1m0s[0m 45ms/step - loss: 1.0116e-04
Epoch 152/200

[1m1/8[0m [32m━━[0m[37m━━━━━━━━━━━━━━━━━━[0m [1m2s[0m 322ms/step - loss: 4.8847e-05
[1m3/8[0m [32m━━━━━━━[0m[37m━━━━━━━━━━━━━[0m [1m0s[0m 46ms/step - loss: 1.2503e-04 
[1m5/8[0m [32m━━━━━━━━━━━━[0m[37m━━━━━━━━[0m [1m0s[0m 47ms/step - loss: 1.1944e-04
[1m6/8[0m [32m━━━━━━━━━━━━━━━[0m[37m━━━━━[0m [1m0s[0m 50ms/step - loss: 1.1595e-04
[1m8/8[0m [32m━━━━━━━━━━━━━━━━━━━━[0m[37m[0m [1m0s[0m 48ms/step - loss: 1.1319e-04
[1m8/8[0m [32m━━━━━━━━━━━━━━━━━━━━[0m[37m[0m [1m1s[0m 78ms/step - loss: 1.0400e-04
Epoch 153/200

[1m1/8[0m [32m━━[0m[37m━━━━━━━━━━━━━━━━━━[0m [1m2s[0m 347ms/step - loss: 2.3634e-04
[1m2/8[0m [32m━━━━━[0m[37m━━━━━━━━━━━━━━━[0m [1m0s[0m 107ms/step - loss: 2.0820e-04
[1m3/8[0m [32m━━━━━━━[0m[37m━━━━━━━━━━━━━[0m [1m0s[0m 81ms/step - loss: 1.8653e-04 
[1m4/8[0m [32m━━━━━━━━━━[0m[37m━━━━━━━━━━[0m [1m0s[0m 139ms/step - loss: 1.7049e-04
[1m5/8[0m [32m━━━━━━━━━━━━[0m[37m━━━━━━━━[0m [1m0s[0m 185ms/step - loss: 1.5729e-04
[1m6/8[0m [32m━━━━━━━━━━━━━━━[0m[37m━━━━━[0m [1m0s[0m 170ms/step - loss: 1.4865e-04
[1m7/8[0m [32m━━━━━━━━━━━━━━━━━[0m[37m━━━[0m [1m0s[0m 164ms/step - loss: 1.4343e-04
[1m8/8[0m [32m━━━━━━━━━━━━━━━━━━━━[0m[37m[0m [1m1s[0m 154ms/step - loss: 1.0610e-04
Epoch 154/200

[1m1/8[0m [32m━━[0m[37m━━━━━━━━━━━━━━━━━━[0m [1m1s[0m 187ms/step - loss: 4.2184e-05
[1m2/8[0m [32m━━━━━[0m[37m━━━━━━━━━━━━━━━[0m [1m0s[0m 75ms/step - loss: 5.5936e-05 
[1m3/8[0m [32m━━━━━━━[0m[37m━━━━━━━━━━━━━[0m [1m0s[0m 95ms/step - loss: 7.2327e-05
[1m5/8[0m [32m━━━━━━━━━━━━[0m[37m━━━━━━━━[0m [1m0s[0m 68ms/step - loss: 8.6923e-05
[1m6/8[0m [32m━━━━━━━━━━━━━━━[0m[37m━━━━━[0m [1m0s[0m 69ms/step - loss: 9.1223e-05
[1m7/8[0m [32m━━━━━━━━━━━━━━━━━[0m[37m━━━[0m [1m0s[0m 73ms/step - loss: 9.4431e-05
[1m8/8[0m [32m━━━━━━━━━━━━━━━━━━━━[0m[37m[0m [1m0s[0m 70ms/step - loss: 9.6191e-05
[1m8/8[0m [32m━━━━━━━━━━━━━━━━━━━━[0m[37m[0m [1m1s[0m 85ms/step - loss: 1.0851e-04
Epoch 155/200

[1m1/8[0m [32m━━[0m[37m━━━━━━━━━━━━━━━━━━[0m [1m1s[0m 263ms/step - loss: 2.9784e-04
[1m3/8[0m [32m━━━━━━━[0m[37m━━━━━━━━━━━━━[0m [1m0s[0m 41ms/step - loss: 2.0084e-04 
[1m4/8[0m [32m━━━━━━━━━━[0m[37m━━━━━━━━━━[0m [1m0s[0m 53ms/step - loss: 1.7818e-04
[1m5/8[0m [32m━━━━━━━━━━━━[0m[37m━━━━━━━━[0m [1m0s[0m 59ms/step - loss: 1.6314e-04
[1m6/8[0m [32m━━━━━━━━━━━━━━━[0m[37m━━━━━[0m [1m0s[0m 82ms/step - loss: 1.5187e-04
[1m7/8[0m [32m━━━━━━━━━━━━━━━━━[0m[37m━━━[0m [1m0s[0m 116ms/step - loss: 1.4504e-04
[1m8/8[0m [32m━━━━━━━━━━━━━━━━━━━━[0m[37m[0m [1m0s[0m 114ms/step - loss: 1.3945e-04
[1m8/8[0m [32m━━━━━━━━━━━━━━━━━━━━[0m[37m[0m [1m1s[0m 138ms/step - loss: 1.0031e-04
Epoch 156/200

[1m1/8[0m [32m━━[0m[37m━━━━━━━━━━━━━━━━━━[0m [1m3s[0m 561ms/step - loss: 7.1487e-05
[1m2/8[0m [32m━━━━━[0m[37m━━━━━━━━━━━━━━━[0m [1m0s[0m 113ms/step - loss: 8.9135e-05
[1m3/8[0m [32m━━━━━━━[0m[37m━━━━━━━━━━━━━[0m [1m1s[0m 295ms/step - loss: 9.0068e-05
[1m4/8[0m [32m━━━━━━━━━━[0m[37m━━━━━━━━━━[0m [1m1s[0m 430ms/step - loss: 8.6674e-05
[1m5/8[0m [32m━━━━━━━━━━━━[0m[37m━━━━━━━━[0m [1m1s[0m 461ms/step - loss: 8.7009e-05
[1m6/8[0m [32m━━━━━━━━━━━━━━━[0m[37m━━━━━[0m [1m0s[0m 424ms/step - loss: 9.0726e-05
[1m7/8[0m [32m━━━━━━━━━━━━━━━━━[0m[37m━━━[0m [1m0s[0m 397ms/step - loss: 9.2335e-05
[1m8/8[0m [32m━━━━━━━━━━━━━━━━━━━━[0m[37m[0m [1m0s[0m 350ms/step - loss: 9.3184e-05
[1m8/8[0m [32m━━━━━━━━━━━━━━━━━━━━[0m[37m[0m [1m3s[0m 367ms/step - loss: 9.9127e-05
Epoch 157/200

[1m1/8[0m [32m━━[0m[37m━━━━━━━━━━━━━━━━━━[0m [1m1s[0m 158ms/step - loss: 1.6922e-04
[1m3/8[0m [32m━━━━━━━[0m[37m━━━━━━━━━━━━━[0m [1m0s[0m 50ms/step - loss: 1.3882e-04 
[1m5/8[0m [32m━━━━━━━━━━━━[0m[37m━━━━━━━━[0m [1m0s[0m 46ms/step - loss: 1.3325e-04
[1m6/8[0m [32m━━━━━━━━━━━━━━━[0m[37m━━━━━[0m [1m0s[0m 48ms/step - loss: 1.2850e-04
[1m7/8[0m [32m━━━━━━━━━━━━━━━━━[0m[37m━━━[0m [1m0s[0m 50ms/step - loss: 1.2555e-04
[1m8/8[0m [32m━━━━━━━━━━━━━━━━━━━━[0m[37m[0m [1m1s[0m 56ms/step - loss: 1.0527e-04
Epoch 158/200

[1m1/8[0m [32m━━[0m[37m━━━━━━━━━━━━━━━━━━[0m [1m17s[0m 3s/step - loss: 6.1174e-05
[1m4/8[0m [32m━━━━━━━━━━[0m[37m━━━━━━━━━━[0m [1m0s[0m 22ms/step - loss: 1.3443e-04
[1m6/8[0m [32m━━━━━━━━━━━━━━━[0m[37m━━━━━[0m [1m0s[0m 32ms/step - loss: 1.3431e-04
[1m8/8[0m [32m━━━━━━━━━━━━━━━━━━━━[0m[37m[0m [1m0s[0m 39ms/step - loss: 1.2982e-04
[1m8/8[0m [32m━━━━━━━━━━━━━━━━━━━━[0m[37m[0m [1m3s[0m 56ms/step - loss: 1.1559e-04
Epoch 159/200

[1m1/8[0m [32m━━[0m[37m━━━━━━━━━━━━━━━━━━[0m [1m1s[0m 226ms/step - loss: 9.3737e-05
[1m3/8[0m [32m━━━━━━━[0m[37m━━━━━━━━━━━━━[0m [1m1s[0m 233ms/step - loss: 9.7776e-05
[1m4/8[0m [32m━━━━━━━━━━[0m[37m━━━━━━━━━━[0m [1m0s[0m 173ms/step - loss: 1.0224e-04
[1m5/8[0m [32m━━━━━━━━━━━━[0m[37m━━━━━━━━[0m [1m0s[0m 150ms/step - loss: 1.0229e-04
[1m7/8[0m [32m━━━━━━━━━━━━━━━━━[0m[37m━━━[0m [1m0s[0m 114ms/step - loss: 1.0584e-04
[1m8/8[0m [32m━━━━━━━━━━━━━━━━━━━━[0m[37m[0m [1m1s[0m 105ms/step - loss: 1.0964e-04
Epoch 160/200

[1m1/8[0m [32m━━[0m[37m━━━━━━━━━━━━━━━━━━[0m [1m0s[0m 128ms/step - loss: 6.6604e-05
[1m2/8[0m [32m━━━━━[0m[37m━━━━━━━━━━━━━━━[0m [1m0s[0m 62ms/step - loss: 8.3123e-05 
[1m3/8[0m [32m━━━━━━━[0m[37m━━━━━━━━━━━━━[0m [1m0s[0m 59ms/step - loss: 9.3179e-05
[1m4/8[0m [32m━━━━━━━━━━[0m[37m━━━━━━━━━━[0m [1m0s[0m 60ms/step - loss: 1.0549e-04
[1m6/8[0m [32m━━━━━━━━━━━━━━━[0m[37m━━━━━[0m [1m0s[0m 52ms/step - loss: 1.1269e-04
[1m8/8[0m [32m━━━━━━━━━━━━━━━━━━━━[0m[37m[0m [1m0s[0m 47ms/step - loss: 1.0707e-04
Epoch 161/200

[1m1/8[0m [32m━━[0m[37m━━━━━━━━━━━━━━━━━━[0m [1m0s[0m 98ms/step - loss: 2.3809e-04
[1m4/8[0m [32m━━━━━━━━━━[0m[37m━━━━━━━━━━[0m [1m0s[0m 28ms/step - loss: 1.9650e-04
[1m6/8[0m [32m━━━━━━━━━━━━━━━[0m[37m━━━━━[0m [1m0s[0m 33ms/step - loss: 1.7235e-04
[1m8/8[0m [32m━━━━━━━━━━━━━━━━━━━━[0m[37m[0m [1m0s[0m 33ms/step - loss: 1.5544e-04
[1m8/8[0m [32m━━━━━━━━━━━━━━━━━━━━[0m[37m[0m [1m0s[0m 46ms/step - loss: 1.0265e-04
Epoch 162/200

[1m1/8[0m [32m━━[0m[37m━━━━━━━━━━━━━━━━━━[0m [1m0s[0m 121ms/step - loss: 1.9574e-04
[1m4/8[0m [32m━━━━━━━━━━[0m[37m━━━━━━━━━━[0m [1m0s[0m 22ms/step - loss: 1.4454e-04 
[1m6/8[0m [32m━━━━━━━━━━━━━━━[0m[37m━━━━━[0m [1m0s[0m 24ms/step - loss: 1.3346e-04
[1m8/8[0m [32m━━━━━━━━━━━━━━━━━━━━[0m[37m[0m [1m0s[0m 25ms/step - loss: 1.2538e-04
[1m8/8[0m [32m━━━━━━━━━━━━━━━━━━━━[0m[37m[0m [1m0s[0m 30ms/step - loss: 9.9304e-05
Epoch 163/200

[1m1/8[0m [32m━━[0m[37m━━━━━━━━━━━━━━━━━━[0m [1m0s[0m 67ms/step - loss: 5.5306e-05
[1m4/8[0m [32m━━━━━━━━━━[0m[37m━━━━━━━━━━[0m [1m0s[0m 22ms/step - loss: 6.1323e-05
[1m7/8[0m [32m━━━━━━━━━━━━━━━━━[0m[37m━━━[0m [1m0s[0m 23ms/step - loss: 7.6703e-05
[1m8/8[0m [32m━━━━━━━━━━━━━━━━━━━━[0m[37m[0m [1m0s[0m 26ms/step - loss: 1.0379e-04
Epoch 164/200

[1m1/8[0m [32m━━[0m[37m━━━━━━━━━━━━━━━━━━[0m [1m0s[0m 55ms/step - loss: 5.8843e-05
[1m4/8[0m [32m━━━━━━━━━━[0m[37m━━━━━━━━━━[0m [1m0s[0m 19ms/step - loss: 1.0089e-04
[1m7/8[0m [32m━━━━━━━━━━━━━━━━━[0m[37m━━━[0m [1m0s[0m 20ms/step - loss: 9.4998e-05
[1m8/8[0m [32m━━━━━━━━━━━━━━━━━━━━[0m[37m[0m [1m0s[0m 23ms/step - loss: 1.0722e-04
Epoch 165/200

[1m1/8[0m [32m━━[0m[37m━━━━━━━━━━━━━━━━━━[0m [1m1s[0m 178ms/step - loss: 1.1990e-04
[1m2/8[0m [32m━━━━━[0m[37m━━━━━━━━━━━━━━━[0m [1m0s[0m 108ms/step - loss: 9.9528e-05
[1m3/8[0m [32m━━━━━━━[0m[37m━━━━━━━━━━━━━[0m [1m0s[0m 107ms/step - loss: 1.0476e-04
[1m4/8[0m [32m━━━━━━━━━━[0m[37m━━━━━━━━━━[0m [1m0s[0m 102ms/step - loss: 1.0487e-04
[1m5/8[0m [32m━━━━━━━━━━━━[0m[37m━━━━━━━━[0m [1m0s[0m 104ms/step - loss: 1.0269e-04
[1m6/8[0m [32m━━━━━━━━━━━━━━━[0m[37m━━━━━[0m [1m0s[0m 150ms/step - loss: 1.0126e-04
[1m7/8[0m [32m━━━━━━━━━━━━━━━━━[0m[37m━━━[0m [1m0s[0m 137ms/step - loss: 1.0111e-04
[1m8/8[0m [32m━━━━━━━━━━━━━━━━━━━━[0m[37m[0m [1m0s[0m 161ms/step - loss: 1.0060e-04
[1m8/8[0m [32m━━━━━━━━━━━━━━━━━━━━[0m[37m[0m [1m1s[0m 182ms/step - loss: 9.7041e-05
Epoch 166/200

[1m1/8[0m [32m━━[0m[37m━━━━━━━━━━━━━━━━━━[0m [1m9s[0m 1s/step - loss: 9.2187e-05
[1m2/8[0m [32m━━━━━[0m[37m━━━━━━━━━━━━━━━[0m [1m0s[0m 150ms/step - loss: 8.7950e-05
[1m3/8[0m [32m━━━━━━━[0m[37m━━━━━━━━━━━━━[0m [1m0s[0m 162ms/step - loss: 8.2246e-05
[1m4/8[0m [32m━━━━━━━━━━[0m[37m━━━━━━━━━━[0m [1m1s[0m 366ms/step - loss: 8.4745e-05
[1m5/8[0m [32m━━━━━━━━━━━━[0m[37m━━━━━━━━[0m [1m1s[0m 363ms/step - loss: 9.0612e-05
[1m6/8[0m [32m━━━━━━━━━━━━━━━[0m[37m━━━━━[0m [1m0s[0m 307ms/step - loss: 9.4763e-05
[1m7/8[0m [32m━━━━━━━━━━━━━━━━━[0m[37m━━━[0m [1m0s[0m 281ms/step - loss: 9.7299e-05
[1m8/8[0m [32m━━━━━━━━━━━━━━━━━━━━[0m[37m[0m [1m0s[0m 265ms/step - loss: 9.8528e-05
[1m8/8[0m [32m━━━━━━━━━━━━━━━━━━━━[0m[37m[0m [1m4s[0m 309ms/step - loss: 1.0713e-04
Epoch 167/200

[1m1/8[0m [32m━━[0m[37m━━━━━━━━━━━━━━━━━━[0m [1m8s[0m 1s/step - loss: 1.4501e-04
[1m3/8[0m [32m━━━━━━━[0m[37m━━━━━━━━━━━━━[0m [1m0s[0m 33ms/step - loss: 1.1712e-04
[1m5/8[0m [32m━━━━━━━━━━━━[0m[37m━━━━━━━━[0m [1m0s[0m 34ms/step - loss: 1.0869e-04
[1m7/8[0m [32m━━━━━━━━━━━━━━━━━[0m[37m━━━[0m [1m0s[0m 39ms/step - loss: 1.0713e-04
[1m8/8[0m [32m━━━━━━━━━━━━━━━━━━━━[0m[37m[0m [1m2s[0m 64ms/step - loss: 9.9763e-05
Epoch 168/200

[1m1/8[0m [32m━━[0m[37m━━━━━━━━━━━━━━━━━━[0m [1m9s[0m 1s/step - loss: 1.4483e-04
[1m2/8[0m [32m━━━━━[0m[37m━━━━━━━━━━━━━━━[0m [1m0s[0m 127ms/step - loss: 1.3731e-04
[1m3/8[0m [32m━━━━━━━[0m[37m━━━━━━━━━━━━━[0m [1m0s[0m 156ms/step - loss: 1.3208e-04
[1m4/8[0m [32m━━━━━━━━━━[0m[37m━━━━━━━━━━[0m [1m0s[0m 127ms/step - loss: 1.2587e-04
[1m5/8[0m [32m━━━━━━━━━━━━[0m[37m━━━━━━━━[0m [1m0s[0m 127ms/step - loss: 1.1971e-04
[1m7/8[0m [32m━━━━━━━━━━━━━━━━━[0m[37m━━━[0m [1m0s[0m 104ms/step - loss: 1.1681e-04
[1m8/8[0m [32m━━━━━━━━━━━━━━━━━━━━[0m[37m[0m [1m2s[0m 104ms/step - loss: 9.9497e-05
Epoch 169/200

[1m1/8[0m [32m━━[0m[37m━━━━━━━━━━━━━━━━━━[0m [1m1s[0m 193ms/step - loss: 4.0929e-05
[1m2/8[0m [32m━━━━━[0m[37m━━━━━━━━━━━━━━━[0m [1m0s[0m 115ms/step - loss: 4.4702e-05
[1m3/8[0m [32m━━━━━━━[0m[37m━━━━━━━━━━━━━[0m [1m0s[0m 105ms/step - loss: 4.6622e-05
[1m4/8[0m [32m━━━━━━━━━━[0m[37m━━━━━━━━━━[0m [1m0s[0m 101ms/step - loss: 5.0676e-05
[1m5/8[0m [32m━━━━━━━━━━━━[0m[37m━━━━━━━━[0m [1m0s[0m 108ms/step - loss: 5.2360e-05
[1m6/8[0m [32m━━━━━━━━━━━━━━━[0m[37m━━━━━[0m [1m0s[0m 125ms/step - loss: 5.6767e-05
[1m7/8[0m [32m━━━━━━━━━━━━━━━━━[0m[37m━━━[0m [1m0s[0m 120ms/step - loss: 6.2658e-05
[1m8/8[0m [32m━━━━━━━━━━━━━━━━━━━━[0m[37m[0m [1m0s[0m 121ms/step - loss: 6.7395e-05
[1m8/8[0m [32m━━━━━━━━━━━━━━━━━━━━[0m[37m[0m [1m1s[0m 145ms/step - loss: 1.0055e-04
Epoch 170/200

[1m1/8[0m [32m━━[0m[37m━━━━━━━━━━━━━━━━━━[0m [1m2s[0m 357ms/step - loss: 2.1303e-04
[1m3/8[0m [32m━━━━━━━[0m[37m━━━━━━━━━━━━━[0m [1m0s[0m 116ms/step - loss: 1.4526e-04
[1m4/8[0m [32m━━━━━━━━━━[0m[37m━━━━━━━━━━[0m [1m0s[0m 136ms/step - loss: 1.3232e-04
[1m6/8[0m [32m━━━━━━━━━━━━━━━[0m[37m━━━━━[0m [1m0s[0m 145ms/step - loss: 1.1567e-04
[1m7/8[0m [32m━━━━━━━━━━━━━━━━━[0m[37m━━━[0m [1m0s[0m 151ms/step - loss: 1.1375e-04
[1m8/8[0m [32m━━━━━━━━━━━━━━━━━━━━[0m[37m[0m [1m0s[0m 138ms/step - loss: 1.1182e-04
[1m8/8[0m [32m━━━━━━━━━━━━━━━━━━━━[0m[37m[0m [1m1s[0m 156ms/step - loss: 9.8283e-05
Epoch 171/200

[1m1/8[0m [32m━━[0m[37m━━━━━━━━━━━━━━━━━━[0m [1m5s[0m 840ms/step - loss: 3.3383e-05
[1m2/8[0m [32m━━━━━[0m[37m━━━━━━━━━━━━━━━[0m [1m0s[0m 76ms/step - loss: 3.1781e-05 
[1m3/8[0m [32m━━━━━━━[0m[37m━━━━━━━━━━━━━[0m [1m0s[0m 77ms/step - loss: 6.0500e-05
[1m4/8[0m [32m━━━━━━━━━━[0m[37m━━━━━━━━━━[0m [1m0s[0m 70ms/step - loss: 7.4373e-05
[1m5/8[0m [32m━━━━━━━━━━━━[0m[37m━━━━━━━━[0m [1m0s[0m 74ms/step - loss: 7.9817e-05
[1m6/8[0m [32m━━━━━━━━━━━━━━━[0m[37m━━━━━[0m [1m0s[0m 77ms/step - loss: 8.2531e-05
[1m7/8[0m [32m━━━━━━━━━━━━━━━━━[0m[37m━━━[0m [1m0s[0m 83ms/step - loss: 8.5348e-05
[1m8/8[0m [32m━━━━━━━━━━━━━━━━━━━━[0m[37m[0m [1m0s[0m 82ms/step - loss: 8.7236e-05
[1m8/8[0m [32m━━━━━━━━━━━━━━━━━━━━[0m[37m[0m [1m2s[0m 113ms/step - loss: 1.0045e-04
Epoch 172/200

[1m1/8[0m [32m━━[0m[37m━━━━━━━━━━━━━━━━━━[0m [1m1s[0m 232ms/step - loss: 5.5785e-05
[1m2/8[0m [32m━━━━━[0m[37m━━━━━━━━━━━━━━━[0m [1m1s[0m 186ms/step - loss: 5.4337e-05
[1m3/8[0m [32m━━━━━━━[0m[37m━━━━━━━━━━━━━[0m [1m0s[0m 131ms/step - loss: 5.2635e-05
[1m4/8[0m [32m━━━━━━━━━━[0m[37m━━━━━━━━━━[0m [1m0s[0m 105ms/step - loss: 6.0986e-05
[1m5/8[0m [32m━━━━━━━━━━━━[0m[37m━━━━━━━━[0m [1m0s[0m 107ms/step - loss: 6.5007e-05
[1m7/8[0m [32m━━━━━━━━━━━━━━━━━[0m[37m━━━[0m [1m0s[0m 84ms/step - loss: 7.3091e-05 
[1m8/8[0m [32m━━━━━━━━━━━━━━━━━━━━[0m[37m[0m [1m1s[0m 89ms/step - loss: 1.0663e-04
Epoch 173/200

[1m1/8[0m [32m━━[0m[37m━━━━━━━━━━━━━━━━━━[0m [1m0s[0m 116ms/step - loss: 2.3565e-04
[1m3/8[0m [32m━━━━━━━[0m[37m━━━━━━━━━━━━━[0m [1m0s[0m 25ms/step - loss: 1.6600e-04 
[1m5/8[0m [32m━━━━━━━━━━━━[0m[37m━━━━━━━━[0m [1m0s[0m 25ms/step - loss: 1.4557e-04
[1m7/8[0m [32m━━━━━━━━━━━━━━━━━[0m[37m━━━[0m [1m0s[0m 26ms/step - loss: 1.3496e-04
[1m8/8[0m [32m━━━━━━━━━━━━━━━━━━━━[0m[37m[0m [1m0s[0m 30ms/step - loss: 1.3067e-04
[1m8/8[0m [32m━━━━━━━━━━━━━━━━━━━━[0m[37m[0m [1m0s[0m 42ms/step - loss: 1.0070e-04
Epoch 174/200

[1m1/8[0m [32m━━[0m[37m━━━━━━━━━━━━━━━━━━[0m [1m1s[0m 211ms/step - loss: 7.0046e-05
[1m2/8[0m [32m━━━━━[0m[37m━━━━━━━━━━━━━━━[0m [1m1s[0m 168ms/step - loss: 5.8731e-05
[1m4/8[0m [32m━━━━━━━━━━[0m[37m━━━━━━━━━━[0m [1m0s[0m 83ms/step - loss: 7.4298e-05 
[1m6/8[0m [32m━━━━━━━━━━━━━━━[0m[37m━━━━━[0m [1m0s[0m 66ms/step - loss: 7.4946e-05
[1m8/8[0m [32m━━━━━━━━━━━━━━━━━━━━[0m[37m[0m [1m0s[0m 59ms/step - loss: 8.0831e-05
[1m8/8[0m [32m━━━━━━━━━━━━━━━━━━━━[0m[37m[0m [1m1s[0m 70ms/step - loss: 9.6041e-05
Epoch 175/200

[1m1/8[0m [32m━━[0m[37m━━━━━━━━━━━━━━━━━━[0m [1m0s[0m 94ms/step - loss: 1.6860e-04
[1m3/8[0m [32m━━━━━━━[0m[37m━━━━━━━━━━━━━[0m [1m0s[0m 55ms/step - loss: 1.2170e-04
[1m4/8[0m [32m━━━━━━━━━━[0m[37m━━━━━━━━━━[0m [1m0s[0m 100ms/step - loss: 1.1972e-04
[1m6/8[0m [32m━━━━━━━━━━━━━━━[0m[37m━━━━━[0m [1m0s[0m 98ms/step - loss: 1.1196e-04 
[1m7/8[0m [32m━━━━━━━━━━━━━━━━━[0m[37m━━━[0m [1m0s[0m 93ms/step - loss: 1.0828e-04
[1m8/8[0m [32m━━━━━━━━━━━━━━━━━━━━[0m[37m[0m [1m1s[0m 95ms/step - loss: 8.4296e-05
Epoch 176/200

[1m1/8[0m [32m━━[0m[37m━━━━━━━━━━━━━━━━━━[0m [1m1s[0m 160ms/step - loss: 4.9590e-05
[1m2/8[0m [32m━━━━━[0m[37m━━━━━━━━━━━━━━━[0m [1m0s[0m 60ms/step - loss: 4.9236e-05 
[1m3/8[0m [32m━━━━━━━[0m[37m━━━━━━━━━━━━━[0m [1m0s[0m 61ms/step - loss: 5.0278e-05
[1m4/8[0m [32m━━━━━━━━━━[0m[37m━━━━━━━━━━[0m [1m0s[0m 61ms/step - loss: 4.9787e-05
[1m5/8[0m [32m━━━━━━━━━━━━[0m[37m━━━━━━━━[0m [1m0s[0m 74ms/step - loss: 5.9211e-05
[1m6/8[0m [32m━━━━━━━━━━━━━━━[0m[37m━━━━━[0m [1m0s[0m 86ms/step - loss: 6.7867e-05
[1m7/8[0m [32m━━━━━━━━━━━━━━━━━[0m[37m━━━[0m [1m0s[0m 89ms/step - loss: 7.3228e-05
[1m8/8[0m [32m━━━━━━━━━━━━━━━━━━━━[0m[37m[0m [1m0s[0m 86ms/step - loss: 7.7181e-05
[1m8/8[0m [32m━━━━━━━━━━━━━━━━━━━━[0m[37m[0m [1m1s[0m 113ms/step - loss: 1.0485e-04
Epoch 177/200

[1m1/8[0m [32m━━[0m[37m━━━━━━━━━━━━━━━━━━[0m [1m2s[0m 357ms/step - loss: 7.3609e-05
[1m2/8[0m [32m━━━━━[0m[37m━━━━━━━━━━━━━━━[0m [1m0s[0m 70ms/step - loss: 1.1671e-04 
[1m3/8[0m [32m━━━━━━━[0m[37m━━━━━━━━━━━━━[0m [1m0s[0m 78ms/step - loss: 1.2834e-04
[1m4/8[0m [32m━━━━━━━━━━[0m[37m━━━━━━━━━━[0m [1m0s[0m 71ms/step - loss: 1.2749e-04
[1m5/8[0m [32m━━━━━━━━━━━━[0m[37m━━━━━━━━[0m [1m0s[0m 68ms/step - loss: 1.2456e-04
[1m6/8[0m [32m━━━━━━━━━━━━━━━[0m[37m━━━━━[0m [1m0s[0m 67ms/step - loss: 1.1983e-04
[1m7/8[0m [32m━━━━━━━━━━━━━━━━━[0m[37m━━━[0m [1m0s[0m 74ms/step - loss: 1.1577e-04
[1m8/8[0m [32m━━━━━━━━━━━━━━━━━━━━[0m[37m[0m [1m1s[0m 84ms/step - loss: 1.0095e-04
Epoch 178/200

[1m1/8[0m [32m━━[0m[37m━━━━━━━━━━━━━━━━━━[0m [1m1s[0m 250ms/step - loss: 1.2166e-04
[1m2/8[0m [32m━━━━━[0m[37m━━━━━━━━━━━━━━━[0m [1m0s[0m 92ms/step - loss: 1.1812e-04 
[1m3/8[0m [32m━━━━━━━[0m[37m━━━━━━━━━━━━━[0m [1m0s[0m 72ms/step - loss: 1.1081e-04
[1m5/8[0m [32m━━━━━━━━━━━━[0m[37m━━━━━━━━[0m [1m0s[0m 56ms/step - loss: 1.0455e-04
[1m7/8[0m [32m━━━━━━━━━━━━━━━━━[0m[37m━━━[0m [1m0s[0m 52ms/step - loss: 1.0257e-04
[1m8/8[0m [32m━━━━━━━━━━━━━━━━━━━━[0m[37m[0m [1m1s[0m 62ms/step - loss: 9.8643e-05
Epoch 179/200

[1m1/8[0m [32m━━[0m[37m━━━━━━━━━━━━━━━━━━[0m [1m0s[0m 126ms/step - loss: 9.2295e-05
[1m3/8[0m [32m━━━━━━━[0m[37m━━━━━━━━━━━━━[0m [1m0s[0m 98ms/step - loss: 8.4873e-05 
[1m4/8[0m [32m━━━━━━━━━━[0m[37m━━━━━━━━━━[0m [1m0s[0m 86ms/step - loss: 8.3442e-05
[1m6/8[0m [32m━━━━━━━━━━━━━━━[0m[37m━━━━━[0m [1m0s[0m 65ms/step - loss: 8.1069e-05
[1m7/8[0m [32m━━━━━━━━━━━━━━━━━[0m[37m━━━[0m [1m0s[0m 65ms/step - loss: 8.1659e-05
[1m8/8[0m [32m━━━━━━━━━━━━━━━━━━━━[0m[37m[0m [1m1s[0m 74ms/step - loss: 8.2148e-05
Epoch 180/200

[1m1/8[0m [32m━━[0m[37m━━━━━━━━━━━━━━━━━━[0m [1m0s[0m 80ms/step - loss: 4.6795e-05
[1m2/8[0m [32m━━━━━[0m[37m━━━━━━━━━━━━━━━[0m [1m0s[0m 125ms/step - loss: 6.0422e-05
[1m4/8[0m [32m━━━━━━━━━━[0m[37m━━━━━━━━━━[0m [1m0s[0m 70ms/step - loss: 8.0585e-05 
[1m6/8[0m [32m━━━━━━━━━━━━━━━[0m[37m━━━━━[0m [1m0s[0m 53ms/step - loss: 8.2729e-05
[1m8/8[0m [32m━━━━━━━━━━━━━━━━━━━━[0m[37m[0m [1m0s[0m 46ms/step - loss: 8.7310e-05
[1m8/8[0m [32m━━━━━━━━━━━━━━━━━━━━[0m[37m[0m [1m0s[0m 54ms/step - loss: 9.9707e-05
Epoch 181/200

[1m1/8[0m [32m━━[0m[37m━━━━━━━━━━━━━━━━━━[0m [1m1s[0m 146ms/step - loss: 1.3109e-04
[1m3/8[0m [32m━━━━━━━[0m[37m━━━━━━━━━━━━━[0m [1m0s[0m 31ms/step - loss: 9.3336e-05 
[1m5/8[0m [32m━━━━━━━━━━━━[0m[37m━━━━━━━━[0m [1m0s[0m 48ms/step - loss: 8.1868e-05
[1m6/8[0m [32m━━━━━━━━━━━━━━━[0m[37m━━━━━[0m [1m0s[0m 68ms/step - loss: 8.1515e-05
[1m8/8[0m [32m━━━━━━━━━━━━━━━━━━━━[0m[37m[0m [1m0s[0m 71ms/step - loss: 8.1805e-05
[1m8/8[0m [32m━━━━━━━━━━━━━━━━━━━━[0m[37m[0m [1m1s[0m 75ms/step - loss: 9.1401e-05
Epoch 182/200

[1m1/8[0m [32m━━[0m[37m━━━━━━━━━━━━━━━━━━[0m [1m0s[0m 66ms/step - loss: 4.6485e-05
[1m3/8[0m [32m━━━━━━━[0m[37m━━━━━━━━━━━━━[0m [1m0s[0m 40ms/step - loss: 7.2906e-05
[1m5/8[0m [32m━━━━━━━━━━━━[0m[37m━━━━━━━━[0m [1m0s[0m 38ms/step - loss: 9.4424e-05
[1m6/8[0m [32m━━━━━━━━━━━━━━━[0m[37m━━━━━[0m [1m0s[0m 43ms/step - loss: 9.6996e-05
[1m8/8[0m [32m━━━━━━━━━━━━━━━━━━━━[0m[37m[0m [1m0s[0m 41ms/step - loss: 9.7428e-05
[1m8/8[0m [32m━━━━━━━━━━━━━━━━━━━━[0m[37m[0m [1m0s[0m 48ms/step - loss: 9.6277e-05
Epoch 183/200

[1m1/8[0m [32m━━[0m[37m━━━━━━━━━━━━━━━━━━[0m [1m0s[0m 120ms/step - loss: 6.0812e-05
[1m2/8[0m [32m━━━━━[0m[37m━━━━━━━━━━━━━━━[0m [1m0s[0m 107ms/step - loss: 8.3317e-05
[1m3/8[0m [32m━━━━━━━[0m[37m━━━━━━━━━━━━━[0m [1m0s[0m 89ms/step - loss: 1.0293e-04 
[1m4/8[0m [32m━━━━━━━━━━[0m[37m━━━━━━━━━━[0m [1m0s[0m 93ms/step - loss: 1.1293e-04
[1m5/8[0m [32m━━━━━━━━━━━━[0m[37m━━━━━━━━[0m [1m0s[0m 88ms/step - loss: 1.1469e-04
[1m6/8[0m [32m━━━━━━━━━━━━━━━[0m[37m━━━━━[0m [1m0s[0m 93ms/step - loss: 1.1325e-04
[1m8/8[0m [32m━━━━━━━━━━━━━━━━━━━━[0m[37m[0m [1m0s[0m 76ms/step - loss: 1.1013e-04
[1m8/8[0m [32m━━━━━━━━━━━━━━━━━━━━[0m[37m[0m [1m1s[0m 80ms/step - loss: 1.0174e-04
Epoch 184/200

[1m1/8[0m [32m━━[0m[37m━━━━━━━━━━━━━━━━━━[0m [1m0s[0m 78ms/step - loss: 3.9842e-05
[1m2/8[0m [32m━━━━━[0m[37m━━━━━━━━━━━━━━━[0m [1m0s[0m 68ms/step - loss: 4.7037e-05
[1m3/8[0m [32m━━━━━━━[0m[37m━━━━━━━━━━━━━[0m [1m0s[0m 62ms/step - loss: 4.7057e-05
[1m5/8[0m [32m━━━━━━━━━━━━[0m[37m━━━━━━━━[0m [1m0s[0m 55ms/step - loss: 6.3324e-05
[1m7/8[0m [32m━━━━━━━━━━━━━━━━━[0m[37m━━━[0m [1m0s[0m 54ms/step - loss: 6.9738e-05
[1m8/8[0m [32m━━━━━━━━━━━━━━━━━━━━[0m[37m[0m [1m0s[0m 55ms/step - loss: 7.3910e-05
[1m8/8[0m [32m━━━━━━━━━━━━━━━━━━━━[0m[37m[0m [1m1s[0m 67ms/step - loss: 1.0312e-04
Epoch 185/200

[1m1/8[0m [32m━━[0m[37m━━━━━━━━━━━━━━━━━━[0m [1m0s[0m 132ms/step - loss: 4.1903e-05
[1m2/8[0m [32m━━━━━[0m[37m━━━━━━━━━━━━━━━[0m [1m0s[0m 58ms/step - loss: 8.1218e-05 
[1m3/8[0m [32m━━━━━━━[0m[37m━━━━━━━━━━━━━[0m [1m0s[0m 62ms/step - loss: 8.8614e-05
[1m5/8[0m [32m━━━━━━━━━━━━[0m[37m━━━━━━━━[0m [1m0s[0m 50ms/step - loss: 8.9647e-05
[1m6/8[0m [32m━━━━━━━━━━━━━━━[0m[37m━━━━━[0m [1m0s[0m 54ms/step - loss: 9.0760e-05
[1m7/8[0m [32m━━━━━━━━━━━━━━━━━[0m[37m━━━[0m [1m0s[0m 64ms/step - loss: 9.0443e-05
[1m8/8[0m [32m━━━━━━━━━━━━━━━━━━━━[0m[37m[0m [1m0s[0m 69ms/step - loss: 9.1063e-05
[1m8/8[0m [32m━━━━━━━━━━━━━━━━━━━━[0m[37m[0m [1m1s[0m 83ms/step - loss: 9.5405e-05
Epoch 186/200

[1m1/8[0m [32m━━[0m[37m━━━━━━━━━━━━━━━━━━[0m [1m1s[0m 223ms/step - loss: 3.2848e-05
[1m2/8[0m [32m━━━━━[0m[37m━━━━━━━━━━━━━━━[0m [1m0s[0m 123ms/step - loss: 7.2015e-05
[1m3/8[0m [32m━━━━━━━[0m[37m━━━━━━━━━━━━━[0m [1m0s[0m 99ms/step - loss: 8.8069e-05 
[1m4/8[0m [32m━━━━━━━━━━[0m[37m━━━━━━━━━━[0m [1m0s[0m 115ms/step - loss: 9.1046e-05
[1m5/8[0m [32m━━━━━━━━━━━━[0m[37m━━━━━━━━[0m [1m0s[0m 105ms/step - loss: 9.0921e-05
[1m7/8[0m [32m━━━━━━━━━━━━━━━━━[0m[37m━━━[0m [1m0s[0m 89ms/step - loss: 8.9467e-05 
[1m8/8[0m [32m━━━━━━━━━━━━━━━━━━━━[0m[37m[0m [1m0s[0m 86ms/step - loss: 9.0475e-05
[1m8/8[0m [32m━━━━━━━━━━━━━━━━━━━━[0m[37m[0m [1m1s[0m 93ms/step - loss: 9.7530e-05
Epoch 187/200

[1m1/8[0m [32m━━[0m[37m━━━━━━━━━━━━━━━━━━[0m [1m1s[0m 194ms/step - loss: 7.8568e-05
[1m2/8[0m [32m━━━━━[0m[37m━━━━━━━━━━━━━━━[0m [1m0s[0m 73ms/step - loss: 6.5209e-05 
[1m3/8[0m [32m━━━━━━━[0m[37m━━━━━━━━━━━━━[0m [1m0s[0m 114ms/step - loss: 6.8200e-05
[1m4/8[0m [32m━━━━━━━━━━[0m[37m━━━━━━━━━━[0m [1m0s[0m 111ms/step - loss: 6.7345e-05
[1m6/8[0m [32m━━━━━━━━━━━━━━━[0m[37m━━━━━[0m [1m0s[0m 88ms/step - loss: 7.0972e-05 
[1m7/8[0m [32m━━━━━━━━━━━━━━━━━[0m[37m━━━[0m [1m0s[0m 84ms/step - loss: 7.3204e-05
[1m8/8[0m [32m━━━━━━━━━━━━━━━━━━━━[0m[37m[0m [1m0s[0m 80ms/step - loss: 7.4899e-05
[1m8/8[0m [32m━━━━━━━━━━━━━━━━━━━━[0m[37m[0m [1m1s[0m 87ms/step - loss: 8.6760e-05
Epoch 188/200

[1m1/8[0m [32m━━[0m[37m━━━━━━━━━━━━━━━━━━[0m [1m1s[0m 212ms/step - loss: 3.3938e-05
[1m2/8[0m [32m━━━━━[0m[37m━━━━━━━━━━━━━━━[0m [1m0s[0m 90ms/step - loss: 7.1186e-05 
[1m3/8[0m [32m━━━━━━━[0m[37m━━━━━━━━━━━━━[0m [1m0s[0m 83ms/step - loss: 8.5231e-05
[1m4/8[0m [32m━━━━━━━━━━[0m[37m━━━━━━━━━━[0m [1m0s[0m 80ms/step - loss: 8.7735e-05
[1m5/8[0m [32m━━━━━━━━━━━━[0m[37m━━━━━━━━[0m [1m0s[0m 76ms/step - loss: 9.1169e-05
[1m6/8[0m [32m━━━━━━━━━━━━━━━[0m[37m━━━━━[0m [1m0s[0m 71ms/step - loss: 9.1929e-05
[1m7/8[0m [32m━━━━━━━━━━━━━━━━━[0m[37m━━━[0m [1m0s[0m 85ms/step - loss: 9.1470e-05
[1m8/8[0m [32m━━━━━━━━━━━━━━━━━━━━[0m[37m[0m [1m0s[0m 84ms/step - loss: 9.0687e-05
[1m8/8[0m [32m━━━━━━━━━━━━━━━━━━━━[0m[37m[0m [1m1s[0m 95ms/step - loss: 8.5208e-05
Epoch 189/200

[1m1/8[0m [32m━━[0m[37m━━━━━━━━━━━━━━━━━━[0m [1m3s[0m 478ms/step - loss: 1.3273e-04
[1m2/8[0m [32m━━━━━[0m[37m━━━━━━━━━━━━━━━[0m [1m1s[0m 168ms/step - loss: 1.1749e-04
[1m3/8[0m [32m━━━━━━━[0m[37m━━━━━━━━━━━━━[0m [1m0s[0m 160ms/step - loss: 1.2456e-04
[1m4/8[0m [32m━━━━━━━━━━[0m[37m━━━━━━━━━━[0m [1m0s[0m 126ms/step - loss: 1.2653e-04
[1m5/8[0m [32m━━━━━━━━━━━━[0m[37m━━━━━━━━[0m [1m0s[0m 109ms/step - loss: 1.2405e-04
[1m6/8[0m [32m━━━━━━━━━━━━━━━[0m[37m━━━━━[0m [1m0s[0m 108ms/step - loss: 1.1999e-04
[1m7/8[0m [32m━━━━━━━━━━━━━━━━━[0m[37m━━━[0m [1m0s[0m 116ms/step - loss: 1.1587e-04
[1m8/8[0m [32m━━━━━━━━━━━━━━━━━━━━[0m[37m[0m [1m0s[0m 119ms/step - loss: 1.1239e-04
[1m8/8[0m [32m━━━━━━━━━━━━━━━━━━━━[0m[37m[0m [1m2s[0m 150ms/step - loss: 8.8019e-05
Epoch 190/200

[1m1/8[0m [32m━━[0m[37m━━━━━━━━━━━━━━━━━━[0m [1m2s[0m 359ms/step - loss: 4.5279e-05
[1m2/8[0m [32m━━━━━[0m[37m━━━━━━━━━━━━━━━[0m [1m0s[0m 80ms/step - loss: 8.6212e-05 
[1m3/8[0m [32m━━━━━━━[0m[37m━━━━━━━━━━━━━[0m [1m0s[0m 88ms/step - loss: 9.5101e-05
[1m4/8[0m [32m━━━━━━━━━━[0m[37m━━━━━━━━━━[0m [1m0s[0m 109ms/step - loss: 9.7030e-05
[1m5/8[0m [32m━━━━━━━━━━━━[0m[37m━━━━━━━━[0m [1m0s[0m 118ms/step - loss: 9.6926e-05
[1m6/8[0m [32m━━━━━━━━━━━━━━━[0m[37m━━━━━[0m [1m0s[0m 139ms/step - loss: 9.5651e-05
[1m7/8[0m [32m━━━━━━━━━━━━━━━━━[0m[37m━━━[0m [1m0s[0m 124ms/step - loss: 9.5793e-05
[1m8/8[0m [32m━━━━━━━━━━━━━━━━━━━━[0m[37m[0m [1m0s[0m 116ms/step - loss: 9.6511e-05
[1m8/8[0m [32m━━━━━━━━━━━━━━━━━━━━[0m[37m[0m [1m1s[0m 138ms/step - loss: 1.0154e-04
Epoch 191/200

[1m1/8[0m [32m━━[0m[37m━━━━━━━━━━━━━━━━━━[0m [1m2s[0m 302ms/step - loss: 2.9438e-05
[1m2/8[0m [32m━━━━━[0m[37m━━━━━━━━━━━━━━━[0m [1m0s[0m 105ms/step - loss: 5.7228e-05
[1m4/8[0m [32m━━━━━━━━━━[0m[37m━━━━━━━━━━[0m [1m0s[0m 73ms/step - loss: 6.4800e-05 
[1m5/8[0m [32m━━━━━━━━━━━━[0m[37m━━━━━━━━[0m [1m0s[0m 97ms/step - loss: 6.7774e-05
[1m6/8[0m [32m━━━━━━━━━━━━━━━[0m[37m━━━━━[0m [1m0s[0m 87ms/step - loss: 7.3859e-05
[1m7/8[0m [32m━━━━━━━━━━━━━━━━━[0m[37m━━━[0m [1m0s[0m 81ms/step - loss: 7.7221e-05
[1m8/8[0m [32m━━━━━━━━━━━━━━━━━━━━[0m[37m[0m [1m1s[0m 93ms/step - loss: 9.4741e-05
Epoch 192/200

[1m1/8[0m [32m━━[0m[37m━━━━━━━━━━━━━━━━━━[0m [1m2s[0m 364ms/step - loss: 6.7058e-05
[1m2/8[0m [32m━━━━━[0m[37m━━━━━━━━━━━━━━━[0m [1m1s[0m 201ms/step - loss: 7.6570e-05
[1m3/8[0m [32m━━━━━━━[0m[37m━━━━━━━━━━━━━[0m [1m0s[0m 161ms/step - loss: 7.4343e-05
[1m4/8[0m [32m━━━━━━━━━━[0m[37m━━━━━━━━━━[0m [1m0s[0m 156ms/step - loss: 8.5954e-05
[1m5/8[0m [32m━━━━━━━━━━━━[0m[37m━━━━━━━━[0m [1m0s[0m 140ms/step - loss: 9.0536e-05
[1m6/8[0m [32m━━━━━━━━━━━━━━━[0m[37m━━━━━[0m [1m0s[0m 141ms/step - loss: 9.1792e-05
[1m7/8[0m [32m━━━━━━━━━━━━━━━━━[0m[37m━━━[0m [1m0s[0m 130ms/step - loss: 9.1194e-05
[1m8/8[0m [32m━━━━━━━━━━━━━━━━━━━━[0m[37m[0m [1m0s[0m 120ms/step - loss: 9.0248e-05
[1m8/8[0m [32m━━━━━━━━━━━━━━━━━━━━[0m[37m[0m [1m1s[0m 135ms/step - loss: 8.3628e-05
Epoch 193/200

[1m1/8[0m [32m━━[0m[37m━━━━━━━━━━━━━━━━━━[0m [1m11s[0m 2s/step - loss: 2.0625e-04
[1m2/8[0m [32m━━━━━[0m[37m━━━━━━━━━━━━━━━[0m [1m0s[0m 93ms/step - loss: 1.6461e-04
[1m3/8[0m [32m━━━━━━━[0m[37m━━━━━━━━━━━━━[0m [1m0s[0m 103ms/step - loss: 1.4187e-04
[1m4/8[0m [32m━━━━━━━━━━[0m[37m━━━━━━━━━━[0m [1m0s[0m 130ms/step - loss: 1.3687e-04
[1m5/8[0m [32m━━━━━━━━━━━━[0m[37m━━━━━━━━[0m [1m0s[0m 116ms/step - loss: 1.3096e-04
[1m6/8[0m [32m━━━━━━━━━━━━━━━[0m[37m━━━━━[0m [1m0s[0m 142ms/step - loss: 1.2570e-04
[1m7/8[0m [32m━━━━━━━━━━━━━━━━━[0m[37m━━━[0m [1m0s[0m 140ms/step - loss: 1.2102e-04
[1m8/8[0m [32m━━━━━━━━━━━━━━━━━━━━[0m[37m[0m [1m0s[0m 128ms/step - loss: 1.1689e-04
[1m8/8[0m [32m━━━━━━━━━━━━━━━━━━━━[0m[37m[0m [1m3s[0m 137ms/step - loss: 8.7957e-05
Epoch 194/200

[1m1/8[0m [32m━━[0m[37m━━━━━━━━━━━━━━━━━━[0m [1m1s[0m 156ms/step - loss: 1.4780e-04
[1m2/8[0m [32m━━━━━[0m[37m━━━━━━━━━━━━━━━[0m [1m0s[0m 91ms/step - loss: 1.4583e-04 
[1m3/8[0m [32m━━━━━━━[0m[37m━━━━━━━━━━━━━[0m [1m0s[0m 88ms/step - loss: 1.3550e-04
[1m4/8[0m [32m━━━━━━━━━━[0m[37m━━━━━━━━━━[0m [1m0s[0m 90ms/step - loss: 1.3316e-04
[1m5/8[0m [32m━━━━━━━━━━━━[0m[37m━━━━━━━━[0m [1m0s[0m 85ms/step - loss: 1.2810e-04
[1m7/8[0m [32m━━━━━━━━━━━━━━━━━[0m[37m━━━[0m [1m0s[0m 76ms/step - loss: 1.1891e-04
[1m8/8[0m [32m━━━━━━━━━━━━━━━━━━━━[0m[37m[0m [1m0s[0m 73ms/step - loss: 1.1512e-04
[1m8/8[0m [32m━━━━━━━━━━━━━━━━━━━━[0m[37m[0m [1m1s[0m 85ms/step - loss: 8.8566e-05
Epoch 195/200

[1m1/8[0m [32m━━[0m[37m━━━━━━━━━━━━━━━━━━[0m [1m4s[0m 664ms/step - loss: 1.5520e-04
[1m2/8[0m [32m━━━━━[0m[37m━━━━━━━━━━━━━━━[0m [1m0s[0m 108ms/step - loss: 1.2833e-04
[1m3/8[0m [32m━━━━━━━[0m[37m━━━━━━━━━━━━━[0m [1m0s[0m 121ms/step - loss: 1.1287e-04
[1m4/8[0m [32m━━━━━━━━━━[0m[37m━━━━━━━━━━[0m [1m0s[0m 113ms/step - loss: 1.0352e-04
[1m5/8[0m [32m━━━━━━━━━━━━[0m[37m━━━━━━━━[0m [1m0s[0m 98ms/step - loss: 1.0300e-04 
[1m6/8[0m [32m━━━━━━━━━━━━━━━[0m[37m━━━━━[0m [1m0s[0m 94ms/step - loss: 1.0297e-04
[1m7/8[0m [32m━━━━━━━━━━━━━━━━━[0m[37m━━━[0m [1m0s[0m 88ms/step - loss: 1.0168e-04
[1m8/8[0m [32m━━━━━━━━━━━━━━━━━━━━[0m[37m[0m [1m0s[0m 83ms/step - loss: 1.0034e-04
[1m8/8[0m [32m━━━━━━━━━━━━━━━━━━━━[0m[37m[0m [1m1s[0m 90ms/step - loss: 9.0963e-05
Epoch 196/200

[1m1/8[0m [32m━━[0m[37m━━━━━━━━━━━━━━━━━━[0m [1m1s[0m 223ms/step - loss: 4.2466e-05
[1m2/8[0m [32m━━━━━[0m[37m━━━━━━━━━━━━━━━[0m [1m0s[0m 76ms/step - loss: 6.3180e-05 
[1m3/8[0m [32m━━━━━━━[0m[37m━━━━━━━━━━━━━[0m [1m0s[0m 89ms/step - loss: 7.4391e-05
[1m4/8[0m [32m━━━━━━━━━━[0m[37m━━━━━━━━━━[0m [1m0s[0m 92ms/step - loss: 7.7378e-05
[1m5/8[0m [32m━━━━━━━━━━━━[0m[37m━━━━━━━━[0m [1m0s[0m 95ms/step - loss: 7.7259e-05
[1m6/8[0m [32m━━━━━━━━━━━━━━━[0m[37m━━━━━[0m [1m0s[0m 95ms/step - loss: 7.6635e-05
[1m7/8[0m [32m━━━━━━━━━━━━━━━━━[0m[37m━━━[0m [1m0s[0m 90ms/step - loss: 7.5643e-05
[1m8/8[0m [32m━━━━━━━━━━━━━━━━━━━━[0m[37m[0m [1m0s[0m 87ms/step - loss: 7.7742e-05
[1m8/8[0m [32m━━━━━━━━━━━━━━━━━━━━[0m[37m[0m [1m1s[0m 110ms/step - loss: 9.2431e-05
Epoch 197/200

[1m1/8[0m [32m━━[0m[37m━━━━━━━━━━━━━━━━━━[0m [1m1s[0m 169ms/step - loss: 1.9866e-04
[1m2/8[0m [32m━━━━━[0m[37m━━━━━━━━━━━━━━━[0m [1m0s[0m 61ms/step - loss: 1.6367e-04 
[1m3/8[0m [32m━━━━━━━[0m[37m━━━━━━━━━━━━━[0m [1m0s[0m 59ms/step - loss: 1.4127e-04
[1m4/8[0m [32m━━━━━━━━━━[0m[37m━━━━━━━━━━[0m [1m0s[0m 56ms/step - loss: 1.2669e-04
[1m5/8[0m [32m━━━━━━━━━━━━[0m[37m━━━━━━━━[0m [1m0s[0m 58ms/step - loss: 1.1593e-04
[1m6/8[0m [32m━━━━━━━━━━━━━━━[0m[37m━━━━━[0m [1m0s[0m 61ms/step - loss: 1.1178e-04
[1m7/8[0m [32m━━━━━━━━━━━━━━━━━[0m[37m━━━[0m [1m0s[0m 62ms/step - loss: 1.0871e-04
[1m8/8[0m [32m━━━━━━━━━━━━━━━━━━━━[0m[37m[0m [1m0s[0m 61ms/step - loss: 1.0585e-04
[1m8/8[0m [32m━━━━━━━━━━━━━━━━━━━━[0m[37m[0m [1m1s[0m 87ms/step - loss: 8.5845e-05
Epoch 198/200

[1m1/8[0m [32m━━[0m[37m━━━━━━━━━━━━━━━━━━[0m [1m4s[0m 695ms/step - loss: 4.1948e-05
[1m2/8[0m [32m━━━━━[0m[37m━━━━━━━━━━━━━━━[0m [1m0s[0m 104ms/step - loss: 3.8244e-05
[1m4/8[0m [32m━━━━━━━━━━[0m[37m━━━━━━━━━━[0m [1m0s[0m 86ms/step - loss: 6.7970e-05 
[1m5/8[0m [32m━━━━━━━━━━━━[0m[37m━━━━━━━━[0m [1m0s[0m 92ms/step - loss: 7.5643e-05
[1m6/8[0m [32m━━━━━━━━━━━━━━━[0m[37m━━━━━[0m [1m0s[0m 93ms/step - loss: 8.2062e-05
[1m7/8[0m [32m━━━━━━━━━━━━━━━━━[0m[37m━━━[0m [1m0s[0m 95ms/step - loss: 8.5088e-05
[1m8/8[0m [32m━━━━━━━━━━━━━━━━━━━━[0m[37m[0m [1m0s[0m 94ms/step - loss: 8.6811e-05
[1m8/8[0m [32m━━━━━━━━━━━━━━━━━━━━[0m[37m[0m [1m1s[0m 109ms/step - loss: 9.8871e-05
Epoch 199/200

[1m1/8[0m [32m━━[0m[37m━━━━━━━━━━━━━━━━━━[0m [1m0s[0m 131ms/step - loss: 1.0879e-04
[1m2/8[0m [32m━━━━━[0m[37m━━━━━━━━━━━━━━━[0m [1m0s[0m 71ms/step - loss: 1.5475e-04 
[1m3/8[0m [32m━━━━━━━[0m[37m━━━━━━━━━━━━━[0m [1m0s[0m 69ms/step - loss: 1.5288e-04
[1m4/8[0m [32m━━━━━━━━━━[0m[37m━━━━━━━━━━[0m [1m0s[0m 74ms/step - loss: 1.4450e-04
[1m5/8[0m [32m━━━━━━━━━━━━[0m[37m━━━━━━━━[0m [1m0s[0m 75ms/step - loss: 1.3611e-04
[1m6/8[0m [32m━━━━━━━━━━━━━━━[0m[37m━━━━━[0m [1m0s[0m 77ms/step - loss: 1.2847e-04
[1m7/8[0m [32m━━━━━━━━━━━━━━━━━[0m[37m━━━[0m [1m0s[0m 78ms/step - loss: 1.2181e-04
[1m8/8[0m [32m━━━━━━━━━━━━━━━━━━━━[0m[37m[0m [1m0s[0m 74ms/step - loss: 1.1788e-04
[1m8/8[0m [32m━━━━━━━━━━━━━━━━━━━━[0m[37m[0m [1m1s[0m 87ms/step - loss: 9.0431e-05
Epoch 200/200

[1m1/8[0m [32m━━[0m[37m━━━━━━━━━━━━━━━━━━[0m [1m1s[0m 166ms/step - loss: 4.1314e-05
[1m2/8[0m [32m━━━━━[0m[37m━━━━━━━━━━━━━━━[0m [1m0s[0m 94ms/step - loss: 6.5112e-05 
[1m3/8[0m [32m━━━━━━━[0m[37m━━━━━━━━━━━━━[0m [1m0s[0m 76ms/step - loss: 8.4637e-05
[1m4/8[0m [32m━━━━━━━━━━[0m[37m━━━━━━━━━━[0m [1m0s[0m 79ms/step - loss: 8.9312e-05
[1m5/8[0m [32m━━━━━━━━━━━━[0m[37m━━━━━━━━[0m [1m0s[0m 86ms/step - loss: 9.0780e-05
[1m6/8[0m [32m━━━━━━━━━━━━━━━[0m[37m━━━━━[0m [1m0s[0m 92ms/step - loss: 9.1158e-05
[1m7/8[0m [32m━━━━━━━━━━━━━━━━━[0m[37m━━━[0m [1m0s[0m 91ms/step - loss: 9.0086e-05
[1m8/8[0m [32m━━━━━━━━━━━━━━━━━━━━[0m[37m[0m [1m0s[0m 89ms/step - loss: 8.9022e-05
[1m8/8[0m [32m━━━━━━━━━━━━━━━━━━━━[0m[37m[0m [1m1s[0m 105ms/step - loss: 8.1581e-05
Using bucket name: missingtimestamp
Bucket missingtimestamp created.
Uploading device10.keras to bucket missingtimestamp...
device10.keras uploaded to bucket missingtimestamp.
Uploading scaler to bucket missingtimestamp...
scaler.save uploaded to bucket missingtimestamp.

Model path is:  2025-12-08-00-10-00-2025-12-08-00-19-59-model
Triggering forecasting with retrained model
Forecasting.py script logs
Database connection established
Value of --retrain flag: True

Forecasting for retrained model using device10/2025-12-08-00-10-00-2025-12-08-00-19-59-model/device10.keras and device10/2025-12-08-00-10-00-2025-12-08-00-19-59-model/scaler.save
Successfully downloaded model and scaler from S3

Actual values fetched from database
    sensor_id  sensor_energy_value    sensor_timestamp  message_delay
0          10               1203.9 2025-12-08 00:19:00        71357.0
1          10               1207.4 2025-12-08 00:19:01        70331.0
2          10               1208.9 2025-12-08 00:19:02        69320.0
3          10               1205.9 2025-12-08 00:19:03        68316.0
4          10               1207.9 2025-12-08 00:19:04        67313.0
5          10               1206.4 2025-12-08 00:19:05        66311.0
6          10               1207.3 2025-12-08 00:19:06        65307.0
7          10               1205.6 2025-12-08 00:19:07        64303.0
8          10               1209.4 2025-12-08 00:19:08        63300.0
9          10               1209.9 2025-12-08 00:19:09        62294.0
10         10               1212.1 2025-12-08 00:19:10        61290.0
11         10               1230.2 2025-12-08 00:19:11        60287.0
12         10               1280.9 2025-12-08 00:19:12        59286.0
13         10               1279.9 2025-12-08 00:19:13        58285.0
14         10               1283.5 2025-12-08 00:19:14        57281.0
15         10               1286.4 2025-12-08 00:19:15        56279.0
16         10               1280.8 2025-12-08 00:19:16        55278.0
17         10               1284.6 2025-12-08 00:19:17        54277.0
18         10               1284.0 2025-12-08 00:19:18        53270.0
19         10               1289.2 2025-12-08 00:19:19        52266.0
20         10               1289.5 2025-12-08 00:19:20        51263.0
21         10               1289.3 2025-12-08 00:19:21        50262.0
22         10               1282.7 2025-12-08 00:19:22        49261.0
23         10               1309.4 2025-12-08 00:19:23        48260.0
24         10               1289.1 2025-12-08 00:19:24        47255.0
25         10               1290.4 2025-12-08 00:19:25        46251.0
26         10               1288.3 2025-12-08 00:19:26        45250.0
27         10               1287.9 2025-12-08 00:19:27        44249.0
28         10               1287.5 2025-12-08 00:19:28        43248.0
29         10               1291.2 2025-12-08 00:19:29        42233.0
30         10               1292.8 2025-12-08 00:19:30        41231.0
31         10               1297.3 2025-12-08 00:19:31        40230.0
32         10               1286.3 2025-12-08 00:19:32        39226.0
33         10               1284.5 2025-12-08 00:19:33        38223.0
34         10               1283.3 2025-12-08 00:19:34        37217.0
35         10               1284.3 2025-12-08 00:19:35        36216.0
36         10               1288.3 2025-12-08 00:19:36        35215.0
37         10               1282.5 2025-12-08 00:19:37        34213.0
38         10               1288.2 2025-12-08 00:19:38        33207.0
39         10               1287.2 2025-12-08 00:19:39        32206.0
40         10               1290.4 2025-12-08 00:19:40        31204.0
41         10               1288.0 2025-12-08 00:19:41        30203.0
42         10               1298.6 2025-12-08 00:19:42        29198.0
43         10               1289.9 2025-12-08 00:19:43        28196.0
44         10               1291.8 2025-12-08 00:19:44        27194.0
45         10               1290.1 2025-12-08 00:19:45        26193.0
46         10               1287.0 2025-12-08 00:19:46        25189.0
47         10               1290.2 2025-12-08 00:19:47        24188.0
48         10               1288.1 2025-12-08 00:19:48        23185.0
49         10               1288.4 2025-12-08 00:19:49        22184.0
50         10               1290.9 2025-12-08 00:19:50        21181.0
51         10               1297.5 2025-12-08 00:19:51        20179.0
52         10               1290.6 2025-12-08 00:19:52        19177.0
53         10               1291.6 2025-12-08 00:19:53        18175.0
54         10               1290.5 2025-12-08 00:19:54        17172.0
55         10               1287.3 2025-12-08 00:19:55        16170.0
56         10               1289.5 2025-12-08 00:19:56        15169.0
57         10               1294.0 2025-12-08 00:19:57        14144.0
58         10               1287.7 2025-12-08 00:19:58        13115.0
59         10               1290.3 2025-12-08 00:19:59        12113.0
Forecasted values:
    sensor_id  sensor_energy_value_prediction    sensor_timestamp
0          10                     1264.009155 2025-12-08 00:20:00
1          10                     1254.778809 2025-12-08 00:20:01
2          10                     1245.220703 2025-12-08 00:20:02
3          10                     1235.337036 2025-12-08 00:20:03
4          10                     1225.260010 2025-12-08 00:20:04
5          10                     1215.072021 2025-12-08 00:20:05
6          10                     1204.822144 2025-12-08 00:20:06
7          10                     1194.539917 2025-12-08 00:20:07
8          10                     1184.244141 2025-12-08 00:20:08
9          10                     1173.946899 2025-12-08 00:20:09
10         10                     1163.657471 2025-12-08 00:20:10
11         10                     1153.382812 2025-12-08 00:20:11
12         10                     1143.129639 2025-12-08 00:20:12
13         10                     1132.904053 2025-12-08 00:20:13
14         10                     1122.711914 2025-12-08 00:20:14
15         10                     1112.559692 2025-12-08 00:20:15
16         10                     1102.453247 2025-12-08 00:20:16
17         10                     1092.399170 2025-12-08 00:20:17
18         10                     1082.403809 2025-12-08 00:20:18
19         10                     1072.473511 2025-12-08 00:20:19
20         10                     1062.614746 2025-12-08 00:20:20
21         10                     1052.833618 2025-12-08 00:20:21
22         10                     1043.136353 2025-12-08 00:20:22
23         10                     1033.529297 2025-12-08 00:20:23
24         10                     1024.018555 2025-12-08 00:20:24
25         10                     1014.609436 2025-12-08 00:20:25
26         10                     1005.308228 2025-12-08 00:20:26
27         10                      996.120117 2025-12-08 00:20:27
28         10                      987.050598 2025-12-08 00:20:28
29         10                      978.104736 2025-12-08 00:20:29
30         10                      969.287720 2025-12-08 00:20:30
31         10                      960.604248 2025-12-08 00:20:31
32         10                      952.059021 2025-12-08 00:20:32
33         10                      943.656433 2025-12-08 00:20:33
34         10                      935.400757 2025-12-08 00:20:34
35         10                      927.295959 2025-12-08 00:20:35
36         10                      919.346008 2025-12-08 00:20:36
37         10                      911.554260 2025-12-08 00:20:37
38         10                      903.924194 2025-12-08 00:20:38
39         10                      896.458923 2025-12-08 00:20:39
40         10                      889.161194 2025-12-08 00:20:40
41         10                      882.033875 2025-12-08 00:20:41
42         10                      875.079041 2025-12-08 00:20:42
43         10                      868.299011 2025-12-08 00:20:43
44         10                      861.695679 2025-12-08 00:20:44
45         10                      855.270386 2025-12-08 00:20:45
46         10                      849.024719 2025-12-08 00:20:46
47         10                      842.959656 2025-12-08 00:20:47
48         10                      837.075867 2025-12-08 00:20:48
49         10                      831.373962 2025-12-08 00:20:49
50         10                      825.854065 2025-12-08 00:20:50
51         10                      820.516296 2025-12-08 00:20:51
52         10                      815.360229 2025-12-08 00:20:52
53         10                      810.385315 2025-12-08 00:20:53
54         10                      805.590759 2025-12-08 00:20:54
55         10                      800.975342 2025-12-08 00:20:55
56         10                      796.537964 2025-12-08 00:20:56
57         10                      792.276733 2025-12-08 00:20:57
58         10                      788.190063 2025-12-08 00:20:58
59         10                      784.275757 2025-12-08 00:20:59
Forecasted values inserted into database
Exiting forecasting script

No new messages received yet.Trying again...

Actual data inserted to database
Triggering forecasting with retrained model
Forecasting.py script logs
Database connection established
Value of --retrain flag: True

Forecasting for retrained model using device10/2025-12-08-00-10-00-2025-12-08-00-19-59-model/device10.keras and device10/2025-12-08-00-10-00-2025-12-08-00-19-59-model/scaler.save
Successfully downloaded model and scaler from S3

Actual values fetched from database
    sensor_id  sensor_energy_value    sensor_timestamp  message_delay
0          10               1291.4 2025-12-08 00:20:00       180587.0
1          10               1289.0 2025-12-08 00:20:01       179586.0
2          10               1292.0 2025-12-08 00:20:02       178582.0
3          10               1292.5 2025-12-08 00:20:03       177581.0
4          10               1293.0 2025-12-08 00:20:04       176580.0
5          10               1289.9 2025-12-08 00:20:05       175579.0
6          10               1289.5 2025-12-08 00:20:06       174577.0
7          10               1291.8 2025-12-08 00:20:07       173572.0
8          10               1292.3 2025-12-08 00:20:08       172568.0
9          10               1294.0 2025-12-08 00:20:09       171566.0
10         10               1285.8 2025-12-08 00:20:10       170563.0
11         10               1291.5 2025-12-08 00:20:11       169562.0
12         10               1291.2 2025-12-08 00:20:12       168559.0
13         10               1304.7 2025-12-08 00:20:13       167551.0
14         10               1327.9 2025-12-08 00:20:14       166549.0
15         10               1388.7 2025-12-08 00:20:15       165547.0
16         10               1377.5 2025-12-08 00:20:16       164546.0
17         10               1394.6 2025-12-08 00:20:17       163540.0
18         10               1388.1 2025-12-08 00:20:18       162536.0
19         10               1393.0 2025-12-08 00:20:19       161533.0
20         10               1396.4 2025-12-08 00:20:20       160531.0
21         10               1393.0 2025-12-08 00:20:21       159527.0
22         10               1387.7 2025-12-08 00:20:22       158526.0
23         10               1390.3 2025-12-08 00:20:23       157524.0
24         10               1391.6 2025-12-08 00:20:24       156523.0
25         10               1389.1 2025-12-08 00:20:25       155522.0
26         10               1388.6 2025-12-08 00:20:26       154520.0
27         10               1388.7 2025-12-08 00:20:27       153517.0
28         10               1387.8 2025-12-08 00:20:28       152515.0
29         10               1391.6 2025-12-08 00:20:29       151508.0
30         10               1394.6 2025-12-08 00:20:30       150505.0
31         10               1391.5 2025-12-08 00:20:31       149504.0
32         10               1392.6 2025-12-08 00:20:32       148503.0
33         10               1393.1 2025-12-08 00:20:33       147500.0
34         10               1394.7 2025-12-08 00:20:34       146499.0
35         10               1398.4 2025-12-08 00:20:35       145498.0
36         10               1391.7 2025-12-08 00:20:36       144495.0
37         10               1393.7 2025-12-08 00:20:37       143493.0
38         10               1397.1 2025-12-08 00:20:38       142486.0
39         10               1394.8 2025-12-08 00:20:39       141484.0
40         10               1393.6 2025-12-08 00:20:40       140483.0
41         10               1396.7 2025-12-08 00:20:41       139479.0
42         10               1395.7 2025-12-08 00:20:42       138478.0
43         10               1396.6 2025-12-08 00:20:43       137470.0
44         10               1398.3 2025-12-08 00:20:44       136467.0
45         10               1402.4 2025-12-08 00:20:45       135466.0
46         10               1397.2 2025-12-08 00:20:46       134465.0
47         10               1395.7 2025-12-08 00:20:47       133464.0
48         10               1395.7 2025-12-08 00:20:48       132463.0
49         10               1396.7 2025-12-08 00:20:49       131462.0
50         10               1399.1 2025-12-08 00:20:50       130461.0
51         10               1397.6 2025-12-08 00:20:51       129461.0
52         10               1395.4 2025-12-08 00:20:52       128459.0
53         10               1395.3 2025-12-08 00:20:53       127457.0
54         10               1396.5 2025-12-08 00:20:54       126444.0
55         10               1408.0 2025-12-08 00:20:55       125436.0
56         10               1397.7 2025-12-08 00:20:56       124432.0
57         10               1399.1 2025-12-08 00:20:57       123428.0
58         10               1399.9 2025-12-08 00:20:58       122426.0
59         10               1400.7 2025-12-08 00:20:59       121422.0
Forecasted values:
    sensor_id  sensor_energy_value_prediction    sensor_timestamp
0          10                     1374.318359 2025-12-08 00:21:00
1          10                     1365.227783 2025-12-08 00:21:01
2          10                     1355.831787 2025-12-08 00:21:02
3          10                     1346.079346 2025-12-08 00:21:03
4          10                     1336.098755 2025-12-08 00:21:04
5          10                     1325.972290 2025-12-08 00:21:05
6          10                     1315.748779 2025-12-08 00:21:06
7          10                     1305.456665 2025-12-08 00:21:07
8          10                     1295.113770 2025-12-08 00:21:08
9          10                     1284.731445 2025-12-08 00:21:09
10         10                     1274.317017 2025-12-08 00:21:10
11         10                     1263.876831 2025-12-08 00:21:11
12         10                     1253.415649 2025-12-08 00:21:12
13         10                     1242.938354 2025-12-08 00:21:13
14         10                     1232.449707 2025-12-08 00:21:14
15         10                     1221.954346 2025-12-08 00:21:15
16         10                     1211.457520 2025-12-08 00:21:16
17         10                     1200.964233 2025-12-08 00:21:17
18         10                     1190.479858 2025-12-08 00:21:18
19         10                     1180.009766 2025-12-08 00:21:19
20         10                     1169.559692 2025-12-08 00:21:20
21         10                     1159.135010 2025-12-08 00:21:21
22         10                     1148.741577 2025-12-08 00:21:22
23         10                     1138.384888 2025-12-08 00:21:23
24         10                     1128.070557 2025-12-08 00:21:24
25         10                     1117.804443 2025-12-08 00:21:25
26         10                     1107.592163 2025-12-08 00:21:26
27         10                     1097.439575 2025-12-08 00:21:27
28         10                     1087.351807 2025-12-08 00:21:28
29         10                     1077.334839 2025-12-08 00:21:29
30         10                     1067.394165 2025-12-08 00:21:30
31         10                     1057.535034 2025-12-08 00:21:31
32         10                     1047.763428 2025-12-08 00:21:32
33         10                     1038.084229 2025-12-08 00:21:33
34         10                     1028.503052 2025-12-08 00:21:34
35         10                     1019.025269 2025-12-08 00:21:35
36         10                     1009.655823 2025-12-08 00:21:36
37         10                     1000.400024 2025-12-08 00:21:37
38         10                      991.262573 2025-12-08 00:21:38
39         10                      982.248718 2025-12-08 00:21:39
40         10                      973.362915 2025-12-08 00:21:40
41         10                      964.610107 2025-12-08 00:21:41
42         10                      955.994507 2025-12-08 00:21:42
43         10                      947.520630 2025-12-08 00:21:43
44         10                      939.192505 2025-12-08 00:21:44
45         10                      931.014160 2025-12-08 00:21:45
46         10                      922.989380 2025-12-08 00:21:46
47         10                      915.121826 2025-12-08 00:21:47
48         10                      907.414856 2025-12-08 00:21:48
49         10                      899.871521 2025-12-08 00:21:49
50         10                      892.494751 2025-12-08 00:21:50
51         10                      885.287415 2025-12-08 00:21:51
52         10                      878.251770 2025-12-08 00:21:52
53         10                      871.390137 2025-12-08 00:21:53
54         10                      864.704529 2025-12-08 00:21:54
55         10                      858.196533 2025-12-08 00:21:55
56         10                      851.867676 2025-12-08 00:21:56
57         10                      845.718872 2025-12-08 00:21:57
58         10                      839.751282 2025-12-08 00:21:58
59         10                      833.965332 2025-12-08 00:21:59
Forecasted values inserted into database
Exiting forecasting script

No new messages received yet.Trying again...

Actual data inserted to database
Triggering forecasting with retrained model
Forecasting.py script logs
Database connection established
Value of --retrain flag: True

Forecasting for retrained model using device10/2025-12-08-00-10-00-2025-12-08-00-19-59-model/device10.keras and device10/2025-12-08-00-10-00-2025-12-08-00-19-59-model/scaler.save
Successfully downloaded model and scaler from S3

Actual values fetched from database
    sensor_id  sensor_energy_value    sensor_timestamp  message_delay
0          10               1408.6 2025-12-08 00:22:00        85856.0
1          10               1405.2 2025-12-08 00:22:01        84798.0
2          10               1404.8 2025-12-08 00:22:02        83796.0
3          10               1403.4 2025-12-08 00:22:03        82718.0
4          10               1402.9 2025-12-08 00:22:04        81717.0
5          10               1405.1 2025-12-08 00:22:05        80708.0
6          10               1402.4 2025-12-08 00:22:06        79706.0
7          10               1404.7 2025-12-08 00:22:07        78701.0
8          10               1403.1 2025-12-08 00:22:08        77663.0
9          10               1399.8 2025-12-08 00:22:09        76659.0
10         10               1399.9 2025-12-08 00:22:10        75658.0
11         10               1401.8 2025-12-08 00:22:11        74655.0
12         10               1401.4 2025-12-08 00:22:12        73653.0
13         10               1405.6 2025-12-08 00:22:13        72651.0
14         10               1402.7 2025-12-08 00:22:14        71650.0
15         10               1397.0 2025-12-08 00:22:15        70645.0
16         10               1400.3 2025-12-08 00:22:16        69643.0
17         10               1404.1 2025-12-08 00:22:17        68641.0
18         10               1403.7 2025-12-08 00:22:18        67640.0
19         10               1408.4 2025-12-08 00:22:19        66640.0
20         10               1409.2 2025-12-08 00:22:20        65630.0
21         10               1400.9 2025-12-08 00:22:21        64626.0
22         10               1402.2 2025-12-08 00:22:22        63618.0
23         10               1402.4 2025-12-08 00:22:23        62616.0
24         10               1402.1 2025-12-08 00:22:24        61600.0
25         10               1402.2 2025-12-08 00:22:25        60598.0
26         10               1401.1 2025-12-08 00:22:26        59596.0
27         10               1401.6 2025-12-08 00:22:27        58593.0
28         10               1402.1 2025-12-08 00:22:28        57578.0
29         10               1401.9 2025-12-08 00:22:29        56568.0
30         10               1403.9 2025-12-08 00:22:30        55567.0
31         10               1398.7 2025-12-08 00:22:31        54564.0
32         10               1404.9 2025-12-08 00:22:32        53563.0
33         10               1401.8 2025-12-08 00:22:33        52562.0
34         10               1406.2 2025-12-08 00:22:34        51560.0
35         10               1407.3 2025-12-08 00:22:35        50559.0
36         10               1405.9 2025-12-08 00:22:36        49558.0
37         10               1408.0 2025-12-08 00:22:37        48555.0
38         10               1409.8 2025-12-08 00:22:38        47549.0
39         10               1404.9 2025-12-08 00:22:39        46547.0
40         10               1405.3 2025-12-08 00:22:40        45546.0
41         10               1407.3 2025-12-08 00:22:41        44543.0
42         10               1400.5 2025-12-08 00:22:42        43542.0
43         10               1403.1 2025-12-08 00:22:43        42539.0
44         10               1402.7 2025-12-08 00:22:44        41534.0
45         10               1414.3 2025-12-08 00:22:45        40533.0
46         10               1412.9 2025-12-08 00:22:46        39530.0
47         10               1408.1 2025-12-08 00:22:47        38527.0
48         10               1404.8 2025-12-08 00:22:48        37526.0
49         10               1419.5 2025-12-08 00:22:49        36522.0
50         10               1406.4 2025-12-08 00:22:50        35520.0
51         10               1406.4 2025-12-08 00:22:51        34519.0
52         10               1407.0 2025-12-08 00:22:52        33517.0
53         10               1407.8 2025-12-08 00:22:53        32516.0
54         10               1405.2 2025-12-08 00:22:54        31512.0
55         10               1408.9 2025-12-08 00:22:55        30505.0
56         10               1406.2 2025-12-08 00:22:56        29504.0
57         10               1408.5 2025-12-08 00:22:57        28500.0
58         10               1407.1 2025-12-08 00:22:58        27499.0
59         10               1420.8 2025-12-08 00:22:59        26497.0
Forecasted values:
    sensor_id  sensor_energy_value_prediction    sensor_timestamp
0          10                     1386.427002 2025-12-08 00:23:00
1          10                     1377.473633 2025-12-08 00:23:01
2          10                     1368.253052 2025-12-08 00:23:02
3          10                     1358.620361 2025-12-08 00:23:03
4          10                     1348.722412 2025-12-08 00:23:04
5          10                     1338.655762 2025-12-08 00:23:05
6          10                     1328.477295 2025-12-08 00:23:06
7          10                     1318.220703 2025-12-08 00:23:07
8          10                     1307.906250 2025-12-08 00:23:08
9          10                     1297.546753 2025-12-08 00:23:09
10         10                     1287.150635 2025-12-08 00:23:10
11         10                     1276.724365 2025-12-08 00:23:11
12         10                     1266.272583 2025-12-08 00:23:12
13         10                     1255.800293 2025-12-08 00:23:13
14         10                     1245.312256 2025-12-08 00:23:14
15         10                     1234.812622 2025-12-08 00:23:15
16         10                     1224.306519 2025-12-08 00:23:16
17         10                     1213.798828 2025-12-08 00:23:17
18         10                     1203.294678 2025-12-08 00:23:18
19         10                     1192.799316 2025-12-08 00:23:19
20         10                     1182.318115 2025-12-08 00:23:20
21         10                     1171.856445 2025-12-08 00:23:21
22         10                     1161.420166 2025-12-08 00:23:22
23         10                     1151.014404 2025-12-08 00:23:23
24         10                     1140.645020 2025-12-08 00:23:24
25         10                     1130.317627 2025-12-08 00:23:25
26         10                     1120.037598 2025-12-08 00:23:26
27         10                     1109.810669 2025-12-08 00:23:27
28         10                     1099.642578 2025-12-08 00:23:28
29         10                     1089.538574 2025-12-08 00:23:29
30         10                     1079.504395 2025-12-08 00:23:30
31         10                     1069.545532 2025-12-08 00:23:31
32         10                     1059.667358 2025-12-08 00:23:32
33         10                     1049.875488 2025-12-08 00:23:33
34         10                     1040.175293 2025-12-08 00:23:34
35         10                     1030.572021 2025-12-08 00:23:35
36         10                     1021.070862 2025-12-08 00:23:36
37         10                     1011.677124 2025-12-08 00:23:37
38         10                     1002.395874 2025-12-08 00:23:38
39         10                      993.232239 2025-12-08 00:23:39
40         10                      984.191040 2025-12-08 00:23:40
41         10                      975.277039 2025-12-08 00:23:41
42         10                      966.494812 2025-12-08 00:23:42
43         10                      957.848999 2025-12-08 00:23:43
44         10                      949.343933 2025-12-08 00:23:44
45         10                      940.983826 2025-12-08 00:23:45
46         10                      932.772644 2025-12-08 00:23:46
47         10                      924.714233 2025-12-08 00:23:47
48         10                      916.812256 2025-12-08 00:23:48
49         10                      909.070129 2025-12-08 00:23:49
50         10                      901.490967 2025-12-08 00:23:50
51         10                      894.077942 2025-12-08 00:23:51
52         10                      886.833679 2025-12-08 00:23:52
53         10                      879.760559 2025-12-08 00:23:53
54         10                      872.861145 2025-12-08 00:23:54
55         10                      866.137207 2025-12-08 00:23:55
56         10                      859.590637 2025-12-08 00:23:56
57         10                      853.222717 2025-12-08 00:23:57
58         10                      847.034851 2025-12-08 00:23:58
59         10                      841.027954 2025-12-08 00:23:59
Forecasted values inserted into database
Exiting forecasting script

No new messages received yet.Trying again...
No new messages received yet.Trying again...
No new messages received yet.Trying again...
No new messages received yet.Trying again...
No new messages received yet.Trying again...
No new messages received yet.Trying again...
No new messages received yet.Trying again...
No new messages received yet.Trying again...
No new messages received yet.Trying again...
No new messages received yet.Trying again...
No new messages received yet.Trying again...
No new messages received yet.Trying again...
No new messages received yet.Trying again...
No new messages received yet.Trying again...
No new messages received yet.Trying again...
No new messages received yet.Trying again...
No new messages received yet.Trying again...
No new messages received yet.Trying again...
No new messages received yet.Trying again...
No new messages received yet.Trying again...
No new messages received yet.Trying again...

Actual data inserted to database
Triggering forecasting with retrained model
Forecasting.py script logs
Database connection established
Value of --retrain flag: True

Forecasting for retrained model using device10/2025-12-08-00-10-00-2025-12-08-00-19-59-model/device10.keras and device10/2025-12-08-00-10-00-2025-12-08-00-19-59-model/scaler.save
Successfully downloaded model and scaler from S3

Actual values fetched from database
    sensor_id  sensor_energy_value    sensor_timestamp  message_delay
0          10               1408.0 2025-12-08 00:23:00        69646.0
1          10               1410.8 2025-12-08 00:23:01        68645.0
2          10               1415.1 2025-12-08 00:23:02        67642.0
3          10               1412.9 2025-12-08 00:23:03        66640.0
4          10               1414.8 2025-12-08 00:23:04        65638.0
5          10               1410.9 2025-12-08 00:23:05        64631.0
6          10               1410.2 2025-12-08 00:23:06        63630.0
7          10               1411.5 2025-12-08 00:23:07        62629.0
8          10               1408.1 2025-12-08 00:23:08        61628.0
9          10               1409.8 2025-12-08 00:23:09        60624.0
10         10               1412.0 2025-12-08 00:23:10        59621.0
11         10               1410.9 2025-12-08 00:23:11        58619.0
12         10               1431.3 2025-12-08 00:23:12        57618.0
13         10               1408.3 2025-12-08 00:23:13        56613.0
14         10               1410.6 2025-12-08 00:23:14        55607.0
15         10               1412.3 2025-12-08 00:23:15        54606.0
16         10               1409.5 2025-12-08 00:23:16        53605.0
17         10               1413.7 2025-12-08 00:23:17        52603.0
18         10               1409.6 2025-12-08 00:23:18        51601.0
19         10               1418.0 2025-12-08 00:23:19        50600.0
20         10               1418.5 2025-12-08 00:23:20        49597.0
21         10               1418.1 2025-12-08 00:23:21        48594.0
22         10               1409.1 2025-12-08 00:23:22        47591.0
23         10               1414.0 2025-12-08 00:23:23        46589.0
24         10               1411.4 2025-12-08 00:23:24        45588.0
25         10               1411.9 2025-12-08 00:23:25        44582.0
26         10               1412.8 2025-12-08 00:23:26        43579.0
27         10               1417.2 2025-12-08 00:23:27        42575.0
28         10               1417.6 2025-12-08 00:23:28        41574.0
29         10               1419.2 2025-12-08 00:23:29        40573.0
30         10               1428.3 2025-12-08 00:23:30        39569.0
31         10               1414.3 2025-12-08 00:23:31        38569.0
32         10               1419.8 2025-12-08 00:23:32        37567.0
33         10               1421.0 2025-12-08 00:23:33        36565.0
34         10               1419.5 2025-12-08 00:23:34        35560.0
35         10               1419.9 2025-12-08 00:23:35        34558.0
36         10               1418.9 2025-12-08 00:23:36        33556.0
37         10               1420.1 2025-12-08 00:23:37        32549.0
38         10               1422.2 2025-12-08 00:23:38        31546.0
39         10               1424.9 2025-12-08 00:23:39        30542.0
40         10               1421.5 2025-12-08 00:23:40        29540.0
41         10               1424.2 2025-12-08 00:23:41        28538.0
42         10               1421.0 2025-12-08 00:23:42        27536.0
43         10               1422.9 2025-12-08 00:23:43        26530.0
44         10               1435.5 2025-12-08 00:23:44        25529.0
45         10               1420.8 2025-12-08 00:23:45        24528.0
46         10               1421.3 2025-12-08 00:23:46        23527.0
47         10               1425.6 2025-12-08 00:23:47        22526.0
48         10               1422.0 2025-12-08 00:23:48        21525.0
49         10               1423.2 2025-12-08 00:23:49        20520.0
50         10               1426.7 2025-12-08 00:23:50        19520.0
51         10               1425.3 2025-12-08 00:23:51        18519.0
52         10               1423.3 2025-12-08 00:23:52        17518.0
53         10               1424.1 2025-12-08 00:23:53        16517.0
54         10               1427.4 2025-12-08 00:23:54        15516.0
55         10               1423.1 2025-12-08 00:23:55        14515.0
56         10               1426.8 2025-12-08 00:23:56        13512.0
57         10               1425.8 2025-12-08 00:23:57        12511.0
58         10               1423.9 2025-12-08 00:23:58        11510.0
59         10               1426.7 2025-12-08 00:23:59        10509.0
Forecasted values:
    sensor_id  sensor_energy_value_prediction    sensor_timestamp
0          10                     1400.018433 2025-12-08 00:24:00
1          10                     1390.971558 2025-12-08 00:24:01
2          10                     1381.643066 2025-12-08 00:24:02
3          10                     1371.960327 2025-12-08 00:24:03
4          10                     1362.047485 2025-12-08 00:24:04
5          10                     1351.984863 2025-12-08 00:24:05
6          10                     1341.819580 2025-12-08 00:24:06
7          10                     1331.580078 2025-12-08 00:24:07
8          10                     1321.283447 2025-12-08 00:24:08
9          10                     1310.940063 2025-12-08 00:24:09
10         10                     1300.557617 2025-12-08 00:24:10
11         10                     1290.141602 2025-12-08 00:24:11
12         10                     1279.696655 2025-12-08 00:24:12
13         10                     1269.227417 2025-12-08 00:24:13
14         10                     1258.737915 2025-12-08 00:24:14
15         10                     1248.232788 2025-12-08 00:24:15
16         10                     1237.716553 2025-12-08 00:24:16
17         10                     1227.194214 2025-12-08 00:24:17
18         10                     1216.670532 2025-12-08 00:24:18
19         10                     1206.150757 2025-12-08 00:24:19
20         10                     1195.639893 2025-12-08 00:24:20
21         10                     1185.143311 2025-12-08 00:24:21
22         10                     1174.666382 2025-12-08 00:24:22
23         10                     1164.214600 2025-12-08 00:24:23
24         10                     1153.793213 2025-12-08 00:24:24
25         10                     1143.407593 2025-12-08 00:24:25
26         10                     1133.063354 2025-12-08 00:24:26
27         10                     1122.766113 2025-12-08 00:24:27
28         10                     1112.521240 2025-12-08 00:24:28
29         10                     1102.333984 2025-12-08 00:24:29
30         10                     1092.210083 2025-12-08 00:24:30
31         10                     1082.155029 2025-12-08 00:24:31
32         10                     1072.174194 2025-12-08 00:24:32
33         10                     1062.272949 2025-12-08 00:24:33
34         10                     1052.456665 2025-12-08 00:24:34
35         10                     1042.730835 2025-12-08 00:24:35
36         10                     1033.100708 2025-12-08 00:24:36
37         10                     1023.571472 2025-12-08 00:24:37
38         10                     1014.148438 2025-12-08 00:24:38
39         10                     1004.836609 2025-12-08 00:24:39
40         10                      995.641174 2025-12-08 00:24:40
41         10                      986.566772 2025-12-08 00:24:41
42         10                      977.618530 2025-12-08 00:24:42
43         10                      968.800903 2025-12-08 00:24:43
44         10                      960.118530 2025-12-08 00:24:44
45         10                      951.575684 2025-12-08 00:24:45
46         10                      943.176819 2025-12-08 00:24:46
47         10                      934.925903 2025-12-08 00:24:47
48         10                      926.826782 2025-12-08 00:24:48
49         10                      918.882996 2025-12-08 00:24:49
50         10                      911.098206 2025-12-08 00:24:50
51         10                      903.475891 2025-12-08 00:24:51
52         10                      896.018494 2025-12-08 00:24:52
53         10                      888.729370 2025-12-08 00:24:53
54         10                      881.610962 2025-12-08 00:24:54
55         10                      874.665405 2025-12-08 00:24:55
56         10                      867.895020 2025-12-08 00:24:56
57         10                      861.301270 2025-12-08 00:24:57
58         10                      854.886108 2025-12-08 00:24:58
59         10                      848.650574 2025-12-08 00:24:59
Forecasted values inserted into database
Exiting forecasting script

No new messages received yet.Trying again...
No new messages received yet.Trying again...
No new messages received yet.Trying again...
No new messages received yet.Trying again...
No new messages received yet.Trying again...
No new messages received yet.Trying again...
No new messages received yet.Trying again...
No new messages received yet.Trying again...
No new messages received yet.Trying again...
No new messages received yet.Trying again...
No new messages received yet.Trying again...
No new messages received yet.Trying again...
No new messages received yet.Trying again...
No new messages received yet.Trying again...
No new messages received yet.Trying again...
No new messages received yet.Trying again...
No new messages received yet.Trying again...
No new messages received yet.Trying again...
No new messages received yet.Trying again...
No new messages received yet.Trying again...
No new messages received yet.Trying again...
No new messages received yet.Trying again...
No new messages received yet.Trying again...
No new messages received yet.Trying again...
No new messages received yet.Trying again...
No new messages received yet.Trying again...
No new messages received yet.Trying again...
No new messages received yet.Trying again...
No new messages received yet.Trying again...
No new messages received yet.Trying again...
No new messages received yet.Trying again...
No new messages received yet.Trying again...
No new messages received yet.Trying again...
No new messages received yet.Trying again...
No new messages received yet.Trying again...
No new messages received yet.Trying again...

Actual data inserted to database
Triggering forecasting with retrained model
Forecasting.py script logs
Database connection established
Value of --retrain flag: True

Forecasting for retrained model using device10/2025-12-08-00-10-00-2025-12-08-00-19-59-model/device10.keras and device10/2025-12-08-00-10-00-2025-12-08-00-19-59-model/scaler.save
Successfully downloaded model and scaler from S3

Actual values fetched from database
    sensor_id  sensor_energy_value    sensor_timestamp  message_delay
0          10               1435.9 2025-12-08 00:24:00        69505.0
1          10               1425.0 2025-12-08 00:24:01        68504.0
2          10               1428.7 2025-12-08 00:24:02        67501.0
3          10               1429.1 2025-12-08 00:24:03        66497.0
4          10               1432.2 2025-12-08 00:24:04        65493.0
5          10               1432.4 2025-12-08 00:24:05        64491.0
6          10               1430.8 2025-12-08 00:24:06        63490.0
7          10               1423.7 2025-12-08 00:24:07        62488.0
8          10               1427.3 2025-12-08 00:24:08        61487.0
9          10               1433.2 2025-12-08 00:24:09        60485.0
10         10               1428.0 2025-12-08 00:24:10        59483.0
11         10               1427.9 2025-12-08 00:24:11        58479.0
12         10               1427.1 2025-12-08 00:24:12        57473.0
13         10               1431.2 2025-12-08 00:24:13        56471.0
14         10               1430.0 2025-12-08 00:24:14        55470.0
15         10               1438.4 2025-12-08 00:24:15        54469.0
16         10               1431.3 2025-12-08 00:24:16        53468.0
17         10               1434.0 2025-12-08 00:24:17        52465.0
18         10               1437.0 2025-12-08 00:24:18        51457.0
19         10               1437.6 2025-12-08 00:24:19        50453.0
20         10               1439.0 2025-12-08 00:24:20        49448.0
21         10               1434.6 2025-12-08 00:24:21        48445.0
22         10               1433.7 2025-12-08 00:24:22        47442.0
23         10               1438.7 2025-12-08 00:24:23        46441.0
24         10               1433.4 2025-12-08 00:24:24        45439.0
25         10               1434.9 2025-12-08 00:24:25        44436.0
26         10               1436.3 2025-12-08 00:24:26        43431.0
27         10               1434.7 2025-12-08 00:24:27        42422.0
28         10               1436.5 2025-12-08 00:24:28        41418.0
29         10               1440.1 2025-12-08 00:24:29        40417.0
30         10               1433.5 2025-12-08 00:24:30        39415.0
31         10               1435.7 2025-12-08 00:24:31        38414.0
32         10               1440.9 2025-12-08 00:24:32        37413.0
33         10               1437.4 2025-12-08 00:24:33        36412.0
34         10               1440.3 2025-12-08 00:24:34        35410.0
35         10               1442.9 2025-12-08 00:24:35        34401.0
36         10               1441.8 2025-12-08 00:24:36        33342.0
37         10               1445.8 2025-12-08 00:24:37        32224.0
38         10               1443.2 2025-12-08 00:24:38        31166.0
39         10               1442.8 2025-12-08 00:24:39        30130.0
40         10               1441.7 2025-12-08 00:24:40        28746.0
41         10               1445.5 2025-12-08 00:24:41        27720.0
42         10               1444.0 2025-12-08 00:24:42        26717.0
43         10               1443.4 2025-12-08 00:24:43        25711.0
44         10               1445.3 2025-12-08 00:24:44        24694.0
45         10               1445.6 2025-12-08 00:24:45        23622.0
46         10               1450.5 2025-12-08 00:24:46        22621.0
47         10               1448.9 2025-12-08 00:24:47        21615.0
48         10               1446.1 2025-12-08 00:24:48        20459.0
49         10               1448.3 2025-12-08 00:24:49        19189.0
50         10               1449.1 2025-12-08 00:24:50        17350.0
51         10               1448.8 2025-12-08 00:24:51        15950.0
52         10               1275.7 2025-12-08 00:24:52        14924.0
53         10               1279.9 2025-12-08 00:24:53        13905.0
54         10               1288.1 2025-12-08 00:24:54        12903.0
55         10               1297.6 2025-12-08 00:24:55        11893.0
56         10               1258.4 2025-12-08 00:24:56        10887.0
57         10                549.8 2025-12-08 00:24:57         9883.0
58         10                548.6 2025-12-08 00:24:58         8873.0
59         10                555.3 2025-12-08 00:24:59         7836.0
Forecasted values:
    sensor_id  sensor_energy_value_prediction    sensor_timestamp
0          10                      727.417175 2025-12-08 00:25:00
1          10                      705.546692 2025-12-08 00:25:01
2          10                      691.391846 2025-12-08 00:25:02
3          10                      681.372742 2025-12-08 00:25:03
4          10                      673.928650 2025-12-08 00:25:04
5          10                      668.146545 2025-12-08 00:25:05
6          10                      663.507812 2025-12-08 00:25:06
7          10                      659.723572 2025-12-08 00:25:07
8          10                      656.635254 2025-12-08 00:25:08
9          10                      654.156067 2025-12-08 00:25:09
10         10                      652.236389 2025-12-08 00:25:10
11         10                      650.844482 2025-12-08 00:25:11
12         10                      649.955750 2025-12-08 00:25:12
13         10                      649.546875 2025-12-08 00:25:13
14         10                      649.593384 2025-12-08 00:25:14
15         10                      650.068604 2025-12-08 00:25:15
16         10                      650.943420 2025-12-08 00:25:16
17         10                      652.186829 2025-12-08 00:25:17
18         10                      653.766052 2025-12-08 00:25:18
19         10                      655.647583 2025-12-08 00:25:19
20         10                      657.797363 2025-12-08 00:25:20
21         10                      660.181458 2025-12-08 00:25:21
22         10                      662.766541 2025-12-08 00:25:22
23         10                      665.520020 2025-12-08 00:25:23
24         10                      668.410461 2025-12-08 00:25:24
25         10                      671.408020 2025-12-08 00:25:25
26         10                      674.484131 2025-12-08 00:25:26
27         10                      677.612305 2025-12-08 00:25:27
28         10                      680.767639 2025-12-08 00:25:28
29         10                      683.927307 2025-12-08 00:25:29
30         10                      687.070312 2025-12-08 00:25:30
31         10                      690.177612 2025-12-08 00:25:31
32         10                      693.232300 2025-12-08 00:25:32
33         10                      696.219421 2025-12-08 00:25:33
34         10                      699.125671 2025-12-08 00:25:34
35         10                      701.939758 2025-12-08 00:25:35
36         10                      704.652283 2025-12-08 00:25:36
37         10                      707.255310 2025-12-08 00:25:37
38         10                      709.742554 2025-12-08 00:25:38
39         10                      712.109314 2025-12-08 00:25:39
40         10                      714.352234 2025-12-08 00:25:40
41         10                      716.469055 2025-12-08 00:25:41
42         10                      718.458984 2025-12-08 00:25:42
43         10                      720.321960 2025-12-08 00:25:43
44         10                      722.058960 2025-12-08 00:25:44
45         10                      723.671936 2025-12-08 00:25:45
46         10                      725.163269 2025-12-08 00:25:46
47         10                      726.536133 2025-12-08 00:25:47
48         10                      727.794128 2025-12-08 00:25:48
49         10                      728.941406 2025-12-08 00:25:49
50         10                      729.982239 2025-12-08 00:25:50
51         10                      730.921387 2025-12-08 00:25:51
52         10                      731.763611 2025-12-08 00:25:52
53         10                      732.514160 2025-12-08 00:25:53
54         10                      733.177917 2025-12-08 00:25:54
55         10                      733.760071 2025-12-08 00:25:55
56         10                      734.265503 2025-12-08 00:25:56
57         10                      734.699280 2025-12-08 00:25:57
58         10                      735.068481 2025-12-08 00:25:58
59         10                      735.376587 2025-12-08 00:25:59
Forecasted values inserted into database
Exiting forecasting script

No new messages received yet.Trying again...
No new messages received yet.Trying again...
No new messages received yet.Trying again...
No new messages received yet.Trying again...
No new messages received yet.Trying again...
No new messages received yet.Trying again...
No new messages received yet.Trying again...
No new messages received yet.Trying again...
No new messages received yet.Trying again...
No new messages received yet.Trying again...
No new messages received yet.Trying again...
No new messages received yet.Trying again...
No new messages received yet.Trying again...

Actual data inserted to database
Triggering forecasting with retrained model
Forecasting.py script logs
Database connection established
Value of --retrain flag: True

Forecasting for retrained model using device10/2025-12-08-00-10-00-2025-12-08-00-19-59-model/device10.keras and device10/2025-12-08-00-10-00-2025-12-08-00-19-59-model/scaler.save
Successfully downloaded model and scaler from S3

Actual values fetched from database
    sensor_id  sensor_energy_value    sensor_timestamp  message_delay
0          10                805.0 2025-12-08 00:25:00        67007.0
1          10                567.9 2025-12-08 00:25:01        66004.0
2          10                558.3 2025-12-08 00:25:02        65000.0
3          10                558.5 2025-12-08 00:25:03        63990.0
4          10                556.6 2025-12-08 00:25:04        62981.0
5          10                555.7 2025-12-08 00:25:05        61976.0
6          10                558.5 2025-12-08 00:25:06        60971.0
7          10                559.3 2025-12-08 00:25:07        59964.0
8          10                559.5 2025-12-08 00:25:08        58963.0
9          10                559.5 2025-12-08 00:25:09        57961.0
10         10                559.0 2025-12-08 00:25:10        56960.0
11         10                560.9 2025-12-08 00:25:11        55952.0
12         10                557.0 2025-12-08 00:25:12        54950.0
13         10                558.8 2025-12-08 00:25:13        53923.0
14         10                561.8 2025-12-08 00:25:14        52917.0
15         10                558.9 2025-12-08 00:25:15        51916.0
16         10                561.5 2025-12-08 00:25:16        50901.0
17         10                558.4 2025-12-08 00:25:17        49891.0
18         10                558.0 2025-12-08 00:25:18        48889.0
19         10                563.8 2025-12-08 00:25:19        47886.0
20         10                563.4 2025-12-08 00:25:20        46884.0
21         10                558.0 2025-12-08 00:25:21        45882.0
22         10                560.2 2025-12-08 00:25:22        44878.0
23         10                561.6 2025-12-08 00:25:23        43871.0
24         10                558.3 2025-12-08 00:25:24        42863.0
25         10                558.6 2025-12-08 00:25:25        41861.0
26         10                563.1 2025-12-08 00:25:26        40859.0
27         10                548.2 2025-12-08 00:25:27        39856.0
28         10                547.3 2025-12-08 00:25:28        38855.0
29         10                445.2 2025-12-08 00:25:29        37853.0
30         10                438.6 2025-12-08 00:25:30        36851.0
31         10                566.1 2025-12-08 00:25:31        35843.0
32         10                463.1 2025-12-08 00:25:32        34835.0
33         10                457.4 2025-12-08 00:25:33        33830.0
34         10                458.1 2025-12-08 00:25:34        32829.0
35         10                455.6 2025-12-08 00:25:35        31825.0
36         10                455.5 2025-12-08 00:25:36        30820.0
37         10                453.5 2025-12-08 00:25:37        29810.0
38         10                453.5 2025-12-08 00:25:38        28803.0
39         10                452.4 2025-12-08 00:25:39        27801.0
40         10                454.2 2025-12-08 00:25:40        26800.0
41         10                461.7 2025-12-08 00:25:41        25796.0
42         10                457.8 2025-12-08 00:25:42        24795.0
43         10                458.6 2025-12-08 00:25:43        23794.0
44         10                463.8 2025-12-08 00:25:44        22793.0
45         10                459.3 2025-12-08 00:25:45        21791.0
46         10                461.0 2025-12-08 00:25:46        20784.0
47         10                483.7 2025-12-08 00:25:47        19782.0
48         10                531.1 2025-12-08 00:25:48        18781.0
49         10                571.7 2025-12-08 00:25:49        17779.0
50         10                580.7 2025-12-08 00:25:50        16775.0
51         10                579.6 2025-12-08 00:25:51        15772.0
52         10                580.8 2025-12-08 00:25:52        14771.0
53         10                579.8 2025-12-08 00:25:53        13769.0
54         10                582.2 2025-12-08 00:25:54        12768.0
55         10                583.3 2025-12-08 00:25:55        11766.0
56         10                581.1 2025-12-08 00:25:56        10761.0
57         10                581.8 2025-12-08 00:25:57         9759.0
58         10                587.6 2025-12-08 00:25:58         8758.0
59         10                585.7 2025-12-08 00:25:59         7757.0
Forecasted values:
    sensor_id  sensor_energy_value_prediction    sensor_timestamp
0          10                      621.333191 2025-12-08 00:26:00
1          10                      632.294678 2025-12-08 00:26:01
2          10                      643.428833 2025-12-08 00:26:02
3          10                      654.410278 2025-12-08 00:26:03
4          10                      665.044739 2025-12-08 00:26:04
5          10                      675.212158 2025-12-08 00:26:05
6          10                      684.838806 2025-12-08 00:26:06
7          10                      693.880432 2025-12-08 00:26:07
8          10                      702.312195 2025-12-08 00:26:08
9          10                      710.122742 2025-12-08 00:26:09
10         10                      717.310547 2025-12-08 00:26:10
11         10                      723.881531 2025-12-08 00:26:11
12         10                      729.847656 2025-12-08 00:26:12
13         10                      735.225769 2025-12-08 00:26:13
14         10                      740.036621 2025-12-08 00:26:14
15         10                      744.304138 2025-12-08 00:26:15
16         10                      748.054688 2025-12-08 00:26:16
17         10                      751.316345 2025-12-08 00:26:17
18         10                      754.118469 2025-12-08 00:26:18
19         10                      756.491150 2025-12-08 00:26:19
20         10                      758.464478 2025-12-08 00:26:20
21         10                      760.068726 2025-12-08 00:26:21
22         10                      761.333374 2025-12-08 00:26:22
23         10                      762.287354 2025-12-08 00:26:23
24         10                      762.958679 2025-12-08 00:26:24
25         10                      763.374207 2025-12-08 00:26:25
26         10                      763.559387 2025-12-08 00:26:26
27         10                      763.538696 2025-12-08 00:26:27
28         10                      763.334900 2025-12-08 00:26:28
29         10                      762.969604 2025-12-08 00:26:29
30         10                      762.463074 2025-12-08 00:26:30
31         10                      761.834045 2025-12-08 00:26:31
32         10                      761.099426 2025-12-08 00:26:32
33         10                      760.275818 2025-12-08 00:26:33
34         10                      759.377747 2025-12-08 00:26:34
35         10                      758.418579 2025-12-08 00:26:35
36         10                      757.410706 2025-12-08 00:26:36
37         10                      756.365356 2025-12-08 00:26:37
38         10                      755.292603 2025-12-08 00:26:38
39         10                      754.201599 2025-12-08 00:26:39
40         10                      753.100586 2025-12-08 00:26:40
41         10                      751.996765 2025-12-08 00:26:41
42         10                      750.896667 2025-12-08 00:26:42
43         10                      749.806152 2025-12-08 00:26:43
44         10                      748.730225 2025-12-08 00:26:44
45         10                      747.673279 2025-12-08 00:26:45
46         10                      746.639221 2025-12-08 00:26:46
47         10                      745.631165 2025-12-08 00:26:47
48         10                      744.651978 2025-12-08 00:26:48
49         10                      743.703735 2025-12-08 00:26:49
50         10                      742.788391 2025-12-08 00:26:50
51         10                      741.907532 2025-12-08 00:26:51
52         10                      741.062317 2025-12-08 00:26:52
53         10                      740.253601 2025-12-08 00:26:53
54         10                      739.482117 2025-12-08 00:26:54
55         10                      738.747864 2025-12-08 00:26:55
56         10                      738.051147 2025-12-08 00:26:56
57         10                      737.391724 2025-12-08 00:26:57
58         10                      736.769287 2025-12-08 00:26:58
59         10                      736.183289 2025-12-08 00:26:59
Forecasted values inserted into database
Exiting forecasting script

No new messages received yet.Trying again...
No new messages received yet.Trying again...
No new messages received yet.Trying again...
No new messages received yet.Trying again...
No new messages received yet.Trying again...
No new messages received yet.Trying again...
No new messages received yet.Trying again...
No new messages received yet.Trying again...
No new messages received yet.Trying again...
No new messages received yet.Trying again...
No new messages received yet.Trying again...
No new messages received yet.Trying again...
No new messages received yet.Trying again...
No new messages received yet.Trying again...
No new messages received yet.Trying again...
No new messages received yet.Trying again...
No new messages received yet.Trying again...
No new messages received yet.Trying again...
No new messages received yet.Trying again...
No new messages received yet.Trying again...
No new messages received yet.Trying again...
No new messages received yet.Trying again...
No new messages received yet.Trying again...
No new messages received yet.Trying again...
No new messages received yet.Trying again...
No new messages received yet.Trying again...

Actual data inserted to database
Triggering forecasting with retrained model
Forecasting.py script logs
Database connection established
Value of --retrain flag: True

Forecasting for retrained model using device10/2025-12-08-00-10-00-2025-12-08-00-19-59-model/device10.keras and device10/2025-12-08-00-10-00-2025-12-08-00-19-59-model/scaler.save
Successfully downloaded model and scaler from S3

Actual values fetched from database
    sensor_id  sensor_energy_value    sensor_timestamp  message_delay
0          10                585.7 2025-12-08 00:26:00        66627.0
1          10                586.1 2025-12-08 00:26:01        65625.0
2          10                586.8 2025-12-08 00:26:02        64616.0
3          10                586.3 2025-12-08 00:26:03        63615.0
4          10                587.9 2025-12-08 00:26:04        62610.0
5          10                586.6 2025-12-08 00:26:05        61600.0
6          10                585.2 2025-12-08 00:26:06        60593.0
7          10                586.8 2025-12-08 00:26:07        59592.0
8          10                587.5 2025-12-08 00:26:08        58586.0
9          10                585.7 2025-12-08 00:26:09        57585.0
10         10                587.7 2025-12-08 00:26:10        56585.0
11         10                585.4 2025-12-08 00:26:11        55582.0
12         10                586.1 2025-12-08 00:26:12        54580.0
13         10                588.6 2025-12-08 00:26:13        53578.0
14         10                589.3 2025-12-08 00:26:14        52576.0
15         10                586.7 2025-12-08 00:26:15        51575.0
16         10                592.7 2025-12-08 00:26:16        50572.0
17         10                586.2 2025-12-08 00:26:17        49571.0
18         10                584.3 2025-12-08 00:26:18        48569.0
19         10                590.4 2025-12-08 00:26:19        47567.0
20         10                597.3 2025-12-08 00:26:20        46566.0
21         10                596.8 2025-12-08 00:26:21        45565.0
22         10                587.5 2025-12-08 00:26:22        44563.0
23         10                599.5 2025-12-08 00:26:23        43562.0
24         10                583.9 2025-12-08 00:26:24        42561.0
25         10                587.3 2025-12-08 00:26:25        41554.0
26         10                593.3 2025-12-08 00:26:26        40552.0
27         10                590.4 2025-12-08 00:26:27        39550.0
28         10                590.7 2025-12-08 00:26:28        38549.0
29         10                591.5 2025-12-08 00:26:29        37548.0
30         10                587.3 2025-12-08 00:26:30        36545.0
31         10                587.9 2025-12-08 00:26:31        35544.0
32         10                586.1 2025-12-08 00:26:32        34543.0
33         10                588.0 2025-12-08 00:26:33        33542.0
34         10                588.1 2025-12-08 00:26:34        32541.0
35         10                588.9 2025-12-08 00:26:35        31540.0
36         10                587.0 2025-12-08 00:26:36        30539.0
37         10                587.7 2025-12-08 00:26:37        29538.0
38         10                590.5 2025-12-08 00:26:38        28537.0
39         10                586.7 2025-12-08 00:26:39        27536.0
40         10                586.4 2025-12-08 00:26:40        26529.0
41         10                586.6 2025-12-08 00:26:41        25527.0
42         10                586.8 2025-12-08 00:26:42        24525.0
43         10                590.7 2025-12-08 00:26:43        23522.0
44         10                592.0 2025-12-08 00:26:44        22513.0
45         10                589.5 2025-12-08 00:26:45        21512.0
46         10                587.8 2025-12-08 00:26:46        20510.0
47         10                589.7 2025-12-08 00:26:47        19506.0
48         10                587.2 2025-12-08 00:26:48        18503.0
49         10                596.3 2025-12-08 00:26:49        17500.0
50         10                588.7 2025-12-08 00:26:50        16498.0
51         10                587.9 2025-12-08 00:26:51        15494.0
52         10                588.2 2025-12-08 00:26:52        14493.0
53         10                587.6 2025-12-08 00:26:53        13491.0
54         10                589.4 2025-12-08 00:26:54        12445.0
55         10                597.9 2025-12-08 00:26:55        11442.0
56         10                590.1 2025-12-08 00:26:56        10440.0
57         10                589.6 2025-12-08 00:26:57         9428.0
58         10                588.8 2025-12-08 00:26:58         8425.0
59         10                587.0 2025-12-08 00:26:59         7423.0
Forecasted values:
    sensor_id  sensor_energy_value_prediction    sensor_timestamp
0          10                      610.878113 2025-12-08 00:27:00
1          10                      617.767578 2025-12-08 00:27:01
2          10                      625.050293 2025-12-08 00:27:02
3          10                      632.480957 2025-12-08 00:27:03
4          10                      639.921997 2025-12-08 00:27:04
5          10                      647.283081 2025-12-08 00:27:05
6          10                      654.502747 2025-12-08 00:27:06
7          10                      661.536621 2025-12-08 00:27:07
8          10                      668.350891 2025-12-08 00:27:08
9          10                      674.919250 2025-12-08 00:27:09
10         10                      681.219910 2025-12-08 00:27:10
11         10                      687.235474 2025-12-08 00:27:11
12         10                      692.951965 2025-12-08 00:27:12
13         10                      698.358521 2025-12-08 00:27:13
14         10                      703.447449 2025-12-08 00:27:14
15         10                      708.214111 2025-12-08 00:27:15
16         10                      712.656677 2025-12-08 00:27:16
17         10                      716.775940 2025-12-08 00:27:17
18         10                      720.575256 2025-12-08 00:27:18
19         10                      724.060242 2025-12-08 00:27:19
20         10                      727.238403 2025-12-08 00:27:20
21         10                      730.119141 2025-12-08 00:27:21
22         10                      732.713318 2025-12-08 00:27:22
23         10                      735.032898 2025-12-08 00:27:23
24         10                      737.090820 2025-12-08 00:27:24
25         10                      738.900757 2025-12-08 00:27:25
26         10                      740.476868 2025-12-08 00:27:26
27         10                      741.833496 2025-12-08 00:27:27
28         10                      742.985229 2025-12-08 00:27:28
29         10                      743.946472 2025-12-08 00:27:29
30         10                      744.731567 2025-12-08 00:27:30
31         10                      745.354431 2025-12-08 00:27:31
32         10                      745.828613 2025-12-08 00:27:32
33         10                      746.167297 2025-12-08 00:27:33
34         10                      746.382996 2025-12-08 00:27:34
35         10                      746.487793 2025-12-08 00:27:35
36         10                      746.493042 2025-12-08 00:27:36
37         10                      746.409668 2025-12-08 00:27:37
38         10                      746.247681 2025-12-08 00:27:38
39         10                      746.016724 2025-12-08 00:27:39
40         10                      745.725708 2025-12-08 00:27:40
41         10                      745.382874 2025-12-08 00:27:41
42         10                      744.995911 2025-12-08 00:27:42
43         10                      744.571899 2025-12-08 00:27:43
44         10                      744.117432 2025-12-08 00:27:44
45         10                      743.638489 2025-12-08 00:27:45
46         10                      743.140564 2025-12-08 00:27:46
47         10                      742.628540 2025-12-08 00:27:47
48         10                      742.106934 2025-12-08 00:27:48
49         10                      741.580017 2025-12-08 00:27:49
50         10                      741.051086 2025-12-08 00:27:50
51         10                      740.523621 2025-12-08 00:27:51
52         10                      740.000549 2025-12-08 00:27:52
53         10                      739.484314 2025-12-08 00:27:53
54         10                      738.977112 2025-12-08 00:27:54
55         10                      738.481018 2025-12-08 00:27:55
56         10                      737.997498 2025-12-08 00:27:56
57         10                      737.528076 2025-12-08 00:27:57
58         10                      737.073914 2025-12-08 00:27:58
59         10                      736.635986 2025-12-08 00:27:59
Forecasted values inserted into database
Exiting forecasting script

No new messages received yet.Trying again...
No new messages received yet.Trying again...
No new messages received yet.Trying again...
No new messages received yet.Trying again...
No new messages received yet.Trying again...
No new messages received yet.Trying again...
No new messages received yet.Trying again...
No new messages received yet.Trying again...
No new messages received yet.Trying again...
No new messages received yet.Trying again...
No new messages received yet.Trying again...
No new messages received yet.Trying again...
No new messages received yet.Trying again...
No new messages received yet.Trying again...
No new messages received yet.Trying again...
No new messages received yet.Trying again...
No new messages received yet.Trying again...
No new messages received yet.Trying again...
No new messages received yet.Trying again...
No new messages received yet.Trying again...
No new messages received yet.Trying again...
No new messages received yet.Trying again...
No new messages received yet.Trying again...
No new messages received yet.Trying again...
No new messages received yet.Trying again...

Actual data inserted to database
Triggering forecasting with retrained model
Forecasting.py script logs
Database connection established
Value of --retrain flag: True

Forecasting for retrained model using device10/2025-12-08-00-10-00-2025-12-08-00-19-59-model/device10.keras and device10/2025-12-08-00-10-00-2025-12-08-00-19-59-model/scaler.save
Successfully downloaded model and scaler from S3

Actual values fetched from database
    sensor_id  sensor_energy_value    sensor_timestamp  message_delay
0          10                599.5 2025-12-08 00:27:00        67856.0
1          10                594.9 2025-12-08 00:27:01        66854.0
2          10                591.8 2025-12-08 00:27:02        65853.0
3          10                592.7 2025-12-08 00:27:03        64852.0
4          10                602.1 2025-12-08 00:27:04        63851.0
5          10                590.4 2025-12-08 00:27:05        62848.0
6          10                588.8 2025-12-08 00:27:06        61846.0
7          10                593.8 2025-12-08 00:27:07        60845.0
8          10                588.0 2025-12-08 00:27:08        59841.0
9          10                585.6 2025-12-08 00:27:09        58840.0
10         10                588.5 2025-12-08 00:27:10        57834.0
11         10                586.4 2025-12-08 00:27:11        56829.0
12         10                586.0 2025-12-08 00:27:12        55825.0
13         10                586.6 2025-12-08 00:27:13        54824.0
14         10                590.4 2025-12-08 00:27:14        53823.0
15         10                586.9 2025-12-08 00:27:15        52821.0
16         10                585.6 2025-12-08 00:27:16        51820.0
17         10                591.0 2025-12-08 00:27:17        50819.0
18         10                589.5 2025-12-08 00:27:18        49818.0
19         10                595.3 2025-12-08 00:27:19        48814.0
20         10                593.5 2025-12-08 00:27:20        47813.0
21         10                588.5 2025-12-08 00:27:21        46812.0
22         10                587.2 2025-12-08 00:27:22        45810.0
23         10                589.6 2025-12-08 00:27:23        44808.0
24         10                589.5 2025-12-08 00:27:24        43807.0
25         10                588.2 2025-12-08 00:27:25        42806.0
26         10                589.5 2025-12-08 00:27:26        41803.0
27         10                591.2 2025-12-08 00:27:27        40801.0
28         10                593.0 2025-12-08 00:27:28        39800.0
29         10                595.4 2025-12-08 00:27:29        38766.0
30         10                594.3 2025-12-08 00:27:30        37721.0
31         10                595.8 2025-12-08 00:27:31        36719.0
32         10                595.6 2025-12-08 00:27:32        35718.0
33         10                595.6 2025-12-08 00:27:33        34716.0
34         10                593.6 2025-12-08 00:27:34        33712.0
35         10                593.7 2025-12-08 00:27:35        32704.0
36         10                591.3 2025-12-08 00:27:36        31698.0
37         10                592.7 2025-12-08 00:27:37        30697.0
38         10                594.4 2025-12-08 00:27:38        29696.0
39         10                591.9 2025-12-08 00:27:39        28693.0
40         10                593.0 2025-12-08 00:27:40        27692.0
41         10                593.0 2025-12-08 00:27:41        26688.0
42         10                598.4 2025-12-08 00:27:42        25684.0
43         10                590.1 2025-12-08 00:27:43        24683.0
44         10                589.9 2025-12-08 00:27:44        23681.0
45         10                585.0 2025-12-08 00:27:45        22679.0
46         10                585.3 2025-12-08 00:27:46        21675.0
47         10                589.0 2025-12-08 00:27:47        20674.0
48         10                589.4 2025-12-08 00:27:48        19671.0
49         10                590.3 2025-12-08 00:27:49        18668.0
50         10                593.7 2025-12-08 00:27:50        17638.0
51         10                586.7 2025-12-08 00:27:51        16504.0
52         10                588.6 2025-12-08 00:27:52        15399.0
53         10                586.6 2025-12-08 00:27:53        14349.0
54         10                586.7 2025-12-08 00:27:54        13295.0
55         10                589.7 2025-12-08 00:27:55        12294.0
56         10                586.9 2025-12-08 00:27:56        11243.0
57         10                585.7 2025-12-08 00:27:57        10236.0
58         10                587.6 2025-12-08 00:27:58         9208.0
59         10                588.3 2025-12-08 00:27:59         8087.0
Forecasted values:
    sensor_id  sensor_energy_value_prediction    sensor_timestamp
0          10                      609.227234 2025-12-08 00:28:00
1          10                      616.225891 2025-12-08 00:28:01
2          10                      623.582642 2025-12-08 00:28:02
3          10                      631.073853 2025-12-08 00:28:03
4          10                      638.571350 2025-12-08 00:28:04
5          10                      645.989868 2025-12-08 00:28:05
6          10                      653.270386 2025-12-08 00:28:06
7          10                      660.369202 2025-12-08 00:28:07
8          10                      667.252625 2025-12-08 00:28:08
9          10                      673.893494 2025-12-08 00:28:09
10         10                      680.269409 2025-12-08 00:28:10
11         10                      686.361877 2025-12-08 00:28:11
12         10                      692.156006 2025-12-08 00:28:12
13         10                      697.640015 2025-12-08 00:28:13
14         10                      702.805420 2025-12-08 00:28:14
15         10                      707.646790 2025-12-08 00:28:15
16         10                      712.161621 2025-12-08 00:28:16
17         10                      716.350281 2025-12-08 00:28:17
18         10                      720.215698 2025-12-08 00:28:18
19         10                      723.763123 2025-12-08 00:28:19
20         10                      726.999878 2025-12-08 00:28:20
21         10                      729.935181 2025-12-08 00:28:21
22         10                      732.579895 2025-12-08 00:28:22
23         10                      734.945801 2025-12-08 00:28:23
24         10                      737.046082 2025-12-08 00:28:24
25         10                      738.894348 2025-12-08 00:28:25
26         10                      740.504944 2025-12-08 00:28:26
27         10                      741.892334 2025-12-08 00:28:27
28         10                      743.071289 2025-12-08 00:28:28
29         10                      744.056396 2025-12-08 00:28:29
30         10                      744.862122 2025-12-08 00:28:30
31         10                      745.502625 2025-12-08 00:28:31
32         10                      745.991760 2025-12-08 00:28:32
33         10                      746.342712 2025-12-08 00:28:33
34         10                      746.568420 2025-12-08 00:28:34
35         10                      746.681030 2025-12-08 00:28:35
36         10                      746.692139 2025-12-08 00:28:36
37         10                      746.612732 2025-12-08 00:28:37
38         10                      746.453125 2025-12-08 00:28:38
39         10                      746.223083 2025-12-08 00:28:39
40         10                      745.931702 2025-12-08 00:28:40
41         10                      745.587341 2025-12-08 00:28:41
42         10                      745.197815 2025-12-08 00:28:42
43         10                      744.770386 2025-12-08 00:28:43
44         10                      744.311768 2025-12-08 00:28:44
45         10                      743.828003 2025-12-08 00:28:45
46         10                      743.324646 2025-12-08 00:28:46
47         10                      742.806763 2025-12-08 00:28:47
48         10                      742.278992 2025-12-08 00:28:48
49         10                      741.745422 2025-12-08 00:28:49
50         10                      741.209778 2025-12-08 00:28:50
51         10                      740.675476 2025-12-08 00:28:51
52         10                      740.145264 2025-12-08 00:28:52
53         10                      739.621887 2025-12-08 00:28:53
54         10                      739.107666 2025-12-08 00:28:54
55         10                      738.604431 2025-12-08 00:28:55
56         10                      738.113953 2025-12-08 00:28:56
57         10                      737.637634 2025-12-08 00:28:57
58         10                      737.176697 2025-12-08 00:28:58
59         10                      736.732178 2025-12-08 00:28:59
Forecasted values inserted into database
Exiting forecasting script

No new messages received yet.Trying again...

Actual data inserted to database
Triggering forecasting with retrained model
2026-05-15 19:57:53.798 INFO  [127362855335616] ConsumerStatsImpl:59 | Consumer [persistent://public/default/device10_model_consume, pythonSubscription, 0] , ConsumerStatsImpl (numBytesRecieved_ = 14400, totalNumBytesRecieved_ = 41760, receivedMsgMap_ = {[Key: Ok, Value: 600], [Key: TimeOut, Value: 147], }, ackedMsgMap_ = {[Key: {Result: Ok, ackType: 0}, Value: 600], }, totalReceivedMsgMap_ = {[Key: Ok, Value: 1740], [Key: TimeOut, Value: 879], }, totalAckedMsgMap_ = {[Key: {Result: Ok, ackType: 0}, Value: 1740], })
Forecasting.py script logs
Database connection established
Value of --retrain flag: True

Forecasting for retrained model using device10/2025-12-08-00-10-00-2025-12-08-00-19-59-model/device10.keras and device10/2025-12-08-00-10-00-2025-12-08-00-19-59-model/scaler.save
Successfully downloaded model and scaler from S3

Actual values fetched from database
    sensor_id  sensor_energy_value    sensor_timestamp  message_delay
0          10                603.2 2025-12-08 00:28:00        75248.0
1          10                587.9 2025-12-08 00:28:01        74246.0
2          10                588.0 2025-12-08 00:28:02        73081.0
3          10                588.2 2025-12-08 00:28:03        72066.0
4          10                588.5 2025-12-08 00:28:04        71064.0
5          10                602.6 2025-12-08 00:28:05        70061.0
6          10                589.9 2025-12-08 00:28:06        69060.0
7          10                589.5 2025-12-08 00:28:07        67985.0
8          10                590.7 2025-12-08 00:28:08        66909.0
9          10                586.9 2025-12-08 00:28:09        65891.0
10         10                590.5 2025-12-08 00:28:10        64852.0
11         10                591.5 2025-12-08 00:28:11        63800.0
12         10                588.9 2025-12-08 00:28:12        62793.0
13         10                588.4 2025-12-08 00:28:13        61784.0
14         10                588.9 2025-12-08 00:28:14        60779.0
15         10                586.4 2025-12-08 00:28:15        59769.0
16         10                589.1 2025-12-08 00:28:16        58768.0
17         10                586.9 2025-12-08 00:28:17        57767.0
18         10                586.9 2025-12-08 00:28:18        56765.0
19         10                593.8 2025-12-08 00:28:19        55762.0
20         10                592.0 2025-12-08 00:28:20        54756.0
21         10                586.9 2025-12-08 00:28:21        53744.0
22         10                587.5 2025-12-08 00:28:22        52724.0
23         10                590.6 2025-12-08 00:28:23        51720.0
24         10                587.5 2025-12-08 00:28:24        50719.0
25         10                587.0 2025-12-08 00:28:25        49718.0
26         10                585.3 2025-12-08 00:28:26        48717.0
27         10                586.8 2025-12-08 00:28:27        47615.0
28         10                588.9 2025-12-08 00:28:28        46614.0
29         10                599.0 2025-12-08 00:28:29        45606.0
30         10                584.8 2025-12-08 00:28:30        44594.0
31         10                586.8 2025-12-08 00:28:31        43593.0
32         10                586.7 2025-12-08 00:28:32        42590.0
33         10                582.3 2025-12-08 00:28:33        41585.0
34         10                586.5 2025-12-08 00:28:34        40580.0
35         10                587.2 2025-12-08 00:28:35        39573.0
36         10                585.1 2025-12-08 00:28:36        38571.0
37         10                586.5 2025-12-08 00:28:37        37568.0
38         10                587.6 2025-12-08 00:28:38        36561.0
39         10                585.9 2025-12-08 00:28:39        35555.0
40         10                590.7 2025-12-08 00:28:40        34547.0
41         10                586.0 2025-12-08 00:28:41        33547.0
42         10                586.5 2025-12-08 00:28:42        32544.0
43         10                589.6 2025-12-08 00:28:43        31542.0
44         10                588.0 2025-12-08 00:28:44        30539.0
45         10                587.6 2025-12-08 00:28:45        29533.0
46         10                586.1 2025-12-08 00:28:46        28530.0
47         10                591.0 2025-12-08 00:28:47        27525.0
48         10                584.0 2025-12-08 00:28:48        26522.0
49         10                587.2 2025-12-08 00:28:49        25520.0
50         10                584.8 2025-12-08 00:28:50        24515.0
51         10                583.9 2025-12-08 00:28:51        23508.0
52         10                588.5 2025-12-08 00:28:52        22501.0
53         10                586.1 2025-12-08 00:28:53        21500.0
54         10                589.8 2025-12-08 00:28:54        20496.0
55         10                587.7 2025-12-08 00:28:55        19484.0
56         10                587.7 2025-12-08 00:28:56        18473.0
57         10                587.2 2025-12-08 00:28:57        17472.0
58         10                587.2 2025-12-08 00:28:58        16471.0
59         10                588.2 2025-12-08 00:28:59        15470.0
Forecasted values:
    sensor_id  sensor_energy_value_prediction    sensor_timestamp
0          10                      609.855408 2025-12-08 00:29:00
1          10                      616.976013 2025-12-08 00:29:01
2          10                      624.448853 2025-12-08 00:29:02
3          10                      632.046509 2025-12-08 00:29:03
4          10                      639.638550 2025-12-08 00:29:04
5          10                      647.138733 2025-12-08 00:29:05
6          10                      654.487488 2025-12-08 00:29:06
7          10                      661.641235 2025-12-08 00:29:07
8          10                      668.566650 2025-12-08 00:29:08
9          10                      675.236877 2025-12-08 00:29:09
10         10                      681.630493 2025-12-08 00:29:10
11         10                      687.729614 2025-12-08 00:29:11
12         10                      693.520264 2025-12-08 00:29:12
13         10                      698.991577 2025-12-08 00:29:13
14         10                      704.136047 2025-12-08 00:29:14
15         10                      708.949280 2025-12-08 00:29:15
16         10                      713.429749 2025-12-08 00:29:16
17         10                      717.578613 2025-12-08 00:29:17
18         10                      721.399780 2025-12-08 00:29:18
19         10                      724.899414 2025-12-08 00:29:19
20         10                      728.085632 2025-12-08 00:29:20
21         10                      730.968323 2025-12-08 00:29:21
22         10                      733.559021 2025-12-08 00:29:22
23         10                      735.870239 2025-12-08 00:29:23
24         10                      737.915527 2025-12-08 00:29:24
25         10                      739.708984 2025-12-08 00:29:25
26         10                      741.265503 2025-12-08 00:29:26
27         10                      742.599854 2025-12-08 00:29:27
28         10                      743.726990 2025-12-08 00:29:28
29         10                      744.661804 2025-12-08 00:29:29
30         10                      745.418945 2025-12-08 00:29:30
31         10                      746.012817 2025-12-08 00:29:31
32         10                      746.457275 2025-12-08 00:29:32
33         10                      746.765747 2025-12-08 00:29:33
34         10                      746.950989 2025-12-08 00:29:34
35         10                      747.025330 2025-12-08 00:29:35
36         10                      747.000366 2025-12-08 00:29:36
37         10                      746.887024 2025-12-08 00:29:37
38         10                      746.695740 2025-12-08 00:29:38
39         10                      746.436035 2025-12-08 00:29:39
40         10                      746.117004 2025-12-08 00:29:40
41         10                      745.747009 2025-12-08 00:29:41
42         10                      745.333740 2025-12-08 00:29:42
43         10                      744.884521 2025-12-08 00:29:43
44         10                      744.405762 2025-12-08 00:29:44
45         10                      743.903564 2025-12-08 00:29:45
46         10                      743.383362 2025-12-08 00:29:46
47         10                      742.850220 2025-12-08 00:29:47
48         10                      742.308594 2025-12-08 00:29:48
49         10                      741.762573 2025-12-08 00:29:49
50         10                      741.215698 2025-12-08 00:29:50
51         10                      740.671387 2025-12-08 00:29:51
52         10                      740.132446 2025-12-08 00:29:52
53         10                      739.601257 2025-12-08 00:29:53
54         10                      739.080200 2025-12-08 00:29:54
55         10                      738.570984 2025-12-08 00:29:55
56         10                      738.075439 2025-12-08 00:29:56
57         10                      737.594849 2025-12-08 00:29:57
58         10                      737.130371 2025-12-08 00:29:58
59         10                      736.682861 2025-12-08 00:29:59
Forecasted values inserted into database
Exiting forecasting script

No new messages received yet.Trying again...

Actual data inserted to database
Triggering retrain for window beetween 00:20:00 and 00:29:59
lasttimestamp is  2025-12-08 00:29:59
2026-05-15 20:02:13.890 INFO  [127362855335616] ClientConnection:1326 | [127.0.0.1:55044 -> 127.0.0.1:6650] Connection disconnected (refCnt: 2)
2026-05-15 20:04:32.507 INFO  [127362855335616] ConnectionPool:142 | Remove connection for pulsar://localhost:6650-pulsar://localhost:6650-0
2026-05-15 20:04:36.392 INFO  [127362855335616] HandlerBase:186 | [persistent://public/default/device10_model_consume, pythonSubscription, 0] Schedule reconnection in 0.1 s
2026-05-15 20:06:09.897 INFO  [127362855335616] ClientConnection:288 | [127.0.0.1:55044 -> 127.0.0.1:6650] Destroyed connection to pulsar://localhost:6650-0
2026-05-15 20:06:53.419 INFO  [127362855335616] HandlerBase:112 | [persistent://public/default/device10_model_consume, pythonSubscription, 0] Getting connection from pool
2026-05-15 20:06:53.545 INFO  [127362855335616] ClientConnection:196 | [<none> -> pulsar://localhost:6650] Create ClientConnection, timeout=10000
2026-05-15 20:06:53.549 INFO  [127362855335616] ConnectionPool:125 | Created connection for pulsar://localhost:6650-pulsar://localhost:6650-0
2026-05-15 20:06:53.590 INFO  [127362855335616] ClientConnection:416 | [127.0.0.1:54226 -> 127.0.0.1:6650] Connected to broker
2026-05-15 20:06:59.769 INFO  [127362855335616] BinaryProtoLookupService:85 | Lookup response for persistent://public/default/device10_model_consume, lookup-broker-url pulsar://localhost:6650, from [127.0.0.1:54226 -> 127.0.0.1:6650] 
2026-05-15 20:07:01.556 INFO  [127362855335616] ConsumerImpl:337 | [persistent://public/default/device10_model_consume, pythonSubscription, 0] Created consumer on broker [127.0.0.1:54226 -> 127.0.0.1:6650] 
2026-05-15 20:07:02.425 INFO  [127362855335616] HandlerBase:134 | Finished connecting to broker after 8425 ms
2026-05-15 20:07:48.716 INFO  [127362855335616] ConsumerImpl:1334 | Broker notification of Closed consumer: 0
2026-05-15 20:07:48.717 INFO  [127362855335616] HandlerBase:186 | [persistent://public/default/device10_model_consume, pythonSubscription, 0] Schedule reconnection in 0.1 s
