2026-05-15 19:08:47.401 INFO  [129582319247488] Client:86 | Subscribing on Topic :device4_model_consume
2026-05-15 19:08:47.401 INFO  [129582319247488] ClientConnection:196 | [<none> -> pulsar://localhost:6650] Create ClientConnection, timeout=10000
2026-05-15 19:08:47.401 INFO  [129582319247488] ConnectionPool:125 | Created connection for pulsar://localhost:6650-pulsar://localhost:6650-0
2026-05-15 19:08:47.402 INFO  [129581791049408] ClientConnection:416 | [127.0.0.1:37764 -> 127.0.0.1:6650] Connected to broker
2026-05-15 19:08:47.405 INFO  [129581791049408] HandlerBase:112 | [persistent://public/default/device4_model_consume, pythonSubscription, 0] Getting connection from pool
2026-05-15 19:08:47.406 INFO  [129581791049408] BinaryProtoLookupService:85 | Lookup response for persistent://public/default/device4_model_consume, lookup-broker-url pulsar://localhost:6650, from [127.0.0.1:37764 -> 127.0.0.1:6650] 
2026-05-15 19:08:47.433 INFO  [129581791049408] ConsumerImpl:337 | [persistent://public/default/device4_model_consume, pythonSubscription, 0] Created consumer on broker [127.0.0.1:37764 -> 127.0.0.1:6650] 
2026-05-15 19:08:47.433 INFO  [129581791049408] HandlerBase:134 | Finished connecting to broker after 28 ms
Coordinator service started

Database connection established
Dropped table device4_actualvalues
Table device4_actualvalues created successfully

No new messages received yet.Trying again...
No new messages received yet.Trying again...
No new messages received yet.Trying again...
No new messages received yet.Trying again...
No new messages received yet.Trying again...
No new messages received yet.Trying again...
No new messages received yet.Trying again...
No new messages received yet.Trying again...
No new messages received yet.Trying again...
No new messages received yet.Trying again...
No new messages received yet.Trying again...
No new messages received yet.Trying again...
No new messages received yet.Trying again...
No new messages received yet.Trying again...
No new messages received yet.Trying again...
No new messages received yet.Trying again...
No new messages received yet.Trying again...
No new messages received yet.Trying again...
No new messages received yet.Trying again...
No new messages received yet.Trying again...
No new messages received yet.Trying again...
No new messages received yet.Trying again...
No new messages received yet.Trying again...
No new messages received yet.Trying again...
No new messages received yet.Trying again...
No new messages received yet.Trying again...
No new messages received yet.Trying again...
No new messages received yet.Trying again...
No new messages received yet.Trying again...
No new messages received yet.Trying again...
No new messages received yet.Trying again...
No new messages received yet.Trying again...
No new messages received yet.Trying again...
No new messages received yet.Trying again...
No new messages received yet.Trying again...
No new messages received yet.Trying again...
No new messages received yet.Trying again...
No new messages received yet.Trying again...
No new messages received yet.Trying again...
No new messages received yet.Trying again...
No new messages received yet.Trying again...
No new messages received yet.Trying again...
No new messages received yet.Trying again...
No new messages received yet.Trying again...
No new messages received yet.Trying again...
No new messages received yet.Trying again...
No new messages received yet.Trying again...
No new messages received yet.Trying again...
No new messages received yet.Trying again...
No new messages received yet.Trying again...
No new messages received yet.Trying again...
No new messages received yet.Trying again...
No new messages received yet.Trying again...
No new messages received yet.Trying again...
No new messages received yet.Trying again...
No new messages received yet.Trying again...
No new messages received yet.Trying again...
No new messages received yet.Trying again...
No new messages received yet.Trying again...
No new messages received yet.Trying again...
No new messages received yet.Trying again...
No new messages received yet.Trying again...
No new messages received yet.Trying again...
No new messages received yet.Trying again...
No new messages received yet.Trying again...
No new messages received yet.Trying again...
No new messages received yet.Trying again...
No new messages received yet.Trying again...
No new messages received yet.Trying again...
No new messages received yet.Trying again...
No new messages received yet.Trying again...
No new messages received yet.Trying again...
No new messages received yet.Trying again...
No new messages received yet.Trying again...
No new messages received yet.Trying again...
No new messages received yet.Trying again...

Actual data inserted to database
No retrain triggered
Triggering forecasting

Forecasting.py script logs
Database connection established
Dropped table device4_forecastedvalues
Table device4_forecastedvalues created successfully

Value of --retrain flag: False

Forecasting for initial model using device4/initial/device4.keras and device4/initial/scaler.save
Successfully downloaded model and scaler from S3

Actual values fetched from database
    sensor_id  sensor_energy_value    sensor_timestamp  message_delay
0           4                675.9 2025-12-08 00:00:00        62745.0
1           4                678.8 2025-12-08 00:00:01        61742.0
2           4                658.2 2025-12-08 00:00:02        60738.0
3           4                661.7 2025-12-08 00:00:03        59736.0
4           4                666.8 2025-12-08 00:00:04        58734.0
5           4                674.0 2025-12-08 00:00:05        57731.0
6           4                655.6 2025-12-08 00:00:06        56729.0
7           4                659.9 2025-12-08 00:00:07        55727.0
8           4                667.9 2025-12-08 00:00:08        54725.0
9           4                672.6 2025-12-08 00:00:09        53723.0
10          4                669.8 2025-12-08 00:00:10        52722.0
11          4                676.3 2025-12-08 00:00:11        51719.0
12          4                668.6 2025-12-08 00:00:12        50717.0
13          4                662.9 2025-12-08 00:00:13        49714.0
14          4                673.4 2025-12-08 00:00:14        48711.0
15          4                662.7 2025-12-08 00:00:15        47709.0
16          4                679.3 2025-12-08 00:00:16        46707.0
17          4                664.2 2025-12-08 00:00:17        45704.0
18          4                680.7 2025-12-08 00:00:18        44701.0
19          4                688.8 2025-12-08 00:00:19        43698.0
20          4                666.8 2025-12-08 00:00:20        42696.0
21          4                673.8 2025-12-08 00:00:21        41693.0
22          4                665.1 2025-12-08 00:00:22        40691.0
23          4                668.2 2025-12-08 00:00:23        39688.0
24          4                667.8 2025-12-08 00:00:24        38686.0
25          4                656.3 2025-12-08 00:00:25        37684.0
26          4                668.5 2025-12-08 00:00:26        36682.0
27          4                687.7 2025-12-08 00:00:27        35679.0
28          4                657.8 2025-12-08 00:00:28        34677.0
29          4                665.9 2025-12-08 00:00:29        33674.0
30          4                663.3 2025-12-08 00:00:30        32671.0
31          4                665.4 2025-12-08 00:00:31        31669.0
32          4                666.2 2025-12-08 00:00:32        30667.0
33          4                795.7 2025-12-08 00:00:33        29665.0
34          4                759.7 2025-12-08 00:00:34        28663.0
35          4                781.0 2025-12-08 00:00:35        27661.0
36          4                766.7 2025-12-08 00:00:36        26659.0
37          4                680.5 2025-12-08 00:00:37        25657.0
38          4                761.5 2025-12-08 00:00:38        24655.0
39          4                812.6 2025-12-08 00:00:39        23654.0
40          4                779.3 2025-12-08 00:00:40        22651.0
41          4                781.1 2025-12-08 00:00:41        21649.0
42          4                695.3 2025-12-08 00:00:42        20647.0
43          4                696.4 2025-12-08 00:00:43        19644.0
44          4                764.3 2025-12-08 00:00:44        18642.0
45          4                760.9 2025-12-08 00:00:45        17640.0
46          4                766.5 2025-12-08 00:00:46        16638.0
47          4                766.4 2025-12-08 00:00:47        15636.0
48          4                762.4 2025-12-08 00:00:48        14634.0
49          4                762.1 2025-12-08 00:00:49        13632.0
50          4                765.7 2025-12-08 00:00:50        12629.0
51          4                761.9 2025-12-08 00:00:51        11627.0
52          4                699.1 2025-12-08 00:00:52        10625.0
53          4                700.3 2025-12-08 00:00:53         9623.0
54          4                700.0 2025-12-08 00:00:54         8622.0
55          4                701.5 2025-12-08 00:00:55         7620.0
56          4                710.8 2025-12-08 00:00:56         6617.0
57          4                708.4 2025-12-08 00:00:57         5615.0
58          4                702.1 2025-12-08 00:00:58         4613.0
59          4                702.2 2025-12-08 00:00:59         3609.0
Forecasted values:
    sensor_id  sensor_energy_value_prediction    sensor_timestamp
0           4                      773.584717 2025-12-08 00:01:00
1           4                      794.724854 2025-12-08 00:01:01
2           4                      818.537842 2025-12-08 00:01:02
3           4                      844.124939 2025-12-08 00:01:03
4           4                      870.853760 2025-12-08 00:01:04
5           4                      898.166077 2025-12-08 00:01:05
6           4                      925.555725 2025-12-08 00:01:06
7           4                      952.557678 2025-12-08 00:01:07
8           4                      978.745178 2025-12-08 00:01:08
9           4                     1003.734070 2025-12-08 00:01:09
10          4                     1027.191895 2025-12-08 00:01:10
11          4                     1048.848877 2025-12-08 00:01:11
12          4                     1068.506836 2025-12-08 00:01:12
13          4                     1086.046265 2025-12-08 00:01:13
14          4                     1101.426636 2025-12-08 00:01:14
15          4                     1114.681030 2025-12-08 00:01:15
16          4                     1125.906372 2025-12-08 00:01:16
17          4                     1135.249512 2025-12-08 00:01:17
18          4                     1142.892700 2025-12-08 00:01:18
19          4                     1149.037354 2025-12-08 00:01:19
20          4                     1153.892456 2025-12-08 00:01:20
21          4                     1157.661987 2025-12-08 00:01:21
22          4                     1160.537231 2025-12-08 00:01:22
23          4                     1162.691772 2025-12-08 00:01:23
24          4                     1164.277466 2025-12-08 00:01:24
25          4                     1165.424194 2025-12-08 00:01:25
26          4                     1166.239502 2025-12-08 00:01:26
27          4                     1166.811157 2025-12-08 00:01:27
28          4                     1167.208008 2025-12-08 00:01:28
29          4                     1167.483276 2025-12-08 00:01:29
30          4                     1167.677124 2025-12-08 00:01:30
31          4                     1167.818115 2025-12-08 00:01:31
32          4                     1167.926880 2025-12-08 00:01:32
33          4                     1168.016846 2025-12-08 00:01:33
34          4                     1168.096558 2025-12-08 00:01:34
35          4                     1168.171143 2025-12-08 00:01:35
36          4                     1168.242920 2025-12-08 00:01:36
37          4                     1168.312866 2025-12-08 00:01:37
38          4                     1168.380859 2025-12-08 00:01:38
39          4                     1168.446289 2025-12-08 00:01:39
40          4                     1168.508301 2025-12-08 00:01:40
41          4                     1168.566406 2025-12-08 00:01:41
42          4                     1168.619751 2025-12-08 00:01:42
43          4                     1168.667969 2025-12-08 00:01:43
44          4                     1168.710938 2025-12-08 00:01:44
45          4                     1168.748901 2025-12-08 00:01:45
46          4                     1168.781860 2025-12-08 00:01:46
47          4                     1168.810181 2025-12-08 00:01:47
48          4                     1168.834106 2025-12-08 00:01:48
49          4                     1168.854492 2025-12-08 00:01:49
50          4                     1168.871704 2025-12-08 00:01:50
51          4                     1168.885986 2025-12-08 00:01:51
52          4                     1168.898071 2025-12-08 00:01:52
53          4                     1168.908325 2025-12-08 00:01:53
54          4                     1168.916626 2025-12-08 00:01:54
55          4                     1168.924072 2025-12-08 00:01:55
56          4                     1168.930298 2025-12-08 00:01:56
57          4                     1168.935791 2025-12-08 00:01:57
58          4                     1168.940796 2025-12-08 00:01:58
59          4                     1168.945190 2025-12-08 00:01:59
Forecasted values inserted into database
Exiting forecasting script

No new messages received yet.Trying again...
No new messages received yet.Trying again...
No new messages received yet.Trying again...
No new messages received yet.Trying again...
No new messages received yet.Trying again...
No new messages received yet.Trying again...
No new messages received yet.Trying again...
No new messages received yet.Trying again...
No new messages received yet.Trying again...
No new messages received yet.Trying again...
No new messages received yet.Trying again...
No new messages received yet.Trying again...
No new messages received yet.Trying again...
No new messages received yet.Trying again...
No new messages received yet.Trying again...
No new messages received yet.Trying again...
No new messages received yet.Trying again...
No new messages received yet.Trying again...
No new messages received yet.Trying again...
No new messages received yet.Trying again...
No new messages received yet.Trying again...
No new messages received yet.Trying again...
No new messages received yet.Trying again...
No new messages received yet.Trying again...
No new messages received yet.Trying again...
No new messages received yet.Trying again...
No new messages received yet.Trying again...
No new messages received yet.Trying again...
No new messages received yet.Trying again...
No new messages received yet.Trying again...
No new messages received yet.Trying again...
No new messages received yet.Trying again...
No new messages received yet.Trying again...
No new messages received yet.Trying again...
No new messages received yet.Trying again...
No new messages received yet.Trying again...
No new messages received yet.Trying again...
No new messages received yet.Trying again...
No new messages received yet.Trying again...
No new messages received yet.Trying again...
No new messages received yet.Trying again...
No new messages received yet.Trying again...
No new messages received yet.Trying again...
No new messages received yet.Trying again...
No new messages received yet.Trying again...
No new messages received yet.Trying again...
No new messages received yet.Trying again...

Actual data inserted to database
No retrain triggered
Triggering forecasting

Forecasting.py script logs
Database connection established
Value of --retrain flag: False

Forecasting for initial model using device4/initial/device4.keras and device4/initial/scaler.save
Successfully downloaded model and scaler from S3

Actual values fetched from database
    sensor_id  sensor_energy_value    sensor_timestamp  message_delay
0           4          1189.785714 2025-12-08 00:01:00   27297.244898
1           4          1189.785714 2025-12-08 00:01:01   27297.244898
2           4          1189.785714 2025-12-08 00:01:02   27297.244898
3           4          1189.785714 2025-12-08 00:01:03   27297.244898
4           4          1189.785714 2025-12-08 00:01:04   27297.244898
5           4          1189.785714 2025-12-08 00:01:05   27297.244898
6           4          1189.785714 2025-12-08 00:01:06   27297.244898
7           4          1189.785714 2025-12-08 00:01:07   27297.244898
8           4          1189.785714 2025-12-08 00:01:08   27297.244898
9           4          1189.785714 2025-12-08 00:01:09   27297.244898
10          4          1189.785714 2025-12-08 00:01:10   27297.244898
11          4          1019.000000 2025-12-08 00:01:11   51348.000000
12          4          1040.500000 2025-12-08 00:01:12   50346.000000
13          4          1063.700000 2025-12-08 00:01:13   49344.000000
14          4          1085.800000 2025-12-08 00:01:14   48342.000000
15          4          1122.700000 2025-12-08 00:01:15   47340.000000
16          4          1135.800000 2025-12-08 00:01:16   46338.000000
17          4          1144.000000 2025-12-08 00:01:17   45335.000000
18          4          1160.500000 2025-12-08 00:01:18   44333.000000
19          4          1183.900000 2025-12-08 00:01:19   43331.000000
20          4          1195.200000 2025-12-08 00:01:20   42328.000000
21          4          1199.300000 2025-12-08 00:01:21   41326.000000
22          4          1189.300000 2025-12-08 00:01:22   40325.000000
23          4          1199.800000 2025-12-08 00:01:23   39323.000000
24          4          1203.500000 2025-12-08 00:01:24   38321.000000
25          4          1198.300000 2025-12-08 00:01:25   37318.000000
26          4          1200.700000 2025-12-08 00:01:26   36316.000000
27          4          1200.300000 2025-12-08 00:01:27   35314.000000
28          4          1197.400000 2025-12-08 00:01:28   34313.000000
29          4          1210.200000 2025-12-08 00:01:29   33311.000000
30          4          1196.600000 2025-12-08 00:01:30   32309.000000
31          4          1184.000000 2025-12-08 00:01:31   31306.000000
32          4          1197.300000 2025-12-08 00:01:32   30304.000000
33          4          1195.300000 2025-12-08 00:01:33   29302.000000
34          4          1198.300000 2025-12-08 00:01:34   28300.000000
35          4          1204.700000 2025-12-08 00:01:35   27298.000000
36          4          1198.400000 2025-12-08 00:01:36   26296.000000
37          4          1199.900000 2025-12-08 00:01:37   25294.000000
38          4          1194.700000 2025-12-08 00:01:38   24291.000000
39          4          1210.500000 2025-12-08 00:01:39   23287.000000
40          4          1194.400000 2025-12-08 00:01:40   22285.000000
41          4          1210.200000 2025-12-08 00:01:41   21283.000000
42          4          1212.700000 2025-12-08 00:01:42   20281.000000
43          4          1205.200000 2025-12-08 00:01:43   19279.000000
44          4          1207.000000 2025-12-08 00:01:44   18277.000000
45          4          1217.200000 2025-12-08 00:01:45   17275.000000
46          4          1229.600000 2025-12-08 00:01:46   16273.000000
47          4          1215.400000 2025-12-08 00:01:47   15271.000000
48          4          1217.200000 2025-12-08 00:01:48   14269.000000
49          4          1217.300000 2025-12-08 00:01:49   13267.000000
50          4          1219.200000 2025-12-08 00:01:50   12265.000000
51          4          1218.700000 2025-12-08 00:01:51   11263.000000
52          4          1209.000000 2025-12-08 00:01:52   10261.000000
53          4          1226.700000 2025-12-08 00:01:53    9259.000000
54          4          1232.900000 2025-12-08 00:01:54    8257.000000
55          4          1216.900000 2025-12-08 00:01:55    7256.000000
56          4          1229.700000 2025-12-08 00:01:56    6254.000000
57          4          1231.600000 2025-12-08 00:01:57    5252.000000
58          4          1219.100000 2025-12-08 00:01:58    4250.000000
59          4          1239.900000 2025-12-08 00:01:59    3249.000000
Forecasted values:
    sensor_id  sensor_energy_value_prediction    sensor_timestamp
0           4                     1227.021118 2025-12-08 00:02:00
1           4                     1225.834717 2025-12-08 00:02:01
2           4                     1223.986206 2025-12-08 00:02:02
3           4                     1221.753540 2025-12-08 00:02:03
4           4                     1219.280884 2025-12-08 00:02:04
5           4                     1216.685181 2025-12-08 00:02:05
6           4                     1214.059448 2025-12-08 00:02:06
7           4                     1211.474243 2025-12-08 00:02:07
8           4                     1208.979370 2025-12-08 00:02:08
9           4                     1206.608032 2025-12-08 00:02:09
10          4                     1204.379028 2025-12-08 00:02:10
11          4                     1202.300049 2025-12-08 00:02:11
12          4                     1200.370850 2025-12-08 00:02:12
13          4                     1198.585327 2025-12-08 00:02:13
14          4                     1196.933838 2025-12-08 00:02:14
15          4                     1195.404907 2025-12-08 00:02:15
16          4                     1193.986572 2025-12-08 00:02:16
17          4                     1192.666138 2025-12-08 00:02:17
18          4                     1191.432739 2025-12-08 00:02:18
19          4                     1190.276001 2025-12-08 00:02:19
20          4                     1189.187134 2025-12-08 00:02:20
21          4                     1188.158691 2025-12-08 00:02:21
22          4                     1187.184448 2025-12-08 00:02:22
23          4                     1186.259155 2025-12-08 00:02:23
24          4                     1185.379150 2025-12-08 00:02:24
25          4                     1184.540649 2025-12-08 00:02:25
26          4                     1183.741577 2025-12-08 00:02:26
27          4                     1182.979614 2025-12-08 00:02:27
28          4                     1182.253296 2025-12-08 00:02:28
29          4                     1181.560791 2025-12-08 00:02:29
30          4                     1180.901367 2025-12-08 00:02:30
31          4                     1180.273315 2025-12-08 00:02:31
32          4                     1179.675903 2025-12-08 00:02:32
33          4                     1179.107910 2025-12-08 00:02:33
34          4                     1178.568237 2025-12-08 00:02:34
35          4                     1178.055908 2025-12-08 00:02:35
36          4                     1177.569946 2025-12-08 00:02:36
37          4                     1177.108887 2025-12-08 00:02:37
38          4                     1176.671875 2025-12-08 00:02:38
39          4                     1176.257690 2025-12-08 00:02:39
40          4                     1175.865601 2025-12-08 00:02:40
41          4                     1175.494263 2025-12-08 00:02:41
42          4                     1175.142578 2025-12-08 00:02:42
43          4                     1174.809814 2025-12-08 00:02:43
44          4                     1174.494629 2025-12-08 00:02:44
45          4                     1174.196533 2025-12-08 00:02:45
46          4                     1173.914307 2025-12-08 00:02:46
47          4                     1173.647461 2025-12-08 00:02:47
48          4                     1173.394775 2025-12-08 00:02:48
49          4                     1173.155762 2025-12-08 00:02:49
50          4                     1172.929688 2025-12-08 00:02:50
51          4                     1172.715698 2025-12-08 00:02:51
52          4                     1172.513306 2025-12-08 00:02:52
53          4                     1172.321899 2025-12-08 00:02:53
54          4                     1172.140747 2025-12-08 00:02:54
55          4                     1171.969604 2025-12-08 00:02:55
56          4                     1171.807495 2025-12-08 00:02:56
57          4                     1171.654175 2025-12-08 00:02:57
58          4                     1171.509277 2025-12-08 00:02:58
59          4                     1171.372192 2025-12-08 00:02:59
Forecasted values inserted into database
Exiting forecasting script

No new messages received yet.Trying again...
No new messages received yet.Trying again...
No new messages received yet.Trying again...
No new messages received yet.Trying again...
No new messages received yet.Trying again...
No new messages received yet.Trying again...
No new messages received yet.Trying again...
No new messages received yet.Trying again...
No new messages received yet.Trying again...

Actual data inserted to database
No retrain triggered
Triggering forecasting

Forecasting.py script logs
Database connection established
Value of --retrain flag: False

Forecasting for initial model using device4/initial/device4.keras and device4/initial/scaler.save
Successfully downloaded model and scaler from S3

Actual values fetched from database
    sensor_id  sensor_energy_value    sensor_timestamp  message_delay
0           4               1196.6 2025-12-08 00:01:30        54705.0
1           4               1196.6 2025-12-08 00:01:30        32309.0
2           4               1184.0 2025-12-08 00:01:31        31306.0
3           4               1184.0 2025-12-08 00:01:31        53702.0
4           4               1197.3 2025-12-08 00:01:32        30304.0
5           4               1197.3 2025-12-08 00:01:32        52700.0
6           4               1195.3 2025-12-08 00:01:33        29302.0
7           4               1195.3 2025-12-08 00:01:33        51698.0
8           4               1198.3 2025-12-08 00:01:34        50696.0
9           4               1198.3 2025-12-08 00:01:34        28300.0
10          4               1204.7 2025-12-08 00:01:35        27298.0
11          4               1204.7 2025-12-08 00:01:35        49694.0
12          4               1198.4 2025-12-08 00:01:36        26296.0
13          4               1198.4 2025-12-08 00:01:36        48692.0
14          4               1199.9 2025-12-08 00:01:37        47690.0
15          4               1199.9 2025-12-08 00:01:37        25294.0
16          4               1194.7 2025-12-08 00:01:38        24291.0
17          4               1194.7 2025-12-08 00:01:38        46687.0
18          4               1210.5 2025-12-08 00:01:39        45683.0
19          4               1210.5 2025-12-08 00:01:39        23287.0
20          4               1194.4 2025-12-08 00:01:40        22285.0
21          4               1194.4 2025-12-08 00:01:40        44681.0
22          4               1210.2 2025-12-08 00:01:41        43679.0
23          4               1210.2 2025-12-08 00:01:41        21283.0
24          4               1212.7 2025-12-08 00:01:42        20281.0
25          4               1212.7 2025-12-08 00:01:42        42677.0
26          4               1205.2 2025-12-08 00:01:43        19279.0
27          4               1205.2 2025-12-08 00:01:43        41675.0
28          4               1207.0 2025-12-08 00:01:44        18277.0
29          4               1207.0 2025-12-08 00:01:44        40673.0
30          4               1217.2 2025-12-08 00:01:45        39671.0
31          4               1217.2 2025-12-08 00:01:45        17275.0
32          4               1229.6 2025-12-08 00:01:46        38669.0
33          4               1229.6 2025-12-08 00:01:46        16273.0
34          4               1215.4 2025-12-08 00:01:47        37667.0
35          4               1215.4 2025-12-08 00:01:47        15271.0
36          4               1217.2 2025-12-08 00:01:48        14269.0
37          4               1217.2 2025-12-08 00:01:48        36665.0
38          4               1217.3 2025-12-08 00:01:49        35663.0
39          4               1217.3 2025-12-08 00:01:49        13267.0
40          4               1219.2 2025-12-08 00:01:50        12265.0
41          4               1219.2 2025-12-08 00:01:50        34661.0
42          4               1218.7 2025-12-08 00:01:51        11263.0
43          4               1218.7 2025-12-08 00:01:51        33659.0
44          4               1209.0 2025-12-08 00:01:52        10261.0
45          4               1209.0 2025-12-08 00:01:52        32657.0
46          4               1226.7 2025-12-08 00:01:53        31655.0
47          4               1226.7 2025-12-08 00:01:53         9259.0
48          4               1232.9 2025-12-08 00:01:54         8257.0
49          4               1232.9 2025-12-08 00:01:54        30653.0
50          4               1216.9 2025-12-08 00:01:55        29652.0
51          4               1216.9 2025-12-08 00:01:55         7256.0
52          4               1229.7 2025-12-08 00:01:56         6254.0
53          4               1229.7 2025-12-08 00:01:56        28650.0
54          4               1231.6 2025-12-08 00:01:57         5252.0
55          4               1231.6 2025-12-08 00:01:57        27648.0
56          4               1219.1 2025-12-08 00:01:58        26646.0
57          4               1219.1 2025-12-08 00:01:58         4250.0
58          4               1239.9 2025-12-08 00:01:59        25645.0
59          4               1239.9 2025-12-08 00:01:59         3249.0
Forecasted values:
    sensor_id  sensor_energy_value_prediction    sensor_timestamp
0           4                     1229.851929 2025-12-08 00:02:30
1           4                     1228.889648 2025-12-08 00:02:30
2           4                     1227.213135 2025-12-08 00:02:31
3           4                     1225.085449 2025-12-08 00:02:31
4           4                     1222.655518 2025-12-08 00:02:32
5           4                     1220.048828 2025-12-08 00:02:32
6           4                     1217.367920 2025-12-08 00:02:33
7           4                     1214.692993 2025-12-08 00:02:33
8           4                     1212.083374 2025-12-08 00:02:34
9           4                     1209.580933 2025-12-08 00:02:34
10          4                     1207.211060 2025-12-08 00:02:35
11          4                     1204.987549 2025-12-08 00:02:35
12          4                     1202.914307 2025-12-08 00:02:36
13          4                     1200.988647 2025-12-08 00:02:36
14          4                     1199.202881 2025-12-08 00:02:37
15          4                     1197.547363 2025-12-08 00:02:37
16          4                     1196.009888 2025-12-08 00:02:38
17          4                     1194.578613 2025-12-08 00:02:38
18          4                     1193.242065 2025-12-08 00:02:39
19          4                     1191.989746 2025-12-08 00:02:39
20          4                     1190.811768 2025-12-08 00:02:40
21          4                     1189.700317 2025-12-08 00:02:40
22          4                     1188.648438 2025-12-08 00:02:41
23          4                     1187.650513 2025-12-08 00:02:41
24          4                     1186.701782 2025-12-08 00:02:42
25          4                     1185.798706 2025-12-08 00:02:42
26          4                     1184.938232 2025-12-08 00:02:43
27          4                     1184.117798 2025-12-08 00:02:43
28          4                     1183.335449 2025-12-08 00:02:44
29          4                     1182.589844 2025-12-08 00:02:44
30          4                     1181.879395 2025-12-08 00:02:45
31          4                     1181.202759 2025-12-08 00:02:45
32          4                     1180.558716 2025-12-08 00:02:46
33          4                     1179.945923 2025-12-08 00:02:46
34          4                     1179.363770 2025-12-08 00:02:47
35          4                     1178.810547 2025-12-08 00:02:47
36          4                     1178.285767 2025-12-08 00:02:48
37          4                     1177.787720 2025-12-08 00:02:48
38          4                     1177.315186 2025-12-08 00:02:49
39          4                     1176.867554 2025-12-08 00:02:49
40          4                     1176.443237 2025-12-08 00:02:50
41          4                     1176.041382 2025-12-08 00:02:50
42          4                     1175.660889 2025-12-08 00:02:51
43          4                     1175.300537 2025-12-08 00:02:51
44          4                     1174.959351 2025-12-08 00:02:52
45          4                     1174.636353 2025-12-08 00:02:52
46          4                     1174.330811 2025-12-08 00:02:53
47          4                     1174.041504 2025-12-08 00:02:53
48          4                     1173.767700 2025-12-08 00:02:54
49          4                     1173.508667 2025-12-08 00:02:54
50          4                     1173.263428 2025-12-08 00:02:55
51          4                     1173.031616 2025-12-08 00:02:55
52          4                     1172.812134 2025-12-08 00:02:56
53          4                     1172.604370 2025-12-08 00:02:56
54          4                     1172.407959 2025-12-08 00:02:57
55          4                     1172.222290 2025-12-08 00:02:57
56          4                     1172.046509 2025-12-08 00:02:58
57          4                     1171.880371 2025-12-08 00:02:58
58          4                     1171.723145 2025-12-08 00:02:59
59          4                     1171.574463 2025-12-08 00:02:59
Forecasted values inserted into database
Exiting forecasting script

No new messages received yet.Trying again...
No new messages received yet.Trying again...
No new messages received yet.Trying again...
No new messages received yet.Trying again...
No new messages received yet.Trying again...
No new messages received yet.Trying again...
No new messages received yet.Trying again...
No new messages received yet.Trying again...
No new messages received yet.Trying again...
No new messages received yet.Trying again...
No new messages received yet.Trying again...
No new messages received yet.Trying again...
No new messages received yet.Trying again...
No new messages received yet.Trying again...
No new messages received yet.Trying again...
No new messages received yet.Trying again...
No new messages received yet.Trying again...
No new messages received yet.Trying again...
No new messages received yet.Trying again...
No new messages received yet.Trying again...
No new messages received yet.Trying again...
No new messages received yet.Trying again...
No new messages received yet.Trying again...

Actual data inserted to database
No retrain triggered
Triggering forecasting

Forecasting.py script logs
Database connection established
Value of --retrain flag: False

Forecasting for initial model using device4/initial/device4.keras and device4/initial/scaler.save
Successfully downloaded model and scaler from S3

Actual values fetched from database
    sensor_id  sensor_energy_value    sensor_timestamp  message_delay
0           4               1234.0 2025-12-08 00:02:00        64658.0
1           4               1223.1 2025-12-08 00:02:01        63656.0
2           4               1222.0 2025-12-08 00:02:02        62655.0
3           4               1221.2 2025-12-08 00:02:03        61653.0
4           4               1215.5 2025-12-08 00:02:04        60651.0
5           4               1212.4 2025-12-08 00:02:05        59648.0
6           4               1221.5 2025-12-08 00:02:06        58647.0
7           4               1223.1 2025-12-08 00:02:07        57645.0
8           4               1218.8 2025-12-08 00:02:08        56641.0
9           4               1223.6 2025-12-08 00:02:09        55639.0
10          4               1214.8 2025-12-08 00:02:10        54637.0
11          4               1216.3 2025-12-08 00:02:11        53635.0
12          4               1228.6 2025-12-08 00:02:12        52634.0
13          4               1217.8 2025-12-08 00:02:13        51632.0
14          4               1219.2 2025-12-08 00:02:14        50629.0
15          4               1241.6 2025-12-08 00:02:15        49627.0
16          4               1220.5 2025-12-08 00:02:16        48625.0
17          4               1226.3 2025-12-08 00:02:17        47623.0
18          4               1221.4 2025-12-08 00:02:18        46621.0
19          4               1233.9 2025-12-08 00:02:19        45619.0
20          4               1225.8 2025-12-08 00:02:20        44618.0
21          4               1232.2 2025-12-08 00:02:21        43617.0
22          4               1221.5 2025-12-08 00:02:22        42615.0
23          4               1228.0 2025-12-08 00:02:23        41613.0
24          4               1222.7 2025-12-08 00:02:24        40609.0
25          4               1238.8 2025-12-08 00:02:25        39607.0
26          4               1212.6 2025-12-08 00:02:26        38604.0
27          4               1215.9 2025-12-08 00:02:27        37603.0
28          4               1212.1 2025-12-08 00:02:28        36601.0
29          4               1209.7 2025-12-08 00:02:29        35598.0
30          4               1215.6 2025-12-08 00:02:30        34596.0
31          4               1222.3 2025-12-08 00:02:31        33594.0
32          4               1221.3 2025-12-08 00:02:32        32592.0
33          4               1225.9 2025-12-08 00:02:33        31588.0
34          4               1227.2 2025-12-08 00:02:34        30553.0
35          4               1218.4 2025-12-08 00:02:35        29375.0
36          4               1214.7 2025-12-08 00:02:36        28371.0
37          4               1211.4 2025-12-08 00:02:37        27370.0
38          4               1218.5 2025-12-08 00:02:38        26275.0
39          4               1221.7 2025-12-08 00:02:39        25274.0
40          4               1219.4 2025-12-08 00:02:40        24271.0
41          4               1216.9 2025-12-08 00:02:41        23266.0
42          4               1224.3 2025-12-08 00:02:42        22221.0
43          4               1213.2 2025-12-08 00:02:43        21220.0
44          4               1226.0 2025-12-08 00:02:44        20219.0
45          4               1224.4 2025-12-08 00:02:45        19216.0
46          4               1222.3 2025-12-08 00:02:46        18213.0
47          4               1220.3 2025-12-08 00:02:47        17194.0
48          4               1225.8 2025-12-08 00:02:48        16190.0
49          4               1212.2 2025-12-08 00:02:49        15189.0
50          4               1228.8 2025-12-08 00:02:50        14188.0
51          4               1225.1 2025-12-08 00:02:51        13185.0
52          4               1227.1 2025-12-08 00:02:52        12184.0
53          4               1226.0 2025-12-08 00:02:53        11182.0
54          4               1226.8 2025-12-08 00:02:54        10181.0
55          4               1223.5 2025-12-08 00:02:55         9179.0
56          4               1217.1 2025-12-08 00:02:56         8178.0
57          4               1228.9 2025-12-08 00:02:57         7177.0
58          4               1211.4 2025-12-08 00:02:58         6175.0
59          4               1219.7 2025-12-08 00:02:59         5174.0
Forecasted values:
    sensor_id  sensor_energy_value_prediction    sensor_timestamp
0           4                     1214.078491 2025-12-08 00:03:00
1           4                     1211.881226 2025-12-08 00:03:01
2           4                     1209.636963 2025-12-08 00:03:02
3           4                     1207.425659 2025-12-08 00:03:03
4           4                     1205.283691 2025-12-08 00:03:04
5           4                     1203.235107 2025-12-08 00:03:05
6           4                     1201.294312 2025-12-08 00:03:06
7           4                     1199.468506 2025-12-08 00:03:07
8           4                     1197.758301 2025-12-08 00:03:08
9           4                     1196.160767 2025-12-08 00:03:09
10          4                     1194.670166 2025-12-08 00:03:10
11          4                     1193.279175 2025-12-08 00:03:11
12          4                     1191.979370 2025-12-08 00:03:12
13          4                     1190.762939 2025-12-08 00:03:13
14          4                     1189.621460 2025-12-08 00:03:14
15          4                     1188.547729 2025-12-08 00:03:15
16          4                     1187.535156 2025-12-08 00:03:16
17          4                     1186.578369 2025-12-08 00:03:17
18          4                     1185.671997 2025-12-08 00:03:18
19          4                     1184.812256 2025-12-08 00:03:19
20          4                     1183.995361 2025-12-08 00:03:20
21          4                     1183.218872 2025-12-08 00:03:21
22          4                     1182.479858 2025-12-08 00:03:22
23          4                     1181.776489 2025-12-08 00:03:23
24          4                     1181.107422 2025-12-08 00:03:24
25          4                     1180.470581 2025-12-08 00:03:25
26          4                     1179.864868 2025-12-08 00:03:26
27          4                     1179.288818 2025-12-08 00:03:27
28          4                     1178.741455 2025-12-08 00:03:28
29          4                     1178.221680 2025-12-08 00:03:29
30          4                     1177.728149 2025-12-08 00:03:30
31          4                     1177.259644 2025-12-08 00:03:31
32          4                     1176.815430 2025-12-08 00:03:32
33          4                     1176.394409 2025-12-08 00:03:33
34          4                     1175.995361 2025-12-08 00:03:34
35          4                     1175.617310 2025-12-08 00:03:35
36          4                     1175.259155 2025-12-08 00:03:36
37          4                     1174.920288 2025-12-08 00:03:37
38          4                     1174.599243 2025-12-08 00:03:38
39          4                     1174.295532 2025-12-08 00:03:39
40          4                     1174.008057 2025-12-08 00:03:40
41          4                     1173.735962 2025-12-08 00:03:41
42          4                     1173.478516 2025-12-08 00:03:42
43          4                     1173.234741 2025-12-08 00:03:43
44          4                     1173.004272 2025-12-08 00:03:44
45          4                     1172.786377 2025-12-08 00:03:45
46          4                     1172.580078 2025-12-08 00:03:46
47          4                     1172.384888 2025-12-08 00:03:47
48          4                     1172.200317 2025-12-08 00:03:48
49          4                     1172.025879 2025-12-08 00:03:49
50          4                     1171.860840 2025-12-08 00:03:50
51          4                     1171.704712 2025-12-08 00:03:51
52          4                     1171.557129 2025-12-08 00:03:52
53          4                     1171.417358 2025-12-08 00:03:53
54          4                     1171.285400 2025-12-08 00:03:54
55          4                     1171.160522 2025-12-08 00:03:55
56          4                     1171.042480 2025-12-08 00:03:56
57          4                     1170.931030 2025-12-08 00:03:57
58          4                     1170.825562 2025-12-08 00:03:58
59          4                     1170.725952 2025-12-08 00:03:59
Forecasted values inserted into database
Exiting forecasting script

No new messages received yet.Trying again...
No new messages received yet.Trying again...
No new messages received yet.Trying again...
No new messages received yet.Trying again...
No new messages received yet.Trying again...
No new messages received yet.Trying again...
No new messages received yet.Trying again...
No new messages received yet.Trying again...
No new messages received yet.Trying again...
No new messages received yet.Trying again...
No new messages received yet.Trying again...
No new messages received yet.Trying again...
No new messages received yet.Trying again...
No new messages received yet.Trying again...
No new messages received yet.Trying again...
No new messages received yet.Trying again...
No new messages received yet.Trying again...
No new messages received yet.Trying again...
No new messages received yet.Trying again...
No new messages received yet.Trying again...
No new messages received yet.Trying again...
No new messages received yet.Trying again...
No new messages received yet.Trying again...
No new messages received yet.Trying again...
No new messages received yet.Trying again...
No new messages received yet.Trying again...
No new messages received yet.Trying again...
No new messages received yet.Trying again...
No new messages received yet.Trying again...
No new messages received yet.Trying again...
No new messages received yet.Trying again...
No new messages received yet.Trying again...
No new messages received yet.Trying again...
No new messages received yet.Trying again...
No new messages received yet.Trying again...
No new messages received yet.Trying again...
No new messages received yet.Trying again...
No new messages received yet.Trying again...
No new messages received yet.Trying again...
No new messages received yet.Trying again...
No new messages received yet.Trying again...
No new messages received yet.Trying again...
No new messages received yet.Trying again...
No new messages received yet.Trying again...
No new messages received yet.Trying again...
No new messages received yet.Trying again...

Actual data inserted to database
No retrain triggered
Triggering forecasting

Forecasting.py script logs
Database connection established
Value of --retrain flag: False

Forecasting for initial model using device4/initial/device4.keras and device4/initial/scaler.save
Successfully downloaded model and scaler from S3

Actual values fetched from database
    sensor_id  sensor_energy_value    sensor_timestamp  message_delay
0           4               1311.8 2025-12-08 00:03:00        64147.0
1           4               1315.6 2025-12-08 00:03:01        63146.0
2           4               1312.1 2025-12-08 00:03:02        62145.0
3           4               1319.9 2025-12-08 00:03:03        61143.0
4           4               1312.8 2025-12-08 00:03:04        60142.0
5           4               1318.0 2025-12-08 00:03:05        59138.0
6           4               1319.9 2025-12-08 00:03:06        58136.0
7           4               1314.3 2025-12-08 00:03:07        57131.0
8           4               1319.0 2025-12-08 00:03:08        56121.0
9           4               1314.9 2025-12-08 00:03:09        55115.0
10          4               1316.1 2025-12-08 00:03:10        54111.0
11          4               1306.2 2025-12-08 00:03:11        53109.0
12          4               1313.2 2025-12-08 00:03:12        52106.0
13          4               1315.2 2025-12-08 00:03:13        51105.0
14          4               1308.6 2025-12-08 00:03:14        50103.0
15          4               1325.3 2025-12-08 00:03:15        49102.0
16          4               1316.4 2025-12-08 00:03:16        48100.0
17          4               1316.7 2025-12-08 00:03:17        47098.0
18          4               1313.8 2025-12-08 00:03:18        46097.0
19          4               1223.1 2025-12-08 00:03:19        45095.0
20          4               1229.4 2025-12-08 00:03:20        44093.0
21          4               1219.5 2025-12-08 00:03:21        43091.0
22          4               1229.5 2025-12-08 00:03:22        42089.0
23          4               1324.2 2025-12-08 00:03:23        41088.0
24          4               1324.2 2025-12-08 00:03:24        40085.0
25          4               1313.6 2025-12-08 00:03:25        39084.0
26          4               1315.3 2025-12-08 00:03:26        38081.0
27          4               1312.1 2025-12-08 00:03:27        37080.0
28          4               1315.4 2025-12-08 00:03:28        36078.0
29          4               1321.1 2025-12-08 00:03:29        35077.0
30          4               1318.9 2025-12-08 00:03:30        34076.0
31          4               1331.8 2025-12-08 00:03:31        33074.0
32          4               1316.3 2025-12-08 00:03:32        32072.0
33          4               1330.7 2025-12-08 00:03:33        31070.0
34          4               1318.2 2025-12-08 00:03:34        30068.0
35          4               1344.0 2025-12-08 00:03:35        29066.0
36          4               1307.1 2025-12-08 00:03:36        28065.0
37          4               1324.6 2025-12-08 00:03:37        27063.0
38          4               1320.3 2025-12-08 00:03:38        26061.0
39          4               1319.8 2025-12-08 00:03:39        25060.0
40          4               1337.4 2025-12-08 00:03:40        24059.0
41          4               1325.3 2025-12-08 00:03:41        23057.0
42          4               1328.0 2025-12-08 00:03:42        22055.0
43          4               1320.4 2025-12-08 00:03:43        21054.0
44          4               1326.1 2025-12-08 00:03:44        20052.0
45          4               1318.8 2025-12-08 00:03:45        19050.0
46          4               1331.8 2025-12-08 00:03:46        18048.0
47          4               1317.1 2025-12-08 00:03:47        17047.0
48          4               1319.4 2025-12-08 00:03:48        16045.0
49          4               1312.5 2025-12-08 00:03:49        15043.0
50          4               1309.3 2025-12-08 00:03:50        14042.0
51          4               1321.8 2025-12-08 00:03:51        13040.0
52          4               1314.2 2025-12-08 00:03:52        12038.0
53          4               1310.4 2025-12-08 00:03:53        11035.0
54          4               1317.6 2025-12-08 00:03:54        10034.0
55          4               1322.1 2025-12-08 00:03:55         9032.0
56          4               1349.0 2025-12-08 00:03:56         8030.0
57          4               1390.8 2025-12-08 00:03:57         7028.0
58          4               1380.4 2025-12-08 00:03:58         6027.0
59          4               1374.2 2025-12-08 00:03:59         5025.0
Forecasted values:
    sensor_id  sensor_energy_value_prediction    sensor_timestamp
0           4                     1369.238281 2025-12-08 00:04:00
1           4                     1366.500122 2025-12-08 00:04:01
2           4                     1361.344482 2025-12-08 00:04:02
3           4                     1354.534302 2025-12-08 00:04:03
4           4                     1346.670654 2025-12-08 00:04:04
5           4                     1338.249634 2025-12-08 00:04:05
6           4                     1329.660522 2025-12-08 00:04:06
7           4                     1321.192505 2025-12-08 00:04:07
8           4                     1313.045532 2025-12-08 00:04:08
9           4                     1305.345215 2025-12-08 00:04:09
10          4                     1298.157227 2025-12-08 00:04:10
11          4                     1291.502441 2025-12-08 00:04:11
12          4                     1285.368652 2025-12-08 00:04:12
13          4                     1279.722900 2025-12-08 00:04:13
14          4                     1274.518311 2025-12-08 00:04:14
15          4                     1269.703369 2025-12-08 00:04:15
16          4                     1265.225098 2025-12-08 00:04:16
17          4                     1261.033813 2025-12-08 00:04:17
18          4                     1257.084717 2025-12-08 00:04:18
19          4                     1253.339111 2025-12-08 00:04:19
20          4                     1249.765747 2025-12-08 00:04:20
21          4                     1246.339600 2025-12-08 00:04:21
22          4                     1243.041504 2025-12-08 00:04:22
23          4                     1239.857666 2025-12-08 00:04:23
24          4                     1236.778931 2025-12-08 00:04:24
25          4                     1233.799072 2025-12-08 00:04:25
26          4                     1230.914673 2025-12-08 00:04:26
27          4                     1228.123779 2025-12-08 00:04:27
28          4                     1225.425903 2025-12-08 00:04:28
29          4                     1222.820923 2025-12-08 00:04:29
30          4                     1220.308960 2025-12-08 00:04:30
31          4                     1217.890015 2025-12-08 00:04:31
32          4                     1215.563843 2025-12-08 00:04:32
33          4                     1213.330078 2025-12-08 00:04:33
34          4                     1211.187622 2025-12-08 00:04:34
35          4                     1209.134644 2025-12-08 00:04:35
36          4                     1207.169800 2025-12-08 00:04:36
37          4                     1205.290649 2025-12-08 00:04:37
38          4                     1203.495117 2025-12-08 00:04:38
39          4                     1201.780396 2025-12-08 00:04:39
40          4                     1200.143677 2025-12-08 00:04:40
41          4                     1198.582397 2025-12-08 00:04:41
42          4                     1197.093384 2025-12-08 00:04:42
43          4                     1195.673828 2025-12-08 00:04:43
44          4                     1194.321167 2025-12-08 00:04:44
45          4                     1193.032471 2025-12-08 00:04:45
46          4                     1191.805054 2025-12-08 00:04:46
47          4                     1190.636353 2025-12-08 00:04:47
48          4                     1189.523682 2025-12-08 00:04:48
49          4                     1188.464844 2025-12-08 00:04:49
50          4                     1187.457397 2025-12-08 00:04:50
51          4                     1186.499023 2025-12-08 00:04:51
52          4                     1185.587646 2025-12-08 00:04:52
53          4                     1184.721191 2025-12-08 00:04:53
54          4                     1183.897705 2025-12-08 00:04:54
55          4                     1183.115112 2025-12-08 00:04:55
56          4                     1182.371704 2025-12-08 00:04:56
57          4                     1181.665649 2025-12-08 00:04:57
58          4                     1180.995239 2025-12-08 00:04:58
59          4                     1180.358887 2025-12-08 00:04:59
Forecasted values inserted into database
Exiting forecasting script

No new messages received yet.Trying again...
No new messages received yet.Trying again...
No new messages received yet.Trying again...
No new messages received yet.Trying again...
No new messages received yet.Trying again...
No new messages received yet.Trying again...
No new messages received yet.Trying again...
No new messages received yet.Trying again...
No new messages received yet.Trying again...
No new messages received yet.Trying again...
No new messages received yet.Trying again...
No new messages received yet.Trying again...
No new messages received yet.Trying again...
No new messages received yet.Trying again...
No new messages received yet.Trying again...
No new messages received yet.Trying again...
No new messages received yet.Trying again...
No new messages received yet.Trying again...
No new messages received yet.Trying again...
No new messages received yet.Trying again...
No new messages received yet.Trying again...
No new messages received yet.Trying again...
No new messages received yet.Trying again...
No new messages received yet.Trying again...
No new messages received yet.Trying again...
No new messages received yet.Trying again...
No new messages received yet.Trying again...
No new messages received yet.Trying again...
No new messages received yet.Trying again...
No new messages received yet.Trying again...
No new messages received yet.Trying again...
No new messages received yet.Trying again...
No new messages received yet.Trying again...
No new messages received yet.Trying again...
No new messages received yet.Trying again...
No new messages received yet.Trying again...
No new messages received yet.Trying again...
No new messages received yet.Trying again...
No new messages received yet.Trying again...
No new messages received yet.Trying again...
No new messages received yet.Trying again...
No new messages received yet.Trying again...
No new messages received yet.Trying again...
No new messages received yet.Trying again...
No new messages received yet.Trying again...
No new messages received yet.Trying again...
No new messages received yet.Trying again...

Actual data inserted to database
No retrain triggered
Triggering forecasting

Forecasting.py script logs
Database connection established
Value of --retrain flag: False

Forecasting for initial model using device4/initial/device4.keras and device4/initial/scaler.save
Successfully downloaded model and scaler from S3

Actual values fetched from database
    sensor_id  sensor_energy_value    sensor_timestamp  message_delay
0           4               1414.8 2025-12-08 00:04:00        63864.0
1           4               1417.9 2025-12-08 00:04:01        62863.0
2           4               1412.8 2025-12-08 00:04:02        61861.0
3           4               1424.9 2025-12-08 00:04:03        60859.0
4           4               1426.3 2025-12-08 00:04:04        59858.0
5           4               1411.7 2025-12-08 00:04:05        58856.0
6           4               1408.3 2025-12-08 00:04:06        57854.0
7           4               1418.0 2025-12-08 00:04:07        56852.0
8           4               1416.6 2025-12-08 00:04:08        55850.0
9           4               1426.2 2025-12-08 00:04:09        54847.0
10          4               1416.3 2025-12-08 00:04:10        53845.0
11          4               1430.2 2025-12-08 00:04:11        52844.0
12          4               1417.7 2025-12-08 00:04:12        51842.0
13          4               1378.0 2025-12-08 00:04:13        50840.0
14          4               1375.4 2025-12-08 00:04:14        49838.0
15          4               1381.5 2025-12-08 00:04:15        48836.0
16          4               1425.1 2025-12-08 00:04:16        47832.0
17          4               1410.6 2025-12-08 00:04:17        46831.0
18          4               1420.2 2025-12-08 00:04:18        45829.0
19          4               1417.5 2025-12-08 00:04:19        44825.0
20          4               1418.3 2025-12-08 00:04:20        43824.0
21          4               1420.4 2025-12-08 00:04:21        42822.0
22          4               1424.6 2025-12-08 00:04:22        41820.0
23          4               1420.1 2025-12-08 00:04:23        40818.0
24          4               1378.1 2025-12-08 00:04:24        39816.0
25          4               1388.1 2025-12-08 00:04:25        38814.0
26          4               1380.8 2025-12-08 00:04:26        37813.0
27          4               1382.9 2025-12-08 00:04:27        36811.0
28          4               1393.5 2025-12-08 00:04:28        35810.0
29          4               1403.3 2025-12-08 00:04:29        34808.0
30          4               1377.5 2025-12-08 00:04:30        33806.0
31          4               1379.8 2025-12-08 00:04:31        32804.0
32          4               1425.8 2025-12-08 00:04:32        31803.0
33          4               1416.8 2025-12-08 00:04:33        30801.0
34          4               1414.1 2025-12-08 00:04:34        29799.0
35          4               1423.9 2025-12-08 00:04:35        28797.0
36          4               1421.9 2025-12-08 00:04:36        27796.0
37          4               1417.6 2025-12-08 00:04:37        26793.0
38          4               1413.6 2025-12-08 00:04:38        25791.0
39          4               1406.3 2025-12-08 00:04:39        24790.0
40          4               1417.6 2025-12-08 00:04:40        23788.0
41          4               1416.6 2025-12-08 00:04:41        22784.0
42          4               1420.7 2025-12-08 00:04:42        21781.0
43          4               1412.4 2025-12-08 00:04:43        20779.0
44          4               1422.2 2025-12-08 00:04:44        19777.0
45          4               1426.8 2025-12-08 00:04:45        18775.0
46          4               1425.2 2025-12-08 00:04:46        17774.0
47          4               1412.6 2025-12-08 00:04:47        16773.0
48          4               1467.8 2025-12-08 00:04:48        15771.0
49          4               1460.8 2025-12-08 00:04:49        14770.0
50          4               1479.0 2025-12-08 00:04:50        13769.0
51          4               1468.1 2025-12-08 00:04:51        12767.0
52          4               1462.7 2025-12-08 00:04:52        11766.0
53          4               1465.2 2025-12-08 00:04:53        10764.0
54          4               1460.7 2025-12-08 00:04:54         9762.0
55          4               1447.4 2025-12-08 00:04:55         8760.0
56          4               1451.9 2025-12-08 00:04:56         7759.0
57          4               1418.6 2025-12-08 00:04:57         6756.0
58          4               1406.3 2025-12-08 00:04:58         5754.0
59          4               1418.8 2025-12-08 00:04:59         4753.0
Forecasted values:
    sensor_id  sensor_energy_value_prediction    sensor_timestamp
0           4                     1397.087280 2025-12-08 00:05:00
1           4                     1387.385132 2025-12-08 00:05:01
2           4                     1377.874512 2025-12-08 00:05:02
3           4                     1368.808838 2025-12-08 00:05:03
4           4                     1360.233887 2025-12-08 00:05:04
5           4                     1352.156006 2025-12-08 00:05:05
6           4                     1344.556763 2025-12-08 00:05:06
7           4                     1337.403320 2025-12-08 00:05:07
8           4                     1330.654297 2025-12-08 00:05:08
9           4                     1324.265137 2025-12-08 00:05:09
10          4                     1318.192261 2025-12-08 00:05:10
11          4                     1312.394775 2025-12-08 00:05:11
12          4                     1306.837524 2025-12-08 00:05:12
13          4                     1301.489624 2025-12-08 00:05:13
14          4                     1296.326782 2025-12-08 00:05:14
15          4                     1291.330322 2025-12-08 00:05:15
16          4                     1286.485718 2025-12-08 00:05:16
17          4                     1281.783325 2025-12-08 00:05:17
18          4                     1277.216309 2025-12-08 00:05:18
19          4                     1272.780640 2025-12-08 00:05:19
20          4                     1268.474609 2025-12-08 00:05:20
21          4                     1264.296509 2025-12-08 00:05:21
22          4                     1260.246704 2025-12-08 00:05:22
23          4                     1256.325073 2025-12-08 00:05:23
24          4                     1252.531860 2025-12-08 00:05:24
25          4                     1248.866577 2025-12-08 00:05:25
26          4                     1245.328735 2025-12-08 00:05:26
27          4                     1241.917358 2025-12-08 00:05:27
28          4                     1238.631348 2025-12-08 00:05:28
29          4                     1235.468506 2025-12-08 00:05:29
30          4                     1232.426758 2025-12-08 00:05:30
31          4                     1229.503662 2025-12-08 00:05:31
32          4                     1226.696289 2025-12-08 00:05:32
33          4                     1224.001709 2025-12-08 00:05:33
34          4                     1221.416870 2025-12-08 00:05:34
35          4                     1218.938477 2025-12-08 00:05:35
36          4                     1216.563110 2025-12-08 00:05:36
37          4                     1214.287720 2025-12-08 00:05:37
38          4                     1212.109009 2025-12-08 00:05:38
39          4                     1210.023438 2025-12-08 00:05:39
40          4                     1208.028198 2025-12-08 00:05:40
41          4                     1206.119995 2025-12-08 00:05:41
42          4                     1204.295776 2025-12-08 00:05:42
43          4                     1202.552246 2025-12-08 00:05:43
44          4                     1200.887085 2025-12-08 00:05:44
45          4                     1199.296753 2025-12-08 00:05:45
46          4                     1197.778931 2025-12-08 00:05:46
47          4                     1196.330688 2025-12-08 00:05:47
48          4                     1194.949219 2025-12-08 00:05:48
49          4                     1193.632324 2025-12-08 00:05:49
50          4                     1192.377197 2025-12-08 00:05:50
51          4                     1191.181396 2025-12-08 00:05:51
52          4                     1190.042358 2025-12-08 00:05:52
53          4                     1188.958252 2025-12-08 00:05:53
54          4                     1187.926392 2025-12-08 00:05:54
55          4                     1186.944580 2025-12-08 00:05:55
56          4                     1186.010742 2025-12-08 00:05:56
57          4                     1185.122925 2025-12-08 00:05:57
58          4                     1184.278809 2025-12-08 00:05:58
59          4                     1183.476929 2025-12-08 00:05:59
Forecasted values inserted into database
Exiting forecasting script

No new messages received yet.Trying again...
No new messages received yet.Trying again...
No new messages received yet.Trying again...
No new messages received yet.Trying again...
No new messages received yet.Trying again...
No new messages received yet.Trying again...
No new messages received yet.Trying again...
No new messages received yet.Trying again...
No new messages received yet.Trying again...
No new messages received yet.Trying again...
No new messages received yet.Trying again...
No new messages received yet.Trying again...
No new messages received yet.Trying again...
No new messages received yet.Trying again...
No new messages received yet.Trying again...
No new messages received yet.Trying again...
No new messages received yet.Trying again...
No new messages received yet.Trying again...
No new messages received yet.Trying again...
No new messages received yet.Trying again...
No new messages received yet.Trying again...
No new messages received yet.Trying again...
No new messages received yet.Trying again...
No new messages received yet.Trying again...
No new messages received yet.Trying again...
No new messages received yet.Trying again...
No new messages received yet.Trying again...
No new messages received yet.Trying again...
No new messages received yet.Trying again...
No new messages received yet.Trying again...
No new messages received yet.Trying again...
No new messages received yet.Trying again...
No new messages received yet.Trying again...
No new messages received yet.Trying again...
No new messages received yet.Trying again...
No new messages received yet.Trying again...
No new messages received yet.Trying again...
No new messages received yet.Trying again...
No new messages received yet.Trying again...
No new messages received yet.Trying again...
No new messages received yet.Trying again...
No new messages received yet.Trying again...
No new messages received yet.Trying again...
No new messages received yet.Trying again...
No new messages received yet.Trying again...
No new messages received yet.Trying again...
No new messages received yet.Trying again...

Actual data inserted to database
No retrain triggered
Triggering forecasting

Forecasting.py script logs
Database connection established
Value of --retrain flag: False

Forecasting for initial model using device4/initial/device4.keras and device4/initial/scaler.save
Successfully downloaded model and scaler from S3

Actual values fetched from database
    sensor_id  sensor_energy_value    sensor_timestamp  message_delay
0           4                674.5 2025-12-08 00:05:00        63885.0
1           4                679.4 2025-12-08 00:05:01        62883.0
2           4                673.0 2025-12-08 00:05:02        61880.0
3           4                669.3 2025-12-08 00:05:03        60878.0
4           4                656.0 2025-12-08 00:05:04        59876.0
5           4                659.4 2025-12-08 00:05:05        58874.0
6           4                673.1 2025-12-08 00:05:06        57872.0
7           4                662.9 2025-12-08 00:05:07        56870.0
8           4                664.1 2025-12-08 00:05:08        55868.0
9           4                681.7 2025-12-08 00:05:09        54867.0
10          4                672.0 2025-12-08 00:05:10        53865.0
11          4                666.1 2025-12-08 00:05:11        52864.0
12          4                659.7 2025-12-08 00:05:12        51863.0
13          4                667.6 2025-12-08 00:05:13        50861.0
14          4                661.2 2025-12-08 00:05:14        49845.0
15          4                669.3 2025-12-08 00:05:15        48843.0
16          4                668.7 2025-12-08 00:05:16        47840.0
17          4                654.9 2025-12-08 00:05:17        46839.0
18          4                665.5 2025-12-08 00:05:18        45838.0
19          4                679.3 2025-12-08 00:05:19        44836.0
20          4                679.7 2025-12-08 00:05:20        43835.0
21          4                671.8 2025-12-08 00:05:21        42833.0
22          4                660.7 2025-12-08 00:05:22        41830.0
23          4                668.8 2025-12-08 00:05:23        40829.0
24          4                669.7 2025-12-08 00:05:24        39827.0
25          4                662.7 2025-12-08 00:05:25        38825.0
26          4                661.4 2025-12-08 00:05:26        37824.0
27          4                680.1 2025-12-08 00:05:27        36823.0
28          4                670.7 2025-12-08 00:05:28        35822.0
29          4                666.1 2025-12-08 00:05:29        34820.0
30          4                666.8 2025-12-08 00:05:30        33819.0
31          4                661.2 2025-12-08 00:05:31        32818.0
32          4                660.6 2025-12-08 00:05:32        31816.0
33          4                802.3 2025-12-08 00:05:33        30814.0
34          4                762.5 2025-12-08 00:05:34        29813.0
35          4                773.7 2025-12-08 00:05:35        28812.0
36          4                763.2 2025-12-08 00:05:36        27811.0
37          4                682.0 2025-12-08 00:05:37        26807.0
38          4                771.9 2025-12-08 00:05:38        25804.0
39          4                825.3 2025-12-08 00:05:39        24801.0
40          4                771.2 2025-12-08 00:05:40        23800.0
41          4                778.6 2025-12-08 00:05:41        22798.0
42          4                700.8 2025-12-08 00:05:42        21767.0
43          4                694.9 2025-12-08 00:05:43        20766.0
44          4                762.2 2025-12-08 00:05:44        19764.0
45          4                778.8 2025-12-08 00:05:45        18763.0
46          4                764.6 2025-12-08 00:05:46        17758.0
47          4                759.5 2025-12-08 00:05:47        16756.0
48          4                775.9 2025-12-08 00:05:48        15755.0
49          4                763.3 2025-12-08 00:05:49        14745.0
50          4                767.3 2025-12-08 00:05:50        13732.0
51          4                779.7 2025-12-08 00:05:51        12713.0
52          4                697.9 2025-12-08 00:05:52        11708.0
53          4                701.7 2025-12-08 00:05:53        10707.0
54          4                709.1 2025-12-08 00:05:54         9706.0
55          4                710.0 2025-12-08 00:05:55         8705.0
56          4                706.9 2025-12-08 00:05:56         7699.0
57          4                709.1 2025-12-08 00:05:57         6698.0
58          4                698.3 2025-12-08 00:05:58         5693.0
59          4                702.3 2025-12-08 00:05:59         4692.0
Forecasted values:
    sensor_id  sensor_energy_value_prediction    sensor_timestamp
0           4                      772.587891 2025-12-08 00:06:00
1           4                      793.305298 2025-12-08 00:06:01
2           4                      816.771912 2025-12-08 00:06:02
3           4                      842.075867 2025-12-08 00:06:03
4           4                      868.578186 2025-12-08 00:06:04
5           4                      895.716492 2025-12-08 00:06:05
6           4                      922.982483 2025-12-08 00:06:06
7           4                      949.909729 2025-12-08 00:06:07
8           4                      976.070312 2025-12-08 00:06:08
9           4                     1001.077942 2025-12-08 00:06:09
10          4                     1024.597290 2025-12-08 00:06:10
11          4                     1046.353394 2025-12-08 00:06:11
12          4                     1066.142944 2025-12-08 00:06:12
13          4                     1083.838379 2025-12-08 00:06:13
14          4                     1099.391968 2025-12-08 00:06:14
15          4                     1112.828979 2025-12-08 00:06:15
16          4                     1124.238525 2025-12-08 00:06:16
17          4                     1133.762085 2025-12-08 00:06:17
18          4                     1141.576050 2025-12-08 00:06:18
19          4                     1147.879150 2025-12-08 00:06:19
20          4                     1152.877563 2025-12-08 00:06:20
21          4                     1156.774292 2025-12-08 00:06:21
22          4                     1159.760986 2025-12-08 00:06:22
23          4                     1162.011230 2025-12-08 00:06:23
24          4                     1163.678467 2025-12-08 00:06:24
25          4                     1164.893555 2025-12-08 00:06:25
26          4                     1165.766479 2025-12-08 00:06:26
27          4                     1166.385864 2025-12-08 00:06:27
28          4                     1166.822510 2025-12-08 00:06:28
29          4                     1167.131104 2025-12-08 00:06:29
30          4                     1167.352783 2025-12-08 00:06:30
31          4                     1167.517456 2025-12-08 00:06:31
32          4                     1167.646484 2025-12-08 00:06:32
33          4                     1167.754028 2025-12-08 00:06:33
34          4                     1167.849487 2025-12-08 00:06:34
35          4                     1167.938232 2025-12-08 00:06:35
36          4                     1168.022949 2025-12-08 00:06:36
37          4                     1168.104980 2025-12-08 00:06:37
38          4                     1168.184326 2025-12-08 00:06:38
39          4                     1168.260376 2025-12-08 00:06:39
40          4                     1168.332520 2025-12-08 00:06:40
41          4                     1168.400269 2025-12-08 00:06:41
42          4                     1168.462769 2025-12-08 00:06:42
43          4                     1168.519897 2025-12-08 00:06:43
44          4                     1168.571167 2025-12-08 00:06:44
45          4                     1168.616943 2025-12-08 00:06:45
46          4                     1168.657349 2025-12-08 00:06:46
47          4                     1168.692871 2025-12-08 00:06:47
48          4                     1168.723511 2025-12-08 00:06:48
49          4                     1168.750366 2025-12-08 00:06:49
50          4                     1168.773315 2025-12-08 00:06:50
51          4                     1168.793335 2025-12-08 00:06:51
52          4                     1168.810669 2025-12-08 00:06:52
53          4                     1168.825806 2025-12-08 00:06:53
54          4                     1168.838989 2025-12-08 00:06:54
55          4                     1168.850708 2025-12-08 00:06:55
56          4                     1168.861206 2025-12-08 00:06:56
57          4                     1168.870605 2025-12-08 00:06:57
58          4                     1168.879150 2025-12-08 00:06:58
59          4                     1168.887085 2025-12-08 00:06:59
Forecasted values inserted into database
Exiting forecasting script

No new messages received yet.Trying again...
No new messages received yet.Trying again...
No new messages received yet.Trying again...
No new messages received yet.Trying again...
No new messages received yet.Trying again...
No new messages received yet.Trying again...
No new messages received yet.Trying again...
No new messages received yet.Trying again...
No new messages received yet.Trying again...
No new messages received yet.Trying again...
No new messages received yet.Trying again...
No new messages received yet.Trying again...
No new messages received yet.Trying again...
No new messages received yet.Trying again...
No new messages received yet.Trying again...
No new messages received yet.Trying again...
No new messages received yet.Trying again...
No new messages received yet.Trying again...
No new messages received yet.Trying again...
No new messages received yet.Trying again...
No new messages received yet.Trying again...
No new messages received yet.Trying again...
No new messages received yet.Trying again...
No new messages received yet.Trying again...
No new messages received yet.Trying again...
No new messages received yet.Trying again...
No new messages received yet.Trying again...
No new messages received yet.Trying again...
No new messages received yet.Trying again...
No new messages received yet.Trying again...
No new messages received yet.Trying again...
No new messages received yet.Trying again...
No new messages received yet.Trying again...
No new messages received yet.Trying again...
No new messages received yet.Trying again...
No new messages received yet.Trying again...
No new messages received yet.Trying again...
No new messages received yet.Trying again...
No new messages received yet.Trying again...
No new messages received yet.Trying again...
No new messages received yet.Trying again...
No new messages received yet.Trying again...
No new messages received yet.Trying again...
No new messages received yet.Trying again...
No new messages received yet.Trying again...
No new messages received yet.Trying again...

Actual data inserted to database
No retrain triggered
Triggering forecasting

Forecasting.py script logs
Database connection established
Value of --retrain flag: False

Forecasting for initial model using device4/initial/device4.keras and device4/initial/scaler.save
Successfully downloaded model and scaler from S3

Actual values fetched from database
    sensor_id  sensor_energy_value    sensor_timestamp  message_delay
0           4               1168.4 2025-12-08 00:06:00        63620.0
1           4               1169.6 2025-12-08 00:06:01        62619.0
2           4               1168.3 2025-12-08 00:06:02        61618.0
3           4               1169.9 2025-12-08 00:06:03        60616.0
4           4               1168.5 2025-12-08 00:06:04        59615.0
5           4                986.0 2025-12-08 00:06:05        58613.0
6           4               1138.2 2025-12-08 00:06:06        57611.0
7           4                969.0 2025-12-08 00:06:07        56602.0
8           4                968.2 2025-12-08 00:06:08        55597.0
9           4               1043.1 2025-12-08 00:06:09        54596.0
10          4                970.1 2025-12-08 00:06:10        53595.0
11          4               1013.0 2025-12-08 00:06:11        52579.0
12          4               1035.1 2025-12-08 00:06:12        51578.0
13          4               1067.4 2025-12-08 00:06:13        50577.0
14          4               1095.4 2025-12-08 00:06:14        49574.0
15          4               1114.1 2025-12-08 00:06:15        48573.0
16          4               1133.5 2025-12-08 00:06:16        47571.0
17          4               1146.5 2025-12-08 00:06:17        46538.0
18          4               1173.1 2025-12-08 00:06:18        45537.0
19          4               1184.5 2025-12-08 00:06:19        44536.0
20          4               1197.0 2025-12-08 00:06:20        43534.0
21          4               1205.4 2025-12-08 00:06:21        42533.0
22          4               1192.2 2025-12-08 00:06:22        41531.0
23          4               1195.2 2025-12-08 00:06:23        40529.0
24          4               1210.7 2025-12-08 00:06:24        39527.0
25          4               1195.7 2025-12-08 00:06:25        38526.0
26          4               1197.1 2025-12-08 00:06:26        37525.0
27          4               1191.4 2025-12-08 00:06:27        36523.0
28          4               1206.3 2025-12-08 00:06:28        35522.0
29          4               1192.0 2025-12-08 00:06:29        34521.0
30          4               1185.1 2025-12-08 00:06:30        33519.0
31          4               1193.9 2025-12-08 00:06:31        32518.0
32          4               1206.8 2025-12-08 00:06:32        31517.0
33          4               1193.7 2025-12-08 00:06:33        30515.0
34          4               1194.9 2025-12-08 00:06:34        29514.0
35          4               1210.0 2025-12-08 00:06:35        28513.0
36          4               1195.4 2025-12-08 00:06:36        27511.0
37          4               1191.8 2025-12-08 00:06:37        26510.0
38          4               1196.3 2025-12-08 00:06:38        25506.0
39          4               1196.9 2025-12-08 00:06:39        24505.0
40          4               1196.1 2025-12-08 00:06:40        23503.0
41          4               1200.8 2025-12-08 00:06:41        22501.0
42          4               1217.6 2025-12-08 00:06:42        21500.0
43          4               1197.3 2025-12-08 00:06:43        20499.0
44          4               1206.9 2025-12-08 00:06:44        19498.0
45          4               1206.8 2025-12-08 00:06:45        18496.0
46          4               1212.9 2025-12-08 00:06:46        17495.0
47          4               1212.1 2025-12-08 00:06:47        16494.0
48          4               1211.0 2025-12-08 00:06:48        15492.0
49          4               1216.5 2025-12-08 00:06:49        14491.0
50          4               1221.2 2025-12-08 00:06:50        13490.0
51          4               1221.8 2025-12-08 00:06:51        12489.0
52          4               1220.3 2025-12-08 00:06:52        11488.0
53          4               1220.6 2025-12-08 00:06:53        10487.0
54          4               1224.6 2025-12-08 00:06:54         9486.0
55          4               1232.5 2025-12-08 00:06:55         8485.0
56          4               1221.7 2025-12-08 00:06:56         7484.0
57          4               1225.4 2025-12-08 00:06:57         6483.0
58          4               1224.9 2025-12-08 00:06:58         5482.0
59          4               1243.4 2025-12-08 00:06:59         4481.0
Forecasted values:
    sensor_id  sensor_energy_value_prediction    sensor_timestamp
0           4                     1228.501587 2025-12-08 00:07:00
1           4                     1227.561523 2025-12-08 00:07:01
2           4                     1225.851074 2025-12-08 00:07:02
3           4                     1223.686279 2025-12-08 00:07:03
4           4                     1221.225708 2025-12-08 00:07:04
5           4                     1218.599609 2025-12-08 00:07:05
6           4                     1215.912476 2025-12-08 00:07:06
7           4                     1213.245117 2025-12-08 00:07:07
8           4                     1210.655884 2025-12-08 00:07:08
9           4                     1208.184570 2025-12-08 00:07:09
10          4                     1205.855103 2025-12-08 00:07:10
11          4                     1203.678467 2025-12-08 00:07:11
12          4                     1201.656982 2025-12-08 00:07:12
13          4                     1199.785889 2025-12-08 00:07:13
14          4                     1198.056396 2025-12-08 00:07:14
15          4                     1196.456543 2025-12-08 00:07:15
16          4                     1194.974243 2025-12-08 00:07:16
17          4                     1193.596436 2025-12-08 00:07:17
18          4                     1192.311035 2025-12-08 00:07:18
19          4                     1191.107422 2025-12-08 00:07:19
20          4                     1189.975830 2025-12-08 00:07:20
21          4                     1188.907959 2025-12-08 00:07:21
22          4                     1187.897095 2025-12-08 00:07:22
23          4                     1186.937866 2025-12-08 00:07:23
24          4                     1186.025635 2025-12-08 00:07:24
25          4                     1185.156982 2025-12-08 00:07:25
26          4                     1184.328735 2025-12-08 00:07:26
27          4                     1183.538940 2025-12-08 00:07:27
28          4                     1182.785767 2025-12-08 00:07:28
29          4                     1182.067749 2025-12-08 00:07:29
30          4                     1181.383301 2025-12-08 00:07:30
31          4                     1180.731445 2025-12-08 00:07:31
32          4                     1180.111206 2025-12-08 00:07:32
33          4                     1179.521240 2025-12-08 00:07:33
34          4                     1178.960571 2025-12-08 00:07:34
35          4                     1178.428101 2025-12-08 00:07:35
36          4                     1177.922729 2025-12-08 00:07:36
37          4                     1177.443359 2025-12-08 00:07:37
38          4                     1176.988892 2025-12-08 00:07:38
39          4                     1176.558228 2025-12-08 00:07:39
40          4                     1176.150146 2025-12-08 00:07:40
41          4                     1175.763672 2025-12-08 00:07:41
42          4                     1175.397827 2025-12-08 00:07:42
43          4                     1175.051270 2025-12-08 00:07:43
44          4                     1174.723389 2025-12-08 00:07:44
45          4                     1174.412964 2025-12-08 00:07:45
46          4                     1174.119263 2025-12-08 00:07:46
47          4                     1173.841309 2025-12-08 00:07:47
48          4                     1173.578125 2025-12-08 00:07:48
49          4                     1173.329346 2025-12-08 00:07:49
50          4                     1173.093872 2025-12-08 00:07:50
51          4                     1172.870972 2025-12-08 00:07:51
52          4                     1172.660278 2025-12-08 00:07:52
53          4                     1172.460815 2025-12-08 00:07:53
54          4                     1172.272095 2025-12-08 00:07:54
55          4                     1172.093628 2025-12-08 00:07:55
56          4                     1171.924805 2025-12-08 00:07:56
57          4                     1171.765259 2025-12-08 00:07:57
58          4                     1171.614380 2025-12-08 00:07:58
59          4                     1171.471558 2025-12-08 00:07:59
Forecasted values inserted into database
Exiting forecasting script

No new messages received yet.Trying again...
No new messages received yet.Trying again...
No new messages received yet.Trying again...
No new messages received yet.Trying again...
No new messages received yet.Trying again...
No new messages received yet.Trying again...
No new messages received yet.Trying again...
No new messages received yet.Trying again...
No new messages received yet.Trying again...
No new messages received yet.Trying again...
No new messages received yet.Trying again...
No new messages received yet.Trying again...
No new messages received yet.Trying again...
No new messages received yet.Trying again...
No new messages received yet.Trying again...
No new messages received yet.Trying again...
No new messages received yet.Trying again...
No new messages received yet.Trying again...
No new messages received yet.Trying again...
No new messages received yet.Trying again...
No new messages received yet.Trying again...
No new messages received yet.Trying again...
No new messages received yet.Trying again...
No new messages received yet.Trying again...
No new messages received yet.Trying again...
No new messages received yet.Trying again...
No new messages received yet.Trying again...
No new messages received yet.Trying again...
No new messages received yet.Trying again...
No new messages received yet.Trying again...
No new messages received yet.Trying again...
No new messages received yet.Trying again...
No new messages received yet.Trying again...
No new messages received yet.Trying again...
No new messages received yet.Trying again...
No new messages received yet.Trying again...
No new messages received yet.Trying again...
No new messages received yet.Trying again...
No new messages received yet.Trying again...
No new messages received yet.Trying again...
No new messages received yet.Trying again...
No new messages received yet.Trying again...
No new messages received yet.Trying again...
No new messages received yet.Trying again...
No new messages received yet.Trying again...
No new messages received yet.Trying again...
No new messages received yet.Trying again...

Actual data inserted to database
No retrain triggered
Triggering forecasting

Forecasting.py script logs
Database connection established
Value of --retrain flag: False

Forecasting for initial model using device4/initial/device4.keras and device4/initial/scaler.save
Successfully downloaded model and scaler from S3

Actual values fetched from database
    sensor_id  sensor_energy_value    sensor_timestamp  message_delay
0           4               1232.5 2025-12-08 00:07:00        63548.0
1           4               1224.3 2025-12-08 00:07:01        62547.0
2           4               1218.1 2025-12-08 00:07:02        61545.0
3           4               1215.5 2025-12-08 00:07:03        60542.0
4           4               1227.9 2025-12-08 00:07:04        59541.0
5           4               1218.6 2025-12-08 00:07:05        58540.0
6           4               1218.2 2025-12-08 00:07:06        57539.0
7           4               1221.1 2025-12-08 00:07:07        56537.0
8           4               1209.3 2025-12-08 00:07:08        55535.0
9           4               1206.7 2025-12-08 00:07:09        54533.0
10          4               1221.6 2025-12-08 00:07:10        53531.0
11          4               1212.2 2025-12-08 00:07:11        52530.0
12          4               1234.7 2025-12-08 00:07:12        51528.0
13          4               1216.2 2025-12-08 00:07:13        50526.0
14          4               1219.3 2025-12-08 00:07:14        49525.0
15          4               1246.9 2025-12-08 00:07:15        48524.0
16          4               1224.8 2025-12-08 00:07:16        47523.0
17          4               1220.6 2025-12-08 00:07:17        46521.0
18          4               1231.8 2025-12-08 00:07:18        45520.0
19          4               1232.5 2025-12-08 00:07:19        44519.0
20          4               1226.9 2025-12-08 00:07:20        43518.0
21          4               1239.2 2025-12-08 00:07:21        42516.0
22          4               1229.4 2025-12-08 00:07:22        41514.0
23          4               1227.6 2025-12-08 00:07:23        40513.0
24          4               1233.8 2025-12-08 00:07:24        39511.0
25          4               1217.4 2025-12-08 00:07:25        38510.0
26          4               1224.8 2025-12-08 00:07:26        37508.0
27          4               1230.1 2025-12-08 00:07:27        36506.0
28          4               1220.3 2025-12-08 00:07:28        35504.0
29          4               1210.9 2025-12-08 00:07:29        34503.0
30          4               1225.1 2025-12-08 00:07:30        33501.0
31          4               1234.9 2025-12-08 00:07:31        32500.0
32          4               1222.5 2025-12-08 00:07:32        31499.0
33          4               1219.1 2025-12-08 00:07:33        30497.0
34          4               1222.2 2025-12-08 00:07:34        29495.0
35          4               1222.1 2025-12-08 00:07:35        28494.0
36          4               1220.7 2025-12-08 00:07:36        27493.0
37          4               1217.4 2025-12-08 00:07:37        26491.0
38          4               1213.7 2025-12-08 00:07:38        25490.0
39          4               1226.5 2025-12-08 00:07:39        24488.0
40          4               1218.9 2025-12-08 00:07:40        23486.0
41          4               1229.3 2025-12-08 00:07:41        22482.0
42          4               1216.2 2025-12-08 00:07:42        21481.0
43          4               1220.4 2025-12-08 00:07:43        20473.0
44          4               1219.2 2025-12-08 00:07:44        19470.0
45          4               1212.2 2025-12-08 00:07:45        18469.0
46          4               1212.4 2025-12-08 00:07:46        17468.0
47          4               1231.4 2025-12-08 00:07:47        16467.0
48          4               1217.5 2025-12-08 00:07:48        15466.0
49          4               1224.6 2025-12-08 00:07:49        14464.0
50          4               1220.5 2025-12-08 00:07:50        13463.0
51          4               1216.6 2025-12-08 00:07:51        12461.0
52          4               1212.9 2025-12-08 00:07:52        11460.0
53          4               1208.0 2025-12-08 00:07:53        10458.0
54          4               1224.5 2025-12-08 00:07:54         9457.0
55          4               1228.8 2025-12-08 00:07:55         8455.0
56          4               1213.9 2025-12-08 00:07:56         7454.0
57          4               1219.0 2025-12-08 00:07:57         6452.0
58          4               1223.8 2025-12-08 00:07:58         5447.0
59          4               1235.7 2025-12-08 00:07:59         4445.0
Forecasted values:
    sensor_id  sensor_energy_value_prediction    sensor_timestamp
0           4                     1223.875366 2025-12-08 00:08:00
1           4                     1223.248779 2025-12-08 00:08:01
2           4                     1221.882324 2025-12-08 00:08:02
3           4                     1220.048218 2025-12-08 00:08:03
4           4                     1217.893921 2025-12-08 00:08:04
5           4                     1215.543091 2025-12-08 00:08:05
6           4                     1213.098999 2025-12-08 00:08:06
7           4                     1210.642700 2025-12-08 00:08:07
8           4                     1208.235474 2025-12-08 00:08:08
9           4                     1205.920044 2025-12-08 00:08:09
10          4                     1203.723999 2025-12-08 00:08:10
11          4                     1201.662964 2025-12-08 00:08:11
12          4                     1199.742310 2025-12-08 00:08:12
13          4                     1197.960938 2025-12-08 00:08:13
14          4                     1196.312134 2025-12-08 00:08:14
15          4                     1194.786865 2025-12-08 00:08:15
16          4                     1193.374023 2025-12-08 00:08:16
17          4                     1192.062500 2025-12-08 00:08:17
18          4                     1190.841187 2025-12-08 00:08:18
19          4                     1189.699463 2025-12-08 00:08:19
20          4                     1188.628296 2025-12-08 00:08:20
21          4                     1187.619629 2025-12-08 00:08:21
22          4                     1186.666748 2025-12-08 00:08:22
23          4                     1185.764038 2025-12-08 00:08:23
24          4                     1184.906982 2025-12-08 00:08:24
25          4                     1184.091797 2025-12-08 00:08:25
26          4                     1183.315552 2025-12-08 00:08:26
27          4                     1182.575928 2025-12-08 00:08:27
28          4                     1181.870972 2025-12-08 00:08:28
29          4                     1181.199219 2025-12-08 00:08:29
30          4                     1180.559204 2025-12-08 00:08:30
31          4                     1179.949829 2025-12-08 00:08:31
32          4                     1179.369995 2025-12-08 00:08:32
33          4                     1178.818604 2025-12-08 00:08:33
34          4                     1178.294434 2025-12-08 00:08:34
35          4                     1177.796875 2025-12-08 00:08:35
36          4                     1177.324463 2025-12-08 00:08:36
37          4                     1176.876465 2025-12-08 00:08:37
38          4                     1176.451782 2025-12-08 00:08:38
39          4                     1176.049438 2025-12-08 00:08:39
40          4                     1175.668213 2025-12-08 00:08:40
41          4                     1175.307251 2025-12-08 00:08:41
42          4                     1174.965454 2025-12-08 00:08:42
43          4                     1174.641846 2025-12-08 00:08:43
44          4                     1174.335693 2025-12-08 00:08:44
45          4                     1174.046021 2025-12-08 00:08:45
46          4                     1173.771729 2025-12-08 00:08:46
47          4                     1173.512451 2025-12-08 00:08:47
48          4                     1173.266968 2025-12-08 00:08:48
49          4                     1173.034668 2025-12-08 00:08:49
50          4                     1172.815063 2025-12-08 00:08:50
51          4                     1172.607300 2025-12-08 00:08:51
52          4                     1172.410767 2025-12-08 00:08:52
53          4                     1172.224854 2025-12-08 00:08:53
54          4                     1172.049194 2025-12-08 00:08:54
55          4                     1171.882690 2025-12-08 00:08:55
56          4                     1171.725464 2025-12-08 00:08:56
57          4                     1171.576538 2025-12-08 00:08:57
58          4                     1171.435913 2025-12-08 00:08:58
59          4                     1171.302979 2025-12-08 00:08:59
Forecasted values inserted into database
Exiting forecasting script

No new messages received yet.Trying again...
No new messages received yet.Trying again...
No new messages received yet.Trying again...
No new messages received yet.Trying again...
No new messages received yet.Trying again...
No new messages received yet.Trying again...
No new messages received yet.Trying again...
No new messages received yet.Trying again...
No new messages received yet.Trying again...
No new messages received yet.Trying again...
No new messages received yet.Trying again...
No new messages received yet.Trying again...
No new messages received yet.Trying again...
No new messages received yet.Trying again...
No new messages received yet.Trying again...
No new messages received yet.Trying again...
No new messages received yet.Trying again...
No new messages received yet.Trying again...
No new messages received yet.Trying again...
No new messages received yet.Trying again...
No new messages received yet.Trying again...
No new messages received yet.Trying again...
No new messages received yet.Trying again...
No new messages received yet.Trying again...
No new messages received yet.Trying again...
No new messages received yet.Trying again...
No new messages received yet.Trying again...
No new messages received yet.Trying again...
No new messages received yet.Trying again...
No new messages received yet.Trying again...
No new messages received yet.Trying again...
No new messages received yet.Trying again...
No new messages received yet.Trying again...
No new messages received yet.Trying again...
No new messages received yet.Trying again...
No new messages received yet.Trying again...
No new messages received yet.Trying again...
No new messages received yet.Trying again...
No new messages received yet.Trying again...
No new messages received yet.Trying again...
No new messages received yet.Trying again...
No new messages received yet.Trying again...
No new messages received yet.Trying again...
No new messages received yet.Trying again...
No new messages received yet.Trying again...
No new messages received yet.Trying again...
No new messages received yet.Trying again...

Actual data inserted to database
No retrain triggered
Triggering forecasting

Forecasting.py script logs
Database connection established
Value of --retrain flag: False

Forecasting for initial model using device4/initial/device4.keras and device4/initial/scaler.save
Successfully downloaded model and scaler from S3

Actual values fetched from database
    sensor_id  sensor_energy_value    sensor_timestamp  message_delay
0           4               1304.2 2025-12-08 00:08:00        63547.0
1           4               1320.9 2025-12-08 00:08:01        62545.0
2           4               1316.4 2025-12-08 00:08:02        61544.0
3           4               1313.2 2025-12-08 00:08:03        60540.0
4           4               1312.0 2025-12-08 00:08:04        59539.0
5           4               1309.9 2025-12-08 00:08:05        58538.0
6           4               1313.2 2025-12-08 00:08:06        57537.0
7           4               1314.2 2025-12-08 00:08:07        56535.0
8           4               1315.0 2025-12-08 00:08:08        55533.0
9           4               1315.3 2025-12-08 00:08:09        54532.0
10          4               1322.7 2025-12-08 00:08:10        53530.0
11          4               1320.4 2025-12-08 00:08:11        52529.0
12          4               1312.5 2025-12-08 00:08:12        51528.0
13          4               1319.4 2025-12-08 00:08:13        50526.0
14          4               1316.7 2025-12-08 00:08:14        49525.0
15          4               1311.6 2025-12-08 00:08:15        48523.0
16          4               1316.8 2025-12-08 00:08:16        47522.0
17          4               1314.5 2025-12-08 00:08:17        46521.0
18          4               1323.3 2025-12-08 00:08:18        45515.0
19          4               1224.6 2025-12-08 00:08:19        44514.0
20          4               1214.2 2025-12-08 00:08:20        43512.0
21          4               1226.0 2025-12-08 00:08:21        42511.0
22          4               1218.0 2025-12-08 00:08:22        41510.0
23          4               1327.0 2025-12-08 00:08:23        40508.0
24          4               1313.3 2025-12-08 00:08:24        39507.0
25          4               1314.2 2025-12-08 00:08:25        38506.0
26          4               1308.7 2025-12-08 00:08:26        37504.0
27          4               1306.3 2025-12-08 00:08:27        36503.0
28          4               1327.8 2025-12-08 00:08:28        35502.0
29          4               1312.1 2025-12-08 00:08:29        34500.0
30          4               1323.6 2025-12-08 00:08:30        33499.0
31          4               1317.7 2025-12-08 00:08:31        32498.0
32          4               1331.8 2025-12-08 00:08:32        31496.0
33          4               1327.4 2025-12-08 00:08:33        30495.0
34          4               1326.1 2025-12-08 00:08:34        29494.0
35          4               1338.5 2025-12-08 00:08:35        28492.0
36          4               1316.6 2025-12-08 00:08:36        27491.0
37          4               1318.5 2025-12-08 00:08:37        26489.0
38          4               1313.2 2025-12-08 00:08:38        25488.0
39          4               1329.2 2025-12-08 00:08:39        24486.0
40          4               1328.7 2025-12-08 00:08:40        23485.0
41          4               1314.0 2025-12-08 00:08:41        22484.0
42          4               1325.5 2025-12-08 00:08:42        21482.0
43          4               1316.0 2025-12-08 00:08:43        20481.0
44          4               1318.1 2025-12-08 00:08:44        19480.0
45          4               1314.5 2025-12-08 00:08:45        18478.0
46          4               1319.7 2025-12-08 00:08:46        17477.0
47          4               1317.4 2025-12-08 00:08:47        16475.0
48          4               1321.1 2025-12-08 00:08:48        15473.0
49          4               1316.3 2025-12-08 00:08:49        14472.0
50          4               1314.2 2025-12-08 00:08:50        13469.0
51          4               1316.6 2025-12-08 00:08:51        12467.0
52          4               1311.2 2025-12-08 00:08:52        11453.0
53          4               1306.4 2025-12-08 00:08:53        10451.0
54          4               1311.8 2025-12-08 00:08:54         9450.0
55          4               1319.2 2025-12-08 00:08:55         8449.0
56          4               1348.8 2025-12-08 00:08:56         7448.0
57          4               1395.1 2025-12-08 00:08:57         6447.0
58          4               1386.2 2025-12-08 00:08:58         5445.0
59          4               1384.9 2025-12-08 00:08:59         4444.0
Forecasted values:
    sensor_id  sensor_energy_value_prediction    sensor_timestamp
0           4                     1376.865234 2025-12-08 00:09:00
1           4                     1375.106689 2025-12-08 00:09:01
2           4                     1370.457764 2025-12-08 00:09:02
3           4                     1363.816284 2025-12-08 00:09:03
4           4                     1355.867065 2025-12-08 00:09:04
5           4                     1347.179565 2025-12-08 00:09:05
6           4                     1338.206421 2025-12-08 00:09:06
7           4                     1329.288086 2025-12-08 00:09:07
8           4                     1320.664185 2025-12-08 00:09:08
9           4                     1312.489380 2025-12-08 00:09:09
10          4                     1304.849243 2025-12-08 00:09:10
11          4                     1297.776733 2025-12-08 00:09:11
12          4                     1291.265991 2025-12-08 00:09:12
13          4                     1285.285278 2025-12-08 00:09:13
14          4                     1279.786865 2025-12-08 00:09:14
15          4                     1274.715210 2025-12-08 00:09:15
16          4                     1270.012695 2025-12-08 00:09:16
17          4                     1265.624390 2025-12-08 00:09:17
18          4                     1261.500122 2025-12-08 00:09:18
19          4                     1257.596680 2025-12-08 00:09:19
20          4                     1253.878052 2025-12-08 00:09:20
21          4                     1250.315674 2025-12-08 00:09:21
22          4                     1246.887817 2025-12-08 00:09:22
23          4                     1243.578369 2025-12-08 00:09:23
24          4                     1240.376343 2025-12-08 00:09:24
25          4                     1237.274658 2025-12-08 00:09:25
26          4                     1234.269653 2025-12-08 00:09:26
27          4                     1231.358887 2025-12-08 00:09:27
28          4                     1228.541870 2025-12-08 00:09:28
29          4                     1225.818848 2025-12-08 00:09:29
30          4                     1223.190308 2025-12-08 00:09:30
31          4                     1220.656616 2025-12-08 00:09:31
32          4                     1218.217651 2025-12-08 00:09:32
33          4                     1215.873535 2025-12-08 00:09:33
34          4                     1213.623169 2025-12-08 00:09:34
35          4                     1211.465698 2025-12-08 00:09:35
36          4                     1209.399414 2025-12-08 00:09:36
37          4                     1207.422119 2025-12-08 00:09:37
38          4                     1205.531616 2025-12-08 00:09:38
39          4                     1203.725342 2025-12-08 00:09:39
40          4                     1202.000488 2025-12-08 00:09:40
41          4                     1200.354370 2025-12-08 00:09:41
42          4                     1198.783813 2025-12-08 00:09:42
43          4                     1197.286011 2025-12-08 00:09:43
44          4                     1195.858032 2025-12-08 00:09:44
45          4                     1194.497314 2025-12-08 00:09:45
46          4                     1193.200806 2025-12-08 00:09:46
47          4                     1191.965698 2025-12-08 00:09:47
48          4                     1190.789551 2025-12-08 00:09:48
49          4                     1189.669800 2025-12-08 00:09:49
50          4                     1188.603882 2025-12-08 00:09:50
51          4                     1187.589844 2025-12-08 00:09:51
52          4                     1186.625122 2025-12-08 00:09:52
53          4                     1185.707520 2025-12-08 00:09:53
54          4                     1184.835083 2025-12-08 00:09:54
55          4                     1184.005859 2025-12-08 00:09:55
56          4                     1183.217896 2025-12-08 00:09:56
57          4                     1182.469238 2025-12-08 00:09:57
58          4                     1181.758179 2025-12-08 00:09:58
59          4                     1181.083130 2025-12-08 00:09:59
Forecasted values inserted into database
Exiting forecasting script

No new messages received yet.Trying again...
No new messages received yet.Trying again...
No new messages received yet.Trying again...
No new messages received yet.Trying again...
No new messages received yet.Trying again...
No new messages received yet.Trying again...
No new messages received yet.Trying again...
No new messages received yet.Trying again...
No new messages received yet.Trying again...
No new messages received yet.Trying again...
No new messages received yet.Trying again...
No new messages received yet.Trying again...
No new messages received yet.Trying again...
No new messages received yet.Trying again...
No new messages received yet.Trying again...
No new messages received yet.Trying again...
No new messages received yet.Trying again...
No new messages received yet.Trying again...
No new messages received yet.Trying again...
No new messages received yet.Trying again...
No new messages received yet.Trying again...
No new messages received yet.Trying again...
No new messages received yet.Trying again...
No new messages received yet.Trying again...
No new messages received yet.Trying again...
No new messages received yet.Trying again...
No new messages received yet.Trying again...
2026-05-15 19:18:47.405 INFO  [129581791049408] ConsumerStatsImpl:59 | Consumer [persistent://public/default/device4_model_consume, pythonSubscription, 0] , ConsumerStatsImpl (numBytesRecieved_ = 14136, totalNumBytesRecieved_ = 14136, receivedMsgMap_ = {[Key: Ok, Value: 589], [Key: TimeOut, Value: 462], }, ackedMsgMap_ = {[Key: {Result: Ok, ackType: 0}, Value: 589], }, totalReceivedMsgMap_ = {[Key: Ok, Value: 589], [Key: TimeOut, Value: 462], }, totalAckedMsgMap_ = {[Key: {Result: Ok, ackType: 0}, Value: 589], })
No new messages received yet.Trying again...
No new messages received yet.Trying again...
No new messages received yet.Trying again...
No new messages received yet.Trying again...
No new messages received yet.Trying again...
No new messages received yet.Trying again...
No new messages received yet.Trying again...
No new messages received yet.Trying again...
No new messages received yet.Trying again...
No new messages received yet.Trying again...
No new messages received yet.Trying again...
No new messages received yet.Trying again...
No new messages received yet.Trying again...
No new messages received yet.Trying again...
No new messages received yet.Trying again...
No new messages received yet.Trying again...
No new messages received yet.Trying again...
No new messages received yet.Trying again...

Actual data inserted to database
Triggering retrain for window beetween 00:00:00 and 00:09:59
lasttimestamp is  2025-12-08 00:09:59
retrain.py completed successfully:
Database connection established
Retraining model for device device4 with data from table device4_actualvalues between timestamps 2025-12-08-00-01-00 and 2025-12-08-00-09-59...
Epoch 1/200

[1m1/8[0m [32m━━[0m[37m━━━━━━━━━━━━━━━━━━[0m [1m10s[0m 1s/step - loss: 0.3815
[1m4/8[0m [32m━━━━━━━━━━[0m[37m━━━━━━━━━━[0m [1m0s[0m 17ms/step - loss: 0.3452
[1m8/8[0m [32m━━━━━━━━━━━━━━━━━━━━[0m[37m[0m [1m0s[0m 16ms/step - loss: 0.3228
[1m8/8[0m [32m━━━━━━━━━━━━━━━━━━━━[0m[37m[0m [1m2s[0m 19ms/step - loss: 0.2875
Epoch 2/200

[1m1/8[0m [32m━━[0m[37m━━━━━━━━━━━━━━━━━━[0m [1m0s[0m 39ms/step - loss: 0.1675
[1m5/8[0m [32m━━━━━━━━━━━━[0m[37m━━━━━━━━[0m [1m0s[0m 16ms/step - loss: 0.1482
[1m8/8[0m [32m━━━━━━━━━━━━━━━━━━━━[0m[37m[0m [1m0s[0m 19ms/step - loss: 0.1053
Epoch 3/200

[1m1/8[0m [32m━━[0m[37m━━━━━━━━━━━━━━━━━━[0m [1m0s[0m 38ms/step - loss: 0.0312
[1m5/8[0m [32m━━━━━━━━━━━━[0m[37m━━━━━━━━[0m [1m0s[0m 14ms/step - loss: 0.0226
[1m8/8[0m [32m━━━━━━━━━━━━━━━━━━━━[0m[37m[0m [1m0s[0m 18ms/step - loss: 0.0132
Epoch 4/200

[1m1/8[0m [32m━━[0m[37m━━━━━━━━━━━━━━━━━━[0m [1m0s[0m 40ms/step - loss: 0.0199
[1m5/8[0m [32m━━━━━━━━━━━━[0m[37m━━━━━━━━[0m [1m0s[0m 15ms/step - loss: 0.0211
[1m8/8[0m [32m━━━━━━━━━━━━━━━━━━━━[0m[37m[0m [1m0s[0m 18ms/step - loss: 0.0195
Epoch 5/200

[1m1/8[0m [32m━━[0m[37m━━━━━━━━━━━━━━━━━━[0m [1m0s[0m 39ms/step - loss: 0.0141
[1m5/8[0m [32m━━━━━━━━━━━━[0m[37m━━━━━━━━[0m [1m0s[0m 15ms/step - loss: 0.0100
[1m8/8[0m [32m━━━━━━━━━━━━━━━━━━━━[0m[37m[0m [1m0s[0m 18ms/step - loss: 0.0074
Epoch 6/200

[1m1/8[0m [32m━━[0m[37m━━━━━━━━━━━━━━━━━━[0m [1m0s[0m 41ms/step - loss: 0.0129
[1m5/8[0m [32m━━━━━━━━━━━━[0m[37m━━━━━━━━[0m [1m0s[0m 14ms/step - loss: 0.0106
[1m8/8[0m [32m━━━━━━━━━━━━━━━━━━━━[0m[37m[0m [1m0s[0m 18ms/step - loss: 0.0093
Epoch 7/200

[1m1/8[0m [32m━━[0m[37m━━━━━━━━━━━━━━━━━━[0m [1m0s[0m 37ms/step - loss: 0.0053
[1m5/8[0m [32m━━━━━━━━━━━━[0m[37m━━━━━━━━[0m [1m0s[0m 14ms/step - loss: 0.0062
[1m8/8[0m [32m━━━━━━━━━━━━━━━━━━━━[0m[37m[0m [1m0s[0m 17ms/step - loss: 0.0061
Epoch 8/200

[1m1/8[0m [32m━━[0m[37m━━━━━━━━━━━━━━━━━━[0m [1m0s[0m 40ms/step - loss: 0.0059
[1m5/8[0m [32m━━━━━━━━━━━━[0m[37m━━━━━━━━[0m [1m0s[0m 16ms/step - loss: 0.0058
[1m8/8[0m [32m━━━━━━━━━━━━━━━━━━━━[0m[37m[0m [1m0s[0m 18ms/step - loss: 0.0065
Epoch 9/200

[1m1/8[0m [32m━━[0m[37m━━━━━━━━━━━━━━━━━━[0m [1m0s[0m 38ms/step - loss: 0.0062
[1m5/8[0m [32m━━━━━━━━━━━━[0m[37m━━━━━━━━[0m [1m0s[0m 14ms/step - loss: 0.0071
[1m8/8[0m [32m━━━━━━━━━━━━━━━━━━━━[0m[37m[0m [1m0s[0m 19ms/step - loss: 0.0073
Epoch 10/200

[1m1/8[0m [32m━━[0m[37m━━━━━━━━━━━━━━━━━━[0m [1m0s[0m 49ms/step - loss: 0.0042
[1m4/8[0m [32m━━━━━━━━━━[0m[37m━━━━━━━━━━[0m [1m0s[0m 17ms/step - loss: 0.0050
[1m7/8[0m [32m━━━━━━━━━━━━━━━━━[0m[37m━━━[0m [1m0s[0m 17ms/step - loss: 0.0052
[1m8/8[0m [32m━━━━━━━━━━━━━━━━━━━━[0m[37m[0m [1m0s[0m 21ms/step - loss: 0.0056
Epoch 11/200

[1m1/8[0m [32m━━[0m[37m━━━━━━━━━━━━━━━━━━[0m [1m0s[0m 48ms/step - loss: 0.0063
[1m5/8[0m [32m━━━━━━━━━━━━[0m[37m━━━━━━━━[0m [1m0s[0m 15ms/step - loss: 0.0071
[1m8/8[0m [32m━━━━━━━━━━━━━━━━━━━━[0m[37m[0m [1m0s[0m 18ms/step - loss: 0.0069
Epoch 12/200

[1m1/8[0m [32m━━[0m[37m━━━━━━━━━━━━━━━━━━[0m [1m0s[0m 40ms/step - loss: 0.0036
[1m5/8[0m [32m━━━━━━━━━━━━[0m[37m━━━━━━━━[0m [1m0s[0m 15ms/step - loss: 0.0047
[1m8/8[0m [32m━━━━━━━━━━━━━━━━━━━━[0m[37m[0m [1m0s[0m 18ms/step - loss: 0.0057
Epoch 13/200

[1m1/8[0m [32m━━[0m[37m━━━━━━━━━━━━━━━━━━[0m [1m0s[0m 37ms/step - loss: 0.0079
[1m5/8[0m [32m━━━━━━━━━━━━[0m[37m━━━━━━━━[0m [1m0s[0m 14ms/step - loss: 0.0065
[1m8/8[0m [32m━━━━━━━━━━━━━━━━━━━━[0m[37m[0m [1m0s[0m 18ms/step - loss: 0.0057
Epoch 14/200

[1m1/8[0m [32m━━[0m[37m━━━━━━━━━━━━━━━━━━[0m [1m0s[0m 39ms/step - loss: 0.0050
[1m5/8[0m [32m━━━━━━━━━━━━[0m[37m━━━━━━━━[0m [1m0s[0m 14ms/step - loss: 0.0053
[1m8/8[0m [32m━━━━━━━━━━━━━━━━━━━━[0m[37m[0m [1m0s[0m 18ms/step - loss: 0.0055
Epoch 15/200

[1m1/8[0m [32m━━[0m[37m━━━━━━━━━━━━━━━━━━[0m [1m0s[0m 44ms/step - loss: 0.0075
[1m5/8[0m [32m━━━━━━━━━━━━[0m[37m━━━━━━━━[0m [1m0s[0m 16ms/step - loss: 0.0070
[1m8/8[0m [32m━━━━━━━━━━━━━━━━━━━━[0m[37m[0m [1m0s[0m 19ms/step - loss: 0.0057
Epoch 16/200

[1m1/8[0m [32m━━[0m[37m━━━━━━━━━━━━━━━━━━[0m [1m0s[0m 40ms/step - loss: 0.0042
[1m5/8[0m [32m━━━━━━━━━━━━[0m[37m━━━━━━━━[0m [1m0s[0m 16ms/step - loss: 0.0044
[1m8/8[0m [32m━━━━━━━━━━━━━━━━━━━━[0m[37m[0m [1m0s[0m 20ms/step - loss: 0.0050
Epoch 17/200

[1m1/8[0m [32m━━[0m[37m━━━━━━━━━━━━━━━━━━[0m [1m0s[0m 51ms/step - loss: 0.0061
[1m5/8[0m [32m━━━━━━━━━━━━[0m[37m━━━━━━━━[0m [1m0s[0m 16ms/step - loss: 0.0063
[1m8/8[0m [32m━━━━━━━━━━━━━━━━━━━━[0m[37m[0m [1m0s[0m 18ms/step - loss: 0.0061
Epoch 18/200

[1m1/8[0m [32m━━[0m[37m━━━━━━━━━━━━━━━━━━[0m [1m0s[0m 37ms/step - loss: 0.0040
[1m5/8[0m [32m━━━━━━━━━━━━[0m[37m━━━━━━━━[0m [1m0s[0m 15ms/step - loss: 0.0045
[1m8/8[0m [32m━━━━━━━━━━━━━━━━━━━━[0m[37m[0m [1m0s[0m 20ms/step - loss: 0.0048
Epoch 19/200

[1m1/8[0m [32m━━[0m[37m━━━━━━━━━━━━━━━━━━[0m [1m0s[0m 48ms/step - loss: 0.0079
[1m5/8[0m [32m━━━━━━━━━━━━[0m[37m━━━━━━━━[0m [1m0s[0m 15ms/step - loss: 0.0065
[1m8/8[0m [32m━━━━━━━━━━━━━━━━━━━━[0m[37m[0m [1m0s[0m 19ms/step - loss: 0.0061
Epoch 20/200

[1m1/8[0m [32m━━[0m[37m━━━━━━━━━━━━━━━━━━[0m [1m0s[0m 39ms/step - loss: 0.0061
[1m5/8[0m [32m━━━━━━━━━━━━[0m[37m━━━━━━━━[0m [1m0s[0m 15ms/step - loss: 0.0056
[1m8/8[0m [32m━━━━━━━━━━━━━━━━━━━━[0m[37m[0m [1m0s[0m 18ms/step - loss: 0.0058
Epoch 21/200

[1m1/8[0m [32m━━[0m[37m━━━━━━━━━━━━━━━━━━[0m [1m0s[0m 38ms/step - loss: 0.0031
[1m5/8[0m [32m━━━━━━━━━━━━[0m[37m━━━━━━━━[0m [1m0s[0m 15ms/step - loss: 0.0045
[1m8/8[0m [32m━━━━━━━━━━━━━━━━━━━━[0m[37m[0m [1m0s[0m 18ms/step - loss: 0.0050
Epoch 22/200

[1m1/8[0m [32m━━[0m[37m━━━━━━━━━━━━━━━━━━[0m [1m0s[0m 40ms/step - loss: 0.0039
[1m5/8[0m [32m━━━━━━━━━━━━[0m[37m━━━━━━━━[0m [1m0s[0m 14ms/step - loss: 0.0050
[1m8/8[0m [32m━━━━━━━━━━━━━━━━━━━━[0m[37m[0m [1m0s[0m 18ms/step - loss: 0.0049
Epoch 23/200

[1m1/8[0m [32m━━[0m[37m━━━━━━━━━━━━━━━━━━[0m [1m0s[0m 41ms/step - loss: 0.0044
[1m5/8[0m [32m━━━━━━━━━━━━[0m[37m━━━━━━━━[0m [1m0s[0m 15ms/step - loss: 0.0043
[1m8/8[0m [32m━━━━━━━━━━━━━━━━━━━━[0m[37m[0m [1m0s[0m 18ms/step - loss: 0.0052
Epoch 24/200

[1m1/8[0m [32m━━[0m[37m━━━━━━━━━━━━━━━━━━[0m [1m0s[0m 37ms/step - loss: 0.0035
[1m5/8[0m [32m━━━━━━━━━━━━[0m[37m━━━━━━━━[0m [1m0s[0m 15ms/step - loss: 0.0041
[1m8/8[0m [32m━━━━━━━━━━━━━━━━━━━━[0m[37m[0m [1m0s[0m 19ms/step - loss: 0.0045
Epoch 25/200

[1m1/8[0m [32m━━[0m[37m━━━━━━━━━━━━━━━━━━[0m [1m0s[0m 39ms/step - loss: 0.0021
[1m5/8[0m [32m━━━━━━━━━━━━[0m[37m━━━━━━━━[0m [1m0s[0m 15ms/step - loss: 0.0045
[1m8/8[0m [32m━━━━━━━━━━━━━━━━━━━━[0m[37m[0m [1m0s[0m 18ms/step - loss: 0.0061
Epoch 26/200

[1m1/8[0m [32m━━[0m[37m━━━━━━━━━━━━━━━━━━[0m [1m0s[0m 40ms/step - loss: 0.0037
[1m5/8[0m [32m━━━━━━━━━━━━[0m[37m━━━━━━━━[0m [1m0s[0m 14ms/step - loss: 0.0056
[1m8/8[0m [32m━━━━━━━━━━━━━━━━━━━━[0m[37m[0m [1m0s[0m 17ms/step - loss: 0.0057
Epoch 27/200

[1m1/8[0m [32m━━[0m[37m━━━━━━━━━━━━━━━━━━[0m [1m0s[0m 39ms/step - loss: 0.0069
[1m5/8[0m [32m━━━━━━━━━━━━[0m[37m━━━━━━━━[0m [1m0s[0m 15ms/step - loss: 0.0062
[1m8/8[0m [32m━━━━━━━━━━━━━━━━━━━━[0m[37m[0m [1m0s[0m 18ms/step - loss: 0.0059
Epoch 28/200

[1m1/8[0m [32m━━[0m[37m━━━━━━━━━━━━━━━━━━[0m [1m0s[0m 40ms/step - loss: 0.0092
[1m5/8[0m [32m━━━━━━━━━━━━[0m[37m━━━━━━━━[0m [1m0s[0m 16ms/step - loss: 0.0062
[1m8/8[0m [32m━━━━━━━━━━━━━━━━━━━━[0m[37m[0m [1m0s[0m 20ms/step - loss: 0.0049
Epoch 29/200

[1m1/8[0m [32m━━[0m[37m━━━━━━━━━━━━━━━━━━[0m [1m0s[0m 51ms/step - loss: 0.0041
[1m5/8[0m [32m━━━━━━━━━━━━[0m[37m━━━━━━━━[0m [1m0s[0m 16ms/step - loss: 0.0048
[1m8/8[0m [32m━━━━━━━━━━━━━━━━━━━━[0m[37m[0m [1m0s[0m 20ms/step - loss: 0.0058
Epoch 30/200

[1m1/8[0m [32m━━[0m[37m━━━━━━━━━━━━━━━━━━[0m [1m0s[0m 49ms/step - loss: 0.0060
[1m5/8[0m [32m━━━━━━━━━━━━[0m[37m━━━━━━━━[0m [1m0s[0m 15ms/step - loss: 0.0056
[1m8/8[0m [32m━━━━━━━━━━━━━━━━━━━━[0m[37m[0m [1m0s[0m 20ms/step - loss: 0.0052
Epoch 31/200

[1m1/8[0m [32m━━[0m[37m━━━━━━━━━━━━━━━━━━[0m [1m0s[0m 46ms/step - loss: 0.0048
[1m5/8[0m [32m━━━━━━━━━━━━[0m[37m━━━━━━━━[0m [1m0s[0m 16ms/step - loss: 0.0060
[1m8/8[0m [32m━━━━━━━━━━━━━━━━━━━━[0m[37m[0m [1m0s[0m 18ms/step - loss: 0.0052
Epoch 32/200

[1m1/8[0m [32m━━[0m[37m━━━━━━━━━━━━━━━━━━[0m [1m0s[0m 38ms/step - loss: 0.0046
[1m5/8[0m [32m━━━━━━━━━━━━[0m[37m━━━━━━━━[0m [1m0s[0m 14ms/step - loss: 0.0052
[1m8/8[0m [32m━━━━━━━━━━━━━━━━━━━━[0m[37m[0m [1m0s[0m 18ms/step - loss: 0.0052
Epoch 33/200

[1m1/8[0m [32m━━[0m[37m━━━━━━━━━━━━━━━━━━[0m [1m0s[0m 39ms/step - loss: 0.0043
[1m5/8[0m [32m━━━━━━━━━━━━[0m[37m━━━━━━━━[0m [1m0s[0m 15ms/step - loss: 0.0048
[1m8/8[0m [32m━━━━━━━━━━━━━━━━━━━━[0m[37m[0m [1m0s[0m 18ms/step - loss: 0.0050
Epoch 34/200

[1m1/8[0m [32m━━[0m[37m━━━━━━━━━━━━━━━━━━[0m [1m0s[0m 37ms/step - loss: 0.0053
[1m5/8[0m [32m━━━━━━━━━━━━[0m[37m━━━━━━━━[0m [1m0s[0m 15ms/step - loss: 0.0057
[1m8/8[0m [32m━━━━━━━━━━━━━━━━━━━━[0m[37m[0m [1m0s[0m 20ms/step - loss: 0.0058
Epoch 35/200

[1m1/8[0m [32m━━[0m[37m━━━━━━━━━━━━━━━━━━[0m [1m0s[0m 48ms/step - loss: 0.0025
[1m5/8[0m [32m━━━━━━━━━━━━[0m[37m━━━━━━━━[0m [1m0s[0m 15ms/step - loss: 0.0035
[1m8/8[0m [32m━━━━━━━━━━━━━━━━━━━━[0m[37m[0m [1m0s[0m 18ms/step - loss: 0.0044
Epoch 36/200

[1m1/8[0m [32m━━[0m[37m━━━━━━━━━━━━━━━━━━[0m [1m0s[0m 50ms/step - loss: 0.0049
[1m4/8[0m [32m━━━━━━━━━━[0m[37m━━━━━━━━━━[0m [1m0s[0m 18ms/step - loss: 0.0045
[1m8/8[0m [32m━━━━━━━━━━━━━━━━━━━━[0m[37m[0m [1m0s[0m 17ms/step - loss: 0.0044
[1m8/8[0m [32m━━━━━━━━━━━━━━━━━━━━[0m[37m[0m [1m0s[0m 20ms/step - loss: 0.0045
Epoch 37/200

[1m1/8[0m [32m━━[0m[37m━━━━━━━━━━━━━━━━━━[0m [1m0s[0m 43ms/step - loss: 0.0051
[1m5/8[0m [32m━━━━━━━━━━━━[0m[37m━━━━━━━━[0m [1m0s[0m 15ms/step - loss: 0.0051
[1m8/8[0m [32m━━━━━━━━━━━━━━━━━━━━[0m[37m[0m [1m0s[0m 20ms/step - loss: 0.0045
Epoch 38/200

[1m1/8[0m [32m━━[0m[37m━━━━━━━━━━━━━━━━━━[0m [1m0s[0m 47ms/step - loss: 0.0049
[1m5/8[0m [32m━━━━━━━━━━━━[0m[37m━━━━━━━━[0m [1m0s[0m 15ms/step - loss: 0.0044
[1m8/8[0m [32m━━━━━━━━━━━━━━━━━━━━[0m[37m[0m [1m0s[0m 20ms/step - loss: 0.0042
Epoch 39/200

[1m1/8[0m [32m━━[0m[37m━━━━━━━━━━━━━━━━━━[0m [1m0s[0m 47ms/step - loss: 0.0024
[1m5/8[0m [32m━━━━━━━━━━━━[0m[37m━━━━━━━━[0m [1m0s[0m 16ms/step - loss: 0.0039
[1m8/8[0m [32m━━━━━━━━━━━━━━━━━━━━[0m[37m[0m [1m0s[0m 19ms/step - loss: 0.0048
Epoch 40/200

[1m1/8[0m [32m━━[0m[37m━━━━━━━━━━━━━━━━━━[0m [1m0s[0m 40ms/step - loss: 0.0054
[1m5/8[0m [32m━━━━━━━━━━━━[0m[37m━━━━━━━━[0m [1m0s[0m 14ms/step - loss: 0.0054
[1m8/8[0m [32m━━━━━━━━━━━━━━━━━━━━[0m[37m[0m [1m0s[0m 18ms/step - loss: 0.0048
Epoch 41/200

[1m1/8[0m [32m━━[0m[37m━━━━━━━━━━━━━━━━━━[0m [1m0s[0m 40ms/step - loss: 0.0050
[1m5/8[0m [32m━━━━━━━━━━━━[0m[37m━━━━━━━━[0m [1m0s[0m 15ms/step - loss: 0.0045
[1m8/8[0m [32m━━━━━━━━━━━━━━━━━━━━[0m[37m[0m [1m0s[0m 18ms/step - loss: 0.0045
Epoch 42/200

[1m1/8[0m [32m━━[0m[37m━━━━━━━━━━━━━━━━━━[0m [1m0s[0m 41ms/step - loss: 0.0029
[1m5/8[0m [32m━━━━━━━━━━━━[0m[37m━━━━━━━━[0m [1m0s[0m 15ms/step - loss: 0.0037
[1m8/8[0m [32m━━━━━━━━━━━━━━━━━━━━[0m[37m[0m [1m0s[0m 19ms/step - loss: 0.0044
Epoch 43/200

[1m1/8[0m [32m━━[0m[37m━━━━━━━━━━━━━━━━━━[0m [1m0s[0m 40ms/step - loss: 0.0036
[1m4/8[0m [32m━━━━━━━━━━[0m[37m━━━━━━━━━━[0m [1m0s[0m 17ms/step - loss: 0.0037
[1m8/8[0m [32m━━━━━━━━━━━━━━━━━━━━[0m[37m[0m [1m0s[0m 16ms/step - loss: 0.0038
[1m8/8[0m [32m━━━━━━━━━━━━━━━━━━━━[0m[37m[0m [1m0s[0m 20ms/step - loss: 0.0042
Epoch 44/200

[1m1/8[0m [32m━━[0m[37m━━━━━━━━━━━━━━━━━━[0m [1m0s[0m 41ms/step - loss: 0.0023
[1m5/8[0m [32m━━━━━━━━━━━━[0m[37m━━━━━━━━[0m [1m0s[0m 16ms/step - loss: 0.0038
[1m8/8[0m [32m━━━━━━━━━━━━━━━━━━━━[0m[37m[0m [1m0s[0m 19ms/step - loss: 0.0046
Epoch 45/200

[1m1/8[0m [32m━━[0m[37m━━━━━━━━━━━━━━━━━━[0m [1m0s[0m 41ms/step - loss: 0.0070
[1m5/8[0m [32m━━━━━━━━━━━━[0m[37m━━━━━━━━[0m [1m0s[0m 15ms/step - loss: 0.0058
[1m8/8[0m [32m━━━━━━━━━━━━━━━━━━━━[0m[37m[0m [1m0s[0m 20ms/step - loss: 0.0054
Epoch 46/200

[1m1/8[0m [32m━━[0m[37m━━━━━━━━━━━━━━━━━━[0m [1m0s[0m 49ms/step - loss: 0.0053
[1m5/8[0m [32m━━━━━━━━━━━━[0m[37m━━━━━━━━[0m [1m0s[0m 16ms/step - loss: 0.0049
[1m8/8[0m [32m━━━━━━━━━━━━━━━━━━━━[0m[37m[0m [1m0s[0m 20ms/step - loss: 0.0046
Epoch 47/200

[1m1/8[0m [32m━━[0m[37m━━━━━━━━━━━━━━━━━━[0m [1m0s[0m 49ms/step - loss: 0.0060
[1m5/8[0m [32m━━━━━━━━━━━━[0m[37m━━━━━━━━[0m [1m0s[0m 16ms/step - loss: 0.0052
[1m8/8[0m [32m━━━━━━━━━━━━━━━━━━━━[0m[37m[0m [1m0s[0m 19ms/step - loss: 0.0053
Epoch 48/200

[1m1/8[0m [32m━━[0m[37m━━━━━━━━━━━━━━━━━━[0m [1m0s[0m 38ms/step - loss: 0.0040
[1m5/8[0m [32m━━━━━━━━━━━━[0m[37m━━━━━━━━[0m [1m0s[0m 14ms/step - loss: 0.0047
[1m8/8[0m [32m━━━━━━━━━━━━━━━━━━━━[0m[37m[0m [1m0s[0m 19ms/step - loss: 0.0048
Epoch 49/200

[1m1/8[0m [32m━━[0m[37m━━━━━━━━━━━━━━━━━━[0m [1m0s[0m 47ms/step - loss: 0.0027
[1m5/8[0m [32m━━━━━━━━━━━━[0m[37m━━━━━━━━[0m [1m0s[0m 16ms/step - loss: 0.0044
[1m8/8[0m [32m━━━━━━━━━━━━━━━━━━━━[0m[37m[0m [1m0s[0m 20ms/step - loss: 0.0055
Epoch 50/200

[1m1/8[0m [32m━━[0m[37m━━━━━━━━━━━━━━━━━━[0m [1m0s[0m 50ms/step - loss: 0.0037
[1m5/8[0m [32m━━━━━━━━━━━━[0m[37m━━━━━━━━[0m [1m0s[0m 16ms/step - loss: 0.0040
[1m8/8[0m [32m━━━━━━━━━━━━━━━━━━━━[0m[37m[0m [1m0s[0m 21ms/step - loss: 0.0045
Epoch 51/200

[1m1/8[0m [32m━━[0m[37m━━━━━━━━━━━━━━━━━━[0m [1m0s[0m 49ms/step - loss: 0.0039
[1m5/8[0m [32m━━━━━━━━━━━━[0m[37m━━━━━━━━[0m [1m0s[0m 16ms/step - loss: 0.0048
[1m8/8[0m [32m━━━━━━━━━━━━━━━━━━━━[0m[37m[0m [1m0s[0m 19ms/step - loss: 0.0046
Epoch 52/200

[1m1/8[0m [32m━━[0m[37m━━━━━━━━━━━━━━━━━━[0m [1m0s[0m 42ms/step - loss: 0.0023
[1m5/8[0m [32m━━━━━━━━━━━━[0m[37m━━━━━━━━[0m [1m0s[0m 15ms/step - loss: 0.0036
[1m8/8[0m [32m━━━━━━━━━━━━━━━━━━━━[0m[37m[0m [1m0s[0m 19ms/step - loss: 0.0047
Epoch 53/200

[1m1/8[0m [32m━━[0m[37m━━━━━━━━━━━━━━━━━━[0m [1m0s[0m 48ms/step - loss: 0.0025
[1m5/8[0m [32m━━━━━━━━━━━━[0m[37m━━━━━━━━[0m [1m0s[0m 15ms/step - loss: 0.0034
[1m8/8[0m [32m━━━━━━━━━━━━━━━━━━━━[0m[37m[0m [1m0s[0m 20ms/step - loss: 0.0046
Epoch 54/200

[1m1/8[0m [32m━━[0m[37m━━━━━━━━━━━━━━━━━━[0m [1m0s[0m 50ms/step - loss: 0.0026
[1m5/8[0m [32m━━━━━━━━━━━━[0m[37m━━━━━━━━[0m [1m0s[0m 16ms/step - loss: 0.0042
[1m8/8[0m [32m━━━━━━━━━━━━━━━━━━━━[0m[37m[0m [1m0s[0m 20ms/step - loss: 0.0039
Epoch 55/200

[1m1/8[0m [32m━━[0m[37m━━━━━━━━━━━━━━━━━━[0m [1m0s[0m 47ms/step - loss: 0.0039
[1m5/8[0m [32m━━━━━━━━━━━━[0m[37m━━━━━━━━[0m [1m0s[0m 15ms/step - loss: 0.0036
[1m8/8[0m [32m━━━━━━━━━━━━━━━━━━━━[0m[37m[0m [1m0s[0m 18ms/step - loss: 0.0047
Epoch 56/200

[1m1/8[0m [32m━━[0m[37m━━━━━━━━━━━━━━━━━━[0m [1m0s[0m 38ms/step - loss: 0.0036
[1m5/8[0m [32m━━━━━━━━━━━━[0m[37m━━━━━━━━[0m [1m0s[0m 15ms/step - loss: 0.0046
[1m8/8[0m [32m━━━━━━━━━━━━━━━━━━━━[0m[37m[0m [1m0s[0m 19ms/step - loss: 0.0050
Epoch 57/200

[1m1/8[0m [32m━━[0m[37m━━━━━━━━━━━━━━━━━━[0m [1m0s[0m 49ms/step - loss: 0.0056
[1m5/8[0m [32m━━━━━━━━━━━━[0m[37m━━━━━━━━[0m [1m0s[0m 15ms/step - loss: 0.0048
[1m8/8[0m [32m━━━━━━━━━━━━━━━━━━━━[0m[37m[0m [1m0s[0m 18ms/step - loss: 0.0036
Epoch 58/200

[1m1/8[0m [32m━━[0m[37m━━━━━━━━━━━━━━━━━━[0m [1m0s[0m 38ms/step - loss: 0.0049
[1m5/8[0m [32m━━━━━━━━━━━━[0m[37m━━━━━━━━[0m [1m0s[0m 15ms/step - loss: 0.0040
[1m8/8[0m [32m━━━━━━━━━━━━━━━━━━━━[0m[37m[0m [1m0s[0m 19ms/step - loss: 0.0041
Epoch 59/200

[1m1/8[0m [32m━━[0m[37m━━━━━━━━━━━━━━━━━━[0m [1m0s[0m 48ms/step - loss: 0.0025
[1m5/8[0m [32m━━━━━━━━━━━━[0m[37m━━━━━━━━[0m [1m0s[0m 15ms/step - loss: 0.0035
[1m8/8[0m [32m━━━━━━━━━━━━━━━━━━━━[0m[37m[0m [1m0s[0m 18ms/step - loss: 0.0037
Epoch 60/200

[1m1/8[0m [32m━━[0m[37m━━━━━━━━━━━━━━━━━━[0m [1m0s[0m 37ms/step - loss: 0.0032
[1m5/8[0m [32m━━━━━━━━━━━━[0m[37m━━━━━━━━[0m [1m0s[0m 14ms/step - loss: 0.0039
[1m8/8[0m [32m━━━━━━━━━━━━━━━━━━━━[0m[37m[0m [1m0s[0m 18ms/step - loss: 0.0041
Epoch 61/200

[1m1/8[0m [32m━━[0m[37m━━━━━━━━━━━━━━━━━━[0m [1m0s[0m 36ms/step - loss: 0.0042
[1m5/8[0m [32m━━━━━━━━━━━━[0m[37m━━━━━━━━[0m [1m0s[0m 15ms/step - loss: 0.0038
[1m8/8[0m [32m━━━━━━━━━━━━━━━━━━━━[0m[37m[0m [1m0s[0m 18ms/step - loss: 0.0040
Epoch 62/200

[1m1/8[0m [32m━━[0m[37m━━━━━━━━━━━━━━━━━━[0m [1m0s[0m 37ms/step - loss: 0.0086
[1m5/8[0m [32m━━━━━━━━━━━━[0m[37m━━━━━━━━[0m [1m0s[0m 16ms/step - loss: 0.0061
[1m8/8[0m [32m━━━━━━━━━━━━━━━━━━━━[0m[37m[0m [1m0s[0m 20ms/step - loss: 0.0043
Epoch 63/200

[1m1/8[0m [32m━━[0m[37m━━━━━━━━━━━━━━━━━━[0m [1m0s[0m 50ms/step - loss: 0.0049
[1m5/8[0m [32m━━━━━━━━━━━━[0m[37m━━━━━━━━[0m [1m0s[0m 15ms/step - loss: 0.0052
[1m8/8[0m [32m━━━━━━━━━━━━━━━━━━━━[0m[37m[0m [1m0s[0m 20ms/step - loss: 0.0043
Epoch 64/200

[1m1/8[0m [32m━━[0m[37m━━━━━━━━━━━━━━━━━━[0m [1m0s[0m 49ms/step - loss: 0.0049
[1m5/8[0m [32m━━━━━━━━━━━━[0m[37m━━━━━━━━[0m [1m0s[0m 16ms/step - loss: 0.0044
[1m8/8[0m [32m━━━━━━━━━━━━━━━━━━━━[0m[37m[0m [1m0s[0m 21ms/step - loss: 0.0045
Epoch 65/200

[1m1/8[0m [32m━━[0m[37m━━━━━━━━━━━━━━━━━━[0m [1m0s[0m 58ms/step - loss: 0.0041
[1m5/8[0m [32m━━━━━━━━━━━━[0m[37m━━━━━━━━[0m [1m0s[0m 16ms/step - loss: 0.0044
[1m8/8[0m [32m━━━━━━━━━━━━━━━━━━━━[0m[37m[0m [1m0s[0m 19ms/step - loss: 0.0041
Epoch 66/200

[1m1/8[0m [32m━━[0m[37m━━━━━━━━━━━━━━━━━━[0m [1m0s[0m 39ms/step - loss: 0.0049
[1m5/8[0m [32m━━━━━━━━━━━━[0m[37m━━━━━━━━[0m [1m0s[0m 15ms/step - loss: 0.0046
[1m8/8[0m [32m━━━━━━━━━━━━━━━━━━━━[0m[37m[0m [1m0s[0m 19ms/step - loss: 0.0042
Epoch 67/200

[1m1/8[0m [32m━━[0m[37m━━━━━━━━━━━━━━━━━━[0m [1m0s[0m 40ms/step - loss: 0.0044
[1m5/8[0m [32m━━━━━━━━━━━━[0m[37m━━━━━━━━[0m [1m0s[0m 16ms/step - loss: 0.0051
[1m8/8[0m [32m━━━━━━━━━━━━━━━━━━━━[0m[37m[0m [1m0s[0m 20ms/step - loss: 0.0048
Epoch 68/200

[1m1/8[0m [32m━━[0m[37m━━━━━━━━━━━━━━━━━━[0m [1m0s[0m 49ms/step - loss: 0.0031
[1m5/8[0m [32m━━━━━━━━━━━━[0m[37m━━━━━━━━[0m [1m0s[0m 15ms/step - loss: 0.0038
[1m8/8[0m [32m━━━━━━━━━━━━━━━━━━━━[0m[37m[0m [1m0s[0m 17ms/step - loss: 0.0044
Epoch 69/200

[1m1/8[0m [32m━━[0m[37m━━━━━━━━━━━━━━━━━━[0m [1m0s[0m 37ms/step - loss: 0.0034
[1m5/8[0m [32m━━━━━━━━━━━━[0m[37m━━━━━━━━[0m [1m0s[0m 14ms/step - loss: 0.0039
[1m8/8[0m [32m━━━━━━━━━━━━━━━━━━━━[0m[37m[0m [1m0s[0m 17ms/step - loss: 0.0039
Epoch 70/200

[1m1/8[0m [32m━━[0m[37m━━━━━━━━━━━━━━━━━━[0m [1m0s[0m 38ms/step - loss: 0.0079
[1m5/8[0m [32m━━━━━━━━━━━━[0m[37m━━━━━━━━[0m [1m0s[0m 14ms/step - loss: 0.0053
[1m8/8[0m [32m━━━━━━━━━━━━━━━━━━━━[0m[37m[0m [1m0s[0m 17ms/step - loss: 0.0042
Epoch 71/200

[1m1/8[0m [32m━━[0m[37m━━━━━━━━━━━━━━━━━━[0m [1m0s[0m 38ms/step - loss: 0.0018
[1m5/8[0m [32m━━━━━━━━━━━━[0m[37m━━━━━━━━[0m [1m0s[0m 15ms/step - loss: 0.0029
[1m8/8[0m [32m━━━━━━━━━━━━━━━━━━━━[0m[37m[0m [1m0s[0m 20ms/step - loss: 0.0045
Epoch 72/200

[1m1/8[0m [32m━━[0m[37m━━━━━━━━━━━━━━━━━━[0m [1m0s[0m 52ms/step - loss: 0.0023
[1m4/8[0m [32m━━━━━━━━━━[0m[37m━━━━━━━━━━[0m [1m0s[0m 18ms/step - loss: 0.0030
[1m8/8[0m [32m━━━━━━━━━━━━━━━━━━━━[0m[37m[0m [1m0s[0m 16ms/step - loss: 0.0035
[1m8/8[0m [32m━━━━━━━━━━━━━━━━━━━━[0m[37m[0m [1m0s[0m 19ms/step - loss: 0.0040
Epoch 73/200

[1m1/8[0m [32m━━[0m[37m━━━━━━━━━━━━━━━━━━[0m [1m0s[0m 41ms/step - loss: 0.0062
[1m5/8[0m [32m━━━━━━━━━━━━[0m[37m━━━━━━━━[0m [1m0s[0m 14ms/step - loss: 0.0055
[1m8/8[0m [32m━━━━━━━━━━━━━━━━━━━━[0m[37m[0m [1m0s[0m 19ms/step - loss: 0.0045
Epoch 74/200

[1m1/8[0m [32m━━[0m[37m━━━━━━━━━━━━━━━━━━[0m [1m0s[0m 48ms/step - loss: 0.0037
[1m5/8[0m [32m━━━━━━━━━━━━[0m[37m━━━━━━━━[0m [1m0s[0m 15ms/step - loss: 0.0038
[1m8/8[0m [32m━━━━━━━━━━━━━━━━━━━━[0m[37m[0m [1m0s[0m 20ms/step - loss: 0.0043
Epoch 75/200

[1m1/8[0m [32m━━[0m[37m━━━━━━━━━━━━━━━━━━[0m [1m0s[0m 49ms/step - loss: 0.0036
[1m5/8[0m [32m━━━━━━━━━━━━[0m[37m━━━━━━━━[0m [1m0s[0m 16ms/step - loss: 0.0037
[1m8/8[0m [32m━━━━━━━━━━━━━━━━━━━━[0m[37m[0m [1m0s[0m 19ms/step - loss: 0.0036
Epoch 76/200

[1m1/8[0m [32m━━[0m[37m━━━━━━━━━━━━━━━━━━[0m [1m0s[0m 40ms/step - loss: 0.0035
[1m5/8[0m [32m━━━━━━━━━━━━[0m[37m━━━━━━━━[0m [1m0s[0m 15ms/step - loss: 0.0039
[1m8/8[0m [32m━━━━━━━━━━━━━━━━━━━━[0m[37m[0m [1m0s[0m 20ms/step - loss: 0.0044
Epoch 77/200

[1m1/8[0m [32m━━[0m[37m━━━━━━━━━━━━━━━━━━[0m [1m0s[0m 51ms/step - loss: 0.0045
[1m5/8[0m [32m━━━━━━━━━━━━[0m[37m━━━━━━━━[0m [1m0s[0m 16ms/step - loss: 0.0045
[1m8/8[0m [32m━━━━━━━━━━━━━━━━━━━━[0m[37m[0m [1m0s[0m 18ms/step - loss: 0.0048
Epoch 78/200

[1m1/8[0m [32m━━[0m[37m━━━━━━━━━━━━━━━━━━[0m [1m0s[0m 41ms/step - loss: 0.0024
[1m5/8[0m [32m━━━━━━━━━━━━[0m[37m━━━━━━━━[0m [1m0s[0m 16ms/step - loss: 0.0036
[1m8/8[0m [32m━━━━━━━━━━━━━━━━━━━━[0m[37m[0m [1m0s[0m 16ms/step - loss: 0.0039
[1m8/8[0m [32m━━━━━━━━━━━━━━━━━━━━[0m[37m[0m [1m0s[0m 21ms/step - loss: 0.0045
Epoch 79/200

[1m1/8[0m [32m━━[0m[37m━━━━━━━━━━━━━━━━━━[0m [1m0s[0m 49ms/step - loss: 0.0048
[1m5/8[0m [32m━━━━━━━━━━━━[0m[37m━━━━━━━━[0m [1m0s[0m 16ms/step - loss: 0.0043
[1m8/8[0m [32m━━━━━━━━━━━━━━━━━━━━[0m[37m[0m [1m0s[0m 19ms/step - loss: 0.0043
Epoch 80/200

[1m1/8[0m [32m━━[0m[37m━━━━━━━━━━━━━━━━━━[0m [1m0s[0m 40ms/step - loss: 0.0032
[1m5/8[0m [32m━━━━━━━━━━━━[0m[37m━━━━━━━━[0m [1m0s[0m 17ms/step - loss: 0.0032
[1m8/8[0m [32m━━━━━━━━━━━━━━━━━━━━[0m[37m[0m [1m0s[0m 19ms/step - loss: 0.0037
Epoch 81/200

[1m1/8[0m [32m━━[0m[37m━━━━━━━━━━━━━━━━━━[0m [1m0s[0m 42ms/step - loss: 0.0032
[1m3/8[0m [32m━━━━━━━[0m[37m━━━━━━━━━━━━━[0m [1m0s[0m 34ms/step - loss: 0.0035
[1m6/8[0m [32m━━━━━━━━━━━━━━━[0m[37m━━━━━[0m [1m0s[0m 24ms/step - loss: 0.0036
[1m8/8[0m [32m━━━━━━━━━━━━━━━━━━━━[0m[37m[0m [1m0s[0m 27ms/step - loss: 0.0041
Epoch 82/200

[1m1/8[0m [32m━━[0m[37m━━━━━━━━━━━━━━━━━━[0m [1m0s[0m 53ms/step - loss: 0.0021
[1m5/8[0m [32m━━━━━━━━━━━━[0m[37m━━━━━━━━[0m [1m0s[0m 15ms/step - loss: 0.0025
[1m8/8[0m [32m━━━━━━━━━━━━━━━━━━━━[0m[37m[0m [1m0s[0m 18ms/step - loss: 0.0035
Epoch 83/200

[1m1/8[0m [32m━━[0m[37m━━━━━━━━━━━━━━━━━━[0m [1m0s[0m 42ms/step - loss: 0.0048
[1m5/8[0m [32m━━━━━━━━━━━━[0m[37m━━━━━━━━[0m [1m0s[0m 14ms/step - loss: 0.0047
[1m8/8[0m [32m━━━━━━━━━━━━━━━━━━━━[0m[37m[0m [1m0s[0m 17ms/step - loss: 0.0043
Epoch 84/200

[1m1/8[0m [32m━━[0m[37m━━━━━━━━━━━━━━━━━━[0m [1m0s[0m 39ms/step - loss: 0.0036
[1m5/8[0m [32m━━━━━━━━━━━━[0m[37m━━━━━━━━[0m [1m0s[0m 13ms/step - loss: 0.0036
[1m8/8[0m [32m━━━━━━━━━━━━━━━━━━━━[0m[37m[0m [1m0s[0m 19ms/step - loss: 0.0042
Epoch 85/200

[1m1/8[0m [32m━━[0m[37m━━━━━━━━━━━━━━━━━━[0m [1m0s[0m 50ms/step - loss: 0.0022
[1m5/8[0m [32m━━━━━━━━━━━━[0m[37m━━━━━━━━[0m [1m0s[0m 16ms/step - loss: 0.0033
[1m8/8[0m [32m━━━━━━━━━━━━━━━━━━━━[0m[37m[0m [1m0s[0m 18ms/step - loss: 0.0041
Epoch 86/200

[1m1/8[0m [32m━━[0m[37m━━━━━━━━━━━━━━━━━━[0m [1m0s[0m 40ms/step - loss: 0.0035
[1m5/8[0m [32m━━━━━━━━━━━━[0m[37m━━━━━━━━[0m [1m0s[0m 16ms/step - loss: 0.0032
[1m8/8[0m [32m━━━━━━━━━━━━━━━━━━━━[0m[37m[0m [1m0s[0m 20ms/step - loss: 0.0038
Epoch 87/200

[1m1/8[0m [32m━━[0m[37m━━━━━━━━━━━━━━━━━━[0m [1m0s[0m 52ms/step - loss: 0.0033
[1m5/8[0m [32m━━━━━━━━━━━━[0m[37m━━━━━━━━[0m [1m0s[0m 20ms/step - loss: 0.0036
[1m7/8[0m [32m━━━━━━━━━━━━━━━━━[0m[37m━━━[0m [1m0s[0m 22ms/step - loss: 0.0036
[1m8/8[0m [32m━━━━━━━━━━━━━━━━━━━━[0m[37m[0m [1m0s[0m 24ms/step - loss: 0.0037
Epoch 88/200

[1m1/8[0m [32m━━[0m[37m━━━━━━━━━━━━━━━━━━[0m [1m0s[0m 42ms/step - loss: 0.0057
[1m5/8[0m [32m━━━━━━━━━━━━[0m[37m━━━━━━━━[0m [1m0s[0m 15ms/step - loss: 0.0050
[1m8/8[0m [32m━━━━━━━━━━━━━━━━━━━━[0m[37m[0m [1m0s[0m 20ms/step - loss: 0.0043
Epoch 89/200

[1m1/8[0m [32m━━[0m[37m━━━━━━━━━━━━━━━━━━[0m [1m0s[0m 48ms/step - loss: 0.0036
[1m5/8[0m [32m━━━━━━━━━━━━[0m[37m━━━━━━━━[0m [1m0s[0m 15ms/step - loss: 0.0042
[1m8/8[0m [32m━━━━━━━━━━━━━━━━━━━━[0m[37m[0m [1m0s[0m 17ms/step - loss: 0.0045
Epoch 90/200

[1m1/8[0m [32m━━[0m[37m━━━━━━━━━━━━━━━━━━[0m [1m0s[0m 38ms/step - loss: 0.0053
[1m5/8[0m [32m━━━━━━━━━━━━[0m[37m━━━━━━━━[0m [1m0s[0m 14ms/step - loss: 0.0046
[1m8/8[0m [32m━━━━━━━━━━━━━━━━━━━━[0m[37m[0m [1m0s[0m 17ms/step - loss: 0.0035
Epoch 91/200

[1m1/8[0m [32m━━[0m[37m━━━━━━━━━━━━━━━━━━[0m [1m0s[0m 42ms/step - loss: 0.0043
[1m5/8[0m [32m━━━━━━━━━━━━[0m[37m━━━━━━━━[0m [1m0s[0m 15ms/step - loss: 0.0037
[1m8/8[0m [32m━━━━━━━━━━━━━━━━━━━━[0m[37m[0m [1m0s[0m 18ms/step - loss: 0.0042
Epoch 92/200

[1m1/8[0m [32m━━[0m[37m━━━━━━━━━━━━━━━━━━[0m [1m0s[0m 43ms/step - loss: 0.0041
[1m5/8[0m [32m━━━━━━━━━━━━[0m[37m━━━━━━━━[0m [1m0s[0m 15ms/step - loss: 0.0041
[1m8/8[0m [32m━━━━━━━━━━━━━━━━━━━━[0m[37m[0m [1m0s[0m 16ms/step - loss: 0.0040
[1m8/8[0m [32m━━━━━━━━━━━━━━━━━━━━[0m[37m[0m [1m0s[0m 20ms/step - loss: 0.0037
Epoch 93/200

[1m1/8[0m [32m━━[0m[37m━━━━━━━━━━━━━━━━━━[0m [1m0s[0m 44ms/step - loss: 0.0057
[1m3/8[0m [32m━━━━━━━[0m[37m━━━━━━━━━━━━━[0m [1m0s[0m 25ms/step - loss: 0.0048
[1m6/8[0m [32m━━━━━━━━━━━━━━━[0m[37m━━━━━[0m [1m0s[0m 25ms/step - loss: 0.0044
[1m8/8[0m [32m━━━━━━━━━━━━━━━━━━━━[0m[37m[0m [1m0s[0m 27ms/step - loss: 0.0044
Epoch 94/200

[1m1/8[0m [32m━━[0m[37m━━━━━━━━━━━━━━━━━━[0m [1m0s[0m 41ms/step - loss: 0.0036
[1m5/8[0m [32m━━━━━━━━━━━━[0m[37m━━━━━━━━[0m [1m0s[0m 14ms/step - loss: 0.0040
[1m8/8[0m [32m━━━━━━━━━━━━━━━━━━━━[0m[37m[0m [1m0s[0m 19ms/step - loss: 0.0044
Epoch 95/200

[1m1/8[0m [32m━━[0m[37m━━━━━━━━━━━━━━━━━━[0m [1m0s[0m 50ms/step - loss: 0.0038
[1m5/8[0m [32m━━━━━━━━━━━━[0m[37m━━━━━━━━[0m [1m0s[0m 15ms/step - loss: 0.0038
[1m8/8[0m [32m━━━━━━━━━━━━━━━━━━━━[0m[37m[0m [1m0s[0m 18ms/step - loss: 0.0035
Epoch 96/200

[1m1/8[0m [32m━━[0m[37m━━━━━━━━━━━━━━━━━━[0m [1m0s[0m 41ms/step - loss: 0.0023
[1m5/8[0m [32m━━━━━━━━━━━━[0m[37m━━━━━━━━[0m [1m0s[0m 15ms/step - loss: 0.0040
[1m8/8[0m [32m━━━━━━━━━━━━━━━━━━━━[0m[37m[0m [1m0s[0m 18ms/step - loss: 0.0043
Epoch 97/200

[1m1/8[0m [32m━━[0m[37m━━━━━━━━━━━━━━━━━━[0m [1m0s[0m 38ms/step - loss: 0.0032
[1m5/8[0m [32m━━━━━━━━━━━━[0m[37m━━━━━━━━[0m [1m0s[0m 13ms/step - loss: 0.0040
[1m8/8[0m [32m━━━━━━━━━━━━━━━━━━━━[0m[37m[0m [1m0s[0m 16ms/step - loss: 0.0035
Epoch 98/200

[1m1/8[0m [32m━━[0m[37m━━━━━━━━━━━━━━━━━━[0m [1m0s[0m 44ms/step - loss: 0.0059
[1m5/8[0m [32m━━━━━━━━━━━━[0m[37m━━━━━━━━[0m [1m0s[0m 16ms/step - loss: 0.0041
[1m8/8[0m [32m━━━━━━━━━━━━━━━━━━━━[0m[37m[0m [1m0s[0m 20ms/step - loss: 0.0035
Epoch 99/200

[1m1/8[0m [32m━━[0m[37m━━━━━━━━━━━━━━━━━━[0m [1m0s[0m 62ms/step - loss: 0.0050
[1m4/8[0m [32m━━━━━━━━━━[0m[37m━━━━━━━━━━[0m [1m0s[0m 20ms/step - loss: 0.0049
[1m7/8[0m [32m━━━━━━━━━━━━━━━━━[0m[37m━━━[0m [1m0s[0m 19ms/step - loss: 0.0050
[1m8/8[0m [32m━━━━━━━━━━━━━━━━━━━━[0m[37m[0m [1m0s[0m 25ms/step - loss: 0.0046
Epoch 100/200

[1m1/8[0m [32m━━[0m[37m━━━━━━━━━━━━━━━━━━[0m [1m0s[0m 80ms/step - loss: 0.0031
[1m5/8[0m [32m━━━━━━━━━━━━[0m[37m━━━━━━━━[0m [1m0s[0m 15ms/step - loss: 0.0038
[1m8/8[0m [32m━━━━━━━━━━━━━━━━━━━━[0m[37m[0m [1m0s[0m 20ms/step - loss: 0.0039
Epoch 101/200

[1m1/8[0m [32m━━[0m[37m━━━━━━━━━━━━━━━━━━[0m [1m0s[0m 50ms/step - loss: 0.0037
[1m5/8[0m [32m━━━━━━━━━━━━[0m[37m━━━━━━━━[0m [1m0s[0m 16ms/step - loss: 0.0033
[1m8/8[0m [32m━━━━━━━━━━━━━━━━━━━━[0m[37m[0m [1m0s[0m 20ms/step - loss: 0.0036
Epoch 102/200

[1m1/8[0m [32m━━[0m[37m━━━━━━━━━━━━━━━━━━[0m [1m0s[0m 51ms/step - loss: 0.0030
[1m4/8[0m [32m━━━━━━━━━━[0m[37m━━━━━━━━━━[0m [1m0s[0m 17ms/step - loss: 0.0037
[1m8/8[0m [32m━━━━━━━━━━━━━━━━━━━━[0m[37m[0m [1m0s[0m 16ms/step - loss: 0.0037
[1m8/8[0m [32m━━━━━━━━━━━━━━━━━━━━[0m[37m[0m [1m0s[0m 19ms/step - loss: 0.0039
Epoch 103/200

[1m1/8[0m [32m━━[0m[37m━━━━━━━━━━━━━━━━━━[0m [1m0s[0m 44ms/step - loss: 0.0035
[1m5/8[0m [32m━━━━━━━━━━━━[0m[37m━━━━━━━━[0m [1m0s[0m 13ms/step - loss: 0.0038
[1m8/8[0m [32m━━━━━━━━━━━━━━━━━━━━[0m[37m[0m [1m0s[0m 16ms/step - loss: 0.0047
Epoch 104/200

[1m1/8[0m [32m━━[0m[37m━━━━━━━━━━━━━━━━━━[0m [1m0s[0m 43ms/step - loss: 0.0028
[1m5/8[0m [32m━━━━━━━━━━━━[0m[37m━━━━━━━━[0m [1m0s[0m 16ms/step - loss: 0.0040
[1m8/8[0m [32m━━━━━━━━━━━━━━━━━━━━[0m[37m[0m [1m0s[0m 19ms/step - loss: 0.0043
Epoch 105/200

[1m1/8[0m [32m━━[0m[37m━━━━━━━━━━━━━━━━━━[0m [1m0s[0m 46ms/step - loss: 0.0042
[1m6/8[0m [32m━━━━━━━━━━━━━━━[0m[37m━━━━━[0m [1m0s[0m 12ms/step - loss: 0.0046
[1m8/8[0m [32m━━━━━━━━━━━━━━━━━━━━[0m[37m[0m [1m0s[0m 15ms/step - loss: 0.0046
Epoch 106/200

[1m1/8[0m [32m━━[0m[37m━━━━━━━━━━━━━━━━━━[0m [1m0s[0m 42ms/step - loss: 0.0028
[1m4/8[0m [32m━━━━━━━━━━[0m[37m━━━━━━━━━━[0m [1m0s[0m 31ms/step - loss: 0.0028
[1m8/8[0m [32m━━━━━━━━━━━━━━━━━━━━[0m[37m[0m [1m0s[0m 22ms/step - loss: 0.0031
[1m8/8[0m [32m━━━━━━━━━━━━━━━━━━━━[0m[37m[0m [1m0s[0m 25ms/step - loss: 0.0032
Epoch 107/200

[1m1/8[0m [32m━━[0m[37m━━━━━━━━━━━━━━━━━━[0m [1m0s[0m 42ms/step - loss: 0.0047
[1m5/8[0m [32m━━━━━━━━━━━━[0m[37m━━━━━━━━[0m [1m0s[0m 16ms/step - loss: 0.0038
[1m8/8[0m [32m━━━━━━━━━━━━━━━━━━━━[0m[37m[0m [1m0s[0m 18ms/step - loss: 0.0035
Epoch 108/200

[1m1/8[0m [32m━━[0m[37m━━━━━━━━━━━━━━━━━━[0m [1m0s[0m 43ms/step - loss: 0.0024
[1m5/8[0m [32m━━━━━━━━━━━━[0m[37m━━━━━━━━[0m [1m0s[0m 15ms/step - loss: 0.0031
[1m8/8[0m [32m━━━━━━━━━━━━━━━━━━━━[0m[37m[0m [1m0s[0m 19ms/step - loss: 0.0037
Epoch 109/200

[1m1/8[0m [32m━━[0m[37m━━━━━━━━━━━━━━━━━━[0m [1m0s[0m 44ms/step - loss: 0.0049
[1m5/8[0m [32m━━━━━━━━━━━━[0m[37m━━━━━━━━[0m [1m0s[0m 15ms/step - loss: 0.0043
[1m8/8[0m [32m━━━━━━━━━━━━━━━━━━━━[0m[37m[0m [1m0s[0m 20ms/step - loss: 0.0040
Epoch 110/200

[1m1/8[0m [32m━━[0m[37m━━━━━━━━━━━━━━━━━━[0m [1m0s[0m 51ms/step - loss: 0.0070
[1m5/8[0m [32m━━━━━━━━━━━━[0m[37m━━━━━━━━[0m [1m0s[0m 16ms/step - loss: 0.0051
[1m8/8[0m [32m━━━━━━━━━━━━━━━━━━━━[0m[37m[0m [1m0s[0m 20ms/step - loss: 0.0047
Epoch 111/200

[1m1/8[0m [32m━━[0m[37m━━━━━━━━━━━━━━━━━━[0m [1m0s[0m 52ms/step - loss: 0.0038
[1m5/8[0m [32m━━━━━━━━━━━━[0m[37m━━━━━━━━[0m [1m0s[0m 15ms/step - loss: 0.0038
[1m8/8[0m [32m━━━━━━━━━━━━━━━━━━━━[0m[37m[0m [1m0s[0m 17ms/step - loss: 0.0037
Epoch 112/200

[1m1/8[0m [32m━━[0m[37m━━━━━━━━━━━━━━━━━━[0m [1m0s[0m 43ms/step - loss: 0.0056
[1m5/8[0m [32m━━━━━━━━━━━━[0m[37m━━━━━━━━[0m [1m0s[0m 15ms/step - loss: 0.0047
[1m8/8[0m [32m━━━━━━━━━━━━━━━━━━━━[0m[37m[0m [1m0s[0m 18ms/step - loss: 0.0040
Epoch 113/200

[1m1/8[0m [32m━━[0m[37m━━━━━━━━━━━━━━━━━━[0m [1m0s[0m 39ms/step - loss: 0.0047
[1m5/8[0m [32m━━━━━━━━━━━━[0m[37m━━━━━━━━[0m [1m0s[0m 15ms/step - loss: 0.0041
[1m8/8[0m [32m━━━━━━━━━━━━━━━━━━━━[0m[37m[0m [1m0s[0m 20ms/step - loss: 0.0037
Epoch 114/200

[1m1/8[0m [32m━━[0m[37m━━━━━━━━━━━━━━━━━━[0m [1m0s[0m 48ms/step - loss: 0.0022
[1m5/8[0m [32m━━━━━━━━━━━━[0m[37m━━━━━━━━[0m [1m0s[0m 15ms/step - loss: 0.0034
[1m8/8[0m [32m━━━━━━━━━━━━━━━━━━━━[0m[37m[0m [1m0s[0m 20ms/step - loss: 0.0043
Epoch 115/200

[1m1/8[0m [32m━━[0m[37m━━━━━━━━━━━━━━━━━━[0m [1m0s[0m 46ms/step - loss: 0.0056
[1m5/8[0m [32m━━━━━━━━━━━━[0m[37m━━━━━━━━[0m [1m0s[0m 15ms/step - loss: 0.0048
[1m8/8[0m [32m━━━━━━━━━━━━━━━━━━━━[0m[37m[0m [1m0s[0m 20ms/step - loss: 0.0044
Epoch 116/200

[1m1/8[0m [32m━━[0m[37m━━━━━━━━━━━━━━━━━━[0m [1m0s[0m 51ms/step - loss: 0.0048
[1m5/8[0m [32m━━━━━━━━━━━━[0m[37m━━━━━━━━[0m [1m0s[0m 15ms/step - loss: 0.0038
[1m8/8[0m [32m━━━━━━━━━━━━━━━━━━━━[0m[37m[0m [1m0s[0m 20ms/step - loss: 0.0036
Epoch 117/200

[1m1/8[0m [32m━━[0m[37m━━━━━━━━━━━━━━━━━━[0m [1m0s[0m 50ms/step - loss: 0.0036
[1m5/8[0m [32m━━━━━━━━━━━━[0m[37m━━━━━━━━[0m [1m0s[0m 14ms/step - loss: 0.0042
[1m8/8[0m [32m━━━━━━━━━━━━━━━━━━━━[0m[37m[0m [1m0s[0m 17ms/step - loss: 0.0036
Epoch 118/200

[1m1/8[0m [32m━━[0m[37m━━━━━━━━━━━━━━━━━━[0m [1m0s[0m 43ms/step - loss: 0.0031
[1m5/8[0m [32m━━━━━━━━━━━━[0m[37m━━━━━━━━[0m [1m0s[0m 15ms/step - loss: 0.0033
[1m8/8[0m [32m━━━━━━━━━━━━━━━━━━━━[0m[37m[0m [1m0s[0m 18ms/step - loss: 0.0035
Epoch 119/200

[1m1/8[0m [32m━━[0m[37m━━━━━━━━━━━━━━━━━━[0m [1m0s[0m 43ms/step - loss: 0.0026
[1m5/8[0m [32m━━━━━━━━━━━━[0m[37m━━━━━━━━[0m [1m0s[0m 16ms/step - loss: 0.0032
[1m8/8[0m [32m━━━━━━━━━━━━━━━━━━━━[0m[37m[0m [1m0s[0m 20ms/step - loss: 0.0041
Epoch 120/200

[1m1/8[0m [32m━━[0m[37m━━━━━━━━━━━━━━━━━━[0m [1m0s[0m 60ms/step - loss: 0.0030
[1m4/8[0m [32m━━━━━━━━━━[0m[37m━━━━━━━━━━[0m [1m0s[0m 18ms/step - loss: 0.0032
[1m8/8[0m [32m━━━━━━━━━━━━━━━━━━━━[0m[37m[0m [1m0s[0m 16ms/step - loss: 0.0034
[1m8/8[0m [32m━━━━━━━━━━━━━━━━━━━━[0m[37m[0m [1m0s[0m 21ms/step - loss: 0.0037
Epoch 121/200

[1m1/8[0m [32m━━[0m[37m━━━━━━━━━━━━━━━━━━[0m [1m0s[0m 52ms/step - loss: 0.0033
[1m4/8[0m [32m━━━━━━━━━━[0m[37m━━━━━━━━━━[0m [1m0s[0m 25ms/step - loss: 0.0033
[1m7/8[0m [32m━━━━━━━━━━━━━━━━━[0m[37m━━━[0m [1m0s[0m 23ms/step - loss: 0.0034
[1m8/8[0m [32m━━━━━━━━━━━━━━━━━━━━[0m[37m[0m [1m0s[0m 27ms/step - loss: 0.0034
Epoch 122/200

[1m1/8[0m [32m━━[0m[37m━━━━━━━━━━━━━━━━━━[0m [1m0s[0m 64ms/step - loss: 0.0048
[1m4/8[0m [32m━━━━━━━━━━[0m[37m━━━━━━━━━━[0m [1m0s[0m 17ms/step - loss: 0.0041
[1m7/8[0m [32m━━━━━━━━━━━━━━━━━[0m[37m━━━[0m [1m0s[0m 18ms/step - loss: 0.0040
[1m8/8[0m [32m━━━━━━━━━━━━━━━━━━━━[0m[37m[0m [1m0s[0m 20ms/step - loss: 0.0038
Epoch 123/200

[1m1/8[0m [32m━━[0m[37m━━━━━━━━━━━━━━━━━━[0m [1m0s[0m 46ms/step - loss: 0.0047
[1m5/8[0m [32m━━━━━━━━━━━━[0m[37m━━━━━━━━[0m [1m0s[0m 16ms/step - loss: 0.0040
[1m8/8[0m [32m━━━━━━━━━━━━━━━━━━━━[0m[37m[0m [1m0s[0m 19ms/step - loss: 0.0034
Epoch 124/200

[1m1/8[0m [32m━━[0m[37m━━━━━━━━━━━━━━━━━━[0m [1m0s[0m 41ms/step - loss: 0.0038
[1m5/8[0m [32m━━━━━━━━━━━━[0m[37m━━━━━━━━[0m [1m0s[0m 15ms/step - loss: 0.0039
[1m8/8[0m [32m━━━━━━━━━━━━━━━━━━━━[0m[37m[0m [1m0s[0m 19ms/step - loss: 0.0038
Epoch 125/200

[1m1/8[0m [32m━━[0m[37m━━━━━━━━━━━━━━━━━━[0m [1m0s[0m 47ms/step - loss: 0.0033
[1m5/8[0m [32m━━━━━━━━━━━━[0m[37m━━━━━━━━[0m [1m0s[0m 15ms/step - loss: 0.0037
[1m8/8[0m [32m━━━━━━━━━━━━━━━━━━━━[0m[37m[0m [1m0s[0m 17ms/step - loss: 0.0037
Epoch 126/200

[1m1/8[0m [32m━━[0m[37m━━━━━━━━━━━━━━━━━━[0m [1m0s[0m 41ms/step - loss: 0.0018
[1m4/8[0m [32m━━━━━━━━━━[0m[37m━━━━━━━━━━[0m [1m0s[0m 17ms/step - loss: 0.0025
[1m7/8[0m [32m━━━━━━━━━━━━━━━━━[0m[37m━━━[0m [1m0s[0m 18ms/step - loss: 0.0031
[1m8/8[0m [32m━━━━━━━━━━━━━━━━━━━━[0m[37m[0m [1m0s[0m 21ms/step - loss: 0.0039
Epoch 127/200

[1m1/8[0m [32m━━[0m[37m━━━━━━━━━━━━━━━━━━[0m [1m0s[0m 41ms/step - loss: 0.0040
[1m5/8[0m [32m━━━━━━━━━━━━[0m[37m━━━━━━━━[0m [1m0s[0m 15ms/step - loss: 0.0038
[1m8/8[0m [32m━━━━━━━━━━━━━━━━━━━━[0m[37m[0m [1m0s[0m 20ms/step - loss: 0.0036
Epoch 128/200

[1m1/8[0m [32m━━[0m[37m━━━━━━━━━━━━━━━━━━[0m [1m0s[0m 49ms/step - loss: 0.0043
[1m5/8[0m [32m━━━━━━━━━━━━[0m[37m━━━━━━━━[0m [1m0s[0m 15ms/step - loss: 0.0042
[1m8/8[0m [32m━━━━━━━━━━━━━━━━━━━━[0m[37m[0m [1m0s[0m 19ms/step - loss: 0.0044
Epoch 129/200

[1m1/8[0m [32m━━[0m[37m━━━━━━━━━━━━━━━━━━[0m [1m0s[0m 40ms/step - loss: 0.0021
[1m4/8[0m [32m━━━━━━━━━━[0m[37m━━━━━━━━━━[0m [1m0s[0m 20ms/step - loss: 0.0029
[1m6/8[0m [32m━━━━━━━━━━━━━━━[0m[37m━━━━━[0m [1m0s[0m 22ms/step - loss: 0.0031
[1m8/8[0m [32m━━━━━━━━━━━━━━━━━━━━[0m[37m[0m [1m0s[0m 25ms/step - loss: 0.0036
Epoch 130/200

[1m1/8[0m [32m━━[0m[37m━━━━━━━━━━━━━━━━━━[0m [1m0s[0m 56ms/step - loss: 0.0041
[1m4/8[0m [32m━━━━━━━━━━[0m[37m━━━━━━━━━━[0m [1m0s[0m 18ms/step - loss: 0.0041
[1m8/8[0m [32m━━━━━━━━━━━━━━━━━━━━[0m[37m[0m [1m0s[0m 16ms/step - loss: 0.0040
[1m8/8[0m [32m━━━━━━━━━━━━━━━━━━━━[0m[37m[0m [1m0s[0m 19ms/step - loss: 0.0039
Epoch 131/200

[1m1/8[0m [32m━━[0m[37m━━━━━━━━━━━━━━━━━━[0m [1m0s[0m 44ms/step - loss: 0.0053
[1m5/8[0m [32m━━━━━━━━━━━━[0m[37m━━━━━━━━[0m [1m0s[0m 14ms/step - loss: 0.0038
[1m8/8[0m [32m━━━━━━━━━━━━━━━━━━━━[0m[37m[0m [1m0s[0m 19ms/step - loss: 0.0040
Epoch 132/200

[1m1/8[0m [32m━━[0m[37m━━━━━━━━━━━━━━━━━━[0m [1m0s[0m 45ms/step - loss: 0.0040
[1m5/8[0m [32m━━━━━━━━━━━━[0m[37m━━━━━━━━[0m [1m0s[0m 14ms/step - loss: 0.0041
[1m8/8[0m [32m━━━━━━━━━━━━━━━━━━━━[0m[37m[0m [1m0s[0m 17ms/step - loss: 0.0040
Epoch 133/200

[1m1/8[0m [32m━━[0m[37m━━━━━━━━━━━━━━━━━━[0m [1m0s[0m 40ms/step - loss: 0.0043
[1m5/8[0m [32m━━━━━━━━━━━━[0m[37m━━━━━━━━[0m [1m0s[0m 14ms/step - loss: 0.0036
[1m8/8[0m [32m━━━━━━━━━━━━━━━━━━━━[0m[37m[0m [1m0s[0m 18ms/step - loss: 0.0032
Epoch 134/200

[1m1/8[0m [32m━━[0m[37m━━━━━━━━━━━━━━━━━━[0m [1m0s[0m 38ms/step - loss: 0.0037
[1m5/8[0m [32m━━━━━━━━━━━━[0m[37m━━━━━━━━[0m [1m0s[0m 15ms/step - loss: 0.0040
[1m8/8[0m [32m━━━━━━━━━━━━━━━━━━━━[0m[37m[0m [1m0s[0m 20ms/step - loss: 0.0040
Epoch 135/200

[1m1/8[0m [32m━━[0m[37m━━━━━━━━━━━━━━━━━━[0m [1m0s[0m 60ms/step - loss: 0.0068
[1m5/8[0m [32m━━━━━━━━━━━━[0m[37m━━━━━━━━[0m [1m0s[0m 16ms/step - loss: 0.0052
[1m8/8[0m [32m━━━━━━━━━━━━━━━━━━━━[0m[37m[0m [1m0s[0m 19ms/step - loss: 0.0046
Epoch 136/200

[1m1/8[0m [32m━━[0m[37m━━━━━━━━━━━━━━━━━━[0m [1m0s[0m 46ms/step - loss: 0.0024
[1m5/8[0m [32m━━━━━━━━━━━━[0m[37m━━━━━━━━[0m [1m0s[0m 16ms/step - loss: 0.0027
[1m8/8[0m [32m━━━━━━━━━━━━━━━━━━━━[0m[37m[0m [1m0s[0m 19ms/step - loss: 0.0030
Epoch 137/200

[1m1/8[0m [32m━━[0m[37m━━━━━━━━━━━━━━━━━━[0m [1m0s[0m 51ms/step - loss: 0.0023
[1m5/8[0m [32m━━━━━━━━━━━━[0m[37m━━━━━━━━[0m [1m0s[0m 15ms/step - loss: 0.0026
[1m8/8[0m [32m━━━━━━━━━━━━━━━━━━━━[0m[37m[0m [1m0s[0m 18ms/step - loss: 0.0032
Epoch 138/200

[1m1/8[0m [32m━━[0m[37m━━━━━━━━━━━━━━━━━━[0m [1m1s[0m 173ms/step - loss: 0.0020
[1m5/8[0m [32m━━━━━━━━━━━━[0m[37m━━━━━━━━[0m [1m0s[0m 16ms/step - loss: 0.0031 
[1m8/8[0m [32m━━━━━━━━━━━━━━━━━━━━[0m[37m[0m [1m0s[0m 16ms/step - loss: 0.0032
[1m8/8[0m [32m━━━━━━━━━━━━━━━━━━━━[0m[37m[0m [1m0s[0m 21ms/step - loss: 0.0033
Epoch 139/200

[1m1/8[0m [32m━━[0m[37m━━━━━━━━━━━━━━━━━━[0m [1m0s[0m 54ms/step - loss: 0.0034
[1m5/8[0m [32m━━━━━━━━━━━━[0m[37m━━━━━━━━[0m [1m0s[0m 15ms/step - loss: 0.0037
[1m8/8[0m [32m━━━━━━━━━━━━━━━━━━━━[0m[37m[0m [1m0s[0m 19ms/step - loss: 0.0038
Epoch 140/200

[1m1/8[0m [32m━━[0m[37m━━━━━━━━━━━━━━━━━━[0m [1m0s[0m 47ms/step - loss: 0.0057
[1m5/8[0m [32m━━━━━━━━━━━━[0m[37m━━━━━━━━[0m [1m0s[0m 15ms/step - loss: 0.0047
[1m8/8[0m [32m━━━━━━━━━━━━━━━━━━━━[0m[37m[0m [1m0s[0m 18ms/step - loss: 0.0035
Epoch 141/200

[1m1/8[0m [32m━━[0m[37m━━━━━━━━━━━━━━━━━━[0m [1m0s[0m 43ms/step - loss: 0.0049
[1m4/8[0m [32m━━━━━━━━━━[0m[37m━━━━━━━━━━[0m [1m0s[0m 17ms/step - loss: 0.0042
[1m8/8[0m [32m━━━━━━━━━━━━━━━━━━━━[0m[37m[0m [1m0s[0m 16ms/step - loss: 0.0039
[1m8/8[0m [32m━━━━━━━━━━━━━━━━━━━━[0m[37m[0m [1m0s[0m 19ms/step - loss: 0.0035
Epoch 142/200

[1m1/8[0m [32m━━[0m[37m━━━━━━━━━━━━━━━━━━[0m [1m0s[0m 41ms/step - loss: 0.0038
[1m5/8[0m [32m━━━━━━━━━━━━[0m[37m━━━━━━━━[0m [1m0s[0m 16ms/step - loss: 0.0030
[1m8/8[0m [32m━━━━━━━━━━━━━━━━━━━━[0m[37m[0m [1m0s[0m 18ms/step - loss: 0.0032
Epoch 143/200

[1m1/8[0m [32m━━[0m[37m━━━━━━━━━━━━━━━━━━[0m [1m0s[0m 41ms/step - loss: 0.0018
[1m5/8[0m [32m━━━━━━━━━━━━[0m[37m━━━━━━━━[0m [1m0s[0m 13ms/step - loss: 0.0027
[1m8/8[0m [32m━━━━━━━━━━━━━━━━━━━━[0m[37m[0m [1m0s[0m 17ms/step - loss: 0.0029
Epoch 144/200

[1m1/8[0m [32m━━[0m[37m━━━━━━━━━━━━━━━━━━[0m [1m0s[0m 46ms/step - loss: 0.0016
[1m5/8[0m [32m━━━━━━━━━━━━[0m[37m━━━━━━━━[0m [1m0s[0m 15ms/step - loss: 0.0030
[1m8/8[0m [32m━━━━━━━━━━━━━━━━━━━━[0m[37m[0m [1m0s[0m 19ms/step - loss: 0.0037
Epoch 145/200

[1m1/8[0m [32m━━[0m[37m━━━━━━━━━━━━━━━━━━[0m [1m0s[0m 49ms/step - loss: 0.0038
[1m5/8[0m [32m━━━━━━━━━━━━[0m[37m━━━━━━━━[0m [1m0s[0m 15ms/step - loss: 0.0030
[1m8/8[0m [32m━━━━━━━━━━━━━━━━━━━━[0m[37m[0m [1m0s[0m 18ms/step - loss: 0.0031
Epoch 146/200

[1m1/8[0m [32m━━[0m[37m━━━━━━━━━━━━━━━━━━[0m [1m0s[0m 50ms/step - loss: 0.0038
[1m3/8[0m [32m━━━━━━━[0m[37m━━━━━━━━━━━━━[0m [1m0s[0m 30ms/step - loss: 0.0035
[1m6/8[0m [32m━━━━━━━━━━━━━━━[0m[37m━━━━━[0m [1m0s[0m 25ms/step - loss: 0.0034
[1m8/8[0m [32m━━━━━━━━━━━━━━━━━━━━[0m[37m[0m [1m0s[0m 26ms/step - loss: 0.0035
Epoch 147/200

[1m1/8[0m [32m━━[0m[37m━━━━━━━━━━━━━━━━━━[0m [1m0s[0m 43ms/step - loss: 0.0030
[1m4/8[0m [32m━━━━━━━━━━[0m[37m━━━━━━━━━━[0m [1m0s[0m 18ms/step - loss: 0.0037
[1m6/8[0m [32m━━━━━━━━━━━━━━━[0m[37m━━━━━[0m [1m0s[0m 26ms/step - loss: 0.0037
[1m8/8[0m [32m━━━━━━━━━━━━━━━━━━━━[0m[37m[0m [1m0s[0m 28ms/step - loss: 0.0038
Epoch 148/200

[1m1/8[0m [32m━━[0m[37m━━━━━━━━━━━━━━━━━━[0m [1m0s[0m 49ms/step - loss: 0.0026
[1m6/8[0m [32m━━━━━━━━━━━━━━━[0m[37m━━━━━[0m [1m0s[0m 12ms/step - loss: 0.0035
[1m8/8[0m [32m━━━━━━━━━━━━━━━━━━━━[0m[37m[0m [1m0s[0m 15ms/step - loss: 0.0040
Epoch 149/200

[1m1/8[0m [32m━━[0m[37m━━━━━━━━━━━━━━━━━━[0m [1m0s[0m 41ms/step - loss: 0.0040
[1m5/8[0m [32m━━━━━━━━━━━━[0m[37m━━━━━━━━[0m [1m0s[0m 13ms/step - loss: 0.0038
[1m8/8[0m [32m━━━━━━━━━━━━━━━━━━━━[0m[37m[0m [1m0s[0m 16ms/step - loss: 0.0036
Epoch 150/200

[1m1/8[0m [32m━━[0m[37m━━━━━━━━━━━━━━━━━━[0m [1m0s[0m 50ms/step - loss: 0.0030
[1m5/8[0m [32m━━━━━━━━━━━━[0m[37m━━━━━━━━[0m [1m0s[0m 13ms/step - loss: 0.0033
[1m8/8[0m [32m━━━━━━━━━━━━━━━━━━━━[0m[37m[0m [1m0s[0m 16ms/step - loss: 0.0029
Epoch 151/200

[1m1/8[0m [32m━━[0m[37m━━━━━━━━━━━━━━━━━━[0m [1m0s[0m 39ms/step - loss: 0.0024
[1m5/8[0m [32m━━━━━━━━━━━━[0m[37m━━━━━━━━[0m [1m0s[0m 13ms/step - loss: 0.0031
[1m8/8[0m [32m━━━━━━━━━━━━━━━━━━━━[0m[37m[0m [1m0s[0m 16ms/step - loss: 0.0035
Epoch 152/200

[1m1/8[0m [32m━━[0m[37m━━━━━━━━━━━━━━━━━━[0m [1m0s[0m 52ms/step - loss: 0.0031
[1m4/8[0m [32m━━━━━━━━━━[0m[37m━━━━━━━━━━[0m [1m0s[0m 17ms/step - loss: 0.0029
[1m7/8[0m [32m━━━━━━━━━━━━━━━━━[0m[37m━━━[0m [1m0s[0m 17ms/step - loss: 0.0029
[1m8/8[0m [32m━━━━━━━━━━━━━━━━━━━━[0m[37m[0m [1m0s[0m 27ms/step - loss: 0.0030
Epoch 153/200

[1m1/8[0m [32m━━[0m[37m━━━━━━━━━━━━━━━━━━[0m [1m0s[0m 45ms/step - loss: 0.0040
[1m4/8[0m [32m━━━━━━━━━━[0m[37m━━━━━━━━━━[0m [1m0s[0m 18ms/step - loss: 0.0036
[1m8/8[0m [32m━━━━━━━━━━━━━━━━━━━━[0m[37m[0m [1m0s[0m 16ms/step - loss: 0.0036
[1m8/8[0m [32m━━━━━━━━━━━━━━━━━━━━[0m[37m[0m [1m0s[0m 21ms/step - loss: 0.0041
Epoch 154/200

[1m1/8[0m [32m━━[0m[37m━━━━━━━━━━━━━━━━━━[0m [1m0s[0m 54ms/step - loss: 0.0039
[1m4/8[0m [32m━━━━━━━━━━[0m[37m━━━━━━━━━━[0m [1m0s[0m 18ms/step - loss: 0.0037
[1m8/8[0m [32m━━━━━━━━━━━━━━━━━━━━[0m[37m[0m [1m0s[0m 15ms/step - loss: 0.0038
[1m8/8[0m [32m━━━━━━━━━━━━━━━━━━━━[0m[37m[0m [1m0s[0m 19ms/step - loss: 0.0039
Epoch 155/200

[1m1/8[0m [32m━━[0m[37m━━━━━━━━━━━━━━━━━━[0m [1m0s[0m 42ms/step - loss: 0.0057
[1m5/8[0m [32m━━━━━━━━━━━━[0m[37m━━━━━━━━[0m [1m0s[0m 13ms/step - loss: 0.0044
[1m8/8[0m [32m━━━━━━━━━━━━━━━━━━━━[0m[37m[0m [1m0s[0m 17ms/step - loss: 0.0037
Epoch 156/200

[1m1/8[0m [32m━━[0m[37m━━━━━━━━━━━━━━━━━━[0m [1m0s[0m 46ms/step - loss: 0.0027
[1m5/8[0m [32m━━━━━━━━━━━━[0m[37m━━━━━━━━[0m [1m0s[0m 14ms/step - loss: 0.0040
[1m8/8[0m [32m━━━━━━━━━━━━━━━━━━━━[0m[37m[0m [1m0s[0m 19ms/step - loss: 0.0037
Epoch 157/200

[1m1/8[0m [32m━━[0m[37m━━━━━━━━━━━━━━━━━━[0m [1m0s[0m 44ms/step - loss: 0.0028
[1m5/8[0m [32m━━━━━━━━━━━━[0m[37m━━━━━━━━[0m [1m0s[0m 15ms/step - loss: 0.0034
[1m8/8[0m [32m━━━━━━━━━━━━━━━━━━━━[0m[37m[0m [1m0s[0m 18ms/step - loss: 0.0032
Epoch 158/200

[1m1/8[0m [32m━━[0m[37m━━━━━━━━━━━━━━━━━━[0m [1m0s[0m 41ms/step - loss: 0.0031
[1m5/8[0m [32m━━━━━━━━━━━━[0m[37m━━━━━━━━[0m [1m0s[0m 16ms/step - loss: 0.0033
[1m8/8[0m [32m━━━━━━━━━━━━━━━━━━━━[0m[37m[0m [1m0s[0m 19ms/step - loss: 0.0035
Epoch 159/200

[1m1/8[0m [32m━━[0m[37m━━━━━━━━━━━━━━━━━━[0m [1m0s[0m 42ms/step - loss: 0.0039
[1m4/8[0m [32m━━━━━━━━━━[0m[37m━━━━━━━━━━[0m [1m0s[0m 17ms/step - loss: 0.0032
[1m8/8[0m [32m━━━━━━━━━━━━━━━━━━━━[0m[37m[0m [1m0s[0m 15ms/step - loss: 0.0031
[1m8/8[0m [32m━━━━━━━━━━━━━━━━━━━━[0m[37m[0m [1m0s[0m 19ms/step - loss: 0.0028
Epoch 160/200

[1m1/8[0m [32m━━[0m[37m━━━━━━━━━━━━━━━━━━[0m [1m0s[0m 49ms/step - loss: 0.0025
[1m5/8[0m [32m━━━━━━━━━━━━[0m[37m━━━━━━━━[0m [1m0s[0m 17ms/step - loss: 0.0026
[1m7/8[0m [32m━━━━━━━━━━━━━━━━━[0m[37m━━━[0m [1m0s[0m 21ms/step - loss: 0.0028
[1m8/8[0m [32m━━━━━━━━━━━━━━━━━━━━[0m[37m[0m [1m0s[0m 24ms/step - loss: 0.0033
Epoch 161/200

[1m1/8[0m [32m━━[0m[37m━━━━━━━━━━━━━━━━━━[0m [1m0s[0m 41ms/step - loss: 0.0036
[1m5/8[0m [32m━━━━━━━━━━━━[0m[37m━━━━━━━━[0m [1m0s[0m 15ms/step - loss: 0.0032
[1m8/8[0m [32m━━━━━━━━━━━━━━━━━━━━[0m[37m[0m [1m0s[0m 19ms/step - loss: 0.0035
Epoch 162/200

[1m1/8[0m [32m━━[0m[37m━━━━━━━━━━━━━━━━━━[0m [1m0s[0m 38ms/step - loss: 0.0034
[1m5/8[0m [32m━━━━━━━━━━━━[0m[37m━━━━━━━━[0m [1m0s[0m 13ms/step - loss: 0.0032
[1m8/8[0m [32m━━━━━━━━━━━━━━━━━━━━[0m[37m[0m [1m0s[0m 17ms/step - loss: 0.0031
Epoch 163/200

[1m1/8[0m [32m━━[0m[37m━━━━━━━━━━━━━━━━━━[0m [1m0s[0m 48ms/step - loss: 0.0040
[1m5/8[0m [32m━━━━━━━━━━━━[0m[37m━━━━━━━━[0m [1m0s[0m 16ms/step - loss: 0.0034
[1m8/8[0m [32m━━━━━━━━━━━━━━━━━━━━[0m[37m[0m [1m0s[0m 19ms/step - loss: 0.0033
Epoch 164/200

[1m1/8[0m [32m━━[0m[37m━━━━━━━━━━━━━━━━━━[0m [1m0s[0m 42ms/step - loss: 0.0052
[1m5/8[0m [32m━━━━━━━━━━━━[0m[37m━━━━━━━━[0m [1m0s[0m 16ms/step - loss: 0.0040
[1m8/8[0m [32m━━━━━━━━━━━━━━━━━━━━[0m[37m[0m [1m0s[0m 20ms/step - loss: 0.0034
Epoch 165/200

[1m1/8[0m [32m━━[0m[37m━━━━━━━━━━━━━━━━━━[0m [1m0s[0m 52ms/step - loss: 0.0034
[1m4/8[0m [32m━━━━━━━━━━[0m[37m━━━━━━━━━━[0m [1m0s[0m 18ms/step - loss: 0.0036
[1m7/8[0m [32m━━━━━━━━━━━━━━━━━[0m[37m━━━[0m [1m0s[0m 18ms/step - loss: 0.0035
[1m8/8[0m [32m━━━━━━━━━━━━━━━━━━━━[0m[37m[0m [1m0s[0m 21ms/step - loss: 0.0030
Epoch 166/200

[1m1/8[0m [32m━━[0m[37m━━━━━━━━━━━━━━━━━━[0m [1m0s[0m 39ms/step - loss: 0.0015
[1m5/8[0m [32m━━━━━━━━━━━━[0m[37m━━━━━━━━[0m [1m0s[0m 15ms/step - loss: 0.0022
[1m8/8[0m [32m━━━━━━━━━━━━━━━━━━━━[0m[37m[0m [1m0s[0m 20ms/step - loss: 0.0029
Epoch 167/200

[1m1/8[0m [32m━━[0m[37m━━━━━━━━━━━━━━━━━━[0m [1m0s[0m 49ms/step - loss: 0.0020
[1m4/8[0m [32m━━━━━━━━━━[0m[37m━━━━━━━━━━[0m [1m0s[0m 17ms/step - loss: 0.0028
[1m8/8[0m [32m━━━━━━━━━━━━━━━━━━━━[0m[37m[0m [1m0s[0m 16ms/step - loss: 0.0031
[1m8/8[0m [32m━━━━━━━━━━━━━━━━━━━━[0m[37m[0m [1m0s[0m 19ms/step - loss: 0.0034
Epoch 168/200

[1m1/8[0m [32m━━[0m[37m━━━━━━━━━━━━━━━━━━[0m [1m0s[0m 41ms/step - loss: 0.0041
[1m5/8[0m [32m━━━━━━━━━━━━[0m[37m━━━━━━━━[0m [1m0s[0m 16ms/step - loss: 0.0034
[1m8/8[0m [32m━━━━━━━━━━━━━━━━━━━━[0m[37m[0m [1m0s[0m 20ms/step - loss: 0.0034
Epoch 169/200

[1m1/8[0m [32m━━[0m[37m━━━━━━━━━━━━━━━━━━[0m [1m0s[0m 40ms/step - loss: 0.0026
[1m5/8[0m [32m━━━━━━━━━━━━[0m[37m━━━━━━━━[0m [1m0s[0m 15ms/step - loss: 0.0033
[1m8/8[0m [32m━━━━━━━━━━━━━━━━━━━━[0m[37m[0m [1m0s[0m 19ms/step - loss: 0.0033
Epoch 170/200

[1m1/8[0m [32m━━[0m[37m━━━━━━━━━━━━━━━━━━[0m [1m0s[0m 44ms/step - loss: 0.0046
[1m5/8[0m [32m━━━━━━━━━━━━[0m[37m━━━━━━━━[0m [1m0s[0m 16ms/step - loss: 0.0042
[1m8/8[0m [32m━━━━━━━━━━━━━━━━━━━━[0m[37m[0m [1m0s[0m 18ms/step - loss: 0.0039
Epoch 171/200

[1m1/8[0m [32m━━[0m[37m━━━━━━━━━━━━━━━━━━[0m [1m0s[0m 42ms/step - loss: 0.0034
[1m5/8[0m [32m━━━━━━━━━━━━[0m[37m━━━━━━━━[0m [1m0s[0m 16ms/step - loss: 0.0027
[1m8/8[0m [32m━━━━━━━━━━━━━━━━━━━━[0m[37m[0m [1m0s[0m 17ms/step - loss: 0.0027
[1m8/8[0m [32m━━━━━━━━━━━━━━━━━━━━[0m[37m[0m [1m0s[0m 22ms/step - loss: 0.0028
Epoch 172/200

[1m1/8[0m [32m━━[0m[37m━━━━━━━━━━━━━━━━━━[0m [1m0s[0m 49ms/step - loss: 0.0022
[1m4/8[0m [32m━━━━━━━━━━[0m[37m━━━━━━━━━━[0m [1m0s[0m 22ms/step - loss: 0.0024
[1m6/8[0m [32m━━━━━━━━━━━━━━━[0m[37m━━━━━[0m [1m0s[0m 24ms/step - loss: 0.0025
[1m8/8[0m [32m━━━━━━━━━━━━━━━━━━━━[0m[37m[0m [1m0s[0m 24ms/step - loss: 0.0029
Epoch 173/200

[1m1/8[0m [32m━━[0m[37m━━━━━━━━━━━━━━━━━━[0m [1m0s[0m 60ms/step - loss: 0.0046
[1m3/8[0m [32m━━━━━━━[0m[37m━━━━━━━━━━━━━[0m [1m0s[0m 31ms/step - loss: 0.0042
[1m6/8[0m [32m━━━━━━━━━━━━━━━[0m[37m━━━━━[0m [1m0s[0m 26ms/step - loss: 0.0039
[1m8/8[0m [32m━━━━━━━━━━━━━━━━━━━━[0m[37m[0m [1m0s[0m 28ms/step - loss: 0.0035
Epoch 174/200

[1m1/8[0m [32m━━[0m[37m━━━━━━━━━━━━━━━━━━[0m [1m0s[0m 49ms/step - loss: 0.0049
[1m5/8[0m [32m━━━━━━━━━━━━[0m[37m━━━━━━━━[0m [1m0s[0m 14ms/step - loss: 0.0038
[1m8/8[0m [32m━━━━━━━━━━━━━━━━━━━━[0m[37m[0m [1m0s[0m 20ms/step - loss: 0.0035
Epoch 175/200

[1m1/8[0m [32m━━[0m[37m━━━━━━━━━━━━━━━━━━[0m [1m0s[0m 52ms/step - loss: 0.0050
[1m5/8[0m [32m━━━━━━━━━━━━[0m[37m━━━━━━━━[0m [1m0s[0m 15ms/step - loss: 0.0039
[1m8/8[0m [32m━━━━━━━━━━━━━━━━━━━━[0m[37m[0m [1m0s[0m 18ms/step - loss: 0.0036
Epoch 176/200

[1m1/8[0m [32m━━[0m[37m━━━━━━━━━━━━━━━━━━[0m [1m0s[0m 41ms/step - loss: 0.0039
[1m5/8[0m [32m━━━━━━━━━━━━[0m[37m━━━━━━━━[0m [1m0s[0m 16ms/step - loss: 0.0036
[1m8/8[0m [32m━━━━━━━━━━━━━━━━━━━━[0m[37m[0m [1m0s[0m 19ms/step - loss: 0.0036
Epoch 177/200

[1m1/8[0m [32m━━[0m[37m━━━━━━━━━━━━━━━━━━[0m [1m0s[0m 46ms/step - loss: 0.0033
[1m5/8[0m [32m━━━━━━━━━━━━[0m[37m━━━━━━━━[0m [1m0s[0m 14ms/step - loss: 0.0030
[1m8/8[0m [32m━━━━━━━━━━━━━━━━━━━━[0m[37m[0m [1m0s[0m 18ms/step - loss: 0.0035
Epoch 178/200

[1m1/8[0m [32m━━[0m[37m━━━━━━━━━━━━━━━━━━[0m [1m0s[0m 41ms/step - loss: 0.0020
[1m5/8[0m [32m━━━━━━━━━━━━[0m[37m━━━━━━━━[0m [1m0s[0m 15ms/step - loss: 0.0029
[1m8/8[0m [32m━━━━━━━━━━━━━━━━━━━━[0m[37m[0m [1m0s[0m 16ms/step - loss: 0.0030
[1m8/8[0m [32m━━━━━━━━━━━━━━━━━━━━[0m[37m[0m [1m0s[0m 20ms/step - loss: 0.0031
Epoch 179/200

[1m1/8[0m [32m━━[0m[37m━━━━━━━━━━━━━━━━━━[0m [1m0s[0m 54ms/step - loss: 0.0017
[1m4/8[0m [32m━━━━━━━━━━[0m[37m━━━━━━━━━━[0m [1m0s[0m 18ms/step - loss: 0.0022
[1m7/8[0m [32m━━━━━━━━━━━━━━━━━[0m[37m━━━[0m [1m0s[0m 19ms/step - loss: 0.0024
[1m8/8[0m [32m━━━━━━━━━━━━━━━━━━━━[0m[37m[0m [1m0s[0m 24ms/step - loss: 0.0025
Epoch 180/200

[1m1/8[0m [32m━━[0m[37m━━━━━━━━━━━━━━━━━━[0m [1m0s[0m 50ms/step - loss: 0.0033
[1m4/8[0m [32m━━━━━━━━━━[0m[37m━━━━━━━━━━[0m [1m0s[0m 19ms/step - loss: 0.0035
[1m6/8[0m [32m━━━━━━━━━━━━━━━[0m[37m━━━━━[0m [1m0s[0m 22ms/step - loss: 0.0034
[1m8/8[0m [32m━━━━━━━━━━━━━━━━━━━━[0m[37m[0m [1m0s[0m 25ms/step - loss: 0.0028
Epoch 181/200

[1m1/8[0m [32m━━[0m[37m━━━━━━━━━━━━━━━━━━[0m [1m0s[0m 46ms/step - loss: 0.0032
[1m4/8[0m [32m━━━━━━━━━━[0m[37m━━━━━━━━━━[0m [1m0s[0m 17ms/step - loss: 0.0032
[1m8/8[0m [32m━━━━━━━━━━━━━━━━━━━━[0m[37m[0m [1m0s[0m 16ms/step - loss: 0.0032
[1m8/8[0m [32m━━━━━━━━━━━━━━━━━━━━[0m[37m[0m [1m0s[0m 20ms/step - loss: 0.0033
Epoch 182/200

[1m1/8[0m [32m━━[0m[37m━━━━━━━━━━━━━━━━━━[0m [1m0s[0m 41ms/step - loss: 0.0046
[1m5/8[0m [32m━━━━━━━━━━━━[0m[37m━━━━━━━━[0m [1m0s[0m 15ms/step - loss: 0.0036
[1m8/8[0m [32m━━━━━━━━━━━━━━━━━━━━[0m[37m[0m [1m0s[0m 18ms/step - loss: 0.0033
Epoch 183/200

[1m1/8[0m [32m━━[0m[37m━━━━━━━━━━━━━━━━━━[0m [1m0s[0m 41ms/step - loss: 0.0045
[1m5/8[0m [32m━━━━━━━━━━━━[0m[37m━━━━━━━━[0m [1m0s[0m 18ms/step - loss: 0.0035
[1m8/8[0m [32m━━━━━━━━━━━━━━━━━━━━[0m[37m[0m [1m0s[0m 20ms/step - loss: 0.0029
Epoch 184/200

[1m1/8[0m [32m━━[0m[37m━━━━━━━━━━━━━━━━━━[0m [1m0s[0m 41ms/step - loss: 0.0021
[1m5/8[0m [32m━━━━━━━━━━━━[0m[37m━━━━━━━━[0m [1m0s[0m 15ms/step - loss: 0.0025
[1m8/8[0m [32m━━━━━━━━━━━━━━━━━━━━[0m[37m[0m [1m0s[0m 19ms/step - loss: 0.0030
Epoch 185/200

[1m1/8[0m [32m━━[0m[37m━━━━━━━━━━━━━━━━━━[0m [1m0s[0m 48ms/step - loss: 0.0017
[1m5/8[0m [32m━━━━━━━━━━━━[0m[37m━━━━━━━━[0m [1m0s[0m 15ms/step - loss: 0.0022
[1m8/8[0m [32m━━━━━━━━━━━━━━━━━━━━[0m[37m[0m [1m0s[0m 18ms/step - loss: 0.0030
Epoch 186/200

[1m1/8[0m [32m━━[0m[37m━━━━━━━━━━━━━━━━━━[0m [1m0s[0m 38ms/step - loss: 0.0014
[1m5/8[0m [32m━━━━━━━━━━━━[0m[37m━━━━━━━━[0m [1m0s[0m 15ms/step - loss: 0.0025
[1m8/8[0m [32m━━━━━━━━━━━━━━━━━━━━[0m[37m[0m [1m0s[0m 20ms/step - loss: 0.0038
Epoch 187/200

[1m1/8[0m [32m━━[0m[37m━━━━━━━━━━━━━━━━━━[0m [1m0s[0m 51ms/step - loss: 0.0036
[1m5/8[0m [32m━━━━━━━━━━━━[0m[37m━━━━━━━━[0m [1m0s[0m 15ms/step - loss: 0.0033
[1m8/8[0m [32m━━━━━━━━━━━━━━━━━━━━[0m[37m[0m [1m0s[0m 19ms/step - loss: 0.0028
Epoch 188/200

[1m1/8[0m [32m━━[0m[37m━━━━━━━━━━━━━━━━━━[0m [1m0s[0m 49ms/step - loss: 0.0029
[1m5/8[0m [32m━━━━━━━━━━━━[0m[37m━━━━━━━━[0m [1m0s[0m 14ms/step - loss: 0.0033
[1m8/8[0m [32m━━━━━━━━━━━━━━━━━━━━[0m[37m[0m [1m0s[0m 19ms/step - loss: 0.0035
Epoch 189/200

[1m1/8[0m [32m━━[0m[37m━━━━━━━━━━━━━━━━━━[0m [1m0s[0m 50ms/step - loss: 0.0023
[1m5/8[0m [32m━━━━━━━━━━━━[0m[37m━━━━━━━━[0m [1m0s[0m 15ms/step - loss: 0.0028
[1m8/8[0m [32m━━━━━━━━━━━━━━━━━━━━[0m[37m[0m [1m0s[0m 18ms/step - loss: 0.0032
Epoch 190/200

[1m1/8[0m [32m━━[0m[37m━━━━━━━━━━━━━━━━━━[0m [1m0s[0m 41ms/step - loss: 0.0052
[1m5/8[0m [32m━━━━━━━━━━━━[0m[37m━━━━━━━━[0m [1m0s[0m 15ms/step - loss: 0.0043
[1m7/8[0m [32m━━━━━━━━━━━━━━━━━[0m[37m━━━[0m [1m0s[0m 20ms/step - loss: 0.0042
[1m8/8[0m [32m━━━━━━━━━━━━━━━━━━━━[0m[37m[0m [1m0s[0m 24ms/step - loss: 0.0038
Epoch 191/200

[1m1/8[0m [32m━━[0m[37m━━━━━━━━━━━━━━━━━━[0m [1m0s[0m 41ms/step - loss: 0.0068
[1m5/8[0m [32m━━━━━━━━━━━━[0m[37m━━━━━━━━[0m [1m0s[0m 16ms/step - loss: 0.0048
[1m8/8[0m [32m━━━━━━━━━━━━━━━━━━━━[0m[37m[0m [1m0s[0m 19ms/step - loss: 0.0034
Epoch 192/200

[1m1/8[0m [32m━━[0m[37m━━━━━━━━━━━━━━━━━━[0m [1m0s[0m 44ms/step - loss: 0.0029
[1m5/8[0m [32m━━━━━━━━━━━━[0m[37m━━━━━━━━[0m [1m0s[0m 16ms/step - loss: 0.0035
[1m8/8[0m [32m━━━━━━━━━━━━━━━━━━━━[0m[37m[0m [1m0s[0m 19ms/step - loss: 0.0029
Epoch 193/200

[1m1/8[0m [32m━━[0m[37m━━━━━━━━━━━━━━━━━━[0m [1m0s[0m 47ms/step - loss: 0.0036
[1m5/8[0m [32m━━━━━━━━━━━━[0m[37m━━━━━━━━[0m [1m0s[0m 13ms/step - loss: 0.0033
[1m8/8[0m [32m━━━━━━━━━━━━━━━━━━━━[0m[37m[0m [1m0s[0m 17ms/step - loss: 0.0035
Epoch 194/200

[1m1/8[0m [32m━━[0m[37m━━━━━━━━━━━━━━━━━━[0m [1m0s[0m 45ms/step - loss: 0.0024
[1m5/8[0m [32m━━━━━━━━━━━━[0m[37m━━━━━━━━[0m [1m0s[0m 15ms/step - loss: 0.0025
[1m8/8[0m [32m━━━━━━━━━━━━━━━━━━━━[0m[37m[0m [1m0s[0m 19ms/step - loss: 0.0028
Epoch 195/200

[1m1/8[0m [32m━━[0m[37m━━━━━━━━━━━━━━━━━━[0m [1m0s[0m 45ms/step - loss: 0.0033
[1m5/8[0m [32m━━━━━━━━━━━━[0m[37m━━━━━━━━[0m [1m0s[0m 14ms/step - loss: 0.0029
[1m8/8[0m [32m━━━━━━━━━━━━━━━━━━━━[0m[37m[0m [1m0s[0m 17ms/step - loss: 0.0030
Epoch 196/200

[1m1/8[0m [32m━━[0m[37m━━━━━━━━━━━━━━━━━━[0m [1m0s[0m 40ms/step - loss: 0.0043
[1m5/8[0m [32m━━━━━━━━━━━━[0m[37m━━━━━━━━[0m [1m0s[0m 13ms/step - loss: 0.0037
[1m8/8[0m [32m━━━━━━━━━━━━━━━━━━━━[0m[37m[0m [1m0s[0m 16ms/step - loss: 0.0033
Epoch 197/200

[1m1/8[0m [32m━━[0m[37m━━━━━━━━━━━━━━━━━━[0m [1m0s[0m 41ms/step - loss: 0.0012
[1m5/8[0m [32m━━━━━━━━━━━━[0m[37m━━━━━━━━[0m [1m0s[0m 14ms/step - loss: 0.0023
[1m8/8[0m [32m━━━━━━━━━━━━━━━━━━━━[0m[37m[0m [1m0s[0m 18ms/step - loss: 0.0031
Epoch 198/200

[1m1/8[0m [32m━━[0m[37m━━━━━━━━━━━━━━━━━━[0m [1m0s[0m 41ms/step - loss: 0.0038
[1m5/8[0m [32m━━━━━━━━━━━━[0m[37m━━━━━━━━[0m [1m0s[0m 16ms/step - loss: 0.0037
[1m8/8[0m [32m━━━━━━━━━━━━━━━━━━━━[0m[37m[0m [1m0s[0m 20ms/step - loss: 0.0030
Epoch 199/200

[1m1/8[0m [32m━━[0m[37m━━━━━━━━━━━━━━━━━━[0m [1m0s[0m 48ms/step - loss: 0.0031
[1m5/8[0m [32m━━━━━━━━━━━━[0m[37m━━━━━━━━[0m [1m0s[0m 16ms/step - loss: 0.0027
[1m8/8[0m [32m━━━━━━━━━━━━━━━━━━━━[0m[37m[0m [1m0s[0m 21ms/step - loss: 0.0029
Epoch 200/200

[1m1/8[0m [32m━━[0m[37m━━━━━━━━━━━━━━━━━━[0m [1m0s[0m 56ms/step - loss: 0.0023
[1m3/8[0m [32m━━━━━━━[0m[37m━━━━━━━━━━━━━[0m [1m0s[0m 30ms/step - loss: 0.0026
[1m6/8[0m [32m━━━━━━━━━━━━━━━[0m[37m━━━━━[0m [1m0s[0m 24ms/step - loss: 0.0027
[1m8/8[0m [32m━━━━━━━━━━━━━━━━━━━━[0m[37m[0m [1m0s[0m 29ms/step - loss: 0.0030
Using bucket name: missingtimestamp
Bucket missingtimestamp created.
Uploading device4.keras to bucket missingtimestamp...
device4.keras uploaded to bucket missingtimestamp.
Uploading scaler to bucket missingtimestamp...
scaler.save uploaded to bucket missingtimestamp.

Model path is:  2025-12-08-00-00-00-2025-12-08-00-09-59-model
Triggering forecasting with retrained model
2026-05-15 19:28:47.408 INFO  [129581791049408] ConsumerStatsImpl:59 | Consumer [persistent://public/default/device4_model_consume, pythonSubscription, 0] , ConsumerStatsImpl (numBytesRecieved_ = 1440, totalNumBytesRecieved_ = 15576, receivedMsgMap_ = {[Key: Ok, Value: 60], [Key: TimeOut, Value: 18], }, ackedMsgMap_ = {[Key: {Result: Ok, ackType: 0}, Value: 60], }, totalReceivedMsgMap_ = {[Key: Ok, Value: 649], [Key: TimeOut, Value: 480], }, totalAckedMsgMap_ = {[Key: {Result: Ok, ackType: 0}, Value: 649], })
2026-05-15 19:38:47.408 INFO  [129581791049408] ConsumerStatsImpl:59 | Consumer [persistent://public/default/device4_model_consume, pythonSubscription, 0] , ConsumerStatsImpl (numBytesRecieved_ = 0, totalNumBytesRecieved_ = 15576, receivedMsgMap_ = {}, ackedMsgMap_ = {}, totalReceivedMsgMap_ = {[Key: Ok, Value: 649], [Key: TimeOut, Value: 480], }, totalAckedMsgMap_ = {[Key: {Result: Ok, ackType: 0}, Value: 649], })
2026-05-15 19:48:47.408 INFO  [129581791049408] ConsumerStatsImpl:59 | Consumer [persistent://public/default/device4_model_consume, pythonSubscription, 0] , ConsumerStatsImpl (numBytesRecieved_ = 0, totalNumBytesRecieved_ = 15576, receivedMsgMap_ = {}, ackedMsgMap_ = {}, totalReceivedMsgMap_ = {[Key: Ok, Value: 649], [Key: TimeOut, Value: 480], }, totalAckedMsgMap_ = {[Key: {Result: Ok, ackType: 0}, Value: 649], })
2026-05-15 19:58:47.427 INFO  [129581791049408] ConsumerStatsImpl:59 | Consumer [persistent://public/default/device4_model_consume, pythonSubscription, 0] , ConsumerStatsImpl (numBytesRecieved_ = 0, totalNumBytesRecieved_ = 15576, receivedMsgMap_ = {}, ackedMsgMap_ = {}, totalReceivedMsgMap_ = {[Key: Ok, Value: 649], [Key: TimeOut, Value: 480], }, totalAckedMsgMap_ = {[Key: {Result: Ok, ackType: 0}, Value: 649], })
2026-05-15 20:02:29.751 INFO  [129581791049408] ClientConnection:1326 | [127.0.0.1:37764 -> 127.0.0.1:6650] Connection disconnected (refCnt: 3)
2026-05-15 20:04:32.192 INFO  [129581791049408] ConnectionPool:142 | Remove connection for pulsar://localhost:6650-pulsar://localhost:6650-0
2026-05-15 20:04:54.118 INFO  [129581791049408] HandlerBase:186 | [persistent://public/default/device4_model_consume, pythonSubscription, 0] Schedule reconnection in 0.1 s
2026-05-15 20:06:53.446 INFO  [129581791049408] ClientConnection:288 | [127.0.0.1:37764 -> 127.0.0.1:6650] Destroyed connection to pulsar://localhost:6650-0
2026-05-15 20:06:53.541 INFO  [129581791049408] HandlerBase:112 | [persistent://public/default/device4_model_consume, pythonSubscription, 0] Getting connection from pool
2026-05-15 20:06:53.581 INFO  [129581791049408] ClientConnection:196 | [<none> -> pulsar://localhost:6650] Create ClientConnection, timeout=10000
2026-05-15 20:06:53.589 INFO  [129581791049408] ConnectionPool:125 | Created connection for pulsar://localhost:6650-pulsar://localhost:6650-0
2026-05-15 20:06:53.960 INFO  [129581791049408] ClientConnection:416 | [127.0.0.1:54282 -> 127.0.0.1:6650] Connected to broker
2026-05-15 20:06:58.011 INFO  [129581791049408] BinaryProtoLookupService:85 | Lookup response for persistent://public/default/device4_model_consume, lookup-broker-url pulsar://localhost:6650, from [127.0.0.1:54282 -> 127.0.0.1:6650] 
2026-05-15 20:07:01.562 INFO  [129581791049408] ConsumerImpl:337 | [persistent://public/default/device4_model_consume, pythonSubscription, 0] Created consumer on broker [127.0.0.1:54282 -> 127.0.0.1:6650] 
2026-05-15 20:07:03.344 INFO  [129581791049408] HandlerBase:134 | Finished connecting to broker after 9018 ms
