block,id,sensor_id,sensor_energy_value,sensor_timestamp,message_delay,,block,id,sensor_id,sensor_energy_value_prediction,sensor_timestamp
0,0,11,779.6,2025-12-08 00:00:00,71995.0,,0,0,11,1067.74939,2025-12-08 00:01:00
0,1,11,790.8,2025-12-08 00:00:01,70983.0,,0,1,11,1081.567139,2025-12-08 00:01:01
0,2,11,775.3,2025-12-08 00:00:02,69981.0,,0,2,11,1095.792969,2025-12-08 00:01:02
0,3,11,775.3,2025-12-08 00:00:03,68978.0,,0,3,11,1110.127686,2025-12-08 00:01:03
0,4,11,773.7,2025-12-08 00:00:04,67975.0,,0,4,11,1124.389893,2025-12-08 00:01:04
0,5,11,775.2,2025-12-08 00:00:05,66972.0,,0,5,11,1138.418701,2025-12-08 00:01:05
0,6,11,774.9,2025-12-08 00:00:06,65968.0,,0,6,11,1152.080933,2025-12-08 00:01:06
0,7,11,774.4,2025-12-08 00:00:07,64966.0,,0,7,11,1165.272095,2025-12-08 00:01:07
0,8,11,773.6,2025-12-08 00:00:08,63964.0,,0,8,11,1177.912964,2025-12-08 00:01:08
0,9,11,780.2,2025-12-08 00:00:09,62962.0,,0,9,11,1189.94751,2025-12-08 00:01:09
0,10,11,782.3,2025-12-08 00:00:10,61961.0,,0,10,11,1201.338135,2025-12-08 00:01:10
0,11,11,774.8,2025-12-08 00:00:11,60959.0,,0,11,11,1212.065063,2025-12-08 00:01:11
0,12,11,774.7,2025-12-08 00:00:12,59957.0,,0,12,11,1222.122681,2025-12-08 00:01:12
0,13,11,773.1,2025-12-08 00:00:13,58955.0,,0,13,11,1231.513794,2025-12-08 00:01:13
0,14,11,775.3,2025-12-08 00:00:14,57953.0,,0,14,11,1240.250977,2025-12-08 00:01:14
0,15,11,773.7,2025-12-08 00:00:15,56951.0,,0,15,11,1248.352783,2025-12-08 00:01:15
0,16,11,774.5,2025-12-08 00:00:16,55943.0,,0,16,11,1255.843994,2025-12-08 00:01:16
0,17,11,774.6,2025-12-08 00:00:17,54941.0,,0,17,11,1262.751221,2025-12-08 00:01:17
0,18,11,776.1,2025-12-08 00:00:18,53939.0,,0,18,11,1269.105347,2025-12-08 00:01:18
0,19,11,788.9,2025-12-08 00:00:19,52936.0,,0,19,11,1274.937256,2025-12-08 00:01:19
0,20,11,777.9,2025-12-08 00:00:20,51932.0,,0,20,11,1280.277466,2025-12-08 00:01:20
0,21,11,781.4,2025-12-08 00:00:21,50931.0,,0,21,11,1285.162109,2025-12-08 00:01:21
0,22,11,775.0,2025-12-08 00:00:22,49929.0,,0,22,11,1289.621094,2025-12-08 00:01:22
0,23,11,775.6,2025-12-08 00:00:23,48926.0,,0,23,11,1293.687256,2025-12-08 00:01:23
0,24,11,775.7,2025-12-08 00:00:24,47924.0,,0,24,11,1297.389648,2025-12-08 00:01:24
0,25,11,770.8,2025-12-08 00:00:25,46922.0,,0,25,11,1300.75769,2025-12-08 00:01:25
0,26,11,773.2,2025-12-08 00:00:26,45920.0,,0,26,11,1303.819336,2025-12-08 00:01:26
0,27,11,793.7,2025-12-08 00:00:27,44916.0,,0,27,11,1306.600342,2025-12-08 00:01:27
0,28,11,775.1,2025-12-08 00:00:28,43914.0,,0,28,11,1309.122192,2025-12-08 00:01:28
0,29,11,774.1,2025-12-08 00:00:29,42909.0,,0,29,11,1311.413696,2025-12-08 00:01:29
0,30,11,771.4,2025-12-08 00:00:30,41907.0,,0,30,11,1313.493408,2025-12-08 00:01:30
0,31,11,770.4,2025-12-08 00:00:31,40905.0,,0,31,11,1315.381714,2025-12-08 00:01:31
0,32,11,775.3,2025-12-08 00:00:32,39902.0,,0,32,11,1317.096558,2025-12-08 00:01:32
0,33,11,907.1,2025-12-08 00:00:33,38900.0,,0,33,11,1318.654297,2025-12-08 00:01:33
0,34,11,877.3,2025-12-08 00:00:34,37898.0,,0,34,11,1320.05896,2025-12-08 00:01:34
0,35,11,883.6,2025-12-08 00:00:35,36896.0,,0,35,11,1321.339966,2025-12-08 00:01:35
0,36,11,876.7,2025-12-08 00:00:36,35894.0,,0,36,11,1322.506714,2025-12-08 00:01:36
0,37,11,784.4,2025-12-08 00:00:37,34892.0,,0,37,11,1323.572266,2025-12-08 00:01:37
0,38,11,872.7,2025-12-08 00:00:38,33887.0,,0,38,11,1324.552124,2025-12-08 00:01:38
0,39,11,930.3,2025-12-08 00:00:39,32885.0,,0,39,11,1325.445801,2025-12-08 00:01:39
0,40,11,888.5,2025-12-08 00:00:40,31883.0,,0,40,11,1326.264038,2025-12-08 00:01:40
0,41,11,890.8,2025-12-08 00:00:41,30882.0,,0,41,11,1327.018677,2025-12-08 00:01:41
0,42,11,889.5,2025-12-08 00:00:42,29880.0,,0,42,11,1327.715332,2025-12-08 00:01:42
0,43,11,879.3,2025-12-08 00:00:43,28878.0,,0,43,11,1328.360107,2025-12-08 00:01:43
0,44,11,877.1,2025-12-08 00:00:44,27876.0,,0,44,11,1328.959106,2025-12-08 00:01:44
0,45,11,874.5,2025-12-08 00:00:45,26874.0,,0,45,11,1329.516968,2025-12-08 00:01:45
0,46,11,879.0,2025-12-08 00:00:46,25872.0,,0,46,11,1330.038086,2025-12-08 00:01:46
0,47,11,875.6,2025-12-08 00:00:47,24870.0,,0,47,11,1330.526489,2025-12-08 00:01:47
0,48,11,879.2,2025-12-08 00:00:48,23865.0,,0,48,11,1330.985596,2025-12-08 00:01:48
0,49,11,875.9,2025-12-08 00:00:49,22864.0,,0,49,11,1331.418457,2025-12-08 00:01:49
0,50,11,877.5,2025-12-08 00:00:50,21862.0,,0,50,11,1331.827881,2025-12-08 00:01:50
0,51,11,881.1,2025-12-08 00:00:51,20860.0,,0,51,11,1332.216553,2025-12-08 00:01:51
0,52,11,880.3,2025-12-08 00:00:52,19858.0,,0,52,11,1332.586304,2025-12-08 00:01:52
0,53,11,876.4,2025-12-08 00:00:53,18856.0,,0,53,11,1332.939331,2025-12-08 00:01:53
0,54,11,876.5,2025-12-08 00:00:54,17854.0,,0,54,11,1333.276978,2025-12-08 00:01:54
0,55,11,879.2,2025-12-08 00:00:55,16852.0,,0,55,11,1333.60083,2025-12-08 00:01:55
0,56,11,878.3,2025-12-08 00:00:56,15850.0,,0,56,11,1333.91272,2025-12-08 00:01:56
0,57,11,879.4,2025-12-08 00:00:57,14847.0,,0,57,11,1334.213013,2025-12-08 00:01:57
0,58,11,878.7,2025-12-08 00:00:58,13844.0,,0,58,11,1334.503174,2025-12-08 00:01:58
0,59,11,878.8,2025-12-08 00:00:59,12843.0,,0,59,11,1334.78418,2025-12-08 00:01:59
1,0,11,1290.914286,2025-12-08 00:01:00,71694.0,,1,0,11,1354.481812,2025-12-08 00:02:00
1,1,11,1290.914286,2025-12-08 00:01:01,70691.0,,1,1,11,1354.889038,2025-12-08 00:02:01
1,2,11,1290.914286,2025-12-08 00:01:02,69689.0,,1,2,11,1355.172363,2025-12-08 00:02:02
1,3,11,1290.914286,2025-12-08 00:01:03,68686.0,,1,3,11,1355.405762,2025-12-08 00:02:03
1,4,11,881.0,2025-12-08 00:01:04,67684.0,,1,4,11,1355.587158,2025-12-08 00:02:04
1,5,11,1106.4,2025-12-08 00:01:05,66682.0,,1,5,11,1355.710938,2025-12-08 00:02:05
1,6,11,1261.0,2025-12-08 00:01:06,65679.0,,1,6,11,1355.810669,2025-12-08 00:02:06
1,7,11,1097.9,2025-12-08 00:01:07,64677.0,,1,7,11,1355.888062,2025-12-08 00:02:07
1,8,11,1078.6,2025-12-08 00:01:08,63672.0,,1,8,11,1355.936646,2025-12-08 00:02:08
1,9,11,1156.1,2025-12-08 00:01:09,62660.0,,1,9,11,1355.967041,2025-12-08 00:02:09
1,10,11,1089.1,2025-12-08 00:01:10,61658.0,,1,10,11,1355.986206,2025-12-08 00:02:10
1,11,11,1138.5,2025-12-08 00:01:11,60654.0,,1,11,11,1355.991821,2025-12-08 00:02:11
1,12,11,1165.7,2025-12-08 00:01:12,59652.0,,1,12,11,1355.990601,2025-12-08 00:02:12
1,13,11,1190.5,2025-12-08 00:01:13,58649.0,,1,13,11,1355.983643,2025-12-08 00:02:13
1,14,11,1218.4,2025-12-08 00:01:14,57646.0,,1,14,11,1355.972046,2025-12-08 00:02:14
1,15,11,1242.7,2025-12-08 00:01:15,56643.0,,1,15,11,1355.957153,2025-12-08 00:02:15
1,16,11,1259.2,2025-12-08 00:01:16,55639.0,,1,16,11,1355.939575,2025-12-08 00:02:16
1,17,11,1280.0,2025-12-08 00:01:17,54634.0,,1,17,11,1355.920044,2025-12-08 00:02:17
1,18,11,1297.7,2025-12-08 00:01:18,53631.0,,1,18,11,1355.899048,2025-12-08 00:02:18
1,19,11,1311.6,2025-12-08 00:01:19,52627.0,,1,19,11,1355.877075,2025-12-08 00:02:19
1,20,11,1321.7,2025-12-08 00:01:20,51617.0,,1,20,11,1355.854492,2025-12-08 00:02:20
1,21,11,1324.7,2025-12-08 00:01:21,50614.0,,1,21,11,1355.831177,2025-12-08 00:02:21
1,22,11,1320.0,2025-12-08 00:01:22,49611.0,,1,22,11,1355.807373,2025-12-08 00:02:22
1,23,11,1327.0,2025-12-08 00:01:23,48605.0,,1,23,11,1355.782593,2025-12-08 00:02:23
1,24,11,1331.8,2025-12-08 00:01:24,47603.0,,1,24,11,1355.757935,2025-12-08 00:02:24
1,25,11,1327.7,2025-12-08 00:01:25,46599.0,,1,25,11,1355.733032,2025-12-08 00:02:25
1,26,11,1325.2,2025-12-08 00:01:26,45597.0,,1,26,11,1355.707764,2025-12-08 00:02:26
1,27,11,1331.2,2025-12-08 00:01:27,44594.0,,1,27,11,1355.682251,2025-12-08 00:02:27
1,28,11,1330.8,2025-12-08 00:01:28,43589.0,,1,28,11,1355.65686,2025-12-08 00:02:28
1,29,11,1333.0,2025-12-08 00:01:29,42583.0,,1,29,11,1355.631226,2025-12-08 00:02:29
1,30,11,1328.4,2025-12-08 00:01:30,41580.0,,1,30,11,1355.605713,2025-12-08 00:02:30
1,31,11,1325.4,2025-12-08 00:01:31,40575.0,,1,31,11,1355.579956,2025-12-08 00:02:31
1,32,11,1325.5,2025-12-08 00:01:32,39568.0,,1,32,11,1355.553955,2025-12-08 00:02:32
1,33,11,1326.1,2025-12-08 00:01:33,38565.0,,1,33,11,1355.527954,2025-12-08 00:02:33
1,34,11,1328.1,2025-12-08 00:01:34,37560.0,,1,34,11,1355.501953,2025-12-08 00:02:34
1,35,11,1329.2,2025-12-08 00:01:35,36558.0,,1,35,11,1355.475952,2025-12-08 00:02:35
1,36,11,1330.9,2025-12-08 00:01:36,35556.0,,1,36,11,1355.450073,2025-12-08 00:02:36
1,37,11,1323.0,2025-12-08 00:01:37,34553.0,,1,37,11,1355.424438,2025-12-08 00:02:37
1,38,11,1323.8,2025-12-08 00:01:38,33550.0,,1,38,11,1355.398315,2025-12-08 00:02:38
1,39,11,1328.7,2025-12-08 00:01:39,32546.0,,1,39,11,1355.372437,2025-12-08 00:02:39
1,40,11,1329.9,2025-12-08 00:01:40,31543.0,,1,40,11,1355.34668,2025-12-08 00:02:40
1,41,11,1329.9,2025-12-08 00:01:41,30540.0,,1,41,11,1355.321045,2025-12-08 00:02:41
1,42,11,1335.7,2025-12-08 00:01:42,29537.0,,1,42,11,1355.295776,2025-12-08 00:02:42
1,43,11,1339.2,2025-12-08 00:01:43,28535.0,,1,43,11,1355.27063,2025-12-08 00:02:43
1,44,11,1337.6,2025-12-08 00:01:44,27530.0,,1,44,11,1355.245972,2025-12-08 00:02:44
1,45,11,1346.0,2025-12-08 00:01:45,26528.0,,1,45,11,1355.221191,2025-12-08 00:02:45
1,46,11,1347.9,2025-12-08 00:01:46,25524.0,,1,46,11,1355.197144,2025-12-08 00:02:46
1,47,11,1346.5,2025-12-08 00:01:47,24521.0,,1,47,11,1355.173218,2025-12-08 00:02:47
1,48,11,1349.9,2025-12-08 00:01:48,23519.0,,1,48,11,1355.149536,2025-12-08 00:02:48
1,49,11,1347.9,2025-12-08 00:01:49,22515.0,,1,49,11,1355.125977,2025-12-08 00:02:49
1,50,11,1349.7,2025-12-08 00:01:50,21513.0,,1,50,11,1355.102539,2025-12-08 00:02:50
1,51,11,1354.2,2025-12-08 00:01:51,20511.0,,1,51,11,1355.079712,2025-12-08 00:02:51
1,52,11,1354.1,2025-12-08 00:01:52,19507.0,,1,52,11,1355.057007,2025-12-08 00:02:52
1,53,11,1351.6,2025-12-08 00:01:53,18504.0,,1,53,11,1355.034546,2025-12-08 00:02:53
1,54,11,1354.6,2025-12-08 00:01:54,17499.0,,1,54,11,1355.012207,2025-12-08 00:02:54
1,55,11,1353.1,2025-12-08 00:01:55,16496.0,,1,55,11,1354.990356,2025-12-08 00:02:55
1,56,11,1353.5,2025-12-08 00:01:56,15493.0,,1,56,11,1354.968628,2025-12-08 00:02:56
1,57,11,1359.1,2025-12-08 00:01:57,14490.0,,1,57,11,1354.947144,2025-12-08 00:02:57
1,58,11,1357.1,2025-12-08 00:01:58,13488.0,,1,58,11,1354.926147,2025-12-08 00:02:58
1,59,11,1377.1,2025-12-08 00:01:59,12486.0,,1,59,11,1354.905273,2025-12-08 00:02:59
2,0,11,1359.1,2025-12-08 00:02:00,71395.0,,2,0,11,1350.905029,2025-12-08 00:03:00
2,1,11,1352.2,2025-12-08 00:02:01,70392.0,,2,1,11,1350.964355,2025-12-08 00:03:01
2,2,11,1350.8,2025-12-08 00:02:02,69389.0,,2,2,11,1351.004883,2025-12-08 00:03:02
2,3,11,1351.8,2025-12-08 00:02:03,68386.0,,2,3,11,1351.045166,2025-12-08 00:03:03
2,4,11,1351.3,2025-12-08 00:02:04,67383.0,,2,4,11,1351.082153,2025-12-08 00:03:04
2,5,11,1350.7,2025-12-08 00:02:05,66377.0,,2,5,11,1351.115967,2025-12-08 00:03:05
2,6,11,1352.9,2025-12-08 00:02:06,65371.0,,2,6,11,1351.147461,2025-12-08 00:03:06
2,7,11,1356.5,2025-12-08 00:02:07,64366.0,,2,7,11,1351.176147,2025-12-08 00:03:07
2,8,11,1348.7,2025-12-08 00:02:08,63362.0,,2,8,11,1351.203369,2025-12-08 00:03:08
2,9,11,1347.4,2025-12-08 00:02:09,62360.0,,2,9,11,1351.228638,2025-12-08 00:03:09
2,10,11,1350.3,2025-12-08 00:02:10,61357.0,,2,10,11,1351.252563,2025-12-08 00:03:10
2,11,11,1346.6,2025-12-08 00:02:11,60347.0,,2,11,11,1351.275635,2025-12-08 00:03:11
2,12,11,1351.5,2025-12-08 00:02:12,59343.0,,2,12,11,1351.297363,2025-12-08 00:03:12
2,13,11,1347.8,2025-12-08 00:02:13,58340.0,,2,13,11,1351.318726,2025-12-08 00:03:13
2,14,11,1348.8,2025-12-08 00:02:14,57337.0,,2,14,11,1351.339233,2025-12-08 00:03:14
2,15,11,1368.2,2025-12-08 00:02:15,56332.0,,2,15,11,1351.359253,2025-12-08 00:03:15
2,16,11,1347.6,2025-12-08 00:02:16,55327.0,,2,16,11,1351.379272,2025-12-08 00:03:16
2,17,11,1351.8,2025-12-08 00:02:17,54309.0,,2,17,11,1351.39856,2025-12-08 00:03:17
2,18,11,1352.5,2025-12-08 00:02:18,53304.0,,2,18,11,1351.417236,2025-12-08 00:03:18
2,19,11,1357.3,2025-12-08 00:02:19,52301.0,,2,19,11,1351.435791,2025-12-08 00:03:19
2,20,11,1357.5,2025-12-08 00:02:20,51298.0,,2,20,11,1351.454224,2025-12-08 00:03:20
2,21,11,1360.7,2025-12-08 00:02:21,50291.0,,2,21,11,1351.472534,2025-12-08 00:03:21
2,22,11,1354.7,2025-12-08 00:02:22,49285.0,,2,22,11,1351.490601,2025-12-08 00:03:22
2,23,11,1354.9,2025-12-08 00:02:23,48274.0,,2,23,11,1351.508179,2025-12-08 00:03:23
2,24,11,1358.8,2025-12-08 00:02:24,47272.0,,2,24,11,1351.525513,2025-12-08 00:03:24
2,25,11,1351.3,2025-12-08 00:02:25,46235.0,,2,25,11,1351.542969,2025-12-08 00:03:25
2,26,11,1351.4,2025-12-08 00:02:26,45233.0,,2,26,11,1351.559814,2025-12-08 00:03:26
2,27,11,1356.4,2025-12-08 00:02:27,44230.0,,2,27,11,1351.57666,2025-12-08 00:03:27
2,28,11,1355.2,2025-12-08 00:02:28,43182.0,,2,28,11,1351.593384,2025-12-08 00:03:28
2,29,11,1356.9,2025-12-08 00:02:29,42180.0,,2,29,11,1351.609863,2025-12-08 00:03:29
2,30,11,1354.4,2025-12-08 00:02:30,41155.0,,2,30,11,1351.626221,2025-12-08 00:03:30
2,31,11,1348.6,2025-12-08 00:02:31,40089.0,,2,31,11,1351.642212,2025-12-08 00:03:31
2,32,11,1349.6,2025-12-08 00:02:32,38852.0,,2,32,11,1351.658081,2025-12-08 00:03:32
2,33,11,1354.0,2025-12-08 00:02:33,37841.0,,2,33,11,1351.673584,2025-12-08 00:03:33
2,34,11,1350.5,2025-12-08 00:02:34,36839.0,,2,34,11,1351.689209,2025-12-08 00:03:34
2,35,11,1351.8,2025-12-08 00:02:35,35742.0,,2,35,11,1351.70459,2025-12-08 00:03:35
2,36,11,1350.9,2025-12-08 00:02:36,34691.0,,2,36,11,1351.719727,2025-12-08 00:03:36
2,37,11,1349.2,2025-12-08 00:02:37,33651.0,,2,37,11,1351.734863,2025-12-08 00:03:37
2,38,11,1351.1,2025-12-08 00:02:38,32644.0,,2,38,11,1351.74939,2025-12-08 00:03:38
2,39,11,1353.3,2025-12-08 00:02:39,31608.0,,2,39,11,1351.764282,2025-12-08 00:03:39
2,40,11,1352.9,2025-12-08 00:02:40,30576.0,,2,40,11,1351.778687,2025-12-08 00:03:40
2,41,11,1357.5,2025-12-08 00:02:41,29471.0,,2,41,11,1351.793213,2025-12-08 00:03:41
2,42,11,1349.7,2025-12-08 00:02:42,28366.0,,2,42,11,1351.807617,2025-12-08 00:03:42
2,43,11,1346.1,2025-12-08 00:02:43,27364.0,,2,43,11,1351.821533,2025-12-08 00:03:43
2,44,11,1351.0,2025-12-08 00:02:44,26362.0,,2,44,11,1351.835205,2025-12-08 00:03:44
2,45,11,1349.3,2025-12-08 00:02:45,25347.0,,2,45,11,1351.848877,2025-12-08 00:03:45
2,46,11,1352.8,2025-12-08 00:02:46,24344.0,,2,46,11,1351.862427,2025-12-08 00:03:46
2,47,11,1354.3,2025-12-08 00:02:47,23330.0,,2,47,11,1351.875854,2025-12-08 00:03:47
2,48,11,1349.5,2025-12-08 00:02:48,22320.0,,2,48,11,1351.88916,2025-12-08 00:03:48
2,49,11,1348.6,2025-12-08 00:02:49,21282.0,,2,49,11,1351.901978,2025-12-08 00:03:49
2,50,11,1349.2,2025-12-08 00:02:50,20276.0,,2,50,11,1351.914795,2025-12-08 00:03:50
2,51,11,1352.9,2025-12-08 00:02:51,19198.0,,2,51,11,1351.927612,2025-12-08 00:03:51
2,52,11,1349.6,2025-12-08 00:02:52,18189.0,,2,52,11,1351.940186,2025-12-08 00:03:52
2,53,11,1349.1,2025-12-08 00:02:53,17184.0,,2,53,11,1351.952393,2025-12-08 00:03:53
2,54,11,1345.1,2025-12-08 00:02:54,16155.0,,2,54,11,1351.9646,2025-12-08 00:03:54
2,55,11,1349.0,2025-12-08 00:02:55,15150.0,,2,55,11,1351.976685,2025-12-08 00:03:55
2,56,11,1349.0,2025-12-08 00:02:56,14134.0,,2,56,11,1351.988403,2025-12-08 00:03:56
2,57,11,1353.6,2025-12-08 00:02:57,13132.0,,2,57,11,1352.000366,2025-12-08 00:03:57
2,58,11,1349.1,2025-12-08 00:02:58,12128.0,,2,58,11,1352.012085,2025-12-08 00:03:58
2,59,11,1357.4,2025-12-08 00:02:59,11127.0,,2,59,11,1352.023682,2025-12-08 00:03:59
3,0,11,1351.2,2025-12-08 00:03:00,70107.0,,3,0,11,1475.897583,2025-12-08 00:04:00
3,1,11,1353.9,2025-12-08 00:03:01,69104.0,,3,1,11,1476.729492,2025-12-08 00:04:01
3,2,11,1351.9,2025-12-08 00:03:02,68101.0,,3,2,11,1477.234131,2025-12-08 00:04:02
3,3,11,1349.8,2025-12-08 00:03:03,67100.0,,3,3,11,1477.620117,2025-12-08 00:04:03
3,4,11,1365.8,2025-12-08 00:03:04,66098.0,,3,4,11,1477.878784,2025-12-08 00:04:04
3,5,11,1350.1,2025-12-08 00:03:05,65094.0,,3,5,11,1478.032837,2025-12-08 00:04:05
3,6,11,1371.2,2025-12-08 00:03:06,64092.0,,3,6,11,1478.100342,2025-12-08 00:04:06
3,7,11,1346.4,2025-12-08 00:03:07,63056.0,,3,7,11,1478.100708,2025-12-08 00:04:07
3,8,11,1344.3,2025-12-08 00:03:08,62053.0,,3,8,11,1478.045532,2025-12-08 00:04:08
3,9,11,1355.5,2025-12-08 00:03:09,61051.0,,3,9,11,1477.947998,2025-12-08 00:04:09
3,10,11,1352.3,2025-12-08 00:03:10,60041.0,,3,10,11,1477.818359,2025-12-08 00:04:10
3,11,11,1348.3,2025-12-08 00:03:11,59037.0,,3,11,11,1477.66333,2025-12-08 00:04:11
3,12,11,1351.6,2025-12-08 00:03:12,58033.0,,3,12,11,1477.488892,2025-12-08 00:04:12
3,13,11,1347.8,2025-12-08 00:03:13,57025.0,,3,13,11,1477.300049,2025-12-08 00:04:13
3,14,11,1349.1,2025-12-08 00:03:14,56015.0,,3,14,11,1477.099854,2025-12-08 00:04:14
3,15,11,1359.5,2025-12-08 00:03:15,55011.0,,3,15,11,1476.891602,2025-12-08 00:04:15
3,16,11,1345.1,2025-12-08 00:03:16,53999.0,,3,16,11,1476.677734,2025-12-08 00:04:16
3,17,11,1347.3,2025-12-08 00:03:17,52986.0,,3,17,11,1476.458252,2025-12-08 00:04:17
3,18,11,1351.7,2025-12-08 00:03:18,51984.0,,3,18,11,1476.235596,2025-12-08 00:04:18
3,19,11,1353.7,2025-12-08 00:03:19,50979.0,,3,19,11,1476.010254,2025-12-08 00:04:19
3,20,11,1351.5,2025-12-08 00:03:20,49977.0,,3,20,11,1475.783081,2025-12-08 00:04:20
3,21,11,1355.9,2025-12-08 00:03:21,48967.0,,3,21,11,1475.553833,2025-12-08 00:04:21
3,22,11,1354.3,2025-12-08 00:03:22,47965.0,,3,22,11,1475.323364,2025-12-08 00:04:22
3,23,11,1360.4,2025-12-08 00:03:23,46962.0,,3,23,11,1475.091553,2025-12-08 00:04:23
3,24,11,1363.8,2025-12-08 00:03:24,45958.0,,3,24,11,1474.858765,2025-12-08 00:04:24
3,25,11,1343.9,2025-12-08 00:03:25,44955.0,,3,25,11,1474.625,2025-12-08 00:04:25
3,26,11,1350.2,2025-12-08 00:03:26,43944.0,,3,26,11,1474.38916,2025-12-08 00:04:26
3,27,11,1387.2,2025-12-08 00:03:27,42942.0,,3,27,11,1474.15271,2025-12-08 00:04:27
3,28,11,1480.8,2025-12-08 00:03:28,41939.0,,3,28,11,1473.916992,2025-12-08 00:04:28
3,29,11,1457.4,2025-12-08 00:03:29,40937.0,,3,29,11,1473.68457,2025-12-08 00:04:29
3,30,11,1457.1,2025-12-08 00:03:30,39934.0,,3,30,11,1473.450562,2025-12-08 00:04:30
3,31,11,1457.2,2025-12-08 00:03:31,38930.0,,3,31,11,1473.215698,2025-12-08 00:04:31
3,32,11,1457.5,2025-12-08 00:03:32,37927.0,,3,32,11,1472.979858,2025-12-08 00:04:32
3,33,11,1460.9,2025-12-08 00:03:33,36926.0,,3,33,11,1472.743408,2025-12-08 00:04:33
3,34,11,1465.2,2025-12-08 00:03:34,35923.0,,3,34,11,1472.505859,2025-12-08 00:04:34
3,35,11,1470.8,2025-12-08 00:03:35,34921.0,,3,35,11,1472.267456,2025-12-08 00:04:35
3,36,11,1446.7,2025-12-08 00:03:36,33920.0,,3,36,11,1472.028442,2025-12-08 00:04:36
3,37,11,1459.2,2025-12-08 00:03:37,32917.0,,3,37,11,1471.786987,2025-12-08 00:04:37
3,38,11,1458.3,2025-12-08 00:03:38,31914.0,,3,38,11,1471.545044,2025-12-08 00:04:38
3,39,11,1460.6,2025-12-08 00:03:39,30912.0,,3,39,11,1471.302002,2025-12-08 00:04:39
3,40,11,1461.1,2025-12-08 00:03:40,29910.0,,3,40,11,1471.057861,2025-12-08 00:04:40
3,41,11,1454.5,2025-12-08 00:03:41,28908.0,,3,41,11,1470.812256,2025-12-08 00:04:41
3,42,11,1462.2,2025-12-08 00:03:42,27906.0,,3,42,11,1470.56543,2025-12-08 00:04:42
3,43,11,1453.4,2025-12-08 00:03:43,26904.0,,3,43,11,1470.317383,2025-12-08 00:04:43
3,44,11,1459.1,2025-12-08 00:03:44,25903.0,,3,44,11,1470.067627,2025-12-08 00:04:44
3,45,11,1456.6,2025-12-08 00:03:45,24901.0,,3,45,11,1469.816895,2025-12-08 00:04:45
3,46,11,1456.0,2025-12-08 00:03:46,23900.0,,3,46,11,1469.564697,2025-12-08 00:04:46
3,47,11,1455.1,2025-12-08 00:03:47,22898.0,,3,47,11,1469.311157,2025-12-08 00:04:47
3,48,11,1456.3,2025-12-08 00:03:48,21897.0,,3,48,11,1469.056274,2025-12-08 00:04:48
3,49,11,1454.8,2025-12-08 00:03:49,20894.0,,3,49,11,1468.799927,2025-12-08 00:04:49
3,50,11,1454.6,2025-12-08 00:03:50,19893.0,,3,50,11,1468.542236,2025-12-08 00:04:50
3,51,11,1457.9,2025-12-08 00:03:51,18891.0,,3,51,11,1468.283325,2025-12-08 00:04:51
3,52,11,1462.4,2025-12-08 00:03:52,17889.0,,3,52,11,1468.023071,2025-12-08 00:04:52
3,53,11,1466.4,2025-12-08 00:03:53,16887.0,,3,53,11,1467.761841,2025-12-08 00:04:53
3,54,11,1463.3,2025-12-08 00:03:54,15886.0,,3,54,11,1467.49939,2025-12-08 00:04:54
3,55,11,1456.1,2025-12-08 00:03:55,14884.0,,3,55,11,1467.235962,2025-12-08 00:04:55
3,56,11,1485.4,2025-12-08 00:03:56,13882.0,,3,56,11,1466.971191,2025-12-08 00:04:56
3,57,11,1527.6,2025-12-08 00:03:57,12880.0,,3,57,11,1466.706665,2025-12-08 00:04:57
3,58,11,1518.7,2025-12-08 00:03:58,11879.0,,3,58,11,1466.442993,2025-12-08 00:04:58
3,59,11,1517.0,2025-12-08 00:03:59,10877.0,,3,59,11,1466.178223,2025-12-08 00:04:59
4,0,11,1527.4,2025-12-08 00:04:00,69812.0,,4,0,11,1603.005127,2025-12-08 00:05:00
4,1,11,1527.4,2025-12-08 00:04:01,68810.0,,4,1,11,1603.545166,2025-12-08 00:05:01
4,2,11,1517.7,2025-12-08 00:04:02,67806.0,,4,2,11,1604.1073,2025-12-08 00:05:02
4,3,11,1519.2,2025-12-08 00:04:03,66803.0,,4,3,11,1604.66394,2025-12-08 00:05:03
4,4,11,1521.2,2025-12-08 00:04:04,65802.0,,4,4,11,1605.2229,2025-12-08 00:05:04
4,5,11,1523.6,2025-12-08 00:04:05,64800.0,,4,5,11,1605.785889,2025-12-08 00:05:05
4,6,11,1531.0,2025-12-08 00:04:06,63798.0,,4,6,11,1606.354858,2025-12-08 00:05:06
4,7,11,1520.2,2025-12-08 00:04:07,62796.0,,4,7,11,1606.929932,2025-12-08 00:05:07
4,8,11,1526.8,2025-12-08 00:04:08,61795.0,,4,8,11,1607.511353,2025-12-08 00:05:08
4,9,11,1524.9,2025-12-08 00:04:09,60792.0,,4,9,11,1608.099731,2025-12-08 00:05:09
4,10,11,1523.8,2025-12-08 00:04:10,59790.0,,4,10,11,1608.694458,2025-12-08 00:05:10
4,11,11,1521.1,2025-12-08 00:04:11,58786.0,,4,11,11,1609.29541,2025-12-08 00:05:11
4,12,11,1527.9,2025-12-08 00:04:12,57784.0,,4,12,11,1609.902466,2025-12-08 00:05:12
4,13,11,1514.4,2025-12-08 00:04:13,56781.0,,4,13,11,1610.515381,2025-12-08 00:05:13
4,14,11,1512.2,2025-12-08 00:04:14,55778.0,,4,14,11,1611.133301,2025-12-08 00:05:14
4,15,11,1522.3,2025-12-08 00:04:15,54774.0,,4,15,11,1611.756226,2025-12-08 00:05:15
4,16,11,1528.0,2025-12-08 00:04:16,53753.0,,4,16,11,1612.384277,2025-12-08 00:05:16
4,17,11,1519.5,2025-12-08 00:04:17,52751.0,,4,17,11,1613.017334,2025-12-08 00:05:17
4,18,11,1518.1,2025-12-08 00:04:18,51748.0,,4,18,11,1613.654297,2025-12-08 00:05:18
4,19,11,1524.6,2025-12-08 00:04:19,50745.0,,4,19,11,1614.295532,2025-12-08 00:05:19
4,20,11,1526.1,2025-12-08 00:04:20,49743.0,,4,20,11,1614.940796,2025-12-08 00:05:20
4,21,11,1525.6,2025-12-08 00:04:21,48739.0,,4,21,11,1615.590088,2025-12-08 00:05:21
4,22,11,1528.8,2025-12-08 00:04:22,47737.0,,4,22,11,1616.242798,2025-12-08 00:05:22
4,23,11,1513.7,2025-12-08 00:04:23,46732.0,,4,23,11,1616.899292,2025-12-08 00:05:23
4,24,11,1516.8,2025-12-08 00:04:24,45729.0,,4,24,11,1617.558716,2025-12-08 00:05:24
4,25,11,1526.8,2025-12-08 00:04:25,44724.0,,4,25,11,1618.221436,2025-12-08 00:05:25
4,26,11,1520.7,2025-12-08 00:04:26,43723.0,,4,26,11,1618.887573,2025-12-08 00:05:26
4,27,11,1525.4,2025-12-08 00:04:27,42721.0,,4,27,11,1619.557007,2025-12-08 00:05:27
4,28,11,1526.4,2025-12-08 00:04:28,41717.0,,4,28,11,1620.229492,2025-12-08 00:05:28
4,29,11,1535.5,2025-12-08 00:04:29,40715.0,,4,29,11,1620.905029,2025-12-08 00:05:29
4,30,11,1519.8,2025-12-08 00:04:30,39712.0,,4,30,11,1621.584106,2025-12-08 00:05:30
4,31,11,1515.1,2025-12-08 00:04:31,38709.0,,4,31,11,1622.265259,2025-12-08 00:05:31
4,32,11,1530.0,2025-12-08 00:04:32,37707.0,,4,32,11,1622.949341,2025-12-08 00:05:32
4,33,11,1516.3,2025-12-08 00:04:33,36703.0,,4,33,11,1623.636597,2025-12-08 00:05:33
4,34,11,1516.4,2025-12-08 00:04:34,35691.0,,4,34,11,1624.326172,2025-12-08 00:05:34
4,35,11,1510.8,2025-12-08 00:04:35,34688.0,,4,35,11,1625.018555,2025-12-08 00:05:35
4,36,11,1533.1,2025-12-08 00:04:36,33684.0,,4,36,11,1625.713623,2025-12-08 00:05:36
4,37,11,1599.4,2025-12-08 00:04:37,32681.0,,4,37,11,1626.412109,2025-12-08 00:05:37
4,38,11,1597.6,2025-12-08 00:04:38,31678.0,,4,38,11,1627.115723,2025-12-08 00:05:38
4,39,11,1597.7,2025-12-08 00:04:39,30670.0,,4,39,11,1627.822876,2025-12-08 00:05:39
4,40,11,1599.5,2025-12-08 00:04:40,29664.0,,4,40,11,1628.533447,2025-12-08 00:05:40
4,41,11,1605.4,2025-12-08 00:04:41,28660.0,,4,41,11,1629.247803,2025-12-08 00:05:41
4,42,11,1602.1,2025-12-08 00:04:42,27658.0,,4,42,11,1629.965698,2025-12-08 00:05:42
4,43,11,1601.4,2025-12-08 00:04:43,26653.0,,4,43,11,1630.687134,2025-12-08 00:05:43
4,44,11,1603.2,2025-12-08 00:04:44,25651.0,,4,44,11,1631.411987,2025-12-08 00:05:44
4,45,11,1605.5,2025-12-08 00:04:45,24649.0,,4,45,11,1632.140625,2025-12-08 00:05:45
4,46,11,1605.0,2025-12-08 00:04:46,23648.0,,4,46,11,1632.872803,2025-12-08 00:05:46
4,47,11,1603.2,2025-12-08 00:04:47,22645.0,,4,47,11,1633.608276,2025-12-08 00:05:47
4,48,11,1605.8,2025-12-08 00:04:48,21643.0,,4,48,11,1634.34729,2025-12-08 00:05:48
4,49,11,1602.6,2025-12-08 00:04:49,20637.0,,4,49,11,1635.09021,2025-12-08 00:05:49
4,50,11,1609.2,2025-12-08 00:04:50,19635.0,,4,50,11,1635.836182,2025-12-08 00:05:50
4,51,11,1609.3,2025-12-08 00:04:51,18634.0,,4,51,11,1636.58606,2025-12-08 00:05:51
4,52,11,1608.0,2025-12-08 00:04:52,17631.0,,4,52,11,1637.339478,2025-12-08 00:05:52
4,53,11,1600.6,2025-12-08 00:04:53,16630.0,,4,53,11,1638.096191,2025-12-08 00:05:53
4,54,11,1596.6,2025-12-08 00:04:54,15628.0,,4,54,11,1638.856201,2025-12-08 00:05:54
4,55,11,1595.9,2025-12-08 00:04:55,14625.0,,4,55,11,1639.619507,2025-12-08 00:05:55
4,56,11,1596.2,2025-12-08 00:04:56,13623.0,,4,56,11,1640.385986,2025-12-08 00:05:56
4,57,11,1603.6,2025-12-08 00:04:57,12619.0,,4,57,11,1641.15564,2025-12-08 00:05:57
4,58,11,1600.8,2025-12-08 00:04:58,11616.0,,4,58,11,1641.928833,2025-12-08 00:05:58
4,59,11,1598.0,2025-12-08 00:04:59,10614.0,,4,59,11,1642.705322,2025-12-08 00:05:59
5,0,11,1599.6,2025-12-08 00:05:00,69781.0,,5,0,11,1744.611206,2025-12-08 00:06:00
5,1,11,1603.3,2025-12-08 00:05:01,68777.0,,5,1,11,1745.250488,2025-12-08 00:06:01
5,2,11,1598.2,2025-12-08 00:05:02,67775.0,,5,2,11,1745.963623,2025-12-08 00:06:02
5,3,11,1600.7,2025-12-08 00:05:03,66773.0,,5,3,11,1746.679321,2025-12-08 00:06:03
5,4,11,1601.0,2025-12-08 00:05:04,65770.0,,5,4,11,1747.406982,2025-12-08 00:06:04
5,5,11,1599.3,2025-12-08 00:05:05,64767.0,,5,5,11,1748.143921,2025-12-08 00:06:05
5,6,11,1605.3,2025-12-08 00:05:06,63764.0,,5,6,11,1748.889038,2025-12-08 00:06:06
5,7,11,1613.0,2025-12-08 00:05:07,62760.0,,5,7,11,1749.639648,2025-12-08 00:06:07
5,8,11,1597.4,2025-12-08 00:05:08,61759.0,,5,8,11,1750.394287,2025-12-08 00:06:08
5,9,11,1606.6,2025-12-08 00:05:09,60753.0,,5,9,11,1751.150757,2025-12-08 00:06:09
5,10,11,1617.7,2025-12-08 00:05:10,59751.0,,5,10,11,1751.908325,2025-12-08 00:06:10
5,11,11,1598.0,2025-12-08 00:05:11,58749.0,,5,11,11,1752.665527,2025-12-08 00:06:11
5,12,11,1598.7,2025-12-08 00:05:12,57747.0,,5,12,11,1753.421387,2025-12-08 00:06:12
5,13,11,1598.7,2025-12-08 00:05:13,56743.0,,5,13,11,1754.174805,2025-12-08 00:06:13
5,14,11,1599.6,2025-12-08 00:05:14,55738.0,,5,14,11,1754.925293,2025-12-08 00:06:14
5,15,11,1604.2,2025-12-08 00:05:15,54735.0,,5,15,11,1755.672485,2025-12-08 00:06:15
5,16,11,1606.9,2025-12-08 00:05:16,53733.0,,5,16,11,1756.415527,2025-12-08 00:06:16
5,17,11,1606.4,2025-12-08 00:05:17,52731.0,,5,17,11,1757.154541,2025-12-08 00:06:17
5,18,11,1601.5,2025-12-08 00:05:18,51727.0,,5,18,11,1757.889038,2025-12-08 00:06:18
5,19,11,1608.6,2025-12-08 00:05:19,50724.0,,5,19,11,1758.618408,2025-12-08 00:06:19
5,20,11,1608.6,2025-12-08 00:05:20,49719.0,,5,20,11,1759.342896,2025-12-08 00:06:20
5,21,11,1609.4,2025-12-08 00:05:21,48711.0,,5,21,11,1760.06189,2025-12-08 00:06:21
5,22,11,1606.4,2025-12-08 00:05:22,47706.0,,5,22,11,1760.775513,2025-12-08 00:06:22
5,23,11,1602.6,2025-12-08 00:05:23,46701.0,,5,23,11,1761.483765,2025-12-08 00:06:23
5,24,11,1603.5,2025-12-08 00:05:24,45694.0,,5,24,11,1762.186279,2025-12-08 00:06:24
5,25,11,1601.9,2025-12-08 00:05:25,44693.0,,5,25,11,1762.882812,2025-12-08 00:06:25
5,26,11,1666.5,2025-12-08 00:05:26,43691.0,,5,26,11,1763.573853,2025-12-08 00:06:26
5,27,11,1721.7,2025-12-08 00:05:27,42689.0,,5,27,11,1764.260376,2025-12-08 00:06:27
5,28,11,1741.5,2025-12-08 00:05:28,41682.0,,5,28,11,1764.942139,2025-12-08 00:06:28
5,29,11,1730.5,2025-12-08 00:05:29,40674.0,,5,29,11,1765.619385,2025-12-08 00:06:29
5,30,11,1738.5,2025-12-08 00:05:30,39674.0,,5,30,11,1766.29187,2025-12-08 00:06:30
5,31,11,1758.8,2025-12-08 00:05:31,38671.0,,5,31,11,1766.959229,2025-12-08 00:06:31
5,32,11,1741.6,2025-12-08 00:05:32,37668.0,,5,32,11,1767.622314,2025-12-08 00:06:32
5,33,11,1755.6,2025-12-08 00:05:33,36663.0,,5,33,11,1768.280273,2025-12-08 00:06:33
5,34,11,1735.6,2025-12-08 00:05:34,35660.0,,5,34,11,1768.933716,2025-12-08 00:06:34
5,35,11,1738.7,2025-12-08 00:05:35,34646.0,,5,35,11,1769.581787,2025-12-08 00:06:35
5,36,11,1739.3,2025-12-08 00:05:36,33643.0,,5,36,11,1770.225464,2025-12-08 00:06:36
5,37,11,1739.2,2025-12-08 00:05:37,32625.0,,5,37,11,1770.863892,2025-12-08 00:06:37
5,38,11,1734.4,2025-12-08 00:05:38,31623.0,,5,38,11,1771.497437,2025-12-08 00:06:38
5,39,11,1737.6,2025-12-08 00:05:39,30606.0,,5,39,11,1772.126099,2025-12-08 00:06:39
5,40,11,1740.4,2025-12-08 00:05:40,29583.0,,5,40,11,1772.749756,2025-12-08 00:06:40
5,41,11,1738.5,2025-12-08 00:05:41,28547.0,,5,41,11,1773.368896,2025-12-08 00:06:41
5,42,11,1738.1,2025-12-08 00:05:42,27545.0,,5,42,11,1773.982544,2025-12-08 00:06:42
5,43,11,1740.9,2025-12-08 00:05:43,26501.0,,5,43,11,1774.591797,2025-12-08 00:06:43
5,44,11,1736.0,2025-12-08 00:05:44,25497.0,,5,44,11,1775.195435,2025-12-08 00:06:44
5,45,11,1738.1,2025-12-08 00:05:45,24495.0,,5,45,11,1775.794678,2025-12-08 00:06:45
5,46,11,1744.1,2025-12-08 00:05:46,23293.0,,5,46,11,1776.388672,2025-12-08 00:06:46
5,47,11,1733.0,2025-12-08 00:05:47,22071.0,,5,47,11,1776.978149,2025-12-08 00:06:47
5,48,11,1739.9,2025-12-08 00:05:48,21068.0,,5,48,11,1777.562378,2025-12-08 00:06:48
5,49,11,1739.2,2025-12-08 00:05:49,19857.0,,5,49,11,1778.141357,2025-12-08 00:06:49
5,50,11,1741.0,2025-12-08 00:05:50,18843.0,,5,50,11,1778.71582,2025-12-08 00:06:50
5,51,11,1738.9,2025-12-08 00:05:51,17840.0,,5,51,11,1779.285278,2025-12-08 00:06:51
5,52,11,1738.9,2025-12-08 00:05:52,16826.0,,5,52,11,1779.849243,2025-12-08 00:06:52
5,53,11,1736.0,2025-12-08 00:05:53,15749.0,,5,53,11,1780.408936,2025-12-08 00:06:53
5,54,11,1741.9,2025-12-08 00:05:54,14745.0,,5,54,11,1780.962891,2025-12-08 00:06:54
5,55,11,1736.5,2025-12-08 00:05:55,13740.0,,5,55,11,1781.512695,2025-12-08 00:06:55
5,56,11,1736.9,2025-12-08 00:05:56,12739.0,,5,56,11,1782.057129,2025-12-08 00:06:56
5,57,11,1742.3,2025-12-08 00:05:57,11523.0,,5,57,11,1782.596558,2025-12-08 00:06:57
5,58,11,1739.5,2025-12-08 00:05:58,10522.0,,5,58,11,1783.131226,2025-12-08 00:06:58
5,59,11,1736.2,2025-12-08 00:05:59,9520.0,,5,59,11,1783.660645,2025-12-08 00:06:59
6,0,11,1745.2,2025-12-08 00:06:00,68352.0,,6,0,11,1749.000244,2025-12-08 00:07:00
6,1,11,1742.2,2025-12-08 00:06:01,67348.0,,6,1,11,1749.613281,2025-12-08 00:07:01
6,2,11,1745.4,2025-12-08 00:06:02,66342.0,,6,2,11,1750.302246,2025-12-08 00:07:02
6,3,11,1741.2,2025-12-08 00:06:03,65340.0,,6,3,11,1750.994507,2025-12-08 00:07:03
6,4,11,1737.8,2025-12-08 00:06:04,64330.0,,6,4,11,1751.699097,2025-12-08 00:07:04
6,5,11,1740.2,2025-12-08 00:06:05,63329.0,,6,5,11,1752.41333,2025-12-08 00:07:05
6,6,11,1740.8,2025-12-08 00:06:06,62327.0,,6,6,11,1753.134766,2025-12-08 00:07:06
6,7,11,1742.0,2025-12-08 00:06:07,61291.0,,6,7,11,1753.861206,2025-12-08 00:07:07
6,8,11,1737.4,2025-12-08 00:06:08,60277.0,,6,8,11,1754.590454,2025-12-08 00:07:08
6,9,11,1747.2,2025-12-08 00:06:09,59266.0,,6,9,11,1755.320923,2025-12-08 00:07:09
6,10,11,1749.9,2025-12-08 00:06:10,58265.0,,6,10,11,1756.051392,2025-12-08 00:07:10
6,11,11,1739.0,2025-12-08 00:06:11,57264.0,,6,11,11,1756.780518,2025-12-08 00:07:11
6,12,11,1757.0,2025-12-08 00:06:12,56111.0,,6,12,11,1757.508179,2025-12-08 00:07:12
6,13,11,1742.9,2025-12-08 00:06:13,55110.0,,6,13,11,1758.232788,2025-12-08 00:07:13
6,14,11,1739.6,2025-12-08 00:06:14,54046.0,,6,14,11,1758.954102,2025-12-08 00:07:14
6,15,11,1741.2,2025-12-08 00:06:15,53027.0,,6,15,11,1759.671753,2025-12-08 00:07:15
6,16,11,1736.5,2025-12-08 00:06:16,52006.0,,6,16,11,1760.385132,2025-12-08 00:07:16
6,17,11,1737.6,2025-12-08 00:06:17,51003.0,,6,17,11,1761.094238,2025-12-08 00:07:17
6,18,11,1756.1,2025-12-08 00:06:18,50001.0,,6,18,11,1761.798462,2025-12-08 00:07:18
6,19,11,1747.9,2025-12-08 00:06:19,48997.0,,6,19,11,1762.498657,2025-12-08 00:07:19
6,20,11,1743.4,2025-12-08 00:06:20,47991.0,,6,20,11,1763.194092,2025-12-08 00:07:20
6,21,11,1740.5,2025-12-08 00:06:21,46987.0,,6,21,11,1763.884277,2025-12-08 00:07:21
6,22,11,1742.1,2025-12-08 00:06:22,45982.0,,6,22,11,1764.569702,2025-12-08 00:07:22
6,23,11,1742.5,2025-12-08 00:06:23,44975.0,,6,23,11,1765.25061,2025-12-08 00:07:23
6,24,11,1741.6,2025-12-08 00:06:24,43968.0,,6,24,11,1765.926147,2025-12-08 00:07:24
6,25,11,1740.0,2025-12-08 00:06:25,42960.0,,6,25,11,1766.596802,2025-12-08 00:07:25
6,26,11,1749.5,2025-12-08 00:06:26,41959.0,,6,26,11,1767.262695,2025-12-08 00:07:26
6,27,11,1739.9,2025-12-08 00:06:27,40957.0,,6,27,11,1767.923706,2025-12-08 00:07:27
6,28,11,1743.0,2025-12-08 00:06:28,39952.0,,6,28,11,1768.579712,2025-12-08 00:07:28
6,29,11,1737.2,2025-12-08 00:06:29,38941.0,,6,29,11,1769.230713,2025-12-08 00:07:29
6,30,11,1740.4,2025-12-08 00:06:30,37938.0,,6,30,11,1769.876587,2025-12-08 00:07:30
6,31,11,1740.3,2025-12-08 00:06:31,36937.0,,6,31,11,1770.517578,2025-12-08 00:07:31
6,32,11,1750.6,2025-12-08 00:06:32,35936.0,,6,32,11,1771.154053,2025-12-08 00:07:32
6,33,11,1742.7,2025-12-08 00:06:33,34935.0,,6,33,11,1771.785278,2025-12-08 00:07:33
6,34,11,1740.2,2025-12-08 00:06:34,33932.0,,6,34,11,1772.411743,2025-12-08 00:07:34
6,35,11,1738.2,2025-12-08 00:06:35,32928.0,,6,35,11,1773.033081,2025-12-08 00:07:35
6,36,11,1738.5,2025-12-08 00:06:36,31924.0,,6,36,11,1773.64978,2025-12-08 00:07:36
6,37,11,1739.8,2025-12-08 00:06:37,30915.0,,6,37,11,1774.26123,2025-12-08 00:07:37
6,38,11,1740.9,2025-12-08 00:06:38,29910.0,,6,38,11,1774.867798,2025-12-08 00:07:38
6,39,11,1743.8,2025-12-08 00:06:39,28897.0,,6,39,11,1775.469482,2025-12-08 00:07:39
6,40,11,1736.1,2025-12-08 00:06:40,27895.0,,6,40,11,1776.066284,2025-12-08 00:07:40
6,41,11,1740.8,2025-12-08 00:06:41,26894.0,,6,41,11,1776.657959,2025-12-08 00:07:41
6,42,11,1743.3,2025-12-08 00:06:42,25892.0,,6,42,11,1777.244751,2025-12-08 00:07:42
6,43,11,1741.1,2025-12-08 00:06:43,24891.0,,6,43,11,1777.826416,2025-12-08 00:07:43
6,44,11,1744.5,2025-12-08 00:06:44,23890.0,,6,44,11,1778.403564,2025-12-08 00:07:44
6,45,11,1740.4,2025-12-08 00:06:45,22888.0,,6,45,11,1778.97522,2025-12-08 00:07:45
6,46,11,1740.0,2025-12-08 00:06:46,21887.0,,6,46,11,1779.54248,2025-12-08 00:07:46
6,47,11,1737.3,2025-12-08 00:06:47,20885.0,,6,47,11,1780.104492,2025-12-08 00:07:47
6,48,11,1742.7,2025-12-08 00:06:48,19884.0,,6,48,11,1780.661255,2025-12-08 00:07:48
6,49,11,1743.8,2025-12-08 00:06:49,18883.0,,6,49,11,1781.213745,2025-12-08 00:07:49
6,50,11,1742.0,2025-12-08 00:06:50,17881.0,,6,50,11,1781.760986,2025-12-08 00:07:50
6,51,11,1743.6,2025-12-08 00:06:51,16880.0,,6,51,11,1782.302979,2025-12-08 00:07:51
6,52,11,1738.6,2025-12-08 00:06:52,15877.0,,6,52,11,1782.84021,2025-12-08 00:07:52
6,53,11,1739.8,2025-12-08 00:06:53,14876.0,,6,53,11,1783.372681,2025-12-08 00:07:53
6,54,11,1737.2,2025-12-08 00:06:54,13874.0,,6,54,11,1783.899902,2025-12-08 00:07:54
6,55,11,1741.4,2025-12-08 00:06:55,12873.0,,6,55,11,1784.422241,2025-12-08 00:07:55
6,56,11,1748.6,2025-12-08 00:06:56,11870.0,,6,56,11,1784.939453,2025-12-08 00:07:56
6,57,11,1751.0,2025-12-08 00:06:57,10869.0,,6,57,11,1785.452271,2025-12-08 00:07:57
6,58,11,1741.0,2025-12-08 00:06:58,9867.0,,6,58,11,1785.959961,2025-12-08 00:07:58
6,59,11,1740.3,2025-12-08 00:06:59,8864.0,,6,59,11,1786.462769,2025-12-08 00:07:59
7,0,11,1746.8,2025-12-08 00:07:00,67710.0,,7,0,11,1748.86499,2025-12-08 00:08:00
7,1,11,1744.8,2025-12-08 00:07:01,66709.0,,7,1,11,1749.513184,2025-12-08 00:08:01
7,2,11,1745.6,2025-12-08 00:07:02,65705.0,,7,2,11,1750.215454,2025-12-08 00:08:02
7,3,11,1744.7,2025-12-08 00:07:03,64704.0,,7,3,11,1750.923462,2025-12-08 00:08:03
7,4,11,1740.1,2025-12-08 00:07:04,63702.0,,7,4,11,1751.641357,2025-12-08 00:08:04
7,5,11,1737.1,2025-12-08 00:07:05,62701.0,,7,5,11,1752.366821,2025-12-08 00:08:05
7,6,11,1737.1,2025-12-08 00:07:06,61699.0,,7,6,11,1753.097656,2025-12-08 00:08:06
7,7,11,1741.0,2025-12-08 00:07:07,60697.0,,7,7,11,1753.831665,2025-12-08 00:08:07
7,8,11,1736.3,2025-12-08 00:07:08,59690.0,,7,8,11,1754.566895,2025-12-08 00:08:08
7,9,11,1745.0,2025-12-08 00:07:09,58681.0,,7,9,11,1755.302124,2025-12-08 00:08:09
7,10,11,1737.6,2025-12-08 00:07:10,57679.0,,7,10,11,1756.036499,2025-12-08 00:08:10
7,11,11,1742.0,2025-12-08 00:07:11,56677.0,,7,11,11,1756.768555,2025-12-08 00:08:11
7,12,11,1738.0,2025-12-08 00:07:12,55674.0,,7,12,11,1757.498169,2025-12-08 00:08:12
7,13,11,1742.1,2025-12-08 00:07:13,54673.0,,7,13,11,1758.224487,2025-12-08 00:08:13
7,14,11,1738.8,2025-12-08 00:07:14,53671.0,,7,14,11,1758.946655,2025-12-08 00:08:14
7,15,11,1743.7,2025-12-08 00:07:15,52668.0,,7,15,11,1759.665161,2025-12-08 00:08:15
7,16,11,1741.0,2025-12-08 00:07:16,51666.0,,7,16,11,1760.378906,2025-12-08 00:08:16
7,17,11,1741.0,2025-12-08 00:07:17,50664.0,,7,17,11,1761.088379,2025-12-08 00:08:17
7,18,11,1741.9,2025-12-08 00:07:18,49660.0,,7,18,11,1761.793213,2025-12-08 00:08:18
7,19,11,1748.6,2025-12-08 00:07:19,48658.0,,7,19,11,1762.493286,2025-12-08 00:08:19
7,20,11,1747.3,2025-12-08 00:07:20,47655.0,,7,20,11,1763.18811,2025-12-08 00:08:20
7,21,11,1738.9,2025-12-08 00:07:21,46653.0,,7,21,11,1763.878906,2025-12-08 00:08:21
7,22,11,1737.3,2025-12-08 00:07:22,45649.0,,7,22,11,1764.564087,2025-12-08 00:08:22
7,23,11,1743.7,2025-12-08 00:07:23,44645.0,,7,23,11,1765.244629,2025-12-08 00:08:23
7,24,11,1744.6,2025-12-08 00:07:24,43643.0,,7,24,11,1765.920166,2025-12-08 00:08:24
7,25,11,1740.6,2025-12-08 00:07:25,42640.0,,7,25,11,1766.591064,2025-12-08 00:08:25
7,26,11,1745.2,2025-12-08 00:07:26,41639.0,,7,26,11,1767.25647,2025-12-08 00:08:26
7,27,11,1734.9,2025-12-08 00:07:27,40637.0,,7,27,11,1767.917114,2025-12-08 00:08:27
7,28,11,1740.4,2025-12-08 00:07:28,39635.0,,7,28,11,1768.57312,2025-12-08 00:08:28
7,29,11,1740.3,2025-12-08 00:07:29,38634.0,,7,29,11,1769.223999,2025-12-08 00:08:29
7,30,11,1760.3,2025-12-08 00:07:30,37632.0,,7,30,11,1769.869751,2025-12-08 00:08:30
7,31,11,1740.4,2025-12-08 00:07:31,36631.0,,7,31,11,1770.510986,2025-12-08 00:08:31
7,32,11,1742.4,2025-12-08 00:07:32,35629.0,,7,32,11,1771.147217,2025-12-08 00:08:32
7,33,11,1742.8,2025-12-08 00:07:33,34625.0,,7,33,11,1771.778442,2025-12-08 00:08:33
7,34,11,1739.9,2025-12-08 00:07:34,33623.0,,7,34,11,1772.404907,2025-12-08 00:08:34
7,35,11,1740.1,2025-12-08 00:07:35,32620.0,,7,35,11,1773.026123,2025-12-08 00:08:35
7,36,11,1739.9,2025-12-08 00:07:36,31618.0,,7,36,11,1773.642944,2025-12-08 00:08:36
7,37,11,1743.0,2025-12-08 00:07:37,30616.0,,7,37,11,1774.25415,2025-12-08 00:08:37
7,38,11,1742.1,2025-12-08 00:07:38,29614.0,,7,38,11,1774.861084,2025-12-08 00:08:38
7,39,11,1742.5,2025-12-08 00:07:39,28612.0,,7,39,11,1775.462646,2025-12-08 00:08:39
7,40,11,1741.6,2025-12-08 00:07:40,27608.0,,7,40,11,1776.059448,2025-12-08 00:08:40
7,41,11,1742.9,2025-12-08 00:07:41,26606.0,,7,41,11,1776.651489,2025-12-08 00:08:41
7,42,11,1748.3,2025-12-08 00:07:42,25605.0,,7,42,11,1777.238281,2025-12-08 00:08:42
7,43,11,1736.1,2025-12-08 00:07:43,24604.0,,7,43,11,1777.820312,2025-12-08 00:08:43
7,44,11,1732.5,2025-12-08 00:07:44,23602.0,,7,44,11,1778.397583,2025-12-08 00:08:44
7,45,11,1739.3,2025-12-08 00:07:45,22599.0,,7,45,11,1778.96936,2025-12-08 00:08:45
7,46,11,1740.9,2025-12-08 00:07:46,21598.0,,7,46,11,1779.536499,2025-12-08 00:08:46
7,47,11,1744.1,2025-12-08 00:07:47,20596.0,,7,47,11,1780.098511,2025-12-08 00:08:47
7,48,11,1739.1,2025-12-08 00:07:48,19595.0,,7,48,11,1780.65564,2025-12-08 00:08:48
7,49,11,1739.9,2025-12-08 00:07:49,18593.0,,7,49,11,1781.207764,2025-12-08 00:08:49
7,50,11,1739.1,2025-12-08 00:07:50,17591.0,,7,50,11,1781.755127,2025-12-08 00:08:50
7,51,11,1742.5,2025-12-08 00:07:51,16589.0,,7,51,11,1782.297363,2025-12-08 00:08:51
7,52,11,1737.8,2025-12-08 00:07:52,15587.0,,7,52,11,1782.834839,2025-12-08 00:08:52
7,53,11,1738.8,2025-12-08 00:07:53,14585.0,,7,53,11,1783.367065,2025-12-08 00:08:53
7,54,11,1738.5,2025-12-08 00:07:54,13583.0,,7,54,11,1783.894409,2025-12-08 00:08:54
7,55,11,1743.4,2025-12-08 00:07:55,12581.0,,7,55,11,1784.416626,2025-12-08 00:08:55
7,56,11,1747.0,2025-12-08 00:07:56,11580.0,,7,56,11,1784.934448,2025-12-08 00:08:56
7,57,11,1746.0,2025-12-08 00:07:57,10578.0,,7,57,11,1785.447144,2025-12-08 00:08:57
7,58,11,1745.2,2025-12-08 00:07:58,9577.0,,7,58,11,1785.954712,2025-12-08 00:08:58
7,59,11,1743.3,2025-12-08 00:07:59,8572.0,,7,59,11,1786.45752,2025-12-08 00:08:59
8,0,11,1746.1,2025-12-08 00:08:00,67946.0,,8,0,11,1754.129639,2025-12-08 00:09:00
8,1,11,1747.0,2025-12-08 00:08:01,66933.0,,8,1,11,1754.726685,2025-12-08 00:09:01
8,2,11,1744.3,2025-12-08 00:08:02,65930.0,,8,2,11,1755.366089,2025-12-08 00:09:02
8,3,11,1740.9,2025-12-08 00:08:03,64929.0,,8,3,11,1756.018555,2025-12-08 00:09:03
8,4,11,1750.0,2025-12-08 00:08:04,63928.0,,8,4,11,1756.685791,2025-12-08 00:09:04
8,5,11,1741.1,2025-12-08 00:08:05,62926.0,,8,5,11,1757.364624,2025-12-08 00:09:05
8,6,11,1743.0,2025-12-08 00:08:06,61925.0,,8,6,11,1758.052246,2025-12-08 00:09:06
8,7,11,1741.4,2025-12-08 00:08:07,60923.0,,8,7,11,1758.745483,2025-12-08 00:09:07
8,8,11,1742.5,2025-12-08 00:08:08,59921.0,,8,8,11,1759.442749,2025-12-08 00:09:08
8,9,11,1742.5,2025-12-08 00:08:09,58917.0,,8,9,11,1760.141479,2025-12-08 00:09:09
8,10,11,1744.2,2025-12-08 00:08:10,57916.0,,8,10,11,1760.84082,2025-12-08 00:09:10
8,11,11,1743.6,2025-12-08 00:08:11,56915.0,,8,11,11,1761.539551,2025-12-08 00:09:11
8,12,11,1744.1,2025-12-08 00:08:12,55912.0,,8,12,11,1762.236084,2025-12-08 00:09:12
8,13,11,1744.1,2025-12-08 00:08:13,54908.0,,8,13,11,1762.930054,2025-12-08 00:09:13
8,14,11,1746.4,2025-12-08 00:08:14,53907.0,,8,14,11,1763.62085,2025-12-08 00:09:14
8,15,11,1739.1,2025-12-08 00:08:15,52905.0,,8,15,11,1764.307983,2025-12-08 00:09:15
8,16,11,1740.5,2025-12-08 00:08:16,51902.0,,8,16,11,1764.990601,2025-12-08 00:09:16
8,17,11,1742.7,2025-12-08 00:08:17,50900.0,,8,17,11,1765.668823,2025-12-08 00:09:17
8,18,11,1742.6,2025-12-08 00:08:18,49899.0,,8,18,11,1766.342407,2025-12-08 00:09:18
8,19,11,1746.0,2025-12-08 00:08:19,48893.0,,8,19,11,1767.011108,2025-12-08 00:09:19
8,20,11,1750.3,2025-12-08 00:08:20,47891.0,,8,20,11,1767.675049,2025-12-08 00:09:20
8,21,11,1741.8,2025-12-08 00:08:21,46886.0,,8,21,11,1768.333862,2025-12-08 00:09:21
8,22,11,1742.6,2025-12-08 00:08:22,45884.0,,8,22,11,1768.987915,2025-12-08 00:09:22
8,23,11,1740.8,2025-12-08 00:08:23,44883.0,,8,23,11,1769.636597,2025-12-08 00:09:23
8,24,11,1753.3,2025-12-08 00:08:24,43881.0,,8,24,11,1770.280396,2025-12-08 00:09:24
8,25,11,1743.6,2025-12-08 00:08:25,42880.0,,8,25,11,1770.919189,2025-12-08 00:09:25
8,26,11,1751.3,2025-12-08 00:08:26,41875.0,,8,26,11,1771.55249,2025-12-08 00:09:26
8,27,11,1743.6,2025-12-08 00:08:27,40873.0,,8,27,11,1772.181274,2025-12-08 00:09:27
8,28,11,1746.7,2025-12-08 00:08:28,39871.0,,8,28,11,1772.804565,2025-12-08 00:09:28
8,29,11,1740.9,2025-12-08 00:08:29,38869.0,,8,29,11,1773.422974,2025-12-08 00:09:29
8,30,11,1746.1,2025-12-08 00:08:30,37867.0,,8,30,11,1774.036133,2025-12-08 00:09:30
8,31,11,1742.3,2025-12-08 00:08:31,36852.0,,8,31,11,1774.644653,2025-12-08 00:09:31
8,32,11,1743.4,2025-12-08 00:08:32,35840.0,,8,32,11,1775.247803,2025-12-08 00:09:32
8,33,11,1748.4,2025-12-08 00:08:33,34836.0,,8,33,11,1775.846313,2025-12-08 00:09:33
8,34,11,1760.5,2025-12-08 00:08:34,33833.0,,8,34,11,1776.439453,2025-12-08 00:09:34
8,35,11,1745.1,2025-12-08 00:08:35,32830.0,,8,35,11,1777.027954,2025-12-08 00:09:35
8,36,11,1746.4,2025-12-08 00:08:36,31827.0,,8,36,11,1777.611328,2025-12-08 00:09:36
8,37,11,1745.0,2025-12-08 00:08:37,30813.0,,8,37,11,1778.189941,2025-12-08 00:09:37
8,38,11,1745.5,2025-12-08 00:08:38,29809.0,,8,38,11,1778.763184,2025-12-08 00:09:38
8,39,11,1747.6,2025-12-08 00:08:39,28806.0,,8,39,11,1779.331665,2025-12-08 00:09:39
8,40,11,1747.8,2025-12-08 00:08:40,27804.0,,8,40,11,1779.895508,2025-12-08 00:09:40
8,41,11,1743.8,2025-12-08 00:08:41,26799.0,,8,41,11,1780.454102,2025-12-08 00:09:41
8,42,11,1758.7,2025-12-08 00:08:42,25766.0,,8,42,11,1781.007568,2025-12-08 00:09:42
8,43,11,1744.3,2025-12-08 00:08:43,24765.0,,8,43,11,1781.556519,2025-12-08 00:09:43
8,44,11,1744.6,2025-12-08 00:08:44,23764.0,,8,44,11,1782.10022,2025-12-08 00:09:44
8,45,11,1749.4,2025-12-08 00:08:45,22763.0,,8,45,11,1782.639404,2025-12-08 00:09:45
8,46,11,1747.0,2025-12-08 00:08:46,21702.0,,8,46,11,1783.173462,2025-12-08 00:09:46
8,47,11,1743.1,2025-12-08 00:08:47,20698.0,,8,47,11,1783.702393,2025-12-08 00:09:47
8,48,11,1744.6,2025-12-08 00:08:48,19685.0,,8,48,11,1784.226685,2025-12-08 00:09:48
8,49,11,1743.7,2025-12-08 00:08:49,18659.0,,8,49,11,1784.74585,2025-12-08 00:09:49
8,50,11,1761.2,2025-12-08 00:08:50,17656.0,,8,50,11,1785.259888,2025-12-08 00:09:50
8,51,11,1755.9,2025-12-08 00:08:51,16654.0,,8,51,11,1785.769897,2025-12-08 00:09:51
8,52,11,1744.2,2025-12-08 00:08:52,15610.0,,8,52,11,1786.27478,2025-12-08 00:09:52
8,53,11,1744.9,2025-12-08 00:08:53,14571.0,,8,53,11,1786.774536,2025-12-08 00:09:53
8,54,11,1744.0,2025-12-08 00:08:54,13535.0,,8,54,11,1787.269653,2025-12-08 00:09:54
8,55,11,1745.3,2025-12-08 00:08:55,12529.0,,8,55,11,1787.759644,2025-12-08 00:09:55
8,56,11,1747.1,2025-12-08 00:08:56,11337.0,,8,56,11,1788.244995,2025-12-08 00:09:56
8,57,11,1747.8,2025-12-08 00:08:57,10336.0,,8,57,11,1788.725464,2025-12-08 00:09:57
8,58,11,1747.4,2025-12-08 00:08:58,9334.0,,8,58,11,1789.201294,2025-12-08 00:09:58
8,59,11,1750.1,2025-12-08 00:08:59,8233.0,,8,59,11,1789.671875,2025-12-08 00:09:59
9,0,11,1747.0,2025-12-08 00:09:00,66884.0,,9,0,11,1786.58728,2025-12-08 00:10:00
9,1,11,1749.8,2025-12-08 00:09:01,65881.0,,9,1,11,1789.5979,2025-12-08 00:10:01
9,2,11,1747.8,2025-12-08 00:09:02,64825.0,,9,2,11,1792.661621,2025-12-08 00:10:02
9,3,11,1750.5,2025-12-08 00:09:03,63777.0,,9,3,11,1796.062378,2025-12-08 00:10:03
9,4,11,1750.8,2025-12-08 00:09:04,62774.0,,9,4,11,1799.665649,2025-12-08 00:10:04
9,5,11,1747.7,2025-12-08 00:09:05,61773.0,,9,5,11,1803.365112,2025-12-08 00:10:05
9,6,11,1749.1,2025-12-08 00:09:06,60749.0,,9,6,11,1807.103638,2025-12-08 00:10:06
9,7,11,1745.4,2025-12-08 00:09:07,59669.0,,9,7,11,1810.85498,2025-12-08 00:10:07
9,8,11,1748.6,2025-12-08 00:09:08,58666.0,,9,8,11,1814.610718,2025-12-08 00:10:08
9,9,11,1749.6,2025-12-08 00:09:09,57649.0,,9,9,11,1818.370605,2025-12-08 00:10:09
9,10,11,1748.8,2025-12-08 00:09:10,56648.0,,9,10,11,1822.140259,2025-12-08 00:10:10
9,11,11,1745.3,2025-12-08 00:09:11,55647.0,,9,11,11,1825.925903,2025-12-08 00:10:11
9,12,11,1749.2,2025-12-08 00:09:12,54644.0,,9,12,11,1829.734253,2025-12-08 00:10:12
9,13,11,1747.8,2025-12-08 00:09:13,53613.0,,9,13,11,1833.57019,2025-12-08 00:10:13
9,14,11,1748.1,2025-12-08 00:09:14,52610.0,,9,14,11,1837.438232,2025-12-08 00:10:14
9,15,11,1752.6,2025-12-08 00:09:15,51609.0,,9,15,11,1841.342041,2025-12-08 00:10:15
9,16,11,1752.6,2025-12-08 00:09:16,50607.0,,9,16,11,1845.282959,2025-12-08 00:10:16
9,17,11,1757.4,2025-12-08 00:09:17,49605.0,,9,17,11,1849.262939,2025-12-08 00:10:17
9,18,11,1752.4,2025-12-08 00:09:18,48582.0,,9,18,11,1853.281738,2025-12-08 00:10:18
9,19,11,1754.1,2025-12-08 00:09:19,47581.0,,9,19,11,1857.340088,2025-12-08 00:10:19
9,20,11,1754.4,2025-12-08 00:09:20,46579.0,,9,20,11,1861.436401,2025-12-08 00:10:20
9,21,11,1758.0,2025-12-08 00:09:21,45576.0,,9,21,11,1865.56958,2025-12-08 00:10:21
9,22,11,1746.0,2025-12-08 00:09:22,44574.0,,9,22,11,1869.737793,2025-12-08 00:10:22
9,23,11,1759.3,2025-12-08 00:09:23,43573.0,,9,23,11,1873.940186,2025-12-08 00:10:23
9,24,11,1752.2,2025-12-08 00:09:24,42571.0,,9,24,11,1878.172607,2025-12-08 00:10:24
9,25,11,1751.7,2025-12-08 00:09:25,41569.0,,9,25,11,1882.435059,2025-12-08 00:10:25
9,26,11,1752.4,2025-12-08 00:09:26,40566.0,,9,26,11,1886.724121,2025-12-08 00:10:26
9,27,11,1753.0,2025-12-08 00:09:27,39552.0,,9,27,11,1891.037842,2025-12-08 00:10:27
9,28,11,1754.5,2025-12-08 00:09:28,38549.0,,9,28,11,1895.373169,2025-12-08 00:10:28
9,29,11,1753.5,2025-12-08 00:09:29,37548.0,,9,29,11,1899.728149,2025-12-08 00:10:29
9,30,11,1753.1,2025-12-08 00:09:30,36547.0,,9,30,11,1904.100342,2025-12-08 00:10:30
9,31,11,1771.0,2025-12-08 00:09:31,35545.0,,9,31,11,1908.486694,2025-12-08 00:10:31
9,32,11,1751.8,2025-12-08 00:09:32,34541.0,,9,32,11,1912.883911,2025-12-08 00:10:32
9,33,11,1754.1,2025-12-08 00:09:33,33536.0,,9,33,11,1917.29248,2025-12-08 00:10:33
9,34,11,1749.5,2025-12-08 00:09:34,32534.0,,9,34,11,1921.707275,2025-12-08 00:10:34
9,35,11,1752.9,2025-12-08 00:09:35,31524.0,,9,35,11,1926.126465,2025-12-08 00:10:35
9,36,11,1757.3,2025-12-08 00:09:36,30523.0,,9,36,11,1930.546509,2025-12-08 00:10:36
9,37,11,1756.4,2025-12-08 00:09:37,29521.0,,9,37,11,1934.964478,2025-12-08 00:10:37
9,38,11,1756.4,2025-12-08 00:09:38,28521.0,,9,38,11,1939.37915,2025-12-08 00:10:38
9,39,11,1753.4,2025-12-08 00:09:39,27503.0,,9,39,11,1943.786499,2025-12-08 00:10:39
9,40,11,1754.6,2025-12-08 00:09:40,26502.0,,9,40,11,1948.185059,2025-12-08 00:10:40
9,41,11,1754.0,2025-12-08 00:09:41,25501.0,,9,41,11,1952.570801,2025-12-08 00:10:41
9,42,11,1761.9,2025-12-08 00:09:42,24497.0,,9,42,11,1956.941895,2025-12-08 00:10:42
9,43,11,1752.1,2025-12-08 00:09:43,23496.0,,9,43,11,1961.294556,2025-12-08 00:10:43
9,44,11,1752.7,2025-12-08 00:09:44,22493.0,,9,44,11,1965.62793,2025-12-08 00:10:44
9,45,11,1748.9,2025-12-08 00:09:45,21490.0,,9,45,11,1969.938599,2025-12-08 00:10:45
9,46,11,1754.2,2025-12-08 00:09:46,20486.0,,9,46,11,1974.223511,2025-12-08 00:10:46
9,47,11,1752.6,2025-12-08 00:09:47,19483.0,,9,47,11,1978.47998,2025-12-08 00:10:47
9,48,11,1755.3,2025-12-08 00:09:48,18481.0,,9,48,11,1982.705688,2025-12-08 00:10:48
9,49,11,1748.3,2025-12-08 00:09:49,17478.0,,9,49,11,1986.898071,2025-12-08 00:10:49
9,50,11,1751.2,2025-12-08 00:09:50,16476.0,,9,50,11,1991.055054,2025-12-08 00:10:50
9,51,11,1769.8,2025-12-08 00:09:51,15472.0,,9,51,11,1995.17395,2025-12-08 00:10:51
9,52,11,1754.0,2025-12-08 00:09:52,14470.0,,9,52,11,1999.250488,2025-12-08 00:10:52
9,53,11,1751.6,2025-12-08 00:09:53,13469.0,,9,53,11,2003.286499,2025-12-08 00:10:53
9,54,11,1752.1,2025-12-08 00:09:54,12468.0,,9,54,11,2007.278564,2025-12-08 00:10:54
9,55,11,1749.2,2025-12-08 00:09:55,11466.0,,9,55,11,2011.223145,2025-12-08 00:10:55
9,56,11,1753.9,2025-12-08 00:09:56,10463.0,,9,56,11,2015.119507,2025-12-08 00:10:56
9,57,11,1764.4,2025-12-08 00:09:57,9462.0,,9,57,11,2018.964355,2025-12-08 00:10:57
9,58,11,1754.8,2025-12-08 00:09:58,8461.0,,9,58,11,2022.755981,2025-12-08 00:10:58
9,59,11,1755.1,2025-12-08 00:09:59,7460.0,,9,59,11,2026.494263,2025-12-08 00:10:59
10,0,11,1759.0,2025-12-08 00:10:00,81836.0,,10,0,11,999.218323,2025-12-08 00:11:00
10,1,11,1754.0,2025-12-08 00:10:01,80835.0,,10,1,11,1015.529602,2025-12-08 00:11:01
10,2,11,1759.1,2025-12-08 00:10:02,79832.0,,10,2,11,1034.568848,2025-12-08 00:11:02
10,3,11,1761.5,2025-12-08 00:10:03,78831.0,,10,3,11,1056.503784,2025-12-08 00:11:03
10,4,11,1758.3,2025-12-08 00:10:04,77830.0,,10,4,11,1079.271973,2025-12-08 00:11:04
10,5,11,1758.2,2025-12-08 00:10:05,76829.0,,10,5,11,1101.723755,2025-12-08 00:11:05
10,6,11,1757.9,2025-12-08 00:10:06,75825.0,,10,6,11,1123.251709,2025-12-08 00:11:06
10,7,11,1754.5,2025-12-08 00:10:07,74823.0,,10,7,11,1143.564819,2025-12-08 00:11:07
10,8,11,1581.0,2025-12-08 00:10:08,73821.0,,10,8,11,1162.554077,2025-12-08 00:11:08
10,9,11,1587.2,2025-12-08 00:10:09,72820.0,,10,9,11,1180.214111,2025-12-08 00:11:09
10,10,11,1592.8,2025-12-08 00:10:10,71815.0,,10,10,11,1196.593262,2025-12-08 00:11:10
10,11,11,1597.5,2025-12-08 00:10:11,70814.0,,10,11,11,1211.766235,2025-12-08 00:11:11
10,12,11,1550.8,2025-12-08 00:10:12,69812.0,,10,12,11,1225.819092,2025-12-08 00:11:12
10,13,11,733.1,2025-12-08 00:10:13,68811.0,,10,13,11,1238.839844,2025-12-08 00:11:13
10,14,11,761.6,2025-12-08 00:10:14,67809.0,,10,14,11,1250.919434,2025-12-08 00:11:14
10,15,11,767.0,2025-12-08 00:10:15,66806.0,,10,15,11,1262.130737,2025-12-08 00:11:15
10,16,11,768.0,2025-12-08 00:10:16,65805.0,,10,16,11,1272.545898,2025-12-08 00:11:16
10,17,11,800.3,2025-12-08 00:10:17,64804.0,,10,17,11,1282.231079,2025-12-08 00:11:17
10,18,11,768.2,2025-12-08 00:10:18,63802.0,,10,18,11,1291.246094,2025-12-08 00:11:18
10,19,11,778.7,2025-12-08 00:10:19,62800.0,,10,19,11,1299.645996,2025-12-08 00:11:19
10,20,11,772.2,2025-12-08 00:10:20,61796.0,,10,20,11,1307.47937,2025-12-08 00:11:20
10,21,11,769.8,2025-12-08 00:10:21,60794.0,,10,21,11,1314.791504,2025-12-08 00:11:21
10,22,11,766.4,2025-12-08 00:10:22,59793.0,,10,22,11,1321.623169,2025-12-08 00:11:22
10,23,11,766.7,2025-12-08 00:10:23,58791.0,,10,23,11,1328.011475,2025-12-08 00:11:23
10,24,11,766.1,2025-12-08 00:10:24,57790.0,,10,24,11,1333.990356,2025-12-08 00:11:24
10,25,11,764.0,2025-12-08 00:10:25,56789.0,,10,25,11,1339.591187,2025-12-08 00:11:25
10,26,11,769.7,2025-12-08 00:10:26,55788.0,,10,26,11,1344.842651,2025-12-08 00:11:26
10,27,11,766.8,2025-12-08 00:10:27,54784.0,,10,27,11,1349.771118,2025-12-08 00:11:27
10,28,11,767.2,2025-12-08 00:10:28,53782.0,,10,28,11,1354.400757,2025-12-08 00:11:28
10,29,11,766.0,2025-12-08 00:10:29,52780.0,,10,29,11,1358.75415,2025-12-08 00:11:29
10,30,11,766.4,2025-12-08 00:10:30,51776.0,,10,30,11,1362.851807,2025-12-08 00:11:30
10,31,11,772.2,2025-12-08 00:10:31,50770.0,,10,31,11,1366.712769,2025-12-08 00:11:31
10,32,11,766.4,2025-12-08 00:10:32,49767.0,,10,32,11,1370.354736,2025-12-08 00:11:32
10,33,11,770.0,2025-12-08 00:10:33,48766.0,,10,33,11,1373.793701,2025-12-08 00:11:33
10,34,11,766.6,2025-12-08 00:10:34,47764.0,,10,34,11,1377.044922,2025-12-08 00:11:34
10,35,11,768.5,2025-12-08 00:10:35,46761.0,,10,35,11,1380.121826,2025-12-08 00:11:35
10,36,11,768.4,2025-12-08 00:10:36,45759.0,,10,36,11,1383.037476,2025-12-08 00:11:36
10,37,11,769.3,2025-12-08 00:10:37,44757.0,,10,37,11,1385.803345,2025-12-08 00:11:37
10,38,11,768.1,2025-12-08 00:10:38,43755.0,,10,38,11,1388.430298,2025-12-08 00:11:38
10,39,11,769.0,2025-12-08 00:10:39,42732.0,,10,39,11,1390.928223,2025-12-08 00:11:39
10,40,11,769.9,2025-12-08 00:10:40,41707.0,,10,40,11,1393.30603,2025-12-08 00:11:40
10,41,11,767.9,2025-12-08 00:10:41,40703.0,,10,41,11,1395.572388,2025-12-08 00:11:41
10,42,11,771.7,2025-12-08 00:10:42,39701.0,,10,42,11,1397.734619,2025-12-08 00:11:42
10,43,11,761.2,2025-12-08 00:10:43,38700.0,,10,43,11,1399.800293,2025-12-08 00:11:43
10,44,11,727.7,2025-12-08 00:10:44,37699.0,,10,44,11,1401.775513,2025-12-08 00:11:44
10,45,11,621.2,2025-12-08 00:10:45,36696.0,,10,45,11,1403.666748,2025-12-08 00:11:45
10,46,11,619.8,2025-12-08 00:10:46,35693.0,,10,46,11,1405.480957,2025-12-08 00:11:46
10,47,11,620.2,2025-12-08 00:10:47,34692.0,,10,47,11,1407.221191,2025-12-08 00:11:47
10,48,11,627.1,2025-12-08 00:10:48,33690.0,,10,48,11,1408.892944,2025-12-08 00:11:48
10,49,11,617.5,2025-12-08 00:10:49,32689.0,,10,49,11,1410.49939,2025-12-08 00:11:49
10,50,11,618.8,2025-12-08 00:10:50,31687.0,,10,50,11,1412.045044,2025-12-08 00:11:50
10,51,11,622.9,2025-12-08 00:10:51,30686.0,,10,51,11,1413.533569,2025-12-08 00:11:51
10,52,11,622.4,2025-12-08 00:10:52,29685.0,,10,52,11,1414.967651,2025-12-08 00:11:52
10,53,11,619.4,2025-12-08 00:10:53,28683.0,,10,53,11,1416.350464,2025-12-08 00:11:53
10,54,11,619.6,2025-12-08 00:10:54,27682.0,,10,54,11,1417.685059,2025-12-08 00:11:54
10,55,11,621.2,2025-12-08 00:10:55,26681.0,,10,55,11,1418.973999,2025-12-08 00:11:55
10,56,11,626.4,2025-12-08 00:10:56,25678.0,,10,56,11,1420.219482,2025-12-08 00:11:56
10,57,11,685.7,2025-12-08 00:10:57,24676.0,,10,57,11,1421.423706,2025-12-08 00:11:57
10,58,11,636.3,2025-12-08 00:10:58,23675.0,,10,58,11,1422.589111,2025-12-08 00:11:58
10,59,11,636.6,2025-12-08 00:10:59,22673.0,,10,59,11,1423.717285,2025-12-08 00:11:59
11,0,11,635.8,2025-12-08 00:11:00,67472.0,,11,0,11,1052.364868,2025-12-08 00:12:00
11,1,11,650.6,2025-12-08 00:11:01,66467.0,,11,1,11,1066.253174,2025-12-08 00:12:01
11,2,11,638.3,2025-12-08 00:11:02,65465.0,,11,2,11,1082.130493,2025-12-08 00:12:02
11,3,11,638.0,2025-12-08 00:11:03,64464.0,,11,3,11,1100.331787,2025-12-08 00:12:03
11,4,11,637.3,2025-12-08 00:11:04,63463.0,,11,4,11,1119.225098,2025-12-08 00:12:04
11,5,11,635.6,2025-12-08 00:11:05,62461.0,,11,5,11,1137.88916,2025-12-08 00:12:05
11,6,11,638.9,2025-12-08 00:11:06,61460.0,,11,6,11,1155.835083,2025-12-08 00:12:06
11,7,11,650.0,2025-12-08 00:11:07,60459.0,,11,7,11,1172.827271,2025-12-08 00:12:07
11,8,11,641.6,2025-12-08 00:11:08,59458.0,,11,8,11,1188.777344,2025-12-08 00:12:08
11,9,11,640.9,2025-12-08 00:11:09,58456.0,,11,9,11,1203.677612,2025-12-08 00:12:09
11,10,11,640.9,2025-12-08 00:11:10,57455.0,,11,10,11,1217.563965,2025-12-08 00:12:10
11,11,11,641.0,2025-12-08 00:11:11,56454.0,,11,11,11,1230.494873,2025-12-08 00:12:11
11,12,11,640.8,2025-12-08 00:11:12,55452.0,,11,12,11,1242.535034,2025-12-08 00:12:12
11,13,11,641.9,2025-12-08 00:11:13,54450.0,,11,13,11,1253.752197,2025-12-08 00:12:13
11,14,11,717.6,2025-12-08 00:11:14,53449.0,,11,14,11,1264.210815,2025-12-08 00:12:14
11,15,11,760.2,2025-12-08 00:11:15,52448.0,,11,15,11,1273.970215,2025-12-08 00:12:15
11,16,11,766.7,2025-12-08 00:11:16,51447.0,,11,16,11,1283.08606,2025-12-08 00:12:16
11,17,11,766.1,2025-12-08 00:11:17,50445.0,,11,17,11,1291.609131,2025-12-08 00:12:17
11,18,11,767.9,2025-12-08 00:11:18,49443.0,,11,18,11,1299.585815,2025-12-08 00:12:18
11,19,11,771.1,2025-12-08 00:11:19,48440.0,,11,19,11,1307.057251,2025-12-08 00:12:19
11,20,11,770.0,2025-12-08 00:11:20,47437.0,,11,20,11,1314.061401,2025-12-08 00:12:20
11,21,11,771.3,2025-12-08 00:11:21,46432.0,,11,21,11,1320.633179,2025-12-08 00:12:21
11,22,11,763.7,2025-12-08 00:11:22,45430.0,,11,22,11,1326.803589,2025-12-08 00:12:22
11,23,11,764.3,2025-12-08 00:11:23,44422.0,,11,23,11,1332.602051,2025-12-08 00:12:23
11,24,11,767.5,2025-12-08 00:11:24,43421.0,,11,24,11,1338.055054,2025-12-08 00:12:24
11,25,11,765.2,2025-12-08 00:11:25,42419.0,,11,25,11,1343.187012,2025-12-08 00:12:25
11,26,11,762.6,2025-12-08 00:11:26,41415.0,,11,26,11,1348.020508,2025-12-08 00:12:26
11,27,11,767.6,2025-12-08 00:11:27,40414.0,,11,27,11,1352.576904,2025-12-08 00:12:27
11,28,11,769.7,2025-12-08 00:11:28,39412.0,,11,28,11,1356.875488,2025-12-08 00:12:28
11,29,11,766.2,2025-12-08 00:11:29,38410.0,,11,29,11,1360.93396,2025-12-08 00:12:29
11,30,11,765.2,2025-12-08 00:11:30,37405.0,,11,30,11,1364.769531,2025-12-08 00:12:30
11,31,11,764.6,2025-12-08 00:11:31,36397.0,,11,31,11,1368.397583,2025-12-08 00:12:31
11,32,11,766.9,2025-12-08 00:11:32,35395.0,,11,32,11,1371.832642,2025-12-08 00:12:32
11,33,11,769.6,2025-12-08 00:11:33,34391.0,,11,33,11,1375.087769,2025-12-08 00:12:33
11,34,11,767.8,2025-12-08 00:11:34,33388.0,,11,34,11,1378.175903,2025-12-08 00:12:34
11,35,11,777.5,2025-12-08 00:11:35,32382.0,,11,35,11,1381.108032,2025-12-08 00:12:35
11,36,11,774.7,2025-12-08 00:11:36,31369.0,,11,36,11,1383.89502,2025-12-08 00:12:36
11,37,11,783.8,2025-12-08 00:11:37,30368.0,,11,37,11,1386.546875,2025-12-08 00:12:37
11,38,11,777.8,2025-12-08 00:11:38,29342.0,,11,38,11,1389.07251,2025-12-08 00:12:38
11,39,11,776.7,2025-12-08 00:11:39,28339.0,,11,39,11,1391.480591,2025-12-08 00:12:39
11,40,11,777.2,2025-12-08 00:11:40,27338.0,,11,40,11,1393.778809,2025-12-08 00:12:40
11,41,11,770.8,2025-12-08 00:11:41,26336.0,,11,41,11,1395.974731,2025-12-08 00:12:41
11,42,11,771.2,2025-12-08 00:11:42,25333.0,,11,42,11,1398.074585,2025-12-08 00:12:42
11,43,11,772.2,2025-12-08 00:11:43,24331.0,,11,43,11,1400.084839,2025-12-08 00:12:43
11,44,11,772.0,2025-12-08 00:11:44,23329.0,,11,44,11,1402.011108,2025-12-08 00:12:44
11,45,11,776.6,2025-12-08 00:11:45,22326.0,,11,45,11,1403.858521,2025-12-08 00:12:45
11,46,11,771.0,2025-12-08 00:11:46,21325.0,,11,46,11,1405.631836,2025-12-08 00:12:46
11,47,11,768.8,2025-12-08 00:11:47,20322.0,,11,47,11,1407.335693,2025-12-08 00:12:47
11,48,11,767.3,2025-12-08 00:11:48,19321.0,,11,48,11,1408.974243,2025-12-08 00:12:48
11,49,11,767.9,2025-12-08 00:11:49,18320.0,,11,49,11,1410.551147,2025-12-08 00:12:49
11,50,11,767.7,2025-12-08 00:11:50,17318.0,,11,50,11,1412.069946,2025-12-08 00:12:50
11,51,11,770.8,2025-12-08 00:11:51,16317.0,,11,51,11,1413.533813,2025-12-08 00:12:51
11,52,11,768.0,2025-12-08 00:11:52,15217.0,,11,52,11,1414.945801,2025-12-08 00:12:52
11,53,11,767.2,2025-12-08 00:11:53,14216.0,,11,53,11,1416.308838,2025-12-08 00:12:53
11,54,11,767.1,2025-12-08 00:11:54,13210.0,,11,54,11,1417.62561,2025-12-08 00:12:54
11,55,11,777.4,2025-12-08 00:11:55,12209.0,,11,55,11,1418.898438,2025-12-08 00:12:55
11,56,11,771.7,2025-12-08 00:11:56,11201.0,,11,56,11,1420.129639,2025-12-08 00:12:56
11,57,11,769.8,2025-12-08 00:11:57,10164.0,,11,57,11,1421.321655,2025-12-08 00:12:57
11,58,11,768.0,2025-12-08 00:11:58,9080.0,,11,58,11,1422.476318,2025-12-08 00:12:58
11,59,11,768.2,2025-12-08 00:11:59,7990.0,,11,59,11,1423.595703,2025-12-08 00:12:59
12,0,11,771.5,2025-12-08 00:12:00,65708.0,,12,0,11,1009.712952,2025-12-08 00:13:00
12,1,11,782.6,2025-12-08 00:12:01,64505.0,,12,1,11,1021.718323,2025-12-08 00:13:01
12,2,11,768.3,2025-12-08 00:12:02,63415.0,,12,2,11,1035.333252,2025-12-08 00:13:02
12,3,11,770.4,2025-12-08 00:12:03,62311.0,,12,3,11,1050.96167,2025-12-08 00:13:03
12,4,11,768.7,2025-12-08 00:12:04,61311.0,,12,4,11,1067.211182,2025-12-08 00:13:04
12,5,11,768.4,2025-12-08 00:12:05,60309.0,,12,5,11,1083.290283,2025-12-08 00:13:05
12,6,11,770.5,2025-12-08 00:12:06,59272.0,,12,6,11,1098.777466,2025-12-08 00:13:06
12,7,11,769.2,2025-12-08 00:12:07,58269.0,,12,7,11,1113.46875,2025-12-08 00:13:07
12,8,11,767.3,2025-12-08 00:12:08,57171.0,,12,8,11,1127.286011,2025-12-08 00:13:08
12,9,11,767.1,2025-12-08 00:12:09,56169.0,,12,9,11,1140.220459,2025-12-08 00:13:09
12,10,11,767.7,2025-12-08 00:12:10,55148.0,,12,10,11,1152.300903,2025-12-08 00:13:10
12,11,11,765.2,2025-12-08 00:12:11,54145.0,,12,11,11,1163.574829,2025-12-08 00:13:11
12,12,11,769.8,2025-12-08 00:12:12,53143.0,,12,12,11,1174.096313,2025-12-08 00:13:12
12,13,11,768.5,2025-12-08 00:12:13,52141.0,,12,13,11,1183.920898,2025-12-08 00:13:13
12,14,11,767.4,2025-12-08 00:12:14,51138.0,,12,14,11,1193.102173,2025-12-08 00:13:14
12,15,11,767.7,2025-12-08 00:12:15,50137.0,,12,15,11,1201.690186,2025-12-08 00:13:15
12,16,11,771.7,2025-12-08 00:12:16,49135.0,,12,16,11,1209.730591,2025-12-08 00:13:16
12,17,11,769.0,2025-12-08 00:12:17,48133.0,,12,17,11,1217.265259,2025-12-08 00:13:17
12,18,11,768.2,2025-12-08 00:12:18,47124.0,,12,18,11,1224.332275,2025-12-08 00:13:18
12,19,11,773.6,2025-12-08 00:12:19,46112.0,,12,19,11,1230.966309,2025-12-08 00:13:19
12,20,11,773.2,2025-12-08 00:12:20,45111.0,,12,20,11,1237.198608,2025-12-08 00:13:20
12,21,11,767.8,2025-12-08 00:12:21,44108.0,,12,21,11,1243.058228,2025-12-08 00:13:21
12,22,11,770.6,2025-12-08 00:12:22,43107.0,,12,22,11,1248.571289,2025-12-08 00:13:22
12,23,11,767.3,2025-12-08 00:12:23,42101.0,,12,23,11,1253.761963,2025-12-08 00:13:23
12,24,11,767.4,2025-12-08 00:12:24,41098.0,,12,24,11,1258.65271,2025-12-08 00:13:24
12,25,11,766.2,2025-12-08 00:12:25,40095.0,,12,25,11,1263.26416,2025-12-08 00:13:25
12,26,11,765.4,2025-12-08 00:12:26,39094.0,,12,26,11,1267.615112,2025-12-08 00:13:26
12,27,11,766.9,2025-12-08 00:12:27,38093.0,,12,27,11,1271.723511,2025-12-08 00:13:27
12,28,11,770.6,2025-12-08 00:12:28,37091.0,,12,28,11,1275.606079,2025-12-08 00:13:28
12,29,11,771.3,2025-12-08 00:12:29,36089.0,,12,29,11,1279.277954,2025-12-08 00:13:29
12,30,11,767.1,2025-12-08 00:12:30,35087.0,,12,30,11,1282.753174,2025-12-08 00:13:30
12,31,11,767.0,2025-12-08 00:12:31,34078.0,,12,31,11,1286.04541,2025-12-08 00:13:31
12,32,11,764.7,2025-12-08 00:12:32,33075.0,,12,32,11,1289.16687,2025-12-08 00:13:32
12,33,11,769.7,2025-12-08 00:12:33,32072.0,,12,33,11,1292.12915,2025-12-08 00:13:33
12,34,11,768.7,2025-12-08 00:12:34,31068.0,,12,34,11,1294.942749,2025-12-08 00:13:34
12,35,11,767.4,2025-12-08 00:12:35,30065.0,,12,35,11,1297.617676,2025-12-08 00:13:35
12,36,11,775.2,2025-12-08 00:12:36,29058.0,,12,36,11,1300.163574,2025-12-08 00:13:36
12,37,11,765.8,2025-12-08 00:12:37,28055.0,,12,37,11,1302.588501,2025-12-08 00:13:37
12,38,11,767.0,2025-12-08 00:12:38,27054.0,,12,38,11,1304.900635,2025-12-08 00:13:38
12,39,11,764.5,2025-12-08 00:12:39,26053.0,,12,39,11,1307.107544,2025-12-08 00:13:39
12,40,11,764.7,2025-12-08 00:12:40,25052.0,,12,40,11,1309.21582,2025-12-08 00:13:40
12,41,11,764.7,2025-12-08 00:12:41,24048.0,,12,41,11,1311.231812,2025-12-08 00:13:41
12,42,11,767.7,2025-12-08 00:12:42,23035.0,,12,42,11,1313.161499,2025-12-08 00:13:42
12,43,11,770.4,2025-12-08 00:12:43,22028.0,,12,43,11,1315.010254,2025-12-08 00:13:43
12,44,11,793.0,2025-12-08 00:12:44,21025.0,,12,44,11,1316.782837,2025-12-08 00:13:44
12,45,11,774.8,2025-12-08 00:12:45,20024.0,,12,45,11,1318.484009,2025-12-08 00:13:45
12,46,11,780.2,2025-12-08 00:12:46,19017.0,,12,46,11,1320.118164,2025-12-08 00:13:46
12,47,11,772.9,2025-12-08 00:12:47,18015.0,,12,47,11,1321.688965,2025-12-08 00:13:47
12,48,11,773.7,2025-12-08 00:12:48,17012.0,,12,48,11,1323.200562,2025-12-08 00:13:48
12,49,11,773.7,2025-12-08 00:12:49,16006.0,,12,49,11,1324.656006,2025-12-08 00:13:49
12,50,11,773.6,2025-12-08 00:12:50,15003.0,,12,50,11,1326.058228,2025-12-08 00:13:50
12,51,11,775.6,2025-12-08 00:12:51,14001.0,,12,51,11,1327.410767,2025-12-08 00:13:51
12,52,11,776.0,2025-12-08 00:12:52,12945.0,,12,52,11,1328.715942,2025-12-08 00:13:52
12,53,11,773.1,2025-12-08 00:12:53,11944.0,,12,53,11,1329.976074,2025-12-08 00:13:53
12,54,11,777.2,2025-12-08 00:12:54,10942.0,,12,54,11,1331.194214,2025-12-08 00:13:54
12,55,11,771.7,2025-12-08 00:12:55,9927.0,,12,55,11,1332.371948,2025-12-08 00:13:55
12,56,11,773.4,2025-12-08 00:12:56,8925.0,,12,56,11,1333.511963,2025-12-08 00:13:56
12,57,11,774.6,2025-12-08 00:12:57,7924.0,,12,57,11,1334.615967,2025-12-08 00:13:57
12,58,11,769.8,2025-12-08 00:12:58,6923.0,,12,58,11,1335.685913,2025-12-08 00:13:58
12,59,11,763.8,2025-12-08 00:12:59,5919.0,,12,59,11,1336.723633,2025-12-08 00:13:59
13,0,11,768.6,2025-12-08 00:13:00,65198.0,,13,0,11,1038.635864,2025-12-08 00:14:00
13,1,11,764.9,2025-12-08 00:13:01,64196.0,,13,1,11,1053.171021,2025-12-08 00:14:01
13,2,11,768.1,2025-12-08 00:13:02,63195.0,,13,2,11,1069.906982,2025-12-08 00:14:02
13,3,11,769.1,2025-12-08 00:13:03,62192.0,,13,3,11,1089.102173,2025-12-08 00:14:03
13,4,11,766.7,2025-12-08 00:13:04,61191.0,,13,4,11,1109.0177,2025-12-08 00:14:04
13,5,11,769.1,2025-12-08 00:13:05,60189.0,,13,5,11,1128.675415,2025-12-08 00:14:05
13,6,11,775.1,2025-12-08 00:13:06,59185.0,,13,6,11,1147.557129,2025-12-08 00:14:06
13,7,11,768.8,2025-12-08 00:13:07,58184.0,,13,7,11,1165.414307,2025-12-08 00:14:07
13,8,11,775.9,2025-12-08 00:13:08,57183.0,,13,8,11,1182.153809,2025-12-08 00:14:08
13,9,11,766.3,2025-12-08 00:13:09,56182.0,,13,9,11,1197.769165,2025-12-08 00:14:09
13,10,11,765.1,2025-12-08 00:13:10,55181.0,,13,10,11,1212.300293,2025-12-08 00:14:10
13,11,11,764.5,2025-12-08 00:13:11,54176.0,,13,11,11,1225.80957,2025-12-08 00:14:11
13,12,11,768.2,2025-12-08 00:13:12,53175.0,,13,12,11,1238.368042,2025-12-08 00:14:12
13,13,11,767.0,2025-12-08 00:13:13,52169.0,,13,13,11,1250.048828,2025-12-08 00:14:13
13,14,11,769.0,2025-12-08 00:13:14,51166.0,,13,14,11,1260.921265,2025-12-08 00:14:14
13,15,11,767.3,2025-12-08 00:13:15,50165.0,,13,15,11,1271.050903,2025-12-08 00:14:15
13,16,11,764.8,2025-12-08 00:13:16,49162.0,,13,16,11,1280.497559,2025-12-08 00:14:16
13,17,11,767.5,2025-12-08 00:13:17,48160.0,,13,17,11,1289.316162,2025-12-08 00:14:17
13,18,11,768.8,2025-12-08 00:13:18,47157.0,,13,18,11,1297.55603,2025-12-08 00:14:18
13,19,11,769.4,2025-12-08 00:13:19,46153.0,,13,19,11,1305.262207,2025-12-08 00:14:19
13,20,11,770.8,2025-12-08 00:13:20,45151.0,,13,20,11,1312.475708,2025-12-08 00:14:20
13,21,11,767.4,2025-12-08 00:13:21,44150.0,,13,21,11,1319.233887,2025-12-08 00:14:21
13,22,11,765.1,2025-12-08 00:13:22,43149.0,,13,22,11,1325.570557,2025-12-08 00:14:22
13,23,11,766.8,2025-12-08 00:13:23,42148.0,,13,23,11,1331.516724,2025-12-08 00:14:23
13,24,11,771.3,2025-12-08 00:13:24,41146.0,,13,24,11,1337.101196,2025-12-08 00:14:24
13,25,11,763.3,2025-12-08 00:13:25,40145.0,,13,25,11,1342.350098,2025-12-08 00:14:25
13,26,11,766.5,2025-12-08 00:13:26,39144.0,,13,26,11,1347.28772,2025-12-08 00:14:26
13,27,11,764.8,2025-12-08 00:13:27,38142.0,,13,27,11,1351.936401,2025-12-08 00:14:27
13,28,11,763.7,2025-12-08 00:13:28,37142.0,,13,28,11,1356.317017,2025-12-08 00:14:28
13,29,11,764.8,2025-12-08 00:13:29,36140.0,,13,29,11,1360.448486,2025-12-08 00:14:29
13,30,11,764.1,2025-12-08 00:13:30,35139.0,,13,30,11,1364.348633,2025-12-08 00:14:30
13,31,11,733.7,2025-12-08 00:13:31,34138.0,,13,31,11,1368.033936,2025-12-08 00:14:31
13,32,11,736.2,2025-12-08 00:13:32,33137.0,,13,32,11,1371.519897,2025-12-08 00:14:32
13,33,11,736.4,2025-12-08 00:13:33,32136.0,,13,33,11,1374.820435,2025-12-08 00:14:33
13,34,11,736.9,2025-12-08 00:13:34,31135.0,,13,34,11,1377.948242,2025-12-08 00:14:34
13,35,11,732.9,2025-12-08 00:13:35,30134.0,,13,35,11,1380.915771,2025-12-08 00:14:35
13,36,11,734.3,2025-12-08 00:13:36,29133.0,,13,36,11,1383.734375,2025-12-08 00:14:36
13,37,11,734.3,2025-12-08 00:13:37,28131.0,,13,37,11,1386.41394,2025-12-08 00:14:37
13,38,11,735.0,2025-12-08 00:13:38,27130.0,,13,38,11,1388.964478,2025-12-08 00:14:38
13,39,11,737.5,2025-12-08 00:13:39,26128.0,,13,39,11,1391.394409,2025-12-08 00:14:39
13,40,11,733.5,2025-12-08 00:13:40,25127.0,,13,40,11,1393.712036,2025-12-08 00:14:40
13,41,11,733.9,2025-12-08 00:13:41,24126.0,,13,41,11,1395.924927,2025-12-08 00:14:41
13,42,11,736.9,2025-12-08 00:13:42,23124.0,,13,42,11,1398.040161,2025-12-08 00:14:42
13,43,11,736.0,2025-12-08 00:13:43,22122.0,,13,43,11,1400.063721,2025-12-08 00:14:43
13,44,11,738.0,2025-12-08 00:13:44,21119.0,,13,44,11,1402.001831,2025-12-08 00:14:44
13,45,11,737.0,2025-12-08 00:13:45,20116.0,,13,45,11,1403.859863,2025-12-08 00:14:45
13,46,11,731.6,2025-12-08 00:13:46,19084.0,,13,46,11,1405.642456,2025-12-08 00:14:46
13,47,11,735.4,2025-12-08 00:13:47,18083.0,,13,47,11,1407.354858,2025-12-08 00:14:47
13,48,11,735.8,2025-12-08 00:13:48,17082.0,,13,48,11,1409.00061,2025-12-08 00:14:48
13,49,11,734.3,2025-12-08 00:13:49,16079.0,,13,49,11,1410.583984,2025-12-08 00:14:49
13,50,11,739.0,2025-12-08 00:13:50,15075.0,,13,50,11,1412.108643,2025-12-08 00:14:50
13,51,11,733.3,2025-12-08 00:13:51,14016.0,,13,51,11,1413.577515,2025-12-08 00:14:51
13,52,11,735.4,2025-12-08 00:13:52,13010.0,,13,52,11,1414.994263,2025-12-08 00:14:52
13,53,11,734.8,2025-12-08 00:13:53,12008.0,,13,53,11,1416.361084,2025-12-08 00:14:53
13,54,11,738.2,2025-12-08 00:13:54,11003.0,,13,54,11,1417.681396,2025-12-08 00:14:54
13,55,11,735.4,2025-12-08 00:13:55,10001.0,,13,55,11,1418.957153,2025-12-08 00:14:55
13,56,11,734.4,2025-12-08 00:13:56,8998.0,,13,56,11,1420.19104,2025-12-08 00:14:56
13,57,11,733.5,2025-12-08 00:13:57,7996.0,,13,57,11,1421.38501,2025-12-08 00:14:57
13,58,11,735.7,2025-12-08 00:13:58,6995.0,,13,58,11,1422.541382,2025-12-08 00:14:58
13,59,11,738.7,2025-12-08 00:13:59,5994.0,,13,59,11,1423.662231,2025-12-08 00:14:59
14,0,11,746.2,2025-12-08 00:14:00,64908.0,,14,0,11,1037.498657,2025-12-08 00:15:00
14,1,11,740.5,2025-12-08 00:14:01,63905.0,,14,1,11,1052.046631,2025-12-08 00:15:01
14,2,11,739.9,2025-12-08 00:14:02,62900.0,,14,2,11,1068.811157,2025-12-08 00:15:02
14,3,11,739.3,2025-12-08 00:14:03,61898.0,,14,3,11,1088.069214,2025-12-08 00:15:03
14,4,11,735.3,2025-12-08 00:14:04,60896.0,,14,4,11,1108.062866,2025-12-08 00:15:04
14,5,11,753.0,2025-12-08 00:14:05,59894.0,,14,5,11,1127.802979,2025-12-08 00:15:05
14,6,11,735.7,2025-12-08 00:14:06,58893.0,,14,6,11,1146.765869,2025-12-08 00:15:06
14,7,11,737.3,2025-12-08 00:14:07,57891.0,,14,7,11,1164.700073,2025-12-08 00:15:07
14,8,11,738.0,2025-12-08 00:14:08,56890.0,,14,8,11,1181.51062,2025-12-08 00:15:08
14,9,11,738.9,2025-12-08 00:14:09,55887.0,,14,9,11,1197.19104,2025-12-08 00:15:09
14,10,11,733.8,2025-12-08 00:14:10,54885.0,,14,10,11,1211.780762,2025-12-08 00:15:10
14,11,11,732.6,2025-12-08 00:14:11,53884.0,,14,11,11,1225.343018,2025-12-08 00:15:11
14,12,11,735.2,2025-12-08 00:14:12,52880.0,,14,12,11,1237.949219,2025-12-08 00:15:12
14,13,11,733.4,2025-12-08 00:14:13,51879.0,,14,13,11,1249.672485,2025-12-08 00:15:13
14,14,11,734.1,2025-12-08 00:14:14,50878.0,,14,14,11,1260.58313,2025-12-08 00:15:14
14,15,11,731.8,2025-12-08 00:14:15,49872.0,,14,15,11,1270.746948,2025-12-08 00:15:15
14,16,11,730.8,2025-12-08 00:14:16,48862.0,,14,16,11,1280.224487,2025-12-08 00:15:16
14,17,11,734.9,2025-12-08 00:14:17,47861.0,,14,17,11,1289.070679,2025-12-08 00:15:17
14,18,11,734.1,2025-12-08 00:14:18,46860.0,,14,18,11,1297.335327,2025-12-08 00:15:18
14,19,11,740.6,2025-12-08 00:14:19,45857.0,,14,19,11,1305.063721,2025-12-08 00:15:19
14,20,11,734.3,2025-12-08 00:14:20,44856.0,,14,20,11,1312.297241,2025-12-08 00:15:20
14,21,11,731.1,2025-12-08 00:14:21,43853.0,,14,21,11,1319.073364,2025-12-08 00:15:21
14,22,11,731.7,2025-12-08 00:14:22,42852.0,,14,22,11,1325.426392,2025-12-08 00:15:22
14,23,11,731.7,2025-12-08 00:14:23,41851.0,,14,23,11,1331.387329,2025-12-08 00:15:23
14,24,11,734.8,2025-12-08 00:14:24,40848.0,,14,24,11,1336.984863,2025-12-08 00:15:24
14,25,11,732.7,2025-12-08 00:14:25,39844.0,,14,25,11,1342.24585,2025-12-08 00:15:25
14,26,11,733.7,2025-12-08 00:14:26,38843.0,,14,26,11,1347.194214,2025-12-08 00:15:26
14,27,11,733.1,2025-12-08 00:14:27,37841.0,,14,27,11,1351.852661,2025-12-08 00:15:27
14,28,11,732.6,2025-12-08 00:14:28,36839.0,,14,28,11,1356.242065,2025-12-08 00:15:28
14,29,11,732.4,2025-12-08 00:14:29,35836.0,,14,29,11,1360.381348,2025-12-08 00:15:29
14,30,11,734.9,2025-12-08 00:14:30,34835.0,,14,30,11,1364.288818,2025-12-08 00:15:30
14,31,11,732.3,2025-12-08 00:14:31,33833.0,,14,31,11,1367.980469,2025-12-08 00:15:31
14,32,11,732.6,2025-12-08 00:14:32,32830.0,,14,32,11,1371.471802,2025-12-08 00:15:32
14,33,11,731.8,2025-12-08 00:14:33,31829.0,,14,33,11,1374.777344,2025-12-08 00:15:33
14,34,11,730.3,2025-12-08 00:14:34,30826.0,,14,34,11,1377.90979,2025-12-08 00:15:34
14,35,11,733.3,2025-12-08 00:14:35,29823.0,,14,35,11,1380.881348,2025-12-08 00:15:35
14,36,11,727.4,2025-12-08 00:14:36,28821.0,,14,36,11,1383.703369,2025-12-08 00:15:36
14,37,11,737.1,2025-12-08 00:14:37,27821.0,,14,37,11,1386.38623,2025-12-08 00:15:37
14,38,11,734.3,2025-12-08 00:14:38,26819.0,,14,38,11,1388.939453,2025-12-08 00:15:38
14,39,11,735.4,2025-12-08 00:14:39,25817.0,,14,39,11,1391.371948,2025-12-08 00:15:39
14,40,11,734.4,2025-12-08 00:14:40,24816.0,,14,40,11,1393.691772,2025-12-08 00:15:40
14,41,11,732.2,2025-12-08 00:14:41,23815.0,,14,41,11,1395.906982,2025-12-08 00:15:41
14,42,11,734.8,2025-12-08 00:14:42,22811.0,,14,42,11,1398.023804,2025-12-08 00:15:42
14,43,11,733.1,2025-12-08 00:14:43,21809.0,,14,43,11,1400.049316,2025-12-08 00:15:43
14,44,11,734.7,2025-12-08 00:14:44,20801.0,,14,44,11,1401.98877,2025-12-08 00:15:44
14,45,11,733.1,2025-12-08 00:14:45,19800.0,,14,45,11,1403.848022,2025-12-08 00:15:45
14,46,11,730.4,2025-12-08 00:14:46,18794.0,,14,46,11,1405.63208,2025-12-08 00:15:46
14,47,11,732.4,2025-12-08 00:14:47,17792.0,,14,47,11,1407.345337,2025-12-08 00:15:47
14,48,11,731.7,2025-12-08 00:14:48,16787.0,,14,48,11,1408.992188,2025-12-08 00:15:48
14,49,11,731.3,2025-12-08 00:14:49,15786.0,,14,49,11,1410.576538,2025-12-08 00:15:49
14,50,11,733.5,2025-12-08 00:14:50,14785.0,,14,50,11,1412.102051,2025-12-08 00:15:50
14,51,11,737.3,2025-12-08 00:14:51,13783.0,,14,51,11,1413.571655,2025-12-08 00:15:51
14,52,11,730.1,2025-12-08 00:14:52,12782.0,,14,52,11,1414.989014,2025-12-08 00:15:52
14,53,11,733.6,2025-12-08 00:14:53,11780.0,,14,53,11,1416.356689,2025-12-08 00:15:53
14,54,11,733.0,2025-12-08 00:14:54,10777.0,,14,54,11,1417.677368,2025-12-08 00:15:54
14,55,11,729.9,2025-12-08 00:14:55,9768.0,,14,55,11,1418.953735,2025-12-08 00:15:55
14,56,11,733.7,2025-12-08 00:14:56,8766.0,,14,56,11,1420.187988,2025-12-08 00:15:56
14,57,11,733.2,2025-12-08 00:14:57,7762.0,,14,57,11,1421.382446,2025-12-08 00:15:57
14,58,11,730.8,2025-12-08 00:14:58,6761.0,,14,58,11,1422.539185,2025-12-08 00:15:58
14,59,11,733.0,2025-12-08 00:14:59,5760.0,,14,59,11,1423.6604,2025-12-08 00:15:59
15,0,11,734.0,2025-12-08 00:15:00,74625.0,,15,0,11,1247.844849,2025-12-08 00:16:00
15,1,11,736.4,2025-12-08 00:15:01,73624.0,,15,1,11,1258.086426,2025-12-08 00:16:01
15,2,11,734.8,2025-12-08 00:15:02,72621.0,,15,2,11,1267.765015,2025-12-08 00:16:02
15,3,11,733.6,2025-12-08 00:15:03,71613.0,,15,3,11,1276.809814,2025-12-08 00:16:03
15,4,11,732.0,2025-12-08 00:15:04,70611.0,,15,4,11,1285.272095,2025-12-08 00:16:04
15,5,11,734.8,2025-12-08 00:15:05,69610.0,,15,5,11,1293.201904,2025-12-08 00:16:05
15,6,11,735.2,2025-12-08 00:15:06,68608.0,,15,6,11,1300.644165,2025-12-08 00:16:06
15,7,11,865.1,2025-12-08 00:15:07,67607.0,,15,7,11,1307.637939,2025-12-08 00:16:07
15,8,11,835.4,2025-12-08 00:15:08,66600.0,,15,8,11,1314.217041,2025-12-08 00:16:08
15,9,11,833.1,2025-12-08 00:15:09,65569.0,,15,9,11,1320.414673,2025-12-08 00:16:09
15,10,11,832.3,2025-12-08 00:15:10,64528.0,,15,10,11,1326.258545,2025-12-08 00:16:10
15,11,11,739.7,2025-12-08 00:15:11,63520.0,,15,11,11,1331.773804,2025-12-08 00:16:11
15,12,11,834.7,2025-12-08 00:15:12,62514.0,,15,12,11,1336.984741,2025-12-08 00:16:12
15,13,11,830.5,2025-12-08 00:15:13,61495.0,,15,13,11,1341.909546,2025-12-08 00:16:13
15,14,11,886.2,2025-12-08 00:15:14,60191.0,,15,14,11,1346.569092,2025-12-08 00:16:14
15,15,11,849.2,2025-12-08 00:15:15,58121.0,,15,15,11,1350.97937,2025-12-08 00:16:15
15,16,11,842.5,2025-12-08 00:15:16,56988.0,,15,16,11,1355.158569,2025-12-08 00:16:16
15,17,11,843.7,2025-12-08 00:15:17,55986.0,,15,17,11,1359.121094,2025-12-08 00:16:17
15,18,11,835.4,2025-12-08 00:15:18,54843.0,,15,18,11,1362.880615,2025-12-08 00:16:18
15,19,11,838.0,2025-12-08 00:15:19,53745.0,,15,19,11,1366.450806,2025-12-08 00:16:19
15,20,11,838.4,2025-12-08 00:15:20,52121.0,,15,20,11,1369.843018,2025-12-08 00:16:20
15,21,11,841.6,2025-12-08 00:15:21,51113.0,,15,21,11,1373.069214,2025-12-08 00:16:21
15,22,11,839.7,2025-12-08 00:15:22,49942.0,,15,22,11,1376.139404,2025-12-08 00:16:22
15,23,11,838.5,2025-12-08 00:15:23,48932.0,,15,23,11,1379.063721,2025-12-08 00:16:23
15,24,11,840.1,2025-12-08 00:15:24,47927.0,,15,24,11,1381.851318,2025-12-08 00:16:24
15,25,11,836.9,2025-12-08 00:15:25,46720.0,,15,25,11,1384.510742,2025-12-08 00:16:25
15,26,11,838.9,2025-12-08 00:15:26,45677.0,,15,26,11,1387.049927,2025-12-08 00:16:26
15,27,11,842.2,2025-12-08 00:15:27,44641.0,,15,27,11,1389.476196,2025-12-08 00:16:27
15,28,11,839.7,2025-12-08 00:15:28,43628.0,,15,28,11,1391.796875,2025-12-08 00:16:28
15,29,11,840.5,2025-12-08 00:15:29,42607.0,,15,29,11,1394.017944,2025-12-08 00:16:29
15,30,11,838.1,2025-12-08 00:15:30,41605.0,,15,30,11,1396.14563,2025-12-08 00:16:30
15,31,11,836.9,2025-12-08 00:15:31,40605.0,,15,31,11,1398.185547,2025-12-08 00:16:31
15,32,11,841.4,2025-12-08 00:15:32,39603.0,,15,32,11,1400.142822,2025-12-08 00:16:32
15,33,11,842.3,2025-12-08 00:15:33,38601.0,,15,33,11,1402.022095,2025-12-08 00:16:33
15,34,11,841.3,2025-12-08 00:15:34,37584.0,,15,34,11,1403.828491,2025-12-08 00:16:34
15,35,11,840.0,2025-12-08 00:15:35,36551.0,,15,35,11,1405.565552,2025-12-08 00:16:35
15,36,11,837.6,2025-12-08 00:15:36,35532.0,,15,36,11,1407.237183,2025-12-08 00:16:36
15,37,11,848.0,2025-12-08 00:15:37,34516.0,,15,37,11,1408.847656,2025-12-08 00:16:37
15,38,11,837.0,2025-12-08 00:15:38,33514.0,,15,38,11,1410.39978,2025-12-08 00:16:38
15,39,11,838.9,2025-12-08 00:15:39,32510.0,,15,39,11,1411.896973,2025-12-08 00:16:39
15,40,11,855.6,2025-12-08 00:15:40,31508.0,,15,40,11,1413.342041,2025-12-08 00:16:40
15,41,11,845.9,2025-12-08 00:15:41,30444.0,,15,41,11,1414.737915,2025-12-08 00:16:41
15,42,11,855.3,2025-12-08 00:15:42,29441.0,,15,42,11,1416.08728,2025-12-08 00:16:42
15,43,11,840.5,2025-12-08 00:15:43,28423.0,,15,43,11,1417.392334,2025-12-08 00:16:43
15,44,11,838.7,2025-12-08 00:15:44,27421.0,,15,44,11,1418.655884,2025-12-08 00:16:44
15,45,11,839.7,2025-12-08 00:15:45,26418.0,,15,45,11,1419.879761,2025-12-08 00:16:45
15,46,11,1136.1,2025-12-08 00:15:46,25417.0,,15,46,11,1421.066162,2025-12-08 00:16:46
15,47,11,1135.4,2025-12-08 00:15:47,24413.0,,15,47,11,1422.220947,2025-12-08 00:16:47
15,48,11,1028.7,2025-12-08 00:15:48,23402.0,,15,48,11,1423.340454,2025-12-08 00:16:48
15,49,11,1046.7,2025-12-08 00:15:49,22384.0,,15,49,11,1424.424683,2025-12-08 00:16:49
15,50,11,1143.0,2025-12-08 00:15:50,21381.0,,15,50,11,1425.478394,2025-12-08 00:16:50
15,51,11,1048.2,2025-12-08 00:15:51,20376.0,,15,51,11,1426.504761,2025-12-08 00:16:51
15,52,11,1094.7,2025-12-08 00:15:52,19370.0,,15,52,11,1427.500366,2025-12-08 00:16:52
15,53,11,1122.8,2025-12-08 00:15:53,18364.0,,15,53,11,1428.470825,2025-12-08 00:16:53
15,54,11,1148.5,2025-12-08 00:15:54,17363.0,,15,54,11,1429.41626,2025-12-08 00:16:54
15,55,11,1171.4,2025-12-08 00:15:55,16360.0,,15,55,11,1430.338379,2025-12-08 00:16:55
15,56,11,1192.9,2025-12-08 00:15:56,15358.0,,15,56,11,1431.237793,2025-12-08 00:16:56
15,57,11,1214.1,2025-12-08 00:15:57,14356.0,,15,57,11,1432.115479,2025-12-08 00:16:57
15,58,11,1232.1,2025-12-08 00:15:58,13353.0,,15,58,11,1432.972534,2025-12-08 00:16:58
15,59,11,1247.1,2025-12-08 00:15:59,12350.0,,15,59,11,1433.809448,2025-12-08 00:16:59
16,0,11,1258.8,2025-12-08 00:16:00,71240.0,,16,0,11,1334.771729,2025-12-08 00:17:00
16,1,11,1264.0,2025-12-08 00:16:01,70236.0,,16,1,11,1337.371826,2025-12-08 00:17:01
16,2,11,1267.3,2025-12-08 00:16:02,69232.0,,16,2,11,1340.219727,2025-12-08 00:17:02
16,3,11,1273.4,2025-12-08 00:16:03,68228.0,,16,3,11,1343.33252,2025-12-08 00:17:03
16,4,11,1280.4,2025-12-08 00:16:04,67227.0,,16,4,11,1346.544556,2025-12-08 00:17:04
16,5,11,1279.6,2025-12-08 00:16:05,66226.0,,16,5,11,1349.755737,2025-12-08 00:17:05
16,6,11,1279.7,2025-12-08 00:16:06,65226.0,,16,6,11,1352.912354,2025-12-08 00:17:06
16,7,11,1278.5,2025-12-08 00:16:07,64221.0,,16,7,11,1355.988525,2025-12-08 00:17:07
16,8,11,1278.9,2025-12-08 00:16:08,63219.0,,16,8,11,1358.973389,2025-12-08 00:17:08
16,9,11,1278.8,2025-12-08 00:16:09,62214.0,,16,9,11,1361.865112,2025-12-08 00:17:09
16,10,11,1279.1,2025-12-08 00:16:10,61213.0,,16,10,11,1364.665405,2025-12-08 00:17:10
16,11,11,1278.0,2025-12-08 00:16:11,60205.0,,16,11,11,1367.37793,2025-12-08 00:17:11
16,12,11,1277.6,2025-12-08 00:16:12,59204.0,,16,12,11,1370.007202,2025-12-08 00:17:12
16,13,11,1276.1,2025-12-08 00:16:13,58201.0,,16,13,11,1372.557495,2025-12-08 00:17:13
16,14,11,1271.7,2025-12-08 00:16:14,57200.0,,16,14,11,1375.032227,2025-12-08 00:17:14
16,15,11,1274.8,2025-12-08 00:16:15,56199.0,,16,15,11,1377.435181,2025-12-08 00:17:15
16,16,11,1273.1,2025-12-08 00:16:16,55194.0,,16,16,11,1379.768921,2025-12-08 00:17:16
16,17,11,1276.3,2025-12-08 00:16:17,54190.0,,16,17,11,1382.036255,2025-12-08 00:17:17
16,18,11,1273.5,2025-12-08 00:16:18,53189.0,,16,18,11,1384.23938,2025-12-08 00:17:18
16,19,11,1277.7,2025-12-08 00:16:19,52188.0,,16,19,11,1386.379639,2025-12-08 00:17:19
16,20,11,1280.0,2025-12-08 00:16:20,51187.0,,16,20,11,1388.459351,2025-12-08 00:17:20
16,21,11,1276.6,2025-12-08 00:16:21,50184.0,,16,21,11,1390.480103,2025-12-08 00:17:21
16,22,11,1278.6,2025-12-08 00:16:22,49180.0,,16,22,11,1392.443115,2025-12-08 00:17:22
16,23,11,1281.7,2025-12-08 00:16:23,48179.0,,16,23,11,1394.35022,2025-12-08 00:17:23
16,24,11,1287.1,2025-12-08 00:16:24,47178.0,,16,24,11,1396.202881,2025-12-08 00:17:24
16,25,11,1281.5,2025-12-08 00:16:25,46176.0,,16,25,11,1398.002686,2025-12-08 00:17:25
16,26,11,1288.4,2025-12-08 00:16:26,45175.0,,16,26,11,1399.750977,2025-12-08 00:17:26
16,27,11,1292.6,2025-12-08 00:16:27,44169.0,,16,27,11,1401.449219,2025-12-08 00:17:27
16,28,11,1295.5,2025-12-08 00:16:28,43167.0,,16,28,11,1403.098877,2025-12-08 00:17:28
16,29,11,1295.5,2025-12-08 00:16:29,42162.0,,16,29,11,1404.70166,2025-12-08 00:17:29
16,30,11,1297.1,2025-12-08 00:16:30,41161.0,,16,30,11,1406.258789,2025-12-08 00:17:30
16,31,11,1295.3,2025-12-08 00:16:31,40160.0,,16,31,11,1407.771729,2025-12-08 00:17:31
16,32,11,1298.6,2025-12-08 00:16:32,39159.0,,16,32,11,1409.241943,2025-12-08 00:17:32
16,33,11,1302.1,2025-12-08 00:16:33,38158.0,,16,33,11,1410.671265,2025-12-08 00:17:33
16,34,11,1307.1,2025-12-08 00:16:34,37155.0,,16,34,11,1412.060425,2025-12-08 00:17:34
16,35,11,1299.9,2025-12-08 00:16:35,36154.0,,16,35,11,1413.411377,2025-12-08 00:17:35
16,36,11,1299.9,2025-12-08 00:16:36,35153.0,,16,36,11,1414.724854,2025-12-08 00:17:36
16,37,11,1302.3,2025-12-08 00:16:37,34152.0,,16,37,11,1416.002563,2025-12-08 00:17:37
16,38,11,1302.1,2025-12-08 00:16:38,33151.0,,16,38,11,1417.245972,2025-12-08 00:17:38
16,39,11,1302.0,2025-12-08 00:16:39,32148.0,,16,39,11,1418.455811,2025-12-08 00:17:39
16,40,11,1300.9,2025-12-08 00:16:40,31144.0,,16,40,11,1419.633545,2025-12-08 00:17:40
16,41,11,1301.8,2025-12-08 00:16:41,30142.0,,16,41,11,1420.780273,2025-12-08 00:17:41
16,42,11,1303.5,2025-12-08 00:16:42,29138.0,,16,42,11,1421.897461,2025-12-08 00:17:42
16,43,11,1308.2,2025-12-08 00:16:43,28134.0,,16,43,11,1422.985596,2025-12-08 00:17:43
16,44,11,1303.1,2025-12-08 00:16:44,27132.0,,16,44,11,1424.046143,2025-12-08 00:17:44
16,45,11,1303.7,2025-12-08 00:16:45,26126.0,,16,45,11,1425.079956,2025-12-08 00:17:45
16,46,11,1297.6,2025-12-08 00:16:46,25124.0,,16,46,11,1426.087769,2025-12-08 00:17:46
16,47,11,1297.3,2025-12-08 00:16:47,24123.0,,16,47,11,1427.070435,2025-12-08 00:17:47
16,48,11,1299.2,2025-12-08 00:16:48,23120.0,,16,48,11,1428.029297,2025-12-08 00:17:48
16,49,11,1295.0,2025-12-08 00:16:49,22119.0,,16,49,11,1428.965088,2025-12-08 00:17:49
16,50,11,1297.1,2025-12-08 00:16:50,21118.0,,16,50,11,1429.878662,2025-12-08 00:17:50
16,51,11,1297.6,2025-12-08 00:16:51,20117.0,,16,51,11,1430.770752,2025-12-08 00:17:51
16,52,11,1299.0,2025-12-08 00:16:52,19116.0,,16,52,11,1431.642334,2025-12-08 00:17:52
16,53,11,1296.6,2025-12-08 00:16:53,18114.0,,16,53,11,1432.494263,2025-12-08 00:17:53
16,54,11,1297.0,2025-12-08 00:16:54,17110.0,,16,54,11,1433.326904,2025-12-08 00:17:54
16,55,11,1299.0,2025-12-08 00:16:55,16107.0,,16,55,11,1434.141113,2025-12-08 00:17:55
16,56,11,1301.1,2025-12-08 00:16:56,15105.0,,16,56,11,1434.937744,2025-12-08 00:17:56
16,57,11,1304.6,2025-12-08 00:16:57,14104.0,,16,57,11,1435.717529,2025-12-08 00:17:57
16,58,11,1297.7,2025-12-08 00:16:58,13100.0,,16,58,11,1436.480957,2025-12-08 00:17:58
16,59,11,1312.6,2025-12-08 00:16:59,12096.0,,16,59,11,1437.228271,2025-12-08 00:17:59
17,0,11,1305.4,2025-12-08 00:17:00,71959.0,,17,0,11,1332.706543,2025-12-08 00:18:00
17,1,11,1300.7,2025-12-08 00:17:01,70954.0,,17,1,11,1335.162842,2025-12-08 00:18:01
17,2,11,1304.0,2025-12-08 00:17:02,69939.0,,17,2,11,1337.84375,2025-12-08 00:18:02
17,3,11,1305.4,2025-12-08 00:17:03,68933.0,,17,3,11,1340.897705,2025-12-08 00:18:03
17,4,11,1301.3,2025-12-08 00:17:04,67932.0,,17,4,11,1344.116211,2025-12-08 00:18:04
17,5,11,1301.8,2025-12-08 00:17:05,66930.0,,17,5,11,1347.36853,2025-12-08 00:18:05
17,6,11,1301.3,2025-12-08 00:17:06,65926.0,,17,6,11,1350.58374,2025-12-08 00:18:06
17,7,11,1304.8,2025-12-08 00:17:07,64926.0,,17,7,11,1353.725586,2025-12-08 00:18:07
17,8,11,1302.7,2025-12-08 00:17:08,63925.0,,17,8,11,1356.777832,2025-12-08 00:18:08
17,9,11,1301.6,2025-12-08 00:17:09,62924.0,,17,9,11,1359.735596,2025-12-08 00:18:09
17,10,11,1298.0,2025-12-08 00:17:10,61923.0,,17,10,11,1362.599609,2025-12-08 00:18:10
17,11,11,1302.8,2025-12-08 00:17:11,60921.0,,17,11,11,1365.373413,2025-12-08 00:18:11
17,12,11,1299.7,2025-12-08 00:17:12,59918.0,,17,12,11,1368.061279,2025-12-08 00:18:12
17,13,11,1299.9,2025-12-08 00:17:13,58917.0,,17,13,11,1370.667725,2025-12-08 00:18:13
17,14,11,1297.8,2025-12-08 00:17:14,57916.0,,17,14,11,1373.196899,2025-12-08 00:18:14
17,15,11,1301.7,2025-12-08 00:17:15,56913.0,,17,15,11,1375.652222,2025-12-08 00:18:15
17,16,11,1295.5,2025-12-08 00:17:16,55910.0,,17,16,11,1378.037109,2025-12-08 00:18:16
17,17,11,1299.2,2025-12-08 00:17:17,54909.0,,17,17,11,1380.35376,2025-12-08 00:18:17
17,18,11,1301.0,2025-12-08 00:17:18,53907.0,,17,18,11,1382.604858,2025-12-08 00:18:18
17,19,11,1305.6,2025-12-08 00:17:19,52906.0,,17,19,11,1384.792236,2025-12-08 00:18:19
17,20,11,1303.8,2025-12-08 00:17:20,51905.0,,17,20,11,1386.917847,2025-12-08 00:18:20
17,21,11,1301.9,2025-12-08 00:17:21,50902.0,,17,21,11,1388.98291,2025-12-08 00:18:21
17,22,11,1291.0,2025-12-08 00:17:22,49896.0,,17,22,11,1390.989258,2025-12-08 00:18:22
17,23,11,1296.8,2025-12-08 00:17:23,48891.0,,17,23,11,1392.937988,2025-12-08 00:18:23
17,24,11,1299.8,2025-12-08 00:17:24,47890.0,,17,24,11,1394.831421,2025-12-08 00:18:24
17,25,11,1293.8,2025-12-08 00:17:25,46888.0,,17,25,11,1396.670776,2025-12-08 00:18:25
17,26,11,1293.6,2025-12-08 00:17:26,45886.0,,17,26,11,1398.457153,2025-12-08 00:18:26
17,27,11,1298.1,2025-12-08 00:17:27,44885.0,,17,27,11,1400.192383,2025-12-08 00:18:27
17,28,11,1298.1,2025-12-08 00:17:28,43883.0,,17,28,11,1401.87793,2025-12-08 00:18:28
17,29,11,1302.9,2025-12-08 00:17:29,42882.0,,17,29,11,1403.515259,2025-12-08 00:18:29
17,30,11,1298.3,2025-12-08 00:17:30,41875.0,,17,30,11,1405.105835,2025-12-08 00:18:30
17,31,11,1294.6,2025-12-08 00:17:31,40874.0,,17,31,11,1406.651123,2025-12-08 00:18:31
17,32,11,1297.0,2025-12-08 00:17:32,39869.0,,17,32,11,1408.152222,2025-12-08 00:18:32
17,33,11,1298.8,2025-12-08 00:17:33,38864.0,,17,33,11,1409.611328,2025-12-08 00:18:33
17,34,11,1299.4,2025-12-08 00:17:34,37861.0,,17,34,11,1411.029663,2025-12-08 00:18:34
17,35,11,1294.6,2025-12-08 00:17:35,36859.0,,17,35,11,1412.408325,2025-12-08 00:18:35
17,36,11,1302.3,2025-12-08 00:17:36,35857.0,,17,36,11,1413.748901,2025-12-08 00:18:36
17,37,11,1299.4,2025-12-08 00:17:37,34856.0,,17,37,11,1415.053101,2025-12-08 00:18:37
17,38,11,1299.8,2025-12-08 00:17:38,33854.0,,17,38,11,1416.321533,2025-12-08 00:18:38
17,39,11,1299.9,2025-12-08 00:17:39,32849.0,,17,39,11,1417.55603,2025-12-08 00:18:39
17,40,11,1300.9,2025-12-08 00:17:40,31842.0,,17,40,11,1418.757324,2025-12-08 00:18:40
17,41,11,1308.5,2025-12-08 00:17:41,30837.0,,17,41,11,1419.92688,2025-12-08 00:18:41
17,42,11,1299.8,2025-12-08 00:17:42,29835.0,,17,42,11,1421.066284,2025-12-08 00:18:42
17,43,11,1295.3,2025-12-08 00:17:43,28832.0,,17,43,11,1422.175537,2025-12-08 00:18:43
17,44,11,1306.7,2025-12-08 00:17:44,27830.0,,17,44,11,1423.256348,2025-12-08 00:18:44
17,45,11,1308.4,2025-12-08 00:17:45,26826.0,,17,45,11,1424.310181,2025-12-08 00:18:45
17,46,11,1304.6,2025-12-08 00:17:46,25822.0,,17,46,11,1425.337402,2025-12-08 00:18:46
17,47,11,1304.2,2025-12-08 00:17:47,24819.0,,17,47,11,1426.338989,2025-12-08 00:18:47
17,48,11,1299.3,2025-12-08 00:17:48,23816.0,,17,48,11,1427.31604,2025-12-08 00:18:48
17,49,11,1298.6,2025-12-08 00:17:49,22815.0,,17,49,11,1428.268921,2025-12-08 00:18:49
17,50,11,1297.9,2025-12-08 00:17:50,21811.0,,17,50,11,1429.199097,2025-12-08 00:18:50
17,51,11,1301.7,2025-12-08 00:17:51,20809.0,,17,51,11,1430.106934,2025-12-08 00:18:51
17,52,11,1297.3,2025-12-08 00:17:52,19807.0,,17,52,11,1430.994019,2025-12-08 00:18:52
17,53,11,1296.0,2025-12-08 00:17:53,18804.0,,17,53,11,1431.860229,2025-12-08 00:18:53
17,54,11,1297.3,2025-12-08 00:17:54,17803.0,,17,54,11,1432.707031,2025-12-08 00:18:54
17,55,11,1295.9,2025-12-08 00:17:55,16798.0,,17,55,11,1433.534668,2025-12-08 00:18:55
17,56,11,1297.0,2025-12-08 00:17:56,15797.0,,17,56,11,1434.34436,2025-12-08 00:18:56
17,57,11,1299.2,2025-12-08 00:17:57,14796.0,,17,57,11,1435.136475,2025-12-08 00:18:57
17,58,11,1296.1,2025-12-08 00:17:58,13795.0,,17,58,11,1435.911743,2025-12-08 00:18:58
17,59,11,1296.8,2025-12-08 00:17:59,12792.0,,17,59,11,1436.670776,2025-12-08 00:18:59
18,0,11,1370.571186,2025-12-08 00:18:00,71442.0,,18,0,11,1400.013306,2025-12-08 00:19:00
18,1,11,1298.6,2025-12-08 00:18:01,70442.0,,18,1,11,1400.943115,2025-12-08 00:19:01
18,2,11,1306.1,2025-12-08 00:18:02,69387.0,,18,2,11,1401.96167,2025-12-08 00:19:02
18,3,11,1299.9,2025-12-08 00:18:03,68386.0,,18,3,11,1403.141602,2025-12-08 00:19:03
18,4,11,1302.9,2025-12-08 00:18:04,67384.0,,18,4,11,1404.401123,2025-12-08 00:19:04
18,5,11,1302.7,2025-12-08 00:18:05,66382.0,,18,5,11,1405.68811,2025-12-08 00:19:05
18,6,11,1299.6,2025-12-08 00:18:06,65377.0,,18,6,11,1406.973755,2025-12-08 00:19:06
18,7,11,1297.6,2025-12-08 00:18:07,64372.0,,18,7,11,1408.243408,2025-12-08 00:19:07
18,8,11,1299.5,2025-12-08 00:18:08,63347.0,,18,8,11,1409.490967,2025-12-08 00:19:08
18,9,11,1298.0,2025-12-08 00:18:09,62207.0,,18,9,11,1410.714111,2025-12-08 00:19:09
18,10,11,1299.5,2025-12-08 00:18:10,61200.0,,18,10,11,1411.913452,2025-12-08 00:19:10
18,11,11,1301.6,2025-12-08 00:18:11,60198.0,,18,11,11,1413.089844,2025-12-08 00:19:11
18,12,11,1299.1,2025-12-08 00:18:12,59195.0,,18,12,11,1414.244873,2025-12-08 00:19:12
18,13,11,1297.7,2025-12-08 00:18:13,58193.0,,18,13,11,1415.379883,2025-12-08 00:19:13
18,14,11,1298.0,2025-12-08 00:18:14,57047.0,,18,14,11,1416.496094,2025-12-08 00:19:14
18,15,11,1334.1,2025-12-08 00:18:15,56040.0,,18,15,11,1417.59436,2025-12-08 00:19:15
18,16,11,1405.9,2025-12-08 00:18:16,55040.0,,18,16,11,1418.677246,2025-12-08 00:19:16
18,17,11,1398.2,2025-12-08 00:18:17,54038.0,,18,17,11,1419.746826,2025-12-08 00:19:17
18,18,11,1396.3,2025-12-08 00:18:18,53036.0,,18,18,11,1420.797729,2025-12-08 00:19:18
18,19,11,1405.4,2025-12-08 00:18:19,52030.0,,18,19,11,1421.830933,2025-12-08 00:19:19
18,20,11,1407.3,2025-12-08 00:18:20,51009.0,,18,20,11,1422.84729,2025-12-08 00:19:20
18,21,11,1398.2,2025-12-08 00:18:21,50008.0,,18,21,11,1423.846191,2025-12-08 00:19:21
18,22,11,1400.1,2025-12-08 00:18:22,48676.0,,18,22,11,1424.826782,2025-12-08 00:19:22
18,23,11,1412.2,2025-12-08 00:18:23,47152.0,,18,23,11,1425.790405,2025-12-08 00:19:23
18,24,11,1400.5,2025-12-08 00:18:24,46099.0,,18,24,11,1426.737183,2025-12-08 00:19:24
18,25,11,1396.8,2025-12-08 00:18:25,44712.0,,18,25,11,1427.666016,2025-12-08 00:19:25
18,26,11,1398.0,2025-12-08 00:18:26,43696.0,,18,26,11,1428.577393,2025-12-08 00:19:26
18,27,11,1402.0,2025-12-08 00:18:27,42476.0,,18,27,11,1429.472046,2025-12-08 00:19:27
18,28,11,1402.3,2025-12-08 00:18:28,41474.0,,18,28,11,1430.349854,2025-12-08 00:19:28
18,29,11,1402.3,2025-12-08 00:18:29,40470.0,,18,29,11,1431.21106,2025-12-08 00:19:29
18,30,11,1397.7,2025-12-08 00:18:30,39463.0,,18,30,11,1432.055664,2025-12-08 00:19:30
18,31,11,1406.4,2025-12-08 00:18:31,38459.0,,18,31,11,1432.883789,2025-12-08 00:19:31
18,32,11,1402.1,2025-12-08 00:18:32,37458.0,,18,32,11,1433.696289,2025-12-08 00:19:32
18,33,11,1400.3,2025-12-08 00:18:33,36456.0,,18,33,11,1434.49292,2025-12-08 00:19:33
18,34,11,1407.1,2025-12-08 00:18:34,35455.0,,18,34,11,1435.273926,2025-12-08 00:19:34
18,35,11,1389.0,2025-12-08 00:18:35,34234.0,,18,35,11,1436.040039,2025-12-08 00:19:35
18,36,11,1393.8,2025-12-08 00:18:36,33182.0,,18,36,11,1436.790283,2025-12-08 00:19:36
18,37,11,1388.7,2025-12-08 00:18:37,32179.0,,18,37,11,1437.526367,2025-12-08 00:19:37
18,38,11,1392.2,2025-12-08 00:18:38,31177.0,,18,38,11,1438.248169,2025-12-08 00:19:38
18,39,11,1390.3,2025-12-08 00:18:39,30174.0,,18,39,11,1438.956543,2025-12-08 00:19:39
18,40,11,1387.1,2025-12-08 00:18:40,29172.0,,18,40,11,1439.651245,2025-12-08 00:19:40
18,41,11,1389.1,2025-12-08 00:18:41,28170.0,,18,41,11,1440.33252,2025-12-08 00:19:41
18,42,11,1389.7,2025-12-08 00:18:42,27167.0,,18,42,11,1441.001343,2025-12-08 00:19:42
18,43,11,1388.7,2025-12-08 00:18:43,26166.0,,18,43,11,1441.657593,2025-12-08 00:19:43
18,44,11,1389.4,2025-12-08 00:18:44,25163.0,,18,44,11,1442.30188,2025-12-08 00:19:44
18,45,11,1384.5,2025-12-08 00:18:45,24154.0,,18,45,11,1442.934326,2025-12-08 00:19:45
18,46,11,1383.1,2025-12-08 00:18:46,23150.0,,18,46,11,1443.55481,2025-12-08 00:19:46
18,47,11,1386.1,2025-12-08 00:18:47,22113.0,,18,47,11,1444.164062,2025-12-08 00:19:47
18,48,11,1387.5,2025-12-08 00:18:48,21112.0,,18,48,11,1444.762817,2025-12-08 00:19:48
18,49,11,1386.1,2025-12-08 00:18:49,20108.0,,18,49,11,1445.350708,2025-12-08 00:19:49
18,50,11,1384.0,2025-12-08 00:18:50,19102.0,,18,50,11,1445.928589,2025-12-08 00:19:50
18,51,11,1388.9,2025-12-08 00:18:51,18096.0,,18,51,11,1446.49585,2025-12-08 00:19:51
18,52,11,1387.6,2025-12-08 00:18:52,17095.0,,18,52,11,1447.053711,2025-12-08 00:19:52
18,53,11,1386.3,2025-12-08 00:18:53,16094.0,,18,53,11,1447.602173,2025-12-08 00:19:53
18,54,11,1386.5,2025-12-08 00:18:54,15090.0,,18,54,11,1448.140991,2025-12-08 00:19:54
18,55,11,1386.4,2025-12-08 00:18:55,14088.0,,18,55,11,1448.670776,2025-12-08 00:19:55
18,56,11,1386.1,2025-12-08 00:18:56,13083.0,,18,56,11,1449.191895,2025-12-08 00:19:56
18,57,11,1388.0,2025-12-08 00:18:57,12081.0,,18,57,11,1449.70459,2025-12-08 00:19:57
18,58,11,1384.7,2025-12-08 00:18:58,11079.0,,18,58,11,1450.208984,2025-12-08 00:19:58
18,59,11,1385.9,2025-12-08 00:18:59,10078.0,,18,59,11,1450.7052,2025-12-08 00:19:59
19,0,11,1383.9,2025-12-08 00:19:00,68828.0,,19,0,11,1467.171875,2025-12-08 00:20:00
19,1,11,1387.4,2025-12-08 00:19:01,67827.0,,19,1,11,1466.546753,2025-12-08 00:20:01
19,2,11,1388.9,2025-12-08 00:19:02,66824.0,,19,2,11,1465.859131,2025-12-08 00:20:02
19,3,11,1385.9,2025-12-08 00:19:03,65821.0,,19,3,11,1465.148682,2025-12-08 00:20:03
19,4,11,1387.9,2025-12-08 00:19:04,64818.0,,19,4,11,1464.428345,2025-12-08 00:20:04
19,5,11,1386.4,2025-12-08 00:19:05,63814.0,,19,5,11,1463.704834,2025-12-08 00:20:05
19,6,11,1387.3,2025-12-08 00:19:06,62811.0,,19,6,11,1462.980835,2025-12-08 00:20:06
19,7,11,1385.6,2025-12-08 00:19:07,61810.0,,19,7,11,1462.256836,2025-12-08 00:20:07
19,8,11,1389.4,2025-12-08 00:19:08,60804.0,,19,8,11,1461.532227,2025-12-08 00:20:08
19,9,11,1389.9,2025-12-08 00:19:09,59801.0,,19,9,11,1460.805908,2025-12-08 00:20:09
19,10,11,1392.1,2025-12-08 00:19:10,58798.0,,19,10,11,1460.077148,2025-12-08 00:20:10
19,11,11,1410.2,2025-12-08 00:19:11,57792.0,,19,11,11,1459.344116,2025-12-08 00:20:11
19,12,11,1460.9,2025-12-08 00:19:12,56791.0,,19,12,11,1458.606812,2025-12-08 00:20:12
19,13,11,1459.9,2025-12-08 00:19:13,55790.0,,19,13,11,1457.864136,2025-12-08 00:20:13
19,14,11,1463.5,2025-12-08 00:19:14,54787.0,,19,14,11,1457.115845,2025-12-08 00:20:14
19,15,11,1466.4,2025-12-08 00:19:15,53781.0,,19,15,11,1456.36145,2025-12-08 00:20:15
19,16,11,1460.8,2025-12-08 00:19:16,52778.0,,19,16,11,1455.600708,2025-12-08 00:20:16
19,17,11,1464.6,2025-12-08 00:19:17,51777.0,,19,17,11,1454.833862,2025-12-08 00:20:17
19,18,11,1464.0,2025-12-08 00:19:18,50776.0,,19,18,11,1454.060547,2025-12-08 00:20:18
19,19,11,1469.2,2025-12-08 00:19:19,49774.0,,19,19,11,1453.281006,2025-12-08 00:20:19
19,20,11,1469.5,2025-12-08 00:19:20,48770.0,,19,20,11,1452.495361,2025-12-08 00:20:20
19,21,11,1469.3,2025-12-08 00:19:21,47759.0,,19,21,11,1451.703247,2025-12-08 00:20:21
19,22,11,1462.7,2025-12-08 00:19:22,46754.0,,19,22,11,1450.905273,2025-12-08 00:20:22
19,23,11,1489.4,2025-12-08 00:19:23,45751.0,,19,23,11,1450.101196,2025-12-08 00:20:23
19,24,11,1469.1,2025-12-08 00:19:24,44750.0,,19,24,11,1449.291138,2025-12-08 00:20:24
19,25,11,1470.4,2025-12-08 00:19:25,43747.0,,19,25,11,1448.474976,2025-12-08 00:20:25
19,26,11,1468.3,2025-12-08 00:19:26,42746.0,,19,26,11,1447.652832,2025-12-08 00:20:26
19,27,11,1467.9,2025-12-08 00:19:27,41744.0,,19,27,11,1446.824585,2025-12-08 00:20:27
19,28,11,1467.5,2025-12-08 00:19:28,40742.0,,19,28,11,1445.990356,2025-12-08 00:20:28
19,29,11,1471.2,2025-12-08 00:19:29,39741.0,,19,29,11,1445.150024,2025-12-08 00:20:29
19,30,11,1472.8,2025-12-08 00:19:30,38739.0,,19,30,11,1444.303589,2025-12-08 00:20:30
19,31,11,1477.3,2025-12-08 00:19:31,37736.0,,19,31,11,1443.450684,2025-12-08 00:20:31
19,32,11,1466.3,2025-12-08 00:19:32,36725.0,,19,32,11,1442.591675,2025-12-08 00:20:32
19,33,11,1464.5,2025-12-08 00:19:33,35722.0,,19,33,11,1441.72644,2025-12-08 00:20:33
19,34,11,1463.3,2025-12-08 00:19:34,34721.0,,19,34,11,1440.854614,2025-12-08 00:20:34
19,35,11,1464.3,2025-12-08 00:19:35,33720.0,,19,35,11,1439.976318,2025-12-08 00:20:35
19,36,11,1468.3,2025-12-08 00:19:36,32715.0,,19,36,11,1439.091309,2025-12-08 00:20:36
19,37,11,1462.5,2025-12-08 00:19:37,31713.0,,19,37,11,1438.199829,2025-12-08 00:20:37
19,38,11,1468.2,2025-12-08 00:19:38,30709.0,,19,38,11,1437.301392,2025-12-08 00:20:38
19,39,11,1467.2,2025-12-08 00:19:39,29703.0,,19,39,11,1436.39624,2025-12-08 00:20:39
19,40,11,1470.4,2025-12-08 00:19:40,28702.0,,19,40,11,1435.483887,2025-12-08 00:20:40
19,41,11,1468.0,2025-12-08 00:19:41,27699.0,,19,41,11,1434.564575,2025-12-08 00:20:41
19,42,11,1478.6,2025-12-08 00:19:42,26697.0,,19,42,11,1433.638184,2025-12-08 00:20:42
19,43,11,1469.9,2025-12-08 00:19:43,25696.0,,19,43,11,1432.704224,2025-12-08 00:20:43
19,44,11,1471.8,2025-12-08 00:19:44,24695.0,,19,44,11,1431.762939,2025-12-08 00:20:44
19,45,11,1470.1,2025-12-08 00:19:45,23691.0,,19,45,11,1430.814087,2025-12-08 00:20:45
19,46,11,1467.0,2025-12-08 00:19:46,22690.0,,19,46,11,1429.857666,2025-12-08 00:20:46
19,47,11,1470.2,2025-12-08 00:19:47,21689.0,,19,47,11,1428.893677,2025-12-08 00:20:47
19,48,11,1468.1,2025-12-08 00:19:48,20686.0,,19,48,11,1427.921631,2025-12-08 00:20:48
19,49,11,1468.4,2025-12-08 00:19:49,19685.0,,19,49,11,1426.941528,2025-12-08 00:20:49
19,50,11,1470.9,2025-12-08 00:19:50,18684.0,,19,50,11,1425.953247,2025-12-08 00:20:50
19,51,11,1477.5,2025-12-08 00:19:51,17684.0,,19,51,11,1424.957031,2025-12-08 00:20:51
19,52,11,1470.6,2025-12-08 00:19:52,16683.0,,19,52,11,1423.952148,2025-12-08 00:20:52
19,53,11,1471.6,2025-12-08 00:19:53,15676.0,,19,53,11,1422.938965,2025-12-08 00:20:53
19,54,11,1470.5,2025-12-08 00:19:54,14675.0,,19,54,11,1421.917114,2025-12-08 00:20:54
19,55,11,1467.3,2025-12-08 00:19:55,13674.0,,19,55,11,1420.886475,2025-12-08 00:20:55
19,56,11,1469.5,2025-12-08 00:19:56,12672.0,,19,56,11,1419.847168,2025-12-08 00:20:56
19,57,11,1474.0,2025-12-08 00:19:57,11669.0,,19,57,11,1418.798584,2025-12-08 00:20:57
19,58,11,1467.7,2025-12-08 00:19:58,10668.0,,19,58,11,1417.740845,2025-12-08 00:20:58
19,59,11,1470.3,2025-12-08 00:19:59,9667.0,,19,59,11,1416.673828,2025-12-08 00:20:59
20,0,11,1471.4,2025-12-08 00:20:00,195191.0,,20,0,11,1577.064819,2025-12-08 00:21:00
20,1,11,1469.0,2025-12-08 00:20:01,194185.0,,20,1,11,1576.652344,2025-12-08 00:21:01
20,2,11,1472.0,2025-12-08 00:20:02,193176.0,,20,2,11,1576.155273,2025-12-08 00:21:02
20,3,11,1472.5,2025-12-08 00:20:03,192173.0,,20,3,11,1575.630859,2025-12-08 00:21:03
20,4,11,1473.0,2025-12-08 00:20:04,191171.0,,20,4,11,1575.0979,2025-12-08 00:21:04
20,5,11,1469.9,2025-12-08 00:20:05,190170.0,,20,5,11,1574.56665,2025-12-08 00:21:05
20,6,11,1469.5,2025-12-08 00:20:06,189169.0,,20,6,11,1574.041748,2025-12-08 00:21:06
20,7,11,1471.8,2025-12-08 00:20:07,188167.0,,20,7,11,1573.524536,2025-12-08 00:21:07
20,8,11,1472.3,2025-12-08 00:20:08,187165.0,,20,8,11,1573.014771,2025-12-08 00:21:08
20,9,11,1474.0,2025-12-08 00:20:09,186164.0,,20,9,11,1572.511841,2025-12-08 00:21:09
20,10,11,1465.8,2025-12-08 00:20:10,185153.0,,20,10,11,1572.01416,2025-12-08 00:21:10
20,11,11,1471.5,2025-12-08 00:20:11,184152.0,,20,11,11,1571.520142,2025-12-08 00:21:11
20,12,11,1471.2,2025-12-08 00:20:12,183148.0,,20,12,11,1571.028931,2025-12-08 00:21:12
20,13,11,1484.7,2025-12-08 00:20:13,182147.0,,20,13,11,1570.539795,2025-12-08 00:21:13
20,14,11,1507.9,2025-12-08 00:20:14,181146.0,,20,14,11,1570.051392,2025-12-08 00:21:14
20,15,11,1568.7,2025-12-08 00:20:15,180144.0,,20,15,11,1569.563843,2025-12-08 00:21:15
20,16,11,1557.5,2025-12-08 00:20:16,179142.0,,20,16,11,1569.076538,2025-12-08 00:21:16
20,17,11,1574.6,2025-12-08 00:20:17,178139.0,,20,17,11,1568.589111,2025-12-08 00:21:17
20,18,11,1568.1,2025-12-08 00:20:18,177138.0,,20,18,11,1568.101685,2025-12-08 00:21:18
20,19,11,1573.0,2025-12-08 00:20:19,176137.0,,20,19,11,1567.614258,2025-12-08 00:21:19
20,20,11,1576.4,2025-12-08 00:20:20,175134.0,,20,20,11,1567.126465,2025-12-08 00:21:20
20,21,11,1573.0,2025-12-08 00:20:21,174121.0,,20,21,11,1566.638794,2025-12-08 00:21:21
20,22,11,1567.7,2025-12-08 00:20:22,173120.0,,20,22,11,1566.151367,2025-12-08 00:21:22
20,23,11,1570.3,2025-12-08 00:20:23,172119.0,,20,23,11,1565.664185,2025-12-08 00:21:23
20,24,11,1571.6,2025-12-08 00:20:24,171117.0,,20,24,11,1565.17688,2025-12-08 00:21:24
20,25,11,1569.1,2025-12-08 00:20:25,170111.0,,20,25,11,1564.690186,2025-12-08 00:21:25
20,26,11,1568.6,2025-12-08 00:20:26,169109.0,,20,26,11,1564.203735,2025-12-08 00:21:26
20,27,11,1568.7,2025-12-08 00:20:27,168107.0,,20,27,11,1563.717896,2025-12-08 00:21:27
20,28,11,1567.8,2025-12-08 00:20:28,167106.0,,20,28,11,1563.2323,2025-12-08 00:21:28
20,29,11,1571.6,2025-12-08 00:20:29,166106.0,,20,29,11,1562.747681,2025-12-08 00:21:29
20,30,11,1574.6,2025-12-08 00:20:30,165104.0,,20,30,11,1562.263428,2025-12-08 00:21:30
20,31,11,1571.5,2025-12-08 00:20:31,164102.0,,20,31,11,1561.779907,2025-12-08 00:21:31
20,32,11,1572.6,2025-12-08 00:20:32,163100.0,,20,32,11,1561.296875,2025-12-08 00:21:32
20,33,11,1573.1,2025-12-08 00:20:33,162099.0,,20,33,11,1560.814453,2025-12-08 00:21:33
20,34,11,1574.7,2025-12-08 00:20:34,161097.0,,20,34,11,1560.33252,2025-12-08 00:21:34
20,35,11,1578.4,2025-12-08 00:20:35,160095.0,,20,35,11,1559.851562,2025-12-08 00:21:35
20,36,11,1571.7,2025-12-08 00:20:36,159092.0,,20,36,11,1559.370728,2025-12-08 00:21:36
20,37,11,1573.7,2025-12-08 00:20:37,158090.0,,20,37,11,1558.890747,2025-12-08 00:21:37
20,38,11,1577.1,2025-12-08 00:20:38,157089.0,,20,38,11,1558.411255,2025-12-08 00:21:38
20,39,11,1574.8,2025-12-08 00:20:39,156088.0,,20,39,11,1557.932373,2025-12-08 00:21:39
20,40,11,1573.6,2025-12-08 00:20:40,155086.0,,20,40,11,1557.453857,2025-12-08 00:21:40
20,41,11,1576.7,2025-12-08 00:20:41,154084.0,,20,41,11,1556.975952,2025-12-08 00:21:41
20,42,11,1575.7,2025-12-08 00:20:42,153083.0,,20,42,11,1556.498535,2025-12-08 00:21:42
20,43,11,1576.6,2025-12-08 00:20:43,152081.0,,20,43,11,1556.021729,2025-12-08 00:21:43
20,44,11,1578.3,2025-12-08 00:20:44,151077.0,,20,44,11,1555.545166,2025-12-08 00:21:44
20,45,11,1582.4,2025-12-08 00:20:45,150074.0,,20,45,11,1555.069092,2025-12-08 00:21:45
20,46,11,1577.2,2025-12-08 00:20:46,149073.0,,20,46,11,1554.593506,2025-12-08 00:21:46
20,47,11,1575.7,2025-12-08 00:20:47,148071.0,,20,47,11,1554.118164,2025-12-08 00:21:47
20,48,11,1575.7,2025-12-08 00:20:48,147070.0,,20,48,11,1553.643433,2025-12-08 00:21:48
20,49,11,1576.7,2025-12-08 00:20:49,146068.0,,20,49,11,1553.168823,2025-12-08 00:21:49
20,50,11,1579.1,2025-12-08 00:20:50,145067.0,,20,50,11,1552.694702,2025-12-08 00:21:50
20,51,11,1577.6,2025-12-08 00:20:51,144066.0,,20,51,11,1552.221069,2025-12-08 00:21:51
20,52,11,1575.4,2025-12-08 00:20:52,143065.0,,20,52,11,1551.747192,2025-12-08 00:21:52
20,53,11,1575.3,2025-12-08 00:20:53,142063.0,,20,53,11,1551.273926,2025-12-08 00:21:53
20,54,11,1576.5,2025-12-08 00:20:54,141055.0,,20,54,11,1550.800903,2025-12-08 00:21:54
20,55,11,1588.0,2025-12-08 00:20:55,140053.0,,20,55,11,1550.328369,2025-12-08 00:21:55
20,56,11,1577.7,2025-12-08 00:20:56,139035.0,,20,56,11,1549.855713,2025-12-08 00:21:56
20,57,11,1579.1,2025-12-08 00:20:57,138034.0,,20,57,11,1549.383301,2025-12-08 00:21:57
20,58,11,1579.9,2025-12-08 00:20:58,137033.0,,20,58,11,1548.911133,2025-12-08 00:21:58
20,59,11,1580.7,2025-12-08 00:20:59,136032.0,,20,59,11,1548.439331,2025-12-08 00:21:59
21,0,11,1588.0,2025-12-08 00:23:00,65583.0,,21,0,11,1602.358276,2025-12-08 00:24:00
21,1,11,1590.8,2025-12-08 00:23:01,64582.0,,21,1,11,1601.85437,2025-12-08 00:24:01
21,2,11,1595.1,2025-12-08 00:23:02,63580.0,,21,2,11,1601.2677,2025-12-08 00:24:02
21,3,11,1592.9,2025-12-08 00:23:03,62576.0,,21,3,11,1600.65564,2025-12-08 00:24:03
21,4,11,1594.8,2025-12-08 00:23:04,61575.0,,21,4,11,1600.036987,2025-12-08 00:24:04
21,5,11,1590.9,2025-12-08 00:23:05,60574.0,,21,5,11,1599.420776,2025-12-08 00:24:05
21,6,11,1590.2,2025-12-08 00:23:06,59572.0,,21,6,11,1598.811035,2025-12-08 00:24:06
21,7,11,1591.5,2025-12-08 00:23:07,58569.0,,21,7,11,1598.209717,2025-12-08 00:24:07
21,8,11,1588.1,2025-12-08 00:23:08,57569.0,,21,8,11,1597.616211,2025-12-08 00:24:08
21,9,11,1589.8,2025-12-08 00:23:09,56565.0,,21,9,11,1597.030151,2025-12-08 00:24:09
21,10,11,1592.0,2025-12-08 00:23:10,55561.0,,21,10,11,1596.450195,2025-12-08 00:24:10
21,11,11,1590.9,2025-12-08 00:23:11,54560.0,,21,11,11,1595.875122,2025-12-08 00:24:11
21,12,11,1611.3,2025-12-08 00:23:12,53559.0,,21,12,11,1595.303711,2025-12-08 00:24:12
21,13,11,1588.3,2025-12-08 00:23:13,52557.0,,21,13,11,1594.735352,2025-12-08 00:24:13
21,14,11,1590.6,2025-12-08 00:23:14,51517.0,,21,14,11,1594.169312,2025-12-08 00:24:14
21,15,11,1592.3,2025-12-08 00:23:15,50511.0,,21,15,11,1593.605103,2025-12-08 00:24:15
21,16,11,1589.5,2025-12-08 00:23:16,49508.0,,21,16,11,1593.042725,2025-12-08 00:24:16
21,17,11,1593.7,2025-12-08 00:23:17,48502.0,,21,17,11,1592.481323,2025-12-08 00:24:17
21,18,11,1589.6,2025-12-08 00:23:18,47500.0,,21,18,11,1591.921265,2025-12-08 00:24:18
21,19,11,1598.0,2025-12-08 00:23:19,46499.0,,21,19,11,1591.362549,2025-12-08 00:24:19
21,20,11,1598.5,2025-12-08 00:23:20,45497.0,,21,20,11,1590.805176,2025-12-08 00:24:20
21,21,11,1598.1,2025-12-08 00:23:21,44496.0,,21,21,11,1590.249146,2025-12-08 00:24:21
21,22,11,1589.1,2025-12-08 00:23:22,43495.0,,21,22,11,1589.694336,2025-12-08 00:24:22
21,23,11,1594.0,2025-12-08 00:23:23,42493.0,,21,23,11,1589.141113,2025-12-08 00:24:23
21,24,11,1591.4,2025-12-08 00:23:24,41491.0,,21,24,11,1588.589355,2025-12-08 00:24:24
21,25,11,1591.9,2025-12-08 00:23:25,40490.0,,21,25,11,1588.039429,2025-12-08 00:24:25
21,26,11,1592.8,2025-12-08 00:23:26,39489.0,,21,26,11,1587.490967,2025-12-08 00:24:26
21,27,11,1597.2,2025-12-08 00:23:27,38482.0,,21,27,11,1586.944214,2025-12-08 00:24:27
21,28,11,1597.6,2025-12-08 00:23:28,37476.0,,21,28,11,1586.39917,2025-12-08 00:24:28
21,29,11,1599.2,2025-12-08 00:23:29,36473.0,,21,29,11,1585.855835,2025-12-08 00:24:29
21,30,11,1608.3,2025-12-08 00:23:30,35461.0,,21,30,11,1585.314575,2025-12-08 00:24:30
21,31,11,1594.3,2025-12-08 00:23:31,34455.0,,21,31,11,1584.77478,2025-12-08 00:24:31
21,32,11,1599.8,2025-12-08 00:23:32,33450.0,,21,32,11,1584.236938,2025-12-08 00:24:32
21,33,11,1601.0,2025-12-08 00:23:33,32436.0,,21,33,11,1583.700684,2025-12-08 00:24:33
21,34,11,1599.5,2025-12-08 00:23:34,31435.0,,21,34,11,1583.166138,2025-12-08 00:24:34
21,35,11,1599.9,2025-12-08 00:23:35,30429.0,,21,35,11,1582.633545,2025-12-08 00:24:35
21,36,11,1598.9,2025-12-08 00:23:36,29398.0,,21,36,11,1582.102417,2025-12-08 00:24:36
21,37,11,1600.1,2025-12-08 00:23:37,28389.0,,21,37,11,1581.572998,2025-12-08 00:24:37
21,38,11,1602.2,2025-12-08 00:23:38,27385.0,,21,38,11,1581.04541,2025-12-08 00:24:38
21,39,11,1604.9,2025-12-08 00:23:39,26379.0,,21,39,11,1580.519287,2025-12-08 00:24:39
21,40,11,1601.5,2025-12-08 00:23:40,25377.0,,21,40,11,1579.994751,2025-12-08 00:24:40
21,41,11,1604.2,2025-12-08 00:23:41,24376.0,,21,41,11,1579.47168,2025-12-08 00:24:41
21,42,11,1601.0,2025-12-08 00:23:42,23374.0,,21,42,11,1578.950073,2025-12-08 00:24:42
21,43,11,1602.9,2025-12-08 00:23:43,22367.0,,21,43,11,1578.430176,2025-12-08 00:24:43
21,44,11,1615.5,2025-12-08 00:23:44,21361.0,,21,44,11,1577.911865,2025-12-08 00:24:44
21,45,11,1600.8,2025-12-08 00:23:45,20359.0,,21,45,11,1577.394897,2025-12-08 00:24:45
21,46,11,1601.3,2025-12-08 00:23:46,19356.0,,21,46,11,1576.879395,2025-12-08 00:24:46
21,47,11,1605.6,2025-12-08 00:23:47,18351.0,,21,47,11,1576.365234,2025-12-08 00:24:47
21,48,11,1602.0,2025-12-08 00:23:48,17346.0,,21,48,11,1575.852417,2025-12-08 00:24:48
21,49,11,1603.2,2025-12-08 00:23:49,16344.0,,21,49,11,1575.340942,2025-12-08 00:24:49
21,50,11,1606.7,2025-12-08 00:23:50,15342.0,,21,50,11,1574.830933,2025-12-08 00:24:50
21,51,11,1605.3,2025-12-08 00:23:51,14340.0,,21,51,11,1574.322021,2025-12-08 00:24:51
21,52,11,1603.3,2025-12-08 00:23:52,13339.0,,21,52,11,1573.814575,2025-12-08 00:24:52
21,53,11,1604.1,2025-12-08 00:23:53,12334.0,,21,53,11,1573.308228,2025-12-08 00:24:53
21,54,11,1607.4,2025-12-08 00:23:54,11332.0,,21,54,11,1572.803223,2025-12-08 00:24:54
21,55,11,1603.1,2025-12-08 00:23:55,10330.0,,21,55,11,1572.299316,2025-12-08 00:24:55
21,56,11,1606.8,2025-12-08 00:23:56,9328.0,,21,56,11,1571.796631,2025-12-08 00:24:56
21,57,11,1605.8,2025-12-08 00:23:57,8325.0,,21,57,11,1571.295044,2025-12-08 00:24:57
21,58,11,1603.9,2025-12-08 00:23:58,7324.0,,21,58,11,1570.794556,2025-12-08 00:24:58
21,59,11,1606.7,2025-12-08 00:23:59,6324.0,,21,59,11,1570.295288,2025-12-08 00:24:59
22,0,11,1615.9,2025-12-08 00:24:00,65291.0,,22,0,11,1051.290894,2025-12-08 00:25:00
22,1,11,1605.0,2025-12-08 00:24:01,64288.0,,22,1,11,1033.022461,2025-12-08 00:25:01
22,2,11,1608.7,2025-12-08 00:24:02,63287.0,,22,2,11,1024.854736,2025-12-08 00:25:02
22,3,11,1609.1,2025-12-08 00:24:03,62285.0,,22,3,11,1020.77124,2025-12-08 00:25:03
22,4,11,1612.2,2025-12-08 00:24:04,61282.0,,22,4,11,1018.087341,2025-12-08 00:25:04
22,5,11,1612.4,2025-12-08 00:24:05,60276.0,,22,5,11,1015.300293,2025-12-08 00:25:05
22,6,11,1610.8,2025-12-08 00:24:06,59273.0,,22,6,11,1011.632935,2025-12-08 00:25:06
22,7,11,1603.7,2025-12-08 00:24:07,58271.0,,22,7,11,1006.794006,2025-12-08 00:25:07
22,8,11,1607.3,2025-12-08 00:24:08,57270.0,,22,8,11,1000.794922,2025-12-08 00:25:08
22,9,11,1613.2,2025-12-08 00:24:09,56257.0,,22,9,11,993.813293,2025-12-08 00:25:09
22,10,11,1608.0,2025-12-08 00:24:10,55256.0,,22,10,11,986.096313,2025-12-08 00:25:10
22,11,11,1607.9,2025-12-08 00:24:11,54255.0,,22,11,11,977.899658,2025-12-08 00:25:11
22,12,11,1607.1,2025-12-08 00:24:12,53254.0,,22,12,11,969.451965,2025-12-08 00:25:12
22,13,11,1611.2,2025-12-08 00:24:13,52252.0,,22,13,11,960.938965,2025-12-08 00:25:13
22,14,11,1610.0,2025-12-08 00:24:14,51250.0,,22,14,11,952.498779,2025-12-08 00:25:14
22,15,11,1618.4,2025-12-08 00:24:15,50244.0,,22,15,11,944.225952,2025-12-08 00:25:15
22,16,11,1611.3,2025-12-08 00:24:16,49241.0,,22,16,11,936.177795,2025-12-08 00:25:16
22,17,11,1614.0,2025-12-08 00:24:17,48241.0,,22,17,11,928.382507,2025-12-08 00:25:17
22,18,11,1617.0,2025-12-08 00:24:18,47238.0,,22,18,11,920.847656,2025-12-08 00:25:18
22,19,11,1617.6,2025-12-08 00:24:19,46237.0,,22,19,11,913.566711,2025-12-08 00:25:19
22,20,11,1619.0,2025-12-08 00:24:20,45235.0,,22,20,11,906.524719,2025-12-08 00:25:20
22,21,11,1614.6,2025-12-08 00:24:21,44233.0,,22,21,11,899.702576,2025-12-08 00:25:21
22,22,11,1613.7,2025-12-08 00:24:22,43210.0,,22,22,11,893.080383,2025-12-08 00:25:22
22,23,11,1618.7,2025-12-08 00:24:23,42206.0,,22,23,11,886.639282,2025-12-08 00:25:23
22,24,11,1613.4,2025-12-08 00:24:24,41204.0,,22,24,11,880.362183,2025-12-08 00:25:24
22,25,11,1614.9,2025-12-08 00:24:25,40201.0,,22,25,11,874.235474,2025-12-08 00:25:25
22,26,11,1616.3,2025-12-08 00:24:26,39199.0,,22,26,11,868.247986,2025-12-08 00:25:26
22,27,11,1614.7,2025-12-08 00:24:27,38197.0,,22,27,11,862.391418,2025-12-08 00:25:27
22,28,11,1616.5,2025-12-08 00:24:28,37192.0,,22,28,11,856.660156,2025-12-08 00:25:28
22,29,11,1620.1,2025-12-08 00:24:29,36164.0,,22,29,11,851.050598,2025-12-08 00:25:29
22,30,11,1613.5,2025-12-08 00:24:30,35153.0,,22,30,11,845.560852,2025-12-08 00:25:30
22,31,11,1615.7,2025-12-08 00:24:31,34136.0,,22,31,11,840.190613,2025-12-08 00:25:31
22,32,11,1620.9,2025-12-08 00:24:32,33135.0,,22,32,11,834.940247,2025-12-08 00:25:32
22,33,11,1617.4,2025-12-08 00:24:33,32118.0,,22,33,11,829.811157,2025-12-08 00:25:33
22,34,11,1620.3,2025-12-08 00:24:34,30908.0,,22,34,11,824.805176,2025-12-08 00:25:34
22,35,11,1622.9,2025-12-08 00:24:35,29890.0,,22,35,11,819.924316,2025-12-08 00:25:35
22,36,11,1621.8,2025-12-08 00:24:36,28889.0,,22,36,11,815.170776,2025-12-08 00:25:36
22,37,11,1625.8,2025-12-08 00:24:37,27888.0,,22,37,11,810.546936,2025-12-08 00:25:37
22,38,11,1623.2,2025-12-08 00:24:38,26887.0,,22,38,11,806.054871,2025-12-08 00:25:38
22,39,11,1622.8,2025-12-08 00:24:39,25617.0,,22,39,11,801.696716,2025-12-08 00:25:39
22,40,11,1621.7,2025-12-08 00:24:40,24595.0,,22,40,11,797.474487,2025-12-08 00:25:40
22,41,11,1625.5,2025-12-08 00:24:41,23430.0,,22,41,11,793.389832,2025-12-08 00:25:41
22,42,11,1624.0,2025-12-08 00:24:42,22145.0,,22,42,11,789.444336,2025-12-08 00:25:42
22,43,11,1623.4,2025-12-08 00:24:43,20966.0,,22,43,11,785.639221,2025-12-08 00:25:43
22,44,11,1625.3,2025-12-08 00:24:44,19587.0,,22,44,11,781.975769,2025-12-08 00:25:44
22,45,11,1625.6,2025-12-08 00:24:45,18206.0,,22,45,11,778.454712,2025-12-08 00:25:45
22,46,11,1630.5,2025-12-08 00:24:46,16956.0,,22,46,11,775.076538,2025-12-08 00:25:46
22,47,11,1628.9,2025-12-08 00:24:47,15955.0,,22,47,11,771.841675,2025-12-08 00:25:47
22,48,11,1626.1,2025-12-08 00:24:48,14917.0,,22,48,11,768.750244,2025-12-08 00:25:48
22,49,11,1628.3,2025-12-08 00:24:49,13848.0,,22,49,11,765.802002,2025-12-08 00:25:49
22,50,11,1629.1,2025-12-08 00:24:50,12839.0,,22,50,11,762.996277,2025-12-08 00:25:50
22,51,11,1628.8,2025-12-08 00:24:51,11838.0,,22,51,11,760.332581,2025-12-08 00:25:51
22,52,11,1455.7,2025-12-08 00:24:52,10809.0,,22,52,11,757.809875,2025-12-08 00:25:52
22,53,11,1459.9,2025-12-08 00:24:53,9806.0,,22,53,11,755.428955,2025-12-08 00:25:53
22,54,11,1468.1,2025-12-08 00:24:54,8804.0,,22,54,11,753.186401,2025-12-08 00:25:54
22,55,11,1477.6,2025-12-08 00:24:55,7791.0,,22,55,11,751.080505,2025-12-08 00:25:55
22,56,11,1438.4,2025-12-08 00:24:56,6786.0,,22,56,11,749.109741,2025-12-08 00:25:56
22,57,11,729.8,2025-12-08 00:24:57,5766.0,,22,57,11,747.273193,2025-12-08 00:25:57
22,58,11,728.6,2025-12-08 00:24:58,4760.0,,22,58,11,745.573914,2025-12-08 00:25:58
22,59,11,735.3,2025-12-08 00:24:59,3757.0,,22,59,11,744.001343,2025-12-08 00:25:59
23,0,11,985.0,2025-12-08 00:25:00,69262.0,,23,0,11,771.392395,2025-12-08 00:26:00
23,1,11,747.9,2025-12-08 00:25:01,68262.0,,23,1,11,772.915283,2025-12-08 00:26:01
23,2,11,738.3,2025-12-08 00:25:02,67241.0,,23,2,11,774.411438,2025-12-08 00:26:02
23,3,11,738.5,2025-12-08 00:25:03,66201.0,,23,3,11,775.790161,2025-12-08 00:26:03
23,4,11,736.6,2025-12-08 00:25:04,65193.0,,23,4,11,776.988342,2025-12-08 00:26:04
23,5,11,735.7,2025-12-08 00:25:05,64188.0,,23,5,11,777.964661,2025-12-08 00:26:05
23,6,11,738.5,2025-12-08 00:25:06,63185.0,,23,6,11,778.696533,2025-12-08 00:26:06
23,7,11,739.3,2025-12-08 00:25:07,62184.0,,23,7,11,779.176575,2025-12-08 00:26:07
23,8,11,739.5,2025-12-08 00:25:08,61179.0,,23,8,11,779.40918,2025-12-08 00:26:08
23,9,11,739.5,2025-12-08 00:25:09,60173.0,,23,9,11,779.406738,2025-12-08 00:26:09
23,10,11,739.0,2025-12-08 00:25:10,59171.0,,23,10,11,779.187134,2025-12-08 00:26:10
23,11,11,740.9,2025-12-08 00:25:11,58159.0,,23,11,11,778.770874,2025-12-08 00:26:11
23,12,11,737.0,2025-12-08 00:25:12,57144.0,,23,12,11,778.179932,2025-12-08 00:26:12
23,13,11,738.8,2025-12-08 00:25:13,56142.0,,23,13,11,777.436096,2025-12-08 00:26:13
23,14,11,741.8,2025-12-08 00:25:14,55139.0,,23,14,11,776.560364,2025-12-08 00:26:14
23,15,11,738.9,2025-12-08 00:25:15,54137.0,,23,15,11,775.572388,2025-12-08 00:26:15
23,16,11,741.5,2025-12-08 00:25:16,53131.0,,23,16,11,774.490234,2025-12-08 00:26:16
23,17,11,738.4,2025-12-08 00:25:17,52129.0,,23,17,11,773.3302,2025-12-08 00:26:17
23,18,11,738.0,2025-12-08 00:25:18,51126.0,,23,18,11,772.106934,2025-12-08 00:26:18
23,19,11,743.8,2025-12-08 00:25:19,50125.0,,23,19,11,770.833679,2025-12-08 00:26:19
23,20,11,743.4,2025-12-08 00:25:20,49124.0,,23,20,11,769.522156,2025-12-08 00:26:20
23,21,11,738.0,2025-12-08 00:25:21,48123.0,,23,21,11,768.182861,2025-12-08 00:26:21
23,22,11,740.2,2025-12-08 00:25:22,47120.0,,23,22,11,766.825256,2025-12-08 00:26:22
23,23,11,741.6,2025-12-08 00:25:23,46118.0,,23,23,11,765.457825,2025-12-08 00:26:23
23,24,11,738.3,2025-12-08 00:25:24,45116.0,,23,24,11,764.088013,2025-12-08 00:26:24
23,25,11,738.6,2025-12-08 00:25:25,44115.0,,23,25,11,762.722717,2025-12-08 00:26:25
23,26,11,743.1,2025-12-08 00:25:26,43113.0,,23,26,11,761.368103,2025-12-08 00:26:26
23,27,11,728.2,2025-12-08 00:25:27,42110.0,,23,27,11,760.029663,2025-12-08 00:26:27
23,28,11,727.3,2025-12-08 00:25:28,41100.0,,23,28,11,758.712524,2025-12-08 00:26:28
23,29,11,625.2,2025-12-08 00:25:29,40099.0,,23,29,11,757.421021,2025-12-08 00:26:29
23,30,11,618.6,2025-12-08 00:25:30,39098.0,,23,30,11,756.1604,2025-12-08 00:26:30
23,31,11,746.1,2025-12-08 00:25:31,38094.0,,23,31,11,754.932739,2025-12-08 00:26:31
23,32,11,643.1,2025-12-08 00:25:32,37080.0,,23,32,11,753.739136,2025-12-08 00:26:32
23,33,11,637.4,2025-12-08 00:25:33,36078.0,,23,33,11,752.585632,2025-12-08 00:26:33
23,34,11,638.1,2025-12-08 00:25:34,35073.0,,23,34,11,751.473022,2025-12-08 00:26:34
23,35,11,635.6,2025-12-08 00:25:35,34069.0,,23,35,11,750.403076,2025-12-08 00:26:35
23,36,11,635.5,2025-12-08 00:25:36,33068.0,,23,36,11,749.377441,2025-12-08 00:26:36
23,37,11,633.5,2025-12-08 00:25:37,32065.0,,23,37,11,748.397278,2025-12-08 00:26:37
23,38,11,633.5,2025-12-08 00:25:38,31061.0,,23,38,11,747.463562,2025-12-08 00:26:38
23,39,11,632.4,2025-12-08 00:25:39,30056.0,,23,39,11,746.577026,2025-12-08 00:26:39
23,40,11,634.2,2025-12-08 00:25:40,29052.0,,23,40,11,745.737915,2025-12-08 00:26:40
23,41,11,641.7,2025-12-08 00:25:41,28045.0,,23,41,11,744.946472,2025-12-08 00:26:41
23,42,11,637.8,2025-12-08 00:25:42,27042.0,,23,42,11,744.202515,2025-12-08 00:26:42
23,43,11,638.6,2025-12-08 00:25:43,26040.0,,23,43,11,743.50592,2025-12-08 00:26:43
23,44,11,643.8,2025-12-08 00:25:44,25039.0,,23,44,11,742.856079,2025-12-08 00:26:44
23,45,11,639.3,2025-12-08 00:25:45,24038.0,,23,45,11,742.252319,2025-12-08 00:26:45
23,46,11,641.0,2025-12-08 00:25:46,23034.0,,23,46,11,741.693909,2025-12-08 00:26:46
23,47,11,663.7,2025-12-08 00:25:47,22029.0,,23,47,11,741.179749,2025-12-08 00:26:47
23,48,11,711.1,2025-12-08 00:25:48,21028.0,,23,48,11,740.708496,2025-12-08 00:26:48
23,49,11,751.7,2025-12-08 00:25:49,20026.0,,23,49,11,740.278564,2025-12-08 00:26:49
23,50,11,760.7,2025-12-08 00:25:50,19023.0,,23,50,11,739.888733,2025-12-08 00:26:50
23,51,11,759.6,2025-12-08 00:25:51,18021.0,,23,51,11,739.538086,2025-12-08 00:26:51
23,52,11,760.8,2025-12-08 00:25:52,17020.0,,23,52,11,739.225159,2025-12-08 00:26:52
23,53,11,759.8,2025-12-08 00:25:53,16019.0,,23,53,11,738.948425,2025-12-08 00:26:53
23,54,11,762.2,2025-12-08 00:25:54,15017.0,,23,54,11,738.706177,2025-12-08 00:26:54
23,55,11,763.3,2025-12-08 00:25:55,14015.0,,23,55,11,738.496826,2025-12-08 00:26:55
23,56,11,761.1,2025-12-08 00:25:56,13011.0,,23,56,11,738.318665,2025-12-08 00:26:56
23,57,11,761.8,2025-12-08 00:25:57,12006.0,,23,57,11,738.169861,2025-12-08 00:26:57
23,58,11,767.6,2025-12-08 00:25:58,11002.0,,23,58,11,738.048889,2025-12-08 00:26:58
23,59,11,765.7,2025-12-08 00:25:59,9998.0,,23,59,11,737.953735,2025-12-08 00:26:59
24,0,11,765.7,2025-12-08 00:26:00,71514.0,,24,0,11,765.803467,2025-12-08 00:27:00
24,1,11,766.1,2025-12-08 00:26:01,70511.0,,24,1,11,764.751953,2025-12-08 00:27:01
24,2,11,766.8,2025-12-08 00:26:02,69503.0,,24,2,11,763.653992,2025-12-08 00:27:02
24,3,11,766.3,2025-12-08 00:26:03,68502.0,,24,3,11,762.541199,2025-12-08 00:27:03
24,4,11,767.9,2025-12-08 00:26:04,67501.0,,24,4,11,761.431702,2025-12-08 00:27:04
24,5,11,766.6,2025-12-08 00:26:05,66497.0,,24,5,11,760.335266,2025-12-08 00:27:05
24,6,11,765.2,2025-12-08 00:26:06,65486.0,,24,6,11,759.256226,2025-12-08 00:27:06
24,7,11,766.8,2025-12-08 00:26:07,64483.0,,24,7,11,758.196167,2025-12-08 00:27:07
24,8,11,767.5,2025-12-08 00:26:08,63482.0,,24,8,11,757.15509,2025-12-08 00:27:08
24,9,11,765.7,2025-12-08 00:26:09,62477.0,,24,9,11,756.133057,2025-12-08 00:27:09
24,10,11,767.7,2025-12-08 00:26:10,61463.0,,24,10,11,755.129944,2025-12-08 00:27:10
24,11,11,765.4,2025-12-08 00:26:11,60458.0,,24,11,11,754.146301,2025-12-08 00:27:11
24,12,11,766.1,2025-12-08 00:26:12,59457.0,,24,12,11,753.183105,2025-12-08 00:27:12
24,13,11,768.6,2025-12-08 00:26:13,58453.0,,24,13,11,752.241699,2025-12-08 00:27:13
24,14,11,769.3,2025-12-08 00:26:14,57449.0,,24,14,11,751.323792,2025-12-08 00:27:14
24,15,11,766.7,2025-12-08 00:26:15,56448.0,,24,15,11,750.431213,2025-12-08 00:27:15
24,16,11,772.7,2025-12-08 00:26:16,55447.0,,24,16,11,749.56604,2025-12-08 00:27:16
24,17,11,766.2,2025-12-08 00:26:17,54446.0,,24,17,11,748.729919,2025-12-08 00:27:17
24,18,11,764.3,2025-12-08 00:26:18,53443.0,,24,18,11,747.924805,2025-12-08 00:27:18
24,19,11,770.4,2025-12-08 00:26:19,52439.0,,24,19,11,747.152161,2025-12-08 00:27:19
24,20,11,777.3,2025-12-08 00:26:20,51432.0,,24,20,11,746.413086,2025-12-08 00:27:20
24,21,11,776.8,2025-12-08 00:26:21,50430.0,,24,21,11,745.708801,2025-12-08 00:27:21
24,22,11,767.5,2025-12-08 00:26:22,49418.0,,24,22,11,745.040039,2025-12-08 00:27:22
24,23,11,779.5,2025-12-08 00:26:23,48412.0,,24,23,11,744.407532,2025-12-08 00:27:23
24,24,11,763.9,2025-12-08 00:26:24,47409.0,,24,24,11,743.811157,2025-12-08 00:27:24
24,25,11,767.3,2025-12-08 00:26:25,46406.0,,24,25,11,743.251343,2025-12-08 00:27:25
24,26,11,773.3,2025-12-08 00:26:26,45405.0,,24,26,11,742.727783,2025-12-08 00:27:26
24,27,11,770.4,2025-12-08 00:26:27,44404.0,,24,27,11,742.23999,2025-12-08 00:27:27
24,28,11,770.7,2025-12-08 00:26:28,43403.0,,24,28,11,741.787476,2025-12-08 00:27:28
24,29,11,771.5,2025-12-08 00:26:29,42309.0,,24,29,11,741.369751,2025-12-08 00:27:29
24,30,11,767.3,2025-12-08 00:26:30,41308.0,,24,30,11,740.985901,2025-12-08 00:27:30
24,31,11,767.9,2025-12-08 00:26:31,40304.0,,24,31,11,740.635071,2025-12-08 00:27:31
24,32,11,766.1,2025-12-08 00:26:32,39303.0,,24,32,11,740.316223,2025-12-08 00:27:32
24,33,11,768.0,2025-12-08 00:26:33,38302.0,,24,33,11,740.028259,2025-12-08 00:27:33
24,34,11,768.1,2025-12-08 00:26:34,37299.0,,24,34,11,739.77002,2025-12-08 00:27:34
24,35,11,768.9,2025-12-08 00:26:35,36298.0,,24,35,11,739.540283,2025-12-08 00:27:35
24,36,11,767.0,2025-12-08 00:26:36,35295.0,,24,36,11,739.337891,2025-12-08 00:27:36
24,37,11,767.7,2025-12-08 00:26:37,34294.0,,24,37,11,739.161438,2025-12-08 00:27:37
24,38,11,770.5,2025-12-08 00:26:38,33292.0,,24,38,11,739.009644,2025-12-08 00:27:38
24,39,11,766.7,2025-12-08 00:26:39,32288.0,,24,39,11,738.881287,2025-12-08 00:27:39
24,40,11,766.4,2025-12-08 00:26:40,31286.0,,24,40,11,738.774841,2025-12-08 00:27:40
24,41,11,766.6,2025-12-08 00:26:41,30284.0,,24,41,11,738.689148,2025-12-08 00:27:41
24,42,11,766.8,2025-12-08 00:26:42,29281.0,,24,42,11,738.622803,2025-12-08 00:27:42
24,43,11,770.7,2025-12-08 00:26:43,28280.0,,24,43,11,738.574463,2025-12-08 00:27:43
24,44,11,772.0,2025-12-08 00:26:44,27274.0,,24,44,11,738.542725,2025-12-08 00:27:44
24,45,11,769.5,2025-12-08 00:26:45,26270.0,,24,45,11,738.526367,2025-12-08 00:27:45
24,46,11,767.8,2025-12-08 00:26:46,25265.0,,24,46,11,738.524231,2025-12-08 00:27:46
24,47,11,769.7,2025-12-08 00:26:47,24258.0,,24,47,11,738.535034,2025-12-08 00:27:47
24,48,11,767.2,2025-12-08 00:26:48,23256.0,,24,48,11,738.557556,2025-12-08 00:27:48
24,49,11,776.3,2025-12-08 00:26:49,22253.0,,24,49,11,738.590698,2025-12-08 00:27:49
24,50,11,768.7,2025-12-08 00:26:50,21251.0,,24,50,11,738.633179,2025-12-08 00:27:50
24,51,11,767.9,2025-12-08 00:26:51,20250.0,,24,51,11,738.684265,2025-12-08 00:27:51
24,52,11,768.2,2025-12-08 00:26:52,19249.0,,24,52,11,738.742737,2025-12-08 00:27:52
24,53,11,767.6,2025-12-08 00:26:53,18248.0,,24,53,11,738.807556,2025-12-08 00:27:53
24,54,11,769.4,2025-12-08 00:26:54,17244.0,,24,54,11,738.87793,2025-12-08 00:27:54
24,55,11,777.9,2025-12-08 00:26:55,16243.0,,24,55,11,738.952881,2025-12-08 00:27:55
24,56,11,770.1,2025-12-08 00:26:56,15240.0,,24,56,11,739.031494,2025-12-08 00:27:56
24,57,11,769.6,2025-12-08 00:26:57,14239.0,,24,57,11,739.113281,2025-12-08 00:27:57
24,58,11,768.8,2025-12-08 00:26:58,13237.0,,24,58,11,739.197388,2025-12-08 00:27:58
24,59,11,767.0,2025-12-08 00:26:59,12235.0,,24,59,11,739.283203,2025-12-08 00:27:59
