block,id,sensor_id,sensor_energy_value,sensor_timestamp,message_delay,,block,id,sensor_id,sensor_energy_value_prediction,sensor_timestamp
0,0,6,654.6,2025-12-08 00:00:00,63005.0,,0,0,6,943.517944,2025-12-08 00:01:00
0,1,6,665.8,2025-12-08 00:00:01,62000.0,,0,1,6,956.135742,2025-12-08 00:01:01
0,2,6,650.3,2025-12-08 00:00:02,60998.0,,0,2,6,970.014771,2025-12-08 00:01:02
0,3,6,650.3,2025-12-08 00:00:03,59995.0,,0,3,6,984.828552,2025-12-08 00:01:03
0,4,6,648.7,2025-12-08 00:00:04,58993.0,,0,4,6,1000.02887,2025-12-08 00:01:04
0,5,6,650.2,2025-12-08 00:00:05,57990.0,,0,5,6,1015.249878,2025-12-08 00:01:05
0,6,6,649.9,2025-12-08 00:00:06,56989.0,,0,6,6,1030.246582,2025-12-08 00:01:06
0,7,6,649.4,2025-12-08 00:00:07,55987.0,,0,7,6,1044.853271,2025-12-08 00:01:07
0,8,6,648.6,2025-12-08 00:00:08,54984.0,,0,8,6,1058.957275,2025-12-08 00:01:08
0,9,6,655.2,2025-12-08 00:00:09,53982.0,,0,9,6,1072.482056,2025-12-08 00:01:09
0,10,6,657.3,2025-12-08 00:00:10,52980.0,,0,10,6,1085.375732,2025-12-08 00:01:10
0,11,6,649.8,2025-12-08 00:00:11,51978.0,,0,11,6,1097.605591,2025-12-08 00:01:11
0,12,6,649.7,2025-12-08 00:00:12,50977.0,,0,12,6,1109.154053,2025-12-08 00:01:12
0,13,6,648.1,2025-12-08 00:00:13,49974.0,,0,13,6,1120.014526,2025-12-08 00:01:13
0,14,6,650.3,2025-12-08 00:00:14,48972.0,,0,14,6,1130.19043,2025-12-08 00:01:14
0,15,6,648.7,2025-12-08 00:00:15,47962.0,,0,15,6,1139.693726,2025-12-08 00:01:15
0,16,6,649.5,2025-12-08 00:00:16,46960.0,,0,16,6,1148.543213,2025-12-08 00:01:16
0,17,6,649.6,2025-12-08 00:00:17,45958.0,,0,17,6,1156.76355,2025-12-08 00:01:17
0,18,6,651.1,2025-12-08 00:00:18,44956.0,,0,18,6,1164.384277,2025-12-08 00:01:18
0,19,6,663.9,2025-12-08 00:00:19,43955.0,,0,19,6,1171.437744,2025-12-08 00:01:19
0,20,6,652.9,2025-12-08 00:00:20,42953.0,,0,20,6,1177.958496,2025-12-08 00:01:20
0,21,6,656.4,2025-12-08 00:00:21,41951.0,,0,21,6,1183.983398,2025-12-08 00:01:21
0,22,6,650.0,2025-12-08 00:00:22,40948.0,,0,22,6,1189.549072,2025-12-08 00:01:22
0,23,6,650.6,2025-12-08 00:00:23,39942.0,,0,23,6,1194.691895,2025-12-08 00:01:23
0,24,6,650.7,2025-12-08 00:00:24,38940.0,,0,24,6,1199.446899,2025-12-08 00:01:24
0,25,6,645.8,2025-12-08 00:00:25,37939.0,,0,25,6,1203.8479,2025-12-08 00:01:25
0,26,6,648.2,2025-12-08 00:00:26,36937.0,,0,26,6,1207.927246,2025-12-08 00:01:26
0,27,6,668.7,2025-12-08 00:00:27,35936.0,,0,27,6,1211.715088,2025-12-08 00:01:27
0,28,6,650.1,2025-12-08 00:00:28,34934.0,,0,28,6,1215.238403,2025-12-08 00:01:28
0,29,6,649.1,2025-12-08 00:00:29,33932.0,,0,29,6,1218.524658,2025-12-08 00:01:29
0,30,6,646.4,2025-12-08 00:00:30,32930.0,,0,30,6,1221.596558,2025-12-08 00:01:30
0,31,6,645.4,2025-12-08 00:00:31,31925.0,,0,31,6,1224.47583,2025-12-08 00:01:31
0,32,6,650.3,2025-12-08 00:00:32,30923.0,,0,32,6,1227.182007,2025-12-08 00:01:32
0,33,6,782.1,2025-12-08 00:00:33,29921.0,,0,33,6,1229.7323,2025-12-08 00:01:33
0,34,6,752.3,2025-12-08 00:00:34,28918.0,,0,34,6,1232.137817,2025-12-08 00:01:34
0,35,6,758.6,2025-12-08 00:00:35,27916.0,,0,35,6,1234.418701,2025-12-08 00:01:35
0,36,6,751.7,2025-12-08 00:00:36,26914.0,,0,36,6,1236.58667,2025-12-08 00:01:36
0,37,6,659.4,2025-12-08 00:00:37,25912.0,,0,37,6,1238.653198,2025-12-08 00:01:37
0,38,6,747.7,2025-12-08 00:00:38,24911.0,,0,38,6,1240.63208,2025-12-08 00:01:38
0,39,6,805.3,2025-12-08 00:00:39,23908.0,,0,39,6,1242.524902,2025-12-08 00:01:39
0,40,6,763.5,2025-12-08 00:00:40,22906.0,,0,40,6,1244.341187,2025-12-08 00:01:40
0,41,6,765.8,2025-12-08 00:00:41,21903.0,,0,41,6,1246.092041,2025-12-08 00:01:41
0,42,6,764.5,2025-12-08 00:00:42,20902.0,,0,42,6,1247.781982,2025-12-08 00:01:42
0,43,6,754.3,2025-12-08 00:00:43,19899.0,,0,43,6,1249.41687,2025-12-08 00:01:43
0,44,6,752.1,2025-12-08 00:00:44,18897.0,,0,44,6,1251.002075,2025-12-08 00:01:44
0,45,6,749.5,2025-12-08 00:00:45,17896.0,,0,45,6,1252.541626,2025-12-08 00:01:45
0,46,6,754.0,2025-12-08 00:00:46,16872.0,,0,46,6,1254.039429,2025-12-08 00:01:46
0,47,6,750.6,2025-12-08 00:00:47,15870.0,,0,47,6,1255.498901,2025-12-08 00:01:47
0,48,6,754.2,2025-12-08 00:00:48,14866.0,,0,48,6,1256.923584,2025-12-08 00:01:48
0,49,6,750.9,2025-12-08 00:00:49,13862.0,,0,49,6,1258.315674,2025-12-08 00:01:49
0,50,6,752.5,2025-12-08 00:00:50,12859.0,,0,50,6,1259.678467,2025-12-08 00:01:50
0,51,6,756.1,2025-12-08 00:00:51,11857.0,,0,51,6,1261.013428,2025-12-08 00:01:51
0,52,6,755.3,2025-12-08 00:00:52,10855.0,,0,52,6,1262.322876,2025-12-08 00:01:52
0,53,6,751.4,2025-12-08 00:00:53,9853.0,,0,53,6,1263.608521,2025-12-08 00:01:53
0,54,6,751.5,2025-12-08 00:00:54,8852.0,,0,54,6,1264.872314,2025-12-08 00:01:54
0,55,6,754.2,2025-12-08 00:00:55,7850.0,,0,55,6,1266.115234,2025-12-08 00:01:55
0,56,6,753.3,2025-12-08 00:00:56,6847.0,,0,56,6,1267.338867,2025-12-08 00:01:56
0,57,6,754.4,2025-12-08 00:00:57,5845.0,,0,57,6,1268.544312,2025-12-08 00:01:57
0,58,6,753.7,2025-12-08 00:00:58,4843.0,,0,58,6,1269.732544,2025-12-08 00:01:58
0,59,6,753.8,2025-12-08 00:00:59,3841.0,,0,59,6,1270.904907,2025-12-08 00:01:59
1,0,6,1165.914286,2025-12-08 00:01:00,62592.0,,1,0,6,1240.45105,2025-12-08 00:02:00
1,1,6,1165.914286,2025-12-08 00:01:01,61590.0,,1,1,6,1241.907715,2025-12-08 00:02:01
1,2,6,1165.914286,2025-12-08 00:01:02,60588.0,,1,2,6,1243.39978,2025-12-08 00:02:02
1,3,6,1165.914286,2025-12-08 00:01:03,59585.0,,1,3,6,1244.862183,2025-12-08 00:02:03
1,4,6,756.0,2025-12-08 00:01:04,58584.0,,1,4,6,1246.297729,2025-12-08 00:02:04
1,5,6,981.4,2025-12-08 00:01:05,57581.0,,1,5,6,1247.722534,2025-12-08 00:02:05
1,6,6,1136.0,2025-12-08 00:01:06,56579.0,,1,6,6,1249.119995,2025-12-08 00:02:06
1,7,6,972.9,2025-12-08 00:01:07,55577.0,,1,7,6,1250.494263,2025-12-08 00:02:07
1,8,6,953.6,2025-12-08 00:01:08,54575.0,,1,8,6,1251.855591,2025-12-08 00:02:08
1,9,6,1031.1,2025-12-08 00:01:09,53573.0,,1,9,6,1253.200439,2025-12-08 00:02:09
1,10,6,964.1,2025-12-08 00:01:10,52571.0,,1,10,6,1254.5271,2025-12-08 00:02:10
1,11,6,1013.5,2025-12-08 00:01:11,51569.0,,1,11,6,1255.8396,2025-12-08 00:02:11
1,12,6,1040.7,2025-12-08 00:01:12,50568.0,,1,12,6,1257.13501,2025-12-08 00:02:12
1,13,6,1065.5,2025-12-08 00:01:13,49565.0,,1,13,6,1258.414673,2025-12-08 00:02:13
1,14,6,1093.4,2025-12-08 00:01:14,48562.0,,1,14,6,1259.678467,2025-12-08 00:02:14
1,15,6,1117.7,2025-12-08 00:01:15,47560.0,,1,15,6,1260.927368,2025-12-08 00:02:15
1,16,6,1134.2,2025-12-08 00:01:16,46559.0,,1,16,6,1262.161011,2025-12-08 00:02:16
1,17,6,1155.0,2025-12-08 00:01:17,45557.0,,1,17,6,1263.380493,2025-12-08 00:02:17
1,18,6,1172.7,2025-12-08 00:01:18,44555.0,,1,18,6,1264.585571,2025-12-08 00:02:18
1,19,6,1186.6,2025-12-08 00:01:19,43553.0,,1,19,6,1265.776855,2025-12-08 00:02:19
1,20,6,1196.7,2025-12-08 00:01:20,42549.0,,1,20,6,1266.954712,2025-12-08 00:02:20
1,21,6,1199.7,2025-12-08 00:01:21,41547.0,,1,21,6,1268.119751,2025-12-08 00:02:21
1,22,6,1195.0,2025-12-08 00:01:22,40544.0,,1,22,6,1269.271973,2025-12-08 00:02:22
1,23,6,1202.0,2025-12-08 00:01:23,39541.0,,1,23,6,1270.412598,2025-12-08 00:02:23
1,24,6,1206.8,2025-12-08 00:01:24,38539.0,,1,24,6,1271.541504,2025-12-08 00:02:24
1,25,6,1202.7,2025-12-08 00:01:25,37538.0,,1,25,6,1272.658936,2025-12-08 00:02:25
1,26,6,1200.2,2025-12-08 00:01:26,36536.0,,1,26,6,1273.765381,2025-12-08 00:02:26
1,27,6,1206.2,2025-12-08 00:01:27,35534.0,,1,27,6,1274.86145,2025-12-08 00:02:27
1,28,6,1205.8,2025-12-08 00:01:28,34532.0,,1,28,6,1275.947144,2025-12-08 00:02:28
1,29,6,1208.0,2025-12-08 00:01:29,33531.0,,1,29,6,1277.022705,2025-12-08 00:02:29
1,30,6,1203.4,2025-12-08 00:01:30,32529.0,,1,30,6,1278.088989,2025-12-08 00:02:30
1,31,6,1200.4,2025-12-08 00:01:31,31527.0,,1,31,6,1279.145996,2025-12-08 00:02:31
1,32,6,1200.5,2025-12-08 00:01:32,30525.0,,1,32,6,1280.194092,2025-12-08 00:02:32
1,33,6,1201.1,2025-12-08 00:01:33,29523.0,,1,33,6,1281.233765,2025-12-08 00:02:33
1,34,6,1203.1,2025-12-08 00:01:34,28521.0,,1,34,6,1282.264771,2025-12-08 00:02:34
1,35,6,1204.2,2025-12-08 00:01:35,27519.0,,1,35,6,1283.287598,2025-12-08 00:02:35
1,36,6,1205.9,2025-12-08 00:01:36,26517.0,,1,36,6,1284.302734,2025-12-08 00:02:36
1,37,6,1198.0,2025-12-08 00:01:37,25516.0,,1,37,6,1285.310303,2025-12-08 00:02:37
1,38,6,1198.8,2025-12-08 00:01:38,24514.0,,1,38,6,1286.310547,2025-12-08 00:02:38
1,39,6,1203.7,2025-12-08 00:01:39,23512.0,,1,39,6,1287.303833,2025-12-08 00:02:39
1,40,6,1204.9,2025-12-08 00:01:40,22511.0,,1,40,6,1288.290039,2025-12-08 00:02:40
1,41,6,1204.9,2025-12-08 00:01:41,21509.0,,1,41,6,1289.269653,2025-12-08 00:02:41
1,42,6,1210.7,2025-12-08 00:01:42,20507.0,,1,42,6,1290.24292,2025-12-08 00:02:42
1,43,6,1214.2,2025-12-08 00:01:43,19506.0,,1,43,6,1291.209839,2025-12-08 00:02:43
1,44,6,1212.6,2025-12-08 00:01:44,18503.0,,1,44,6,1292.170654,2025-12-08 00:02:44
1,45,6,1221.0,2025-12-08 00:01:45,17501.0,,1,45,6,1293.125854,2025-12-08 00:02:45
1,46,6,1222.9,2025-12-08 00:01:46,16499.0,,1,46,6,1294.075073,2025-12-08 00:02:46
1,47,6,1221.5,2025-12-08 00:01:47,15497.0,,1,47,6,1295.019165,2025-12-08 00:02:47
1,48,6,1224.9,2025-12-08 00:01:48,14496.0,,1,48,6,1295.957764,2025-12-08 00:02:48
1,49,6,1222.9,2025-12-08 00:01:49,13494.0,,1,49,6,1296.891479,2025-12-08 00:02:49
1,50,6,1224.7,2025-12-08 00:01:50,12492.0,,1,50,6,1297.820312,2025-12-08 00:02:50
1,51,6,1229.2,2025-12-08 00:01:51,11489.0,,1,51,6,1298.744507,2025-12-08 00:02:51
1,52,6,1229.1,2025-12-08 00:01:52,10488.0,,1,52,6,1299.66394,2025-12-08 00:02:52
1,53,6,1226.6,2025-12-08 00:01:53,9486.0,,1,53,6,1300.579468,2025-12-08 00:02:53
1,54,6,1229.6,2025-12-08 00:01:54,8485.0,,1,54,6,1301.490479,2025-12-08 00:02:54
1,55,6,1228.1,2025-12-08 00:01:55,7482.0,,1,55,6,1302.397583,2025-12-08 00:02:55
1,56,6,1228.5,2025-12-08 00:01:56,6479.0,,1,56,6,1303.300781,2025-12-08 00:02:56
1,57,6,1234.1,2025-12-08 00:01:57,5477.0,,1,57,6,1304.200439,2025-12-08 00:02:57
1,58,6,1232.1,2025-12-08 00:01:58,4475.0,,1,58,6,1305.096191,2025-12-08 00:02:58
1,59,6,1252.1,2025-12-08 00:01:59,3473.0,,1,59,6,1305.988647,2025-12-08 00:02:59
2,0,6,1234.1,2025-12-08 00:02:00,62800.0,,2,0,6,1235.716064,2025-12-08 00:03:00
2,1,6,1227.2,2025-12-08 00:02:01,61798.0,,2,1,6,1236.709229,2025-12-08 00:03:01
2,2,6,1225.8,2025-12-08 00:02:02,60796.0,,2,2,6,1237.802734,2025-12-08 00:03:02
2,3,6,1226.8,2025-12-08 00:02:03,59794.0,,2,3,6,1238.974365,2025-12-08 00:03:03
2,4,6,1226.3,2025-12-08 00:02:04,58792.0,,2,4,6,1240.199219,2025-12-08 00:03:04
2,5,6,1225.7,2025-12-08 00:02:05,57790.0,,2,5,6,1241.459229,2025-12-08 00:03:05
2,6,6,1227.9,2025-12-08 00:02:06,56788.0,,2,6,6,1242.742676,2025-12-08 00:03:06
2,7,6,1231.5,2025-12-08 00:02:07,55785.0,,2,7,6,1244.040405,2025-12-08 00:03:07
2,8,6,1223.7,2025-12-08 00:02:08,54783.0,,2,8,6,1245.346313,2025-12-08 00:03:08
2,9,6,1222.4,2025-12-08 00:02:09,53781.0,,2,9,6,1246.655762,2025-12-08 00:03:09
2,10,6,1225.3,2025-12-08 00:02:10,52779.0,,2,10,6,1247.965576,2025-12-08 00:03:10
2,11,6,1221.6,2025-12-08 00:02:11,51777.0,,2,11,6,1249.272583,2025-12-08 00:03:11
2,12,6,1226.5,2025-12-08 00:02:12,50776.0,,2,12,6,1250.575073,2025-12-08 00:03:12
2,13,6,1222.8,2025-12-08 00:02:13,49774.0,,2,13,6,1251.871338,2025-12-08 00:03:13
2,14,6,1223.8,2025-12-08 00:02:14,48772.0,,2,14,6,1253.15979,2025-12-08 00:03:14
2,15,6,1243.2,2025-12-08 00:02:15,47770.0,,2,15,6,1254.439819,2025-12-08 00:03:15
2,16,6,1222.6,2025-12-08 00:02:16,46768.0,,2,16,6,1255.709961,2025-12-08 00:03:16
2,17,6,1226.8,2025-12-08 00:02:17,45767.0,,2,17,6,1256.970215,2025-12-08 00:03:17
2,18,6,1227.5,2025-12-08 00:02:18,44765.0,,2,18,6,1258.219849,2025-12-08 00:03:18
2,19,6,1232.3,2025-12-08 00:02:19,43760.0,,2,19,6,1259.458496,2025-12-08 00:03:19
2,20,6,1232.5,2025-12-08 00:02:20,42759.0,,2,20,6,1260.685791,2025-12-08 00:03:20
2,21,6,1235.7,2025-12-08 00:02:21,41758.0,,2,21,6,1261.901611,2025-12-08 00:03:21
2,22,6,1229.7,2025-12-08 00:02:22,40756.0,,2,22,6,1263.105835,2025-12-08 00:03:22
2,23,6,1229.9,2025-12-08 00:02:23,39754.0,,2,23,6,1264.29895,2025-12-08 00:03:23
2,24,6,1233.8,2025-12-08 00:02:24,38752.0,,2,24,6,1265.480347,2025-12-08 00:03:24
2,25,6,1226.3,2025-12-08 00:02:25,37743.0,,2,25,6,1266.650635,2025-12-08 00:03:25
2,26,6,1226.4,2025-12-08 00:02:26,36740.0,,2,26,6,1267.809448,2025-12-08 00:03:26
2,27,6,1231.4,2025-12-08 00:02:27,35739.0,,2,27,6,1268.957397,2025-12-08 00:03:27
2,28,6,1230.2,2025-12-08 00:02:28,34736.0,,2,28,6,1270.094238,2025-12-08 00:03:28
2,29,6,1231.9,2025-12-08 00:02:29,33733.0,,2,29,6,1271.220459,2025-12-08 00:03:29
2,30,6,1229.4,2025-12-08 00:02:30,32731.0,,2,30,6,1272.33606,2025-12-08 00:03:30
2,31,6,1223.6,2025-12-08 00:02:31,31727.0,,2,31,6,1273.441406,2025-12-08 00:03:31
2,32,6,1224.6,2025-12-08 00:02:32,30724.0,,2,32,6,1274.536987,2025-12-08 00:03:32
2,33,6,1229.0,2025-12-08 00:02:33,29721.0,,2,33,6,1275.622925,2025-12-08 00:03:33
2,34,6,1225.5,2025-12-08 00:02:34,28719.0,,2,34,6,1276.698975,2025-12-08 00:03:34
2,35,6,1226.8,2025-12-08 00:02:35,27713.0,,2,35,6,1277.765747,2025-12-08 00:03:35
2,36,6,1225.9,2025-12-08 00:02:36,26711.0,,2,36,6,1278.823364,2025-12-08 00:03:36
2,37,6,1224.2,2025-12-08 00:02:37,25709.0,,2,37,6,1279.872681,2025-12-08 00:03:37
2,38,6,1226.1,2025-12-08 00:02:38,24706.0,,2,38,6,1280.912964,2025-12-08 00:03:38
2,39,6,1228.3,2025-12-08 00:02:39,23705.0,,2,39,6,1281.94519,2025-12-08 00:03:39
2,40,6,1227.9,2025-12-08 00:02:40,22703.0,,2,40,6,1282.969238,2025-12-08 00:03:40
2,41,6,1232.5,2025-12-08 00:02:41,21697.0,,2,41,6,1283.985474,2025-12-08 00:03:41
2,42,6,1224.7,2025-12-08 00:02:42,20695.0,,2,42,6,1284.994141,2025-12-08 00:03:42
2,43,6,1221.1,2025-12-08 00:02:43,19694.0,,2,43,6,1285.995605,2025-12-08 00:03:43
2,44,6,1226.0,2025-12-08 00:02:44,18692.0,,2,44,6,1286.989746,2025-12-08 00:03:44
2,45,6,1224.3,2025-12-08 00:02:45,17689.0,,2,45,6,1287.977295,2025-12-08 00:03:45
2,46,6,1227.8,2025-12-08 00:02:46,16687.0,,2,46,6,1288.95813,2025-12-08 00:03:46
2,47,6,1229.3,2025-12-08 00:02:47,15685.0,,2,47,6,1289.932373,2025-12-08 00:03:47
2,48,6,1224.5,2025-12-08 00:02:48,14683.0,,2,48,6,1290.900391,2025-12-08 00:03:48
2,49,6,1223.6,2025-12-08 00:02:49,13682.0,,2,49,6,1291.862427,2025-12-08 00:03:49
2,50,6,1224.2,2025-12-08 00:02:50,12680.0,,2,50,6,1292.818848,2025-12-08 00:03:50
2,51,6,1227.9,2025-12-08 00:02:51,11678.0,,2,51,6,1293.769775,2025-12-08 00:03:51
2,52,6,1224.6,2025-12-08 00:02:52,10676.0,,2,52,6,1294.714966,2025-12-08 00:03:52
2,53,6,1224.1,2025-12-08 00:02:53,9675.0,,2,53,6,1295.655029,2025-12-08 00:03:53
2,54,6,1220.1,2025-12-08 00:02:54,8673.0,,2,54,6,1296.590088,2025-12-08 00:03:54
2,55,6,1224.0,2025-12-08 00:02:55,7671.0,,2,55,6,1297.520264,2025-12-08 00:03:55
2,56,6,1224.0,2025-12-08 00:02:56,6670.0,,2,56,6,1298.445923,2025-12-08 00:03:56
2,57,6,1228.6,2025-12-08 00:02:57,5661.0,,2,57,6,1299.366943,2025-12-08 00:03:57
2,58,6,1224.1,2025-12-08 00:02:58,4659.0,,2,58,6,1300.283569,2025-12-08 00:03:58
2,59,6,1232.4,2025-12-08 00:02:59,3658.0,,2,59,6,1301.196045,2025-12-08 00:03:59
3,0,6,1226.2,2025-12-08 00:03:00,62376.0,,3,0,6,1361.059082,2025-12-08 00:04:00
3,1,6,1228.9,2025-12-08 00:03:01,61374.0,,3,1,6,1363.255005,2025-12-08 00:04:01
3,2,6,1226.9,2025-12-08 00:03:02,60371.0,,3,2,6,1365.271851,2025-12-08 00:04:02
3,3,6,1224.8,2025-12-08 00:03:03,59367.0,,3,3,6,1366.991943,2025-12-08 00:04:03
3,4,6,1240.8,2025-12-08 00:03:04,58361.0,,3,4,6,1368.500366,2025-12-08 00:04:04
3,5,6,1225.1,2025-12-08 00:03:05,57357.0,,3,5,6,1369.863647,2025-12-08 00:04:05
3,6,6,1246.2,2025-12-08 00:03:06,56354.0,,3,6,6,1371.127686,2025-12-08 00:04:06
3,7,6,1221.4,2025-12-08 00:03:07,55347.0,,3,7,6,1372.321777,2025-12-08 00:04:07
3,8,6,1219.3,2025-12-08 00:03:08,54346.0,,3,8,6,1373.467407,2025-12-08 00:04:08
3,9,6,1230.5,2025-12-08 00:03:09,53344.0,,3,9,6,1374.577515,2025-12-08 00:04:09
3,10,6,1227.3,2025-12-08 00:03:10,52342.0,,3,10,6,1375.662354,2025-12-08 00:04:10
3,11,6,1223.3,2025-12-08 00:03:11,51340.0,,3,11,6,1376.728638,2025-12-08 00:04:11
3,12,6,1226.6,2025-12-08 00:03:12,50339.0,,3,12,6,1377.78186,2025-12-08 00:04:12
3,13,6,1222.8,2025-12-08 00:03:13,49336.0,,3,13,6,1378.825439,2025-12-08 00:04:13
3,14,6,1224.1,2025-12-08 00:03:14,48335.0,,3,14,6,1379.862549,2025-12-08 00:04:14
3,15,6,1234.5,2025-12-08 00:03:15,47333.0,,3,15,6,1380.895386,2025-12-08 00:04:15
3,16,6,1220.1,2025-12-08 00:03:16,46332.0,,3,16,6,1381.926025,2025-12-08 00:04:16
3,17,6,1222.3,2025-12-08 00:03:17,45330.0,,3,17,6,1382.956055,2025-12-08 00:04:17
3,18,6,1226.7,2025-12-08 00:03:18,44328.0,,3,18,6,1383.986572,2025-12-08 00:04:18
3,19,6,1228.7,2025-12-08 00:03:19,43326.0,,3,19,6,1385.018555,2025-12-08 00:04:19
3,20,6,1226.5,2025-12-08 00:03:20,42324.0,,3,20,6,1386.053223,2025-12-08 00:04:20
3,21,6,1230.9,2025-12-08 00:03:21,41322.0,,3,21,6,1387.091309,2025-12-08 00:04:21
3,22,6,1229.3,2025-12-08 00:03:22,40321.0,,3,22,6,1388.133179,2025-12-08 00:04:22
3,23,6,1235.4,2025-12-08 00:03:23,39319.0,,3,23,6,1389.179321,2025-12-08 00:04:23
3,24,6,1238.8,2025-12-08 00:03:24,38317.0,,3,24,6,1390.230835,2025-12-08 00:04:24
3,25,6,1218.9,2025-12-08 00:03:25,37316.0,,3,25,6,1391.287231,2025-12-08 00:04:25
3,26,6,1225.2,2025-12-08 00:03:26,36314.0,,3,26,6,1392.350098,2025-12-08 00:04:26
3,27,6,1262.2,2025-12-08 00:03:27,35312.0,,3,27,6,1393.418823,2025-12-08 00:04:27
3,28,6,1355.8,2025-12-08 00:03:28,34310.0,,3,28,6,1394.493652,2025-12-08 00:04:28
3,29,6,1332.4,2025-12-08 00:03:29,33308.0,,3,29,6,1395.574341,2025-12-08 00:04:29
3,30,6,1332.1,2025-12-08 00:03:30,32307.0,,3,30,6,1396.661987,2025-12-08 00:04:30
3,31,6,1332.2,2025-12-08 00:03:31,31305.0,,3,31,6,1397.756592,2025-12-08 00:04:31
3,32,6,1332.5,2025-12-08 00:03:32,30303.0,,3,32,6,1398.858887,2025-12-08 00:04:32
3,33,6,1335.9,2025-12-08 00:03:33,29302.0,,3,33,6,1399.968628,2025-12-08 00:04:33
3,34,6,1340.2,2025-12-08 00:03:34,28299.0,,3,34,6,1401.086304,2025-12-08 00:04:34
3,35,6,1345.8,2025-12-08 00:03:35,27298.0,,3,35,6,1402.212158,2025-12-08 00:04:35
3,36,6,1321.7,2025-12-08 00:03:36,26296.0,,3,36,6,1403.346069,2025-12-08 00:04:36
3,37,6,1334.2,2025-12-08 00:03:37,25294.0,,3,37,6,1404.488647,2025-12-08 00:04:37
3,38,6,1333.3,2025-12-08 00:03:38,24292.0,,3,38,6,1405.639526,2025-12-08 00:04:38
3,39,6,1335.6,2025-12-08 00:03:39,23290.0,,3,39,6,1406.799805,2025-12-08 00:04:39
3,40,6,1336.1,2025-12-08 00:03:40,22289.0,,3,40,6,1407.968628,2025-12-08 00:04:40
3,41,6,1329.5,2025-12-08 00:03:41,21287.0,,3,41,6,1409.147095,2025-12-08 00:04:41
3,42,6,1337.2,2025-12-08 00:03:42,20286.0,,3,42,6,1410.334717,2025-12-08 00:04:42
3,43,6,1328.4,2025-12-08 00:03:43,19284.0,,3,43,6,1411.532471,2025-12-08 00:04:43
3,44,6,1334.1,2025-12-08 00:03:44,18283.0,,3,44,6,1412.739868,2025-12-08 00:04:44
3,45,6,1331.6,2025-12-08 00:03:45,17281.0,,3,45,6,1413.957397,2025-12-08 00:04:45
3,46,6,1331.0,2025-12-08 00:03:46,16280.0,,3,46,6,1415.185181,2025-12-08 00:04:46
3,47,6,1330.1,2025-12-08 00:03:47,15278.0,,3,47,6,1416.423706,2025-12-08 00:04:47
3,48,6,1331.3,2025-12-08 00:03:48,14276.0,,3,48,6,1417.672729,2025-12-08 00:04:48
3,49,6,1329.8,2025-12-08 00:03:49,13274.0,,3,49,6,1418.932617,2025-12-08 00:04:49
3,50,6,1329.6,2025-12-08 00:03:50,12272.0,,3,50,6,1420.203613,2025-12-08 00:04:50
3,51,6,1332.9,2025-12-08 00:03:51,11271.0,,3,51,6,1421.486084,2025-12-08 00:04:51
3,52,6,1337.4,2025-12-08 00:03:52,10268.0,,3,52,6,1422.779785,2025-12-08 00:04:52
3,53,6,1341.4,2025-12-08 00:03:53,9266.0,,3,53,6,1424.085449,2025-12-08 00:04:53
3,54,6,1338.3,2025-12-08 00:03:54,8264.0,,3,54,6,1425.40271,2025-12-08 00:04:54
3,55,6,1331.1,2025-12-08 00:03:55,7263.0,,3,55,6,1426.7323,2025-12-08 00:04:55
3,56,6,1360.4,2025-12-08 00:03:56,6261.0,,3,56,6,1428.074341,2025-12-08 00:04:56
3,57,6,1402.6,2025-12-08 00:03:57,5260.0,,3,57,6,1429.428833,2025-12-08 00:04:57
3,58,6,1393.7,2025-12-08 00:03:58,4258.0,,3,58,6,1430.795898,2025-12-08 00:04:58
3,59,6,1392.0,2025-12-08 00:03:59,3256.0,,3,59,6,1432.176147,2025-12-08 00:04:59
4,0,6,1402.4,2025-12-08 00:04:00,62107.0,,4,0,6,1489.926514,2025-12-08 00:05:00
4,1,6,1402.4,2025-12-08 00:04:01,61106.0,,4,1,6,1491.461548,2025-12-08 00:05:01
4,2,6,1392.7,2025-12-08 00:04:02,60105.0,,4,2,6,1493.057983,2025-12-08 00:05:02
4,3,6,1394.2,2025-12-08 00:04:03,59103.0,,4,3,6,1494.804932,2025-12-08 00:05:03
4,4,6,1396.2,2025-12-08 00:04:04,58101.0,,4,4,6,1496.672363,2025-12-08 00:05:04
4,5,6,1398.6,2025-12-08 00:04:05,57099.0,,4,5,6,1498.631714,2025-12-08 00:05:05
4,6,6,1406.0,2025-12-08 00:04:06,56097.0,,4,6,6,1500.663818,2025-12-08 00:05:06
4,7,6,1395.2,2025-12-08 00:04:07,55096.0,,4,7,6,1502.755737,2025-12-08 00:05:07
4,8,6,1401.8,2025-12-08 00:04:08,54094.0,,4,8,6,1504.89978,2025-12-08 00:05:08
4,9,6,1399.9,2025-12-08 00:04:09,53092.0,,4,9,6,1507.090088,2025-12-08 00:05:09
4,10,6,1398.8,2025-12-08 00:04:10,52090.0,,4,10,6,1509.323242,2025-12-08 00:05:10
4,11,6,1396.1,2025-12-08 00:04:11,51089.0,,4,11,6,1511.59668,2025-12-08 00:05:11
4,12,6,1402.9,2025-12-08 00:04:12,50087.0,,4,12,6,1513.908813,2025-12-08 00:05:12
4,13,6,1389.4,2025-12-08 00:04:13,49084.0,,4,13,6,1516.258911,2025-12-08 00:05:13
4,14,6,1387.2,2025-12-08 00:04:14,48082.0,,4,14,6,1518.64624,2025-12-08 00:05:14
4,15,6,1397.3,2025-12-08 00:04:15,47080.0,,4,15,6,1521.070557,2025-12-08 00:05:15
4,16,6,1403.0,2025-12-08 00:04:16,46078.0,,4,16,6,1523.531616,2025-12-08 00:05:16
4,17,6,1394.5,2025-12-08 00:04:17,45076.0,,4,17,6,1526.029785,2025-12-08 00:05:17
4,18,6,1393.1,2025-12-08 00:04:18,44073.0,,4,18,6,1528.565063,2025-12-08 00:05:18
4,19,6,1399.6,2025-12-08 00:04:19,43071.0,,4,19,6,1531.138062,2025-12-08 00:05:19
4,20,6,1401.1,2025-12-08 00:04:20,42070.0,,4,20,6,1533.748779,2025-12-08 00:05:20
4,21,6,1400.6,2025-12-08 00:04:21,41068.0,,4,21,6,1536.397827,2025-12-08 00:05:21
4,22,6,1403.8,2025-12-08 00:04:22,40066.0,,4,22,6,1539.085815,2025-12-08 00:05:22
4,23,6,1388.7,2025-12-08 00:04:23,39065.0,,4,23,6,1541.812866,2025-12-08 00:05:23
4,24,6,1391.8,2025-12-08 00:04:24,38063.0,,4,24,6,1544.580688,2025-12-08 00:05:24
4,25,6,1401.8,2025-12-08 00:04:25,37058.0,,4,25,6,1547.38855,2025-12-08 00:05:25
4,26,6,1395.7,2025-12-08 00:04:26,36056.0,,4,26,6,1550.237915,2025-12-08 00:05:26
4,27,6,1400.4,2025-12-08 00:04:27,35054.0,,4,27,6,1553.129395,2025-12-08 00:05:27
4,28,6,1401.4,2025-12-08 00:04:28,34052.0,,4,28,6,1556.063599,2025-12-08 00:05:28
4,29,6,1410.5,2025-12-08 00:04:29,33050.0,,4,29,6,1559.041138,2025-12-08 00:05:29
4,30,6,1394.8,2025-12-08 00:04:30,32048.0,,4,30,6,1562.062866,2025-12-08 00:05:30
4,31,6,1390.1,2025-12-08 00:04:31,31046.0,,4,31,6,1565.129639,2025-12-08 00:05:31
4,32,6,1405.0,2025-12-08 00:04:32,30044.0,,4,32,6,1568.241943,2025-12-08 00:05:32
4,33,6,1391.3,2025-12-08 00:04:33,29043.0,,4,33,6,1571.400879,2025-12-08 00:05:33
4,34,6,1391.4,2025-12-08 00:04:34,28042.0,,4,34,6,1574.6073,2025-12-08 00:05:34
4,35,6,1385.8,2025-12-08 00:04:35,27041.0,,4,35,6,1577.861206,2025-12-08 00:05:35
4,36,6,1408.1,2025-12-08 00:04:36,26039.0,,4,36,6,1581.164307,2025-12-08 00:05:36
4,37,6,1474.4,2025-12-08 00:04:37,25038.0,,4,37,6,1584.51709,2025-12-08 00:05:37
4,38,6,1472.6,2025-12-08 00:04:38,24036.0,,4,38,6,1587.920044,2025-12-08 00:05:38
4,39,6,1472.7,2025-12-08 00:04:39,23034.0,,4,39,6,1591.37439,2025-12-08 00:05:39
4,40,6,1474.5,2025-12-08 00:04:40,22032.0,,4,40,6,1594.881226,2025-12-08 00:05:40
4,41,6,1480.4,2025-12-08 00:04:41,21030.0,,4,41,6,1598.440552,2025-12-08 00:05:41
4,42,6,1477.1,2025-12-08 00:04:42,20028.0,,4,42,6,1602.054199,2025-12-08 00:05:42
4,43,6,1476.4,2025-12-08 00:04:43,19027.0,,4,43,6,1605.722656,2025-12-08 00:05:43
4,44,6,1478.2,2025-12-08 00:04:44,18025.0,,4,44,6,1609.446533,2025-12-08 00:05:44
4,45,6,1480.5,2025-12-08 00:04:45,17023.0,,4,45,6,1613.226807,2025-12-08 00:05:45
4,46,6,1480.0,2025-12-08 00:04:46,16022.0,,4,46,6,1617.064453,2025-12-08 00:05:46
4,47,6,1478.2,2025-12-08 00:04:47,15020.0,,4,47,6,1620.960449,2025-12-08 00:05:47
4,48,6,1480.8,2025-12-08 00:04:48,14019.0,,4,48,6,1624.915039,2025-12-08 00:05:48
4,49,6,1477.6,2025-12-08 00:04:49,13016.0,,4,49,6,1628.929565,2025-12-08 00:05:49
4,50,6,1484.2,2025-12-08 00:04:50,12014.0,,4,50,6,1633.004761,2025-12-08 00:05:50
4,51,6,1484.3,2025-12-08 00:04:51,11013.0,,4,51,6,1637.141357,2025-12-08 00:05:51
4,52,6,1483.0,2025-12-08 00:04:52,10011.0,,4,52,6,1641.34021,2025-12-08 00:05:52
4,53,6,1475.6,2025-12-08 00:04:53,9010.0,,4,53,6,1645.601562,2025-12-08 00:05:53
4,54,6,1471.6,2025-12-08 00:04:54,8008.0,,4,54,6,1649.926758,2025-12-08 00:05:54
4,55,6,1470.9,2025-12-08 00:04:55,7007.0,,4,55,6,1654.316406,2025-12-08 00:05:55
4,56,6,1471.2,2025-12-08 00:04:56,6005.0,,4,56,6,1658.77124,2025-12-08 00:05:56
4,57,6,1478.6,2025-12-08 00:04:57,5003.0,,4,57,6,1663.291626,2025-12-08 00:05:57
4,58,6,1475.8,2025-12-08 00:04:58,4000.0,,4,58,6,1667.878174,2025-12-08 00:05:58
4,59,6,1473.0,2025-12-08 00:04:59,2998.0,,4,59,6,1672.531616,2025-12-08 00:05:59
5,0,6,1474.6,2025-12-08 00:05:00,62188.0,,5,0,6,1643.40564,2025-12-08 00:06:00
5,1,6,1478.3,2025-12-08 00:05:01,61186.0,,5,1,6,1646.621826,2025-12-08 00:06:01
5,2,6,1473.2,2025-12-08 00:05:02,60185.0,,5,2,6,1649.938721,2025-12-08 00:06:02
5,3,6,1475.7,2025-12-08 00:05:03,59183.0,,5,3,6,1653.578491,2025-12-08 00:06:03
5,4,6,1476.0,2025-12-08 00:05:04,58182.0,,5,4,6,1657.488159,2025-12-08 00:06:04
5,5,6,1474.3,2025-12-08 00:05:05,57179.0,,5,5,6,1661.606934,2025-12-08 00:06:05
5,6,6,1480.3,2025-12-08 00:05:06,56177.0,,5,6,6,1665.893311,2025-12-08 00:06:06
5,7,6,1488.0,2025-12-08 00:05:07,55176.0,,5,7,6,1670.318359,2025-12-08 00:06:07
5,8,6,1472.4,2025-12-08 00:05:08,54174.0,,5,8,6,1674.862793,2025-12-08 00:06:08
5,9,6,1481.6,2025-12-08 00:05:09,53172.0,,5,9,6,1679.512207,2025-12-08 00:06:09
5,10,6,1492.7,2025-12-08 00:05:10,52171.0,,5,10,6,1684.257812,2025-12-08 00:06:10
5,11,6,1473.0,2025-12-08 00:05:11,51170.0,,5,11,6,1689.092407,2025-12-08 00:06:11
5,12,6,1473.7,2025-12-08 00:05:12,50168.0,,5,12,6,1694.011475,2025-12-08 00:06:12
5,13,6,1473.7,2025-12-08 00:05:13,49164.0,,5,13,6,1699.011475,2025-12-08 00:06:13
5,14,6,1474.6,2025-12-08 00:05:14,48163.0,,5,14,6,1704.089722,2025-12-08 00:06:14
5,15,6,1479.2,2025-12-08 00:05:15,47161.0,,5,15,6,1709.244385,2025-12-08 00:06:15
5,16,6,1481.9,2025-12-08 00:05:16,46160.0,,5,16,6,1714.473755,2025-12-08 00:06:16
5,17,6,1481.4,2025-12-08 00:05:17,45158.0,,5,17,6,1719.7771,2025-12-08 00:06:17
5,18,6,1476.5,2025-12-08 00:05:18,44155.0,,5,18,6,1725.153076,2025-12-08 00:06:18
5,19,6,1483.6,2025-12-08 00:05:19,43153.0,,5,19,6,1730.600952,2025-12-08 00:06:19
5,20,6,1483.6,2025-12-08 00:05:20,42150.0,,5,20,6,1736.119995,2025-12-08 00:06:20
5,21,6,1484.4,2025-12-08 00:05:21,41149.0,,5,21,6,1741.709229,2025-12-08 00:06:21
5,22,6,1481.4,2025-12-08 00:05:22,40146.0,,5,22,6,1747.368286,2025-12-08 00:06:22
5,23,6,1477.6,2025-12-08 00:05:23,39144.0,,5,23,6,1753.096436,2025-12-08 00:06:23
5,24,6,1478.5,2025-12-08 00:05:24,38142.0,,5,24,6,1758.893066,2025-12-08 00:06:24
5,25,6,1476.9,2025-12-08 00:05:25,37141.0,,5,25,6,1764.756958,2025-12-08 00:06:25
5,26,6,1541.5,2025-12-08 00:05:26,36124.0,,5,26,6,1770.687378,2025-12-08 00:06:26
5,27,6,1596.7,2025-12-08 00:05:27,35123.0,,5,27,6,1776.68396,2025-12-08 00:06:27
5,28,6,1616.5,2025-12-08 00:05:28,34122.0,,5,28,6,1782.744751,2025-12-08 00:06:28
5,29,6,1605.5,2025-12-08 00:05:29,33121.0,,5,29,6,1788.869019,2025-12-08 00:06:29
5,30,6,1613.5,2025-12-08 00:05:30,32120.0,,5,30,6,1795.056396,2025-12-08 00:06:30
5,31,6,1633.8,2025-12-08 00:05:31,31119.0,,5,31,6,1801.30481,2025-12-08 00:06:31
5,32,6,1616.6,2025-12-08 00:05:32,30118.0,,5,32,6,1807.612915,2025-12-08 00:06:32
5,33,6,1630.6,2025-12-08 00:05:33,29116.0,,5,33,6,1813.979492,2025-12-08 00:06:33
5,34,6,1610.6,2025-12-08 00:05:34,28115.0,,5,34,6,1820.402588,2025-12-08 00:06:34
5,35,6,1613.7,2025-12-08 00:05:35,27114.0,,5,35,6,1826.880249,2025-12-08 00:06:35
5,36,6,1614.3,2025-12-08 00:05:36,26112.0,,5,36,6,1833.410767,2025-12-08 00:06:36
5,37,6,1614.2,2025-12-08 00:05:37,25108.0,,5,37,6,1839.991699,2025-12-08 00:06:37
5,38,6,1609.4,2025-12-08 00:05:38,24107.0,,5,38,6,1846.620361,2025-12-08 00:06:38
5,39,6,1612.6,2025-12-08 00:05:39,23101.0,,5,39,6,1853.295288,2025-12-08 00:06:39
5,40,6,1615.4,2025-12-08 00:05:40,22099.0,,5,40,6,1860.013184,2025-12-08 00:06:40
5,41,6,1613.5,2025-12-08 00:05:41,21096.0,,5,41,6,1866.771729,2025-12-08 00:06:41
5,42,6,1613.1,2025-12-08 00:05:42,20093.0,,5,42,6,1873.567627,2025-12-08 00:06:42
5,43,6,1615.9,2025-12-08 00:05:43,19092.0,,5,43,6,1880.398193,2025-12-08 00:06:43
5,44,6,1611.0,2025-12-08 00:05:44,18091.0,,5,44,6,1887.259888,2025-12-08 00:06:44
5,45,6,1613.1,2025-12-08 00:05:45,17090.0,,5,45,6,1894.150146,2025-12-08 00:06:45
5,46,6,1619.1,2025-12-08 00:05:46,16044.0,,5,46,6,1901.064941,2025-12-08 00:06:46
5,47,6,1608.0,2025-12-08 00:05:47,15043.0,,5,47,6,1908.001099,2025-12-08 00:06:47
5,48,6,1614.9,2025-12-08 00:05:48,14042.0,,5,48,6,1914.95459,2025-12-08 00:06:48
5,49,6,1614.2,2025-12-08 00:05:49,13041.0,,5,49,6,1921.922119,2025-12-08 00:06:49
5,50,6,1616.0,2025-12-08 00:05:50,12007.0,,5,50,6,1928.899414,2025-12-08 00:06:50
5,51,6,1613.9,2025-12-08 00:05:51,11003.0,,5,51,6,1935.882935,2025-12-08 00:06:51
5,52,6,1613.9,2025-12-08 00:05:52,10002.0,,5,52,6,1942.868286,2025-12-08 00:06:52
5,53,6,1611.0,2025-12-08 00:05:53,8993.0,,5,53,6,1949.85144,2025-12-08 00:06:53
5,54,6,1616.9,2025-12-08 00:05:54,7992.0,,5,54,6,1956.828491,2025-12-08 00:06:54
5,55,6,1611.5,2025-12-08 00:05:55,6992.0,,5,55,6,1963.795044,2025-12-08 00:06:55
5,56,6,1611.9,2025-12-08 00:05:56,5989.0,,5,56,6,1970.746826,2025-12-08 00:06:56
5,57,6,1617.3,2025-12-08 00:05:57,4988.0,,5,57,6,1977.679688,2025-12-08 00:06:57
5,58,6,1614.5,2025-12-08 00:05:58,3987.0,,5,58,6,1984.588867,2025-12-08 00:06:58
5,59,6,1611.2,2025-12-08 00:05:59,2985.0,,5,59,6,1991.470703,2025-12-08 00:06:59
6,0,6,1620.2,2025-12-08 00:06:00,61869.0,,6,0,6,1647.509888,2025-12-08 00:07:00
6,1,6,1617.2,2025-12-08 00:06:01,60867.0,,6,1,6,1650.8302,2025-12-08 00:07:01
6,2,6,1620.4,2025-12-08 00:06:02,59864.0,,6,2,6,1654.240356,2025-12-08 00:07:02
6,3,6,1616.2,2025-12-08 00:06:03,58863.0,,6,3,6,1657.967407,2025-12-08 00:07:03
6,4,6,1612.8,2025-12-08 00:06:04,57858.0,,6,4,6,1661.960693,2025-12-08 00:07:04
6,5,6,1615.2,2025-12-08 00:06:05,56857.0,,6,5,6,1666.161377,2025-12-08 00:07:05
6,6,6,1615.8,2025-12-08 00:06:06,55855.0,,6,6,6,1670.527344,2025-12-08 00:07:06
6,7,6,1617.0,2025-12-08 00:06:07,54853.0,,6,7,6,1675.031128,2025-12-08 00:07:07
6,8,6,1612.4,2025-12-08 00:06:08,53847.0,,6,8,6,1679.652954,2025-12-08 00:07:08
6,9,6,1622.2,2025-12-08 00:06:09,52845.0,,6,9,6,1684.379395,2025-12-08 00:07:09
6,10,6,1624.9,2025-12-08 00:06:10,51843.0,,6,10,6,1689.20105,2025-12-08 00:07:10
6,11,6,1614.0,2025-12-08 00:06:11,50842.0,,6,11,6,1694.111206,2025-12-08 00:07:11
6,12,6,1632.0,2025-12-08 00:06:12,49837.0,,6,12,6,1699.105103,2025-12-08 00:07:12
6,13,6,1617.9,2025-12-08 00:06:13,48836.0,,6,13,6,1704.179565,2025-12-08 00:07:13
6,14,6,1614.6,2025-12-08 00:06:14,47835.0,,6,14,6,1709.331543,2025-12-08 00:07:14
6,15,6,1616.2,2025-12-08 00:06:15,46833.0,,6,15,6,1714.559448,2025-12-08 00:07:15
6,16,6,1611.5,2025-12-08 00:06:16,45829.0,,6,16,6,1719.86145,2025-12-08 00:07:16
6,17,6,1612.6,2025-12-08 00:06:17,44826.0,,6,17,6,1725.236938,2025-12-08 00:07:17
6,18,6,1631.1,2025-12-08 00:06:18,43825.0,,6,18,6,1730.684326,2025-12-08 00:07:18
6,19,6,1622.9,2025-12-08 00:06:19,42822.0,,6,19,6,1736.203003,2025-12-08 00:07:19
6,20,6,1618.4,2025-12-08 00:06:20,41816.0,,6,20,6,1741.792725,2025-12-08 00:07:20
6,21,6,1615.5,2025-12-08 00:06:21,40814.0,,6,21,6,1747.451904,2025-12-08 00:07:21
6,22,6,1617.1,2025-12-08 00:06:22,39812.0,,6,22,6,1753.18042,2025-12-08 00:07:22
6,23,6,1617.5,2025-12-08 00:06:23,38810.0,,6,23,6,1758.977539,2025-12-08 00:07:23
6,24,6,1616.6,2025-12-08 00:06:24,37808.0,,6,24,6,1764.841919,2025-12-08 00:07:24
6,25,6,1615.0,2025-12-08 00:06:25,36807.0,,6,25,6,1770.773193,2025-12-08 00:07:25
6,26,6,1624.5,2025-12-08 00:06:26,35805.0,,6,26,6,1776.770508,2025-12-08 00:07:26
6,27,6,1614.9,2025-12-08 00:06:27,34803.0,,6,27,6,1782.832642,2025-12-08 00:07:27
6,28,6,1618.0,2025-12-08 00:06:28,33799.0,,6,28,6,1788.958496,2025-12-08 00:07:28
6,29,6,1612.2,2025-12-08 00:06:29,32798.0,,6,29,6,1795.146973,2025-12-08 00:07:29
6,30,6,1615.4,2025-12-08 00:06:30,31797.0,,6,30,6,1801.396851,2025-12-08 00:07:30
6,31,6,1615.3,2025-12-08 00:06:31,30795.0,,6,31,6,1807.706177,2025-12-08 00:07:31
6,32,6,1625.6,2025-12-08 00:06:32,29794.0,,6,32,6,1814.073853,2025-12-08 00:07:32
6,33,6,1617.7,2025-12-08 00:06:33,28793.0,,6,33,6,1820.497925,2025-12-08 00:07:33
6,34,6,1615.2,2025-12-08 00:06:34,27791.0,,6,34,6,1826.976685,2025-12-08 00:07:34
6,35,6,1613.2,2025-12-08 00:06:35,26790.0,,6,35,6,1833.507935,2025-12-08 00:07:35
6,36,6,1613.5,2025-12-08 00:06:36,25789.0,,6,36,6,1840.089722,2025-12-08 00:07:36
6,37,6,1614.8,2025-12-08 00:06:37,24788.0,,6,37,6,1846.719604,2025-12-08 00:07:37
6,38,6,1615.9,2025-12-08 00:06:38,23786.0,,6,38,6,1853.394897,2025-12-08 00:07:38
6,39,6,1618.8,2025-12-08 00:06:39,22785.0,,6,39,6,1860.11377,2025-12-08 00:07:39
6,40,6,1611.1,2025-12-08 00:06:40,21784.0,,6,40,6,1866.872681,2025-12-08 00:07:40
6,41,6,1615.8,2025-12-08 00:06:41,20783.0,,6,41,6,1873.669189,2025-12-08 00:07:41
6,42,6,1618.3,2025-12-08 00:06:42,19782.0,,6,42,6,1880.500122,2025-12-08 00:07:42
6,43,6,1616.1,2025-12-08 00:06:43,18780.0,,6,43,6,1887.362427,2025-12-08 00:07:43
6,44,6,1619.5,2025-12-08 00:06:44,17779.0,,6,44,6,1894.253052,2025-12-08 00:07:44
6,45,6,1615.4,2025-12-08 00:06:45,16778.0,,6,45,6,1901.168091,2025-12-08 00:07:45
6,46,6,1615.0,2025-12-08 00:06:46,15777.0,,6,46,6,1908.104614,2025-12-08 00:07:46
6,47,6,1612.3,2025-12-08 00:06:47,14776.0,,6,47,6,1915.058228,2025-12-08 00:07:47
6,48,6,1617.7,2025-12-08 00:06:48,13775.0,,6,48,6,1922.025879,2025-12-08 00:07:48
6,49,6,1618.8,2025-12-08 00:06:49,12774.0,,6,49,6,1929.003174,2025-12-08 00:07:49
6,50,6,1617.0,2025-12-08 00:06:50,11773.0,,6,50,6,1935.986572,2025-12-08 00:07:50
6,51,6,1618.6,2025-12-08 00:06:51,10771.0,,6,51,6,1942.971924,2025-12-08 00:07:51
6,52,6,1613.6,2025-12-08 00:06:52,9770.0,,6,52,6,1949.955444,2025-12-08 00:07:52
6,53,6,1614.8,2025-12-08 00:06:53,8769.0,,6,53,6,1956.932129,2025-12-08 00:07:53
6,54,6,1612.2,2025-12-08 00:06:54,7768.0,,6,54,6,1963.898315,2025-12-08 00:07:54
6,55,6,1616.4,2025-12-08 00:06:55,6767.0,,6,55,6,1970.849731,2025-12-08 00:07:55
6,56,6,1623.6,2025-12-08 00:06:56,5766.0,,6,56,6,1977.782104,2025-12-08 00:07:56
6,57,6,1626.0,2025-12-08 00:06:57,4765.0,,6,57,6,1984.691284,2025-12-08 00:07:57
6,58,6,1616.0,2025-12-08 00:06:58,3764.0,,6,58,6,1991.57251,2025-12-08 00:07:58
6,59,6,1615.3,2025-12-08 00:06:59,2763.0,,6,59,6,1998.421631,2025-12-08 00:07:59
7,0,6,1621.8,2025-12-08 00:07:00,61837.0,,7,0,6,1647.299438,2025-12-08 00:08:00
7,1,6,1619.8,2025-12-08 00:07:01,60836.0,,7,1,6,1650.649414,2025-12-08 00:08:01
7,2,6,1620.6,2025-12-08 00:07:02,59835.0,,7,2,6,1654.110229,2025-12-08 00:08:02
7,3,6,1619.7,2025-12-08 00:07:03,58834.0,,7,3,6,1657.875122,2025-12-08 00:08:03
7,4,6,1615.1,2025-12-08 00:07:04,57832.0,,7,4,6,1661.895142,2025-12-08 00:08:04
7,5,6,1612.1,2025-12-08 00:07:05,56831.0,,7,5,6,1666.11438,2025-12-08 00:08:05
7,6,6,1612.1,2025-12-08 00:07:06,55830.0,,7,6,6,1670.493896,2025-12-08 00:08:06
7,7,6,1616.0,2025-12-08 00:07:07,54828.0,,7,7,6,1675.007324,2025-12-08 00:08:07
7,8,6,1611.3,2025-12-08 00:07:08,53827.0,,7,8,6,1679.635986,2025-12-08 00:08:08
7,9,6,1620.0,2025-12-08 00:07:09,52826.0,,7,9,6,1684.367554,2025-12-08 00:08:09
7,10,6,1612.6,2025-12-08 00:07:10,51825.0,,7,10,6,1689.193237,2025-12-08 00:08:10
7,11,6,1617.0,2025-12-08 00:07:11,50824.0,,7,11,6,1694.106201,2025-12-08 00:08:11
7,12,6,1613.0,2025-12-08 00:07:12,49823.0,,7,12,6,1699.102539,2025-12-08 00:08:12
7,13,6,1617.1,2025-12-08 00:07:13,48821.0,,7,13,6,1704.178345,2025-12-08 00:08:13
7,14,6,1613.8,2025-12-08 00:07:14,47819.0,,7,14,6,1709.331543,2025-12-08 00:08:14
7,15,6,1618.7,2025-12-08 00:07:15,46818.0,,7,15,6,1714.560425,2025-12-08 00:08:15
7,16,6,1616.0,2025-12-08 00:07:16,45817.0,,7,16,6,1719.863281,2025-12-08 00:08:16
7,17,6,1616.0,2025-12-08 00:07:17,44815.0,,7,17,6,1725.239136,2025-12-08 00:08:17
7,18,6,1616.9,2025-12-08 00:07:18,43811.0,,7,18,6,1730.687134,2025-12-08 00:08:18
7,19,6,1623.6,2025-12-08 00:07:19,42810.0,,7,19,6,1736.206177,2025-12-08 00:08:19
7,20,6,1622.3,2025-12-08 00:07:20,41809.0,,7,20,6,1741.795654,2025-12-08 00:08:20
7,21,6,1613.9,2025-12-08 00:07:21,40807.0,,7,21,6,1747.455322,2025-12-08 00:08:21
7,22,6,1612.3,2025-12-08 00:07:22,39806.0,,7,22,6,1753.183838,2025-12-08 00:08:22
7,23,6,1618.7,2025-12-08 00:07:23,38804.0,,7,23,6,1758.980835,2025-12-08 00:08:23
7,24,6,1619.6,2025-12-08 00:07:24,37803.0,,7,24,6,1764.845581,2025-12-08 00:08:24
7,25,6,1615.6,2025-12-08 00:07:25,36801.0,,7,25,6,1770.776855,2025-12-08 00:08:25
7,26,6,1620.2,2025-12-08 00:07:26,35799.0,,7,26,6,1776.773926,2025-12-08 00:08:26
7,27,6,1609.9,2025-12-08 00:07:27,34798.0,,7,27,6,1782.835938,2025-12-08 00:08:27
7,28,6,1615.4,2025-12-08 00:07:28,33796.0,,7,28,6,1788.961914,2025-12-08 00:08:28
7,29,6,1615.3,2025-12-08 00:07:29,32794.0,,7,29,6,1795.150391,2025-12-08 00:08:29
7,30,6,1635.3,2025-12-08 00:07:30,31793.0,,7,30,6,1801.400024,2025-12-08 00:08:30
7,31,6,1615.4,2025-12-08 00:07:31,30792.0,,7,31,6,1807.709595,2025-12-08 00:08:31
7,32,6,1617.4,2025-12-08 00:07:32,29791.0,,7,32,6,1814.077271,2025-12-08 00:08:32
7,33,6,1617.8,2025-12-08 00:07:33,28789.0,,7,33,6,1820.501099,2025-12-08 00:08:33
7,34,6,1614.9,2025-12-08 00:07:34,27788.0,,7,34,6,1826.979858,2025-12-08 00:08:34
7,35,6,1615.1,2025-12-08 00:07:35,26786.0,,7,35,6,1833.511108,2025-12-08 00:08:35
7,36,6,1614.9,2025-12-08 00:07:36,25785.0,,7,36,6,1840.092651,2025-12-08 00:08:36
7,37,6,1618.0,2025-12-08 00:07:37,24784.0,,7,37,6,1846.722412,2025-12-08 00:08:37
7,38,6,1617.1,2025-12-08 00:07:38,23782.0,,7,38,6,1853.397949,2025-12-08 00:08:38
7,39,6,1617.5,2025-12-08 00:07:39,22781.0,,7,39,6,1860.116821,2025-12-08 00:08:39
7,40,6,1616.6,2025-12-08 00:07:40,21780.0,,7,40,6,1866.875488,2025-12-08 00:08:40
7,41,6,1617.9,2025-12-08 00:07:41,20779.0,,7,41,6,1873.672241,2025-12-08 00:08:41
7,42,6,1623.3,2025-12-08 00:07:42,19777.0,,7,42,6,1880.503174,2025-12-08 00:08:42
7,43,6,1611.1,2025-12-08 00:07:43,18776.0,,7,43,6,1887.365723,2025-12-08 00:08:43
7,44,6,1607.5,2025-12-08 00:07:44,17774.0,,7,44,6,1894.256226,2025-12-08 00:08:44
7,45,6,1614.3,2025-12-08 00:07:45,16773.0,,7,45,6,1901.171387,2025-12-08 00:08:45
7,46,6,1615.9,2025-12-08 00:07:46,15771.0,,7,46,6,1908.107422,2025-12-08 00:08:46
7,47,6,1619.1,2025-12-08 00:07:47,14770.0,,7,47,6,1915.061523,2025-12-08 00:08:47
7,48,6,1614.1,2025-12-08 00:07:48,13768.0,,7,48,6,1922.029053,2025-12-08 00:08:48
7,49,6,1614.9,2025-12-08 00:07:49,12767.0,,7,49,6,1929.006592,2025-12-08 00:08:49
7,50,6,1614.1,2025-12-08 00:07:50,11765.0,,7,50,6,1935.98999,2025-12-08 00:08:50
7,51,6,1617.5,2025-12-08 00:07:51,10762.0,,7,51,6,1942.975098,2025-12-08 00:08:51
7,52,6,1612.8,2025-12-08 00:07:52,9761.0,,7,52,6,1949.958374,2025-12-08 00:08:52
7,53,6,1613.8,2025-12-08 00:07:53,8760.0,,7,53,6,1956.935303,2025-12-08 00:08:53
7,54,6,1613.5,2025-12-08 00:07:54,7759.0,,7,54,6,1963.901611,2025-12-08 00:08:54
7,55,6,1618.4,2025-12-08 00:07:55,6755.0,,7,55,6,1970.853149,2025-12-08 00:08:55
7,56,6,1622.0,2025-12-08 00:07:56,5754.0,,7,56,6,1977.785522,2025-12-08 00:08:56
7,57,6,1621.0,2025-12-08 00:07:57,4753.0,,7,57,6,1984.694458,2025-12-08 00:08:57
7,58,6,1620.2,2025-12-08 00:07:58,3751.0,,7,58,6,1991.575562,2025-12-08 00:08:58
7,59,6,1618.3,2025-12-08 00:07:59,2749.0,,7,59,6,1998.424927,2025-12-08 00:08:59
8,0,6,1621.1,2025-12-08 00:08:00,62045.0,,8,0,6,1653.521606,2025-12-08 00:09:00
8,1,6,1622.0,2025-12-08 00:08:01,61044.0,,8,1,6,1656.824341,2025-12-08 00:09:01
8,2,6,1619.3,2025-12-08 00:08:02,60043.0,,8,2,6,1660.277832,2025-12-08 00:09:02
8,3,6,1615.9,2025-12-08 00:08:03,59041.0,,8,3,6,1664.065063,2025-12-08 00:09:03
8,4,6,1625.0,2025-12-08 00:08:04,58039.0,,8,4,6,1668.127197,2025-12-08 00:09:04
8,5,6,1616.1,2025-12-08 00:08:05,57037.0,,8,5,6,1672.402588,2025-12-08 00:09:05
8,6,6,1618.0,2025-12-08 00:08:06,56036.0,,8,6,6,1676.848877,2025-12-08 00:09:06
8,7,6,1616.4,2025-12-08 00:08:07,55034.0,,8,7,6,1681.435913,2025-12-08 00:09:07
8,8,6,1617.5,2025-12-08 00:08:08,54033.0,,8,8,6,1686.143677,2025-12-08 00:09:08
8,9,6,1617.5,2025-12-08 00:08:09,53032.0,,8,9,6,1690.958496,2025-12-08 00:09:09
8,10,6,1619.2,2025-12-08 00:08:10,52031.0,,8,10,6,1695.870117,2025-12-08 00:09:10
8,11,6,1618.6,2025-12-08 00:08:11,51030.0,,8,11,6,1700.871582,2025-12-08 00:09:11
8,12,6,1619.1,2025-12-08 00:08:12,50028.0,,8,12,6,1705.958008,2025-12-08 00:09:12
8,13,6,1619.1,2025-12-08 00:08:13,49027.0,,8,13,6,1711.125,2025-12-08 00:09:13
8,14,6,1621.4,2025-12-08 00:08:14,48026.0,,8,14,6,1716.371094,2025-12-08 00:09:14
8,15,6,1614.1,2025-12-08 00:08:15,47025.0,,8,15,6,1721.692749,2025-12-08 00:09:15
8,16,6,1615.5,2025-12-08 00:08:16,46023.0,,8,16,6,1727.089355,2025-12-08 00:09:16
8,17,6,1617.7,2025-12-08 00:08:17,45020.0,,8,17,6,1732.558838,2025-12-08 00:09:17
8,18,6,1617.6,2025-12-08 00:08:18,44019.0,,8,18,6,1738.100342,2025-12-08 00:09:18
8,19,6,1621.0,2025-12-08 00:08:19,43018.0,,8,19,6,1743.713013,2025-12-08 00:09:19
8,20,6,1625.3,2025-12-08 00:08:20,42014.0,,8,20,6,1749.395996,2025-12-08 00:09:20
8,21,6,1616.8,2025-12-08 00:08:21,41013.0,,8,21,6,1755.147949,2025-12-08 00:09:21
8,22,6,1617.6,2025-12-08 00:08:22,40011.0,,8,22,6,1760.968628,2025-12-08 00:09:22
8,23,6,1615.8,2025-12-08 00:08:23,39009.0,,8,23,6,1766.856445,2025-12-08 00:09:23
8,24,6,1628.3,2025-12-08 00:08:24,38007.0,,8,24,6,1772.811157,2025-12-08 00:09:24
8,25,6,1618.6,2025-12-08 00:08:25,37004.0,,8,25,6,1778.831665,2025-12-08 00:09:25
8,26,6,1626.3,2025-12-08 00:08:26,36003.0,,8,26,6,1784.916504,2025-12-08 00:09:26
8,27,6,1618.6,2025-12-08 00:08:27,35000.0,,8,27,6,1791.064331,2025-12-08 00:09:27
8,28,6,1621.7,2025-12-08 00:08:28,33999.0,,8,28,6,1797.274658,2025-12-08 00:09:28
8,29,6,1615.9,2025-12-08 00:08:29,32998.0,,8,29,6,1803.545776,2025-12-08 00:09:29
8,30,6,1621.1,2025-12-08 00:08:30,31997.0,,8,30,6,1809.875854,2025-12-08 00:09:30
8,31,6,1617.3,2025-12-08 00:08:31,30996.0,,8,31,6,1816.263794,2025-12-08 00:09:31
8,32,6,1618.4,2025-12-08 00:08:32,29991.0,,8,32,6,1822.707031,2025-12-08 00:09:32
8,33,6,1623.4,2025-12-08 00:08:33,28989.0,,8,33,6,1829.204346,2025-12-08 00:09:33
8,34,6,1635.5,2025-12-08 00:08:34,27988.0,,8,34,6,1835.753418,2025-12-08 00:09:34
8,35,6,1620.1,2025-12-08 00:08:35,26987.0,,8,35,6,1842.351929,2025-12-08 00:09:35
8,36,6,1621.4,2025-12-08 00:08:36,25985.0,,8,36,6,1848.998047,2025-12-08 00:09:36
8,37,6,1620.0,2025-12-08 00:08:37,24983.0,,8,37,6,1855.688843,2025-12-08 00:09:37
8,38,6,1620.5,2025-12-08 00:08:38,23982.0,,8,38,6,1862.421753,2025-12-08 00:09:38
8,39,6,1622.6,2025-12-08 00:08:39,22981.0,,8,39,6,1869.194092,2025-12-08 00:09:39
8,40,6,1622.8,2025-12-08 00:08:40,21980.0,,8,40,6,1876.002808,2025-12-08 00:09:40
8,41,6,1618.8,2025-12-08 00:08:41,20979.0,,8,41,6,1882.844849,2025-12-08 00:09:41
8,42,6,1633.7,2025-12-08 00:08:42,19978.0,,8,42,6,1889.717163,2025-12-08 00:09:42
8,43,6,1619.3,2025-12-08 00:08:43,18976.0,,8,43,6,1896.616333,2025-12-08 00:09:43
8,44,6,1619.6,2025-12-08 00:08:44,17973.0,,8,44,6,1903.539062,2025-12-08 00:09:44
8,45,6,1624.4,2025-12-08 00:08:45,16960.0,,8,45,6,1910.481567,2025-12-08 00:09:45
8,46,6,1622.0,2025-12-08 00:08:46,15957.0,,8,46,6,1917.440552,2025-12-08 00:09:46
8,47,6,1618.1,2025-12-08 00:08:47,14956.0,,8,47,6,1924.411621,2025-12-08 00:09:47
8,48,6,1619.6,2025-12-08 00:08:48,13955.0,,8,48,6,1931.391602,2025-12-08 00:09:48
8,49,6,1618.7,2025-12-08 00:08:49,12953.0,,8,49,6,1938.375854,2025-12-08 00:09:49
8,50,6,1636.2,2025-12-08 00:08:50,11952.0,,8,50,6,1945.360962,2025-12-08 00:09:50
8,51,6,1630.9,2025-12-08 00:08:51,10944.0,,8,51,6,1952.342163,2025-12-08 00:09:51
8,52,6,1619.2,2025-12-08 00:08:52,9942.0,,8,52,6,1959.315796,2025-12-08 00:09:52
8,53,6,1619.9,2025-12-08 00:08:53,8941.0,,8,53,6,1966.277588,2025-12-08 00:09:53
8,54,6,1619.0,2025-12-08 00:08:54,7940.0,,8,54,6,1973.2229,2025-12-08 00:09:54
8,55,6,1620.3,2025-12-08 00:08:55,6939.0,,8,55,6,1980.147827,2025-12-08 00:09:55
8,56,6,1622.1,2025-12-08 00:08:56,5938.0,,8,56,6,1987.047729,2025-12-08 00:09:56
8,57,6,1622.8,2025-12-08 00:08:57,4938.0,,8,57,6,1993.918701,2025-12-08 00:09:57
8,58,6,1622.4,2025-12-08 00:08:58,3937.0,,8,58,6,2000.756226,2025-12-08 00:09:58
8,59,6,1625.1,2025-12-08 00:08:59,2935.0,,8,59,6,2007.555664,2025-12-08 00:09:59
9,0,6,1622.0,2025-12-08 00:09:00,71631.0,,9,0,6,1620.187012,2025-12-08 00:10:00
9,1,6,1624.8,2025-12-08 00:09:01,70622.0,,9,1,6,1619.780518,2025-12-08 00:10:01
9,2,6,1622.8,2025-12-08 00:09:02,69588.0,,9,2,6,1619.147705,2025-12-08 00:10:02
9,3,6,1625.5,2025-12-08 00:09:03,68553.0,,9,3,6,1618.308105,2025-12-08 00:10:03
9,4,6,1625.8,2025-12-08 00:09:04,67546.0,,9,4,6,1617.324707,2025-12-08 00:10:04
9,5,6,1622.7,2025-12-08 00:09:05,66544.0,,9,5,6,1616.237183,2025-12-08 00:10:05
9,6,6,1624.1,2025-12-08 00:09:06,65543.0,,9,6,6,1615.072754,2025-12-08 00:10:06
9,7,6,1620.4,2025-12-08 00:09:07,64539.0,,9,7,6,1613.849854,2025-12-08 00:10:07
9,8,6,1623.6,2025-12-08 00:09:08,63522.0,,9,8,6,1612.580811,2025-12-08 00:10:08
9,9,6,1624.6,2025-12-08 00:09:09,62521.0,,9,9,6,1611.274414,2025-12-08 00:10:09
9,10,6,1623.8,2025-12-08 00:09:10,61520.0,,9,10,6,1609.937134,2025-12-08 00:10:10
9,11,6,1620.3,2025-12-08 00:09:11,60518.0,,9,11,6,1608.573242,2025-12-08 00:10:11
9,12,6,1624.2,2025-12-08 00:09:12,59516.0,,9,12,6,1607.186768,2025-12-08 00:10:12
9,13,6,1622.8,2025-12-08 00:09:13,58515.0,,9,13,6,1605.779541,2025-12-08 00:10:13
9,14,6,1623.1,2025-12-08 00:09:14,57513.0,,9,14,6,1604.353638,2025-12-08 00:10:14
9,15,6,1627.6,2025-12-08 00:09:15,56512.0,,9,15,6,1602.910522,2025-12-08 00:10:15
9,16,6,1627.6,2025-12-08 00:09:16,55509.0,,9,16,6,1601.450928,2025-12-08 00:10:16
9,17,6,1632.4,2025-12-08 00:09:17,54505.0,,9,17,6,1599.97583,2025-12-08 00:10:17
9,18,6,1627.4,2025-12-08 00:09:18,53501.0,,9,18,6,1598.485962,2025-12-08 00:10:18
9,19,6,1629.1,2025-12-08 00:09:19,52500.0,,9,19,6,1596.981689,2025-12-08 00:10:19
9,20,6,1629.4,2025-12-08 00:09:20,51497.0,,9,20,6,1595.463257,2025-12-08 00:10:20
9,21,6,1633.0,2025-12-08 00:09:21,50495.0,,9,21,6,1593.931152,2025-12-08 00:10:21
9,22,6,1621.0,2025-12-08 00:09:22,49491.0,,9,22,6,1592.385498,2025-12-08 00:10:22
9,23,6,1634.3,2025-12-08 00:09:23,48489.0,,9,23,6,1590.827026,2025-12-08 00:10:23
9,24,6,1627.2,2025-12-08 00:09:24,47488.0,,9,24,6,1589.254883,2025-12-08 00:10:24
9,25,6,1626.7,2025-12-08 00:09:25,46485.0,,9,25,6,1587.670044,2025-12-08 00:10:25
9,26,6,1627.4,2025-12-08 00:09:26,45480.0,,9,26,6,1586.072754,2025-12-08 00:10:26
9,27,6,1628.0,2025-12-08 00:09:27,44474.0,,9,27,6,1584.462769,2025-12-08 00:10:27
9,28,6,1629.5,2025-12-08 00:09:28,43471.0,,9,28,6,1582.840332,2025-12-08 00:10:28
9,29,6,1628.5,2025-12-08 00:09:29,42468.0,,9,29,6,1581.205566,2025-12-08 00:10:29
9,30,6,1628.1,2025-12-08 00:09:30,41433.0,,9,30,6,1579.55896,2025-12-08 00:10:30
9,31,6,1646.0,2025-12-08 00:09:31,40404.0,,9,31,6,1577.900513,2025-12-08 00:10:31
9,32,6,1626.8,2025-12-08 00:09:32,39403.0,,9,32,6,1576.230103,2025-12-08 00:10:32
9,33,6,1629.1,2025-12-08 00:09:33,38401.0,,9,33,6,1574.548706,2025-12-08 00:10:33
9,34,6,1624.5,2025-12-08 00:09:34,37400.0,,9,34,6,1572.855957,2025-12-08 00:10:34
9,35,6,1627.9,2025-12-08 00:09:35,36399.0,,9,35,6,1571.152466,2025-12-08 00:10:35
9,36,6,1632.3,2025-12-08 00:09:36,35398.0,,9,36,6,1569.438232,2025-12-08 00:10:36
9,37,6,1631.4,2025-12-08 00:09:37,34397.0,,9,37,6,1567.713135,2025-12-08 00:10:37
9,38,6,1631.4,2025-12-08 00:09:38,33396.0,,9,38,6,1565.978027,2025-12-08 00:10:38
9,39,6,1628.4,2025-12-08 00:09:39,32395.0,,9,39,6,1564.233032,2025-12-08 00:10:39
9,40,6,1629.6,2025-12-08 00:09:40,31394.0,,9,40,6,1562.478516,2025-12-08 00:10:40
9,41,6,1629.0,2025-12-08 00:09:41,30393.0,,9,41,6,1560.7146,2025-12-08 00:10:41
9,42,6,1636.9,2025-12-08 00:09:42,29392.0,,9,42,6,1558.941528,2025-12-08 00:10:42
9,43,6,1627.1,2025-12-08 00:09:43,28390.0,,9,43,6,1557.159668,2025-12-08 00:10:43
9,44,6,1627.7,2025-12-08 00:09:44,27389.0,,9,44,6,1555.369507,2025-12-08 00:10:44
9,45,6,1623.9,2025-12-08 00:09:45,26388.0,,9,45,6,1553.571411,2025-12-08 00:10:45
9,46,6,1629.2,2025-12-08 00:09:46,25387.0,,9,46,6,1551.765747,2025-12-08 00:10:46
9,47,6,1627.6,2025-12-08 00:09:47,24385.0,,9,47,6,1549.952148,2025-12-08 00:10:47
9,48,6,1630.3,2025-12-08 00:09:48,23384.0,,9,48,6,1548.131836,2025-12-08 00:10:48
9,49,6,1623.3,2025-12-08 00:09:49,22383.0,,9,49,6,1546.304688,2025-12-08 00:10:49
9,50,6,1626.2,2025-12-08 00:09:50,21381.0,,9,50,6,1544.471436,2025-12-08 00:10:50
9,51,6,1644.8,2025-12-08 00:09:51,20380.0,,9,51,6,1542.632202,2025-12-08 00:10:51
9,52,6,1629.0,2025-12-08 00:09:52,19379.0,,9,52,6,1540.786621,2025-12-08 00:10:52
9,53,6,1626.6,2025-12-08 00:09:53,18378.0,,9,53,6,1538.936768,2025-12-08 00:10:53
9,54,6,1627.1,2025-12-08 00:09:54,17377.0,,9,54,6,1537.082153,2025-12-08 00:10:54
9,55,6,1624.2,2025-12-08 00:09:55,16376.0,,9,55,6,1535.223267,2025-12-08 00:10:55
9,56,6,1628.9,2025-12-08 00:09:56,15375.0,,9,56,6,1533.360352,2025-12-08 00:10:56
9,57,6,1639.4,2025-12-08 00:09:57,14374.0,,9,57,6,1531.493896,2025-12-08 00:10:57
9,58,6,1629.8,2025-12-08 00:09:58,13373.0,,9,58,6,1529.624146,2025-12-08 00:10:58
9,59,6,1630.1,2025-12-08 00:09:59,12372.0,,9,59,6,1527.752319,2025-12-08 00:10:59
10,0,6,1634.0,2025-12-08 00:10:00,75796.0,,10,0,6,910.377686,2025-12-08 00:11:00
10,1,6,1629.0,2025-12-08 00:10:01,74795.0,,10,1,6,914.189575,2025-12-08 00:11:01
10,2,6,1634.1,2025-12-08 00:10:02,73794.0,,10,2,6,924.313538,2025-12-08 00:11:02
10,3,6,1636.5,2025-12-08 00:10:03,72793.0,,10,3,6,938.974121,2025-12-08 00:11:03
10,4,6,1633.3,2025-12-08 00:10:04,71792.0,,10,4,6,956.035522,2025-12-08 00:11:04
10,5,6,1633.2,2025-12-08 00:10:05,70790.0,,10,5,6,974.167542,2025-12-08 00:11:05
10,6,6,1632.9,2025-12-08 00:10:06,69789.0,,10,6,6,992.551636,2025-12-08 00:11:06
10,7,6,1629.5,2025-12-08 00:10:07,68788.0,,10,7,6,1010.690002,2025-12-08 00:11:07
10,8,6,1456.0,2025-12-08 00:10:08,67786.0,,10,8,6,1028.286499,2025-12-08 00:11:08
10,9,6,1462.2,2025-12-08 00:10:09,66785.0,,10,9,6,1045.172241,2025-12-08 00:11:09
10,10,6,1467.8,2025-12-08 00:10:10,65784.0,,10,10,6,1061.257568,2025-12-08 00:11:10
10,11,6,1472.5,2025-12-08 00:10:11,64783.0,,10,11,6,1076.504272,2025-12-08 00:11:11
10,12,6,1425.8,2025-12-08 00:10:12,63781.0,,10,12,6,1090.90625,2025-12-08 00:11:12
10,13,6,608.1,2025-12-08 00:10:13,62780.0,,10,13,6,1104.478027,2025-12-08 00:11:13
10,14,6,636.6,2025-12-08 00:10:14,61778.0,,10,14,6,1117.248047,2025-12-08 00:11:14
10,15,6,642.0,2025-12-08 00:10:15,60777.0,,10,15,6,1129.249023,2025-12-08 00:11:15
10,16,6,643.0,2025-12-08 00:10:16,59776.0,,10,16,6,1140.519897,2025-12-08 00:11:16
10,17,6,675.3,2025-12-08 00:10:17,58775.0,,10,17,6,1151.10144,2025-12-08 00:11:17
10,18,6,643.2,2025-12-08 00:10:18,57774.0,,10,18,6,1161.035278,2025-12-08 00:11:18
10,19,6,653.7,2025-12-08 00:10:19,56773.0,,10,19,6,1170.362549,2025-12-08 00:11:19
10,20,6,647.2,2025-12-08 00:10:20,55772.0,,10,20,6,1179.123169,2025-12-08 00:11:20
10,21,6,644.8,2025-12-08 00:10:21,54771.0,,10,21,6,1187.355103,2025-12-08 00:11:21
10,22,6,641.4,2025-12-08 00:10:22,53769.0,,10,22,6,1195.095093,2025-12-08 00:11:22
10,23,6,641.7,2025-12-08 00:10:23,52769.0,,10,23,6,1202.377197,2025-12-08 00:11:23
10,24,6,641.1,2025-12-08 00:10:24,51768.0,,10,24,6,1209.233765,2025-12-08 00:11:24
10,25,6,639.0,2025-12-08 00:10:25,50767.0,,10,25,6,1215.695068,2025-12-08 00:11:25
10,26,6,644.7,2025-12-08 00:10:26,49766.0,,10,26,6,1221.789062,2025-12-08 00:11:26
10,27,6,641.8,2025-12-08 00:10:27,48764.0,,10,27,6,1227.54187,2025-12-08 00:11:27
10,28,6,642.2,2025-12-08 00:10:28,47762.0,,10,28,6,1232.977417,2025-12-08 00:11:28
10,29,6,641.0,2025-12-08 00:10:29,46758.0,,10,29,6,1238.118408,2025-12-08 00:11:29
10,30,6,641.4,2025-12-08 00:10:30,45757.0,,10,30,6,1242.985107,2025-12-08 00:11:30
10,31,6,647.2,2025-12-08 00:10:31,44755.0,,10,31,6,1247.596924,2025-12-08 00:11:31
10,32,6,641.4,2025-12-08 00:10:32,43752.0,,10,32,6,1251.970703,2025-12-08 00:11:32
10,33,6,645.0,2025-12-08 00:10:33,42751.0,,10,33,6,1256.123291,2025-12-08 00:11:33
10,34,6,641.6,2025-12-08 00:10:34,41750.0,,10,34,6,1260.06897,2025-12-08 00:11:34
10,35,6,643.5,2025-12-08 00:10:35,40749.0,,10,35,6,1263.821777,2025-12-08 00:11:35
10,36,6,643.4,2025-12-08 00:10:36,39746.0,,10,36,6,1267.393921,2025-12-08 00:11:36
10,37,6,644.3,2025-12-08 00:10:37,38745.0,,10,37,6,1270.797241,2025-12-08 00:11:37
10,38,6,643.1,2025-12-08 00:10:38,37744.0,,10,38,6,1274.042358,2025-12-08 00:11:38
10,39,6,644.0,2025-12-08 00:10:39,36743.0,,10,39,6,1277.13916,2025-12-08 00:11:39
10,40,6,644.9,2025-12-08 00:10:40,35742.0,,10,40,6,1280.09668,2025-12-08 00:11:40
10,41,6,642.9,2025-12-08 00:10:41,34740.0,,10,41,6,1282.923218,2025-12-08 00:11:41
10,42,6,646.7,2025-12-08 00:10:42,33739.0,,10,42,6,1285.626587,2025-12-08 00:11:42
10,43,6,636.2,2025-12-08 00:10:43,32738.0,,10,43,6,1288.214111,2025-12-08 00:11:43
10,44,6,602.7,2025-12-08 00:10:44,31736.0,,10,44,6,1290.692261,2025-12-08 00:11:44
10,45,6,496.2,2025-12-08 00:10:45,30735.0,,10,45,6,1293.067505,2025-12-08 00:11:45
10,46,6,494.8,2025-12-08 00:10:46,29733.0,,10,46,6,1295.345947,2025-12-08 00:11:46
10,47,6,495.2,2025-12-08 00:10:47,28731.0,,10,47,6,1297.531982,2025-12-08 00:11:47
10,48,6,502.1,2025-12-08 00:10:48,27731.0,,10,48,6,1299.630859,2025-12-08 00:11:48
10,49,6,492.5,2025-12-08 00:10:49,26730.0,,10,49,6,1301.647095,2025-12-08 00:11:49
10,50,6,493.8,2025-12-08 00:10:50,25727.0,,10,50,6,1303.584839,2025-12-08 00:11:50
10,51,6,497.9,2025-12-08 00:10:51,24726.0,,10,51,6,1305.448486,2025-12-08 00:11:51
10,52,6,497.4,2025-12-08 00:10:52,23725.0,,10,52,6,1307.241333,2025-12-08 00:11:52
10,53,6,494.4,2025-12-08 00:10:53,22724.0,,10,53,6,1308.967163,2025-12-08 00:11:53
10,54,6,494.6,2025-12-08 00:10:54,21722.0,,10,54,6,1310.62915,2025-12-08 00:11:54
10,55,6,496.2,2025-12-08 00:10:55,20721.0,,10,55,6,1312.230225,2025-12-08 00:11:55
10,56,6,501.4,2025-12-08 00:10:56,19719.0,,10,56,6,1313.773682,2025-12-08 00:11:56
10,57,6,560.7,2025-12-08 00:10:57,18718.0,,10,57,6,1315.261719,2025-12-08 00:11:57
10,58,6,511.3,2025-12-08 00:10:58,17717.0,,10,58,6,1316.696533,2025-12-08 00:11:58
10,59,6,511.6,2025-12-08 00:10:59,16715.0,,10,59,6,1318.081665,2025-12-08 00:11:59
11,0,6,510.8,2025-12-08 00:11:00,71534.0,,11,0,6,954.79126,2025-12-08 00:12:00
11,1,6,525.6,2025-12-08 00:11:01,70532.0,,11,1,6,958.945557,2025-12-08 00:12:01
11,2,6,513.3,2025-12-08 00:11:02,69532.0,,11,2,6,968.11676,2025-12-08 00:12:02
11,3,6,513.0,2025-12-08 00:11:03,68530.0,,11,3,6,980.960999,2025-12-08 00:12:03
11,4,6,512.3,2025-12-08 00:11:04,67529.0,,11,4,6,995.765076,2025-12-08 00:12:04
11,5,6,510.6,2025-12-08 00:11:05,66528.0,,11,5,6,1011.456726,2025-12-08 00:12:05
11,6,6,513.9,2025-12-08 00:11:06,65526.0,,11,6,6,1027.370117,2025-12-08 00:12:06
11,7,6,525.0,2025-12-08 00:11:07,64525.0,,11,7,6,1043.096436,2025-12-08 00:12:07
11,8,6,516.6,2025-12-08 00:11:08,63524.0,,11,8,6,1058.38855,2025-12-08 00:12:08
11,9,6,515.9,2025-12-08 00:11:09,62523.0,,11,9,6,1073.102173,2025-12-08 00:12:09
11,10,6,515.9,2025-12-08 00:11:10,61520.0,,11,10,6,1087.158936,2025-12-08 00:12:10
11,11,6,516.0,2025-12-08 00:11:11,60519.0,,11,11,6,1100.522705,2025-12-08 00:12:11
11,12,6,515.8,2025-12-08 00:11:12,59518.0,,11,12,6,1113.184326,2025-12-08 00:12:12
11,13,6,516.9,2025-12-08 00:11:13,58517.0,,11,13,6,1125.151733,2025-12-08 00:12:13
11,14,6,592.6,2025-12-08 00:11:14,57516.0,,11,14,6,1136.444336,2025-12-08 00:12:14
11,15,6,635.2,2025-12-08 00:11:15,56515.0,,11,15,6,1147.088379,2025-12-08 00:12:15
11,16,6,641.7,2025-12-08 00:11:16,55513.0,,11,16,6,1157.113892,2025-12-08 00:12:16
11,17,6,641.1,2025-12-08 00:11:17,54511.0,,11,17,6,1166.553467,2025-12-08 00:12:17
11,18,6,642.9,2025-12-08 00:11:18,53510.0,,11,18,6,1175.44043,2025-12-08 00:12:18
11,19,6,646.1,2025-12-08 00:11:19,52509.0,,11,19,6,1183.807495,2025-12-08 00:12:19
11,20,6,645.0,2025-12-08 00:11:20,51508.0,,11,20,6,1191.6875,2025-12-08 00:12:20
11,21,6,646.3,2025-12-08 00:11:21,50507.0,,11,21,6,1199.11145,2025-12-08 00:12:21
11,22,6,638.7,2025-12-08 00:11:22,49506.0,,11,22,6,1206.109619,2025-12-08 00:12:22
11,23,6,639.3,2025-12-08 00:11:23,48505.0,,11,23,6,1212.710327,2025-12-08 00:12:23
11,24,6,642.5,2025-12-08 00:11:24,47504.0,,11,24,6,1218.94043,2025-12-08 00:12:24
11,25,6,640.2,2025-12-08 00:11:25,46503.0,,11,25,6,1224.824951,2025-12-08 00:12:25
11,26,6,637.6,2025-12-08 00:11:26,45502.0,,11,26,6,1230.387451,2025-12-08 00:12:26
11,27,6,642.6,2025-12-08 00:11:27,44500.0,,11,27,6,1235.650024,2025-12-08 00:12:27
11,28,6,644.7,2025-12-08 00:11:28,43499.0,,11,28,6,1240.633057,2025-12-08 00:12:28
11,29,6,641.2,2025-12-08 00:11:29,42498.0,,11,29,6,1245.355225,2025-12-08 00:12:29
11,30,6,640.2,2025-12-08 00:11:30,41497.0,,11,30,6,1249.834473,2025-12-08 00:12:30
11,31,6,639.6,2025-12-08 00:11:31,40496.0,,11,31,6,1254.086426,2025-12-08 00:12:31
11,32,6,641.9,2025-12-08 00:11:32,39495.0,,11,32,6,1258.126831,2025-12-08 00:12:32
11,33,6,644.6,2025-12-08 00:11:33,38494.0,,11,33,6,1261.968872,2025-12-08 00:12:33
11,34,6,642.8,2025-12-08 00:11:34,37487.0,,11,34,6,1265.625854,2025-12-08 00:12:34
11,35,6,652.5,2025-12-08 00:11:35,36486.0,,11,35,6,1269.109131,2025-12-08 00:12:35
11,36,6,649.7,2025-12-08 00:11:36,35484.0,,11,36,6,1272.42981,2025-12-08 00:12:36
11,37,6,658.8,2025-12-08 00:11:37,34483.0,,11,37,6,1275.598022,2025-12-08 00:12:37
11,38,6,652.8,2025-12-08 00:11:38,33482.0,,11,38,6,1278.623169,2025-12-08 00:12:38
11,39,6,651.7,2025-12-08 00:11:39,32481.0,,11,39,6,1281.513672,2025-12-08 00:12:39
11,40,6,652.2,2025-12-08 00:11:40,31480.0,,11,40,6,1284.277466,2025-12-08 00:12:40
11,41,6,645.8,2025-12-08 00:11:41,30479.0,,11,41,6,1286.922241,2025-12-08 00:12:41
11,42,6,646.2,2025-12-08 00:11:42,29476.0,,11,42,6,1289.454468,2025-12-08 00:12:42
11,43,6,647.2,2025-12-08 00:11:43,28474.0,,11,43,6,1291.880737,2025-12-08 00:12:43
11,44,6,647.0,2025-12-08 00:11:44,27474.0,,11,44,6,1294.206909,2025-12-08 00:12:44
11,45,6,651.6,2025-12-08 00:11:45,26473.0,,11,45,6,1296.438232,2025-12-08 00:12:45
11,46,6,646.0,2025-12-08 00:11:46,25472.0,,11,46,6,1298.579956,2025-12-08 00:12:46
11,47,6,643.8,2025-12-08 00:11:47,24471.0,,11,47,6,1300.637085,2025-12-08 00:12:47
11,48,6,642.3,2025-12-08 00:11:48,23470.0,,11,48,6,1302.613525,2025-12-08 00:12:48
11,49,6,642.9,2025-12-08 00:11:49,22468.0,,11,49,6,1304.513794,2025-12-08 00:12:49
11,50,6,642.7,2025-12-08 00:11:50,21467.0,,11,50,6,1306.341675,2025-12-08 00:12:50
11,51,6,645.8,2025-12-08 00:11:51,20466.0,,11,51,6,1308.100586,2025-12-08 00:12:51
11,52,6,643.0,2025-12-08 00:11:52,19465.0,,11,52,6,1309.794067,2025-12-08 00:12:52
11,53,6,642.2,2025-12-08 00:11:53,18464.0,,11,53,6,1311.425049,2025-12-08 00:12:53
11,54,6,642.1,2025-12-08 00:11:54,17462.0,,11,54,6,1312.996948,2025-12-08 00:12:54
11,55,6,652.4,2025-12-08 00:11:55,16461.0,,11,55,6,1314.511841,2025-12-08 00:12:55
11,56,6,646.7,2025-12-08 00:11:56,15459.0,,11,56,6,1315.973022,2025-12-08 00:12:56
11,57,6,644.8,2025-12-08 00:11:57,14458.0,,11,57,6,1317.382568,2025-12-08 00:12:57
11,58,6,643.0,2025-12-08 00:11:58,13456.0,,11,58,6,1318.74292,2025-12-08 00:12:58
11,59,6,643.2,2025-12-08 00:11:59,12453.0,,11,59,6,1320.05603,2025-12-08 00:12:59
12,0,6,646.5,2025-12-08 00:12:00,70990.0,,12,0,6,956.163818,2025-12-08 00:13:00
12,1,6,657.6,2025-12-08 00:12:01,69986.0,,12,1,6,960.144836,2025-12-08 00:13:01
12,2,6,643.3,2025-12-08 00:12:02,68985.0,,12,2,6,969.155518,2025-12-08 00:13:02
12,3,6,645.4,2025-12-08 00:12:03,67983.0,,12,3,6,981.871399,2025-12-08 00:13:03
12,4,6,643.7,2025-12-08 00:12:04,66982.0,,12,4,6,996.570496,2025-12-08 00:13:04
12,5,6,643.4,2025-12-08 00:12:05,65982.0,,12,5,6,1012.174133,2025-12-08 00:13:05
12,6,6,645.5,2025-12-08 00:12:06,64981.0,,12,6,6,1028.012817,2025-12-08 00:13:06
12,7,6,644.2,2025-12-08 00:12:07,63979.0,,12,7,6,1043.674438,2025-12-08 00:13:07
12,8,6,642.3,2025-12-08 00:12:08,62978.0,,12,8,6,1058.910156,2025-12-08 00:13:08
12,9,6,642.1,2025-12-08 00:12:09,61974.0,,12,9,6,1073.574219,2025-12-08 00:13:09
12,10,6,642.7,2025-12-08 00:12:10,60969.0,,12,10,6,1087.587524,2025-12-08 00:13:10
12,11,6,640.2,2025-12-08 00:12:11,59968.0,,12,11,6,1100.912354,2025-12-08 00:13:11
12,12,6,644.8,2025-12-08 00:12:12,58966.0,,12,12,6,1113.539429,2025-12-08 00:13:12
12,13,6,643.5,2025-12-08 00:12:13,57965.0,,12,13,6,1125.476196,2025-12-08 00:13:13
12,14,6,642.4,2025-12-08 00:12:14,56925.0,,12,14,6,1136.741455,2025-12-08 00:13:14
12,15,6,642.7,2025-12-08 00:12:15,55924.0,,12,15,6,1147.361206,2025-12-08 00:13:15
12,16,6,646.7,2025-12-08 00:12:16,54923.0,,12,16,6,1157.36499,2025-12-08 00:13:16
12,17,6,644.0,2025-12-08 00:12:17,53922.0,,12,17,6,1166.785034,2025-12-08 00:13:17
12,18,6,643.2,2025-12-08 00:12:18,52920.0,,12,18,6,1175.654297,2025-12-08 00:13:18
12,19,6,648.6,2025-12-08 00:12:19,51903.0,,12,19,6,1184.005737,2025-12-08 00:13:19
12,20,6,648.2,2025-12-08 00:12:20,50902.0,,12,20,6,1191.871338,2025-12-08 00:13:20
12,21,6,642.8,2025-12-08 00:12:21,49899.0,,12,21,6,1199.282715,2025-12-08 00:13:21
12,22,6,645.6,2025-12-08 00:12:22,48896.0,,12,22,6,1206.269165,2025-12-08 00:13:22
12,23,6,642.3,2025-12-08 00:12:23,47892.0,,12,23,6,1212.859375,2025-12-08 00:13:23
12,24,6,642.4,2025-12-08 00:12:24,46889.0,,12,24,6,1219.079834,2025-12-08 00:13:24
12,25,6,641.2,2025-12-08 00:12:25,45888.0,,12,25,6,1224.955444,2025-12-08 00:13:25
12,26,6,640.4,2025-12-08 00:12:26,44885.0,,12,26,6,1230.510132,2025-12-08 00:13:26
12,27,6,641.9,2025-12-08 00:12:27,43879.0,,12,27,6,1235.765503,2025-12-08 00:13:27
12,28,6,645.6,2025-12-08 00:12:28,42878.0,,12,28,6,1240.741699,2025-12-08 00:13:28
12,29,6,646.3,2025-12-08 00:12:29,41877.0,,12,29,6,1245.457886,2025-12-08 00:13:29
12,30,6,642.1,2025-12-08 00:12:30,40875.0,,12,30,6,1249.931274,2025-12-08 00:13:30
12,31,6,642.0,2025-12-08 00:12:31,39864.0,,12,31,6,1254.178223,2025-12-08 00:13:31
12,32,6,639.7,2025-12-08 00:12:32,38860.0,,12,32,6,1258.213623,2025-12-08 00:13:32
12,33,6,644.7,2025-12-08 00:12:33,37858.0,,12,33,6,1262.051392,2025-12-08 00:13:33
12,34,6,643.7,2025-12-08 00:12:34,36854.0,,12,34,6,1265.704224,2025-12-08 00:13:34
12,35,6,642.4,2025-12-08 00:12:35,35853.0,,12,35,6,1269.183716,2025-12-08 00:13:35
12,36,6,650.2,2025-12-08 00:12:36,34852.0,,12,36,6,1272.500977,2025-12-08 00:13:36
12,37,6,640.8,2025-12-08 00:12:37,33851.0,,12,37,6,1275.665894,2025-12-08 00:13:37
12,38,6,642.0,2025-12-08 00:12:38,32845.0,,12,38,6,1278.687866,2025-12-08 00:13:38
12,39,6,639.5,2025-12-08 00:12:39,31844.0,,12,39,6,1281.575439,2025-12-08 00:13:39
12,40,6,639.7,2025-12-08 00:12:40,30843.0,,12,40,6,1284.33667,2025-12-08 00:13:40
12,41,6,639.7,2025-12-08 00:12:41,29842.0,,12,41,6,1286.97876,2025-12-08 00:13:41
12,42,6,642.7,2025-12-08 00:12:42,28838.0,,12,42,6,1289.508667,2025-12-08 00:13:42
12,43,6,645.4,2025-12-08 00:12:43,27832.0,,12,43,6,1291.932861,2025-12-08 00:13:43
12,44,6,668.0,2025-12-08 00:12:44,26825.0,,12,44,6,1294.256714,2025-12-08 00:13:44
12,45,6,649.8,2025-12-08 00:12:45,25824.0,,12,45,6,1296.486084,2025-12-08 00:13:45
12,46,6,655.2,2025-12-08 00:12:46,24820.0,,12,46,6,1298.625977,2025-12-08 00:13:46
12,47,6,647.9,2025-12-08 00:12:47,23819.0,,12,47,6,1300.68103,2025-12-08 00:13:47
12,48,6,648.7,2025-12-08 00:12:48,22817.0,,12,48,6,1302.655884,2025-12-08 00:13:48
12,49,6,648.7,2025-12-08 00:12:49,21816.0,,12,49,6,1304.554443,2025-12-08 00:13:49
12,50,6,648.6,2025-12-08 00:12:50,20815.0,,12,50,6,1306.380737,2025-12-08 00:13:50
12,51,6,650.6,2025-12-08 00:12:51,19814.0,,12,51,6,1308.138184,2025-12-08 00:13:51
12,52,6,651.0,2025-12-08 00:12:52,18812.0,,12,52,6,1309.8302,2025-12-08 00:13:52
12,53,6,648.1,2025-12-08 00:12:53,17812.0,,12,53,6,1311.459839,2025-12-08 00:13:53
12,54,6,652.2,2025-12-08 00:12:54,16810.0,,12,54,6,1313.030273,2025-12-08 00:13:54
12,55,6,646.7,2025-12-08 00:12:55,15809.0,,12,55,6,1314.544189,2025-12-08 00:13:55
12,56,6,648.4,2025-12-08 00:12:56,14808.0,,12,56,6,1316.00415,2025-12-08 00:13:56
12,57,6,649.6,2025-12-08 00:12:57,13807.0,,12,57,6,1317.41272,2025-12-08 00:13:57
12,58,6,644.8,2025-12-08 00:12:58,12805.0,,12,58,6,1318.771851,2025-12-08 00:13:58
12,59,6,638.8,2025-12-08 00:12:59,11804.0,,12,59,6,1320.084106,2025-12-08 00:13:59
13,0,6,643.6,2025-12-08 00:13:00,70858.0,,13,0,6,942.842407,2025-12-08 00:14:00
13,1,6,639.9,2025-12-08 00:13:01,69857.0,,13,1,6,947.001282,2025-12-08 00:14:01
13,2,6,643.1,2025-12-08 00:13:02,68856.0,,13,2,6,956.497131,2025-12-08 00:14:02
13,3,6,644.1,2025-12-08 00:13:03,67855.0,,13,3,6,969.867371,2025-12-08 00:14:03
13,4,6,641.7,2025-12-08 00:13:04,66854.0,,13,4,6,985.296204,2025-12-08 00:14:04
13,5,6,644.1,2025-12-08 00:13:05,65853.0,,13,5,6,1001.649536,2025-12-08 00:14:05
13,6,6,650.1,2025-12-08 00:13:06,64852.0,,13,6,6,1018.22522,2025-12-08 00:14:06
13,7,6,643.8,2025-12-08 00:13:07,63851.0,,13,7,6,1034.59314,2025-12-08 00:14:07
13,8,6,650.9,2025-12-08 00:13:08,62850.0,,13,8,6,1050.495117,2025-12-08 00:14:08
13,9,6,641.3,2025-12-08 00:13:09,61849.0,,13,9,6,1065.781494,2025-12-08 00:14:09
13,10,6,640.1,2025-12-08 00:13:10,60847.0,,13,10,6,1080.371582,2025-12-08 00:14:10
13,11,6,639.5,2025-12-08 00:13:11,59846.0,,13,11,6,1094.22937,2025-12-08 00:14:11
13,12,6,643.2,2025-12-08 00:13:12,58844.0,,13,12,6,1107.346558,2025-12-08 00:14:12
13,13,6,642.0,2025-12-08 00:13:13,57843.0,,13,13,6,1119.733521,2025-12-08 00:14:13
13,14,6,644.0,2025-12-08 00:13:14,56842.0,,13,14,6,1131.411621,2025-12-08 00:14:14
13,15,6,642.3,2025-12-08 00:13:15,55842.0,,13,15,6,1142.409424,2025-12-08 00:14:15
13,16,6,639.8,2025-12-08 00:13:16,54841.0,,13,16,6,1152.759521,2025-12-08 00:14:16
13,17,6,642.5,2025-12-08 00:13:17,53840.0,,13,17,6,1162.496704,2025-12-08 00:14:17
13,18,6,643.8,2025-12-08 00:13:18,52839.0,,13,18,6,1171.65625,2025-12-08 00:14:18
13,19,6,644.4,2025-12-08 00:13:19,51838.0,,13,19,6,1180.273438,2025-12-08 00:14:19
13,20,6,645.8,2025-12-08 00:13:20,50836.0,,13,20,6,1188.382812,2025-12-08 00:14:20
13,21,6,642.4,2025-12-08 00:13:21,49834.0,,13,21,6,1196.017334,2025-12-08 00:14:21
13,22,6,640.1,2025-12-08 00:13:22,48833.0,,13,22,6,1203.20874,2025-12-08 00:14:22
13,23,6,641.8,2025-12-08 00:13:23,47831.0,,13,23,6,1209.987061,2025-12-08 00:14:23
13,24,6,646.3,2025-12-08 00:13:24,46830.0,,13,24,6,1216.380249,2025-12-08 00:14:24
13,25,6,638.3,2025-12-08 00:13:25,45827.0,,13,25,6,1222.415161,2025-12-08 00:14:25
13,26,6,641.5,2025-12-08 00:13:26,44826.0,,13,26,6,1228.116455,2025-12-08 00:14:26
13,27,6,639.8,2025-12-08 00:13:27,43823.0,,13,27,6,1233.506958,2025-12-08 00:14:27
13,28,6,638.7,2025-12-08 00:13:28,42821.0,,13,28,6,1238.608154,2025-12-08 00:14:28
13,29,6,639.8,2025-12-08 00:13:29,41820.0,,13,29,6,1243.439819,2025-12-08 00:14:29
13,30,6,639.1,2025-12-08 00:13:30,40815.0,,13,30,6,1248.020264,2025-12-08 00:14:30
13,31,6,608.7,2025-12-08 00:13:31,39814.0,,13,31,6,1252.366577,2025-12-08 00:14:31
13,32,6,611.2,2025-12-08 00:13:32,38813.0,,13,32,6,1256.494385,2025-12-08 00:14:32
13,33,6,611.4,2025-12-08 00:13:33,37808.0,,13,33,6,1260.417847,2025-12-08 00:14:33
13,34,6,611.9,2025-12-08 00:13:34,36806.0,,13,34,6,1264.150513,2025-12-08 00:14:34
13,35,6,607.9,2025-12-08 00:13:35,35805.0,,13,35,6,1267.704712,2025-12-08 00:14:35
13,36,6,609.3,2025-12-08 00:13:36,34804.0,,13,36,6,1271.091675,2025-12-08 00:14:36
13,37,6,609.3,2025-12-08 00:13:37,33802.0,,13,37,6,1274.321777,2025-12-08 00:14:37
13,38,6,610.0,2025-12-08 00:13:38,32800.0,,13,38,6,1277.404907,2025-12-08 00:14:38
13,39,6,612.5,2025-12-08 00:13:39,31798.0,,13,39,6,1280.349731,2025-12-08 00:14:39
13,40,6,608.5,2025-12-08 00:13:40,30797.0,,13,40,6,1283.164795,2025-12-08 00:14:40
13,41,6,608.9,2025-12-08 00:13:41,29796.0,,13,41,6,1285.857544,2025-12-08 00:14:41
13,42,6,611.9,2025-12-08 00:13:42,28795.0,,13,42,6,1288.435059,2025-12-08 00:14:42
13,43,6,611.0,2025-12-08 00:13:43,27794.0,,13,43,6,1290.903931,2025-12-08 00:14:43
13,44,6,613.0,2025-12-08 00:13:44,26793.0,,13,44,6,1293.270508,2025-12-08 00:14:44
13,45,6,612.0,2025-12-08 00:13:45,25792.0,,13,45,6,1295.540039,2025-12-08 00:14:45
13,46,6,606.6,2025-12-08 00:13:46,24791.0,,13,46,6,1297.717773,2025-12-08 00:14:46
13,47,6,610.4,2025-12-08 00:13:47,23790.0,,13,47,6,1299.808838,2025-12-08 00:14:47
13,48,6,610.8,2025-12-08 00:13:48,22789.0,,13,48,6,1301.817749,2025-12-08 00:14:48
13,49,6,609.3,2025-12-08 00:13:49,21788.0,,13,49,6,1303.748657,2025-12-08 00:14:49
13,50,6,614.0,2025-12-08 00:13:50,20787.0,,13,50,6,1305.605591,2025-12-08 00:14:50
13,51,6,608.3,2025-12-08 00:13:51,19785.0,,13,51,6,1307.392212,2025-12-08 00:14:51
13,52,6,610.4,2025-12-08 00:13:52,18784.0,,13,52,6,1309.112061,2025-12-08 00:14:52
13,53,6,609.8,2025-12-08 00:13:53,17784.0,,13,53,6,1310.768311,2025-12-08 00:14:53
13,54,6,613.2,2025-12-08 00:13:54,16783.0,,13,54,6,1312.364014,2025-12-08 00:14:54
13,55,6,610.4,2025-12-08 00:13:55,15780.0,,13,55,6,1313.901855,2025-12-08 00:14:55
13,56,6,609.4,2025-12-08 00:13:56,14779.0,,13,56,6,1315.38501,2025-12-08 00:14:56
13,57,6,608.5,2025-12-08 00:13:57,13777.0,,13,57,6,1316.81543,2025-12-08 00:14:57
13,58,6,610.7,2025-12-08 00:13:58,12776.0,,13,58,6,1318.195679,2025-12-08 00:14:58
13,59,6,613.7,2025-12-08 00:13:59,11775.0,,13,59,6,1319.527954,2025-12-08 00:14:59
14,0,6,621.2,2025-12-08 00:14:00,70938.0,,14,0,6,941.922241,2025-12-08 00:15:00
14,1,6,615.5,2025-12-08 00:14:01,69936.0,,14,1,6,946.009644,2025-12-08 00:15:01
14,2,6,614.9,2025-12-08 00:14:02,68935.0,,14,2,6,955.478516,2025-12-08 00:15:02
14,3,6,614.3,2025-12-08 00:14:03,67934.0,,14,3,6,968.859924,2025-12-08 00:15:03
14,4,6,610.3,2025-12-08 00:14:04,66933.0,,14,4,6,984.322266,2025-12-08 00:15:04
14,5,6,628.0,2025-12-08 00:14:05,65932.0,,14,5,6,1000.720886,2025-12-08 00:15:05
14,6,6,610.7,2025-12-08 00:14:06,64931.0,,14,6,6,1017.347412,2025-12-08 00:15:06
14,7,6,612.3,2025-12-08 00:14:07,63929.0,,14,7,6,1033.768311,2025-12-08 00:15:07
14,8,6,613.0,2025-12-08 00:14:08,62928.0,,14,8,6,1049.722656,2025-12-08 00:15:08
14,9,6,613.9,2025-12-08 00:14:09,61927.0,,14,9,6,1065.059814,2025-12-08 00:15:09
14,10,6,608.8,2025-12-08 00:14:10,60925.0,,14,10,6,1079.698364,2025-12-08 00:15:10
14,11,6,607.6,2025-12-08 00:14:11,59924.0,,14,11,6,1093.601562,2025-12-08 00:15:11
14,12,6,610.2,2025-12-08 00:14:12,58923.0,,14,12,6,1106.761597,2025-12-08 00:15:12
14,13,6,608.4,2025-12-08 00:14:13,57922.0,,14,13,6,1119.188232,2025-12-08 00:15:13
14,14,6,609.1,2025-12-08 00:14:14,56921.0,,14,14,6,1130.90332,2025-12-08 00:15:14
14,15,6,606.8,2025-12-08 00:14:15,55920.0,,14,15,6,1141.935303,2025-12-08 00:15:15
14,16,6,605.8,2025-12-08 00:14:16,54919.0,,14,16,6,1152.317139,2025-12-08 00:15:16
14,17,6,609.9,2025-12-08 00:14:17,53916.0,,14,17,6,1162.083374,2025-12-08 00:15:17
14,18,6,609.1,2025-12-08 00:14:18,52915.0,,14,18,6,1171.27002,2025-12-08 00:15:18
14,19,6,615.6,2025-12-08 00:14:19,51914.0,,14,19,6,1179.911987,2025-12-08 00:15:19
14,20,6,609.3,2025-12-08 00:14:20,50912.0,,14,20,6,1188.044312,2025-12-08 00:15:20
14,21,6,606.1,2025-12-08 00:14:21,49911.0,,14,21,6,1195.699829,2025-12-08 00:15:21
14,22,6,606.7,2025-12-08 00:14:22,48910.0,,14,22,6,1202.910767,2025-12-08 00:15:22
14,23,6,606.7,2025-12-08 00:14:23,47909.0,,14,23,6,1209.707031,2025-12-08 00:15:23
14,24,6,609.8,2025-12-08 00:14:24,46908.0,,14,24,6,1216.116943,2025-12-08 00:15:24
14,25,6,607.7,2025-12-08 00:14:25,45907.0,,14,25,6,1222.166992,2025-12-08 00:15:25
14,26,6,608.7,2025-12-08 00:14:26,44905.0,,14,26,6,1227.882446,2025-12-08 00:15:26
14,27,6,608.1,2025-12-08 00:14:27,43901.0,,14,27,6,1233.286133,2025-12-08 00:15:27
14,28,6,607.6,2025-12-08 00:14:28,42900.0,,14,28,6,1238.399414,2025-12-08 00:15:28
14,29,6,607.4,2025-12-08 00:14:29,41899.0,,14,29,6,1243.242432,2025-12-08 00:15:29
14,30,6,609.9,2025-12-08 00:14:30,40898.0,,14,30,6,1247.833374,2025-12-08 00:15:30
14,31,6,607.3,2025-12-08 00:14:31,39895.0,,14,31,6,1252.189331,2025-12-08 00:15:31
14,32,6,607.6,2025-12-08 00:14:32,38894.0,,14,32,6,1256.325928,2025-12-08 00:15:32
14,33,6,606.8,2025-12-08 00:14:33,37893.0,,14,33,6,1260.257812,2025-12-08 00:15:33
14,34,6,605.3,2025-12-08 00:14:34,36892.0,,14,34,6,1263.998291,2025-12-08 00:15:34
14,35,6,608.3,2025-12-08 00:14:35,35891.0,,14,35,6,1267.559692,2025-12-08 00:15:35
14,36,6,602.4,2025-12-08 00:14:36,34890.0,,14,36,6,1270.953491,2025-12-08 00:15:36
14,37,6,612.1,2025-12-08 00:14:37,33888.0,,14,37,6,1274.190063,2025-12-08 00:15:37
14,38,6,609.3,2025-12-08 00:14:38,32887.0,,14,38,6,1277.279175,2025-12-08 00:15:38
14,39,6,610.4,2025-12-08 00:14:39,31886.0,,14,39,6,1280.229736,2025-12-08 00:15:39
14,40,6,609.4,2025-12-08 00:14:40,30885.0,,14,40,6,1283.049927,2025-12-08 00:15:40
14,41,6,607.2,2025-12-08 00:14:41,29884.0,,14,41,6,1285.747681,2025-12-08 00:15:41
14,42,6,609.8,2025-12-08 00:14:42,28883.0,,14,42,6,1288.329834,2025-12-08 00:15:42
14,43,6,608.1,2025-12-08 00:14:43,27882.0,,14,43,6,1290.803223,2025-12-08 00:15:43
14,44,6,609.7,2025-12-08 00:14:44,26881.0,,14,44,6,1293.173828,2025-12-08 00:15:44
14,45,6,608.1,2025-12-08 00:14:45,25880.0,,14,45,6,1295.447144,2025-12-08 00:15:45
14,46,6,605.4,2025-12-08 00:14:46,24879.0,,14,46,6,1297.628662,2025-12-08 00:15:46
14,47,6,607.4,2025-12-08 00:14:47,23878.0,,14,47,6,1299.723389,2025-12-08 00:15:47
14,48,6,606.7,2025-12-08 00:14:48,22877.0,,14,48,6,1301.735718,2025-12-08 00:15:48
14,49,6,606.3,2025-12-08 00:14:49,21876.0,,14,49,6,1303.6698,2025-12-08 00:15:49
14,50,6,608.5,2025-12-08 00:14:50,20875.0,,14,50,6,1305.529663,2025-12-08 00:15:50
14,51,6,612.3,2025-12-08 00:14:51,19874.0,,14,51,6,1307.319214,2025-12-08 00:15:51
14,52,6,605.1,2025-12-08 00:14:52,18871.0,,14,52,6,1309.041626,2025-12-08 00:15:52
14,53,6,608.6,2025-12-08 00:14:53,17870.0,,14,53,6,1310.700562,2025-12-08 00:15:53
14,54,6,608.0,2025-12-08 00:14:54,16868.0,,14,54,6,1312.298706,2025-12-08 00:15:54
14,55,6,604.9,2025-12-08 00:14:55,15867.0,,14,55,6,1313.838989,2025-12-08 00:15:55
14,56,6,608.7,2025-12-08 00:14:56,14866.0,,14,56,6,1315.324341,2025-12-08 00:15:56
14,57,6,608.2,2025-12-08 00:14:57,13865.0,,14,57,6,1316.756836,2025-12-08 00:15:57
14,58,6,605.8,2025-12-08 00:14:58,12864.0,,14,58,6,1318.139282,2025-12-08 00:15:58
14,59,6,608.0,2025-12-08 00:14:59,11863.0,,14,59,6,1319.473389,2025-12-08 00:15:59
15,0,6,609.0,2025-12-08 00:15:00,70700.0,,15,0,6,1122.785278,2025-12-08 00:16:00
15,1,6,611.4,2025-12-08 00:15:01,69699.0,,15,1,6,1133.55957,2025-12-08 00:16:01
15,2,6,609.8,2025-12-08 00:15:02,68698.0,,15,2,6,1143.872925,2025-12-08 00:16:02
15,3,6,608.6,2025-12-08 00:15:03,67687.0,,15,3,6,1153.677002,2025-12-08 00:16:03
15,4,6,607.0,2025-12-08 00:15:04,66686.0,,15,4,6,1162.980347,2025-12-08 00:16:04
15,5,6,609.8,2025-12-08 00:15:05,65684.0,,15,5,6,1171.797363,2025-12-08 00:16:05
15,6,6,610.2,2025-12-08 00:15:06,64681.0,,15,6,6,1180.146606,2025-12-08 00:16:06
15,7,6,740.1,2025-12-08 00:15:07,63677.0,,15,7,6,1188.04834,2025-12-08 00:16:07
15,8,6,710.4,2025-12-08 00:15:08,62674.0,,15,8,6,1195.523682,2025-12-08 00:16:08
15,9,6,708.1,2025-12-08 00:15:09,61673.0,,15,9,6,1202.595947,2025-12-08 00:16:09
15,10,6,707.3,2025-12-08 00:15:10,60670.0,,15,10,6,1209.286987,2025-12-08 00:16:10
15,11,6,614.7,2025-12-08 00:15:11,59669.0,,15,11,6,1215.618652,2025-12-08 00:16:11
15,12,6,709.7,2025-12-08 00:15:12,58667.0,,15,12,6,1221.612915,2025-12-08 00:16:12
15,13,6,705.5,2025-12-08 00:15:13,57664.0,,15,13,6,1227.289185,2025-12-08 00:16:13
15,14,6,761.2,2025-12-08 00:15:14,56662.0,,15,14,6,1232.667725,2025-12-08 00:16:14
15,15,6,724.2,2025-12-08 00:15:15,55634.0,,15,15,6,1237.766846,2025-12-08 00:16:15
15,16,6,717.5,2025-12-08 00:15:16,54609.0,,15,16,6,1242.60437,2025-12-08 00:16:16
15,17,6,718.7,2025-12-08 00:15:17,53606.0,,15,17,6,1247.196289,2025-12-08 00:16:17
15,18,6,710.4,2025-12-08 00:15:18,52605.0,,15,18,6,1251.558716,2025-12-08 00:16:18
15,19,6,713.0,2025-12-08 00:15:19,51568.0,,15,19,6,1255.705688,2025-12-08 00:16:19
15,20,6,713.4,2025-12-08 00:15:20,50553.0,,15,20,6,1259.650879,2025-12-08 00:16:20
15,21,6,716.6,2025-12-08 00:15:21,49553.0,,15,21,6,1263.406494,2025-12-08 00:16:21
15,22,6,714.7,2025-12-08 00:15:22,48551.0,,15,22,6,1266.984741,2025-12-08 00:16:22
15,23,6,713.5,2025-12-08 00:15:23,47539.0,,15,23,6,1270.395996,2025-12-08 00:16:23
15,24,6,715.1,2025-12-08 00:15:24,46528.0,,15,24,6,1273.650757,2025-12-08 00:16:24
15,25,6,711.9,2025-12-08 00:15:25,45526.0,,15,25,6,1276.758179,2025-12-08 00:16:25
15,26,6,713.9,2025-12-08 00:15:26,44525.0,,15,26,6,1279.727295,2025-12-08 00:16:26
15,27,6,717.2,2025-12-08 00:15:27,43468.0,,15,27,6,1282.565796,2025-12-08 00:16:27
15,28,6,714.7,2025-12-08 00:15:28,42433.0,,15,28,6,1285.281372,2025-12-08 00:16:28
15,29,6,715.5,2025-12-08 00:15:29,41424.0,,15,29,6,1287.881104,2025-12-08 00:16:29
15,30,6,713.1,2025-12-08 00:15:30,40423.0,,15,30,6,1290.371338,2025-12-08 00:16:30
15,31,6,711.9,2025-12-08 00:15:31,39422.0,,15,31,6,1292.758301,2025-12-08 00:16:31
15,32,6,716.4,2025-12-08 00:15:32,38421.0,,15,32,6,1295.047729,2025-12-08 00:16:32
15,33,6,717.3,2025-12-08 00:15:33,37417.0,,15,33,6,1297.244385,2025-12-08 00:16:33
15,34,6,716.3,2025-12-08 00:15:34,36414.0,,15,34,6,1299.353638,2025-12-08 00:16:34
15,35,6,715.0,2025-12-08 00:15:35,35413.0,,15,35,6,1301.379883,2025-12-08 00:16:35
15,36,6,712.6,2025-12-08 00:15:36,34410.0,,15,36,6,1303.327393,2025-12-08 00:16:36
15,37,6,723.0,2025-12-08 00:15:37,33409.0,,15,37,6,1305.200073,2025-12-08 00:16:37
15,38,6,712.0,2025-12-08 00:15:38,32384.0,,15,38,6,1307.001709,2025-12-08 00:16:38
15,39,6,713.9,2025-12-08 00:15:39,31383.0,,15,39,6,1308.735962,2025-12-08 00:16:39
15,40,6,730.6,2025-12-08 00:15:40,30381.0,,15,40,6,1310.406006,2025-12-08 00:16:40
15,41,6,720.9,2025-12-08 00:15:41,29379.0,,15,41,6,1312.014404,2025-12-08 00:16:41
15,42,6,730.3,2025-12-08 00:15:42,28325.0,,15,42,6,1313.564819,2025-12-08 00:16:42
15,43,6,715.5,2025-12-08 00:15:43,27310.0,,15,43,6,1315.059326,2025-12-08 00:16:43
15,44,6,713.7,2025-12-08 00:15:44,26302.0,,15,44,6,1316.500977,2025-12-08 00:16:44
15,45,6,714.7,2025-12-08 00:15:45,25299.0,,15,45,6,1317.891602,2025-12-08 00:16:45
15,46,6,1011.1,2025-12-08 00:15:46,24298.0,,15,46,6,1319.233887,2025-12-08 00:16:46
15,47,6,1010.4,2025-12-08 00:15:47,23297.0,,15,47,6,1320.526611,2025-12-08 00:16:47
15,48,6,903.7,2025-12-08 00:15:48,22294.0,,15,48,6,1321.775269,2025-12-08 00:16:48
15,49,6,921.7,2025-12-08 00:15:49,21293.0,,15,49,6,1322.982788,2025-12-08 00:16:49
15,50,6,1018.0,2025-12-08 00:15:50,20292.0,,15,50,6,1324.149536,2025-12-08 00:16:50
15,51,6,923.2,2025-12-08 00:15:51,19291.0,,15,51,6,1325.276245,2025-12-08 00:16:51
15,52,6,969.7,2025-12-08 00:15:52,18290.0,,15,52,6,1326.366699,2025-12-08 00:16:52
15,53,6,997.8,2025-12-08 00:15:53,17288.0,,15,53,6,1327.420654,2025-12-08 00:16:53
15,54,6,1023.5,2025-12-08 00:15:54,16286.0,,15,54,6,1328.439697,2025-12-08 00:16:54
15,55,6,1046.4,2025-12-08 00:15:55,15279.0,,15,55,6,1329.425537,2025-12-08 00:16:55
15,56,6,1067.9,2025-12-08 00:15:56,14277.0,,15,56,6,1330.379395,2025-12-08 00:16:56
15,57,6,1089.1,2025-12-08 00:15:57,13276.0,,15,57,6,1331.302246,2025-12-08 00:16:57
15,58,6,1107.1,2025-12-08 00:15:58,12275.0,,15,58,6,1332.195557,2025-12-08 00:16:58
15,59,6,1122.1,2025-12-08 00:15:59,11274.0,,15,59,6,1333.060547,2025-12-08 00:16:59
16,0,6,1133.8,2025-12-08 00:16:00,70336.0,,16,0,6,1220.736816,2025-12-08 00:17:00
16,1,6,1139.0,2025-12-08 00:16:01,69335.0,,16,1,6,1222.596191,2025-12-08 00:17:01
16,2,6,1142.3,2025-12-08 00:16:02,68334.0,,16,2,6,1225.251465,2025-12-08 00:17:02
16,3,6,1148.4,2025-12-08 00:16:03,67333.0,,16,3,6,1228.508301,2025-12-08 00:17:03
16,4,6,1155.4,2025-12-08 00:16:04,66332.0,,16,4,6,1232.118774,2025-12-08 00:17:04
16,5,6,1154.6,2025-12-08 00:16:05,65328.0,,16,5,6,1235.921387,2025-12-08 00:17:05
16,6,6,1154.7,2025-12-08 00:16:06,64327.0,,16,6,6,1239.809448,2025-12-08 00:17:06
16,7,6,1153.5,2025-12-08 00:16:07,63325.0,,16,7,6,1243.711914,2025-12-08 00:17:07
16,8,6,1153.9,2025-12-08 00:16:08,62324.0,,16,8,6,1247.581299,2025-12-08 00:17:08
16,9,6,1153.8,2025-12-08 00:16:09,61323.0,,16,9,6,1251.385986,2025-12-08 00:17:09
16,10,6,1154.1,2025-12-08 00:16:10,60322.0,,16,10,6,1255.104614,2025-12-08 00:17:10
16,11,6,1153.0,2025-12-08 00:16:11,59320.0,,16,11,6,1258.723633,2025-12-08 00:17:11
16,12,6,1152.6,2025-12-08 00:16:12,58319.0,,16,12,6,1262.234497,2025-12-08 00:17:12
16,13,6,1151.1,2025-12-08 00:16:13,57318.0,,16,13,6,1265.631836,2025-12-08 00:17:13
16,14,6,1146.7,2025-12-08 00:16:14,56317.0,,16,14,6,1268.913696,2025-12-08 00:17:14
16,15,6,1149.8,2025-12-08 00:16:15,55316.0,,16,15,6,1272.079468,2025-12-08 00:17:15
16,16,6,1148.1,2025-12-08 00:16:16,54313.0,,16,16,6,1275.130249,2025-12-08 00:17:16
16,17,6,1151.3,2025-12-08 00:16:17,53312.0,,16,17,6,1278.067749,2025-12-08 00:17:17
16,18,6,1148.5,2025-12-08 00:16:18,52311.0,,16,18,6,1280.894531,2025-12-08 00:17:18
16,19,6,1152.7,2025-12-08 00:16:19,51310.0,,16,19,6,1283.614014,2025-12-08 00:17:19
16,20,6,1155.0,2025-12-08 00:16:20,50309.0,,16,20,6,1286.22937,2025-12-08 00:17:20
16,21,6,1151.6,2025-12-08 00:16:21,49308.0,,16,21,6,1288.744263,2025-12-08 00:17:21
16,22,6,1153.6,2025-12-08 00:16:22,48307.0,,16,22,6,1291.162842,2025-12-08 00:17:22
16,23,6,1156.7,2025-12-08 00:16:23,47306.0,,16,23,6,1293.488281,2025-12-08 00:17:23
16,24,6,1162.1,2025-12-08 00:16:24,46305.0,,16,24,6,1295.724854,2025-12-08 00:17:24
16,25,6,1156.5,2025-12-08 00:16:25,45303.0,,16,25,6,1297.875854,2025-12-08 00:17:25
16,26,6,1163.4,2025-12-08 00:16:26,44301.0,,16,26,6,1299.945557,2025-12-08 00:17:26
16,27,6,1167.6,2025-12-08 00:16:27,43300.0,,16,27,6,1301.936646,2025-12-08 00:17:27
16,28,6,1170.5,2025-12-08 00:16:28,42299.0,,16,28,6,1303.853394,2025-12-08 00:17:28
16,29,6,1170.5,2025-12-08 00:16:29,41298.0,,16,29,6,1305.698486,2025-12-08 00:17:29
16,30,6,1172.1,2025-12-08 00:16:30,40296.0,,16,30,6,1307.47522,2025-12-08 00:17:30
16,31,6,1170.3,2025-12-08 00:16:31,39255.0,,16,31,6,1309.186646,2025-12-08 00:17:31
16,32,6,1173.6,2025-12-08 00:16:32,38254.0,,16,32,6,1310.835693,2025-12-08 00:17:32
16,33,6,1177.1,2025-12-08 00:16:33,37252.0,,16,33,6,1312.425171,2025-12-08 00:17:33
16,34,6,1182.1,2025-12-08 00:16:34,36251.0,,16,34,6,1313.957397,2025-12-08 00:17:34
16,35,6,1174.9,2025-12-08 00:16:35,35250.0,,16,35,6,1315.435181,2025-12-08 00:17:35
16,36,6,1174.9,2025-12-08 00:16:36,34249.0,,16,36,6,1316.860596,2025-12-08 00:17:36
16,37,6,1177.3,2025-12-08 00:16:37,33240.0,,16,37,6,1318.236206,2025-12-08 00:17:37
16,38,6,1177.1,2025-12-08 00:16:38,32239.0,,16,38,6,1319.563965,2025-12-08 00:17:38
16,39,6,1177.0,2025-12-08 00:16:39,31238.0,,16,39,6,1320.845947,2025-12-08 00:17:39
16,40,6,1175.9,2025-12-08 00:16:40,30236.0,,16,40,6,1322.083984,2025-12-08 00:17:40
16,41,6,1176.8,2025-12-08 00:16:41,29235.0,,16,41,6,1323.280151,2025-12-08 00:17:41
16,42,6,1178.5,2025-12-08 00:16:42,28234.0,,16,42,6,1324.435791,2025-12-08 00:17:42
16,43,6,1183.2,2025-12-08 00:16:43,27233.0,,16,43,6,1325.552734,2025-12-08 00:17:43
16,44,6,1178.1,2025-12-08 00:16:44,26232.0,,16,44,6,1326.63269,2025-12-08 00:17:44
16,45,6,1178.7,2025-12-08 00:16:45,25230.0,,16,45,6,1327.67688,2025-12-08 00:17:45
16,46,6,1172.6,2025-12-08 00:16:46,24229.0,,16,46,6,1328.687134,2025-12-08 00:17:46
16,47,6,1172.3,2025-12-08 00:16:47,23229.0,,16,47,6,1329.664551,2025-12-08 00:17:47
16,48,6,1174.2,2025-12-08 00:16:48,22228.0,,16,48,6,1330.610474,2025-12-08 00:17:48
16,49,6,1170.0,2025-12-08 00:16:49,21226.0,,16,49,6,1331.526001,2025-12-08 00:17:49
16,50,6,1172.1,2025-12-08 00:16:50,20225.0,,16,50,6,1332.412354,2025-12-08 00:17:50
16,51,6,1172.6,2025-12-08 00:16:51,19224.0,,16,51,6,1333.270752,2025-12-08 00:17:51
16,52,6,1174.0,2025-12-08 00:16:52,18223.0,,16,52,6,1334.101929,2025-12-08 00:17:52
16,53,6,1171.6,2025-12-08 00:16:53,17222.0,,16,53,6,1334.907227,2025-12-08 00:17:53
16,54,6,1172.0,2025-12-08 00:16:54,16218.0,,16,54,6,1335.6875,2025-12-08 00:17:54
16,55,6,1174.0,2025-12-08 00:16:55,15217.0,,16,55,6,1336.443481,2025-12-08 00:17:55
16,56,6,1176.1,2025-12-08 00:16:56,14215.0,,16,56,6,1337.176147,2025-12-08 00:17:56
16,57,6,1179.6,2025-12-08 00:16:57,13212.0,,16,57,6,1337.886475,2025-12-08 00:17:57
16,58,6,1172.7,2025-12-08 00:16:58,12209.0,,16,58,6,1338.575073,2025-12-08 00:17:58
16,59,6,1187.6,2025-12-08 00:16:59,11208.0,,16,59,6,1339.242798,2025-12-08 00:17:59
17,0,6,1180.4,2025-12-08 00:17:00,70126.0,,17,0,6,1219.764038,2025-12-08 00:18:00
17,1,6,1175.7,2025-12-08 00:17:01,69125.0,,17,1,6,1221.202515,2025-12-08 00:18:01
17,2,6,1179.0,2025-12-08 00:17:02,68121.0,,17,2,6,1223.543213,2025-12-08 00:18:02
17,3,6,1180.4,2025-12-08 00:17:03,67119.0,,17,3,6,1226.613525,2025-12-08 00:18:03
17,4,6,1176.3,2025-12-08 00:17:04,66118.0,,17,4,6,1230.121704,2025-12-08 00:18:04
17,5,6,1176.8,2025-12-08 00:17:05,65116.0,,17,5,6,1233.878174,2025-12-08 00:18:05
17,6,6,1176.3,2025-12-08 00:17:06,64115.0,,17,6,6,1237.757324,2025-12-08 00:18:06
17,7,6,1179.8,2025-12-08 00:17:07,63114.0,,17,7,6,1241.676025,2025-12-08 00:18:07
17,8,6,1177.7,2025-12-08 00:17:08,62112.0,,17,8,6,1245.578735,2025-12-08 00:18:08
17,9,6,1176.6,2025-12-08 00:17:09,61110.0,,17,9,6,1249.428101,2025-12-08 00:18:09
17,10,6,1173.0,2025-12-08 00:17:10,60108.0,,17,10,6,1253.198853,2025-12-08 00:18:10
17,11,6,1177.8,2025-12-08 00:17:11,59106.0,,17,11,6,1256.874634,2025-12-08 00:18:11
17,12,6,1174.7,2025-12-08 00:17:12,58105.0,,17,12,6,1260.444946,2025-12-08 00:18:12
17,13,6,1174.9,2025-12-08 00:17:13,57103.0,,17,13,6,1263.90332,2025-12-08 00:18:13
17,14,6,1172.8,2025-12-08 00:17:14,56101.0,,17,14,6,1267.24646,2025-12-08 00:18:14
17,15,6,1176.7,2025-12-08 00:17:15,55097.0,,17,15,6,1270.473022,2025-12-08 00:18:15
17,16,6,1170.5,2025-12-08 00:17:16,54096.0,,17,16,6,1273.583496,2025-12-08 00:18:16
17,17,6,1174.2,2025-12-08 00:17:17,53094.0,,17,17,6,1276.579346,2025-12-08 00:18:17
17,18,6,1176.0,2025-12-08 00:17:18,52092.0,,17,18,6,1279.463013,2025-12-08 00:18:18
17,19,6,1180.6,2025-12-08 00:17:19,51090.0,,17,19,6,1282.237427,2025-12-08 00:18:19
17,20,6,1178.8,2025-12-08 00:17:20,50089.0,,17,20,6,1284.905762,2025-12-08 00:18:20
17,21,6,1176.9,2025-12-08 00:17:21,49087.0,,17,21,6,1287.47168,2025-12-08 00:18:21
17,22,6,1166.0,2025-12-08 00:17:22,48086.0,,17,22,6,1289.939087,2025-12-08 00:18:22
17,23,6,1171.8,2025-12-08 00:17:23,47085.0,,17,23,6,1292.312012,2025-12-08 00:18:23
17,24,6,1174.8,2025-12-08 00:17:24,46083.0,,17,24,6,1294.593506,2025-12-08 00:18:24
17,25,6,1168.8,2025-12-08 00:17:25,45081.0,,17,25,6,1296.787964,2025-12-08 00:18:25
17,26,6,1168.6,2025-12-08 00:17:26,44078.0,,17,26,6,1298.898804,2025-12-08 00:18:26
17,27,6,1173.1,2025-12-08 00:17:27,43076.0,,17,27,6,1300.929688,2025-12-08 00:18:27
17,28,6,1173.1,2025-12-08 00:17:28,42075.0,,17,28,6,1302.884155,2025-12-08 00:18:28
17,29,6,1177.9,2025-12-08 00:17:29,41074.0,,17,29,6,1304.765259,2025-12-08 00:18:29
17,30,6,1173.3,2025-12-08 00:17:30,40071.0,,17,30,6,1306.576538,2025-12-08 00:18:30
17,31,6,1169.6,2025-12-08 00:17:31,39068.0,,17,31,6,1308.321167,2025-12-08 00:18:31
17,32,6,1172.0,2025-12-08 00:17:32,38066.0,,17,32,6,1310.001831,2025-12-08 00:18:32
17,33,6,1173.8,2025-12-08 00:17:33,37064.0,,17,33,6,1311.621338,2025-12-08 00:18:33
17,34,6,1174.4,2025-12-08 00:17:34,36062.0,,17,34,6,1313.182617,2025-12-08 00:18:34
17,35,6,1169.6,2025-12-08 00:17:35,35061.0,,17,35,6,1314.687988,2025-12-08 00:18:35
17,36,6,1177.3,2025-12-08 00:17:36,34059.0,,17,36,6,1316.140015,2025-12-08 00:18:36
17,37,6,1174.4,2025-12-08 00:17:37,33054.0,,17,37,6,1317.540771,2025-12-08 00:18:37
17,38,6,1174.8,2025-12-08 00:17:38,32052.0,,17,38,6,1318.8927,2025-12-08 00:18:38
17,39,6,1174.9,2025-12-08 00:17:39,31051.0,,17,39,6,1320.197998,2025-12-08 00:18:39
17,40,6,1175.9,2025-12-08 00:17:40,30050.0,,17,40,6,1321.45813,2025-12-08 00:18:40
17,41,6,1183.5,2025-12-08 00:17:41,29049.0,,17,41,6,1322.675293,2025-12-08 00:18:41
17,42,6,1174.8,2025-12-08 00:17:42,28047.0,,17,42,6,1323.851318,2025-12-08 00:18:42
17,43,6,1170.3,2025-12-08 00:17:43,27046.0,,17,43,6,1324.988037,2025-12-08 00:18:43
17,44,6,1181.7,2025-12-08 00:17:44,26045.0,,17,44,6,1326.08667,2025-12-08 00:18:44
17,45,6,1183.4,2025-12-08 00:17:45,25043.0,,17,45,6,1327.148926,2025-12-08 00:18:45
17,46,6,1179.6,2025-12-08 00:17:46,24038.0,,17,46,6,1328.17627,2025-12-08 00:18:46
17,47,6,1179.2,2025-12-08 00:17:47,23033.0,,17,47,6,1329.170166,2025-12-08 00:18:47
17,48,6,1174.3,2025-12-08 00:17:48,22030.0,,17,48,6,1330.131958,2025-12-08 00:18:48
17,49,6,1173.6,2025-12-08 00:17:49,21028.0,,17,49,6,1331.062622,2025-12-08 00:18:49
17,50,6,1172.9,2025-12-08 00:17:50,20027.0,,17,50,6,1331.963745,2025-12-08 00:18:50
17,51,6,1176.7,2025-12-08 00:17:51,19026.0,,17,51,6,1332.836304,2025-12-08 00:18:51
17,52,6,1172.3,2025-12-08 00:17:52,18024.0,,17,52,6,1333.68103,2025-12-08 00:18:52
17,53,6,1171.0,2025-12-08 00:17:53,17023.0,,17,53,6,1334.499634,2025-12-08 00:18:53
17,54,6,1172.3,2025-12-08 00:17:54,16021.0,,17,54,6,1335.29248,2025-12-08 00:18:54
17,55,6,1170.9,2025-12-08 00:17:55,15018.0,,17,55,6,1336.060913,2025-12-08 00:18:55
17,56,6,1172.0,2025-12-08 00:17:56,14016.0,,17,56,6,1336.805298,2025-12-08 00:18:56
17,57,6,1174.2,2025-12-08 00:17:57,13014.0,,17,57,6,1337.526978,2025-12-08 00:18:57
17,58,6,1171.1,2025-12-08 00:17:58,12013.0,,17,58,6,1338.22644,2025-12-08 00:18:58
17,59,6,1171.8,2025-12-08 00:17:59,11011.0,,17,59,6,1338.904785,2025-12-08 00:18:59
18,0,6,1245.571186,2025-12-08 00:18:00,70042.0,,18,0,6,1288.73999,2025-12-08 00:19:00
18,1,6,1173.6,2025-12-08 00:18:01,69039.0,,18,1,6,1289.735474,2025-12-08 00:19:01
18,2,6,1181.1,2025-12-08 00:18:02,68037.0,,18,2,6,1291.262817,2025-12-08 00:19:02
18,3,6,1174.9,2025-12-08 00:18:03,67035.0,,18,3,6,1293.225708,2025-12-08 00:19:03
18,4,6,1177.9,2025-12-08 00:18:04,66034.0,,18,4,6,1295.454956,2025-12-08 00:19:04
18,5,6,1177.7,2025-12-08 00:18:05,65032.0,,18,5,6,1297.839722,2025-12-08 00:19:05
18,6,6,1174.6,2025-12-08 00:18:06,64028.0,,18,6,6,1300.306152,2025-12-08 00:19:06
18,7,6,1172.6,2025-12-08 00:18:07,63027.0,,18,7,6,1302.804932,2025-12-08 00:19:07
18,8,6,1174.5,2025-12-08 00:18:08,62026.0,,18,8,6,1305.30249,2025-12-08 00:19:08
18,9,6,1173.0,2025-12-08 00:18:09,61024.0,,18,9,6,1307.775757,2025-12-08 00:19:09
18,10,6,1174.5,2025-12-08 00:18:10,60024.0,,18,10,6,1310.209106,2025-12-08 00:19:10
18,11,6,1176.6,2025-12-08 00:18:11,59022.0,,18,11,6,1312.591797,2025-12-08 00:19:11
18,12,6,1174.1,2025-12-08 00:18:12,58020.0,,18,12,6,1314.916748,2025-12-08 00:19:12
18,13,6,1172.7,2025-12-08 00:18:13,57017.0,,18,13,6,1317.179321,2025-12-08 00:19:13
18,14,6,1173.0,2025-12-08 00:18:14,56015.0,,18,14,6,1319.376343,2025-12-08 00:19:14
18,15,6,1209.1,2025-12-08 00:18:15,55013.0,,18,15,6,1321.506958,2025-12-08 00:19:15
18,16,6,1280.9,2025-12-08 00:18:16,54013.0,,18,16,6,1323.569458,2025-12-08 00:19:16
18,17,6,1273.2,2025-12-08 00:18:17,53008.0,,18,17,6,1325.564575,2025-12-08 00:19:17
18,18,6,1271.3,2025-12-08 00:18:18,52007.0,,18,18,6,1327.493652,2025-12-08 00:19:18
18,19,6,1280.4,2025-12-08 00:18:19,51006.0,,18,19,6,1329.358154,2025-12-08 00:19:19
18,20,6,1282.3,2025-12-08 00:18:20,50005.0,,18,20,6,1331.159302,2025-12-08 00:19:20
18,21,6,1273.2,2025-12-08 00:18:21,49004.0,,18,21,6,1332.89856,2025-12-08 00:19:21
18,22,6,1275.1,2025-12-08 00:18:22,48003.0,,18,22,6,1334.578247,2025-12-08 00:19:22
18,23,6,1287.2,2025-12-08 00:18:23,47002.0,,18,23,6,1336.200073,2025-12-08 00:19:23
18,24,6,1275.5,2025-12-08 00:18:24,46001.0,,18,24,6,1337.765991,2025-12-08 00:19:24
18,25,6,1271.8,2025-12-08 00:18:25,44995.0,,18,25,6,1339.277832,2025-12-08 00:19:25
18,26,6,1273.0,2025-12-08 00:18:26,43989.0,,18,26,6,1340.737671,2025-12-08 00:19:26
18,27,6,1277.0,2025-12-08 00:18:27,42914.0,,18,27,6,1342.147583,2025-12-08 00:19:27
18,28,6,1277.3,2025-12-08 00:18:28,41912.0,,18,28,6,1343.509277,2025-12-08 00:19:28
18,29,6,1277.3,2025-12-08 00:18:29,40889.0,,18,29,6,1344.824463,2025-12-08 00:19:29
18,30,6,1272.7,2025-12-08 00:18:30,39886.0,,18,30,6,1346.094971,2025-12-08 00:19:30
18,31,6,1281.4,2025-12-08 00:18:31,38885.0,,18,31,6,1347.322876,2025-12-08 00:19:31
18,32,6,1277.1,2025-12-08 00:18:32,37884.0,,18,32,6,1348.509033,2025-12-08 00:19:32
18,33,6,1275.3,2025-12-08 00:18:33,36883.0,,18,33,6,1349.656128,2025-12-08 00:19:33
18,34,6,1282.1,2025-12-08 00:18:34,35881.0,,18,34,6,1350.764893,2025-12-08 00:19:34
18,35,6,1264.0,2025-12-08 00:18:35,34795.0,,18,35,6,1351.837158,2025-12-08 00:19:35
18,36,6,1268.8,2025-12-08 00:18:36,33692.0,,18,36,6,1352.874512,2025-12-08 00:19:36
18,37,6,1263.7,2025-12-08 00:18:37,32690.0,,18,37,6,1353.87793,2025-12-08 00:19:37
18,38,6,1267.2,2025-12-08 00:18:38,31683.0,,18,38,6,1354.848999,2025-12-08 00:19:38
18,39,6,1265.3,2025-12-08 00:18:39,30681.0,,18,39,6,1355.788452,2025-12-08 00:19:39
18,40,6,1262.1,2025-12-08 00:18:40,29608.0,,18,40,6,1356.697998,2025-12-08 00:19:40
18,41,6,1264.1,2025-12-08 00:18:41,28531.0,,18,41,6,1357.578491,2025-12-08 00:19:41
18,42,6,1264.7,2025-12-08 00:18:42,27530.0,,18,42,6,1358.431396,2025-12-08 00:19:42
18,43,6,1263.7,2025-12-08 00:18:43,26529.0,,18,43,6,1359.256958,2025-12-08 00:19:43
18,44,6,1264.4,2025-12-08 00:18:44,25516.0,,18,44,6,1360.057007,2025-12-08 00:19:44
18,45,6,1259.5,2025-12-08 00:18:45,24515.0,,18,45,6,1360.832275,2025-12-08 00:19:45
18,46,6,1258.1,2025-12-08 00:18:46,23514.0,,18,46,6,1361.583252,2025-12-08 00:19:46
18,47,6,1261.1,2025-12-08 00:18:47,22478.0,,18,47,6,1362.311279,2025-12-08 00:19:47
18,48,6,1262.5,2025-12-08 00:18:48,21473.0,,18,48,6,1363.016968,2025-12-08 00:19:48
18,49,6,1261.1,2025-12-08 00:18:49,20472.0,,18,49,6,1363.701172,2025-12-08 00:19:49
18,50,6,1259.0,2025-12-08 00:18:50,19472.0,,18,50,6,1364.364624,2025-12-08 00:19:50
18,51,6,1263.9,2025-12-08 00:18:51,18471.0,,18,51,6,1365.008057,2025-12-08 00:19:51
18,52,6,1262.6,2025-12-08 00:18:52,17470.0,,18,52,6,1365.63208,2025-12-08 00:19:52
18,53,6,1261.3,2025-12-08 00:18:53,16469.0,,18,53,6,1366.237549,2025-12-08 00:19:53
18,54,6,1261.5,2025-12-08 00:18:54,15463.0,,18,54,6,1366.824951,2025-12-08 00:19:54
18,55,6,1261.4,2025-12-08 00:18:55,14460.0,,18,55,6,1367.394897,2025-12-08 00:19:55
18,56,6,1261.1,2025-12-08 00:18:56,13409.0,,18,56,6,1367.94812,2025-12-08 00:19:56
18,57,6,1263.0,2025-12-08 00:18:57,12384.0,,18,57,6,1368.484863,2025-12-08 00:19:57
18,58,6,1259.7,2025-12-08 00:18:58,11380.0,,18,58,6,1369.005981,2025-12-08 00:19:58
18,59,6,1260.9,2025-12-08 00:18:59,10379.0,,18,59,6,1369.512085,2025-12-08 00:19:59
19,0,6,1258.9,2025-12-08 00:19:00,69252.0,,19,0,6,1222.375732,2025-12-08 00:20:00
19,1,6,1262.4,2025-12-08 00:19:01,68248.0,,19,1,6,1193.855591,2025-12-08 00:20:01
19,2,6,1263.9,2025-12-08 00:19:02,67247.0,,19,2,6,1168.503784,2025-12-08 00:20:02
19,3,6,1260.9,2025-12-08 00:19:03,66178.0,,19,3,6,1144.847534,2025-12-08 00:20:03
19,4,6,1262.9,2025-12-08 00:19:04,65176.0,,19,4,6,1122.883911,2025-12-08 00:20:04
19,5,6,1261.4,2025-12-08 00:19:05,64173.0,,19,5,6,1102.521606,2025-12-08 00:20:05
19,6,6,1262.3,2025-12-08 00:19:06,63172.0,,19,6,6,1083.628906,2025-12-08 00:20:06
19,7,6,1260.6,2025-12-08 00:19:07,62170.0,,19,7,6,1066.063232,2025-12-08 00:20:07
19,8,6,1264.4,2025-12-08 00:19:08,61166.0,,19,8,6,1049.688477,2025-12-08 00:20:08
19,9,6,1264.9,2025-12-08 00:19:09,60164.0,,19,9,6,1034.380127,2025-12-08 00:20:09
19,10,6,1267.1,2025-12-08 00:19:10,59161.0,,19,10,6,1020.027893,2025-12-08 00:20:10
19,11,6,1285.2,2025-12-08 00:19:11,58156.0,,19,11,6,1006.534912,2025-12-08 00:20:11
19,12,6,1335.9,2025-12-08 00:19:12,57150.0,,19,12,6,993.816467,2025-12-08 00:20:12
19,13,6,1334.9,2025-12-08 00:19:13,56146.0,,19,13,6,981.799255,2025-12-08 00:20:13
19,14,6,1338.5,2025-12-08 00:19:14,55144.0,,19,14,6,970.418701,2025-12-08 00:20:14
19,15,6,1341.4,2025-12-08 00:19:15,54132.0,,19,15,6,959.618896,2025-12-08 00:20:15
19,16,6,1335.8,2025-12-08 00:19:16,53131.0,,19,16,6,949.350403,2025-12-08 00:20:16
19,17,6,1339.6,2025-12-08 00:19:17,52130.0,,19,17,6,939.570129,2025-12-08 00:20:17
19,18,6,1339.0,2025-12-08 00:19:18,51128.0,,19,18,6,930.239929,2025-12-08 00:20:18
19,19,6,1344.2,2025-12-08 00:19:19,50124.0,,19,19,6,921.325378,2025-12-08 00:20:19
19,20,6,1344.5,2025-12-08 00:19:20,49122.0,,19,20,6,912.796509,2025-12-08 00:20:20
19,21,6,1344.3,2025-12-08 00:19:21,48120.0,,19,21,6,904.626099,2025-12-08 00:20:21
19,22,6,1337.7,2025-12-08 00:19:22,47111.0,,19,22,6,896.789978,2025-12-08 00:20:22
19,23,6,1364.4,2025-12-08 00:19:23,46109.0,,19,23,6,889.265686,2025-12-08 00:20:23
19,24,6,1344.1,2025-12-08 00:19:24,45107.0,,19,24,6,882.033569,2025-12-08 00:20:24
19,25,6,1345.4,2025-12-08 00:19:25,44105.0,,19,25,6,875.075439,2025-12-08 00:20:25
19,26,6,1343.3,2025-12-08 00:19:26,43103.0,,19,26,6,868.374817,2025-12-08 00:20:26
19,27,6,1342.9,2025-12-08 00:19:27,42102.0,,19,27,6,861.916504,2025-12-08 00:20:27
19,28,6,1342.5,2025-12-08 00:19:28,41099.0,,19,28,6,855.686646,2025-12-08 00:20:28
19,29,6,1346.2,2025-12-08 00:19:29,40095.0,,19,29,6,849.672668,2025-12-08 00:20:29
19,30,6,1347.8,2025-12-08 00:19:30,39094.0,,19,30,6,843.862671,2025-12-08 00:20:30
19,31,6,1352.3,2025-12-08 00:19:31,38093.0,,19,31,6,838.246094,2025-12-08 00:20:31
19,32,6,1341.3,2025-12-08 00:19:32,37088.0,,19,32,6,832.812866,2025-12-08 00:20:32
19,33,6,1339.5,2025-12-08 00:19:33,36087.0,,19,33,6,827.553772,2025-12-08 00:20:33
19,34,6,1338.3,2025-12-08 00:19:34,35085.0,,19,34,6,822.460266,2025-12-08 00:20:34
19,35,6,1339.3,2025-12-08 00:19:35,34084.0,,19,35,6,817.524536,2025-12-08 00:20:35
19,36,6,1343.3,2025-12-08 00:19:36,33083.0,,19,36,6,812.739136,2025-12-08 00:20:36
19,37,6,1337.5,2025-12-08 00:19:37,32082.0,,19,37,6,808.097351,2025-12-08 00:20:37
19,38,6,1343.2,2025-12-08 00:19:38,31081.0,,19,38,6,803.592773,2025-12-08 00:20:38
19,39,6,1342.2,2025-12-08 00:19:39,30080.0,,19,39,6,799.219666,2025-12-08 00:20:39
19,40,6,1345.4,2025-12-08 00:19:40,29079.0,,19,40,6,794.972412,2025-12-08 00:20:40
19,41,6,1343.0,2025-12-08 00:19:41,28078.0,,19,41,6,790.846008,2025-12-08 00:20:41
19,42,6,1353.6,2025-12-08 00:19:42,27077.0,,19,42,6,786.835632,2025-12-08 00:20:42
19,43,6,1344.9,2025-12-08 00:19:43,26076.0,,19,43,6,782.936951,2025-12-08 00:20:43
19,44,6,1346.8,2025-12-08 00:19:44,25075.0,,19,44,6,779.145752,2025-12-08 00:20:44
19,45,6,1345.1,2025-12-08 00:19:45,24074.0,,19,45,6,775.458252,2025-12-08 00:20:45
19,46,6,1342.0,2025-12-08 00:19:46,23073.0,,19,46,6,771.870911,2025-12-08 00:20:46
19,47,6,1345.2,2025-12-08 00:19:47,22072.0,,19,47,6,768.380371,2025-12-08 00:20:47
19,48,6,1343.1,2025-12-08 00:19:48,21070.0,,19,48,6,764.983459,2025-12-08 00:20:48
19,49,6,1343.4,2025-12-08 00:19:49,20069.0,,19,49,6,761.677368,2025-12-08 00:20:49
19,50,6,1345.9,2025-12-08 00:19:50,19041.0,,19,50,6,758.459351,2025-12-08 00:20:50
19,51,6,1352.5,2025-12-08 00:19:51,18039.0,,19,51,6,755.327026,2025-12-08 00:20:51
19,52,6,1345.6,2025-12-08 00:19:52,17038.0,,19,52,6,752.277954,2025-12-08 00:20:52
19,53,6,1346.6,2025-12-08 00:19:53,16037.0,,19,53,6,749.309937,2025-12-08 00:20:53
19,54,6,1345.5,2025-12-08 00:19:54,15036.0,,19,54,6,746.421082,2025-12-08 00:20:54
19,55,6,1342.3,2025-12-08 00:19:55,14035.0,,19,55,6,743.609375,2025-12-08 00:20:55
19,56,6,1344.5,2025-12-08 00:19:56,13035.0,,19,56,6,740.87323,2025-12-08 00:20:56
19,57,6,1349.0,2025-12-08 00:19:57,12033.0,,19,57,6,738.210815,2025-12-08 00:20:57
19,58,6,1342.7,2025-12-08 00:19:58,11032.0,,19,58,6,735.620911,2025-12-08 00:20:58
19,59,6,1345.3,2025-12-08 00:19:59,10031.0,,19,59,6,733.101868,2025-12-08 00:20:59
20,0,6,1346.4,2025-12-08 00:20:00,113107.0,,20,0,6,1299.176025,2025-12-08 00:21:00
20,1,6,1344.0,2025-12-08 00:20:01,112106.0,,20,1,6,1264.032349,2025-12-08 00:21:01
20,2,6,1347.0,2025-12-08 00:20:02,111105.0,,20,2,6,1233.286377,2025-12-08 00:21:02
20,3,6,1347.5,2025-12-08 00:20:03,110104.0,,20,3,6,1204.796509,2025-12-08 00:21:03
20,4,6,1348.0,2025-12-08 00:20:04,109103.0,,20,4,6,1178.49707,2025-12-08 00:21:04
20,5,6,1344.9,2025-12-08 00:20:05,108101.0,,20,5,6,1154.249023,2025-12-08 00:21:05
20,6,6,1344.5,2025-12-08 00:20:06,107100.0,,20,6,6,1131.870728,2025-12-08 00:21:06
20,7,6,1346.8,2025-12-08 00:20:07,106097.0,,20,7,6,1111.172607,2025-12-08 00:21:07
20,8,6,1347.3,2025-12-08 00:20:08,105097.0,,20,8,6,1091.974731,2025-12-08 00:21:08
20,9,6,1349.0,2025-12-08 00:20:09,104095.0,,20,9,6,1074.114502,2025-12-08 00:21:09
20,10,6,1340.8,2025-12-08 00:20:10,103093.0,,20,10,6,1057.448242,2025-12-08 00:21:10
20,11,6,1346.5,2025-12-08 00:20:11,102091.0,,20,11,6,1041.850586,2025-12-08 00:21:11
20,12,6,1346.2,2025-12-08 00:20:12,101090.0,,20,12,6,1027.211304,2025-12-08 00:21:12
20,13,6,1359.7,2025-12-08 00:20:13,100088.0,,20,13,6,1013.43573,2025-12-08 00:21:13
20,14,6,1382.9,2025-12-08 00:20:14,99086.0,,20,14,6,1000.440979,2025-12-08 00:21:14
20,15,6,1443.7,2025-12-08 00:20:15,98080.0,,20,15,6,988.155151,2025-12-08 00:21:15
20,16,6,1432.5,2025-12-08 00:20:16,97075.0,,20,16,6,976.515076,2025-12-08 00:21:16
20,17,6,1449.6,2025-12-08 00:20:17,96073.0,,20,17,6,965.465759,2025-12-08 00:21:17
20,18,6,1443.1,2025-12-08 00:20:18,95072.0,,20,18,6,954.958496,2025-12-08 00:21:18
20,19,6,1448.0,2025-12-08 00:20:19,94067.0,,20,19,6,944.950317,2025-12-08 00:21:19
20,20,6,1451.4,2025-12-08 00:20:20,93066.0,,20,20,6,935.402771,2025-12-08 00:21:20
20,21,6,1448.0,2025-12-08 00:20:21,92063.0,,20,21,6,926.282104,2025-12-08 00:21:21
20,22,6,1442.7,2025-12-08 00:20:22,91060.0,,20,22,6,917.557495,2025-12-08 00:21:22
20,23,6,1445.3,2025-12-08 00:20:23,90059.0,,20,23,6,909.20166,2025-12-08 00:21:23
20,24,6,1446.6,2025-12-08 00:20:24,89058.0,,20,24,6,901.189575,2025-12-08 00:21:24
20,25,6,1444.1,2025-12-08 00:20:25,88057.0,,20,25,6,893.499023,2025-12-08 00:21:25
20,26,6,1443.6,2025-12-08 00:20:26,87055.0,,20,26,6,886.109253,2025-12-08 00:21:26
20,27,6,1443.7,2025-12-08 00:20:27,86053.0,,20,27,6,879.001892,2025-12-08 00:21:27
20,28,6,1442.8,2025-12-08 00:20:28,85051.0,,20,28,6,872.159973,2025-12-08 00:21:28
20,29,6,1446.6,2025-12-08 00:20:29,84049.0,,20,29,6,865.567871,2025-12-08 00:21:29
20,30,6,1449.6,2025-12-08 00:20:30,83047.0,,20,30,6,859.211121,2025-12-08 00:21:30
20,31,6,1446.5,2025-12-08 00:20:31,82044.0,,20,31,6,853.076721,2025-12-08 00:21:31
20,32,6,1447.6,2025-12-08 00:20:32,81041.0,,20,32,6,847.152405,2025-12-08 00:21:32
20,33,6,1448.1,2025-12-08 00:20:33,80038.0,,20,33,6,841.427246,2025-12-08 00:21:33
20,34,6,1449.7,2025-12-08 00:20:34,79035.0,,20,34,6,835.890686,2025-12-08 00:21:34
20,35,6,1453.4,2025-12-08 00:20:35,78029.0,,20,35,6,830.533325,2025-12-08 00:21:35
20,36,6,1446.7,2025-12-08 00:20:36,77028.0,,20,36,6,825.346191,2025-12-08 00:21:36
20,37,6,1448.7,2025-12-08 00:20:37,76022.0,,20,37,6,820.321106,2025-12-08 00:21:37
20,38,6,1452.1,2025-12-08 00:20:38,75021.0,,20,38,6,815.450562,2025-12-08 00:21:38
20,39,6,1449.8,2025-12-08 00:20:39,74019.0,,20,39,6,810.727295,2025-12-08 00:21:39
20,40,6,1448.6,2025-12-08 00:20:40,73017.0,,20,40,6,806.144897,2025-12-08 00:21:40
20,41,6,1451.7,2025-12-08 00:20:41,72016.0,,20,41,6,801.697205,2025-12-08 00:21:41
20,42,6,1450.7,2025-12-08 00:20:42,71015.0,,20,42,6,797.378418,2025-12-08 00:21:42
20,43,6,1451.6,2025-12-08 00:20:43,70013.0,,20,43,6,793.183411,2025-12-08 00:21:43
20,44,6,1453.3,2025-12-08 00:20:44,69011.0,,20,44,6,789.107117,2025-12-08 00:21:44
20,45,6,1457.4,2025-12-08 00:20:45,68010.0,,20,45,6,785.144958,2025-12-08 00:21:45
20,46,6,1452.2,2025-12-08 00:20:46,67009.0,,20,46,6,781.292725,2025-12-08 00:21:46
20,47,6,1450.7,2025-12-08 00:20:47,66007.0,,20,47,6,777.546387,2025-12-08 00:21:47
20,48,6,1450.7,2025-12-08 00:20:48,65005.0,,20,48,6,773.902161,2025-12-08 00:21:48
20,49,6,1451.7,2025-12-08 00:20:49,64003.0,,20,49,6,770.356628,2025-12-08 00:21:49
20,50,6,1454.1,2025-12-08 00:20:50,63002.0,,20,50,6,766.906616,2025-12-08 00:21:50
20,51,6,1452.6,2025-12-08 00:20:51,62002.0,,20,51,6,763.549011,2025-12-08 00:21:51
20,52,6,1450.4,2025-12-08 00:20:52,61000.0,,20,52,6,760.281067,2025-12-08 00:21:52
20,53,6,1450.3,2025-12-08 00:20:53,59996.0,,20,53,6,757.10022,2025-12-08 00:21:53
20,54,6,1451.5,2025-12-08 00:20:54,58995.0,,20,54,6,754.003906,2025-12-08 00:21:54
20,55,6,1463.0,2025-12-08 00:20:55,57994.0,,20,55,6,750.98999,2025-12-08 00:21:55
20,56,6,1452.7,2025-12-08 00:20:56,56992.0,,20,56,6,748.056274,2025-12-08 00:21:56
20,57,6,1454.1,2025-12-08 00:20:57,55991.0,,20,57,6,745.200928,2025-12-08 00:21:57
20,58,6,1454.9,2025-12-08 00:20:58,54986.0,,20,58,6,742.422058,2025-12-08 00:21:58
20,59,6,1455.7,2025-12-08 00:20:59,53984.0,,20,59,6,739.717896,2025-12-08 00:21:59
21,0,6,1456.5,2025-12-08 00:21:00,75532.0,,21,0,6,1299.666626,2025-12-08 00:22:00
21,1,6,1454.8,2025-12-08 00:21:01,74529.0,,21,1,6,1264.492554,2025-12-08 00:22:01
21,2,6,1457.2,2025-12-08 00:21:02,73527.0,,21,2,6,1233.723999,2025-12-08 00:22:02
21,3,6,1451.8,2025-12-08 00:21:03,72525.0,,21,3,6,1205.213867,2025-12-08 00:22:03
21,4,6,1455.0,2025-12-08 00:21:04,71524.0,,21,4,6,1178.895386,2025-12-08 00:22:04
21,5,6,1455.7,2025-12-08 00:21:05,70522.0,,21,5,6,1154.629028,2025-12-08 00:22:05
21,6,6,1454.3,2025-12-08 00:21:06,69521.0,,21,6,6,1132.233154,2025-12-08 00:22:06
21,7,6,1450.7,2025-12-08 00:21:07,68520.0,,21,7,6,1111.517944,2025-12-08 00:22:07
21,8,6,1469.4,2025-12-08 00:21:08,67518.0,,21,8,6,1092.303467,2025-12-08 00:22:08
21,9,6,1452.3,2025-12-08 00:21:09,66515.0,,21,9,6,1074.427612,2025-12-08 00:22:09
21,10,6,1454.5,2025-12-08 00:21:10,65512.0,,21,10,6,1057.74646,2025-12-08 00:22:10
21,11,6,1457.8,2025-12-08 00:21:11,64510.0,,21,11,6,1042.134277,2025-12-08 00:22:11
21,12,6,1453.6,2025-12-08 00:21:12,63509.0,,21,12,6,1027.481567,2025-12-08 00:22:12
21,13,6,1452.7,2025-12-08 00:21:13,62508.0,,21,13,6,1013.693115,2025-12-08 00:22:13
21,14,6,1454.6,2025-12-08 00:21:14,61507.0,,21,14,6,1000.686279,2025-12-08 00:22:14
21,15,6,1460.6,2025-12-08 00:21:15,60504.0,,21,15,6,988.389038,2025-12-08 00:22:15
21,16,6,1453.9,2025-12-08 00:21:16,59499.0,,21,16,6,976.738281,2025-12-08 00:22:16
21,17,6,1461.9,2025-12-08 00:21:17,58497.0,,21,17,6,965.678955,2025-12-08 00:22:17
21,18,6,1455.0,2025-12-08 00:21:18,57494.0,,21,18,6,955.16217,2025-12-08 00:22:18
21,19,6,1457.8,2025-12-08 00:21:19,56493.0,,21,19,6,945.14502,2025-12-08 00:22:19
21,20,6,1461.1,2025-12-08 00:21:20,55492.0,,21,20,6,935.589172,2025-12-08 00:22:20
21,21,6,1450.0,2025-12-08 00:21:21,54489.0,,21,21,6,926.460632,2025-12-08 00:22:21
21,22,6,1451.6,2025-12-08 00:21:22,53485.0,,21,22,6,917.728699,2025-12-08 00:22:22
21,23,6,1451.8,2025-12-08 00:21:23,52484.0,,21,23,6,909.365967,2025-12-08 00:22:23
21,24,6,1455.1,2025-12-08 00:21:24,51482.0,,21,24,6,901.347351,2025-12-08 00:22:24
21,25,6,1450.0,2025-12-08 00:21:25,50481.0,,21,25,6,893.650574,2025-12-08 00:22:25
21,26,6,1454.5,2025-12-08 00:21:26,49479.0,,21,26,6,886.255127,2025-12-08 00:22:26
21,27,6,1455.2,2025-12-08 00:21:27,48478.0,,21,27,6,879.142334,2025-12-08 00:22:27
21,28,6,1455.3,2025-12-08 00:21:28,47475.0,,21,28,6,872.295288,2025-12-08 00:22:28
21,29,6,1454.0,2025-12-08 00:21:29,46474.0,,21,29,6,865.698303,2025-12-08 00:22:29
21,30,6,1449.8,2025-12-08 00:21:30,45472.0,,21,30,6,859.336914,2025-12-08 00:22:30
21,31,6,1451.1,2025-12-08 00:21:31,44471.0,,21,31,6,853.19812,2025-12-08 00:22:31
21,32,6,1455.7,2025-12-08 00:21:32,43465.0,,21,32,6,847.269836,2025-12-08 00:22:32
21,33,6,1450.7,2025-12-08 00:21:33,42461.0,,21,33,6,841.540649,2025-12-08 00:22:33
21,34,6,1455.3,2025-12-08 00:21:34,41460.0,,21,34,6,836.000427,2025-12-08 00:22:34
21,35,6,1452.5,2025-12-08 00:21:35,40459.0,,21,35,6,830.639465,2025-12-08 00:22:35
21,36,6,1450.1,2025-12-08 00:21:36,39455.0,,21,36,6,825.449036,2025-12-08 00:22:36
21,37,6,1453.4,2025-12-08 00:21:37,38422.0,,21,37,6,820.420715,2025-12-08 00:22:37
21,38,6,1452.1,2025-12-08 00:21:38,37416.0,,21,38,6,815.547119,2025-12-08 00:22:38
21,39,6,1453.6,2025-12-08 00:21:39,36394.0,,21,39,6,810.820984,2025-12-08 00:22:39
21,40,6,1455.5,2025-12-08 00:21:40,35382.0,,21,40,6,806.235779,2025-12-08 00:22:40
21,41,6,1456.3,2025-12-08 00:21:41,34379.0,,21,41,6,801.785339,2025-12-08 00:22:41
21,42,6,1457.4,2025-12-08 00:21:42,33376.0,,21,42,6,797.46405,2025-12-08 00:22:42
21,43,6,1457.3,2025-12-08 00:21:43,32223.0,,21,43,6,793.266541,2025-12-08 00:22:43
21,44,6,1468.3,2025-12-08 00:21:44,31221.0,,21,44,6,789.187927,2025-12-08 00:22:44
21,45,6,1458.2,2025-12-08 00:21:45,30095.0,,21,45,6,785.223511,2025-12-08 00:22:45
21,46,6,1456.5,2025-12-08 00:21:46,29094.0,,21,46,6,781.369141,2025-12-08 00:22:46
21,47,6,1458.7,2025-12-08 00:21:47,28093.0,,21,47,6,777.620667,2025-12-08 00:22:47
21,48,6,1460.8,2025-12-08 00:21:48,27091.0,,21,48,6,773.974426,2025-12-08 00:22:48
21,49,6,1458.6,2025-12-08 00:21:49,26088.0,,21,49,6,770.427002,2025-12-08 00:22:49
21,50,6,1459.5,2025-12-08 00:21:50,25033.0,,21,50,6,766.975098,2025-12-08 00:22:50
21,51,6,1459.7,2025-12-08 00:21:51,23957.0,,21,51,6,763.615601,2025-12-08 00:22:51
21,52,6,1457.1,2025-12-08 00:21:52,22956.0,,21,52,6,760.345947,2025-12-08 00:22:52
21,53,6,1457.5,2025-12-08 00:21:53,21952.0,,21,53,6,757.16333,2025-12-08 00:22:53
21,54,6,1455.6,2025-12-08 00:21:54,20950.0,,21,54,6,754.065369,2025-12-08 00:22:54
21,55,6,1454.9,2025-12-08 00:21:55,19947.0,,21,55,6,751.049805,2025-12-08 00:22:55
21,56,6,1454.3,2025-12-08 00:21:56,18946.0,,21,56,6,748.114502,2025-12-08 00:22:56
21,57,6,1452.1,2025-12-08 00:21:57,17856.0,,21,57,6,745.257568,2025-12-08 00:22:57
21,58,6,1456.2,2025-12-08 00:21:58,16845.0,,21,58,6,742.477112,2025-12-08 00:22:58
21,59,6,1456.4,2025-12-08 00:21:59,15844.0,,21,59,6,739.771484,2025-12-08 00:22:59
22,0,6,1463.6,2025-12-08 00:22:00,68385.0,,22,0,6,1307.331055,2025-12-08 00:23:00
22,1,6,1460.2,2025-12-08 00:22:01,67376.0,,22,1,6,1271.346436,2025-12-08 00:23:01
22,2,6,1459.8,2025-12-08 00:22:02,66309.0,,22,2,6,1240.033081,2025-12-08 00:23:02
22,3,6,1458.4,2025-12-08 00:22:03,65306.0,,22,3,6,1211.025269,2025-12-08 00:23:03
22,4,6,1457.9,2025-12-08 00:22:04,64305.0,,22,4,6,1184.255493,2025-12-08 00:23:04
22,5,6,1460.1,2025-12-08 00:22:05,63298.0,,22,5,6,1159.583984,2025-12-08 00:23:05
22,6,6,1457.4,2025-12-08 00:22:06,62278.0,,22,6,6,1136.826416,2025-12-08 00:23:06
22,7,6,1459.7,2025-12-08 00:22:07,61276.0,,22,7,6,1115.787842,2025-12-08 00:23:07
22,8,6,1458.1,2025-12-08 00:22:08,60273.0,,22,8,6,1096.284424,2025-12-08 00:23:08
22,9,6,1454.8,2025-12-08 00:22:09,59269.0,,22,9,6,1078.149414,2025-12-08 00:23:09
22,10,6,1454.9,2025-12-08 00:22:10,58267.0,,22,10,6,1061.235474,2025-12-08 00:23:10
22,11,6,1456.8,2025-12-08 00:22:11,57264.0,,22,11,6,1045.413086,2025-12-08 00:23:11
22,12,6,1456.4,2025-12-08 00:22:12,56262.0,,22,12,6,1030.570312,2025-12-08 00:23:12
22,13,6,1460.6,2025-12-08 00:22:13,55251.0,,22,13,6,1016.609131,2025-12-08 00:23:13
22,14,6,1457.7,2025-12-08 00:22:14,54241.0,,22,14,6,1003.444946,2025-12-08 00:23:14
22,15,6,1452.0,2025-12-08 00:22:15,53235.0,,22,15,6,991.003662,2025-12-08 00:23:15
22,16,6,1455.3,2025-12-08 00:22:16,52231.0,,22,16,6,979.220825,2025-12-08 00:23:16
22,17,6,1459.1,2025-12-08 00:22:17,51229.0,,22,17,6,968.039856,2025-12-08 00:23:17
22,18,6,1458.7,2025-12-08 00:22:18,50226.0,,22,18,6,957.410767,2025-12-08 00:23:18
22,19,6,1463.4,2025-12-08 00:22:19,49223.0,,22,19,6,947.289917,2025-12-08 00:23:19
22,20,6,1464.2,2025-12-08 00:22:20,48222.0,,22,20,6,937.637756,2025-12-08 00:23:20
22,21,6,1455.9,2025-12-08 00:22:21,47218.0,,22,21,6,928.419617,2025-12-08 00:23:21
22,22,6,1457.2,2025-12-08 00:22:22,46216.0,,22,22,6,919.604309,2025-12-08 00:23:22
22,23,6,1457.4,2025-12-08 00:22:23,45215.0,,22,23,6,911.163635,2025-12-08 00:23:23
22,24,6,1457.1,2025-12-08 00:22:24,44211.0,,22,24,6,903.072327,2025-12-08 00:23:24
22,25,6,1457.2,2025-12-08 00:22:25,43209.0,,22,25,6,895.307373,2025-12-08 00:23:25
22,26,6,1456.1,2025-12-08 00:22:26,42208.0,,22,26,6,887.847961,2025-12-08 00:23:26
22,27,6,1456.6,2025-12-08 00:22:27,41203.0,,22,27,6,880.67511,2025-12-08 00:23:27
22,28,6,1457.1,2025-12-08 00:22:28,40201.0,,22,28,6,873.771484,2025-12-08 00:23:28
22,29,6,1456.9,2025-12-08 00:22:29,39200.0,,22,29,6,867.120972,2025-12-08 00:23:29
22,30,6,1458.9,2025-12-08 00:22:30,38195.0,,22,30,6,860.709351,2025-12-08 00:23:30
22,31,6,1453.7,2025-12-08 00:22:31,37178.0,,22,31,6,854.522949,2025-12-08 00:23:31
22,32,6,1459.9,2025-12-08 00:22:32,36178.0,,22,32,6,848.549683,2025-12-08 00:23:32
22,33,6,1456.8,2025-12-08 00:22:33,35176.0,,22,33,6,842.777832,2025-12-08 00:23:33
22,34,6,1461.2,2025-12-08 00:22:34,34175.0,,22,34,6,837.197144,2025-12-08 00:23:34
22,35,6,1462.3,2025-12-08 00:22:35,33174.0,,22,35,6,831.797729,2025-12-08 00:23:35
22,36,6,1460.9,2025-12-08 00:22:36,32172.0,,22,36,6,826.570679,2025-12-08 00:23:36
22,37,6,1463.0,2025-12-08 00:22:37,31169.0,,22,37,6,821.507629,2025-12-08 00:23:37
22,38,6,1464.8,2025-12-08 00:22:38,30168.0,,22,38,6,816.600708,2025-12-08 00:23:38
22,39,6,1459.9,2025-12-08 00:22:39,29167.0,,22,39,6,811.842896,2025-12-08 00:23:39
22,40,6,1460.3,2025-12-08 00:22:40,28166.0,,22,40,6,807.227356,2025-12-08 00:23:40
22,41,6,1462.3,2025-12-08 00:22:41,27165.0,,22,41,6,802.747925,2025-12-08 00:23:41
22,42,6,1455.5,2025-12-08 00:22:42,26162.0,,22,42,6,798.398865,2025-12-08 00:23:42
22,43,6,1458.1,2025-12-08 00:22:43,25160.0,,22,43,6,794.174683,2025-12-08 00:23:43
22,44,6,1457.7,2025-12-08 00:22:44,24158.0,,22,44,6,790.070435,2025-12-08 00:23:44
22,45,6,1469.3,2025-12-08 00:22:45,23157.0,,22,45,6,786.08136,2025-12-08 00:23:45
22,46,6,1467.9,2025-12-08 00:22:46,22156.0,,22,46,6,782.203186,2025-12-08 00:23:46
22,47,6,1463.1,2025-12-08 00:22:47,21154.0,,22,47,6,778.431885,2025-12-08 00:23:47
22,48,6,1459.8,2025-12-08 00:22:48,20153.0,,22,48,6,774.763611,2025-12-08 00:23:48
22,49,6,1474.5,2025-12-08 00:22:49,19152.0,,22,49,6,771.194824,2025-12-08 00:23:49
22,50,6,1461.4,2025-12-08 00:22:50,18151.0,,22,50,6,767.72229,2025-12-08 00:23:50
22,51,6,1461.4,2025-12-08 00:22:51,17149.0,,22,51,6,764.342834,2025-12-08 00:23:51
22,52,6,1462.0,2025-12-08 00:22:52,16148.0,,22,52,6,761.053711,2025-12-08 00:23:52
22,53,6,1462.8,2025-12-08 00:22:53,15147.0,,22,53,6,757.852234,2025-12-08 00:23:53
22,54,6,1460.2,2025-12-08 00:22:54,14146.0,,22,54,6,754.736023,2025-12-08 00:23:54
22,55,6,1463.9,2025-12-08 00:22:55,13145.0,,22,55,6,751.702576,2025-12-08 00:23:55
22,56,6,1461.2,2025-12-08 00:22:56,12144.0,,22,56,6,748.749939,2025-12-08 00:23:56
22,57,6,1463.5,2025-12-08 00:22:57,11143.0,,22,57,6,745.875977,2025-12-08 00:23:57
22,58,6,1462.1,2025-12-08 00:22:58,10142.0,,22,58,6,743.078979,2025-12-08 00:23:58
22,59,6,1475.8,2025-12-08 00:22:59,9141.0,,22,59,6,740.357117,2025-12-08 00:23:59
23,0,6,1463.0,2025-12-08 00:23:00,68034.0,,23,0,6,1316.57373,2025-12-08 00:24:00
23,1,6,1465.8,2025-12-08 00:23:01,67033.0,,23,1,6,1279.837524,2025-12-08 00:24:01
23,2,6,1470.1,2025-12-08 00:23:02,66032.0,,23,2,6,1247.820923,2025-12-08 00:24:02
23,3,6,1467.9,2025-12-08 00:23:03,65031.0,,23,3,6,1218.200562,2025-12-08 00:24:03
23,4,6,1469.8,2025-12-08 00:23:04,64030.0,,23,4,6,1190.891724,2025-12-08 00:24:04
23,5,6,1465.9,2025-12-08 00:23:05,63028.0,,23,5,6,1165.742188,2025-12-08 00:24:05
23,6,6,1465.2,2025-12-08 00:23:06,62026.0,,23,6,6,1142.558105,2025-12-08 00:24:06
23,7,6,1466.5,2025-12-08 00:23:07,61025.0,,23,7,6,1121.137573,2025-12-08 00:24:07
23,8,6,1463.1,2025-12-08 00:23:08,60021.0,,23,8,6,1101.290771,2025-12-08 00:24:08
23,9,6,1464.8,2025-12-08 00:23:09,59019.0,,23,9,6,1082.845703,2025-12-08 00:24:09
23,10,6,1467.0,2025-12-08 00:23:10,58017.0,,23,10,6,1065.650391,2025-12-08 00:24:10
23,11,6,1465.9,2025-12-08 00:23:11,57016.0,,23,11,6,1049.572754,2025-12-08 00:24:11
23,12,6,1486.3,2025-12-08 00:23:12,56014.0,,23,12,6,1034.496704,2025-12-08 00:24:12
23,13,6,1463.3,2025-12-08 00:23:13,55013.0,,23,13,6,1020.322327,2025-12-08 00:24:13
23,14,6,1465.6,2025-12-08 00:23:14,54012.0,,23,14,6,1006.962585,2025-12-08 00:24:14
23,15,6,1467.3,2025-12-08 00:23:15,53010.0,,23,15,6,994.341431,2025-12-08 00:24:15
23,16,6,1464.5,2025-12-08 00:23:16,52008.0,,23,16,6,982.392639,2025-12-08 00:24:16
23,17,6,1468.7,2025-12-08 00:23:17,51005.0,,23,17,6,971.058411,2025-12-08 00:24:17
23,18,6,1464.6,2025-12-08 00:23:18,50002.0,,23,18,6,960.287415,2025-12-08 00:24:18
23,19,6,1473.0,2025-12-08 00:23:19,49001.0,,23,19,6,950.034668,2025-12-08 00:24:19
23,20,6,1473.5,2025-12-08 00:23:20,48000.0,,23,20,6,940.26001,2025-12-08 00:24:20
23,21,6,1473.1,2025-12-08 00:23:21,47000.0,,23,21,6,930.927734,2025-12-08 00:24:21
23,22,6,1464.1,2025-12-08 00:23:22,45998.0,,23,22,6,922.00592,2025-12-08 00:24:22
23,23,6,1469.0,2025-12-08 00:23:23,44993.0,,23,23,6,913.465759,2025-12-08 00:24:23
23,24,6,1466.4,2025-12-08 00:23:24,43991.0,,23,24,6,905.281067,2025-12-08 00:24:24
23,25,6,1466.9,2025-12-08 00:23:25,42990.0,,23,25,6,897.428772,2025-12-08 00:24:25
23,26,6,1467.8,2025-12-08 00:23:26,41988.0,,23,26,6,889.887207,2025-12-08 00:24:26
23,27,6,1472.2,2025-12-08 00:23:27,40987.0,,23,27,6,882.637085,2025-12-08 00:24:27
23,28,6,1472.6,2025-12-08 00:23:28,39985.0,,23,28,6,875.660767,2025-12-08 00:24:28
23,29,6,1474.2,2025-12-08 00:23:29,38984.0,,23,29,6,868.941833,2025-12-08 00:24:29
23,30,6,1483.3,2025-12-08 00:23:30,37981.0,,23,30,6,862.465515,2025-12-08 00:24:30
23,31,6,1469.3,2025-12-08 00:23:31,36980.0,,23,31,6,856.218079,2025-12-08 00:24:31
23,32,6,1474.8,2025-12-08 00:23:32,35970.0,,23,32,6,850.186768,2025-12-08 00:24:32
23,33,6,1476.0,2025-12-08 00:23:33,34964.0,,23,33,6,844.360168,2025-12-08 00:24:33
23,34,6,1474.5,2025-12-08 00:23:34,33955.0,,23,34,6,838.727417,2025-12-08 00:24:34
23,35,6,1474.9,2025-12-08 00:23:35,32951.0,,23,35,6,833.278625,2025-12-08 00:24:35
23,36,6,1473.9,2025-12-08 00:23:36,31950.0,,23,36,6,828.004578,2025-12-08 00:24:36
23,37,6,1475.1,2025-12-08 00:23:37,30949.0,,23,37,6,822.89679,2025-12-08 00:24:37
23,38,6,1477.2,2025-12-08 00:23:38,29946.0,,23,38,6,817.947266,2025-12-08 00:24:38
23,39,6,1479.9,2025-12-08 00:23:39,28944.0,,23,39,6,813.148682,2025-12-08 00:24:39
23,40,6,1476.5,2025-12-08 00:23:40,27940.0,,23,40,6,808.494263,2025-12-08 00:24:40
23,41,6,1479.2,2025-12-08 00:23:41,26937.0,,23,41,6,803.9776,2025-12-08 00:24:41
23,42,6,1476.0,2025-12-08 00:23:42,25936.0,,23,42,6,799.592834,2025-12-08 00:24:42
23,43,6,1477.9,2025-12-08 00:23:43,24931.0,,23,43,6,795.334534,2025-12-08 00:24:43
23,44,6,1490.5,2025-12-08 00:23:44,23930.0,,23,44,6,791.197449,2025-12-08 00:24:44
23,45,6,1475.8,2025-12-08 00:23:45,22927.0,,23,45,6,787.17688,2025-12-08 00:24:45
23,46,6,1476.3,2025-12-08 00:23:46,21925.0,,23,46,6,783.268311,2025-12-08 00:24:46
23,47,6,1480.6,2025-12-08 00:23:47,20924.0,,23,47,6,779.467773,2025-12-08 00:24:47
23,48,6,1477.0,2025-12-08 00:23:48,19921.0,,23,48,6,775.771179,2025-12-08 00:24:48
23,49,6,1478.2,2025-12-08 00:23:49,18917.0,,23,49,6,772.175049,2025-12-08 00:24:49
23,50,6,1481.7,2025-12-08 00:23:50,17914.0,,23,50,6,768.676147,2025-12-08 00:24:50
23,51,6,1480.3,2025-12-08 00:23:51,16913.0,,23,51,6,765.271118,2025-12-08 00:24:51
23,52,6,1478.3,2025-12-08 00:23:52,15908.0,,23,52,6,761.957214,2025-12-08 00:24:52
23,53,6,1479.1,2025-12-08 00:23:53,14906.0,,23,53,6,758.73175,2025-12-08 00:24:53
23,54,6,1482.4,2025-12-08 00:23:54,13904.0,,23,54,6,755.592041,2025-12-08 00:24:54
23,55,6,1478.1,2025-12-08 00:23:55,12903.0,,23,55,6,752.535889,2025-12-08 00:24:55
23,56,6,1481.8,2025-12-08 00:23:56,11902.0,,23,56,6,749.561035,2025-12-08 00:24:56
23,57,6,1480.8,2025-12-08 00:23:57,10900.0,,23,57,6,746.665405,2025-12-08 00:24:57
23,58,6,1478.9,2025-12-08 00:23:58,9898.0,,23,58,6,743.84729,2025-12-08 00:24:58
23,59,6,1481.7,2025-12-08 00:23:59,8897.0,,23,59,6,741.104797,2025-12-08 00:24:59
24,0,6,1490.9,2025-12-08 00:24:00,68424.0,,24,0,6,846.580811,2025-12-08 00:25:00
24,1,6,1480.0,2025-12-08 00:24:01,67422.0,,24,1,6,839.533691,2025-12-08 00:25:01
24,2,6,1483.7,2025-12-08 00:24:02,66417.0,,24,2,6,834.702393,2025-12-08 00:25:02
24,3,6,1484.1,2025-12-08 00:24:03,65413.0,,24,3,6,831.391296,2025-12-08 00:25:03
24,4,6,1487.2,2025-12-08 00:24:04,64407.0,,24,4,6,828.609741,2025-12-08 00:25:04
24,5,6,1487.4,2025-12-08 00:24:05,63405.0,,24,5,6,825.887756,2025-12-08 00:25:05
24,6,6,1485.8,2025-12-08 00:24:06,62404.0,,24,6,6,823.025696,2025-12-08 00:25:06
24,7,6,1478.7,2025-12-08 00:24:07,61400.0,,24,7,6,819.961426,2025-12-08 00:25:07
24,8,6,1482.3,2025-12-08 00:24:08,60399.0,,24,8,6,816.69751,2025-12-08 00:25:08
24,9,6,1488.2,2025-12-08 00:24:09,59398.0,,24,9,6,813.263916,2025-12-08 00:25:09
24,10,6,1483.0,2025-12-08 00:24:10,58395.0,,24,10,6,809.699646,2025-12-08 00:25:10
24,11,6,1482.9,2025-12-08 00:24:11,57394.0,,24,11,6,806.043213,2025-12-08 00:25:11
24,12,6,1482.1,2025-12-08 00:24:12,56392.0,,24,12,6,802.329407,2025-12-08 00:25:12
24,13,6,1486.2,2025-12-08 00:24:13,55390.0,,24,13,6,798.587585,2025-12-08 00:25:13
24,14,6,1485.0,2025-12-08 00:24:14,54385.0,,24,14,6,794.842102,2025-12-08 00:25:14
24,15,6,1493.4,2025-12-08 00:24:15,53382.0,,24,15,6,791.112305,2025-12-08 00:25:15
24,16,6,1486.3,2025-12-08 00:24:16,52381.0,,24,16,6,787.413635,2025-12-08 00:25:16
24,17,6,1489.0,2025-12-08 00:24:17,51380.0,,24,17,6,783.757874,2025-12-08 00:25:17
24,18,6,1492.0,2025-12-08 00:24:18,50376.0,,24,18,6,780.154175,2025-12-08 00:25:18
24,19,6,1492.6,2025-12-08 00:24:19,49374.0,,24,19,6,776.609436,2025-12-08 00:25:19
24,20,6,1494.0,2025-12-08 00:24:20,48373.0,,24,20,6,773.128723,2025-12-08 00:25:20
24,21,6,1489.6,2025-12-08 00:24:21,47370.0,,24,21,6,769.715576,2025-12-08 00:25:21
24,22,6,1488.7,2025-12-08 00:24:22,46365.0,,24,22,6,766.372742,2025-12-08 00:25:22
24,23,6,1493.7,2025-12-08 00:24:23,45364.0,,24,23,6,763.101807,2025-12-08 00:25:23
24,24,6,1488.4,2025-12-08 00:24:24,44362.0,,24,24,6,759.903625,2025-12-08 00:25:24
24,25,6,1489.9,2025-12-08 00:24:25,43360.0,,24,25,6,756.77887,2025-12-08 00:25:25
24,26,6,1491.3,2025-12-08 00:24:26,42354.0,,24,26,6,753.727661,2025-12-08 00:25:26
24,27,6,1489.7,2025-12-08 00:24:27,41353.0,,24,27,6,750.749695,2025-12-08 00:25:27
24,28,6,1491.5,2025-12-08 00:24:28,40349.0,,24,28,6,747.844604,2025-12-08 00:25:28
24,29,6,1495.1,2025-12-08 00:24:29,39347.0,,24,29,6,745.011902,2025-12-08 00:25:29
24,30,6,1488.5,2025-12-08 00:24:30,38346.0,,24,30,6,742.250793,2025-12-08 00:25:30
24,31,6,1490.7,2025-12-08 00:24:31,37344.0,,24,31,6,739.560608,2025-12-08 00:25:31
24,32,6,1495.9,2025-12-08 00:24:32,36341.0,,24,32,6,736.940552,2025-12-08 00:25:32
24,33,6,1492.4,2025-12-08 00:24:33,35339.0,,24,33,6,734.389832,2025-12-08 00:25:33
24,34,6,1495.3,2025-12-08 00:24:34,34338.0,,24,34,6,731.907532,2025-12-08 00:25:34
24,35,6,1497.9,2025-12-08 00:24:35,33335.0,,24,35,6,729.49292,2025-12-08 00:25:35
24,36,6,1496.8,2025-12-08 00:24:36,32334.0,,24,36,6,727.145203,2025-12-08 00:25:36
24,37,6,1500.8,2025-12-08 00:24:37,31333.0,,24,37,6,724.863586,2025-12-08 00:25:37
24,38,6,1498.2,2025-12-08 00:24:38,30327.0,,24,38,6,722.647278,2025-12-08 00:25:38
24,39,6,1497.8,2025-12-08 00:24:39,29326.0,,24,39,6,720.495667,2025-12-08 00:25:39
24,40,6,1496.7,2025-12-08 00:24:40,28324.0,,24,40,6,718.407898,2025-12-08 00:25:40
24,41,6,1500.5,2025-12-08 00:24:41,27320.0,,24,41,6,716.383484,2025-12-08 00:25:41
24,42,6,1499.0,2025-12-08 00:24:42,26319.0,,24,42,6,714.421631,2025-12-08 00:25:42
24,43,6,1498.4,2025-12-08 00:24:43,25318.0,,24,43,6,712.521851,2025-12-08 00:25:43
24,44,6,1500.3,2025-12-08 00:24:44,24292.0,,24,44,6,710.683472,2025-12-08 00:25:44
24,45,6,1500.6,2025-12-08 00:24:45,23287.0,,24,45,6,708.906067,2025-12-08 00:25:45
24,46,6,1505.5,2025-12-08 00:24:46,22283.0,,24,46,6,707.188965,2025-12-08 00:25:46
24,47,6,1503.9,2025-12-08 00:24:47,21280.0,,24,47,6,705.531677,2025-12-08 00:25:47
24,48,6,1501.1,2025-12-08 00:24:48,19959.0,,24,48,6,703.933777,2025-12-08 00:25:48
24,49,6,1503.3,2025-12-08 00:24:49,18958.0,,24,49,6,702.394653,2025-12-08 00:25:49
24,50,6,1504.1,2025-12-08 00:24:50,17787.0,,24,50,6,700.913757,2025-12-08 00:25:50
24,51,6,1503.8,2025-12-08 00:24:51,16733.0,,24,51,6,699.490601,2025-12-08 00:25:51
24,52,6,1330.7,2025-12-08 00:24:52,15729.0,,24,52,6,698.12439,2025-12-08 00:25:52
24,53,6,1334.9,2025-12-08 00:24:53,14728.0,,24,53,6,696.814392,2025-12-08 00:25:53
24,54,6,1343.1,2025-12-08 00:24:54,13662.0,,24,54,6,695.56012,2025-12-08 00:25:54
24,55,6,1352.6,2025-12-08 00:24:55,12661.0,,24,55,6,694.360779,2025-12-08 00:25:55
24,56,6,1313.4,2025-12-08 00:24:56,11651.0,,24,56,6,693.214844,2025-12-08 00:25:56
24,57,6,604.8,2025-12-08 00:24:57,10354.0,,24,57,6,692.119995,2025-12-08 00:25:57
24,58,6,603.6,2025-12-08 00:24:58,9338.0,,24,58,6,691.081116,2025-12-08 00:25:58
24,59,6,610.3,2025-12-08 00:24:59,8337.0,,24,59,6,690.095032,2025-12-08 00:25:59
25,0,6,860.0,2025-12-08 00:25:00,66742.0,,25,0,6,686.0495,2025-12-08 00:26:00
25,1,6,622.9,2025-12-08 00:25:01,65629.0,,25,1,6,694.623474,2025-12-08 00:26:01
25,2,6,613.3,2025-12-08 00:25:02,64559.0,,25,2,6,702.592407,2025-12-08 00:26:02
25,3,6,613.5,2025-12-08 00:25:03,63086.0,,25,3,6,709.75238,2025-12-08 00:26:03
25,4,6,611.6,2025-12-08 00:25:04,62058.0,,25,4,6,715.984558,2025-12-08 00:26:04
25,5,6,610.7,2025-12-08 00:25:05,61058.0,,25,5,6,721.268311,2025-12-08 00:26:05
25,6,6,613.5,2025-12-08 00:25:06,60053.0,,25,6,6,725.638672,2025-12-08 00:26:06
25,7,6,614.3,2025-12-08 00:25:07,59051.0,,25,7,6,729.1604,2025-12-08 00:26:07
25,8,6,614.5,2025-12-08 00:25:08,58044.0,,25,8,6,731.912964,2025-12-08 00:26:08
25,9,6,614.5,2025-12-08 00:25:09,57042.0,,25,9,6,733.980347,2025-12-08 00:26:09
25,10,6,614.0,2025-12-08 00:25:10,56037.0,,25,10,6,735.445374,2025-12-08 00:26:10
25,11,6,615.9,2025-12-08 00:25:11,54952.0,,25,11,6,736.386719,2025-12-08 00:26:11
25,12,6,612.0,2025-12-08 00:25:12,53950.0,,25,12,6,736.876099,2025-12-08 00:26:12
25,13,6,613.8,2025-12-08 00:25:13,52936.0,,25,13,6,736.979187,2025-12-08 00:26:13
25,14,6,616.8,2025-12-08 00:25:14,51934.0,,25,14,6,736.753235,2025-12-08 00:26:14
25,15,6,613.9,2025-12-08 00:25:15,50898.0,,25,15,6,736.249084,2025-12-08 00:26:15
25,16,6,616.5,2025-12-08 00:25:16,49895.0,,25,16,6,735.511719,2025-12-08 00:26:16
25,17,6,613.4,2025-12-08 00:25:17,48893.0,,25,17,6,734.579285,2025-12-08 00:26:17
25,18,6,613.0,2025-12-08 00:25:18,47871.0,,25,18,6,733.485718,2025-12-08 00:26:18
25,19,6,618.8,2025-12-08 00:25:19,46870.0,,25,19,6,732.259583,2025-12-08 00:26:19
25,20,6,618.4,2025-12-08 00:25:20,45868.0,,25,20,6,730.92511,2025-12-08 00:26:20
25,21,6,613.0,2025-12-08 00:25:21,44863.0,,25,21,6,729.50415,2025-12-08 00:26:21
25,22,6,615.2,2025-12-08 00:25:22,43862.0,,25,22,6,728.015747,2025-12-08 00:26:22
25,23,6,616.6,2025-12-08 00:25:23,42859.0,,25,23,6,726.474854,2025-12-08 00:26:23
25,24,6,613.3,2025-12-08 00:25:24,41856.0,,25,24,6,724.895325,2025-12-08 00:26:24
25,25,6,613.6,2025-12-08 00:25:25,40854.0,,25,25,6,723.289062,2025-12-08 00:26:25
25,26,6,618.1,2025-12-08 00:25:26,39842.0,,25,26,6,721.666077,2025-12-08 00:26:26
25,27,6,603.2,2025-12-08 00:25:27,38841.0,,25,27,6,720.034607,2025-12-08 00:26:27
25,28,6,602.3,2025-12-08 00:25:28,37838.0,,25,28,6,718.403931,2025-12-08 00:26:28
25,29,6,500.2,2025-12-08 00:25:29,36837.0,,25,29,6,716.779358,2025-12-08 00:26:29
25,30,6,493.6,2025-12-08 00:25:30,35836.0,,25,30,6,715.174683,2025-12-08 00:26:30
25,31,6,621.1,2025-12-08 00:25:31,34833.0,,25,31,6,713.586975,2025-12-08 00:26:31
25,32,6,518.1,2025-12-08 00:25:32,33826.0,,25,32,6,712.011108,2025-12-08 00:26:32
25,33,6,512.4,2025-12-08 00:25:33,32818.0,,25,33,6,710.466675,2025-12-08 00:26:33
25,34,6,513.1,2025-12-08 00:25:34,31816.0,,25,34,6,708.950256,2025-12-08 00:26:34
25,35,6,510.6,2025-12-08 00:25:35,30815.0,,25,35,6,707.464172,2025-12-08 00:26:35
25,36,6,510.5,2025-12-08 00:25:36,29812.0,,25,36,6,706.010986,2025-12-08 00:26:36
25,37,6,508.5,2025-12-08 00:25:37,28806.0,,25,37,6,704.592529,2025-12-08 00:26:37
25,38,6,508.5,2025-12-08 00:25:38,27803.0,,25,38,6,703.210693,2025-12-08 00:26:38
25,39,6,507.4,2025-12-08 00:25:39,26803.0,,25,39,6,701.866943,2025-12-08 00:26:39
25,40,6,509.2,2025-12-08 00:25:40,25801.0,,25,40,6,700.562561,2025-12-08 00:26:40
25,41,6,516.7,2025-12-08 00:25:41,24798.0,,25,41,6,699.298584,2025-12-08 00:26:41
25,42,6,512.8,2025-12-08 00:25:42,23797.0,,25,42,6,698.075684,2025-12-08 00:26:42
25,43,6,513.6,2025-12-08 00:25:43,22794.0,,25,43,6,696.894958,2025-12-08 00:26:43
25,44,6,518.8,2025-12-08 00:25:44,21791.0,,25,44,6,695.756897,2025-12-08 00:26:44
25,45,6,514.3,2025-12-08 00:25:45,20790.0,,25,45,6,694.661865,2025-12-08 00:26:45
25,46,6,516.0,2025-12-08 00:25:46,19787.0,,25,46,6,693.610352,2025-12-08 00:26:46
25,47,6,538.7,2025-12-08 00:25:47,18785.0,,25,47,6,692.602417,2025-12-08 00:26:47
25,48,6,586.1,2025-12-08 00:25:48,17784.0,,25,48,6,691.637695,2025-12-08 00:26:48
25,49,6,626.7,2025-12-08 00:25:49,16782.0,,25,49,6,690.715637,2025-12-08 00:26:49
25,50,6,635.7,2025-12-08 00:25:50,15781.0,,25,50,6,689.836243,2025-12-08 00:26:50
25,51,6,634.6,2025-12-08 00:25:51,14778.0,,25,51,6,689.000061,2025-12-08 00:26:51
25,52,6,635.8,2025-12-08 00:25:52,13773.0,,25,52,6,688.20697,2025-12-08 00:26:52
25,53,6,634.8,2025-12-08 00:25:53,12772.0,,25,53,6,687.456665,2025-12-08 00:26:53
25,54,6,637.2,2025-12-08 00:25:54,11771.0,,25,54,6,686.748718,2025-12-08 00:26:54
25,55,6,638.3,2025-12-08 00:25:55,10769.0,,25,55,6,686.082703,2025-12-08 00:26:55
25,56,6,636.1,2025-12-08 00:25:56,9767.0,,25,56,6,685.457947,2025-12-08 00:26:56
25,57,6,636.8,2025-12-08 00:25:57,8766.0,,25,57,6,684.874023,2025-12-08 00:26:57
25,58,6,642.6,2025-12-08 00:25:58,7765.0,,25,58,6,684.330139,2025-12-08 00:26:58
25,59,6,640.7,2025-12-08 00:25:59,6764.0,,25,59,6,683.825378,2025-12-08 00:26:59
26,0,6,640.7,2025-12-08 00:26:00,65870.0,,26,0,6,652.079285,2025-12-08 00:27:00
26,1,6,641.1,2025-12-08 00:26:01,64869.0,,26,1,6,653.976868,2025-12-08 00:27:01
26,2,6,641.8,2025-12-08 00:26:02,63867.0,,26,2,6,656.008362,2025-12-08 00:27:02
26,3,6,641.3,2025-12-08 00:26:03,62866.0,,26,3,6,658.102112,2025-12-08 00:27:03
26,4,6,642.9,2025-12-08 00:26:04,61865.0,,26,4,6,660.220154,2025-12-08 00:27:04
26,5,6,641.6,2025-12-08 00:26:05,60864.0,,26,5,6,662.336975,2025-12-08 00:27:05
26,6,6,640.2,2025-12-08 00:26:06,59863.0,,26,6,6,664.435059,2025-12-08 00:27:06
26,7,6,641.8,2025-12-08 00:26:07,58855.0,,26,7,6,666.499817,2025-12-08 00:27:07
26,8,6,642.5,2025-12-08 00:26:08,57853.0,,26,8,6,668.518799,2025-12-08 00:27:08
26,9,6,640.7,2025-12-08 00:26:09,56852.0,,26,9,6,670.48114,2025-12-08 00:27:09
26,10,6,642.7,2025-12-08 00:26:10,55851.0,,26,10,6,672.377441,2025-12-08 00:27:10
26,11,6,640.4,2025-12-08 00:26:11,54849.0,,26,11,6,674.19873,2025-12-08 00:27:11
26,12,6,641.1,2025-12-08 00:26:12,53848.0,,26,12,6,675.937805,2025-12-08 00:27:12
26,13,6,643.6,2025-12-08 00:26:13,52847.0,,26,13,6,677.588257,2025-12-08 00:27:13
26,14,6,644.3,2025-12-08 00:26:14,51845.0,,26,14,6,679.144653,2025-12-08 00:27:14
26,15,6,641.7,2025-12-08 00:26:15,50843.0,,26,15,6,680.603455,2025-12-08 00:27:15
26,16,6,647.7,2025-12-08 00:26:16,49838.0,,26,16,6,681.962036,2025-12-08 00:27:16
26,17,6,641.2,2025-12-08 00:26:17,48832.0,,26,17,6,683.218384,2025-12-08 00:27:17
26,18,6,639.3,2025-12-08 00:26:18,47831.0,,26,18,6,684.372864,2025-12-08 00:27:18
26,19,6,645.4,2025-12-08 00:26:19,46829.0,,26,19,6,685.425842,2025-12-08 00:27:19
26,20,6,652.3,2025-12-08 00:26:20,45826.0,,26,20,6,686.37793,2025-12-08 00:27:20
26,21,6,651.8,2025-12-08 00:26:21,44825.0,,26,21,6,687.231262,2025-12-08 00:27:21
26,22,6,642.5,2025-12-08 00:26:22,43820.0,,26,22,6,687.989136,2025-12-08 00:27:22
26,23,6,654.5,2025-12-08 00:26:23,42815.0,,26,23,6,688.655823,2025-12-08 00:27:23
26,24,6,638.9,2025-12-08 00:26:24,41814.0,,26,24,6,689.233398,2025-12-08 00:27:24
26,25,6,642.3,2025-12-08 00:26:25,40813.0,,26,25,6,689.72821,2025-12-08 00:27:25
26,26,6,648.3,2025-12-08 00:26:26,39812.0,,26,26,6,690.143311,2025-12-08 00:27:26
26,27,6,645.4,2025-12-08 00:26:27,38809.0,,26,27,6,690.482971,2025-12-08 00:27:27
26,28,6,645.7,2025-12-08 00:26:28,37807.0,,26,28,6,690.752625,2025-12-08 00:27:28
26,29,6,646.5,2025-12-08 00:26:29,36805.0,,26,29,6,690.956787,2025-12-08 00:27:29
26,30,6,642.3,2025-12-08 00:26:30,35804.0,,26,30,6,691.100098,2025-12-08 00:27:30
26,31,6,642.9,2025-12-08 00:26:31,34802.0,,26,31,6,691.187805,2025-12-08 00:27:31
26,32,6,641.1,2025-12-08 00:26:32,33799.0,,26,32,6,691.223938,2025-12-08 00:27:32
26,33,6,643.0,2025-12-08 00:26:33,32792.0,,26,33,6,691.213257,2025-12-08 00:27:33
26,34,6,643.1,2025-12-08 00:26:34,31791.0,,26,34,6,691.159729,2025-12-08 00:27:34
26,35,6,643.9,2025-12-08 00:26:35,30790.0,,26,35,6,691.067749,2025-12-08 00:27:35
26,36,6,642.0,2025-12-08 00:26:36,29789.0,,26,36,6,690.941223,2025-12-08 00:27:36
26,37,6,642.7,2025-12-08 00:26:37,28785.0,,26,37,6,690.784058,2025-12-08 00:27:37
26,38,6,645.5,2025-12-08 00:26:38,27783.0,,26,38,6,690.599792,2025-12-08 00:27:38
26,39,6,641.7,2025-12-08 00:26:39,26781.0,,26,39,6,690.391663,2025-12-08 00:27:39
26,40,6,641.4,2025-12-08 00:26:40,25778.0,,26,40,6,690.163208,2025-12-08 00:27:40
26,41,6,641.6,2025-12-08 00:26:41,24777.0,,26,41,6,689.917419,2025-12-08 00:27:41
26,42,6,641.8,2025-12-08 00:26:42,23774.0,,26,42,6,689.656982,2025-12-08 00:27:42
26,43,6,645.7,2025-12-08 00:26:43,22773.0,,26,43,6,689.384521,2025-12-08 00:27:43
26,44,6,647.0,2025-12-08 00:26:44,21771.0,,26,44,6,689.102356,2025-12-08 00:27:44
26,45,6,644.5,2025-12-08 00:26:45,20770.0,,26,45,6,688.812927,2025-12-08 00:27:45
26,46,6,642.8,2025-12-08 00:26:46,19768.0,,26,46,6,688.518433,2025-12-08 00:27:46
26,47,6,644.7,2025-12-08 00:26:47,18767.0,,26,47,6,688.220886,2025-12-08 00:27:47
26,48,6,642.2,2025-12-08 00:26:48,17765.0,,26,48,6,687.921936,2025-12-08 00:27:48
26,49,6,651.3,2025-12-08 00:26:49,16764.0,,26,49,6,687.623291,2025-12-08 00:27:49
26,50,6,643.7,2025-12-08 00:26:50,15763.0,,26,50,6,687.32605,2025-12-08 00:27:50
26,51,6,642.9,2025-12-08 00:26:51,14762.0,,26,51,6,687.032166,2025-12-08 00:27:51
26,52,6,643.2,2025-12-08 00:26:52,13754.0,,26,52,6,686.742798,2025-12-08 00:27:52
26,53,6,642.6,2025-12-08 00:26:53,12753.0,,26,53,6,686.45874,2025-12-08 00:27:53
26,54,6,644.4,2025-12-08 00:26:54,11751.0,,26,54,6,686.181274,2025-12-08 00:27:54
26,55,6,652.9,2025-12-08 00:26:55,10750.0,,26,55,6,685.91095,2025-12-08 00:27:55
26,56,6,645.1,2025-12-08 00:26:56,9748.0,,26,56,6,685.648315,2025-12-08 00:27:56
26,57,6,644.6,2025-12-08 00:26:57,8745.0,,26,57,6,685.394714,2025-12-08 00:27:57
26,58,6,643.8,2025-12-08 00:26:58,7740.0,,26,58,6,685.150391,2025-12-08 00:27:58
26,59,6,642.0,2025-12-08 00:26:59,6739.0,,26,59,6,684.915833,2025-12-08 00:27:59
27,0,6,654.5,2025-12-08 00:27:00,66491.0,,27,0,6,721.993469,2025-12-08 00:28:00
27,1,6,649.9,2025-12-08 00:27:01,65489.0,,27,1,6,745.357483,2025-12-08 00:28:01
27,2,6,646.8,2025-12-08 00:27:02,64487.0,,27,2,6,771.22168,2025-12-08 00:28:02
27,3,6,647.7,2025-12-08 00:27:03,63486.0,,27,3,6,798.526733,2025-12-08 00:28:03
27,4,6,657.1,2025-12-08 00:27:04,62485.0,,27,4,6,826.26001,2025-12-08 00:28:04
27,5,6,645.4,2025-12-08 00:27:05,61484.0,,27,5,6,853.431519,2025-12-08 00:28:05
27,6,6,643.8,2025-12-08 00:27:06,60483.0,,27,6,6,879.079407,2025-12-08 00:28:06
27,7,6,648.8,2025-12-08 00:27:07,59480.0,,27,7,6,902.431458,2025-12-08 00:28:07
27,8,6,643.0,2025-12-08 00:27:08,58480.0,,27,8,6,922.938782,2025-12-08 00:28:08
27,9,6,640.6,2025-12-08 00:27:09,57478.0,,27,9,6,940.296875,2025-12-08 00:28:09
27,10,6,643.5,2025-12-08 00:27:10,56476.0,,27,10,6,954.467712,2025-12-08 00:28:10
27,11,6,641.4,2025-12-08 00:27:11,55475.0,,27,11,6,965.614136,2025-12-08 00:28:11
27,12,6,641.0,2025-12-08 00:27:12,54472.0,,27,12,6,974.019958,2025-12-08 00:28:12
27,13,6,641.6,2025-12-08 00:27:13,53471.0,,27,13,6,980.041321,2025-12-08 00:28:13
27,14,6,645.4,2025-12-08 00:27:14,52469.0,,27,14,6,984.04834,2025-12-08 00:28:14
27,15,6,641.9,2025-12-08 00:27:15,51467.0,,27,15,6,986.393921,2025-12-08 00:28:15
27,16,6,640.6,2025-12-08 00:27:16,50465.0,,27,16,6,987.389587,2025-12-08 00:28:16
27,17,6,646.0,2025-12-08 00:27:17,49464.0,,27,17,6,987.308228,2025-12-08 00:28:17
27,18,6,644.5,2025-12-08 00:27:18,48462.0,,27,18,6,986.379456,2025-12-08 00:28:18
27,19,6,650.3,2025-12-08 00:27:19,47456.0,,27,19,6,984.788086,2025-12-08 00:28:19
27,20,6,648.5,2025-12-08 00:27:20,46454.0,,27,20,6,982.68689,2025-12-08 00:28:20
27,21,6,643.5,2025-12-08 00:27:21,45452.0,,27,21,6,980.195557,2025-12-08 00:28:21
27,22,6,642.2,2025-12-08 00:27:22,44451.0,,27,22,6,977.410889,2025-12-08 00:28:22
27,23,6,644.6,2025-12-08 00:27:23,43449.0,,27,23,6,974.410095,2025-12-08 00:28:23
27,24,6,644.5,2025-12-08 00:27:24,42446.0,,27,24,6,971.253601,2025-12-08 00:28:24
27,25,6,643.2,2025-12-08 00:27:25,41444.0,,27,25,6,967.989197,2025-12-08 00:28:25
27,26,6,644.5,2025-12-08 00:27:26,40443.0,,27,26,6,964.654419,2025-12-08 00:28:26
27,27,6,646.2,2025-12-08 00:27:27,39438.0,,27,27,6,961.278625,2025-12-08 00:28:27
27,28,6,648.0,2025-12-08 00:27:28,38437.0,,27,28,6,957.88501,2025-12-08 00:28:28
27,29,6,650.4,2025-12-08 00:27:29,37435.0,,27,29,6,954.491699,2025-12-08 00:28:29
27,30,6,649.3,2025-12-08 00:27:30,36433.0,,27,30,6,951.112976,2025-12-08 00:28:30
27,31,6,650.8,2025-12-08 00:27:31,35431.0,,27,31,6,947.760437,2025-12-08 00:28:31
27,32,6,650.6,2025-12-08 00:27:32,34396.0,,27,32,6,944.442627,2025-12-08 00:28:32
27,33,6,650.6,2025-12-08 00:27:33,33385.0,,27,33,6,941.166748,2025-12-08 00:28:33
27,34,6,648.6,2025-12-08 00:27:34,32383.0,,27,34,6,937.938232,2025-12-08 00:28:34
27,35,6,648.7,2025-12-08 00:27:35,31380.0,,27,35,6,934.761536,2025-12-08 00:28:35
27,36,6,646.3,2025-12-08 00:27:36,30380.0,,27,36,6,931.639832,2025-12-08 00:28:36
27,37,6,647.7,2025-12-08 00:27:37,29377.0,,27,37,6,928.57605,2025-12-08 00:28:37
27,38,6,649.4,2025-12-08 00:27:38,28372.0,,27,38,6,925.571838,2025-12-08 00:28:38
27,39,6,646.9,2025-12-08 00:27:39,27368.0,,27,39,6,922.628906,2025-12-08 00:28:39
27,40,6,648.0,2025-12-08 00:27:40,26366.0,,27,40,6,919.74884,2025-12-08 00:28:40
27,41,6,648.0,2025-12-08 00:27:41,25364.0,,27,41,6,916.932312,2025-12-08 00:28:41
27,42,6,653.4,2025-12-08 00:27:42,24360.0,,27,42,6,914.180176,2025-12-08 00:28:42
27,43,6,645.1,2025-12-08 00:27:43,23358.0,,27,43,6,911.49292,2025-12-08 00:28:43
27,44,6,644.9,2025-12-08 00:27:44,22355.0,,27,44,6,908.87146,2025-12-08 00:28:44
27,45,6,640.0,2025-12-08 00:27:45,21354.0,,27,45,6,906.31604,2025-12-08 00:28:45
27,46,6,640.3,2025-12-08 00:27:46,20351.0,,27,46,6,903.826904,2025-12-08 00:28:46
27,47,6,644.0,2025-12-08 00:27:47,19348.0,,27,47,6,901.404175,2025-12-08 00:28:47
27,48,6,644.4,2025-12-08 00:27:48,18347.0,,27,48,6,899.047974,2025-12-08 00:28:48
27,49,6,645.3,2025-12-08 00:27:49,17326.0,,27,49,6,896.758423,2025-12-08 00:28:49
27,50,6,648.7,2025-12-08 00:27:50,16325.0,,27,50,6,894.535522,2025-12-08 00:28:50
27,51,6,641.7,2025-12-08 00:27:51,15324.0,,27,51,6,892.379211,2025-12-08 00:28:51
27,52,6,643.6,2025-12-08 00:27:52,14322.0,,27,52,6,890.289551,2025-12-08 00:28:52
27,53,6,641.6,2025-12-08 00:27:53,13321.0,,27,53,6,888.266357,2025-12-08 00:28:53
27,54,6,641.7,2025-12-08 00:27:54,12319.0,,27,54,6,886.309387,2025-12-08 00:28:54
27,55,6,644.7,2025-12-08 00:27:55,11259.0,,27,55,6,884.418274,2025-12-08 00:28:55
27,56,6,641.9,2025-12-08 00:27:56,10247.0,,27,56,6,882.592834,2025-12-08 00:28:56
27,57,6,640.7,2025-12-08 00:27:57,9245.0,,27,57,6,880.83252,2025-12-08 00:28:57
27,58,6,642.6,2025-12-08 00:27:58,8243.0,,27,58,6,879.137024,2025-12-08 00:28:58
27,59,6,643.3,2025-12-08 00:27:59,7239.0,,27,59,6,877.505859,2025-12-08 00:28:59
28,0,6,658.2,2025-12-08 00:28:00,65418.0,,28,0,6,650.743042,2025-12-08 00:29:00
28,1,6,642.9,2025-12-08 00:28:01,64338.0,,28,1,6,652.850464,2025-12-08 00:29:01
28,2,6,643.0,2025-12-08 00:28:02,63258.0,,28,2,6,655.071716,2025-12-08 00:29:02
28,3,6,643.2,2025-12-08 00:28:03,62257.0,,28,3,6,657.345703,2025-12-08 00:29:03
28,4,6,643.5,2025-12-08 00:28:04,61244.0,,28,4,6,659.637939,2025-12-08 00:29:04
28,5,6,657.6,2025-12-08 00:28:05,60241.0,,28,5,6,661.924561,2025-12-08 00:29:05
28,6,6,644.9,2025-12-08 00:28:06,59239.0,,28,6,6,664.185547,2025-12-08 00:29:06
28,7,6,644.5,2025-12-08 00:28:07,58229.0,,28,7,6,666.408325,2025-12-08 00:29:07
28,8,6,645.7,2025-12-08 00:28:08,57216.0,,28,8,6,668.578064,2025-12-08 00:29:08
28,9,6,641.9,2025-12-08 00:28:09,56177.0,,28,9,6,670.682556,2025-12-08 00:29:09
28,10,6,645.5,2025-12-08 00:28:10,55176.0,,28,10,6,672.711548,2025-12-08 00:29:10
28,11,6,646.5,2025-12-08 00:28:11,54172.0,,28,11,6,674.654846,2025-12-08 00:29:11
28,12,6,643.9,2025-12-08 00:28:12,53053.0,,28,12,6,676.504456,2025-12-08 00:29:12
28,13,6,643.4,2025-12-08 00:28:13,52051.0,,28,13,6,678.254028,2025-12-08 00:29:13
28,14,6,643.9,2025-12-08 00:28:14,50908.0,,28,14,6,679.898132,2025-12-08 00:29:14
28,15,6,641.4,2025-12-08 00:28:15,49907.0,,28,15,6,681.4328,2025-12-08 00:29:15
28,16,6,644.1,2025-12-08 00:28:16,48898.0,,28,16,6,682.855896,2025-12-08 00:29:16
28,17,6,641.9,2025-12-08 00:28:17,47898.0,,28,17,6,684.165771,2025-12-08 00:29:17
28,18,6,641.9,2025-12-08 00:28:18,46896.0,,28,18,6,685.362793,2025-12-08 00:29:18
28,19,6,648.8,2025-12-08 00:28:19,45894.0,,28,19,6,686.448059,2025-12-08 00:29:19
28,20,6,647.0,2025-12-08 00:28:20,44888.0,,28,20,6,687.422852,2025-12-08 00:29:20
28,21,6,641.9,2025-12-08 00:28:21,43883.0,,28,21,6,688.290833,2025-12-08 00:29:21
28,22,6,642.5,2025-12-08 00:28:22,42858.0,,28,22,6,689.055969,2025-12-08 00:29:22
28,23,6,645.6,2025-12-08 00:28:23,41852.0,,28,23,6,689.721863,2025-12-08 00:29:23
28,24,6,642.5,2025-12-08 00:28:24,40850.0,,28,24,6,690.292847,2025-12-08 00:29:24
28,25,6,642.0,2025-12-08 00:28:25,39848.0,,28,25,6,690.774353,2025-12-08 00:29:25
28,26,6,640.3,2025-12-08 00:28:26,38847.0,,28,26,6,691.171265,2025-12-08 00:29:26
28,27,6,641.8,2025-12-08 00:28:27,37822.0,,28,27,6,691.489075,2025-12-08 00:29:27
28,28,6,643.9,2025-12-08 00:28:28,36812.0,,28,28,6,691.732727,2025-12-08 00:29:28
28,29,6,654.0,2025-12-08 00:28:29,35806.0,,28,29,6,691.907593,2025-12-08 00:29:29
28,30,6,639.8,2025-12-08 00:28:30,34805.0,,28,30,6,692.018188,2025-12-08 00:29:30
28,31,6,641.8,2025-12-08 00:28:31,33803.0,,28,31,6,692.071594,2025-12-08 00:29:31
28,32,6,641.7,2025-12-08 00:28:32,32798.0,,28,32,6,692.071716,2025-12-08 00:29:32
28,33,6,637.3,2025-12-08 00:28:33,31797.0,,28,33,6,692.02356,2025-12-08 00:29:33
28,34,6,641.5,2025-12-08 00:28:34,30795.0,,28,34,6,691.932129,2025-12-08 00:29:34
28,35,6,642.2,2025-12-08 00:28:35,29793.0,,28,35,6,691.801331,2025-12-08 00:29:35
28,36,6,640.1,2025-12-08 00:28:36,28779.0,,28,36,6,691.63562,2025-12-08 00:29:36
28,37,6,641.5,2025-12-08 00:28:37,27771.0,,28,37,6,691.43927,2025-12-08 00:29:37
28,38,6,642.6,2025-12-08 00:28:38,26771.0,,28,38,6,691.215942,2025-12-08 00:29:38
28,39,6,640.9,2025-12-08 00:28:39,25770.0,,28,39,6,690.969238,2025-12-08 00:29:39
28,40,6,645.7,2025-12-08 00:28:40,24769.0,,28,40,6,690.702637,2025-12-08 00:29:40
28,41,6,641.0,2025-12-08 00:28:41,23768.0,,28,41,6,690.419006,2025-12-08 00:29:41
28,42,6,641.5,2025-12-08 00:28:42,22766.0,,28,42,6,690.121826,2025-12-08 00:29:42
28,43,6,644.6,2025-12-08 00:28:43,21764.0,,28,43,6,689.813599,2025-12-08 00:29:43
28,44,6,643.0,2025-12-08 00:28:44,20763.0,,28,44,6,689.496704,2025-12-08 00:29:44
28,45,6,642.6,2025-12-08 00:28:45,19760.0,,28,45,6,689.173767,2025-12-08 00:29:45
28,46,6,641.1,2025-12-08 00:28:46,18754.0,,28,46,6,688.846924,2025-12-08 00:29:46
28,47,6,646.0,2025-12-08 00:28:47,17749.0,,28,47,6,688.518188,2025-12-08 00:29:47
28,48,6,639.0,2025-12-08 00:28:48,16742.0,,28,48,6,688.189087,2025-12-08 00:29:48
28,49,6,642.2,2025-12-08 00:28:49,15741.0,,28,49,6,687.861938,2025-12-08 00:29:49
28,50,6,639.8,2025-12-08 00:28:50,14740.0,,28,50,6,687.53772,2025-12-08 00:29:50
28,51,6,638.9,2025-12-08 00:28:51,13735.0,,28,51,6,687.218018,2025-12-08 00:29:51
28,52,6,643.5,2025-12-08 00:28:52,12734.0,,28,52,6,686.904053,2025-12-08 00:29:52
28,53,6,641.1,2025-12-08 00:28:53,11730.0,,28,53,6,686.596741,2025-12-08 00:29:53
28,54,6,644.8,2025-12-08 00:28:54,10726.0,,28,54,6,686.29718,2025-12-08 00:29:54
28,55,6,642.7,2025-12-08 00:28:55,9722.0,,28,55,6,686.006165,2025-12-08 00:29:55
28,56,6,642.7,2025-12-08 00:28:56,8722.0,,28,56,6,685.724548,2025-12-08 00:29:56
28,57,6,642.2,2025-12-08 00:28:57,7718.0,,28,57,6,685.452942,2025-12-08 00:29:57
28,58,6,642.2,2025-12-08 00:28:58,6716.0,,28,58,6,685.191833,2025-12-08 00:29:58
28,59,6,643.2,2025-12-08 00:28:59,5715.0,,28,59,6,684.941711,2025-12-08 00:29:59
29,0,6,648.2,2025-12-08 00:29:00,64804.0,,29,0,6,818.985291,2025-12-08 00:30:00
29,1,6,644.1,2025-12-08 00:29:01,63803.0,,29,1,6,834.700317,2025-12-08 00:30:01
29,2,6,642.2,2025-12-08 00:29:02,62797.0,,29,2,6,853.81134,2025-12-08 00:30:02
29,3,6,642.6,2025-12-08 00:29:03,61796.0,,29,3,6,875.77655,2025-12-08 00:30:03
29,4,6,644.7,2025-12-08 00:29:04,60794.0,,29,4,6,900.282532,2025-12-08 00:30:04
29,5,6,641.5,2025-12-08 00:29:05,59792.0,,29,5,6,927.194092,2025-12-08 00:30:05
29,6,6,644.9,2025-12-08 00:29:06,58784.0,,29,6,6,956.523743,2025-12-08 00:30:06
29,7,6,643.8,2025-12-08 00:29:07,57782.0,,29,7,6,988.416748,2025-12-08 00:30:07
29,8,6,640.4,2025-12-08 00:29:08,56761.0,,29,8,6,1023.148743,2025-12-08 00:30:08
29,9,6,641.3,2025-12-08 00:29:09,55758.0,,29,9,6,1061.134277,2025-12-08 00:30:09
29,10,6,647.5,2025-12-08 00:29:10,54756.0,,29,10,6,1102.947998,2025-12-08 00:30:10
29,11,6,640.9,2025-12-08 00:29:11,53754.0,,29,11,6,1149.361206,2025-12-08 00:30:11
29,12,6,639.8,2025-12-08 00:29:12,52753.0,,29,12,6,1201.395142,2025-12-08 00:30:12
29,13,6,641.6,2025-12-08 00:29:13,51750.0,,29,13,6,1260.401001,2025-12-08 00:30:13
29,14,6,642.3,2025-12-08 00:29:14,50749.0,,29,14,6,1328.168457,2025-12-08 00:30:14
29,15,6,639.6,2025-12-08 00:29:15,49748.0,,29,15,6,1407.074829,2025-12-08 00:30:15
29,16,6,640.5,2025-12-08 00:29:16,48738.0,,29,16,6,1500.274048,2025-12-08 00:30:16
29,17,6,640.7,2025-12-08 00:29:17,47735.0,,29,17,6,1611.904541,2025-12-08 00:30:17
29,18,6,639.7,2025-12-08 00:29:18,46731.0,,29,18,6,1747.239502,2025-12-08 00:30:18
29,19,6,646.8,2025-12-08 00:29:19,45730.0,,29,19,6,1912.561523,2025-12-08 00:30:19
29,20,6,647.7,2025-12-08 00:29:20,44727.0,,29,20,6,2114.316162,2025-12-08 00:30:20
29,21,6,643.5,2025-12-08 00:29:21,43725.0,,29,21,6,2356.818115,2025-12-08 00:30:21
29,22,6,644.7,2025-12-08 00:29:22,42724.0,,29,22,6,2637.945312,2025-12-08 00:30:22
29,23,6,647.6,2025-12-08 00:29:23,41724.0,,29,23,6,2943.838623,2025-12-08 00:30:23
29,24,6,643.1,2025-12-08 00:29:24,40723.0,,29,24,6,3247.301514,2025-12-08 00:30:24
29,25,6,640.8,2025-12-08 00:29:25,39721.0,,29,25,6,3516.266846,2025-12-08 00:30:25
29,26,6,639.9,2025-12-08 00:29:26,38720.0,,29,26,6,3729.332031,2025-12-08 00:30:26
29,27,6,640.9,2025-12-08 00:29:27,37719.0,,29,27,6,3883.738525,2025-12-08 00:30:27
29,28,6,641.2,2025-12-08 00:29:28,36718.0,,29,28,6,3989.830322,2025-12-08 00:30:28
29,29,6,639.5,2025-12-08 00:29:29,35717.0,,29,29,6,4061.34082,2025-12-08 00:30:29
29,30,6,639.1,2025-12-08 00:29:30,34716.0,,29,30,6,4109.770508,2025-12-08 00:30:30
29,31,6,639.9,2025-12-08 00:29:31,33716.0,,29,31,6,4143.14502,2025-12-08 00:30:31
29,32,6,638.5,2025-12-08 00:29:32,32715.0,,29,32,6,4166.652344,2025-12-08 00:30:32
29,33,6,639.8,2025-12-08 00:29:33,31714.0,,29,33,6,4183.577637,2025-12-08 00:30:33
29,34,6,642.2,2025-12-08 00:29:34,30713.0,,29,34,6,4196.011719,2025-12-08 00:30:34
29,35,6,638.9,2025-12-08 00:29:35,29712.0,,29,35,6,4205.30957,2025-12-08 00:30:35
29,36,6,642.5,2025-12-08 00:29:36,28711.0,,29,36,6,4212.373535,2025-12-08 00:30:36
29,37,6,641.5,2025-12-08 00:29:37,27710.0,,29,37,6,4217.814453,2025-12-08 00:30:37
29,38,6,641.8,2025-12-08 00:29:38,26708.0,,29,38,6,4222.058105,2025-12-08 00:30:38
29,39,6,757.6,2025-12-08 00:29:39,25707.0,,29,39,6,4225.403809,2025-12-08 00:30:39
29,40,6,743.3,2025-12-08 00:29:40,24706.0,,29,40,6,4228.068359,2025-12-08 00:30:40
29,41,6,739.3,2025-12-08 00:29:41,23702.0,,29,41,6,4230.209961,2025-12-08 00:30:41
29,42,6,739.9,2025-12-08 00:29:42,22693.0,,29,42,6,4231.946289,2025-12-08 00:30:42
29,43,6,741.5,2025-12-08 00:29:43,21691.0,,29,43,6,4233.36377,2025-12-08 00:30:43
29,44,6,738.7,2025-12-08 00:29:44,20690.0,,29,44,6,4234.530273,2025-12-08 00:30:44
29,45,6,735.5,2025-12-08 00:29:45,19688.0,,29,45,6,4235.495117,2025-12-08 00:30:45
29,46,6,737.6,2025-12-08 00:29:46,18685.0,,29,46,6,4236.29834,2025-12-08 00:30:46
29,47,6,737.2,2025-12-08 00:29:47,17684.0,,29,47,6,4236.971191,2025-12-08 00:30:47
29,48,6,735.6,2025-12-08 00:29:48,16683.0,,29,48,6,4237.537109,2025-12-08 00:30:48
29,49,6,729.6,2025-12-08 00:29:49,15670.0,,29,49,6,4238.015625,2025-12-08 00:30:49
29,50,6,728.7,2025-12-08 00:29:50,14670.0,,29,50,6,4238.422852,2025-12-08 00:30:50
29,51,6,731.5,2025-12-08 00:29:51,13668.0,,29,51,6,4238.769043,2025-12-08 00:30:51
29,52,6,731.0,2025-12-08 00:29:52,12667.0,,29,52,6,4239.066895,2025-12-08 00:30:52
29,53,6,729.1,2025-12-08 00:29:53,11665.0,,29,53,6,4239.321289,2025-12-08 00:30:53
29,54,6,730.1,2025-12-08 00:29:54,10663.0,,29,54,6,4239.54248,2025-12-08 00:30:54
29,55,6,731.8,2025-12-08 00:29:55,9657.0,,29,55,6,4239.73291,2025-12-08 00:30:55
29,56,6,728.6,2025-12-08 00:29:56,8654.0,,29,56,6,4239.898926,2025-12-08 00:30:56
29,57,6,729.6,2025-12-08 00:29:57,7647.0,,29,57,6,4240.042969,2025-12-08 00:30:57
29,58,6,780.2,2025-12-08 00:29:58,6646.0,,29,58,6,4240.167969,2025-12-08 00:30:58
29,59,6,747.8,2025-12-08 00:29:59,5643.0,,29,59,6,4240.27832,2025-12-08 00:30:59
30,0,6,741.2,2025-12-08 00:30:00,166627.0,,30,0,6,1225.692993,2025-12-08 00:31:00
30,1,6,740.6,2025-12-08 00:30:01,165624.0,,30,1,6,1236.960449,2025-12-08 00:31:01
30,2,6,740.0,2025-12-08 00:30:02,164570.0,,30,2,6,1253.302612,2025-12-08 00:31:02
30,3,6,740.9,2025-12-08 00:30:03,163566.0,,30,3,6,1275.109009,2025-12-08 00:31:03
30,4,6,746.9,2025-12-08 00:30:04,162565.0,,30,4,6,1302.848022,2025-12-08 00:31:04
30,5,6,745.0,2025-12-08 00:30:05,161561.0,,30,5,6,1337.212524,2025-12-08 00:31:05
30,6,6,744.9,2025-12-08 00:30:06,160558.0,,30,6,6,1379.182007,2025-12-08 00:31:06
30,7,6,745.3,2025-12-08 00:30:07,159556.0,,30,7,6,1430.111084,2025-12-08 00:31:07
30,8,6,743.2,2025-12-08 00:30:08,158554.0,,30,8,6,1491.849976,2025-12-08 00:31:08
30,9,6,745.3,2025-12-08 00:30:09,157552.0,,30,9,6,1566.903442,2025-12-08 00:31:09
30,10,6,746.4,2025-12-08 00:30:10,156551.0,,30,10,6,1658.621704,2025-12-08 00:31:10
30,11,6,745.0,2025-12-08 00:30:11,155550.0,,30,11,6,1771.378906,2025-12-08 00:31:11
30,12,6,744.0,2025-12-08 00:30:12,154548.0,,30,12,6,1910.625732,2025-12-08 00:31:12
30,13,6,745.0,2025-12-08 00:30:13,153540.0,,30,13,6,2082.5271,2025-12-08 00:31:13
30,14,6,745.1,2025-12-08 00:30:14,152536.0,,30,14,6,2292.631348,2025-12-08 00:31:14
30,15,6,747.3,2025-12-08 00:30:15,151533.0,,30,15,6,2542.846924,2025-12-08 00:31:15
30,16,6,745.9,2025-12-08 00:30:16,150532.0,,30,16,6,2826.516113,2025-12-08 00:31:16
30,17,6,751.2,2025-12-08 00:30:17,149529.0,,30,17,6,3123.963379,2025-12-08 00:31:17
30,18,6,744.5,2025-12-08 00:30:18,148528.0,,30,18,6,3404.841553,2025-12-08 00:31:18
30,19,6,749.1,2025-12-08 00:30:19,147524.0,,30,19,6,3640.963623,2025-12-08 00:31:19
30,20,6,752.2,2025-12-08 00:30:20,146520.0,,30,20,6,3819.864746,2025-12-08 00:31:20
30,21,6,751.1,2025-12-08 00:30:21,145517.0,,30,21,6,3945.91748,2025-12-08 00:31:21
30,22,6,752.7,2025-12-08 00:30:22,144514.0,,30,22,6,4031.591797,2025-12-08 00:31:22
30,23,6,744.4,2025-12-08 00:30:23,143504.0,,30,23,6,4089.457764,2025-12-08 00:31:23
30,24,6,743.0,2025-12-08 00:30:24,142503.0,,30,24,6,4129.011719,2025-12-08 00:31:24
30,25,6,754.6,2025-12-08 00:30:25,141500.0,,30,25,6,4156.599121,2025-12-08 00:31:25
30,26,6,743.6,2025-12-08 00:30:26,140499.0,,30,26,6,4176.271484,2025-12-08 00:31:26
30,27,6,741.5,2025-12-08 00:30:27,139498.0,,30,27,6,4190.596191,2025-12-08 00:31:27
30,28,6,746.7,2025-12-08 00:30:28,138495.0,,30,28,6,4201.225098,2025-12-08 00:31:28
30,29,6,745.9,2025-12-08 00:30:29,137494.0,,30,29,6,4209.245605,2025-12-08 00:31:29
30,30,6,1025.5,2025-12-08 00:30:30,136493.0,,30,30,6,4215.385254,2025-12-08 00:31:30
30,31,6,1078.4,2025-12-08 00:30:31,135490.0,,30,31,6,4220.137207,2025-12-08 00:31:31
30,32,6,948.0,2025-12-08 00:30:32,134486.0,,30,32,6,4223.861816,2025-12-08 00:31:32
30,33,6,957.5,2025-12-08 00:30:33,133485.0,,30,33,6,4226.820801,2025-12-08 00:31:33
30,34,6,1032.8,2025-12-08 00:30:34,132483.0,,30,34,6,4229.189453,2025-12-08 00:31:34
30,35,6,959.7,2025-12-08 00:30:35,131481.0,,30,35,6,4231.101074,2025-12-08 00:31:35
30,36,6,1005.1,2025-12-08 00:30:36,130479.0,,30,36,6,4232.660645,2025-12-08 00:31:36
30,37,6,1032.3,2025-12-08 00:30:37,129466.0,,30,37,6,4233.939941,2025-12-08 00:31:37
30,38,6,1059.5,2025-12-08 00:30:38,128464.0,,30,38,6,4234.999023,2025-12-08 00:31:38
30,39,6,1084.0,2025-12-08 00:30:39,127463.0,,30,39,6,4235.880371,2025-12-08 00:31:39
30,40,6,1108.1,2025-12-08 00:30:40,126460.0,,30,40,6,4236.620117,2025-12-08 00:31:40
30,41,6,1129.7,2025-12-08 00:30:41,125460.0,,30,41,6,4237.242676,2025-12-08 00:31:41
30,42,6,1146.0,2025-12-08 00:30:42,124458.0,,30,42,6,4237.770508,2025-12-08 00:31:42
30,43,6,1162.9,2025-12-08 00:30:43,123457.0,,30,43,6,4238.219727,2025-12-08 00:31:43
30,44,6,1177.8,2025-12-08 00:30:44,122455.0,,30,44,6,4238.602051,2025-12-08 00:31:44
30,45,6,1182.4,2025-12-08 00:30:45,121454.0,,30,45,6,4238.929199,2025-12-08 00:31:45
30,46,6,1188.7,2025-12-08 00:30:46,120451.0,,30,46,6,4239.208984,2025-12-08 00:31:46
30,47,6,1191.4,2025-12-08 00:30:47,119447.0,,30,47,6,4239.448242,2025-12-08 00:31:47
30,48,6,1191.9,2025-12-08 00:30:48,118445.0,,30,48,6,4239.654785,2025-12-08 00:31:48
30,49,6,1192.9,2025-12-08 00:30:49,117441.0,,30,49,6,4239.830566,2025-12-08 00:31:49
30,50,6,1195.2,2025-12-08 00:30:50,116439.0,,30,50,6,4239.98291,2025-12-08 00:31:50
30,51,6,1192.0,2025-12-08 00:30:51,115438.0,,30,51,6,4240.114258,2025-12-08 00:31:51
30,52,6,1204.3,2025-12-08 00:30:52,114425.0,,30,52,6,4240.228516,2025-12-08 00:31:52
30,53,6,1203.2,2025-12-08 00:30:53,113424.0,,30,53,6,4240.32666,2025-12-08 00:31:53
30,54,6,1191.8,2025-12-08 00:30:54,112422.0,,30,54,6,4240.413574,2025-12-08 00:31:54
30,55,6,1193.5,2025-12-08 00:30:55,111421.0,,30,55,6,4240.489746,2025-12-08 00:31:55
30,56,6,1195.2,2025-12-08 00:30:56,110416.0,,30,56,6,4240.556641,2025-12-08 00:31:56
30,57,6,1193.4,2025-12-08 00:30:57,109380.0,,30,57,6,4240.617676,2025-12-08 00:31:57
30,58,6,1196.3,2025-12-08 00:30:58,108377.0,,30,58,6,4240.671387,2025-12-08 00:31:58
30,59,6,1194.6,2025-12-08 00:30:59,107373.0,,30,59,6,4240.721191,2025-12-08 00:31:59
31,0,6,1224.3,2025-12-08 00:32:00,62190.0,,31,0,6,1244.647827,2025-12-08 00:33:00
31,1,6,1227.0,2025-12-08 00:32:01,61189.0,,31,1,6,1255.187012,2025-12-08 00:33:01
31,2,6,1225.4,2025-12-08 00:32:02,60187.0,,31,2,6,1270.141235,2025-12-08 00:33:02
31,3,6,1222.9,2025-12-08 00:32:03,59186.0,,31,3,6,1289.912354,2025-12-08 00:33:03
31,4,6,1223.4,2025-12-08 00:32:04,58183.0,,31,4,6,1314.933472,2025-12-08 00:33:04
31,5,6,1220.6,2025-12-08 00:32:05,57182.0,,31,5,6,1345.821167,2025-12-08 00:33:05
31,6,6,1219.8,2025-12-08 00:32:06,56180.0,,31,6,6,1383.442749,2025-12-08 00:33:06
31,7,6,1223.3,2025-12-08 00:32:07,55178.0,,31,7,6,1428.966919,2025-12-08 00:33:07
31,8,6,1217.1,2025-12-08 00:32:08,54175.0,,31,8,6,1483.967407,2025-12-08 00:33:08
31,9,6,1217.2,2025-12-08 00:32:09,53169.0,,31,9,6,1550.590332,2025-12-08 00:33:09
31,10,6,1219.4,2025-12-08 00:32:10,52168.0,,31,10,6,1631.669678,2025-12-08 00:33:10
31,11,6,1219.3,2025-12-08 00:32:11,51166.0,,31,11,6,1730.949585,2025-12-08 00:33:11
31,12,6,1215.3,2025-12-08 00:32:12,50164.0,,31,12,6,1853.227051,2025-12-08 00:33:12
31,13,6,1239.7,2025-12-08 00:32:13,49158.0,,31,13,6,2004.266602,2025-12-08 00:33:13
31,14,6,1218.0,2025-12-08 00:32:14,48155.0,,31,14,6,2190.030029,2025-12-08 00:33:14
31,15,6,1219.2,2025-12-08 00:32:15,47153.0,,31,15,6,2414.983398,2025-12-08 00:33:15
31,16,6,1219.5,2025-12-08 00:32:16,46152.0,,31,16,6,2677.970459,2025-12-08 00:33:16
31,17,6,1226.3,2025-12-08 00:32:17,45151.0,,31,17,6,2967.241211,2025-12-08 00:33:17
31,18,6,1221.0,2025-12-08 00:32:18,44149.0,,31,18,6,3258.008057,2025-12-08 00:33:18
31,19,6,1224.7,2025-12-08 00:32:19,43147.0,,31,19,6,3519.387939,2025-12-08 00:33:19
31,20,6,1224.6,2025-12-08 00:32:20,42147.0,,31,20,6,3729.158936,2025-12-08 00:33:20
31,21,6,1223.7,2025-12-08 00:32:21,41145.0,,31,21,6,3882.743164,2025-12-08 00:33:21
31,22,6,1224.9,2025-12-08 00:32:22,40144.0,,31,22,6,3988.982178,2025-12-08 00:33:22
31,23,6,1221.9,2025-12-08 00:32:23,39143.0,,31,23,6,4060.847168,2025-12-08 00:33:23
31,24,6,1218.2,2025-12-08 00:32:24,38142.0,,31,24,6,4109.570801,2025-12-08 00:33:24
31,25,6,1223.2,2025-12-08 00:32:25,37140.0,,31,25,6,4143.132324,2025-12-08 00:33:25
31,26,6,1241.5,2025-12-08 00:32:26,36139.0,,31,26,6,4166.73877,2025-12-08 00:33:26
31,27,6,1222.4,2025-12-08 00:32:27,35137.0,,31,27,6,4183.703125,2025-12-08 00:33:27
31,28,6,1229.2,2025-12-08 00:32:28,34136.0,,31,28,6,4196.131348,2025-12-08 00:33:28
31,29,6,1231.7,2025-12-08 00:32:29,33132.0,,31,29,6,4205.401367,2025-12-08 00:33:29
31,30,6,1218.7,2025-12-08 00:32:30,32130.0,,31,30,6,4212.424805,2025-12-08 00:33:30
31,31,6,1220.1,2025-12-08 00:32:31,31128.0,,31,31,6,4217.824219,2025-12-08 00:33:31
31,32,6,1208.7,2025-12-08 00:32:32,30127.0,,31,32,6,4222.027832,2025-12-08 00:33:32
31,33,6,1209.5,2025-12-08 00:32:33,29126.0,,31,33,6,4225.341309,2025-12-08 00:33:33
31,34,6,1212.1,2025-12-08 00:32:34,28121.0,,31,34,6,4227.980469,2025-12-08 00:33:34
31,35,6,1205.0,2025-12-08 00:32:35,27120.0,,31,35,6,4230.105469,2025-12-08 00:33:35
31,36,6,1205.0,2025-12-08 00:32:36,26118.0,,31,36,6,4231.83252,2025-12-08 00:33:36
31,37,6,1208.3,2025-12-08 00:32:37,25117.0,,31,37,6,4233.249023,2025-12-08 00:33:37
31,38,6,1214.0,2025-12-08 00:32:38,24116.0,,31,38,6,4234.419434,2025-12-08 00:33:38
31,39,6,1214.6,2025-12-08 00:32:39,23115.0,,31,39,6,4235.393555,2025-12-08 00:33:39
31,40,6,1208.6,2025-12-08 00:32:40,22113.0,,31,40,6,4236.210449,2025-12-08 00:33:40
31,41,6,1217.6,2025-12-08 00:32:41,21112.0,,31,41,6,4236.897949,2025-12-08 00:33:41
31,42,6,1207.5,2025-12-08 00:32:42,20109.0,,31,42,6,4237.47998,2025-12-08 00:33:42
31,43,6,1213.9,2025-12-08 00:32:43,19107.0,,31,43,6,4237.974609,2025-12-08 00:33:43
31,44,6,1206.6,2025-12-08 00:32:44,18100.0,,31,44,6,4238.394531,2025-12-08 00:33:44
31,45,6,1207.1,2025-12-08 00:32:45,17096.0,,31,45,6,4238.75293,2025-12-08 00:33:45
31,46,6,1211.8,2025-12-08 00:32:46,16093.0,,31,46,6,4239.059082,2025-12-08 00:33:46
31,47,6,1226.4,2025-12-08 00:32:47,15090.0,,31,47,6,4239.321289,2025-12-08 00:33:47
31,48,6,1206.6,2025-12-08 00:32:48,14089.0,,31,48,6,4239.54541,2025-12-08 00:33:48
31,49,6,1215.3,2025-12-08 00:32:49,13088.0,,31,49,6,4239.737305,2025-12-08 00:33:49
31,50,6,1207.0,2025-12-08 00:32:50,12087.0,,31,50,6,4239.901855,2025-12-08 00:33:50
31,51,6,1208.5,2025-12-08 00:32:51,11085.0,,31,51,6,4240.044922,2025-12-08 00:33:51
31,52,6,1208.2,2025-12-08 00:32:52,10082.0,,31,52,6,4240.166992,2025-12-08 00:33:52
31,53,6,1210.7,2025-12-08 00:32:53,9079.0,,31,53,6,4240.273438,2025-12-08 00:33:53
31,54,6,1208.2,2025-12-08 00:32:54,8077.0,,31,54,6,4240.366211,2025-12-08 00:33:54
31,55,6,1222.1,2025-12-08 00:32:55,7073.0,,31,55,6,4240.447754,2025-12-08 00:33:55
31,56,6,1209.9,2025-12-08 00:32:56,6061.0,,31,56,6,4240.519043,2025-12-08 00:33:56
31,57,6,1208.1,2025-12-08 00:32:57,5060.0,,31,57,6,4240.583496,2025-12-08 00:33:57
31,58,6,1209.1,2025-12-08 00:32:58,4057.0,,31,58,6,4240.640625,2025-12-08 00:33:58
31,59,6,1206.8,2025-12-08 00:32:59,3055.0,,31,59,6,4240.692383,2025-12-08 00:33:59
32,0,6,1210.4,2025-12-08 00:33:00,62162.0,,32,0,6,1367.169312,2025-12-08 00:34:00
32,1,6,1206.8,2025-12-08 00:33:01,61160.0,,32,1,6,1363.871582,2025-12-08 00:34:01
32,2,6,1209.1,2025-12-08 00:33:02,60157.0,,32,2,6,1362.797974,2025-12-08 00:34:02
32,3,6,1208.2,2025-12-08 00:33:03,59154.0,,32,3,6,1364.120239,2025-12-08 00:34:03
32,4,6,1272.5,2025-12-08 00:33:04,58149.0,,32,4,6,1368.098755,2025-12-08 00:34:04
32,5,6,1296.5,2025-12-08 00:33:05,57148.0,,32,5,6,1374.702148,2025-12-08 00:34:05
32,6,6,1299.8,2025-12-08 00:33:06,56147.0,,32,6,6,1384.423462,2025-12-08 00:34:06
32,7,6,1284.8,2025-12-08 00:33:07,55146.0,,32,7,6,1397.765747,2025-12-08 00:34:07
32,8,6,1283.1,2025-12-08 00:33:08,54143.0,,32,8,6,1415.325317,2025-12-08 00:34:08
32,9,6,1282.0,2025-12-08 00:33:09,53142.0,,32,9,6,1437.666504,2025-12-08 00:34:09
32,10,6,1291.4,2025-12-08 00:33:10,52141.0,,32,10,6,1465.565552,2025-12-08 00:34:10
32,11,6,1286.0,2025-12-08 00:33:11,51140.0,,32,11,6,1499.962524,2025-12-08 00:34:11
32,12,6,1281.1,2025-12-08 00:33:12,50139.0,,32,12,6,1542.223755,2025-12-08 00:34:12
32,13,6,1284.7,2025-12-08 00:33:13,49136.0,,32,13,6,1594.065186,2025-12-08 00:34:13
32,14,6,1282.3,2025-12-08 00:33:14,48134.0,,32,14,6,1657.712769,2025-12-08 00:34:14
32,15,6,1293.9,2025-12-08 00:33:15,47114.0,,32,15,6,1736.195801,2025-12-08 00:34:15
32,16,6,1284.7,2025-12-08 00:33:16,46113.0,,32,16,6,1833.333374,2025-12-08 00:34:16
32,17,6,1282.7,2025-12-08 00:33:17,45110.0,,32,17,6,1954.150635,2025-12-08 00:34:17
32,18,6,1287.8,2025-12-08 00:33:18,44109.0,,32,18,6,2104.36792,2025-12-08 00:34:18
32,19,6,1296.9,2025-12-08 00:33:19,43108.0,,32,19,6,2289.697754,2025-12-08 00:34:19
32,20,6,1290.7,2025-12-08 00:33:20,42104.0,,32,20,6,2513.687988,2025-12-08 00:34:20
32,21,6,1291.1,2025-12-08 00:33:21,41102.0,,32,21,6,2773.755859,2025-12-08 00:34:21
32,22,6,1293.9,2025-12-08 00:33:22,40101.0,,32,22,6,3056.029785,2025-12-08 00:34:22
32,23,6,1281.3,2025-12-08 00:33:23,39100.0,,32,23,6,3334.474365,2025-12-08 00:34:23
32,24,6,1283.6,2025-12-08 00:33:24,38098.0,,32,24,6,3579.653564,2025-12-08 00:34:24
32,25,6,1288.1,2025-12-08 00:33:25,37097.0,,32,25,6,3772.98291,2025-12-08 00:34:25
32,26,6,1292.5,2025-12-08 00:33:26,36096.0,,32,26,6,3913.000244,2025-12-08 00:34:26
32,27,6,1289.0,2025-12-08 00:33:27,35094.0,,32,27,6,4009.501221,2025-12-08 00:34:27
32,28,6,1286.8,2025-12-08 00:33:28,34091.0,,32,28,6,4074.870605,2025-12-08 00:34:28
32,29,6,1283.2,2025-12-08 00:33:29,33087.0,,32,29,6,4119.367676,2025-12-08 00:34:29
32,30,6,1287.6,2025-12-08 00:33:30,32085.0,,32,30,6,4150.15332,2025-12-08 00:34:30
32,31,6,1288.8,2025-12-08 00:33:31,31081.0,,32,31,6,4171.890625,2025-12-08 00:34:31
32,32,6,1286.0,2025-12-08 00:33:32,30080.0,,32,32,6,4187.549805,2025-12-08 00:34:32
32,33,6,1285.7,2025-12-08 00:33:33,29078.0,,32,33,6,4199.04248,2025-12-08 00:34:33
32,34,6,1288.3,2025-12-08 00:33:34,28076.0,,32,34,6,4207.619629,2025-12-08 00:34:34
32,35,6,1300.8,2025-12-08 00:33:35,27072.0,,32,35,6,4214.119629,2025-12-08 00:34:35
32,36,6,1287.6,2025-12-08 00:33:36,26070.0,,32,36,6,4219.115723,2025-12-08 00:34:36
32,37,6,1285.6,2025-12-08 00:33:37,25069.0,,32,37,6,4223.009766,2025-12-08 00:34:37
32,38,6,1283.8,2025-12-08 00:33:38,24066.0,,32,38,6,4226.083496,2025-12-08 00:34:38
32,39,6,1288.5,2025-12-08 00:33:39,23065.0,,32,39,6,4228.540527,2025-12-08 00:34:39
32,40,6,1285.7,2025-12-08 00:33:40,22064.0,,32,40,6,4230.527832,2025-12-08 00:34:40
32,41,6,1287.5,2025-12-08 00:33:41,21060.0,,32,41,6,4232.152344,2025-12-08 00:34:41
32,42,6,1287.8,2025-12-08 00:33:42,20059.0,,32,42,6,4233.494141,2025-12-08 00:34:42
32,43,6,1286.0,2025-12-08 00:33:43,19058.0,,32,43,6,4234.611328,2025-12-08 00:34:43
32,44,6,1354.2,2025-12-08 00:33:44,18048.0,,32,44,6,4235.54834,2025-12-08 00:34:44
32,45,6,1361.3,2025-12-08 00:33:45,17039.0,,32,45,6,4236.340332,2025-12-08 00:34:45
32,46,6,1363.5,2025-12-08 00:33:46,16038.0,,32,46,6,4237.012695,2025-12-08 00:34:46
32,47,6,1365.3,2025-12-08 00:33:47,15033.0,,32,47,6,4237.584473,2025-12-08 00:34:47
32,48,6,1363.3,2025-12-08 00:33:48,14031.0,,32,48,6,4238.072266,2025-12-08 00:34:48
32,49,6,1365.8,2025-12-08 00:33:49,13026.0,,32,49,6,4238.486328,2025-12-08 00:34:49
32,50,6,1363.0,2025-12-08 00:33:50,12020.0,,32,50,6,4238.838867,2025-12-08 00:34:50
32,51,6,1364.9,2025-12-08 00:33:51,11018.0,,32,51,6,4239.138184,2025-12-08 00:34:51
32,52,6,1371.4,2025-12-08 00:33:52,10015.0,,32,52,6,4239.393555,2025-12-08 00:34:52
32,53,6,1364.6,2025-12-08 00:33:53,9014.0,,32,53,6,4239.609375,2025-12-08 00:34:53
32,54,6,1365.6,2025-12-08 00:33:54,8012.0,,32,54,6,4239.792969,2025-12-08 00:34:54
32,55,6,1373.5,2025-12-08 00:33:55,7011.0,,32,55,6,4239.949707,2025-12-08 00:34:55
32,56,6,1375.1,2025-12-08 00:33:56,6009.0,,32,56,6,4240.083496,2025-12-08 00:34:56
32,57,6,1367.1,2025-12-08 00:33:57,5009.0,,32,57,6,4240.198242,2025-12-08 00:34:57
32,58,6,1368.8,2025-12-08 00:33:58,4007.0,,32,58,6,4240.297852,2025-12-08 00:34:58
32,59,6,1370.4,2025-12-08 00:33:59,3006.0,,32,59,6,4240.384766,2025-12-08 00:34:59
33,0,6,1376.1,2025-12-08 00:34:00,72146.0,,33,0,6,1471.294678,2025-12-08 00:35:00
33,1,6,1370.9,2025-12-08 00:34:01,71144.0,,33,1,6,1469.473755,2025-12-08 00:35:01
33,2,6,1365.1,2025-12-08 00:34:02,70140.0,,33,2,6,1468.573853,2025-12-08 00:35:02
33,3,6,1368.5,2025-12-08 00:34:03,69138.0,,33,3,6,1468.730957,2025-12-08 00:35:03
33,4,6,1368.2,2025-12-08 00:34:04,68135.0,,33,4,6,1470.03125,2025-12-08 00:35:04
33,5,6,1376.4,2025-12-08 00:34:05,67134.0,,33,5,6,1472.713501,2025-12-08 00:35:05
33,6,6,1371.0,2025-12-08 00:34:06,66133.0,,33,6,6,1476.933228,2025-12-08 00:35:06
33,7,6,1373.5,2025-12-08 00:34:07,65131.0,,33,7,6,1483.079956,2025-12-08 00:35:07
33,8,6,1370.3,2025-12-08 00:34:08,64119.0,,33,8,6,1491.379517,2025-12-08 00:35:08
33,9,6,1367.6,2025-12-08 00:34:09,63057.0,,33,9,6,1502.222656,2025-12-08 00:35:09
33,10,6,1369.0,2025-12-08 00:34:10,61812.0,,33,10,6,1516.015137,2025-12-08 00:35:10
33,11,6,1376.7,2025-12-08 00:34:11,60752.0,,33,11,6,1533.225952,2025-12-08 00:35:11
33,12,6,1370.3,2025-12-08 00:34:12,59750.0,,33,12,6,1554.435669,2025-12-08 00:35:12
33,13,6,1376.4,2025-12-08 00:34:13,58670.0,,33,13,6,1580.640869,2025-12-08 00:35:13
33,14,6,1372.5,2025-12-08 00:34:14,57556.0,,33,14,6,1612.8125,2025-12-08 00:35:14
33,15,6,1370.2,2025-12-08 00:34:15,56525.0,,33,15,6,1652.471436,2025-12-08 00:35:15
33,16,6,1368.4,2025-12-08 00:34:16,55489.0,,33,16,6,1701.437988,2025-12-08 00:35:16
33,17,6,1369.1,2025-12-08 00:34:17,54425.0,,33,17,6,1762.087646,2025-12-08 00:35:17
33,18,6,1368.3,2025-12-08 00:34:18,53397.0,,33,18,6,1837.480347,2025-12-08 00:35:18
33,19,6,1377.1,2025-12-08 00:34:19,52390.0,,33,19,6,1931.594116,2025-12-08 00:35:19
33,20,6,1375.7,2025-12-08 00:34:20,51389.0,,33,20,6,2049.243652,2025-12-08 00:35:20
33,21,6,1377.2,2025-12-08 00:34:21,50310.0,,33,21,6,2196.19165,2025-12-08 00:35:21
33,22,6,1372.6,2025-12-08 00:34:22,49308.0,,33,22,6,2377.899658,2025-12-08 00:35:22
33,23,6,1380.5,2025-12-08 00:34:23,48289.0,,33,23,6,2597.442627,2025-12-08 00:35:23
33,24,6,1453.6,2025-12-08 00:34:24,47179.0,,33,24,6,2851.133789,2025-12-08 00:35:24
33,25,6,1465.0,2025-12-08 00:34:25,46175.0,,33,25,6,3123.830078,2025-12-08 00:35:25
33,26,6,1460.2,2025-12-08 00:34:26,45174.0,,33,26,6,3390.036865,2025-12-08 00:35:26
33,27,6,1459.3,2025-12-08 00:34:27,44172.0,,33,27,6,3622.016602,2025-12-08 00:35:27
33,28,6,1460.7,2025-12-08 00:34:28,43155.0,,33,28,6,3803.520264,2025-12-08 00:35:28
33,29,6,1462.5,2025-12-08 00:34:29,42147.0,,33,29,6,3934.44165,2025-12-08 00:35:29
33,30,6,1469.9,2025-12-08 00:34:30,41138.0,,33,30,6,4024.585449,2025-12-08 00:35:30
33,31,6,1476.9,2025-12-08 00:34:31,40133.0,,33,31,6,4085.689453,2025-12-08 00:35:31
33,32,6,1475.9,2025-12-08 00:34:32,38550.0,,33,32,6,4127.304688,2025-12-08 00:35:32
33,33,6,1472.3,2025-12-08 00:34:33,37544.0,,33,33,6,4156.072754,2025-12-08 00:35:33
33,34,6,1465.4,2025-12-08 00:34:34,36539.0,,33,34,6,4176.338867,2025-12-08 00:35:34
33,35,6,1468.3,2025-12-08 00:34:35,35534.0,,33,35,6,4190.895996,2025-12-08 00:35:35
33,36,6,1465.5,2025-12-08 00:34:36,34529.0,,33,36,6,4201.55127,2025-12-08 00:35:36
33,37,6,1466.6,2025-12-08 00:34:37,33521.0,,33,37,6,4209.488281,2025-12-08 00:35:37
33,38,6,1472.5,2025-12-08 00:34:38,32492.0,,33,38,6,4215.499023,2025-12-08 00:35:38
33,39,6,1468.4,2025-12-08 00:34:39,31485.0,,33,39,6,4220.124023,2025-12-08 00:35:39
33,40,6,1469.7,2025-12-08 00:34:40,30433.0,,33,40,6,4223.737305,2025-12-08 00:35:40
33,41,6,1468.7,2025-12-08 00:34:41,29423.0,,33,41,6,4226.603027,2025-12-08 00:35:41
33,42,6,1470.7,2025-12-08 00:34:42,28388.0,,33,42,6,4228.90918,2025-12-08 00:35:42
33,43,6,1469.2,2025-12-08 00:34:43,27066.0,,33,43,6,4230.788086,2025-12-08 00:35:43
33,44,6,1478.0,2025-12-08 00:34:44,26060.0,,33,44,6,4232.340332,2025-12-08 00:35:44
33,45,6,1468.0,2025-12-08 00:34:45,25059.0,,33,45,6,4233.634277,2025-12-08 00:35:45
33,46,6,1470.1,2025-12-08 00:34:46,24057.0,,33,46,6,4234.723633,2025-12-08 00:35:46
33,47,6,1474.8,2025-12-08 00:34:47,23055.0,,33,47,6,4235.645996,2025-12-08 00:35:47
33,48,6,1471.9,2025-12-08 00:34:48,22051.0,,33,48,6,4236.430176,2025-12-08 00:35:48
33,49,6,1473.2,2025-12-08 00:34:49,21050.0,,33,49,6,4237.098633,2025-12-08 00:35:49
33,50,6,1475.1,2025-12-08 00:34:50,20000.0,,33,50,6,4237.66748,2025-12-08 00:35:50
33,51,6,1472.1,2025-12-08 00:34:51,18997.0,,33,51,6,4238.150879,2025-12-08 00:35:51
33,52,6,1470.0,2025-12-08 00:34:52,17939.0,,33,52,6,4238.560547,2025-12-08 00:35:52
33,53,6,1474.9,2025-12-08 00:34:53,16902.0,,33,53,6,4238.905762,2025-12-08 00:35:53
33,54,6,1475.3,2025-12-08 00:34:54,15899.0,,33,54,6,4239.19873,2025-12-08 00:35:54
33,55,6,1475.1,2025-12-08 00:34:55,14897.0,,33,55,6,4239.445312,2025-12-08 00:35:55
33,56,6,1479.8,2025-12-08 00:34:56,13896.0,,33,56,6,4239.652832,2025-12-08 00:35:56
33,57,6,1473.4,2025-12-08 00:34:57,12894.0,,33,57,6,4239.828125,2025-12-08 00:35:57
33,58,6,1474.0,2025-12-08 00:34:58,11891.0,,33,58,6,4239.977051,2025-12-08 00:35:58
33,59,6,1473.7,2025-12-08 00:34:59,10888.0,,33,59,6,4240.104492,2025-12-08 00:35:59
34,0,6,1475.0,2025-12-08 00:35:00,69713.0,,34,0,6,1493.597656,2025-12-08 00:36:00
34,1,6,1475.8,2025-12-08 00:35:01,68703.0,,34,1,6,1496.822021,2025-12-08 00:36:01
34,2,6,1473.3,2025-12-08 00:35:02,67700.0,,34,2,6,1501.106445,2025-12-08 00:36:02
34,3,6,1477.9,2025-12-08 00:35:03,66692.0,,34,3,6,1506.665894,2025-12-08 00:36:03
34,4,6,1474.4,2025-12-08 00:35:04,65689.0,,34,4,6,1513.620483,2025-12-08 00:36:04
34,5,6,1475.7,2025-12-08 00:35:05,64687.0,,34,5,6,1522.29541,2025-12-08 00:36:05
34,6,6,1478.5,2025-12-08 00:35:06,63685.0,,34,6,6,1532.953125,2025-12-08 00:36:06
34,7,6,1476.3,2025-12-08 00:35:07,62683.0,,34,7,6,1545.954346,2025-12-08 00:36:07
34,8,6,1472.6,2025-12-08 00:35:08,61682.0,,34,8,6,1561.820801,2025-12-08 00:36:08
34,9,6,1473.9,2025-12-08 00:35:09,60674.0,,34,9,6,1581.164917,2025-12-08 00:36:09
34,10,6,1477.4,2025-12-08 00:35:10,59666.0,,34,10,6,1604.683594,2025-12-08 00:36:10
34,11,6,1478.3,2025-12-08 00:35:11,58655.0,,34,11,6,1633.296997,2025-12-08 00:36:11
34,12,6,1474.8,2025-12-08 00:35:12,57651.0,,34,12,6,1668.244995,2025-12-08 00:36:12
34,13,6,1478.3,2025-12-08 00:35:13,56649.0,,34,13,6,1711.1604,2025-12-08 00:36:13
34,14,6,1481.5,2025-12-08 00:35:14,55647.0,,34,14,6,1764.038086,2025-12-08 00:36:14
34,15,6,1474.8,2025-12-08 00:35:15,54643.0,,34,15,6,1829.575195,2025-12-08 00:36:15
34,16,6,1474.1,2025-12-08 00:35:16,53580.0,,34,16,6,1911.383667,2025-12-08 00:36:16
34,17,6,1476.0,2025-12-08 00:35:17,52503.0,,34,17,6,2013.858643,2025-12-08 00:36:17
34,18,6,1475.3,2025-12-08 00:35:18,51500.0,,34,18,6,2142.329834,2025-12-08 00:36:18
34,19,6,1484.5,2025-12-08 00:35:19,50498.0,,34,19,6,2302.606445,2025-12-08 00:36:19
34,20,6,1482.6,2025-12-08 00:35:20,49494.0,,34,20,6,2499.310547,2025-12-08 00:36:20
34,21,6,1478.7,2025-12-08 00:35:21,48493.0,,34,21,6,2733.056641,2025-12-08 00:36:21
34,22,6,1479.2,2025-12-08 00:35:22,47489.0,,34,22,6,2995.445312,2025-12-08 00:36:22
34,23,6,1479.8,2025-12-08 00:35:23,46486.0,,34,23,6,3265.847168,2025-12-08 00:36:23
34,24,6,1484.5,2025-12-08 00:35:24,45485.0,,34,24,6,3515.855225,2025-12-08 00:36:24
34,25,6,1475.8,2025-12-08 00:35:25,44483.0,,34,25,6,3722.125,2025-12-08 00:36:25
34,26,6,1478.0,2025-12-08 00:35:26,43481.0,,34,26,6,3876.617676,2025-12-08 00:36:26
34,27,6,1475.7,2025-12-08 00:35:27,42477.0,,34,27,6,3985.110107,2025-12-08 00:36:27
34,28,6,1479.3,2025-12-08 00:35:28,41473.0,,34,28,6,4059.003418,2025-12-08 00:36:28
34,29,6,1477.0,2025-12-08 00:35:29,40471.0,,34,29,6,4109.110352,2025-12-08 00:36:29
34,30,6,1474.0,2025-12-08 00:35:30,39462.0,,34,30,6,4143.450195,2025-12-08 00:36:30
34,31,6,1477.3,2025-12-08 00:35:31,38448.0,,34,31,6,4167.402344,2025-12-08 00:36:31
34,32,6,1479.5,2025-12-08 00:35:32,37443.0,,34,32,6,4184.44043,2025-12-08 00:36:32
34,33,6,1496.1,2025-12-08 00:35:33,36442.0,,34,33,6,4196.793945,2025-12-08 00:36:33
34,34,6,1476.6,2025-12-08 00:35:34,35441.0,,34,34,6,4205.914062,2025-12-08 00:36:34
34,35,6,1478.3,2025-12-08 00:35:35,34418.0,,34,35,6,4212.762695,2025-12-08 00:36:35
34,36,6,1476.8,2025-12-08 00:35:36,33404.0,,34,36,6,4217.993164,2025-12-08 00:36:36
34,37,6,1477.9,2025-12-08 00:35:37,32402.0,,34,37,6,4222.051758,2025-12-08 00:36:37
34,38,6,1480.7,2025-12-08 00:35:38,31394.0,,34,38,6,4225.250977,2025-12-08 00:36:38
34,39,6,1479.3,2025-12-08 00:35:39,30390.0,,34,39,6,4227.808594,2025-12-08 00:36:39
34,40,6,1479.2,2025-12-08 00:35:40,29387.0,,34,40,6,4229.883789,2025-12-08 00:36:40
34,41,6,1480.9,2025-12-08 00:35:41,28382.0,,34,41,6,4231.588379,2025-12-08 00:36:41
34,42,6,1480.4,2025-12-08 00:35:42,27377.0,,34,42,6,4233.005371,2025-12-08 00:36:42
34,43,6,1481.2,2025-12-08 00:35:43,26374.0,,34,43,6,4234.193359,2025-12-08 00:36:43
34,44,6,1480.9,2025-12-08 00:35:44,25371.0,,34,44,6,4235.198242,2025-12-08 00:36:44
34,45,6,1475.6,2025-12-08 00:35:45,24367.0,,34,45,6,4236.050781,2025-12-08 00:36:45
34,46,6,1480.0,2025-12-08 00:35:46,23365.0,,34,46,6,4236.776367,2025-12-08 00:36:46
34,47,6,1479.4,2025-12-08 00:35:47,22363.0,,34,47,6,4237.39502,2025-12-08 00:36:47
34,48,6,1478.6,2025-12-08 00:35:48,21360.0,,34,48,6,4237.92041,2025-12-08 00:36:48
34,49,6,1481.8,2025-12-08 00:35:49,20358.0,,34,49,6,4238.366211,2025-12-08 00:36:49
34,50,6,1479.9,2025-12-08 00:35:50,19356.0,,34,50,6,4238.743652,2025-12-08 00:36:50
34,51,6,1479.3,2025-12-08 00:35:51,18353.0,,34,51,6,4239.061523,2025-12-08 00:36:51
34,52,6,1481.6,2025-12-08 00:35:52,17351.0,,34,52,6,4239.328613,2025-12-08 00:36:52
34,53,6,1482.5,2025-12-08 00:35:53,16346.0,,34,53,6,4239.554199,2025-12-08 00:36:53
34,54,6,1482.6,2025-12-08 00:35:54,15342.0,,34,54,6,4239.744141,2025-12-08 00:36:54
34,55,6,1482.3,2025-12-08 00:35:55,14340.0,,34,55,6,4239.904297,2025-12-08 00:36:55
34,56,6,1482.1,2025-12-08 00:35:56,13338.0,,34,56,6,4240.041016,2025-12-08 00:36:56
34,57,6,1488.5,2025-12-08 00:35:57,12336.0,,34,57,6,4240.157715,2025-12-08 00:36:57
34,58,6,1483.3,2025-12-08 00:35:58,11333.0,,34,58,6,4240.258301,2025-12-08 00:36:58
34,59,6,1482.9,2025-12-08 00:35:59,10326.0,,34,59,6,4240.347168,2025-12-08 00:36:59
35,0,6,1492.2,2025-12-08 00:36:00,69350.0,,35,0,6,1495.037842,2025-12-08 00:37:00
35,1,6,1484.7,2025-12-08 00:36:01,68347.0,,35,1,6,1498.780151,2025-12-08 00:37:01
35,2,6,1485.8,2025-12-08 00:36:02,67341.0,,35,2,6,1503.654297,2025-12-08 00:37:02
35,3,6,1480.8,2025-12-08 00:36:03,66335.0,,35,3,6,1509.766235,2025-12-08 00:37:03
35,4,6,1483.6,2025-12-08 00:36:04,65332.0,,35,4,6,1517.401978,2025-12-08 00:37:04
35,5,6,1484.8,2025-12-08 00:36:05,64328.0,,35,5,6,1526.754272,2025-12-08 00:37:05
35,6,6,1476.7,2025-12-08 00:36:06,63324.0,,35,6,6,1538.160278,2025-12-08 00:37:06
35,7,6,1479.4,2025-12-08 00:36:07,62318.0,,35,7,6,1552.120972,2025-12-08 00:37:07
35,8,6,1482.5,2025-12-08 00:36:08,61311.0,,35,8,6,1569.030884,2025-12-08 00:37:08
35,9,6,1485.2,2025-12-08 00:36:09,60307.0,,35,9,6,1589.502197,2025-12-08 00:37:09
35,10,6,1482.8,2025-12-08 00:36:10,59302.0,,35,10,6,1614.322998,2025-12-08 00:37:10
35,11,6,1480.9,2025-12-08 00:36:11,58299.0,,35,11,6,1644.559448,2025-12-08 00:37:11
35,12,6,1480.5,2025-12-08 00:36:12,57295.0,,35,12,6,1681.521851,2025-12-08 00:37:12
35,13,6,1482.5,2025-12-08 00:36:13,56291.0,,35,13,6,1726.903198,2025-12-08 00:37:13
35,14,6,1479.6,2025-12-08 00:36:14,55289.0,,35,14,6,1782.902222,2025-12-08 00:37:14
35,15,6,1477.8,2025-12-08 00:36:15,54286.0,,35,15,6,1852.475464,2025-12-08 00:37:15
35,16,6,1482.3,2025-12-08 00:36:16,53282.0,,35,16,6,1939.36792,2025-12-08 00:37:16
35,17,6,1482.9,2025-12-08 00:36:17,52280.0,,35,17,6,2048.217773,2025-12-08 00:37:17
35,18,6,1498.4,2025-12-08 00:36:18,51269.0,,35,18,6,2184.60791,2025-12-08 00:37:18
35,19,6,1485.6,2025-12-08 00:36:19,50268.0,,35,19,6,2354.074951,2025-12-08 00:37:19
35,20,6,1483.8,2025-12-08 00:36:20,49264.0,,35,20,6,2560.869385,2025-12-08 00:37:20
35,21,6,1487.2,2025-12-08 00:36:21,48261.0,,35,21,6,2803.491211,2025-12-08 00:37:21
35,22,6,1481.7,2025-12-08 00:36:22,47255.0,,35,22,6,3070.315674,2025-12-08 00:37:22
35,23,6,1479.8,2025-12-08 00:36:23,46253.0,,35,23,6,3337.811035,2025-12-08 00:37:23
35,24,6,1481.2,2025-12-08 00:36:24,45245.0,,35,24,6,3577.492188,2025-12-08 00:37:24
35,25,6,1482.5,2025-12-08 00:36:25,44244.0,,35,25,6,3769.613037,2025-12-08 00:37:25
35,26,6,1481.9,2025-12-08 00:36:26,43241.0,,35,26,6,3910.520508,2025-12-08 00:37:26
35,27,6,1478.7,2025-12-08 00:36:27,42239.0,,35,27,6,4008.3479,2025-12-08 00:37:27
35,28,6,1484.4,2025-12-08 00:36:28,41230.0,,35,28,6,4074.753906,2025-12-08 00:37:28
35,29,6,1480.0,2025-12-08 00:36:29,40229.0,,35,29,6,4119.866699,2025-12-08 00:37:29
35,30,6,1482.3,2025-12-08 00:36:30,39227.0,,35,30,6,4150.915527,2025-12-08 00:37:30
35,31,6,1479.3,2025-12-08 00:36:31,38225.0,,35,31,6,4172.683594,2025-12-08 00:37:31
35,32,6,1480.4,2025-12-08 00:36:32,37224.0,,35,32,6,4188.245117,2025-12-08 00:37:32
35,33,6,1483.4,2025-12-08 00:36:33,36222.0,,35,33,6,4199.58252,2025-12-08 00:37:33
35,34,6,1484.9,2025-12-08 00:36:34,35218.0,,35,34,6,4207.992676,2025-12-08 00:37:34
35,35,6,1481.1,2025-12-08 00:36:35,34214.0,,35,35,6,4214.338867,2025-12-08 00:37:35
35,36,6,1485.8,2025-12-08 00:36:36,33213.0,,35,36,6,4219.206543,2025-12-08 00:37:36
35,37,6,1483.4,2025-12-08 00:36:37,32210.0,,35,37,6,4223.0,2025-12-08 00:37:37
35,38,6,1481.8,2025-12-08 00:36:38,31202.0,,35,38,6,4226.003418,2025-12-08 00:37:38
35,39,6,1483.1,2025-12-08 00:36:39,30201.0,,35,39,6,4228.416016,2025-12-08 00:37:39
35,40,6,1484.7,2025-12-08 00:36:40,29199.0,,35,40,6,4230.380371,2025-12-08 00:37:40
35,41,6,1483.7,2025-12-08 00:36:41,28197.0,,35,41,6,4231.999023,2025-12-08 00:37:41
35,42,6,1483.9,2025-12-08 00:36:42,27193.0,,35,42,6,4233.348633,2025-12-08 00:37:42
35,43,6,1486.9,2025-12-08 00:36:43,26186.0,,35,43,6,4234.483887,2025-12-08 00:37:43
35,44,6,1486.6,2025-12-08 00:36:44,25184.0,,35,44,6,4235.443848,2025-12-08 00:37:44
35,45,6,1485.5,2025-12-08 00:36:45,24177.0,,35,45,6,4236.260254,2025-12-08 00:37:45
35,46,6,1486.2,2025-12-08 00:36:46,23175.0,,35,46,6,4236.955566,2025-12-08 00:37:46
35,47,6,1486.3,2025-12-08 00:36:47,22172.0,,35,47,6,4237.547852,2025-12-08 00:37:47
35,48,6,1480.1,2025-12-08 00:36:48,21168.0,,35,48,6,4238.05127,2025-12-08 00:37:48
35,49,6,1482.1,2025-12-08 00:36:49,20166.0,,35,49,6,4238.476562,2025-12-08 00:37:49
35,50,6,1481.8,2025-12-08 00:36:50,19161.0,,35,50,6,4238.836426,2025-12-08 00:37:50
35,51,6,1484.1,2025-12-08 00:36:51,18159.0,,35,51,6,4239.139648,2025-12-08 00:37:51
35,52,6,1487.5,2025-12-08 00:36:52,17155.0,,35,52,6,4239.39502,2025-12-08 00:37:52
35,53,6,1481.9,2025-12-08 00:36:53,16153.0,,35,53,6,4239.609863,2025-12-08 00:37:53
35,54,6,1498.2,2025-12-08 00:36:54,15151.0,,35,54,6,4239.790527,2025-12-08 00:37:54
35,55,6,1481.1,2025-12-08 00:36:55,14147.0,,35,55,6,4239.944336,2025-12-08 00:37:55
35,56,6,1479.3,2025-12-08 00:36:56,13140.0,,35,56,6,4240.074707,2025-12-08 00:37:56
35,57,6,1483.9,2025-12-08 00:36:57,12133.0,,35,57,6,4240.186523,2025-12-08 00:37:57
35,58,6,1490.2,2025-12-08 00:36:58,11128.0,,35,58,6,4240.28418,2025-12-08 00:37:58
35,59,6,1490.6,2025-12-08 00:36:59,10125.0,,35,59,6,4240.369141,2025-12-08 00:37:59
36,0,6,1486.8,2025-12-08 00:37:00,69093.0,,36,0,6,1656.972534,2025-12-08 00:38:00
36,1,6,1491.7,2025-12-08 00:37:01,68090.0,,36,1,6,1637.563721,2025-12-08 00:38:01
36,2,6,1490.9,2025-12-08 00:37:02,67088.0,,36,2,6,1615.198242,2025-12-08 00:38:02
36,3,6,1488.4,2025-12-08 00:37:03,66080.0,,36,3,6,1589.132935,2025-12-08 00:38:03
36,4,6,1486.1,2025-12-08 00:37:04,65077.0,,36,4,6,1558.321533,2025-12-08 00:38:04
36,5,6,1487.3,2025-12-08 00:37:05,64073.0,,36,5,6,1521.733643,2025-12-08 00:38:05
36,6,6,1486.0,2025-12-08 00:37:06,63069.0,,36,6,6,1478.416626,2025-12-08 00:38:06
36,7,6,1487.6,2025-12-08 00:37:07,62067.0,,36,7,6,1427.707397,2025-12-08 00:38:07
36,8,6,1482.1,2025-12-08 00:37:08,61059.0,,36,8,6,1369.274658,2025-12-08 00:38:08
36,9,6,1479.9,2025-12-08 00:37:09,60054.0,,36,9,6,1303.472046,2025-12-08 00:38:09
36,10,6,1484.0,2025-12-08 00:37:10,59049.0,,36,10,6,1231.345581,2025-12-08 00:38:10
36,11,6,1485.8,2025-12-08 00:37:11,58048.0,,36,11,6,1154.851074,2025-12-08 00:38:11
36,12,6,1484.8,2025-12-08 00:37:12,57037.0,,36,12,6,1076.94165,2025-12-08 00:38:12
36,13,6,1487.6,2025-12-08 00:37:13,56033.0,,36,13,6,1001.189941,2025-12-08 00:38:13
36,14,6,1486.1,2025-12-08 00:37:14,55023.0,,36,14,6,931.148132,2025-12-08 00:38:14
36,15,6,1483.4,2025-12-08 00:37:15,54012.0,,36,15,6,869.80127,2025-12-08 00:38:15
36,16,6,1483.5,2025-12-08 00:37:16,53007.0,,36,16,6,819.016785,2025-12-08 00:38:16
36,17,6,1484.8,2025-12-08 00:37:17,52004.0,,36,17,6,779.439148,2025-12-08 00:38:17
36,18,6,1486.8,2025-12-08 00:37:18,50996.0,,36,18,6,750.733643,2025-12-08 00:38:18
36,19,6,1492.2,2025-12-08 00:37:19,49995.0,,36,19,6,731.920959,2025-12-08 00:38:19
36,20,6,1489.3,2025-12-08 00:37:20,48980.0,,36,20,6,721.693665,2025-12-08 00:38:20
36,21,6,1486.6,2025-12-08 00:37:21,47916.0,,36,21,6,718.697998,2025-12-08 00:38:21
36,22,6,1485.7,2025-12-08 00:37:22,46899.0,,36,22,6,721.621887,2025-12-08 00:38:22
36,23,6,1483.8,2025-12-08 00:37:23,45814.0,,36,23,6,729.310608,2025-12-08 00:38:23
36,24,6,1484.2,2025-12-08 00:37:24,44778.0,,36,24,6,740.807678,2025-12-08 00:38:24
36,25,6,1499.2,2025-12-08 00:37:25,43774.0,,36,25,6,755.35321,2025-12-08 00:38:25
36,26,6,1483.4,2025-12-08 00:37:26,42390.0,,36,26,6,772.371155,2025-12-08 00:38:26
36,27,6,1482.6,2025-12-08 00:37:27,41252.0,,36,27,6,791.453003,2025-12-08 00:38:27
36,28,6,1486.5,2025-12-08 00:37:28,40213.0,,36,28,6,812.320374,2025-12-08 00:38:28
36,29,6,1485.7,2025-12-08 00:37:29,39202.0,,36,29,6,834.808899,2025-12-08 00:38:29
36,30,6,1483.7,2025-12-08 00:37:30,38183.0,,36,30,6,858.84668,2025-12-08 00:38:30
36,31,6,1485.9,2025-12-08 00:37:31,37179.0,,36,31,6,884.442383,2025-12-08 00:38:31
36,32,6,1483.8,2025-12-08 00:37:32,36144.0,,36,32,6,911.677734,2025-12-08 00:38:32
36,33,6,1494.1,2025-12-08 00:37:33,35141.0,,36,33,6,940.701904,2025-12-08 00:38:33
36,34,6,1487.2,2025-12-08 00:37:34,34049.0,,36,34,6,971.740662,2025-12-08 00:38:34
36,35,6,1487.9,2025-12-08 00:37:35,32889.0,,36,35,6,1005.094421,2025-12-08 00:38:35
36,36,6,1483.8,2025-12-08 00:37:36,31664.0,,36,36,6,1041.168091,2025-12-08 00:38:36
36,37,6,1486.8,2025-12-08 00:37:37,30648.0,,36,37,6,1080.484741,2025-12-08 00:38:37
36,38,6,1487.2,2025-12-08 00:37:38,29619.0,,36,38,6,1123.723999,2025-12-08 00:38:38
36,39,6,1487.6,2025-12-08 00:37:39,28592.0,,36,39,6,1171.76355,2025-12-08 00:38:39
36,40,6,1492.2,2025-12-08 00:37:40,27552.0,,36,40,6,1225.745972,2025-12-08 00:38:40
36,41,6,1493.3,2025-12-08 00:37:41,26481.0,,36,41,6,1287.167969,2025-12-08 00:38:41
36,42,6,1483.5,2025-12-08 00:37:42,25305.0,,36,42,6,1357.997681,2025-12-08 00:38:42
36,43,6,1487.0,2025-12-08 00:37:43,24210.0,,36,43,6,1440.835449,2025-12-08 00:38:43
36,44,6,1486.0,2025-12-08 00:37:44,23172.0,,36,44,6,1539.119385,2025-12-08 00:38:44
36,45,6,1488.5,2025-12-08 00:37:45,22170.0,,36,45,6,1657.317017,2025-12-08 00:38:45
36,46,6,1489.7,2025-12-08 00:37:46,21166.0,,36,46,6,1801.027832,2025-12-08 00:38:46
36,47,6,1492.7,2025-12-08 00:37:47,20140.0,,36,47,6,1976.694092,2025-12-08 00:38:47
36,48,6,1586.7,2025-12-08 00:37:48,19136.0,,36,48,6,2190.401367,2025-12-08 00:38:48
36,49,6,1614.2,2025-12-08 00:37:49,18128.0,,36,49,6,2445.040283,2025-12-08 00:38:49
36,50,6,1615.0,2025-12-08 00:37:50,17124.0,,36,50,6,2735.376709,2025-12-08 00:38:50
36,51,6,1621.0,2025-12-08 00:37:51,16120.0,,36,51,6,3043.258789,2025-12-08 00:38:51
36,52,6,1621.8,2025-12-08 00:37:52,15117.0,,36,52,6,3338.591797,2025-12-08 00:38:52
36,53,6,1619.8,2025-12-08 00:37:53,14090.0,,36,53,6,3591.033203,2025-12-08 00:38:53
36,54,6,1628.2,2025-12-08 00:37:54,13056.0,,36,54,6,3784.841064,2025-12-08 00:38:54
36,55,6,1622.1,2025-12-08 00:37:55,12054.0,,36,55,6,3922.382324,2025-12-08 00:38:55
36,56,6,1621.1,2025-12-08 00:37:56,11041.0,,36,56,6,4015.982178,2025-12-08 00:38:56
36,57,6,1619.7,2025-12-08 00:37:57,10039.0,,36,57,6,4079.019287,2025-12-08 00:38:57
36,58,6,1626.5,2025-12-08 00:37:58,9038.0,,36,58,6,4121.893066,2025-12-08 00:38:58
36,59,6,1620.3,2025-12-08 00:37:59,8037.0,,36,59,6,4151.629395,2025-12-08 00:38:59
37,0,6,1634.5,2025-12-08 00:38:00,66895.0,,37,0,6,1607.023193,2025-12-08 00:39:00
37,1,6,1620.9,2025-12-08 00:38:01,65885.0,,37,1,6,1602.420044,2025-12-08 00:39:01
37,2,6,1621.8,2025-12-08 00:38:02,64854.0,,37,2,6,1595.258423,2025-12-08 00:39:02
37,3,6,1618.1,2025-12-08 00:38:03,63837.0,,37,3,6,1584.941162,2025-12-08 00:39:03
37,4,6,1618.3,2025-12-08 00:38:04,62796.0,,37,4,6,1570.939819,2025-12-08 00:39:04
37,5,6,1616.5,2025-12-08 00:38:05,61786.0,,37,5,6,1552.546143,2025-12-08 00:39:05
37,6,6,1619.1,2025-12-08 00:38:06,60779.0,,37,6,6,1528.982544,2025-12-08 00:39:06
37,7,6,1621.0,2025-12-08 00:38:07,59777.0,,37,7,6,1499.334717,2025-12-08 00:39:07
37,8,6,1619.1,2025-12-08 00:38:08,58775.0,,37,8,6,1462.699219,2025-12-08 00:39:08
37,9,6,1619.5,2025-12-08 00:38:09,57697.0,,37,9,6,1418.289429,2025-12-08 00:39:09
37,10,6,1617.7,2025-12-08 00:38:10,56677.0,,37,10,6,1365.537109,2025-12-08 00:39:10
37,11,6,1619.4,2025-12-08 00:38:11,55656.0,,37,11,6,1304.40686,2025-12-08 00:39:11
37,12,6,1619.9,2025-12-08 00:38:12,54651.0,,37,12,6,1235.604858,2025-12-08 00:39:12
37,13,6,1623.8,2025-12-08 00:38:13,53650.0,,37,13,6,1160.901978,2025-12-08 00:39:13
37,14,6,1619.4,2025-12-08 00:38:14,52622.0,,37,14,6,1083.144897,2025-12-08 00:39:14
37,15,6,1616.9,2025-12-08 00:38:15,51621.0,,37,15,6,1006.117493,2025-12-08 00:39:15
37,16,6,1620.5,2025-12-08 00:38:16,50615.0,,37,16,6,933.781494,2025-12-08 00:39:16
37,17,6,1621.3,2025-12-08 00:38:17,49607.0,,37,17,6,869.538086,2025-12-08 00:39:17
37,18,6,1620.9,2025-12-08 00:38:18,48598.0,,37,18,6,815.703369,2025-12-08 00:39:18
37,19,6,1624.9,2025-12-08 00:38:19,47596.0,,37,19,6,773.255249,2025-12-08 00:39:19
37,20,6,1622.7,2025-12-08 00:38:20,46593.0,,37,20,6,742.012085,2025-12-08 00:39:20
37,21,6,1616.1,2025-12-08 00:38:21,45588.0,,37,21,6,721.072571,2025-12-08 00:39:21
37,22,6,1621.3,2025-12-08 00:38:22,44580.0,,37,22,6,709.136719,2025-12-08 00:39:22
37,23,6,1622.2,2025-12-08 00:38:23,43569.0,,37,23,6,704.766418,2025-12-08 00:39:23
37,24,6,1619.1,2025-12-08 00:38:24,42560.0,,37,24,6,706.62561,2025-12-08 00:39:24
37,25,6,1619.6,2025-12-08 00:38:25,41557.0,,37,25,6,713.523499,2025-12-08 00:39:25
37,26,6,1617.8,2025-12-08 00:38:26,40556.0,,37,26,6,724.449219,2025-12-08 00:39:26
37,27,6,1620.3,2025-12-08 00:38:27,39554.0,,37,27,6,738.587219,2025-12-08 00:39:27
37,28,6,1620.8,2025-12-08 00:38:28,38553.0,,37,28,6,755.303772,2025-12-08 00:39:28
37,29,6,1617.6,2025-12-08 00:38:29,37552.0,,37,29,6,774.129089,2025-12-08 00:39:29
37,30,6,1618.1,2025-12-08 00:38:30,36550.0,,37,30,6,794.735046,2025-12-08 00:39:30
37,31,6,1616.6,2025-12-08 00:38:31,35548.0,,37,31,6,816.917419,2025-12-08 00:39:31
37,32,6,1619.1,2025-12-08 00:38:32,34537.0,,37,32,6,840.571533,2025-12-08 00:39:32
37,33,6,1628.3,2025-12-08 00:38:33,33529.0,,37,33,6,865.680908,2025-12-08 00:39:33
37,34,6,1618.3,2025-12-08 00:38:34,32528.0,,37,34,6,892.303833,2025-12-08 00:39:34
37,35,6,1619.0,2025-12-08 00:38:35,31527.0,,37,35,6,920.556641,2025-12-08 00:39:35
37,36,6,1618.0,2025-12-08 00:38:36,30526.0,,37,36,6,950.635986,2025-12-08 00:39:36
37,37,6,1621.4,2025-12-08 00:38:37,29525.0,,37,37,6,982.806274,2025-12-08 00:39:37
37,38,6,1629.0,2025-12-08 00:38:38,28518.0,,37,38,6,1017.419006,2025-12-08 00:39:38
37,39,6,1620.0,2025-12-08 00:38:39,27517.0,,37,39,6,1054.928833,2025-12-08 00:39:39
37,40,6,1620.6,2025-12-08 00:38:40,26516.0,,37,40,6,1095.915283,2025-12-08 00:39:40
37,41,6,1619.3,2025-12-08 00:38:41,25511.0,,37,41,6,1141.134888,2025-12-08 00:39:41
37,42,6,1621.5,2025-12-08 00:38:42,24502.0,,37,42,6,1191.562988,2025-12-08 00:39:42
37,43,6,1621.6,2025-12-08 00:38:43,23488.0,,37,43,6,1248.473389,2025-12-08 00:39:43
37,44,6,1621.8,2025-12-08 00:38:44,22484.0,,37,44,6,1313.536743,2025-12-08 00:39:44
37,45,6,1625.5,2025-12-08 00:38:45,21480.0,,37,45,6,1388.960205,2025-12-08 00:39:45
37,46,6,1622.3,2025-12-08 00:38:46,20475.0,,37,46,6,1477.664917,2025-12-08 00:39:46
37,47,6,1622.0,2025-12-08 00:38:47,19470.0,,37,47,6,1583.487549,2025-12-08 00:39:47
37,48,6,1632.0,2025-12-08 00:38:48,18467.0,,37,48,6,1711.363281,2025-12-08 00:39:48
37,49,6,1619.4,2025-12-08 00:38:49,17462.0,,37,49,6,1867.3125,2025-12-08 00:39:49
37,50,6,1617.4,2025-12-08 00:38:50,16458.0,,37,50,6,2057.851807,2025-12-08 00:39:50
37,51,6,1618.9,2025-12-08 00:38:51,15445.0,,37,51,6,2288.224365,2025-12-08 00:39:51
37,52,6,1621.7,2025-12-08 00:38:52,14435.0,,37,52,6,2558.681641,2025-12-08 00:39:52
37,53,6,1622.0,2025-12-08 00:38:53,13430.0,,37,53,6,2859.192139,2025-12-08 00:39:53
37,54,6,1618.1,2025-12-08 00:38:54,12424.0,,37,54,6,3166.060791,2025-12-08 00:39:54
37,55,6,1622.3,2025-12-08 00:38:55,11421.0,,37,55,6,3447.160889,2025-12-08 00:39:55
37,56,6,1620.2,2025-12-08 00:38:56,10420.0,,37,56,6,3676.674805,2025-12-08 00:39:56
37,57,6,1623.4,2025-12-08 00:38:57,9415.0,,37,57,6,3846.637451,2025-12-08 00:39:57
37,58,6,1624.4,2025-12-08 00:38:58,8411.0,,37,58,6,3964.713379,2025-12-08 00:39:58
37,59,6,1623.2,2025-12-08 00:38:59,7410.0,,37,59,6,4044.475586,2025-12-08 00:39:59
