block,id,sensor_id,sensor_energy_value,sensor_timestamp,message_delay,,block,id,sensor_id,sensor_energy_value_prediction,sensor_timestamp
0,0,9,754.6,2025-12-08 00:00:00,71114.0,,0,0,9,1050.211548,2025-12-08 00:01:00
0,1,9,765.8,2025-12-08 00:00:01,70110.0,,0,1,9,1062.493652,2025-12-08 00:01:01
0,2,9,750.3,2025-12-08 00:00:02,69107.0,,0,2,9,1074.789062,2025-12-08 00:01:02
0,3,9,750.3,2025-12-08 00:00:03,68105.0,,0,3,9,1087.749268,2025-12-08 00:01:03
0,4,9,748.7,2025-12-08 00:00:04,67103.0,,0,4,9,1100.9104,2025-12-08 00:01:04
0,5,9,750.2,2025-12-08 00:00:05,66101.0,,0,5,9,1113.960449,2025-12-08 00:01:05
0,6,9,749.9,2025-12-08 00:00:06,65097.0,,0,6,9,1126.700562,2025-12-08 00:01:06
0,7,9,749.4,2025-12-08 00:00:07,64095.0,,0,7,9,1139.006226,2025-12-08 00:01:07
0,8,9,748.6,2025-12-08 00:00:08,63093.0,,0,8,9,1150.803345,2025-12-08 00:01:08
0,9,9,755.2,2025-12-08 00:00:09,62092.0,,0,9,9,1162.050415,2025-12-08 00:01:09
0,10,9,757.3,2025-12-08 00:00:10,61090.0,,0,10,9,1172.727905,2025-12-08 00:01:10
0,11,9,749.8,2025-12-08 00:00:11,60088.0,,0,11,9,1182.831909,2025-12-08 00:01:11
0,12,9,749.7,2025-12-08 00:00:12,59086.0,,0,12,9,1192.369141,2025-12-08 00:01:12
0,13,9,748.1,2025-12-08 00:00:13,58084.0,,0,13,9,1201.352783,2025-12-08 00:01:13
0,14,9,750.3,2025-12-08 00:00:14,57082.0,,0,14,9,1209.801758,2025-12-08 00:01:14
0,15,9,748.7,2025-12-08 00:00:15,56081.0,,0,15,9,1217.737793,2025-12-08 00:01:15
0,16,9,749.5,2025-12-08 00:00:16,55079.0,,0,16,9,1225.185303,2025-12-08 00:01:16
0,17,9,749.6,2025-12-08 00:00:17,54077.0,,0,17,9,1232.169922,2025-12-08 00:01:17
0,18,9,751.1,2025-12-08 00:00:18,53075.0,,0,18,9,1238.717773,2025-12-08 00:01:18
0,19,9,763.9,2025-12-08 00:00:19,52073.0,,0,19,9,1244.855469,2025-12-08 00:01:19
0,20,9,752.9,2025-12-08 00:00:20,51072.0,,0,20,9,1250.608521,2025-12-08 00:01:20
0,21,9,756.4,2025-12-08 00:00:21,50070.0,,0,21,9,1256.00293,2025-12-08 00:01:21
0,22,9,750.0,2025-12-08 00:00:22,49068.0,,0,22,9,1261.063232,2025-12-08 00:01:22
0,23,9,750.6,2025-12-08 00:00:23,48065.0,,0,23,9,1265.813354,2025-12-08 00:01:23
0,24,9,750.7,2025-12-08 00:00:24,47063.0,,0,24,9,1270.275269,2025-12-08 00:01:24
0,25,9,745.8,2025-12-08 00:00:25,46062.0,,0,25,9,1274.470215,2025-12-08 00:01:25
0,26,9,748.2,2025-12-08 00:00:26,45060.0,,0,26,9,1278.418457,2025-12-08 00:01:26
0,27,9,768.7,2025-12-08 00:00:27,44058.0,,0,27,9,1282.138794,2025-12-08 00:01:27
0,28,9,750.1,2025-12-08 00:00:28,43055.0,,0,28,9,1285.647705,2025-12-08 00:01:28
0,29,9,749.1,2025-12-08 00:00:29,42053.0,,0,29,9,1288.962769,2025-12-08 00:01:29
0,30,9,746.4,2025-12-08 00:00:30,41051.0,,0,30,9,1292.098633,2025-12-08 00:01:30
0,31,9,745.4,2025-12-08 00:00:31,40049.0,,0,31,9,1295.069336,2025-12-08 00:01:31
0,32,9,750.3,2025-12-08 00:00:32,39047.0,,0,32,9,1297.887451,2025-12-08 00:01:32
0,33,9,882.1,2025-12-08 00:00:33,38040.0,,0,33,9,1300.565186,2025-12-08 00:01:33
0,34,9,852.3,2025-12-08 00:00:34,37036.0,,0,34,9,1303.109985,2025-12-08 00:01:34
0,35,9,858.6,2025-12-08 00:00:35,36033.0,,0,35,9,1305.535767,2025-12-08 00:01:35
0,36,9,851.7,2025-12-08 00:00:36,35030.0,,0,36,9,1307.850952,2025-12-08 00:01:36
0,37,9,759.4,2025-12-08 00:00:37,34028.0,,0,37,9,1310.064697,2025-12-08 00:01:37
0,38,9,847.7,2025-12-08 00:00:38,33025.0,,0,38,9,1312.186035,2025-12-08 00:01:38
0,39,9,905.3,2025-12-08 00:00:39,32023.0,,0,39,9,1314.218384,2025-12-08 00:01:39
0,40,9,863.5,2025-12-08 00:00:40,31020.0,,0,40,9,1316.168945,2025-12-08 00:01:40
0,41,9,865.8,2025-12-08 00:00:41,30019.0,,0,41,9,1318.04541,2025-12-08 00:01:41
0,42,9,864.5,2025-12-08 00:00:42,29014.0,,0,42,9,1319.852783,2025-12-08 00:01:42
0,43,9,854.3,2025-12-08 00:00:43,28009.0,,0,43,9,1321.595581,2025-12-08 00:01:43
0,44,9,852.1,2025-12-08 00:00:44,27007.0,,0,44,9,1323.278809,2025-12-08 00:01:44
0,45,9,849.5,2025-12-08 00:00:45,26005.0,,0,45,9,1324.906494,2025-12-08 00:01:45
0,46,9,854.0,2025-12-08 00:00:46,25002.0,,0,46,9,1326.482422,2025-12-08 00:01:46
0,47,9,850.6,2025-12-08 00:00:47,24000.0,,0,47,9,1328.009888,2025-12-08 00:01:47
0,48,9,854.2,2025-12-08 00:00:48,22994.0,,0,48,9,1329.492432,2025-12-08 00:01:48
0,49,9,850.9,2025-12-08 00:00:49,21992.0,,0,49,9,1330.932617,2025-12-08 00:01:49
0,50,9,852.5,2025-12-08 00:00:50,20989.0,,0,50,9,1332.33374,2025-12-08 00:01:50
0,51,9,856.1,2025-12-08 00:00:51,19987.0,,0,51,9,1333.697754,2025-12-08 00:01:51
0,52,9,855.3,2025-12-08 00:00:52,18983.0,,0,52,9,1335.027466,2025-12-08 00:01:52
0,53,9,851.4,2025-12-08 00:00:53,17974.0,,0,53,9,1336.324707,2025-12-08 00:01:53
0,54,9,851.5,2025-12-08 00:00:54,16971.0,,0,54,9,1337.591797,2025-12-08 00:01:54
0,55,9,854.2,2025-12-08 00:00:55,15967.0,,0,55,9,1338.830444,2025-12-08 00:01:55
0,56,9,853.3,2025-12-08 00:00:56,14965.0,,0,56,9,1340.042236,2025-12-08 00:01:56
0,57,9,854.4,2025-12-08 00:00:57,13963.0,,0,57,9,1341.229126,2025-12-08 00:01:57
0,58,9,853.7,2025-12-08 00:00:58,12958.0,,0,58,9,1342.392578,2025-12-08 00:01:58
0,59,9,853.8,2025-12-08 00:00:59,11956.0,,0,59,9,1343.533813,2025-12-08 00:01:59
1,0,9,1265.914286,2025-12-08 00:01:00,70687.0,,1,0,9,1338.732056,2025-12-08 00:02:00
1,1,9,1265.914286,2025-12-08 00:01:01,69681.0,,1,1,9,1339.824951,2025-12-08 00:02:01
1,2,9,1265.914286,2025-12-08 00:01:02,68679.0,,1,2,9,1341.033813,2025-12-08 00:02:02
1,3,9,1265.914286,2025-12-08 00:01:03,67672.0,,1,3,9,1342.200928,2025-12-08 00:02:03
1,4,9,856.0,2025-12-08 00:01:04,66670.0,,1,4,9,1343.329834,2025-12-08 00:02:04
1,5,9,1081.4,2025-12-08 00:01:05,65669.0,,1,5,9,1344.422729,2025-12-08 00:02:05
1,6,9,1236.0,2025-12-08 00:01:06,64667.0,,1,6,9,1345.499268,2025-12-08 00:02:06
1,7,9,1072.9,2025-12-08 00:01:07,63665.0,,1,7,9,1346.560791,2025-12-08 00:02:07
1,8,9,1053.6,2025-12-08 00:01:08,62663.0,,1,8,9,1347.601807,2025-12-08 00:02:08
1,9,9,1131.1,2025-12-08 00:01:09,61662.0,,1,9,9,1348.628296,2025-12-08 00:02:09
1,10,9,1064.1,2025-12-08 00:01:10,60659.0,,1,10,9,1349.643677,2025-12-08 00:02:10
1,11,9,1113.5,2025-12-08 00:01:11,59656.0,,1,11,9,1350.645142,2025-12-08 00:02:11
1,12,9,1140.7,2025-12-08 00:01:12,58653.0,,1,12,9,1351.636719,2025-12-08 00:02:12
1,13,9,1165.5,2025-12-08 00:01:13,57649.0,,1,13,9,1352.618164,2025-12-08 00:02:13
1,14,9,1193.4,2025-12-08 00:01:14,56648.0,,1,14,9,1353.589966,2025-12-08 00:02:14
1,15,9,1217.7,2025-12-08 00:01:15,55646.0,,1,15,9,1354.552612,2025-12-08 00:02:15
1,16,9,1234.2,2025-12-08 00:01:16,54644.0,,1,16,9,1355.505981,2025-12-08 00:02:16
1,17,9,1255.0,2025-12-08 00:01:17,53639.0,,1,17,9,1356.450195,2025-12-08 00:02:17
1,18,9,1272.7,2025-12-08 00:01:18,52635.0,,1,18,9,1357.386108,2025-12-08 00:02:18
1,19,9,1286.6,2025-12-08 00:01:19,51632.0,,1,19,9,1358.313354,2025-12-08 00:02:19
1,20,9,1296.7,2025-12-08 00:01:20,50630.0,,1,20,9,1359.232422,2025-12-08 00:02:20
1,21,9,1299.7,2025-12-08 00:01:21,49627.0,,1,21,9,1360.142944,2025-12-08 00:02:21
1,22,9,1295.0,2025-12-08 00:01:22,48624.0,,1,22,9,1361.045288,2025-12-08 00:02:22
1,23,9,1302.0,2025-12-08 00:01:23,47621.0,,1,23,9,1361.939087,2025-12-08 00:02:23
1,24,9,1306.8,2025-12-08 00:01:24,46618.0,,1,24,9,1362.825806,2025-12-08 00:02:24
1,25,9,1302.7,2025-12-08 00:01:25,45616.0,,1,25,9,1363.705078,2025-12-08 00:02:25
1,26,9,1300.2,2025-12-08 00:01:26,44613.0,,1,26,9,1364.577026,2025-12-08 00:02:26
1,27,9,1306.2,2025-12-08 00:01:27,43611.0,,1,27,9,1365.442017,2025-12-08 00:02:27
1,28,9,1305.8,2025-12-08 00:01:28,42609.0,,1,28,9,1366.300903,2025-12-08 00:02:28
1,29,9,1308.0,2025-12-08 00:01:29,41607.0,,1,29,9,1367.15332,2025-12-08 00:02:29
1,30,9,1303.4,2025-12-08 00:01:30,40597.0,,1,30,9,1368.000244,2025-12-08 00:02:30
1,31,9,1300.4,2025-12-08 00:01:31,39593.0,,1,31,9,1368.840698,2025-12-08 00:02:31
1,32,9,1300.5,2025-12-08 00:01:32,38591.0,,1,32,9,1369.675659,2025-12-08 00:02:32
1,33,9,1301.1,2025-12-08 00:01:33,37588.0,,1,33,9,1370.505859,2025-12-08 00:02:33
1,34,9,1303.1,2025-12-08 00:01:34,36586.0,,1,34,9,1371.330933,2025-12-08 00:02:34
1,35,9,1304.2,2025-12-08 00:01:35,35584.0,,1,35,9,1372.151611,2025-12-08 00:02:35
1,36,9,1305.9,2025-12-08 00:01:36,34583.0,,1,36,9,1372.967773,2025-12-08 00:02:36
1,37,9,1298.0,2025-12-08 00:01:37,33579.0,,1,37,9,1373.780029,2025-12-08 00:02:37
1,38,9,1298.8,2025-12-08 00:01:38,32575.0,,1,38,9,1374.587646,2025-12-08 00:02:38
1,39,9,1303.7,2025-12-08 00:01:39,31571.0,,1,39,9,1375.39209,2025-12-08 00:02:39
1,40,9,1304.9,2025-12-08 00:01:40,30568.0,,1,40,9,1376.193115,2025-12-08 00:02:40
1,41,9,1304.9,2025-12-08 00:01:41,29567.0,,1,41,9,1376.990967,2025-12-08 00:02:41
1,42,9,1310.7,2025-12-08 00:01:42,28565.0,,1,42,9,1377.785767,2025-12-08 00:02:42
1,43,9,1314.2,2025-12-08 00:01:43,27562.0,,1,43,9,1378.578125,2025-12-08 00:02:43
1,44,9,1312.6,2025-12-08 00:01:44,26558.0,,1,44,9,1379.36792,2025-12-08 00:02:44
1,45,9,1321.0,2025-12-08 00:01:45,25554.0,,1,45,9,1380.155029,2025-12-08 00:02:45
1,46,9,1322.9,2025-12-08 00:01:46,24550.0,,1,46,9,1380.940552,2025-12-08 00:02:46
1,47,9,1321.5,2025-12-08 00:01:47,23549.0,,1,47,9,1381.723633,2025-12-08 00:02:47
1,48,9,1324.9,2025-12-08 00:01:48,22547.0,,1,48,9,1382.504639,2025-12-08 00:02:48
1,49,9,1322.9,2025-12-08 00:01:49,21545.0,,1,49,9,1383.28418,2025-12-08 00:02:49
1,50,9,1324.7,2025-12-08 00:01:50,20544.0,,1,50,9,1384.06189,2025-12-08 00:02:50
1,51,9,1329.2,2025-12-08 00:01:51,19542.0,,1,51,9,1384.838013,2025-12-08 00:02:51
1,52,9,1329.1,2025-12-08 00:01:52,18540.0,,1,52,9,1385.613159,2025-12-08 00:02:52
1,53,9,1326.6,2025-12-08 00:01:53,17538.0,,1,53,9,1386.387085,2025-12-08 00:02:53
1,54,9,1329.6,2025-12-08 00:01:54,16537.0,,1,54,9,1387.159912,2025-12-08 00:02:54
1,55,9,1328.1,2025-12-08 00:01:55,15535.0,,1,55,9,1387.932007,2025-12-08 00:02:55
1,56,9,1328.5,2025-12-08 00:01:56,14531.0,,1,56,9,1388.703369,2025-12-08 00:02:56
1,57,9,1334.1,2025-12-08 00:01:57,13528.0,,1,57,9,1389.474243,2025-12-08 00:02:57
1,58,9,1332.1,2025-12-08 00:01:58,12526.0,,1,58,9,1390.244995,2025-12-08 00:02:58
1,59,9,1352.1,2025-12-08 00:01:59,11521.0,,1,59,9,1391.015503,2025-12-08 00:02:59
2,0,9,1334.1,2025-12-08 00:02:00,70850.0,,2,0,9,1335.670898,2025-12-08 00:03:00
2,1,9,1327.2,2025-12-08 00:02:01,69848.0,,2,1,9,1336.518066,2025-12-08 00:03:01
2,2,9,1325.8,2025-12-08 00:02:02,68844.0,,2,2,9,1337.413208,2025-12-08 00:03:02
2,3,9,1326.8,2025-12-08 00:02:03,67842.0,,2,3,9,1338.358643,2025-12-08 00:03:03
2,4,9,1326.3,2025-12-08 00:02:04,66841.0,,2,4,9,1339.334595,2025-12-08 00:03:04
2,5,9,1325.7,2025-12-08 00:02:05,65838.0,,2,5,9,1340.327515,2025-12-08 00:03:05
2,6,9,1327.9,2025-12-08 00:02:06,64836.0,,2,6,9,1341.328735,2025-12-08 00:03:06
2,7,9,1331.5,2025-12-08 00:02:07,63833.0,,2,7,9,1342.333618,2025-12-08 00:03:07
2,8,9,1323.7,2025-12-08 00:02:08,62829.0,,2,8,9,1343.338867,2025-12-08 00:03:08
2,9,9,1322.4,2025-12-08 00:02:09,61826.0,,2,9,9,1344.341919,2025-12-08 00:03:09
2,10,9,1325.3,2025-12-08 00:02:10,60825.0,,2,10,9,1345.341675,2025-12-08 00:03:10
2,11,9,1321.6,2025-12-08 00:02:11,59823.0,,2,11,9,1346.337402,2025-12-08 00:03:11
2,12,9,1326.5,2025-12-08 00:02:12,58822.0,,2,12,9,1347.328003,2025-12-08 00:03:12
2,13,9,1322.8,2025-12-08 00:02:13,57821.0,,2,13,9,1348.313477,2025-12-08 00:03:13
2,14,9,1323.8,2025-12-08 00:02:14,56819.0,,2,14,9,1349.293091,2025-12-08 00:03:14
2,15,9,1343.2,2025-12-08 00:02:15,55817.0,,2,15,9,1350.266235,2025-12-08 00:03:15
2,16,9,1322.6,2025-12-08 00:02:16,54815.0,,2,16,9,1351.233887,2025-12-08 00:03:16
2,17,9,1326.8,2025-12-08 00:02:17,53813.0,,2,17,9,1352.193604,2025-12-08 00:03:17
2,18,9,1327.5,2025-12-08 00:02:18,52812.0,,2,18,9,1353.146729,2025-12-08 00:03:18
2,19,9,1332.3,2025-12-08 00:02:19,51811.0,,2,19,9,1354.092651,2025-12-08 00:03:19
2,20,9,1332.5,2025-12-08 00:02:20,50809.0,,2,20,9,1355.031738,2025-12-08 00:03:20
2,21,9,1335.7,2025-12-08 00:02:21,49808.0,,2,21,9,1355.963379,2025-12-08 00:03:21
2,22,9,1329.7,2025-12-08 00:02:22,48806.0,,2,22,9,1356.888428,2025-12-08 00:03:22
2,23,9,1329.9,2025-12-08 00:02:23,47803.0,,2,23,9,1357.805664,2025-12-08 00:03:23
2,24,9,1333.8,2025-12-08 00:02:24,46800.0,,2,24,9,1358.715942,2025-12-08 00:03:24
2,25,9,1326.3,2025-12-08 00:02:25,45798.0,,2,25,9,1359.619507,2025-12-08 00:03:25
2,26,9,1326.4,2025-12-08 00:02:26,44785.0,,2,26,9,1360.515869,2025-12-08 00:03:26
2,27,9,1331.4,2025-12-08 00:02:27,43782.0,,2,27,9,1361.405518,2025-12-08 00:03:27
2,28,9,1330.2,2025-12-08 00:02:28,42781.0,,2,28,9,1362.28894,2025-12-08 00:03:28
2,29,9,1331.9,2025-12-08 00:02:29,41780.0,,2,29,9,1363.165771,2025-12-08 00:03:29
2,30,9,1329.4,2025-12-08 00:02:30,40778.0,,2,30,9,1364.036621,2025-12-08 00:03:30
2,31,9,1323.6,2025-12-08 00:02:31,39776.0,,2,31,9,1364.901245,2025-12-08 00:03:31
2,32,9,1324.6,2025-12-08 00:02:32,38772.0,,2,32,9,1365.759766,2025-12-08 00:03:32
2,33,9,1329.0,2025-12-08 00:02:33,37770.0,,2,33,9,1366.612671,2025-12-08 00:03:33
2,34,9,1325.5,2025-12-08 00:02:34,36767.0,,2,34,9,1367.460815,2025-12-08 00:03:34
2,35,9,1326.8,2025-12-08 00:02:35,35764.0,,2,35,9,1368.302979,2025-12-08 00:03:35
2,36,9,1325.9,2025-12-08 00:02:36,34763.0,,2,36,9,1369.140503,2025-12-08 00:03:36
2,37,9,1324.2,2025-12-08 00:02:37,33755.0,,2,37,9,1369.973022,2025-12-08 00:03:37
2,38,9,1326.1,2025-12-08 00:02:38,32753.0,,2,38,9,1370.800903,2025-12-08 00:03:38
2,39,9,1328.3,2025-12-08 00:02:39,31728.0,,2,39,9,1371.624512,2025-12-08 00:03:39
2,40,9,1327.9,2025-12-08 00:02:40,30724.0,,2,40,9,1372.443848,2025-12-08 00:03:40
2,41,9,1332.5,2025-12-08 00:02:41,29720.0,,2,41,9,1373.259033,2025-12-08 00:03:41
2,42,9,1324.7,2025-12-08 00:02:42,28719.0,,2,42,9,1374.070679,2025-12-08 00:03:42
2,43,9,1321.1,2025-12-08 00:02:43,27717.0,,2,43,9,1374.878052,2025-12-08 00:03:43
2,44,9,1326.0,2025-12-08 00:02:44,26569.0,,2,44,9,1375.681763,2025-12-08 00:03:44
2,45,9,1324.3,2025-12-08 00:02:45,25553.0,,2,45,9,1376.482422,2025-12-08 00:03:45
2,46,9,1327.8,2025-12-08 00:02:46,24552.0,,2,46,9,1377.279785,2025-12-08 00:03:46
2,47,9,1329.3,2025-12-08 00:02:47,23547.0,,2,47,9,1378.074463,2025-12-08 00:03:47
2,48,9,1324.5,2025-12-08 00:02:48,22543.0,,2,48,9,1378.866333,2025-12-08 00:03:48
2,49,9,1323.6,2025-12-08 00:02:49,21539.0,,2,49,9,1379.655151,2025-12-08 00:03:49
2,50,9,1324.2,2025-12-08 00:02:50,20537.0,,2,50,9,1380.441528,2025-12-08 00:03:50
2,51,9,1327.9,2025-12-08 00:02:51,19536.0,,2,51,9,1381.225708,2025-12-08 00:03:51
2,52,9,1324.6,2025-12-08 00:02:52,18533.0,,2,52,9,1382.007812,2025-12-08 00:03:52
2,53,9,1324.1,2025-12-08 00:02:53,17531.0,,2,53,9,1382.788086,2025-12-08 00:03:53
2,54,9,1320.1,2025-12-08 00:02:54,16528.0,,2,54,9,1383.566406,2025-12-08 00:03:54
2,55,9,1324.0,2025-12-08 00:02:55,15526.0,,2,55,9,1384.342896,2025-12-08 00:03:55
2,56,9,1324.0,2025-12-08 00:02:56,14522.0,,2,56,9,1385.118286,2025-12-08 00:03:56
2,57,9,1328.6,2025-12-08 00:02:57,13516.0,,2,57,9,1385.892456,2025-12-08 00:03:57
2,58,9,1324.1,2025-12-08 00:02:58,12510.0,,2,58,9,1386.665894,2025-12-08 00:03:58
2,59,9,1332.4,2025-12-08 00:02:59,11501.0,,2,59,9,1387.43811,2025-12-08 00:03:59
3,0,9,1326.2,2025-12-08 00:03:00,70365.0,,3,0,9,1459.856323,2025-12-08 00:04:00
3,1,9,1328.9,2025-12-08 00:03:01,69363.0,,3,1,9,1461.651978,2025-12-08 00:04:01
3,2,9,1326.9,2025-12-08 00:03:02,68361.0,,3,2,9,1463.576904,2025-12-08 00:04:02
3,3,9,1324.8,2025-12-08 00:03:03,67359.0,,3,3,9,1465.286499,2025-12-08 00:04:03
3,4,9,1340.8,2025-12-08 00:03:04,66308.0,,3,4,9,1466.854614,2025-12-08 00:04:04
3,5,9,1325.1,2025-12-08 00:03:05,65302.0,,3,5,9,1468.349731,2025-12-08 00:04:05
3,6,9,1346.2,2025-12-08 00:03:06,64297.0,,3,6,9,1469.810181,2025-12-08 00:04:06
3,7,9,1321.4,2025-12-08 00:03:07,63292.0,,3,7,9,1471.262817,2025-12-08 00:04:07
3,8,9,1319.3,2025-12-08 00:03:08,62288.0,,3,8,9,1472.716675,2025-12-08 00:04:08
3,9,9,1330.5,2025-12-08 00:03:09,61285.0,,3,9,9,1474.181763,2025-12-08 00:04:09
3,10,9,1327.3,2025-12-08 00:03:10,60280.0,,3,10,9,1475.663086,2025-12-08 00:04:10
3,11,9,1323.3,2025-12-08 00:03:11,59272.0,,3,11,9,1477.161743,2025-12-08 00:04:11
3,12,9,1326.6,2025-12-08 00:03:12,58264.0,,3,12,9,1478.678711,2025-12-08 00:04:12
3,13,9,1322.8,2025-12-08 00:03:13,57263.0,,3,13,9,1480.215698,2025-12-08 00:04:13
3,14,9,1324.1,2025-12-08 00:03:14,56259.0,,3,14,9,1481.772461,2025-12-08 00:04:14
3,15,9,1334.5,2025-12-08 00:03:15,55254.0,,3,15,9,1483.350342,2025-12-08 00:04:15
3,16,9,1320.1,2025-12-08 00:03:16,54253.0,,3,16,9,1484.950073,2025-12-08 00:04:16
3,17,9,1322.3,2025-12-08 00:03:17,53251.0,,3,17,9,1486.570557,2025-12-08 00:04:17
3,18,9,1326.7,2025-12-08 00:03:18,52250.0,,3,18,9,1488.213623,2025-12-08 00:04:18
3,19,9,1328.7,2025-12-08 00:03:19,51249.0,,3,19,9,1489.880005,2025-12-08 00:04:19
3,20,9,1326.5,2025-12-08 00:03:20,50248.0,,3,20,9,1491.57019,2025-12-08 00:04:20
3,21,9,1330.9,2025-12-08 00:03:21,49247.0,,3,21,9,1493.284668,2025-12-08 00:04:21
3,22,9,1329.3,2025-12-08 00:03:22,48245.0,,3,22,9,1495.024292,2025-12-08 00:04:22
3,23,9,1335.4,2025-12-08 00:03:23,47244.0,,3,23,9,1496.789795,2025-12-08 00:04:23
3,24,9,1338.8,2025-12-08 00:03:24,46243.0,,3,24,9,1498.58252,2025-12-08 00:04:24
3,25,9,1318.9,2025-12-08 00:03:25,45242.0,,3,25,9,1500.402832,2025-12-08 00:04:25
3,26,9,1325.2,2025-12-08 00:03:26,44241.0,,3,26,9,1502.250488,2025-12-08 00:04:26
3,27,9,1362.2,2025-12-08 00:03:27,43240.0,,3,27,9,1504.12793,2025-12-08 00:04:27
3,28,9,1455.8,2025-12-08 00:03:28,42238.0,,3,28,9,1506.037842,2025-12-08 00:04:28
3,29,9,1432.4,2025-12-08 00:03:29,41236.0,,3,29,9,1507.984497,2025-12-08 00:04:29
3,30,9,1432.1,2025-12-08 00:03:30,40234.0,,3,30,9,1509.963257,2025-12-08 00:04:30
3,31,9,1432.2,2025-12-08 00:03:31,39233.0,,3,31,9,1511.976074,2025-12-08 00:04:31
3,32,9,1432.5,2025-12-08 00:03:32,38231.0,,3,32,9,1514.023682,2025-12-08 00:04:32
3,33,9,1435.9,2025-12-08 00:03:33,37229.0,,3,33,9,1516.106812,2025-12-08 00:04:33
3,34,9,1440.2,2025-12-08 00:03:34,36228.0,,3,34,9,1518.226685,2025-12-08 00:04:34
3,35,9,1445.8,2025-12-08 00:03:35,35227.0,,3,35,9,1520.384277,2025-12-08 00:04:35
3,36,9,1421.7,2025-12-08 00:03:36,34226.0,,3,36,9,1522.580566,2025-12-08 00:04:36
3,37,9,1434.2,2025-12-08 00:03:37,33224.0,,3,37,9,1524.814575,2025-12-08 00:04:37
3,38,9,1433.3,2025-12-08 00:03:38,32223.0,,3,38,9,1527.088989,2025-12-08 00:04:38
3,39,9,1435.6,2025-12-08 00:03:39,31222.0,,3,39,9,1529.404175,2025-12-08 00:04:39
3,40,9,1436.1,2025-12-08 00:03:40,30220.0,,3,40,9,1531.760864,2025-12-08 00:04:40
3,41,9,1429.5,2025-12-08 00:03:41,29218.0,,3,41,9,1534.1604,2025-12-08 00:04:41
3,42,9,1437.2,2025-12-08 00:03:42,28217.0,,3,42,9,1536.602539,2025-12-08 00:04:42
3,43,9,1428.4,2025-12-08 00:03:43,27215.0,,3,43,9,1539.088989,2025-12-08 00:04:43
3,44,9,1434.1,2025-12-08 00:03:44,26213.0,,3,44,9,1541.620361,2025-12-08 00:04:44
3,45,9,1431.6,2025-12-08 00:03:45,25211.0,,3,45,9,1544.197266,2025-12-08 00:04:45
3,46,9,1431.0,2025-12-08 00:03:46,24209.0,,3,46,9,1546.820923,2025-12-08 00:04:46
3,47,9,1430.1,2025-12-08 00:03:47,23205.0,,3,47,9,1549.491943,2025-12-08 00:04:47
3,48,9,1431.3,2025-12-08 00:03:48,22203.0,,3,48,9,1552.211304,2025-12-08 00:04:48
3,49,9,1429.8,2025-12-08 00:03:49,21199.0,,3,49,9,1554.979736,2025-12-08 00:04:49
3,50,9,1429.6,2025-12-08 00:03:50,20197.0,,3,50,9,1557.798218,2025-12-08 00:04:50
3,51,9,1432.9,2025-12-08 00:03:51,19195.0,,3,51,9,1560.667358,2025-12-08 00:04:51
3,52,9,1437.4,2025-12-08 00:03:52,18192.0,,3,52,9,1563.588745,2025-12-08 00:04:52
3,53,9,1441.4,2025-12-08 00:03:53,17190.0,,3,53,9,1566.56311,2025-12-08 00:04:53
3,54,9,1438.3,2025-12-08 00:03:54,16188.0,,3,54,9,1569.590942,2025-12-08 00:04:54
3,55,9,1431.1,2025-12-08 00:03:55,15187.0,,3,55,9,1572.673828,2025-12-08 00:04:55
3,56,9,1460.4,2025-12-08 00:03:56,14186.0,,3,56,9,1575.812134,2025-12-08 00:04:56
3,57,9,1502.6,2025-12-08 00:03:57,13185.0,,3,57,9,1579.00708,2025-12-08 00:04:57
3,58,9,1493.7,2025-12-08 00:03:58,12182.0,,3,58,9,1582.260864,2025-12-08 00:04:58
3,59,9,1492.0,2025-12-08 00:03:59,11178.0,,3,59,9,1585.57373,2025-12-08 00:04:59
4,0,9,1502.4,2025-12-08 00:04:00,69878.0,,4,0,9,1602.301514,2025-12-08 00:05:00
4,1,9,1502.4,2025-12-08 00:04:01,68872.0,,4,1,9,1605.839355,2025-12-08 00:05:01
4,2,9,1492.7,2025-12-08 00:04:02,67870.0,,4,2,9,1609.240723,2025-12-08 00:05:02
4,3,9,1494.2,2025-12-08 00:04:03,66869.0,,4,3,9,1612.838989,2025-12-08 00:05:03
4,4,9,1496.2,2025-12-08 00:04:04,65867.0,,4,4,9,1616.59668,2025-12-08 00:05:04
4,5,9,1498.6,2025-12-08 00:04:05,64862.0,,4,5,9,1620.467773,2025-12-08 00:05:05
4,6,9,1506.0,2025-12-08 00:04:06,63861.0,,4,6,9,1624.425415,2025-12-08 00:05:06
4,7,9,1495.2,2025-12-08 00:04:07,62859.0,,4,7,9,1628.453735,2025-12-08 00:05:07
4,8,9,1501.8,2025-12-08 00:04:08,61855.0,,4,8,9,1632.546021,2025-12-08 00:05:08
4,9,9,1499.9,2025-12-08 00:04:09,60852.0,,4,9,9,1636.696899,2025-12-08 00:05:09
4,10,9,1498.8,2025-12-08 00:04:10,59850.0,,4,10,9,1640.905396,2025-12-08 00:05:10
4,11,9,1496.1,2025-12-08 00:04:11,58848.0,,4,11,9,1645.169312,2025-12-08 00:05:11
4,12,9,1502.9,2025-12-08 00:04:12,57846.0,,4,12,9,1649.48877,2025-12-08 00:05:12
4,13,9,1489.4,2025-12-08 00:04:13,56844.0,,4,13,9,1653.862183,2025-12-08 00:05:13
4,14,9,1487.2,2025-12-08 00:04:14,55841.0,,4,14,9,1658.289429,2025-12-08 00:05:14
4,15,9,1497.3,2025-12-08 00:04:15,54839.0,,4,15,9,1662.767944,2025-12-08 00:05:15
4,16,9,1503.0,2025-12-08 00:04:16,53836.0,,4,16,9,1667.296753,2025-12-08 00:05:16
4,17,9,1494.5,2025-12-08 00:04:17,52835.0,,4,17,9,1671.873779,2025-12-08 00:05:17
4,18,9,1493.1,2025-12-08 00:04:18,51833.0,,4,18,9,1676.498047,2025-12-08 00:05:18
4,19,9,1499.6,2025-12-08 00:04:19,50831.0,,4,19,9,1681.166016,2025-12-08 00:05:19
4,20,9,1501.1,2025-12-08 00:04:20,49829.0,,4,20,9,1685.875488,2025-12-08 00:05:20
4,21,9,1500.6,2025-12-08 00:04:21,48820.0,,4,21,9,1690.623291,2025-12-08 00:05:21
4,22,9,1503.8,2025-12-08 00:04:22,47819.0,,4,22,9,1695.40686,2025-12-08 00:05:22
4,23,9,1488.7,2025-12-08 00:04:23,46816.0,,4,23,9,1700.222778,2025-12-08 00:05:23
4,24,9,1491.8,2025-12-08 00:04:24,45815.0,,4,24,9,1705.067749,2025-12-08 00:05:24
4,25,9,1501.8,2025-12-08 00:04:25,44813.0,,4,25,9,1709.937012,2025-12-08 00:05:25
4,26,9,1495.7,2025-12-08 00:04:26,43809.0,,4,26,9,1714.826416,2025-12-08 00:05:26
4,27,9,1500.4,2025-12-08 00:04:27,42808.0,,4,27,9,1719.733032,2025-12-08 00:05:27
4,28,9,1501.4,2025-12-08 00:04:28,41807.0,,4,28,9,1724.651733,2025-12-08 00:05:28
4,29,9,1510.5,2025-12-08 00:04:29,40800.0,,4,29,9,1729.578125,2025-12-08 00:05:29
4,30,9,1494.8,2025-12-08 00:04:30,39798.0,,4,30,9,1734.507568,2025-12-08 00:05:30
4,31,9,1490.1,2025-12-08 00:04:31,38797.0,,4,31,9,1739.437134,2025-12-08 00:05:31
4,32,9,1505.0,2025-12-08 00:04:32,37796.0,,4,32,9,1744.360962,2025-12-08 00:05:32
4,33,9,1491.3,2025-12-08 00:04:33,36794.0,,4,33,9,1749.272827,2025-12-08 00:05:33
4,34,9,1491.4,2025-12-08 00:04:34,35793.0,,4,34,9,1754.17041,2025-12-08 00:05:34
4,35,9,1485.8,2025-12-08 00:04:35,34792.0,,4,35,9,1759.048096,2025-12-08 00:05:35
4,36,9,1508.1,2025-12-08 00:04:36,33791.0,,4,36,9,1763.901367,2025-12-08 00:05:36
4,37,9,1574.4,2025-12-08 00:04:37,32789.0,,4,37,9,1768.723389,2025-12-08 00:05:37
4,38,9,1572.6,2025-12-08 00:04:38,31788.0,,4,38,9,1773.506958,2025-12-08 00:05:38
4,39,9,1572.7,2025-12-08 00:04:39,30786.0,,4,39,9,1778.255981,2025-12-08 00:05:39
4,40,9,1574.5,2025-12-08 00:04:40,29785.0,,4,40,9,1782.965454,2025-12-08 00:05:40
4,41,9,1580.4,2025-12-08 00:04:41,28784.0,,4,41,9,1787.630859,2025-12-08 00:05:41
4,42,9,1577.1,2025-12-08 00:04:42,27783.0,,4,42,9,1792.247437,2025-12-08 00:05:42
4,43,9,1576.4,2025-12-08 00:04:43,26781.0,,4,43,9,1796.812256,2025-12-08 00:05:43
4,44,9,1578.2,2025-12-08 00:04:44,25780.0,,4,44,9,1801.320801,2025-12-08 00:05:44
4,45,9,1580.5,2025-12-08 00:04:45,24776.0,,4,45,9,1805.769043,2025-12-08 00:05:45
4,46,9,1580.0,2025-12-08 00:04:46,23774.0,,4,46,9,1810.153442,2025-12-08 00:05:46
4,47,9,1578.2,2025-12-08 00:04:47,22773.0,,4,47,9,1814.470703,2025-12-08 00:05:47
4,48,9,1580.8,2025-12-08 00:04:48,21772.0,,4,48,9,1818.717896,2025-12-08 00:05:48
4,49,9,1577.6,2025-12-08 00:04:49,20771.0,,4,49,9,1822.891235,2025-12-08 00:05:49
4,50,9,1584.2,2025-12-08 00:04:50,19768.0,,4,50,9,1826.988647,2025-12-08 00:05:50
4,51,9,1584.3,2025-12-08 00:04:51,18767.0,,4,51,9,1831.006836,2025-12-08 00:05:51
4,52,9,1583.0,2025-12-08 00:04:52,17765.0,,4,52,9,1834.944458,2025-12-08 00:05:52
4,53,9,1575.6,2025-12-08 00:04:53,16762.0,,4,53,9,1838.798584,2025-12-08 00:05:53
4,54,9,1571.6,2025-12-08 00:04:54,15761.0,,4,54,9,1842.568848,2025-12-08 00:05:54
4,55,9,1570.9,2025-12-08 00:04:55,14760.0,,4,55,9,1846.252563,2025-12-08 00:05:55
4,56,9,1571.2,2025-12-08 00:04:56,13758.0,,4,56,9,1849.848389,2025-12-08 00:05:56
4,57,9,1578.6,2025-12-08 00:04:57,12757.0,,4,57,9,1853.355103,2025-12-08 00:05:57
4,58,9,1575.8,2025-12-08 00:04:58,11756.0,,4,58,9,1856.771606,2025-12-08 00:05:58
4,59,9,1573.0,2025-12-08 00:04:59,10755.0,,4,59,9,1860.098389,2025-12-08 00:05:59
5,0,9,1574.6,2025-12-08 00:05:00,70010.0,,5,0,9,1760.428101,2025-12-08 00:06:00
5,1,9,1578.3,2025-12-08 00:05:01,69008.0,,5,1,9,1765.408813,2025-12-08 00:06:01
5,2,9,1573.2,2025-12-08 00:05:02,68006.0,,5,2,9,1769.890625,2025-12-08 00:06:02
5,3,9,1575.7,2025-12-08 00:05:03,67005.0,,5,3,9,1774.530151,2025-12-08 00:06:03
5,4,9,1576.0,2025-12-08 00:05:04,66002.0,,5,4,9,1779.280273,2025-12-08 00:06:04
5,5,9,1574.3,2025-12-08 00:05:05,65001.0,,5,5,9,1784.059692,2025-12-08 00:06:05
5,6,9,1580.3,2025-12-08 00:05:06,63999.0,,5,6,9,1788.817627,2025-12-08 00:06:06
5,7,9,1588.0,2025-12-08 00:05:07,62997.0,,5,7,9,1793.525757,2025-12-08 00:06:07
5,8,9,1572.4,2025-12-08 00:05:08,61994.0,,5,8,9,1798.169312,2025-12-08 00:06:08
5,9,9,1581.6,2025-12-08 00:05:09,60993.0,,5,9,9,1802.74231,2025-12-08 00:06:09
5,10,9,1592.7,2025-12-08 00:05:10,59992.0,,5,10,9,1807.238281,2025-12-08 00:06:10
5,11,9,1573.0,2025-12-08 00:05:11,58990.0,,5,11,9,1811.654785,2025-12-08 00:06:11
5,12,9,1573.7,2025-12-08 00:05:12,57989.0,,5,12,9,1815.993164,2025-12-08 00:06:12
5,13,9,1573.7,2025-12-08 00:05:13,56988.0,,5,13,9,1820.249146,2025-12-08 00:06:13
5,14,9,1574.6,2025-12-08 00:05:14,55987.0,,5,14,9,1824.422119,2025-12-08 00:06:14
5,15,9,1579.2,2025-12-08 00:05:15,54985.0,,5,15,9,1828.510132,2025-12-08 00:06:15
5,16,9,1581.9,2025-12-08 00:05:16,53984.0,,5,16,9,1832.512085,2025-12-08 00:06:16
5,17,9,1581.4,2025-12-08 00:05:17,52982.0,,5,17,9,1836.426758,2025-12-08 00:06:17
5,18,9,1576.5,2025-12-08 00:05:18,51981.0,,5,18,9,1840.253296,2025-12-08 00:06:18
5,19,9,1583.6,2025-12-08 00:05:19,50980.0,,5,19,9,1843.990845,2025-12-08 00:06:19
5,20,9,1583.6,2025-12-08 00:05:20,49976.0,,5,20,9,1847.637451,2025-12-08 00:06:20
5,21,9,1584.4,2025-12-08 00:05:21,48973.0,,5,21,9,1851.192749,2025-12-08 00:06:21
5,22,9,1581.4,2025-12-08 00:05:22,47970.0,,5,22,9,1854.656738,2025-12-08 00:06:22
5,23,9,1577.6,2025-12-08 00:05:23,46969.0,,5,23,9,1858.028931,2025-12-08 00:06:23
5,24,9,1578.5,2025-12-08 00:05:24,45968.0,,5,24,9,1861.309326,2025-12-08 00:06:24
5,25,9,1576.9,2025-12-08 00:05:25,44966.0,,5,25,9,1864.497559,2025-12-08 00:06:25
5,26,9,1641.5,2025-12-08 00:05:26,43965.0,,5,26,9,1867.594116,2025-12-08 00:06:26
5,27,9,1696.7,2025-12-08 00:05:27,42964.0,,5,27,9,1870.593872,2025-12-08 00:06:27
5,28,9,1716.5,2025-12-08 00:05:28,41963.0,,5,28,9,1873.499634,2025-12-08 00:06:28
5,29,9,1705.5,2025-12-08 00:05:29,40955.0,,5,29,9,1876.317383,2025-12-08 00:06:29
5,30,9,1713.5,2025-12-08 00:05:30,39942.0,,5,30,9,1879.050659,2025-12-08 00:06:30
5,31,9,1733.8,2025-12-08 00:05:31,38941.0,,5,31,9,1881.698608,2025-12-08 00:06:31
5,32,9,1716.6,2025-12-08 00:05:32,37939.0,,5,32,9,1884.261719,2025-12-08 00:06:32
5,33,9,1730.6,2025-12-08 00:05:33,36938.0,,5,33,9,1886.744873,2025-12-08 00:06:33
5,34,9,1710.6,2025-12-08 00:05:34,35936.0,,5,34,9,1889.145752,2025-12-08 00:06:34
5,35,9,1713.7,2025-12-08 00:05:35,34934.0,,5,35,9,1891.469482,2025-12-08 00:06:35
5,36,9,1714.3,2025-12-08 00:05:36,33933.0,,5,36,9,1893.7146,2025-12-08 00:06:36
5,37,9,1714.2,2025-12-08 00:05:37,32883.0,,5,37,9,1895.883057,2025-12-08 00:06:37
5,38,9,1709.4,2025-12-08 00:05:38,31877.0,,5,38,9,1897.976929,2025-12-08 00:06:38
5,39,9,1712.6,2025-12-08 00:05:39,30875.0,,5,39,9,1899.997681,2025-12-08 00:06:39
5,40,9,1715.4,2025-12-08 00:05:40,29848.0,,5,40,9,1901.946411,2025-12-08 00:06:40
5,41,9,1713.5,2025-12-08 00:05:41,28757.0,,5,41,9,1903.825073,2025-12-08 00:06:41
5,42,9,1713.1,2025-12-08 00:05:42,27743.0,,5,42,9,1905.635742,2025-12-08 00:06:42
5,43,9,1715.9,2025-12-08 00:05:43,26742.0,,5,43,9,1907.380005,2025-12-08 00:06:43
5,44,9,1711.0,2025-12-08 00:05:44,25724.0,,5,44,9,1909.059326,2025-12-08 00:06:44
5,45,9,1713.1,2025-12-08 00:05:45,24723.0,,5,45,9,1910.676147,2025-12-08 00:06:45
5,46,9,1719.1,2025-12-08 00:05:46,23674.0,,5,46,9,1912.231689,2025-12-08 00:06:46
5,47,9,1708.0,2025-12-08 00:05:47,22564.0,,5,47,9,1913.727295,2025-12-08 00:06:47
5,48,9,1714.9,2025-12-08 00:05:48,21563.0,,5,48,9,1915.166138,2025-12-08 00:06:48
5,49,9,1714.2,2025-12-08 00:05:49,20560.0,,5,49,9,1916.548828,2025-12-08 00:06:49
5,50,9,1716.0,2025-12-08 00:05:50,19557.0,,5,50,9,1917.877075,2025-12-08 00:06:50
5,51,9,1713.9,2025-12-08 00:05:51,18553.0,,5,51,9,1919.152954,2025-12-08 00:06:51
5,52,9,1713.9,2025-12-08 00:05:52,17539.0,,5,52,9,1920.377808,2025-12-08 00:06:52
5,53,9,1711.0,2025-12-08 00:05:53,16538.0,,5,53,9,1921.553711,2025-12-08 00:06:53
5,54,9,1716.9,2025-12-08 00:05:54,15536.0,,5,54,9,1922.682129,2025-12-08 00:06:54
5,55,9,1711.5,2025-12-08 00:05:55,14462.0,,5,55,9,1923.764038,2025-12-08 00:06:55
5,56,9,1711.9,2025-12-08 00:05:56,13438.0,,5,56,9,1924.802002,2025-12-08 00:06:56
5,57,9,1717.3,2025-12-08 00:05:57,12186.0,,5,57,9,1925.796875,2025-12-08 00:06:57
5,58,9,1714.5,2025-12-08 00:05:58,11151.0,,5,58,9,1926.750122,2025-12-08 00:06:58
5,59,9,1711.2,2025-12-08 00:05:59,10148.0,,5,59,9,1927.66333,2025-12-08 00:06:59
6,0,9,1720.2,2025-12-08 00:06:00,69040.0,,6,0,9,1769.319946,2025-12-08 00:07:00
6,1,9,1717.2,2025-12-08 00:06:01,68039.0,,6,1,9,1774.268555,2025-12-08 00:07:01
6,2,9,1720.4,2025-12-08 00:06:02,67037.0,,6,2,9,1778.634033,2025-12-08 00:07:02
6,3,9,1716.2,2025-12-08 00:06:03,66036.0,,6,3,9,1783.157593,2025-12-08 00:07:03
6,4,9,1712.8,2025-12-08 00:06:04,65034.0,,6,4,9,1787.793213,2025-12-08 00:07:04
6,5,9,1715.2,2025-12-08 00:06:05,64033.0,,6,5,9,1792.451904,2025-12-08 00:07:05
6,6,9,1715.8,2025-12-08 00:06:06,63030.0,,6,6,9,1797.078247,2025-12-08 00:07:06
6,7,9,1717.0,2025-12-08 00:06:07,62028.0,,6,7,9,1801.644043,2025-12-08 00:07:07
6,8,9,1712.4,2025-12-08 00:06:08,61001.0,,6,8,9,1806.135498,2025-12-08 00:07:08
6,9,9,1722.2,2025-12-08 00:06:09,59989.0,,6,9,9,1810.546143,2025-12-08 00:07:09
6,10,9,1724.9,2025-12-08 00:06:10,58985.0,,6,10,9,1814.871338,2025-12-08 00:07:10
6,11,9,1714.0,2025-12-08 00:06:11,57983.0,,6,11,9,1819.111084,2025-12-08 00:07:11
6,12,9,1732.0,2025-12-08 00:06:12,56981.0,,6,12,9,1823.266479,2025-12-08 00:07:12
6,13,9,1717.9,2025-12-08 00:06:13,55975.0,,6,13,9,1827.334229,2025-12-08 00:07:13
6,14,9,1714.6,2025-12-08 00:06:14,54974.0,,6,14,9,1831.318481,2025-12-08 00:07:14
6,15,9,1716.2,2025-12-08 00:06:15,53973.0,,6,15,9,1835.217285,2025-12-08 00:07:15
6,16,9,1711.5,2025-12-08 00:06:16,52971.0,,6,16,9,1839.029175,2025-12-08 00:07:16
6,17,9,1712.6,2025-12-08 00:06:17,51970.0,,6,17,9,1842.754639,2025-12-08 00:07:17
6,18,9,1731.1,2025-12-08 00:06:18,50966.0,,6,18,9,1846.392944,2025-12-08 00:07:18
6,19,9,1722.9,2025-12-08 00:06:19,49964.0,,6,19,9,1849.941772,2025-12-08 00:07:19
6,20,9,1718.4,2025-12-08 00:06:20,48962.0,,6,20,9,1853.403687,2025-12-08 00:07:20
6,21,9,1715.5,2025-12-08 00:06:21,47959.0,,6,21,9,1856.778442,2025-12-08 00:07:21
6,22,9,1717.1,2025-12-08 00:06:22,46955.0,,6,22,9,1860.065552,2025-12-08 00:07:22
6,23,9,1717.5,2025-12-08 00:06:23,45953.0,,6,23,9,1863.264404,2025-12-08 00:07:23
6,24,9,1716.6,2025-12-08 00:06:24,44947.0,,6,24,9,1866.375732,2025-12-08 00:07:24
6,25,9,1715.0,2025-12-08 00:06:25,43946.0,,6,25,9,1869.399658,2025-12-08 00:07:25
6,26,9,1724.5,2025-12-08 00:06:26,42945.0,,6,26,9,1872.336792,2025-12-08 00:07:26
6,27,9,1714.9,2025-12-08 00:06:27,41943.0,,6,27,9,1875.186768,2025-12-08 00:07:27
6,28,9,1718.0,2025-12-08 00:06:28,40942.0,,6,28,9,1877.952271,2025-12-08 00:07:28
6,29,9,1712.2,2025-12-08 00:06:29,39941.0,,6,29,9,1880.632935,2025-12-08 00:07:29
6,30,9,1715.4,2025-12-08 00:06:30,38939.0,,6,30,9,1883.230347,2025-12-08 00:07:30
6,31,9,1715.3,2025-12-08 00:06:31,37938.0,,6,31,9,1885.745239,2025-12-08 00:07:31
6,32,9,1725.6,2025-12-08 00:06:32,36937.0,,6,32,9,1888.178955,2025-12-08 00:07:32
6,33,9,1717.7,2025-12-08 00:06:33,35935.0,,6,33,9,1890.531616,2025-12-08 00:07:33
6,34,9,1715.2,2025-12-08 00:06:34,34933.0,,6,34,9,1892.807129,2025-12-08 00:07:34
6,35,9,1713.2,2025-12-08 00:06:35,33931.0,,6,35,9,1895.005615,2025-12-08 00:07:35
6,36,9,1713.5,2025-12-08 00:06:36,32930.0,,6,36,9,1897.128906,2025-12-08 00:07:36
6,37,9,1714.8,2025-12-08 00:06:37,31929.0,,6,37,9,1899.177979,2025-12-08 00:07:37
6,38,9,1715.9,2025-12-08 00:06:38,30928.0,,6,38,9,1901.154907,2025-12-08 00:07:38
6,39,9,1718.8,2025-12-08 00:06:39,29926.0,,6,39,9,1903.061279,2025-12-08 00:07:39
6,40,9,1711.1,2025-12-08 00:06:40,28925.0,,6,40,9,1904.89856,2025-12-08 00:07:40
6,41,9,1715.8,2025-12-08 00:06:41,27924.0,,6,41,9,1906.669189,2025-12-08 00:07:41
6,42,9,1718.3,2025-12-08 00:06:42,26922.0,,6,42,9,1908.374512,2025-12-08 00:07:42
6,43,9,1716.1,2025-12-08 00:06:43,25921.0,,6,43,9,1910.015991,2025-12-08 00:07:43
6,44,9,1719.5,2025-12-08 00:06:44,24919.0,,6,44,9,1911.595825,2025-12-08 00:07:44
6,45,9,1715.4,2025-12-08 00:06:45,23918.0,,6,45,9,1913.115479,2025-12-08 00:07:45
6,46,9,1715.0,2025-12-08 00:06:46,22916.0,,6,46,9,1914.577148,2025-12-08 00:07:46
6,47,9,1712.3,2025-12-08 00:06:47,21915.0,,6,47,9,1915.982178,2025-12-08 00:07:47
6,48,9,1717.7,2025-12-08 00:06:48,20914.0,,6,48,9,1917.332642,2025-12-08 00:07:48
6,49,9,1718.8,2025-12-08 00:06:49,19911.0,,6,49,9,1918.629761,2025-12-08 00:07:49
6,50,9,1717.0,2025-12-08 00:06:50,18910.0,,6,50,9,1919.875,2025-12-08 00:07:50
6,51,9,1718.6,2025-12-08 00:06:51,17908.0,,6,51,9,1921.071045,2025-12-08 00:07:51
6,52,9,1713.6,2025-12-08 00:06:52,16907.0,,6,52,9,1922.21875,2025-12-08 00:07:52
6,53,9,1714.8,2025-12-08 00:06:53,15905.0,,6,53,9,1923.32019,2025-12-08 00:07:53
6,54,9,1712.2,2025-12-08 00:06:54,14903.0,,6,54,9,1924.376465,2025-12-08 00:07:54
6,55,9,1716.4,2025-12-08 00:06:55,13902.0,,6,55,9,1925.389282,2025-12-08 00:07:55
6,56,9,1723.6,2025-12-08 00:06:56,12900.0,,6,56,9,1926.359863,2025-12-08 00:07:56
6,57,9,1726.0,2025-12-08 00:06:57,11899.0,,6,57,9,1927.289307,2025-12-08 00:07:57
6,58,9,1716.0,2025-12-08 00:06:58,10898.0,,6,58,9,1928.180054,2025-12-08 00:07:58
6,59,9,1715.3,2025-12-08 00:06:59,9896.0,,6,59,9,1929.033203,2025-12-08 00:07:59
7,0,9,1721.8,2025-12-08 00:07:00,69010.0,,7,0,9,1769.250366,2025-12-08 00:08:00
7,1,9,1719.8,2025-12-08 00:07:01,68009.0,,7,1,9,1774.174194,2025-12-08 00:08:01
7,2,9,1720.6,2025-12-08 00:07:02,67008.0,,7,2,9,1778.562988,2025-12-08 00:08:02
7,3,9,1719.7,2025-12-08 00:07:03,66006.0,,7,3,9,1783.103027,2025-12-08 00:08:03
7,4,9,1715.1,2025-12-08 00:07:04,65005.0,,7,4,9,1787.74646,2025-12-08 00:08:04
7,5,9,1712.1,2025-12-08 00:07:05,64004.0,,7,5,9,1792.408203,2025-12-08 00:08:05
7,6,9,1712.1,2025-12-08 00:07:06,63002.0,,7,6,9,1797.036499,2025-12-08 00:08:06
7,7,9,1716.0,2025-12-08 00:07:07,62001.0,,7,7,9,1801.603638,2025-12-08 00:08:07
7,8,9,1711.3,2025-12-08 00:07:08,61000.0,,7,8,9,1806.095093,2025-12-08 00:08:08
7,9,9,1720.0,2025-12-08 00:07:09,59999.0,,7,9,9,1810.505859,2025-12-08 00:08:09
7,10,9,1712.6,2025-12-08 00:07:10,58995.0,,7,10,9,1814.831543,2025-12-08 00:08:10
7,11,9,1717.0,2025-12-08 00:07:11,57994.0,,7,11,9,1819.073242,2025-12-08 00:08:11
7,12,9,1713.0,2025-12-08 00:07:12,56992.0,,7,12,9,1823.228882,2025-12-08 00:08:12
7,13,9,1717.1,2025-12-08 00:07:13,55991.0,,7,13,9,1827.299438,2025-12-08 00:08:13
7,14,9,1713.8,2025-12-08 00:07:14,54987.0,,7,14,9,1831.283813,2025-12-08 00:08:14
7,15,9,1718.7,2025-12-08 00:07:15,53985.0,,7,15,9,1835.182861,2025-12-08 00:08:15
7,16,9,1716.0,2025-12-08 00:07:16,52984.0,,7,16,9,1838.994873,2025-12-08 00:08:16
7,17,9,1716.0,2025-12-08 00:07:17,51981.0,,7,17,9,1842.720337,2025-12-08 00:08:17
7,18,9,1716.9,2025-12-08 00:07:18,50979.0,,7,18,9,1846.359131,2025-12-08 00:08:18
7,19,9,1723.6,2025-12-08 00:07:19,49978.0,,7,19,9,1849.910278,2025-12-08 00:08:19
7,20,9,1722.3,2025-12-08 00:07:20,48976.0,,7,20,9,1853.372925,2025-12-08 00:08:20
7,21,9,1713.9,2025-12-08 00:07:21,47975.0,,7,21,9,1856.747803,2025-12-08 00:08:21
7,22,9,1712.3,2025-12-08 00:07:22,46974.0,,7,22,9,1860.035645,2025-12-08 00:08:22
7,23,9,1718.7,2025-12-08 00:07:23,45973.0,,7,23,9,1863.235718,2025-12-08 00:08:23
7,24,9,1719.6,2025-12-08 00:07:24,44971.0,,7,24,9,1866.34729,2025-12-08 00:08:24
7,25,9,1715.6,2025-12-08 00:07:25,43969.0,,7,25,9,1869.37146,2025-12-08 00:08:25
7,26,9,1720.2,2025-12-08 00:07:26,42968.0,,7,26,9,1872.30896,2025-12-08 00:08:26
7,27,9,1709.9,2025-12-08 00:07:27,41966.0,,7,27,9,1875.160156,2025-12-08 00:08:27
7,28,9,1715.4,2025-12-08 00:07:28,40964.0,,7,28,9,1877.926636,2025-12-08 00:08:28
7,29,9,1715.3,2025-12-08 00:07:29,39961.0,,7,29,9,1880.607788,2025-12-08 00:08:29
7,30,9,1735.3,2025-12-08 00:07:30,38960.0,,7,30,9,1883.205322,2025-12-08 00:08:30
7,31,9,1715.4,2025-12-08 00:07:31,37954.0,,7,31,9,1885.71875,2025-12-08 00:08:31
7,32,9,1717.4,2025-12-08 00:07:32,36952.0,,7,32,9,1888.15332,2025-12-08 00:08:32
7,33,9,1717.8,2025-12-08 00:07:33,35950.0,,7,33,9,1890.507446,2025-12-08 00:08:33
7,34,9,1714.9,2025-12-08 00:07:34,34949.0,,7,34,9,1892.783691,2025-12-08 00:08:34
7,35,9,1715.1,2025-12-08 00:07:35,33947.0,,7,35,9,1894.982666,2025-12-08 00:08:35
7,36,9,1714.9,2025-12-08 00:07:36,32946.0,,7,36,9,1897.106323,2025-12-08 00:08:36
7,37,9,1718.0,2025-12-08 00:07:37,31938.0,,7,37,9,1899.156006,2025-12-08 00:08:37
7,38,9,1717.1,2025-12-08 00:07:38,30936.0,,7,38,9,1901.133301,2025-12-08 00:08:38
7,39,9,1717.5,2025-12-08 00:07:39,29931.0,,7,39,9,1903.040405,2025-12-08 00:08:39
7,40,9,1716.6,2025-12-08 00:07:40,28930.0,,7,40,9,1904.878662,2025-12-08 00:08:40
7,41,9,1717.9,2025-12-08 00:07:41,27924.0,,7,41,9,1906.650024,2025-12-08 00:08:41
7,42,9,1723.3,2025-12-08 00:07:42,26923.0,,7,42,9,1908.355835,2025-12-08 00:08:42
7,43,9,1711.1,2025-12-08 00:07:43,25921.0,,7,43,9,1909.998169,2025-12-08 00:08:43
7,44,9,1707.5,2025-12-08 00:07:44,24919.0,,7,44,9,1911.579224,2025-12-08 00:08:44
7,45,9,1714.3,2025-12-08 00:07:45,23916.0,,7,45,9,1913.100342,2025-12-08 00:08:45
7,46,9,1715.9,2025-12-08 00:07:46,22915.0,,7,46,9,1914.562744,2025-12-08 00:08:46
7,47,9,1719.1,2025-12-08 00:07:47,21910.0,,7,47,9,1915.968384,2025-12-08 00:08:47
7,48,9,1714.1,2025-12-08 00:07:48,20909.0,,7,48,9,1917.319092,2025-12-08 00:08:48
7,49,9,1714.9,2025-12-08 00:07:49,19904.0,,7,49,9,1918.616943,2025-12-08 00:08:49
7,50,9,1714.1,2025-12-08 00:07:50,18902.0,,7,50,9,1919.863403,2025-12-08 00:08:50
7,51,9,1717.5,2025-12-08 00:07:51,17900.0,,7,51,9,1921.060059,2025-12-08 00:08:51
7,52,9,1712.8,2025-12-08 00:07:52,16898.0,,7,52,9,1922.208374,2025-12-08 00:08:52
7,53,9,1713.8,2025-12-08 00:07:53,15893.0,,7,53,9,1923.310181,2025-12-08 00:08:53
7,54,9,1713.5,2025-12-08 00:07:54,14891.0,,7,54,9,1924.366577,2025-12-08 00:08:54
7,55,9,1718.4,2025-12-08 00:07:55,13889.0,,7,55,9,1925.379883,2025-12-08 00:08:55
7,56,9,1722.0,2025-12-08 00:07:56,12882.0,,7,56,9,1926.350708,2025-12-08 00:08:56
7,57,9,1721.0,2025-12-08 00:07:57,11881.0,,7,57,9,1927.280762,2025-12-08 00:08:57
7,58,9,1720.2,2025-12-08 00:07:58,10879.0,,7,58,9,1928.171997,2025-12-08 00:08:58
7,59,9,1718.3,2025-12-08 00:07:59,9878.0,,7,59,9,1929.025635,2025-12-08 00:08:59
8,0,9,1721.1,2025-12-08 00:08:00,69694.0,,8,0,9,1774.410645,2025-12-08 00:09:00
8,1,9,1722.0,2025-12-08 00:08:01,68683.0,,8,1,9,1779.250244,2025-12-08 00:09:01
8,2,9,1719.3,2025-12-08 00:08:02,67680.0,,8,2,9,1783.587402,2025-12-08 00:09:02
8,3,9,1715.9,2025-12-08 00:08:03,66679.0,,8,3,9,1788.082886,2025-12-08 00:09:03
8,4,9,1725.0,2025-12-08 00:08:04,65678.0,,8,4,9,1792.68103,2025-12-08 00:09:04
8,5,9,1716.1,2025-12-08 00:08:05,64676.0,,8,5,9,1797.292236,2025-12-08 00:09:05
8,6,9,1718.0,2025-12-08 00:08:06,63675.0,,8,6,9,1801.866943,2025-12-08 00:09:06
8,7,9,1716.4,2025-12-08 00:08:07,62672.0,,8,7,9,1806.375244,2025-12-08 00:09:07
8,8,9,1717.5,2025-12-08 00:08:08,61669.0,,8,8,9,1810.804565,2025-12-08 00:09:08
8,9,9,1717.5,2025-12-08 00:08:09,60665.0,,8,9,9,1815.148071,2025-12-08 00:09:09
8,10,9,1719.2,2025-12-08 00:08:10,59664.0,,8,10,9,1819.40332,2025-12-08 00:09:10
8,11,9,1718.6,2025-12-08 00:08:11,58663.0,,8,11,9,1823.569458,2025-12-08 00:09:11
8,12,9,1719.1,2025-12-08 00:08:12,57660.0,,8,12,9,1827.646729,2025-12-08 00:09:12
8,13,9,1719.1,2025-12-08 00:08:13,56654.0,,8,13,9,1831.635864,2025-12-08 00:09:13
8,14,9,1721.4,2025-12-08 00:08:14,55649.0,,8,14,9,1835.536499,2025-12-08 00:09:14
8,15,9,1714.1,2025-12-08 00:08:15,54648.0,,8,15,9,1839.348389,2025-12-08 00:09:15
8,16,9,1715.5,2025-12-08 00:08:16,53645.0,,8,16,9,1843.073242,2025-12-08 00:09:16
8,17,9,1717.7,2025-12-08 00:08:17,52644.0,,8,17,9,1846.70874,2025-12-08 00:09:17
8,18,9,1717.6,2025-12-08 00:08:18,51642.0,,8,18,9,1850.255737,2025-12-08 00:09:18
8,19,9,1721.0,2025-12-08 00:08:19,50640.0,,8,19,9,1853.713745,2025-12-08 00:09:19
8,20,9,1725.3,2025-12-08 00:08:20,49638.0,,8,20,9,1857.082642,2025-12-08 00:09:20
8,21,9,1716.8,2025-12-08 00:08:21,48636.0,,8,21,9,1860.362427,2025-12-08 00:09:21
8,22,9,1717.6,2025-12-08 00:08:22,47635.0,,8,22,9,1863.554932,2025-12-08 00:09:22
8,23,9,1715.8,2025-12-08 00:08:23,46631.0,,8,23,9,1866.659058,2025-12-08 00:09:23
8,24,9,1728.3,2025-12-08 00:08:24,45629.0,,8,24,9,1869.675415,2025-12-08 00:09:24
8,25,9,1718.6,2025-12-08 00:08:25,44623.0,,8,25,9,1872.603638,2025-12-08 00:09:25
8,26,9,1726.3,2025-12-08 00:08:26,43618.0,,8,26,9,1875.446289,2025-12-08 00:09:26
8,27,9,1718.6,2025-12-08 00:08:27,42616.0,,8,27,9,1878.202637,2025-12-08 00:09:27
8,28,9,1721.7,2025-12-08 00:08:28,41615.0,,8,28,9,1880.875366,2025-12-08 00:09:28
8,29,9,1715.9,2025-12-08 00:08:29,40598.0,,8,29,9,1883.463745,2025-12-08 00:09:29
8,30,9,1721.1,2025-12-08 00:08:30,39595.0,,8,30,9,1885.970459,2025-12-08 00:09:30
8,31,9,1717.3,2025-12-08 00:08:31,38582.0,,8,31,9,1888.395508,2025-12-08 00:09:31
8,32,9,1718.4,2025-12-08 00:08:32,37580.0,,8,32,9,1890.740845,2025-12-08 00:09:32
8,33,9,1723.4,2025-12-08 00:08:33,36577.0,,8,33,9,1893.00769,2025-12-08 00:09:33
8,34,9,1735.5,2025-12-08 00:08:34,35575.0,,8,34,9,1895.197266,2025-12-08 00:09:34
8,35,9,1720.1,2025-12-08 00:08:35,34573.0,,8,35,9,1897.310791,2025-12-08 00:09:35
8,36,9,1721.4,2025-12-08 00:08:36,33571.0,,8,36,9,1899.351807,2025-12-08 00:09:36
8,37,9,1720.0,2025-12-08 00:08:37,32568.0,,8,37,9,1901.321167,2025-12-08 00:09:37
8,38,9,1720.5,2025-12-08 00:08:38,31563.0,,8,38,9,1903.219849,2025-12-08 00:09:38
8,39,9,1722.6,2025-12-08 00:08:39,30555.0,,8,39,9,1905.050171,2025-12-08 00:09:39
8,40,9,1722.8,2025-12-08 00:08:40,29552.0,,8,40,9,1906.813232,2025-12-08 00:09:40
8,41,9,1718.8,2025-12-08 00:08:41,28548.0,,8,41,9,1908.51123,2025-12-08 00:09:41
8,42,9,1733.7,2025-12-08 00:08:42,27546.0,,8,42,9,1910.146606,2025-12-08 00:09:42
8,43,9,1719.3,2025-12-08 00:08:43,26544.0,,8,43,9,1911.718994,2025-12-08 00:09:43
8,44,9,1719.6,2025-12-08 00:08:44,25541.0,,8,44,9,1913.233154,2025-12-08 00:09:44
8,45,9,1724.4,2025-12-08 00:08:45,24538.0,,8,45,9,1914.688965,2025-12-08 00:09:45
8,46,9,1722.0,2025-12-08 00:08:46,23535.0,,8,46,9,1916.088257,2025-12-08 00:09:46
8,47,9,1718.1,2025-12-08 00:08:47,22524.0,,8,47,9,1917.43335,2025-12-08 00:09:47
8,48,9,1719.6,2025-12-08 00:08:48,21519.0,,8,48,9,1918.725586,2025-12-08 00:09:48
8,49,9,1718.7,2025-12-08 00:08:49,20518.0,,8,49,9,1919.966553,2025-12-08 00:09:49
8,50,9,1736.2,2025-12-08 00:08:50,19517.0,,8,50,9,1921.158081,2025-12-08 00:09:50
8,51,9,1730.9,2025-12-08 00:08:51,18516.0,,8,51,9,1922.300659,2025-12-08 00:09:51
8,52,9,1719.2,2025-12-08 00:08:52,17480.0,,8,52,9,1923.397583,2025-12-08 00:09:52
8,53,9,1719.9,2025-12-08 00:08:53,16477.0,,8,53,9,1924.450195,2025-12-08 00:09:53
8,54,9,1719.0,2025-12-08 00:08:54,15473.0,,8,54,9,1925.459717,2025-12-08 00:09:54
8,55,9,1720.3,2025-12-08 00:08:55,14472.0,,8,55,9,1926.427368,2025-12-08 00:09:55
8,56,9,1722.1,2025-12-08 00:08:56,13467.0,,8,56,9,1927.354614,2025-12-08 00:09:56
8,57,9,1722.8,2025-12-08 00:08:57,12429.0,,8,57,9,1928.243042,2025-12-08 00:09:57
8,58,9,1722.4,2025-12-08 00:08:58,11364.0,,8,58,9,1929.093628,2025-12-08 00:09:58
8,59,9,1725.1,2025-12-08 00:08:59,10361.0,,8,59,9,1929.908081,2025-12-08 00:09:59
9,0,9,1722.0,2025-12-08 00:09:00,68285.0,,9,0,9,1780.684326,2025-12-08 00:10:00
9,1,9,1724.8,2025-12-08 00:09:01,67215.0,,9,1,9,1787.598999,2025-12-08 00:10:01
9,2,9,1722.8,2025-12-08 00:09:02,66015.0,,9,2,9,1794.870728,2025-12-08 00:10:02
9,3,9,1725.5,2025-12-08 00:09:03,64987.0,,9,3,9,1802.81189,2025-12-08 00:10:03
9,4,9,1725.8,2025-12-08 00:09:04,63986.0,,9,4,9,1811.277466,2025-12-08 00:10:04
9,5,9,1722.7,2025-12-08 00:09:05,62931.0,,9,5,9,1820.15271,2025-12-08 00:10:05
9,6,9,1724.1,2025-12-08 00:09:06,61835.0,,9,6,9,1829.370483,2025-12-08 00:10:06
9,7,9,1720.4,2025-12-08 00:09:07,60555.0,,9,7,9,1838.891846,2025-12-08 00:10:07
9,8,9,1723.6,2025-12-08 00:09:08,59453.0,,9,8,9,1848.695923,2025-12-08 00:10:08
9,9,9,1724.6,2025-12-08 00:09:09,58453.0,,9,9,9,1858.769653,2025-12-08 00:10:09
9,10,9,1723.8,2025-12-08 00:09:10,57407.0,,9,10,9,1869.105957,2025-12-08 00:10:10
9,11,9,1720.3,2025-12-08 00:09:11,56361.0,,9,11,9,1879.700928,2025-12-08 00:10:11
9,12,9,1724.2,2025-12-08 00:09:12,55360.0,,9,12,9,1890.551025,2025-12-08 00:10:12
9,13,9,1722.8,2025-12-08 00:09:13,54358.0,,9,13,9,1901.651611,2025-12-08 00:10:13
9,14,9,1723.1,2025-12-08 00:09:14,53356.0,,9,14,9,1912.99939,2025-12-08 00:10:14
9,15,9,1727.6,2025-12-08 00:09:15,52354.0,,9,15,9,1924.589233,2025-12-08 00:10:15
9,16,9,1727.6,2025-12-08 00:09:16,51349.0,,9,16,9,1936.414795,2025-12-08 00:10:16
9,17,9,1732.4,2025-12-08 00:09:17,50348.0,,9,17,9,1948.468994,2025-12-08 00:10:17
9,18,9,1727.4,2025-12-08 00:09:18,49347.0,,9,18,9,1960.742676,2025-12-08 00:10:18
9,19,9,1729.1,2025-12-08 00:09:19,48340.0,,9,19,9,1973.22644,2025-12-08 00:10:19
9,20,9,1729.4,2025-12-08 00:09:20,47339.0,,9,20,9,1985.907349,2025-12-08 00:10:20
9,21,9,1733.0,2025-12-08 00:09:21,46336.0,,9,21,9,1998.772949,2025-12-08 00:10:21
9,22,9,1721.0,2025-12-08 00:09:22,45329.0,,9,22,9,2011.807129,2025-12-08 00:10:22
9,23,9,1734.3,2025-12-08 00:09:23,44312.0,,9,23,9,2024.994995,2025-12-08 00:10:23
9,24,9,1727.2,2025-12-08 00:09:24,43306.0,,9,24,9,2038.31604,2025-12-08 00:10:24
9,25,9,1726.7,2025-12-08 00:09:25,42299.0,,9,25,9,2051.752441,2025-12-08 00:10:25
9,26,9,1727.4,2025-12-08 00:09:26,41297.0,,9,26,9,2065.283447,2025-12-08 00:10:26
9,27,9,1728.0,2025-12-08 00:09:27,40297.0,,9,27,9,2078.886963,2025-12-08 00:10:27
9,28,9,1729.5,2025-12-08 00:09:28,39296.0,,9,28,9,2092.540771,2025-12-08 00:10:28
9,29,9,1728.5,2025-12-08 00:09:29,38293.0,,9,29,9,2106.220703,2025-12-08 00:10:29
9,30,9,1728.1,2025-12-08 00:09:30,37288.0,,9,30,9,2119.904785,2025-12-08 00:10:30
9,31,9,1746.0,2025-12-08 00:09:31,36287.0,,9,31,9,2133.567871,2025-12-08 00:10:31
9,32,9,1726.8,2025-12-08 00:09:32,35257.0,,9,32,9,2147.186768,2025-12-08 00:10:32
9,33,9,1729.1,2025-12-08 00:09:33,34253.0,,9,33,9,2160.739258,2025-12-08 00:10:33
9,34,9,1724.5,2025-12-08 00:09:34,33240.0,,9,34,9,2174.201904,2025-12-08 00:10:34
9,35,9,1727.9,2025-12-08 00:09:35,32234.0,,9,35,9,2187.553467,2025-12-08 00:10:35
9,36,9,1732.3,2025-12-08 00:09:36,31233.0,,9,36,9,2200.773193,2025-12-08 00:10:36
9,37,9,1731.4,2025-12-08 00:09:37,30229.0,,9,37,9,2213.841309,2025-12-08 00:10:37
9,38,9,1731.4,2025-12-08 00:09:38,29226.0,,9,38,9,2226.740234,2025-12-08 00:10:38
9,39,9,1728.4,2025-12-08 00:09:39,28220.0,,9,39,9,2239.453125,2025-12-08 00:10:39
9,40,9,1729.6,2025-12-08 00:09:40,27217.0,,9,40,9,2251.965088,2025-12-08 00:10:40
9,41,9,1729.0,2025-12-08 00:09:41,26216.0,,9,41,9,2264.262451,2025-12-08 00:10:41
9,42,9,1736.9,2025-12-08 00:09:42,25211.0,,9,42,9,2276.334229,2025-12-08 00:10:42
9,43,9,1727.1,2025-12-08 00:09:43,24207.0,,9,43,9,2288.169189,2025-12-08 00:10:43
9,44,9,1727.7,2025-12-08 00:09:44,23206.0,,9,44,9,2299.759521,2025-12-08 00:10:44
9,45,9,1723.9,2025-12-08 00:09:45,22204.0,,9,45,9,2311.097656,2025-12-08 00:10:45
9,46,9,1729.2,2025-12-08 00:09:46,21203.0,,9,46,9,2322.178467,2025-12-08 00:10:46
9,47,9,1727.6,2025-12-08 00:09:47,20201.0,,9,47,9,2332.997559,2025-12-08 00:10:47
9,48,9,1730.3,2025-12-08 00:09:48,19200.0,,9,48,9,2343.552002,2025-12-08 00:10:48
9,49,9,1723.3,2025-12-08 00:09:49,18198.0,,9,49,9,2353.839844,2025-12-08 00:10:49
9,50,9,1726.2,2025-12-08 00:09:50,17197.0,,9,50,9,2363.860352,2025-12-08 00:10:50
9,51,9,1744.8,2025-12-08 00:09:51,16196.0,,9,51,9,2373.614258,2025-12-08 00:10:51
9,52,9,1729.0,2025-12-08 00:09:52,15193.0,,9,52,9,2383.102783,2025-12-08 00:10:52
9,53,9,1726.6,2025-12-08 00:09:53,14190.0,,9,53,9,2392.326416,2025-12-08 00:10:53
9,54,9,1727.1,2025-12-08 00:09:54,13187.0,,9,54,9,2401.289307,2025-12-08 00:10:54
9,55,9,1724.2,2025-12-08 00:09:55,12185.0,,9,55,9,2409.993896,2025-12-08 00:10:55
9,56,9,1728.9,2025-12-08 00:09:56,11182.0,,9,56,9,2418.44458,2025-12-08 00:10:56
9,57,9,1739.4,2025-12-08 00:09:57,10180.0,,9,57,9,2426.644775,2025-12-08 00:10:57
9,58,9,1729.8,2025-12-08 00:09:58,9175.0,,9,58,9,2434.599365,2025-12-08 00:10:58
9,59,9,1730.1,2025-12-08 00:09:59,8173.0,,9,59,9,2442.312988,2025-12-08 00:10:59
10,0,9,1734.0,2025-12-08 00:10:00,84233.0,,10,0,9,951.584778,2025-12-08 00:11:00
10,1,9,1729.0,2025-12-08 00:10:01,83230.0,,10,1,9,970.143066,2025-12-08 00:11:01
10,2,9,1734.1,2025-12-08 00:10:02,82230.0,,10,2,9,988.917419,2025-12-08 00:11:02
10,3,9,1736.5,2025-12-08 00:10:03,81228.0,,10,3,9,1009.304138,2025-12-08 00:11:03
10,4,9,1733.3,2025-12-08 00:10:04,80228.0,,10,4,9,1029.942261,2025-12-08 00:11:04
10,5,9,1733.2,2025-12-08 00:10:05,79227.0,,10,5,9,1050.034424,2025-12-08 00:11:05
10,6,9,1732.9,2025-12-08 00:10:06,78225.0,,10,6,9,1069.171631,2025-12-08 00:11:06
10,7,9,1729.5,2025-12-08 00:10:07,77224.0,,10,7,9,1087.177856,2025-12-08 00:11:07
10,8,9,1556.0,2025-12-08 00:10:08,76223.0,,10,8,9,1104.009399,2025-12-08 00:11:08
10,9,9,1562.2,2025-12-08 00:10:09,75222.0,,10,9,9,1119.69458,2025-12-08 00:11:09
10,10,9,1567.8,2025-12-08 00:10:10,74221.0,,10,10,9,1134.296387,2025-12-08 00:11:10
10,11,9,1572.5,2025-12-08 00:10:11,73220.0,,10,11,9,1147.8927,2025-12-08 00:11:11
10,12,9,1525.8,2025-12-08 00:10:12,72219.0,,10,12,9,1160.564575,2025-12-08 00:11:12
10,13,9,708.1,2025-12-08 00:10:13,71215.0,,10,13,9,1172.390259,2025-12-08 00:11:13
10,14,9,736.6,2025-12-08 00:10:14,70211.0,,10,14,9,1183.441895,2025-12-08 00:11:14
10,15,9,742.0,2025-12-08 00:10:15,69210.0,,10,15,9,1193.786865,2025-12-08 00:11:15
10,16,9,743.0,2025-12-08 00:10:16,68209.0,,10,16,9,1203.485107,2025-12-08 00:11:16
10,17,9,775.3,2025-12-08 00:10:17,67207.0,,10,17,9,1212.591553,2025-12-08 00:11:17
10,18,9,743.2,2025-12-08 00:10:18,66205.0,,10,18,9,1221.155396,2025-12-08 00:11:18
10,19,9,753.7,2025-12-08 00:10:19,65204.0,,10,19,9,1229.220947,2025-12-08 00:11:19
10,20,9,747.2,2025-12-08 00:10:20,64203.0,,10,20,9,1236.828613,2025-12-08 00:11:20
10,21,9,744.8,2025-12-08 00:10:21,63202.0,,10,21,9,1244.015015,2025-12-08 00:11:21
10,22,9,741.4,2025-12-08 00:10:22,62201.0,,10,22,9,1250.813599,2025-12-08 00:11:22
10,23,9,741.7,2025-12-08 00:10:23,61200.0,,10,23,9,1257.254761,2025-12-08 00:11:23
10,24,9,741.1,2025-12-08 00:10:24,60198.0,,10,24,9,1263.366577,2025-12-08 00:11:24
10,25,9,739.0,2025-12-08 00:10:25,59197.0,,10,25,9,1269.174194,2025-12-08 00:11:25
10,26,9,744.7,2025-12-08 00:10:26,58195.0,,10,26,9,1274.70105,2025-12-08 00:11:26
10,27,9,741.8,2025-12-08 00:10:27,57194.0,,10,27,9,1279.968506,2025-12-08 00:11:27
10,28,9,742.2,2025-12-08 00:10:28,56193.0,,10,28,9,1284.995728,2025-12-08 00:11:28
10,29,9,741.0,2025-12-08 00:10:29,55191.0,,10,29,9,1289.800903,2025-12-08 00:11:29
10,30,9,741.4,2025-12-08 00:10:30,54190.0,,10,30,9,1294.400024,2025-12-08 00:11:30
10,31,9,747.2,2025-12-08 00:10:31,53189.0,,10,31,9,1298.808228,2025-12-08 00:11:31
10,32,9,741.4,2025-12-08 00:10:32,52187.0,,10,32,9,1303.03894,2025-12-08 00:11:32
10,33,9,745.0,2025-12-08 00:10:33,51186.0,,10,33,9,1307.104736,2025-12-08 00:11:33
10,34,9,741.6,2025-12-08 00:10:34,50185.0,,10,34,9,1311.016968,2025-12-08 00:11:34
10,35,9,743.5,2025-12-08 00:10:35,49181.0,,10,35,9,1314.786133,2025-12-08 00:11:35
10,36,9,743.4,2025-12-08 00:10:36,48162.0,,10,36,9,1318.421631,2025-12-08 00:11:36
10,37,9,744.3,2025-12-08 00:10:37,47135.0,,10,37,9,1321.932373,2025-12-08 00:11:37
10,38,9,743.1,2025-12-08 00:10:38,46133.0,,10,38,9,1325.32605,2025-12-08 00:11:38
10,39,9,744.0,2025-12-08 00:10:39,45131.0,,10,39,9,1328.610474,2025-12-08 00:11:39
10,40,9,744.9,2025-12-08 00:10:40,44129.0,,10,40,9,1331.792114,2025-12-08 00:11:40
10,41,9,742.9,2025-12-08 00:10:41,43127.0,,10,41,9,1334.877197,2025-12-08 00:11:41
10,42,9,746.7,2025-12-08 00:10:42,42125.0,,10,42,9,1337.871582,2025-12-08 00:11:42
10,43,9,736.2,2025-12-08 00:10:43,41124.0,,10,43,9,1340.780273,2025-12-08 00:11:43
10,44,9,702.7,2025-12-08 00:10:44,40121.0,,10,44,9,1343.608643,2025-12-08 00:11:44
10,45,9,596.2,2025-12-08 00:10:45,39119.0,,10,45,9,1346.360474,2025-12-08 00:11:45
10,46,9,594.8,2025-12-08 00:10:46,38106.0,,10,46,9,1349.040527,2025-12-08 00:11:46
10,47,9,595.2,2025-12-08 00:10:47,37103.0,,10,47,9,1351.652344,2025-12-08 00:11:47
10,48,9,602.1,2025-12-08 00:10:48,36100.0,,10,48,9,1354.199585,2025-12-08 00:11:48
10,49,9,592.5,2025-12-08 00:10:49,35097.0,,10,49,9,1356.686035,2025-12-08 00:11:49
10,50,9,593.8,2025-12-08 00:10:50,34094.0,,10,50,9,1359.114136,2025-12-08 00:11:50
10,51,9,597.9,2025-12-08 00:10:51,33090.0,,10,51,9,1361.487305,2025-12-08 00:11:51
10,52,9,597.4,2025-12-08 00:10:52,32087.0,,10,52,9,1363.808228,2025-12-08 00:11:52
10,53,9,594.4,2025-12-08 00:10:53,31087.0,,10,53,9,1366.079346,2025-12-08 00:11:53
10,54,9,594.6,2025-12-08 00:10:54,30082.0,,10,54,9,1368.303101,2025-12-08 00:11:54
10,55,9,596.2,2025-12-08 00:10:55,29081.0,,10,55,9,1370.481689,2025-12-08 00:11:55
10,56,9,601.4,2025-12-08 00:10:56,28080.0,,10,56,9,1372.617188,2025-12-08 00:11:56
10,57,9,660.7,2025-12-08 00:10:57,27077.0,,10,57,9,1374.711792,2025-12-08 00:11:57
10,58,9,611.3,2025-12-08 00:10:58,26074.0,,10,58,9,1376.767334,2025-12-08 00:11:58
10,59,9,611.6,2025-12-08 00:10:59,25070.0,,10,59,9,1378.785278,2025-12-08 00:11:59
11,0,9,610.8,2025-12-08 00:11:00,68660.0,,11,0,9,1000.768799,2025-12-08 00:12:00
11,1,9,625.6,2025-12-08 00:11:01,67658.0,,11,1,9,1016.41687,2025-12-08 00:12:01
11,2,9,613.3,2025-12-08 00:11:02,66656.0,,11,2,9,1032.629883,2025-12-08 00:12:02
11,3,9,613.0,2025-12-08 00:11:03,65654.0,,11,3,9,1050.118042,2025-12-08 00:12:03
11,4,9,612.3,2025-12-08 00:11:04,64650.0,,11,4,9,1067.784546,2025-12-08 00:12:04
11,5,9,610.6,2025-12-08 00:11:05,63648.0,,11,5,9,1084.994751,2025-12-08 00:12:05
11,6,9,613.9,2025-12-08 00:11:06,62645.0,,11,6,9,1101.424561,2025-12-08 00:12:06
11,7,9,625.0,2025-12-08 00:11:07,61643.0,,11,7,9,1116.933472,2025-12-08 00:12:07
11,8,9,616.6,2025-12-08 00:11:08,60642.0,,11,8,9,1131.485107,2025-12-08 00:12:08
11,9,9,615.9,2025-12-08 00:11:09,59641.0,,11,9,9,1145.10022,2025-12-08 00:12:09
11,10,9,615.9,2025-12-08 00:11:10,58640.0,,11,10,9,1157.827026,2025-12-08 00:12:10
11,11,9,616.0,2025-12-08 00:11:11,57637.0,,11,11,9,1169.72644,2025-12-08 00:12:11
11,12,9,615.8,2025-12-08 00:11:12,56636.0,,11,12,9,1180.86145,2025-12-08 00:12:12
11,13,9,616.9,2025-12-08 00:11:13,55633.0,,11,13,9,1191.293579,2025-12-08 00:12:13
11,14,9,692.6,2025-12-08 00:11:14,54632.0,,11,14,9,1201.080933,2025-12-08 00:12:14
11,15,9,735.2,2025-12-08 00:11:15,53631.0,,11,15,9,1210.276855,2025-12-08 00:12:15
11,16,9,741.7,2025-12-08 00:11:16,52630.0,,11,16,9,1218.929321,2025-12-08 00:12:16
11,17,9,741.1,2025-12-08 00:11:17,51628.0,,11,17,9,1227.08252,2025-12-08 00:12:17
11,18,9,742.9,2025-12-08 00:11:18,50625.0,,11,18,9,1234.776489,2025-12-08 00:12:18
11,19,9,746.1,2025-12-08 00:11:19,49622.0,,11,19,9,1242.047485,2025-12-08 00:12:19
11,20,9,745.0,2025-12-08 00:11:20,48619.0,,11,20,9,1248.928345,2025-12-08 00:12:20
11,21,9,746.3,2025-12-08 00:11:21,47617.0,,11,21,9,1255.449341,2025-12-08 00:12:21
11,22,9,738.7,2025-12-08 00:11:22,46614.0,,11,22,9,1261.638184,2025-12-08 00:12:22
11,23,9,739.3,2025-12-08 00:11:23,45612.0,,11,23,9,1267.519653,2025-12-08 00:12:23
11,24,9,742.5,2025-12-08 00:11:24,44611.0,,11,24,9,1273.117188,2025-12-08 00:12:24
11,25,9,740.2,2025-12-08 00:11:25,43607.0,,11,25,9,1278.451904,2025-12-08 00:12:25
11,26,9,737.6,2025-12-08 00:11:26,42606.0,,11,26,9,1283.542969,2025-12-08 00:12:26
11,27,9,742.6,2025-12-08 00:11:27,41605.0,,11,27,9,1288.408569,2025-12-08 00:12:27
11,28,9,744.7,2025-12-08 00:11:28,40594.0,,11,28,9,1293.064697,2025-12-08 00:12:28
11,29,9,741.2,2025-12-08 00:11:29,39593.0,,11,29,9,1297.526489,2025-12-08 00:12:29
11,30,9,740.2,2025-12-08 00:11:30,38591.0,,11,30,9,1301.807739,2025-12-08 00:12:30
11,31,9,739.6,2025-12-08 00:11:31,37587.0,,11,31,9,1305.920898,2025-12-08 00:12:31
11,32,9,741.9,2025-12-08 00:11:32,36584.0,,11,32,9,1309.877441,2025-12-08 00:12:32
11,33,9,744.6,2025-12-08 00:11:33,35582.0,,11,33,9,1313.688354,2025-12-08 00:12:33
11,34,9,742.8,2025-12-08 00:11:34,34580.0,,11,34,9,1317.362915,2025-12-08 00:12:34
11,35,9,752.5,2025-12-08 00:11:35,33577.0,,11,35,9,1320.910034,2025-12-08 00:12:35
11,36,9,749.7,2025-12-08 00:11:36,32573.0,,11,36,9,1324.338135,2025-12-08 00:12:36
11,37,9,758.8,2025-12-08 00:11:37,31570.0,,11,37,9,1327.654541,2025-12-08 00:12:37
11,38,9,752.8,2025-12-08 00:11:38,30569.0,,11,38,9,1330.866333,2025-12-08 00:12:38
11,39,9,751.7,2025-12-08 00:11:39,29567.0,,11,39,9,1333.979614,2025-12-08 00:12:39
11,40,9,752.2,2025-12-08 00:11:40,28565.0,,11,40,9,1337.000488,2025-12-08 00:12:40
11,41,9,745.8,2025-12-08 00:11:41,27550.0,,11,41,9,1339.934082,2025-12-08 00:12:41
11,42,9,746.2,2025-12-08 00:11:42,26546.0,,11,42,9,1342.785645,2025-12-08 00:12:42
11,43,9,747.2,2025-12-08 00:11:43,25544.0,,11,43,9,1345.559814,2025-12-08 00:12:43
11,44,9,747.0,2025-12-08 00:11:44,24543.0,,11,44,9,1348.26062,2025-12-08 00:12:44
11,45,9,751.6,2025-12-08 00:11:45,23536.0,,11,45,9,1350.892334,2025-12-08 00:12:45
11,46,9,746.0,2025-12-08 00:11:46,22535.0,,11,46,9,1353.458496,2025-12-08 00:12:46
11,47,9,743.8,2025-12-08 00:11:47,21534.0,,11,47,9,1355.96228,2025-12-08 00:12:47
11,48,9,742.3,2025-12-08 00:11:48,20532.0,,11,48,9,1358.407471,2025-12-08 00:12:48
11,49,9,742.9,2025-12-08 00:11:49,19531.0,,11,49,9,1360.796509,2025-12-08 00:12:49
11,50,9,742.7,2025-12-08 00:11:50,18525.0,,11,50,9,1363.132446,2025-12-08 00:12:50
11,51,9,745.8,2025-12-08 00:11:51,17524.0,,11,51,9,1365.417969,2025-12-08 00:12:51
11,52,9,743.0,2025-12-08 00:11:52,16523.0,,11,52,9,1367.655151,2025-12-08 00:12:52
11,53,9,742.2,2025-12-08 00:11:53,15519.0,,11,53,9,1369.846924,2025-12-08 00:12:53
11,54,9,742.1,2025-12-08 00:11:54,14517.0,,11,54,9,1371.994873,2025-12-08 00:12:54
11,55,9,752.4,2025-12-08 00:11:55,13513.0,,11,55,9,1374.101196,2025-12-08 00:12:55
11,56,9,746.7,2025-12-08 00:11:56,12510.0,,11,56,9,1376.167847,2025-12-08 00:12:56
11,57,9,744.8,2025-12-08 00:11:57,11509.0,,11,57,9,1378.196655,2025-12-08 00:12:57
11,58,9,743.0,2025-12-08 00:11:58,10506.0,,11,58,9,1380.189331,2025-12-08 00:12:58
11,59,9,743.2,2025-12-08 00:11:59,9502.0,,11,59,9,1382.147461,2025-12-08 00:12:59
12,0,9,746.5,2025-12-08 00:12:00,67023.0,,12,0,9,1001.71814,2025-12-08 00:13:00
12,1,9,757.6,2025-12-08 00:12:01,65872.0,,12,1,9,1017.25293,2025-12-08 00:13:01
12,2,9,743.3,2025-12-08 00:12:02,64849.0,,12,2,9,1033.33728,2025-12-08 00:13:02
12,3,9,745.4,2025-12-08 00:12:03,63846.0,,12,3,9,1050.729126,2025-12-08 00:13:03
12,4,9,743.7,2025-12-08 00:12:04,62845.0,,12,4,9,1068.321411,2025-12-08 00:13:04
12,5,9,743.4,2025-12-08 00:12:05,61810.0,,12,5,9,1085.473022,2025-12-08 00:13:05
12,6,9,745.5,2025-12-08 00:12:06,60717.0,,12,6,9,1101.85498,2025-12-08 00:13:06
12,7,9,744.2,2025-12-08 00:12:07,59714.0,,12,7,9,1117.323608,2025-12-08 00:13:07
12,8,9,742.3,2025-12-08 00:12:08,58712.0,,12,8,9,1131.84082,2025-12-08 00:13:08
12,9,9,742.1,2025-12-08 00:12:09,57709.0,,12,9,9,1145.425903,2025-12-08 00:13:09
12,10,9,742.7,2025-12-08 00:12:10,56674.0,,12,10,9,1158.126465,2025-12-08 00:13:10
12,11,9,740.2,2025-12-08 00:12:11,55673.0,,12,11,9,1170.002075,2025-12-08 00:13:11
12,12,9,744.8,2025-12-08 00:12:12,54672.0,,12,12,9,1181.116211,2025-12-08 00:13:12
12,13,9,743.5,2025-12-08 00:12:13,53592.0,,12,13,9,1191.529663,2025-12-08 00:13:13
12,14,9,742.4,2025-12-08 00:12:14,52154.0,,12,14,9,1201.300171,2025-12-08 00:13:14
12,15,9,742.7,2025-12-08 00:12:15,51126.0,,12,15,9,1210.480835,2025-12-08 00:13:15
12,16,9,746.7,2025-12-08 00:12:16,50125.0,,12,16,9,1219.119629,2025-12-08 00:13:16
12,17,9,744.0,2025-12-08 00:12:17,49121.0,,12,17,9,1227.260498,2025-12-08 00:13:17
12,18,9,743.2,2025-12-08 00:12:18,48120.0,,12,18,9,1234.943237,2025-12-08 00:13:18
12,19,9,748.6,2025-12-08 00:12:19,47096.0,,12,19,9,1242.204102,2025-12-08 00:13:19
12,20,9,748.2,2025-12-08 00:12:20,45575.0,,12,20,9,1249.075928,2025-12-08 00:13:20
12,21,9,742.8,2025-12-08 00:12:21,44564.0,,12,21,9,1255.588623,2025-12-08 00:13:21
12,22,9,745.6,2025-12-08 00:12:22,43562.0,,12,22,9,1261.769775,2025-12-08 00:13:22
12,23,9,742.3,2025-12-08 00:12:23,42559.0,,12,23,9,1267.644409,2025-12-08 00:13:23
12,24,9,742.4,2025-12-08 00:12:24,41557.0,,12,24,9,1273.235718,2025-12-08 00:13:24
12,25,9,741.2,2025-12-08 00:12:25,40555.0,,12,25,9,1278.564697,2025-12-08 00:13:25
12,26,9,740.4,2025-12-08 00:12:26,39521.0,,12,26,9,1283.650635,2025-12-08 00:13:26
12,27,9,741.9,2025-12-08 00:12:27,38485.0,,12,27,9,1288.511353,2025-12-08 00:13:27
12,28,9,745.6,2025-12-08 00:12:28,37467.0,,12,28,9,1293.163208,2025-12-08 00:13:28
12,29,9,746.3,2025-12-08 00:12:29,36464.0,,12,29,9,1297.620972,2025-12-08 00:13:29
12,30,9,742.1,2025-12-08 00:12:30,35461.0,,12,30,9,1301.898315,2025-12-08 00:13:30
12,31,9,742.0,2025-12-08 00:12:31,34457.0,,12,31,9,1306.008057,2025-12-08 00:13:31
12,32,9,739.7,2025-12-08 00:12:32,33453.0,,12,32,9,1309.961426,2025-12-08 00:13:32
12,33,9,744.7,2025-12-08 00:12:33,32452.0,,12,33,9,1313.769287,2025-12-08 00:13:33
12,34,9,743.7,2025-12-08 00:12:34,31449.0,,12,34,9,1317.440918,2025-12-08 00:13:34
12,35,9,742.4,2025-12-08 00:12:35,30431.0,,12,35,9,1320.985596,2025-12-08 00:13:35
12,36,9,750.2,2025-12-08 00:12:36,29426.0,,12,36,9,1324.411133,2025-12-08 00:13:36
12,37,9,740.8,2025-12-08 00:12:37,28400.0,,12,37,9,1327.72522,2025-12-08 00:13:37
12,38,9,742.0,2025-12-08 00:12:38,27397.0,,12,38,9,1330.934692,2025-12-08 00:13:38
12,39,9,739.5,2025-12-08 00:12:39,26396.0,,12,39,9,1334.046143,2025-12-08 00:13:39
12,40,9,739.7,2025-12-08 00:12:40,25393.0,,12,40,9,1337.064941,2025-12-08 00:13:40
12,41,9,739.7,2025-12-08 00:12:41,24389.0,,12,41,9,1339.996826,2025-12-08 00:13:41
12,42,9,742.7,2025-12-08 00:12:42,23386.0,,12,42,9,1342.84668,2025-12-08 00:13:42
12,43,9,745.4,2025-12-08 00:12:43,22375.0,,12,43,9,1345.619141,2025-12-08 00:13:43
12,44,9,768.0,2025-12-08 00:12:44,21372.0,,12,44,9,1348.318481,2025-12-08 00:13:44
12,45,9,749.8,2025-12-08 00:12:45,20369.0,,12,45,9,1350.94873,2025-12-08 00:13:45
12,46,9,755.2,2025-12-08 00:12:46,19364.0,,12,46,9,1353.513306,2025-12-08 00:13:46
12,47,9,747.9,2025-12-08 00:12:47,18360.0,,12,47,9,1356.015991,2025-12-08 00:13:47
12,48,9,748.7,2025-12-08 00:12:48,17357.0,,12,48,9,1358.459839,2025-12-08 00:13:48
12,49,9,748.7,2025-12-08 00:12:49,16348.0,,12,49,9,1360.847778,2025-12-08 00:13:49
12,50,9,748.6,2025-12-08 00:12:50,15341.0,,12,50,9,1363.182495,2025-12-08 00:13:50
12,51,9,750.6,2025-12-08 00:12:51,14339.0,,12,51,9,1365.466919,2025-12-08 00:13:51
12,52,9,751.0,2025-12-08 00:12:52,13338.0,,12,52,9,1367.703369,2025-12-08 00:13:52
12,53,9,748.1,2025-12-08 00:12:53,12335.0,,12,53,9,1369.893921,2025-12-08 00:13:53
12,54,9,752.2,2025-12-08 00:12:54,11334.0,,12,54,9,1372.040894,2025-12-08 00:13:54
12,55,9,746.7,2025-12-08 00:12:55,10333.0,,12,55,9,1374.146484,2025-12-08 00:13:55
12,56,9,748.4,2025-12-08 00:12:56,9331.0,,12,56,9,1376.212402,2025-12-08 00:13:56
12,57,9,749.6,2025-12-08 00:12:57,8322.0,,12,57,9,1378.240234,2025-12-08 00:13:57
12,58,9,744.8,2025-12-08 00:12:58,7321.0,,12,58,9,1380.2323,2025-12-08 00:13:58
12,59,9,738.8,2025-12-08 00:12:59,6316.0,,12,59,9,1382.189453,2025-12-08 00:13:59
13,0,9,743.6,2025-12-08 00:13:00,65052.0,,13,0,9,987.299561,2025-12-08 00:14:00
13,1,9,739.9,2025-12-08 00:13:01,64051.0,,13,1,9,1003.72522,2025-12-08 00:14:01
13,2,9,743.1,2025-12-08 00:13:02,63050.0,,13,2,9,1020.688232,2025-12-08 00:14:02
13,3,9,744.1,2025-12-08 00:13:03,62049.0,,13,3,9,1038.996094,2025-12-08 00:14:03
13,4,9,741.7,2025-12-08 00:13:04,61032.0,,13,4,9,1057.48645,2025-12-08 00:14:04
13,5,9,744.1,2025-12-08 00:13:05,60029.0,,13,5,9,1075.486816,2025-12-08 00:14:05
13,6,9,750.1,2025-12-08 00:13:06,59026.0,,13,6,9,1092.654053,2025-12-08 00:14:06
13,7,9,743.8,2025-12-08 00:13:07,58025.0,,13,7,9,1108.840332,2025-12-08 00:14:07
13,8,9,750.9,2025-12-08 00:13:08,57024.0,,13,8,9,1124.008667,2025-12-08 00:14:08
13,9,9,741.3,2025-12-08 00:13:09,56022.0,,13,9,9,1138.182739,2025-12-08 00:14:09
13,10,9,740.1,2025-12-08 00:13:10,55020.0,,13,10,9,1151.415527,2025-12-08 00:14:10
13,11,9,739.5,2025-12-08 00:13:11,54019.0,,13,11,9,1163.772095,2025-12-08 00:14:11
13,12,9,743.2,2025-12-08 00:13:12,53019.0,,13,12,9,1175.321289,2025-12-08 00:14:12
13,13,9,742.0,2025-12-08 00:13:13,52018.0,,13,13,9,1186.128784,2025-12-08 00:14:13
13,14,9,744.0,2025-12-08 00:13:14,51017.0,,13,14,9,1196.256714,2025-12-08 00:14:14
13,15,9,742.3,2025-12-08 00:13:15,50016.0,,13,15,9,1205.762085,2025-12-08 00:14:15
13,16,9,739.8,2025-12-08 00:13:16,49015.0,,13,16,9,1214.696167,2025-12-08 00:14:16
13,17,9,742.5,2025-12-08 00:13:17,48014.0,,13,17,9,1223.106323,2025-12-08 00:14:17
13,18,9,743.8,2025-12-08 00:13:18,47012.0,,13,18,9,1231.034668,2025-12-08 00:14:18
13,19,9,744.4,2025-12-08 00:13:19,46010.0,,13,19,9,1238.519653,2025-12-08 00:14:19
13,20,9,745.8,2025-12-08 00:13:20,45006.0,,13,20,9,1245.596558,2025-12-08 00:14:20
13,21,9,742.4,2025-12-08 00:13:21,44005.0,,13,21,9,1252.297119,2025-12-08 00:14:21
13,22,9,740.1,2025-12-08 00:13:22,43005.0,,13,22,9,1258.650513,2025-12-08 00:14:22
13,23,9,741.8,2025-12-08 00:13:23,42002.0,,13,23,9,1264.683228,2025-12-08 00:14:23
13,24,9,746.3,2025-12-08 00:13:24,41001.0,,13,24,9,1270.420044,2025-12-08 00:14:24
13,25,9,738.3,2025-12-08 00:13:25,39999.0,,13,25,9,1275.88269,2025-12-08 00:14:25
13,26,9,741.5,2025-12-08 00:13:26,38998.0,,13,26,9,1281.091797,2025-12-08 00:14:26
13,27,9,739.8,2025-12-08 00:13:27,37997.0,,13,27,9,1286.066284,2025-12-08 00:14:27
13,28,9,738.7,2025-12-08 00:13:28,36996.0,,13,28,9,1290.823364,2025-12-08 00:14:28
13,29,9,739.8,2025-12-08 00:13:29,35994.0,,13,29,9,1295.378662,2025-12-08 00:14:29
13,30,9,739.1,2025-12-08 00:13:30,34993.0,,13,30,9,1299.746338,2025-12-08 00:14:30
13,31,9,708.7,2025-12-08 00:13:31,33992.0,,13,31,9,1303.939941,2025-12-08 00:14:31
13,32,9,711.2,2025-12-08 00:13:32,32991.0,,13,32,9,1307.971313,2025-12-08 00:14:32
13,33,9,711.4,2025-12-08 00:13:33,31990.0,,13,33,9,1311.851807,2025-12-08 00:14:33
13,34,9,711.9,2025-12-08 00:13:34,30989.0,,13,34,9,1315.591187,2025-12-08 00:14:34
13,35,9,707.9,2025-12-08 00:13:35,29987.0,,13,35,9,1319.199219,2025-12-08 00:14:35
13,36,9,709.3,2025-12-08 00:13:36,28985.0,,13,36,9,1322.684204,2025-12-08 00:14:36
13,37,9,709.3,2025-12-08 00:13:37,27984.0,,13,37,9,1326.053833,2025-12-08 00:14:37
13,38,9,710.0,2025-12-08 00:13:38,26980.0,,13,38,9,1329.31543,2025-12-08 00:14:38
13,39,9,712.5,2025-12-08 00:13:39,25977.0,,13,39,9,1332.475708,2025-12-08 00:14:39
13,40,9,708.5,2025-12-08 00:13:40,24976.0,,13,40,9,1335.540771,2025-12-08 00:14:40
13,41,9,708.9,2025-12-08 00:13:41,23972.0,,13,41,9,1338.516235,2025-12-08 00:14:41
13,42,9,711.9,2025-12-08 00:13:42,22967.0,,13,42,9,1341.407104,2025-12-08 00:14:42
13,43,9,711.0,2025-12-08 00:13:43,21960.0,,13,43,9,1344.218262,2025-12-08 00:14:43
13,44,9,713.0,2025-12-08 00:13:44,20948.0,,13,44,9,1346.954102,2025-12-08 00:14:44
13,45,9,712.0,2025-12-08 00:13:45,19944.0,,13,45,9,1349.619019,2025-12-08 00:14:45
13,46,9,706.6,2025-12-08 00:13:46,18942.0,,13,46,9,1352.216431,2025-12-08 00:14:46
13,47,9,710.4,2025-12-08 00:13:47,17939.0,,13,47,9,1354.750244,2025-12-08 00:14:47
13,48,9,710.8,2025-12-08 00:13:48,16938.0,,13,48,9,1357.223511,2025-12-08 00:14:48
13,49,9,709.3,2025-12-08 00:13:49,15937.0,,13,49,9,1359.639526,2025-12-08 00:14:49
13,50,9,714.0,2025-12-08 00:13:50,14933.0,,13,50,9,1362.001099,2025-12-08 00:14:50
13,51,9,708.3,2025-12-08 00:13:51,13931.0,,13,51,9,1364.310669,2025-12-08 00:14:51
13,52,9,710.4,2025-12-08 00:13:52,12927.0,,13,52,9,1366.571167,2025-12-08 00:14:52
13,53,9,709.8,2025-12-08 00:13:53,11926.0,,13,53,9,1368.784668,2025-12-08 00:14:53
13,54,9,713.2,2025-12-08 00:13:54,10924.0,,13,54,9,1370.953857,2025-12-08 00:14:54
13,55,9,710.4,2025-12-08 00:13:55,9922.0,,13,55,9,1373.0802,2025-12-08 00:14:55
13,56,9,709.4,2025-12-08 00:13:56,8921.0,,13,56,9,1375.166016,2025-12-08 00:14:56
13,57,9,708.5,2025-12-08 00:13:57,7919.0,,13,57,9,1377.213013,2025-12-08 00:14:57
13,58,9,710.7,2025-12-08 00:13:58,6918.0,,13,58,9,1379.223145,2025-12-08 00:14:58
13,59,9,713.7,2025-12-08 00:13:59,5916.0,,13,59,9,1381.197754,2025-12-08 00:14:59
14,0,9,721.2,2025-12-08 00:14:00,65071.0,,14,0,9,986.042297,2025-12-08 00:15:00
14,1,9,715.5,2025-12-08 00:14:01,64068.0,,14,1,9,1002.52301,2025-12-08 00:15:01
14,2,9,714.9,2025-12-08 00:14:02,63065.0,,14,2,9,1019.526184,2025-12-08 00:15:02
14,3,9,714.3,2025-12-08 00:14:03,62064.0,,14,3,9,1037.895264,2025-12-08 00:15:03
14,4,9,710.3,2025-12-08 00:14:04,61063.0,,14,4,9,1056.456055,2025-12-08 00:15:04
14,5,9,728.0,2025-12-08 00:14:05,60061.0,,14,5,9,1074.529175,2025-12-08 00:15:05
14,6,9,710.7,2025-12-08 00:14:06,59058.0,,14,6,9,1091.766846,2025-12-08 00:15:06
14,7,9,712.3,2025-12-08 00:14:07,58056.0,,14,7,9,1108.019409,2025-12-08 00:15:07
14,8,9,713.0,2025-12-08 00:14:08,57051.0,,14,8,9,1123.249023,2025-12-08 00:15:08
14,9,9,713.9,2025-12-08 00:14:09,56045.0,,14,9,9,1137.479004,2025-12-08 00:15:09
14,10,9,708.8,2025-12-08 00:14:10,55044.0,,14,10,9,1150.762695,2025-12-08 00:15:10
14,11,9,707.6,2025-12-08 00:14:11,54042.0,,14,11,9,1163.165649,2025-12-08 00:15:11
14,12,9,710.2,2025-12-08 00:14:12,53036.0,,14,12,9,1174.756592,2025-12-08 00:15:12
14,13,9,708.4,2025-12-08 00:14:13,52035.0,,14,13,9,1185.602295,2025-12-08 00:15:13
14,14,9,709.1,2025-12-08 00:14:14,51033.0,,14,14,9,1195.764771,2025-12-08 00:15:14
14,15,9,706.8,2025-12-08 00:14:15,50030.0,,14,15,9,1205.301514,2025-12-08 00:15:15
14,16,9,705.8,2025-12-08 00:14:16,49026.0,,14,16,9,1214.264526,2025-12-08 00:15:16
14,17,9,709.9,2025-12-08 00:14:17,48023.0,,14,17,9,1222.700684,2025-12-08 00:15:17
14,18,9,709.1,2025-12-08 00:14:18,47022.0,,14,18,9,1230.652832,2025-12-08 00:15:18
14,19,9,715.6,2025-12-08 00:14:19,46019.0,,14,19,9,1238.15979,2025-12-08 00:15:19
14,20,9,709.3,2025-12-08 00:14:20,45017.0,,14,20,9,1245.256836,2025-12-08 00:15:20
14,21,9,706.1,2025-12-08 00:14:21,44016.0,,14,21,9,1251.975708,2025-12-08 00:15:21
14,22,9,706.7,2025-12-08 00:14:22,43016.0,,14,22,9,1258.345947,2025-12-08 00:15:22
14,23,9,706.7,2025-12-08 00:14:23,42014.0,,14,23,9,1264.394165,2025-12-08 00:15:23
14,24,9,709.8,2025-12-08 00:14:24,41012.0,,14,24,9,1270.145142,2025-12-08 00:15:24
14,25,9,707.7,2025-12-08 00:14:25,39996.0,,14,25,9,1275.62085,2025-12-08 00:15:25
14,26,9,708.7,2025-12-08 00:14:26,38994.0,,14,26,9,1280.842285,2025-12-08 00:15:26
14,27,9,708.1,2025-12-08 00:14:27,37991.0,,14,27,9,1285.828003,2025-12-08 00:15:27
14,28,9,707.6,2025-12-08 00:14:28,36987.0,,14,28,9,1290.595337,2025-12-08 00:15:28
14,29,9,707.4,2025-12-08 00:14:29,35985.0,,14,29,9,1295.160156,2025-12-08 00:15:29
14,30,9,709.9,2025-12-08 00:14:30,34983.0,,14,30,9,1299.536621,2025-12-08 00:15:30
14,31,9,707.3,2025-12-08 00:14:31,33982.0,,14,31,9,1303.738525,2025-12-08 00:15:31
14,32,9,707.6,2025-12-08 00:14:32,32981.0,,14,32,9,1307.777588,2025-12-08 00:15:32
14,33,9,706.8,2025-12-08 00:14:33,31979.0,,14,33,9,1311.665161,2025-12-08 00:15:33
14,34,9,705.3,2025-12-08 00:14:34,30976.0,,14,34,9,1315.411499,2025-12-08 00:15:34
14,35,9,708.3,2025-12-08 00:14:35,29974.0,,14,35,9,1319.025635,2025-12-08 00:15:35
14,36,9,702.4,2025-12-08 00:14:36,28973.0,,14,36,9,1322.516235,2025-12-08 00:15:36
14,37,9,712.1,2025-12-08 00:14:37,27971.0,,14,37,9,1325.891357,2025-12-08 00:15:37
14,38,9,709.3,2025-12-08 00:14:38,26970.0,,14,38,9,1329.158203,2025-12-08 00:15:38
14,39,9,710.4,2025-12-08 00:14:39,25969.0,,14,39,9,1332.323242,2025-12-08 00:15:39
14,40,9,709.4,2025-12-08 00:14:40,24967.0,,14,40,9,1335.392822,2025-12-08 00:15:40
14,41,9,707.2,2025-12-08 00:14:41,23964.0,,14,41,9,1338.372314,2025-12-08 00:15:41
14,42,9,709.8,2025-12-08 00:14:42,22963.0,,14,42,9,1341.267334,2025-12-08 00:15:42
14,43,9,708.1,2025-12-08 00:14:43,21960.0,,14,43,9,1344.082275,2025-12-08 00:15:43
14,44,9,709.7,2025-12-08 00:14:44,20956.0,,14,44,9,1346.821777,2025-12-08 00:15:44
14,45,9,708.1,2025-12-08 00:14:45,19950.0,,14,45,9,1349.48999,2025-12-08 00:15:45
14,46,9,705.4,2025-12-08 00:14:46,18945.0,,14,46,9,1352.090698,2025-12-08 00:15:46
14,47,9,707.4,2025-12-08 00:14:47,17944.0,,14,47,9,1354.627563,2025-12-08 00:15:47
14,48,9,706.7,2025-12-08 00:14:48,16938.0,,14,48,9,1357.10376,2025-12-08 00:15:48
14,49,9,706.3,2025-12-08 00:14:49,15937.0,,14,49,9,1359.522461,2025-12-08 00:15:49
14,50,9,708.5,2025-12-08 00:14:50,14936.0,,14,50,9,1361.886475,2025-12-08 00:15:50
14,51,9,712.3,2025-12-08 00:14:51,13935.0,,14,51,9,1364.198853,2025-12-08 00:15:51
14,52,9,705.1,2025-12-08 00:14:52,12931.0,,14,52,9,1366.461548,2025-12-08 00:15:52
14,53,9,708.6,2025-12-08 00:14:53,11927.0,,14,53,9,1368.677368,2025-12-08 00:15:53
14,54,9,708.0,2025-12-08 00:14:54,10925.0,,14,54,9,1370.848633,2025-12-08 00:15:54
14,55,9,704.9,2025-12-08 00:14:55,9923.0,,14,55,9,1372.976807,2025-12-08 00:15:55
14,56,9,708.7,2025-12-08 00:14:56,8921.0,,14,56,9,1375.064697,2025-12-08 00:15:56
14,57,9,708.2,2025-12-08 00:14:57,7920.0,,14,57,9,1377.113525,2025-12-08 00:15:57
14,58,9,705.8,2025-12-08 00:14:58,6919.0,,14,58,9,1379.125488,2025-12-08 00:15:58
14,59,9,708.0,2025-12-08 00:14:59,5917.0,,14,59,9,1381.101929,2025-12-08 00:15:59
15,0,9,709.0,2025-12-08 00:15:00,65007.0,,15,0,9,1207.112183,2025-12-08 00:16:00
15,1,9,711.4,2025-12-08 00:15:01,64006.0,,15,1,9,1216.649292,2025-12-08 00:16:01
15,2,9,709.8,2025-12-08 00:15:02,63004.0,,15,2,9,1225.455811,2025-12-08 00:16:02
15,3,9,708.6,2025-12-08 00:15:03,62003.0,,15,3,9,1233.546021,2025-12-08 00:16:03
15,4,9,707.0,2025-12-08 00:15:04,61002.0,,15,4,9,1241.057983,2025-12-08 00:16:04
15,5,9,709.8,2025-12-08 00:15:05,60001.0,,15,5,9,1248.089233,2025-12-08 00:16:05
15,6,9,710.2,2025-12-08 00:15:06,59000.0,,15,6,9,1254.708252,2025-12-08 00:16:06
15,7,9,840.1,2025-12-08 00:15:07,57986.0,,15,7,9,1260.964966,2025-12-08 00:16:07
15,8,9,810.4,2025-12-08 00:15:08,56960.0,,15,8,9,1266.897461,2025-12-08 00:16:08
15,9,9,808.1,2025-12-08 00:15:09,55925.0,,15,9,9,1272.535889,2025-12-08 00:16:09
15,10,9,807.3,2025-12-08 00:15:10,54890.0,,15,10,9,1277.905396,2025-12-08 00:16:10
15,11,9,714.7,2025-12-08 00:15:11,53862.0,,15,11,9,1283.02771,2025-12-08 00:16:11
15,12,9,809.7,2025-12-08 00:15:12,52861.0,,15,12,9,1287.921143,2025-12-08 00:16:12
15,13,9,805.5,2025-12-08 00:15:13,51860.0,,15,13,9,1292.603149,2025-12-08 00:16:13
15,14,9,861.2,2025-12-08 00:15:14,50811.0,,15,14,9,1297.088501,2025-12-08 00:16:14
15,15,9,824.2,2025-12-08 00:15:15,49806.0,,15,15,9,1301.391357,2025-12-08 00:16:15
15,16,9,817.5,2025-12-08 00:15:16,48800.0,,15,16,9,1305.524414,2025-12-08 00:16:16
15,17,9,818.7,2025-12-08 00:15:17,47744.0,,15,17,9,1309.498901,2025-12-08 00:16:17
15,18,9,810.4,2025-12-08 00:15:18,46670.0,,15,18,9,1313.325928,2025-12-08 00:16:18
15,19,9,813.0,2025-12-08 00:15:19,45669.0,,15,19,9,1317.015259,2025-12-08 00:16:19
15,20,9,813.4,2025-12-08 00:15:20,44433.0,,15,20,9,1320.575806,2025-12-08 00:16:20
15,21,9,816.6,2025-12-08 00:15:21,43221.0,,15,21,9,1324.015991,2025-12-08 00:16:21
15,22,9,814.7,2025-12-08 00:15:22,42220.0,,15,22,9,1327.343384,2025-12-08 00:16:22
15,23,9,813.5,2025-12-08 00:15:23,41183.0,,15,23,9,1330.565308,2025-12-08 00:16:23
15,24,9,815.1,2025-12-08 00:15:24,40182.0,,15,24,9,1333.687866,2025-12-08 00:16:24
15,25,9,811.9,2025-12-08 00:15:25,39178.0,,15,25,9,1336.717041,2025-12-08 00:16:25
15,26,9,813.9,2025-12-08 00:15:26,38168.0,,15,26,9,1339.658569,2025-12-08 00:16:26
15,27,9,817.2,2025-12-08 00:15:27,36935.0,,15,27,9,1342.517334,2025-12-08 00:16:27
15,28,9,814.7,2025-12-08 00:15:28,35934.0,,15,28,9,1345.298218,2025-12-08 00:16:28
15,29,9,815.5,2025-12-08 00:15:29,34911.0,,15,29,9,1348.005371,2025-12-08 00:16:29
15,30,9,813.1,2025-12-08 00:15:30,33909.0,,15,30,9,1350.642944,2025-12-08 00:16:30
15,31,9,811.9,2025-12-08 00:15:31,32871.0,,15,31,9,1353.214722,2025-12-08 00:16:31
15,32,9,816.4,2025-12-08 00:15:32,31863.0,,15,32,9,1355.723999,2025-12-08 00:16:32
15,33,9,817.3,2025-12-08 00:15:33,30855.0,,15,33,9,1358.174072,2025-12-08 00:16:33
15,34,9,816.3,2025-12-08 00:15:34,29846.0,,15,34,9,1360.567993,2025-12-08 00:16:34
15,35,9,815.0,2025-12-08 00:15:35,28845.0,,15,35,9,1362.908569,2025-12-08 00:16:35
15,36,9,812.6,2025-12-08 00:15:36,27839.0,,15,36,9,1365.198486,2025-12-08 00:16:36
15,37,9,823.0,2025-12-08 00:15:37,26838.0,,15,37,9,1367.439819,2025-12-08 00:16:37
15,38,9,812.0,2025-12-08 00:15:38,25788.0,,15,38,9,1369.635498,2025-12-08 00:16:38
15,39,9,813.9,2025-12-08 00:15:39,24786.0,,15,39,9,1371.787354,2025-12-08 00:16:39
15,40,9,830.6,2025-12-08 00:15:40,23784.0,,15,40,9,1373.897339,2025-12-08 00:16:40
15,41,9,820.9,2025-12-08 00:15:41,22775.0,,15,41,9,1375.967651,2025-12-08 00:16:41
15,42,9,830.3,2025-12-08 00:15:42,21774.0,,15,42,9,1377.999756,2025-12-08 00:16:42
15,43,9,815.5,2025-12-08 00:15:43,20773.0,,15,43,9,1379.995483,2025-12-08 00:16:43
15,44,9,813.7,2025-12-08 00:15:44,19769.0,,15,44,9,1381.956665,2025-12-08 00:16:44
15,45,9,814.7,2025-12-08 00:15:45,18764.0,,15,45,9,1383.884888,2025-12-08 00:16:45
15,46,9,1111.1,2025-12-08 00:15:46,17729.0,,15,46,9,1385.781006,2025-12-08 00:16:46
15,47,9,1110.4,2025-12-08 00:15:47,16724.0,,15,47,9,1387.646362,2025-12-08 00:16:47
15,48,9,1003.7,2025-12-08 00:15:48,15723.0,,15,48,9,1389.48291,2025-12-08 00:16:48
15,49,9,1021.7,2025-12-08 00:15:49,14721.0,,15,49,9,1391.291626,2025-12-08 00:16:49
15,50,9,1118.0,2025-12-08 00:15:50,13704.0,,15,50,9,1393.073975,2025-12-08 00:16:50
15,51,9,1023.2,2025-12-08 00:15:51,12703.0,,15,51,9,1394.830566,2025-12-08 00:16:51
15,52,9,1069.7,2025-12-08 00:15:52,11701.0,,15,52,9,1396.562988,2025-12-08 00:16:52
15,53,9,1097.8,2025-12-08 00:15:53,10695.0,,15,53,9,1398.271851,2025-12-08 00:16:53
15,54,9,1123.5,2025-12-08 00:15:54,9687.0,,15,54,9,1399.958252,2025-12-08 00:16:54
15,55,9,1146.4,2025-12-08 00:15:55,8685.0,,15,55,9,1401.623047,2025-12-08 00:16:55
15,56,9,1167.9,2025-12-08 00:15:56,7682.0,,15,56,9,1403.26709,2025-12-08 00:16:56
15,57,9,1189.1,2025-12-08 00:15:57,6680.0,,15,57,9,1404.891479,2025-12-08 00:16:57
15,58,9,1207.1,2025-12-08 00:15:58,5677.0,,15,58,9,1406.496826,2025-12-08 00:16:58
15,59,9,1222.1,2025-12-08 00:15:59,4675.0,,15,59,9,1408.084229,2025-12-08 00:16:59
16,0,9,1233.8,2025-12-08 00:16:00,63454.0,,16,0,9,1304.81897,2025-12-08 00:17:00
16,1,9,1239.0,2025-12-08 00:16:01,62443.0,,16,1,9,1307.77356,2025-12-08 00:17:01
16,2,9,1242.3,2025-12-08 00:16:02,61441.0,,16,2,9,1310.955933,2025-12-08 00:17:02
16,3,9,1248.4,2025-12-08 00:16:03,60439.0,,16,3,9,1314.316528,2025-12-08 00:17:03
16,4,9,1255.4,2025-12-08 00:16:04,59437.0,,16,4,9,1317.738525,2025-12-08 00:17:04
16,5,9,1254.6,2025-12-08 00:16:05,58436.0,,16,5,9,1321.151245,2025-12-08 00:17:05
16,6,9,1254.7,2025-12-08 00:16:06,57432.0,,16,6,9,1324.515137,2025-12-08 00:17:06
16,7,9,1253.5,2025-12-08 00:16:07,56431.0,,16,7,9,1327.809448,2025-12-08 00:17:07
16,8,9,1253.9,2025-12-08 00:16:08,55430.0,,16,8,9,1331.024048,2025-12-08 00:17:08
16,9,9,1253.8,2025-12-08 00:16:09,54428.0,,16,9,9,1334.154907,2025-12-08 00:17:09
16,10,9,1254.1,2025-12-08 00:16:10,53426.0,,16,10,9,1337.201782,2025-12-08 00:17:10
16,11,9,1253.0,2025-12-08 00:16:11,52421.0,,16,11,9,1340.165894,2025-12-08 00:17:11
16,12,9,1252.6,2025-12-08 00:16:12,51418.0,,16,12,9,1343.049927,2025-12-08 00:17:12
16,13,9,1251.1,2025-12-08 00:16:13,50417.0,,16,13,9,1345.856812,2025-12-08 00:17:13
16,14,9,1246.7,2025-12-08 00:16:14,49415.0,,16,14,9,1348.589722,2025-12-08 00:17:14
16,15,9,1249.8,2025-12-08 00:16:15,48411.0,,16,15,9,1351.251587,2025-12-08 00:17:15
16,16,9,1248.1,2025-12-08 00:16:16,47410.0,,16,16,9,1353.845825,2025-12-08 00:17:16
16,17,9,1251.3,2025-12-08 00:16:17,46408.0,,16,17,9,1356.375488,2025-12-08 00:17:17
16,18,9,1248.5,2025-12-08 00:16:18,45405.0,,16,18,9,1358.843384,2025-12-08 00:17:18
16,19,9,1252.7,2025-12-08 00:16:19,44403.0,,16,19,9,1361.252441,2025-12-08 00:17:19
16,20,9,1255.0,2025-12-08 00:16:20,43399.0,,16,20,9,1363.605347,2025-12-08 00:17:20
16,21,9,1251.6,2025-12-08 00:16:21,42398.0,,16,21,9,1365.905029,2025-12-08 00:17:21
16,22,9,1253.6,2025-12-08 00:16:22,41397.0,,16,22,9,1368.153687,2025-12-08 00:17:22
16,23,9,1256.7,2025-12-08 00:16:23,40393.0,,16,23,9,1370.354004,2025-12-08 00:17:23
16,24,9,1262.1,2025-12-08 00:16:24,39391.0,,16,24,9,1372.508301,2025-12-08 00:17:24
16,25,9,1256.5,2025-12-08 00:16:25,38389.0,,16,25,9,1374.618774,2025-12-08 00:17:25
16,26,9,1263.4,2025-12-08 00:16:26,37388.0,,16,26,9,1376.6875,2025-12-08 00:17:26
16,27,9,1267.6,2025-12-08 00:16:27,36387.0,,16,27,9,1378.716553,2025-12-08 00:17:27
16,28,9,1270.5,2025-12-08 00:16:28,35386.0,,16,28,9,1380.707886,2025-12-08 00:17:28
16,29,9,1270.5,2025-12-08 00:16:29,34385.0,,16,29,9,1382.663086,2025-12-08 00:17:29
16,30,9,1272.1,2025-12-08 00:16:30,33384.0,,16,30,9,1384.584473,2025-12-08 00:17:30
16,31,9,1270.3,2025-12-08 00:16:31,32383.0,,16,31,9,1386.4729,2025-12-08 00:17:31
16,32,9,1273.6,2025-12-08 00:16:32,31381.0,,16,32,9,1388.330688,2025-12-08 00:17:32
16,33,9,1277.1,2025-12-08 00:16:33,30378.0,,16,33,9,1390.158569,2025-12-08 00:17:33
16,34,9,1282.1,2025-12-08 00:16:34,29377.0,,16,34,9,1391.958374,2025-12-08 00:17:34
16,35,9,1274.9,2025-12-08 00:16:35,28376.0,,16,35,9,1393.731323,2025-12-08 00:17:35
16,36,9,1274.9,2025-12-08 00:16:36,27375.0,,16,36,9,1395.478516,2025-12-08 00:17:36
16,37,9,1277.3,2025-12-08 00:16:37,26374.0,,16,37,9,1397.201294,2025-12-08 00:17:37
16,38,9,1277.1,2025-12-08 00:16:38,25373.0,,16,38,9,1398.900879,2025-12-08 00:17:38
16,39,9,1277.0,2025-12-08 00:16:39,24372.0,,16,39,9,1400.578003,2025-12-08 00:17:39
16,40,9,1275.9,2025-12-08 00:16:40,23370.0,,16,40,9,1402.233765,2025-12-08 00:17:40
16,41,9,1276.8,2025-12-08 00:16:41,22369.0,,16,41,9,1403.869263,2025-12-08 00:17:41
16,42,9,1278.5,2025-12-08 00:16:42,21368.0,,16,42,9,1405.485352,2025-12-08 00:17:42
16,43,9,1283.2,2025-12-08 00:16:43,20367.0,,16,43,9,1407.082764,2025-12-08 00:17:43
16,44,9,1278.1,2025-12-08 00:16:44,19364.0,,16,44,9,1408.662354,2025-12-08 00:17:44
16,45,9,1278.7,2025-12-08 00:16:45,18363.0,,16,45,9,1410.224976,2025-12-08 00:17:45
16,46,9,1272.6,2025-12-08 00:16:46,17362.0,,16,46,9,1411.771484,2025-12-08 00:17:46
16,47,9,1272.3,2025-12-08 00:16:47,16360.0,,16,47,9,1413.302368,2025-12-08 00:17:47
16,48,9,1274.2,2025-12-08 00:16:48,15359.0,,16,48,9,1414.818359,2025-12-08 00:17:48
16,49,9,1270.0,2025-12-08 00:16:49,14358.0,,16,49,9,1416.320557,2025-12-08 00:17:49
16,50,9,1272.1,2025-12-08 00:16:50,13357.0,,16,50,9,1417.808838,2025-12-08 00:17:50
16,51,9,1272.6,2025-12-08 00:16:51,12355.0,,16,51,9,1419.28418,2025-12-08 00:17:51
16,52,9,1274.0,2025-12-08 00:16:52,11353.0,,16,52,9,1420.747314,2025-12-08 00:17:52
16,53,9,1271.6,2025-12-08 00:16:53,10352.0,,16,53,9,1422.198608,2025-12-08 00:17:53
16,54,9,1272.0,2025-12-08 00:16:54,9350.0,,16,54,9,1423.638794,2025-12-08 00:17:54
16,55,9,1274.0,2025-12-08 00:16:55,8349.0,,16,55,9,1425.067993,2025-12-08 00:17:55
16,56,9,1276.1,2025-12-08 00:16:56,7348.0,,16,56,9,1426.487061,2025-12-08 00:17:56
16,57,9,1279.6,2025-12-08 00:16:57,6346.0,,16,57,9,1427.896362,2025-12-08 00:17:57
16,58,9,1272.7,2025-12-08 00:16:58,5343.0,,16,58,9,1429.296387,2025-12-08 00:17:58
16,59,9,1287.6,2025-12-08 00:16:59,4341.0,,16,59,9,1430.687622,2025-12-08 00:17:59
17,0,9,1280.4,2025-12-08 00:17:00,63443.0,,17,0,9,1302.426514,2025-12-08 00:18:00
17,1,9,1275.7,2025-12-08 00:17:01,62442.0,,17,1,9,1305.217529,2025-12-08 00:18:01
17,2,9,1279.0,2025-12-08 00:17:02,61440.0,,17,2,9,1308.257568,2025-12-08 00:18:02
17,3,9,1280.4,2025-12-08 00:17:03,60439.0,,17,3,9,1311.570679,2025-12-08 00:18:03
17,4,9,1276.3,2025-12-08 00:17:04,59437.0,,17,4,9,1315.002319,2025-12-08 00:18:04
17,5,9,1276.8,2025-12-08 00:17:05,58433.0,,17,5,9,1318.456421,2025-12-08 00:18:05
17,6,9,1276.3,2025-12-08 00:17:06,57431.0,,17,6,9,1321.878418,2025-12-08 00:18:06
17,7,9,1279.8,2025-12-08 00:17:07,56428.0,,17,7,9,1325.238892,2025-12-08 00:18:07
17,8,9,1277.7,2025-12-08 00:17:08,55425.0,,17,8,9,1328.522583,2025-12-08 00:18:08
17,9,9,1276.6,2025-12-08 00:17:09,54421.0,,17,9,9,1331.722534,2025-12-08 00:18:09
17,10,9,1273.0,2025-12-08 00:17:10,53420.0,,17,10,9,1334.837158,2025-12-08 00:18:10
17,11,9,1277.8,2025-12-08 00:17:11,52418.0,,17,11,9,1337.866943,2025-12-08 00:18:11
17,12,9,1274.7,2025-12-08 00:17:12,51417.0,,17,12,9,1340.814087,2025-12-08 00:18:12
17,13,9,1274.9,2025-12-08 00:17:13,50415.0,,17,13,9,1343.681519,2025-12-08 00:18:13
17,14,9,1272.8,2025-12-08 00:17:14,49413.0,,17,14,9,1346.472046,2025-12-08 00:18:14
17,15,9,1276.7,2025-12-08 00:17:15,48411.0,,17,15,9,1349.189331,2025-12-08 00:18:15
17,16,9,1270.5,2025-12-08 00:17:16,47407.0,,17,16,9,1351.836304,2025-12-08 00:18:16
17,17,9,1274.2,2025-12-08 00:17:17,46406.0,,17,17,9,1354.41626,2025-12-08 00:18:17
17,18,9,1276.0,2025-12-08 00:17:18,45404.0,,17,18,9,1356.931885,2025-12-08 00:18:18
17,19,9,1280.6,2025-12-08 00:17:19,44403.0,,17,19,9,1359.386475,2025-12-08 00:18:19
17,20,9,1278.8,2025-12-08 00:17:20,43402.0,,17,20,9,1361.782715,2025-12-08 00:18:20
17,21,9,1276.9,2025-12-08 00:17:21,42396.0,,17,21,9,1364.123657,2025-12-08 00:18:21
17,22,9,1266.0,2025-12-08 00:17:22,41388.0,,17,22,9,1366.411621,2025-12-08 00:18:22
17,23,9,1271.8,2025-12-08 00:17:23,40387.0,,17,23,9,1368.649414,2025-12-08 00:18:23
17,24,9,1274.8,2025-12-08 00:17:24,39386.0,,17,24,9,1370.839233,2025-12-08 00:18:24
17,25,9,1268.8,2025-12-08 00:17:25,38384.0,,17,25,9,1372.983398,2025-12-08 00:18:25
17,26,9,1268.6,2025-12-08 00:17:26,37381.0,,17,26,9,1375.084229,2025-12-08 00:18:26
17,27,9,1273.1,2025-12-08 00:17:27,36379.0,,17,27,9,1377.143921,2025-12-08 00:18:27
17,28,9,1273.1,2025-12-08 00:17:28,35378.0,,17,28,9,1379.164307,2025-12-08 00:18:28
17,29,9,1277.9,2025-12-08 00:17:29,34376.0,,17,29,9,1381.147583,2025-12-08 00:18:29
17,30,9,1273.3,2025-12-08 00:17:30,33372.0,,17,30,9,1383.094971,2025-12-08 00:18:30
17,31,9,1269.6,2025-12-08 00:17:31,32371.0,,17,31,9,1385.008789,2025-12-08 00:18:31
17,32,9,1272.0,2025-12-08 00:17:32,31370.0,,17,32,9,1386.890259,2025-12-08 00:18:32
17,33,9,1273.8,2025-12-08 00:17:33,30369.0,,17,33,9,1388.741089,2025-12-08 00:18:33
17,34,9,1274.4,2025-12-08 00:17:34,29368.0,,17,34,9,1390.562622,2025-12-08 00:18:34
17,35,9,1269.6,2025-12-08 00:17:35,28366.0,,17,35,9,1392.356323,2025-12-08 00:18:35
17,36,9,1277.3,2025-12-08 00:17:36,27362.0,,17,36,9,1394.123413,2025-12-08 00:18:36
17,37,9,1274.4,2025-12-08 00:17:37,26361.0,,17,37,9,1395.865112,2025-12-08 00:18:37
17,38,9,1274.8,2025-12-08 00:17:38,25360.0,,17,38,9,1397.582642,2025-12-08 00:18:38
17,39,9,1274.9,2025-12-08 00:17:39,24358.0,,17,39,9,1399.276978,2025-12-08 00:18:39
17,40,9,1275.9,2025-12-08 00:17:40,23356.0,,17,40,9,1400.949341,2025-12-08 00:18:40
17,41,9,1283.5,2025-12-08 00:17:41,22341.0,,17,41,9,1402.600464,2025-12-08 00:18:41
17,42,9,1274.8,2025-12-08 00:17:42,21339.0,,17,42,9,1404.231445,2025-12-08 00:18:42
17,43,9,1270.3,2025-12-08 00:17:43,20337.0,,17,43,9,1405.843262,2025-12-08 00:18:43
17,44,9,1281.7,2025-12-08 00:17:44,19335.0,,17,44,9,1407.436768,2025-12-08 00:18:44
17,45,9,1283.4,2025-12-08 00:17:45,18333.0,,17,45,9,1409.012329,2025-12-08 00:18:45
17,46,9,1279.6,2025-12-08 00:17:46,17332.0,,17,46,9,1410.571289,2025-12-08 00:18:46
17,47,9,1279.2,2025-12-08 00:17:47,16330.0,,17,47,9,1412.114258,2025-12-08 00:18:47
17,48,9,1274.3,2025-12-08 00:17:48,15329.0,,17,48,9,1413.641724,2025-12-08 00:18:48
17,49,9,1273.6,2025-12-08 00:17:49,14326.0,,17,49,9,1415.154541,2025-12-08 00:18:49
17,50,9,1272.9,2025-12-08 00:17:50,13320.0,,17,50,9,1416.653442,2025-12-08 00:18:50
17,51,9,1276.7,2025-12-08 00:17:51,12319.0,,17,51,9,1418.138916,2025-12-08 00:18:51
17,52,9,1272.3,2025-12-08 00:17:52,11318.0,,17,52,9,1419.611328,2025-12-08 00:18:52
17,53,9,1271.0,2025-12-08 00:17:53,10316.0,,17,53,9,1421.071899,2025-12-08 00:18:53
17,54,9,1272.3,2025-12-08 00:17:54,9314.0,,17,54,9,1422.52063,2025-12-08 00:18:54
17,55,9,1270.9,2025-12-08 00:17:55,8312.0,,17,55,9,1423.958374,2025-12-08 00:18:55
17,56,9,1272.0,2025-12-08 00:17:56,7309.0,,17,56,9,1425.385132,2025-12-08 00:18:56
17,57,9,1274.2,2025-12-08 00:17:57,6307.0,,17,57,9,1426.802124,2025-12-08 00:18:57
17,58,9,1271.1,2025-12-08 00:17:58,5305.0,,17,58,9,1428.209351,2025-12-08 00:18:58
17,59,9,1271.8,2025-12-08 00:17:59,4302.0,,17,59,9,1429.607544,2025-12-08 00:18:59
18,0,9,1345.571186,2025-12-08 00:18:00,63207.0,,18,0,9,1370.076538,2025-12-08 00:19:00
18,1,9,1273.6,2025-12-08 00:18:01,62206.0,,18,1,9,1371.021973,2025-12-08 00:19:01
18,2,9,1281.1,2025-12-08 00:18:02,61204.0,,18,2,9,1372.059937,2025-12-08 00:19:02
18,3,9,1274.9,2025-12-08 00:18:03,60203.0,,18,3,9,1373.20813,2025-12-08 00:19:03
18,4,9,1277.9,2025-12-08 00:18:04,59201.0,,18,4,9,1374.42334,2025-12-08 00:19:04
18,5,9,1277.7,2025-12-08 00:18:05,58196.0,,18,5,9,1375.676758,2025-12-08 00:19:05
18,6,9,1274.6,2025-12-08 00:18:06,57194.0,,18,6,9,1376.951538,2025-12-08 00:19:06
18,7,9,1272.6,2025-12-08 00:18:07,56193.0,,18,7,9,1378.238037,2025-12-08 00:19:07
18,8,9,1274.5,2025-12-08 00:18:08,55190.0,,18,8,9,1379.530884,2025-12-08 00:19:08
18,9,9,1273.0,2025-12-08 00:18:09,54190.0,,18,9,9,1380.826904,2025-12-08 00:19:09
18,10,9,1274.5,2025-12-08 00:18:10,53188.0,,18,10,9,1382.124512,2025-12-08 00:19:10
18,11,9,1276.6,2025-12-08 00:18:11,52181.0,,18,11,9,1383.423096,2025-12-08 00:19:11
18,12,9,1274.1,2025-12-08 00:18:12,51179.0,,18,12,9,1384.722412,2025-12-08 00:19:12
18,13,9,1272.7,2025-12-08 00:18:13,50177.0,,18,13,9,1386.022461,2025-12-08 00:19:13
18,14,9,1273.0,2025-12-08 00:18:14,49160.0,,18,14,9,1387.323486,2025-12-08 00:19:14
18,15,9,1309.1,2025-12-08 00:18:15,48142.0,,18,15,9,1388.625854,2025-12-08 00:19:15
18,16,9,1380.9,2025-12-08 00:18:16,47135.0,,18,16,9,1389.928833,2025-12-08 00:19:16
18,17,9,1373.2,2025-12-08 00:18:17,46135.0,,18,17,9,1391.231323,2025-12-08 00:19:17
18,18,9,1371.3,2025-12-08 00:18:18,45133.0,,18,18,9,1392.53772,2025-12-08 00:19:18
18,19,9,1380.4,2025-12-08 00:18:19,44112.0,,18,19,9,1393.848022,2025-12-08 00:19:19
18,20,9,1382.3,2025-12-08 00:18:20,43103.0,,18,20,9,1395.162109,2025-12-08 00:19:20
18,21,9,1373.2,2025-12-08 00:18:21,42097.0,,18,21,9,1396.481079,2025-12-08 00:19:21
18,22,9,1375.1,2025-12-08 00:18:22,41095.0,,18,22,9,1397.805786,2025-12-08 00:19:22
18,23,9,1387.2,2025-12-08 00:18:23,40032.0,,18,23,9,1399.136475,2025-12-08 00:19:23
18,24,9,1375.5,2025-12-08 00:18:24,38889.0,,18,24,9,1400.473267,2025-12-08 00:19:24
18,25,9,1371.8,2025-12-08 00:18:25,37778.0,,18,25,9,1401.817993,2025-12-08 00:19:25
18,26,9,1373.0,2025-12-08 00:18:26,36541.0,,18,26,9,1403.170532,2025-12-08 00:19:26
18,27,9,1377.0,2025-12-08 00:18:27,35436.0,,18,27,9,1404.53125,2025-12-08 00:19:27
18,28,9,1377.3,2025-12-08 00:18:28,34429.0,,18,28,9,1405.901001,2025-12-08 00:19:28
18,29,9,1377.3,2025-12-08 00:18:29,33424.0,,18,29,9,1407.280029,2025-12-08 00:19:29
18,30,9,1372.7,2025-12-08 00:18:30,32413.0,,18,30,9,1408.669556,2025-12-08 00:19:30
18,31,9,1381.4,2025-12-08 00:18:31,31399.0,,18,31,9,1410.069824,2025-12-08 00:19:31
18,32,9,1377.1,2025-12-08 00:18:32,30352.0,,18,32,9,1411.481201,2025-12-08 00:19:32
18,33,9,1375.3,2025-12-08 00:18:33,29258.0,,18,33,9,1412.904541,2025-12-08 00:19:33
18,34,9,1382.1,2025-12-08 00:18:34,28256.0,,18,34,9,1414.340576,2025-12-08 00:19:34
18,35,9,1364.0,2025-12-08 00:18:35,27091.0,,18,35,9,1415.789185,2025-12-08 00:19:35
18,36,9,1368.8,2025-12-08 00:18:36,26086.0,,18,36,9,1417.252319,2025-12-08 00:19:36
18,37,9,1363.7,2025-12-08 00:18:37,25081.0,,18,37,9,1418.72937,2025-12-08 00:19:37
18,38,9,1367.2,2025-12-08 00:18:38,24079.0,,18,38,9,1420.221313,2025-12-08 00:19:38
18,39,9,1365.3,2025-12-08 00:18:39,23075.0,,18,39,9,1421.728394,2025-12-08 00:19:39
18,40,9,1362.1,2025-12-08 00:18:40,22073.0,,18,40,9,1423.251465,2025-12-08 00:19:40
18,41,9,1364.1,2025-12-08 00:18:41,21070.0,,18,41,9,1424.79126,2025-12-08 00:19:41
18,42,9,1364.7,2025-12-08 00:18:42,20068.0,,18,42,9,1426.347778,2025-12-08 00:19:42
18,43,9,1363.7,2025-12-08 00:18:43,19064.0,,18,43,9,1427.922241,2025-12-08 00:19:43
18,44,9,1364.4,2025-12-08 00:18:44,18062.0,,18,44,9,1429.515259,2025-12-08 00:19:44
18,45,9,1359.5,2025-12-08 00:18:45,17061.0,,18,45,9,1431.127197,2025-12-08 00:19:45
18,46,9,1358.1,2025-12-08 00:18:46,16057.0,,18,46,9,1432.758545,2025-12-08 00:19:46
18,47,9,1361.1,2025-12-08 00:18:47,15056.0,,18,47,9,1434.410645,2025-12-08 00:19:47
18,48,9,1362.5,2025-12-08 00:18:48,14053.0,,18,48,9,1436.083618,2025-12-08 00:19:48
18,49,9,1361.1,2025-12-08 00:18:49,13049.0,,18,49,9,1437.778076,2025-12-08 00:19:49
18,50,9,1359.0,2025-12-08 00:18:50,12046.0,,18,50,9,1439.495239,2025-12-08 00:19:50
18,51,9,1363.9,2025-12-08 00:18:51,11045.0,,18,51,9,1441.235596,2025-12-08 00:19:51
18,52,9,1362.6,2025-12-08 00:18:52,10043.0,,18,52,9,1443.0,2025-12-08 00:19:52
18,53,9,1361.3,2025-12-08 00:18:53,9041.0,,18,53,9,1444.789062,2025-12-08 00:19:53
18,54,9,1361.5,2025-12-08 00:18:54,8039.0,,18,54,9,1446.603882,2025-12-08 00:19:54
18,55,9,1361.4,2025-12-08 00:18:55,7032.0,,18,55,9,1448.445312,2025-12-08 00:19:55
18,56,9,1361.1,2025-12-08 00:18:56,6025.0,,18,56,9,1450.313843,2025-12-08 00:19:56
18,57,9,1363.0,2025-12-08 00:18:57,5021.0,,18,57,9,1452.210938,2025-12-08 00:19:57
18,58,9,1359.7,2025-12-08 00:18:58,4018.0,,18,58,9,1454.136963,2025-12-08 00:19:58
18,59,9,1360.9,2025-12-08 00:18:59,3015.0,,18,59,9,1456.093506,2025-12-08 00:19:59
19,0,9,1358.9,2025-12-08 00:19:00,61911.0,,19,0,9,1405.484619,2025-12-08 00:20:00
19,1,9,1362.4,2025-12-08 00:19:01,60904.0,,19,1,9,1390.644531,2025-12-08 00:20:01
19,2,9,1363.9,2025-12-08 00:19:02,59900.0,,19,2,9,1376.119995,2025-12-08 00:20:02
19,3,9,1360.9,2025-12-08 00:19:03,58898.0,,19,3,9,1361.797241,2025-12-08 00:20:03
19,4,9,1362.9,2025-12-08 00:19:04,57897.0,,19,4,9,1347.773193,2025-12-08 00:20:04
19,5,9,1361.4,2025-12-08 00:19:05,56897.0,,19,5,9,1334.090088,2025-12-08 00:20:05
19,6,9,1362.3,2025-12-08 00:19:06,55893.0,,19,6,9,1320.757568,2025-12-08 00:20:06
19,7,9,1360.6,2025-12-08 00:19:07,54892.0,,19,7,9,1307.765503,2025-12-08 00:20:07
19,8,9,1364.4,2025-12-08 00:19:08,53890.0,,19,8,9,1295.092285,2025-12-08 00:20:08
19,9,9,1364.9,2025-12-08 00:19:09,52885.0,,19,9,9,1282.712524,2025-12-08 00:20:09
19,10,9,1367.1,2025-12-08 00:19:10,51877.0,,19,10,9,1270.599609,2025-12-08 00:20:10
19,11,9,1385.2,2025-12-08 00:19:11,50876.0,,19,11,9,1258.728394,2025-12-08 00:20:11
19,12,9,1435.9,2025-12-08 00:19:12,49874.0,,19,12,9,1247.077393,2025-12-08 00:20:12
19,13,9,1434.9,2025-12-08 00:19:13,48869.0,,19,13,9,1235.627686,2025-12-08 00:20:13
19,14,9,1438.5,2025-12-08 00:19:14,47868.0,,19,14,9,1224.364502,2025-12-08 00:20:14
19,15,9,1441.4,2025-12-08 00:19:15,46867.0,,19,15,9,1213.276367,2025-12-08 00:20:15
19,16,9,1435.8,2025-12-08 00:19:16,45832.0,,19,16,9,1202.354614,2025-12-08 00:20:16
19,17,9,1439.6,2025-12-08 00:19:17,44791.0,,19,17,9,1191.593262,2025-12-08 00:20:17
19,18,9,1439.0,2025-12-08 00:19:18,43788.0,,19,18,9,1180.988159,2025-12-08 00:20:18
19,19,9,1444.2,2025-12-08 00:19:19,42787.0,,19,19,9,1170.537109,2025-12-08 00:20:19
19,20,9,1444.5,2025-12-08 00:19:20,41785.0,,19,20,9,1160.239014,2025-12-08 00:20:20
19,21,9,1444.3,2025-12-08 00:19:21,40784.0,,19,21,9,1150.093872,2025-12-08 00:20:21
19,22,9,1437.7,2025-12-08 00:19:22,39783.0,,19,22,9,1140.102417,2025-12-08 00:20:22
19,23,9,1464.4,2025-12-08 00:19:23,38780.0,,19,23,9,1130.265625,2025-12-08 00:20:23
19,24,9,1444.1,2025-12-08 00:19:24,37776.0,,19,24,9,1120.584839,2025-12-08 00:20:24
19,25,9,1445.4,2025-12-08 00:19:25,36775.0,,19,25,9,1111.061768,2025-12-08 00:20:25
19,26,9,1443.3,2025-12-08 00:19:26,35774.0,,19,26,9,1101.697998,2025-12-08 00:20:26
19,27,9,1442.9,2025-12-08 00:19:27,34773.0,,19,27,9,1092.495728,2025-12-08 00:20:27
19,28,9,1442.5,2025-12-08 00:19:28,33772.0,,19,28,9,1083.455933,2025-12-08 00:20:28
19,29,9,1446.2,2025-12-08 00:19:29,32769.0,,19,29,9,1074.580811,2025-12-08 00:20:29
19,30,9,1447.8,2025-12-08 00:19:30,31765.0,,19,30,9,1065.871826,2025-12-08 00:20:30
19,31,9,1452.3,2025-12-08 00:19:31,30762.0,,19,31,9,1057.330444,2025-12-08 00:20:31
19,32,9,1441.3,2025-12-08 00:19:32,29761.0,,19,32,9,1048.95813,2025-12-08 00:20:32
19,33,9,1439.5,2025-12-08 00:19:33,28759.0,,19,33,9,1040.756348,2025-12-08 00:20:33
19,34,9,1438.3,2025-12-08 00:19:34,27757.0,,19,34,9,1032.726562,2025-12-08 00:20:34
19,35,9,1439.3,2025-12-08 00:19:35,26756.0,,19,35,9,1024.869995,2025-12-08 00:20:35
19,36,9,1443.3,2025-12-08 00:19:36,25753.0,,19,36,9,1017.187805,2025-12-08 00:20:36
19,37,9,1437.5,2025-12-08 00:19:37,24750.0,,19,37,9,1009.681091,2025-12-08 00:20:37
19,38,9,1443.2,2025-12-08 00:19:38,23749.0,,19,38,9,1002.351074,2025-12-08 00:20:38
19,39,9,1442.2,2025-12-08 00:19:39,22744.0,,19,39,9,995.198853,2025-12-08 00:20:39
19,40,9,1445.4,2025-12-08 00:19:40,21742.0,,19,40,9,988.225525,2025-12-08 00:20:40
19,41,9,1443.0,2025-12-08 00:19:41,20740.0,,19,41,9,981.431824,2025-12-08 00:20:41
19,42,9,1453.6,2025-12-08 00:19:42,19738.0,,19,42,9,974.818909,2025-12-08 00:20:42
19,43,9,1444.9,2025-12-08 00:19:43,18736.0,,19,43,9,968.387329,2025-12-08 00:20:43
19,44,9,1446.8,2025-12-08 00:19:44,17734.0,,19,44,9,962.137878,2025-12-08 00:20:44
19,45,9,1445.1,2025-12-08 00:19:45,16733.0,,19,45,9,956.07135,2025-12-08 00:20:45
19,46,9,1442.0,2025-12-08 00:19:46,15731.0,,19,46,9,950.188171,2025-12-08 00:20:46
19,47,9,1445.2,2025-12-08 00:19:47,14729.0,,19,47,9,944.488831,2025-12-08 00:20:47
19,48,9,1443.1,2025-12-08 00:19:48,13728.0,,19,48,9,938.973572,2025-12-08 00:20:48
19,49,9,1443.4,2025-12-08 00:19:49,12727.0,,19,49,9,933.642761,2025-12-08 00:20:49
19,50,9,1445.9,2025-12-08 00:19:50,11725.0,,19,50,9,928.496338,2025-12-08 00:20:50
19,51,9,1452.5,2025-12-08 00:19:51,10724.0,,19,51,9,923.534302,2025-12-08 00:20:51
19,52,9,1445.6,2025-12-08 00:19:52,9723.0,,19,52,9,918.756226,2025-12-08 00:20:52
19,53,9,1446.6,2025-12-08 00:19:53,8721.0,,19,53,9,914.161926,2025-12-08 00:20:53
19,54,9,1445.5,2025-12-08 00:19:54,7721.0,,19,54,9,909.75061,2025-12-08 00:20:54
19,55,9,1442.3,2025-12-08 00:19:55,6719.0,,19,55,9,905.521667,2025-12-08 00:20:55
19,56,9,1444.5,2025-12-08 00:19:56,5719.0,,19,56,9,901.473999,2025-12-08 00:20:56
19,57,9,1449.0,2025-12-08 00:19:57,4718.0,,19,57,9,897.606506,2025-12-08 00:20:57
19,58,9,1442.7,2025-12-08 00:19:58,3717.0,,19,58,9,893.917786,2025-12-08 00:20:58
19,59,9,1445.3,2025-12-08 00:19:59,2715.0,,19,59,9,890.40625,2025-12-08 00:20:59
20,0,9,1446.4,2025-12-08 00:20:00,155570.0,,20,0,9,1511.035767,2025-12-08 00:21:00
20,1,9,1444.0,2025-12-08 00:20:01,154569.0,,20,1,9,1494.315552,2025-12-08 00:21:01
20,2,9,1447.0,2025-12-08 00:20:02,153568.0,,20,2,9,1478.284546,2025-12-08 00:21:02
20,3,9,1447.5,2025-12-08 00:20:03,152567.0,,20,3,9,1462.595093,2025-12-08 00:21:03
20,4,9,1448.0,2025-12-08 00:20:04,151566.0,,20,4,9,1447.32666,2025-12-08 00:21:04
20,5,9,1444.9,2025-12-08 00:20:05,150565.0,,20,5,9,1432.508789,2025-12-08 00:21:05
20,6,9,1444.5,2025-12-08 00:20:06,149564.0,,20,6,9,1418.142456,2025-12-08 00:21:06
20,7,9,1446.8,2025-12-08 00:20:07,148563.0,,20,7,9,1404.210938,2025-12-08 00:21:07
20,8,9,1447.3,2025-12-08 00:20:08,147562.0,,20,8,9,1390.688354,2025-12-08 00:21:08
20,9,9,1449.0,2025-12-08 00:20:09,146560.0,,20,9,9,1377.544678,2025-12-08 00:21:09
20,10,9,1440.8,2025-12-08 00:20:10,145558.0,,20,10,9,1364.748901,2025-12-08 00:21:10
20,11,9,1446.5,2025-12-08 00:20:11,144556.0,,20,11,9,1352.27124,2025-12-08 00:21:11
20,12,9,1446.2,2025-12-08 00:20:12,143554.0,,20,12,9,1340.084717,2025-12-08 00:21:12
20,13,9,1459.7,2025-12-08 00:20:13,142552.0,,20,13,9,1328.164795,2025-12-08 00:21:13
20,14,9,1482.9,2025-12-08 00:20:14,141547.0,,20,14,9,1316.490601,2025-12-08 00:21:14
20,15,9,1543.7,2025-12-08 00:20:15,140544.0,,20,15,9,1305.044067,2025-12-08 00:21:15
20,16,9,1532.5,2025-12-08 00:20:16,139541.0,,20,16,9,1293.809937,2025-12-08 00:21:16
20,17,9,1549.6,2025-12-08 00:20:17,138540.0,,20,17,9,1282.775391,2025-12-08 00:21:17
20,18,9,1543.1,2025-12-08 00:20:18,137538.0,,20,18,9,1271.92981,2025-12-08 00:21:18
20,19,9,1548.0,2025-12-08 00:20:19,136531.0,,20,19,9,1261.264771,2025-12-08 00:21:19
20,20,9,1551.4,2025-12-08 00:20:20,135522.0,,20,20,9,1250.772949,2025-12-08 00:21:20
20,21,9,1548.0,2025-12-08 00:20:21,134521.0,,20,21,9,1240.448608,2025-12-08 00:21:21
20,22,9,1542.7,2025-12-08 00:20:22,133518.0,,20,22,9,1230.286743,2025-12-08 00:21:22
20,23,9,1545.3,2025-12-08 00:20:23,132516.0,,20,23,9,1220.283569,2025-12-08 00:21:23
20,24,9,1546.6,2025-12-08 00:20:24,131512.0,,20,24,9,1210.435547,2025-12-08 00:21:24
20,25,9,1544.1,2025-12-08 00:20:25,130508.0,,20,25,9,1200.73999,2025-12-08 00:21:25
20,26,9,1543.6,2025-12-08 00:20:26,129506.0,,20,26,9,1191.194214,2025-12-08 00:21:26
20,27,9,1543.7,2025-12-08 00:20:27,128503.0,,20,27,9,1181.796265,2025-12-08 00:21:27
20,28,9,1542.8,2025-12-08 00:20:28,127501.0,,20,28,9,1172.543945,2025-12-08 00:21:28
20,29,9,1546.6,2025-12-08 00:20:29,126500.0,,20,29,9,1163.435913,2025-12-08 00:21:29
20,30,9,1549.6,2025-12-08 00:20:30,125499.0,,20,30,9,1154.470581,2025-12-08 00:21:30
20,31,9,1546.5,2025-12-08 00:20:31,124498.0,,20,31,9,1145.646362,2025-12-08 00:21:31
20,32,9,1547.6,2025-12-08 00:20:32,123494.0,,20,32,9,1136.96228,2025-12-08 00:21:32
20,33,9,1548.1,2025-12-08 00:20:33,122493.0,,20,33,9,1128.416992,2025-12-08 00:21:33
20,34,9,1549.7,2025-12-08 00:20:34,121489.0,,20,34,9,1120.009521,2025-12-08 00:21:34
20,35,9,1553.4,2025-12-08 00:20:35,120486.0,,20,35,9,1111.739014,2025-12-08 00:21:35
20,36,9,1546.7,2025-12-08 00:20:36,119484.0,,20,36,9,1103.604492,2025-12-08 00:21:36
20,37,9,1548.7,2025-12-08 00:20:37,118481.0,,20,37,9,1095.605347,2025-12-08 00:21:37
20,38,9,1552.1,2025-12-08 00:20:38,117480.0,,20,38,9,1087.741089,2025-12-08 00:21:38
20,39,9,1549.8,2025-12-08 00:20:39,116478.0,,20,39,9,1080.01123,2025-12-08 00:21:39
20,40,9,1548.6,2025-12-08 00:20:40,115472.0,,20,40,9,1072.415161,2025-12-08 00:21:40
20,41,9,1551.7,2025-12-08 00:20:41,114460.0,,20,41,9,1064.952881,2025-12-08 00:21:41
20,42,9,1550.7,2025-12-08 00:20:42,113458.0,,20,42,9,1057.624023,2025-12-08 00:21:42
20,43,9,1551.6,2025-12-08 00:20:43,112453.0,,20,43,9,1050.428589,2025-12-08 00:21:43
20,44,9,1553.3,2025-12-08 00:20:44,111452.0,,20,44,9,1043.366699,2025-12-08 00:21:44
20,45,9,1557.4,2025-12-08 00:20:45,110451.0,,20,45,9,1036.438232,2025-12-08 00:21:45
20,46,9,1552.2,2025-12-08 00:20:46,109449.0,,20,46,9,1029.643433,2025-12-08 00:21:46
20,47,9,1550.7,2025-12-08 00:20:47,108445.0,,20,47,9,1022.982727,2025-12-08 00:21:47
20,48,9,1550.7,2025-12-08 00:20:48,107432.0,,20,48,9,1016.456238,2025-12-08 00:21:48
20,49,9,1551.7,2025-12-08 00:20:49,106428.0,,20,49,9,1010.064514,2025-12-08 00:21:49
20,50,9,1554.1,2025-12-08 00:20:50,105427.0,,20,50,9,1003.8078,2025-12-08 00:21:50
20,51,9,1552.6,2025-12-08 00:20:51,104426.0,,20,51,9,997.686768,2025-12-08 00:21:51
20,52,9,1550.4,2025-12-08 00:20:52,103423.0,,20,52,9,991.701904,2025-12-08 00:21:52
20,53,9,1550.3,2025-12-08 00:20:53,102422.0,,20,53,9,985.853699,2025-12-08 00:21:53
20,54,9,1551.5,2025-12-08 00:20:54,101419.0,,20,54,9,980.1427,2025-12-08 00:21:54
20,55,9,1563.0,2025-12-08 00:20:55,100418.0,,20,55,9,974.569519,2025-12-08 00:21:55
20,56,9,1552.7,2025-12-08 00:20:56,99416.0,,20,56,9,969.134827,2025-12-08 00:21:56
20,57,9,1554.1,2025-12-08 00:20:57,98412.0,,20,57,9,963.83905,2025-12-08 00:21:57
20,58,9,1554.9,2025-12-08 00:20:58,97408.0,,20,58,9,958.6828,2025-12-08 00:21:58
20,59,9,1555.7,2025-12-08 00:20:59,96406.0,,20,59,9,953.666504,2025-12-08 00:21:59
21,0,9,1563.6,2025-12-08 00:22:00,69340.0,,21,0,9,1521.835815,2025-12-08 00:23:00
21,1,9,1560.2,2025-12-08 00:22:01,68309.0,,21,1,9,1504.454102,2025-12-08 00:23:01
21,2,9,1559.8,2025-12-08 00:22:02,67300.0,,21,2,9,1487.620483,2025-12-08 00:23:02
21,3,9,1558.4,2025-12-08 00:22:03,66294.0,,21,3,9,1471.03064,2025-12-08 00:23:03
21,4,9,1557.9,2025-12-08 00:22:04,65291.0,,21,4,9,1454.804565,2025-12-08 00:23:04
21,5,9,1560.1,2025-12-08 00:22:05,64290.0,,21,5,9,1438.996094,2025-12-08 00:23:05
21,6,9,1557.4,2025-12-08 00:22:06,63289.0,,21,6,9,1423.619995,2025-12-08 00:23:06
21,7,9,1559.7,2025-12-08 00:22:07,62279.0,,21,7,9,1408.666016,2025-12-08 00:23:07
21,8,9,1558.1,2025-12-08 00:22:08,61278.0,,21,8,9,1394.109863,2025-12-08 00:23:08
21,9,9,1554.8,2025-12-08 00:22:09,60277.0,,21,9,9,1379.921387,2025-12-08 00:23:09
21,10,9,1554.9,2025-12-08 00:22:10,59274.0,,21,10,9,1366.068481,2025-12-08 00:23:10
21,11,9,1556.8,2025-12-08 00:22:11,58270.0,,21,11,9,1352.519775,2025-12-08 00:23:11
21,12,9,1556.4,2025-12-08 00:22:12,56989.0,,21,12,9,1339.247559,2025-12-08 00:23:12
21,13,9,1560.6,2025-12-08 00:22:13,55986.0,,21,13,9,1326.227173,2025-12-08 00:23:13
21,14,9,1557.7,2025-12-08 00:22:14,54984.0,,21,14,9,1313.437866,2025-12-08 00:23:14
21,15,9,1552.0,2025-12-08 00:22:15,53981.0,,21,15,9,1300.862793,2025-12-08 00:23:15
21,16,9,1555.3,2025-12-08 00:22:16,52979.0,,21,16,9,1288.488647,2025-12-08 00:23:16
21,17,9,1559.1,2025-12-08 00:22:17,51977.0,,21,17,9,1276.304688,2025-12-08 00:23:17
21,18,9,1558.7,2025-12-08 00:22:18,50969.0,,21,18,9,1264.303223,2025-12-08 00:23:18
21,19,9,1563.4,2025-12-08 00:22:19,49968.0,,21,19,9,1252.478271,2025-12-08 00:23:19
21,20,9,1564.2,2025-12-08 00:22:20,48966.0,,21,20,9,1240.825806,2025-12-08 00:23:20
21,21,9,1555.9,2025-12-08 00:22:21,47964.0,,21,21,9,1229.342773,2025-12-08 00:23:21
21,22,9,1557.2,2025-12-08 00:22:22,46963.0,,21,22,9,1218.027588,2025-12-08 00:23:22
21,23,9,1557.4,2025-12-08 00:22:23,45960.0,,21,23,9,1206.878906,2025-12-08 00:23:23
21,24,9,1557.1,2025-12-08 00:22:24,44957.0,,21,24,9,1195.896362,2025-12-08 00:23:24
21,25,9,1557.2,2025-12-08 00:22:25,43955.0,,21,25,9,1185.079834,2025-12-08 00:23:25
21,26,9,1556.1,2025-12-08 00:22:26,42953.0,,21,26,9,1174.429321,2025-12-08 00:23:26
21,27,9,1556.6,2025-12-08 00:22:27,41947.0,,21,27,9,1163.944946,2025-12-08 00:23:27
21,28,9,1557.1,2025-12-08 00:22:28,40939.0,,21,28,9,1153.627441,2025-12-08 00:23:28
21,29,9,1556.9,2025-12-08 00:22:29,39930.0,,21,29,9,1143.477051,2025-12-08 00:23:29
21,30,9,1558.9,2025-12-08 00:22:30,38929.0,,21,30,9,1133.494385,2025-12-08 00:23:30
21,31,9,1553.7,2025-12-08 00:22:31,37928.0,,21,31,9,1123.67981,2025-12-08 00:23:31
21,32,9,1559.9,2025-12-08 00:22:32,36926.0,,21,32,9,1114.03418,2025-12-08 00:23:32
21,33,9,1556.8,2025-12-08 00:22:33,35912.0,,21,33,9,1104.557861,2025-12-08 00:23:33
21,34,9,1561.2,2025-12-08 00:22:34,34907.0,,21,34,9,1095.251465,2025-12-08 00:23:34
21,35,9,1562.3,2025-12-08 00:22:35,33905.0,,21,35,9,1086.115723,2025-12-08 00:23:35
21,36,9,1560.9,2025-12-08 00:22:36,32904.0,,21,36,9,1077.151245,2025-12-08 00:23:36
21,37,9,1563.0,2025-12-08 00:22:37,31902.0,,21,37,9,1068.358643,2025-12-08 00:23:37
21,38,9,1564.8,2025-12-08 00:22:38,30898.0,,21,38,9,1059.73877,2025-12-08 00:23:38
21,39,9,1559.9,2025-12-08 00:22:39,29897.0,,21,39,9,1051.291992,2025-12-08 00:23:39
21,40,9,1560.3,2025-12-08 00:22:40,28896.0,,21,40,9,1043.019531,2025-12-08 00:23:40
21,41,9,1562.3,2025-12-08 00:22:41,27887.0,,21,41,9,1034.921875,2025-12-08 00:23:41
21,42,9,1555.5,2025-12-08 00:22:42,26881.0,,21,42,9,1026.999878,2025-12-08 00:23:42
21,43,9,1558.1,2025-12-08 00:22:43,25880.0,,21,43,9,1019.254578,2025-12-08 00:23:43
21,44,9,1557.7,2025-12-08 00:22:44,24880.0,,21,44,9,1011.686646,2025-12-08 00:23:44
21,45,9,1569.3,2025-12-08 00:22:45,23878.0,,21,45,9,1004.296936,2025-12-08 00:23:45
21,46,9,1567.9,2025-12-08 00:22:46,22874.0,,21,46,9,997.086304,2025-12-08 00:23:46
21,47,9,1563.1,2025-12-08 00:22:47,21873.0,,21,47,9,990.055542,2025-12-08 00:23:47
21,48,9,1559.8,2025-12-08 00:22:48,20871.0,,21,48,9,983.205444,2025-12-08 00:23:48
21,49,9,1574.5,2025-12-08 00:22:49,19870.0,,21,49,9,976.536926,2025-12-08 00:23:49
21,50,9,1561.4,2025-12-08 00:22:50,18867.0,,21,50,9,970.050354,2025-12-08 00:23:50
21,51,9,1561.4,2025-12-08 00:22:51,17866.0,,21,51,9,963.746765,2025-12-08 00:23:51
21,52,9,1562.0,2025-12-08 00:22:52,16859.0,,21,52,9,957.626526,2025-12-08 00:23:52
21,53,9,1562.8,2025-12-08 00:22:53,15858.0,,21,53,9,951.690186,2025-12-08 00:23:53
21,54,9,1560.2,2025-12-08 00:22:54,14856.0,,21,54,9,945.93811,2025-12-08 00:23:54
21,55,9,1563.9,2025-12-08 00:22:55,13853.0,,21,55,9,940.370667,2025-12-08 00:23:55
21,56,9,1561.2,2025-12-08 00:22:56,12851.0,,21,56,9,934.988037,2025-12-08 00:23:56
21,57,9,1563.5,2025-12-08 00:22:57,11850.0,,21,57,9,929.790161,2025-12-08 00:23:57
21,58,9,1562.1,2025-12-08 00:22:58,10848.0,,21,58,9,924.777039,2025-12-08 00:23:58
21,59,9,1575.8,2025-12-08 00:22:59,9848.0,,21,59,9,919.948425,2025-12-08 00:23:59
22,0,9,1563.0,2025-12-08 00:23:00,68814.0,,22,0,9,1533.963623,2025-12-08 00:24:00
22,1,9,1565.8,2025-12-08 00:23:01,67813.0,,22,1,9,1516.315674,2025-12-08 00:24:01
22,2,9,1570.1,2025-12-08 00:23:02,66809.0,,22,2,9,1499.19397,2025-12-08 00:24:02
22,3,9,1567.9,2025-12-08 00:23:03,65807.0,,22,3,9,1482.358398,2025-12-08 00:24:03
22,4,9,1569.8,2025-12-08 00:23:04,64806.0,,22,4,9,1465.913452,2025-12-08 00:24:04
22,5,9,1565.9,2025-12-08 00:23:05,63804.0,,22,5,9,1449.903931,2025-12-08 00:24:05
22,6,9,1565.2,2025-12-08 00:23:06,62803.0,,22,6,9,1434.33728,2025-12-08 00:24:06
22,7,9,1566.5,2025-12-08 00:23:07,61802.0,,22,7,9,1419.199585,2025-12-08 00:24:07
22,8,9,1563.1,2025-12-08 00:23:08,60800.0,,22,8,9,1404.464355,2025-12-08 00:24:08
22,9,9,1564.8,2025-12-08 00:23:09,59797.0,,22,9,9,1390.099854,2025-12-08 00:24:09
22,10,9,1567.0,2025-12-08 00:23:10,58796.0,,22,10,9,1376.073242,2025-12-08 00:24:10
22,11,9,1565.9,2025-12-08 00:23:11,57794.0,,22,11,9,1362.353638,2025-12-08 00:24:11
22,12,9,1586.3,2025-12-08 00:23:12,56789.0,,22,12,9,1348.912842,2025-12-08 00:24:12
22,13,9,1563.3,2025-12-08 00:23:13,55785.0,,22,13,9,1335.72644,2025-12-08 00:24:13
22,14,9,1565.6,2025-12-08 00:23:14,54784.0,,22,14,9,1322.774048,2025-12-08 00:24:14
22,15,9,1567.3,2025-12-08 00:23:15,53782.0,,22,15,9,1310.03894,2025-12-08 00:24:15
22,16,9,1564.5,2025-12-08 00:23:16,52781.0,,22,16,9,1297.507568,2025-12-08 00:24:16
22,17,9,1568.7,2025-12-08 00:23:17,51775.0,,22,17,9,1285.169678,2025-12-08 00:24:17
22,18,9,1564.6,2025-12-08 00:23:18,50772.0,,22,18,9,1273.017212,2025-12-08 00:24:18
22,19,9,1573.0,2025-12-08 00:23:19,49770.0,,22,19,9,1261.044434,2025-12-08 00:24:19
22,20,9,1573.5,2025-12-08 00:23:20,48769.0,,22,20,9,1249.246826,2025-12-08 00:24:20
22,21,9,1573.1,2025-12-08 00:23:21,47765.0,,22,21,9,1237.62146,2025-12-08 00:24:21
22,22,9,1564.1,2025-12-08 00:23:22,46763.0,,22,22,9,1226.166382,2025-12-08 00:24:22
22,23,9,1569.0,2025-12-08 00:23:23,45761.0,,22,23,9,1214.880371,2025-12-08 00:24:23
22,24,9,1566.4,2025-12-08 00:23:24,44759.0,,22,24,9,1203.762451,2025-12-08 00:24:24
22,25,9,1566.9,2025-12-08 00:23:25,43757.0,,22,25,9,1192.812378,2025-12-08 00:24:25
22,26,9,1567.8,2025-12-08 00:23:26,42754.0,,22,26,9,1182.030151,2025-12-08 00:24:26
22,27,9,1572.2,2025-12-08 00:23:27,41746.0,,22,27,9,1171.415771,2025-12-08 00:24:27
22,28,9,1572.6,2025-12-08 00:23:28,40695.0,,22,28,9,1160.96936,2025-12-08 00:24:28
22,29,9,1574.2,2025-12-08 00:23:29,39694.0,,22,29,9,1150.691162,2025-12-08 00:24:29
22,30,9,1583.3,2025-12-08 00:23:30,38692.0,,22,30,9,1140.581665,2025-12-08 00:24:30
22,31,9,1569.3,2025-12-08 00:23:31,37689.0,,22,31,9,1130.641113,2025-12-08 00:24:31
22,32,9,1574.8,2025-12-08 00:23:32,36688.0,,22,32,9,1120.869873,2025-12-08 00:24:32
22,33,9,1576.0,2025-12-08 00:23:33,35685.0,,22,33,9,1111.268555,2025-12-08 00:24:33
22,34,9,1574.5,2025-12-08 00:23:34,34681.0,,22,34,9,1101.837402,2025-12-08 00:24:34
22,35,9,1574.9,2025-12-08 00:23:35,33667.0,,22,35,9,1092.577148,2025-12-08 00:24:35
22,36,9,1573.9,2025-12-08 00:23:36,32665.0,,22,36,9,1083.488159,2025-12-08 00:24:36
22,37,9,1575.1,2025-12-08 00:23:37,31663.0,,22,37,9,1074.571167,2025-12-08 00:24:37
22,38,9,1577.2,2025-12-08 00:23:38,30661.0,,22,38,9,1065.826538,2025-12-08 00:24:38
22,39,9,1579.9,2025-12-08 00:23:39,29656.0,,22,39,9,1057.255249,2025-12-08 00:24:39
22,40,9,1576.5,2025-12-08 00:23:40,28647.0,,22,40,9,1048.857666,2025-12-08 00:24:40
22,41,9,1579.2,2025-12-08 00:23:41,27646.0,,22,41,9,1040.634644,2025-12-08 00:24:41
22,42,9,1576.0,2025-12-08 00:23:42,26644.0,,22,42,9,1032.587036,2025-12-08 00:24:42
22,43,9,1577.9,2025-12-08 00:23:43,25644.0,,22,43,9,1024.715698,2025-12-08 00:24:43
22,44,9,1590.5,2025-12-08 00:23:44,24641.0,,22,44,9,1017.021057,2025-12-08 00:24:44
22,45,9,1575.8,2025-12-08 00:23:45,23637.0,,22,45,9,1009.504211,2025-12-08 00:24:45
22,46,9,1576.3,2025-12-08 00:23:46,22636.0,,22,46,9,1002.166077,2025-12-08 00:24:46
22,47,9,1580.6,2025-12-08 00:23:47,21634.0,,22,47,9,995.007324,2025-12-08 00:24:47
22,48,9,1577.0,2025-12-08 00:23:48,20632.0,,22,48,9,988.02887,2025-12-08 00:24:48
22,49,9,1578.2,2025-12-08 00:23:49,19629.0,,22,49,9,981.231323,2025-12-08 00:24:49
22,50,9,1581.7,2025-12-08 00:23:50,18628.0,,22,50,9,974.615479,2025-12-08 00:24:50
22,51,9,1580.3,2025-12-08 00:23:51,17626.0,,22,51,9,968.182007,2025-12-08 00:24:51
22,52,9,1578.3,2025-12-08 00:23:52,16625.0,,22,52,9,961.931702,2025-12-08 00:24:52
22,53,9,1579.1,2025-12-08 00:23:53,15622.0,,22,53,9,955.86499,2025-12-08 00:24:53
22,54,9,1582.4,2025-12-08 00:23:54,14619.0,,22,54,9,949.9823,2025-12-08 00:24:54
22,55,9,1578.1,2025-12-08 00:23:55,13608.0,,22,55,9,944.283997,2025-12-08 00:24:55
22,56,9,1581.8,2025-12-08 00:23:56,12607.0,,22,56,9,938.770447,2025-12-08 00:24:56
22,57,9,1580.8,2025-12-08 00:23:57,11606.0,,22,57,9,933.441711,2025-12-08 00:24:57
22,58,9,1578.9,2025-12-08 00:23:58,10604.0,,22,58,9,928.297791,2025-12-08 00:24:58
22,59,9,1581.7,2025-12-08 00:23:59,9603.0,,22,59,9,923.338562,2025-12-08 00:24:59
23,0,9,1590.9,2025-12-08 00:24:00,68791.0,,23,0,9,875.06781,2025-12-08 00:25:00
23,1,9,1580.0,2025-12-08 00:24:01,67790.0,,23,1,9,868.026672,2025-12-08 00:25:01
23,2,9,1583.7,2025-12-08 00:24:02,66789.0,,23,2,9,864.926941,2025-12-08 00:25:02
23,3,9,1584.1,2025-12-08 00:24:03,65788.0,,23,3,9,863.302002,2025-12-08 00:25:03
23,4,9,1587.2,2025-12-08 00:24:04,64787.0,,23,4,9,862.113342,2025-12-08 00:25:04
23,5,9,1587.4,2025-12-08 00:24:05,63785.0,,23,5,9,860.749939,2025-12-08 00:25:05
23,6,9,1585.8,2025-12-08 00:24:06,62783.0,,23,6,9,858.911072,2025-12-08 00:25:06
23,7,9,1578.7,2025-12-08 00:24:07,61781.0,,23,7,9,856.499451,2025-12-08 00:25:07
23,8,9,1582.3,2025-12-08 00:24:08,60778.0,,23,8,9,853.543152,2025-12-08 00:25:08
23,9,9,1588.2,2025-12-08 00:24:09,59772.0,,23,9,9,850.139893,2025-12-08 00:25:09
23,10,9,1583.0,2025-12-08 00:24:10,58770.0,,23,10,9,846.419128,2025-12-08 00:25:10
23,11,9,1582.9,2025-12-08 00:24:11,57768.0,,23,11,9,842.518616,2025-12-08 00:25:11
23,12,9,1582.1,2025-12-08 00:24:12,56766.0,,23,12,9,838.568848,2025-12-08 00:25:12
23,13,9,1586.2,2025-12-08 00:24:13,55764.0,,23,13,9,834.685425,2025-12-08 00:25:13
23,14,9,1585.0,2025-12-08 00:24:14,54762.0,,23,14,9,830.965088,2025-12-08 00:25:14
23,15,9,1593.4,2025-12-08 00:24:15,53760.0,,23,15,9,827.484741,2025-12-08 00:25:15
23,16,9,1586.3,2025-12-08 00:24:16,52758.0,,23,16,9,824.302429,2025-12-08 00:25:16
23,17,9,1589.0,2025-12-08 00:24:17,51755.0,,23,17,9,821.459045,2025-12-08 00:25:17
23,18,9,1592.0,2025-12-08 00:24:18,50754.0,,23,18,9,818.980652,2025-12-08 00:25:18
23,19,9,1592.6,2025-12-08 00:24:19,49751.0,,23,19,9,816.880737,2025-12-08 00:25:19
23,20,9,1594.0,2025-12-08 00:24:20,48750.0,,23,20,9,815.16272,2025-12-08 00:25:20
23,21,9,1589.6,2025-12-08 00:24:21,47747.0,,23,21,9,813.822083,2025-12-08 00:25:21
23,22,9,1588.7,2025-12-08 00:24:22,46745.0,,23,22,9,812.847961,2025-12-08 00:25:22
23,23,9,1593.7,2025-12-08 00:24:23,45741.0,,23,23,9,812.224854,2025-12-08 00:25:23
23,24,9,1588.4,2025-12-08 00:24:24,44739.0,,23,24,9,811.934021,2025-12-08 00:25:24
23,25,9,1589.9,2025-12-08 00:24:25,43737.0,,23,25,9,811.954285,2025-12-08 00:25:25
23,26,9,1591.3,2025-12-08 00:24:26,42725.0,,23,26,9,812.263,2025-12-08 00:25:26
23,27,9,1589.7,2025-12-08 00:24:27,41723.0,,23,27,9,812.836853,2025-12-08 00:25:27
23,28,9,1591.5,2025-12-08 00:24:28,40722.0,,23,28,9,813.6521,2025-12-08 00:25:28
23,29,9,1595.1,2025-12-08 00:24:29,39720.0,,23,29,9,814.684998,2025-12-08 00:25:29
23,30,9,1588.5,2025-12-08 00:24:30,38719.0,,23,30,9,815.912048,2025-12-08 00:25:30
23,31,9,1590.7,2025-12-08 00:24:31,37716.0,,23,31,9,817.310547,2025-12-08 00:25:31
23,32,9,1595.9,2025-12-08 00:24:32,36711.0,,23,32,9,818.858276,2025-12-08 00:25:32
23,33,9,1592.4,2025-12-08 00:24:33,35709.0,,23,33,9,820.533813,2025-12-08 00:25:33
23,34,9,1595.3,2025-12-08 00:24:34,34708.0,,23,34,9,822.316772,2025-12-08 00:25:34
23,35,9,1597.9,2025-12-08 00:24:35,33700.0,,23,35,9,824.187622,2025-12-08 00:25:35
23,36,9,1596.8,2025-12-08 00:24:36,32495.0,,23,36,9,826.127747,2025-12-08 00:25:36
23,37,9,1600.8,2025-12-08 00:24:37,31491.0,,23,37,9,828.119751,2025-12-08 00:25:37
23,38,9,1598.2,2025-12-08 00:24:38,30422.0,,23,38,9,830.147095,2025-12-08 00:25:38
23,39,9,1597.8,2025-12-08 00:24:39,29416.0,,23,39,9,832.19458,2025-12-08 00:25:39
23,40,9,1596.7,2025-12-08 00:24:40,28414.0,,23,40,9,834.247742,2025-12-08 00:25:40
23,41,9,1600.5,2025-12-08 00:24:41,27412.0,,23,41,9,836.293579,2025-12-08 00:25:41
23,42,9,1599.0,2025-12-08 00:24:42,26399.0,,23,42,9,838.319946,2025-12-08 00:25:42
23,43,9,1598.4,2025-12-08 00:24:43,25297.0,,23,43,9,840.315796,2025-12-08 00:25:43
23,44,9,1600.3,2025-12-08 00:24:44,24296.0,,23,44,9,842.271423,2025-12-08 00:25:44
23,45,9,1600.6,2025-12-08 00:24:45,23292.0,,23,45,9,844.177856,2025-12-08 00:25:45
23,46,9,1605.5,2025-12-08 00:24:46,22286.0,,23,46,9,846.027405,2025-12-08 00:25:46
23,47,9,1603.9,2025-12-08 00:24:47,21275.0,,23,47,9,847.81311,2025-12-08 00:25:47
23,48,9,1601.1,2025-12-08 00:24:48,19891.0,,23,48,9,849.529419,2025-12-08 00:25:48
23,49,9,1603.3,2025-12-08 00:24:49,18852.0,,23,49,9,851.171387,2025-12-08 00:25:49
23,50,9,1604.1,2025-12-08 00:24:50,17838.0,,23,50,9,852.734924,2025-12-08 00:25:50
23,51,9,1603.8,2025-12-08 00:24:51,16679.0,,23,51,9,854.21698,2025-12-08 00:25:51
23,52,9,1430.7,2025-12-08 00:24:52,15678.0,,23,52,9,855.614929,2025-12-08 00:25:52
23,53,9,1434.9,2025-12-08 00:24:53,14379.0,,23,53,9,856.929016,2025-12-08 00:25:53
23,54,9,1443.1,2025-12-08 00:24:54,13378.0,,23,54,9,858.157166,2025-12-08 00:25:54
23,55,9,1452.6,2025-12-08 00:24:55,12376.0,,23,55,9,859.29895,2025-12-08 00:25:55
23,56,9,1413.4,2025-12-08 00:24:56,11374.0,,23,56,9,860.354248,2025-12-08 00:25:56
23,57,9,704.8,2025-12-08 00:24:57,10371.0,,23,57,9,861.324341,2025-12-08 00:25:57
23,58,9,703.6,2025-12-08 00:24:58,9367.0,,23,58,9,862.222839,2025-12-08 00:25:58
23,59,9,710.3,2025-12-08 00:24:59,8366.0,,23,59,9,863.043091,2025-12-08 00:25:59
24,0,9,960.0,2025-12-08 00:25:00,67294.0,,24,0,9,776.776001,2025-12-08 00:26:00
24,1,9,722.9,2025-12-08 00:25:01,66179.0,,24,1,9,788.802002,2025-12-08 00:26:01
24,2,9,713.3,2025-12-08 00:25:02,65178.0,,24,2,9,800.681641,2025-12-08 00:26:02
24,3,9,713.5,2025-12-08 00:25:03,63997.0,,24,3,9,812.180115,2025-12-08 00:26:03
24,4,9,711.6,2025-12-08 00:25:04,62993.0,,24,4,9,823.155396,2025-12-08 00:26:04
24,5,9,710.7,2025-12-08 00:25:05,61991.0,,24,5,9,833.512878,2025-12-08 00:26:05
24,6,9,713.5,2025-12-08 00:25:06,60989.0,,24,6,9,843.193054,2025-12-08 00:26:06
24,7,9,714.3,2025-12-08 00:25:07,59988.0,,24,7,9,852.162048,2025-12-08 00:26:07
24,8,9,714.5,2025-12-08 00:25:08,58840.0,,24,8,9,860.405701,2025-12-08 00:26:08
24,9,9,714.5,2025-12-08 00:25:09,57760.0,,24,9,9,867.924072,2025-12-08 00:26:09
24,10,9,714.0,2025-12-08 00:25:10,56757.0,,24,10,9,874.727905,2025-12-08 00:26:10
24,11,9,715.9,2025-12-08 00:25:11,55757.0,,24,11,9,880.836121,2025-12-08 00:26:11
24,12,9,712.0,2025-12-08 00:25:12,54756.0,,24,12,9,886.27301,2025-12-08 00:26:12
24,13,9,713.8,2025-12-08 00:25:13,53693.0,,24,13,9,891.067383,2025-12-08 00:26:13
24,14,9,716.8,2025-12-08 00:25:14,52690.0,,24,14,9,895.250671,2025-12-08 00:26:14
24,15,9,713.9,2025-12-08 00:25:15,51688.0,,24,15,9,898.855957,2025-12-08 00:26:15
24,16,9,716.5,2025-12-08 00:25:16,50688.0,,24,16,9,901.918152,2025-12-08 00:26:16
24,17,9,713.4,2025-12-08 00:25:17,49671.0,,24,17,9,904.471802,2025-12-08 00:26:17
24,18,9,713.0,2025-12-08 00:25:18,48670.0,,24,18,9,906.552002,2025-12-08 00:26:18
24,19,9,718.8,2025-12-08 00:25:19,47666.0,,24,19,9,908.193237,2025-12-08 00:26:19
24,20,9,718.4,2025-12-08 00:25:20,46665.0,,24,20,9,909.429138,2025-12-08 00:26:20
24,21,9,713.0,2025-12-08 00:25:21,45663.0,,24,21,9,910.292603,2025-12-08 00:26:21
24,22,9,715.2,2025-12-08 00:25:22,44658.0,,24,22,9,910.815735,2025-12-08 00:26:22
24,23,9,716.6,2025-12-08 00:25:23,43633.0,,24,23,9,911.028625,2025-12-08 00:26:23
24,24,9,713.3,2025-12-08 00:25:24,42631.0,,24,24,9,910.960693,2025-12-08 00:26:24
24,25,9,713.6,2025-12-08 00:25:25,41623.0,,24,25,9,910.639465,2025-12-08 00:26:25
24,26,9,718.1,2025-12-08 00:25:26,40616.0,,24,26,9,910.091492,2025-12-08 00:26:26
24,27,9,703.2,2025-12-08 00:25:27,39609.0,,24,27,9,909.341248,2025-12-08 00:26:27
24,28,9,702.3,2025-12-08 00:25:28,38597.0,,24,28,9,908.412842,2025-12-08 00:26:28
24,29,9,600.2,2025-12-08 00:25:29,37595.0,,24,29,9,907.327698,2025-12-08 00:26:29
24,30,9,593.6,2025-12-08 00:25:30,36588.0,,24,30,9,906.109131,2025-12-08 00:26:30
24,31,9,721.1,2025-12-08 00:25:31,35584.0,,24,31,9,904.77417,2025-12-08 00:26:31
24,32,9,618.1,2025-12-08 00:25:32,34582.0,,24,32,9,903.337158,2025-12-08 00:26:32
24,33,9,612.4,2025-12-08 00:25:33,33578.0,,24,33,9,901.819763,2025-12-08 00:26:33
24,34,9,613.1,2025-12-08 00:25:34,32573.0,,24,34,9,900.235291,2025-12-08 00:26:34
24,35,9,610.6,2025-12-08 00:25:35,31572.0,,24,35,9,898.597717,2025-12-08 00:26:35
24,36,9,610.5,2025-12-08 00:25:36,30571.0,,24,36,9,896.919861,2025-12-08 00:26:36
24,37,9,608.5,2025-12-08 00:25:37,29561.0,,24,37,9,895.213623,2025-12-08 00:26:37
24,38,9,608.5,2025-12-08 00:25:38,28557.0,,24,38,9,893.489868,2025-12-08 00:26:38
24,39,9,607.4,2025-12-08 00:25:39,27556.0,,24,39,9,891.758545,2025-12-08 00:26:39
24,40,9,609.2,2025-12-08 00:25:40,26554.0,,24,40,9,890.028564,2025-12-08 00:26:40
24,41,9,616.7,2025-12-08 00:25:41,25552.0,,24,41,9,888.308105,2025-12-08 00:26:41
24,42,9,612.8,2025-12-08 00:25:42,24546.0,,24,42,9,886.60437,2025-12-08 00:26:42
24,43,9,613.6,2025-12-08 00:25:43,23541.0,,24,43,9,884.924316,2025-12-08 00:26:43
24,44,9,618.8,2025-12-08 00:25:44,22537.0,,24,44,9,883.273804,2025-12-08 00:26:44
24,45,9,614.3,2025-12-08 00:25:45,21529.0,,24,45,9,881.657898,2025-12-08 00:26:45
24,46,9,616.0,2025-12-08 00:25:46,20526.0,,24,46,9,880.081543,2025-12-08 00:26:46
24,47,9,638.7,2025-12-08 00:25:47,19522.0,,24,47,9,878.548767,2025-12-08 00:26:47
24,48,9,686.1,2025-12-08 00:25:48,18521.0,,24,48,9,877.062622,2025-12-08 00:26:48
24,49,9,726.7,2025-12-08 00:25:49,17520.0,,24,49,9,875.625793,2025-12-08 00:26:49
24,50,9,735.7,2025-12-08 00:25:50,16519.0,,24,50,9,874.240845,2025-12-08 00:26:50
24,51,9,734.6,2025-12-08 00:25:51,15518.0,,24,51,9,872.910339,2025-12-08 00:26:51
24,52,9,735.8,2025-12-08 00:25:52,14516.0,,24,52,9,871.63623,2025-12-08 00:26:52
24,53,9,734.8,2025-12-08 00:25:53,13512.0,,24,53,9,870.419983,2025-12-08 00:26:53
24,54,9,737.2,2025-12-08 00:25:54,12511.0,,24,54,9,869.262573,2025-12-08 00:26:54
24,55,9,738.3,2025-12-08 00:25:55,11510.0,,24,55,9,868.164612,2025-12-08 00:26:55
24,56,9,736.1,2025-12-08 00:25:56,10508.0,,24,56,9,867.126587,2025-12-08 00:26:56
24,57,9,736.8,2025-12-08 00:25:57,9506.0,,24,57,9,866.14856,2025-12-08 00:26:57
24,58,9,742.6,2025-12-08 00:25:58,8504.0,,24,58,9,865.230347,2025-12-08 00:26:58
24,59,9,740.7,2025-12-08 00:25:59,7504.0,,24,59,9,864.371216,2025-12-08 00:26:59
25,0,9,740.7,2025-12-08 00:26:00,66378.0,,25,0,9,762.749634,2025-12-08 00:27:00
25,1,9,741.1,2025-12-08 00:26:01,65377.0,,25,1,9,769.282593,2025-12-08 00:27:01
25,2,9,741.8,2025-12-08 00:26:02,64373.0,,25,2,9,776.005737,2025-12-08 00:27:02
25,3,9,741.3,2025-12-08 00:26:03,63371.0,,25,3,9,782.780579,2025-12-08 00:27:03
25,4,9,742.9,2025-12-08 00:26:04,62370.0,,25,4,9,789.526306,2025-12-08 00:27:04
25,5,9,741.6,2025-12-08 00:26:05,61368.0,,25,5,9,796.184143,2025-12-08 00:27:05
25,6,9,740.2,2025-12-08 00:26:06,60367.0,,25,6,9,802.710083,2025-12-08 00:27:06
25,7,9,741.8,2025-12-08 00:26:07,59364.0,,25,7,9,809.070312,2025-12-08 00:27:07
25,8,9,742.5,2025-12-08 00:26:08,58363.0,,25,8,9,815.237671,2025-12-08 00:27:08
25,9,9,740.7,2025-12-08 00:26:09,57359.0,,25,9,9,821.189941,2025-12-08 00:27:09
25,10,9,742.7,2025-12-08 00:26:10,56355.0,,25,10,9,826.908264,2025-12-08 00:27:10
25,11,9,740.4,2025-12-08 00:26:11,55354.0,,25,11,9,832.376831,2025-12-08 00:27:11
25,12,9,741.1,2025-12-08 00:26:12,54351.0,,25,12,9,837.582214,2025-12-08 00:27:12
25,13,9,743.6,2025-12-08 00:26:13,53343.0,,25,13,9,842.513428,2025-12-08 00:27:13
25,14,9,744.3,2025-12-08 00:26:14,52341.0,,25,14,9,847.161682,2025-12-08 00:27:14
25,15,9,741.7,2025-12-08 00:26:15,51339.0,,25,15,9,851.520386,2025-12-08 00:27:15
25,16,9,747.7,2025-12-08 00:26:16,50338.0,,25,16,9,855.585632,2025-12-08 00:27:16
25,17,9,741.2,2025-12-08 00:26:17,49336.0,,25,17,9,859.355225,2025-12-08 00:27:17
25,18,9,739.3,2025-12-08 00:26:18,48332.0,,25,18,9,862.829773,2025-12-08 00:27:18
25,19,9,745.4,2025-12-08 00:26:19,47330.0,,25,19,9,866.011536,2025-12-08 00:27:19
25,20,9,752.3,2025-12-08 00:26:20,46329.0,,25,20,9,868.904602,2025-12-08 00:27:20
25,21,9,751.8,2025-12-08 00:26:21,45328.0,,25,21,9,871.515137,2025-12-08 00:27:21
25,22,9,742.5,2025-12-08 00:26:22,44326.0,,25,22,9,873.850891,2025-12-08 00:27:22
25,23,9,754.5,2025-12-08 00:26:23,43325.0,,25,23,9,875.921021,2025-12-08 00:27:23
25,24,9,738.9,2025-12-08 00:26:24,42324.0,,25,24,9,877.735413,2025-12-08 00:27:24
25,25,9,742.3,2025-12-08 00:26:25,41320.0,,25,25,9,879.305664,2025-12-08 00:27:25
25,26,9,748.3,2025-12-08 00:26:26,40311.0,,25,26,9,880.643555,2025-12-08 00:27:26
25,27,9,745.4,2025-12-08 00:26:27,39310.0,,25,27,9,881.761292,2025-12-08 00:27:27
25,28,9,745.7,2025-12-08 00:26:28,38309.0,,25,28,9,882.672058,2025-12-08 00:27:28
25,29,9,746.5,2025-12-08 00:26:29,37308.0,,25,29,9,883.388855,2025-12-08 00:27:29
25,30,9,742.3,2025-12-08 00:26:30,36307.0,,25,30,9,883.924744,2025-12-08 00:27:30
25,31,9,742.9,2025-12-08 00:26:31,35306.0,,25,31,9,884.293091,2025-12-08 00:27:31
25,32,9,741.1,2025-12-08 00:26:32,34305.0,,25,32,9,884.506775,2025-12-08 00:27:32
25,33,9,743.0,2025-12-08 00:26:33,33304.0,,25,33,9,884.57843,2025-12-08 00:27:33
25,34,9,743.1,2025-12-08 00:26:34,32301.0,,25,34,9,884.520447,2025-12-08 00:27:34
25,35,9,743.9,2025-12-08 00:26:35,31300.0,,25,35,9,884.344849,2025-12-08 00:27:35
25,36,9,742.0,2025-12-08 00:26:36,30299.0,,25,36,9,884.063171,2025-12-08 00:27:36
25,37,9,742.7,2025-12-08 00:26:37,29297.0,,25,37,9,883.686523,2025-12-08 00:27:37
25,38,9,745.5,2025-12-08 00:26:38,28294.0,,25,38,9,883.225525,2025-12-08 00:27:38
25,39,9,741.7,2025-12-08 00:26:39,27290.0,,25,39,9,882.690186,2025-12-08 00:27:39
25,40,9,741.4,2025-12-08 00:26:40,26288.0,,25,40,9,882.090027,2025-12-08 00:27:40
25,41,9,741.6,2025-12-08 00:26:41,25287.0,,25,41,9,881.434021,2025-12-08 00:27:41
25,42,9,741.8,2025-12-08 00:26:42,24274.0,,25,42,9,880.730591,2025-12-08 00:27:42
25,43,9,745.7,2025-12-08 00:26:43,23271.0,,25,43,9,879.987732,2025-12-08 00:27:43
25,44,9,747.0,2025-12-08 00:26:44,22266.0,,25,44,9,879.212708,2025-12-08 00:27:44
25,45,9,744.5,2025-12-08 00:26:45,21264.0,,25,45,9,878.412415,2025-12-08 00:27:45
25,46,9,742.8,2025-12-08 00:26:46,20259.0,,25,46,9,877.593323,2025-12-08 00:27:46
25,47,9,744.7,2025-12-08 00:26:47,19257.0,,25,47,9,876.761292,2025-12-08 00:27:47
25,48,9,742.2,2025-12-08 00:26:48,18256.0,,25,48,9,875.921753,2025-12-08 00:27:48
25,49,9,751.3,2025-12-08 00:26:49,17255.0,,25,49,9,875.079712,2025-12-08 00:27:49
25,50,9,743.7,2025-12-08 00:26:50,16254.0,,25,50,9,874.239502,2025-12-08 00:27:50
25,51,9,742.9,2025-12-08 00:26:51,15253.0,,25,51,9,873.405579,2025-12-08 00:27:51
25,52,9,743.2,2025-12-08 00:26:52,14252.0,,25,52,9,872.581543,2025-12-08 00:27:52
25,53,9,742.6,2025-12-08 00:26:53,13251.0,,25,53,9,871.770691,2025-12-08 00:27:53
25,54,9,744.4,2025-12-08 00:26:54,12249.0,,25,54,9,870.976257,2025-12-08 00:27:54
25,55,9,752.9,2025-12-08 00:26:55,11247.0,,25,55,9,870.200562,2025-12-08 00:27:55
25,56,9,745.1,2025-12-08 00:26:56,10245.0,,25,56,9,869.445984,2025-12-08 00:27:56
25,57,9,744.6,2025-12-08 00:26:57,9242.0,,25,57,9,868.714844,2025-12-08 00:27:57
25,58,9,743.8,2025-12-08 00:26:58,8239.0,,25,58,9,868.008728,2025-12-08 00:27:58
25,59,9,742.0,2025-12-08 00:26:59,7238.0,,25,59,9,867.329224,2025-12-08 00:27:59
26,0,9,754.5,2025-12-08 00:27:00,66712.0,,26,0,9,761.144165,2025-12-08 00:28:00
26,1,9,749.9,2025-12-08 00:27:01,65708.0,,26,1,9,767.705627,2025-12-08 00:28:01
26,2,9,746.8,2025-12-08 00:27:02,64707.0,,26,2,9,774.444275,2025-12-08 00:28:02
26,3,9,747.7,2025-12-08 00:27:03,63706.0,,26,3,9,781.235168,2025-12-08 00:28:03
26,4,9,757.1,2025-12-08 00:27:04,62704.0,,26,4,9,788.002502,2025-12-08 00:28:04
26,5,9,745.4,2025-12-08 00:27:05,61703.0,,26,5,9,794.690308,2025-12-08 00:28:05
26,6,9,743.8,2025-12-08 00:27:06,60701.0,,26,6,9,801.256409,2025-12-08 00:28:06
26,7,9,748.8,2025-12-08 00:27:07,59698.0,,26,7,9,807.666992,2025-12-08 00:28:07
26,8,9,743.0,2025-12-08 00:27:08,58695.0,,26,8,9,813.894226,2025-12-08 00:28:08
26,9,9,740.6,2025-12-08 00:27:09,57692.0,,26,9,9,819.914917,2025-12-08 00:28:09
26,10,9,743.5,2025-12-08 00:27:10,56690.0,,26,10,9,825.709106,2025-12-08 00:28:10
26,11,9,741.4,2025-12-08 00:27:11,55689.0,,26,11,9,831.259155,2025-12-08 00:28:11
26,12,9,741.0,2025-12-08 00:27:12,54686.0,,26,12,9,836.550354,2025-12-08 00:28:12
26,13,9,741.6,2025-12-08 00:27:13,53686.0,,26,13,9,841.570068,2025-12-08 00:28:13
26,14,9,745.4,2025-12-08 00:27:14,52684.0,,26,14,9,846.30835,2025-12-08 00:28:14
26,15,9,741.9,2025-12-08 00:27:15,51681.0,,26,15,9,850.757263,2025-12-08 00:28:15
26,16,9,740.6,2025-12-08 00:27:16,50677.0,,26,16,9,854.911743,2025-12-08 00:28:16
26,17,9,746.0,2025-12-08 00:27:17,49676.0,,26,17,9,858.768921,2025-12-08 00:28:17
26,18,9,744.5,2025-12-08 00:27:18,48673.0,,26,18,9,862.328247,2025-12-08 00:28:18
26,19,9,750.3,2025-12-08 00:27:19,47672.0,,26,19,9,865.59137,2025-12-08 00:28:19
26,20,9,748.5,2025-12-08 00:27:20,46671.0,,26,20,9,868.562134,2025-12-08 00:28:20
26,21,9,743.5,2025-12-08 00:27:21,45669.0,,26,21,9,871.246216,2025-12-08 00:28:21
26,22,9,742.2,2025-12-08 00:27:22,44668.0,,26,22,9,873.651123,2025-12-08 00:28:22
26,23,9,744.6,2025-12-08 00:27:23,43667.0,,26,23,9,875.785767,2025-12-08 00:28:23
26,24,9,744.5,2025-12-08 00:27:24,42665.0,,26,24,9,877.660095,2025-12-08 00:28:24
26,25,9,743.2,2025-12-08 00:27:25,41664.0,,26,25,9,879.285278,2025-12-08 00:28:25
26,26,9,744.5,2025-12-08 00:27:26,40661.0,,26,26,9,880.67334,2025-12-08 00:28:26
26,27,9,746.2,2025-12-08 00:27:27,39658.0,,26,27,9,881.836853,2025-12-08 00:28:27
26,28,9,748.0,2025-12-08 00:27:28,38656.0,,26,28,9,882.788757,2025-12-08 00:28:28
26,29,9,750.4,2025-12-08 00:27:29,37654.0,,26,29,9,883.542236,2025-12-08 00:28:29
26,30,9,749.3,2025-12-08 00:27:30,36648.0,,26,30,9,884.110718,2025-12-08 00:28:30
26,31,9,750.8,2025-12-08 00:27:31,35646.0,,26,31,9,884.507507,2025-12-08 00:28:31
26,32,9,750.6,2025-12-08 00:27:32,34637.0,,26,32,9,884.745728,2025-12-08 00:28:32
26,33,9,750.6,2025-12-08 00:27:33,33633.0,,26,33,9,884.838379,2025-12-08 00:28:33
26,34,9,748.6,2025-12-08 00:27:34,32632.0,,26,34,9,884.798096,2025-12-08 00:28:34
26,35,9,748.7,2025-12-08 00:27:35,31630.0,,26,35,9,884.637085,2025-12-08 00:28:35
26,36,9,746.3,2025-12-08 00:27:36,30628.0,,26,36,9,884.367126,2025-12-08 00:28:36
26,37,9,747.7,2025-12-08 00:27:37,29617.0,,26,37,9,883.999512,2025-12-08 00:28:37
26,38,9,749.4,2025-12-08 00:27:38,28616.0,,26,38,9,883.545044,2025-12-08 00:28:38
26,39,9,746.9,2025-12-08 00:27:39,27613.0,,26,39,9,883.013916,2025-12-08 00:28:39
26,40,9,748.0,2025-12-08 00:27:40,26601.0,,26,40,9,882.415894,2025-12-08 00:28:40
26,41,9,748.0,2025-12-08 00:27:41,25594.0,,26,41,9,881.760132,2025-12-08 00:28:41
26,42,9,753.4,2025-12-08 00:27:42,24592.0,,26,42,9,881.055298,2025-12-08 00:28:42
26,43,9,745.1,2025-12-08 00:27:43,23591.0,,26,43,9,880.309204,2025-12-08 00:28:43
26,44,9,744.9,2025-12-08 00:27:44,22586.0,,26,44,9,879.529846,2025-12-08 00:28:44
26,45,9,740.0,2025-12-08 00:27:45,21565.0,,26,45,9,878.72406,2025-12-08 00:28:45
26,46,9,740.3,2025-12-08 00:27:46,20563.0,,26,46,9,877.898376,2025-12-08 00:28:46
26,47,9,744.0,2025-12-08 00:27:47,19440.0,,26,47,9,877.058838,2025-12-08 00:28:47
26,48,9,744.4,2025-12-08 00:27:48,18360.0,,26,48,9,876.210876,2025-12-08 00:28:48
26,49,9,745.3,2025-12-08 00:27:49,17354.0,,26,49,9,875.359619,2025-12-08 00:28:49
26,50,9,748.7,2025-12-08 00:27:50,16350.0,,26,50,9,874.509766,2025-12-08 00:28:50
26,51,9,741.7,2025-12-08 00:27:51,15347.0,,26,51,9,873.665527,2025-12-08 00:28:51
26,52,9,743.6,2025-12-08 00:27:52,14145.0,,26,52,9,872.830811,2025-12-08 00:28:52
26,53,9,741.6,2025-12-08 00:27:53,13130.0,,26,53,9,872.008972,2025-12-08 00:28:53
26,54,9,741.7,2025-12-08 00:27:54,11685.0,,26,54,9,871.203186,2025-12-08 00:28:54
26,55,9,744.7,2025-12-08 00:27:55,10447.0,,26,55,9,870.416138,2025-12-08 00:28:55
26,56,9,741.9,2025-12-08 00:27:56,9441.0,,26,56,9,869.650208,2025-12-08 00:28:56
26,57,9,740.7,2025-12-08 00:27:57,8185.0,,26,57,9,868.907532,2025-12-08 00:28:57
26,58,9,742.6,2025-12-08 00:27:58,7146.0,,26,58,9,868.189941,2025-12-08 00:28:58
26,59,9,743.3,2025-12-08 00:27:59,6103.0,,26,59,9,867.498901,2025-12-08 00:28:59
27,0,9,758.2,2025-12-08 00:28:00,64462.0,,27,0,9,761.858521,2025-12-08 00:29:00
27,1,9,742.9,2025-12-08 00:28:01,63461.0,,27,1,9,768.594177,2025-12-08 00:29:01
27,2,9,743.0,2025-12-08 00:28:02,62135.0,,27,2,9,775.496765,2025-12-08 00:29:02
27,3,9,743.2,2025-12-08 00:28:03,61124.0,,27,3,9,782.437805,2025-12-08 00:29:03
27,4,9,743.5,2025-12-08 00:28:04,60112.0,,27,4,9,789.339722,2025-12-08 00:29:04
27,5,9,757.6,2025-12-08 00:28:05,59018.0,,27,5,9,796.145325,2025-12-08 00:29:05
27,6,9,744.9,2025-12-08 00:28:06,58004.0,,27,6,9,802.811218,2025-12-08 00:29:06
27,7,9,744.5,2025-12-08 00:28:07,56939.0,,27,7,9,809.304016,2025-12-08 00:29:07
27,8,9,745.7,2025-12-08 00:28:08,55932.0,,27,8,9,815.596008,2025-12-08 00:29:08
27,9,9,741.9,2025-12-08 00:28:09,54927.0,,27,9,9,821.66449,2025-12-08 00:29:09
27,10,9,745.5,2025-12-08 00:28:10,53926.0,,27,10,9,827.490051,2025-12-08 00:29:10
27,11,9,746.5,2025-12-08 00:28:11,52912.0,,27,11,9,833.056213,2025-12-08 00:29:11
27,12,9,743.9,2025-12-08 00:28:12,51909.0,,27,12,9,838.349182,2025-12-08 00:29:12
27,13,9,743.4,2025-12-08 00:28:13,50861.0,,27,13,9,843.357727,2025-12-08 00:29:13
27,14,9,743.9,2025-12-08 00:28:14,49795.0,,27,14,9,848.072998,2025-12-08 00:29:14
27,15,9,741.4,2025-12-08 00:28:15,48792.0,,27,15,9,852.488464,2025-12-08 00:29:15
27,16,9,744.1,2025-12-08 00:28:16,47790.0,,27,16,9,856.600342,2025-12-08 00:29:16
27,17,9,741.9,2025-12-08 00:28:17,46789.0,,27,17,9,860.406921,2025-12-08 00:29:17
27,18,9,741.9,2025-12-08 00:28:18,45755.0,,27,18,9,863.908997,2025-12-08 00:29:18
27,19,9,748.8,2025-12-08 00:28:19,44723.0,,27,19,9,867.109375,2025-12-08 00:29:19
27,20,9,747.0,2025-12-08 00:28:20,43712.0,,27,20,9,870.012817,2025-12-08 00:29:20
27,21,9,741.9,2025-12-08 00:28:21,42684.0,,27,21,9,872.626282,2025-12-08 00:29:21
27,22,9,742.5,2025-12-08 00:28:22,41681.0,,27,22,9,874.958069,2025-12-08 00:29:22
27,23,9,745.6,2025-12-08 00:28:23,40669.0,,27,23,9,877.017883,2025-12-08 00:29:23
27,24,9,742.5,2025-12-08 00:28:24,39654.0,,27,24,9,878.816467,2025-12-08 00:29:24
27,25,9,742.0,2025-12-08 00:28:25,38519.0,,27,25,9,880.365906,2025-12-08 00:29:25
27,26,9,740.3,2025-12-08 00:28:26,37445.0,,27,26,9,881.678528,2025-12-08 00:29:26
27,27,9,741.8,2025-12-08 00:28:27,36435.0,,27,27,9,882.767578,2025-12-08 00:29:27
27,28,9,743.9,2025-12-08 00:28:28,35431.0,,27,28,9,883.646484,2025-12-08 00:29:28
27,29,9,754.0,2025-12-08 00:28:29,34428.0,,27,29,9,884.328674,2025-12-08 00:29:29
27,30,9,739.8,2025-12-08 00:28:30,33422.0,,27,30,9,884.82782,2025-12-08 00:29:30
27,31,9,741.8,2025-12-08 00:28:31,32421.0,,27,31,9,885.157837,2025-12-08 00:29:31
27,32,9,741.7,2025-12-08 00:28:32,31407.0,,27,32,9,885.33197,2025-12-08 00:29:32
27,33,9,737.3,2025-12-08 00:28:33,30399.0,,27,33,9,885.363098,2025-12-08 00:29:33
27,34,9,741.5,2025-12-08 00:28:34,29393.0,,27,34,9,885.264343,2025-12-08 00:29:34
27,35,9,742.2,2025-12-08 00:28:35,28385.0,,27,35,9,885.047607,2025-12-08 00:29:35
27,36,9,740.1,2025-12-08 00:28:36,27382.0,,27,36,9,884.724792,2025-12-08 00:29:36
27,37,9,741.5,2025-12-08 00:28:37,26378.0,,27,37,9,884.307373,2025-12-08 00:29:37
27,38,9,742.6,2025-12-08 00:28:38,25368.0,,27,38,9,883.806091,2025-12-08 00:29:38
27,39,9,740.9,2025-12-08 00:28:39,24366.0,,27,39,9,883.231079,2025-12-08 00:29:39
27,40,9,745.7,2025-12-08 00:28:40,23360.0,,27,40,9,882.59198,2025-12-08 00:29:40
27,41,9,741.0,2025-12-08 00:28:41,22349.0,,27,41,9,881.897949,2025-12-08 00:29:41
27,42,9,741.5,2025-12-08 00:28:42,21339.0,,27,42,9,881.157715,2025-12-08 00:29:42
27,43,9,744.6,2025-12-08 00:28:43,20321.0,,27,43,9,880.379089,2025-12-08 00:29:43
27,44,9,743.0,2025-12-08 00:28:44,19301.0,,27,44,9,879.56958,2025-12-08 00:29:44
27,45,9,742.6,2025-12-08 00:28:45,18283.0,,27,45,9,878.736084,2025-12-08 00:29:45
27,46,9,741.1,2025-12-08 00:28:46,17274.0,,27,46,9,877.885193,2025-12-08 00:29:46
27,47,9,746.0,2025-12-08 00:28:47,16271.0,,27,47,9,877.022644,2025-12-08 00:29:47
27,48,9,739.0,2025-12-08 00:28:48,15258.0,,27,48,9,876.153992,2025-12-08 00:29:48
27,49,9,742.2,2025-12-08 00:28:49,14256.0,,27,49,9,875.284302,2025-12-08 00:29:49
27,50,9,739.8,2025-12-08 00:28:50,13254.0,,27,50,9,874.41803,2025-12-08 00:29:50
27,51,9,738.9,2025-12-08 00:28:51,12251.0,,27,51,9,873.559387,2025-12-08 00:29:51
27,52,9,743.5,2025-12-08 00:28:52,11247.0,,27,52,9,872.711975,2025-12-08 00:29:52
27,53,9,741.1,2025-12-08 00:28:53,10214.0,,27,53,9,871.879211,2025-12-08 00:29:53
27,54,9,744.8,2025-12-08 00:28:54,9212.0,,27,54,9,871.064148,2025-12-08 00:29:54
27,55,9,742.7,2025-12-08 00:28:55,8207.0,,27,55,9,870.269226,2025-12-08 00:29:55
27,56,9,742.7,2025-12-08 00:28:56,7205.0,,27,56,9,869.497009,2025-12-08 00:29:56
27,57,9,742.2,2025-12-08 00:28:57,6203.0,,27,57,9,868.749329,2025-12-08 00:29:57
27,58,9,742.2,2025-12-08 00:28:58,5200.0,,27,58,9,868.027954,2025-12-08 00:29:58
27,59,9,743.2,2025-12-08 00:28:59,4193.0,,27,59,9,867.334351,2025-12-08 00:29:59
