block,id,sensor_id,sensor_energy_value,sensor_timestamp,message_delay,,block,id,sensor_id,sensor_energy_value_prediction,sensor_timestamp
0,0,2,615.3,2025-12-08 00:00:00,63666.0,,0,0,2,755.229126,2025-12-08 00:01:00
0,1,2,637.4,2025-12-08 00:00:01,62662.0,,0,1,2,766.119019,2025-12-08 00:01:01
0,2,2,621.6,2025-12-08 00:00:02,61660.0,,0,2,2,777.643738,2025-12-08 00:01:02
0,3,2,615.5,2025-12-08 00:00:03,60657.0,,0,3,2,789.187561,2025-12-08 00:01:03
0,4,2,617.7,2025-12-08 00:00:04,59655.0,,0,4,2,800.302551,2025-12-08 00:01:04
0,5,2,620.4,2025-12-08 00:00:05,58652.0,,0,5,2,810.780151,2025-12-08 00:01:05
0,6,2,619.2,2025-12-08 00:00:06,57650.0,,0,6,2,820.549927,2025-12-08 00:01:06
0,7,2,618.6,2025-12-08 00:00:07,56648.0,,0,7,2,829.616882,2025-12-08 00:01:07
0,8,2,622.0,2025-12-08 00:00:08,55646.0,,0,8,2,838.024597,2025-12-08 00:01:08
0,9,2,630.2,2025-12-08 00:00:09,54643.0,,0,9,2,845.834595,2025-12-08 00:01:09
0,10,2,635.8,2025-12-08 00:00:10,53641.0,,0,10,2,853.113464,2025-12-08 00:01:10
0,11,2,617.7,2025-12-08 00:00:11,52638.0,,0,11,2,859.926941,2025-12-08 00:01:11
0,12,2,613.1,2025-12-08 00:00:12,51636.0,,0,12,2,866.335632,2025-12-08 00:01:12
0,13,2,621.8,2025-12-08 00:00:13,50635.0,,0,13,2,872.393738,2025-12-08 00:01:13
0,14,2,616.6,2025-12-08 00:00:14,49631.0,,0,14,2,878.14856,2025-12-08 00:01:14
0,15,2,611.6,2025-12-08 00:00:15,48629.0,,0,15,2,883.640991,2025-12-08 00:01:15
0,16,2,630.1,2025-12-08 00:00:16,47627.0,,0,16,2,888.905212,2025-12-08 00:01:16
0,17,2,624.2,2025-12-08 00:00:17,46624.0,,0,17,2,893.970276,2025-12-08 00:01:17
0,18,2,617.0,2025-12-08 00:00:18,45623.0,,0,18,2,898.860291,2025-12-08 00:01:18
0,19,2,628.6,2025-12-08 00:00:19,44621.0,,0,19,2,903.595276,2025-12-08 00:01:19
0,20,2,624.0,2025-12-08 00:00:20,43619.0,,0,20,2,908.191772,2025-12-08 00:01:20
0,21,2,625.6,2025-12-08 00:00:21,42617.0,,0,21,2,912.663269,2025-12-08 00:01:21
0,22,2,621.8,2025-12-08 00:00:22,41613.0,,0,22,2,917.021057,2025-12-08 00:01:22
0,23,2,618.2,2025-12-08 00:00:23,40611.0,,0,23,2,921.27478,2025-12-08 00:01:23
0,24,2,606.1,2025-12-08 00:00:24,39609.0,,0,24,2,925.432251,2025-12-08 00:01:24
0,25,2,601.7,2025-12-08 00:00:25,38607.0,,0,25,2,929.500061,2025-12-08 00:01:25
0,26,2,623.7,2025-12-08 00:00:26,37605.0,,0,26,2,933.483948,2025-12-08 00:01:26
0,27,2,636.7,2025-12-08 00:00:27,36603.0,,0,27,2,937.388672,2025-12-08 00:01:27
0,28,2,603.2,2025-12-08 00:00:28,35600.0,,0,28,2,941.218567,2025-12-08 00:01:28
0,29,2,620.0,2025-12-08 00:00:29,34598.0,,0,29,2,944.978149,2025-12-08 00:01:29
0,30,2,617.4,2025-12-08 00:00:30,33595.0,,0,30,2,948.670349,2025-12-08 00:01:30
0,31,2,619.5,2025-12-08 00:00:31,32592.0,,0,31,2,952.298828,2025-12-08 00:01:31
0,32,2,618.8,2025-12-08 00:00:32,31591.0,,0,32,2,955.866516,2025-12-08 00:01:32
0,33,2,738.3,2025-12-08 00:00:33,30589.0,,0,33,2,959.376404,2025-12-08 00:01:33
0,34,2,703.7,2025-12-08 00:00:34,29587.0,,0,34,2,962.829346,2025-12-08 00:01:34
0,35,2,703.8,2025-12-08 00:00:35,28585.0,,0,35,2,966.230286,2025-12-08 00:01:35
0,36,2,707.3,2025-12-08 00:00:36,27583.0,,0,36,2,969.581299,2025-12-08 00:01:36
0,37,2,627.7,2025-12-08 00:00:37,26581.0,,0,37,2,972.884705,2025-12-08 00:01:37
0,38,2,702.9,2025-12-08 00:00:38,25579.0,,0,38,2,976.144348,2025-12-08 00:01:38
0,39,2,745.6,2025-12-08 00:00:39,24576.0,,0,39,2,979.359741,2025-12-08 00:01:39
0,40,2,716.0,2025-12-08 00:00:40,23573.0,,0,40,2,982.533508,2025-12-08 00:01:40
0,41,2,716.5,2025-12-08 00:00:41,22571.0,,0,41,2,985.66925,2025-12-08 00:01:41
0,42,2,655.6,2025-12-08 00:00:42,21568.0,,0,42,2,988.76825,2025-12-08 00:01:42
0,43,2,642.2,2025-12-08 00:00:43,20565.0,,0,43,2,991.833801,2025-12-08 00:01:43
0,44,2,702.0,2025-12-08 00:00:44,19563.0,,0,44,2,994.866882,2025-12-08 00:01:44
0,45,2,702.4,2025-12-08 00:00:45,18560.0,,0,45,2,997.867615,2025-12-08 00:01:45
0,46,2,711.9,2025-12-08 00:00:46,17557.0,,0,46,2,1000.838806,2025-12-08 00:01:46
0,47,2,715.8,2025-12-08 00:00:47,16554.0,,0,47,2,1003.782043,2025-12-08 00:01:47
0,48,2,714.2,2025-12-08 00:00:48,15552.0,,0,48,2,1006.698914,2025-12-08 00:01:48
0,49,2,698.1,2025-12-08 00:00:49,14549.0,,0,49,2,1009.591125,2025-12-08 00:01:49
0,50,2,702.4,2025-12-08 00:00:50,13547.0,,0,50,2,1012.460388,2025-12-08 00:01:50
0,51,2,723.7,2025-12-08 00:00:51,12546.0,,0,51,2,1015.307495,2025-12-08 00:01:51
0,52,2,651.9,2025-12-08 00:00:52,11543.0,,0,52,2,1018.133484,2025-12-08 00:01:52
0,53,2,649.0,2025-12-08 00:00:53,10542.0,,0,53,2,1020.942322,2025-12-08 00:01:53
0,54,2,653.5,2025-12-08 00:00:54,9540.0,,0,54,2,1023.733398,2025-12-08 00:01:54
0,55,2,655.0,2025-12-08 00:00:55,8538.0,,0,55,2,1026.507446,2025-12-08 00:01:55
0,56,2,662.5,2025-12-08 00:00:56,7535.0,,0,56,2,1029.265747,2025-12-08 00:01:56
0,57,2,651.9,2025-12-08 00:00:57,6533.0,,0,57,2,1032.009033,2025-12-08 00:01:57
0,58,2,645.5,2025-12-08 00:00:58,5530.0,,0,58,2,1034.739014,2025-12-08 00:01:58
0,59,2,643.8,2025-12-08 00:00:59,4527.0,,0,59,2,1037.456665,2025-12-08 00:01:59
1,0,2,1090.9,2025-12-08 00:01:00,63384.0,,1,0,2,1155.872437,2025-12-08 00:02:00
1,1,2,1084.1,2025-12-08 00:01:01,62382.0,,1,1,2,1159.103394,2025-12-08 00:02:01
1,2,2,1085.4,2025-12-08 00:01:02,61380.0,,1,2,2,1162.366455,2025-12-08 00:02:02
1,3,2,1087.6,2025-12-08 00:01:03,60377.0,,1,3,2,1165.547729,2025-12-08 00:02:03
1,4,2,1077.2,2025-12-08 00:01:04,59375.0,,1,4,2,1168.646484,2025-12-08 00:02:04
1,5,2,924.8,2025-12-08 00:01:05,58373.0,,1,5,2,1171.673462,2025-12-08 00:02:05
1,6,2,1049.2,2025-12-08 00:01:06,57371.0,,1,6,2,1174.663452,2025-12-08 00:02:06
1,7,2,904.4,2025-12-08 00:01:07,56368.0,,1,7,2,1177.583496,2025-12-08 00:02:07
1,8,2,886.7,2025-12-08 00:01:08,55357.0,,1,8,2,1180.488647,2025-12-08 00:02:08
1,9,2,958.6,2025-12-08 00:01:09,54355.0,,1,9,2,1183.369263,2025-12-08 00:02:09
1,10,2,895.5,2025-12-08 00:01:10,53352.0,,1,10,2,1186.218262,2025-12-08 00:02:10
1,11,2,939.6,2025-12-08 00:01:11,52350.0,,1,11,2,1189.066162,2025-12-08 00:02:11
1,12,2,970.6,2025-12-08 00:01:12,51347.0,,1,12,2,1191.900146,2025-12-08 00:02:12
1,13,2,997.4,2025-12-08 00:01:13,50345.0,,1,13,2,1194.725952,2025-12-08 00:02:13
1,14,2,1018.2,2025-12-08 00:01:14,49342.0,,1,14,2,1197.548096,2025-12-08 00:02:14
1,15,2,1026.4,2025-12-08 00:01:15,48340.0,,1,15,2,1200.369507,2025-12-08 00:02:15
1,16,2,1046.8,2025-12-08 00:01:16,47338.0,,1,16,2,1203.195312,2025-12-08 00:02:16
1,17,2,1077.7,2025-12-08 00:01:17,46335.0,,1,17,2,1206.023682,2025-12-08 00:02:17
1,18,2,1083.6,2025-12-08 00:01:18,45333.0,,1,18,2,1208.853394,2025-12-08 00:02:18
1,19,2,1096.9,2025-12-08 00:01:19,44330.0,,1,19,2,1211.689941,2025-12-08 00:02:19
1,20,2,1103.5,2025-12-08 00:01:20,43327.0,,1,20,2,1214.532227,2025-12-08 00:02:20
1,21,2,1118.3,2025-12-08 00:01:21,42325.0,,1,21,2,1217.38147,2025-12-08 00:02:21
1,22,2,1100.4,2025-12-08 00:01:22,41322.0,,1,22,2,1220.236084,2025-12-08 00:02:22
1,23,2,1106.6,2025-12-08 00:01:23,40320.0,,1,23,2,1223.102417,2025-12-08 00:02:23
1,24,2,1121.2,2025-12-08 00:01:24,39317.0,,1,24,2,1225.975342,2025-12-08 00:02:24
1,25,2,1099.3,2025-12-08 00:01:25,38315.0,,1,25,2,1228.852661,2025-12-08 00:02:25
1,26,2,1105.0,2025-12-08 00:01:26,37312.0,,1,26,2,1231.741089,2025-12-08 00:02:26
1,27,2,1131.1,2025-12-08 00:01:27,36310.0,,1,27,2,1234.634766,2025-12-08 00:02:27
1,28,2,1113.0,2025-12-08 00:01:28,35307.0,,1,28,2,1237.528198,2025-12-08 00:02:28
1,29,2,1117.7,2025-12-08 00:01:29,34305.0,,1,29,2,1240.43042,2025-12-08 00:02:29
1,30,2,1097.1,2025-12-08 00:01:30,33301.0,,1,30,2,1243.335571,2025-12-08 00:02:30
1,31,2,1107.3,2025-12-08 00:01:31,32299.0,,1,31,2,1246.248657,2025-12-08 00:02:31
1,32,2,1101.4,2025-12-08 00:01:32,31297.0,,1,32,2,1249.162109,2025-12-08 00:02:32
1,33,2,1103.9,2025-12-08 00:01:33,30295.0,,1,33,2,1252.078857,2025-12-08 00:02:33
1,34,2,1105.1,2025-12-08 00:01:34,29292.0,,1,34,2,1254.996094,2025-12-08 00:02:34
1,35,2,1112.2,2025-12-08 00:01:35,28290.0,,1,35,2,1257.912964,2025-12-08 00:02:35
1,36,2,1111.1,2025-12-08 00:01:36,27287.0,,1,36,2,1260.828003,2025-12-08 00:02:36
1,37,2,1113.0,2025-12-08 00:01:37,26285.0,,1,37,2,1263.741455,2025-12-08 00:02:37
1,38,2,1091.0,2025-12-08 00:01:38,25283.0,,1,38,2,1266.6521,2025-12-08 00:02:38
1,39,2,1106.5,2025-12-08 00:01:39,24280.0,,1,39,2,1269.564575,2025-12-08 00:02:39
1,40,2,1117.2,2025-12-08 00:01:40,23277.0,,1,40,2,1272.469604,2025-12-08 00:02:40
1,41,2,1114.8,2025-12-08 00:01:41,22275.0,,1,41,2,1275.367188,2025-12-08 00:02:41
1,42,2,1127.2,2025-12-08 00:01:42,21273.0,,1,42,2,1278.259521,2025-12-08 00:02:42
1,43,2,1117.1,2025-12-08 00:01:43,20271.0,,1,43,2,1281.142334,2025-12-08 00:02:43
1,44,2,1126.0,2025-12-08 00:01:44,19269.0,,1,44,2,1284.019775,2025-12-08 00:02:44
1,45,2,1130.1,2025-12-08 00:01:45,18266.0,,1,45,2,1286.886963,2025-12-08 00:02:45
1,46,2,1119.4,2025-12-08 00:01:46,17264.0,,1,46,2,1289.743774,2025-12-08 00:02:46
1,47,2,1114.6,2025-12-08 00:01:47,16262.0,,1,47,2,1292.592651,2025-12-08 00:02:47
1,48,2,1143.2,2025-12-08 00:01:48,15260.0,,1,48,2,1295.431885,2025-12-08 00:02:48
1,49,2,1136.1,2025-12-08 00:01:49,14258.0,,1,49,2,1298.25293,2025-12-08 00:02:49
1,50,2,1130.8,2025-12-08 00:01:50,13255.0,,1,50,2,1301.062744,2025-12-08 00:02:50
1,51,2,1128.4,2025-12-08 00:01:51,12252.0,,1,51,2,1303.859985,2025-12-08 00:02:51
1,52,2,1121.2,2025-12-08 00:01:52,11250.0,,1,52,2,1306.643433,2025-12-08 00:02:52
1,53,2,1129.0,2025-12-08 00:01:53,10247.0,,1,53,2,1309.41272,2025-12-08 00:02:53
1,54,2,1134.9,2025-12-08 00:01:54,9244.0,,1,54,2,1312.164185,2025-12-08 00:02:54
1,55,2,1143.9,2025-12-08 00:01:55,8242.0,,1,55,2,1314.897095,2025-12-08 00:02:55
1,56,2,1130.9,2025-12-08 00:01:56,7240.0,,1,56,2,1317.609863,2025-12-08 00:02:56
1,57,2,1137.4,2025-12-08 00:01:57,6235.0,,1,57,2,1320.30603,2025-12-08 00:02:57
1,58,2,1135.6,2025-12-08 00:01:58,5223.0,,1,58,2,1322.980835,2025-12-08 00:02:58
1,59,2,1161.6,2025-12-08 00:01:59,4221.0,,1,59,2,1325.635254,2025-12-08 00:02:59
2,0,2,1143.5,2025-12-08 00:02:00,63271.0,,2,0,2,1155.71814,2025-12-08 00:03:00
2,1,2,1145.7,2025-12-08 00:02:01,62269.0,,2,1,2,1159.725464,2025-12-08 00:03:01
2,2,2,1132.8,2025-12-08 00:02:02,61266.0,,2,2,2,1163.627808,2025-12-08 00:03:02
2,3,2,1137.0,2025-12-08 00:02:03,60265.0,,2,3,2,1167.430176,2025-12-08 00:03:03
2,4,2,1124.4,2025-12-08 00:02:04,59263.0,,2,4,2,1171.0802,2025-12-08 00:03:04
2,5,2,1126.0,2025-12-08 00:02:05,58260.0,,2,5,2,1174.56665,2025-12-08 00:03:05
2,6,2,1130.3,2025-12-08 00:02:06,57257.0,,2,6,2,1177.8927,2025-12-08 00:03:06
2,7,2,1141.7,2025-12-08 00:02:07,56255.0,,2,7,2,1181.074707,2025-12-08 00:03:07
2,8,2,1113.8,2025-12-08 00:02:08,55252.0,,2,8,2,1184.132812,2025-12-08 00:03:08
2,9,2,1128.3,2025-12-08 00:02:09,54250.0,,2,9,2,1187.098877,2025-12-08 00:03:09
2,10,2,1146.4,2025-12-08 00:02:10,53248.0,,2,10,2,1189.985107,2025-12-08 00:03:10
2,11,2,1140.1,2025-12-08 00:02:11,52246.0,,2,11,2,1192.810303,2025-12-08 00:03:11
2,12,2,1141.5,2025-12-08 00:02:12,51244.0,,2,12,2,1195.597046,2025-12-08 00:03:12
2,13,2,1124.3,2025-12-08 00:02:13,50242.0,,2,13,2,1198.358032,2025-12-08 00:03:13
2,14,2,1131.5,2025-12-08 00:02:14,49238.0,,2,14,2,1201.108887,2025-12-08 00:03:14
2,15,2,1140.0,2025-12-08 00:02:15,48237.0,,2,15,2,1203.853394,2025-12-08 00:03:15
2,16,2,1139.4,2025-12-08 00:02:16,47235.0,,2,16,2,1206.598389,2025-12-08 00:03:16
2,17,2,1129.2,2025-12-08 00:02:17,46233.0,,2,17,2,1209.350586,2025-12-08 00:03:17
2,18,2,1129.6,2025-12-08 00:02:18,45231.0,,2,18,2,1212.115845,2025-12-08 00:03:18
2,19,2,1129.8,2025-12-08 00:02:19,44228.0,,2,19,2,1214.893799,2025-12-08 00:03:19
2,20,2,1138.9,2025-12-08 00:02:20,43226.0,,2,20,2,1217.685791,2025-12-08 00:03:20
2,21,2,1150.4,2025-12-08 00:02:21,42224.0,,2,21,2,1220.490112,2025-12-08 00:03:21
2,22,2,1134.4,2025-12-08 00:02:22,41222.0,,2,22,2,1223.305786,2025-12-08 00:03:22
2,23,2,1134.0,2025-12-08 00:02:23,40219.0,,2,23,2,1226.138672,2025-12-08 00:03:23
2,24,2,1134.9,2025-12-08 00:02:24,39217.0,,2,24,2,1228.984131,2025-12-08 00:03:24
2,25,2,1140.8,2025-12-08 00:02:25,38215.0,,2,25,2,1231.84082,2025-12-08 00:03:25
2,26,2,1133.7,2025-12-08 00:02:26,37213.0,,2,26,2,1234.706543,2025-12-08 00:03:26
2,27,2,1136.4,2025-12-08 00:02:27,36211.0,,2,27,2,1237.582764,2025-12-08 00:03:27
2,28,2,1133.3,2025-12-08 00:02:28,35208.0,,2,28,2,1240.465942,2025-12-08 00:03:28
2,29,2,1133.9,2025-12-08 00:02:29,34206.0,,2,29,2,1243.356445,2025-12-08 00:03:29
2,30,2,1137.9,2025-12-08 00:02:30,33203.0,,2,30,2,1246.251953,2025-12-08 00:03:30
2,31,2,1137.6,2025-12-08 00:02:31,32200.0,,2,31,2,1249.150635,2025-12-08 00:03:31
2,32,2,1122.8,2025-12-08 00:02:32,31198.0,,2,32,2,1252.052368,2025-12-08 00:03:32
2,33,2,1132.7,2025-12-08 00:02:33,30195.0,,2,33,2,1254.959229,2025-12-08 00:03:33
2,34,2,1131.5,2025-12-08 00:02:34,29193.0,,2,34,2,1257.864868,2025-12-08 00:03:34
2,35,2,1136.2,2025-12-08 00:02:35,28190.0,,2,35,2,1260.770752,2025-12-08 00:03:35
2,36,2,1141.5,2025-12-08 00:02:36,27188.0,,2,36,2,1263.674438,2025-12-08 00:03:36
2,37,2,1128.0,2025-12-08 00:02:37,26186.0,,2,37,2,1266.575073,2025-12-08 00:03:37
2,38,2,1128.2,2025-12-08 00:02:38,25185.0,,2,38,2,1269.475952,2025-12-08 00:03:38
2,39,2,1123.6,2025-12-08 00:02:39,24183.0,,2,39,2,1272.373047,2025-12-08 00:03:39
2,40,2,1128.8,2025-12-08 00:02:40,23182.0,,2,40,2,1275.266602,2025-12-08 00:03:40
2,41,2,1145.4,2025-12-08 00:02:41,22180.0,,2,41,2,1278.153809,2025-12-08 00:03:41
2,42,2,1125.8,2025-12-08 00:02:42,21178.0,,2,42,2,1281.031128,2025-12-08 00:03:42
2,43,2,1136.1,2025-12-08 00:02:43,20177.0,,2,43,2,1283.905518,2025-12-08 00:03:43
2,44,2,1131.7,2025-12-08 00:02:44,19176.0,,2,44,2,1286.769653,2025-12-08 00:03:44
2,45,2,1128.5,2025-12-08 00:02:45,18171.0,,2,45,2,1289.625977,2025-12-08 00:03:45
2,46,2,1133.8,2025-12-08 00:02:46,17169.0,,2,46,2,1292.473267,2025-12-08 00:03:46
2,47,2,1129.4,2025-12-08 00:02:47,16168.0,,2,47,2,1295.308716,2025-12-08 00:03:47
2,48,2,1135.5,2025-12-08 00:02:48,15166.0,,2,48,2,1298.133789,2025-12-08 00:03:48
2,49,2,1133.1,2025-12-08 00:02:49,14164.0,,2,49,2,1300.945068,2025-12-08 00:03:49
2,50,2,1120.0,2025-12-08 00:02:50,13163.0,,2,50,2,1303.743408,2025-12-08 00:03:50
2,51,2,1127.5,2025-12-08 00:02:51,12161.0,,2,51,2,1306.530273,2025-12-08 00:03:51
2,52,2,1136.4,2025-12-08 00:02:52,11158.0,,2,52,2,1309.300415,2025-12-08 00:03:52
2,53,2,1130.9,2025-12-08 00:02:53,10156.0,,2,53,2,1312.052612,2025-12-08 00:03:53
2,54,2,1117.7,2025-12-08 00:02:54,9154.0,,2,54,2,1314.788574,2025-12-08 00:03:54
2,55,2,1136.6,2025-12-08 00:02:55,8152.0,,2,55,2,1317.509521,2025-12-08 00:03:55
2,56,2,1139.4,2025-12-08 00:02:56,7151.0,,2,56,2,1320.207397,2025-12-08 00:03:56
2,57,2,1125.0,2025-12-08 00:02:57,6149.0,,2,57,2,1322.884521,2025-12-08 00:03:57
2,58,2,1129.6,2025-12-08 00:02:58,5147.0,,2,58,2,1325.543945,2025-12-08 00:03:58
2,59,2,1142.5,2025-12-08 00:02:59,4145.0,,2,59,2,1328.180298,2025-12-08 00:03:59
3,0,2,1222.2,2025-12-08 00:03:00,63170.0,,3,0,2,1275.134766,2025-12-08 00:04:00
3,1,2,1223.4,2025-12-08 00:03:01,62168.0,,3,1,2,1278.431152,2025-12-08 00:04:01
3,2,2,1208.7,2025-12-08 00:03:02,61166.0,,3,2,2,1281.457886,2025-12-08 00:04:02
3,3,2,1226.0,2025-12-08 00:03:03,60164.0,,3,3,2,1284.258301,2025-12-08 00:04:03
3,4,2,1216.7,2025-12-08 00:03:04,59162.0,,3,4,2,1286.909424,2025-12-08 00:04:04
3,5,2,1215.4,2025-12-08 00:03:05,58159.0,,3,5,2,1289.477905,2025-12-08 00:04:05
3,6,2,1222.3,2025-12-08 00:03:06,57157.0,,3,6,2,1292.001953,2025-12-08 00:04:06
3,7,2,1225.9,2025-12-08 00:03:07,56150.0,,3,7,2,1294.506958,2025-12-08 00:04:07
3,8,2,1225.1,2025-12-08 00:03:08,55145.0,,3,8,2,1297.01062,2025-12-08 00:04:08
3,9,2,1214.0,2025-12-08 00:03:09,54137.0,,3,9,2,1299.525146,2025-12-08 00:04:09
3,10,2,1221.6,2025-12-08 00:03:10,53128.0,,3,10,2,1302.05835,2025-12-08 00:04:10
3,11,2,1208.6,2025-12-08 00:03:11,52119.0,,3,11,2,1304.608154,2025-12-08 00:04:11
3,12,2,1224.9,2025-12-08 00:03:12,51116.0,,3,12,2,1307.178589,2025-12-08 00:04:12
3,13,2,1213.3,2025-12-08 00:03:13,50114.0,,3,13,2,1309.761353,2025-12-08 00:04:13
3,14,2,1213.4,2025-12-08 00:03:14,49113.0,,3,14,2,1312.359497,2025-12-08 00:04:14
3,15,2,1224.4,2025-12-08 00:03:15,48111.0,,3,15,2,1314.966675,2025-12-08 00:04:15
3,16,2,1220.8,2025-12-08 00:03:16,47110.0,,3,16,2,1317.576416,2025-12-08 00:04:16
3,17,2,1213.6,2025-12-08 00:03:17,46107.0,,3,17,2,1320.187622,2025-12-08 00:04:17
3,18,2,1223.6,2025-12-08 00:03:18,45106.0,,3,18,2,1322.797363,2025-12-08 00:04:18
3,19,2,1146.1,2025-12-08 00:03:19,44104.0,,3,19,2,1325.398071,2025-12-08 00:04:19
3,20,2,1121.7,2025-12-08 00:03:20,43102.0,,3,20,2,1328.005493,2025-12-08 00:04:20
3,21,2,1136.8,2025-12-08 00:03:21,42100.0,,3,21,2,1330.605225,2025-12-08 00:04:21
3,22,2,1135.1,2025-12-08 00:03:22,41097.0,,3,22,2,1333.185181,2025-12-08 00:04:22
3,23,2,1220.8,2025-12-08 00:03:23,40095.0,,3,23,2,1335.746338,2025-12-08 00:04:23
3,24,2,1220.1,2025-12-08 00:03:24,39093.0,,3,24,2,1338.266479,2025-12-08 00:04:24
3,25,2,1226.3,2025-12-08 00:03:25,38092.0,,3,25,2,1340.762207,2025-12-08 00:04:25
3,26,2,1224.5,2025-12-08 00:03:26,37090.0,,3,26,2,1343.230835,2025-12-08 00:04:26
3,27,2,1220.1,2025-12-08 00:03:27,36088.0,,3,27,2,1345.672485,2025-12-08 00:04:27
3,28,2,1226.0,2025-12-08 00:03:28,35085.0,,3,28,2,1348.08728,2025-12-08 00:04:28
3,29,2,1216.4,2025-12-08 00:03:29,34083.0,,3,29,2,1350.47229,2025-12-08 00:04:29
3,30,2,1231.6,2025-12-08 00:03:30,33081.0,,3,30,2,1352.829712,2025-12-08 00:04:30
3,31,2,1226.1,2025-12-08 00:03:31,32078.0,,3,31,2,1355.154297,2025-12-08 00:04:31
3,32,2,1224.6,2025-12-08 00:03:32,31076.0,,3,32,2,1357.450073,2025-12-08 00:04:32
3,33,2,1233.1,2025-12-08 00:03:33,30074.0,,3,33,2,1359.71582,2025-12-08 00:04:33
3,34,2,1226.1,2025-12-08 00:03:34,29072.0,,3,34,2,1361.949219,2025-12-08 00:04:34
3,35,2,1229.9,2025-12-08 00:03:35,28070.0,,3,35,2,1364.153076,2025-12-08 00:04:35
3,36,2,1211.4,2025-12-08 00:03:36,27068.0,,3,36,2,1366.325073,2025-12-08 00:04:36
3,37,2,1228.8,2025-12-08 00:03:37,26066.0,,3,37,2,1368.469604,2025-12-08 00:04:37
3,38,2,1223.5,2025-12-08 00:03:38,25064.0,,3,38,2,1370.578857,2025-12-08 00:04:38
3,39,2,1224.2,2025-12-08 00:03:39,24063.0,,3,39,2,1372.657471,2025-12-08 00:04:39
3,40,2,1228.4,2025-12-08 00:03:40,23061.0,,3,40,2,1374.704102,2025-12-08 00:04:40
3,41,2,1223.3,2025-12-08 00:03:41,22059.0,,3,41,2,1376.717651,2025-12-08 00:04:41
3,42,2,1225.3,2025-12-08 00:03:42,21057.0,,3,42,2,1378.699829,2025-12-08 00:04:42
3,43,2,1219.2,2025-12-08 00:03:43,20056.0,,3,43,2,1380.64917,2025-12-08 00:04:43
3,44,2,1220.6,2025-12-08 00:03:44,19054.0,,3,44,2,1382.566772,2025-12-08 00:04:44
3,45,2,1215.5,2025-12-08 00:03:45,18053.0,,3,45,2,1384.451782,2025-12-08 00:04:45
3,46,2,1219.0,2025-12-08 00:03:46,17051.0,,3,46,2,1386.304443,2025-12-08 00:04:46
3,47,2,1227.7,2025-12-08 00:03:47,16049.0,,3,47,2,1388.123535,2025-12-08 00:04:47
3,48,2,1223.0,2025-12-08 00:03:48,15048.0,,3,48,2,1389.908081,2025-12-08 00:04:48
3,49,2,1217.5,2025-12-08 00:03:49,14046.0,,3,49,2,1391.660034,2025-12-08 00:04:49
3,50,2,1221.3,2025-12-08 00:03:50,13044.0,,3,50,2,1393.379761,2025-12-08 00:04:50
3,51,2,1211.4,2025-12-08 00:03:51,12042.0,,3,51,2,1395.065674,2025-12-08 00:04:51
3,52,2,1221.5,2025-12-08 00:03:52,11040.0,,3,52,2,1396.720093,2025-12-08 00:04:52
3,53,2,1218.0,2025-12-08 00:03:53,10038.0,,3,53,2,1398.339478,2025-12-08 00:04:53
3,54,2,1215.9,2025-12-08 00:03:54,9036.0,,3,54,2,1399.926147,2025-12-08 00:04:54
3,55,2,1227.5,2025-12-08 00:03:55,8034.0,,3,55,2,1401.480103,2025-12-08 00:04:55
3,56,2,1250.0,2025-12-08 00:03:56,7032.0,,3,56,2,1402.998901,2025-12-08 00:04:56
3,57,2,1303.1,2025-12-08 00:03:57,6030.0,,3,57,2,1404.481079,2025-12-08 00:04:57
3,58,2,1274.0,2025-12-08 00:03:58,5028.0,,3,58,2,1405.920898,2025-12-08 00:04:58
3,59,2,1277.7,2025-12-08 00:03:59,4026.0,,3,59,2,1407.332886,2025-12-08 00:04:59
4,0,2,1317.6,2025-12-08 00:04:00,62976.0,,4,0,2,1344.803467,2025-12-08 00:05:00
4,1,2,1314.9,2025-12-08 00:04:01,61974.0,,4,1,2,1348.238525,2025-12-08 00:05:01
4,2,2,1327.3,2025-12-08 00:04:02,60973.0,,4,2,2,1351.649536,2025-12-08 00:05:02
4,3,2,1316.8,2025-12-08 00:04:03,59971.0,,4,3,2,1355.176025,2025-12-08 00:05:03
4,4,2,1303.0,2025-12-08 00:04:04,58970.0,,4,4,2,1358.676025,2025-12-08 00:05:04
4,5,2,1310.7,2025-12-08 00:04:05,57968.0,,4,5,2,1362.056519,2025-12-08 00:05:05
4,6,2,1298.6,2025-12-08 00:04:06,56966.0,,4,6,2,1365.264648,2025-12-08 00:05:06
4,7,2,1315.8,2025-12-08 00:04:07,55964.0,,4,7,2,1368.284302,2025-12-08 00:05:07
4,8,2,1312.9,2025-12-08 00:04:08,54962.0,,4,8,2,1371.107422,2025-12-08 00:05:08
4,9,2,1319.8,2025-12-08 00:04:09,53956.0,,4,9,2,1373.74707,2025-12-08 00:05:09
4,10,2,1321.8,2025-12-08 00:04:10,52954.0,,4,10,2,1376.214966,2025-12-08 00:05:10
4,11,2,1309.6,2025-12-08 00:04:11,51953.0,,4,11,2,1378.529907,2025-12-08 00:05:11
4,12,2,1316.4,2025-12-08 00:04:12,50951.0,,4,12,2,1380.712524,2025-12-08 00:05:12
4,13,2,1276.8,2025-12-08 00:04:13,49949.0,,4,13,2,1382.777222,2025-12-08 00:05:13
4,14,2,1285.9,2025-12-08 00:04:14,48947.0,,4,14,2,1384.749146,2025-12-08 00:05:14
4,15,2,1284.8,2025-12-08 00:04:15,47943.0,,4,15,2,1386.633667,2025-12-08 00:05:15
4,16,2,1313.2,2025-12-08 00:04:16,46942.0,,4,16,2,1388.446167,2025-12-08 00:05:16
4,17,2,1312.8,2025-12-08 00:04:17,45939.0,,4,17,2,1390.191406,2025-12-08 00:05:17
4,18,2,1318.9,2025-12-08 00:04:18,44937.0,,4,18,2,1391.883667,2025-12-08 00:05:18
4,19,2,1303.8,2025-12-08 00:04:19,43936.0,,4,19,2,1393.529785,2025-12-08 00:05:19
4,20,2,1309.2,2025-12-08 00:04:20,42934.0,,4,20,2,1395.138916,2025-12-08 00:05:20
4,21,2,1308.7,2025-12-08 00:04:21,41932.0,,4,21,2,1396.712402,2025-12-08 00:05:21
4,22,2,1305.6,2025-12-08 00:04:22,40931.0,,4,22,2,1398.254639,2025-12-08 00:05:22
4,23,2,1319.7,2025-12-08 00:04:23,39929.0,,4,23,2,1399.768555,2025-12-08 00:05:23
4,24,2,1266.5,2025-12-08 00:04:24,38928.0,,4,24,2,1401.25293,2025-12-08 00:05:24
4,25,2,1298.0,2025-12-08 00:04:25,37926.0,,4,25,2,1402.720459,2025-12-08 00:05:25
4,26,2,1273.4,2025-12-08 00:04:26,36925.0,,4,26,2,1404.157227,2025-12-08 00:05:26
4,27,2,1280.8,2025-12-08 00:04:27,35923.0,,4,27,2,1405.572754,2025-12-08 00:05:27
4,28,2,1305.2,2025-12-08 00:04:28,34921.0,,4,28,2,1406.961792,2025-12-08 00:05:28
4,29,2,1286.4,2025-12-08 00:04:29,33919.0,,4,29,2,1408.321167,2025-12-08 00:05:29
4,30,2,1278.1,2025-12-08 00:04:30,32917.0,,4,30,2,1409.657349,2025-12-08 00:05:30
4,31,2,1276.5,2025-12-08 00:04:31,31915.0,,4,31,2,1410.96875,2025-12-08 00:05:31
4,32,2,1299.9,2025-12-08 00:04:32,30914.0,,4,32,2,1412.253906,2025-12-08 00:05:32
4,33,2,1312.9,2025-12-08 00:04:33,29912.0,,4,33,2,1413.508057,2025-12-08 00:05:33
4,34,2,1316.8,2025-12-08 00:04:34,28911.0,,4,34,2,1414.732544,2025-12-08 00:05:34
4,35,2,1320.6,2025-12-08 00:04:35,27908.0,,4,35,2,1415.929077,2025-12-08 00:05:35
4,36,2,1314.6,2025-12-08 00:04:36,26906.0,,4,36,2,1417.097534,2025-12-08 00:05:36
4,37,2,1320.4,2025-12-08 00:04:37,25904.0,,4,37,2,1418.23938,2025-12-08 00:05:37
4,38,2,1318.7,2025-12-08 00:04:38,24903.0,,4,38,2,1419.353394,2025-12-08 00:05:38
4,39,2,1307.4,2025-12-08 00:04:39,23901.0,,4,39,2,1420.440796,2025-12-08 00:05:39
4,40,2,1322.6,2025-12-08 00:04:40,22899.0,,4,40,2,1421.503296,2025-12-08 00:05:40
4,41,2,1319.7,2025-12-08 00:04:41,21898.0,,4,41,2,1422.537109,2025-12-08 00:05:41
4,42,2,1314.9,2025-12-08 00:04:42,20896.0,,4,42,2,1423.545898,2025-12-08 00:05:42
4,43,2,1313.9,2025-12-08 00:04:43,19895.0,,4,43,2,1424.529541,2025-12-08 00:05:43
4,44,2,1315.8,2025-12-08 00:04:44,18893.0,,4,44,2,1425.488525,2025-12-08 00:05:44
4,45,2,1316.5,2025-12-08 00:04:45,17891.0,,4,45,2,1426.422363,2025-12-08 00:05:45
4,46,2,1313.1,2025-12-08 00:04:46,16889.0,,4,46,2,1427.331787,2025-12-08 00:05:46
4,47,2,1308.7,2025-12-08 00:04:47,15887.0,,4,47,2,1428.217773,2025-12-08 00:05:47
4,48,2,1363.2,2025-12-08 00:04:48,14886.0,,4,48,2,1429.081055,2025-12-08 00:05:48
4,49,2,1355.6,2025-12-08 00:04:49,13885.0,,4,49,2,1429.913086,2025-12-08 00:05:49
4,50,2,1364.2,2025-12-08 00:04:50,12883.0,,4,50,2,1430.723267,2025-12-08 00:05:50
4,51,2,1369.6,2025-12-08 00:04:51,11881.0,,4,51,2,1431.510132,2025-12-08 00:05:51
4,52,2,1353.4,2025-12-08 00:04:52,10880.0,,4,52,2,1432.274658,2025-12-08 00:05:52
4,53,2,1356.6,2025-12-08 00:04:53,9878.0,,4,53,2,1433.020386,2025-12-08 00:05:53
4,54,2,1348.8,2025-12-08 00:04:54,8877.0,,4,54,2,1433.745728,2025-12-08 00:05:54
4,55,2,1350.9,2025-12-08 00:04:55,7875.0,,4,55,2,1434.452393,2025-12-08 00:05:55
4,56,2,1344.8,2025-12-08 00:04:56,6873.0,,4,56,2,1435.139893,2025-12-08 00:05:56
4,57,2,1324.2,2025-12-08 00:04:57,5871.0,,4,57,2,1435.809814,2025-12-08 00:05:57
4,58,2,1306.3,2025-12-08 00:04:58,4870.0,,4,58,2,1436.464355,2025-12-08 00:05:58
4,59,2,1313.2,2025-12-08 00:04:59,3867.0,,4,59,2,1437.103882,2025-12-08 00:05:59
5,0,2,623.8,2025-12-08 00:05:00,63228.0,,5,0,2,754.851318,2025-12-08 00:06:00
5,1,2,634.3,2025-12-08 00:05:01,62227.0,,5,1,2,765.954773,2025-12-08 00:06:01
5,2,2,619.7,2025-12-08 00:05:02,61225.0,,5,2,2,777.603577,2025-12-08 00:06:02
5,3,2,607.8,2025-12-08 00:05:03,60211.0,,5,3,2,789.209595,2025-12-08 00:06:03
5,4,2,607.6,2025-12-08 00:05:04,59207.0,,5,4,2,800.350708,2025-12-08 00:06:04
5,5,2,603.7,2025-12-08 00:05:05,58206.0,,5,5,2,810.83429,2025-12-08 00:06:05
5,6,2,614.5,2025-12-08 00:05:06,57204.0,,5,6,2,820.599121,2025-12-08 00:06:06
5,7,2,628.7,2025-12-08 00:05:07,56202.0,,5,7,2,829.65564,2025-12-08 00:06:07
5,8,2,615.0,2025-12-08 00:05:08,55200.0,,5,8,2,838.050781,2025-12-08 00:06:08
5,9,2,632.4,2025-12-08 00:05:09,54199.0,,5,9,2,845.848145,2025-12-08 00:06:09
5,10,2,631.5,2025-12-08 00:05:10,53198.0,,5,10,2,853.115417,2025-12-08 00:06:10
5,11,2,614.1,2025-12-08 00:05:11,52197.0,,5,11,2,859.918579,2025-12-08 00:06:11
5,12,2,602.7,2025-12-08 00:05:12,51195.0,,5,12,2,866.318665,2025-12-08 00:06:12
5,13,2,603.2,2025-12-08 00:05:13,50194.0,,5,13,2,872.369873,2025-12-08 00:06:13
5,14,2,613.7,2025-12-08 00:05:14,49193.0,,5,14,2,878.119324,2025-12-08 00:06:14
5,15,2,617.7,2025-12-08 00:05:15,48192.0,,5,15,2,883.607544,2025-12-08 00:06:15
5,16,2,628.2,2025-12-08 00:05:16,47190.0,,5,16,2,888.868896,2025-12-08 00:06:16
5,17,2,615.2,2025-12-08 00:05:17,46188.0,,5,17,2,893.931885,2025-12-08 00:06:17
5,18,2,617.0,2025-12-08 00:05:18,45186.0,,5,18,2,898.820862,2025-12-08 00:06:18
5,19,2,635.9,2025-12-08 00:05:19,44185.0,,5,19,2,903.555298,2025-12-08 00:06:19
5,20,2,624.1,2025-12-08 00:05:20,43183.0,,5,20,2,908.15155,2025-12-08 00:06:20
5,21,2,624.7,2025-12-08 00:05:21,42182.0,,5,21,2,912.623291,2025-12-08 00:06:21
5,22,2,627.4,2025-12-08 00:05:22,41180.0,,5,22,2,916.981812,2025-12-08 00:06:22
5,23,2,617.9,2025-12-08 00:05:23,40178.0,,5,23,2,921.236206,2025-12-08 00:06:23
5,24,2,620.1,2025-12-08 00:05:24,39177.0,,5,24,2,925.394531,2025-12-08 00:06:24
5,25,2,609.7,2025-12-08 00:05:25,38175.0,,5,25,2,929.463196,2025-12-08 00:06:25
5,26,2,622.9,2025-12-08 00:05:26,37173.0,,5,26,2,933.447876,2025-12-08 00:06:26
5,27,2,626.0,2025-12-08 00:05:27,36171.0,,5,27,2,937.353577,2025-12-08 00:06:27
5,28,2,624.3,2025-12-08 00:05:28,35169.0,,5,28,2,941.184509,2025-12-08 00:06:28
5,29,2,612.0,2025-12-08 00:05:29,34168.0,,5,29,2,944.94458,2025-12-08 00:06:29
5,30,2,623.2,2025-12-08 00:05:30,33166.0,,5,30,2,948.637878,2025-12-08 00:06:30
5,31,2,610.0,2025-12-08 00:05:31,32164.0,,5,31,2,952.266968,2025-12-08 00:06:31
5,32,2,628.3,2025-12-08 00:05:32,31162.0,,5,32,2,955.835571,2025-12-08 00:06:32
5,33,2,748.2,2025-12-08 00:05:33,30160.0,,5,33,2,959.345886,2025-12-08 00:06:33
5,34,2,704.6,2025-12-08 00:05:34,29159.0,,5,34,2,962.799255,2025-12-08 00:06:34
5,35,2,730.3,2025-12-08 00:05:35,28157.0,,5,35,2,966.200745,2025-12-08 00:06:35
5,36,2,702.3,2025-12-08 00:05:36,27155.0,,5,36,2,969.551819,2025-12-08 00:06:36
5,37,2,624.8,2025-12-08 00:05:37,26154.0,,5,37,2,972.855713,2025-12-08 00:06:37
5,38,2,698.8,2025-12-08 00:05:38,25152.0,,5,38,2,976.115845,2025-12-08 00:06:38
5,39,2,755.9,2025-12-08 00:05:39,24151.0,,5,39,2,979.331665,2025-12-08 00:06:39
5,40,2,721.5,2025-12-08 00:05:40,23149.0,,5,40,2,982.505615,2025-12-08 00:06:40
5,41,2,722.6,2025-12-08 00:05:41,22147.0,,5,41,2,985.641479,2025-12-08 00:06:41
5,42,2,663.8,2025-12-08 00:05:42,21146.0,,5,42,2,988.740662,2025-12-08 00:06:42
5,43,2,658.5,2025-12-08 00:05:43,20145.0,,5,43,2,991.806335,2025-12-08 00:06:43
5,44,2,708.6,2025-12-08 00:05:44,19144.0,,5,44,2,994.839294,2025-12-08 00:06:44
5,45,2,708.3,2025-12-08 00:05:45,18143.0,,5,45,2,997.840088,2025-12-08 00:06:45
5,46,2,703.0,2025-12-08 00:05:46,17142.0,,5,46,2,1000.811462,2025-12-08 00:06:46
5,47,2,713.9,2025-12-08 00:05:47,16139.0,,5,47,2,1003.755066,2025-12-08 00:06:47
5,48,2,701.0,2025-12-08 00:05:48,15138.0,,5,48,2,1006.672241,2025-12-08 00:06:48
5,49,2,696.8,2025-12-08 00:05:49,14134.0,,5,49,2,1009.564941,2025-12-08 00:06:49
5,50,2,699.5,2025-12-08 00:05:50,13132.0,,5,50,2,1012.434448,2025-12-08 00:06:50
5,51,2,727.0,2025-12-08 00:05:51,12130.0,,5,51,2,1015.281982,2025-12-08 00:06:51
5,52,2,654.9,2025-12-08 00:05:52,11127.0,,5,52,2,1018.107971,2025-12-08 00:06:52
5,53,2,651.1,2025-12-08 00:05:53,10126.0,,5,53,2,1020.916931,2025-12-08 00:06:53
5,54,2,640.7,2025-12-08 00:05:54,9124.0,,5,54,2,1023.708252,2025-12-08 00:06:54
5,55,2,651.4,2025-12-08 00:05:55,8123.0,,5,55,2,1026.48291,2025-12-08 00:06:55
5,56,2,640.1,2025-12-08 00:05:56,7122.0,,5,56,2,1029.241333,2025-12-08 00:06:56
5,57,2,656.9,2025-12-08 00:05:57,6122.0,,5,57,2,1031.98584,2025-12-08 00:06:57
5,58,2,650.7,2025-12-08 00:05:58,5120.0,,5,58,2,1034.715698,2025-12-08 00:06:58
5,59,2,650.8,2025-12-08 00:05:59,4120.0,,5,59,2,1037.43335,2025-12-08 00:06:59
6,0,2,1076.6,2025-12-08 00:06:00,62813.0,,6,0,2,1158.14856,2025-12-08 00:07:00
6,1,2,1090.7,2025-12-08 00:06:01,61811.0,,6,1,2,1161.483276,2025-12-08 00:07:01
6,2,2,1084.1,2025-12-08 00:06:02,60809.0,,6,2,2,1164.786621,2025-12-08 00:07:02
6,3,2,1088.8,2025-12-08 00:06:03,59800.0,,6,3,2,1168.018311,2025-12-08 00:07:03
6,4,2,1079.5,2025-12-08 00:06:04,58798.0,,6,4,2,1171.170166,2025-12-08 00:07:04
6,5,2,907.4,2025-12-08 00:06:05,57797.0,,6,5,2,1174.248169,2025-12-08 00:07:05
6,6,2,1068.3,2025-12-08 00:06:06,56796.0,,6,6,2,1177.287964,2025-12-08 00:07:06
6,7,2,904.6,2025-12-08 00:06:07,55795.0,,6,7,2,1180.246216,2025-12-08 00:07:07
6,8,2,888.1,2025-12-08 00:06:08,54793.0,,6,8,2,1183.187012,2025-12-08 00:07:08
6,9,2,959.4,2025-12-08 00:06:09,53792.0,,6,9,2,1186.097534,2025-12-08 00:07:09
6,10,2,901.4,2025-12-08 00:06:10,52791.0,,6,10,2,1188.971436,2025-12-08 00:07:10
6,11,2,948.8,2025-12-08 00:06:11,51789.0,,6,11,2,1191.839233,2025-12-08 00:07:11
6,12,2,959.7,2025-12-08 00:06:12,50788.0,,6,12,2,1194.688354,2025-12-08 00:07:12
6,13,2,991.8,2025-12-08 00:06:13,49787.0,,6,13,2,1197.530518,2025-12-08 00:07:13
6,14,2,1018.2,2025-12-08 00:06:14,48786.0,,6,14,2,1200.365234,2025-12-08 00:07:14
6,15,2,1037.8,2025-12-08 00:06:15,47784.0,,6,15,2,1203.196777,2025-12-08 00:07:15
6,16,2,1039.6,2025-12-08 00:06:16,46782.0,,6,16,2,1206.028442,2025-12-08 00:07:16
6,17,2,1074.3,2025-12-08 00:06:17,45780.0,,6,17,2,1208.865356,2025-12-08 00:07:17
6,18,2,1091.2,2025-12-08 00:06:18,44776.0,,6,18,2,1211.702026,2025-12-08 00:07:18
6,19,2,1102.7,2025-12-08 00:06:19,43772.0,,6,19,2,1214.542847,2025-12-08 00:07:19
6,20,2,1096.3,2025-12-08 00:06:20,42768.0,,6,20,2,1217.388916,2025-12-08 00:07:20
6,21,2,1116.1,2025-12-08 00:06:21,41767.0,,6,21,2,1220.244385,2025-12-08 00:07:21
6,22,2,1101.7,2025-12-08 00:06:22,40765.0,,6,22,2,1223.104004,2025-12-08 00:07:22
6,23,2,1105.7,2025-12-08 00:06:23,39762.0,,6,23,2,1225.974487,2025-12-08 00:07:23
6,24,2,1112.3,2025-12-08 00:06:24,38760.0,,6,24,2,1228.851318,2025-12-08 00:07:24
6,25,2,1104.0,2025-12-08 00:06:25,37758.0,,6,25,2,1231.734131,2025-12-08 00:07:25
6,26,2,1108.9,2025-12-08 00:06:26,36756.0,,6,26,2,1234.625122,2025-12-08 00:07:26
6,27,2,1112.3,2025-12-08 00:06:27,35755.0,,6,27,2,1237.520874,2025-12-08 00:07:27
6,28,2,1109.9,2025-12-08 00:06:28,34753.0,,6,28,2,1240.420898,2025-12-08 00:07:28
6,29,2,1123.0,2025-12-08 00:06:29,33752.0,,6,29,2,1243.325928,2025-12-08 00:07:29
6,30,2,1109.2,2025-12-08 00:06:30,32750.0,,6,30,2,1246.231445,2025-12-08 00:07:30
6,31,2,1115.1,2025-12-08 00:06:31,31749.0,,6,31,2,1249.142822,2025-12-08 00:07:31
6,32,2,1103.9,2025-12-08 00:06:32,30747.0,,6,32,2,1252.05481,2025-12-08 00:07:32
6,33,2,1106.6,2025-12-08 00:06:33,29746.0,,6,33,2,1254.970337,2025-12-08 00:07:33
6,34,2,1114.4,2025-12-08 00:06:34,28744.0,,6,34,2,1257.885864,2025-12-08 00:07:34
6,35,2,1107.4,2025-12-08 00:06:35,27742.0,,6,35,2,1260.799194,2025-12-08 00:07:35
6,36,2,1106.8,2025-12-08 00:06:36,26740.0,,6,36,2,1263.712524,2025-12-08 00:07:36
6,37,2,1089.7,2025-12-08 00:06:37,25739.0,,6,37,2,1266.623779,2025-12-08 00:07:37
6,38,2,1118.6,2025-12-08 00:06:38,24738.0,,6,38,2,1269.535767,2025-12-08 00:07:38
6,39,2,1119.7,2025-12-08 00:06:39,23736.0,,6,39,2,1272.437622,2025-12-08 00:07:39
6,40,2,1115.9,2025-12-08 00:06:40,22734.0,,6,40,2,1275.333984,2025-12-08 00:07:40
6,41,2,1119.3,2025-12-08 00:06:41,21732.0,,6,41,2,1278.225708,2025-12-08 00:07:41
6,42,2,1129.4,2025-12-08 00:06:42,20730.0,,6,42,2,1281.109497,2025-12-08 00:07:42
6,43,2,1131.5,2025-12-08 00:06:43,19729.0,,6,43,2,1283.983765,2025-12-08 00:07:43
6,44,2,1116.1,2025-12-08 00:06:44,18729.0,,6,44,2,1286.848999,2025-12-08 00:07:44
6,45,2,1134.6,2025-12-08 00:06:45,17728.0,,6,45,2,1289.708496,2025-12-08 00:07:45
6,46,2,1132.3,2025-12-08 00:06:46,16726.0,,6,46,2,1292.553833,2025-12-08 00:07:46
6,47,2,1126.5,2025-12-08 00:06:47,15725.0,,6,47,2,1295.38855,2025-12-08 00:07:47
6,48,2,1139.7,2025-12-08 00:06:48,14724.0,,6,48,2,1298.212646,2025-12-08 00:07:48
6,49,2,1133.5,2025-12-08 00:06:49,13722.0,,6,49,2,1301.02124,2025-12-08 00:07:49
6,50,2,1133.5,2025-12-08 00:06:50,12721.0,,6,50,2,1303.817749,2025-12-08 00:07:50
6,51,2,1135.1,2025-12-08 00:06:51,11720.0,,6,51,2,1306.599731,2025-12-08 00:07:51
6,52,2,1133.9,2025-12-08 00:06:52,10718.0,,6,52,2,1309.365967,2025-12-08 00:07:52
6,53,2,1132.8,2025-12-08 00:06:53,9717.0,,6,53,2,1312.116211,2025-12-08 00:07:53
6,54,2,1133.1,2025-12-08 00:06:54,8715.0,,6,54,2,1314.849609,2025-12-08 00:07:54
6,55,2,1135.1,2025-12-08 00:06:55,7714.0,,6,55,2,1317.564697,2025-12-08 00:07:55
6,56,2,1141.0,2025-12-08 00:06:56,6712.0,,6,56,2,1320.26062,2025-12-08 00:07:56
6,57,2,1134.9,2025-12-08 00:06:57,5711.0,,6,57,2,1322.935303,2025-12-08 00:07:57
6,58,2,1148.0,2025-12-08 00:06:58,4709.0,,6,58,2,1325.59021,2025-12-08 00:07:58
6,59,2,1156.7,2025-12-08 00:06:59,3708.0,,6,59,2,1328.220703,2025-12-08 00:07:59
7,0,2,1133.9,2025-12-08 00:07:00,62449.0,,7,0,2,1156.823364,2025-12-08 00:08:00
7,1,2,1147.2,2025-12-08 00:07:01,61448.0,,7,1,2,1160.696899,2025-12-08 00:08:01
7,2,2,1136.3,2025-12-08 00:07:02,60446.0,,7,2,2,1164.488403,2025-12-08 00:08:02
7,3,2,1132.7,2025-12-08 00:07:03,59445.0,,7,3,2,1168.193481,2025-12-08 00:08:03
7,4,2,1122.4,2025-12-08 00:07:04,58443.0,,7,4,2,1171.763916,2025-12-08 00:08:04
7,5,2,1140.4,2025-12-08 00:07:05,57440.0,,7,5,2,1175.186401,2025-12-08 00:08:05
7,6,2,1149.4,2025-12-08 00:07:06,56438.0,,7,6,2,1178.459351,2025-12-08 00:08:06
7,7,2,1128.7,2025-12-08 00:07:07,55437.0,,7,7,2,1181.600342,2025-12-08 00:08:07
7,8,2,1131.0,2025-12-08 00:07:08,54436.0,,7,8,2,1184.635742,2025-12-08 00:08:08
7,9,2,1134.5,2025-12-08 00:07:09,53434.0,,7,9,2,1187.581299,2025-12-08 00:08:09
7,10,2,1140.5,2025-12-08 00:07:10,52432.0,,7,10,2,1190.456909,2025-12-08 00:08:10
7,11,2,1122.6,2025-12-08 00:07:11,51431.0,,7,11,2,1193.280151,2025-12-08 00:08:11
7,12,2,1134.3,2025-12-08 00:07:12,50430.0,,7,12,2,1196.071655,2025-12-08 00:08:12
7,13,2,1127.3,2025-12-08 00:07:13,49429.0,,7,13,2,1198.838013,2025-12-08 00:08:13
7,14,2,1136.1,2025-12-08 00:07:14,48428.0,,7,14,2,1201.594238,2025-12-08 00:08:14
7,15,2,1148.2,2025-12-08 00:07:15,47427.0,,7,15,2,1204.344849,2025-12-08 00:08:15
7,16,2,1134.1,2025-12-08 00:07:16,46425.0,,7,16,2,1207.095337,2025-12-08 00:08:16
7,17,2,1123.0,2025-12-08 00:07:17,45424.0,,7,17,2,1209.856323,2025-12-08 00:08:17
7,18,2,1123.4,2025-12-08 00:07:18,44423.0,,7,18,2,1212.630371,2025-12-08 00:08:18
7,19,2,1142.2,2025-12-08 00:07:19,43422.0,,7,19,2,1215.41687,2025-12-08 00:08:19
7,20,2,1124.5,2025-12-08 00:07:20,42420.0,,7,20,2,1218.212402,2025-12-08 00:08:20
7,21,2,1144.4,2025-12-08 00:07:21,41419.0,,7,21,2,1221.025635,2025-12-08 00:08:21
7,22,2,1131.7,2025-12-08 00:07:22,40418.0,,7,22,2,1223.8479,2025-12-08 00:08:22
7,23,2,1146.0,2025-12-08 00:07:23,39417.0,,7,23,2,1226.685669,2025-12-08 00:08:23
7,24,2,1143.5,2025-12-08 00:07:24,38416.0,,7,24,2,1229.532104,2025-12-08 00:08:24
7,25,2,1140.4,2025-12-08 00:07:25,37414.0,,7,25,2,1232.389893,2025-12-08 00:08:25
7,26,2,1130.3,2025-12-08 00:07:26,36412.0,,7,26,2,1235.257935,2025-12-08 00:08:26
7,27,2,1138.6,2025-12-08 00:07:27,35411.0,,7,27,2,1238.136963,2025-12-08 00:08:27
7,28,2,1132.6,2025-12-08 00:07:28,34410.0,,7,28,2,1241.021362,2025-12-08 00:08:28
7,29,2,1134.5,2025-12-08 00:07:29,33408.0,,7,29,2,1243.913208,2025-12-08 00:08:29
7,30,2,1141.4,2025-12-08 00:07:30,32407.0,,7,30,2,1246.809814,2025-12-08 00:08:30
7,31,2,1138.6,2025-12-08 00:07:31,31405.0,,7,31,2,1249.708496,2025-12-08 00:08:31
7,32,2,1127.6,2025-12-08 00:07:32,30404.0,,7,32,2,1252.610474,2025-12-08 00:08:32
7,33,2,1123.9,2025-12-08 00:07:33,29402.0,,7,33,2,1255.516724,2025-12-08 00:08:33
7,34,2,1124.3,2025-12-08 00:07:34,28401.0,,7,34,2,1258.424927,2025-12-08 00:08:34
7,35,2,1136.6,2025-12-08 00:07:35,27400.0,,7,35,2,1261.332642,2025-12-08 00:08:35
7,36,2,1138.4,2025-12-08 00:07:36,26398.0,,7,36,2,1264.236572,2025-12-08 00:08:36
7,37,2,1113.3,2025-12-08 00:07:37,25396.0,,7,37,2,1267.138062,2025-12-08 00:08:37
7,38,2,1123.8,2025-12-08 00:07:38,24395.0,,7,38,2,1270.042114,2025-12-08 00:08:38
7,39,2,1140.6,2025-12-08 00:07:39,23394.0,,7,39,2,1272.940063,2025-12-08 00:08:39
7,40,2,1138.0,2025-12-08 00:07:40,22392.0,,7,40,2,1275.829712,2025-12-08 00:08:40
7,41,2,1124.5,2025-12-08 00:07:41,21391.0,,7,41,2,1278.714233,2025-12-08 00:08:41
7,42,2,1127.6,2025-12-08 00:07:42,20390.0,,7,42,2,1281.595337,2025-12-08 00:08:42
7,43,2,1122.4,2025-12-08 00:07:43,19388.0,,7,43,2,1284.468506,2025-12-08 00:08:43
7,44,2,1134.6,2025-12-08 00:07:44,18387.0,,7,44,2,1287.334473,2025-12-08 00:08:44
7,45,2,1121.4,2025-12-08 00:07:45,17385.0,,7,45,2,1290.188843,2025-12-08 00:08:45
7,46,2,1132.2,2025-12-08 00:07:46,16383.0,,7,46,2,1293.036255,2025-12-08 00:08:46
7,47,2,1121.2,2025-12-08 00:07:47,15382.0,,7,47,2,1295.870239,2025-12-08 00:08:47
7,48,2,1133.5,2025-12-08 00:07:48,14380.0,,7,48,2,1298.694824,2025-12-08 00:08:48
7,49,2,1135.4,2025-12-08 00:07:49,13379.0,,7,49,2,1301.504272,2025-12-08 00:08:49
7,50,2,1134.8,2025-12-08 00:07:50,12377.0,,7,50,2,1304.299438,2025-12-08 00:08:50
7,51,2,1122.6,2025-12-08 00:07:51,11376.0,,7,51,2,1307.080078,2025-12-08 00:08:51
7,52,2,1134.9,2025-12-08 00:07:52,10374.0,,7,52,2,1309.847778,2025-12-08 00:08:52
7,53,2,1133.0,2025-12-08 00:07:53,9373.0,,7,53,2,1312.59668,2025-12-08 00:08:53
7,54,2,1123.8,2025-12-08 00:07:54,8372.0,,7,54,2,1315.328369,2025-12-08 00:08:54
7,55,2,1134.2,2025-12-08 00:07:55,7370.0,,7,55,2,1318.043945,2025-12-08 00:08:55
7,56,2,1137.1,2025-12-08 00:07:56,6369.0,,7,56,2,1320.737915,2025-12-08 00:08:56
7,57,2,1141.0,2025-12-08 00:07:57,5367.0,,7,57,2,1323.411133,2025-12-08 00:08:57
7,58,2,1123.9,2025-12-08 00:07:58,4366.0,,7,58,2,1326.062622,2025-12-08 00:08:58
7,59,2,1145.3,2025-12-08 00:07:59,3364.0,,7,59,2,1328.695312,2025-12-08 00:08:59
8,0,2,1218.3,2025-12-08 00:08:00,62978.0,,8,0,2,1272.561523,2025-12-08 00:09:00
8,1,2,1224.0,2025-12-08 00:08:01,61976.0,,8,1,2,1275.915039,2025-12-08 00:09:01
8,2,2,1225.4,2025-12-08 00:08:02,60975.0,,8,2,2,1279.072266,2025-12-08 00:09:02
8,3,2,1227.5,2025-12-08 00:08:03,59974.0,,8,3,2,1281.996826,2025-12-08 00:09:03
8,4,2,1217.1,2025-12-08 00:08:04,58973.0,,8,4,2,1284.763916,2025-12-08 00:09:04
8,5,2,1217.1,2025-12-08 00:08:05,57972.0,,8,5,2,1287.434204,2025-12-08 00:09:05
8,6,2,1229.1,2025-12-08 00:08:06,56971.0,,8,6,2,1290.044556,2025-12-08 00:09:06
8,7,2,1227.7,2025-12-08 00:08:07,55969.0,,8,7,2,1292.619751,2025-12-08 00:09:07
8,8,2,1217.9,2025-12-08 00:08:08,54967.0,,8,8,2,1295.181641,2025-12-08 00:09:08
8,9,2,1235.0,2025-12-08 00:08:09,53966.0,,8,9,2,1297.744263,2025-12-08 00:09:09
8,10,2,1231.6,2025-12-08 00:08:10,52965.0,,8,10,2,1300.308838,2025-12-08 00:09:10
8,11,2,1217.1,2025-12-08 00:08:11,51963.0,,8,11,2,1302.884155,2025-12-08 00:09:11
8,12,2,1221.1,2025-12-08 00:08:12,50962.0,,8,12,2,1305.473877,2025-12-08 00:09:12
8,13,2,1221.5,2025-12-08 00:08:13,49961.0,,8,13,2,1308.073853,2025-12-08 00:09:13
8,14,2,1222.4,2025-12-08 00:08:14,48960.0,,8,14,2,1310.682617,2025-12-08 00:09:14
8,15,2,1212.6,2025-12-08 00:08:15,47958.0,,8,15,2,1313.297729,2025-12-08 00:09:15
8,16,2,1222.2,2025-12-08 00:08:16,46956.0,,8,16,2,1315.918457,2025-12-08 00:09:16
8,17,2,1219.7,2025-12-08 00:08:17,45955.0,,8,17,2,1318.537109,2025-12-08 00:09:17
8,18,2,1217.9,2025-12-08 00:08:18,44953.0,,8,18,2,1321.152954,2025-12-08 00:09:18
8,19,2,1138.8,2025-12-08 00:08:19,43952.0,,8,19,2,1323.762695,2025-12-08 00:09:19
8,20,2,1142.5,2025-12-08 00:08:20,42951.0,,8,20,2,1326.379883,2025-12-08 00:09:20
8,21,2,1138.1,2025-12-08 00:08:21,41949.0,,8,21,2,1328.983887,2025-12-08 00:09:21
8,22,2,1139.5,2025-12-08 00:08:22,40948.0,,8,22,2,1331.573486,2025-12-08 00:09:22
8,23,2,1221.0,2025-12-08 00:08:23,39946.0,,8,23,2,1334.144531,2025-12-08 00:09:23
8,24,2,1215.3,2025-12-08 00:08:24,38944.0,,8,24,2,1336.677002,2025-12-08 00:09:24
8,25,2,1208.0,2025-12-08 00:08:25,37942.0,,8,25,2,1339.18689,2025-12-08 00:09:25
8,26,2,1220.3,2025-12-08 00:08:26,36941.0,,8,26,2,1341.673706,2025-12-08 00:09:26
8,27,2,1214.0,2025-12-08 00:08:27,35939.0,,8,27,2,1344.131836,2025-12-08 00:09:27
8,28,2,1223.7,2025-12-08 00:08:28,34938.0,,8,28,2,1346.564087,2025-12-08 00:09:28
8,29,2,1227.5,2025-12-08 00:08:29,33937.0,,8,29,2,1348.966553,2025-12-08 00:09:29
8,30,2,1222.9,2025-12-08 00:08:30,32935.0,,8,30,2,1351.339478,2025-12-08 00:09:30
8,31,2,1214.9,2025-12-08 00:08:31,31933.0,,8,31,2,1353.684204,2025-12-08 00:09:31
8,32,2,1225.6,2025-12-08 00:08:32,30932.0,,8,32,2,1356.001099,2025-12-08 00:09:32
8,33,2,1221.8,2025-12-08 00:08:33,29930.0,,8,33,2,1358.285889,2025-12-08 00:09:33
8,34,2,1229.7,2025-12-08 00:08:34,28928.0,,8,34,2,1360.54126,2025-12-08 00:09:34
8,35,2,1222.8,2025-12-08 00:08:35,27927.0,,8,35,2,1362.764282,2025-12-08 00:09:35
8,36,2,1213.4,2025-12-08 00:08:36,26926.0,,8,36,2,1364.957886,2025-12-08 00:09:36
8,37,2,1216.4,2025-12-08 00:08:37,25924.0,,8,37,2,1367.121948,2025-12-08 00:09:37
8,38,2,1219.8,2025-12-08 00:08:38,24922.0,,8,38,2,1369.254272,2025-12-08 00:09:38
8,39,2,1227.1,2025-12-08 00:08:39,23921.0,,8,39,2,1371.354126,2025-12-08 00:09:39
8,40,2,1235.1,2025-12-08 00:08:40,22919.0,,8,40,2,1373.420654,2025-12-08 00:09:40
8,41,2,1223.7,2025-12-08 00:08:41,21918.0,,8,41,2,1375.453491,2025-12-08 00:09:41
8,42,2,1217.2,2025-12-08 00:08:42,20917.0,,8,42,2,1377.455933,2025-12-08 00:09:42
8,43,2,1235.6,2025-12-08 00:08:43,19916.0,,8,43,2,1379.427246,2025-12-08 00:09:43
8,44,2,1226.7,2025-12-08 00:08:44,18914.0,,8,44,2,1381.362549,2025-12-08 00:09:44
8,45,2,1217.7,2025-12-08 00:08:45,17912.0,,8,45,2,1383.266602,2025-12-08 00:09:45
8,46,2,1218.1,2025-12-08 00:08:46,16910.0,,8,46,2,1385.139404,2025-12-08 00:09:46
8,47,2,1215.7,2025-12-08 00:08:47,15908.0,,8,47,2,1386.97937,2025-12-08 00:09:47
8,48,2,1226.8,2025-12-08 00:08:48,14907.0,,8,48,2,1388.786621,2025-12-08 00:09:48
8,49,2,1213.3,2025-12-08 00:08:49,13906.0,,8,49,2,1390.558716,2025-12-08 00:09:49
8,50,2,1208.3,2025-12-08 00:08:50,12905.0,,8,50,2,1392.299927,2025-12-08 00:09:50
8,51,2,1231.4,2025-12-08 00:08:51,11904.0,,8,51,2,1394.009033,2025-12-08 00:09:51
8,52,2,1221.9,2025-12-08 00:08:52,10903.0,,8,52,2,1395.680786,2025-12-08 00:09:52
8,53,2,1212.4,2025-12-08 00:08:53,9901.0,,8,53,2,1397.320679,2025-12-08 00:09:53
8,54,2,1221.3,2025-12-08 00:08:54,8900.0,,8,54,2,1398.929077,2025-12-08 00:09:54
8,55,2,1224.1,2025-12-08 00:08:55,7898.0,,8,55,2,1400.502686,2025-12-08 00:09:55
8,56,2,1256.3,2025-12-08 00:08:56,6894.0,,8,56,2,1402.042725,2025-12-08 00:09:56
8,57,2,1283.0,2025-12-08 00:08:57,5893.0,,8,57,2,1403.544067,2025-12-08 00:09:57
8,58,2,1266.1,2025-12-08 00:08:58,4891.0,,8,58,2,1405.007568,2025-12-08 00:09:58
8,59,2,1280.1,2025-12-08 00:08:59,3889.0,,8,59,2,1406.441162,2025-12-08 00:09:59
9,0,2,1308.8,2025-12-08 00:09:00,62258.0,,9,0,2,1413.59082,2025-12-08 00:10:00
9,1,2,1318.9,2025-12-08 00:09:01,61256.0,,9,1,2,1424.17981,2025-12-08 00:10:01
9,2,2,1316.2,2025-12-08 00:09:02,60253.0,,9,2,2,1433.078003,2025-12-08 00:10:02
9,3,2,1326.0,2025-12-08 00:09:03,59180.0,,9,3,2,1441.067871,2025-12-08 00:10:03
9,4,2,1313.3,2025-12-08 00:09:04,58179.0,,9,4,2,1448.227539,2025-12-08 00:10:04
9,5,2,1305.2,2025-12-08 00:09:05,57162.0,,9,5,2,1454.630615,2025-12-08 00:10:05
9,6,2,1323.1,2025-12-08 00:09:06,56141.0,,9,6,2,1460.363892,2025-12-08 00:10:06
9,7,2,1327.4,2025-12-08 00:09:07,55140.0,,9,7,2,1465.514526,2025-12-08 00:10:07
9,8,2,1312.0,2025-12-08 00:09:08,54139.0,,9,8,2,1470.167969,2025-12-08 00:10:08
9,9,2,1315.6,2025-12-08 00:09:09,53138.0,,9,9,2,1474.401978,2025-12-08 00:10:09
9,10,2,1316.4,2025-12-08 00:09:10,52137.0,,9,10,2,1478.282959,2025-12-08 00:10:10
9,11,2,1318.9,2025-12-08 00:09:11,51134.0,,9,11,2,1481.869019,2025-12-08 00:10:11
9,12,2,1320.6,2025-12-08 00:09:12,50133.0,,9,12,2,1485.210205,2025-12-08 00:10:12
9,13,2,1283.2,2025-12-08 00:09:13,49131.0,,9,13,2,1488.347778,2025-12-08 00:10:13
9,14,2,1274.8,2025-12-08 00:09:14,48130.0,,9,14,2,1491.318481,2025-12-08 00:10:14
9,15,2,1272.8,2025-12-08 00:09:15,47129.0,,9,15,2,1494.14978,2025-12-08 00:10:15
9,16,2,1335.9,2025-12-08 00:09:16,46128.0,,9,16,2,1496.864014,2025-12-08 00:10:16
9,17,2,1311.6,2025-12-08 00:09:17,45127.0,,9,17,2,1499.475952,2025-12-08 00:10:17
9,18,2,1305.5,2025-12-08 00:09:18,44126.0,,9,18,2,1502.00647,2025-12-08 00:10:18
9,19,2,1305.8,2025-12-08 00:09:19,43124.0,,9,19,2,1504.466553,2025-12-08 00:10:19
9,20,2,1322.5,2025-12-08 00:09:20,42123.0,,9,20,2,1506.865845,2025-12-08 00:10:20
9,21,2,1311.0,2025-12-08 00:09:21,41122.0,,9,21,2,1509.210449,2025-12-08 00:10:21
9,22,2,1320.3,2025-12-08 00:09:22,40120.0,,9,22,2,1511.508789,2025-12-08 00:10:22
9,23,2,1307.8,2025-12-08 00:09:23,39119.0,,9,23,2,1513.763916,2025-12-08 00:10:23
9,24,2,1279.2,2025-12-08 00:09:24,38117.0,,9,24,2,1515.980957,2025-12-08 00:10:24
9,25,2,1275.0,2025-12-08 00:09:25,37116.0,,9,25,2,1518.164917,2025-12-08 00:10:25
9,26,2,1289.2,2025-12-08 00:09:26,36115.0,,9,26,2,1520.315552,2025-12-08 00:10:26
9,27,2,1281.8,2025-12-08 00:09:27,35114.0,,9,27,2,1522.432861,2025-12-08 00:10:27
9,28,2,1289.5,2025-12-08 00:09:28,34112.0,,9,28,2,1524.52002,2025-12-08 00:10:28
9,29,2,1296.6,2025-12-08 00:09:29,33110.0,,9,29,2,1526.577026,2025-12-08 00:10:29
9,30,2,1278.9,2025-12-08 00:09:30,32107.0,,9,30,2,1528.604248,2025-12-08 00:10:30
9,31,2,1268.0,2025-12-08 00:09:31,31105.0,,9,31,2,1530.605713,2025-12-08 00:10:31
9,32,2,1317.9,2025-12-08 00:09:32,30103.0,,9,32,2,1532.581177,2025-12-08 00:10:32
9,33,2,1311.8,2025-12-08 00:09:33,29099.0,,9,33,2,1534.523804,2025-12-08 00:10:33
9,34,2,1324.4,2025-12-08 00:09:34,28097.0,,9,34,2,1536.440918,2025-12-08 00:10:34
9,35,2,1295.5,2025-12-08 00:09:35,27095.0,,9,35,2,1538.330933,2025-12-08 00:10:35
9,36,2,1312.4,2025-12-08 00:09:36,26092.0,,9,36,2,1540.200317,2025-12-08 00:10:36
9,37,2,1315.8,2025-12-08 00:09:37,25090.0,,9,37,2,1542.043091,2025-12-08 00:10:37
9,38,2,1314.3,2025-12-08 00:09:38,24089.0,,9,38,2,1543.861816,2025-12-08 00:10:38
9,39,2,1312.8,2025-12-08 00:09:39,23087.0,,9,39,2,1545.657959,2025-12-08 00:10:39
9,40,2,1318.9,2025-12-08 00:09:40,22086.0,,9,40,2,1547.432739,2025-12-08 00:10:40
9,41,2,1303.1,2025-12-08 00:09:41,21084.0,,9,41,2,1549.184937,2025-12-08 00:10:41
9,42,2,1304.4,2025-12-08 00:09:42,20084.0,,9,42,2,1550.919189,2025-12-08 00:10:42
9,43,2,1325.8,2025-12-08 00:09:43,19082.0,,9,43,2,1552.633545,2025-12-08 00:10:43
9,44,2,1306.1,2025-12-08 00:09:44,18081.0,,9,44,2,1554.324707,2025-12-08 00:10:44
9,45,2,1324.5,2025-12-08 00:09:45,17080.0,,9,45,2,1556.000732,2025-12-08 00:10:45
9,46,2,1312.3,2025-12-08 00:09:46,16078.0,,9,46,2,1557.655396,2025-12-08 00:10:46
9,47,2,1326.2,2025-12-08 00:09:47,15074.0,,9,47,2,1559.295044,2025-12-08 00:10:47
9,48,2,1362.9,2025-12-08 00:09:48,14073.0,,9,48,2,1560.914917,2025-12-08 00:10:48
9,49,2,1359.2,2025-12-08 00:09:49,13071.0,,9,49,2,1562.510132,2025-12-08 00:10:49
9,50,2,1349.3,2025-12-08 00:09:50,12069.0,,9,50,2,1564.090454,2025-12-08 00:10:50
9,51,2,1370.0,2025-12-08 00:09:51,11068.0,,9,51,2,1565.657959,2025-12-08 00:10:51
9,52,2,1361.4,2025-12-08 00:09:52,10067.0,,9,52,2,1567.206177,2025-12-08 00:10:52
9,53,2,1350.4,2025-12-08 00:09:53,9065.0,,9,53,2,1568.742798,2025-12-08 00:10:53
9,54,2,1336.7,2025-12-08 00:09:54,8064.0,,9,54,2,1570.269409,2025-12-08 00:10:54
9,55,2,1352.5,2025-12-08 00:09:55,7063.0,,9,55,2,1571.787354,2025-12-08 00:10:55
9,56,2,1357.1,2025-12-08 00:09:56,6062.0,,9,56,2,1573.289307,2025-12-08 00:10:56
9,57,2,1314.4,2025-12-08 00:09:57,5060.0,,9,57,2,1574.778198,2025-12-08 00:10:57
9,58,2,1321.9,2025-12-08 00:09:58,4059.0,,9,58,2,1576.267578,2025-12-08 00:10:58
9,59,2,1325.8,2025-12-08 00:09:59,3058.0,,9,59,2,1577.744019,2025-12-08 00:10:59
10,0,2,626.0,2025-12-08 00:10:00,62171.0,,10,0,2,1146.510864,2025-12-08 00:11:00
10,1,2,641.4,2025-12-08 00:10:01,61170.0,,10,1,2,1200.861816,2025-12-08 00:11:01
10,2,2,617.8,2025-12-08 00:10:02,60169.0,,10,2,2,1245.947876,2025-12-08 00:11:02
10,3,2,621.2,2025-12-08 00:10:03,59168.0,,10,3,2,1284.249878,2025-12-08 00:11:03
10,4,2,624.6,2025-12-08 00:10:04,58167.0,,10,4,2,1316.254761,2025-12-08 00:11:04
10,5,2,619.7,2025-12-08 00:10:05,57166.0,,10,5,2,1342.635376,2025-12-08 00:11:05
10,6,2,628.0,2025-12-08 00:10:06,56165.0,,10,6,2,1364.159058,2025-12-08 00:11:06
10,7,2,620.9,2025-12-08 00:10:07,55163.0,,10,7,2,1381.594971,2025-12-08 00:11:07
10,8,2,617.0,2025-12-08 00:10:08,54162.0,,10,8,2,1395.660645,2025-12-08 00:11:08
10,9,2,611.8,2025-12-08 00:10:09,53161.0,,10,9,2,1406.996094,2025-12-08 00:11:09
10,10,2,615.2,2025-12-08 00:10:10,52159.0,,10,10,2,1416.153931,2025-12-08 00:11:10
10,11,2,618.4,2025-12-08 00:10:11,51158.0,,10,11,2,1423.60144,2025-12-08 00:11:11
10,12,2,622.4,2025-12-08 00:10:12,50156.0,,10,12,2,1429.724976,2025-12-08 00:11:12
10,13,2,612.3,2025-12-08 00:10:13,49155.0,,10,13,2,1434.840332,2025-12-08 00:11:13
10,14,2,615.4,2025-12-08 00:10:14,48153.0,,10,14,2,1439.201172,2025-12-08 00:11:14
10,15,2,614.9,2025-12-08 00:10:15,47152.0,,10,15,2,1443.008423,2025-12-08 00:11:15
10,16,2,608.2,2025-12-08 00:10:16,46150.0,,10,16,2,1446.419434,2025-12-08 00:11:16
10,17,2,596.4,2025-12-08 00:10:17,45149.0,,10,17,2,1449.55481,2025-12-08 00:11:17
10,18,2,614.3,2025-12-08 00:10:18,44147.0,,10,18,2,1452.506348,2025-12-08 00:11:18
10,19,2,640.2,2025-12-08 00:10:19,43146.0,,10,19,2,1455.340698,2025-12-08 00:11:19
10,20,2,636.7,2025-12-08 00:10:20,42145.0,,10,20,2,1458.107178,2025-12-08 00:11:20
10,21,2,647.3,2025-12-08 00:10:21,41144.0,,10,21,2,1460.839233,2025-12-08 00:11:21
10,22,2,623.5,2025-12-08 00:10:22,40142.0,,10,22,2,1463.559448,2025-12-08 00:11:22
10,23,2,621.1,2025-12-08 00:10:23,39139.0,,10,23,2,1466.281128,2025-12-08 00:11:23
10,24,2,609.0,2025-12-08 00:10:24,38138.0,,10,24,2,1469.011475,2025-12-08 00:11:24
10,25,2,621.0,2025-12-08 00:10:25,37136.0,,10,25,2,1471.752441,2025-12-08 00:11:25
10,26,2,614.1,2025-12-08 00:10:26,36135.0,,10,26,2,1474.502319,2025-12-08 00:11:26
10,27,2,634.5,2025-12-08 00:10:27,35133.0,,10,27,2,1477.258545,2025-12-08 00:11:27
10,28,2,616.9,2025-12-08 00:10:28,34132.0,,10,28,2,1480.015869,2025-12-08 00:11:28
10,29,2,615.6,2025-12-08 00:10:29,33131.0,,10,29,2,1482.768799,2025-12-08 00:11:29
10,30,2,606.4,2025-12-08 00:10:30,32130.0,,10,30,2,1485.512085,2025-12-08 00:11:30
10,31,2,629.7,2025-12-08 00:10:31,31128.0,,10,31,2,1488.239502,2025-12-08 00:11:31
10,32,2,618.1,2025-12-08 00:10:32,30126.0,,10,32,2,1490.945801,2025-12-08 00:11:32
10,33,2,736.0,2025-12-08 00:10:33,29125.0,,10,33,2,1493.626709,2025-12-08 00:11:33
10,34,2,710.0,2025-12-08 00:10:34,28124.0,,10,34,2,1496.275757,2025-12-08 00:11:34
10,35,2,720.8,2025-12-08 00:10:35,27123.0,,10,35,2,1498.891968,2025-12-08 00:11:35
10,36,2,714.4,2025-12-08 00:10:36,26121.0,,10,36,2,1501.471924,2025-12-08 00:11:36
10,37,2,637.4,2025-12-08 00:10:37,25120.0,,10,37,2,1504.013672,2025-12-08 00:11:37
10,38,2,704.2,2025-12-08 00:10:38,24119.0,,10,38,2,1506.5177,2025-12-08 00:11:38
10,39,2,767.1,2025-12-08 00:10:39,23115.0,,10,39,2,1508.979614,2025-12-08 00:11:39
10,40,2,706.1,2025-12-08 00:10:40,22113.0,,10,40,2,1511.398438,2025-12-08 00:11:40
10,41,2,717.2,2025-12-08 00:10:41,21111.0,,10,41,2,1513.778198,2025-12-08 00:11:41
10,42,2,650.6,2025-12-08 00:10:42,20110.0,,10,42,2,1516.116821,2025-12-08 00:11:42
10,43,2,651.2,2025-12-08 00:10:43,19108.0,,10,43,2,1518.418823,2025-12-08 00:11:43
10,44,2,703.7,2025-12-08 00:10:44,18107.0,,10,44,2,1520.682007,2025-12-08 00:11:44
10,45,2,700.1,2025-12-08 00:10:45,17106.0,,10,45,2,1522.905518,2025-12-08 00:11:45
10,46,2,718.9,2025-12-08 00:10:46,16105.0,,10,46,2,1525.093018,2025-12-08 00:11:46
10,47,2,709.8,2025-12-08 00:10:47,15104.0,,10,47,2,1527.245239,2025-12-08 00:11:47
10,48,2,724.9,2025-12-08 00:10:48,14103.0,,10,48,2,1529.365234,2025-12-08 00:11:48
10,49,2,727.2,2025-12-08 00:10:49,13101.0,,10,49,2,1531.453247,2025-12-08 00:11:49
10,50,2,697.9,2025-12-08 00:10:50,12100.0,,10,50,2,1533.511719,2025-12-08 00:11:50
10,51,2,708.3,2025-12-08 00:10:51,11099.0,,10,51,2,1535.54541,2025-12-08 00:11:51
10,52,2,644.3,2025-12-08 00:10:52,10098.0,,10,52,2,1537.553101,2025-12-08 00:11:52
10,53,2,643.7,2025-12-08 00:10:53,9097.0,,10,53,2,1539.544312,2025-12-08 00:11:53
10,54,2,651.8,2025-12-08 00:10:54,8096.0,,10,54,2,1541.515137,2025-12-08 00:11:54
10,55,2,649.5,2025-12-08 00:10:55,7094.0,,10,55,2,1543.466675,2025-12-08 00:11:55
10,56,2,644.9,2025-12-08 00:10:56,6093.0,,10,56,2,1545.401611,2025-12-08 00:11:56
10,57,2,659.2,2025-12-08 00:10:57,5092.0,,10,57,2,1547.322632,2025-12-08 00:11:57
10,58,2,643.6,2025-12-08 00:10:58,4091.0,,10,58,2,1549.227173,2025-12-08 00:11:58
10,59,2,664.1,2025-12-08 00:10:59,3090.0,,10,59,2,1551.121582,2025-12-08 00:11:59
11,0,2,1081.1,2025-12-08 00:11:00,62098.0,,11,0,2,1317.850098,2025-12-08 00:12:00
11,1,2,1095.0,2025-12-08 00:11:01,61096.0,,11,1,2,1339.890381,2025-12-08 00:12:01
11,2,2,1076.1,2025-12-08 00:11:02,60095.0,,11,2,2,1358.302734,2025-12-08 00:12:02
11,3,2,1082.5,2025-12-08 00:11:03,59094.0,,11,3,2,1374.383057,2025-12-08 00:12:03
11,4,2,1095.8,2025-12-08 00:11:04,58092.0,,11,4,2,1388.3396,2025-12-08 00:12:04
11,5,2,899.8,2025-12-08 00:11:05,57091.0,,11,5,2,1400.393677,2025-12-08 00:12:05
11,6,2,1057.4,2025-12-08 00:11:06,56089.0,,11,6,2,1410.792114,2025-12-08 00:12:06
11,7,2,905.2,2025-12-08 00:11:07,55088.0,,11,7,2,1419.772583,2025-12-08 00:12:07
11,8,2,885.0,2025-12-08 00:11:08,54087.0,,11,8,2,1427.563599,2025-12-08 00:12:08
11,9,2,956.9,2025-12-08 00:11:09,53086.0,,11,9,2,1434.364136,2025-12-08 00:12:09
11,10,2,900.0,2025-12-08 00:11:10,52085.0,,11,10,2,1440.348511,2025-12-08 00:12:10
11,11,2,932.6,2025-12-08 00:11:11,51084.0,,11,11,2,1445.667725,2025-12-08 00:12:11
11,12,2,957.9,2025-12-08 00:11:12,50083.0,,11,12,2,1450.446045,2025-12-08 00:12:12
11,13,2,989.1,2025-12-08 00:11:13,49081.0,,11,13,2,1454.788452,2025-12-08 00:12:13
11,14,2,1010.0,2025-12-08 00:11:14,48080.0,,11,14,2,1458.780884,2025-12-08 00:12:14
11,15,2,1038.3,2025-12-08 00:11:15,47079.0,,11,15,2,1462.492798,2025-12-08 00:12:15
11,16,2,1039.1,2025-12-08 00:11:16,46078.0,,11,16,2,1465.980713,2025-12-08 00:12:16
11,17,2,1071.0,2025-12-08 00:11:17,45077.0,,11,17,2,1469.290161,2025-12-08 00:12:17
11,18,2,1088.4,2025-12-08 00:11:18,44076.0,,11,18,2,1472.455566,2025-12-08 00:12:18
11,19,2,1098.7,2025-12-08 00:11:19,43075.0,,11,19,2,1475.505005,2025-12-08 00:12:19
11,20,2,1102.1,2025-12-08 00:11:20,42073.0,,11,20,2,1478.460327,2025-12-08 00:12:20
11,21,2,1119.4,2025-12-08 00:11:21,41072.0,,11,21,2,1481.336914,2025-12-08 00:12:21
11,22,2,1089.2,2025-12-08 00:11:22,40071.0,,11,22,2,1484.147339,2025-12-08 00:12:22
11,23,2,1110.7,2025-12-08 00:11:23,39070.0,,11,23,2,1486.901733,2025-12-08 00:12:23
11,24,2,1110.6,2025-12-08 00:11:24,38069.0,,11,24,2,1489.60498,2025-12-08 00:12:24
11,25,2,1113.1,2025-12-08 00:11:25,37068.0,,11,25,2,1492.262207,2025-12-08 00:12:25
11,26,2,1107.9,2025-12-08 00:11:26,36067.0,,11,26,2,1494.876343,2025-12-08 00:12:26
11,27,2,1115.2,2025-12-08 00:11:27,35066.0,,11,27,2,1497.450073,2025-12-08 00:12:27
11,28,2,1105.5,2025-12-08 00:11:28,34064.0,,11,28,2,1499.983887,2025-12-08 00:12:28
11,29,2,1115.5,2025-12-08 00:11:29,33063.0,,11,29,2,1502.479736,2025-12-08 00:12:29
11,30,2,1102.8,2025-12-08 00:11:30,32062.0,,11,30,2,1504.936768,2025-12-08 00:12:30
11,31,2,1114.3,2025-12-08 00:11:31,31060.0,,11,31,2,1507.357056,2025-12-08 00:12:31
11,32,2,1103.3,2025-12-08 00:11:32,30060.0,,11,32,2,1509.739258,2025-12-08 00:12:32
11,33,2,1105.6,2025-12-08 00:11:33,29058.0,,11,33,2,1512.084839,2025-12-08 00:12:33
11,34,2,1109.3,2025-12-08 00:11:34,28057.0,,11,34,2,1514.393555,2025-12-08 00:12:34
11,35,2,1108.0,2025-12-08 00:11:35,27056.0,,11,35,2,1516.665771,2025-12-08 00:12:35
11,36,2,1109.6,2025-12-08 00:11:36,26054.0,,11,36,2,1518.9021,2025-12-08 00:12:36
11,37,2,1100.2,2025-12-08 00:11:37,25052.0,,11,37,2,1521.103149,2025-12-08 00:12:37
11,38,2,1108.7,2025-12-08 00:11:38,24051.0,,11,38,2,1523.27002,2025-12-08 00:12:38
11,39,2,1098.0,2025-12-08 00:11:39,23050.0,,11,39,2,1525.40271,2025-12-08 00:12:39
11,40,2,1109.2,2025-12-08 00:11:40,22049.0,,11,40,2,1527.503418,2025-12-08 00:12:40
11,41,2,1112.7,2025-12-08 00:11:41,21048.0,,11,41,2,1529.571655,2025-12-08 00:12:41
11,42,2,1117.1,2025-12-08 00:11:42,20047.0,,11,42,2,1531.608398,2025-12-08 00:12:42
11,43,2,1120.0,2025-12-08 00:11:43,19045.0,,11,43,2,1533.61499,2025-12-08 00:12:43
11,44,2,1123.5,2025-12-08 00:11:44,18044.0,,11,44,2,1535.592285,2025-12-08 00:12:44
11,45,2,1128.7,2025-12-08 00:11:45,17042.0,,11,45,2,1537.541748,2025-12-08 00:12:45
11,46,2,1130.3,2025-12-08 00:11:46,16041.0,,11,46,2,1539.464233,2025-12-08 00:12:46
11,47,2,1120.7,2025-12-08 00:11:47,15040.0,,11,47,2,1541.361328,2025-12-08 00:12:47
11,48,2,1128.0,2025-12-08 00:11:48,14039.0,,11,48,2,1543.234985,2025-12-08 00:12:48
11,49,2,1120.5,2025-12-08 00:11:49,13038.0,,11,49,2,1545.085205,2025-12-08 00:12:49
11,50,2,1129.2,2025-12-08 00:11:50,12036.0,,11,50,2,1546.914185,2025-12-08 00:12:50
11,51,2,1133.5,2025-12-08 00:11:51,11035.0,,11,51,2,1548.721191,2025-12-08 00:12:51
11,52,2,1140.8,2025-12-08 00:11:52,10034.0,,11,52,2,1550.507568,2025-12-08 00:12:52
11,53,2,1128.8,2025-12-08 00:11:53,9032.0,,11,53,2,1552.273682,2025-12-08 00:12:53
11,54,2,1142.3,2025-12-08 00:11:54,8031.0,,11,54,2,1554.023682,2025-12-08 00:12:54
11,55,2,1137.4,2025-12-08 00:11:55,7030.0,,11,55,2,1555.753906,2025-12-08 00:12:55
11,56,2,1138.9,2025-12-08 00:11:56,6029.0,,11,56,2,1557.46875,2025-12-08 00:12:56
11,57,2,1132.7,2025-12-08 00:11:57,5028.0,,11,57,2,1559.166504,2025-12-08 00:12:57
11,58,2,1134.7,2025-12-08 00:11:58,4026.0,,11,58,2,1560.849609,2025-12-08 00:12:58
11,59,2,1152.0,2025-12-08 00:11:59,3025.0,,11,59,2,1562.516113,2025-12-08 00:12:59
12,0,2,1135.8,2025-12-08 00:12:00,61889.0,,12,0,2,1313.803955,2025-12-08 00:13:00
12,1,2,1138.2,2025-12-08 00:12:01,60888.0,,12,1,2,1336.568359,2025-12-08 00:13:01
12,2,2,1142.2,2025-12-08 00:12:02,59887.0,,12,2,2,1355.515015,2025-12-08 00:13:02
12,3,2,1134.2,2025-12-08 00:12:03,58886.0,,12,3,2,1372.068604,2025-12-08 00:13:03
12,4,2,1139.3,2025-12-08 00:12:04,57884.0,,12,4,2,1386.436279,2025-12-08 00:13:04
12,5,2,1131.2,2025-12-08 00:12:05,56883.0,,12,5,2,1398.839722,2025-12-08 00:13:05
12,6,2,1131.2,2025-12-08 00:12:06,55881.0,,12,6,2,1409.527344,2025-12-08 00:13:06
12,7,2,1132.5,2025-12-08 00:12:07,54878.0,,12,7,2,1418.746338,2025-12-08 00:13:07
12,8,2,1138.5,2025-12-08 00:12:08,53877.0,,12,8,2,1426.728394,2025-12-08 00:13:08
12,9,2,1127.9,2025-12-08 00:12:09,52875.0,,12,9,2,1433.680298,2025-12-08 00:13:09
12,10,2,1132.9,2025-12-08 00:12:10,51874.0,,12,10,2,1439.784302,2025-12-08 00:13:10
12,11,2,1121.6,2025-12-08 00:12:11,50873.0,,12,11,2,1445.194458,2025-12-08 00:13:11
12,12,2,1125.3,2025-12-08 00:12:12,49872.0,,12,12,2,1450.04248,2025-12-08 00:13:12
12,13,2,1125.6,2025-12-08 00:12:13,48870.0,,12,13,2,1454.436523,2025-12-08 00:13:13
12,14,2,1120.7,2025-12-08 00:12:14,47866.0,,12,14,2,1458.466553,2025-12-08 00:13:14
12,15,2,1139.7,2025-12-08 00:12:15,46853.0,,12,15,2,1462.205322,2025-12-08 00:13:15
12,16,2,1127.6,2025-12-08 00:12:16,45804.0,,12,16,2,1465.71167,2025-12-08 00:13:16
12,17,2,1132.6,2025-12-08 00:12:17,44803.0,,12,17,2,1469.032837,2025-12-08 00:13:17
12,18,2,1137.7,2025-12-08 00:12:18,43802.0,,12,18,2,1472.205566,2025-12-08 00:13:18
12,19,2,1134.6,2025-12-08 00:12:19,42801.0,,12,19,2,1475.259033,2025-12-08 00:13:19
12,20,2,1159.8,2025-12-08 00:12:20,41800.0,,12,20,2,1478.215942,2025-12-08 00:13:20
12,21,2,1128.8,2025-12-08 00:12:21,40799.0,,12,21,2,1481.092285,2025-12-08 00:13:21
12,22,2,1149.0,2025-12-08 00:12:22,39797.0,,12,22,2,1483.902466,2025-12-08 00:13:22
12,23,2,1139.4,2025-12-08 00:12:23,38788.0,,12,23,2,1486.654663,2025-12-08 00:13:23
12,24,2,1130.2,2025-12-08 00:12:24,37786.0,,12,24,2,1489.356323,2025-12-08 00:13:24
12,25,2,1144.3,2025-12-08 00:12:25,36785.0,,12,25,2,1492.012451,2025-12-08 00:13:25
12,26,2,1133.7,2025-12-08 00:12:26,35784.0,,12,26,2,1494.625244,2025-12-08 00:13:26
12,27,2,1127.3,2025-12-08 00:12:27,34783.0,,12,27,2,1497.19812,2025-12-08 00:13:27
12,28,2,1133.7,2025-12-08 00:12:28,33782.0,,12,28,2,1499.731934,2025-12-08 00:13:28
12,29,2,1129.7,2025-12-08 00:12:29,32780.0,,12,29,2,1502.227539,2025-12-08 00:13:29
12,30,2,1140.4,2025-12-08 00:12:30,31779.0,,12,30,2,1504.685425,2025-12-08 00:13:30
12,31,2,1127.4,2025-12-08 00:12:31,30778.0,,12,31,2,1507.105591,2025-12-08 00:13:31
12,32,2,1140.5,2025-12-08 00:12:32,29776.0,,12,32,2,1509.489258,2025-12-08 00:13:32
12,33,2,1131.8,2025-12-08 00:12:33,28774.0,,12,33,2,1511.835083,2025-12-08 00:13:33
12,34,2,1131.1,2025-12-08 00:12:34,27762.0,,12,34,2,1514.144897,2025-12-08 00:13:34
12,35,2,1127.2,2025-12-08 00:12:35,26761.0,,12,35,2,1516.418457,2025-12-08 00:13:35
12,36,2,1132.5,2025-12-08 00:12:36,25760.0,,12,36,2,1518.656372,2025-12-08 00:13:36
12,37,2,1134.7,2025-12-08 00:12:37,24753.0,,12,37,2,1520.858765,2025-12-08 00:13:37
12,38,2,1129.7,2025-12-08 00:12:38,23752.0,,12,38,2,1523.026489,2025-12-08 00:13:38
12,39,2,1115.3,2025-12-08 00:12:39,22751.0,,12,39,2,1525.160522,2025-12-08 00:13:39
12,40,2,1130.7,2025-12-08 00:12:40,21750.0,,12,40,2,1527.262695,2025-12-08 00:13:40
12,41,2,1138.2,2025-12-08 00:12:41,20748.0,,12,41,2,1529.331665,2025-12-08 00:13:41
12,42,2,1134.2,2025-12-08 00:12:42,19745.0,,12,42,2,1531.368896,2025-12-08 00:13:42
12,43,2,1129.1,2025-12-08 00:12:43,18743.0,,12,43,2,1533.376587,2025-12-08 00:13:43
12,44,2,1130.9,2025-12-08 00:12:44,17741.0,,12,44,2,1535.355835,2025-12-08 00:13:44
12,45,2,1123.8,2025-12-08 00:12:45,16739.0,,12,45,2,1537.307373,2025-12-08 00:13:45
12,46,2,1119.3,2025-12-08 00:12:46,15737.0,,12,46,2,1539.23291,2025-12-08 00:13:46
12,47,2,1135.9,2025-12-08 00:12:47,14736.0,,12,47,2,1541.133789,2025-12-08 00:13:47
12,48,2,1131.9,2025-12-08 00:12:48,13735.0,,12,48,2,1543.008301,2025-12-08 00:13:48
12,49,2,1131.0,2025-12-08 00:12:49,12733.0,,12,49,2,1544.860352,2025-12-08 00:13:49
12,50,2,1142.5,2025-12-08 00:12:50,11732.0,,12,50,2,1546.690186,2025-12-08 00:13:50
12,51,2,1128.3,2025-12-08 00:12:51,10731.0,,12,51,2,1548.497437,2025-12-08 00:13:51
12,52,2,1133.9,2025-12-08 00:12:52,9730.0,,12,52,2,1550.286865,2025-12-08 00:13:52
12,53,2,1134.6,2025-12-08 00:12:53,8729.0,,12,53,2,1552.056396,2025-12-08 00:13:53
12,54,2,1137.0,2025-12-08 00:12:54,7728.0,,12,54,2,1553.807495,2025-12-08 00:13:54
12,55,2,1125.8,2025-12-08 00:12:55,6727.0,,12,55,2,1555.541382,2025-12-08 00:13:55
12,56,2,1123.7,2025-12-08 00:12:56,5726.0,,12,56,2,1557.260254,2025-12-08 00:13:56
12,57,2,1133.1,2025-12-08 00:12:57,4725.0,,12,57,2,1558.963623,2025-12-08 00:13:57
12,58,2,1129.0,2025-12-08 00:12:58,3723.0,,12,58,2,1560.64917,2025-12-08 00:13:58
12,59,2,1129.5,2025-12-08 00:12:59,2723.0,,12,59,2,1562.319458,2025-12-08 00:13:59
13,0,2,1211.9,2025-12-08 00:13:00,61791.0,,13,0,2,1372.87439,2025-12-08 00:14:00
13,1,2,1205.4,2025-12-08 00:13:01,60790.0,,13,1,2,1387.629883,2025-12-08 00:14:01
13,2,2,1224.2,2025-12-08 00:13:02,59789.0,,13,2,2,1399.974609,2025-12-08 00:14:02
13,3,2,1223.3,2025-12-08 00:13:03,58787.0,,13,3,2,1410.841553,2025-12-08 00:14:03
13,4,2,1217.3,2025-12-08 00:13:04,57786.0,,13,4,2,1420.391479,2025-12-08 00:14:04
13,5,2,1205.8,2025-12-08 00:13:05,56785.0,,13,5,2,1428.772949,2025-12-08 00:14:05
13,6,2,1223.5,2025-12-08 00:13:06,55784.0,,13,6,2,1436.141724,2025-12-08 00:14:06
13,7,2,1213.6,2025-12-08 00:13:07,54783.0,,13,7,2,1442.646484,2025-12-08 00:14:07
13,8,2,1214.9,2025-12-08 00:13:08,53782.0,,13,8,2,1448.425049,2025-12-08 00:14:08
13,9,2,1210.9,2025-12-08 00:13:09,52781.0,,13,9,2,1453.597656,2025-12-08 00:14:09
13,10,2,1221.6,2025-12-08 00:13:10,51780.0,,13,10,2,1458.269043,2025-12-08 00:14:10
13,11,2,1215.6,2025-12-08 00:13:11,50779.0,,13,11,2,1462.52832,2025-12-08 00:14:11
13,12,2,1222.8,2025-12-08 00:13:12,49778.0,,13,12,2,1466.450439,2025-12-08 00:14:12
13,13,2,1221.0,2025-12-08 00:13:13,48777.0,,13,13,2,1470.096802,2025-12-08 00:14:13
13,14,2,1214.4,2025-12-08 00:13:14,47776.0,,13,14,2,1473.518677,2025-12-08 00:14:14
13,15,2,1229.4,2025-12-08 00:13:15,46775.0,,13,15,2,1476.757446,2025-12-08 00:14:15
13,16,2,1214.7,2025-12-08 00:13:16,45775.0,,13,16,2,1479.845825,2025-12-08 00:14:16
13,17,2,1215.2,2025-12-08 00:13:17,44774.0,,13,17,2,1482.811401,2025-12-08 00:14:17
13,18,2,1225.8,2025-12-08 00:13:18,43773.0,,13,18,2,1485.674805,2025-12-08 00:14:18
13,19,2,1135.6,2025-12-08 00:13:19,42772.0,,13,19,2,1488.452637,2025-12-08 00:14:19
13,20,2,1134.5,2025-12-08 00:13:20,41771.0,,13,20,2,1491.161133,2025-12-08 00:14:20
13,21,2,1135.0,2025-12-08 00:13:21,40770.0,,13,21,2,1493.807251,2025-12-08 00:14:21
13,22,2,1140.1,2025-12-08 00:13:22,39769.0,,13,22,2,1496.398315,2025-12-08 00:14:22
13,23,2,1215.2,2025-12-08 00:13:23,38768.0,,13,23,2,1498.939697,2025-12-08 00:14:23
13,24,2,1213.9,2025-12-08 00:13:24,37766.0,,13,24,2,1501.432129,2025-12-08 00:14:24
13,25,2,1214.8,2025-12-08 00:13:25,36765.0,,13,25,2,1503.88208,2025-12-08 00:14:25
13,26,2,1230.9,2025-12-08 00:13:26,35764.0,,13,26,2,1506.291748,2025-12-08 00:14:26
13,27,2,1214.8,2025-12-08 00:13:27,34763.0,,13,27,2,1508.661987,2025-12-08 00:14:27
13,28,2,1215.0,2025-12-08 00:13:28,33761.0,,13,28,2,1510.996216,2025-12-08 00:14:28
13,29,2,1211.7,2025-12-08 00:13:29,32760.0,,13,29,2,1513.294189,2025-12-08 00:14:29
13,30,2,1214.6,2025-12-08 00:13:30,31759.0,,13,30,2,1515.556763,2025-12-08 00:14:30
13,31,2,1223.1,2025-12-08 00:13:31,30758.0,,13,31,2,1517.785034,2025-12-08 00:14:31
13,32,2,1215.5,2025-12-08 00:13:32,29755.0,,13,32,2,1519.978149,2025-12-08 00:14:32
13,33,2,1218.1,2025-12-08 00:13:33,28750.0,,13,33,2,1522.13855,2025-12-08 00:14:33
13,34,2,1239.9,2025-12-08 00:13:34,27749.0,,13,34,2,1524.265869,2025-12-08 00:14:34
13,35,2,1241.2,2025-12-08 00:13:35,26748.0,,13,35,2,1526.359497,2025-12-08 00:14:35
13,36,2,1207.8,2025-12-08 00:13:36,25745.0,,13,36,2,1528.421509,2025-12-08 00:14:36
13,37,2,1219.3,2025-12-08 00:13:37,24744.0,,13,37,2,1530.455811,2025-12-08 00:14:37
13,38,2,1228.2,2025-12-08 00:13:38,23743.0,,13,38,2,1532.459351,2025-12-08 00:14:38
13,39,2,1228.1,2025-12-08 00:13:39,22742.0,,13,39,2,1534.433472,2025-12-08 00:14:39
13,40,2,1226.3,2025-12-08 00:13:40,21741.0,,13,40,2,1536.379395,2025-12-08 00:14:40
13,41,2,1224.1,2025-12-08 00:13:41,20740.0,,13,41,2,1538.29834,2025-12-08 00:14:41
13,42,2,1226.1,2025-12-08 00:13:42,19739.0,,13,42,2,1540.19165,2025-12-08 00:14:42
13,43,2,1236.1,2025-12-08 00:13:43,18737.0,,13,43,2,1542.059326,2025-12-08 00:14:43
13,44,2,1219.1,2025-12-08 00:13:44,17736.0,,13,44,2,1543.901978,2025-12-08 00:14:44
13,45,2,1217.0,2025-12-08 00:13:45,16735.0,,13,45,2,1545.723267,2025-12-08 00:14:45
13,46,2,1237.7,2025-12-08 00:13:46,15734.0,,13,46,2,1547.523315,2025-12-08 00:14:46
13,47,2,1211.9,2025-12-08 00:13:47,14733.0,,13,47,2,1549.298828,2025-12-08 00:14:47
13,48,2,1233.9,2025-12-08 00:13:48,13732.0,,13,48,2,1551.057861,2025-12-08 00:14:48
13,49,2,1206.8,2025-12-08 00:13:49,12730.0,,13,49,2,1552.794312,2025-12-08 00:14:49
13,50,2,1228.4,2025-12-08 00:13:50,11730.0,,13,50,2,1554.516479,2025-12-08 00:14:50
13,51,2,1213.8,2025-12-08 00:13:51,10729.0,,13,51,2,1556.217407,2025-12-08 00:14:51
13,52,2,1217.0,2025-12-08 00:13:52,9727.0,,13,52,2,1557.904053,2025-12-08 00:14:52
13,53,2,1218.8,2025-12-08 00:13:53,8726.0,,13,53,2,1559.573608,2025-12-08 00:14:53
13,54,2,1226.4,2025-12-08 00:13:54,7725.0,,13,54,2,1561.227051,2025-12-08 00:14:54
13,55,2,1221.7,2025-12-08 00:13:55,6724.0,,13,55,2,1562.863525,2025-12-08 00:14:55
13,56,2,1248.6,2025-12-08 00:13:56,5723.0,,13,56,2,1564.485229,2025-12-08 00:14:56
13,57,2,1294.6,2025-12-08 00:13:57,4722.0,,13,57,2,1566.085571,2025-12-08 00:14:57
13,58,2,1280.8,2025-12-08 00:13:58,3721.0,,13,58,2,1567.659424,2025-12-08 00:14:58
13,59,2,1266.9,2025-12-08 00:13:59,2720.0,,13,59,2,1569.221313,2025-12-08 00:14:59
14,0,2,1314.3,2025-12-08 00:14:00,61738.0,,14,0,2,1413.49707,2025-12-08 00:15:00
14,1,2,1319.4,2025-12-08 00:14:01,60736.0,,14,1,2,1424.227417,2025-12-08 00:15:01
14,2,2,1312.4,2025-12-08 00:14:02,59735.0,,14,2,2,1433.172974,2025-12-08 00:15:02
14,3,2,1317.4,2025-12-08 00:14:03,58735.0,,14,3,2,1441.209961,2025-12-08 00:15:03
14,4,2,1304.6,2025-12-08 00:14:04,57733.0,,14,4,2,1448.415527,2025-12-08 00:15:04
14,5,2,1306.9,2025-12-08 00:14:05,56732.0,,14,5,2,1454.860352,2025-12-08 00:15:05
14,6,2,1312.2,2025-12-08 00:14:06,55730.0,,14,6,2,1460.628784,2025-12-08 00:15:06
14,7,2,1317.6,2025-12-08 00:14:07,54729.0,,14,7,2,1465.80896,2025-12-08 00:15:07
14,8,2,1319.5,2025-12-08 00:14:08,53728.0,,14,8,2,1470.486206,2025-12-08 00:15:08
14,9,2,1313.8,2025-12-08 00:14:09,52726.0,,14,9,2,1474.736938,2025-12-08 00:15:09
14,10,2,1318.8,2025-12-08 00:14:10,51722.0,,14,10,2,1478.630615,2025-12-08 00:15:10
14,11,2,1323.2,2025-12-08 00:14:11,50721.0,,14,11,2,1482.225098,2025-12-08 00:15:11
14,12,2,1312.6,2025-12-08 00:14:12,49720.0,,14,12,2,1485.570923,2025-12-08 00:15:12
14,13,2,1270.7,2025-12-08 00:14:13,48718.0,,14,13,2,1488.711182,2025-12-08 00:15:13
14,14,2,1279.0,2025-12-08 00:14:14,47717.0,,14,14,2,1491.682373,2025-12-08 00:15:14
14,15,2,1287.7,2025-12-08 00:14:15,46716.0,,14,15,2,1494.511353,2025-12-08 00:15:15
14,16,2,1329.0,2025-12-08 00:14:16,45714.0,,14,16,2,1497.221191,2025-12-08 00:15:16
14,17,2,1302.1,2025-12-08 00:14:17,44713.0,,14,17,2,1499.828491,2025-12-08 00:15:17
14,18,2,1315.8,2025-12-08 00:14:18,43712.0,,14,18,2,1502.354126,2025-12-08 00:15:18
14,19,2,1326.2,2025-12-08 00:14:19,42711.0,,14,19,2,1504.807495,2025-12-08 00:15:19
14,20,2,1318.6,2025-12-08 00:14:20,41710.0,,14,20,2,1507.198364,2025-12-08 00:15:20
14,21,2,1302.7,2025-12-08 00:14:21,40709.0,,14,21,2,1509.536621,2025-12-08 00:15:21
14,22,2,1317.2,2025-12-08 00:14:22,39708.0,,14,22,2,1511.828613,2025-12-08 00:15:22
14,23,2,1315.5,2025-12-08 00:14:23,38707.0,,14,23,2,1514.077148,2025-12-08 00:15:23
14,24,2,1286.5,2025-12-08 00:14:24,37705.0,,14,24,2,1516.286865,2025-12-08 00:15:24
14,25,2,1292.2,2025-12-08 00:14:25,36704.0,,14,25,2,1518.463257,2025-12-08 00:15:25
14,26,2,1286.9,2025-12-08 00:14:26,35703.0,,14,26,2,1520.605713,2025-12-08 00:15:26
14,27,2,1301.3,2025-12-08 00:14:27,34702.0,,14,27,2,1522.717041,2025-12-08 00:15:27
14,28,2,1287.4,2025-12-08 00:14:28,33701.0,,14,28,2,1524.796021,2025-12-08 00:15:28
14,29,2,1303.0,2025-12-08 00:14:29,32700.0,,14,29,2,1526.847412,2025-12-08 00:15:29
14,30,2,1291.4,2025-12-08 00:14:30,31699.0,,14,30,2,1528.868652,2025-12-08 00:15:30
14,31,2,1288.6,2025-12-08 00:14:31,30698.0,,14,31,2,1530.863159,2025-12-08 00:15:31
14,32,2,1316.3,2025-12-08 00:14:32,29697.0,,14,32,2,1532.830688,2025-12-08 00:15:32
14,33,2,1320.9,2025-12-08 00:14:33,28696.0,,14,33,2,1534.768677,2025-12-08 00:15:33
14,34,2,1313.9,2025-12-08 00:14:34,27695.0,,14,34,2,1536.680054,2025-12-08 00:15:34
14,35,2,1319.9,2025-12-08 00:14:35,26694.0,,14,35,2,1538.566895,2025-12-08 00:15:35
14,36,2,1326.3,2025-12-08 00:14:36,25692.0,,14,36,2,1540.428345,2025-12-08 00:15:36
14,37,2,1321.7,2025-12-08 00:14:37,24691.0,,14,37,2,1542.265259,2025-12-08 00:15:37
14,38,2,1320.4,2025-12-08 00:14:38,23690.0,,14,38,2,1544.078979,2025-12-08 00:15:38
14,39,2,1318.5,2025-12-08 00:14:39,22689.0,,14,39,2,1545.87085,2025-12-08 00:15:39
14,40,2,1324.1,2025-12-08 00:14:40,21688.0,,14,40,2,1547.640747,2025-12-08 00:15:40
14,41,2,1316.7,2025-12-08 00:14:41,20687.0,,14,41,2,1549.388916,2025-12-08 00:15:41
14,42,2,1299.8,2025-12-08 00:14:42,19685.0,,14,42,2,1551.118042,2025-12-08 00:15:42
14,43,2,1315.0,2025-12-08 00:14:43,18684.0,,14,43,2,1552.830078,2025-12-08 00:15:43
14,44,2,1332.4,2025-12-08 00:14:44,17683.0,,14,44,2,1554.520508,2025-12-08 00:15:44
14,45,2,1318.4,2025-12-08 00:14:45,16681.0,,14,45,2,1556.189209,2025-12-08 00:15:45
14,46,2,1320.0,2025-12-08 00:14:46,15680.0,,14,46,2,1557.842773,2025-12-08 00:15:46
14,47,2,1320.1,2025-12-08 00:14:47,14679.0,,14,47,2,1559.478394,2025-12-08 00:15:47
14,48,2,1370.2,2025-12-08 00:14:48,13678.0,,14,48,2,1561.097168,2025-12-08 00:15:48
14,49,2,1348.2,2025-12-08 00:14:49,12677.0,,14,49,2,1562.689087,2025-12-08 00:15:49
14,50,2,1364.6,2025-12-08 00:14:50,11676.0,,14,50,2,1564.269897,2025-12-08 00:15:50
14,51,2,1358.7,2025-12-08 00:14:51,10675.0,,14,51,2,1565.832031,2025-12-08 00:15:51
14,52,2,1363.7,2025-12-08 00:14:52,9674.0,,14,52,2,1567.381104,2025-12-08 00:15:52
14,53,2,1358.6,2025-12-08 00:14:53,8673.0,,14,53,2,1568.915649,2025-12-08 00:15:53
14,54,2,1345.1,2025-12-08 00:14:54,7671.0,,14,54,2,1570.438354,2025-12-08 00:15:54
14,55,2,1357.3,2025-12-08 00:14:55,6670.0,,14,55,2,1571.952271,2025-12-08 00:15:55
14,56,2,1358.3,2025-12-08 00:14:56,5669.0,,14,56,2,1573.451172,2025-12-08 00:15:56
14,57,2,1317.9,2025-12-08 00:14:57,4668.0,,14,57,2,1574.938477,2025-12-08 00:15:57
14,58,2,1321.6,2025-12-08 00:14:58,3667.0,,14,58,2,1576.425415,2025-12-08 00:15:58
14,59,2,1315.5,2025-12-08 00:14:59,2666.0,,14,59,2,1577.900757,2025-12-08 00:15:59
15,0,2,617.4,2025-12-08 00:15:00,61584.0,,15,0,2,1144.921143,2025-12-08 00:16:00
15,1,2,630.9,2025-12-08 00:15:01,60583.0,,15,1,2,1199.672241,2025-12-08 00:16:01
15,2,2,616.5,2025-12-08 00:15:02,59582.0,,15,2,2,1245.0448,2025-12-08 00:16:02
15,3,2,607.4,2025-12-08 00:15:03,58581.0,,15,3,2,1283.584229,2025-12-08 00:16:03
15,4,2,611.9,2025-12-08 00:15:04,57580.0,,15,4,2,1315.780029,2025-12-08 00:16:04
15,5,2,613.4,2025-12-08 00:15:05,56579.0,,15,5,2,1342.309448,2025-12-08 00:16:05
15,6,2,611.3,2025-12-08 00:15:06,55578.0,,15,6,2,1363.945557,2025-12-08 00:16:06
15,7,2,622.4,2025-12-08 00:15:07,54577.0,,15,7,2,1381.463623,2025-12-08 00:16:07
15,8,2,634.0,2025-12-08 00:15:08,53576.0,,15,8,2,1395.586304,2025-12-08 00:16:08
15,9,2,595.5,2025-12-08 00:15:09,52575.0,,15,9,2,1406.959473,2025-12-08 00:16:09
15,10,2,627.8,2025-12-08 00:15:10,51574.0,,15,10,2,1416.140015,2025-12-08 00:16:10
15,11,2,631.9,2025-12-08 00:15:11,50573.0,,15,11,2,1423.598755,2025-12-08 00:16:11
15,12,2,618.5,2025-12-08 00:15:12,49572.0,,15,12,2,1429.725464,2025-12-08 00:16:12
15,13,2,608.2,2025-12-08 00:15:13,48566.0,,15,13,2,1434.838135,2025-12-08 00:16:13
15,14,2,607.5,2025-12-08 00:15:14,47565.0,,15,14,2,1439.192505,2025-12-08 00:16:14
15,15,2,621.4,2025-12-08 00:15:15,46560.0,,15,15,2,1442.991211,2025-12-08 00:16:15
15,16,2,626.5,2025-12-08 00:15:16,45559.0,,15,16,2,1446.39209,2025-12-08 00:16:16
15,17,2,617.0,2025-12-08 00:15:17,44558.0,,15,17,2,1449.51709,2025-12-08 00:16:17
15,18,2,628.9,2025-12-08 00:15:18,43557.0,,15,18,2,1452.458374,2025-12-08 00:16:18
15,19,2,632.5,2025-12-08 00:15:19,42556.0,,15,19,2,1455.283203,2025-12-08 00:16:19
15,20,2,622.2,2025-12-08 00:15:20,41555.0,,15,20,2,1458.041016,2025-12-08 00:16:20
15,21,2,627.5,2025-12-08 00:15:21,40554.0,,15,21,2,1460.765503,2025-12-08 00:16:21
15,22,2,613.7,2025-12-08 00:15:22,39554.0,,15,22,2,1463.47937,2025-12-08 00:16:22
15,23,2,616.4,2025-12-08 00:15:23,38553.0,,15,23,2,1466.195801,2025-12-08 00:16:23
15,24,2,620.4,2025-12-08 00:15:24,37552.0,,15,24,2,1468.921631,2025-12-08 00:16:24
15,25,2,607.8,2025-12-08 00:15:25,36551.0,,15,25,2,1471.658813,2025-12-08 00:16:25
15,26,2,618.6,2025-12-08 00:15:26,35550.0,,15,26,2,1474.406372,2025-12-08 00:16:26
15,27,2,633.3,2025-12-08 00:15:27,34549.0,,15,27,2,1477.160889,2025-12-08 00:16:27
15,28,2,628.9,2025-12-08 00:15:28,33548.0,,15,28,2,1479.917114,2025-12-08 00:16:28
15,29,2,614.9,2025-12-08 00:15:29,32519.0,,15,29,2,1482.669556,2025-12-08 00:16:29
15,30,2,620.8,2025-12-08 00:15:30,31518.0,,15,30,2,1485.412842,2025-12-08 00:16:30
15,31,2,615.9,2025-12-08 00:15:31,30515.0,,15,31,2,1488.140503,2025-12-08 00:16:31
15,32,2,630.4,2025-12-08 00:15:32,29506.0,,15,32,2,1490.8479,2025-12-08 00:16:32
15,33,2,730.8,2025-12-08 00:15:33,28505.0,,15,33,2,1493.529785,2025-12-08 00:16:33
15,34,2,721.2,2025-12-08 00:15:34,27503.0,,15,34,2,1496.180542,2025-12-08 00:16:34
15,35,2,719.8,2025-12-08 00:15:35,26502.0,,15,35,2,1498.797974,2025-12-08 00:16:35
15,36,2,702.3,2025-12-08 00:15:36,25501.0,,15,36,2,1501.379517,2025-12-08 00:16:36
15,37,2,630.2,2025-12-08 00:15:37,24499.0,,15,37,2,1503.923096,2025-12-08 00:16:37
15,38,2,706.8,2025-12-08 00:15:38,23498.0,,15,38,2,1506.429199,2025-12-08 00:16:38
15,39,2,752.8,2025-12-08 00:15:39,22497.0,,15,39,2,1508.892822,2025-12-08 00:16:39
15,40,2,715.5,2025-12-08 00:15:40,21495.0,,15,40,2,1511.314087,2025-12-08 00:16:40
15,41,2,717.3,2025-12-08 00:15:41,20493.0,,15,41,2,1513.695312,2025-12-08 00:16:41
15,42,2,660.7,2025-12-08 00:15:42,19492.0,,15,42,2,1516.0354,2025-12-08 00:16:42
15,43,2,638.3,2025-12-08 00:15:43,18491.0,,15,43,2,1518.338501,2025-12-08 00:16:43
15,44,2,713.5,2025-12-08 00:15:44,17490.0,,15,44,2,1520.603516,2025-12-08 00:16:44
15,45,2,705.2,2025-12-08 00:15:45,16488.0,,15,45,2,1522.828491,2025-12-08 00:16:45
15,46,2,717.8,2025-12-08 00:15:46,15487.0,,15,46,2,1525.01709,2025-12-08 00:16:46
15,47,2,711.4,2025-12-08 00:15:47,14485.0,,15,47,2,1527.17041,2025-12-08 00:16:47
15,48,2,714.7,2025-12-08 00:15:48,13477.0,,15,48,2,1529.291504,2025-12-08 00:16:48
15,49,2,712.0,2025-12-08 00:15:49,12475.0,,15,49,2,1531.381104,2025-12-08 00:16:49
15,50,2,698.5,2025-12-08 00:15:50,11473.0,,15,50,2,1533.442017,2025-12-08 00:16:50
15,51,2,709.7,2025-12-08 00:15:51,10471.0,,15,51,2,1535.476562,2025-12-08 00:16:51
15,52,2,627.4,2025-12-08 00:15:52,9470.0,,15,52,2,1537.485352,2025-12-08 00:16:52
15,53,2,639.3,2025-12-08 00:15:53,8468.0,,15,53,2,1539.478882,2025-12-08 00:16:53
15,54,2,650.6,2025-12-08 00:15:54,7465.0,,15,54,2,1541.45105,2025-12-08 00:16:54
15,55,2,632.3,2025-12-08 00:15:55,6464.0,,15,55,2,1543.403687,2025-12-08 00:16:55
15,56,2,646.0,2025-12-08 00:15:56,5463.0,,15,56,2,1545.341675,2025-12-08 00:16:56
15,57,2,646.2,2025-12-08 00:15:57,4462.0,,15,57,2,1547.263184,2025-12-08 00:16:57
15,58,2,659.8,2025-12-08 00:15:58,3461.0,,15,58,2,1549.170532,2025-12-08 00:16:58
15,59,2,648.4,2025-12-08 00:15:59,2460.0,,15,59,2,1551.062988,2025-12-08 00:16:59
16,0,2,1081.6,2025-12-08 00:16:00,61580.0,,16,0,2,1317.772217,2025-12-08 00:17:00
16,1,2,1081.5,2025-12-08 00:16:01,60579.0,,16,1,2,1339.806274,2025-12-08 00:17:01
16,2,2,1084.9,2025-12-08 00:16:02,59578.0,,16,2,2,1358.249268,2025-12-08 00:17:02
16,3,2,1084.7,2025-12-08 00:16:03,58577.0,,16,3,2,1374.352173,2025-12-08 00:17:03
16,4,2,1088.2,2025-12-08 00:16:04,57576.0,,16,4,2,1388.324463,2025-12-08 00:17:04
16,5,2,917.6,2025-12-08 00:16:05,56575.0,,16,5,2,1400.389526,2025-12-08 00:17:05
16,6,2,1043.6,2025-12-08 00:16:06,55574.0,,16,6,2,1410.794922,2025-12-08 00:17:06
16,7,2,914.1,2025-12-08 00:16:07,54573.0,,16,7,2,1419.780273,2025-12-08 00:17:07
16,8,2,883.6,2025-12-08 00:16:08,53572.0,,16,8,2,1427.573486,2025-12-08 00:17:08
16,9,2,962.0,2025-12-08 00:16:09,52571.0,,16,9,2,1434.375122,2025-12-08 00:17:09
16,10,2,889.4,2025-12-08 00:16:10,51571.0,,16,10,2,1440.359741,2025-12-08 00:17:10
16,11,2,945.4,2025-12-08 00:16:11,50570.0,,16,11,2,1445.678345,2025-12-08 00:17:11
16,12,2,977.6,2025-12-08 00:16:12,49569.0,,16,12,2,1450.4552,2025-12-08 00:17:12
16,13,2,971.7,2025-12-08 00:16:13,48568.0,,16,13,2,1454.796021,2025-12-08 00:17:13
16,14,2,1014.2,2025-12-08 00:16:14,47568.0,,16,14,2,1458.787109,2025-12-08 00:17:14
16,15,2,1041.7,2025-12-08 00:16:15,46567.0,,16,15,2,1462.497314,2025-12-08 00:17:15
16,16,2,1040.7,2025-12-08 00:16:16,45566.0,,16,16,2,1465.983643,2025-12-08 00:17:16
16,17,2,1072.7,2025-12-08 00:16:17,44565.0,,16,17,2,1469.291504,2025-12-08 00:17:17
16,18,2,1081.0,2025-12-08 00:16:18,43564.0,,16,18,2,1472.455566,2025-12-08 00:17:18
16,19,2,1099.8,2025-12-08 00:16:19,42564.0,,16,19,2,1475.503906,2025-12-08 00:17:19
16,20,2,1110.5,2025-12-08 00:16:20,41563.0,,16,20,2,1478.457886,2025-12-08 00:17:20
16,21,2,1104.6,2025-12-08 00:16:21,40562.0,,16,21,2,1481.333618,2025-12-08 00:17:21
16,22,2,1103.0,2025-12-08 00:16:22,39561.0,,16,22,2,1484.143555,2025-12-08 00:17:22
16,23,2,1099.8,2025-12-08 00:16:23,38560.0,,16,23,2,1486.896851,2025-12-08 00:17:23
16,24,2,1119.4,2025-12-08 00:16:24,37558.0,,16,24,2,1489.599854,2025-12-08 00:17:24
16,25,2,1111.7,2025-12-08 00:16:25,36557.0,,16,25,2,1492.256226,2025-12-08 00:17:25
16,26,2,1097.1,2025-12-08 00:16:26,35556.0,,16,26,2,1494.870361,2025-12-08 00:17:26
16,27,2,1110.7,2025-12-08 00:16:27,34555.0,,16,27,2,1497.443848,2025-12-08 00:17:27
16,28,2,1117.9,2025-12-08 00:16:28,33553.0,,16,28,2,1499.977661,2025-12-08 00:17:28
16,29,2,1114.4,2025-12-08 00:16:29,32552.0,,16,29,2,1502.473022,2025-12-08 00:17:29
16,30,2,1123.1,2025-12-08 00:16:30,31550.0,,16,30,2,1504.930054,2025-12-08 00:17:30
16,31,2,1113.3,2025-12-08 00:16:31,30550.0,,16,31,2,1507.349487,2025-12-08 00:17:31
16,32,2,1111.3,2025-12-08 00:16:32,29548.0,,16,32,2,1509.731689,2025-12-08 00:17:32
16,33,2,1107.4,2025-12-08 00:16:33,28547.0,,16,33,2,1512.076782,2025-12-08 00:17:33
16,34,2,1106.7,2025-12-08 00:16:34,27546.0,,16,34,2,1514.385254,2025-12-08 00:17:34
16,35,2,1114.9,2025-12-08 00:16:35,26545.0,,16,35,2,1516.657593,2025-12-08 00:17:35
16,36,2,1111.9,2025-12-08 00:16:36,25544.0,,16,36,2,1518.893677,2025-12-08 00:17:36
16,37,2,1112.5,2025-12-08 00:16:37,24542.0,,16,37,2,1521.094482,2025-12-08 00:17:37
16,38,2,1100.6,2025-12-08 00:16:38,23541.0,,16,38,2,1523.260742,2025-12-08 00:17:38
16,39,2,1114.7,2025-12-08 00:16:39,22540.0,,16,39,2,1525.394043,2025-12-08 00:17:39
16,40,2,1112.4,2025-12-08 00:16:40,21538.0,,16,40,2,1527.493652,2025-12-08 00:17:40
16,41,2,1118.0,2025-12-08 00:16:41,20537.0,,16,41,2,1529.561401,2025-12-08 00:17:41
16,42,2,1110.7,2025-12-08 00:16:42,19536.0,,16,42,2,1531.597778,2025-12-08 00:17:42
16,43,2,1116.8,2025-12-08 00:16:43,18535.0,,16,43,2,1533.604736,2025-12-08 00:17:43
16,44,2,1115.1,2025-12-08 00:16:44,17534.0,,16,44,2,1535.582886,2025-12-08 00:17:44
16,45,2,1126.8,2025-12-08 00:16:45,16532.0,,16,45,2,1537.533325,2025-12-08 00:17:45
16,46,2,1115.3,2025-12-08 00:16:46,15531.0,,16,46,2,1539.456421,2025-12-08 00:17:46
16,47,2,1129.1,2025-12-08 00:16:47,14529.0,,16,47,2,1541.355103,2025-12-08 00:17:47
16,48,2,1130.9,2025-12-08 00:16:48,13528.0,,16,48,2,1543.228271,2025-12-08 00:17:48
16,49,2,1132.4,2025-12-08 00:16:49,12527.0,,16,49,2,1545.077881,2025-12-08 00:17:49
16,50,2,1126.1,2025-12-08 00:16:50,11526.0,,16,50,2,1546.905151,2025-12-08 00:17:50
16,51,2,1135.8,2025-12-08 00:16:51,10525.0,,16,51,2,1548.712769,2025-12-08 00:17:51
16,52,2,1134.5,2025-12-08 00:16:52,9524.0,,16,52,2,1550.498901,2025-12-08 00:17:52
16,53,2,1137.2,2025-12-08 00:16:53,8522.0,,16,53,2,1552.265991,2025-12-08 00:17:53
16,54,2,1144.2,2025-12-08 00:16:54,7521.0,,16,54,2,1554.014771,2025-12-08 00:17:54
16,55,2,1129.8,2025-12-08 00:16:55,6520.0,,16,55,2,1555.744751,2025-12-08 00:17:55
16,56,2,1124.8,2025-12-08 00:16:56,5520.0,,16,56,2,1557.461182,2025-12-08 00:17:56
16,57,2,1142.2,2025-12-08 00:16:57,4519.0,,16,57,2,1559.161865,2025-12-08 00:17:57
16,58,2,1127.5,2025-12-08 00:16:58,3517.0,,16,58,2,1560.843018,2025-12-08 00:17:58
16,59,2,1157.5,2025-12-08 00:16:59,2516.0,,16,59,2,1562.511719,2025-12-08 00:17:59
17,0,2,1129.2,2025-12-08 00:17:00,61554.0,,17,0,2,1315.191284,2025-12-08 00:18:00
17,1,2,1128.1,2025-12-08 00:17:01,60553.0,,17,1,2,1337.711304,2025-12-08 00:18:01
17,2,2,1122.4,2025-12-08 00:17:02,59553.0,,17,2,2,1356.519897,2025-12-08 00:18:02
17,3,2,1152.2,2025-12-08 00:17:03,58552.0,,17,3,2,1372.944336,2025-12-08 00:18:03
17,4,2,1132.9,2025-12-08 00:17:04,57550.0,,17,4,2,1387.193237,2025-12-08 00:18:04
17,5,2,1122.4,2025-12-08 00:17:05,56549.0,,17,5,2,1399.491699,2025-12-08 00:18:05
17,6,2,1129.9,2025-12-08 00:17:06,55548.0,,17,6,2,1410.088623,2025-12-08 00:18:06
17,7,2,1130.8,2025-12-08 00:17:07,54546.0,,17,7,2,1419.230225,2025-12-08 00:18:07
17,8,2,1134.1,2025-12-08 00:17:08,53544.0,,17,8,2,1427.147705,2025-12-08 00:18:08
17,9,2,1139.5,2025-12-08 00:17:09,52543.0,,17,9,2,1434.046265,2025-12-08 00:18:09
17,10,2,1129.1,2025-12-08 00:17:10,51542.0,,17,10,2,1440.105713,2025-12-08 00:18:10
17,11,2,1140.5,2025-12-08 00:17:11,50541.0,,17,11,2,1445.480347,2025-12-08 00:18:11
17,12,2,1138.1,2025-12-08 00:17:12,49541.0,,17,12,2,1450.298706,2025-12-08 00:18:12
17,13,2,1121.1,2025-12-08 00:17:13,48539.0,,17,13,2,1454.669434,2025-12-08 00:18:13
17,14,2,1120.6,2025-12-08 00:17:14,47538.0,,17,14,2,1458.680786,2025-12-08 00:18:14
17,15,2,1145.9,2025-12-08 00:17:15,46536.0,,17,15,2,1462.404663,2025-12-08 00:18:15
17,16,2,1124.9,2025-12-08 00:17:16,45535.0,,17,16,2,1465.898926,2025-12-08 00:18:16
17,17,2,1143.3,2025-12-08 00:17:17,44534.0,,17,17,2,1469.210693,2025-12-08 00:18:17
17,18,2,1129.1,2025-12-08 00:17:18,43533.0,,17,18,2,1472.37561,2025-12-08 00:18:18
17,19,2,1147.8,2025-12-08 00:17:19,42532.0,,17,19,2,1475.423096,2025-12-08 00:18:19
17,20,2,1138.7,2025-12-08 00:17:20,41531.0,,17,20,2,1478.374878,2025-12-08 00:18:20
17,21,2,1129.7,2025-12-08 00:17:21,40530.0,,17,21,2,1481.247681,2025-12-08 00:18:21
17,22,2,1132.0,2025-12-08 00:17:22,39528.0,,17,22,2,1484.054565,2025-12-08 00:18:22
17,23,2,1131.8,2025-12-08 00:17:23,38527.0,,17,23,2,1486.804077,2025-12-08 00:18:23
17,24,2,1145.2,2025-12-08 00:17:24,37527.0,,17,24,2,1489.503296,2025-12-08 00:18:24
17,25,2,1129.8,2025-12-08 00:17:25,36526.0,,17,25,2,1492.156738,2025-12-08 00:18:25
17,26,2,1139.9,2025-12-08 00:17:26,35524.0,,17,26,2,1494.767822,2025-12-08 00:18:26
17,27,2,1130.3,2025-12-08 00:17:27,34523.0,,17,27,2,1497.338257,2025-12-08 00:18:27
17,28,2,1136.5,2025-12-08 00:17:28,33522.0,,17,28,2,1499.869995,2025-12-08 00:18:28
17,29,2,1127.3,2025-12-08 00:17:29,32521.0,,17,29,2,1502.363403,2025-12-08 00:18:29
17,30,2,1128.0,2025-12-08 00:17:30,31520.0,,17,30,2,1504.819336,2025-12-08 00:18:30
17,31,2,1136.2,2025-12-08 00:17:31,30519.0,,17,31,2,1507.237915,2025-12-08 00:18:31
17,32,2,1134.5,2025-12-08 00:17:32,29518.0,,17,32,2,1509.619141,2025-12-08 00:18:32
17,33,2,1124.1,2025-12-08 00:17:33,28517.0,,17,33,2,1511.963379,2025-12-08 00:18:33
17,34,2,1132.6,2025-12-08 00:17:34,27516.0,,17,34,2,1514.271606,2025-12-08 00:18:34
17,35,2,1133.5,2025-12-08 00:17:35,26515.0,,17,35,2,1516.543091,2025-12-08 00:18:35
17,36,2,1133.2,2025-12-08 00:17:36,25514.0,,17,36,2,1518.778931,2025-12-08 00:18:36
17,37,2,1132.3,2025-12-08 00:17:37,24513.0,,17,37,2,1520.979126,2025-12-08 00:18:37
17,38,2,1129.4,2025-12-08 00:17:38,23512.0,,17,38,2,1523.14502,2025-12-08 00:18:38
17,39,2,1137.6,2025-12-08 00:17:39,22511.0,,17,39,2,1525.277222,2025-12-08 00:18:39
17,40,2,1131.7,2025-12-08 00:17:40,21510.0,,17,40,2,1527.375977,2025-12-08 00:18:40
17,41,2,1132.4,2025-12-08 00:17:41,20509.0,,17,41,2,1529.443115,2025-12-08 00:18:41
17,42,2,1134.4,2025-12-08 00:17:42,19508.0,,17,42,2,1531.479248,2025-12-08 00:18:42
17,43,2,1114.3,2025-12-08 00:17:43,18507.0,,17,43,2,1533.485352,2025-12-08 00:18:43
17,44,2,1121.7,2025-12-08 00:17:44,17506.0,,17,44,2,1535.4646,2025-12-08 00:18:44
17,45,2,1128.9,2025-12-08 00:17:45,16504.0,,17,45,2,1537.415649,2025-12-08 00:18:45
17,46,2,1124.4,2025-12-08 00:17:46,15503.0,,17,46,2,1539.339233,2025-12-08 00:18:46
17,47,2,1130.5,2025-12-08 00:17:47,14502.0,,17,47,2,1541.238159,2025-12-08 00:18:47
17,48,2,1129.2,2025-12-08 00:17:48,13501.0,,17,48,2,1543.112183,2025-12-08 00:18:48
17,49,2,1134.2,2025-12-08 00:17:49,12500.0,,17,49,2,1544.963135,2025-12-08 00:18:49
17,50,2,1140.8,2025-12-08 00:17:50,11499.0,,17,50,2,1546.79126,2025-12-08 00:18:50
17,51,2,1137.4,2025-12-08 00:17:51,10497.0,,17,51,2,1548.597778,2025-12-08 00:18:51
17,52,2,1141.0,2025-12-08 00:17:52,9496.0,,17,52,2,1550.384766,2025-12-08 00:18:52
17,53,2,1139.2,2025-12-08 00:17:53,8495.0,,17,53,2,1552.151855,2025-12-08 00:18:53
17,54,2,1124.7,2025-12-08 00:17:54,7494.0,,17,54,2,1553.901367,2025-12-08 00:18:54
17,55,2,1118.9,2025-12-08 00:17:55,6493.0,,17,55,2,1555.63623,2025-12-08 00:18:55
17,56,2,1122.8,2025-12-08 00:17:56,5492.0,,17,56,2,1557.355713,2025-12-08 00:18:56
17,57,2,1136.5,2025-12-08 00:17:57,4491.0,,17,57,2,1559.058594,2025-12-08 00:18:57
17,58,2,1125.9,2025-12-08 00:17:58,3490.0,,17,58,2,1560.742676,2025-12-08 00:18:58
17,59,2,1144.1,2025-12-08 00:17:59,2489.0,,17,59,2,1562.412476,2025-12-08 00:18:59
18,0,2,1213.2,2025-12-08 00:18:00,71337.0,,18,0,2,1376.158325,2025-12-08 00:19:00
18,1,2,1206.2,2025-12-08 00:18:01,70336.0,,18,1,2,1390.442505,2025-12-08 00:19:01
18,2,2,1221.3,2025-12-08 00:18:02,69333.0,,18,2,2,1402.459473,2025-12-08 00:19:02
18,3,2,1232.1,2025-12-08 00:18:03,68331.0,,18,3,2,1413.033813,2025-12-08 00:19:03
18,4,2,1225.3,2025-12-08 00:18:04,67330.0,,18,4,2,1422.325684,2025-12-08 00:19:04
18,5,2,1213.8,2025-12-08 00:18:05,66327.0,,18,5,2,1430.484253,2025-12-08 00:19:05
18,6,2,1203.0,2025-12-08 00:18:06,65325.0,,18,6,2,1437.663208,2025-12-08 00:19:06
18,7,2,1216.0,2025-12-08 00:18:07,64323.0,,18,7,2,1444.009277,2025-12-08 00:19:07
18,8,2,1215.3,2025-12-08 00:18:08,63321.0,,18,8,2,1449.654907,2025-12-08 00:19:08
18,9,2,1217.0,2025-12-08 00:18:09,62318.0,,18,9,2,1454.717407,2025-12-08 00:19:09
18,10,2,1223.2,2025-12-08 00:18:10,61317.0,,18,10,2,1459.29834,2025-12-08 00:19:10
18,11,2,1213.4,2025-12-08 00:18:11,60316.0,,18,11,2,1463.483154,2025-12-08 00:19:11
18,12,2,1224.1,2025-12-08 00:18:12,59315.0,,18,12,2,1467.344238,2025-12-08 00:19:12
18,13,2,1229.4,2025-12-08 00:18:13,58313.0,,18,13,2,1470.94043,2025-12-08 00:19:13
18,14,2,1209.7,2025-12-08 00:18:14,57312.0,,18,14,2,1474.320679,2025-12-08 00:19:14
18,15,2,1232.1,2025-12-08 00:18:15,56311.0,,18,15,2,1477.525757,2025-12-08 00:19:15
18,16,2,1214.4,2025-12-08 00:18:16,55311.0,,18,16,2,1480.585449,2025-12-08 00:19:16
18,17,2,1222.6,2025-12-08 00:18:17,54310.0,,18,17,2,1483.5271,2025-12-08 00:19:17
18,18,2,1223.5,2025-12-08 00:18:18,53308.0,,18,18,2,1486.370117,2025-12-08 00:19:18
18,19,2,1144.7,2025-12-08 00:18:19,52307.0,,18,19,2,1489.130127,2025-12-08 00:19:19
18,20,2,1132.3,2025-12-08 00:18:20,51306.0,,18,20,2,1491.82312,2025-12-08 00:19:20
18,21,2,1139.6,2025-12-08 00:18:21,50306.0,,18,21,2,1494.455444,2025-12-08 00:19:21
18,22,2,1125.9,2025-12-08 00:18:22,49305.0,,18,22,2,1497.033813,2025-12-08 00:19:22
18,23,2,1226.5,2025-12-08 00:18:23,48304.0,,18,23,2,1499.564087,2025-12-08 00:19:23
18,24,2,1240.7,2025-12-08 00:18:24,47300.0,,18,24,2,1502.045044,2025-12-08 00:19:24
18,25,2,1218.6,2025-12-08 00:18:25,46297.0,,18,25,2,1504.483154,2025-12-08 00:19:25
18,26,2,1221.0,2025-12-08 00:18:26,45294.0,,18,26,2,1506.882446,2025-12-08 00:19:26
18,27,2,1205.8,2025-12-08 00:18:27,44290.0,,18,27,2,1509.24353,2025-12-08 00:19:27
18,28,2,1211.3,2025-12-08 00:18:28,43289.0,,18,28,2,1511.568726,2025-12-08 00:19:28
18,29,2,1216.6,2025-12-08 00:18:29,42288.0,,18,29,2,1513.857666,2025-12-08 00:19:29
18,30,2,1212.5,2025-12-08 00:18:30,41282.0,,18,30,2,1516.111084,2025-12-08 00:19:30
18,31,2,1241.8,2025-12-08 00:18:31,40281.0,,18,31,2,1518.330078,2025-12-08 00:19:31
18,32,2,1226.3,2025-12-08 00:18:32,39280.0,,18,32,2,1520.513306,2025-12-08 00:19:32
18,33,2,1228.0,2025-12-08 00:18:33,38278.0,,18,33,2,1522.664185,2025-12-08 00:19:33
18,34,2,1242.1,2025-12-08 00:18:34,37276.0,,18,34,2,1524.782227,2025-12-08 00:19:34
18,35,2,1250.8,2025-12-08 00:18:35,36275.0,,18,35,2,1526.867188,2025-12-08 00:19:35
18,36,2,1243.1,2025-12-08 00:18:36,35238.0,,18,36,2,1528.920532,2025-12-08 00:19:36
18,37,2,1199.7,2025-12-08 00:18:37,34218.0,,18,37,2,1530.943604,2025-12-08 00:19:37
18,38,2,1217.2,2025-12-08 00:18:38,33217.0,,18,38,2,1532.941895,2025-12-08 00:19:38
18,39,2,1236.6,2025-12-08 00:18:39,32189.0,,18,39,2,1534.909668,2025-12-08 00:19:39
18,40,2,1231.2,2025-12-08 00:18:40,31162.0,,18,40,2,1536.848022,2025-12-08 00:19:40
18,41,2,1218.5,2025-12-08 00:18:41,30159.0,,18,41,2,1538.759888,2025-12-08 00:19:41
18,42,2,1226.8,2025-12-08 00:18:42,29158.0,,18,42,2,1540.647461,2025-12-08 00:19:42
18,43,2,1221.4,2025-12-08 00:18:43,28157.0,,18,43,2,1542.509277,2025-12-08 00:19:43
18,44,2,1231.3,2025-12-08 00:18:44,27157.0,,18,44,2,1544.347778,2025-12-08 00:19:44
18,45,2,1230.8,2025-12-08 00:18:45,26156.0,,18,45,2,1546.162109,2025-12-08 00:19:45
18,46,2,1224.5,2025-12-08 00:18:46,25155.0,,18,46,2,1547.954712,2025-12-08 00:19:46
18,47,2,1217.8,2025-12-08 00:18:47,24155.0,,18,47,2,1549.727051,2025-12-08 00:19:47
18,48,2,1216.2,2025-12-08 00:18:48,23154.0,,18,48,2,1551.480591,2025-12-08 00:19:48
18,49,2,1219.4,2025-12-08 00:18:49,22151.0,,18,49,2,1553.21521,2025-12-08 00:19:49
18,50,2,1218.2,2025-12-08 00:18:50,21147.0,,18,50,2,1554.930908,2025-12-08 00:19:50
18,51,2,1233.7,2025-12-08 00:18:51,20147.0,,18,51,2,1556.629395,2025-12-08 00:19:51
18,52,2,1222.5,2025-12-08 00:18:52,19143.0,,18,52,2,1558.307861,2025-12-08 00:19:52
18,53,2,1218.9,2025-12-08 00:18:53,18142.0,,18,53,2,1559.972168,2025-12-08 00:19:53
18,54,2,1219.3,2025-12-08 00:18:54,17141.0,,18,54,2,1561.621704,2025-12-08 00:19:54
18,55,2,1229.3,2025-12-08 00:18:55,16140.0,,18,55,2,1563.255615,2025-12-08 00:19:55
18,56,2,1251.0,2025-12-08 00:18:56,15139.0,,18,56,2,1564.872314,2025-12-08 00:19:56
18,57,2,1294.3,2025-12-08 00:18:57,14138.0,,18,57,2,1566.468506,2025-12-08 00:19:57
18,58,2,1288.5,2025-12-08 00:18:58,13135.0,,18,58,2,1568.038574,2025-12-08 00:19:58
18,59,2,1283.5,2025-12-08 00:18:59,12134.0,,18,59,2,1569.594482,2025-12-08 00:19:59
19,0,2,1307.3,2025-12-08 00:19:00,71241.0,,19,0,2,1332.272705,2025-12-08 00:20:00
19,1,2,1321.4,2025-12-08 00:19:01,70238.0,,19,1,2,1332.296265,2025-12-08 00:20:01
19,2,2,1326.6,2025-12-08 00:19:02,69237.0,,19,2,2,1332.429077,2025-12-08 00:20:02
19,3,2,1300.3,2025-12-08 00:19:03,68235.0,,19,3,2,1332.560303,2025-12-08 00:20:03
19,4,2,1317.3,2025-12-08 00:19:04,67234.0,,19,4,2,1332.735107,2025-12-08 00:20:04
19,5,2,1313.9,2025-12-08 00:19:05,66233.0,,19,5,2,1332.914795,2025-12-08 00:20:05
19,6,2,1317.6,2025-12-08 00:19:06,65231.0,,19,6,2,1333.11853,2025-12-08 00:20:06
19,7,2,1313.1,2025-12-08 00:19:07,64228.0,,19,7,2,1333.336914,2025-12-08 00:20:07
19,8,2,1306.2,2025-12-08 00:19:08,63227.0,,19,8,2,1333.575806,2025-12-08 00:20:08
19,9,2,1308.7,2025-12-08 00:19:09,62226.0,,19,9,2,1333.834351,2025-12-08 00:20:09
19,10,2,1306.6,2025-12-08 00:19:10,61225.0,,19,10,2,1334.102173,2025-12-08 00:20:10
19,11,2,1324.0,2025-12-08 00:19:11,60224.0,,19,11,2,1334.383179,2025-12-08 00:20:11
19,12,2,1301.7,2025-12-08 00:19:12,59223.0,,19,12,2,1334.659668,2025-12-08 00:20:12
19,13,2,1267.5,2025-12-08 00:19:13,58222.0,,19,13,2,1334.968018,2025-12-08 00:20:13
19,14,2,1272.9,2025-12-08 00:19:14,57221.0,,19,14,2,1335.314209,2025-12-08 00:20:14
19,15,2,1292.0,2025-12-08 00:19:15,56220.0,,19,15,2,1335.659424,2025-12-08 00:20:15
19,16,2,1310.2,2025-12-08 00:19:16,55220.0,,19,16,2,1335.99353,2025-12-08 00:20:16
19,17,2,1315.2,2025-12-08 00:19:17,54219.0,,19,17,2,1336.320068,2025-12-08 00:20:17
19,18,2,1311.3,2025-12-08 00:19:18,53218.0,,19,18,2,1336.65332,2025-12-08 00:20:18
19,19,2,1299.1,2025-12-08 00:19:19,52217.0,,19,19,2,1337.000732,2025-12-08 00:20:19
19,20,2,1314.5,2025-12-08 00:19:20,51217.0,,19,20,2,1337.368408,2025-12-08 00:20:20
19,21,2,1307.7,2025-12-08 00:19:21,50216.0,,19,21,2,1337.729126,2025-12-08 00:20:21
19,22,2,1310.9,2025-12-08 00:19:22,49215.0,,19,22,2,1338.10498,2025-12-08 00:20:22
19,23,2,1319.0,2025-12-08 00:19:23,48214.0,,19,23,2,1338.484253,2025-12-08 00:20:23
19,24,2,1292.5,2025-12-08 00:19:24,47213.0,,19,24,2,1338.862183,2025-12-08 00:20:24
19,25,2,1285.9,2025-12-08 00:19:25,46212.0,,19,25,2,1339.270264,2025-12-08 00:20:25
19,26,2,1283.0,2025-12-08 00:19:26,45211.0,,19,26,2,1339.685059,2025-12-08 00:20:26
19,27,2,1287.5,2025-12-08 00:19:27,44210.0,,19,27,2,1340.102051,2025-12-08 00:20:27
19,28,2,1273.5,2025-12-08 00:19:28,43208.0,,19,28,2,1340.51355,2025-12-08 00:20:28
19,29,2,1302.4,2025-12-08 00:19:29,42208.0,,19,29,2,1340.936768,2025-12-08 00:20:29
19,30,2,1283.6,2025-12-08 00:19:30,41207.0,,19,30,2,1341.329346,2025-12-08 00:20:30
19,31,2,1288.4,2025-12-08 00:19:31,40206.0,,19,31,2,1341.740356,2025-12-08 00:20:31
19,32,2,1319.6,2025-12-08 00:19:32,39205.0,,19,32,2,1342.143921,2025-12-08 00:20:32
19,33,2,1310.7,2025-12-08 00:19:33,38203.0,,19,33,2,1342.515259,2025-12-08 00:20:33
19,34,2,1308.5,2025-12-08 00:19:34,37202.0,,19,34,2,1342.897461,2025-12-08 00:20:34
19,35,2,1308.2,2025-12-08 00:19:35,36201.0,,19,35,2,1343.28186,2025-12-08 00:20:35
19,36,2,1324.2,2025-12-08 00:19:36,35200.0,,19,36,2,1343.665649,2025-12-08 00:20:36
19,37,2,1321.7,2025-12-08 00:19:37,34199.0,,19,37,2,1344.032471,2025-12-08 00:20:37
19,38,2,1315.2,2025-12-08 00:19:38,33198.0,,19,38,2,1344.40271,2025-12-08 00:20:38
19,39,2,1316.8,2025-12-08 00:19:39,32197.0,,19,39,2,1344.779297,2025-12-08 00:20:39
19,40,2,1315.2,2025-12-08 00:19:40,31196.0,,19,40,2,1345.152466,2025-12-08 00:20:40
19,41,2,1333.1,2025-12-08 00:19:41,30196.0,,19,41,2,1345.525146,2025-12-08 00:20:41
19,42,2,1319.8,2025-12-08 00:19:42,29195.0,,19,42,2,1345.877319,2025-12-08 00:20:42
19,43,2,1317.5,2025-12-08 00:19:43,28194.0,,19,43,2,1346.243164,2025-12-08 00:20:43
19,44,2,1312.0,2025-12-08 00:19:44,27193.0,,19,44,2,1346.608643,2025-12-08 00:20:44
19,45,2,1312.5,2025-12-08 00:19:45,26192.0,,19,45,2,1346.976562,2025-12-08 00:20:45
19,46,2,1307.9,2025-12-08 00:19:46,25191.0,,19,46,2,1347.34021,2025-12-08 00:20:46
19,47,2,1306.5,2025-12-08 00:19:47,24190.0,,19,47,2,1347.705688,2025-12-08 00:20:47
19,48,2,1347.4,2025-12-08 00:19:48,23188.0,,19,48,2,1348.069092,2025-12-08 00:20:48
19,49,2,1354.8,2025-12-08 00:19:49,22186.0,,19,49,2,1348.388062,2025-12-08 00:20:49
19,50,2,1358.8,2025-12-08 00:19:50,21185.0,,19,50,2,1348.705322,2025-12-08 00:20:50
19,51,2,1350.8,2025-12-08 00:19:51,20184.0,,19,51,2,1349.025269,2025-12-08 00:20:51
19,52,2,1365.1,2025-12-08 00:19:52,19183.0,,19,52,2,1349.360962,2025-12-08 00:20:52
19,53,2,1352.6,2025-12-08 00:19:53,18182.0,,19,53,2,1349.687744,2025-12-08 00:20:53
19,54,2,1355.3,2025-12-08 00:19:54,17181.0,,19,54,2,1350.035156,2025-12-08 00:20:54
19,55,2,1350.8,2025-12-08 00:19:55,16180.0,,19,55,2,1350.385132,2025-12-08 00:20:55
19,56,2,1356.6,2025-12-08 00:19:56,15179.0,,19,56,2,1350.745605,2025-12-08 00:20:56
19,57,2,1314.2,2025-12-08 00:19:57,14175.0,,19,57,2,1351.104614,2025-12-08 00:20:57
19,58,2,1306.0,2025-12-08 00:19:58,13174.0,,19,58,2,1351.510864,2025-12-08 00:20:58
19,59,2,1315.5,2025-12-08 00:19:59,12173.0,,19,59,2,1351.922607,2025-12-08 00:20:59
20,0,2,622.4,2025-12-08 00:20:00,73843.0,,20,0,2,997.67334,2025-12-08 00:21:00
20,1,2,632.2,2025-12-08 00:20:01,72842.0,,20,1,2,999.787781,2025-12-08 00:21:01
20,2,2,616.9,2025-12-08 00:20:02,71840.0,,20,2,2,1005.002319,2025-12-08 00:21:02
20,3,2,618.4,2025-12-08 00:20:03,70840.0,,20,3,2,1012.059937,2025-12-08 00:21:03
20,4,2,616.3,2025-12-08 00:20:04,69838.0,,20,4,2,1020.38501,2025-12-08 00:21:04
20,5,2,618.8,2025-12-08 00:20:05,68837.0,,20,5,2,1029.425903,2025-12-08 00:21:05
20,6,2,625.0,2025-12-08 00:20:06,67836.0,,20,6,2,1038.758789,2025-12-08 00:21:06
20,7,2,624.3,2025-12-08 00:20:07,66835.0,,20,7,2,1048.084351,2025-12-08 00:21:07
20,8,2,612.3,2025-12-08 00:20:08,65834.0,,20,8,2,1057.206299,2025-12-08 00:21:08
20,9,2,624.3,2025-12-08 00:20:09,64833.0,,20,9,2,1066.005249,2025-12-08 00:21:09
20,10,2,626.8,2025-12-08 00:20:10,63832.0,,20,10,2,1074.414429,2025-12-08 00:21:10
20,11,2,614.0,2025-12-08 00:20:11,62830.0,,20,11,2,1082.401855,2025-12-08 00:21:11
20,12,2,621.3,2025-12-08 00:20:12,61829.0,,20,12,2,1089.957642,2025-12-08 00:21:12
20,13,2,620.4,2025-12-08 00:20:13,60828.0,,20,13,2,1097.084351,2025-12-08 00:21:13
20,14,2,613.9,2025-12-08 00:20:14,59827.0,,20,14,2,1103.793091,2025-12-08 00:21:14
20,15,2,623.7,2025-12-08 00:20:15,58826.0,,20,15,2,1110.098755,2025-12-08 00:21:15
20,16,2,621.9,2025-12-08 00:20:16,57825.0,,20,16,2,1116.018799,2025-12-08 00:21:16
20,17,2,613.9,2025-12-08 00:20:17,56824.0,,20,17,2,1121.57251,2025-12-08 00:21:17
20,18,2,620.4,2025-12-08 00:20:18,55822.0,,20,18,2,1126.779053,2025-12-08 00:21:18
20,19,2,620.0,2025-12-08 00:20:19,54822.0,,20,19,2,1131.658936,2025-12-08 00:21:19
20,20,2,617.3,2025-12-08 00:20:20,53821.0,,20,20,2,1136.231567,2025-12-08 00:21:20
20,21,2,621.3,2025-12-08 00:20:21,52819.0,,20,21,2,1140.51709,2025-12-08 00:21:21
20,22,2,624.0,2025-12-08 00:20:22,51818.0,,20,22,2,1144.535156,2025-12-08 00:21:22
20,23,2,633.3,2025-12-08 00:20:23,50817.0,,20,23,2,1148.304688,2025-12-08 00:21:23
20,24,2,608.7,2025-12-08 00:20:24,49817.0,,20,24,2,1151.843872,2025-12-08 00:21:24
20,25,2,621.1,2025-12-08 00:20:25,48816.0,,20,25,2,1155.17041,2025-12-08 00:21:25
20,26,2,629.2,2025-12-08 00:20:26,47815.0,,20,26,2,1158.301147,2025-12-08 00:21:26
20,27,2,646.2,2025-12-08 00:20:27,46808.0,,20,27,2,1161.251709,2025-12-08 00:21:27
20,28,2,623.6,2025-12-08 00:20:28,45805.0,,20,28,2,1164.037231,2025-12-08 00:21:28
20,29,2,620.6,2025-12-08 00:20:29,44804.0,,20,29,2,1166.671021,2025-12-08 00:21:29
20,30,2,602.9,2025-12-08 00:20:30,43802.0,,20,30,2,1169.166138,2025-12-08 00:21:30
20,31,2,609.8,2025-12-08 00:20:31,42801.0,,20,31,2,1171.533813,2025-12-08 00:21:31
20,32,2,622.5,2025-12-08 00:20:32,41800.0,,20,32,2,1173.785522,2025-12-08 00:21:32
20,33,2,735.1,2025-12-08 00:20:33,40796.0,,20,33,2,1175.931396,2025-12-08 00:21:33
20,34,2,715.4,2025-12-08 00:20:34,39795.0,,20,34,2,1177.982056,2025-12-08 00:21:34
20,35,2,717.4,2025-12-08 00:20:35,38794.0,,20,35,2,1179.943359,2025-12-08 00:21:35
20,36,2,699.5,2025-12-08 00:20:36,37793.0,,20,36,2,1181.823486,2025-12-08 00:21:36
20,37,2,625.5,2025-12-08 00:20:37,36789.0,,20,37,2,1183.62854,2025-12-08 00:21:37
20,38,2,713.9,2025-12-08 00:20:38,35788.0,,20,38,2,1185.363403,2025-12-08 00:21:38
20,39,2,745.7,2025-12-08 00:20:39,34787.0,,20,39,2,1187.037476,2025-12-08 00:21:39
20,40,2,714.1,2025-12-08 00:20:40,33786.0,,20,40,2,1188.654663,2025-12-08 00:21:40
20,41,2,705.6,2025-12-08 00:20:41,32785.0,,20,41,2,1190.217529,2025-12-08 00:21:41
20,42,2,652.2,2025-12-08 00:20:42,31784.0,,20,42,2,1191.730957,2025-12-08 00:21:42
20,43,2,649.1,2025-12-08 00:20:43,30782.0,,20,43,2,1193.198242,2025-12-08 00:21:43
20,44,2,708.3,2025-12-08 00:20:44,29781.0,,20,44,2,1194.623291,2025-12-08 00:21:44
20,45,2,708.9,2025-12-08 00:20:45,28780.0,,20,45,2,1196.010986,2025-12-08 00:21:45
20,46,2,711.2,2025-12-08 00:20:46,27778.0,,20,46,2,1197.362549,2025-12-08 00:21:46
20,47,2,716.6,2025-12-08 00:20:47,26777.0,,20,47,2,1198.680664,2025-12-08 00:21:47
20,48,2,699.1,2025-12-08 00:20:48,25776.0,,20,48,2,1199.967773,2025-12-08 00:21:48
20,49,2,708.9,2025-12-08 00:20:49,24775.0,,20,49,2,1201.225342,2025-12-08 00:21:49
20,50,2,716.1,2025-12-08 00:20:50,23774.0,,20,50,2,1202.455811,2025-12-08 00:21:50
20,51,2,706.0,2025-12-08 00:20:51,22773.0,,20,51,2,1203.660889,2025-12-08 00:21:51
20,52,2,648.1,2025-12-08 00:20:52,21772.0,,20,52,2,1204.841797,2025-12-08 00:21:52
20,53,2,651.3,2025-12-08 00:20:53,20771.0,,20,53,2,1206.000244,2025-12-08 00:21:53
20,54,2,652.8,2025-12-08 00:20:54,19769.0,,20,54,2,1207.137207,2025-12-08 00:21:54
20,55,2,666.6,2025-12-08 00:20:55,18768.0,,20,55,2,1208.253906,2025-12-08 00:21:55
20,56,2,663.4,2025-12-08 00:20:56,17767.0,,20,56,2,1209.35083,2025-12-08 00:21:56
20,57,2,646.4,2025-12-08 00:20:57,16766.0,,20,57,2,1210.428833,2025-12-08 00:21:57
20,58,2,654.6,2025-12-08 00:20:58,15763.0,,20,58,2,1211.489502,2025-12-08 00:21:58
20,59,2,639.3,2025-12-08 00:20:59,14762.0,,20,59,2,1212.53186,2025-12-08 00:21:59
21,0,2,1089.5,2025-12-08 00:21:00,71250.0,,21,0,2,1168.265991,2025-12-08 00:22:00
21,1,2,1090.2,2025-12-08 00:21:01,70237.0,,21,1,2,1169.495483,2025-12-08 00:22:01
21,2,2,1097.0,2025-12-08 00:21:02,69236.0,,21,2,2,1171.054199,2025-12-08 00:22:02
21,3,2,1084.8,2025-12-08 00:21:03,68235.0,,21,3,2,1172.755615,2025-12-08 00:22:03
21,4,2,1087.8,2025-12-08 00:21:04,67233.0,,21,4,2,1174.557129,2025-12-08 00:22:04
21,5,2,900.9,2025-12-08 00:21:05,66232.0,,21,5,2,1176.413574,2025-12-08 00:22:05
21,6,2,1047.3,2025-12-08 00:21:06,65231.0,,21,6,2,1178.296143,2025-12-08 00:22:06
21,7,2,901.6,2025-12-08 00:21:07,64229.0,,21,7,2,1180.168823,2025-12-08 00:22:07
21,8,2,888.1,2025-12-08 00:21:08,63226.0,,21,8,2,1182.024658,2025-12-08 00:22:08
21,9,2,958.1,2025-12-08 00:21:09,62225.0,,21,9,2,1183.847412,2025-12-08 00:22:09
21,10,2,897.4,2025-12-08 00:21:10,61224.0,,21,10,2,1185.626221,2025-12-08 00:22:10
21,11,2,953.0,2025-12-08 00:21:11,60223.0,,21,11,2,1187.363159,2025-12-08 00:22:11
21,12,2,962.2,2025-12-08 00:21:12,59222.0,,21,12,2,1189.050049,2025-12-08 00:22:12
21,13,2,990.0,2025-12-08 00:21:13,58222.0,,21,13,2,1190.688477,2025-12-08 00:22:13
21,14,2,1017.4,2025-12-08 00:21:14,57221.0,,21,14,2,1192.277588,2025-12-08 00:22:14
21,15,2,1028.8,2025-12-08 00:21:15,56220.0,,21,15,2,1193.817627,2025-12-08 00:22:15
21,16,2,1045.3,2025-12-08 00:21:16,55218.0,,21,16,2,1195.310669,2025-12-08 00:22:16
21,17,2,1069.0,2025-12-08 00:21:17,54217.0,,21,17,2,1196.758179,2025-12-08 00:22:17
21,18,2,1066.5,2025-12-08 00:21:18,53216.0,,21,18,2,1198.1604,2025-12-08 00:22:18
21,19,2,1106.0,2025-12-08 00:21:19,52214.0,,21,19,2,1199.521729,2025-12-08 00:22:19
21,20,2,1101.7,2025-12-08 00:21:20,51213.0,,21,20,2,1200.84021,2025-12-08 00:22:20
21,21,2,1110.3,2025-12-08 00:21:21,50213.0,,21,21,2,1202.12146,2025-12-08 00:22:21
21,22,2,1112.5,2025-12-08 00:21:22,49212.0,,21,22,2,1203.366089,2025-12-08 00:22:22
21,23,2,1103.2,2025-12-08 00:21:23,48211.0,,21,23,2,1204.576782,2025-12-08 00:22:23
21,24,2,1115.5,2025-12-08 00:21:24,47209.0,,21,24,2,1205.755981,2025-12-08 00:22:24
21,25,2,1110.9,2025-12-08 00:21:25,46208.0,,21,25,2,1206.903198,2025-12-08 00:22:25
21,26,2,1105.2,2025-12-08 00:21:26,45208.0,,21,26,2,1208.022339,2025-12-08 00:22:26
21,27,2,1120.0,2025-12-08 00:21:27,44206.0,,21,27,2,1209.114502,2025-12-08 00:22:27
21,28,2,1114.0,2025-12-08 00:21:28,43205.0,,21,28,2,1210.179443,2025-12-08 00:22:28
21,29,2,1113.1,2025-12-08 00:21:29,42205.0,,21,29,2,1211.220703,2025-12-08 00:22:29
21,30,2,1110.2,2025-12-08 00:21:30,41204.0,,21,30,2,1212.239136,2025-12-08 00:22:30
21,31,2,1100.8,2025-12-08 00:21:31,40203.0,,21,31,2,1213.235962,2025-12-08 00:22:31
21,32,2,1109.3,2025-12-08 00:21:32,39202.0,,21,32,2,1214.213257,2025-12-08 00:22:32
21,33,2,1112.4,2025-12-08 00:21:33,38201.0,,21,33,2,1215.1698,2025-12-08 00:22:33
21,34,2,1106.9,2025-12-08 00:21:34,37199.0,,21,34,2,1216.10791,2025-12-08 00:22:34
21,35,2,1112.8,2025-12-08 00:21:35,36198.0,,21,35,2,1217.028931,2025-12-08 00:22:35
21,36,2,1139.3,2025-12-08 00:21:36,35197.0,,21,36,2,1217.932373,2025-12-08 00:22:36
21,37,2,1114.4,2025-12-08 00:21:37,34196.0,,21,37,2,1218.817261,2025-12-08 00:22:37
21,38,2,1105.8,2025-12-08 00:21:38,33195.0,,21,38,2,1219.690308,2025-12-08 00:22:38
21,39,2,1100.6,2025-12-08 00:21:39,32194.0,,21,39,2,1220.549927,2025-12-08 00:22:39
21,40,2,1112.9,2025-12-08 00:21:40,31193.0,,21,40,2,1221.395874,2025-12-08 00:22:40
21,41,2,1109.1,2025-12-08 00:21:41,30191.0,,21,41,2,1222.226929,2025-12-08 00:22:41
21,42,2,1118.1,2025-12-08 00:21:42,29178.0,,21,42,2,1223.04541,2025-12-08 00:22:42
21,43,2,1115.5,2025-12-08 00:21:43,28176.0,,21,43,2,1223.850464,2025-12-08 00:22:43
21,44,2,1111.6,2025-12-08 00:21:44,27175.0,,21,44,2,1224.643433,2025-12-08 00:22:44
21,45,2,1124.1,2025-12-08 00:21:45,26173.0,,21,45,2,1225.425903,2025-12-08 00:22:45
21,46,2,1140.8,2025-12-08 00:21:46,25170.0,,21,46,2,1226.19519,2025-12-08 00:22:46
21,47,2,1136.4,2025-12-08 00:21:47,24167.0,,21,47,2,1226.950806,2025-12-08 00:22:47
21,48,2,1135.2,2025-12-08 00:21:48,23164.0,,21,48,2,1227.697388,2025-12-08 00:22:48
21,49,2,1119.5,2025-12-08 00:21:49,22163.0,,21,49,2,1228.433838,2025-12-08 00:22:49
21,50,2,1126.6,2025-12-08 00:21:50,21162.0,,21,50,2,1229.163696,2025-12-08 00:22:50
21,51,2,1134.3,2025-12-08 00:21:51,20159.0,,21,51,2,1229.881958,2025-12-08 00:22:51
21,52,2,1135.2,2025-12-08 00:21:52,19157.0,,21,52,2,1230.588989,2025-12-08 00:22:52
21,53,2,1133.0,2025-12-08 00:21:53,18116.0,,21,53,2,1231.286377,2025-12-08 00:22:53
21,54,2,1144.3,2025-12-08 00:21:54,16733.0,,21,54,2,1231.974976,2025-12-08 00:22:54
21,55,2,1119.4,2025-12-08 00:21:55,15728.0,,21,55,2,1232.651611,2025-12-08 00:22:55
21,56,2,1132.9,2025-12-08 00:21:56,14722.0,,21,56,2,1233.325073,2025-12-08 00:22:56
21,57,2,1133.2,2025-12-08 00:21:57,13721.0,,21,57,2,1233.985474,2025-12-08 00:22:57
21,58,2,1148.0,2025-12-08 00:21:58,12718.0,,21,58,2,1234.637207,2025-12-08 00:22:58
21,59,2,1135.9,2025-12-08 00:21:59,11710.0,,21,59,2,1235.276001,2025-12-08 00:22:59
22,0,2,1141.7,2025-12-08 00:22:00,70404.0,,22,0,2,1170.938599,2025-12-08 00:23:00
22,1,2,1135.7,2025-12-08 00:22:01,69403.0,,22,1,2,1171.723755,2025-12-08 00:23:01
22,2,2,1136.0,2025-12-08 00:22:02,68402.0,,22,2,2,1172.94043,2025-12-08 00:23:02
22,3,2,1139.1,2025-12-08 00:22:03,67400.0,,22,3,2,1174.385986,2025-12-08 00:23:03
22,4,2,1139.2,2025-12-08 00:22:04,66400.0,,22,4,2,1175.996216,2025-12-08 00:23:04
22,5,2,1137.5,2025-12-08 00:22:05,65399.0,,22,5,2,1177.710327,2025-12-08 00:23:05
22,6,2,1130.0,2025-12-08 00:22:06,64397.0,,22,6,2,1179.47998,2025-12-08 00:23:06
22,7,2,1126.1,2025-12-08 00:22:07,63395.0,,22,7,2,1181.270874,2025-12-08 00:23:07
22,8,2,1121.9,2025-12-08 00:22:08,62391.0,,22,8,2,1183.058105,2025-12-08 00:23:08
22,9,2,1132.7,2025-12-08 00:22:09,61390.0,,22,9,2,1184.825806,2025-12-08 00:23:09
22,10,2,1145.2,2025-12-08 00:22:10,60377.0,,22,10,2,1186.561523,2025-12-08 00:23:10
22,11,2,1144.5,2025-12-08 00:22:11,59375.0,,22,11,2,1188.259155,2025-12-08 00:23:11
22,12,2,1128.1,2025-12-08 00:22:12,58373.0,,22,12,2,1189.915894,2025-12-08 00:23:12
22,13,2,1120.6,2025-12-08 00:22:13,57373.0,,22,13,2,1191.530762,2025-12-08 00:23:13
22,14,2,1122.8,2025-12-08 00:22:14,56361.0,,22,14,2,1193.10144,2025-12-08 00:23:14
22,15,2,1131.8,2025-12-08 00:22:15,55360.0,,22,15,2,1194.626709,2025-12-08 00:23:15
22,16,2,1130.4,2025-12-08 00:22:16,54359.0,,22,16,2,1196.106323,2025-12-08 00:23:16
22,17,2,1138.0,2025-12-08 00:22:17,53358.0,,22,17,2,1197.541992,2025-12-08 00:23:17
22,18,2,1132.9,2025-12-08 00:22:18,52345.0,,22,18,2,1198.934326,2025-12-08 00:23:18
22,19,2,1142.6,2025-12-08 00:22:19,51342.0,,22,19,2,1200.2854,2025-12-08 00:23:19
22,20,2,1142.4,2025-12-08 00:22:20,50339.0,,22,20,2,1201.594971,2025-12-08 00:23:20
22,21,2,1133.2,2025-12-08 00:22:21,49338.0,,22,21,2,1202.866699,2025-12-08 00:23:21
22,22,2,1137.5,2025-12-08 00:22:22,48337.0,,22,22,2,1204.102295,2025-12-08 00:23:22
22,23,2,1141.9,2025-12-08 00:22:23,47336.0,,22,23,2,1205.302368,2025-12-08 00:23:23
22,24,2,1123.0,2025-12-08 00:22:24,46334.0,,22,24,2,1206.468628,2025-12-08 00:23:24
22,25,2,1138.2,2025-12-08 00:22:25,45333.0,,22,25,2,1207.605469,2025-12-08 00:23:25
22,26,2,1143.6,2025-12-08 00:22:26,44333.0,,22,26,2,1208.710693,2025-12-08 00:23:26
22,27,2,1128.0,2025-12-08 00:22:27,43332.0,,22,27,2,1209.786987,2025-12-08 00:23:27
22,28,2,1140.6,2025-12-08 00:22:28,42331.0,,22,28,2,1210.838867,2025-12-08 00:23:28
22,29,2,1144.7,2025-12-08 00:22:29,41330.0,,22,29,2,1211.863892,2025-12-08 00:23:29
22,30,2,1139.3,2025-12-08 00:22:30,40329.0,,22,30,2,1212.865356,2025-12-08 00:23:30
22,31,2,1128.5,2025-12-08 00:22:31,39328.0,,22,31,2,1213.845337,2025-12-08 00:23:31
22,32,2,1135.6,2025-12-08 00:22:32,38327.0,,22,32,2,1214.805664,2025-12-08 00:23:32
22,33,2,1139.8,2025-12-08 00:22:33,37326.0,,22,33,2,1215.745483,2025-12-08 00:23:33
22,34,2,1126.8,2025-12-08 00:22:34,36325.0,,22,34,2,1216.66626,2025-12-08 00:23:34
22,35,2,1122.2,2025-12-08 00:22:35,35324.0,,22,35,2,1217.571411,2025-12-08 00:23:35
22,36,2,1146.1,2025-12-08 00:22:36,34322.0,,22,36,2,1218.459961,2025-12-08 00:23:36
22,37,2,1139.1,2025-12-08 00:22:37,33321.0,,22,37,2,1219.329834,2025-12-08 00:23:37
22,38,2,1136.6,2025-12-08 00:22:38,32320.0,,22,38,2,1220.186035,2025-12-08 00:23:38
22,39,2,1139.3,2025-12-08 00:22:39,31319.0,,22,39,2,1221.028687,2025-12-08 00:23:39
22,40,2,1136.2,2025-12-08 00:22:40,30318.0,,22,40,2,1221.857788,2025-12-08 00:23:40
22,41,2,1157.3,2025-12-08 00:22:41,29317.0,,22,41,2,1222.674438,2025-12-08 00:23:41
22,42,2,1125.5,2025-12-08 00:22:42,28317.0,,22,42,2,1223.476074,2025-12-08 00:23:42
22,43,2,1127.4,2025-12-08 00:22:43,27315.0,,22,43,2,1224.271118,2025-12-08 00:23:43
22,44,2,1131.7,2025-12-08 00:22:44,26315.0,,22,44,2,1225.054321,2025-12-08 00:23:44
22,45,2,1130.3,2025-12-08 00:22:45,25314.0,,22,45,2,1225.825928,2025-12-08 00:23:45
22,46,2,1141.3,2025-12-08 00:22:46,24313.0,,22,46,2,1226.587402,2025-12-08 00:23:46
22,47,2,1141.3,2025-12-08 00:22:47,23312.0,,22,47,2,1227.33667,2025-12-08 00:23:47
22,48,2,1142.6,2025-12-08 00:22:48,22311.0,,22,48,2,1228.076294,2025-12-08 00:23:48
22,49,2,1140.9,2025-12-08 00:22:49,21310.0,,22,49,2,1228.806274,2025-12-08 00:23:49
22,50,2,1135.5,2025-12-08 00:22:50,20308.0,,22,50,2,1229.527344,2025-12-08 00:23:50
22,51,2,1125.0,2025-12-08 00:22:51,19308.0,,22,51,2,1230.23999,2025-12-08 00:23:51
22,52,2,1128.8,2025-12-08 00:22:52,18307.0,,22,52,2,1230.945557,2025-12-08 00:23:52
22,53,2,1130.5,2025-12-08 00:22:53,17306.0,,22,53,2,1231.640625,2025-12-08 00:23:53
22,54,2,1134.1,2025-12-08 00:22:54,16305.0,,22,54,2,1232.32605,2025-12-08 00:23:54
22,55,2,1118.3,2025-12-08 00:22:55,15304.0,,22,55,2,1233.001465,2025-12-08 00:23:55
22,56,2,1121.1,2025-12-08 00:22:56,14303.0,,22,56,2,1233.671143,2025-12-08 00:23:56
22,57,2,1132.7,2025-12-08 00:22:57,13302.0,,22,57,2,1234.330566,2025-12-08 00:23:57
22,58,2,1128.5,2025-12-08 00:22:58,12301.0,,22,58,2,1234.978027,2025-12-08 00:23:58
22,59,2,1140.9,2025-12-08 00:22:59,11300.0,,22,59,2,1235.617554,2025-12-08 00:23:59
23,0,2,1208.2,2025-12-08 00:23:00,70335.0,,23,0,2,1239.650024,2025-12-08 00:24:00
23,1,2,1232.9,2025-12-08 00:23:01,69334.0,,23,1,2,1241.41272,2025-12-08 00:24:01
23,2,2,1209.7,2025-12-08 00:23:02,68333.0,,23,2,2,1242.685547,2025-12-08 00:24:02
23,3,2,1214.3,2025-12-08 00:23:03,67331.0,,23,3,2,1243.764771,2025-12-08 00:24:03
23,4,2,1230.9,2025-12-08 00:23:04,66331.0,,23,4,2,1244.666992,2025-12-08 00:24:04
23,5,2,1228.1,2025-12-08 00:23:05,65330.0,,23,5,2,1245.430054,2025-12-08 00:24:05
23,6,2,1212.3,2025-12-08 00:23:06,64329.0,,23,6,2,1246.097656,2025-12-08 00:24:06
23,7,2,1216.1,2025-12-08 00:23:07,63328.0,,23,7,2,1246.701294,2025-12-08 00:24:07
23,8,2,1219.8,2025-12-08 00:23:08,62326.0,,23,8,2,1247.255127,2025-12-08 00:24:08
23,9,2,1220.2,2025-12-08 00:23:09,61325.0,,23,9,2,1247.774414,2025-12-08 00:24:09
23,10,2,1213.1,2025-12-08 00:23:10,60324.0,,23,10,2,1248.269775,2025-12-08 00:24:10
23,11,2,1221.3,2025-12-08 00:23:11,59323.0,,23,11,2,1248.75061,2025-12-08 00:24:11
23,12,2,1221.2,2025-12-08 00:23:12,58322.0,,23,12,2,1249.216675,2025-12-08 00:24:12
23,13,2,1203.7,2025-12-08 00:23:13,57320.0,,23,13,2,1249.673462,2025-12-08 00:24:13
23,14,2,1203.7,2025-12-08 00:23:14,56318.0,,23,14,2,1250.129028,2025-12-08 00:24:14
23,15,2,1212.9,2025-12-08 00:23:15,55316.0,,23,15,2,1250.578247,2025-12-08 00:24:15
23,16,2,1232.5,2025-12-08 00:23:16,54315.0,,23,16,2,1251.019531,2025-12-08 00:24:16
23,17,2,1225.1,2025-12-08 00:23:17,53312.0,,23,17,2,1251.450684,2025-12-08 00:24:17
23,18,2,1200.3,2025-12-08 00:23:18,52311.0,,23,18,2,1251.882202,2025-12-08 00:24:18
23,19,2,1131.9,2025-12-08 00:23:19,51310.0,,23,19,2,1252.319214,2025-12-08 00:24:19
23,20,2,1137.1,2025-12-08 00:23:20,50309.0,,23,20,2,1252.775757,2025-12-08 00:24:20
23,21,2,1129.8,2025-12-08 00:23:21,49304.0,,23,21,2,1253.223389,2025-12-08 00:24:21
23,22,2,1132.5,2025-12-08 00:23:22,48303.0,,23,22,2,1253.667847,2025-12-08 00:24:22
23,23,2,1214.2,2025-12-08 00:23:23,47301.0,,23,23,2,1254.105103,2025-12-08 00:24:23
23,24,2,1222.7,2025-12-08 00:23:24,46301.0,,23,24,2,1254.505737,2025-12-08 00:24:24
23,25,2,1232.2,2025-12-08 00:23:25,45299.0,,23,25,2,1254.90332,2025-12-08 00:24:25
23,26,2,1212.0,2025-12-08 00:23:26,44298.0,,23,26,2,1255.297485,2025-12-08 00:24:26
23,27,2,1217.2,2025-12-08 00:23:27,43298.0,,23,27,2,1255.700317,2025-12-08 00:24:27
23,28,2,1223.0,2025-12-08 00:23:28,42296.0,,23,28,2,1256.099976,2025-12-08 00:24:28
23,29,2,1218.2,2025-12-08 00:23:29,41295.0,,23,29,2,1256.496582,2025-12-08 00:24:29
23,30,2,1226.4,2025-12-08 00:23:30,40294.0,,23,30,2,1256.894653,2025-12-08 00:24:30
23,31,2,1227.4,2025-12-08 00:23:31,39293.0,,23,31,2,1257.288208,2025-12-08 00:24:31
23,32,2,1212.0,2025-12-08 00:23:32,38292.0,,23,32,2,1257.68103,2025-12-08 00:24:32
23,33,2,1233.4,2025-12-08 00:23:33,37280.0,,23,33,2,1258.079224,2025-12-08 00:24:33
23,34,2,1230.1,2025-12-08 00:23:34,36279.0,,23,34,2,1258.466675,2025-12-08 00:24:34
23,35,2,1234.8,2025-12-08 00:23:35,35278.0,,23,35,2,1258.855347,2025-12-08 00:24:35
23,36,2,1215.4,2025-12-08 00:23:36,34277.0,,23,36,2,1259.241089,2025-12-08 00:24:36
23,37,2,1210.9,2025-12-08 00:23:37,33276.0,,23,37,2,1259.634521,2025-12-08 00:24:37
23,38,2,1224.2,2025-12-08 00:23:38,32275.0,,23,38,2,1260.027344,2025-12-08 00:24:38
23,39,2,1227.6,2025-12-08 00:23:39,31274.0,,23,39,2,1260.411987,2025-12-08 00:24:39
23,40,2,1232.2,2025-12-08 00:23:40,30273.0,,23,40,2,1260.793335,2025-12-08 00:24:40
23,41,2,1227.2,2025-12-08 00:23:41,29272.0,,23,41,2,1261.171631,2025-12-08 00:24:41
23,42,2,1234.3,2025-12-08 00:23:42,28271.0,,23,42,2,1261.550781,2025-12-08 00:24:42
23,43,2,1230.3,2025-12-08 00:23:43,27270.0,,23,43,2,1261.924805,2025-12-08 00:24:43
23,44,2,1220.6,2025-12-08 00:23:44,26269.0,,23,44,2,1262.298828,2025-12-08 00:24:44
23,45,2,1229.8,2025-12-08 00:23:45,25268.0,,23,45,2,1262.675049,2025-12-08 00:24:45
23,46,2,1213.0,2025-12-08 00:23:46,24267.0,,23,46,2,1263.043823,2025-12-08 00:24:46
23,47,2,1221.8,2025-12-08 00:23:47,23265.0,,23,47,2,1263.417725,2025-12-08 00:24:47
23,48,2,1217.3,2025-12-08 00:23:48,22264.0,,23,48,2,1263.782959,2025-12-08 00:24:48
23,49,2,1219.8,2025-12-08 00:23:49,21262.0,,23,49,2,1264.146729,2025-12-08 00:24:49
23,50,2,1222.8,2025-12-08 00:23:50,20255.0,,23,50,2,1264.505005,2025-12-08 00:24:50
23,51,2,1220.8,2025-12-08 00:23:51,19254.0,,23,51,2,1264.857544,2025-12-08 00:24:51
23,52,2,1210.1,2025-12-08 00:23:52,18253.0,,23,52,2,1265.207397,2025-12-08 00:24:52
23,53,2,1230.9,2025-12-08 00:23:53,17253.0,,23,53,2,1265.558594,2025-12-08 00:24:53
23,54,2,1211.7,2025-12-08 00:23:54,16251.0,,23,54,2,1265.894653,2025-12-08 00:24:54
23,55,2,1225.9,2025-12-08 00:23:55,15250.0,,23,55,2,1266.237427,2025-12-08 00:24:55
23,56,2,1251.5,2025-12-08 00:23:56,14249.0,,23,56,2,1266.569214,2025-12-08 00:24:56
23,57,2,1290.4,2025-12-08 00:23:57,13244.0,,23,57,2,1266.88562,2025-12-08 00:24:57
23,58,2,1285.5,2025-12-08 00:23:58,12243.0,,23,58,2,1267.182617,2025-12-08 00:24:58
23,59,2,1280.4,2025-12-08 00:23:59,11242.0,,23,59,2,1267.48584,2025-12-08 00:24:59
24,0,2,1311.3,2025-12-08 00:24:00,70240.0,,24,0,2,1333.673584,2025-12-08 00:25:00
24,1,2,1325.5,2025-12-08 00:24:01,69239.0,,24,1,2,1333.612793,2025-12-08 00:25:01
24,2,2,1318.2,2025-12-08 00:24:02,68238.0,,24,2,2,1333.678955,2025-12-08 00:25:02
24,3,2,1309.0,2025-12-08 00:24:03,67237.0,,24,3,2,1333.771851,2025-12-08 00:25:03
24,4,2,1318.3,2025-12-08 00:24:04,66236.0,,24,4,2,1333.904175,2025-12-08 00:25:04
24,5,2,1310.6,2025-12-08 00:24:05,65234.0,,24,5,2,1334.057373,2025-12-08 00:25:05
24,6,2,1317.3,2025-12-08 00:24:06,64232.0,,24,6,2,1334.244019,2025-12-08 00:25:06
24,7,2,1308.7,2025-12-08 00:24:07,63229.0,,24,7,2,1334.446167,2025-12-08 00:25:07
24,8,2,1321.0,2025-12-08 00:24:08,62228.0,,24,8,2,1334.675049,2025-12-08 00:25:08
24,9,2,1329.5,2025-12-08 00:24:09,61226.0,,24,9,2,1334.908691,2025-12-08 00:25:09
24,10,2,1322.1,2025-12-08 00:24:10,60225.0,,24,10,2,1335.150635,2025-12-08 00:25:10
24,11,2,1314.3,2025-12-08 00:24:11,59224.0,,24,11,2,1335.415039,2025-12-08 00:25:11
24,12,2,1311.9,2025-12-08 00:24:12,58223.0,,24,12,2,1335.699707,2025-12-08 00:25:12
24,13,2,1268.3,2025-12-08 00:24:13,57222.0,,24,13,2,1335.997925,2025-12-08 00:25:13
24,14,2,1272.9,2025-12-08 00:24:14,56221.0,,24,14,2,1336.344971,2025-12-08 00:25:14
24,15,2,1289.0,2025-12-08 00:24:15,55218.0,,24,15,2,1336.692505,2025-12-08 00:25:15
24,16,2,1321.3,2025-12-08 00:24:16,54218.0,,24,16,2,1337.032104,2025-12-08 00:25:16
24,17,2,1318.7,2025-12-08 00:24:17,53215.0,,24,17,2,1337.352539,2025-12-08 00:25:17
24,18,2,1311.0,2025-12-08 00:24:18,52213.0,,24,18,2,1337.689209,2025-12-08 00:25:18
24,19,2,1313.1,2025-12-08 00:24:19,51213.0,,24,19,2,1338.044434,2025-12-08 00:25:19
24,20,2,1317.9,2025-12-08 00:24:20,50211.0,,24,20,2,1338.407959,2025-12-08 00:25:20
24,21,2,1313.0,2025-12-08 00:24:21,49210.0,,24,21,2,1338.776855,2025-12-08 00:25:21
24,22,2,1308.6,2025-12-08 00:24:22,48209.0,,24,22,2,1339.159424,2025-12-08 00:25:22
24,23,2,1311.1,2025-12-08 00:24:23,47208.0,,24,23,2,1339.553101,2025-12-08 00:25:23
24,24,2,1272.4,2025-12-08 00:24:24,46207.0,,24,24,2,1339.950317,2025-12-08 00:25:24
24,25,2,1282.2,2025-12-08 00:24:25,45206.0,,24,25,2,1340.386719,2025-12-08 00:25:25
24,26,2,1287.6,2025-12-08 00:24:26,44206.0,,24,26,2,1340.8125,2025-12-08 00:25:26
24,27,2,1286.4,2025-12-08 00:24:27,43204.0,,24,27,2,1341.233154,2025-12-08 00:25:27
24,28,2,1294.1,2025-12-08 00:24:28,42203.0,,24,28,2,1341.654419,2025-12-08 00:25:28
24,29,2,1279.3,2025-12-08 00:24:29,41202.0,,24,29,2,1342.067749,2025-12-08 00:25:29
24,30,2,1277.2,2025-12-08 00:24:30,40200.0,,24,30,2,1342.495239,2025-12-08 00:25:30
24,31,2,1292.7,2025-12-08 00:24:31,39199.0,,24,31,2,1342.921265,2025-12-08 00:25:31
24,32,2,1317.4,2025-12-08 00:24:32,38198.0,,24,32,2,1343.328979,2025-12-08 00:25:32
24,33,2,1327.2,2025-12-08 00:24:33,37196.0,,24,33,2,1343.711914,2025-12-08 00:25:33
24,34,2,1317.5,2025-12-08 00:24:34,36195.0,,24,34,2,1344.087891,2025-12-08 00:25:34
24,35,2,1320.2,2025-12-08 00:24:35,35193.0,,24,35,2,1344.476074,2025-12-08 00:25:35
24,36,2,1310.9,2025-12-08 00:24:36,34192.0,,24,36,2,1344.86145,2025-12-08 00:25:36
24,37,2,1306.9,2025-12-08 00:24:37,33191.0,,24,37,2,1345.255981,2025-12-08 00:25:37
24,38,2,1311.4,2025-12-08 00:24:38,32190.0,,24,38,2,1345.651489,2025-12-08 00:25:38
24,39,2,1307.9,2025-12-08 00:24:39,31189.0,,24,39,2,1346.039185,2025-12-08 00:25:39
24,40,2,1308.2,2025-12-08 00:24:40,30188.0,,24,40,2,1346.427002,2025-12-08 00:25:40
24,41,2,1325.5,2025-12-08 00:24:41,29186.0,,24,41,2,1346.810181,2025-12-08 00:25:41
24,42,2,1310.9,2025-12-08 00:24:42,28186.0,,24,42,2,1347.171387,2025-12-08 00:25:42
24,43,2,1312.6,2025-12-08 00:24:43,27185.0,,24,43,2,1347.546021,2025-12-08 00:25:43
24,44,2,1314.1,2025-12-08 00:24:44,26183.0,,24,44,2,1347.914307,2025-12-08 00:25:44
24,45,2,1324.6,2025-12-08 00:24:45,25182.0,,24,45,2,1348.2771,2025-12-08 00:25:45
24,46,2,1321.6,2025-12-08 00:24:46,24179.0,,24,46,2,1348.626099,2025-12-08 00:25:46
24,47,2,1328.3,2025-12-08 00:24:47,23178.0,,24,47,2,1348.977295,2025-12-08 00:25:47
24,48,2,1348.6,2025-12-08 00:24:48,22177.0,,24,48,2,1349.320923,2025-12-08 00:25:48
24,49,2,1364.5,2025-12-08 00:24:49,21176.0,,24,49,2,1349.644531,2025-12-08 00:25:49
24,50,2,1354.7,2025-12-08 00:24:50,20174.0,,24,50,2,1349.95752,2025-12-08 00:25:50
24,51,2,1359.4,2025-12-08 00:24:51,19173.0,,24,51,2,1350.288818,2025-12-08 00:25:51
24,52,2,1362.9,2025-12-08 00:24:52,18170.0,,24,52,2,1350.621826,2025-12-08 00:25:52
24,53,2,1372.8,2025-12-08 00:24:53,17169.0,,24,53,2,1350.958374,2025-12-08 00:25:53
24,54,2,1353.0,2025-12-08 00:24:54,16167.0,,24,54,2,1351.292847,2025-12-08 00:25:54
24,55,2,1357.9,2025-12-08 00:24:55,15166.0,,24,55,2,1351.655884,2025-12-08 00:25:55
24,56,2,1331.8,2025-12-08 00:24:56,14165.0,,24,56,2,1352.018188,2025-12-08 00:25:56
24,57,2,1307.9,2025-12-08 00:24:57,13160.0,,24,57,2,1352.411865,2025-12-08 00:25:57
24,58,2,1311.3,2025-12-08 00:24:58,12130.0,,24,58,2,1352.829712,2025-12-08 00:25:58
24,59,2,1317.7,2025-12-08 00:24:59,11108.0,,24,59,2,1353.240845,2025-12-08 00:25:59
25,0,2,615.0,2025-12-08 00:25:00,70103.0,,25,0,2,996.802612,2025-12-08 00:26:00
25,1,2,634.8,2025-12-08 00:25:01,69102.0,,25,1,2,999.040344,2025-12-08 00:26:01
25,2,2,617.6,2025-12-08 00:25:02,68100.0,,25,2,2,1004.349976,2025-12-08 00:26:02
25,3,2,628.1,2025-12-08 00:25:03,67099.0,,25,3,2,1011.495728,2025-12-08 00:26:03
25,4,2,617.9,2025-12-08 00:25:04,66099.0,,25,4,2,1019.895691,2025-12-08 00:26:04
25,5,2,618.8,2025-12-08 00:25:05,65097.0,,25,5,2,1028.999023,2025-12-08 00:26:05
25,6,2,604.7,2025-12-08 00:25:06,64096.0,,25,6,2,1038.383545,2025-12-08 00:26:06
25,7,2,618.6,2025-12-08 00:25:07,63095.0,,25,7,2,1047.752441,2025-12-08 00:26:07
25,8,2,623.6,2025-12-08 00:25:08,62094.0,,25,8,2,1056.911011,2025-12-08 00:26:08
25,9,2,619.8,2025-12-08 00:25:09,61093.0,,25,9,2,1065.741455,2025-12-08 00:26:09
25,10,2,621.9,2025-12-08 00:25:10,60092.0,,25,10,2,1074.178223,2025-12-08 00:26:10
25,11,2,612.5,2025-12-08 00:25:11,59047.0,,25,11,2,1082.189941,2025-12-08 00:26:11
25,12,2,626.8,2025-12-08 00:25:12,58045.0,,25,12,2,1089.767212,2025-12-08 00:26:12
25,13,2,625.9,2025-12-08 00:25:13,57044.0,,25,13,2,1096.91333,2025-12-08 00:26:13
25,14,2,602.6,2025-12-08 00:25:14,56043.0,,25,14,2,1103.639038,2025-12-08 00:26:14
25,15,2,622.0,2025-12-08 00:25:15,55042.0,,25,15,2,1109.960083,2025-12-08 00:26:15
25,16,2,610.1,2025-12-08 00:25:16,54040.0,,25,16,2,1115.894043,2025-12-08 00:26:16
25,17,2,620.1,2025-12-08 00:25:17,53038.0,,25,17,2,1121.459717,2025-12-08 00:26:17
25,18,2,616.8,2025-12-08 00:25:18,52034.0,,25,18,2,1126.677124,2025-12-08 00:26:18
25,19,2,625.1,2025-12-08 00:25:19,51008.0,,25,19,2,1131.566162,2025-12-08 00:26:19
25,20,2,605.2,2025-12-08 00:25:20,49987.0,,25,20,2,1136.147339,2025-12-08 00:26:20
25,21,2,618.8,2025-12-08 00:25:21,48985.0,,25,21,2,1140.440186,2025-12-08 00:26:21
25,22,2,615.6,2025-12-08 00:25:22,47984.0,,25,22,2,1144.464478,2025-12-08 00:26:22
25,23,2,620.8,2025-12-08 00:25:23,46980.0,,25,23,2,1148.239746,2025-12-08 00:26:23
25,24,2,610.5,2025-12-08 00:25:24,45973.0,,25,24,2,1151.783936,2025-12-08 00:26:24
25,25,2,611.3,2025-12-08 00:25:25,44972.0,,25,25,2,1155.114624,2025-12-08 00:26:25
25,26,2,602.5,2025-12-08 00:25:26,43971.0,,25,26,2,1158.249146,2025-12-08 00:26:26
25,27,2,621.3,2025-12-08 00:25:27,42970.0,,25,27,2,1161.202881,2025-12-08 00:26:27
25,28,2,612.7,2025-12-08 00:25:28,41969.0,,25,28,2,1163.991211,2025-12-08 00:26:28
25,29,2,609.0,2025-12-08 00:25:29,40964.0,,25,29,2,1166.627319,2025-12-08 00:26:29
25,30,2,619.7,2025-12-08 00:25:30,39960.0,,25,30,2,1169.124512,2025-12-08 00:26:30
25,31,2,616.6,2025-12-08 00:25:31,38959.0,,25,31,2,1171.494629,2025-12-08 00:26:31
25,32,2,619.3,2025-12-08 00:25:32,37956.0,,25,32,2,1173.748535,2025-12-08 00:26:32
25,33,2,731.0,2025-12-08 00:25:33,36955.0,,25,33,2,1175.895752,2025-12-08 00:26:33
25,34,2,715.5,2025-12-08 00:25:34,35954.0,,25,34,2,1177.94812,2025-12-08 00:26:34
25,35,2,725.3,2025-12-08 00:25:35,34953.0,,25,35,2,1179.910767,2025-12-08 00:26:35
25,36,2,708.1,2025-12-08 00:25:36,33952.0,,25,36,2,1181.792236,2025-12-08 00:26:36
25,37,2,629.6,2025-12-08 00:25:37,32951.0,,25,37,2,1183.598389,2025-12-08 00:26:37
25,38,2,704.6,2025-12-08 00:25:38,31950.0,,25,38,2,1185.334473,2025-12-08 00:26:38
25,39,2,750.7,2025-12-08 00:25:39,30949.0,,25,39,2,1187.009277,2025-12-08 00:26:39
25,40,2,715.6,2025-12-08 00:25:40,29948.0,,25,40,2,1188.627197,2025-12-08 00:26:40
25,41,2,701.8,2025-12-08 00:25:41,28947.0,,25,41,2,1190.19104,2025-12-08 00:26:41
25,42,2,652.1,2025-12-08 00:25:42,27947.0,,25,42,2,1191.705322,2025-12-08 00:26:42
25,43,2,651.5,2025-12-08 00:25:43,26946.0,,25,43,2,1193.173218,2025-12-08 00:26:43
25,44,2,697.0,2025-12-08 00:25:44,25945.0,,25,44,2,1194.598877,2025-12-08 00:26:44
25,45,2,701.2,2025-12-08 00:25:45,24944.0,,25,45,2,1195.986938,2025-12-08 00:26:45
25,46,2,703.5,2025-12-08 00:25:46,23943.0,,25,46,2,1197.338989,2025-12-08 00:26:46
25,47,2,703.5,2025-12-08 00:25:47,22943.0,,25,47,2,1198.657715,2025-12-08 00:26:47
25,48,2,716.4,2025-12-08 00:25:48,21942.0,,25,48,2,1199.944946,2025-12-08 00:26:48
25,49,2,710.8,2025-12-08 00:25:49,20941.0,,25,49,2,1201.203369,2025-12-08 00:26:49
25,50,2,701.6,2025-12-08 00:25:50,19940.0,,25,50,2,1202.434448,2025-12-08 00:26:50
25,51,2,706.8,2025-12-08 00:25:51,18939.0,,25,51,2,1203.639893,2025-12-08 00:26:51
25,52,2,644.1,2025-12-08 00:25:52,17938.0,,25,52,2,1204.821167,2025-12-08 00:26:52
25,53,2,646.6,2025-12-08 00:25:53,16938.0,,25,53,2,1205.979858,2025-12-08 00:26:53
25,54,2,647.7,2025-12-08 00:25:54,15937.0,,25,54,2,1207.117432,2025-12-08 00:26:54
25,55,2,661.9,2025-12-08 00:25:55,14936.0,,25,55,2,1208.234497,2025-12-08 00:26:55
25,56,2,646.2,2025-12-08 00:25:56,13935.0,,25,56,2,1209.331787,2025-12-08 00:26:56
25,57,2,649.6,2025-12-08 00:25:57,12935.0,,25,57,2,1210.410767,2025-12-08 00:26:57
25,58,2,651.0,2025-12-08 00:25:58,11934.0,,25,58,2,1211.471436,2025-12-08 00:26:58
25,59,2,652.8,2025-12-08 00:25:59,10933.0,,25,59,2,1212.514282,2025-12-08 00:26:59
26,0,2,1090.5,2025-12-08 00:26:00,69967.0,,26,0,2,1169.703491,2025-12-08 00:27:00
26,1,2,1081.7,2025-12-08 00:26:01,68966.0,,26,1,2,1171.023926,2025-12-08 00:27:01
26,2,2,1084.2,2025-12-08 00:26:02,67965.0,,26,2,2,1172.594604,2025-12-08 00:27:02
26,3,2,1094.2,2025-12-08 00:26:03,66964.0,,26,3,2,1174.294922,2025-12-08 00:27:03
26,4,2,1097.9,2025-12-08 00:26:04,65962.0,,26,4,2,1176.080444,2025-12-08 00:27:04
26,5,2,919.3,2025-12-08 00:26:05,64961.0,,26,5,2,1177.910522,2025-12-08 00:27:05
26,6,2,1056.9,2025-12-08 00:26:06,63960.0,,26,6,2,1179.759399,2025-12-08 00:27:06
26,7,2,907.0,2025-12-08 00:26:07,62959.0,,26,7,2,1181.594116,2025-12-08 00:27:07
26,8,2,881.0,2025-12-08 00:26:08,61958.0,,26,8,2,1183.409912,2025-12-08 00:27:08
26,9,2,974.1,2025-12-08 00:26:09,60956.0,,26,9,2,1185.192261,2025-12-08 00:27:09
26,10,2,893.4,2025-12-08 00:26:10,59955.0,,26,10,2,1186.929688,2025-12-08 00:27:10
26,11,2,940.9,2025-12-08 00:26:11,58954.0,,26,11,2,1188.626953,2025-12-08 00:27:11
26,12,2,977.3,2025-12-08 00:26:12,57952.0,,26,12,2,1190.275635,2025-12-08 00:27:12
26,13,2,988.3,2025-12-08 00:26:13,56950.0,,26,13,2,1191.875732,2025-12-08 00:27:13
26,14,2,1031.4,2025-12-08 00:26:14,55947.0,,26,14,2,1193.429077,2025-12-08 00:27:14
26,15,2,1035.3,2025-12-08 00:26:15,54946.0,,26,15,2,1194.933716,2025-12-08 00:27:15
26,16,2,1044.9,2025-12-08 00:26:16,53944.0,,26,16,2,1196.393799,2025-12-08 00:27:16
26,17,2,1073.7,2025-12-08 00:26:17,52943.0,,26,17,2,1197.809814,2025-12-08 00:27:17
26,18,2,1088.5,2025-12-08 00:26:18,51942.0,,26,18,2,1199.182495,2025-12-08 00:27:18
26,19,2,1083.8,2025-12-08 00:26:19,50940.0,,26,19,2,1200.513916,2025-12-08 00:27:19
26,20,2,1103.1,2025-12-08 00:26:20,49939.0,,26,20,2,1201.807861,2025-12-08 00:27:20
26,21,2,1104.8,2025-12-08 00:26:21,48938.0,,26,21,2,1203.063721,2025-12-08 00:27:21
26,22,2,1099.9,2025-12-08 00:26:22,47936.0,,26,22,2,1204.284912,2025-12-08 00:27:22
26,23,2,1117.8,2025-12-08 00:26:23,46935.0,,26,23,2,1205.473755,2025-12-08 00:27:23
26,24,2,1103.8,2025-12-08 00:26:24,45933.0,,26,24,2,1206.629883,2025-12-08 00:27:24
26,25,2,1107.5,2025-12-08 00:26:25,44932.0,,26,25,2,1207.758057,2025-12-08 00:27:25
26,26,2,1115.7,2025-12-08 00:26:26,43930.0,,26,26,2,1208.857788,2025-12-08 00:27:26
26,27,2,1122.0,2025-12-08 00:26:27,42929.0,,26,27,2,1209.93042,2025-12-08 00:27:27
26,28,2,1116.1,2025-12-08 00:26:28,41926.0,,26,28,2,1210.977661,2025-12-08 00:27:28
26,29,2,1114.1,2025-12-08 00:26:29,40925.0,,26,29,2,1212.002319,2025-12-08 00:27:29
26,30,2,1109.2,2025-12-08 00:26:30,39924.0,,26,30,2,1213.004761,2025-12-08 00:27:30
26,31,2,1114.4,2025-12-08 00:26:31,38922.0,,26,31,2,1213.986816,2025-12-08 00:27:31
26,32,2,1099.6,2025-12-08 00:26:32,37920.0,,26,32,2,1214.948242,2025-12-08 00:27:32
26,33,2,1113.8,2025-12-08 00:26:33,36919.0,,26,33,2,1215.8927,2025-12-08 00:27:33
26,34,2,1113.0,2025-12-08 00:26:34,35918.0,,26,34,2,1216.817139,2025-12-08 00:27:34
26,35,2,1112.3,2025-12-08 00:26:35,34917.0,,26,35,2,1217.724731,2025-12-08 00:27:35
26,36,2,1112.3,2025-12-08 00:26:36,33917.0,,26,36,2,1218.616455,2025-12-08 00:27:36
26,37,2,1109.3,2025-12-08 00:26:37,32916.0,,26,37,2,1219.492676,2025-12-08 00:27:37
26,38,2,1116.4,2025-12-08 00:26:38,31913.0,,26,38,2,1220.354248,2025-12-08 00:27:38
26,39,2,1110.6,2025-12-08 00:26:39,30912.0,,26,39,2,1221.200684,2025-12-08 00:27:39
26,40,2,1126.2,2025-12-08 00:26:40,29911.0,,26,40,2,1222.034546,2025-12-08 00:27:40
26,41,2,1118.0,2025-12-08 00:26:41,28910.0,,26,41,2,1222.853027,2025-12-08 00:27:41
26,42,2,1120.8,2025-12-08 00:26:42,27908.0,,26,42,2,1223.6604,2025-12-08 00:27:42
26,43,2,1118.1,2025-12-08 00:26:43,26906.0,,26,43,2,1224.455444,2025-12-08 00:27:43
26,44,2,1119.2,2025-12-08 00:26:44,25904.0,,26,44,2,1225.239258,2025-12-08 00:27:44
26,45,2,1125.2,2025-12-08 00:26:45,24904.0,,26,45,2,1226.011719,2025-12-08 00:27:45
26,46,2,1134.4,2025-12-08 00:26:46,23900.0,,26,46,2,1226.772339,2025-12-08 00:27:46
26,47,2,1142.7,2025-12-08 00:26:47,22899.0,,26,47,2,1227.52063,2025-12-08 00:27:47
26,48,2,1138.0,2025-12-08 00:26:48,21898.0,,26,48,2,1228.25769,2025-12-08 00:27:48
26,49,2,1127.3,2025-12-08 00:26:49,20897.0,,26,49,2,1228.98584,2025-12-08 00:27:49
26,50,2,1136.6,2025-12-08 00:26:50,19896.0,,26,50,2,1229.706665,2025-12-08 00:27:50
26,51,2,1130.5,2025-12-08 00:26:51,18893.0,,26,51,2,1230.415527,2025-12-08 00:27:51
26,52,2,1125.9,2025-12-08 00:26:52,17892.0,,26,52,2,1231.116333,2025-12-08 00:27:52
26,53,2,1136.6,2025-12-08 00:26:53,16891.0,,26,53,2,1231.808594,2025-12-08 00:27:53
26,54,2,1139.8,2025-12-08 00:26:54,15891.0,,26,54,2,1232.489014,2025-12-08 00:27:54
26,55,2,1134.1,2025-12-08 00:26:55,14890.0,,26,55,2,1233.159668,2025-12-08 00:27:55
26,56,2,1134.2,2025-12-08 00:26:56,13886.0,,26,56,2,1233.822754,2025-12-08 00:27:56
26,57,2,1139.1,2025-12-08 00:26:57,12885.0,,26,57,2,1234.476685,2025-12-08 00:27:57
26,58,2,1138.6,2025-12-08 00:26:58,11885.0,,26,58,2,1235.120361,2025-12-08 00:27:58
26,59,2,1151.5,2025-12-08 00:26:59,10884.0,,26,59,2,1235.755615,2025-12-08 00:27:59
27,0,2,1121.0,2025-12-08 00:27:00,70991.0,,27,0,2,1169.71167,2025-12-08 00:28:00
27,1,2,1130.8,2025-12-08 00:27:01,69986.0,,27,1,2,1170.494141,2025-12-08 00:28:01
27,2,2,1135.2,2025-12-08 00:27:02,68985.0,,27,2,2,1171.742065,2025-12-08 00:28:02
27,3,2,1120.9,2025-12-08 00:27:03,67984.0,,27,3,2,1173.215698,2025-12-08 00:28:03
27,4,2,1138.3,2025-12-08 00:27:04,66983.0,,27,4,2,1174.8573,2025-12-08 00:28:04
27,5,2,1126.5,2025-12-08 00:27:05,65982.0,,27,5,2,1176.603271,2025-12-08 00:28:05
27,6,2,1124.9,2025-12-08 00:27:06,64981.0,,27,6,2,1178.407104,2025-12-08 00:28:06
27,7,2,1149.1,2025-12-08 00:27:07,63979.0,,27,7,2,1180.231812,2025-12-08 00:28:07
27,8,2,1135.2,2025-12-08 00:27:08,62978.0,,27,8,2,1182.049927,2025-12-08 00:28:08
27,9,2,1130.2,2025-12-08 00:27:09,61978.0,,27,9,2,1183.848389,2025-12-08 00:28:09
27,10,2,1118.0,2025-12-08 00:27:10,60976.0,,27,10,2,1185.615112,2025-12-08 00:28:10
27,11,2,1133.2,2025-12-08 00:27:11,59975.0,,27,11,2,1187.34375,2025-12-08 00:28:11
27,12,2,1128.3,2025-12-08 00:27:12,58974.0,,27,12,2,1189.028076,2025-12-08 00:28:12
27,13,2,1138.6,2025-12-08 00:27:13,57973.0,,27,13,2,1190.667236,2025-12-08 00:28:13
27,14,2,1133.4,2025-12-08 00:27:14,56973.0,,27,14,2,1192.259399,2025-12-08 00:28:14
27,15,2,1160.7,2025-12-08 00:27:15,55972.0,,27,15,2,1193.805664,2025-12-08 00:28:15
27,16,2,1126.8,2025-12-08 00:27:16,54971.0,,27,16,2,1195.303467,2025-12-08 00:28:16
27,17,2,1138.5,2025-12-08 00:27:17,53970.0,,27,17,2,1196.76001,2025-12-08 00:28:17
27,18,2,1139.2,2025-12-08 00:27:18,52969.0,,27,18,2,1198.171021,2025-12-08 00:28:18
27,19,2,1125.8,2025-12-08 00:27:19,51967.0,,27,19,2,1199.539551,2025-12-08 00:28:19
27,20,2,1132.8,2025-12-08 00:27:20,50966.0,,27,20,2,1200.868408,2025-12-08 00:28:20
27,21,2,1140.5,2025-12-08 00:27:21,49965.0,,27,21,2,1202.15686,2025-12-08 00:28:21
27,22,2,1140.7,2025-12-08 00:27:22,48964.0,,27,22,2,1203.407349,2025-12-08 00:28:22
27,23,2,1139.7,2025-12-08 00:27:23,47963.0,,27,23,2,1204.621948,2025-12-08 00:28:23
27,24,2,1142.1,2025-12-08 00:27:24,46962.0,,27,24,2,1205.802856,2025-12-08 00:28:24
27,25,2,1128.3,2025-12-08 00:27:25,45961.0,,27,25,2,1206.95166,2025-12-08 00:28:25
27,26,2,1135.0,2025-12-08 00:27:26,44960.0,,27,26,2,1208.071533,2025-12-08 00:28:26
27,27,2,1135.0,2025-12-08 00:27:27,43959.0,,27,27,2,1209.161987,2025-12-08 00:28:27
27,28,2,1132.3,2025-12-08 00:27:28,42959.0,,27,28,2,1210.225586,2025-12-08 00:28:28
27,29,2,1129.4,2025-12-08 00:27:29,41957.0,,27,29,2,1211.264038,2025-12-08 00:28:29
27,30,2,1131.8,2025-12-08 00:27:30,40956.0,,27,30,2,1212.278931,2025-12-08 00:28:30
27,31,2,1136.6,2025-12-08 00:27:31,39955.0,,27,31,2,1213.270996,2025-12-08 00:28:31
27,32,2,1138.9,2025-12-08 00:27:32,38954.0,,27,32,2,1214.241455,2025-12-08 00:28:32
27,33,2,1141.3,2025-12-08 00:27:33,37953.0,,27,33,2,1215.19165,2025-12-08 00:28:33
27,34,2,1140.3,2025-12-08 00:27:34,36952.0,,27,34,2,1216.122925,2025-12-08 00:28:34
27,35,2,1116.9,2025-12-08 00:27:35,35951.0,,27,35,2,1217.036987,2025-12-08 00:28:35
27,36,2,1137.6,2025-12-08 00:27:36,34950.0,,27,36,2,1217.937134,2025-12-08 00:28:36
27,37,2,1122.6,2025-12-08 00:27:37,33948.0,,27,37,2,1218.818359,2025-12-08 00:28:37
27,38,2,1130.7,2025-12-08 00:27:38,32947.0,,27,38,2,1219.686646,2025-12-08 00:28:38
27,39,2,1132.2,2025-12-08 00:27:39,31946.0,,27,39,2,1220.539551,2025-12-08 00:28:39
27,40,2,1132.8,2025-12-08 00:27:40,30945.0,,27,40,2,1221.378296,2025-12-08 00:28:40
27,41,2,1144.1,2025-12-08 00:27:41,29944.0,,27,41,2,1222.204224,2025-12-08 00:28:41
27,42,2,1124.5,2025-12-08 00:27:42,28943.0,,27,42,2,1223.016235,2025-12-08 00:28:42
27,43,2,1129.6,2025-12-08 00:27:43,27942.0,,27,43,2,1223.819214,2025-12-08 00:28:43
27,44,2,1124.4,2025-12-08 00:27:44,26941.0,,27,44,2,1224.609863,2025-12-08 00:28:44
27,45,2,1133.4,2025-12-08 00:27:45,25940.0,,27,45,2,1225.390137,2025-12-08 00:28:45
27,46,2,1126.5,2025-12-08 00:27:46,24938.0,,27,46,2,1226.158203,2025-12-08 00:28:46
27,47,2,1137.3,2025-12-08 00:27:47,23937.0,,27,47,2,1226.916748,2025-12-08 00:28:47
27,48,2,1124.5,2025-12-08 00:27:48,22936.0,,27,48,2,1227.663452,2025-12-08 00:28:48
27,49,2,1124.1,2025-12-08 00:27:49,21934.0,,27,49,2,1228.402466,2025-12-08 00:28:49
27,50,2,1121.3,2025-12-08 00:27:50,20931.0,,27,50,2,1229.131714,2025-12-08 00:28:50
27,51,2,1139.3,2025-12-08 00:27:51,19929.0,,27,51,2,1229.851562,2025-12-08 00:28:51
27,52,2,1144.2,2025-12-08 00:27:52,18928.0,,27,52,2,1230.55835,2025-12-08 00:28:52
27,53,2,1130.7,2025-12-08 00:27:53,17922.0,,27,53,2,1231.255005,2025-12-08 00:28:53
27,54,2,1131.1,2025-12-08 00:27:54,16920.0,,27,54,2,1231.945435,2025-12-08 00:28:54
27,55,2,1127.9,2025-12-08 00:27:55,15920.0,,27,55,2,1232.626465,2025-12-08 00:28:55
27,56,2,1121.1,2025-12-08 00:27:56,14918.0,,27,56,2,1233.29895,2025-12-08 00:28:56
27,57,2,1132.5,2025-12-08 00:27:57,13915.0,,27,57,2,1233.963379,2025-12-08 00:28:57
27,58,2,1127.3,2025-12-08 00:27:58,12914.0,,27,58,2,1234.615723,2025-12-08 00:28:58
27,59,2,1129.5,2025-12-08 00:27:59,11913.0,,27,59,2,1235.260742,2025-12-08 00:28:59
28,0,2,1217.4,2025-12-08 00:28:00,69718.0,,28,0,2,1241.431274,2025-12-08 00:29:00
28,1,2,1230.4,2025-12-08 00:28:01,68717.0,,28,1,2,1243.087769,2025-12-08 00:29:01
28,2,2,1214.4,2025-12-08 00:28:02,67682.0,,28,2,2,1244.280396,2025-12-08 00:29:02
28,3,2,1225.9,2025-12-08 00:28:03,66651.0,,28,3,2,1245.296997,2025-12-08 00:29:03
28,4,2,1222.4,2025-12-08 00:28:04,65620.0,,28,4,2,1246.149536,2025-12-08 00:29:04
28,5,2,1209.6,2025-12-08 00:28:05,64619.0,,28,5,2,1246.880371,2025-12-08 00:29:05
28,6,2,1222.1,2025-12-08 00:28:06,63560.0,,28,6,2,1247.525391,2025-12-08 00:29:06
28,7,2,1232.1,2025-12-08 00:28:07,62558.0,,28,7,2,1248.101929,2025-12-08 00:29:07
28,8,2,1210.4,2025-12-08 00:28:08,61557.0,,28,8,2,1248.630981,2025-12-08 00:29:08
28,9,2,1210.0,2025-12-08 00:28:09,60556.0,,28,9,2,1249.136841,2025-12-08 00:29:09
28,10,2,1211.5,2025-12-08 00:28:10,59554.0,,28,10,2,1249.620239,2025-12-08 00:29:10
28,11,2,1230.2,2025-12-08 00:28:11,58493.0,,28,11,2,1250.08728,2025-12-08 00:29:11
28,12,2,1207.5,2025-12-08 00:28:12,57492.0,,28,12,2,1250.536865,2025-12-08 00:29:12
28,13,2,1234.3,2025-12-08 00:28:13,56491.0,,28,13,2,1250.986328,2025-12-08 00:29:13
28,14,2,1225.1,2025-12-08 00:28:14,55489.0,,28,14,2,1251.420288,2025-12-08 00:29:14
28,15,2,1222.6,2025-12-08 00:28:15,54488.0,,28,15,2,1251.853394,2025-12-08 00:29:15
28,16,2,1212.8,2025-12-08 00:28:16,53487.0,,28,16,2,1252.283569,2025-12-08 00:29:16
28,17,2,1221.8,2025-12-08 00:28:17,52485.0,,28,17,2,1252.713745,2025-12-08 00:29:17
28,18,2,1229.5,2025-12-08 00:28:18,51485.0,,28,18,2,1253.137817,2025-12-08 00:29:18
28,19,2,1127.9,2025-12-08 00:28:19,50484.0,,28,19,2,1253.55603,2025-12-08 00:29:19
28,20,2,1136.1,2025-12-08 00:28:20,49482.0,,28,20,2,1254.008423,2025-12-08 00:29:20
28,21,2,1131.0,2025-12-08 00:28:21,48475.0,,28,21,2,1254.449829,2025-12-08 00:29:21
28,22,2,1140.9,2025-12-08 00:28:22,47456.0,,28,22,2,1254.886719,2025-12-08 00:29:22
28,23,2,1217.6,2025-12-08 00:28:23,46453.0,,28,23,2,1255.313721,2025-12-08 00:29:23
28,24,2,1226.7,2025-12-08 00:28:24,45447.0,,28,24,2,1255.705078,2025-12-08 00:29:24
28,25,2,1231.9,2025-12-08 00:28:25,44405.0,,28,25,2,1256.093506,2025-12-08 00:29:25
28,26,2,1242.5,2025-12-08 00:28:26,43395.0,,28,26,2,1256.480225,2025-12-08 00:29:26
28,27,2,1211.1,2025-12-08 00:28:27,42386.0,,28,27,2,1256.863159,2025-12-08 00:29:27
28,28,2,1212.3,2025-12-08 00:28:28,41384.0,,28,28,2,1257.259644,2025-12-08 00:29:28
28,29,2,1226.9,2025-12-08 00:28:29,40384.0,,28,29,2,1257.653809,2025-12-08 00:29:29
28,30,2,1217.9,2025-12-08 00:28:30,39373.0,,28,30,2,1258.040405,2025-12-08 00:29:30
28,31,2,1220.3,2025-12-08 00:28:31,38372.0,,28,31,2,1258.430298,2025-12-08 00:29:31
28,32,2,1233.4,2025-12-08 00:28:32,37371.0,,28,32,2,1258.817871,2025-12-08 00:29:32
28,33,2,1232.7,2025-12-08 00:28:33,36369.0,,28,33,2,1259.198486,2025-12-08 00:29:33
28,34,2,1227.8,2025-12-08 00:28:34,35368.0,,28,34,2,1259.579346,2025-12-08 00:29:34
28,35,2,1246.5,2025-12-08 00:28:35,34367.0,,28,35,2,1259.961548,2025-12-08 00:29:35
28,36,2,1216.2,2025-12-08 00:28:36,33366.0,,28,36,2,1260.334717,2025-12-08 00:29:36
28,37,2,1227.1,2025-12-08 00:28:37,32365.0,,28,37,2,1260.720947,2025-12-08 00:29:37
28,38,2,1215.4,2025-12-08 00:28:38,31360.0,,28,38,2,1261.099976,2025-12-08 00:29:38
28,39,2,1232.0,2025-12-08 00:28:39,30359.0,,28,39,2,1261.482666,2025-12-08 00:29:39
28,40,2,1233.5,2025-12-08 00:28:40,29354.0,,28,40,2,1261.855225,2025-12-08 00:29:40
28,41,2,1221.2,2025-12-08 00:28:41,28352.0,,28,41,2,1262.22583,2025-12-08 00:29:41
28,42,2,1227.4,2025-12-08 00:28:42,27350.0,,28,42,2,1262.600464,2025-12-08 00:29:42
28,43,2,1227.9,2025-12-08 00:28:43,26348.0,,28,43,2,1262.969849,2025-12-08 00:29:43
28,44,2,1236.9,2025-12-08 00:28:44,25346.0,,28,44,2,1263.33667,2025-12-08 00:29:44
28,45,2,1222.2,2025-12-08 00:28:45,24344.0,,28,45,2,1263.696899,2025-12-08 00:29:45
28,46,2,1227.7,2025-12-08 00:28:46,23343.0,,28,46,2,1264.062378,2025-12-08 00:29:46
28,47,2,1214.5,2025-12-08 00:28:47,22338.0,,28,47,2,1264.421509,2025-12-08 00:29:47
28,48,2,1222.6,2025-12-08 00:28:48,21337.0,,28,48,2,1264.78418,2025-12-08 00:29:48
28,49,2,1235.6,2025-12-08 00:28:49,20336.0,,28,49,2,1265.138428,2025-12-08 00:29:49
28,50,2,1234.5,2025-12-08 00:28:50,19335.0,,28,50,2,1265.482788,2025-12-08 00:29:50
28,51,2,1224.9,2025-12-08 00:28:51,18334.0,,28,51,2,1265.825195,2025-12-08 00:29:51
28,52,2,1234.5,2025-12-08 00:28:52,17333.0,,28,52,2,1266.169434,2025-12-08 00:29:52
28,53,2,1210.7,2025-12-08 00:28:53,16329.0,,28,53,2,1266.505005,2025-12-08 00:29:53
28,54,2,1209.9,2025-12-08 00:28:54,15328.0,,28,54,2,1266.849609,2025-12-08 00:29:54
28,55,2,1221.5,2025-12-08 00:28:55,14326.0,,28,55,2,1267.190063,2025-12-08 00:29:55
28,56,2,1249.3,2025-12-08 00:28:56,13326.0,,28,56,2,1267.520142,2025-12-08 00:29:56
28,57,2,1295.2,2025-12-08 00:28:57,12325.0,,28,57,2,1267.832886,2025-12-08 00:29:57
28,58,2,1280.8,2025-12-08 00:28:58,11323.0,,28,58,2,1268.122314,2025-12-08 00:29:58
28,59,2,1282.1,2025-12-08 00:28:59,10322.0,,28,59,2,1268.42334,2025-12-08 00:29:59
29,0,2,1313.4,2025-12-08 00:29:00,69484.0,,29,0,2,1296.44165,2025-12-08 00:30:00
29,1,2,1318.3,2025-12-08 00:29:01,68483.0,,29,1,2,1293.372559,2025-12-08 00:30:01
29,2,2,1314.9,2025-12-08 00:29:02,67482.0,,29,2,2,1290.321533,2025-12-08 00:30:02
29,3,2,1315.1,2025-12-08 00:29:03,66481.0,,29,3,2,1287.226074,2025-12-08 00:30:03
29,4,2,1311.5,2025-12-08 00:29:04,65480.0,,29,4,2,1284.097046,2025-12-08 00:30:04
29,5,2,1314.4,2025-12-08 00:29:05,64479.0,,29,5,2,1280.946045,2025-12-08 00:30:05
29,6,2,1302.8,2025-12-08 00:29:06,63478.0,,29,6,2,1277.781738,2025-12-08 00:30:06
29,7,2,1315.4,2025-12-08 00:29:07,62477.0,,29,7,2,1274.613037,2025-12-08 00:30:07
29,8,2,1319.0,2025-12-08 00:29:08,61476.0,,29,8,2,1271.446533,2025-12-08 00:30:08
29,9,2,1320.5,2025-12-08 00:29:09,60475.0,,29,9,2,1268.289917,2025-12-08 00:30:09
29,10,2,1312.6,2025-12-08 00:29:10,59474.0,,29,10,2,1265.150146,2025-12-08 00:30:10
29,11,2,1298.3,2025-12-08 00:29:11,58473.0,,29,11,2,1262.033813,2025-12-08 00:30:11
29,12,2,1307.8,2025-12-08 00:29:12,57471.0,,29,12,2,1258.946899,2025-12-08 00:30:12
29,13,2,1268.6,2025-12-08 00:29:13,56461.0,,29,13,2,1255.894043,2025-12-08 00:30:13
29,14,2,1266.4,2025-12-08 00:29:14,55460.0,,29,14,2,1252.881104,2025-12-08 00:30:14
29,15,2,1290.8,2025-12-08 00:29:15,54459.0,,29,15,2,1249.911255,2025-12-08 00:30:15
29,16,2,1328.2,2025-12-08 00:29:16,53456.0,,29,16,2,1246.987305,2025-12-08 00:30:16
29,17,2,1323.3,2025-12-08 00:29:17,52455.0,,29,17,2,1244.112549,2025-12-08 00:30:17
29,18,2,1306.2,2025-12-08 00:29:18,51454.0,,29,18,2,1241.290405,2025-12-08 00:30:18
29,19,2,1311.8,2025-12-08 00:29:19,50453.0,,29,19,2,1238.523682,2025-12-08 00:30:19
29,20,2,1316.6,2025-12-08 00:29:20,49452.0,,29,20,2,1235.81311,2025-12-08 00:30:20
29,21,2,1306.6,2025-12-08 00:29:21,48452.0,,29,21,2,1233.160522,2025-12-08 00:30:21
29,22,2,1316.8,2025-12-08 00:29:22,47451.0,,29,22,2,1230.567139,2025-12-08 00:30:22
29,23,2,1309.7,2025-12-08 00:29:23,46447.0,,29,23,2,1228.033813,2025-12-08 00:30:23
29,24,2,1280.0,2025-12-08 00:29:24,45443.0,,29,24,2,1225.561279,2025-12-08 00:30:24
29,25,2,1280.4,2025-12-08 00:29:25,44442.0,,29,25,2,1223.150391,2025-12-08 00:30:25
29,26,2,1288.7,2025-12-08 00:29:26,43441.0,,29,26,2,1220.800903,2025-12-08 00:30:26
29,27,2,1294.5,2025-12-08 00:29:27,42440.0,,29,27,2,1218.512573,2025-12-08 00:30:27
29,28,2,1294.0,2025-12-08 00:29:28,41436.0,,29,28,2,1216.285645,2025-12-08 00:30:28
29,29,2,1284.5,2025-12-08 00:29:29,40435.0,,29,29,2,1214.120117,2025-12-08 00:30:29
29,30,2,1272.3,2025-12-08 00:29:30,39435.0,,29,30,2,1212.015747,2025-12-08 00:30:30
29,31,2,1269.2,2025-12-08 00:29:31,38434.0,,29,31,2,1209.972046,2025-12-08 00:30:31
29,32,2,1311.1,2025-12-08 00:29:32,37433.0,,29,32,2,1207.988647,2025-12-08 00:30:32
29,33,2,1319.1,2025-12-08 00:29:33,36430.0,,29,33,2,1206.063843,2025-12-08 00:30:33
29,34,2,1314.6,2025-12-08 00:29:34,35430.0,,29,34,2,1204.19812,2025-12-08 00:30:34
29,35,2,1313.8,2025-12-08 00:29:35,34429.0,,29,35,2,1202.390625,2025-12-08 00:30:35
29,36,2,1314.9,2025-12-08 00:29:36,33427.0,,29,36,2,1200.640747,2025-12-08 00:30:36
29,37,2,1317.6,2025-12-08 00:29:37,32426.0,,29,37,2,1198.947266,2025-12-08 00:30:37
29,38,2,1323.8,2025-12-08 00:29:38,31424.0,,29,38,2,1197.309326,2025-12-08 00:30:38
29,39,2,1312.2,2025-12-08 00:29:39,30423.0,,29,39,2,1195.725952,2025-12-08 00:30:39
29,40,2,1321.7,2025-12-08 00:29:40,29421.0,,29,40,2,1194.196045,2025-12-08 00:30:40
29,41,2,1306.8,2025-12-08 00:29:41,28418.0,,29,41,2,1192.71875,2025-12-08 00:30:41
29,42,2,1317.8,2025-12-08 00:29:42,27417.0,,29,42,2,1191.292969,2025-12-08 00:30:42
29,43,2,1307.2,2025-12-08 00:29:43,26416.0,,29,43,2,1189.916992,2025-12-08 00:30:43
29,44,2,1323.7,2025-12-08 00:29:44,25414.0,,29,44,2,1188.590332,2025-12-08 00:30:44
29,45,2,1309.6,2025-12-08 00:29:45,24412.0,,29,45,2,1187.311157,2025-12-08 00:30:45
29,46,2,1312.7,2025-12-08 00:29:46,23411.0,,29,46,2,1186.078857,2025-12-08 00:30:46
29,47,2,1311.1,2025-12-08 00:29:47,22410.0,,29,47,2,1184.891846,2025-12-08 00:30:47
29,48,2,1353.2,2025-12-08 00:29:48,21408.0,,29,48,2,1183.749023,2025-12-08 00:30:48
29,49,2,1358.9,2025-12-08 00:29:49,20406.0,,29,49,2,1182.648682,2025-12-08 00:30:49
29,50,2,1363.0,2025-12-08 00:29:50,19404.0,,29,50,2,1181.590332,2025-12-08 00:30:50
29,51,2,1371.5,2025-12-08 00:29:51,18403.0,,29,51,2,1180.57251,2025-12-08 00:30:51
29,52,2,1354.4,2025-12-08 00:29:52,17402.0,,29,52,2,1179.594238,2025-12-08 00:30:52
29,53,2,1334.3,2025-12-08 00:29:53,16399.0,,29,53,2,1178.653931,2025-12-08 00:30:53
29,54,2,1352.5,2025-12-08 00:29:54,15397.0,,29,54,2,1177.751099,2025-12-08 00:30:54
29,55,2,1352.7,2025-12-08 00:29:55,14396.0,,29,55,2,1176.883789,2025-12-08 00:30:55
29,56,2,1340.6,2025-12-08 00:29:56,13391.0,,29,56,2,1176.051025,2025-12-08 00:30:56
29,57,2,1320.6,2025-12-08 00:29:57,12389.0,,29,57,2,1175.251953,2025-12-08 00:30:57
29,58,2,1316.6,2025-12-08 00:29:58,11387.0,,29,58,2,1174.485352,2025-12-08 00:30:58
29,59,2,1307.2,2025-12-08 00:29:59,10386.0,,29,59,2,1173.749756,2025-12-08 00:30:59
30,0,2,618.4,2025-12-08 00:30:00,124049.0,,30,0,2,1027.8302,2025-12-08 00:31:00
30,1,2,630.6,2025-12-08 00:30:01,123047.0,,30,1,2,1047.64978,2025-12-08 00:31:01
30,2,2,620.9,2025-12-08 00:30:02,122044.0,,30,2,2,1066.237793,2025-12-08 00:31:02
30,3,2,627.0,2025-12-08 00:30:03,121043.0,,30,3,2,1083.946655,2025-12-08 00:31:03
30,4,2,620.9,2025-12-08 00:30:04,120042.0,,30,4,2,1100.528076,2025-12-08 00:31:04
30,5,2,626.4,2025-12-08 00:30:05,119040.0,,30,5,2,1115.874756,2025-12-08 00:31:05
30,6,2,614.1,2025-12-08 00:30:06,118033.0,,30,6,2,1129.995483,2025-12-08 00:31:06
30,7,2,611.4,2025-12-08 00:30:07,117032.0,,30,7,2,1142.955688,2025-12-08 00:31:07
30,8,2,623.6,2025-12-08 00:30:08,116031.0,,30,8,2,1154.843994,2025-12-08 00:31:08
30,9,2,614.6,2025-12-08 00:30:09,115030.0,,30,9,2,1165.755127,2025-12-08 00:31:09
30,10,2,638.4,2025-12-08 00:30:10,114028.0,,30,10,2,1175.780029,2025-12-08 00:31:10
30,11,2,616.2,2025-12-08 00:30:11,113026.0,,30,11,2,1185.002197,2025-12-08 00:31:11
30,12,2,632.1,2025-12-08 00:30:12,112024.0,,30,12,2,1193.497192,2025-12-08 00:31:12
30,13,2,616.0,2025-12-08 00:30:13,111022.0,,30,13,2,1201.332153,2025-12-08 00:31:13
30,14,2,617.6,2025-12-08 00:30:14,110017.0,,30,14,2,1208.566772,2025-12-08 00:31:14
30,15,2,605.8,2025-12-08 00:30:15,109016.0,,30,15,2,1215.25415,2025-12-08 00:31:15
30,16,2,606.6,2025-12-08 00:30:16,108014.0,,30,16,2,1221.44165,2025-12-08 00:31:16
30,17,2,613.9,2025-12-08 00:30:17,107012.0,,30,17,2,1227.171997,2025-12-08 00:31:17
30,18,2,626.1,2025-12-08 00:30:18,106005.0,,30,18,2,1232.483398,2025-12-08 00:31:18
30,19,2,630.3,2025-12-08 00:30:19,105002.0,,30,19,2,1237.410767,2025-12-08 00:31:19
30,20,2,627.4,2025-12-08 00:30:20,103999.0,,30,20,2,1241.985718,2025-12-08 00:31:20
30,21,2,616.1,2025-12-08 00:30:21,102998.0,,30,21,2,1246.23645,2025-12-08 00:31:21
30,22,2,619.3,2025-12-08 00:30:22,101997.0,,30,22,2,1250.189941,2025-12-08 00:31:22
30,23,2,622.8,2025-12-08 00:30:23,100995.0,,30,23,2,1253.869263,2025-12-08 00:31:23
30,24,2,619.7,2025-12-08 00:30:24,99994.0,,30,24,2,1257.296631,2025-12-08 00:31:24
30,25,2,629.9,2025-12-08 00:30:25,98993.0,,30,25,2,1260.491943,2025-12-08 00:31:25
30,26,2,607.1,2025-12-08 00:30:26,97992.0,,30,26,2,1263.473267,2025-12-08 00:31:26
30,27,2,633.0,2025-12-08 00:30:27,96990.0,,30,27,2,1266.257568,2025-12-08 00:31:27
30,28,2,615.1,2025-12-08 00:30:28,95989.0,,30,28,2,1268.859741,2025-12-08 00:31:28
30,29,2,619.3,2025-12-08 00:30:29,94988.0,,30,29,2,1271.293823,2025-12-08 00:31:29
30,30,2,621.6,2025-12-08 00:30:30,93987.0,,30,30,2,1273.572632,2025-12-08 00:31:30
30,31,2,619.8,2025-12-08 00:30:31,92986.0,,30,31,2,1275.707764,2025-12-08 00:31:31
30,32,2,634.3,2025-12-08 00:30:32,91985.0,,30,32,2,1277.709717,2025-12-08 00:31:32
30,33,2,744.2,2025-12-08 00:30:33,90983.0,,30,33,2,1279.588501,2025-12-08 00:31:33
30,34,2,707.6,2025-12-08 00:30:34,89982.0,,30,34,2,1281.353149,2025-12-08 00:31:34
30,35,2,712.4,2025-12-08 00:30:35,88980.0,,30,35,2,1283.011475,2025-12-08 00:31:35
30,36,2,699.9,2025-12-08 00:30:36,87978.0,,30,36,2,1284.571045,2025-12-08 00:31:36
30,37,2,622.0,2025-12-08 00:30:37,86978.0,,30,37,2,1286.038818,2025-12-08 00:31:37
30,38,2,704.0,2025-12-08 00:30:38,85977.0,,30,38,2,1287.420532,2025-12-08 00:31:38
30,39,2,769.5,2025-12-08 00:30:39,84975.0,,30,39,2,1288.723022,2025-12-08 00:31:39
30,40,2,719.5,2025-12-08 00:30:40,83974.0,,30,40,2,1289.951294,2025-12-08 00:31:40
30,41,2,722.0,2025-12-08 00:30:41,82973.0,,30,41,2,1291.109863,2025-12-08 00:31:41
30,42,2,645.0,2025-12-08 00:30:42,81972.0,,30,42,2,1292.203491,2025-12-08 00:31:42
30,43,2,656.3,2025-12-08 00:30:43,80971.0,,30,43,2,1293.236084,2025-12-08 00:31:43
30,44,2,722.1,2025-12-08 00:30:44,79969.0,,30,44,2,1294.211914,2025-12-08 00:31:44
30,45,2,711.8,2025-12-08 00:30:45,78968.0,,30,45,2,1295.134766,2025-12-08 00:31:45
30,46,2,719.0,2025-12-08 00:30:46,77965.0,,30,46,2,1296.007446,2025-12-08 00:31:46
30,47,2,712.8,2025-12-08 00:30:47,76959.0,,30,47,2,1296.833496,2025-12-08 00:31:47
30,48,2,708.3,2025-12-08 00:30:48,75954.0,,30,48,2,1297.615356,2025-12-08 00:31:48
30,49,2,709.8,2025-12-08 00:30:49,74952.0,,30,49,2,1298.355591,2025-12-08 00:31:49
30,50,2,712.4,2025-12-08 00:30:50,73952.0,,30,50,2,1299.057007,2025-12-08 00:31:50
30,51,2,718.0,2025-12-08 00:30:51,72950.0,,30,51,2,1299.721924,2025-12-08 00:31:51
30,52,2,652.8,2025-12-08 00:30:52,71949.0,,30,52,2,1300.352173,2025-12-08 00:31:52
30,53,2,653.8,2025-12-08 00:30:53,70948.0,,30,53,2,1300.949707,2025-12-08 00:31:53
30,54,2,658.7,2025-12-08 00:30:54,69946.0,,30,54,2,1301.516724,2025-12-08 00:31:54
30,55,2,650.6,2025-12-08 00:30:55,68941.0,,30,55,2,1302.05481,2025-12-08 00:31:55
30,56,2,665.3,2025-12-08 00:30:56,67940.0,,30,56,2,1302.565552,2025-12-08 00:31:56
30,57,2,653.0,2025-12-08 00:30:57,66937.0,,30,57,2,1303.050537,2025-12-08 00:31:57
30,58,2,655.5,2025-12-08 00:30:58,65930.0,,30,58,2,1303.51123,2025-12-08 00:31:58
30,59,2,659.7,2025-12-08 00:30:59,64919.0,,30,59,2,1303.948853,2025-12-08 00:31:59
31,0,2,1075.0,2025-12-08 00:31:00,82913.0,,31,0,2,1207.385986,2025-12-08 00:32:00
31,1,2,1081.2,2025-12-08 00:31:01,81910.0,,31,1,2,1213.258911,2025-12-08 00:32:01
31,2,2,1089.5,2025-12-08 00:31:02,80905.0,,31,2,2,1218.52124,2025-12-08 00:32:02
31,3,2,1097.0,2025-12-08 00:31:03,79900.0,,31,3,2,1223.595825,2025-12-08 00:32:03
31,4,2,1081.0,2025-12-08 00:31:04,78899.0,,31,4,2,1228.451416,2025-12-08 00:32:04
31,5,2,912.3,2025-12-08 00:31:05,77897.0,,31,5,2,1233.064819,2025-12-08 00:32:05
31,6,2,1053.8,2025-12-08 00:31:06,76896.0,,31,6,2,1237.432129,2025-12-08 00:32:06
31,7,2,908.5,2025-12-08 00:31:07,75893.0,,31,7,2,1241.558838,2025-12-08 00:32:07
31,8,2,889.5,2025-12-08 00:31:08,74888.0,,31,8,2,1245.454346,2025-12-08 00:32:08
31,9,2,973.4,2025-12-08 00:31:09,73887.0,,31,9,2,1249.130249,2025-12-08 00:32:09
31,10,2,897.7,2025-12-08 00:31:10,72884.0,,31,10,2,1252.598267,2025-12-08 00:32:10
31,11,2,940.2,2025-12-08 00:31:11,71880.0,,31,11,2,1255.869507,2025-12-08 00:32:11
31,12,2,958.7,2025-12-08 00:31:12,70839.0,,31,12,2,1258.954712,2025-12-08 00:32:12
31,13,2,991.5,2025-12-08 00:31:13,69837.0,,31,13,2,1261.864258,2025-12-08 00:32:13
31,14,2,1006.6,2025-12-08 00:31:14,68835.0,,31,14,2,1264.607788,2025-12-08 00:32:14
31,15,2,1042.3,2025-12-08 00:31:15,67834.0,,31,15,2,1267.194458,2025-12-08 00:32:15
31,16,2,1038.5,2025-12-08 00:31:16,66813.0,,31,16,2,1269.632935,2025-12-08 00:32:16
31,17,2,1072.3,2025-12-08 00:31:17,65812.0,,31,17,2,1271.931641,2025-12-08 00:32:17
31,18,2,1084.4,2025-12-08 00:31:18,64750.0,,31,18,2,1274.098755,2025-12-08 00:32:18
31,19,2,1109.3,2025-12-08 00:31:19,63432.0,,31,19,2,1276.141846,2025-12-08 00:32:19
31,20,2,1112.9,2025-12-08 00:31:20,62104.0,,31,20,2,1278.067993,2025-12-08 00:32:20
31,21,2,1108.5,2025-12-08 00:31:21,61098.0,,31,21,2,1279.884521,2025-12-08 00:32:21
31,22,2,1101.3,2025-12-08 00:31:22,60068.0,,31,22,2,1281.597534,2025-12-08 00:32:22
31,23,2,1112.0,2025-12-08 00:31:23,59023.0,,31,23,2,1283.213623,2025-12-08 00:32:23
31,24,2,1110.1,2025-12-08 00:31:24,58022.0,,31,24,2,1284.738525,2025-12-08 00:32:24
31,25,2,1112.1,2025-12-08 00:31:25,57018.0,,31,25,2,1286.177856,2025-12-08 00:32:25
31,26,2,1096.4,2025-12-08 00:31:26,55928.0,,31,26,2,1287.536987,2025-12-08 00:32:26
31,27,2,1112.3,2025-12-08 00:31:27,54856.0,,31,27,2,1288.820312,2025-12-08 00:32:27
31,28,2,1094.8,2025-12-08 00:31:28,53855.0,,31,28,2,1290.032959,2025-12-08 00:32:28
31,29,2,1109.8,2025-12-08 00:31:29,52851.0,,31,29,2,1291.179077,2025-12-08 00:32:29
31,30,2,1122.9,2025-12-08 00:31:30,51847.0,,31,30,2,1292.262695,2025-12-08 00:32:30
31,31,2,1109.4,2025-12-08 00:31:31,50845.0,,31,31,2,1293.287354,2025-12-08 00:32:31
31,32,2,1105.6,2025-12-08 00:31:32,49843.0,,31,32,2,1294.25708,2025-12-08 00:32:32
31,33,2,1120.0,2025-12-08 00:31:33,48841.0,,31,33,2,1295.174561,2025-12-08 00:32:33
31,34,2,1112.6,2025-12-08 00:31:34,47840.0,,31,34,2,1296.043335,2025-12-08 00:32:34
31,35,2,1108.0,2025-12-08 00:31:35,46768.0,,31,35,2,1296.866089,2025-12-08 00:32:35
31,36,2,1108.8,2025-12-08 00:31:36,45766.0,,31,36,2,1297.645386,2025-12-08 00:32:36
31,37,2,1101.9,2025-12-08 00:31:37,44762.0,,31,37,2,1298.383789,2025-12-08 00:32:37
31,38,2,1110.0,2025-12-08 00:31:38,43760.0,,31,38,2,1299.083862,2025-12-08 00:32:38
31,39,2,1106.1,2025-12-08 00:31:39,42756.0,,31,39,2,1299.747559,2025-12-08 00:32:39
31,40,2,1114.1,2025-12-08 00:31:40,41743.0,,31,40,2,1300.377075,2025-12-08 00:32:40
31,41,2,1109.8,2025-12-08 00:31:41,40741.0,,31,41,2,1300.974243,2025-12-08 00:32:41
31,42,2,1119.8,2025-12-08 00:31:42,39736.0,,31,42,2,1301.541016,2025-12-08 00:32:42
31,43,2,1110.8,2025-12-08 00:31:43,38736.0,,31,43,2,1302.078857,2025-12-08 00:32:43
31,44,2,1137.0,2025-12-08 00:31:44,37734.0,,31,44,2,1302.589478,2025-12-08 00:32:44
31,45,2,1122.6,2025-12-08 00:31:45,36734.0,,31,45,2,1303.074463,2025-12-08 00:32:45
31,46,2,1129.8,2025-12-08 00:31:46,35718.0,,31,46,2,1303.535034,2025-12-08 00:32:46
31,47,2,1138.0,2025-12-08 00:31:47,34716.0,,31,47,2,1303.972412,2025-12-08 00:32:47
31,48,2,1136.3,2025-12-08 00:31:48,33714.0,,31,48,2,1304.388184,2025-12-08 00:32:48
31,49,2,1123.6,2025-12-08 00:31:49,32713.0,,31,49,2,1304.783203,2025-12-08 00:32:49
31,50,2,1134.4,2025-12-08 00:31:50,31711.0,,31,50,2,1305.158691,2025-12-08 00:32:50
31,51,2,1141.4,2025-12-08 00:31:51,30709.0,,31,51,2,1305.515625,2025-12-08 00:32:51
31,52,2,1133.9,2025-12-08 00:31:52,29706.0,,31,52,2,1305.855103,2025-12-08 00:32:52
31,53,2,1127.6,2025-12-08 00:31:53,28705.0,,31,53,2,1306.177856,2025-12-08 00:32:53
31,54,2,1133.8,2025-12-08 00:31:54,27702.0,,31,54,2,1306.484863,2025-12-08 00:32:54
31,55,2,1119.2,2025-12-08 00:31:55,26701.0,,31,55,2,1306.776733,2025-12-08 00:32:55
31,56,2,1133.3,2025-12-08 00:31:56,25700.0,,31,56,2,1307.054565,2025-12-08 00:32:56
31,57,2,1129.7,2025-12-08 00:31:57,24698.0,,31,57,2,1307.318726,2025-12-08 00:32:57
31,58,2,1129.4,2025-12-08 00:31:58,23693.0,,31,58,2,1307.570312,2025-12-08 00:32:58
31,59,2,1138.9,2025-12-08 00:31:59,22692.0,,31,59,2,1307.809448,2025-12-08 00:32:59
32,0,2,1129.0,2025-12-08 00:32:00,68012.0,,32,0,2,1208.326782,2025-12-08 00:33:00
32,1,2,1135.5,2025-12-08 00:32:01,67011.0,,32,1,2,1214.156128,2025-12-08 00:33:01
32,2,2,1134.1,2025-12-08 00:32:02,66006.0,,32,2,2,1219.319092,2025-12-08 00:33:02
32,3,2,1134.3,2025-12-08 00:32:03,64995.0,,32,3,2,1224.308105,2025-12-08 00:33:03
32,4,2,1128.4,2025-12-08 00:32:04,63992.0,,32,4,2,1229.091553,2025-12-08 00:33:04
32,5,2,1139.0,2025-12-08 00:32:05,62990.0,,32,5,2,1233.643066,2025-12-08 00:33:05
32,6,2,1125.9,2025-12-08 00:32:06,61989.0,,32,6,2,1237.956665,2025-12-08 00:33:06
32,7,2,1142.1,2025-12-08 00:32:07,60983.0,,32,7,2,1242.036011,2025-12-08 00:33:07
32,8,2,1117.7,2025-12-08 00:32:08,59982.0,,32,8,2,1245.889893,2025-12-08 00:33:08
32,9,2,1124.3,2025-12-08 00:32:09,58981.0,,32,9,2,1249.528809,2025-12-08 00:33:09
32,10,2,1127.1,2025-12-08 00:32:10,57980.0,,32,10,2,1252.963867,2025-12-08 00:33:10
32,11,2,1153.8,2025-12-08 00:32:11,56979.0,,32,11,2,1256.205566,2025-12-08 00:33:11
32,12,2,1137.4,2025-12-08 00:32:12,55978.0,,32,12,2,1259.264526,2025-12-08 00:33:12
32,13,2,1112.3,2025-12-08 00:32:13,54977.0,,32,13,2,1262.150391,2025-12-08 00:33:13
32,14,2,1139.6,2025-12-08 00:32:14,53975.0,,32,14,2,1264.872437,2025-12-08 00:33:14
32,15,2,1149.2,2025-12-08 00:32:15,52974.0,,32,15,2,1267.439819,2025-12-08 00:33:15
32,16,2,1121.5,2025-12-08 00:32:16,51970.0,,32,16,2,1269.86084,2025-12-08 00:33:16
32,17,2,1133.9,2025-12-08 00:32:17,50969.0,,32,17,2,1272.143677,2025-12-08 00:33:17
32,18,2,1131.6,2025-12-08 00:32:18,49968.0,,32,18,2,1274.296387,2025-12-08 00:33:18
32,19,2,1133.4,2025-12-08 00:32:19,48965.0,,32,19,2,1276.326172,2025-12-08 00:33:19
32,20,2,1136.2,2025-12-08 00:32:20,47964.0,,32,20,2,1278.240356,2025-12-08 00:33:20
32,21,2,1140.2,2025-12-08 00:32:21,46962.0,,32,21,2,1280.045776,2025-12-08 00:33:21
32,22,2,1140.4,2025-12-08 00:32:22,45962.0,,32,22,2,1281.748779,2025-12-08 00:33:22
32,23,2,1130.8,2025-12-08 00:32:23,44961.0,,32,23,2,1283.355591,2025-12-08 00:33:23
32,24,2,1118.6,2025-12-08 00:32:24,43960.0,,32,24,2,1284.871948,2025-12-08 00:33:24
32,25,2,1132.0,2025-12-08 00:32:25,42959.0,,32,25,2,1286.303223,2025-12-08 00:33:25
32,26,2,1123.8,2025-12-08 00:32:26,41958.0,,32,26,2,1287.654785,2025-12-08 00:33:26
32,27,2,1134.3,2025-12-08 00:32:27,40957.0,,32,27,2,1288.931641,2025-12-08 00:33:27
32,28,2,1135.1,2025-12-08 00:32:28,39956.0,,32,28,2,1290.137695,2025-12-08 00:33:28
32,29,2,1153.3,2025-12-08 00:32:29,38955.0,,32,29,2,1291.278198,2025-12-08 00:33:29
32,30,2,1129.5,2025-12-08 00:32:30,37954.0,,32,30,2,1292.356201,2025-12-08 00:33:30
32,31,2,1114.9,2025-12-08 00:32:31,36953.0,,32,31,2,1293.375854,2025-12-08 00:33:31
32,32,2,1131.3,2025-12-08 00:32:32,35952.0,,32,32,2,1294.340698,2025-12-08 00:33:32
32,33,2,1136.6,2025-12-08 00:32:33,34951.0,,32,33,2,1295.253662,2025-12-08 00:33:33
32,34,2,1134.2,2025-12-08 00:32:34,33949.0,,32,34,2,1296.118286,2025-12-08 00:33:34
32,35,2,1128.3,2025-12-08 00:32:35,32947.0,,32,35,2,1296.937012,2025-12-08 00:33:35
32,36,2,1128.2,2025-12-08 00:32:36,31943.0,,32,36,2,1297.712646,2025-12-08 00:33:36
32,37,2,1122.4,2025-12-08 00:32:37,30942.0,,32,37,2,1298.447632,2025-12-08 00:33:37
32,38,2,1129.4,2025-12-08 00:32:38,29941.0,,32,38,2,1299.144409,2025-12-08 00:33:38
32,39,2,1121.2,2025-12-08 00:32:39,28939.0,,32,39,2,1299.805054,2025-12-08 00:33:39
32,40,2,1131.1,2025-12-08 00:32:40,27936.0,,32,40,2,1300.431519,2025-12-08 00:33:40
32,41,2,1141.8,2025-12-08 00:32:41,26935.0,,32,41,2,1301.026001,2025-12-08 00:33:41
32,42,2,1138.3,2025-12-08 00:32:42,25934.0,,32,42,2,1301.590088,2025-12-08 00:33:42
32,43,2,1140.3,2025-12-08 00:32:43,24932.0,,32,43,2,1302.12561,2025-12-08 00:33:43
32,44,2,1129.2,2025-12-08 00:32:44,23931.0,,32,44,2,1302.633911,2025-12-08 00:33:44
32,45,2,1130.4,2025-12-08 00:32:45,22930.0,,32,45,2,1303.116577,2025-12-08 00:33:45
32,46,2,1128.2,2025-12-08 00:32:46,21929.0,,32,46,2,1303.574951,2025-12-08 00:33:46
32,47,2,1127.5,2025-12-08 00:32:47,20928.0,,32,47,2,1304.010498,2025-12-08 00:33:47
32,48,2,1142.0,2025-12-08 00:32:48,19927.0,,32,48,2,1304.424194,2025-12-08 00:33:48
32,49,2,1131.3,2025-12-08 00:32:49,18924.0,,32,49,2,1304.817383,2025-12-08 00:33:49
32,50,2,1129.1,2025-12-08 00:32:50,17922.0,,32,50,2,1305.191284,2025-12-08 00:33:50
32,51,2,1128.8,2025-12-08 00:32:51,16921.0,,32,51,2,1305.546631,2025-12-08 00:33:51
32,52,2,1135.8,2025-12-08 00:32:52,15920.0,,32,52,2,1305.884521,2025-12-08 00:33:52
32,53,2,1134.7,2025-12-08 00:32:53,14920.0,,32,53,2,1306.205933,2025-12-08 00:33:53
32,54,2,1135.1,2025-12-08 00:32:54,13907.0,,32,54,2,1306.511475,2025-12-08 00:33:54
32,55,2,1131.7,2025-12-08 00:32:55,12906.0,,32,55,2,1306.802124,2025-12-08 00:33:55
32,56,2,1127.6,2025-12-08 00:32:56,11905.0,,32,56,2,1307.078735,2025-12-08 00:33:56
32,57,2,1143.7,2025-12-08 00:32:57,10903.0,,32,57,2,1307.341797,2025-12-08 00:33:57
32,58,2,1130.0,2025-12-08 00:32:58,9902.0,,32,58,2,1307.592163,2025-12-08 00:33:58
32,59,2,1130.5,2025-12-08 00:32:59,8901.0,,32,59,2,1307.830322,2025-12-08 00:33:59
33,0,2,1217.6,2025-12-08 00:33:00,67951.0,,33,0,2,1272.681763,2025-12-08 00:34:00
33,1,2,1216.1,2025-12-08 00:33:01,66950.0,,33,1,2,1274.557617,2025-12-08 00:34:01
33,2,2,1222.8,2025-12-08 00:33:02,65947.0,,33,2,2,1276.53186,2025-12-08 00:34:02
33,3,2,1224.1,2025-12-08 00:33:03,64943.0,,33,3,2,1278.387939,2025-12-08 00:34:03
33,4,2,1219.8,2025-12-08 00:33:04,63941.0,,33,4,2,1280.135864,2025-12-08 00:34:04
33,5,2,1224.7,2025-12-08 00:33:05,62939.0,,33,5,2,1281.789185,2025-12-08 00:34:05
33,6,2,1219.8,2025-12-08 00:33:06,61937.0,,33,6,2,1283.356445,2025-12-08 00:34:06
33,7,2,1220.1,2025-12-08 00:33:07,60936.0,,33,7,2,1284.843262,2025-12-08 00:34:07
33,8,2,1220.9,2025-12-08 00:33:08,59933.0,,33,8,2,1286.254028,2025-12-08 00:34:08
33,9,2,1219.0,2025-12-08 00:33:09,58931.0,,33,9,2,1287.592285,2025-12-08 00:34:09
33,10,2,1224.0,2025-12-08 00:33:10,57929.0,,33,10,2,1288.86084,2025-12-08 00:34:10
33,11,2,1224.3,2025-12-08 00:33:11,56928.0,,33,11,2,1290.063354,2025-12-08 00:34:11
33,12,2,1217.4,2025-12-08 00:33:12,55925.0,,33,12,2,1291.202393,2025-12-08 00:34:12
33,13,2,1209.2,2025-12-08 00:33:13,54922.0,,33,13,2,1292.281494,2025-12-08 00:34:13
33,14,2,1220.6,2025-12-08 00:33:14,53920.0,,33,14,2,1293.303345,2025-12-08 00:34:14
33,15,2,1210.9,2025-12-08 00:33:15,52919.0,,33,15,2,1294.271118,2025-12-08 00:34:15
33,16,2,1212.1,2025-12-08 00:33:16,51916.0,,33,16,2,1295.187744,2025-12-08 00:34:16
33,17,2,1224.5,2025-12-08 00:33:17,50914.0,,33,17,2,1296.055786,2025-12-08 00:34:17
33,18,2,1225.3,2025-12-08 00:33:18,49910.0,,33,18,2,1296.878296,2025-12-08 00:34:18
33,19,2,1136.1,2025-12-08 00:33:19,48908.0,,33,19,2,1297.657471,2025-12-08 00:34:19
33,20,2,1127.7,2025-12-08 00:33:20,47906.0,,33,20,2,1298.395996,2025-12-08 00:34:20
33,21,2,1138.9,2025-12-08 00:33:21,46904.0,,33,21,2,1299.095703,2025-12-08 00:34:21
33,22,2,1141.1,2025-12-08 00:33:22,45903.0,,33,22,2,1299.759399,2025-12-08 00:34:22
33,23,2,1227.3,2025-12-08 00:33:23,44875.0,,33,23,2,1300.388672,2025-12-08 00:34:23
33,24,2,1221.1,2025-12-08 00:33:24,43871.0,,33,24,2,1300.985962,2025-12-08 00:34:24
33,25,2,1221.0,2025-12-08 00:33:25,42869.0,,33,25,2,1301.552734,2025-12-08 00:34:25
33,26,2,1216.4,2025-12-08 00:33:26,41867.0,,33,26,2,1302.090454,2025-12-08 00:34:26
33,27,2,1222.2,2025-12-08 00:33:27,40863.0,,33,27,2,1302.600952,2025-12-08 00:34:27
33,28,2,1214.2,2025-12-08 00:33:28,39862.0,,33,28,2,1303.085815,2025-12-08 00:34:28
33,29,2,1227.4,2025-12-08 00:33:29,38861.0,,33,29,2,1303.546143,2025-12-08 00:34:29
33,30,2,1219.6,2025-12-08 00:33:30,37859.0,,33,30,2,1303.983643,2025-12-08 00:34:30
33,31,2,1223.6,2025-12-08 00:33:31,36858.0,,33,31,2,1304.399048,2025-12-08 00:34:31
33,32,2,1230.2,2025-12-08 00:33:32,35856.0,,33,32,2,1304.793823,2025-12-08 00:34:32
33,33,2,1232.7,2025-12-08 00:33:33,34855.0,,33,33,2,1305.169067,2025-12-08 00:34:33
33,34,2,1235.9,2025-12-08 00:33:34,33854.0,,33,34,2,1305.525879,2025-12-08 00:34:34
33,35,2,1238.6,2025-12-08 00:33:35,32853.0,,33,35,2,1305.865112,2025-12-08 00:34:35
33,36,2,1223.1,2025-12-08 00:33:36,31852.0,,33,36,2,1306.1875,2025-12-08 00:34:36
33,37,2,1215.5,2025-12-08 00:33:37,30851.0,,33,37,2,1306.494141,2025-12-08 00:34:37
33,38,2,1221.7,2025-12-08 00:33:38,29850.0,,33,38,2,1306.785889,2025-12-08 00:34:38
33,39,2,1226.9,2025-12-08 00:33:39,28845.0,,33,39,2,1307.06311,2025-12-08 00:34:39
33,40,2,1236.3,2025-12-08 00:33:40,27844.0,,33,40,2,1307.327148,2025-12-08 00:34:40
33,41,2,1215.1,2025-12-08 00:33:41,26841.0,,33,41,2,1307.578369,2025-12-08 00:34:41
33,42,2,1232.2,2025-12-08 00:33:42,25839.0,,33,42,2,1307.817383,2025-12-08 00:34:42
33,43,2,1217.1,2025-12-08 00:33:43,24837.0,,33,43,2,1308.045044,2025-12-08 00:34:43
33,44,2,1226.4,2025-12-08 00:33:44,23834.0,,33,44,2,1308.261353,2025-12-08 00:34:44
33,45,2,1234.6,2025-12-08 00:33:45,22832.0,,33,45,2,1308.467407,2025-12-08 00:34:45
33,46,2,1227.8,2025-12-08 00:33:46,21832.0,,33,46,2,1308.663574,2025-12-08 00:34:46
33,47,2,1210.1,2025-12-08 00:33:47,20830.0,,33,47,2,1308.850464,2025-12-08 00:34:47
33,48,2,1218.1,2025-12-08 00:33:48,19829.0,,33,48,2,1309.028198,2025-12-08 00:34:48
33,49,2,1228.7,2025-12-08 00:33:49,18828.0,,33,49,2,1309.19751,2025-12-08 00:34:49
33,50,2,1234.1,2025-12-08 00:33:50,17825.0,,33,50,2,1309.358765,2025-12-08 00:34:50
33,51,2,1238.8,2025-12-08 00:33:51,16823.0,,33,51,2,1309.512451,2025-12-08 00:34:51
33,52,2,1217.6,2025-12-08 00:33:52,15819.0,,33,52,2,1309.658691,2025-12-08 00:34:52
33,53,2,1215.5,2025-12-08 00:33:53,14817.0,,33,53,2,1309.797974,2025-12-08 00:34:53
33,54,2,1219.3,2025-12-08 00:33:54,13816.0,,33,54,2,1309.930542,2025-12-08 00:34:54
33,55,2,1222.8,2025-12-08 00:33:55,12815.0,,33,55,2,1310.057007,2025-12-08 00:34:55
33,56,2,1244.9,2025-12-08 00:33:56,11814.0,,33,56,2,1310.177246,2025-12-08 00:34:56
33,57,2,1293.8,2025-12-08 00:33:57,10812.0,,33,57,2,1310.29187,2025-12-08 00:34:57
33,58,2,1284.7,2025-12-08 00:33:58,9811.0,,33,58,2,1310.401245,2025-12-08 00:34:58
33,59,2,1296.2,2025-12-08 00:33:59,8810.0,,33,59,2,1310.505371,2025-12-08 00:34:59
34,0,2,1319.1,2025-12-08 00:34:00,67816.0,,34,0,2,1327.351929,2025-12-08 00:35:00
34,1,2,1314.3,2025-12-08 00:34:01,66815.0,,34,1,2,1326.848022,2025-12-08 00:35:01
34,2,2,1311.6,2025-12-08 00:34:02,65814.0,,34,2,2,1326.307373,2025-12-08 00:35:02
34,3,2,1309.5,2025-12-08 00:34:03,64813.0,,34,3,2,1325.779297,2025-12-08 00:35:03
34,4,2,1311.1,2025-12-08 00:34:04,63810.0,,34,4,2,1325.263428,2025-12-08 00:35:04
34,5,2,1305.7,2025-12-08 00:34:05,62809.0,,34,5,2,1324.757935,2025-12-08 00:35:05
34,6,2,1321.0,2025-12-08 00:34:06,61807.0,,34,6,2,1324.26355,2025-12-08 00:35:06
34,7,2,1313.2,2025-12-08 00:34:07,60805.0,,34,7,2,1323.78064,2025-12-08 00:35:07
34,8,2,1307.2,2025-12-08 00:34:08,59793.0,,34,8,2,1323.310303,2025-12-08 00:35:08
34,9,2,1319.9,2025-12-08 00:34:09,58788.0,,34,9,2,1322.853271,2025-12-08 00:35:09
34,10,2,1312.7,2025-12-08 00:34:10,57786.0,,34,10,2,1322.410767,2025-12-08 00:35:10
34,11,2,1311.9,2025-12-08 00:34:11,56784.0,,34,11,2,1321.983032,2025-12-08 00:35:11
34,12,2,1314.0,2025-12-08 00:34:12,55782.0,,34,12,2,1321.570679,2025-12-08 00:35:12
34,13,2,1277.7,2025-12-08 00:34:13,54775.0,,34,13,2,1321.173584,2025-12-08 00:35:13
34,14,2,1266.5,2025-12-08 00:34:14,53774.0,,34,14,2,1320.792236,2025-12-08 00:35:14
34,15,2,1285.4,2025-12-08 00:34:15,52772.0,,34,15,2,1320.425903,2025-12-08 00:35:15
34,16,2,1317.0,2025-12-08 00:34:16,51771.0,,34,16,2,1320.074707,2025-12-08 00:35:16
34,17,2,1296.0,2025-12-08 00:34:17,50768.0,,34,17,2,1319.738281,2025-12-08 00:35:17
34,18,2,1315.1,2025-12-08 00:34:18,49765.0,,34,18,2,1319.41626,2025-12-08 00:35:18
34,19,2,1312.9,2025-12-08 00:34:19,48757.0,,34,19,2,1319.108154,2025-12-08 00:35:19
34,20,2,1325.6,2025-12-08 00:34:20,47755.0,,34,20,2,1318.813477,2025-12-08 00:35:20
34,21,2,1319.6,2025-12-08 00:34:21,46753.0,,34,21,2,1318.531738,2025-12-08 00:35:21
34,22,2,1303.9,2025-12-08 00:34:22,45752.0,,34,22,2,1318.262695,2025-12-08 00:35:22
34,23,2,1311.9,2025-12-08 00:34:23,44750.0,,34,23,2,1318.005371,2025-12-08 00:35:23
34,24,2,1279.0,2025-12-08 00:34:24,43551.0,,34,24,2,1317.759644,2025-12-08 00:35:24
34,25,2,1281.2,2025-12-08 00:34:25,42549.0,,34,25,2,1317.524902,2025-12-08 00:35:25
34,26,2,1282.0,2025-12-08 00:34:26,41547.0,,34,26,2,1317.300659,2025-12-08 00:35:26
34,27,2,1286.2,2025-12-08 00:34:27,40513.0,,34,27,2,1317.08667,2025-12-08 00:35:27
34,28,2,1283.3,2025-12-08 00:34:28,39512.0,,34,28,2,1316.882202,2025-12-08 00:35:28
34,29,2,1289.2,2025-12-08 00:34:29,38423.0,,34,29,2,1316.687012,2025-12-08 00:35:29
34,30,2,1282.0,2025-12-08 00:34:30,37421.0,,34,30,2,1316.50061,2025-12-08 00:35:30
34,31,2,1285.7,2025-12-08 00:34:31,36419.0,,34,31,2,1316.322632,2025-12-08 00:35:31
34,32,2,1331.3,2025-12-08 00:34:32,35413.0,,34,32,2,1316.15271,2025-12-08 00:35:32
34,33,2,1311.8,2025-12-08 00:34:33,34406.0,,34,33,2,1315.990723,2025-12-08 00:35:33
34,34,2,1317.4,2025-12-08 00:34:34,33394.0,,34,34,2,1315.835938,2025-12-08 00:35:34
34,35,2,1307.5,2025-12-08 00:34:35,32294.0,,34,35,2,1315.688232,2025-12-08 00:35:35
34,36,2,1319.4,2025-12-08 00:34:36,30872.0,,34,36,2,1315.547363,2025-12-08 00:35:36
34,37,2,1317.8,2025-12-08 00:34:37,29869.0,,34,37,2,1315.41272,2025-12-08 00:35:37
34,38,2,1317.6,2025-12-08 00:34:38,28827.0,,34,38,2,1315.284302,2025-12-08 00:35:38
34,39,2,1323.5,2025-12-08 00:34:39,27826.0,,34,39,2,1315.161865,2025-12-08 00:35:39
34,40,2,1316.6,2025-12-08 00:34:40,26825.0,,34,40,2,1315.044922,2025-12-08 00:35:40
34,41,2,1321.7,2025-12-08 00:34:41,25823.0,,34,41,2,1314.93335,2025-12-08 00:35:41
34,42,2,1308.4,2025-12-08 00:34:42,24779.0,,34,42,2,1314.826904,2025-12-08 00:35:42
34,43,2,1309.3,2025-12-08 00:34:43,23774.0,,34,43,2,1314.725342,2025-12-08 00:35:43
34,44,2,1308.2,2025-12-08 00:34:44,22773.0,,34,44,2,1314.628174,2025-12-08 00:35:44
34,45,2,1331.8,2025-12-08 00:34:45,21772.0,,34,45,2,1314.535645,2025-12-08 00:35:45
34,46,2,1311.7,2025-12-08 00:34:46,20767.0,,34,46,2,1314.447388,2025-12-08 00:35:46
34,47,2,1311.5,2025-12-08 00:34:47,19719.0,,34,47,2,1314.363037,2025-12-08 00:35:47
34,48,2,1357.2,2025-12-08 00:34:48,18711.0,,34,48,2,1314.282715,2025-12-08 00:35:48
34,49,2,1366.2,2025-12-08 00:34:49,17707.0,,34,49,2,1314.205933,2025-12-08 00:35:49
34,50,2,1353.1,2025-12-08 00:34:50,16704.0,,34,50,2,1314.13269,2025-12-08 00:35:50
34,51,2,1360.3,2025-12-08 00:34:51,15701.0,,34,51,2,1314.062866,2025-12-08 00:35:51
34,52,2,1352.8,2025-12-08 00:34:52,14696.0,,34,52,2,1313.996216,2025-12-08 00:35:52
34,53,2,1349.9,2025-12-08 00:34:53,13676.0,,34,53,2,1313.932617,2025-12-08 00:35:53
34,54,2,1352.6,2025-12-08 00:34:54,12673.0,,34,54,2,1313.87207,2025-12-08 00:35:54
34,55,2,1346.0,2025-12-08 00:34:55,11672.0,,34,55,2,1313.814209,2025-12-08 00:35:55
34,56,2,1336.2,2025-12-08 00:34:56,10671.0,,34,56,2,1313.759033,2025-12-08 00:35:56
34,57,2,1321.6,2025-12-08 00:34:57,9668.0,,34,57,2,1313.706299,2025-12-08 00:35:57
34,58,2,1316.3,2025-12-08 00:34:58,8667.0,,34,58,2,1313.656128,2025-12-08 00:35:58
34,59,2,1322.5,2025-12-08 00:34:59,7662.0,,34,59,2,1313.608276,2025-12-08 00:35:59
35,0,2,633.1,2025-12-08 00:35:00,66666.0,,35,0,2,1027.723022,2025-12-08 00:36:00
35,1,2,630.4,2025-12-08 00:35:01,65661.0,,35,1,2,1047.543945,2025-12-08 00:36:01
35,2,2,612.2,2025-12-08 00:35:02,64654.0,,35,2,2,1066.131592,2025-12-08 00:36:02
35,3,2,632.6,2025-12-08 00:35:03,63652.0,,35,3,2,1083.84436,2025-12-08 00:36:03
35,4,2,603.3,2025-12-08 00:35:04,62649.0,,35,4,2,1100.432129,2025-12-08 00:36:04
35,5,2,616.1,2025-12-08 00:35:05,61646.0,,35,5,2,1115.786133,2025-12-08 00:36:05
35,6,2,616.5,2025-12-08 00:35:06,60644.0,,35,6,2,1129.914429,2025-12-08 00:36:06
35,7,2,612.8,2025-12-08 00:35:07,59640.0,,35,7,2,1142.881592,2025-12-08 00:36:07
35,8,2,618.3,2025-12-08 00:35:08,58633.0,,35,8,2,1154.776367,2025-12-08 00:36:08
35,9,2,616.1,2025-12-08 00:35:09,57630.0,,35,9,2,1165.693481,2025-12-08 00:36:09
35,10,2,634.7,2025-12-08 00:35:10,56628.0,,35,10,2,1175.723633,2025-12-08 00:36:10
35,11,2,607.5,2025-12-08 00:35:11,55623.0,,35,11,2,1184.950562,2025-12-08 00:36:11
35,12,2,613.3,2025-12-08 00:35:12,54617.0,,35,12,2,1193.449829,2025-12-08 00:36:12
35,13,2,607.1,2025-12-08 00:35:13,53614.0,,35,13,2,1201.288574,2025-12-08 00:36:13
35,14,2,616.7,2025-12-08 00:35:14,52612.0,,35,14,2,1208.526611,2025-12-08 00:36:14
35,15,2,620.0,2025-12-08 00:35:15,51611.0,,35,15,2,1215.217041,2025-12-08 00:36:15
35,16,2,617.7,2025-12-08 00:35:16,50608.0,,35,16,2,1221.407471,2025-12-08 00:36:16
35,17,2,610.6,2025-12-08 00:35:17,49602.0,,35,17,2,1227.140381,2025-12-08 00:36:17
35,18,2,624.1,2025-12-08 00:35:18,48601.0,,35,18,2,1232.454102,2025-12-08 00:36:18
35,19,2,628.4,2025-12-08 00:35:19,47600.0,,35,19,2,1237.383667,2025-12-08 00:36:19
35,20,2,620.5,2025-12-08 00:35:20,46600.0,,35,20,2,1241.960449,2025-12-08 00:36:20
35,21,2,615.8,2025-12-08 00:35:21,45596.0,,35,21,2,1246.213257,2025-12-08 00:36:21
35,22,2,620.9,2025-12-08 00:35:22,44595.0,,35,22,2,1250.168091,2025-12-08 00:36:22
35,23,2,620.3,2025-12-08 00:35:23,43594.0,,35,23,2,1253.848999,2025-12-08 00:36:23
35,24,2,621.4,2025-12-08 00:35:24,42593.0,,35,24,2,1257.277832,2025-12-08 00:36:24
35,25,2,621.7,2025-12-08 00:35:25,41592.0,,35,25,2,1260.474365,2025-12-08 00:36:25
35,26,2,613.4,2025-12-08 00:35:26,40590.0,,35,26,2,1263.457153,2025-12-08 00:36:26
35,27,2,636.4,2025-12-08 00:35:27,39588.0,,35,27,2,1266.242188,2025-12-08 00:36:27
35,28,2,603.4,2025-12-08 00:35:28,38587.0,,35,28,2,1268.845581,2025-12-08 00:36:28
35,29,2,613.2,2025-12-08 00:35:29,37585.0,,35,29,2,1271.280518,2025-12-08 00:36:29
35,30,2,624.7,2025-12-08 00:35:30,36584.0,,35,30,2,1273.560181,2025-12-08 00:36:30
35,31,2,609.7,2025-12-08 00:35:31,35583.0,,35,31,2,1275.696045,2025-12-08 00:36:31
35,32,2,606.5,2025-12-08 00:35:32,34582.0,,35,32,2,1277.698853,2025-12-08 00:36:32
35,33,2,746.9,2025-12-08 00:35:33,33580.0,,35,33,2,1279.578003,2025-12-08 00:36:33
35,34,2,725.9,2025-12-08 00:35:34,32579.0,,35,34,2,1281.343506,2025-12-08 00:36:34
35,35,2,720.8,2025-12-08 00:35:35,31578.0,,35,35,2,1283.002441,2025-12-08 00:36:35
35,36,2,705.8,2025-12-08 00:35:36,30577.0,,35,36,2,1284.5625,2025-12-08 00:36:36
35,37,2,621.0,2025-12-08 00:35:37,29576.0,,35,37,2,1286.030762,2025-12-08 00:36:37
35,38,2,700.0,2025-12-08 00:35:38,28575.0,,35,38,2,1287.412964,2025-12-08 00:36:38
35,39,2,752.3,2025-12-08 00:35:39,27571.0,,35,39,2,1288.715942,2025-12-08 00:36:39
35,40,2,717.8,2025-12-08 00:35:40,26568.0,,35,40,2,1289.94458,2025-12-08 00:36:40
35,41,2,717.6,2025-12-08 00:35:41,25567.0,,35,41,2,1291.103394,2025-12-08 00:36:41
35,42,2,650.1,2025-12-08 00:35:42,24566.0,,35,42,2,1292.19751,2025-12-08 00:36:42
35,43,2,655.3,2025-12-08 00:35:43,23560.0,,35,43,2,1293.230469,2025-12-08 00:36:43
35,44,2,708.4,2025-12-08 00:35:44,22559.0,,35,44,2,1294.206543,2025-12-08 00:36:44
35,45,2,705.8,2025-12-08 00:35:45,21557.0,,35,45,2,1295.129639,2025-12-08 00:36:45
35,46,2,705.0,2025-12-08 00:35:46,20556.0,,35,46,2,1296.002563,2025-12-08 00:36:46
35,47,2,714.6,2025-12-08 00:35:47,19555.0,,35,47,2,1296.828613,2025-12-08 00:36:47
35,48,2,725.9,2025-12-08 00:35:48,18552.0,,35,48,2,1297.61084,2025-12-08 00:36:48
35,49,2,700.9,2025-12-08 00:35:49,17551.0,,35,49,2,1298.35144,2025-12-08 00:36:49
35,50,2,718.4,2025-12-08 00:35:50,16549.0,,35,50,2,1299.053223,2025-12-08 00:36:50
35,51,2,714.3,2025-12-08 00:35:51,15548.0,,35,51,2,1299.71814,2025-12-08 00:36:51
35,52,2,658.5,2025-12-08 00:35:52,14547.0,,35,52,2,1300.348633,2025-12-08 00:36:52
35,53,2,662.2,2025-12-08 00:35:53,13546.0,,35,53,2,1300.946411,2025-12-08 00:36:53
35,54,2,658.6,2025-12-08 00:35:54,12545.0,,35,54,2,1301.513428,2025-12-08 00:36:54
35,55,2,649.3,2025-12-08 00:35:55,11544.0,,35,55,2,1302.051758,2025-12-08 00:36:55
35,56,2,663.0,2025-12-08 00:35:56,10543.0,,35,56,2,1302.5625,2025-12-08 00:36:56
35,57,2,649.1,2025-12-08 00:35:57,9542.0,,35,57,2,1303.047729,2025-12-08 00:36:57
35,58,2,662.9,2025-12-08 00:35:58,8541.0,,35,58,2,1303.508545,2025-12-08 00:36:58
35,59,2,652.7,2025-12-08 00:35:59,7538.0,,35,59,2,1303.946411,2025-12-08 00:36:59
36,0,2,1077.7,2025-12-08 00:36:00,66399.0,,36,0,2,1210.446777,2025-12-08 00:37:00
36,1,2,1083.3,2025-12-08 00:36:01,65397.0,,36,1,2,1216.13208,2025-12-08 00:37:01
36,2,2,1095.1,2025-12-08 00:36:02,64395.0,,36,2,2,1221.290527,2025-12-08 00:37:02
36,3,2,1073.2,2025-12-08 00:36:03,63394.0,,36,3,2,1226.244019,2025-12-08 00:37:03
36,4,2,1088.7,2025-12-08 00:36:04,62392.0,,36,4,2,1230.969482,2025-12-08 00:37:04
36,5,2,917.3,2025-12-08 00:36:05,61391.0,,36,5,2,1235.452393,2025-12-08 00:37:05
36,6,2,1055.5,2025-12-08 00:36:06,60388.0,,36,6,2,1239.692139,2025-12-08 00:37:06
36,7,2,899.8,2025-12-08 00:36:07,59385.0,,36,7,2,1243.696411,2025-12-08 00:37:07
36,8,2,879.6,2025-12-08 00:36:08,58384.0,,36,8,2,1247.474976,2025-12-08 00:37:08
36,9,2,967.2,2025-12-08 00:36:09,57383.0,,36,9,2,1251.039551,2025-12-08 00:37:09
36,10,2,897.3,2025-12-08 00:36:10,56379.0,,36,10,2,1254.401733,2025-12-08 00:37:10
36,11,2,924.8,2025-12-08 00:36:11,55378.0,,36,11,2,1257.572266,2025-12-08 00:37:11
36,12,2,957.0,2025-12-08 00:36:12,54376.0,,36,12,2,1260.562012,2025-12-08 00:37:12
36,13,2,974.2,2025-12-08 00:36:13,53370.0,,36,13,2,1263.380859,2025-12-08 00:37:13
36,14,2,1021.6,2025-12-08 00:36:14,52369.0,,36,14,2,1266.038452,2025-12-08 00:37:14
36,15,2,1022.8,2025-12-08 00:36:15,51368.0,,36,15,2,1268.543701,2025-12-08 00:37:15
36,16,2,1034.9,2025-12-08 00:36:16,50366.0,,36,16,2,1270.905396,2025-12-08 00:37:16
36,17,2,1066.5,2025-12-08 00:36:17,49365.0,,36,17,2,1273.13147,2025-12-08 00:37:17
36,18,2,1087.4,2025-12-08 00:36:18,48364.0,,36,18,2,1275.230103,2025-12-08 00:37:18
36,19,2,1115.8,2025-12-08 00:36:19,47362.0,,36,19,2,1277.208618,2025-12-08 00:37:19
36,20,2,1085.5,2025-12-08 00:36:20,46358.0,,36,20,2,1279.073975,2025-12-08 00:37:20
36,21,2,1098.7,2025-12-08 00:36:21,45357.0,,36,21,2,1280.833374,2025-12-08 00:37:21
36,22,2,1102.8,2025-12-08 00:36:22,44355.0,,36,22,2,1282.492554,2025-12-08 00:37:22
36,23,2,1103.5,2025-12-08 00:36:23,43350.0,,36,23,2,1284.058228,2025-12-08 00:37:23
36,24,2,1101.8,2025-12-08 00:36:24,42349.0,,36,24,2,1285.535767,2025-12-08 00:37:24
36,25,2,1101.2,2025-12-08 00:36:25,41347.0,,36,25,2,1286.930542,2025-12-08 00:37:25
36,26,2,1107.3,2025-12-08 00:36:26,40346.0,,36,26,2,1288.247681,2025-12-08 00:37:26
36,27,2,1114.6,2025-12-08 00:36:27,39344.0,,36,27,2,1289.491943,2025-12-08 00:37:27
36,28,2,1112.8,2025-12-08 00:36:28,38342.0,,36,28,2,1290.667725,2025-12-08 00:37:28
36,29,2,1120.4,2025-12-08 00:36:29,37340.0,,36,29,2,1291.779175,2025-12-08 00:37:29
36,30,2,1100.9,2025-12-08 00:36:30,36339.0,,36,30,2,1292.830322,2025-12-08 00:37:30
36,31,2,1106.1,2025-12-08 00:36:31,35338.0,,36,31,2,1293.824341,2025-12-08 00:37:31
36,32,2,1100.3,2025-12-08 00:36:32,34337.0,,36,32,2,1294.765015,2025-12-08 00:37:32
36,33,2,1115.3,2025-12-08 00:36:33,33335.0,,36,33,2,1295.65564,2025-12-08 00:37:33
36,34,2,1106.6,2025-12-08 00:36:34,32333.0,,36,34,2,1296.498779,2025-12-08 00:37:34
36,35,2,1118.9,2025-12-08 00:36:35,31332.0,,36,35,2,1297.297485,2025-12-08 00:37:35
36,36,2,1109.2,2025-12-08 00:36:36,30330.0,,36,36,2,1298.054077,2025-12-08 00:37:36
36,37,2,1107.9,2025-12-08 00:36:37,29329.0,,36,37,2,1298.771362,2025-12-08 00:37:37
36,38,2,1105.2,2025-12-08 00:36:38,28328.0,,36,38,2,1299.451294,2025-12-08 00:37:38
36,39,2,1098.4,2025-12-08 00:36:39,27324.0,,36,39,2,1300.096069,2025-12-08 00:37:39
36,40,2,1124.3,2025-12-08 00:36:40,26322.0,,36,40,2,1300.707642,2025-12-08 00:37:40
36,41,2,1110.8,2025-12-08 00:36:41,25318.0,,36,41,2,1301.287964,2025-12-08 00:37:41
36,42,2,1120.4,2025-12-08 00:36:42,24318.0,,36,42,2,1301.838623,2025-12-08 00:37:42
36,43,2,1122.0,2025-12-08 00:36:43,23317.0,,36,43,2,1302.361328,2025-12-08 00:37:43
36,44,2,1120.5,2025-12-08 00:36:44,22316.0,,36,44,2,1302.857788,2025-12-08 00:37:44
36,45,2,1128.4,2025-12-08 00:36:45,21314.0,,36,45,2,1303.329224,2025-12-08 00:37:45
36,46,2,1119.1,2025-12-08 00:36:46,20314.0,,36,46,2,1303.776978,2025-12-08 00:37:46
36,47,2,1124.3,2025-12-08 00:36:47,19306.0,,36,47,2,1304.202393,2025-12-08 00:37:47
36,48,2,1122.5,2025-12-08 00:36:48,18304.0,,36,48,2,1304.606689,2025-12-08 00:37:48
36,49,2,1139.2,2025-12-08 00:36:49,17302.0,,36,49,2,1304.990845,2025-12-08 00:37:49
36,50,2,1117.1,2025-12-08 00:36:50,16300.0,,36,50,2,1305.356201,2025-12-08 00:37:50
36,51,2,1127.9,2025-12-08 00:36:51,15299.0,,36,51,2,1305.703247,2025-12-08 00:37:51
36,52,2,1129.4,2025-12-08 00:36:52,14298.0,,36,52,2,1306.033447,2025-12-08 00:37:52
36,53,2,1145.8,2025-12-08 00:36:53,13297.0,,36,53,2,1306.347534,2025-12-08 00:37:53
36,54,2,1120.1,2025-12-08 00:36:54,12293.0,,36,54,2,1306.64624,2025-12-08 00:37:54
36,55,2,1129.7,2025-12-08 00:36:55,11292.0,,36,55,2,1306.930298,2025-12-08 00:37:55
36,56,2,1133.8,2025-12-08 00:36:56,10291.0,,36,56,2,1307.200562,2025-12-08 00:37:56
36,57,2,1150.2,2025-12-08 00:36:57,9288.0,,36,57,2,1307.457886,2025-12-08 00:37:57
36,58,2,1143.2,2025-12-08 00:36:58,8286.0,,36,58,2,1307.702515,2025-12-08 00:37:58
36,59,2,1158.2,2025-12-08 00:36:59,7284.0,,36,59,2,1307.935425,2025-12-08 00:37:59
37,0,2,1135.6,2025-12-08 00:37:00,66506.0,,37,0,2,1206.875977,2025-12-08 00:38:00
37,1,2,1134.3,2025-12-08 00:37:01,65504.0,,37,1,2,1212.777588,2025-12-08 00:38:01
37,2,2,1139.4,2025-12-08 00:37:02,64502.0,,37,2,2,1218.011963,2025-12-08 00:38:02
37,3,2,1122.1,2025-12-08 00:37:03,63501.0,,37,3,2,1223.072021,2025-12-08 00:38:03
37,4,2,1136.4,2025-12-08 00:37:04,62500.0,,37,4,2,1227.924438,2025-12-08 00:38:04
37,5,2,1123.9,2025-12-08 00:37:05,61498.0,,37,5,2,1232.542236,2025-12-08 00:38:05
37,6,2,1134.8,2025-12-08 00:37:06,60496.0,,37,6,2,1236.918823,2025-12-08 00:38:06
37,7,2,1140.3,2025-12-08 00:37:07,59494.0,,37,7,2,1241.058105,2025-12-08 00:38:07
37,8,2,1129.2,2025-12-08 00:37:08,58486.0,,37,8,2,1244.968628,2025-12-08 00:38:08
37,9,2,1136.9,2025-12-08 00:37:09,57485.0,,37,9,2,1248.661255,2025-12-08 00:38:09
37,10,2,1128.3,2025-12-08 00:37:10,56481.0,,37,10,2,1252.146973,2025-12-08 00:38:10
37,11,2,1146.0,2025-12-08 00:37:11,55480.0,,37,11,2,1255.436768,2025-12-08 00:38:11
37,12,2,1120.0,2025-12-08 00:37:12,54479.0,,37,12,2,1258.540894,2025-12-08 00:38:12
37,13,2,1124.2,2025-12-08 00:37:13,53476.0,,37,13,2,1261.46936,2025-12-08 00:38:13
37,14,2,1120.6,2025-12-08 00:37:14,52474.0,,37,14,2,1264.231689,2025-12-08 00:38:14
37,15,2,1147.7,2025-12-08 00:37:15,51473.0,,37,15,2,1266.836914,2025-12-08 00:38:15
37,16,2,1143.6,2025-12-08 00:37:16,50471.0,,37,16,2,1269.293457,2025-12-08 00:38:16
37,17,2,1132.0,2025-12-08 00:37:17,49469.0,,37,17,2,1271.609863,2025-12-08 00:38:17
37,18,2,1139.3,2025-12-08 00:37:18,48467.0,,37,18,2,1273.793823,2025-12-08 00:38:18
37,19,2,1129.6,2025-12-08 00:37:19,47466.0,,37,19,2,1275.853027,2025-12-08 00:38:19
37,20,2,1130.4,2025-12-08 00:37:20,46465.0,,37,20,2,1277.7948,2025-12-08 00:38:20
37,21,2,1141.0,2025-12-08 00:37:21,45463.0,,37,21,2,1279.625854,2025-12-08 00:38:21
37,22,2,1142.5,2025-12-08 00:37:22,44462.0,,37,22,2,1281.353027,2025-12-08 00:38:22
37,23,2,1132.8,2025-12-08 00:37:23,43460.0,,37,23,2,1282.982422,2025-12-08 00:38:23
37,24,2,1143.1,2025-12-08 00:37:24,42456.0,,37,24,2,1284.520142,2025-12-08 00:38:24
37,25,2,1140.8,2025-12-08 00:37:25,41455.0,,37,25,2,1285.971313,2025-12-08 00:38:25
37,26,2,1141.3,2025-12-08 00:37:26,40454.0,,37,26,2,1287.341675,2025-12-08 00:38:26
37,27,2,1141.2,2025-12-08 00:37:27,39453.0,,37,27,2,1288.635742,2025-12-08 00:38:27
37,28,2,1130.9,2025-12-08 00:37:28,38452.0,,37,28,2,1289.858521,2025-12-08 00:38:28
37,29,2,1132.3,2025-12-08 00:37:29,37451.0,,37,29,2,1291.01416,2025-12-08 00:38:29
37,30,2,1146.5,2025-12-08 00:37:30,36444.0,,37,30,2,1292.106689,2025-12-08 00:38:30
37,31,2,1142.9,2025-12-08 00:37:31,35443.0,,37,31,2,1293.139893,2025-12-08 00:38:31
37,32,2,1117.4,2025-12-08 00:37:32,34442.0,,37,32,2,1294.11731,2025-12-08 00:38:32
37,33,2,1137.8,2025-12-08 00:37:33,33441.0,,37,33,2,1295.042358,2025-12-08 00:38:33
37,34,2,1134.3,2025-12-08 00:37:34,32229.0,,37,34,2,1295.918091,2025-12-08 00:38:34
37,35,2,1143.3,2025-12-08 00:37:35,31224.0,,37,35,2,1296.747437,2025-12-08 00:38:35
37,36,2,1142.7,2025-12-08 00:37:36,30222.0,,37,36,2,1297.533081,2025-12-08 00:38:36
37,37,2,1136.2,2025-12-08 00:37:37,29221.0,,37,37,2,1298.277588,2025-12-08 00:38:37
37,38,2,1128.3,2025-12-08 00:37:38,28221.0,,37,38,2,1298.983154,2025-12-08 00:38:38
37,39,2,1129.1,2025-12-08 00:37:39,27147.0,,37,39,2,1299.652222,2025-12-08 00:38:39
37,40,2,1130.8,2025-12-08 00:37:40,26145.0,,37,40,2,1300.286621,2025-12-08 00:38:40
37,41,2,1139.4,2025-12-08 00:37:41,25141.0,,37,41,2,1300.88855,2025-12-08 00:38:41
37,42,2,1132.4,2025-12-08 00:37:42,24133.0,,37,42,2,1301.459717,2025-12-08 00:38:42
37,43,2,1112.3,2025-12-08 00:37:43,23052.0,,37,43,2,1302.001709,2025-12-08 00:38:43
37,44,2,1129.4,2025-12-08 00:37:44,22048.0,,37,44,2,1302.516113,2025-12-08 00:38:44
37,45,2,1144.5,2025-12-08 00:37:45,21043.0,,37,45,2,1303.004761,2025-12-08 00:38:45
37,46,2,1140.7,2025-12-08 00:37:46,19994.0,,37,46,2,1303.46875,2025-12-08 00:38:46
37,47,2,1136.7,2025-12-08 00:37:47,18820.0,,37,47,2,1303.909546,2025-12-08 00:38:47
37,48,2,1145.6,2025-12-08 00:37:48,17329.0,,37,48,2,1304.328491,2025-12-08 00:38:48
37,49,2,1140.0,2025-12-08 00:37:49,16104.0,,37,49,2,1304.726685,2025-12-08 00:38:49
37,50,2,1131.0,2025-12-08 00:37:50,15101.0,,37,50,2,1305.10498,2025-12-08 00:38:50
37,51,2,1117.5,2025-12-08 00:37:51,14087.0,,37,51,2,1305.464478,2025-12-08 00:38:51
37,52,2,1135.5,2025-12-08 00:37:52,13076.0,,37,52,2,1305.806274,2025-12-08 00:38:52
37,53,2,1129.1,2025-12-08 00:37:53,12072.0,,37,53,2,1306.13147,2025-12-08 00:38:53
37,54,2,1128.0,2025-12-08 00:37:54,11067.0,,37,54,2,1306.440674,2025-12-08 00:38:54
37,55,2,1127.5,2025-12-08 00:37:55,10054.0,,37,55,2,1306.734863,2025-12-08 00:38:55
37,56,2,1126.0,2025-12-08 00:37:56,9053.0,,37,56,2,1307.014526,2025-12-08 00:38:56
37,57,2,1126.3,2025-12-08 00:37:57,8050.0,,37,57,2,1307.280762,2025-12-08 00:38:57
37,58,2,1133.2,2025-12-08 00:37:58,7044.0,,37,58,2,1307.533936,2025-12-08 00:38:58
37,59,2,1127.9,2025-12-08 00:37:59,6033.0,,37,59,2,1307.775024,2025-12-08 00:38:59
38,0,2,1224.4,2025-12-08 00:38:00,64917.0,,38,0,2,1269.665039,2025-12-08 00:39:00
38,1,2,1224.4,2025-12-08 00:38:01,63904.0,,38,1,2,1271.834106,2025-12-08 00:39:01
38,2,2,1231.6,2025-12-08 00:38:02,62898.0,,38,2,2,1273.901245,2025-12-08 00:39:02
38,3,2,1220.8,2025-12-08 00:38:03,61896.0,,38,3,2,1275.856934,2025-12-08 00:39:03
38,4,2,1216.8,2025-12-08 00:38:04,60893.0,,38,4,2,1277.711914,2025-12-08 00:39:04
38,5,2,1215.7,2025-12-08 00:38:05,59885.0,,38,5,2,1279.473999,2025-12-08 00:39:05
38,6,2,1216.6,2025-12-08 00:38:06,58880.0,,38,6,2,1281.14856,2025-12-08 00:39:06
38,7,2,1229.0,2025-12-08 00:38:07,57877.0,,38,7,2,1282.739624,2025-12-08 00:39:07
38,8,2,1223.6,2025-12-08 00:38:08,56864.0,,38,8,2,1284.250854,2025-12-08 00:39:08
38,9,2,1213.7,2025-12-08 00:38:09,55854.0,,38,9,2,1285.685791,2025-12-08 00:39:09
38,10,2,1216.9,2025-12-08 00:38:10,54449.0,,38,10,2,1287.047241,2025-12-08 00:39:10
38,11,2,1210.9,2025-12-08 00:38:11,53447.0,,38,11,2,1288.338501,2025-12-08 00:39:11
38,12,2,1226.1,2025-12-08 00:38:12,52440.0,,38,12,2,1289.562744,2025-12-08 00:39:12
38,13,2,1223.5,2025-12-08 00:38:13,51412.0,,38,13,2,1290.723145,2025-12-08 00:39:13
38,14,2,1211.1,2025-12-08 00:38:14,50411.0,,38,14,2,1291.822998,2025-12-08 00:39:14
38,15,2,1216.6,2025-12-08 00:38:15,49409.0,,38,15,2,1292.865112,2025-12-08 00:39:15
38,16,2,1209.0,2025-12-08 00:38:16,48403.0,,38,16,2,1293.852539,2025-12-08 00:39:16
38,17,2,1227.0,2025-12-08 00:38:17,47394.0,,38,17,2,1294.788208,2025-12-08 00:39:17
38,18,2,1216.7,2025-12-08 00:38:18,46393.0,,38,18,2,1295.674805,2025-12-08 00:39:18
38,19,2,1139.0,2025-12-08 00:38:19,45383.0,,38,19,2,1296.515259,2025-12-08 00:39:19
38,20,2,1128.7,2025-12-08 00:38:20,44381.0,,38,20,2,1297.311523,2025-12-08 00:39:20
38,21,2,1141.9,2025-12-08 00:38:21,43373.0,,38,21,2,1298.066406,2025-12-08 00:39:21
38,22,2,1134.8,2025-12-08 00:38:22,42369.0,,38,22,2,1298.782227,2025-12-08 00:39:22
38,23,2,1218.4,2025-12-08 00:38:23,41366.0,,38,23,2,1299.461182,2025-12-08 00:39:23
38,24,2,1224.4,2025-12-08 00:38:24,40362.0,,38,24,2,1300.105347,2025-12-08 00:39:24
38,25,2,1221.7,2025-12-08 00:38:25,39357.0,,38,25,2,1300.716675,2025-12-08 00:39:25
38,26,2,1215.3,2025-12-08 00:38:26,38352.0,,38,26,2,1301.296631,2025-12-08 00:39:26
38,27,2,1226.5,2025-12-08 00:38:27,37345.0,,38,27,2,1301.847046,2025-12-08 00:39:27
38,28,2,1218.8,2025-12-08 00:38:28,36344.0,,38,28,2,1302.369751,2025-12-08 00:39:28
38,29,2,1204.5,2025-12-08 00:38:29,35341.0,,38,29,2,1302.865967,2025-12-08 00:39:29
38,30,2,1224.7,2025-12-08 00:38:30,34337.0,,38,30,2,1303.337158,2025-12-08 00:39:30
38,31,2,1219.1,2025-12-08 00:38:31,33335.0,,38,31,2,1303.785034,2025-12-08 00:39:31
38,32,2,1230.7,2025-12-08 00:38:32,32332.0,,38,32,2,1304.210205,2025-12-08 00:39:32
38,33,2,1230.6,2025-12-08 00:38:33,31329.0,,38,33,2,1304.61438,2025-12-08 00:39:33
38,34,2,1242.2,2025-12-08 00:38:34,30293.0,,38,34,2,1304.998535,2025-12-08 00:39:34
38,35,2,1231.9,2025-12-08 00:38:35,29292.0,,38,35,2,1305.363647,2025-12-08 00:39:35
38,36,2,1213.4,2025-12-08 00:38:36,28290.0,,38,36,2,1305.710693,2025-12-08 00:39:36
38,37,2,1227.9,2025-12-08 00:38:37,27283.0,,38,37,2,1306.040649,2025-12-08 00:39:37
38,38,2,1218.8,2025-12-08 00:38:38,26280.0,,38,38,2,1306.354492,2025-12-08 00:39:38
38,39,2,1227.9,2025-12-08 00:38:39,25277.0,,38,39,2,1306.653076,2025-12-08 00:39:39
38,40,2,1223.0,2025-12-08 00:38:40,24272.0,,38,40,2,1306.93689,2025-12-08 00:39:40
38,41,2,1224.5,2025-12-08 00:38:41,23262.0,,38,41,2,1307.207031,2025-12-08 00:39:41
38,42,2,1235.5,2025-12-08 00:38:42,22259.0,,38,42,2,1307.464111,2025-12-08 00:39:42
38,43,2,1215.3,2025-12-08 00:38:43,21249.0,,38,43,2,1307.708618,2025-12-08 00:39:43
38,44,2,1227.1,2025-12-08 00:38:44,20238.0,,38,44,2,1307.941406,2025-12-08 00:39:44
38,45,2,1230.3,2025-12-08 00:38:45,19229.0,,38,45,2,1308.162842,2025-12-08 00:39:45
38,46,2,1217.9,2025-12-08 00:38:46,18226.0,,38,46,2,1308.373657,2025-12-08 00:39:46
38,47,2,1217.4,2025-12-08 00:38:47,17217.0,,38,47,2,1308.574341,2025-12-08 00:39:47
38,48,2,1222.6,2025-12-08 00:38:48,16215.0,,38,48,2,1308.765381,2025-12-08 00:39:48
38,49,2,1219.3,2025-12-08 00:38:49,15213.0,,38,49,2,1308.947266,2025-12-08 00:39:49
38,50,2,1220.6,2025-12-08 00:38:50,14204.0,,38,50,2,1309.120483,2025-12-08 00:39:50
38,51,2,1222.2,2025-12-08 00:38:51,13203.0,,38,51,2,1309.2854,2025-12-08 00:39:51
38,52,2,1216.2,2025-12-08 00:38:52,12196.0,,38,52,2,1309.442505,2025-12-08 00:39:52
38,53,2,1216.6,2025-12-08 00:38:53,11194.0,,38,53,2,1309.592041,2025-12-08 00:39:53
38,54,2,1214.8,2025-12-08 00:38:54,10192.0,,38,54,2,1309.734497,2025-12-08 00:39:54
38,55,2,1227.9,2025-12-08 00:38:55,9189.0,,38,55,2,1309.870239,2025-12-08 00:39:55
38,56,2,1252.0,2025-12-08 00:38:56,8186.0,,38,56,2,1309.99939,2025-12-08 00:39:56
38,57,2,1290.5,2025-12-08 00:38:57,7185.0,,38,57,2,1310.122437,2025-12-08 00:39:57
38,58,2,1283.4,2025-12-08 00:38:58,6179.0,,38,58,2,1310.239868,2025-12-08 00:39:58
38,59,2,1269.4,2025-12-08 00:38:59,5177.0,,38,59,2,1310.351685,2025-12-08 00:39:59
39,0,2,1320.1,2025-12-08 00:39:00,64222.0,,39,0,2,1351.851074,2025-12-08 00:40:00
39,1,2,1329.7,2025-12-08 00:39:01,63221.0,,39,1,2,1355.668335,2025-12-08 00:40:01
39,2,2,1302.9,2025-12-08 00:39:02,62219.0,,39,2,2,1359.100342,2025-12-08 00:40:02
39,3,2,1314.2,2025-12-08 00:39:03,61216.0,,39,3,2,1362.016968,2025-12-08 00:40:03
39,4,2,1314.5,2025-12-08 00:39:04,60207.0,,39,4,2,1364.558472,2025-12-08 00:40:04
39,5,2,1315.0,2025-12-08 00:39:05,59204.0,,39,5,2,1366.823486,2025-12-08 00:40:05
39,6,2,1305.5,2025-12-08 00:39:06,58200.0,,39,6,2,1368.894775,2025-12-08 00:40:06
39,7,2,1307.4,2025-12-08 00:39:07,57198.0,,39,7,2,1370.83313,2025-12-08 00:40:07
39,8,2,1323.8,2025-12-08 00:39:08,56195.0,,39,8,2,1372.690796,2025-12-08 00:40:08
39,9,2,1313.1,2025-12-08 00:39:09,55188.0,,39,9,2,1374.506836,2025-12-08 00:40:09
39,10,2,1307.1,2025-12-08 00:39:10,54184.0,,39,10,2,1376.295776,2025-12-08 00:40:10
39,11,2,1319.5,2025-12-08 00:39:11,53179.0,,39,11,2,1378.074707,2025-12-08 00:40:11
39,12,2,1311.5,2025-12-08 00:39:12,52176.0,,39,12,2,1379.859741,2025-12-08 00:40:12
39,13,2,1278.5,2025-12-08 00:39:13,51173.0,,39,13,2,1381.649048,2025-12-08 00:40:13
39,14,2,1290.0,2025-12-08 00:39:14,50167.0,,39,14,2,1383.437012,2025-12-08 00:40:14
39,15,2,1285.8,2025-12-08 00:39:15,49166.0,,39,15,2,1385.240234,2025-12-08 00:40:15
39,16,2,1317.2,2025-12-08 00:39:16,48164.0,,39,16,2,1387.053345,2025-12-08 00:40:16
39,17,2,1320.9,2025-12-08 00:39:17,47161.0,,39,17,2,1388.888062,2025-12-08 00:40:17
39,18,2,1324.2,2025-12-08 00:39:18,46151.0,,39,18,2,1390.732422,2025-12-08 00:40:18
39,19,2,1325.7,2025-12-08 00:39:19,45148.0,,39,19,2,1392.584961,2025-12-08 00:40:19
39,20,2,1311.6,2025-12-08 00:39:20,44147.0,,39,20,2,1394.442993,2025-12-08 00:40:20
39,21,2,1318.8,2025-12-08 00:39:21,43144.0,,39,21,2,1396.299194,2025-12-08 00:40:21
39,22,2,1313.5,2025-12-08 00:39:22,42142.0,,39,22,2,1398.160278,2025-12-08 00:40:22
39,23,2,1313.9,2025-12-08 00:39:23,41141.0,,39,23,2,1400.020752,2025-12-08 00:40:23
39,24,2,1276.3,2025-12-08 00:39:24,40140.0,,39,24,2,1401.882202,2025-12-08 00:40:24
39,25,2,1292.8,2025-12-08 00:39:25,39138.0,,39,25,2,1403.731201,2025-12-08 00:40:25
39,26,2,1277.6,2025-12-08 00:39:26,38132.0,,39,26,2,1405.586914,2025-12-08 00:40:26
39,27,2,1291.8,2025-12-08 00:39:27,37130.0,,39,27,2,1407.438965,2025-12-08 00:40:27
39,28,2,1285.7,2025-12-08 00:39:28,36128.0,,39,28,2,1409.297974,2025-12-08 00:40:28
39,29,2,1295.9,2025-12-08 00:39:29,35124.0,,39,29,2,1411.157715,2025-12-08 00:40:29
39,30,2,1281.0,2025-12-08 00:39:30,34123.0,,39,30,2,1413.024292,2025-12-08 00:40:30
39,31,2,1275.2,2025-12-08 00:39:31,33121.0,,39,31,2,1414.889038,2025-12-08 00:40:31
39,32,2,1313.7,2025-12-08 00:39:32,32120.0,,39,32,2,1416.756348,2025-12-08 00:40:32
39,33,2,1314.3,2025-12-08 00:39:33,31117.0,,39,33,2,1418.642456,2025-12-08 00:40:33
39,34,2,1301.4,2025-12-08 00:39:34,30116.0,,39,34,2,1420.53418,2025-12-08 00:40:34
39,35,2,1311.7,2025-12-08 00:39:35,29114.0,,39,35,2,1422.42688,2025-12-08 00:40:35
39,36,2,1305.4,2025-12-08 00:39:36,28113.0,,39,36,2,1424.329102,2025-12-08 00:40:36
39,37,2,1315.1,2025-12-08 00:39:37,27112.0,,39,37,2,1426.235474,2025-12-08 00:40:37
39,38,2,1321.7,2025-12-08 00:39:38,26111.0,,39,38,2,1428.1521,2025-12-08 00:40:38
39,39,2,1319.1,2025-12-08 00:39:39,25108.0,,39,39,2,1430.078369,2025-12-08 00:40:39
39,40,2,1308.3,2025-12-08 00:39:40,24100.0,,39,40,2,1432.010986,2025-12-08 00:40:40
39,41,2,1325.8,2025-12-08 00:39:41,23098.0,,39,41,2,1433.948242,2025-12-08 00:40:41
39,42,2,1309.9,2025-12-08 00:39:42,22097.0,,39,42,2,1435.900391,2025-12-08 00:40:42
39,43,2,1313.6,2025-12-08 00:39:43,21095.0,,39,43,2,1437.856201,2025-12-08 00:40:43
39,44,2,1312.8,2025-12-08 00:39:44,20093.0,,39,44,2,1439.823608,2025-12-08 00:40:44
39,45,2,1305.2,2025-12-08 00:39:45,19092.0,,39,45,2,1441.801758,2025-12-08 00:40:45
39,46,2,1317.6,2025-12-08 00:39:46,18090.0,,39,46,2,1443.789307,2025-12-08 00:40:46
39,47,2,1302.4,2025-12-08 00:39:47,17089.0,,39,47,2,1445.794067,2025-12-08 00:40:47
39,48,2,1359.6,2025-12-08 00:39:48,16086.0,,39,48,2,1447.807495,2025-12-08 00:40:48
39,49,2,1364.1,2025-12-08 00:39:49,15085.0,,39,49,2,1449.856567,2025-12-08 00:40:49
39,50,2,1366.3,2025-12-08 00:39:50,14084.0,,39,50,2,1451.921997,2025-12-08 00:40:50
39,51,2,1360.9,2025-12-08 00:39:51,13082.0,,39,51,2,1454.003052,2025-12-08 00:40:51
39,52,2,1358.0,2025-12-08 00:39:52,12081.0,,39,52,2,1456.096802,2025-12-08 00:40:52
39,53,2,1338.3,2025-12-08 00:39:53,11080.0,,39,53,2,1458.203857,2025-12-08 00:40:53
39,54,2,1353.6,2025-12-08 00:39:54,10077.0,,39,54,2,1460.319336,2025-12-08 00:40:54
39,55,2,1363.2,2025-12-08 00:39:55,9075.0,,39,55,2,1462.455811,2025-12-08 00:40:55
39,56,2,1354.4,2025-12-08 00:39:56,8074.0,,39,56,2,1464.612183,2025-12-08 00:40:56
39,57,2,1328.2,2025-12-08 00:39:57,7073.0,,39,57,2,1466.782593,2025-12-08 00:40:57
39,58,2,1316.5,2025-12-08 00:39:58,6067.0,,39,58,2,1468.96167,2025-12-08 00:40:58
39,59,2,1316.0,2025-12-08 00:39:59,5059.0,,39,59,2,1471.155762,2025-12-08 00:40:59
40,0,2,556.523738,2025-12-08 00:40:00,130670.0,,40,0,2,1115.23877,2025-12-08 00:41:00
40,1,2,558.223738,2025-12-08 00:40:01,129667.0,,40,1,2,1162.529663,2025-12-08 00:41:01
40,2,2,558.623738,2025-12-08 00:40:02,128660.0,,40,2,2,1193.300171,2025-12-08 00:41:02
40,3,2,558.723738,2025-12-08 00:40:03,127654.0,,40,3,2,1210.96228,2025-12-08 00:41:03
40,4,2,583.823738,2025-12-08 00:40:04,126653.0,,40,4,2,1219.457886,2025-12-08 00:41:04
40,5,2,572.823738,2025-12-08 00:40:05,125651.0,,40,5,2,1222.015991,2025-12-08 00:41:05
40,6,2,572.223738,2025-12-08 00:40:06,124647.0,,40,6,2,1221.087036,2025-12-08 00:41:06
40,7,2,573.723738,2025-12-08 00:40:07,123643.0,,40,7,2,1218.421875,2025-12-08 00:41:07
40,8,2,573.523738,2025-12-08 00:40:08,122641.0,,40,8,2,1215.216064,2025-12-08 00:41:08
40,9,2,573.223738,2025-12-08 00:40:09,121640.0,,40,9,2,1212.238159,2025-12-08 00:41:09
40,10,2,570.123738,2025-12-08 00:40:10,120639.0,,40,10,2,1209.942505,2025-12-08 00:41:10
40,11,2,526.323738,2025-12-08 00:40:11,119637.0,,40,11,2,1208.55957,2025-12-08 00:41:11
40,12,2,526.423738,2025-12-08 00:40:12,118632.0,,40,12,2,1208.166748,2025-12-08 00:41:12
40,13,2,430.623738,2025-12-08 00:40:13,117627.0,,40,13,2,1208.74353,2025-12-08 00:41:13
40,14,2,429.823738,2025-12-08 00:40:14,116621.0,,40,14,2,1210.206909,2025-12-08 00:41:14
40,15,2,431.023738,2025-12-08 00:40:15,115618.0,,40,15,2,1212.446411,2025-12-08 00:41:15
40,16,2,428.123738,2025-12-08 00:40:16,114616.0,,40,16,2,1215.338989,2025-12-08 00:41:16
40,17,2,426.523738,2025-12-08 00:40:17,113614.0,,40,17,2,1218.761841,2025-12-08 00:41:17
40,18,2,428.823738,2025-12-08 00:40:18,112608.0,,40,18,2,1222.600342,2025-12-08 00:41:18
40,19,2,431.723738,2025-12-08 00:40:19,111602.0,,40,19,2,1226.751953,2025-12-08 00:41:19
40,20,2,467.223738,2025-12-08 00:40:20,110600.0,,40,20,2,1231.127808,2025-12-08 00:41:20
40,21,2,517.823738,2025-12-08 00:40:21,109591.0,,40,21,2,1235.656738,2025-12-08 00:41:21
40,22,2,528.423738,2025-12-08 00:40:22,108590.0,,40,22,2,1240.28064,2025-12-08 00:41:22
40,23,2,527.723738,2025-12-08 00:40:23,107589.0,,40,23,2,1244.947754,2025-12-08 00:41:23
40,24,2,527.823738,2025-12-08 00:40:24,106588.0,,40,24,2,1249.617432,2025-12-08 00:41:24
40,25,2,529.623738,2025-12-08 00:40:25,105584.0,,40,25,2,1254.258423,2025-12-08 00:41:25
40,26,2,529.423738,2025-12-08 00:40:26,104571.0,,40,26,2,1258.846802,2025-12-08 00:41:26
40,27,2,533.423738,2025-12-08 00:40:27,103568.0,,40,27,2,1263.364136,2025-12-08 00:41:27
40,28,2,537.723738,2025-12-08 00:40:28,102565.0,,40,28,2,1267.797485,2025-12-08 00:41:28
40,29,2,536.923738,2025-12-08 00:40:29,101563.0,,40,29,2,1272.137451,2025-12-08 00:41:29
40,30,2,544.423738,2025-12-08 00:40:30,100559.0,,40,30,2,1276.376709,2025-12-08 00:41:30
40,31,2,540.723738,2025-12-08 00:40:31,99551.0,,40,31,2,1280.511963,2025-12-08 00:41:31
40,32,2,537.723738,2025-12-08 00:40:32,98549.0,,40,32,2,1284.539185,2025-12-08 00:41:32
40,33,2,544.523738,2025-12-08 00:40:33,97545.0,,40,33,2,1288.457275,2025-12-08 00:41:33
40,34,2,545.923738,2025-12-08 00:40:34,96541.0,,40,34,2,1292.266846,2025-12-08 00:41:34
40,35,2,543.723738,2025-12-08 00:40:35,95539.0,,40,35,2,1295.96814,2025-12-08 00:41:35
40,36,2,548.823738,2025-12-08 00:40:36,94536.0,,40,36,2,1299.56189,2025-12-08 00:41:36
40,37,2,548.123738,2025-12-08 00:40:37,93532.0,,40,37,2,1303.050659,2025-12-08 00:41:37
40,38,2,548.223738,2025-12-08 00:40:38,92528.0,,40,38,2,1306.435913,2025-12-08 00:41:38
40,39,2,553.523738,2025-12-08 00:40:39,91526.0,,40,39,2,1309.719727,2025-12-08 00:41:39
40,40,2,552.723738,2025-12-08 00:40:40,90509.0,,40,40,2,1312.905518,2025-12-08 00:41:40
40,41,2,552.123738,2025-12-08 00:40:41,89458.0,,40,41,2,1315.995361,2025-12-08 00:41:41
40,42,2,554.523738,2025-12-08 00:40:42,88453.0,,40,42,2,1318.992188,2025-12-08 00:41:42
40,43,2,552.623738,2025-12-08 00:40:43,87449.0,,40,43,2,1321.899292,2025-12-08 00:41:43
40,44,2,552.223738,2025-12-08 00:40:44,86441.0,,40,44,2,1324.71936,2025-12-08 00:41:44
40,45,2,561.923738,2025-12-08 00:40:45,85417.0,,40,45,2,1327.455933,2025-12-08 00:41:45
40,46,2,554.123738,2025-12-08 00:40:46,84413.0,,40,46,2,1330.113403,2025-12-08 00:41:46
40,47,2,554.723738,2025-12-08 00:40:47,83411.0,,40,47,2,1332.693726,2025-12-08 00:41:47
40,48,2,555.323738,2025-12-08 00:40:48,82373.0,,40,48,2,1335.201416,2025-12-08 00:41:48
40,49,2,553.123738,2025-12-08 00:40:49,81197.0,,40,49,2,1337.639893,2025-12-08 00:41:49
40,50,2,554.823738,2025-12-08 00:40:50,80194.0,,40,50,2,1340.013062,2025-12-08 00:41:50
40,51,2,553.623738,2025-12-08 00:40:51,79193.0,,40,51,2,1342.324707,2025-12-08 00:41:51
40,52,2,554.323738,2025-12-08 00:40:52,78192.0,,40,52,2,1344.578857,2025-12-08 00:41:52
40,53,2,554.723738,2025-12-08 00:40:53,77185.0,,40,53,2,1346.779541,2025-12-08 00:41:53
40,54,2,555.723738,2025-12-08 00:40:54,76184.0,,40,54,2,1348.930664,2025-12-08 00:41:54
40,55,2,555.423738,2025-12-08 00:40:55,75174.0,,40,55,2,1351.036011,2025-12-08 00:41:55
40,56,2,553.823738,2025-12-08 00:40:56,74146.0,,40,56,2,1353.099731,2025-12-08 00:41:56
40,57,2,572.023738,2025-12-08 00:40:57,73143.0,,40,57,2,1355.125,2025-12-08 00:41:57
40,58,2,561.823738,2025-12-08 00:40:58,72142.0,,40,58,2,1357.119507,2025-12-08 00:41:58
40,59,2,560.723738,2025-12-08 00:40:59,71140.0,,40,59,2,1359.081665,2025-12-08 00:41:59
41,0,2,558.523738,2025-12-08 00:42:00,63065.0,,41,0,2,1111.532227,2025-12-08 00:43:00
41,1,2,567.423738,2025-12-08 00:42:01,62056.0,,41,1,2,1159.660645,2025-12-08 00:43:01
41,2,2,558.723738,2025-12-08 00:42:02,61044.0,,41,2,2,1191.139893,2025-12-08 00:43:02
41,3,2,559.523738,2025-12-08 00:42:03,60035.0,,41,3,2,1209.387451,2025-12-08 00:43:03
41,4,2,559.823738,2025-12-08 00:42:04,59024.0,,41,4,2,1218.349976,2025-12-08 00:43:04
41,5,2,556.823738,2025-12-08 00:42:05,58015.0,,41,5,2,1221.27478,2025-12-08 00:43:05
41,6,2,558.223738,2025-12-08 00:42:06,57011.0,,41,6,2,1220.624512,2025-12-08 00:43:06
41,7,2,553.223738,2025-12-08 00:42:07,56007.0,,41,7,2,1218.165649,2025-12-08 00:43:07
41,8,2,552.623738,2025-12-08 00:42:08,54993.0,,41,8,2,1215.106689,2025-12-08 00:43:08
41,9,2,556.523738,2025-12-08 00:42:09,53991.0,,41,9,2,1212.227051,2025-12-08 00:43:09
41,10,2,554.423738,2025-12-08 00:42:10,52986.0,,41,10,2,1209.98938,2025-12-08 00:43:10
41,11,2,573.523738,2025-12-08 00:42:11,51975.0,,41,11,2,1208.631592,2025-12-08 00:43:11
41,12,2,560.423738,2025-12-08 00:42:12,50954.0,,41,12,2,1208.238647,2025-12-08 00:43:12
41,13,2,561.123738,2025-12-08 00:42:13,49953.0,,41,13,2,1208.795166,2025-12-08 00:43:13
41,14,2,562.123738,2025-12-08 00:42:14,48951.0,,41,14,2,1210.227295,2025-12-08 00:43:14
41,15,2,562.723738,2025-12-08 00:42:15,47950.0,,41,15,2,1212.428589,2025-12-08 00:43:15
41,16,2,565.223738,2025-12-08 00:42:16,46946.0,,41,16,2,1215.280518,2025-12-08 00:43:16
41,17,2,560.423738,2025-12-08 00:42:17,45945.0,,41,17,2,1218.664062,2025-12-08 00:43:17
41,18,2,562.223738,2025-12-08 00:42:18,44936.0,,41,18,2,1222.466919,2025-12-08 00:43:18
41,19,2,567.423738,2025-12-08 00:42:19,43926.0,,41,19,2,1226.588867,2025-12-08 00:43:19
41,20,2,563.923738,2025-12-08 00:42:20,42924.0,,41,20,2,1230.942993,2025-12-08 00:43:20
41,21,2,567.623738,2025-12-08 00:42:21,41916.0,,41,21,2,1235.454346,2025-12-08 00:43:21
41,22,2,562.423738,2025-12-08 00:42:22,40913.0,,41,22,2,1240.062256,2025-12-08 00:43:22
41,23,2,561.123738,2025-12-08 00:42:23,39911.0,,41,23,2,1244.715698,2025-12-08 00:43:23
41,24,2,563.223738,2025-12-08 00:42:24,38900.0,,41,24,2,1249.374878,2025-12-08 00:43:24
41,25,2,574.823738,2025-12-08 00:42:25,37898.0,,41,25,2,1254.009033,2025-12-08 00:43:25
41,26,2,559.123738,2025-12-08 00:42:26,36896.0,,41,26,2,1258.594971,2025-12-08 00:43:26
41,27,2,555.223738,2025-12-08 00:42:27,35894.0,,41,27,2,1263.111328,2025-12-08 00:43:27
41,28,2,558.023738,2025-12-08 00:42:28,34891.0,,41,28,2,1267.545044,2025-12-08 00:43:28
41,29,2,553.623738,2025-12-08 00:42:29,33882.0,,41,29,2,1271.887207,2025-12-08 00:43:29
41,30,2,555.823738,2025-12-08 00:42:30,32874.0,,41,30,2,1276.129761,2025-12-08 00:43:30
41,31,2,554.123738,2025-12-08 00:42:31,31862.0,,41,31,2,1280.268677,2025-12-08 00:43:31
41,32,2,553.623738,2025-12-08 00:42:32,30860.0,,41,32,2,1284.300903,2025-12-08 00:43:32
41,33,2,552.123738,2025-12-08 00:42:33,29848.0,,41,33,2,1288.225342,2025-12-08 00:43:33
41,34,2,558.423738,2025-12-08 00:42:34,28845.0,,41,34,2,1292.040894,2025-12-08 00:43:34
41,35,2,553.723738,2025-12-08 00:42:35,27841.0,,41,35,2,1295.749268,2025-12-08 00:43:35
41,36,2,554.723738,2025-12-08 00:42:36,26833.0,,41,36,2,1299.35022,2025-12-08 00:43:36
41,37,2,558.223738,2025-12-08 00:42:37,25821.0,,41,37,2,1302.846069,2025-12-08 00:43:37
41,38,2,552.523738,2025-12-08 00:42:38,24820.0,,41,38,2,1306.23877,2025-12-08 00:43:38
41,39,2,551.823738,2025-12-08 00:42:39,23812.0,,41,39,2,1309.529785,2025-12-08 00:43:39
41,40,2,555.323738,2025-12-08 00:42:40,22802.0,,41,40,2,1312.722046,2025-12-08 00:43:40
41,41,2,553.023738,2025-12-08 00:42:41,21799.0,,41,41,2,1315.818115,2025-12-08 00:43:41
41,42,2,555.223738,2025-12-08 00:42:42,20797.0,,41,42,2,1318.821289,2025-12-08 00:43:42
41,43,2,554.823738,2025-12-08 00:42:43,19789.0,,41,43,2,1321.734131,2025-12-08 00:43:43
41,44,2,553.023738,2025-12-08 00:42:44,18779.0,,41,44,2,1324.560059,2025-12-08 00:43:44
41,45,2,552.623738,2025-12-08 00:42:45,17768.0,,41,45,2,1327.302246,2025-12-08 00:43:45
41,46,2,554.623738,2025-12-08 00:42:46,16758.0,,41,46,2,1329.963989,2025-12-08 00:43:46
41,47,2,558.823738,2025-12-08 00:42:47,15748.0,,41,47,2,1332.549072,2025-12-08 00:43:47
41,48,2,555.623738,2025-12-08 00:42:48,14744.0,,41,48,2,1335.061523,2025-12-08 00:43:48
41,49,2,553.723738,2025-12-08 00:42:49,13731.0,,41,49,2,1337.504272,2025-12-08 00:43:49
41,50,2,562.923738,2025-12-08 00:42:50,12729.0,,41,50,2,1339.881348,2025-12-08 00:43:50
41,51,2,552.823738,2025-12-08 00:42:51,11721.0,,41,51,2,1342.197632,2025-12-08 00:43:51
41,52,2,554.323738,2025-12-08 00:42:52,10718.0,,41,52,2,1344.4552,2025-12-08 00:43:52
41,53,2,553.623738,2025-12-08 00:42:53,9716.0,,41,53,2,1346.658936,2025-12-08 00:43:53
41,54,2,555.923738,2025-12-08 00:42:54,8715.0,,41,54,2,1348.812866,2025-12-08 00:43:54
41,55,2,552.723738,2025-12-08 00:42:55,7712.0,,41,55,2,1350.920898,2025-12-08 00:43:55
41,56,2,551.223738,2025-12-08 00:42:56,6710.0,,41,56,2,1352.98645,2025-12-08 00:43:56
41,57,2,551.423738,2025-12-08 00:42:57,5709.0,,41,57,2,1355.013184,2025-12-08 00:43:57
41,58,2,554.123738,2025-12-08 00:42:58,4706.0,,41,58,2,1357.005371,2025-12-08 00:43:58
41,59,2,551.623738,2025-12-08 00:42:59,3701.0,,41,59,2,1358.966797,2025-12-08 00:43:59
42,0,2,553.823738,2025-12-08 00:43:00,63586.0,,42,0,2,1111.697632,2025-12-08 00:44:00
42,1,2,556.223738,2025-12-08 00:43:01,62575.0,,42,1,2,1159.807251,2025-12-08 00:44:01
42,2,2,560.423738,2025-12-08 00:43:02,61564.0,,42,2,2,1191.269531,2025-12-08 00:44:02
42,3,2,565.523738,2025-12-08 00:43:03,60536.0,,42,3,2,1209.496826,2025-12-08 00:44:03
42,4,2,559.923738,2025-12-08 00:43:04,59528.0,,42,4,2,1218.438232,2025-12-08 00:44:04
42,5,2,565.023738,2025-12-08 00:43:05,58517.0,,42,5,2,1221.342651,2025-12-08 00:44:05
42,6,2,556.523738,2025-12-08 00:43:06,57505.0,,42,6,2,1220.673096,2025-12-08 00:44:06
42,7,2,561.223738,2025-12-08 00:43:07,56492.0,,42,7,2,1218.197632,2025-12-08 00:44:07
42,8,2,568.023738,2025-12-08 00:43:08,55429.0,,42,8,2,1215.124146,2025-12-08 00:44:08
42,9,2,552.323738,2025-12-08 00:43:09,54424.0,,42,9,2,1212.232666,2025-12-08 00:44:09
42,10,2,554.123738,2025-12-08 00:43:10,53419.0,,42,10,2,1209.986572,2025-12-08 00:44:10
42,11,2,553.723738,2025-12-08 00:43:11,52410.0,,42,11,2,1208.623291,2025-12-08 00:44:11
42,12,2,554.923738,2025-12-08 00:43:12,51399.0,,42,12,2,1208.226685,2025-12-08 00:44:12
42,13,2,555.823738,2025-12-08 00:43:13,50395.0,,42,13,2,1208.781982,2025-12-08 00:44:13
42,14,2,553.523738,2025-12-08 00:43:14,49386.0,,42,14,2,1210.214355,2025-12-08 00:44:14
42,15,2,554.123738,2025-12-08 00:43:15,48377.0,,42,15,2,1212.417236,2025-12-08 00:44:15
42,16,2,552.123738,2025-12-08 00:43:16,47365.0,,42,16,2,1215.271606,2025-12-08 00:44:16
42,17,2,552.423738,2025-12-08 00:43:17,46353.0,,42,17,2,1218.657715,2025-12-08 00:44:17
42,18,2,555.523738,2025-12-08 00:43:18,45347.0,,42,18,2,1222.463745,2025-12-08 00:44:18
42,19,2,557.923738,2025-12-08 00:43:19,44337.0,,42,19,2,1226.589233,2025-12-08 00:44:19
42,20,2,552.723738,2025-12-08 00:43:20,43332.0,,42,20,2,1230.946533,2025-12-08 00:44:20
42,21,2,561.923738,2025-12-08 00:43:21,42323.0,,42,21,2,1235.460571,2025-12-08 00:44:21
42,22,2,550.823738,2025-12-08 00:43:22,41319.0,,42,22,2,1240.071289,2025-12-08 00:44:22
42,23,2,553.923738,2025-12-08 00:43:23,40316.0,,42,23,2,1244.726562,2025-12-08 00:44:23
42,24,2,551.923738,2025-12-08 00:43:24,39313.0,,42,24,2,1249.387451,2025-12-08 00:44:24
42,25,2,558.023738,2025-12-08 00:43:25,38312.0,,42,25,2,1254.022095,2025-12-08 00:44:25
42,26,2,548.723738,2025-12-08 00:43:26,37310.0,,42,26,2,1258.607178,2025-12-08 00:44:26
42,27,2,550.023738,2025-12-08 00:43:27,36305.0,,42,27,2,1263.122681,2025-12-08 00:44:27
42,28,2,555.223738,2025-12-08 00:43:28,35301.0,,42,28,2,1267.555664,2025-12-08 00:44:28
42,29,2,549.923738,2025-12-08 00:43:29,34298.0,,42,29,2,1271.896973,2025-12-08 00:44:29
42,30,2,552.023738,2025-12-08 00:43:30,33295.0,,42,30,2,1276.138428,2025-12-08 00:44:30
42,31,2,566.123738,2025-12-08 00:43:31,32291.0,,42,31,2,1280.276245,2025-12-08 00:44:31
42,32,2,550.323738,2025-12-08 00:43:32,31280.0,,42,32,2,1284.309448,2025-12-08 00:44:32
42,33,2,555.623738,2025-12-08 00:43:33,30278.0,,42,33,2,1288.23291,2025-12-08 00:44:33
42,34,2,554.623738,2025-12-08 00:43:34,29274.0,,42,34,2,1292.048462,2025-12-08 00:44:34
42,35,2,552.923738,2025-12-08 00:43:35,28273.0,,42,35,2,1295.756226,2025-12-08 00:44:35
42,36,2,561.023738,2025-12-08 00:43:36,27272.0,,42,36,2,1299.356934,2025-12-08 00:44:36
42,37,2,553.623738,2025-12-08 00:43:37,26269.0,,42,37,2,1302.853149,2025-12-08 00:44:37
42,38,2,554.123738,2025-12-08 00:43:38,25263.0,,42,38,2,1306.245239,2025-12-08 00:44:38
42,39,2,557.123738,2025-12-08 00:43:39,24260.0,,42,39,2,1309.536255,2025-12-08 00:44:39
42,40,2,554.523738,2025-12-08 00:43:40,23247.0,,42,40,2,1312.72876,2025-12-08 00:44:40
42,41,2,551.723738,2025-12-08 00:43:41,22244.0,,42,41,2,1315.824951,2025-12-08 00:44:41
42,42,2,552.423738,2025-12-08 00:43:42,21241.0,,42,42,2,1318.827759,2025-12-08 00:44:42
42,43,2,552.623738,2025-12-08 00:43:43,20239.0,,42,43,2,1321.740234,2025-12-08 00:44:43
42,44,2,557.723738,2025-12-08 00:43:44,19235.0,,42,44,2,1324.565796,2025-12-08 00:44:44
42,45,2,555.723738,2025-12-08 00:43:45,18234.0,,42,45,2,1327.308105,2025-12-08 00:44:45
42,46,2,553.923738,2025-12-08 00:43:46,17231.0,,42,46,2,1329.969849,2025-12-08 00:44:46
42,47,2,553.823738,2025-12-08 00:43:47,16226.0,,42,47,2,1332.55481,2025-12-08 00:44:47
42,48,2,555.723738,2025-12-08 00:43:48,15210.0,,42,48,2,1335.06665,2025-12-08 00:44:48
42,49,2,557.923738,2025-12-08 00:43:49,14202.0,,42,49,2,1337.509399,2025-12-08 00:44:49
42,50,2,553.623738,2025-12-08 00:43:50,13200.0,,42,50,2,1339.886597,2025-12-08 00:44:50
42,51,2,553.823738,2025-12-08 00:43:51,12198.0,,42,51,2,1342.20166,2025-12-08 00:44:51
42,52,2,555.623738,2025-12-08 00:43:52,11197.0,,42,52,2,1344.459229,2025-12-08 00:44:52
42,53,2,551.023738,2025-12-08 00:43:53,10195.0,,42,53,2,1346.662964,2025-12-08 00:44:53
42,54,2,553.023738,2025-12-08 00:43:54,9180.0,,42,54,2,1348.816162,2025-12-08 00:44:54
42,55,2,549.623738,2025-12-08 00:43:55,7880.0,,42,55,2,1350.923706,2025-12-08 00:44:55
42,56,2,564.823738,2025-12-08 00:43:56,6879.0,,42,56,2,1352.988647,2025-12-08 00:44:56
42,57,2,554.623738,2025-12-08 00:43:57,5874.0,,42,57,2,1355.0177,2025-12-08 00:44:57
42,58,2,550.323738,2025-12-08 00:43:58,4872.0,,42,58,2,1357.010498,2025-12-08 00:44:58
42,59,2,550.323738,2025-12-08 00:43:59,3866.0,,42,59,2,1358.971313,2025-12-08 00:44:59
43,0,2,557.523738,2025-12-08 00:44:00,71764.0,,43,0,2,1104.282715,2025-12-08 00:45:00
43,1,2,551.823738,2025-12-08 00:44:01,70493.0,,43,1,2,1145.116699,2025-12-08 00:45:01
43,2,2,559.923738,2025-12-08 00:44:02,68834.0,,43,2,2,1172.743042,2025-12-08 00:45:02
43,3,2,564.023738,2025-12-08 00:44:03,67293.0,,43,3,2,1189.800659,2025-12-08 00:45:03
43,4,2,556.723738,2025-12-08 00:44:04,66002.0,,43,4,2,1199.466553,2025-12-08 00:45:04
43,5,2,559.023738,2025-12-08 00:44:05,64994.0,,43,5,2,1204.287354,2025-12-08 00:45:05
43,6,2,560.423738,2025-12-08 00:44:06,63928.0,,43,6,2,1206.184814,2025-12-08 00:45:06
43,7,2,552.523738,2025-12-08 00:44:07,62567.0,,43,7,2,1206.538452,2025-12-08 00:45:07
43,8,2,556.923738,2025-12-08 00:44:08,61552.0,,43,8,2,1206.293945,2025-12-08 00:45:08
43,9,2,553.123738,2025-12-08 00:44:09,60550.0,,43,9,2,1206.063599,2025-12-08 00:45:09
43,10,2,554.023738,2025-12-08 00:44:10,59548.0,,43,10,2,1206.214233,2025-12-08 00:45:10
43,11,2,550.723738,2025-12-08 00:44:11,58546.0,,43,11,2,1206.937744,2025-12-08 00:45:11
43,12,2,551.223738,2025-12-08 00:44:12,57488.0,,43,12,2,1208.306519,2025-12-08 00:45:12
43,13,2,551.323738,2025-12-08 00:44:13,56442.0,,43,13,2,1210.315918,2025-12-08 00:45:13
43,14,2,670.323738,2025-12-08 00:44:14,55406.0,,43,14,2,1212.915039,2025-12-08 00:45:14
43,15,2,657.223738,2025-12-08 00:44:15,54390.0,,43,15,2,1216.036987,2025-12-08 00:45:15
43,16,2,654.023738,2025-12-08 00:44:16,53384.0,,43,16,2,1219.590698,2025-12-08 00:45:16
43,17,2,653.923738,2025-12-08 00:44:17,52381.0,,43,17,2,1223.490112,2025-12-08 00:45:17
43,18,2,654.323738,2025-12-08 00:44:18,51379.0,,43,18,2,1227.654541,2025-12-08 00:45:18
43,19,2,655.023738,2025-12-08 00:44:19,50377.0,,43,19,2,1232.010986,2025-12-08 00:45:19
43,20,2,653.023738,2025-12-08 00:44:20,49374.0,,43,20,2,1236.496826,2025-12-08 00:45:20
43,21,2,655.123738,2025-12-08 00:44:21,48372.0,,43,21,2,1241.058228,2025-12-08 00:45:21
43,22,2,649.223738,2025-12-08 00:44:22,47370.0,,43,22,2,1245.652222,2025-12-08 00:45:22
43,23,2,647.623738,2025-12-08 00:44:23,46366.0,,43,23,2,1250.24231,2025-12-08 00:45:23
43,24,2,642.823738,2025-12-08 00:44:24,45353.0,,43,24,2,1254.801392,2025-12-08 00:45:24
43,25,2,641.623738,2025-12-08 00:44:25,44313.0,,43,25,2,1259.307129,2025-12-08 00:45:25
43,26,2,642.723738,2025-12-08 00:44:26,43306.0,,43,26,2,1263.743774,2025-12-08 00:45:26
43,27,2,644.023738,2025-12-08 00:44:27,42304.0,,43,27,2,1268.099243,2025-12-08 00:45:27
43,28,2,641.723738,2025-12-08 00:44:28,41303.0,,43,28,2,1272.365356,2025-12-08 00:45:28
43,29,2,640.923738,2025-12-08 00:44:29,40300.0,,43,29,2,1276.535522,2025-12-08 00:45:29
43,30,2,642.723738,2025-12-08 00:44:30,39294.0,,43,30,2,1280.606445,2025-12-08 00:45:30
43,31,2,640.823738,2025-12-08 00:44:31,38292.0,,43,31,2,1284.575806,2025-12-08 00:45:31
43,32,2,643.223738,2025-12-08 00:44:32,37257.0,,43,32,2,1288.442383,2025-12-08 00:45:32
43,33,2,644.123738,2025-12-08 00:44:33,36255.0,,43,33,2,1292.206787,2025-12-08 00:45:33
43,34,2,642.623738,2025-12-08 00:44:34,35254.0,,43,34,2,1295.869629,2025-12-08 00:45:34
43,35,2,642.923738,2025-12-08 00:44:35,34243.0,,43,35,2,1299.431885,2025-12-08 00:45:35
43,36,2,643.323738,2025-12-08 00:44:36,33242.0,,43,36,2,1302.895142,2025-12-08 00:45:36
43,37,2,640.823738,2025-12-08 00:44:37,32239.0,,43,37,2,1306.261475,2025-12-08 00:45:37
43,38,2,645.523738,2025-12-08 00:44:38,31238.0,,43,38,2,1309.532471,2025-12-08 00:45:38
43,39,2,649.623738,2025-12-08 00:44:39,30235.0,,43,39,2,1312.711792,2025-12-08 00:45:39
43,40,2,644.523738,2025-12-08 00:44:40,29231.0,,43,40,2,1315.801758,2025-12-08 00:45:40
43,41,2,643.823738,2025-12-08 00:44:41,28225.0,,43,41,2,1318.803711,2025-12-08 00:45:41
43,42,2,660.523738,2025-12-08 00:44:42,27223.0,,43,42,2,1321.720947,2025-12-08 00:45:42
43,43,2,681.423738,2025-12-08 00:44:43,26219.0,,43,43,2,1324.557983,2025-12-08 00:45:43
43,44,2,657.823738,2025-12-08 00:44:44,25214.0,,43,44,2,1327.318604,2025-12-08 00:45:44
43,45,2,653.923738,2025-12-08 00:44:45,24211.0,,43,45,2,1330.00061,2025-12-08 00:45:45
43,46,2,654.023738,2025-12-08 00:44:46,23206.0,,43,46,2,1332.609253,2025-12-08 00:45:46
43,47,2,654.623738,2025-12-08 00:44:47,22200.0,,43,47,2,1335.147583,2025-12-08 00:45:47
43,48,2,654.823738,2025-12-08 00:44:48,21189.0,,43,48,2,1337.619019,2025-12-08 00:45:48
43,49,2,653.423738,2025-12-08 00:44:49,20188.0,,43,49,2,1340.026855,2025-12-08 00:45:49
43,50,2,659.323738,2025-12-08 00:44:50,19183.0,,43,50,2,1342.374268,2025-12-08 00:45:50
43,51,2,655.823738,2025-12-08 00:44:51,18174.0,,43,51,2,1344.665527,2025-12-08 00:45:51
43,52,2,656.723738,2025-12-08 00:44:52,17173.0,,43,52,2,1346.90332,2025-12-08 00:45:52
43,53,2,656.223738,2025-12-08 00:44:53,16171.0,,43,53,2,1349.091675,2025-12-08 00:45:53
43,54,2,655.623738,2025-12-08 00:44:54,15169.0,,43,54,2,1351.234009,2025-12-08 00:45:54
43,55,2,655.823738,2025-12-08 00:44:55,14163.0,,43,55,2,1353.334106,2025-12-08 00:45:55
43,56,2,657.623738,2025-12-08 00:44:56,13161.0,,43,56,2,1355.395752,2025-12-08 00:45:56
43,57,2,659.823738,2025-12-08 00:44:57,12159.0,,43,57,2,1357.423096,2025-12-08 00:45:57
43,58,2,662.323738,2025-12-08 00:44:58,11157.0,,43,58,2,1359.419922,2025-12-08 00:45:58
43,59,2,657.823738,2025-12-08 00:44:59,10154.0,,43,59,2,1361.390015,2025-12-08 00:45:59
44,0,2,659.723738,2025-12-08 00:45:00,69055.0,,44,0,2,1211.0271,2025-12-08 00:46:00
44,1,2,657.623738,2025-12-08 00:45:01,68045.0,,44,1,2,1221.288086,2025-12-08 00:46:01
44,2,2,659.423738,2025-12-08 00:45:02,67041.0,,44,2,2,1229.611816,2025-12-08 00:46:02
44,3,2,660.223738,2025-12-08 00:45:03,66032.0,,44,3,2,1236.17627,2025-12-08 00:46:03
44,4,2,654.823738,2025-12-08 00:45:04,65030.0,,44,4,2,1241.497803,2025-12-08 00:46:04
44,5,2,659.623738,2025-12-08 00:45:05,64020.0,,44,5,2,1245.967773,2025-12-08 00:46:05
44,6,2,658.723738,2025-12-08 00:45:06,63019.0,,44,6,2,1249.880737,2025-12-08 00:46:06
44,7,2,651.723738,2025-12-08 00:45:07,62011.0,,44,7,2,1253.447998,2025-12-08 00:46:07
44,8,2,656.023738,2025-12-08 00:45:08,61010.0,,44,8,2,1256.815674,2025-12-08 00:46:08
44,9,2,657.123738,2025-12-08 00:45:09,60008.0,,44,9,2,1260.081177,2025-12-08 00:46:09
44,10,2,655.923738,2025-12-08 00:45:10,59007.0,,44,10,2,1263.304199,2025-12-08 00:46:10
44,11,2,657.323738,2025-12-08 00:45:11,58005.0,,44,11,2,1266.5177,2025-12-08 00:46:11
44,12,2,657.523738,2025-12-08 00:45:12,57002.0,,44,12,2,1269.737793,2025-12-08 00:46:12
44,13,2,642.723738,2025-12-08 00:45:13,55999.0,,44,13,2,1272.968628,2025-12-08 00:46:13
44,14,2,922.623738,2025-12-08 00:45:14,54996.0,,44,14,2,1276.205322,2025-12-08 00:46:14
44,15,2,997.423738,2025-12-08 00:45:15,53994.0,,44,15,2,1279.481812,2025-12-08 00:46:15
44,16,2,862.023738,2025-12-08 00:45:16,52990.0,,44,16,2,1282.765137,2025-12-08 00:46:16
44,17,2,860.523738,2025-12-08 00:45:17,51989.0,,44,17,2,1286.015015,2025-12-08 00:46:17
44,18,2,939.023738,2025-12-08 00:45:18,50986.0,,44,18,2,1289.240967,2025-12-08 00:46:18
44,19,2,874.823738,2025-12-08 00:45:19,49982.0,,44,19,2,1292.448975,2025-12-08 00:46:19
44,20,2,923.523738,2025-12-08 00:45:20,48980.0,,44,20,2,1295.609741,2025-12-08 00:46:20
44,21,2,952.323738,2025-12-08 00:45:21,47976.0,,44,21,2,1298.738159,2025-12-08 00:46:21
44,22,2,971.623738,2025-12-08 00:45:22,46970.0,,44,22,2,1301.828247,2025-12-08 00:46:22
44,23,2,999.323738,2025-12-08 00:45:23,45964.0,,44,23,2,1304.875854,2025-12-08 00:46:23
44,24,2,1019.723738,2025-12-08 00:45:24,44960.0,,44,24,2,1307.881592,2025-12-08 00:46:24
44,25,2,1040.623738,2025-12-08 00:45:25,43959.0,,44,25,2,1310.843384,2025-12-08 00:46:25
44,26,2,1057.723738,2025-12-08 00:45:26,42955.0,,44,26,2,1313.76062,2025-12-08 00:46:26
44,27,2,1075.623738,2025-12-08 00:45:27,41953.0,,44,27,2,1316.632202,2025-12-08 00:46:27
44,28,2,1091.523738,2025-12-08 00:45:28,40950.0,,44,28,2,1319.45874,2025-12-08 00:46:28
44,29,2,1096.623738,2025-12-08 00:45:29,39946.0,,44,29,2,1322.239868,2025-12-08 00:46:29
44,30,2,1100.923738,2025-12-08 00:45:30,38944.0,,44,30,2,1324.973389,2025-12-08 00:46:30
44,31,2,1104.223738,2025-12-08 00:45:31,37941.0,,44,31,2,1327.659546,2025-12-08 00:46:31
44,32,2,1111.023738,2025-12-08 00:45:32,36938.0,,44,32,2,1330.299072,2025-12-08 00:46:32
44,33,2,1110.423738,2025-12-08 00:45:33,35927.0,,44,33,2,1332.893677,2025-12-08 00:46:33
44,34,2,1109.823738,2025-12-08 00:45:34,34924.0,,44,34,2,1335.442383,2025-12-08 00:46:34
44,35,2,1109.223738,2025-12-08 00:45:35,33891.0,,44,35,2,1337.946655,2025-12-08 00:46:35
44,36,2,1112.123738,2025-12-08 00:45:36,32888.0,,44,36,2,1340.407104,2025-12-08 00:46:36
44,37,2,1108.723738,2025-12-08 00:45:37,31883.0,,44,37,2,1342.826538,2025-12-08 00:46:37
44,38,2,1108.123738,2025-12-08 00:45:38,30881.0,,44,38,2,1345.204346,2025-12-08 00:46:38
44,39,2,1110.423738,2025-12-08 00:45:39,29879.0,,44,39,2,1347.542847,2025-12-08 00:46:39
44,40,2,1109.923738,2025-12-08 00:45:40,28864.0,,44,40,2,1349.843994,2025-12-08 00:46:40
44,41,2,1106.623738,2025-12-08 00:45:41,27858.0,,44,41,2,1352.108521,2025-12-08 00:46:41
44,42,2,1105.823738,2025-12-08 00:45:42,26856.0,,44,42,2,1354.337158,2025-12-08 00:46:42
44,43,2,1104.823738,2025-12-08 00:45:43,25853.0,,44,43,2,1356.532227,2025-12-08 00:46:43
44,44,2,1107.823738,2025-12-08 00:45:44,24850.0,,44,44,2,1358.694946,2025-12-08 00:46:44
44,45,2,1106.523738,2025-12-08 00:45:45,23847.0,,44,45,2,1360.828125,2025-12-08 00:46:45
44,46,2,1103.523738,2025-12-08 00:45:46,22845.0,,44,46,2,1362.931885,2025-12-08 00:46:46
44,47,2,1105.323738,2025-12-08 00:45:47,21839.0,,44,47,2,1365.00769,2025-12-08 00:46:47
44,48,2,1107.423738,2025-12-08 00:45:48,20834.0,,44,48,2,1367.058105,2025-12-08 00:46:48
44,49,2,1109.523738,2025-12-08 00:45:49,19832.0,,44,49,2,1369.085083,2025-12-08 00:46:49
44,50,2,1110.523738,2025-12-08 00:45:50,18828.0,,44,50,2,1371.090088,2025-12-08 00:46:50
44,51,2,1113.823738,2025-12-08 00:45:51,17827.0,,44,51,2,1373.074585,2025-12-08 00:46:51
44,52,2,1115.823738,2025-12-08 00:45:52,16824.0,,44,52,2,1375.040649,2025-12-08 00:46:52
44,53,2,1117.123738,2025-12-08 00:45:53,15815.0,,44,53,2,1376.989624,2025-12-08 00:46:53
44,54,2,1120.223738,2025-12-08 00:45:54,14813.0,,44,54,2,1378.922607,2025-12-08 00:46:54
44,55,2,1123.823738,2025-12-08 00:45:55,13809.0,,44,55,2,1380.842285,2025-12-08 00:46:55
44,56,2,1125.423738,2025-12-08 00:45:56,12808.0,,44,56,2,1382.749878,2025-12-08 00:46:56
44,57,2,1128.523738,2025-12-08 00:45:57,11797.0,,44,57,2,1384.646851,2025-12-08 00:46:57
44,58,2,1141.923738,2025-12-08 00:45:58,10788.0,,44,58,2,1386.535278,2025-12-08 00:46:58
44,59,2,1126.723738,2025-12-08 00:45:59,9776.0,,44,59,2,1388.419556,2025-12-08 00:46:59
45,0,2,1128.423738,2025-12-08 00:46:00,69757.0,,45,0,2,1215.709839,2025-12-08 00:47:00
45,1,2,1132.723738,2025-12-08 00:46:01,68746.0,,45,1,2,1226.056274,2025-12-08 00:47:01
45,2,2,1130.623738,2025-12-08 00:46:02,67744.0,,45,2,2,1234.314819,2025-12-08 00:47:02
45,3,2,1131.723738,2025-12-08 00:46:03,66739.0,,45,3,2,1240.716309,2025-12-08 00:47:03
45,4,2,1131.323738,2025-12-08 00:46:04,65738.0,,45,4,2,1245.812378,2025-12-08 00:47:04
45,5,2,1129.823738,2025-12-08 00:46:05,64736.0,,45,5,2,1250.022583,2025-12-08 00:47:05
45,6,2,1130.423738,2025-12-08 00:46:06,63735.0,,45,6,2,1253.662476,2025-12-08 00:47:06
45,7,2,1129.523738,2025-12-08 00:46:07,62732.0,,45,7,2,1256.959839,2025-12-08 00:47:07
45,8,2,1127.223738,2025-12-08 00:46:08,61731.0,,45,8,2,1260.071899,2025-12-08 00:47:08
45,9,2,1147.523738,2025-12-08 00:46:09,60725.0,,45,9,2,1263.101929,2025-12-08 00:47:09
45,10,2,1130.023738,2025-12-08 00:46:10,59724.0,,45,10,2,1266.117554,2025-12-08 00:47:10
45,11,2,1130.123738,2025-12-08 00:46:11,58720.0,,45,11,2,1269.147217,2025-12-08 00:47:11
45,12,2,1127.623738,2025-12-08 00:46:12,57719.0,,45,12,2,1272.209961,2025-12-08 00:47:12
45,13,2,1128.423738,2025-12-08 00:46:13,56718.0,,45,13,2,1275.30835,2025-12-08 00:47:13
45,14,2,1128.823738,2025-12-08 00:46:14,55703.0,,45,14,2,1278.438477,2025-12-08 00:47:14
45,15,2,1126.123738,2025-12-08 00:46:15,54699.0,,45,15,2,1281.591431,2025-12-08 00:47:15
45,16,2,1126.023738,2025-12-08 00:46:16,53695.0,,45,16,2,1284.756104,2025-12-08 00:47:16
45,17,2,1127.223738,2025-12-08 00:46:17,52689.0,,45,17,2,1287.922119,2025-12-08 00:47:17
45,18,2,1126.623738,2025-12-08 00:46:18,51685.0,,45,18,2,1291.079712,2025-12-08 00:47:18
45,19,2,1151.923738,2025-12-08 00:46:19,50681.0,,45,19,2,1294.219482,2025-12-08 00:47:19
45,20,2,1133.823738,2025-12-08 00:46:20,49678.0,,45,20,2,1297.339233,2025-12-08 00:47:20
45,21,2,1135.123738,2025-12-08 00:46:21,48668.0,,45,21,2,1300.423096,2025-12-08 00:47:21
45,22,2,1129.223738,2025-12-08 00:46:22,47652.0,,45,22,2,1303.470459,2025-12-08 00:47:22
45,23,2,1130.323738,2025-12-08 00:46:23,46644.0,,45,23,2,1306.47583,2025-12-08 00:47:23
45,24,2,1131.623738,2025-12-08 00:46:24,45631.0,,45,24,2,1309.438354,2025-12-08 00:47:24
45,25,2,1129.923738,2025-12-08 00:46:25,44627.0,,45,25,2,1312.356323,2025-12-08 00:47:25
45,26,2,1131.123738,2025-12-08 00:46:26,43618.0,,45,26,2,1315.227783,2025-12-08 00:47:26
45,27,2,1134.523738,2025-12-08 00:46:27,42602.0,,45,27,2,1318.053467,2025-12-08 00:47:27
45,28,2,1134.723738,2025-12-08 00:46:28,41600.0,,45,28,2,1320.833374,2025-12-08 00:47:28
45,29,2,1134.923738,2025-12-08 00:46:29,40596.0,,45,29,2,1323.567261,2025-12-08 00:47:29
45,30,2,1136.923738,2025-12-08 00:46:30,39586.0,,45,30,2,1326.255493,2025-12-08 00:47:30
45,31,2,1131.923738,2025-12-08 00:46:31,38583.0,,45,31,2,1328.899292,2025-12-08 00:47:31
45,32,2,1133.023738,2025-12-08 00:46:32,37572.0,,45,32,2,1331.497559,2025-12-08 00:47:32
45,33,2,1136.923738,2025-12-08 00:46:33,36568.0,,45,33,2,1334.052979,2025-12-08 00:47:33
45,34,2,1137.323738,2025-12-08 00:46:34,35564.0,,45,34,2,1336.567261,2025-12-08 00:47:34
45,35,2,1132.023738,2025-12-08 00:46:35,34560.0,,45,35,2,1339.040649,2025-12-08 00:47:35
45,36,2,1133.923738,2025-12-08 00:46:36,33558.0,,45,36,2,1341.472656,2025-12-08 00:47:36
45,37,2,1132.123738,2025-12-08 00:46:37,32555.0,,45,37,2,1343.866211,2025-12-08 00:47:37
45,38,2,1137.023738,2025-12-08 00:46:38,31552.0,,45,38,2,1346.22168,2025-12-08 00:47:38
45,39,2,1137.123738,2025-12-08 00:46:39,30550.0,,45,39,2,1348.542236,2025-12-08 00:47:39
45,40,2,1136.323738,2025-12-08 00:46:40,29544.0,,45,40,2,1350.827271,2025-12-08 00:47:40
45,41,2,1133.223738,2025-12-08 00:46:41,28535.0,,45,41,2,1353.078125,2025-12-08 00:47:41
45,42,2,1135.723738,2025-12-08 00:46:42,27533.0,,45,42,2,1355.295288,2025-12-08 00:47:42
45,43,2,1134.323738,2025-12-08 00:46:43,26532.0,,45,43,2,1357.481445,2025-12-08 00:47:43
45,44,2,1135.423738,2025-12-08 00:46:44,25530.0,,45,44,2,1359.636963,2025-12-08 00:47:44
45,45,2,1132.723738,2025-12-08 00:46:45,24527.0,,45,45,2,1361.763428,2025-12-08 00:47:45
45,46,2,1130.823738,2025-12-08 00:46:46,23525.0,,45,46,2,1363.861694,2025-12-08 00:47:46
45,47,2,1132.523738,2025-12-08 00:46:47,22523.0,,45,47,2,1365.933105,2025-12-08 00:47:47
45,48,2,1133.723738,2025-12-08 00:46:48,21516.0,,45,48,2,1367.980103,2025-12-08 00:47:48
45,49,2,1126.323738,2025-12-08 00:46:49,20502.0,,45,49,2,1370.003662,2025-12-08 00:47:49
45,50,2,1129.323738,2025-12-08 00:46:50,19501.0,,45,50,2,1372.003418,2025-12-08 00:47:50
45,51,2,1131.223738,2025-12-08 00:46:51,18497.0,,45,51,2,1373.983398,2025-12-08 00:47:51
45,52,2,1126.923738,2025-12-08 00:46:52,17492.0,,45,52,2,1375.945068,2025-12-08 00:47:52
45,53,2,1131.323738,2025-12-08 00:46:53,16491.0,,45,53,2,1377.888062,2025-12-08 00:47:53
45,54,2,1133.323738,2025-12-08 00:46:54,15490.0,,45,54,2,1379.81665,2025-12-08 00:47:54
45,55,2,1127.823738,2025-12-08 00:46:55,14489.0,,45,55,2,1381.731689,2025-12-08 00:47:55
45,56,2,1128.323738,2025-12-08 00:46:56,13487.0,,45,56,2,1383.632446,2025-12-08 00:47:56
45,57,2,1133.523738,2025-12-08 00:46:57,12470.0,,45,57,2,1385.522339,2025-12-08 00:47:57
45,58,2,1128.223738,2025-12-08 00:46:58,11372.0,,45,58,2,1387.404785,2025-12-08 00:47:58
45,59,2,1132.223738,2025-12-08 00:46:59,10292.0,,45,59,2,1389.277954,2025-12-08 00:47:59
46,0,2,1132.523738,2025-12-08 00:47:00,68587.0,,46,0,2,1187.900879,2025-12-08 00:48:00
46,1,2,1141.623738,2025-12-08 00:47:01,67580.0,,46,1,2,1201.234253,2025-12-08 00:48:01
46,2,2,1134.223738,2025-12-08 00:47:02,66577.0,,46,2,2,1211.702271,2025-12-08 00:48:02
46,3,2,1130.323738,2025-12-08 00:47:03,65575.0,,46,3,2,1219.643677,2025-12-08 00:48:03
46,4,2,1131.323738,2025-12-08 00:47:04,64573.0,,46,4,2,1225.806152,2025-12-08 00:48:04
46,5,2,1116.723738,2025-12-08 00:47:05,63562.0,,46,5,2,1230.761841,2025-12-08 00:48:05
46,6,2,1119.423738,2025-12-08 00:47:06,62560.0,,46,6,2,1234.93811,2025-12-08 00:48:06
46,7,2,1118.023738,2025-12-08 00:47:07,61557.0,,46,7,2,1238.646973,2025-12-08 00:48:07
46,8,2,1125.023738,2025-12-08 00:47:08,60554.0,,46,8,2,1242.103149,2025-12-08 00:48:08
46,9,2,1123.823738,2025-12-08 00:47:09,59239.0,,46,9,2,1245.449585,2025-12-08 00:48:09
46,10,2,1123.823738,2025-12-08 00:47:10,58231.0,,46,10,2,1248.772339,2025-12-08 00:48:10
46,11,2,1119.023738,2025-12-08 00:47:11,57191.0,,46,11,2,1252.120605,2025-12-08 00:48:11
46,12,2,1120.223738,2025-12-08 00:47:12,56181.0,,46,12,2,1255.515503,2025-12-08 00:48:12
46,13,2,1127.723738,2025-12-08 00:47:13,55166.0,,46,13,2,1258.963013,2025-12-08 00:48:13
46,14,2,1122.923738,2025-12-08 00:47:14,54140.0,,46,14,2,1262.458008,2025-12-08 00:48:14
46,15,2,1119.623738,2025-12-08 00:47:15,53129.0,,46,15,2,1265.986938,2025-12-08 00:48:15
46,16,2,1115.223738,2025-12-08 00:47:16,52126.0,,46,16,2,1269.535889,2025-12-08 00:48:16
46,17,2,1119.823738,2025-12-08 00:47:17,50542.0,,46,17,2,1273.089722,2025-12-08 00:48:17
46,18,2,1120.623738,2025-12-08 00:47:18,49540.0,,46,18,2,1276.636353,2025-12-08 00:48:18
46,19,2,1124.623738,2025-12-08 00:47:19,48537.0,,46,19,2,1280.162964,2025-12-08 00:48:19
46,20,2,1124.823738,2025-12-08 00:47:20,47533.0,,46,20,2,1283.659546,2025-12-08 00:48:20
46,21,2,1121.823738,2025-12-08 00:47:21,46505.0,,46,21,2,1287.116821,2025-12-08 00:48:21
46,22,2,1115.823738,2025-12-08 00:47:22,45502.0,,46,22,2,1290.527222,2025-12-08 00:48:22
46,23,2,1132.423738,2025-12-08 00:47:23,44487.0,,46,23,2,1293.88501,2025-12-08 00:48:23
46,24,2,1117.723738,2025-12-08 00:47:24,43485.0,,46,24,2,1297.19104,2025-12-08 00:48:24
46,25,2,1116.123738,2025-12-08 00:47:25,42483.0,,46,25,2,1300.436035,2025-12-08 00:48:25
46,26,2,1076.123738,2025-12-08 00:47:26,41477.0,,46,26,2,1303.621216,2025-12-08 00:48:26
46,27,2,1078.023738,2025-12-08 00:47:27,40476.0,,46,27,2,1306.737427,2025-12-08 00:48:27
46,28,2,1075.323738,2025-12-08 00:47:28,39470.0,,46,28,2,1309.794067,2025-12-08 00:48:28
46,29,2,1073.923738,2025-12-08 00:47:29,38466.0,,46,29,2,1312.790771,2025-12-08 00:48:29
46,30,2,1075.323738,2025-12-08 00:47:30,37463.0,,46,30,2,1315.728882,2025-12-08 00:48:30
46,31,2,1071.523738,2025-12-08 00:47:31,36461.0,,46,31,2,1318.610107,2025-12-08 00:48:31
46,32,2,1074.323738,2025-12-08 00:47:32,35458.0,,46,32,2,1321.434692,2025-12-08 00:48:32
46,33,2,1075.923738,2025-12-08 00:47:33,34455.0,,46,33,2,1324.205322,2025-12-08 00:48:33
46,34,2,1075.123738,2025-12-08 00:47:34,33451.0,,46,34,2,1326.923218,2025-12-08 00:48:34
46,35,2,1073.923738,2025-12-08 00:47:35,32449.0,,46,35,2,1329.589478,2025-12-08 00:48:35
46,36,2,1077.223738,2025-12-08 00:47:36,31448.0,,46,36,2,1332.205078,2025-12-08 00:48:36
46,37,2,1075.523738,2025-12-08 00:47:37,30446.0,,46,37,2,1334.772461,2025-12-08 00:48:37
46,38,2,1075.923738,2025-12-08 00:47:38,29440.0,,46,38,2,1337.292236,2025-12-08 00:48:38
46,39,2,1075.923738,2025-12-08 00:47:39,28433.0,,46,39,2,1339.766113,2025-12-08 00:48:39
46,40,2,1072.923738,2025-12-08 00:47:40,27431.0,,46,40,2,1342.195679,2025-12-08 00:48:40
46,41,2,1082.823738,2025-12-08 00:47:41,26425.0,,46,41,2,1344.581421,2025-12-08 00:48:41
46,42,2,1073.523738,2025-12-08 00:47:42,25423.0,,46,42,2,1346.927979,2025-12-08 00:48:42
46,43,2,1073.423738,2025-12-08 00:47:43,24421.0,,46,43,2,1349.232422,2025-12-08 00:48:43
46,44,2,1074.723738,2025-12-08 00:47:44,23419.0,,46,44,2,1351.498413,2025-12-08 00:48:44
46,45,2,1072.423738,2025-12-08 00:47:45,22418.0,,46,45,2,1353.727905,2025-12-08 00:48:45
46,46,2,1074.623738,2025-12-08 00:47:46,21417.0,,46,46,2,1355.921631,2025-12-08 00:48:46
46,47,2,1078.123738,2025-12-08 00:47:47,20410.0,,46,47,2,1358.082397,2025-12-08 00:48:47
46,48,2,1076.423738,2025-12-08 00:47:48,19406.0,,46,48,2,1360.212036,2025-12-08 00:48:48
46,49,2,1072.323738,2025-12-08 00:47:49,18402.0,,46,49,2,1362.311157,2025-12-08 00:48:49
46,50,2,1073.123738,2025-12-08 00:47:50,17399.0,,46,50,2,1364.380859,2025-12-08 00:48:50
46,51,2,1072.723738,2025-12-08 00:47:51,16395.0,,46,51,2,1366.424072,2025-12-08 00:48:51
46,52,2,1070.923738,2025-12-08 00:47:52,15387.0,,46,52,2,1368.442505,2025-12-08 00:48:52
46,53,2,1082.423738,2025-12-08 00:47:53,14384.0,,46,53,2,1370.437378,2025-12-08 00:48:53
46,54,2,1070.523738,2025-12-08 00:47:54,13382.0,,46,54,2,1372.414429,2025-12-08 00:48:54
46,55,2,1077.623738,2025-12-08 00:47:55,12381.0,,46,55,2,1374.369141,2025-12-08 00:48:55
46,56,2,1069.923738,2025-12-08 00:47:56,11374.0,,46,56,2,1376.308716,2025-12-08 00:48:56
46,57,2,1070.123738,2025-12-08 00:47:57,10373.0,,46,57,2,1378.231079,2025-12-08 00:48:57
46,58,2,1083.523738,2025-12-08 00:47:58,9365.0,,46,58,2,1380.140137,2025-12-08 00:48:58
46,59,2,1072.023738,2025-12-08 00:47:59,8355.0,,46,59,2,1382.042114,2025-12-08 00:48:59
47,0,2,1073.023738,2025-12-08 00:48:00,67176.0,,47,0,2,1235.460571,2025-12-08 00:49:00
47,1,2,1087.823738,2025-12-08 00:48:01,66172.0,,47,1,2,1243.874512,2025-12-08 00:49:01
47,2,2,1075.423738,2025-12-08 00:48:02,65165.0,,47,2,2,1250.708008,2025-12-08 00:49:02
47,3,2,1070.323738,2025-12-08 00:48:03,64160.0,,47,3,2,1256.085815,2025-12-08 00:49:03
47,4,2,1142.123738,2025-12-08 00:48:04,63158.0,,47,4,2,1260.44519,2025-12-08 00:49:04
47,5,2,1175.623738,2025-12-08 00:48:05,62156.0,,47,5,2,1264.13147,2025-12-08 00:49:05
47,6,2,1174.723738,2025-12-08 00:48:06,61146.0,,47,6,2,1267.384888,2025-12-08 00:49:06
47,7,2,1164.223738,2025-12-08 00:48:07,60142.0,,47,7,2,1270.377075,2025-12-08 00:49:07
47,8,2,1166.223738,2025-12-08 00:48:08,59139.0,,47,8,2,1273.228394,2025-12-08 00:49:08
47,9,2,1164.823738,2025-12-08 00:48:09,58132.0,,47,9,2,1276.021606,2025-12-08 00:49:09
47,10,2,1165.323738,2025-12-08 00:48:10,57130.0,,47,10,2,1278.80481,2025-12-08 00:49:10
47,11,2,1172.623738,2025-12-08 00:48:11,56129.0,,47,11,2,1281.605347,2025-12-08 00:49:11
47,12,2,1169.923738,2025-12-08 00:48:12,55116.0,,47,12,2,1284.436279,2025-12-08 00:49:12
47,13,2,1166.323738,2025-12-08 00:48:13,54114.0,,47,13,2,1287.296997,2025-12-08 00:49:13
47,14,2,1168.123738,2025-12-08 00:48:14,53110.0,,47,14,2,1290.182983,2025-12-08 00:49:14
47,15,2,1166.723738,2025-12-08 00:48:15,52108.0,,47,15,2,1293.088257,2025-12-08 00:49:15
47,16,2,1165.123738,2025-12-08 00:48:16,51101.0,,47,16,2,1296.003174,2025-12-08 00:49:16
47,17,2,1167.723738,2025-12-08 00:48:17,50099.0,,47,17,2,1298.918701,2025-12-08 00:49:17
47,18,2,1170.223738,2025-12-08 00:48:18,49096.0,,47,18,2,1301.827393,2025-12-08 00:49:18
47,19,2,1183.223738,2025-12-08 00:48:19,48093.0,,47,19,2,1304.722412,2025-12-08 00:49:19
47,20,2,1175.923738,2025-12-08 00:48:20,47092.0,,47,20,2,1307.599121,2025-12-08 00:49:20
47,21,2,1165.923738,2025-12-08 00:48:21,46086.0,,47,21,2,1310.44812,2025-12-08 00:49:21
47,22,2,1163.423738,2025-12-08 00:48:22,45083.0,,47,22,2,1313.264038,2025-12-08 00:49:22
47,23,2,1169.523738,2025-12-08 00:48:23,44081.0,,47,23,2,1316.046021,2025-12-08 00:49:23
47,24,2,1176.023738,2025-12-08 00:48:24,43078.0,,47,24,2,1318.794189,2025-12-08 00:49:24
47,25,2,1173.323738,2025-12-08 00:48:25,42076.0,,47,25,2,1321.50708,2025-12-08 00:49:25
47,26,2,1172.423738,2025-12-08 00:48:26,41073.0,,47,26,2,1324.181274,2025-12-08 00:49:26
47,27,2,1169.523738,2025-12-08 00:48:27,40068.0,,47,27,2,1326.816772,2025-12-08 00:49:27
47,28,2,1164.423738,2025-12-08 00:48:28,39067.0,,47,28,2,1329.412842,2025-12-08 00:49:28
47,29,2,1176.623738,2025-12-08 00:48:29,38061.0,,47,29,2,1331.969238,2025-12-08 00:49:29
47,30,2,1166.223738,2025-12-08 00:48:30,37057.0,,47,30,2,1334.490845,2025-12-08 00:49:30
47,31,2,1166.123738,2025-12-08 00:48:31,36054.0,,47,31,2,1336.972412,2025-12-08 00:49:31
47,32,2,1166.623738,2025-12-08 00:48:32,35045.0,,47,32,2,1339.417114,2025-12-08 00:49:32
47,33,2,1166.223738,2025-12-08 00:48:33,34039.0,,47,33,2,1341.826294,2025-12-08 00:49:33
47,34,2,1167.323738,2025-12-08 00:48:34,33037.0,,47,34,2,1344.200317,2025-12-08 00:49:34
47,35,2,1165.423738,2025-12-08 00:48:35,32033.0,,47,35,2,1346.540649,2025-12-08 00:49:35
47,36,2,1165.023738,2025-12-08 00:48:36,31026.0,,47,36,2,1348.84729,2025-12-08 00:49:36
47,37,2,1164.323738,2025-12-08 00:48:37,30005.0,,47,37,2,1351.121948,2025-12-08 00:49:37
47,38,2,1166.923738,2025-12-08 00:48:38,28925.0,,47,38,2,1353.365356,2025-12-08 00:49:38
47,39,2,1167.523738,2025-12-08 00:48:39,27923.0,,47,39,2,1355.579346,2025-12-08 00:49:39
47,40,2,1170.523738,2025-12-08 00:48:40,26918.0,,47,40,2,1357.764648,2025-12-08 00:49:40
47,41,2,1165.523738,2025-12-08 00:48:41,25917.0,,47,41,2,1359.922607,2025-12-08 00:49:41
47,42,2,1164.023738,2025-12-08 00:48:42,24912.0,,47,42,2,1362.052368,2025-12-08 00:49:42
47,43,2,1164.623738,2025-12-08 00:48:43,23899.0,,47,43,2,1364.156006,2025-12-08 00:49:43
47,44,2,1165.423738,2025-12-08 00:48:44,22889.0,,47,44,2,1366.234985,2025-12-08 00:49:44
47,45,2,1171.123738,2025-12-08 00:48:45,21886.0,,47,45,2,1368.290649,2025-12-08 00:49:45
47,46,2,1164.623738,2025-12-08 00:48:46,20885.0,,47,46,2,1370.325562,2025-12-08 00:49:46
47,47,2,1163.523738,2025-12-08 00:48:47,19870.0,,47,47,2,1372.337524,2025-12-08 00:49:47
47,48,2,1164.723738,2025-12-08 00:48:48,18869.0,,47,48,2,1374.328857,2025-12-08 00:49:48
47,49,2,1163.523738,2025-12-08 00:48:49,17862.0,,47,49,2,1376.302002,2025-12-08 00:49:49
47,50,2,1163.523738,2025-12-08 00:48:50,16859.0,,47,50,2,1378.257324,2025-12-08 00:49:50
47,51,2,1164.523738,2025-12-08 00:48:51,15858.0,,47,51,2,1380.196533,2025-12-08 00:49:51
47,52,2,1163.223738,2025-12-08 00:48:52,14857.0,,47,52,2,1382.121216,2025-12-08 00:49:52
47,53,2,1167.223738,2025-12-08 00:48:53,13854.0,,47,53,2,1384.031982,2025-12-08 00:49:53
47,54,2,1165.923738,2025-12-08 00:48:54,12846.0,,47,54,2,1385.932007,2025-12-08 00:49:54
47,55,2,1164.023738,2025-12-08 00:48:55,11845.0,,47,55,2,1387.821167,2025-12-08 00:49:55
47,56,2,1162.823738,2025-12-08 00:48:56,10842.0,,47,56,2,1389.700317,2025-12-08 00:49:56
47,57,2,1172.123738,2025-12-08 00:48:57,9832.0,,47,57,2,1391.571289,2025-12-08 00:49:57
47,58,2,1173.223738,2025-12-08 00:48:58,8825.0,,47,58,2,1393.438965,2025-12-08 00:49:58
47,59,2,1163.823738,2025-12-08 00:48:59,7823.0,,47,59,2,1395.302002,2025-12-08 00:49:59
