block,id,sensor_id,sensor_energy_value,sensor_timestamp,message_delay,,block,id,sensor_id,sensor_energy_value_prediction,sensor_timestamp
0,0,3,732.8,2025-12-08 00:00:00,71582.0,,0,0,3,863.633545,2025-12-08 00:01:00
0,1,3,758.9,2025-12-08 00:00:01,70572.0,,0,1,3,888.579468,2025-12-08 00:01:01
0,2,3,738.8,2025-12-08 00:00:02,69570.0,,0,2,3,916.653442,2025-12-08 00:01:02
0,3,3,735.0,2025-12-08 00:00:03,68568.0,,0,3,3,946.357056,2025-12-08 00:01:03
0,4,3,729.9,2025-12-08 00:00:04,67565.0,,0,4,3,976.499695,2025-12-08 00:01:04
0,5,3,730.7,2025-12-08 00:00:05,66562.0,,0,5,3,1006.196594,2025-12-08 00:01:05
0,6,3,728.5,2025-12-08 00:00:06,65560.0,,0,6,3,1034.818359,2025-12-08 00:01:06
0,7,3,734.5,2025-12-08 00:00:07,64558.0,,0,7,3,1061.94812,2025-12-08 00:01:07
0,8,3,721.5,2025-12-08 00:00:08,63556.0,,0,8,3,1087.343018,2025-12-08 00:01:08
0,9,3,752.0,2025-12-08 00:00:09,62554.0,,0,9,3,1110.898926,2025-12-08 00:01:09
0,10,3,752.4,2025-12-08 00:00:10,61551.0,,0,10,3,1132.617554,2025-12-08 00:01:10
0,11,3,733.0,2025-12-08 00:00:11,60549.0,,0,11,3,1152.576904,2025-12-08 00:01:11
0,12,3,742.4,2025-12-08 00:00:12,59547.0,,0,12,3,1170.905029,2025-12-08 00:01:12
0,13,3,742.4,2025-12-08 00:00:13,58544.0,,0,13,3,1187.758423,2025-12-08 00:01:13
0,14,3,729.4,2025-12-08 00:00:14,57542.0,,0,14,3,1203.304443,2025-12-08 00:01:14
0,15,3,720.8,2025-12-08 00:00:15,56539.0,,0,15,3,1217.707886,2025-12-08 00:01:15
0,16,3,739.3,2025-12-08 00:00:16,55537.0,,0,16,3,1231.122803,2025-12-08 00:01:16
0,17,3,715.1,2025-12-08 00:00:17,54531.0,,0,17,3,1243.686157,2025-12-08 00:01:17
0,18,3,740.9,2025-12-08 00:00:18,53528.0,,0,18,3,1255.516479,2025-12-08 00:01:18
0,19,3,749.5,2025-12-08 00:00:19,52525.0,,0,19,3,1266.712646,2025-12-08 00:01:19
0,20,3,725.2,2025-12-08 00:00:20,51522.0,,0,20,3,1277.355835,2025-12-08 00:01:20
0,21,3,712.8,2025-12-08 00:00:21,50520.0,,0,21,3,1287.510986,2025-12-08 00:01:21
0,22,3,733.7,2025-12-08 00:00:22,49517.0,,0,22,3,1297.229004,2025-12-08 00:01:22
0,23,3,737.8,2025-12-08 00:00:23,48515.0,,0,23,3,1306.550903,2025-12-08 00:01:23
0,24,3,734.9,2025-12-08 00:00:24,47513.0,,0,24,3,1315.508423,2025-12-08 00:01:24
0,25,3,697.5,2025-12-08 00:00:25,46510.0,,0,25,3,1324.127075,2025-12-08 00:01:25
0,26,3,731.8,2025-12-08 00:00:26,45507.0,,0,26,3,1332.427979,2025-12-08 00:01:26
0,27,3,752.0,2025-12-08 00:00:27,44505.0,,0,27,3,1340.428955,2025-12-08 00:01:27
0,28,3,729.9,2025-12-08 00:00:28,43503.0,,0,28,3,1348.145508,2025-12-08 00:01:28
0,29,3,719.2,2025-12-08 00:00:29,42501.0,,0,29,3,1355.591797,2025-12-08 00:01:29
0,30,3,708.9,2025-12-08 00:00:30,41497.0,,0,30,3,1362.781494,2025-12-08 00:01:30
0,31,3,739.6,2025-12-08 00:00:31,40493.0,,0,31,3,1369.726807,2025-12-08 00:01:31
0,32,3,729.6,2025-12-08 00:00:32,39491.0,,0,32,3,1376.440186,2025-12-08 00:01:32
0,33,3,852.3,2025-12-08 00:00:33,38488.0,,0,33,3,1382.933594,2025-12-08 00:01:33
0,34,3,849.2,2025-12-08 00:00:34,37485.0,,0,34,3,1389.218384,2025-12-08 00:01:34
0,35,3,830.6,2025-12-08 00:00:35,36483.0,,0,35,3,1395.305176,2025-12-08 00:01:35
0,36,3,842.4,2025-12-08 00:00:36,35480.0,,0,36,3,1401.204712,2025-12-08 00:01:36
0,37,3,724.9,2025-12-08 00:00:37,34478.0,,0,37,3,1406.926758,2025-12-08 00:01:37
0,38,3,829.1,2025-12-08 00:00:38,33477.0,,0,38,3,1412.480713,2025-12-08 00:01:38
0,39,3,890.7,2025-12-08 00:00:39,32474.0,,0,39,3,1417.875244,2025-12-08 00:01:39
0,40,3,869.4,2025-12-08 00:00:40,31471.0,,0,40,3,1423.118408,2025-12-08 00:01:40
0,41,3,838.3,2025-12-08 00:00:41,30469.0,,0,41,3,1428.218018,2025-12-08 00:01:41
0,42,3,758.6,2025-12-08 00:00:42,29466.0,,0,42,3,1433.18103,2025-12-08 00:01:42
0,43,3,780.2,2025-12-08 00:00:43,28460.0,,0,43,3,1438.013916,2025-12-08 00:01:43
0,44,3,849.8,2025-12-08 00:00:44,27458.0,,0,44,3,1442.7229,2025-12-08 00:01:44
0,45,3,835.6,2025-12-08 00:00:45,26456.0,,0,45,3,1447.313721,2025-12-08 00:01:45
0,46,3,832.4,2025-12-08 00:00:46,25453.0,,0,46,3,1451.791504,2025-12-08 00:01:46
0,47,3,829.0,2025-12-08 00:00:47,24451.0,,0,47,3,1456.161255,2025-12-08 00:01:47
0,48,3,821.2,2025-12-08 00:00:48,23449.0,,0,48,3,1460.427612,2025-12-08 00:01:48
0,49,3,846.4,2025-12-08 00:00:49,22445.0,,0,49,3,1464.594971,2025-12-08 00:01:49
0,50,3,844.9,2025-12-08 00:00:50,21443.0,,0,50,3,1468.667725,2025-12-08 00:01:50
0,51,3,850.7,2025-12-08 00:00:51,20442.0,,0,51,3,1472.64917,2025-12-08 00:01:51
0,52,3,777.1,2025-12-08 00:00:52,19439.0,,0,52,3,1476.543213,2025-12-08 00:01:52
0,53,3,773.4,2025-12-08 00:00:53,18438.0,,0,53,3,1480.353516,2025-12-08 00:01:53
0,54,3,779.0,2025-12-08 00:00:54,17435.0,,0,54,3,1484.083374,2025-12-08 00:01:54
0,55,3,757.6,2025-12-08 00:00:55,16432.0,,0,55,3,1487.735962,2025-12-08 00:01:55
0,56,3,789.2,2025-12-08 00:00:56,15427.0,,0,56,3,1491.314087,2025-12-08 00:01:56
0,57,3,771.7,2025-12-08 00:00:57,14425.0,,0,57,3,1494.820679,2025-12-08 00:01:57
0,58,3,760.5,2025-12-08 00:00:58,13423.0,,0,58,3,1498.258545,2025-12-08 00:01:58
0,59,3,756.6,2025-12-08 00:00:59,12420.0,,0,59,3,1501.630249,2025-12-08 00:01:59
1,0,3,1277.1,2025-12-08 00:01:00,71162.0,,1,0,3,1365.731079,2025-12-08 00:02:00
1,1,3,1288.3,2025-12-08 00:01:01,70160.0,,1,1,3,1373.374878,2025-12-08 00:02:01
1,2,3,1285.6,2025-12-08 00:01:02,69158.0,,1,2,3,1381.188599,2025-12-08 00:02:02
1,3,3,1293.3,2025-12-08 00:01:03,68155.0,,1,3,3,1388.930054,2025-12-08 00:02:03
1,4,3,1304.5,2025-12-08 00:01:04,67153.0,,1,4,3,1396.421997,2025-12-08 00:02:04
1,5,3,1085.9,2025-12-08 00:01:05,66151.0,,1,5,3,1403.557739,2025-12-08 00:02:05
1,6,3,1252.3,2025-12-08 00:01:06,65148.0,,1,6,3,1410.287476,2025-12-08 00:02:06
1,7,3,1078.1,2025-12-08 00:01:07,64146.0,,1,7,3,1416.604248,2025-12-08 00:02:07
1,8,3,1039.3,2025-12-08 00:01:08,63143.0,,1,8,3,1422.529175,2025-12-08 00:02:08
1,9,3,1125.1,2025-12-08 00:01:09,62141.0,,1,9,3,1428.100098,2025-12-08 00:02:09
1,10,3,1057.5,2025-12-08 00:01:10,61138.0,,1,10,3,1433.362549,2025-12-08 00:02:10
1,11,3,1123.1,2025-12-08 00:01:11,60136.0,,1,11,3,1438.363525,2025-12-08 00:02:11
1,12,3,1125.9,2025-12-08 00:01:12,59134.0,,1,12,3,1443.145874,2025-12-08 00:02:12
1,13,3,1191.8,2025-12-08 00:01:13,58131.0,,1,13,3,1447.747681,2025-12-08 00:02:13
1,14,3,1187.2,2025-12-08 00:01:14,57129.0,,1,14,3,1452.199219,2025-12-08 00:02:14
1,15,3,1210.3,2025-12-08 00:01:15,56127.0,,1,15,3,1456.524902,2025-12-08 00:02:15
1,16,3,1231.5,2025-12-08 00:01:16,55125.0,,1,16,3,1460.742188,2025-12-08 00:02:16
1,17,3,1249.0,2025-12-08 00:01:17,54123.0,,1,17,3,1464.863892,2025-12-08 00:02:17
1,18,3,1280.0,2025-12-08 00:01:18,53121.0,,1,18,3,1468.898682,2025-12-08 00:02:18
1,19,3,1295.1,2025-12-08 00:01:19,52119.0,,1,19,3,1472.851685,2025-12-08 00:02:19
1,20,3,1324.6,2025-12-08 00:01:20,51117.0,,1,20,3,1476.726562,2025-12-08 00:02:20
1,21,3,1303.0,2025-12-08 00:01:21,50116.0,,1,21,3,1480.525146,2025-12-08 00:02:21
1,22,3,1314.5,2025-12-08 00:01:22,49114.0,,1,22,3,1484.249634,2025-12-08 00:02:22
1,23,3,1317.8,2025-12-08 00:01:23,48111.0,,1,23,3,1487.900635,2025-12-08 00:02:23
1,24,3,1319.5,2025-12-08 00:01:24,47109.0,,1,24,3,1491.479736,2025-12-08 00:02:24
1,25,3,1287.3,2025-12-08 00:01:25,46107.0,,1,25,3,1494.988525,2025-12-08 00:02:25
1,26,3,1312.8,2025-12-08 00:01:26,45103.0,,1,26,3,1498.428223,2025-12-08 00:02:26
1,27,3,1316.1,2025-12-08 00:01:27,44102.0,,1,27,3,1501.800903,2025-12-08 00:02:27
1,28,3,1301.7,2025-12-08 00:01:28,43100.0,,1,28,3,1505.108887,2025-12-08 00:02:28
1,29,3,1325.0,2025-12-08 00:01:29,42097.0,,1,29,3,1508.354248,2025-12-08 00:02:29
1,30,3,1325.5,2025-12-08 00:01:30,41095.0,,1,30,3,1511.539307,2025-12-08 00:02:30
1,31,3,1316.1,2025-12-08 00:01:31,40093.0,,1,31,3,1514.666138,2025-12-08 00:02:31
1,32,3,1308.1,2025-12-08 00:01:32,39091.0,,1,32,3,1517.737549,2025-12-08 00:02:32
1,33,3,1296.4,2025-12-08 00:01:33,38089.0,,1,33,3,1520.754883,2025-12-08 00:02:33
1,34,3,1316.9,2025-12-08 00:01:34,37086.0,,1,34,3,1523.721069,2025-12-08 00:02:34
1,35,3,1302.8,2025-12-08 00:01:35,36085.0,,1,35,3,1526.637573,2025-12-08 00:02:35
1,36,3,1318.8,2025-12-08 00:01:36,35083.0,,1,36,3,1529.50647,2025-12-08 00:02:36
1,37,3,1295.8,2025-12-08 00:01:37,34080.0,,1,37,3,1532.329346,2025-12-08 00:02:37
1,38,3,1297.2,2025-12-08 00:01:38,33079.0,,1,38,3,1535.107666,2025-12-08 00:02:38
1,39,3,1317.3,2025-12-08 00:01:39,32077.0,,1,39,3,1537.843628,2025-12-08 00:02:39
1,40,3,1306.7,2025-12-08 00:01:40,31076.0,,1,40,3,1540.537598,2025-12-08 00:02:40
1,41,3,1290.3,2025-12-08 00:01:41,30074.0,,1,41,3,1543.191895,2025-12-08 00:02:41
1,42,3,1331.7,2025-12-08 00:01:42,29072.0,,1,42,3,1545.807373,2025-12-08 00:02:42
1,43,3,1328.6,2025-12-08 00:01:43,28070.0,,1,43,3,1548.385498,2025-12-08 00:02:43
1,44,3,1329.1,2025-12-08 00:01:44,27067.0,,1,44,3,1550.927124,2025-12-08 00:02:44
1,45,3,1314.8,2025-12-08 00:01:45,26065.0,,1,45,3,1553.433594,2025-12-08 00:02:45
1,46,3,1332.3,2025-12-08 00:01:46,25062.0,,1,46,3,1555.906006,2025-12-08 00:02:46
1,47,3,1340.2,2025-12-08 00:01:47,24060.0,,1,47,3,1558.345337,2025-12-08 00:02:47
1,48,3,1339.2,2025-12-08 00:01:48,23057.0,,1,48,3,1560.752563,2025-12-08 00:02:48
1,49,3,1326.3,2025-12-08 00:01:49,22055.0,,1,49,3,1563.128906,2025-12-08 00:02:49
1,50,3,1343.7,2025-12-08 00:01:50,21054.0,,1,50,3,1565.475098,2025-12-08 00:02:50
1,51,3,1334.8,2025-12-08 00:01:51,20052.0,,1,51,3,1567.792114,2025-12-08 00:02:51
1,52,3,1320.7,2025-12-08 00:01:52,19049.0,,1,52,3,1570.080933,2025-12-08 00:02:52
1,53,3,1333.0,2025-12-08 00:01:53,18048.0,,1,53,3,1572.342529,2025-12-08 00:02:53
1,54,3,1332.2,2025-12-08 00:01:54,17046.0,,1,54,3,1574.577393,2025-12-08 00:02:54
1,55,3,1323.4,2025-12-08 00:01:55,16043.0,,1,55,3,1576.786499,2025-12-08 00:02:55
1,56,3,1347.8,2025-12-08 00:01:56,15042.0,,1,56,3,1578.970825,2025-12-08 00:02:56
1,57,3,1331.4,2025-12-08 00:01:57,14040.0,,1,57,3,1581.130859,2025-12-08 00:02:57
1,58,3,1354.8,2025-12-08 00:01:58,13038.0,,1,58,3,1583.267456,2025-12-08 00:02:58
1,59,3,1353.9,2025-12-08 00:01:59,12036.0,,1,59,3,1585.381348,2025-12-08 00:02:59
2,0,3,1333.2,2025-12-08 00:02:00,71361.0,,2,0,3,1358.67627,2025-12-08 00:03:00
2,1,3,1334.5,2025-12-08 00:02:01,70359.0,,2,1,3,1364.975464,2025-12-08 00:03:01
2,2,3,1343.1,2025-12-08 00:02:02,69357.0,,2,2,3,1371.994385,2025-12-08 00:03:02
2,3,3,1331.1,2025-12-08 00:02:03,68355.0,,2,3,3,1379.424805,2025-12-08 00:03:03
2,4,3,1335.4,2025-12-08 00:02:04,67352.0,,2,4,3,1386.969238,2025-12-08 00:03:04
2,5,3,1337.7,2025-12-08 00:02:05,66349.0,,2,5,3,1394.405884,2025-12-08 00:03:05
2,6,3,1328.9,2025-12-08 00:02:06,65348.0,,2,6,3,1401.585938,2025-12-08 00:03:06
2,7,3,1333.0,2025-12-08 00:02:07,64346.0,,2,7,3,1408.423462,2025-12-08 00:03:07
2,8,3,1320.5,2025-12-08 00:02:08,63343.0,,2,8,3,1414.880981,2025-12-08 00:03:08
2,9,3,1314.3,2025-12-08 00:02:09,62341.0,,2,9,3,1420.957764,2025-12-08 00:03:09
2,10,3,1354.9,2025-12-08 00:02:10,61339.0,,2,10,3,1426.675537,2025-12-08 00:03:10
2,11,3,1329.3,2025-12-08 00:02:11,60337.0,,2,11,3,1432.070679,2025-12-08 00:03:11
2,12,3,1340.8,2025-12-08 00:02:12,59334.0,,2,12,3,1437.185181,2025-12-08 00:03:12
2,13,3,1322.0,2025-12-08 00:02:13,58332.0,,2,13,3,1442.060547,2025-12-08 00:03:13
2,14,3,1350.0,2025-12-08 00:02:14,57330.0,,2,14,3,1446.73584,2025-12-08 00:03:14
2,15,3,1358.8,2025-12-08 00:02:15,56329.0,,2,15,3,1451.243774,2025-12-08 00:03:15
2,16,3,1343.2,2025-12-08 00:02:16,55327.0,,2,16,3,1455.611694,2025-12-08 00:03:16
2,17,3,1335.0,2025-12-08 00:02:17,54324.0,,2,17,3,1459.860718,2025-12-08 00:03:17
2,18,3,1347.6,2025-12-08 00:02:18,53322.0,,2,18,3,1464.005981,2025-12-08 00:03:18
2,19,3,1332.8,2025-12-08 00:02:19,52320.0,,2,19,3,1468.058838,2025-12-08 00:03:19
2,20,3,1325.8,2025-12-08 00:02:20,51318.0,,2,20,3,1472.026733,2025-12-08 00:03:20
2,21,3,1358.5,2025-12-08 00:02:21,50316.0,,2,21,3,1475.914673,2025-12-08 00:03:21
2,22,3,1348.1,2025-12-08 00:02:22,49314.0,,2,22,3,1479.72583,2025-12-08 00:03:22
2,23,3,1342.6,2025-12-08 00:02:23,48313.0,,2,23,3,1483.462402,2025-12-08 00:03:23
2,24,3,1341.2,2025-12-08 00:02:24,47310.0,,2,24,3,1487.125854,2025-12-08 00:03:24
2,25,3,1332.1,2025-12-08 00:02:25,46308.0,,2,25,3,1490.718018,2025-12-08 00:03:25
2,26,3,1326.1,2025-12-08 00:02:26,45306.0,,2,26,3,1494.239868,2025-12-08 00:03:26
2,27,3,1332.8,2025-12-08 00:02:27,44303.0,,2,27,3,1497.693115,2025-12-08 00:03:27
2,28,3,1338.5,2025-12-08 00:02:28,43301.0,,2,28,3,1501.07959,2025-12-08 00:03:28
2,29,3,1347.5,2025-12-08 00:02:29,42299.0,,2,29,3,1504.401123,2025-12-08 00:03:29
2,30,3,1335.8,2025-12-08 00:02:30,41297.0,,2,30,3,1507.659668,2025-12-08 00:03:30
2,31,3,1320.1,2025-12-08 00:02:31,40295.0,,2,31,3,1510.857788,2025-12-08 00:03:31
2,32,3,1320.5,2025-12-08 00:02:32,39293.0,,2,32,3,1513.997192,2025-12-08 00:03:32
2,33,3,1326.1,2025-12-08 00:02:33,38290.0,,2,33,3,1517.080444,2025-12-08 00:03:33
2,34,3,1324.2,2025-12-08 00:02:34,37288.0,,2,34,3,1520.109619,2025-12-08 00:03:34
2,35,3,1344.2,2025-12-08 00:02:35,36286.0,,2,35,3,1523.086792,2025-12-08 00:03:35
2,36,3,1349.5,2025-12-08 00:02:36,35284.0,,2,36,3,1526.013916,2025-12-08 00:03:36
2,37,3,1345.9,2025-12-08 00:02:37,34282.0,,2,37,3,1528.892944,2025-12-08 00:03:37
2,38,3,1328.8,2025-12-08 00:02:38,33278.0,,2,38,3,1531.725342,2025-12-08 00:03:38
2,39,3,1323.6,2025-12-08 00:02:39,32275.0,,2,39,3,1534.513306,2025-12-08 00:03:39
2,40,3,1346.0,2025-12-08 00:02:40,31273.0,,2,40,3,1537.258057,2025-12-08 00:03:40
2,41,3,1311.0,2025-12-08 00:02:41,30271.0,,2,41,3,1539.960938,2025-12-08 00:03:41
2,42,3,1328.2,2025-12-08 00:02:42,29269.0,,2,42,3,1542.623413,2025-12-08 00:03:42
2,43,3,1300.0,2025-12-08 00:02:43,28267.0,,2,43,3,1545.247192,2025-12-08 00:03:43
2,44,3,1329.5,2025-12-08 00:02:44,27264.0,,2,44,3,1547.83313,2025-12-08 00:03:44
2,45,3,1325.4,2025-12-08 00:02:45,26263.0,,2,45,3,1550.382446,2025-12-08 00:03:45
2,46,3,1347.3,2025-12-08 00:02:46,25261.0,,2,46,3,1552.89624,2025-12-08 00:03:46
2,47,3,1324.2,2025-12-08 00:02:47,24257.0,,2,47,3,1555.375732,2025-12-08 00:03:47
2,48,3,1332.1,2025-12-08 00:02:48,23256.0,,2,48,3,1557.822266,2025-12-08 00:03:48
2,49,3,1332.0,2025-12-08 00:02:49,22254.0,,2,49,3,1560.236084,2025-12-08 00:03:49
2,50,3,1327.2,2025-12-08 00:02:50,21251.0,,2,50,3,1562.619263,2025-12-08 00:03:50
2,51,3,1332.4,2025-12-08 00:02:51,20250.0,,2,51,3,1564.971802,2025-12-08 00:03:51
2,52,3,1314.3,2025-12-08 00:02:52,19247.0,,2,52,3,1567.295044,2025-12-08 00:03:52
2,53,3,1324.9,2025-12-08 00:02:53,18246.0,,2,53,3,1569.589966,2025-12-08 00:03:53
2,54,3,1334.8,2025-12-08 00:02:54,17244.0,,2,54,3,1571.8573,2025-12-08 00:03:54
2,55,3,1333.9,2025-12-08 00:02:55,16243.0,,2,55,3,1574.0979,2025-12-08 00:03:55
2,56,3,1342.3,2025-12-08 00:02:56,15242.0,,2,56,3,1576.312622,2025-12-08 00:03:56
2,57,3,1346.8,2025-12-08 00:02:57,14240.0,,2,57,3,1578.502197,2025-12-08 00:03:57
2,58,3,1334.5,2025-12-08 00:02:58,13239.0,,2,58,3,1580.667358,2025-12-08 00:03:58
2,59,3,1338.4,2025-12-08 00:02:59,12238.0,,2,59,3,1582.80896,2025-12-08 00:03:59
3,0,3,1429.6,2025-12-08 00:03:00,71018.0,,3,0,3,1513.795288,2025-12-08 00:04:00
3,1,3,1443.4,2025-12-08 00:03:01,70017.0,,3,1,3,1522.417114,2025-12-08 00:04:01
3,2,3,1423.7,2025-12-08 00:03:02,69014.0,,3,2,3,1528.591187,2025-12-08 00:04:02
3,3,3,1443.7,2025-12-08 00:03:03,68012.0,,3,3,3,1532.781616,2025-12-08 00:04:03
3,4,3,1429.4,2025-12-08 00:03:04,67010.0,,3,4,3,1535.551392,2025-12-08 00:04:04
3,5,3,1438.0,2025-12-08 00:03:05,66008.0,,3,5,3,1537.412476,2025-12-08 00:04:05
3,6,3,1451.8,2025-12-08 00:03:06,65006.0,,3,6,3,1538.783081,2025-12-08 00:04:06
3,7,3,1423.5,2025-12-08 00:03:07,63999.0,,3,7,3,1539.975342,2025-12-08 00:04:07
3,8,3,1442.7,2025-12-08 00:03:08,62997.0,,3,8,3,1541.200928,2025-12-08 00:04:08
3,9,3,1434.7,2025-12-08 00:03:09,61995.0,,3,9,3,1542.585327,2025-12-08 00:04:09
3,10,3,1430.3,2025-12-08 00:03:10,60993.0,,3,10,3,1544.187012,2025-12-08 00:04:10
3,11,3,1436.4,2025-12-08 00:03:11,59991.0,,3,11,3,1546.016724,2025-12-08 00:04:11
3,12,3,1458.8,2025-12-08 00:03:12,58989.0,,3,12,3,1548.053589,2025-12-08 00:04:12
3,13,3,1452.5,2025-12-08 00:03:13,57987.0,,3,13,3,1550.260254,2025-12-08 00:04:13
3,14,3,1431.6,2025-12-08 00:03:14,56985.0,,3,14,3,1552.592285,2025-12-08 00:04:14
3,15,3,1427.9,2025-12-08 00:03:15,55983.0,,3,15,3,1555.006226,2025-12-08 00:04:15
3,16,3,1440.3,2025-12-08 00:03:16,54981.0,,3,16,3,1557.463013,2025-12-08 00:04:16
3,17,3,1416.9,2025-12-08 00:03:17,53979.0,,3,17,3,1559.931152,2025-12-08 00:04:17
3,18,3,1433.0,2025-12-08 00:03:18,52977.0,,3,18,3,1562.387451,2025-12-08 00:04:18
3,19,3,1338.5,2025-12-08 00:03:19,51975.0,,3,19,3,1564.815063,2025-12-08 00:04:19
3,20,3,1345.7,2025-12-08 00:03:20,50973.0,,3,20,3,1567.2052,2025-12-08 00:04:20
3,21,3,1332.1,2025-12-08 00:03:21,49972.0,,3,21,3,1569.552734,2025-12-08 00:04:21
3,22,3,1331.7,2025-12-08 00:03:22,48970.0,,3,22,3,1571.857056,2025-12-08 00:04:22
3,23,3,1441.7,2025-12-08 00:03:23,47948.0,,3,23,3,1574.119995,2025-12-08 00:04:23
3,24,3,1416.2,2025-12-08 00:03:24,46947.0,,3,24,3,1576.344116,2025-12-08 00:04:24
3,25,3,1435.3,2025-12-08 00:03:25,45945.0,,3,25,3,1578.533813,2025-12-08 00:04:25
3,26,3,1443.7,2025-12-08 00:03:26,44943.0,,3,26,3,1580.692749,2025-12-08 00:04:26
3,27,3,1435.6,2025-12-08 00:03:27,43941.0,,3,27,3,1582.824219,2025-12-08 00:04:27
3,28,3,1463.0,2025-12-08 00:03:28,42939.0,,3,28,3,1584.931274,2025-12-08 00:04:28
3,29,3,1461.3,2025-12-08 00:03:29,41938.0,,3,29,3,1587.016479,2025-12-08 00:04:29
3,30,3,1422.7,2025-12-08 00:03:30,40936.0,,3,30,3,1589.081055,2025-12-08 00:04:30
3,31,3,1443.8,2025-12-08 00:03:31,39935.0,,3,31,3,1591.126953,2025-12-08 00:04:31
3,32,3,1442.5,2025-12-08 00:03:32,38933.0,,3,32,3,1593.154419,2025-12-08 00:04:32
3,33,3,1439.3,2025-12-08 00:03:33,37931.0,,3,33,3,1595.164307,2025-12-08 00:04:33
3,34,3,1436.9,2025-12-08 00:03:34,36929.0,,3,34,3,1597.15686,2025-12-08 00:04:34
3,35,3,1474.0,2025-12-08 00:03:35,35927.0,,3,35,3,1599.132324,2025-12-08 00:04:35
3,36,3,1433.3,2025-12-08 00:03:36,34925.0,,3,36,3,1601.090942,2025-12-08 00:04:36
3,37,3,1436.5,2025-12-08 00:03:37,33923.0,,3,37,3,1603.032715,2025-12-08 00:04:37
3,38,3,1458.5,2025-12-08 00:03:38,32920.0,,3,38,3,1604.95813,2025-12-08 00:04:38
3,39,3,1454.6,2025-12-08 00:03:39,31918.0,,3,39,3,1606.867188,2025-12-08 00:04:39
3,40,3,1435.0,2025-12-08 00:03:40,30916.0,,3,40,3,1608.760376,2025-12-08 00:04:40
3,41,3,1433.1,2025-12-08 00:03:41,29914.0,,3,41,3,1610.637817,2025-12-08 00:04:41
3,42,3,1434.0,2025-12-08 00:03:42,28913.0,,3,42,3,1612.500366,2025-12-08 00:04:42
3,43,3,1442.1,2025-12-08 00:03:43,27911.0,,3,43,3,1614.348022,2025-12-08 00:04:43
3,44,3,1442.0,2025-12-08 00:03:44,26910.0,,3,44,3,1616.181519,2025-12-08 00:04:44
3,45,3,1454.0,2025-12-08 00:03:45,25908.0,,3,45,3,1618.000854,2025-12-08 00:04:45
3,46,3,1439.8,2025-12-08 00:03:46,24906.0,,3,46,3,1619.807129,2025-12-08 00:04:46
3,47,3,1445.8,2025-12-08 00:03:47,23904.0,,3,47,3,1621.600464,2025-12-08 00:04:47
3,48,3,1459.5,2025-12-08 00:03:48,22903.0,,3,48,3,1623.381104,2025-12-08 00:04:48
3,49,3,1431.0,2025-12-08 00:03:49,21901.0,,3,49,3,1625.149902,2025-12-08 00:04:49
3,50,3,1435.0,2025-12-08 00:03:50,20899.0,,3,50,3,1626.907104,2025-12-08 00:04:50
3,51,3,1437.2,2025-12-08 00:03:51,19897.0,,3,51,3,1628.652832,2025-12-08 00:04:51
3,52,3,1456.0,2025-12-08 00:03:52,18895.0,,3,52,3,1630.388062,2025-12-08 00:04:52
3,53,3,1429.2,2025-12-08 00:03:53,17893.0,,3,53,3,1632.112427,2025-12-08 00:04:53
3,54,3,1419.8,2025-12-08 00:03:54,16892.0,,3,54,3,1633.826904,2025-12-08 00:04:54
3,55,3,1423.2,2025-12-08 00:03:55,15890.0,,3,55,3,1635.531616,2025-12-08 00:04:55
3,56,3,1476.1,2025-12-08 00:03:56,14889.0,,3,56,3,1637.226685,2025-12-08 00:04:56
3,57,3,1505.0,2025-12-08 00:03:57,13887.0,,3,57,3,1638.912598,2025-12-08 00:04:57
3,58,3,1502.6,2025-12-08 00:03:58,12885.0,,3,58,3,1640.5896,2025-12-08 00:04:58
3,59,3,1521.9,2025-12-08 00:03:59,11884.0,,3,59,3,1642.258057,2025-12-08 00:04:59
4,0,3,1545.9,2025-12-08 00:04:00,70760.0,,4,0,3,1559.491089,2025-12-08 00:05:00
4,1,3,1555.1,2025-12-08 00:04:01,69758.0,,4,1,3,1558.737061,2025-12-08 00:05:01
4,2,3,1554.6,2025-12-08 00:04:02,68756.0,,4,2,3,1560.129395,2025-12-08 00:05:02
4,3,3,1556.3,2025-12-08 00:04:03,67754.0,,4,3,3,1563.009521,2025-12-08 00:05:03
4,4,3,1547.6,2025-12-08 00:04:04,66752.0,,4,4,3,1566.776367,2025-12-08 00:05:04
4,5,3,1542.1,2025-12-08 00:04:05,65750.0,,4,5,3,1570.950439,2025-12-08 00:05:05
4,6,3,1576.3,2025-12-08 00:04:06,64748.0,,4,6,3,1575.180908,2025-12-08 00:05:06
4,7,3,1550.0,2025-12-08 00:04:07,63747.0,,4,7,3,1579.234863,2025-12-08 00:05:07
4,8,3,1550.8,2025-12-08 00:04:08,62745.0,,4,8,3,1582.980225,2025-12-08 00:05:08
4,9,3,1556.9,2025-12-08 00:04:09,61744.0,,4,9,3,1586.361694,2025-12-08 00:05:09
4,10,3,1562.5,2025-12-08 00:04:10,60742.0,,4,10,3,1589.37915,2025-12-08 00:05:10
4,11,3,1533.3,2025-12-08 00:04:11,59740.0,,4,11,3,1592.067749,2025-12-08 00:05:11
4,12,3,1539.2,2025-12-08 00:04:12,58736.0,,4,12,3,1594.481445,2025-12-08 00:05:12
4,13,3,1519.8,2025-12-08 00:04:13,57733.0,,4,13,3,1596.680664,2025-12-08 00:05:13
4,14,3,1514.9,2025-12-08 00:04:14,56731.0,,4,14,3,1598.723389,2025-12-08 00:05:14
4,15,3,1509.9,2025-12-08 00:04:15,55728.0,,4,15,3,1600.660034,2025-12-08 00:05:15
4,16,3,1537.6,2025-12-08 00:04:16,54726.0,,4,16,3,1602.531372,2025-12-08 00:05:16
4,17,3,1557.2,2025-12-08 00:04:17,53724.0,,4,17,3,1604.36731,2025-12-08 00:05:17
4,18,3,1561.5,2025-12-08 00:04:18,52722.0,,4,18,3,1606.188232,2025-12-08 00:05:18
4,19,3,1537.7,2025-12-08 00:04:19,51720.0,,4,19,3,1608.006958,2025-12-08 00:05:19
4,20,3,1558.0,2025-12-08 00:04:20,50719.0,,4,20,3,1609.829102,2025-12-08 00:05:20
4,21,3,1551.4,2025-12-08 00:04:21,49717.0,,4,21,3,1611.656006,2025-12-08 00:05:21
4,22,3,1556.5,2025-12-08 00:04:22,48716.0,,4,22,3,1613.486572,2025-12-08 00:05:22
4,23,3,1555.0,2025-12-08 00:04:23,47715.0,,4,23,3,1615.317749,2025-12-08 00:05:23
4,24,3,1517.2,2025-12-08 00:04:24,46713.0,,4,24,3,1617.145752,2025-12-08 00:05:24
4,25,3,1515.8,2025-12-08 00:04:25,45711.0,,4,25,3,1618.967041,2025-12-08 00:05:25
4,26,3,1518.4,2025-12-08 00:04:26,44710.0,,4,26,3,1620.779297,2025-12-08 00:05:26
4,27,3,1520.5,2025-12-08 00:04:27,43709.0,,4,27,3,1622.579468,2025-12-08 00:05:27
4,28,3,1532.2,2025-12-08 00:04:28,42708.0,,4,28,3,1624.366821,2025-12-08 00:05:28
4,29,3,1530.2,2025-12-08 00:04:29,41707.0,,4,29,3,1626.140015,2025-12-08 00:05:29
4,30,3,1505.9,2025-12-08 00:04:30,40706.0,,4,30,3,1627.898926,2025-12-08 00:05:30
4,31,3,1500.1,2025-12-08 00:04:31,39704.0,,4,31,3,1629.644287,2025-12-08 00:05:31
4,32,3,1554.9,2025-12-08 00:04:32,38702.0,,4,32,3,1631.376587,2025-12-08 00:05:32
4,33,3,1552.3,2025-12-08 00:04:33,37700.0,,4,33,3,1633.096069,2025-12-08 00:05:33
4,34,3,1551.7,2025-12-08 00:04:34,36699.0,,4,34,3,1634.803955,2025-12-08 00:05:34
4,35,3,1551.4,2025-12-08 00:04:35,35697.0,,4,35,3,1636.500977,2025-12-08 00:05:35
4,36,3,1552.7,2025-12-08 00:04:36,34696.0,,4,36,3,1638.187988,2025-12-08 00:05:36
4,37,3,1563.8,2025-12-08 00:04:37,33694.0,,4,37,3,1639.865845,2025-12-08 00:05:37
4,38,3,1530.3,2025-12-08 00:04:38,32692.0,,4,38,3,1641.534912,2025-12-08 00:05:38
4,39,3,1565.4,2025-12-08 00:04:39,31691.0,,4,39,3,1643.195923,2025-12-08 00:05:39
4,40,3,1563.7,2025-12-08 00:04:40,30690.0,,4,40,3,1644.848999,2025-12-08 00:05:40
4,41,3,1546.5,2025-12-08 00:04:41,29688.0,,4,41,3,1646.494873,2025-12-08 00:05:41
4,42,3,1544.1,2025-12-08 00:04:42,28687.0,,4,42,3,1648.133667,2025-12-08 00:05:42
4,43,3,1545.1,2025-12-08 00:04:43,27686.0,,4,43,3,1649.765503,2025-12-08 00:05:43
4,44,3,1549.5,2025-12-08 00:04:44,26684.0,,4,44,3,1651.390991,2025-12-08 00:05:44
4,45,3,1548.9,2025-12-08 00:04:45,25683.0,,4,45,3,1653.01001,2025-12-08 00:05:45
4,46,3,1559.7,2025-12-08 00:04:46,24681.0,,4,46,3,1654.622925,2025-12-08 00:05:46
4,47,3,1570.9,2025-12-08 00:04:47,23679.0,,4,47,3,1656.229858,2025-12-08 00:05:47
4,48,3,1589.7,2025-12-08 00:04:48,22678.0,,4,48,3,1657.831055,2025-12-08 00:05:48
4,49,3,1602.0,2025-12-08 00:04:49,21677.0,,4,49,3,1659.426758,2025-12-08 00:05:49
4,50,3,1613.6,2025-12-08 00:04:50,20675.0,,4,50,3,1661.01709,2025-12-08 00:05:50
4,51,3,1591.9,2025-12-08 00:04:51,19674.0,,4,51,3,1662.602417,2025-12-08 00:05:51
4,52,3,1610.3,2025-12-08 00:04:52,18671.0,,4,52,3,1664.182983,2025-12-08 00:05:52
4,53,3,1607.5,2025-12-08 00:04:53,17670.0,,4,53,3,1665.758911,2025-12-08 00:05:53
4,54,3,1598.7,2025-12-08 00:04:54,16669.0,,4,54,3,1667.330444,2025-12-08 00:05:54
4,55,3,1583.6,2025-12-08 00:04:55,15667.0,,4,55,3,1668.898071,2025-12-08 00:05:55
4,56,3,1598.9,2025-12-08 00:04:56,14666.0,,4,56,3,1670.462036,2025-12-08 00:05:56
4,57,3,1549.7,2025-12-08 00:04:57,13664.0,,4,57,3,1672.022461,2025-12-08 00:05:57
4,58,3,1546.2,2025-12-08 00:04:58,12663.0,,4,58,3,1673.579712,2025-12-08 00:05:58
4,59,3,1556.2,2025-12-08 00:04:59,11662.0,,4,59,3,1675.133911,2025-12-08 00:05:59
5,0,3,733.0,2025-12-08 00:05:00,70762.0,,5,0,3,865.811523,2025-12-08 00:06:00
5,1,3,753.9,2025-12-08 00:05:01,69757.0,,5,1,3,890.680054,2025-12-08 00:06:01
5,2,3,719.5,2025-12-08 00:05:02,68756.0,,5,2,3,918.64563,2025-12-08 00:06:02
5,3,3,715.1,2025-12-08 00:05:03,67754.0,,5,3,3,948.224792,2025-12-08 00:06:03
5,4,3,732.7,2025-12-08 00:05:04,66753.0,,5,4,3,978.236267,2025-12-08 00:06:04
5,5,3,725.7,2025-12-08 00:05:05,65751.0,,5,5,3,1007.801331,2025-12-08 00:06:05
5,6,3,746.4,2025-12-08 00:05:06,64750.0,,5,6,3,1036.295166,2025-12-08 00:06:06
5,7,3,728.7,2025-12-08 00:05:07,63749.0,,5,7,3,1063.304077,2025-12-08 00:06:07
5,8,3,726.2,2025-12-08 00:05:08,62748.0,,5,8,3,1088.58728,2025-12-08 00:06:08
5,9,3,751.5,2025-12-08 00:05:09,61746.0,,5,9,3,1112.041626,2025-12-08 00:06:09
5,10,3,729.6,2025-12-08 00:05:10,60744.0,,5,10,3,1133.669189,2025-12-08 00:06:10
5,11,3,722.8,2025-12-08 00:05:11,59742.0,,5,11,3,1153.547852,2025-12-08 00:06:11
5,12,3,728.7,2025-12-08 00:05:12,58741.0,,5,12,3,1171.80542,2025-12-08 00:06:12
5,13,3,732.4,2025-12-08 00:05:13,57739.0,,5,13,3,1188.597168,2025-12-08 00:06:13
5,14,3,734.7,2025-12-08 00:05:14,56737.0,,5,14,3,1204.089355,2025-12-08 00:06:14
5,15,3,749.6,2025-12-08 00:05:15,55736.0,,5,15,3,1218.445679,2025-12-08 00:06:15
5,16,3,718.1,2025-12-08 00:05:16,54734.0,,5,16,3,1231.819214,2025-12-08 00:06:16
5,17,3,740.8,2025-12-08 00:05:17,53733.0,,5,17,3,1244.346313,2025-12-08 00:06:17
5,18,3,723.3,2025-12-08 00:05:18,52731.0,,5,18,3,1256.144287,2025-12-08 00:06:18
5,19,3,746.9,2025-12-08 00:05:19,51730.0,,5,19,3,1267.311401,2025-12-08 00:06:19
5,20,3,725.7,2025-12-08 00:05:20,50728.0,,5,20,3,1277.927979,2025-12-08 00:06:20
5,21,3,739.8,2025-12-08 00:05:21,49726.0,,5,21,3,1288.058594,2025-12-08 00:06:21
5,22,3,723.3,2025-12-08 00:05:22,48725.0,,5,22,3,1297.75415,2025-12-08 00:06:22
5,23,3,733.5,2025-12-08 00:05:23,47724.0,,5,23,3,1307.055054,2025-12-08 00:06:23
5,24,3,743.9,2025-12-08 00:05:24,46722.0,,5,24,3,1315.992798,2025-12-08 00:06:24
5,25,3,739.6,2025-12-08 00:05:25,45721.0,,5,25,3,1324.593018,2025-12-08 00:06:25
5,26,3,721.5,2025-12-08 00:05:26,44719.0,,5,26,3,1332.876221,2025-12-08 00:06:26
5,27,3,764.9,2025-12-08 00:05:27,43717.0,,5,27,3,1340.86084,2025-12-08 00:06:27
5,28,3,751.7,2025-12-08 00:05:28,42716.0,,5,28,3,1348.561646,2025-12-08 00:06:28
5,29,3,717.9,2025-12-08 00:05:29,41714.0,,5,29,3,1355.993164,2025-12-08 00:06:29
5,30,3,732.5,2025-12-08 00:05:30,40712.0,,5,30,3,1363.168945,2025-12-08 00:06:30
5,31,3,713.8,2025-12-08 00:05:31,39711.0,,5,31,3,1370.101074,2025-12-08 00:06:31
5,32,3,728.0,2025-12-08 00:05:32,38709.0,,5,32,3,1376.802124,2025-12-08 00:06:32
5,33,3,868.2,2025-12-08 00:05:33,37708.0,,5,33,3,1383.283813,2025-12-08 00:06:33
5,34,3,831.3,2025-12-08 00:05:34,36706.0,,5,34,3,1389.557373,2025-12-08 00:06:34
5,35,3,832.1,2025-12-08 00:05:35,35704.0,,5,35,3,1395.633789,2025-12-08 00:06:35
5,36,3,824.8,2025-12-08 00:05:36,34702.0,,5,36,3,1401.523315,2025-12-08 00:06:36
5,37,3,757.7,2025-12-08 00:05:37,33701.0,,5,37,3,1407.235962,2025-12-08 00:06:37
5,38,3,832.6,2025-12-08 00:05:38,32700.0,,5,38,3,1412.781006,2025-12-08 00:06:38
5,39,3,873.5,2025-12-08 00:05:39,31698.0,,5,39,3,1418.167114,2025-12-08 00:06:39
5,40,3,841.8,2025-12-08 00:05:40,30697.0,,5,40,3,1423.402222,2025-12-08 00:06:40
5,41,3,862.4,2025-12-08 00:05:41,29694.0,,5,41,3,1428.494141,2025-12-08 00:06:41
5,42,3,771.9,2025-12-08 00:05:42,28692.0,,5,42,3,1433.449829,2025-12-08 00:06:42
5,43,3,744.2,2025-12-08 00:05:43,27689.0,,5,43,3,1438.275879,2025-12-08 00:06:43
5,44,3,819.5,2025-12-08 00:05:44,26686.0,,5,44,3,1442.978271,2025-12-08 00:06:44
5,45,3,835.6,2025-12-08 00:05:45,25685.0,,5,45,3,1447.562744,2025-12-08 00:06:45
5,46,3,831.7,2025-12-08 00:05:46,24682.0,,5,46,3,1452.034424,2025-12-08 00:06:46
5,47,3,832.3,2025-12-08 00:05:47,23680.0,,5,47,3,1456.398438,2025-12-08 00:06:47
5,48,3,848.7,2025-12-08 00:05:48,22677.0,,5,48,3,1460.659302,2025-12-08 00:06:48
5,49,3,825.9,2025-12-08 00:05:49,21616.0,,5,49,3,1464.821289,2025-12-08 00:06:49
5,50,3,844.1,2025-12-08 00:05:50,20615.0,,5,50,3,1468.888794,2025-12-08 00:06:50
5,51,3,854.0,2025-12-08 00:05:51,19613.0,,5,51,3,1472.865479,2025-12-08 00:06:51
5,52,3,771.9,2025-12-08 00:05:52,18612.0,,5,52,3,1476.754883,2025-12-08 00:06:52
5,53,3,762.8,2025-12-08 00:05:53,17610.0,,5,53,3,1480.560669,2025-12-08 00:06:53
5,54,3,775.7,2025-12-08 00:05:54,16608.0,,5,54,3,1484.286255,2025-12-08 00:06:54
5,55,3,781.3,2025-12-08 00:05:55,15605.0,,5,55,3,1487.93457,2025-12-08 00:06:55
5,56,3,779.9,2025-12-08 00:05:56,14604.0,,5,56,3,1491.508789,2025-12-08 00:06:56
5,57,3,782.0,2025-12-08 00:05:57,13603.0,,5,57,3,1495.011597,2025-12-08 00:06:57
5,58,3,758.1,2025-12-08 00:05:58,12602.0,,5,58,3,1498.445557,2025-12-08 00:06:58
5,59,3,759.9,2025-12-08 00:05:59,11601.0,,5,59,3,1501.813599,2025-12-08 00:06:59
6,0,3,1250.9,2025-12-08 00:06:00,70540.0,,6,0,3,1368.402832,2025-12-08 00:07:00
6,1,3,1288.0,2025-12-08 00:06:01,69539.0,,6,1,3,1374.696167,2025-12-08 00:07:01
6,2,3,1274.5,2025-12-08 00:06:02,68538.0,,6,2,3,1381.620117,2025-12-08 00:07:02
6,3,3,1292.7,2025-12-08 00:06:03,67537.0,,6,3,3,1388.841064,2025-12-08 00:07:03
6,4,3,1254.0,2025-12-08 00:06:04,66536.0,,6,4,3,1396.094116,2025-12-08 00:07:04
6,5,3,1089.2,2025-12-08 00:06:05,65535.0,,6,5,3,1403.190308,2025-12-08 00:07:05
6,6,3,1239.3,2025-12-08 00:06:06,64533.0,,6,6,3,1410.008545,2025-12-08 00:07:06
6,7,3,1069.5,2025-12-08 00:06:07,63532.0,,6,7,3,1416.483765,2025-12-08 00:07:07
6,8,3,1035.6,2025-12-08 00:06:08,62531.0,,6,8,3,1422.594116,2025-12-08 00:07:08
6,9,3,1134.6,2025-12-08 00:06:09,61529.0,,6,9,3,1428.347412,2025-12-08 00:07:09
6,10,3,1059.3,2025-12-08 00:06:10,60527.0,,6,10,3,1433.770752,2025-12-08 00:07:10
6,11,3,1095.8,2025-12-08 00:06:11,59526.0,,6,11,3,1438.901489,2025-12-08 00:07:11
6,12,3,1146.2,2025-12-08 00:06:12,58525.0,,6,12,3,1443.780151,2025-12-08 00:07:12
6,13,3,1160.7,2025-12-08 00:06:13,57523.0,,6,13,3,1448.445679,2025-12-08 00:07:13
6,14,3,1181.4,2025-12-08 00:06:14,56522.0,,6,14,3,1452.933228,2025-12-08 00:07:14
6,15,3,1205.4,2025-12-08 00:06:15,55520.0,,6,15,3,1457.272705,2025-12-08 00:07:15
6,16,3,1253.4,2025-12-08 00:06:16,54518.0,,6,16,3,1461.487305,2025-12-08 00:07:16
6,17,3,1247.2,2025-12-08 00:06:17,53516.0,,6,17,3,1465.594971,2025-12-08 00:07:17
6,18,3,1272.4,2025-12-08 00:06:18,52513.0,,6,18,3,1469.609009,2025-12-08 00:07:18
6,19,3,1283.5,2025-12-08 00:06:19,51509.0,,6,19,3,1473.537964,2025-12-08 00:07:19
6,20,3,1319.8,2025-12-08 00:06:20,50502.0,,6,20,3,1477.388062,2025-12-08 00:07:20
6,21,3,1298.5,2025-12-08 00:06:21,49500.0,,6,21,3,1481.163452,2025-12-08 00:07:21
6,22,3,1278.3,2025-12-08 00:06:22,48497.0,,6,22,3,1484.866089,2025-12-08 00:07:22
6,23,3,1320.3,2025-12-08 00:06:23,47493.0,,6,23,3,1488.498169,2025-12-08 00:07:23
6,24,3,1335.9,2025-12-08 00:06:24,46492.0,,6,24,3,1492.060791,2025-12-08 00:07:24
6,25,3,1290.4,2025-12-08 00:06:25,45489.0,,6,25,3,1495.554932,2025-12-08 00:07:25
6,26,3,1332.8,2025-12-08 00:06:26,44488.0,,6,26,3,1498.982422,2025-12-08 00:07:26
6,27,3,1305.4,2025-12-08 00:06:27,43487.0,,6,27,3,1502.34436,2025-12-08 00:07:27
6,28,3,1303.7,2025-12-08 00:06:28,42485.0,,6,28,3,1505.6427,2025-12-08 00:07:28
6,29,3,1321.3,2025-12-08 00:06:29,41484.0,,6,29,3,1508.879395,2025-12-08 00:07:29
6,30,3,1313.4,2025-12-08 00:06:30,40482.0,,6,30,3,1512.05603,2025-12-08 00:07:30
6,31,3,1307.3,2025-12-08 00:06:31,39481.0,,6,31,3,1515.175171,2025-12-08 00:07:31
6,32,3,1327.2,2025-12-08 00:06:32,38479.0,,6,32,3,1518.238403,2025-12-08 00:07:32
6,33,3,1301.7,2025-12-08 00:06:33,37477.0,,6,33,3,1521.248535,2025-12-08 00:07:33
6,34,3,1316.2,2025-12-08 00:06:34,36476.0,,6,34,3,1524.206909,2025-12-08 00:07:34
6,35,3,1326.1,2025-12-08 00:06:35,35475.0,,6,35,3,1527.116089,2025-12-08 00:07:35
6,36,3,1300.2,2025-12-08 00:06:36,34473.0,,6,36,3,1529.977295,2025-12-08 00:07:36
6,37,3,1317.6,2025-12-08 00:06:37,33472.0,,6,37,3,1532.792847,2025-12-08 00:07:37
6,38,3,1322.0,2025-12-08 00:06:38,32471.0,,6,38,3,1535.564087,2025-12-08 00:07:38
6,39,3,1302.0,2025-12-08 00:06:39,31469.0,,6,39,3,1538.292725,2025-12-08 00:07:39
6,40,3,1317.2,2025-12-08 00:06:40,30467.0,,6,40,3,1540.97998,2025-12-08 00:07:40
6,41,3,1304.8,2025-12-08 00:06:41,29466.0,,6,41,3,1543.627563,2025-12-08 00:07:41
6,42,3,1306.1,2025-12-08 00:06:42,28465.0,,6,42,3,1546.236572,2025-12-08 00:07:42
6,43,3,1322.1,2025-12-08 00:06:43,27463.0,,6,43,3,1548.808228,2025-12-08 00:07:43
6,44,3,1327.6,2025-12-08 00:06:44,26461.0,,6,44,3,1551.343872,2025-12-08 00:07:44
6,45,3,1326.4,2025-12-08 00:06:45,25459.0,,6,45,3,1553.844604,2025-12-08 00:07:45
6,46,3,1328.2,2025-12-08 00:06:46,24458.0,,6,46,3,1556.311279,2025-12-08 00:07:46
6,47,3,1313.4,2025-12-08 00:06:47,23456.0,,6,47,3,1558.745361,2025-12-08 00:07:47
6,48,3,1318.4,2025-12-08 00:06:48,22455.0,,6,48,3,1561.147461,2025-12-08 00:07:48
6,49,3,1352.2,2025-12-08 00:06:49,21453.0,,6,49,3,1563.518799,2025-12-08 00:07:49
6,50,3,1340.1,2025-12-08 00:06:50,20451.0,,6,50,3,1565.860107,2025-12-08 00:07:50
6,51,3,1333.0,2025-12-08 00:06:51,19449.0,,6,51,3,1568.172485,2025-12-08 00:07:51
6,52,3,1330.7,2025-12-08 00:06:52,18448.0,,6,52,3,1570.456787,2025-12-08 00:07:52
6,53,3,1349.2,2025-12-08 00:06:53,17446.0,,6,53,3,1572.713745,2025-12-08 00:07:53
6,54,3,1344.5,2025-12-08 00:06:54,16445.0,,6,54,3,1574.944458,2025-12-08 00:07:54
6,55,3,1343.3,2025-12-08 00:06:55,15444.0,,6,55,3,1577.149414,2025-12-08 00:07:55
6,56,3,1350.1,2025-12-08 00:06:56,14443.0,,6,56,3,1579.32959,2025-12-08 00:07:56
6,57,3,1354.5,2025-12-08 00:06:57,13441.0,,6,57,3,1581.485718,2025-12-08 00:07:57
6,58,3,1335.9,2025-12-08 00:06:58,12439.0,,6,58,3,1583.618408,2025-12-08 00:07:58
6,59,3,1362.3,2025-12-08 00:06:59,11438.0,,6,59,3,1585.728516,2025-12-08 00:07:59
7,0,3,1343.6,2025-12-08 00:07:00,70261.0,,7,0,3,1353.088501,2025-12-08 00:08:00
7,1,3,1324.7,2025-12-08 00:07:01,69260.0,,7,1,3,1361.522339,2025-12-08 00:08:01
7,2,3,1331.9,2025-12-08 00:07:02,68258.0,,7,2,3,1370.383545,2025-12-08 00:08:02
7,3,3,1328.6,2025-12-08 00:07:03,67257.0,,7,3,3,1379.192505,2025-12-08 00:08:03
7,4,3,1330.7,2025-12-08 00:07:04,66256.0,,7,4,3,1387.678101,2025-12-08 00:08:04
7,5,3,1325.2,2025-12-08 00:07:05,65254.0,,7,5,3,1395.684692,2025-12-08 00:08:05
7,6,3,1340.6,2025-12-08 00:07:06,64253.0,,7,6,3,1403.142578,2025-12-08 00:08:06
7,7,3,1339.8,2025-12-08 00:07:07,63251.0,,7,7,3,1410.044312,2025-12-08 00:08:07
7,8,3,1342.6,2025-12-08 00:07:08,62250.0,,7,8,3,1416.424438,2025-12-08 00:08:08
7,9,3,1333.9,2025-12-08 00:07:09,61248.0,,7,9,3,1422.340088,2025-12-08 00:08:09
7,10,3,1340.4,2025-12-08 00:07:10,60246.0,,7,10,3,1427.859741,2025-12-08 00:08:10
7,11,3,1340.9,2025-12-08 00:07:11,59245.0,,7,11,3,1433.051514,2025-12-08 00:08:11
7,12,3,1335.7,2025-12-08 00:07:12,58244.0,,7,12,3,1437.978638,2025-12-08 00:08:12
7,13,3,1317.3,2025-12-08 00:07:13,57243.0,,7,13,3,1442.69458,2025-12-08 00:08:13
7,14,3,1329.9,2025-12-08 00:07:14,56242.0,,7,14,3,1447.24231,2025-12-08 00:08:14
7,15,3,1346.2,2025-12-08 00:07:15,55240.0,,7,15,3,1451.655029,2025-12-08 00:08:15
7,16,3,1319.0,2025-12-08 00:07:16,54238.0,,7,16,3,1455.956177,2025-12-08 00:08:16
7,17,3,1320.8,2025-12-08 00:07:17,53237.0,,7,17,3,1460.161987,2025-12-08 00:08:17
7,18,3,1342.0,2025-12-08 00:07:18,52236.0,,7,18,3,1464.282471,2025-12-08 00:08:18
7,19,3,1344.7,2025-12-08 00:07:19,51234.0,,7,19,3,1468.323608,2025-12-08 00:08:19
7,20,3,1331.9,2025-12-08 00:07:20,50232.0,,7,20,3,1472.288086,2025-12-08 00:08:20
7,21,3,1347.2,2025-12-08 00:07:21,49230.0,,7,21,3,1476.177612,2025-12-08 00:08:21
7,22,3,1346.4,2025-12-08 00:07:22,48229.0,,7,22,3,1479.992432,2025-12-08 00:08:22
7,23,3,1327.1,2025-12-08 00:07:23,47228.0,,7,23,3,1483.732666,2025-12-08 00:08:23
7,24,3,1332.0,2025-12-08 00:07:24,46226.0,,7,24,3,1487.399048,2025-12-08 00:08:24
7,25,3,1338.6,2025-12-08 00:07:25,45224.0,,7,25,3,1490.992554,2025-12-08 00:08:25
7,26,3,1339.9,2025-12-08 00:07:26,44223.0,,7,26,3,1494.513916,2025-12-08 00:08:26
7,27,3,1342.6,2025-12-08 00:07:27,43221.0,,7,27,3,1497.964844,2025-12-08 00:08:27
7,28,3,1336.2,2025-12-08 00:07:28,42220.0,,7,28,3,1501.347778,2025-12-08 00:08:28
7,29,3,1338.2,2025-12-08 00:07:29,41219.0,,7,29,3,1504.664917,2025-12-08 00:08:29
7,30,3,1343.8,2025-12-08 00:07:30,40217.0,,7,30,3,1507.918335,2025-12-08 00:08:30
7,31,3,1349.1,2025-12-08 00:07:31,39216.0,,7,31,3,1511.110718,2025-12-08 00:08:31
7,32,3,1323.5,2025-12-08 00:07:32,38215.0,,7,32,3,1514.244751,2025-12-08 00:08:32
7,33,3,1336.0,2025-12-08 00:07:33,37213.0,,7,33,3,1517.322388,2025-12-08 00:08:33
7,34,3,1322.6,2025-12-08 00:07:34,36212.0,,7,34,3,1520.346436,2025-12-08 00:08:34
7,35,3,1332.5,2025-12-08 00:07:35,35210.0,,7,35,3,1523.318359,2025-12-08 00:08:35
7,36,3,1349.8,2025-12-08 00:07:36,34208.0,,7,36,3,1526.241211,2025-12-08 00:08:36
7,37,3,1336.4,2025-12-08 00:07:37,33207.0,,7,37,3,1529.115845,2025-12-08 00:08:37
7,38,3,1337.6,2025-12-08 00:07:38,32205.0,,7,38,3,1531.944458,2025-12-08 00:08:38
7,39,3,1327.7,2025-12-08 00:07:39,31204.0,,7,39,3,1534.728882,2025-12-08 00:08:39
7,40,3,1341.2,2025-12-08 00:07:40,30203.0,,7,40,3,1537.470093,2025-12-08 00:08:40
7,41,3,1328.6,2025-12-08 00:07:41,29201.0,,7,41,3,1540.169922,2025-12-08 00:08:41
7,42,3,1350.7,2025-12-08 00:07:42,28200.0,,7,42,3,1542.829468,2025-12-08 00:08:42
7,43,3,1308.0,2025-12-08 00:07:43,27198.0,,7,43,3,1545.450073,2025-12-08 00:08:43
7,44,3,1342.1,2025-12-08 00:07:44,26197.0,,7,44,3,1548.033203,2025-12-08 00:08:44
7,45,3,1354.7,2025-12-08 00:07:45,25196.0,,7,45,3,1550.579834,2025-12-08 00:08:45
7,46,3,1320.9,2025-12-08 00:07:46,24194.0,,7,46,3,1553.090942,2025-12-08 00:08:46
7,47,3,1319.0,2025-12-08 00:07:47,23193.0,,7,47,3,1555.568115,2025-12-08 00:08:47
7,48,3,1356.6,2025-12-08 00:07:48,22191.0,,7,48,3,1558.011719,2025-12-08 00:08:48
7,49,3,1342.6,2025-12-08 00:07:49,21189.0,,7,49,3,1560.423584,2025-12-08 00:08:49
7,50,3,1335.9,2025-12-08 00:07:50,20188.0,,7,50,3,1562.803955,2025-12-08 00:08:50
7,51,3,1314.8,2025-12-08 00:07:51,19186.0,,7,51,3,1565.154053,2025-12-08 00:08:51
7,52,3,1334.4,2025-12-08 00:07:52,18184.0,,7,52,3,1567.475342,2025-12-08 00:08:52
7,53,3,1346.0,2025-12-08 00:07:53,17181.0,,7,53,3,1569.767944,2025-12-08 00:08:53
7,54,3,1330.4,2025-12-08 00:07:54,16180.0,,7,54,3,1572.033203,2025-12-08 00:08:54
7,55,3,1324.1,2025-12-08 00:07:55,15179.0,,7,55,3,1574.271606,2025-12-08 00:08:55
7,56,3,1312.5,2025-12-08 00:07:56,14178.0,,7,56,3,1576.484375,2025-12-08 00:08:56
7,57,3,1331.3,2025-12-08 00:07:57,13177.0,,7,57,3,1578.671997,2025-12-08 00:08:57
7,58,3,1306.9,2025-12-08 00:07:58,12175.0,,7,58,3,1580.835449,2025-12-08 00:08:58
7,59,3,1366.2,2025-12-08 00:07:59,11174.0,,7,59,3,1582.975342,2025-12-08 00:08:59
8,0,3,1452.0,2025-12-08 00:08:00,70664.0,,8,0,3,1512.246216,2025-12-08 00:09:00
8,1,3,1426.8,2025-12-08 00:08:01,69663.0,,8,1,3,1517.232788,2025-12-08 00:09:01
8,2,3,1439.4,2025-12-08 00:08:02,68662.0,,8,2,3,1520.80896,2025-12-08 00:09:02
8,3,3,1436.5,2025-12-08 00:08:03,67661.0,,8,3,3,1523.443848,2025-12-08 00:09:03
8,4,3,1421.0,2025-12-08 00:08:04,66659.0,,8,4,3,1525.512329,2025-12-08 00:09:04
8,5,3,1421.5,2025-12-08 00:08:05,65658.0,,8,5,3,1527.305176,2025-12-08 00:09:05
8,6,3,1430.0,2025-12-08 00:08:06,64656.0,,8,6,3,1529.02832,2025-12-08 00:09:06
8,7,3,1450.8,2025-12-08 00:08:07,63655.0,,8,7,3,1530.814331,2025-12-08 00:09:07
8,8,3,1453.3,2025-12-08 00:08:08,62653.0,,8,8,3,1532.734863,2025-12-08 00:09:08
8,9,3,1448.8,2025-12-08 00:08:09,61651.0,,8,9,3,1534.816772,2025-12-08 00:09:09
8,10,3,1443.8,2025-12-08 00:08:10,60650.0,,8,10,3,1537.055908,2025-12-08 00:09:10
8,11,3,1468.7,2025-12-08 00:08:11,59648.0,,8,11,3,1539.429443,2025-12-08 00:09:11
8,12,3,1435.4,2025-12-08 00:08:12,58646.0,,8,12,3,1541.905151,2025-12-08 00:09:12
8,13,3,1435.9,2025-12-08 00:08:13,57645.0,,8,13,3,1544.44873,2025-12-08 00:09:13
8,14,3,1432.6,2025-12-08 00:08:14,56643.0,,8,14,3,1547.028564,2025-12-08 00:09:14
8,15,3,1436.9,2025-12-08 00:08:15,55641.0,,8,15,3,1549.616821,2025-12-08 00:09:15
8,16,3,1430.7,2025-12-08 00:08:16,54640.0,,8,16,3,1552.192993,2025-12-08 00:09:16
8,17,3,1452.7,2025-12-08 00:08:17,53638.0,,8,17,3,1554.741821,2025-12-08 00:09:17
8,18,3,1456.0,2025-12-08 00:08:18,52637.0,,8,18,3,1557.253296,2025-12-08 00:09:18
8,19,3,1347.8,2025-12-08 00:08:19,51635.0,,8,19,3,1559.722656,2025-12-08 00:09:19
8,20,3,1328.9,2025-12-08 00:08:20,50633.0,,8,20,3,1562.148315,2025-12-08 00:09:20
8,21,3,1324.4,2025-12-08 00:08:21,49632.0,,8,21,3,1564.531006,2025-12-08 00:09:21
8,22,3,1335.7,2025-12-08 00:08:22,48631.0,,8,22,3,1566.873169,2025-12-08 00:09:22
8,23,3,1442.9,2025-12-08 00:08:23,47630.0,,8,23,3,1569.177734,2025-12-08 00:09:23
8,24,3,1422.1,2025-12-08 00:08:24,46628.0,,8,24,3,1571.447754,2025-12-08 00:09:24
8,25,3,1434.8,2025-12-08 00:08:25,45627.0,,8,25,3,1573.687012,2025-12-08 00:09:25
8,26,3,1453.3,2025-12-08 00:08:26,44625.0,,8,26,3,1575.897827,2025-12-08 00:09:26
8,27,3,1432.6,2025-12-08 00:08:27,43624.0,,8,27,3,1578.082886,2025-12-08 00:09:27
8,28,3,1437.9,2025-12-08 00:08:28,42622.0,,8,28,3,1580.244019,2025-12-08 00:09:28
8,29,3,1425.9,2025-12-08 00:08:29,41621.0,,8,29,3,1582.382446,2025-12-08 00:09:29
8,30,3,1439.8,2025-12-08 00:08:30,40619.0,,8,30,3,1584.499512,2025-12-08 00:09:30
8,31,3,1459.6,2025-12-08 00:08:31,39617.0,,8,31,3,1586.595703,2025-12-08 00:09:31
8,32,3,1459.1,2025-12-08 00:08:32,38615.0,,8,32,3,1588.671631,2025-12-08 00:09:32
8,33,3,1444.2,2025-12-08 00:08:33,37614.0,,8,33,3,1590.728027,2025-12-08 00:09:33
8,34,3,1469.1,2025-12-08 00:08:34,36612.0,,8,34,3,1592.765015,2025-12-08 00:09:34
8,35,3,1465.7,2025-12-08 00:08:35,35611.0,,8,35,3,1594.782715,2025-12-08 00:09:35
8,36,3,1442.9,2025-12-08 00:08:36,34609.0,,8,36,3,1596.78186,2025-12-08 00:09:36
8,37,3,1428.1,2025-12-08 00:08:37,33608.0,,8,37,3,1598.762573,2025-12-08 00:09:37
8,38,3,1435.5,2025-12-08 00:08:38,32607.0,,8,38,3,1600.725342,2025-12-08 00:09:38
8,39,3,1443.6,2025-12-08 00:08:39,31606.0,,8,39,3,1602.670532,2025-12-08 00:09:39
8,40,3,1443.9,2025-12-08 00:08:40,30604.0,,8,40,3,1604.598511,2025-12-08 00:09:40
8,41,3,1431.1,2025-12-08 00:08:41,29603.0,,8,41,3,1606.509888,2025-12-08 00:09:41
8,42,3,1455.1,2025-12-08 00:08:42,28602.0,,8,42,3,1608.405029,2025-12-08 00:09:42
8,43,3,1429.8,2025-12-08 00:08:43,27600.0,,8,43,3,1610.284546,2025-12-08 00:09:43
8,44,3,1436.9,2025-12-08 00:08:44,26599.0,,8,44,3,1612.148926,2025-12-08 00:09:44
8,45,3,1449.4,2025-12-08 00:08:45,25598.0,,8,45,3,1613.998535,2025-12-08 00:09:45
8,46,3,1470.6,2025-12-08 00:08:46,24596.0,,8,46,3,1615.834106,2025-12-08 00:09:46
8,47,3,1416.2,2025-12-08 00:08:47,23594.0,,8,47,3,1617.655762,2025-12-08 00:09:47
8,48,3,1430.0,2025-12-08 00:08:48,22593.0,,8,48,3,1619.463989,2025-12-08 00:09:48
8,49,3,1436.9,2025-12-08 00:08:49,21592.0,,8,49,3,1621.259644,2025-12-08 00:09:49
8,50,3,1437.3,2025-12-08 00:08:50,20592.0,,8,50,3,1623.042725,2025-12-08 00:09:50
8,51,3,1429.7,2025-12-08 00:08:51,19590.0,,8,51,3,1624.813721,2025-12-08 00:09:51
8,52,3,1442.1,2025-12-08 00:08:52,18586.0,,8,52,3,1626.57312,2025-12-08 00:09:52
8,53,3,1434.8,2025-12-08 00:08:53,17585.0,,8,53,3,1628.321167,2025-12-08 00:09:53
8,54,3,1418.6,2025-12-08 00:08:54,16584.0,,8,54,3,1630.05835,2025-12-08 00:09:54
8,55,3,1459.4,2025-12-08 00:08:55,15581.0,,8,55,3,1631.78479,2025-12-08 00:09:55
8,56,3,1495.9,2025-12-08 00:08:56,14578.0,,8,56,3,1633.501221,2025-12-08 00:09:56
8,57,3,1524.5,2025-12-08 00:08:57,13576.0,,8,57,3,1635.207397,2025-12-08 00:09:57
8,58,3,1496.9,2025-12-08 00:08:58,12574.0,,8,58,3,1636.904175,2025-12-08 00:09:58
8,59,3,1498.4,2025-12-08 00:08:59,11568.0,,8,59,3,1638.591675,2025-12-08 00:09:59
9,0,3,1568.5,2025-12-08 00:09:00,70296.0,,9,0,3,1573.279053,2025-12-08 00:10:00
9,1,3,1558.8,2025-12-08 00:09:01,69295.0,,9,1,3,1576.928345,2025-12-08 00:10:01
9,2,3,1554.0,2025-12-08 00:09:02,68288.0,,9,2,3,1579.80249,2025-12-08 00:10:02
9,3,3,1551.1,2025-12-08 00:09:03,67204.0,,9,3,3,1582.239868,2025-12-08 00:10:03
9,4,3,1554.0,2025-12-08 00:09:04,66203.0,,9,4,3,1584.355469,2025-12-08 00:10:04
9,5,3,1572.4,2025-12-08 00:09:05,65199.0,,9,5,3,1586.227539,2025-12-08 00:10:05
9,6,3,1556.1,2025-12-08 00:09:06,64198.0,,9,6,3,1587.913818,2025-12-08 00:10:06
9,7,3,1537.8,2025-12-08 00:09:07,63196.0,,9,7,3,1589.454956,2025-12-08 00:10:07
9,8,3,1565.2,2025-12-08 00:09:08,62195.0,,9,8,3,1590.882446,2025-12-08 00:10:08
9,9,3,1546.5,2025-12-08 00:09:09,61138.0,,9,9,3,1592.223511,2025-12-08 00:10:09
9,10,3,1554.6,2025-12-08 00:09:10,60136.0,,9,10,3,1593.493774,2025-12-08 00:10:10
9,11,3,1571.4,2025-12-08 00:09:11,59135.0,,9,11,3,1594.708618,2025-12-08 00:10:11
9,12,3,1549.8,2025-12-08 00:09:12,58134.0,,9,12,3,1595.879272,2025-12-08 00:10:12
9,13,3,1513.7,2025-12-08 00:09:13,57133.0,,9,13,3,1597.010498,2025-12-08 00:10:13
9,14,3,1502.8,2025-12-08 00:09:14,56130.0,,9,14,3,1598.107178,2025-12-08 00:10:14
9,15,3,1520.8,2025-12-08 00:09:15,55129.0,,9,15,3,1599.175415,2025-12-08 00:10:15
9,16,3,1557.8,2025-12-08 00:09:16,54128.0,,9,16,3,1600.220459,2025-12-08 00:10:16
9,17,3,1570.3,2025-12-08 00:09:17,53126.0,,9,17,3,1601.247681,2025-12-08 00:10:17
9,18,3,1551.4,2025-12-08 00:09:18,52125.0,,9,18,3,1602.257568,2025-12-08 00:10:18
9,19,3,1552.1,2025-12-08 00:09:19,51123.0,,9,19,3,1603.249023,2025-12-08 00:10:19
9,20,3,1557.9,2025-12-08 00:09:20,50084.0,,9,20,3,1604.223999,2025-12-08 00:10:20
9,21,3,1549.8,2025-12-08 00:09:21,49083.0,,9,21,3,1605.184082,2025-12-08 00:10:21
9,22,3,1550.9,2025-12-08 00:09:22,48081.0,,9,22,3,1606.128296,2025-12-08 00:10:22
9,23,3,1564.9,2025-12-08 00:09:23,47080.0,,9,23,3,1607.057617,2025-12-08 00:10:23
9,24,3,1493.1,2025-12-08 00:09:24,46079.0,,9,24,3,1607.973633,2025-12-08 00:10:24
9,25,3,1538.9,2025-12-08 00:09:25,45078.0,,9,25,3,1608.868652,2025-12-08 00:10:25
9,26,3,1521.9,2025-12-08 00:09:26,44077.0,,9,26,3,1609.752441,2025-12-08 00:10:26
9,27,3,1497.0,2025-12-08 00:09:27,43074.0,,9,27,3,1610.620361,2025-12-08 00:10:27
9,28,3,1514.6,2025-12-08 00:09:28,42070.0,,9,28,3,1611.471191,2025-12-08 00:10:28
9,29,3,1528.8,2025-12-08 00:09:29,41068.0,,9,29,3,1612.308838,2025-12-08 00:10:29
9,30,3,1511.6,2025-12-08 00:09:30,40046.0,,9,30,3,1613.133911,2025-12-08 00:10:30
9,31,3,1513.1,2025-12-08 00:09:31,39045.0,,9,31,3,1613.943237,2025-12-08 00:10:31
9,32,3,1562.9,2025-12-08 00:09:32,38043.0,,9,32,3,1614.739136,2025-12-08 00:10:32
9,33,3,1555.0,2025-12-08 00:09:33,37041.0,,9,33,3,1615.525757,2025-12-08 00:10:33
9,34,3,1551.3,2025-12-08 00:09:34,36041.0,,9,34,3,1616.299194,2025-12-08 00:10:34
9,35,3,1559.6,2025-12-08 00:09:35,35039.0,,9,35,3,1617.059204,2025-12-08 00:10:35
9,36,3,1559.4,2025-12-08 00:09:36,34038.0,,9,36,3,1617.806885,2025-12-08 00:10:36
9,37,3,1553.8,2025-12-08 00:09:37,33037.0,,9,37,3,1618.541504,2025-12-08 00:10:37
9,38,3,1561.7,2025-12-08 00:09:38,32036.0,,9,38,3,1619.262695,2025-12-08 00:10:38
9,39,3,1550.5,2025-12-08 00:09:39,31034.0,,9,39,3,1619.971191,2025-12-08 00:10:39
9,40,3,1548.8,2025-12-08 00:09:40,30033.0,,9,40,3,1620.665649,2025-12-08 00:10:40
9,41,3,1541.2,2025-12-08 00:09:41,29028.0,,9,41,3,1621.346802,2025-12-08 00:10:41
9,42,3,1546.4,2025-12-08 00:09:42,28027.0,,9,42,3,1622.014282,2025-12-08 00:10:42
9,43,3,1561.8,2025-12-08 00:09:43,27026.0,,9,43,3,1622.669312,2025-12-08 00:10:43
9,44,3,1540.8,2025-12-08 00:09:44,26025.0,,9,44,3,1623.313477,2025-12-08 00:10:44
9,45,3,1554.4,2025-12-08 00:09:45,25024.0,,9,45,3,1623.943604,2025-12-08 00:10:45
9,46,3,1556.1,2025-12-08 00:09:46,24023.0,,9,46,3,1624.562622,2025-12-08 00:10:46
9,47,3,1549.8,2025-12-08 00:09:47,23022.0,,9,47,3,1625.170044,2025-12-08 00:10:47
9,48,3,1610.7,2025-12-08 00:09:48,22021.0,,9,48,3,1625.765503,2025-12-08 00:10:48
9,49,3,1583.6,2025-12-08 00:09:49,21019.0,,9,49,3,1626.356323,2025-12-08 00:10:49
9,50,3,1615.8,2025-12-08 00:09:50,20017.0,,9,50,3,1626.934326,2025-12-08 00:10:50
9,51,3,1589.3,2025-12-08 00:09:51,19013.0,,9,51,3,1627.504883,2025-12-08 00:10:51
9,52,3,1607.4,2025-12-08 00:09:52,18012.0,,9,52,3,1628.062378,2025-12-08 00:10:52
9,53,3,1593.2,2025-12-08 00:09:53,17010.0,,9,53,3,1628.610962,2025-12-08 00:10:53
9,54,3,1583.9,2025-12-08 00:09:54,16009.0,,9,54,3,1629.147461,2025-12-08 00:10:54
9,55,3,1604.3,2025-12-08 00:09:55,15008.0,,9,55,3,1629.671631,2025-12-08 00:10:55
9,56,3,1593.1,2025-12-08 00:09:56,14007.0,,9,56,3,1630.187012,2025-12-08 00:10:56
9,57,3,1550.7,2025-12-08 00:09:57,13003.0,,9,57,3,1630.690674,2025-12-08 00:10:57
9,58,3,1547.6,2025-12-08 00:09:58,12002.0,,9,58,3,1631.178345,2025-12-08 00:10:58
9,59,3,1557.7,2025-12-08 00:09:59,11001.0,,9,59,3,1631.654175,2025-12-08 00:10:59
10,0,3,731.7,2025-12-08 00:10:00,69870.0,,10,0,3,998.804138,2025-12-08 00:11:00
10,1,3,765.4,2025-12-08 00:10:01,68869.0,,10,1,3,1038.203735,2025-12-08 00:11:01
10,2,3,708.5,2025-12-08 00:10:02,67868.0,,10,2,3,1067.687988,2025-12-08 00:11:02
10,3,3,710.0,2025-12-08 00:10:03,66867.0,,10,3,3,1089.685913,2025-12-08 00:11:03
10,4,3,725.1,2025-12-08 00:10:04,65866.0,,10,4,3,1105.86499,2025-12-08 00:11:04
10,5,3,728.2,2025-12-08 00:10:05,64865.0,,10,5,3,1117.6427,2025-12-08 00:11:05
10,6,3,729.4,2025-12-08 00:10:06,63864.0,,10,6,3,1126.175537,2025-12-08 00:11:06
10,7,3,739.4,2025-12-08 00:10:07,62863.0,,10,7,3,1132.38562,2025-12-08 00:11:07
10,8,3,743.6,2025-12-08 00:10:08,61863.0,,10,8,3,1136.992432,2025-12-08 00:11:08
10,9,3,746.8,2025-12-08 00:10:09,60862.0,,10,9,3,1140.5448,2025-12-08 00:11:09
10,10,3,761.0,2025-12-08 00:10:10,59861.0,,10,10,3,1143.450928,2025-12-08 00:11:10
10,11,3,727.0,2025-12-08 00:10:11,58859.0,,10,11,3,1146.005005,2025-12-08 00:11:11
10,12,3,749.7,2025-12-08 00:10:12,57858.0,,10,12,3,1148.412476,2025-12-08 00:11:12
10,13,3,729.5,2025-12-08 00:10:13,56856.0,,10,13,3,1150.809082,2025-12-08 00:11:13
10,14,3,737.4,2025-12-08 00:10:14,55856.0,,10,14,3,1153.27832,2025-12-08 00:11:14
10,15,3,725.9,2025-12-08 00:10:15,54853.0,,10,15,3,1155.866211,2025-12-08 00:11:15
10,16,3,729.7,2025-12-08 00:10:16,53851.0,,10,16,3,1158.590576,2025-12-08 00:11:16
10,17,3,736.6,2025-12-08 00:10:17,52848.0,,10,17,3,1161.451172,2025-12-08 00:11:17
10,18,3,712.1,2025-12-08 00:10:18,51848.0,,10,18,3,1164.435181,2025-12-08 00:11:18
10,19,3,756.2,2025-12-08 00:10:19,50847.0,,10,19,3,1167.522949,2025-12-08 00:11:19
10,20,3,735.4,2025-12-08 00:10:20,49840.0,,10,20,3,1170.691528,2025-12-08 00:11:20
10,21,3,731.5,2025-12-08 00:10:21,48818.0,,10,21,3,1173.916504,2025-12-08 00:11:21
10,22,3,743.9,2025-12-08 00:10:22,47817.0,,10,22,3,1177.174561,2025-12-08 00:11:22
10,23,3,744.0,2025-12-08 00:10:23,46814.0,,10,23,3,1180.444092,2025-12-08 00:11:23
10,24,3,743.8,2025-12-08 00:10:24,45812.0,,10,24,3,1183.706421,2025-12-08 00:11:24
10,25,3,711.1,2025-12-08 00:10:25,44811.0,,10,25,3,1186.944946,2025-12-08 00:11:25
10,26,3,723.8,2025-12-08 00:10:26,43810.0,,10,26,3,1190.146362,2025-12-08 00:11:26
10,27,3,761.9,2025-12-08 00:10:27,42809.0,,10,27,3,1193.300415,2025-12-08 00:11:27
10,28,3,747.7,2025-12-08 00:10:28,41807.0,,10,28,3,1196.399414,2025-12-08 00:11:28
10,29,3,703.5,2025-12-08 00:10:29,40806.0,,10,29,3,1199.43689,2025-12-08 00:11:29
10,30,3,713.3,2025-12-08 00:10:30,39804.0,,10,30,3,1202.409424,2025-12-08 00:11:30
10,31,3,732.8,2025-12-08 00:10:31,38801.0,,10,31,3,1205.314941,2025-12-08 00:11:31
10,32,3,739.7,2025-12-08 00:10:32,37800.0,,10,32,3,1208.152954,2025-12-08 00:11:32
10,33,3,843.8,2025-12-08 00:10:33,36798.0,,10,33,3,1210.923584,2025-12-08 00:11:33
10,34,3,841.6,2025-12-08 00:10:34,35797.0,,10,34,3,1213.629272,2025-12-08 00:11:34
10,35,3,847.2,2025-12-08 00:10:35,34796.0,,10,35,3,1216.27063,2025-12-08 00:11:35
10,36,3,832.7,2025-12-08 00:10:36,33795.0,,10,36,3,1218.850098,2025-12-08 00:11:36
10,37,3,745.9,2025-12-08 00:10:37,32793.0,,10,37,3,1221.369995,2025-12-08 00:11:37
10,38,3,839.0,2025-12-08 00:10:38,31792.0,,10,38,3,1223.832764,2025-12-08 00:11:38
10,39,3,890.4,2025-12-08 00:10:39,30790.0,,10,39,3,1226.241943,2025-12-08 00:11:39
10,40,3,842.5,2025-12-08 00:10:40,29789.0,,10,40,3,1228.60022,2025-12-08 00:11:40
10,41,3,857.5,2025-12-08 00:10:41,28787.0,,10,41,3,1230.910034,2025-12-08 00:11:41
10,42,3,770.8,2025-12-08 00:10:42,27785.0,,10,42,3,1233.17395,2025-12-08 00:11:42
10,43,3,752.0,2025-12-08 00:10:43,26784.0,,10,43,3,1235.394531,2025-12-08 00:11:43
10,44,3,831.2,2025-12-08 00:10:44,25783.0,,10,44,3,1237.574341,2025-12-08 00:11:44
10,45,3,840.2,2025-12-08 00:10:45,24781.0,,10,45,3,1239.71521,2025-12-08 00:11:45
10,46,3,839.6,2025-12-08 00:10:46,23780.0,,10,46,3,1241.81958,2025-12-08 00:11:46
10,47,3,830.1,2025-12-08 00:10:47,22778.0,,10,47,3,1243.889404,2025-12-08 00:11:47
10,48,3,843.7,2025-12-08 00:10:48,21777.0,,10,48,3,1245.926514,2025-12-08 00:11:48
10,49,3,832.2,2025-12-08 00:10:49,20776.0,,10,49,3,1247.932617,2025-12-08 00:11:49
10,50,3,839.2,2025-12-08 00:10:50,19774.0,,10,50,3,1249.909058,2025-12-08 00:11:50
10,51,3,840.4,2025-12-08 00:10:51,18771.0,,10,51,3,1251.857544,2025-12-08 00:11:51
10,52,3,775.7,2025-12-08 00:10:52,17770.0,,10,52,3,1253.779663,2025-12-08 00:11:52
10,53,3,761.2,2025-12-08 00:10:53,16767.0,,10,53,3,1255.67688,2025-12-08 00:11:53
10,54,3,794.1,2025-12-08 00:10:54,15766.0,,10,54,3,1257.550415,2025-12-08 00:11:54
10,55,3,772.1,2025-12-08 00:10:55,14765.0,,10,55,3,1259.400513,2025-12-08 00:11:55
10,56,3,758.4,2025-12-08 00:10:56,13763.0,,10,56,3,1261.229004,2025-12-08 00:11:56
10,57,3,763.5,2025-12-08 00:10:57,12762.0,,10,57,3,1263.037109,2025-12-08 00:11:57
10,58,3,780.5,2025-12-08 00:10:58,11758.0,,10,58,3,1264.824951,2025-12-08 00:11:58
10,59,3,783.1,2025-12-08 00:10:59,10757.0,,10,59,3,1266.593872,2025-12-08 00:11:59
11,0,3,1273.2,2025-12-08 00:11:00,69984.0,,11,0,3,1354.935791,2025-12-08 00:12:00
11,1,3,1279.5,2025-12-08 00:11:01,68983.0,,11,1,3,1355.599976,2025-12-08 00:12:01
11,2,3,1283.0,2025-12-08 00:11:02,67982.0,,11,2,3,1356.627319,2025-12-08 00:12:02
11,3,3,1293.9,2025-12-08 00:11:03,66980.0,,11,3,3,1357.786743,2025-12-08 00:12:03
11,4,3,1267.4,2025-12-08 00:11:04,65979.0,,11,4,3,1359.043823,2025-12-08 00:12:04
11,5,3,1074.4,2025-12-08 00:11:05,64978.0,,11,5,3,1360.380615,2025-12-08 00:12:05
11,6,3,1248.1,2025-12-08 00:11:06,63977.0,,11,6,3,1361.793457,2025-12-08 00:12:06
11,7,3,1059.3,2025-12-08 00:11:07,62976.0,,11,7,3,1363.241943,2025-12-08 00:12:07
11,8,3,1058.8,2025-12-08 00:11:08,61975.0,,11,8,3,1364.741699,2025-12-08 00:12:08
11,9,3,1136.5,2025-12-08 00:11:09,60974.0,,11,9,3,1366.270874,2025-12-08 00:12:09
11,10,3,1062.8,2025-12-08 00:11:10,59973.0,,11,10,3,1367.815186,2025-12-08 00:12:10
11,11,3,1109.0,2025-12-08 00:11:11,58971.0,,11,11,3,1369.380859,2025-12-08 00:12:11
11,12,3,1140.4,2025-12-08 00:11:12,57971.0,,11,12,3,1370.95459,2025-12-08 00:12:12
11,13,3,1178.0,2025-12-08 00:11:13,56970.0,,11,13,3,1372.533813,2025-12-08 00:12:13
11,14,3,1208.0,2025-12-08 00:11:14,55969.0,,11,14,3,1374.115479,2025-12-08 00:12:14
11,15,3,1232.6,2025-12-08 00:11:15,54968.0,,11,15,3,1375.699097,2025-12-08 00:12:15
11,16,3,1232.4,2025-12-08 00:11:16,53967.0,,11,16,3,1377.28418,2025-12-08 00:12:16
11,17,3,1245.8,2025-12-08 00:11:17,52966.0,,11,17,3,1378.872681,2025-12-08 00:12:17
11,18,3,1288.5,2025-12-08 00:11:18,51965.0,,11,18,3,1380.463745,2025-12-08 00:12:18
11,19,3,1320.4,2025-12-08 00:11:19,50964.0,,11,19,3,1382.054565,2025-12-08 00:12:19
11,20,3,1306.9,2025-12-08 00:11:20,49963.0,,11,20,3,1383.646118,2025-12-08 00:12:20
11,21,3,1300.3,2025-12-08 00:11:21,48962.0,,11,21,3,1385.243164,2025-12-08 00:12:21
11,22,3,1290.2,2025-12-08 00:11:22,47961.0,,11,22,3,1386.846069,2025-12-08 00:12:22
11,23,3,1310.0,2025-12-08 00:11:23,46960.0,,11,23,3,1388.455444,2025-12-08 00:12:23
11,24,3,1316.6,2025-12-08 00:11:24,45959.0,,11,24,3,1390.068604,2025-12-08 00:12:24
11,25,3,1312.8,2025-12-08 00:11:25,44958.0,,11,25,3,1391.687012,2025-12-08 00:12:25
11,26,3,1314.2,2025-12-08 00:11:26,43957.0,,11,26,3,1393.31189,2025-12-08 00:12:26
11,27,3,1317.4,2025-12-08 00:11:27,42956.0,,11,27,3,1394.942993,2025-12-08 00:12:27
11,28,3,1333.0,2025-12-08 00:11:28,41955.0,,11,28,3,1396.5802,2025-12-08 00:12:28
11,29,3,1312.0,2025-12-08 00:11:29,40955.0,,11,29,3,1398.222534,2025-12-08 00:12:29
11,30,3,1314.0,2025-12-08 00:11:30,39953.0,,11,30,3,1399.873535,2025-12-08 00:12:30
11,31,3,1309.4,2025-12-08 00:11:31,38950.0,,11,31,3,1401.531128,2025-12-08 00:12:31
11,32,3,1310.8,2025-12-08 00:11:32,37949.0,,11,32,3,1403.196411,2025-12-08 00:12:32
11,33,3,1321.4,2025-12-08 00:11:33,36947.0,,11,33,3,1404.868164,2025-12-08 00:12:33
11,34,3,1310.3,2025-12-08 00:11:34,35946.0,,11,34,3,1406.546021,2025-12-08 00:12:34
11,35,3,1340.7,2025-12-08 00:11:35,34945.0,,11,35,3,1408.231445,2025-12-08 00:12:35
11,36,3,1329.0,2025-12-08 00:11:36,33944.0,,11,36,3,1409.920898,2025-12-08 00:12:36
11,37,3,1296.7,2025-12-08 00:11:37,32942.0,,11,37,3,1411.618408,2025-12-08 00:12:37
11,38,3,1313.9,2025-12-08 00:11:38,31941.0,,11,38,3,1413.325928,2025-12-08 00:12:38
11,39,3,1320.1,2025-12-08 00:11:39,30940.0,,11,39,3,1415.03894,2025-12-08 00:12:39
11,40,3,1309.7,2025-12-08 00:11:40,29938.0,,11,40,3,1416.758057,2025-12-08 00:12:40
11,41,3,1318.7,2025-12-08 00:11:41,28937.0,,11,41,3,1418.485107,2025-12-08 00:12:41
11,42,3,1310.8,2025-12-08 00:11:42,27935.0,,11,42,3,1420.217773,2025-12-08 00:12:42
11,43,3,1330.2,2025-12-08 00:11:43,26934.0,,11,43,3,1421.95813,2025-12-08 00:12:43
11,44,3,1325.0,2025-12-08 00:11:44,25933.0,,11,44,3,1423.703247,2025-12-08 00:12:44
11,45,3,1337.9,2025-12-08 00:11:45,24932.0,,11,45,3,1425.455322,2025-12-08 00:12:45
11,46,3,1329.7,2025-12-08 00:11:46,23930.0,,11,46,3,1427.212769,2025-12-08 00:12:46
11,47,3,1344.8,2025-12-08 00:11:47,22929.0,,11,47,3,1428.977417,2025-12-08 00:12:47
11,48,3,1328.6,2025-12-08 00:11:48,21927.0,,11,48,3,1430.747314,2025-12-08 00:12:48
11,49,3,1329.1,2025-12-08 00:11:49,20926.0,,11,49,3,1432.525146,2025-12-08 00:12:49
11,50,3,1331.6,2025-12-08 00:11:50,19924.0,,11,50,3,1434.309448,2025-12-08 00:12:50
11,51,3,1348.1,2025-12-08 00:11:51,18923.0,,11,51,3,1436.099976,2025-12-08 00:12:51
11,52,3,1346.1,2025-12-08 00:11:52,17921.0,,11,52,3,1437.89502,2025-12-08 00:12:52
11,53,3,1336.2,2025-12-08 00:11:53,16920.0,,11,53,3,1439.696289,2025-12-08 00:12:53
11,54,3,1343.5,2025-12-08 00:11:54,15919.0,,11,54,3,1441.504761,2025-12-08 00:12:54
11,55,3,1346.1,2025-12-08 00:11:55,14917.0,,11,55,3,1443.318359,2025-12-08 00:12:55
11,56,3,1341.2,2025-12-08 00:11:56,13916.0,,11,56,3,1445.137207,2025-12-08 00:12:56
11,57,3,1341.8,2025-12-08 00:11:57,12915.0,,11,57,3,1446.96228,2025-12-08 00:12:57
11,58,3,1343.7,2025-12-08 00:11:58,11913.0,,11,58,3,1448.792725,2025-12-08 00:12:58
11,59,3,1369.6,2025-12-08 00:11:59,10912.0,,11,59,3,1450.628174,2025-12-08 00:12:59
12,0,3,1332.7,2025-12-08 00:12:00,69709.0,,12,0,3,1353.218506,2025-12-08 00:13:00
12,1,3,1354.2,2025-12-08 00:12:01,68708.0,,12,1,3,1356.272095,2025-12-08 00:13:01
12,2,3,1333.5,2025-12-08 00:12:02,67707.0,,12,2,3,1358.887573,2025-12-08 00:13:02
12,3,3,1337.3,2025-12-08 00:12:03,66705.0,,12,3,3,1361.108032,2025-12-08 00:13:03
12,4,3,1345.2,2025-12-08 00:12:04,65699.0,,12,4,3,1363.025391,2025-12-08 00:13:04
12,5,3,1328.5,2025-12-08 00:12:05,64687.0,,12,5,3,1364.717773,2025-12-08 00:13:05
12,6,3,1330.4,2025-12-08 00:12:06,63686.0,,12,6,3,1366.250854,2025-12-08 00:13:06
12,7,3,1323.2,2025-12-08 00:12:07,62685.0,,12,7,3,1367.672974,2025-12-08 00:13:07
12,8,3,1347.1,2025-12-08 00:12:08,61683.0,,12,8,3,1369.02417,2025-12-08 00:13:08
12,9,3,1345.2,2025-12-08 00:12:09,60682.0,,12,9,3,1370.330566,2025-12-08 00:13:09
12,10,3,1340.8,2025-12-08 00:12:10,59609.0,,12,10,3,1371.617798,2025-12-08 00:13:10
12,11,3,1324.4,2025-12-08 00:12:11,58608.0,,12,11,3,1372.903076,2025-12-08 00:13:11
12,12,3,1331.8,2025-12-08 00:12:12,57606.0,,12,12,3,1374.199463,2025-12-08 00:13:12
12,13,3,1321.5,2025-12-08 00:12:13,56604.0,,12,13,3,1375.51355,2025-12-08 00:13:13
12,14,3,1330.1,2025-12-08 00:12:14,55603.0,,12,14,3,1376.851807,2025-12-08 00:13:14
12,15,3,1340.8,2025-12-08 00:12:15,54601.0,,12,15,3,1378.21582,2025-12-08 00:13:15
12,16,3,1326.7,2025-12-08 00:12:16,53600.0,,12,16,3,1379.606323,2025-12-08 00:13:16
12,17,3,1334.6,2025-12-08 00:12:17,52598.0,,12,17,3,1381.026733,2025-12-08 00:13:17
12,18,3,1347.4,2025-12-08 00:12:18,51597.0,,12,18,3,1382.473877,2025-12-08 00:13:18
12,19,3,1338.9,2025-12-08 00:12:19,50597.0,,12,19,3,1383.946167,2025-12-08 00:13:19
12,20,3,1352.8,2025-12-08 00:12:20,49595.0,,12,20,3,1385.444092,2025-12-08 00:13:20
12,21,3,1335.1,2025-12-08 00:12:21,48594.0,,12,21,3,1386.963623,2025-12-08 00:13:21
12,22,3,1357.5,2025-12-08 00:12:22,47593.0,,12,22,3,1388.506592,2025-12-08 00:13:22
12,23,3,1358.8,2025-12-08 00:12:23,46591.0,,12,23,3,1390.066406,2025-12-08 00:13:23
12,24,3,1348.5,2025-12-08 00:12:24,45590.0,,12,24,3,1391.643799,2025-12-08 00:13:24
12,25,3,1312.1,2025-12-08 00:12:25,44589.0,,12,25,3,1393.238525,2025-12-08 00:13:25
12,26,3,1324.6,2025-12-08 00:12:26,43587.0,,12,26,3,1394.85144,2025-12-08 00:13:26
12,27,3,1339.9,2025-12-08 00:12:27,42586.0,,12,27,3,1396.476562,2025-12-08 00:13:27
12,28,3,1329.8,2025-12-08 00:12:28,41584.0,,12,28,3,1398.112183,2025-12-08 00:13:28
12,29,3,1324.5,2025-12-08 00:12:29,40578.0,,12,29,3,1399.759644,2025-12-08 00:13:29
12,30,3,1331.9,2025-12-08 00:12:30,39577.0,,12,30,3,1401.417603,2025-12-08 00:13:30
12,31,3,1352.0,2025-12-08 00:12:31,38575.0,,12,31,3,1403.083984,2025-12-08 00:13:31
12,32,3,1334.9,2025-12-08 00:12:32,37573.0,,12,32,3,1404.756958,2025-12-08 00:13:32
12,33,3,1340.3,2025-12-08 00:12:33,36572.0,,12,33,3,1406.439331,2025-12-08 00:13:33
12,34,3,1353.3,2025-12-08 00:12:34,35571.0,,12,34,3,1408.12915,2025-12-08 00:13:34
12,35,3,1348.2,2025-12-08 00:12:35,34568.0,,12,35,3,1409.824951,2025-12-08 00:13:35
12,36,3,1346.6,2025-12-08 00:12:36,33564.0,,12,36,3,1411.528442,2025-12-08 00:13:36
12,37,3,1355.7,2025-12-08 00:12:37,32563.0,,12,37,3,1413.238892,2025-12-08 00:13:37
12,38,3,1346.5,2025-12-08 00:12:38,31562.0,,12,38,3,1414.955566,2025-12-08 00:13:38
12,39,3,1325.4,2025-12-08 00:12:39,30561.0,,12,39,3,1416.679688,2025-12-08 00:13:39
12,40,3,1357.2,2025-12-08 00:12:40,29556.0,,12,40,3,1418.412598,2025-12-08 00:13:40
12,41,3,1346.1,2025-12-08 00:12:41,28552.0,,12,41,3,1420.148804,2025-12-08 00:13:41
12,42,3,1341.3,2025-12-08 00:12:42,27551.0,,12,42,3,1421.892456,2025-12-08 00:13:42
12,43,3,1342.1,2025-12-08 00:12:43,26550.0,,12,43,3,1423.643188,2025-12-08 00:13:43
12,44,3,1352.5,2025-12-08 00:12:44,25549.0,,12,44,3,1425.399902,2025-12-08 00:13:44
12,45,3,1327.0,2025-12-08 00:12:45,24547.0,,12,45,3,1427.161743,2025-12-08 00:13:45
12,46,3,1341.5,2025-12-08 00:12:46,23546.0,,12,46,3,1428.932007,2025-12-08 00:13:46
12,47,3,1340.1,2025-12-08 00:12:47,22545.0,,12,47,3,1430.707275,2025-12-08 00:13:47
12,48,3,1349.5,2025-12-08 00:12:48,21544.0,,12,48,3,1432.488647,2025-12-08 00:13:48
12,49,3,1333.4,2025-12-08 00:12:49,20542.0,,12,49,3,1434.274902,2025-12-08 00:13:49
12,50,3,1340.9,2025-12-08 00:12:50,19541.0,,12,50,3,1436.068481,2025-12-08 00:13:50
12,51,3,1313.5,2025-12-08 00:12:51,18540.0,,12,51,3,1437.867188,2025-12-08 00:13:51
12,52,3,1329.8,2025-12-08 00:12:52,17539.0,,12,52,3,1439.67395,2025-12-08 00:13:52
12,53,3,1331.9,2025-12-08 00:12:53,16538.0,,12,53,3,1441.484985,2025-12-08 00:13:53
12,54,3,1333.1,2025-12-08 00:12:54,15536.0,,12,54,3,1443.301147,2025-12-08 00:13:54
12,55,3,1321.3,2025-12-08 00:12:55,14535.0,,12,55,3,1445.122437,2025-12-08 00:13:55
12,56,3,1335.8,2025-12-08 00:12:56,13534.0,,12,56,3,1446.949951,2025-12-08 00:13:56
12,57,3,1325.6,2025-12-08 00:12:57,12534.0,,12,57,3,1448.781128,2025-12-08 00:13:57
12,58,3,1327.2,2025-12-08 00:12:58,11532.0,,12,58,3,1450.618042,2025-12-08 00:13:58
12,59,3,1356.1,2025-12-08 00:12:59,10531.0,,12,59,3,1452.459595,2025-12-08 00:13:59
13,0,3,1428.4,2025-12-08 00:13:00,69599.0,,13,0,3,1492.613647,2025-12-08 00:14:00
13,1,3,1429.7,2025-12-08 00:13:01,68598.0,,13,1,3,1491.432617,2025-12-08 00:14:01
13,2,3,1435.7,2025-12-08 00:13:02,67597.0,,13,2,3,1491.155762,2025-12-08 00:14:02
13,3,3,1417.3,2025-12-08 00:13:03,66596.0,,13,3,3,1491.366577,2025-12-08 00:14:03
13,4,3,1406.3,2025-12-08 00:13:04,65595.0,,13,4,3,1491.953247,2025-12-08 00:14:04
13,5,3,1441.9,2025-12-08 00:13:05,64593.0,,13,5,3,1492.836792,2025-12-08 00:14:05
13,6,3,1422.7,2025-12-08 00:13:06,63592.0,,13,6,3,1493.953247,2025-12-08 00:14:06
13,7,3,1445.4,2025-12-08 00:13:07,62591.0,,13,7,3,1495.256592,2025-12-08 00:14:07
13,8,3,1424.0,2025-12-08 00:13:08,61590.0,,13,8,3,1496.704224,2025-12-08 00:14:08
13,9,3,1431.2,2025-12-08 00:13:09,60588.0,,13,9,3,1498.26709,2025-12-08 00:14:09
13,10,3,1437.6,2025-12-08 00:13:10,59587.0,,13,10,3,1499.918335,2025-12-08 00:14:10
13,11,3,1423.4,2025-12-08 00:13:11,58586.0,,13,11,3,1501.636841,2025-12-08 00:14:11
13,12,3,1439.0,2025-12-08 00:13:12,57585.0,,13,12,3,1503.407471,2025-12-08 00:14:12
13,13,3,1439.9,2025-12-08 00:13:13,56584.0,,13,13,3,1505.21521,2025-12-08 00:14:13
13,14,3,1437.6,2025-12-08 00:13:14,55583.0,,13,14,3,1507.050049,2025-12-08 00:14:14
13,15,3,1443.9,2025-12-08 00:13:15,54581.0,,13,15,3,1508.903809,2025-12-08 00:14:15
13,16,3,1431.8,2025-12-08 00:13:16,53580.0,,13,16,3,1510.769043,2025-12-08 00:14:16
13,17,3,1435.8,2025-12-08 00:13:17,52579.0,,13,17,3,1512.640991,2025-12-08 00:14:17
13,18,3,1457.9,2025-12-08 00:13:18,51578.0,,13,18,3,1514.514404,2025-12-08 00:14:18
13,19,3,1338.6,2025-12-08 00:13:19,50577.0,,13,19,3,1516.385742,2025-12-08 00:14:19
13,20,3,1339.6,2025-12-08 00:13:20,49576.0,,13,20,3,1518.256592,2025-12-08 00:14:20
13,21,3,1331.8,2025-12-08 00:13:21,48574.0,,13,21,3,1520.12085,2025-12-08 00:14:21
13,22,3,1341.8,2025-12-08 00:13:22,47573.0,,13,22,3,1521.976562,2025-12-08 00:14:22
13,23,3,1436.9,2025-12-08 00:13:23,46572.0,,13,23,3,1523.821655,2025-12-08 00:14:23
13,24,3,1438.2,2025-12-08 00:13:24,45571.0,,13,24,3,1525.653809,2025-12-08 00:14:24
13,25,3,1420.3,2025-12-08 00:13:25,44570.0,,13,25,3,1527.474487,2025-12-08 00:14:25
13,26,3,1456.5,2025-12-08 00:13:26,43569.0,,13,26,3,1529.284302,2025-12-08 00:14:26
13,27,3,1424.4,2025-12-08 00:13:27,42568.0,,13,27,3,1531.081665,2025-12-08 00:14:27
13,28,3,1441.2,2025-12-08 00:13:28,41567.0,,13,28,3,1532.867676,2025-12-08 00:14:28
13,29,3,1458.9,2025-12-08 00:13:29,40566.0,,13,29,3,1534.641235,2025-12-08 00:14:29
13,30,3,1443.4,2025-12-08 00:13:30,39565.0,,13,30,3,1536.402466,2025-12-08 00:14:30
13,31,3,1440.4,2025-12-08 00:13:31,38564.0,,13,31,3,1538.151367,2025-12-08 00:14:31
13,32,3,1437.2,2025-12-08 00:13:32,37562.0,,13,32,3,1539.888062,2025-12-08 00:14:32
13,33,3,1455.8,2025-12-08 00:13:33,36561.0,,13,33,3,1541.611572,2025-12-08 00:14:33
13,34,3,1450.5,2025-12-08 00:13:34,35560.0,,13,34,3,1543.322021,2025-12-08 00:14:34
13,35,3,1465.8,2025-12-08 00:13:35,34558.0,,13,35,3,1545.019531,2025-12-08 00:14:35
13,36,3,1443.8,2025-12-08 00:13:36,33557.0,,13,36,3,1546.703491,2025-12-08 00:14:36
13,37,3,1430.9,2025-12-08 00:13:37,32556.0,,13,37,3,1548.373779,2025-12-08 00:14:37
13,38,3,1441.1,2025-12-08 00:13:38,31555.0,,13,38,3,1550.030151,2025-12-08 00:14:38
13,39,3,1453.4,2025-12-08 00:13:39,30554.0,,13,39,3,1551.672363,2025-12-08 00:14:39
13,40,3,1461.7,2025-12-08 00:13:40,29552.0,,13,40,3,1553.300293,2025-12-08 00:14:40
13,41,3,1461.3,2025-12-08 00:13:41,28551.0,,13,41,3,1554.913696,2025-12-08 00:14:41
13,42,3,1450.0,2025-12-08 00:13:42,27550.0,,13,42,3,1556.512573,2025-12-08 00:14:42
13,43,3,1420.5,2025-12-08 00:13:43,26549.0,,13,43,3,1558.096069,2025-12-08 00:14:43
13,44,3,1422.7,2025-12-08 00:13:44,25548.0,,13,44,3,1559.66394,2025-12-08 00:14:44
13,45,3,1438.6,2025-12-08 00:13:45,24547.0,,13,45,3,1561.216064,2025-12-08 00:14:45
13,46,3,1436.9,2025-12-08 00:13:46,23545.0,,13,46,3,1562.752686,2025-12-08 00:14:46
13,47,3,1432.2,2025-12-08 00:13:47,22544.0,,13,47,3,1564.273315,2025-12-08 00:14:47
13,48,3,1427.7,2025-12-08 00:13:48,21542.0,,13,48,3,1565.777832,2025-12-08 00:14:48
13,49,3,1437.1,2025-12-08 00:13:49,20541.0,,13,49,3,1567.266113,2025-12-08 00:14:49
13,50,3,1438.6,2025-12-08 00:13:50,19540.0,,13,50,3,1568.738159,2025-12-08 00:14:50
13,51,3,1451.2,2025-12-08 00:13:51,18539.0,,13,51,3,1570.194214,2025-12-08 00:14:51
13,52,3,1436.2,2025-12-08 00:13:52,17538.0,,13,52,3,1571.634277,2025-12-08 00:14:52
13,53,3,1436.6,2025-12-08 00:13:53,16536.0,,13,53,3,1573.057373,2025-12-08 00:14:53
13,54,3,1439.7,2025-12-08 00:13:54,15536.0,,13,54,3,1574.463867,2025-12-08 00:14:54
13,55,3,1441.1,2025-12-08 00:13:55,14534.0,,13,55,3,1575.853882,2025-12-08 00:14:55
13,56,3,1470.7,2025-12-08 00:13:56,13533.0,,13,56,3,1577.227173,2025-12-08 00:14:56
13,57,3,1519.0,2025-12-08 00:13:57,12532.0,,13,57,3,1578.585693,2025-12-08 00:14:57
13,58,3,1497.6,2025-12-08 00:13:58,11531.0,,13,58,3,1579.930054,2025-12-08 00:14:58
13,59,3,1513.8,2025-12-08 00:13:59,10530.0,,13,59,3,1581.257812,2025-12-08 00:14:59
14,0,3,1544.5,2025-12-08 00:14:00,69350.0,,14,0,3,1575.677734,2025-12-08 00:15:00
14,1,3,1535.7,2025-12-08 00:14:01,68348.0,,14,1,3,1579.170654,2025-12-08 00:15:01
14,2,3,1573.8,2025-12-08 00:14:02,67347.0,,14,2,3,1581.97998,2025-12-08 00:15:02
14,3,3,1547.0,2025-12-08 00:14:03,66346.0,,14,3,3,1584.378906,2025-12-08 00:15:03
14,4,3,1551.2,2025-12-08 00:14:04,65345.0,,14,4,3,1586.469238,2025-12-08 00:15:04
14,5,3,1555.5,2025-12-08 00:14:05,64343.0,,14,5,3,1588.325439,2025-12-08 00:15:05
14,6,3,1543.3,2025-12-08 00:14:06,63342.0,,14,6,3,1590.000977,2025-12-08 00:15:06
14,7,3,1549.8,2025-12-08 00:14:07,62341.0,,14,7,3,1591.535034,2025-12-08 00:15:07
14,8,3,1558.0,2025-12-08 00:14:08,61340.0,,14,8,3,1592.959351,2025-12-08 00:15:08
14,9,3,1558.0,2025-12-08 00:14:09,60339.0,,14,9,3,1594.296631,2025-12-08 00:15:09
14,10,3,1553.9,2025-12-08 00:14:10,59338.0,,14,10,3,1595.564087,2025-12-08 00:15:10
14,11,3,1571.5,2025-12-08 00:14:11,58337.0,,14,11,3,1596.774048,2025-12-08 00:15:11
14,12,3,1532.4,2025-12-08 00:14:12,57336.0,,14,12,3,1597.938599,2025-12-08 00:15:12
14,13,3,1503.1,2025-12-08 00:14:13,56336.0,,14,13,3,1599.060425,2025-12-08 00:15:13
14,14,3,1483.4,2025-12-08 00:14:14,55335.0,,14,14,3,1600.145996,2025-12-08 00:15:14
14,15,3,1516.9,2025-12-08 00:14:15,54334.0,,14,15,3,1601.200073,2025-12-08 00:15:15
14,16,3,1537.4,2025-12-08 00:14:16,53331.0,,14,16,3,1602.230347,2025-12-08 00:15:16
14,17,3,1566.3,2025-12-08 00:14:17,52330.0,,14,17,3,1603.239746,2025-12-08 00:15:17
14,18,3,1557.4,2025-12-08 00:14:18,51329.0,,14,18,3,1604.231201,2025-12-08 00:15:18
14,19,3,1562.3,2025-12-08 00:14:19,50328.0,,14,19,3,1605.203857,2025-12-08 00:15:19
14,20,3,1536.8,2025-12-08 00:14:20,49327.0,,14,20,3,1606.159302,2025-12-08 00:15:20
14,21,3,1555.0,2025-12-08 00:14:21,48326.0,,14,21,3,1607.095825,2025-12-08 00:15:21
14,22,3,1543.4,2025-12-08 00:14:22,47325.0,,14,22,3,1608.017456,2025-12-08 00:15:22
14,23,3,1539.0,2025-12-08 00:14:23,46324.0,,14,23,3,1608.922241,2025-12-08 00:15:23
14,24,3,1508.4,2025-12-08 00:14:24,45323.0,,14,24,3,1609.810669,2025-12-08 00:15:24
14,25,3,1522.9,2025-12-08 00:14:25,44321.0,,14,25,3,1610.681152,2025-12-08 00:15:25
14,26,3,1496.2,2025-12-08 00:14:26,43320.0,,14,26,3,1611.536743,2025-12-08 00:15:26
14,27,3,1501.0,2025-12-08 00:14:27,42319.0,,14,27,3,1612.375,2025-12-08 00:15:27
14,28,3,1513.6,2025-12-08 00:14:28,41318.0,,14,28,3,1613.198242,2025-12-08 00:15:28
14,29,3,1519.9,2025-12-08 00:14:29,40317.0,,14,29,3,1614.00769,2025-12-08 00:15:29
14,30,3,1514.3,2025-12-08 00:14:30,39316.0,,14,30,3,1614.803589,2025-12-08 00:15:30
14,31,3,1497.4,2025-12-08 00:14:31,38315.0,,14,31,3,1615.584595,2025-12-08 00:15:31
14,32,3,1550.5,2025-12-08 00:14:32,37314.0,,14,32,3,1616.349854,2025-12-08 00:15:32
14,33,3,1528.5,2025-12-08 00:14:33,36313.0,,14,33,3,1617.106445,2025-12-08 00:15:33
14,34,3,1553.5,2025-12-08 00:14:34,35311.0,,14,34,3,1617.8479,2025-12-08 00:15:34
14,35,3,1556.9,2025-12-08 00:14:35,34311.0,,14,35,3,1618.578491,2025-12-08 00:15:35
14,36,3,1533.1,2025-12-08 00:14:36,33309.0,,14,36,3,1619.296509,2025-12-08 00:15:36
14,37,3,1541.8,2025-12-08 00:14:37,32308.0,,14,37,3,1619.99939,2025-12-08 00:15:37
14,38,3,1536.8,2025-12-08 00:14:38,31307.0,,14,38,3,1620.689819,2025-12-08 00:15:38
14,39,3,1558.1,2025-12-08 00:14:39,30306.0,,14,39,3,1621.366821,2025-12-08 00:15:39
14,40,3,1537.7,2025-12-08 00:14:40,29304.0,,14,40,3,1622.033081,2025-12-08 00:15:40
14,41,3,1555.7,2025-12-08 00:14:41,28303.0,,14,41,3,1622.684937,2025-12-08 00:15:41
14,42,3,1540.6,2025-12-08 00:14:42,27303.0,,14,42,3,1623.326172,2025-12-08 00:15:42
14,43,3,1554.9,2025-12-08 00:14:43,26302.0,,14,43,3,1623.953735,2025-12-08 00:15:43
14,44,3,1547.6,2025-12-08 00:14:44,25301.0,,14,44,3,1624.570557,2025-12-08 00:15:44
14,45,3,1556.6,2025-12-08 00:14:45,24300.0,,14,45,3,1625.175171,2025-12-08 00:15:45
14,46,3,1556.4,2025-12-08 00:14:46,23298.0,,14,46,3,1625.769043,2025-12-08 00:15:46
14,47,3,1558.3,2025-12-08 00:14:47,22297.0,,14,47,3,1626.351685,2025-12-08 00:15:47
14,48,3,1593.2,2025-12-08 00:14:48,21295.0,,14,48,3,1626.923462,2025-12-08 00:15:48
14,49,3,1604.1,2025-12-08 00:14:49,20293.0,,14,49,3,1627.48877,2025-12-08 00:15:49
14,50,3,1619.0,2025-12-08 00:14:50,19292.0,,14,50,3,1628.04541,2025-12-08 00:15:50
14,51,3,1606.2,2025-12-08 00:14:51,18291.0,,14,51,3,1628.594238,2025-12-08 00:15:51
14,52,3,1630.2,2025-12-08 00:14:52,17290.0,,14,52,3,1629.131592,2025-12-08 00:15:52
14,53,3,1602.7,2025-12-08 00:14:53,16288.0,,14,53,3,1629.661621,2025-12-08 00:15:53
14,54,3,1594.8,2025-12-08 00:14:54,15282.0,,14,54,3,1630.178711,2025-12-08 00:15:54
14,55,3,1600.0,2025-12-08 00:14:55,14280.0,,14,55,3,1630.684082,2025-12-08 00:15:55
14,56,3,1596.0,2025-12-08 00:14:56,13279.0,,14,56,3,1631.179077,2025-12-08 00:15:56
14,57,3,1543.0,2025-12-08 00:14:57,12278.0,,14,57,3,1631.662964,2025-12-08 00:15:57
14,58,3,1548.8,2025-12-08 00:14:58,11277.0,,14,58,3,1632.130005,2025-12-08 00:15:58
14,59,3,1564.0,2025-12-08 00:14:59,10275.0,,14,59,3,1632.585938,2025-12-08 00:15:59
15,0,3,710.6,2025-12-08 00:15:00,69303.0,,15,0,3,995.91687,2025-12-08 00:16:00
15,1,3,748.0,2025-12-08 00:15:01,68302.0,,15,1,3,1036.13269,2025-12-08 00:16:01
15,2,3,736.0,2025-12-08 00:15:02,67301.0,,15,2,3,1066.223022,2025-12-08 00:16:02
15,3,3,744.6,2025-12-08 00:15:03,66300.0,,15,3,3,1088.668091,2025-12-08 00:16:03
15,4,3,740.4,2025-12-08 00:15:04,65300.0,,15,4,3,1105.164917,2025-12-08 00:16:04
15,5,3,733.9,2025-12-08 00:15:05,64299.0,,15,5,3,1117.160034,2025-12-08 00:16:05
15,6,3,730.2,2025-12-08 00:15:06,63298.0,,15,6,3,1125.833984,2025-12-08 00:16:06
15,7,3,714.5,2025-12-08 00:15:07,62297.0,,15,7,3,1132.12854,2025-12-08 00:16:07
15,8,3,736.5,2025-12-08 00:15:08,61296.0,,15,8,3,1136.779297,2025-12-08 00:16:08
15,9,3,736.5,2025-12-08 00:15:09,60295.0,,15,9,3,1140.347412,2025-12-08 00:16:09
15,10,3,717.9,2025-12-08 00:15:10,59294.0,,15,10,3,1143.250732,2025-12-08 00:16:10
15,11,3,754.8,2025-12-08 00:15:11,58293.0,,15,11,3,1145.791138,2025-12-08 00:16:11
15,12,3,738.6,2025-12-08 00:15:12,57290.0,,15,12,3,1148.178955,2025-12-08 00:16:12
15,13,3,708.0,2025-12-08 00:15:13,56286.0,,15,13,3,1150.553711,2025-12-08 00:16:13
15,14,3,728.4,2025-12-08 00:15:14,55284.0,,15,14,3,1153.001831,2025-12-08 00:16:14
15,15,3,741.2,2025-12-08 00:15:15,54283.0,,15,15,3,1155.570435,2025-12-08 00:16:15
15,16,3,725.3,2025-12-08 00:15:16,53278.0,,15,16,3,1158.278564,2025-12-08 00:16:16
15,17,3,742.1,2025-12-08 00:15:17,52277.0,,15,17,3,1161.126343,2025-12-08 00:16:17
15,18,3,729.2,2025-12-08 00:15:18,51276.0,,15,18,3,1164.101074,2025-12-08 00:16:18
15,19,3,740.2,2025-12-08 00:15:19,50254.0,,15,19,3,1167.182739,2025-12-08 00:16:19
15,20,3,745.3,2025-12-08 00:15:20,49254.0,,15,20,3,1170.348389,2025-12-08 00:16:20
15,21,3,735.3,2025-12-08 00:15:21,48252.0,,15,21,3,1173.572998,2025-12-08 00:16:21
15,22,3,740.3,2025-12-08 00:15:22,47244.0,,15,22,3,1176.832886,2025-12-08 00:16:22
15,23,3,718.1,2025-12-08 00:15:23,46242.0,,15,23,3,1180.106079,2025-12-08 00:16:23
15,24,3,726.3,2025-12-08 00:15:24,45112.0,,15,24,3,1183.373169,2025-12-08 00:16:24
15,25,3,737.1,2025-12-08 00:15:25,44111.0,,15,25,3,1186.617676,2025-12-08 00:16:25
15,26,3,725.1,2025-12-08 00:15:26,43109.0,,15,26,3,1189.826294,2025-12-08 00:16:26
15,27,3,750.6,2025-12-08 00:15:27,42108.0,,15,27,3,1192.987549,2025-12-08 00:16:27
15,28,3,734.8,2025-12-08 00:15:28,41107.0,,15,28,3,1196.094116,2025-12-08 00:16:28
15,29,3,736.7,2025-12-08 00:15:29,40106.0,,15,29,3,1199.139526,2025-12-08 00:16:29
15,30,3,717.7,2025-12-08 00:15:30,39105.0,,15,30,3,1202.119873,2025-12-08 00:16:30
15,31,3,714.9,2025-12-08 00:15:31,38096.0,,15,31,3,1205.033203,2025-12-08 00:16:31
15,32,3,735.8,2025-12-08 00:15:32,37095.0,,15,32,3,1207.878296,2025-12-08 00:16:32
15,33,3,880.7,2025-12-08 00:15:33,36095.0,,15,33,3,1210.656006,2025-12-08 00:16:33
15,34,3,842.1,2025-12-08 00:15:34,35094.0,,15,34,3,1213.36853,2025-12-08 00:16:34
15,35,3,835.2,2025-12-08 00:15:35,34093.0,,15,35,3,1216.016479,2025-12-08 00:16:35
15,36,3,820.0,2025-12-08 00:15:36,33092.0,,15,36,3,1218.602051,2025-12-08 00:16:36
15,37,3,735.5,2025-12-08 00:15:37,32090.0,,15,37,3,1221.127808,2025-12-08 00:16:37
15,38,3,837.6,2025-12-08 00:15:38,31089.0,,15,38,3,1223.595947,2025-12-08 00:16:38
15,39,3,887.6,2025-12-08 00:15:39,30087.0,,15,39,3,1226.010254,2025-12-08 00:16:39
15,40,3,828.9,2025-12-08 00:15:40,29084.0,,15,40,3,1228.373413,2025-12-08 00:16:40
15,41,3,861.1,2025-12-08 00:15:41,28044.0,,15,41,3,1230.687622,2025-12-08 00:16:41
15,42,3,778.5,2025-12-08 00:15:42,27042.0,,15,42,3,1232.955933,2025-12-08 00:16:42
15,43,3,783.5,2025-12-08 00:15:43,26041.0,,15,43,3,1235.18042,2025-12-08 00:16:43
15,44,3,837.5,2025-12-08 00:15:44,25040.0,,15,44,3,1237.364136,2025-12-08 00:16:44
15,45,3,840.4,2025-12-08 00:15:45,24038.0,,15,45,3,1239.508545,2025-12-08 00:16:45
15,46,3,832.5,2025-12-08 00:15:46,23037.0,,15,46,3,1241.616455,2025-12-08 00:16:46
15,47,3,831.1,2025-12-08 00:15:47,22036.0,,15,47,3,1243.689575,2025-12-08 00:16:47
15,48,3,863.8,2025-12-08 00:15:48,21030.0,,15,48,3,1245.729858,2025-12-08 00:16:48
15,49,3,833.2,2025-12-08 00:15:49,20028.0,,15,49,3,1247.738647,2025-12-08 00:16:49
15,50,3,846.9,2025-12-08 00:15:50,19026.0,,15,50,3,1249.718018,2025-12-08 00:16:50
15,51,3,839.6,2025-12-08 00:15:51,18024.0,,15,51,3,1251.669312,2025-12-08 00:16:51
15,52,3,750.0,2025-12-08 00:15:52,17018.0,,15,52,3,1253.593872,2025-12-08 00:16:52
15,53,3,763.8,2025-12-08 00:15:53,16012.0,,15,53,3,1255.493896,2025-12-08 00:16:53
15,54,3,784.8,2025-12-08 00:15:54,15010.0,,15,54,3,1257.369629,2025-12-08 00:16:54
15,55,3,751.2,2025-12-08 00:15:55,14009.0,,15,55,3,1259.222046,2025-12-08 00:16:55
15,56,3,766.7,2025-12-08 00:15:56,13005.0,,15,56,3,1261.052856,2025-12-08 00:16:56
15,57,3,755.4,2025-12-08 00:15:57,12004.0,,15,57,3,1262.862549,2025-12-08 00:16:57
15,58,3,786.3,2025-12-08 00:15:58,11003.0,,15,58,3,1264.652344,2025-12-08 00:16:58
15,59,3,765.4,2025-12-08 00:15:59,10002.0,,15,59,3,1266.422852,2025-12-08 00:16:59
16,0,3,1284.0,2025-12-08 00:16:00,69069.0,,16,0,3,1353.739868,2025-12-08 00:17:00
16,1,3,1282.4,2025-12-08 00:16:01,68068.0,,16,1,3,1354.265503,2025-12-08 00:17:01
16,2,3,1263.6,2025-12-08 00:16:02,67067.0,,16,2,3,1355.144653,2025-12-08 00:17:02
16,3,3,1278.1,2025-12-08 00:16:03,66065.0,,16,3,3,1356.187256,2025-12-08 00:17:03
16,4,3,1296.0,2025-12-08 00:16:04,65064.0,,16,4,3,1357.353638,2025-12-08 00:17:04
16,5,3,1077.9,2025-12-08 00:16:05,64063.0,,16,5,3,1358.61792,2025-12-08 00:17:05
16,6,3,1260.1,2025-12-08 00:16:06,63061.0,,16,6,3,1359.977173,2025-12-08 00:17:06
16,7,3,1088.6,2025-12-08 00:16:07,62060.0,,16,7,3,1361.385254,2025-12-08 00:17:07
16,8,3,1033.5,2025-12-08 00:16:08,61059.0,,16,8,3,1362.854126,2025-12-08 00:17:08
16,9,3,1136.9,2025-12-08 00:16:09,60058.0,,16,9,3,1364.36499,2025-12-08 00:17:09
16,10,3,1070.8,2025-12-08 00:16:10,59057.0,,16,10,3,1365.895752,2025-12-08 00:17:10
16,11,3,1093.1,2025-12-08 00:16:11,58056.0,,16,11,3,1367.452026,2025-12-08 00:17:11
16,12,3,1144.5,2025-12-08 00:16:12,57055.0,,16,12,3,1369.021851,2025-12-08 00:17:12
16,13,3,1137.0,2025-12-08 00:16:13,56054.0,,16,13,3,1370.597778,2025-12-08 00:17:13
16,14,3,1200.7,2025-12-08 00:16:14,55053.0,,16,14,3,1372.182007,2025-12-08 00:17:14
16,15,3,1234.8,2025-12-08 00:16:15,54052.0,,16,15,3,1373.766113,2025-12-08 00:17:15
16,16,3,1241.1,2025-12-08 00:16:16,53051.0,,16,16,3,1375.350952,2025-12-08 00:17:16
16,17,3,1272.9,2025-12-08 00:16:17,52050.0,,16,17,3,1376.938354,2025-12-08 00:17:17
16,18,3,1300.7,2025-12-08 00:16:18,51050.0,,16,18,3,1378.526245,2025-12-08 00:17:18
16,19,3,1297.7,2025-12-08 00:16:19,50049.0,,16,19,3,1380.114746,2025-12-08 00:17:19
16,20,3,1285.5,2025-12-08 00:16:20,49048.0,,16,20,3,1381.707031,2025-12-08 00:17:20
16,21,3,1314.4,2025-12-08 00:16:21,48047.0,,16,21,3,1383.304565,2025-12-08 00:17:21
16,22,3,1304.0,2025-12-08 00:16:22,47046.0,,16,22,3,1384.903564,2025-12-08 00:17:22
16,23,3,1332.5,2025-12-08 00:16:23,46045.0,,16,23,3,1386.508301,2025-12-08 00:17:23
16,24,3,1304.0,2025-12-08 00:16:24,45044.0,,16,24,3,1388.115479,2025-12-08 00:17:24
16,25,3,1321.2,2025-12-08 00:16:25,44043.0,,16,25,3,1389.730469,2025-12-08 00:17:25
16,26,3,1309.1,2025-12-08 00:16:26,43042.0,,16,26,3,1391.349731,2025-12-08 00:17:26
16,27,3,1305.1,2025-12-08 00:16:27,42041.0,,16,27,3,1392.975952,2025-12-08 00:17:27
16,28,3,1329.9,2025-12-08 00:16:28,41040.0,,16,28,3,1394.608643,2025-12-08 00:17:28
16,29,3,1328.5,2025-12-08 00:16:29,40039.0,,16,29,3,1396.245361,2025-12-08 00:17:29
16,30,3,1318.2,2025-12-08 00:16:30,39037.0,,16,30,3,1397.888184,2025-12-08 00:17:30
16,31,3,1308.3,2025-12-08 00:16:31,38036.0,,16,31,3,1399.538696,2025-12-08 00:17:31
16,32,3,1312.3,2025-12-08 00:16:32,37035.0,,16,32,3,1401.196777,2025-12-08 00:17:32
16,33,3,1314.4,2025-12-08 00:16:33,36034.0,,16,33,3,1402.861206,2025-12-08 00:17:33
16,34,3,1295.2,2025-12-08 00:16:34,35033.0,,16,34,3,1404.532104,2025-12-08 00:17:34
16,35,3,1292.9,2025-12-08 00:16:35,34032.0,,16,35,3,1406.211548,2025-12-08 00:17:35
16,36,3,1325.2,2025-12-08 00:16:36,33031.0,,16,36,3,1407.898071,2025-12-08 00:17:36
16,37,3,1310.6,2025-12-08 00:16:37,32030.0,,16,37,3,1409.588135,2025-12-08 00:17:37
16,38,3,1315.5,2025-12-08 00:16:38,31029.0,,16,38,3,1411.286133,2025-12-08 00:17:38
16,39,3,1314.1,2025-12-08 00:16:39,30027.0,,16,39,3,1412.990356,2025-12-08 00:17:39
16,40,3,1329.3,2025-12-08 00:16:40,29027.0,,16,40,3,1414.701416,2025-12-08 00:17:40
16,41,3,1325.9,2025-12-08 00:16:41,28026.0,,16,41,3,1416.417603,2025-12-08 00:17:41
16,42,3,1313.9,2025-12-08 00:16:42,27025.0,,16,42,3,1418.140991,2025-12-08 00:17:42
16,43,3,1330.2,2025-12-08 00:16:43,26024.0,,16,43,3,1419.872314,2025-12-08 00:17:43
16,44,3,1334.2,2025-12-08 00:16:44,25021.0,,16,44,3,1421.608765,2025-12-08 00:17:44
16,45,3,1317.3,2025-12-08 00:16:45,24018.0,,16,45,3,1423.351562,2025-12-08 00:17:45
16,46,3,1312.5,2025-12-08 00:16:46,23017.0,,16,46,3,1425.102905,2025-12-08 00:17:46
16,47,3,1329.1,2025-12-08 00:16:47,22016.0,,16,47,3,1426.861206,2025-12-08 00:17:47
16,48,3,1333.9,2025-12-08 00:16:48,21014.0,,16,48,3,1428.624878,2025-12-08 00:17:48
16,49,3,1338.7,2025-12-08 00:16:49,20013.0,,16,49,3,1430.394531,2025-12-08 00:17:49
16,50,3,1327.9,2025-12-08 00:16:50,19011.0,,16,50,3,1432.170044,2025-12-08 00:17:50
16,51,3,1337.3,2025-12-08 00:16:51,18010.0,,16,51,3,1433.953125,2025-12-08 00:17:51
16,52,3,1336.3,2025-12-08 00:16:52,17008.0,,16,52,3,1435.741577,2025-12-08 00:17:52
16,53,3,1341.5,2025-12-08 00:16:53,16008.0,,16,53,3,1437.536133,2025-12-08 00:17:53
16,54,3,1346.9,2025-12-08 00:16:54,15007.0,,16,54,3,1439.33667,2025-12-08 00:17:54
16,55,3,1327.2,2025-12-08 00:16:55,14005.0,,16,55,3,1441.142578,2025-12-08 00:17:55
16,56,3,1346.2,2025-12-08 00:16:56,13004.0,,16,56,3,1442.956299,2025-12-08 00:17:56
16,57,3,1346.0,2025-12-08 00:16:57,12003.0,,16,57,3,1444.773926,2025-12-08 00:17:57
16,58,3,1349.9,2025-12-08 00:16:58,11002.0,,16,58,3,1446.597412,2025-12-08 00:17:58
16,59,3,1365.0,2025-12-08 00:16:59,10000.0,,16,59,3,1448.425781,2025-12-08 00:17:59
17,0,3,1334.3,2025-12-08 00:17:00,69014.0,,17,0,3,1351.161743,2025-12-08 00:18:00
17,1,3,1339.5,2025-12-08 00:17:01,68013.0,,17,1,3,1354.795288,2025-12-08 00:18:01
17,2,3,1325.1,2025-12-08 00:17:02,67012.0,,17,2,3,1357.749756,2025-12-08 00:18:02
17,3,3,1360.1,2025-12-08 00:17:03,66011.0,,17,3,3,1360.263672,2025-12-08 00:18:03
17,4,3,1322.4,2025-12-08 00:17:04,65010.0,,17,4,3,1362.436401,2025-12-08 00:18:04
17,5,3,1329.9,2025-12-08 00:17:05,64009.0,,17,5,3,1364.357422,2025-12-08 00:18:05
17,6,3,1338.4,2025-12-08 00:17:06,63008.0,,17,6,3,1366.087158,2025-12-08 00:18:06
17,7,3,1324.2,2025-12-08 00:17:07,62007.0,,17,7,3,1367.677612,2025-12-08 00:18:07
17,8,3,1333.5,2025-12-08 00:17:08,61006.0,,17,8,3,1369.173096,2025-12-08 00:18:08
17,9,3,1313.9,2025-12-08 00:17:09,60005.0,,17,9,3,1370.603271,2025-12-08 00:18:09
17,10,3,1340.2,2025-12-08 00:17:10,59004.0,,17,10,3,1371.996826,2025-12-08 00:18:10
17,11,3,1345.6,2025-12-08 00:17:11,58003.0,,17,11,3,1373.367554,2025-12-08 00:18:11
17,12,3,1339.8,2025-12-08 00:17:12,57002.0,,17,12,3,1374.732056,2025-12-08 00:18:12
17,13,3,1339.2,2025-12-08 00:17:13,56000.0,,17,13,3,1376.101929,2025-12-08 00:18:13
17,14,3,1342.7,2025-12-08 00:17:14,54999.0,,17,14,3,1377.484131,2025-12-08 00:18:14
17,15,3,1360.9,2025-12-08 00:17:15,53997.0,,17,15,3,1378.883301,2025-12-08 00:18:15
17,16,3,1339.0,2025-12-08 00:17:16,52995.0,,17,16,3,1380.300415,2025-12-08 00:18:16
17,17,3,1340.2,2025-12-08 00:17:17,51994.0,,17,17,3,1381.741821,2025-12-08 00:18:17
17,18,3,1377.8,2025-12-08 00:17:18,50993.0,,17,18,3,1383.205688,2025-12-08 00:18:18
17,19,3,1356.3,2025-12-08 00:17:19,49992.0,,17,19,3,1384.688232,2025-12-08 00:18:19
17,20,3,1309.9,2025-12-08 00:17:20,48991.0,,17,20,3,1386.194336,2025-12-08 00:18:20
17,21,3,1356.8,2025-12-08 00:17:21,47989.0,,17,21,3,1387.726074,2025-12-08 00:18:21
17,22,3,1351.6,2025-12-08 00:17:22,46988.0,,17,22,3,1389.272583,2025-12-08 00:18:22
17,23,3,1346.8,2025-12-08 00:17:23,45987.0,,17,23,3,1390.837524,2025-12-08 00:18:23
17,24,3,1333.2,2025-12-08 00:17:24,44986.0,,17,24,3,1392.419678,2025-12-08 00:18:24
17,25,3,1334.1,2025-12-08 00:17:25,43985.0,,17,25,3,1394.018311,2025-12-08 00:18:25
17,26,3,1330.9,2025-12-08 00:17:26,42984.0,,17,26,3,1395.631104,2025-12-08 00:18:26
17,27,3,1319.6,2025-12-08 00:17:27,41983.0,,17,27,3,1397.256958,2025-12-08 00:18:27
17,28,3,1352.6,2025-12-08 00:17:28,40983.0,,17,28,3,1398.89563,2025-12-08 00:18:28
17,29,3,1337.1,2025-12-08 00:17:29,39981.0,,17,29,3,1400.54187,2025-12-08 00:18:29
17,30,3,1356.3,2025-12-08 00:17:30,38980.0,,17,30,3,1402.199341,2025-12-08 00:18:30
17,31,3,1341.1,2025-12-08 00:17:31,37979.0,,17,31,3,1403.86438,2025-12-08 00:18:31
17,32,3,1331.7,2025-12-08 00:17:32,36976.0,,17,32,3,1405.539307,2025-12-08 00:18:32
17,33,3,1336.4,2025-12-08 00:17:33,35975.0,,17,33,3,1407.223877,2025-12-08 00:18:33
17,34,3,1334.6,2025-12-08 00:17:34,34974.0,,17,34,3,1408.915649,2025-12-08 00:18:34
17,35,3,1327.9,2025-12-08 00:17:35,33973.0,,17,35,3,1410.615234,2025-12-08 00:18:35
17,36,3,1335.2,2025-12-08 00:17:36,32972.0,,17,36,3,1412.32251,2025-12-08 00:18:36
17,37,3,1331.9,2025-12-08 00:17:37,31970.0,,17,37,3,1414.036377,2025-12-08 00:18:37
17,38,3,1345.1,2025-12-08 00:17:38,30969.0,,17,38,3,1415.757202,2025-12-08 00:18:38
17,39,3,1347.8,2025-12-08 00:17:39,29968.0,,17,39,3,1417.483276,2025-12-08 00:18:39
17,40,3,1357.6,2025-12-08 00:17:40,28967.0,,17,40,3,1419.215698,2025-12-08 00:18:40
17,41,3,1346.5,2025-12-08 00:17:41,27966.0,,17,41,3,1420.953491,2025-12-08 00:18:41
17,42,3,1312.0,2025-12-08 00:17:42,26964.0,,17,42,3,1422.69873,2025-12-08 00:18:42
17,43,3,1331.3,2025-12-08 00:17:43,25963.0,,17,43,3,1424.453857,2025-12-08 00:18:43
17,44,3,1325.3,2025-12-08 00:17:44,24961.0,,17,44,3,1426.213745,2025-12-08 00:18:44
17,45,3,1336.7,2025-12-08 00:17:45,23960.0,,17,45,3,1427.980347,2025-12-08 00:18:45
17,46,3,1334.3,2025-12-08 00:17:46,22959.0,,17,46,3,1429.751831,2025-12-08 00:18:46
17,47,3,1341.8,2025-12-08 00:17:47,21957.0,,17,47,3,1431.529541,2025-12-08 00:18:47
17,48,3,1324.1,2025-12-08 00:17:48,20955.0,,17,48,3,1433.312622,2025-12-08 00:18:48
17,49,3,1325.7,2025-12-08 00:17:49,19953.0,,17,49,3,1435.103149,2025-12-08 00:18:49
17,50,3,1362.8,2025-12-08 00:17:50,18951.0,,17,50,3,1436.899414,2025-12-08 00:18:50
17,51,3,1338.0,2025-12-08 00:17:51,17950.0,,17,51,3,1438.697998,2025-12-08 00:18:51
17,52,3,1361.5,2025-12-08 00:17:52,16949.0,,17,52,3,1440.50415,2025-12-08 00:18:52
17,53,3,1331.1,2025-12-08 00:17:53,15948.0,,17,53,3,1442.314209,2025-12-08 00:18:53
17,54,3,1340.9,2025-12-08 00:17:54,14947.0,,17,54,3,1444.132324,2025-12-08 00:18:54
17,55,3,1337.5,2025-12-08 00:17:55,13946.0,,17,55,3,1445.955078,2025-12-08 00:18:55
17,56,3,1335.0,2025-12-08 00:17:56,12945.0,,17,56,3,1447.783447,2025-12-08 00:18:56
17,57,3,1342.9,2025-12-08 00:17:57,11944.0,,17,57,3,1449.617188,2025-12-08 00:18:57
17,58,3,1330.3,2025-12-08 00:17:58,10943.0,,17,58,3,1451.455322,2025-12-08 00:18:58
17,59,3,1338.7,2025-12-08 00:17:59,9941.0,,17,59,3,1453.299072,2025-12-08 00:18:59
18,0,3,1445.6,2025-12-08 00:18:00,68949.0,,18,0,3,1497.463989,2025-12-08 00:19:00
18,1,3,1434.7,2025-12-08 00:18:01,67948.0,,18,1,3,1496.299438,2025-12-08 00:19:01
18,2,3,1439.3,2025-12-08 00:18:02,66947.0,,18,2,3,1495.964233,2025-12-08 00:19:02
18,3,3,1442.1,2025-12-08 00:18:03,65946.0,,18,3,3,1496.139404,2025-12-08 00:19:03
18,4,3,1451.1,2025-12-08 00:18:04,64945.0,,18,4,3,1496.709473,2025-12-08 00:19:04
18,5,3,1447.2,2025-12-08 00:18:05,63944.0,,18,5,3,1497.5896,2025-12-08 00:19:05
18,6,3,1437.0,2025-12-08 00:18:06,62943.0,,18,6,3,1498.714478,2025-12-08 00:19:06
18,7,3,1449.0,2025-12-08 00:18:07,61942.0,,18,7,3,1500.031006,2025-12-08 00:19:07
18,8,3,1421.2,2025-12-08 00:18:08,60941.0,,18,8,3,1501.495605,2025-12-08 00:19:08
18,9,3,1425.2,2025-12-08 00:18:09,59940.0,,18,9,3,1503.07666,2025-12-08 00:19:09
18,10,3,1441.5,2025-12-08 00:18:10,58939.0,,18,10,3,1504.745361,2025-12-08 00:19:10
18,11,3,1450.9,2025-12-08 00:18:11,57938.0,,18,11,3,1506.479492,2025-12-08 00:19:11
18,12,3,1426.3,2025-12-08 00:18:12,56937.0,,18,12,3,1508.261963,2025-12-08 00:19:12
18,13,3,1436.1,2025-12-08 00:18:13,55936.0,,18,13,3,1510.080811,2025-12-08 00:19:13
18,14,3,1441.0,2025-12-08 00:18:14,54936.0,,18,14,3,1511.92334,2025-12-08 00:19:14
18,15,3,1439.2,2025-12-08 00:18:15,53934.0,,18,15,3,1513.78125,2025-12-08 00:19:15
18,16,3,1447.1,2025-12-08 00:18:16,52933.0,,18,16,3,1515.647705,2025-12-08 00:19:16
18,17,3,1444.6,2025-12-08 00:18:17,51932.0,,18,17,3,1517.517334,2025-12-08 00:19:17
18,18,3,1444.2,2025-12-08 00:18:18,50931.0,,18,18,3,1519.38562,2025-12-08 00:19:18
18,19,3,1341.9,2025-12-08 00:18:19,49929.0,,18,19,3,1521.249756,2025-12-08 00:19:19
18,20,3,1322.4,2025-12-08 00:18:20,48924.0,,18,20,3,1523.109863,2025-12-08 00:19:20
18,21,3,1339.3,2025-12-08 00:18:21,47922.0,,18,21,3,1524.960938,2025-12-08 00:19:21
18,22,3,1322.9,2025-12-08 00:18:22,46922.0,,18,22,3,1526.800781,2025-12-08 00:19:22
18,23,3,1442.7,2025-12-08 00:18:23,45921.0,,18,23,3,1528.628296,2025-12-08 00:19:23
18,24,3,1438.6,2025-12-08 00:18:24,44920.0,,18,24,3,1530.44043,2025-12-08 00:19:24
18,25,3,1431.9,2025-12-08 00:18:25,43917.0,,18,25,3,1532.239624,2025-12-08 00:19:25
18,26,3,1421.8,2025-12-08 00:18:26,42916.0,,18,26,3,1534.026123,2025-12-08 00:19:26
18,27,3,1457.7,2025-12-08 00:18:27,41916.0,,18,27,3,1535.799438,2025-12-08 00:19:27
18,28,3,1442.2,2025-12-08 00:18:28,40914.0,,18,28,3,1537.558716,2025-12-08 00:19:28
18,29,3,1427.9,2025-12-08 00:18:29,39913.0,,18,29,3,1539.30481,2025-12-08 00:19:29
18,30,3,1449.9,2025-12-08 00:18:30,38913.0,,18,30,3,1541.037476,2025-12-08 00:19:30
18,31,3,1432.4,2025-12-08 00:18:31,37912.0,,18,31,3,1542.756348,2025-12-08 00:19:31
18,32,3,1453.9,2025-12-08 00:18:32,36911.0,,18,32,3,1544.461426,2025-12-08 00:19:32
18,33,3,1455.3,2025-12-08 00:18:33,35910.0,,18,33,3,1546.15271,2025-12-08 00:19:33
18,34,3,1460.3,2025-12-08 00:18:34,34907.0,,18,34,3,1547.829834,2025-12-08 00:19:34
18,35,3,1472.9,2025-12-08 00:18:35,33906.0,,18,35,3,1549.493042,2025-12-08 00:19:35
18,36,3,1426.9,2025-12-08 00:18:36,32896.0,,18,36,3,1551.141968,2025-12-08 00:19:36
18,37,3,1425.5,2025-12-08 00:18:37,31894.0,,18,37,3,1552.776245,2025-12-08 00:19:37
18,38,3,1446.1,2025-12-08 00:18:38,30890.0,,18,38,3,1554.395508,2025-12-08 00:19:38
18,39,3,1432.7,2025-12-08 00:18:39,29886.0,,18,39,3,1555.999756,2025-12-08 00:19:39
18,40,3,1453.9,2025-12-08 00:18:40,28884.0,,18,40,3,1557.588623,2025-12-08 00:19:40
18,41,3,1452.9,2025-12-08 00:18:41,27798.0,,18,41,3,1559.16272,2025-12-08 00:19:41
18,42,3,1447.1,2025-12-08 00:18:42,26797.0,,18,42,3,1560.721436,2025-12-08 00:19:42
18,43,3,1452.8,2025-12-08 00:18:43,25795.0,,18,43,3,1562.264282,2025-12-08 00:19:43
18,44,3,1442.8,2025-12-08 00:18:44,24794.0,,18,44,3,1563.791504,2025-12-08 00:19:44
18,45,3,1431.6,2025-12-08 00:18:45,23792.0,,18,45,3,1565.302856,2025-12-08 00:19:45
18,46,3,1449.7,2025-12-08 00:18:46,22791.0,,18,46,3,1566.797241,2025-12-08 00:19:46
18,47,3,1456.8,2025-12-08 00:18:47,21790.0,,18,47,3,1568.276001,2025-12-08 00:19:47
18,48,3,1433.8,2025-12-08 00:18:48,20784.0,,18,48,3,1569.738647,2025-12-08 00:19:48
18,49,3,1414.7,2025-12-08 00:18:49,19768.0,,18,49,3,1571.184082,2025-12-08 00:19:49
18,50,3,1449.6,2025-12-08 00:18:50,18759.0,,18,50,3,1572.611938,2025-12-08 00:19:50
18,51,3,1464.1,2025-12-08 00:18:51,17758.0,,18,51,3,1574.02417,2025-12-08 00:19:51
18,52,3,1445.4,2025-12-08 00:18:52,16755.0,,18,52,3,1575.420654,2025-12-08 00:19:52
18,53,3,1444.8,2025-12-08 00:18:53,15753.0,,18,53,3,1576.799561,2025-12-08 00:19:53
18,54,3,1443.0,2025-12-08 00:18:54,14751.0,,18,54,3,1578.161865,2025-12-08 00:19:54
18,55,3,1440.7,2025-12-08 00:18:55,13736.0,,18,55,3,1579.50708,2025-12-08 00:19:55
18,56,3,1474.5,2025-12-08 00:18:56,12734.0,,18,56,3,1580.835205,2025-12-08 00:19:56
18,57,3,1525.2,2025-12-08 00:18:57,11733.0,,18,57,3,1582.148438,2025-12-08 00:19:57
18,58,3,1520.6,2025-12-08 00:18:58,10731.0,,18,58,3,1583.447876,2025-12-08 00:19:58
18,59,3,1510.7,2025-12-08 00:18:59,9729.0,,18,59,3,1584.731567,2025-12-08 00:19:59
19,0,3,1546.9,2025-12-08 00:19:00,68767.0,,19,0,3,1579.699097,2025-12-08 00:20:00
19,1,3,1564.5,2025-12-08 00:19:01,67760.0,,19,1,3,1581.940552,2025-12-08 00:20:01
19,2,3,1521.3,2025-12-08 00:19:02,66746.0,,19,2,3,1583.816895,2025-12-08 00:20:02
19,3,3,1558.4,2025-12-08 00:19:03,65745.0,,19,3,3,1585.556519,2025-12-08 00:20:03
19,4,3,1562.6,2025-12-08 00:19:04,64743.0,,19,4,3,1587.157471,2025-12-08 00:20:04
19,5,3,1565.2,2025-12-08 00:19:05,63740.0,,19,5,3,1588.662476,2025-12-08 00:20:05
19,6,3,1543.8,2025-12-08 00:19:06,62739.0,,19,6,3,1590.089722,2025-12-08 00:20:06
19,7,3,1560.8,2025-12-08 00:19:07,61737.0,,19,7,3,1591.466431,2025-12-08 00:20:07
19,8,3,1546.6,2025-12-08 00:19:08,60736.0,,19,8,3,1592.782349,2025-12-08 00:20:08
19,9,3,1558.3,2025-12-08 00:19:09,59734.0,,19,9,3,1594.062744,2025-12-08 00:20:09
19,10,3,1546.2,2025-12-08 00:19:10,58733.0,,19,10,3,1595.30127,2025-12-08 00:20:10
19,11,3,1540.1,2025-12-08 00:19:11,57732.0,,19,11,3,1596.516113,2025-12-08 00:20:11
19,12,3,1561.0,2025-12-08 00:19:12,56731.0,,19,12,3,1597.70752,2025-12-08 00:20:12
19,13,3,1510.2,2025-12-08 00:19:13,55731.0,,19,13,3,1598.865601,2025-12-08 00:20:13
19,14,3,1486.9,2025-12-08 00:19:14,54730.0,,19,14,3,1600.028442,2025-12-08 00:20:14
19,15,3,1517.8,2025-12-08 00:19:15,53729.0,,19,15,3,1601.182251,2025-12-08 00:20:15
19,16,3,1557.1,2025-12-08 00:19:16,52728.0,,19,16,3,1602.302612,2025-12-08 00:20:16
19,17,3,1529.9,2025-12-08 00:19:17,51726.0,,19,17,3,1603.386597,2025-12-08 00:20:17
19,18,3,1547.9,2025-12-08 00:19:18,50726.0,,19,18,3,1604.467285,2025-12-08 00:20:18
19,19,3,1557.9,2025-12-08 00:19:19,49724.0,,19,19,3,1605.524292,2025-12-08 00:20:19
19,20,3,1564.2,2025-12-08 00:19:20,48724.0,,19,20,3,1606.562134,2025-12-08 00:20:20
19,21,3,1559.1,2025-12-08 00:19:21,47722.0,,19,21,3,1607.583374,2025-12-08 00:20:21
19,22,3,1548.5,2025-12-08 00:19:22,46721.0,,19,22,3,1608.593262,2025-12-08 00:20:22
19,23,3,1560.3,2025-12-08 00:19:23,45720.0,,19,23,3,1609.594238,2025-12-08 00:20:23
19,24,3,1497.8,2025-12-08 00:19:24,44720.0,,19,24,3,1610.576782,2025-12-08 00:20:24
19,25,3,1522.0,2025-12-08 00:19:25,43719.0,,19,25,3,1611.570435,2025-12-08 00:20:25
19,26,3,1513.5,2025-12-08 00:19:26,42718.0,,19,26,3,1612.539429,2025-12-08 00:20:26
19,27,3,1524.9,2025-12-08 00:19:27,41717.0,,19,27,3,1613.496094,2025-12-08 00:20:27
19,28,3,1513.8,2025-12-08 00:19:28,40717.0,,19,28,3,1614.432739,2025-12-08 00:20:28
19,29,3,1529.1,2025-12-08 00:19:29,39716.0,,19,29,3,1615.357788,2025-12-08 00:20:29
19,30,3,1491.9,2025-12-08 00:19:30,38715.0,,19,30,3,1616.26123,2025-12-08 00:20:30
19,31,3,1506.6,2025-12-08 00:19:31,37714.0,,19,31,3,1617.162476,2025-12-08 00:20:31
19,32,3,1554.2,2025-12-08 00:19:32,36712.0,,19,32,3,1618.041748,2025-12-08 00:20:32
19,33,3,1550.2,2025-12-08 00:19:33,35711.0,,19,33,3,1618.887329,2025-12-08 00:20:33
19,34,3,1545.6,2025-12-08 00:19:34,34710.0,,19,34,3,1619.719116,2025-12-08 00:20:34
19,35,3,1557.7,2025-12-08 00:19:35,33709.0,,19,35,3,1620.537354,2025-12-08 00:20:35
19,36,3,1567.0,2025-12-08 00:19:36,32707.0,,19,36,3,1621.336792,2025-12-08 00:20:36
19,37,3,1556.2,2025-12-08 00:19:37,31706.0,,19,37,3,1622.118896,2025-12-08 00:20:37
19,38,3,1546.6,2025-12-08 00:19:38,30705.0,,19,38,3,1622.890259,2025-12-08 00:20:38
19,39,3,1557.3,2025-12-08 00:19:39,29704.0,,19,39,3,1623.651001,2025-12-08 00:20:39
19,40,3,1553.6,2025-12-08 00:19:40,28703.0,,19,40,3,1624.394043,2025-12-08 00:20:40
19,41,3,1548.3,2025-12-08 00:19:41,27699.0,,19,41,3,1625.12439,2025-12-08 00:20:41
19,42,3,1532.2,2025-12-08 00:19:42,26698.0,,19,42,3,1625.842651,2025-12-08 00:20:42
19,43,3,1542.2,2025-12-08 00:19:43,25697.0,,19,43,3,1626.552124,2025-12-08 00:20:43
19,44,3,1541.6,2025-12-08 00:19:44,24696.0,,19,44,3,1627.244751,2025-12-08 00:20:44
19,45,3,1572.1,2025-12-08 00:19:45,23695.0,,19,45,3,1627.923706,2025-12-08 00:20:45
19,46,3,1562.8,2025-12-08 00:19:46,22694.0,,19,46,3,1628.5802,2025-12-08 00:20:46
19,47,3,1553.6,2025-12-08 00:19:47,21693.0,,19,47,3,1629.226562,2025-12-08 00:20:47
19,48,3,1609.1,2025-12-08 00:19:48,20692.0,,19,48,3,1629.862671,2025-12-08 00:20:48
19,49,3,1601.0,2025-12-08 00:19:49,19691.0,,19,49,3,1630.471069,2025-12-08 00:20:49
19,50,3,1592.6,2025-12-08 00:19:50,18691.0,,19,50,3,1631.069946,2025-12-08 00:20:50
19,51,3,1593.0,2025-12-08 00:19:51,17689.0,,19,51,3,1631.660156,2025-12-08 00:20:51
19,52,3,1609.1,2025-12-08 00:19:52,16687.0,,19,52,3,1632.238892,2025-12-08 00:20:52
19,53,3,1596.8,2025-12-08 00:19:53,15686.0,,19,53,3,1632.802612,2025-12-08 00:20:53
19,54,3,1595.4,2025-12-08 00:19:54,14686.0,,19,54,3,1633.358765,2025-12-08 00:20:54
19,55,3,1575.8,2025-12-08 00:19:55,13684.0,,19,55,3,1633.904663,2025-12-08 00:20:55
19,56,3,1592.8,2025-12-08 00:19:56,12667.0,,19,56,3,1634.444458,2025-12-08 00:20:56
19,57,3,1561.3,2025-12-08 00:19:57,11664.0,,19,57,3,1634.969482,2025-12-08 00:20:57
19,58,3,1531.5,2025-12-08 00:19:58,10663.0,,19,58,3,1635.491089,2025-12-08 00:20:58
19,59,3,1554.5,2025-12-08 00:19:59,9660.0,,19,59,3,1636.008301,2025-12-08 00:20:59
20,0,3,718.3,2025-12-08 00:20:00,73566.0,,20,0,3,990.248535,2025-12-08 00:21:00
20,1,3,745.2,2025-12-08 00:20:01,72564.0,,20,1,3,1010.558594,2025-12-08 00:21:01
20,2,3,733.9,2025-12-08 00:20:02,71562.0,,20,2,3,1027.73877,2025-12-08 00:21:02
20,3,3,712.3,2025-12-08 00:20:03,70561.0,,20,3,3,1043.182373,2025-12-08 00:21:03
20,4,3,717.9,2025-12-08 00:20:04,69559.0,,20,4,3,1056.919922,2025-12-08 00:21:04
20,5,3,715.6,2025-12-08 00:20:05,68558.0,,20,5,3,1069.076538,2025-12-08 00:21:05
20,6,3,729.2,2025-12-08 00:20:06,67556.0,,20,6,3,1079.82251,2025-12-08 00:21:06
20,7,3,729.5,2025-12-08 00:20:07,66556.0,,20,7,3,1089.342163,2025-12-08 00:21:07
20,8,3,721.8,2025-12-08 00:20:08,65554.0,,20,8,3,1097.814575,2025-12-08 00:21:08
20,9,3,738.4,2025-12-08 00:20:09,64551.0,,20,9,3,1105.403809,2025-12-08 00:21:09
20,10,3,736.0,2025-12-08 00:20:10,63548.0,,20,10,3,1112.254272,2025-12-08 00:21:10
20,11,3,729.7,2025-12-08 00:20:11,62547.0,,20,11,3,1118.48938,2025-12-08 00:21:11
20,12,3,736.4,2025-12-08 00:20:12,61545.0,,20,12,3,1124.213013,2025-12-08 00:21:12
20,13,3,730.5,2025-12-08 00:20:13,60544.0,,20,13,3,1129.510376,2025-12-08 00:21:13
20,14,3,742.0,2025-12-08 00:20:14,59541.0,,20,14,3,1134.451782,2025-12-08 00:21:14
20,15,3,725.2,2025-12-08 00:20:15,58538.0,,20,15,3,1139.093018,2025-12-08 00:21:15
20,16,3,739.3,2025-12-08 00:20:16,57537.0,,20,16,3,1143.478882,2025-12-08 00:21:16
20,17,3,733.5,2025-12-08 00:20:17,56535.0,,20,17,3,1147.645386,2025-12-08 00:21:17
20,18,3,738.6,2025-12-08 00:20:18,55534.0,,20,18,3,1151.620605,2025-12-08 00:21:18
20,19,3,742.6,2025-12-08 00:20:19,54532.0,,20,19,3,1155.42688,2025-12-08 00:21:19
20,20,3,740.9,2025-12-08 00:20:20,53531.0,,20,20,3,1159.081787,2025-12-08 00:21:20
20,21,3,734.6,2025-12-08 00:20:21,52530.0,,20,21,3,1162.599243,2025-12-08 00:21:21
20,22,3,742.2,2025-12-08 00:20:22,51528.0,,20,22,3,1165.990601,2025-12-08 00:21:22
20,23,3,720.4,2025-12-08 00:20:23,50527.0,,20,23,3,1169.264648,2025-12-08 00:21:23
20,24,3,732.1,2025-12-08 00:20:24,49526.0,,20,24,3,1172.428589,2025-12-08 00:21:24
20,25,3,712.2,2025-12-08 00:20:25,48525.0,,20,25,3,1175.489136,2025-12-08 00:21:25
20,26,3,726.1,2025-12-08 00:20:26,47524.0,,20,26,3,1178.450928,2025-12-08 00:21:26
20,27,3,734.2,2025-12-08 00:20:27,46522.0,,20,27,3,1181.319214,2025-12-08 00:21:27
20,28,3,726.9,2025-12-08 00:20:28,45521.0,,20,28,3,1184.0979,2025-12-08 00:21:28
20,29,3,723.4,2025-12-08 00:20:29,44520.0,,20,29,3,1186.790527,2025-12-08 00:21:29
20,30,3,726.7,2025-12-08 00:20:30,43518.0,,20,30,3,1189.400513,2025-12-08 00:21:30
20,31,3,720.9,2025-12-08 00:20:31,42517.0,,20,31,3,1191.931396,2025-12-08 00:21:31
20,32,3,724.4,2025-12-08 00:20:32,41515.0,,20,32,3,1194.385864,2025-12-08 00:21:32
20,33,3,846.9,2025-12-08 00:20:33,40514.0,,20,33,3,1196.766968,2025-12-08 00:21:33
20,34,3,835.1,2025-12-08 00:20:34,39513.0,,20,34,3,1199.080444,2025-12-08 00:21:34
20,35,3,849.6,2025-12-08 00:20:35,38512.0,,20,35,3,1201.325684,2025-12-08 00:21:35
20,36,3,839.2,2025-12-08 00:20:36,37511.0,,20,36,3,1203.505737,2025-12-08 00:21:36
20,37,3,748.9,2025-12-08 00:20:37,36510.0,,20,37,3,1205.622681,2025-12-08 00:21:37
20,38,3,835.5,2025-12-08 00:20:38,35507.0,,20,38,3,1207.67749,2025-12-08 00:21:38
20,39,3,884.6,2025-12-08 00:20:39,34506.0,,20,39,3,1209.675781,2025-12-08 00:21:39
20,40,3,859.1,2025-12-08 00:20:40,33503.0,,20,40,3,1211.618652,2025-12-08 00:21:40
20,41,3,851.4,2025-12-08 00:20:41,32501.0,,20,41,3,1213.507202,2025-12-08 00:21:41
20,42,3,771.3,2025-12-08 00:20:42,31499.0,,20,42,3,1215.34375,2025-12-08 00:21:42
20,43,3,753.3,2025-12-08 00:20:43,30498.0,,20,43,3,1217.129639,2025-12-08 00:21:43
20,44,3,821.5,2025-12-08 00:20:44,29495.0,,20,44,3,1218.867676,2025-12-08 00:21:44
20,45,3,842.5,2025-12-08 00:20:45,28495.0,,20,45,3,1220.560669,2025-12-08 00:21:45
20,46,3,839.8,2025-12-08 00:20:46,27488.0,,20,46,3,1222.209351,2025-12-08 00:21:46
20,47,3,837.9,2025-12-08 00:20:47,26486.0,,20,47,3,1223.815796,2025-12-08 00:21:47
20,48,3,821.5,2025-12-08 00:20:48,25485.0,,20,48,3,1225.38147,2025-12-08 00:21:48
20,49,3,834.8,2025-12-08 00:20:49,24456.0,,20,49,3,1226.908447,2025-12-08 00:21:49
20,50,3,818.2,2025-12-08 00:20:50,23454.0,,20,50,3,1228.397583,2025-12-08 00:21:50
20,51,3,845.4,2025-12-08 00:20:51,22454.0,,20,51,3,1229.850952,2025-12-08 00:21:51
20,52,3,774.1,2025-12-08 00:20:52,21449.0,,20,52,3,1231.269653,2025-12-08 00:21:52
20,53,3,765.3,2025-12-08 00:20:53,20448.0,,20,53,3,1232.656006,2025-12-08 00:21:53
20,54,3,758.0,2025-12-08 00:20:54,19447.0,,20,54,3,1234.010864,2025-12-08 00:21:54
20,55,3,774.2,2025-12-08 00:20:55,18445.0,,20,55,3,1235.335815,2025-12-08 00:21:55
20,56,3,765.3,2025-12-08 00:20:56,17444.0,,20,56,3,1236.631836,2025-12-08 00:21:56
20,57,3,778.7,2025-12-08 00:20:57,16441.0,,20,57,3,1237.900269,2025-12-08 00:21:57
20,58,3,768.7,2025-12-08 00:20:58,15440.0,,20,58,3,1239.142334,2025-12-08 00:21:58
20,59,3,743.4,2025-12-08 00:20:59,14439.0,,20,59,3,1240.359375,2025-12-08 00:21:59
21,0,3,1277.7,2025-12-08 00:21:00,68565.0,,21,0,3,1329.867798,2025-12-08 00:22:00
21,1,3,1301.0,2025-12-08 00:21:01,67561.0,,21,1,3,1329.718018,2025-12-08 00:22:01
21,2,3,1283.1,2025-12-08 00:21:02,66559.0,,21,2,3,1329.712891,2025-12-08 00:22:02
21,3,3,1272.8,2025-12-08 00:21:03,65555.0,,21,3,3,1329.812866,2025-12-08 00:22:03
21,4,3,1281.4,2025-12-08 00:21:04,64554.0,,21,4,3,1330.007202,2025-12-08 00:22:04
21,5,3,1091.9,2025-12-08 00:21:05,63552.0,,21,5,3,1330.279663,2025-12-08 00:22:05
21,6,3,1238.8,2025-12-08 00:21:06,62551.0,,21,6,3,1330.669434,2025-12-08 00:22:06
21,7,3,1066.5,2025-12-08 00:21:07,61550.0,,21,7,3,1331.072998,2025-12-08 00:22:07
21,8,3,1060.7,2025-12-08 00:21:08,60548.0,,21,8,3,1331.568481,2025-12-08 00:22:08
21,9,3,1151.6,2025-12-08 00:21:09,59547.0,,21,9,3,1332.097534,2025-12-08 00:22:09
21,10,3,1060.0,2025-12-08 00:21:10,58545.0,,21,10,3,1332.618164,2025-12-08 00:22:10
21,11,3,1094.4,2025-12-08 00:21:11,57543.0,,21,11,3,1333.182739,2025-12-08 00:22:11
21,12,3,1163.8,2025-12-08 00:21:12,56541.0,,21,12,3,1333.741943,2025-12-08 00:22:12
21,13,3,1165.8,2025-12-08 00:21:13,55541.0,,21,13,3,1334.275635,2025-12-08 00:22:13
21,14,3,1179.1,2025-12-08 00:21:14,54540.0,,21,14,3,1334.80542,2025-12-08 00:22:14
21,15,3,1220.6,2025-12-08 00:21:15,53538.0,,21,15,3,1335.324219,2025-12-08 00:22:15
21,16,3,1246.6,2025-12-08 00:21:16,52537.0,,21,16,3,1335.818359,2025-12-08 00:22:16
21,17,3,1263.9,2025-12-08 00:21:17,51536.0,,21,17,3,1336.293579,2025-12-08 00:22:17
21,18,3,1266.8,2025-12-08 00:21:18,50535.0,,21,18,3,1336.753174,2025-12-08 00:22:18
21,19,3,1290.6,2025-12-08 00:21:19,49534.0,,21,19,3,1337.204346,2025-12-08 00:22:19
21,20,3,1315.4,2025-12-08 00:21:20,48533.0,,21,20,3,1337.637573,2025-12-08 00:22:20
21,21,3,1325.1,2025-12-08 00:21:21,47531.0,,21,21,3,1338.053833,2025-12-08 00:22:21
21,22,3,1321.9,2025-12-08 00:21:22,46530.0,,21,22,3,1338.460815,2025-12-08 00:22:22
21,23,3,1321.2,2025-12-08 00:21:23,45529.0,,21,23,3,1338.86499,2025-12-08 00:22:23
21,24,3,1312.5,2025-12-08 00:21:24,44527.0,,21,24,3,1339.265869,2025-12-08 00:22:24
21,25,3,1307.5,2025-12-08 00:21:25,43526.0,,21,25,3,1339.668091,2025-12-08 00:22:25
21,26,3,1325.3,2025-12-08 00:21:26,42525.0,,21,26,3,1340.069458,2025-12-08 00:22:26
21,27,3,1308.8,2025-12-08 00:21:27,41524.0,,21,27,3,1340.460327,2025-12-08 00:22:27
21,28,3,1318.0,2025-12-08 00:21:28,40523.0,,21,28,3,1340.856934,2025-12-08 00:22:28
21,29,3,1300.3,2025-12-08 00:21:29,39522.0,,21,29,3,1341.247192,2025-12-08 00:22:29
21,30,3,1313.9,2025-12-08 00:21:30,38521.0,,21,30,3,1341.644409,2025-12-08 00:22:30
21,31,3,1315.8,2025-12-08 00:21:31,37519.0,,21,31,3,1342.033203,2025-12-08 00:22:31
21,32,3,1307.1,2025-12-08 00:21:32,36517.0,,21,32,3,1342.419678,2025-12-08 00:22:32
21,33,3,1293.2,2025-12-08 00:21:33,35511.0,,21,33,3,1342.809326,2025-12-08 00:22:33
21,34,3,1296.9,2025-12-08 00:21:34,34510.0,,21,34,3,1343.204346,2025-12-08 00:22:34
21,35,3,1302.6,2025-12-08 00:21:35,33509.0,,21,35,3,1343.596069,2025-12-08 00:22:35
21,36,3,1323.3,2025-12-08 00:21:36,32508.0,,21,36,3,1343.983521,2025-12-08 00:22:36
21,37,3,1319.1,2025-12-08 00:21:37,31507.0,,21,37,3,1344.359741,2025-12-08 00:22:37
21,38,3,1296.8,2025-12-08 00:21:38,30464.0,,21,38,3,1344.737183,2025-12-08 00:22:38
21,39,3,1310.3,2025-12-08 00:21:39,29394.0,,21,39,3,1345.12561,2025-12-08 00:22:39
21,40,3,1313.8,2025-12-08 00:21:40,28394.0,,21,40,3,1345.506714,2025-12-08 00:22:40
21,41,3,1316.9,2025-12-08 00:21:41,27392.0,,21,41,3,1345.885498,2025-12-08 00:22:41
21,42,3,1307.6,2025-12-08 00:21:42,26391.0,,21,42,3,1346.262695,2025-12-08 00:22:42
21,43,3,1320.2,2025-12-08 00:21:43,25390.0,,21,43,3,1346.644897,2025-12-08 00:22:43
21,44,3,1299.1,2025-12-08 00:21:44,24390.0,,21,44,3,1347.020752,2025-12-08 00:22:44
21,45,3,1336.7,2025-12-08 00:21:45,23389.0,,21,45,3,1347.408203,2025-12-08 00:22:45
21,46,3,1323.8,2025-12-08 00:21:46,22376.0,,21,46,3,1347.776489,2025-12-08 00:22:46
21,47,3,1334.6,2025-12-08 00:21:47,21374.0,,21,47,3,1348.15271,2025-12-08 00:22:47
21,48,3,1320.8,2025-12-08 00:21:48,20373.0,,21,48,3,1348.524658,2025-12-08 00:22:48
21,49,3,1332.8,2025-12-08 00:21:49,19370.0,,21,49,3,1348.90564,2025-12-08 00:22:49
21,50,3,1346.0,2025-12-08 00:21:50,18369.0,,21,50,3,1349.28186,2025-12-08 00:22:50
21,51,3,1343.1,2025-12-08 00:21:51,17366.0,,21,51,3,1349.653076,2025-12-08 00:22:51
21,52,3,1320.6,2025-12-08 00:21:52,16361.0,,21,52,3,1350.028198,2025-12-08 00:22:52
21,53,3,1351.8,2025-12-08 00:21:53,15359.0,,21,53,3,1350.417725,2025-12-08 00:22:53
21,54,3,1335.0,2025-12-08 00:21:54,14357.0,,21,54,3,1350.792603,2025-12-08 00:22:54
21,55,3,1317.7,2025-12-08 00:21:55,13356.0,,21,55,3,1351.179199,2025-12-08 00:22:55
21,56,3,1331.4,2025-12-08 00:21:56,12354.0,,21,56,3,1351.577271,2025-12-08 00:22:56
21,57,3,1342.2,2025-12-08 00:21:57,11353.0,,21,57,3,1351.969604,2025-12-08 00:22:57
21,58,3,1345.4,2025-12-08 00:21:58,10351.0,,21,58,3,1352.358276,2025-12-08 00:22:58
21,59,3,1345.8,2025-12-08 00:21:59,9350.0,,21,59,3,1352.747437,2025-12-08 00:22:59
22,0,3,1341.3,2025-12-08 00:22:00,68292.0,,22,0,3,1339.664917,2025-12-08 00:23:00
22,1,3,1344.5,2025-12-08 00:22:01,67291.0,,22,1,3,1340.27002,2025-12-08 00:23:01
22,2,3,1337.3,2025-12-08 00:22:02,66290.0,,22,2,3,1340.82312,2025-12-08 00:23:02
22,3,3,1328.2,2025-12-08 00:22:03,65289.0,,22,3,3,1341.335815,2025-12-08 00:23:03
22,4,3,1355.9,2025-12-08 00:22:04,64288.0,,22,4,3,1341.812988,2025-12-08 00:23:04
22,5,3,1334.2,2025-12-08 00:22:05,63287.0,,22,5,3,1342.239746,2025-12-08 00:23:05
22,6,3,1336.9,2025-12-08 00:22:06,62286.0,,22,6,3,1342.649048,2025-12-08 00:23:06
22,7,3,1346.6,2025-12-08 00:22:07,61285.0,,22,7,3,1343.032471,2025-12-08 00:23:07
22,8,3,1336.2,2025-12-08 00:22:08,60282.0,,22,8,3,1343.392456,2025-12-08 00:23:08
22,9,3,1342.7,2025-12-08 00:22:09,59279.0,,22,9,3,1343.743896,2025-12-08 00:23:09
22,10,3,1341.6,2025-12-08 00:22:10,58277.0,,22,10,3,1344.081665,2025-12-08 00:23:10
22,11,3,1322.8,2025-12-08 00:22:11,57276.0,,22,11,3,1344.413452,2025-12-08 00:23:11
22,12,3,1350.4,2025-12-08 00:22:12,56271.0,,22,12,3,1344.751343,2025-12-08 00:23:12
22,13,3,1314.9,2025-12-08 00:22:13,55268.0,,22,13,3,1345.072144,2025-12-08 00:23:13
22,14,3,1314.6,2025-12-08 00:22:14,54267.0,,22,14,3,1345.411743,2025-12-08 00:23:14
22,15,3,1337.8,2025-12-08 00:22:15,53266.0,,22,15,3,1345.751953,2025-12-08 00:23:15
22,16,3,1333.5,2025-12-08 00:22:16,52265.0,,22,16,3,1346.080933,2025-12-08 00:23:16
22,17,3,1332.9,2025-12-08 00:22:17,51263.0,,22,17,3,1346.414795,2025-12-08 00:23:17
22,18,3,1347.6,2025-12-08 00:22:18,50254.0,,22,18,3,1346.751953,2025-12-08 00:23:18
22,19,3,1358.2,2025-12-08 00:22:19,49249.0,,22,19,3,1347.084839,2025-12-08 00:23:19
22,20,3,1334.8,2025-12-08 00:22:20,48248.0,,22,20,3,1347.416382,2025-12-08 00:23:20
22,21,3,1349.0,2025-12-08 00:22:21,47247.0,,22,21,3,1347.764893,2025-12-08 00:23:21
22,22,3,1331.3,2025-12-08 00:22:22,46246.0,,22,22,3,1348.110107,2025-12-08 00:23:22
22,23,3,1355.9,2025-12-08 00:22:23,45245.0,,22,23,3,1348.469116,2025-12-08 00:23:23
22,24,3,1351.5,2025-12-08 00:22:24,44243.0,,22,24,3,1348.819336,2025-12-08 00:23:24
22,25,3,1334.7,2025-12-08 00:22:25,43242.0,,22,25,3,1349.17627,2025-12-08 00:23:25
22,26,3,1351.6,2025-12-08 00:22:26,42241.0,,22,26,3,1349.546509,2025-12-08 00:23:26
22,27,3,1327.3,2025-12-08 00:22:27,41240.0,,22,27,3,1349.911499,2025-12-08 00:23:27
22,28,3,1341.0,2025-12-08 00:22:28,40239.0,,22,28,3,1350.293213,2025-12-08 00:23:28
22,29,3,1321.7,2025-12-08 00:22:29,39238.0,,22,29,3,1350.671021,2025-12-08 00:23:29
22,30,3,1321.3,2025-12-08 00:22:30,38238.0,,22,30,3,1351.062256,2025-12-08 00:23:30
22,31,3,1328.6,2025-12-08 00:22:31,37237.0,,22,31,3,1351.456177,2025-12-08 00:23:31
22,32,3,1339.1,2025-12-08 00:22:32,36236.0,,22,32,3,1351.848511,2025-12-08 00:23:32
22,33,3,1339.5,2025-12-08 00:22:33,35235.0,,22,33,3,1352.237671,2025-12-08 00:23:33
22,34,3,1348.0,2025-12-08 00:22:34,34234.0,,22,34,3,1352.629028,2025-12-08 00:23:34
22,35,3,1343.4,2025-12-08 00:22:35,33233.0,,22,35,3,1353.018188,2025-12-08 00:23:35
22,36,3,1331.8,2025-12-08 00:22:36,32232.0,,22,36,3,1353.412598,2025-12-08 00:23:36
22,37,3,1321.8,2025-12-08 00:22:37,31231.0,,22,37,3,1353.815552,2025-12-08 00:23:37
22,38,3,1327.8,2025-12-08 00:22:38,30230.0,,22,38,3,1354.226196,2025-12-08 00:23:38
22,39,3,1343.0,2025-12-08 00:22:39,29229.0,,22,39,3,1354.63501,2025-12-08 00:23:39
22,40,3,1336.2,2025-12-08 00:22:40,28228.0,,22,40,3,1355.037231,2025-12-08 00:23:40
22,41,3,1358.7,2025-12-08 00:22:41,27227.0,,22,41,3,1355.44519,2025-12-08 00:23:41
22,42,3,1320.4,2025-12-08 00:22:42,26226.0,,22,42,3,1355.842529,2025-12-08 00:23:42
22,43,3,1315.2,2025-12-08 00:22:43,25225.0,,22,43,3,1356.263306,2025-12-08 00:23:43
22,44,3,1341.6,2025-12-08 00:22:44,24224.0,,22,44,3,1356.688477,2025-12-08 00:23:44
22,45,3,1321.5,2025-12-08 00:22:45,23222.0,,22,45,3,1357.099976,2025-12-08 00:23:45
22,46,3,1337.5,2025-12-08 00:22:46,22216.0,,22,46,3,1357.524048,2025-12-08 00:23:46
22,47,3,1341.7,2025-12-08 00:22:47,21213.0,,22,47,3,1357.940674,2025-12-08 00:23:47
22,48,3,1329.0,2025-12-08 00:22:48,20212.0,,22,48,3,1358.356201,2025-12-08 00:23:48
22,49,3,1339.8,2025-12-08 00:22:49,19212.0,,22,49,3,1358.780518,2025-12-08 00:23:49
22,50,3,1337.4,2025-12-08 00:22:50,18210.0,,22,50,3,1359.200195,2025-12-08 00:23:50
22,51,3,1341.6,2025-12-08 00:22:51,17209.0,,22,51,3,1359.622559,2025-12-08 00:23:51
22,52,3,1318.8,2025-12-08 00:22:52,16208.0,,22,52,3,1360.044434,2025-12-08 00:23:52
22,53,3,1327.4,2025-12-08 00:22:53,15207.0,,22,53,3,1360.480957,2025-12-08 00:23:53
22,54,3,1352.9,2025-12-08 00:22:54,14206.0,,22,54,3,1360.913452,2025-12-08 00:23:54
22,55,3,1345.4,2025-12-08 00:22:55,13203.0,,22,55,3,1361.33252,2025-12-08 00:23:55
22,56,3,1330.7,2025-12-08 00:22:56,12202.0,,22,56,3,1361.757935,2025-12-08 00:23:56
22,57,3,1327.6,2025-12-08 00:22:57,11201.0,,22,57,3,1362.193726,2025-12-08 00:23:57
22,58,3,1325.7,2025-12-08 00:22:58,10200.0,,22,58,3,1362.633057,2025-12-08 00:23:58
22,59,3,1338.1,2025-12-08 00:22:59,9199.0,,22,59,3,1363.074707,2025-12-08 00:23:59
23,0,3,1432.1,2025-12-08 00:23:00,68219.0,,23,0,3,1474.12793,2025-12-08 00:24:00
23,1,3,1418.2,2025-12-08 00:23:01,67217.0,,23,1,3,1474.005127,2025-12-08 00:24:01
23,2,3,1452.9,2025-12-08 00:23:02,66216.0,,23,2,3,1474.199707,2025-12-08 00:24:02
23,3,3,1427.8,2025-12-08 00:23:03,65214.0,,23,3,3,1474.52478,2025-12-08 00:24:03
23,4,3,1454.9,2025-12-08 00:23:04,64212.0,,23,4,3,1475.020752,2025-12-08 00:24:04
23,5,3,1428.1,2025-12-08 00:23:05,63208.0,,23,5,3,1475.627075,2025-12-08 00:24:05
23,6,3,1421.9,2025-12-08 00:23:06,62206.0,,23,6,3,1476.380615,2025-12-08 00:24:06
23,7,3,1444.8,2025-12-08 00:23:07,61205.0,,23,7,3,1477.24646,2025-12-08 00:24:07
23,8,3,1438.0,2025-12-08 00:23:08,60204.0,,23,8,3,1478.182983,2025-12-08 00:24:08
23,9,3,1448.3,2025-12-08 00:23:09,59202.0,,23,9,3,1479.204712,2025-12-08 00:24:09
23,10,3,1416.3,2025-12-08 00:23:10,58197.0,,23,10,3,1480.284302,2025-12-08 00:24:10
23,11,3,1462.7,2025-12-08 00:23:11,57196.0,,23,11,3,1481.448853,2025-12-08 00:24:11
23,12,3,1448.0,2025-12-08 00:23:12,56195.0,,23,12,3,1482.618896,2025-12-08 00:24:12
23,13,3,1429.1,2025-12-08 00:23:13,55194.0,,23,13,3,1483.843018,2025-12-08 00:24:13
23,14,3,1430.8,2025-12-08 00:23:14,54193.0,,23,14,3,1485.118042,2025-12-08 00:24:14
23,15,3,1428.5,2025-12-08 00:23:15,53192.0,,23,15,3,1486.419678,2025-12-08 00:24:15
23,16,3,1444.9,2025-12-08 00:23:16,52190.0,,23,16,3,1487.747192,2025-12-08 00:24:16
23,17,3,1428.1,2025-12-08 00:23:17,51189.0,,23,17,3,1489.080078,2025-12-08 00:24:17
23,18,3,1437.8,2025-12-08 00:23:18,50188.0,,23,18,3,1490.445557,2025-12-08 00:24:18
23,19,3,1344.2,2025-12-08 00:23:19,49187.0,,23,19,3,1491.817383,2025-12-08 00:24:19
23,20,3,1340.7,2025-12-08 00:23:20,48185.0,,23,20,3,1493.284668,2025-12-08 00:24:20
23,21,3,1359.3,2025-12-08 00:23:21,47184.0,,23,21,3,1494.762939,2025-12-08 00:24:21
23,22,3,1332.8,2025-12-08 00:23:22,46182.0,,23,22,3,1496.22937,2025-12-08 00:24:22
23,23,3,1432.8,2025-12-08 00:23:23,45181.0,,23,23,3,1497.722656,2025-12-08 00:24:23
23,24,3,1453.4,2025-12-08 00:23:24,44180.0,,23,24,3,1499.126343,2025-12-08 00:24:24
23,25,3,1436.5,2025-12-08 00:23:25,43179.0,,23,25,3,1500.515625,2025-12-08 00:24:25
23,26,3,1449.3,2025-12-08 00:23:26,42178.0,,23,26,3,1501.925903,2025-12-08 00:24:26
23,27,3,1454.9,2025-12-08 00:23:27,41176.0,,23,27,3,1503.330933,2025-12-08 00:24:27
23,28,3,1450.2,2025-12-08 00:23:28,40175.0,,23,28,3,1504.738403,2025-12-08 00:24:28
23,29,3,1440.1,2025-12-08 00:23:29,39174.0,,23,29,3,1506.157715,2025-12-08 00:24:29
23,30,3,1443.3,2025-12-08 00:23:30,38173.0,,23,30,3,1507.59375,2025-12-08 00:24:30
23,31,3,1445.9,2025-12-08 00:23:31,37169.0,,23,31,3,1509.034546,2025-12-08 00:24:31
23,32,3,1447.0,2025-12-08 00:23:32,36168.0,,23,32,3,1510.480469,2025-12-08 00:24:32
23,33,3,1446.8,2025-12-08 00:23:33,35166.0,,23,33,3,1511.932739,2025-12-08 00:24:33
23,34,3,1444.2,2025-12-08 00:23:34,34164.0,,23,34,3,1513.392578,2025-12-08 00:24:34
23,35,3,1453.0,2025-12-08 00:23:35,33160.0,,23,35,3,1514.86145,2025-12-08 00:24:35
23,36,3,1426.2,2025-12-08 00:23:36,32159.0,,23,36,3,1516.328979,2025-12-08 00:24:36
23,37,3,1453.6,2025-12-08 00:23:37,31158.0,,23,37,3,1517.825806,2025-12-08 00:24:37
23,38,3,1428.4,2025-12-08 00:23:38,30157.0,,23,38,3,1519.303833,2025-12-08 00:24:38
23,39,3,1428.4,2025-12-08 00:23:39,29157.0,,23,39,3,1520.808594,2025-12-08 00:24:39
23,40,3,1460.5,2025-12-08 00:23:40,28155.0,,23,40,3,1522.316772,2025-12-08 00:24:40
23,41,3,1443.5,2025-12-08 00:23:41,27154.0,,23,41,3,1523.800903,2025-12-08 00:24:41
23,42,3,1462.9,2025-12-08 00:23:42,26153.0,,23,42,3,1525.30249,2025-12-08 00:24:42
23,43,3,1425.5,2025-12-08 00:23:43,25153.0,,23,43,3,1526.791016,2025-12-08 00:24:43
23,44,3,1447.1,2025-12-08 00:23:44,24152.0,,23,44,3,1528.313232,2025-12-08 00:24:44
23,45,3,1461.9,2025-12-08 00:23:45,23151.0,,23,45,3,1529.818726,2025-12-08 00:24:45
23,46,3,1446.1,2025-12-08 00:23:46,22150.0,,23,46,3,1531.313477,2025-12-08 00:24:46
23,47,3,1419.9,2025-12-08 00:23:47,21149.0,,23,47,3,1532.822266,2025-12-08 00:24:47
23,48,3,1434.7,2025-12-08 00:23:48,20148.0,,23,48,3,1534.353027,2025-12-08 00:24:48
23,49,3,1437.0,2025-12-08 00:23:49,19147.0,,23,49,3,1535.870239,2025-12-08 00:24:49
23,50,3,1416.4,2025-12-08 00:23:50,18146.0,,23,50,3,1537.384277,2025-12-08 00:24:50
23,51,3,1445.6,2025-12-08 00:23:51,17145.0,,23,51,3,1538.912842,2025-12-08 00:24:51
23,52,3,1441.6,2025-12-08 00:23:52,16144.0,,23,52,3,1540.414917,2025-12-08 00:24:52
23,53,3,1434.7,2025-12-08 00:23:53,15143.0,,23,53,3,1541.91748,2025-12-08 00:24:53
23,54,3,1423.5,2025-12-08 00:23:54,14142.0,,23,54,3,1543.422852,2025-12-08 00:24:54
23,55,3,1440.5,2025-12-08 00:23:55,13140.0,,23,55,3,1544.933472,2025-12-08 00:24:55
23,56,3,1478.2,2025-12-08 00:23:56,12139.0,,23,56,3,1546.426514,2025-12-08 00:24:56
23,57,3,1527.2,2025-12-08 00:23:57,11138.0,,23,57,3,1547.885986,2025-12-08 00:24:57
23,58,3,1505.2,2025-12-08 00:23:58,10137.0,,23,58,3,1549.305298,2025-12-08 00:24:58
23,59,3,1503.7,2025-12-08 00:23:59,9136.0,,23,59,3,1550.74231,2025-12-08 00:24:59
24,0,3,1540.0,2025-12-08 00:24:00,68424.0,,24,0,3,1578.490479,2025-12-08 00:25:00
24,1,3,1563.8,2025-12-08 00:24:01,67422.0,,24,1,3,1580.774902,2025-12-08 00:25:01
24,2,3,1556.2,2025-12-08 00:24:02,66421.0,,24,2,3,1582.659058,2025-12-08 00:25:02
24,3,3,1531.9,2025-12-08 00:24:03,65420.0,,24,3,3,1584.383667,2025-12-08 00:25:03
24,4,3,1550.2,2025-12-08 00:24:04,64420.0,,24,4,3,1586.007202,2025-12-08 00:25:04
24,5,3,1561.2,2025-12-08 00:24:05,63419.0,,24,5,3,1587.526855,2025-12-08 00:25:05
24,6,3,1542.7,2025-12-08 00:24:06,62418.0,,24,6,3,1588.964111,2025-12-08 00:25:06
24,7,3,1562.6,2025-12-08 00:24:07,61416.0,,24,7,3,1590.349609,2025-12-08 00:25:07
24,8,3,1547.0,2025-12-08 00:24:08,60415.0,,24,8,3,1591.672852,2025-12-08 00:25:08
24,9,3,1562.0,2025-12-08 00:24:09,59415.0,,24,9,3,1592.962158,2025-12-08 00:25:09
24,10,3,1572.8,2025-12-08 00:24:10,58413.0,,24,10,3,1594.208008,2025-12-08 00:25:10
24,11,3,1552.0,2025-12-08 00:24:11,57412.0,,24,11,3,1595.418823,2025-12-08 00:25:11
24,12,3,1540.9,2025-12-08 00:24:12,56411.0,,24,12,3,1596.615234,2025-12-08 00:25:12
24,13,3,1487.2,2025-12-08 00:24:13,55409.0,,24,13,3,1597.795776,2025-12-08 00:25:13
24,14,3,1512.4,2025-12-08 00:24:14,54408.0,,24,14,3,1598.982422,2025-12-08 00:25:14
24,15,3,1497.5,2025-12-08 00:24:15,53407.0,,24,15,3,1600.137085,2025-12-08 00:25:15
24,16,3,1547.3,2025-12-08 00:24:16,52407.0,,24,16,3,1601.279907,2025-12-08 00:25:16
24,17,3,1543.1,2025-12-08 00:24:17,51406.0,,24,17,3,1602.381104,2025-12-08 00:25:17
24,18,3,1566.3,2025-12-08 00:24:18,50405.0,,24,18,3,1603.468994,2025-12-08 00:25:18
24,19,3,1540.7,2025-12-08 00:24:19,49404.0,,24,19,3,1604.530884,2025-12-08 00:25:19
24,20,3,1551.1,2025-12-08 00:24:20,48403.0,,24,20,3,1605.590332,2025-12-08 00:25:20
24,21,3,1544.7,2025-12-08 00:24:21,47402.0,,24,21,3,1606.631348,2025-12-08 00:25:21
24,22,3,1552.0,2025-12-08 00:24:22,46400.0,,24,22,3,1607.661255,2025-12-08 00:25:22
24,23,3,1555.8,2025-12-08 00:24:23,45400.0,,24,23,3,1608.674194,2025-12-08 00:25:23
24,24,3,1514.2,2025-12-08 00:24:24,44398.0,,24,24,3,1609.672241,2025-12-08 00:25:24
24,25,3,1505.8,2025-12-08 00:24:25,43397.0,,24,25,3,1610.673584,2025-12-08 00:25:25
24,26,3,1530.4,2025-12-08 00:24:26,42396.0,,24,26,3,1611.66333,2025-12-08 00:25:26
24,27,3,1526.8,2025-12-08 00:24:27,41395.0,,24,27,3,1612.627686,2025-12-08 00:25:27
24,28,3,1510.4,2025-12-08 00:24:28,40394.0,,24,28,3,1613.578125,2025-12-08 00:25:28
24,29,3,1530.6,2025-12-08 00:24:29,39393.0,,24,29,3,1614.519531,2025-12-08 00:25:29
24,30,3,1500.5,2025-12-08 00:24:30,38392.0,,24,30,3,1615.437134,2025-12-08 00:25:30
24,31,3,1498.1,2025-12-08 00:24:31,37391.0,,24,31,3,1616.350586,2025-12-08 00:25:31
24,32,3,1553.1,2025-12-08 00:24:32,36390.0,,24,32,3,1617.248291,2025-12-08 00:25:32
24,33,3,1551.1,2025-12-08 00:24:33,35390.0,,24,33,3,1618.109497,2025-12-08 00:25:33
24,34,3,1538.9,2025-12-08 00:24:34,34388.0,,24,34,3,1618.956177,2025-12-08 00:25:34
24,35,3,1547.5,2025-12-08 00:24:35,33385.0,,24,35,3,1619.791748,2025-12-08 00:25:35
24,36,3,1569.6,2025-12-08 00:24:36,32384.0,,24,36,3,1620.609375,2025-12-08 00:25:36
24,37,3,1569.6,2025-12-08 00:24:37,31384.0,,24,37,3,1621.404785,2025-12-08 00:25:37
24,38,3,1546.2,2025-12-08 00:24:38,30383.0,,24,38,3,1622.186279,2025-12-08 00:25:38
24,39,3,1545.2,2025-12-08 00:24:39,29379.0,,24,39,3,1622.961304,2025-12-08 00:25:39
24,40,3,1517.9,2025-12-08 00:24:40,28377.0,,24,40,3,1623.722534,2025-12-08 00:25:40
24,41,3,1539.2,2025-12-08 00:24:41,27376.0,,24,41,3,1624.478149,2025-12-08 00:25:41
24,42,3,1543.4,2025-12-08 00:24:42,26372.0,,24,42,3,1625.212402,2025-12-08 00:25:42
24,43,3,1557.5,2025-12-08 00:24:43,25371.0,,24,43,3,1625.930908,2025-12-08 00:25:43
24,44,3,1556.1,2025-12-08 00:24:44,24369.0,,24,44,3,1626.630859,2025-12-08 00:25:44
24,45,3,1536.2,2025-12-08 00:24:45,23368.0,,24,45,3,1627.317505,2025-12-08 00:25:45
24,46,3,1565.1,2025-12-08 00:24:46,22366.0,,24,46,3,1627.996704,2025-12-08 00:25:46
24,47,3,1542.7,2025-12-08 00:24:47,21365.0,,24,47,3,1628.653931,2025-12-08 00:25:47
24,48,3,1586.8,2025-12-08 00:24:48,20329.0,,24,48,3,1629.304565,2025-12-08 00:25:48
24,49,3,1606.0,2025-12-08 00:24:49,19327.0,,24,49,3,1629.929688,2025-12-08 00:25:49
24,50,3,1598.4,2025-12-08 00:24:50,18046.0,,24,50,3,1630.537231,2025-12-08 00:25:50
24,51,3,1603.3,2025-12-08 00:24:51,16950.0,,24,51,3,1631.135742,2025-12-08 00:25:51
24,52,3,1596.6,2025-12-08 00:24:52,15885.0,,24,52,3,1631.72168,2025-12-08 00:25:52
24,53,3,1607.0,2025-12-08 00:24:53,14883.0,,24,53,3,1632.29834,2025-12-08 00:25:53
24,54,3,1607.9,2025-12-08 00:24:54,13881.0,,24,54,3,1632.861572,2025-12-08 00:25:54
24,55,3,1587.3,2025-12-08 00:24:55,12880.0,,24,55,3,1633.414185,2025-12-08 00:25:55
24,56,3,1588.8,2025-12-08 00:24:56,11878.0,,24,56,3,1633.961182,2025-12-08 00:25:56
24,57,3,1544.0,2025-12-08 00:24:57,10816.0,,24,57,3,1634.49707,2025-12-08 00:25:57
24,58,3,1542.5,2025-12-08 00:24:58,9815.0,,24,58,3,1635.032837,2025-12-08 00:25:58
24,59,3,1546.9,2025-12-08 00:24:59,8811.0,,24,59,3,1635.557495,2025-12-08 00:25:59
25,0,3,764.6,2025-12-08 00:25:00,67319.0,,25,0,3,992.978821,2025-12-08 00:26:00
25,1,3,738.8,2025-12-08 00:25:01,66318.0,,25,1,3,1012.88501,2025-12-08 00:26:01
25,2,3,724.4,2025-12-08 00:25:02,65303.0,,25,2,3,1029.861328,2025-12-08 00:26:02
25,3,3,728.9,2025-12-08 00:25:03,64287.0,,25,3,3,1045.102905,2025-12-08 00:26:03
25,4,3,735.1,2025-12-08 00:25:04,63226.0,,25,4,3,1058.650879,2025-12-08 00:26:04
25,5,3,714.7,2025-12-08 00:25:05,62220.0,,25,5,3,1070.636108,2025-12-08 00:26:05
25,6,3,722.1,2025-12-08 00:25:06,61219.0,,25,6,3,1081.230347,2025-12-08 00:26:06
25,7,3,727.1,2025-12-08 00:25:07,60158.0,,25,7,3,1090.618042,2025-12-08 00:26:07
25,8,3,740.5,2025-12-08 00:25:08,59156.0,,25,8,3,1098.976562,2025-12-08 00:26:08
25,9,3,737.4,2025-12-08 00:25:09,58153.0,,25,9,3,1106.468262,2025-12-08 00:26:09
25,10,3,745.1,2025-12-08 00:25:10,57061.0,,25,10,3,1113.235107,2025-12-08 00:26:10
25,11,3,727.1,2025-12-08 00:25:11,56058.0,,25,11,3,1119.39856,2025-12-08 00:26:11
25,12,3,732.2,2025-12-08 00:25:12,55057.0,,25,12,3,1125.060425,2025-12-08 00:26:12
25,13,3,733.3,2025-12-08 00:25:13,54050.0,,25,13,3,1130.304565,2025-12-08 00:26:13
25,14,3,725.3,2025-12-08 00:25:14,52962.0,,25,14,3,1135.199341,2025-12-08 00:26:14
25,15,3,712.8,2025-12-08 00:25:15,51961.0,,25,15,3,1139.799561,2025-12-08 00:26:15
25,16,3,752.2,2025-12-08 00:25:16,50959.0,,25,16,3,1144.14917,2025-12-08 00:26:16
25,17,3,752.3,2025-12-08 00:25:17,49954.0,,25,17,3,1148.283569,2025-12-08 00:26:17
25,18,3,724.7,2025-12-08 00:25:18,48952.0,,25,18,3,1152.229736,2025-12-08 00:26:18
25,19,3,742.9,2025-12-08 00:25:19,47951.0,,25,19,3,1156.009277,2025-12-08 00:26:19
25,20,3,724.9,2025-12-08 00:25:20,46949.0,,25,20,3,1159.639648,2025-12-08 00:26:20
25,21,3,742.5,2025-12-08 00:25:21,45948.0,,25,21,3,1163.134399,2025-12-08 00:26:21
25,22,3,752.7,2025-12-08 00:25:22,44946.0,,25,22,3,1166.504517,2025-12-08 00:26:22
25,23,3,743.8,2025-12-08 00:25:23,43945.0,,25,23,3,1169.759277,2025-12-08 00:26:23
25,24,3,743.4,2025-12-08 00:25:24,42943.0,,25,24,3,1172.905029,2025-12-08 00:26:24
25,25,3,728.3,2025-12-08 00:25:25,41939.0,,25,25,3,1175.948364,2025-12-08 00:26:25
25,26,3,729.9,2025-12-08 00:25:26,40937.0,,25,26,3,1178.894165,2025-12-08 00:26:26
25,27,3,734.1,2025-12-08 00:25:27,39935.0,,25,27,3,1181.746704,2025-12-08 00:26:27
25,28,3,739.9,2025-12-08 00:25:28,38932.0,,25,28,3,1184.51062,2025-12-08 00:26:28
25,29,3,743.4,2025-12-08 00:25:29,37928.0,,25,29,3,1187.189331,2025-12-08 00:26:29
25,30,3,743.5,2025-12-08 00:25:30,36926.0,,25,30,3,1189.786499,2025-12-08 00:26:30
25,31,3,727.0,2025-12-08 00:25:31,35924.0,,25,31,3,1192.30481,2025-12-08 00:26:31
25,32,3,726.4,2025-12-08 00:25:32,34923.0,,25,32,3,1194.74707,2025-12-08 00:26:32
25,33,3,861.9,2025-12-08 00:25:33,33922.0,,25,33,3,1197.116821,2025-12-08 00:26:33
25,34,3,820.9,2025-12-08 00:25:34,32920.0,,25,34,3,1199.419312,2025-12-08 00:26:34
25,35,3,838.8,2025-12-08 00:25:35,31918.0,,25,35,3,1201.653564,2025-12-08 00:26:35
25,36,3,830.5,2025-12-08 00:25:36,30917.0,,25,36,3,1203.823364,2025-12-08 00:26:36
25,37,3,753.8,2025-12-08 00:25:37,29916.0,,25,37,3,1205.93042,2025-12-08 00:26:37
25,38,3,827.2,2025-12-08 00:25:38,28916.0,,25,38,3,1207.976074,2025-12-08 00:26:38
25,39,3,913.1,2025-12-08 00:25:39,27915.0,,25,39,3,1209.965454,2025-12-08 00:26:39
25,40,3,856.5,2025-12-08 00:25:40,26914.0,,25,40,3,1211.900513,2025-12-08 00:26:40
25,41,3,849.1,2025-12-08 00:25:41,25913.0,,25,41,3,1213.781006,2025-12-08 00:26:41
25,42,3,773.1,2025-12-08 00:25:42,24912.0,,25,42,3,1215.609863,2025-12-08 00:26:42
25,43,3,771.7,2025-12-08 00:25:43,23911.0,,25,43,3,1217.38855,2025-12-08 00:26:43
25,44,3,826.3,2025-12-08 00:25:44,22910.0,,25,44,3,1219.119873,2025-12-08 00:26:44
25,45,3,851.5,2025-12-08 00:25:45,21909.0,,25,45,3,1220.806152,2025-12-08 00:26:45
25,46,3,838.8,2025-12-08 00:25:46,20908.0,,25,46,3,1222.44873,2025-12-08 00:26:46
25,47,3,838.2,2025-12-08 00:25:47,19907.0,,25,47,3,1224.049316,2025-12-08 00:26:47
25,48,3,838.1,2025-12-08 00:25:48,18906.0,,25,48,3,1225.609375,2025-12-08 00:26:48
25,49,3,843.0,2025-12-08 00:25:49,17905.0,,25,49,3,1227.130615,2025-12-08 00:26:49
25,50,3,841.3,2025-12-08 00:25:50,16904.0,,25,50,3,1228.614502,2025-12-08 00:26:50
25,51,3,849.1,2025-12-08 00:25:51,15903.0,,25,51,3,1230.062744,2025-12-08 00:26:51
25,52,3,766.7,2025-12-08 00:25:52,14902.0,,25,52,3,1231.476562,2025-12-08 00:26:52
25,53,3,752.1,2025-12-08 00:25:53,13900.0,,25,53,3,1232.858276,2025-12-08 00:26:53
25,54,3,773.0,2025-12-08 00:25:54,12899.0,,25,54,3,1234.209106,2025-12-08 00:26:54
25,55,3,774.4,2025-12-08 00:25:55,11898.0,,25,55,3,1235.529541,2025-12-08 00:26:55
25,56,3,772.7,2025-12-08 00:25:56,10897.0,,25,56,3,1236.821411,2025-12-08 00:26:56
25,57,3,750.9,2025-12-08 00:25:57,9896.0,,25,57,3,1238.08606,2025-12-08 00:26:57
25,58,3,776.8,2025-12-08 00:25:58,8895.0,,25,58,3,1239.324829,2025-12-08 00:26:58
25,59,3,774.0,2025-12-08 00:25:59,7894.0,,25,59,3,1240.538086,2025-12-08 00:26:59
26,0,3,1285.9,2025-12-08 00:26:00,67117.0,,26,0,3,1333.464722,2025-12-08 00:27:00
26,1,3,1280.7,2025-12-08 00:26:01,66116.0,,26,1,3,1333.249756,2025-12-08 00:27:01
26,2,3,1256.7,2025-12-08 00:26:02,65114.0,,26,2,3,1333.22522,2025-12-08 00:27:02
26,3,3,1292.5,2025-12-08 00:26:03,64112.0,,26,3,3,1333.32251,2025-12-08 00:27:03
26,4,3,1283.9,2025-12-08 00:26:04,63111.0,,26,4,3,1333.515137,2025-12-08 00:27:04
26,5,3,1088.1,2025-12-08 00:26:05,62110.0,,26,5,3,1333.79895,2025-12-08 00:27:05
26,6,3,1245.4,2025-12-08 00:26:06,61109.0,,26,6,3,1334.208618,2025-12-08 00:27:06
26,7,3,1071.6,2025-12-08 00:26:07,60109.0,,26,7,3,1334.63501,2025-12-08 00:27:07
26,8,3,1069.3,2025-12-08 00:26:08,59107.0,,26,8,3,1335.157104,2025-12-08 00:27:08
26,9,3,1130.3,2025-12-08 00:26:09,58105.0,,26,9,3,1335.714478,2025-12-08 00:27:09
26,10,3,1081.9,2025-12-08 00:26:10,57104.0,,26,10,3,1336.275146,2025-12-08 00:27:10
26,11,3,1098.0,2025-12-08 00:26:11,56103.0,,26,11,3,1336.866089,2025-12-08 00:27:11
26,12,3,1135.0,2025-12-08 00:26:12,55102.0,,26,12,3,1337.458618,2025-12-08 00:27:12
26,13,3,1181.8,2025-12-08 00:26:13,54102.0,,26,13,3,1338.038208,2025-12-08 00:27:13
26,14,3,1207.0,2025-12-08 00:26:14,53101.0,,26,14,3,1338.595825,2025-12-08 00:27:14
26,15,3,1217.1,2025-12-08 00:26:15,52100.0,,26,15,3,1339.137085,2025-12-08 00:27:15
26,16,3,1222.4,2025-12-08 00:26:16,51099.0,,26,16,3,1339.665894,2025-12-08 00:27:16
26,17,3,1260.2,2025-12-08 00:26:17,50098.0,,26,17,3,1340.183716,2025-12-08 00:27:17
26,18,3,1291.0,2025-12-08 00:26:18,49097.0,,26,18,3,1340.675537,2025-12-08 00:27:18
26,19,3,1317.9,2025-12-08 00:26:19,48095.0,,26,19,3,1341.144775,2025-12-08 00:27:19
26,20,3,1299.0,2025-12-08 00:26:20,47095.0,,26,20,3,1341.59375,2025-12-08 00:27:20
26,21,3,1294.3,2025-12-08 00:26:21,46094.0,,26,21,3,1342.044434,2025-12-08 00:27:21
26,22,3,1298.5,2025-12-08 00:26:22,45093.0,,26,22,3,1342.490356,2025-12-08 00:27:22
26,23,3,1298.1,2025-12-08 00:26:23,44089.0,,26,23,3,1342.928223,2025-12-08 00:27:23
26,24,3,1317.0,2025-12-08 00:26:24,43089.0,,26,24,3,1343.36084,2025-12-08 00:27:24
26,25,3,1310.7,2025-12-08 00:26:25,42087.0,,26,25,3,1343.779419,2025-12-08 00:27:25
26,26,3,1299.5,2025-12-08 00:26:26,41087.0,,26,26,3,1344.196777,2025-12-08 00:27:26
26,27,3,1303.7,2025-12-08 00:26:27,40086.0,,26,27,3,1344.615845,2025-12-08 00:27:27
26,28,3,1330.8,2025-12-08 00:26:28,39085.0,,26,28,3,1345.029053,2025-12-08 00:27:28
26,29,3,1314.9,2025-12-08 00:26:29,38083.0,,26,29,3,1345.425903,2025-12-08 00:27:29
26,30,3,1316.1,2025-12-08 00:26:30,37081.0,,26,30,3,1345.828003,2025-12-08 00:27:30
26,31,3,1306.5,2025-12-08 00:26:31,36080.0,,26,31,3,1346.227417,2025-12-08 00:27:31
26,32,3,1292.5,2025-12-08 00:26:32,35078.0,,26,32,3,1346.629517,2025-12-08 00:27:32
26,33,3,1296.8,2025-12-08 00:26:33,34077.0,,26,33,3,1347.036377,2025-12-08 00:27:33
26,34,3,1290.7,2025-12-08 00:26:34,33075.0,,26,34,3,1347.439209,2025-12-08 00:27:34
26,35,3,1316.9,2025-12-08 00:26:35,32074.0,,26,35,3,1347.843018,2025-12-08 00:27:35
26,36,3,1311.9,2025-12-08 00:26:36,31072.0,,26,36,3,1348.231079,2025-12-08 00:27:36
26,37,3,1295.2,2025-12-08 00:26:37,30071.0,,26,37,3,1348.620728,2025-12-08 00:27:37
26,38,3,1304.9,2025-12-08 00:26:38,29070.0,,26,38,3,1349.018311,2025-12-08 00:27:38
26,39,3,1320.7,2025-12-08 00:26:39,28069.0,,26,39,3,1349.409302,2025-12-08 00:27:39
26,40,3,1304.1,2025-12-08 00:26:40,27067.0,,26,40,3,1349.791138,2025-12-08 00:27:40
26,41,3,1337.7,2025-12-08 00:26:41,26066.0,,26,41,3,1350.181763,2025-12-08 00:27:41
26,42,3,1317.8,2025-12-08 00:26:42,25064.0,,26,42,3,1350.554077,2025-12-08 00:27:42
26,43,3,1330.0,2025-12-08 00:26:43,24063.0,,26,43,3,1350.937988,2025-12-08 00:27:43
26,44,3,1309.8,2025-12-08 00:26:44,23062.0,,26,44,3,1351.316162,2025-12-08 00:27:44
26,45,3,1318.9,2025-12-08 00:26:45,22061.0,,26,45,3,1351.706787,2025-12-08 00:27:45
26,46,3,1334.1,2025-12-08 00:26:46,21060.0,,26,46,3,1352.093262,2025-12-08 00:27:46
26,47,3,1331.1,2025-12-08 00:26:47,20058.0,,26,47,3,1352.4729,2025-12-08 00:27:47
26,48,3,1344.0,2025-12-08 00:26:48,19057.0,,26,48,3,1352.855835,2025-12-08 00:27:48
26,49,3,1355.7,2025-12-08 00:26:49,18056.0,,26,49,3,1353.234253,2025-12-08 00:27:49
26,50,3,1328.6,2025-12-08 00:26:50,17055.0,,26,50,3,1353.608643,2025-12-08 00:27:50
26,51,3,1354.9,2025-12-08 00:26:51,16053.0,,26,51,3,1354.001221,2025-12-08 00:27:51
26,52,3,1363.4,2025-12-08 00:26:52,15052.0,,26,52,3,1354.381958,2025-12-08 00:27:52
26,53,3,1328.1,2025-12-08 00:26:53,14046.0,,26,53,3,1354.761353,2025-12-08 00:27:53
26,54,3,1333.2,2025-12-08 00:26:54,13042.0,,26,54,3,1355.163818,2025-12-08 00:27:54
26,55,3,1353.4,2025-12-08 00:26:55,12042.0,,26,55,3,1355.566162,2025-12-08 00:27:55
26,56,3,1328.8,2025-12-08 00:26:56,11039.0,,26,56,3,1355.959961,2025-12-08 00:27:56
26,57,3,1336.0,2025-12-08 00:26:57,10037.0,,26,57,3,1356.370605,2025-12-08 00:27:57
26,58,3,1342.6,2025-12-08 00:26:58,9036.0,,26,58,3,1356.779297,2025-12-08 00:27:58
26,59,3,1357.1,2025-12-08 00:26:59,8035.0,,26,59,3,1357.18689,2025-12-08 00:27:59
27,0,3,1328.7,2025-12-08 00:27:00,67213.0,,27,0,3,1342.393433,2025-12-08 00:28:00
27,1,3,1349.7,2025-12-08 00:27:01,66211.0,,27,1,3,1342.865234,2025-12-08 00:28:01
27,2,3,1328.7,2025-12-08 00:27:02,65210.0,,27,2,3,1343.278198,2025-12-08 00:28:02
27,3,3,1319.3,2025-12-08 00:27:03,64208.0,,27,3,3,1343.680908,2025-12-08 00:28:03
27,4,3,1338.4,2025-12-08 00:27:04,63206.0,,27,4,3,1344.069946,2025-12-08 00:28:04
27,5,3,1330.4,2025-12-08 00:27:05,62204.0,,27,5,3,1344.433105,2025-12-08 00:28:05
27,6,3,1349.3,2025-12-08 00:27:06,61202.0,,27,6,3,1344.788452,2025-12-08 00:28:06
27,7,3,1353.9,2025-12-08 00:27:07,60200.0,,27,7,3,1345.124634,2025-12-08 00:28:07
27,8,3,1327.5,2025-12-08 00:27:08,59198.0,,27,8,3,1345.452515,2025-12-08 00:28:08
27,9,3,1362.0,2025-12-08 00:27:09,58194.0,,27,9,3,1345.791504,2025-12-08 00:28:09
27,10,3,1334.1,2025-12-08 00:27:10,57192.0,,27,10,3,1346.109741,2025-12-08 00:28:10
27,11,3,1334.0,2025-12-08 00:27:11,56189.0,,27,11,3,1346.443604,2025-12-08 00:28:11
27,12,3,1328.5,2025-12-08 00:27:12,55188.0,,27,12,3,1346.778198,2025-12-08 00:28:12
27,13,3,1327.8,2025-12-08 00:27:13,54186.0,,27,13,3,1347.118042,2025-12-08 00:28:13
27,14,3,1327.7,2025-12-08 00:27:14,53185.0,,27,14,3,1347.460449,2025-12-08 00:28:14
27,15,3,1362.4,2025-12-08 00:27:15,52180.0,,27,15,3,1347.805298,2025-12-08 00:28:15
27,16,3,1332.4,2025-12-08 00:27:16,51178.0,,27,16,3,1348.135254,2025-12-08 00:28:16
27,17,3,1369.4,2025-12-08 00:27:17,50177.0,,27,17,3,1348.485352,2025-12-08 00:28:17
27,18,3,1332.7,2025-12-08 00:27:18,49175.0,,27,18,3,1348.819702,2025-12-08 00:28:18
27,19,3,1338.9,2025-12-08 00:27:19,48173.0,,27,19,3,1349.178467,2025-12-08 00:28:19
27,20,3,1318.4,2025-12-08 00:27:20,47172.0,,27,20,3,1349.53833,2025-12-08 00:28:20
27,21,3,1348.4,2025-12-08 00:27:21,46170.0,,27,21,3,1349.91272,2025-12-08 00:28:21
27,22,3,1339.3,2025-12-08 00:27:22,45169.0,,27,22,3,1350.274658,2025-12-08 00:28:22
27,23,3,1338.8,2025-12-08 00:27:23,44167.0,,27,23,3,1350.64563,2025-12-08 00:28:23
27,24,3,1362.9,2025-12-08 00:27:24,43166.0,,27,24,3,1351.020386,2025-12-08 00:28:24
27,25,3,1334.8,2025-12-08 00:27:25,42163.0,,27,25,3,1351.385864,2025-12-08 00:28:25
27,26,3,1321.2,2025-12-08 00:27:26,41162.0,,27,26,3,1351.77063,2025-12-08 00:28:26
27,27,3,1339.2,2025-12-08 00:27:27,40160.0,,27,27,3,1352.165894,2025-12-08 00:28:27
27,28,3,1341.4,2025-12-08 00:27:28,39158.0,,27,28,3,1352.554199,2025-12-08 00:28:28
27,29,3,1328.0,2025-12-08 00:27:29,38157.0,,27,29,3,1352.944336,2025-12-08 00:28:29
27,30,3,1339.9,2025-12-08 00:27:30,37154.0,,27,30,3,1353.344482,2025-12-08 00:28:30
27,31,3,1359.9,2025-12-08 00:27:31,36153.0,,27,31,3,1353.740723,2025-12-08 00:28:31
27,32,3,1323.9,2025-12-08 00:27:32,35150.0,,27,32,3,1354.128662,2025-12-08 00:28:32
27,33,3,1336.7,2025-12-08 00:27:33,34148.0,,27,33,3,1354.539062,2025-12-08 00:28:33
27,34,3,1335.2,2025-12-08 00:27:34,33147.0,,27,34,3,1354.94458,2025-12-08 00:28:34
27,35,3,1362.0,2025-12-08 00:27:35,32144.0,,27,35,3,1355.353149,2025-12-08 00:28:35
27,36,3,1324.7,2025-12-08 00:27:36,31142.0,,27,36,3,1355.749023,2025-12-08 00:28:36
27,37,3,1318.2,2025-12-08 00:27:37,30141.0,,27,37,3,1356.168091,2025-12-08 00:28:37
27,38,3,1329.7,2025-12-08 00:27:38,29139.0,,27,38,3,1356.592285,2025-12-08 00:28:38
27,39,3,1336.0,2025-12-08 00:27:39,28138.0,,27,39,3,1357.011353,2025-12-08 00:28:39
27,40,3,1338.3,2025-12-08 00:27:40,27134.0,,27,40,3,1357.428101,2025-12-08 00:28:40
27,41,3,1347.1,2025-12-08 00:27:41,26133.0,,27,41,3,1357.845337,2025-12-08 00:28:41
27,42,3,1333.0,2025-12-08 00:27:42,25132.0,,27,42,3,1358.259155,2025-12-08 00:28:42
27,43,3,1322.2,2025-12-08 00:27:43,24131.0,,27,43,3,1358.682495,2025-12-08 00:28:43
27,44,3,1321.2,2025-12-08 00:27:44,23130.0,,27,44,3,1359.113647,2025-12-08 00:28:44
27,45,3,1341.6,2025-12-08 00:27:45,22129.0,,27,45,3,1359.546387,2025-12-08 00:28:45
27,46,3,1324.1,2025-12-08 00:27:46,21125.0,,27,46,3,1359.968262,2025-12-08 00:28:46
27,47,3,1332.8,2025-12-08 00:27:47,20123.0,,27,47,3,1360.401733,2025-12-08 00:28:47
27,48,3,1340.7,2025-12-08 00:27:48,19121.0,,27,48,3,1360.831299,2025-12-08 00:28:48
27,49,3,1343.5,2025-12-08 00:27:49,18120.0,,27,49,3,1361.257446,2025-12-08 00:28:49
27,50,3,1330.9,2025-12-08 00:27:50,17115.0,,27,50,3,1361.683472,2025-12-08 00:28:50
27,51,3,1335.3,2025-12-08 00:27:51,16112.0,,27,51,3,1362.118774,2025-12-08 00:28:51
27,52,3,1340.8,2025-12-08 00:27:52,15111.0,,27,52,3,1362.552734,2025-12-08 00:28:52
27,53,3,1338.2,2025-12-08 00:27:53,14108.0,,27,53,3,1362.985352,2025-12-08 00:28:53
27,54,3,1340.3,2025-12-08 00:27:54,13103.0,,27,54,3,1363.421021,2025-12-08 00:28:54
27,55,3,1326.4,2025-12-08 00:27:55,12102.0,,27,55,3,1363.857422,2025-12-08 00:28:55
27,56,3,1339.0,2025-12-08 00:27:56,11099.0,,27,56,3,1364.303955,2025-12-08 00:28:56
27,57,3,1352.1,2025-12-08 00:27:57,10096.0,,27,57,3,1364.744385,2025-12-08 00:28:57
27,58,3,1337.9,2025-12-08 00:27:58,9083.0,,27,58,3,1365.178955,2025-12-08 00:28:58
27,59,3,1336.4,2025-12-08 00:27:59,8082.0,,27,59,3,1365.624268,2025-12-08 00:28:59
28,0,3,1430.7,2025-12-08 00:28:00,66868.0,,28,0,3,1478.248291,2025-12-08 00:29:00
28,1,3,1443.8,2025-12-08 00:28:01,65866.0,,28,1,3,1478.164185,2025-12-08 00:29:01
28,2,3,1443.8,2025-12-08 00:28:02,64862.0,,28,2,3,1478.400635,2025-12-08 00:29:02
28,3,3,1439.4,2025-12-08 00:28:03,63860.0,,28,3,3,1478.79895,2025-12-08 00:29:03
28,4,3,1444.5,2025-12-08 00:28:04,62859.0,,28,4,3,1479.344849,2025-12-08 00:29:04
28,5,3,1428.9,2025-12-08 00:28:05,61698.0,,28,5,3,1480.017578,2025-12-08 00:29:05
28,6,3,1435.3,2025-12-08 00:28:06,60694.0,,28,6,3,1480.82251,2025-12-08 00:29:06
28,7,3,1432.5,2025-12-08 00:28:07,59686.0,,28,7,3,1481.724854,2025-12-08 00:29:07
28,8,3,1429.1,2025-12-08 00:28:08,58684.0,,28,8,3,1482.719116,2025-12-08 00:29:08
28,9,3,1447.1,2025-12-08 00:28:09,57682.0,,28,9,3,1483.792236,2025-12-08 00:29:09
28,10,3,1436.1,2025-12-08 00:28:10,56495.0,,28,10,3,1484.913452,2025-12-08 00:29:10
28,11,3,1451.9,2025-12-08 00:28:11,55489.0,,28,11,3,1486.099365,2025-12-08 00:29:11
28,12,3,1457.7,2025-12-08 00:28:12,54454.0,,28,12,3,1487.316772,2025-12-08 00:29:12
28,13,3,1449.1,2025-12-08 00:28:13,53451.0,,28,13,3,1488.568481,2025-12-08 00:29:13
28,14,3,1449.2,2025-12-08 00:28:14,52400.0,,28,14,3,1489.861084,2025-12-08 00:29:14
28,15,3,1434.3,2025-12-08 00:28:15,51398.0,,28,15,3,1491.182007,2025-12-08 00:29:15
28,16,3,1436.8,2025-12-08 00:28:16,50396.0,,28,16,3,1492.539795,2025-12-08 00:29:16
28,17,3,1430.1,2025-12-08 00:28:17,49301.0,,28,17,3,1493.915283,2025-12-08 00:29:17
28,18,3,1446.0,2025-12-08 00:28:18,48192.0,,28,18,3,1495.31311,2025-12-08 00:29:18
28,19,3,1334.6,2025-12-08 00:28:19,47185.0,,28,19,3,1496.71167,2025-12-08 00:29:19
28,20,3,1344.8,2025-12-08 00:28:20,46184.0,,28,20,3,1498.219482,2025-12-08 00:29:20
28,21,3,1338.7,2025-12-08 00:28:21,45183.0,,28,21,3,1499.725586,2025-12-08 00:29:21
28,22,3,1357.1,2025-12-08 00:28:22,44157.0,,28,22,3,1501.240479,2025-12-08 00:29:22
28,23,3,1450.6,2025-12-08 00:28:23,43142.0,,28,23,3,1502.739868,2025-12-08 00:29:23
28,24,3,1438.1,2025-12-08 00:28:24,42138.0,,28,24,3,1504.155518,2025-12-08 00:29:24
28,25,3,1436.8,2025-12-08 00:28:25,41137.0,,28,25,3,1505.586426,2025-12-08 00:29:25
28,26,3,1433.4,2025-12-08 00:28:26,40131.0,,28,26,3,1507.022461,2025-12-08 00:29:26
28,27,3,1425.3,2025-12-08 00:28:27,39122.0,,28,27,3,1508.466309,2025-12-08 00:29:27
28,28,3,1453.0,2025-12-08 00:28:28,38119.0,,28,28,3,1509.922241,2025-12-08 00:29:28
28,29,3,1424.7,2025-12-08 00:28:29,37116.0,,28,29,3,1511.358521,2025-12-08 00:29:29
28,30,3,1461.9,2025-12-08 00:28:30,36112.0,,28,30,3,1512.825195,2025-12-08 00:29:30
28,31,3,1442.3,2025-12-08 00:28:31,35111.0,,28,31,3,1514.264648,2025-12-08 00:29:31
28,32,3,1452.1,2025-12-08 00:28:32,34110.0,,28,32,3,1515.727295,2025-12-08 00:29:32
28,33,3,1455.0,2025-12-08 00:28:33,33105.0,,28,33,3,1517.187622,2025-12-08 00:29:33
28,34,3,1455.3,2025-12-08 00:28:34,31996.0,,28,34,3,1518.651611,2025-12-08 00:29:34
28,35,3,1470.6,2025-12-08 00:28:35,30994.0,,28,35,3,1520.121338,2025-12-08 00:29:35
28,36,3,1444.3,2025-12-08 00:28:36,29992.0,,28,36,3,1521.584595,2025-12-08 00:29:36
28,37,3,1450.4,2025-12-08 00:28:37,28989.0,,28,37,3,1523.07605,2025-12-08 00:29:37
28,38,3,1451.1,2025-12-08 00:28:38,27988.0,,28,38,3,1524.567871,2025-12-08 00:29:38
28,39,3,1463.9,2025-12-08 00:28:39,26985.0,,28,39,3,1526.063599,2025-12-08 00:29:39
28,40,3,1446.1,2025-12-08 00:28:40,25981.0,,28,40,3,1527.552856,2025-12-08 00:29:40
28,41,3,1448.7,2025-12-08 00:28:41,24980.0,,28,41,3,1529.060913,2025-12-08 00:29:41
28,42,3,1452.6,2025-12-08 00:28:42,23976.0,,28,42,3,1530.569946,2025-12-08 00:29:42
28,43,3,1440.7,2025-12-08 00:28:43,22975.0,,28,43,3,1532.077881,2025-12-08 00:29:43
28,44,3,1476.5,2025-12-08 00:28:44,21970.0,,28,44,3,1533.597168,2025-12-08 00:29:44
28,45,3,1435.2,2025-12-08 00:28:45,20963.0,,28,45,3,1535.088257,2025-12-08 00:29:45
28,46,3,1463.9,2025-12-08 00:28:46,19961.0,,28,46,3,1536.613647,2025-12-08 00:29:46
28,47,3,1424.4,2025-12-08 00:28:47,18959.0,,28,47,3,1538.115967,2025-12-08 00:29:47
28,48,3,1410.0,2025-12-08 00:28:48,17957.0,,28,48,3,1539.64917,2025-12-08 00:29:48
28,49,3,1442.9,2025-12-08 00:28:49,16947.0,,28,49,3,1541.19165,2025-12-08 00:29:49
28,50,3,1425.4,2025-12-08 00:28:50,15946.0,,28,50,3,1542.704224,2025-12-08 00:29:50
28,51,3,1439.2,2025-12-08 00:28:51,14944.0,,28,51,3,1544.227051,2025-12-08 00:29:51
28,52,3,1444.0,2025-12-08 00:28:52,13939.0,,28,52,3,1545.734497,2025-12-08 00:29:52
28,53,3,1454.5,2025-12-08 00:28:53,12936.0,,28,53,3,1547.234009,2025-12-08 00:29:53
28,54,3,1441.8,2025-12-08 00:28:54,11934.0,,28,54,3,1548.720703,2025-12-08 00:29:54
28,55,3,1439.4,2025-12-08 00:28:55,10934.0,,28,55,3,1550.212769,2025-12-08 00:29:55
28,56,3,1482.8,2025-12-08 00:28:56,9933.0,,28,56,3,1551.701782,2025-12-08 00:29:56
28,57,3,1515.8,2025-12-08 00:28:57,8931.0,,28,57,3,1553.153076,2025-12-08 00:29:57
28,58,3,1505.2,2025-12-08 00:28:58,7930.0,,28,58,3,1554.575928,2025-12-08 00:29:58
28,59,3,1514.3,2025-12-08 00:28:59,6926.0,,28,59,3,1556.005127,2025-12-08 00:29:59
29,0,3,1566.0,2025-12-08 00:29:00,65995.0,,29,0,3,1588.717896,2025-12-08 00:30:00
29,1,3,1552.6,2025-12-08 00:29:01,64994.0,,29,1,3,1591.805176,2025-12-08 00:30:01
29,2,3,1557.7,2025-12-08 00:29:02,63981.0,,29,2,3,1594.441528,2025-12-08 00:30:02
29,3,3,1562.2,2025-12-08 00:29:03,62980.0,,29,3,3,1596.856812,2025-12-08 00:30:03
29,4,3,1551.0,2025-12-08 00:29:04,61978.0,,29,4,3,1599.113403,2025-12-08 00:30:04
29,5,3,1556.9,2025-12-08 00:29:05,60977.0,,29,5,3,1601.242676,2025-12-08 00:30:05
29,6,3,1552.5,2025-12-08 00:29:06,59964.0,,29,6,3,1603.262939,2025-12-08 00:30:06
29,7,3,1549.4,2025-12-08 00:29:07,58963.0,,29,7,3,1605.194824,2025-12-08 00:30:07
29,8,3,1570.7,2025-12-08 00:29:08,57962.0,,29,8,3,1607.053589,2025-12-08 00:30:08
29,9,3,1553.8,2025-12-08 00:29:09,56960.0,,29,9,3,1608.846558,2025-12-08 00:30:09
29,10,3,1547.7,2025-12-08 00:29:10,55960.0,,29,10,3,1610.593994,2025-12-08 00:30:10
29,11,3,1545.2,2025-12-08 00:29:11,54959.0,,29,11,3,1612.301514,2025-12-08 00:30:11
29,12,3,1540.6,2025-12-08 00:29:12,53958.0,,29,12,3,1613.974976,2025-12-08 00:30:12
29,13,3,1502.5,2025-12-08 00:29:13,52957.0,,29,13,3,1615.620239,2025-12-08 00:30:13
29,14,3,1508.9,2025-12-08 00:29:14,51956.0,,29,14,3,1617.248047,2025-12-08 00:30:14
29,15,3,1504.8,2025-12-08 00:29:15,50955.0,,29,15,3,1618.850586,2025-12-08 00:30:15
29,16,3,1557.0,2025-12-08 00:29:16,49953.0,,29,16,3,1620.432251,2025-12-08 00:30:16
29,17,3,1521.7,2025-12-08 00:29:17,48952.0,,29,17,3,1621.983154,2025-12-08 00:30:17
29,18,3,1545.1,2025-12-08 00:29:18,47951.0,,29,18,3,1623.525269,2025-12-08 00:30:18
29,19,3,1553.4,2025-12-08 00:29:19,46950.0,,29,19,3,1625.046265,2025-12-08 00:30:19
29,20,3,1556.0,2025-12-08 00:29:20,45950.0,,29,20,3,1626.551025,2025-12-08 00:30:20
29,21,3,1548.2,2025-12-08 00:29:21,44948.0,,29,21,3,1628.041992,2025-12-08 00:30:21
29,22,3,1554.5,2025-12-08 00:29:22,43946.0,,29,22,3,1629.521851,2025-12-08 00:30:22
29,23,3,1577.3,2025-12-08 00:29:23,42945.0,,29,23,3,1630.987183,2025-12-08 00:30:23
29,24,3,1511.4,2025-12-08 00:29:24,41944.0,,29,24,3,1632.436035,2025-12-08 00:30:24
29,25,3,1529.0,2025-12-08 00:29:25,40942.0,,29,25,3,1633.88501,2025-12-08 00:30:25
29,26,3,1518.5,2025-12-08 00:29:26,39941.0,,29,26,3,1635.315674,2025-12-08 00:30:26
29,27,3,1513.7,2025-12-08 00:29:27,38939.0,,29,27,3,1636.733154,2025-12-08 00:30:27
29,28,3,1506.6,2025-12-08 00:29:28,37938.0,,29,28,3,1638.135254,2025-12-08 00:30:28
29,29,3,1530.3,2025-12-08 00:29:29,36937.0,,29,29,3,1639.52124,2025-12-08 00:30:29
29,30,3,1520.7,2025-12-08 00:29:30,35936.0,,29,30,3,1640.885376,2025-12-08 00:30:30
29,31,3,1513.8,2025-12-08 00:29:31,34934.0,,29,31,3,1642.233521,2025-12-08 00:30:31
29,32,3,1543.9,2025-12-08 00:29:32,33933.0,,29,32,3,1643.564453,2025-12-08 00:30:32
29,33,3,1554.9,2025-12-08 00:29:33,32932.0,,29,33,3,1644.871582,2025-12-08 00:30:33
29,34,3,1588.3,2025-12-08 00:29:34,31931.0,,29,34,3,1646.15918,2025-12-08 00:30:34
29,35,3,1557.5,2025-12-08 00:29:35,30930.0,,29,35,3,1647.42395,2025-12-08 00:30:35
29,36,3,1540.7,2025-12-08 00:29:36,29928.0,,29,36,3,1648.678345,2025-12-08 00:30:36
29,37,3,1550.1,2025-12-08 00:29:37,28927.0,,29,37,3,1649.918945,2025-12-08 00:30:37
29,38,3,1553.4,2025-12-08 00:29:38,27926.0,,29,38,3,1651.140259,2025-12-08 00:30:38
29,39,3,1548.8,2025-12-08 00:29:39,26925.0,,29,39,3,1652.343628,2025-12-08 00:30:39
29,40,3,1554.3,2025-12-08 00:29:40,25923.0,,29,40,3,1653.529907,2025-12-08 00:30:40
29,41,3,1547.2,2025-12-08 00:29:41,24920.0,,29,41,3,1654.697266,2025-12-08 00:30:41
29,42,3,1531.1,2025-12-08 00:29:42,23905.0,,29,42,3,1655.847534,2025-12-08 00:30:42
29,43,3,1550.7,2025-12-08 00:29:43,22904.0,,29,43,3,1656.981812,2025-12-08 00:30:43
29,44,3,1536.2,2025-12-08 00:29:44,21902.0,,29,44,3,1658.093018,2025-12-08 00:30:44
29,45,3,1545.6,2025-12-08 00:29:45,20901.0,,29,45,3,1659.187256,2025-12-08 00:30:45
29,46,3,1562.4,2025-12-08 00:29:46,19900.0,,29,46,3,1660.259888,2025-12-08 00:30:46
29,47,3,1549.1,2025-12-08 00:29:47,18898.0,,29,47,3,1661.309937,2025-12-08 00:30:47
29,48,3,1600.7,2025-12-08 00:29:48,17898.0,,29,48,3,1662.342773,2025-12-08 00:30:48
29,49,3,1612.6,2025-12-08 00:29:49,16896.0,,29,49,3,1663.347656,2025-12-08 00:30:49
29,50,3,1609.8,2025-12-08 00:29:50,15894.0,,29,50,3,1664.333374,2025-12-08 00:30:50
29,51,3,1609.0,2025-12-08 00:29:51,14893.0,,29,51,3,1665.302856,2025-12-08 00:30:51
29,52,3,1634.4,2025-12-08 00:29:52,13892.0,,29,52,3,1666.256592,2025-12-08 00:30:52
29,53,3,1607.8,2025-12-08 00:29:53,12889.0,,29,53,3,1667.190796,2025-12-08 00:30:53
29,54,3,1593.2,2025-12-08 00:29:54,11885.0,,29,54,3,1668.115112,2025-12-08 00:30:54
29,55,3,1609.0,2025-12-08 00:29:55,10884.0,,29,55,3,1669.026489,2025-12-08 00:30:55
29,56,3,1598.3,2025-12-08 00:29:56,9882.0,,29,56,3,1669.92041,2025-12-08 00:30:56
29,57,3,1561.4,2025-12-08 00:29:57,8878.0,,29,57,3,1670.80127,2025-12-08 00:30:57
29,58,3,1556.2,2025-12-08 00:29:58,7876.0,,29,58,3,1671.672119,2025-12-08 00:30:58
29,59,3,1552.6,2025-12-08 00:29:59,6873.0,,29,59,3,1672.527344,2025-12-08 00:30:59
30,0,3,724.9,2025-12-08 00:30:00,121976.0,,30,0,3,1099.32312,2025-12-08 00:31:00
30,1,3,740.0,2025-12-08 00:30:01,120969.0,,30,1,3,1139.098999,2025-12-08 00:31:01
30,2,3,749.2,2025-12-08 00:30:02,119968.0,,30,2,3,1165.794922,2025-12-08 00:31:02
30,3,3,738.3,2025-12-08 00:30:03,118964.0,,30,3,3,1184.989258,2025-12-08 00:31:03
30,4,3,746.2,2025-12-08 00:30:04,117962.0,,30,4,3,1198.37439,2025-12-08 00:31:04
30,5,3,710.3,2025-12-08 00:30:05,116961.0,,30,5,3,1207.418823,2025-12-08 00:31:05
30,6,3,740.0,2025-12-08 00:30:06,115958.0,,30,6,3,1213.346436,2025-12-08 00:31:06
30,7,3,743.4,2025-12-08 00:30:07,114956.0,,30,7,3,1217.151245,2025-12-08 00:31:07
30,8,3,735.0,2025-12-08 00:30:08,113953.0,,30,8,3,1219.612305,2025-12-08 00:31:08
30,9,3,741.8,2025-12-08 00:30:09,112952.0,,30,9,3,1221.318481,2025-12-08 00:31:09
30,10,3,732.5,2025-12-08 00:30:10,111951.0,,30,10,3,1222.698975,2025-12-08 00:31:10
30,11,3,723.1,2025-12-08 00:30:11,110950.0,,30,11,3,1224.047485,2025-12-08 00:31:11
30,12,3,723.9,2025-12-08 00:30:12,109947.0,,30,12,3,1225.552856,2025-12-08 00:31:12
30,13,3,729.9,2025-12-08 00:30:13,108947.0,,30,13,3,1227.322266,2025-12-08 00:31:13
30,14,3,752.5,2025-12-08 00:30:14,107945.0,,30,14,3,1229.40271,2025-12-08 00:31:14
30,15,3,722.5,2025-12-08 00:30:15,106943.0,,30,15,3,1231.799194,2025-12-08 00:31:15
30,16,3,737.5,2025-12-08 00:30:16,105940.0,,30,16,3,1234.48584,2025-12-08 00:31:16
30,17,3,723.7,2025-12-08 00:30:17,104939.0,,30,17,3,1237.423706,2025-12-08 00:31:17
30,18,3,736.0,2025-12-08 00:30:18,103938.0,,30,18,3,1240.562988,2025-12-08 00:31:18
30,19,3,753.4,2025-12-08 00:30:19,102936.0,,30,19,3,1243.853394,2025-12-08 00:31:19
30,20,3,746.0,2025-12-08 00:30:20,101935.0,,30,20,3,1247.24646,2025-12-08 00:31:20
30,21,3,745.2,2025-12-08 00:30:21,100934.0,,30,21,3,1250.696411,2025-12-08 00:31:21
30,22,3,741.4,2025-12-08 00:30:22,99930.0,,30,22,3,1254.164917,2025-12-08 00:31:22
30,23,3,739.5,2025-12-08 00:30:23,98929.0,,30,23,3,1257.619995,2025-12-08 00:31:23
30,24,3,710.2,2025-12-08 00:30:24,97927.0,,30,24,3,1261.036377,2025-12-08 00:31:24
30,25,3,727.9,2025-12-08 00:30:25,96925.0,,30,25,3,1264.3927,2025-12-08 00:31:25
30,26,3,730.4,2025-12-08 00:30:26,95924.0,,30,26,3,1267.678223,2025-12-08 00:31:26
30,27,3,770.8,2025-12-08 00:30:27,94923.0,,30,27,3,1270.882812,2025-12-08 00:31:27
30,28,3,727.7,2025-12-08 00:30:28,93921.0,,30,28,3,1274.00415,2025-12-08 00:31:28
30,29,3,717.6,2025-12-08 00:30:29,92917.0,,30,29,3,1277.03479,2025-12-08 00:31:29
30,30,3,715.0,2025-12-08 00:30:30,91916.0,,30,30,3,1279.976196,2025-12-08 00:31:30
30,31,3,723.6,2025-12-08 00:30:31,90914.0,,30,31,3,1282.830811,2025-12-08 00:31:31
30,32,3,741.4,2025-12-08 00:30:32,89912.0,,30,32,3,1285.602905,2025-12-08 00:31:32
30,33,3,883.9,2025-12-08 00:30:33,88911.0,,30,33,3,1288.296997,2025-12-08 00:31:33
30,34,3,820.9,2025-12-08 00:30:34,87909.0,,30,34,3,1290.928589,2025-12-08 00:31:34
30,35,3,849.7,2025-12-08 00:30:35,86906.0,,30,35,3,1293.487305,2025-12-08 00:31:35
30,36,3,837.2,2025-12-08 00:30:36,85904.0,,30,36,3,1295.983887,2025-12-08 00:31:36
30,37,3,746.0,2025-12-08 00:30:37,84900.0,,30,37,3,1298.419556,2025-12-08 00:31:37
30,38,3,817.1,2025-12-08 00:30:38,83899.0,,30,38,3,1300.790894,2025-12-08 00:31:38
30,39,3,884.2,2025-12-08 00:30:39,82896.0,,30,39,3,1303.114258,2025-12-08 00:31:39
30,40,3,839.3,2025-12-08 00:30:40,81895.0,,30,40,3,1305.39502,2025-12-08 00:31:40
30,41,3,850.5,2025-12-08 00:30:41,80893.0,,30,41,3,1307.626709,2025-12-08 00:31:41
30,42,3,781.8,2025-12-08 00:30:42,79891.0,,30,42,3,1309.816406,2025-12-08 00:31:42
30,43,3,763.8,2025-12-08 00:30:43,78889.0,,30,43,3,1311.958862,2025-12-08 00:31:43
30,44,3,847.1,2025-12-08 00:30:44,77888.0,,30,44,3,1314.059814,2025-12-08 00:31:44
30,45,3,828.5,2025-12-08 00:30:45,76887.0,,30,45,3,1316.130859,2025-12-08 00:31:45
30,46,3,826.5,2025-12-08 00:30:46,75885.0,,30,46,3,1318.166016,2025-12-08 00:31:46
30,47,3,822.1,2025-12-08 00:30:47,74882.0,,30,47,3,1320.167236,2025-12-08 00:31:47
30,48,3,822.6,2025-12-08 00:30:48,73880.0,,30,48,3,1322.135986,2025-12-08 00:31:48
30,49,3,832.7,2025-12-08 00:30:49,72862.0,,30,49,3,1324.073364,2025-12-08 00:31:49
30,50,3,844.7,2025-12-08 00:30:50,71854.0,,30,50,3,1325.981201,2025-12-08 00:31:50
30,51,3,854.2,2025-12-08 00:30:51,70853.0,,30,51,3,1327.859985,2025-12-08 00:31:51
30,52,3,753.6,2025-12-08 00:30:52,69852.0,,30,52,3,1329.710815,2025-12-08 00:31:52
30,53,3,767.7,2025-12-08 00:30:53,68850.0,,30,53,3,1331.525391,2025-12-08 00:31:53
30,54,3,750.6,2025-12-08 00:30:54,67848.0,,30,54,3,1333.311401,2025-12-08 00:31:54
30,55,3,767.3,2025-12-08 00:30:55,66844.0,,30,55,3,1335.067505,2025-12-08 00:31:55
30,56,3,762.8,2025-12-08 00:30:56,65807.0,,30,56,3,1336.796143,2025-12-08 00:31:56
30,57,3,757.3,2025-12-08 00:30:57,64805.0,,30,57,3,1338.497192,2025-12-08 00:31:57
30,58,3,779.3,2025-12-08 00:30:58,63804.0,,30,58,3,1340.171509,2025-12-08 00:31:58
30,59,3,773.0,2025-12-08 00:30:59,62801.0,,30,59,3,1341.820312,2025-12-08 00:31:59
31,0,3,1266.3,2025-12-08 00:31:00,83258.0,,31,0,3,1353.586304,2025-12-08 00:32:00
31,1,3,1288.7,2025-12-08 00:31:01,82257.0,,31,1,3,1354.787842,2025-12-08 00:32:01
31,2,3,1284.4,2025-12-08 00:31:02,81250.0,,31,2,3,1356.204712,2025-12-08 00:32:02
31,3,3,1262.7,2025-12-08 00:31:03,80249.0,,31,3,3,1357.632324,2025-12-08 00:32:03
31,4,3,1303.3,2025-12-08 00:31:04,79248.0,,31,4,3,1359.055786,2025-12-08 00:32:04
31,5,3,1081.3,2025-12-08 00:31:05,78247.0,,31,5,3,1360.481079,2025-12-08 00:32:05
31,6,3,1234.2,2025-12-08 00:31:06,77246.0,,31,6,3,1361.905273,2025-12-08 00:32:06
31,7,3,1055.0,2025-12-08 00:31:07,76245.0,,31,7,3,1363.330933,2025-12-08 00:32:07
31,8,3,1044.3,2025-12-08 00:31:08,75243.0,,31,8,3,1364.758179,2025-12-08 00:32:08
31,9,3,1138.1,2025-12-08 00:31:09,74240.0,,31,9,3,1366.183105,2025-12-08 00:32:09
31,10,3,1050.9,2025-12-08 00:31:10,73232.0,,31,10,3,1367.603027,2025-12-08 00:32:10
31,11,3,1143.3,2025-12-08 00:31:11,72230.0,,31,11,3,1369.021484,2025-12-08 00:32:11
31,12,3,1164.2,2025-12-08 00:31:12,71225.0,,31,12,3,1370.43042,2025-12-08 00:32:12
31,13,3,1160.3,2025-12-08 00:31:13,70221.0,,31,13,3,1371.832886,2025-12-08 00:32:13
31,14,3,1201.2,2025-12-08 00:31:14,69199.0,,31,14,3,1373.229004,2025-12-08 00:32:14
31,15,3,1210.0,2025-12-08 00:31:15,68197.0,,31,15,3,1374.616089,2025-12-08 00:32:15
31,16,3,1243.6,2025-12-08 00:31:16,67191.0,,31,16,3,1375.995972,2025-12-08 00:32:16
31,17,3,1253.6,2025-12-08 00:31:17,66134.0,,31,17,3,1377.367432,2025-12-08 00:32:17
31,18,3,1290.1,2025-12-08 00:31:18,65130.0,,31,18,3,1378.732422,2025-12-08 00:32:18
31,19,3,1292.9,2025-12-08 00:31:19,64026.0,,31,19,3,1380.090088,2025-12-08 00:32:19
31,20,3,1321.8,2025-12-08 00:31:20,62948.0,,31,20,3,1381.444092,2025-12-08 00:32:20
31,21,3,1305.2,2025-12-08 00:31:21,61667.0,,31,21,3,1382.793213,2025-12-08 00:32:21
31,22,3,1290.1,2025-12-08 00:31:22,60655.0,,31,22,3,1384.141479,2025-12-08 00:32:22
31,23,3,1281.1,2025-12-08 00:31:23,59406.0,,31,23,3,1385.489014,2025-12-08 00:32:23
31,24,3,1316.8,2025-12-08 00:31:24,58360.0,,31,24,3,1386.834351,2025-12-08 00:32:24
31,25,3,1295.5,2025-12-08 00:31:25,57356.0,,31,25,3,1388.174438,2025-12-08 00:32:25
31,26,3,1300.4,2025-12-08 00:31:26,56179.0,,31,26,3,1389.515137,2025-12-08 00:32:26
31,27,3,1313.0,2025-12-08 00:31:27,55178.0,,31,27,3,1390.853638,2025-12-08 00:32:27
31,28,3,1346.8,2025-12-08 00:31:28,54053.0,,31,28,3,1392.190063,2025-12-08 00:32:28
31,29,3,1330.8,2025-12-08 00:31:29,53040.0,,31,29,3,1393.523804,2025-12-08 00:32:29
31,30,3,1311.1,2025-12-08 00:31:30,51959.0,,31,30,3,1394.860718,2025-12-08 00:32:30
31,31,3,1333.6,2025-12-08 00:31:31,50956.0,,31,31,3,1396.200562,2025-12-08 00:32:31
31,32,3,1305.6,2025-12-08 00:31:32,49930.0,,31,32,3,1397.539307,2025-12-08 00:32:32
31,33,3,1302.7,2025-12-08 00:31:33,48890.0,,31,33,3,1398.882202,2025-12-08 00:32:33
31,34,3,1316.5,2025-12-08 00:31:34,47889.0,,31,34,3,1400.22583,2025-12-08 00:32:34
31,35,3,1309.1,2025-12-08 00:31:35,46864.0,,31,35,3,1401.568359,2025-12-08 00:32:35
31,36,3,1311.8,2025-12-08 00:31:36,45819.0,,31,36,3,1402.91272,2025-12-08 00:32:36
31,37,3,1306.9,2025-12-08 00:31:37,44816.0,,31,37,3,1404.25708,2025-12-08 00:32:37
31,38,3,1310.8,2025-12-08 00:31:38,43815.0,,31,38,3,1405.602661,2025-12-08 00:32:38
31,39,3,1296.7,2025-12-08 00:31:39,42783.0,,31,39,3,1406.947998,2025-12-08 00:32:39
31,40,3,1302.4,2025-12-08 00:31:40,41779.0,,31,40,3,1408.295288,2025-12-08 00:32:40
31,41,3,1318.3,2025-12-08 00:31:41,40778.0,,31,41,3,1409.641724,2025-12-08 00:32:41
31,42,3,1311.6,2025-12-08 00:31:42,39775.0,,31,42,3,1410.98645,2025-12-08 00:32:42
31,43,3,1319.2,2025-12-08 00:31:43,38774.0,,31,43,3,1412.332764,2025-12-08 00:32:43
31,44,3,1324.2,2025-12-08 00:31:44,37764.0,,31,44,3,1413.678955,2025-12-08 00:32:44
31,45,3,1335.0,2025-12-08 00:31:45,36763.0,,31,45,3,1415.026001,2025-12-08 00:32:45
31,46,3,1339.8,2025-12-08 00:31:46,35751.0,,31,46,3,1416.373657,2025-12-08 00:32:46
31,47,3,1330.4,2025-12-08 00:31:47,34749.0,,31,47,3,1417.723389,2025-12-08 00:32:47
31,48,3,1340.0,2025-12-08 00:31:48,33746.0,,31,48,3,1419.077515,2025-12-08 00:32:48
31,49,3,1341.3,2025-12-08 00:31:49,32745.0,,31,49,3,1420.433594,2025-12-08 00:32:49
31,50,3,1339.9,2025-12-08 00:31:50,31738.0,,31,50,3,1421.793091,2025-12-08 00:32:50
31,51,3,1352.2,2025-12-08 00:31:51,30736.0,,31,51,3,1423.156616,2025-12-08 00:32:51
31,52,3,1324.4,2025-12-08 00:31:52,29731.0,,31,52,3,1424.522583,2025-12-08 00:32:52
31,53,3,1343.8,2025-12-08 00:31:53,28726.0,,31,53,3,1425.896606,2025-12-08 00:32:53
31,54,3,1332.6,2025-12-08 00:31:54,27724.0,,31,54,3,1427.270996,2025-12-08 00:32:54
31,55,3,1344.8,2025-12-08 00:31:55,26722.0,,31,55,3,1428.650879,2025-12-08 00:32:55
31,56,3,1315.7,2025-12-08 00:31:56,25721.0,,31,56,3,1430.032227,2025-12-08 00:32:56
31,57,3,1333.7,2025-12-08 00:31:57,24719.0,,31,57,3,1431.421875,2025-12-08 00:32:57
31,58,3,1332.2,2025-12-08 00:31:58,23713.0,,31,58,3,1432.810913,2025-12-08 00:32:58
31,59,3,1384.5,2025-12-08 00:31:59,22712.0,,31,59,3,1434.203003,2025-12-08 00:32:59
32,0,3,1327.7,2025-12-08 00:32:00,63964.0,,32,0,3,1355.681885,2025-12-08 00:33:00
32,1,3,1340.9,2025-12-08 00:32:01,62963.0,,32,1,3,1358.286255,2025-12-08 00:33:01
32,2,3,1347.0,2025-12-08 00:32:02,61962.0,,32,2,3,1360.453735,2025-12-08 00:33:02
32,3,3,1353.5,2025-12-08 00:32:03,60956.0,,32,3,3,1362.359863,2025-12-08 00:33:03
32,4,3,1344.2,2025-12-08 00:32:04,59956.0,,32,4,3,1364.068726,2025-12-08 00:33:04
32,5,3,1331.4,2025-12-08 00:32:05,58954.0,,32,5,3,1365.628784,2025-12-08 00:33:05
32,6,3,1347.3,2025-12-08 00:32:06,57953.0,,32,6,3,1367.078247,2025-12-08 00:33:06
32,7,3,1329.9,2025-12-08 00:32:07,56950.0,,32,7,3,1368.445557,2025-12-08 00:33:07
32,8,3,1328.7,2025-12-08 00:32:08,55949.0,,32,8,3,1369.759888,2025-12-08 00:33:08
32,9,3,1335.1,2025-12-08 00:32:09,54948.0,,32,9,3,1371.038208,2025-12-08 00:33:09
32,10,3,1341.9,2025-12-08 00:32:10,53947.0,,32,10,3,1372.2948,2025-12-08 00:33:10
32,11,3,1338.0,2025-12-08 00:32:11,52946.0,,32,11,3,1373.540771,2025-12-08 00:33:11
32,12,3,1354.7,2025-12-08 00:32:12,51945.0,,32,12,3,1374.785034,2025-12-08 00:33:12
32,13,3,1333.8,2025-12-08 00:32:13,50942.0,,32,13,3,1376.03064,2025-12-08 00:33:13
32,14,3,1347.2,2025-12-08 00:32:14,49941.0,,32,14,3,1377.28479,2025-12-08 00:33:14
32,15,3,1360.3,2025-12-08 00:32:15,48938.0,,32,15,3,1378.545532,2025-12-08 00:33:15
32,16,3,1301.4,2025-12-08 00:32:16,47937.0,,32,16,3,1379.813599,2025-12-08 00:33:16
32,17,3,1324.7,2025-12-08 00:32:17,46936.0,,32,17,3,1381.095947,2025-12-08 00:33:17
32,18,3,1327.7,2025-12-08 00:32:18,45935.0,,32,18,3,1382.381714,2025-12-08 00:33:18
32,19,3,1338.8,2025-12-08 00:32:19,44934.0,,32,19,3,1383.672852,2025-12-08 00:33:19
32,20,3,1353.3,2025-12-08 00:32:20,43932.0,,32,20,3,1384.967773,2025-12-08 00:33:20
32,21,3,1332.8,2025-12-08 00:32:21,42931.0,,32,21,3,1386.265747,2025-12-08 00:33:21
32,22,3,1339.9,2025-12-08 00:32:22,41931.0,,32,22,3,1387.570068,2025-12-08 00:33:22
32,23,3,1346.5,2025-12-08 00:32:23,40929.0,,32,23,3,1388.876587,2025-12-08 00:33:23
32,24,3,1340.0,2025-12-08 00:32:24,39929.0,,32,24,3,1390.184814,2025-12-08 00:33:24
32,25,3,1335.0,2025-12-08 00:32:25,38928.0,,32,25,3,1391.496094,2025-12-08 00:33:25
32,26,3,1350.9,2025-12-08 00:32:26,37927.0,,32,26,3,1392.80957,2025-12-08 00:33:26
32,27,3,1350.4,2025-12-08 00:32:27,36926.0,,32,27,3,1394.122925,2025-12-08 00:33:27
32,28,3,1353.8,2025-12-08 00:32:28,35924.0,,32,28,3,1395.438354,2025-12-08 00:33:28
32,29,3,1341.4,2025-12-08 00:32:29,34923.0,,32,29,3,1396.755371,2025-12-08 00:33:29
32,30,3,1349.1,2025-12-08 00:32:30,33922.0,,32,30,3,1398.076294,2025-12-08 00:33:30
32,31,3,1341.0,2025-12-08 00:32:31,32919.0,,32,31,3,1399.398315,2025-12-08 00:33:31
32,32,3,1337.5,2025-12-08 00:32:32,31918.0,,32,32,3,1400.723633,2025-12-08 00:33:32
32,33,3,1347.7,2025-12-08 00:32:33,30915.0,,32,33,3,1402.051392,2025-12-08 00:33:33
32,34,3,1337.8,2025-12-08 00:32:34,29914.0,,32,34,3,1403.380127,2025-12-08 00:33:34
32,35,3,1349.1,2025-12-08 00:32:35,28912.0,,32,35,3,1404.712891,2025-12-08 00:33:35
32,36,3,1330.3,2025-12-08 00:32:36,27911.0,,32,36,3,1406.046753,2025-12-08 00:33:36
32,37,3,1333.7,2025-12-08 00:32:37,26910.0,,32,37,3,1407.385986,2025-12-08 00:33:37
32,38,3,1309.9,2025-12-08 00:32:38,25910.0,,32,38,3,1408.726929,2025-12-08 00:33:38
32,39,3,1323.8,2025-12-08 00:32:39,24908.0,,32,39,3,1410.072876,2025-12-08 00:33:39
32,40,3,1328.4,2025-12-08 00:32:40,23907.0,,32,40,3,1411.418823,2025-12-08 00:33:40
32,41,3,1347.2,2025-12-08 00:32:41,22906.0,,32,41,3,1412.766235,2025-12-08 00:33:41
32,42,3,1336.0,2025-12-08 00:32:42,21904.0,,32,42,3,1414.113892,2025-12-08 00:33:42
32,43,3,1327.5,2025-12-08 00:32:43,20903.0,,32,43,3,1415.466553,2025-12-08 00:33:43
32,44,3,1339.3,2025-12-08 00:32:44,19902.0,,32,44,3,1416.823242,2025-12-08 00:33:44
32,45,3,1313.5,2025-12-08 00:32:45,18901.0,,32,45,3,1418.181641,2025-12-08 00:33:45
32,46,3,1321.6,2025-12-08 00:32:46,17900.0,,32,46,3,1419.546509,2025-12-08 00:33:46
32,47,3,1335.5,2025-12-08 00:32:47,16899.0,,32,47,3,1420.912598,2025-12-08 00:33:47
32,48,3,1337.1,2025-12-08 00:32:48,15898.0,,32,48,3,1422.279297,2025-12-08 00:33:48
32,49,3,1321.2,2025-12-08 00:32:49,14897.0,,32,49,3,1423.64917,2025-12-08 00:33:49
32,50,3,1319.0,2025-12-08 00:32:50,13895.0,,32,50,3,1425.024658,2025-12-08 00:33:50
32,51,3,1350.7,2025-12-08 00:32:51,12894.0,,32,51,3,1426.403198,2025-12-08 00:33:51
32,52,3,1363.0,2025-12-08 00:32:52,11893.0,,32,52,3,1427.779663,2025-12-08 00:33:52
32,53,3,1334.3,2025-12-08 00:32:53,10891.0,,32,53,3,1429.159058,2025-12-08 00:33:53
32,54,3,1330.0,2025-12-08 00:32:54,9888.0,,32,54,3,1430.547729,2025-12-08 00:33:54
32,55,3,1332.4,2025-12-08 00:32:55,8887.0,,32,55,3,1431.940674,2025-12-08 00:33:55
32,56,3,1330.3,2025-12-08 00:32:56,7885.0,,32,56,3,1433.336792,2025-12-08 00:33:56
32,57,3,1364.4,2025-12-08 00:32:57,6884.0,,32,57,3,1434.736206,2025-12-08 00:33:57
32,58,3,1326.7,2025-12-08 00:32:58,5882.0,,32,58,3,1436.133545,2025-12-08 00:33:58
32,59,3,1339.1,2025-12-08 00:32:59,4881.0,,32,59,3,1437.54187,2025-12-08 00:33:59
33,0,3,1449.6,2025-12-08 00:33:00,63880.0,,33,0,3,1480.991821,2025-12-08 00:34:00
33,1,3,1439.7,2025-12-08 00:33:01,62878.0,,33,1,3,1481.065918,2025-12-08 00:34:01
33,2,3,1464.4,2025-12-08 00:33:02,61875.0,,33,2,3,1481.510986,2025-12-08 00:34:02
33,3,3,1427.5,2025-12-08 00:33:03,60873.0,,33,3,3,1482.18042,2025-12-08 00:34:03
33,4,3,1437.7,2025-12-08 00:33:04,59872.0,,33,4,3,1483.050537,2025-12-08 00:34:04
33,5,3,1440.6,2025-12-08 00:33:05,58867.0,,33,5,3,1484.079956,2025-12-08 00:34:05
33,6,3,1422.5,2025-12-08 00:33:06,57857.0,,33,6,3,1485.245728,2025-12-08 00:34:06
33,7,3,1434.3,2025-12-08 00:33:07,56852.0,,33,7,3,1486.530273,2025-12-08 00:34:07
33,8,3,1437.1,2025-12-08 00:33:08,55852.0,,33,8,3,1487.905518,2025-12-08 00:34:08
33,9,3,1450.5,2025-12-08 00:33:09,54851.0,,33,9,3,1489.357056,2025-12-08 00:34:09
33,10,3,1428.9,2025-12-08 00:33:10,53848.0,,33,10,3,1490.867798,2025-12-08 00:34:10
33,11,3,1427.0,2025-12-08 00:33:11,52847.0,,33,11,3,1492.434937,2025-12-08 00:34:11
33,12,3,1455.1,2025-12-08 00:33:12,51844.0,,33,12,3,1494.042603,2025-12-08 00:34:12
33,13,3,1421.6,2025-12-08 00:33:13,50843.0,,33,13,3,1495.676147,2025-12-08 00:34:13
33,14,3,1427.9,2025-12-08 00:33:14,49840.0,,33,14,3,1497.344971,2025-12-08 00:34:14
33,15,3,1444.3,2025-12-08 00:33:15,48837.0,,33,15,3,1499.033081,2025-12-08 00:34:15
33,16,3,1433.1,2025-12-08 00:33:16,47836.0,,33,16,3,1500.734741,2025-12-08 00:34:16
33,17,3,1457.9,2025-12-08 00:33:17,46835.0,,33,17,3,1502.454346,2025-12-08 00:34:17
33,18,3,1437.7,2025-12-08 00:33:18,45834.0,,33,18,3,1504.180786,2025-12-08 00:34:18
33,19,3,1326.1,2025-12-08 00:33:19,44821.0,,33,19,3,1505.92395,2025-12-08 00:34:19
33,20,3,1344.6,2025-12-08 00:33:20,43814.0,,33,20,3,1507.700073,2025-12-08 00:34:20
33,21,3,1346.4,2025-12-08 00:33:21,42813.0,,33,21,3,1509.472412,2025-12-08 00:34:21
33,22,3,1333.2,2025-12-08 00:33:22,41812.0,,33,22,3,1511.243286,2025-12-08 00:34:22
33,23,3,1441.0,2025-12-08 00:33:23,40810.0,,33,23,3,1513.015015,2025-12-08 00:34:23
33,24,3,1437.6,2025-12-08 00:33:24,39809.0,,33,24,3,1514.756958,2025-12-08 00:34:24
33,25,3,1435.1,2025-12-08 00:33:25,38806.0,,33,25,3,1516.502686,2025-12-08 00:34:25
33,26,3,1430.4,2025-12-08 00:33:26,37805.0,,33,26,3,1518.252563,2025-12-08 00:34:26
33,27,3,1433.2,2025-12-08 00:33:27,36804.0,,33,27,3,1520.00769,2025-12-08 00:34:27
33,28,3,1437.8,2025-12-08 00:33:28,35803.0,,33,28,3,1521.766113,2025-12-08 00:34:28
33,29,3,1450.3,2025-12-08 00:33:29,34802.0,,33,29,3,1523.527954,2025-12-08 00:34:29
33,30,3,1426.1,2025-12-08 00:33:30,33801.0,,33,30,3,1525.292236,2025-12-08 00:34:30
33,31,3,1435.5,2025-12-08 00:33:31,32800.0,,33,31,3,1527.068359,2025-12-08 00:34:31
33,32,3,1448.6,2025-12-08 00:33:32,31797.0,,33,32,3,1528.847046,2025-12-08 00:34:32
33,33,3,1469.7,2025-12-08 00:33:33,30795.0,,33,33,3,1530.62793,2025-12-08 00:34:33
33,34,3,1448.7,2025-12-08 00:33:34,29794.0,,33,34,3,1532.410034,2025-12-08 00:34:34
33,35,3,1480.2,2025-12-08 00:33:35,28792.0,,33,35,3,1534.205078,2025-12-08 00:34:35
33,36,3,1435.1,2025-12-08 00:33:36,27790.0,,33,36,3,1535.999268,2025-12-08 00:34:36
33,37,3,1422.9,2025-12-08 00:33:37,26787.0,,33,37,3,1537.812744,2025-12-08 00:34:37
33,38,3,1438.6,2025-12-08 00:33:38,25785.0,,33,38,3,1539.634521,2025-12-08 00:34:38
33,39,3,1436.0,2025-12-08 00:33:39,24783.0,,33,39,3,1541.456421,2025-12-08 00:34:39
33,40,3,1451.6,2025-12-08 00:33:40,23780.0,,33,40,3,1543.283203,2025-12-08 00:34:40
33,41,3,1448.6,2025-12-08 00:33:41,22780.0,,33,41,3,1545.110229,2025-12-08 00:34:41
33,42,3,1465.8,2025-12-08 00:33:42,21779.0,,33,42,3,1546.942627,2025-12-08 00:34:42
33,43,3,1447.2,2025-12-08 00:33:43,20777.0,,33,43,3,1548.775024,2025-12-08 00:34:43
33,44,3,1435.9,2025-12-08 00:33:44,19777.0,,33,44,3,1550.616943,2025-12-08 00:34:44
33,45,3,1446.2,2025-12-08 00:33:45,18772.0,,33,45,3,1552.464722,2025-12-08 00:34:45
33,46,3,1451.3,2025-12-08 00:33:46,17771.0,,33,46,3,1554.312012,2025-12-08 00:34:46
33,47,3,1438.0,2025-12-08 00:33:47,16769.0,,33,47,3,1556.160156,2025-12-08 00:34:47
33,48,3,1447.2,2025-12-08 00:33:48,15768.0,,33,48,3,1558.013062,2025-12-08 00:34:48
33,49,3,1446.9,2025-12-08 00:33:49,14764.0,,33,49,3,1559.863525,2025-12-08 00:34:49
33,50,3,1432.3,2025-12-08 00:33:50,13745.0,,33,50,3,1561.713867,2025-12-08 00:34:50
33,51,3,1447.0,2025-12-08 00:33:51,12744.0,,33,51,3,1563.566406,2025-12-08 00:34:51
33,52,3,1424.2,2025-12-08 00:33:52,11742.0,,33,52,3,1565.412598,2025-12-08 00:34:52
33,53,3,1442.1,2025-12-08 00:33:53,10740.0,,33,53,3,1567.260864,2025-12-08 00:34:53
33,54,3,1434.7,2025-12-08 00:33:54,9739.0,,33,54,3,1569.099976,2025-12-08 00:34:54
33,55,3,1427.4,2025-12-08 00:33:55,8736.0,,33,55,3,1570.935913,2025-12-08 00:34:55
33,56,3,1459.7,2025-12-08 00:33:56,7735.0,,33,56,3,1572.767578,2025-12-08 00:34:56
33,57,3,1524.5,2025-12-08 00:33:57,6732.0,,33,57,3,1574.584351,2025-12-08 00:34:57
33,58,3,1522.6,2025-12-08 00:33:58,5731.0,,33,58,3,1576.380493,2025-12-08 00:34:58
33,59,3,1493.8,2025-12-08 00:33:59,4726.0,,33,59,3,1578.176147,2025-12-08 00:34:59
34,0,3,1545.3,2025-12-08 00:34:00,63784.0,,34,0,3,1583.012451,2025-12-08 00:35:00
34,1,3,1568.3,2025-12-08 00:34:01,62782.0,,34,1,3,1586.484863,2025-12-08 00:35:01
34,2,3,1552.5,2025-12-08 00:34:02,61779.0,,34,2,3,1589.375366,2025-12-08 00:35:02
34,3,3,1538.8,2025-12-08 00:34:03,60778.0,,34,3,3,1591.990601,2025-12-08 00:35:03
34,4,3,1565.5,2025-12-08 00:34:04,59777.0,,34,4,3,1594.409668,2025-12-08 00:35:04
34,5,3,1543.5,2025-12-08 00:34:05,58776.0,,34,5,3,1596.658569,2025-12-08 00:35:05
34,6,3,1540.5,2025-12-08 00:34:06,57775.0,,34,6,3,1598.779419,2025-12-08 00:35:06
34,7,3,1548.5,2025-12-08 00:34:07,56774.0,,34,7,3,1600.791016,2025-12-08 00:35:07
34,8,3,1543.8,2025-12-08 00:34:08,55754.0,,34,8,3,1602.710815,2025-12-08 00:35:08
34,9,3,1551.9,2025-12-08 00:34:09,54749.0,,34,9,3,1604.55896,2025-12-08 00:35:09
34,10,3,1541.3,2025-12-08 00:34:10,53747.0,,34,10,3,1606.346191,2025-12-08 00:35:10
34,11,3,1551.0,2025-12-08 00:34:11,52746.0,,34,11,3,1608.088379,2025-12-08 00:35:11
34,12,3,1558.4,2025-12-08 00:34:12,51745.0,,34,12,3,1609.789429,2025-12-08 00:35:12
34,13,3,1495.0,2025-12-08 00:34:13,50743.0,,34,13,3,1611.457764,2025-12-08 00:35:13
34,14,3,1499.5,2025-12-08 00:34:14,49742.0,,34,14,3,1613.113892,2025-12-08 00:35:14
34,15,3,1520.6,2025-12-08 00:34:15,48726.0,,34,15,3,1614.744995,2025-12-08 00:35:15
34,16,3,1552.4,2025-12-08 00:34:16,47724.0,,34,16,3,1616.35022,2025-12-08 00:35:16
34,17,3,1536.5,2025-12-08 00:34:17,46656.0,,34,17,3,1617.930786,2025-12-08 00:35:17
34,18,3,1566.3,2025-12-08 00:34:18,45655.0,,34,18,3,1619.5,2025-12-08 00:35:18
34,19,3,1545.2,2025-12-08 00:34:19,44624.0,,34,19,3,1621.049805,2025-12-08 00:35:19
34,20,3,1544.7,2025-12-08 00:34:20,43589.0,,34,20,3,1622.592651,2025-12-08 00:35:20
34,21,3,1546.5,2025-12-08 00:34:21,42586.0,,34,21,3,1624.12439,2025-12-08 00:35:21
34,22,3,1542.4,2025-12-08 00:34:22,41580.0,,34,22,3,1625.644531,2025-12-08 00:35:22
34,23,3,1544.8,2025-12-08 00:34:23,40561.0,,34,23,3,1627.154419,2025-12-08 00:35:23
34,24,3,1500.9,2025-12-08 00:34:24,39547.0,,34,24,3,1628.652466,2025-12-08 00:35:24
34,25,3,1508.0,2025-12-08 00:34:25,38506.0,,34,25,3,1630.146729,2025-12-08 00:35:25
34,26,3,1499.2,2025-12-08 00:34:26,37505.0,,34,26,3,1631.625,2025-12-08 00:35:26
34,27,3,1512.1,2025-12-08 00:34:27,36499.0,,34,27,3,1633.0896,2025-12-08 00:35:27
34,28,3,1509.7,2025-12-08 00:34:28,35413.0,,34,28,3,1634.535156,2025-12-08 00:35:28
34,29,3,1530.5,2025-12-08 00:34:29,34117.0,,34,29,3,1635.964478,2025-12-08 00:35:29
34,30,3,1477.6,2025-12-08 00:34:30,33054.0,,34,30,3,1637.372925,2025-12-08 00:35:30
34,31,3,1511.2,2025-12-08 00:34:31,32037.0,,34,31,3,1638.77356,2025-12-08 00:35:31
34,32,3,1554.2,2025-12-08 00:34:32,31032.0,,34,32,3,1640.148438,2025-12-08 00:35:32
34,33,3,1550.2,2025-12-08 00:34:33,30024.0,,34,33,3,1641.496704,2025-12-08 00:35:33
34,34,3,1543.9,2025-12-08 00:34:34,28581.0,,34,34,3,1642.828369,2025-12-08 00:35:34
34,35,3,1571.6,2025-12-08 00:34:35,27392.0,,34,35,3,1644.143677,2025-12-08 00:35:35
34,36,3,1549.9,2025-12-08 00:34:36,26300.0,,34,36,3,1645.43689,2025-12-08 00:35:36
34,37,3,1553.6,2025-12-08 00:34:37,25293.0,,34,37,3,1646.717041,2025-12-08 00:35:37
34,38,3,1550.0,2025-12-08 00:34:38,24292.0,,34,38,3,1647.979248,2025-12-08 00:35:38
34,39,3,1540.8,2025-12-08 00:34:39,23263.0,,34,39,3,1649.224487,2025-12-08 00:35:39
34,40,3,1550.5,2025-12-08 00:34:40,22236.0,,34,40,3,1650.453369,2025-12-08 00:35:40
34,41,3,1547.7,2025-12-08 00:34:41,21230.0,,34,41,3,1651.661987,2025-12-08 00:35:41
34,42,3,1560.9,2025-12-08 00:34:42,20226.0,,34,42,3,1652.852661,2025-12-08 00:35:42
34,43,3,1564.6,2025-12-08 00:34:43,19225.0,,34,43,3,1654.022339,2025-12-08 00:35:43
34,44,3,1566.8,2025-12-08 00:34:44,18224.0,,34,44,3,1655.172974,2025-12-08 00:35:44
34,45,3,1555.6,2025-12-08 00:34:45,17115.0,,34,45,3,1656.304932,2025-12-08 00:35:45
34,46,3,1549.5,2025-12-08 00:34:46,16113.0,,34,46,3,1657.420166,2025-12-08 00:35:46
34,47,3,1542.5,2025-12-08 00:34:47,15105.0,,34,47,3,1658.517578,2025-12-08 00:35:47
34,48,3,1617.3,2025-12-08 00:34:48,14104.0,,34,48,3,1659.596924,2025-12-08 00:35:48
34,49,3,1586.5,2025-12-08 00:34:49,13100.0,,34,49,3,1660.644897,2025-12-08 00:35:49
34,50,3,1619.5,2025-12-08 00:34:50,12077.0,,34,50,3,1661.68103,2025-12-08 00:35:50
34,51,3,1609.0,2025-12-08 00:34:51,11055.0,,34,51,3,1662.695312,2025-12-08 00:35:51
34,52,3,1600.4,2025-12-08 00:34:52,10054.0,,34,52,3,1663.695801,2025-12-08 00:35:52
34,53,3,1591.1,2025-12-08 00:34:53,9039.0,,34,53,3,1664.682251,2025-12-08 00:35:53
34,54,3,1601.9,2025-12-08 00:34:54,8037.0,,34,54,3,1665.654785,2025-12-08 00:35:54
34,55,3,1592.7,2025-12-08 00:34:55,7030.0,,34,55,3,1666.610229,2025-12-08 00:35:55
34,56,3,1598.3,2025-12-08 00:34:56,6028.0,,34,56,3,1667.552124,2025-12-08 00:35:56
34,57,3,1550.4,2025-12-08 00:34:57,5027.0,,34,57,3,1668.477539,2025-12-08 00:35:57
34,58,3,1555.9,2025-12-08 00:34:58,4025.0,,34,58,3,1669.394531,2025-12-08 00:35:58
34,59,3,1536.6,2025-12-08 00:34:59,3021.0,,34,59,3,1670.293579,2025-12-08 00:35:59
35,0,3,734.2,2025-12-08 00:35:00,62032.0,,35,0,3,1098.967651,2025-12-08 00:36:00
35,1,3,733.8,2025-12-08 00:35:01,61031.0,,35,1,3,1138.67981,2025-12-08 00:36:01
35,2,3,760.3,2025-12-08 00:35:02,60029.0,,35,2,3,1165.361206,2025-12-08 00:36:02
35,3,3,697.3,2025-12-08 00:35:03,59027.0,,35,3,3,1184.603027,2025-12-08 00:36:03
35,4,3,739.7,2025-12-08 00:35:04,58026.0,,35,4,3,1198.072754,2025-12-08 00:36:04
35,5,3,751.3,2025-12-08 00:35:05,57023.0,,35,5,3,1207.221436,2025-12-08 00:36:05
35,6,3,713.4,2025-12-08 00:35:06,56019.0,,35,6,3,1213.259888,2025-12-08 00:36:06
35,7,3,732.9,2025-12-08 00:35:07,55014.0,,35,7,3,1217.170532,2025-12-08 00:36:07
35,8,3,716.5,2025-12-08 00:35:08,54012.0,,35,8,3,1219.727539,2025-12-08 00:36:08
35,9,3,729.3,2025-12-08 00:35:09,53011.0,,35,9,3,1221.516602,2025-12-08 00:36:09
35,10,3,722.0,2025-12-08 00:35:10,52010.0,,35,10,3,1222.964844,2025-12-08 00:36:10
35,11,3,737.8,2025-12-08 00:35:11,51009.0,,35,11,3,1224.366577,2025-12-08 00:36:11
35,12,3,740.1,2025-12-08 00:35:12,50001.0,,35,12,3,1225.912231,2025-12-08 00:36:12
35,13,3,739.9,2025-12-08 00:35:13,48999.0,,35,13,3,1227.709473,2025-12-08 00:36:13
35,14,3,725.8,2025-12-08 00:35:14,47998.0,,35,14,3,1229.807007,2025-12-08 00:36:14
35,15,3,722.8,2025-12-08 00:35:15,46995.0,,35,15,3,1232.210449,2025-12-08 00:36:15
35,16,3,738.2,2025-12-08 00:35:16,45994.0,,35,16,3,1234.897827,2025-12-08 00:36:16
35,17,3,730.2,2025-12-08 00:35:17,44992.0,,35,17,3,1237.831421,2025-12-08 00:36:17
35,18,3,724.8,2025-12-08 00:35:18,43991.0,,35,18,3,1240.962524,2025-12-08 00:36:18
35,19,3,753.4,2025-12-08 00:35:19,42989.0,,35,19,3,1244.241333,2025-12-08 00:36:19
35,20,3,735.5,2025-12-08 00:35:20,41988.0,,35,20,3,1247.62146,2025-12-08 00:36:20
35,21,3,742.9,2025-12-08 00:35:21,40982.0,,35,21,3,1251.057007,2025-12-08 00:36:21
35,22,3,717.3,2025-12-08 00:35:22,39980.0,,35,22,3,1254.51123,2025-12-08 00:36:22
35,23,3,716.9,2025-12-08 00:35:23,38969.0,,35,23,3,1257.950684,2025-12-08 00:36:23
35,24,3,722.6,2025-12-08 00:35:24,37968.0,,35,24,3,1261.351807,2025-12-08 00:36:24
35,25,3,719.6,2025-12-08 00:35:25,36966.0,,35,25,3,1264.695435,2025-12-08 00:36:25
35,26,3,722.5,2025-12-08 00:35:26,35961.0,,35,26,3,1267.967651,2025-12-08 00:36:26
35,27,3,741.5,2025-12-08 00:35:27,34960.0,,35,27,3,1271.159912,2025-12-08 00:36:27
35,28,3,728.8,2025-12-08 00:35:28,33957.0,,35,28,3,1274.267944,2025-12-08 00:36:28
35,29,3,733.2,2025-12-08 00:35:29,32955.0,,35,29,3,1277.28772,2025-12-08 00:36:29
35,30,3,721.1,2025-12-08 00:35:30,31953.0,,35,30,3,1280.220215,2025-12-08 00:36:30
35,31,3,716.6,2025-12-08 00:35:31,30951.0,,35,31,3,1283.06604,2025-12-08 00:36:31
35,32,3,729.4,2025-12-08 00:35:32,29950.0,,35,32,3,1285.828979,2025-12-08 00:36:32
35,33,3,876.7,2025-12-08 00:35:33,28940.0,,35,33,3,1288.514038,2025-12-08 00:36:33
35,34,3,841.0,2025-12-08 00:35:34,27939.0,,35,34,3,1291.136841,2025-12-08 00:36:34
35,35,3,851.5,2025-12-08 00:35:35,26938.0,,35,35,3,1293.689697,2025-12-08 00:36:35
35,36,3,859.3,2025-12-08 00:35:36,25937.0,,35,36,3,1296.179443,2025-12-08 00:36:36
35,37,3,746.4,2025-12-08 00:35:37,24936.0,,35,37,3,1298.610474,2025-12-08 00:36:37
35,38,3,840.6,2025-12-08 00:35:38,23934.0,,35,38,3,1300.975708,2025-12-08 00:36:38
35,39,3,890.2,2025-12-08 00:35:39,22933.0,,35,39,3,1303.295654,2025-12-08 00:36:39
35,40,3,847.0,2025-12-08 00:35:40,21931.0,,35,40,3,1305.571655,2025-12-08 00:36:40
35,41,3,881.2,2025-12-08 00:35:41,20929.0,,35,41,3,1307.79895,2025-12-08 00:36:41
35,42,3,769.6,2025-12-08 00:35:42,19929.0,,35,42,3,1309.987061,2025-12-08 00:36:42
35,43,3,765.0,2025-12-08 00:35:43,18927.0,,35,43,3,1312.124146,2025-12-08 00:36:43
35,44,3,831.6,2025-12-08 00:35:44,17926.0,,35,44,3,1314.220947,2025-12-08 00:36:44
35,45,3,836.5,2025-12-08 00:35:45,16925.0,,35,45,3,1316.286133,2025-12-08 00:36:45
35,46,3,852.4,2025-12-08 00:35:46,15924.0,,35,46,3,1318.317505,2025-12-08 00:36:46
35,47,3,831.7,2025-12-08 00:35:47,14923.0,,35,47,3,1320.316895,2025-12-08 00:36:47
35,48,3,843.5,2025-12-08 00:35:48,13922.0,,35,48,3,1322.282959,2025-12-08 00:36:48
35,49,3,834.7,2025-12-08 00:35:49,12920.0,,35,49,3,1324.219238,2025-12-08 00:36:49
35,50,3,839.1,2025-12-08 00:35:50,11918.0,,35,50,3,1326.12439,2025-12-08 00:36:50
35,51,3,832.6,2025-12-08 00:35:51,10916.0,,35,51,3,1328.000366,2025-12-08 00:36:51
35,52,3,773.9,2025-12-08 00:35:52,9913.0,,35,52,3,1329.84668,2025-12-08 00:36:52
35,53,3,779.0,2025-12-08 00:35:53,8909.0,,35,53,3,1331.65979,2025-12-08 00:36:53
35,54,3,792.7,2025-12-08 00:35:54,7907.0,,35,54,3,1333.444214,2025-12-08 00:36:54
35,55,3,764.5,2025-12-08 00:35:55,6906.0,,35,55,3,1335.200806,2025-12-08 00:36:55
35,56,3,757.3,2025-12-08 00:35:56,5905.0,,35,56,3,1336.928223,2025-12-08 00:36:56
35,57,3,766.3,2025-12-08 00:35:57,4903.0,,35,57,3,1338.62793,2025-12-08 00:36:57
35,58,3,782.5,2025-12-08 00:35:58,3899.0,,35,58,3,1340.301392,2025-12-08 00:36:58
35,59,3,768.7,2025-12-08 00:35:59,2897.0,,35,59,3,1341.949463,2025-12-08 00:36:59
36,0,3,1275.0,2025-12-08 00:36:00,62012.0,,36,0,3,1351.680054,2025-12-08 00:37:00
36,1,3,1250.1,2025-12-08 00:36:01,61009.0,,36,1,3,1353.599609,2025-12-08 00:37:01
36,2,3,1269.0,2025-12-08 00:36:02,60007.0,,36,2,3,1355.392578,2025-12-08 00:37:02
36,3,3,1265.2,2025-12-08 00:36:03,59004.0,,36,3,3,1357.115845,2025-12-08 00:37:03
36,4,3,1295.8,2025-12-08 00:36:04,58002.0,,36,4,3,1358.783325,2025-12-08 00:37:04
36,5,3,1085.4,2025-12-08 00:36:05,57001.0,,36,5,3,1360.405273,2025-12-08 00:37:05
36,6,3,1270.8,2025-12-08 00:36:06,56000.0,,36,6,3,1361.984619,2025-12-08 00:37:06
36,7,3,1066.4,2025-12-08 00:36:07,54999.0,,36,7,3,1363.529053,2025-12-08 00:37:07
36,8,3,1053.8,2025-12-08 00:36:08,53997.0,,36,8,3,1365.044678,2025-12-08 00:37:08
36,9,3,1145.4,2025-12-08 00:36:09,52996.0,,36,9,3,1366.532471,2025-12-08 00:37:09
36,10,3,1057.3,2025-12-08 00:36:10,51987.0,,36,10,3,1367.994873,2025-12-08 00:37:10
36,11,3,1133.1,2025-12-08 00:36:11,50986.0,,36,11,3,1369.439697,2025-12-08 00:37:11
36,12,3,1151.9,2025-12-08 00:36:12,49985.0,,36,12,3,1370.863281,2025-12-08 00:37:12
36,13,3,1157.0,2025-12-08 00:36:13,48983.0,,36,13,3,1372.270874,2025-12-08 00:37:13
36,14,3,1212.7,2025-12-08 00:36:14,47982.0,,36,14,3,1373.665161,2025-12-08 00:37:14
36,15,3,1228.1,2025-12-08 00:36:15,46980.0,,36,15,3,1375.044922,2025-12-08 00:37:15
36,16,3,1237.0,2025-12-08 00:36:16,45979.0,,36,16,3,1376.415161,2025-12-08 00:37:16
36,17,3,1265.2,2025-12-08 00:36:17,44977.0,,36,17,3,1377.777466,2025-12-08 00:37:17
36,18,3,1282.4,2025-12-08 00:36:18,43975.0,,36,18,3,1379.132202,2025-12-08 00:37:18
36,19,3,1285.7,2025-12-08 00:36:19,42974.0,,36,19,3,1380.481689,2025-12-08 00:37:19
36,20,3,1324.4,2025-12-08 00:36:20,41973.0,,36,20,3,1381.827881,2025-12-08 00:37:20
36,21,3,1328.8,2025-12-08 00:36:21,40972.0,,36,21,3,1383.169678,2025-12-08 00:37:21
36,22,3,1299.9,2025-12-08 00:36:22,39971.0,,36,22,3,1384.511353,2025-12-08 00:37:22
36,23,3,1317.6,2025-12-08 00:36:23,38969.0,,36,23,3,1385.855469,2025-12-08 00:37:23
36,24,3,1308.9,2025-12-08 00:36:24,37968.0,,36,24,3,1387.198364,2025-12-08 00:37:24
36,25,3,1298.7,2025-12-08 00:36:25,36967.0,,36,25,3,1388.541992,2025-12-08 00:37:25
36,26,3,1297.1,2025-12-08 00:36:26,35964.0,,36,26,3,1389.886475,2025-12-08 00:37:26
36,27,3,1296.4,2025-12-08 00:36:27,34963.0,,36,27,3,1391.230591,2025-12-08 00:37:27
36,28,3,1290.2,2025-12-08 00:36:28,33962.0,,36,28,3,1392.574219,2025-12-08 00:37:28
36,29,3,1329.2,2025-12-08 00:36:29,32961.0,,36,29,3,1393.917358,2025-12-08 00:37:29
36,30,3,1309.5,2025-12-08 00:36:30,31960.0,,36,30,3,1395.256592,2025-12-08 00:37:30
36,31,3,1281.4,2025-12-08 00:36:31,30959.0,,36,31,3,1396.598145,2025-12-08 00:37:31
36,32,3,1295.3,2025-12-08 00:36:32,29958.0,,36,32,3,1397.942139,2025-12-08 00:37:32
36,33,3,1314.5,2025-12-08 00:36:33,28956.0,,36,33,3,1399.283447,2025-12-08 00:37:33
36,34,3,1307.2,2025-12-08 00:36:34,27954.0,,36,34,3,1400.622437,2025-12-08 00:37:34
36,35,3,1312.2,2025-12-08 00:36:35,26953.0,,36,35,3,1401.96228,2025-12-08 00:37:35
36,36,3,1333.0,2025-12-08 00:36:36,25950.0,,36,36,3,1403.301758,2025-12-08 00:37:36
36,37,3,1314.5,2025-12-08 00:36:37,24949.0,,36,37,3,1404.639893,2025-12-08 00:37:37
36,38,3,1311.0,2025-12-08 00:36:38,23946.0,,36,38,3,1405.981201,2025-12-08 00:37:38
36,39,3,1314.0,2025-12-08 00:36:39,22945.0,,36,39,3,1407.324097,2025-12-08 00:37:39
36,40,3,1312.3,2025-12-08 00:36:40,21944.0,,36,40,3,1408.667114,2025-12-08 00:37:40
36,41,3,1312.0,2025-12-08 00:36:41,20942.0,,36,41,3,1410.010986,2025-12-08 00:37:41
36,42,3,1319.8,2025-12-08 00:36:42,19940.0,,36,42,3,1411.355713,2025-12-08 00:37:42
36,43,3,1318.5,2025-12-08 00:36:43,18939.0,,36,43,3,1412.700439,2025-12-08 00:37:43
36,44,3,1339.8,2025-12-08 00:36:44,17938.0,,36,44,3,1414.046631,2025-12-08 00:37:44
36,45,3,1324.9,2025-12-08 00:36:45,16936.0,,36,45,3,1415.391602,2025-12-08 00:37:45
36,46,3,1331.9,2025-12-08 00:36:46,15935.0,,36,46,3,1416.741089,2025-12-08 00:37:46
36,47,3,1329.1,2025-12-08 00:36:47,14925.0,,36,47,3,1418.091919,2025-12-08 00:37:47
36,48,3,1334.3,2025-12-08 00:36:48,13922.0,,36,48,3,1419.445923,2025-12-08 00:37:48
36,49,3,1346.7,2025-12-08 00:36:49,12920.0,,36,49,3,1420.801758,2025-12-08 00:37:49
36,50,3,1343.2,2025-12-08 00:36:50,11918.0,,36,50,3,1422.159058,2025-12-08 00:37:50
36,51,3,1343.0,2025-12-08 00:36:51,10916.0,,36,51,3,1423.520874,2025-12-08 00:37:51
36,52,3,1345.4,2025-12-08 00:36:52,9911.0,,36,52,3,1424.886597,2025-12-08 00:37:52
36,53,3,1339.1,2025-12-08 00:36:53,8908.0,,36,53,3,1426.256226,2025-12-08 00:37:53
36,54,3,1349.2,2025-12-08 00:36:54,7907.0,,36,54,3,1427.630981,2025-12-08 00:37:54
36,55,3,1332.6,2025-12-08 00:36:55,6906.0,,36,55,3,1429.008179,2025-12-08 00:37:55
36,56,3,1344.5,2025-12-08 00:36:56,5905.0,,36,56,3,1430.392334,2025-12-08 00:37:56
36,57,3,1344.6,2025-12-08 00:36:57,4902.0,,36,57,3,1431.778198,2025-12-08 00:37:57
36,58,3,1347.7,2025-12-08 00:36:58,3901.0,,36,58,3,1433.168213,2025-12-08 00:37:58
36,59,3,1343.2,2025-12-08 00:36:59,2899.0,,36,59,3,1434.56189,2025-12-08 00:37:59
37,0,3,1334.8,2025-12-08 00:37:00,71695.0,,37,0,3,1349.326172,2025-12-08 00:38:00
37,1,3,1355.1,2025-12-08 00:37:01,70692.0,,37,1,3,1352.416748,2025-12-08 00:38:01
37,2,3,1329.3,2025-12-08 00:37:02,69691.0,,37,2,3,1354.924927,2025-12-08 00:38:02
37,3,3,1334.0,2025-12-08 00:37:03,68682.0,,37,3,3,1357.073242,2025-12-08 00:38:03
37,4,3,1343.9,2025-12-08 00:37:04,67680.0,,37,4,3,1358.94458,2025-12-08 00:38:04
37,5,3,1335.4,2025-12-08 00:37:05,66678.0,,37,5,3,1360.604126,2025-12-08 00:38:05
37,6,3,1322.7,2025-12-08 00:37:06,65676.0,,37,6,3,1362.108276,2025-12-08 00:38:06
37,7,3,1354.8,2025-12-08 00:37:07,64667.0,,37,7,3,1363.500977,2025-12-08 00:38:07
37,8,3,1332.3,2025-12-08 00:37:08,63661.0,,37,8,3,1364.813599,2025-12-08 00:38:08
37,9,3,1326.8,2025-12-08 00:37:09,62660.0,,37,9,3,1366.079712,2025-12-08 00:38:09
37,10,3,1344.5,2025-12-08 00:37:10,61657.0,,37,10,3,1367.317993,2025-12-08 00:38:10
37,11,3,1358.9,2025-12-08 00:37:11,60656.0,,37,11,3,1368.540649,2025-12-08 00:38:11
37,12,3,1340.7,2025-12-08 00:37:12,59654.0,,37,12,3,1369.760132,2025-12-08 00:38:12
37,13,3,1318.5,2025-12-08 00:37:13,58653.0,,37,13,3,1370.986694,2025-12-08 00:38:13
37,14,3,1322.3,2025-12-08 00:37:14,57651.0,,37,14,3,1372.223877,2025-12-08 00:38:14
37,15,3,1348.1,2025-12-08 00:37:15,56647.0,,37,15,3,1373.470581,2025-12-08 00:38:15
37,16,3,1329.8,2025-12-08 00:37:16,55646.0,,37,16,3,1374.725708,2025-12-08 00:38:16
37,17,3,1317.0,2025-12-08 00:37:17,54645.0,,37,17,3,1375.993896,2025-12-08 00:38:17
37,18,3,1350.1,2025-12-08 00:37:18,53643.0,,37,18,3,1377.273071,2025-12-08 00:38:18
37,19,3,1331.8,2025-12-08 00:37:19,52637.0,,37,19,3,1378.557129,2025-12-08 00:38:19
37,20,3,1353.4,2025-12-08 00:37:20,51636.0,,37,20,3,1379.85083,2025-12-08 00:38:20
37,21,3,1339.4,2025-12-08 00:37:21,50635.0,,37,21,3,1381.148804,2025-12-08 00:38:21
37,22,3,1356.4,2025-12-08 00:37:22,49634.0,,37,22,3,1382.453613,2025-12-08 00:38:22
37,23,3,1339.9,2025-12-08 00:37:23,48633.0,,37,23,3,1383.760986,2025-12-08 00:38:23
37,24,3,1348.0,2025-12-08 00:37:24,47567.0,,37,24,3,1385.07373,2025-12-08 00:38:24
37,25,3,1337.9,2025-12-08 00:37:25,46557.0,,37,25,3,1386.388062,2025-12-08 00:38:25
37,26,3,1350.5,2025-12-08 00:37:26,45546.0,,37,26,3,1387.705322,2025-12-08 00:38:26
37,27,3,1345.2,2025-12-08 00:37:27,44543.0,,37,27,3,1389.022949,2025-12-08 00:38:27
37,28,3,1354.3,2025-12-08 00:37:28,43492.0,,37,28,3,1390.342041,2025-12-08 00:38:28
37,29,3,1322.0,2025-12-08 00:37:29,42437.0,,37,29,3,1391.661499,2025-12-08 00:38:29
37,30,3,1332.4,2025-12-08 00:37:30,41256.0,,37,30,3,1392.985229,2025-12-08 00:38:30
37,31,3,1334.0,2025-12-08 00:37:31,40218.0,,37,31,3,1394.307617,2025-12-08 00:38:31
37,32,3,1349.7,2025-12-08 00:37:32,39216.0,,37,32,3,1395.630127,2025-12-08 00:38:32
37,33,3,1334.9,2025-12-08 00:37:33,38042.0,,37,33,3,1396.951416,2025-12-08 00:38:33
37,34,3,1330.2,2025-12-08 00:37:34,37040.0,,37,34,3,1398.275635,2025-12-08 00:38:34
37,35,3,1358.4,2025-12-08 00:37:35,36039.0,,37,35,3,1399.601318,2025-12-08 00:38:35
37,36,3,1341.6,2025-12-08 00:37:36,35007.0,,37,36,3,1400.925781,2025-12-08 00:38:36
37,37,3,1353.3,2025-12-08 00:37:37,33957.0,,37,37,3,1402.254517,2025-12-08 00:38:37
37,38,3,1336.9,2025-12-08 00:37:38,32931.0,,37,38,3,1403.584717,2025-12-08 00:38:38
37,39,3,1345.3,2025-12-08 00:37:39,31929.0,,37,39,3,1404.920044,2025-12-08 00:38:39
37,40,3,1317.4,2025-12-08 00:37:40,30927.0,,37,40,3,1406.25708,2025-12-08 00:38:40
37,41,3,1331.7,2025-12-08 00:37:41,29926.0,,37,41,3,1407.600342,2025-12-08 00:38:41
37,42,3,1324.2,2025-12-08 00:37:42,28832.0,,37,42,3,1408.944092,2025-12-08 00:38:42
37,43,3,1337.8,2025-12-08 00:37:43,27831.0,,37,43,3,1410.291382,2025-12-08 00:38:43
37,44,3,1332.0,2025-12-08 00:37:44,26829.0,,37,44,3,1411.639893,2025-12-08 00:38:44
37,45,3,1321.2,2025-12-08 00:37:45,25816.0,,37,45,3,1412.99231,2025-12-08 00:38:45
37,46,3,1331.7,2025-12-08 00:37:46,24804.0,,37,46,3,1414.348999,2025-12-08 00:38:46
37,47,3,1316.2,2025-12-08 00:37:47,23750.0,,37,47,3,1415.707275,2025-12-08 00:38:47
37,48,3,1319.5,2025-12-08 00:37:48,22747.0,,37,48,3,1417.070068,2025-12-08 00:38:48
37,49,3,1318.5,2025-12-08 00:37:49,21733.0,,37,49,3,1418.434937,2025-12-08 00:38:49
37,50,3,1321.9,2025-12-08 00:37:50,20718.0,,37,50,3,1419.80249,2025-12-08 00:38:50
37,51,3,1312.7,2025-12-08 00:37:51,19717.0,,37,51,3,1421.171753,2025-12-08 00:38:51
37,52,3,1333.3,2025-12-08 00:37:52,18715.0,,37,52,3,1422.544678,2025-12-08 00:38:52
37,53,3,1348.6,2025-12-08 00:37:53,17705.0,,37,53,3,1423.916748,2025-12-08 00:38:53
37,54,3,1345.2,2025-12-08 00:37:54,16696.0,,37,54,3,1425.290283,2025-12-08 00:38:54
37,55,3,1327.0,2025-12-08 00:37:55,15690.0,,37,55,3,1426.668091,2025-12-08 00:38:55
37,56,3,1307.7,2025-12-08 00:37:56,14689.0,,37,56,3,1428.052368,2025-12-08 00:38:56
37,57,3,1322.2,2025-12-08 00:37:57,13684.0,,37,57,3,1429.442261,2025-12-08 00:38:57
37,58,3,1332.2,2025-12-08 00:37:58,12679.0,,37,58,3,1430.831299,2025-12-08 00:38:58
37,59,3,1328.8,2025-12-08 00:37:59,11674.0,,37,59,3,1432.220947,2025-12-08 00:38:59
38,0,3,1438.1,2025-12-08 00:38:00,70636.0,,38,0,3,1483.766724,2025-12-08 00:39:00
38,1,3,1426.3,2025-12-08 00:38:01,69634.0,,38,1,3,1483.082031,2025-12-08 00:39:01
38,2,3,1422.7,2025-12-08 00:38:02,68628.0,,38,2,3,1483.025513,2025-12-08 00:39:02
38,3,3,1440.8,2025-12-08 00:38:03,67621.0,,38,3,3,1483.33606,2025-12-08 00:39:03
38,4,3,1440.0,2025-12-08 00:38:04,66619.0,,38,4,3,1483.929443,2025-12-08 00:39:04
38,5,3,1444.9,2025-12-08 00:38:05,65614.0,,38,5,3,1484.763184,2025-12-08 00:39:05
38,6,3,1425.9,2025-12-08 00:38:06,64611.0,,38,6,3,1485.794189,2025-12-08 00:39:06
38,7,3,1450.2,2025-12-08 00:38:07,63608.0,,38,7,3,1486.991211,2025-12-08 00:39:07
38,8,3,1461.6,2025-12-08 00:38:08,62605.0,,38,8,3,1488.311279,2025-12-08 00:39:08
38,9,3,1436.1,2025-12-08 00:38:09,61601.0,,38,9,3,1489.732544,2025-12-08 00:39:09
38,10,3,1444.3,2025-12-08 00:38:10,60600.0,,38,10,3,1491.24231,2025-12-08 00:39:10
38,11,3,1472.5,2025-12-08 00:38:11,59599.0,,38,11,3,1492.813599,2025-12-08 00:39:11
38,12,3,1445.0,2025-12-08 00:38:12,58595.0,,38,12,3,1494.428345,2025-12-08 00:39:12
38,13,3,1438.6,2025-12-08 00:38:13,57592.0,,38,13,3,1496.089966,2025-12-08 00:39:13
38,14,3,1425.5,2025-12-08 00:38:14,56587.0,,38,14,3,1497.783325,2025-12-08 00:39:14
38,15,3,1431.3,2025-12-08 00:38:15,55585.0,,38,15,3,1499.502441,2025-12-08 00:39:15
38,16,3,1443.4,2025-12-08 00:38:16,54582.0,,38,16,3,1501.237183,2025-12-08 00:39:16
38,17,3,1452.6,2025-12-08 00:38:17,53581.0,,38,17,3,1502.98291,2025-12-08 00:39:17
38,18,3,1433.8,2025-12-08 00:38:18,52577.0,,38,18,3,1504.738159,2025-12-08 00:39:18
38,19,3,1322.7,2025-12-08 00:38:19,51572.0,,38,19,3,1506.507446,2025-12-08 00:39:19
38,20,3,1326.2,2025-12-08 00:38:20,50571.0,,38,20,3,1508.306763,2025-12-08 00:39:20
38,21,3,1339.3,2025-12-08 00:38:21,49570.0,,38,21,3,1510.103394,2025-12-08 00:39:21
38,22,3,1330.8,2025-12-08 00:38:22,48568.0,,38,22,3,1511.893433,2025-12-08 00:39:22
38,23,3,1425.5,2025-12-08 00:38:23,47567.0,,38,23,3,1513.680786,2025-12-08 00:39:23
38,24,3,1444.3,2025-12-08 00:38:24,46565.0,,38,24,3,1515.439941,2025-12-08 00:39:24
38,25,3,1455.6,2025-12-08 00:38:25,45561.0,,38,25,3,1517.19519,2025-12-08 00:39:25
38,26,3,1413.1,2025-12-08 00:38:26,44560.0,,38,26,3,1518.95105,2025-12-08 00:39:26
38,27,3,1428.6,2025-12-08 00:38:27,43554.0,,38,27,3,1520.721436,2025-12-08 00:39:27
38,28,3,1423.6,2025-12-08 00:38:28,42550.0,,38,28,3,1522.490723,2025-12-08 00:39:28
38,29,3,1448.8,2025-12-08 00:38:29,41548.0,,38,29,3,1524.264771,2025-12-08 00:39:29
38,30,3,1416.8,2025-12-08 00:38:30,40541.0,,38,30,3,1526.036987,2025-12-08 00:39:30
38,31,3,1456.3,2025-12-08 00:38:31,39538.0,,38,31,3,1527.82251,2025-12-08 00:39:31
38,32,3,1458.9,2025-12-08 00:38:32,38537.0,,38,32,3,1529.602783,2025-12-08 00:39:32
38,33,3,1460.4,2025-12-08 00:38:33,37534.0,,38,33,3,1531.38916,2025-12-08 00:39:33
38,34,3,1456.5,2025-12-08 00:38:34,36530.0,,38,34,3,1533.182861,2025-12-08 00:39:34
38,35,3,1439.6,2025-12-08 00:38:35,35527.0,,38,35,3,1534.985352,2025-12-08 00:39:35
38,36,3,1420.4,2025-12-08 00:38:36,34523.0,,38,36,3,1536.799683,2025-12-08 00:39:36
38,37,3,1445.8,2025-12-08 00:38:37,33521.0,,38,37,3,1538.62439,2025-12-08 00:39:37
38,38,3,1446.7,2025-12-08 00:38:38,32520.0,,38,38,3,1540.447632,2025-12-08 00:39:38
38,39,3,1435.7,2025-12-08 00:38:39,31517.0,,38,39,3,1542.276611,2025-12-08 00:39:39
38,40,3,1447.6,2025-12-08 00:38:40,30512.0,,38,40,3,1544.113525,2025-12-08 00:39:40
38,41,3,1424.6,2025-12-08 00:38:41,29503.0,,38,41,3,1545.952271,2025-12-08 00:39:41
38,42,3,1440.7,2025-12-08 00:38:42,28501.0,,38,42,3,1547.800781,2025-12-08 00:39:42
38,43,3,1437.2,2025-12-08 00:38:43,27496.0,,38,43,3,1549.648193,2025-12-08 00:39:43
38,44,3,1439.1,2025-12-08 00:38:44,26491.0,,38,44,3,1551.49939,2025-12-08 00:39:44
38,45,3,1441.7,2025-12-08 00:38:45,25483.0,,38,45,3,1553.352539,2025-12-08 00:39:45
38,46,3,1442.9,2025-12-08 00:38:46,24475.0,,38,46,3,1555.206299,2025-12-08 00:39:46
38,47,3,1420.2,2025-12-08 00:38:47,23472.0,,38,47,3,1557.061035,2025-12-08 00:39:47
38,48,3,1437.0,2025-12-08 00:38:48,22454.0,,38,48,3,1558.921143,2025-12-08 00:39:48
38,49,3,1421.4,2025-12-08 00:38:49,21444.0,,38,49,3,1560.775513,2025-12-08 00:39:49
38,50,3,1445.4,2025-12-08 00:38:50,20435.0,,38,50,3,1562.631104,2025-12-08 00:39:50
38,51,3,1440.1,2025-12-08 00:38:51,19425.0,,38,51,3,1564.477417,2025-12-08 00:39:51
38,52,3,1429.9,2025-12-08 00:38:52,18415.0,,38,52,3,1566.321533,2025-12-08 00:39:52
38,53,3,1435.9,2025-12-08 00:38:53,17405.0,,38,53,3,1568.16333,2025-12-08 00:39:53
38,54,3,1439.7,2025-12-08 00:38:54,16394.0,,38,54,3,1569.998413,2025-12-08 00:39:54
38,55,3,1448.2,2025-12-08 00:38:55,15391.0,,38,55,3,1571.826172,2025-12-08 00:39:55
38,56,3,1481.6,2025-12-08 00:38:56,14381.0,,38,56,3,1573.645752,2025-12-08 00:39:56
38,57,3,1532.7,2025-12-08 00:38:57,13372.0,,38,57,3,1575.450806,2025-12-08 00:39:57
38,58,3,1512.3,2025-12-08 00:38:58,12369.0,,38,58,3,1577.240112,2025-12-08 00:39:58
38,59,3,1515.3,2025-12-08 00:38:59,11366.0,,38,59,3,1579.033325,2025-12-08 00:39:59
39,0,3,1557.5,2025-12-08 00:39:00,70500.0,,39,0,3,1612.380981,2025-12-08 00:40:00
39,1,3,1559.9,2025-12-08 00:39:01,69498.0,,39,1,3,1617.208984,2025-12-08 00:40:01
39,2,3,1544.4,2025-12-08 00:39:02,68495.0,,39,2,3,1621.607178,2025-12-08 00:40:02
39,3,3,1540.8,2025-12-08 00:39:03,67488.0,,39,3,3,1625.856567,2025-12-08 00:40:03
39,4,3,1550.6,2025-12-08 00:39:04,66485.0,,39,4,3,1630.151733,2025-12-08 00:40:04
39,5,3,1558.6,2025-12-08 00:39:05,65484.0,,39,5,3,1634.526123,2025-12-08 00:40:05
39,6,3,1559.8,2025-12-08 00:39:06,64480.0,,39,6,3,1638.993774,2025-12-08 00:40:06
39,7,3,1550.6,2025-12-08 00:39:07,63479.0,,39,7,3,1643.564087,2025-12-08 00:40:07
39,8,3,1556.0,2025-12-08 00:39:08,62474.0,,39,8,3,1648.24353,2025-12-08 00:40:08
39,9,3,1545.4,2025-12-08 00:39:09,61471.0,,39,9,3,1653.037964,2025-12-08 00:40:09
39,10,3,1544.8,2025-12-08 00:39:10,60469.0,,39,10,3,1657.949463,2025-12-08 00:40:10
39,11,3,1545.5,2025-12-08 00:39:11,59465.0,,39,11,3,1662.980347,2025-12-08 00:40:11
39,12,3,1552.6,2025-12-08 00:39:12,58463.0,,39,12,3,1668.13208,2025-12-08 00:40:12
39,13,3,1510.5,2025-12-08 00:39:13,57460.0,,39,13,3,1673.404907,2025-12-08 00:40:13
39,14,3,1515.1,2025-12-08 00:39:14,56455.0,,39,14,3,1678.794922,2025-12-08 00:40:14
39,15,3,1507.2,2025-12-08 00:39:15,55448.0,,39,15,3,1684.306396,2025-12-08 00:40:15
39,16,3,1559.2,2025-12-08 00:39:16,54445.0,,39,16,3,1689.938477,2025-12-08 00:40:16
39,17,3,1549.0,2025-12-08 00:39:17,53443.0,,39,17,3,1695.695068,2025-12-08 00:40:17
39,18,3,1552.0,2025-12-08 00:39:18,52440.0,,39,18,3,1701.56958,2025-12-08 00:40:18
39,19,3,1545.7,2025-12-08 00:39:19,51437.0,,39,19,3,1707.5625,2025-12-08 00:40:19
39,20,3,1562.1,2025-12-08 00:39:20,50427.0,,39,20,3,1713.671997,2025-12-08 00:40:20
39,21,3,1556.8,2025-12-08 00:39:21,49416.0,,39,21,3,1719.898804,2025-12-08 00:40:21
39,22,3,1553.0,2025-12-08 00:39:22,48413.0,,39,22,3,1726.239502,2025-12-08 00:40:22
39,23,3,1543.1,2025-12-08 00:39:23,47404.0,,39,23,3,1732.693237,2025-12-08 00:40:23
39,24,3,1513.7,2025-12-08 00:39:24,46401.0,,39,24,3,1739.258179,2025-12-08 00:40:24
39,25,3,1531.8,2025-12-08 00:39:25,45388.0,,39,25,3,1745.932129,2025-12-08 00:40:25
39,26,3,1501.6,2025-12-08 00:39:26,44385.0,,39,26,3,1752.717163,2025-12-08 00:40:26
39,27,3,1525.7,2025-12-08 00:39:27,43370.0,,39,27,3,1759.608765,2025-12-08 00:40:27
39,28,3,1512.1,2025-12-08 00:39:28,42365.0,,39,28,3,1766.609497,2025-12-08 00:40:28
39,29,3,1539.2,2025-12-08 00:39:29,41362.0,,39,29,3,1773.713745,2025-12-08 00:40:29
39,30,3,1521.9,2025-12-08 00:39:30,40360.0,,39,30,3,1780.92334,2025-12-08 00:40:30
39,31,3,1523.8,2025-12-08 00:39:31,39347.0,,39,31,3,1788.231079,2025-12-08 00:40:31
39,32,3,1558.8,2025-12-08 00:39:32,38338.0,,39,32,3,1795.636353,2025-12-08 00:40:32
39,33,3,1548.1,2025-12-08 00:39:33,37328.0,,39,33,3,1803.137573,2025-12-08 00:40:33
39,34,3,1557.2,2025-12-08 00:39:34,36323.0,,39,34,3,1810.727539,2025-12-08 00:40:34
39,35,3,1534.1,2025-12-08 00:39:35,35317.0,,39,35,3,1818.402832,2025-12-08 00:40:35
39,36,3,1539.7,2025-12-08 00:39:36,34315.0,,39,36,3,1826.157471,2025-12-08 00:40:36
39,37,3,1563.9,2025-12-08 00:39:37,33314.0,,39,37,3,1833.987793,2025-12-08 00:40:37
39,38,3,1549.8,2025-12-08 00:39:38,32310.0,,39,38,3,1841.890137,2025-12-08 00:40:38
39,39,3,1537.6,2025-12-08 00:39:39,31299.0,,39,39,3,1849.855347,2025-12-08 00:40:39
39,40,3,1551.4,2025-12-08 00:39:40,30294.0,,39,40,3,1857.878052,2025-12-08 00:40:40
39,41,3,1562.8,2025-12-08 00:39:41,29291.0,,39,41,3,1865.953857,2025-12-08 00:40:41
39,42,3,1552.6,2025-12-08 00:39:42,28278.0,,39,42,3,1874.074463,2025-12-08 00:40:42
39,43,3,1569.6,2025-12-08 00:39:43,27268.0,,39,43,3,1882.232056,2025-12-08 00:40:43
39,44,3,1527.2,2025-12-08 00:39:44,26257.0,,39,44,3,1890.42041,2025-12-08 00:40:44
39,45,3,1561.7,2025-12-08 00:39:45,25243.0,,39,45,3,1898.628418,2025-12-08 00:40:45
39,46,3,1558.6,2025-12-08 00:39:46,24239.0,,39,46,3,1906.853149,2025-12-08 00:40:46
39,47,3,1548.5,2025-12-08 00:39:47,23236.0,,39,47,3,1915.08313,2025-12-08 00:40:47
39,48,3,1623.9,2025-12-08 00:39:48,22233.0,,39,48,3,1923.310425,2025-12-08 00:40:48
39,49,3,1583.9,2025-12-08 00:39:49,21219.0,,39,49,3,1931.530151,2025-12-08 00:40:49
39,50,3,1621.3,2025-12-08 00:39:50,20210.0,,39,50,3,1939.726685,2025-12-08 00:40:50
39,51,3,1604.4,2025-12-08 00:39:51,19196.0,,39,51,3,1947.894897,2025-12-08 00:40:51
39,52,3,1600.9,2025-12-08 00:39:52,18191.0,,39,52,3,1956.022705,2025-12-08 00:40:52
39,53,3,1598.4,2025-12-08 00:39:53,17185.0,,39,53,3,1964.101929,2025-12-08 00:40:53
39,54,3,1590.3,2025-12-08 00:39:54,16182.0,,39,54,3,1972.123657,2025-12-08 00:40:54
39,55,3,1582.7,2025-12-08 00:39:55,15172.0,,39,55,3,1980.078613,2025-12-08 00:40:55
39,56,3,1607.6,2025-12-08 00:39:56,14169.0,,39,56,3,1987.959351,2025-12-08 00:40:56
39,57,3,1548.4,2025-12-08 00:39:57,13159.0,,39,57,3,1995.758179,2025-12-08 00:40:57
39,58,3,1557.7,2025-12-08 00:39:58,12148.0,,39,58,3,2003.464478,2025-12-08 00:40:58
39,59,3,1532.8,2025-12-08 00:39:59,11145.0,,39,59,3,2011.074097,2025-12-08 00:40:59
40,0,3,751.083322,2025-12-08 00:40:00,165515.0,,40,0,3,1121.928833,2025-12-08 00:41:00
40,1,3,752.783322,2025-12-08 00:40:01,164511.0,,40,1,3,1140.530029,2025-12-08 00:41:01
40,2,3,753.183322,2025-12-08 00:40:02,163498.0,,40,2,3,1154.170654,2025-12-08 00:41:02
40,3,3,753.283322,2025-12-08 00:40:03,162488.0,,40,3,3,1164.175659,2025-12-08 00:41:03
40,4,3,778.383322,2025-12-08 00:40:04,161485.0,,40,4,3,1171.674438,2025-12-08 00:41:04
40,5,3,767.383322,2025-12-08 00:40:05,160480.0,,40,5,3,1177.345459,2025-12-08 00:41:05
40,6,3,766.783322,2025-12-08 00:40:06,159478.0,,40,6,3,1181.736938,2025-12-08 00:41:06
40,7,3,768.283322,2025-12-08 00:40:07,158475.0,,40,7,3,1185.281006,2025-12-08 00:41:07
40,8,3,768.083322,2025-12-08 00:40:08,157473.0,,40,8,3,1188.307373,2025-12-08 00:41:08
40,9,3,767.783322,2025-12-08 00:40:09,156466.0,,40,9,3,1191.057373,2025-12-08 00:41:09
40,10,3,764.683322,2025-12-08 00:40:10,155461.0,,40,10,3,1193.700195,2025-12-08 00:41:10
40,11,3,720.883322,2025-12-08 00:40:11,154459.0,,40,11,3,1196.348145,2025-12-08 00:41:11
40,12,3,720.983322,2025-12-08 00:40:12,153457.0,,40,12,3,1199.071899,2025-12-08 00:41:12
40,13,3,625.183322,2025-12-08 00:40:13,152455.0,,40,13,3,1201.907715,2025-12-08 00:41:13
40,14,3,624.383322,2025-12-08 00:40:14,151451.0,,40,14,3,1204.876587,2025-12-08 00:41:14
40,15,3,625.583322,2025-12-08 00:40:15,150449.0,,40,15,3,1207.974487,2025-12-08 00:41:15
40,16,3,622.683322,2025-12-08 00:40:16,149425.0,,40,16,3,1211.192749,2025-12-08 00:41:16
40,17,3,621.083322,2025-12-08 00:40:17,148420.0,,40,17,3,1214.517212,2025-12-08 00:41:17
40,18,3,623.383322,2025-12-08 00:40:18,147408.0,,40,18,3,1217.93103,2025-12-08 00:41:18
40,19,3,626.283322,2025-12-08 00:40:19,146401.0,,40,19,3,1221.416016,2025-12-08 00:41:19
40,20,3,661.783322,2025-12-08 00:40:20,145397.0,,40,20,3,1224.9552,2025-12-08 00:41:20
40,21,3,712.383322,2025-12-08 00:40:21,144393.0,,40,21,3,1228.529541,2025-12-08 00:41:21
40,22,3,722.983322,2025-12-08 00:40:22,143388.0,,40,22,3,1232.123291,2025-12-08 00:41:22
40,23,3,722.283322,2025-12-08 00:40:23,142382.0,,40,23,3,1235.726196,2025-12-08 00:41:23
40,24,3,722.383322,2025-12-08 00:40:24,141378.0,,40,24,3,1239.328125,2025-12-08 00:41:24
40,25,3,724.183322,2025-12-08 00:40:25,140374.0,,40,25,3,1242.9198,2025-12-08 00:41:25
40,26,3,723.983322,2025-12-08 00:40:26,139367.0,,40,26,3,1246.492554,2025-12-08 00:41:26
40,27,3,727.983322,2025-12-08 00:40:27,138362.0,,40,27,3,1250.039795,2025-12-08 00:41:27
40,28,3,732.283322,2025-12-08 00:40:28,137357.0,,40,28,3,1253.555298,2025-12-08 00:41:28
40,29,3,731.483322,2025-12-08 00:40:29,136353.0,,40,29,3,1257.034546,2025-12-08 00:41:29
40,30,3,738.983322,2025-12-08 00:40:30,135352.0,,40,30,3,1260.474243,2025-12-08 00:41:30
40,31,3,735.283322,2025-12-08 00:40:31,134351.0,,40,31,3,1263.870117,2025-12-08 00:41:31
40,32,3,732.283322,2025-12-08 00:40:32,133349.0,,40,32,3,1267.221069,2025-12-08 00:41:32
40,33,3,739.083322,2025-12-08 00:40:33,132346.0,,40,33,3,1270.525146,2025-12-08 00:41:33
40,34,3,740.483322,2025-12-08 00:40:34,131334.0,,40,34,3,1273.779541,2025-12-08 00:41:34
40,35,3,738.283322,2025-12-08 00:40:35,130332.0,,40,35,3,1276.983765,2025-12-08 00:41:35
40,36,3,743.383322,2025-12-08 00:40:36,129319.0,,40,36,3,1280.137329,2025-12-08 00:41:36
40,37,3,742.683322,2025-12-08 00:40:37,128288.0,,40,37,3,1283.238525,2025-12-08 00:41:37
40,38,3,742.783322,2025-12-08 00:40:38,127265.0,,40,38,3,1286.287842,2025-12-08 00:41:38
40,39,3,748.083322,2025-12-08 00:40:39,126261.0,,40,39,3,1289.28479,2025-12-08 00:41:39
40,40,3,747.283322,2025-12-08 00:40:40,125253.0,,40,40,3,1292.228394,2025-12-08 00:41:40
40,41,3,746.683322,2025-12-08 00:40:41,124249.0,,40,41,3,1295.119507,2025-12-08 00:41:41
40,42,3,749.083322,2025-12-08 00:40:42,123245.0,,40,42,3,1297.957764,2025-12-08 00:41:42
40,43,3,747.183322,2025-12-08 00:40:43,122231.0,,40,43,3,1300.743408,2025-12-08 00:41:43
40,44,3,746.783322,2025-12-08 00:40:44,121226.0,,40,44,3,1303.477051,2025-12-08 00:41:44
40,45,3,756.483322,2025-12-08 00:40:45,120133.0,,40,45,3,1306.159058,2025-12-08 00:41:45
40,46,3,748.683322,2025-12-08 00:40:46,118921.0,,40,46,3,1308.787964,2025-12-08 00:41:46
40,47,3,749.283322,2025-12-08 00:40:47,117585.0,,40,47,3,1311.367188,2025-12-08 00:41:47
40,48,3,749.883322,2025-12-08 00:40:48,116526.0,,40,48,3,1313.896606,2025-12-08 00:41:48
40,49,3,747.683322,2025-12-08 00:40:49,115055.0,,40,49,3,1316.376831,2025-12-08 00:41:49
40,50,3,749.383322,2025-12-08 00:40:50,113927.0,,40,50,3,1318.809814,2025-12-08 00:41:50
40,51,3,748.183322,2025-12-08 00:40:51,112924.0,,40,51,3,1321.196167,2025-12-08 00:41:51
40,52,3,748.883322,2025-12-08 00:40:52,111860.0,,40,52,3,1323.538086,2025-12-08 00:41:52
40,53,3,749.283322,2025-12-08 00:40:53,110855.0,,40,53,3,1325.837036,2025-12-08 00:41:53
40,54,3,750.283322,2025-12-08 00:40:54,109852.0,,40,54,3,1328.095337,2025-12-08 00:41:54
40,55,3,749.983322,2025-12-08 00:40:55,108851.0,,40,55,3,1330.314941,2025-12-08 00:41:55
40,56,3,748.383322,2025-12-08 00:40:56,107839.0,,40,56,3,1332.498291,2025-12-08 00:41:56
40,57,3,766.583322,2025-12-08 00:40:57,106832.0,,40,57,3,1334.647583,2025-12-08 00:41:57
40,58,3,756.383322,2025-12-08 00:40:58,105824.0,,40,58,3,1336.765503,2025-12-08 00:41:58
40,59,3,755.283322,2025-12-08 00:40:59,104773.0,,40,59,3,1338.854614,2025-12-08 00:41:59
41,0,3,753.083322,2025-12-08 00:42:00,67601.0,,41,0,3,1120.427856,2025-12-08 00:43:00
41,1,3,761.983322,2025-12-08 00:42:01,66598.0,,41,1,3,1139.446533,2025-12-08 00:43:01
41,2,3,753.283322,2025-12-08 00:42:02,65596.0,,41,2,3,1153.396973,2025-12-08 00:43:02
41,3,3,754.083322,2025-12-08 00:42:03,64594.0,,41,3,3,1163.64209,2025-12-08 00:43:03
41,4,3,754.383322,2025-12-08 00:42:04,63593.0,,41,4,3,1171.323486,2025-12-08 00:43:04
41,5,3,751.383322,2025-12-08 00:42:05,62590.0,,41,5,3,1177.129028,2025-12-08 00:43:05
41,6,3,752.783322,2025-12-08 00:42:06,61589.0,,41,6,3,1181.615723,2025-12-08 00:43:06
41,7,3,747.783322,2025-12-08 00:42:07,60588.0,,41,7,3,1185.223999,2025-12-08 00:43:07
41,8,3,747.183322,2025-12-08 00:42:08,59586.0,,41,8,3,1188.29126,2025-12-08 00:43:08
41,9,3,751.083322,2025-12-08 00:42:09,58581.0,,41,9,3,1191.064941,2025-12-08 00:43:09
41,10,3,748.983322,2025-12-08 00:42:10,57572.0,,41,10,3,1193.718628,2025-12-08 00:43:10
41,11,3,768.083322,2025-12-08 00:42:11,56563.0,,41,11,3,1196.369141,2025-12-08 00:43:11
41,12,3,754.983322,2025-12-08 00:42:12,55559.0,,41,12,3,1199.087646,2025-12-08 00:43:12
41,13,3,755.683322,2025-12-08 00:42:13,54554.0,,41,13,3,1201.915039,2025-12-08 00:43:13
41,14,3,756.683322,2025-12-08 00:42:14,53545.0,,41,14,3,1204.86792,2025-12-08 00:43:14
41,15,3,757.283322,2025-12-08 00:42:15,52539.0,,41,15,3,1207.948364,2025-12-08 00:43:15
41,16,3,759.783322,2025-12-08 00:42:16,51530.0,,41,16,3,1211.147949,2025-12-08 00:43:16
41,17,3,754.983322,2025-12-08 00:42:17,50522.0,,41,17,3,1214.453369,2025-12-08 00:43:17
41,18,3,756.783322,2025-12-08 00:42:18,49513.0,,41,18,3,1217.848145,2025-12-08 00:43:18
41,19,3,761.983322,2025-12-08 00:42:19,48503.0,,41,19,3,1221.314941,2025-12-08 00:43:19
41,20,3,758.483322,2025-12-08 00:42:20,47495.0,,41,20,3,1224.836304,2025-12-08 00:43:20
41,21,3,762.183322,2025-12-08 00:42:21,46491.0,,41,21,3,1228.396484,2025-12-08 00:43:21
41,22,3,756.983322,2025-12-08 00:42:22,45488.0,,41,22,3,1231.980469,2025-12-08 00:43:22
41,23,3,755.683322,2025-12-08 00:42:23,44479.0,,41,23,3,1235.576538,2025-12-08 00:43:23
41,24,3,757.783322,2025-12-08 00:42:24,43477.0,,41,24,3,1239.172485,2025-12-08 00:43:24
41,25,3,769.383322,2025-12-08 00:42:25,42474.0,,41,25,3,1242.758423,2025-12-08 00:43:25
41,26,3,753.683322,2025-12-08 00:42:26,41471.0,,41,26,3,1246.325439,2025-12-08 00:43:26
41,27,3,749.783322,2025-12-08 00:42:27,40461.0,,41,27,3,1249.868896,2025-12-08 00:43:27
41,28,3,752.583322,2025-12-08 00:42:28,39444.0,,41,28,3,1253.382202,2025-12-08 00:43:28
41,29,3,748.183322,2025-12-08 00:42:29,38433.0,,41,29,3,1256.859863,2025-12-08 00:43:29
41,30,3,750.383322,2025-12-08 00:42:30,37422.0,,41,30,3,1260.298706,2025-12-08 00:43:30
41,31,3,748.683322,2025-12-08 00:42:31,36413.0,,41,31,3,1263.69458,2025-12-08 00:43:31
41,32,3,748.183322,2025-12-08 00:42:32,35401.0,,41,32,3,1267.046021,2025-12-08 00:43:32
41,33,3,746.683322,2025-12-08 00:42:33,34400.0,,41,33,3,1270.350342,2025-12-08 00:43:33
41,34,3,752.983322,2025-12-08 00:42:34,33399.0,,41,34,3,1273.606323,2025-12-08 00:43:34
41,35,3,748.283322,2025-12-08 00:42:35,32390.0,,41,35,3,1276.811523,2025-12-08 00:43:35
41,36,3,749.283322,2025-12-08 00:42:36,31379.0,,41,36,3,1279.966675,2025-12-08 00:43:36
41,37,3,752.783322,2025-12-08 00:42:37,30376.0,,41,37,3,1283.070312,2025-12-08 00:43:37
41,38,3,747.083322,2025-12-08 00:42:38,29374.0,,41,38,3,1286.121338,2025-12-08 00:43:38
41,39,3,746.383322,2025-12-08 00:42:39,28365.0,,41,39,3,1289.120972,2025-12-08 00:43:39
41,40,3,749.883322,2025-12-08 00:42:40,27355.0,,41,40,3,1292.068359,2025-12-08 00:43:40
41,41,3,747.583322,2025-12-08 00:42:41,26350.0,,41,41,3,1294.96228,2025-12-08 00:43:41
41,42,3,749.783322,2025-12-08 00:42:42,25348.0,,41,42,3,1297.804199,2025-12-08 00:43:42
41,43,3,749.383322,2025-12-08 00:42:43,24342.0,,41,43,3,1300.593262,2025-12-08 00:43:43
41,44,3,747.583322,2025-12-08 00:42:44,23330.0,,41,44,3,1303.330078,2025-12-08 00:43:44
41,45,3,747.183322,2025-12-08 00:42:45,22327.0,,41,45,3,1306.015137,2025-12-08 00:43:45
41,46,3,749.183322,2025-12-08 00:42:46,21323.0,,41,46,3,1308.648926,2025-12-08 00:43:46
41,47,3,753.383322,2025-12-08 00:42:47,20278.0,,41,47,3,1311.231567,2025-12-08 00:43:47
41,48,3,750.183322,2025-12-08 00:42:48,19263.0,,41,48,3,1313.763672,2025-12-08 00:43:48
41,49,3,748.283322,2025-12-08 00:42:49,18253.0,,41,49,3,1316.24707,2025-12-08 00:43:49
41,50,3,757.483322,2025-12-08 00:42:50,17243.0,,41,50,3,1318.682983,2025-12-08 00:43:50
41,51,3,747.383322,2025-12-08 00:42:51,16233.0,,41,51,3,1321.071411,2025-12-08 00:43:51
41,52,3,748.883322,2025-12-08 00:42:52,15231.0,,41,52,3,1323.41626,2025-12-08 00:43:52
41,53,3,748.183322,2025-12-08 00:42:53,14229.0,,41,53,3,1325.717773,2025-12-08 00:43:53
41,54,3,750.483322,2025-12-08 00:42:54,13223.0,,41,54,3,1327.978394,2025-12-08 00:43:54
41,55,3,747.283322,2025-12-08 00:42:55,12219.0,,41,55,3,1330.200195,2025-12-08 00:43:55
41,56,3,745.783322,2025-12-08 00:42:56,11215.0,,41,56,3,1332.385498,2025-12-08 00:43:56
41,57,3,745.983322,2025-12-08 00:42:57,10213.0,,41,57,3,1334.536621,2025-12-08 00:43:57
41,58,3,748.683322,2025-12-08 00:42:58,9211.0,,41,58,3,1336.655884,2025-12-08 00:43:58
41,59,3,746.183322,2025-12-08 00:42:59,8209.0,,41,59,3,1338.745972,2025-12-08 00:43:59
42,0,3,748.383322,2025-12-08 00:43:00,67938.0,,42,0,3,1134.605469,2025-12-08 00:44:00
42,1,3,750.783322,2025-12-08 00:43:01,66930.0,,42,1,3,1154.433472,2025-12-08 00:44:01
42,2,3,754.983322,2025-12-08 00:43:02,65927.0,,42,2,3,1169.064819,2025-12-08 00:44:02
42,3,3,760.083322,2025-12-08 00:43:03,64925.0,,42,3,3,1179.87561,2025-12-08 00:44:03
42,4,3,754.483322,2025-12-08 00:43:04,63920.0,,42,4,3,1188.042725,2025-12-08 00:44:04
42,5,3,759.583322,2025-12-08 00:43:05,62911.0,,42,5,3,1194.273193,2025-12-08 00:44:05
42,6,3,751.083322,2025-12-08 00:43:06,61899.0,,42,6,3,1199.139282,2025-12-08 00:44:06
42,7,3,755.783322,2025-12-08 00:43:07,60891.0,,42,7,3,1203.093872,2025-12-08 00:44:07
42,8,3,762.583322,2025-12-08 00:43:08,59888.0,,42,8,3,1206.483276,2025-12-08 00:44:08
42,9,3,746.883322,2025-12-08 00:43:09,58874.0,,42,9,3,1209.562012,2025-12-08 00:44:09
42,10,3,748.683322,2025-12-08 00:43:10,57866.0,,42,10,3,1212.509033,2025-12-08 00:44:10
42,11,3,748.283322,2025-12-08 00:43:11,56856.0,,42,11,3,1215.444214,2025-12-08 00:44:11
42,12,3,749.483322,2025-12-08 00:43:12,55851.0,,42,12,3,1218.441895,2025-12-08 00:44:12
42,13,3,750.383322,2025-12-08 00:43:13,54847.0,,42,13,3,1221.543335,2025-12-08 00:44:13
42,14,3,748.083322,2025-12-08 00:43:14,53845.0,,42,14,3,1224.766724,2025-12-08 00:44:14
42,15,3,748.683322,2025-12-08 00:43:15,52843.0,,42,15,3,1228.114624,2025-12-08 00:44:15
42,16,3,746.683322,2025-12-08 00:43:16,51841.0,,42,16,3,1231.578979,2025-12-08 00:44:16
42,17,3,746.983322,2025-12-08 00:43:17,50838.0,,42,17,3,1235.146851,2025-12-08 00:44:17
42,18,3,750.083322,2025-12-08 00:43:18,49836.0,,42,18,3,1238.801147,2025-12-08 00:44:18
42,19,3,752.483322,2025-12-08 00:43:19,48832.0,,42,19,3,1242.524536,2025-12-08 00:44:19
42,20,3,747.283322,2025-12-08 00:43:20,47827.0,,42,20,3,1246.299561,2025-12-08 00:44:20
42,21,3,756.483322,2025-12-08 00:43:21,46825.0,,42,21,3,1250.11084,2025-12-08 00:44:21
42,22,3,745.383322,2025-12-08 00:43:22,45823.0,,42,22,3,1253.942505,2025-12-08 00:44:22
42,23,3,748.483322,2025-12-08 00:43:23,44819.0,,42,23,3,1257.782959,2025-12-08 00:44:23
42,24,3,746.483322,2025-12-08 00:43:24,43818.0,,42,24,3,1261.619995,2025-12-08 00:44:24
42,25,3,752.583322,2025-12-08 00:43:25,42814.0,,42,25,3,1265.44397,2025-12-08 00:44:25
42,26,3,743.283322,2025-12-08 00:43:26,41811.0,,42,26,3,1269.246094,2025-12-08 00:44:26
42,27,3,744.583322,2025-12-08 00:43:27,40803.0,,42,27,3,1273.02063,2025-12-08 00:44:27
42,28,3,749.783322,2025-12-08 00:43:28,39802.0,,42,28,3,1276.760864,2025-12-08 00:44:28
42,29,3,744.483322,2025-12-08 00:43:29,38800.0,,42,29,3,1280.46167,2025-12-08 00:44:29
42,30,3,746.583322,2025-12-08 00:43:30,37798.0,,42,30,3,1284.120117,2025-12-08 00:44:30
42,31,3,760.683322,2025-12-08 00:43:31,36796.0,,42,31,3,1287.7323,2025-12-08 00:44:31
42,32,3,744.883322,2025-12-08 00:43:32,35795.0,,42,32,3,1291.294189,2025-12-08 00:44:32
42,33,3,750.183322,2025-12-08 00:43:33,34792.0,,42,33,3,1294.807617,2025-12-08 00:44:33
42,34,3,749.183322,2025-12-08 00:43:34,33789.0,,42,34,3,1298.268066,2025-12-08 00:44:34
42,35,3,747.483322,2025-12-08 00:43:35,32788.0,,42,35,3,1301.675415,2025-12-08 00:44:35
42,36,3,755.583322,2025-12-08 00:43:36,31786.0,,42,36,3,1305.028809,2025-12-08 00:44:36
42,37,3,748.183322,2025-12-08 00:43:37,30785.0,,42,37,3,1308.326416,2025-12-08 00:44:37
42,38,3,748.683322,2025-12-08 00:43:38,29772.0,,42,38,3,1311.56958,2025-12-08 00:44:38
42,39,3,751.683322,2025-12-08 00:43:39,28770.0,,42,39,3,1314.756958,2025-12-08 00:44:39
42,40,3,749.083322,2025-12-08 00:43:40,27769.0,,42,40,3,1317.888062,2025-12-08 00:44:40
42,41,3,746.283322,2025-12-08 00:43:41,26767.0,,42,41,3,1320.963867,2025-12-08 00:44:41
42,42,3,746.983322,2025-12-08 00:43:42,25767.0,,42,42,3,1323.984009,2025-12-08 00:44:42
42,43,3,747.183322,2025-12-08 00:43:43,24764.0,,42,43,3,1326.94873,2025-12-08 00:44:43
42,44,3,752.283322,2025-12-08 00:43:44,23761.0,,42,44,3,1329.857788,2025-12-08 00:44:44
42,45,3,750.283322,2025-12-08 00:43:45,22757.0,,42,45,3,1332.711304,2025-12-08 00:44:45
42,46,3,748.483322,2025-12-08 00:43:46,21714.0,,42,46,3,1335.510742,2025-12-08 00:44:46
42,47,3,748.383322,2025-12-08 00:43:47,20162.0,,42,47,3,1338.256592,2025-12-08 00:44:47
42,48,3,750.283322,2025-12-08 00:43:48,19090.0,,42,48,3,1340.949707,2025-12-08 00:44:48
42,49,3,752.483322,2025-12-08 00:43:49,17846.0,,42,49,3,1343.59082,2025-12-08 00:44:49
42,50,3,748.183322,2025-12-08 00:43:50,16800.0,,42,50,3,1346.181274,2025-12-08 00:44:50
42,51,3,748.383322,2025-12-08 00:43:51,15717.0,,42,51,3,1348.723267,2025-12-08 00:44:51
42,52,3,750.183322,2025-12-08 00:43:52,14552.0,,42,52,3,1351.21814,2025-12-08 00:44:52
42,53,3,745.583322,2025-12-08 00:43:53,13536.0,,42,53,3,1353.667603,2025-12-08 00:44:53
42,54,3,747.583322,2025-12-08 00:43:54,12530.0,,42,54,3,1356.074341,2025-12-08 00:44:54
42,55,3,744.183322,2025-12-08 00:43:55,11513.0,,42,55,3,1358.440063,2025-12-08 00:44:55
42,56,3,759.383322,2025-12-08 00:43:56,10504.0,,42,56,3,1360.767456,2025-12-08 00:44:56
42,57,3,749.183322,2025-12-08 00:43:57,9272.0,,42,57,3,1363.058838,2025-12-08 00:44:57
42,58,3,744.883322,2025-12-08 00:43:58,8067.0,,42,58,3,1365.317261,2025-12-08 00:44:58
42,59,3,744.883322,2025-12-08 00:43:59,6758.0,,42,59,3,1367.544678,2025-12-08 00:44:59
43,0,3,752.083322,2025-12-08 00:44:00,65240.0,,43,0,3,1129.980957,2025-12-08 00:45:00
43,1,3,746.383322,2025-12-08 00:44:01,63901.0,,43,1,3,1144.855225,2025-12-08 00:45:01
43,2,3,754.483322,2025-12-08 00:44:02,62793.0,,43,2,3,1156.429932,2025-12-08 00:45:02
43,3,3,758.583322,2025-12-08 00:44:03,61786.0,,43,3,3,1165.4375,2025-12-08 00:45:03
43,4,3,751.283322,2025-12-08 00:44:04,60753.0,,43,4,3,1172.66333,2025-12-08 00:45:04
43,5,3,753.583322,2025-12-08 00:44:05,59733.0,,43,5,3,1178.566895,2025-12-08 00:45:05
43,6,3,754.983322,2025-12-08 00:44:06,58724.0,,43,6,3,1183.52063,2025-12-08 00:45:06
43,7,3,747.083322,2025-12-08 00:44:07,57693.0,,43,7,3,1187.819702,2025-12-08 00:45:07
43,8,3,751.483322,2025-12-08 00:44:08,56684.0,,43,8,3,1191.690552,2025-12-08 00:45:08
43,9,3,747.683322,2025-12-08 00:44:09,55672.0,,43,9,3,1195.299561,2025-12-08 00:45:09
43,10,3,748.583322,2025-12-08 00:44:10,54651.0,,43,10,3,1198.765625,2025-12-08 00:45:10
43,11,3,745.283322,2025-12-08 00:44:11,53650.0,,43,11,3,1202.168701,2025-12-08 00:45:11
43,12,3,745.783322,2025-12-08 00:44:12,52648.0,,43,12,3,1205.560547,2025-12-08 00:45:12
43,13,3,745.883322,2025-12-08 00:44:13,51642.0,,43,13,3,1208.970825,2025-12-08 00:45:13
43,14,3,864.883322,2025-12-08 00:44:14,50639.0,,43,14,3,1212.414917,2025-12-08 00:45:14
43,15,3,851.783322,2025-12-08 00:44:15,49635.0,,43,15,3,1215.893433,2025-12-08 00:45:15
43,16,3,848.583322,2025-12-08 00:44:16,48632.0,,43,16,3,1219.408936,2025-12-08 00:45:16
43,17,3,848.483322,2025-12-08 00:44:17,47627.0,,43,17,3,1222.955566,2025-12-08 00:45:17
43,18,3,848.883322,2025-12-08 00:44:18,46579.0,,43,18,3,1226.52478,2025-12-08 00:45:18
43,19,3,849.583322,2025-12-08 00:44:19,45575.0,,43,19,3,1230.10791,2025-12-08 00:45:19
43,20,3,847.583322,2025-12-08 00:44:20,44566.0,,43,20,3,1233.695923,2025-12-08 00:45:20
43,21,3,849.683322,2025-12-08 00:44:21,43563.0,,43,21,3,1237.280029,2025-12-08 00:45:21
43,22,3,843.783322,2025-12-08 00:44:22,42560.0,,43,22,3,1240.852173,2025-12-08 00:45:22
43,23,3,842.183322,2025-12-08 00:44:23,41486.0,,43,23,3,1244.405884,2025-12-08 00:45:23
43,24,3,837.383322,2025-12-08 00:44:24,40484.0,,43,24,3,1247.934692,2025-12-08 00:45:24
43,25,3,836.183322,2025-12-08 00:44:25,39482.0,,43,25,3,1251.433472,2025-12-08 00:45:25
43,26,3,837.283322,2025-12-08 00:44:26,38476.0,,43,26,3,1254.897583,2025-12-08 00:45:26
43,27,3,838.583322,2025-12-08 00:44:27,37473.0,,43,27,3,1258.323364,2025-12-08 00:45:27
43,28,3,836.283322,2025-12-08 00:44:28,36470.0,,43,28,3,1261.707764,2025-12-08 00:45:28
43,29,3,835.483322,2025-12-08 00:44:29,35465.0,,43,29,3,1265.048584,2025-12-08 00:45:29
43,30,3,837.283322,2025-12-08 00:44:30,34454.0,,43,30,3,1268.343872,2025-12-08 00:45:30
43,31,3,835.383322,2025-12-08 00:44:31,33451.0,,43,31,3,1271.592041,2025-12-08 00:45:31
43,32,3,837.783322,2025-12-08 00:44:32,32442.0,,43,32,3,1274.791992,2025-12-08 00:45:32
43,33,3,838.683322,2025-12-08 00:44:33,31424.0,,43,33,3,1277.943115,2025-12-08 00:45:33
43,34,3,837.183322,2025-12-08 00:44:34,30415.0,,43,34,3,1281.044556,2025-12-08 00:45:34
43,35,3,837.483322,2025-12-08 00:44:35,29388.0,,43,35,3,1284.096436,2025-12-08 00:45:35
43,36,3,837.883322,2025-12-08 00:44:36,28385.0,,43,36,3,1287.098633,2025-12-08 00:45:36
43,37,3,835.383322,2025-12-08 00:44:37,27382.0,,43,37,3,1290.050781,2025-12-08 00:45:37
43,38,3,840.083322,2025-12-08 00:44:38,26368.0,,43,38,3,1292.953613,2025-12-08 00:45:38
43,39,3,844.183322,2025-12-08 00:44:39,25365.0,,43,39,3,1295.806519,2025-12-08 00:45:39
43,40,3,839.083322,2025-12-08 00:44:40,24361.0,,43,40,3,1298.609741,2025-12-08 00:45:40
43,41,3,838.383322,2025-12-08 00:44:41,23359.0,,43,41,3,1301.364868,2025-12-08 00:45:41
43,42,3,855.083322,2025-12-08 00:44:42,22349.0,,43,42,3,1304.071655,2025-12-08 00:45:42
43,43,3,875.983322,2025-12-08 00:44:43,21342.0,,43,43,3,1306.728638,2025-12-08 00:45:43
43,44,3,852.383322,2025-12-08 00:44:44,20332.0,,43,44,3,1309.336304,2025-12-08 00:45:44
43,45,3,848.483322,2025-12-08 00:44:45,19314.0,,43,45,3,1311.899414,2025-12-08 00:45:45
43,46,3,848.583322,2025-12-08 00:44:46,18310.0,,43,46,3,1314.41687,2025-12-08 00:45:46
43,47,3,849.183322,2025-12-08 00:44:47,17306.0,,43,47,3,1316.889038,2025-12-08 00:45:47
43,48,3,849.383322,2025-12-08 00:44:48,16304.0,,43,48,3,1319.316895,2025-12-08 00:45:48
43,49,3,847.983322,2025-12-08 00:44:49,15303.0,,43,49,3,1321.701782,2025-12-08 00:45:49
43,50,3,853.883322,2025-12-08 00:44:50,14301.0,,43,50,3,1324.045044,2025-12-08 00:45:50
43,51,3,850.383322,2025-12-08 00:44:51,13296.0,,43,51,3,1326.347412,2025-12-08 00:45:51
43,52,3,851.283322,2025-12-08 00:44:52,12294.0,,43,52,3,1328.611572,2025-12-08 00:45:52
43,53,3,850.783322,2025-12-08 00:44:53,11290.0,,43,53,3,1330.838867,2025-12-08 00:45:53
43,54,3,850.183322,2025-12-08 00:44:54,10274.0,,43,54,3,1333.031006,2025-12-08 00:45:54
43,55,3,850.383322,2025-12-08 00:44:55,9273.0,,43,55,3,1335.190186,2025-12-08 00:45:55
43,56,3,852.183322,2025-12-08 00:44:56,8269.0,,43,56,3,1337.318604,2025-12-08 00:45:56
43,57,3,854.383322,2025-12-08 00:44:57,7267.0,,43,57,3,1339.418579,2025-12-08 00:45:57
43,58,3,856.883322,2025-12-08 00:44:58,6266.0,,43,58,3,1341.492065,2025-12-08 00:45:58
43,59,3,852.383322,2025-12-08 00:44:59,5261.0,,43,59,3,1343.54187,2025-12-08 00:45:59
44,0,3,854.283322,2025-12-08 00:45:00,64122.0,,44,0,3,1334.627441,2025-12-08 00:46:00
44,1,3,852.183322,2025-12-08 00:45:01,63121.0,,44,1,3,1336.954346,2025-12-08 00:46:01
44,2,3,853.983322,2025-12-08 00:45:02,62118.0,,44,2,3,1339.227783,2025-12-08 00:46:02
44,3,3,854.783322,2025-12-08 00:45:03,61110.0,,44,3,3,1341.432983,2025-12-08 00:46:03
44,4,3,849.383322,2025-12-08 00:45:04,60097.0,,44,4,3,1343.589478,2025-12-08 00:46:04
44,5,3,854.183322,2025-12-08 00:45:05,59095.0,,44,5,3,1345.703125,2025-12-08 00:46:05
44,6,3,853.283322,2025-12-08 00:45:06,58093.0,,44,6,3,1347.776855,2025-12-08 00:46:06
44,7,3,846.283322,2025-12-08 00:45:07,57087.0,,44,7,3,1349.814697,2025-12-08 00:46:07
44,8,3,850.583322,2025-12-08 00:45:08,56087.0,,44,8,3,1351.820312,2025-12-08 00:46:08
44,9,3,851.683322,2025-12-08 00:45:09,55082.0,,44,9,3,1353.795776,2025-12-08 00:46:09
44,10,3,850.483322,2025-12-08 00:45:10,54072.0,,44,10,3,1355.744141,2025-12-08 00:46:10
44,11,3,851.883322,2025-12-08 00:45:11,53071.0,,44,11,3,1357.667969,2025-12-08 00:46:11
44,12,3,852.083322,2025-12-08 00:45:12,52068.0,,44,12,3,1359.569458,2025-12-08 00:46:12
44,13,3,837.283322,2025-12-08 00:45:13,51060.0,,44,13,3,1361.451294,2025-12-08 00:46:13
44,14,3,1117.183322,2025-12-08 00:45:14,50055.0,,44,14,3,1363.314819,2025-12-08 00:46:14
44,15,3,1191.983322,2025-12-08 00:45:15,49030.0,,44,15,3,1365.17688,2025-12-08 00:46:15
44,16,3,1056.583322,2025-12-08 00:45:16,48027.0,,44,16,3,1367.029541,2025-12-08 00:46:16
44,17,3,1055.083322,2025-12-08 00:45:17,47023.0,,44,17,3,1368.86438,2025-12-08 00:46:17
44,18,3,1133.583322,2025-12-08 00:45:18,46021.0,,44,18,3,1370.689209,2025-12-08 00:46:18
44,19,3,1069.383322,2025-12-08 00:45:19,45019.0,,44,19,3,1372.510376,2025-12-08 00:46:19
44,20,3,1118.083322,2025-12-08 00:45:20,44017.0,,44,20,3,1374.319946,2025-12-08 00:46:20
44,21,3,1146.883322,2025-12-08 00:45:21,43012.0,,44,21,3,1376.127563,2025-12-08 00:46:21
44,22,3,1166.183322,2025-12-08 00:45:22,42009.0,,44,22,3,1377.933105,2025-12-08 00:46:22
44,23,3,1193.883322,2025-12-08 00:45:23,41004.0,,44,23,3,1379.737061,2025-12-08 00:46:23
44,24,3,1214.283322,2025-12-08 00:45:24,39986.0,,44,24,3,1381.541016,2025-12-08 00:46:24
44,25,3,1235.183322,2025-12-08 00:45:25,38984.0,,44,25,3,1383.345459,2025-12-08 00:46:25
44,26,3,1252.283322,2025-12-08 00:45:26,37983.0,,44,26,3,1385.150635,2025-12-08 00:46:26
44,27,3,1270.183322,2025-12-08 00:45:27,36982.0,,44,27,3,1386.957031,2025-12-08 00:46:27
44,28,3,1286.083322,2025-12-08 00:45:28,35962.0,,44,28,3,1388.764893,2025-12-08 00:46:28
44,29,3,1291.183322,2025-12-08 00:45:29,34961.0,,44,29,3,1390.573975,2025-12-08 00:46:29
44,30,3,1295.483322,2025-12-08 00:45:30,33956.0,,44,30,3,1392.383301,2025-12-08 00:46:30
44,31,3,1298.783322,2025-12-08 00:45:31,32954.0,,44,31,3,1394.193115,2025-12-08 00:46:31
44,32,3,1305.583322,2025-12-08 00:45:32,31952.0,,44,32,3,1396.003174,2025-12-08 00:46:32
44,33,3,1304.983322,2025-12-08 00:45:33,30950.0,,44,33,3,1397.814331,2025-12-08 00:46:33
44,34,3,1304.383322,2025-12-08 00:45:34,29945.0,,44,34,3,1399.62561,2025-12-08 00:46:34
44,35,3,1303.783322,2025-12-08 00:45:35,28944.0,,44,35,3,1401.437378,2025-12-08 00:46:35
44,36,3,1306.683322,2025-12-08 00:45:36,27942.0,,44,36,3,1403.25,2025-12-08 00:46:36
44,37,3,1303.283322,2025-12-08 00:45:37,26940.0,,44,37,3,1405.063965,2025-12-08 00:46:37
44,38,3,1302.683322,2025-12-08 00:45:38,25939.0,,44,38,3,1406.879028,2025-12-08 00:46:38
44,39,3,1304.983322,2025-12-08 00:45:39,24936.0,,44,39,3,1408.695557,2025-12-08 00:46:39
44,40,3,1304.483322,2025-12-08 00:45:40,23931.0,,44,40,3,1410.514771,2025-12-08 00:46:40
44,41,3,1301.183322,2025-12-08 00:45:41,22927.0,,44,41,3,1412.335938,2025-12-08 00:46:41
44,42,3,1300.383322,2025-12-08 00:45:42,21926.0,,44,42,3,1414.15979,2025-12-08 00:46:42
44,43,3,1299.383322,2025-12-08 00:45:43,20923.0,,44,43,3,1415.986694,2025-12-08 00:46:43
44,44,3,1302.383322,2025-12-08 00:45:44,19920.0,,44,44,3,1417.817383,2025-12-08 00:46:44
44,45,3,1301.083322,2025-12-08 00:45:45,18919.0,,44,45,3,1419.652588,2025-12-08 00:46:45
44,46,3,1298.083322,2025-12-08 00:45:46,17917.0,,44,46,3,1421.492554,2025-12-08 00:46:46
44,47,3,1299.883322,2025-12-08 00:45:47,16911.0,,44,47,3,1423.337158,2025-12-08 00:46:47
44,48,3,1301.983322,2025-12-08 00:45:48,15907.0,,44,48,3,1425.18811,2025-12-08 00:46:48
44,49,3,1304.083322,2025-12-08 00:45:49,14905.0,,44,49,3,1427.045654,2025-12-08 00:46:49
44,50,3,1305.083322,2025-12-08 00:45:50,13903.0,,44,50,3,1428.910522,2025-12-08 00:46:50
44,51,3,1308.383322,2025-12-08 00:45:51,12898.0,,44,51,3,1430.782959,2025-12-08 00:46:51
44,52,3,1310.383322,2025-12-08 00:45:52,11889.0,,44,52,3,1432.664062,2025-12-08 00:46:52
44,53,3,1311.683322,2025-12-08 00:45:53,10888.0,,44,53,3,1434.554077,2025-12-08 00:46:53
44,54,3,1314.783322,2025-12-08 00:45:54,9872.0,,44,54,3,1436.453735,2025-12-08 00:46:54
44,55,3,1318.383322,2025-12-08 00:45:55,8868.0,,44,55,3,1438.363525,2025-12-08 00:46:55
44,56,3,1319.983322,2025-12-08 00:45:56,7867.0,,44,56,3,1440.284546,2025-12-08 00:46:56
44,57,3,1323.083322,2025-12-08 00:45:57,6863.0,,44,57,3,1442.216919,2025-12-08 00:46:57
44,58,3,1336.483322,2025-12-08 00:45:58,5862.0,,44,58,3,1444.161499,2025-12-08 00:46:58
44,59,3,1321.283322,2025-12-08 00:45:59,4834.0,,44,59,3,1446.119629,2025-12-08 00:46:59
45,0,3,1322.983322,2025-12-08 00:46:00,67058.0,,45,0,3,1351.118286,2025-12-08 00:47:00
45,1,3,1327.283322,2025-12-08 00:46:01,66053.0,,45,1,3,1353.078735,2025-12-08 00:47:01
45,2,3,1325.183322,2025-12-08 00:46:02,65048.0,,45,2,3,1354.911499,2025-12-08 00:47:02
45,3,3,1326.283322,2025-12-08 00:46:03,64041.0,,45,3,3,1356.658203,2025-12-08 00:47:03
45,4,3,1325.883322,2025-12-08 00:46:04,63035.0,,45,4,3,1358.367798,2025-12-08 00:47:04
45,5,3,1324.383322,2025-12-08 00:46:05,62031.0,,45,5,3,1360.055298,2025-12-08 00:47:05
45,6,3,1324.983322,2025-12-08 00:46:06,61029.0,,45,6,3,1361.730591,2025-12-08 00:47:06
45,7,3,1324.083322,2025-12-08 00:46:07,60027.0,,45,7,3,1363.401855,2025-12-08 00:47:07
45,8,3,1321.783322,2025-12-08 00:46:08,59021.0,,45,8,3,1365.074951,2025-12-08 00:47:08
45,9,3,1342.083322,2025-12-08 00:46:09,58017.0,,45,9,3,1366.753784,2025-12-08 00:47:09
45,10,3,1324.583322,2025-12-08 00:46:10,57014.0,,45,10,3,1368.442627,2025-12-08 00:47:10
45,11,3,1324.683322,2025-12-08 00:46:11,56011.0,,45,11,3,1370.139038,2025-12-08 00:47:11
45,12,3,1322.183322,2025-12-08 00:46:12,55011.0,,45,12,3,1371.845093,2025-12-08 00:47:12
45,13,3,1322.983322,2025-12-08 00:46:13,54009.0,,45,13,3,1373.560791,2025-12-08 00:47:13
45,14,3,1323.383322,2025-12-08 00:46:14,53008.0,,45,14,3,1375.285522,2025-12-08 00:47:14
45,15,3,1320.683322,2025-12-08 00:46:15,52005.0,,45,15,3,1377.019165,2025-12-08 00:47:15
45,16,3,1320.583322,2025-12-08 00:46:16,51004.0,,45,16,3,1378.760254,2025-12-08 00:47:16
45,17,3,1321.783322,2025-12-08 00:46:17,50003.0,,45,17,3,1380.508423,2025-12-08 00:47:17
45,18,3,1321.183322,2025-12-08 00:46:18,49001.0,,45,18,3,1382.263306,2025-12-08 00:47:18
45,19,3,1346.483322,2025-12-08 00:46:19,48000.0,,45,19,3,1384.023804,2025-12-08 00:47:19
45,20,3,1328.383322,2025-12-08 00:46:20,46996.0,,45,20,3,1385.792236,2025-12-08 00:47:20
45,21,3,1329.683322,2025-12-08 00:46:21,45995.0,,45,21,3,1387.562622,2025-12-08 00:47:21
45,22,3,1323.783322,2025-12-08 00:46:22,44991.0,,45,22,3,1389.337158,2025-12-08 00:47:22
45,23,3,1324.883322,2025-12-08 00:46:23,43990.0,,45,23,3,1391.114502,2025-12-08 00:47:23
45,24,3,1326.183322,2025-12-08 00:46:24,42986.0,,45,24,3,1392.89563,2025-12-08 00:47:24
45,25,3,1324.483322,2025-12-08 00:46:25,41984.0,,45,25,3,1394.680298,2025-12-08 00:47:25
45,26,3,1325.683322,2025-12-08 00:46:26,40981.0,,45,26,3,1396.467896,2025-12-08 00:47:26
45,27,3,1329.083322,2025-12-08 00:46:27,39977.0,,45,27,3,1398.259033,2025-12-08 00:47:27
45,28,3,1329.283322,2025-12-08 00:46:28,38974.0,,45,28,3,1400.053833,2025-12-08 00:47:28
45,29,3,1329.483322,2025-12-08 00:46:29,37972.0,,45,29,3,1401.852295,2025-12-08 00:47:29
45,30,3,1331.483322,2025-12-08 00:46:30,36969.0,,45,30,3,1403.654175,2025-12-08 00:47:30
45,31,3,1326.483322,2025-12-08 00:46:31,35968.0,,45,31,3,1405.459839,2025-12-08 00:47:31
45,32,3,1327.583322,2025-12-08 00:46:32,34965.0,,45,32,3,1407.268677,2025-12-08 00:47:32
45,33,3,1331.483322,2025-12-08 00:46:33,33960.0,,45,33,3,1409.081787,2025-12-08 00:47:33
45,34,3,1331.883322,2025-12-08 00:46:34,32957.0,,45,34,3,1410.899658,2025-12-08 00:47:34
45,35,3,1326.583322,2025-12-08 00:46:35,31944.0,,45,35,3,1412.721924,2025-12-08 00:47:35
45,36,3,1328.483322,2025-12-08 00:46:36,30940.0,,45,36,3,1414.54834,2025-12-08 00:47:36
45,37,3,1326.683322,2025-12-08 00:46:37,29937.0,,45,37,3,1416.380005,2025-12-08 00:47:37
45,38,3,1331.583322,2025-12-08 00:46:38,28935.0,,45,38,3,1418.216797,2025-12-08 00:47:38
45,39,3,1331.683322,2025-12-08 00:46:39,27932.0,,45,39,3,1420.059814,2025-12-08 00:47:39
45,40,3,1330.883322,2025-12-08 00:46:40,26931.0,,45,40,3,1421.908813,2025-12-08 00:47:40
45,41,3,1327.783322,2025-12-08 00:46:41,25930.0,,45,41,3,1423.763672,2025-12-08 00:47:41
45,42,3,1330.283322,2025-12-08 00:46:42,24926.0,,45,42,3,1425.624634,2025-12-08 00:47:42
45,43,3,1328.883322,2025-12-08 00:46:43,23925.0,,45,43,3,1427.49292,2025-12-08 00:47:43
45,44,3,1329.983322,2025-12-08 00:46:44,22922.0,,45,44,3,1429.368042,2025-12-08 00:47:44
45,45,3,1327.283322,2025-12-08 00:46:45,21920.0,,45,45,3,1431.250854,2025-12-08 00:47:45
45,46,3,1325.383322,2025-12-08 00:46:46,20919.0,,45,46,3,1433.141357,2025-12-08 00:47:46
45,47,3,1327.083322,2025-12-08 00:46:47,19918.0,,45,47,3,1435.040039,2025-12-08 00:47:47
45,48,3,1328.283322,2025-12-08 00:46:48,18917.0,,45,48,3,1436.947876,2025-12-08 00:47:48
45,49,3,1320.883322,2025-12-08 00:46:49,17917.0,,45,49,3,1438.86499,2025-12-08 00:47:49
45,50,3,1323.883322,2025-12-08 00:46:50,16915.0,,45,50,3,1440.79126,2025-12-08 00:47:50
45,51,3,1325.783322,2025-12-08 00:46:51,15910.0,,45,51,3,1442.728638,2025-12-08 00:47:51
45,52,3,1321.483322,2025-12-08 00:46:52,14904.0,,45,52,3,1444.677124,2025-12-08 00:47:52
45,53,3,1325.883322,2025-12-08 00:46:53,13901.0,,45,53,3,1446.636963,2025-12-08 00:47:53
45,54,3,1327.883322,2025-12-08 00:46:54,12764.0,,45,54,3,1448.609619,2025-12-08 00:47:54
45,55,3,1322.383322,2025-12-08 00:46:55,11735.0,,45,55,3,1450.595703,2025-12-08 00:47:55
45,56,3,1322.883322,2025-12-08 00:46:56,10734.0,,45,56,3,1452.594849,2025-12-08 00:47:56
45,57,3,1328.083322,2025-12-08 00:46:57,9733.0,,45,57,3,1454.608887,2025-12-08 00:47:57
45,58,3,1322.783322,2025-12-08 00:46:58,8677.0,,45,58,3,1456.638794,2025-12-08 00:47:58
45,59,3,1326.783322,2025-12-08 00:46:59,7604.0,,45,59,3,1458.684692,2025-12-08 00:47:59
46,0,3,1327.083322,2025-12-08 00:47:00,73203.0,,46,0,3,1305.334106,2025-12-08 00:48:00
46,1,3,1336.183322,2025-12-08 00:47:01,72144.0,,46,1,3,1307.87561,2025-12-08 00:48:01
46,2,3,1328.783322,2025-12-08 00:47:02,71138.0,,46,2,3,1310.238403,2025-12-08 00:48:02
46,3,3,1324.883322,2025-12-08 00:47:03,69317.0,,46,3,3,1312.448486,2025-12-08 00:48:03
46,4,3,1325.883322,2025-12-08 00:47:04,68312.0,,46,4,3,1314.579834,2025-12-08 00:48:04
46,5,3,1311.283322,2025-12-08 00:47:05,66475.0,,46,5,3,1316.655762,2025-12-08 00:48:05
46,6,3,1313.983322,2025-12-08 00:47:06,65474.0,,46,6,3,1318.692383,2025-12-08 00:48:06
46,7,3,1312.583322,2025-12-08 00:47:07,64470.0,,46,7,3,1320.704468,2025-12-08 00:48:07
46,8,3,1319.583322,2025-12-08 00:47:08,63469.0,,46,8,3,1322.702026,2025-12-08 00:48:08
46,9,3,1318.383322,2025-12-08 00:47:09,62438.0,,46,9,3,1324.693115,2025-12-08 00:48:09
46,10,3,1318.383322,2025-12-08 00:47:10,61438.0,,46,10,3,1326.681274,2025-12-08 00:48:10
46,11,3,1313.583322,2025-12-08 00:47:11,60437.0,,46,11,3,1328.669312,2025-12-08 00:48:11
46,12,3,1314.783322,2025-12-08 00:47:12,59432.0,,46,12,3,1330.658447,2025-12-08 00:48:12
46,13,3,1322.283322,2025-12-08 00:47:13,58424.0,,46,13,3,1332.64917,2025-12-08 00:48:13
46,14,3,1317.483322,2025-12-08 00:47:14,57389.0,,46,14,3,1334.64209,2025-12-08 00:48:14
46,15,3,1314.183322,2025-12-08 00:47:15,56380.0,,46,15,3,1336.635132,2025-12-08 00:48:15
46,16,3,1309.783322,2025-12-08 00:47:16,55375.0,,46,16,3,1338.627319,2025-12-08 00:48:16
46,17,3,1314.383322,2025-12-08 00:47:17,54375.0,,46,17,3,1340.617676,2025-12-08 00:48:17
46,18,3,1315.183322,2025-12-08 00:47:18,53372.0,,46,18,3,1342.606445,2025-12-08 00:48:18
46,19,3,1319.183322,2025-12-08 00:47:19,52371.0,,46,19,3,1344.591553,2025-12-08 00:48:19
46,20,3,1319.383322,2025-12-08 00:47:20,51369.0,,46,20,3,1346.572754,2025-12-08 00:48:20
46,21,3,1316.383322,2025-12-08 00:47:21,50357.0,,46,21,3,1348.548584,2025-12-08 00:48:21
46,22,3,1310.383322,2025-12-08 00:47:22,49346.0,,46,22,3,1350.517822,2025-12-08 00:48:22
46,23,3,1326.983322,2025-12-08 00:47:23,48339.0,,46,23,3,1352.479248,2025-12-08 00:48:23
46,24,3,1312.283322,2025-12-08 00:47:24,47169.0,,46,24,3,1354.434814,2025-12-08 00:48:24
46,25,3,1310.683322,2025-12-08 00:47:25,46163.0,,46,25,3,1356.380249,2025-12-08 00:48:25
46,26,3,1270.683322,2025-12-08 00:47:26,45158.0,,46,26,3,1358.31665,2025-12-08 00:48:26
46,27,3,1272.583322,2025-12-08 00:47:27,44158.0,,46,27,3,1360.240112,2025-12-08 00:48:27
46,28,3,1269.883322,2025-12-08 00:47:28,43157.0,,46,28,3,1362.155518,2025-12-08 00:48:28
46,29,3,1268.483322,2025-12-08 00:47:29,42156.0,,46,29,3,1364.062866,2025-12-08 00:48:29
46,30,3,1269.883322,2025-12-08 00:47:30,41155.0,,46,30,3,1365.962036,2025-12-08 00:48:30
46,31,3,1266.083322,2025-12-08 00:47:31,40117.0,,46,31,3,1367.854126,2025-12-08 00:48:31
46,32,3,1268.883322,2025-12-08 00:47:32,39116.0,,46,32,3,1369.738037,2025-12-08 00:48:32
46,33,3,1270.483322,2025-12-08 00:47:33,38111.0,,46,33,3,1371.615601,2025-12-08 00:48:33
46,34,3,1269.683322,2025-12-08 00:47:34,37098.0,,46,34,3,1373.486328,2025-12-08 00:48:34
46,35,3,1268.483322,2025-12-08 00:47:35,36095.0,,46,35,3,1375.350586,2025-12-08 00:48:35
46,36,3,1271.783322,2025-12-08 00:47:36,35082.0,,46,36,3,1377.208618,2025-12-08 00:48:36
46,37,3,1270.083322,2025-12-08 00:47:37,34081.0,,46,37,3,1379.061035,2025-12-08 00:48:37
46,38,3,1270.483322,2025-12-08 00:47:38,33078.0,,46,38,3,1380.907471,2025-12-08 00:48:38
46,39,3,1270.483322,2025-12-08 00:47:39,32053.0,,46,39,3,1382.748657,2025-12-08 00:48:39
46,40,3,1267.483322,2025-12-08 00:47:40,31050.0,,46,40,3,1384.585083,2025-12-08 00:48:40
46,41,3,1277.383322,2025-12-08 00:47:41,30049.0,,46,41,3,1386.416382,2025-12-08 00:48:41
46,42,3,1268.083322,2025-12-08 00:47:42,29047.0,,46,42,3,1388.244385,2025-12-08 00:48:42
46,43,3,1267.983322,2025-12-08 00:47:43,28040.0,,46,43,3,1390.067383,2025-12-08 00:48:43
46,44,3,1269.283322,2025-12-08 00:47:44,27033.0,,46,44,3,1391.886719,2025-12-08 00:48:44
46,45,3,1266.983322,2025-12-08 00:47:45,26023.0,,46,45,3,1393.702881,2025-12-08 00:48:45
46,46,3,1269.183322,2025-12-08 00:47:46,25022.0,,46,46,3,1395.516113,2025-12-08 00:48:46
46,47,3,1272.683322,2025-12-08 00:47:47,24020.0,,46,47,3,1397.327026,2025-12-08 00:48:47
46,48,3,1270.983322,2025-12-08 00:47:48,23019.0,,46,48,3,1399.136353,2025-12-08 00:48:48
46,49,3,1266.883322,2025-12-08 00:47:49,22017.0,,46,49,3,1400.944092,2025-12-08 00:48:49
46,50,3,1267.683322,2025-12-08 00:47:50,20998.0,,46,50,3,1402.750366,2025-12-08 00:48:50
46,51,3,1267.283322,2025-12-08 00:47:51,19996.0,,46,51,3,1404.55603,2025-12-08 00:48:51
46,52,3,1265.483322,2025-12-08 00:47:52,18995.0,,46,52,3,1406.361938,2025-12-08 00:48:52
46,53,3,1276.983322,2025-12-08 00:47:53,17994.0,,46,53,3,1408.168213,2025-12-08 00:48:53
46,54,3,1265.083322,2025-12-08 00:47:54,16990.0,,46,54,3,1409.977051,2025-12-08 00:48:54
46,55,3,1272.183322,2025-12-08 00:47:55,15986.0,,46,55,3,1411.786499,2025-12-08 00:48:55
46,56,3,1264.483322,2025-12-08 00:47:56,14985.0,,46,56,3,1413.599365,2025-12-08 00:48:56
46,57,3,1264.683322,2025-12-08 00:47:57,13983.0,,46,57,3,1415.414795,2025-12-08 00:48:57
46,58,3,1278.083322,2025-12-08 00:47:58,12982.0,,46,58,3,1417.234619,2025-12-08 00:48:58
46,59,3,1266.583322,2025-12-08 00:47:59,11971.0,,46,59,3,1419.060791,2025-12-08 00:48:59
47,0,3,1267.583322,2025-12-08 00:48:00,71055.0,,47,0,3,1382.757935,2025-12-08 00:49:00
47,1,3,1282.383322,2025-12-08 00:48:01,70053.0,,47,1,3,1384.487671,2025-12-08 00:49:01
47,2,3,1269.983322,2025-12-08 00:48:02,69046.0,,47,2,3,1386.131592,2025-12-08 00:49:02
47,3,3,1264.883322,2025-12-08 00:48:03,68042.0,,47,3,3,1387.713135,2025-12-08 00:49:03
47,4,3,1336.683322,2025-12-08 00:48:04,67040.0,,47,4,3,1389.280151,2025-12-08 00:49:04
47,5,3,1370.183322,2025-12-08 00:48:05,66031.0,,47,5,3,1390.852417,2025-12-08 00:49:05
47,6,3,1369.283322,2025-12-08 00:48:06,65029.0,,47,6,3,1392.432495,2025-12-08 00:49:06
47,7,3,1358.783322,2025-12-08 00:48:07,64025.0,,47,7,3,1394.021362,2025-12-08 00:49:07
47,8,3,1360.783322,2025-12-08 00:48:08,63021.0,,47,8,3,1395.62146,2025-12-08 00:49:08
47,9,3,1359.383322,2025-12-08 00:48:09,62020.0,,47,9,3,1397.236938,2025-12-08 00:49:09
47,10,3,1359.883322,2025-12-08 00:48:10,61016.0,,47,10,3,1398.868652,2025-12-08 00:49:10
47,11,3,1367.183322,2025-12-08 00:48:11,60014.0,,47,11,3,1400.517578,2025-12-08 00:49:11
47,12,3,1364.483322,2025-12-08 00:48:12,59011.0,,47,12,3,1402.184204,2025-12-08 00:49:12
47,13,3,1360.883322,2025-12-08 00:48:13,58010.0,,47,13,3,1403.866943,2025-12-08 00:49:13
47,14,3,1362.683322,2025-12-08 00:48:14,57008.0,,47,14,3,1405.565308,2025-12-08 00:49:14
47,15,3,1361.283322,2025-12-08 00:48:15,56006.0,,47,15,3,1407.278931,2025-12-08 00:49:15
47,16,3,1359.683322,2025-12-08 00:48:16,55004.0,,47,16,3,1409.006958,2025-12-08 00:49:16
47,17,3,1362.283322,2025-12-08 00:48:17,54002.0,,47,17,3,1410.748535,2025-12-08 00:49:17
47,18,3,1364.783322,2025-12-08 00:48:18,52999.0,,47,18,3,1412.503906,2025-12-08 00:49:18
47,19,3,1377.783322,2025-12-08 00:48:19,51999.0,,47,19,3,1414.272095,2025-12-08 00:49:19
47,20,3,1370.483322,2025-12-08 00:48:20,50996.0,,47,20,3,1416.053711,2025-12-08 00:49:20
47,21,3,1360.483322,2025-12-08 00:48:21,49996.0,,47,21,3,1417.845947,2025-12-08 00:49:21
47,22,3,1357.983322,2025-12-08 00:48:22,48988.0,,47,22,3,1419.648071,2025-12-08 00:49:22
47,23,3,1364.083322,2025-12-08 00:48:23,47981.0,,47,23,3,1421.46106,2025-12-08 00:49:23
47,24,3,1370.583322,2025-12-08 00:48:24,46977.0,,47,24,3,1423.285889,2025-12-08 00:49:24
47,25,3,1367.883322,2025-12-08 00:48:25,45974.0,,47,25,3,1425.122314,2025-12-08 00:49:25
47,26,3,1366.983322,2025-12-08 00:48:26,44971.0,,47,26,3,1426.969116,2025-12-08 00:49:26
47,27,3,1364.083322,2025-12-08 00:48:27,43970.0,,47,27,3,1428.826782,2025-12-08 00:49:27
47,28,3,1358.983322,2025-12-08 00:48:28,42968.0,,47,28,3,1430.694824,2025-12-08 00:49:28
47,29,3,1371.183322,2025-12-08 00:48:29,41967.0,,47,29,3,1432.573364,2025-12-08 00:49:29
47,30,3,1360.783322,2025-12-08 00:48:30,40966.0,,47,30,3,1434.464844,2025-12-08 00:49:30
47,31,3,1360.683322,2025-12-08 00:48:31,39964.0,,47,31,3,1436.366333,2025-12-08 00:49:31
47,32,3,1361.183322,2025-12-08 00:48:32,38963.0,,47,32,3,1438.279907,2025-12-08 00:49:32
47,33,3,1360.783322,2025-12-08 00:48:33,37962.0,,47,33,3,1440.205444,2025-12-08 00:49:33
47,34,3,1361.883322,2025-12-08 00:48:34,36961.0,,47,34,3,1442.143555,2025-12-08 00:49:34
47,35,3,1359.983322,2025-12-08 00:48:35,35960.0,,47,35,3,1444.094604,2025-12-08 00:49:35
47,36,3,1359.583322,2025-12-08 00:48:36,34959.0,,47,36,3,1446.058594,2025-12-08 00:49:36
47,37,3,1358.883322,2025-12-08 00:48:37,33958.0,,47,37,3,1448.036377,2025-12-08 00:49:37
47,38,3,1361.483322,2025-12-08 00:48:38,32956.0,,47,38,3,1450.027954,2025-12-08 00:49:38
47,39,3,1362.083322,2025-12-08 00:48:39,31955.0,,47,39,3,1452.034546,2025-12-08 00:49:39
47,40,3,1365.083322,2025-12-08 00:48:40,30953.0,,47,40,3,1454.05603,2025-12-08 00:49:40
47,41,3,1360.083322,2025-12-08 00:48:41,29931.0,,47,41,3,1456.093262,2025-12-08 00:49:41
47,42,3,1358.583322,2025-12-08 00:48:42,28926.0,,47,42,3,1458.145752,2025-12-08 00:49:42
47,43,3,1359.183322,2025-12-08 00:48:43,27925.0,,47,43,3,1460.214355,2025-12-08 00:49:43
47,44,3,1359.983322,2025-12-08 00:48:44,26924.0,,47,44,3,1462.300171,2025-12-08 00:49:44
47,45,3,1365.683322,2025-12-08 00:48:45,25922.0,,47,45,3,1464.403564,2025-12-08 00:49:45
47,46,3,1359.183322,2025-12-08 00:48:46,24922.0,,47,46,3,1466.525757,2025-12-08 00:49:46
47,47,3,1358.083322,2025-12-08 00:48:47,23921.0,,47,47,3,1468.665527,2025-12-08 00:49:47
47,48,3,1359.283322,2025-12-08 00:48:48,22920.0,,47,48,3,1470.824707,2025-12-08 00:49:48
47,49,3,1358.083322,2025-12-08 00:48:49,21919.0,,47,49,3,1473.003906,2025-12-08 00:49:49
47,50,3,1358.083322,2025-12-08 00:48:50,20917.0,,47,50,3,1475.203857,2025-12-08 00:49:50
47,51,3,1359.083322,2025-12-08 00:48:51,19916.0,,47,51,3,1477.425415,2025-12-08 00:49:51
47,52,3,1357.783322,2025-12-08 00:48:52,18915.0,,47,52,3,1479.669189,2025-12-08 00:49:52
47,53,3,1361.783322,2025-12-08 00:48:53,17909.0,,47,53,3,1481.936035,2025-12-08 00:49:53
47,54,3,1360.483322,2025-12-08 00:48:54,16908.0,,47,54,3,1484.227417,2025-12-08 00:49:54
47,55,3,1358.583322,2025-12-08 00:48:55,15907.0,,47,55,3,1486.543579,2025-12-08 00:49:55
47,56,3,1357.383322,2025-12-08 00:48:56,14906.0,,47,56,3,1488.885376,2025-12-08 00:49:56
47,57,3,1366.683322,2025-12-08 00:48:57,13901.0,,47,57,3,1491.253784,2025-12-08 00:49:57
47,58,3,1367.783322,2025-12-08 00:48:58,12897.0,,47,58,3,1493.651367,2025-12-08 00:49:58
47,59,3,1358.383322,2025-12-08 00:48:59,11896.0,,47,59,3,1496.078003,2025-12-08 00:49:59
