block,id,sensor_id,sensor_energy_value,sensor_timestamp,message_delay,,block,id,sensor_id,sensor_energy_value_prediction,sensor_timestamp
0,0,10,599.6,2025-12-08 00:00:00,70710.0,,0,0,10,872.588196,2025-12-08 00:01:00
0,1,10,610.8,2025-12-08 00:00:01,69697.0,,0,1,10,883.238892,2025-12-08 00:01:01
0,2,10,595.3,2025-12-08 00:00:02,68691.0,,0,2,10,896.280518,2025-12-08 00:01:02
0,3,10,595.3,2025-12-08 00:00:03,67689.0,,0,3,10,910.280151,2025-12-08 00:01:03
0,4,10,593.7,2025-12-08 00:00:04,66687.0,,0,4,10,924.407715,2025-12-08 00:01:04
0,5,10,595.2,2025-12-08 00:00:05,65684.0,,0,5,10,938.183411,2025-12-08 00:01:05
0,6,10,594.9,2025-12-08 00:00:06,64683.0,,0,6,10,951.343872,2025-12-08 00:01:06
0,7,10,594.4,2025-12-08 00:00:07,63681.0,,0,7,10,963.760559,2025-12-08 00:01:07
0,8,10,593.6,2025-12-08 00:00:08,62679.0,,0,8,10,975.38501,2025-12-08 00:01:08
0,9,10,600.2,2025-12-08 00:00:09,61677.0,,0,9,10,986.216614,2025-12-08 00:01:09
0,10,10,602.3,2025-12-08 00:00:10,60675.0,,0,10,10,996.281494,2025-12-08 00:01:10
0,11,10,594.8,2025-12-08 00:00:11,59673.0,,0,11,10,1005.619812,2025-12-08 00:01:11
0,12,10,594.7,2025-12-08 00:00:12,58671.0,,0,12,10,1014.278015,2025-12-08 00:01:12
0,13,10,593.1,2025-12-08 00:00:13,57670.0,,0,13,10,1022.304749,2025-12-08 00:01:13
0,14,10,595.3,2025-12-08 00:00:14,56668.0,,0,14,10,1029.747314,2025-12-08 00:01:14
0,15,10,593.7,2025-12-08 00:00:15,55666.0,,0,15,10,1036.650879,2025-12-08 00:01:15
0,16,10,594.5,2025-12-08 00:00:16,54664.0,,0,16,10,1043.05835,2025-12-08 00:01:16
0,17,10,594.6,2025-12-08 00:00:17,53662.0,,0,17,10,1049.008667,2025-12-08 00:01:17
0,18,10,596.1,2025-12-08 00:00:18,52660.0,,0,18,10,1054.538208,2025-12-08 00:01:18
0,19,10,608.9,2025-12-08 00:00:19,51658.0,,0,19,10,1059.679932,2025-12-08 00:01:19
0,20,10,597.9,2025-12-08 00:00:20,50656.0,,0,20,10,1064.4646,2025-12-08 00:01:20
0,21,10,601.4,2025-12-08 00:00:21,49654.0,,0,21,10,1068.9198,2025-12-08 00:01:21
0,22,10,595.0,2025-12-08 00:00:22,48653.0,,0,22,10,1073.071045,2025-12-08 00:01:22
0,23,10,595.6,2025-12-08 00:00:23,47651.0,,0,23,10,1076.941406,2025-12-08 00:01:23
0,24,10,595.7,2025-12-08 00:00:24,46650.0,,0,24,10,1080.55249,2025-12-08 00:01:24
0,25,10,590.8,2025-12-08 00:00:25,45649.0,,0,25,10,1083.92395,2025-12-08 00:01:25
0,26,10,593.2,2025-12-08 00:00:26,44646.0,,0,26,10,1087.073486,2025-12-08 00:01:26
0,27,10,613.7,2025-12-08 00:00:27,43643.0,,0,27,10,1090.0177,2025-12-08 00:01:27
0,28,10,595.1,2025-12-08 00:00:28,42642.0,,0,28,10,1092.771973,2025-12-08 00:01:28
0,29,10,594.1,2025-12-08 00:00:29,41640.0,,0,29,10,1095.349976,2025-12-08 00:01:29
0,30,10,591.4,2025-12-08 00:00:30,40638.0,,0,30,10,1097.764771,2025-12-08 00:01:30
0,31,10,590.4,2025-12-08 00:00:31,39636.0,,0,31,10,1100.028076,2025-12-08 00:01:31
0,32,10,595.3,2025-12-08 00:00:32,38633.0,,0,32,10,1102.150757,2025-12-08 00:01:32
0,33,10,727.1,2025-12-08 00:00:33,37632.0,,0,33,10,1104.143188,2025-12-08 00:01:33
0,34,10,697.3,2025-12-08 00:00:34,36629.0,,0,34,10,1106.014282,2025-12-08 00:01:34
0,35,10,703.6,2025-12-08 00:00:35,35627.0,,0,35,10,1107.772583,2025-12-08 00:01:35
0,36,10,696.7,2025-12-08 00:00:36,34625.0,,0,36,10,1109.42627,2025-12-08 00:01:36
0,37,10,604.4,2025-12-08 00:00:37,33623.0,,0,37,10,1110.9823,2025-12-08 00:01:37
0,38,10,692.7,2025-12-08 00:00:38,32619.0,,0,38,10,1112.447388,2025-12-08 00:01:38
0,39,10,750.3,2025-12-08 00:00:39,31616.0,,0,39,10,1113.827759,2025-12-08 00:01:39
0,40,10,708.5,2025-12-08 00:00:40,30614.0,,0,40,10,1115.129028,2025-12-08 00:01:40
0,41,10,710.8,2025-12-08 00:00:41,29611.0,,0,41,10,1116.356567,2025-12-08 00:01:41
0,42,10,709.5,2025-12-08 00:00:42,28610.0,,0,42,10,1117.515259,2025-12-08 00:01:42
0,43,10,699.3,2025-12-08 00:00:43,27608.0,,0,43,10,1118.609497,2025-12-08 00:01:43
0,44,10,697.1,2025-12-08 00:00:44,26607.0,,0,44,10,1119.643433,2025-12-08 00:01:44
0,45,10,694.5,2025-12-08 00:00:45,25601.0,,0,45,10,1120.620972,2025-12-08 00:01:45
0,46,10,699.0,2025-12-08 00:00:46,24597.0,,0,46,10,1121.54541,2025-12-08 00:01:46
0,47,10,695.6,2025-12-08 00:00:47,23594.0,,0,47,10,1122.420532,2025-12-08 00:01:47
0,48,10,699.2,2025-12-08 00:00:48,22590.0,,0,48,10,1123.249023,2025-12-08 00:01:48
0,49,10,695.9,2025-12-08 00:00:49,21587.0,,0,49,10,1124.033813,2025-12-08 00:01:49
0,50,10,697.5,2025-12-08 00:00:50,20585.0,,0,50,10,1124.777466,2025-12-08 00:01:50
0,51,10,701.1,2025-12-08 00:00:51,19583.0,,0,51,10,1125.482422,2025-12-08 00:01:51
0,52,10,700.3,2025-12-08 00:00:52,18581.0,,0,52,10,1126.151123,2025-12-08 00:01:52
0,53,10,696.4,2025-12-08 00:00:53,17579.0,,0,53,10,1126.785645,2025-12-08 00:01:53
0,54,10,696.5,2025-12-08 00:00:54,16576.0,,0,54,10,1127.387695,2025-12-08 00:01:54
0,55,10,699.2,2025-12-08 00:00:55,15574.0,,0,55,10,1127.959595,2025-12-08 00:01:55
0,56,10,698.3,2025-12-08 00:00:56,14572.0,,0,56,10,1128.502441,2025-12-08 00:01:56
0,57,10,699.4,2025-12-08 00:00:57,13570.0,,0,57,10,1129.018433,2025-12-08 00:01:57
0,58,10,698.7,2025-12-08 00:00:58,12568.0,,0,58,10,1129.508667,2025-12-08 00:01:58
0,59,10,698.8,2025-12-08 00:00:59,11565.0,,0,59,10,1129.974609,2025-12-08 00:01:59
1,0,10,1110.914286,2025-12-08 00:01:00,70208.0,,1,0,10,1169.021729,2025-12-08 00:02:00
1,1,10,1110.914286,2025-12-08 00:01:01,69206.0,,1,1,10,1168.808594,2025-12-08 00:02:01
1,2,10,1110.914286,2025-12-08 00:01:02,68204.0,,1,2,10,1168.360107,2025-12-08 00:02:02
1,3,10,1110.914286,2025-12-08 00:01:03,67203.0,,1,3,10,1167.685791,2025-12-08 00:02:03
1,4,10,701.0,2025-12-08 00:01:04,66201.0,,1,4,10,1166.877441,2025-12-08 00:02:04
1,5,10,926.4,2025-12-08 00:01:05,65199.0,,1,5,10,1165.99707,2025-12-08 00:02:05
1,6,10,1081.0,2025-12-08 00:01:06,64197.0,,1,6,10,1165.082886,2025-12-08 00:02:06
1,7,10,917.9,2025-12-08 00:01:07,63196.0,,1,7,10,1164.159546,2025-12-08 00:02:07
1,8,10,898.6,2025-12-08 00:01:08,62194.0,,1,8,10,1163.242188,2025-12-08 00:02:08
1,9,10,976.1,2025-12-08 00:01:09,61192.0,,1,9,10,1162.339722,2025-12-08 00:02:09
1,10,10,909.1,2025-12-08 00:01:10,60190.0,,1,10,10,1161.457031,2025-12-08 00:02:10
1,11,10,958.5,2025-12-08 00:01:11,59188.0,,1,11,10,1160.597656,2025-12-08 00:02:11
1,12,10,985.7,2025-12-08 00:01:12,58187.0,,1,12,10,1159.763306,2025-12-08 00:02:12
1,13,10,1010.5,2025-12-08 00:01:13,57185.0,,1,13,10,1158.953979,2025-12-08 00:02:13
1,14,10,1038.4,2025-12-08 00:01:14,56182.0,,1,14,10,1158.170776,2025-12-08 00:02:14
1,15,10,1062.7,2025-12-08 00:01:15,55181.0,,1,15,10,1157.413452,2025-12-08 00:02:15
1,16,10,1079.2,2025-12-08 00:01:16,54179.0,,1,16,10,1156.681763,2025-12-08 00:02:16
1,17,10,1100.0,2025-12-08 00:01:17,53177.0,,1,17,10,1155.97522,2025-12-08 00:02:17
1,18,10,1117.7,2025-12-08 00:01:18,52175.0,,1,18,10,1155.293945,2025-12-08 00:02:18
1,19,10,1131.6,2025-12-08 00:01:19,51166.0,,1,19,10,1154.636963,2025-12-08 00:02:19
1,20,10,1141.7,2025-12-08 00:01:20,50164.0,,1,20,10,1154.00415,2025-12-08 00:02:20
1,21,10,1144.7,2025-12-08 00:01:21,49162.0,,1,21,10,1153.394897,2025-12-08 00:02:21
1,22,10,1140.0,2025-12-08 00:01:22,48160.0,,1,22,10,1152.80896,2025-12-08 00:02:22
1,23,10,1147.0,2025-12-08 00:01:23,47158.0,,1,23,10,1152.245239,2025-12-08 00:02:23
1,24,10,1151.8,2025-12-08 00:01:24,46141.0,,1,24,10,1151.703491,2025-12-08 00:02:24
1,25,10,1147.7,2025-12-08 00:01:25,45139.0,,1,25,10,1151.183105,2025-12-08 00:02:25
1,26,10,1145.2,2025-12-08 00:01:26,44137.0,,1,26,10,1150.683228,2025-12-08 00:02:26
1,27,10,1151.2,2025-12-08 00:01:27,43136.0,,1,27,10,1150.203613,2025-12-08 00:02:27
1,28,10,1150.8,2025-12-08 00:01:28,42135.0,,1,28,10,1149.743164,2025-12-08 00:02:28
1,29,10,1153.0,2025-12-08 00:01:29,41131.0,,1,29,10,1149.301514,2025-12-08 00:02:29
1,30,10,1148.4,2025-12-08 00:01:30,40129.0,,1,30,10,1148.878052,2025-12-08 00:02:30
1,31,10,1145.4,2025-12-08 00:01:31,39127.0,,1,31,10,1148.472046,2025-12-08 00:02:31
1,32,10,1145.5,2025-12-08 00:01:32,38125.0,,1,32,10,1148.082886,2025-12-08 00:02:32
1,33,10,1146.1,2025-12-08 00:01:33,37124.0,,1,33,10,1147.709839,2025-12-08 00:02:33
1,34,10,1148.1,2025-12-08 00:01:34,36122.0,,1,34,10,1147.352539,2025-12-08 00:02:34
1,35,10,1149.2,2025-12-08 00:01:35,35121.0,,1,35,10,1147.010254,2025-12-08 00:02:35
1,36,10,1150.9,2025-12-08 00:01:36,34119.0,,1,36,10,1146.682251,2025-12-08 00:02:36
1,37,10,1143.0,2025-12-08 00:01:37,33117.0,,1,37,10,1146.368042,2025-12-08 00:02:37
1,38,10,1143.8,2025-12-08 00:01:38,32115.0,,1,38,10,1146.067261,2025-12-08 00:02:38
1,39,10,1148.7,2025-12-08 00:01:39,31112.0,,1,39,10,1145.779175,2025-12-08 00:02:39
1,40,10,1149.9,2025-12-08 00:01:40,30109.0,,1,40,10,1145.503296,2025-12-08 00:02:40
1,41,10,1149.9,2025-12-08 00:01:41,29108.0,,1,41,10,1145.239136,2025-12-08 00:02:41
1,42,10,1155.7,2025-12-08 00:01:42,28106.0,,1,42,10,1144.986328,2025-12-08 00:02:42
1,43,10,1159.2,2025-12-08 00:01:43,27105.0,,1,43,10,1144.744141,2025-12-08 00:02:43
1,44,10,1157.6,2025-12-08 00:01:44,26103.0,,1,44,10,1144.512451,2025-12-08 00:02:44
1,45,10,1166.0,2025-12-08 00:01:45,25100.0,,1,45,10,1144.290649,2025-12-08 00:02:45
1,46,10,1167.9,2025-12-08 00:01:46,24093.0,,1,46,10,1144.078369,2025-12-08 00:02:46
1,47,10,1166.5,2025-12-08 00:01:47,23092.0,,1,47,10,1143.874878,2025-12-08 00:02:47
1,48,10,1169.9,2025-12-08 00:01:48,22089.0,,1,48,10,1143.680542,2025-12-08 00:02:48
1,49,10,1167.9,2025-12-08 00:01:49,21088.0,,1,49,10,1143.494385,2025-12-08 00:02:49
1,50,10,1169.7,2025-12-08 00:01:50,20084.0,,1,50,10,1143.316284,2025-12-08 00:02:50
1,51,10,1174.2,2025-12-08 00:01:51,19083.0,,1,51,10,1143.145874,2025-12-08 00:02:51
1,52,10,1174.1,2025-12-08 00:01:52,18081.0,,1,52,10,1142.98291,2025-12-08 00:02:52
1,53,10,1171.6,2025-12-08 00:01:53,17080.0,,1,53,10,1142.826782,2025-12-08 00:02:53
1,54,10,1174.6,2025-12-08 00:01:54,16078.0,,1,54,10,1142.67749,2025-12-08 00:02:54
1,55,10,1173.1,2025-12-08 00:01:55,15077.0,,1,55,10,1142.534668,2025-12-08 00:02:55
1,56,10,1173.5,2025-12-08 00:01:56,14075.0,,1,56,10,1142.398193,2025-12-08 00:02:56
1,57,10,1179.1,2025-12-08 00:01:57,13074.0,,1,57,10,1142.267456,2025-12-08 00:02:57
1,58,10,1177.1,2025-12-08 00:01:58,12072.0,,1,58,10,1142.142456,2025-12-08 00:02:58
1,59,10,1197.1,2025-12-08 00:01:59,11071.0,,1,59,10,1142.023071,2025-12-08 00:02:59
2,0,10,1179.1,2025-12-08 00:02:00,70234.0,,2,0,10,1164.225098,2025-12-08 00:03:00
2,1,10,1172.2,2025-12-08 00:02:01,69232.0,,2,1,10,1163.70166,2025-12-08 00:03:01
2,2,10,1170.8,2025-12-08 00:02:02,68230.0,,2,2,10,1163.071289,2025-12-08 00:03:02
2,3,10,1171.8,2025-12-08 00:02:03,67229.0,,2,3,10,1162.345581,2025-12-08 00:03:03
2,4,10,1171.3,2025-12-08 00:02:04,66227.0,,2,4,10,1161.569458,2025-12-08 00:03:04
2,5,10,1170.7,2025-12-08 00:02:05,65224.0,,2,5,10,1160.772705,2025-12-08 00:03:05
2,6,10,1172.9,2025-12-08 00:02:06,64222.0,,2,6,10,1159.973633,2025-12-08 00:03:06
2,7,10,1176.5,2025-12-08 00:02:07,63220.0,,2,7,10,1159.184204,2025-12-08 00:03:07
2,8,10,1168.7,2025-12-08 00:02:08,62218.0,,2,8,10,1158.410767,2025-12-08 00:03:08
2,9,10,1167.4,2025-12-08 00:02:09,61216.0,,2,9,10,1157.657715,2025-12-08 00:03:09
2,10,10,1170.3,2025-12-08 00:02:10,60215.0,,2,10,10,1156.927002,2025-12-08 00:03:10
2,11,10,1166.6,2025-12-08 00:02:11,59214.0,,2,11,10,1156.219727,2025-12-08 00:03:11
2,12,10,1171.5,2025-12-08 00:02:12,58213.0,,2,12,10,1155.536255,2025-12-08 00:03:12
2,13,10,1167.8,2025-12-08 00:02:13,57212.0,,2,13,10,1154.876465,2025-12-08 00:03:13
2,14,10,1168.8,2025-12-08 00:02:14,56210.0,,2,14,10,1154.240234,2025-12-08 00:03:14
2,15,10,1188.2,2025-12-08 00:02:15,55209.0,,2,15,10,1153.627197,2025-12-08 00:03:15
2,16,10,1167.6,2025-12-08 00:02:16,54207.0,,2,16,10,1153.036743,2025-12-08 00:03:16
2,17,10,1171.8,2025-12-08 00:02:17,53205.0,,2,17,10,1152.468262,2025-12-08 00:03:17
2,18,10,1172.5,2025-12-08 00:02:18,52201.0,,2,18,10,1151.921509,2025-12-08 00:03:18
2,19,10,1177.3,2025-12-08 00:02:19,51199.0,,2,19,10,1151.39563,2025-12-08 00:03:19
2,20,10,1177.5,2025-12-08 00:02:20,50197.0,,2,20,10,1150.890259,2025-12-08 00:03:20
2,21,10,1180.7,2025-12-08 00:02:21,49193.0,,2,21,10,1150.404419,2025-12-08 00:03:21
2,22,10,1174.7,2025-12-08 00:02:22,48191.0,,2,22,10,1149.937988,2025-12-08 00:03:22
2,23,10,1174.9,2025-12-08 00:02:23,47186.0,,2,23,10,1149.490112,2025-12-08 00:03:23
2,24,10,1178.8,2025-12-08 00:02:24,46182.0,,2,24,10,1149.060181,2025-12-08 00:03:24
2,25,10,1171.3,2025-12-08 00:02:25,45179.0,,2,25,10,1148.647583,2025-12-08 00:03:25
2,26,10,1171.4,2025-12-08 00:02:26,44176.0,,2,26,10,1148.251953,2025-12-08 00:03:26
2,27,10,1176.4,2025-12-08 00:02:27,43156.0,,2,27,10,1147.872437,2025-12-08 00:03:27
2,28,10,1175.2,2025-12-08 00:02:28,42153.0,,2,28,10,1147.508667,2025-12-08 00:03:28
2,29,10,1176.9,2025-12-08 00:02:29,41152.0,,2,29,10,1147.160034,2025-12-08 00:03:29
2,30,10,1174.4,2025-12-08 00:02:30,40150.0,,2,30,10,1146.825928,2025-12-08 00:03:30
2,31,10,1168.6,2025-12-08 00:02:31,39147.0,,2,31,10,1146.505859,2025-12-08 00:03:31
2,32,10,1169.6,2025-12-08 00:02:32,38145.0,,2,32,10,1146.199219,2025-12-08 00:03:32
2,33,10,1174.0,2025-12-08 00:02:33,37110.0,,2,33,10,1145.905273,2025-12-08 00:03:33
2,34,10,1170.5,2025-12-08 00:02:34,36072.0,,2,34,10,1145.624023,2025-12-08 00:03:34
2,35,10,1171.8,2025-12-08 00:02:35,35056.0,,2,35,10,1145.354736,2025-12-08 00:03:35
2,36,10,1170.9,2025-12-08 00:02:36,34052.0,,2,36,10,1145.096558,2025-12-08 00:03:36
2,37,10,1169.2,2025-12-08 00:02:37,33050.0,,2,37,10,1144.849731,2025-12-08 00:03:37
2,38,10,1171.1,2025-12-08 00:02:38,32047.0,,2,38,10,1144.613403,2025-12-08 00:03:38
2,39,10,1173.3,2025-12-08 00:02:39,31045.0,,2,39,10,1144.387085,2025-12-08 00:03:39
2,40,10,1172.9,2025-12-08 00:02:40,30044.0,,2,40,10,1144.170532,2025-12-08 00:03:40
2,41,10,1177.5,2025-12-08 00:02:41,28937.0,,2,41,10,1143.963257,2025-12-08 00:03:41
2,42,10,1169.7,2025-12-08 00:02:42,27836.0,,2,42,10,1143.764893,2025-12-08 00:03:42
2,43,10,1166.1,2025-12-08 00:02:43,26749.0,,2,43,10,1143.575073,2025-12-08 00:03:43
2,44,10,1171.0,2025-12-08 00:02:44,25523.0,,2,44,10,1143.393433,2025-12-08 00:03:44
2,45,10,1169.3,2025-12-08 00:02:45,24500.0,,2,45,10,1143.219727,2025-12-08 00:03:45
2,46,10,1172.8,2025-12-08 00:02:46,23498.0,,2,46,10,1143.053467,2025-12-08 00:03:46
2,47,10,1174.3,2025-12-08 00:02:47,22453.0,,2,47,10,1142.894287,2025-12-08 00:03:47
2,48,10,1169.5,2025-12-08 00:02:48,21449.0,,2,48,10,1142.742065,2025-12-08 00:03:48
2,49,10,1168.6,2025-12-08 00:02:49,20445.0,,2,49,10,1142.596558,2025-12-08 00:03:49
2,50,10,1169.2,2025-12-08 00:02:50,19439.0,,2,50,10,1142.457275,2025-12-08 00:03:50
2,51,10,1172.9,2025-12-08 00:02:51,18437.0,,2,51,10,1142.323975,2025-12-08 00:03:51
2,52,10,1169.6,2025-12-08 00:02:52,17431.0,,2,52,10,1142.196533,2025-12-08 00:03:52
2,53,10,1169.1,2025-12-08 00:02:53,16430.0,,2,53,10,1142.074829,2025-12-08 00:03:53
2,54,10,1165.1,2025-12-08 00:02:54,15382.0,,2,54,10,1141.958252,2025-12-08 00:03:54
2,55,10,1169.0,2025-12-08 00:02:55,14381.0,,2,55,10,1141.846802,2025-12-08 00:03:55
2,56,10,1169.0,2025-12-08 00:02:56,13378.0,,2,56,10,1141.740234,2025-12-08 00:03:56
2,57,10,1173.6,2025-12-08 00:02:57,12376.0,,2,57,10,1141.638184,2025-12-08 00:03:57
2,58,10,1169.1,2025-12-08 00:02:58,11374.0,,2,58,10,1141.540649,2025-12-08 00:03:58
2,59,10,1177.4,2025-12-08 00:02:59,10370.0,,2,59,10,1141.44751,2025-12-08 00:03:59
3,0,10,1171.2,2025-12-08 00:03:00,69100.0,,3,0,10,1281.458618,2025-12-08 00:04:00
3,1,10,1173.9,2025-12-08 00:03:01,68099.0,,3,1,10,1280.769775,2025-12-08 00:04:01
3,2,10,1171.9,2025-12-08 00:03:02,67095.0,,3,2,10,1279.224609,2025-12-08 00:04:02
3,3,10,1169.8,2025-12-08 00:03:03,66093.0,,3,3,10,1276.948608,2025-12-08 00:04:03
3,4,10,1185.8,2025-12-08 00:03:04,65090.0,,3,4,10,1274.223389,2025-12-08 00:04:04
3,5,10,1170.1,2025-12-08 00:03:05,64087.0,,3,5,10,1271.238159,2025-12-08 00:04:05
3,6,10,1191.2,2025-12-08 00:03:06,63082.0,,3,6,10,1268.113159,2025-12-08 00:04:06
3,7,10,1166.4,2025-12-08 00:03:07,62077.0,,3,7,10,1264.922363,2025-12-08 00:04:07
3,8,10,1164.3,2025-12-08 00:03:08,61072.0,,3,8,10,1261.71167,2025-12-08 00:04:08
3,9,10,1175.5,2025-12-08 00:03:09,60067.0,,3,9,10,1258.508179,2025-12-08 00:04:09
3,10,10,1172.3,2025-12-08 00:03:10,59062.0,,3,10,10,1255.328491,2025-12-08 00:04:10
3,11,10,1168.3,2025-12-08 00:03:11,58050.0,,3,11,10,1252.182007,2025-12-08 00:04:11
3,12,10,1171.6,2025-12-08 00:03:12,57040.0,,3,12,10,1249.074585,2025-12-08 00:04:12
3,13,10,1167.8,2025-12-08 00:03:13,56039.0,,3,13,10,1246.009888,2025-12-08 00:04:13
3,14,10,1169.1,2025-12-08 00:03:14,55037.0,,3,14,10,1242.989746,2025-12-08 00:04:14
3,15,10,1179.5,2025-12-08 00:03:15,54036.0,,3,15,10,1240.015747,2025-12-08 00:04:15
3,16,10,1165.1,2025-12-08 00:03:16,53035.0,,3,16,10,1237.089111,2025-12-08 00:04:16
3,17,10,1167.3,2025-12-08 00:03:17,52033.0,,3,17,10,1234.21106,2025-12-08 00:04:17
3,18,10,1171.7,2025-12-08 00:03:18,51031.0,,3,18,10,1231.382202,2025-12-08 00:04:18
3,19,10,1173.7,2025-12-08 00:03:19,50030.0,,3,19,10,1228.603638,2025-12-08 00:04:19
3,20,10,1171.5,2025-12-08 00:03:20,49028.0,,3,20,10,1225.876099,2025-12-08 00:04:20
3,21,10,1175.9,2025-12-08 00:03:21,48027.0,,3,21,10,1223.200562,2025-12-08 00:04:21
3,22,10,1174.3,2025-12-08 00:03:22,47026.0,,3,22,10,1220.577515,2025-12-08 00:04:22
3,23,10,1180.4,2025-12-08 00:03:23,46024.0,,3,23,10,1218.007812,2025-12-08 00:04:23
3,24,10,1183.8,2025-12-08 00:03:24,45022.0,,3,24,10,1215.491821,2025-12-08 00:04:24
3,25,10,1163.9,2025-12-08 00:03:25,44021.0,,3,25,10,1213.030396,2025-12-08 00:04:25
3,26,10,1170.2,2025-12-08 00:03:26,43019.0,,3,26,10,1210.623413,2025-12-08 00:04:26
3,27,10,1207.2,2025-12-08 00:03:27,42018.0,,3,27,10,1208.271484,2025-12-08 00:04:27
3,28,10,1300.8,2025-12-08 00:03:28,41017.0,,3,28,10,1205.974365,2025-12-08 00:04:28
3,29,10,1277.4,2025-12-08 00:03:29,40015.0,,3,29,10,1203.731689,2025-12-08 00:04:29
3,30,10,1277.1,2025-12-08 00:03:30,39014.0,,3,30,10,1201.5448,2025-12-08 00:04:30
3,31,10,1277.2,2025-12-08 00:03:31,38012.0,,3,31,10,1199.412964,2025-12-08 00:04:31
3,32,10,1277.5,2025-12-08 00:03:32,37009.0,,3,32,10,1197.33606,2025-12-08 00:04:32
3,33,10,1280.9,2025-12-08 00:03:33,36007.0,,3,33,10,1195.314087,2025-12-08 00:04:33
3,34,10,1285.2,2025-12-08 00:03:34,35005.0,,3,34,10,1193.346191,2025-12-08 00:04:34
3,35,10,1290.8,2025-12-08 00:03:35,34004.0,,3,35,10,1191.432129,2025-12-08 00:04:35
3,36,10,1266.7,2025-12-08 00:03:36,33002.0,,3,36,10,1189.571411,2025-12-08 00:04:36
3,37,10,1279.2,2025-12-08 00:03:37,32000.0,,3,37,10,1187.763794,2025-12-08 00:04:37
3,38,10,1278.3,2025-12-08 00:03:38,30996.0,,3,38,10,1186.008057,2025-12-08 00:04:38
3,39,10,1280.6,2025-12-08 00:03:39,29994.0,,3,39,10,1184.303833,2025-12-08 00:04:39
3,40,10,1281.1,2025-12-08 00:03:40,28993.0,,3,40,10,1182.650269,2025-12-08 00:04:40
3,41,10,1274.5,2025-12-08 00:03:41,27991.0,,3,41,10,1181.046753,2025-12-08 00:04:41
3,42,10,1282.2,2025-12-08 00:03:42,26989.0,,3,42,10,1179.492432,2025-12-08 00:04:42
3,43,10,1273.4,2025-12-08 00:03:43,25987.0,,3,43,10,1177.986328,2025-12-08 00:04:43
3,44,10,1279.1,2025-12-08 00:03:44,24985.0,,3,44,10,1176.527832,2025-12-08 00:04:44
3,45,10,1276.6,2025-12-08 00:03:45,23984.0,,3,45,10,1175.115723,2025-12-08 00:04:45
3,46,10,1276.0,2025-12-08 00:03:46,22982.0,,3,46,10,1173.749512,2025-12-08 00:04:46
3,47,10,1275.1,2025-12-08 00:03:47,21981.0,,3,47,10,1172.427734,2025-12-08 00:04:47
3,48,10,1276.3,2025-12-08 00:03:48,20975.0,,3,48,10,1171.149902,2025-12-08 00:04:48
3,49,10,1274.8,2025-12-08 00:03:49,19974.0,,3,49,10,1169.914917,2025-12-08 00:04:49
3,50,10,1274.6,2025-12-08 00:03:50,18972.0,,3,50,10,1168.72168,2025-12-08 00:04:50
3,51,10,1277.9,2025-12-08 00:03:51,17971.0,,3,51,10,1167.569214,2025-12-08 00:04:51
3,52,10,1282.4,2025-12-08 00:03:52,16970.0,,3,52,10,1166.456787,2025-12-08 00:04:52
3,53,10,1286.4,2025-12-08 00:03:53,15969.0,,3,53,10,1165.382935,2025-12-08 00:04:53
3,54,10,1283.3,2025-12-08 00:03:54,14968.0,,3,54,10,1164.347046,2025-12-08 00:04:54
3,55,10,1276.1,2025-12-08 00:03:55,13967.0,,3,55,10,1163.348022,2025-12-08 00:04:55
3,56,10,1305.4,2025-12-08 00:03:56,12966.0,,3,56,10,1162.385132,2025-12-08 00:04:56
3,57,10,1347.6,2025-12-08 00:03:57,11965.0,,3,57,10,1161.456787,2025-12-08 00:04:57
3,58,10,1338.7,2025-12-08 00:03:58,10961.0,,3,58,10,1160.562256,2025-12-08 00:04:58
3,59,10,1337.0,2025-12-08 00:03:59,9959.0,,3,59,10,1159.700806,2025-12-08 00:04:59
4,0,10,1347.4,2025-12-08 00:04:00,69054.0,,4,0,10,1400.274902,2025-12-08 00:05:00
4,1,10,1347.4,2025-12-08 00:04:01,68052.0,,4,1,10,1397.935425,2025-12-08 00:05:01
4,2,10,1337.7,2025-12-08 00:04:02,67051.0,,4,2,10,1395.316162,2025-12-08 00:05:02
4,3,10,1339.2,2025-12-08 00:04:03,66049.0,,4,3,10,1392.464355,2025-12-08 00:05:03
4,4,10,1341.2,2025-12-08 00:04:04,65048.0,,4,4,10,1389.460449,2025-12-08 00:05:04
4,5,10,1343.6,2025-12-08 00:04:05,64046.0,,4,5,10,1386.358765,2025-12-08 00:05:05
4,6,10,1351.0,2025-12-08 00:04:06,63045.0,,4,6,10,1383.193726,2025-12-08 00:05:06
4,7,10,1340.2,2025-12-08 00:04:07,62043.0,,4,7,10,1379.985718,2025-12-08 00:05:07
4,8,10,1346.8,2025-12-08 00:04:08,61041.0,,4,8,10,1376.747559,2025-12-08 00:05:08
4,9,10,1344.9,2025-12-08 00:04:09,60039.0,,4,9,10,1373.485229,2025-12-08 00:05:09
4,10,10,1343.8,2025-12-08 00:04:10,59038.0,,4,10,10,1370.203857,2025-12-08 00:05:10
4,11,10,1341.1,2025-12-08 00:04:11,58036.0,,4,11,10,1366.905273,2025-12-08 00:05:11
4,12,10,1347.9,2025-12-08 00:04:12,57035.0,,4,12,10,1363.59082,2025-12-08 00:05:12
4,13,10,1334.4,2025-12-08 00:04:13,56033.0,,4,13,10,1360.261353,2025-12-08 00:05:13
4,14,10,1332.2,2025-12-08 00:04:14,55032.0,,4,14,10,1356.917725,2025-12-08 00:05:14
4,15,10,1342.3,2025-12-08 00:04:15,54030.0,,4,15,10,1353.560669,2025-12-08 00:05:15
4,16,10,1348.0,2025-12-08 00:04:16,53027.0,,4,16,10,1350.190308,2025-12-08 00:05:16
4,17,10,1339.5,2025-12-08 00:04:17,52025.0,,4,17,10,1346.807617,2025-12-08 00:05:17
4,18,10,1338.1,2025-12-08 00:04:18,51024.0,,4,18,10,1343.414185,2025-12-08 00:05:18
4,19,10,1344.6,2025-12-08 00:04:19,50022.0,,4,19,10,1340.010132,2025-12-08 00:05:19
4,20,10,1346.1,2025-12-08 00:04:20,49012.0,,4,20,10,1336.597168,2025-12-08 00:05:20
4,21,10,1345.6,2025-12-08 00:04:21,48011.0,,4,21,10,1333.17627,2025-12-08 00:05:21
4,22,10,1348.8,2025-12-08 00:04:22,47010.0,,4,22,10,1329.748657,2025-12-08 00:05:22
4,23,10,1333.7,2025-12-08 00:04:23,46009.0,,4,23,10,1326.315796,2025-12-08 00:05:23
4,24,10,1336.8,2025-12-08 00:04:24,45008.0,,4,24,10,1322.879517,2025-12-08 00:05:24
4,25,10,1346.8,2025-12-08 00:04:25,44007.0,,4,25,10,1319.441162,2025-12-08 00:05:25
4,26,10,1340.7,2025-12-08 00:04:26,43005.0,,4,26,10,1316.001465,2025-12-08 00:05:26
4,27,10,1345.4,2025-12-08 00:04:27,42004.0,,4,27,10,1312.562988,2025-12-08 00:05:27
4,28,10,1346.4,2025-12-08 00:04:28,41001.0,,4,28,10,1309.127075,2025-12-08 00:05:28
4,29,10,1355.5,2025-12-08 00:04:29,40000.0,,4,29,10,1305.695679,2025-12-08 00:05:29
4,30,10,1339.8,2025-12-08 00:04:30,38997.0,,4,30,10,1302.270142,2025-12-08 00:05:30
4,31,10,1335.1,2025-12-08 00:04:31,37995.0,,4,31,10,1298.852783,2025-12-08 00:05:31
4,32,10,1350.0,2025-12-08 00:04:32,36991.0,,4,32,10,1295.445557,2025-12-08 00:05:32
4,33,10,1336.3,2025-12-08 00:04:33,35981.0,,4,33,10,1292.049561,2025-12-08 00:05:33
4,34,10,1336.4,2025-12-08 00:04:34,34979.0,,4,34,10,1288.66748,2025-12-08 00:05:34
4,35,10,1330.8,2025-12-08 00:04:35,33975.0,,4,35,10,1285.300781,2025-12-08 00:05:35
4,36,10,1353.1,2025-12-08 00:04:36,32972.0,,4,36,10,1281.951904,2025-12-08 00:05:36
4,37,10,1419.4,2025-12-08 00:04:37,31971.0,,4,37,10,1278.621582,2025-12-08 00:05:37
4,38,10,1417.6,2025-12-08 00:04:38,30969.0,,4,38,10,1275.311035,2025-12-08 00:05:38
4,39,10,1417.7,2025-12-08 00:04:39,29966.0,,4,39,10,1272.024658,2025-12-08 00:05:39
4,40,10,1419.5,2025-12-08 00:04:40,28965.0,,4,40,10,1268.764038,2025-12-08 00:05:40
4,41,10,1425.4,2025-12-08 00:04:41,27960.0,,4,41,10,1265.53125,2025-12-08 00:05:41
4,42,10,1422.1,2025-12-08 00:04:42,26956.0,,4,42,10,1262.327881,2025-12-08 00:05:42
4,43,10,1421.4,2025-12-08 00:04:43,25954.0,,4,43,10,1259.156128,2025-12-08 00:05:43
4,44,10,1423.2,2025-12-08 00:04:44,24952.0,,4,44,10,1256.0177,2025-12-08 00:05:44
4,45,10,1425.5,2025-12-08 00:04:45,23950.0,,4,45,10,1252.914551,2025-12-08 00:05:45
4,46,10,1425.0,2025-12-08 00:04:46,22947.0,,4,46,10,1249.848022,2025-12-08 00:05:46
4,47,10,1423.2,2025-12-08 00:04:47,21920.0,,4,47,10,1246.820312,2025-12-08 00:05:47
4,48,10,1425.8,2025-12-08 00:04:48,20918.0,,4,48,10,1243.832764,2025-12-08 00:05:48
4,49,10,1422.6,2025-12-08 00:04:49,19917.0,,4,49,10,1240.886719,2025-12-08 00:05:49
4,50,10,1429.2,2025-12-08 00:04:50,18910.0,,4,50,10,1237.983887,2025-12-08 00:05:50
4,51,10,1429.3,2025-12-08 00:04:51,17903.0,,4,51,10,1235.125366,2025-12-08 00:05:51
4,52,10,1428.0,2025-12-08 00:04:52,16902.0,,4,52,10,1232.3125,2025-12-08 00:05:52
4,53,10,1420.6,2025-12-08 00:04:53,15901.0,,4,53,10,1229.546753,2025-12-08 00:05:53
4,54,10,1416.6,2025-12-08 00:04:54,14900.0,,4,54,10,1226.828979,2025-12-08 00:05:54
4,55,10,1415.9,2025-12-08 00:04:55,13898.0,,4,55,10,1224.1604,2025-12-08 00:05:55
4,56,10,1416.2,2025-12-08 00:04:56,12896.0,,4,56,10,1221.541504,2025-12-08 00:05:56
4,57,10,1423.6,2025-12-08 00:04:57,11894.0,,4,57,10,1218.973389,2025-12-08 00:05:57
4,58,10,1420.8,2025-12-08 00:04:58,10892.0,,4,58,10,1216.456543,2025-12-08 00:05:58
4,59,10,1418.0,2025-12-08 00:04:59,9890.0,,4,59,10,1213.991455,2025-12-08 00:05:59
5,0,10,1419.6,2025-12-08 00:05:00,68976.0,,5,0,10,1558.721558,2025-12-08 00:06:00
5,1,10,1423.3,2025-12-08 00:05:01,67973.0,,5,1,10,1558.897827,2025-12-08 00:06:01
5,2,10,1418.2,2025-12-08 00:05:02,66971.0,,5,2,10,1559.078369,2025-12-08 00:06:02
5,3,10,1420.7,2025-12-08 00:05:03,65968.0,,5,3,10,1559.275146,2025-12-08 00:06:03
5,4,10,1421.0,2025-12-08 00:05:04,64967.0,,5,4,10,1559.489014,2025-12-08 00:06:04
5,5,10,1419.3,2025-12-08 00:05:05,63965.0,,5,5,10,1559.719604,2025-12-08 00:06:05
5,6,10,1425.3,2025-12-08 00:05:06,62964.0,,5,6,10,1559.966675,2025-12-08 00:06:06
5,7,10,1433.0,2025-12-08 00:05:07,61961.0,,5,7,10,1560.229004,2025-12-08 00:06:07
5,8,10,1417.4,2025-12-08 00:05:08,60959.0,,5,8,10,1560.505981,2025-12-08 00:06:08
5,9,10,1426.6,2025-12-08 00:05:09,59957.0,,5,9,10,1560.798462,2025-12-08 00:06:09
5,10,10,1437.7,2025-12-08 00:05:10,58949.0,,5,10,10,1561.10437,2025-12-08 00:06:10
5,11,10,1418.0,2025-12-08 00:05:11,57947.0,,5,11,10,1561.423828,2025-12-08 00:06:11
5,12,10,1418.7,2025-12-08 00:05:12,56945.0,,5,12,10,1561.757812,2025-12-08 00:06:12
5,13,10,1418.7,2025-12-08 00:05:13,55943.0,,5,13,10,1562.104492,2025-12-08 00:06:13
5,14,10,1419.6,2025-12-08 00:05:14,54941.0,,5,14,10,1562.464478,2025-12-08 00:06:14
5,15,10,1424.2,2025-12-08 00:05:15,53939.0,,5,15,10,1562.837036,2025-12-08 00:06:15
5,16,10,1426.9,2025-12-08 00:05:16,52937.0,,5,16,10,1563.22168,2025-12-08 00:06:16
5,17,10,1426.4,2025-12-08 00:05:17,51934.0,,5,17,10,1563.618408,2025-12-08 00:06:17
5,18,10,1421.5,2025-12-08 00:05:18,50933.0,,5,18,10,1564.027588,2025-12-08 00:06:18
5,19,10,1428.6,2025-12-08 00:05:19,49930.0,,5,19,10,1564.448975,2025-12-08 00:06:19
5,20,10,1428.6,2025-12-08 00:05:20,48929.0,,5,20,10,1564.881714,2025-12-08 00:06:20
5,21,10,1429.4,2025-12-08 00:05:21,47926.0,,5,21,10,1565.326172,2025-12-08 00:06:21
5,22,10,1426.4,2025-12-08 00:05:22,46923.0,,5,22,10,1565.781982,2025-12-08 00:06:22
5,23,10,1422.6,2025-12-08 00:05:23,45921.0,,5,23,10,1566.249512,2025-12-08 00:06:23
5,24,10,1423.5,2025-12-08 00:05:24,44918.0,,5,24,10,1566.728394,2025-12-08 00:06:24
5,25,10,1421.9,2025-12-08 00:05:25,43917.0,,5,25,10,1567.218262,2025-12-08 00:06:25
5,26,10,1486.5,2025-12-08 00:05:26,42915.0,,5,26,10,1567.719604,2025-12-08 00:06:26
5,27,10,1541.7,2025-12-08 00:05:27,41907.0,,5,27,10,1568.227661,2025-12-08 00:06:27
5,28,10,1561.5,2025-12-08 00:05:28,40903.0,,5,28,10,1568.744019,2025-12-08 00:06:28
5,29,10,1550.5,2025-12-08 00:05:29,39901.0,,5,29,10,1569.271729,2025-12-08 00:06:29
5,30,10,1558.5,2025-12-08 00:05:30,38899.0,,5,30,10,1569.813477,2025-12-08 00:06:30
5,31,10,1578.8,2025-12-08 00:05:31,37893.0,,5,31,10,1570.368286,2025-12-08 00:06:31
5,32,10,1561.6,2025-12-08 00:05:32,36886.0,,5,32,10,1570.935425,2025-12-08 00:06:32
5,33,10,1575.6,2025-12-08 00:05:33,35884.0,,5,33,10,1571.518188,2025-12-08 00:06:33
5,34,10,1555.6,2025-12-08 00:05:34,34880.0,,5,34,10,1572.114746,2025-12-08 00:06:34
5,35,10,1558.7,2025-12-08 00:05:35,33877.0,,5,35,10,1572.727905,2025-12-08 00:06:35
5,36,10,1559.3,2025-12-08 00:05:36,32868.0,,5,36,10,1573.356201,2025-12-08 00:06:36
5,37,10,1559.2,2025-12-08 00:05:37,31865.0,,5,37,10,1574.000244,2025-12-08 00:06:37
5,38,10,1554.4,2025-12-08 00:05:38,30864.0,,5,38,10,1574.660522,2025-12-08 00:06:38
5,39,10,1557.6,2025-12-08 00:05:39,29848.0,,5,39,10,1575.338379,2025-12-08 00:06:39
5,40,10,1560.4,2025-12-08 00:05:40,28837.0,,5,40,10,1576.032837,2025-12-08 00:06:40
5,41,10,1558.5,2025-12-08 00:05:41,27835.0,,5,41,10,1576.744873,2025-12-08 00:06:41
5,42,10,1558.1,2025-12-08 00:05:42,26789.0,,5,42,10,1577.475464,2025-12-08 00:06:42
5,43,10,1560.9,2025-12-08 00:05:43,25788.0,,5,43,10,1578.224487,2025-12-08 00:06:43
5,44,10,1556.0,2025-12-08 00:05:44,24786.0,,5,44,10,1578.99292,2025-12-08 00:06:44
5,45,10,1558.1,2025-12-08 00:05:45,23783.0,,5,45,10,1579.781372,2025-12-08 00:06:45
5,46,10,1564.1,2025-12-08 00:05:46,22688.0,,5,46,10,1580.590088,2025-12-08 00:06:46
5,47,10,1553.0,2025-12-08 00:05:47,21679.0,,5,47,10,1581.419067,2025-12-08 00:06:47
5,48,10,1559.9,2025-12-08 00:05:48,20671.0,,5,48,10,1582.27063,2025-12-08 00:06:48
5,49,10,1559.2,2025-12-08 00:05:49,19669.0,,5,49,10,1583.143677,2025-12-08 00:06:49
5,50,10,1561.0,2025-12-08 00:05:50,18665.0,,5,50,10,1584.039429,2025-12-08 00:06:50
5,51,10,1558.9,2025-12-08 00:05:51,17614.0,,5,51,10,1584.958252,2025-12-08 00:06:51
5,52,10,1558.9,2025-12-08 00:05:52,16572.0,,5,52,10,1585.901245,2025-12-08 00:06:52
5,53,10,1556.0,2025-12-08 00:05:53,15568.0,,5,53,10,1586.869019,2025-12-08 00:06:53
5,54,10,1561.9,2025-12-08 00:05:54,14560.0,,5,54,10,1587.862183,2025-12-08 00:06:54
5,55,10,1556.5,2025-12-08 00:05:55,13558.0,,5,55,10,1588.880981,2025-12-08 00:06:55
5,56,10,1556.9,2025-12-08 00:05:56,12547.0,,5,56,10,1589.92688,2025-12-08 00:06:56
5,57,10,1562.3,2025-12-08 00:05:57,11396.0,,5,57,10,1591.000122,2025-12-08 00:06:57
5,58,10,1559.5,2025-12-08 00:05:58,10354.0,,5,58,10,1592.101318,2025-12-08 00:06:58
5,59,10,1556.2,2025-12-08 00:05:59,9318.0,,5,59,10,1593.231445,2025-12-08 00:06:59
6,0,10,1565.2,2025-12-08 00:06:00,68253.0,,6,0,10,1565.277344,2025-12-08 00:07:00
6,1,10,1562.2,2025-12-08 00:06:01,67251.0,,6,1,10,1565.675659,2025-12-08 00:07:01
6,2,10,1565.4,2025-12-08 00:06:02,66247.0,,6,2,10,1566.087769,2025-12-08 00:07:02
6,3,10,1561.2,2025-12-08 00:06:03,65243.0,,6,3,10,1566.528198,2025-12-08 00:07:03
6,4,10,1557.8,2025-12-08 00:06:04,64234.0,,6,4,10,1566.99292,2025-12-08 00:07:04
6,5,10,1560.2,2025-12-08 00:06:05,63222.0,,6,5,10,1567.477173,2025-12-08 00:07:05
6,6,10,1560.8,2025-12-08 00:06:06,62218.0,,6,6,10,1567.977295,2025-12-08 00:07:06
6,7,10,1562.0,2025-12-08 00:06:07,61215.0,,6,7,10,1568.491943,2025-12-08 00:07:07
6,8,10,1557.4,2025-12-08 00:06:08,60212.0,,6,8,10,1569.02002,2025-12-08 00:07:08
6,9,10,1567.2,2025-12-08 00:06:09,59210.0,,6,9,10,1569.561523,2025-12-08 00:07:09
6,10,10,1569.9,2025-12-08 00:06:10,58203.0,,6,10,10,1570.115479,2025-12-08 00:07:10
6,11,10,1559.0,2025-12-08 00:06:11,57201.0,,6,11,10,1570.682983,2025-12-08 00:07:11
6,12,10,1577.0,2025-12-08 00:06:12,56179.0,,6,12,10,1571.264648,2025-12-08 00:07:12
6,13,10,1562.9,2025-12-08 00:06:13,55173.0,,6,13,10,1571.859253,2025-12-08 00:07:13
6,14,10,1559.6,2025-12-08 00:06:14,54170.0,,6,14,10,1572.46936,2025-12-08 00:07:14
6,15,10,1561.2,2025-12-08 00:06:15,53168.0,,6,15,10,1573.094727,2025-12-08 00:07:15
6,16,10,1556.5,2025-12-08 00:06:16,52165.0,,6,16,10,1573.735107,2025-12-08 00:07:16
6,17,10,1557.6,2025-12-08 00:06:17,51158.0,,6,17,10,1574.391724,2025-12-08 00:07:17
6,18,10,1576.1,2025-12-08 00:06:18,50156.0,,6,18,10,1575.064575,2025-12-08 00:07:18
6,19,10,1567.9,2025-12-08 00:06:19,49155.0,,6,19,10,1575.752686,2025-12-08 00:07:19
6,20,10,1563.4,2025-12-08 00:06:20,48153.0,,6,20,10,1576.458984,2025-12-08 00:07:20
6,21,10,1560.5,2025-12-08 00:06:21,47152.0,,6,21,10,1577.18335,2025-12-08 00:07:21
6,22,10,1562.1,2025-12-08 00:06:22,46146.0,,6,22,10,1577.926514,2025-12-08 00:07:22
6,23,10,1562.5,2025-12-08 00:06:23,45142.0,,6,23,10,1578.688232,2025-12-08 00:07:23
6,24,10,1561.6,2025-12-08 00:06:24,44139.0,,6,24,10,1579.46936,2025-12-08 00:07:24
6,25,10,1560.0,2025-12-08 00:06:25,43135.0,,6,25,10,1580.27063,2025-12-08 00:07:25
6,26,10,1569.5,2025-12-08 00:06:26,42128.0,,6,26,10,1581.092407,2025-12-08 00:07:26
6,27,10,1559.9,2025-12-08 00:06:27,41121.0,,6,27,10,1581.934448,2025-12-08 00:07:27
6,28,10,1563.0,2025-12-08 00:06:28,40114.0,,6,28,10,1582.799316,2025-12-08 00:07:28
6,29,10,1557.2,2025-12-08 00:06:29,39109.0,,6,29,10,1583.686279,2025-12-08 00:07:29
6,30,10,1560.4,2025-12-08 00:06:30,38107.0,,6,30,10,1584.596191,2025-12-08 00:07:30
6,31,10,1560.3,2025-12-08 00:06:31,37106.0,,6,31,10,1585.529907,2025-12-08 00:07:31
6,32,10,1570.6,2025-12-08 00:06:32,36104.0,,6,32,10,1586.487671,2025-12-08 00:07:32
6,33,10,1562.7,2025-12-08 00:06:33,35099.0,,6,33,10,1587.469971,2025-12-08 00:07:33
6,34,10,1560.2,2025-12-08 00:06:34,34095.0,,6,34,10,1588.478149,2025-12-08 00:07:34
6,35,10,1558.2,2025-12-08 00:06:35,33091.0,,6,35,10,1589.513306,2025-12-08 00:07:35
6,36,10,1558.5,2025-12-08 00:06:36,32088.0,,6,36,10,1590.575439,2025-12-08 00:07:36
6,37,10,1559.8,2025-12-08 00:06:37,31087.0,,6,37,10,1591.665527,2025-12-08 00:07:37
6,38,10,1560.9,2025-12-08 00:06:38,30085.0,,6,38,10,1592.78418,2025-12-08 00:07:38
6,39,10,1563.8,2025-12-08 00:06:39,29082.0,,6,39,10,1593.932007,2025-12-08 00:07:39
6,40,10,1556.1,2025-12-08 00:06:40,28079.0,,6,40,10,1595.109985,2025-12-08 00:07:40
6,41,10,1560.8,2025-12-08 00:06:41,27077.0,,6,41,10,1596.319824,2025-12-08 00:07:41
6,42,10,1563.3,2025-12-08 00:06:42,26076.0,,6,42,10,1597.560913,2025-12-08 00:07:42
6,43,10,1561.1,2025-12-08 00:06:43,25074.0,,6,43,10,1598.834839,2025-12-08 00:07:43
6,44,10,1564.5,2025-12-08 00:06:44,24071.0,,6,44,10,1600.1427,2025-12-08 00:07:44
6,45,10,1560.4,2025-12-08 00:06:45,23070.0,,6,45,10,1601.485229,2025-12-08 00:07:45
6,46,10,1560.0,2025-12-08 00:06:46,22068.0,,6,46,10,1602.863647,2025-12-08 00:07:46
6,47,10,1557.3,2025-12-08 00:06:47,21065.0,,6,47,10,1604.278809,2025-12-08 00:07:47
6,48,10,1562.7,2025-12-08 00:06:48,20064.0,,6,48,10,1605.732056,2025-12-08 00:07:48
6,49,10,1563.8,2025-12-08 00:06:49,19063.0,,6,49,10,1607.223389,2025-12-08 00:07:49
6,50,10,1562.0,2025-12-08 00:06:50,18062.0,,6,50,10,1608.754639,2025-12-08 00:07:50
6,51,10,1563.6,2025-12-08 00:06:51,17061.0,,6,51,10,1610.327026,2025-12-08 00:07:51
6,52,10,1558.6,2025-12-08 00:06:52,16060.0,,6,52,10,1611.94165,2025-12-08 00:07:52
6,53,10,1559.8,2025-12-08 00:06:53,15059.0,,6,53,10,1613.599731,2025-12-08 00:07:53
6,54,10,1557.2,2025-12-08 00:06:54,14057.0,,6,54,10,1615.302124,2025-12-08 00:07:54
6,55,10,1561.4,2025-12-08 00:06:55,13056.0,,6,55,10,1617.050659,2025-12-08 00:07:55
6,56,10,1568.6,2025-12-08 00:06:56,12056.0,,6,56,10,1618.845947,2025-12-08 00:07:56
6,57,10,1571.0,2025-12-08 00:06:57,11054.0,,6,57,10,1620.689087,2025-12-08 00:07:57
6,58,10,1561.0,2025-12-08 00:06:58,10053.0,,6,58,10,1622.581787,2025-12-08 00:07:58
6,59,10,1560.3,2025-12-08 00:06:59,9052.0,,6,59,10,1624.526733,2025-12-08 00:07:59
7,0,10,1566.8,2025-12-08 00:07:00,68133.0,,7,0,10,1565.18396,2025-12-08 00:08:00
7,1,10,1564.8,2025-12-08 00:07:01,67132.0,,7,1,10,1565.655518,2025-12-08 00:08:01
7,2,10,1565.6,2025-12-08 00:07:02,66129.0,,7,2,10,1566.12561,2025-12-08 00:08:02
7,3,10,1564.7,2025-12-08 00:07:03,65128.0,,7,3,10,1566.602661,2025-12-08 00:08:03
7,4,10,1560.1,2025-12-08 00:07:04,64127.0,,7,4,10,1567.089111,2025-12-08 00:08:04
7,5,10,1557.1,2025-12-08 00:07:05,63126.0,,7,5,10,1567.585693,2025-12-08 00:08:05
7,6,10,1557.1,2025-12-08 00:07:06,62124.0,,7,6,10,1568.093506,2025-12-08 00:08:06
7,7,10,1561.0,2025-12-08 00:07:07,61122.0,,7,7,10,1568.612793,2025-12-08 00:08:07
7,8,10,1556.3,2025-12-08 00:07:08,60120.0,,7,8,10,1569.143921,2025-12-08 00:08:08
7,9,10,1565.0,2025-12-08 00:07:09,59119.0,,7,9,10,1569.687622,2025-12-08 00:08:09
7,10,10,1557.6,2025-12-08 00:07:10,58118.0,,7,10,10,1570.243896,2025-12-08 00:08:10
7,11,10,1562.0,2025-12-08 00:07:11,57117.0,,7,11,10,1570.814087,2025-12-08 00:08:11
7,12,10,1558.0,2025-12-08 00:07:12,56115.0,,7,12,10,1571.397827,2025-12-08 00:08:12
7,13,10,1562.1,2025-12-08 00:07:13,55112.0,,7,13,10,1571.996094,2025-12-08 00:08:13
7,14,10,1558.8,2025-12-08 00:07:14,54111.0,,7,14,10,1572.608521,2025-12-08 00:08:14
7,15,10,1563.7,2025-12-08 00:07:15,53109.0,,7,15,10,1573.23645,2025-12-08 00:08:15
7,16,10,1561.0,2025-12-08 00:07:16,52107.0,,7,16,10,1573.879517,2025-12-08 00:08:16
7,17,10,1561.0,2025-12-08 00:07:17,51105.0,,7,17,10,1574.53894,2025-12-08 00:08:17
7,18,10,1561.9,2025-12-08 00:07:18,50104.0,,7,18,10,1575.2146,2025-12-08 00:08:18
7,19,10,1568.6,2025-12-08 00:07:19,49102.0,,7,19,10,1575.907227,2025-12-08 00:08:19
7,20,10,1567.3,2025-12-08 00:07:20,48100.0,,7,20,10,1576.616699,2025-12-08 00:08:20
7,21,10,1558.9,2025-12-08 00:07:21,47098.0,,7,21,10,1577.344604,2025-12-08 00:08:21
7,22,10,1557.3,2025-12-08 00:07:22,46097.0,,7,22,10,1578.091187,2025-12-08 00:08:22
7,23,10,1563.7,2025-12-08 00:07:23,45096.0,,7,23,10,1578.856812,2025-12-08 00:08:23
7,24,10,1564.6,2025-12-08 00:07:24,44094.0,,7,24,10,1579.641968,2025-12-08 00:08:24
7,25,10,1560.6,2025-12-08 00:07:25,43093.0,,7,25,10,1580.446655,2025-12-08 00:08:25
7,26,10,1565.2,2025-12-08 00:07:26,42091.0,,7,26,10,1581.272461,2025-12-08 00:08:26
7,27,10,1554.9,2025-12-08 00:07:27,41089.0,,7,27,10,1582.119019,2025-12-08 00:08:27
7,28,10,1560.4,2025-12-08 00:07:28,40088.0,,7,28,10,1582.988403,2025-12-08 00:08:28
7,29,10,1560.3,2025-12-08 00:07:29,39086.0,,7,29,10,1583.879639,2025-12-08 00:08:29
7,30,10,1580.3,2025-12-08 00:07:30,38084.0,,7,30,10,1584.793823,2025-12-08 00:08:30
7,31,10,1560.4,2025-12-08 00:07:31,37083.0,,7,31,10,1585.730469,2025-12-08 00:08:31
7,32,10,1562.4,2025-12-08 00:07:32,36080.0,,7,32,10,1586.693481,2025-12-08 00:08:32
7,33,10,1562.8,2025-12-08 00:07:33,35079.0,,7,33,10,1587.681152,2025-12-08 00:08:33
7,34,10,1559.9,2025-12-08 00:07:34,34067.0,,7,34,10,1588.69458,2025-12-08 00:08:34
7,35,10,1560.1,2025-12-08 00:07:35,33066.0,,7,35,10,1589.734863,2025-12-08 00:08:35
7,36,10,1559.9,2025-12-08 00:07:36,32064.0,,7,36,10,1590.802368,2025-12-08 00:08:36
7,37,10,1563.0,2025-12-08 00:07:37,31063.0,,7,37,10,1591.897949,2025-12-08 00:08:37
7,38,10,1562.1,2025-12-08 00:07:38,30061.0,,7,38,10,1593.021973,2025-12-08 00:08:38
7,39,10,1562.5,2025-12-08 00:07:39,29059.0,,7,39,10,1594.176025,2025-12-08 00:08:39
7,40,10,1561.6,2025-12-08 00:07:40,28047.0,,7,40,10,1595.360352,2025-12-08 00:08:40
7,41,10,1562.9,2025-12-08 00:07:41,27046.0,,7,41,10,1596.575928,2025-12-08 00:08:41
7,42,10,1568.3,2025-12-08 00:07:42,26024.0,,7,42,10,1597.823975,2025-12-08 00:08:42
7,43,10,1556.1,2025-12-08 00:07:43,25022.0,,7,43,10,1599.104858,2025-12-08 00:08:43
7,44,10,1552.5,2025-12-08 00:07:44,24021.0,,7,44,10,1600.420166,2025-12-08 00:08:44
7,45,10,1559.3,2025-12-08 00:07:45,23019.0,,7,45,10,1601.770996,2025-12-08 00:08:45
7,46,10,1560.9,2025-12-08 00:07:46,22014.0,,7,46,10,1603.157104,2025-12-08 00:08:46
7,47,10,1564.1,2025-12-08 00:07:47,21012.0,,7,47,10,1604.5802,2025-12-08 00:08:47
7,48,10,1559.1,2025-12-08 00:07:48,20010.0,,7,48,10,1606.040771,2025-12-08 00:08:48
7,49,10,1559.9,2025-12-08 00:07:49,19008.0,,7,49,10,1607.541138,2025-12-08 00:08:49
7,50,10,1559.1,2025-12-08 00:07:50,18007.0,,7,50,10,1609.081055,2025-12-08 00:08:50
7,51,10,1562.5,2025-12-08 00:07:51,17005.0,,7,51,10,1610.66272,2025-12-08 00:08:51
7,52,10,1557.8,2025-12-08 00:07:52,16003.0,,7,52,10,1612.286133,2025-12-08 00:08:52
7,53,10,1558.8,2025-12-08 00:07:53,14999.0,,7,53,10,1613.953735,2025-12-08 00:08:53
7,54,10,1558.5,2025-12-08 00:07:54,13996.0,,7,54,10,1615.665894,2025-12-08 00:08:54
7,55,10,1563.4,2025-12-08 00:07:55,12994.0,,7,55,10,1617.42395,2025-12-08 00:08:55
7,56,10,1567.0,2025-12-08 00:07:56,11993.0,,7,56,10,1619.229248,2025-12-08 00:08:56
7,57,10,1566.0,2025-12-08 00:07:57,10992.0,,7,57,10,1621.082886,2025-12-08 00:08:57
7,58,10,1565.2,2025-12-08 00:07:58,9990.0,,7,58,10,1622.986694,2025-12-08 00:08:58
7,59,10,1563.3,2025-12-08 00:07:59,8988.0,,7,59,10,1624.942139,2025-12-08 00:08:59
8,0,10,1566.1,2025-12-08 00:08:00,68447.0,,8,0,10,1571.340576,2025-12-08 00:09:00
8,1,10,1567.0,2025-12-08 00:08:01,67443.0,,8,1,10,1571.844238,2025-12-08 00:09:01
8,2,10,1564.3,2025-12-08 00:08:02,66441.0,,8,2,10,1572.405396,2025-12-08 00:09:02
8,3,10,1560.9,2025-12-08 00:08:03,65439.0,,8,3,10,1573.011597,2025-12-08 00:09:03
8,4,10,1570.0,2025-12-08 00:08:04,64436.0,,8,4,10,1573.650757,2025-12-08 00:09:04
8,5,10,1561.1,2025-12-08 00:08:05,63435.0,,8,5,10,1574.314697,2025-12-08 00:09:05
8,6,10,1563.0,2025-12-08 00:08:06,62434.0,,8,6,10,1575.000732,2025-12-08 00:09:06
8,7,10,1561.4,2025-12-08 00:08:07,61432.0,,8,7,10,1575.705322,2025-12-08 00:09:07
8,8,10,1562.5,2025-12-08 00:08:08,60430.0,,8,8,10,1576.427856,2025-12-08 00:09:08
8,9,10,1562.5,2025-12-08 00:08:09,59428.0,,8,9,10,1577.167725,2025-12-08 00:09:09
8,10,10,1564.2,2025-12-08 00:08:10,58425.0,,8,10,10,1577.925415,2025-12-08 00:09:10
8,11,10,1563.6,2025-12-08 00:08:11,57421.0,,8,11,10,1578.700928,2025-12-08 00:09:11
8,12,10,1564.1,2025-12-08 00:08:12,56418.0,,8,12,10,1579.495117,2025-12-08 00:09:12
8,13,10,1564.1,2025-12-08 00:08:13,55415.0,,8,13,10,1580.308472,2025-12-08 00:09:13
8,14,10,1566.4,2025-12-08 00:08:14,54380.0,,8,14,10,1581.141602,2025-12-08 00:09:14
8,15,10,1559.1,2025-12-08 00:08:15,53377.0,,8,15,10,1581.995239,2025-12-08 00:09:15
8,16,10,1560.5,2025-12-08 00:08:16,52375.0,,8,16,10,1582.870483,2025-12-08 00:09:16
8,17,10,1562.7,2025-12-08 00:08:17,51373.0,,8,17,10,1583.767334,2025-12-08 00:09:17
8,18,10,1562.6,2025-12-08 00:08:18,50371.0,,8,18,10,1584.686401,2025-12-08 00:09:18
8,19,10,1566.0,2025-12-08 00:08:19,49366.0,,8,19,10,1585.628784,2025-12-08 00:09:19
8,20,10,1570.3,2025-12-08 00:08:20,48364.0,,8,20,10,1586.594971,2025-12-08 00:09:20
8,21,10,1561.8,2025-12-08 00:08:21,47362.0,,8,21,10,1587.585205,2025-12-08 00:09:21
8,22,10,1562.6,2025-12-08 00:08:22,46358.0,,8,22,10,1588.601562,2025-12-08 00:09:22
8,23,10,1560.8,2025-12-08 00:08:23,45354.0,,8,23,10,1589.643799,2025-12-08 00:09:23
8,24,10,1573.3,2025-12-08 00:08:24,44351.0,,8,24,10,1590.712891,2025-12-08 00:09:24
8,25,10,1563.6,2025-12-08 00:08:25,43348.0,,8,25,10,1591.808716,2025-12-08 00:09:25
8,26,10,1571.3,2025-12-08 00:08:26,42309.0,,8,26,10,1592.933594,2025-12-08 00:09:26
8,27,10,1563.6,2025-12-08 00:08:27,41307.0,,8,27,10,1594.08728,2025-12-08 00:09:27
8,28,10,1566.7,2025-12-08 00:08:28,40305.0,,8,28,10,1595.271362,2025-12-08 00:09:28
8,29,10,1560.9,2025-12-08 00:08:29,39303.0,,8,29,10,1596.486328,2025-12-08 00:09:29
8,30,10,1566.1,2025-12-08 00:08:30,38298.0,,8,30,10,1597.733398,2025-12-08 00:09:30
8,31,10,1562.3,2025-12-08 00:08:31,37296.0,,8,31,10,1599.012695,2025-12-08 00:09:31
8,32,10,1563.4,2025-12-08 00:08:32,36286.0,,8,32,10,1600.32605,2025-12-08 00:09:32
8,33,10,1568.4,2025-12-08 00:08:33,35283.0,,8,33,10,1601.673828,2025-12-08 00:09:33
8,34,10,1580.5,2025-12-08 00:08:34,34277.0,,8,34,10,1603.056763,2025-12-08 00:09:34
8,35,10,1565.1,2025-12-08 00:08:35,33274.0,,8,35,10,1604.475586,2025-12-08 00:09:35
8,36,10,1566.4,2025-12-08 00:08:36,32272.0,,8,36,10,1605.93335,2025-12-08 00:09:36
8,37,10,1565.0,2025-12-08 00:08:37,31267.0,,8,37,10,1607.42981,2025-12-08 00:09:37
8,38,10,1565.5,2025-12-08 00:08:38,30266.0,,8,38,10,1608.966187,2025-12-08 00:09:38
8,39,10,1567.6,2025-12-08 00:08:39,29263.0,,8,39,10,1610.543579,2025-12-08 00:09:39
8,40,10,1567.8,2025-12-08 00:08:40,28261.0,,8,40,10,1612.162964,2025-12-08 00:09:40
8,41,10,1563.8,2025-12-08 00:08:41,27256.0,,8,41,10,1613.825684,2025-12-08 00:09:41
8,42,10,1578.7,2025-12-08 00:08:42,26255.0,,8,42,10,1615.533325,2025-12-08 00:09:42
8,43,10,1564.3,2025-12-08 00:08:43,25252.0,,8,43,10,1617.286011,2025-12-08 00:09:43
8,44,10,1564.6,2025-12-08 00:08:44,24246.0,,8,44,10,1619.086914,2025-12-08 00:09:44
8,45,10,1569.4,2025-12-08 00:08:45,23236.0,,8,45,10,1620.936523,2025-12-08 00:09:45
8,46,10,1567.0,2025-12-08 00:08:46,22235.0,,8,46,10,1622.835571,2025-12-08 00:09:46
8,47,10,1563.1,2025-12-08 00:08:47,21234.0,,8,47,10,1624.786255,2025-12-08 00:09:47
8,48,10,1564.6,2025-12-08 00:08:48,20231.0,,8,48,10,1626.790039,2025-12-08 00:09:48
8,49,10,1563.7,2025-12-08 00:08:49,19229.0,,8,49,10,1628.848145,2025-12-08 00:09:49
8,50,10,1581.2,2025-12-08 00:08:50,18226.0,,8,50,10,1630.962036,2025-12-08 00:09:50
8,51,10,1575.9,2025-12-08 00:08:51,17223.0,,8,51,10,1633.132324,2025-12-08 00:09:51
8,52,10,1564.2,2025-12-08 00:08:52,16173.0,,8,52,10,1635.362427,2025-12-08 00:09:52
8,53,10,1564.9,2025-12-08 00:08:53,15172.0,,8,53,10,1637.654053,2025-12-08 00:09:53
8,54,10,1564.0,2025-12-08 00:08:54,14170.0,,8,54,10,1640.008545,2025-12-08 00:09:54
8,55,10,1565.3,2025-12-08 00:08:55,13131.0,,8,55,10,1642.42688,2025-12-08 00:09:55
8,56,10,1567.1,2025-12-08 00:08:56,12120.0,,8,56,10,1644.911499,2025-12-08 00:09:56
8,57,10,1567.8,2025-12-08 00:08:57,11060.0,,8,57,10,1647.464111,2025-12-08 00:09:57
8,58,10,1567.4,2025-12-08 00:08:58,10059.0,,8,58,10,1650.086304,2025-12-08 00:09:58
8,59,10,1570.1,2025-12-08 00:08:59,8949.0,,8,59,10,1652.780762,2025-12-08 00:09:59
9,0,10,1567.0,2025-12-08 00:09:00,67370.0,,9,0,10,1560.658691,2025-12-08 00:10:00
9,1,10,1569.8,2025-12-08 00:09:01,66200.0,,9,1,10,1559.420776,2025-12-08 00:10:01
9,2,10,1567.8,2025-12-08 00:09:02,65169.0,,9,2,10,1558.056885,2025-12-08 00:10:02
9,3,10,1570.5,2025-12-08 00:09:03,64166.0,,9,3,10,1556.518433,2025-12-08 00:10:03
9,4,10,1570.8,2025-12-08 00:09:04,63125.0,,9,4,10,1554.852295,2025-12-08 00:10:04
9,5,10,1567.7,2025-12-08 00:09:05,62124.0,,9,5,10,1553.089355,2025-12-08 00:10:05
9,6,10,1569.1,2025-12-08 00:09:06,61094.0,,9,6,10,1551.251831,2025-12-08 00:10:06
9,7,10,1565.4,2025-12-08 00:09:07,60091.0,,9,7,10,1549.355835,2025-12-08 00:10:07
9,8,10,1568.6,2025-12-08 00:09:08,59089.0,,9,8,10,1547.414307,2025-12-08 00:10:08
9,9,10,1569.6,2025-12-08 00:09:09,58065.0,,9,9,10,1545.435913,2025-12-08 00:10:09
9,10,10,1568.8,2025-12-08 00:09:10,56544.0,,9,10,10,1543.428223,2025-12-08 00:10:10
9,11,10,1565.3,2025-12-08 00:09:11,55542.0,,9,11,10,1541.39624,2025-12-08 00:10:11
9,12,10,1569.2,2025-12-08 00:09:12,54539.0,,9,12,10,1539.34375,2025-12-08 00:10:12
9,13,10,1567.8,2025-12-08 00:09:13,53536.0,,9,13,10,1537.273193,2025-12-08 00:10:13
9,14,10,1568.1,2025-12-08 00:09:14,52534.0,,9,14,10,1535.186401,2025-12-08 00:10:14
9,15,10,1572.6,2025-12-08 00:09:15,51514.0,,9,15,10,1533.085205,2025-12-08 00:10:15
9,16,10,1572.6,2025-12-08 00:09:16,50513.0,,9,16,10,1530.969482,2025-12-08 00:10:16
9,17,10,1577.4,2025-12-08 00:09:17,49510.0,,9,17,10,1528.84082,2025-12-08 00:10:17
9,18,10,1572.4,2025-12-08 00:09:18,48507.0,,9,18,10,1526.698975,2025-12-08 00:10:18
9,19,10,1574.1,2025-12-08 00:09:19,47501.0,,9,19,10,1524.5448,2025-12-08 00:10:19
9,20,10,1574.4,2025-12-08 00:09:20,46500.0,,9,20,10,1522.378174,2025-12-08 00:10:20
9,21,10,1578.0,2025-12-08 00:09:21,45495.0,,9,21,10,1520.199219,2025-12-08 00:10:21
9,22,10,1566.0,2025-12-08 00:09:22,44493.0,,9,22,10,1518.008057,2025-12-08 00:10:22
9,23,10,1579.3,2025-12-08 00:09:23,43489.0,,9,23,10,1515.805786,2025-12-08 00:10:23
9,24,10,1572.2,2025-12-08 00:09:24,42488.0,,9,24,10,1513.590942,2025-12-08 00:10:24
9,25,10,1571.7,2025-12-08 00:09:25,41485.0,,9,25,10,1511.365356,2025-12-08 00:10:25
9,26,10,1572.4,2025-12-08 00:09:26,40481.0,,9,26,10,1509.129028,2025-12-08 00:10:26
9,27,10,1573.0,2025-12-08 00:09:27,39478.0,,9,27,10,1506.882202,2025-12-08 00:10:27
9,28,10,1574.5,2025-12-08 00:09:28,38473.0,,9,28,10,1504.625366,2025-12-08 00:10:28
9,29,10,1573.5,2025-12-08 00:09:29,37468.0,,9,29,10,1502.359009,2025-12-08 00:10:29
9,30,10,1573.1,2025-12-08 00:09:30,36466.0,,9,30,10,1500.08374,2025-12-08 00:10:30
9,31,10,1591.0,2025-12-08 00:09:31,35464.0,,9,31,10,1497.800659,2025-12-08 00:10:31
9,32,10,1571.8,2025-12-08 00:09:32,34458.0,,9,32,10,1495.508911,2025-12-08 00:10:32
9,33,10,1574.1,2025-12-08 00:09:33,33456.0,,9,33,10,1493.211426,2025-12-08 00:10:33
9,34,10,1569.5,2025-12-08 00:09:34,32451.0,,9,34,10,1490.907959,2025-12-08 00:10:34
9,35,10,1572.9,2025-12-08 00:09:35,31447.0,,9,35,10,1488.599243,2025-12-08 00:10:35
9,36,10,1577.3,2025-12-08 00:09:36,30436.0,,9,36,10,1486.286011,2025-12-08 00:10:36
9,37,10,1576.4,2025-12-08 00:09:37,29430.0,,9,37,10,1483.968628,2025-12-08 00:10:37
9,38,10,1576.4,2025-12-08 00:09:38,28424.0,,9,38,10,1481.648315,2025-12-08 00:10:38
9,39,10,1573.4,2025-12-08 00:09:39,27418.0,,9,39,10,1479.325928,2025-12-08 00:10:39
9,40,10,1574.6,2025-12-08 00:09:40,26405.0,,9,40,10,1477.002686,2025-12-08 00:10:40
9,41,10,1574.0,2025-12-08 00:09:41,25395.0,,9,41,10,1474.679199,2025-12-08 00:10:41
9,42,10,1581.9,2025-12-08 00:09:42,24389.0,,9,42,10,1472.355957,2025-12-08 00:10:42
9,43,10,1572.1,2025-12-08 00:09:43,23384.0,,9,43,10,1470.033936,2025-12-08 00:10:43
9,44,10,1572.7,2025-12-08 00:09:44,22381.0,,9,44,10,1467.714722,2025-12-08 00:10:44
9,45,10,1568.9,2025-12-08 00:09:45,21378.0,,9,45,10,1465.398682,2025-12-08 00:10:45
9,46,10,1574.2,2025-12-08 00:09:46,20375.0,,9,46,10,1463.086914,2025-12-08 00:10:46
9,47,10,1572.6,2025-12-08 00:09:47,19372.0,,9,47,10,1460.779785,2025-12-08 00:10:47
9,48,10,1575.3,2025-12-08 00:09:48,18369.0,,9,48,10,1458.479004,2025-12-08 00:10:48
9,49,10,1568.3,2025-12-08 00:09:49,17368.0,,9,49,10,1456.184692,2025-12-08 00:10:49
9,50,10,1571.2,2025-12-08 00:09:50,16353.0,,9,50,10,1453.89856,2025-12-08 00:10:50
9,51,10,1589.8,2025-12-08 00:09:51,15347.0,,9,51,10,1451.62085,2025-12-08 00:10:51
9,52,10,1574.0,2025-12-08 00:09:52,14338.0,,9,52,10,1449.351807,2025-12-08 00:10:52
9,53,10,1571.6,2025-12-08 00:09:53,13335.0,,9,53,10,1447.094116,2025-12-08 00:10:53
9,54,10,1572.1,2025-12-08 00:09:54,12333.0,,9,54,10,1444.848022,2025-12-08 00:10:54
9,55,10,1569.2,2025-12-08 00:09:55,11331.0,,9,55,10,1442.614014,2025-12-08 00:10:55
9,56,10,1573.9,2025-12-08 00:09:56,10326.0,,9,56,10,1440.393188,2025-12-08 00:10:56
9,57,10,1584.4,2025-12-08 00:09:57,9323.0,,9,57,10,1438.186035,2025-12-08 00:10:57
9,58,10,1574.8,2025-12-08 00:09:58,8320.0,,9,58,10,1435.993286,2025-12-08 00:10:58
9,59,10,1575.1,2025-12-08 00:09:59,7319.0,,9,59,10,1433.816406,2025-12-08 00:10:59
10,0,10,1579.0,2025-12-08 00:10:00,87057.0,,10,0,10,890.824219,2025-12-08 00:11:00
10,1,10,1574.0,2025-12-08 00:10:01,86055.0,,10,1,10,906.297852,2025-12-08 00:11:01
10,2,10,1579.1,2025-12-08 00:10:02,85054.0,,10,2,10,925.797607,2025-12-08 00:11:02
10,3,10,1581.5,2025-12-08 00:10:03,84053.0,,10,3,10,946.344421,2025-12-08 00:11:03
10,4,10,1578.3,2025-12-08 00:10:04,83052.0,,10,4,10,967.232849,2025-12-08 00:11:04
10,5,10,1578.2,2025-12-08 00:10:05,82050.0,,10,5,10,987.941711,2025-12-08 00:11:05
10,6,10,1577.9,2025-12-08 00:10:06,81049.0,,10,6,10,1008.111206,2025-12-08 00:11:06
10,7,10,1574.5,2025-12-08 00:10:07,80048.0,,10,7,10,1027.49707,2025-12-08 00:11:07
10,8,10,1401.0,2025-12-08 00:10:08,79045.0,,10,8,10,1045.940796,2025-12-08 00:11:08
10,9,10,1407.2,2025-12-08 00:10:09,78043.0,,10,9,10,1063.347412,2025-12-08 00:11:09
10,10,10,1412.8,2025-12-08 00:10:10,77041.0,,10,10,10,1079.671143,2025-12-08 00:11:10
10,11,10,1417.5,2025-12-08 00:10:11,76036.0,,10,11,10,1094.902954,2025-12-08 00:11:11
10,12,10,1370.8,2025-12-08 00:10:12,75035.0,,10,12,10,1109.060303,2025-12-08 00:11:12
10,13,10,553.1,2025-12-08 00:10:13,74033.0,,10,13,10,1122.180054,2025-12-08 00:11:13
10,14,10,581.6,2025-12-08 00:10:14,73031.0,,10,14,10,1134.312134,2025-12-08 00:11:14
10,15,10,587.0,2025-12-08 00:10:15,72030.0,,10,15,10,1145.515625,2025-12-08 00:11:15
10,16,10,588.0,2025-12-08 00:10:16,71029.0,,10,16,10,1155.853882,2025-12-08 00:11:16
10,17,10,620.3,2025-12-08 00:10:17,70027.0,,10,17,10,1165.391479,2025-12-08 00:11:17
10,18,10,588.2,2025-12-08 00:10:18,69026.0,,10,18,10,1174.192871,2025-12-08 00:11:18
10,19,10,598.7,2025-12-08 00:10:19,68024.0,,10,19,10,1182.319336,2025-12-08 00:11:19
10,20,10,592.2,2025-12-08 00:10:20,67023.0,,10,20,10,1189.830078,2025-12-08 00:11:20
10,21,10,589.8,2025-12-08 00:10:21,66022.0,,10,21,10,1196.779907,2025-12-08 00:11:21
10,22,10,586.4,2025-12-08 00:10:22,65021.0,,10,22,10,1203.219727,2025-12-08 00:11:22
10,23,10,586.7,2025-12-08 00:10:23,64019.0,,10,23,10,1209.195923,2025-12-08 00:11:23
10,24,10,586.1,2025-12-08 00:10:24,63017.0,,10,24,10,1214.751099,2025-12-08 00:11:24
10,25,10,584.0,2025-12-08 00:10:25,62015.0,,10,25,10,1219.923584,2025-12-08 00:11:25
10,26,10,589.7,2025-12-08 00:10:26,61014.0,,10,26,10,1224.747681,2025-12-08 00:11:26
10,27,10,586.8,2025-12-08 00:10:27,60013.0,,10,27,10,1229.255005,2025-12-08 00:11:27
10,28,10,587.2,2025-12-08 00:10:28,59006.0,,10,28,10,1233.473022,2025-12-08 00:11:28
10,29,10,586.0,2025-12-08 00:10:29,58004.0,,10,29,10,1237.42688,2025-12-08 00:11:29
10,30,10,586.4,2025-12-08 00:10:30,57002.0,,10,30,10,1241.138916,2025-12-08 00:11:30
10,31,10,592.2,2025-12-08 00:10:31,56000.0,,10,31,10,1244.62915,2025-12-08 00:11:31
10,32,10,586.4,2025-12-08 00:10:32,54997.0,,10,32,10,1247.915771,2025-12-08 00:11:32
10,33,10,590.0,2025-12-08 00:10:33,53995.0,,10,33,10,1251.014771,2025-12-08 00:11:33
10,34,10,586.6,2025-12-08 00:10:34,52991.0,,10,34,10,1253.940674,2025-12-08 00:11:34
10,35,10,588.5,2025-12-08 00:10:35,51989.0,,10,35,10,1256.706543,2025-12-08 00:11:35
10,36,10,588.4,2025-12-08 00:10:36,50986.0,,10,36,10,1259.324341,2025-12-08 00:11:36
10,37,10,589.3,2025-12-08 00:10:37,49985.0,,10,37,10,1261.804688,2025-12-08 00:11:37
10,38,10,588.1,2025-12-08 00:10:38,48983.0,,10,38,10,1264.157227,2025-12-08 00:11:38
10,39,10,589.0,2025-12-08 00:10:39,47981.0,,10,39,10,1266.390869,2025-12-08 00:11:39
10,40,10,589.9,2025-12-08 00:10:40,46972.0,,10,40,10,1268.513672,2025-12-08 00:11:40
10,41,10,587.9,2025-12-08 00:10:41,45971.0,,10,41,10,1270.532715,2025-12-08 00:11:41
10,42,10,591.7,2025-12-08 00:10:42,44970.0,,10,42,10,1272.455078,2025-12-08 00:11:42
10,43,10,581.2,2025-12-08 00:10:43,43968.0,,10,43,10,1274.286377,2025-12-08 00:11:43
10,44,10,547.7,2025-12-08 00:10:44,42966.0,,10,44,10,1276.032593,2025-12-08 00:11:44
10,45,10,441.2,2025-12-08 00:10:45,41964.0,,10,45,10,1277.698486,2025-12-08 00:11:45
10,46,10,439.8,2025-12-08 00:10:46,40962.0,,10,46,10,1279.288208,2025-12-08 00:11:46
10,47,10,440.2,2025-12-08 00:10:47,39956.0,,10,47,10,1280.807129,2025-12-08 00:11:47
10,48,10,447.1,2025-12-08 00:10:48,38955.0,,10,48,10,1282.259277,2025-12-08 00:11:48
10,49,10,437.5,2025-12-08 00:10:49,37951.0,,10,49,10,1283.648438,2025-12-08 00:11:49
10,50,10,438.8,2025-12-08 00:10:50,36948.0,,10,50,10,1284.977783,2025-12-08 00:11:50
10,51,10,442.9,2025-12-08 00:10:51,35945.0,,10,51,10,1286.250854,2025-12-08 00:11:51
10,52,10,442.4,2025-12-08 00:10:52,34943.0,,10,52,10,1287.470581,2025-12-08 00:11:52
10,53,10,439.4,2025-12-08 00:10:53,33942.0,,10,53,10,1288.639771,2025-12-08 00:11:53
10,54,10,439.6,2025-12-08 00:10:54,32940.0,,10,54,10,1289.761108,2025-12-08 00:11:54
10,55,10,441.2,2025-12-08 00:10:55,31940.0,,10,55,10,1290.836792,2025-12-08 00:11:55
10,56,10,446.4,2025-12-08 00:10:56,30938.0,,10,56,10,1291.869385,2025-12-08 00:11:56
10,57,10,505.7,2025-12-08 00:10:57,29935.0,,10,57,10,1292.86084,2025-12-08 00:11:57
10,58,10,456.3,2025-12-08 00:10:58,28931.0,,10,58,10,1293.813477,2025-12-08 00:11:58
10,59,10,456.6,2025-12-08 00:10:59,27929.0,,10,59,10,1294.72876,2025-12-08 00:11:59
11,0,10,455.8,2025-12-08 00:11:00,66720.0,,11,0,10,934.646057,2025-12-08 00:12:00
11,1,10,470.6,2025-12-08 00:11:01,65719.0,,11,1,10,948.524719,2025-12-08 00:12:01
11,2,10,458.3,2025-12-08 00:11:02,64717.0,,11,2,10,965.410645,2025-12-08 00:12:02
11,3,10,458.0,2025-12-08 00:11:03,63713.0,,11,3,10,983.226257,2025-12-08 00:12:03
11,4,10,457.3,2025-12-08 00:11:04,62711.0,,11,4,10,1001.343445,2025-12-08 00:12:04
11,5,10,455.6,2025-12-08 00:11:05,61708.0,,11,5,10,1019.317749,2025-12-08 00:12:05
11,6,10,458.9,2025-12-08 00:11:06,60707.0,,11,6,10,1036.843628,2025-12-08 00:12:06
11,7,10,470.0,2025-12-08 00:11:07,59704.0,,11,7,10,1053.714111,2025-12-08 00:12:07
11,8,10,461.6,2025-12-08 00:11:08,58702.0,,11,8,10,1069.794678,2025-12-08 00:12:08
11,9,10,460.9,2025-12-08 00:11:09,57700.0,,11,9,10,1085.004761,2025-12-08 00:12:09
11,10,10,460.9,2025-12-08 00:11:10,56698.0,,11,10,10,1099.304565,2025-12-08 00:12:10
11,11,10,461.0,2025-12-08 00:11:11,55697.0,,11,11,10,1112.684937,2025-12-08 00:12:11
11,12,10,460.8,2025-12-08 00:11:12,54695.0,,11,12,10,1125.15918,2025-12-08 00:12:12
11,13,10,461.9,2025-12-08 00:11:13,53693.0,,11,13,10,1136.756592,2025-12-08 00:12:13
11,14,10,537.6,2025-12-08 00:11:14,52692.0,,11,14,10,1147.518066,2025-12-08 00:12:14
11,15,10,580.2,2025-12-08 00:11:15,51689.0,,11,15,10,1157.490967,2025-12-08 00:12:15
11,16,10,586.7,2025-12-08 00:11:16,50688.0,,11,16,10,1166.727051,2025-12-08 00:12:16
11,17,10,586.1,2025-12-08 00:11:17,49686.0,,11,17,10,1175.278931,2025-12-08 00:12:17
11,18,10,587.9,2025-12-08 00:11:18,48685.0,,11,18,10,1183.199829,2025-12-08 00:12:18
11,19,10,591.1,2025-12-08 00:11:19,47683.0,,11,19,10,1190.540161,2025-12-08 00:12:19
11,20,10,590.0,2025-12-08 00:11:20,46681.0,,11,20,10,1197.349121,2025-12-08 00:12:20
11,21,10,591.3,2025-12-08 00:11:21,45679.0,,11,21,10,1203.671753,2025-12-08 00:12:21
11,22,10,583.7,2025-12-08 00:11:22,44676.0,,11,22,10,1209.550903,2025-12-08 00:12:22
11,23,10,584.3,2025-12-08 00:11:23,43669.0,,11,23,10,1215.025146,2025-12-08 00:12:23
11,24,10,587.5,2025-12-08 00:11:24,42665.0,,11,24,10,1220.130249,2025-12-08 00:12:24
11,25,10,585.2,2025-12-08 00:11:25,41661.0,,11,25,10,1224.898315,2025-12-08 00:12:25
11,26,10,582.6,2025-12-08 00:11:26,40660.0,,11,26,10,1229.358765,2025-12-08 00:12:26
11,27,10,587.6,2025-12-08 00:11:27,39656.0,,11,27,10,1233.537598,2025-12-08 00:12:27
11,28,10,589.7,2025-12-08 00:11:28,38655.0,,11,28,10,1237.458984,2025-12-08 00:12:28
11,29,10,586.2,2025-12-08 00:11:29,37654.0,,11,29,10,1241.144043,2025-12-08 00:12:29
11,30,10,585.2,2025-12-08 00:11:30,36653.0,,11,30,10,1244.611816,2025-12-08 00:12:30
11,31,10,584.6,2025-12-08 00:11:31,35651.0,,11,31,10,1247.879883,2025-12-08 00:12:31
11,32,10,586.9,2025-12-08 00:11:32,34646.0,,11,32,10,1250.963501,2025-12-08 00:12:32
11,33,10,589.6,2025-12-08 00:11:33,33644.0,,11,33,10,1253.877075,2025-12-08 00:12:33
11,34,10,587.8,2025-12-08 00:11:34,32639.0,,11,34,10,1256.632935,2025-12-08 00:12:34
11,35,10,597.5,2025-12-08 00:11:35,31638.0,,11,35,10,1259.242676,2025-12-08 00:12:35
11,36,10,594.7,2025-12-08 00:11:36,30634.0,,11,36,10,1261.716919,2025-12-08 00:12:36
11,37,10,603.8,2025-12-08 00:11:37,29633.0,,11,37,10,1264.064575,2025-12-08 00:12:37
11,38,10,597.8,2025-12-08 00:11:38,28630.0,,11,38,10,1266.2948,2025-12-08 00:12:38
11,39,10,596.7,2025-12-08 00:11:39,27625.0,,11,39,10,1268.414917,2025-12-08 00:12:39
11,40,10,597.2,2025-12-08 00:11:40,26622.0,,11,40,10,1270.432373,2025-12-08 00:12:40
11,41,10,590.8,2025-12-08 00:11:41,25619.0,,11,41,10,1272.35376,2025-12-08 00:12:41
11,42,10,591.2,2025-12-08 00:11:42,24618.0,,11,42,10,1274.184692,2025-12-08 00:12:42
11,43,10,592.2,2025-12-08 00:11:43,23611.0,,11,43,10,1275.931152,2025-12-08 00:12:43
11,44,10,592.0,2025-12-08 00:11:44,22610.0,,11,44,10,1277.5979,2025-12-08 00:12:44
11,45,10,596.6,2025-12-08 00:11:45,21609.0,,11,45,10,1279.189697,2025-12-08 00:12:45
11,46,10,591.0,2025-12-08 00:11:46,20608.0,,11,46,10,1280.71106,2025-12-08 00:12:46
11,47,10,588.8,2025-12-08 00:11:47,19607.0,,11,47,10,1282.165771,2025-12-08 00:12:47
11,48,10,587.3,2025-12-08 00:11:48,18603.0,,11,48,10,1283.557739,2025-12-08 00:12:48
11,49,10,587.9,2025-12-08 00:11:49,17602.0,,11,49,10,1284.890015,2025-12-08 00:12:49
11,50,10,587.7,2025-12-08 00:11:50,16601.0,,11,50,10,1286.16626,2025-12-08 00:12:50
11,51,10,590.8,2025-12-08 00:11:51,15599.0,,11,51,10,1287.389282,2025-12-08 00:12:51
11,52,10,588.0,2025-12-08 00:11:52,14596.0,,11,52,10,1288.561768,2025-12-08 00:12:52
11,53,10,587.2,2025-12-08 00:11:53,13594.0,,11,53,10,1289.686401,2025-12-08 00:12:53
11,54,10,587.1,2025-12-08 00:11:54,12588.0,,11,54,10,1290.765503,2025-12-08 00:12:54
11,55,10,597.4,2025-12-08 00:11:55,11583.0,,11,55,10,1291.801392,2025-12-08 00:12:55
11,56,10,591.7,2025-12-08 00:11:56,10580.0,,11,56,10,1292.796265,2025-12-08 00:12:56
11,57,10,589.8,2025-12-08 00:11:57,9578.0,,11,57,10,1293.751953,2025-12-08 00:12:57
11,58,10,588.0,2025-12-08 00:11:58,8576.0,,11,58,10,1294.670288,2025-12-08 00:12:58
11,59,10,588.2,2025-12-08 00:11:59,7575.0,,11,59,10,1295.553345,2025-12-08 00:12:59
12,0,10,591.5,2025-12-08 00:12:00,65967.0,,12,0,10,935.67157,2025-12-08 00:13:00
12,1,10,602.6,2025-12-08 00:12:01,64965.0,,12,1,10,949.40625,2025-12-08 00:13:01
12,2,10,588.3,2025-12-08 00:12:02,63964.0,,12,2,10,966.181458,2025-12-08 00:13:02
12,3,10,590.4,2025-12-08 00:12:03,62962.0,,12,3,10,983.899597,2025-12-08 00:13:03
12,4,10,588.7,2025-12-08 00:12:04,61892.0,,12,4,10,1001.931274,2025-12-08 00:13:04
12,5,10,588.4,2025-12-08 00:12:05,60885.0,,12,5,10,1019.830322,2025-12-08 00:13:05
12,6,10,590.5,2025-12-08 00:12:06,59883.0,,12,6,10,1037.290283,2025-12-08 00:13:06
12,7,10,589.2,2025-12-08 00:12:07,58871.0,,12,7,10,1054.103149,2025-12-08 00:13:07
12,8,10,587.3,2025-12-08 00:12:08,57822.0,,12,8,10,1070.133667,2025-12-08 00:13:08
12,9,10,587.1,2025-12-08 00:12:09,56821.0,,12,9,10,1085.300415,2025-12-08 00:13:09
12,10,10,587.7,2025-12-08 00:12:10,55818.0,,12,10,10,1099.562744,2025-12-08 00:13:10
12,11,10,585.2,2025-12-08 00:12:11,54816.0,,12,11,10,1112.910889,2025-12-08 00:13:11
12,12,10,589.8,2025-12-08 00:12:12,53803.0,,12,12,10,1125.357422,2025-12-08 00:13:12
12,13,10,588.5,2025-12-08 00:12:13,52800.0,,12,13,10,1136.93103,2025-12-08 00:13:13
12,14,10,587.4,2025-12-08 00:12:14,51789.0,,12,14,10,1147.672119,2025-12-08 00:13:14
12,15,10,587.7,2025-12-08 00:12:15,50631.0,,12,15,10,1157.627441,2025-12-08 00:13:15
12,16,10,591.7,2025-12-08 00:12:16,49622.0,,12,16,10,1166.848145,2025-12-08 00:13:16
12,17,10,589.0,2025-12-08 00:12:17,48598.0,,12,17,10,1175.386963,2025-12-08 00:13:17
12,18,10,588.2,2025-12-08 00:12:18,47593.0,,12,18,10,1183.296143,2025-12-08 00:13:18
12,19,10,593.6,2025-12-08 00:12:19,46590.0,,12,19,10,1190.626709,2025-12-08 00:13:19
12,20,10,593.2,2025-12-08 00:12:20,45564.0,,12,20,10,1197.427002,2025-12-08 00:13:20
12,21,10,587.8,2025-12-08 00:12:21,44518.0,,12,21,10,1203.742188,2025-12-08 00:13:21
12,22,10,590.6,2025-12-08 00:12:22,43515.0,,12,22,10,1209.614624,2025-12-08 00:13:22
12,23,10,587.3,2025-12-08 00:12:23,42513.0,,12,23,10,1215.083252,2025-12-08 00:13:23
12,24,10,587.4,2025-12-08 00:12:24,41512.0,,12,24,10,1220.183228,2025-12-08 00:13:24
12,25,10,586.2,2025-12-08 00:12:25,40510.0,,12,25,10,1224.946777,2025-12-08 00:13:25
12,26,10,585.4,2025-12-08 00:12:26,39503.0,,12,26,10,1229.403198,2025-12-08 00:13:26
12,27,10,586.9,2025-12-08 00:12:27,38497.0,,12,27,10,1233.578491,2025-12-08 00:13:27
12,28,10,590.6,2025-12-08 00:12:28,37494.0,,12,28,10,1237.496582,2025-12-08 00:13:28
12,29,10,591.3,2025-12-08 00:12:29,36493.0,,12,29,10,1241.178711,2025-12-08 00:13:29
12,30,10,587.1,2025-12-08 00:12:30,35482.0,,12,30,10,1244.643921,2025-12-08 00:13:30
12,31,10,587.0,2025-12-08 00:12:31,34468.0,,12,31,10,1247.90979,2025-12-08 00:13:31
12,32,10,584.7,2025-12-08 00:12:32,33466.0,,12,32,10,1250.991455,2025-12-08 00:13:32
12,33,10,589.7,2025-12-08 00:12:33,32464.0,,12,33,10,1253.903076,2025-12-08 00:13:33
12,34,10,588.7,2025-12-08 00:12:34,31461.0,,12,34,10,1256.657227,2025-12-08 00:13:34
12,35,10,587.4,2025-12-08 00:12:35,30434.0,,12,35,10,1259.265503,2025-12-08 00:13:35
12,36,10,595.2,2025-12-08 00:12:36,29426.0,,12,36,10,1261.738037,2025-12-08 00:13:36
12,37,10,585.8,2025-12-08 00:12:37,28419.0,,12,37,10,1264.084595,2025-12-08 00:13:37
12,38,10,587.0,2025-12-08 00:12:38,27417.0,,12,38,10,1266.313354,2025-12-08 00:13:38
12,39,10,584.5,2025-12-08 00:12:39,26388.0,,12,39,10,1268.432495,2025-12-08 00:13:39
12,40,10,584.7,2025-12-08 00:12:40,25386.0,,12,40,10,1270.448853,2025-12-08 00:13:40
12,41,10,584.7,2025-12-08 00:12:41,24384.0,,12,41,10,1272.369141,2025-12-08 00:13:41
12,42,10,587.7,2025-12-08 00:12:42,23382.0,,12,42,10,1274.199219,2025-12-08 00:13:42
12,43,10,590.4,2025-12-08 00:12:43,22377.0,,12,43,10,1275.944824,2025-12-08 00:13:43
12,44,10,613.0,2025-12-08 00:12:44,21376.0,,12,44,10,1277.610718,2025-12-08 00:13:44
12,45,10,594.8,2025-12-08 00:12:45,20372.0,,12,45,10,1279.202148,2025-12-08 00:13:45
12,46,10,600.2,2025-12-08 00:12:46,19371.0,,12,46,10,1280.722778,2025-12-08 00:13:46
12,47,10,592.9,2025-12-08 00:12:47,18367.0,,12,47,10,1282.177002,2025-12-08 00:13:47
12,48,10,593.7,2025-12-08 00:12:48,17365.0,,12,48,10,1283.568359,2025-12-08 00:13:48
12,49,10,593.7,2025-12-08 00:12:49,16360.0,,12,49,10,1284.900269,2025-12-08 00:13:49
12,50,10,593.6,2025-12-08 00:12:50,15347.0,,12,50,10,1286.176025,2025-12-08 00:13:50
12,51,10,595.6,2025-12-08 00:12:51,14346.0,,12,51,10,1287.398682,2025-12-08 00:13:51
12,52,10,596.0,2025-12-08 00:12:52,13343.0,,12,52,10,1288.570801,2025-12-08 00:13:52
12,53,10,593.1,2025-12-08 00:12:53,12342.0,,12,53,10,1289.694946,2025-12-08 00:13:53
12,54,10,597.2,2025-12-08 00:12:54,11339.0,,12,54,10,1290.773804,2025-12-08 00:13:54
12,55,10,591.7,2025-12-08 00:12:55,10335.0,,12,55,10,1291.80957,2025-12-08 00:13:55
12,56,10,593.4,2025-12-08 00:12:56,9327.0,,12,56,10,1292.803833,2025-12-08 00:13:56
12,57,10,594.6,2025-12-08 00:12:57,8326.0,,12,57,10,1293.759277,2025-12-08 00:13:57
12,58,10,589.8,2025-12-08 00:12:58,7313.0,,12,58,10,1294.67749,2025-12-08 00:13:58
12,59,10,583.8,2025-12-08 00:12:59,6309.0,,12,59,10,1295.560059,2025-12-08 00:13:59
13,0,10,588.6,2025-12-08 00:13:00,65231.0,,13,0,10,923.003479,2025-12-08 00:14:00
13,1,10,584.9,2025-12-08 00:13:01,64227.0,,13,1,10,937.414978,2025-12-08 00:14:01
13,2,10,588.1,2025-12-08 00:13:02,63218.0,,13,2,10,955.034485,2025-12-08 00:14:02
13,3,10,589.1,2025-12-08 00:13:03,62216.0,,13,3,10,973.601868,2025-12-08 00:14:03
13,4,10,586.7,2025-12-08 00:13:04,61215.0,,13,4,10,992.469238,2025-12-08 00:14:04
13,5,10,589.1,2025-12-08 00:13:05,60214.0,,13,5,10,1011.174866,2025-12-08 00:14:05
13,6,10,595.1,2025-12-08 00:13:06,59213.0,,13,6,10,1029.401001,2025-12-08 00:14:06
13,7,10,588.8,2025-12-08 00:13:07,58211.0,,13,7,10,1046.932983,2025-12-08 00:14:07
13,8,10,595.9,2025-12-08 00:13:08,57209.0,,13,8,10,1063.631592,2025-12-08 00:14:08
13,9,10,586.3,2025-12-08 00:13:09,56207.0,,13,9,10,1079.413574,2025-12-08 00:14:09
13,10,10,585.1,2025-12-08 00:13:10,55205.0,,13,10,10,1094.23877,2025-12-08 00:14:10
13,11,10,584.5,2025-12-08 00:13:11,54203.0,,13,11,10,1108.098389,2025-12-08 00:14:11
13,12,10,588.2,2025-12-08 00:13:12,53200.0,,13,12,10,1121.007446,2025-12-08 00:14:12
13,13,10,587.0,2025-12-08 00:13:13,52198.0,,13,13,10,1132.997925,2025-12-08 00:14:13
13,14,10,589.0,2025-12-08 00:13:14,51196.0,,13,14,10,1144.112793,2025-12-08 00:14:14
13,15,10,587.3,2025-12-08 00:13:15,50194.0,,13,15,10,1154.402954,2025-12-08 00:14:15
13,16,10,584.8,2025-12-08 00:13:16,49193.0,,13,16,10,1163.922974,2025-12-08 00:14:16
13,17,10,587.5,2025-12-08 00:13:17,48191.0,,13,17,10,1172.72876,2025-12-08 00:14:17
13,18,10,588.8,2025-12-08 00:13:18,47190.0,,13,18,10,1180.876343,2025-12-08 00:14:18
13,19,10,589.4,2025-12-08 00:13:19,46188.0,,13,19,10,1188.419189,2025-12-08 00:14:19
13,20,10,590.8,2025-12-08 00:13:20,45187.0,,13,20,10,1195.408813,2025-12-08 00:14:20
13,21,10,587.4,2025-12-08 00:13:21,44185.0,,13,21,10,1201.893188,2025-12-08 00:14:21
13,22,10,585.1,2025-12-08 00:13:22,43175.0,,13,22,10,1207.91687,2025-12-08 00:14:22
13,23,10,586.8,2025-12-08 00:13:23,42174.0,,13,23,10,1213.52063,2025-12-08 00:14:23
13,24,10,591.3,2025-12-08 00:13:24,41172.0,,13,24,10,1218.741821,2025-12-08 00:14:24
13,25,10,583.3,2025-12-08 00:13:25,40171.0,,13,25,10,1223.614258,2025-12-08 00:14:25
13,26,10,586.5,2025-12-08 00:13:26,39170.0,,13,26,10,1228.168579,2025-12-08 00:14:26
13,27,10,584.8,2025-12-08 00:13:27,38168.0,,13,27,10,1232.432251,2025-12-08 00:14:27
13,28,10,583.7,2025-12-08 00:13:28,37166.0,,13,28,10,1236.430298,2025-12-08 00:14:28
13,29,10,584.8,2025-12-08 00:13:29,36165.0,,13,29,10,1240.18457,2025-12-08 00:14:29
13,30,10,584.1,2025-12-08 00:13:30,35164.0,,13,30,10,1243.715576,2025-12-08 00:14:30
13,31,10,553.7,2025-12-08 00:13:31,34162.0,,13,31,10,1247.041016,2025-12-08 00:14:31
13,32,10,556.2,2025-12-08 00:13:32,33160.0,,13,32,10,1250.177002,2025-12-08 00:14:32
13,33,10,556.4,2025-12-08 00:13:33,32158.0,,13,33,10,1253.138184,2025-12-08 00:14:33
13,34,10,556.9,2025-12-08 00:13:34,31156.0,,13,34,10,1255.937988,2025-12-08 00:14:34
13,35,10,552.9,2025-12-08 00:13:35,30153.0,,13,35,10,1258.588013,2025-12-08 00:14:35
13,36,10,554.3,2025-12-08 00:13:36,29151.0,,13,36,10,1261.098999,2025-12-08 00:14:36
13,37,10,554.3,2025-12-08 00:13:37,28149.0,,13,37,10,1263.480835,2025-12-08 00:14:37
13,38,10,555.0,2025-12-08 00:13:38,27147.0,,13,38,10,1265.74231,2025-12-08 00:14:38
13,39,10,557.5,2025-12-08 00:13:39,26144.0,,13,39,10,1267.891602,2025-12-08 00:14:39
13,40,10,553.5,2025-12-08 00:13:40,25139.0,,13,40,10,1269.936035,2025-12-08 00:14:40
13,41,10,553.9,2025-12-08 00:13:41,24137.0,,13,41,10,1271.882324,2025-12-08 00:14:41
13,42,10,556.9,2025-12-08 00:13:42,23136.0,,13,42,10,1273.736694,2025-12-08 00:14:42
13,43,10,556.0,2025-12-08 00:13:43,22134.0,,13,43,10,1275.504639,2025-12-08 00:14:43
13,44,10,558.0,2025-12-08 00:13:44,21133.0,,13,44,10,1277.19165,2025-12-08 00:14:44
13,45,10,557.0,2025-12-08 00:13:45,20130.0,,13,45,10,1278.80249,2025-12-08 00:14:45
13,46,10,551.6,2025-12-08 00:13:46,19128.0,,13,46,10,1280.341431,2025-12-08 00:14:46
13,47,10,555.4,2025-12-08 00:13:47,18127.0,,13,47,10,1281.812744,2025-12-08 00:14:47
13,48,10,555.8,2025-12-08 00:13:48,17125.0,,13,48,10,1283.220093,2025-12-08 00:14:48
13,49,10,554.3,2025-12-08 00:13:49,16121.0,,13,49,10,1284.567261,2025-12-08 00:14:49
13,50,10,559.0,2025-12-08 00:13:50,15120.0,,13,50,10,1285.857178,2025-12-08 00:14:50
13,51,10,553.3,2025-12-08 00:13:51,14117.0,,13,51,10,1287.09314,2025-12-08 00:14:51
13,52,10,555.4,2025-12-08 00:13:52,13113.0,,13,52,10,1288.277954,2025-12-08 00:14:52
13,53,10,554.8,2025-12-08 00:13:53,12112.0,,13,53,10,1289.414185,2025-12-08 00:14:53
13,54,10,558.2,2025-12-08 00:13:54,11110.0,,13,54,10,1290.504272,2025-12-08 00:14:54
13,55,10,555.4,2025-12-08 00:13:55,10109.0,,13,55,10,1291.550537,2025-12-08 00:14:55
13,56,10,554.4,2025-12-08 00:13:56,9107.0,,13,56,10,1292.555054,2025-12-08 00:14:56
13,57,10,553.5,2025-12-08 00:13:57,8105.0,,13,57,10,1293.520142,2025-12-08 00:14:57
13,58,10,555.7,2025-12-08 00:13:58,7103.0,,13,58,10,1294.447266,2025-12-08 00:14:58
13,59,10,558.7,2025-12-08 00:13:59,6098.0,,13,59,10,1295.338623,2025-12-08 00:14:59
14,0,10,566.2,2025-12-08 00:14:00,65350.0,,14,0,10,922.003845,2025-12-08 00:15:00
14,1,10,560.5,2025-12-08 00:14:01,64348.0,,14,1,10,936.416626,2025-12-08 00:15:01
14,2,10,559.9,2025-12-08 00:14:02,63347.0,,14,2,10,954.079285,2025-12-08 00:15:02
14,3,10,559.3,2025-12-08 00:14:03,62344.0,,14,3,10,972.698486,2025-12-08 00:15:03
14,4,10,555.3,2025-12-08 00:14:04,61338.0,,14,4,10,991.622925,2025-12-08 00:15:04
14,5,10,573.0,2025-12-08 00:14:05,60337.0,,14,5,10,1010.387878,2025-12-08 00:15:05
14,6,10,555.7,2025-12-08 00:14:06,59336.0,,14,6,10,1028.673706,2025-12-08 00:15:06
14,7,10,557.3,2025-12-08 00:14:07,58335.0,,14,7,10,1046.264038,2025-12-08 00:15:07
14,8,10,558.0,2025-12-08 00:14:08,57333.0,,14,8,10,1063.018677,2025-12-08 00:15:08
14,9,10,558.9,2025-12-08 00:14:09,56331.0,,14,9,10,1078.85376,2025-12-08 00:15:09
14,10,10,553.8,2025-12-08 00:14:10,55329.0,,14,10,10,1093.72876,2025-12-08 00:15:10
14,11,10,552.6,2025-12-08 00:14:11,54328.0,,14,11,10,1107.634521,2025-12-08 00:15:11
14,12,10,555.2,2025-12-08 00:14:12,53326.0,,14,12,10,1120.585815,2025-12-08 00:15:12
14,13,10,553.4,2025-12-08 00:14:13,52324.0,,14,13,10,1132.614746,2025-12-08 00:15:13
14,14,10,554.1,2025-12-08 00:14:14,51323.0,,14,14,10,1143.764771,2025-12-08 00:15:14
14,15,10,551.8,2025-12-08 00:14:15,50321.0,,14,15,10,1154.086792,2025-12-08 00:15:15
14,16,10,550.8,2025-12-08 00:14:16,49320.0,,14,16,10,1163.635254,2025-12-08 00:15:16
14,17,10,554.9,2025-12-08 00:14:17,48319.0,,14,17,10,1172.466919,2025-12-08 00:15:17
14,18,10,554.1,2025-12-08 00:14:18,47316.0,,14,18,10,1180.637329,2025-12-08 00:15:18
14,19,10,560.6,2025-12-08 00:14:19,46314.0,,14,19,10,1188.200928,2025-12-08 00:15:19
14,20,10,554.3,2025-12-08 00:14:20,45312.0,,14,20,10,1195.209229,2025-12-08 00:15:20
14,21,10,551.1,2025-12-08 00:14:21,44311.0,,14,21,10,1201.709961,2025-12-08 00:15:21
14,22,10,551.7,2025-12-08 00:14:22,43308.0,,14,22,10,1207.748413,2025-12-08 00:15:22
14,23,10,551.7,2025-12-08 00:14:23,42306.0,,14,23,10,1213.365479,2025-12-08 00:15:23
14,24,10,554.8,2025-12-08 00:14:24,41304.0,,14,24,10,1218.598511,2025-12-08 00:15:24
14,25,10,552.7,2025-12-08 00:14:25,40302.0,,14,25,10,1223.481689,2025-12-08 00:15:25
14,26,10,553.7,2025-12-08 00:14:26,39300.0,,14,26,10,1228.045532,2025-12-08 00:15:26
14,27,10,553.1,2025-12-08 00:14:27,38299.0,,14,27,10,1232.317871,2025-12-08 00:15:27
14,28,10,552.6,2025-12-08 00:14:28,37297.0,,14,28,10,1236.323486,2025-12-08 00:15:28
14,29,10,552.4,2025-12-08 00:14:29,36294.0,,14,29,10,1240.084961,2025-12-08 00:15:29
14,30,10,554.9,2025-12-08 00:14:30,35292.0,,14,30,10,1243.622437,2025-12-08 00:15:30
14,31,10,552.3,2025-12-08 00:14:31,34291.0,,14,31,10,1246.953613,2025-12-08 00:15:31
14,32,10,552.6,2025-12-08 00:14:32,33289.0,,14,32,10,1250.094971,2025-12-08 00:15:32
14,33,10,551.8,2025-12-08 00:14:33,32285.0,,14,33,10,1253.061279,2025-12-08 00:15:33
14,34,10,550.3,2025-12-08 00:14:34,31283.0,,14,34,10,1255.865356,2025-12-08 00:15:34
14,35,10,553.3,2025-12-08 00:14:35,30280.0,,14,35,10,1258.519653,2025-12-08 00:15:35
14,36,10,547.4,2025-12-08 00:14:36,29279.0,,14,36,10,1261.034424,2025-12-08 00:15:36
14,37,10,557.1,2025-12-08 00:14:37,28271.0,,14,37,10,1263.4198,2025-12-08 00:15:37
14,38,10,554.3,2025-12-08 00:14:38,27265.0,,14,38,10,1265.68457,2025-12-08 00:15:38
14,39,10,555.4,2025-12-08 00:14:39,26264.0,,14,39,10,1267.836914,2025-12-08 00:15:39
14,40,10,554.4,2025-12-08 00:14:40,25261.0,,14,40,10,1269.884033,2025-12-08 00:15:40
14,41,10,552.2,2025-12-08 00:14:41,24255.0,,14,41,10,1271.832886,2025-12-08 00:15:41
14,42,10,554.8,2025-12-08 00:14:42,23252.0,,14,42,10,1273.689697,2025-12-08 00:15:42
14,43,10,553.1,2025-12-08 00:14:43,22251.0,,14,43,10,1275.459961,2025-12-08 00:15:43
14,44,10,554.7,2025-12-08 00:14:44,21250.0,,14,44,10,1277.14917,2025-12-08 00:15:44
14,45,10,553.1,2025-12-08 00:14:45,20248.0,,14,45,10,1278.761841,2025-12-08 00:15:45
14,46,10,550.4,2025-12-08 00:14:46,19243.0,,14,46,10,1280.302734,2025-12-08 00:15:46
14,47,10,552.4,2025-12-08 00:14:47,18242.0,,14,47,10,1281.775757,2025-12-08 00:15:47
14,48,10,551.7,2025-12-08 00:14:48,17226.0,,14,48,10,1283.184814,2025-12-08 00:15:48
14,49,10,551.3,2025-12-08 00:14:49,16224.0,,14,49,10,1284.533447,2025-12-08 00:15:49
14,50,10,553.5,2025-12-08 00:14:50,15219.0,,14,50,10,1285.824707,2025-12-08 00:15:50
14,51,10,557.3,2025-12-08 00:14:51,14217.0,,14,51,10,1287.062012,2025-12-08 00:15:51
14,52,10,550.1,2025-12-08 00:14:52,13215.0,,14,52,10,1288.248169,2025-12-08 00:15:52
14,53,10,553.6,2025-12-08 00:14:53,12209.0,,14,53,10,1289.385498,2025-12-08 00:15:53
14,54,10,553.0,2025-12-08 00:14:54,11207.0,,14,54,10,1290.476807,2025-12-08 00:15:54
14,55,10,549.9,2025-12-08 00:14:55,10204.0,,14,55,10,1291.52417,2025-12-08 00:15:55
14,56,10,553.7,2025-12-08 00:14:56,9200.0,,14,56,10,1292.529785,2025-12-08 00:15:56
14,57,10,553.2,2025-12-08 00:14:57,8194.0,,14,57,10,1293.495728,2025-12-08 00:15:57
14,58,10,550.8,2025-12-08 00:14:58,7189.0,,14,58,10,1294.423828,2025-12-08 00:15:58
14,59,10,553.0,2025-12-08 00:14:59,6180.0,,14,59,10,1295.31604,2025-12-08 00:15:59
15,0,10,554.0,2025-12-08 00:15:00,65145.0,,15,0,10,1101.213745,2025-12-08 00:16:00
15,1,10,556.4,2025-12-08 00:15:01,64142.0,,15,1,10,1112.193115,2025-12-08 00:16:01
15,2,10,554.8,2025-12-08 00:15:02,63139.0,,15,2,10,1122.898682,2025-12-08 00:16:02
15,3,10,553.6,2025-12-08 00:15:03,62137.0,,15,3,10,1133.219238,2025-12-08 00:16:03
15,4,10,552.0,2025-12-08 00:15:04,61106.0,,15,4,10,1143.083496,2025-12-08 00:16:04
15,5,10,554.8,2025-12-08 00:15:05,60104.0,,15,5,10,1152.453491,2025-12-08 00:16:05
15,6,10,555.2,2025-12-08 00:15:06,59102.0,,15,6,10,1161.314209,2025-12-08 00:16:06
15,7,10,685.1,2025-12-08 00:15:07,58099.0,,15,7,10,1169.664795,2025-12-08 00:16:07
15,8,10,655.4,2025-12-08 00:15:08,56819.0,,15,8,10,1177.515503,2025-12-08 00:16:08
15,9,10,653.1,2025-12-08 00:15:09,55485.0,,15,9,10,1184.882935,2025-12-08 00:16:09
15,10,10,652.3,2025-12-08 00:15:10,54483.0,,15,10,10,1191.788574,2025-12-08 00:16:10
15,11,10,559.7,2025-12-08 00:15:11,53283.0,,15,11,10,1198.256714,2025-12-08 00:16:11
15,12,10,654.7,2025-12-08 00:15:12,52263.0,,15,12,10,1204.313354,2025-12-08 00:16:12
15,13,10,650.5,2025-12-08 00:15:13,51262.0,,15,13,10,1209.985107,2025-12-08 00:16:13
15,14,10,706.2,2025-12-08 00:15:14,50253.0,,15,14,10,1215.297852,2025-12-08 00:16:14
15,15,10,669.2,2025-12-08 00:15:15,49151.0,,15,15,10,1220.277466,2025-12-08 00:16:15
15,16,10,662.5,2025-12-08 00:15:16,48074.0,,15,16,10,1224.947632,2025-12-08 00:16:16
15,17,10,663.7,2025-12-08 00:15:17,46503.0,,15,17,10,1229.331909,2025-12-08 00:16:17
15,18,10,655.4,2025-12-08 00:15:18,45501.0,,15,18,10,1233.45166,2025-12-08 00:16:18
15,19,10,658.0,2025-12-08 00:15:19,44500.0,,15,19,10,1237.326782,2025-12-08 00:16:19
15,20,10,658.4,2025-12-08 00:15:20,43499.0,,15,20,10,1240.97583,2025-12-08 00:16:20
15,21,10,661.6,2025-12-08 00:15:21,42488.0,,15,21,10,1244.416016,2025-12-08 00:16:21
15,22,10,659.7,2025-12-08 00:15:22,41486.0,,15,22,10,1247.66272,2025-12-08 00:16:22
15,23,10,658.5,2025-12-08 00:15:23,40387.0,,15,23,10,1250.730347,2025-12-08 00:16:23
15,24,10,660.1,2025-12-08 00:15:24,39385.0,,15,24,10,1253.63208,2025-12-08 00:16:24
15,25,10,656.9,2025-12-08 00:15:25,38363.0,,15,25,10,1256.379639,2025-12-08 00:16:25
15,26,10,658.9,2025-12-08 00:15:26,37332.0,,15,26,10,1258.983643,2025-12-08 00:16:26
15,27,10,662.2,2025-12-08 00:15:27,36330.0,,15,27,10,1261.454346,2025-12-08 00:16:27
15,28,10,659.7,2025-12-08 00:15:28,35329.0,,15,28,10,1263.800781,2025-12-08 00:16:28
15,29,10,660.5,2025-12-08 00:15:29,34327.0,,15,29,10,1266.030884,2025-12-08 00:16:29
15,30,10,658.1,2025-12-08 00:15:30,33300.0,,15,30,10,1268.15271,2025-12-08 00:16:30
15,31,10,656.9,2025-12-08 00:15:31,32288.0,,15,31,10,1270.172729,2025-12-08 00:16:31
15,32,10,661.4,2025-12-08 00:15:32,31287.0,,15,32,10,1272.097412,2025-12-08 00:16:32
15,33,10,662.3,2025-12-08 00:15:33,30281.0,,15,33,10,1273.932861,2025-12-08 00:16:33
15,34,10,661.3,2025-12-08 00:15:34,29275.0,,15,34,10,1275.684082,2025-12-08 00:16:34
15,35,10,660.0,2025-12-08 00:15:35,28268.0,,15,35,10,1277.356201,2025-12-08 00:16:35
15,36,10,657.6,2025-12-08 00:15:36,27264.0,,15,36,10,1278.953979,2025-12-08 00:16:36
15,37,10,668.0,2025-12-08 00:15:37,26262.0,,15,37,10,1280.481323,2025-12-08 00:16:37
15,38,10,657.0,2025-12-08 00:15:38,25258.0,,15,38,10,1281.942383,2025-12-08 00:16:38
15,39,10,658.9,2025-12-08 00:15:39,24257.0,,15,39,10,1283.340698,2025-12-08 00:16:39
15,40,10,675.6,2025-12-08 00:15:40,23256.0,,15,40,10,1284.679688,2025-12-08 00:16:40
15,41,10,665.9,2025-12-08 00:15:41,22184.0,,15,41,10,1285.962524,2025-12-08 00:16:41
15,42,10,675.3,2025-12-08 00:15:42,21175.0,,15,42,10,1287.192017,2025-12-08 00:16:42
15,43,10,660.5,2025-12-08 00:15:43,20171.0,,15,43,10,1288.371094,2025-12-08 00:16:43
15,44,10,658.7,2025-12-08 00:15:44,19170.0,,15,44,10,1289.502075,2025-12-08 00:16:44
15,45,10,659.7,2025-12-08 00:15:45,18169.0,,15,45,10,1290.587524,2025-12-08 00:16:45
15,46,10,956.1,2025-12-08 00:15:46,17163.0,,15,46,10,1291.629639,2025-12-08 00:16:46
15,47,10,955.4,2025-12-08 00:15:47,16097.0,,15,47,10,1292.632446,2025-12-08 00:16:47
15,48,10,848.7,2025-12-08 00:15:48,15094.0,,15,48,10,1293.596069,2025-12-08 00:16:48
15,49,10,866.7,2025-12-08 00:15:49,14088.0,,15,49,10,1294.521606,2025-12-08 00:16:49
15,50,10,963.0,2025-12-08 00:15:50,13075.0,,15,50,10,1295.411499,2025-12-08 00:16:50
15,51,10,868.2,2025-12-08 00:15:51,12064.0,,15,51,10,1296.267822,2025-12-08 00:16:51
15,52,10,914.7,2025-12-08 00:15:52,11059.0,,15,52,10,1297.091309,2025-12-08 00:16:52
15,53,10,942.8,2025-12-08 00:15:53,10058.0,,15,53,10,1297.883789,2025-12-08 00:16:53
15,54,10,968.5,2025-12-08 00:15:54,9054.0,,15,54,10,1298.646973,2025-12-08 00:16:54
15,55,10,991.4,2025-12-08 00:15:55,8048.0,,15,55,10,1299.381592,2025-12-08 00:16:55
15,56,10,1012.9,2025-12-08 00:15:56,7045.0,,15,56,10,1300.089355,2025-12-08 00:16:56
15,57,10,1034.1,2025-12-08 00:15:57,6032.0,,15,57,10,1300.770996,2025-12-08 00:16:57
15,58,10,1052.1,2025-12-08 00:15:58,5031.0,,15,58,10,1301.427856,2025-12-08 00:16:58
15,59,10,1067.1,2025-12-08 00:15:59,4026.0,,15,59,10,1302.061035,2025-12-08 00:16:59
16,0,10,1078.8,2025-12-08 00:16:00,63002.0,,16,0,10,1180.836182,2025-12-08 00:17:00
16,1,10,1084.0,2025-12-08 00:16:01,62001.0,,16,1,10,1184.781616,2025-12-08 00:17:01
16,2,10,1087.3,2025-12-08 00:16:02,60999.0,,16,2,10,1189.178589,2025-12-08 00:17:02
16,3,10,1093.4,2025-12-08 00:16:03,59998.0,,16,3,10,1193.858398,2025-12-08 00:17:03
16,4,10,1100.4,2025-12-08 00:16:04,58986.0,,16,4,10,1198.67041,2025-12-08 00:17:04
16,5,10,1099.6,2025-12-08 00:16:05,57984.0,,16,5,10,1203.51123,2025-12-08 00:17:05
16,6,10,1099.7,2025-12-08 00:16:06,56978.0,,16,6,10,1208.307617,2025-12-08 00:17:06
16,7,10,1098.5,2025-12-08 00:16:07,55977.0,,16,7,10,1213.007568,2025-12-08 00:17:07
16,8,10,1098.9,2025-12-08 00:16:08,54970.0,,16,8,10,1217.574951,2025-12-08 00:17:08
16,9,10,1098.8,2025-12-08 00:16:09,53966.0,,16,9,10,1221.985107,2025-12-08 00:17:09
16,10,10,1099.1,2025-12-08 00:16:10,52961.0,,16,10,10,1226.222778,2025-12-08 00:17:10
16,11,10,1098.0,2025-12-08 00:16:11,51958.0,,16,11,10,1230.279297,2025-12-08 00:17:11
16,12,10,1097.6,2025-12-08 00:16:12,50956.0,,16,12,10,1234.151733,2025-12-08 00:17:12
16,13,10,1096.1,2025-12-08 00:16:13,49951.0,,16,13,10,1237.84021,2025-12-08 00:17:13
16,14,10,1091.7,2025-12-08 00:16:14,48949.0,,16,14,10,1241.348633,2025-12-08 00:17:14
16,15,10,1094.8,2025-12-08 00:16:15,47947.0,,16,15,10,1244.682373,2025-12-08 00:17:15
16,16,10,1093.1,2025-12-08 00:16:16,46945.0,,16,16,10,1247.848511,2025-12-08 00:17:16
16,17,10,1096.3,2025-12-08 00:16:17,45943.0,,16,17,10,1250.85437,2025-12-08 00:17:17
16,18,10,1093.5,2025-12-08 00:16:18,44941.0,,16,18,10,1253.708496,2025-12-08 00:17:18
16,19,10,1097.7,2025-12-08 00:16:19,43939.0,,16,19,10,1256.418945,2025-12-08 00:17:19
16,20,10,1100.0,2025-12-08 00:16:20,42938.0,,16,20,10,1258.994141,2025-12-08 00:17:20
16,21,10,1096.6,2025-12-08 00:16:21,41932.0,,16,21,10,1261.442139,2025-12-08 00:17:21
16,22,10,1098.6,2025-12-08 00:16:22,40931.0,,16,22,10,1263.770264,2025-12-08 00:17:22
16,23,10,1101.7,2025-12-08 00:16:23,39929.0,,16,23,10,1265.986084,2025-12-08 00:17:23
16,24,10,1107.1,2025-12-08 00:16:24,38929.0,,16,24,10,1268.096313,2025-12-08 00:17:24
16,25,10,1101.5,2025-12-08 00:16:25,37927.0,,16,25,10,1270.1073,2025-12-08 00:17:25
16,26,10,1108.4,2025-12-08 00:16:26,36925.0,,16,26,10,1272.024902,2025-12-08 00:17:26
16,27,10,1112.6,2025-12-08 00:16:27,35919.0,,16,27,10,1273.854858,2025-12-08 00:17:27
16,28,10,1115.5,2025-12-08 00:16:28,34916.0,,16,28,10,1275.602295,2025-12-08 00:17:28
16,29,10,1115.5,2025-12-08 00:16:29,33914.0,,16,29,10,1277.271851,2025-12-08 00:17:29
16,30,10,1117.1,2025-12-08 00:16:30,32910.0,,16,30,10,1278.86792,2025-12-08 00:17:30
16,31,10,1115.3,2025-12-08 00:16:31,31907.0,,16,31,10,1280.394531,2025-12-08 00:17:31
16,32,10,1118.6,2025-12-08 00:16:32,30905.0,,16,32,10,1281.855713,2025-12-08 00:17:32
16,33,10,1122.1,2025-12-08 00:16:33,29904.0,,16,33,10,1283.254883,2025-12-08 00:17:33
16,34,10,1127.1,2025-12-08 00:16:34,28901.0,,16,34,10,1284.595337,2025-12-08 00:17:34
16,35,10,1119.9,2025-12-08 00:16:35,27900.0,,16,35,10,1285.880005,2025-12-08 00:17:35
16,36,10,1119.9,2025-12-08 00:16:36,26898.0,,16,36,10,1287.111938,2025-12-08 00:17:36
16,37,10,1122.3,2025-12-08 00:16:37,25897.0,,16,37,10,1288.293701,2025-12-08 00:17:37
16,38,10,1122.1,2025-12-08 00:16:38,24896.0,,16,38,10,1289.427734,2025-12-08 00:17:38
16,39,10,1122.0,2025-12-08 00:16:39,23894.0,,16,39,10,1290.516479,2025-12-08 00:17:39
16,40,10,1120.9,2025-12-08 00:16:40,22893.0,,16,40,10,1291.562256,2025-12-08 00:17:40
16,41,10,1121.8,2025-12-08 00:16:41,21891.0,,16,41,10,1292.566772,2025-12-08 00:17:41
16,42,10,1123.5,2025-12-08 00:16:42,20887.0,,16,42,10,1293.532227,2025-12-08 00:17:42
16,43,10,1128.2,2025-12-08 00:16:43,19886.0,,16,43,10,1294.460327,2025-12-08 00:17:43
16,44,10,1123.1,2025-12-08 00:16:44,18885.0,,16,44,10,1295.353027,2025-12-08 00:17:44
16,45,10,1123.7,2025-12-08 00:16:45,17884.0,,16,45,10,1296.211426,2025-12-08 00:17:45
16,46,10,1117.6,2025-12-08 00:16:46,16883.0,,16,46,10,1297.037476,2025-12-08 00:17:46
16,47,10,1117.3,2025-12-08 00:16:47,15882.0,,16,47,10,1297.83252,2025-12-08 00:17:47
16,48,10,1119.2,2025-12-08 00:16:48,14881.0,,16,48,10,1298.597778,2025-12-08 00:17:48
16,49,10,1115.0,2025-12-08 00:16:49,13880.0,,16,49,10,1299.334717,2025-12-08 00:17:49
16,50,10,1117.1,2025-12-08 00:16:50,12879.0,,16,50,10,1300.044434,2025-12-08 00:17:50
16,51,10,1117.6,2025-12-08 00:16:51,11878.0,,16,51,10,1300.728027,2025-12-08 00:17:51
16,52,10,1119.0,2025-12-08 00:16:52,10877.0,,16,52,10,1301.386841,2025-12-08 00:17:52
16,53,10,1116.6,2025-12-08 00:16:53,9876.0,,16,53,10,1302.021606,2025-12-08 00:17:53
16,54,10,1117.0,2025-12-08 00:16:54,8875.0,,16,54,10,1302.633423,2025-12-08 00:17:54
16,55,10,1119.0,2025-12-08 00:16:55,7874.0,,16,55,10,1303.223267,2025-12-08 00:17:55
16,56,10,1121.1,2025-12-08 00:16:56,6873.0,,16,56,10,1303.79187,2025-12-08 00:17:56
16,57,10,1124.6,2025-12-08 00:16:57,5871.0,,16,57,10,1304.340332,2025-12-08 00:17:57
16,58,10,1117.7,2025-12-08 00:16:58,4870.0,,16,58,10,1304.869141,2025-12-08 00:17:58
16,59,10,1132.6,2025-12-08 00:16:59,3868.0,,16,59,10,1305.379395,2025-12-08 00:17:59
17,0,10,1125.4,2025-12-08 00:17:00,62671.0,,17,0,10,1179.296753,2025-12-08 00:18:00
17,1,10,1120.7,2025-12-08 00:17:01,61670.0,,17,1,10,1183.062012,2025-12-08 00:18:01
17,2,10,1124.0,2025-12-08 00:17:02,60668.0,,17,2,10,1187.347778,2025-12-08 00:18:02
17,3,10,1125.4,2025-12-08 00:17:03,59665.0,,17,3,10,1191.974731,2025-12-08 00:18:03
17,4,10,1121.3,2025-12-08 00:17:04,58659.0,,17,4,10,1196.774292,2025-12-08 00:18:04
17,5,10,1121.8,2025-12-08 00:17:05,57657.0,,17,5,10,1201.631958,2025-12-08 00:18:05
17,6,10,1121.3,2025-12-08 00:17:06,56656.0,,17,6,10,1206.466064,2025-12-08 00:18:06
17,7,10,1124.8,2025-12-08 00:17:07,55654.0,,17,7,10,1211.218384,2025-12-08 00:18:07
17,8,10,1122.7,2025-12-08 00:17:08,54652.0,,17,8,10,1215.848022,2025-12-08 00:18:08
17,9,10,1121.6,2025-12-08 00:17:09,53644.0,,17,9,10,1220.326538,2025-12-08 00:18:09
17,10,10,1118.0,2025-12-08 00:17:10,52641.0,,17,10,10,1224.636108,2025-12-08 00:18:10
17,11,10,1122.8,2025-12-08 00:17:11,51635.0,,17,11,10,1228.765869,2025-12-08 00:18:11
17,12,10,1119.7,2025-12-08 00:17:12,50629.0,,17,12,10,1232.71106,2025-12-08 00:18:12
17,13,10,1119.9,2025-12-08 00:17:13,49624.0,,17,13,10,1236.471191,2025-12-08 00:18:13
17,14,10,1117.8,2025-12-08 00:17:14,48623.0,,17,14,10,1240.048706,2025-12-08 00:18:14
17,15,10,1121.7,2025-12-08 00:17:15,47622.0,,17,15,10,1243.448853,2025-12-08 00:18:15
17,16,10,1115.5,2025-12-08 00:17:16,46618.0,,17,16,10,1246.677979,2025-12-08 00:18:16
17,17,10,1119.2,2025-12-08 00:17:17,45616.0,,17,17,10,1249.743774,2025-12-08 00:18:17
17,18,10,1121.0,2025-12-08 00:17:18,44615.0,,17,18,10,1252.654419,2025-12-08 00:18:18
17,19,10,1125.6,2025-12-08 00:17:19,43613.0,,17,19,10,1255.418335,2025-12-08 00:18:19
17,20,10,1123.8,2025-12-08 00:17:20,42613.0,,17,20,10,1258.043457,2025-12-08 00:18:20
17,21,10,1121.9,2025-12-08 00:17:21,41609.0,,17,21,10,1260.538574,2025-12-08 00:18:21
17,22,10,1111.0,2025-12-08 00:17:22,40604.0,,17,22,10,1262.910767,2025-12-08 00:18:22
17,23,10,1116.8,2025-12-08 00:17:23,39603.0,,17,23,10,1265.167969,2025-12-08 00:18:23
17,24,10,1119.8,2025-12-08 00:17:24,38600.0,,17,24,10,1267.317017,2025-12-08 00:18:24
17,25,10,1113.8,2025-12-08 00:17:25,37599.0,,17,25,10,1269.36438,2025-12-08 00:18:25
17,26,10,1113.6,2025-12-08 00:17:26,36592.0,,17,26,10,1271.316528,2025-12-08 00:18:26
17,27,10,1118.1,2025-12-08 00:17:27,35591.0,,17,27,10,1273.178711,2025-12-08 00:18:27
17,28,10,1118.1,2025-12-08 00:17:28,34589.0,,17,28,10,1274.956421,2025-12-08 00:18:28
17,29,10,1122.9,2025-12-08 00:17:29,33587.0,,17,29,10,1276.654663,2025-12-08 00:18:29
17,30,10,1118.3,2025-12-08 00:17:30,32585.0,,17,30,10,1278.277588,2025-12-08 00:18:30
17,31,10,1114.6,2025-12-08 00:17:31,31580.0,,17,31,10,1279.830078,2025-12-08 00:18:31
17,32,10,1117.0,2025-12-08 00:17:32,30579.0,,17,32,10,1281.315308,2025-12-08 00:18:32
17,33,10,1118.8,2025-12-08 00:17:33,29576.0,,17,33,10,1282.737427,2025-12-08 00:18:33
17,34,10,1119.4,2025-12-08 00:17:34,28573.0,,17,34,10,1284.099487,2025-12-08 00:18:34
17,35,10,1114.6,2025-12-08 00:17:35,27570.0,,17,35,10,1285.404663,2025-12-08 00:18:35
17,36,10,1122.3,2025-12-08 00:17:36,26568.0,,17,36,10,1286.656006,2025-12-08 00:18:36
17,37,10,1119.4,2025-12-08 00:17:37,25567.0,,17,37,10,1287.856323,2025-12-08 00:18:37
17,38,10,1119.8,2025-12-08 00:17:38,24560.0,,17,38,10,1289.007935,2025-12-08 00:18:38
17,39,10,1119.9,2025-12-08 00:17:39,23559.0,,17,39,10,1290.113525,2025-12-08 00:18:39
17,40,10,1120.9,2025-12-08 00:17:40,22557.0,,17,40,10,1291.175049,2025-12-08 00:18:40
17,41,10,1128.5,2025-12-08 00:17:41,21554.0,,17,41,10,1292.194824,2025-12-08 00:18:41
17,42,10,1119.8,2025-12-08 00:17:42,20553.0,,17,42,10,1293.174683,2025-12-08 00:18:42
17,43,10,1115.3,2025-12-08 00:17:43,19552.0,,17,43,10,1294.116577,2025-12-08 00:18:43
17,44,10,1126.7,2025-12-08 00:17:44,18550.0,,17,44,10,1295.022217,2025-12-08 00:18:44
17,45,10,1128.4,2025-12-08 00:17:45,17549.0,,17,45,10,1295.893311,2025-12-08 00:18:45
17,46,10,1124.6,2025-12-08 00:17:46,16548.0,,17,46,10,1296.731323,2025-12-08 00:18:46
17,47,10,1124.2,2025-12-08 00:17:47,15547.0,,17,47,10,1297.537842,2025-12-08 00:18:47
17,48,10,1119.3,2025-12-08 00:17:48,14544.0,,17,48,10,1298.314087,2025-12-08 00:18:48
17,49,10,1118.6,2025-12-08 00:17:49,13542.0,,17,49,10,1299.061523,2025-12-08 00:18:49
17,50,10,1117.9,2025-12-08 00:17:50,12538.0,,17,50,10,1299.781372,2025-12-08 00:18:50
17,51,10,1121.7,2025-12-08 00:17:51,11537.0,,17,51,10,1300.474609,2025-12-08 00:18:51
17,52,10,1117.3,2025-12-08 00:17:52,10535.0,,17,52,10,1301.142578,2025-12-08 00:18:52
17,53,10,1116.0,2025-12-08 00:17:53,9531.0,,17,53,10,1301.786255,2025-12-08 00:18:53
17,54,10,1117.3,2025-12-08 00:17:54,8527.0,,17,54,10,1302.406616,2025-12-08 00:18:54
17,55,10,1115.9,2025-12-08 00:17:55,7525.0,,17,55,10,1303.004517,2025-12-08 00:18:55
17,56,10,1117.0,2025-12-08 00:17:56,6524.0,,17,56,10,1303.581177,2025-12-08 00:18:56
17,57,10,1119.2,2025-12-08 00:17:57,5522.0,,17,57,10,1304.136963,2025-12-08 00:18:57
17,58,10,1116.1,2025-12-08 00:17:58,4520.0,,17,58,10,1304.672974,2025-12-08 00:18:58
17,59,10,1116.8,2025-12-08 00:17:59,3519.0,,17,59,10,1305.190186,2025-12-08 00:18:59
18,0,10,1190.571186,2025-12-08 00:18:00,72625.0,,18,0,10,1236.475708,2025-12-08 00:19:00
18,1,10,1118.6,2025-12-08 00:18:01,71622.0,,18,1,10,1238.489136,2025-12-08 00:19:01
18,2,10,1126.1,2025-12-08 00:18:02,70617.0,,18,2,10,1240.75647,2025-12-08 00:19:02
18,3,10,1119.9,2025-12-08 00:18:03,69614.0,,18,3,10,1243.212891,2025-12-08 00:19:03
18,4,10,1122.9,2025-12-08 00:18:04,68612.0,,18,4,10,1245.771606,2025-12-08 00:19:04
18,5,10,1122.7,2025-12-08 00:18:05,67608.0,,18,5,10,1248.374023,2025-12-08 00:19:05
18,6,10,1119.6,2025-12-08 00:18:06,66604.0,,18,6,10,1250.977661,2025-12-08 00:19:06
18,7,10,1117.6,2025-12-08 00:18:07,65600.0,,18,7,10,1253.55188,2025-12-08 00:19:07
18,8,10,1119.5,2025-12-08 00:18:08,64595.0,,18,8,10,1256.074829,2025-12-08 00:19:08
18,9,10,1118.0,2025-12-08 00:18:09,63585.0,,18,9,10,1258.531128,2025-12-08 00:19:09
18,10,10,1119.5,2025-12-08 00:18:10,62579.0,,18,10,10,1260.910278,2025-12-08 00:19:10
18,11,10,1121.6,2025-12-08 00:18:11,61576.0,,18,11,10,1263.205566,2025-12-08 00:19:11
18,12,10,1119.1,2025-12-08 00:18:12,60574.0,,18,12,10,1265.413452,2025-12-08 00:19:12
18,13,10,1117.7,2025-12-08 00:18:13,59573.0,,18,13,10,1267.532837,2025-12-08 00:19:13
18,14,10,1118.0,2025-12-08 00:18:14,58572.0,,18,14,10,1269.563354,2025-12-08 00:19:14
18,15,10,1154.1,2025-12-08 00:18:15,57571.0,,18,15,10,1271.506958,2025-12-08 00:19:15
18,16,10,1225.9,2025-12-08 00:18:16,56570.0,,18,16,10,1273.365967,2025-12-08 00:19:16
18,17,10,1218.2,2025-12-08 00:18:17,55564.0,,18,17,10,1275.143555,2025-12-08 00:19:17
18,18,10,1216.3,2025-12-08 00:18:18,54562.0,,18,18,10,1276.842773,2025-12-08 00:19:18
18,19,10,1225.4,2025-12-08 00:18:19,53557.0,,18,19,10,1278.467285,2025-12-08 00:19:19
18,20,10,1227.3,2025-12-08 00:18:20,52554.0,,18,20,10,1280.020386,2025-12-08 00:19:20
18,21,10,1218.2,2025-12-08 00:18:21,51550.0,,18,21,10,1281.506348,2025-12-08 00:19:21
18,22,10,1220.1,2025-12-08 00:18:22,50547.0,,18,22,10,1282.927979,2025-12-08 00:19:22
18,23,10,1232.2,2025-12-08 00:18:23,49544.0,,18,23,10,1284.28894,2025-12-08 00:19:23
18,24,10,1220.5,2025-12-08 00:18:24,48543.0,,18,24,10,1285.592163,2025-12-08 00:19:24
18,25,10,1216.8,2025-12-08 00:18:25,47501.0,,18,25,10,1286.841064,2025-12-08 00:19:25
18,26,10,1218.0,2025-12-08 00:18:26,46497.0,,18,26,10,1288.037964,2025-12-08 00:19:26
18,27,10,1222.0,2025-12-08 00:18:27,45469.0,,18,27,10,1289.186035,2025-12-08 00:19:27
18,28,10,1222.3,2025-12-08 00:18:28,44214.0,,18,28,10,1290.287354,2025-12-08 00:19:28
18,29,10,1222.3,2025-12-08 00:18:29,43125.0,,18,29,10,1291.344482,2025-12-08 00:19:29
18,30,10,1217.7,2025-12-08 00:18:30,42122.0,,18,30,10,1292.359619,2025-12-08 00:19:30
18,31,10,1226.4,2025-12-08 00:18:31,41119.0,,18,31,10,1293.334717,2025-12-08 00:19:31
18,32,10,1222.1,2025-12-08 00:18:32,40090.0,,18,32,10,1294.271729,2025-12-08 00:19:32
18,33,10,1220.3,2025-12-08 00:18:33,39031.0,,18,33,10,1295.172485,2025-12-08 00:19:33
18,34,10,1227.1,2025-12-08 00:18:34,37874.0,,18,34,10,1296.038696,2025-12-08 00:19:34
18,35,10,1209.0,2025-12-08 00:18:35,36868.0,,18,35,10,1296.871826,2025-12-08 00:19:35
18,36,10,1213.8,2025-12-08 00:18:36,35866.0,,18,36,10,1297.673462,2025-12-08 00:19:36
18,37,10,1208.7,2025-12-08 00:18:37,34855.0,,18,37,10,1298.444824,2025-12-08 00:19:37
18,38,10,1212.2,2025-12-08 00:18:38,33843.0,,18,38,10,1299.1875,2025-12-08 00:19:38
18,39,10,1210.3,2025-12-08 00:18:39,32839.0,,18,39,10,1299.902832,2025-12-08 00:19:39
18,40,10,1207.1,2025-12-08 00:18:40,31838.0,,18,40,10,1300.591553,2025-12-08 00:19:40
18,41,10,1209.1,2025-12-08 00:18:41,30819.0,,18,41,10,1301.255127,2025-12-08 00:19:41
18,42,10,1209.7,2025-12-08 00:18:42,29795.0,,18,42,10,1301.894653,2025-12-08 00:19:42
18,43,10,1208.7,2025-12-08 00:18:43,28708.0,,18,43,10,1302.510986,2025-12-08 00:19:43
18,44,10,1209.4,2025-12-08 00:18:44,27664.0,,18,44,10,1303.10498,2025-12-08 00:19:44
18,45,10,1204.5,2025-12-08 00:18:45,26660.0,,18,45,10,1303.677856,2025-12-08 00:19:45
18,46,10,1203.1,2025-12-08 00:18:46,25539.0,,18,46,10,1304.230225,2025-12-08 00:19:46
18,47,10,1206.1,2025-12-08 00:18:47,24535.0,,18,47,10,1304.762939,2025-12-08 00:19:47
18,48,10,1207.5,2025-12-08 00:18:48,23534.0,,18,48,10,1305.276978,2025-12-08 00:19:48
18,49,10,1206.1,2025-12-08 00:18:49,22529.0,,18,49,10,1305.772705,2025-12-08 00:19:49
18,50,10,1204.0,2025-12-08 00:18:50,21522.0,,18,50,10,1306.251221,2025-12-08 00:19:50
18,51,10,1208.9,2025-12-08 00:18:51,20516.0,,18,51,10,1306.712891,2025-12-08 00:19:51
18,52,10,1207.6,2025-12-08 00:18:52,19488.0,,18,52,10,1307.158569,2025-12-08 00:19:52
18,53,10,1206.3,2025-12-08 00:18:53,18409.0,,18,53,10,1307.588867,2025-12-08 00:19:53
18,54,10,1206.5,2025-12-08 00:18:54,17407.0,,18,54,10,1308.00415,2025-12-08 00:19:54
18,55,10,1206.4,2025-12-08 00:18:55,16405.0,,18,55,10,1308.405029,2025-12-08 00:19:55
18,56,10,1206.1,2025-12-08 00:18:56,15403.0,,18,56,10,1308.79248,2025-12-08 00:19:56
18,57,10,1208.0,2025-12-08 00:18:57,14398.0,,18,57,10,1309.166138,2025-12-08 00:19:57
18,58,10,1204.7,2025-12-08 00:18:58,13394.0,,18,58,10,1309.527344,2025-12-08 00:19:58
18,59,10,1205.9,2025-12-08 00:18:59,12391.0,,18,59,10,1309.876221,2025-12-08 00:19:59
19,0,10,1203.9,2025-12-08 00:19:00,71357.0,,19,0,10,1264.009155,2025-12-08 00:20:00
19,1,10,1207.4,2025-12-08 00:19:01,70331.0,,19,1,10,1254.778809,2025-12-08 00:20:01
19,2,10,1208.9,2025-12-08 00:19:02,69320.0,,19,2,10,1245.220703,2025-12-08 00:20:02
19,3,10,1205.9,2025-12-08 00:19:03,68316.0,,19,3,10,1235.337036,2025-12-08 00:20:03
19,4,10,1207.9,2025-12-08 00:19:04,67313.0,,19,4,10,1225.26001,2025-12-08 00:20:04
19,5,10,1206.4,2025-12-08 00:19:05,66311.0,,19,5,10,1215.072021,2025-12-08 00:20:05
19,6,10,1207.3,2025-12-08 00:19:06,65307.0,,19,6,10,1204.822144,2025-12-08 00:20:06
19,7,10,1205.6,2025-12-08 00:19:07,64303.0,,19,7,10,1194.539917,2025-12-08 00:20:07
19,8,10,1209.4,2025-12-08 00:19:08,63300.0,,19,8,10,1184.244141,2025-12-08 00:20:08
19,9,10,1209.9,2025-12-08 00:19:09,62294.0,,19,9,10,1173.946899,2025-12-08 00:20:09
19,10,10,1212.1,2025-12-08 00:19:10,61290.0,,19,10,10,1163.657471,2025-12-08 00:20:10
19,11,10,1230.2,2025-12-08 00:19:11,60287.0,,19,11,10,1153.382812,2025-12-08 00:20:11
19,12,10,1280.9,2025-12-08 00:19:12,59286.0,,19,12,10,1143.129639,2025-12-08 00:20:12
19,13,10,1279.9,2025-12-08 00:19:13,58285.0,,19,13,10,1132.904053,2025-12-08 00:20:13
19,14,10,1283.5,2025-12-08 00:19:14,57281.0,,19,14,10,1122.711914,2025-12-08 00:20:14
19,15,10,1286.4,2025-12-08 00:19:15,56279.0,,19,15,10,1112.559692,2025-12-08 00:20:15
19,16,10,1280.8,2025-12-08 00:19:16,55278.0,,19,16,10,1102.453247,2025-12-08 00:20:16
19,17,10,1284.6,2025-12-08 00:19:17,54277.0,,19,17,10,1092.39917,2025-12-08 00:20:17
19,18,10,1284.0,2025-12-08 00:19:18,53270.0,,19,18,10,1082.403809,2025-12-08 00:20:18
19,19,10,1289.2,2025-12-08 00:19:19,52266.0,,19,19,10,1072.473511,2025-12-08 00:20:19
19,20,10,1289.5,2025-12-08 00:19:20,51263.0,,19,20,10,1062.614746,2025-12-08 00:20:20
19,21,10,1289.3,2025-12-08 00:19:21,50262.0,,19,21,10,1052.833618,2025-12-08 00:20:21
19,22,10,1282.7,2025-12-08 00:19:22,49261.0,,19,22,10,1043.136353,2025-12-08 00:20:22
19,23,10,1309.4,2025-12-08 00:19:23,48260.0,,19,23,10,1033.529297,2025-12-08 00:20:23
19,24,10,1289.1,2025-12-08 00:19:24,47255.0,,19,24,10,1024.018555,2025-12-08 00:20:24
19,25,10,1290.4,2025-12-08 00:19:25,46251.0,,19,25,10,1014.609436,2025-12-08 00:20:25
19,26,10,1288.3,2025-12-08 00:19:26,45250.0,,19,26,10,1005.308228,2025-12-08 00:20:26
19,27,10,1287.9,2025-12-08 00:19:27,44249.0,,19,27,10,996.120117,2025-12-08 00:20:27
19,28,10,1287.5,2025-12-08 00:19:28,43248.0,,19,28,10,987.050598,2025-12-08 00:20:28
19,29,10,1291.2,2025-12-08 00:19:29,42233.0,,19,29,10,978.104736,2025-12-08 00:20:29
19,30,10,1292.8,2025-12-08 00:19:30,41231.0,,19,30,10,969.28772,2025-12-08 00:20:30
19,31,10,1297.3,2025-12-08 00:19:31,40230.0,,19,31,10,960.604248,2025-12-08 00:20:31
19,32,10,1286.3,2025-12-08 00:19:32,39226.0,,19,32,10,952.059021,2025-12-08 00:20:32
19,33,10,1284.5,2025-12-08 00:19:33,38223.0,,19,33,10,943.656433,2025-12-08 00:20:33
19,34,10,1283.3,2025-12-08 00:19:34,37217.0,,19,34,10,935.400757,2025-12-08 00:20:34
19,35,10,1284.3,2025-12-08 00:19:35,36216.0,,19,35,10,927.295959,2025-12-08 00:20:35
19,36,10,1288.3,2025-12-08 00:19:36,35215.0,,19,36,10,919.346008,2025-12-08 00:20:36
19,37,10,1282.5,2025-12-08 00:19:37,34213.0,,19,37,10,911.55426,2025-12-08 00:20:37
19,38,10,1288.2,2025-12-08 00:19:38,33207.0,,19,38,10,903.924194,2025-12-08 00:20:38
19,39,10,1287.2,2025-12-08 00:19:39,32206.0,,19,39,10,896.458923,2025-12-08 00:20:39
19,40,10,1290.4,2025-12-08 00:19:40,31204.0,,19,40,10,889.161194,2025-12-08 00:20:40
19,41,10,1288.0,2025-12-08 00:19:41,30203.0,,19,41,10,882.033875,2025-12-08 00:20:41
19,42,10,1298.6,2025-12-08 00:19:42,29198.0,,19,42,10,875.079041,2025-12-08 00:20:42
19,43,10,1289.9,2025-12-08 00:19:43,28196.0,,19,43,10,868.299011,2025-12-08 00:20:43
19,44,10,1291.8,2025-12-08 00:19:44,27194.0,,19,44,10,861.695679,2025-12-08 00:20:44
19,45,10,1290.1,2025-12-08 00:19:45,26193.0,,19,45,10,855.270386,2025-12-08 00:20:45
19,46,10,1287.0,2025-12-08 00:19:46,25189.0,,19,46,10,849.024719,2025-12-08 00:20:46
19,47,10,1290.2,2025-12-08 00:19:47,24188.0,,19,47,10,842.959656,2025-12-08 00:20:47
19,48,10,1288.1,2025-12-08 00:19:48,23185.0,,19,48,10,837.075867,2025-12-08 00:20:48
19,49,10,1288.4,2025-12-08 00:19:49,22184.0,,19,49,10,831.373962,2025-12-08 00:20:49
19,50,10,1290.9,2025-12-08 00:19:50,21181.0,,19,50,10,825.854065,2025-12-08 00:20:50
19,51,10,1297.5,2025-12-08 00:19:51,20179.0,,19,51,10,820.516296,2025-12-08 00:20:51
19,52,10,1290.6,2025-12-08 00:19:52,19177.0,,19,52,10,815.360229,2025-12-08 00:20:52
19,53,10,1291.6,2025-12-08 00:19:53,18175.0,,19,53,10,810.385315,2025-12-08 00:20:53
19,54,10,1290.5,2025-12-08 00:19:54,17172.0,,19,54,10,805.590759,2025-12-08 00:20:54
19,55,10,1287.3,2025-12-08 00:19:55,16170.0,,19,55,10,800.975342,2025-12-08 00:20:55
19,56,10,1289.5,2025-12-08 00:19:56,15169.0,,19,56,10,796.537964,2025-12-08 00:20:56
19,57,10,1294.0,2025-12-08 00:19:57,14144.0,,19,57,10,792.276733,2025-12-08 00:20:57
19,58,10,1287.7,2025-12-08 00:19:58,13115.0,,19,58,10,788.190063,2025-12-08 00:20:58
19,59,10,1290.3,2025-12-08 00:19:59,12113.0,,19,59,10,784.275757,2025-12-08 00:20:59
20,0,10,1291.4,2025-12-08 00:20:00,180587.0,,20,0,10,1374.318359,2025-12-08 00:21:00
20,1,10,1289.0,2025-12-08 00:20:01,179586.0,,20,1,10,1365.227783,2025-12-08 00:21:01
20,2,10,1292.0,2025-12-08 00:20:02,178582.0,,20,2,10,1355.831787,2025-12-08 00:21:02
20,3,10,1292.5,2025-12-08 00:20:03,177581.0,,20,3,10,1346.079346,2025-12-08 00:21:03
20,4,10,1293.0,2025-12-08 00:20:04,176580.0,,20,4,10,1336.098755,2025-12-08 00:21:04
20,5,10,1289.9,2025-12-08 00:20:05,175579.0,,20,5,10,1325.97229,2025-12-08 00:21:05
20,6,10,1289.5,2025-12-08 00:20:06,174577.0,,20,6,10,1315.748779,2025-12-08 00:21:06
20,7,10,1291.8,2025-12-08 00:20:07,173572.0,,20,7,10,1305.456665,2025-12-08 00:21:07
20,8,10,1292.3,2025-12-08 00:20:08,172568.0,,20,8,10,1295.11377,2025-12-08 00:21:08
20,9,10,1294.0,2025-12-08 00:20:09,171566.0,,20,9,10,1284.731445,2025-12-08 00:21:09
20,10,10,1285.8,2025-12-08 00:20:10,170563.0,,20,10,10,1274.317017,2025-12-08 00:21:10
20,11,10,1291.5,2025-12-08 00:20:11,169562.0,,20,11,10,1263.876831,2025-12-08 00:21:11
20,12,10,1291.2,2025-12-08 00:20:12,168559.0,,20,12,10,1253.415649,2025-12-08 00:21:12
20,13,10,1304.7,2025-12-08 00:20:13,167551.0,,20,13,10,1242.938354,2025-12-08 00:21:13
20,14,10,1327.9,2025-12-08 00:20:14,166549.0,,20,14,10,1232.449707,2025-12-08 00:21:14
20,15,10,1388.7,2025-12-08 00:20:15,165547.0,,20,15,10,1221.954346,2025-12-08 00:21:15
20,16,10,1377.5,2025-12-08 00:20:16,164546.0,,20,16,10,1211.45752,2025-12-08 00:21:16
20,17,10,1394.6,2025-12-08 00:20:17,163540.0,,20,17,10,1200.964233,2025-12-08 00:21:17
20,18,10,1388.1,2025-12-08 00:20:18,162536.0,,20,18,10,1190.479858,2025-12-08 00:21:18
20,19,10,1393.0,2025-12-08 00:20:19,161533.0,,20,19,10,1180.009766,2025-12-08 00:21:19
20,20,10,1396.4,2025-12-08 00:20:20,160531.0,,20,20,10,1169.559692,2025-12-08 00:21:20
20,21,10,1393.0,2025-12-08 00:20:21,159527.0,,20,21,10,1159.13501,2025-12-08 00:21:21
20,22,10,1387.7,2025-12-08 00:20:22,158526.0,,20,22,10,1148.741577,2025-12-08 00:21:22
20,23,10,1390.3,2025-12-08 00:20:23,157524.0,,20,23,10,1138.384888,2025-12-08 00:21:23
20,24,10,1391.6,2025-12-08 00:20:24,156523.0,,20,24,10,1128.070557,2025-12-08 00:21:24
20,25,10,1389.1,2025-12-08 00:20:25,155522.0,,20,25,10,1117.804443,2025-12-08 00:21:25
20,26,10,1388.6,2025-12-08 00:20:26,154520.0,,20,26,10,1107.592163,2025-12-08 00:21:26
20,27,10,1388.7,2025-12-08 00:20:27,153517.0,,20,27,10,1097.439575,2025-12-08 00:21:27
20,28,10,1387.8,2025-12-08 00:20:28,152515.0,,20,28,10,1087.351807,2025-12-08 00:21:28
20,29,10,1391.6,2025-12-08 00:20:29,151508.0,,20,29,10,1077.334839,2025-12-08 00:21:29
20,30,10,1394.6,2025-12-08 00:20:30,150505.0,,20,30,10,1067.394165,2025-12-08 00:21:30
20,31,10,1391.5,2025-12-08 00:20:31,149504.0,,20,31,10,1057.535034,2025-12-08 00:21:31
20,32,10,1392.6,2025-12-08 00:20:32,148503.0,,20,32,10,1047.763428,2025-12-08 00:21:32
20,33,10,1393.1,2025-12-08 00:20:33,147500.0,,20,33,10,1038.084229,2025-12-08 00:21:33
20,34,10,1394.7,2025-12-08 00:20:34,146499.0,,20,34,10,1028.503052,2025-12-08 00:21:34
20,35,10,1398.4,2025-12-08 00:20:35,145498.0,,20,35,10,1019.025269,2025-12-08 00:21:35
20,36,10,1391.7,2025-12-08 00:20:36,144495.0,,20,36,10,1009.655823,2025-12-08 00:21:36
20,37,10,1393.7,2025-12-08 00:20:37,143493.0,,20,37,10,1000.400024,2025-12-08 00:21:37
20,38,10,1397.1,2025-12-08 00:20:38,142486.0,,20,38,10,991.262573,2025-12-08 00:21:38
20,39,10,1394.8,2025-12-08 00:20:39,141484.0,,20,39,10,982.248718,2025-12-08 00:21:39
20,40,10,1393.6,2025-12-08 00:20:40,140483.0,,20,40,10,973.362915,2025-12-08 00:21:40
20,41,10,1396.7,2025-12-08 00:20:41,139479.0,,20,41,10,964.610107,2025-12-08 00:21:41
20,42,10,1395.7,2025-12-08 00:20:42,138478.0,,20,42,10,955.994507,2025-12-08 00:21:42
20,43,10,1396.6,2025-12-08 00:20:43,137470.0,,20,43,10,947.52063,2025-12-08 00:21:43
20,44,10,1398.3,2025-12-08 00:20:44,136467.0,,20,44,10,939.192505,2025-12-08 00:21:44
20,45,10,1402.4,2025-12-08 00:20:45,135466.0,,20,45,10,931.01416,2025-12-08 00:21:45
20,46,10,1397.2,2025-12-08 00:20:46,134465.0,,20,46,10,922.98938,2025-12-08 00:21:46
20,47,10,1395.7,2025-12-08 00:20:47,133464.0,,20,47,10,915.121826,2025-12-08 00:21:47
20,48,10,1395.7,2025-12-08 00:20:48,132463.0,,20,48,10,907.414856,2025-12-08 00:21:48
20,49,10,1396.7,2025-12-08 00:20:49,131462.0,,20,49,10,899.871521,2025-12-08 00:21:49
20,50,10,1399.1,2025-12-08 00:20:50,130461.0,,20,50,10,892.494751,2025-12-08 00:21:50
20,51,10,1397.6,2025-12-08 00:20:51,129461.0,,20,51,10,885.287415,2025-12-08 00:21:51
20,52,10,1395.4,2025-12-08 00:20:52,128459.0,,20,52,10,878.25177,2025-12-08 00:21:52
20,53,10,1395.3,2025-12-08 00:20:53,127457.0,,20,53,10,871.390137,2025-12-08 00:21:53
20,54,10,1396.5,2025-12-08 00:20:54,126444.0,,20,54,10,864.704529,2025-12-08 00:21:54
20,55,10,1408.0,2025-12-08 00:20:55,125436.0,,20,55,10,858.196533,2025-12-08 00:21:55
20,56,10,1397.7,2025-12-08 00:20:56,124432.0,,20,56,10,851.867676,2025-12-08 00:21:56
20,57,10,1399.1,2025-12-08 00:20:57,123428.0,,20,57,10,845.718872,2025-12-08 00:21:57
20,58,10,1399.9,2025-12-08 00:20:58,122426.0,,20,58,10,839.751282,2025-12-08 00:21:58
20,59,10,1400.7,2025-12-08 00:20:59,121422.0,,20,59,10,833.965332,2025-12-08 00:21:59
21,0,10,1408.6,2025-12-08 00:22:00,85856.0,,21,0,10,1386.427002,2025-12-08 00:23:00
21,1,10,1405.2,2025-12-08 00:22:01,84798.0,,21,1,10,1377.473633,2025-12-08 00:23:01
21,2,10,1404.8,2025-12-08 00:22:02,83796.0,,21,2,10,1368.253052,2025-12-08 00:23:02
21,3,10,1403.4,2025-12-08 00:22:03,82718.0,,21,3,10,1358.620361,2025-12-08 00:23:03
21,4,10,1402.9,2025-12-08 00:22:04,81717.0,,21,4,10,1348.722412,2025-12-08 00:23:04
21,5,10,1405.1,2025-12-08 00:22:05,80708.0,,21,5,10,1338.655762,2025-12-08 00:23:05
21,6,10,1402.4,2025-12-08 00:22:06,79706.0,,21,6,10,1328.477295,2025-12-08 00:23:06
21,7,10,1404.7,2025-12-08 00:22:07,78701.0,,21,7,10,1318.220703,2025-12-08 00:23:07
21,8,10,1403.1,2025-12-08 00:22:08,77663.0,,21,8,10,1307.90625,2025-12-08 00:23:08
21,9,10,1399.8,2025-12-08 00:22:09,76659.0,,21,9,10,1297.546753,2025-12-08 00:23:09
21,10,10,1399.9,2025-12-08 00:22:10,75658.0,,21,10,10,1287.150635,2025-12-08 00:23:10
21,11,10,1401.8,2025-12-08 00:22:11,74655.0,,21,11,10,1276.724365,2025-12-08 00:23:11
21,12,10,1401.4,2025-12-08 00:22:12,73653.0,,21,12,10,1266.272583,2025-12-08 00:23:12
21,13,10,1405.6,2025-12-08 00:22:13,72651.0,,21,13,10,1255.800293,2025-12-08 00:23:13
21,14,10,1402.7,2025-12-08 00:22:14,71650.0,,21,14,10,1245.312256,2025-12-08 00:23:14
21,15,10,1397.0,2025-12-08 00:22:15,70645.0,,21,15,10,1234.812622,2025-12-08 00:23:15
21,16,10,1400.3,2025-12-08 00:22:16,69643.0,,21,16,10,1224.306519,2025-12-08 00:23:16
21,17,10,1404.1,2025-12-08 00:22:17,68641.0,,21,17,10,1213.798828,2025-12-08 00:23:17
21,18,10,1403.7,2025-12-08 00:22:18,67640.0,,21,18,10,1203.294678,2025-12-08 00:23:18
21,19,10,1408.4,2025-12-08 00:22:19,66640.0,,21,19,10,1192.799316,2025-12-08 00:23:19
21,20,10,1409.2,2025-12-08 00:22:20,65630.0,,21,20,10,1182.318115,2025-12-08 00:23:20
21,21,10,1400.9,2025-12-08 00:22:21,64626.0,,21,21,10,1171.856445,2025-12-08 00:23:21
21,22,10,1402.2,2025-12-08 00:22:22,63618.0,,21,22,10,1161.420166,2025-12-08 00:23:22
21,23,10,1402.4,2025-12-08 00:22:23,62616.0,,21,23,10,1151.014404,2025-12-08 00:23:23
21,24,10,1402.1,2025-12-08 00:22:24,61600.0,,21,24,10,1140.64502,2025-12-08 00:23:24
21,25,10,1402.2,2025-12-08 00:22:25,60598.0,,21,25,10,1130.317627,2025-12-08 00:23:25
21,26,10,1401.1,2025-12-08 00:22:26,59596.0,,21,26,10,1120.037598,2025-12-08 00:23:26
21,27,10,1401.6,2025-12-08 00:22:27,58593.0,,21,27,10,1109.810669,2025-12-08 00:23:27
21,28,10,1402.1,2025-12-08 00:22:28,57578.0,,21,28,10,1099.642578,2025-12-08 00:23:28
21,29,10,1401.9,2025-12-08 00:22:29,56568.0,,21,29,10,1089.538574,2025-12-08 00:23:29
21,30,10,1403.9,2025-12-08 00:22:30,55567.0,,21,30,10,1079.504395,2025-12-08 00:23:30
21,31,10,1398.7,2025-12-08 00:22:31,54564.0,,21,31,10,1069.545532,2025-12-08 00:23:31
21,32,10,1404.9,2025-12-08 00:22:32,53563.0,,21,32,10,1059.667358,2025-12-08 00:23:32
21,33,10,1401.8,2025-12-08 00:22:33,52562.0,,21,33,10,1049.875488,2025-12-08 00:23:33
21,34,10,1406.2,2025-12-08 00:22:34,51560.0,,21,34,10,1040.175293,2025-12-08 00:23:34
21,35,10,1407.3,2025-12-08 00:22:35,50559.0,,21,35,10,1030.572021,2025-12-08 00:23:35
21,36,10,1405.9,2025-12-08 00:22:36,49558.0,,21,36,10,1021.070862,2025-12-08 00:23:36
21,37,10,1408.0,2025-12-08 00:22:37,48555.0,,21,37,10,1011.677124,2025-12-08 00:23:37
21,38,10,1409.8,2025-12-08 00:22:38,47549.0,,21,38,10,1002.395874,2025-12-08 00:23:38
21,39,10,1404.9,2025-12-08 00:22:39,46547.0,,21,39,10,993.232239,2025-12-08 00:23:39
21,40,10,1405.3,2025-12-08 00:22:40,45546.0,,21,40,10,984.19104,2025-12-08 00:23:40
21,41,10,1407.3,2025-12-08 00:22:41,44543.0,,21,41,10,975.277039,2025-12-08 00:23:41
21,42,10,1400.5,2025-12-08 00:22:42,43542.0,,21,42,10,966.494812,2025-12-08 00:23:42
21,43,10,1403.1,2025-12-08 00:22:43,42539.0,,21,43,10,957.848999,2025-12-08 00:23:43
21,44,10,1402.7,2025-12-08 00:22:44,41534.0,,21,44,10,949.343933,2025-12-08 00:23:44
21,45,10,1414.3,2025-12-08 00:22:45,40533.0,,21,45,10,940.983826,2025-12-08 00:23:45
21,46,10,1412.9,2025-12-08 00:22:46,39530.0,,21,46,10,932.772644,2025-12-08 00:23:46
21,47,10,1408.1,2025-12-08 00:22:47,38527.0,,21,47,10,924.714233,2025-12-08 00:23:47
21,48,10,1404.8,2025-12-08 00:22:48,37526.0,,21,48,10,916.812256,2025-12-08 00:23:48
21,49,10,1419.5,2025-12-08 00:22:49,36522.0,,21,49,10,909.070129,2025-12-08 00:23:49
21,50,10,1406.4,2025-12-08 00:22:50,35520.0,,21,50,10,901.490967,2025-12-08 00:23:50
21,51,10,1406.4,2025-12-08 00:22:51,34519.0,,21,51,10,894.077942,2025-12-08 00:23:51
21,52,10,1407.0,2025-12-08 00:22:52,33517.0,,21,52,10,886.833679,2025-12-08 00:23:52
21,53,10,1407.8,2025-12-08 00:22:53,32516.0,,21,53,10,879.760559,2025-12-08 00:23:53
21,54,10,1405.2,2025-12-08 00:22:54,31512.0,,21,54,10,872.861145,2025-12-08 00:23:54
21,55,10,1408.9,2025-12-08 00:22:55,30505.0,,21,55,10,866.137207,2025-12-08 00:23:55
21,56,10,1406.2,2025-12-08 00:22:56,29504.0,,21,56,10,859.590637,2025-12-08 00:23:56
21,57,10,1408.5,2025-12-08 00:22:57,28500.0,,21,57,10,853.222717,2025-12-08 00:23:57
21,58,10,1407.1,2025-12-08 00:22:58,27499.0,,21,58,10,847.034851,2025-12-08 00:23:58
21,59,10,1420.8,2025-12-08 00:22:59,26497.0,,21,59,10,841.027954,2025-12-08 00:23:59
22,0,10,1408.0,2025-12-08 00:23:00,69646.0,,22,0,10,1400.018433,2025-12-08 00:24:00
22,1,10,1410.8,2025-12-08 00:23:01,68645.0,,22,1,10,1390.971558,2025-12-08 00:24:01
22,2,10,1415.1,2025-12-08 00:23:02,67642.0,,22,2,10,1381.643066,2025-12-08 00:24:02
22,3,10,1412.9,2025-12-08 00:23:03,66640.0,,22,3,10,1371.960327,2025-12-08 00:24:03
22,4,10,1414.8,2025-12-08 00:23:04,65638.0,,22,4,10,1362.047485,2025-12-08 00:24:04
22,5,10,1410.9,2025-12-08 00:23:05,64631.0,,22,5,10,1351.984863,2025-12-08 00:24:05
22,6,10,1410.2,2025-12-08 00:23:06,63630.0,,22,6,10,1341.81958,2025-12-08 00:24:06
22,7,10,1411.5,2025-12-08 00:23:07,62629.0,,22,7,10,1331.580078,2025-12-08 00:24:07
22,8,10,1408.1,2025-12-08 00:23:08,61628.0,,22,8,10,1321.283447,2025-12-08 00:24:08
22,9,10,1409.8,2025-12-08 00:23:09,60624.0,,22,9,10,1310.940063,2025-12-08 00:24:09
22,10,10,1412.0,2025-12-08 00:23:10,59621.0,,22,10,10,1300.557617,2025-12-08 00:24:10
22,11,10,1410.9,2025-12-08 00:23:11,58619.0,,22,11,10,1290.141602,2025-12-08 00:24:11
22,12,10,1431.3,2025-12-08 00:23:12,57618.0,,22,12,10,1279.696655,2025-12-08 00:24:12
22,13,10,1408.3,2025-12-08 00:23:13,56613.0,,22,13,10,1269.227417,2025-12-08 00:24:13
22,14,10,1410.6,2025-12-08 00:23:14,55607.0,,22,14,10,1258.737915,2025-12-08 00:24:14
22,15,10,1412.3,2025-12-08 00:23:15,54606.0,,22,15,10,1248.232788,2025-12-08 00:24:15
22,16,10,1409.5,2025-12-08 00:23:16,53605.0,,22,16,10,1237.716553,2025-12-08 00:24:16
22,17,10,1413.7,2025-12-08 00:23:17,52603.0,,22,17,10,1227.194214,2025-12-08 00:24:17
22,18,10,1409.6,2025-12-08 00:23:18,51601.0,,22,18,10,1216.670532,2025-12-08 00:24:18
22,19,10,1418.0,2025-12-08 00:23:19,50600.0,,22,19,10,1206.150757,2025-12-08 00:24:19
22,20,10,1418.5,2025-12-08 00:23:20,49597.0,,22,20,10,1195.639893,2025-12-08 00:24:20
22,21,10,1418.1,2025-12-08 00:23:21,48594.0,,22,21,10,1185.143311,2025-12-08 00:24:21
22,22,10,1409.1,2025-12-08 00:23:22,47591.0,,22,22,10,1174.666382,2025-12-08 00:24:22
22,23,10,1414.0,2025-12-08 00:23:23,46589.0,,22,23,10,1164.2146,2025-12-08 00:24:23
22,24,10,1411.4,2025-12-08 00:23:24,45588.0,,22,24,10,1153.793213,2025-12-08 00:24:24
22,25,10,1411.9,2025-12-08 00:23:25,44582.0,,22,25,10,1143.407593,2025-12-08 00:24:25
22,26,10,1412.8,2025-12-08 00:23:26,43579.0,,22,26,10,1133.063354,2025-12-08 00:24:26
22,27,10,1417.2,2025-12-08 00:23:27,42575.0,,22,27,10,1122.766113,2025-12-08 00:24:27
22,28,10,1417.6,2025-12-08 00:23:28,41574.0,,22,28,10,1112.52124,2025-12-08 00:24:28
22,29,10,1419.2,2025-12-08 00:23:29,40573.0,,22,29,10,1102.333984,2025-12-08 00:24:29
22,30,10,1428.3,2025-12-08 00:23:30,39569.0,,22,30,10,1092.210083,2025-12-08 00:24:30
22,31,10,1414.3,2025-12-08 00:23:31,38569.0,,22,31,10,1082.155029,2025-12-08 00:24:31
22,32,10,1419.8,2025-12-08 00:23:32,37567.0,,22,32,10,1072.174194,2025-12-08 00:24:32
22,33,10,1421.0,2025-12-08 00:23:33,36565.0,,22,33,10,1062.272949,2025-12-08 00:24:33
22,34,10,1419.5,2025-12-08 00:23:34,35560.0,,22,34,10,1052.456665,2025-12-08 00:24:34
22,35,10,1419.9,2025-12-08 00:23:35,34558.0,,22,35,10,1042.730835,2025-12-08 00:24:35
22,36,10,1418.9,2025-12-08 00:23:36,33556.0,,22,36,10,1033.100708,2025-12-08 00:24:36
22,37,10,1420.1,2025-12-08 00:23:37,32549.0,,22,37,10,1023.571472,2025-12-08 00:24:37
22,38,10,1422.2,2025-12-08 00:23:38,31546.0,,22,38,10,1014.148438,2025-12-08 00:24:38
22,39,10,1424.9,2025-12-08 00:23:39,30542.0,,22,39,10,1004.836609,2025-12-08 00:24:39
22,40,10,1421.5,2025-12-08 00:23:40,29540.0,,22,40,10,995.641174,2025-12-08 00:24:40
22,41,10,1424.2,2025-12-08 00:23:41,28538.0,,22,41,10,986.566772,2025-12-08 00:24:41
22,42,10,1421.0,2025-12-08 00:23:42,27536.0,,22,42,10,977.61853,2025-12-08 00:24:42
22,43,10,1422.9,2025-12-08 00:23:43,26530.0,,22,43,10,968.800903,2025-12-08 00:24:43
22,44,10,1435.5,2025-12-08 00:23:44,25529.0,,22,44,10,960.11853,2025-12-08 00:24:44
22,45,10,1420.8,2025-12-08 00:23:45,24528.0,,22,45,10,951.575684,2025-12-08 00:24:45
22,46,10,1421.3,2025-12-08 00:23:46,23527.0,,22,46,10,943.176819,2025-12-08 00:24:46
22,47,10,1425.6,2025-12-08 00:23:47,22526.0,,22,47,10,934.925903,2025-12-08 00:24:47
22,48,10,1422.0,2025-12-08 00:23:48,21525.0,,22,48,10,926.826782,2025-12-08 00:24:48
22,49,10,1423.2,2025-12-08 00:23:49,20520.0,,22,49,10,918.882996,2025-12-08 00:24:49
22,50,10,1426.7,2025-12-08 00:23:50,19520.0,,22,50,10,911.098206,2025-12-08 00:24:50
22,51,10,1425.3,2025-12-08 00:23:51,18519.0,,22,51,10,903.475891,2025-12-08 00:24:51
22,52,10,1423.3,2025-12-08 00:23:52,17518.0,,22,52,10,896.018494,2025-12-08 00:24:52
22,53,10,1424.1,2025-12-08 00:23:53,16517.0,,22,53,10,888.72937,2025-12-08 00:24:53
22,54,10,1427.4,2025-12-08 00:23:54,15516.0,,22,54,10,881.610962,2025-12-08 00:24:54
22,55,10,1423.1,2025-12-08 00:23:55,14515.0,,22,55,10,874.665405,2025-12-08 00:24:55
22,56,10,1426.8,2025-12-08 00:23:56,13512.0,,22,56,10,867.89502,2025-12-08 00:24:56
22,57,10,1425.8,2025-12-08 00:23:57,12511.0,,22,57,10,861.30127,2025-12-08 00:24:57
22,58,10,1423.9,2025-12-08 00:23:58,11510.0,,22,58,10,854.886108,2025-12-08 00:24:58
22,59,10,1426.7,2025-12-08 00:23:59,10509.0,,22,59,10,848.650574,2025-12-08 00:24:59
23,0,10,1435.9,2025-12-08 00:24:00,69505.0,,23,0,10,727.417175,2025-12-08 00:25:00
23,1,10,1425.0,2025-12-08 00:24:01,68504.0,,23,1,10,705.546692,2025-12-08 00:25:01
23,2,10,1428.7,2025-12-08 00:24:02,67501.0,,23,2,10,691.391846,2025-12-08 00:25:02
23,3,10,1429.1,2025-12-08 00:24:03,66497.0,,23,3,10,681.372742,2025-12-08 00:25:03
23,4,10,1432.2,2025-12-08 00:24:04,65493.0,,23,4,10,673.92865,2025-12-08 00:25:04
23,5,10,1432.4,2025-12-08 00:24:05,64491.0,,23,5,10,668.146545,2025-12-08 00:25:05
23,6,10,1430.8,2025-12-08 00:24:06,63490.0,,23,6,10,663.507812,2025-12-08 00:25:06
23,7,10,1423.7,2025-12-08 00:24:07,62488.0,,23,7,10,659.723572,2025-12-08 00:25:07
23,8,10,1427.3,2025-12-08 00:24:08,61487.0,,23,8,10,656.635254,2025-12-08 00:25:08
23,9,10,1433.2,2025-12-08 00:24:09,60485.0,,23,9,10,654.156067,2025-12-08 00:25:09
23,10,10,1428.0,2025-12-08 00:24:10,59483.0,,23,10,10,652.236389,2025-12-08 00:25:10
23,11,10,1427.9,2025-12-08 00:24:11,58479.0,,23,11,10,650.844482,2025-12-08 00:25:11
23,12,10,1427.1,2025-12-08 00:24:12,57473.0,,23,12,10,649.95575,2025-12-08 00:25:12
23,13,10,1431.2,2025-12-08 00:24:13,56471.0,,23,13,10,649.546875,2025-12-08 00:25:13
23,14,10,1430.0,2025-12-08 00:24:14,55470.0,,23,14,10,649.593384,2025-12-08 00:25:14
23,15,10,1438.4,2025-12-08 00:24:15,54469.0,,23,15,10,650.068604,2025-12-08 00:25:15
23,16,10,1431.3,2025-12-08 00:24:16,53468.0,,23,16,10,650.94342,2025-12-08 00:25:16
23,17,10,1434.0,2025-12-08 00:24:17,52465.0,,23,17,10,652.186829,2025-12-08 00:25:17
23,18,10,1437.0,2025-12-08 00:24:18,51457.0,,23,18,10,653.766052,2025-12-08 00:25:18
23,19,10,1437.6,2025-12-08 00:24:19,50453.0,,23,19,10,655.647583,2025-12-08 00:25:19
23,20,10,1439.0,2025-12-08 00:24:20,49448.0,,23,20,10,657.797363,2025-12-08 00:25:20
23,21,10,1434.6,2025-12-08 00:24:21,48445.0,,23,21,10,660.181458,2025-12-08 00:25:21
23,22,10,1433.7,2025-12-08 00:24:22,47442.0,,23,22,10,662.766541,2025-12-08 00:25:22
23,23,10,1438.7,2025-12-08 00:24:23,46441.0,,23,23,10,665.52002,2025-12-08 00:25:23
23,24,10,1433.4,2025-12-08 00:24:24,45439.0,,23,24,10,668.410461,2025-12-08 00:25:24
23,25,10,1434.9,2025-12-08 00:24:25,44436.0,,23,25,10,671.40802,2025-12-08 00:25:25
23,26,10,1436.3,2025-12-08 00:24:26,43431.0,,23,26,10,674.484131,2025-12-08 00:25:26
23,27,10,1434.7,2025-12-08 00:24:27,42422.0,,23,27,10,677.612305,2025-12-08 00:25:27
23,28,10,1436.5,2025-12-08 00:24:28,41418.0,,23,28,10,680.767639,2025-12-08 00:25:28
23,29,10,1440.1,2025-12-08 00:24:29,40417.0,,23,29,10,683.927307,2025-12-08 00:25:29
23,30,10,1433.5,2025-12-08 00:24:30,39415.0,,23,30,10,687.070312,2025-12-08 00:25:30
23,31,10,1435.7,2025-12-08 00:24:31,38414.0,,23,31,10,690.177612,2025-12-08 00:25:31
23,32,10,1440.9,2025-12-08 00:24:32,37413.0,,23,32,10,693.2323,2025-12-08 00:25:32
23,33,10,1437.4,2025-12-08 00:24:33,36412.0,,23,33,10,696.219421,2025-12-08 00:25:33
23,34,10,1440.3,2025-12-08 00:24:34,35410.0,,23,34,10,699.125671,2025-12-08 00:25:34
23,35,10,1442.9,2025-12-08 00:24:35,34401.0,,23,35,10,701.939758,2025-12-08 00:25:35
23,36,10,1441.8,2025-12-08 00:24:36,33342.0,,23,36,10,704.652283,2025-12-08 00:25:36
23,37,10,1445.8,2025-12-08 00:24:37,32224.0,,23,37,10,707.25531,2025-12-08 00:25:37
23,38,10,1443.2,2025-12-08 00:24:38,31166.0,,23,38,10,709.742554,2025-12-08 00:25:38
23,39,10,1442.8,2025-12-08 00:24:39,30130.0,,23,39,10,712.109314,2025-12-08 00:25:39
23,40,10,1441.7,2025-12-08 00:24:40,28746.0,,23,40,10,714.352234,2025-12-08 00:25:40
23,41,10,1445.5,2025-12-08 00:24:41,27720.0,,23,41,10,716.469055,2025-12-08 00:25:41
23,42,10,1444.0,2025-12-08 00:24:42,26717.0,,23,42,10,718.458984,2025-12-08 00:25:42
23,43,10,1443.4,2025-12-08 00:24:43,25711.0,,23,43,10,720.32196,2025-12-08 00:25:43
23,44,10,1445.3,2025-12-08 00:24:44,24694.0,,23,44,10,722.05896,2025-12-08 00:25:44
23,45,10,1445.6,2025-12-08 00:24:45,23622.0,,23,45,10,723.671936,2025-12-08 00:25:45
23,46,10,1450.5,2025-12-08 00:24:46,22621.0,,23,46,10,725.163269,2025-12-08 00:25:46
23,47,10,1448.9,2025-12-08 00:24:47,21615.0,,23,47,10,726.536133,2025-12-08 00:25:47
23,48,10,1446.1,2025-12-08 00:24:48,20459.0,,23,48,10,727.794128,2025-12-08 00:25:48
23,49,10,1448.3,2025-12-08 00:24:49,19189.0,,23,49,10,728.941406,2025-12-08 00:25:49
23,50,10,1449.1,2025-12-08 00:24:50,17350.0,,23,50,10,729.982239,2025-12-08 00:25:50
23,51,10,1448.8,2025-12-08 00:24:51,15950.0,,23,51,10,730.921387,2025-12-08 00:25:51
23,52,10,1275.7,2025-12-08 00:24:52,14924.0,,23,52,10,731.763611,2025-12-08 00:25:52
23,53,10,1279.9,2025-12-08 00:24:53,13905.0,,23,53,10,732.51416,2025-12-08 00:25:53
23,54,10,1288.1,2025-12-08 00:24:54,12903.0,,23,54,10,733.177917,2025-12-08 00:25:54
23,55,10,1297.6,2025-12-08 00:24:55,11893.0,,23,55,10,733.760071,2025-12-08 00:25:55
23,56,10,1258.4,2025-12-08 00:24:56,10887.0,,23,56,10,734.265503,2025-12-08 00:25:56
23,57,10,549.8,2025-12-08 00:24:57,9883.0,,23,57,10,734.69928,2025-12-08 00:25:57
23,58,10,548.6,2025-12-08 00:24:58,8873.0,,23,58,10,735.068481,2025-12-08 00:25:58
23,59,10,555.3,2025-12-08 00:24:59,7836.0,,23,59,10,735.376587,2025-12-08 00:25:59
24,0,10,805.0,2025-12-08 00:25:00,67007.0,,24,0,10,621.333191,2025-12-08 00:26:00
24,1,10,567.9,2025-12-08 00:25:01,66004.0,,24,1,10,632.294678,2025-12-08 00:26:01
24,2,10,558.3,2025-12-08 00:25:02,65000.0,,24,2,10,643.428833,2025-12-08 00:26:02
24,3,10,558.5,2025-12-08 00:25:03,63990.0,,24,3,10,654.410278,2025-12-08 00:26:03
24,4,10,556.6,2025-12-08 00:25:04,62981.0,,24,4,10,665.044739,2025-12-08 00:26:04
24,5,10,555.7,2025-12-08 00:25:05,61976.0,,24,5,10,675.212158,2025-12-08 00:26:05
24,6,10,558.5,2025-12-08 00:25:06,60971.0,,24,6,10,684.838806,2025-12-08 00:26:06
24,7,10,559.3,2025-12-08 00:25:07,59964.0,,24,7,10,693.880432,2025-12-08 00:26:07
24,8,10,559.5,2025-12-08 00:25:08,58963.0,,24,8,10,702.312195,2025-12-08 00:26:08
24,9,10,559.5,2025-12-08 00:25:09,57961.0,,24,9,10,710.122742,2025-12-08 00:26:09
24,10,10,559.0,2025-12-08 00:25:10,56960.0,,24,10,10,717.310547,2025-12-08 00:26:10
24,11,10,560.9,2025-12-08 00:25:11,55952.0,,24,11,10,723.881531,2025-12-08 00:26:11
24,12,10,557.0,2025-12-08 00:25:12,54950.0,,24,12,10,729.847656,2025-12-08 00:26:12
24,13,10,558.8,2025-12-08 00:25:13,53923.0,,24,13,10,735.225769,2025-12-08 00:26:13
24,14,10,561.8,2025-12-08 00:25:14,52917.0,,24,14,10,740.036621,2025-12-08 00:26:14
24,15,10,558.9,2025-12-08 00:25:15,51916.0,,24,15,10,744.304138,2025-12-08 00:26:15
24,16,10,561.5,2025-12-08 00:25:16,50901.0,,24,16,10,748.054688,2025-12-08 00:26:16
24,17,10,558.4,2025-12-08 00:25:17,49891.0,,24,17,10,751.316345,2025-12-08 00:26:17
24,18,10,558.0,2025-12-08 00:25:18,48889.0,,24,18,10,754.118469,2025-12-08 00:26:18
24,19,10,563.8,2025-12-08 00:25:19,47886.0,,24,19,10,756.49115,2025-12-08 00:26:19
24,20,10,563.4,2025-12-08 00:25:20,46884.0,,24,20,10,758.464478,2025-12-08 00:26:20
24,21,10,558.0,2025-12-08 00:25:21,45882.0,,24,21,10,760.068726,2025-12-08 00:26:21
24,22,10,560.2,2025-12-08 00:25:22,44878.0,,24,22,10,761.333374,2025-12-08 00:26:22
24,23,10,561.6,2025-12-08 00:25:23,43871.0,,24,23,10,762.287354,2025-12-08 00:26:23
24,24,10,558.3,2025-12-08 00:25:24,42863.0,,24,24,10,762.958679,2025-12-08 00:26:24
24,25,10,558.6,2025-12-08 00:25:25,41861.0,,24,25,10,763.374207,2025-12-08 00:26:25
24,26,10,563.1,2025-12-08 00:25:26,40859.0,,24,26,10,763.559387,2025-12-08 00:26:26
24,27,10,548.2,2025-12-08 00:25:27,39856.0,,24,27,10,763.538696,2025-12-08 00:26:27
24,28,10,547.3,2025-12-08 00:25:28,38855.0,,24,28,10,763.3349,2025-12-08 00:26:28
24,29,10,445.2,2025-12-08 00:25:29,37853.0,,24,29,10,762.969604,2025-12-08 00:26:29
24,30,10,438.6,2025-12-08 00:25:30,36851.0,,24,30,10,762.463074,2025-12-08 00:26:30
24,31,10,566.1,2025-12-08 00:25:31,35843.0,,24,31,10,761.834045,2025-12-08 00:26:31
24,32,10,463.1,2025-12-08 00:25:32,34835.0,,24,32,10,761.099426,2025-12-08 00:26:32
24,33,10,457.4,2025-12-08 00:25:33,33830.0,,24,33,10,760.275818,2025-12-08 00:26:33
24,34,10,458.1,2025-12-08 00:25:34,32829.0,,24,34,10,759.377747,2025-12-08 00:26:34
24,35,10,455.6,2025-12-08 00:25:35,31825.0,,24,35,10,758.418579,2025-12-08 00:26:35
24,36,10,455.5,2025-12-08 00:25:36,30820.0,,24,36,10,757.410706,2025-12-08 00:26:36
24,37,10,453.5,2025-12-08 00:25:37,29810.0,,24,37,10,756.365356,2025-12-08 00:26:37
24,38,10,453.5,2025-12-08 00:25:38,28803.0,,24,38,10,755.292603,2025-12-08 00:26:38
24,39,10,452.4,2025-12-08 00:25:39,27801.0,,24,39,10,754.201599,2025-12-08 00:26:39
24,40,10,454.2,2025-12-08 00:25:40,26800.0,,24,40,10,753.100586,2025-12-08 00:26:40
24,41,10,461.7,2025-12-08 00:25:41,25796.0,,24,41,10,751.996765,2025-12-08 00:26:41
24,42,10,457.8,2025-12-08 00:25:42,24795.0,,24,42,10,750.896667,2025-12-08 00:26:42
24,43,10,458.6,2025-12-08 00:25:43,23794.0,,24,43,10,749.806152,2025-12-08 00:26:43
24,44,10,463.8,2025-12-08 00:25:44,22793.0,,24,44,10,748.730225,2025-12-08 00:26:44
24,45,10,459.3,2025-12-08 00:25:45,21791.0,,24,45,10,747.673279,2025-12-08 00:26:45
24,46,10,461.0,2025-12-08 00:25:46,20784.0,,24,46,10,746.639221,2025-12-08 00:26:46
24,47,10,483.7,2025-12-08 00:25:47,19782.0,,24,47,10,745.631165,2025-12-08 00:26:47
24,48,10,531.1,2025-12-08 00:25:48,18781.0,,24,48,10,744.651978,2025-12-08 00:26:48
24,49,10,571.7,2025-12-08 00:25:49,17779.0,,24,49,10,743.703735,2025-12-08 00:26:49
24,50,10,580.7,2025-12-08 00:25:50,16775.0,,24,50,10,742.788391,2025-12-08 00:26:50
24,51,10,579.6,2025-12-08 00:25:51,15772.0,,24,51,10,741.907532,2025-12-08 00:26:51
24,52,10,580.8,2025-12-08 00:25:52,14771.0,,24,52,10,741.062317,2025-12-08 00:26:52
24,53,10,579.8,2025-12-08 00:25:53,13769.0,,24,53,10,740.253601,2025-12-08 00:26:53
24,54,10,582.2,2025-12-08 00:25:54,12768.0,,24,54,10,739.482117,2025-12-08 00:26:54
24,55,10,583.3,2025-12-08 00:25:55,11766.0,,24,55,10,738.747864,2025-12-08 00:26:55
24,56,10,581.1,2025-12-08 00:25:56,10761.0,,24,56,10,738.051147,2025-12-08 00:26:56
24,57,10,581.8,2025-12-08 00:25:57,9759.0,,24,57,10,737.391724,2025-12-08 00:26:57
24,58,10,587.6,2025-12-08 00:25:58,8758.0,,24,58,10,736.769287,2025-12-08 00:26:58
24,59,10,585.7,2025-12-08 00:25:59,7757.0,,24,59,10,736.183289,2025-12-08 00:26:59
25,0,10,585.7,2025-12-08 00:26:00,66627.0,,25,0,10,610.878113,2025-12-08 00:27:00
25,1,10,586.1,2025-12-08 00:26:01,65625.0,,25,1,10,617.767578,2025-12-08 00:27:01
25,2,10,586.8,2025-12-08 00:26:02,64616.0,,25,2,10,625.050293,2025-12-08 00:27:02
25,3,10,586.3,2025-12-08 00:26:03,63615.0,,25,3,10,632.480957,2025-12-08 00:27:03
25,4,10,587.9,2025-12-08 00:26:04,62610.0,,25,4,10,639.921997,2025-12-08 00:27:04
25,5,10,586.6,2025-12-08 00:26:05,61600.0,,25,5,10,647.283081,2025-12-08 00:27:05
25,6,10,585.2,2025-12-08 00:26:06,60593.0,,25,6,10,654.502747,2025-12-08 00:27:06
25,7,10,586.8,2025-12-08 00:26:07,59592.0,,25,7,10,661.536621,2025-12-08 00:27:07
25,8,10,587.5,2025-12-08 00:26:08,58586.0,,25,8,10,668.350891,2025-12-08 00:27:08
25,9,10,585.7,2025-12-08 00:26:09,57585.0,,25,9,10,674.91925,2025-12-08 00:27:09
25,10,10,587.7,2025-12-08 00:26:10,56585.0,,25,10,10,681.21991,2025-12-08 00:27:10
25,11,10,585.4,2025-12-08 00:26:11,55582.0,,25,11,10,687.235474,2025-12-08 00:27:11
25,12,10,586.1,2025-12-08 00:26:12,54580.0,,25,12,10,692.951965,2025-12-08 00:27:12
25,13,10,588.6,2025-12-08 00:26:13,53578.0,,25,13,10,698.358521,2025-12-08 00:27:13
25,14,10,589.3,2025-12-08 00:26:14,52576.0,,25,14,10,703.447449,2025-12-08 00:27:14
25,15,10,586.7,2025-12-08 00:26:15,51575.0,,25,15,10,708.214111,2025-12-08 00:27:15
25,16,10,592.7,2025-12-08 00:26:16,50572.0,,25,16,10,712.656677,2025-12-08 00:27:16
25,17,10,586.2,2025-12-08 00:26:17,49571.0,,25,17,10,716.77594,2025-12-08 00:27:17
25,18,10,584.3,2025-12-08 00:26:18,48569.0,,25,18,10,720.575256,2025-12-08 00:27:18
25,19,10,590.4,2025-12-08 00:26:19,47567.0,,25,19,10,724.060242,2025-12-08 00:27:19
25,20,10,597.3,2025-12-08 00:26:20,46566.0,,25,20,10,727.238403,2025-12-08 00:27:20
25,21,10,596.8,2025-12-08 00:26:21,45565.0,,25,21,10,730.119141,2025-12-08 00:27:21
25,22,10,587.5,2025-12-08 00:26:22,44563.0,,25,22,10,732.713318,2025-12-08 00:27:22
25,23,10,599.5,2025-12-08 00:26:23,43562.0,,25,23,10,735.032898,2025-12-08 00:27:23
25,24,10,583.9,2025-12-08 00:26:24,42561.0,,25,24,10,737.09082,2025-12-08 00:27:24
25,25,10,587.3,2025-12-08 00:26:25,41554.0,,25,25,10,738.900757,2025-12-08 00:27:25
25,26,10,593.3,2025-12-08 00:26:26,40552.0,,25,26,10,740.476868,2025-12-08 00:27:26
25,27,10,590.4,2025-12-08 00:26:27,39550.0,,25,27,10,741.833496,2025-12-08 00:27:27
25,28,10,590.7,2025-12-08 00:26:28,38549.0,,25,28,10,742.985229,2025-12-08 00:27:28
25,29,10,591.5,2025-12-08 00:26:29,37548.0,,25,29,10,743.946472,2025-12-08 00:27:29
25,30,10,587.3,2025-12-08 00:26:30,36545.0,,25,30,10,744.731567,2025-12-08 00:27:30
25,31,10,587.9,2025-12-08 00:26:31,35544.0,,25,31,10,745.354431,2025-12-08 00:27:31
25,32,10,586.1,2025-12-08 00:26:32,34543.0,,25,32,10,745.828613,2025-12-08 00:27:32
25,33,10,588.0,2025-12-08 00:26:33,33542.0,,25,33,10,746.167297,2025-12-08 00:27:33
25,34,10,588.1,2025-12-08 00:26:34,32541.0,,25,34,10,746.382996,2025-12-08 00:27:34
25,35,10,588.9,2025-12-08 00:26:35,31540.0,,25,35,10,746.487793,2025-12-08 00:27:35
25,36,10,587.0,2025-12-08 00:26:36,30539.0,,25,36,10,746.493042,2025-12-08 00:27:36
25,37,10,587.7,2025-12-08 00:26:37,29538.0,,25,37,10,746.409668,2025-12-08 00:27:37
25,38,10,590.5,2025-12-08 00:26:38,28537.0,,25,38,10,746.247681,2025-12-08 00:27:38
25,39,10,586.7,2025-12-08 00:26:39,27536.0,,25,39,10,746.016724,2025-12-08 00:27:39
25,40,10,586.4,2025-12-08 00:26:40,26529.0,,25,40,10,745.725708,2025-12-08 00:27:40
25,41,10,586.6,2025-12-08 00:26:41,25527.0,,25,41,10,745.382874,2025-12-08 00:27:41
25,42,10,586.8,2025-12-08 00:26:42,24525.0,,25,42,10,744.995911,2025-12-08 00:27:42
25,43,10,590.7,2025-12-08 00:26:43,23522.0,,25,43,10,744.571899,2025-12-08 00:27:43
25,44,10,592.0,2025-12-08 00:26:44,22513.0,,25,44,10,744.117432,2025-12-08 00:27:44
25,45,10,589.5,2025-12-08 00:26:45,21512.0,,25,45,10,743.638489,2025-12-08 00:27:45
25,46,10,587.8,2025-12-08 00:26:46,20510.0,,25,46,10,743.140564,2025-12-08 00:27:46
25,47,10,589.7,2025-12-08 00:26:47,19506.0,,25,47,10,742.62854,2025-12-08 00:27:47
25,48,10,587.2,2025-12-08 00:26:48,18503.0,,25,48,10,742.106934,2025-12-08 00:27:48
25,49,10,596.3,2025-12-08 00:26:49,17500.0,,25,49,10,741.580017,2025-12-08 00:27:49
25,50,10,588.7,2025-12-08 00:26:50,16498.0,,25,50,10,741.051086,2025-12-08 00:27:50
25,51,10,587.9,2025-12-08 00:26:51,15494.0,,25,51,10,740.523621,2025-12-08 00:27:51
25,52,10,588.2,2025-12-08 00:26:52,14493.0,,25,52,10,740.000549,2025-12-08 00:27:52
25,53,10,587.6,2025-12-08 00:26:53,13491.0,,25,53,10,739.484314,2025-12-08 00:27:53
25,54,10,589.4,2025-12-08 00:26:54,12445.0,,25,54,10,738.977112,2025-12-08 00:27:54
25,55,10,597.9,2025-12-08 00:26:55,11442.0,,25,55,10,738.481018,2025-12-08 00:27:55
25,56,10,590.1,2025-12-08 00:26:56,10440.0,,25,56,10,737.997498,2025-12-08 00:27:56
25,57,10,589.6,2025-12-08 00:26:57,9428.0,,25,57,10,737.528076,2025-12-08 00:27:57
25,58,10,588.8,2025-12-08 00:26:58,8425.0,,25,58,10,737.073914,2025-12-08 00:27:58
25,59,10,587.0,2025-12-08 00:26:59,7423.0,,25,59,10,736.635986,2025-12-08 00:27:59
26,0,10,599.5,2025-12-08 00:27:00,67856.0,,26,0,10,609.227234,2025-12-08 00:28:00
26,1,10,594.9,2025-12-08 00:27:01,66854.0,,26,1,10,616.225891,2025-12-08 00:28:01
26,2,10,591.8,2025-12-08 00:27:02,65853.0,,26,2,10,623.582642,2025-12-08 00:28:02
26,3,10,592.7,2025-12-08 00:27:03,64852.0,,26,3,10,631.073853,2025-12-08 00:28:03
26,4,10,602.1,2025-12-08 00:27:04,63851.0,,26,4,10,638.57135,2025-12-08 00:28:04
26,5,10,590.4,2025-12-08 00:27:05,62848.0,,26,5,10,645.989868,2025-12-08 00:28:05
26,6,10,588.8,2025-12-08 00:27:06,61846.0,,26,6,10,653.270386,2025-12-08 00:28:06
26,7,10,593.8,2025-12-08 00:27:07,60845.0,,26,7,10,660.369202,2025-12-08 00:28:07
26,8,10,588.0,2025-12-08 00:27:08,59841.0,,26,8,10,667.252625,2025-12-08 00:28:08
26,9,10,585.6,2025-12-08 00:27:09,58840.0,,26,9,10,673.893494,2025-12-08 00:28:09
26,10,10,588.5,2025-12-08 00:27:10,57834.0,,26,10,10,680.269409,2025-12-08 00:28:10
26,11,10,586.4,2025-12-08 00:27:11,56829.0,,26,11,10,686.361877,2025-12-08 00:28:11
26,12,10,586.0,2025-12-08 00:27:12,55825.0,,26,12,10,692.156006,2025-12-08 00:28:12
26,13,10,586.6,2025-12-08 00:27:13,54824.0,,26,13,10,697.640015,2025-12-08 00:28:13
26,14,10,590.4,2025-12-08 00:27:14,53823.0,,26,14,10,702.80542,2025-12-08 00:28:14
26,15,10,586.9,2025-12-08 00:27:15,52821.0,,26,15,10,707.64679,2025-12-08 00:28:15
26,16,10,585.6,2025-12-08 00:27:16,51820.0,,26,16,10,712.161621,2025-12-08 00:28:16
26,17,10,591.0,2025-12-08 00:27:17,50819.0,,26,17,10,716.350281,2025-12-08 00:28:17
26,18,10,589.5,2025-12-08 00:27:18,49818.0,,26,18,10,720.215698,2025-12-08 00:28:18
26,19,10,595.3,2025-12-08 00:27:19,48814.0,,26,19,10,723.763123,2025-12-08 00:28:19
26,20,10,593.5,2025-12-08 00:27:20,47813.0,,26,20,10,726.999878,2025-12-08 00:28:20
26,21,10,588.5,2025-12-08 00:27:21,46812.0,,26,21,10,729.935181,2025-12-08 00:28:21
26,22,10,587.2,2025-12-08 00:27:22,45810.0,,26,22,10,732.579895,2025-12-08 00:28:22
26,23,10,589.6,2025-12-08 00:27:23,44808.0,,26,23,10,734.945801,2025-12-08 00:28:23
26,24,10,589.5,2025-12-08 00:27:24,43807.0,,26,24,10,737.046082,2025-12-08 00:28:24
26,25,10,588.2,2025-12-08 00:27:25,42806.0,,26,25,10,738.894348,2025-12-08 00:28:25
26,26,10,589.5,2025-12-08 00:27:26,41803.0,,26,26,10,740.504944,2025-12-08 00:28:26
26,27,10,591.2,2025-12-08 00:27:27,40801.0,,26,27,10,741.892334,2025-12-08 00:28:27
26,28,10,593.0,2025-12-08 00:27:28,39800.0,,26,28,10,743.071289,2025-12-08 00:28:28
26,29,10,595.4,2025-12-08 00:27:29,38766.0,,26,29,10,744.056396,2025-12-08 00:28:29
26,30,10,594.3,2025-12-08 00:27:30,37721.0,,26,30,10,744.862122,2025-12-08 00:28:30
26,31,10,595.8,2025-12-08 00:27:31,36719.0,,26,31,10,745.502625,2025-12-08 00:28:31
26,32,10,595.6,2025-12-08 00:27:32,35718.0,,26,32,10,745.99176,2025-12-08 00:28:32
26,33,10,595.6,2025-12-08 00:27:33,34716.0,,26,33,10,746.342712,2025-12-08 00:28:33
26,34,10,593.6,2025-12-08 00:27:34,33712.0,,26,34,10,746.56842,2025-12-08 00:28:34
26,35,10,593.7,2025-12-08 00:27:35,32704.0,,26,35,10,746.68103,2025-12-08 00:28:35
26,36,10,591.3,2025-12-08 00:27:36,31698.0,,26,36,10,746.692139,2025-12-08 00:28:36
26,37,10,592.7,2025-12-08 00:27:37,30697.0,,26,37,10,746.612732,2025-12-08 00:28:37
26,38,10,594.4,2025-12-08 00:27:38,29696.0,,26,38,10,746.453125,2025-12-08 00:28:38
26,39,10,591.9,2025-12-08 00:27:39,28693.0,,26,39,10,746.223083,2025-12-08 00:28:39
26,40,10,593.0,2025-12-08 00:27:40,27692.0,,26,40,10,745.931702,2025-12-08 00:28:40
26,41,10,593.0,2025-12-08 00:27:41,26688.0,,26,41,10,745.587341,2025-12-08 00:28:41
26,42,10,598.4,2025-12-08 00:27:42,25684.0,,26,42,10,745.197815,2025-12-08 00:28:42
26,43,10,590.1,2025-12-08 00:27:43,24683.0,,26,43,10,744.770386,2025-12-08 00:28:43
26,44,10,589.9,2025-12-08 00:27:44,23681.0,,26,44,10,744.311768,2025-12-08 00:28:44
26,45,10,585.0,2025-12-08 00:27:45,22679.0,,26,45,10,743.828003,2025-12-08 00:28:45
26,46,10,585.3,2025-12-08 00:27:46,21675.0,,26,46,10,743.324646,2025-12-08 00:28:46
26,47,10,589.0,2025-12-08 00:27:47,20674.0,,26,47,10,742.806763,2025-12-08 00:28:47
26,48,10,589.4,2025-12-08 00:27:48,19671.0,,26,48,10,742.278992,2025-12-08 00:28:48
26,49,10,590.3,2025-12-08 00:27:49,18668.0,,26,49,10,741.745422,2025-12-08 00:28:49
26,50,10,593.7,2025-12-08 00:27:50,17638.0,,26,50,10,741.209778,2025-12-08 00:28:50
26,51,10,586.7,2025-12-08 00:27:51,16504.0,,26,51,10,740.675476,2025-12-08 00:28:51
26,52,10,588.6,2025-12-08 00:27:52,15399.0,,26,52,10,740.145264,2025-12-08 00:28:52
26,53,10,586.6,2025-12-08 00:27:53,14349.0,,26,53,10,739.621887,2025-12-08 00:28:53
26,54,10,586.7,2025-12-08 00:27:54,13295.0,,26,54,10,739.107666,2025-12-08 00:28:54
26,55,10,589.7,2025-12-08 00:27:55,12294.0,,26,55,10,738.604431,2025-12-08 00:28:55
26,56,10,586.9,2025-12-08 00:27:56,11243.0,,26,56,10,738.113953,2025-12-08 00:28:56
26,57,10,585.7,2025-12-08 00:27:57,10236.0,,26,57,10,737.637634,2025-12-08 00:28:57
26,58,10,587.6,2025-12-08 00:27:58,9208.0,,26,58,10,737.176697,2025-12-08 00:28:58
26,59,10,588.3,2025-12-08 00:27:59,8087.0,,26,59,10,736.732178,2025-12-08 00:28:59
27,0,10,603.2,2025-12-08 00:28:00,75248.0,,27,0,10,609.855408,2025-12-08 00:29:00
27,1,10,587.9,2025-12-08 00:28:01,74246.0,,27,1,10,616.976013,2025-12-08 00:29:01
27,2,10,588.0,2025-12-08 00:28:02,73081.0,,27,2,10,624.448853,2025-12-08 00:29:02
27,3,10,588.2,2025-12-08 00:28:03,72066.0,,27,3,10,632.046509,2025-12-08 00:29:03
27,4,10,588.5,2025-12-08 00:28:04,71064.0,,27,4,10,639.63855,2025-12-08 00:29:04
27,5,10,602.6,2025-12-08 00:28:05,70061.0,,27,5,10,647.138733,2025-12-08 00:29:05
27,6,10,589.9,2025-12-08 00:28:06,69060.0,,27,6,10,654.487488,2025-12-08 00:29:06
27,7,10,589.5,2025-12-08 00:28:07,67985.0,,27,7,10,661.641235,2025-12-08 00:29:07
27,8,10,590.7,2025-12-08 00:28:08,66909.0,,27,8,10,668.56665,2025-12-08 00:29:08
27,9,10,586.9,2025-12-08 00:28:09,65891.0,,27,9,10,675.236877,2025-12-08 00:29:09
27,10,10,590.5,2025-12-08 00:28:10,64852.0,,27,10,10,681.630493,2025-12-08 00:29:10
27,11,10,591.5,2025-12-08 00:28:11,63800.0,,27,11,10,687.729614,2025-12-08 00:29:11
27,12,10,588.9,2025-12-08 00:28:12,62793.0,,27,12,10,693.520264,2025-12-08 00:29:12
27,13,10,588.4,2025-12-08 00:28:13,61784.0,,27,13,10,698.991577,2025-12-08 00:29:13
27,14,10,588.9,2025-12-08 00:28:14,60779.0,,27,14,10,704.136047,2025-12-08 00:29:14
27,15,10,586.4,2025-12-08 00:28:15,59769.0,,27,15,10,708.94928,2025-12-08 00:29:15
27,16,10,589.1,2025-12-08 00:28:16,58768.0,,27,16,10,713.429749,2025-12-08 00:29:16
27,17,10,586.9,2025-12-08 00:28:17,57767.0,,27,17,10,717.578613,2025-12-08 00:29:17
27,18,10,586.9,2025-12-08 00:28:18,56765.0,,27,18,10,721.39978,2025-12-08 00:29:18
27,19,10,593.8,2025-12-08 00:28:19,55762.0,,27,19,10,724.899414,2025-12-08 00:29:19
27,20,10,592.0,2025-12-08 00:28:20,54756.0,,27,20,10,728.085632,2025-12-08 00:29:20
27,21,10,586.9,2025-12-08 00:28:21,53744.0,,27,21,10,730.968323,2025-12-08 00:29:21
27,22,10,587.5,2025-12-08 00:28:22,52724.0,,27,22,10,733.559021,2025-12-08 00:29:22
27,23,10,590.6,2025-12-08 00:28:23,51720.0,,27,23,10,735.870239,2025-12-08 00:29:23
27,24,10,587.5,2025-12-08 00:28:24,50719.0,,27,24,10,737.915527,2025-12-08 00:29:24
27,25,10,587.0,2025-12-08 00:28:25,49718.0,,27,25,10,739.708984,2025-12-08 00:29:25
27,26,10,585.3,2025-12-08 00:28:26,48717.0,,27,26,10,741.265503,2025-12-08 00:29:26
27,27,10,586.8,2025-12-08 00:28:27,47615.0,,27,27,10,742.599854,2025-12-08 00:29:27
27,28,10,588.9,2025-12-08 00:28:28,46614.0,,27,28,10,743.72699,2025-12-08 00:29:28
27,29,10,599.0,2025-12-08 00:28:29,45606.0,,27,29,10,744.661804,2025-12-08 00:29:29
27,30,10,584.8,2025-12-08 00:28:30,44594.0,,27,30,10,745.418945,2025-12-08 00:29:30
27,31,10,586.8,2025-12-08 00:28:31,43593.0,,27,31,10,746.012817,2025-12-08 00:29:31
27,32,10,586.7,2025-12-08 00:28:32,42590.0,,27,32,10,746.457275,2025-12-08 00:29:32
27,33,10,582.3,2025-12-08 00:28:33,41585.0,,27,33,10,746.765747,2025-12-08 00:29:33
27,34,10,586.5,2025-12-08 00:28:34,40580.0,,27,34,10,746.950989,2025-12-08 00:29:34
27,35,10,587.2,2025-12-08 00:28:35,39573.0,,27,35,10,747.02533,2025-12-08 00:29:35
27,36,10,585.1,2025-12-08 00:28:36,38571.0,,27,36,10,747.000366,2025-12-08 00:29:36
27,37,10,586.5,2025-12-08 00:28:37,37568.0,,27,37,10,746.887024,2025-12-08 00:29:37
27,38,10,587.6,2025-12-08 00:28:38,36561.0,,27,38,10,746.69574,2025-12-08 00:29:38
27,39,10,585.9,2025-12-08 00:28:39,35555.0,,27,39,10,746.436035,2025-12-08 00:29:39
27,40,10,590.7,2025-12-08 00:28:40,34547.0,,27,40,10,746.117004,2025-12-08 00:29:40
27,41,10,586.0,2025-12-08 00:28:41,33547.0,,27,41,10,745.747009,2025-12-08 00:29:41
27,42,10,586.5,2025-12-08 00:28:42,32544.0,,27,42,10,745.33374,2025-12-08 00:29:42
27,43,10,589.6,2025-12-08 00:28:43,31542.0,,27,43,10,744.884521,2025-12-08 00:29:43
27,44,10,588.0,2025-12-08 00:28:44,30539.0,,27,44,10,744.405762,2025-12-08 00:29:44
27,45,10,587.6,2025-12-08 00:28:45,29533.0,,27,45,10,743.903564,2025-12-08 00:29:45
27,46,10,586.1,2025-12-08 00:28:46,28530.0,,27,46,10,743.383362,2025-12-08 00:29:46
27,47,10,591.0,2025-12-08 00:28:47,27525.0,,27,47,10,742.85022,2025-12-08 00:29:47
27,48,10,584.0,2025-12-08 00:28:48,26522.0,,27,48,10,742.308594,2025-12-08 00:29:48
27,49,10,587.2,2025-12-08 00:28:49,25520.0,,27,49,10,741.762573,2025-12-08 00:29:49
27,50,10,584.8,2025-12-08 00:28:50,24515.0,,27,50,10,741.215698,2025-12-08 00:29:50
27,51,10,583.9,2025-12-08 00:28:51,23508.0,,27,51,10,740.671387,2025-12-08 00:29:51
27,52,10,588.5,2025-12-08 00:28:52,22501.0,,27,52,10,740.132446,2025-12-08 00:29:52
27,53,10,586.1,2025-12-08 00:28:53,21500.0,,27,53,10,739.601257,2025-12-08 00:29:53
27,54,10,589.8,2025-12-08 00:28:54,20496.0,,27,54,10,739.0802,2025-12-08 00:29:54
27,55,10,587.7,2025-12-08 00:28:55,19484.0,,27,55,10,738.570984,2025-12-08 00:29:55
27,56,10,587.7,2025-12-08 00:28:56,18473.0,,27,56,10,738.075439,2025-12-08 00:29:56
27,57,10,587.2,2025-12-08 00:28:57,17472.0,,27,57,10,737.594849,2025-12-08 00:29:57
27,58,10,587.2,2025-12-08 00:28:58,16471.0,,27,58,10,737.130371,2025-12-08 00:29:58
27,59,10,588.2,2025-12-08 00:28:59,15470.0,,27,59,10,736.682861,2025-12-08 00:29:59
